; generated by PrusaSlicer 2.9.6 on 2026-08-31 at 18:31:07 UTC

; 

; external perimeters extrusion width = 0.42mm
; perimeters extrusion width = 0.44mm
; infill extrusion width = 0.44mm
; solid infill extrusion width = 0.44mm
; top infill extrusion width = 0.40mm
; first layer extrusion width = 0.42mm

M201 X500 Y500 Z100 E5000 ; sets maximum accelerations, mm/sec^2
M203 X500 Y500 Z10 E60 ; sets maximum feedrates, mm / sec
M204 S500 T1000 ; sets acceleration (S) and retract acceleration (R), mm/sec^2
M205 X8.00 Y8.00 Z0.40 E5.00 ; sets the jerk limits, mm/sec
M205 S0 T0 ; sets the minimum extruding and travel feed rate, mm/sec

; printing object Wanne_kabelkette-Abdeckung.stl id:0 copy 0
; stop printing object Wanne_kabelkette-Abdeckung.stl id:0 copy 0

;TYPE:Custom
G90 ; use absolute coordinates
M83 ; extruder relative mode
M104 S150 ; set temporary nozzle temp to prevent oozing during homing
M140 S60 ; set final bed temp
G4 S30 ; allow partial nozzle warmup
G28 ; home all axis
G1 Z50 F240
G1 X2.0 Y10 F3000
M104 S220 ; set final nozzle temp
M190 S60 ; wait for bed temp to stabilize
M109 S220 ; wait for nozzle temp to stabilize
G1 Z0.28 F240
G92 E0
G1 X2.0 Y140 E10 F1500 ; prime the nozzle
G1 X2.3 Y140 F5000
G92 E0
G1 X2.3 Y10 E10 F1200 ; prime the nozzle
G92 E0
G21 ; set units to millimeters
G90 ; use absolute coordinates
M83 ; use relative distances for extrusion
; Filament gcode
M107
;LAYER_CHANGE
;Z:0.2
;HEIGHT:0.2
G1 E-5 F3600
G1 Z.2 F9000
G1 X14.807 Y13.886
G1 E5 F2400
M204 S500
;TYPE:Skirt/Brim
;WIDTH:0.42
G1 F1200
G1 X15.608 Y13.031 E.03673
G1 X17.319 Y12.533 E.05587
G1 X72.319 Y12.533 E1.72449
G1 X73.854 Y12.927 E.04969
G1 X75.01 Y14.011 E.04969
G1 X75.508 Y15.722 E.05587
G1 X75.508 Y185.722 E5.33023
G1 X75.114 Y187.257 E.04969
G1 X74.03 Y188.413 E.04969
G1 X72.319 Y188.91 E.05586
G1 X17.319 Y188.91 E1.72449
G1 X15.784 Y188.517 E.04968
G1 X14.629 Y187.433 E.04967
G1 X14.131 Y185.722 E.05587
G1 X14.131 Y15.722 E5.33023
G1 X14.525 Y14.187 E.04969
G1 X14.766 Y13.93 E.01105
G1 E-3.5 F3600
;WIPE_START
G1 F7200
G1 X14.807 Y13.886 E-.02857
G1 X15.608 Y13.031 E-.55651
G1 X17.319 Y12.533 E-.84645
G1 X17.463 Y12.533 E-.06847
;WIPE_END
; printing object Wanne_kabelkette-Abdeckung.stl id:0 copy 0
G1 X65.995 Y98.427 F9000
G1 E5 F2400
;TYPE:Perimeter
;WIDTH:0.419999
G1 F1200
G1 X66.311 Y98.259 E.01122
G1 X66.819 Y98.108 E.01662
G1 X67.347 Y98.061 E.01662
G1 X67.874 Y98.119 E.01662
G1 X68.378 Y98.28 E.01659
G1 X68.841 Y98.539 E.01663
G1 X69.244 Y98.883 E.01661
G1 X69.558 Y99.28 E.01587
G1 X69.756 Y99.653 E.01324
G1 X69.92 Y100.157 E.01662
G1 X69.98 Y100.683 E.0166
G1 X69.935 Y101.211 E.01662
G1 X69.786 Y101.72 E.01663
G1 X69.54 Y102.189 E.01661
G1 X69.205 Y102.6 E.01663
G1 X68.796 Y102.936 E.0166
G1 X68.328 Y103.185 E.01662
G1 X67.82 Y103.336 E.01662
G1 X67.292 Y103.383 E.01662
G1 X66.765 Y103.325 E.01662
G1 X66.26 Y103.163 E.01663
G1 X65.798 Y102.905 E.01659
G1 X65.395 Y102.56 E.01663
G1 X65.069 Y102.143 E.0166
G1 X64.832 Y101.668 E.01664
G1 X64.694 Y101.157 E.0166
G1 X64.66 Y100.628 E.01662
G1 X64.731 Y100.103 E.01661
G1 X64.905 Y99.602 E.01663
G1 X65.161 Y99.163 E.01593
G1 X65.439 Y98.838 E.01341
G1 X65.843 Y98.508 E.01636
G1 X65.942 Y98.455 E.00352
G1 X66.182 Y98.752 F9000
G1 F1200
G1 X66.431 Y98.616 E.0089
G1 X66.866 Y98.482 E.01427
G1 X67.319 Y98.437 E.01427
G1 X67.772 Y98.482 E.01427
G1 X68.206 Y98.616 E.01424
G1 X68.606 Y98.833 E.01427
G1 X68.955 Y99.126 E.01429
G1 X69.231 Y99.469 E.0138
G1 X69.402 Y99.782 E.01118
G1 X69.547 Y100.213 E.01426
G1 X69.604 Y100.664 E.01425
G1 X69.57 Y101.118 E.01427
G1 X69.447 Y101.556 E.01426
G1 X69.239 Y101.961 E.01428
G1 X68.956 Y102.317 E.01426
G1 X68.607 Y102.61 E.01429
G1 X68.208 Y102.827 E.01424
G1 X67.773 Y102.962 E.01428
G1 X67.32 Y103.007 E.01427
G1 X66.867 Y102.962 E.01427
G1 X66.432 Y102.828 E.01427
G1 X66.033 Y102.61 E.01426
G1 X65.684 Y102.318 E.01427
G1 X65.4 Y101.962 E.01428
G1 X65.192 Y101.557 E.01428
G1 X65.069 Y101.119 E.01426
G1 X65.035 Y100.666 E.01424
G1 X65.091 Y100.214 E.01428
G1 X65.236 Y99.783 E.01426
G1 X65.455 Y99.399 E.01386
G1 X65.688 Y99.121 E.01137
G1 X66.032 Y98.834 E.01405
G1 X66.129 Y98.781 E.00347
G1 X66.287 Y99.123 F9000
;TYPE:External perimeter
G1 F1200
G1 X66.551 Y98.974 E.0095
G1 X66.913 Y98.856 E.01194
G1 X67.291 Y98.813 E.01193
G1 X67.669 Y98.845 E.01189
G1 X68.034 Y98.951 E.01192
G1 X68.371 Y99.128 E.01194
G1 X68.666 Y99.368 E.01192
G1 X68.905 Y99.658 E.01178
G1 X69.048 Y99.911 E.00911
G1 X69.174 Y100.269 E.0119
G1 X69.227 Y100.645 E.01191
G1 X69.204 Y101.025 E.01194
G1 X69.107 Y101.392 E.0119
G1 X68.939 Y101.733 E.01192
G1 X68.706 Y102.034 E.01193
G1 X68.419 Y102.283 E.01191
G1 X68.087 Y102.47 E.01195
G1 X67.726 Y102.587 E.0119
G1 X67.348 Y102.631 E.01193
G1 X66.969 Y102.599 E.01193
G1 X66.604 Y102.492 E.01193
G1 X66.268 Y102.315 E.01191
G1 X65.973 Y102.075 E.01192
G1 X65.731 Y101.782 E.01192
G1 X65.553 Y101.446 E.01192
G1 X65.444 Y101.082 E.01191
G1 X65.41 Y100.703 E.01193
G1 X65.452 Y100.325 E.01192
G1 X65.567 Y99.963 E.01191
G1 X65.75 Y99.634 E.0118
G1 X65.938 Y99.404 E.00931
G1 X66.22 Y99.161 E.01167
G1 X66.235 Y99.153 E.00053
G1 E-3.5 F3600
;WIPE_START
G1 F7200
G1 X66.287 Y99.123 E-.02852
G1 X66.551 Y98.974 E-.14399
G1 X66.913 Y98.856 E-.18085
G1 X67.291 Y98.813 E-.18071
G1 X67.669 Y98.845 E-.18019
G1 X68.034 Y98.951 E-.18054
G1 X68.371 Y99.128 E-.18081
G1 X68.666 Y99.368 E-.18064
G1 X68.905 Y99.658 E-.1785
G1 X68.972 Y99.777 E-.06525
;WIPE_END
G1 X24.97 Y100.589 F9000
G1 E5 F2400
;TYPE:Perimeter
G1 F1200
G1 X24.98 Y100.683 E.00296
G1 X24.935 Y101.211 E.01662
G1 X24.786 Y101.72 E.01663
G1 X24.54 Y102.189 E.01661
G1 X24.205 Y102.6 E.01663
G1 X23.796 Y102.936 E.0166
G1 X23.328 Y103.185 E.01662
G1 X22.82 Y103.336 E.01662
G1 X22.292 Y103.383 E.01662
G1 X21.765 Y103.325 E.01662
G1 X21.26 Y103.163 E.01663
G1 X20.798 Y102.905 E.01659
G1 X20.395 Y102.56 E.01663
G1 X20.069 Y102.143 E.0166
G1 X19.832 Y101.668 E.01664
G1 X19.694 Y101.157 E.0166
G1 X19.66 Y100.816 E.01074
G1 X19.694 Y100.287 E.01662
G1 X19.832 Y99.775 E.01663
G1 X20.069 Y99.301 E.01662
G1 X20.439 Y98.838 E.01858
G1 X20.843 Y98.508 E.01636
G1 X21.311 Y98.259 E.01662
G1 X21.819 Y98.108 E.01662
G1 X22.347 Y98.061 E.01662
G1 X22.874 Y98.119 E.01662
G1 X23.378 Y98.28 E.01659
G1 X23.841 Y98.539 E.01663
G1 X24.244 Y98.883 E.01661
G1 X24.558 Y99.28 E.01587
G1 X24.756 Y99.653 E.01324
G1 X24.92 Y100.157 E.01662
G1 X24.963 Y100.53 E.01177
G1 X24.597 Y100.608 F9000
G1 F1200
G1 X24.604 Y100.664 E.00177
G1 X24.57 Y101.118 E.01427
G1 X24.447 Y101.556 E.01426
G1 X24.239 Y101.961 E.01428
G1 X23.956 Y102.317 E.01426
G1 X23.607 Y102.61 E.01429
G1 X23.208 Y102.827 E.01424
G1 X22.773 Y102.962 E.01428
G1 X22.32 Y103.007 E.01427
G1 X21.867 Y102.962 E.01427
G1 X21.432 Y102.828 E.01427
G1 X21.033 Y102.61 E.01426
G1 X20.684 Y102.318 E.01427
G1 X20.4 Y101.962 E.01428
G1 X20.192 Y101.557 E.01428
G1 X20.069 Y101.119 E.01426
G1 X20.035 Y100.778 E.01074
G1 X20.091 Y100.214 E.01777
G1 X20.236 Y99.783 E.01426
G1 X20.455 Y99.399 E.01386
G1 X20.688 Y99.121 E.01137
G1 X21.032 Y98.834 E.01405
G1 X21.431 Y98.616 E.01426
G1 X21.866 Y98.482 E.01427
G1 X22.319 Y98.437 E.01427
G1 X22.772 Y98.482 E.01427
G1 X23.206 Y98.616 E.01424
G1 X23.606 Y98.833 E.01427
G1 X23.955 Y99.126 E.01429
G1 X24.231 Y99.469 E.0138
G1 X24.402 Y99.782 E.01118
G1 X24.547 Y100.213 E.01426
G1 X24.589 Y100.549 E.01062
G1 X24.211 Y100.533 F9000
;TYPE:External perimeter
G1 F1200
G1 X24.227 Y100.645 E.00355
G1 X24.204 Y101.025 E.01194
G1 X24.107 Y101.392 E.0119
G1 X23.939 Y101.733 E.01192
G1 X23.706 Y102.034 E.01193
G1 X23.419 Y102.283 E.01191
G1 X23.087 Y102.47 E.01195
G1 X22.726 Y102.587 E.0119
G1 X22.348 Y102.631 E.01193
G1 X21.969 Y102.599 E.01193
G1 X21.604 Y102.492 E.01193
G1 X21.268 Y102.315 E.01191
G1 X20.973 Y102.075 E.01192
G1 X20.731 Y101.782 E.01192
G1 X20.553 Y101.446 E.01192
G1 X20.444 Y101.082 E.01191
G1 X20.41 Y100.741 E.01074
G1 X20.452 Y100.325 E.01311
G1 X20.567 Y99.963 E.01191
G1 X20.75 Y99.634 E.0118
G1 X20.938 Y99.404 E.00931
G1 X21.22 Y99.161 E.01167
G1 X21.551 Y98.974 E.01192
G1 X21.913 Y98.856 E.01194
G1 X22.291 Y98.813 E.01193
G1 X22.669 Y98.845 E.01189
G1 X23.034 Y98.951 E.01192
G1 X23.371 Y99.128 E.01194
G1 X23.666 Y99.368 E.01192
G1 X23.905 Y99.658 E.01178
G1 X24.048 Y99.911 E.00911
G1 X24.174 Y100.269 E.0119
G1 X24.203 Y100.473 E.00646
G1 E-3.5 F3600
;WIPE_START
G1 F7200
G1 X24.211 Y100.533 E-.02875
G1 X24.227 Y100.645 E-.05374
G1 X24.204 Y101.025 E-.18083
G1 X24.107 Y101.392 E-.18031
G1 X23.939 Y101.733 E-.18057
G1 X23.706 Y102.034 E-.18081
G1 X23.419 Y102.283 E-.18048
G1 X23.087 Y102.47 E-.18099
G1 X22.726 Y102.587 E-.18026
G1 X22.406 Y102.624 E-.15326
;WIPE_END
G1 X22.386 Y173.065 F9000
G1 E5 F2400
;TYPE:Perimeter
G1 F1200
G1 X22.743 Y173.095 E.01123
G1 X23.077 Y173.171 E.01074
G1 X23.568 Y173.372 E.01663
G1 X24.009 Y173.666 E.01662
G1 X24.383 Y174.041 E.01661
G1 X24.675 Y174.483 E.01661
G1 X24.874 Y174.975 E.01664
G1 X24.971 Y175.496 E.01662
G1 X24.963 Y176.025 E.01659
G1 X24.851 Y176.543 E.01662
G1 X24.638 Y177.029 E.01664
G1 X24.333 Y177.462 E.01661
G1 X23.948 Y177.827 E.01663
G1 X23.499 Y178.108 E.01661
G1 X23.003 Y178.294 E.01661
G1 X22.48 Y178.378 E.01661
G1 X21.95 Y178.357 E.01663
G1 X21.435 Y178.232 E.01662
G1 X20.955 Y178.007 E.01662
G1 X20.53 Y177.691 E.01661
G1 X20.175 Y177.298 E.01661
G1 X19.905 Y176.841 E.01664
G1 X19.731 Y176.341 E.0166
G1 X19.66 Y175.824 E.01636
G1 X19.704 Y175.232 E.01861
G1 X19.852 Y174.724 E.01659
G1 X20.099 Y174.255 E.01662
G1 X20.434 Y173.844 E.01663
G1 X20.843 Y173.508 E.0166
G1 X21.311 Y173.259 E.01662
G1 X21.819 Y173.108 E.01662
G1 X22.323 Y173.059 E.01588
G1 X22.326 Y173.06 E.0001
G1 X22.376 Y173.441 F9000
G1 F1200
G1 X22.66 Y173.462 E.00893
G1 X22.994 Y173.538 E.01074
G1 X23.51 Y173.772 E.01776
G1 X23.873 Y174.046 E.01426
G1 X24.174 Y174.387 E.01426
G1 X24.402 Y174.781 E.01427
G1 X24.547 Y175.213 E.01429
G1 X24.604 Y175.664 E.01425
G1 X24.57 Y176.118 E.01427
G1 X24.447 Y176.556 E.01426
G1 X24.239 Y176.961 E.01428
G1 X23.956 Y177.317 E.01426
G1 X23.607 Y177.61 E.01429
G1 X23.208 Y177.827 E.01424
G1 X22.773 Y177.962 E.01428
G1 X22.32 Y178.007 E.01427
G1 X21.867 Y177.962 E.01427
G1 X21.432 Y177.828 E.01427
G1 X21.033 Y177.61 E.01426
G1 X20.684 Y177.318 E.01427
G1 X20.4 Y176.962 E.01428
G1 X20.192 Y176.557 E.01428
G1 X20.069 Y176.12 E.01423
G1 X20.034 Y175.688 E.01359
G1 X20.069 Y175.325 E.01143
G1 X20.192 Y174.888 E.01423
G1 X20.399 Y174.483 E.01426
G1 X20.683 Y174.127 E.01428
G1 X21.032 Y173.834 E.01429
G1 X21.431 Y173.616 E.01426
G1 X21.866 Y173.482 E.01427
G1 X22.304 Y173.436 E.01381
G1 X22.316 Y173.437 E.00038
G1 X22.272 Y173.814 F9000
;TYPE:External perimeter
G1 F1200
G1 X22.286 Y173.813 E.00044
G1 X22.576 Y173.83 E.00911
G1 X22.91 Y173.906 E.01074
G1 X23.29 Y174.078 E.01308
G1 X23.597 Y174.303 E.01193
G1 X23.853 Y174.584 E.01192
G1 X24.048 Y174.91 E.01191
G1 X24.174 Y175.269 E.01193
G1 X24.227 Y175.645 E.01191
G1 X24.204 Y176.025 E.01194
G1 X24.107 Y176.392 E.0119
G1 X23.939 Y176.733 E.01192
G1 X23.706 Y177.034 E.01193
G1 X23.419 Y177.283 E.01191
G1 X23.087 Y177.47 E.01195
G1 X22.726 Y177.587 E.0119
G1 X22.348 Y177.631 E.01193
G1 X21.969 Y177.599 E.01193
G1 X21.604 Y177.492 E.01193
G1 X21.268 Y177.315 E.01191
G1 X20.973 Y177.075 E.01192
G1 X20.731 Y176.782 E.01192
G1 X20.553 Y176.446 E.01192
G1 X20.444 Y176.082 E.01191
G1 X20.41 Y175.715 E.01156
G1 X20.434 Y175.419 E.00931
G1 X20.532 Y175.051 E.01194
G1 X20.7 Y174.71 E.01192
G1 X20.933 Y174.409 E.01193
G1 X21.22 Y174.161 E.01189
G1 X21.551 Y173.974 E.01192
G1 X21.913 Y173.856 E.01194
G1 X22.212 Y173.821 E.00944
G1 E-3.5 F3600
;WIPE_START
G1 F7200
G1 X22.272 Y173.814 E-.02869
G1 X22.286 Y173.813 E-.00667
G1 X22.576 Y173.83 E-.13799
G1 X22.91 Y173.906 E-.16271
G1 X23.29 Y174.078 E-.19813
G1 X23.597 Y174.303 E-.1808
G1 X23.853 Y174.584 E-.18056
G1 X24.048 Y174.91 E-.18044
G1 X24.174 Y175.269 E-.18072
G1 X24.227 Y175.645 E-.18037
G1 X24.219 Y175.777 E-.06292
;WIPE_END
G1 X64.665 Y175.589 F9000
G1 E5 F2400
;TYPE:Perimeter
G1 F1200
G1 X64.704 Y175.232 E.01126
G1 X64.852 Y174.724 E.01659
G1 X65.099 Y174.255 E.01662
G1 X65.434 Y173.844 E.01663
G1 X65.843 Y173.508 E.0166
G1 X66.311 Y173.259 E.01662
G1 X66.819 Y173.108 E.01662
G1 X67.323 Y173.059 E.01588
G1 X67.743 Y173.095 E.01322
G1 X68.255 Y173.231 E.01661
G1 X68.73 Y173.465 E.0166
G1 X69.15 Y173.79 E.01665
G1 X69.496 Y174.191 E.01661
G1 X69.756 Y174.652 E.01659
G1 X69.92 Y175.157 E.01665
G1 X69.982 Y175.636 E.01514
G1 X69.95 Y176.141 E.01587
G1 X69.786 Y176.72 E.01887
G1 X69.54 Y177.189 E.01661
G1 X69.205 Y177.6 E.01663
G1 X68.796 Y177.936 E.0166
G1 X68.328 Y178.185 E.01662
G1 X67.82 Y178.336 E.01662
G1 X67.292 Y178.383 E.01662
G1 X66.765 Y178.325 E.01662
G1 X66.26 Y178.163 E.01663
G1 X65.798 Y177.905 E.01659
G1 X65.395 Y177.56 E.01663
G1 X65.069 Y177.143 E.0166
G1 X64.832 Y176.668 E.01664
G1 X64.694 Y176.158 E.01657
G1 X64.658 Y175.661 E.01562
G1 X64.659 Y175.649 E.00038
G1 X65.042 Y175.608 F9000
G1 F1200
G1 X65.069 Y175.325 E.00891
G1 X65.192 Y174.888 E.01423
G1 X65.399 Y174.483 E.01426
G1 X65.683 Y174.127 E.01428
G1 X66.032 Y173.834 E.01429
G1 X66.431 Y173.616 E.01426
G1 X66.866 Y173.482 E.01427
G1 X67.304 Y173.436 E.01381
G1 X67.66 Y173.462 E.01119
G1 X68.1 Y173.574 E.01424
G1 X68.51 Y173.772 E.01428
G1 X68.873 Y174.046 E.01426
G1 X69.174 Y174.387 E.01426
G1 X69.402 Y174.781 E.01427
G1 X69.547 Y175.213 E.01429
G1 X69.604 Y175.636 E.01338
G1 X69.57 Y176.118 E.01515
G1 X69.447 Y176.556 E.01426
G1 X69.239 Y176.961 E.01428
G1 X68.956 Y177.317 E.01426
G1 X68.607 Y177.61 E.01429
G1 X68.208 Y177.827 E.01424
G1 X67.649 Y177.977 E.01815
G1 X67.32 Y178.007 E.01036
G1 X66.867 Y177.962 E.01427
G1 X66.432 Y177.828 E.01427
G1 X66.033 Y177.61 E.01426
G1 X65.684 Y177.318 E.01427
G1 X65.4 Y176.962 E.01428
G1 X65.192 Y176.557 E.01428
G1 X65.069 Y176.12 E.01423
G1 X65.034 Y175.688 E.01359
G1 X65.036 Y175.668 E.00063
G1 X65.411 Y175.722 F9000
;TYPE:External perimeter
G1 F1200
G1 X65.41 Y175.715 E.00022
G1 X65.434 Y175.419 E.00931
G1 X65.532 Y175.051 E.01194
G1 X65.7 Y174.71 E.01192
G1 X65.933 Y174.409 E.01193
G1 X66.22 Y174.161 E.01189
G1 X66.551 Y173.974 E.01192
G1 X66.913 Y173.856 E.01194
G1 X67.286 Y173.813 E.01177
G1 X67.576 Y173.83 E.00911
G1 X67.945 Y173.918 E.01189
G1 X68.29 Y174.078 E.01192
G1 X68.597 Y174.303 E.01193
G1 X68.853 Y174.584 E.01192
G1 X69.048 Y174.91 E.01191
G1 X69.174 Y175.269 E.01193
G1 X69.227 Y175.636 E.01163
G1 X69.204 Y176.025 E.01222
G1 X69.107 Y176.392 E.0119
G1 X68.939 Y176.733 E.01192
G1 X68.706 Y177.034 E.01193
G1 X68.419 Y177.283 E.01191
G1 X68.087 Y177.47 E.01195
G1 X67.602 Y177.603 E.01577
G1 X67.348 Y177.631 E.00801
G1 X66.969 Y177.599 E.01193
G1 X66.604 Y177.492 E.01193
G1 X66.268 Y177.315 E.01191
G1 X65.973 Y177.075 E.01192
G1 X65.731 Y176.782 E.01192
G1 X65.553 Y176.446 E.01192
G1 X65.444 Y176.082 E.01191
G1 X65.416 Y175.782 E.00945
G1 E-3.5 F3600
;WIPE_START
G1 F7200
G1 X65.411 Y175.722 E-.0286
G1 X65.41 Y175.715 E-.00336
G1 X65.434 Y175.419 E-.14106
G1 X65.532 Y175.051 E-.18089
G1 X65.7 Y174.71 E-.18057
G1 X65.933 Y174.409 E-.18081
G1 X66.22 Y174.161 E-.18017
G1 X66.551 Y173.974 E-.18058
G1 X66.913 Y173.856 E-.18085
G1 X67.286 Y173.813 E-.17835
G1 X67.422 Y173.821 E-.06476
;WIPE_END
G1 X67.253 Y28.379 F9000
G1 E5 F2400
;TYPE:Perimeter
G1 F1200
G1 X66.765 Y28.325 E.01539
G1 X66.26 Y28.163 E.01663
G1 X65.798 Y27.905 E.01659
G1 X65.395 Y27.56 E.01663
G1 X65.069 Y27.143 E.0166
G1 X64.832 Y26.668 E.01664
G1 X64.694 Y26.158 E.01657
G1 X64.658 Y25.661 E.01562
G1 X64.704 Y25.232 E.01353
G1 X64.852 Y24.724 E.01659
G1 X65.001 Y24.415 E.01076
G1 X65.306 Y23.982 E.01661
G1 X65.691 Y23.617 E.01663
G1 X66.14 Y23.336 E.01661
G1 X66.636 Y23.15 E.01661
G1 X67.159 Y23.065 E.01661
G1 X67.662 Y23.08 E.01578
G1 X68.255 Y23.231 E.01919
G1 X68.73 Y23.465 E.0166
G1 X69.15 Y23.79 E.01665
G1 X69.496 Y24.191 E.01661
G1 X69.756 Y24.652 E.01659
G1 X69.92 Y25.157 E.01665
G1 X69.98 Y25.683 E.0166
G1 X69.935 Y26.211 E.01662
G1 X69.786 Y26.72 E.01663
G1 X69.54 Y27.189 E.01661
G1 X69.205 Y27.6 E.01663
G1 X68.796 Y27.936 E.0166
G1 X68.328 Y28.185 E.01662
G1 X67.82 Y28.336 E.01662
G1 X67.312 Y28.381 E.01599
G1 X67.262 Y28.001 F9000
G1 F1200
G1 X66.867 Y27.962 E.01245
G1 X66.432 Y27.828 E.01427
G1 X66.033 Y27.61 E.01426
G1 X65.684 Y27.318 E.01427
G1 X65.4 Y26.962 E.01428
G1 X65.192 Y26.557 E.01428
G1 X65.069 Y26.12 E.01423
G1 X65.034 Y25.688 E.01359
G1 X65.069 Y25.325 E.01143
G1 X65.192 Y24.888 E.01423
G1 X65.341 Y24.579 E.01076
G1 X65.683 Y24.127 E.01777
G1 X66.032 Y23.834 E.01429
G1 X66.431 Y23.616 E.01426
G1 X66.866 Y23.482 E.01427
G1 X67.304 Y23.436 E.01381
G1 X67.66 Y23.462 E.01119
G1 X68.1 Y23.574 E.01424
G1 X68.51 Y23.772 E.01428
G1 X68.873 Y24.046 E.01426
G1 X69.174 Y24.387 E.01426
G1 X69.402 Y24.781 E.01427
G1 X69.547 Y25.213 E.01429
G1 X69.604 Y25.664 E.01425
G1 X69.57 Y26.118 E.01427
G1 X69.447 Y26.556 E.01426
G1 X69.239 Y26.961 E.01428
G1 X68.956 Y27.317 E.01426
G1 X68.607 Y27.61 E.01429
G1 X68.208 Y27.827 E.01424
G1 X67.773 Y27.962 E.01428
G1 X67.322 Y28.007 E.01421
G1 X67.367 Y27.629 F9000
;TYPE:External perimeter
G1 F1200
G1 X67.348 Y27.631 E.0006
G1 X66.969 Y27.599 E.01193
G1 X66.604 Y27.492 E.01193
G1 X66.268 Y27.315 E.01191
G1 X65.973 Y27.075 E.01192
G1 X65.731 Y26.782 E.01192
G1 X65.553 Y26.446 E.01192
G1 X65.444 Y26.082 E.01191
G1 X65.41 Y25.715 E.01156
G1 X65.434 Y25.419 E.00931
G1 X65.532 Y25.051 E.01194
G1 X65.68 Y24.742 E.01074
G1 X65.933 Y24.409 E.01311
G1 X66.22 Y24.161 E.01189
G1 X66.551 Y23.974 E.01192
G1 X66.913 Y23.856 E.01194
G1 X67.286 Y23.813 E.01177
G1 X67.576 Y23.83 E.00911
G1 X67.945 Y23.918 E.01189
G1 X68.29 Y24.078 E.01192
G1 X68.597 Y24.303 E.01193
G1 X68.853 Y24.584 E.01192
G1 X69.048 Y24.91 E.01191
G1 X69.174 Y25.269 E.01193
G1 X69.227 Y25.645 E.01191
G1 X69.204 Y26.025 E.01194
G1 X69.107 Y26.392 E.0119
G1 X68.939 Y26.733 E.01192
G1 X68.706 Y27.034 E.01193
G1 X68.419 Y27.283 E.01191
G1 X68.087 Y27.47 E.01195
G1 X67.726 Y27.587 E.0119
G1 X67.427 Y27.622 E.00944
G1 E-3.5 F3600
;WIPE_START
G1 F7200
G1 X67.367 Y27.629 E-.02869
G1 X67.348 Y27.631 E-.00907
G1 X66.969 Y27.599 E-.18067
G1 X66.604 Y27.492 E-.18067
G1 X66.268 Y27.315 E-.18039
G1 X65.973 Y27.075 E-.18064
G1 X65.731 Y26.782 E-.18051
G1 X65.553 Y26.446 E-.18061
G1 X65.444 Y26.082 E-.18049
G1 X65.41 Y25.715 E-.17507
G1 X65.414 Y25.666 E-.02319
;WIPE_END
G1 X24.966 Y25.854 F9000
G1 E5 F2400
;TYPE:Perimeter
G1 F1200
G1 X24.935 Y26.211 E.01124
G1 X24.786 Y26.72 E.01663
G1 X24.54 Y27.189 E.01661
G1 X24.205 Y27.6 E.01663
G1 X23.796 Y27.936 E.0166
G1 X23.328 Y28.185 E.01662
G1 X22.82 Y28.336 E.01662
G1 X22.292 Y28.383 E.01662
G1 X21.765 Y28.325 E.01662
G1 X21.26 Y28.163 E.01663
G1 X20.798 Y27.905 E.01659
G1 X20.395 Y27.56 E.01663
G1 X20.069 Y27.143 E.0166
G1 X19.832 Y26.668 E.01664
G1 X19.694 Y26.158 E.01657
G1 X19.658 Y25.661 E.01562
G1 X19.704 Y25.232 E.01353
G1 X19.852 Y24.724 E.01659
G1 X20.099 Y24.255 E.01662
G1 X20.434 Y23.844 E.01663
G1 X20.843 Y23.508 E.0166
G1 X21.311 Y23.259 E.01662
G1 X21.819 Y23.108 E.01662
G1 X22.323 Y23.059 E.01588
G1 X22.743 Y23.095 E.01322
G1 X23.255 Y23.231 E.01661
G1 X23.73 Y23.465 E.0166
G1 X24.15 Y23.79 E.01665
G1 X24.496 Y24.191 E.01661
G1 X24.756 Y24.652 E.01659
G1 X24.92 Y25.157 E.01665
G1 X24.98 Y25.683 E.0166
G1 X24.971 Y25.794 E.00349
G1 X24.591 Y25.835 F9000
G1 F1200
G1 X24.57 Y26.118 E.0089
G1 X24.447 Y26.556 E.01426
G1 X24.239 Y26.961 E.01428
G1 X23.956 Y27.317 E.01426
G1 X23.607 Y27.61 E.01429
G1 X23.208 Y27.827 E.01424
G1 X22.773 Y27.962 E.01428
G1 X22.32 Y28.007 E.01427
G1 X21.867 Y27.962 E.01427
G1 X21.432 Y27.828 E.01427
G1 X21.033 Y27.61 E.01426
G1 X20.684 Y27.318 E.01427
G1 X20.4 Y26.962 E.01428
G1 X20.192 Y26.557 E.01428
G1 X20.069 Y26.12 E.01423
G1 X20.034 Y25.688 E.01359
G1 X20.069 Y25.325 E.01143
G1 X20.192 Y24.888 E.01423
G1 X20.399 Y24.483 E.01426
G1 X20.683 Y24.127 E.01428
G1 X21.032 Y23.834 E.01429
G1 X21.431 Y23.616 E.01426
G1 X21.99 Y23.467 E.01814
G1 X22.304 Y23.436 E.00989
G1 X22.66 Y23.462 E.01119
G1 X23.1 Y23.574 E.01424
G1 X23.51 Y23.772 E.01428
G1 X23.873 Y24.046 E.01426
G1 X24.174 Y24.387 E.01426
G1 X24.402 Y24.781 E.01427
G1 X24.547 Y25.213 E.01429
G1 X24.604 Y25.664 E.01425
G1 X24.595 Y25.775 E.00349
G1 X24.223 Y25.722 F9000
;TYPE:External perimeter
G1 F1200
G1 X24.204 Y26.025 E.00952
G1 X24.107 Y26.392 E.0119
G1 X23.939 Y26.733 E.01192
G1 X23.706 Y27.034 E.01193
G1 X23.419 Y27.283 E.01191
G1 X23.087 Y27.47 E.01195
G1 X22.726 Y27.587 E.0119
G1 X22.348 Y27.631 E.01193
G1 X21.969 Y27.599 E.01193
G1 X21.604 Y27.492 E.01193
G1 X21.268 Y27.315 E.01191
G1 X20.973 Y27.075 E.01192
G1 X20.731 Y26.782 E.01192
G1 X20.553 Y26.446 E.01192
G1 X20.444 Y26.082 E.01191
G1 X20.41 Y25.715 E.01156
G1 X20.434 Y25.419 E.00931
G1 X20.532 Y25.051 E.01194
G1 X20.7 Y24.71 E.01192
G1 X20.933 Y24.409 E.01193
G1 X21.22 Y24.161 E.01189
G1 X21.551 Y23.974 E.01192
G1 X22.037 Y23.841 E.0158
G1 X22.576 Y23.83 E.0169
G1 X22.945 Y23.918 E.01189
G1 X23.29 Y24.078 E.01192
G1 X23.597 Y24.303 E.01193
G1 X23.853 Y24.584 E.01192
G1 X24.048 Y24.91 E.01191
G1 X24.174 Y25.269 E.01193
G1 X24.227 Y25.645 E.01191
G1 X24.226 Y25.662 E.00053
G1 E-3.5 F3600
;WIPE_START
G1 F7200
G1 X24.223 Y25.722 E-.02854
G1 X24.204 Y26.025 E-.14421
G1 X24.107 Y26.392 E-.18031
G1 X23.939 Y26.733 E-.18057
G1 X23.706 Y27.034 E-.18081
G1 X23.419 Y27.283 E-.18048
G1 X23.087 Y27.47 E-.18099
G1 X22.726 Y27.587 E-.18026
G1 X22.348 Y27.631 E-.18076
G1 X22.216 Y27.62 E-.06307
;WIPE_END
G1 X28.048 Y17.955 F9000
G1 E5 F2400
;TYPE:Perimeter
G1 F1200
G1 X27.828 Y18.238 E.01124
G1 X27.755 Y18.6 E.01158
G1 X27.755 Y184.658 E5.20662
G1 X18.384 Y184.658 E.29382
G1 X18.384 Y16.786 E5.2635
G1 X71.255 Y16.786 E1.65773
G1 X71.255 Y184.658 E5.2635
G1 X61.884 Y184.658 E.29382
G1 X61.884 Y18.6 E5.20662
G1 X61.811 Y18.238 E.01158
G1 X61.506 Y17.846 E.01557
G1 X60.941 Y17.658 E.01867
G1 X28.568 Y17.658 E1.01503
G1 X28.132 Y17.846 E.01489
G1 X28.085 Y17.907 E.00241
G1 X28.306 Y18.215 F9000
G1 F1200
G1 X28.176 Y18.383 E.00666
G1 X28.132 Y18.6 E.00694
G1 X28.132 Y185.035 E5.21844
G1 X18.006 Y185.035 E.31749
G1 X18.006 Y16.409 E5.28714
G1 X71.632 Y16.409 E1.6814
G1 X71.632 Y185.035 E5.28714
G1 X61.506 Y185.035 E.31749
G1 X61.506 Y18.6 E5.21844
G1 X61.463 Y18.383 E.00694
G1 X61.28 Y18.148 E.00934
G1 X60.941 Y18.035 E.0112
G1 X28.698 Y18.035 E1.01095
G1 X28.359 Y18.148 E.0112
G1 X28.343 Y18.168 E.0008
G1 X28.567 Y18.486 F9000
;TYPE:External perimeter
G1 F1200
G1 X28.509 Y18.6 E.00401
G1 X28.509 Y185.412 E5.23026
G1 X17.629 Y185.412 E.34113
G1 X17.629 Y16.032 E5.31078
G1 X72.009 Y16.032 E1.70504
G1 X72.009 Y185.412 E5.31078
G1 X61.129 Y185.412 E.34113
G1 X61.129 Y18.6 E5.23026
G1 X61.054 Y18.45 E.00526
G1 X60.941 Y18.412 E.00374
G1 X28.698 Y18.412 E1.01095
G1 X28.603 Y18.443 E.00313
G1 E-3.5 F3600
;WIPE_START
G1 F7200
G1 X28.567 Y18.486 E-.02664
G1 X28.509 Y18.6 E-.06076
G1 X28.509 Y21.574 E-1.4126
;WIPE_END
G1 X71.135 Y17.669 F9000
G1 E5 F2400
;TYPE:Solid infill
;WIDTH:0.420162
G1 F1200
G1 X70.542 Y17.076 E.02631
G1 X70.008 Y17.076 E.01675
G1 X70.965 Y18.033 E.04245
G1 X70.965 Y18.567 E.01675
G1 X69.475 Y17.076 E.06612
G1 X68.941 Y17.076 E.01675
G1 X70.965 Y19.1 E.08979
G1 X70.965 Y19.634 E.01675
G1 X68.408 Y17.076 E.11345
G1 X67.874 Y17.076 E.01675
G1 X70.965 Y20.167 E.13712
G1 X70.965 Y20.701 E.01675
G1 X67.341 Y17.076 E.16079
G1 X66.807 Y17.076 E.01675
G1 X70.965 Y21.234 E.18445
G1 X70.965 Y21.768 E.01675
G1 X66.274 Y17.076 E.20812
G1 X65.74 Y17.076 E.01675
G1 X70.965 Y22.301 E.23179
G1 X70.965 Y22.835 E.01675
G1 X65.207 Y17.076 E.25545
G1 X64.673 Y17.076 E.01675
G1 X70.965 Y23.368 E.27912
G1 X70.965 Y23.902 E.01675
G1 X64.14 Y17.076 E.30278
G1 X63.606 Y17.076 E.01675
G1 X70.965 Y24.435 E.32645
G1 X70.965 Y24.969 E.01675
G1 X63.073 Y17.076 E.35012
G1 X62.539 Y17.076 E.01675
G1 X68.473 Y23.01 E.26324
G1 X68.896 Y23.227 E.01491
G1 X69.182 Y23.433 E.01106
G1 X69.359 Y23.589 E.0074
G1 X69.599 Y23.847 E.01105
G1 X69.741 Y24.035 E.00739
G1 X69.925 Y24.336 E.01107
G1 X70.037 Y24.574 E.00825
G1 X70.965 Y25.502 E.04117
G1 X70.965 Y26.036 E.01675
G1 X70.231 Y25.301 E.03258
G1 X70.272 Y25.633 E.01049
G1 X70.258 Y25.862 E.0072
G1 X70.965 Y26.569 E.03136
G1 X70.965 Y27.103 E.01675
G1 X70.2 Y26.338 E.03394
G1 X70.082 Y26.753 E.01353
G1 X70.965 Y27.636 E.03917
G1 X70.965 Y28.17 E.01675
G1 X69.916 Y27.12 E.04656
G1 X69.709 Y27.447 E.01214
G1 X70.965 Y28.703 E.05572
G1 X70.965 Y29.237 E.01675
G1 X69.469 Y27.741 E.06636
G1 X69.193 Y27.998 E.01183
G1 X70.965 Y29.77 E.07861
G1 X70.965 Y30.304 E.01675
G1 X68.882 Y28.221 E.0924
G1 X68.536 Y28.408 E.01234
G1 X70.965 Y30.837 E.10775
G1 X70.965 Y31.371 E.01675
G1 X68.146 Y28.552 E.12505
G1 X67.704 Y28.643 E.01416
G1 X70.965 Y31.904 E.14466
G1 X70.965 Y32.438 E.01675
G1 X67.194 Y28.667 E.16728
G1 X66.917 Y28.646 E.00871
G1 X66.563 Y28.57 E.01136
G1 X71.135 Y33.141 E.2028
G1 E-3.5 F3600
;WIPE_START
G1 F7200
G1 X68.902 Y30.908 E-1.5
;WIPE_END
G1 X67.948 Y23.019 F9000
G1 E5 F2400
G1 F1200
G1 X62.006 Y17.076 E.26361
G1 X61.472 Y17.076 E.01675
G1 X67.171 Y22.775 E.25281
G1 X66.697 Y22.835 E.01499
G1 X60.769 Y16.907 E.26297
G1 X60.866 Y17.537 F9000
G1 F1200
G1 X60.405 Y17.076 E.02045
G1 X59.872 Y17.076 E.01672
G1 X60.163 Y17.367 E.01291
G1 X59.629 Y17.367 E.01675
G1 X59.338 Y17.076 E.01291
G1 X58.805 Y17.076 E.01672
G1 X59.096 Y17.367 E.01291
G1 X58.562 Y17.367 E.01675
G1 X58.271 Y17.076 E.01291
G1 X57.738 Y17.076 E.01672
G1 X58.029 Y17.367 E.01291
G1 X57.495 Y17.367 E.01675
G1 X57.204 Y17.076 E.01291
G1 X56.671 Y17.076 E.01672
G1 X56.962 Y17.367 E.01291
G1 X56.428 Y17.367 E.01675
G1 X56.137 Y17.076 E.01291
G1 X55.604 Y17.076 E.01672
G1 X55.895 Y17.367 E.01291
G1 X55.361 Y17.367 E.01675
G1 X55.07 Y17.076 E.01291
G1 X54.537 Y17.076 E.01672
G1 X54.828 Y17.367 E.01291
G1 X54.294 Y17.367 E.01675
G1 X54.003 Y17.076 E.01291
G1 X53.47 Y17.076 E.01672
G1 X53.761 Y17.367 E.01291
G1 X53.227 Y17.367 E.01675
G1 X52.936 Y17.076 E.01291
G1 X52.403 Y17.076 E.01672
G1 X52.694 Y17.367 E.01291
G1 X52.16 Y17.367 E.01675
G1 X51.869 Y17.076 E.01291
G1 X51.336 Y17.076 E.01672
G1 X51.627 Y17.367 E.01291
G1 X51.093 Y17.367 E.01675
G1 X50.802 Y17.076 E.01291
G1 X50.269 Y17.076 E.01672
G1 X50.56 Y17.367 E.01291
G1 X50.026 Y17.367 E.01675
G1 X49.735 Y17.076 E.01291
G1 X49.202 Y17.076 E.01672
G1 X49.493 Y17.367 E.01291
G1 X48.959 Y17.367 E.01675
G1 X48.668 Y17.076 E.01291
G1 X48.135 Y17.076 E.01672
G1 X48.426 Y17.367 E.01291
G1 X47.892 Y17.367 E.01675
G1 X47.601 Y17.076 E.01291
G1 X47.068 Y17.076 E.01672
G1 X47.359 Y17.367 E.01291
G1 X46.825 Y17.367 E.01675
G1 X46.534 Y17.076 E.01291
G1 X46.001 Y17.076 E.01672
G1 X46.292 Y17.367 E.01291
G1 X45.758 Y17.367 E.01675
G1 X45.467 Y17.076 E.01291
G1 X44.934 Y17.076 E.01672
G1 X45.225 Y17.367 E.01291
G1 X44.691 Y17.367 E.01675
G1 X44.4 Y17.076 E.01291
G1 X43.867 Y17.076 E.01672
G1 X44.158 Y17.367 E.01291
G1 X43.624 Y17.367 E.01675
G1 X43.333 Y17.076 E.01291
G1 X42.8 Y17.076 E.01672
G1 X43.091 Y17.367 E.01291
G1 X42.557 Y17.367 E.01675
G1 X42.266 Y17.076 E.01291
G1 X41.733 Y17.076 E.01672
G1 X42.024 Y17.367 E.01291
G1 X41.49 Y17.367 E.01675
G1 X41.199 Y17.076 E.01291
G1 X40.666 Y17.076 E.01672
G1 X40.957 Y17.367 E.01291
G1 X40.423 Y17.367 E.01675
G1 X40.132 Y17.076 E.01291
G1 X39.599 Y17.076 E.01672
G1 X39.89 Y17.367 E.01291
G1 X39.356 Y17.367 E.01675
G1 X39.065 Y17.076 E.01291
G1 X38.532 Y17.076 E.01672
G1 X38.823 Y17.367 E.01291
G1 X38.289 Y17.367 E.01675
G1 X37.998 Y17.076 E.01291
G1 X37.465 Y17.076 E.01672
G1 X37.756 Y17.367 E.01291
G1 X37.222 Y17.367 E.01675
G1 X36.931 Y17.076 E.01291
G1 X36.398 Y17.076 E.01672
G1 X36.689 Y17.367 E.01291
G1 X36.155 Y17.367 E.01675
G1 X35.864 Y17.076 E.01291
G1 X35.331 Y17.076 E.01672
G1 X35.622 Y17.367 E.01291
G1 X35.088 Y17.367 E.01675
G1 X34.797 Y17.076 E.01291
G1 X34.264 Y17.076 E.01672
G1 X34.555 Y17.367 E.01291
G1 X34.021 Y17.367 E.01675
G1 X33.73 Y17.076 E.01291
G1 X33.197 Y17.076 E.01672
G1 X33.488 Y17.367 E.01291
G1 X32.954 Y17.367 E.01675
G1 X32.663 Y17.076 E.01291
G1 X32.13 Y17.076 E.01672
G1 X32.421 Y17.367 E.01291
G1 X31.887 Y17.367 E.01675
G1 X31.596 Y17.076 E.01291
G1 X31.063 Y17.076 E.01672
G1 X31.354 Y17.367 E.01291
G1 X30.82 Y17.367 E.01675
G1 X30.529 Y17.076 E.01291
G1 X29.996 Y17.076 E.01672
G1 X30.287 Y17.367 E.01291
G1 X29.753 Y17.367 E.01675
G1 X29.462 Y17.076 E.01291
G1 X28.929 Y17.076 E.01672
G1 X29.22 Y17.367 E.01291
G1 X28.687 Y17.368 E.01672
G1 X28.395 Y17.076 E.01295
G1 X27.862 Y17.076 E.01672
G1 X28.264 Y17.479 E.01786
G1 X27.955 Y17.612 E.01055
G1 X27.915 Y17.663 E.00203
G1 X27.328 Y17.076 E.02604
G1 X26.795 Y17.076 E.01672
G1 X27.682 Y17.963 E.03935
G1 X27.559 Y18.122 E.00631
G1 X27.517 Y18.332 E.00672
G1 X26.261 Y17.076 E.05572
G1 X25.728 Y17.076 E.01672
G1 X27.465 Y18.814 E.07708
G1 X27.465 Y19.347 E.01672
G1 X25.194 Y17.076 E.10074
G1 X24.661 Y17.076 E.01672
G1 X27.465 Y19.881 E.12441
G1 X27.465 Y20.414 E.01672
G1 X24.127 Y17.076 E.14808
G1 X23.594 Y17.076 E.01672
G1 X27.465 Y20.948 E.17174
G1 X27.465 Y21.481 E.01672
G1 X23.06 Y17.076 E.19541
G1 X22.527 Y17.076 E.01672
G1 X27.465 Y22.015 E.21908
G1 X27.465 Y22.548 E.01672
G1 X21.993 Y17.076 E.24274
G1 X21.46 Y17.076 E.01672
G1 X27.465 Y23.082 E.26641
G1 X27.465 Y23.615 E.01672
G1 X20.926 Y17.076 E.29008
G1 X20.393 Y17.076 E.01672
G1 X27.465 Y24.149 E.31374
G1 X27.465 Y24.682 E.01672
G1 X19.859 Y17.076 E.33741
G1 X19.326 Y17.076 E.01672
G1 X27.465 Y25.216 E.36107
G1 X27.465 Y25.749 E.01672
G1 X18.792 Y17.076 E.38474
G1 X18.674 Y17.076 E.0037
G1 X18.674 Y17.492 E.01305
G1 X27.465 Y26.283 E.38998
G1 X27.465 Y26.816 E.01672
G1 X18.674 Y18.025 E.38998
G1 X18.674 Y18.559 E.01675
G1 X22.967 Y22.852 E.19044
G1 X22.803 Y22.81 E.00531
G1 X22.352 Y22.771 E.0142
G1 X18.674 Y19.092 E.16318
G1 X18.674 Y19.626 E.01675
G1 X21.859 Y22.81 E.14127
G1 X21.428 Y22.913 E.0139
G1 X18.674 Y20.159 E.12217
G1 X18.674 Y20.693 E.01675
G1 X21.043 Y23.062 E.10509
G1 X20.702 Y23.254 E.01228
G1 X18.674 Y21.226 E.08996
G1 X18.674 Y21.76 E.01675
G1 X20.4 Y23.486 E.07657
G1 X20.128 Y23.748 E.01185
G1 X18.674 Y22.293 E.06452
G1 X18.674 Y22.827 E.01675
G1 X19.893 Y24.046 E.05408
G1 X19.695 Y24.381 E.01221
G1 X18.674 Y23.36 E.04529
G1 X18.674 Y23.894 E.01675
G1 X19.534 Y24.753 E.03813
G1 X19.429 Y25.182 E.01385
G1 X18.674 Y24.427 E.03349
G1 X18.674 Y24.961 E.01675
G1 X19.377 Y25.664 E.03119
G1 X19.37 Y25.847 E.00574
G1 X19.412 Y26.233 E.01218
G1 X18.504 Y25.325 E.04028
G1 E-3.5 F3600
;WIPE_START
G1 F7200
G1 X19.412 Y26.233 E-.60995
G1 X19.37 Y25.847 E-.18443
G1 X19.377 Y25.664 E-.08699
G1 X18.674 Y24.961 E-.47224
G1 X18.674 Y24.653 E-.14639
;WIPE_END
G1 X24.952 Y24.837 F9000
G1 E5 F2400
G1 F1200
G1 X27.465 Y27.35 E.11148
G1 X27.465 Y27.883 E.01672
G1 X25.269 Y25.687 E.09742
G1 X25.237 Y26.189 E.01578
G1 X27.465 Y28.417 E.09884
G1 X27.465 Y28.95 E.01672
G1 X25.132 Y26.617 E.10349
G1 X24.976 Y26.995 E.01283
G1 X27.465 Y29.484 E.11041
G1 X27.465 Y30.017 E.01672
G1 X24.787 Y27.339 E.1188
G1 X24.559 Y27.644 E.01194
G1 X27.465 Y30.551 E.12893
G1 X27.465 Y31.084 E.01672
G1 X24.291 Y27.911 E.14078
G1 X23.996 Y28.149 E.01189
G1 X27.465 Y31.618 E.15389
G1 X27.465 Y32.151 E.01672
G1 X23.662 Y28.348 E.1687
G1 X23.285 Y28.505 E.01281
G1 X27.465 Y32.685 E.18543
G1 X27.465 Y33.218 E.01672
G1 X22.868 Y28.621 E.20393
G1 X22.383 Y28.67 E.01529
G1 X27.465 Y33.752 E.22544
G1 X27.465 Y34.285 E.01672
G1 X21.577 Y28.397 E.2612
G1 E-3.5 F3600
;WIPE_START
G1 F7200
G1 X23.81 Y30.63 E-1.5
;WIPE_END
G1 X18.504 Y25.858 F9000
G1 E5 F2400
G1 F1200
G1 X27.465 Y34.819 E.39752
G1 X27.465 Y35.352 E.01672
G1 X18.674 Y26.561 E.38998
G1 X18.674 Y27.095 E.01675
G1 X27.465 Y35.886 E.38998
G1 X27.465 Y36.419 E.01672
G1 X18.674 Y27.628 E.38998
G1 X18.674 Y28.162 E.01675
G1 X27.465 Y36.953 E.38998
G1 X27.465 Y37.486 E.01672
G1 X18.674 Y28.695 E.38998
G1 X18.674 Y29.229 E.01675
G1 X27.465 Y38.02 E.38998
G1 X27.465 Y38.553 E.01672
G1 X18.674 Y29.762 E.38998
G1 X18.674 Y30.296 E.01675
G1 X27.465 Y39.087 E.38998
G1 X27.465 Y39.62 E.01672
G1 X18.674 Y30.829 E.38998
G1 X18.674 Y31.363 E.01675
G1 X27.465 Y40.154 E.38998
G1 X27.465 Y40.687 E.01672
G1 X18.674 Y31.896 E.38998
G1 X18.674 Y32.43 E.01675
G1 X27.465 Y41.221 E.38998
G1 X27.465 Y41.754 E.01672
G1 X18.674 Y32.963 E.38998
G1 X18.674 Y33.497 E.01675
G1 X27.465 Y42.288 E.38998
G1 X27.465 Y42.821 E.01672
G1 X18.674 Y34.03 E.38998
G1 X18.674 Y34.564 E.01675
G1 X27.465 Y43.355 E.38998
G1 X27.465 Y43.888 E.01672
G1 X18.674 Y35.097 E.38998
G1 X18.674 Y35.631 E.01675
G1 X27.465 Y44.422 E.38998
G1 X27.465 Y44.955 E.01672
G1 X18.674 Y36.164 E.38998
G1 X18.674 Y36.698 E.01675
G1 X27.465 Y45.489 E.38998
G1 X27.465 Y46.022 E.01672
G1 X18.674 Y37.231 E.38998
G1 X18.674 Y37.765 E.01675
G1 X27.465 Y46.556 E.38998
G1 X27.465 Y47.089 E.01672
G1 X18.674 Y38.298 E.38998
G1 X18.674 Y38.832 E.01675
G1 X27.465 Y47.623 E.38998
G1 X27.465 Y48.156 E.01672
G1 X18.674 Y39.365 E.38998
G1 X18.674 Y39.899 E.01675
G1 X27.465 Y48.69 E.38998
G1 X27.465 Y49.223 E.01672
G1 X18.674 Y40.432 E.38998
G1 X18.674 Y40.966 E.01675
G1 X27.465 Y49.757 E.38998
G1 X27.465 Y50.29 E.01672
G1 X18.674 Y41.499 E.38998
G1 X18.674 Y42.033 E.01675
G1 X27.465 Y50.824 E.38998
G1 X27.465 Y51.357 E.01672
G1 X18.674 Y42.566 E.38998
G1 X18.674 Y43.1 E.01675
G1 X27.465 Y51.891 E.38998
G1 X27.465 Y52.424 E.01672
G1 X18.674 Y43.633 E.38998
G1 X18.674 Y44.167 E.01675
G1 X27.465 Y52.958 E.38998
G1 X27.465 Y53.491 E.01672
G1 X18.674 Y44.7 E.38998
G1 X18.674 Y45.234 E.01675
G1 X27.465 Y54.025 E.38998
G1 X27.465 Y54.558 E.01672
G1 X18.674 Y45.767 E.38998
G1 X18.674 Y46.301 E.01675
G1 X27.465 Y55.092 E.38998
G1 X27.465 Y55.625 E.01672
G1 X18.674 Y46.834 E.38998
G1 X18.674 Y47.368 E.01675
G1 X27.465 Y56.159 E.38998
G1 X27.465 Y56.692 E.01672
G1 X18.674 Y47.901 E.38998
G1 X18.674 Y48.435 E.01675
G1 X27.465 Y57.226 E.38998
G1 X27.465 Y57.759 E.01672
G1 X18.674 Y48.968 E.38998
G1 X18.674 Y49.502 E.01675
G1 X27.465 Y58.293 E.38998
G1 X27.465 Y58.826 E.01672
G1 X18.674 Y50.035 E.38998
G1 X18.674 Y50.569 E.01675
G1 X27.465 Y59.36 E.38998
G1 X27.465 Y59.893 E.01672
G1 X18.674 Y51.102 E.38998
G1 X18.674 Y51.636 E.01675
G1 X27.465 Y60.427 E.38998
G1 X27.465 Y60.96 E.01672
G1 X18.674 Y52.169 E.38998
G1 X18.674 Y52.703 E.01675
G1 X27.465 Y61.494 E.38998
G1 X27.465 Y62.027 E.01672
G1 X18.674 Y53.236 E.38998
G1 X18.674 Y53.77 E.01675
G1 X27.465 Y62.561 E.38998
G1 X27.465 Y63.094 E.01672
G1 X18.674 Y54.303 E.38998
G1 X18.674 Y54.837 E.01675
G1 X27.465 Y63.628 E.38998
G1 X27.465 Y64.161 E.01672
G1 X18.674 Y55.37 E.38998
G1 X18.674 Y55.904 E.01675
G1 X27.465 Y64.695 E.38998
G1 X27.465 Y65.228 E.01672
G1 X18.674 Y56.437 E.38998
G1 X18.674 Y56.971 E.01675
G1 X27.465 Y65.762 E.38998
G1 X27.465 Y66.295 E.01672
G1 X18.674 Y57.504 E.38998
G1 X18.674 Y58.038 E.01675
G1 X27.465 Y66.829 E.38998
G1 X27.465 Y67.362 E.01672
G1 X18.674 Y58.571 E.38998
G1 X18.674 Y59.105 E.01675
G1 X27.465 Y67.896 E.38998
G1 X27.465 Y68.429 E.01672
G1 X18.674 Y59.638 E.38998
G1 X18.674 Y60.172 E.01675
G1 X27.465 Y68.963 E.38998
G1 X27.465 Y69.496 E.01672
G1 X18.674 Y60.705 E.38998
G1 X18.674 Y61.239 E.01675
G1 X27.465 Y70.03 E.38998
G1 X27.465 Y70.563 E.01672
G1 X18.674 Y61.772 E.38998
G1 X18.674 Y62.306 E.01675
G1 X27.465 Y71.097 E.38998
G1 X27.465 Y71.63 E.01672
G1 X18.674 Y62.839 E.38998
G1 X18.674 Y63.373 E.01675
G1 X27.465 Y72.164 E.38998
G1 X27.465 Y72.697 E.01672
G1 X18.674 Y63.906 E.38998
G1 X18.674 Y64.44 E.01675
G1 X27.465 Y73.231 E.38998
G1 X27.465 Y73.764 E.01672
G1 X18.674 Y64.973 E.38998
G1 X18.674 Y65.507 E.01675
G1 X27.465 Y74.298 E.38998
G1 X27.465 Y74.831 E.01672
G1 X18.674 Y66.04 E.38998
G1 X18.674 Y66.574 E.01675
G1 X27.465 Y75.365 E.38998
G1 X27.465 Y75.898 E.01672
G1 X18.674 Y67.107 E.38998
G1 X18.674 Y67.641 E.01675
G1 X27.465 Y76.432 E.38998
G1 X27.465 Y76.965 E.01672
G1 X18.674 Y68.174 E.38998
G1 X18.674 Y68.708 E.01675
G1 X27.465 Y77.499 E.38998
G1 X27.465 Y78.032 E.01672
G1 X18.674 Y69.241 E.38998
G1 X18.674 Y69.775 E.01675
G1 X27.465 Y78.566 E.38998
G1 X27.465 Y79.099 E.01672
G1 X18.674 Y70.308 E.38998
G1 X18.674 Y70.842 E.01675
G1 X27.465 Y79.633 E.38998
G1 X27.465 Y80.166 E.01672
G1 X18.674 Y71.375 E.38998
G1 X18.674 Y71.909 E.01675
G1 X27.465 Y80.7 E.38998
G1 X27.465 Y81.233 E.01672
G1 X18.674 Y72.442 E.38998
G1 X18.674 Y72.976 E.01675
G1 X27.465 Y81.767 E.38998
G1 X27.465 Y82.3 E.01672
G1 X18.674 Y73.509 E.38998
G1 X18.674 Y74.043 E.01675
G1 X27.465 Y82.834 E.38998
G1 X27.465 Y83.367 E.01672
G1 X18.674 Y74.576 E.38998
G1 X18.674 Y75.11 E.01675
G1 X27.465 Y83.901 E.38998
G1 X27.465 Y84.434 E.01672
G1 X18.674 Y75.643 E.38998
G1 X18.674 Y76.177 E.01675
G1 X27.465 Y84.968 E.38998
G1 X27.465 Y85.501 E.01672
G1 X18.674 Y76.71 E.38998
G1 X18.674 Y77.244 E.01675
G1 X27.465 Y86.035 E.38998
G1 X27.465 Y86.568 E.01672
G1 X18.674 Y77.777 E.38998
G1 X18.674 Y78.311 E.01675
G1 X27.465 Y87.102 E.38998
G1 X27.465 Y87.635 E.01672
G1 X18.674 Y78.844 E.38998
G1 X18.674 Y79.378 E.01675
G1 X27.465 Y88.169 E.38998
G1 X27.465 Y88.702 E.01672
G1 X18.674 Y79.911 E.38998
G1 X18.674 Y80.445 E.01675
G1 X27.465 Y89.236 E.38998
G1 X27.465 Y89.769 E.01672
G1 X18.674 Y80.978 E.38998
G1 X18.674 Y81.512 E.01675
G1 X27.465 Y90.303 E.38998
G1 X27.465 Y90.836 E.01672
G1 X18.674 Y82.045 E.38998
G1 X18.674 Y82.579 E.01675
G1 X27.465 Y91.37 E.38998
G1 X27.465 Y91.903 E.01672
G1 X18.674 Y83.112 E.38998
G1 X18.674 Y83.646 E.01675
G1 X27.465 Y92.437 E.38998
G1 X27.465 Y92.97 E.01672
G1 X18.674 Y84.179 E.38998
G1 X18.674 Y84.713 E.01675
G1 X27.465 Y93.504 E.38998
G1 X27.465 Y94.037 E.01672
G1 X18.674 Y85.246 E.38998
G1 X18.674 Y85.78 E.01675
G1 X27.465 Y94.571 E.38998
G1 X27.465 Y95.104 E.01672
G1 X18.674 Y86.313 E.38998
G1 X18.674 Y86.847 E.01675
G1 X27.465 Y95.638 E.38998
G1 X27.465 Y96.171 E.01672
G1 X18.674 Y87.38 E.38998
G1 X18.674 Y87.914 E.01675
G1 X27.465 Y96.705 E.38998
G1 X27.465 Y97.238 E.01672
G1 X18.674 Y88.447 E.38998
G1 X18.674 Y88.981 E.01675
G1 X27.465 Y97.772 E.38998
G1 X27.465 Y98.305 E.01672
G1 X18.674 Y89.514 E.38998
G1 X18.674 Y90.048 E.01675
G1 X27.465 Y98.839 E.38998
G1 X27.465 Y99.372 E.01672
G1 X18.674 Y90.581 E.38998
G1 X18.674 Y91.115 E.01675
G1 X27.465 Y99.906 E.38998
G1 X27.465 Y100.439 E.01672
G1 X18.674 Y91.648 E.38998
G1 X18.674 Y92.182 E.01675
G1 X27.465 Y100.973 E.38998
G1 X27.465 Y101.506 E.01672
G1 X18.674 Y92.715 E.38998
G1 X18.674 Y93.249 E.01675
G1 X23.405 Y97.98 E.20987
G1 X23.82 Y98.181 E.01446
G1 X24.018 Y98.308 E.00738
G1 X24.294 Y98.529 E.01109
G1 X24.463 Y98.693 E.00739
G1 X24.808 Y99.133 E.01754
G1 X25.058 Y99.633 E.01754
G1 X27.465 Y102.04 E.10678
G1 X27.465 Y102.573 E.01672
G1 X25.236 Y100.344 E.09888
G1 X25.272 Y100.633 E.00914
G1 X25.255 Y100.897 E.0083
G1 X27.465 Y103.107 E.09804
G1 X27.465 Y103.64 E.01672
G1 X25.193 Y101.368 E.10079
G1 X25.072 Y101.781 E.0135
G1 X27.465 Y104.174 E.10616
G1 X27.465 Y104.707 E.01672
G1 X24.903 Y102.146 E.11363
G1 X24.692 Y102.468 E.01208
G1 X27.465 Y105.241 E.12301
G1 X27.465 Y105.774 E.01672
G1 X24.451 Y102.76 E.1337
G1 X24.173 Y103.016 E.01185
G1 X27.465 Y106.308 E.14604
G1 X27.465 Y106.841 E.01672
G1 X23.859 Y103.235 E.15996
G1 X23.51 Y103.42 E.01239
G1 X27.465 Y107.375 E.17545
G1 X27.465 Y107.908 E.01672
G1 X23.118 Y103.561 E.19284
G1 X22.67 Y103.647 E.01431
G1 X27.465 Y108.442 E.21271
G1 X27.465 Y108.975 E.01672
G1 X21.969 Y103.48 E.24378
G1 E-3.5 F3600
;WIPE_START
G1 F7200
G1 X24.202 Y105.713 E-1.5
;WIPE_END
G1 X22.892 Y98.001 F9000
G1 E5 F2400
G1 F1200
G1 X18.674 Y93.782 E.18714
G1 X18.674 Y94.316 E.01675
G1 X22.135 Y97.777 E.15353
G1 X21.67 Y97.845 E.01474
G1 X18.674 Y94.849 E.1329
G1 X18.674 Y95.383 E.01675
G1 X21.261 Y97.97 E.11476
G1 X20.898 Y98.141 E.01259
G1 X18.674 Y95.916 E.09868
G1 X18.674 Y96.45 E.01675
G1 X20.571 Y98.347 E.08415
G1 X20.288 Y98.597 E.01184
G1 X18.674 Y96.983 E.0716
G1 X18.674 Y97.517 E.01675
G1 X20.028 Y98.871 E.06006
G1 X19.804 Y99.181 E.012
G1 X18.674 Y98.05 E.05015
G1 X18.674 Y98.584 E.01675
G1 X19.621 Y99.531 E.04201
G1 X19.482 Y99.925 E.01311
G1 X18.674 Y99.117 E.03584
G1 X18.674 Y99.651 E.01675
G1 X19.394 Y100.371 E.03194
G1 X19.37 Y100.604 E.00735
G1 X19.375 Y100.886 E.00885
G1 X18.674 Y100.184 E.03112
G1 X18.674 Y100.718 E.01675
G1 X19.485 Y101.529 E.03598
G1 X19.648 Y101.976 E.01492
G1 X19.816 Y102.286 E.01106
G1 X19.949 Y102.48 E.00738
G1 X20.176 Y102.751 E.01109
G1 X20.344 Y102.915 E.00736
G1 X20.62 Y103.135 E.01107
G1 X20.818 Y103.263 E.0074
G1 X21.132 Y103.424 E.01107
G1 X21.511 Y103.555 E.01258
G1 X27.465 Y109.509 E.26412
G1 X27.465 Y110.042 E.01672
G1 X18.674 Y101.251 E.38998
G1 X18.674 Y101.785 E.01675
G1 X27.465 Y110.576 E.38998
G1 X27.465 Y111.109 E.01672
G1 X18.674 Y102.318 E.38998
G1 X18.674 Y102.852 E.01675
G1 X27.465 Y111.643 E.38998
G1 X27.465 Y112.176 E.01672
G1 X18.674 Y103.385 E.38998
G1 X18.674 Y103.919 E.01675
G1 X27.465 Y112.71 E.38998
G1 X27.465 Y113.243 E.01672
G1 X18.674 Y104.452 E.38998
G1 X18.674 Y104.986 E.01675
G1 X27.465 Y113.777 E.38998
G1 X27.465 Y114.31 E.01672
G1 X18.674 Y105.519 E.38998
G1 X18.674 Y106.053 E.01675
G1 X27.465 Y114.844 E.38998
G1 X27.465 Y115.377 E.01672
G1 X18.674 Y106.586 E.38998
G1 X18.674 Y107.12 E.01675
G1 X27.465 Y115.911 E.38998
G1 X27.465 Y116.444 E.01672
G1 X18.674 Y107.653 E.38998
G1 X18.674 Y108.187 E.01675
G1 X27.465 Y116.978 E.38998
G1 X27.465 Y117.511 E.01672
G1 X18.674 Y108.72 E.38998
G1 X18.674 Y109.254 E.01675
G1 X27.465 Y118.045 E.38998
G1 X27.465 Y118.578 E.01672
G1 X18.674 Y109.787 E.38998
G1 X18.674 Y110.321 E.01675
G1 X27.465 Y119.112 E.38998
G1 X27.465 Y119.645 E.01672
G1 X18.674 Y110.854 E.38998
G1 X18.674 Y111.388 E.01675
G1 X27.465 Y120.179 E.38998
G1 X27.465 Y120.712 E.01672
G1 X18.674 Y111.921 E.38998
G1 X18.674 Y112.455 E.01675
G1 X27.465 Y121.246 E.38998
G1 X27.465 Y121.779 E.01672
G1 X18.674 Y112.988 E.38998
G1 X18.674 Y113.522 E.01675
G1 X27.465 Y122.313 E.38998
G1 X27.465 Y122.846 E.01672
G1 X18.674 Y114.055 E.38998
G1 X18.674 Y114.589 E.01675
G1 X27.465 Y123.38 E.38998
G1 X27.465 Y123.913 E.01672
G1 X18.674 Y115.122 E.38998
G1 X18.674 Y115.656 E.01675
G1 X27.465 Y124.447 E.38998
G1 X27.465 Y124.98 E.01672
G1 X18.674 Y116.189 E.38998
G1 X18.674 Y116.723 E.01675
G1 X27.465 Y125.514 E.38998
G1 X27.465 Y126.047 E.01672
G1 X18.674 Y117.256 E.38998
G1 X18.674 Y117.79 E.01675
G1 X27.465 Y126.581 E.38998
G1 X27.465 Y127.114 E.01672
G1 X18.674 Y118.323 E.38998
G1 X18.674 Y118.857 E.01675
G1 X27.465 Y127.648 E.38998
G1 X27.465 Y128.181 E.01672
G1 X18.674 Y119.39 E.38998
G1 X18.674 Y119.924 E.01675
G1 X27.465 Y128.715 E.38998
G1 X27.465 Y129.248 E.01672
G1 X18.674 Y120.457 E.38998
G1 X18.674 Y120.991 E.01675
G1 X27.465 Y129.782 E.38998
G1 X27.465 Y130.315 E.01672
G1 X18.674 Y121.524 E.38998
G1 X18.674 Y122.058 E.01675
G1 X27.465 Y130.849 E.38998
G1 X27.465 Y131.382 E.01672
G1 X18.674 Y122.591 E.38998
G1 X18.674 Y123.125 E.01675
G1 X27.465 Y131.916 E.38998
G1 X27.465 Y132.449 E.01672
G1 X18.674 Y123.658 E.38998
G1 X18.674 Y124.192 E.01675
G1 X27.465 Y132.983 E.38998
G1 X27.465 Y133.516 E.01672
G1 X18.674 Y124.725 E.38998
G1 X18.674 Y125.259 E.01675
G1 X27.465 Y134.05 E.38998
G1 X27.465 Y134.583 E.01672
G1 X18.674 Y125.792 E.38998
G1 X18.674 Y126.326 E.01675
G1 X27.465 Y135.117 E.38998
G1 X27.465 Y135.65 E.01672
G1 X18.674 Y126.859 E.38998
G1 X18.674 Y127.393 E.01675
G1 X27.465 Y136.184 E.38998
G1 X27.465 Y136.717 E.01672
G1 X18.674 Y127.926 E.38998
G1 X18.674 Y128.46 E.01675
G1 X27.465 Y137.251 E.38998
G1 X27.465 Y137.784 E.01672
G1 X18.674 Y128.993 E.38998
G1 X18.674 Y129.527 E.01675
G1 X27.465 Y138.318 E.38998
G1 X27.465 Y138.851 E.01672
G1 X18.674 Y130.06 E.38998
G1 X18.674 Y130.594 E.01675
G1 X27.465 Y139.385 E.38998
G1 X27.465 Y139.918 E.01672
G1 X18.674 Y131.127 E.38998
G1 X18.674 Y131.661 E.01675
G1 X27.465 Y140.452 E.38998
G1 X27.465 Y140.985 E.01672
G1 X18.674 Y132.194 E.38998
G1 X18.674 Y132.728 E.01675
G1 X27.465 Y141.519 E.38998
G1 X27.465 Y142.052 E.01672
G1 X18.674 Y133.261 E.38998
G1 X18.674 Y133.795 E.01675
G1 X27.465 Y142.586 E.38998
G1 X27.465 Y143.119 E.01672
G1 X18.674 Y134.328 E.38998
G1 X18.674 Y134.862 E.01675
G1 X27.465 Y143.653 E.38998
G1 X27.465 Y144.186 E.01672
G1 X18.674 Y135.395 E.38998
G1 X18.674 Y135.929 E.01675
G1 X27.465 Y144.72 E.38998
G1 X27.465 Y145.253 E.01672
G1 X18.674 Y136.462 E.38998
G1 X18.674 Y136.996 E.01675
G1 X27.465 Y145.787 E.38998
G1 X27.465 Y146.32 E.01672
G1 X18.674 Y137.529 E.38998
G1 X18.674 Y138.063 E.01675
G1 X27.465 Y146.854 E.38998
G1 X27.465 Y147.387 E.01672
G1 X18.674 Y138.596 E.38998
G1 X18.674 Y139.13 E.01675
G1 X27.465 Y147.921 E.38998
G1 X27.465 Y148.454 E.01672
G1 X18.674 Y139.663 E.38998
G1 X18.674 Y140.197 E.01675
G1 X27.465 Y148.988 E.38998
G1 X27.465 Y149.521 E.01672
G1 X18.674 Y140.73 E.38998
G1 X18.674 Y141.264 E.01675
G1 X27.465 Y150.055 E.38998
G1 X27.465 Y150.588 E.01672
G1 X18.674 Y141.797 E.38998
G1 X18.674 Y142.331 E.01675
G1 X27.465 Y151.122 E.38998
G1 X27.465 Y151.655 E.01672
G1 X18.674 Y142.864 E.38998
G1 X18.674 Y143.398 E.01675
G1 X27.465 Y152.189 E.38998
G1 X27.465 Y152.722 E.01672
G1 X18.674 Y143.931 E.38998
G1 X18.674 Y144.465 E.01675
G1 X27.465 Y153.256 E.38998
G1 X27.465 Y153.789 E.01672
G1 X18.674 Y144.998 E.38998
G1 X18.674 Y145.532 E.01675
G1 X27.465 Y154.323 E.38998
G1 X27.465 Y154.856 E.01672
G1 X18.674 Y146.065 E.38998
G1 X18.674 Y146.599 E.01675
G1 X27.465 Y155.39 E.38998
G1 X27.465 Y155.923 E.01672
G1 X18.674 Y147.132 E.38998
G1 X18.674 Y147.666 E.01675
G1 X27.465 Y156.457 E.38998
G1 X27.465 Y156.99 E.01672
G1 X18.674 Y148.199 E.38998
G1 X18.674 Y148.733 E.01675
G1 X27.465 Y157.524 E.38998
G1 X27.465 Y158.057 E.01672
G1 X18.674 Y149.266 E.38998
G1 X18.674 Y149.8 E.01675
G1 X27.465 Y158.591 E.38998
G1 X27.465 Y159.124 E.01672
G1 X18.674 Y150.333 E.38998
G1 X18.674 Y150.867 E.01675
G1 X27.465 Y159.658 E.38998
G1 X27.465 Y160.191 E.01672
G1 X18.674 Y151.4 E.38998
G1 X18.674 Y151.934 E.01675
G1 X27.465 Y160.725 E.38998
G1 X27.465 Y161.258 E.01672
G1 X18.674 Y152.467 E.38998
G1 X18.674 Y153.001 E.01675
G1 X27.465 Y161.792 E.38998
G1 X27.465 Y162.325 E.01672
G1 X18.674 Y153.534 E.38998
G1 X18.674 Y154.068 E.01675
G1 X27.465 Y162.859 E.38998
G1 X27.465 Y163.392 E.01672
G1 X18.674 Y154.601 E.38998
G1 X18.674 Y155.135 E.01675
G1 X27.465 Y163.926 E.38998
G1 X27.465 Y164.459 E.01672
G1 X18.674 Y155.668 E.38998
G1 X18.674 Y156.202 E.01675
G1 X27.465 Y164.993 E.38998
G1 X27.465 Y165.526 E.01672
G1 X18.674 Y156.735 E.38998
G1 X18.674 Y157.269 E.01675
G1 X27.465 Y166.06 E.38998
G1 X27.465 Y166.593 E.01672
G1 X18.674 Y157.802 E.38998
G1 X18.674 Y158.336 E.01675
G1 X27.465 Y167.127 E.38998
G1 X27.465 Y167.66 E.01672
G1 X18.674 Y158.869 E.38998
G1 X18.674 Y159.403 E.01675
G1 X27.465 Y168.194 E.38998
G1 X27.465 Y168.727 E.01672
G1 X18.674 Y159.936 E.38998
G1 X18.674 Y160.47 E.01675
G1 X27.465 Y169.261 E.38998
G1 X27.465 Y169.794 E.01672
G1 X18.674 Y161.003 E.38998
G1 X18.674 Y161.537 E.01675
G1 X27.465 Y170.328 E.38998
G1 X27.465 Y170.861 E.01672
G1 X18.674 Y162.07 E.38998
G1 X18.674 Y162.604 E.01675
G1 X27.465 Y171.395 E.38998
G1 X27.465 Y171.928 E.01672
G1 X18.674 Y163.137 E.38998
G1 X18.674 Y163.671 E.01675
G1 X27.465 Y172.462 E.38998
G1 X27.465 Y172.995 E.01672
G1 X18.674 Y164.204 E.38998
G1 X18.674 Y164.738 E.01675
G1 X27.465 Y173.529 E.38998
G1 X27.465 Y174.062 E.01672
G1 X18.674 Y165.271 E.38998
G1 X18.674 Y165.805 E.01675
G1 X27.465 Y174.596 E.38998
G1 X27.465 Y175.129 E.01672
G1 X18.674 Y166.338 E.38998
G1 X18.674 Y166.872 E.01675
G1 X27.465 Y175.663 E.38998
G1 X27.465 Y176.196 E.01672
G1 X18.674 Y167.405 E.38998
G1 X18.674 Y167.939 E.01675
G1 X27.465 Y176.73 E.38998
G1 X27.465 Y177.263 E.01672
G1 X25.171 Y174.969 E.10176
G1 X25.207 Y175.109 E.00453
G1 X25.268 Y175.6 E.01552
G1 X27.465 Y177.797 E.09746
G1 X27.465 Y178.33 E.01672
G1 X25.242 Y176.108 E.09859
G1 X25.149 Y176.548 E.01411
G1 X27.465 Y178.864 E.10274
G1 X27.465 Y179.397 E.01672
G1 X25.004 Y176.937 E.10915
G1 X24.82 Y177.286 E.01238
G1 X27.465 Y179.931 E.11733
G1 X27.465 Y180.464 E.01672
G1 X24.596 Y177.596 E.12725
G1 X24.337 Y177.87 E.01183
G1 X27.465 Y180.998 E.13876
G1 X27.465 Y181.531 E.01672
G1 X24.046 Y178.113 E.15165
G1 X23.717 Y178.317 E.01214
G1 X27.465 Y182.065 E.16626
G1 X27.465 Y182.598 E.01672
G1 X23.348 Y178.482 E.18261
G1 X22.941 Y178.608 E.01336
G1 X27.465 Y183.132 E.20069
G1 X27.465 Y183.665 E.01672
G1 X22.465 Y178.665 E.2218
G1 X22.364 Y178.676 E.00319
G1 X21.91 Y178.644 E.01428
G1 X27.635 Y184.369 E.25397
G1 E-3.5 F3600
;WIPE_START
G1 F7200
G1 X25.402 Y182.136 E-1.5
;WIPE_END
G1 X23.336 Y173.135 F9000
G1 E5 F2400
G1 F1200
G1 X18.674 Y168.472 E.20683
G1 X18.674 Y169.006 E.01675
G1 X22.45 Y172.782 E.16751
G1 X22.13 Y172.776 E.01004
G1 X21.935 Y172.801 E.00617
G1 X18.674 Y169.539 E.14468
G1 X18.674 Y170.073 E.01675
G1 X21.493 Y172.892 E.12505
G1 X21.103 Y173.035 E.01303
G1 X18.674 Y170.606 E.10775
G1 X18.674 Y171.14 E.01675
G1 X20.756 Y173.222 E.09236
G1 X20.446 Y173.446 E.012
G1 X18.674 Y171.673 E.07863
G1 X18.674 Y172.207 E.01675
G1 X20.17 Y173.703 E.06636
G1 X19.93 Y173.997 E.0119
G1 X18.674 Y172.74 E.05574
G1 X18.674 Y173.274 E.01675
G1 X19.723 Y174.323 E.04653
G1 X19.557 Y174.69 E.01263
G1 X18.674 Y173.807 E.03917
G1 X18.674 Y174.341 E.01675
G1 X19.437 Y175.104 E.03385
G1 X19.379 Y175.58 E.01504
G1 X18.674 Y174.874 E.0313
G1 X18.674 Y175.408 E.01675
G1 X19.614 Y176.348 E.0417
G1 X18.504 Y175.772 F9000
G1 F1200
G1 X19.603 Y176.871 E.04875
G1 X19.816 Y177.286 E.01463
G1 X19.949 Y177.48 E.00738
G1 X20.176 Y177.751 E.01109
G1 X20.345 Y177.915 E.00739
G1 X20.62 Y178.135 E.01105
G1 X20.818 Y178.263 E.0074
G1 X21.172 Y178.44 E.01241
G1 X27.1 Y184.367 E.26295
G1 X26.566 Y184.367 E.01675
G1 X18.674 Y176.475 E.3501
G1 X18.674 Y177.008 E.01672
G1 X26.033 Y184.367 E.32645
G1 X25.499 Y184.367 E.01675
G1 X18.674 Y177.542 E.30276
G1 X18.674 Y178.075 E.01672
G1 X24.966 Y184.367 E.27912
G1 X24.432 Y184.367 E.01675
G1 X18.674 Y178.609 E.25543
G1 X18.674 Y179.142 E.01672
G1 X23.899 Y184.367 E.23179
G1 X23.365 Y184.367 E.01675
G1 X18.674 Y179.676 E.2081
G1 X18.674 Y180.209 E.01672
G1 X22.832 Y184.367 E.18445
G1 X22.298 Y184.367 E.01675
G1 X18.674 Y180.743 E.16076
G1 X18.674 Y181.276 E.01672
G1 X21.765 Y184.367 E.13712
G1 X21.231 Y184.367 E.01675
G1 X18.674 Y181.81 E.11343
G1 X18.674 Y182.343 E.01672
G1 X20.698 Y184.367 E.08979
G1 X20.164 Y184.367 E.01675
G1 X18.674 Y182.877 E.0661
G1 X18.674 Y183.41 E.01672
G1 X19.631 Y184.367 E.04245
G1 X19.097 Y184.367 E.01675
G1 X18.504 Y183.774 E.02631
G1 E-3.5 F3600
;WIPE_START
G1 F7200
G1 X19.097 Y184.367 E-.39835
G1 X19.631 Y184.367 E-.25365
G1 X18.674 Y183.41 E-.64287
G1 X18.674 Y182.978 E-.20513
;WIPE_END
G1 X66.423 Y23.094 F9000
G1 E5 F2400
G1 F1200
G1 X62.174 Y18.845 E.18849
G1 X62.174 Y19.379 E.01675
G1 X65.922 Y23.127 E.16626
G1 X65.593 Y23.331 E.01214
G1 X62.174 Y19.912 E.15167
G1 X62.174 Y20.446 E.01675
G1 X65.302 Y23.573 E.13874
G1 X65.043 Y23.848 E.01185
G1 X62.174 Y20.979 E.12727
G1 X62.174 Y21.513 E.01675
G1 X64.819 Y24.158 E.11733
G1 X64.635 Y24.507 E.01238
G1 X62.174 Y22.046 E.10917
G1 X62.174 Y22.58 E.01675
G1 X64.492 Y24.897 E.10281
G1 X64.395 Y25.335 E.01407
G1 X62.174 Y23.113 E.09855
G1 X62.174 Y23.647 E.01675
G1 X64.371 Y25.843 E.09744
G1 X64.417 Y26.276 E.01366
G1 X64.469 Y26.475 E.00645
G1 X62.174 Y24.18 E.10181
G1 X62.174 Y24.714 E.01675
G1 X70.965 Y33.505 E.38998
G1 X70.965 Y34.038 E.01672
G1 X62.174 Y25.247 E.38998
G1 X62.174 Y25.781 E.01675
G1 X70.965 Y34.572 E.38998
G1 X70.965 Y35.105 E.01672
G1 X62.174 Y26.314 E.38998
G1 X62.174 Y26.848 E.01675
G1 X70.965 Y35.639 E.38998
G1 X70.965 Y36.172 E.01672
G1 X62.174 Y27.381 E.38998
G1 X62.174 Y27.915 E.01675
G1 X70.965 Y36.706 E.38998
G1 X70.965 Y37.239 E.01672
G1 X62.174 Y28.448 E.38998
G1 X62.174 Y28.982 E.01675
G1 X70.965 Y37.773 E.38998
G1 X70.965 Y38.306 E.01672
G1 X62.174 Y29.515 E.38998
G1 X62.174 Y30.049 E.01675
G1 X70.965 Y38.84 E.38998
G1 X70.965 Y39.373 E.01672
G1 X62.174 Y30.582 E.38998
G1 X62.174 Y31.116 E.01675
G1 X70.965 Y39.907 E.38998
G1 X70.965 Y40.44 E.01672
G1 X62.174 Y31.649 E.38998
G1 X62.174 Y32.183 E.01675
G1 X70.965 Y40.974 E.38998
G1 X70.965 Y41.507 E.01672
G1 X62.174 Y32.716 E.38998
G1 X62.174 Y33.25 E.01675
G1 X70.965 Y42.041 E.38998
G1 X70.965 Y42.574 E.01672
G1 X62.174 Y33.783 E.38998
G1 X62.174 Y34.317 E.01675
G1 X70.965 Y43.108 E.38998
G1 X70.965 Y43.641 E.01672
G1 X62.174 Y34.85 E.38998
G1 X62.174 Y35.384 E.01675
G1 X70.965 Y44.175 E.38998
G1 X70.965 Y44.708 E.01672
G1 X62.174 Y35.917 E.38998
G1 X62.174 Y36.451 E.01675
G1 X70.965 Y45.242 E.38998
G1 X70.965 Y45.775 E.01672
G1 X62.174 Y36.984 E.38998
G1 X62.174 Y37.518 E.01675
G1 X70.965 Y46.309 E.38998
G1 X70.965 Y46.842 E.01672
G1 X62.174 Y38.051 E.38998
G1 X62.174 Y38.585 E.01675
G1 X70.965 Y47.376 E.38998
G1 X70.965 Y47.909 E.01672
G1 X62.174 Y39.118 E.38998
G1 X62.174 Y39.652 E.01675
G1 X70.965 Y48.443 E.38998
G1 X70.965 Y48.976 E.01672
G1 X62.174 Y40.185 E.38998
G1 X62.174 Y40.719 E.01675
G1 X70.965 Y49.51 E.38998
G1 X70.965 Y50.043 E.01672
G1 X62.174 Y41.252 E.38998
G1 X62.174 Y41.786 E.01675
G1 X70.965 Y50.577 E.38998
G1 X70.965 Y51.11 E.01672
G1 X62.174 Y42.319 E.38998
G1 X62.174 Y42.853 E.01675
G1 X70.965 Y51.644 E.38998
G1 X70.965 Y52.177 E.01672
G1 X62.174 Y43.386 E.38998
G1 X62.174 Y43.92 E.01675
G1 X70.965 Y52.711 E.38998
G1 X70.965 Y53.244 E.01672
G1 X62.174 Y44.453 E.38998
G1 X62.174 Y44.987 E.01675
G1 X70.965 Y53.778 E.38998
G1 X70.965 Y54.311 E.01672
G1 X62.174 Y45.52 E.38998
G1 X62.174 Y46.054 E.01675
G1 X70.965 Y54.845 E.38998
G1 X70.965 Y55.378 E.01672
G1 X62.174 Y46.587 E.38998
G1 X62.174 Y47.121 E.01675
G1 X70.965 Y55.912 E.38998
G1 X70.965 Y56.445 E.01672
G1 X62.174 Y47.654 E.38998
G1 X62.174 Y48.188 E.01675
G1 X70.965 Y56.979 E.38998
G1 X70.965 Y57.512 E.01672
G1 X62.174 Y48.721 E.38998
G1 X62.174 Y49.255 E.01675
G1 X70.965 Y58.046 E.38998
G1 X70.965 Y58.579 E.01672
G1 X62.174 Y49.788 E.38998
G1 X62.174 Y50.322 E.01675
G1 X70.965 Y59.113 E.38998
G1 X70.965 Y59.646 E.01672
G1 X62.174 Y50.855 E.38998
G1 X62.174 Y51.389 E.01675
G1 X70.965 Y60.18 E.38998
G1 X70.965 Y60.713 E.01672
G1 X62.174 Y51.922 E.38998
G1 X62.174 Y52.456 E.01675
G1 X70.965 Y61.247 E.38998
G1 X70.965 Y61.78 E.01672
G1 X62.174 Y52.989 E.38998
G1 X62.174 Y53.523 E.01675
G1 X70.965 Y62.314 E.38998
G1 X70.965 Y62.847 E.01672
G1 X62.174 Y54.056 E.38998
G1 X62.174 Y54.59 E.01675
G1 X70.965 Y63.381 E.38998
G1 X70.965 Y63.914 E.01672
G1 X62.174 Y55.123 E.38998
G1 X62.174 Y55.657 E.01675
G1 X70.965 Y64.448 E.38998
G1 X70.965 Y64.981 E.01672
G1 X62.174 Y56.19 E.38998
G1 X62.174 Y56.724 E.01675
G1 X70.965 Y65.515 E.38998
G1 X70.965 Y66.048 E.01672
G1 X62.174 Y57.257 E.38998
G1 X62.174 Y57.791 E.01675
G1 X70.965 Y66.582 E.38998
G1 X70.965 Y67.115 E.01672
G1 X62.174 Y58.324 E.38998
G1 X62.174 Y58.858 E.01675
G1 X70.965 Y67.649 E.38998
G1 X70.965 Y68.182 E.01672
G1 X62.174 Y59.391 E.38998
G1 X62.174 Y59.925 E.01675
G1 X70.965 Y68.716 E.38998
G1 X70.965 Y69.249 E.01672
G1 X62.174 Y60.458 E.38998
G1 X62.174 Y60.992 E.01675
G1 X70.965 Y69.783 E.38998
G1 X70.965 Y70.316 E.01672
G1 X62.174 Y61.525 E.38998
G1 X62.174 Y62.059 E.01675
G1 X70.965 Y70.85 E.38998
G1 X70.965 Y71.383 E.01672
G1 X62.174 Y62.592 E.38998
G1 X62.174 Y63.126 E.01675
G1 X70.965 Y71.917 E.38998
G1 X70.965 Y72.45 E.01672
G1 X62.174 Y63.659 E.38998
G1 X62.174 Y64.193 E.01675
G1 X70.965 Y72.984 E.38998
G1 X70.965 Y73.517 E.01672
G1 X62.174 Y64.726 E.38998
G1 X62.174 Y65.26 E.01675
G1 X70.965 Y74.051 E.38998
G1 X70.965 Y74.584 E.01672
G1 X62.174 Y65.793 E.38998
G1 X62.174 Y66.327 E.01675
G1 X70.965 Y75.118 E.38998
G1 X70.965 Y75.651 E.01672
G1 X62.174 Y66.86 E.38998
G1 X62.174 Y67.394 E.01675
G1 X70.965 Y76.185 E.38998
G1 X70.965 Y76.718 E.01672
G1 X62.174 Y67.927 E.38998
G1 X62.174 Y68.461 E.01675
G1 X70.965 Y77.252 E.38998
G1 X70.965 Y77.785 E.01672
G1 X62.174 Y68.994 E.38998
G1 X62.174 Y69.528 E.01675
G1 X70.965 Y78.319 E.38998
G1 X70.965 Y78.852 E.01672
G1 X62.174 Y70.061 E.38998
G1 X62.174 Y70.595 E.01675
G1 X70.965 Y79.386 E.38998
G1 X70.965 Y79.919 E.01672
G1 X62.174 Y71.128 E.38998
G1 X62.174 Y71.662 E.01675
G1 X70.965 Y80.453 E.38998
G1 X70.965 Y80.986 E.01672
G1 X62.174 Y72.195 E.38998
G1 X62.174 Y72.729 E.01675
G1 X70.965 Y81.52 E.38998
G1 X70.965 Y82.053 E.01672
G1 X62.174 Y73.262 E.38998
G1 X62.174 Y73.796 E.01675
G1 X70.965 Y82.587 E.38998
G1 X70.965 Y83.12 E.01672
G1 X62.174 Y74.329 E.38998
G1 X62.174 Y74.863 E.01675
G1 X70.965 Y83.654 E.38998
G1 X70.965 Y84.187 E.01672
G1 X62.174 Y75.396 E.38998
G1 X62.174 Y75.93 E.01675
G1 X70.965 Y84.721 E.38998
G1 X70.965 Y85.254 E.01672
G1 X62.174 Y76.463 E.38998
G1 X62.174 Y76.997 E.01675
G1 X70.965 Y85.788 E.38998
G1 X70.965 Y86.321 E.01672
G1 X62.174 Y77.53 E.38998
G1 X62.174 Y78.064 E.01675
G1 X70.965 Y86.855 E.38998
G1 X70.965 Y87.388 E.01672
G1 X62.174 Y78.597 E.38998
G1 X62.174 Y79.131 E.01675
G1 X70.965 Y87.922 E.38998
G1 X70.965 Y88.455 E.01672
G1 X62.174 Y79.664 E.38998
G1 X62.174 Y80.198 E.01675
G1 X70.965 Y88.989 E.38998
G1 X70.965 Y89.522 E.01672
G1 X62.174 Y80.731 E.38998
G1 X62.174 Y81.265 E.01675
G1 X70.965 Y90.056 E.38998
G1 X70.965 Y90.589 E.01672
G1 X62.174 Y81.798 E.38998
G1 X62.174 Y82.332 E.01675
G1 X70.965 Y91.123 E.38998
G1 X70.965 Y91.656 E.01672
G1 X62.174 Y82.865 E.38998
G1 X62.174 Y83.399 E.01675
G1 X70.965 Y92.19 E.38998
G1 X70.965 Y92.723 E.01672
G1 X62.174 Y83.932 E.38998
G1 X62.174 Y84.466 E.01675
G1 X70.965 Y93.257 E.38998
G1 X70.965 Y93.79 E.01672
G1 X62.174 Y84.999 E.38998
G1 X62.174 Y85.533 E.01675
G1 X70.965 Y94.324 E.38998
G1 X70.965 Y94.857 E.01672
G1 X62.174 Y86.066 E.38998
G1 X62.174 Y86.6 E.01675
G1 X70.965 Y95.391 E.38998
G1 X70.965 Y95.924 E.01672
G1 X62.174 Y87.133 E.38998
G1 X62.174 Y87.667 E.01675
G1 X70.965 Y96.458 E.38998
G1 X70.965 Y96.991 E.01672
G1 X62.174 Y88.2 E.38998
G1 X62.174 Y88.734 E.01675
G1 X70.965 Y97.525 E.38998
G1 X70.965 Y98.058 E.01672
G1 X62.174 Y89.267 E.38998
G1 X62.174 Y89.801 E.01675
G1 X70.965 Y98.592 E.38998
G1 X70.965 Y99.125 E.01672
G1 X62.174 Y90.334 E.38998
G1 X62.174 Y90.868 E.01675
G1 X70.965 Y99.659 E.38998
G1 X70.965 Y100.192 E.01672
G1 X62.174 Y91.401 E.38998
G1 X62.174 Y91.935 E.01675
G1 X68.128 Y97.889 E.26412
G1 X68.506 Y98.02 E.01255
G1 X68.82 Y98.181 E.01107
G1 X69.018 Y98.308 E.00738
G1 X69.294 Y98.529 E.01109
G1 X69.463 Y98.693 E.00739
G1 X69.808 Y99.133 E.01754
G1 X70.027 Y99.547 E.01469
G1 X70.158 Y99.919 E.01237
G1 X70.965 Y100.726 E.0358
G1 X70.965 Y101.259 E.01672
G1 X70.263 Y100.557 E.03114
G1 X70.244 Y101.072 E.01617
G1 X70.965 Y101.793 E.03198
G1 X70.965 Y102.326 E.01672
G1 X70.156 Y101.517 E.03589
G1 X70.016 Y101.911 E.01312
G1 X70.965 Y102.86 E.0421
G1 X70.965 Y103.393 E.01672
G1 X69.834 Y102.262 E.05017
G1 X69.612 Y102.574 E.01201
G1 X70.965 Y103.927 E.06002
G1 X70.965 Y104.46 E.01672
G1 X69.357 Y102.853 E.07131
G1 X69.068 Y103.097 E.01186
G1 X70.965 Y104.994 E.08415
G1 X70.965 Y105.527 E.01672
G1 X68.741 Y103.303 E.09866
G1 X68.378 Y103.474 E.01259
G1 X70.965 Y106.061 E.11476
G1 X70.965 Y106.594 E.01672
G1 X67.969 Y103.598 E.1329
G1 X67.504 Y103.667 E.01475
G1 X70.965 Y107.128 E.15353
G1 X70.965 Y107.661 E.01672
G1 X66.747 Y103.443 E.18711
G1 E-3.5 F3600
;WIPE_START
G1 F7200
G1 X68.98 Y105.676 E-1.5
;WIPE_END
G1 X67.67 Y97.964 F9000
G1 E5 F2400
G1 F1200
G1 X62.174 Y92.468 E.24381
G1 X62.174 Y93.002 E.01675
G1 X66.969 Y97.797 E.21271
G1 X66.521 Y97.882 E.0143
G1 X62.174 Y93.535 E.19284
G1 X62.174 Y94.069 E.01675
G1 X66.129 Y98.024 E.17545
G1 X65.78 Y98.209 E.01239
G1 X62.174 Y94.602 E.15999
G1 X62.174 Y95.136 E.01675
G1 X65.467 Y98.429 E.14608
G1 X65.192 Y98.687 E.01183
G1 X62.174 Y95.669 E.13388
G1 X62.174 Y96.203 E.01675
G1 X64.949 Y98.978 E.1231
G1 X64.817 Y99.156 E.00695
G1 X64.739 Y99.301 E.00516
G1 X62.174 Y96.736 E.11379
G1 X62.174 Y97.27 E.01675
G1 X64.566 Y99.662 E.10611
G1 X64.442 Y100.072 E.01344
G1 X62.174 Y97.803 E.10063
G1 X62.174 Y98.337 E.01675
G1 X64.377 Y100.54 E.09773
G1 X64.37 Y100.84 E.00941
G1 X64.398 Y101.094 E.00802
G1 X62.174 Y98.87 E.09866
G1 X62.174 Y99.404 E.01675
G1 X64.576 Y101.806 E.10655
G1 X64.816 Y102.286 E.01683
G1 X64.949 Y102.48 E.00738
G1 X65.176 Y102.751 E.01109
G1 X65.344 Y102.915 E.00736
G1 X65.62 Y103.135 E.01107
G1 X65.818 Y103.263 E.0074
G1 X66.234 Y103.464 E.01449
G1 X70.965 Y108.195 E.20987
G1 X70.965 Y108.728 E.01672
G1 X62.174 Y99.937 E.38998
G1 X62.174 Y100.471 E.01675
G1 X70.965 Y109.262 E.38998
G1 X70.965 Y109.795 E.01672
G1 X62.174 Y101.004 E.38998
G1 X62.174 Y101.538 E.01675
G1 X70.965 Y110.329 E.38998
G1 X70.965 Y110.862 E.01672
G1 X62.174 Y102.071 E.38998
G1 X62.174 Y102.605 E.01675
G1 X70.965 Y111.396 E.38998
G1 X70.965 Y111.929 E.01672
G1 X62.174 Y103.138 E.38998
G1 X62.174 Y103.672 E.01675
G1 X70.965 Y112.463 E.38998
G1 X70.965 Y112.996 E.01672
G1 X62.174 Y104.205 E.38998
G1 X62.174 Y104.739 E.01675
G1 X70.965 Y113.53 E.38998
G1 X70.965 Y114.063 E.01672
G1 X62.174 Y105.272 E.38998
G1 X62.174 Y105.806 E.01675
G1 X70.965 Y114.597 E.38998
G1 X70.965 Y115.13 E.01672
G1 X62.174 Y106.339 E.38998
G1 X62.174 Y106.873 E.01675
G1 X70.965 Y115.664 E.38998
G1 X70.965 Y116.197 E.01672
G1 X62.174 Y107.406 E.38998
G1 X62.174 Y107.94 E.01675
G1 X70.965 Y116.731 E.38998
G1 X70.965 Y117.264 E.01672
G1 X62.174 Y108.473 E.38998
G1 X62.174 Y109.007 E.01675
G1 X70.965 Y117.798 E.38998
G1 X70.965 Y118.331 E.01672
G1 X62.174 Y109.54 E.38998
G1 X62.174 Y110.074 E.01675
G1 X70.965 Y118.865 E.38998
G1 X70.965 Y119.398 E.01672
G1 X62.174 Y110.607 E.38998
G1 X62.174 Y111.141 E.01675
G1 X70.965 Y119.932 E.38998
G1 X70.965 Y120.465 E.01672
G1 X62.174 Y111.674 E.38998
G1 X62.174 Y112.208 E.01675
G1 X70.965 Y120.999 E.38998
G1 X70.965 Y121.532 E.01672
G1 X62.174 Y112.741 E.38998
G1 X62.174 Y113.275 E.01675
G1 X70.965 Y122.066 E.38998
G1 X70.965 Y122.599 E.01672
G1 X62.174 Y113.808 E.38998
G1 X62.174 Y114.342 E.01675
G1 X70.965 Y123.133 E.38998
G1 X70.965 Y123.666 E.01672
G1 X62.174 Y114.875 E.38998
G1 X62.174 Y115.409 E.01675
G1 X70.965 Y124.2 E.38998
G1 X70.965 Y124.733 E.01672
G1 X62.174 Y115.942 E.38998
G1 X62.174 Y116.476 E.01675
G1 X70.965 Y125.267 E.38998
G1 X70.965 Y125.8 E.01672
G1 X62.174 Y117.009 E.38998
G1 X62.174 Y117.543 E.01675
G1 X70.965 Y126.334 E.38998
G1 X70.965 Y126.867 E.01672
G1 X62.174 Y118.076 E.38998
G1 X62.174 Y118.61 E.01675
G1 X70.965 Y127.401 E.38998
G1 X70.965 Y127.934 E.01672
G1 X62.174 Y119.143 E.38998
G1 X62.174 Y119.677 E.01675
G1 X70.965 Y128.468 E.38998
G1 X70.965 Y129.001 E.01672
G1 X62.174 Y120.21 E.38998
G1 X62.174 Y120.744 E.01675
G1 X70.965 Y129.535 E.38998
G1 X70.965 Y130.068 E.01672
G1 X62.174 Y121.277 E.38998
G1 X62.174 Y121.811 E.01675
G1 X70.965 Y130.602 E.38998
G1 X70.965 Y131.135 E.01672
G1 X62.174 Y122.344 E.38998
G1 X62.174 Y122.878 E.01675
G1 X70.965 Y131.669 E.38998
G1 X70.965 Y132.202 E.01672
G1 X62.174 Y123.411 E.38998
G1 X62.174 Y123.945 E.01675
G1 X70.965 Y132.736 E.38998
G1 X70.965 Y133.269 E.01672
G1 X62.174 Y124.478 E.38998
G1 X62.174 Y125.012 E.01675
G1 X70.965 Y133.803 E.38998
G1 X70.965 Y134.336 E.01672
G1 X62.174 Y125.545 E.38998
G1 X62.174 Y126.079 E.01675
G1 X70.965 Y134.87 E.38998
G1 X70.965 Y135.403 E.01672
G1 X62.174 Y126.612 E.38998
G1 X62.174 Y127.146 E.01675
G1 X70.965 Y135.937 E.38998
G1 X70.965 Y136.47 E.01672
G1 X62.174 Y127.679 E.38998
G1 X62.174 Y128.213 E.01675
G1 X70.965 Y137.004 E.38998
G1 X70.965 Y137.537 E.01672
G1 X62.174 Y128.746 E.38998
G1 X62.174 Y129.28 E.01675
G1 X70.965 Y138.071 E.38998
G1 X70.965 Y138.604 E.01672
G1 X62.174 Y129.813 E.38998
G1 X62.174 Y130.347 E.01675
G1 X70.965 Y139.138 E.38998
G1 X70.965 Y139.671 E.01672
G1 X62.174 Y130.88 E.38998
G1 X62.174 Y131.414 E.01675
G1 X70.965 Y140.205 E.38998
G1 X70.965 Y140.738 E.01672
G1 X62.174 Y131.947 E.38998
G1 X62.174 Y132.481 E.01675
G1 X70.965 Y141.272 E.38998
G1 X70.965 Y141.805 E.01672
G1 X62.174 Y133.014 E.38998
G1 X62.174 Y133.548 E.01675
G1 X70.965 Y142.339 E.38998
G1 X70.965 Y142.872 E.01672
G1 X62.174 Y134.081 E.38998
G1 X62.174 Y134.615 E.01675
G1 X70.965 Y143.406 E.38998
G1 X70.965 Y143.939 E.01672
G1 X62.174 Y135.148 E.38998
G1 X62.174 Y135.682 E.01675
G1 X70.965 Y144.473 E.38998
G1 X70.965 Y145.006 E.01672
G1 X62.174 Y136.215 E.38998
G1 X62.174 Y136.749 E.01675
G1 X70.965 Y145.54 E.38998
G1 X70.965 Y146.073 E.01672
G1 X62.174 Y137.282 E.38998
G1 X62.174 Y137.816 E.01675
G1 X70.965 Y146.607 E.38998
G1 X70.965 Y147.14 E.01672
G1 X62.174 Y138.349 E.38998
G1 X62.174 Y138.883 E.01675
G1 X70.965 Y147.674 E.38998
G1 X70.965 Y148.207 E.01672
G1 X62.174 Y139.416 E.38998
G1 X62.174 Y139.95 E.01675
G1 X70.965 Y148.741 E.38998
G1 X70.965 Y149.274 E.01672
G1 X62.174 Y140.483 E.38998
G1 X62.174 Y141.017 E.01675
G1 X70.965 Y149.808 E.38998
G1 X70.965 Y150.341 E.01672
G1 X62.174 Y141.55 E.38998
G1 X62.174 Y142.084 E.01675
G1 X70.965 Y150.875 E.38998
G1 X70.965 Y151.408 E.01672
G1 X62.174 Y142.617 E.38998
G1 X62.174 Y143.151 E.01675
G1 X70.965 Y151.942 E.38998
G1 X70.965 Y152.475 E.01672
G1 X62.174 Y143.684 E.38998
G1 X62.174 Y144.218 E.01675
G1 X70.965 Y153.009 E.38998
G1 X70.965 Y153.542 E.01672
G1 X62.174 Y144.751 E.38998
G1 X62.174 Y145.285 E.01675
G1 X70.965 Y154.076 E.38998
G1 X70.965 Y154.609 E.01672
G1 X62.174 Y145.818 E.38998
G1 X62.174 Y146.352 E.01675
G1 X70.965 Y155.143 E.38998
G1 X70.965 Y155.676 E.01672
G1 X62.174 Y146.885 E.38998
G1 X62.174 Y147.419 E.01675
G1 X70.965 Y156.21 E.38998
G1 X70.965 Y156.743 E.01672
G1 X62.174 Y147.952 E.38998
G1 X62.174 Y148.486 E.01675
G1 X70.965 Y157.277 E.38998
G1 X70.965 Y157.81 E.01672
G1 X62.174 Y149.019 E.38998
G1 X62.174 Y149.553 E.01675
G1 X70.965 Y158.344 E.38998
G1 X70.965 Y158.877 E.01672
G1 X62.174 Y150.086 E.38998
G1 X62.174 Y150.62 E.01675
G1 X70.965 Y159.411 E.38998
G1 X70.965 Y159.944 E.01672
G1 X62.174 Y151.153 E.38998
G1 X62.174 Y151.687 E.01675
G1 X70.965 Y160.478 E.38998
G1 X70.965 Y161.011 E.01672
G1 X62.174 Y152.22 E.38998
G1 X62.174 Y152.754 E.01675
G1 X70.965 Y161.545 E.38998
G1 X70.965 Y162.078 E.01672
G1 X62.174 Y153.287 E.38998
G1 X62.174 Y153.821 E.01675
G1 X70.965 Y162.612 E.38998
G1 X70.965 Y163.145 E.01672
G1 X62.174 Y154.354 E.38998
G1 X62.174 Y154.888 E.01675
G1 X70.965 Y163.679 E.38998
G1 X70.965 Y164.212 E.01672
G1 X62.174 Y155.421 E.38998
G1 X62.174 Y155.955 E.01675
G1 X70.965 Y164.746 E.38998
G1 X70.965 Y165.279 E.01672
G1 X62.174 Y156.488 E.38998
G1 X62.174 Y157.022 E.01675
G1 X70.965 Y165.813 E.38998
G1 X70.965 Y166.346 E.01672
G1 X62.174 Y157.555 E.38998
G1 X62.174 Y158.089 E.01675
G1 X70.965 Y166.88 E.38998
G1 X70.965 Y167.413 E.01672
G1 X62.174 Y158.622 E.38998
G1 X62.174 Y159.156 E.01675
G1 X70.965 Y167.947 E.38998
G1 X70.965 Y168.48 E.01672
G1 X62.174 Y159.689 E.38998
G1 X62.174 Y160.223 E.01675
G1 X70.965 Y169.014 E.38998
G1 X70.965 Y169.547 E.01672
G1 X62.174 Y160.756 E.38998
G1 X62.174 Y161.29 E.01675
G1 X70.965 Y170.081 E.38998
G1 X70.965 Y170.614 E.01672
G1 X62.174 Y161.823 E.38998
G1 X62.174 Y162.357 E.01675
G1 X70.965 Y171.148 E.38998
G1 X70.965 Y171.681 E.01672
G1 X62.174 Y162.89 E.38998
G1 X62.174 Y163.424 E.01675
G1 X70.965 Y172.215 E.38998
G1 X70.965 Y172.748 E.01672
G1 X62.174 Y163.957 E.38998
G1 X62.174 Y164.491 E.01675
G1 X70.965 Y173.282 E.38998
G1 X70.965 Y173.815 E.01672
G1 X62.174 Y165.024 E.38998
G1 X62.174 Y165.558 E.01675
G1 X70.965 Y174.349 E.38998
G1 X70.965 Y174.882 E.01672
G1 X62.174 Y166.091 E.38998
G1 X62.174 Y166.625 E.01675
G1 X71.135 Y175.586 E.39752
G1 X69.999 Y174.984 F9000
G1 F1200
G1 X70.965 Y175.949 E.04283
G1 X70.965 Y176.483 E.01675
G1 X70.263 Y175.781 E.03114
G1 X70.217 Y176.269 E.01538
G1 X70.965 Y177.016 E.03316
G1 X70.965 Y177.55 E.01675
G1 X70.105 Y176.69 E.03815
G1 X69.944 Y177.062 E.01271
G1 X70.965 Y178.083 E.04529
G1 X70.965 Y178.617 E.01675
G1 X69.746 Y177.398 E.05408
G1 X69.511 Y177.696 E.0119
G1 X70.965 Y179.15 E.0645
G1 X70.965 Y179.684 E.01675
G1 X69.238 Y177.957 E.07661
G1 X68.937 Y178.19 E.01194
G1 X70.965 Y180.217 E.08994
G1 X70.965 Y180.751 E.01675
G1 X68.595 Y178.381 E.10514
G1 X68.211 Y178.53 E.01292
G1 X70.965 Y181.284 E.12217
G1 X70.965 Y181.818 E.01675
G1 X67.779 Y178.632 E.14133
G1 X67.284 Y178.671 E.01558
G1 X70.965 Y182.351 E.16327
G1 X70.965 Y182.885 E.01675
G1 X66.434 Y178.354 E.201
G1 E-3.5 F3600
;WIPE_START
G1 F7200
G1 X68.667 Y180.587 E-1.5
;WIPE_END
G1 X68.058 Y173.043 F9000
G1 E5 F2400
G1 F1200
G1 X62.174 Y167.158 E.26104
G1 X62.174 Y167.692 E.01675
G1 X67.254 Y172.772 E.22535
G1 X66.771 Y172.822 E.01523
G1 X62.174 Y168.225 E.20393
G1 X62.174 Y168.759 E.01675
G1 X66.353 Y172.938 E.18538
G1 X65.977 Y173.095 E.01278
G1 X62.174 Y169.292 E.1687
G1 X62.174 Y169.826 E.01675
G1 X65.643 Y173.295 E.15389
G1 X65.347 Y173.533 E.01191
G1 X62.174 Y170.359 E.14078
G1 X62.174 Y170.893 E.01675
G1 X65.08 Y173.799 E.12891
G1 X64.852 Y174.104 E.01194
G1 X62.174 Y171.426 E.1188
G1 X62.174 Y171.96 E.01675
G1 X64.663 Y174.449 E.11041
G1 X64.507 Y174.827 E.01283
G1 X62.174 Y172.493 E.10352
G1 X62.174 Y173.027 E.01675
G1 X64.411 Y175.264 E.09924
G1 X64.367 Y175.753 E.0154
G1 X62.174 Y173.56 E.09728
G1 X62.174 Y174.094 E.01675
G1 X64.69 Y176.61 E.11161
G1 E-3.5 F3600
;WIPE_START
G1 F7200
G1 X62.457 Y174.377 E-1.5
;WIPE_END
G1 X62.004 Y174.458 F9000
G1 E5 F2400
G1 F1200
G1 X70.965 Y183.418 E.39749
G1 X70.965 Y183.952 E.01675
G1 X62.174 Y175.161 E.38998
G1 X62.174 Y175.694 E.01672
G1 X70.847 Y184.367 E.38474
G1 X70.313 Y184.367 E.01675
G1 X62.174 Y176.228 E.36105
G1 X62.174 Y176.761 E.01672
G1 X69.78 Y184.367 E.33741
G1 X69.246 Y184.367 E.01675
G1 X62.174 Y177.295 E.31372
G1 X62.174 Y177.828 E.01672
G1 X68.713 Y184.367 E.29008
G1 X68.179 Y184.367 E.01675
G1 X62.174 Y178.362 E.26639
G1 X62.174 Y178.895 E.01672
G1 X67.646 Y184.367 E.24274
G1 X67.112 Y184.367 E.01675
G1 X62.174 Y179.429 E.21905
G1 X62.174 Y179.962 E.01672
G1 X66.579 Y184.367 E.19541
G1 X66.045 Y184.367 E.01675
G1 X62.174 Y180.496 E.17172
G1 X62.174 Y181.029 E.01672
G1 X65.512 Y184.367 E.14808
G1 X64.978 Y184.367 E.01675
G1 X62.174 Y181.563 E.12439
G1 X62.174 Y182.096 E.01672
G1 X64.445 Y184.367 E.10074
G1 X63.911 Y184.367 E.01675
G1 X62.174 Y182.63 E.07705
G1 X62.174 Y183.163 E.01672
G1 X63.378 Y184.367 E.05341
G1 X62.844 Y184.367 E.01675
G1 X62.174 Y183.697 E.02972
G1 X62.174 Y184.23 E.01672
G1 X62.481 Y184.537 E.01362
M106 S255
;LAYER_CHANGE
;Z:0.36
;HEIGHT:0.16
;BEFORE_LAYER_CHANGE
G92 E0
;0.36


G1 E-3.5 F3600
;WIPE_START
G1 F7200
G1 X62.174 Y184.23 E-.20623
G1 X62.174 Y183.697 E-.25317
G1 X62.844 Y184.367 E-.45007
G1 X63.378 Y184.367 E-.25365
G1 X62.876 Y183.866 E-.33688
;WIPE_END
G1 Z.36 F9000
;AFTER_LAYER_CHANGE
;0.36
; stop printing object Wanne_kabelkette-Abdeckung.stl id:0 copy 0
G1 X62.481 Y188.91
G1 E5 F2400
;TYPE:Skirt/Brim
;WIDTH:0.42
G1 X17.319 Y188.91 E1.15861
G1 X15.784 Y188.517 E.04065
G1 X14.629 Y187.433 E.04064
G1 X14.131 Y185.722 E.04572
G1 X14.131 Y15.722 E4.36126
G1 X14.525 Y14.187 E.04066
G1 X15.608 Y13.031 E.04064
G1 X17.319 Y12.533 E.04572
G1 X72.319 Y12.533 E1.41099
G1 X73.854 Y12.927 E.04066
G1 X75.01 Y14.011 E.04066
G1 X75.508 Y15.722 E.04572
G1 X75.508 Y185.722 E4.36126
G1 X75.114 Y187.257 E.04066
G1 X74.03 Y188.413 E.04066
G1 X72.319 Y188.91 E.04571
G1 X62.541 Y188.91 E.25085
G1 E-3.5 F3600
;WIPE_START
G1 F7200
G1 X62.481 Y188.91 E-.0285
G1 X59.383 Y188.91 E-1.4715
;WIPE_END
; printing object Wanne_kabelkette-Abdeckung.stl id:0 copy 0
G1 X67.125 Y103.312 F9000
G1 E5 F2400
;TYPE:Perimeter
;WIDTH:0.439999
G1 F1800
G1 X66.964 Y103.306 E.00435
G1 X66.459 Y103.184 E.01402
G1 X65.988 Y102.965 E.01402
G1 X65.57 Y102.657 E.01401
G1 X65.222 Y102.272 E.014
G1 X64.956 Y101.826 E.01401
G1 X64.784 Y101.335 E.01404
G1 X64.713 Y100.821 E.014
G1 X64.745 Y100.302 E.01403
G1 X64.879 Y99.801 E.01399
G1 X65.11 Y99.335 E.01404
G1 X65.429 Y98.925 E.01402
G1 X65.822 Y98.586 E.01401
G1 X66.056 Y98.447 E.00734
G1 X66.573 Y98.229 E.01514
G1 X67.155 Y98.119 E.01598
G1 X67.675 Y98.138 E.01404
G1 X68.179 Y98.259 E.01399
G1 X68.65 Y98.479 E.01403
G1 X69.068 Y98.787 E.01401
G1 X69.417 Y99.172 E.01402
G1 X69.683 Y99.618 E.01401
G1 X69.854 Y100.108 E.014
G1 X69.898 Y100.376 E.00733
G1 X69.912 Y100.938 E.01517
G1 X69.803 Y101.52 E.01598
G1 X69.595 Y101.997 E.01404
G1 X69.297 Y102.422 E.01401
G1 X68.921 Y102.78 E.01401
G1 X68.482 Y103.057 E.01401
G1 X67.996 Y103.241 E.01402
G1 X67.483 Y103.325 E.01403
G1 X67.185 Y103.314 E.00805
G1 X67.155 Y102.909 F9000
G1 F1800
G1 X66.879 Y102.881 E.00749
G1 X66.46 Y102.751 E.01184
G1 X66.075 Y102.54 E.01185
G1 X65.739 Y102.258 E.01184
G1 X65.466 Y101.914 E.01185
G1 X65.267 Y101.524 E.01181
G1 X65.149 Y101.101 E.01185
G1 X65.117 Y100.663 E.01185
G1 X65.172 Y100.228 E.01183
G1 X65.312 Y99.812 E.01184
G1 X65.532 Y99.433 E.01183
G1 X65.823 Y99.104 E.01185
G1 X66.213 Y98.821 E.013
G1 X66.731 Y98.603 E.01517
G1 X67.206 Y98.521 E.01301
G1 X67.76 Y98.563 E.01499
G1 X68.179 Y98.693 E.01184
G1 X68.564 Y98.903 E.01183
G1 X68.899 Y99.186 E.01183
G1 X69.172 Y99.529 E.01183
G1 X69.372 Y99.92 E.01185
G1 X69.493 Y100.386 E.01299
G1 X69.507 Y100.948 E.01517
G1 X69.409 Y101.42 E.01301
G1 X69.168 Y101.92 E.01498
G1 X68.894 Y102.263 E.01185
G1 X68.558 Y102.545 E.01184
G1 X68.172 Y102.754 E.01184
G1 X67.752 Y102.882 E.01185
G1 X67.316 Y102.925 E.01182
G1 X67.215 Y102.915 E.00274
G1 X67.274 Y102.525 F9000
;TYPE:External perimeter
;WIDTH:0.419999
G1 F1800
G1 X66.986 Y102.5 E.00742
G1 X66.641 Y102.399 E.00922
G1 X66.322 Y102.231 E.00925
G1 X66.042 Y102.004 E.00925
G1 X65.814 Y101.725 E.00924
G1 X65.645 Y101.407 E.00924
G1 X65.542 Y101.062 E.00924
G1 X65.51 Y100.703 E.00925
G1 X65.55 Y100.345 E.00924
G1 X65.66 Y100.001 E.00927
G1 X65.835 Y99.687 E.00922
G1 X66.07 Y99.413 E.00926
G1 X66.367 Y99.186 E.00959
G1 X66.885 Y98.967 E.01443
G1 X67.255 Y98.914 E.00959
G1 X67.652 Y98.944 E.01021
G1 X67.998 Y99.045 E.00925
G1 X68.317 Y99.213 E.00925
G1 X68.596 Y99.44 E.00923
G1 X68.825 Y99.719 E.00926
G1 X68.994 Y100.037 E.00924
G1 X69.097 Y100.396 E.00958
G1 X69.111 Y100.958 E.01442
G1 X69.013 Y101.359 E.01059
G1 X68.853 Y101.682 E.00925
G1 X68.632 Y101.966 E.00923
G1 X68.36 Y102.202 E.00924
G1 X68.046 Y102.379 E.00925
G1 X67.703 Y102.49 E.00925
G1 X67.345 Y102.531 E.00924
G1 X67.334 Y102.53 E.00028
G1 E-3.5 F3600
;WIPE_START
G1 F7200
G1 X67.274 Y102.525 E-.0286
G1 X66.986 Y102.5 E-.13731
G1 X66.641 Y102.399 E-.17075
G1 X66.322 Y102.231 E-.17125
G1 X66.042 Y102.004 E-.17122
G1 X65.814 Y101.725 E-.17115
G1 X65.645 Y101.407 E-.17106
G1 X65.542 Y101.062 E-.17102
G1 X65.51 Y100.703 E-.1712
G1 X65.542 Y100.417 E-.13644
;WIPE_END
G1 X24.907 Y100.722 F9000
G1 E5 F2400
;TYPE:Perimeter
;WIDTH:0.439999
G1 F1800
G1 X24.912 Y100.938 E.00583
G1 X24.802 Y101.52 E.01598
G1 X24.595 Y101.997 E.01403
G1 X24.297 Y102.422 E.01401
G1 X23.921 Y102.78 E.01401
G1 X23.482 Y103.057 E.01401
G1 X22.996 Y103.241 E.01402
G1 X22.483 Y103.325 E.01403
G1 X21.964 Y103.306 E.01401
G1 X21.459 Y103.184 E.01402
G1 X20.988 Y102.965 E.01402
G1 X20.57 Y102.657 E.01401
G1 X20.222 Y102.272 E.014
G1 X19.956 Y101.826 E.01401
G1 X19.784 Y101.335 E.01404
G1 X19.713 Y100.821 E.014
G1 X19.745 Y100.302 E.01403
G1 X19.879 Y99.801 E.01399
G1 X20.11 Y99.335 E.01404
G1 X20.429 Y98.925 E.01402
G1 X20.822 Y98.586 E.01401
G1 X21.056 Y98.447 E.00734
G1 X21.573 Y98.229 E.01514
G1 X22.155 Y98.119 E.01598
G1 X22.675 Y98.138 E.01404
G1 X23.179 Y98.259 E.01399
G1 X23.65 Y98.479 E.01403
G1 X24.068 Y98.787 E.01401
G1 X24.417 Y99.172 E.01402
G1 X24.683 Y99.618 E.01401
G1 X24.854 Y100.108 E.014
G1 X24.898 Y100.376 E.00733
G1 X24.905 Y100.662 E.00772
G1 X24.501 Y100.722 F9000
G1 F1800
G1 X24.507 Y100.948 E.0061
G1 X24.409 Y101.42 E.01301
G1 X24.168 Y101.92 E.01498
G1 X23.894 Y102.263 E.01185
G1 X23.558 Y102.545 E.01184
G1 X23.172 Y102.754 E.01184
G1 X22.752 Y102.882 E.01185
G1 X22.316 Y102.925 E.01182
G1 X21.879 Y102.881 E.01185
G1 X21.46 Y102.751 E.01184
G1 X21.075 Y102.54 E.01185
G1 X20.739 Y102.258 E.01184
G1 X20.466 Y101.914 E.01185
G1 X20.267 Y101.524 E.01181
G1 X20.149 Y101.101 E.01185
G1 X20.117 Y100.78 E.00871
G1 X20.172 Y100.228 E.01497
G1 X20.312 Y99.812 E.01184
G1 X20.532 Y99.433 E.01183
G1 X20.823 Y99.104 E.01185
G1 X21.213 Y98.821 E.013
G1 X21.731 Y98.603 E.01517
G1 X22.206 Y98.521 E.01301
G1 X22.76 Y98.563 E.01499
G1 X23.179 Y98.693 E.01184
G1 X23.564 Y98.903 E.01183
G1 X23.899 Y99.186 E.01183
G1 X24.172 Y99.529 E.01183
G1 X24.372 Y99.92 E.01185
G1 X24.493 Y100.386 E.01299
G1 X24.5 Y100.662 E.00745
G1 X24.103 Y100.633 F9000
;TYPE:External perimeter
;WIDTH:0.419999
G1 F1800
G1 X24.111 Y100.958 E.00834
G1 X24.013 Y101.359 E.01059
G1 X23.853 Y101.682 E.00925
G1 X23.632 Y101.966 E.00923
G1 X23.36 Y102.202 E.00924
G1 X23.046 Y102.379 E.00925
G1 X22.703 Y102.49 E.00925
G1 X22.345 Y102.531 E.00924
G1 X21.986 Y102.5 E.00924
G1 X21.641 Y102.399 E.00922
G1 X21.322 Y102.231 E.00925
G1 X21.042 Y102.004 E.00925
G1 X20.814 Y101.725 E.00924
G1 X20.645 Y101.407 E.00924
G1 X20.542 Y101.062 E.00924
G1 X20.51 Y100.741 E.00828
G1 X20.55 Y100.345 E.01021
G1 X20.66 Y100.001 E.00927
G1 X20.835 Y99.687 E.00922
G1 X21.07 Y99.413 E.00926
G1 X21.367 Y99.186 E.00959
G1 X21.885 Y98.967 E.01443
G1 X22.293 Y98.913 E.01056
G1 X22.652 Y98.944 E.00924
G1 X22.998 Y99.045 E.00925
G1 X23.317 Y99.213 E.00925
G1 X23.596 Y99.44 E.00923
G1 X23.825 Y99.719 E.00926
G1 X23.994 Y100.037 E.00924
G1 X24.097 Y100.396 E.00958
G1 X24.102 Y100.573 E.00454
G1 E-3.5 F3600
;WIPE_START
G1 F7200
G1 X24.103 Y100.633 E-.0285
G1 X24.111 Y100.958 E-.15442
G1 X24.013 Y101.359 E-.19608
G1 X23.853 Y101.682 E-.17122
G1 X23.632 Y101.966 E-.17093
G1 X23.36 Y102.202 E-.17105
G1 X23.046 Y102.379 E-.17121
G1 X22.703 Y102.49 E-.17124
G1 X22.345 Y102.531 E-.17116
G1 X22.148 Y102.514 E-.09419
;WIPE_END
G1 X22.384 Y28.321 F9000
G1 E5 F2400
;TYPE:Perimeter
;WIDTH:0.439999
G1 F1800
G1 X21.964 Y28.306 E.01134
G1 X21.459 Y28.184 E.01402
G1 X20.988 Y27.965 E.01402
G1 X20.57 Y27.657 E.01401
G1 X20.222 Y27.272 E.014
G1 X19.956 Y26.826 E.01401
G1 X19.784 Y26.335 E.01404
G1 X19.74 Y26.067 E.00733
G1 X19.726 Y25.505 E.01517
G1 X19.836 Y24.923 E.01598
G1 X20.044 Y24.447 E.01402
G1 X20.341 Y24.022 E.01399
G1 X20.717 Y23.663 E.01403
G1 X21.157 Y23.387 E.01402
G1 X21.643 Y23.203 E.01402
G1 X22.155 Y23.119 E.014
G1 X22.674 Y23.138 E.01401
G1 X23.179 Y23.259 E.01401
G1 X23.65 Y23.479 E.01403
G1 X24.068 Y23.787 E.01401
G1 X24.417 Y24.172 E.01402
G1 X24.683 Y24.618 E.01401
G1 X24.855 Y25.108 E.01401
G1 X24.898 Y25.377 E.00735
G1 X24.912 Y25.938 E.01514
G1 X24.803 Y26.52 E.01598
G1 X24.595 Y26.997 E.01404
G1 X24.297 Y27.422 E.01401
G1 X23.921 Y27.78 E.01401
G1 X23.482 Y28.057 E.01401
G1 X22.996 Y28.241 E.01402
G1 X22.483 Y28.325 E.01403
G1 X22.444 Y28.324 E.00105
G1 X22.374 Y27.92 F9000
G1 F1800
G1 X22.316 Y27.925 E.00157
G1 X21.879 Y27.881 E.01185
G1 X21.46 Y27.751 E.01184
G1 X21.075 Y27.54 E.01185
G1 X20.739 Y27.258 E.01184
G1 X20.466 Y26.914 E.01185
G1 X20.267 Y26.524 E.01181
G1 X20.146 Y26.057 E.01302
G1 X20.132 Y25.495 E.01517
G1 X20.229 Y25.024 E.01298
G1 X20.47 Y24.523 E.015
G1 X20.744 Y24.181 E.01183
G1 X21.081 Y23.899 E.01186
G1 X21.467 Y23.69 E.01184
G1 X22 Y23.547 E.01489
G1 X22.323 Y23.518 E.00875
G1 X22.76 Y23.563 E.01185
G1 X23.179 Y23.693 E.01184
G1 X23.564 Y23.903 E.01183
G1 X23.815 Y24.104 E.00868
G1 X24.172 Y24.529 E.01498
G1 X24.372 Y24.92 E.01185
G1 X24.493 Y25.387 E.01302
G1 X24.507 Y25.948 E.01514
G1 X24.409 Y26.42 E.01301
G1 X24.168 Y26.92 E.01498
G1 X23.894 Y27.263 E.01185
G1 X23.558 Y27.545 E.01184
G1 X23.172 Y27.754 E.01184
G1 X22.752 Y27.882 E.01185
G1 X22.434 Y27.914 E.00862
G1 X22.454 Y27.518 F9000
;TYPE:External perimeter
;WIDTH:0.419999
G1 F1800
G1 X22.345 Y27.531 E.00282
G1 X21.986 Y27.5 E.00924
G1 X21.641 Y27.399 E.00922
G1 X21.322 Y27.231 E.00925
G1 X21.042 Y27.004 E.00925
G1 X20.814 Y26.725 E.00924
G1 X20.645 Y26.407 E.00924
G1 X20.541 Y26.047 E.00961
G1 X20.527 Y25.485 E.01442
G1 X20.626 Y25.085 E.01057
G1 X20.786 Y24.762 E.00925
G1 X21.006 Y24.477 E.00924
G1 X21.279 Y24.242 E.00924
G1 X21.593 Y24.065 E.00925
G1 X22.049 Y23.94 E.01213
G1 X22.293 Y23.913 E.0063
G1 X22.652 Y23.944 E.00924
G1 X22.998 Y24.045 E.00925
G1 X23.317 Y24.213 E.00925
G1 X23.569 Y24.413 E.00825
G1 X23.825 Y24.719 E.01024
G1 X23.994 Y25.037 E.00924
G1 X24.097 Y25.397 E.00961
G1 X24.111 Y25.958 E.0144
G1 X24.013 Y26.359 E.01059
G1 X23.853 Y26.682 E.00925
G1 X23.632 Y26.966 E.00923
G1 X23.36 Y27.202 E.00924
G1 X23.046 Y27.379 E.00925
G1 X22.703 Y27.49 E.00925
G1 X22.514 Y27.512 E.00488
G1 E-3.5 F3600
;WIPE_START
G1 F7200
G1 X22.454 Y27.518 E-.02864
G1 X22.345 Y27.531 E-.05214
G1 X21.986 Y27.5 E-.17116
G1 X21.641 Y27.399 E-.17075
G1 X21.322 Y27.231 E-.17125
G1 X21.042 Y27.004 E-.17122
G1 X20.814 Y26.725 E-.17115
G1 X20.645 Y26.407 E-.17106
G1 X20.541 Y26.047 E-.17799
G1 X20.53 Y25.596 E-.21464
;WIPE_END
G1 X64.735 Y25.851 F9000
G1 E5 F2400
;TYPE:Perimeter
;WIDTH:0.439999
G1 F1800
G1 X64.726 Y25.505 E.00934
G1 X64.836 Y24.923 E.01598
G1 X65.044 Y24.447 E.01402
G1 X65.341 Y24.022 E.01399
G1 X65.717 Y23.663 E.01403
G1 X66.157 Y23.387 E.01402
G1 X66.643 Y23.203 E.01402
G1 X67.155 Y23.119 E.014
G1 X67.674 Y23.138 E.01401
G1 X68.179 Y23.259 E.01401
G1 X68.65 Y23.479 E.01403
G1 X69.068 Y23.787 E.01401
G1 X69.417 Y24.172 E.01402
G1 X69.683 Y24.618 E.01401
G1 X69.855 Y25.108 E.01401
G1 X69.898 Y25.377 E.00735
G1 X69.912 Y25.938 E.01514
G1 X69.803 Y26.52 E.01598
G1 X69.595 Y26.997 E.01404
G1 X69.297 Y27.422 E.01401
G1 X68.921 Y27.78 E.01401
G1 X68.482 Y28.057 E.01401
G1 X67.996 Y28.241 E.01402
G1 X67.483 Y28.325 E.01403
G1 X66.964 Y28.306 E.01401
G1 X66.459 Y28.184 E.01402
G1 X65.988 Y27.965 E.01402
G1 X65.57 Y27.657 E.01401
G1 X65.222 Y27.272 E.014
G1 X64.956 Y26.826 E.01401
G1 X64.784 Y26.335 E.01404
G1 X64.74 Y26.067 E.00733
G1 X64.736 Y25.911 E.00421
G1 X65.14 Y25.831 F9000
G1 F1800
G1 X65.132 Y25.495 E.00907
G1 X65.229 Y25.024 E.01298
G1 X65.409 Y24.623 E.01186
G1 X65.744 Y24.181 E.01497
G1 X66.081 Y23.899 E.01186
G1 X66.467 Y23.69 E.01184
G1 X66.886 Y23.561 E.01183
G1 X67.323 Y23.518 E.01185
G1 X67.76 Y23.563 E.01185
G1 X68.179 Y23.693 E.01184
G1 X68.564 Y23.903 E.01183
G1 X68.899 Y24.186 E.01183
G1 X69.172 Y24.529 E.01183
G1 X69.372 Y24.92 E.01185
G1 X69.493 Y25.387 E.01302
G1 X69.507 Y25.948 E.01514
G1 X69.409 Y26.42 E.01301
G1 X69.168 Y26.92 E.01498
G1 X68.894 Y27.263 E.01185
G1 X68.558 Y27.545 E.01184
G1 X68.172 Y27.754 E.01184
G1 X67.752 Y27.882 E.01185
G1 X67.316 Y27.925 E.01182
G1 X66.879 Y27.881 E.01185
G1 X66.46 Y27.751 E.01184
G1 X66.075 Y27.54 E.01185
G1 X65.739 Y27.258 E.01184
G1 X65.466 Y26.914 E.01185
G1 X65.267 Y26.524 E.01181
G1 X65.146 Y26.057 E.01302
G1 X65.142 Y25.891 E.00448
G1 X65.538 Y25.9 F9000
;TYPE:External perimeter
;WIDTH:0.419999
G1 F1800
G1 X65.527 Y25.485 E.01065
G1 X65.626 Y25.085 E.01057
G1 X65.766 Y24.795 E.00826
G1 X66.006 Y24.477 E.01022
G1 X66.279 Y24.242 E.00924
G1 X66.593 Y24.065 E.00925
G1 X66.935 Y23.954 E.00922
G1 X67.293 Y23.913 E.00924
G1 X67.652 Y23.944 E.00924
G1 X67.998 Y24.045 E.00925
G1 X68.317 Y24.213 E.00925
G1 X68.596 Y24.44 E.00923
G1 X68.825 Y24.719 E.00926
G1 X68.994 Y25.037 E.00924
G1 X69.097 Y25.397 E.00961
G1 X69.111 Y25.958 E.0144
G1 X69.013 Y26.359 E.01059
G1 X68.853 Y26.682 E.00925
G1 X68.632 Y26.966 E.00923
G1 X68.36 Y27.202 E.00924
G1 X68.046 Y27.379 E.00925
G1 X67.703 Y27.49 E.00925
G1 X67.345 Y27.531 E.00924
G1 X66.986 Y27.5 E.00924
G1 X66.641 Y27.399 E.00922
G1 X66.322 Y27.231 E.00925
G1 X66.042 Y27.004 E.00925
G1 X65.814 Y26.725 E.00924
G1 X65.645 Y26.407 E.00924
G1 X65.541 Y26.047 E.00961
G1 X65.539 Y25.96 E.00223
G1 E-3.5 F3600
;WIPE_START
G1 F7200
G1 X65.538 Y25.9 E-.0285
G1 X65.527 Y25.485 E-.19719
G1 X65.626 Y25.085 E-.19573
G1 X65.766 Y24.795 E-.15296
G1 X66.006 Y24.477 E-.18924
G1 X66.279 Y24.242 E-.1711
G1 X66.593 Y24.065 E-.17121
G1 X66.935 Y23.954 E-.17079
G1 X67.293 Y23.913 E-.17116
G1 X67.402 Y23.922 E-.05212
;WIPE_END
G1 X67.255 Y173.122 F9000
G1 E5 F2400
;TYPE:Perimeter
;WIDTH:0.439999
G1 F1800
G1 X67.674 Y173.138 E.01131
G1 X68.179 Y173.259 E.01401
G1 X68.65 Y173.479 E.01403
G1 X69.068 Y173.787 E.01401
G1 X69.417 Y174.172 E.01402
G1 X69.683 Y174.618 E.01401
G1 X69.855 Y175.108 E.01401
G1 X69.898 Y175.377 E.00735
G1 X69.912 Y175.938 E.01514
G1 X69.803 Y176.52 E.01598
G1 X69.595 Y176.997 E.01404
G1 X69.297 Y177.422 E.01401
G1 X68.921 Y177.78 E.01401
G1 X68.482 Y178.057 E.01401
G1 X67.996 Y178.241 E.01402
G1 X67.483 Y178.325 E.01403
G1 X66.964 Y178.306 E.01401
G1 X66.459 Y178.184 E.01402
G1 X65.988 Y177.965 E.01402
G1 X65.57 Y177.657 E.01401
G1 X65.222 Y177.272 E.014
G1 X64.956 Y176.826 E.01401
G1 X64.784 Y176.335 E.01404
G1 X64.74 Y176.067 E.00733
G1 X64.726 Y175.505 E.01517
G1 X64.836 Y174.923 E.01598
G1 X65.044 Y174.447 E.01402
G1 X65.341 Y174.022 E.01399
G1 X65.717 Y173.663 E.01403
G1 X66.157 Y173.387 E.01402
G1 X66.643 Y173.203 E.01402
G1 X67.155 Y173.119 E.014
G1 X67.195 Y173.12 E.00108
G1 X67.264 Y173.524 F9000
G1 F1800
G1 X67.323 Y173.518 E.0016
G1 X67.76 Y173.563 E.01185
G1 X68.179 Y173.693 E.01184
G1 X68.564 Y173.903 E.01183
G1 X68.899 Y174.186 E.01183
G1 X69.172 Y174.529 E.01183
G1 X69.372 Y174.92 E.01185
G1 X69.493 Y175.387 E.01302
G1 X69.507 Y175.948 E.01514
G1 X69.409 Y176.42 E.01301
G1 X69.168 Y176.92 E.01498
G1 X68.894 Y177.263 E.01185
G1 X68.558 Y177.545 E.01184
G1 X68.172 Y177.754 E.01184
G1 X67.639 Y177.897 E.01489
G1 X67.316 Y177.925 E.00875
G1 X66.879 Y177.881 E.01185
G1 X66.46 Y177.751 E.01184
G1 X66.075 Y177.54 E.01185
G1 X65.739 Y177.258 E.01184
G1 X65.466 Y176.914 E.01185
G1 X65.312 Y176.631 E.00869
G1 X65.155 Y176.144 E.01381
G1 X65.132 Y175.495 E.01752
G1 X65.229 Y175.023 E.013
G1 X65.47 Y174.523 E.01498
G1 X65.744 Y174.181 E.01183
G1 X66.081 Y173.899 E.01186
G1 X66.467 Y173.69 E.01184
G1 X66.886 Y173.561 E.01183
G1 X67.205 Y173.53 E.00865
G1 X67.185 Y173.925 F9000
;TYPE:External perimeter
;WIDTH:0.419999
G1 F1800
G1 X67.293 Y173.913 E.00279
G1 X67.652 Y173.944 E.00924
G1 X67.998 Y174.045 E.00925
G1 X68.317 Y174.213 E.00925
G1 X68.596 Y174.44 E.00923
G1 X68.825 Y174.719 E.00926
G1 X68.994 Y175.037 E.00924
G1 X69.097 Y175.397 E.00961
G1 X69.111 Y175.958 E.0144
G1 X69.013 Y176.359 E.01059
G1 X68.853 Y176.682 E.00925
G1 X68.632 Y176.966 E.00923
G1 X68.36 Y177.202 E.00924
G1 X68.046 Y177.379 E.00925
G1 X67.59 Y177.504 E.01213
G1 X67.345 Y177.531 E.00632
G1 X66.986 Y177.5 E.00924
G1 X66.641 Y177.399 E.00922
G1 X66.322 Y177.231 E.00925
G1 X66.042 Y177.004 E.00925
G1 X65.814 Y176.725 E.00924
G1 X65.66 Y176.442 E.00827
G1 X65.541 Y176.047 E.01058
G1 X65.527 Y175.485 E.01442
G1 X65.626 Y175.085 E.01057
G1 X65.786 Y174.762 E.00925
G1 X66.006 Y174.477 E.00924
G1 X66.279 Y174.242 E.00924
G1 X66.593 Y174.065 E.00925
G1 X66.936 Y173.954 E.00925
G1 X67.125 Y173.932 E.00488
G1 E-3.5 F3600
;WIPE_START
G1 F7200
G1 X67.185 Y173.925 E-.02869
G1 X67.293 Y173.913 E-.05162
G1 X67.652 Y173.944 E-.17116
G1 X67.998 Y174.045 E-.17121
G1 X68.317 Y174.213 E-.17125
G1 X68.596 Y174.44 E-.17085
G1 X68.825 Y174.719 E-.17145
G1 X68.994 Y175.037 E-.17106
G1 X69.097 Y175.397 E-.17786
G1 X69.109 Y175.849 E-.21485
;WIPE_END
G1 X24.904 Y175.592 F9000
G1 E5 F2400
;TYPE:Perimeter
;WIDTH:0.439999
G1 F1800
G1 X24.912 Y175.938 E.00934
G1 X24.803 Y176.52 E.01598
G1 X24.595 Y176.997 E.01404
G1 X24.297 Y177.422 E.01401
G1 X23.921 Y177.78 E.01401
G1 X23.482 Y178.057 E.01401
G1 X22.996 Y178.241 E.01402
G1 X22.483 Y178.325 E.01403
G1 X21.769 Y178.272 E.01932
G1 X21.275 Y178.112 E.01401
G1 X20.822 Y177.858 E.01401
G1 X20.429 Y177.519 E.01401
G1 X20.11 Y177.108 E.01404
G1 X19.879 Y176.643 E.01401
G1 X19.74 Y176.067 E.01599
G1 X19.726 Y175.505 E.01517
G1 X19.836 Y174.923 E.01598
G1 X20.044 Y174.447 E.01402
G1 X20.341 Y174.022 E.01399
G1 X20.717 Y173.663 E.01403
G1 X21.157 Y173.387 E.01402
G1 X21.643 Y173.203 E.01402
G1 X22.155 Y173.119 E.014
G1 X22.674 Y173.138 E.01401
G1 X23.179 Y173.259 E.01401
G1 X23.65 Y173.479 E.01403
G1 X24.068 Y173.787 E.01401
G1 X24.417 Y174.172 E.01402
G1 X24.683 Y174.618 E.01401
G1 X24.855 Y175.108 E.01401
G1 X24.898 Y175.377 E.00735
G1 X24.902 Y175.532 E.00418
G1 X24.498 Y175.613 F9000
G1 F1800
G1 X24.507 Y175.948 E.00904
G1 X24.409 Y176.42 E.01301
G1 X24.168 Y176.92 E.01498
G1 X23.894 Y177.263 E.01185
G1 X23.558 Y177.545 E.01184
G1 X23.172 Y177.754 E.01184
G1 X22.752 Y177.882 E.01185
G1 X22.316 Y177.925 E.01182
G1 X21.879 Y177.881 E.01185
G1 X21.46 Y177.751 E.01184
G1 X21.075 Y177.54 E.01185
G1 X20.739 Y177.258 E.01184
G1 X20.466 Y176.914 E.01185
G1 X20.267 Y176.524 E.01181
G1 X20.146 Y176.057 E.01302
G1 X20.132 Y175.495 E.01517
G1 X20.229 Y175.023 E.013
G1 X20.47 Y174.523 E.01498
G1 X20.744 Y174.181 E.01183
G1 X21.081 Y173.899 E.01186
G1 X21.467 Y173.69 E.01184
G1 X21.886 Y173.561 E.01183
G1 X22.323 Y173.518 E.01185
G1 X22.76 Y173.563 E.01185
G1 X23.179 Y173.693 E.01184
G1 X23.564 Y173.903 E.01183
G1 X23.899 Y174.186 E.01183
G1 X24.172 Y174.529 E.01183
G1 X24.372 Y174.92 E.01185
G1 X24.493 Y175.387 E.01302
G1 X24.497 Y175.553 E.00448
G1 X24.101 Y175.544 F9000
;TYPE:External perimeter
;WIDTH:0.419999
G1 F1800
G1 X24.111 Y175.958 E.01062
G1 X24.013 Y176.359 E.01059
G1 X23.853 Y176.682 E.00925
G1 X23.632 Y176.966 E.00923
G1 X23.36 Y177.202 E.00924
G1 X23.046 Y177.379 E.00925
G1 X22.703 Y177.49 E.00925
G1 X22.345 Y177.531 E.00924
G1 X21.986 Y177.5 E.00924
G1 X21.641 Y177.399 E.00922
G1 X21.322 Y177.231 E.00925
G1 X21.042 Y177.004 E.00925
G1 X20.814 Y176.725 E.00924
G1 X20.645 Y176.407 E.00924
G1 X20.541 Y176.047 E.00961
G1 X20.527 Y175.485 E.01442
G1 X20.626 Y175.085 E.01057
G1 X20.786 Y174.762 E.00925
G1 X21.006 Y174.477 E.00924
G1 X21.279 Y174.242 E.00924
G1 X21.593 Y174.065 E.00925
G1 X21.936 Y173.954 E.00925
G1 X22.293 Y173.913 E.00922
G1 X22.652 Y173.944 E.00924
G1 X22.998 Y174.045 E.00925
G1 X23.317 Y174.213 E.00925
G1 X23.596 Y174.44 E.00923
G1 X23.825 Y174.719 E.00926
G1 X23.994 Y175.037 E.00924
G1 X24.097 Y175.397 E.00961
G1 X24.099 Y175.484 E.00223
G1 E-3.5 F3600
;WIPE_START
G1 F7200
G1 X24.101 Y175.544 E-.02852
G1 X24.111 Y175.958 E-.19671
G1 X24.013 Y176.359 E-.19608
G1 X23.853 Y176.682 E-.17122
G1 X23.632 Y176.966 E-.17093
G1 X23.36 Y177.202 E-.17105
G1 X23.046 Y177.379 E-.17121
G1 X22.703 Y177.49 E-.17124
G1 X22.345 Y177.531 E-.17116
G1 X22.236 Y177.522 E-.05188
;WIPE_END
G1 X27.808 Y184.711 F9000
G1 E5 F2400
;TYPE:Perimeter
;WIDTH:0.439999
G1 F3600
G1 X18.331 Y184.711 E.25574
G1 X18.331 Y16.733 E4.53286
G1 X71.308 Y16.733 E1.42957
G1 X71.308 Y184.711 E4.53286
G1 X61.831 Y184.711 E.25574
G1 X61.831 Y18.705 E4.47964
G1 X61.791 Y18.426 E.00761
G1 X61.632 Y18.108 E.00959
G1 X61.304 Y17.827 E.01165
G1 X60.837 Y17.711 E.01298
G1 X28.674 Y17.711 E.86791
G1 X28.334 Y17.827 E.00969
G1 X28.007 Y18.108 E.01163
G1 X27.848 Y18.426 E.00959
G1 X27.808 Y18.705 E.00761
G1 X27.808 Y184.651 E4.47802
G1 X28.214 Y185.116 F9000
G1 F3600
G1 X17.925 Y185.116 E.27765
G1 X17.925 Y16.328 E4.55471
G1 X71.714 Y16.328 E1.45149
G1 X71.714 Y185.116 E4.55471
G1 X61.425 Y185.116 E.27765
G1 X61.425 Y18.587 E4.49375
G1 X61.307 Y18.352 E.0071
G1 X61.113 Y18.185 E.00691
G1 X60.837 Y18.116 E.00768
G1 X28.802 Y18.116 E.86446
G1 X28.525 Y18.185 E.0077
G1 X28.331 Y18.352 E.00691
G1 X28.237 Y18.54 E.00567
G1 X28.214 Y18.705 E.0045
G1 X28.214 Y185.056 E4.48895
G1 X28.609 Y185.512 F9000
;TYPE:External perimeter
;WIDTH:0.419999
G1 F1800
G1 X17.529 Y185.512 E.28425
G1 X17.529 Y15.932 E4.35047
G1 X72.109 Y15.932 E1.40022
G1 X72.109 Y185.512 E4.35047
G1 X61.029 Y185.512 E.28425
G1 X61.029 Y18.705 E4.27933
G1 X60.991 Y18.589 E.00313
G1 X60.837 Y18.512 E.00442
G1 X28.802 Y18.512 E.82184
G1 X28.648 Y18.589 E.00442
G1 X28.609 Y18.705 E.00314
G1 X28.609 Y185.452 E4.2778
G1 E-3.5 F3600
;WIPE_START
G1 F7200
G1 X28.609 Y185.512 E-.0285
G1 X25.511 Y185.512 E-1.4715
;WIPE_END
G1 X18.753 Y17.078 F9000
G1 E5 F2400
;TYPE:Solid infill
;WIDTH:0.538422
G1 F3600
G1 X18.709 Y17.034 E.00209
G1 X18.648 Y17.05 E.00211
G1 X18.631 Y17.111 E.00212
G1 X18.676 Y17.156 E.00213
G1 X18.737 Y17.139 E.00212
;WIDTH:0.439999
G1 X19.385 Y17.046 E.01767
G1 X18.643 Y17.787 E.0283
G1 X18.643 Y18.361 E.01549
G1 X19.958 Y17.046 E.05018
G1 X20.532 Y17.046 E.01549
G1 X18.643 Y18.935 E.07209
G1 X18.643 Y19.508 E.01546
G1 X21.106 Y17.046 E.09397
G1 X21.68 Y17.046 E.01549
G1 X18.643 Y20.082 E.11588
G1 X18.643 Y20.656 E.01549
G1 X22.253 Y17.046 E.13777
G1 X22.827 Y17.046 E.01549
G1 X18.643 Y21.229 E.15965
G1 X18.643 Y21.803 E.01549
G1 X23.401 Y17.046 E.18156
G1 X23.974 Y17.046 E.01546
G1 X18.643 Y22.377 E.20344
G1 X18.643 Y22.951 E.01549
G1 X24.548 Y17.046 E.22535
G1 X25.122 Y17.046 E.01549
G1 X18.643 Y23.524 E.24723
G1 X18.643 Y24.098 E.01549
G1 X25.695 Y17.046 E.26912
G1 X26.269 Y17.046 E.01549
G1 X18.643 Y24.672 E.29103
G1 X19.37 Y25.092 F9000
G1 F3600
G1 X19.086 Y25.376 E.01084
G1 X18.973 Y25.433 E.00342
G1 X18.803 Y25.38 E.00481
G1 X18.643 Y25.229 E.00594
G1 X18.643 Y30.982 E.15524
G1 X21.208 Y28.417 E.09789
G1 X20.65 Y28.117 E.0171
G1 X20.209 Y27.739 E.01567
G1 X19.851 Y27.28 E.01571
G1 X19.591 Y26.76 E.01569
G1 X19.433 Y26.11 E.01805
G1 X19.414 Y25.508 E.01625
G1 X19.513 Y24.949 E.01532
G1 X18.942 Y24.946 E.01541
G1 X26.843 Y17.046 E.3015
G1 X27.416 Y17.046 E.01546
G1 X21.56 Y22.902 E.22348
G1 X21.437 Y22.989 E.00407
;WIDTH:0.407168
G1 X21.314 Y23.076 E.00374
;WIDTH:0.374336
G1 X21.243 Y23.057 E.00166
G1 X21.262 Y23.128 E.00166
G1 X21.303 Y23.117 E.00096
G1 X22.235 Y22.801 F9000
;WIDTH:0.439999
G1 F3600
G1 X27.99 Y17.046 E.21962
G1 X28.564 Y17.046 E.01549
G1 X22.771 Y22.839 E.22107
G1 X23.231 Y22.952 E.01278
G1 X27.497 Y18.686 E.1628
G1 X27.584 Y18.557 E.0042
;WIDTH:0.407168
G1 X27.671 Y18.429 E.00384
;WIDTH:0.374336
G1 X27.63 Y18.44 E.00096
G1 X27.611 Y18.369 E.00166
G1 X27.682 Y18.388 E.00166
G1 X27.496 Y19.261 F9000
;WIDTH:0.439999
G1 F3600
G1 X23.634 Y23.123 E.14738
G1 X23.998 Y23.333 E.01134
G1 X27.496 Y19.835 E.13349
G1 X27.496 Y20.409 E.01549
G1 X24.313 Y23.591 E.12145
G1 X24.588 Y23.89 E.01096
G1 X27.496 Y20.982 E.11098
G1 X27.496 Y21.556 E.01549
G1 X24.825 Y24.226 E.10191
G1 X25.017 Y24.609 E.01156
G1 X27.496 Y22.13 E.0946
G1 X27.496 Y24.568 E.06579
G1 X27.352 Y24.568 E.00389
G1 X24.944 Y26.976 E.09189
G1 X25.109 Y26.582 E.01153
G1 X25.225 Y25.955 E.01721
G1 X25.16 Y25.039 E.02478
G1 X27.352 Y22.847 E.08365
G1 X27.09 Y23.683 F9000
;WIDTH:0.43999
G1 F3600
G1 X27.065 Y24.281 E.01615
G1 X25.625 Y25.721 E.05495
G1 X25.587 Y25.185 E.0145
G1 X26.947 Y23.826 E.05188
G1 E-3.5
;WIPE_START
G1 F7200
G1 X25.587 Y25.185 E-.91325
G1 X25.625 Y25.721 E-.25524
G1 X26.119 Y25.227 E-.33151
;WIPE_END
G1 X29.006 Y17.052 F9000
G1 E5 F2400
;WIDTH:0.413482
G1 F3600
G1 X29.019 Y17.134 E.00209
G1 X28.79 Y17.411 E.00906
G1 X60.825 Y17.411 E.80795
;WIDTH:0.439999
G1 X61.405 Y17.537 E.01602
G1 X61.851 Y17.891 E.01537
G1 X62.096 Y18.369 E.01449
G1 X62.143 Y18.711 E.00932
G1 X62.143 Y19.609 E.02423
G1 X64.707 Y17.046 E.09783
G1 X60.767 Y17.032 E.10632
;WIDTH:0.413482
G1 X29.186 Y17.032 E.7965
G1 E-3.5
;WIPE_START
G1 F7200
G1 X32.344 Y17.032 E-1.5
;WIPE_END
G1 X19.032 Y25.818 F9000
G1 E5 F2400
;WIDTH:0.422494
G1 F3600
G1 X19.04 Y26.167 E.00901
;WIDTH:0.429194
G1 X19.045 Y26.404 E.00623
;WIDTH:0.439999
G1 X19.049 Y30.003 E.09712
G1 X20.534 Y28.517 E.05669
G1 X20.031 Y28.122 E.01726
G1 X19.859 Y27.957 E.00643
G1 X19.529 Y27.528 E.01461
G1 X19.227 Y26.939 E.01786
G1 X19.043 Y26.201 E.02052
G1 X19.447 Y28.073 F9000
;WIDTH:0.424997
G1 F3600
G1 X19.544 Y28.199 E.00413
G1 X19.928 Y28.56 E.0137
G1 X19.447 Y29.042 E.0177
G1 X19.447 Y28.276 E.01991
G1 E-3.5
;WIPE_START
G1 F7200
G1 X19.447 Y29.042 E-.36385
G1 X19.928 Y28.56 E-.32345
G1 X19.544 Y28.199 E-.25035
G1 X19.447 Y28.073 E-.07553
;WIPE_END
G1 E-.48682 F3600
G1 X21.639 Y28.559 F9000
G1 E5 F2400
;WIDTH:0.439999
G1 F3600
G1 X18.643 Y31.556 E.11435
G1 X18.643 Y32.13 E.01549
G1 X22.14 Y28.632 E.13347
G1 X22.738 Y28.608 E.01615
G1 X18.643 Y32.703 E.15627
G1 X18.643 Y33.277 E.01549
G1 X23.554 Y28.366 E.18742
G1 X23.698 Y28.255 E.00491
;WIDTH:0.407168
G1 X23.841 Y28.145 E.00447
;WIDTH:0.374336
G1 X24.486 Y27.553 E.0198
G1 E-3.5
;WIPE_START
G1 F7200
G1 X23.841 Y28.145 E-.41586
G1 X23.698 Y28.255 E-.0857
G1 X23.554 Y28.366 E-.08636
G1 X22.196 Y29.724 E-.91208
;WIPE_END
G1 X27.496 Y24.998 F9000
G1 E5 F2400
;WIDTH:0.439999
G1 F3600
G1 X18.643 Y33.851 E.33785
G1 X18.643 Y34.424 E.01546
G1 X27.496 Y25.572 E.33783
G1 X27.496 Y26.145 E.01546
G1 X18.643 Y34.998 E.33785
G1 X18.643 Y35.572 E.01549
G1 X27.496 Y26.719 E.33785
G1 X27.496 Y27.293 E.01549
G1 X18.643 Y36.145 E.33783
G1 X18.643 Y36.719 E.01549
G1 X27.496 Y27.867 E.33783
G1 X27.496 Y28.44 E.01546
G1 X18.643 Y37.293 E.33785
G1 X18.643 Y37.867 E.01549
G1 X27.496 Y29.014 E.33785
G1 X27.496 Y29.588 E.01549
G1 X18.643 Y38.44 E.33783
G1 X18.643 Y39.014 E.01549
G1 X27.496 Y30.161 E.33785
G1 X27.496 Y30.735 E.01549
G1 X18.643 Y39.588 E.33785
G1 X18.643 Y40.161 E.01546
G1 X27.496 Y31.309 E.33783
G1 X27.496 Y31.882 E.01546
G1 X18.643 Y40.735 E.33785
G1 X18.643 Y41.309 E.01549
G1 X27.496 Y32.456 E.33785
G1 X27.496 Y33.03 E.01549
G1 X18.643 Y41.882 E.33783
G1 X18.643 Y42.456 E.01549
G1 X27.496 Y33.603 E.33785
G1 X27.496 Y34.177 E.01549
G1 X18.643 Y43.03 E.33785
G1 X18.643 Y43.603 E.01546
G1 X27.496 Y34.751 E.33783
G1 X27.496 Y35.325 E.01549
G1 X18.643 Y44.177 E.33783
G1 X18.643 Y44.751 E.01549
G1 X27.496 Y35.898 E.33785
G1 X27.496 Y36.472 E.01549
G1 X18.643 Y45.325 E.33785
G1 X18.643 Y45.898 E.01546
G1 X27.496 Y37.046 E.33783
G1 X27.496 Y37.619 E.01546
G1 X18.643 Y46.472 E.33785
G1 X18.643 Y47.046 E.01549
G1 X27.496 Y38.193 E.33785
G1 X27.496 Y38.767 E.01549
G1 X18.643 Y47.619 E.33783
G1 X18.643 Y48.193 E.01549
G1 X27.496 Y39.34 E.33785
G1 X27.496 Y39.914 E.01549
G1 X18.643 Y48.767 E.33785
G1 X18.643 Y49.34 E.01546
G1 X27.496 Y40.488 E.33783
G1 X27.496 Y41.061 E.01546
G1 X18.643 Y49.914 E.33785
G1 X18.643 Y50.488 E.01549
G1 X27.496 Y41.635 E.33785
G1 X27.496 Y42.209 E.01549
G1 X18.643 Y51.062 E.33785
G1 X18.643 Y51.635 E.01546
G1 X27.496 Y42.783 E.33783
G1 X27.496 Y43.356 E.01546
G1 X18.643 Y52.209 E.33785
G1 X18.643 Y52.783 E.01549
G1 X27.496 Y43.93 E.33785
G1 X27.496 Y44.504 E.01549
G1 X18.643 Y53.356 E.33783
G1 X18.643 Y53.93 E.01549
G1 X27.496 Y45.077 E.33785
G1 X27.496 Y45.651 E.01549
G1 X18.643 Y54.504 E.33785
G1 X18.643 Y55.077 E.01546
G1 X27.496 Y46.225 E.33783
G1 X27.496 Y46.798 E.01546
G1 X18.643 Y55.651 E.33785
G1 X18.643 Y56.225 E.01549
G1 X27.496 Y47.372 E.33785
G1 X27.496 Y47.946 E.01549
G1 X18.643 Y56.798 E.33783
G1 X18.643 Y57.372 E.01549
G1 X27.496 Y48.52 E.33783
G1 X27.496 Y49.093 E.01546
G1 X18.643 Y57.946 E.33785
G1 X18.643 Y58.52 E.01549
G1 X27.496 Y49.667 E.33785
G1 X27.496 Y50.241 E.01549
G1 X18.643 Y59.093 E.33783
G1 X18.643 Y59.667 E.01549
G1 X27.496 Y50.814 E.33785
G1 X27.496 Y51.388 E.01549
G1 X18.643 Y60.241 E.33785
G1 X18.643 Y60.814 E.01546
G1 X27.496 Y51.962 E.33783
G1 X27.496 Y52.535 E.01546
G1 X18.643 Y61.388 E.33785
G1 X18.643 Y61.962 E.01549
G1 X27.496 Y53.109 E.33785
G1 X27.496 Y53.683 E.01549
G1 X18.643 Y62.535 E.33783
G1 X18.643 Y63.109 E.01549
G1 X27.496 Y54.256 E.33785
G1 X27.496 Y54.83 E.01549
G1 X18.643 Y63.683 E.33785
G1 X18.643 Y64.256 E.01546
G1 X27.496 Y55.404 E.33783
G1 X27.496 Y55.978 E.01549
G1 X18.643 Y64.83 E.33783
G1 X18.643 Y65.404 E.01549
G1 X27.496 Y56.551 E.33785
G1 X27.496 Y57.125 E.01549
G1 X18.643 Y65.978 E.33785
G1 X18.643 Y66.551 E.01546
G1 X27.496 Y57.699 E.33783
G1 X27.496 Y58.272 E.01546
G1 X18.643 Y67.125 E.33785
G1 X18.643 Y67.699 E.01549
G1 X27.496 Y58.846 E.33785
G1 X27.496 Y59.42 E.01549
G1 X18.643 Y68.272 E.33783
G1 X18.643 Y68.846 E.01549
G1 X27.496 Y59.993 E.33785
G1 X27.496 Y60.567 E.01549
G1 X18.643 Y69.42 E.33785
G1 X18.643 Y69.993 E.01546
G1 X27.496 Y61.141 E.33783
G1 X27.496 Y61.714 E.01546
G1 X18.643 Y70.567 E.33785
G1 X18.643 Y71.141 E.01549
G1 X27.496 Y62.288 E.33785
G1 X27.496 Y62.862 E.01549
G1 X18.643 Y71.714 E.33783
G1 X18.643 Y72.288 E.01549
G1 X27.496 Y63.436 E.33783
G1 X27.496 Y64.009 E.01546
G1 X18.643 Y72.862 E.33785
G1 X18.643 Y73.436 E.01549
G1 X27.496 Y64.583 E.33785
G1 X27.496 Y65.157 E.01549
G1 X18.643 Y74.009 E.33783
G1 X18.643 Y74.583 E.01549
G1 X27.496 Y65.73 E.33785
G1 X27.496 Y66.304 E.01549
G1 X18.643 Y75.157 E.33785
G1 X18.643 Y75.73 E.01546
G1 X27.496 Y66.878 E.33783
G1 X27.496 Y67.451 E.01546
G1 X18.643 Y76.304 E.33785
G1 X18.643 Y76.878 E.01549
G1 X27.496 Y68.025 E.33785
G1 X27.496 Y68.599 E.01549
G1 X18.643 Y77.451 E.33783
G1 X18.643 Y78.025 E.01549
G1 X27.496 Y69.173 E.33783
G1 X27.496 Y69.746 E.01546
G1 X18.643 Y78.599 E.33785
G1 X18.643 Y79.173 E.01549
G1 X27.496 Y70.32 E.33785
G1 X27.496 Y70.894 E.01549
G1 X18.643 Y79.746 E.33783
G1 X18.643 Y80.32 E.01549
G1 X27.496 Y71.467 E.33785
G1 X27.496 Y72.041 E.01549
G1 X18.643 Y80.894 E.33785
G1 X18.643 Y81.467 E.01546
G1 X27.496 Y72.615 E.33783
G1 X27.496 Y73.188 E.01546
G1 X18.643 Y82.041 E.33785
G1 X18.643 Y82.615 E.01549
G1 X27.496 Y73.762 E.33785
G1 X27.496 Y74.336 E.01549
G1 X18.643 Y83.188 E.33783
G1 X18.643 Y83.762 E.01549
G1 X27.496 Y74.909 E.33785
G1 X27.496 Y75.483 E.01549
G1 X18.643 Y84.336 E.33785
G1 X18.643 Y84.909 E.01546
G1 X27.496 Y76.057 E.33783
G1 X27.496 Y76.631 E.01549
G1 X18.643 Y85.483 E.33783
G1 X18.643 Y86.057 E.01549
G1 X27.496 Y77.204 E.33785
G1 X27.496 Y77.778 E.01549
G1 X18.643 Y86.631 E.33785
G1 X18.643 Y87.204 E.01546
G1 X27.496 Y78.352 E.33783
G1 X27.496 Y78.925 E.01546
G1 X18.643 Y87.778 E.33785
G1 X18.643 Y88.352 E.01549
G1 X27.496 Y79.499 E.33785
G1 X27.496 Y80.073 E.01549
G1 X18.643 Y88.925 E.33783
G1 X18.643 Y89.499 E.01549
G1 X27.496 Y80.646 E.33785
G1 X27.496 Y81.22 E.01549
G1 X18.643 Y90.073 E.33785
G1 X18.643 Y90.646 E.01546
G1 X27.496 Y81.794 E.33783
G1 X27.496 Y82.367 E.01546
G1 X18.643 Y91.22 E.33785
G1 X18.643 Y91.794 E.01549
G1 X27.496 Y82.941 E.33785
G1 X27.496 Y83.515 E.01549
G1 X18.643 Y92.367 E.33783
G1 X18.643 Y92.941 E.01549
G1 X27.496 Y84.089 E.33783
G1 X27.496 Y84.662 E.01546
G1 X18.643 Y93.515 E.33785
G1 X18.643 Y94.089 E.01549
G1 X27.496 Y85.236 E.33785
G1 X27.496 Y85.81 E.01549
G1 X18.643 Y94.662 E.33783
G1 X18.643 Y95.236 E.01549
G1 X27.496 Y86.383 E.33785
G1 X27.496 Y86.957 E.01549
G1 X18.643 Y95.81 E.33785
G1 X18.643 Y96.383 E.01546
G1 X27.496 Y87.531 E.33783
G1 X27.496 Y88.104 E.01546
G1 X18.643 Y96.957 E.33785
G1 X18.643 Y97.531 E.01549
G1 X27.496 Y88.678 E.33785
G1 X27.496 Y89.252 E.01549
G1 X18.643 Y98.104 E.33783
G1 X18.643 Y98.678 E.01549
G1 X27.496 Y89.825 E.33785
G1 X27.496 Y90.399 E.01549
G1 X18.643 Y99.252 E.33785
G1 X18.643 Y99.826 E.01549
G1 X27.496 Y90.973 E.33785
G1 X27.496 Y91.547 E.01549
G1 X20.81 Y98.232 E.25513
G1 X20.667 Y98.354 E.00507
;WIDTH:0.410138
G1 X20.523 Y98.477 E.00473
;WIDTH:0.420096
G1 X19.859 Y99.169 E.02461
;WIDTH:0.421392
G1 X19.853 Y99.176 E.00024
;WIDTH:0.422813
G1 X19.834 Y99.2 E.00079
;WIDTH:0.439999
G1 X19.577 Y99.721 E.01568
G1 X19.433 Y100.284 E.01568
G1 X19.404 Y100.865 E.0157
G1 X19.489 Y101.438 E.01563
G1 X19.688 Y101.986 E.01573
G1 X19.991 Y102.483 E.01571
G1 X20.386 Y102.909 E.01568
G1 X20.858 Y103.249 E.0157
G1 X21.318 Y103.461 E.01367
G1 X18.643 Y106.136 E.10208
G1 X18.643 Y100.261 E.15854
G1 X18.786 Y100.256 E.00386
G1 X19.692 Y99.345 E.03467
G1 X19.03 Y100.557 F9000
;WIDTH:0.435822
G1 F3600
G1 X19.047 Y101.008 E.01205
;WIDTH:0.469392
G1 X19.063 Y101.458 E.01303
;WIDTH:0.47258
G1 X19.06 Y101.681 E.0065
;WIDTH:0.462394
G1 X19.049 Y102.127 E.0127
;WIDTH:0.439999
G1 X19.049 Y105.157 E.08176
G1 X20.625 Y103.58 E.06016
G1 X20.147 Y103.237 E.01588
G1 X19.691 Y102.756 E.01789
G1 X19.34 Y102.195 E.01786
;WIDTH:0.463897
G1 X19.096 Y101.578 E.01896
;WIDTH:0.47258
G1 X19.065 Y101.478 E.00305
G1 X19.462 Y103.117 F9000
;WIDTH:0.454751
G1 F3600
G1 X19.751 Y103.434 E.012
G1 X19.989 Y103.633 E.00868
G1 X19.462 Y104.16 E.02084
G1 X19.462 Y103.32 E.02349
G1 E-3.5
;WIPE_START
G1 F7200
G1 X19.462 Y104.16 E-.399
G1 X19.989 Y103.633 E-.35401
G1 X19.751 Y103.434 E-.14736
G1 X19.462 Y103.117 E-.20376
;WIPE_END
G1 E-.39587 F3600
G1 X21.766 Y103.587 F9000
G1 E5 F2400
;WIDTH:0.439999
G1 F3600
G1 X18.643 Y106.71 E.11918
G1 X18.643 Y107.284 E.01549
G1 X22.285 Y103.641 E.13901
G1 X22.923 Y103.577 E.0173
G1 X18.643 Y107.857 E.16333
G1 E-3.5
;WIPE_START
G1 F7200
G1 X20.876 Y105.624 E-1.5
;WIPE_END
G1 X21.619 Y98.053 F9000
G1 E5 F2400
;WIDTH:0.374336
G1 F3600
G1 X21.473 Y98.026 E.00336
;WIDTH:0.407168
G1 X21.616 Y97.942 E.00411
;WIDTH:0.439999
G1 X21.758 Y97.858 E.00445
G1 X27.496 Y92.12 E.21898
G1 X27.496 Y92.694 E.01549
G1 X22.387 Y97.803 E.19497
G1 X22.902 Y97.862 E.01399
G1 X27.496 Y93.268 E.17532
G1 X27.496 Y93.841 E.01546
G1 X23.347 Y97.99 E.15834
G1 X23.738 Y98.173 E.01165
G1 X27.496 Y94.415 E.14341
G1 X27.496 Y94.989 E.01549
G1 X24.084 Y98.4 E.13019
G1 X24.391 Y98.667 E.01098
G1 X27.496 Y95.562 E.11849
G1 X27.496 Y96.136 E.01549
G1 X24.658 Y98.973 E.10829
G1 X24.879 Y99.326 E.01124
G1 X27.496 Y96.71 E.09985
G1 X27.496 Y97.284 E.01549
G1 X25.061 Y99.718 E.09291
G1 E-3.5
;WIPE_START
G1 F7200
G1 X27.294 Y97.485 E-1.5
;WIPE_END
G1 X27.352 Y98.001 F9000
G1 E5 F2400
G1 F3600
G1 X25.204 Y100.148 E.08195
G1 X25.165 Y100.15 E.00105
G1 X25.212 Y100.408 E.00708
G1 X25.225 Y100.955 E.01476
G1 X25.109 Y101.582 E.01721
G1 X24.882 Y102.12 E.01576
G1 X24.706 Y102.352 E.00786
;WIDTH:0.411365
G1 X24.531 Y102.584 E.00729
G1 X24.712 Y102.382 E.0068
;WIDTH:0.439999
G1 X24.893 Y102.181 E.0073
G1 X27.352 Y99.722 E.09384
G1 X27.496 Y99.722 E.00389
G1 X27.496 Y97.857 E.05033
G1 X27.09 Y98.837 F9000
;WIDTH:0.43999
G1 F3600
G1 X27.065 Y99.435 E.01615
G1 X25.629 Y100.872 E.05482
G1 X25.61 Y100.316 E.01501
G1 X26.947 Y98.98 E.051
G1 E-3.5
;WIPE_START
G1 F7200
G1 X25.61 Y100.316 E-.8978
G1 X25.629 Y100.872 E-.26425
G1 X26.132 Y100.369 E-.33795
;WIPE_END
G1 X24.531 Y102.584 F9000
G1 E5 F2400
;WIDTH:0.398698
G1 F3600
G1 X24.182 Y102.921 E.01176
;WIDTH:0.439999
G1 X23.895 Y103.179 E.01041
G1 X18.643 Y108.431 E.20043
G1 X18.643 Y109.005 E.01549
G1 X27.496 Y100.152 E.33785
G1 X27.496 Y100.726 E.01549
G1 X18.643 Y109.578 E.33783
G1 X18.643 Y110.152 E.01549
G1 X27.496 Y101.299 E.33785
G1 X27.496 Y101.873 E.01549
G1 X18.643 Y110.726 E.33785
G1 X18.643 Y111.299 E.01546
G1 X27.496 Y102.447 E.33783
G1 X27.496 Y103.02 E.01546
G1 X18.643 Y111.873 E.33785
G1 X18.643 Y112.447 E.01549
G1 X27.496 Y103.594 E.33785
G1 X27.496 Y104.168 E.01549
G1 X18.643 Y113.02 E.33783
G1 X18.643 Y113.594 E.01549
G1 X27.496 Y104.742 E.33783
G1 X27.496 Y105.315 E.01546
G1 X18.643 Y114.168 E.33785
G1 X18.643 Y114.742 E.01549
G1 X27.496 Y105.889 E.33785
G1 X27.496 Y106.463 E.01549
G1 X18.643 Y115.315 E.33783
G1 X18.643 Y115.889 E.01549
G1 X27.496 Y107.036 E.33785
G1 X27.496 Y107.61 E.01549
G1 X18.643 Y116.463 E.33785
G1 X18.643 Y117.036 E.01546
G1 X27.496 Y108.184 E.33783
G1 X27.496 Y108.757 E.01546
G1 X18.643 Y117.61 E.33785
G1 X18.643 Y118.184 E.01549
G1 X27.496 Y109.331 E.33785
G1 X27.496 Y109.905 E.01549
G1 X18.643 Y118.757 E.33783
G1 X18.643 Y119.331 E.01549
G1 X27.496 Y110.478 E.33785
G1 X27.496 Y111.052 E.01549
G1 X18.643 Y119.905 E.33785
G1 X18.643 Y120.478 E.01546
G1 X27.496 Y111.626 E.33783
G1 X27.496 Y112.2 E.01549
G1 X18.643 Y121.052 E.33783
G1 X18.643 Y121.626 E.01549
G1 X27.496 Y112.773 E.33785
G1 X27.496 Y113.347 E.01549
G1 X18.643 Y122.2 E.33785
G1 X18.643 Y122.773 E.01546
G1 X27.496 Y113.921 E.33783
G1 X27.496 Y114.494 E.01546
G1 X18.643 Y123.347 E.33785
G1 X18.643 Y123.921 E.01549
G1 X27.496 Y115.068 E.33785
G1 X27.496 Y115.642 E.01549
G1 X18.643 Y124.494 E.33783
G1 X18.643 Y125.068 E.01549
G1 X27.496 Y116.215 E.33785
G1 X27.496 Y116.789 E.01549
G1 X18.643 Y125.642 E.33785
G1 X18.643 Y126.215 E.01546
G1 X27.496 Y117.363 E.33783
G1 X27.496 Y117.936 E.01546
G1 X18.643 Y126.789 E.33785
G1 X18.643 Y127.363 E.01549
G1 X27.496 Y118.51 E.33785
G1 X27.496 Y119.084 E.01549
G1 X18.643 Y127.937 E.33785
G1 X18.643 Y128.51 E.01546
G1 X27.496 Y119.658 E.33783
G1 X27.496 Y120.231 E.01546
G1 X18.643 Y129.084 E.33785
G1 X18.643 Y129.658 E.01549
G1 X27.496 Y120.805 E.33785
G1 X27.496 Y121.379 E.01549
G1 X18.643 Y130.231 E.33783
G1 X18.643 Y130.805 E.01549
G1 X27.496 Y121.952 E.33785
G1 X27.496 Y122.526 E.01549
G1 X18.643 Y131.379 E.33785
G1 X18.643 Y131.952 E.01546
G1 X27.496 Y123.1 E.33783
G1 X27.496 Y123.673 E.01546
G1 X18.643 Y132.526 E.33785
G1 X18.643 Y133.1 E.01549
G1 X27.496 Y124.247 E.33785
G1 X27.496 Y124.821 E.01549
G1 X18.643 Y133.673 E.33783
G1 X18.643 Y134.247 E.01549
G1 X27.496 Y125.395 E.33783
G1 X27.496 Y125.968 E.01546
G1 X18.643 Y134.821 E.33785
G1 X18.643 Y135.395 E.01549
G1 X27.496 Y126.542 E.33785
G1 X27.496 Y127.116 E.01549
G1 X18.643 Y135.968 E.33783
G1 X18.643 Y136.542 E.01549
G1 X27.496 Y127.689 E.33785
G1 X27.496 Y128.263 E.01549
G1 X18.643 Y137.116 E.33785
G1 X18.643 Y137.689 E.01546
G1 X27.496 Y128.837 E.33783
G1 X27.496 Y129.41 E.01546
G1 X18.643 Y138.263 E.33785
G1 X18.643 Y138.837 E.01549
G1 X27.496 Y129.984 E.33785
G1 X27.496 Y130.558 E.01549
G1 X18.643 Y139.41 E.33783
G1 X18.643 Y139.984 E.01549
G1 X27.496 Y131.131 E.33785
G1 X27.496 Y131.705 E.01549
G1 X18.643 Y140.558 E.33785
G1 X18.643 Y141.131 E.01546
G1 X27.496 Y132.279 E.33783
G1 X27.496 Y132.853 E.01549
G1 X18.643 Y141.705 E.33783
G1 X18.643 Y142.279 E.01549
G1 X27.496 Y133.426 E.33785
G1 X27.496 Y134 E.01549
G1 X18.643 Y142.853 E.33785
G1 X18.643 Y143.426 E.01546
G1 X27.496 Y134.574 E.33783
G1 X27.496 Y135.147 E.01546
G1 X18.643 Y144 E.33785
G1 X18.643 Y144.574 E.01549
G1 X27.496 Y135.721 E.33785
G1 X27.496 Y136.295 E.01549
G1 X18.643 Y145.147 E.33783
G1 X18.643 Y145.721 E.01549
G1 X27.496 Y136.868 E.33785
G1 X27.496 Y137.442 E.01549
G1 X18.643 Y146.295 E.33785
G1 X18.643 Y146.868 E.01546
G1 X27.496 Y138.016 E.33783
G1 X27.496 Y138.589 E.01546
G1 X18.643 Y147.442 E.33785
G1 X18.643 Y148.016 E.01549
G1 X27.496 Y139.163 E.33785
G1 X27.496 Y139.737 E.01549
G1 X18.643 Y148.589 E.33783
G1 X18.643 Y149.163 E.01549
G1 X27.496 Y140.311 E.33783
G1 X27.496 Y140.884 E.01546
G1 X18.643 Y149.737 E.33785
G1 X18.643 Y150.311 E.01549
G1 X27.496 Y141.458 E.33785
G1 X27.496 Y142.032 E.01549
G1 X18.643 Y150.884 E.33783
G1 X18.643 Y151.458 E.01549
G1 X27.496 Y142.605 E.33785
G1 X27.496 Y143.179 E.01549
G1 X18.643 Y152.032 E.33785
G1 X18.643 Y152.605 E.01546
G1 X27.496 Y143.753 E.33783
G1 X27.496 Y144.326 E.01546
G1 X18.643 Y153.179 E.33785
G1 X18.643 Y153.753 E.01549
G1 X27.496 Y144.9 E.33785
G1 X27.496 Y145.474 E.01549
G1 X18.643 Y154.326 E.33783
G1 X18.643 Y154.9 E.01549
G1 X27.496 Y146.048 E.33783
G1 X27.496 Y146.621 E.01546
G1 X18.643 Y155.474 E.33785
G1 X18.643 Y156.048 E.01549
G1 X27.496 Y147.195 E.33785
G1 X27.496 Y147.769 E.01549
G1 X18.643 Y156.621 E.33783
G1 X18.643 Y157.195 E.01549
G1 X27.496 Y148.342 E.33785
G1 X27.496 Y148.916 E.01549
G1 X18.643 Y157.769 E.33785
G1 X18.643 Y158.342 E.01546
G1 X27.496 Y149.49 E.33783
G1 X27.496 Y150.063 E.01546
G1 X18.643 Y158.916 E.33785
G1 X18.643 Y159.49 E.01549
G1 X27.496 Y150.637 E.33785
G1 X27.496 Y151.211 E.01549
G1 X18.643 Y160.063 E.33783
G1 X18.643 Y160.637 E.01549
G1 X27.496 Y151.784 E.33785
G1 X27.496 Y152.358 E.01549
G1 X18.643 Y161.211 E.33785
G1 X18.643 Y161.784 E.01546
G1 X27.496 Y152.932 E.33783
G1 X27.496 Y153.506 E.01549
G1 X18.643 Y162.358 E.33783
G1 X18.643 Y162.932 E.01549
G1 X27.496 Y154.079 E.33785
G1 X27.496 Y154.653 E.01549
G1 X18.643 Y163.506 E.33785
G1 X18.643 Y164.079 E.01546
G1 X27.496 Y155.227 E.33783
G1 X27.496 Y155.8 E.01546
G1 X18.643 Y164.653 E.33785
G1 X18.643 Y165.227 E.01549
G1 X27.496 Y156.374 E.33785
G1 X27.496 Y156.948 E.01549
G1 X18.643 Y165.8 E.33783
G1 X18.643 Y166.374 E.01549
G1 X27.496 Y157.521 E.33785
G1 X27.496 Y158.095 E.01549
G1 X18.643 Y166.948 E.33785
G1 X18.643 Y167.521 E.01546
G1 X27.496 Y158.669 E.33783
G1 X27.496 Y159.242 E.01546
G1 X18.643 Y168.095 E.33785
G1 X18.643 Y168.669 E.01549
G1 X27.496 Y159.816 E.33785
G1 X27.496 Y160.39 E.01549
G1 X18.643 Y169.242 E.33783
G1 X18.643 Y169.816 E.01549
G1 X27.496 Y160.964 E.33783
G1 X27.496 Y161.537 E.01546
G1 X18.643 Y170.39 E.33785
G1 X18.643 Y170.964 E.01549
G1 X27.496 Y162.111 E.33785
G1 X27.496 Y162.685 E.01549
G1 X18.643 Y171.537 E.33783
G1 X18.643 Y172.111 E.01549
G1 X27.496 Y163.258 E.33785
G1 X27.496 Y163.832 E.01549
G1 X18.643 Y172.685 E.33785
G1 X18.643 Y173.258 E.01546
G1 X27.496 Y164.406 E.33783
G1 X27.496 Y164.979 E.01546
G1 X18.643 Y173.832 E.33785
G1 X18.643 Y174.406 E.01549
G1 X27.496 Y165.553 E.33785
G1 X27.496 Y166.127 E.01549
G1 X18.735 Y174.888 E.33434
G1 X19.526 Y174.671 F9000
G1 F3600
G1 X18.837 Y175.35 E.0261
G1 X18.643 Y175.325 E.00528
G1 X18.643 Y181.29 E.16096
G1 X21.446 Y178.487 E.10697
G1 X21.121 Y178.384 E.0092
G1 X20.65 Y178.117 E.01461
G1 X20.209 Y177.739 E.01567
G1 X19.851 Y177.28 E.01571
G1 X19.591 Y176.76 E.01569
G1 X19.433 Y176.11 E.01805
G1 X19.415 Y175.533 E.01558
G1 X19.53 Y174.863 E.01834
G1 X19.669 Y174.527 E.00981
G1 X20.163 Y173.898 E.02158
;WIDTH:0.374336
G1 X20.859 Y173.266 E.02126
;WIDTH:0.407168
G1 X21.003 Y173.158 E.00446
;WIDTH:0.439999
G1 X21.146 Y173.05 E.00484
G1 X27.496 Y166.7 E.24233
G1 X27.496 Y167.274 E.01549
G1 X21.939 Y172.831 E.21207
G1 X21.817 Y172.903 E.00382
;WIDTH:0.407168
G1 X21.696 Y172.976 E.0035
;WIDTH:0.374336
G1 X21.625 Y172.957 E.00166
G1 X21.644 Y173.028 E.00166
G1 X21.685 Y173.017 E.00096
G1 X22.53 Y172.814 F9000
;WIDTH:0.439999
G1 F3600
G1 X27.496 Y167.848 E.18951
G1 X27.496 Y168.422 E.01549
G1 X23.026 Y172.892 E.17059
G1 X23.457 Y173.034 E.01225
G1 X27.496 Y168.995 E.15414
G1 X27.496 Y169.569 E.01549
G1 X23.836 Y173.228 E.13965
G1 X24.17 Y173.468 E.0111
G1 X27.496 Y170.143 E.12691
G1 X27.496 Y170.716 E.01546
G1 X24.467 Y173.745 E.11559
G1 X24.721 Y174.065 E.01102
G1 X27.496 Y171.29 E.1059
G1 X27.496 Y171.864 E.01549
G1 X24.934 Y174.426 E.09777
G1 E-3.5
;WIPE_START
G1 F7200
G1 X27.167 Y172.193 E-1.5
;WIPE_END
G1 X27.352 Y172.581 F9000
G1 E5 F2400
G1 F3600
G1 X25.09 Y174.843 E.08632
G1 X25.206 Y175.334 E.01361
G1 X25.208 Y176.155 E.02215
G1 X25.102 Y176.552 E.01109
G1 X27.352 Y174.302 E.08587
G1 X27.496 Y174.302 E.00389
G1 X27.496 Y172.437 E.05033
G1 X27.09 Y173.417 F9000
;WIDTH:0.439989
G1 F3600
G1 X27.065 Y174.015 E.01615
G1 X25.616 Y175.464 E.0553
G1 X25.537 Y174.97 E.0135
G1 X26.947 Y173.56 E.05381
G1 E-3.5
;WIPE_START
G1 F7200
G1 X25.537 Y174.97 E-.94717
G1 X25.616 Y175.464 E-.23763
G1 X26.085 Y174.995 E-.3152
;WIPE_END
G1 X21.894 Y178.613 F9000
G1 E5 F2400
;WIDTH:0.439999
G1 F3600
G1 X18.577 Y181.936 E.1267
;WIDTH:0.407168
G1 X18.511 Y182.008 E.00242
;WIDTH:0.374336
G1 X18.44 Y181.989 E.00166
G1 X18.459 Y182.061 E.00168
G1 X18.5 Y182.05 E.00096
;WIDTH:0.439999
G1 X18.643 Y182.437 E.01113
G1 X22.444 Y178.636 E.14505
G1 X23.217 Y178.331 F9000
;WIDTH:0.374336
G1 F3600
G1 X23.427 Y178.337 E.00475
;WIDTH:0.407168
G1 X23.284 Y178.426 E.00418
;WIDTH:0.439999
G1 X23.14 Y178.514 E.00455
G1 X18.643 Y183.011 E.17162
G1 X18.643 Y183.585 E.01549
G1 X27.496 Y174.732 E.33785
G1 X27.496 Y175.306 E.01549
G1 X18.643 Y184.159 E.33785
G1 X18.615 Y184.337 E.00486
;WIDTH:0.407168
G1 X18.586 Y184.515 E.00447
;WIDTH:0.374336
G1 X18.545 Y184.526 E.00096
G1 X18.526 Y184.455 E.00166
G1 X18.597 Y184.474 E.00166
;WIDTH:0.439999
G1 X18.977 Y184.398 E.01046
G1 X27.496 Y175.88 E.32509
G1 X27.496 Y176.453 E.01546
G1 X19.551 Y184.398 E.3032
G1 X20.124 Y184.398 E.01546
G1 X27.496 Y177.027 E.28131
G1 X27.496 Y177.601 E.01549
G1 X20.698 Y184.398 E.25941
G1 X21.272 Y184.398 E.01549
G1 X27.496 Y178.174 E.23752
G1 X27.496 Y178.748 E.01549
G1 X21.846 Y184.398 E.21562
G1 X22.419 Y184.398 E.01546
G1 X27.496 Y179.322 E.19373
G1 X27.496 Y179.895 E.01546
G1 X22.993 Y184.398 E.17184
G1 X23.567 Y184.398 E.01549
G1 X27.496 Y180.469 E.14994
G1 X27.496 Y181.043 E.01549
G1 X24.14 Y184.398 E.12805
G1 X24.714 Y184.398 E.01549
G1 X27.496 Y181.617 E.10615
G1 X27.496 Y182.19 E.01546
G1 X25.288 Y184.398 E.08426
G1 X25.23 Y184.479 E.00269
;WIDTH:0.407168
G1 X25.173 Y184.56 E.00246
;WIDTH:0.374336
G1 X25.102 Y184.541 E.00166
G1 X25.121 Y184.612 E.00166
G1 X25.162 Y184.601 E.00096
G1 E-3.5
;WIPE_START
G1 F7200
G1 X25.121 Y184.612 E-.02016
G1 X25.102 Y184.541 E-.03491
G1 X25.173 Y184.56 E-.03491
G1 X25.23 Y184.479 E-.04705
G1 X25.288 Y184.398 E-.04732
G1 X27.246 Y182.44 E-1.31565
;WIPE_END
G1 X27.352 Y182.907 F9000
G1 E5 F2400
;WIDTH:0.439999
G1 F3600
G1 X25.861 Y184.398 E.0569
G1 X27.496 Y184.398 E.04412
G1 X27.496 Y182.764 E.04409
G1 X27.084 Y183.902 F9000
;WIDTH:0.585982
G1 F3600
G1 X27.035 Y183.853 E.00254
G1 X26.968 Y183.871 E.00255
G1 X26.95 Y183.937 E.00251
G1 X26.999 Y183.986 E.00254
G1 X27.066 Y183.968 E.00255
G1 E-3.5
;WIPE_START
G1 F7200
G1 X26.999 Y183.986 E-.03295
G1 X26.95 Y183.937 E-.03292
G1 X26.968 Y183.871 E-.03249
G1 X27.035 Y183.853 E-.03295
G1 X27.084 Y183.902 E-.03292
;WIPE_END
G1 E-1.33577 F3600
G1 X19.043 Y176.201 F9000
G1 E5 F2400
;WIDTH:0.439999
G1 F3600
G1 X19.227 Y176.939 E.02052
G1 X19.529 Y177.528 E.01786
G1 X19.943 Y178.045 E.01787
G1 X20.351 Y178.4 E.01459
G1 X20.731 Y178.629 E.01197
G1 X19.049 Y180.311 E.06419
G1 X19.045 Y176.404 E.10543
;WIDTH:0.429194
G1 X19.04 Y176.167 E.00623
;WIDTH:0.422494
G1 X19.031 Y175.686 E.01242
G1 E-3.5
;WIPE_START
G1 F7200
G1 X19.04 Y176.167 E-.22851
G1 X19.045 Y176.404 E-.1126
G1 X19.047 Y178.844 E-1.15889
;WIPE_END
G1 X19.48 Y178.171 F9000
G1 E5 F2400
;WIDTH:0.491804
G1 F3600
G1 X19.66 Y178.371 E.00819
G1 X20.044 Y178.705 E.01549
G1 X19.48 Y179.269 E.02427
G1 X19.48 Y178.374 E.02724
G1 E-3.5
;WIPE_START
G1 F7200
G1 X19.48 Y179.269 E-.42513
G1 X20.044 Y178.705 E-.37887
G1 X19.66 Y178.371 E-.24174
G1 X19.48 Y178.171 E-.12781
;WIPE_END
G1 E-.32645 F3600
G1 X68.151 Y28.349 F9000
G1 E5 F2400
;WIDTH:0.374336
G1 F3600
G1 X68.436 Y28.335 E.00645
G1 X68.845 Y28.035 E.01147
G1 E-3.5
;WIPE_START
G1 F7200
G1 X68.436 Y28.335 E-.24093
G1 X68.151 Y28.349 E-.13554
;WIPE_END
G1 E-1.12353 F3600
G1 X62.143 Y20.183 F9000
G1 E5 F2400
;WIDTH:0.439999
G1 F3600
G1 X65.28 Y17.046 E.11972
G1 X65.854 Y17.046 E.01549
G1 X62.143 Y20.756 E.1416
G1 X62.143 Y21.33 E.01549
G1 X66.428 Y17.046 E.16351
G1 X67.001 Y17.046 E.01546
G1 X62.143 Y21.904 E.18539
G1 X62.143 Y22.478 E.01549
G1 X67.575 Y17.046 E.2073
G1 X68.149 Y17.046 E.01549
G1 X62.143 Y23.051 E.22918
G1 X62.143 Y23.625 E.01549
G1 X68.722 Y17.046 E.25107
G1 X69.296 Y17.046 E.01549
G1 X62.143 Y24.199 E.27297
G1 X62.143 Y24.772 E.01546
G1 X69.87 Y17.046 E.29486
G1 X70.444 Y17.046 E.01549
G1 X62.143 Y25.346 E.31677
G1 X62.143 Y25.92 E.01549
G1 X70.996 Y17.067 E.33785
G1 X70.996 Y17.641 E.01549
G1 X62.143 Y26.493 E.33783
G1 X62.099 Y26.652 E.00445
;WIDTH:0.407168
G1 X62.054 Y26.81 E.00407
;WIDTH:0.374336
G1 X62.013 Y26.821 E.00096
G1 X61.994 Y26.75 E.00166
G1 X62.065 Y26.769 E.00166
G1 E-3.5
;WIPE_START
G1 F7200
G1 X61.994 Y26.75 E-.03491
G1 X62.013 Y26.821 E-.03491
G1 X62.054 Y26.81 E-.02016
G1 X62.099 Y26.652 E-.07803
G1 X62.143 Y26.493 E-.07836
G1 X64.009 Y24.627 E-1.25363
;WIPE_END
G1 X64.76 Y24.702 F9000
G1 E5 F2400
G1 F3600
G1 X64.851 Y24.359 E.00803
G1 X64.844 Y24.288 E.00161
G1 X65.168 Y23.9 E.01143
G1 X65.567 Y23.507 E.01267
G1 X65.887 Y23.25 E.00928
G1 X66.076 Y23.234 E.00429
G1 X66.319 Y23.156 E.00577
;WIDTH:0.407168
G1 X66.246 Y23.096 E.00234
;WIDTH:0.439999
G1 X66.174 Y23.037 E.00251
G1 X70.996 Y18.214 E.18404
G1 X70.996 Y18.788 E.01549
G1 X66.954 Y22.83 E.15425
G1 X67.542 Y22.815 E.01587
G1 X70.996 Y19.362 E.13179
G1 X70.996 Y19.936 E.01549
G1 X68.031 Y22.9 E.11313
G1 X68.467 Y23.038 E.01234
G1 X70.996 Y20.509 E.09651
G1 X70.996 Y21.083 E.01549
G1 X68.845 Y23.234 E.08209
G1 E-3.5
;WIPE_START
G1 F7200
G1 X70.996 Y21.083 E-1.44494
G1 X70.996 Y20.967 E-.05506
;WIPE_END
G1 X70.852 Y21.8 F9000
G1 E5 F2400
G1 F3600
G1 X69.172 Y23.481 E.06413
G1 X69.458 Y23.735 E.01032
G1 X69.788 Y24.163 E.01458
G1 X70.048 Y24.683 E.01569
G1 X70.206 Y25.334 E.01808
G1 X70.2 Y26.211 E.02367
G1 X70.096 Y26.572 E.01014
G1 X70.59 Y26.078 E.01885
G1 X70.689 Y26.024 E.00304
G1 X70.885 Y26.086 E.00555
G1 X70.996 Y26.211 E.00451
G1 X70.996 Y21.657 E.12289
G1 X70.514 Y22.821 F9000
;WIDTH:0.592941
G1 F3600
G1 X70.514 Y24.563 E.06473
G1 X70.17 Y23.869 E.02878
G1 X69.863 Y23.471 E.01868
G1 X70.37 Y22.964 E.02664
G1 E-3.5
;WIPE_START
G1 F7200
G1 X69.863 Y23.471 E-.34058
G1 X70.17 Y23.869 E-.23876
G1 X70.514 Y24.563 E-.36792
G1 X70.514 Y23.399 E-.55274
;WIPE_END
G1 X64.636 Y24.575 F9000
G1 E5 F2400
;WIDTH:0.439999
G1 F3600
G1 X62.143 Y27.067 E.09512
G1 X62.143 Y27.641 E.01549
G1 X64.429 Y25.355 E.08724
G1 X64.433 Y26.11 E.02037
G1 X64.591 Y26.76 E.01805
G1 X64.83 Y27.248 E.01466
G1 X62.143 Y29.936 E.10256
G1 X62.143 Y28.071 E.05033
G1 X62.286 Y28.071 E.00386
G1 X64.278 Y26.08 E.076
G1 X64.169 Y26.762 E.01864
G1 X64.339 Y27.166 E.01183
G1 X62.549 Y28.956 E.06831
G1 X62.573 Y28.358 E.01615
G1 X64.026 Y26.905 E.05545
G1 X65.072 Y27.58 F9000
G1 F3600
G1 X62.143 Y30.509 E.11178
G1 X62.143 Y31.083 E.01549
G1 X65.35 Y27.876 E.12239
G1 X65.67 Y28.13 E.01102
G1 X62.143 Y31.657 E.1346
G1 X62.143 Y32.23 E.01546
G1 X66.034 Y28.339 E.14849
G1 X66.443 Y28.504 E.0119
G1 X62.143 Y32.804 E.1641
G1 X62.143 Y33.378 E.01549
G1 X66.908 Y28.613 E.18184
G1 X67.457 Y28.637 E.01483
G1 X62.143 Y33.951 E.20279
G1 X62.143 Y34.525 E.01549
G1 X68.149 Y28.519 E.2292
G1 E-3.5
;WIPE_START
G1 F7200
G1 X65.916 Y30.752 E-1.5
;WIPE_END
G1 X70.734 Y26.508 F9000
G1 E5 F2400
G1 F3600
G1 X62.143 Y35.099 E.32785
G1 X62.143 Y35.673 E.01549
G1 X70.996 Y26.82 E.33785
G1 X70.996 Y27.394 E.01549
G1 X62.143 Y36.246 E.33783
G1 X62.143 Y36.82 E.01549
G1 X70.996 Y27.967 E.33785
G1 X70.996 Y28.541 E.01549
G1 X62.143 Y37.394 E.33785
G1 X62.143 Y37.967 E.01546
G1 X70.996 Y29.115 E.33783
G1 X70.996 Y29.688 E.01546
G1 X62.143 Y38.541 E.33785
G1 X62.143 Y39.115 E.01549
G1 X70.996 Y30.262 E.33785
G1 X70.996 Y30.836 E.01549
G1 X62.143 Y39.688 E.33783
G1 X62.143 Y40.262 E.01549
G1 X70.996 Y31.409 E.33785
G1 X70.996 Y31.983 E.01549
G1 X62.143 Y40.836 E.33785
G1 X62.143 Y41.409 E.01546
G1 X70.996 Y32.557 E.33783
G1 X70.996 Y33.131 E.01549
G1 X62.143 Y41.983 E.33783
G1 X62.143 Y42.557 E.01549
G1 X70.996 Y33.704 E.33785
G1 X70.996 Y34.278 E.01549
G1 X62.143 Y43.131 E.33785
G1 X62.143 Y43.704 E.01546
G1 X70.996 Y34.852 E.33783
G1 X70.996 Y35.425 E.01546
G1 X62.143 Y44.278 E.33785
G1 X62.143 Y44.852 E.01549
G1 X70.996 Y35.999 E.33785
G1 X70.996 Y36.573 E.01549
G1 X62.143 Y45.425 E.33783
G1 X62.143 Y45.999 E.01549
G1 X70.996 Y37.146 E.33785
G1 X70.996 Y37.72 E.01549
G1 X62.143 Y46.573 E.33785
G1 X62.143 Y47.146 E.01546
G1 X70.996 Y38.294 E.33783
G1 X70.996 Y38.867 E.01546
G1 X62.143 Y47.72 E.33785
G1 X62.143 Y48.294 E.01549
G1 X70.996 Y39.441 E.33785
G1 X70.996 Y40.015 E.01549
G1 X62.143 Y48.867 E.33783
G1 X62.143 Y49.441 E.01549
G1 X70.996 Y40.589 E.33783
G1 X70.996 Y41.162 E.01546
G1 X62.143 Y50.015 E.33785
G1 X62.143 Y50.589 E.01549
G1 X70.996 Y41.736 E.33785
G1 X70.996 Y42.31 E.01549
G1 X62.143 Y51.162 E.33783
G1 X62.143 Y51.736 E.01549
G1 X70.996 Y42.883 E.33785
G1 X70.996 Y43.457 E.01549
G1 X62.143 Y52.31 E.33785
G1 X62.143 Y52.883 E.01546
G1 X70.996 Y44.031 E.33783
G1 X70.996 Y44.604 E.01546
G1 X62.143 Y53.457 E.33785
G1 X62.143 Y54.031 E.01549
G1 X70.996 Y45.178 E.33785
G1 X70.996 Y45.752 E.01549
G1 X62.143 Y54.604 E.33783
G1 X62.143 Y55.178 E.01549
G1 X70.996 Y46.326 E.33783
G1 X70.996 Y46.899 E.01546
G1 X62.143 Y55.752 E.33785
G1 X62.143 Y56.326 E.01549
G1 X70.996 Y47.473 E.33785
G1 X70.996 Y48.047 E.01549
G1 X62.143 Y56.899 E.33783
G1 X62.143 Y57.473 E.01549
G1 X70.996 Y48.62 E.33785
G1 X70.996 Y49.194 E.01549
G1 X62.143 Y58.047 E.33785
G1 X62.143 Y58.62 E.01546
G1 X70.996 Y49.768 E.33783
G1 X70.996 Y50.341 E.01546
G1 X62.143 Y59.194 E.33785
G1 X62.143 Y59.768 E.01549
G1 X70.996 Y50.915 E.33785
G1 X70.996 Y51.489 E.01549
G1 X62.143 Y60.341 E.33783
G1 X62.143 Y60.915 E.01549
G1 X70.996 Y52.062 E.33785
G1 X70.996 Y52.636 E.01549
G1 X62.143 Y61.489 E.33785
G1 X62.143 Y62.062 E.01546
G1 X70.996 Y53.21 E.33783
G1 X70.996 Y53.784 E.01549
G1 X62.143 Y62.636 E.33783
G1 X62.143 Y63.21 E.01549
G1 X70.996 Y54.357 E.33785
G1 X70.996 Y54.931 E.01549
G1 X62.143 Y63.784 E.33785
G1 X62.143 Y64.357 E.01546
G1 X70.996 Y55.505 E.33783
G1 X70.996 Y56.078 E.01546
G1 X62.143 Y64.931 E.33785
G1 X62.143 Y65.505 E.01549
G1 X70.996 Y56.652 E.33785
G1 X70.996 Y57.226 E.01549
G1 X62.143 Y66.078 E.33783
G1 X62.143 Y66.652 E.01549
G1 X70.996 Y57.799 E.33785
G1 X70.996 Y58.373 E.01549
G1 X62.143 Y67.226 E.33785
G1 X62.143 Y67.799 E.01546
G1 X70.996 Y58.947 E.33783
G1 X70.996 Y59.52 E.01546
G1 X62.143 Y68.373 E.33785
G1 X62.143 Y68.947 E.01549
G1 X70.996 Y60.094 E.33785
G1 X70.996 Y60.668 E.01549
G1 X62.143 Y69.52 E.33783
G1 X62.143 Y70.094 E.01549
G1 X70.996 Y61.242 E.33783
G1 X70.996 Y61.815 E.01546
G1 X62.143 Y70.668 E.33785
G1 X62.143 Y71.242 E.01549
G1 X70.996 Y62.389 E.33785
G1 X70.996 Y62.963 E.01549
G1 X62.143 Y71.815 E.33783
G1 X62.143 Y72.389 E.01549
G1 X70.996 Y63.536 E.33785
G1 X70.996 Y64.11 E.01549
G1 X62.143 Y72.963 E.33785
G1 X62.143 Y73.536 E.01546
G1 X70.996 Y64.684 E.33783
G1 X70.996 Y65.257 E.01546
G1 X62.143 Y74.11 E.33785
G1 X62.143 Y74.684 E.01549
G1 X70.996 Y65.831 E.33785
G1 X70.996 Y66.405 E.01549
G1 X62.143 Y75.257 E.33783
G1 X62.143 Y75.831 E.01549
G1 X70.996 Y66.978 E.33785
G1 X70.996 Y67.552 E.01549
G1 X62.143 Y76.405 E.33785
G1 X62.143 Y76.979 E.01549
G1 X70.996 Y68.126 E.33785
G1 X70.996 Y68.7 E.01549
G1 X62.143 Y77.552 E.33783
G1 X62.143 Y78.126 E.01549
G1 X70.996 Y69.273 E.33785
G1 X70.996 Y69.847 E.01549
G1 X62.143 Y78.7 E.33785
G1 X62.143 Y79.273 E.01546
G1 X70.996 Y70.421 E.33783
G1 X70.996 Y70.994 E.01546
G1 X62.143 Y79.847 E.33785
G1 X62.143 Y80.421 E.01549
G1 X70.996 Y71.568 E.33785
G1 X70.996 Y72.142 E.01549
G1 X62.143 Y80.994 E.33783
G1 X62.143 Y81.568 E.01549
G1 X70.996 Y72.715 E.33785
G1 X70.996 Y73.289 E.01549
G1 X62.143 Y82.142 E.33785
G1 X62.143 Y82.715 E.01546
G1 X70.996 Y73.863 E.33783
G1 X70.996 Y74.437 E.01549
G1 X62.143 Y83.289 E.33783
G1 X62.143 Y83.863 E.01549
G1 X70.996 Y75.01 E.33785
G1 X70.996 Y75.584 E.01549
G1 X62.143 Y84.437 E.33785
G1 X62.143 Y85.01 E.01546
G1 X70.996 Y76.158 E.33783
G1 X70.996 Y76.731 E.01546
G1 X62.143 Y85.584 E.33785
G1 X62.143 Y86.158 E.01549
G1 X70.996 Y77.305 E.33785
G1 X70.996 Y77.879 E.01549
G1 X62.143 Y86.731 E.33783
G1 X62.143 Y87.305 E.01549
G1 X70.996 Y78.452 E.33785
G1 X70.996 Y79.026 E.01549
G1 X62.143 Y87.879 E.33785
G1 X62.143 Y88.452 E.01546
G1 X70.996 Y79.6 E.33783
G1 X70.996 Y80.173 E.01546
G1 X62.143 Y89.026 E.33785
G1 X62.143 Y89.6 E.01549
G1 X70.996 Y80.747 E.33785
G1 X70.996 Y81.321 E.01549
G1 X62.143 Y90.173 E.33783
G1 X62.143 Y90.747 E.01549
G1 X70.996 Y81.895 E.33783
G1 X70.996 Y82.468 E.01546
G1 X62.143 Y91.321 E.33785
G1 X62.143 Y91.895 E.01549
G1 X70.996 Y83.042 E.33785
G1 X70.996 Y83.616 E.01549
G1 X62.143 Y92.468 E.33783
G1 X62.143 Y93.042 E.01549
G1 X70.996 Y84.189 E.33785
G1 X70.996 Y84.763 E.01549
G1 X62.143 Y93.616 E.33785
G1 X62.143 Y94.189 E.01546
G1 X70.996 Y85.337 E.33783
G1 X70.996 Y85.91 E.01546
G1 X62.143 Y94.763 E.33785
G1 X62.143 Y95.337 E.01549
G1 X70.996 Y86.484 E.33785
G1 X70.996 Y87.058 E.01549
G1 X62.143 Y95.91 E.33783
G1 X62.143 Y96.484 E.01549
G1 X70.996 Y87.631 E.33785
G1 X70.996 Y88.205 E.01549
G1 X62.143 Y97.058 E.33785
G1 X62.143 Y97.631 E.01546
G1 X70.996 Y88.779 E.33783
G1 X70.996 Y89.353 E.01549
G1 X62.143 Y98.205 E.33783
G1 X62.143 Y98.779 E.01549
G1 X70.996 Y89.926 E.33785
G1 X70.996 Y90.5 E.01549
G1 X62.143 Y99.353 E.33785
G1 X62.143 Y99.926 E.01546
G1 X70.996 Y91.074 E.33783
G1 X70.996 Y91.647 E.01546
G1 X62.143 Y100.5 E.33785
G1 X62.143 Y101.074 E.01549
G1 X70.996 Y92.221 E.33785
G1 X70.996 Y92.795 E.01549
G1 X62.143 Y101.647 E.33783
G1 X62.099 Y101.806 E.00445
;WIDTH:0.407168
G1 X62.054 Y101.964 E.00407
;WIDTH:0.374336
G1 X62.013 Y101.975 E.00096
G1 X61.994 Y101.904 E.00166
G1 X62.065 Y101.923 E.00166
G1 E-3.5
;WIPE_START
G1 F7200
G1 X61.994 Y101.904 E-.03491
G1 X62.013 Y101.975 E-.03491
G1 X62.054 Y101.964 E-.02016
G1 X62.099 Y101.806 E-.07803
G1 X62.143 Y101.647 E-.07836
G1 X64.009 Y99.781 E-1.25363
;WIPE_END
G1 X64.966 Y99.228 F9000
G1 E5 F2400
G1 F3600
G1 X64.755 Y99.498 E.00775
G1 X65.091 Y99.068 E.01234
G1 X64.547 Y99.817 F9000
;WIDTH:0.439999
G1 F3600
G1 X62.143 Y102.221 E.09174
G1 X62.143 Y102.795 E.01549
G1 X64.408 Y100.529 E.08646
G1 X64.455 Y101.297 E.02076
G1 X64.669 Y101.946 E.01844
G1 X64.898 Y102.335 E.01218
G1 X62.143 Y105.089 E.10512
G1 X62.143 Y103.225 E.0503
G1 X62.286 Y103.225 E.00386
G1 X64.29 Y101.222 E.07646
G1 X64.217 Y101.869 E.01757
G1 X64.387 Y102.272 E.0118
G1 X62.549 Y104.11 E.07014
G1 X62.573 Y103.512 E.01615
G1 X64.073 Y102.012 E.05724
G1 X65.143 Y102.664 F9000
G1 F3600
G1 X62.077 Y105.736 E.11712
;WIDTH:0.407168
G1 X62.011 Y105.808 E.00242
;WIDTH:0.374336
G1 X61.94 Y105.789 E.00166
G1 X61.959 Y105.86 E.00166
G1 X62 Y105.849 E.00096
;WIDTH:0.439999
G1 X62.143 Y106.237 E.01116
G1 X65.433 Y102.947 E.12555
G1 X65.763 Y103.19 E.01106
G1 X62.143 Y106.811 E.13817
G1 X62.143 Y107.384 E.01546
G1 X66.136 Y103.392 E.15236
G1 X66.563 Y103.538 E.01218
G1 X62.143 Y107.958 E.16868
G1 X62.143 Y108.532 E.01549
G1 X67.049 Y103.625 E.18724
G1 X67.627 Y103.622 E.0156
G1 X62.143 Y109.105 E.20926
G1 E-3.5
;WIPE_START
G1 F7200
G1 X64.376 Y106.872 E-1.5
;WIPE_END
G1 X66.395 Y98.138 F9000
G1 E5 F2400
;WIDTH:0.374336
G1 F3600
G1 X66.257 Y98.182 E.00328
G1 X66.099 Y98.167 E.00359
;WIDTH:0.407168
G1 X66.243 Y98.073 E.00426
;WIDTH:0.439999
G1 X66.386 Y97.978 E.00463
G1 X70.996 Y93.368 E.17593
G1 X70.996 Y93.942 E.01549
G1 X67.13 Y97.808 E.14754
G1 X67.686 Y97.825 E.01501
G1 X70.996 Y94.516 E.1263
G1 X70.996 Y95.089 E.01546
G1 X68.157 Y97.928 E.10834
G1 X68.572 Y98.087 E.01199
G1 X70.996 Y95.663 E.09251
G1 X70.996 Y96.237 E.01549
G1 X68.938 Y98.294 E.07852
G1 E-3.5
;WIPE_START
G1 F7200
G1 X70.996 Y96.237 E-1.38213
G1 X70.996 Y95.989 E-.11787
;WIPE_END
G1 X70.852 Y96.954 F9000
G1 E5 F2400
G1 F3600
G1 X69.255 Y98.551 E.06095
G1 X69.458 Y98.735 E.00739
G1 X69.788 Y99.163 E.01458
G1 X70.048 Y99.683 E.01569
G1 X70.205 Y100.334 E.01807
G1 X70.215 Y101.034 E.01889
G1 X70.273 Y100.976 E.00221
G1 X70.474 Y100.938 E.00552
G1 X70.71 Y101.112 E.00791
G1 X70.803 Y101.059 E.00289
G1 X70.996 Y101.111 E.00539
G1 X70.996 Y96.811 E.11603
G1 X70.528 Y97.94 F9000
;WIDTH:0.564186
G1 F3600
G1 X70.523 Y99.619 E.05918
G1 X70.229 Y98.991 E.02444
G1 X69.911 Y98.557 E.01896
G1 X70.384 Y98.083 E.0236
G1 E-3.5
;WIPE_START
G1 F7200
G1 X69.911 Y98.557 E-.31807
G1 X70.229 Y98.991 E-.25557
G1 X70.523 Y99.619 E-.32937
G1 X70.527 Y98.362 E-.59699
;WIPE_END
G1 X70.406 Y101.416 F9000
G1 E5 F2400
;WIDTH:0.439999
G1 F3600
G1 X70.038 Y101.784 E.01404
G1 X69.938 Y101.928 E.00473
;WIDTH:0.407168
G1 X69.838 Y102.071 E.00433
;WIDTH:0.374336
G1 X69.447 Y102.544 E.01388
G1 X69.059 Y102.924 E.01228
G1 X68.668 Y103.238 E.01134
G1 X68.592 Y103.23 E.00173
G1 X68.274 Y103.306 E.00739
;WIDTH:0.439999
G1 X68.381 Y103.441 E.00465
G1 X62.143 Y109.679 E.23806
G1 X62.143 Y110.253 E.01549
G1 X70.854 Y101.542 E.33243
G1 X70.996 Y101.974 E.01227
G1 X62.143 Y110.826 E.33783
G1 X62.143 Y111.4 E.01549
G1 X70.996 Y102.548 E.33783
G1 X70.996 Y103.121 E.01546
G1 X62.143 Y111.974 E.33785
G1 X62.143 Y112.548 E.01549
G1 X70.996 Y103.695 E.33785
G1 X70.996 Y104.269 E.01549
G1 X62.143 Y113.121 E.33783
G1 X62.143 Y113.695 E.01549
G1 X70.996 Y104.842 E.33785
G1 X70.996 Y105.416 E.01549
G1 X62.143 Y114.269 E.33785
G1 X62.143 Y114.842 E.01546
G1 X70.996 Y105.99 E.33783
G1 X70.996 Y106.563 E.01546
G1 X62.143 Y115.416 E.33785
G1 X62.143 Y115.99 E.01549
G1 X70.996 Y107.137 E.33785
G1 X70.996 Y107.711 E.01549
G1 X62.143 Y116.563 E.33783
G1 X62.143 Y117.137 E.01549
G1 X70.996 Y108.284 E.33785
G1 X70.996 Y108.858 E.01549
G1 X62.143 Y117.711 E.33785
G1 X62.143 Y118.284 E.01546
G1 X70.996 Y109.432 E.33783
G1 X70.996 Y110.006 E.01549
G1 X62.143 Y118.858 E.33783
G1 X62.143 Y119.432 E.01549
G1 X70.996 Y110.579 E.33785
G1 X70.996 Y111.153 E.01549
G1 X62.143 Y120.006 E.33785
G1 X62.143 Y120.579 E.01546
G1 X70.996 Y111.727 E.33783
G1 X70.996 Y112.3 E.01546
G1 X62.143 Y121.153 E.33785
G1 X62.143 Y121.727 E.01549
G1 X70.996 Y112.874 E.33785
G1 X70.996 Y113.448 E.01549
G1 X62.143 Y122.3 E.33783
G1 X62.143 Y122.874 E.01549
G1 X70.996 Y114.021 E.33785
G1 X70.996 Y114.595 E.01549
G1 X62.143 Y123.448 E.33785
G1 X62.143 Y124.021 E.01546
G1 X70.996 Y115.169 E.33783
G1 X70.996 Y115.742 E.01546
G1 X62.143 Y124.595 E.33785
G1 X62.143 Y125.169 E.01549
G1 X70.996 Y116.316 E.33785
G1 X70.996 Y116.89 E.01549
G1 X62.143 Y125.742 E.33783
G1 X62.143 Y126.316 E.01549
G1 X70.996 Y117.464 E.33783
G1 X70.996 Y118.037 E.01546
G1 X62.143 Y126.89 E.33785
G1 X62.143 Y127.464 E.01549
G1 X70.996 Y118.611 E.33785
G1 X70.996 Y119.185 E.01549
G1 X62.143 Y128.037 E.33783
G1 X62.143 Y128.611 E.01549
G1 X70.996 Y119.758 E.33785
G1 X70.996 Y120.332 E.01549
G1 X62.143 Y129.185 E.33785
G1 X62.143 Y129.758 E.01546
G1 X70.996 Y120.906 E.33783
G1 X70.996 Y121.479 E.01546
G1 X62.143 Y130.332 E.33785
G1 X62.143 Y130.906 E.01549
G1 X70.996 Y122.053 E.33785
G1 X70.996 Y122.627 E.01549
G1 X62.143 Y131.479 E.33783
G1 X62.143 Y132.053 E.01549
G1 X70.996 Y123.201 E.33783
G1 X70.996 Y123.774 E.01546
G1 X62.143 Y132.627 E.33785
G1 X62.143 Y133.201 E.01549
G1 X70.996 Y124.348 E.33785
G1 X70.996 Y124.922 E.01549
G1 X62.143 Y133.774 E.33783
G1 X62.143 Y134.348 E.01549
G1 X70.996 Y125.495 E.33785
G1 X70.996 Y126.069 E.01549
G1 X62.143 Y134.922 E.33785
G1 X62.143 Y135.495 E.01546
G1 X70.996 Y126.643 E.33783
G1 X70.996 Y127.216 E.01546
G1 X62.143 Y136.069 E.33785
G1 X62.143 Y136.643 E.01549
G1 X70.996 Y127.79 E.33785
G1 X70.996 Y128.364 E.01549
G1 X62.143 Y137.216 E.33783
G1 X62.143 Y137.79 E.01549
G1 X70.996 Y128.937 E.33785
G1 X70.996 Y129.511 E.01549
G1 X62.143 Y138.364 E.33785
G1 X62.143 Y138.937 E.01546
G1 X70.996 Y130.085 E.33783
G1 X70.996 Y130.659 E.01549
G1 X62.143 Y139.511 E.33783
G1 X62.143 Y140.085 E.01549
G1 X70.996 Y131.232 E.33785
G1 X70.996 Y131.806 E.01549
G1 X62.143 Y140.659 E.33785
G1 X62.143 Y141.232 E.01546
G1 X70.996 Y132.38 E.33783
G1 X70.996 Y132.953 E.01546
G1 X62.143 Y141.806 E.33785
G1 X62.143 Y142.38 E.01549
G1 X70.996 Y133.527 E.33785
G1 X70.996 Y134.101 E.01549
G1 X62.143 Y142.953 E.33783
G1 X62.143 Y143.527 E.01549
G1 X70.996 Y134.674 E.33785
G1 X70.996 Y135.248 E.01549
G1 X62.143 Y144.101 E.33785
G1 X62.143 Y144.674 E.01546
G1 X70.996 Y135.822 E.33783
G1 X70.996 Y136.395 E.01546
G1 X62.143 Y145.248 E.33785
G1 X62.143 Y145.822 E.01549
G1 X70.996 Y136.969 E.33785
G1 X70.996 Y137.543 E.01549
G1 X62.143 Y146.395 E.33783
G1 X62.143 Y146.969 E.01549
G1 X70.996 Y138.117 E.33783
G1 X70.996 Y138.69 E.01546
G1 X62.143 Y147.543 E.33785
G1 X62.143 Y148.117 E.01549
G1 X70.996 Y139.264 E.33785
G1 X70.996 Y139.838 E.01549
G1 X62.143 Y148.69 E.33783
G1 X62.143 Y149.264 E.01549
G1 X70.996 Y140.411 E.33785
G1 X70.996 Y140.985 E.01549
G1 X62.143 Y149.838 E.33785
G1 X62.143 Y150.411 E.01546
G1 X70.996 Y141.559 E.33783
G1 X70.996 Y142.132 E.01546
G1 X62.143 Y150.985 E.33785
G1 X62.143 Y151.559 E.01549
G1 X70.996 Y142.706 E.33785
G1 X70.996 Y143.28 E.01549
G1 X62.143 Y152.132 E.33783
G1 X62.143 Y152.706 E.01549
G1 X70.996 Y143.853 E.33785
G1 X70.996 Y144.427 E.01549
G1 X62.143 Y153.28 E.33785
G1 X62.143 Y153.854 E.01549
G1 X70.996 Y145.001 E.33785
G1 X70.996 Y145.575 E.01549
G1 X62.143 Y154.427 E.33783
G1 X62.143 Y155.001 E.01549
G1 X70.996 Y146.148 E.33785
G1 X70.996 Y146.722 E.01549
G1 X62.143 Y155.575 E.33785
G1 X62.143 Y156.148 E.01546
G1 X70.996 Y147.296 E.33783
G1 X70.996 Y147.869 E.01546
G1 X62.143 Y156.722 E.33785
G1 X62.143 Y157.296 E.01549
G1 X70.996 Y148.443 E.33785
G1 X70.996 Y149.017 E.01549
G1 X62.143 Y157.869 E.33783
G1 X62.143 Y158.443 E.01549
G1 X70.996 Y149.59 E.33785
G1 X70.996 Y150.164 E.01549
G1 X62.143 Y159.017 E.33785
G1 X62.143 Y159.59 E.01546
G1 X70.996 Y150.738 E.33783
G1 X70.996 Y151.312 E.01549
G1 X62.143 Y160.164 E.33783
G1 X62.143 Y160.738 E.01549
G1 X70.996 Y151.885 E.33785
G1 X70.996 Y152.459 E.01549
G1 X62.143 Y161.312 E.33785
G1 X62.143 Y161.885 E.01546
G1 X70.996 Y153.033 E.33783
G1 X70.996 Y153.606 E.01546
G1 X62.143 Y162.459 E.33785
G1 X62.143 Y163.033 E.01549
G1 X70.996 Y154.18 E.33785
G1 X70.996 Y154.754 E.01549
G1 X62.143 Y163.606 E.33783
G1 X62.143 Y164.18 E.01549
G1 X70.996 Y155.327 E.33785
G1 X70.996 Y155.901 E.01549
G1 X62.143 Y164.754 E.33785
G1 X62.143 Y165.327 E.01546
G1 X70.996 Y156.475 E.33783
G1 X70.996 Y157.048 E.01546
G1 X62.143 Y165.901 E.33785
G1 X62.143 Y166.475 E.01549
G1 X70.996 Y157.622 E.33785
G1 X70.996 Y158.196 E.01549
G1 X62.143 Y167.048 E.33783
G1 X62.143 Y167.622 E.01549
G1 X70.996 Y158.77 E.33783
G1 X70.996 Y159.343 E.01546
G1 X62.143 Y168.196 E.33785
G1 X62.143 Y168.77 E.01549
G1 X70.996 Y159.917 E.33785
G1 X70.996 Y160.491 E.01549
G1 X62.143 Y169.343 E.33783
G1 X62.143 Y169.917 E.01549
G1 X70.996 Y161.064 E.33785
G1 X70.996 Y161.638 E.01549
G1 X62.143 Y170.491 E.33785
G1 X62.143 Y171.064 E.01546
G1 X70.996 Y162.212 E.33783
G1 X70.996 Y162.785 E.01546
G1 X62.143 Y171.638 E.33785
G1 X62.143 Y172.212 E.01549
G1 X70.996 Y163.359 E.33785
G1 X70.996 Y163.933 E.01549
G1 X62.143 Y172.785 E.33783
G1 X62.143 Y173.359 E.01549
G1 X70.996 Y164.506 E.33785
G1 X70.996 Y165.08 E.01549
G1 X62.143 Y173.933 E.33785
G1 X62.143 Y174.506 E.01546
G1 X70.996 Y165.654 E.33783
G1 X70.996 Y166.228 E.01549
G1 X62.143 Y175.08 E.33783
G1 X62.143 Y175.654 E.01549
G1 X70.996 Y166.801 E.33785
G1 X70.996 Y167.375 E.01549
G1 X62.143 Y176.228 E.33785
G1 X62.104 Y176.365 E.00384
;WIDTH:0.407168
G1 X62.065 Y176.503 E.00356
;WIDTH:0.374336
G1 X61.994 Y176.484 E.00166
G1 X62.013 Y176.555 E.00166
G1 X62.054 Y176.544 E.00096
G1 E-3.5
;WIPE_START
G1 F7200
G1 X62.013 Y176.555 E-.02016
G1 X61.994 Y176.484 E-.03491
G1 X62.065 Y176.503 E-.03491
G1 X62.104 Y176.365 E-.06812
G1 X62.143 Y176.228 E-.06766
G1 X64.04 Y174.331 E-1.27424
;WIPE_END
G1 X65.309 Y173.691 F9000
G1 E5 F2400
G1 F3600
G1 X65.242 Y173.624 E.00214
;WIDTH:0.407168
G1 X65.385 Y173.52 E.00439
;WIDTH:0.439999
G1 X65.529 Y173.416 E.00479
G1 X70.996 Y167.949 E.20863
G1 X70.996 Y168.522 E.01546
G1 X66.632 Y172.886 E.16654
G1 X66.509 Y172.97 E.00402
;WIDTH:0.407168
G1 X66.386 Y173.053 E.00368
;WIDTH:0.374336
G1 X66.315 Y173.034 E.00166
G1 X66.334 Y173.105 E.00166
G1 X66.375 Y173.094 E.00096
G1 X67.288 Y172.804 F9000
;WIDTH:0.439999
G1 F3600
G1 X70.996 Y169.096 E.14151
G1 X70.996 Y169.67 E.01549
G1 X67.818 Y172.847 E.12126
G1 X68.276 Y172.963 E.01275
G1 X70.996 Y170.243 E.1038
G1 X71.214 Y170.649 E.01244
;WIDTH:0.408696
G1 X71.136 Y170.628 E.00201
G1 X71.157 Y170.707 E.00204
G1 X71.202 Y170.694 E.00117
;WIDTH:0.439999
G1 X70.996 Y170.817 E.00647
G1 X68.673 Y173.139 E.08863
G1 E-3.5
;WIPE_START
G1 F7200
G1 X70.906 Y170.907 E-1.5
;WIPE_END
G1 X70.852 Y171.534 F9000
G1 E5 F2400
G1 F3600
G1 X69.029 Y173.357 E.06957
G1 X69.43 Y173.705 E.01433
G1 X69.788 Y174.163 E.01569
G1 X70.048 Y174.683 E.01569
G1 X70.206 Y175.334 E.01808
G1 X70.201 Y176.201 E.0234
G1 X70.383 Y176.02 E.00693
G1 X70.552 Y175.962 E.00482
G1 X70.796 Y176.146 E.00825
G1 X70.996 Y176.122 E.00544
G1 X70.996 Y171.391 E.12767
G1 E-3.5
;WIPE_START
G1 F7200
G1 X70.996 Y174.549 E-1.5
;WIPE_END
G1 X70.594 Y175.04 F9000
G1 E5 F2400
G1 F3600
G1 X70.59 Y172.37 E.07205
G1 X69.624 Y173.336 E.03686
G1 X70.109 Y173.916 E.0204
G1 X70.412 Y174.505 E.01787
G1 X70.595 Y175.243 E.02052
;WIDTH:0.423992
G1 X70.599 Y175.277 E.00089
;WIDTH:0.422496
G1 X70.603 Y175.572 E.00762
G1 E-3.5
;WIPE_START
G1 F7200
G1 X70.599 Y175.277 E-.14014
G1 X70.595 Y175.243 E-.01626
G1 X70.412 Y174.505 E-.36117
G1 X70.109 Y173.916 E-.31462
G1 X69.624 Y173.336 E-.35913
G1 X70.084 Y172.877 E-.30868
;WIPE_END
G1 X65.033 Y173.911 F9000
G1 E5 F2400
;WIDTH:0.439999
G1 F3600
G1 X62.143 Y176.801 E.11029
G1 X62.143 Y177.375 E.01549
G1 X64.486 Y175.032 E.08941
G1 X64.589 Y174.903 E.00445
;WIDTH:0.407168
G1 X64.691 Y174.775 E.00406
;WIDTH:0.374336
G1 X64.65 Y174.786 E.00096
G1 X64.631 Y174.715 E.00166
G1 X64.702 Y174.734 E.00166
G1 X64.418 Y175.673 F9000
;WIDTH:0.439999
G1 F3600
G1 X62.143 Y177.949 E.08684
G1 E-3.5
;WIPE_START
G1 F7200
G1 X64.376 Y175.716 E-1.5
;WIPE_END
G1 X64.318 Y176.347 F9000
G1 E5 F2400
G1 F3600
G1 X62.286 Y178.379 E.07755
G1 X62.143 Y178.379 E.00386
G1 X62.143 Y180.243 E.0503
G1 X64.955 Y177.431 E.10731
G1 X64.688 Y176.986 E.014
G1 X64.49 Y176.442 E.01562
G1 X64.462 Y176.204 E.00647
G1 X64.253 Y176.986 E.02184
G1 X64.444 Y177.368 E.01152
G1 X62.549 Y179.264 E.07234
G1 X62.573 Y178.666 E.01615
G1 X64.11 Y177.129 E.05866
G1 X65.215 Y177.745 F9000
G1 F3600
G1 X62.077 Y180.889 E.11987
;WIDTH:0.407168
G1 X62.011 Y180.962 E.00244
;WIDTH:0.374336
G1 X61.94 Y180.943 E.00166
G1 X61.959 Y181.014 E.00166
G1 X62 Y181.003 E.00096
;WIDTH:0.439999
G1 X62.143 Y181.391 E.01116
G1 X65.519 Y178.015 E.12884
G1 X65.858 Y178.249 E.01112
G1 X62.143 Y181.965 E.14179
G1 X62.143 Y182.538 E.01546
G1 X66.244 Y178.438 E.15648
G1 X66.683 Y178.572 E.01239
G1 X62.143 Y183.112 E.17326
G1 X62.143 Y183.686 E.01549
G1 X67.194 Y178.634 E.19278
G1 X67.803 Y178.599 E.01646
G1 X62.143 Y184.259 E.216
G1 X62.103 Y184.399 E.00393
;WIDTH:0.407168
G1 X62.062 Y184.539 E.00362
;WIDTH:0.374336
G1 X62.021 Y184.55 E.00096
G1 X62.002 Y184.479 E.00166
G1 X62.073 Y184.498 E.00166
;WIDTH:0.439999
G1 X62.578 Y184.398 E.01389
G1 X68.663 Y178.313 E.23222
G1 X68.95 Y178.085 E.00989
;WIDTH:0.374336
G1 X69.483 Y177.584 E.01654
G1 X69.677 Y177.356 E.00677
;WIDTH:0.407168
G1 X69.792 Y177.213 E.00455
;WIDTH:0.439999
G1 X69.907 Y177.069 E.00497
G1 X70.526 Y176.45 E.02362
G1 X70.974 Y176.576 E.01256
G1 X63.152 Y184.398 E.29851
G1 X63.725 Y184.398 E.01546
G1 X70.996 Y177.128 E.27746
G1 X70.996 Y177.701 E.01546
G1 X64.299 Y184.398 E.25557
G1 X64.873 Y184.398 E.01549
G1 X70.996 Y178.275 E.23367
G1 X70.996 Y178.849 E.01549
G1 X65.446 Y184.398 E.21178
G1 X66.02 Y184.398 E.01549
G1 X70.996 Y179.423 E.18988
G1 X70.996 Y179.996 E.01546
G1 X66.594 Y184.398 E.16799
G1 X67.167 Y184.398 E.01546
G1 X70.996 Y180.57 E.1461
G1 X70.996 Y181.144 E.01549
G1 X67.741 Y184.398 E.1242
G1 X68.315 Y184.398 E.01549
G1 X70.996 Y181.717 E.10231
G1 X70.996 Y182.291 E.01549
G1 X68.888 Y184.398 E.08043
G1 X68.831 Y184.479 E.00267
;WIDTH:0.407168
G1 X68.774 Y184.56 E.00246
;WIDTH:0.374336
G1 X68.703 Y184.541 E.00166
G1 X68.722 Y184.612 E.00166
G1 X68.763 Y184.601 E.00096
G1 E-3.5
;WIPE_START
G1 F7200
G1 X68.722 Y184.612 E-.02016
G1 X68.703 Y184.541 E-.03491
G1 X68.774 Y184.56 E-.03491
G1 X68.831 Y184.479 E-.04705
G1 X68.888 Y184.398 E-.04705
G1 X70.847 Y182.44 E-1.31592
;WIPE_END
G1 X70.852 Y183.008 F9000
G1 E5 F2400
;WIDTH:0.439999
G1 F3600
G1 X69.462 Y184.398 E.05305
G1 X70.996 Y184.398 E.04139
G1 X70.996 Y182.865 E.04137
G1 X70.606 Y183.933 F9000
;WIDTH:0.52696
G1 F3600
G1 X70.562 Y183.89 E.00202
G1 X70.503 Y183.905 E.00199
G1 X70.487 Y183.965 E.00203
G1 X70.531 Y184.009 E.00204
G1 X70.59 Y183.993 E.002
G1 E-3.5
;WIPE_START
G1 F7200
G1 X70.531 Y184.009 E-.02904
G1 X70.487 Y183.965 E-.02956
G1 X70.503 Y183.905 E-.0295
G1 X70.562 Y183.89 E-.02892
G1 X70.606 Y183.933 E-.02922
;WIPE_END
G1 E-1.35376 F3600
G1 X62.1 Y17.599 F9000
G1 E5 F2400
;WIDTH:0.439999
G1 F3600
G1 X62.263 Y17.773 E.00643
G1 X62.498 Y18.312 E.01587
G1 X62.547 Y18.625 E.00855
G1 X63.727 Y17.451 E.04492
G1 X61.961 Y17.451 E.04766
;LAYER_CHANGE
;Z:0.52
;HEIGHT:0.16
;BEFORE_LAYER_CHANGE
G92 E0
;0.52


G1 E-3.5 F3600
;WIPE_START
G1 F7200
G1 X63.727 Y17.451 E-.83885
G1 X62.74 Y18.432 E-.66115
;WIPE_END
G1 Z.52 F9000
;AFTER_LAYER_CHANGE
;0.52
G1 X67.124 Y98.124
G1 E5 F2400
;TYPE:Perimeter
G1 F1800
G1 X67.155 Y98.119 E.00085
G1 X67.674 Y98.138 E.01401
G1 X68.179 Y98.259 E.01401
G1 X68.65 Y98.479 E.01403
G1 X69.068 Y98.787 E.01401
G1 X69.417 Y99.172 E.01402
G1 X69.683 Y99.618 E.01401
G1 X69.855 Y100.108 E.01401
G1 X69.926 Y100.623 E.01403
G1 X69.894 Y101.141 E.014
G1 X69.76 Y101.643 E.01402
G1 X69.529 Y102.108 E.01401
G1 X69.367 Y102.327 E.00735
G1 X68.975 Y102.729 E.01515
G1 X68.482 Y103.057 E.01598
G1 X67.996 Y103.241 E.01402
G1 X67.483 Y103.325 E.01403
G1 X66.964 Y103.306 E.01401
G1 X66.459 Y103.184 E.01402
G1 X65.988 Y102.965 E.01402
G1 X65.57 Y102.657 E.01401
G1 X65.222 Y102.272 E.014
G1 X64.956 Y101.826 E.01401
G1 X64.784 Y101.335 E.01404
G1 X64.713 Y100.821 E.014
G1 X64.745 Y100.302 E.01403
G1 X64.879 Y99.801 E.01399
G1 X65.11 Y99.336 E.01401
G1 X65.271 Y99.117 E.00733
G1 X65.664 Y98.715 E.01517
G1 X66.157 Y98.387 E.01598
G1 X66.643 Y98.203 E.01402
G1 X67.065 Y98.133 E.01154
G1 X67.155 Y98.528 F9000
G1 F1800
G1 X67.206 Y98.521 E.00139
G1 X67.76 Y98.563 E.01499
G1 X68.179 Y98.693 E.01184
G1 X68.564 Y98.903 E.01183
G1 X68.899 Y99.186 E.01183
G1 X69.172 Y99.529 E.01183
G1 X69.372 Y99.92 E.01185
G1 X69.49 Y100.343 E.01185
G1 X69.522 Y100.78 E.01182
G1 X69.467 Y101.216 E.01186
G1 X69.326 Y101.631 E.01183
G1 X69.077 Y102.044 E.01301
G1 X68.685 Y102.446 E.01515
G1 X68.279 Y102.706 E.01301
G1 X67.752 Y102.882 E.01499
G1 X67.316 Y102.925 E.01182
G1 X66.879 Y102.881 E.01185
G1 X66.46 Y102.751 E.01184
G1 X66.075 Y102.54 E.01185
G1 X65.739 Y102.258 E.01184
G1 X65.466 Y101.914 E.01185
G1 X65.267 Y101.524 E.01181
G1 X65.149 Y101.101 E.01185
G1 X65.117 Y100.663 E.01185
G1 X65.172 Y100.228 E.01183
G1 X65.312 Y99.812 E.01184
G1 X65.562 Y99.4 E.013
G1 X65.954 Y98.998 E.01515
G1 X66.36 Y98.738 E.01301
G1 X66.886 Y98.561 E.01498
G1 X67.095 Y98.535 E.00568
G1 X67.095 Y98.934 F9000
;TYPE:External perimeter
;WIDTH:0.419999
G1 F1800
G1 X67.255 Y98.914 E.00414
G1 X67.652 Y98.944 E.01021
G1 X67.998 Y99.045 E.00925
G1 X68.317 Y99.213 E.00925
G1 X68.596 Y99.44 E.00923
G1 X68.825 Y99.719 E.00926
G1 X68.994 Y100.037 E.00924
G1 X69.096 Y100.382 E.00923
G1 X69.128 Y100.741 E.00925
G1 X69.089 Y101.099 E.00924
G1 X68.979 Y101.442 E.00924
G1 X68.794 Y101.767 E.00959
G1 X68.401 Y102.17 E.01444
G1 X68.046 Y102.379 E.01057
G1 X67.703 Y102.49 E.00925
G1 X67.345 Y102.531 E.00924
G1 X66.986 Y102.5 E.00924
G1 X66.641 Y102.399 E.00922
G1 X66.322 Y102.231 E.00925
G1 X66.042 Y102.004 E.00925
G1 X65.814 Y101.725 E.00924
G1 X65.645 Y101.407 E.00924
G1 X65.542 Y101.062 E.00924
G1 X65.51 Y100.703 E.00925
G1 X65.55 Y100.345 E.00924
G1 X65.66 Y100.001 E.00927
G1 X65.845 Y99.676 E.00959
G1 X66.237 Y99.274 E.0144
G1 X66.593 Y99.065 E.01059
G1 X66.936 Y98.954 E.00925
G1 X67.036 Y98.941 E.00259
G1 E-3.5 F3600
;WIPE_START
G1 F7200
G1 X67.095 Y98.934 E-.02822
G1 X67.255 Y98.914 E-.07659
G1 X67.652 Y98.944 E-.18911
G1 X67.998 Y99.045 E-.17121
G1 X68.317 Y99.213 E-.17125
G1 X68.596 Y99.44 E-.17085
G1 X68.825 Y99.719 E-.17145
G1 X68.994 Y100.037 E-.17106
G1 X69.096 Y100.382 E-.17089
G1 X69.128 Y100.741 E-.1712
G1 X69.126 Y100.758 E-.00817
;WIPE_END
G1 X24.921 Y100.59 F9000
G1 E5 F2400
;TYPE:Perimeter
;WIDTH:0.439999
G1 F1800
G1 X24.926 Y100.623 E.0009
G1 X24.894 Y101.141 E.014
G1 X24.76 Y101.643 E.01402
G1 X24.529 Y102.108 E.01401
G1 X24.367 Y102.327 E.00735
G1 X23.975 Y102.729 E.01515
G1 X23.482 Y103.057 E.01598
G1 X22.996 Y103.241 E.01402
G1 X22.483 Y103.325 E.01403
G1 X21.964 Y103.306 E.01401
G1 X21.459 Y103.184 E.01402
G1 X20.988 Y102.965 E.01402
G1 X20.57 Y102.657 E.01401
G1 X20.222 Y102.272 E.014
G1 X19.956 Y101.826 E.01401
G1 X19.784 Y101.335 E.01404
G1 X19.713 Y100.821 E.014
G1 X19.745 Y100.302 E.01403
G1 X19.879 Y99.801 E.01399
G1 X20.11 Y99.336 E.01401
G1 X20.271 Y99.117 E.00733
G1 X20.664 Y98.715 E.01517
G1 X21.157 Y98.387 E.01598
G1 X21.643 Y98.203 E.01402
G1 X22.155 Y98.119 E.014
G1 X22.674 Y98.138 E.01401
G1 X23.179 Y98.259 E.01401
G1 X23.65 Y98.479 E.01403
G1 X24.068 Y98.787 E.01401
G1 X24.417 Y99.172 E.01402
G1 X24.683 Y99.618 E.01401
G1 X24.855 Y100.108 E.01401
G1 X24.913 Y100.531 E.01152
G1 X24.51 Y100.612 F9000
G1 F1800
G1 X24.522 Y100.78 E.00454
G1 X24.467 Y101.216 E.01186
G1 X24.326 Y101.631 E.01183
G1 X24.077 Y102.044 E.01301
G1 X23.685 Y102.446 E.01515
G1 X23.279 Y102.706 E.01301
G1 X22.752 Y102.882 E.01499
G1 X22.316 Y102.925 E.01182
G1 X21.879 Y102.881 E.01185
G1 X21.46 Y102.751 E.01184
G1 X21.075 Y102.54 E.01185
G1 X20.739 Y102.258 E.01184
G1 X20.466 Y101.914 E.01185
G1 X20.267 Y101.524 E.01181
G1 X20.149 Y101.101 E.01185
G1 X20.117 Y100.78 E.00871
G1 X20.172 Y100.228 E.01497
G1 X20.312 Y99.812 E.01184
G1 X20.562 Y99.4 E.013
G1 X20.954 Y98.998 E.01515
G1 X21.36 Y98.738 E.01301
G1 X21.886 Y98.561 E.01498
G1 X22.323 Y98.518 E.01185
G1 X22.76 Y98.563 E.01185
G1 X23.179 Y98.693 E.01184
G1 X23.564 Y98.903 E.01183
G1 X23.899 Y99.186 E.01183
G1 X24.172 Y99.529 E.01183
G1 X24.372 Y99.92 E.01185
G1 X24.49 Y100.343 E.01185
G1 X24.505 Y100.552 E.00565
G1 X24.111 Y100.543 F9000
;TYPE:External perimeter
;WIDTH:0.419999
G1 F1800
G1 X24.128 Y100.741 E.0051
G1 X24.089 Y101.099 E.00924
G1 X23.979 Y101.442 E.00924
G1 X23.794 Y101.767 E.00959
G1 X23.401 Y102.17 E.01444
G1 X23.046 Y102.379 E.01057
G1 X22.703 Y102.49 E.00925
G1 X22.345 Y102.531 E.00924
G1 X21.986 Y102.5 E.00924
G1 X21.641 Y102.399 E.00922
G1 X21.322 Y102.231 E.00925
G1 X21.042 Y102.004 E.00925
G1 X20.814 Y101.725 E.00924
G1 X20.645 Y101.407 E.00924
G1 X20.542 Y101.062 E.00924
G1 X20.51 Y100.741 E.00828
G1 X20.55 Y100.345 E.01021
G1 X20.66 Y100.001 E.00927
G1 X20.845 Y99.676 E.00959
G1 X21.237 Y99.274 E.0144
G1 X21.593 Y99.065 E.01059
G1 X21.936 Y98.954 E.00925
G1 X22.293 Y98.913 E.00922
G1 X22.652 Y98.944 E.00924
G1 X22.998 Y99.045 E.00925
G1 X23.317 Y99.213 E.00925
G1 X23.596 Y99.44 E.00923
G1 X23.825 Y99.719 E.00926
G1 X23.994 Y100.037 E.00924
G1 X24.096 Y100.382 E.00923
G1 X24.105 Y100.483 E.0026
G1 E-3.5 F3600
;WIPE_START
G1 F7200
G1 X24.111 Y100.543 E-.02864
G1 X24.128 Y100.741 E-.0944
G1 X24.089 Y101.099 E-.17106
G1 X23.979 Y101.442 E-.1711
G1 X23.794 Y101.767 E-.17763
G1 X23.401 Y102.17 E-.26738
G1 X23.046 Y102.379 E-.19568
G1 X22.703 Y102.49 E-.17124
G1 X22.345 Y102.531 E-.17116
G1 X22.237 Y102.522 E-.05171
;WIPE_END
G1 X22.384 Y28.321 F9000
G1 E5 F2400
;TYPE:Perimeter
;WIDTH:0.439999
G1 F1800
G1 X22.285 Y28.33 E.00268
G1 X21.769 Y28.272 E.01401
G1 X21.275 Y28.112 E.01401
G1 X20.822 Y27.858 E.01401
G1 X20.429 Y27.519 E.01401
G1 X20.11 Y27.108 E.01404
G1 X19.879 Y26.643 E.01401
G1 X19.74 Y26.067 E.01599
G1 X19.726 Y25.505 E.01517
G1 X19.836 Y24.923 E.01598
G1 X20.044 Y24.447 E.01402
G1 X20.341 Y24.022 E.01399
G1 X20.717 Y23.663 E.01403
G1 X21.157 Y23.387 E.01402
G1 X21.643 Y23.203 E.01402
G1 X22.155 Y23.119 E.014
G1 X22.427 Y23.122 E.00734
G1 X22.983 Y23.206 E.01517
G1 X23.537 Y23.415 E.01598
G1 X23.97 Y23.702 E.01402
G1 X24.337 Y24.069 E.01401
G1 X24.625 Y24.502 E.01403
G1 X24.87 Y25.175 E.01933
G1 X24.928 Y25.691 E.01401
G1 X24.882 Y26.208 E.01401
G1 X24.735 Y26.706 E.01401
G1 X24.492 Y27.165 E.01401
G1 X24.163 Y27.567 E.01402
G1 X23.76 Y27.896 E.01404
G1 X23.301 Y28.138 E.014
G1 X22.803 Y28.285 E.01401
G1 X22.444 Y28.316 E.00972
G1 X22.374 Y27.92 F9000
G1 F1800
G1 X22.316 Y27.925 E.00157
G1 X21.879 Y27.881 E.01185
G1 X21.46 Y27.751 E.01184
G1 X21.075 Y27.54 E.01185
G1 X20.739 Y27.258 E.01184
G1 X20.466 Y26.914 E.01185
G1 X20.267 Y26.524 E.01181
G1 X20.146 Y26.057 E.01302
G1 X20.132 Y25.495 E.01517
G1 X20.229 Y25.024 E.01298
G1 X20.47 Y24.523 E.015
G1 X20.744 Y24.181 E.01183
G1 X21.081 Y23.899 E.01186
G1 X21.467 Y23.69 E.01184
G1 X22 Y23.547 E.01489
G1 X22.366 Y23.523 E.0099
G1 X22.922 Y23.607 E.01517
G1 X23.37 Y23.785 E.01301
G1 X23.821 Y24.109 E.01499
G1 X24.111 Y24.438 E.01183
G1 X24.329 Y24.819 E.01185
G1 X24.469 Y25.235 E.01184
G1 X24.522 Y25.671 E.01185
G1 X24.489 Y26.108 E.01183
G1 X24.369 Y26.53 E.01184
G1 X24.168 Y26.92 E.01184
G1 X23.894 Y27.263 E.01185
G1 X23.558 Y27.545 E.01184
G1 X23.172 Y27.754 E.01184
G1 X22.752 Y27.882 E.01185
G1 X22.434 Y27.914 E.00862
G1 X22.454 Y27.518 F9000
;TYPE:External perimeter
;WIDTH:0.419999
G1 F1800
G1 X22.345 Y27.531 E.00282
G1 X21.986 Y27.5 E.00924
G1 X21.641 Y27.399 E.00922
G1 X21.322 Y27.231 E.00925
G1 X21.042 Y27.004 E.00925
G1 X20.814 Y26.725 E.00924
G1 X20.645 Y26.407 E.00924
G1 X20.541 Y26.047 E.00961
G1 X20.527 Y25.485 E.01442
G1 X20.626 Y25.085 E.01057
G1 X20.786 Y24.762 E.00925
G1 X21.006 Y24.477 E.00924
G1 X21.279 Y24.242 E.00924
G1 X21.593 Y24.065 E.00925
G1 X22.049 Y23.94 E.01213
G1 X22.308 Y23.914 E.00668
G1 X22.863 Y23.998 E.0144
G1 X23.241 Y24.165 E.0106
G1 X23.531 Y24.378 E.00923
G1 X23.773 Y24.645 E.00924
G1 X23.958 Y24.954 E.00924
G1 X24.077 Y25.294 E.00924
G1 X24.127 Y25.651 E.00925
G1 X24.105 Y26.01 E.00923
G1 X24.013 Y26.359 E.00926
G1 X23.853 Y26.682 E.00925
G1 X23.632 Y26.966 E.00923
G1 X23.36 Y27.202 E.00924
G1 X23.046 Y27.379 E.00925
G1 X22.703 Y27.49 E.00925
G1 X22.514 Y27.512 E.00488
G1 E-3.5 F3600
;WIPE_START
G1 F7200
G1 X22.454 Y27.518 E-.02864
G1 X22.345 Y27.531 E-.05214
G1 X21.986 Y27.5 E-.17116
G1 X21.641 Y27.399 E-.17075
G1 X21.322 Y27.231 E-.17125
G1 X21.042 Y27.004 E-.17122
G1 X20.814 Y26.725 E-.17115
G1 X20.645 Y26.407 E-.17106
G1 X20.541 Y26.047 E-.17799
G1 X20.53 Y25.596 E-.21464
;WIPE_END
G1 X64.735 Y25.851 F9000
G1 E5 F2400
;TYPE:Perimeter
;WIDTH:0.439999
G1 F1800
G1 X64.726 Y25.505 E.00934
G1 X64.836 Y24.923 E.01598
G1 X65.044 Y24.447 E.01402
G1 X65.341 Y24.022 E.01399
G1 X65.717 Y23.663 E.01403
G1 X66.157 Y23.387 E.01402
G1 X66.643 Y23.203 E.01402
G1 X67.155 Y23.119 E.014
G1 X67.602 Y23.148 E.01209
G1 X68.243 Y23.283 E.01768
G1 X68.708 Y23.514 E.01401
G1 X69.118 Y23.833 E.01402
G1 X69.457 Y24.227 E.01403
G1 X69.711 Y24.68 E.01401
G1 X69.87 Y25.175 E.01403
G1 X69.928 Y25.691 E.01401
G1 X69.882 Y26.208 E.01401
G1 X69.735 Y26.706 E.01401
G1 X69.492 Y27.165 E.01401
G1 X69.163 Y27.567 E.01402
G1 X68.76 Y27.896 E.01404
G1 X68.301 Y28.138 E.014
G1 X67.803 Y28.285 E.01401
G1 X67.285 Y28.33 E.01403
G1 X66.769 Y28.272 E.01401
G1 X66.275 Y28.112 E.01401
G1 X65.822 Y27.858 E.01401
G1 X65.429 Y27.519 E.01401
G1 X65.11 Y27.108 E.01404
G1 X64.879 Y26.643 E.01401
G1 X64.74 Y26.067 E.01599
G1 X64.736 Y25.911 E.00421
G1 X65.14 Y25.831 F9000
G1 F1800
G1 X65.132 Y25.495 E.00907
G1 X65.229 Y25.024 E.01298
G1 X65.47 Y24.523 E.015
G1 X65.744 Y24.181 E.01183
G1 X66.081 Y23.899 E.01186
G1 X66.467 Y23.69 E.01184
G1 X66.886 Y23.561 E.01183
G1 X67.366 Y23.523 E.01299
G1 X67.922 Y23.607 E.01517
G1 X68.37 Y23.785 E.01301
G1 X68.821 Y24.109 E.01499
G1 X69.111 Y24.438 E.01183
G1 X69.329 Y24.819 E.01185
G1 X69.469 Y25.235 E.01184
G1 X69.522 Y25.671 E.01185
G1 X69.489 Y26.108 E.01183
G1 X69.369 Y26.53 E.01184
G1 X69.168 Y26.92 E.01184
G1 X68.894 Y27.263 E.01185
G1 X68.558 Y27.545 E.01184
G1 X68.172 Y27.754 E.01184
G1 X67.752 Y27.882 E.01185
G1 X67.316 Y27.925 E.01182
G1 X66.879 Y27.881 E.01185
G1 X66.46 Y27.751 E.01184
G1 X66.075 Y27.54 E.01185
G1 X65.739 Y27.258 E.01184
G1 X65.466 Y26.914 E.01185
G1 X65.267 Y26.524 E.01181
G1 X65.146 Y26.057 E.01302
G1 X65.142 Y25.891 E.00448
G1 X65.538 Y25.9 F9000
;TYPE:External perimeter
;WIDTH:0.419999
G1 F1800
G1 X65.527 Y25.485 E.01065
G1 X65.626 Y25.085 E.01057
G1 X65.786 Y24.762 E.00925
G1 X66.006 Y24.477 E.00924
G1 X66.279 Y24.242 E.00924
G1 X66.593 Y24.065 E.00925
G1 X66.936 Y23.954 E.00925
G1 X67.308 Y23.914 E.0096
G1 X67.863 Y23.998 E.0144
G1 X68.241 Y24.165 E.0106
G1 X68.531 Y24.378 E.00923
G1 X68.773 Y24.645 E.00924
G1 X68.958 Y24.954 E.00924
G1 X69.077 Y25.294 E.00924
G1 X69.127 Y25.651 E.00925
G1 X69.105 Y26.01 E.00923
G1 X69.013 Y26.359 E.00926
G1 X68.853 Y26.682 E.00925
G1 X68.632 Y26.966 E.00923
G1 X68.36 Y27.202 E.00924
G1 X68.046 Y27.379 E.00925
G1 X67.703 Y27.49 E.00925
G1 X67.345 Y27.531 E.00924
G1 X66.986 Y27.5 E.00924
G1 X66.641 Y27.399 E.00922
G1 X66.322 Y27.231 E.00925
G1 X66.042 Y27.004 E.00925
G1 X65.814 Y26.725 E.00924
G1 X65.645 Y26.407 E.00924
G1 X65.541 Y26.047 E.00961
G1 X65.539 Y25.96 E.00223
G1 E-3.5 F3600
;WIPE_START
G1 F7200
G1 X65.538 Y25.9 E-.0285
G1 X65.527 Y25.485 E-.19719
G1 X65.626 Y25.085 E-.19573
G1 X65.786 Y24.762 E-.17122
G1 X66.006 Y24.477 E-.17102
G1 X66.279 Y24.242 E-.1711
G1 X66.593 Y24.065 E-.17121
G1 X66.936 Y23.954 E-.17124
G1 X67.308 Y23.914 E-.17772
G1 X67.402 Y23.928 E-.04507
;WIPE_END
G1 X67.255 Y173.133 F9000
G1 E5 F2400
;TYPE:Perimeter
;WIDTH:0.439999
G1 F1800
G1 X67.427 Y173.122 E.00465
G1 X67.983 Y173.206 E.01517
G1 X68.537 Y173.415 E.01598
G1 X68.97 Y173.702 E.01402
G1 X69.337 Y174.069 E.01401
G1 X69.625 Y174.502 E.01403
G1 X69.821 Y174.983 E.01402
G1 X69.918 Y175.493 E.01401
G1 X69.911 Y176.012 E.01401
G1 X69.803 Y176.52 E.01401
G1 X69.595 Y176.996 E.01402
G1 X69.297 Y177.422 E.01403
G1 X68.921 Y177.78 E.01401
G1 X68.482 Y178.057 E.01401
G1 X67.996 Y178.241 E.01402
G1 X67.483 Y178.325 E.01403
G1 X66.964 Y178.306 E.01401
G1 X66.459 Y178.184 E.01402
G1 X65.988 Y177.965 E.01402
G1 X65.57 Y177.657 E.01401
G1 X65.222 Y177.272 E.014
G1 X64.956 Y176.826 E.01401
G1 X64.784 Y176.335 E.01404
G1 X64.74 Y176.067 E.00733
G1 X64.726 Y175.505 E.01517
G1 X64.836 Y174.923 E.01598
G1 X65.044 Y174.447 E.01402
G1 X65.476 Y173.876 E.01932
G1 X65.878 Y173.548 E.014
G1 X66.338 Y173.305 E.01404
G1 X66.836 Y173.159 E.014
G1 X67.195 Y173.136 E.00971
G1 X67.265 Y173.531 F9000
G1 F1800
G1 X67.366 Y173.523 E.00273
G1 X67.922 Y173.607 E.01517
G1 X68.37 Y173.785 E.01301
G1 X68.821 Y174.109 E.01499
G1 X69.111 Y174.438 E.01183
G1 X69.329 Y174.819 E.01185
G1 X69.469 Y175.235 E.01184
G1 X69.522 Y175.671 E.01185
G1 X69.489 Y176.108 E.01183
G1 X69.369 Y176.53 E.01184
G1 X69.168 Y176.92 E.01184
G1 X68.894 Y177.263 E.01185
G1 X68.558 Y177.545 E.01184
G1 X68.172 Y177.754 E.01184
G1 X67.639 Y177.897 E.01489
G1 X67.316 Y177.925 E.00875
G1 X66.879 Y177.881 E.01185
G1 X66.46 Y177.751 E.01184
G1 X66.075 Y177.54 E.01185
G1 X65.739 Y177.258 E.01184
G1 X65.466 Y176.914 E.01185
G1 X65.267 Y176.524 E.01181
G1 X65.146 Y176.057 E.01302
G1 X65.132 Y175.495 E.01517
G1 X65.229 Y175.024 E.01298
G1 X65.47 Y174.523 E.015
G1 X65.744 Y174.181 E.01183
G1 X66.081 Y173.899 E.01186
G1 X66.467 Y173.69 E.01184
G1 X66.886 Y173.561 E.01183
G1 X67.205 Y173.536 E.00863
G1 X67.185 Y173.927 F9000
;TYPE:External perimeter
;WIDTH:0.419999
G1 F1800
G1 X67.308 Y173.914 E.00317
G1 X67.863 Y173.998 E.0144
G1 X68.241 Y174.165 E.0106
G1 X68.531 Y174.378 E.00923
G1 X68.773 Y174.645 E.00924
G1 X68.958 Y174.954 E.00924
G1 X69.077 Y175.294 E.00924
G1 X69.127 Y175.651 E.00925
G1 X69.105 Y176.01 E.00923
G1 X69.013 Y176.359 E.00926
G1 X68.853 Y176.682 E.00925
G1 X68.632 Y176.966 E.00923
G1 X68.36 Y177.202 E.00924
G1 X68.046 Y177.379 E.00925
G1 X67.59 Y177.504 E.01213
G1 X67.345 Y177.531 E.00632
G1 X66.986 Y177.5 E.00924
G1 X66.641 Y177.399 E.00922
G1 X66.322 Y177.231 E.00925
G1 X66.042 Y177.004 E.00925
G1 X65.814 Y176.725 E.00924
G1 X65.645 Y176.407 E.00924
G1 X65.541 Y176.047 E.00961
G1 X65.527 Y175.485 E.01442
G1 X65.626 Y175.085 E.01057
G1 X65.786 Y174.762 E.00925
G1 X66.006 Y174.477 E.00924
G1 X66.279 Y174.242 E.00924
G1 X66.593 Y174.065 E.00925
G1 X66.936 Y173.954 E.00925
G1 X67.125 Y173.934 E.00488
G1 E-3.5 F3600
;WIPE_START
G1 F7200
G1 X67.185 Y173.927 E-.02869
G1 X67.308 Y173.914 E-.05875
G1 X67.863 Y173.998 E-.26663
G1 X68.241 Y174.165 E-.19629
G1 X68.531 Y174.378 E-.17091
G1 X68.773 Y174.645 E-.17117
G1 X68.958 Y174.954 E-.17107
G1 X69.077 Y175.294 E-.17111
G1 X69.127 Y175.651 E-.17123
G1 X69.115 Y175.849 E-.09415
;WIPE_END
G1 X24.916 Y175.591 F9000
G1 E5 F2400
;TYPE:Perimeter
;WIDTH:0.439999
G1 F1800
G1 X24.911 Y176.012 E.01136
G1 X24.803 Y176.52 E.01401
G1 X24.595 Y176.996 E.01402
G1 X24.297 Y177.422 E.01403
G1 X23.921 Y177.78 E.01401
G1 X23.482 Y178.057 E.01401
G1 X22.996 Y178.241 E.01402
G1 X22.483 Y178.325 E.01403
G1 X21.964 Y178.306 E.01401
G1 X21.459 Y178.184 E.01402
G1 X20.988 Y177.965 E.01402
G1 X20.57 Y177.657 E.01401
G1 X20.222 Y177.272 E.014
G1 X19.956 Y176.826 E.01401
G1 X19.784 Y176.335 E.01404
G1 X19.74 Y176.067 E.00733
G1 X19.726 Y175.505 E.01517
G1 X19.836 Y174.923 E.01598
G1 X20.044 Y174.447 E.01402
G1 X20.341 Y174.022 E.01399
G1 X20.717 Y173.663 E.01403
G1 X21.157 Y173.387 E.01402
G1 X21.643 Y173.203 E.01402
G1 X22.155 Y173.119 E.014
G1 X22.427 Y173.122 E.00734
G1 X22.983 Y173.206 E.01517
G1 X23.537 Y173.415 E.01598
G1 X23.97 Y173.702 E.01402
G1 X24.337 Y174.069 E.01401
G1 X24.625 Y174.502 E.01403
G1 X24.821 Y174.983 E.01402
G1 X24.918 Y175.493 E.01401
G1 X24.917 Y175.531 E.00103
G1 X24.515 Y175.611 F9000
G1 F1800
G1 X24.522 Y175.671 E.00163
G1 X24.489 Y176.108 E.01183
G1 X24.369 Y176.53 E.01184
G1 X24.168 Y176.92 E.01184
G1 X23.894 Y177.263 E.01185
G1 X23.558 Y177.545 E.01184
G1 X23.172 Y177.754 E.01184
G1 X22.752 Y177.882 E.01185
G1 X22.433 Y177.923 E.00868
G1 X21.879 Y177.881 E.01499
G1 X21.46 Y177.751 E.01184
G1 X21.075 Y177.54 E.01185
G1 X20.739 Y177.258 E.01184
G1 X20.466 Y176.914 E.01185
G1 X20.267 Y176.524 E.01181
G1 X20.146 Y176.057 E.01302
G1 X20.132 Y175.495 E.01517
G1 X20.229 Y175.024 E.01298
G1 X20.47 Y174.523 E.015
G1 X20.744 Y174.181 E.01183
G1 X21.081 Y173.899 E.01186
G1 X21.467 Y173.69 E.01184
G1 X21.886 Y173.561 E.01183
G1 X22.366 Y173.523 E.01299
G1 X22.922 Y173.607 E.01517
G1 X23.37 Y173.785 E.01301
G1 X23.821 Y174.109 E.01499
G1 X24.111 Y174.438 E.01183
G1 X24.329 Y174.819 E.01185
G1 X24.469 Y175.235 E.01184
G1 X24.508 Y175.552 E.00862
G1 X24.112 Y175.542 F9000
;TYPE:External perimeter
;WIDTH:0.419999
G1 F1800
G1 X24.127 Y175.651 E.00282
G1 X24.105 Y176.01 E.00923
G1 X24.013 Y176.359 E.00926
G1 X23.853 Y176.682 E.00925
G1 X23.632 Y176.966 E.00923
G1 X23.36 Y177.202 E.00924
G1 X23.046 Y177.379 E.00925
G1 X22.703 Y177.49 E.00925
G1 X22.384 Y177.53 E.00825
G1 X21.986 Y177.5 E.01024
G1 X21.641 Y177.399 E.00922
G1 X21.322 Y177.231 E.00925
G1 X21.042 Y177.004 E.00925
G1 X20.814 Y176.725 E.00924
G1 X20.645 Y176.407 E.00924
G1 X20.541 Y176.047 E.00961
G1 X20.527 Y175.485 E.01442
G1 X20.626 Y175.085 E.01057
G1 X20.786 Y174.762 E.00925
G1 X21.006 Y174.477 E.00924
G1 X21.279 Y174.242 E.00924
G1 X21.593 Y174.065 E.00925
G1 X21.936 Y173.954 E.00925
G1 X22.308 Y173.914 E.0096
G1 X22.863 Y173.998 E.0144
G1 X23.241 Y174.165 E.0106
G1 X23.531 Y174.378 E.00923
G1 X23.773 Y174.645 E.00924
G1 X23.958 Y174.954 E.00924
G1 X24.077 Y175.294 E.00924
G1 X24.104 Y175.483 E.0049
G1 E-3.5 F3600
;WIPE_START
G1 F7200
G1 X24.112 Y175.542 E-.02828
G1 X24.127 Y175.651 E-.05226
G1 X24.105 Y176.01 E-.17084
G1 X24.013 Y176.359 E-.17144
G1 X23.853 Y176.682 E-.17122
G1 X23.632 Y176.966 E-.17093
G1 X23.36 Y177.202 E-.17105
G1 X23.046 Y177.379 E-.17121
G1 X22.703 Y177.49 E-.17124
G1 X22.384 Y177.53 E-.15271
G1 X22.24 Y177.519 E-.06882
;WIPE_END
G1 X27.808 Y184.711 F9000
G1 E5 F2400
;TYPE:Perimeter
;WIDTH:0.439999
G1 F3600
G1 X18.331 Y184.711 E.25574
G1 X18.331 Y16.733 E4.53286
G1 X71.308 Y16.733 E1.42957
G1 X71.308 Y184.711 E4.53286
G1 X61.831 Y184.711 E.25574
G1 X61.831 Y18.705 E4.47964
G1 X61.791 Y18.426 E.00761
G1 X61.632 Y18.108 E.00959
G1 X61.304 Y17.827 E.01165
G1 X60.837 Y17.711 E.01298
G1 X28.674 Y17.711 E.86791
G1 X28.334 Y17.827 E.00969
G1 X28.007 Y18.108 E.01163
G1 X27.848 Y18.426 E.00959
G1 X27.808 Y18.705 E.00761
G1 X27.808 Y184.651 E4.47802
G1 X28.214 Y185.116 F9000
G1 F3600
G1 X17.925 Y185.116 E.27765
G1 X17.925 Y16.328 E4.55471
G1 X71.714 Y16.328 E1.45149
G1 X71.714 Y185.116 E4.55471
G1 X61.425 Y185.116 E.27765
G1 X61.425 Y18.587 E4.49375
G1 X61.307 Y18.352 E.0071
G1 X61.113 Y18.185 E.00691
G1 X60.837 Y18.116 E.00768
G1 X28.802 Y18.116 E.86446
G1 X28.525 Y18.185 E.0077
G1 X28.331 Y18.352 E.00691
G1 X28.237 Y18.54 E.00567
G1 X28.214 Y18.705 E.0045
G1 X28.214 Y185.056 E4.48895
G1 X28.609 Y185.512 F9000
;TYPE:External perimeter
;WIDTH:0.419999
G1 F1800
G1 X17.529 Y185.512 E.28425
G1 X17.529 Y15.932 E4.35047
G1 X72.109 Y15.932 E1.40022
G1 X72.109 Y185.512 E4.35047
G1 X61.029 Y185.512 E.28425
G1 X61.029 Y18.705 E4.27933
G1 X60.991 Y18.589 E.00313
G1 X60.837 Y18.512 E.00442
G1 X28.802 Y18.512 E.82184
G1 X28.648 Y18.589 E.00442
G1 X28.609 Y18.705 E.00314
G1 X28.609 Y185.452 E4.2778
G1 E-3.5 F3600
;WIPE_START
G1 F7200
G1 X28.609 Y185.512 E-.0285
G1 X25.511 Y185.512 E-1.4715
;WIPE_END
G1 X25.628 Y100.785 F9000
G1 E5 F2400
;TYPE:Solid infill
;WIDTH:0.43999
G1 F3600
G1 X25.609 Y101.126 E.00922
G1 X27.09 Y102.607 E.05652
G1 X27.09 Y102.033 E.01549
G1 X25.639 Y100.582 E.05537
G1 E-3.5
;WIPE_START
G1 F7200
G1 X27.09 Y102.033 E-.97471
G1 X27.09 Y102.607 E-.27265
G1 X26.714 Y102.231 E-.25264
;WIPE_END
G1 X18.788 Y176.065 F9000
G1 E5 F2400
;WIDTH:0.439999
G1 F3600
G1 X18.968 Y176.004 E.00513
G1 X19.237 Y176.219 E.00929
G1 X19.527 Y176.508 E.01105
G1 X19.428 Y176.068 E.01217
G1 X19.414 Y175.49 E.0156
G1 X19.53 Y174.863 E.01721
G1 X19.757 Y174.324 E.01578
G1 X20.085 Y173.844 E.01569
G1 X20.501 Y173.438 E.01569
G1 X20.99 Y173.123 E.0157
G1 X21.214 Y173.032 E.00652
G1 X18.643 Y170.461 E.09812
G1 X18.643 Y176.206 E.15503
G1 X19.03 Y175.622 E.01891
;WIDTH:0.410112
G1 X19.034 Y175.373 E.00622
;WIDTH:0.439999
G1 X19.049 Y174.778 E.01606
G1 X19.049 Y171.441 E.09005
G1 X20.537 Y172.93 E.0568
G1 X20.22 Y173.145 E.01034
G1 X19.751 Y173.612 E.01786
G1 X19.384 Y174.163 E.01786
G1 X19.131 Y174.786 E.01814
G1 X19.067 Y175.173 E.01058
G1 X19.447 Y173.358 F9000
;WIDTH:0.425801
G1 F3600
G1 X19.447 Y172.403 E.02487
G1 X19.923 Y172.878 E.01751
G1 X19.59 Y173.214 E.01232
G1 E-3.5
;WIPE_START
G1 F7200
G1 X19.923 Y172.878 E-.2247
G1 X19.447 Y172.403 E-.31942
G1 X19.447 Y173.358 E-.45363
;WIPE_END
G1 E-.50225 F3600
G1 X21.639 Y172.884 F9000
G1 E5 F2400
;WIDTH:0.439999
G1 F3600
G1 X18.643 Y169.888 E.11433
G1 X18.503 Y169.699 E.00635
;WIDTH:0.404874
G1 X18.515 Y169.744 E.00115
G1 X18.437 Y169.765 E.00199
G1 X18.458 Y169.687 E.00199
;WIDTH:0.439999
G1 X18.643 Y169.314 E.01124
G1 X22.137 Y172.808 E.13334
G1 X23.04 Y172.968 F9000
;WIDTH:0.374336
G1 F3600
G1 X23.021 Y173.039 E.00166
G1 X23.092 Y173.02 E.00166
G1 X23.081 Y172.979 E.00096
;WIDTH:0.407168
G1 X22.922 Y172.92 E.00421
;WIDTH:0.439999
G1 X22.764 Y172.861 E.00455
G1 X18.643 Y168.74 E.15727
G1 X18.643 Y168.167 E.01546
G1 X23.564 Y173.088 E.1878
G1 X23.851 Y173.306 E.00973
;WIDTH:0.374336
G1 X24.514 Y173.922 E.02047
G1 E-3.5
;WIPE_START
G1 F7200
G1 X23.851 Y173.306 E-.42987
G1 X23.564 Y173.088 E-.17119
G1 X22.226 Y171.75 E-.89894
;WIPE_END
G1 X18.737 Y184.304 F9000
G1 E5 F2400
;WIDTH:0.538422
G1 F3600
G1 X18.753 Y184.365 E.00211
G1 X18.709 Y184.41 E.00211
G1 X18.648 Y184.394 E.00211
G1 X18.631 Y184.333 E.00212
G1 X18.676 Y184.288 E.00213
;WIDTH:0.439999
G1 X19.385 Y184.398 E.01936
G1 X18.643 Y183.656 E.02832
G1 X18.502 Y183.468 E.00634
;WIDTH:0.4026
G1 X18.514 Y183.513 E.00114
G1 X18.437 Y183.533 E.00195
G1 X18.458 Y183.456 E.00196
;WIDTH:0.439999
G1 X18.643 Y183.083 E.01124
G1 X19.958 Y184.398 E.05018
G1 X20.532 Y184.398 E.01549
G1 X18.643 Y182.509 E.07209
G1 X18.643 Y181.935 E.01549
G1 X21.106 Y184.398 E.09399
G1 X21.68 Y184.398 E.01549
G1 X18.643 Y181.362 E.11588
G1 X18.643 Y180.788 E.01549
G1 X22.253 Y184.398 E.13777
G1 X22.827 Y184.398 E.01549
G1 X18.643 Y180.214 E.15967
G1 X18.643 Y179.641 E.01546
G1 X23.401 Y184.398 E.18156
G1 X23.974 Y184.398 E.01546
G1 X18.643 Y179.067 E.20344
G1 X18.643 Y178.493 E.01549
G1 X24.548 Y184.398 E.22535
G1 X25.122 Y184.398 E.01549
G1 X18.643 Y177.919 E.24725
G1 X18.643 Y177.346 E.01546
G1 X25.695 Y184.398 E.26912
G1 X26.269 Y184.398 E.01549
G1 X18.643 Y176.772 E.29103
G1 X18.936 Y176.491 E.01095
G1 X26.843 Y184.398 E.30175
G1 X27.63 Y184.533 E.02155
;WIDTH:0.374336
G1 X27.648 Y184.312 E.00501
;WIDTH:0.407168
G1 X27.532 Y184.355 E.00307
;WIDTH:0.439999
G1 X27.416 Y184.398 E.00334
G1 X21.546 Y178.528 E.22401
G1 X21.418 Y178.424 E.00445
;WIDTH:0.407168
G1 X21.29 Y178.32 E.00409
;WIDTH:0.374336
G1 X21.301 Y178.361 E.00096
G1 X21.229 Y178.38 E.00168
G1 X21.249 Y178.309 E.00167
G1 X22.228 Y178.636 F9000
;WIDTH:0.439999
G1 F3600
G1 X27.496 Y183.904 E.20104
G1 X27.496 Y183.33 E.01549
G1 X22.767 Y178.601 E.18047
G1 X23.227 Y178.487 E.01279
G1 X27.496 Y182.756 E.16291
G1 X27.496 Y182.183 E.01546
G1 X23.63 Y178.317 E.14754
G1 X23.997 Y178.11 E.01137
G1 X27.496 Y181.609 E.13353
G1 X27.496 Y181.035 E.01549
G1 X24.312 Y177.852 E.12149
G1 X24.589 Y177.555 E.01096
G1 X27.496 Y180.461 E.11092
G1 X27.496 Y179.888 E.01546
G1 X24.825 Y177.217 E.10193
G1 X25.019 Y176.837 E.01151
G1 X27.496 Y179.314 E.09453
G1 E-3.5
;WIPE_START
G1 F7200
G1 X25.263 Y177.081 E-1.5
;WIPE_END
G1 X25.023 Y174.66 F9000
G1 E5 F2400
G1 F3600
G1 X25.122 Y174.908 E.00721
G1 X25.238 Y175.611 E.01923
G1 X25.208 Y176.16 E.01484
G1 X25.162 Y176.407 E.00678
G1 X27.496 Y178.74 E.08905
G1 X27.496 Y176.876 E.0503
G1 X27.352 Y176.876 E.00389
G1 X24.948 Y174.472 E.09174
G1 E-3.5
;WIPE_START
G1 F7200
G1 X27.181 Y176.705 E-1.5
;WIPE_END
G1 X27.496 Y176.446 F9000
G1 E5 F2400
G1 F3600
G1 X18.643 Y167.593 E.33785
G1 X18.643 Y167.019 E.01549
G1 X27.496 Y175.872 E.33785
G1 X27.496 Y175.298 E.01549
G1 X18.643 Y166.446 E.33783
G1 X18.643 Y165.872 E.01549
G1 X27.496 Y174.725 E.33785
G1 X27.496 Y174.151 E.01549
G1 X18.643 Y165.298 E.33785
G1 X18.643 Y164.725 E.01546
G1 X27.496 Y173.577 E.33783
G1 X27.496 Y173.003 E.01549
G1 X18.643 Y164.151 E.33783
G1 X18.643 Y163.577 E.01549
G1 X27.496 Y172.43 E.33785
G1 X27.496 Y171.856 E.01549
G1 X18.643 Y163.003 E.33785
G1 X18.643 Y162.43 E.01546
G1 X27.496 Y171.282 E.33783
G1 X27.496 Y170.709 E.01546
G1 X18.643 Y161.856 E.33785
G1 X18.643 Y161.282 E.01549
G1 X27.496 Y170.135 E.33785
G1 X27.496 Y169.561 E.01549
G1 X18.643 Y160.709 E.33783
G1 X18.643 Y160.135 E.01549
G1 X27.496 Y168.988 E.33785
G1 X27.496 Y168.414 E.01549
G1 X18.643 Y159.561 E.33785
G1 X18.643 Y158.988 E.01546
G1 X27.496 Y167.84 E.33783
G1 X27.496 Y167.267 E.01546
G1 X18.643 Y158.414 E.33785
G1 X18.643 Y157.84 E.01549
G1 X27.496 Y166.693 E.33785
G1 X27.496 Y166.119 E.01549
G1 X18.643 Y157.267 E.33783
G1 X18.643 Y156.693 E.01549
G1 X27.496 Y165.545 E.33783
G1 X27.496 Y164.972 E.01546
G1 X18.643 Y156.119 E.33785
G1 X18.643 Y155.545 E.01549
G1 X27.496 Y164.398 E.33785
G1 X27.496 Y163.824 E.01549
G1 X18.643 Y154.972 E.33783
G1 X18.643 Y154.398 E.01549
G1 X27.496 Y163.251 E.33785
G1 X27.496 Y162.677 E.01549
G1 X18.643 Y153.824 E.33785
G1 X18.643 Y153.251 E.01546
G1 X27.496 Y162.103 E.33783
G1 X27.496 Y161.53 E.01546
G1 X18.643 Y152.677 E.33785
G1 X18.643 Y152.103 E.01549
G1 X27.496 Y160.956 E.33785
G1 X27.496 Y160.382 E.01549
G1 X18.643 Y151.53 E.33783
G1 X18.643 Y150.956 E.01549
G1 X27.496 Y159.808 E.33783
G1 X27.496 Y159.235 E.01546
G1 X18.643 Y150.382 E.33785
G1 X18.643 Y149.808 E.01549
G1 X27.496 Y158.661 E.33785
G1 X27.496 Y158.087 E.01549
G1 X18.643 Y149.235 E.33783
G1 X18.643 Y148.661 E.01549
G1 X27.496 Y157.514 E.33785
G1 X27.496 Y156.94 E.01549
G1 X18.643 Y148.087 E.33785
G1 X18.643 Y147.514 E.01546
G1 X27.496 Y156.366 E.33783
G1 X27.496 Y155.793 E.01546
G1 X18.643 Y146.94 E.33785
G1 X18.643 Y146.366 E.01549
G1 X27.496 Y155.219 E.33785
G1 X27.496 Y154.645 E.01549
G1 X18.643 Y145.793 E.33783
G1 X18.643 Y145.219 E.01549
G1 X27.496 Y154.072 E.33785
G1 X27.496 Y153.498 E.01549
G1 X18.643 Y144.645 E.33785
G1 X18.643 Y144.072 E.01546
G1 X27.496 Y152.924 E.33783
G1 X27.496 Y152.35 E.01549
G1 X18.643 Y143.498 E.33783
G1 X18.643 Y142.924 E.01549
G1 X27.496 Y151.777 E.33785
G1 X27.496 Y151.203 E.01549
G1 X18.643 Y142.35 E.33785
G1 X18.643 Y141.777 E.01546
G1 X27.496 Y150.629 E.33783
G1 X27.496 Y150.056 E.01546
G1 X18.643 Y141.203 E.33785
G1 X18.643 Y140.629 E.01549
G1 X27.496 Y149.482 E.33785
G1 X27.496 Y148.908 E.01549
G1 X18.643 Y140.056 E.33783
G1 X18.643 Y139.482 E.01549
G1 X27.496 Y148.335 E.33785
G1 X27.496 Y147.761 E.01549
G1 X18.643 Y138.908 E.33785
G1 X18.643 Y138.335 E.01546
G1 X27.496 Y147.187 E.33783
G1 X27.496 Y146.614 E.01546
G1 X18.643 Y137.761 E.33785
G1 X18.643 Y137.187 E.01549
G1 X27.496 Y146.04 E.33785
G1 X27.496 Y145.466 E.01549
G1 X18.643 Y136.614 E.33783
G1 X18.643 Y136.04 E.01549
G1 X27.496 Y144.892 E.33783
G1 X27.496 Y144.319 E.01546
G1 X18.643 Y135.466 E.33785
G1 X18.643 Y134.892 E.01549
G1 X27.496 Y143.745 E.33785
G1 X27.496 Y143.171 E.01549
G1 X18.643 Y134.319 E.33783
G1 X18.643 Y133.745 E.01549
G1 X27.496 Y142.598 E.33785
G1 X27.496 Y142.024 E.01549
G1 X18.643 Y133.171 E.33785
G1 X18.643 Y132.598 E.01546
G1 X27.496 Y141.45 E.33783
G1 X27.496 Y140.877 E.01546
G1 X18.643 Y132.024 E.33785
G1 X18.643 Y131.45 E.01549
G1 X27.496 Y140.303 E.33785
G1 X27.496 Y139.729 E.01549
G1 X18.643 Y130.877 E.33783
G1 X18.643 Y130.303 E.01549
G1 X27.496 Y139.156 E.33785
G1 X27.496 Y138.582 E.01549
G1 X18.643 Y129.729 E.33785
G1 X18.643 Y129.155 E.01549
G1 X27.496 Y138.008 E.33785
G1 X27.496 Y137.434 E.01549
G1 X18.643 Y128.582 E.33783
G1 X18.643 Y128.008 E.01549
G1 X27.496 Y136.861 E.33785
G1 X27.496 Y136.287 E.01549
G1 X18.643 Y127.434 E.33785
G1 X18.643 Y126.861 E.01546
G1 X27.496 Y135.713 E.33783
G1 X27.496 Y135.14 E.01546
G1 X18.643 Y126.287 E.33785
G1 X18.643 Y125.713 E.01549
G1 X27.496 Y134.566 E.33785
G1 X27.496 Y133.992 E.01549
G1 X18.643 Y125.14 E.33783
G1 X18.643 Y124.566 E.01549
G1 X27.496 Y133.419 E.33785
G1 X27.496 Y132.845 E.01549
G1 X18.643 Y123.992 E.33785
G1 X18.643 Y123.419 E.01546
G1 X27.496 Y132.271 E.33783
G1 X27.496 Y131.697 E.01549
G1 X18.643 Y122.845 E.33783
G1 X18.643 Y122.271 E.01549
G1 X27.496 Y131.124 E.33785
G1 X27.496 Y130.55 E.01549
G1 X18.643 Y121.697 E.33785
G1 X18.643 Y121.124 E.01546
G1 X27.496 Y129.976 E.33783
G1 X27.496 Y129.403 E.01546
G1 X18.643 Y120.55 E.33785
G1 X18.643 Y119.976 E.01549
G1 X27.496 Y128.829 E.33785
G1 X27.496 Y128.255 E.01549
G1 X18.643 Y119.403 E.33783
G1 X18.643 Y118.829 E.01549
G1 X27.496 Y127.682 E.33785
G1 X27.496 Y127.108 E.01549
G1 X18.643 Y118.255 E.33785
G1 X18.643 Y117.682 E.01546
G1 X27.496 Y126.534 E.33783
G1 X27.496 Y125.961 E.01546
G1 X18.643 Y117.108 E.33785
G1 X18.643 Y116.534 E.01549
G1 X27.496 Y125.387 E.33785
G1 X27.496 Y124.813 E.01549
G1 X18.643 Y115.961 E.33783
G1 X18.643 Y115.387 E.01549
G1 X27.496 Y124.239 E.33783
G1 X27.496 Y123.666 E.01546
G1 X18.643 Y114.813 E.33785
G1 X18.643 Y114.239 E.01549
G1 X27.496 Y123.092 E.33785
G1 X27.496 Y122.518 E.01549
G1 X18.643 Y113.666 E.33783
G1 X18.643 Y113.092 E.01549
G1 X27.496 Y121.945 E.33785
G1 X27.496 Y121.371 E.01549
G1 X18.643 Y112.518 E.33785
G1 X18.643 Y111.945 E.01546
G1 X27.496 Y120.797 E.33783
G1 X27.496 Y120.224 E.01546
G1 X18.643 Y111.371 E.33785
G1 X18.643 Y110.797 E.01549
G1 X27.496 Y119.65 E.33785
G1 X27.496 Y119.076 E.01549
G1 X18.643 Y110.224 E.33783
G1 X18.643 Y109.65 E.01549
G1 X27.496 Y118.503 E.33785
G1 X27.496 Y117.929 E.01549
G1 X18.643 Y109.076 E.33785
G1 X18.643 Y108.503 E.01546
G1 X27.496 Y117.355 E.33783
G1 X27.496 Y116.781 E.01549
G1 X18.643 Y107.929 E.33783
G1 X18.643 Y107.355 E.01549
G1 X27.496 Y116.208 E.33785
G1 X27.496 Y115.634 E.01549
G1 X18.643 Y106.781 E.33785
G1 X18.643 Y106.208 E.01546
G1 X27.496 Y115.06 E.33783
G1 X27.496 Y114.487 E.01546
G1 X18.643 Y105.634 E.33785
G1 X18.643 Y105.06 E.01549
G1 X27.496 Y113.913 E.33785
G1 X27.496 Y113.339 E.01549
G1 X18.643 Y104.487 E.33783
G1 X18.643 Y103.913 E.01549
G1 X27.496 Y112.766 E.33785
G1 X27.496 Y112.192 E.01549
G1 X18.643 Y103.339 E.33785
G1 X18.643 Y102.766 E.01546
G1 X27.496 Y111.618 E.33783
G1 X27.496 Y111.045 E.01546
G1 X18.643 Y102.192 E.33785
G1 X18.643 Y101.618 E.01549
G1 X27.496 Y110.471 E.33785
G1 X27.496 Y109.897 E.01549
G1 X20.836 Y103.237 E.25416
G1 X20.692 Y103.116 E.00508
;WIDTH:0.408544
G1 X20.549 Y102.995 E.00466
;WIDTH:0.377088
G1 X20.015 Y102.461 E.01722
;WIDTH:0.381046
G1 X19.992 Y102.435 E.0008
G1 X18.643 Y101.183 F9000
;WIDTH:0.439999
G1 F3600
G1 X18.643 Y95.308 E.15854
G1 X21.331 Y97.995 E.10256
G1 X20.985 Y98.126 E.00998
G1 X20.415 Y98.522 E.01873
G1 X20.026 Y98.927 E.01515
G1 X19.671 Y99.494 E.01805
G1 X19.48 Y100.043 E.01569
G1 X19.402 Y100.621 E.01574
G1 X19.455 Y101.297 E.0183
G1 X19.688 Y101.986 E.01963
G1 X19.84 Y102.211 E.00733
;WIDTH:0.410523
G1 X19.992 Y102.435 E.00677
G1 X19.811 Y102.233 E.00679
;WIDTH:0.439999
G1 X18.828 Y101.23 E.0379
G1 X19.031 Y100.886 E.01078
;WIDTH:0.437411
G1 X19.047 Y100.435 E.0121
;WIDTH:0.469948
G1 X19.059 Y99.858 E.01672
;WIDTH:0.460469
G1 X19.049 Y99.317 E.01534
;WIDTH:0.439999
G1 X19.049 Y96.287 E.08176
G1 X20.635 Y97.873 E.06053
G1 X20.125 Y98.239 E.01694
G1 X19.684 Y98.709 E.01739
G1 X19.289 Y99.358 E.0205
;WIDTH:0.460809
G1 X19.132 Y99.793 E.01312
G1 X19.464 Y98.321 F9000
;WIDTH:0.458607
G1 F3600
G1 X19.464 Y97.289 E.02913
G1 X19.987 Y97.812 E.02087
G1 X19.606 Y98.176 E.01487
G1 E-3.5
;WIPE_START
G1 F7200
G1 X19.987 Y97.812 E-.25029
G1 X19.464 Y97.289 E-.35133
G1 X19.464 Y98.321 E-.4902
;WIPE_END
G1 E-.40818 F3600
G1 X21.765 Y97.856 F9000
G1 E5 F2400
;WIDTH:0.439999
G1 F3600
G1 X18.643 Y94.734 E.11914
G1 X18.643 Y94.16 E.01549
G1 X22.287 Y97.804 E.13906
G1 X23.209 Y98.032 F9000
;WIDTH:0.374336
G1 F3600
G1 X23.009 Y98.054 E.00455
;WIDTH:0.407168
G1 X22.965 Y97.96 E.00257
;WIDTH:0.439999
G1 X22.922 Y97.865 E.00281
G1 X18.643 Y93.586 E.1633
G1 E-3.5
;WIPE_START
G1 F7200
G1 X20.876 Y95.819 E-1.5
;WIPE_END
G1 X21.471 Y103.42 F9000
G1 E5 F2400
;WIDTH:0.374336
G1 F3600
G1 X21.653 Y103.395 E.00415
;WIDTH:0.407168
G1 X21.706 Y103.49 E.0027
;WIDTH:0.439999
G1 X21.758 Y103.586 E.00295
G1 X27.496 Y109.323 E.21896
G1 X27.496 Y108.75 E.01546
G1 X22.385 Y103.639 E.19505
G1 X22.901 Y103.582 E.01401
G1 X27.496 Y108.176 E.17534
G1 X27.496 Y107.602 E.01549
G1 X23.346 Y103.453 E.15835
G1 X23.737 Y103.27 E.01165
G1 X27.496 Y107.029 E.14345
G1 X27.496 Y106.455 E.01549
G1 X24.081 Y103.04 E.13032
G1 X24.378 Y102.763 E.01096
G1 X27.496 Y105.881 E.11899
G1 X27.496 Y105.308 E.01546
G1 X24.652 Y102.464 E.10853
G1 X24.879 Y102.118 E.01117
G1 X27.496 Y104.734 E.09985
G1 X27.496 Y104.16 E.01549
G1 X25.061 Y101.725 E.09293
G1 E-3.5
;WIPE_START
G1 F7200
G1 X27.294 Y103.958 E-1.5
;WIPE_END
G1 X24.767 Y99.173 F9000
G1 E5 F2400
G1 F3600
G1 X24.951 Y99.457 E.00913
G1 X25.149 Y100.004 E.0157
G1 X25.235 Y100.579 E.01569
G1 X25.194 Y101.245 E.01801
G1 X25.218 Y101.309 E.00184
G1 X27.496 Y103.586 E.08691
G1 X27.496 Y101.722 E.0503
G1 X27.352 Y101.722 E.00389
G1 X25.027 Y99.397 E.08873
G1 X24.657 Y99.002 E.0146
;WIDTH:0.403804
G1 X24.649 Y98.992 E.00031
;WIDTH:0.402572
G1 X24.633 Y98.975 E.00057
;WIDTH:0.399992
G1 X24.185 Y98.516 E.0156
;WIDTH:0.41232
G1 X24.042 Y98.392 E.00476
;WIDTH:0.439999
G1 X23.899 Y98.268 E.00511
G1 X18.643 Y93.013 E.20056
G1 X18.643 Y92.439 E.01549
G1 X27.496 Y101.292 E.33785
G1 X27.496 Y100.718 E.01549
G1 X18.643 Y91.865 E.33785
G1 X18.643 Y91.292 E.01546
G1 X27.496 Y100.144 E.33783
G1 X27.496 Y99.571 E.01546
G1 X18.643 Y90.718 E.33785
G1 X18.643 Y90.144 E.01549
G1 X27.496 Y98.997 E.33785
G1 X27.496 Y98.423 E.01549
G1 X18.643 Y89.571 E.33783
G1 X18.643 Y88.997 E.01549
G1 X27.496 Y97.85 E.33785
G1 X27.496 Y97.276 E.01549
G1 X18.643 Y88.423 E.33785
G1 X18.643 Y87.85 E.01546
G1 X27.496 Y96.702 E.33783
G1 X27.496 Y96.128 E.01549
G1 X18.643 Y87.276 E.33783
G1 X18.643 Y86.702 E.01549
G1 X27.496 Y95.555 E.33785
G1 X27.496 Y94.981 E.01549
G1 X18.643 Y86.128 E.33785
G1 X18.643 Y85.555 E.01546
G1 X27.496 Y94.407 E.33783
G1 X27.496 Y93.834 E.01546
G1 X18.643 Y84.981 E.33785
G1 X18.643 Y84.407 E.01549
G1 X27.496 Y93.26 E.33785
G1 X27.496 Y92.686 E.01549
G1 X18.643 Y83.834 E.33783
G1 X18.643 Y83.26 E.01549
G1 X27.496 Y92.113 E.33785
G1 X27.496 Y91.539 E.01549
G1 X18.643 Y82.686 E.33785
G1 X18.643 Y82.113 E.01546
G1 X27.496 Y90.965 E.33783
G1 X27.496 Y90.392 E.01546
G1 X18.643 Y81.539 E.33785
G1 X18.643 Y80.965 E.01549
G1 X27.496 Y89.818 E.33785
G1 X27.496 Y89.244 E.01549
G1 X18.643 Y80.391 E.33785
G1 X18.643 Y79.818 E.01546
G1 X27.496 Y88.67 E.33783
G1 X27.496 Y88.097 E.01546
G1 X18.643 Y79.244 E.33785
G1 X18.643 Y78.67 E.01549
G1 X27.496 Y87.523 E.33785
G1 X27.496 Y86.949 E.01549
G1 X18.643 Y78.097 E.33783
G1 X18.643 Y77.523 E.01549
G1 X27.496 Y86.376 E.33785
G1 X27.496 Y85.802 E.01549
G1 X18.643 Y76.949 E.33785
G1 X18.643 Y76.376 E.01546
G1 X27.496 Y85.228 E.33783
G1 X27.496 Y84.655 E.01546
G1 X18.643 Y75.802 E.33785
G1 X18.643 Y75.228 E.01549
G1 X27.496 Y84.081 E.33785
G1 X27.496 Y83.507 E.01549
G1 X18.643 Y74.655 E.33783
G1 X18.643 Y74.081 E.01549
G1 X27.496 Y82.933 E.33783
G1 X27.496 Y82.36 E.01546
G1 X18.643 Y73.507 E.33785
G1 X18.643 Y72.933 E.01549
G1 X27.496 Y81.786 E.33785
G1 X27.496 Y81.212 E.01549
G1 X18.643 Y72.36 E.33783
G1 X18.643 Y71.786 E.01549
G1 X27.496 Y80.639 E.33785
G1 X27.496 Y80.065 E.01549
G1 X18.643 Y71.212 E.33785
G1 X18.643 Y70.639 E.01546
G1 X27.496 Y79.491 E.33783
G1 X27.496 Y78.918 E.01546
G1 X18.643 Y70.065 E.33785
G1 X18.643 Y69.491 E.01549
G1 X27.496 Y78.344 E.33785
G1 X27.496 Y77.77 E.01549
G1 X18.643 Y68.918 E.33783
G1 X18.643 Y68.344 E.01549
G1 X27.496 Y77.197 E.33785
G1 X27.496 Y76.623 E.01549
G1 X18.643 Y67.77 E.33785
G1 X18.643 Y67.197 E.01546
G1 X27.496 Y76.049 E.33783
G1 X27.496 Y75.475 E.01549
G1 X18.643 Y66.623 E.33783
G1 X18.643 Y66.049 E.01549
G1 X27.496 Y74.902 E.33785
G1 X27.496 Y74.328 E.01549
G1 X18.643 Y65.475 E.33785
G1 X18.643 Y64.902 E.01546
G1 X27.496 Y73.754 E.33783
G1 X27.496 Y73.181 E.01546
G1 X18.643 Y64.328 E.33785
G1 X18.643 Y63.754 E.01549
G1 X27.496 Y72.607 E.33785
G1 X27.496 Y72.033 E.01549
G1 X18.643 Y63.181 E.33783
G1 X18.643 Y62.607 E.01549
G1 X27.496 Y71.46 E.33785
G1 X27.496 Y70.886 E.01549
G1 X18.643 Y62.033 E.33785
G1 X18.643 Y61.46 E.01546
G1 X27.496 Y70.312 E.33783
G1 X27.496 Y69.739 E.01546
G1 X18.643 Y60.886 E.33785
G1 X18.643 Y60.312 E.01549
G1 X27.496 Y69.165 E.33785
G1 X27.496 Y68.591 E.01549
G1 X18.643 Y59.739 E.33783
G1 X18.643 Y59.165 E.01549
G1 X27.496 Y68.017 E.33783
G1 X27.496 Y67.444 E.01546
G1 X18.643 Y58.591 E.33785
G1 X18.643 Y58.017 E.01549
G1 X27.496 Y66.87 E.33785
G1 X27.496 Y66.296 E.01549
G1 X18.643 Y57.444 E.33783
G1 X18.643 Y56.87 E.01549
G1 X27.496 Y65.723 E.33785
G1 X27.496 Y65.149 E.01549
G1 X18.643 Y56.296 E.33785
G1 X18.643 Y55.723 E.01546
G1 X27.496 Y64.575 E.33783
G1 X27.496 Y64.002 E.01546
G1 X18.643 Y55.149 E.33785
G1 X18.643 Y54.575 E.01549
G1 X27.496 Y63.428 E.33785
G1 X27.496 Y62.854 E.01549
G1 X18.643 Y54.002 E.33783
G1 X18.643 Y53.428 E.01549
G1 X27.496 Y62.281 E.33785
G1 X27.496 Y61.707 E.01549
G1 X18.643 Y52.854 E.33785
G1 X18.643 Y52.28 E.01549
G1 X27.496 Y61.133 E.33785
G1 X27.496 Y60.559 E.01549
G1 X18.643 Y51.707 E.33783
G1 X18.643 Y51.133 E.01549
G1 X27.496 Y59.986 E.33785
G1 X27.496 Y59.412 E.01549
G1 X18.643 Y50.559 E.33785
G1 X18.643 Y49.986 E.01546
G1 X27.496 Y58.838 E.33783
G1 X27.496 Y58.265 E.01546
G1 X18.643 Y49.412 E.33785
G1 X18.643 Y48.838 E.01549
G1 X27.496 Y57.691 E.33785
G1 X27.496 Y57.117 E.01549
G1 X18.643 Y48.265 E.33783
G1 X18.643 Y47.691 E.01549
G1 X27.496 Y56.544 E.33785
G1 X27.496 Y55.97 E.01549
G1 X18.643 Y47.117 E.33785
G1 X18.643 Y46.544 E.01546
G1 X27.496 Y55.396 E.33783
G1 X27.496 Y54.822 E.01549
G1 X18.643 Y45.97 E.33783
G1 X18.643 Y45.396 E.01549
G1 X27.496 Y54.249 E.33785
G1 X27.496 Y53.675 E.01549
G1 X18.643 Y44.822 E.33785
G1 X18.643 Y44.249 E.01546
G1 X27.496 Y53.101 E.33783
G1 X27.496 Y52.528 E.01546
G1 X18.643 Y43.675 E.33785
G1 X18.643 Y43.101 E.01549
G1 X27.496 Y51.954 E.33785
G1 X27.496 Y51.38 E.01549
G1 X18.643 Y42.528 E.33783
G1 X18.643 Y41.954 E.01549
G1 X27.496 Y50.807 E.33785
G1 X27.496 Y50.233 E.01549
G1 X18.643 Y41.38 E.33785
G1 X18.643 Y40.807 E.01546
G1 X27.496 Y49.659 E.33783
G1 X27.496 Y49.086 E.01546
G1 X18.643 Y40.233 E.33785
G1 X18.643 Y39.659 E.01549
G1 X27.496 Y48.512 E.33785
G1 X27.496 Y47.938 E.01549
G1 X18.643 Y39.086 E.33783
G1 X18.643 Y38.512 E.01549
G1 X27.496 Y47.364 E.33783
G1 X27.496 Y46.791 E.01546
G1 X18.643 Y37.938 E.33785
G1 X18.643 Y37.364 E.01549
G1 X27.496 Y46.217 E.33785
G1 X27.496 Y45.643 E.01549
G1 X18.643 Y36.791 E.33783
G1 X18.643 Y36.217 E.01549
G1 X27.496 Y45.07 E.33785
G1 X27.496 Y44.496 E.01549
G1 X18.643 Y35.643 E.33785
G1 X18.643 Y35.07 E.01546
G1 X27.496 Y43.922 E.33783
G1 X27.496 Y43.349 E.01546
G1 X18.643 Y34.496 E.33785
G1 X18.643 Y33.922 E.01549
G1 X27.496 Y42.775 E.33785
G1 X27.496 Y42.201 E.01549
G1 X18.643 Y33.349 E.33783
G1 X18.643 Y32.775 E.01549
G1 X27.496 Y41.628 E.33785
G1 X27.496 Y41.054 E.01549
G1 X18.643 Y32.201 E.33785
G1 X18.643 Y31.627 E.01549
G1 X27.496 Y40.48 E.33785
G1 X27.496 Y39.906 E.01549
G1 X18.643 Y31.054 E.33783
G1 X18.643 Y30.48 E.01549
G1 X27.496 Y39.333 E.33785
G1 X27.496 Y38.759 E.01549
G1 X18.643 Y29.906 E.33785
G1 X18.643 Y29.333 E.01546
G1 X27.496 Y38.185 E.33783
G1 X27.496 Y37.612 E.01546
G1 X18.643 Y28.759 E.33785
G1 X18.643 Y28.185 E.01549
G1 X27.496 Y37.038 E.33785
G1 X27.496 Y36.464 E.01549
G1 X18.643 Y27.612 E.33783
G1 X18.643 Y27.038 E.01549
G1 X27.496 Y35.891 E.33785
G1 X27.496 Y35.317 E.01549
G1 X18.724 Y26.545 E.33476
G1 X18.607 Y26.59 E.00338
;WIDTH:0.407168
G1 X18.491 Y26.635 E.00309
;WIDTH:0.374336
G1 X18.511 Y26.39 E.00556
;WIDTH:0.418271
G1 X18.611 Y26.146 E.00673
;WIDTH:0.439999
G1 X18.643 Y25.753 E.01064
G1 X18.643 Y20.154 E.15109
G1 X21.44 Y22.95 E.10672
G1 X21.213 Y23.02 E.00641
G1 X20.7 Y23.293 E.01568
G1 X20.251 Y23.662 E.01568
G1 X19.884 Y24.113 E.01569
G1 X19.613 Y24.627 E.01568
G1 X19.458 Y25.144 E.01456
G1 X19.414 Y25.49 E.00941
G1 X19.433 Y26.11 E.01674
G1 X19.576 Y26.717 E.01683
G1 X19.666 Y26.914 E.00584
G1 X18.829 Y26.085 E.03179
G1 X18.807 Y26.091 E.00062
G1 X19.032 Y25.753 E.01096
;WIDTH:0.4396
G1 X19.049 Y25.127 E.01688
;WIDTH:0.439727
G1 X19.104 Y24.932 E.00546
;WIDTH:0.439999
G1 X19.224 Y24.511 E.01181
G1 X19.526 Y23.922 E.01786
G1 X19.938 Y23.404 E.01786
G1 X20.444 Y22.978 E.01785
G1 X20.73 Y22.815 E.00888
G1 X19.049 Y21.133 E.06417
G1 X19.049 Y25.127 E.10778
G1 X19.48 Y23.281 F9000
;WIDTH:0.491076
G1 F3600
G1 X19.48 Y22.174 E.03363
G1 X20.049 Y22.743 E.02445
G1 X19.852 Y22.903 E.00771
G1 X19.622 Y23.136 E.00995
G1 E-3.5
;WIPE_START
G1 F7200
G1 X19.852 Y22.903 E-.15551
G1 X20.049 Y22.743 E-.12055
G1 X19.48 Y22.174 E-.38223
G1 X19.48 Y23.281 E-.52582
;WIPE_END
G1 E-.31589 F3600
G1 X21.899 Y22.836 F9000
G1 E5 F2400
;WIDTH:0.439999
G1 F3600
G1 X18.643 Y19.58 E.12426
G1 X18.572 Y19.487 E.00316
;WIDTH:0.407168
G1 X18.5 Y19.394 E.00292
;WIDTH:0.374336
G1 X18.511 Y19.435 E.00096
G1 X18.44 Y19.454 E.00166
G1 X18.459 Y19.383 E.00166
;WIDTH:0.439999
G1 X18.643 Y19.006 E.01132
G1 X22.449 Y22.812 E.14525
G1 X23.411 Y23.072 F9000
;WIDTH:0.374336
G1 F3600
G1 X23.392 Y23.143 E.00166
G1 X23.463 Y23.124 E.00166
G1 X23.452 Y23.083 E.00096
;WIDTH:0.407168
G1 X23.293 Y23.004 E.0044
;WIDTH:0.439999
G1 X23.135 Y22.924 E.00478
G1 X18.643 Y18.433 E.17141
G1 E-3.5
;WIPE_START
G1 F7200
G1 X20.876 Y20.666 E-1.5
;WIPE_END
G1 X19.902 Y27.241 F9000
G1 E5 F2400
;WIDTH:0.374336
G1 F3600
G1 X20.274 Y27.663 E.01272
G1 X20.863 Y28.182 E.01776
;WIDTH:0.407168
G1 X21.006 Y28.29 E.00444
;WIDTH:0.439999
G1 X21.15 Y28.397 E.00484
G1 X27.496 Y34.743 E.24218
G1 X27.496 Y34.169 E.01549
G1 X21.944 Y28.618 E.21186
G1 X21.815 Y28.527 E.00426
;WIDTH:0.407168
G1 X21.687 Y28.436 E.00389
;WIDTH:0.374336
G1 X21.698 Y28.477 E.00096
G1 X21.627 Y28.496 E.00166
G1 X21.646 Y28.425 E.00166
G1 X22.533 Y28.634 F9000
;WIDTH:0.439999
G1 F3600
G1 X27.496 Y33.596 E.18938
G1 X27.496 Y33.022 E.01549
G1 X23.027 Y28.553 E.17055
G1 X23.457 Y28.41 E.01223
G1 X27.496 Y32.448 E.15412
G1 X27.496 Y31.875 E.01546
G1 X23.835 Y28.214 E.13971
G1 X24.171 Y27.976 E.01111
G1 X27.496 Y31.301 E.12689
G1 X27.496 Y30.727 E.01549
G1 X24.466 Y27.698 E.11561
G1 X24.722 Y27.379 E.01104
G1 X27.496 Y30.154 E.10588
G1 X27.496 Y29.58 E.01549
G1 X24.932 Y27.016 E.09785
G1 X25.156 Y25.113 F9000
G1 F3600
G1 X25.238 Y25.611 E.01362
G1 X25.207 Y26.168 E.01505
G1 X25.117 Y26.627 E.01262
G1 X27.496 Y29.006 E.09079
G1 X27.496 Y27.142 E.0503
G1 X27.352 Y27.142 E.00389
G1 X25.123 Y24.913 E.08506
G1 E-3.5
;WIPE_START
G1 F7200
G1 X27.352 Y27.142 E-1.49733
G1 X27.358 Y27.142 E-.00267
;WIPE_END
G1 X27.496 Y26.711 F9000
G1 E5 F2400
G1 F3600
G1 X18.643 Y17.859 E.33783
G1 X18.643 Y17.285 E.01549
G1 X27.496 Y26.138 E.33785
G1 X27.496 Y25.564 E.01549
G1 X18.977 Y17.046 E.32509
G1 X19.551 Y17.046 E.01549
G1 X27.496 Y24.99 E.30318
G1 X27.496 Y24.417 E.01546
G1 X20.125 Y17.046 E.28129
G1 X20.698 Y17.046 E.01546
G1 X27.496 Y23.843 E.25941
G1 X27.496 Y23.269 E.01549
G1 X21.272 Y17.046 E.2375
G1 X21.846 Y17.046 E.01549
G1 X27.496 Y22.696 E.21562
G1 X27.496 Y22.122 E.01549
G1 X22.419 Y17.046 E.19373
G1 X22.993 Y17.046 E.01549
G1 X27.496 Y21.548 E.17183
G1 X27.496 Y20.975 E.01546
G1 X23.567 Y17.046 E.14994
G1 X24.14 Y17.046 E.01546
G1 X27.496 Y20.401 E.12805
G1 X27.496 Y19.827 E.01549
G1 X24.714 Y17.046 E.10615
G1 X25.288 Y17.046 E.01549
G1 X27.496 Y19.253 E.08424
G1 E-3.5
;WIPE_START
G1 F7200
G1 X25.288 Y17.046 E-1.48289
G1 X25.252 Y17.046 E-.01711
;WIPE_END
G1 X26.005 Y17.189 F9000
G1 E5 F2400
G1 F3600
G1 X27.498 Y18.682 E.05698
G1 X27.562 Y18.307 E.01027
G1 X27.788 Y17.891 E.01278
G1 X28.22 Y17.539 E.01504
G1 X28.64 Y17.411 E.01185
;WIDTH:0.413482
G1 X60.808 Y17.411 E.81131
G1 X61.398 Y17.566 E.01539
;WIDTH:0.382291
G1 X61.465 Y17.606 E.00181
;WIDTH:0.413482
G1 X61.01 Y17.18 E.01572
G1 X60.976 Y17.134 E.00144
G1 X60.991 Y17.032 E.0026
G1 X28.806 Y17.032 E.81173
;WIDTH:0.439999
G1 X25.861 Y17.046 E.07947
G1 X26.806 Y17.437 F9000
;WIDTH:0.410791
G1 F3600
G1 X27.717 Y17.437 E.02281
G1 X27.419 Y17.726 E.0104
G1 X27.308 Y17.939 E.00601
G1 X26.949 Y17.58 E.01271
G1 E-3.5
;WIPE_START
G1 F7200
G1 X27.308 Y17.939 E-.24116
G1 X27.419 Y17.726 E-.11409
G1 X27.717 Y17.437 E-.19718
G1 X26.806 Y17.437 E-.43273
;WIPE_END
G1 E-.51484 F3600
G1 X25.625 Y25.989 F9000
G1 E5 F2400
;WIDTH:0.439989
G1 F3600
G1 X27.09 Y27.453 E.05589
G1 X27.09 Y28.027 E.01549
G1 X25.55 Y26.487 E.05877
G1 X25.595 Y26.189 E.00813
G1 E-3.5
;WIPE_START
G1 F7200
G1 X25.55 Y26.487 E-.14315
G1 X27.09 Y28.027 E-1.0345
G1 X27.09 Y27.453 E-.27265
G1 X27.016 Y27.379 E-.0497
;WIPE_END
G1 X25.642 Y175.739 F9000
G1 E5 F2400
;WIDTH:0.43999
G1 F3600
G1 X27.09 Y177.187 E.05526
G1 X27.09 Y177.761 E.01549
G1 X25.599 Y176.27 E.0569
G1 X25.626 Y175.941 E.00891
G1 E-3.5
;WIPE_START
G1 F7200
G1 X25.599 Y176.27 E-.1568
G1 X27.09 Y177.761 E-1.00158
G1 X27.09 Y177.187 E-.27265
G1 X26.987 Y177.084 E-.06897
;WIPE_END
G1 X62.204 Y184.251 F9000
G1 E5 F2400
;WIDTH:0.597442
G1 F3600
G1 X62.154 Y184.301 E.00265
G1 X62.172 Y184.369 E.00263
G1 X62.24 Y184.387 E.00263
G1 X62.29 Y184.338 E.00262
G1 X62.272 Y184.27 E.00263
;WIDTH:0.439999
G1 X62.143 Y183.556 E.01958
G1 X62.986 Y184.398 E.03215
G1 X63.559 Y184.398 E.01546
G1 X62.143 Y182.982 E.05404
G1 X62.143 Y182.408 E.01549
G1 X64.133 Y184.398 E.07594
G1 X64.707 Y184.398 E.01549
G1 X62.143 Y181.835 E.09783
G1 X62.143 Y181.261 E.01549
G1 X65.28 Y184.398 E.11972
G1 X65.854 Y184.398 E.01549
G1 X62.143 Y180.687 E.14162
G1 X62.143 Y180.114 E.01546
G1 X66.428 Y184.398 E.16351
G1 X67.001 Y184.398 E.01546
G1 X62.143 Y179.54 E.18539
G1 X62.143 Y178.966 E.01549
G1 X67.575 Y184.398 E.2073
G1 X68.149 Y184.398 E.01549
G1 X62.143 Y178.392 E.2292
G1 X62.143 Y177.819 E.01546
G1 X68.722 Y184.398 E.25107
G1 X69.296 Y184.398 E.01549
G1 X62.143 Y177.245 E.27297
G1 X62.143 Y176.671 E.01549
G1 X69.87 Y184.398 E.29488
G1 X70.444 Y184.398 E.01549
G1 X62.143 Y176.098 E.31677
G1 X62.143 Y175.524 E.01549
G1 X70.996 Y184.377 E.33785
G1 X71.145 Y183.486 F9000
;WIDTH:0.374336
G1 F3600
G1 X71.156 Y183.527 E.00096
G1 X71.084 Y183.546 E.00168
G1 X71.103 Y183.475 E.00166
;WIDTH:0.407168
G1 X71.05 Y183.639 E.00427
;WIDTH:0.439999
G1 X70.996 Y183.803 E.00466
G1 X62.143 Y174.95 E.33785
G1 X62.143 Y174.377 E.01546
G1 X64.637 Y176.871 E.09518
G1 X64.847 Y177.158 E.0096
;WIDTH:0.374336
G1 X65.277 Y177.659 E.01493
G1 X65.88 Y178.187 E.01813
;WIDTH:0.407168
G1 X66.023 Y178.294 E.00443
;WIDTH:0.439999
G1 X66.167 Y178.4 E.00483
G1 X70.996 Y183.229 E.18429
G1 X70.996 Y182.656 E.01546
G1 X66.959 Y178.619 E.15406
G1 X66.832 Y178.524 E.00428
;WIDTH:0.407168
G1 X66.705 Y178.429 E.00393
;WIDTH:0.374336
G1 X66.716 Y178.47 E.00096
G1 X66.645 Y178.489 E.00166
G1 X66.664 Y178.418 E.00166
G1 X67.541 Y178.627 F9000
;WIDTH:0.439999
G1 F3600
G1 X70.996 Y182.082 E.13185
G1 X70.996 Y181.508 E.01549
G1 X68.038 Y178.551 E.11286
G1 X68.467 Y178.405 E.01223
G1 X70.996 Y180.934 E.09651
G1 X70.996 Y180.361 E.01546
G1 X68.844 Y178.209 E.08213
G1 E-3.5
;WIPE_START
G1 F7200
G1 X70.996 Y180.361 E-1.44561
G1 X70.996 Y180.476 E-.05439
;WIPE_END
G1 X70.158 Y175.108 F9000
G1 E5 F2400
G1 F3600
G1 X70.229 Y175.556 E.01224
G1 X70.207 Y176.168 E.01653
G1 X70.026 Y176.814 E.0181
G1 X69.755 Y177.331 E.01575
G1 X69.388 Y177.782 E.01569
G1 X69.173 Y177.964 E.0076
G1 X70.996 Y179.787 E.06957
G1 X70.996 Y175.238 E.12275
G1 X70.889 Y175.359 E.00436
G1 X70.653 Y175.41 E.00652
G1 X70.126 Y174.907 E.01966
G1 X70.614 Y175.797 F9000
;WIDTH:0.44032
G1 F3600
G1 X70.59 Y176.324 E.01425
;WIDTH:0.478277
G1 X70.571 Y176.481 E.00467
;WIDTH:0.516233
G1 X70.552 Y176.637 E.00504
;WIDTH:0.55419
G1 X70.533 Y176.794 E.00547
;WIDTH:0.592146
G1 X70.514 Y176.951 E.00587
G1 X70.514 Y178.624 E.06208
G1 X69.858 Y177.969 E.0344
G1 X70.18 Y177.558 E.01937
G1 X70.489 Y176.947 E.02541
G1 X70.512 Y176.806 E.0053
;WIDTH:0.557789
G1 X70.535 Y176.665 E.00497
;WIDTH:0.523431
G1 X70.558 Y176.524 E.00465
G1 E-3.5
;WIPE_START
G1 F7200
G1 X70.535 Y176.665 E-.06786
G1 X70.512 Y176.806 E-.06786
G1 X70.489 Y176.947 E-.06786
G1 X70.18 Y177.558 E-.32523
G1 X69.858 Y177.969 E-.24801
G1 X70.514 Y178.624 E-.44033
G1 X70.514 Y178.029 E-.28285
;WIPE_END
G1 X64.429 Y176.089 F9000
G1 E5 F2400
;WIDTH:0.439999
G1 F3600
G1 X62.143 Y173.803 E.08724
G1 X62.328 Y173.415 E.0116
G1 X64.41 Y175.49 E.07932
G1 X64.458 Y175.144 E.00943
G1 X64.613 Y174.627 E.01456
G1 X64.844 Y174.209 E.01289
G1 X62.143 Y171.508 E.10308
G1 X62.143 Y173.373 E.05033
G1 X62.549 Y173.061 E.01382
G1 X62.549 Y172.487 E.01549
G1 X64.339 Y174.278 E.06833
G1 X64.172 Y174.685 E.01187
G1 X62.692 Y173.205 E.05648
G1 E-3.5
;WIPE_START
G1 F7200
G1 X64.172 Y174.685 E-.99419
G1 X64.339 Y174.278 E-.20897
G1 X63.897 Y173.836 E-.29684
;WIPE_END
G1 X62.143 Y170.934 F9000
G1 E5 F2400
G1 F3600
G1 X65.07 Y173.862 E.11172
G1 X65.352 Y173.569 E.01097
G1 X62.143 Y170.361 E.12244
G1 X62.143 Y169.787 E.01549
G1 X65.67 Y173.314 E.1346
G1 X66.032 Y173.102 E.01132
G1 X62.143 Y169.213 E.14841
G1 X62.143 Y168.64 E.01546
G1 X66.444 Y172.94 E.16412
G1 X66.912 Y172.834 E.01295
G1 X62.143 Y168.066 E.18198
G1 X62.143 Y167.492 E.01549
G1 X67.463 Y172.812 E.20302
G1 X68.475 Y173.092 F9000
;WIDTH:0.374336
G1 F3600
G1 X68.486 Y173.133 E.00096
G1 X68.415 Y173.152 E.00166
G1 X68.434 Y173.081 E.00166
;WIDTH:0.407168
G1 X68.296 Y173.008 E.00387
;WIDTH:0.439999
G1 X68.158 Y172.934 E.00423
G1 X62.143 Y166.919 E.22955
G1 X62.143 Y166.345 E.01549
G1 X70.737 Y174.939 E.32797
G1 X70.996 Y174.624 E.011
G1 X62.143 Y165.771 E.33785
G1 X62.143 Y165.197 E.01549
G1 X70.996 Y174.05 E.33785
G1 X70.996 Y173.476 E.01549
G1 X62.143 Y164.624 E.33783
G1 X62.143 Y164.05 E.01549
G1 X70.996 Y172.903 E.33785
G1 X70.996 Y172.329 E.01549
G1 X62.143 Y163.476 E.33785
G1 X62.143 Y162.903 E.01546
G1 X70.996 Y171.755 E.33783
G1 X70.996 Y171.182 E.01546
G1 X62.143 Y162.329 E.33785
G1 X62.143 Y161.755 E.01549
G1 X70.996 Y170.608 E.33785
G1 X70.996 Y170.034 E.01549
G1 X62.143 Y161.182 E.33783
G1 X62.143 Y160.608 E.01549
G1 X70.996 Y169.461 E.33785
G1 X70.996 Y168.887 E.01549
G1 X62.143 Y160.034 E.33785
G1 X62.143 Y159.461 E.01546
G1 X70.996 Y168.313 E.33783
G1 X70.996 Y167.739 E.01549
G1 X62.143 Y158.887 E.33783
G1 X62.143 Y158.313 E.01549
G1 X70.996 Y167.166 E.33785
G1 X70.996 Y166.592 E.01549
G1 X62.143 Y157.739 E.33785
G1 X62.143 Y157.166 E.01546
G1 X70.996 Y166.018 E.33783
G1 X70.996 Y165.445 E.01546
G1 X62.143 Y156.592 E.33785
G1 X62.143 Y156.018 E.01549
G1 X70.996 Y164.871 E.33785
G1 X70.996 Y164.297 E.01549
G1 X62.143 Y155.445 E.33783
G1 X62.143 Y154.871 E.01549
G1 X70.996 Y163.724 E.33785
G1 X70.996 Y163.15 E.01549
G1 X62.143 Y154.297 E.33785
G1 X62.143 Y153.724 E.01546
G1 X70.996 Y162.576 E.33783
G1 X70.996 Y162.003 E.01546
G1 X62.143 Y153.15 E.33785
G1 X62.143 Y152.576 E.01549
G1 X70.996 Y161.429 E.33785
G1 X70.996 Y160.855 E.01549
G1 X62.143 Y152.003 E.33783
G1 X62.143 Y151.429 E.01549
G1 X70.996 Y160.281 E.33783
G1 X70.996 Y159.708 E.01546
G1 X62.143 Y150.855 E.33785
G1 X62.143 Y150.281 E.01549
G1 X70.996 Y159.134 E.33785
G1 X70.996 Y158.56 E.01549
G1 X62.143 Y149.708 E.33783
G1 X62.143 Y149.134 E.01549
G1 X70.996 Y157.987 E.33785
G1 X70.996 Y157.413 E.01549
G1 X62.143 Y148.56 E.33785
G1 X62.143 Y147.987 E.01546
G1 X70.996 Y156.839 E.33783
G1 X70.996 Y156.266 E.01546
G1 X62.143 Y147.413 E.33785
G1 X62.143 Y146.839 E.01549
G1 X70.996 Y155.692 E.33785
G1 X70.996 Y155.118 E.01549
G1 X62.143 Y146.266 E.33783
G1 X62.143 Y145.692 E.01549
G1 X70.996 Y154.545 E.33785
G1 X70.996 Y153.971 E.01549
G1 X62.143 Y145.118 E.33785
G1 X62.143 Y144.544 E.01549
G1 X70.996 Y153.397 E.33785
G1 X70.996 Y152.823 E.01549
G1 X62.143 Y143.971 E.33783
G1 X62.143 Y143.397 E.01549
G1 X70.996 Y152.25 E.33785
G1 X70.996 Y151.676 E.01549
G1 X62.143 Y142.823 E.33785
G1 X62.143 Y142.25 E.01546
G1 X70.996 Y151.102 E.33783
G1 X70.996 Y150.529 E.01546
G1 X62.143 Y141.676 E.33785
G1 X62.143 Y141.102 E.01549
G1 X70.996 Y149.955 E.33785
G1 X70.996 Y149.381 E.01549
G1 X62.143 Y140.529 E.33783
G1 X62.143 Y139.955 E.01549
G1 X70.996 Y148.808 E.33785
G1 X70.996 Y148.234 E.01549
G1 X62.143 Y139.381 E.33785
G1 X62.143 Y138.808 E.01546
G1 X70.996 Y147.66 E.33783
G1 X70.996 Y147.086 E.01549
G1 X62.143 Y138.234 E.33783
G1 X62.143 Y137.66 E.01549
G1 X70.996 Y146.513 E.33785
G1 X70.996 Y145.939 E.01549
G1 X62.143 Y137.086 E.33785
G1 X62.143 Y136.513 E.01546
G1 X70.996 Y145.365 E.33783
G1 X70.996 Y144.792 E.01546
G1 X62.143 Y135.939 E.33785
G1 X62.143 Y135.365 E.01549
G1 X70.996 Y144.218 E.33785
G1 X70.996 Y143.644 E.01549
G1 X62.143 Y134.792 E.33783
G1 X62.143 Y134.218 E.01549
G1 X70.996 Y143.071 E.33785
G1 X70.996 Y142.497 E.01549
G1 X62.143 Y133.644 E.33785
G1 X62.143 Y133.071 E.01546
G1 X70.996 Y141.923 E.33783
G1 X70.996 Y141.35 E.01546
G1 X62.143 Y132.497 E.33785
G1 X62.143 Y131.923 E.01549
G1 X70.996 Y140.776 E.33785
G1 X70.996 Y140.202 E.01549
G1 X62.143 Y131.35 E.33783
G1 X62.143 Y130.776 E.01549
G1 X70.996 Y139.628 E.33783
G1 X70.996 Y139.055 E.01546
G1 X62.143 Y130.202 E.33785
G1 X62.143 Y129.628 E.01549
G1 X70.996 Y138.481 E.33785
G1 X70.996 Y137.907 E.01549
G1 X62.143 Y129.055 E.33783
G1 X62.143 Y128.481 E.01549
G1 X70.996 Y137.334 E.33785
G1 X70.996 Y136.76 E.01549
G1 X62.143 Y127.907 E.33785
G1 X62.143 Y127.334 E.01546
G1 X70.996 Y136.186 E.33783
G1 X70.996 Y135.613 E.01546
G1 X62.143 Y126.76 E.33785
G1 X62.143 Y126.186 E.01549
G1 X70.996 Y135.039 E.33785
G1 X70.996 Y134.465 E.01549
G1 X62.143 Y125.613 E.33783
G1 X62.143 Y125.039 E.01549
G1 X70.996 Y133.892 E.33785
G1 X70.996 Y133.318 E.01549
G1 X62.143 Y124.465 E.33785
G1 X62.143 Y123.891 E.01549
G1 X70.996 Y132.744 E.33785
G1 X70.996 Y132.17 E.01549
G1 X62.143 Y123.318 E.33783
G1 X62.143 Y122.744 E.01549
G1 X70.996 Y131.597 E.33785
G1 X70.996 Y131.023 E.01549
G1 X62.143 Y122.17 E.33785
G1 X62.143 Y121.597 E.01546
G1 X70.996 Y130.449 E.33783
G1 X70.996 Y129.876 E.01546
G1 X62.143 Y121.023 E.33785
G1 X62.143 Y120.449 E.01549
G1 X70.996 Y129.302 E.33785
G1 X70.996 Y128.728 E.01549
G1 X62.143 Y119.876 E.33783
G1 X62.143 Y119.302 E.01549
G1 X70.996 Y128.155 E.33785
G1 X70.996 Y127.581 E.01549
G1 X62.143 Y118.728 E.33785
G1 X62.143 Y118.155 E.01546
G1 X70.996 Y127.007 E.33783
G1 X70.996 Y126.433 E.01549
G1 X62.143 Y117.581 E.33783
G1 X62.143 Y117.007 E.01549
G1 X70.996 Y125.86 E.33785
G1 X70.996 Y125.286 E.01549
G1 X62.143 Y116.433 E.33785
G1 X62.143 Y115.86 E.01546
G1 X70.996 Y124.712 E.33783
G1 X70.996 Y124.139 E.01546
G1 X62.143 Y115.286 E.33785
G1 X62.143 Y114.712 E.01549
G1 X70.996 Y123.565 E.33785
G1 X70.996 Y122.991 E.01549
G1 X62.143 Y114.139 E.33783
G1 X62.143 Y113.565 E.01549
G1 X70.996 Y122.418 E.33785
G1 X70.996 Y121.844 E.01549
G1 X62.143 Y112.991 E.33785
G1 X62.143 Y112.418 E.01546
G1 X70.996 Y121.27 E.33783
G1 X70.996 Y120.697 E.01546
G1 X62.143 Y111.844 E.33785
G1 X62.143 Y111.27 E.01549
G1 X70.996 Y120.123 E.33785
G1 X70.996 Y119.549 E.01549
G1 X62.143 Y110.697 E.33783
G1 X62.143 Y110.123 E.01549
G1 X70.996 Y118.975 E.33783
G1 X70.996 Y118.402 E.01546
G1 X62.143 Y109.549 E.33785
G1 X62.143 Y108.975 E.01549
G1 X70.996 Y117.828 E.33785
G1 X70.996 Y117.254 E.01549
G1 X62.143 Y108.402 E.33783
G1 X62.143 Y107.828 E.01549
G1 X70.996 Y116.681 E.33785
G1 X70.996 Y116.107 E.01549
G1 X62.143 Y107.254 E.33785
G1 X62.143 Y106.681 E.01546
G1 X70.996 Y115.533 E.33783
G1 X70.996 Y114.96 E.01546
G1 X62.143 Y106.107 E.33785
G1 X62.143 Y105.533 E.01549
G1 X70.996 Y114.386 E.33785
G1 X70.996 Y113.812 E.01549
G1 X62.143 Y104.96 E.33783
G1 X62.143 Y104.386 E.01549
G1 X70.996 Y113.239 E.33785
G1 X70.996 Y112.665 E.01549
G1 X62.143 Y103.812 E.33785
G1 X62.143 Y103.239 E.01546
G1 X70.996 Y112.091 E.33783
G1 X70.996 Y111.517 E.01549
G1 X62.143 Y102.665 E.33783
G1 X62.143 Y102.091 E.01549
G1 X70.996 Y110.944 E.33785
G1 X70.996 Y110.37 E.01549
G1 X62.143 Y101.517 E.33785
G1 X62.143 Y100.944 E.01546
G1 X70.996 Y109.796 E.33783
G1 X70.996 Y109.223 E.01546
G1 X62.143 Y100.37 E.33785
G1 X62.143 Y99.796 E.01549
G1 X70.996 Y108.649 E.33785
G1 X71.07 Y108.491 E.00471
;WIDTH:0.407168
G1 X71.145 Y108.332 E.00436
;WIDTH:0.374336
G1 X71.156 Y108.373 E.00096
G1 X71.084 Y108.392 E.00168
G1 X71.103 Y108.321 E.00166
;WIDTH:0.439999
G1 X70.996 Y108.075 E.00724
G1 X66.417 Y103.497 E.17473
G1 X66.274 Y103.4 E.00466
;WIDTH:0.407168
G1 X66.131 Y103.303 E.00429
;WIDTH:0.374336
G1 X65.534 Y102.828 E.01725
G1 X64.88 Y102.106 F9000
G1 F3600
G1 X65.091 Y102.376 E.00775
G1 X64.755 Y101.946 E.01234
;WIDTH:0.407168
G1 X64.651 Y101.786 E.00473
;WIDTH:0.439999
G1 X64.547 Y101.627 E.00513
G1 X62.143 Y99.223 E.09174
G1 X62.143 Y98.649 E.01549
G1 X64.409 Y100.915 E.08648
G1 E-3.5
;WIPE_START
G1 F7200
G1 X62.176 Y98.682 E-1.5
;WIPE_END
G1 X62.328 Y98.261 F9000
G1 E5 F2400
G1 F3600
G1 X64.434 Y100.366 E.08035
G1 X64.49 Y100.004 E.00988
G1 X64.671 Y99.494 E.0146
G1 X64.903 Y99.114 E.01201
G1 X62.143 Y96.354 E.10533
G1 X62.143 Y98.219 E.05033
G1 X62.549 Y97.907 E.01382
G1 X62.549 Y97.334 E.01546
G1 X64.388 Y99.173 E.07018
G1 X64.213 Y99.571 E.01173
G1 X62.692 Y98.051 E.05803
G1 E-3.5
;WIPE_START
G1 F7200
G1 X64.213 Y99.571 E-1.0214
G1 X64.388 Y99.173 E-.20652
G1 X63.983 Y98.768 E-.27208
;WIPE_END
G1 X62.143 Y95.78 F9000
G1 E5 F2400
G1 F3600
G1 X65.153 Y98.791 E.11489
G1 X65.436 Y98.5 E.01095
G1 X62.143 Y95.207 E.12567
G1 X62.143 Y94.633 E.01549
G1 X65.763 Y98.253 E.13815
G1 X66.138 Y98.054 E.01146
G1 X62.143 Y94.059 E.15246
G1 X62.143 Y93.486 E.01546
G1 X66.56 Y97.902 E.16854
G1 X67.048 Y97.817 E.01337
G1 X62.143 Y92.912 E.18719
G1 X62.143 Y92.338 E.01549
G1 X67.626 Y97.821 E.20924
G1 E-3.5
;WIPE_START
G1 F7200
G1 X65.393 Y95.588 E-1.5
;WIPE_END
G1 X67.125 Y103.631 F9000
G1 E5 F2400
G1 F3600
G1 X70.996 Y107.502 E.14773
G1 X70.996 Y106.928 E.01549
G1 X67.683 Y103.615 E.12643
G1 X68.158 Y103.516 E.01309
G1 X70.996 Y106.354 E.1083
G1 X70.996 Y105.781 E.01546
G1 X68.573 Y103.357 E.09249
G1 X68.939 Y103.15 E.01135
G1 X70.996 Y105.207 E.0785
G1 X71.077 Y105.264 E.00267
;WIDTH:0.407168
G1 X71.158 Y105.321 E.00246
;WIDTH:0.374336
G1 X71.139 Y105.393 E.00168
G1 X71.21 Y105.374 E.00166
G1 X71.199 Y105.332 E.00098
G1 E-3.5
;WIPE_START
G1 F7200
G1 X71.21 Y105.374 E-.02062
G1 X71.139 Y105.393 E-.03491
G1 X71.158 Y105.321 E-.03537
G1 X71.077 Y105.264 E-.04705
G1 X70.996 Y105.207 E-.04705
G1 X69.039 Y103.25 E-1.315
;WIPE_END
G1 X70.216 Y100.608 F9000
G1 E5 F2400
;WIDTH:0.439999
G1 F3600
G1 X70.222 Y100.843 E.00634
G1 X70.184 Y101.295 E.01224
G1 X69.969 Y101.946 E.0185
G1 X69.644 Y102.468 E.01659
G1 X69.245 Y102.882 E.01552
G1 X70.996 Y104.633 E.06682
G1 X70.996 Y100.345 E.11571
G1 X70.806 Y100.393 E.00529
G1 X70.693 Y100.315 E.00371
G1 X70.476 Y100.505 E.00778
G1 X70.331 Y100.503 E.00391
G1 X70.21 Y100.406 E.00418
G1 X70.406 Y100.028 E.01149
G1 X70.038 Y99.66 E.01404
G1 X69.829 Y99.373 E.00958
;WIDTH:0.374336
G1 X69.567 Y99.035 E.00967
G1 X69.193 Y98.643 E.01225
G1 X68.67 Y98.209 E.01537
;WIDTH:0.407168
G1 X68.527 Y98.107 E.00436
;WIDTH:0.439999
G1 X68.383 Y98.005 E.00476
G1 X62.143 Y91.765 E.23813
G1 X62.143 Y91.191 E.01549
G1 X70.864 Y99.912 E.33281
G1 X70.996 Y99.47 E.01245
G1 X62.143 Y90.617 E.33785
G1 X62.143 Y90.044 E.01546
G1 X70.996 Y98.896 E.33783
G1 X70.996 Y98.322 E.01549
G1 X62.143 Y89.47 E.33783
G1 X62.143 Y88.896 E.01549
G1 X70.996 Y97.749 E.33785
G1 X70.996 Y97.175 E.01549
G1 X62.143 Y88.322 E.33785
G1 X62.143 Y87.749 E.01546
G1 X70.996 Y96.601 E.33783
G1 X70.996 Y96.028 E.01546
G1 X62.143 Y87.175 E.33785
G1 X62.143 Y86.601 E.01549
G1 X70.996 Y95.454 E.33785
G1 X70.996 Y94.88 E.01549
G1 X62.143 Y86.028 E.33783
G1 X62.143 Y85.454 E.01549
G1 X70.996 Y94.307 E.33785
G1 X70.996 Y93.733 E.01549
G1 X62.143 Y84.88 E.33785
G1 X62.143 Y84.307 E.01546
G1 X70.996 Y93.159 E.33783
G1 X70.996 Y92.586 E.01546
G1 X62.143 Y83.733 E.33785
G1 X62.143 Y83.159 E.01549
G1 X70.996 Y92.012 E.33785
G1 X70.996 Y91.438 E.01549
G1 X62.143 Y82.586 E.33783
G1 X62.143 Y82.012 E.01549
G1 X70.996 Y90.864 E.33783
G1 X70.996 Y90.291 E.01546
G1 X62.143 Y81.438 E.33785
G1 X62.143 Y80.864 E.01549
G1 X70.996 Y89.717 E.33785
G1 X70.996 Y89.143 E.01549
G1 X62.143 Y80.291 E.33783
G1 X62.143 Y79.717 E.01549
G1 X70.996 Y88.57 E.33785
G1 X70.996 Y87.996 E.01549
G1 X62.143 Y79.143 E.33785
G1 X62.143 Y78.57 E.01546
G1 X70.996 Y87.422 E.33783
G1 X70.996 Y86.849 E.01546
G1 X62.143 Y77.996 E.33785
G1 X62.143 Y77.422 E.01549
G1 X70.996 Y86.275 E.33785
G1 X70.996 Y85.701 E.01549
G1 X62.143 Y76.849 E.33783
G1 X62.143 Y76.275 E.01549
G1 X70.996 Y85.128 E.33785
G1 X70.996 Y84.554 E.01549
G1 X62.143 Y75.701 E.33785
G1 X62.143 Y75.127 E.01549
G1 X70.996 Y83.98 E.33785
G1 X70.996 Y83.406 E.01549
G1 X62.143 Y74.554 E.33783
G1 X62.143 Y73.98 E.01549
G1 X70.996 Y82.833 E.33785
G1 X70.996 Y82.259 E.01549
G1 X62.143 Y73.406 E.33785
G1 X62.143 Y72.833 E.01546
G1 X70.996 Y81.685 E.33783
G1 X70.996 Y81.112 E.01546
G1 X62.143 Y72.259 E.33785
G1 X62.143 Y71.685 E.01549
G1 X70.996 Y80.538 E.33785
G1 X70.996 Y79.964 E.01549
G1 X62.143 Y71.112 E.33783
G1 X62.143 Y70.538 E.01549
G1 X70.996 Y79.391 E.33785
G1 X70.996 Y78.817 E.01549
G1 X62.143 Y69.964 E.33785
G1 X62.143 Y69.391 E.01546
G1 X70.996 Y78.243 E.33783
G1 X70.996 Y77.669 E.01549
G1 X62.143 Y68.817 E.33783
G1 X62.143 Y68.243 E.01549
G1 X70.996 Y77.096 E.33785
G1 X70.996 Y76.522 E.01549
G1 X62.143 Y67.669 E.33785
G1 X62.143 Y67.096 E.01546
G1 X70.996 Y75.948 E.33783
G1 X70.996 Y75.375 E.01546
G1 X62.143 Y66.522 E.33785
G1 X62.143 Y65.948 E.01549
G1 X70.996 Y74.801 E.33785
G1 X70.996 Y74.227 E.01549
G1 X62.143 Y65.375 E.33783
G1 X62.143 Y64.801 E.01549
G1 X70.996 Y73.654 E.33785
G1 X70.996 Y73.08 E.01549
G1 X62.143 Y64.227 E.33785
G1 X62.143 Y63.654 E.01546
G1 X70.996 Y72.506 E.33783
G1 X70.996 Y71.933 E.01546
G1 X62.143 Y63.08 E.33785
G1 X62.143 Y62.506 E.01549
G1 X70.996 Y71.359 E.33785
G1 X70.996 Y70.785 E.01549
G1 X62.143 Y61.933 E.33783
G1 X62.143 Y61.359 E.01549
G1 X70.996 Y70.211 E.33783
G1 X70.996 Y69.638 E.01546
G1 X62.143 Y60.785 E.33785
G1 X62.143 Y60.211 E.01549
G1 X70.996 Y69.064 E.33785
G1 X70.996 Y68.49 E.01549
G1 X62.143 Y59.638 E.33783
G1 X62.143 Y59.064 E.01549
G1 X70.996 Y67.917 E.33785
G1 X70.996 Y67.343 E.01549
G1 X62.143 Y58.49 E.33785
G1 X62.143 Y57.917 E.01546
G1 X70.996 Y66.769 E.33783
G1 X70.996 Y66.196 E.01546
G1 X62.143 Y57.343 E.33785
G1 X62.143 Y56.769 E.01549
G1 X70.996 Y65.622 E.33785
G1 X70.996 Y65.048 E.01549
G1 X62.143 Y56.196 E.33783
G1 X62.143 Y55.622 E.01549
G1 X70.996 Y64.475 E.33785
G1 X70.996 Y63.901 E.01549
G1 X62.143 Y55.048 E.33785
G1 X62.143 Y54.475 E.01546
G1 X70.996 Y63.327 E.33783
G1 X70.996 Y62.753 E.01549
G1 X62.143 Y53.901 E.33783
G1 X62.143 Y53.327 E.01549
G1 X70.996 Y62.18 E.33785
G1 X70.996 Y61.606 E.01549
G1 X62.143 Y52.753 E.33785
G1 X62.143 Y52.18 E.01546
G1 X70.996 Y61.032 E.33783
G1 X70.996 Y60.459 E.01546
G1 X62.143 Y51.606 E.33785
G1 X62.143 Y51.032 E.01549
G1 X70.996 Y59.885 E.33785
G1 X70.996 Y59.311 E.01549
G1 X62.143 Y50.459 E.33783
G1 X62.143 Y49.885 E.01549
G1 X70.996 Y58.738 E.33785
G1 X70.996 Y58.164 E.01549
G1 X62.143 Y49.311 E.33785
G1 X62.143 Y48.738 E.01546
G1 X70.996 Y57.59 E.33783
G1 X70.996 Y57.017 E.01546
G1 X62.143 Y48.164 E.33785
G1 X62.143 Y47.59 E.01549
G1 X70.996 Y56.443 E.33785
G1 X70.996 Y55.869 E.01549
G1 X62.143 Y47.016 E.33785
G1 X62.143 Y46.443 E.01546
G1 X70.996 Y55.295 E.33783
G1 X70.996 Y54.722 E.01546
G1 X62.143 Y45.869 E.33785
G1 X62.143 Y45.295 E.01549
G1 X70.996 Y54.148 E.33785
G1 X70.996 Y53.574 E.01549
G1 X62.143 Y44.722 E.33783
G1 X62.143 Y44.148 E.01549
G1 X70.996 Y53.001 E.33785
G1 X70.996 Y52.427 E.01549
G1 X62.143 Y43.574 E.33785
G1 X62.143 Y43.001 E.01546
G1 X70.996 Y51.853 E.33783
G1 X70.996 Y51.28 E.01546
G1 X62.143 Y42.427 E.33785
G1 X62.143 Y41.853 E.01549
G1 X70.996 Y50.706 E.33785
G1 X70.996 Y50.132 E.01549
G1 X62.143 Y41.28 E.33783
G1 X62.143 Y40.706 E.01549
G1 X70.996 Y49.558 E.33783
G1 X70.996 Y48.985 E.01546
G1 X62.143 Y40.132 E.33785
G1 X62.143 Y39.558 E.01549
G1 X70.996 Y48.411 E.33785
G1 X70.996 Y47.837 E.01549
G1 X62.143 Y38.985 E.33783
G1 X62.143 Y38.411 E.01549
G1 X70.996 Y47.264 E.33785
G1 X70.996 Y46.69 E.01549
G1 X62.143 Y37.837 E.33785
G1 X62.143 Y37.264 E.01546
G1 X70.996 Y46.116 E.33783
G1 X70.996 Y45.543 E.01546
G1 X62.143 Y36.69 E.33785
G1 X62.143 Y36.116 E.01549
G1 X70.996 Y44.969 E.33785
G1 X70.996 Y44.395 E.01549
G1 X62.143 Y35.543 E.33783
G1 X62.143 Y34.969 E.01549
G1 X70.996 Y43.822 E.33785
G1 X70.996 Y43.248 E.01549
G1 X62.143 Y34.395 E.33785
G1 X62.143 Y33.822 E.01546
G1 X70.996 Y42.674 E.33783
G1 X70.996 Y42.1 E.01549
G1 X62.143 Y33.248 E.33783
G1 X62.143 Y32.674 E.01549
G1 X70.996 Y41.527 E.33785
G1 X70.996 Y40.953 E.01549
G1 X62.143 Y32.1 E.33785
G1 X62.143 Y31.527 E.01546
G1 X70.996 Y40.379 E.33783
G1 X70.996 Y39.806 E.01546
G1 X62.143 Y30.953 E.33785
G1 X62.143 Y30.379 E.01549
G1 X70.996 Y39.232 E.33785
G1 X70.996 Y38.658 E.01549
G1 X62.143 Y29.806 E.33783
G1 X62.143 Y29.232 E.01549
G1 X70.996 Y38.085 E.33785
G1 X70.996 Y37.511 E.01549
G1 X62.143 Y28.658 E.33785
G1 X62.143 Y28.085 E.01546
G1 X70.996 Y36.937 E.33783
G1 X70.996 Y36.364 E.01546
G1 X62.143 Y27.511 E.33785
G1 X62.143 Y26.937 E.01549
G1 X70.996 Y35.79 E.33785
G1 X70.996 Y35.216 E.01549
G1 X62.143 Y26.363 E.33785
G1 X62.143 Y25.79 E.01546
G1 X70.996 Y34.642 E.33783
G1 X71.145 Y33.752 F9000
;WIDTH:0.374336
G1 F3600
G1 X71.156 Y33.793 E.00096
G1 X71.084 Y33.812 E.00168
G1 X71.103 Y33.741 E.00166
;WIDTH:0.407168
G1 X71.05 Y33.905 E.00427
;WIDTH:0.439999
G1 X70.996 Y34.069 E.00466
G1 X62.143 Y25.216 E.33785
G1 X62.143 Y24.642 E.01549
G1 X65.029 Y27.528 E.11014
G1 X65.123 Y27.672 E.00464
;WIDTH:0.407168
G1 X65.218 Y27.815 E.00426
;WIDTH:0.374336
G1 X65.303 Y27.73 E.00272
;WIDTH:0.439999
G1 X65.505 Y28.004 E.00919
G1 X70.996 Y33.495 E.20955
G1 X70.996 Y32.921 E.01549
G1 X66.632 Y28.557 E.16654
G1 X66.503 Y28.454 E.00445
;WIDTH:0.407168
G1 X66.375 Y28.35 E.00409
;WIDTH:0.374336
G1 X66.386 Y28.391 E.00096
G1 X66.315 Y28.41 E.00166
G1 X66.334 Y28.339 E.00166
G1 X67.289 Y28.641 F9000
;WIDTH:0.439999
G1 F3600
G1 X70.996 Y32.348 E.14147
G1 X70.996 Y31.774 E.01549
G1 X67.819 Y28.598 E.12122
G1 X68.273 Y28.477 E.01268
G1 X70.996 Y31.2 E.10392
G1 X70.996 Y30.627 E.01546
G1 X68.675 Y28.306 E.08857
G1 E-3.5
;WIPE_START
G1 F7200
G1 X70.908 Y30.539 E-1.5
;WIPE_END
G1 X70.203 Y25.415 F9000
G1 E5 F2400
G1 F3600
G1 X70.24 Y25.657 E.00661
G1 X70.207 Y26.168 E.01382
G1 X70.096 Y26.623 E.01264
G1 X69.882 Y27.12 E.0146
G1 X69.554 Y27.6 E.01569
G1 X69.138 Y28.006 E.01569
G1 X69.027 Y28.084 E.00366
G1 X70.996 Y30.053 E.07514
G1 X70.996 Y25.326 E.12756
G1 X70.898 Y25.345 E.00269
G1 X70.799 Y25.301 E.00292
G1 X70.558 Y25.485 E.00818
G1 X70.438 Y25.465 E.00328
G1 X70.173 Y25.214 E.00985
G1 X70.529 Y24.997 E.01125
G1 X69.911 Y24.379 E.02358
G1 E-3.5
;WIPE_START
G1 F7200
G1 X70.529 Y24.997 E-.41514
G1 X70.173 Y25.214 E-.19804
G1 X70.438 Y25.465 E-.17338
G1 X70.558 Y25.485 E-.05779
G1 X70.799 Y25.301 E-.14403
G1 X70.898 Y25.345 E-.05146
G1 X70.996 Y25.326 E-.04742
G1 X70.996 Y26.195 E-.41274
;WIPE_END
G1 X69.621 Y28.104 F9000
G1 E5 F2400
G1 F3600
G1 X69.888 Y27.831 E.0103
G1 X70.255 Y27.281 E.01784
G1 X70.469 Y26.784 E.0146
G1 X70.593 Y26.3 E.01348
G1 X70.59 Y29.074 E.07486
G1 X69.764 Y28.248 E.03152
G1 E-3.5
;WIPE_START
G1 F7200
G1 X70.59 Y29.074 E-.55487
G1 X70.592 Y27.084 E-.94513
;WIPE_END
G1 X70.593 Y26.3 F9000
G1 E5 F2400
;WIDTH:0.43406
G1 F3600
G1 X70.612 Y25.865 E.01158
G1 E-3.5
;WIPE_START
G1 F7200
G1 X70.593 Y26.3 E-.20682
;WIPE_END
G1 E-1.29318 F3600
G1 X64.691 Y26.664 F9000
G1 E5 F2400
;WIDTH:0.374336
G1 F3600
G1 X64.702 Y26.705 E.00096
G1 X64.631 Y26.724 E.00166
G1 X64.65 Y26.653 E.00166
;WIDTH:0.407168
G1 X64.565 Y26.53 E.00371
;WIDTH:0.439999
G1 X64.481 Y26.407 E.00402
G1 X62.143 Y24.069 E.08922
G1 X62.143 Y23.495 E.01549
G1 X64.421 Y25.773 E.08693
G1 E-3.5
;WIPE_START
G1 F7200
G1 X62.188 Y23.54 E-1.5
;WIPE_END
G1 X62.328 Y23.107 F9000
G1 E5 F2400
G1 F3600
G1 X64.458 Y25.236 E.08127
G1 X64.543 Y24.821 E.01143
G1 X64.757 Y24.324 E.0146
G1 X64.962 Y24.019 E.00992
G1 X62.143 Y21.2 E.10758
G1 X62.143 Y23.065 E.05033
G1 X62.549 Y22.753 E.01382
G1 X62.549 Y22.18 E.01546
G1 X64.437 Y24.068 E.07205
G1 X64.256 Y24.461 E.01168
G1 X62.692 Y22.897 E.05969
G1 E-3.5
;WIPE_START
G1 F7200
G1 X64.256 Y24.461 E-1.05062
G1 X64.437 Y24.068 E-.20552
G1 X64.074 Y23.705 E-.24386
;WIPE_END
G1 X62.143 Y20.627 F9000
G1 E5 F2400
G1 F3600
G1 X65.216 Y23.699 E.11725
G1 X65.515 Y23.425 E.01094
G1 X62.143 Y20.053 E.12868
G1 X62.143 Y19.479 E.01549
G1 X65.861 Y23.197 E.14189
G1 X66.245 Y23.007 E.01156
G1 X62.143 Y18.905 E.15654
G1 X61.465 Y17.606 F9000
;WIDTH:0.374336
G1 F3600
G1 X61.823 Y17.937 E.01103
;WIDTH:0.407168
G1 X61.929 Y18.081 E.00443
;WIDTH:0.439999
G1 X62.035 Y18.224 E.0048
G1 X66.682 Y22.871 E.17734
G1 X67.194 Y22.809 E.01392
G1 X61.43 Y17.046 E.21995
G1 X62.004 Y17.046 E.01549
G1 X67.825 Y22.866 E.22212
G1 X67.983 Y22.928 E.00458
;WIDTH:0.407168
G1 X68.142 Y22.99 E.00423
;WIDTH:0.374336
G1 X68.153 Y23.031 E.00096
G1 X68.082 Y23.05 E.00166
G1 X68.101 Y22.979 E.00166
G1 X69.681 Y24.092 F9000
G1 F3600
G1 X69.129 Y23.51 E.01814
G1 X68.947 Y23.357 E.00538
;WIDTH:0.407168
G1 X68.804 Y23.243 E.00454
;WIDTH:0.439999
G1 X68.661 Y23.128 E.00495
G1 X62.578 Y17.046 E.23212
G1 X63.152 Y17.046 E.01549
G1 X70.977 Y24.871 E.29862
G1 X70.996 Y24.316 E.01499
G1 X63.725 Y17.046 E.27746
G1 X64.299 Y17.046 E.01549
G1 X70.996 Y23.742 E.25555
G1 X70.996 Y23.169 E.01546
G1 X64.873 Y17.046 E.23367
G1 X65.446 Y17.046 E.01546
G1 X70.996 Y22.595 E.21178
G1 X70.996 Y22.021 E.01549
G1 X66.02 Y17.046 E.18988
G1 X66.594 Y17.046 E.01549
G1 X70.996 Y21.447 E.16797
G1 X70.996 Y20.874 E.01546
G1 X67.167 Y17.046 E.1461
G1 X67.741 Y17.046 E.01549
G1 X70.996 Y20.3 E.1242
G1 X70.996 Y19.726 E.01549
G1 X68.315 Y17.046 E.10229
G1 X68.889 Y17.046 E.01549
G1 X70.996 Y19.153 E.08041
G1 E-3.5
;WIPE_START
G1 F7200
G1 X68.889 Y17.046 E-1.41538
G1 X68.711 Y17.046 E-.08462
;WIPE_END
G1 X69.606 Y17.189 F9000
G1 E5 F2400
G1 F3600
G1 X70.996 Y18.579 E.05305
G1 X70.996 Y17.046 E.04137
G1 X69.462 Y17.046 E.04139
G1 X70.531 Y17.435 F9000
;WIDTH:0.526946
G1 F3600
G1 X70.487 Y17.479 E.00204
G1 X70.503 Y17.538 E.002
G1 X70.562 Y17.554 E.002
G1 X70.606 Y17.511 E.00202
G1 X70.59 Y17.451 E.00203
G1 E-3.5
;WIPE_START
G1 F7200
G1 X70.606 Y17.511 E-.0295
G1 X70.562 Y17.554 E-.02922
G1 X70.503 Y17.538 E-.02904
G1 X70.487 Y17.479 E-.02904
G1 X70.531 Y17.435 E-.02956
;WIPE_END
G1 E-1.35364 F3600
G1 X70.528 Y101.748 F9000
G1 E5 F2400
;WIDTH:0.565022
G1 F3600
G1 X70.528 Y103.503 E.06195
G1 X69.911 Y102.887 E.03078
G1 X70.007 Y102.769 E.00537
G1 X70.342 Y102.243 E.02201
G1 X70.456 Y101.938 E.01149
;LAYER_CHANGE
;Z:0.68
;HEIGHT:0.16
;BEFORE_LAYER_CHANGE
G92 E0
;0.68


G1 E-3.5 F3600
;WIPE_START
G1 F7200
G1 X70.342 Y102.243 E-.15466
G1 X70.007 Y102.769 E-.29622
G1 X69.911 Y102.887 E-.07226
G1 X70.528 Y103.503 E-.41413
G1 X70.528 Y102.318 E-.56273
;WIPE_END
G1 Z.68 F9000
;AFTER_LAYER_CHANGE
;0.68
G1 X69.768 Y101.613
G1 E5 F2400
;TYPE:Perimeter
;WIDTH:0.439999
G1 F1800
G1 X69.76 Y101.643 E.00084
G1 X69.529 Y102.108 E.01401
G1 X69.367 Y102.327 E.00735
G1 X68.975 Y102.729 E.01515
G1 X68.482 Y103.057 E.01598
G1 X67.996 Y103.241 E.01402
G1 X67.483 Y103.325 E.01403
G1 X66.964 Y103.306 E.01401
G1 X66.459 Y103.184 E.01402
G1 X65.988 Y102.965 E.01402
G1 X65.57 Y102.657 E.01401
G1 X65.222 Y102.272 E.014
G1 X64.879 Y101.643 E.01933
G1 X64.745 Y101.141 E.01402
G1 X64.713 Y100.623 E.014
G1 X64.784 Y100.108 E.01403
G1 X64.956 Y99.618 E.01401
G1 X65.271 Y99.117 E.01597
G1 X65.664 Y98.715 E.01517
G1 X66.157 Y98.387 E.01598
G1 X66.643 Y98.203 E.01402
G1 X67.155 Y98.119 E.014
G1 X67.674 Y98.138 E.01401
G1 X68.179 Y98.259 E.01401
G1 X68.65 Y98.479 E.01403
G1 X69.068 Y98.787 E.01401
G1 X69.417 Y99.172 E.01402
G1 X69.683 Y99.618 E.01401
G1 X69.855 Y100.108 E.01401
G1 X69.926 Y100.623 E.01403
G1 X69.894 Y101.141 E.014
G1 X69.783 Y101.555 E.01157
G1 X69.38 Y101.472 F9000
G1 F1800
G1 X69.326 Y101.631 E.00453
G1 X69.077 Y102.044 E.01301
G1 X68.685 Y102.446 E.01515
G1 X68.279 Y102.706 E.01301
G1 X67.752 Y102.882 E.01499
G1 X67.316 Y102.925 E.01182
G1 X66.879 Y102.881 E.01185
G1 X66.46 Y102.751 E.01184
G1 X66.075 Y102.54 E.01185
G1 X65.739 Y102.258 E.01184
G1 X65.466 Y101.914 E.01185
G1 X65.267 Y101.524 E.01181
G1 X65.149 Y101.101 E.01185
G1 X65.117 Y100.663 E.01185
G1 X65.172 Y100.228 E.01183
G1 X65.312 Y99.812 E.01184
G1 X65.562 Y99.4 E.013
G1 X65.954 Y98.998 E.01515
G1 X66.36 Y98.738 E.01301
G1 X66.886 Y98.561 E.01498
G1 X67.323 Y98.518 E.01185
G1 X67.76 Y98.563 E.01185
G1 X68.179 Y98.693 E.01184
G1 X68.564 Y98.903 E.01183
G1 X68.899 Y99.186 E.01183
G1 X69.172 Y99.529 E.01183
G1 X69.372 Y99.92 E.01185
G1 X69.49 Y100.343 E.01185
G1 X69.522 Y100.78 E.01182
G1 X69.467 Y101.216 E.01186
G1 X69.4 Y101.415 E.00567
G1 X69.04 Y101.253 F9000
;TYPE:External perimeter
;WIDTH:0.419999
G1 F1800
G1 X68.979 Y101.442 E.00509
G1 X68.794 Y101.767 E.00959
G1 X68.401 Y102.17 E.01444
G1 X68.046 Y102.379 E.01057
G1 X67.703 Y102.49 E.00925
G1 X67.345 Y102.531 E.00924
G1 X66.986 Y102.5 E.00924
G1 X66.641 Y102.399 E.00922
G1 X66.322 Y102.231 E.00925
G1 X66.042 Y102.004 E.00925
G1 X65.814 Y101.725 E.00924
G1 X65.645 Y101.407 E.00924
G1 X65.542 Y101.062 E.00924
G1 X65.51 Y100.703 E.00925
G1 X65.55 Y100.345 E.00924
G1 X65.66 Y100.001 E.00927
G1 X65.845 Y99.676 E.00959
G1 X66.237 Y99.274 E.0144
G1 X66.593 Y99.065 E.01059
G1 X66.936 Y98.954 E.00925
G1 X67.293 Y98.913 E.00922
G1 X67.652 Y98.944 E.00924
G1 X67.998 Y99.045 E.00925
G1 X68.317 Y99.213 E.00925
G1 X68.596 Y99.44 E.00923
G1 X68.825 Y99.719 E.00926
G1 X68.994 Y100.037 E.00924
G1 X69.096 Y100.382 E.00923
G1 X69.128 Y100.741 E.00925
G1 X69.089 Y101.099 E.00924
G1 X69.058 Y101.195 E.00259
G1 E-3.5 F3600
;WIPE_START
G1 F7200
G1 X69.04 Y101.253 E-.02885
G1 X68.979 Y101.442 E-.09434
G1 X68.794 Y101.767 E-.17763
G1 X68.401 Y102.17 E-.26738
G1 X68.046 Y102.379 E-.19568
G1 X67.703 Y102.49 E-.17124
G1 X67.345 Y102.531 E-.17116
G1 X66.986 Y102.5 E-.17116
G1 X66.641 Y102.399 E-.17075
G1 X66.544 Y102.348 E-.05181
;WIPE_END
G1 X24.92 Y100.722 F9000
G1 E5 F2400
;TYPE:Perimeter
;WIDTH:0.439999
G1 F1800
G1 X24.894 Y101.141 E.01133
G1 X24.76 Y101.643 E.01402
G1 X24.529 Y102.108 E.01401
G1 X24.367 Y102.327 E.00735
G1 X23.975 Y102.729 E.01515
G1 X23.482 Y103.057 E.01598
G1 X22.996 Y103.241 E.01402
G1 X22.483 Y103.325 E.01403
G1 X21.964 Y103.306 E.01401
G1 X21.459 Y103.184 E.01402
G1 X20.988 Y102.965 E.01402
G1 X20.57 Y102.657 E.01401
G1 X20.222 Y102.272 E.014
G1 X19.956 Y101.826 E.01401
G1 X19.784 Y101.335 E.01404
G1 X19.713 Y100.821 E.014
G1 X19.745 Y100.302 E.01403
G1 X19.879 Y99.801 E.01399
G1 X20.11 Y99.335 E.01404
G1 X20.271 Y99.117 E.00731
G1 X20.664 Y98.715 E.01517
G1 X21.157 Y98.387 E.01598
G1 X21.643 Y98.203 E.01402
G1 X22.155 Y98.119 E.014
G1 X22.674 Y98.138 E.01401
G1 X23.179 Y98.259 E.01401
G1 X23.65 Y98.479 E.01403
G1 X24.068 Y98.787 E.01401
G1 X24.417 Y99.172 E.01402
G1 X24.683 Y99.618 E.01401
G1 X24.855 Y100.108 E.01401
G1 X24.926 Y100.623 E.01403
G1 X24.923 Y100.662 E.00106
G1 X24.518 Y100.722 F9000
G1 F1800
G1 X24.522 Y100.78 E.00157
G1 X24.467 Y101.216 E.01186
G1 X24.326 Y101.631 E.01183
G1 X24.077 Y102.044 E.01301
G1 X23.685 Y102.446 E.01515
G1 X23.279 Y102.706 E.01301
G1 X22.752 Y102.882 E.01499
G1 X22.316 Y102.925 E.01182
G1 X21.879 Y102.881 E.01185
G1 X21.46 Y102.751 E.01184
G1 X21.075 Y102.54 E.01185
G1 X20.739 Y102.258 E.01184
G1 X20.466 Y101.914 E.01185
G1 X20.267 Y101.524 E.01181
G1 X20.149 Y101.101 E.01185
G1 X20.117 Y100.78 E.00871
G1 X20.172 Y100.228 E.01497
G1 X20.312 Y99.812 E.01184
G1 X20.562 Y99.4 E.013
G1 X20.954 Y98.998 E.01515
G1 X21.36 Y98.738 E.01301
G1 X21.886 Y98.561 E.01498
G1 X22.323 Y98.518 E.01185
G1 X22.76 Y98.563 E.01185
G1 X23.179 Y98.693 E.01184
G1 X23.564 Y98.903 E.01183
G1 X23.899 Y99.186 E.01183
G1 X24.172 Y99.529 E.01183
G1 X24.372 Y99.92 E.01185
G1 X24.49 Y100.343 E.01185
G1 X24.513 Y100.662 E.00863
G1 X24.119 Y100.632 F9000
;TYPE:External perimeter
;WIDTH:0.419999
G1 F1800
G1 X24.128 Y100.741 E.00281
G1 X24.089 Y101.099 E.00924
G1 X23.979 Y101.442 E.00924
G1 X23.794 Y101.767 E.00959
G1 X23.401 Y102.17 E.01444
G1 X23.046 Y102.379 E.01057
G1 X22.703 Y102.49 E.00925
G1 X22.345 Y102.531 E.00924
G1 X21.986 Y102.5 E.00924
G1 X21.641 Y102.399 E.00922
G1 X21.322 Y102.231 E.00925
G1 X21.042 Y102.004 E.00925
G1 X20.814 Y101.725 E.00924
G1 X20.645 Y101.407 E.00924
G1 X20.542 Y101.062 E.00924
G1 X20.51 Y100.741 E.00828
G1 X20.55 Y100.345 E.01021
G1 X20.66 Y100.001 E.00927
G1 X20.845 Y99.676 E.00959
G1 X21.237 Y99.274 E.0144
G1 X21.593 Y99.065 E.01059
G1 X21.936 Y98.954 E.00925
G1 X22.293 Y98.913 E.00922
G1 X22.652 Y98.944 E.00924
G1 X22.998 Y99.045 E.00925
G1 X23.317 Y99.213 E.00925
G1 X23.596 Y99.44 E.00923
G1 X23.825 Y99.719 E.00926
G1 X23.994 Y100.037 E.00924
G1 X24.096 Y100.382 E.00923
G1 X24.113 Y100.572 E.00489
G1 E-3.5 F3600
;WIPE_START
G1 F7200
G1 X24.119 Y100.632 E-.02864
G1 X24.128 Y100.741 E-.05195
G1 X24.089 Y101.099 E-.17106
G1 X23.979 Y101.442 E-.1711
G1 X23.794 Y101.767 E-.17763
G1 X23.401 Y102.17 E-.26738
G1 X23.046 Y102.379 E-.19568
G1 X22.703 Y102.49 E-.17124
G1 X22.345 Y102.531 E-.17116
G1 X22.148 Y102.514 E-.09416
;WIPE_END
G1 X22.385 Y173.117 F9000
G1 E5 F2400
;TYPE:Perimeter
;WIDTH:0.439999
G1 F1800
G1 X22.869 Y173.172 E.01314
G1 X23.364 Y173.332 E.01404
G1 X23.817 Y173.586 E.01401
G1 X24.21 Y173.925 E.01401
G1 X24.529 Y174.335 E.01402
G1 X24.76 Y174.801 E.01404
G1 X24.894 Y175.302 E.01399
G1 X24.926 Y175.821 E.01403
G1 X24.855 Y176.335 E.014
G1 X24.683 Y176.825 E.01401
G1 X24.367 Y177.327 E.01601
G1 X23.975 Y177.729 E.01515
G1 X23.482 Y178.057 E.01598
G1 X22.996 Y178.241 E.01402
G1 X22.483 Y178.325 E.01403
G1 X21.964 Y178.306 E.01401
G1 X21.459 Y178.184 E.01402
G1 X20.988 Y177.965 E.01402
G1 X20.57 Y177.657 E.01401
G1 X20.222 Y177.272 E.014
G1 X19.956 Y176.826 E.01401
G1 X19.784 Y176.335 E.01404
G1 X19.74 Y176.067 E.00733
G1 X19.726 Y175.505 E.01517
G1 X19.836 Y174.923 E.01598
G1 X20.147 Y174.278 E.01932
G1 X20.476 Y173.876 E.01402
G1 X20.878 Y173.548 E.014
G1 X21.338 Y173.305 E.01404
G1 X21.836 Y173.159 E.014
G1 X22.325 Y173.116 E.01325
G1 X22.374 Y173.523 F9000
G1 F1800
G1 X22.76 Y173.563 E.01047
G1 X23.179 Y173.693 E.01184
G1 X23.564 Y173.903 E.01183
G1 X23.899 Y174.186 E.01183
G1 X24.172 Y174.529 E.01183
G1 X24.372 Y174.92 E.01185
G1 X24.49 Y175.343 E.01185
G1 X24.522 Y175.78 E.01182
G1 X24.467 Y176.216 E.01186
G1 X24.326 Y176.631 E.01183
G1 X24.077 Y177.044 E.01301
G1 X23.685 Y177.446 E.01515
G1 X23.178 Y177.752 E.01598
G1 X22.752 Y177.882 E.01202
G1 X22.316 Y177.925 E.01182
G1 X21.879 Y177.881 E.01185
G1 X21.46 Y177.751 E.01184
G1 X21.075 Y177.54 E.01185
G1 X20.739 Y177.258 E.01184
G1 X20.466 Y176.914 E.01185
G1 X20.267 Y176.524 E.01181
G1 X20.146 Y176.057 E.01302
G1 X20.132 Y175.495 E.01517
G1 X20.229 Y175.024 E.01298
G1 X20.47 Y174.523 E.015
G1 X20.744 Y174.181 E.01183
G1 X21.081 Y173.899 E.01186
G1 X21.467 Y173.69 E.01184
G1 X21.886 Y173.561 E.01183
G1 X22.315 Y173.519 E.01163
G1 X22.274 Y173.915 F9000
;TYPE:External perimeter
;WIDTH:0.419999
G1 F1800
G1 X22.293 Y173.913 E.00049
G1 X22.652 Y173.944 E.00924
G1 X22.998 Y174.045 E.00925
G1 X23.317 Y174.213 E.00925
G1 X23.596 Y174.44 E.00923
G1 X23.825 Y174.719 E.00926
G1 X23.994 Y175.037 E.00924
G1 X24.096 Y175.382 E.00923
G1 X24.128 Y175.741 E.00925
G1 X24.089 Y176.099 E.00924
G1 X23.979 Y176.442 E.00924
G1 X23.794 Y176.767 E.00959
G1 X23.401 Y177.17 E.01444
G1 X23.046 Y177.379 E.01057
G1 X22.703 Y177.49 E.00925
G1 X22.345 Y177.531 E.00924
G1 X21.986 Y177.5 E.00924
G1 X21.641 Y177.399 E.00922
G1 X21.322 Y177.231 E.00925
G1 X21.042 Y177.004 E.00925
G1 X20.814 Y176.725 E.00924
G1 X20.645 Y176.407 E.00924
G1 X20.541 Y176.047 E.00961
G1 X20.527 Y175.485 E.01442
G1 X20.626 Y175.085 E.01057
G1 X20.786 Y174.762 E.00925
G1 X21.006 Y174.477 E.00924
G1 X21.279 Y174.242 E.00924
G1 X21.593 Y174.065 E.00925
G1 X21.936 Y173.954 E.00925
G1 X22.215 Y173.922 E.0072
G1 E-3.5 F3600
;WIPE_START
G1 F7200
G1 X22.274 Y173.915 E-.02822
G1 X22.293 Y173.913 E-.00907
G1 X22.652 Y173.944 E-.17116
G1 X22.998 Y174.045 E-.17121
G1 X23.317 Y174.213 E-.17125
G1 X23.596 Y174.44 E-.17085
G1 X23.825 Y174.719 E-.17145
G1 X23.994 Y175.037 E-.17106
G1 X24.096 Y175.382 E-.17089
G1 X24.128 Y175.741 E-.1712
G1 X24.107 Y175.937 E-.09364
;WIPE_END
G1 X64.729 Y175.593 F9000
G1 E5 F2400
;TYPE:Perimeter
;WIDTH:0.439999
G1 F1800
G1 X64.726 Y175.505 E.00238
G1 X64.836 Y174.923 E.01598
G1 X65.044 Y174.447 E.01402
G1 X65.341 Y174.022 E.01399
G1 X65.717 Y173.663 E.01403
G1 X66.157 Y173.387 E.01402
G1 X66.643 Y173.203 E.01402
G1 X67.155 Y173.119 E.014
G1 X67.674 Y173.138 E.01401
G1 X68.179 Y173.259 E.01401
G1 X68.65 Y173.479 E.01403
G1 X69.068 Y173.787 E.01401
G1 X69.417 Y174.172 E.01402
G1 X69.683 Y174.618 E.01401
G1 X69.855 Y175.108 E.01401
G1 X69.926 Y175.623 E.01403
G1 X69.894 Y176.141 E.014
G1 X69.76 Y176.643 E.01402
G1 X69.529 Y177.108 E.01401
G1 X69.367 Y177.327 E.00735
G1 X68.975 Y177.729 E.01515
G1 X68.482 Y178.057 E.01598
G1 X67.996 Y178.241 E.01402
G1 X67.483 Y178.325 E.01403
G1 X66.964 Y178.306 E.01401
G1 X66.459 Y178.184 E.01402
G1 X65.988 Y177.965 E.01402
G1 X65.57 Y177.657 E.01401
G1 X65.222 Y177.272 E.014
G1 X64.956 Y176.826 E.01401
G1 X64.784 Y176.335 E.01404
G1 X64.74 Y176.067 E.00733
G1 X64.73 Y175.653 E.01117
G1 X65.135 Y175.613 F9000
G1 F1800
G1 X65.132 Y175.495 E.00319
G1 X65.229 Y175.024 E.01298
G1 X65.47 Y174.523 E.015
G1 X65.744 Y174.181 E.01183
G1 X66.081 Y173.899 E.01186
G1 X66.467 Y173.69 E.01184
G1 X66.886 Y173.561 E.01183
G1 X67.206 Y173.521 E.0087
G1 X67.76 Y173.563 E.01499
G1 X68.179 Y173.693 E.01184
G1 X68.564 Y173.903 E.01183
G1 X68.899 Y174.186 E.01183
G1 X69.172 Y174.529 E.01183
G1 X69.372 Y174.92 E.01185
G1 X69.49 Y175.343 E.01185
G1 X69.522 Y175.78 E.01182
G1 X69.467 Y176.216 E.01186
G1 X69.326 Y176.631 E.01183
G1 X69.077 Y177.044 E.01301
G1 X68.685 Y177.446 E.01515
G1 X68.279 Y177.706 E.01301
G1 X67.752 Y177.882 E.01499
G1 X67.316 Y177.925 E.01182
G1 X66.879 Y177.881 E.01185
G1 X66.46 Y177.751 E.01184
G1 X66.075 Y177.54 E.01185
G1 X65.739 Y177.258 E.01184
G1 X65.466 Y176.914 E.01185
G1 X65.267 Y176.524 E.01181
G1 X65.146 Y176.057 E.01302
G1 X65.136 Y175.673 E.01037
G1 X65.533 Y175.722 F9000
;TYPE:External perimeter
;WIDTH:0.419999
G1 F1800
G1 X65.527 Y175.485 E.00608
G1 X65.626 Y175.085 E.01057
G1 X65.786 Y174.762 E.00925
G1 X66.006 Y174.477 E.00924
G1 X66.279 Y174.242 E.00924
G1 X66.593 Y174.065 E.00925
G1 X66.936 Y173.954 E.00925
G1 X67.255 Y173.914 E.00825
G1 X67.652 Y173.944 E.01021
G1 X67.998 Y174.045 E.00925
G1 X68.317 Y174.213 E.00925
G1 X68.596 Y174.44 E.00923
G1 X68.825 Y174.719 E.00926
G1 X68.994 Y175.037 E.00924
G1 X69.096 Y175.382 E.00923
G1 X69.128 Y175.741 E.00925
G1 X69.089 Y176.099 E.00924
G1 X68.979 Y176.442 E.00924
G1 X68.794 Y176.767 E.00959
G1 X68.401 Y177.17 E.01444
G1 X68.046 Y177.379 E.01057
G1 X67.59 Y177.504 E.01213
G1 X67.345 Y177.531 E.00632
G1 X66.986 Y177.5 E.00924
G1 X66.641 Y177.399 E.00922
G1 X66.322 Y177.231 E.00925
G1 X66.042 Y177.004 E.00925
G1 X65.814 Y176.725 E.00924
G1 X65.645 Y176.407 E.00924
G1 X65.541 Y176.047 E.00961
G1 X65.535 Y175.782 E.0068
G1 E-3.5 F3600
;WIPE_START
G1 F7200
G1 X65.533 Y175.722 E-.02852
G1 X65.527 Y175.485 E-.11261
G1 X65.626 Y175.085 E-.19573
G1 X65.786 Y174.762 E-.17122
G1 X66.006 Y174.477 E-.17102
G1 X66.279 Y174.242 E-.1711
G1 X66.593 Y174.065 E-.17121
G1 X66.936 Y173.954 E-.17124
G1 X67.255 Y173.914 E-.15271
G1 X67.58 Y173.938 E-.15464
;WIPE_END
G1 X67.255 Y28.317 F9000
G1 E5 F2400
;TYPE:Perimeter
;WIDTH:0.439999
G1 F1800
G1 X66.964 Y28.306 E.00786
G1 X66.459 Y28.184 E.01402
G1 X65.988 Y27.965 E.01402
G1 X65.57 Y27.657 E.01401
G1 X65.222 Y27.272 E.014
G1 X64.956 Y26.826 E.01401
G1 X64.784 Y26.335 E.01404
G1 X64.74 Y26.067 E.00733
G1 X64.726 Y25.505 E.01517
G1 X64.836 Y24.923 E.01598
G1 X65.044 Y24.447 E.01402
G1 X65.341 Y24.022 E.01399
G1 X65.717 Y23.663 E.01403
G1 X66.157 Y23.387 E.01402
G1 X66.643 Y23.203 E.01402
G1 X67.155 Y23.119 E.014
G1 X67.674 Y23.138 E.01401
G1 X68.179 Y23.259 E.01401
G1 X68.65 Y23.479 E.01403
G1 X69.068 Y23.787 E.01401
G1 X69.417 Y24.172 E.01402
G1 X69.683 Y24.618 E.01401
G1 X69.855 Y25.108 E.01401
G1 X69.926 Y25.623 E.01403
G1 X69.894 Y26.141 E.014
G1 X69.76 Y26.643 E.01402
G1 X69.529 Y27.108 E.01401
G1 X69.367 Y27.327 E.00735
G1 X68.975 Y27.729 E.01515
G1 X68.482 Y28.057 E.01598
G1 X67.996 Y28.241 E.01402
G1 X67.483 Y28.325 E.01403
G1 X67.315 Y28.319 E.00454
G1 X67.264 Y27.92 F9000
G1 F1800
G1 X66.879 Y27.881 E.01044
G1 X66.46 Y27.751 E.01184
G1 X66.075 Y27.54 E.01185
G1 X65.739 Y27.258 E.01184
G1 X65.466 Y26.914 E.01185
G1 X65.267 Y26.524 E.01181
G1 X65.146 Y26.057 E.01302
G1 X65.132 Y25.495 E.01517
G1 X65.229 Y25.024 E.01298
G1 X65.409 Y24.623 E.01186
G1 X65.744 Y24.181 E.01497
G1 X66.081 Y23.899 E.01186
G1 X66.467 Y23.69 E.01184
G1 X66.886 Y23.561 E.01183
G1 X67.323 Y23.518 E.01185
G1 X67.76 Y23.563 E.01185
G1 X68.179 Y23.693 E.01184
G1 X68.564 Y23.903 E.01183
G1 X68.899 Y24.186 E.01183
G1 X69.172 Y24.529 E.01183
G1 X69.372 Y24.92 E.01185
G1 X69.49 Y25.343 E.01185
G1 X69.522 Y25.78 E.01182
G1 X69.467 Y26.216 E.01186
G1 X69.326 Y26.631 E.01183
G1 X69.077 Y27.044 E.01301
G1 X68.685 Y27.446 E.01515
G1 X68.279 Y27.706 E.01301
G1 X67.752 Y27.882 E.01499
G1 X67.324 Y27.925 E.01161
G1 X67.364 Y27.529 F9000
;TYPE:External perimeter
;WIDTH:0.419999
G1 F1800
G1 X67.345 Y27.531 E.00049
G1 X66.986 Y27.5 E.00924
G1 X66.641 Y27.399 E.00922
G1 X66.322 Y27.231 E.00925
G1 X66.042 Y27.004 E.00925
G1 X65.814 Y26.725 E.00924
G1 X65.645 Y26.407 E.00924
G1 X65.541 Y26.047 E.00961
G1 X65.527 Y25.485 E.01442
G1 X65.626 Y25.085 E.01057
G1 X65.766 Y24.795 E.00826
G1 X66.006 Y24.477 E.01022
G1 X66.279 Y24.242 E.00924
G1 X66.593 Y24.065 E.00925
G1 X66.936 Y23.954 E.00925
G1 X67.293 Y23.913 E.00922
G1 X67.652 Y23.944 E.00924
G1 X67.998 Y24.045 E.00925
G1 X68.317 Y24.213 E.00925
G1 X68.596 Y24.44 E.00923
G1 X68.825 Y24.719 E.00926
G1 X68.994 Y25.037 E.00924
G1 X69.096 Y25.382 E.00923
G1 X69.128 Y25.741 E.00925
G1 X69.089 Y26.099 E.00924
G1 X68.979 Y26.442 E.00924
G1 X68.794 Y26.767 E.00959
G1 X68.401 Y27.17 E.01444
G1 X68.046 Y27.379 E.01057
G1 X67.703 Y27.49 E.00925
G1 X67.424 Y27.522 E.0072
G1 E-3.5 F3600
;WIPE_START
G1 F7200
G1 X67.364 Y27.529 E-.02869
G1 X67.345 Y27.531 E-.00907
G1 X66.986 Y27.5 E-.17116
G1 X66.641 Y27.399 E-.17075
G1 X66.322 Y27.231 E-.17125
G1 X66.042 Y27.004 E-.17122
G1 X65.814 Y26.725 E-.17115
G1 X65.645 Y26.407 E-.17106
G1 X65.541 Y26.047 E-.17799
G1 X65.528 Y25.505 E-.25766
;WIPE_END
G1 X24.92 Y25.722 F9000
G1 E5 F2400
;TYPE:Perimeter
;WIDTH:0.439999
G1 F1800
G1 X24.894 Y26.141 E.01133
G1 X24.76 Y26.643 E.01402
G1 X24.529 Y27.108 E.01401
G1 X24.367 Y27.327 E.00735
G1 X23.975 Y27.729 E.01515
G1 X23.482 Y28.057 E.01598
G1 X22.996 Y28.241 E.01402
G1 X22.483 Y28.325 E.01403
G1 X21.964 Y28.306 E.01401
G1 X21.459 Y28.184 E.01402
G1 X20.988 Y27.965 E.01402
G1 X20.57 Y27.657 E.01401
G1 X20.222 Y27.272 E.014
G1 X19.956 Y26.826 E.01401
G1 X19.784 Y26.335 E.01404
G1 X19.74 Y26.067 E.00733
G1 X19.726 Y25.505 E.01517
G1 X19.836 Y24.923 E.01598
G1 X20.044 Y24.447 E.01402
G1 X20.341 Y24.022 E.01399
G1 X20.717 Y23.663 E.01403
G1 X21.157 Y23.387 E.01402
G1 X21.643 Y23.203 E.01402
G1 X22.155 Y23.119 E.014
G1 X22.674 Y23.138 E.01401
G1 X23.179 Y23.259 E.01401
G1 X23.65 Y23.479 E.01403
G1 X24.068 Y23.787 E.01401
G1 X24.417 Y24.172 E.01402
G1 X24.683 Y24.618 E.01401
G1 X24.855 Y25.108 E.01401
G1 X24.926 Y25.623 E.01403
G1 X24.923 Y25.662 E.00106
G1 X24.518 Y25.722 F9000
G1 F1800
G1 X24.522 Y25.78 E.00157
G1 X24.467 Y26.216 E.01186
G1 X24.326 Y26.631 E.01183
G1 X24.077 Y27.044 E.01301
G1 X23.685 Y27.446 E.01515
G1 X23.279 Y27.706 E.01301
G1 X22.752 Y27.882 E.01499
G1 X22.316 Y27.925 E.01182
G1 X21.879 Y27.881 E.01185
G1 X21.46 Y27.751 E.01184
G1 X21.075 Y27.54 E.01185
G1 X20.739 Y27.258 E.01184
G1 X20.466 Y26.914 E.01185
G1 X20.267 Y26.524 E.01181
G1 X20.146 Y26.057 E.01302
G1 X20.132 Y25.495 E.01517
G1 X20.229 Y25.024 E.01298
G1 X20.47 Y24.523 E.015
G1 X20.744 Y24.181 E.01183
G1 X21.081 Y23.899 E.01186
G1 X21.467 Y23.69 E.01184
G1 X22 Y23.547 E.01489
G1 X22.323 Y23.518 E.00875
G1 X22.76 Y23.563 E.01185
G1 X23.179 Y23.693 E.01184
G1 X23.564 Y23.903 E.01183
G1 X23.815 Y24.104 E.00868
G1 X24.172 Y24.529 E.01498
G1 X24.372 Y24.92 E.01185
G1 X24.49 Y25.343 E.01185
G1 X24.513 Y25.662 E.00863
G1 X24.119 Y25.632 F9000
;TYPE:External perimeter
;WIDTH:0.419999
G1 F1800
G1 X24.128 Y25.741 E.00281
G1 X24.089 Y26.099 E.00924
G1 X23.979 Y26.442 E.00924
G1 X23.794 Y26.767 E.00959
G1 X23.401 Y27.17 E.01444
G1 X23.046 Y27.379 E.01057
G1 X22.703 Y27.49 E.00925
G1 X22.345 Y27.531 E.00924
G1 X21.986 Y27.5 E.00924
G1 X21.641 Y27.399 E.00922
G1 X21.322 Y27.231 E.00925
G1 X21.042 Y27.004 E.00925
G1 X20.814 Y26.725 E.00924
G1 X20.645 Y26.407 E.00924
G1 X20.541 Y26.047 E.00961
G1 X20.527 Y25.485 E.01442
G1 X20.626 Y25.085 E.01057
G1 X20.786 Y24.762 E.00925
G1 X21.006 Y24.477 E.00924
G1 X21.279 Y24.242 E.00924
G1 X21.593 Y24.065 E.00925
G1 X22.049 Y23.94 E.01213
G1 X22.293 Y23.913 E.0063
G1 X22.652 Y23.944 E.00924
G1 X22.998 Y24.045 E.00925
G1 X23.317 Y24.213 E.00925
G1 X23.569 Y24.413 E.00825
G1 X23.825 Y24.719 E.01024
G1 X23.994 Y25.037 E.00924
G1 X24.096 Y25.382 E.00923
G1 X24.113 Y25.572 E.00489
G1 E-3.5 F3600
;WIPE_START
G1 F7200
G1 X24.119 Y25.632 E-.02864
G1 X24.128 Y25.741 E-.05195
G1 X24.089 Y26.099 E-.17106
G1 X23.979 Y26.442 E-.1711
G1 X23.794 Y26.767 E-.17763
G1 X23.401 Y27.17 E-.26738
G1 X23.046 Y27.379 E-.19568
G1 X22.703 Y27.49 E-.17124
G1 X22.345 Y27.531 E-.17116
G1 X22.148 Y27.514 E-.09416
;WIPE_END
G1 X28.114 Y18.016 F9000
G1 E5 F2400
;TYPE:Perimeter
;WIDTH:0.439999
G1 F3600
G1 X28.007 Y18.108 E.00381
G1 X27.848 Y18.426 E.00959
G1 X27.808 Y18.705 E.00761
G1 X27.808 Y184.711 E4.47964
G1 X18.331 Y184.711 E.25574
G1 X18.331 Y16.733 E4.53286
G1 X71.308 Y16.733 E1.42957
G1 X71.308 Y184.711 E4.53286
G1 X61.831 Y184.711 E.25574
G1 X61.831 Y18.705 E4.47964
G1 X61.791 Y18.426 E.00761
G1 X61.632 Y18.108 E.00959
G1 X61.304 Y17.827 E.01165
G1 X60.837 Y17.711 E.01298
G1 X28.674 Y17.711 E.86791
G1 X28.334 Y17.827 E.00969
G1 X28.16 Y17.977 E.0062
G1 X28.395 Y18.297 F9000
G1 F3600
G1 X28.331 Y18.352 E.00228
G1 X28.237 Y18.54 E.00567
G1 X28.214 Y18.705 E.0045
G1 X28.214 Y185.116 E4.49057
G1 X17.925 Y185.116 E.27765
G1 X17.925 Y16.328 E4.55471
G1 X71.714 Y16.328 E1.45149
G1 X71.714 Y185.116 E4.55471
G1 X61.425 Y185.116 E.27765
G1 X61.425 Y18.587 E4.49375
G1 X61.307 Y18.352 E.0071
G1 X61.113 Y18.185 E.00691
G1 X60.837 Y18.116 E.00768
G1 X28.802 Y18.116 E.86446
G1 X28.525 Y18.185 E.0077
G1 X28.441 Y18.258 E.003
G1 X28.677 Y18.575 F9000
;TYPE:External perimeter
;WIDTH:0.419999
G1 F1800
G1 X28.648 Y18.589 E.00083
G1 X28.609 Y18.705 E.00314
G1 X28.609 Y185.512 E4.27933
G1 X17.529 Y185.512 E.28425
G1 X17.529 Y15.932 E4.35047
G1 X72.109 Y15.932 E1.40022
G1 X72.109 Y185.512 E4.35047
G1 X61.029 Y185.512 E.28425
G1 X61.029 Y18.705 E4.27933
G1 X60.991 Y18.589 E.00313
G1 X60.837 Y18.512 E.00442
G1 X28.802 Y18.512 E.82184
G1 X28.73 Y18.548 E.00207
G1 E-3.5 F3600
;WIPE_START
G1 F7200
G1 X28.677 Y18.575 E-.02825
G1 X28.648 Y18.589 E-.0153
G1 X28.609 Y18.705 E-.05813
G1 X28.609 Y21.649 E-1.39832
;WIPE_END
G1 X18.753 Y17.078 F9000
G1 E5 F2400
;TYPE:Solid infill
;WIDTH:0.538422
G1 F3600
G1 X18.709 Y17.034 E.00209
G1 X18.648 Y17.05 E.00211
G1 X18.631 Y17.111 E.00212
G1 X18.676 Y17.156 E.00213
G1 X18.737 Y17.139 E.00212
;WIDTH:0.439999
G1 X18.643 Y17.787 E.01767
G1 X19.385 Y17.046 E.0283
G1 X19.958 Y17.046 E.01546
G1 X18.643 Y18.361 E.05018
G1 X18.643 Y18.935 E.01549
G1 X20.532 Y17.046 E.07209
G1 X21.106 Y17.046 E.01549
G1 X18.643 Y19.508 E.09397
G1 X18.643 Y20.082 E.01549
G1 X21.68 Y17.046 E.11588
G1 X22.253 Y17.046 E.01546
G1 X18.643 Y20.656 E.13777
G1 X18.643 Y21.229 E.01546
G1 X22.827 Y17.046 E.15965
G1 X23.401 Y17.046 E.01549
G1 X18.643 Y21.803 E.18156
G1 X18.643 Y22.377 E.01549
G1 X23.974 Y17.046 E.20344
G1 X24.548 Y17.046 E.01549
G1 X18.643 Y22.951 E.22535
G1 X18.643 Y23.524 E.01546
G1 X25.122 Y17.046 E.24723
G1 X25.695 Y17.046 E.01546
G1 X18.643 Y24.098 E.26912
G1 X18.643 Y24.672 E.01549
G1 X26.269 Y17.046 E.29103
G1 E-3.5
;WIPE_START
G1 F7200
G1 X24.036 Y19.279 E-1.5
;WIPE_END
G1 X19.513 Y24.949 F9000
G1 E5 F2400
G1 F3600
G1 X19.414 Y25.508 E.01532
G1 X19.433 Y26.11 E.01625
G1 X19.591 Y26.76 E.01805
G1 X19.851 Y27.28 E.01569
G1 X20.209 Y27.739 E.01571
G1 X20.65 Y28.117 E.01567
G1 X21.208 Y28.417 E.0171
G1 X18.643 Y30.982 E.09789
G1 X18.643 Y25.229 E.15524
G1 X18.803 Y25.38 E.00594
G1 X18.973 Y25.433 E.00481
G1 X19.086 Y25.376 E.00342
G1 X19.37 Y25.092 E.01084
G1 X18.942 Y24.946 E.0122
G1 X26.843 Y17.046 E.3015
G1 X27.416 Y17.046 E.01546
G1 X21.56 Y22.902 E.22348
G1 X21.437 Y22.989 E.00407
;WIDTH:0.407168
G1 X21.314 Y23.076 E.00374
;WIDTH:0.374336
G1 X21.243 Y23.057 E.00166
G1 X21.262 Y23.128 E.00166
G1 X21.303 Y23.117 E.00096
G1 X22.235 Y22.801 F9000
;WIDTH:0.439999
G1 F3600
G1 X27.99 Y17.046 E.21962
G1 X28.564 Y17.046 E.01549
G1 X22.771 Y22.839 E.22107
G1 X23.231 Y22.952 E.01278
G1 X27.497 Y18.686 E.1628
G1 X27.584 Y18.557 E.0042
;WIDTH:0.407168
G1 X27.671 Y18.429 E.00384
;WIDTH:0.374336
G1 X27.63 Y18.44 E.00096
G1 X27.611 Y18.369 E.00166
G1 X27.682 Y18.388 E.00166
G1 X27.496 Y19.261 F9000
;WIDTH:0.439999
G1 F3600
G1 X23.634 Y23.123 E.14738
G1 X23.998 Y23.333 E.01134
G1 X27.496 Y19.835 E.13349
G1 X27.496 Y20.409 E.01549
G1 X24.313 Y23.591 E.12145
G1 X24.588 Y23.89 E.01096
G1 X27.496 Y20.982 E.11098
G1 X27.496 Y21.556 E.01549
G1 X24.825 Y24.226 E.10191
G1 X25.017 Y24.609 E.01156
G1 X27.496 Y22.13 E.0946
G1 X27.496 Y24.568 E.06579
G1 X27.352 Y24.568 E.00389
G1 X24.971 Y26.946 E.09081
G1 X25.194 Y26.245 E.01985
G1 X25.235 Y25.579 E.01801
G1 X25.163 Y25.042 E.01462
G1 X27.352 Y22.847 E.08365
G1 X27.09 Y23.683 F9000
;WIDTH:0.43999
G1 F3600
G1 X27.065 Y24.281 E.01615
G1 X25.637 Y25.709 E.05449
G1 X25.589 Y25.184 E.01423
G1 X26.947 Y23.826 E.05182
G1 E-3.5
;WIPE_START
G1 F7200
G1 X25.589 Y25.184 E-.91224
G1 X25.637 Y25.709 E-.25042
G1 X26.139 Y25.207 E-.33734
;WIPE_END
G1 X29.006 Y17.052 F9000
G1 E5 F2400
;WIDTH:0.413482
G1 F3600
G1 X29.019 Y17.134 E.00209
G1 X28.79 Y17.411 E.00906
G1 X60.825 Y17.411 E.80795
;WIDTH:0.439999
G1 X61.405 Y17.537 E.01602
G1 X61.851 Y17.891 E.01537
G1 X62.096 Y18.369 E.01449
G1 X62.143 Y18.711 E.00932
G1 X62.143 Y19.609 E.02423
G1 X64.707 Y17.046 E.09783
G1 X60.767 Y17.032 E.10632
;WIDTH:0.413482
G1 X29.186 Y17.032 E.7965
G1 E-3.5
;WIPE_START
G1 F7200
G1 X32.344 Y17.032 E-1.5
;WIPE_END
G1 X19.032 Y25.818 F9000
G1 E5 F2400
;WIDTH:0.422502
G1 F3600
G1 X19.04 Y26.167 E.00901
;WIDTH:0.4292
G1 X19.045 Y26.404 E.00623
;WIDTH:0.439999
G1 X19.049 Y30.003 E.09712
G1 X20.534 Y28.517 E.05669
G1 X20.031 Y28.122 E.01726
G1 X19.859 Y27.957 E.00643
G1 X19.529 Y27.528 E.01461
G1 X19.227 Y26.939 E.01786
G1 X19.043 Y26.201 E.02052
G1 X19.447 Y28.073 F9000
;WIDTH:0.424998
G1 F3600
G1 X19.544 Y28.199 E.00413
G1 X19.928 Y28.56 E.0137
G1 X19.447 Y29.042 E.0177
G1 X19.447 Y28.276 E.01991
G1 E-3.5
;WIPE_START
G1 F7200
G1 X19.447 Y29.042 E-.36385
G1 X19.928 Y28.56 E-.32345
G1 X19.544 Y28.199 E-.25035
G1 X19.447 Y28.073 E-.07553
;WIPE_END
G1 E-.48682 F3600
G1 X21.639 Y28.559 F9000
G1 E5 F2400
;WIDTH:0.439999
G1 F3600
G1 X18.578 Y31.628 E.11697
;WIDTH:0.41478
G1 X18.513 Y31.7 E.00245
;WIDTH:0.38956
G1 X18.439 Y31.68 E.00181
G1 X18.458 Y31.755 E.00183
G1 X18.501 Y31.743 E.00105
;WIDTH:0.439999
G1 X18.643 Y32.13 E.01112
G1 X22.14 Y28.632 E.13347
G1 X22.738 Y28.608 E.01615
G1 X18.643 Y32.703 E.15627
G1 X18.643 Y33.277 E.01549
G1 X23.554 Y28.366 E.18742
G1 X23.698 Y28.254 E.00492
;WIDTH:0.407168
G1 X23.841 Y28.141 E.00452
;WIDTH:0.374336
G1 X24.549 Y27.477 E.02195
G1 E-3.5
;WIPE_START
G1 F7200
G1 X23.841 Y28.141 E-.46106
G1 X23.698 Y28.254 E-.08657
G1 X23.554 Y28.366 E-.08665
G1 X22.265 Y29.655 E-.86572
;WIPE_END
G1 X27.496 Y24.998 F9000
G1 E5 F2400
;WIDTH:0.439999
G1 F3600
G1 X18.643 Y33.851 E.33785
G1 X18.643 Y34.424 E.01546
G1 X27.496 Y25.572 E.33783
G1 X27.496 Y26.145 E.01546
G1 X18.643 Y34.998 E.33785
G1 X18.643 Y35.572 E.01549
G1 X27.496 Y26.719 E.33785
G1 X27.496 Y27.293 E.01549
G1 X18.643 Y36.145 E.33783
G1 X18.643 Y36.719 E.01549
G1 X27.496 Y27.867 E.33783
G1 X27.496 Y28.44 E.01546
G1 X18.643 Y37.293 E.33785
G1 X18.643 Y37.867 E.01549
G1 X27.496 Y29.014 E.33785
G1 X27.496 Y29.588 E.01549
G1 X18.643 Y38.44 E.33783
G1 X18.643 Y39.014 E.01549
G1 X27.496 Y30.161 E.33785
G1 X27.496 Y30.735 E.01549
G1 X18.643 Y39.588 E.33785
G1 X18.643 Y40.161 E.01546
G1 X27.496 Y31.309 E.33783
G1 X27.496 Y31.882 E.01546
G1 X18.643 Y40.735 E.33785
G1 X18.643 Y41.309 E.01549
G1 X27.496 Y32.456 E.33785
G1 X27.496 Y33.03 E.01549
G1 X18.643 Y41.882 E.33783
G1 X18.643 Y42.456 E.01549
G1 X27.496 Y33.603 E.33785
G1 X27.496 Y34.177 E.01549
G1 X18.643 Y43.03 E.33785
G1 X18.643 Y43.603 E.01546
G1 X27.496 Y34.751 E.33783
G1 X27.496 Y35.325 E.01549
G1 X18.643 Y44.177 E.33783
G1 X18.643 Y44.751 E.01549
G1 X27.496 Y35.898 E.33785
G1 X27.496 Y36.472 E.01549
G1 X18.643 Y45.325 E.33785
G1 X18.643 Y45.898 E.01546
G1 X27.496 Y37.046 E.33783
G1 X27.496 Y37.619 E.01546
G1 X18.643 Y46.472 E.33785
G1 X18.643 Y47.046 E.01549
G1 X27.496 Y38.193 E.33785
G1 X27.496 Y38.767 E.01549
G1 X18.643 Y47.619 E.33783
G1 X18.643 Y48.193 E.01549
G1 X27.496 Y39.34 E.33785
G1 X27.496 Y39.914 E.01549
G1 X18.643 Y48.767 E.33785
G1 X18.643 Y49.34 E.01546
G1 X27.496 Y40.488 E.33783
G1 X27.496 Y41.062 E.01549
G1 X18.643 Y49.914 E.33783
G1 X18.643 Y50.488 E.01549
G1 X27.496 Y41.635 E.33785
G1 X27.496 Y42.209 E.01549
G1 X18.643 Y51.062 E.33785
G1 X18.643 Y51.635 E.01546
G1 X27.496 Y42.783 E.33783
G1 X27.496 Y43.356 E.01546
G1 X18.643 Y52.209 E.33785
G1 X18.643 Y52.783 E.01549
G1 X27.496 Y43.93 E.33785
G1 X27.496 Y44.504 E.01549
G1 X18.643 Y53.356 E.33783
G1 X18.643 Y53.93 E.01549
G1 X27.496 Y45.077 E.33785
G1 X27.496 Y45.651 E.01549
G1 X18.643 Y54.504 E.33785
G1 X18.643 Y55.077 E.01546
G1 X27.496 Y46.225 E.33783
G1 X27.496 Y46.798 E.01546
G1 X18.643 Y55.651 E.33785
G1 X18.643 Y56.225 E.01549
G1 X27.496 Y47.372 E.33785
G1 X27.496 Y47.946 E.01549
G1 X18.643 Y56.798 E.33783
G1 X18.643 Y57.372 E.01549
G1 X27.496 Y48.52 E.33783
G1 X27.496 Y49.093 E.01546
G1 X18.643 Y57.946 E.33785
G1 X18.643 Y58.52 E.01549
G1 X27.496 Y49.667 E.33785
G1 X27.496 Y50.241 E.01549
G1 X18.643 Y59.093 E.33783
G1 X18.643 Y59.667 E.01549
G1 X27.496 Y50.814 E.33785
G1 X27.496 Y51.388 E.01549
G1 X18.643 Y60.241 E.33785
G1 X18.643 Y60.814 E.01546
G1 X27.496 Y51.962 E.33783
G1 X27.496 Y52.535 E.01546
G1 X18.643 Y61.388 E.33785
G1 X18.643 Y61.962 E.01549
G1 X27.496 Y53.109 E.33785
G1 X27.496 Y53.683 E.01549
G1 X18.643 Y62.535 E.33783
G1 X18.643 Y63.109 E.01549
G1 X27.496 Y54.256 E.33785
G1 X27.496 Y54.83 E.01549
G1 X18.643 Y63.683 E.33785
G1 X18.643 Y64.256 E.01546
G1 X27.496 Y55.404 E.33783
G1 X27.496 Y55.978 E.01549
G1 X18.643 Y64.83 E.33783
G1 X18.643 Y65.404 E.01549
G1 X27.496 Y56.551 E.33785
G1 X27.496 Y57.125 E.01549
G1 X18.643 Y65.978 E.33785
G1 X18.643 Y66.551 E.01546
G1 X27.496 Y57.699 E.33783
G1 X27.496 Y58.272 E.01546
G1 X18.643 Y67.125 E.33785
G1 X18.643 Y67.699 E.01549
G1 X27.496 Y58.846 E.33785
G1 X27.496 Y59.42 E.01549
G1 X18.643 Y68.272 E.33783
G1 X18.643 Y68.846 E.01549
G1 X27.496 Y59.993 E.33785
G1 X27.496 Y60.567 E.01549
G1 X18.643 Y69.42 E.33785
G1 X18.643 Y69.993 E.01546
G1 X27.496 Y61.141 E.33783
G1 X27.496 Y61.714 E.01546
G1 X18.643 Y70.567 E.33785
G1 X18.643 Y71.141 E.01549
G1 X27.496 Y62.288 E.33785
G1 X27.496 Y62.862 E.01549
G1 X18.643 Y71.714 E.33783
G1 X18.643 Y72.288 E.01549
G1 X27.496 Y63.436 E.33783
G1 X27.496 Y64.009 E.01546
G1 X18.643 Y72.862 E.33785
G1 X18.643 Y73.436 E.01549
G1 X27.496 Y64.583 E.33785
G1 X27.496 Y65.157 E.01549
G1 X18.643 Y74.009 E.33783
G1 X18.643 Y74.583 E.01549
G1 X27.496 Y65.73 E.33785
G1 X27.496 Y66.304 E.01549
G1 X18.643 Y75.157 E.33785
G1 X18.643 Y75.73 E.01546
G1 X27.496 Y66.878 E.33783
G1 X27.496 Y67.451 E.01546
G1 X18.643 Y76.304 E.33785
G1 X18.643 Y76.878 E.01549
G1 X27.496 Y68.025 E.33785
G1 X27.496 Y68.599 E.01549
G1 X18.643 Y77.451 E.33783
G1 X18.643 Y78.025 E.01549
G1 X27.496 Y69.173 E.33783
G1 X27.496 Y69.746 E.01546
G1 X18.643 Y78.599 E.33785
G1 X18.643 Y79.173 E.01549
G1 X27.496 Y70.32 E.33785
G1 X27.496 Y70.894 E.01549
G1 X18.643 Y79.746 E.33783
G1 X18.643 Y80.32 E.01549
G1 X27.496 Y71.467 E.33785
G1 X27.496 Y72.041 E.01549
G1 X18.643 Y80.894 E.33785
G1 X18.643 Y81.467 E.01546
G1 X27.496 Y72.615 E.33783
G1 X27.496 Y73.188 E.01546
G1 X18.643 Y82.041 E.33785
G1 X18.643 Y82.615 E.01549
G1 X27.496 Y73.762 E.33785
G1 X27.496 Y74.336 E.01549
G1 X18.643 Y83.188 E.33783
G1 X18.643 Y83.762 E.01549
G1 X27.496 Y74.909 E.33785
G1 X27.496 Y75.483 E.01549
G1 X18.643 Y84.336 E.33785
G1 X18.643 Y84.909 E.01546
G1 X27.496 Y76.057 E.33783
G1 X27.496 Y76.631 E.01549
G1 X18.643 Y85.483 E.33783
G1 X18.643 Y86.057 E.01549
G1 X27.496 Y77.204 E.33785
G1 X27.496 Y77.778 E.01549
G1 X18.643 Y86.631 E.33785
G1 X18.643 Y87.204 E.01546
G1 X27.496 Y78.352 E.33783
G1 X27.496 Y78.925 E.01546
G1 X18.643 Y87.778 E.33785
G1 X18.643 Y88.352 E.01549
G1 X27.496 Y79.499 E.33785
G1 X27.496 Y80.073 E.01549
G1 X18.643 Y88.925 E.33783
G1 X18.643 Y89.499 E.01549
G1 X27.496 Y80.646 E.33785
G1 X27.496 Y81.22 E.01549
G1 X18.643 Y90.073 E.33785
G1 X18.643 Y90.646 E.01546
G1 X27.496 Y81.794 E.33783
G1 X27.496 Y82.367 E.01546
G1 X18.643 Y91.22 E.33785
G1 X18.643 Y91.794 E.01549
G1 X27.496 Y82.941 E.33785
G1 X27.496 Y83.515 E.01549
G1 X18.643 Y92.367 E.33783
G1 X18.643 Y92.941 E.01549
G1 X27.496 Y84.089 E.33783
G1 X27.496 Y84.662 E.01546
G1 X18.643 Y93.515 E.33785
G1 X18.643 Y94.089 E.01549
G1 X27.496 Y85.236 E.33785
G1 X27.496 Y85.81 E.01549
G1 X18.643 Y94.662 E.33783
G1 X18.643 Y95.236 E.01549
G1 X27.496 Y86.383 E.33785
G1 X27.496 Y86.957 E.01549
G1 X18.643 Y95.81 E.33785
G1 X18.643 Y96.383 E.01546
G1 X27.496 Y87.531 E.33783
G1 X27.496 Y88.104 E.01546
G1 X18.643 Y96.957 E.33785
G1 X18.643 Y97.531 E.01549
G1 X27.496 Y88.678 E.33785
G1 X27.496 Y89.252 E.01549
G1 X18.643 Y98.104 E.33783
G1 X18.643 Y98.678 E.01549
G1 X27.496 Y89.825 E.33785
G1 X27.496 Y90.399 E.01549
G1 X18.643 Y99.252 E.33785
G1 X18.643 Y99.826 E.01549
G1 X27.496 Y90.973 E.33785
G1 X27.496 Y91.547 E.01549
G1 X20.824 Y98.219 E.25462
G1 X20.537 Y98.472 E.01032
;WIDTH:0.392986
G1 X20.082 Y98.912 E.0151
;WIDTH:0.374708
G1 X20.058 Y98.938 E.0008
;WIDTH:0.375942
G1 X20.053 Y98.944 E.00018
;WIDTH:0.407971
G1 X19.862 Y99.219 E.00832
;WIDTH:0.439999
G1 X19.671 Y99.494 E.00904
G1 X19.48 Y100.043 E.01569
G1 X19.402 Y100.621 E.01574
G1 X19.455 Y101.297 E.0183
G1 X19.688 Y101.986 E.01963
G1 X19.991 Y102.483 E.01571
G1 X20.386 Y102.909 E.01568
G1 X20.858 Y103.249 E.0157
G1 X21.318 Y103.461 E.01367
G1 X18.643 Y106.136 E.10208
G1 X18.643 Y100.261 E.15854
G1 X18.786 Y100.256 E.00386
G1 X19.635 Y99.408 E.03238
G1 X19.917 Y99.094 E.01139
G1 X19.023 Y100.554 F9000
;WIDTH:0.431516
G1 F3600
G1 X19.044 Y101.274 E.01903
;WIDTH:0.439244
G1 X19.048 Y101.338 E.00173
;WIDTH:0.439442
G1 X19.048 Y101.541 E.00547
;WIDTH:0.439999
G1 X19.049 Y105.157 E.09758
G1 X20.625 Y103.58 E.06016
G1 X20.147 Y103.237 E.01588
G1 X19.691 Y102.756 E.01789
G1 X19.34 Y102.195 E.01786
G1 X19.07 Y101.424 E.02204
;WIDTH:0.439414
G1 X19.048 Y101.338 E.00239
G1 X19.462 Y103.117 F9000
;WIDTH:0.454752
G1 F3600
G1 X19.751 Y103.434 E.012
G1 X19.989 Y103.633 E.00868
G1 X19.462 Y104.16 E.02084
G1 X19.462 Y103.32 E.02349
G1 E-3.5
;WIPE_START
G1 F7200
G1 X19.462 Y104.16 E-.399
G1 X19.989 Y103.633 E-.35401
G1 X19.751 Y103.434 E-.14736
G1 X19.462 Y103.117 E-.20376
;WIPE_END
G1 E-.39587 F3600
G1 X21.766 Y103.587 F9000
G1 E5 F2400
;WIDTH:0.439999
G1 F3600
G1 X18.643 Y106.71 E.11918
G1 X18.643 Y107.284 E.01549
G1 X22.285 Y103.641 E.13901
G1 X22.923 Y103.577 E.0173
G1 X18.643 Y107.857 E.16333
G1 E-3.5
;WIPE_START
G1 F7200
G1 X20.876 Y105.624 E-1.5
;WIPE_END
G1 X21.502 Y98.057 F9000
G1 E5 F2400
;WIDTH:0.374336
G1 F3600
G1 X21.461 Y98.068 E.00096
G1 X21.442 Y97.997 E.00166
G1 X21.513 Y98.016 E.00166
;WIDTH:0.407168
G1 X21.636 Y97.936 E.00364
;WIDTH:0.439999
G1 X21.759 Y97.857 E.00394
G1 X27.496 Y92.12 E.21894
G1 X27.496 Y92.694 E.01549
G1 X22.387 Y97.803 E.19497
G1 X22.902 Y97.862 E.01399
G1 X27.496 Y93.268 E.17532
G1 X27.496 Y93.841 E.01546
G1 X23.347 Y97.99 E.15834
G1 X23.738 Y98.173 E.01165
G1 X27.496 Y94.415 E.14341
G1 X27.496 Y94.989 E.01549
G1 X24.084 Y98.4 E.13019
G1 X24.391 Y98.667 E.01098
G1 X27.496 Y95.562 E.11849
G1 X27.496 Y96.136 E.01549
G1 X24.658 Y98.973 E.10829
G1 X24.879 Y99.326 E.01124
G1 X27.496 Y96.71 E.09985
G1 X27.496 Y97.284 E.01549
G1 X25.061 Y99.718 E.09291
G1 E-3.5
;WIPE_START
G1 F7200
G1 X27.294 Y97.485 E-1.5
;WIPE_END
G1 X27.352 Y98.001 F9000
G1 E5 F2400
G1 F3600
G1 X25.204 Y100.148 E.08195
G1 X25.174 Y100.152 E.00082
G1 X25.237 Y100.621 E.01277
G1 X25.194 Y101.245 E.01688
G1 X24.969 Y101.946 E.01987
G1 X24.596 Y102.506 E.01816
G1 X25.023 Y102.051 E.01684
G1 X27.352 Y99.722 E.08888
G1 X27.496 Y99.722 E.00389
G1 X27.496 Y97.857 E.05033
G1 X27.09 Y98.837 F9000
;WIDTH:0.43999
G1 F3600
G1 X27.065 Y99.435 E.01615
G1 X25.626 Y100.874 E.05491
G1 X25.641 Y100.649 E.00608
G1 X25.608 Y100.319 E.00895
G1 X26.947 Y98.98 E.0511
G1 E-3.5
;WIPE_START
G1 F7200
G1 X25.608 Y100.319 E-.89948
G1 X25.641 Y100.649 E-.15753
G1 X25.626 Y100.874 E-.10711
G1 X26.126 Y100.374 E-.33588
;WIPE_END
G1 X24.596 Y102.506 F9000
G1 E5 F2400
;WIDTH:0.400396
G1 F3600
G1 X24.569 Y102.536 E.00098
;WIDTH:0.407642
G1 X24.182 Y102.915 E.01345
;WIDTH:0.439999
G1 X23.895 Y103.179 E.01052
G1 X18.643 Y108.431 E.20043
G1 X18.643 Y109.005 E.01549
G1 X27.496 Y100.152 E.33785
G1 X27.496 Y100.726 E.01549
G1 X18.643 Y109.578 E.33783
G1 X18.643 Y110.152 E.01549
G1 X27.496 Y101.299 E.33785
G1 X27.496 Y101.873 E.01549
G1 X18.643 Y110.726 E.33785
G1 X18.643 Y111.299 E.01546
G1 X27.496 Y102.447 E.33783
G1 X27.496 Y103.02 E.01546
G1 X18.643 Y111.873 E.33785
G1 X18.643 Y112.447 E.01549
G1 X27.496 Y103.594 E.33785
G1 X27.496 Y104.168 E.01549
G1 X18.643 Y113.02 E.33783
G1 X18.643 Y113.594 E.01549
G1 X27.496 Y104.742 E.33783
G1 X27.496 Y105.315 E.01546
G1 X18.643 Y114.168 E.33785
G1 X18.643 Y114.742 E.01549
G1 X27.496 Y105.889 E.33785
G1 X27.496 Y106.463 E.01549
G1 X18.643 Y115.315 E.33783
G1 X18.643 Y115.889 E.01549
G1 X27.496 Y107.036 E.33785
G1 X27.496 Y107.61 E.01549
G1 X18.643 Y116.463 E.33785
G1 X18.643 Y117.036 E.01546
G1 X27.496 Y108.184 E.33783
G1 X27.496 Y108.757 E.01546
G1 X18.643 Y117.61 E.33785
G1 X18.643 Y118.184 E.01549
G1 X27.496 Y109.331 E.33785
G1 X27.496 Y109.905 E.01549
G1 X18.643 Y118.757 E.33783
G1 X18.643 Y119.331 E.01549
G1 X27.496 Y110.478 E.33785
G1 X27.496 Y111.052 E.01549
G1 X18.643 Y119.905 E.33785
G1 X18.643 Y120.478 E.01546
G1 X27.496 Y111.626 E.33783
G1 X27.496 Y112.2 E.01549
G1 X18.643 Y121.052 E.33783
G1 X18.643 Y121.626 E.01549
G1 X27.496 Y112.773 E.33785
G1 X27.496 Y113.347 E.01549
G1 X18.643 Y122.2 E.33785
G1 X18.643 Y122.773 E.01546
G1 X27.496 Y113.921 E.33783
G1 X27.496 Y114.494 E.01546
G1 X18.643 Y123.347 E.33785
G1 X18.643 Y123.921 E.01549
G1 X27.496 Y115.068 E.33785
G1 X27.496 Y115.642 E.01549
G1 X18.643 Y124.494 E.33783
G1 X18.643 Y125.068 E.01549
G1 X27.496 Y116.215 E.33785
G1 X27.496 Y116.789 E.01549
G1 X18.643 Y125.642 E.33785
G1 X18.643 Y126.215 E.01546
G1 X27.496 Y117.363 E.33783
G1 X27.496 Y117.937 E.01549
G1 X18.643 Y126.789 E.33783
G1 X18.643 Y127.363 E.01549
G1 X27.496 Y118.51 E.33785
G1 X27.496 Y119.084 E.01549
G1 X18.643 Y127.937 E.33785
G1 X18.643 Y128.51 E.01546
G1 X27.496 Y119.658 E.33783
G1 X27.496 Y120.231 E.01546
G1 X18.643 Y129.084 E.33785
G1 X18.643 Y129.658 E.01549
G1 X27.496 Y120.805 E.33785
G1 X27.496 Y121.379 E.01549
G1 X18.643 Y130.231 E.33783
G1 X18.643 Y130.805 E.01549
G1 X27.496 Y121.952 E.33785
G1 X27.496 Y122.526 E.01549
G1 X18.643 Y131.379 E.33785
G1 X18.643 Y131.952 E.01546
G1 X27.496 Y123.1 E.33783
G1 X27.496 Y123.673 E.01546
G1 X18.643 Y132.526 E.33785
G1 X18.643 Y133.1 E.01549
G1 X27.496 Y124.247 E.33785
G1 X27.496 Y124.821 E.01549
G1 X18.643 Y133.673 E.33783
G1 X18.643 Y134.247 E.01549
G1 X27.496 Y125.395 E.33783
G1 X27.496 Y125.968 E.01546
G1 X18.643 Y134.821 E.33785
G1 X18.643 Y135.395 E.01549
G1 X27.496 Y126.542 E.33785
G1 X27.496 Y127.116 E.01549
G1 X18.643 Y135.968 E.33783
G1 X18.643 Y136.542 E.01549
G1 X27.496 Y127.689 E.33785
G1 X27.496 Y128.263 E.01549
G1 X18.643 Y137.116 E.33785
G1 X18.643 Y137.689 E.01546
G1 X27.496 Y128.837 E.33783
G1 X27.496 Y129.41 E.01546
G1 X18.643 Y138.263 E.33785
G1 X18.643 Y138.837 E.01549
G1 X27.496 Y129.984 E.33785
G1 X27.496 Y130.558 E.01549
G1 X18.643 Y139.41 E.33783
G1 X18.643 Y139.984 E.01549
G1 X27.496 Y131.131 E.33785
G1 X27.496 Y131.705 E.01549
G1 X18.643 Y140.558 E.33785
G1 X18.643 Y141.131 E.01546
G1 X27.496 Y132.279 E.33783
G1 X27.496 Y132.853 E.01549
G1 X18.643 Y141.705 E.33783
G1 X18.643 Y142.279 E.01549
G1 X27.496 Y133.426 E.33785
G1 X27.496 Y134 E.01549
G1 X18.643 Y142.853 E.33785
G1 X18.643 Y143.426 E.01546
G1 X27.496 Y134.574 E.33783
G1 X27.496 Y135.147 E.01546
G1 X18.643 Y144 E.33785
G1 X18.643 Y144.574 E.01549
G1 X27.496 Y135.721 E.33785
G1 X27.496 Y136.295 E.01549
G1 X18.643 Y145.147 E.33783
G1 X18.643 Y145.721 E.01549
G1 X27.496 Y136.868 E.33785
G1 X27.496 Y137.442 E.01549
G1 X18.643 Y146.295 E.33785
G1 X18.643 Y146.868 E.01546
G1 X27.496 Y138.016 E.33783
G1 X27.496 Y138.589 E.01546
G1 X18.643 Y147.442 E.33785
G1 X18.643 Y148.016 E.01549
G1 X27.496 Y139.163 E.33785
G1 X27.496 Y139.737 E.01549
G1 X18.643 Y148.589 E.33783
G1 X18.643 Y149.163 E.01549
G1 X27.496 Y140.311 E.33783
G1 X27.496 Y140.884 E.01546
G1 X18.643 Y149.737 E.33785
G1 X18.643 Y150.311 E.01549
G1 X27.496 Y141.458 E.33785
G1 X27.496 Y142.032 E.01549
G1 X18.643 Y150.884 E.33783
G1 X18.643 Y151.458 E.01549
G1 X27.496 Y142.605 E.33785
G1 X27.496 Y143.179 E.01549
G1 X18.643 Y152.032 E.33785
G1 X18.643 Y152.605 E.01546
G1 X27.496 Y143.753 E.33783
G1 X27.496 Y144.326 E.01546
G1 X18.643 Y153.179 E.33785
G1 X18.643 Y153.753 E.01549
G1 X27.496 Y144.9 E.33785
G1 X27.496 Y145.474 E.01549
G1 X18.643 Y154.326 E.33783
G1 X18.643 Y154.9 E.01549
G1 X27.496 Y146.048 E.33783
G1 X27.496 Y146.621 E.01546
G1 X18.643 Y155.474 E.33785
G1 X18.643 Y156.048 E.01549
G1 X27.496 Y147.195 E.33785
G1 X27.496 Y147.769 E.01549
G1 X18.643 Y156.621 E.33783
G1 X18.643 Y157.195 E.01549
G1 X27.496 Y148.342 E.33785
G1 X27.496 Y148.916 E.01549
G1 X18.643 Y157.769 E.33785
G1 X18.643 Y158.342 E.01546
G1 X27.496 Y149.49 E.33783
G1 X27.496 Y150.063 E.01546
G1 X18.643 Y158.916 E.33785
G1 X18.643 Y159.49 E.01549
G1 X27.496 Y150.637 E.33785
G1 X27.496 Y151.211 E.01549
G1 X18.643 Y160.063 E.33783
G1 X18.643 Y160.637 E.01549
G1 X27.496 Y151.784 E.33785
G1 X27.496 Y152.358 E.01549
G1 X18.643 Y161.211 E.33785
G1 X18.643 Y161.784 E.01546
G1 X27.496 Y152.932 E.33783
G1 X27.496 Y153.506 E.01549
G1 X18.643 Y162.358 E.33783
G1 X18.643 Y162.932 E.01549
G1 X27.496 Y154.079 E.33785
G1 X27.496 Y154.653 E.01549
G1 X18.643 Y163.506 E.33785
G1 X18.643 Y164.079 E.01546
G1 X27.496 Y155.227 E.33783
G1 X27.496 Y155.8 E.01546
G1 X18.643 Y164.653 E.33785
G1 X18.643 Y165.227 E.01549
G1 X27.496 Y156.374 E.33785
G1 X27.496 Y156.948 E.01549
G1 X18.643 Y165.8 E.33783
G1 X18.643 Y166.374 E.01549
G1 X27.496 Y157.521 E.33785
G1 X27.496 Y158.095 E.01549
G1 X18.643 Y166.948 E.33785
G1 X18.643 Y167.521 E.01546
G1 X27.496 Y158.669 E.33783
G1 X27.496 Y159.242 E.01546
G1 X18.643 Y168.095 E.33785
G1 X18.643 Y168.669 E.01549
G1 X27.496 Y159.816 E.33785
G1 X27.496 Y160.39 E.01549
G1 X18.643 Y169.242 E.33783
G1 X18.643 Y169.816 E.01549
G1 X27.496 Y160.964 E.33783
G1 X27.496 Y161.537 E.01546
G1 X18.643 Y170.39 E.33785
G1 X18.643 Y170.964 E.01549
G1 X27.496 Y162.111 E.33785
G1 X27.496 Y162.685 E.01549
G1 X18.643 Y171.537 E.33783
G1 X18.643 Y172.111 E.01549
G1 X27.496 Y163.258 E.33785
G1 X27.496 Y163.832 E.01549
G1 X18.643 Y172.685 E.33785
G1 X18.643 Y173.258 E.01546
G1 X27.496 Y164.406 E.33783
G1 X27.496 Y164.979 E.01546
G1 X18.643 Y173.832 E.33785
G1 X18.643 Y174.406 E.01549
G1 X27.496 Y165.553 E.33785
G1 X27.496 Y166.127 E.01549
G1 X18.735 Y174.888 E.33434
G1 X19.526 Y174.671 F9000
G1 F3600
G1 X18.837 Y175.35 E.0261
G1 X18.643 Y175.325 E.00528
G1 X18.643 Y181.29 E.16096
G1 X21.446 Y178.487 E.10697
G1 X21.121 Y178.384 E.0092
G1 X20.65 Y178.117 E.01461
G1 X20.209 Y177.739 E.01567
G1 X19.851 Y177.28 E.01571
G1 X19.591 Y176.76 E.01569
G1 X19.433 Y176.11 E.01805
G1 X19.415 Y175.533 E.01558
G1 X19.53 Y174.863 E.01834
G1 X19.669 Y174.527 E.00981
G1 X20.163 Y173.898 E.02158
;WIDTH:0.374336
G1 X20.859 Y173.266 E.02126
;WIDTH:0.407168
G1 X21.003 Y173.158 E.00446
;WIDTH:0.439999
G1 X21.146 Y173.05 E.00484
G1 X27.496 Y166.7 E.24233
G1 X27.496 Y167.274 E.01549
G1 X21.939 Y172.831 E.21207
G1 X21.817 Y172.903 E.00382
;WIDTH:0.407168
G1 X21.696 Y172.976 E.0035
;WIDTH:0.374336
G1 X21.625 Y172.957 E.00166
G1 X21.644 Y173.028 E.00166
G1 X21.685 Y173.017 E.00096
G1 X22.53 Y172.814 F9000
;WIDTH:0.439999
G1 F3600
G1 X27.496 Y167.848 E.18951
G1 X27.496 Y168.422 E.01549
G1 X23.026 Y172.892 E.17059
G1 X23.457 Y173.034 E.01225
G1 X27.496 Y168.995 E.15414
G1 X27.496 Y169.569 E.01549
G1 X23.836 Y173.228 E.13965
G1 X24.17 Y173.468 E.0111
G1 X27.496 Y170.143 E.12691
G1 X27.496 Y170.716 E.01546
G1 X24.467 Y173.745 E.11559
G1 X24.721 Y174.065 E.01102
G1 X27.496 Y171.29 E.1059
G1 X27.496 Y171.864 E.01549
G1 X24.934 Y174.426 E.09777
G1 E-3.5
;WIPE_START
G1 F7200
G1 X27.167 Y172.193 E-1.5
;WIPE_END
G1 X27.352 Y172.581 F9000
G1 E5 F2400
G1 F3600
G1 X25.098 Y174.835 E.08602
G1 X25.166 Y175.1 E.00738
G1 X25.241 Y175.696 E.01621
G1 X25.193 Y176.251 E.01503
G1 X25.098 Y176.556 E.00862
G1 X27.352 Y174.302 E.08602
G1 X27.496 Y174.302 E.00389
G1 X27.496 Y172.437 E.05033
G1 X27.09 Y173.417 F9000
;WIDTH:0.439989
G1 F3600
G1 X27.065 Y174.015 E.01615
G1 X25.62 Y175.46 E.05514
G1 X25.553 Y174.954 E.01377
G1 X26.947 Y173.56 E.0532
G1 E-3.5
;WIPE_START
G1 F7200
G1 X25.553 Y174.954 E-.93642
G1 X25.62 Y175.46 E-.24245
G1 X26.098 Y174.982 E-.32113
;WIPE_END
G1 X21.894 Y178.613 F9000
G1 E5 F2400
;WIDTH:0.439999
G1 F3600
G1 X18.577 Y181.936 E.1267
;WIDTH:0.407168
G1 X18.511 Y182.008 E.00242
;WIDTH:0.374336
G1 X18.44 Y181.989 E.00166
G1 X18.459 Y182.061 E.00168
G1 X18.5 Y182.05 E.00096
;WIDTH:0.439999
G1 X18.643 Y182.437 E.01113
G1 X22.444 Y178.636 E.14505
G1 X23.217 Y178.331 F9000
;WIDTH:0.374336
G1 F3600
G1 X23.427 Y178.337 E.00475
;WIDTH:0.407168
G1 X23.284 Y178.425 E.00416
;WIDTH:0.439999
G1 X23.14 Y178.514 E.00457
G1 X18.643 Y183.011 E.17162
G1 X18.643 Y183.585 E.01549
G1 X27.496 Y174.732 E.33785
G1 X27.496 Y175.306 E.01549
G1 X18.643 Y184.159 E.33785
G1 X18.615 Y184.337 E.00486
;WIDTH:0.407168
G1 X18.586 Y184.515 E.00447
;WIDTH:0.374336
G1 X18.545 Y184.526 E.00096
G1 X18.526 Y184.455 E.00166
G1 X18.597 Y184.474 E.00166
;WIDTH:0.439999
G1 X18.977 Y184.398 E.01046
G1 X27.496 Y175.88 E.32509
G1 X27.496 Y176.453 E.01546
G1 X19.551 Y184.398 E.3032
G1 X20.124 Y184.398 E.01546
G1 X27.496 Y177.027 E.28131
G1 X27.496 Y177.601 E.01549
G1 X20.698 Y184.398 E.25941
G1 X21.272 Y184.398 E.01549
G1 X27.496 Y178.174 E.23752
G1 X27.496 Y178.748 E.01549
G1 X21.846 Y184.398 E.21562
G1 X22.419 Y184.398 E.01546
G1 X27.496 Y179.322 E.19373
G1 X27.496 Y179.895 E.01546
G1 X22.993 Y184.398 E.17184
G1 X23.567 Y184.398 E.01549
G1 X27.496 Y180.469 E.14994
G1 X27.496 Y181.043 E.01549
G1 X24.14 Y184.398 E.12805
G1 X24.714 Y184.398 E.01549
G1 X27.496 Y181.617 E.10615
G1 X27.496 Y182.19 E.01546
G1 X25.288 Y184.398 E.08426
G1 X25.23 Y184.479 E.00269
;WIDTH:0.407168
G1 X25.173 Y184.56 E.00246
;WIDTH:0.374336
G1 X25.102 Y184.541 E.00166
G1 X25.121 Y184.612 E.00166
G1 X25.162 Y184.601 E.00096
G1 E-3.5
;WIPE_START
G1 F7200
G1 X25.121 Y184.612 E-.02016
G1 X25.102 Y184.541 E-.03491
G1 X25.173 Y184.56 E-.03491
G1 X25.23 Y184.479 E-.04705
G1 X25.288 Y184.398 E-.04732
G1 X27.246 Y182.44 E-1.31565
;WIPE_END
G1 X27.352 Y182.907 F9000
G1 E5 F2400
;WIDTH:0.439999
G1 F3600
G1 X25.861 Y184.398 E.0569
G1 X27.496 Y184.398 E.04412
G1 X27.496 Y182.764 E.04409
G1 X27.084 Y183.902 F9000
;WIDTH:0.58598
G1 F3600
G1 X27.035 Y183.853 E.00254
G1 X26.968 Y183.871 E.00255
G1 X26.95 Y183.937 E.00251
G1 X26.999 Y183.986 E.00254
G1 X27.066 Y183.968 E.00255
G1 E-3.5
;WIPE_START
G1 F7200
G1 X26.999 Y183.986 E-.03295
G1 X26.95 Y183.937 E-.03292
G1 X26.968 Y183.871 E-.03249
G1 X27.035 Y183.853 E-.03295
G1 X27.084 Y183.902 E-.03292
;WIPE_END
G1 E-1.33577 F3600
G1 X19.043 Y176.201 F9000
G1 E5 F2400
;WIDTH:0.439999
G1 F3600
G1 X19.227 Y176.939 E.02052
G1 X19.529 Y177.528 E.01786
G1 X19.943 Y178.045 E.01787
G1 X20.351 Y178.4 E.01459
G1 X20.731 Y178.629 E.01197
G1 X19.049 Y180.311 E.06419
G1 X19.045 Y176.404 E.10543
;WIDTH:0.4292
G1 X19.04 Y176.167 E.00623
;WIDTH:0.422502
G1 X19.031 Y175.686 E.01242
G1 E-3.5
;WIPE_START
G1 F7200
G1 X19.04 Y176.167 E-.22851
G1 X19.045 Y176.404 E-.1126
G1 X19.047 Y178.844 E-1.15889
;WIPE_END
G1 X19.48 Y178.171 F9000
G1 E5 F2400
;WIDTH:0.491804
G1 F3600
G1 X19.66 Y178.371 E.00819
G1 X20.044 Y178.705 E.01549
G1 X19.48 Y179.269 E.02427
G1 X19.48 Y178.374 E.02724
G1 E-3.5
;WIPE_START
G1 F7200
G1 X19.48 Y179.269 E-.42513
G1 X20.044 Y178.705 E-.37887
G1 X19.66 Y178.371 E-.24174
G1 X19.48 Y178.171 E-.12781
;WIPE_END
G1 E-.32645 F3600
G1 X62.143 Y20.183 F9000
G1 E5 F2400
;WIDTH:0.439999
G1 F3600
G1 X65.28 Y17.046 E.11972
G1 X65.854 Y17.046 E.01549
G1 X62.143 Y20.756 E.1416
G1 X62.143 Y21.33 E.01549
G1 X66.428 Y17.046 E.16351
G1 X67.001 Y17.046 E.01546
G1 X62.143 Y21.904 E.18539
G1 X62.143 Y22.478 E.01549
G1 X67.575 Y17.046 E.2073
G1 X68.149 Y17.046 E.01549
G1 X62.143 Y23.051 E.22918
G1 X62.143 Y23.625 E.01549
G1 X68.722 Y17.046 E.25107
G1 X69.296 Y17.046 E.01549
G1 X62.143 Y24.199 E.27297
G1 X62.143 Y24.772 E.01546
G1 X69.87 Y17.046 E.29486
G1 X70.444 Y17.046 E.01549
G1 X62.143 Y25.346 E.31677
G1 X62.143 Y25.92 E.01549
G1 X70.996 Y17.067 E.33785
G1 X70.996 Y17.641 E.01549
G1 X62.143 Y26.493 E.33783
G1 X62.099 Y26.652 E.00445
;WIDTH:0.407168
G1 X62.054 Y26.81 E.00407
;WIDTH:0.374336
G1 X62.013 Y26.821 E.00096
G1 X61.994 Y26.75 E.00166
G1 X62.065 Y26.769 E.00166
G1 E-3.5
;WIPE_START
G1 F7200
G1 X61.994 Y26.75 E-.03491
G1 X62.013 Y26.821 E-.03491
G1 X62.054 Y26.81 E-.02016
G1 X62.099 Y26.652 E-.07803
G1 X62.143 Y26.493 E-.07836
G1 X64.009 Y24.627 E-1.25363
;WIPE_END
G1 X64.76 Y24.702 F9000
G1 E5 F2400
G1 F3600
G1 X64.851 Y24.359 E.00803
G1 X64.844 Y24.288 E.00161
G1 X65.168 Y23.9 E.01143
G1 X65.567 Y23.507 E.01267
G1 X65.887 Y23.25 E.00928
G1 X66.076 Y23.234 E.00429
G1 X66.319 Y23.156 E.00577
;WIDTH:0.407168
G1 X66.246 Y23.096 E.00234
;WIDTH:0.439999
G1 X66.174 Y23.037 E.00251
G1 X70.996 Y18.215 E.18402
G1 X70.996 Y18.788 E.01546
G1 X66.954 Y22.83 E.15425
G1 X67.542 Y22.815 E.01587
G1 X70.996 Y19.362 E.13179
G1 X70.996 Y19.936 E.01549
G1 X68.031 Y22.9 E.11313
G1 X68.467 Y23.038 E.01234
G1 X70.996 Y20.509 E.09651
G1 X70.996 Y21.083 E.01549
G1 X68.845 Y23.234 E.08209
G1 E-3.5
;WIPE_START
G1 F7200
G1 X70.996 Y21.083 E-1.44494
G1 X70.996 Y20.967 E-.05506
;WIPE_END
G1 X70.852 Y21.8 F9000
G1 E5 F2400
G1 F3600
G1 X69.177 Y23.475 E.06392
G1 X69.648 Y23.961 E.01826
G1 X69.951 Y24.457 E.01568
G1 X70.149 Y25.004 E.0157
G1 X70.235 Y25.579 E.01569
G1 X70.194 Y26.245 E.01801
G1 X70.091 Y26.577 E.00938
G1 X70.598 Y26.071 E.01933
G1 X70.697 Y26.016 E.00306
G1 X70.895 Y26.082 E.00563
G1 X70.996 Y26.199 E.00417
G1 X70.996 Y21.657 E.12257
G1 X70.515 Y22.816 F9000
;WIDTH:0.589083
G1 F3600
G1 X70.515 Y24.601 E.06587
G1 X70.362 Y24.21 E.01549
G1 X70.084 Y23.746 E.01996
G1 X69.855 Y23.476 E.01306
G1 X70.372 Y22.959 E.02698
G1 E-3.5
;WIPE_START
G1 F7200
G1 X69.855 Y23.476 E-.3473
G1 X70.084 Y23.746 E-.16817
G1 X70.362 Y24.21 E-.25693
G1 X70.515 Y24.601 E-.19944
G1 X70.515 Y23.489 E-.52816
;WIPE_END
G1 X70.573 Y24.964 F9000
G1 E5 F2400
;WIDTH:0.47309
G1 F3600
G1 X70.593 Y25.244 E.00819
;WIDTH:0.433067
G1 X70.613 Y25.525 E.00747
;WIDTH:0.393044
G1 X70.616 Y25.645 E.00286
G1 E-3.5
;WIPE_START
G1 F7200
G1 X70.613 Y25.525 E-.05702
G1 X70.593 Y25.244 E-.13381
G1 X70.573 Y24.964 E-.13334
;WIPE_END
G1 E-1.17583 F3600
G1 X64.636 Y24.575 F9000
G1 E5 F2400
;WIDTH:0.439999
G1 F3600
G1 X62.143 Y27.067 E.09512
G1 X62.143 Y27.641 E.01549
G1 X64.429 Y25.355 E.08724
G1 X64.433 Y26.11 E.02037
G1 X64.591 Y26.76 E.01805
G1 X64.83 Y27.248 E.01466
G1 X62.143 Y29.936 E.10256
G1 X62.143 Y28.071 E.05033
G1 X62.286 Y28.071 E.00386
G1 X64.278 Y26.08 E.076
G1 X64.169 Y26.762 E.01864
G1 X64.339 Y27.166 E.01183
G1 X62.549 Y28.956 E.06831
G1 X62.573 Y28.358 E.01615
G1 X64.026 Y26.905 E.05545
G1 X65.072 Y27.58 F9000
G1 F3600
G1 X62.143 Y30.509 E.11178
G1 X62.143 Y31.083 E.01549
G1 X65.35 Y27.876 E.12239
G1 X65.67 Y28.13 E.01102
G1 X62.143 Y31.657 E.1346
G1 X62.143 Y32.23 E.01546
G1 X66.034 Y28.339 E.14849
G1 X66.443 Y28.504 E.0119
G1 X62.143 Y32.804 E.1641
G1 X62.143 Y33.378 E.01549
G1 X66.908 Y28.613 E.18184
G1 X67.457 Y28.637 E.01483
G1 X62.143 Y33.951 E.20279
G1 X62.143 Y34.525 E.01549
G1 X68.149 Y28.519 E.2292
G1 X68.677 Y28.158 E.01726
;WIDTH:0.374336
G1 X68.436 Y28.335 E.00676
G1 X68.841 Y28.038 E.01136
G1 E-3.5
;WIPE_START
G1 F7200
G1 X68.436 Y28.335 E-.23856
G1 X68.677 Y28.158 E-.14203
G1 X68.149 Y28.519 E-.30382
G1 X66.935 Y29.733 E-.81559
;WIPE_END
G1 X70.741 Y26.501 F9000
G1 E5 F2400
;WIDTH:0.439999
G1 F3600
G1 X62.143 Y35.099 E.32812
G1 X62.143 Y35.673 E.01549
G1 X70.996 Y26.82 E.33785
G1 X70.996 Y27.394 E.01549
G1 X62.143 Y36.246 E.33783
G1 X62.143 Y36.82 E.01549
G1 X70.996 Y27.967 E.33785
G1 X70.996 Y28.541 E.01549
G1 X62.143 Y37.394 E.33785
G1 X62.143 Y37.967 E.01546
G1 X70.996 Y29.115 E.33783
G1 X70.996 Y29.688 E.01546
G1 X62.143 Y38.541 E.33785
G1 X62.143 Y39.115 E.01549
G1 X70.996 Y30.262 E.33785
G1 X70.996 Y30.836 E.01549
G1 X62.143 Y39.688 E.33783
G1 X62.143 Y40.262 E.01549
G1 X70.996 Y31.409 E.33785
G1 X70.996 Y31.983 E.01549
G1 X62.143 Y40.836 E.33785
G1 X62.143 Y41.409 E.01546
G1 X70.996 Y32.557 E.33783
G1 X70.996 Y33.131 E.01549
G1 X62.143 Y41.983 E.33783
G1 X62.143 Y42.557 E.01549
G1 X70.996 Y33.704 E.33785
G1 X70.996 Y34.278 E.01549
G1 X62.143 Y43.131 E.33785
G1 X62.143 Y43.704 E.01546
G1 X70.996 Y34.852 E.33783
G1 X70.996 Y35.425 E.01546
G1 X62.143 Y44.278 E.33785
G1 X62.143 Y44.852 E.01549
G1 X70.996 Y35.999 E.33785
G1 X70.996 Y36.573 E.01549
G1 X62.143 Y45.425 E.33783
G1 X62.143 Y45.999 E.01549
G1 X70.996 Y37.146 E.33785
G1 X70.996 Y37.72 E.01549
G1 X62.143 Y46.573 E.33785
G1 X62.143 Y47.146 E.01546
G1 X70.996 Y38.294 E.33783
G1 X70.996 Y38.867 E.01546
G1 X62.143 Y47.72 E.33785
G1 X62.143 Y48.294 E.01549
G1 X70.996 Y39.441 E.33785
G1 X70.996 Y40.015 E.01549
G1 X62.143 Y48.868 E.33785
G1 X62.143 Y49.441 E.01546
G1 X70.996 Y40.589 E.33783
G1 X70.996 Y41.162 E.01546
G1 X62.143 Y50.015 E.33785
G1 X62.143 Y50.589 E.01549
G1 X70.996 Y41.736 E.33785
G1 X70.996 Y42.31 E.01549
G1 X62.143 Y51.162 E.33783
G1 X62.143 Y51.736 E.01549
G1 X70.996 Y42.883 E.33785
G1 X70.996 Y43.457 E.01549
G1 X62.143 Y52.31 E.33785
G1 X62.143 Y52.883 E.01546
G1 X70.996 Y44.031 E.33783
G1 X70.996 Y44.604 E.01546
G1 X62.143 Y53.457 E.33785
G1 X62.143 Y54.031 E.01549
G1 X70.996 Y45.178 E.33785
G1 X70.996 Y45.752 E.01549
G1 X62.143 Y54.604 E.33783
G1 X62.143 Y55.178 E.01549
G1 X70.996 Y46.326 E.33783
G1 X70.996 Y46.899 E.01546
G1 X62.143 Y55.752 E.33785
G1 X62.143 Y56.326 E.01549
G1 X70.996 Y47.473 E.33785
G1 X70.996 Y48.047 E.01549
G1 X62.143 Y56.899 E.33783
G1 X62.143 Y57.473 E.01549
G1 X70.996 Y48.62 E.33785
G1 X70.996 Y49.194 E.01549
G1 X62.143 Y58.047 E.33785
G1 X62.143 Y58.62 E.01546
G1 X70.996 Y49.768 E.33783
G1 X70.996 Y50.341 E.01546
G1 X62.143 Y59.194 E.33785
G1 X62.143 Y59.768 E.01549
G1 X70.996 Y50.915 E.33785
G1 X70.996 Y51.489 E.01549
G1 X62.143 Y60.341 E.33783
G1 X62.143 Y60.915 E.01549
G1 X70.996 Y52.062 E.33785
G1 X70.996 Y52.636 E.01549
G1 X62.143 Y61.489 E.33785
G1 X62.143 Y62.062 E.01546
G1 X70.996 Y53.21 E.33783
G1 X70.996 Y53.784 E.01549
G1 X62.143 Y62.636 E.33783
G1 X62.143 Y63.21 E.01549
G1 X70.996 Y54.357 E.33785
G1 X70.996 Y54.931 E.01549
G1 X62.143 Y63.784 E.33785
G1 X62.143 Y64.357 E.01546
G1 X70.996 Y55.505 E.33783
G1 X70.996 Y56.078 E.01546
G1 X62.143 Y64.931 E.33785
G1 X62.143 Y65.505 E.01549
G1 X70.996 Y56.652 E.33785
G1 X70.996 Y57.226 E.01549
G1 X62.143 Y66.078 E.33783
G1 X62.143 Y66.652 E.01549
G1 X70.996 Y57.799 E.33785
G1 X70.996 Y58.373 E.01549
G1 X62.143 Y67.226 E.33785
G1 X62.143 Y67.799 E.01546
G1 X70.996 Y58.947 E.33783
G1 X70.996 Y59.52 E.01546
G1 X62.143 Y68.373 E.33785
G1 X62.143 Y68.947 E.01549
G1 X70.996 Y60.094 E.33785
G1 X70.996 Y60.668 E.01549
G1 X62.143 Y69.52 E.33783
G1 X62.143 Y70.094 E.01549
G1 X70.996 Y61.242 E.33783
G1 X70.996 Y61.815 E.01546
G1 X62.143 Y70.668 E.33785
G1 X62.143 Y71.242 E.01549
G1 X70.996 Y62.389 E.33785
G1 X70.996 Y62.963 E.01549
G1 X62.143 Y71.815 E.33783
G1 X62.143 Y72.389 E.01549
G1 X70.996 Y63.536 E.33785
G1 X70.996 Y64.11 E.01549
G1 X62.143 Y72.963 E.33785
G1 X62.143 Y73.536 E.01546
G1 X70.996 Y64.684 E.33783
G1 X70.996 Y65.257 E.01546
G1 X62.143 Y74.11 E.33785
G1 X62.143 Y74.684 E.01549
G1 X70.996 Y65.831 E.33785
G1 X70.996 Y66.405 E.01549
G1 X62.143 Y75.257 E.33783
G1 X62.143 Y75.831 E.01549
G1 X70.996 Y66.978 E.33785
G1 X70.996 Y67.552 E.01549
G1 X62.143 Y76.405 E.33785
G1 X62.143 Y76.979 E.01549
G1 X70.996 Y68.126 E.33785
G1 X70.996 Y68.7 E.01549
G1 X62.143 Y77.552 E.33783
G1 X62.143 Y78.126 E.01549
G1 X70.996 Y69.273 E.33785
G1 X70.996 Y69.847 E.01549
G1 X62.143 Y78.7 E.33785
G1 X62.143 Y79.273 E.01546
G1 X70.996 Y70.421 E.33783
G1 X70.996 Y70.994 E.01546
G1 X62.143 Y79.847 E.33785
G1 X62.143 Y80.421 E.01549
G1 X70.996 Y71.568 E.33785
G1 X70.996 Y72.142 E.01549
G1 X62.143 Y80.994 E.33783
G1 X62.143 Y81.568 E.01549
G1 X70.996 Y72.715 E.33785
G1 X70.996 Y73.289 E.01549
G1 X62.143 Y82.142 E.33785
G1 X62.143 Y82.715 E.01546
G1 X70.996 Y73.863 E.33783
G1 X70.996 Y74.437 E.01549
G1 X62.143 Y83.289 E.33783
G1 X62.143 Y83.863 E.01549
G1 X70.996 Y75.01 E.33785
G1 X70.996 Y75.584 E.01549
G1 X62.143 Y84.437 E.33785
G1 X62.143 Y85.01 E.01546
G1 X70.996 Y76.158 E.33783
G1 X70.996 Y76.731 E.01546
G1 X62.143 Y85.584 E.33785
G1 X62.143 Y86.158 E.01549
G1 X70.996 Y77.305 E.33785
G1 X70.996 Y77.879 E.01549
G1 X62.143 Y86.731 E.33783
G1 X62.143 Y87.305 E.01549
G1 X70.996 Y78.452 E.33785
G1 X70.996 Y79.026 E.01549
G1 X62.143 Y87.879 E.33785
G1 X62.143 Y88.452 E.01546
G1 X70.996 Y79.6 E.33783
G1 X70.996 Y80.173 E.01546
G1 X62.143 Y89.026 E.33785
G1 X62.143 Y89.6 E.01549
G1 X70.996 Y80.747 E.33785
G1 X70.996 Y81.321 E.01549
G1 X62.143 Y90.173 E.33783
G1 X62.143 Y90.747 E.01549
G1 X70.996 Y81.895 E.33783
G1 X70.996 Y82.468 E.01546
G1 X62.143 Y91.321 E.33785
G1 X62.143 Y91.895 E.01549
G1 X70.996 Y83.042 E.33785
G1 X70.996 Y83.616 E.01549
G1 X62.143 Y92.468 E.33783
G1 X62.143 Y93.042 E.01549
G1 X70.996 Y84.189 E.33785
G1 X70.996 Y84.763 E.01549
G1 X62.143 Y93.616 E.33785
G1 X62.143 Y94.189 E.01546
G1 X70.996 Y85.337 E.33783
G1 X70.996 Y85.91 E.01546
G1 X62.143 Y94.763 E.33785
G1 X62.143 Y95.337 E.01549
G1 X70.996 Y86.484 E.33785
G1 X70.996 Y87.058 E.01549
G1 X62.143 Y95.91 E.33783
G1 X62.143 Y96.484 E.01549
G1 X70.996 Y87.631 E.33785
G1 X70.996 Y88.205 E.01549
G1 X62.143 Y97.058 E.33785
G1 X62.143 Y97.631 E.01546
G1 X70.996 Y88.779 E.33783
G1 X70.996 Y89.353 E.01549
G1 X62.143 Y98.205 E.33783
G1 X62.143 Y98.779 E.01549
G1 X70.996 Y89.926 E.33785
G1 X70.996 Y90.5 E.01549
G1 X62.143 Y99.353 E.33785
G1 X62.143 Y99.926 E.01546
G1 X70.996 Y91.074 E.33783
G1 X70.996 Y91.647 E.01546
G1 X62.143 Y100.5 E.33785
G1 X62.143 Y101.074 E.01549
G1 X70.996 Y92.221 E.33785
G1 X70.996 Y92.795 E.01549
G1 X62.143 Y101.647 E.33783
G1 X62.099 Y101.806 E.00445
;WIDTH:0.407168
G1 X62.054 Y101.964 E.00407
;WIDTH:0.374336
G1 X62.013 Y101.975 E.00096
G1 X61.994 Y101.904 E.00166
G1 X62.065 Y101.923 E.00166
G1 E-3.5
;WIPE_START
G1 F7200
G1 X61.994 Y101.904 E-.03491
G1 X62.013 Y101.975 E-.03491
G1 X62.054 Y101.964 E-.02016
G1 X62.099 Y101.806 E-.07803
G1 X62.143 Y101.647 E-.07836
G1 X64.009 Y99.781 E-1.25363
;WIPE_END
G1 X65.964 Y98.26 F9000
G1 E5 F2400
G1 F3600
G1 X65.544 Y98.607 E.01232
G1 X65.152 Y99.004 E.01262
G1 X64.758 Y99.495 E.01424
G1 X65.158 Y98.997 E.01445
G1 X65.552 Y98.599 E.01267
G1 X66.127 Y98.14 E.01664
;WIDTH:0.407168
G1 X66.271 Y98.045 E.00428
;WIDTH:0.439999
G1 X66.414 Y97.95 E.00463
G1 X70.996 Y93.368 E.17486
G1 X70.996 Y93.942 E.01549
G1 X67.13 Y97.808 E.14754
G1 X67.686 Y97.825 E.01501
G1 X70.996 Y94.516 E.1263
G1 X70.996 Y95.09 E.01549
G1 X68.157 Y97.928 E.10832
G1 X68.572 Y98.087 E.01199
G1 X70.996 Y95.663 E.09251
G1 X70.996 Y96.237 E.01549
G1 X68.938 Y98.294 E.07852
G1 E-3.5
;WIPE_START
G1 F7200
G1 X70.996 Y96.237 E-1.38213
G1 X70.996 Y95.989 E-.11787
;WIPE_END
G1 X70.852 Y96.954 F9000
G1 E5 F2400
G1 F3600
G1 X69.255 Y98.551 E.06095
G1 X69.458 Y98.735 E.00739
G1 X69.788 Y99.163 E.01458
G1 X70.048 Y99.683 E.01569
G1 X70.199 Y100.245 E.0157
G1 X70.237 Y100.824 E.01566
G1 X70.204 Y101.045 E.00603
G1 X70.37 Y100.929 E.00546
G1 X70.55 Y100.985 E.00509
G1 X70.693 Y101.129 E.00548
G1 X70.807 Y101.051 E.00373
G1 X70.996 Y101.099 E.00526
G1 X70.996 Y96.811 E.11571
G1 X70.528 Y97.94 F9000
;WIDTH:0.564187
G1 F3600
G1 X70.528 Y99.654 E.06041
G1 X70.468 Y99.477 E.00659
G1 X70.229 Y98.991 E.01909
G1 X69.911 Y98.557 E.01896
G1 X70.384 Y98.083 E.0236
G1 E-3.5
;WIPE_START
G1 F7200
G1 X69.911 Y98.557 E-.31807
G1 X70.229 Y98.991 E-.25557
G1 X70.468 Y99.477 E-.25725
G1 X70.528 Y99.654 E-.08877
G1 X70.528 Y98.432 E-.58034
;WIPE_END
G1 X70.406 Y101.416 F9000
G1 E5 F2400
;WIDTH:0.439999
G1 F3600
G1 X70.038 Y101.784 E.01404
G1 X69.934 Y101.927 E.00477
;WIDTH:0.407168
G1 X69.83 Y102.071 E.00441
;WIDTH:0.374336
G1 X69.507 Y102.472 E.01165
G1 X69.109 Y102.874 E.01279
G1 X68.668 Y103.237 E.01292
G1 X68.595 Y103.23 E.00166
G1 X68.274 Y103.306 E.00746
G1 E-3.5
;WIPE_START
G1 F7200
G1 X68.595 Y103.23 E-.15669
G1 X68.668 Y103.237 E-.03483
G1 X69.109 Y102.874 E-.27131
G1 X69.507 Y102.472 E-.2687
G1 X69.83 Y102.071 E-.24458
G1 X69.934 Y101.927 E-.08437
G1 X70.038 Y101.784 E-.08399
G1 X70.406 Y101.416 E-.2472
;WIPE_END
G1 E-.10833 F3600
G1 X64.547 Y99.817 F9000
G1 E5 F2400
;WIDTH:0.439999
G1 F3600
G1 X62.143 Y102.221 E.09174
G1 X62.143 Y102.795 E.01549
G1 X64.408 Y100.529 E.08646
G1 X64.455 Y101.297 E.02076
G1 X64.669 Y101.946 E.01844
G1 X64.898 Y102.335 E.01218
G1 X62.143 Y105.089 E.10512
G1 X62.143 Y103.225 E.0503
G1 X62.286 Y103.225 E.00386
G1 X64.29 Y101.222 E.07646
G1 X64.217 Y101.869 E.01757
G1 X64.387 Y102.272 E.0118
G1 X62.549 Y104.11 E.07014
G1 X62.573 Y103.512 E.01615
G1 X64.073 Y102.012 E.05724
G1 X65.143 Y102.664 F9000
G1 F3600
G1 X62.077 Y105.736 E.11712
;WIDTH:0.407168
G1 X62.011 Y105.808 E.00242
;WIDTH:0.374336
G1 X61.94 Y105.789 E.00166
G1 X61.959 Y105.86 E.00166
G1 X62 Y105.849 E.00096
;WIDTH:0.439999
G1 X62.143 Y106.237 E.01116
G1 X65.433 Y102.947 E.12555
G1 X65.763 Y103.19 E.01106
G1 X62.143 Y106.811 E.13817
G1 X62.143 Y107.384 E.01546
G1 X66.136 Y103.392 E.15236
G1 X66.563 Y103.538 E.01218
G1 X62.143 Y107.958 E.16868
G1 X62.143 Y108.532 E.01549
G1 X67.049 Y103.625 E.18724
G1 X67.627 Y103.622 E.0156
G1 X62.143 Y109.105 E.20926
G1 X62.143 Y109.679 E.01549
G1 X68.381 Y103.441 E.23806
G1 E-3.5
;WIPE_START
G1 F7200
G1 X66.148 Y105.674 E-1.5
;WIPE_END
G1 X70.864 Y101.532 F9000
G1 E5 F2400
G1 F3600
G1 X62.143 Y110.253 E.33281
G1 X62.143 Y110.826 E.01546
G1 X70.996 Y101.974 E.33783
G1 X70.996 Y102.548 E.01549
G1 X62.143 Y111.4 E.33783
G1 X62.143 Y111.974 E.01549
G1 X70.996 Y103.121 E.33785
G1 X70.996 Y103.695 E.01549
G1 X62.143 Y112.548 E.33785
G1 X62.143 Y113.121 E.01546
G1 X70.996 Y104.269 E.33783
G1 X70.996 Y104.842 E.01546
G1 X62.143 Y113.695 E.33785
G1 X62.143 Y114.269 E.01549
G1 X70.996 Y105.416 E.33785
G1 X70.996 Y105.99 E.01549
G1 X62.143 Y114.842 E.33783
G1 X62.143 Y115.416 E.01549
G1 X70.996 Y106.563 E.33785
G1 X70.996 Y107.137 E.01549
G1 X62.143 Y115.99 E.33785
G1 X62.143 Y116.563 E.01546
G1 X70.996 Y107.711 E.33783
G1 X70.996 Y108.284 E.01546
G1 X62.143 Y117.137 E.33785
G1 X62.143 Y117.711 E.01549
G1 X70.996 Y108.858 E.33785
G1 X70.996 Y109.432 E.01549
G1 X62.143 Y118.284 E.33783
G1 X62.143 Y118.858 E.01549
G1 X70.996 Y110.006 E.33783
G1 X70.996 Y110.579 E.01546
G1 X62.143 Y119.432 E.33785
G1 X62.143 Y120.006 E.01549
G1 X70.996 Y111.153 E.33785
G1 X70.996 Y111.727 E.01549
G1 X62.143 Y120.579 E.33783
G1 X62.143 Y121.153 E.01549
G1 X70.996 Y112.3 E.33785
G1 X70.996 Y112.874 E.01549
G1 X62.143 Y121.727 E.33785
G1 X62.143 Y122.3 E.01546
G1 X70.996 Y113.448 E.33783
G1 X70.996 Y114.021 E.01546
G1 X62.143 Y122.874 E.33785
G1 X62.143 Y123.448 E.01549
G1 X70.996 Y114.595 E.33785
G1 X70.996 Y115.169 E.01549
G1 X62.143 Y124.021 E.33783
G1 X62.143 Y124.595 E.01549
G1 X70.996 Y115.742 E.33785
G1 X70.996 Y116.316 E.01549
G1 X62.143 Y125.169 E.33785
G1 X62.143 Y125.742 E.01546
G1 X70.996 Y116.89 E.33783
G1 X70.996 Y117.464 E.01549
G1 X62.143 Y126.316 E.33783
G1 X62.143 Y126.89 E.01549
G1 X70.996 Y118.037 E.33785
G1 X70.996 Y118.611 E.01549
G1 X62.143 Y127.464 E.33785
G1 X62.143 Y128.037 E.01546
G1 X70.996 Y119.185 E.33783
G1 X70.996 Y119.758 E.01546
G1 X62.143 Y128.611 E.33785
G1 X62.143 Y129.185 E.01549
G1 X70.996 Y120.332 E.33785
G1 X70.996 Y120.906 E.01549
G1 X62.143 Y129.758 E.33783
G1 X62.143 Y130.332 E.01549
G1 X70.996 Y121.479 E.33785
G1 X70.996 Y122.053 E.01549
G1 X62.143 Y130.906 E.33785
G1 X62.143 Y131.479 E.01546
G1 X70.996 Y122.627 E.33783
G1 X70.996 Y123.201 E.01549
G1 X62.143 Y132.053 E.33783
G1 X62.143 Y132.627 E.01549
G1 X70.996 Y123.774 E.33785
G1 X70.996 Y124.348 E.01549
G1 X62.143 Y133.201 E.33785
G1 X62.143 Y133.774 E.01546
G1 X70.996 Y124.922 E.33783
G1 X70.996 Y125.495 E.01546
G1 X62.143 Y134.348 E.33785
G1 X62.143 Y134.922 E.01549
G1 X70.996 Y126.069 E.33785
G1 X70.996 Y126.643 E.01549
G1 X62.143 Y135.495 E.33783
G1 X62.143 Y136.069 E.01549
G1 X70.996 Y127.216 E.33785
G1 X70.996 Y127.79 E.01549
G1 X62.143 Y136.643 E.33785
G1 X62.143 Y137.216 E.01546
G1 X70.996 Y128.364 E.33783
G1 X70.996 Y128.937 E.01546
G1 X62.143 Y137.79 E.33785
G1 X62.143 Y138.364 E.01549
G1 X70.996 Y129.511 E.33785
G1 X70.996 Y130.085 E.01549
G1 X62.143 Y138.937 E.33783
G1 X62.143 Y139.511 E.01549
G1 X70.996 Y130.659 E.33783
G1 X70.996 Y131.232 E.01546
G1 X62.143 Y140.085 E.33785
G1 X62.143 Y140.659 E.01549
G1 X70.996 Y131.806 E.33785
G1 X70.996 Y132.38 E.01549
G1 X62.143 Y141.232 E.33783
G1 X62.143 Y141.806 E.01549
G1 X70.996 Y132.953 E.33785
G1 X70.996 Y133.527 E.01549
G1 X62.143 Y142.38 E.33785
G1 X62.143 Y142.953 E.01546
G1 X70.996 Y134.101 E.33783
G1 X70.996 Y134.674 E.01546
G1 X62.143 Y143.527 E.33785
G1 X62.143 Y144.101 E.01549
G1 X70.996 Y135.248 E.33785
G1 X70.996 Y135.822 E.01549
G1 X62.143 Y144.674 E.33783
G1 X62.143 Y145.248 E.01549
G1 X70.996 Y136.395 E.33785
G1 X70.996 Y136.969 E.01549
G1 X62.143 Y145.822 E.33785
G1 X62.143 Y146.395 E.01546
G1 X70.996 Y137.543 E.33783
G1 X70.996 Y138.117 E.01549
G1 X62.143 Y146.969 E.33783
G1 X62.143 Y147.543 E.01549
G1 X70.996 Y138.69 E.33785
G1 X70.996 Y139.264 E.01549
G1 X62.143 Y148.117 E.33785
G1 X62.143 Y148.69 E.01546
G1 X70.996 Y139.838 E.33783
G1 X70.996 Y140.411 E.01546
G1 X62.143 Y149.264 E.33785
G1 X62.143 Y149.838 E.01549
G1 X70.996 Y140.985 E.33785
G1 X70.996 Y141.559 E.01549
G1 X62.143 Y150.411 E.33783
G1 X62.143 Y150.985 E.01549
G1 X70.996 Y142.132 E.33785
G1 X70.996 Y142.706 E.01549
G1 X62.143 Y151.559 E.33785
G1 X62.143 Y152.132 E.01546
G1 X70.996 Y143.28 E.33783
G1 X70.996 Y143.853 E.01546
G1 X62.143 Y152.706 E.33785
G1 X62.143 Y153.28 E.01549
G1 X70.996 Y144.427 E.33785
G1 X70.996 Y145.001 E.01549
G1 X62.143 Y153.854 E.33785
G1 X62.143 Y154.427 E.01546
G1 X70.996 Y145.575 E.33783
G1 X70.996 Y146.148 E.01546
G1 X62.143 Y155.001 E.33785
G1 X62.143 Y155.575 E.01549
G1 X70.996 Y146.722 E.33785
G1 X70.996 Y147.296 E.01549
G1 X62.143 Y156.148 E.33783
G1 X62.143 Y156.722 E.01549
G1 X70.996 Y147.869 E.33785
G1 X70.996 Y148.443 E.01549
G1 X62.143 Y157.296 E.33785
G1 X62.143 Y157.869 E.01546
G1 X70.996 Y149.017 E.33783
G1 X70.996 Y149.59 E.01546
G1 X62.143 Y158.443 E.33785
G1 X62.143 Y159.017 E.01549
G1 X70.996 Y150.164 E.33785
G1 X70.996 Y150.738 E.01549
G1 X62.143 Y159.59 E.33783
G1 X62.143 Y160.164 E.01549
G1 X70.996 Y151.312 E.33783
G1 X70.996 Y151.885 E.01546
G1 X62.143 Y160.738 E.33785
G1 X62.143 Y161.312 E.01549
G1 X70.996 Y152.459 E.33785
G1 X70.996 Y153.033 E.01549
G1 X62.143 Y161.885 E.33783
G1 X62.143 Y162.459 E.01549
G1 X70.996 Y153.606 E.33785
G1 X70.996 Y154.18 E.01549
G1 X62.143 Y163.033 E.33785
G1 X62.143 Y163.606 E.01546
G1 X70.996 Y154.754 E.33783
G1 X70.996 Y155.327 E.01546
G1 X62.143 Y164.18 E.33785
G1 X62.143 Y164.754 E.01549
G1 X70.996 Y155.901 E.33785
G1 X70.996 Y156.475 E.01549
G1 X62.143 Y165.327 E.33783
G1 X62.143 Y165.901 E.01549
G1 X70.996 Y157.048 E.33785
G1 X70.996 Y157.622 E.01549
G1 X62.143 Y166.475 E.33785
G1 X62.143 Y167.048 E.01546
G1 X70.996 Y158.196 E.33783
G1 X70.996 Y158.77 E.01549
G1 X62.143 Y167.622 E.33783
G1 X62.143 Y168.196 E.01549
G1 X70.996 Y159.343 E.33785
G1 X70.996 Y159.917 E.01549
G1 X62.143 Y168.77 E.33785
G1 X62.143 Y169.343 E.01546
G1 X70.996 Y160.491 E.33783
G1 X70.996 Y161.064 E.01546
G1 X62.143 Y169.917 E.33785
G1 X62.143 Y170.491 E.01549
G1 X70.996 Y161.638 E.33785
G1 X70.996 Y162.212 E.01549
G1 X62.143 Y171.064 E.33783
G1 X62.143 Y171.638 E.01549
G1 X70.996 Y162.785 E.33785
G1 X70.996 Y163.359 E.01549
G1 X62.143 Y172.212 E.33785
G1 X62.143 Y172.785 E.01546
G1 X70.996 Y163.933 E.33783
G1 X70.996 Y164.506 E.01546
G1 X62.143 Y173.359 E.33785
G1 X62.143 Y173.933 E.01549
G1 X70.996 Y165.08 E.33785
G1 X70.996 Y165.654 E.01549
G1 X62.143 Y174.506 E.33783
G1 X62.143 Y175.08 E.01549
G1 X70.996 Y166.228 E.33783
G1 X70.996 Y166.801 E.01546
G1 X62.143 Y175.654 E.33785
G1 X62.054 Y176.544 F9000
;WIDTH:0.374336
G1 F3600
G1 X62.013 Y176.555 E.00096
G1 X61.994 Y176.484 E.00166
G1 X62.065 Y176.503 E.00166
;WIDTH:0.407168
G1 X62.104 Y176.365 E.00356
;WIDTH:0.439999
G1 X62.143 Y176.228 E.00384
G1 X70.996 Y167.375 E.33785
G1 X70.996 Y167.949 E.01549
G1 X65.529 Y173.416 E.20863
G1 X65.385 Y173.52 E.00479
;WIDTH:0.407168
G1 X65.242 Y173.624 E.00439
;WIDTH:0.374336
G1 X65.309 Y173.691 E.00214
;WIDTH:0.439999
G1 X65.033 Y173.911 E.00952
G1 X62.143 Y176.801 E.11029
G1 X62.143 Y177.375 E.01549
G1 X64.486 Y175.032 E.08941
G1 X64.589 Y174.903 E.00445
;WIDTH:0.407168
G1 X64.691 Y174.775 E.00406
;WIDTH:0.374336
G1 X64.65 Y174.786 E.00096
G1 X64.631 Y174.715 E.00166
G1 X64.702 Y174.734 E.00166
G1 X64.418 Y175.673 F9000
;WIDTH:0.439999
G1 F3600
G1 X62.143 Y177.949 E.08684
G1 E-3.5
;WIPE_START
G1 F7200
G1 X64.376 Y175.716 E-1.5
;WIPE_END
G1 X64.318 Y176.347 F9000
G1 E5 F2400
G1 F3600
G1 X62.286 Y178.379 E.07755
G1 X62.143 Y178.379 E.00386
G1 X62.143 Y180.243 E.0503
G1 X64.955 Y177.431 E.10731
G1 X64.688 Y176.986 E.014
G1 X64.49 Y176.442 E.01562
G1 X64.462 Y176.204 E.00647
G1 X64.253 Y176.986 E.02184
G1 X64.444 Y177.368 E.01152
G1 X62.549 Y179.264 E.07234
G1 X62.573 Y178.666 E.01615
G1 X64.11 Y177.129 E.05866
G1 X65.215 Y177.745 F9000
G1 F3600
G1 X62.077 Y180.889 E.11987
;WIDTH:0.407168
G1 X62.011 Y180.962 E.00244
;WIDTH:0.374336
G1 X61.94 Y180.943 E.00166
G1 X61.959 Y181.014 E.00166
G1 X62 Y181.003 E.00096
;WIDTH:0.439999
G1 X62.143 Y181.391 E.01116
G1 X65.519 Y178.015 E.12884
G1 X65.858 Y178.249 E.01112
G1 X62.143 Y181.965 E.14179
G1 X62.143 Y182.538 E.01546
G1 X66.244 Y178.438 E.15648
G1 X66.683 Y178.572 E.01239
G1 X62.143 Y183.112 E.17326
G1 X62.143 Y183.686 E.01549
G1 X67.194 Y178.634 E.19278
G1 X67.803 Y178.599 E.01646
G1 X62.143 Y184.259 E.216
G1 X62.103 Y184.399 E.00393
;WIDTH:0.407168
G1 X62.062 Y184.539 E.00362
;WIDTH:0.374336
G1 X62.021 Y184.55 E.00096
G1 X62.002 Y184.479 E.00166
G1 X62.073 Y184.498 E.00166
;WIDTH:0.439999
G1 X62.578 Y184.398 E.01389
G1 X68.663 Y178.313 E.23222
G1 E-3.5
;WIPE_START
G1 F7200
G1 X66.43 Y180.546 E-1.5
;WIPE_END
G1 X66.375 Y173.094 F9000
G1 E5 F2400
;WIDTH:0.374336
G1 F3600
G1 X66.334 Y173.105 E.00096
G1 X66.315 Y173.034 E.00166
G1 X66.386 Y173.053 E.00166
;WIDTH:0.407168
G1 X66.509 Y172.97 E.00368
;WIDTH:0.439999
G1 X66.632 Y172.886 E.00402
G1 X70.996 Y168.522 E.16654
G1 X70.996 Y169.096 E.01549
G1 X67.288 Y172.804 E.14151
G1 X67.818 Y172.847 E.01435
G1 X70.996 Y169.67 E.12126
G1 X70.996 Y170.243 E.01546
G1 X68.276 Y172.963 E.1038
G1 X68.673 Y173.139 E.01172
G1 X70.996 Y170.817 E.08863
G1 X71.201 Y170.694 E.00645
;WIDTH:0.401192
G1 X71.157 Y170.706 E.00111
G1 X71.136 Y170.629 E.00195
G1 X71.213 Y170.65 E.00195
;WIDTH:0.439999
G1 X70.996 Y171.391 E.02084
G1 X70.996 Y176.109 E.12731
G1 X70.901 Y176.093 E.0026
G1 X70.816 Y176.16 E.00292
G1 X70.673 Y176.017 E.00546
G1 X70.488 Y175.961 E.00522
G1 X70.198 Y176.205 E.01023
G1 X70.233 Y175.628 E.0156
G1 X70.149 Y175.004 E.01699
G1 X69.951 Y174.457 E.0157
G1 X69.648 Y173.961 E.01568
G1 X69.283 Y173.561 E.01461
G1 X69.022 Y173.365 E.00881
G1 X70.852 Y171.534 E.06986
G1 X70.59 Y172.37 F9000
G1 F3600
G1 X70.59 Y174.317 E.05254
;WIDTH:0.47309
G1 X70.573 Y174.964 E.01889
G1 X70.543 Y174.864 E.00305
;WIDTH:0.46426
G1 X70.298 Y174.248 E.01896
;WIDTH:0.439999
G1 X70.02 Y173.785 E.01457
G1 X69.625 Y173.335 E.01616
G1 X70.447 Y172.514 E.03135
G1 E-3.5
;WIPE_START
G1 F7200
G1 X69.625 Y173.335 E-.55184
G1 X70.02 Y173.785 E-.28442
G1 X70.298 Y174.248 E-.25652
G1 X70.543 Y174.864 E-.31489
G1 X70.573 Y174.964 E-.04959
G1 X70.575 Y174.874 E-.04274
;WIPE_END
G1 X70.573 Y174.964 F9000
G1 E5 F2400
;WIDTH:0.47309
G1 F3600
G1 X70.593 Y175.272 E.00901
;WIDTH:0.433939
G1 X70.613 Y175.58 E.0082
G1 X70.529 Y176.447 F9000
;WIDTH:0.439999
G1 F3600
G1 X69.904 Y177.072 E.02385
G1 X69.79 Y177.215 E.00493
;WIDTH:0.407168
G1 X69.675 Y177.359 E.00457
;WIDTH:0.374336
G1 X69.546 Y177.51 E.00449
G1 X68.95 Y178.08 E.01865
G1 E-3.5
;WIPE_START
G1 F7200
G1 X69.546 Y177.51 E-.39173
G1 X69.675 Y177.359 E-.09434
G1 X69.79 Y177.215 E-.08754
G1 X69.904 Y177.072 E-.08687
G1 X70.529 Y176.447 E-.41984
;WIPE_END
G1 E-.41968 F3600
G1 X70.986 Y176.563 F9000
G1 E5 F2400
;WIDTH:0.439999
G1 F3600
G1 X63.152 Y184.398 E.29898
G1 X63.725 Y184.398 E.01546
G1 X70.996 Y177.128 E.27746
G1 X70.996 Y177.701 E.01546
G1 X64.299 Y184.398 E.25557
G1 X64.873 Y184.398 E.01549
G1 X70.996 Y178.275 E.23367
G1 X70.996 Y178.849 E.01549
G1 X65.446 Y184.398 E.21178
G1 X66.02 Y184.398 E.01549
G1 X70.996 Y179.423 E.18988
G1 X70.996 Y179.996 E.01546
G1 X66.594 Y184.398 E.16799
G1 X67.167 Y184.398 E.01546
G1 X70.996 Y180.57 E.1461
G1 X70.996 Y181.144 E.01549
G1 X67.741 Y184.398 E.1242
G1 X68.315 Y184.398 E.01549
G1 X70.996 Y181.717 E.10231
G1 X70.996 Y182.291 E.01549
G1 X68.889 Y184.398 E.08041
G1 X68.831 Y184.479 E.00269
;WIDTH:0.407168
G1 X68.774 Y184.56 E.00246
;WIDTH:0.374336
G1 X68.703 Y184.541 E.00166
G1 X68.722 Y184.612 E.00166
G1 X68.763 Y184.601 E.00096
G1 E-3.5
;WIPE_START
G1 F7200
G1 X68.722 Y184.612 E-.02016
G1 X68.703 Y184.541 E-.03491
G1 X68.774 Y184.56 E-.03491
G1 X68.831 Y184.479 E-.04705
G1 X68.889 Y184.398 E-.04732
G1 X70.847 Y182.439 E-1.31565
;WIPE_END
G1 X70.852 Y183.008 F9000
G1 E5 F2400
;WIDTH:0.439999
G1 F3600
G1 X69.462 Y184.398 E.05305
G1 X70.996 Y184.398 E.04139
G1 X70.996 Y182.865 E.04137
G1 X70.606 Y183.933 F9000
;WIDTH:0.526956
G1 F3600
G1 X70.562 Y183.89 E.00202
G1 X70.503 Y183.905 E.00199
G1 X70.487 Y183.965 E.00203
G1 X70.531 Y184.009 E.00204
G1 X70.59 Y183.993 E.002
G1 E-3.5
;WIPE_START
G1 F7200
G1 X70.531 Y184.009 E-.02904
G1 X70.487 Y183.965 E-.02956
G1 X70.503 Y183.905 E-.0295
G1 X70.562 Y183.89 E-.02892
G1 X70.606 Y183.933 E-.02922
;WIPE_END
G1 E-1.35376 F3600
G1 X62.1 Y17.599 F9000
G1 E5 F2400
;WIDTH:0.439999
G1 F3600
G1 X62.263 Y17.773 E.00643
G1 X62.498 Y18.312 E.01587
G1 X62.547 Y18.625 E.00855
G1 X63.727 Y17.451 E.04492
G1 X61.961 Y17.451 E.04766
;LAYER_CHANGE
;Z:0.84
;HEIGHT:0.16
;BEFORE_LAYER_CHANGE
G92 E0
;0.84


G1 E-3.5 F3600
;WIPE_START
G1 F7200
G1 X63.727 Y17.451 E-.83885
G1 X62.74 Y18.432 E-.66115
;WIPE_END
G1 Z.84 F9000
;AFTER_LAYER_CHANGE
;0.84
G1 X67.124 Y98.124
G1 E5 F2400
;TYPE:Perimeter
G1 F1800
G1 X67.155 Y98.119 E.00085
G1 X67.675 Y98.138 E.01404
G1 X68.179 Y98.259 E.01399
G1 X68.65 Y98.479 E.01403
G1 X69.068 Y98.787 E.01401
G1 X69.417 Y99.172 E.01402
G1 X69.683 Y99.618 E.01401
G1 X69.855 Y100.108 E.01401
G1 X69.926 Y100.623 E.01403
G1 X69.894 Y101.141 E.014
G1 X69.76 Y101.643 E.01402
G1 X69.529 Y102.108 E.01401
G1 X69.21 Y102.519 E.01404
G1 X68.817 Y102.858 E.01401
G1 X68.364 Y103.112 E.01401
G1 X67.87 Y103.271 E.014
G1 X67.601 Y103.309 E.00733
G1 X67.039 Y103.309 E.01517
G1 X66.459 Y103.184 E.01601
G1 X65.988 Y102.965 E.01402
G1 X65.57 Y102.657 E.01401
G1 X65.222 Y102.272 E.014
G1 X64.956 Y101.826 E.01401
G1 X64.784 Y101.335 E.01404
G1 X64.713 Y100.821 E.014
G1 X64.745 Y100.302 E.01403
G1 X64.879 Y99.801 E.01399
G1 X65.11 Y99.335 E.01404
G1 X65.271 Y99.117 E.00731
G1 X65.664 Y98.715 E.01517
G1 X66.157 Y98.387 E.01598
G1 X66.643 Y98.203 E.01402
G1 X67.065 Y98.133 E.01154
G1 X67.155 Y98.528 F9000
G1 F1800
G1 X67.206 Y98.521 E.00139
G1 X67.76 Y98.563 E.01499
G1 X68.179 Y98.693 E.01184
G1 X68.564 Y98.903 E.01183
G1 X68.899 Y99.186 E.01183
G1 X69.172 Y99.529 E.01183
G1 X69.372 Y99.92 E.01185
G1 X69.49 Y100.343 E.01185
G1 X69.522 Y100.78 E.01182
G1 X69.467 Y101.216 E.01186
G1 X69.326 Y101.631 E.01183
G1 X69.106 Y102.011 E.01185
G1 X68.816 Y102.34 E.01183
G1 X68.465 Y102.604 E.01185
G1 X68.07 Y102.794 E.01183
G1 X67.6 Y102.903 E.01302
G1 X67.039 Y102.903 E.01514
G1 X66.569 Y102.794 E.01302
G1 X66.075 Y102.54 E.01499
G1 X65.739 Y102.258 E.01184
G1 X65.466 Y101.914 E.01185
G1 X65.267 Y101.524 E.01181
G1 X65.149 Y101.101 E.01185
G1 X65.117 Y100.663 E.01185
G1 X65.172 Y100.228 E.01183
G1 X65.312 Y99.812 E.01184
G1 X65.562 Y99.4 E.013
G1 X65.954 Y98.998 E.01515
G1 X66.36 Y98.738 E.01301
G1 X66.886 Y98.561 E.01498
G1 X67.095 Y98.535 E.00568
G1 X67.095 Y98.934 F9000
;TYPE:External perimeter
;WIDTH:0.419999
G1 F1800
G1 X67.255 Y98.914 E.00414
G1 X67.652 Y98.944 E.01021
G1 X67.998 Y99.045 E.00925
G1 X68.317 Y99.213 E.00925
G1 X68.596 Y99.44 E.00923
G1 X68.825 Y99.719 E.00926
G1 X68.994 Y100.037 E.00924
G1 X69.096 Y100.382 E.00923
G1 X69.128 Y100.741 E.00925
G1 X69.089 Y101.099 E.00924
G1 X68.979 Y101.442 E.00924
G1 X68.803 Y101.757 E.00926
G1 X68.569 Y102.03 E.00922
G1 X68.285 Y102.252 E.00925
G1 X67.962 Y102.413 E.00926
G1 X67.6 Y102.507 E.00959
G1 X67.039 Y102.507 E.01439
G1 X66.641 Y102.399 E.01058
G1 X66.322 Y102.231 E.00925
G1 X66.042 Y102.004 E.00925
G1 X65.814 Y101.725 E.00924
G1 X65.645 Y101.407 E.00924
G1 X65.542 Y101.062 E.00924
G1 X65.51 Y100.703 E.00925
G1 X65.55 Y100.345 E.00924
G1 X65.66 Y100.001 E.00927
G1 X65.845 Y99.676 E.00959
G1 X66.237 Y99.274 E.0144
G1 X66.593 Y99.065 E.01059
G1 X66.936 Y98.954 E.00925
G1 X67.036 Y98.941 E.00259
G1 E-3.5 F3600
;WIPE_START
G1 F7200
G1 X67.095 Y98.934 E-.02822
G1 X67.255 Y98.914 E-.07659
G1 X67.652 Y98.944 E-.18911
G1 X67.998 Y99.045 E-.17121
G1 X68.317 Y99.213 E-.17125
G1 X68.596 Y99.44 E-.17085
G1 X68.825 Y99.719 E-.17145
G1 X68.994 Y100.037 E-.17106
G1 X69.096 Y100.382 E-.17089
G1 X69.128 Y100.741 E-.1712
G1 X69.126 Y100.758 E-.00817
;WIPE_END
G1 X24.921 Y100.589 F9000
G1 E5 F2400
;TYPE:Perimeter
;WIDTH:0.439999
G1 F1800
G1 X24.926 Y100.623 E.00093
G1 X24.894 Y101.141 E.014
G1 X24.76 Y101.643 E.01402
G1 X24.529 Y102.108 E.01401
G1 X24.21 Y102.519 E.01404
G1 X23.817 Y102.858 E.01401
G1 X23.364 Y103.112 E.01401
G1 X22.87 Y103.271 E.014
G1 X22.601 Y103.309 E.00733
G1 X22.039 Y103.309 E.01517
G1 X21.459 Y103.184 E.01601
G1 X20.988 Y102.965 E.01402
G1 X20.57 Y102.657 E.01401
G1 X20.222 Y102.272 E.014
G1 X19.956 Y101.826 E.01401
G1 X19.784 Y101.335 E.01404
G1 X19.713 Y100.821 E.014
G1 X19.745 Y100.302 E.01403
G1 X19.879 Y99.801 E.01399
G1 X20.11 Y99.335 E.01404
G1 X20.271 Y99.117 E.00731
G1 X20.664 Y98.715 E.01517
G1 X21.157 Y98.387 E.01598
G1 X21.643 Y98.203 E.01402
G1 X22.155 Y98.119 E.014
G1 X22.675 Y98.138 E.01404
G1 X23.179 Y98.259 E.01399
G1 X23.65 Y98.479 E.01403
G1 X24.068 Y98.787 E.01401
G1 X24.417 Y99.172 E.01402
G1 X24.683 Y99.618 E.01401
G1 X24.855 Y100.108 E.01401
G1 X24.913 Y100.529 E.01147
G1 X24.51 Y100.611 F9000
G1 F1800
G1 X24.522 Y100.78 E.00457
G1 X24.467 Y101.216 E.01186
G1 X24.326 Y101.631 E.01183
G1 X24.106 Y102.011 E.01185
G1 X23.816 Y102.34 E.01183
G1 X23.465 Y102.604 E.01185
G1 X23.07 Y102.794 E.01183
G1 X22.6 Y102.903 E.01302
G1 X22.039 Y102.903 E.01514
G1 X21.569 Y102.794 E.01302
G1 X21.075 Y102.54 E.01499
G1 X20.739 Y102.258 E.01184
G1 X20.466 Y101.914 E.01185
G1 X20.267 Y101.524 E.01181
G1 X20.149 Y101.101 E.01185
G1 X20.117 Y100.78 E.00871
G1 X20.172 Y100.228 E.01497
G1 X20.312 Y99.812 E.01184
G1 X20.562 Y99.4 E.013
G1 X20.954 Y98.998 E.01515
G1 X21.36 Y98.738 E.01301
G1 X21.886 Y98.561 E.01498
G1 X22.323 Y98.518 E.01185
G1 X22.76 Y98.563 E.01185
G1 X23.179 Y98.693 E.01184
G1 X23.564 Y98.903 E.01183
G1 X23.899 Y99.186 E.01183
G1 X24.172 Y99.529 E.01183
G1 X24.372 Y99.92 E.01185
G1 X24.49 Y100.343 E.01185
G1 X24.505 Y100.551 E.00563
G1 X24.111 Y100.543 F9000
;TYPE:External perimeter
;WIDTH:0.419999
G1 F1800
G1 X24.128 Y100.741 E.0051
G1 X24.089 Y101.099 E.00924
G1 X23.979 Y101.442 E.00924
G1 X23.803 Y101.757 E.00926
G1 X23.569 Y102.03 E.00922
G1 X23.285 Y102.252 E.00925
G1 X22.962 Y102.413 E.00926
G1 X22.6 Y102.507 E.00959
G1 X22.039 Y102.507 E.01439
G1 X21.641 Y102.399 E.01058
G1 X21.322 Y102.231 E.00925
G1 X21.042 Y102.004 E.00925
G1 X20.814 Y101.725 E.00924
G1 X20.645 Y101.407 E.00924
G1 X20.542 Y101.062 E.00924
G1 X20.51 Y100.741 E.00828
G1 X20.55 Y100.345 E.01021
G1 X20.66 Y100.001 E.00927
G1 X20.845 Y99.676 E.00959
G1 X21.237 Y99.274 E.0144
G1 X21.593 Y99.065 E.01059
G1 X21.936 Y98.954 E.00925
G1 X22.293 Y98.913 E.00922
G1 X22.652 Y98.944 E.00924
G1 X22.998 Y99.045 E.00925
G1 X23.317 Y99.213 E.00925
G1 X23.596 Y99.44 E.00923
G1 X23.825 Y99.719 E.00926
G1 X23.994 Y100.037 E.00924
G1 X24.096 Y100.382 E.00923
G1 X24.105 Y100.483 E.0026
G1 E-3.5 F3600
;WIPE_START
G1 F7200
G1 X24.111 Y100.543 E-.02864
G1 X24.128 Y100.741 E-.0944
G1 X24.089 Y101.099 E-.17106
G1 X23.979 Y101.442 E-.1711
G1 X23.803 Y101.757 E-.1714
G1 X23.569 Y102.03 E-.17079
G1 X23.285 Y102.252 E-.17122
G1 X22.962 Y102.413 E-.17143
G1 X22.6 Y102.507 E-.17765
G1 X22.237 Y102.507 E-.17231
;WIPE_END
G1 X22.384 Y28.321 F9000
G1 E5 F2400
;TYPE:Perimeter
;WIDTH:0.439999
G1 F1800
G1 X21.964 Y28.306 E.01134
G1 X21.459 Y28.184 E.01402
G1 X20.988 Y27.965 E.01402
G1 X20.57 Y27.657 E.01401
G1 X20.222 Y27.272 E.014
G1 X19.956 Y26.826 E.01401
G1 X19.784 Y26.335 E.01404
G1 X19.74 Y26.067 E.00733
G1 X19.726 Y25.505 E.01517
G1 X19.836 Y24.923 E.01598
G1 X20.044 Y24.447 E.01402
G1 X20.341 Y24.022 E.01399
G1 X20.717 Y23.663 E.01403
G1 X21.157 Y23.387 E.01402
G1 X21.643 Y23.203 E.01402
G1 X22.155 Y23.119 E.014
G1 X22.674 Y23.138 E.01401
G1 X23.179 Y23.259 E.01401
G1 X23.65 Y23.479 E.01403
G1 X24.068 Y23.787 E.01401
G1 X24.417 Y24.172 E.01402
G1 X24.683 Y24.618 E.01401
G1 X24.855 Y25.108 E.01401
G1 X24.926 Y25.623 E.01403
G1 X24.894 Y26.141 E.014
G1 X24.76 Y26.643 E.01402
G1 X24.529 Y27.108 E.01401
G1 X24.367 Y27.327 E.00735
G1 X23.975 Y27.729 E.01515
G1 X23.482 Y28.057 E.01598
G1 X22.996 Y28.241 E.01402
G1 X22.483 Y28.325 E.01403
G1 X22.444 Y28.324 E.00105
G1 X22.374 Y27.918 F9000
G1 F1800
G1 X21.879 Y27.881 E.01339
G1 X21.46 Y27.751 E.01184
G1 X21.075 Y27.54 E.01185
G1 X20.739 Y27.258 E.01184
G1 X20.466 Y26.914 E.01185
G1 X20.267 Y26.524 E.01181
G1 X20.146 Y26.057 E.01302
G1 X20.132 Y25.495 E.01517
G1 X20.229 Y25.024 E.01298
G1 X20.47 Y24.523 E.015
G1 X20.744 Y24.181 E.01183
G1 X21.081 Y23.899 E.01186
G1 X21.467 Y23.69 E.01184
G1 X22 Y23.547 E.01489
G1 X22.323 Y23.518 E.00875
G1 X22.76 Y23.563 E.01185
G1 X23.179 Y23.693 E.01184
G1 X23.564 Y23.903 E.01183
G1 X23.899 Y24.186 E.01183
G1 X24.172 Y24.529 E.01183
G1 X24.372 Y24.92 E.01185
G1 X24.49 Y25.343 E.01185
G1 X24.522 Y25.78 E.01182
G1 X24.467 Y26.216 E.01186
G1 X24.326 Y26.631 E.01183
G1 X24.077 Y27.044 E.01301
G1 X23.685 Y27.446 E.01515
G1 X23.279 Y27.706 E.01301
G1 X22.752 Y27.882 E.01499
G1 X22.434 Y27.922 E.00865
G1 X22.454 Y27.521 F9000
;TYPE:External perimeter
;WIDTH:0.419999
G1 F1800
G1 X22.384 Y27.53 E.00181
G1 X21.986 Y27.5 E.01024
G1 X21.641 Y27.399 E.00922
G1 X21.322 Y27.231 E.00925
G1 X21.042 Y27.004 E.00925
G1 X20.814 Y26.725 E.00924
G1 X20.645 Y26.407 E.00924
G1 X20.541 Y26.047 E.00961
G1 X20.527 Y25.485 E.01442
G1 X20.626 Y25.085 E.01057
G1 X20.786 Y24.762 E.00925
G1 X21.006 Y24.477 E.00924
G1 X21.279 Y24.242 E.00924
G1 X21.593 Y24.065 E.00925
G1 X22.049 Y23.94 E.01213
G1 X22.293 Y23.913 E.0063
G1 X22.652 Y23.944 E.00924
G1 X22.998 Y24.045 E.00925
G1 X23.317 Y24.213 E.00925
G1 X23.596 Y24.44 E.00923
G1 X23.825 Y24.719 E.00926
G1 X23.994 Y25.037 E.00924
G1 X24.096 Y25.382 E.00923
G1 X24.128 Y25.741 E.00925
G1 X24.089 Y26.099 E.00924
G1 X23.979 Y26.442 E.00924
G1 X23.794 Y26.767 E.00959
G1 X23.401 Y27.17 E.01444
G1 X23.046 Y27.379 E.01057
G1 X22.703 Y27.49 E.00925
G1 X22.514 Y27.514 E.00489
G1 E-3.5 F3600
;WIPE_START
G1 F7200
G1 X22.454 Y27.521 E-.02869
G1 X22.384 Y27.53 E-.03352
G1 X21.986 Y27.5 E-.18959
G1 X21.641 Y27.399 E-.17075
G1 X21.322 Y27.231 E-.17125
G1 X21.042 Y27.004 E-.17122
G1 X20.814 Y26.725 E-.17115
G1 X20.645 Y26.407 E-.17106
G1 X20.541 Y26.047 E-.17799
G1 X20.53 Y25.595 E-.21478
;WIPE_END
G1 X64.735 Y25.851 F9000
G1 E5 F2400
;TYPE:Perimeter
;WIDTH:0.439999
G1 F1800
G1 X64.726 Y25.505 E.00934
G1 X64.836 Y24.923 E.01598
G1 X65.044 Y24.447 E.01402
G1 X65.341 Y24.022 E.01399
G1 X65.717 Y23.663 E.01403
G1 X66.157 Y23.387 E.01402
G1 X66.643 Y23.203 E.01402
G1 X67.155 Y23.119 E.014
G1 X67.674 Y23.138 E.01401
G1 X68.179 Y23.259 E.01401
G1 X68.65 Y23.479 E.01403
G1 X69.068 Y23.787 E.01401
G1 X69.417 Y24.172 E.01402
G1 X69.683 Y24.618 E.01401
G1 X69.855 Y25.108 E.01401
G1 X69.926 Y25.623 E.01403
G1 X69.894 Y26.141 E.014
G1 X69.76 Y26.643 E.01402
G1 X69.529 Y27.108 E.01401
G1 X69.367 Y27.327 E.00735
G1 X68.975 Y27.729 E.01515
G1 X68.482 Y28.057 E.01598
G1 X67.996 Y28.241 E.01402
G1 X67.483 Y28.325 E.01403
G1 X66.964 Y28.306 E.01401
G1 X66.459 Y28.184 E.01402
G1 X65.988 Y27.965 E.01402
G1 X65.57 Y27.657 E.01401
G1 X65.222 Y27.272 E.014
G1 X64.956 Y26.826 E.01401
G1 X64.784 Y26.335 E.01404
G1 X64.74 Y26.067 E.00733
G1 X64.736 Y25.911 E.00421
G1 X65.14 Y25.831 F9000
G1 F1800
G1 X65.132 Y25.495 E.00907
G1 X65.229 Y25.024 E.01298
G1 X65.409 Y24.623 E.01186
G1 X65.744 Y24.181 E.01497
G1 X66.081 Y23.899 E.01186
G1 X66.467 Y23.69 E.01184
G1 X66.886 Y23.561 E.01183
G1 X67.323 Y23.518 E.01185
G1 X67.76 Y23.563 E.01185
G1 X68.179 Y23.693 E.01184
G1 X68.564 Y23.903 E.01183
G1 X68.899 Y24.186 E.01183
G1 X69.172 Y24.529 E.01183
G1 X69.372 Y24.92 E.01185
G1 X69.49 Y25.343 E.01185
G1 X69.522 Y25.78 E.01182
G1 X69.467 Y26.216 E.01186
G1 X69.326 Y26.631 E.01183
G1 X69.077 Y27.044 E.01301
G1 X68.685 Y27.446 E.01515
G1 X68.279 Y27.706 E.01301
G1 X67.752 Y27.882 E.01499
G1 X67.316 Y27.925 E.01182
G1 X66.879 Y27.881 E.01185
G1 X66.46 Y27.751 E.01184
G1 X66.075 Y27.54 E.01185
G1 X65.739 Y27.258 E.01184
G1 X65.466 Y26.914 E.01185
G1 X65.267 Y26.524 E.01181
G1 X65.146 Y26.057 E.01302
G1 X65.142 Y25.891 E.00448
G1 X65.538 Y25.9 F9000
;TYPE:External perimeter
;WIDTH:0.419999
G1 F1800
G1 X65.527 Y25.485 E.01065
G1 X65.626 Y25.085 E.01057
G1 X65.766 Y24.795 E.00826
G1 X66.006 Y24.477 E.01022
G1 X66.279 Y24.242 E.00924
G1 X66.593 Y24.065 E.00925
G1 X66.936 Y23.954 E.00925
G1 X67.293 Y23.913 E.00922
G1 X67.652 Y23.944 E.00924
G1 X67.998 Y24.045 E.00925
G1 X68.317 Y24.213 E.00925
G1 X68.596 Y24.44 E.00923
G1 X68.825 Y24.719 E.00926
G1 X68.994 Y25.037 E.00924
G1 X69.096 Y25.382 E.00923
G1 X69.128 Y25.741 E.00925
G1 X69.089 Y26.099 E.00924
G1 X68.979 Y26.442 E.00924
G1 X68.794 Y26.767 E.00959
G1 X68.401 Y27.17 E.01444
G1 X68.046 Y27.379 E.01057
G1 X67.703 Y27.49 E.00925
G1 X67.345 Y27.531 E.00924
G1 X66.986 Y27.5 E.00924
G1 X66.641 Y27.399 E.00922
G1 X66.322 Y27.231 E.00925
G1 X66.042 Y27.004 E.00925
G1 X65.814 Y26.725 E.00924
G1 X65.645 Y26.407 E.00924
G1 X65.541 Y26.047 E.00961
G1 X65.539 Y25.96 E.00223
G1 E-3.5 F3600
;WIPE_START
G1 F7200
G1 X65.538 Y25.9 E-.0285
G1 X65.527 Y25.485 E-.19719
G1 X65.626 Y25.085 E-.19573
G1 X65.766 Y24.795 E-.15296
G1 X66.006 Y24.477 E-.18924
G1 X66.279 Y24.242 E-.1711
G1 X66.593 Y24.065 E-.17121
G1 X66.936 Y23.954 E-.17124
G1 X67.293 Y23.913 E-.17069
G1 X67.402 Y23.922 E-.05214
;WIPE_END
G1 X67.255 Y173.122 F9000
G1 E5 F2400
;TYPE:Perimeter
;WIDTH:0.439999
G1 F1800
G1 X67.674 Y173.138 E.01131
G1 X68.179 Y173.259 E.01401
G1 X68.65 Y173.479 E.01403
G1 X69.068 Y173.787 E.01401
G1 X69.417 Y174.172 E.01402
G1 X69.683 Y174.618 E.01401
G1 X69.894 Y175.302 E.01932
G1 X69.926 Y175.821 E.01403
G1 X69.855 Y176.335 E.014
G1 X69.683 Y176.825 E.01401
G1 X69.367 Y177.327 E.01601
G1 X68.975 Y177.729 E.01515
G1 X68.482 Y178.057 E.01598
G1 X67.996 Y178.241 E.01402
G1 X67.483 Y178.325 E.01403
G1 X66.964 Y178.306 E.01401
G1 X66.459 Y178.184 E.01402
G1 X65.988 Y177.965 E.01402
G1 X65.57 Y177.657 E.01401
G1 X65.222 Y177.272 E.014
G1 X64.956 Y176.826 E.01401
G1 X64.784 Y176.335 E.01404
G1 X64.74 Y176.067 E.00733
G1 X64.726 Y175.505 E.01517
G1 X64.836 Y174.923 E.01598
G1 X65.044 Y174.447 E.01402
G1 X65.341 Y174.022 E.01399
G1 X65.717 Y173.663 E.01403
G1 X66.157 Y173.387 E.01402
G1 X66.643 Y173.203 E.01402
G1 X67.155 Y173.119 E.014
G1 X67.195 Y173.12 E.00108
G1 X67.264 Y173.524 F9000
G1 F1800
G1 X67.323 Y173.518 E.0016
G1 X67.76 Y173.563 E.01185
G1 X68.179 Y173.693 E.01184
G1 X68.564 Y173.903 E.01183
G1 X68.899 Y174.186 E.01183
G1 X69.172 Y174.529 E.01183
G1 X69.372 Y174.92 E.01185
G1 X69.49 Y175.343 E.01185
G1 X69.522 Y175.78 E.01182
G1 X69.467 Y176.216 E.01186
G1 X69.326 Y176.631 E.01183
G1 X69.077 Y177.044 E.01301
G1 X68.685 Y177.446 E.01515
G1 X68.279 Y177.706 E.01301
G1 X67.752 Y177.882 E.01499
G1 X67.316 Y177.925 E.01182
G1 X66.879 Y177.881 E.01185
G1 X66.46 Y177.751 E.01184
G1 X66.075 Y177.54 E.01185
G1 X65.739 Y177.258 E.01184
G1 X65.466 Y176.914 E.01185
G1 X65.267 Y176.524 E.01181
G1 X65.146 Y176.057 E.01302
G1 X65.132 Y175.495 E.01517
G1 X65.229 Y175.023 E.013
G1 X65.47 Y174.523 E.01498
G1 X65.744 Y174.181 E.01183
G1 X66.081 Y173.899 E.01186
G1 X66.467 Y173.69 E.01184
G1 X66.886 Y173.561 E.01183
G1 X67.205 Y173.53 E.00865
G1 X67.185 Y173.925 F9000
;TYPE:External perimeter
;WIDTH:0.419999
G1 F1800
G1 X67.293 Y173.913 E.00279
G1 X67.652 Y173.944 E.00924
G1 X67.998 Y174.045 E.00925
G1 X68.317 Y174.213 E.00925
G1 X68.596 Y174.44 E.00923
G1 X68.825 Y174.719 E.00926
G1 X68.994 Y175.037 E.00924
G1 X69.096 Y175.382 E.00923
G1 X69.128 Y175.741 E.00925
G1 X69.089 Y176.099 E.00924
G1 X68.979 Y176.442 E.00924
G1 X68.794 Y176.767 E.00959
G1 X68.401 Y177.17 E.01444
G1 X68.046 Y177.379 E.01057
G1 X67.59 Y177.504 E.01213
G1 X67.345 Y177.531 E.00632
G1 X66.986 Y177.5 E.00924
G1 X66.641 Y177.399 E.00922
G1 X66.322 Y177.231 E.00925
G1 X66.042 Y177.004 E.00925
G1 X65.814 Y176.725 E.00924
G1 X65.645 Y176.407 E.00924
G1 X65.541 Y176.047 E.00961
G1 X65.527 Y175.485 E.01442
G1 X65.626 Y175.085 E.01057
G1 X65.786 Y174.762 E.00925
G1 X66.006 Y174.477 E.00924
G1 X66.279 Y174.242 E.00924
G1 X66.593 Y174.065 E.00925
G1 X66.936 Y173.954 E.00925
G1 X67.125 Y173.932 E.00488
G1 E-3.5 F3600
;WIPE_START
G1 F7200
G1 X67.185 Y173.925 E-.02869
G1 X67.293 Y173.913 E-.05162
G1 X67.652 Y173.944 E-.17116
G1 X67.998 Y174.045 E-.17121
G1 X68.317 Y174.213 E-.17125
G1 X68.596 Y174.44 E-.17085
G1 X68.825 Y174.719 E-.17145
G1 X68.994 Y175.037 E-.17106
G1 X69.096 Y175.382 E-.17089
G1 X69.128 Y175.741 E-.1712
G1 X69.116 Y175.847 E-.05062
;WIPE_END
G1 X24.921 Y175.589 F9000
G1 E5 F2400
;TYPE:Perimeter
;WIDTH:0.439999
G1 F1800
G1 X24.926 Y175.623 E.00093
G1 X24.894 Y176.141 E.014
G1 X24.76 Y176.643 E.01402
G1 X24.367 Y177.327 E.02129
G1 X23.975 Y177.729 E.01515
G1 X23.482 Y178.057 E.01598
G1 X22.996 Y178.241 E.01402
G1 X22.483 Y178.325 E.01403
G1 X21.964 Y178.306 E.01401
G1 X21.459 Y178.184 E.01402
G1 X20.988 Y177.965 E.01402
G1 X20.57 Y177.657 E.01401
G1 X20.222 Y177.272 E.014
G1 X19.956 Y176.826 E.01401
G1 X19.784 Y176.335 E.01404
G1 X19.74 Y176.067 E.00733
G1 X19.726 Y175.505 E.01517
G1 X19.836 Y174.923 E.01598
G1 X20.044 Y174.447 E.01402
G1 X20.341 Y174.022 E.01399
G1 X20.717 Y173.663 E.01403
G1 X21.157 Y173.387 E.01402
G1 X21.643 Y173.203 E.01402
G1 X22.155 Y173.119 E.014
G1 X22.674 Y173.138 E.01401
G1 X23.179 Y173.259 E.01401
G1 X23.65 Y173.479 E.01403
G1 X24.068 Y173.787 E.01401
G1 X24.417 Y174.172 E.01402
G1 X24.683 Y174.618 E.01401
G1 X24.855 Y175.108 E.01401
G1 X24.913 Y175.529 E.01147
G1 X24.51 Y175.611 F9000
G1 F1800
G1 X24.522 Y175.78 E.00457
G1 X24.467 Y176.216 E.01186
G1 X24.326 Y176.631 E.01183
G1 X24.077 Y177.044 E.01301
G1 X23.685 Y177.446 E.01515
G1 X23.178 Y177.752 E.01598
G1 X22.752 Y177.882 E.01202
G1 X22.316 Y177.925 E.01182
G1 X21.879 Y177.881 E.01185
G1 X21.46 Y177.751 E.01184
G1 X21.075 Y177.54 E.01185
G1 X20.739 Y177.258 E.01184
G1 X20.466 Y176.914 E.01185
G1 X20.267 Y176.524 E.01181
G1 X20.146 Y176.057 E.01302
G1 X20.132 Y175.495 E.01517
G1 X20.229 Y175.023 E.013
G1 X20.47 Y174.523 E.01498
G1 X20.744 Y174.181 E.01183
G1 X21.081 Y173.899 E.01186
G1 X21.467 Y173.69 E.01184
G1 X21.886 Y173.561 E.01183
G1 X22.323 Y173.518 E.01185
G1 X22.76 Y173.563 E.01185
G1 X23.179 Y173.693 E.01184
G1 X23.564 Y173.903 E.01183
G1 X23.899 Y174.186 E.01183
G1 X24.172 Y174.529 E.01183
G1 X24.372 Y174.92 E.01185
G1 X24.49 Y175.343 E.01185
G1 X24.505 Y175.551 E.00563
G1 X24.111 Y175.543 F9000
;TYPE:External perimeter
;WIDTH:0.419999
G1 F1800
G1 X24.128 Y175.741 E.0051
G1 X24.089 Y176.099 E.00924
G1 X23.979 Y176.442 E.00924
G1 X23.794 Y176.767 E.00959
G1 X23.401 Y177.17 E.01444
G1 X23.046 Y177.379 E.01057
G1 X22.703 Y177.49 E.00925
G1 X22.345 Y177.531 E.00924
G1 X21.986 Y177.5 E.00924
G1 X21.641 Y177.399 E.00922
G1 X21.322 Y177.231 E.00925
G1 X21.042 Y177.004 E.00925
G1 X20.814 Y176.725 E.00924
G1 X20.645 Y176.407 E.00924
G1 X20.541 Y176.047 E.00961
G1 X20.527 Y175.485 E.01442
G1 X20.626 Y175.085 E.01057
G1 X20.786 Y174.762 E.00925
G1 X21.006 Y174.477 E.00924
G1 X21.279 Y174.242 E.00924
G1 X21.593 Y174.065 E.00925
G1 X21.936 Y173.954 E.00925
G1 X22.293 Y173.913 E.00922
G1 X22.652 Y173.944 E.00924
G1 X22.998 Y174.045 E.00925
G1 X23.317 Y174.213 E.00925
G1 X23.596 Y174.44 E.00923
G1 X23.825 Y174.719 E.00926
G1 X23.994 Y175.037 E.00924
G1 X24.096 Y175.382 E.00923
G1 X24.105 Y175.483 E.0026
G1 E-3.5 F3600
;WIPE_START
G1 F7200
G1 X24.111 Y175.543 E-.02864
G1 X24.128 Y175.741 E-.0944
G1 X24.089 Y176.099 E-.17106
G1 X23.979 Y176.442 E-.1711
G1 X23.794 Y176.767 E-.17763
G1 X23.401 Y177.17 E-.26738
G1 X23.046 Y177.379 E-.19568
G1 X22.703 Y177.49 E-.17124
G1 X22.345 Y177.531 E-.17116
G1 X22.237 Y177.522 E-.05171
;WIPE_END
G1 X27.808 Y184.711 F9000
G1 E5 F2400
;TYPE:Perimeter
;WIDTH:0.439999
G1 F3600
G1 X18.331 Y184.711 E.25574
G1 X18.331 Y16.733 E4.53286
G1 X71.308 Y16.733 E1.42957
G1 X71.308 Y184.711 E4.53286
G1 X61.831 Y184.711 E.25574
G1 X61.831 Y18.705 E4.47964
G1 X61.791 Y18.426 E.00761
G1 X61.632 Y18.108 E.00959
G1 X61.304 Y17.827 E.01165
G1 X60.837 Y17.711 E.01298
G1 X28.674 Y17.711 E.86791
G1 X28.334 Y17.827 E.00969
G1 X28.007 Y18.108 E.01163
G1 X27.848 Y18.426 E.00959
G1 X27.808 Y18.705 E.00761
G1 X27.808 Y184.651 E4.47802
G1 X28.214 Y185.116 F9000
G1 F3600
G1 X17.925 Y185.116 E.27765
G1 X17.925 Y16.328 E4.55471
G1 X71.714 Y16.328 E1.45149
G1 X71.714 Y185.116 E4.55471
G1 X61.425 Y185.116 E.27765
G1 X61.425 Y18.587 E4.49375
G1 X61.307 Y18.352 E.0071
G1 X61.113 Y18.185 E.00691
G1 X60.837 Y18.116 E.00768
G1 X28.802 Y18.116 E.86446
G1 X28.525 Y18.185 E.0077
G1 X28.331 Y18.352 E.00691
G1 X28.237 Y18.54 E.00567
G1 X28.214 Y18.705 E.0045
G1 X28.214 Y185.056 E4.48895
G1 X28.609 Y185.512 F9000
;TYPE:External perimeter
;WIDTH:0.419999
G1 F1800
G1 X17.529 Y185.512 E.28425
G1 X17.529 Y15.932 E4.35047
G1 X72.109 Y15.932 E1.40022
G1 X72.109 Y185.512 E4.35047
G1 X61.029 Y185.512 E.28425
G1 X61.029 Y18.705 E4.27933
G1 X60.991 Y18.589 E.00313
G1 X60.837 Y18.512 E.00442
G1 X28.802 Y18.512 E.82184
G1 X28.648 Y18.589 E.00442
G1 X28.609 Y18.705 E.00314
G1 X28.609 Y185.452 E4.2778
G1 E-3.5 F3600
;WIPE_START
G1 F7200
G1 X28.609 Y185.512 E-.0285
G1 X25.511 Y185.512 E-1.4715
;WIPE_END
G1 X25.628 Y100.781 F9000
G1 E5 F2400
;TYPE:Solid infill
;WIDTH:0.43999
G1 F3600
G1 X25.615 Y101.132 E.00948
G1 X27.09 Y102.607 E.05629
G1 X27.09 Y102.033 E.01549
G1 X25.635 Y100.579 E.05551
G1 E-3.5
;WIPE_START
G1 F7200
G1 X27.09 Y102.033 E-.97706
G1 X27.09 Y102.607 E-.27265
G1 X26.717 Y102.234 E-.25029
;WIPE_END
G1 X18.788 Y176.065 F9000
G1 E5 F2400
;WIDTH:0.439999
G1 F3600
G1 X18.968 Y176.004 E.00513
G1 X19.237 Y176.219 E.00929
G1 X19.527 Y176.508 E.01105
G1 X19.428 Y176.068 E.01217
G1 X19.414 Y175.49 E.0156
G1 X19.53 Y174.863 E.01721
G1 X19.757 Y174.324 E.01578
G1 X20.085 Y173.844 E.01569
G1 X20.501 Y173.438 E.01569
G1 X20.99 Y173.123 E.0157
G1 X21.214 Y173.032 E.00652
G1 X18.643 Y170.461 E.09812
G1 X18.643 Y176.206 E.15503
G1 X19.03 Y175.622 E.01891
;WIDTH:0.410104
G1 X19.034 Y175.373 E.00622
;WIDTH:0.439999
G1 X19.049 Y174.778 E.01606
G1 X19.049 Y171.441 E.09005
G1 X20.537 Y172.93 E.0568
G1 X20.22 Y173.145 E.01034
G1 X19.751 Y173.613 E.01788
G1 X19.384 Y174.163 E.01784
G1 X19.131 Y174.786 E.01814
G1 X19.067 Y175.173 E.01058
G1 X19.447 Y173.358 F9000
;WIDTH:0.425801
G1 F3600
G1 X19.447 Y172.403 E.02487
G1 X19.923 Y172.878 E.01751
G1 X19.59 Y173.214 E.01232
G1 E-3.5
;WIPE_START
G1 F7200
G1 X19.923 Y172.878 E-.2247
G1 X19.447 Y172.403 E-.31942
G1 X19.447 Y173.358 E-.45363
;WIPE_END
G1 E-.50225 F3600
G1 X21.639 Y172.884 F9000
G1 E5 F2400
;WIDTH:0.439999
G1 F3600
G1 X18.643 Y169.888 E.11433
G1 X18.502 Y169.7 E.00634
;WIDTH:0.397794
G1 X18.514 Y169.744 E.0011
G1 X18.438 Y169.764 E.0019
G1 X18.458 Y169.688 E.0019
;WIDTH:0.439999
G1 X18.643 Y169.314 E.01126
G1 X22.137 Y172.808 E.13334
G1 X23.01 Y172.946 F9000
;WIDTH:0.374336
G1 F3600
G1 X22.991 Y173.017 E.00166
G1 X23.062 Y172.998 E.00166
G1 X23.051 Y172.957 E.00096
;WIDTH:0.407168
G1 X22.892 Y172.894 E.00424
;WIDTH:0.439999
G1 X22.734 Y172.831 E.00459
G1 X18.643 Y168.74 E.15612
G1 X18.643 Y168.167 E.01546
G1 X23.555 Y173.079 E.18745
G1 X23.842 Y173.296 E.00971
;WIDTH:0.374336
G1 X24.219 Y173.62 E.01124
G1 X24.604 Y174.024 E.01262
G1 E-3.5
;WIPE_START
G1 F7200
G1 X24.219 Y173.62 E-.26508
G1 X23.842 Y173.296 E-.23612
G1 X23.555 Y173.079 E-.17091
G1 X22.323 Y171.846 E-.82789
;WIPE_END
G1 X18.737 Y184.304 F9000
G1 E5 F2400
;WIDTH:0.538422
G1 F3600
G1 X18.753 Y184.365 E.00211
G1 X18.709 Y184.41 E.00211
G1 X18.648 Y184.394 E.00211
G1 X18.631 Y184.333 E.00212
G1 X18.676 Y184.288 E.00213
;WIDTH:0.439999
G1 X19.385 Y184.398 E.01936
G1 X18.643 Y183.656 E.02832
G1 X18.502 Y183.468 E.00634
;WIDTH:0.402592
G1 X18.514 Y183.513 E.00114
G1 X18.437 Y183.533 E.00195
G1 X18.458 Y183.456 E.00196
;WIDTH:0.439999
G1 X18.643 Y183.083 E.01124
G1 X19.958 Y184.398 E.05018
G1 X20.532 Y184.398 E.01549
G1 X18.643 Y182.509 E.07209
G1 X18.643 Y181.935 E.01549
G1 X21.106 Y184.398 E.09399
G1 X21.68 Y184.398 E.01549
G1 X18.643 Y181.362 E.11588
G1 X18.643 Y180.788 E.01549
G1 X22.253 Y184.398 E.13777
G1 X22.827 Y184.398 E.01549
G1 X18.643 Y180.214 E.15967
G1 X18.643 Y179.641 E.01546
G1 X23.401 Y184.398 E.18156
G1 X23.974 Y184.398 E.01546
G1 X18.643 Y179.067 E.20344
G1 X18.643 Y178.493 E.01549
G1 X24.548 Y184.398 E.22535
G1 X25.122 Y184.398 E.01549
G1 X18.643 Y177.919 E.24725
G1 X18.643 Y177.346 E.01546
G1 X25.695 Y184.398 E.26912
G1 X26.269 Y184.398 E.01549
G1 X18.643 Y176.772 E.29103
G1 X18.936 Y176.491 E.01095
G1 X26.843 Y184.398 E.30175
G1 X27.63 Y184.533 E.02155
;WIDTH:0.374336
G1 X27.648 Y184.312 E.00501
;WIDTH:0.407168
G1 X27.532 Y184.355 E.00307
;WIDTH:0.439999
G1 X27.416 Y184.398 E.00334
G1 X21.546 Y178.528 E.22401
G1 X21.418 Y178.424 E.00445
;WIDTH:0.407168
G1 X21.29 Y178.32 E.00409
;WIDTH:0.374336
G1 X21.301 Y178.361 E.00096
G1 X21.229 Y178.38 E.00168
G1 X21.249 Y178.309 E.00167
G1 X22.228 Y178.636 F9000
;WIDTH:0.439999
G1 F3600
G1 X27.496 Y183.904 E.20104
G1 X27.496 Y183.33 E.01549
G1 X22.767 Y178.601 E.18047
G1 X23.227 Y178.487 E.01279
G1 X27.496 Y182.756 E.16291
G1 X27.496 Y182.183 E.01546
G1 X23.63 Y178.317 E.14754
G1 X23.994 Y178.107 E.01134
G1 X27.496 Y181.609 E.13364
G1 X27.496 Y181.035 E.01549
G1 X24.302 Y177.841 E.12189
G1 X24.585 Y177.551 E.01093
G1 X27.496 Y180.461 E.11107
G1 X27.496 Y179.888 E.01546
G1 X24.825 Y177.217 E.10193
G1 X25.017 Y176.835 E.01154
G1 X27.496 Y179.314 E.0946
G1 E-3.5
;WIPE_START
G1 F7200
G1 X25.263 Y177.081 E-1.5
;WIPE_END
G1 X25.036 Y174.685 F9000
G1 E5 F2400
G1 F3600
G1 X25.149 Y175.004 E.00913
G1 X25.241 Y175.696 E.01884
G1 X25.193 Y176.251 E.01503
G1 X25.16 Y176.405 E.00425
G1 X27.496 Y178.74 E.08913
G1 X27.496 Y176.876 E.0503
G1 X27.352 Y176.876 E.00389
G1 X24.969 Y174.494 E.09092
G1 E-3.5
;WIPE_START
G1 F7200
G1 X27.203 Y176.726 E-1.5
;WIPE_END
G1 X27.496 Y176.446 F9000
G1 E5 F2400
G1 F3600
G1 X18.643 Y167.593 E.33785
G1 X18.643 Y167.019 E.01549
G1 X27.496 Y175.872 E.33785
G1 X27.496 Y175.298 E.01549
G1 X18.643 Y166.446 E.33783
G1 X18.643 Y165.872 E.01549
G1 X27.496 Y174.725 E.33785
G1 X27.496 Y174.151 E.01549
G1 X18.643 Y165.298 E.33785
G1 X18.643 Y164.725 E.01546
G1 X27.496 Y173.577 E.33783
G1 X27.496 Y173.003 E.01549
G1 X18.643 Y164.151 E.33783
G1 X18.643 Y163.577 E.01549
G1 X27.496 Y172.43 E.33785
G1 X27.496 Y171.856 E.01549
G1 X18.643 Y163.003 E.33785
G1 X18.643 Y162.43 E.01546
G1 X27.496 Y171.282 E.33783
G1 X27.496 Y170.709 E.01546
G1 X18.643 Y161.856 E.33785
G1 X18.643 Y161.282 E.01549
G1 X27.496 Y170.135 E.33785
G1 X27.496 Y169.561 E.01549
G1 X18.643 Y160.709 E.33783
G1 X18.643 Y160.135 E.01549
G1 X27.496 Y168.988 E.33785
G1 X27.496 Y168.414 E.01549
G1 X18.643 Y159.561 E.33785
G1 X18.643 Y158.988 E.01546
G1 X27.496 Y167.84 E.33783
G1 X27.496 Y167.267 E.01546
G1 X18.643 Y158.414 E.33785
G1 X18.643 Y157.84 E.01549
G1 X27.496 Y166.693 E.33785
G1 X27.496 Y166.119 E.01549
G1 X18.643 Y157.267 E.33783
G1 X18.643 Y156.693 E.01549
G1 X27.496 Y165.545 E.33783
G1 X27.496 Y164.972 E.01546
G1 X18.643 Y156.119 E.33785
G1 X18.643 Y155.545 E.01549
G1 X27.496 Y164.398 E.33785
G1 X27.496 Y163.824 E.01549
G1 X18.643 Y154.972 E.33783
G1 X18.643 Y154.398 E.01549
G1 X27.496 Y163.251 E.33785
G1 X27.496 Y162.677 E.01549
G1 X18.643 Y153.824 E.33785
G1 X18.643 Y153.251 E.01546
G1 X27.496 Y162.103 E.33783
G1 X27.496 Y161.53 E.01546
G1 X18.643 Y152.677 E.33785
G1 X18.643 Y152.103 E.01549
G1 X27.496 Y160.956 E.33785
G1 X27.496 Y160.382 E.01549
G1 X18.643 Y151.53 E.33783
G1 X18.643 Y150.956 E.01549
G1 X27.496 Y159.808 E.33783
G1 X27.496 Y159.235 E.01546
G1 X18.643 Y150.382 E.33785
G1 X18.643 Y149.808 E.01549
G1 X27.496 Y158.661 E.33785
G1 X27.496 Y158.087 E.01549
G1 X18.643 Y149.235 E.33783
G1 X18.643 Y148.661 E.01549
G1 X27.496 Y157.514 E.33785
G1 X27.496 Y156.94 E.01549
G1 X18.643 Y148.087 E.33785
G1 X18.643 Y147.514 E.01546
G1 X27.496 Y156.366 E.33783
G1 X27.496 Y155.793 E.01546
G1 X18.643 Y146.94 E.33785
G1 X18.643 Y146.366 E.01549
G1 X27.496 Y155.219 E.33785
G1 X27.496 Y154.645 E.01549
G1 X18.643 Y145.793 E.33783
G1 X18.643 Y145.219 E.01549
G1 X27.496 Y154.072 E.33785
G1 X27.496 Y153.498 E.01549
G1 X18.643 Y144.645 E.33785
G1 X18.643 Y144.072 E.01546
G1 X27.496 Y152.924 E.33783
G1 X27.496 Y152.35 E.01549
G1 X18.643 Y143.498 E.33783
G1 X18.643 Y142.924 E.01549
G1 X27.496 Y151.777 E.33785
G1 X27.496 Y151.203 E.01549
G1 X18.643 Y142.35 E.33785
G1 X18.643 Y141.777 E.01546
G1 X27.496 Y150.629 E.33783
G1 X27.496 Y150.056 E.01546
G1 X18.643 Y141.203 E.33785
G1 X18.643 Y140.629 E.01549
G1 X27.496 Y149.482 E.33785
G1 X27.496 Y148.908 E.01549
G1 X18.643 Y140.056 E.33783
G1 X18.643 Y139.482 E.01549
G1 X27.496 Y148.335 E.33785
G1 X27.496 Y147.761 E.01549
G1 X18.643 Y138.908 E.33785
G1 X18.643 Y138.335 E.01546
G1 X27.496 Y147.187 E.33783
G1 X27.496 Y146.614 E.01546
G1 X18.643 Y137.761 E.33785
G1 X18.643 Y137.187 E.01549
G1 X27.496 Y146.04 E.33785
G1 X27.496 Y145.466 E.01549
G1 X18.643 Y136.614 E.33783
G1 X18.643 Y136.04 E.01549
G1 X27.496 Y144.892 E.33783
G1 X27.496 Y144.319 E.01546
G1 X18.643 Y135.466 E.33785
G1 X18.643 Y134.892 E.01549
G1 X27.496 Y143.745 E.33785
G1 X27.496 Y143.171 E.01549
G1 X18.643 Y134.319 E.33783
G1 X18.643 Y133.745 E.01549
G1 X27.496 Y142.598 E.33785
G1 X27.496 Y142.024 E.01549
G1 X18.643 Y133.171 E.33785
G1 X18.643 Y132.598 E.01546
G1 X27.496 Y141.45 E.33783
G1 X27.496 Y140.877 E.01546
G1 X18.643 Y132.024 E.33785
G1 X18.643 Y131.45 E.01549
G1 X27.496 Y140.303 E.33785
G1 X27.496 Y139.729 E.01549
G1 X18.643 Y130.877 E.33783
G1 X18.643 Y130.303 E.01549
G1 X27.496 Y139.156 E.33785
G1 X27.496 Y138.582 E.01549
G1 X18.643 Y129.729 E.33785
G1 X18.643 Y129.155 E.01549
G1 X27.496 Y138.008 E.33785
G1 X27.496 Y137.434 E.01549
G1 X18.643 Y128.582 E.33783
G1 X18.643 Y128.008 E.01549
G1 X27.496 Y136.861 E.33785
G1 X27.496 Y136.287 E.01549
G1 X18.643 Y127.434 E.33785
G1 X18.643 Y126.861 E.01546
G1 X27.496 Y135.713 E.33783
G1 X27.496 Y135.14 E.01546
G1 X18.643 Y126.287 E.33785
G1 X18.643 Y125.713 E.01549
G1 X27.496 Y134.566 E.33785
G1 X27.496 Y133.992 E.01549
G1 X18.643 Y125.14 E.33783
G1 X18.643 Y124.566 E.01549
G1 X27.496 Y133.419 E.33785
G1 X27.496 Y132.845 E.01549
G1 X18.643 Y123.992 E.33785
G1 X18.643 Y123.419 E.01546
G1 X27.496 Y132.271 E.33783
G1 X27.496 Y131.697 E.01549
G1 X18.643 Y122.845 E.33783
G1 X18.643 Y122.271 E.01549
G1 X27.496 Y131.124 E.33785
G1 X27.496 Y130.55 E.01549
G1 X18.643 Y121.697 E.33785
G1 X18.643 Y121.124 E.01546
G1 X27.496 Y129.976 E.33783
G1 X27.496 Y129.403 E.01546
G1 X18.643 Y120.55 E.33785
G1 X18.643 Y119.976 E.01549
G1 X27.496 Y128.829 E.33785
G1 X27.496 Y128.255 E.01549
G1 X18.643 Y119.403 E.33783
G1 X18.643 Y118.829 E.01549
G1 X27.496 Y127.682 E.33785
G1 X27.496 Y127.108 E.01549
G1 X18.643 Y118.255 E.33785
G1 X18.643 Y117.682 E.01546
G1 X27.496 Y126.534 E.33783
G1 X27.496 Y125.961 E.01546
G1 X18.643 Y117.108 E.33785
G1 X18.643 Y116.534 E.01549
G1 X27.496 Y125.387 E.33785
G1 X27.496 Y124.813 E.01549
G1 X18.643 Y115.961 E.33783
G1 X18.643 Y115.387 E.01549
G1 X27.496 Y124.239 E.33783
G1 X27.496 Y123.666 E.01546
G1 X18.643 Y114.813 E.33785
G1 X18.643 Y114.239 E.01549
G1 X27.496 Y123.092 E.33785
G1 X27.496 Y122.518 E.01549
G1 X18.643 Y113.666 E.33783
G1 X18.643 Y113.092 E.01549
G1 X27.496 Y121.945 E.33785
G1 X27.496 Y121.371 E.01549
G1 X18.643 Y112.518 E.33785
G1 X18.643 Y111.945 E.01546
G1 X27.496 Y120.797 E.33783
G1 X27.496 Y120.224 E.01546
G1 X18.643 Y111.371 E.33785
G1 X18.643 Y110.797 E.01549
G1 X27.496 Y119.65 E.33785
G1 X27.496 Y119.076 E.01549
G1 X18.643 Y110.224 E.33783
G1 X18.643 Y109.65 E.01549
G1 X27.496 Y118.503 E.33785
G1 X27.496 Y117.929 E.01549
G1 X18.643 Y109.076 E.33785
G1 X18.643 Y108.503 E.01546
G1 X27.496 Y117.355 E.33783
G1 X27.496 Y116.781 E.01549
G1 X18.643 Y107.929 E.33783
G1 X18.643 Y107.355 E.01549
G1 X27.496 Y116.208 E.33785
G1 X27.496 Y115.634 E.01549
G1 X18.643 Y106.781 E.33785
G1 X18.643 Y106.208 E.01546
G1 X27.496 Y115.06 E.33783
G1 X27.496 Y114.487 E.01546
G1 X18.643 Y105.634 E.33785
G1 X18.643 Y105.06 E.01549
G1 X27.496 Y113.913 E.33785
G1 X27.496 Y113.339 E.01549
G1 X18.643 Y104.487 E.33783
G1 X18.643 Y103.913 E.01549
G1 X27.496 Y112.766 E.33785
G1 X27.496 Y112.192 E.01549
G1 X18.643 Y103.339 E.33785
G1 X18.643 Y102.766 E.01546
G1 X27.496 Y111.618 E.33783
G1 X27.496 Y111.045 E.01546
G1 X18.643 Y102.192 E.33785
G1 X18.643 Y101.618 E.01549
G1 X27.496 Y110.471 E.33785
G1 X27.496 Y109.897 E.01549
G1 X20.836 Y103.237 E.25416
G1 X20.692 Y103.116 E.00508
;WIDTH:0.408544
G1 X20.549 Y102.995 E.00466
;WIDTH:0.377088
G1 X20.014 Y102.461 E.01723
;WIDTH:0.38105
G1 X19.992 Y102.435 E.00079
G1 X18.643 Y101.183 F9000
;WIDTH:0.439999
G1 F3600
G1 X18.643 Y95.308 E.15854
G1 X21.331 Y97.995 E.10256
G1 X20.985 Y98.126 E.00998
G1 X20.415 Y98.522 E.01873
G1 X20.026 Y98.927 E.01515
G1 X19.671 Y99.494 E.01805
G1 X19.48 Y100.046 E.01576
G1 X19.398 Y100.696 E.01768
G1 X19.49 Y101.44 E.02023
G1 X19.688 Y101.986 E.01567
G1 X19.84 Y102.211 E.00733
;WIDTH:0.410525
G1 X19.992 Y102.435 E.00677
G1 X19.811 Y102.233 E.00679
;WIDTH:0.439999
G1 X18.828 Y101.23 E.0379
G1 X19.028 Y100.887 E.01071
;WIDTH:0.433194
G1 X19.045 Y100.44 E.01187
;WIDTH:0.468594
G1 X19.058 Y99.858 E.01682
;WIDTH:0.458819
G1 X19.049 Y99.317 E.01528
;WIDTH:0.439999
G1 X19.049 Y96.287 E.08176
G1 X20.635 Y97.873 E.06053
G1 X20.125 Y98.239 E.01694
G1 X19.684 Y98.709 E.01739
G1 X19.289 Y99.358 E.0205
;WIDTH:0.459994
G1 X19.131 Y99.802 E.01334
G1 X19.464 Y98.321 F9000
;WIDTH:0.458609
G1 F3600
G1 X19.464 Y97.289 E.02913
G1 X19.987 Y97.812 E.02087
G1 X19.606 Y98.176 E.01487
G1 E-3.5
;WIPE_START
G1 F7200
G1 X19.987 Y97.812 E-.25029
G1 X19.464 Y97.289 E-.35133
G1 X19.464 Y98.321 E-.4902
;WIPE_END
G1 E-.40818 F3600
G1 X21.765 Y97.856 F9000
G1 E5 F2400
;WIDTH:0.439999
G1 F3600
G1 X18.643 Y94.734 E.11914
G1 X18.643 Y94.16 E.01549
G1 X22.287 Y97.804 E.13906
G1 X23.209 Y98.032 F9000
;WIDTH:0.374336
G1 F3600
G1 X23.009 Y98.054 E.00455
;WIDTH:0.407168
G1 X22.965 Y97.96 E.00257
;WIDTH:0.439999
G1 X22.922 Y97.865 E.00281
G1 X18.643 Y93.586 E.1633
G1 E-3.5
;WIPE_START
G1 F7200
G1 X20.876 Y95.819 E-1.5
;WIPE_END
G1 X21.468 Y103.418 F9000
G1 E5 F2400
;WIDTH:0.374336
G1 F3600
G1 X21.674 Y103.393 E.00469
;WIDTH:0.407168
G1 X21.715 Y103.488 E.00257
;WIDTH:0.439999
G1 X21.755 Y103.583 E.00278
G1 X27.496 Y109.323 E.21907
G1 X27.496 Y108.75 E.01546
G1 X22.365 Y103.619 E.19581
G1 X22.902 Y103.582 E.01453
G1 X27.496 Y108.176 E.17532
G1 X27.496 Y107.602 E.01549
G1 X23.347 Y103.453 E.15834
G1 X23.738 Y103.271 E.01164
G1 X27.496 Y107.029 E.14341
G1 X27.496 Y106.455 E.01549
G1 X24.084 Y103.044 E.13019
G1 X24.391 Y102.777 E.01098
G1 X27.496 Y105.881 E.11847
G1 X27.496 Y105.308 E.01546
G1 X24.658 Y102.47 E.1083
G1 X24.879 Y102.118 E.01122
G1 X27.496 Y104.734 E.09985
G1 X27.496 Y104.16 E.01549
G1 X25.061 Y101.726 E.09291
G1 E-3.5
;WIPE_START
G1 F7200
G1 X27.294 Y103.959 E-1.5
;WIPE_END
G1 X24.767 Y99.173 F9000
G1 E5 F2400
G1 F3600
G1 X24.951 Y99.457 E.00913
G1 X25.149 Y100.004 E.0157
G1 X25.241 Y100.696 E.01884
G1 X25.181 Y101.272 E.01563
G1 X27.496 Y103.586 E.08833
G1 X27.496 Y101.722 E.0503
G1 X27.352 Y101.722 E.00389
G1 X25.027 Y99.397 E.08873
G1 X24.657 Y99.002 E.0146
;WIDTH:0.403803
G1 X24.649 Y98.992 E.00031
;WIDTH:0.40257
G1 X24.633 Y98.974 E.00059
;WIDTH:0.39999
G1 X24.185 Y98.516 E.01558
;WIDTH:0.41232
G1 X24.042 Y98.392 E.00476
;WIDTH:0.439999
G1 X23.899 Y98.268 E.00511
G1 X18.643 Y93.013 E.20056
G1 X18.643 Y92.439 E.01549
G1 X27.496 Y101.292 E.33785
G1 X27.496 Y100.718 E.01549
G1 X18.643 Y91.865 E.33785
G1 X18.643 Y91.292 E.01546
G1 X27.496 Y100.144 E.33783
G1 X27.496 Y99.571 E.01546
G1 X18.643 Y90.718 E.33785
G1 X18.643 Y90.144 E.01549
G1 X27.496 Y98.997 E.33785
G1 X27.496 Y98.423 E.01549
G1 X18.643 Y89.571 E.33783
G1 X18.643 Y88.997 E.01549
G1 X27.496 Y97.85 E.33785
G1 X27.496 Y97.276 E.01549
G1 X18.643 Y88.423 E.33785
G1 X18.643 Y87.85 E.01546
G1 X27.496 Y96.702 E.33783
G1 X27.496 Y96.128 E.01549
G1 X18.643 Y87.276 E.33783
G1 X18.643 Y86.702 E.01549
G1 X27.496 Y95.555 E.33785
G1 X27.496 Y94.981 E.01549
G1 X18.643 Y86.128 E.33785
G1 X18.643 Y85.555 E.01546
G1 X27.496 Y94.407 E.33783
G1 X27.496 Y93.834 E.01546
G1 X18.643 Y84.981 E.33785
G1 X18.643 Y84.407 E.01549
G1 X27.496 Y93.26 E.33785
G1 X27.496 Y92.686 E.01549
G1 X18.643 Y83.834 E.33783
G1 X18.643 Y83.26 E.01549
G1 X27.496 Y92.113 E.33785
G1 X27.496 Y91.539 E.01549
G1 X18.643 Y82.686 E.33785
G1 X18.643 Y82.113 E.01546
G1 X27.496 Y90.965 E.33783
G1 X27.496 Y90.392 E.01546
G1 X18.643 Y81.539 E.33785
G1 X18.643 Y80.965 E.01549
G1 X27.496 Y89.818 E.33785
G1 X27.496 Y89.244 E.01549
G1 X18.643 Y80.391 E.33785
G1 X18.643 Y79.818 E.01546
G1 X27.496 Y88.67 E.33783
G1 X27.496 Y88.097 E.01546
G1 X18.643 Y79.244 E.33785
G1 X18.643 Y78.67 E.01549
G1 X27.496 Y87.523 E.33785
G1 X27.496 Y86.949 E.01549
G1 X18.643 Y78.097 E.33783
G1 X18.643 Y77.523 E.01549
G1 X27.496 Y86.376 E.33785
G1 X27.496 Y85.802 E.01549
G1 X18.643 Y76.949 E.33785
G1 X18.643 Y76.376 E.01546
G1 X27.496 Y85.228 E.33783
G1 X27.496 Y84.655 E.01546
G1 X18.643 Y75.802 E.33785
G1 X18.643 Y75.228 E.01549
G1 X27.496 Y84.081 E.33785
G1 X27.496 Y83.507 E.01549
G1 X18.643 Y74.655 E.33783
G1 X18.643 Y74.081 E.01549
G1 X27.496 Y82.933 E.33783
G1 X27.496 Y82.36 E.01546
G1 X18.643 Y73.507 E.33785
G1 X18.643 Y72.933 E.01549
G1 X27.496 Y81.786 E.33785
G1 X27.496 Y81.212 E.01549
G1 X18.643 Y72.36 E.33783
G1 X18.643 Y71.786 E.01549
G1 X27.496 Y80.639 E.33785
G1 X27.496 Y80.065 E.01549
G1 X18.643 Y71.212 E.33785
G1 X18.643 Y70.639 E.01546
G1 X27.496 Y79.491 E.33783
G1 X27.496 Y78.918 E.01546
G1 X18.643 Y70.065 E.33785
G1 X18.643 Y69.491 E.01549
G1 X27.496 Y78.344 E.33785
G1 X27.496 Y77.77 E.01549
G1 X18.643 Y68.918 E.33783
G1 X18.643 Y68.344 E.01549
G1 X27.496 Y77.197 E.33785
G1 X27.496 Y76.623 E.01549
G1 X18.643 Y67.77 E.33785
G1 X18.643 Y67.197 E.01546
G1 X27.496 Y76.049 E.33783
G1 X27.496 Y75.475 E.01549
G1 X18.643 Y66.623 E.33783
G1 X18.643 Y66.049 E.01549
G1 X27.496 Y74.902 E.33785
G1 X27.496 Y74.328 E.01549
G1 X18.643 Y65.475 E.33785
G1 X18.643 Y64.902 E.01546
G1 X27.496 Y73.754 E.33783
G1 X27.496 Y73.181 E.01546
G1 X18.643 Y64.328 E.33785
G1 X18.643 Y63.754 E.01549
G1 X27.496 Y72.607 E.33785
G1 X27.496 Y72.033 E.01549
G1 X18.643 Y63.181 E.33783
G1 X18.643 Y62.607 E.01549
G1 X27.496 Y71.46 E.33785
G1 X27.496 Y70.886 E.01549
G1 X18.643 Y62.033 E.33785
G1 X18.643 Y61.46 E.01546
G1 X27.496 Y70.312 E.33783
G1 X27.496 Y69.739 E.01546
G1 X18.643 Y60.886 E.33785
G1 X18.643 Y60.312 E.01549
G1 X27.496 Y69.165 E.33785
G1 X27.496 Y68.591 E.01549
G1 X18.643 Y59.739 E.33783
G1 X18.643 Y59.165 E.01549
G1 X27.496 Y68.017 E.33783
G1 X27.496 Y67.444 E.01546
G1 X18.643 Y58.591 E.33785
G1 X18.643 Y58.017 E.01549
G1 X27.496 Y66.87 E.33785
G1 X27.496 Y66.296 E.01549
G1 X18.643 Y57.444 E.33783
G1 X18.643 Y56.87 E.01549
G1 X27.496 Y65.723 E.33785
G1 X27.496 Y65.149 E.01549
G1 X18.643 Y56.296 E.33785
G1 X18.643 Y55.723 E.01546
G1 X27.496 Y64.575 E.33783
G1 X27.496 Y64.002 E.01546
G1 X18.643 Y55.149 E.33785
G1 X18.643 Y54.575 E.01549
G1 X27.496 Y63.428 E.33785
G1 X27.496 Y62.854 E.01549
G1 X18.643 Y54.002 E.33783
G1 X18.643 Y53.428 E.01549
G1 X27.496 Y62.281 E.33785
G1 X27.496 Y61.707 E.01549
G1 X18.643 Y52.854 E.33785
G1 X18.643 Y52.28 E.01549
G1 X27.496 Y61.133 E.33785
G1 X27.496 Y60.559 E.01549
G1 X18.643 Y51.707 E.33783
G1 X18.643 Y51.133 E.01549
G1 X27.496 Y59.986 E.33785
G1 X27.496 Y59.412 E.01549
G1 X18.643 Y50.559 E.33785
G1 X18.643 Y49.986 E.01546
G1 X27.496 Y58.838 E.33783
G1 X27.496 Y58.265 E.01546
G1 X18.643 Y49.412 E.33785
G1 X18.643 Y48.838 E.01549
G1 X27.496 Y57.691 E.33785
G1 X27.496 Y57.117 E.01549
G1 X18.643 Y48.265 E.33783
G1 X18.643 Y47.691 E.01549
G1 X27.496 Y56.544 E.33785
G1 X27.496 Y55.97 E.01549
G1 X18.643 Y47.117 E.33785
G1 X18.643 Y46.544 E.01546
G1 X27.496 Y55.396 E.33783
G1 X27.496 Y54.822 E.01549
G1 X18.643 Y45.97 E.33783
G1 X18.643 Y45.396 E.01549
G1 X27.496 Y54.249 E.33785
G1 X27.496 Y53.675 E.01549
G1 X18.643 Y44.822 E.33785
G1 X18.643 Y44.249 E.01546
G1 X27.496 Y53.101 E.33783
G1 X27.496 Y52.528 E.01546
G1 X18.643 Y43.675 E.33785
G1 X18.643 Y43.101 E.01549
G1 X27.496 Y51.954 E.33785
G1 X27.496 Y51.38 E.01549
G1 X18.643 Y42.528 E.33783
G1 X18.643 Y41.954 E.01549
G1 X27.496 Y50.807 E.33785
G1 X27.496 Y50.233 E.01549
G1 X18.643 Y41.38 E.33785
G1 X18.643 Y40.807 E.01546
G1 X27.496 Y49.659 E.33783
G1 X27.496 Y49.086 E.01546
G1 X18.643 Y40.233 E.33785
G1 X18.643 Y39.659 E.01549
G1 X27.496 Y48.512 E.33785
G1 X27.496 Y47.938 E.01549
G1 X18.643 Y39.086 E.33783
G1 X18.643 Y38.512 E.01549
G1 X27.496 Y47.364 E.33783
G1 X27.496 Y46.791 E.01546
G1 X18.643 Y37.938 E.33785
G1 X18.643 Y37.364 E.01549
G1 X27.496 Y46.217 E.33785
G1 X27.496 Y45.643 E.01549
G1 X18.643 Y36.791 E.33783
G1 X18.643 Y36.217 E.01549
G1 X27.496 Y45.07 E.33785
G1 X27.496 Y44.496 E.01549
G1 X18.643 Y35.643 E.33785
G1 X18.643 Y35.07 E.01546
G1 X27.496 Y43.922 E.33783
G1 X27.496 Y43.349 E.01546
G1 X18.643 Y34.496 E.33785
G1 X18.643 Y33.922 E.01549
G1 X27.496 Y42.775 E.33785
G1 X27.496 Y42.201 E.01549
G1 X18.643 Y33.349 E.33783
G1 X18.643 Y32.775 E.01549
G1 X27.496 Y41.628 E.33785
G1 X27.496 Y41.054 E.01549
G1 X18.643 Y32.201 E.33785
G1 X18.643 Y31.627 E.01549
G1 X27.496 Y40.48 E.33785
G1 X27.496 Y39.906 E.01549
G1 X18.643 Y31.054 E.33783
G1 X18.643 Y30.48 E.01549
G1 X27.496 Y39.333 E.33785
G1 X27.496 Y38.759 E.01549
G1 X18.643 Y29.906 E.33785
G1 X18.643 Y29.333 E.01546
G1 X27.496 Y38.185 E.33783
G1 X27.496 Y37.612 E.01546
G1 X18.643 Y28.759 E.33785
G1 X18.643 Y28.185 E.01549
G1 X27.496 Y37.038 E.33785
G1 X27.496 Y36.464 E.01549
G1 X18.643 Y27.612 E.33783
G1 X18.643 Y27.038 E.01549
G1 X27.496 Y35.891 E.33785
G1 X27.496 Y35.317 E.01549
G1 X18.724 Y26.545 E.33476
G1 X18.607 Y26.59 E.00338
;WIDTH:0.407168
G1 X18.491 Y26.635 E.00309
;WIDTH:0.374336
G1 X18.511 Y26.39 E.00556
;WIDTH:0.418271
G1 X18.611 Y26.146 E.00673
;WIDTH:0.439999
G1 X18.643 Y25.753 E.01064
G1 X18.643 Y20.154 E.15109
G1 X21.44 Y22.95 E.10672
G1 X21.213 Y23.02 E.00641
G1 X20.7 Y23.293 E.01568
G1 X20.251 Y23.662 E.01568
G1 X19.884 Y24.113 E.01569
G1 X19.613 Y24.627 E.01568
G1 X19.458 Y25.144 E.01456
G1 X19.414 Y25.49 E.00941
G1 X19.433 Y26.11 E.01674
G1 X19.576 Y26.717 E.01683
G1 X19.666 Y26.914 E.00584
G1 X18.829 Y26.085 E.03179
G1 X18.807 Y26.091 E.00062
G1 X19.032 Y25.753 E.01096
;WIDTH:0.439592
G1 X19.049 Y25.127 E.01688
;WIDTH:0.439721
G1 X19.104 Y24.932 E.00546
;WIDTH:0.439999
G1 X19.224 Y24.511 E.01181
G1 X19.526 Y23.922 E.01786
G1 X19.938 Y23.404 E.01786
G1 X20.444 Y22.978 E.01785
G1 X20.73 Y22.815 E.00888
G1 X19.049 Y21.133 E.06417
G1 X19.049 Y25.127 E.10778
G1 X19.48 Y23.281 F9000
;WIDTH:0.491075
G1 F3600
G1 X19.48 Y22.174 E.03363
G1 X20.049 Y22.743 E.02445
G1 X19.852 Y22.903 E.00771
G1 X19.622 Y23.136 E.00995
G1 E-3.5
;WIPE_START
G1 F7200
G1 X19.852 Y22.903 E-.15551
G1 X20.049 Y22.743 E-.12055
G1 X19.48 Y22.174 E-.38223
G1 X19.48 Y23.281 E-.52582
;WIPE_END
G1 E-.31589 F3600
G1 X21.899 Y22.836 F9000
G1 E5 F2400
;WIDTH:0.439999
G1 F3600
G1 X18.643 Y19.58 E.12426
G1 X18.643 Y19.006 E.01549
G1 X22.446 Y22.81 E.14515
G1 X23.135 Y22.924 E.01885
G1 X18.643 Y18.433 E.17141
G1 E-3.5
;WIPE_START
G1 F7200
G1 X20.876 Y20.666 E-1.5
;WIPE_END
G1 X23.421 Y23.103 F9000
G1 E5 F2400
;WIDTH:0.374336
G1 F3600
G1 X23.735 Y23.328 E.00874
G1 X23.47 Y23.138 E.00737
G1 E-3.5
;WIPE_START
G1 F7200
G1 X23.735 Y23.328 E-.15489
G1 X23.421 Y23.103 E-.18349
;WIPE_END
G1 E-1.16162 F3600
G1 X19.902 Y27.241 F9000
G1 E5 F2400
G1 F3600
G1 X20.274 Y27.663 E.01272
G1 X20.863 Y28.182 E.01776
;WIDTH:0.407168
G1 X21.006 Y28.29 E.00444
;WIDTH:0.439999
G1 X21.15 Y28.397 E.00484
G1 X27.496 Y34.743 E.24218
G1 X27.496 Y34.169 E.01549
G1 X21.944 Y28.618 E.21186
G1 X21.815 Y28.527 E.00426
;WIDTH:0.407168
G1 X21.687 Y28.436 E.00389
;WIDTH:0.374336
G1 X21.698 Y28.477 E.00096
G1 X21.627 Y28.496 E.00166
G1 X21.646 Y28.425 E.00166
G1 X22.533 Y28.634 F9000
;WIDTH:0.439999
G1 F3600
G1 X27.496 Y33.596 E.18938
G1 X27.496 Y33.022 E.01549
G1 X23.027 Y28.553 E.17055
G1 X23.457 Y28.41 E.01223
G1 X27.496 Y32.448 E.15412
G1 X27.496 Y31.875 E.01546
G1 X23.835 Y28.214 E.13971
G1 X24.167 Y27.973 E.01107
G1 X27.496 Y31.301 E.12702
G1 X27.496 Y30.727 E.01549
G1 X24.454 Y27.686 E.11607
G1 X24.717 Y27.375 E.01099
G1 X27.496 Y30.154 E.10605
G1 X27.496 Y29.58 E.01549
G1 X24.934 Y27.018 E.09777
G1 X25.149 Y25.102 F9000
G1 F3600
G1 X25.235 Y25.579 E.01308
G1 X25.194 Y26.245 E.01801
G1 X25.086 Y26.597 E.00994
G1 X27.496 Y29.006 E.09195
G1 X27.496 Y27.142 E.0503
G1 X27.352 Y27.142 E.00389
G1 X25.113 Y24.902 E.08546
G1 E-3.5
;WIPE_START
G1 F7200
G1 X27.346 Y27.135 E-1.5
;WIPE_END
G1 X27.496 Y26.711 F9000
G1 E5 F2400
G1 F3600
G1 X18.643 Y17.859 E.33783
G1 X18.643 Y17.285 E.01549
G1 X27.496 Y26.138 E.33785
G1 X27.496 Y25.564 E.01549
G1 X18.977 Y17.046 E.32509
G1 X19.551 Y17.046 E.01549
G1 X27.496 Y24.99 E.30318
G1 X27.496 Y24.417 E.01546
G1 X20.125 Y17.046 E.28129
G1 X20.698 Y17.046 E.01546
G1 X27.496 Y23.843 E.25941
G1 X27.496 Y23.269 E.01549
G1 X21.272 Y17.046 E.2375
G1 X21.846 Y17.046 E.01549
G1 X27.496 Y22.696 E.21562
G1 X27.496 Y22.122 E.01549
G1 X22.419 Y17.046 E.19373
G1 X22.993 Y17.046 E.01549
G1 X27.496 Y21.548 E.17183
G1 X27.496 Y20.975 E.01546
G1 X23.567 Y17.046 E.14994
G1 X24.14 Y17.046 E.01546
G1 X27.496 Y20.401 E.12805
G1 X27.496 Y19.827 E.01549
G1 X24.714 Y17.046 E.10615
G1 X25.121 Y16.831 E.01242
;WIDTH:0.374336
G1 X25.102 Y16.902 E.00166
G1 X25.173 Y16.883 E.00166
G1 X25.162 Y16.842 E.00096
;WIDTH:0.407168
G1 X25.225 Y16.944 E.00297
;WIDTH:0.439999
G1 X25.288 Y17.046 E.00324
G1 X27.496 Y19.253 E.08424
G1 E-3.5
;WIPE_START
G1 F7200
G1 X25.288 Y17.046 E-1.48289
G1 X25.269 Y17.015 E-.01711
;WIPE_END
G1 X26.005 Y17.189 F9000
G1 E5 F2400
G1 F3600
G1 X27.498 Y18.682 E.05698
G1 X27.562 Y18.307 E.01027
G1 X27.788 Y17.891 E.01278
G1 X28.22 Y17.539 E.01504
G1 X28.64 Y17.411 E.01185
;WIDTH:0.413482
G1 X60.808 Y17.411 E.81131
G1 X61.398 Y17.566 E.01539
;WIDTH:0.382291
G1 X61.465 Y17.606 E.00181
;WIDTH:0.413482
G1 X61.01 Y17.18 E.01572
G1 X60.976 Y17.134 E.00144
G1 X60.991 Y17.032 E.0026
G1 X28.806 Y17.032 E.81173
;WIDTH:0.439999
G1 X25.861 Y17.046 E.07947
G1 X26.806 Y17.437 F9000
;WIDTH:0.410791
G1 F3600
G1 X27.717 Y17.437 E.02281
G1 X27.419 Y17.726 E.0104
G1 X27.308 Y17.939 E.00601
G1 X26.949 Y17.58 E.01271
G1 E-3.5
;WIPE_START
G1 F7200
G1 X27.308 Y17.939 E-.24116
G1 X27.419 Y17.726 E-.11409
G1 X27.717 Y17.437 E-.19718
G1 X26.806 Y17.437 E-.43273
;WIPE_END
G1 E-.51484 F3600
G1 X25.619 Y25.982 F9000
G1 E5 F2400
;WIDTH:0.439989
G1 F3600
G1 X27.09 Y27.453 E.05614
G1 X27.09 Y28.027 E.01549
G1 X25.549 Y26.486 E.05881
G1 X25.591 Y26.183 E.00825
G1 E-3.5
;WIPE_START
G1 F7200
G1 X25.549 Y26.486 E-.1453
G1 X27.09 Y28.027 E-1.03517
G1 X27.09 Y27.453 E-.27265
G1 X27.02 Y27.383 E-.04688
;WIPE_END
G1 X25.645 Y175.742 F9000
G1 E5 F2400
;WIDTH:0.43999
G1 F3600
G1 X27.09 Y177.187 E.05514
G1 X27.09 Y177.761 E.01549
G1 X25.599 Y176.27 E.0569
G1 X25.627 Y175.945 E.0088
G1 E-3.5
;WIPE_START
G1 F7200
G1 X25.599 Y176.27 E-.15495
G1 X27.09 Y177.761 E-1.00158
G1 X27.09 Y177.187 E-.27265
G1 X26.985 Y177.082 E-.07082
;WIPE_END
G1 X62.204 Y184.251 F9000
G1 E5 F2400
;WIDTH:0.597442
G1 F3600
G1 X62.154 Y184.301 E.00265
G1 X62.172 Y184.369 E.00263
G1 X62.24 Y184.387 E.00263
G1 X62.29 Y184.338 E.00262
G1 X62.272 Y184.27 E.00263
;WIDTH:0.439999
G1 X62.143 Y183.556 E.01958
G1 X62.986 Y184.398 E.03215
G1 X63.559 Y184.398 E.01546
G1 X62.143 Y182.982 E.05404
G1 X62.143 Y182.408 E.01549
G1 X64.133 Y184.398 E.07594
G1 X64.707 Y184.398 E.01549
G1 X62.143 Y181.835 E.09783
G1 X62.143 Y181.261 E.01549
G1 X65.28 Y184.398 E.11972
G1 X65.854 Y184.398 E.01549
G1 X62.143 Y180.687 E.14162
G1 X62.143 Y180.114 E.01546
G1 X66.428 Y184.398 E.16351
G1 X67.001 Y184.398 E.01546
G1 X62.143 Y179.54 E.18539
G1 X62.143 Y178.966 E.01549
G1 X67.575 Y184.398 E.2073
G1 X68.149 Y184.398 E.01549
G1 X62.143 Y178.392 E.2292
G1 X62.143 Y177.819 E.01546
G1 X68.722 Y184.398 E.25107
G1 X69.296 Y184.398 E.01549
G1 X62.143 Y177.245 E.27297
G1 X62.143 Y176.671 E.01549
G1 X69.87 Y184.398 E.29488
G1 X70.444 Y184.398 E.01549
G1 X62.143 Y176.098 E.31677
G1 X62.143 Y175.524 E.01549
G1 X70.996 Y184.377 E.33785
G1 X71.145 Y183.486 F9000
;WIDTH:0.374336
G1 F3600
G1 X71.156 Y183.527 E.00096
G1 X71.084 Y183.546 E.00168
G1 X71.103 Y183.475 E.00166
;WIDTH:0.407168
G1 X71.05 Y183.639 E.00427
;WIDTH:0.439999
G1 X70.996 Y183.803 E.00466
G1 X62.143 Y174.95 E.33785
G1 X62.143 Y174.377 E.01546
G1 X64.637 Y176.871 E.09518
G1 X64.847 Y177.158 E.0096
;WIDTH:0.374336
G1 X65.277 Y177.659 E.01493
G1 X65.88 Y178.187 E.01813
;WIDTH:0.407168
G1 X66.023 Y178.294 E.00443
;WIDTH:0.439999
G1 X66.167 Y178.4 E.00483
G1 X70.996 Y183.229 E.18429
G1 X70.996 Y182.656 E.01546
G1 X66.959 Y178.619 E.15406
G1 X66.832 Y178.524 E.00428
;WIDTH:0.407168
G1 X66.705 Y178.429 E.00393
;WIDTH:0.374336
G1 X66.716 Y178.47 E.00096
G1 X66.645 Y178.489 E.00166
G1 X66.664 Y178.418 E.00166
G1 X67.541 Y178.627 F9000
;WIDTH:0.439999
G1 F3600
G1 X70.996 Y182.082 E.13185
G1 X70.996 Y181.508 E.01549
G1 X68.038 Y178.551 E.11286
G1 X68.467 Y178.405 E.01223
G1 X70.996 Y180.934 E.09651
G1 X70.996 Y180.361 E.01546
G1 X68.844 Y178.209 E.08213
G1 E-3.5
;WIPE_START
G1 F7200
G1 X70.996 Y180.361 E-1.44561
G1 X70.996 Y180.476 E-.05439
;WIPE_END
G1 X70.163 Y175.075 F9000
G1 E5 F2400
G1 F3600
G1 X70.241 Y175.696 E.01689
G1 X70.193 Y176.251 E.01503
G1 X69.969 Y176.946 E.0197
G1 X69.612 Y177.517 E.01817
G1 X69.16 Y177.952 E.01693
G1 X70.996 Y179.787 E.07005
G1 X70.996 Y175.245 E.12257
G1 X70.895 Y175.362 E.00417
G1 X70.69 Y175.426 E.0058
G1 X70.105 Y174.881 E.02158
G1 X70.617 Y175.798 F9000
;WIDTH:0.432758
G1 F3600
G1 X70.594 Y176.289 E.01303
;WIDTH:0.439999
G1 X70.514 Y176.831 E.01478
;WIDTH:0.591537
G1 X70.514 Y178.625 E.06649
G1 X69.851 Y177.962 E.03475
G1 X70.018 Y177.776 E.00927
G1 X70.354 Y177.25 E.02313
G1 X70.442 Y177.02 E.00913
G1 E-3.5
;WIPE_START
G1 F7200
G1 X70.354 Y177.25 E-.11697
G1 X70.018 Y177.776 E-.29647
G1 X69.851 Y177.962 E-.11874
G1 X70.514 Y178.625 E-.44537
G1 X70.514 Y177.525 E-.52245
;WIPE_END
G1 X64.429 Y176.089 F9000
G1 E5 F2400
;WIDTH:0.439999
G1 F3600
G1 X62.143 Y173.803 E.08724
G1 X62.328 Y173.415 E.0116
G1 X64.41 Y175.49 E.07932
G1 X64.458 Y175.144 E.00943
G1 X64.613 Y174.627 E.01456
G1 X64.844 Y174.209 E.01289
G1 X62.143 Y171.508 E.10308
G1 X62.143 Y173.373 E.05033
G1 X62.549 Y173.061 E.01382
G1 X62.549 Y172.487 E.01549
G1 X64.339 Y174.278 E.06833
G1 X64.172 Y174.685 E.01187
G1 X62.692 Y173.205 E.05648
G1 E-3.5
;WIPE_START
G1 F7200
G1 X64.172 Y174.685 E-.99419
G1 X64.339 Y174.278 E-.20897
G1 X63.897 Y173.836 E-.29684
;WIPE_END
G1 X62.143 Y170.934 F9000
G1 E5 F2400
G1 F3600
G1 X65.07 Y173.862 E.11172
G1 X65.352 Y173.569 E.01097
G1 X62.143 Y170.361 E.12244
G1 X62.143 Y169.787 E.01549
G1 X65.67 Y173.314 E.1346
G1 X66.032 Y173.102 E.01132
G1 X62.143 Y169.213 E.14841
G1 X62.143 Y168.64 E.01546
G1 X66.444 Y172.94 E.16412
G1 X66.912 Y172.834 E.01295
G1 X62.143 Y168.066 E.18198
G1 X62.143 Y167.492 E.01549
G1 X67.459 Y172.808 E.20287
G1 X68.152 Y172.927 E.01897
G1 X62.143 Y166.919 E.2293
G1 E-3.5
;WIPE_START
G1 F7200
G1 X64.376 Y169.152 E-1.5
;WIPE_END
G1 X68.438 Y173.114 F9000
G1 E5 F2400
;WIDTH:0.374336
G1 F3600
G1 X68.919 Y173.479 E.01366
G1 E-3.5
;WIPE_START
G1 F7200
G1 X68.438 Y173.114 E-.28681
;WIPE_END
G1 E-1.21319 F3600
G1 X70.741 Y174.943 F9000
G1 E5 F2400
;WIDTH:0.439999
G1 F3600
G1 X62.143 Y166.345 E.32812
G1 X62.143 Y165.771 E.01549
G1 X70.996 Y174.624 E.33785
G1 X70.996 Y174.05 E.01549
G1 X62.143 Y165.197 E.33785
G1 X62.143 Y164.624 E.01546
G1 X70.996 Y173.476 E.33783
G1 X70.996 Y172.903 E.01546
G1 X62.143 Y164.05 E.33785
G1 X62.143 Y163.476 E.01549
G1 X70.996 Y172.329 E.33785
G1 X70.996 Y171.755 E.01549
G1 X62.143 Y162.903 E.33783
G1 X62.143 Y162.329 E.01549
G1 X70.996 Y171.182 E.33785
G1 X70.996 Y170.608 E.01549
G1 X62.143 Y161.755 E.33785
G1 X62.143 Y161.182 E.01546
G1 X70.996 Y170.034 E.33783
G1 X70.996 Y169.461 E.01546
G1 X62.143 Y160.608 E.33785
G1 X62.143 Y160.034 E.01549
G1 X70.996 Y168.887 E.33785
G1 X70.996 Y168.313 E.01549
G1 X62.143 Y159.461 E.33783
G1 X62.143 Y158.887 E.01549
G1 X70.996 Y167.739 E.33783
G1 X70.996 Y167.166 E.01546
G1 X62.143 Y158.313 E.33785
G1 X62.143 Y157.739 E.01549
G1 X70.996 Y166.592 E.33785
G1 X70.996 Y166.018 E.01549
G1 X62.143 Y157.166 E.33783
G1 X62.143 Y156.592 E.01549
G1 X70.996 Y165.445 E.33785
G1 X70.996 Y164.871 E.01549
G1 X62.143 Y156.018 E.33785
G1 X62.143 Y155.445 E.01546
G1 X70.996 Y164.297 E.33783
G1 X70.996 Y163.724 E.01546
G1 X62.143 Y154.871 E.33785
G1 X62.143 Y154.297 E.01549
G1 X70.996 Y163.15 E.33785
G1 X70.996 Y162.576 E.01549
G1 X62.143 Y153.724 E.33783
G1 X62.143 Y153.15 E.01549
G1 X70.996 Y162.003 E.33785
G1 X70.996 Y161.429 E.01549
G1 X62.143 Y152.576 E.33785
G1 X62.143 Y152.003 E.01546
G1 X70.996 Y160.855 E.33783
G1 X70.996 Y160.281 E.01549
G1 X62.143 Y151.429 E.33783
G1 X62.143 Y150.855 E.01549
G1 X70.996 Y159.708 E.33785
G1 X70.996 Y159.134 E.01549
G1 X62.143 Y150.281 E.33785
G1 X62.143 Y149.708 E.01546
G1 X70.996 Y158.56 E.33783
G1 X70.996 Y157.987 E.01546
G1 X62.143 Y149.134 E.33785
G1 X62.143 Y148.56 E.01549
G1 X70.996 Y157.413 E.33785
G1 X70.996 Y156.839 E.01549
G1 X62.143 Y147.987 E.33783
G1 X62.143 Y147.413 E.01549
G1 X70.996 Y156.266 E.33785
G1 X70.996 Y155.692 E.01549
G1 X62.143 Y146.839 E.33785
G1 X62.143 Y146.266 E.01546
G1 X70.996 Y155.118 E.33783
G1 X70.996 Y154.545 E.01546
G1 X62.143 Y145.692 E.33785
G1 X62.143 Y145.118 E.01549
G1 X70.996 Y153.971 E.33785
G1 X70.996 Y153.397 E.01549
G1 X62.143 Y144.544 E.33785
G1 X62.143 Y143.971 E.01546
G1 X70.996 Y152.823 E.33783
G1 X70.996 Y152.25 E.01546
G1 X62.143 Y143.397 E.33785
G1 X62.143 Y142.823 E.01549
G1 X70.996 Y151.676 E.33785
G1 X70.996 Y151.102 E.01549
G1 X62.143 Y142.25 E.33783
G1 X62.143 Y141.676 E.01549
G1 X70.996 Y150.529 E.33785
G1 X70.996 Y149.955 E.01549
G1 X62.143 Y141.102 E.33785
G1 X62.143 Y140.529 E.01546
G1 X70.996 Y149.381 E.33783
G1 X70.996 Y148.808 E.01546
G1 X62.143 Y139.955 E.33785
G1 X62.143 Y139.381 E.01549
G1 X70.996 Y148.234 E.33785
G1 X70.996 Y147.66 E.01549
G1 X62.143 Y138.808 E.33783
G1 X62.143 Y138.234 E.01549
G1 X70.996 Y147.086 E.33783
G1 X70.996 Y146.513 E.01546
G1 X62.143 Y137.66 E.33785
G1 X62.143 Y137.086 E.01549
G1 X70.996 Y145.939 E.33785
G1 X70.996 Y145.365 E.01549
G1 X62.143 Y136.513 E.33783
G1 X62.143 Y135.939 E.01549
G1 X70.996 Y144.792 E.33785
G1 X70.996 Y144.218 E.01549
G1 X62.143 Y135.365 E.33785
G1 X62.143 Y134.792 E.01546
G1 X70.996 Y143.644 E.33783
G1 X70.996 Y143.071 E.01546
G1 X62.143 Y134.218 E.33785
G1 X62.143 Y133.644 E.01549
G1 X70.996 Y142.497 E.33785
G1 X70.996 Y141.923 E.01549
G1 X62.143 Y133.071 E.33783
G1 X62.143 Y132.497 E.01549
G1 X70.996 Y141.35 E.33785
G1 X70.996 Y140.776 E.01549
G1 X62.143 Y131.923 E.33785
G1 X62.143 Y131.35 E.01546
G1 X70.996 Y140.202 E.33783
G1 X70.996 Y139.628 E.01549
G1 X62.143 Y130.776 E.33783
G1 X62.143 Y130.202 E.01549
G1 X70.996 Y139.055 E.33785
G1 X70.996 Y138.481 E.01549
G1 X62.143 Y129.628 E.33785
G1 X62.143 Y129.055 E.01546
G1 X70.996 Y137.907 E.33783
G1 X70.996 Y137.334 E.01546
G1 X62.143 Y128.481 E.33785
G1 X62.143 Y127.907 E.01549
G1 X70.996 Y136.76 E.33785
G1 X70.996 Y136.186 E.01549
G1 X62.143 Y127.334 E.33783
G1 X62.143 Y126.76 E.01549
G1 X70.996 Y135.613 E.33785
G1 X70.996 Y135.039 E.01549
G1 X62.143 Y126.186 E.33785
G1 X62.143 Y125.613 E.01546
G1 X70.996 Y134.465 E.33783
G1 X70.996 Y133.892 E.01546
G1 X62.143 Y125.039 E.33785
G1 X62.143 Y124.465 E.01549
G1 X70.996 Y133.318 E.33785
G1 X70.996 Y132.744 E.01549
G1 X62.143 Y123.891 E.33785
G1 X62.143 Y123.318 E.01546
G1 X70.996 Y132.17 E.33783
G1 X70.996 Y131.597 E.01546
G1 X62.143 Y122.744 E.33785
G1 X62.143 Y122.17 E.01549
G1 X70.996 Y131.023 E.33785
G1 X70.996 Y130.449 E.01549
G1 X62.143 Y121.597 E.33783
G1 X62.143 Y121.023 E.01549
G1 X70.996 Y129.876 E.33785
G1 X70.996 Y129.302 E.01549
G1 X62.143 Y120.449 E.33785
G1 X62.143 Y119.876 E.01546
G1 X70.996 Y128.728 E.33783
G1 X70.996 Y128.155 E.01546
G1 X62.143 Y119.302 E.33785
G1 X62.143 Y118.728 E.01549
G1 X70.996 Y127.581 E.33785
G1 X70.996 Y127.007 E.01549
G1 X62.143 Y118.155 E.33783
G1 X62.143 Y117.581 E.01549
G1 X70.996 Y126.433 E.33783
G1 X70.996 Y125.86 E.01546
G1 X62.143 Y117.007 E.33785
G1 X62.143 Y116.433 E.01549
G1 X70.996 Y125.286 E.33785
G1 X70.996 Y124.712 E.01549
G1 X62.143 Y115.86 E.33783
G1 X62.143 Y115.286 E.01549
G1 X70.996 Y124.139 E.33785
G1 X70.996 Y123.565 E.01549
G1 X62.143 Y114.712 E.33785
G1 X62.143 Y114.139 E.01546
G1 X70.996 Y122.991 E.33783
G1 X70.996 Y122.418 E.01546
G1 X62.143 Y113.565 E.33785
G1 X62.143 Y112.991 E.01549
G1 X70.996 Y121.844 E.33785
G1 X70.996 Y121.27 E.01549
G1 X62.143 Y112.418 E.33783
G1 X62.143 Y111.844 E.01549
G1 X70.996 Y120.697 E.33785
G1 X70.996 Y120.123 E.01549
G1 X62.143 Y111.27 E.33785
G1 X62.143 Y110.697 E.01546
G1 X70.996 Y119.549 E.33783
G1 X70.996 Y118.975 E.01549
G1 X62.143 Y110.123 E.33783
G1 X62.143 Y109.549 E.01549
G1 X70.996 Y118.402 E.33785
G1 X70.996 Y117.828 E.01549
G1 X62.143 Y108.975 E.33785
G1 X62.143 Y108.402 E.01546
G1 X70.996 Y117.254 E.33783
G1 X70.996 Y116.681 E.01546
G1 X62.143 Y107.828 E.33785
G1 X62.143 Y107.254 E.01549
G1 X70.996 Y116.107 E.33785
G1 X70.996 Y115.533 E.01549
G1 X62.143 Y106.681 E.33783
G1 X62.143 Y106.107 E.01549
G1 X70.996 Y114.96 E.33785
G1 X70.996 Y114.386 E.01549
G1 X62.143 Y105.533 E.33785
G1 X62.143 Y104.96 E.01546
G1 X70.996 Y113.812 E.33783
G1 X70.996 Y113.239 E.01546
G1 X62.143 Y104.386 E.33785
G1 X62.143 Y103.812 E.01549
G1 X70.996 Y112.665 E.33785
G1 X70.996 Y112.091 E.01549
G1 X62.143 Y103.239 E.33783
G1 X62.143 Y102.665 E.01549
G1 X70.996 Y111.517 E.33783
G1 X70.996 Y110.944 E.01546
G1 X62.143 Y102.091 E.33785
G1 X62.143 Y101.517 E.01549
G1 X70.996 Y110.37 E.33785
G1 X70.996 Y109.796 E.01549
G1 X62.143 Y100.944 E.33783
G1 X62.143 Y100.37 E.01549
G1 X70.996 Y109.223 E.33785
G1 X71.103 Y108.321 F9000
;WIDTH:0.374336
G1 F3600
G1 X71.084 Y108.392 E.00166
G1 X71.156 Y108.373 E.00168
G1 X71.145 Y108.332 E.00096
;WIDTH:0.407168
G1 X71.07 Y108.491 E.00436
;WIDTH:0.439999
G1 X70.996 Y108.649 E.00471
G1 X62.143 Y99.796 E.33785
G1 X62.143 Y99.223 E.01546
G1 X64.547 Y101.627 E.09174
G1 X64.651 Y101.786 E.00513
;WIDTH:0.407168
G1 X64.755 Y101.946 E.00473
;WIDTH:0.374336
G1 X65.091 Y102.376 E.01234
G1 X64.88 Y102.106 E.00775
G1 X65.534 Y102.828 F9000
G1 F3600
G1 X66.131 Y103.303 E.01725
;WIDTH:0.407168
G1 X66.274 Y103.4 E.00429
;WIDTH:0.439999
G1 X66.417 Y103.497 E.00466
G1 X70.996 Y108.075 E.17473
G1 X70.996 Y107.502 E.01546
G1 X67.112 Y103.618 E.14822
G1 X67.679 Y103.611 E.0153
G1 X70.996 Y106.928 E.12658
G1 X70.996 Y106.354 E.01549
G1 X68.157 Y103.515 E.10834
G1 X68.572 Y103.356 E.01199
G1 X70.996 Y105.781 E.09252
G1 X71.199 Y105.332 E.0133
;WIDTH:0.374336
G1 X71.21 Y105.374 E.00098
G1 X71.139 Y105.393 E.00166
G1 X71.158 Y105.321 E.00168
;WIDTH:0.407168
G1 X71.077 Y105.264 E.00246
;WIDTH:0.439999
G1 X70.996 Y105.207 E.00267
G1 X68.938 Y103.15 E.07852
G1 E-3.5
;WIPE_START
G1 F7200
G1 X70.996 Y105.207 E-1.38213
G1 X71.077 Y105.264 E-.04705
G1 X71.158 Y105.321 E-.04705
G1 X71.145 Y105.369 E-.02377
;WIPE_END
G1 X70.216 Y100.608 F9000
G1 E5 F2400
G1 F3600
G1 X70.222 Y100.843 E.00634
G1 X70.187 Y101.287 E.01202
G1 X70.047 Y101.761 E.01334
G1 X69.809 Y102.246 E.01458
G1 X69.458 Y102.709 E.01568
G1 X69.255 Y102.893 E.00739
G1 X70.996 Y104.633 E.06642
G1 X70.996 Y100.345 E.11571
G1 X70.806 Y100.393 E.00529
G1 X70.693 Y100.315 E.00371
G1 X70.476 Y100.505 E.00778
G1 X70.331 Y100.503 E.00391
G1 X70.21 Y100.406 E.00418
G1 X70.406 Y100.028 E.01149
G1 X70.038 Y99.66 E.01404
G1 X70.608 Y100.87 F9000
;WIDTH:0.45372
G1 F3600
G1 X70.583 Y101.401 E.01483
;WIDTH:0.490542
G1 X70.565 Y101.554 E.00468
;WIDTH:0.527364
G1 X70.546 Y101.706 E.00502
;WIDTH:0.564185
G1 X70.528 Y101.859 E.00543
G1 X70.528 Y103.504 E.05798
G1 X69.911 Y102.887 E.03075
G1 X70.229 Y102.452 E.01899
G1 X70.467 Y101.967 E.01904
G1 X70.505 Y101.783 E.00662
;WIDTH:0.52832
G1 X70.542 Y101.599 E.00617
G1 E-3.5
;WIPE_START
G1 F7200
G1 X70.505 Y101.783 E-.08915
G1 X70.467 Y101.967 E-.08924
G1 X70.229 Y102.452 E-.25662
G1 X69.911 Y102.887 E-.25595
G1 X70.528 Y103.504 E-.41447
G1 X70.528 Y102.673 E-.39457
;WIPE_END
G1 X64.409 Y100.915 F9000
G1 E5 F2400
;WIDTH:0.439999
G1 F3600
G1 X62.143 Y98.649 E.08648
G1 X62.328 Y98.261 E.0116
G1 X64.434 Y100.366 E.08035
G1 X64.49 Y100.004 E.00988
G1 X64.671 Y99.494 E.0146
G1 X64.903 Y99.114 E.01201
G1 X62.143 Y96.354 E.10533
G1 X62.143 Y98.219 E.05033
G1 X62.549 Y97.907 E.01382
G1 X62.549 Y97.334 E.01546
G1 X64.388 Y99.173 E.07018
G1 X64.213 Y99.571 E.01173
G1 X62.692 Y98.051 E.05803
G1 E-3.5
;WIPE_START
G1 F7200
G1 X64.213 Y99.571 E-1.0214
G1 X64.388 Y99.173 E-.20652
G1 X63.983 Y98.768 E-.27208
;WIPE_END
G1 X62.143 Y95.78 F9000
G1 E5 F2400
G1 F3600
G1 X65.153 Y98.791 E.11489
G1 X65.436 Y98.5 E.01095
G1 X62.143 Y95.207 E.12567
G1 X62.143 Y94.633 E.01549
G1 X65.763 Y98.253 E.13815
G1 X66.138 Y98.054 E.01146
G1 X62.143 Y94.059 E.15246
G1 X62.143 Y93.486 E.01546
G1 X66.56 Y97.902 E.16854
G1 X67.048 Y97.817 E.01337
G1 X62.143 Y92.912 E.18719
G1 X62.143 Y92.338 E.01549
G1 X67.626 Y97.821 E.20924
G1 E-3.5
;WIPE_START
G1 F7200
G1 X65.393 Y95.588 E-1.5
;WIPE_END
G1 X69.829 Y99.373 F9000
G1 E5 F2400
;WIDTH:0.374336
G1 F3600
G1 X69.567 Y99.035 E.00967
G1 X69.193 Y98.643 E.01225
G1 X68.67 Y98.209 E.01537
;WIDTH:0.407168
G1 X68.527 Y98.107 E.00436
;WIDTH:0.439999
G1 X68.383 Y98.005 E.00476
G1 X62.143 Y91.765 E.23813
G1 X62.143 Y91.191 E.01549
G1 X70.864 Y99.912 E.33281
G1 X70.996 Y99.47 E.01245
G1 X62.143 Y90.617 E.33785
G1 X62.143 Y90.044 E.01546
G1 X70.996 Y98.896 E.33783
G1 X70.996 Y98.322 E.01549
G1 X62.143 Y89.47 E.33783
G1 X62.143 Y88.896 E.01549
G1 X70.996 Y97.749 E.33785
G1 X70.996 Y97.175 E.01549
G1 X62.143 Y88.322 E.33785
G1 X62.143 Y87.749 E.01546
G1 X70.996 Y96.601 E.33783
G1 X70.996 Y96.028 E.01546
G1 X62.143 Y87.175 E.33785
G1 X62.143 Y86.601 E.01549
G1 X70.996 Y95.454 E.33785
G1 X70.996 Y94.88 E.01549
G1 X62.143 Y86.028 E.33783
G1 X62.143 Y85.454 E.01549
G1 X70.996 Y94.307 E.33785
G1 X70.996 Y93.733 E.01549
G1 X62.143 Y84.88 E.33785
G1 X62.143 Y84.307 E.01546
G1 X70.996 Y93.159 E.33783
G1 X70.996 Y92.586 E.01546
G1 X62.143 Y83.733 E.33785
G1 X62.143 Y83.159 E.01549
G1 X70.996 Y92.012 E.33785
G1 X70.996 Y91.438 E.01549
G1 X62.143 Y82.586 E.33783
G1 X62.143 Y82.012 E.01549
G1 X70.996 Y90.864 E.33783
G1 X70.996 Y90.291 E.01546
G1 X62.143 Y81.438 E.33785
G1 X62.143 Y80.864 E.01549
G1 X70.996 Y89.717 E.33785
G1 X70.996 Y89.143 E.01549
G1 X62.143 Y80.291 E.33783
G1 X62.143 Y79.717 E.01549
G1 X70.996 Y88.57 E.33785
G1 X70.996 Y87.996 E.01549
G1 X62.143 Y79.143 E.33785
G1 X62.143 Y78.57 E.01546
G1 X70.996 Y87.422 E.33783
G1 X70.996 Y86.849 E.01546
G1 X62.143 Y77.996 E.33785
G1 X62.143 Y77.422 E.01549
G1 X70.996 Y86.275 E.33785
G1 X70.996 Y85.701 E.01549
G1 X62.143 Y76.849 E.33783
G1 X62.143 Y76.275 E.01549
G1 X70.996 Y85.128 E.33785
G1 X70.996 Y84.554 E.01549
G1 X62.143 Y75.701 E.33785
G1 X62.143 Y75.127 E.01549
G1 X70.996 Y83.98 E.33785
G1 X70.996 Y83.406 E.01549
G1 X62.143 Y74.554 E.33783
G1 X62.143 Y73.98 E.01549
G1 X70.996 Y82.833 E.33785
G1 X70.996 Y82.259 E.01549
G1 X62.143 Y73.406 E.33785
G1 X62.143 Y72.833 E.01546
G1 X70.996 Y81.685 E.33783
G1 X70.996 Y81.112 E.01546
G1 X62.143 Y72.259 E.33785
G1 X62.143 Y71.685 E.01549
G1 X70.996 Y80.538 E.33785
G1 X70.996 Y79.964 E.01549
G1 X62.143 Y71.112 E.33783
G1 X62.143 Y70.538 E.01549
G1 X70.996 Y79.391 E.33785
G1 X70.996 Y78.817 E.01549
G1 X62.143 Y69.964 E.33785
G1 X62.143 Y69.391 E.01546
G1 X70.996 Y78.243 E.33783
G1 X70.996 Y77.669 E.01549
G1 X62.143 Y68.817 E.33783
G1 X62.143 Y68.243 E.01549
G1 X70.996 Y77.096 E.33785
G1 X70.996 Y76.522 E.01549
G1 X62.143 Y67.669 E.33785
G1 X62.143 Y67.096 E.01546
G1 X70.996 Y75.948 E.33783
G1 X70.996 Y75.375 E.01546
G1 X62.143 Y66.522 E.33785
G1 X62.143 Y65.948 E.01549
G1 X70.996 Y74.801 E.33785
G1 X70.996 Y74.227 E.01549
G1 X62.143 Y65.375 E.33783
G1 X62.143 Y64.801 E.01549
G1 X70.996 Y73.654 E.33785
G1 X70.996 Y73.08 E.01549
G1 X62.143 Y64.227 E.33785
G1 X62.143 Y63.654 E.01546
G1 X70.996 Y72.506 E.33783
G1 X70.996 Y71.933 E.01546
G1 X62.143 Y63.08 E.33785
G1 X62.143 Y62.506 E.01549
G1 X70.996 Y71.359 E.33785
G1 X70.996 Y70.785 E.01549
G1 X62.143 Y61.933 E.33783
G1 X62.143 Y61.359 E.01549
G1 X70.996 Y70.211 E.33783
G1 X70.996 Y69.638 E.01546
G1 X62.143 Y60.785 E.33785
G1 X62.143 Y60.211 E.01549
G1 X70.996 Y69.064 E.33785
G1 X70.996 Y68.49 E.01549
G1 X62.143 Y59.638 E.33783
G1 X62.143 Y59.064 E.01549
G1 X70.996 Y67.917 E.33785
G1 X70.996 Y67.343 E.01549
G1 X62.143 Y58.49 E.33785
G1 X62.143 Y57.917 E.01546
G1 X70.996 Y66.769 E.33783
G1 X70.996 Y66.196 E.01546
G1 X62.143 Y57.343 E.33785
G1 X62.143 Y56.769 E.01549
G1 X70.996 Y65.622 E.33785
G1 X70.996 Y65.048 E.01549
G1 X62.143 Y56.196 E.33783
G1 X62.143 Y55.622 E.01549
G1 X70.996 Y64.475 E.33785
G1 X70.996 Y63.901 E.01549
G1 X62.143 Y55.048 E.33785
G1 X62.143 Y54.475 E.01546
G1 X70.996 Y63.327 E.33783
G1 X70.996 Y62.753 E.01549
G1 X62.143 Y53.901 E.33783
G1 X62.143 Y53.327 E.01549
G1 X70.996 Y62.18 E.33785
G1 X70.996 Y61.606 E.01549
G1 X62.143 Y52.753 E.33785
G1 X62.143 Y52.18 E.01546
G1 X70.996 Y61.032 E.33783
G1 X70.996 Y60.459 E.01546
G1 X62.143 Y51.606 E.33785
G1 X62.143 Y51.032 E.01549
G1 X70.996 Y59.885 E.33785
G1 X70.996 Y59.311 E.01549
G1 X62.143 Y50.459 E.33783
G1 X62.143 Y49.885 E.01549
G1 X70.996 Y58.738 E.33785
G1 X70.996 Y58.164 E.01549
G1 X62.143 Y49.311 E.33785
G1 X62.143 Y48.738 E.01546
G1 X70.996 Y57.59 E.33783
G1 X70.996 Y57.017 E.01546
G1 X62.143 Y48.164 E.33785
G1 X62.143 Y47.59 E.01549
G1 X70.996 Y56.443 E.33785
G1 X70.996 Y55.869 E.01549
G1 X62.143 Y47.016 E.33785
G1 X62.143 Y46.443 E.01546
G1 X70.996 Y55.295 E.33783
G1 X70.996 Y54.722 E.01546
G1 X62.143 Y45.869 E.33785
G1 X62.143 Y45.295 E.01549
G1 X70.996 Y54.148 E.33785
G1 X70.996 Y53.574 E.01549
G1 X62.143 Y44.722 E.33783
G1 X62.143 Y44.148 E.01549
G1 X70.996 Y53.001 E.33785
G1 X70.996 Y52.427 E.01549
G1 X62.143 Y43.574 E.33785
G1 X62.143 Y43.001 E.01546
G1 X70.996 Y51.853 E.33783
G1 X70.996 Y51.28 E.01546
G1 X62.143 Y42.427 E.33785
G1 X62.143 Y41.853 E.01549
G1 X70.996 Y50.706 E.33785
G1 X70.996 Y50.132 E.01549
G1 X62.143 Y41.28 E.33783
G1 X62.143 Y40.706 E.01549
G1 X70.996 Y49.558 E.33783
G1 X70.996 Y48.985 E.01546
G1 X62.143 Y40.132 E.33785
G1 X62.143 Y39.558 E.01549
G1 X70.996 Y48.411 E.33785
G1 X70.996 Y47.837 E.01549
G1 X62.143 Y38.985 E.33783
G1 X62.143 Y38.411 E.01549
G1 X70.996 Y47.264 E.33785
G1 X70.996 Y46.69 E.01549
G1 X62.143 Y37.837 E.33785
G1 X62.143 Y37.264 E.01546
G1 X70.996 Y46.116 E.33783
G1 X70.996 Y45.543 E.01546
G1 X62.143 Y36.69 E.33785
G1 X62.143 Y36.116 E.01549
G1 X70.996 Y44.969 E.33785
G1 X70.996 Y44.395 E.01549
G1 X62.143 Y35.543 E.33783
G1 X62.143 Y34.969 E.01549
G1 X70.996 Y43.822 E.33785
G1 X70.996 Y43.248 E.01549
G1 X62.143 Y34.395 E.33785
G1 X62.143 Y33.822 E.01546
G1 X70.996 Y42.674 E.33783
G1 X70.996 Y42.1 E.01549
G1 X62.143 Y33.248 E.33783
G1 X62.143 Y32.674 E.01549
G1 X70.996 Y41.527 E.33785
G1 X70.996 Y40.953 E.01549
G1 X62.143 Y32.1 E.33785
G1 X62.143 Y31.527 E.01546
G1 X70.996 Y40.379 E.33783
G1 X70.996 Y39.806 E.01546
G1 X62.143 Y30.953 E.33785
G1 X62.143 Y30.379 E.01549
G1 X70.996 Y39.232 E.33785
G1 X70.996 Y38.658 E.01549
G1 X62.143 Y29.806 E.33783
G1 X62.143 Y29.232 E.01549
G1 X70.996 Y38.085 E.33785
G1 X70.996 Y37.511 E.01549
G1 X62.143 Y28.658 E.33785
G1 X62.143 Y28.085 E.01546
G1 X70.996 Y36.937 E.33783
G1 X70.996 Y36.364 E.01546
G1 X62.143 Y27.511 E.33785
G1 X62.143 Y26.937 E.01549
G1 X70.996 Y35.79 E.33785
G1 X70.996 Y35.216 E.01549
G1 X62.143 Y26.363 E.33785
G1 X62.143 Y25.79 E.01546
G1 X70.996 Y34.642 E.33783
G1 X71.145 Y33.752 F9000
;WIDTH:0.374336
G1 F3600
G1 X71.156 Y33.793 E.00096
G1 X71.084 Y33.812 E.00168
G1 X71.103 Y33.741 E.00166
;WIDTH:0.407168
G1 X71.05 Y33.905 E.00427
;WIDTH:0.439999
G1 X70.996 Y34.069 E.00466
G1 X62.143 Y25.216 E.33785
G1 X62.143 Y24.642 E.01549
G1 X65.029 Y27.528 E.11014
G1 X65.123 Y27.672 E.00464
;WIDTH:0.407168
G1 X65.218 Y27.815 E.00426
;WIDTH:0.374336
G1 X65.303 Y27.73 E.00272
;WIDTH:0.439999
G1 X65.505 Y28.004 E.00919
G1 X70.996 Y33.495 E.20955
G1 X70.996 Y32.921 E.01549
G1 X66.632 Y28.557 E.16654
G1 X66.503 Y28.454 E.00445
;WIDTH:0.407168
G1 X66.375 Y28.35 E.00409
;WIDTH:0.374336
G1 X66.386 Y28.391 E.00096
G1 X66.315 Y28.41 E.00166
G1 X66.334 Y28.339 E.00166
G1 X67.289 Y28.641 F9000
;WIDTH:0.439999
G1 F3600
G1 X70.996 Y32.348 E.14147
G1 X70.996 Y31.774 E.01549
G1 X67.819 Y28.598 E.12122
G1 X68.273 Y28.477 E.01268
G1 X70.996 Y31.2 E.10392
G1 X70.996 Y30.627 E.01546
G1 X68.675 Y28.306 E.08857
G1 E-3.5
;WIPE_START
G1 F7200
G1 X70.908 Y30.539 E-1.5
;WIPE_END
G1 X70.211 Y25.427 F9000
G1 E5 F2400
G1 F3600
G1 X70.237 Y25.621 E.00528
G1 X70.194 Y26.245 E.01688
G1 X69.969 Y26.946 E.01987
G1 X69.612 Y27.517 E.01817
G1 X69.203 Y27.943 E.01594
G1 X69.021 Y28.078 E.00611
G1 X70.996 Y30.053 E.07537
G1 X70.996 Y25.334 E.12734
G1 X70.901 Y25.351 E.0026
G1 X70.816 Y25.284 E.00292
G1 X70.673 Y25.427 E.00546
G1 X70.556 Y25.485 E.00352
G1 X70.386 Y25.427 E.00485
G1 X70.185 Y25.226 E.00767
G1 X70.529 Y24.997 E.01115
G1 X69.904 Y24.372 E.02385
G1 E-3.5
;WIPE_START
G1 F7200
G1 X70.529 Y24.997 E-.41984
G1 X70.185 Y25.226 E-.19629
G1 X70.386 Y25.427 E-.13502
G1 X70.556 Y25.485 E-.08532
G1 X70.673 Y25.427 E-.06203
G1 X70.816 Y25.284 E-.09606
G1 X70.901 Y25.351 E-.05141
G1 X70.996 Y25.334 E-.04584
G1 X70.996 Y26.193 E-.40819
;WIPE_END
G1 X69.616 Y28.1 F9000
G1 E5 F2400
G1 F3600
G1 X69.954 Y27.735 E.01342
G1 X70.354 Y27.073 E.02087
G1 X70.594 Y26.272 E.02256
;WIDTH:0.434633
G1 X70.593 Y26.425 E.00407
;WIDTH:0.439999
G1 X70.59 Y29.074 E.07148
G1 X69.76 Y28.243 E.03169
G1 E-3.5
;WIPE_START
G1 F7200
G1 X70.59 Y29.074 E-.55789
G1 X70.592 Y27.091 E-.94211
;WIPE_END
G1 X64.691 Y26.664 F9000
G1 E5 F2400
;WIDTH:0.374336
G1 F3600
G1 X64.702 Y26.705 E.00096
G1 X64.631 Y26.724 E.00166
G1 X64.65 Y26.653 E.00166
;WIDTH:0.407168
G1 X64.565 Y26.53 E.00371
;WIDTH:0.439999
G1 X64.481 Y26.407 E.00402
G1 X62.143 Y24.069 E.08922
G1 X62.143 Y23.495 E.01549
G1 X64.421 Y25.773 E.08693
G1 E-3.5
;WIPE_START
G1 F7200
G1 X62.188 Y23.54 E-1.5
;WIPE_END
G1 X62.328 Y23.107 F9000
G1 E5 F2400
G1 F3600
G1 X64.458 Y25.236 E.08127
G1 X64.543 Y24.821 E.01143
G1 X64.757 Y24.324 E.0146
G1 X64.962 Y24.019 E.00992
G1 X62.143 Y21.2 E.10758
G1 X62.143 Y23.065 E.05033
G1 X62.549 Y22.753 E.01382
G1 X62.549 Y22.18 E.01546
G1 X64.437 Y24.068 E.07205
G1 X64.256 Y24.461 E.01168
G1 X62.692 Y22.897 E.05969
G1 E-3.5
;WIPE_START
G1 F7200
G1 X64.256 Y24.461 E-1.05062
G1 X64.437 Y24.068 E-.20552
G1 X64.074 Y23.705 E-.24386
;WIPE_END
G1 X62.143 Y20.627 F9000
G1 E5 F2400
G1 F3600
G1 X65.216 Y23.699 E.11725
G1 X65.515 Y23.425 E.01094
G1 X62.143 Y20.053 E.12868
G1 X62.143 Y19.479 E.01549
G1 X65.861 Y23.197 E.14189
G1 X66.245 Y23.007 E.01156
G1 X62.143 Y18.905 E.15654
G1 X61.465 Y17.606 F9000
;WIDTH:0.374336
G1 F3600
G1 X61.823 Y17.937 E.01103
;WIDTH:0.407168
G1 X61.929 Y18.081 E.00443
;WIDTH:0.439999
G1 X62.035 Y18.224 E.0048
G1 X66.682 Y22.871 E.17734
G1 X67.191 Y22.806 E.01385
G1 X61.43 Y17.046 E.21983
G1 X62.004 Y17.046 E.01549
G1 X67.801 Y22.843 E.22123
G1 X67.96 Y22.913 E.00469
;WIDTH:0.407168
G1 X68.118 Y22.982 E.00428
;WIDTH:0.374336
G1 X68.129 Y23.023 E.00096
G1 X68.058 Y23.042 E.00166
G1 X68.077 Y22.971 E.00166
G1 X69.672 Y24.085 F9000
G1 F3600
G1 X69.385 Y23.757 E.00986
G1 X68.957 Y23.36 E.0132
;WIDTH:0.407168
G1 X68.814 Y23.249 E.00449
;WIDTH:0.439999
G1 X68.67 Y23.138 E.00491
G1 X62.578 Y17.046 E.23248
G1 X63.152 Y17.046 E.01549
G1 X70.986 Y24.88 E.29896
G1 X70.996 Y24.316 E.01522
G1 X63.725 Y17.046 E.27746
G1 X64.299 Y17.046 E.01549
G1 X70.996 Y23.742 E.25555
G1 X70.996 Y23.169 E.01546
G1 X64.873 Y17.046 E.23367
G1 X65.446 Y17.046 E.01546
G1 X70.996 Y22.595 E.21178
G1 X70.996 Y22.021 E.01549
G1 X66.02 Y17.046 E.18988
G1 X66.594 Y17.046 E.01549
G1 X70.996 Y21.447 E.16797
G1 X70.996 Y20.874 E.01546
G1 X67.167 Y17.046 E.1461
G1 X67.741 Y17.046 E.01549
G1 X70.996 Y20.3 E.1242
G1 X70.996 Y19.726 E.01549
G1 X68.315 Y17.046 E.10229
G1 X68.889 Y17.046 E.01549
G1 X70.996 Y19.153 E.08041
G1 E-3.5
;WIPE_START
G1 F7200
G1 X68.889 Y17.046 E-1.41538
G1 X68.711 Y17.046 E-.08462
;WIPE_END
G1 X69.606 Y17.189 F9000
G1 E5 F2400
G1 F3600
G1 X70.996 Y18.579 E.05305
G1 X70.996 Y17.046 E.04137
G1 X69.462 Y17.046 E.04139
G1 X70.531 Y17.435 F9000
;WIDTH:0.526946
G1 F3600
G1 X70.487 Y17.479 E.00204
G1 X70.503 Y17.538 E.002
G1 X70.562 Y17.554 E.002
G1 X70.606 Y17.511 E.00202
G1 X70.59 Y17.451 E.00203
;LAYER_CHANGE
;Z:1
;HEIGHT:0.16
;BEFORE_LAYER_CHANGE
G92 E0
;1


G1 E-3.5 F3600
;WIPE_START
G1 F7200
G1 X70.606 Y17.511 E-.0295
G1 X70.562 Y17.554 E-.02922
G1 X70.503 Y17.538 E-.02904
G1 X70.487 Y17.479 E-.02904
G1 X70.531 Y17.435 E-.02956
;WIPE_END
G1 E-1.35364 F3600
G1 Z1 F9000
;AFTER_LAYER_CHANGE
;1
G1 X67.384 Y98.127
G1 E5 F2400
;TYPE:Perimeter
;WIDTH:0.439999
G1 F1800
G1 X67.674 Y98.138 E.00783
G1 X68.179 Y98.259 E.01401
G1 X68.65 Y98.479 E.01403
G1 X69.068 Y98.787 E.01401
G1 X69.417 Y99.172 E.01402
G1 X69.683 Y99.618 E.01401
G1 X69.855 Y100.108 E.01401
G1 X69.926 Y100.623 E.01403
G1 X69.894 Y101.141 E.014
G1 X69.76 Y101.643 E.01402
G1 X69.529 Y102.108 E.01401
G1 X69.367 Y102.327 E.00735
G1 X68.975 Y102.729 E.01515
G1 X68.482 Y103.057 E.01598
G1 X67.996 Y103.241 E.01402
G1 X67.483 Y103.325 E.01403
G1 X66.964 Y103.306 E.01401
G1 X66.459 Y103.184 E.01402
G1 X65.988 Y102.965 E.01402
G1 X65.57 Y102.657 E.01401
G1 X65.222 Y102.272 E.014
G1 X64.879 Y101.643 E.01933
G1 X64.745 Y101.141 E.01402
G1 X64.713 Y100.623 E.014
G1 X64.784 Y100.108 E.01403
G1 X64.956 Y99.618 E.01401
G1 X65.271 Y99.117 E.01597
G1 X65.664 Y98.715 E.01517
G1 X66.157 Y98.387 E.01598
G1 X66.643 Y98.203 E.01402
G1 X67.155 Y98.119 E.014
G1 X67.324 Y98.125 E.00456
G1 X67.374 Y98.523 F9000
G1 F1800
G1 X67.76 Y98.563 E.01047
G1 X68.179 Y98.693 E.01184
G1 X68.564 Y98.903 E.01183
G1 X68.899 Y99.186 E.01183
G1 X69.172 Y99.529 E.01183
G1 X69.372 Y99.92 E.01185
G1 X69.49 Y100.343 E.01185
G1 X69.522 Y100.78 E.01182
G1 X69.467 Y101.216 E.01186
G1 X69.326 Y101.631 E.01183
G1 X69.077 Y102.044 E.01301
G1 X68.685 Y102.446 E.01515
G1 X68.279 Y102.706 E.01301
G1 X67.752 Y102.882 E.01499
G1 X67.316 Y102.925 E.01182
G1 X66.879 Y102.881 E.01185
G1 X66.46 Y102.751 E.01184
G1 X66.075 Y102.54 E.01185
G1 X65.739 Y102.258 E.01184
G1 X65.466 Y101.914 E.01185
G1 X65.267 Y101.524 E.01181
G1 X65.149 Y101.101 E.01185
G1 X65.117 Y100.663 E.01185
G1 X65.172 Y100.228 E.01183
G1 X65.312 Y99.812 E.01184
G1 X65.562 Y99.4 E.013
G1 X65.954 Y98.998 E.01515
G1 X66.36 Y98.738 E.01301
G1 X66.886 Y98.561 E.01498
G1 X67.315 Y98.519 E.01163
G1 X67.274 Y98.915 F9000
;TYPE:External perimeter
;WIDTH:0.419999
G1 F1800
G1 X67.293 Y98.913 E.00049
G1 X67.652 Y98.944 E.00924
G1 X67.998 Y99.045 E.00925
G1 X68.317 Y99.213 E.00925
G1 X68.596 Y99.44 E.00923
G1 X68.825 Y99.719 E.00926
G1 X68.994 Y100.037 E.00924
G1 X69.096 Y100.382 E.00923
G1 X69.128 Y100.741 E.00925
G1 X69.089 Y101.099 E.00924
G1 X68.979 Y101.442 E.00924
G1 X68.794 Y101.767 E.00959
G1 X68.401 Y102.17 E.01444
G1 X68.046 Y102.379 E.01057
G1 X67.703 Y102.49 E.00925
G1 X67.345 Y102.531 E.00924
G1 X66.986 Y102.5 E.00924
G1 X66.641 Y102.399 E.00922
G1 X66.322 Y102.231 E.00925
G1 X66.042 Y102.004 E.00925
G1 X65.814 Y101.725 E.00924
G1 X65.645 Y101.407 E.00924
G1 X65.542 Y101.062 E.00924
G1 X65.51 Y100.703 E.00925
G1 X65.55 Y100.345 E.00924
G1 X65.66 Y100.001 E.00927
G1 X65.845 Y99.676 E.00959
G1 X66.237 Y99.274 E.0144
G1 X66.593 Y99.065 E.01059
G1 X66.936 Y98.954 E.00925
G1 X67.215 Y98.922 E.0072
G1 E-3.5 F3600
;WIPE_START
G1 F7200
G1 X67.274 Y98.915 E-.02822
G1 X67.293 Y98.913 E-.00907
G1 X67.652 Y98.944 E-.17116
G1 X67.998 Y99.045 E-.17121
G1 X68.317 Y99.213 E-.17125
G1 X68.596 Y99.44 E-.17085
G1 X68.825 Y99.719 E-.17145
G1 X68.994 Y100.037 E-.17106
G1 X69.096 Y100.382 E-.17089
G1 X69.128 Y100.741 E-.1712
G1 X69.107 Y100.937 E-.09364
;WIPE_END
G1 X24.921 Y100.588 F9000
G1 E5 F2400
;TYPE:Perimeter
;WIDTH:0.439999
G1 F1800
G1 X24.926 Y100.623 E.00095
G1 X24.894 Y101.141 E.014
G1 X24.76 Y101.643 E.01402
G1 X24.529 Y102.108 E.01401
G1 X24.367 Y102.327 E.00735
G1 X23.975 Y102.729 E.01515
G1 X23.482 Y103.057 E.01598
G1 X22.996 Y103.241 E.01402
G1 X22.483 Y103.325 E.01403
G1 X21.964 Y103.306 E.01401
G1 X21.459 Y103.184 E.01402
G1 X20.988 Y102.965 E.01402
G1 X20.57 Y102.657 E.01401
G1 X20.222 Y102.272 E.014
G1 X19.956 Y101.826 E.01401
G1 X19.784 Y101.335 E.01404
G1 X19.713 Y100.821 E.014
G1 X19.745 Y100.302 E.01403
G1 X19.879 Y99.801 E.01399
G1 X20.11 Y99.335 E.01404
G1 X20.271 Y99.117 E.00731
G1 X20.664 Y98.715 E.01517
G1 X21.157 Y98.387 E.01598
G1 X21.643 Y98.203 E.01402
G1 X22.155 Y98.119 E.014
G1 X22.674 Y98.138 E.01401
G1 X23.179 Y98.259 E.01401
G1 X23.65 Y98.479 E.01403
G1 X24.068 Y98.787 E.01401
G1 X24.417 Y99.172 E.01402
G1 X24.683 Y99.618 E.01401
G1 X24.855 Y100.108 E.01401
G1 X24.913 Y100.529 E.01147
G1 X24.51 Y100.61 F9000
G1 F1800
G1 X24.522 Y100.78 E.0046
G1 X24.467 Y101.216 E.01186
G1 X24.326 Y101.631 E.01183
G1 X24.077 Y102.044 E.01301
G1 X23.685 Y102.446 E.01515
G1 X23.279 Y102.706 E.01301
G1 X22.752 Y102.882 E.01499
G1 X22.316 Y102.925 E.01182
G1 X21.879 Y102.881 E.01185
G1 X21.46 Y102.751 E.01184
G1 X21.075 Y102.54 E.01185
G1 X20.739 Y102.258 E.01184
G1 X20.466 Y101.914 E.01185
G1 X20.267 Y101.524 E.01181
G1 X20.149 Y101.101 E.01185
G1 X20.117 Y100.78 E.00871
G1 X20.172 Y100.228 E.01497
G1 X20.312 Y99.812 E.01184
G1 X20.562 Y99.4 E.013
G1 X20.954 Y98.998 E.01515
G1 X21.36 Y98.738 E.01301
G1 X21.886 Y98.561 E.01498
G1 X22.323 Y98.518 E.01185
G1 X22.76 Y98.563 E.01185
G1 X23.179 Y98.693 E.01184
G1 X23.564 Y98.903 E.01183
G1 X23.899 Y99.186 E.01183
G1 X24.172 Y99.529 E.01183
G1 X24.372 Y99.92 E.01185
G1 X24.49 Y100.343 E.01185
G1 X24.505 Y100.55 E.0056
G1 X24.111 Y100.543 F9000
;TYPE:External perimeter
;WIDTH:0.419999
G1 F1800
G1 X24.128 Y100.741 E.0051
G1 X24.089 Y101.099 E.00924
G1 X23.979 Y101.442 E.00924
G1 X23.794 Y101.767 E.00959
G1 X23.401 Y102.17 E.01444
G1 X23.046 Y102.379 E.01057
G1 X22.703 Y102.49 E.00925
G1 X22.345 Y102.531 E.00924
G1 X21.986 Y102.5 E.00924
G1 X21.641 Y102.399 E.00922
G1 X21.322 Y102.231 E.00925
G1 X21.042 Y102.004 E.00925
G1 X20.814 Y101.725 E.00924
G1 X20.645 Y101.407 E.00924
G1 X20.542 Y101.062 E.00924
G1 X20.51 Y100.741 E.00828
G1 X20.55 Y100.345 E.01021
G1 X20.66 Y100.001 E.00927
G1 X20.845 Y99.676 E.00959
G1 X21.237 Y99.274 E.0144
G1 X21.593 Y99.065 E.01059
G1 X21.936 Y98.954 E.00925
G1 X22.293 Y98.913 E.00922
G1 X22.652 Y98.944 E.00924
G1 X22.998 Y99.045 E.00925
G1 X23.317 Y99.213 E.00925
G1 X23.596 Y99.44 E.00923
G1 X23.825 Y99.719 E.00926
G1 X23.994 Y100.037 E.00924
G1 X24.096 Y100.382 E.00923
G1 X24.105 Y100.483 E.0026
G1 E-3.5 F3600
;WIPE_START
G1 F7200
G1 X24.111 Y100.543 E-.02864
G1 X24.128 Y100.741 E-.0944
G1 X24.089 Y101.099 E-.17106
G1 X23.979 Y101.442 E-.1711
G1 X23.794 Y101.767 E-.17763
G1 X23.401 Y102.17 E-.26738
G1 X23.046 Y102.379 E-.19568
G1 X22.703 Y102.49 E-.17124
G1 X22.345 Y102.531 E-.17116
G1 X22.237 Y102.522 E-.05171
;WIPE_END
G1 X22.384 Y28.321 F9000
G1 E5 F2400
;TYPE:Perimeter
;WIDTH:0.439999
G1 F1800
G1 X21.964 Y28.306 E.01134
G1 X21.459 Y28.184 E.01402
G1 X20.988 Y27.965 E.01402
G1 X20.57 Y27.657 E.01401
G1 X20.222 Y27.272 E.014
G1 X19.956 Y26.825 E.01404
G1 X19.784 Y26.335 E.01401
G1 X19.74 Y26.067 E.00733
G1 X19.726 Y25.506 E.01514
G1 X19.836 Y24.923 E.01601
G1 X20.044 Y24.447 E.01402
G1 X20.341 Y24.022 E.01399
G1 X20.717 Y23.663 E.01403
G1 X21.157 Y23.387 E.01402
G1 X21.643 Y23.203 E.01402
G1 X22.155 Y23.119 E.014
G1 X22.675 Y23.138 E.01404
G1 X23.179 Y23.259 E.01399
G1 X23.65 Y23.479 E.01403
G1 X24.068 Y23.787 E.01401
G1 X24.417 Y24.172 E.01402
G1 X24.683 Y24.618 E.01401
G1 X24.855 Y25.108 E.01401
G1 X24.926 Y25.623 E.01403
G1 X24.894 Y26.141 E.014
G1 X24.76 Y26.643 E.01402
G1 X24.529 Y27.108 E.01401
G1 X24.367 Y27.327 E.00735
G1 X23.975 Y27.729 E.01515
G1 X23.482 Y28.057 E.01598
G1 X22.996 Y28.241 E.01402
G1 X22.483 Y28.325 E.01403
G1 X22.444 Y28.324 E.00105
G1 X22.374 Y27.92 F9000
G1 F1800
G1 X22.316 Y27.925 E.00157
G1 X21.879 Y27.881 E.01185
G1 X21.46 Y27.751 E.01184
G1 X21.075 Y27.54 E.01185
G1 X20.739 Y27.258 E.01184
G1 X20.466 Y26.914 E.01185
G1 X20.267 Y26.524 E.01181
G1 X20.146 Y26.057 E.01302
G1 X20.132 Y25.495 E.01517
G1 X20.229 Y25.024 E.01298
G1 X20.47 Y24.523 E.015
G1 X20.744 Y24.181 E.01183
G1 X21.081 Y23.899 E.01186
G1 X21.467 Y23.69 E.01184
G1 X22 Y23.547 E.01489
G1 X22.323 Y23.518 E.00875
G1 X22.76 Y23.563 E.01185
G1 X23.179 Y23.693 E.01184
G1 X23.564 Y23.903 E.01183
G1 X23.815 Y24.104 E.00868
G1 X24.172 Y24.529 E.01498
G1 X24.372 Y24.92 E.01185
G1 X24.49 Y25.343 E.01185
G1 X24.522 Y25.78 E.01182
G1 X24.467 Y26.216 E.01186
G1 X24.326 Y26.631 E.01183
G1 X24.077 Y27.044 E.01301
G1 X23.685 Y27.446 E.01515
G1 X23.279 Y27.706 E.01301
G1 X22.752 Y27.882 E.01499
G1 X22.434 Y27.914 E.00862
G1 X22.454 Y27.518 F9000
;TYPE:External perimeter
;WIDTH:0.419999
G1 F1800
G1 X22.345 Y27.531 E.00282
G1 X21.986 Y27.5 E.00924
G1 X21.641 Y27.399 E.00922
G1 X21.322 Y27.231 E.00925
G1 X21.042 Y27.004 E.00925
G1 X20.814 Y26.725 E.00924
G1 X20.645 Y26.407 E.00924
G1 X20.541 Y26.047 E.00961
G1 X20.527 Y25.486 E.0144
G1 X20.626 Y25.085 E.0106
G1 X20.786 Y24.762 E.00925
G1 X21.006 Y24.477 E.00924
G1 X21.279 Y24.242 E.00924
G1 X21.593 Y24.065 E.00925
G1 X22.049 Y23.94 E.01213
G1 X22.293 Y23.913 E.0063
G1 X22.652 Y23.944 E.00924
G1 X22.998 Y24.045 E.00925
G1 X23.317 Y24.213 E.00925
G1 X23.569 Y24.413 E.00825
G1 X23.825 Y24.719 E.01024
G1 X23.994 Y25.037 E.00924
G1 X24.096 Y25.382 E.00923
G1 X24.128 Y25.741 E.00925
G1 X24.089 Y26.099 E.00924
G1 X23.979 Y26.442 E.00924
G1 X23.794 Y26.767 E.00959
G1 X23.401 Y27.17 E.01444
G1 X23.046 Y27.379 E.01057
G1 X22.703 Y27.49 E.00925
G1 X22.514 Y27.512 E.00488
G1 E-3.5 F3600
;WIPE_START
G1 F7200
G1 X22.454 Y27.518 E-.02864
G1 X22.345 Y27.531 E-.05214
G1 X21.986 Y27.5 E-.17116
G1 X21.641 Y27.399 E-.17075
G1 X21.322 Y27.231 E-.17125
G1 X21.042 Y27.004 E-.17122
G1 X20.814 Y26.725 E-.17115
G1 X20.645 Y26.407 E-.17106
G1 X20.541 Y26.047 E-.17799
G1 X20.53 Y25.595 E-.21464
;WIPE_END
G1 X64.735 Y25.851 F9000
G1 E5 F2400
;TYPE:Perimeter
;WIDTH:0.439999
G1 F1800
G1 X64.726 Y25.506 E.00931
G1 X64.836 Y24.923 E.01601
G1 X65.044 Y24.447 E.01402
G1 X65.341 Y24.022 E.01399
G1 X65.717 Y23.663 E.01403
G1 X66.157 Y23.387 E.01402
G1 X66.643 Y23.203 E.01402
G1 X67.155 Y23.119 E.014
G1 X67.675 Y23.138 E.01404
G1 X68.179 Y23.259 E.01399
G1 X68.65 Y23.479 E.01403
G1 X69.068 Y23.787 E.01401
G1 X69.417 Y24.172 E.01402
G1 X69.683 Y24.618 E.01401
G1 X69.855 Y25.108 E.01401
G1 X69.926 Y25.623 E.01403
G1 X69.894 Y26.141 E.014
G1 X69.76 Y26.643 E.01402
G1 X69.529 Y27.108 E.01401
G1 X69.367 Y27.327 E.00735
G1 X68.975 Y27.729 E.01515
G1 X68.482 Y28.057 E.01598
G1 X67.996 Y28.241 E.01402
G1 X67.483 Y28.325 E.01403
G1 X66.964 Y28.306 E.01401
G1 X66.459 Y28.184 E.01402
G1 X65.988 Y27.965 E.01402
G1 X65.57 Y27.657 E.01401
G1 X65.222 Y27.272 E.014
G1 X64.956 Y26.825 E.01404
G1 X64.784 Y26.335 E.01401
G1 X64.74 Y26.067 E.00733
G1 X64.736 Y25.911 E.00421
G1 X65.14 Y25.831 F9000
G1 F1800
G1 X65.132 Y25.495 E.00907
G1 X65.229 Y25.024 E.01298
G1 X65.409 Y24.623 E.01186
G1 X65.744 Y24.181 E.01497
G1 X66.081 Y23.899 E.01186
G1 X66.467 Y23.69 E.01184
G1 X66.886 Y23.561 E.01183
G1 X67.323 Y23.518 E.01185
G1 X67.76 Y23.563 E.01185
G1 X68.179 Y23.693 E.01184
G1 X68.564 Y23.903 E.01183
G1 X68.899 Y24.186 E.01183
G1 X69.172 Y24.529 E.01183
G1 X69.372 Y24.92 E.01185
G1 X69.49 Y25.343 E.01185
G1 X69.522 Y25.78 E.01182
G1 X69.467 Y26.216 E.01186
G1 X69.326 Y26.631 E.01183
G1 X69.077 Y27.044 E.01301
G1 X68.685 Y27.446 E.01515
G1 X68.279 Y27.706 E.01301
G1 X67.752 Y27.882 E.01499
G1 X67.316 Y27.925 E.01182
G1 X66.879 Y27.881 E.01185
G1 X66.46 Y27.751 E.01184
G1 X66.075 Y27.54 E.01185
G1 X65.739 Y27.258 E.01184
G1 X65.466 Y26.914 E.01185
G1 X65.267 Y26.524 E.01181
G1 X65.146 Y26.057 E.01302
G1 X65.142 Y25.891 E.00448
G1 X65.538 Y25.9 F9000
;TYPE:External perimeter
;WIDTH:0.419999
G1 F1800
G1 X65.527 Y25.486 E.01062
G1 X65.626 Y25.085 E.0106
G1 X65.766 Y24.795 E.00826
G1 X66.006 Y24.477 E.01022
G1 X66.279 Y24.242 E.00924
G1 X66.593 Y24.065 E.00925
G1 X66.936 Y23.954 E.00925
G1 X67.293 Y23.913 E.00922
G1 X67.652 Y23.944 E.00924
G1 X67.998 Y24.045 E.00925
G1 X68.317 Y24.213 E.00925
G1 X68.596 Y24.44 E.00923
G1 X68.825 Y24.719 E.00926
G1 X68.994 Y25.037 E.00924
G1 X69.096 Y25.382 E.00923
G1 X69.128 Y25.741 E.00925
G1 X69.089 Y26.099 E.00924
G1 X68.979 Y26.442 E.00924
G1 X68.794 Y26.767 E.00959
G1 X68.401 Y27.17 E.01444
G1 X68.046 Y27.379 E.01057
G1 X67.703 Y27.49 E.00925
G1 X67.345 Y27.531 E.00924
G1 X66.986 Y27.5 E.00924
G1 X66.641 Y27.399 E.00922
G1 X66.322 Y27.231 E.00925
G1 X66.042 Y27.004 E.00925
G1 X65.814 Y26.725 E.00924
G1 X65.645 Y26.407 E.00924
G1 X65.541 Y26.047 E.00961
G1 X65.539 Y25.96 E.00223
G1 E-3.5 F3600
;WIPE_START
G1 F7200
G1 X65.538 Y25.9 E-.0285
G1 X65.527 Y25.486 E-.19672
G1 X65.626 Y25.085 E-.19619
G1 X65.766 Y24.795 E-.15296
G1 X66.006 Y24.477 E-.18924
G1 X66.279 Y24.242 E-.1711
G1 X66.593 Y24.065 E-.17121
G1 X66.936 Y23.954 E-.17124
G1 X67.293 Y23.913 E-.17069
G1 X67.403 Y23.922 E-.05215
;WIPE_END
G1 X67.255 Y173.122 F9000
G1 E5 F2400
;TYPE:Perimeter
;WIDTH:0.439999
G1 F1800
G1 X67.675 Y173.138 E.01134
G1 X68.179 Y173.259 E.01399
G1 X68.65 Y173.479 E.01403
G1 X69.068 Y173.787 E.01401
G1 X69.417 Y174.172 E.01402
G1 X69.683 Y174.618 E.01401
G1 X69.855 Y175.108 E.01401
G1 X69.926 Y175.623 E.01403
G1 X69.894 Y176.141 E.014
G1 X69.83 Y176.405 E.00733
G1 X69.625 Y176.928 E.01516
G1 X69.297 Y177.422 E.016
G1 X68.921 Y177.78 E.01401
G1 X68.482 Y178.057 E.01401
G1 X67.996 Y178.241 E.01402
G1 X67.483 Y178.325 E.01403
G1 X66.964 Y178.306 E.01401
G1 X66.459 Y178.184 E.01402
G1 X65.988 Y177.965 E.01402
G1 X65.57 Y177.657 E.01401
G1 X65.222 Y177.272 E.014
G1 X64.956 Y176.825 E.01404
G1 X64.784 Y176.335 E.01401
G1 X64.74 Y176.067 E.00733
G1 X64.726 Y175.506 E.01514
G1 X64.836 Y174.923 E.01601
G1 X65.044 Y174.447 E.01402
G1 X65.341 Y174.022 E.01399
G1 X65.717 Y173.663 E.01403
G1 X66.157 Y173.387 E.01402
G1 X66.643 Y173.203 E.01402
G1 X67.155 Y173.119 E.014
G1 X67.195 Y173.12 E.00108
G1 X67.265 Y173.526 F9000
G1 F1800
G1 X67.76 Y173.563 E.01339
G1 X68.179 Y173.693 E.01184
G1 X68.564 Y173.903 E.01183
G1 X68.899 Y174.186 E.01183
G1 X69.172 Y174.529 E.01183
G1 X69.372 Y174.92 E.01185
G1 X69.49 Y175.343 E.01185
G1 X69.522 Y175.78 E.01182
G1 X69.452 Y176.257 E.01301
G1 X69.247 Y176.78 E.01516
G1 X68.974 Y177.177 E.013
G1 X68.558 Y177.545 E.01499
G1 X68.172 Y177.754 E.01184
G1 X67.639 Y177.897 E.01489
G1 X67.316 Y177.925 E.00875
G1 X66.879 Y177.881 E.01185
G1 X66.46 Y177.751 E.01184
G1 X66.075 Y177.54 E.01185
G1 X65.739 Y177.258 E.01184
G1 X65.466 Y176.914 E.01185
G1 X65.267 Y176.524 E.01181
G1 X65.146 Y176.057 E.01302
G1 X65.132 Y175.495 E.01517
G1 X65.229 Y175.024 E.01298
G1 X65.47 Y174.523 E.015
G1 X65.744 Y174.181 E.01183
G1 X66.081 Y173.899 E.01186
G1 X66.467 Y173.69 E.01184
G1 X66.886 Y173.561 E.01183
G1 X67.205 Y173.521 E.00868
G1 X67.185 Y173.923 F9000
;TYPE:External perimeter
;WIDTH:0.419999
G1 F1800
G1 X67.255 Y173.914 E.00181
G1 X67.652 Y173.944 E.01021
G1 X67.998 Y174.045 E.00925
G1 X68.317 Y174.213 E.00925
G1 X68.596 Y174.44 E.00923
G1 X68.825 Y174.719 E.00926
G1 X68.994 Y175.037 E.00924
G1 X69.096 Y175.382 E.00923
G1 X69.128 Y175.741 E.00925
G1 X69.084 Y176.113 E.00961
G1 X68.879 Y176.636 E.01441
G1 X68.632 Y176.966 E.01057
G1 X68.36 Y177.202 E.00924
G1 X68.046 Y177.379 E.00925
G1 X67.59 Y177.504 E.01213
G1 X67.345 Y177.531 E.00632
G1 X66.986 Y177.5 E.00924
G1 X66.641 Y177.399 E.00922
G1 X66.322 Y177.231 E.00925
G1 X66.042 Y177.004 E.00925
G1 X65.814 Y176.725 E.00924
G1 X65.645 Y176.407 E.00924
G1 X65.541 Y176.047 E.00961
G1 X65.527 Y175.486 E.0144
G1 X65.626 Y175.085 E.0106
G1 X65.786 Y174.762 E.00925
G1 X66.006 Y174.477 E.00924
G1 X66.279 Y174.242 E.00924
G1 X66.593 Y174.065 E.00925
G1 X66.936 Y173.954 E.00925
G1 X67.125 Y173.93 E.00489
G1 E-3.5 F3600
;WIPE_START
G1 F7200
G1 X67.185 Y173.923 E-.02869
G1 X67.255 Y173.914 E-.03352
G1 X67.652 Y173.944 E-.18911
G1 X67.998 Y174.045 E-.17121
G1 X68.317 Y174.213 E-.17125
G1 X68.596 Y174.44 E-.17085
G1 X68.825 Y174.719 E-.17145
G1 X68.994 Y175.037 E-.17106
G1 X69.096 Y175.382 E-.17089
G1 X69.128 Y175.741 E-.1712
G1 X69.115 Y175.847 E-.05077
;WIPE_END
G1 X24.921 Y175.588 F9000
G1 E5 F2400
;TYPE:Perimeter
;WIDTH:0.439999
G1 F1800
G1 X24.926 Y175.623 E.00095
G1 X24.894 Y176.141 E.014
G1 X24.83 Y176.405 E.00733
G1 X24.625 Y176.928 E.01516
G1 X24.297 Y177.422 E.016
G1 X23.921 Y177.78 E.01401
G1 X23.482 Y178.057 E.01401
G1 X22.803 Y178.285 E.01933
G1 X22.285 Y178.33 E.01403
G1 X21.769 Y178.272 E.01401
G1 X21.275 Y178.112 E.01401
G1 X20.822 Y177.858 E.01401
G1 X20.429 Y177.519 E.01401
G1 X20.11 Y177.108 E.01404
G1 X19.879 Y176.643 E.01401
G1 X19.74 Y176.067 E.01599
G1 X19.726 Y175.506 E.01514
G1 X19.836 Y174.923 E.01601
G1 X20.044 Y174.447 E.01402
G1 X20.341 Y174.022 E.01399
G1 X20.717 Y173.663 E.01403
G1 X21.157 Y173.387 E.01402
G1 X21.643 Y173.203 E.01402
G1 X22.155 Y173.119 E.014
G1 X22.675 Y173.138 E.01404
G1 X23.179 Y173.259 E.01399
G1 X23.65 Y173.479 E.01403
G1 X24.068 Y173.787 E.01401
G1 X24.417 Y174.172 E.01402
G1 X24.683 Y174.618 E.01401
G1 X24.855 Y175.108 E.01401
G1 X24.913 Y175.529 E.01147
G1 X24.51 Y175.61 F9000
G1 F1800
G1 X24.522 Y175.78 E.0046
G1 X24.452 Y176.257 E.01301
G1 X24.247 Y176.78 E.01516
G1 X23.974 Y177.177 E.013
G1 X23.558 Y177.545 E.01499
G1 X23.178 Y177.752 E.01168
G1 X22.752 Y177.882 E.01202
G1 X22.316 Y177.925 E.01182
G1 X21.879 Y177.881 E.01185
G1 X21.46 Y177.751 E.01184
G1 X21.075 Y177.54 E.01185
G1 X20.739 Y177.258 E.01184
G1 X20.466 Y176.914 E.01185
G1 X20.267 Y176.524 E.01181
G1 X20.146 Y176.057 E.01302
G1 X20.132 Y175.495 E.01517
G1 X20.229 Y175.024 E.01298
G1 X20.47 Y174.523 E.015
G1 X20.744 Y174.181 E.01183
G1 X21.081 Y173.899 E.01186
G1 X21.467 Y173.69 E.01184
G1 X21.886 Y173.561 E.01183
G1 X22.323 Y173.518 E.01185
G1 X22.76 Y173.563 E.01185
G1 X23.179 Y173.693 E.01184
G1 X23.564 Y173.903 E.01183
G1 X23.899 Y174.186 E.01183
G1 X24.172 Y174.529 E.01183
G1 X24.372 Y174.92 E.01185
G1 X24.49 Y175.343 E.01185
G1 X24.505 Y175.55 E.0056
G1 X24.111 Y175.543 F9000
;TYPE:External perimeter
;WIDTH:0.419999
G1 F1800
G1 X24.128 Y175.741 E.0051
G1 X24.084 Y176.113 E.00961
G1 X23.879 Y176.636 E.01441
G1 X23.632 Y176.966 E.01057
G1 X23.36 Y177.202 E.00924
G1 X23.048 Y177.378 E.00919
G1 X22.703 Y177.49 E.00931
G1 X22.345 Y177.531 E.00924
G1 X21.986 Y177.5 E.00924
G1 X21.641 Y177.399 E.00922
G1 X21.322 Y177.231 E.00925
G1 X21.042 Y177.004 E.00925
G1 X20.814 Y176.725 E.00924
G1 X20.645 Y176.407 E.00924
G1 X20.541 Y176.047 E.00961
G1 X20.527 Y175.486 E.0144
G1 X20.626 Y175.085 E.0106
G1 X20.786 Y174.762 E.00925
G1 X21.006 Y174.477 E.00924
G1 X21.279 Y174.242 E.00924
G1 X21.593 Y174.065 E.00925
G1 X21.936 Y173.954 E.00925
G1 X22.293 Y173.913 E.00922
G1 X22.652 Y173.944 E.00924
G1 X22.998 Y174.045 E.00925
G1 X23.317 Y174.213 E.00925
G1 X23.596 Y174.44 E.00923
G1 X23.825 Y174.719 E.00926
G1 X23.994 Y175.037 E.00924
G1 X24.096 Y175.382 E.00923
G1 X24.105 Y175.483 E.0026
G1 E-3.5 F3600
;WIPE_START
G1 F7200
G1 X24.111 Y175.543 E-.02864
G1 X24.128 Y175.741 E-.0944
G1 X24.084 Y176.113 E-.17793
G1 X23.879 Y176.636 E-.26683
G1 X23.632 Y176.966 E-.1958
G1 X23.36 Y177.202 E-.17105
G1 X23.048 Y177.378 E-.17015
G1 X22.703 Y177.49 E-.17229
G1 X22.345 Y177.531 E-.17116
G1 X22.237 Y177.522 E-.05175
;WIPE_END
G1 X27.808 Y184.711 F9000
G1 E5 F2400
;TYPE:Perimeter
;WIDTH:0.439999
G1 F3600
G1 X18.331 Y184.711 E.25574
G1 X18.331 Y16.733 E4.53286
G1 X71.308 Y16.733 E1.42957
G1 X71.308 Y184.711 E4.53286
G1 X61.831 Y184.711 E.25574
G1 X61.831 Y18.705 E4.47964
G1 X61.791 Y18.426 E.00761
G1 X61.632 Y18.108 E.00959
G1 X61.304 Y17.827 E.01165
G1 X60.837 Y17.711 E.01298
G1 X28.674 Y17.711 E.86791
G1 X28.334 Y17.827 E.00969
G1 X28.007 Y18.108 E.01163
G1 X27.848 Y18.426 E.00959
G1 X27.808 Y18.705 E.00761
G1 X27.808 Y184.651 E4.47802
G1 X28.214 Y185.116 F9000
G1 F3600
G1 X17.925 Y185.116 E.27765
G1 X17.925 Y16.328 E4.55471
G1 X71.714 Y16.328 E1.45149
G1 X71.714 Y185.116 E4.55471
G1 X61.425 Y185.116 E.27765
G1 X61.425 Y18.587 E4.49375
G1 X61.307 Y18.352 E.0071
G1 X61.113 Y18.185 E.00691
G1 X60.837 Y18.116 E.00768
G1 X28.802 Y18.116 E.86446
G1 X28.525 Y18.185 E.0077
G1 X28.331 Y18.352 E.00691
G1 X28.237 Y18.54 E.00567
G1 X28.214 Y18.705 E.0045
G1 X28.214 Y185.056 E4.48895
G1 X28.609 Y185.512 F9000
;TYPE:External perimeter
;WIDTH:0.419999
G1 F1800
G1 X17.529 Y185.512 E.28425
G1 X17.529 Y15.932 E4.35047
G1 X72.109 Y15.932 E1.40022
G1 X72.109 Y185.512 E4.35047
G1 X61.029 Y185.512 E.28425
G1 X61.029 Y18.705 E4.27933
G1 X60.991 Y18.589 E.00313
G1 X60.837 Y18.512 E.00442
G1 X28.802 Y18.512 E.82184
G1 X28.648 Y18.589 E.00442
G1 X28.609 Y18.705 E.00314
G1 X28.609 Y185.452 E4.2778
G1 E-3.5 F3600
;WIPE_START
G1 F7200
G1 X28.609 Y185.512 E-.0285
G1 X25.511 Y185.512 E-1.4715
;WIPE_END
G1 X27.628 Y17.125 F9000
G1 E5 F2400
;TYPE:Internal infill
;WIDTH:0.44
G1 F3600
G1 X27.628 Y18.175 E.02833
G1 X27.757 Y17.918 E.00776
G1 X28.183 Y17.552 E.01516
G1 X28.694 Y17.407 E.01433
G1 X29.055 Y17.046 E.01378
G1 X29.986 Y17.046 E.02512
G1 X30.339 Y17.398 E.01345
G1 X36.352 Y17.398 E.16226
G1 X36.704 Y17.046 E.01343
G1 X37.636 Y17.046 E.02515
G1 X37.988 Y17.398 E.01343
G1 X44.001 Y17.398 E.16226
G1 X44.354 Y17.046 E.01345
G1 X45.285 Y17.046 E.02512
G1 X45.638 Y17.398 E.01345
G1 X51.65 Y17.398 E.16223
G1 X52.003 Y17.046 E.01345
G1 X52.934 Y17.046 E.02512
G1 X53.287 Y17.398 E.01345
G1 X59.3 Y17.398 E.16226
G1 X59.652 Y17.046 E.01343
G1 X60.584 Y17.046 E.02515
G1 X60.965 Y17.427 E.01454
G1 X61.451 Y17.549 E.01352
G1 X61.882 Y17.918 E.01531
G1 X62.011 Y18.175 E.00776
G1 X62.011 Y17.098 E.02906
G1 X62.543 Y17.091 F9000
;TYPE:Solid infill
;WIDTH:0.565252
G1 F3600
G1 X62.497 Y17.044 E.00232
G1 X62.432 Y17.061 E.00237
G1 X62.415 Y17.125 E.00234
G1 X62.462 Y17.172 E.00235
G1 X62.526 Y17.155 E.00234
;WIDTH:0.439999
G1 X63.204 Y17.046 E.01853
G1 X62.351 Y17.905 E.03267
;WIDTH:0.407168
G1 X62.285 Y17.978 E.00244
;WIDTH:0.374336
G1 X62.214 Y17.959 E.00166
G1 X62.233 Y18.03 E.00166
G1 X62.274 Y18.019 E.00096
;WIDTH:0.439999
G1 X62.417 Y18.407 E.01116
G1 X63.778 Y17.046 E.05194
G1 X64.352 Y17.046 E.01549
G1 X62.417 Y18.98 E.07382
G1 X62.417 Y19.554 E.01549
G1 X64.925 Y17.046 E.09571
G1 X65.499 Y17.046 E.01549
G1 X62.417 Y20.128 E.11762
G1 X62.417 Y20.702 E.01549
G1 X66.073 Y17.046 E.13952
G1 X66.646 Y17.046 E.01546
G1 X62.417 Y21.275 E.16139
G1 X62.417 Y21.849 E.01549
G1 X67.22 Y17.046 E.18329
G1 X67.794 Y17.046 E.01549
G1 X62.417 Y22.423 E.2052
G1 X62.417 Y22.996 E.01546
G1 X68.367 Y17.046 E.22707
G1 X68.941 Y17.046 E.01549
G1 X62.417 Y23.57 E.24897
G1 X62.417 Y24.144 E.01549
G1 X69.515 Y17.046 E.27088
G1 X70.089 Y17.046 E.01549
G1 X62.417 Y24.717 E.29276
G1 X62.417 Y25.291 E.01549
G1 X70.662 Y17.046 E.31465
G1 X71.124 Y16.948 E.01274
;WIDTH:0.374336
G1 X71.052 Y16.929 E.00168
G1 X71.072 Y17 E.00167
G1 X71.113 Y16.989 E.00096
;WIDTH:0.407168
G1 X71.054 Y17.137 E.00395
;WIDTH:0.439999
G1 X70.996 Y17.286 E.00431
G1 X62.417 Y25.865 E.32739
G1 X62.328 Y26.755 F9000
;WIDTH:0.374336
G1 F3600
G1 X62.287 Y26.766 E.00096
G1 X62.268 Y26.695 E.00166
G1 X62.339 Y26.714 E.00166
;WIDTH:0.407168
G1 X62.378 Y26.576 E.00356
;WIDTH:0.439999
G1 X62.417 Y26.438 E.00387
G1 X70.996 Y17.859 E.32739
G1 X70.996 Y18.433 E.01549
G1 X66.511 Y22.917 E.17114
G1 X66.368 Y23.007 E.00456
;WIDTH:0.407168
G1 X66.225 Y23.097 E.00419
;WIDTH:0.374336
G1 X66.377 Y23.118 E.00347
G1 X66.484 Y23.093 E.00249
;WIDTH:0.439999
G1 X67.196 Y22.806 E.02072
G1 X70.996 Y19.007 E.145
G1 X70.996 Y19.581 E.01549
G1 X67.745 Y22.831 E.12405
G1 X68.206 Y22.944 E.01281
G1 X70.996 Y20.154 E.10647
G1 X70.996 Y20.728 E.01549
G1 X68.614 Y23.109 E.09088
G1 E-3.5
;WIPE_START
G1 F7200
G1 X70.847 Y20.876 E-1.5
;WIPE_END
G1 X70.852 Y21.445 F9000
G1 E5 F2400
G1 F3600
G1 X68.97 Y23.328 E.07184
G1 X69.283 Y23.561 E.01053
G1 X69.648 Y23.961 E.01461
G1 X69.951 Y24.457 E.01568
G1 X70.149 Y25.004 E.0157
G1 X70.235 Y25.579 E.01569
G1 X70.203 Y26.11 E.01435
G1 X70.315 Y25.999 E.00426
G1 X70.513 Y25.947 E.00552
G1 X70.772 Y26.115 E.00833
G1 X70.848 Y26.067 E.00243
G1 X71.04 Y26.158 E.00573
G1 X70.996 Y25.581 E.01562
G1 X70.996 Y21.302 E.11547
G1 X70.59 Y22.281 F9000
G1 F3600
G1 X70.59 Y24.317 E.05494
;WIDTH:0.473108
G1 X70.573 Y24.964 E.01889
G1 X70.543 Y24.864 E.00305
;WIDTH:0.464273
G1 X70.298 Y24.248 E.01896
;WIDTH:0.439999
G1 X69.947 Y23.687 E.01786
G1 X69.583 Y23.288 E.01457
G1 X70.447 Y22.424 E.03297
G1 X70.22 Y23.287 F9000
;WIDTH:0.474076
G1 F3600
G1 X70.182 Y23.248 E.00159
G1 X70.128 Y23.263 E.00164
G1 X70.114 Y23.316 E.0016
G1 X70.153 Y23.355 E.00161
G1 X70.206 Y23.34 E.00161
G1 X70.573 Y24.964 F9000
;WIDTH:0.473108
G1 F3600
G1 X70.593 Y25.244 E.00819
;WIDTH:0.433086
G1 X70.613 Y25.525 E.00747
;WIDTH:0.393064
G1 X70.616 Y25.581 E.00134
G1 E-3.5
;WIPE_START
G1 F7200
G1 X70.613 Y25.525 E-.02664
G1 X70.593 Y25.244 E-.13381
G1 X70.573 Y24.964 E-.13334
;WIPE_END
G1 E-1.20621 F3600
G1 X64.693 Y24.89 F9000
G1 E5 F2400
;WIDTH:0.374336
G1 F3600
G1 X64.696 Y24.625 E.00599
;WIDTH:0.407168
G1 X64.606 Y24.769 E.00421
;WIDTH:0.439999
G1 X64.517 Y24.912 E.00455
G1 X62.417 Y27.012 E.08014
G1 X62.417 Y27.586 E.01549
G1 X64.416 Y25.586 E.07631
G1 X64.49 Y26.442 E.02319
G1 X64.688 Y26.986 E.01562
G1 X64.967 Y27.45 E.01461
G1 X65.179 Y27.692 E.00868
G1 X62.417 Y30.454 E.1054
G1 X62.417 Y28.016 E.06579
G1 X62.56 Y28.016 E.00386
G1 X64.313 Y26.264 E.06688
G1 X64.23 Y26.92 E.01784
G1 X64.34 Y27.195 E.00799
G1 X64.627 Y27.67 E.01498
G1 X62.822 Y29.475 E.06888
G1 X62.847 Y28.303 E.03163
G1 X64.086 Y27.064 E.04728
G1 X64.115 Y27.608 E.0147
G1 X63.228 Y28.496 E.03387
G1 E-3.5
;WIPE_START
G1 F7200
G1 X64.115 Y27.608 E-.59618
G1 X64.086 Y27.064 E-.25877
G1 X63.126 Y28.024 E-.64505
;WIPE_END
G1 X65.469 Y27.976 F9000
G1 E5 F2400
G1 F3600
G1 X62.351 Y31.1 E.1191
;WIDTH:0.407168
G1 X62.285 Y31.173 E.00244
;WIDTH:0.374336
G1 X62.214 Y31.154 E.00166
G1 X62.233 Y31.225 E.00166
G1 X62.274 Y31.214 E.00096
;WIDTH:0.439999
G1 X62.417 Y31.602 E.01116
G1 X65.803 Y28.216 E.12922
G1 X66.182 Y28.41 E.01149
G1 X62.417 Y32.175 E.14368
G1 X62.417 Y32.749 E.01549
G1 X66.614 Y28.552 E.16017
G1 X67.11 Y28.63 E.01355
G1 X62.417 Y33.323 E.1791
G1 X62.417 Y33.896 E.01546
G1 X67.701 Y28.613 E.20163
G1 X68.494 Y28.393 F9000
G1 F3600
G1 X62.417 Y34.47 E.23191
G1 E-3.5
;WIPE_START
G1 F7200
G1 X64.65 Y32.237 E-1.5
;WIPE_END
G1 X68.781 Y28.174 F9000
G1 E5 F2400
;WIDTH:0.374336
G1 F3600
G1 X69.138 Y27.879 E.01047
G1 X69.524 Y27.488 E.01243
G1 X69.772 Y27.183 E.00889
;WIDTH:0.407168
G1 X69.881 Y27.039 E.00448
;WIDTH:0.439999
G1 X69.991 Y26.896 E.00487
G1 X70.458 Y26.429 E.01782
G1 X70.915 Y26.545 E.01272
G1 X62.417 Y35.044 E.32432
G1 X62.417 Y35.618 E.01549
G1 X70.996 Y27.039 E.32739
G1 X70.996 Y27.612 E.01546
G1 X62.417 Y36.191 E.32739
G1 X62.417 Y36.765 E.01549
G1 X70.996 Y28.186 E.32739
G1 X70.996 Y28.76 E.01549
G1 X62.417 Y37.339 E.32739
G1 X62.417 Y37.912 E.01546
G1 X70.996 Y29.333 E.32739
G1 X70.996 Y29.907 E.01549
G1 X62.417 Y38.486 E.32739
G1 X62.417 Y39.06 E.01549
G1 X70.996 Y30.481 E.32739
G1 X70.996 Y31.054 E.01546
G1 X62.417 Y39.633 E.32739
G1 X62.417 Y40.207 E.01549
G1 X70.996 Y31.628 E.32739
G1 X70.996 Y32.202 E.01549
G1 X62.417 Y40.781 E.32739
G1 X62.417 Y41.355 E.01549
G1 X70.996 Y32.776 E.32739
G1 X70.996 Y33.349 E.01546
G1 X62.417 Y41.928 E.32739
G1 X62.417 Y42.502 E.01549
G1 X70.996 Y33.923 E.32739
G1 X70.996 Y34.497 E.01549
G1 X62.417 Y43.076 E.32739
G1 X62.417 Y43.649 E.01546
G1 X70.996 Y35.07 E.32739
G1 X70.996 Y35.644 E.01549
G1 X62.417 Y44.223 E.32739
G1 X62.417 Y44.797 E.01549
G1 X70.996 Y36.218 E.32739
G1 X70.996 Y36.791 E.01546
G1 X62.417 Y45.37 E.32739
G1 X62.417 Y45.944 E.01549
G1 X70.996 Y37.365 E.32739
G1 X70.996 Y37.939 E.01549
G1 X62.417 Y46.518 E.32739
G1 X62.417 Y47.091 E.01546
G1 X70.996 Y38.512 E.32739
G1 X70.996 Y39.086 E.01549
G1 X62.417 Y47.665 E.32739
G1 X62.417 Y48.239 E.01549
G1 X70.996 Y39.66 E.32739
G1 X70.996 Y40.234 E.01549
G1 X62.417 Y48.813 E.32739
G1 X62.417 Y49.386 E.01546
G1 X70.996 Y40.807 E.32739
G1 X70.996 Y41.381 E.01549
G1 X62.417 Y49.96 E.32739
G1 X62.417 Y50.534 E.01549
G1 X70.996 Y41.955 E.32739
G1 X70.996 Y42.528 E.01546
G1 X62.417 Y51.107 E.32739
G1 X62.417 Y51.681 E.01549
G1 X70.996 Y43.102 E.32739
G1 X70.996 Y43.676 E.01549
G1 X62.417 Y52.255 E.32739
G1 X62.417 Y52.828 E.01546
G1 X70.996 Y44.249 E.32739
G1 X70.996 Y44.823 E.01549
G1 X62.417 Y53.402 E.32739
G1 X62.417 Y53.976 E.01549
G1 X70.996 Y45.397 E.32739
G1 X70.996 Y45.971 E.01549
G1 X62.417 Y54.549 E.32738
G1 X62.417 Y55.123 E.01549
G1 X70.996 Y46.544 E.32739
G1 X70.996 Y47.118 E.01549
G1 X62.417 Y55.697 E.32739
G1 X62.417 Y56.271 E.01549
G1 X70.996 Y47.692 E.32739
G1 X70.996 Y48.265 E.01546
G1 X62.417 Y56.844 E.32739
G1 X62.417 Y57.418 E.01549
G1 X70.996 Y48.839 E.32739
G1 X70.996 Y49.413 E.01549
G1 X62.417 Y57.992 E.32739
G1 X62.417 Y58.565 E.01546
G1 X70.996 Y49.986 E.32739
G1 X70.996 Y50.56 E.01549
G1 X62.417 Y59.139 E.32739
G1 X62.417 Y59.713 E.01549
G1 X70.996 Y51.134 E.32739
G1 X70.996 Y51.707 E.01546
G1 X62.417 Y60.286 E.32739
G1 X62.417 Y60.86 E.01549
G1 X70.996 Y52.281 E.32739
G1 X70.996 Y52.855 E.01549
G1 X62.417 Y61.434 E.32739
G1 X62.417 Y62.007 E.01546
G1 X70.996 Y53.429 E.32738
G1 X70.996 Y54.002 E.01546
G1 X62.417 Y62.581 E.32739
G1 X62.417 Y63.155 E.01549
G1 X70.996 Y54.576 E.32739
G1 X70.996 Y55.15 E.01549
G1 X62.417 Y63.729 E.32739
G1 X62.417 Y64.302 E.01546
G1 X70.996 Y55.723 E.32739
G1 X70.996 Y56.297 E.01549
G1 X62.417 Y64.876 E.32739
G1 X62.417 Y65.45 E.01549
G1 X70.996 Y56.871 E.32739
G1 X70.996 Y57.444 E.01546
G1 X62.417 Y66.023 E.32739
G1 X62.417 Y66.597 E.01549
G1 X70.996 Y58.018 E.32739
G1 X70.996 Y58.592 E.01549
G1 X62.417 Y67.171 E.32739
G1 X62.417 Y67.744 E.01546
G1 X70.996 Y59.165 E.32739
G1 X70.996 Y59.739 E.01549
G1 X62.417 Y68.318 E.32739
G1 X62.417 Y68.892 E.01549
G1 X70.996 Y60.313 E.32739
G1 X70.996 Y60.887 E.01549
G1 X62.417 Y69.466 E.32739
G1 X62.417 Y70.039 E.01546
G1 X70.996 Y61.46 E.32739
G1 X70.996 Y62.034 E.01549
G1 X62.417 Y70.613 E.32739
G1 X62.417 Y71.187 E.01549
G1 X70.996 Y62.608 E.32739
G1 X70.996 Y63.181 E.01546
G1 X62.417 Y71.76 E.32739
G1 X62.417 Y72.334 E.01549
G1 X70.996 Y63.755 E.32739
G1 X70.996 Y64.329 E.01549
G1 X62.417 Y72.908 E.32739
G1 X62.417 Y73.481 E.01546
G1 X70.996 Y64.902 E.32739
G1 X70.996 Y65.476 E.01549
G1 X62.417 Y74.055 E.32739
G1 X62.417 Y74.629 E.01549
G1 X70.996 Y66.05 E.32739
G1 X70.996 Y66.623 E.01546
G1 X62.417 Y75.202 E.32739
G1 X62.417 Y75.776 E.01549
G1 X70.996 Y67.197 E.32739
G1 X70.996 Y67.771 E.01549
G1 X62.417 Y76.35 E.32739
G1 X62.417 Y76.924 E.01549
G1 X70.996 Y68.345 E.32739
G1 X70.996 Y68.918 E.01546
G1 X62.417 Y77.497 E.32739
G1 X62.417 Y78.071 E.01549
G1 X70.996 Y69.492 E.32739
G1 X70.996 Y70.066 E.01549
G1 X62.417 Y78.645 E.32739
G1 X62.417 Y79.218 E.01546
G1 X70.996 Y70.639 E.32739
G1 X70.996 Y71.213 E.01549
G1 X62.417 Y79.792 E.32739
G1 X62.417 Y80.366 E.01549
G1 X70.996 Y71.787 E.32739
G1 X70.996 Y72.36 E.01546
G1 X62.417 Y80.939 E.32739
G1 X62.417 Y81.513 E.01549
G1 X70.996 Y72.934 E.32739
G1 X70.996 Y73.508 E.01549
G1 X62.417 Y82.087 E.32739
G1 X62.417 Y82.66 E.01546
G1 X70.996 Y74.082 E.32738
G1 X70.996 Y74.655 E.01546
G1 X62.417 Y83.234 E.32739
G1 X62.417 Y83.808 E.01549
G1 X70.996 Y75.229 E.32739
G1 X70.996 Y75.803 E.01549
G1 X62.417 Y84.382 E.32739
G1 X62.417 Y84.955 E.01546
G1 X70.996 Y76.376 E.32739
G1 X70.996 Y76.95 E.01549
G1 X62.417 Y85.529 E.32739
G1 X62.417 Y86.103 E.01549
G1 X70.996 Y77.524 E.32739
G1 X70.996 Y78.097 E.01546
G1 X62.417 Y86.676 E.32739
G1 X62.417 Y87.25 E.01549
G1 X70.996 Y78.671 E.32739
G1 X70.996 Y79.245 E.01549
G1 X62.417 Y87.824 E.32739
G1 X62.417 Y88.397 E.01546
G1 X70.996 Y79.818 E.32739
G1 X70.996 Y80.392 E.01549
G1 X62.417 Y88.971 E.32739
G1 X62.417 Y89.545 E.01549
G1 X70.996 Y80.966 E.32739
G1 X70.996 Y81.54 E.01549
G1 X62.417 Y90.118 E.32738
G1 X62.417 Y90.692 E.01549
G1 X70.996 Y82.113 E.32739
G1 X70.996 Y82.687 E.01549
G1 X62.417 Y91.266 E.32739
G1 X62.417 Y91.84 E.01549
G1 X70.996 Y83.261 E.32739
G1 X70.996 Y83.834 E.01546
G1 X62.417 Y92.413 E.32739
G1 X62.417 Y92.987 E.01549
G1 X70.996 Y84.408 E.32739
G1 X70.996 Y84.982 E.01549
G1 X62.417 Y93.561 E.32739
G1 X62.417 Y94.134 E.01546
G1 X70.996 Y85.555 E.32739
G1 X70.996 Y86.129 E.01549
G1 X62.417 Y94.708 E.32739
G1 X62.417 Y95.282 E.01549
G1 X70.996 Y86.703 E.32739
G1 X70.996 Y87.276 E.01546
G1 X62.417 Y95.855 E.32739
G1 X62.417 Y96.429 E.01549
G1 X70.996 Y87.85 E.32739
G1 X70.996 Y88.424 E.01549
G1 X62.417 Y97.003 E.32739
G1 X62.417 Y97.577 E.01549
G1 X70.996 Y88.998 E.32739
G1 X70.996 Y89.571 E.01546
G1 X62.417 Y98.15 E.32739
G1 X62.417 Y98.724 E.01549
G1 X70.996 Y90.145 E.32739
G1 X70.996 Y90.719 E.01549
G1 X62.417 Y99.298 E.32739
G1 X62.417 Y99.871 E.01546
G1 X70.996 Y91.292 E.32739
G1 X70.996 Y91.866 E.01549
G1 X62.417 Y100.445 E.32739
G1 X62.328 Y101.336 F9000
;WIDTH:0.374336
G1 F3600
G1 X62.287 Y101.347 E.00096
G1 X62.268 Y101.275 E.00168
G1 X62.339 Y101.295 E.00167
;WIDTH:0.407168
G1 X62.378 Y101.157 E.00356
;WIDTH:0.439999
G1 X62.417 Y101.019 E.00387
G1 X70.996 Y92.44 E.32739
G1 X70.996 Y93.013 E.01546
G1 X65.745 Y98.264 E.20039
G1 X65.458 Y98.528 E.01052
;WIDTH:0.40735
G1 X65.123 Y98.856 E.01163
;WIDTH:0.439999
G1 X64.866 Y99.143 E.0104
G1 X62.417 Y101.592 E.09346
G1 X62.417 Y102.166 E.01549
G1 X64.465 Y100.118 E.07816
G1 X64.563 Y99.99 E.00435
;WIDTH:0.407168
G1 X64.662 Y99.861 E.00403
;WIDTH:0.374336
G1 X64.62 Y99.872 E.00098
G1 X64.601 Y99.801 E.00166
G1 X64.673 Y99.82 E.00168
G1 X64.405 Y100.752 F9000
;WIDTH:0.439999
G1 F3600
G1 X64.404 Y100.865 E.00305
G1 X64.489 Y101.438 E.01563
G1 X64.688 Y101.986 E.01573
G1 X64.981 Y102.47 E.01527
G1 X62.417 Y105.035 E.09787
G1 X62.417 Y102.596 E.06582
G1 X62.56 Y102.596 E.00386
G1 X64.261 Y100.895 E.06491
G1 X64.12 Y101.61 E.01967
G1 X64.289 Y102.086 E.01363
G1 X64.469 Y102.409 E.00998
G1 X62.822 Y104.055 E.06283
G1 X62.847 Y102.883 E.03163
G1 X63.976 Y101.754 E.04309
G1 X63.959 Y102.344 E.01593
G1 X63.228 Y103.076 E.02792
G1 E-3.5
;WIPE_START
G1 F7200
G1 X63.959 Y102.344 E-.49139
G1 X63.976 Y101.754 E-.28037
G1 X62.892 Y102.838 E-.72824
;WIPE_END
G1 X65.248 Y102.777 F9000
G1 E5 F2400
G1 F3600
G1 X62.417 Y105.608 E.10804
G1 X62.417 Y106.182 E.01549
G1 X65.555 Y103.044 E.11975
G1 X65.901 Y103.271 E.01117
G1 X62.417 Y106.756 E.13298
G1 X62.417 Y107.329 E.01546
G1 X66.293 Y103.453 E.14792
G1 X66.737 Y103.582 E.01248
G1 X62.417 Y107.903 E.16488
G1 X62.417 Y108.477 E.01549
G1 X67.253 Y103.641 E.18455
G1 X68.206 Y103.405 F9000
;WIDTH:0.374336
G1 F3600
G1 X68.134 Y103.386 E.00168
G1 X68.154 Y103.457 E.00167
G1 X68.195 Y103.446 E.00096
;WIDTH:0.407168
G1 X68.038 Y103.516 E.00426
;WIDTH:0.439999
G1 X67.881 Y103.587 E.00465
G1 X62.417 Y109.05 E.2085
G1 X62.417 Y109.624 E.01549
G1 X68.817 Y103.224 E.24424
G1 E-3.5
;WIPE_START
G1 F7200
G1 X66.584 Y105.457 E-1.5
;WIPE_END
G1 X66.459 Y98.068 F9000
G1 E5 F2400
;WIDTH:0.374336
G1 F3600
G1 X66.418 Y98.079 E.00096
G1 X66.399 Y98.008 E.00166
G1 X66.47 Y98.027 E.00166
;WIDTH:0.407168
G1 X66.593 Y97.947 E.00364
;WIDTH:0.439999
G1 X66.716 Y97.867 E.00396
G1 X70.996 Y93.587 E.16333
G1 X70.996 Y94.161 E.01549
G1 X67.354 Y97.802 E.13897
G1 X67.873 Y97.857 E.01408
G1 X70.996 Y94.734 E.11918
G1 X70.996 Y95.308 E.01549
G1 X68.323 Y97.981 E.10201
G1 X68.716 Y98.161 E.01166
G1 X70.996 Y95.882 E.08699
G1 X70.996 Y101.157 E.14234
G1 X70.925 Y101.142 E.00196
G1 X70.871 Y101.177 E.00174
G1 X70.593 Y100.971 E.00934
G1 X70.437 Y101.03 E.0045
G1 X70.187 Y101.28 E.00954
G1 X70.235 Y100.579 E.01896
G1 X70.149 Y100.004 E.01569
G1 X69.951 Y99.457 E.0157
G1 X69.648 Y98.961 E.01568
G1 X69.283 Y98.562 E.01459
G1 X69.06 Y98.391 E.00758
G1 X70.852 Y96.599 E.06839
G1 X70.59 Y97.435 F9000
G1 F3600
G1 X70.59 Y99.317 E.05079
;WIDTH:0.473116
G1 X70.573 Y99.964 E.01889
G1 X70.543 Y99.864 E.00305
;WIDTH:0.464279
G1 X70.298 Y99.248 E.01896
;WIDTH:0.439999
G1 X70.02 Y98.785 E.01457
G1 X69.656 Y98.369 E.01492
G1 X70.447 Y97.578 E.03019
G1 E-3.5
;WIPE_START
G1 F7200
G1 X69.656 Y98.369 E-.53136
G1 X70.02 Y98.785 E-.26256
G1 X70.298 Y99.248 E-.25652
G1 X70.543 Y99.864 E-.31489
G1 X70.573 Y99.964 E-.04959
G1 X70.578 Y99.785 E-.08508
;WIPE_END
G1 X70.573 Y99.964 F9000
G1 E5 F2400
;WIDTH:0.473116
G1 F3600
G1 X70.593 Y100.244 E.00819
;WIDTH:0.433089
G1 X70.613 Y100.525 E.00747
;WIDTH:0.393062
G1 X70.616 Y100.592 E.0016
G1 X70.581 Y101.46 F9000
;WIDTH:0.439999
G1 F3600
G1 X69.827 Y102.214 E.02877
G1 X69.706 Y102.357 E.00505
;WIDTH:0.408056
G1 X69.585 Y102.501 E.00468
;WIDTH:0.376112
G1 X69.557 Y102.531 E.00093
;WIDTH:0.39327
G1 X69.103 Y102.97 E.01508
G1 E-3.5
;WIPE_START
G1 F7200
G1 X69.557 Y102.531 E-.29998
G1 X69.585 Y102.501 E-.01949
G1 X69.706 Y102.357 E-.08934
G1 X69.827 Y102.214 E-.08898
G1 X70.581 Y101.46 E-.5065
;WIPE_END
G1 E-.49571 F3600
G1 X70.996 Y101.619 F9000
G1 E5 F2400
;WIDTH:0.439999
G1 F3600
G1 X62.417 Y110.198 E.32739
G1 X62.417 Y110.771 E.01546
G1 X70.996 Y102.193 E.32738
G1 X70.996 Y102.766 E.01546
G1 X62.417 Y111.345 E.32739
G1 X62.417 Y111.919 E.01549
G1 X70.996 Y103.34 E.32739
G1 X70.996 Y103.914 E.01549
G1 X62.417 Y112.493 E.32739
G1 X62.417 Y113.066 E.01546
G1 X70.996 Y104.487 E.32739
G1 X70.996 Y105.061 E.01549
G1 X62.417 Y113.64 E.32739
G1 X62.417 Y114.214 E.01549
G1 X70.996 Y105.635 E.32739
G1 X70.996 Y106.208 E.01546
G1 X62.417 Y114.787 E.32739
G1 X62.417 Y115.361 E.01549
G1 X70.996 Y106.782 E.32739
G1 X70.996 Y107.356 E.01549
G1 X62.417 Y115.935 E.32739
G1 X62.417 Y116.508 E.01546
G1 X70.996 Y107.929 E.32739
G1 X70.996 Y108.503 E.01549
G1 X62.417 Y117.082 E.32739
G1 X62.417 Y117.656 E.01549
G1 X70.996 Y109.077 E.32739
G1 X70.996 Y109.651 E.01549
G1 X62.417 Y118.23 E.32739
G1 X62.417 Y118.803 E.01546
G1 X70.996 Y110.224 E.32739
G1 X70.996 Y110.798 E.01549
G1 X62.417 Y119.377 E.32739
G1 X62.417 Y119.951 E.01549
G1 X70.996 Y111.372 E.32739
G1 X70.996 Y111.945 E.01546
G1 X62.417 Y120.524 E.32739
G1 X62.417 Y121.098 E.01549
G1 X70.996 Y112.519 E.32739
G1 X70.996 Y113.093 E.01549
G1 X62.417 Y121.672 E.32739
G1 X62.417 Y122.245 E.01546
G1 X70.996 Y113.666 E.32739
G1 X70.996 Y114.24 E.01549
G1 X62.417 Y122.819 E.32739
G1 X62.417 Y123.393 E.01549
G1 X70.996 Y114.814 E.32739
G1 X70.996 Y115.387 E.01546
G1 X62.417 Y123.966 E.32739
G1 X62.417 Y124.54 E.01549
G1 X70.996 Y115.961 E.32739
G1 X70.996 Y116.535 E.01549
G1 X62.417 Y125.114 E.32739
G1 X62.417 Y125.688 E.01549
G1 X70.996 Y117.109 E.32739
G1 X70.996 Y117.682 E.01546
G1 X62.417 Y126.261 E.32739
G1 X62.417 Y126.835 E.01549
G1 X70.996 Y118.256 E.32739
G1 X70.996 Y118.83 E.01549
G1 X62.417 Y127.409 E.32739
G1 X62.417 Y127.982 E.01546
G1 X70.996 Y119.403 E.32739
G1 X70.996 Y119.977 E.01549
G1 X62.417 Y128.556 E.32739
G1 X62.417 Y129.13 E.01549
G1 X70.996 Y120.551 E.32739
G1 X70.996 Y121.124 E.01546
G1 X62.417 Y129.703 E.32739
G1 X62.417 Y130.277 E.01549
G1 X70.996 Y121.698 E.32739
G1 X70.996 Y122.272 E.01549
G1 X62.417 Y130.851 E.32739
G1 X62.417 Y131.424 E.01546
G1 X70.996 Y122.846 E.32738
G1 X70.996 Y123.419 E.01546
G1 X62.417 Y131.998 E.32739
G1 X62.417 Y132.572 E.01549
G1 X70.996 Y123.993 E.32739
G1 X70.996 Y124.567 E.01549
G1 X62.417 Y133.146 E.32739
G1 X62.417 Y133.719 E.01546
G1 X70.996 Y125.14 E.32739
G1 X70.996 Y125.714 E.01549
G1 X62.417 Y134.293 E.32739
G1 X62.417 Y134.867 E.01549
G1 X70.996 Y126.288 E.32739
G1 X70.996 Y126.861 E.01546
G1 X62.417 Y135.44 E.32739
G1 X62.417 Y136.014 E.01549
G1 X70.996 Y127.435 E.32739
G1 X70.996 Y128.009 E.01549
G1 X62.417 Y136.588 E.32739
G1 X62.417 Y137.161 E.01546
G1 X70.996 Y128.582 E.32739
G1 X70.996 Y129.156 E.01549
G1 X62.417 Y137.735 E.32739
G1 X62.417 Y138.309 E.01549
G1 X70.996 Y129.73 E.32739
G1 X70.996 Y130.304 E.01549
G1 X62.417 Y138.882 E.32738
G1 X62.417 Y139.456 E.01549
G1 X70.996 Y130.877 E.32739
G1 X70.996 Y131.451 E.01549
G1 X62.417 Y140.03 E.32739
G1 X62.417 Y140.604 E.01549
G1 X70.996 Y132.025 E.32739
G1 X70.996 Y132.598 E.01546
G1 X62.417 Y141.177 E.32739
G1 X62.417 Y141.751 E.01549
G1 X70.996 Y133.172 E.32739
G1 X70.996 Y133.746 E.01549
G1 X62.417 Y142.325 E.32739
G1 X62.417 Y142.898 E.01546
G1 X70.996 Y134.319 E.32739
G1 X70.996 Y134.893 E.01549
G1 X62.417 Y143.472 E.32739
G1 X62.417 Y144.046 E.01549
G1 X70.996 Y135.467 E.32739
G1 X70.996 Y136.04 E.01546
G1 X62.417 Y144.619 E.32739
G1 X62.417 Y145.193 E.01549
G1 X70.996 Y136.614 E.32739
G1 X70.996 Y137.188 E.01549
G1 X62.417 Y145.767 E.32739
G1 X62.417 Y146.341 E.01549
G1 X70.996 Y137.762 E.32739
G1 X70.996 Y138.335 E.01546
G1 X62.417 Y146.914 E.32739
G1 X62.417 Y147.488 E.01549
G1 X70.996 Y138.909 E.32739
G1 X70.996 Y139.483 E.01549
G1 X62.417 Y148.062 E.32739
G1 X62.417 Y148.635 E.01546
G1 X70.996 Y140.056 E.32739
G1 X70.996 Y140.63 E.01549
G1 X62.417 Y149.209 E.32739
G1 X62.417 Y149.783 E.01549
G1 X70.996 Y141.204 E.32739
G1 X70.996 Y141.777 E.01546
G1 X62.417 Y150.356 E.32739
G1 X62.417 Y150.93 E.01549
G1 X70.996 Y142.351 E.32739
G1 X70.996 Y142.925 E.01549
G1 X62.417 Y151.504 E.32739
G1 X62.417 Y152.077 E.01546
G1 X70.996 Y143.498 E.32739
G1 X70.996 Y144.072 E.01549
G1 X62.417 Y152.651 E.32739
G1 X62.417 Y153.225 E.01549
G1 X70.996 Y144.646 E.32739
G1 X70.996 Y145.22 E.01549
G1 X62.417 Y153.799 E.32739
G1 X62.417 Y154.372 E.01546
G1 X70.996 Y145.793 E.32739
G1 X70.996 Y146.367 E.01549
G1 X62.417 Y154.946 E.32739
G1 X62.417 Y155.52 E.01549
G1 X70.996 Y146.941 E.32739
G1 X70.996 Y147.514 E.01546
G1 X62.417 Y156.093 E.32739
G1 X62.417 Y156.667 E.01549
G1 X70.996 Y148.088 E.32739
G1 X70.996 Y148.662 E.01549
G1 X62.417 Y157.241 E.32739
G1 X62.417 Y157.814 E.01546
G1 X70.996 Y149.235 E.32739
G1 X70.996 Y149.809 E.01549
G1 X62.417 Y158.388 E.32739
G1 X62.417 Y158.962 E.01549
G1 X70.996 Y150.383 E.32739
G1 X70.996 Y150.957 E.01549
G1 X62.417 Y159.535 E.32738
G1 X62.417 Y160.109 E.01549
G1 X70.996 Y151.53 E.32739
G1 X70.996 Y152.104 E.01549
G1 X62.417 Y160.683 E.32739
G1 X62.417 Y161.257 E.01549
G1 X70.996 Y152.678 E.32739
G1 X70.996 Y153.251 E.01546
G1 X62.417 Y161.83 E.32739
G1 X62.417 Y162.404 E.01549
G1 X70.996 Y153.825 E.32739
G1 X70.996 Y154.399 E.01549
G1 X62.417 Y162.978 E.32739
G1 X62.417 Y163.551 E.01546
G1 X70.996 Y154.972 E.32739
G1 X70.996 Y155.546 E.01549
G1 X62.417 Y164.125 E.32739
G1 X62.417 Y164.699 E.01549
G1 X70.996 Y156.12 E.32739
G1 X70.996 Y156.693 E.01546
G1 X62.417 Y165.272 E.32739
G1 X62.417 Y165.846 E.01549
G1 X70.996 Y157.267 E.32739
G1 X70.996 Y157.841 E.01549
G1 X62.417 Y166.42 E.32739
G1 X62.417 Y166.993 E.01546
G1 X70.996 Y158.415 E.32738
G1 X70.996 Y158.988 E.01546
G1 X62.417 Y167.567 E.32739
G1 X62.185 Y167.841 E.00969
;WIDTH:0.42908
G1 X62.103 Y167.819 E.00223
G1 X62.125 Y167.902 E.00225
G1 X62.172 Y167.889 E.00128
;WIDTH:0.439999
G1 X62 Y168.6 E.01974
;WIDTH:0.374336
G1 X61.959 Y168.611 E.00096
G1 X61.94 Y168.54 E.00166
G1 X62.011 Y168.559 E.00166
;WIDTH:0.407168
G1 X62.077 Y168.487 E.00242
;WIDTH:0.439999
G1 X70.996 Y159.562 E.34048
G1 X70.996 Y160.136 E.01549
G1 X62.143 Y168.988 E.33783
G1 X62.143 Y169.562 E.01549
G1 X70.996 Y160.709 E.33785
G1 X70.996 Y161.283 E.01549
G1 X62.143 Y170.136 E.33785
G1 X62.143 Y170.709 E.01546
G1 X70.996 Y161.857 E.33783
G1 X70.996 Y162.43 E.01546
G1 X62.143 Y171.283 E.33785
G1 X62.143 Y171.857 E.01549
G1 X70.996 Y163.004 E.33785
G1 X70.996 Y163.578 E.01549
G1 X62.143 Y172.43 E.33783
G1 X62.143 Y173.004 E.01549
G1 X70.996 Y164.151 E.33785
G1 X70.996 Y164.725 E.01549
G1 X62.143 Y173.578 E.33785
G1 X62.143 Y174.152 E.01549
G1 X70.996 Y165.299 E.33785
G1 X70.996 Y165.873 E.01549
G1 X62.143 Y174.725 E.33783
G1 X62.143 Y175.299 E.01549
G1 X70.996 Y166.446 E.33785
G1 X70.996 Y167.02 E.01549
G1 X62.143 Y175.873 E.33785
G1 X62.065 Y176.722 F9000
;WIDTH:0.374336
G1 F3600
G1 X61.994 Y176.703 E.00166
G1 X62.013 Y176.774 E.00166
G1 X62.054 Y176.763 E.00096
;WIDTH:0.407168
G1 X62.099 Y176.605 E.00407
;WIDTH:0.439999
G1 X62.143 Y176.446 E.00445
G1 X70.996 Y167.594 E.33783
G1 X70.996 Y168.167 E.01546
G1 X66.086 Y173.077 E.18738
G1 X65.942 Y173.188 E.00491
;WIDTH:0.407168
G1 X65.799 Y173.298 E.00447
;WIDTH:0.374336
G1 X65.169 Y173.874 E.01931
G1 X64.898 Y174.197 E.00954
;WIDTH:0.439999
G1 X64.679 Y174.484 E.00974
G1 X62.143 Y177.02 E.09678
G1 X62.143 Y177.594 E.01549
G1 X64.435 Y175.301 E.08749
G1 X64.529 Y175.17 E.00435
;WIDTH:0.407168
G1 X64.623 Y175.039 E.004
;WIDTH:0.374336
G1 X64.582 Y175.05 E.00096
G1 X64.563 Y174.979 E.00166
G1 X64.634 Y174.998 E.00166
G1 X64.422 Y175.889 F9000
;WIDTH:0.439999
G1 F3600
G1 X64.433 Y176.11 E.00597
G1 X64.591 Y176.76 E.01805
G1 X64.815 Y177.216 E.01371
G1 X62.143 Y179.888 E.10197
G1 X62.143 Y178.024 E.0503
G1 X62.286 Y178.024 E.00386
G1 X64.278 Y176.032 E.07602
G1 X64.16 Y176.724 E.01894
G1 X64.323 Y177.135 E.01193
G1 X62.549 Y178.909 E.0677
G1 X62.573 Y178.311 E.01615
G1 X64.017 Y176.867 E.05511
G1 X65.051 Y177.554 F9000
G1 F3600
G1 X62.143 Y180.462 E.11098
G1 X62.143 Y181.036 E.01549
G1 X65.326 Y177.853 E.12147
G1 X65.641 Y178.111 E.01099
G1 X62.143 Y181.61 E.13351
G1 X62.143 Y182.183 E.01546
G1 X66.005 Y178.321 E.14738
G1 X66.408 Y178.492 E.01181
G1 X62.143 Y182.757 E.16276
G1 X62.143 Y183.331 E.01549
G1 X66.868 Y178.605 E.18034
G1 X67.407 Y178.641 E.01458
G1 X62.143 Y183.904 E.20087
G1 X62.009 Y184.533 E.01735
;WIDTH:0.374336
G1 X61.991 Y184.311 E.00504
;WIDTH:0.407168
G1 X62.107 Y184.354 E.00307
;WIDTH:0.439999
G1 X62.223 Y184.398 E.00335
G1 X68.08 Y178.541 E.22352
G1 E-3.5
;WIPE_START
G1 F7200
G1 X65.847 Y180.774 E-1.5
;WIPE_END
G1 X66.644 Y173.024 F9000
G1 E5 F2400
;WIDTH:0.374336
G1 F3600
G1 X66.603 Y173.035 E.00096
G1 X66.584 Y172.964 E.00166
G1 X66.655 Y172.983 E.00166
;WIDTH:0.407168
G1 X66.778 Y172.91 E.00355
;WIDTH:0.439999
G1 X66.901 Y172.836 E.00387
G1 X70.996 Y168.741 E.15627
G1 X70.996 Y169.315 E.01549
G1 X67.499 Y172.811 E.13343
G1 X68 Y172.884 E.01366
G1 X70.996 Y169.888 E.11433
G1 X70.996 Y170.462 E.01549
G1 X68.433 Y173.025 E.09781
G1 X68.816 Y173.215 E.01154
G1 X70.996 Y171.036 E.08317
G1 X70.996 Y176.196 E.13924
G1 X70.855 Y176.054 E.0054
G1 X70.678 Y175.997 E.00502
G1 X70.567 Y176.054 E.00337
G1 X70.129 Y176.492 E.01672
G1 X70.193 Y176.251 E.00673
G1 X70.238 Y175.669 E.01575
G1 X70.149 Y175.004 E.0181
G1 X69.951 Y174.457 E.0157
G1 X69.648 Y173.961 E.01568
G1 X69.15 Y173.455 E.01916
G1 X70.852 Y171.753 E.06495
G1 X70.59 Y172.589 F9000
G1 F3600
G1 X70.59 Y174.317 E.04663
;WIDTH:0.473108
G1 X70.573 Y174.964 E.01889
G1 X70.543 Y174.864 E.00305
;WIDTH:0.464273
G1 X70.298 Y174.248 E.01896
;WIDTH:0.439999
G1 X70.02 Y173.785 E.01457
G1 X69.73 Y173.449 E.01198
G1 X70.447 Y172.732 E.02736
G1 E-3.5
;WIPE_START
G1 F7200
G1 X69.73 Y173.449 E-.48165
G1 X70.02 Y173.785 E-.21083
G1 X70.298 Y174.248 E-.25652
G1 X70.543 Y174.864 E-.31489
G1 X70.573 Y174.964 E-.04959
G1 X70.583 Y174.571 E-.18652
;WIPE_END
G1 X70.573 Y174.964 F9000
G1 E5 F2400
;WIDTH:0.473108
G1 F3600
G1 X70.594 Y175.293 E.00962
;WIDTH:0.431351
G1 X70.615 Y175.622 E.00871
G1 X70.711 Y176.484 F9000
;WIDTH:0.439999
G1 F3600
G1 X62.797 Y184.398 E.30202
G1 X63.37 Y184.398 E.01546
G1 X70.996 Y176.773 E.29101
G1 X70.996 Y177.346 E.01546
G1 X63.944 Y184.398 E.26912
G1 X64.518 Y184.398 E.01549
G1 X70.996 Y177.92 E.24722
G1 X70.996 Y178.494 E.01549
G1 X65.091 Y184.398 E.22533
G1 X65.665 Y184.398 E.01549
G1 X70.996 Y179.068 E.20342
G1 X70.996 Y179.641 E.01546
G1 X66.239 Y184.398 E.18154
G1 X66.812 Y184.398 E.01546
G1 X70.996 Y180.215 E.15965
G1 X70.996 Y180.789 E.01549
G1 X67.386 Y184.398 E.13775
G1 X67.96 Y184.398 E.01549
G1 X70.996 Y181.362 E.11586
G1 X70.996 Y181.936 E.01549
G1 X68.533 Y184.398 E.09397
G1 X68.982 Y184.601 E.0133
;WIDTH:0.374336
G1 X68.94 Y184.612 E.00098
G1 X68.921 Y184.541 E.00166
G1 X68.993 Y184.56 E.00168
;WIDTH:0.407168
G1 X69.05 Y184.479 E.00246
;WIDTH:0.439999
G1 X69.107 Y184.398 E.00267
G1 X70.996 Y182.51 E.07207
G1 X70.996 Y184.398 E.05095
G1 X69.681 Y184.398 E.03549
G1 X70.852 Y183.227 E.04469
G1 E-3.5
;WIPE_START
G1 F7200
G1 X69.681 Y184.398 E-.78662
G1 X70.996 Y184.398 E-.62462
G1 X70.996 Y184.211 E-.08876
;WIPE_END
G1 X18.753 Y17.078 F9000
G1 E5 F2400
;WIDTH:0.538422
G1 F3600
G1 X18.709 Y17.034 E.00209
G1 X18.648 Y17.05 E.00211
G1 X18.631 Y17.111 E.00212
G1 X18.676 Y17.156 E.00213
G1 X18.737 Y17.139 E.00212
;WIDTH:0.439999
G1 X19.385 Y17.046 E.01767
G1 X18.643 Y17.787 E.0283
G1 X18.643 Y18.361 E.01549
G1 X19.958 Y17.046 E.05018
G1 X20.532 Y17.046 E.01549
G1 X18.643 Y18.935 E.07209
G1 X18.643 Y19.508 E.01546
G1 X21.106 Y17.046 E.09397
G1 X21.68 Y17.046 E.01549
G1 X18.643 Y20.082 E.11588
G1 X18.643 Y20.656 E.01549
G1 X22.253 Y17.046 E.13777
G1 X22.827 Y17.046 E.01549
G1 X18.643 Y21.229 E.15965
G1 X18.643 Y21.803 E.01549
G1 X23.401 Y17.046 E.18156
G1 X23.974 Y17.046 E.01546
G1 X18.643 Y22.377 E.20344
G1 X18.643 Y22.95 E.01546
G1 X24.548 Y17.046 E.22533
G1 X25.122 Y17.046 E.01549
G1 X18.643 Y23.524 E.24723
G1 X18.643 Y24.098 E.01549
G1 X25.695 Y17.046 E.26912
G1 X26.269 Y17.046 E.01549
G1 X18.643 Y24.672 E.29103
G1 X19.37 Y25.092 F9000
G1 F3600
G1 X19.086 Y25.376 E.01084
G1 X18.973 Y25.433 E.00342
G1 X18.803 Y25.38 E.00481
G1 X18.643 Y25.229 E.00594
G1 X18.643 Y30.982 E.15524
G1 X21.208 Y28.417 E.09789
G1 X20.65 Y28.117 E.0171
G1 X20.209 Y27.739 E.01567
G1 X19.851 Y27.28 E.01571
G1 X19.591 Y26.76 E.01569
G1 X19.433 Y26.11 E.01805
G1 X19.414 Y25.508 E.01625
G1 X19.513 Y24.949 E.01532
G1 X18.942 Y24.946 E.01541
G1 X26.843 Y17.046 E.3015
G1 X27.358 Y16.94 E.01419
;WIDTH:0.374336
G1 X27.287 Y16.92 E.00167
G1 X27.306 Y16.992 E.00168
G1 X27.347 Y16.981 E.00096
;WIDTH:0.407168
G1 X27.285 Y17.11 E.00355
;WIDTH:0.439999
G1 X27.222 Y17.24 E.0039
G1 X21.56 Y22.902 E.21607
G1 X21.431 Y23.01 E.00454
;WIDTH:0.407168
G1 X21.303 Y23.117 E.00414
;WIDTH:0.374336
G1 X21.262 Y23.128 E.00096
G1 X21.243 Y23.057 E.00166
G1 X21.314 Y23.076 E.00166
G1 X22.235 Y22.801 F9000
;WIDTH:0.439999
G1 F3600
G1 X27.222 Y17.814 E.19032
G1 X27.222 Y18.387 E.01546
G1 X22.771 Y22.839 E.16988
G1 X23.231 Y22.952 E.01278
G1 X27.222 Y18.961 E.15231
G1 X27.222 Y19.535 E.01549
G1 X23.634 Y23.123 E.13693
G1 X23.998 Y23.333 E.01134
G1 X27.222 Y20.108 E.12305
G1 X27.222 Y20.682 E.01549
G1 X24.313 Y23.591 E.11101
G1 X24.588 Y23.89 E.01096
G1 X27.222 Y21.256 E.10052
G1 X27.436 Y21.663 E.01241
;WIDTH:0.374336
G1 X27.365 Y21.644 E.00166
G1 X27.384 Y21.715 E.00166
G1 X27.425 Y21.704 E.00096
;WIDTH:0.407168
G1 X27.324 Y21.767 E.00295
;WIDTH:0.439999
G1 X27.222 Y21.83 E.00324
G1 X24.825 Y24.226 E.09146
G1 E-3.5
;WIPE_START
G1 F7200
G1 X27.058 Y21.993 E-1.5
;WIPE_END
G1 X27.079 Y22.547 F9000
G1 E5 F2400
G1 F3600
G1 X25.011 Y24.615 E.07892
G1 X25.159 Y25.043 E.01222
G1 X25.235 Y25.579 E.01461
G1 X25.194 Y26.245 E.01801
G1 X24.971 Y26.946 E.01985
G1 X27.079 Y24.841 E.08039
G1 X27.222 Y24.841 E.00386
G1 X27.222 Y22.403 E.06579
G1 X26.816 Y23.383 F9000
G1 F3600
G1 X26.816 Y24.53 E.03095
G1 X25.637 Y25.709 E.04499
G1 X25.637 Y25.521 E.00507
G1 X25.56 Y24.986 E.01459
G1 X25.479 Y24.72 E.0075
G1 X26.673 Y23.526 E.04557
G1 X26.411 Y24.362 F9000
;WIDTH:0.43998
G1 F3600
G1 X25.943 Y24.83 E.01786
G1 E-3.5
;WIPE_START
G1 F7200
G1 X26.411 Y24.362 E-.31438
;WIPE_END
G1 E-1.18562 F3600
G1 X21.639 Y28.559 F9000
G1 E5 F2400
;WIDTH:0.439999
G1 F3600
G1 X18.643 Y31.556 E.11435
G1 X18.643 Y32.13 E.01549
G1 X22.14 Y28.632 E.13347
G1 X22.738 Y28.608 E.01615
G1 X18.643 Y32.703 E.15627
G1 X18.643 Y33.277 E.01549
G1 X23.554 Y28.366 E.18742
G1 X23.698 Y28.254 E.00492
;WIDTH:0.407168
G1 X23.841 Y28.141 E.00452
;WIDTH:0.374336
G1 X24.549 Y27.477 E.02195
G1 E-3.5
;WIPE_START
G1 F7200
G1 X23.841 Y28.141 E-.46106
G1 X23.698 Y28.254 E-.08657
G1 X23.554 Y28.366 E-.08665
G1 X22.265 Y29.655 E-.86572
;WIPE_END
G1 X27.222 Y25.272 F9000
G1 E5 F2400
;WIDTH:0.439999
G1 F3600
G1 X18.643 Y33.851 E.32739
G1 X18.643 Y34.424 E.01546
G1 X27.222 Y25.845 E.32739
G1 X27.222 Y26.419 E.01549
G1 X18.643 Y34.998 E.32739
G1 X18.643 Y35.572 E.01549
G1 X27.222 Y26.993 E.32739
G1 X27.222 Y27.566 E.01546
G1 X18.643 Y36.145 E.32739
G1 X18.643 Y36.719 E.01549
G1 X27.222 Y28.14 E.32739
G1 X27.222 Y28.714 E.01549
G1 X18.643 Y37.293 E.32739
G1 X18.643 Y37.867 E.01549
G1 X27.222 Y29.288 E.32739
G1 X27.222 Y29.861 E.01546
G1 X18.643 Y38.44 E.32739
G1 X18.643 Y39.014 E.01549
G1 X27.222 Y30.435 E.32739
G1 X27.222 Y31.009 E.01549
G1 X18.643 Y39.588 E.32739
G1 X18.643 Y40.161 E.01546
G1 X27.222 Y31.582 E.32739
G1 X27.222 Y32.156 E.01549
G1 X18.643 Y40.735 E.32739
G1 X18.643 Y41.309 E.01549
G1 X27.222 Y32.73 E.32739
G1 X27.222 Y33.303 E.01546
G1 X18.643 Y41.882 E.32739
G1 X18.643 Y42.456 E.01549
G1 X27.222 Y33.877 E.32739
G1 X27.222 Y34.451 E.01549
G1 X18.643 Y43.03 E.32739
G1 X18.643 Y43.603 E.01546
G1 X27.222 Y35.025 E.32738
G1 X27.222 Y35.598 E.01546
G1 X18.643 Y44.177 E.32739
G1 X18.643 Y44.751 E.01549
G1 X27.222 Y36.172 E.32739
G1 X27.222 Y36.746 E.01549
G1 X18.643 Y45.325 E.32739
G1 X18.643 Y45.898 E.01546
G1 X27.222 Y37.319 E.32739
G1 X27.222 Y37.893 E.01549
G1 X18.643 Y46.472 E.32739
G1 X18.643 Y47.046 E.01549
G1 X27.222 Y38.467 E.32739
G1 X27.222 Y39.04 E.01546
G1 X18.643 Y47.619 E.32739
G1 X18.643 Y48.193 E.01549
G1 X27.222 Y39.614 E.32739
G1 X27.222 Y40.188 E.01549
G1 X18.643 Y48.767 E.32739
G1 X18.643 Y49.34 E.01546
G1 X27.222 Y40.761 E.32739
G1 X27.222 Y41.335 E.01549
G1 X18.643 Y49.914 E.32739
G1 X18.643 Y50.488 E.01549
G1 X27.222 Y41.909 E.32739
G1 X27.222 Y42.483 E.01549
G1 X18.643 Y51.062 E.32739
G1 X18.643 Y51.635 E.01546
G1 X27.222 Y43.056 E.32739
G1 X27.222 Y43.63 E.01549
G1 X18.643 Y52.209 E.32739
G1 X18.643 Y52.783 E.01549
G1 X27.222 Y44.204 E.32739
G1 X27.222 Y44.777 E.01546
G1 X18.643 Y53.356 E.32739
G1 X18.643 Y53.93 E.01549
G1 X27.222 Y45.351 E.32739
G1 X27.222 Y45.925 E.01549
G1 X18.643 Y54.504 E.32739
G1 X18.643 Y55.077 E.01546
G1 X27.222 Y46.498 E.32739
G1 X27.222 Y47.072 E.01549
G1 X18.643 Y55.651 E.32739
G1 X18.643 Y56.225 E.01549
G1 X27.222 Y47.646 E.32739
G1 X27.222 Y48.219 E.01546
G1 X18.643 Y56.798 E.32739
G1 X18.643 Y57.372 E.01549
G1 X27.222 Y48.793 E.32739
G1 X27.222 Y49.367 E.01549
G1 X18.643 Y57.946 E.32739
G1 X18.643 Y58.52 E.01549
G1 X27.222 Y49.941 E.32739
G1 X27.222 Y50.514 E.01546
G1 X18.643 Y59.093 E.32739
G1 X18.643 Y59.667 E.01549
G1 X27.222 Y51.088 E.32739
G1 X27.222 Y51.662 E.01549
G1 X18.643 Y60.241 E.32739
G1 X18.643 Y60.814 E.01546
G1 X27.222 Y52.235 E.32739
G1 X27.222 Y52.809 E.01549
G1 X18.643 Y61.388 E.32739
G1 X18.643 Y61.962 E.01549
G1 X27.222 Y53.383 E.32739
G1 X27.222 Y53.956 E.01546
G1 X18.643 Y62.535 E.32739
G1 X18.643 Y63.109 E.01549
G1 X27.222 Y54.53 E.32739
G1 X27.222 Y55.104 E.01549
G1 X18.643 Y63.683 E.32739
G1 X18.643 Y64.256 E.01546
G1 X27.222 Y55.678 E.32738
G1 X27.222 Y56.251 E.01546
G1 X18.643 Y64.83 E.32739
G1 X18.643 Y65.404 E.01549
G1 X27.222 Y56.825 E.32739
G1 X27.222 Y57.399 E.01549
G1 X18.643 Y65.978 E.32739
G1 X18.643 Y66.551 E.01546
G1 X27.222 Y57.972 E.32739
G1 X27.222 Y58.546 E.01549
G1 X18.643 Y67.125 E.32739
G1 X18.643 Y67.699 E.01549
G1 X27.222 Y59.12 E.32739
G1 X27.222 Y59.693 E.01546
G1 X18.643 Y68.272 E.32739
G1 X18.643 Y68.846 E.01549
G1 X27.222 Y60.267 E.32739
G1 X27.222 Y60.841 E.01549
G1 X18.643 Y69.42 E.32739
G1 X18.643 Y69.993 E.01546
G1 X27.222 Y61.414 E.32739
G1 X27.222 Y61.988 E.01549
G1 X18.643 Y70.567 E.32739
G1 X18.643 Y71.141 E.01549
G1 X27.222 Y62.562 E.32739
G1 X27.222 Y63.136 E.01549
G1 X18.643 Y71.714 E.32738
G1 X18.643 Y72.288 E.01549
G1 X27.222 Y63.709 E.32739
G1 X27.222 Y64.283 E.01549
G1 X18.643 Y72.862 E.32739
G1 X18.643 Y73.436 E.01549
G1 X27.222 Y64.857 E.32739
G1 X27.222 Y65.43 E.01546
G1 X18.643 Y74.009 E.32739
G1 X18.643 Y74.583 E.01549
G1 X27.222 Y66.004 E.32739
G1 X27.222 Y66.578 E.01549
G1 X18.643 Y75.157 E.32739
G1 X18.643 Y75.73 E.01546
G1 X27.222 Y67.151 E.32739
G1 X27.222 Y67.725 E.01549
G1 X18.643 Y76.304 E.32739
G1 X18.643 Y76.878 E.01549
G1 X27.222 Y68.299 E.32739
G1 X27.222 Y68.872 E.01546
G1 X18.643 Y77.451 E.32739
G1 X18.643 Y78.025 E.01549
G1 X27.222 Y69.446 E.32739
G1 X27.222 Y70.02 E.01549
G1 X18.643 Y78.599 E.32739
G1 X18.643 Y79.173 E.01549
G1 X27.222 Y70.594 E.32739
G1 X27.222 Y71.167 E.01546
G1 X18.643 Y79.746 E.32739
G1 X18.643 Y80.32 E.01549
G1 X27.222 Y71.741 E.32739
G1 X27.222 Y72.315 E.01549
G1 X18.643 Y80.894 E.32739
G1 X18.643 Y81.467 E.01546
G1 X27.222 Y72.888 E.32739
G1 X27.222 Y73.462 E.01549
G1 X18.643 Y82.041 E.32739
G1 X18.643 Y82.615 E.01549
G1 X27.222 Y74.036 E.32739
G1 X27.222 Y74.609 E.01546
G1 X18.643 Y83.188 E.32739
G1 X18.643 Y83.762 E.01549
G1 X27.222 Y75.183 E.32739
G1 X27.222 Y75.757 E.01549
G1 X18.643 Y84.336 E.32739
G1 X18.643 Y84.909 E.01546
G1 X27.222 Y76.33 E.32739
G1 X27.222 Y76.904 E.01549
G1 X18.643 Y85.483 E.32739
G1 X18.643 Y86.057 E.01549
G1 X27.222 Y77.478 E.32739
G1 X27.222 Y78.052 E.01549
G1 X18.643 Y86.631 E.32739
G1 X18.643 Y87.204 E.01546
G1 X27.222 Y78.625 E.32739
G1 X27.222 Y79.199 E.01549
G1 X18.643 Y87.778 E.32739
G1 X18.643 Y88.352 E.01549
G1 X27.222 Y79.773 E.32739
G1 X27.222 Y80.346 E.01546
G1 X18.643 Y88.925 E.32739
G1 X18.643 Y89.499 E.01549
G1 X27.222 Y80.92 E.32739
G1 X27.222 Y81.494 E.01549
G1 X18.643 Y90.073 E.32739
G1 X18.643 Y90.646 E.01546
G1 X27.222 Y82.067 E.32739
G1 X27.222 Y82.641 E.01549
G1 X18.643 Y91.22 E.32739
G1 X18.643 Y91.794 E.01549
G1 X27.222 Y83.215 E.32739
G1 X27.222 Y83.789 E.01549
G1 X18.643 Y92.367 E.32738
G1 X18.643 Y92.941 E.01549
G1 X27.222 Y84.362 E.32739
G1 X27.222 Y84.936 E.01549
G1 X18.643 Y93.515 E.32739
G1 X18.643 Y94.089 E.01549
G1 X27.222 Y85.51 E.32739
G1 X27.222 Y86.083 E.01546
G1 X18.643 Y94.662 E.32739
G1 X18.643 Y95.236 E.01549
G1 X27.222 Y86.657 E.32739
G1 X27.222 Y87.231 E.01549
G1 X18.643 Y95.81 E.32739
G1 X18.643 Y96.383 E.01546
G1 X27.222 Y87.804 E.32739
G1 X27.222 Y88.378 E.01549
G1 X18.643 Y96.957 E.32739
G1 X18.643 Y97.531 E.01549
G1 X27.222 Y88.952 E.32739
G1 X27.222 Y89.525 E.01546
G1 X18.643 Y98.104 E.32739
G1 X18.643 Y98.678 E.01549
G1 X27.222 Y90.099 E.32739
G1 X27.222 Y90.673 E.01549
G1 X18.643 Y99.252 E.32739
G1 X18.643 Y99.825 E.01546
G1 X27.222 Y91.247 E.32738
G1 X27.222 Y91.82 E.01546
G1 X20.824 Y98.219 E.24418
G1 X20.537 Y98.472 E.01032
;WIDTH:0.393002
G1 X20.082 Y98.912 E.0151
;WIDTH:0.374726
G1 X20.058 Y98.938 E.0008
;WIDTH:0.37596
G1 X20.053 Y98.944 E.00018
;WIDTH:0.40798
G1 X19.862 Y99.219 E.00832
;WIDTH:0.439999
G1 X19.671 Y99.494 E.00904
G1 X19.48 Y100.043 E.01569
G1 X19.402 Y100.621 E.01574
G1 X19.455 Y101.297 E.0183
G1 X19.688 Y101.986 E.01963
G1 X19.991 Y102.483 E.01571
G1 X20.386 Y102.909 E.01568
G1 X20.858 Y103.249 E.0157
G1 X21.318 Y103.461 E.01367
G1 X18.643 Y106.136 E.10208
G1 X18.643 Y100.261 E.15854
G1 X18.786 Y100.256 E.00386
G1 X19.635 Y99.407 E.0324
G1 X19.917 Y99.094 E.01137
G1 X19.023 Y100.554 F9000
;WIDTH:0.431538
G1 F3600
G1 X19.044 Y101.274 E.01903
;WIDTH:0.439266
G1 X19.048 Y101.338 E.00173
;WIDTH:0.439459
G1 X19.048 Y101.541 E.00547
;WIDTH:0.439999
G1 X19.049 Y105.157 E.09758
G1 X20.625 Y103.58 E.06016
G1 X20.147 Y103.237 E.01588
G1 X19.691 Y102.756 E.01789
G1 X19.34 Y102.195 E.01786
G1 X19.07 Y101.424 E.02204
;WIDTH:0.439431
G1 X19.048 Y101.338 E.00239
G1 X19.462 Y103.117 F9000
;WIDTH:0.454753
G1 F3600
G1 X19.751 Y103.434 E.012
G1 X19.989 Y103.633 E.00868
G1 X19.462 Y104.16 E.02084
G1 X19.462 Y103.32 E.02349
G1 E-3.5
;WIPE_START
G1 F7200
G1 X19.462 Y104.16 E-.399
G1 X19.989 Y103.633 E-.35401
G1 X19.751 Y103.434 E-.14736
G1 X19.462 Y103.117 E-.20376
;WIPE_END
G1 E-.39587 F3600
G1 X21.766 Y103.587 F9000
G1 E5 F2400
;WIDTH:0.439999
G1 F3600
G1 X18.643 Y106.71 E.11918
G1 X18.643 Y107.284 E.01549
G1 X22.285 Y103.641 E.13901
G1 X23.249 Y103.394 F9000
;WIDTH:0.374336
G1 F3600
G1 X23.178 Y103.375 E.00166
G1 X23.197 Y103.446 E.00166
G1 X23.238 Y103.435 E.00096
;WIDTH:0.407168
G1 X23.081 Y103.506 E.00427
;WIDTH:0.439999
G1 X22.923 Y103.577 E.00467
G1 X18.643 Y107.857 E.16333
G1 E-3.5
;WIPE_START
G1 F7200
G1 X20.876 Y105.624 E-1.5
;WIPE_END
G1 X21.502 Y98.057 F9000
G1 E5 F2400
;WIDTH:0.374336
G1 F3600
G1 X21.461 Y98.068 E.00096
G1 X21.442 Y97.997 E.00166
G1 X21.513 Y98.016 E.00166
;WIDTH:0.407168
G1 X21.636 Y97.936 E.00364
;WIDTH:0.439999
G1 X21.759 Y97.857 E.00394
G1 X27.222 Y92.394 E.20848
G1 X27.222 Y92.968 E.01549
G1 X22.387 Y97.803 E.18451
G1 X22.902 Y97.862 E.01399
G1 X27.222 Y93.541 E.16488
G1 X27.222 Y94.115 E.01549
G1 X23.347 Y97.99 E.14788
G1 X23.738 Y98.173 E.01165
G1 X27.222 Y94.689 E.13296
G1 X27.222 Y95.262 E.01546
G1 X24.084 Y98.4 E.11975
G1 X24.391 Y98.667 E.01098
G1 X27.222 Y95.836 E.10804
G1 X27.222 Y96.41 E.01549
G1 X24.658 Y98.973 E.09783
G1 X24.879 Y99.326 E.01124
G1 X27.222 Y96.983 E.08941
G1 X27.222 Y99.995 E.08128
G1 X27.079 Y99.995 E.00386
G1 X25.023 Y102.051 E.07846
G1 X24.596 Y102.506 E.01684
G1 X24.969 Y101.946 E.01816
G1 X25.194 Y101.245 E.01987
G1 X25.235 Y100.579 E.01801
G1 X25.163 Y100.075 E.01374
G1 X25.051 Y99.728 E.00984
G1 X27.079 Y97.701 E.07737
G1 X26.816 Y98.537 F9000
G1 F3600
G1 X26.816 Y99.684 E.03095
G1 X25.626 Y100.874 E.04541
G1 X25.637 Y100.521 E.00953
G1 X25.519 Y99.834 E.01881
G1 X26.673 Y98.68 E.04404
G1 X26.411 Y99.516 F9000
;WIDTH:0.43998
G1 F3600
G1 X25.966 Y99.96 E.01696
G1 E-3.5
;WIPE_START
G1 F7200
G1 X26.411 Y99.516 E-.29859
;WIPE_END
G1 E-1.20141 F3600
G1 X24.596 Y102.506 F9000
G1 E5 F2400
;WIDTH:0.40039
G1 F3600
G1 X24.569 Y102.536 E.00098
;WIDTH:0.40764
G1 X24.182 Y102.915 E.01345
;WIDTH:0.439999
G1 X23.895 Y103.179 E.01052
G1 X18.643 Y108.431 E.20043
G1 X18.643 Y109.005 E.01549
G1 X27.222 Y100.426 E.32739
G1 X27.222 Y100.999 E.01546
G1 X18.643 Y109.578 E.32739
G1 X18.643 Y110.152 E.01549
G1 X27.222 Y101.573 E.32739
G1 X27.222 Y102.147 E.01549
G1 X18.643 Y110.726 E.32739
G1 X18.643 Y111.299 E.01546
G1 X27.222 Y102.72 E.32739
G1 X27.222 Y103.294 E.01549
G1 X18.643 Y111.873 E.32739
G1 X18.643 Y112.447 E.01549
G1 X27.222 Y103.868 E.32739
G1 X27.222 Y104.441 E.01546
G1 X18.643 Y113.02 E.32739
G1 X18.643 Y113.594 E.01549
G1 X27.222 Y105.015 E.32739
G1 X27.222 Y105.589 E.01549
G1 X18.643 Y114.168 E.32739
G1 X18.643 Y114.742 E.01549
G1 X27.222 Y106.163 E.32739
G1 X27.222 Y106.736 E.01546
G1 X18.643 Y115.315 E.32739
G1 X18.643 Y115.889 E.01549
G1 X27.222 Y107.31 E.32739
G1 X27.222 Y107.884 E.01549
G1 X18.643 Y116.463 E.32739
G1 X18.643 Y117.036 E.01546
G1 X27.222 Y108.457 E.32739
G1 X27.222 Y109.031 E.01549
G1 X18.643 Y117.61 E.32739
G1 X18.643 Y118.184 E.01549
G1 X27.222 Y109.605 E.32739
G1 X27.222 Y110.178 E.01546
G1 X18.643 Y118.757 E.32739
G1 X18.643 Y119.331 E.01549
G1 X27.222 Y110.752 E.32739
G1 X27.222 Y111.326 E.01549
G1 X18.643 Y119.905 E.32739
G1 X18.643 Y120.478 E.01546
G1 X27.222 Y111.9 E.32738
G1 X27.222 Y112.473 E.01546
G1 X18.643 Y121.052 E.32739
G1 X18.643 Y121.626 E.01549
G1 X27.222 Y113.047 E.32739
G1 X27.222 Y113.621 E.01549
G1 X18.643 Y122.2 E.32739
G1 X18.643 Y122.773 E.01546
G1 X27.222 Y114.194 E.32739
G1 X27.222 Y114.768 E.01549
G1 X18.643 Y123.347 E.32739
G1 X18.643 Y123.921 E.01549
G1 X27.222 Y115.342 E.32739
G1 X27.222 Y115.915 E.01546
G1 X18.643 Y124.494 E.32739
G1 X18.643 Y125.068 E.01549
G1 X27.222 Y116.489 E.32739
G1 X27.222 Y117.063 E.01549
G1 X18.643 Y125.642 E.32739
G1 X18.643 Y126.215 E.01546
G1 X27.222 Y117.636 E.32739
G1 X27.222 Y118.21 E.01549
G1 X18.643 Y126.789 E.32739
G1 X18.643 Y127.363 E.01549
G1 X27.222 Y118.784 E.32739
G1 X27.222 Y119.358 E.01549
G1 X18.643 Y127.936 E.32738
G1 X18.643 Y128.51 E.01549
G1 X27.222 Y119.931 E.32739
G1 X27.222 Y120.505 E.01549
G1 X18.643 Y129.084 E.32739
G1 X18.643 Y129.658 E.01549
G1 X27.222 Y121.079 E.32739
G1 X27.222 Y121.652 E.01546
G1 X18.643 Y130.231 E.32739
G1 X18.643 Y130.805 E.01549
G1 X27.222 Y122.226 E.32739
G1 X27.222 Y122.8 E.01549
G1 X18.643 Y131.379 E.32739
G1 X18.643 Y131.952 E.01546
G1 X27.222 Y123.373 E.32739
G1 X27.222 Y123.947 E.01549
G1 X18.643 Y132.526 E.32739
G1 X18.643 Y133.1 E.01549
G1 X27.222 Y124.521 E.32739
G1 X27.222 Y125.094 E.01546
G1 X18.643 Y133.673 E.32739
G1 X18.643 Y134.247 E.01549
G1 X27.222 Y125.668 E.32739
G1 X27.222 Y126.242 E.01549
G1 X18.643 Y134.821 E.32739
G1 X18.643 Y135.395 E.01549
G1 X27.222 Y126.816 E.32739
G1 X27.222 Y127.389 E.01546
G1 X18.643 Y135.968 E.32739
G1 X18.643 Y136.542 E.01549
G1 X27.222 Y127.963 E.32739
G1 X27.222 Y128.537 E.01549
G1 X18.643 Y137.116 E.32739
G1 X18.643 Y137.689 E.01546
G1 X27.222 Y129.11 E.32739
G1 X27.222 Y129.684 E.01549
G1 X18.643 Y138.263 E.32739
G1 X18.643 Y138.837 E.01549
G1 X27.222 Y130.258 E.32739
G1 X27.222 Y130.831 E.01546
G1 X18.643 Y139.41 E.32739
G1 X18.643 Y139.984 E.01549
G1 X27.222 Y131.405 E.32739
G1 X27.222 Y131.979 E.01549
G1 X18.643 Y140.558 E.32739
G1 X18.643 Y141.131 E.01546
G1 X27.222 Y132.552 E.32739
G1 X27.222 Y133.126 E.01549
G1 X18.643 Y141.705 E.32739
G1 X18.643 Y142.279 E.01549
G1 X27.222 Y133.7 E.32739
G1 X27.222 Y134.274 E.01549
G1 X18.643 Y142.853 E.32739
G1 X18.643 Y143.426 E.01546
G1 X27.222 Y134.847 E.32739
G1 X27.222 Y135.421 E.01549
G1 X18.643 Y144 E.32739
G1 X18.643 Y144.574 E.01549
G1 X27.222 Y135.995 E.32739
G1 X27.222 Y136.568 E.01546
G1 X18.643 Y145.147 E.32739
G1 X18.643 Y145.721 E.01549
G1 X27.222 Y137.142 E.32739
G1 X27.222 Y137.716 E.01549
G1 X18.643 Y146.295 E.32739
G1 X18.643 Y146.868 E.01546
G1 X27.222 Y138.289 E.32739
G1 X27.222 Y138.863 E.01549
G1 X18.643 Y147.442 E.32739
G1 X18.643 Y148.016 E.01549
G1 X27.222 Y139.437 E.32739
G1 X27.222 Y140.011 E.01549
G1 X18.643 Y148.589 E.32738
G1 X18.643 Y149.163 E.01549
G1 X27.222 Y140.584 E.32739
G1 X27.222 Y141.158 E.01549
G1 X18.643 Y149.737 E.32739
G1 X18.643 Y150.311 E.01549
G1 X27.222 Y141.732 E.32739
G1 X27.222 Y142.305 E.01546
G1 X18.643 Y150.884 E.32739
G1 X18.643 Y151.458 E.01549
G1 X27.222 Y142.879 E.32739
G1 X27.222 Y143.453 E.01549
G1 X18.643 Y152.032 E.32739
G1 X18.643 Y152.605 E.01546
G1 X27.222 Y144.026 E.32739
G1 X27.222 Y144.6 E.01549
G1 X18.643 Y153.179 E.32739
G1 X18.643 Y153.753 E.01549
G1 X27.222 Y145.174 E.32739
G1 X27.222 Y145.747 E.01546
G1 X18.643 Y154.326 E.32739
G1 X18.643 Y154.9 E.01549
G1 X27.222 Y146.321 E.32739
G1 X27.222 Y146.895 E.01549
G1 X18.643 Y155.474 E.32739
G1 X18.643 Y156.048 E.01549
G1 X27.222 Y147.469 E.32739
G1 X27.222 Y148.042 E.01546
G1 X18.643 Y156.621 E.32739
G1 X18.643 Y157.195 E.01549
G1 X27.222 Y148.616 E.32739
G1 X27.222 Y149.19 E.01549
G1 X18.643 Y157.769 E.32739
G1 X18.643 Y158.342 E.01546
G1 X27.222 Y149.763 E.32739
G1 X27.222 Y150.337 E.01549
G1 X18.643 Y158.916 E.32739
G1 X18.643 Y159.49 E.01549
G1 X27.222 Y150.911 E.32739
G1 X27.222 Y151.484 E.01546
G1 X18.643 Y160.063 E.32739
G1 X18.643 Y160.637 E.01549
G1 X27.222 Y152.058 E.32739
G1 X27.222 Y152.632 E.01549
G1 X18.643 Y161.211 E.32739
G1 X18.643 Y161.784 E.01546
G1 X27.222 Y153.205 E.32739
G1 X27.222 Y153.779 E.01549
G1 X18.643 Y162.358 E.32739
G1 X18.643 Y162.932 E.01549
G1 X27.222 Y154.353 E.32739
G1 X27.222 Y154.927 E.01549
G1 X18.643 Y163.506 E.32739
G1 X18.643 Y164.079 E.01546
G1 X27.222 Y155.5 E.32739
G1 X27.222 Y156.074 E.01549
G1 X18.643 Y164.653 E.32739
G1 X18.643 Y165.227 E.01549
G1 X27.222 Y156.648 E.32739
G1 X27.222 Y157.221 E.01546
G1 X18.643 Y165.8 E.32739
G1 X18.643 Y166.374 E.01549
G1 X27.222 Y157.795 E.32739
G1 X27.222 Y158.369 E.01549
G1 X18.643 Y166.948 E.32739
G1 X18.643 Y167.521 E.01546
G1 X27.222 Y158.942 E.32739
G1 X27.222 Y159.516 E.01549
G1 X18.643 Y168.095 E.32739
G1 X18.643 Y168.669 E.01549
G1 X27.222 Y160.09 E.32739
G1 X27.222 Y160.664 E.01549
G1 X18.643 Y169.242 E.32738
G1 X18.643 Y169.816 E.01549
G1 X27.222 Y161.237 E.32739
G1 X27.222 Y161.811 E.01549
G1 X18.643 Y170.39 E.32739
G1 X18.643 Y170.964 E.01549
G1 X27.222 Y162.385 E.32739
G1 X27.222 Y162.958 E.01546
G1 X18.643 Y171.537 E.32739
G1 X18.643 Y172.111 E.01549
G1 X27.222 Y163.532 E.32739
G1 X27.222 Y164.106 E.01549
G1 X18.643 Y172.685 E.32739
G1 X18.643 Y173.258 E.01546
G1 X27.222 Y164.679 E.32739
G1 X27.222 Y165.253 E.01549
G1 X18.643 Y173.832 E.32739
G1 X18.643 Y174.406 E.01549
G1 X27.222 Y165.827 E.32739
G1 X27.222 Y166.4 E.01546
G1 X18.735 Y174.888 E.3239
G1 X19.526 Y174.67 F9000
G1 F3600
G1 X18.836 Y175.35 E.02614
G1 X18.643 Y175.325 E.00525
G1 X18.643 Y181.29 E.16096
G1 X21.446 Y178.487 E.10697
G1 X21.121 Y178.384 E.0092
G1 X20.65 Y178.117 E.01461
G1 X20.209 Y177.739 E.01567
G1 X19.851 Y177.28 E.01571
G1 X19.591 Y176.76 E.01569
G1 X19.433 Y176.11 E.01805
G1 X19.415 Y175.533 E.01558
G1 X19.53 Y174.863 E.01834
G1 X19.669 Y174.527 E.00981
G1 X20.163 Y173.898 E.02158
;WIDTH:0.374336
G1 X20.859 Y173.266 E.02126
;WIDTH:0.407168
G1 X21.002 Y173.158 E.00444
;WIDTH:0.439999
G1 X21.146 Y173.05 E.00486
G1 X27.222 Y166.974 E.23187
G1 X27.222 Y167.548 E.01549
G1 X21.939 Y172.831 E.20161
G1 X21.817 Y172.903 E.00382
;WIDTH:0.407168
G1 X21.696 Y172.976 E.0035
;WIDTH:0.374336
G1 X21.625 Y172.957 E.00166
G1 X21.644 Y173.028 E.00166
G1 X21.685 Y173.017 E.00096
G1 X22.53 Y172.814 F9000
;WIDTH:0.439999
G1 F3600
G1 X27.496 Y167.848 E.18951
G1 X27.496 Y168.422 E.01549
G1 X23.026 Y172.892 E.17059
G1 X23.457 Y173.034 E.01225
G1 X27.496 Y168.995 E.15414
G1 X27.496 Y169.569 E.01549
G1 X23.836 Y173.228 E.13965
G1 X24.17 Y173.468 E.0111
G1 X27.496 Y170.143 E.12691
G1 X27.496 Y170.716 E.01546
G1 X24.467 Y173.745 E.11559
G1 X24.721 Y174.065 E.01102
G1 X27.496 Y171.29 E.1059
G1 X27.496 Y171.864 E.01549
G1 X24.934 Y174.426 E.09777
G1 E-3.5
;WIPE_START
G1 F7200
G1 X27.167 Y172.193 E-1.5
;WIPE_END
G1 X27.352 Y172.581 F9000
G1 E5 F2400
G1 F3600
G1 X25.098 Y174.835 E.08602
G1 X25.166 Y175.1 E.00738
G1 X25.241 Y175.696 E.01621
G1 X25.193 Y176.251 E.01503
G1 X25.141 Y176.514 E.00723
G1 X27.352 Y174.302 E.0844
G1 X27.496 Y174.302 E.00389
G1 X27.496 Y172.437 E.05033
G1 X27.09 Y173.417 F9000
;WIDTH:0.439989
G1 F3600
G1 X27.065 Y174.015 E.01615
G1 X25.62 Y175.46 E.05514
G1 X25.553 Y174.954 E.01377
G1 X26.947 Y173.56 E.0532
G1 E-3.5
;WIPE_START
G1 F7200
G1 X25.553 Y174.954 E-.93642
G1 X25.62 Y175.46 E-.24245
G1 X26.098 Y174.982 E-.32113
;WIPE_END
G1 X21.894 Y178.613 F9000
G1 E5 F2400
;WIDTH:0.439999
G1 F3600
G1 X18.643 Y181.864 E.12407
G1 X18.643 Y182.437 E.01546
G1 X22.444 Y178.636 E.14505
G1 X23.217 Y178.331 F9000
;WIDTH:0.374336
G1 F3600
G1 X23.427 Y178.337 E.00475
;WIDTH:0.407168
G1 X23.284 Y178.425 E.00416
;WIDTH:0.439999
G1 X23.14 Y178.514 E.00457
G1 X18.643 Y183.011 E.17162
G1 X18.643 Y183.585 E.01549
G1 X27.496 Y174.732 E.33785
G1 X27.496 Y175.306 E.01549
G1 X18.643 Y184.159 E.33785
G1 X18.62 Y184.316 E.00428
;WIDTH:0.407168
G1 X18.597 Y184.474 E.00396
;WIDTH:0.374336
G1 X18.526 Y184.455 E.00166
G1 X18.545 Y184.526 E.00166
G1 X18.586 Y184.515 E.00096
;WIDTH:0.439999
G1 X18.977 Y184.398 E.01101
G1 X27.496 Y175.88 E.32509
G1 X27.496 Y176.453 E.01546
G1 X19.551 Y184.398 E.3032
G1 X20.124 Y184.398 E.01546
G1 X27.496 Y177.027 E.28131
G1 X27.496 Y177.601 E.01549
G1 X20.698 Y184.398 E.25941
G1 X21.272 Y184.398 E.01549
G1 X27.496 Y178.174 E.23752
G1 X27.496 Y178.748 E.01549
G1 X21.846 Y184.398 E.21562
G1 X22.419 Y184.398 E.01546
G1 X27.496 Y179.322 E.19373
G1 X27.496 Y179.895 E.01546
G1 X22.993 Y184.398 E.17184
G1 X23.567 Y184.398 E.01549
G1 X27.496 Y180.469 E.14994
G1 X27.496 Y181.043 E.01549
G1 X24.14 Y184.398 E.12805
G1 X24.714 Y184.398 E.01549
G1 X27.496 Y181.617 E.10615
G1 X27.496 Y182.19 E.01546
G1 X25.288 Y184.398 E.08426
G1 E-3.5
;WIPE_START
G1 F7200
G1 X27.496 Y182.19 E-1.48323
G1 X27.496 Y182.155 E-.01677
;WIPE_END
G1 X27.352 Y182.907 F9000
G1 E5 F2400
G1 F3600
G1 X25.861 Y184.398 E.0569
G1 X27.496 Y184.398 E.04412
G1 X27.496 Y182.764 E.04409
G1 X27.084 Y183.902 F9000
;WIDTH:0.586006
G1 F3600
G1 X27.035 Y183.853 E.00254
G1 X26.968 Y183.871 E.00255
G1 X26.95 Y183.937 E.00251
G1 X26.999 Y183.986 E.00254
G1 X27.066 Y183.968 E.00255
G1 E-3.5
;WIPE_START
G1 F7200
G1 X26.999 Y183.986 E-.03295
G1 X26.95 Y183.937 E-.03292
G1 X26.968 Y183.871 E-.03249
G1 X27.035 Y183.853 E-.03295
G1 X27.084 Y183.902 E-.03292
;WIPE_END
G1 E-1.33577 F3600
G1 X19.043 Y176.201 F9000
G1 E5 F2400
;WIDTH:0.439999
G1 F3600
G1 X19.227 Y176.939 E.02052
G1 X19.529 Y177.528 E.01786
G1 X19.943 Y178.045 E.01787
G1 X20.351 Y178.4 E.01459
G1 X20.731 Y178.629 E.01197
G1 X19.049 Y180.311 E.06419
G1 X19.045 Y176.404 E.10543
;WIDTH:0.429223
G1 X19.04 Y176.167 E.00623
;WIDTH:0.422538
G1 X19.031 Y175.686 E.01242
G1 E-3.5
;WIPE_START
G1 F7200
G1 X19.04 Y176.167 E-.22851
G1 X19.045 Y176.404 E-.1126
G1 X19.047 Y178.844 E-1.15889
;WIPE_END
G1 X19.48 Y178.171 F9000
G1 E5 F2400
;WIDTH:0.491806
G1 F3600
G1 X19.66 Y178.371 E.00819
G1 X20.044 Y178.705 E.01549
G1 X19.48 Y179.269 E.02427
G1 X19.48 Y178.374 E.02724
G1 E-3.5
;WIPE_START
G1 F7200
G1 X19.48 Y179.269 E-.42513
G1 X20.044 Y178.705 E-.37887
G1 X19.66 Y178.371 E-.24174
G1 X19.48 Y178.171 E-.12781
;WIPE_END
G1 E-.32645 F3600
G1 X19.043 Y26.201 F9000
G1 E5 F2400
;WIDTH:0.439999
G1 F3600
G1 X19.227 Y26.939 E.02052
G1 X19.529 Y27.528 E.01786
G1 X19.859 Y27.957 E.01461
G1 X20.031 Y28.122 E.00643
G1 X20.534 Y28.517 E.01726
G1 X19.049 Y30.003 E.05669
G1 X19.045 Y26.404 E.09712
;WIDTH:0.429221
G1 X19.04 Y26.167 E.00623
;WIDTH:0.422536
G1 X19.032 Y25.818 E.00901
G1 E-3.5
;WIPE_START
G1 F7200
G1 X19.04 Y26.167 E-.16582
G1 X19.045 Y26.404 E-.1126
G1 X19.048 Y28.976 E-1.22158
;WIPE_END
G1 X19.447 Y28.073 F9000
G1 E5 F2400
;WIDTH:0.425
G1 F3600
G1 X19.544 Y28.199 E.00413
G1 X19.928 Y28.56 E.0137
G1 X19.447 Y29.042 E.0177
G1 X19.447 Y28.276 E.01991
;LAYER_CHANGE
;Z:1.16
;HEIGHT:0.16
;BEFORE_LAYER_CHANGE
G92 E0
;1.16


G1 E-3.5 F3600
;WIPE_START
G1 F7200
G1 X19.447 Y29.042 E-.36385
G1 X19.928 Y28.56 E-.32345
G1 X19.544 Y28.199 E-.25035
G1 X19.447 Y28.073 E-.07553
;WIPE_END
G1 E-.48682 F3600
G1 Z1.16 F9000
;AFTER_LAYER_CHANGE
;1.16
G1 X22.255 Y98.122
G1 E5 F2400
;TYPE:Perimeter
;WIDTH:0.439999
G1 F1800
G1 X22.674 Y98.138 E.01131
G1 X23.179 Y98.259 E.01401
G1 X23.65 Y98.479 E.01403
G1 X24.068 Y98.787 E.01401
G1 X24.417 Y99.172 E.01402
G1 X24.683 Y99.618 E.01401
G1 X24.855 Y100.108 E.01401
G1 X24.926 Y100.623 E.01403
G1 X24.894 Y101.141 E.014
G1 X24.76 Y101.643 E.01402
G1 X24.529 Y102.108 E.01401
G1 X24.367 Y102.327 E.00735
G1 X23.975 Y102.729 E.01515
G1 X23.482 Y103.057 E.01598
G1 X22.996 Y103.241 E.01402
G1 X22.483 Y103.325 E.01403
G1 X21.964 Y103.306 E.01401
G1 X21.459 Y103.184 E.01402
G1 X20.988 Y102.965 E.01402
G1 X20.57 Y102.657 E.01401
G1 X20.222 Y102.272 E.014
G1 X19.956 Y101.825 E.01404
G1 X19.784 Y101.335 E.01401
G1 X19.74 Y101.067 E.00733
G1 X19.726 Y100.506 E.01514
G1 X19.836 Y99.923 E.01601
G1 X20.044 Y99.447 E.01402
G1 X20.341 Y99.022 E.01399
G1 X20.717 Y98.663 E.01403
G1 X21.157 Y98.387 E.01402
G1 X21.643 Y98.203 E.01402
G1 X22.155 Y98.119 E.014
G1 X22.195 Y98.12 E.00108
G1 X22.264 Y98.524 F9000
G1 F1800
G1 X22.323 Y98.518 E.0016
G1 X22.76 Y98.563 E.01185
G1 X23.179 Y98.693 E.01184
G1 X23.564 Y98.903 E.01183
G1 X23.899 Y99.186 E.01183
G1 X24.172 Y99.529 E.01183
G1 X24.372 Y99.92 E.01185
G1 X24.467 Y100.228 E.0087
G1 X24.522 Y100.78 E.01497
G1 X24.467 Y101.216 E.01186
G1 X24.326 Y101.631 E.01183
G1 X24.077 Y102.044 E.01301
G1 X23.685 Y102.446 E.01515
G1 X23.279 Y102.706 E.01301
G1 X22.752 Y102.882 E.01499
G1 X22.316 Y102.925 E.01182
G1 X21.879 Y102.881 E.01185
G1 X21.46 Y102.751 E.01184
G1 X21.075 Y102.54 E.01185
G1 X20.739 Y102.258 E.01184
G1 X20.466 Y101.914 E.01185
G1 X20.267 Y101.523 E.01184
G1 X20.146 Y101.057 E.01299
G1 X20.132 Y100.495 E.01517
G1 X20.229 Y100.024 E.01298
G1 X20.47 Y99.523 E.015
G1 X20.744 Y99.181 E.01183
G1 X21.081 Y98.899 E.01186
G1 X21.467 Y98.69 E.01184
G1 X21.886 Y98.561 E.01183
G1 X22.205 Y98.53 E.00865
G1 X22.185 Y98.925 F9000
;TYPE:External perimeter
;WIDTH:0.419999
G1 F1800
G1 X22.293 Y98.913 E.00279
G1 X22.652 Y98.944 E.00924
G1 X22.998 Y99.045 E.00925
G1 X23.317 Y99.213 E.00925
G1 X23.596 Y99.44 E.00923
G1 X23.825 Y99.719 E.00926
G1 X23.994 Y100.037 E.00924
G1 X24.089 Y100.345 E.00827
G1 X24.128 Y100.741 E.01021
G1 X24.089 Y101.099 E.00924
G1 X23.979 Y101.442 E.00924
G1 X23.794 Y101.767 E.00959
G1 X23.401 Y102.17 E.01444
G1 X23.046 Y102.379 E.01057
G1 X22.703 Y102.49 E.00925
G1 X22.345 Y102.531 E.00924
G1 X21.986 Y102.5 E.00924
G1 X21.641 Y102.399 E.00922
G1 X21.322 Y102.231 E.00925
G1 X21.042 Y102.004 E.00925
G1 X20.814 Y101.725 E.00924
G1 X20.645 Y101.407 E.00924
G1 X20.541 Y101.047 E.00961
G1 X20.527 Y100.486 E.0144
G1 X20.626 Y100.085 E.0106
G1 X20.786 Y99.762 E.00925
G1 X21.006 Y99.477 E.00924
G1 X21.279 Y99.242 E.00924
G1 X21.593 Y99.065 E.00925
G1 X21.936 Y98.954 E.00925
G1 X22.125 Y98.932 E.00488
G1 E-3.5 F3600
;WIPE_START
G1 F7200
G1 X22.185 Y98.925 E-.02869
G1 X22.293 Y98.913 E-.05162
G1 X22.652 Y98.944 E-.17116
G1 X22.998 Y99.045 E-.17121
G1 X23.317 Y99.213 E-.17125
G1 X23.596 Y99.44 E-.17085
G1 X23.825 Y99.719 E-.17145
G1 X23.994 Y100.037 E-.17106
G1 X24.089 Y100.345 E-.1531
G1 X24.128 Y100.741 E-.18901
G1 X24.116 Y100.847 E-.0506
;WIPE_END
G1 X64.729 Y100.593 F9000
G1 E5 F2400
;TYPE:Perimeter
;WIDTH:0.439999
G1 F1800
G1 X64.726 Y100.506 E.00235
G1 X64.836 Y99.923 E.01601
G1 X65.044 Y99.447 E.01402
G1 X65.341 Y99.022 E.01399
G1 X65.717 Y98.663 E.01403
G1 X66.157 Y98.387 E.01402
G1 X66.643 Y98.203 E.01402
G1 X67.155 Y98.119 E.014
G1 X67.674 Y98.138 E.01401
G1 X68.179 Y98.259 E.01401
G1 X68.65 Y98.479 E.01403
G1 X69.068 Y98.787 E.01401
G1 X69.417 Y99.172 E.01402
G1 X69.683 Y99.618 E.01401
G1 X69.855 Y100.108 E.01401
G1 X69.926 Y100.623 E.01403
G1 X69.894 Y101.141 E.014
G1 X69.76 Y101.643 E.01402
G1 X69.529 Y102.108 E.01401
G1 X69.367 Y102.327 E.00735
G1 X68.975 Y102.729 E.01515
G1 X68.482 Y103.057 E.01598
G1 X67.996 Y103.241 E.01402
G1 X67.483 Y103.325 E.01403
G1 X66.964 Y103.306 E.01401
G1 X66.459 Y103.184 E.01402
G1 X65.988 Y102.965 E.01402
G1 X65.57 Y102.657 E.01401
G1 X65.222 Y102.272 E.014
G1 X64.956 Y101.825 E.01404
G1 X64.784 Y101.335 E.01401
G1 X64.74 Y101.067 E.00733
G1 X64.73 Y100.653 E.01117
G1 X65.135 Y100.613 F9000
G1 F1800
G1 X65.132 Y100.495 E.00319
G1 X65.229 Y100.024 E.01298
G1 X65.47 Y99.523 E.015
G1 X65.744 Y99.181 E.01183
G1 X66.081 Y98.899 E.01186
G1 X66.467 Y98.69 E.01184
G1 X66.886 Y98.561 E.01183
G1 X67.323 Y98.518 E.01185
G1 X67.76 Y98.563 E.01185
G1 X68.179 Y98.693 E.01184
G1 X68.564 Y98.903 E.01183
G1 X68.899 Y99.186 E.01183
G1 X69.172 Y99.529 E.01183
G1 X69.372 Y99.92 E.01185
G1 X69.49 Y100.343 E.01185
G1 X69.522 Y100.78 E.01182
G1 X69.467 Y101.216 E.01186
G1 X69.326 Y101.631 E.01183
G1 X69.077 Y102.044 E.01301
G1 X68.685 Y102.446 E.01515
G1 X68.279 Y102.706 E.01301
G1 X67.752 Y102.882 E.01499
G1 X67.316 Y102.925 E.01182
G1 X66.879 Y102.881 E.01185
G1 X66.46 Y102.751 E.01184
G1 X66.075 Y102.54 E.01185
G1 X65.739 Y102.258 E.01184
G1 X65.466 Y101.914 E.01185
G1 X65.267 Y101.523 E.01184
G1 X65.146 Y101.057 E.01299
G1 X65.136 Y100.673 E.01037
G1 X65.533 Y100.722 F9000
;TYPE:External perimeter
;WIDTH:0.419999
G1 F1800
G1 X65.527 Y100.486 E.00606
G1 X65.626 Y100.085 E.0106
G1 X65.786 Y99.762 E.00925
G1 X66.006 Y99.477 E.00924
G1 X66.279 Y99.242 E.00924
G1 X66.593 Y99.065 E.00925
G1 X66.936 Y98.954 E.00925
G1 X67.293 Y98.913 E.00922
G1 X67.652 Y98.944 E.00924
G1 X67.998 Y99.045 E.00925
G1 X68.317 Y99.213 E.00925
G1 X68.596 Y99.44 E.00923
G1 X68.825 Y99.719 E.00926
G1 X68.994 Y100.037 E.00924
G1 X69.096 Y100.382 E.00923
G1 X69.128 Y100.741 E.00925
G1 X69.089 Y101.099 E.00924
G1 X68.979 Y101.442 E.00924
G1 X68.794 Y101.767 E.00959
G1 X68.401 Y102.17 E.01444
G1 X68.081 Y102.363 E.00959
G1 X67.703 Y102.49 E.01023
G1 X67.345 Y102.531 E.00924
G1 X66.986 Y102.5 E.00924
G1 X66.641 Y102.399 E.00922
G1 X66.322 Y102.231 E.00925
G1 X66.042 Y102.004 E.00925
G1 X65.814 Y101.725 E.00924
G1 X65.645 Y101.407 E.00924
G1 X65.541 Y101.047 E.00961
G1 X65.535 Y100.782 E.0068
G1 E-3.5 F3600
;WIPE_START
G1 F7200
G1 X65.533 Y100.722 E-.02852
G1 X65.527 Y100.486 E-.11214
G1 X65.626 Y100.085 E-.19619
G1 X65.786 Y99.762 E-.17122
G1 X66.006 Y99.477 E-.17102
G1 X66.279 Y99.242 E-.1711
G1 X66.593 Y99.065 E-.17121
G1 X66.936 Y98.954 E-.17124
G1 X67.293 Y98.913 E-.17069
G1 X67.58 Y98.937 E-.13667
;WIPE_END
G1 X67.254 Y173.122 F9000
G1 E5 F2400
;TYPE:Perimeter
;WIDTH:0.439999
G1 F1800
G1 X67.353 Y173.114 E.00268
G1 X67.869 Y173.172 E.01401
G1 X68.364 Y173.332 E.01404
G1 X68.817 Y173.586 E.01401
G1 X69.21 Y173.925 E.01401
G1 X69.529 Y174.335 E.01402
G1 X69.76 Y174.801 E.01404
G1 X69.894 Y175.302 E.01399
G1 X69.926 Y175.821 E.01403
G1 X69.855 Y176.335 E.014
G1 X69.683 Y176.825 E.01401
G1 X69.367 Y177.327 E.01601
G1 X68.975 Y177.729 E.01515
G1 X68.482 Y178.057 E.01598
G1 X67.996 Y178.241 E.01402
G1 X67.483 Y178.325 E.01403
G1 X66.964 Y178.306 E.01401
G1 X66.459 Y178.184 E.01402
G1 X65.988 Y177.965 E.01402
G1 X65.57 Y177.657 E.01401
G1 X65.222 Y177.272 E.014
G1 X64.956 Y176.826 E.01401
G1 X64.784 Y176.335 E.01404
G1 X64.74 Y176.067 E.00733
G1 X64.726 Y175.506 E.01514
G1 X64.836 Y174.923 E.01601
G1 X65.044 Y174.447 E.01402
G1 X65.476 Y173.876 E.01932
G1 X65.878 Y173.548 E.014
G1 X66.338 Y173.305 E.01404
G1 X66.836 Y173.159 E.014
G1 X67.195 Y173.128 E.00972
G1 X67.264 Y173.524 F9000
G1 F1800
G1 X67.323 Y173.518 E.0016
G1 X67.76 Y173.563 E.01185
G1 X68.179 Y173.693 E.01184
G1 X68.564 Y173.903 E.01183
G1 X68.899 Y174.186 E.01183
G1 X69.172 Y174.529 E.01183
G1 X69.372 Y174.92 E.01185
G1 X69.49 Y175.343 E.01185
G1 X69.522 Y175.78 E.01182
G1 X69.467 Y176.216 E.01186
G1 X69.326 Y176.631 E.01183
G1 X69.077 Y177.044 E.01301
G1 X68.685 Y177.446 E.01515
G1 X68.279 Y177.706 E.01301
G1 X67.752 Y177.882 E.01499
G1 X67.316 Y177.925 E.01182
G1 X66.879 Y177.881 E.01185
G1 X66.46 Y177.751 E.01184
G1 X66.075 Y177.54 E.01185
G1 X65.739 Y177.258 E.01184
G1 X65.466 Y176.914 E.01185
G1 X65.267 Y176.524 E.01181
G1 X65.146 Y176.057 E.01302
G1 X65.132 Y175.495 E.01517
G1 X65.229 Y175.023 E.013
G1 X65.47 Y174.523 E.01498
G1 X65.744 Y174.181 E.01183
G1 X66.081 Y173.899 E.01186
G1 X66.467 Y173.69 E.01184
G1 X66.886 Y173.561 E.01183
G1 X67.205 Y173.53 E.00865
G1 X67.185 Y173.925 F9000
;TYPE:External perimeter
;WIDTH:0.419999
G1 F1800
G1 X67.293 Y173.913 E.00279
G1 X67.652 Y173.944 E.00924
G1 X67.998 Y174.045 E.00925
G1 X68.317 Y174.213 E.00925
G1 X68.596 Y174.44 E.00923
G1 X68.825 Y174.719 E.00926
G1 X68.994 Y175.037 E.00924
G1 X69.096 Y175.382 E.00923
G1 X69.128 Y175.741 E.00925
G1 X69.089 Y176.099 E.00924
G1 X68.979 Y176.442 E.00924
G1 X68.794 Y176.767 E.00959
G1 X68.401 Y177.17 E.01444
G1 X68.046 Y177.379 E.01057
G1 X67.59 Y177.504 E.01213
G1 X67.345 Y177.531 E.00632
G1 X66.986 Y177.5 E.00924
G1 X66.641 Y177.399 E.00922
G1 X66.322 Y177.231 E.00925
G1 X66.042 Y177.004 E.00925
G1 X65.814 Y176.725 E.00924
G1 X65.645 Y176.407 E.00924
G1 X65.541 Y176.047 E.00961
G1 X65.527 Y175.486 E.0144
G1 X65.626 Y175.085 E.0106
G1 X65.786 Y174.762 E.00925
G1 X66.006 Y174.477 E.00924
G1 X66.279 Y174.242 E.00924
G1 X66.593 Y174.065 E.00925
G1 X66.936 Y173.954 E.00925
G1 X67.125 Y173.932 E.00488
G1 E-3.5 F3600
;WIPE_START
G1 F7200
G1 X67.185 Y173.925 E-.02869
G1 X67.293 Y173.913 E-.05162
G1 X67.652 Y173.944 E-.17116
G1 X67.998 Y174.045 E-.17121
G1 X68.317 Y174.213 E-.17125
G1 X68.596 Y174.44 E-.17085
G1 X68.825 Y174.719 E-.17145
G1 X68.994 Y175.037 E-.17106
G1 X69.096 Y175.382 E-.17089
G1 X69.128 Y175.741 E-.1712
G1 X69.116 Y175.847 E-.05062
;WIPE_END
G1 X24.912 Y175.592 F9000
G1 E5 F2400
;TYPE:Perimeter
;WIDTH:0.439999
G1 F1800
G1 X24.926 Y175.821 E.00619
G1 X24.855 Y176.335 E.014
G1 X24.683 Y176.825 E.01401
G1 X24.367 Y177.327 E.01601
G1 X23.975 Y177.729 E.01515
G1 X23.482 Y178.057 E.01598
G1 X22.996 Y178.241 E.01402
G1 X22.483 Y178.325 E.01403
G1 X21.964 Y178.306 E.01401
G1 X21.459 Y178.184 E.01402
G1 X20.988 Y177.965 E.01402
G1 X20.57 Y177.657 E.01401
G1 X20.222 Y177.272 E.014
G1 X19.956 Y176.826 E.01401
G1 X19.784 Y176.335 E.01404
G1 X19.74 Y176.067 E.00733
G1 X19.726 Y175.506 E.01514
G1 X19.836 Y174.923 E.01601
G1 X20.044 Y174.447 E.01402
G1 X20.341 Y174.022 E.01399
G1 X20.717 Y173.663 E.01403
G1 X21.157 Y173.387 E.01402
G1 X21.643 Y173.203 E.01402
G1 X22.155 Y173.119 E.014
G1 X22.674 Y173.138 E.01401
G1 X23.179 Y173.259 E.01401
G1 X23.817 Y173.586 E.01935
G1 X24.21 Y173.925 E.01401
G1 X24.529 Y174.335 E.01402
G1 X24.76 Y174.801 E.01404
G1 X24.894 Y175.302 E.01399
G1 X24.908 Y175.533 E.00624
G1 X24.51 Y175.613 F9000
G1 F1800
G1 X24.522 Y175.78 E.00452
G1 X24.467 Y176.216 E.01186
G1 X24.326 Y176.631 E.01183
G1 X24.077 Y177.044 E.01301
G1 X23.685 Y177.446 E.01515
G1 X23.178 Y177.752 E.01598
G1 X22.752 Y177.882 E.01202
G1 X22.316 Y177.925 E.01182
G1 X21.879 Y177.881 E.01185
G1 X21.46 Y177.751 E.01184
G1 X21.075 Y177.54 E.01185
G1 X20.739 Y177.258 E.01184
G1 X20.466 Y176.914 E.01185
G1 X20.267 Y176.524 E.01181
G1 X20.146 Y176.057 E.01302
G1 X20.132 Y175.495 E.01517
G1 X20.229 Y175.023 E.013
G1 X20.47 Y174.523 E.01498
G1 X20.744 Y174.181 E.01183
G1 X21.081 Y173.899 E.01186
G1 X21.467 Y173.69 E.01184
G1 X21.886 Y173.561 E.01183
G1 X22.323 Y173.518 E.01185
G1 X22.76 Y173.563 E.01185
G1 X23.179 Y173.693 E.01184
G1 X23.564 Y173.903 E.01183
G1 X23.899 Y174.186 E.01183
G1 X24.172 Y174.529 E.01183
G1 X24.372 Y174.92 E.01185
G1 X24.49 Y175.343 E.01185
G1 X24.505 Y175.553 E.00568
G1 X24.111 Y175.543 F9000
;TYPE:External perimeter
;WIDTH:0.419999
G1 F1800
G1 X24.128 Y175.741 E.0051
G1 X24.089 Y176.099 E.00924
G1 X23.979 Y176.442 E.00924
G1 X23.794 Y176.767 E.00959
G1 X23.401 Y177.17 E.01444
G1 X23.046 Y177.379 E.01057
G1 X22.703 Y177.49 E.00925
G1 X22.345 Y177.531 E.00924
G1 X21.986 Y177.5 E.00924
G1 X21.641 Y177.399 E.00922
G1 X21.322 Y177.231 E.00925
G1 X21.042 Y177.004 E.00925
G1 X20.814 Y176.725 E.00924
G1 X20.645 Y176.407 E.00924
G1 X20.541 Y176.047 E.00961
G1 X20.527 Y175.486 E.0144
G1 X20.626 Y175.085 E.0106
G1 X20.786 Y174.762 E.00925
G1 X21.006 Y174.477 E.00924
G1 X21.279 Y174.242 E.00924
G1 X21.593 Y174.065 E.00925
G1 X21.936 Y173.954 E.00925
G1 X22.293 Y173.913 E.00922
G1 X22.652 Y173.944 E.00924
G1 X22.998 Y174.045 E.00925
G1 X23.317 Y174.213 E.00925
G1 X23.596 Y174.44 E.00923
G1 X23.825 Y174.719 E.00926
G1 X23.994 Y175.037 E.00924
G1 X24.096 Y175.382 E.00923
G1 X24.105 Y175.483 E.0026
G1 E-3.5 F3600
;WIPE_START
G1 F7200
G1 X24.111 Y175.543 E-.02864
G1 X24.128 Y175.741 E-.0944
G1 X24.089 Y176.099 E-.17106
G1 X23.979 Y176.442 E-.1711
G1 X23.794 Y176.767 E-.17763
G1 X23.401 Y177.17 E-.26738
G1 X23.046 Y177.379 E-.19568
G1 X22.703 Y177.49 E-.17124
G1 X22.345 Y177.531 E-.17116
G1 X22.237 Y177.522 E-.05171
;WIPE_END
G1 X22.384 Y28.321 F9000
G1 E5 F2400
;TYPE:Perimeter
;WIDTH:0.439999
G1 F1800
G1 X21.964 Y28.306 E.01134
G1 X21.459 Y28.184 E.01402
G1 X20.988 Y27.965 E.01402
G1 X20.57 Y27.657 E.01401
G1 X20.222 Y27.272 E.014
G1 X19.956 Y26.826 E.01401
G1 X19.784 Y26.335 E.01404
G1 X19.74 Y26.067 E.00733
G1 X19.726 Y25.506 E.01514
G1 X19.836 Y24.923 E.01601
G1 X20.044 Y24.447 E.01402
G1 X20.341 Y24.022 E.01399
G1 X20.717 Y23.663 E.01403
G1 X21.157 Y23.387 E.01402
G1 X21.643 Y23.203 E.01402
G1 X22.155 Y23.119 E.014
G1 X22.674 Y23.138 E.01401
G1 X23.179 Y23.259 E.01401
G1 X23.65 Y23.479 E.01403
G1 X24.068 Y23.787 E.01401
G1 X24.417 Y24.172 E.01402
G1 X24.683 Y24.618 E.01401
G1 X24.855 Y25.108 E.01401
G1 X24.926 Y25.623 E.01403
G1 X24.894 Y26.141 E.014
G1 X24.76 Y26.643 E.01402
G1 X24.645 Y26.889 E.00733
G1 X24.34 Y27.361 E.01516
G1 X23.921 Y27.78 E.01599
G1 X23.482 Y28.057 E.01401
G1 X22.996 Y28.241 E.01402
G1 X22.483 Y28.325 E.01403
G1 X22.444 Y28.324 E.00105
G1 X22.374 Y27.92 F9000
G1 F1800
G1 X22.316 Y27.925 E.00157
G1 X21.879 Y27.881 E.01185
G1 X21.46 Y27.751 E.01184
G1 X21.075 Y27.54 E.01185
G1 X20.739 Y27.258 E.01184
G1 X20.466 Y26.914 E.01185
G1 X20.267 Y26.524 E.01181
G1 X20.146 Y26.057 E.01302
G1 X20.132 Y25.495 E.01517
G1 X20.229 Y25.023 E.013
G1 X20.47 Y24.523 E.01498
G1 X20.744 Y24.181 E.01183
G1 X21.081 Y23.899 E.01186
G1 X21.467 Y23.69 E.01184
G1 X22 Y23.547 E.01489
G1 X22.323 Y23.518 E.00875
G1 X22.76 Y23.563 E.01185
G1 X23.179 Y23.693 E.01184
G1 X23.564 Y23.903 E.01183
G1 X23.899 Y24.186 E.01183
G1 X24.172 Y24.529 E.01183
G1 X24.372 Y24.92 E.01185
G1 X24.49 Y25.343 E.01185
G1 X24.522 Y25.78 E.01182
G1 X24.467 Y26.216 E.01186
G1 X24.304 Y26.669 E.01299
G1 X23.999 Y27.141 E.01516
G1 X23.653 Y27.476 E.013
G1 X23.172 Y27.754 E.01499
G1 X22.752 Y27.882 E.01185
G1 X22.434 Y27.914 E.00862
G1 X22.454 Y27.518 F9000
;TYPE:External perimeter
;WIDTH:0.419999
G1 F1800
G1 X22.345 Y27.531 E.00282
G1 X21.986 Y27.5 E.00924
G1 X21.641 Y27.399 E.00922
G1 X21.322 Y27.231 E.00925
G1 X21.042 Y27.004 E.00925
G1 X20.814 Y26.725 E.00924
G1 X20.645 Y26.407 E.00924
G1 X20.541 Y26.047 E.00961
G1 X20.527 Y25.486 E.0144
G1 X20.626 Y25.085 E.0106
G1 X20.786 Y24.762 E.00925
G1 X21.006 Y24.477 E.00924
G1 X21.279 Y24.242 E.00924
G1 X21.593 Y24.065 E.00925
G1 X22.049 Y23.94 E.01213
G1 X22.293 Y23.913 E.0063
G1 X22.652 Y23.944 E.00924
G1 X22.998 Y24.045 E.00925
G1 X23.317 Y24.213 E.00925
G1 X23.596 Y24.44 E.00923
G1 X23.825 Y24.719 E.00926
G1 X23.994 Y25.037 E.00924
G1 X24.096 Y25.382 E.00923
G1 X24.128 Y25.741 E.00925
G1 X24.089 Y26.099 E.00924
G1 X23.972 Y26.454 E.00959
G1 X23.667 Y26.926 E.01442
G1 X23.36 Y27.202 E.01059
G1 X23.046 Y27.379 E.00925
G1 X22.703 Y27.49 E.00925
G1 X22.514 Y27.512 E.00488
G1 E-3.5 F3600
;WIPE_START
G1 F7200
G1 X22.454 Y27.518 E-.02864
G1 X22.345 Y27.531 E-.05214
G1 X21.986 Y27.5 E-.17116
G1 X21.641 Y27.399 E-.17075
G1 X21.322 Y27.231 E-.17125
G1 X21.042 Y27.004 E-.17122
G1 X20.814 Y26.725 E-.17115
G1 X20.645 Y26.407 E-.17106
G1 X20.541 Y26.047 E-.17799
G1 X20.53 Y25.595 E-.21464
;WIPE_END
G1 X64.735 Y25.851 F9000
G1 E5 F2400
;TYPE:Perimeter
;WIDTH:0.439999
G1 F1800
G1 X64.726 Y25.506 E.00931
G1 X64.836 Y24.923 E.01601
G1 X65.044 Y24.447 E.01402
G1 X65.341 Y24.022 E.01399
G1 X65.717 Y23.663 E.01403
G1 X66.157 Y23.387 E.01402
G1 X66.643 Y23.203 E.01402
G1 X67.155 Y23.119 E.014
G1 X67.869 Y23.172 E.01932
G1 X68.364 Y23.332 E.01404
G1 X68.817 Y23.586 E.01401
G1 X69.21 Y23.925 E.01401
G1 X69.529 Y24.335 E.01402
G1 X69.76 Y24.801 E.01404
G1 X69.894 Y25.302 E.01399
G1 X69.926 Y25.821 E.01403
G1 X69.855 Y26.335 E.014
G1 X69.645 Y26.889 E.01599
G1 X69.34 Y27.361 E.01516
G1 X68.921 Y27.78 E.01599
G1 X68.482 Y28.057 E.01401
G1 X67.996 Y28.241 E.01402
G1 X67.483 Y28.325 E.01403
G1 X66.964 Y28.306 E.01401
G1 X66.459 Y28.184 E.01402
G1 X65.988 Y27.965 E.01402
G1 X65.57 Y27.657 E.01401
G1 X65.222 Y27.272 E.014
G1 X64.956 Y26.826 E.01401
G1 X64.784 Y26.335 E.01404
G1 X64.74 Y26.067 E.00733
G1 X64.736 Y25.911 E.00421
G1 X65.14 Y25.831 F9000
G1 F1800
G1 X65.132 Y25.495 E.00907
G1 X65.229 Y25.023 E.013
G1 X65.47 Y24.523 E.01498
G1 X65.744 Y24.181 E.01183
G1 X66.081 Y23.899 E.01186
G1 X66.467 Y23.69 E.01184
G1 X66.886 Y23.561 E.01183
G1 X67.323 Y23.518 E.01185
G1 X67.76 Y23.563 E.01185
G1 X68.179 Y23.693 E.01184
G1 X68.564 Y23.903 E.01183
G1 X68.899 Y24.186 E.01183
G1 X69.172 Y24.529 E.01183
G1 X69.372 Y24.92 E.01185
G1 X69.49 Y25.343 E.01185
G1 X69.522 Y25.78 E.01182
G1 X69.467 Y26.216 E.01186
G1 X69.304 Y26.669 E.01299
G1 X68.999 Y27.141 E.01516
G1 X68.653 Y27.476 E.013
G1 X68.172 Y27.754 E.01499
G1 X67.752 Y27.882 E.01185
G1 X67.316 Y27.925 E.01182
G1 X66.879 Y27.881 E.01185
G1 X66.46 Y27.751 E.01184
G1 X66.075 Y27.54 E.01185
G1 X65.739 Y27.258 E.01184
G1 X65.466 Y26.914 E.01185
G1 X65.267 Y26.524 E.01181
G1 X65.146 Y26.057 E.01302
G1 X65.142 Y25.891 E.00448
G1 X65.538 Y25.9 F9000
;TYPE:External perimeter
;WIDTH:0.419999
G1 F1800
G1 X65.527 Y25.486 E.01062
G1 X65.626 Y25.085 E.0106
G1 X65.786 Y24.762 E.00925
G1 X66.006 Y24.477 E.00924
G1 X66.279 Y24.242 E.00924
G1 X66.593 Y24.065 E.00925
G1 X66.936 Y23.954 E.00925
G1 X67.293 Y23.913 E.00922
G1 X67.652 Y23.944 E.00924
G1 X67.998 Y24.045 E.00925
G1 X68.317 Y24.213 E.00925
G1 X68.596 Y24.44 E.00923
G1 X68.825 Y24.719 E.00926
G1 X68.994 Y25.037 E.00924
G1 X69.096 Y25.382 E.00923
G1 X69.128 Y25.741 E.00925
G1 X69.089 Y26.099 E.00924
G1 X68.972 Y26.454 E.00959
G1 X68.667 Y26.926 E.01442
G1 X68.36 Y27.202 E.01059
G1 X68.046 Y27.379 E.00925
G1 X67.703 Y27.49 E.00925
G1 X67.345 Y27.531 E.00924
G1 X66.986 Y27.5 E.00924
G1 X66.641 Y27.399 E.00922
G1 X66.322 Y27.231 E.00925
G1 X66.042 Y27.004 E.00925
G1 X65.814 Y26.725 E.00924
G1 X65.645 Y26.407 E.00924
G1 X65.541 Y26.047 E.00961
G1 X65.539 Y25.96 E.00223
G1 E-3.5 F3600
;WIPE_START
G1 F7200
G1 X65.538 Y25.9 E-.0285
G1 X65.527 Y25.486 E-.19672
G1 X65.626 Y25.085 E-.19619
G1 X65.786 Y24.762 E-.17122
G1 X66.006 Y24.477 E-.17102
G1 X66.279 Y24.242 E-.1711
G1 X66.593 Y24.065 E-.17121
G1 X66.936 Y23.954 E-.17124
G1 X67.293 Y23.913 E-.17069
G1 X67.402 Y23.922 E-.05211
;WIPE_END
G1 X61.524 Y18.016 F9000
G1 E5 F2400
;TYPE:Perimeter
;WIDTH:0.439999
G1 F3600
G1 X61.304 Y17.827 E.00783
G1 X60.837 Y17.711 E.01298
G1 X28.674 Y17.711 E.86791
G1 X28.334 Y17.827 E.00969
G1 X28.007 Y18.108 E.01163
G1 X27.848 Y18.426 E.00959
G1 X27.808 Y18.705 E.00761
G1 X27.808 Y184.711 E4.47964
G1 X18.331 Y184.711 E.25574
G1 X18.331 Y16.733 E4.53286
G1 X71.308 Y16.733 E1.42957
G1 X71.308 Y184.711 E4.53286
G1 X61.831 Y184.711 E.25574
G1 X61.831 Y18.705 E4.47964
G1 X61.791 Y18.426 E.00761
G1 X61.632 Y18.108 E.00959
G1 X61.57 Y18.055 E.0022
G1 X61.243 Y18.297 F9000
G1 F3600
G1 X61.113 Y18.185 E.00463
G1 X60.837 Y18.116 E.00768
G1 X28.802 Y18.116 E.86446
G1 X28.525 Y18.185 E.0077
G1 X28.331 Y18.352 E.00691
G1 X28.237 Y18.54 E.00567
G1 X28.214 Y18.705 E.0045
G1 X28.214 Y185.116 E4.49057
G1 X17.925 Y185.116 E.27765
G1 X17.925 Y16.328 E4.55471
G1 X71.714 Y16.328 E1.45149
G1 X71.714 Y185.116 E4.55471
G1 X61.425 Y185.116 E.27765
G1 X61.425 Y18.587 E4.49375
G1 X61.307 Y18.352 E.0071
G1 X61.289 Y18.336 E.00065
G1 X60.962 Y18.575 F9000
;TYPE:External perimeter
;WIDTH:0.419999
G1 F1800
G1 X60.837 Y18.512 E.00359
G1 X28.802 Y18.512 E.82184
G1 X28.648 Y18.589 E.00442
G1 X28.609 Y18.705 E.00314
G1 X28.609 Y185.512 E4.27933
G1 X17.529 Y185.512 E.28425
G1 X17.529 Y15.932 E4.35047
G1 X72.109 Y15.932 E1.40022
G1 X72.109 Y185.512 E4.35047
G1 X61.029 Y185.512 E.28425
G1 X61.029 Y18.705 E4.27933
G1 X61 Y18.615 E.00243
G1 X59.502 Y17.398 F9000
;TYPE:Internal infill
;WIDTH:0.44
G1 F3600
G1 X60.91 Y17.413 E.038
G1 X60.91 Y17.372 E.00111
G1 X60.584 Y17.046 E.01244
G1 X59.652 Y17.046 E.02515
G1 X59.3 Y17.398 E.01343
G1 X53.287 Y17.398 E.16226
G1 X52.934 Y17.046 E.01345
G1 X52.003 Y17.046 E.02512
G1 X51.65 Y17.398 E.01345
G1 X45.638 Y17.398 E.16223
G1 X45.285 Y17.046 E.01345
G1 X44.354 Y17.046 E.02512
G1 X44.001 Y17.398 E.01345
G1 X37.988 Y17.398 E.16226
G1 X37.636 Y17.046 E.01343
G1 X36.704 Y17.046 E.02515
G1 X36.352 Y17.398 E.01343
G1 X30.339 Y17.398 E.16226
G1 X29.986 Y17.046 E.01345
G1 X29.055 Y17.046 E.02512
G1 X28.728 Y17.372 E.01246
G1 X30.136 Y17.398 E.038
G1 E-3.5
;WIPE_START
G1 F7200
G1 X28.728 Y17.372 E-.66891
G1 X29.055 Y17.046 E-.21933
G1 X29.986 Y17.046 E-.44223
G1 X30.239 Y17.298 E-.16953
;WIPE_END
G1 X25.628 Y100.785 F9000
G1 E5 F2400
;TYPE:Solid infill
;WIDTH:0.43999
G1 F3600
G1 X25.609 Y101.126 E.00922
G1 X27.09 Y102.607 E.05652
G1 X27.09 Y102.033 E.01549
G1 X25.639 Y100.582 E.05537
G1 E-3.5
;WIPE_START
G1 F7200
G1 X27.09 Y102.033 E-.97471
G1 X27.09 Y102.607 E-.27265
G1 X26.714 Y102.231 E-.25264
;WIPE_END
G1 X18.788 Y176.065 F9000
G1 E5 F2400
;WIDTH:0.439999
G1 F3600
G1 X18.968 Y176.004 E.00513
G1 X19.237 Y176.219 E.00929
G1 X19.527 Y176.508 E.01105
G1 X19.428 Y176.068 E.01217
G1 X19.414 Y175.49 E.0156
G1 X19.53 Y174.863 E.01721
G1 X19.757 Y174.324 E.01578
G1 X20.085 Y173.844 E.01569
G1 X20.501 Y173.438 E.01569
G1 X20.99 Y173.123 E.0157
G1 X21.214 Y173.032 E.00652
G1 X18.643 Y170.461 E.09812
G1 X18.643 Y176.206 E.15503
G1 X19.03 Y175.622 E.01891
;WIDTH:0.410118
G1 X19.034 Y175.373 E.00623
;WIDTH:0.439999
G1 X19.049 Y174.778 E.01606
G1 X19.049 Y171.441 E.09005
G1 X20.537 Y172.93 E.0568
G1 X20.22 Y173.145 E.01034
G1 X19.751 Y173.613 E.01788
G1 X19.384 Y174.163 E.01784
G1 X19.131 Y174.786 E.01814
G1 X19.067 Y175.173 E.01058
G1 X19.447 Y173.358 F9000
;WIDTH:0.425804
G1 F3600
G1 X19.447 Y172.403 E.02487
G1 X19.923 Y172.878 E.01751
G1 X19.59 Y173.214 E.01232
G1 E-3.5
;WIPE_START
G1 F7200
G1 X19.923 Y172.878 E-.2247
G1 X19.447 Y172.403 E-.31942
G1 X19.447 Y173.358 E-.45363
;WIPE_END
G1 E-.50225 F3600
G1 X21.639 Y172.884 F9000
G1 E5 F2400
;WIDTH:0.439999
G1 F3600
G1 X18.643 Y169.888 E.11433
G1 X18.503 Y169.699 E.00635
;WIDTH:0.409
G1 X18.515 Y169.744 E.00116
G1 X18.437 Y169.765 E.00201
G1 X18.458 Y169.687 E.00201
;WIDTH:0.439999
G1 X18.643 Y169.314 E.01124
G1 X22.137 Y172.808 E.13334
G1 X23.01 Y172.946 F9000
;WIDTH:0.374336
G1 F3600
G1 X22.991 Y173.017 E.00166
G1 X23.062 Y172.998 E.00166
G1 X23.051 Y172.957 E.00096
;WIDTH:0.407168
G1 X22.892 Y172.894 E.00424
;WIDTH:0.439999
G1 X22.734 Y172.831 E.00459
G1 X18.643 Y168.74 E.15612
G1 X18.643 Y168.167 E.01546
G1 X23.555 Y173.079 E.18745
G1 X23.842 Y173.296 E.00971
;WIDTH:0.374336
G1 X24.219 Y173.62 E.01124
G1 X24.604 Y174.024 E.01262
G1 E-3.5
;WIPE_START
G1 F7200
G1 X24.219 Y173.62 E-.26508
G1 X23.842 Y173.296 E-.23612
G1 X23.555 Y173.079 E-.17091
G1 X22.323 Y171.846 E-.82789
;WIPE_END
G1 X18.737 Y184.304 F9000
G1 E5 F2400
;WIDTH:0.538422
G1 F3600
G1 X18.753 Y184.365 E.00211
G1 X18.709 Y184.41 E.00211
G1 X18.648 Y184.394 E.00211
G1 X18.631 Y184.333 E.00212
G1 X18.676 Y184.288 E.00213
;WIDTH:0.439999
G1 X19.385 Y184.398 E.01936
G1 X18.643 Y183.656 E.02832
G1 X18.502 Y183.468 E.00634
;WIDTH:0.40261
G1 X18.514 Y183.513 E.00114
G1 X18.437 Y183.533 E.00195
G1 X18.458 Y183.456 E.00196
;WIDTH:0.439999
G1 X18.643 Y183.083 E.01124
G1 X19.958 Y184.398 E.05018
G1 X20.532 Y184.398 E.01549
G1 X18.643 Y182.509 E.07209
G1 X18.643 Y181.935 E.01549
G1 X21.106 Y184.398 E.09399
G1 X21.68 Y184.398 E.01549
G1 X18.643 Y181.362 E.11588
G1 X18.643 Y180.788 E.01549
G1 X22.253 Y184.398 E.13777
G1 X22.827 Y184.398 E.01549
G1 X18.643 Y180.214 E.15967
G1 X18.643 Y179.641 E.01546
G1 X23.401 Y184.398 E.18156
G1 X23.974 Y184.398 E.01546
G1 X18.643 Y179.067 E.20344
G1 X18.643 Y178.493 E.01549
G1 X24.548 Y184.398 E.22535
G1 X25.122 Y184.398 E.01549
G1 X18.643 Y177.92 E.24723
G1 X18.643 Y177.346 E.01549
G1 X25.695 Y184.398 E.26912
G1 X26.269 Y184.398 E.01549
G1 X18.643 Y176.772 E.29103
G1 X18.936 Y176.491 E.01095
G1 X26.843 Y184.398 E.30175
G1 X27.416 Y184.398 E.01546
G1 X21.546 Y178.528 E.22401
G1 X21.418 Y178.424 E.00445
;WIDTH:0.407168
G1 X21.29 Y178.32 E.00409
;WIDTH:0.374336
G1 X21.301 Y178.361 E.00096
G1 X21.229 Y178.38 E.00168
G1 X21.248 Y178.309 E.00166
G1 X22.228 Y178.636 F9000
;WIDTH:0.439999
G1 F3600
G1 X27.496 Y183.904 E.20104
G1 X27.496 Y183.33 E.01549
G1 X22.767 Y178.601 E.18047
G1 X23.227 Y178.487 E.01279
G1 X27.496 Y182.756 E.16291
G1 X27.496 Y182.183 E.01546
G1 X23.63 Y178.317 E.14754
G1 X23.994 Y178.107 E.01134
G1 X27.496 Y181.609 E.13364
G1 X27.496 Y181.035 E.01549
G1 X24.302 Y177.841 E.12189
G1 X24.585 Y177.551 E.01093
G1 X27.496 Y180.462 E.11109
G1 X27.496 Y179.888 E.01549
G1 X24.825 Y177.217 E.10193
G1 X25.017 Y176.835 E.01154
G1 X27.496 Y179.314 E.0946
G1 E-3.5
;WIPE_START
G1 F7200
G1 X25.263 Y177.081 E-1.5
;WIPE_END
G1 X25.036 Y174.685 F9000
G1 E5 F2400
G1 F3600
G1 X25.149 Y175.004 E.00913
G1 X25.241 Y175.696 E.01884
G1 X25.193 Y176.251 E.01503
G1 X25.16 Y176.405 E.00425
G1 X27.496 Y178.74 E.08913
G1 X27.496 Y176.876 E.0503
G1 X27.352 Y176.876 E.00389
G1 X24.969 Y174.494 E.09092
G1 E-3.5
;WIPE_START
G1 F7200
G1 X27.203 Y176.726 E-1.5
;WIPE_END
G1 X27.496 Y176.446 F9000
G1 E5 F2400
G1 F3600
G1 X18.643 Y167.593 E.33785
G1 X18.643 Y167.019 E.01549
G1 X27.496 Y175.872 E.33785
G1 X27.496 Y175.298 E.01549
G1 X18.643 Y166.446 E.33783
G1 X18.643 Y165.872 E.01549
G1 X27.496 Y174.725 E.33785
G1 X27.496 Y174.151 E.01549
G1 X18.643 Y165.298 E.33785
G1 X18.643 Y164.725 E.01546
G1 X27.496 Y173.577 E.33783
G1 X27.496 Y173.003 E.01549
G1 X18.643 Y164.151 E.33783
G1 X18.643 Y163.577 E.01549
G1 X27.496 Y172.43 E.33785
G1 X27.496 Y171.856 E.01549
G1 X18.643 Y163.003 E.33785
G1 X18.643 Y162.43 E.01546
G1 X27.496 Y171.282 E.33783
G1 X27.496 Y170.709 E.01546
G1 X18.643 Y161.856 E.33785
G1 X18.643 Y161.282 E.01549
G1 X27.496 Y170.135 E.33785
G1 X27.496 Y169.561 E.01549
G1 X18.643 Y160.709 E.33783
G1 X18.643 Y160.135 E.01549
G1 X27.496 Y168.988 E.33785
G1 X27.496 Y168.414 E.01549
G1 X18.643 Y159.561 E.33785
G1 X18.643 Y158.988 E.01546
G1 X27.496 Y167.84 E.33783
G1 X27.496 Y167.267 E.01546
G1 X18.643 Y158.414 E.33785
G1 X18.643 Y157.84 E.01549
G1 X27.496 Y166.693 E.33785
G1 X27.496 Y166.119 E.01549
G1 X18.643 Y157.267 E.33783
G1 X18.643 Y156.693 E.01549
G1 X27.496 Y165.545 E.33783
G1 X27.496 Y164.972 E.01546
G1 X18.643 Y156.119 E.33785
G1 X18.643 Y155.545 E.01549
G1 X27.496 Y164.398 E.33785
G1 X27.496 Y163.824 E.01549
G1 X18.643 Y154.972 E.33783
G1 X18.643 Y154.398 E.01549
G1 X27.496 Y163.251 E.33785
G1 X27.496 Y162.677 E.01549
G1 X18.643 Y153.824 E.33785
G1 X18.643 Y153.251 E.01546
G1 X27.496 Y162.103 E.33783
G1 X27.496 Y161.53 E.01546
G1 X18.643 Y152.677 E.33785
G1 X18.643 Y152.103 E.01549
G1 X27.496 Y160.956 E.33785
G1 X27.496 Y160.382 E.01549
G1 X18.643 Y151.53 E.33783
G1 X18.643 Y150.956 E.01549
G1 X27.496 Y159.809 E.33785
G1 X27.496 Y159.235 E.01549
G1 X18.643 Y150.382 E.33785
G1 X18.643 Y149.808 E.01549
G1 X27.496 Y158.661 E.33785
G1 X27.496 Y158.087 E.01549
G1 X18.643 Y149.235 E.33783
G1 X18.643 Y148.661 E.01549
G1 X27.496 Y157.514 E.33785
G1 X27.496 Y156.94 E.01549
G1 X18.643 Y148.087 E.33785
G1 X18.643 Y147.514 E.01546
G1 X27.496 Y156.366 E.33783
G1 X27.496 Y155.793 E.01546
G1 X18.643 Y146.94 E.33785
G1 X18.643 Y146.366 E.01549
G1 X27.496 Y155.219 E.33785
G1 X27.496 Y154.645 E.01549
G1 X18.643 Y145.793 E.33783
G1 X18.643 Y145.219 E.01549
G1 X27.496 Y154.072 E.33785
G1 X27.496 Y153.498 E.01549
G1 X18.643 Y144.645 E.33785
G1 X18.643 Y144.072 E.01546
G1 X27.496 Y152.924 E.33783
G1 X27.496 Y152.351 E.01546
G1 X18.643 Y143.498 E.33785
G1 X18.643 Y142.924 E.01549
G1 X27.496 Y151.777 E.33785
G1 X27.496 Y151.203 E.01549
G1 X18.643 Y142.35 E.33785
G1 X18.643 Y141.777 E.01546
G1 X27.496 Y150.629 E.33783
G1 X27.496 Y150.056 E.01546
G1 X18.643 Y141.203 E.33785
G1 X18.643 Y140.629 E.01549
G1 X27.496 Y149.482 E.33785
G1 X27.496 Y148.908 E.01549
G1 X18.643 Y140.056 E.33783
G1 X18.643 Y139.482 E.01549
G1 X27.496 Y148.335 E.33785
G1 X27.496 Y147.761 E.01549
G1 X18.643 Y138.908 E.33785
G1 X18.643 Y138.335 E.01546
G1 X27.496 Y147.187 E.33783
G1 X27.496 Y146.614 E.01546
G1 X18.643 Y137.761 E.33785
G1 X18.643 Y137.187 E.01549
G1 X27.496 Y146.04 E.33785
G1 X27.496 Y145.466 E.01549
G1 X18.643 Y136.614 E.33783
G1 X18.643 Y136.04 E.01549
G1 X27.496 Y144.892 E.33783
G1 X27.496 Y144.319 E.01546
G1 X18.643 Y135.466 E.33785
G1 X18.643 Y134.892 E.01549
G1 X27.496 Y143.745 E.33785
G1 X27.496 Y143.171 E.01549
G1 X18.643 Y134.319 E.33783
G1 X18.643 Y133.745 E.01549
G1 X27.496 Y142.598 E.33785
G1 X27.496 Y142.024 E.01549
G1 X18.643 Y133.171 E.33785
G1 X18.643 Y132.598 E.01546
G1 X27.496 Y141.45 E.33783
G1 X27.496 Y140.877 E.01546
G1 X18.643 Y132.024 E.33785
G1 X18.643 Y131.45 E.01549
G1 X27.496 Y140.303 E.33785
G1 X27.496 Y139.729 E.01549
G1 X18.643 Y130.877 E.33783
G1 X18.643 Y130.303 E.01549
G1 X27.496 Y139.156 E.33785
G1 X27.496 Y138.582 E.01549
G1 X18.643 Y129.729 E.33785
G1 X18.643 Y129.156 E.01546
G1 X27.496 Y138.008 E.33783
G1 X27.496 Y137.434 E.01549
G1 X18.643 Y128.582 E.33783
G1 X18.643 Y128.008 E.01549
G1 X27.496 Y136.861 E.33785
G1 X27.496 Y136.287 E.01549
G1 X18.643 Y127.434 E.33785
G1 X18.643 Y126.861 E.01546
G1 X27.496 Y135.713 E.33783
G1 X27.496 Y135.14 E.01546
G1 X18.643 Y126.287 E.33785
G1 X18.643 Y125.713 E.01549
G1 X27.496 Y134.566 E.33785
G1 X27.496 Y133.992 E.01549
G1 X18.643 Y125.14 E.33783
G1 X18.643 Y124.566 E.01549
G1 X27.496 Y133.419 E.33785
G1 X27.496 Y132.845 E.01549
G1 X18.643 Y123.992 E.33785
G1 X18.643 Y123.419 E.01546
G1 X27.496 Y132.271 E.33783
G1 X27.496 Y131.698 E.01546
G1 X18.643 Y122.845 E.33785
G1 X18.643 Y122.271 E.01549
G1 X27.496 Y131.124 E.33785
G1 X27.496 Y130.55 E.01549
G1 X18.643 Y121.697 E.33785
G1 X18.643 Y121.124 E.01546
G1 X27.496 Y129.976 E.33783
G1 X27.496 Y129.403 E.01546
G1 X18.643 Y120.55 E.33785
G1 X18.643 Y119.976 E.01549
G1 X27.496 Y128.829 E.33785
G1 X27.496 Y128.255 E.01549
G1 X18.643 Y119.403 E.33783
G1 X18.643 Y118.829 E.01549
G1 X27.496 Y127.682 E.33785
G1 X27.496 Y127.108 E.01549
G1 X18.643 Y118.255 E.33785
G1 X18.643 Y117.682 E.01546
G1 X27.496 Y126.534 E.33783
G1 X27.496 Y125.961 E.01546
G1 X18.643 Y117.108 E.33785
G1 X18.643 Y116.534 E.01549
G1 X27.496 Y125.387 E.33785
G1 X27.496 Y124.813 E.01549
G1 X18.643 Y115.961 E.33783
G1 X18.643 Y115.387 E.01549
G1 X27.496 Y124.239 E.33783
G1 X27.496 Y123.666 E.01546
G1 X18.643 Y114.813 E.33785
G1 X18.643 Y114.239 E.01549
G1 X27.496 Y123.092 E.33785
G1 X27.496 Y122.518 E.01549
G1 X18.643 Y113.666 E.33783
G1 X18.643 Y113.092 E.01549
G1 X27.496 Y121.945 E.33785
G1 X27.496 Y121.371 E.01549
G1 X18.643 Y112.518 E.33785
G1 X18.643 Y111.945 E.01546
G1 X27.496 Y120.797 E.33783
G1 X27.496 Y120.224 E.01546
G1 X18.643 Y111.371 E.33785
G1 X18.643 Y110.797 E.01549
G1 X27.496 Y119.65 E.33785
G1 X27.496 Y119.076 E.01549
G1 X18.643 Y110.224 E.33783
G1 X18.643 Y109.65 E.01549
G1 X27.496 Y118.503 E.33785
G1 X27.496 Y117.929 E.01549
G1 X18.643 Y109.076 E.33785
G1 X18.643 Y108.503 E.01546
G1 X27.496 Y117.355 E.33783
G1 X27.496 Y116.781 E.01549
G1 X18.643 Y107.929 E.33783
G1 X18.643 Y107.355 E.01549
G1 X27.496 Y116.208 E.33785
G1 X27.496 Y115.634 E.01549
G1 X18.643 Y106.781 E.33785
G1 X18.643 Y106.208 E.01546
G1 X27.496 Y115.06 E.33783
G1 X27.496 Y114.487 E.01546
G1 X18.643 Y105.634 E.33785
G1 X18.643 Y105.06 E.01549
G1 X27.496 Y113.913 E.33785
G1 X27.496 Y113.339 E.01549
G1 X18.643 Y104.487 E.33783
G1 X18.643 Y103.913 E.01549
G1 X27.496 Y112.766 E.33785
G1 X27.496 Y112.192 E.01549
G1 X18.643 Y103.339 E.33785
G1 X18.643 Y102.766 E.01546
G1 X27.496 Y111.618 E.33783
G1 X27.496 Y111.045 E.01546
G1 X18.643 Y102.192 E.33785
G1 X18.643 Y101.618 E.01549
G1 X27.496 Y110.471 E.33785
G1 X27.496 Y109.897 E.01549
G1 X20.835 Y103.237 E.25418
G1 X20.692 Y103.115 E.00507
;WIDTH:0.409369
G1 X20.549 Y102.993 E.00469
;WIDTH:0.420112
G1 X19.859 Y102.274 E.02557
G1 X18.643 Y101.183 F9000
;WIDTH:0.439999
G1 F3600
G1 X18.643 Y95.308 E.15854
G1 X21.331 Y97.995 E.10256
G1 X20.99 Y98.123 E.00983
G1 X20.501 Y98.438 E.0157
G1 X20.085 Y98.844 E.01569
G1 X19.757 Y99.324 E.01569
G1 X19.53 Y99.863 E.01578
G1 X19.414 Y100.49 E.01721
G1 X19.433 Y101.11 E.01674
G1 X19.591 Y101.76 E.01805
G1 X19.834 Y102.244 E.01461
G1 X18.828 Y101.23 E.03854
G1 X19.033 Y100.885 E.01083
;WIDTH:0.410122
G1 X19.034 Y100.373 E.0128
;WIDTH:0.439999
G1 X19.049 Y99.778 E.01606
G1 X19.049 Y96.287 E.0942
G1 X20.632 Y97.87 E.06041
G1 X20.315 Y98.071 E.01013
G1 X19.751 Y98.613 E.02111
G1 X19.384 Y99.163 E.01784
G1 X19.131 Y99.786 E.01814
G1 X19.067 Y100.173 E.01058
G1 X19.463 Y98.314 F9000
;WIDTH:0.458135
G1 F3600
G1 X19.463 Y97.288 E.02892
G1 X19.983 Y97.807 E.02071
G1 X19.606 Y98.17 E.01475
G1 E-3.5
;WIPE_START
G1 F7200
G1 X19.983 Y97.807 E-.24859
G1 X19.463 Y97.288 E-.34898
G1 X19.463 Y98.314 E-.48735
;WIPE_END
G1 E-.41508 F3600
G1 X21.765 Y97.856 F9000
G1 E5 F2400
;WIDTH:0.439999
G1 F3600
G1 X18.643 Y94.734 E.11914
G1 X18.643 Y94.16 E.01549
G1 X22.287 Y97.804 E.13906
G1 X23.209 Y98.032 F9000
;WIDTH:0.374336
G1 F3600
G1 X23.009 Y98.054 E.00455
;WIDTH:0.407168
G1 X22.965 Y97.96 E.00257
;WIDTH:0.439999
G1 X22.922 Y97.865 E.00281
G1 X18.643 Y93.586 E.1633
G1 E-3.5
;WIPE_START
G1 F7200
G1 X20.876 Y95.819 E-1.5
;WIPE_END
G1 X21.471 Y103.42 F9000
G1 E5 F2400
;WIDTH:0.374336
G1 F3600
G1 X21.653 Y103.395 E.00415
;WIDTH:0.407168
G1 X21.706 Y103.49 E.0027
;WIDTH:0.439999
G1 X21.758 Y103.586 E.00295
G1 X27.496 Y109.323 E.21896
G1 X27.496 Y108.75 E.01546
G1 X22.385 Y103.639 E.19505
G1 X22.901 Y103.582 E.01401
G1 X27.496 Y108.176 E.17534
G1 X27.496 Y107.602 E.01549
G1 X23.346 Y103.453 E.15835
G1 X23.737 Y103.27 E.01165
G1 X27.496 Y107.029 E.14345
G1 X27.496 Y106.455 E.01549
G1 X24.081 Y103.04 E.13032
G1 X24.378 Y102.763 E.01096
G1 X27.496 Y105.881 E.11899
G1 X27.496 Y105.308 E.01546
G1 X24.652 Y102.464 E.10853
G1 X24.879 Y102.118 E.01117
G1 X27.496 Y104.734 E.09985
G1 X27.496 Y104.16 E.01549
G1 X25.061 Y101.725 E.09293
G1 E-3.5
;WIPE_START
G1 F7200
G1 X27.294 Y103.958 E-1.5
;WIPE_END
G1 X24.767 Y99.173 F9000
G1 E5 F2400
G1 F3600
G1 X24.951 Y99.457 E.00913
G1 X25.149 Y100.004 E.0157
G1 X25.235 Y100.579 E.01569
G1 X25.194 Y101.245 E.01801
G1 X25.218 Y101.309 E.00184
G1 X27.496 Y103.586 E.08691
G1 X27.496 Y101.722 E.0503
G1 X27.352 Y101.722 E.00389
G1 X25.027 Y99.397 E.08873
G1 X24.657 Y99.002 E.0146
;WIDTH:0.403802
G1 X24.649 Y98.992 E.00031
;WIDTH:0.40257
G1 X24.633 Y98.975 E.00057
;WIDTH:0.39999
G1 X24.185 Y98.516 E.0156
;WIDTH:0.412319
G1 X24.042 Y98.392 E.00476
;WIDTH:0.439999
G1 X23.899 Y98.268 E.00511
G1 X18.643 Y93.013 E.20056
G1 X18.643 Y92.439 E.01549
G1 X27.496 Y101.292 E.33785
G1 X27.496 Y100.718 E.01549
G1 X18.643 Y91.865 E.33785
G1 X18.643 Y91.292 E.01546
G1 X27.496 Y100.144 E.33783
G1 X27.496 Y99.571 E.01546
G1 X18.643 Y90.718 E.33785
G1 X18.643 Y90.144 E.01549
G1 X27.496 Y98.997 E.33785
G1 X27.496 Y98.423 E.01549
G1 X18.643 Y89.571 E.33783
G1 X18.643 Y88.997 E.01549
G1 X27.496 Y97.85 E.33785
G1 X27.496 Y97.276 E.01549
G1 X18.643 Y88.423 E.33785
G1 X18.643 Y87.85 E.01546
G1 X27.496 Y96.702 E.33783
G1 X27.496 Y96.128 E.01549
G1 X18.643 Y87.276 E.33783
G1 X18.643 Y86.702 E.01549
G1 X27.496 Y95.555 E.33785
G1 X27.496 Y94.981 E.01549
G1 X18.643 Y86.128 E.33785
G1 X18.643 Y85.555 E.01546
G1 X27.496 Y94.407 E.33783
G1 X27.496 Y93.834 E.01546
G1 X18.643 Y84.981 E.33785
G1 X18.643 Y84.407 E.01549
G1 X27.496 Y93.26 E.33785
G1 X27.496 Y92.686 E.01549
G1 X18.643 Y83.834 E.33783
G1 X18.643 Y83.26 E.01549
G1 X27.496 Y92.113 E.33785
G1 X27.496 Y91.539 E.01549
G1 X18.643 Y82.686 E.33785
G1 X18.643 Y82.113 E.01546
G1 X27.496 Y90.965 E.33783
G1 X27.496 Y90.392 E.01546
G1 X18.643 Y81.539 E.33785
G1 X18.643 Y80.965 E.01549
G1 X27.496 Y89.818 E.33785
G1 X27.496 Y89.244 E.01549
G1 X18.643 Y80.392 E.33783
G1 X18.643 Y79.818 E.01549
G1 X27.496 Y88.67 E.33783
G1 X27.496 Y88.097 E.01546
G1 X18.643 Y79.244 E.33785
G1 X18.643 Y78.67 E.01549
G1 X27.496 Y87.523 E.33785
G1 X27.496 Y86.949 E.01549
G1 X18.643 Y78.097 E.33783
G1 X18.643 Y77.523 E.01549
G1 X27.496 Y86.376 E.33785
G1 X27.496 Y85.802 E.01549
G1 X18.643 Y76.949 E.33785
G1 X18.643 Y76.376 E.01546
G1 X27.496 Y85.228 E.33783
G1 X27.496 Y84.655 E.01546
G1 X18.643 Y75.802 E.33785
G1 X18.643 Y75.228 E.01549
G1 X27.496 Y84.081 E.33785
G1 X27.496 Y83.507 E.01549
G1 X18.643 Y74.655 E.33783
G1 X18.643 Y74.081 E.01549
G1 X27.496 Y82.934 E.33785
G1 X27.496 Y82.36 E.01549
G1 X18.643 Y73.507 E.33785
G1 X18.643 Y72.933 E.01549
G1 X27.496 Y81.786 E.33785
G1 X27.496 Y81.212 E.01549
G1 X18.643 Y72.36 E.33783
G1 X18.643 Y71.786 E.01549
G1 X27.496 Y80.639 E.33785
G1 X27.496 Y80.065 E.01549
G1 X18.643 Y71.212 E.33785
G1 X18.643 Y70.639 E.01546
G1 X27.496 Y79.491 E.33783
G1 X27.496 Y78.918 E.01546
G1 X18.643 Y70.065 E.33785
G1 X18.643 Y69.491 E.01549
G1 X27.496 Y78.344 E.33785
G1 X27.496 Y77.77 E.01549
G1 X18.643 Y68.918 E.33783
G1 X18.643 Y68.344 E.01549
G1 X27.496 Y77.197 E.33785
G1 X27.496 Y76.623 E.01549
G1 X18.643 Y67.77 E.33785
G1 X18.643 Y67.197 E.01546
G1 X27.496 Y76.049 E.33783
G1 X27.496 Y75.475 E.01549
G1 X18.643 Y66.623 E.33783
G1 X18.643 Y66.049 E.01549
G1 X27.496 Y74.902 E.33785
G1 X27.496 Y74.328 E.01549
G1 X18.643 Y65.475 E.33785
G1 X18.643 Y64.902 E.01546
G1 X27.496 Y73.754 E.33783
G1 X27.496 Y73.181 E.01546
G1 X18.643 Y64.328 E.33785
G1 X18.643 Y63.754 E.01549
G1 X27.496 Y72.607 E.33785
G1 X27.496 Y72.033 E.01549
G1 X18.643 Y63.181 E.33783
G1 X18.643 Y62.607 E.01549
G1 X27.496 Y71.46 E.33785
G1 X27.496 Y70.886 E.01549
G1 X18.643 Y62.033 E.33785
G1 X18.643 Y61.46 E.01546
G1 X27.496 Y70.312 E.33783
G1 X27.496 Y69.739 E.01546
G1 X18.643 Y60.886 E.33785
G1 X18.643 Y60.312 E.01549
G1 X27.496 Y69.165 E.33785
G1 X27.496 Y68.591 E.01549
G1 X18.643 Y59.739 E.33783
G1 X18.643 Y59.165 E.01549
G1 X27.496 Y68.017 E.33783
G1 X27.496 Y67.444 E.01546
G1 X18.643 Y58.591 E.33785
G1 X18.643 Y58.017 E.01549
G1 X27.496 Y66.87 E.33785
G1 X27.496 Y66.296 E.01549
G1 X18.643 Y57.444 E.33783
G1 X18.643 Y56.87 E.01549
G1 X27.496 Y65.723 E.33785
G1 X27.496 Y65.149 E.01549
G1 X18.643 Y56.296 E.33785
G1 X18.643 Y55.723 E.01546
G1 X27.496 Y64.575 E.33783
G1 X27.496 Y64.002 E.01546
G1 X18.643 Y55.149 E.33785
G1 X18.643 Y54.575 E.01549
G1 X27.496 Y63.428 E.33785
G1 X27.496 Y62.854 E.01549
G1 X18.643 Y54.002 E.33783
G1 X18.643 Y53.428 E.01549
G1 X27.496 Y62.281 E.33785
G1 X27.496 Y61.707 E.01549
G1 X18.643 Y52.854 E.33785
G1 X18.643 Y52.28 E.01549
G1 X27.496 Y61.133 E.33785
G1 X27.496 Y60.559 E.01549
G1 X18.643 Y51.707 E.33783
G1 X18.643 Y51.133 E.01549
G1 X27.496 Y59.986 E.33785
G1 X27.496 Y59.412 E.01549
G1 X18.643 Y50.559 E.33785
G1 X18.643 Y49.986 E.01546
G1 X27.496 Y58.838 E.33783
G1 X27.496 Y58.265 E.01546
G1 X18.643 Y49.412 E.33785
G1 X18.643 Y48.838 E.01549
G1 X27.496 Y57.691 E.33785
G1 X27.496 Y57.117 E.01549
G1 X18.643 Y48.265 E.33783
G1 X18.643 Y47.691 E.01549
G1 X27.496 Y56.544 E.33785
G1 X27.496 Y55.97 E.01549
G1 X18.643 Y47.117 E.33785
G1 X18.643 Y46.544 E.01546
G1 X27.496 Y55.396 E.33783
G1 X27.496 Y54.823 E.01546
G1 X18.643 Y45.97 E.33785
G1 X18.643 Y45.396 E.01549
G1 X27.496 Y54.249 E.33785
G1 X27.496 Y53.675 E.01549
G1 X18.643 Y44.822 E.33785
G1 X18.643 Y44.249 E.01546
G1 X27.496 Y53.101 E.33783
G1 X27.496 Y52.528 E.01546
G1 X18.643 Y43.675 E.33785
G1 X18.643 Y43.101 E.01549
G1 X27.496 Y51.954 E.33785
G1 X27.496 Y51.38 E.01549
G1 X18.643 Y42.528 E.33783
G1 X18.643 Y41.954 E.01549
G1 X27.496 Y50.807 E.33785
G1 X27.496 Y50.233 E.01549
G1 X18.643 Y41.38 E.33785
G1 X18.643 Y40.807 E.01546
G1 X27.496 Y49.659 E.33783
G1 X27.496 Y49.086 E.01546
G1 X18.643 Y40.233 E.33785
G1 X18.643 Y39.659 E.01549
G1 X27.496 Y48.512 E.33785
G1 X27.496 Y47.938 E.01549
G1 X18.643 Y39.086 E.33783
G1 X18.643 Y38.512 E.01549
G1 X27.496 Y47.364 E.33783
G1 X27.496 Y46.791 E.01546
G1 X18.643 Y37.938 E.33785
G1 X18.643 Y37.364 E.01549
G1 X27.496 Y46.217 E.33785
G1 X27.496 Y45.643 E.01549
G1 X18.643 Y36.791 E.33783
G1 X18.643 Y36.217 E.01549
G1 X27.496 Y45.07 E.33785
G1 X27.496 Y44.496 E.01549
G1 X18.643 Y35.643 E.33785
G1 X18.643 Y35.07 E.01546
G1 X27.496 Y43.922 E.33783
G1 X27.496 Y43.349 E.01546
G1 X18.643 Y34.496 E.33785
G1 X18.643 Y33.922 E.01549
G1 X27.496 Y42.775 E.33785
G1 X27.496 Y42.201 E.01549
G1 X18.643 Y33.349 E.33783
G1 X18.643 Y32.775 E.01549
G1 X27.496 Y41.628 E.33785
G1 X27.496 Y41.054 E.01549
G1 X18.643 Y32.201 E.33785
G1 X18.643 Y31.628 E.01546
G1 X27.496 Y40.48 E.33783
G1 X27.496 Y39.906 E.01549
G1 X18.643 Y31.054 E.33783
G1 X18.643 Y30.48 E.01549
G1 X27.496 Y39.333 E.33785
G1 X27.496 Y38.759 E.01549
G1 X18.643 Y29.906 E.33785
G1 X18.643 Y29.333 E.01546
G1 X27.496 Y38.185 E.33783
G1 X27.496 Y37.612 E.01546
G1 X18.643 Y28.759 E.33785
G1 X18.643 Y28.185 E.01549
G1 X27.496 Y37.038 E.33785
G1 X27.496 Y36.464 E.01549
G1 X18.643 Y27.612 E.33783
G1 X18.643 Y27.038 E.01549
G1 X27.496 Y35.891 E.33785
G1 X27.496 Y35.317 E.01549
G1 X18.724 Y26.545 E.33476
G1 X18.607 Y26.59 E.00338
;WIDTH:0.407168
G1 X18.491 Y26.635 E.00309
;WIDTH:0.374336
G1 X18.511 Y26.39 E.00556
;WIDTH:0.41827
G1 X18.611 Y26.146 E.00673
;WIDTH:0.439999
G1 X18.643 Y25.753 E.01064
G1 X18.643 Y20.154 E.15109
G1 X21.44 Y22.95 E.10672
G1 X21.213 Y23.02 E.00641
G1 X20.7 Y23.293 E.01568
G1 X20.251 Y23.662 E.01568
G1 X19.884 Y24.113 E.01569
G1 X19.613 Y24.627 E.01568
G1 X19.458 Y25.144 E.01456
G1 X19.414 Y25.49 E.00941
G1 X19.433 Y26.11 E.01674
G1 X19.576 Y26.717 E.01683
G1 X19.666 Y26.914 E.00584
G1 X18.829 Y26.085 E.03179
G1 X18.807 Y26.091 E.00062
G1 X19.032 Y25.753 E.01096
;WIDTH:0.439612
G1 X19.049 Y25.127 E.01688
;WIDTH:0.439999
G1 X19.049 Y21.133 E.10778
G1 X20.73 Y22.815 E.06417
G1 X20.444 Y22.978 E.00888
G1 X19.938 Y23.404 E.01785
G1 X19.526 Y23.922 E.01786
G1 X19.224 Y24.511 E.01786
G1 X19.104 Y24.932 E.01181
G1 X19.48 Y23.281 F9000
;WIDTH:0.491078
G1 F3600
G1 X19.48 Y22.174 E.03363
G1 X20.049 Y22.743 E.02445
G1 X19.852 Y22.903 E.00771
G1 X19.622 Y23.136 E.00995
G1 E-3.5
;WIPE_START
G1 F7200
G1 X19.852 Y22.903 E-.15551
G1 X20.049 Y22.743 E-.12055
G1 X19.48 Y22.174 E-.38223
G1 X19.48 Y23.281 E-.52582
;WIPE_END
G1 E-.31589 F3600
G1 X21.899 Y22.836 F9000
G1 E5 F2400
;WIDTH:0.439999
G1 F3600
G1 X18.643 Y19.58 E.12426
G1 X18.571 Y19.487 E.00317
;WIDTH:0.407168
G1 X18.5 Y19.394 E.0029
;WIDTH:0.374336
G1 X18.511 Y19.435 E.00096
G1 X18.44 Y19.454 E.00166
G1 X18.459 Y19.383 E.00166
;WIDTH:0.439999
G1 X18.643 Y19.006 E.01132
G1 X22.446 Y22.81 E.14515
G1 X23.135 Y22.924 E.01885
G1 X18.643 Y18.433 E.17141
G1 E-3.5
;WIPE_START
G1 F7200
G1 X20.876 Y20.666 E-1.5
;WIPE_END
G1 X23.421 Y23.103 F9000
G1 E5 F2400
;WIDTH:0.374336
G1 F3600
G1 X23.735 Y23.328 E.00874
G1 X23.47 Y23.138 E.00737
G1 E-3.5
;WIPE_START
G1 F7200
G1 X23.735 Y23.328 E-.15489
G1 X23.421 Y23.103 E-.18349
;WIPE_END
G1 E-1.16162 F3600
G1 X19.902 Y27.241 F9000
G1 E5 F2400
G1 F3600
G1 X20.274 Y27.663 E.01272
G1 X20.863 Y28.182 E.01776
;WIDTH:0.407168
G1 X21.006 Y28.29 E.00444
;WIDTH:0.439999
G1 X21.15 Y28.397 E.00484
G1 X27.496 Y34.743 E.24218
G1 X27.496 Y34.17 E.01546
G1 X21.944 Y28.618 E.21188
G1 X21.815 Y28.527 E.00426
;WIDTH:0.407168
G1 X21.687 Y28.436 E.00389
;WIDTH:0.374336
G1 X21.698 Y28.477 E.00096
G1 X21.627 Y28.496 E.00166
G1 X21.646 Y28.425 E.00166
G1 X22.533 Y28.634 F9000
;WIDTH:0.439999
G1 F3600
G1 X27.496 Y33.596 E.18938
G1 X27.496 Y33.022 E.01549
G1 X23.027 Y28.553 E.17055
G1 X23.457 Y28.41 E.01223
G1 X27.496 Y32.448 E.15412
G1 X27.496 Y31.875 E.01546
G1 X23.835 Y28.214 E.13971
G1 X24.171 Y27.976 E.01111
G1 X27.496 Y31.301 E.12689
G1 X27.496 Y30.727 E.01549
G1 X24.463 Y27.694 E.11575
G1 X24.708 Y27.366 E.01105
G1 X27.496 Y30.154 E.1064
G1 X27.496 Y29.58 E.01549
G1 X24.929 Y27.014 E.09794
G1 X25.149 Y25.102 F9000
G1 F3600
G1 X25.235 Y25.579 E.01308
G1 X25.194 Y26.245 E.01801
G1 X25.083 Y26.594 E.00988
G1 X27.496 Y29.006 E.09207
G1 X27.496 Y27.142 E.0503
G1 X27.352 Y27.142 E.00389
G1 X25.113 Y24.903 E.08545
G1 E-3.5
;WIPE_START
G1 F7200
G1 X27.346 Y27.136 E-1.5
;WIPE_END
G1 X27.496 Y26.711 F9000
G1 E5 F2400
G1 F3600
G1 X18.643 Y17.859 E.33783
G1 X18.545 Y16.918 F9000
;WIDTH:0.374336
G1 F3600
G1 X18.526 Y16.989 E.00166
G1 X18.597 Y16.97 E.00166
G1 X18.586 Y16.929 E.00096
;WIDTH:0.407168
G1 X18.615 Y17.107 E.00447
;WIDTH:0.439999
G1 X18.643 Y17.285 E.00486
G1 X27.496 Y26.138 E.33785
G1 X27.496 Y25.564 E.01549
G1 X18.977 Y17.046 E.32509
G1 X19.551 Y17.046 E.01549
G1 X27.496 Y24.99 E.30318
G1 X27.496 Y24.417 E.01546
G1 X20.124 Y17.046 E.28131
G1 X20.698 Y17.046 E.01549
G1 X27.496 Y23.843 E.25941
G1 X27.496 Y23.269 E.01549
G1 X21.272 Y17.046 E.2375
G1 X21.846 Y17.046 E.01549
G1 X27.496 Y22.696 E.21562
G1 X27.496 Y22.122 E.01549
G1 X22.419 Y17.046 E.19373
G1 X22.993 Y17.046 E.01549
G1 X27.496 Y21.548 E.17183
G1 X27.496 Y20.975 E.01546
G1 X23.567 Y17.046 E.14994
G1 X24.14 Y17.046 E.01546
G1 X27.496 Y20.401 E.12805
G1 X27.496 Y19.827 E.01549
G1 X24.714 Y17.046 E.10615
G1 X25.288 Y17.046 E.01549
G1 X27.496 Y19.253 E.08424
G1 E-3.5
;WIPE_START
G1 F7200
G1 X25.288 Y17.046 E-1.48289
G1 X25.252 Y17.046 E-.01711
;WIPE_END
G1 X26.005 Y17.189 F9000
G1 E5 F2400
G1 F3600
G1 X27.498 Y18.682 E.05698
G1 X27.562 Y18.307 E.01027
G1 X27.788 Y17.891 E.01278
G1 X28.185 Y17.555 E.01403
G1 X28.323 Y17.504 E.00397
G1 X28.323 Y17.046 E.01236
G1 X25.861 Y17.046 E.06644
G1 X26.806 Y17.437 F9000
;WIDTH:0.410802
G1 F3600
G1 X27.717 Y17.437 E.02281
G1 X27.419 Y17.726 E.0104
G1 X27.308 Y17.939 E.00601
G1 X26.949 Y17.58 E.01271
G1 E-3.5
;WIPE_START
G1 F7200
G1 X27.308 Y17.939 E-.24116
G1 X27.419 Y17.726 E-.11409
G1 X27.717 Y17.437 E-.19718
G1 X26.806 Y17.437 E-.43273
;WIPE_END
G1 E-.51484 F3600
G1 X25.619 Y25.982 F9000
G1 E5 F2400
;WIDTH:0.439989
G1 F3600
G1 X27.09 Y27.453 E.05614
G1 X27.09 Y28.027 E.01549
G1 X25.548 Y26.485 E.05884
G1 X25.59 Y26.183 E.00823
G1 E-3.5
;WIPE_START
G1 F7200
G1 X25.548 Y26.485 E-.14483
G1 X27.09 Y28.027 E-1.03584
G1 X27.09 Y27.453 E-.27265
G1 X27.02 Y27.384 E-.04668
;WIPE_END
G1 X25.645 Y175.742 F9000
G1 E5 F2400
;WIDTH:0.43999
G1 F3600
G1 X27.09 Y177.187 E.05514
G1 X27.09 Y177.761 E.01549
G1 X25.599 Y176.27 E.0569
G1 X25.627 Y175.945 E.0088
G1 E-3.5
;WIPE_START
G1 F7200
G1 X25.599 Y176.27 E-.15495
G1 X27.09 Y177.761 E-1.00158
G1 X27.09 Y177.187 E-.27265
G1 X26.985 Y177.082 E-.07082
;WIPE_END
G1 X62.176 Y184.288 F9000
G1 E5 F2400
;WIDTH:0.538422
G1 F3600
G1 X62.131 Y184.333 E.00213
G1 X62.148 Y184.394 E.00212
G1 X62.209 Y184.41 E.00211
G1 X62.253 Y184.365 E.00211
G1 X62.237 Y184.304 E.00211
;WIDTH:0.439999
G1 X62.885 Y184.398 E.01767
G1 X62.143 Y183.656 E.02832
G1 X62.143 Y183.083 E.01546
G1 X63.458 Y184.398 E.05018
G1 X64.032 Y184.398 E.01549
G1 X62.143 Y182.509 E.07209
G1 X62.143 Y181.935 E.01549
G1 X64.606 Y184.398 E.09399
G1 X65.18 Y184.398 E.01549
G1 X62.143 Y181.362 E.11588
G1 X62.143 Y180.788 E.01549
G1 X65.753 Y184.398 E.13777
G1 X66.327 Y184.398 E.01549
G1 X62.143 Y180.214 E.15967
G1 X62.143 Y179.641 E.01546
G1 X66.901 Y184.398 E.18156
G1 X67.474 Y184.398 E.01546
G1 X62.143 Y179.067 E.20344
G1 X62.143 Y178.493 E.01549
G1 X68.048 Y184.398 E.22535
G1 X68.622 Y184.398 E.01549
G1 X62.143 Y177.92 E.24723
G1 X62.143 Y177.346 E.01549
G1 X69.195 Y184.398 E.26912
G1 X69.769 Y184.398 E.01549
G1 X62.143 Y176.772 E.29103
G1 X62.143 Y176.198 E.01549
G1 X70.343 Y184.398 E.31293
G1 X71.148 Y184.312 E.02185
;WIDTH:0.374336
G1 X71.13 Y184.533 E.00501
;WIDTH:0.407168
G1 X71.023 Y184.466 E.00313
;WIDTH:0.439999
G1 X70.916 Y184.398 E.00342
G1 X62.143 Y175.625 E.3348
G1 X62.143 Y175.051 E.01549
G1 X70.996 Y183.904 E.33785
G1 X71.05 Y183.74 E.00466
;WIDTH:0.407168
G1 X71.104 Y183.576 E.00428
;WIDTH:0.374336
G1 X71.084 Y183.647 E.00167
G1 X71.156 Y183.628 E.00168
G1 X71.145 Y183.587 E.00096
G1 E-3.5
;WIPE_START
G1 F7200
G1 X71.156 Y183.628 E-.02016
G1 X71.084 Y183.647 E-.03537
G1 X71.104 Y183.576 E-.03504
G1 X71.05 Y183.74 E-.08201
G1 X70.996 Y183.904 E-.08201
G1 X69.142 Y182.05 E-1.24541
;WIPE_END
G1 X65.682 Y178.082 F9000
G1 E5 F2400
G1 F3600
G1 X65.254 Y177.686 E.01319
G1 X64.963 Y177.352 E.01002
;WIDTH:0.407168
G1 X64.847 Y177.209 E.00457
;WIDTH:0.439999
G1 X64.731 Y177.065 E.00499
G1 X62.143 Y174.477 E.09876
G1 X62.143 Y173.904 E.01546
G1 X64.449 Y176.21 E.088
G1 X64.523 Y176.333 E.00387
;WIDTH:0.407168
G1 X64.598 Y176.455 E.00355
;WIDTH:0.374336
G1 X64.578 Y176.527 E.00169
G1 X64.65 Y176.508 E.00168
G1 X64.639 Y176.466 E.00098
G1 E-3.5
;WIPE_START
G1 F7200
G1 X64.65 Y176.508 E-.02062
G1 X64.578 Y176.527 E-.03537
G1 X64.598 Y176.455 E-.03549
G1 X64.523 Y176.333 E-.06802
G1 X64.449 Y176.21 E-.06818
G1 X62.555 Y174.316 E-1.27232
;WIPE_END
G1 X62.328 Y173.515 F9000
G1 E5 F2400
;WIDTH:0.439999
G1 F3600
G1 X64.417 Y175.604 E.07972
G1 X64.458 Y175.144 E.01246
G1 X64.613 Y174.627 E.01456
G1 X64.803 Y174.269 E.01094
G1 X62.143 Y171.609 E.10151
G1 X62.143 Y173.473 E.0503
G1 X62.549 Y173.162 E.0138
G1 X62.549 Y172.588 E.01549
G1 X64.302 Y174.341 E.0669
G1 X64.149 Y174.762 E.01209
G1 X62.692 Y173.305 E.0556
G1 E-3.5
;WIPE_START
G1 F7200
G1 X64.149 Y174.762 E-.97874
G1 X64.302 Y174.341 E-.21277
G1 X63.843 Y173.882 E-.30849
;WIPE_END
G1 X62.143 Y171.035 F9000
G1 E5 F2400
G1 F3600
G1 X65.027 Y173.919 E.11006
G1 X65.298 Y173.617 E.01095
G1 X62.143 Y170.461 E.12042
G1 X62.143 Y169.888 E.01546
G1 X65.611 Y173.356 E.13235
G1 X65.966 Y173.137 E.01126
G1 X62.143 Y169.314 E.14589
G1 X62.143 Y168.74 E.01549
G1 X66.368 Y172.966 E.16125
G1 X66.822 Y172.846 E.01267
G1 X62.143 Y168.167 E.17856
G1 X62.143 Y167.593 E.01549
G1 X67.352 Y172.802 E.19879
G1 X68.328 Y173.035 F9000
;WIDTH:0.374336
G1 F3600
G1 X68.339 Y173.076 E.00096
G1 X68.268 Y173.095 E.00166
G1 X68.287 Y173.024 E.00166
;WIDTH:0.407168
G1 X68.149 Y172.956 E.00382
;WIDTH:0.439999
G1 X68.011 Y172.888 E.00415
G1 X62.143 Y167.019 E.22396
G1 X62.143 Y166.446 E.01546
G1 X69.149 Y173.452 E.26736
G1 X69.234 Y173.589 E.00435
;WIDTH:0.407168
G1 X69.319 Y173.726 E.004
;WIDTH:0.374336
G1 X69.436 Y173.61 E.00373
G1 E-3.5
;WIPE_START
G1 F7200
G1 X69.319 Y173.726 E-.07826
G1 X69.234 Y173.589 E-.07658
G1 X69.149 Y173.452 E-.07658
G1 X67.261 Y171.563 E-1.26858
;WIPE_END
G1 X65.969 Y178.303 F9000
G1 E5 F2400
;WIDTH:0.439999
G1 F3600
G1 X70.996 Y183.33 E.19184
G1 X70.996 Y182.756 E.01549
G1 X66.839 Y178.6 E.15862
G1 X66.711 Y178.504 E.00432
;WIDTH:0.407168
G1 X66.583 Y178.407 E.00398
;WIDTH:0.374336
G1 X66.594 Y178.448 E.00096
G1 X66.523 Y178.468 E.00167
G1 X66.542 Y178.396 E.00168
G1 X67.449 Y178.636 F9000
;WIDTH:0.439999
G1 F3600
G1 X70.996 Y182.183 E.13536
G1 X70.996 Y181.609 E.01549
G1 X67.956 Y178.569 E.11601
G1 X68.396 Y178.436 E.0124
G1 X70.996 Y181.035 E.0992
G1 X70.996 Y180.462 E.01546
G1 X68.78 Y178.246 E.08457
G1 E-3.5
;WIPE_START
G1 F7200
G1 X70.996 Y180.462 E-1.4886
G1 X70.996 Y180.486 E-.0114
;WIPE_END
G1 X70.187 Y175.247 F9000
G1 E5 F2400
G1 F3600
G1 X70.241 Y175.696 E.0122
G1 X70.193 Y176.251 E.01503
G1 X69.969 Y176.946 E.0197
G1 X69.612 Y177.517 E.01817
G1 X69.119 Y178.011 E.01883
G1 X70.996 Y179.888 E.07163
G1 X70.996 Y175.211 E.12621
G1 X70.804 Y175.394 E.00716
G1 X70.625 Y175.45 E.00506
G1 X70.517 Y175.394 E.00328
G1 X70.163 Y175.046 E.0134
G1 X70.661 Y174.963 E.01362
G1 X69.594 Y173.897 E.0407
G1 X70.996 Y174.725 F9000
G1 F3600
G1 X62.143 Y165.872 E.33785
G1 X62.143 Y165.298 E.01549
G1 X70.996 Y174.151 E.33785
G1 X70.996 Y173.577 E.01549
G1 X62.143 Y164.725 E.33783
G1 X62.143 Y164.151 E.01549
G1 X70.996 Y173.003 E.33783
G1 X70.996 Y172.43 E.01546
G1 X62.143 Y163.577 E.33785
G1 X62.143 Y163.003 E.01549
G1 X70.996 Y171.856 E.33785
G1 X70.996 Y171.282 E.01549
G1 X62.143 Y162.43 E.33783
G1 X62.143 Y161.856 E.01549
G1 X70.996 Y170.709 E.33785
G1 X70.996 Y170.135 E.01549
G1 X62.143 Y161.282 E.33785
G1 X62.143 Y160.709 E.01546
G1 X70.996 Y169.561 E.33783
G1 X70.996 Y168.988 E.01546
G1 X62.143 Y160.135 E.33785
G1 X62.143 Y159.561 E.01549
G1 X70.996 Y168.414 E.33785
G1 X70.996 Y167.84 E.01549
G1 X62.143 Y158.988 E.33783
G1 X62.143 Y158.414 E.01549
G1 X70.996 Y167.267 E.33785
G1 X70.996 Y166.693 E.01549
G1 X62.143 Y157.84 E.33785
G1 X62.143 Y157.267 E.01546
G1 X70.996 Y166.119 E.33783
G1 X70.996 Y165.545 E.01549
G1 X62.143 Y156.693 E.33783
G1 X62.143 Y156.119 E.01549
G1 X70.996 Y164.972 E.33785
G1 X70.996 Y164.398 E.01549
G1 X62.143 Y155.545 E.33785
G1 X62.143 Y154.972 E.01546
G1 X70.996 Y163.824 E.33783
G1 X70.996 Y163.251 E.01546
G1 X62.143 Y154.398 E.33785
G1 X62.143 Y153.824 E.01549
G1 X70.996 Y162.677 E.33785
G1 X70.996 Y162.103 E.01549
G1 X62.143 Y153.251 E.33783
G1 X62.143 Y152.677 E.01549
G1 X70.996 Y161.53 E.33785
G1 X70.996 Y160.956 E.01549
G1 X62.143 Y152.103 E.33785
G1 X62.143 Y151.53 E.01546
G1 X70.996 Y160.382 E.33783
G1 X70.996 Y159.809 E.01546
G1 X62.143 Y150.956 E.33785
G1 X62.143 Y150.382 E.01549
G1 X70.996 Y159.235 E.33785
G1 X70.996 Y158.661 E.01549
G1 X62.143 Y149.808 E.33785
G1 X62.143 Y149.235 E.01546
G1 X70.996 Y158.087 E.33783
G1 X70.996 Y157.514 E.01546
G1 X62.143 Y148.661 E.33785
G1 X62.143 Y148.087 E.01549
G1 X70.996 Y156.94 E.33785
G1 X70.996 Y156.366 E.01549
G1 X62.143 Y147.514 E.33783
G1 X62.143 Y146.94 E.01549
G1 X70.996 Y155.793 E.33785
G1 X70.996 Y155.219 E.01549
G1 X62.143 Y146.366 E.33785
G1 X62.143 Y145.793 E.01546
G1 X70.996 Y154.645 E.33783
G1 X70.996 Y154.072 E.01546
G1 X62.143 Y145.219 E.33785
G1 X62.143 Y144.645 E.01549
G1 X70.996 Y153.498 E.33785
G1 X70.996 Y152.924 E.01549
G1 X62.143 Y144.072 E.33783
G1 X62.143 Y143.498 E.01549
G1 X70.996 Y152.351 E.33785
G1 X70.996 Y151.777 E.01549
G1 X62.143 Y142.924 E.33785
G1 X62.143 Y142.35 E.01549
G1 X70.996 Y151.203 E.33785
G1 X70.996 Y150.629 E.01549
G1 X62.143 Y141.777 E.33783
G1 X62.143 Y141.203 E.01549
G1 X70.996 Y150.056 E.33785
G1 X70.996 Y149.482 E.01549
G1 X62.143 Y140.629 E.33785
G1 X62.143 Y140.056 E.01546
G1 X70.996 Y148.908 E.33783
G1 X70.996 Y148.335 E.01546
G1 X62.143 Y139.482 E.33785
G1 X62.143 Y138.908 E.01549
G1 X70.996 Y147.761 E.33785
G1 X70.996 Y147.187 E.01549
G1 X62.143 Y138.335 E.33783
G1 X62.143 Y137.761 E.01549
G1 X70.996 Y146.614 E.33785
G1 X70.996 Y146.04 E.01549
G1 X62.143 Y137.187 E.33785
G1 X62.143 Y136.614 E.01546
G1 X70.996 Y145.466 E.33783
G1 X70.996 Y144.892 E.01549
G1 X62.143 Y136.04 E.33783
G1 X62.143 Y135.466 E.01549
G1 X70.996 Y144.319 E.33785
G1 X70.996 Y143.745 E.01549
G1 X62.143 Y134.892 E.33785
G1 X62.143 Y134.319 E.01546
G1 X70.996 Y143.171 E.33783
G1 X70.996 Y142.598 E.01546
G1 X62.143 Y133.745 E.33785
G1 X62.143 Y133.171 E.01549
G1 X70.996 Y142.024 E.33785
G1 X70.996 Y141.45 E.01549
G1 X62.143 Y132.598 E.33783
G1 X62.143 Y132.024 E.01549
G1 X70.996 Y140.877 E.33785
G1 X70.996 Y140.303 E.01549
G1 X62.143 Y131.45 E.33785
G1 X62.143 Y130.877 E.01546
G1 X70.996 Y139.729 E.33783
G1 X70.996 Y139.156 E.01546
G1 X62.143 Y130.303 E.33785
G1 X62.143 Y129.729 E.01549
G1 X70.996 Y138.582 E.33785
G1 X70.996 Y138.008 E.01549
G1 X62.143 Y129.156 E.33783
G1 X62.143 Y128.582 E.01549
G1 X70.996 Y137.434 E.33783
G1 X70.996 Y136.861 E.01546
G1 X62.143 Y128.008 E.33785
G1 X62.143 Y127.434 E.01549
G1 X70.996 Y136.287 E.33785
G1 X70.996 Y135.713 E.01549
G1 X62.143 Y126.861 E.33783
G1 X62.143 Y126.287 E.01549
G1 X70.996 Y135.14 E.33785
G1 X70.996 Y134.566 E.01549
G1 X62.143 Y125.713 E.33785
G1 X62.143 Y125.14 E.01546
G1 X70.996 Y133.992 E.33783
G1 X70.996 Y133.419 E.01546
G1 X62.143 Y124.566 E.33785
G1 X62.143 Y123.992 E.01549
G1 X70.996 Y132.845 E.33785
G1 X70.996 Y132.271 E.01549
G1 X62.143 Y123.419 E.33783
G1 X62.143 Y122.845 E.01549
G1 X70.996 Y131.698 E.33785
G1 X70.996 Y131.124 E.01549
G1 X62.143 Y122.271 E.33785
G1 X62.143 Y121.697 E.01549
G1 X70.996 Y130.55 E.33785
G1 X70.996 Y129.976 E.01549
G1 X62.143 Y121.124 E.33783
G1 X62.143 Y120.55 E.01549
G1 X70.996 Y129.403 E.33785
G1 X70.996 Y128.829 E.01549
G1 X62.143 Y119.976 E.33785
G1 X62.143 Y119.403 E.01546
G1 X70.996 Y128.255 E.33783
G1 X70.996 Y127.682 E.01546
G1 X62.143 Y118.829 E.33785
G1 X62.143 Y118.255 E.01549
G1 X70.996 Y127.108 E.33785
G1 X70.996 Y126.534 E.01549
G1 X62.143 Y117.682 E.33783
G1 X62.143 Y117.108 E.01549
G1 X70.996 Y125.961 E.33785
G1 X70.996 Y125.387 E.01549
G1 X62.143 Y116.534 E.33785
G1 X62.143 Y115.961 E.01546
G1 X70.996 Y124.813 E.33783
G1 X70.996 Y124.239 E.01549
G1 X62.143 Y115.387 E.33783
G1 X62.143 Y114.813 E.01549
G1 X70.996 Y123.666 E.33785
G1 X70.996 Y123.092 E.01549
G1 X62.143 Y114.239 E.33785
G1 X62.143 Y113.666 E.01546
G1 X70.996 Y122.518 E.33783
G1 X70.996 Y121.945 E.01546
G1 X62.143 Y113.092 E.33785
G1 X62.143 Y112.518 E.01549
G1 X70.996 Y121.371 E.33785
G1 X70.996 Y120.797 E.01549
G1 X62.143 Y111.945 E.33783
G1 X62.143 Y111.371 E.01549
G1 X70.996 Y120.224 E.33785
G1 X70.996 Y119.65 E.01549
G1 X62.143 Y110.797 E.33785
G1 X62.143 Y110.224 E.01546
G1 X70.996 Y119.076 E.33783
G1 X70.996 Y118.503 E.01546
G1 X62.143 Y109.65 E.33785
G1 X62.143 Y109.076 E.01549
G1 X70.996 Y117.929 E.33785
G1 X70.996 Y117.355 E.01549
G1 X62.143 Y108.503 E.33783
G1 X62.143 Y107.929 E.01549
G1 X70.996 Y116.781 E.33783
G1 X70.996 Y116.208 E.01546
G1 X62.143 Y107.355 E.33785
G1 X62.143 Y106.781 E.01549
G1 X70.996 Y115.634 E.33785
G1 X70.996 Y115.06 E.01549
G1 X62.143 Y106.208 E.33783
G1 X62.143 Y105.634 E.01549
G1 X70.996 Y114.487 E.33785
G1 X70.996 Y113.913 E.01549
G1 X62.143 Y105.06 E.33785
G1 X62.143 Y104.487 E.01546
G1 X70.996 Y113.339 E.33783
G1 X70.996 Y112.766 E.01546
G1 X62.143 Y103.913 E.33785
G1 X62.143 Y103.339 E.01549
G1 X70.996 Y112.192 E.33785
G1 X70.996 Y111.618 E.01549
G1 X62.143 Y102.766 E.33783
G1 X62.143 Y102.192 E.01549
G1 X70.996 Y111.045 E.33785
G1 X70.996 Y110.471 E.01549
G1 X62.143 Y101.618 E.33785
G1 X62.143 Y101.044 E.01549
G1 X70.996 Y109.897 E.33785
G1 X70.996 Y109.323 E.01549
G1 X62.143 Y100.471 E.33783
G1 X62.143 Y99.897 E.01549
G1 X70.996 Y108.75 E.33785
G1 X71.05 Y108.586 E.00466
;WIDTH:0.407168
G1 X71.104 Y108.422 E.00428
;WIDTH:0.374336
G1 X71.084 Y108.493 E.00167
G1 X71.156 Y108.474 E.00168
G1 X71.145 Y108.433 E.00096
G1 E-3.5
;WIPE_START
G1 F7200
G1 X71.156 Y108.474 E-.02016
G1 X71.084 Y108.493 E-.03537
G1 X71.104 Y108.422 E-.03504
G1 X71.05 Y108.586 E-.08201
G1 X70.996 Y108.75 E-.08201
G1 X69.142 Y106.896 E-1.24541
;WIPE_END
G1 X66.341 Y103.299 F9000
G1 E5 F2400
G1 F3600
G1 X66.193 Y103.257 E.00348
G1 X65.973 Y103.235 E.005
G1 X65.686 Y103.014 E.00819
G1 X65.279 Y102.634 E.01259
G1 X64.805 Y102.066 E.01673
;WIDTH:0.407168
G1 X64.702 Y101.922 E.00439
;WIDTH:0.439999
G1 X64.598 Y101.779 E.00477
G1 X62.143 Y99.323 E.09371
G1 X62.143 Y98.75 E.01546
G1 X64.427 Y101.034 E.08716
G1 E-3.5
;WIPE_START
G1 F7200
G1 X62.194 Y98.801 E-1.5
;WIPE_END
G1 X62.328 Y98.361 F9000
G1 E5 F2400
G1 F3600
G1 X64.416 Y100.447 E.07964
G1 X64.53 Y99.863 E.01606
G1 X64.757 Y99.324 E.01578
G1 X64.856 Y99.168 E.00499
G1 X62.143 Y96.455 E.10353
G1 X62.143 Y98.319 E.0503
G1 X62.549 Y98.008 E.0138
G1 X62.549 Y97.434 E.01549
G1 X64.352 Y99.238 E.06883
G1 X64.179 Y99.639 E.01178
G1 X62.692 Y98.151 E.05677
G1 E-3.5
;WIPE_START
G1 F7200
G1 X64.179 Y99.639 E-.99923
G1 X64.352 Y99.238 E-.20745
G1 X63.915 Y98.801 E-.29332
;WIPE_END
G1 X62.143 Y95.881 F9000
G1 E5 F2400
G1 F3600
G1 X65.093 Y98.832 E.1126
G1 X65.38 Y98.545 E.01095
G1 X62.143 Y95.308 E.12353
G1 X62.143 Y94.734 E.01549
G1 X65.701 Y98.292 E.13578
G1 X66.068 Y98.085 E.01137
G1 X62.143 Y94.16 E.14979
G1 X62.143 Y93.586 E.01549
G1 X66.483 Y97.927 E.16564
G1 X66.959 Y97.829 E.01311
G1 X62.143 Y93.013 E.18379
G1 X62.143 Y92.439 E.01549
G1 X67.517 Y97.813 E.20508
G1 X68.226 Y97.948 E.01948
G1 X62.143 Y91.865 E.23214
G1 E-3.5
;WIPE_START
G1 F7200
G1 X64.376 Y94.098 E-1.5
;WIPE_END
G1 X66.26 Y103.441 F9000
G1 E5 F2400
G1 F3600
G1 X70.996 Y108.176 E.18072
G1 X70.996 Y107.602 E.01549
G1 X67.016 Y103.623 E.15187
G1 X67.593 Y103.626 E.01557
G1 X70.996 Y107.029 E.12987
G1 X70.996 Y106.455 E.01549
G1 X68.081 Y103.541 E.11122
G1 X68.503 Y103.389 E.0121
G1 X70.996 Y105.881 E.09512
G1 X71.199 Y105.433 E.01327
;WIDTH:0.374336
G1 X71.21 Y105.474 E.00096
G1 X71.139 Y105.493 E.00166
G1 X71.158 Y105.422 E.00166
;WIDTH:0.407168
G1 X71.077 Y105.365 E.00246
;WIDTH:0.439999
G1 X70.996 Y105.308 E.00267
G1 X68.877 Y103.189 E.08087
G1 E-3.5
;WIPE_START
G1 F7200
G1 X70.996 Y105.308 E-1.42344
G1 X71.077 Y105.365 E-.04705
G1 X71.128 Y105.401 E-.02951
;WIPE_END
G1 X70.141 Y99.991 F9000
G1 E5 F2400
G1 F3600
G1 X70.235 Y100.579 E.01607
G1 X70.194 Y101.245 E.01801
G1 X69.969 Y101.946 E.01987
G1 X69.612 Y102.517 E.01817
G1 X69.19 Y102.928 E.0159
G1 X70.996 Y104.734 E.06892
G1 X70.996 Y100.293 E.11984
G1 X70.927 Y100.362 E.00263
G1 X70.724 Y100.413 E.00565
G1 X70.076 Y99.798 E.02411
G1 X70.783 Y99.932 E.01942
G1 X62.143 Y91.292 E.32972
G1 X62.143 Y90.718 E.01549
G1 X70.996 Y99.571 E.33785
G1 X70.996 Y98.997 E.01549
G1 X62.143 Y90.144 E.33785
G1 X62.143 Y89.571 E.01546
G1 X70.996 Y98.423 E.33783
G1 X70.996 Y97.85 E.01546
G1 X62.143 Y88.997 E.33785
G1 X62.143 Y88.423 E.01549
G1 X70.996 Y97.276 E.33785
G1 X70.996 Y96.702 E.01549
G1 X62.143 Y87.85 E.33783
G1 X62.143 Y87.276 E.01549
G1 X70.996 Y96.128 E.33783
G1 X70.996 Y95.555 E.01546
G1 X62.143 Y86.702 E.33785
G1 X62.143 Y86.128 E.01549
G1 X70.996 Y94.981 E.33785
G1 X70.996 Y94.407 E.01549
G1 X62.143 Y85.555 E.33783
G1 X62.143 Y84.981 E.01549
G1 X70.996 Y93.834 E.33785
G1 X70.996 Y93.26 E.01549
G1 X62.143 Y84.407 E.33785
G1 X62.143 Y83.834 E.01546
G1 X70.996 Y92.686 E.33783
G1 X70.996 Y92.113 E.01546
G1 X62.143 Y83.26 E.33785
G1 X62.143 Y82.686 E.01549
G1 X70.996 Y91.539 E.33785
G1 X70.996 Y90.965 E.01549
G1 X62.143 Y82.113 E.33783
G1 X62.143 Y81.539 E.01549
G1 X70.996 Y90.392 E.33785
G1 X70.996 Y89.818 E.01549
G1 X62.143 Y80.965 E.33785
G1 X62.143 Y80.392 E.01546
G1 X70.996 Y89.244 E.33783
G1 X70.996 Y88.67 E.01549
G1 X62.143 Y79.818 E.33783
G1 X62.143 Y79.244 E.01549
G1 X70.996 Y88.097 E.33785
G1 X70.996 Y87.523 E.01549
G1 X62.143 Y78.67 E.33785
G1 X62.143 Y78.097 E.01546
G1 X70.996 Y86.949 E.33783
G1 X70.996 Y86.376 E.01546
G1 X62.143 Y77.523 E.33785
G1 X62.143 Y76.949 E.01549
G1 X70.996 Y85.802 E.33785
G1 X70.996 Y85.228 E.01549
G1 X62.143 Y76.376 E.33783
G1 X62.143 Y75.802 E.01549
G1 X70.996 Y84.655 E.33785
G1 X70.996 Y84.081 E.01549
G1 X62.143 Y75.228 E.33785
G1 X62.143 Y74.655 E.01546
G1 X70.996 Y83.507 E.33783
G1 X70.996 Y82.934 E.01546
G1 X62.143 Y74.081 E.33785
G1 X62.143 Y73.507 E.01549
G1 X70.996 Y82.36 E.33785
G1 X70.996 Y81.786 E.01549
G1 X62.143 Y72.933 E.33785
G1 X62.143 Y72.36 E.01546
G1 X70.996 Y81.212 E.33783
G1 X70.996 Y80.639 E.01546
G1 X62.143 Y71.786 E.33785
G1 X62.143 Y71.212 E.01549
G1 X70.996 Y80.065 E.33785
G1 X70.996 Y79.491 E.01549
G1 X62.143 Y70.639 E.33783
G1 X62.143 Y70.065 E.01549
G1 X70.996 Y78.918 E.33785
G1 X70.996 Y78.344 E.01549
G1 X62.143 Y69.491 E.33785
G1 X62.143 Y68.918 E.01546
G1 X70.996 Y77.77 E.33783
G1 X70.996 Y77.197 E.01546
G1 X62.143 Y68.344 E.33785
G1 X62.143 Y67.77 E.01549
G1 X70.996 Y76.623 E.33785
G1 X70.996 Y76.049 E.01549
G1 X62.143 Y67.197 E.33783
G1 X62.143 Y66.623 E.01549
G1 X70.996 Y75.475 E.33783
G1 X70.996 Y74.902 E.01546
G1 X62.143 Y66.049 E.33785
G1 X62.143 Y65.475 E.01549
G1 X70.996 Y74.328 E.33785
G1 X70.996 Y73.754 E.01549
G1 X62.143 Y64.902 E.33783
G1 X62.143 Y64.328 E.01549
G1 X70.996 Y73.181 E.33785
G1 X70.996 Y72.607 E.01549
G1 X62.143 Y63.754 E.33785
G1 X62.143 Y63.181 E.01546
G1 X70.996 Y72.033 E.33783
G1 X70.996 Y71.46 E.01546
G1 X62.143 Y62.607 E.33785
G1 X62.143 Y62.033 E.01549
G1 X70.996 Y70.886 E.33785
G1 X70.996 Y70.312 E.01549
G1 X62.143 Y61.46 E.33783
G1 X62.143 Y60.886 E.01549
G1 X70.996 Y69.739 E.33785
G1 X70.996 Y69.165 E.01549
G1 X62.143 Y60.312 E.33785
G1 X62.143 Y59.739 E.01546
G1 X70.996 Y68.591 E.33783
G1 X70.996 Y68.017 E.01549
G1 X62.143 Y59.165 E.33783
G1 X62.143 Y58.591 E.01549
G1 X70.996 Y67.444 E.33785
G1 X70.996 Y66.87 E.01549
G1 X62.143 Y58.017 E.33785
G1 X62.143 Y57.444 E.01546
G1 X70.996 Y66.296 E.33783
G1 X70.996 Y65.723 E.01546
G1 X62.143 Y56.87 E.33785
G1 X62.143 Y56.296 E.01549
G1 X70.996 Y65.149 E.33785
G1 X70.996 Y64.575 E.01549
G1 X62.143 Y55.723 E.33783
G1 X62.143 Y55.149 E.01549
G1 X70.996 Y64.002 E.33785
G1 X70.996 Y63.428 E.01549
G1 X62.143 Y54.575 E.33785
G1 X62.143 Y54.002 E.01546
G1 X70.996 Y62.854 E.33783
G1 X70.996 Y62.281 E.01546
G1 X62.143 Y53.428 E.33785
G1 X62.143 Y52.854 E.01549
G1 X70.996 Y61.707 E.33785
G1 X70.996 Y61.133 E.01549
G1 X62.143 Y52.28 E.33785
G1 X62.143 Y51.707 E.01546
G1 X70.996 Y60.559 E.33783
G1 X70.996 Y59.986 E.01546
G1 X62.143 Y51.133 E.33785
G1 X62.143 Y50.559 E.01549
G1 X70.996 Y59.412 E.33785
G1 X70.996 Y58.838 E.01549
G1 X62.143 Y49.986 E.33783
G1 X62.143 Y49.412 E.01549
G1 X70.996 Y58.265 E.33785
G1 X70.996 Y57.691 E.01549
G1 X62.143 Y48.838 E.33785
G1 X62.143 Y48.265 E.01546
G1 X70.996 Y57.117 E.33783
G1 X70.996 Y56.544 E.01546
G1 X62.143 Y47.691 E.33785
G1 X62.143 Y47.117 E.01549
G1 X70.996 Y55.97 E.33785
G1 X70.996 Y55.396 E.01549
G1 X62.143 Y46.544 E.33783
G1 X62.143 Y45.97 E.01549
G1 X70.996 Y54.823 E.33785
G1 X70.996 Y54.249 E.01549
G1 X62.143 Y45.396 E.33785
G1 X62.143 Y44.822 E.01549
G1 X70.996 Y53.675 E.33785
G1 X70.996 Y53.101 E.01549
G1 X62.143 Y44.249 E.33783
G1 X62.143 Y43.675 E.01549
G1 X70.996 Y52.528 E.33785
G1 X70.996 Y51.954 E.01549
G1 X62.143 Y43.101 E.33785
G1 X62.143 Y42.528 E.01546
G1 X70.996 Y51.38 E.33783
G1 X70.996 Y50.807 E.01546
G1 X62.143 Y41.954 E.33785
G1 X62.143 Y41.38 E.01549
G1 X70.996 Y50.233 E.33785
G1 X70.996 Y49.659 E.01549
G1 X62.143 Y40.807 E.33783
G1 X62.143 Y40.233 E.01549
G1 X70.996 Y49.086 E.33785
G1 X70.996 Y48.512 E.01549
G1 X62.143 Y39.659 E.33785
G1 X62.143 Y39.086 E.01546
G1 X70.996 Y47.938 E.33783
G1 X70.996 Y47.364 E.01549
G1 X62.143 Y38.512 E.33783
G1 X62.143 Y37.938 E.01549
G1 X70.996 Y46.791 E.33785
G1 X70.996 Y46.217 E.01549
G1 X62.143 Y37.364 E.33785
G1 X62.143 Y36.791 E.01546
G1 X70.996 Y45.643 E.33783
G1 X70.996 Y45.07 E.01546
G1 X62.143 Y36.217 E.33785
G1 X62.143 Y35.643 E.01549
G1 X70.996 Y44.496 E.33785
G1 X70.996 Y43.922 E.01549
G1 X62.143 Y35.07 E.33783
G1 X62.143 Y34.496 E.01549
G1 X70.996 Y43.349 E.33785
G1 X70.996 Y42.775 E.01549
G1 X62.143 Y33.922 E.33785
G1 X62.143 Y33.349 E.01546
G1 X70.996 Y42.201 E.33783
G1 X70.996 Y41.628 E.01546
G1 X62.143 Y32.775 E.33785
G1 X62.143 Y32.201 E.01549
G1 X70.996 Y41.054 E.33785
G1 X70.996 Y40.48 E.01549
G1 X62.143 Y31.628 E.33783
G1 X62.143 Y31.054 E.01549
G1 X70.996 Y39.906 E.33783
G1 X70.996 Y39.333 E.01546
G1 X62.143 Y30.48 E.33785
G1 X62.143 Y29.906 E.01549
G1 X70.996 Y38.759 E.33785
G1 X70.996 Y38.185 E.01549
G1 X62.143 Y29.333 E.33783
G1 X62.143 Y28.759 E.01549
G1 X70.996 Y37.612 E.33785
G1 X70.996 Y37.038 E.01549
G1 X62.143 Y28.185 E.33785
G1 X62.143 Y27.612 E.01546
G1 X70.996 Y36.464 E.33783
G1 X70.996 Y35.891 E.01546
G1 X62.143 Y27.038 E.33785
G1 X62.143 Y26.464 E.01549
G1 X70.996 Y35.317 E.33785
G1 X70.996 Y34.743 E.01549
G1 X62.143 Y25.891 E.33783
G1 X62.143 Y25.317 E.01549
G1 X70.996 Y34.17 E.33785
G1 X71.104 Y33.268 F9000
;WIDTH:0.374336
G1 F3600
G1 X71.084 Y33.339 E.00167
G1 X71.156 Y33.32 E.00168
G1 X71.145 Y33.279 E.00096
;WIDTH:0.407168
G1 X71.07 Y33.437 E.00434
;WIDTH:0.439999
G1 X70.996 Y33.596 E.00473
G1 X62.143 Y24.743 E.33785
G1 X62.143 Y24.169 E.01549
G1 X64.524 Y26.55 E.09086
G1 X64.61 Y26.673 E.00405
;WIDTH:0.407168
G1 X64.697 Y26.796 E.00374
;WIDTH:0.374336
G1 X64.678 Y26.867 E.00166
G1 X64.749 Y26.848 E.00166
G1 X64.738 Y26.807 E.00096
G1 X64.423 Y25.876 F9000
;WIDTH:0.439999
G1 F3600
G1 X62.143 Y23.596 E.08701
G1 X62.328 Y23.208 E.0116
G1 X64.442 Y25.321 E.08066
G1 X64.543 Y24.821 E.01376
G1 X64.757 Y24.324 E.0146
G1 X64.919 Y24.077 E.00797
G1 X62.143 Y21.301 E.10594
G1 X62.143 Y23.166 E.05033
G1 X62.549 Y22.854 E.01382
G1 X62.549 Y22.28 E.01549
G1 X64.401 Y24.133 E.0707
G1 X64.226 Y24.531 E.01173
G1 X62.692 Y22.997 E.05854
G1 E-3.5
;WIPE_START
G1 F7200
G1 X64.226 Y24.531 E-1.03047
G1 X64.401 Y24.133 E-.20652
G1 X64.01 Y23.741 E-.26301
;WIPE_END
G1 X62.143 Y20.727 F9000
G1 E5 F2400
G1 F3600
G1 X65.167 Y23.751 E.1154
G1 X65.462 Y23.472 E.01096
G1 X62.143 Y20.154 E.12664
G1 X62.143 Y19.58 E.01549
G1 X65.797 Y23.234 E.13945
G1 X66.173 Y23.037 E.01145
G1 X62.143 Y19.006 E.15381
G1 X61.286 Y17.533 F9000
;WIDTH:0.380152
G1 F3600
G1 X61.442 Y17.633 E.00426
;WIDTH:0.374336
G1 X61.903 Y18.102 E.01487
;WIDTH:0.407168
G1 X62.001 Y18.245 E.0043
;WIDTH:0.439999
G1 X62.099 Y18.388 E.00468
G1 X66.602 Y22.891 E.17184
G1 X67.096 Y22.811 E.0135
G1 X61.33 Y17.046 E.22002
G1 X61.903 Y17.046 E.01546
G1 X67.684 Y22.826 E.2206
G1 X67.841 Y22.891 E.00459
;WIDTH:0.407168
G1 X67.998 Y22.955 E.0042
;WIDTH:0.374336
G1 X68.009 Y22.996 E.00096
G1 X67.938 Y23.015 E.00166
G1 X67.957 Y22.944 E.00166
G1 E-3.5
;WIPE_START
G1 F7200
G1 X67.938 Y23.015 E-.03491
G1 X68.009 Y22.996 E-.03491
G1 X67.998 Y22.955 E-.02016
G1 X67.841 Y22.891 E-.08053
G1 X67.684 Y22.826 E-.08071
G1 X65.825 Y20.967 E-1.24878
;WIPE_END
G1 X65.731 Y27.973 F9000
G1 E5 F2400
G1 F3600
G1 X66.205 Y28.331 E.01343
;WIDTH:0.407168
G1 X66.348 Y28.424 E.00423
;WIDTH:0.439999
G1 X66.491 Y28.518 E.00462
G1 X70.996 Y33.022 E.1719
G1 X70.996 Y32.448 E.01549
G1 X67.183 Y28.636 E.14549
G1 X67.73 Y28.609 E.01478
G1 X70.996 Y31.875 E.12464
G1 X70.996 Y31.301 E.01549
G1 X68.197 Y28.503 E.1068
G1 X68.609 Y28.341 E.01195
G1 X70.996 Y30.727 E.09107
G1 E-3.5
;WIPE_START
G1 F7200
G1 X68.763 Y28.494 E-1.5
;WIPE_END
G1 X69.108 Y28.266 F9000
G1 E5 F2400
G1 F3600
G1 X70.996 Y30.154 E.07205
G1 X70.996 Y25.344 E.1298
G1 X70.841 Y25.38 E.00429
G1 X70.736 Y25.304 E.0035
G1 X70.504 Y25.499 E.00818
G1 X70.361 Y25.487 E.00387
G1 X70.202 Y25.344 E.00577
G1 X70.237 Y25.621 E.00753
G1 X70.194 Y26.245 E.01688
G1 X70.05 Y26.756 E.01433
G1 X69.904 Y27.064 E.0092
G1 X69.606 Y27.525 E.01481
G1 X69.142 Y28.002 E.01796
G1 X68.965 Y28.123 E.00579
G1 X69.566 Y28.15 E.01623
G1 X69.947 Y27.745 E.015
G1 X70.245 Y27.284 E.01481
G1 X70.417 Y26.927 E.01069
;WIDTH:0.453734
G1 X70.583 Y26.401 E.01539
G1 X70.59 Y26.857 E.01272
;WIDTH:0.439999
G1 X70.59 Y29.174 E.06252
G1 X69.709 Y28.293 E.03362
G1 X70.15 Y28.094 E.01306
;WIDTH:0.47905
G1 X70.111 Y28.133 E.00163
G1 X70.126 Y28.187 E.00166
G1 X70.179 Y28.201 E.00162
G1 X70.219 Y28.162 E.00165
G1 X70.204 Y28.108 E.00166
G1 X70.583 Y26.401 F9000
;WIDTH:0.453734
G1 F3600
G1 X70.608 Y25.873 E.01475
G1 X70.449 Y25.017 F9000
;WIDTH:0.439999
G1 F3600
G1 X69.999 Y24.568 E.01715
G1 X69.786 Y24.281 E.00964
;WIDTH:0.374336
G1 X69.207 Y23.631 E.01969
G1 X68.758 Y23.246 E.01338
;WIDTH:0.407168
G1 X68.614 Y23.143 E.00439
;WIDTH:0.439999
G1 X68.471 Y23.039 E.00477
G1 X62.477 Y17.046 E.22873
G1 X63.051 Y17.046 E.01549
G1 X70.906 Y24.901 E.29976
G1 X70.996 Y24.417 E.01328
G1 X63.624 Y17.046 E.28131
G1 X64.198 Y17.046 E.01549
G1 X70.996 Y23.843 E.25941
G1 X70.996 Y23.269 E.01549
G1 X64.772 Y17.046 E.2375
G1 X65.346 Y17.046 E.01549
G1 X70.996 Y22.696 E.21562
G1 X70.996 Y22.122 E.01549
G1 X65.919 Y17.046 E.19373
G1 X66.493 Y17.046 E.01549
G1 X70.996 Y21.548 E.17183
G1 X70.996 Y20.975 E.01546
G1 X67.067 Y17.046 E.14994
G1 X67.64 Y17.046 E.01546
G1 X70.996 Y20.401 E.12805
G1 X70.996 Y19.827 E.01549
G1 X68.214 Y17.046 E.10615
G1 X68.788 Y17.046 E.01549
G1 X70.996 Y19.253 E.08424
G1 E-3.5
;WIPE_START
G1 F7200
G1 X68.788 Y17.046 E-1.48289
G1 X68.752 Y17.046 E-.01711
;WIPE_END
G1 X69.505 Y17.189 F9000
G1 E5 F2400
G1 F3600
G1 X70.996 Y18.68 E.0569
G1 X70.996 Y17.046 E.04409
G1 X69.361 Y17.046 E.04412
G1 X70.499 Y17.458 F9000
;WIDTH:0.58599
G1 F3600
G1 X70.45 Y17.506 E.00252
G1 X70.468 Y17.573 E.00255
G1 X70.535 Y17.591 E.00255
G1 X70.584 Y17.542 E.00254
G1 X70.566 Y17.475 E.00255
G1 E-3.5
;WIPE_START
G1 F7200
G1 X70.584 Y17.542 E-.03295
G1 X70.535 Y17.591 E-.03292
G1 X70.468 Y17.573 E-.03295
G1 X70.45 Y17.506 E-.03295
G1 X70.499 Y17.458 E-.03258
;WIPE_END
G1 E-1.33565 F3600
G1 X70.611 Y100.78 F9000
G1 E5 F2400
;WIDTH:0.431318
G1 F3600
G1 X70.594 Y101.272 E.013
;WIDTH:0.439999
G1 X70.519 Y101.802 E.01444
;WIDTH:0.582283
G1 X70.519 Y103.583 E.06492
G1 X69.872 Y102.936 E.03335
G1 X70.014 Y102.774 E.00785
G1 X70.35 Y102.247 E.02278
G1 X70.447 Y101.991 E.00998
G1 E-3.5
;WIPE_START
G1 F7200
G1 X70.35 Y102.247 E-.13004
G1 X70.014 Y102.774 E-.29688
G1 X69.872 Y102.936 E-.10233
G1 X70.519 Y103.583 E-.43462
G1 X70.519 Y102.454 E-.53613
;WIPE_END
G1 X70.615 Y175.832 F9000
G1 E5 F2400
;WIDTH:0.43278
G1 F3600
G1 X70.594 Y176.289 E.01213
;WIDTH:0.435266
G1 X70.592 Y176.426 E.00365
;WIDTH:0.439999
G1 X70.59 Y178.908 E.06698
G1 X69.698 Y178.016 E.03404
G1 X69.954 Y177.735 E.01026
G1 X70.354 Y177.073 E.02087
G1 X70.534 Y176.483 E.01665
;LAYER_CHANGE
;Z:1.32
;HEIGHT:0.16
;BEFORE_LAYER_CHANGE
G92 E0
;1.32


G1 E-3.5 F3600
;WIPE_START
G1 F7200
G1 X70.354 Y177.073 E-.293
G1 X69.954 Y177.735 E-.36739
G1 X69.698 Y178.016 E-.18056
G1 X70.59 Y178.908 E-.5992
G1 X70.59 Y178.782 E-.05985
;WIPE_END
G1 Z1.32 F9000
;AFTER_LAYER_CHANGE
;1.32
G1 X23.733 Y102.911
G1 E5 F2400
;TYPE:Perimeter
G1 F1800
G1 X23.301 Y103.138 E.01317
G1 X22.803 Y103.285 E.01401
G1 X22.285 Y103.33 E.01403
G1 X21.769 Y103.272 E.01401
G1 X21.275 Y103.112 E.01401
G1 X20.822 Y102.858 E.01401
G1 X20.429 Y102.519 E.01401
G1 X20.11 Y102.108 E.01404
G1 X19.879 Y101.643 E.01401
G1 X19.74 Y101.067 E.01599
G1 X19.726 Y100.506 E.01514
G1 X19.836 Y99.923 E.01601
G1 X20.044 Y99.447 E.01402
G1 X20.341 Y99.022 E.01399
G1 X20.717 Y98.663 E.01403
G1 X21.157 Y98.387 E.01402
G1 X21.643 Y98.203 E.01402
G1 X22.155 Y98.119 E.014
G1 X22.674 Y98.138 E.01401
G1 X23.179 Y98.259 E.01401
G1 X23.65 Y98.479 E.01403
G1 X24.068 Y98.787 E.01401
G1 X24.417 Y99.172 E.01402
G1 X24.683 Y99.618 E.01401
G1 X24.855 Y100.108 E.01401
G1 X24.898 Y100.376 E.00732
G1 X24.912 Y100.938 E.01517
G1 X24.802 Y101.52 E.01598
G1 X24.492 Y102.165 E.01931
G1 X24.163 Y102.567 E.01402
G1 X23.783 Y102.878 E.01325
G1 X23.512 Y102.569 F9000
G1 F1800
G1 X23.172 Y102.754 E.01045
G1 X22.752 Y102.882 E.01185
G1 X22.316 Y102.925 E.01182
G1 X21.879 Y102.881 E.01185
G1 X21.46 Y102.751 E.01184
G1 X21.075 Y102.54 E.01185
G1 X20.739 Y102.258 E.01184
G1 X20.466 Y101.914 E.01185
G1 X20.267 Y101.524 E.01181
G1 X20.146 Y101.057 E.01302
G1 X20.132 Y100.495 E.01517
G1 X20.229 Y100.023 E.013
G1 X20.47 Y99.523 E.01498
G1 X20.744 Y99.181 E.01183
G1 X21.081 Y98.899 E.01186
G1 X21.467 Y98.69 E.01184
G1 X21.886 Y98.561 E.01183
G1 X22.323 Y98.518 E.01185
G1 X22.76 Y98.563 E.01185
G1 X23.179 Y98.693 E.01184
G1 X23.564 Y98.903 E.01183
G1 X23.899 Y99.186 E.01183
G1 X24.172 Y99.529 E.01183
G1 X24.372 Y99.92 E.01185
G1 X24.493 Y100.387 E.01302
G1 X24.507 Y100.948 E.01514
G1 X24.409 Y101.42 E.01301
G1 X24.168 Y101.92 E.01498
G1 X23.894 Y102.263 E.01185
G1 X23.564 Y102.539 E.01161
G1 X23.374 Y102.189 F9000
;TYPE:External perimeter
;WIDTH:0.419999
G1 F1800
G1 X23.36 Y102.202 E.00049
G1 X23.046 Y102.379 E.00925
G1 X22.703 Y102.49 E.00925
G1 X22.345 Y102.531 E.00924
G1 X21.986 Y102.5 E.00924
G1 X21.641 Y102.399 E.00922
G1 X21.322 Y102.231 E.00925
G1 X21.042 Y102.004 E.00925
G1 X20.814 Y101.725 E.00924
G1 X20.645 Y101.407 E.00924
G1 X20.541 Y101.047 E.00961
G1 X20.527 Y100.486 E.0144
G1 X20.626 Y100.085 E.0106
G1 X20.786 Y99.762 E.00925
G1 X21.006 Y99.477 E.00924
G1 X21.279 Y99.242 E.00924
G1 X21.593 Y99.065 E.00925
G1 X21.936 Y98.954 E.00925
G1 X22.293 Y98.913 E.00922
G1 X22.652 Y98.944 E.00924
G1 X22.998 Y99.045 E.00925
G1 X23.317 Y99.213 E.00925
G1 X23.596 Y99.44 E.00923
G1 X23.825 Y99.719 E.00926
G1 X23.994 Y100.037 E.00924
G1 X24.097 Y100.396 E.00958
G1 X24.111 Y100.958 E.01442
G1 X24.013 Y101.359 E.01059
G1 X23.853 Y101.682 E.00925
G1 X23.632 Y101.966 E.00923
G1 X23.42 Y102.15 E.0072
G1 E-3.5 F3600
;WIPE_START
G1 F7200
G1 X23.374 Y102.189 E-.02865
G1 X23.36 Y102.202 E-.00907
G1 X23.046 Y102.379 E-.17121
G1 X22.703 Y102.49 E-.17124
G1 X22.345 Y102.531 E-.17116
G1 X21.986 Y102.5 E-.17116
G1 X21.641 Y102.399 E-.17075
G1 X21.322 Y102.231 E-.17125
G1 X21.042 Y102.004 E-.17122
G1 X20.814 Y101.725 E-.17115
G1 X20.722 Y101.552 E-.09314
;WIPE_END
G1 X64.735 Y100.851 F9000
G1 E5 F2400
;TYPE:Perimeter
;WIDTH:0.439999
G1 F1800
G1 X64.726 Y100.506 E.00931
G1 X64.836 Y99.923 E.01601
G1 X65.044 Y99.447 E.01402
G1 X65.341 Y99.022 E.01399
G1 X65.717 Y98.663 E.01403
G1 X66.157 Y98.387 E.01402
G1 X66.643 Y98.203 E.01402
G1 X67.155 Y98.119 E.014
G1 X67.674 Y98.138 E.01401
G1 X68.179 Y98.259 E.01401
G1 X68.65 Y98.479 E.01403
G1 X69.068 Y98.787 E.01401
G1 X69.417 Y99.172 E.01402
G1 X69.683 Y99.618 E.01401
G1 X69.855 Y100.108 E.01401
G1 X69.898 Y100.376 E.00732
G1 X69.912 Y100.938 E.01517
G1 X69.802 Y101.52 E.01598
G1 X69.595 Y101.996 E.01401
G1 X69.297 Y102.422 E.01403
G1 X68.921 Y102.78 E.01401
G1 X68.482 Y103.057 E.01401
G1 X67.996 Y103.241 E.01402
G1 X67.483 Y103.325 E.01403
G1 X66.964 Y103.306 E.01401
G1 X66.459 Y103.184 E.01402
G1 X65.988 Y102.965 E.01402
G1 X65.57 Y102.657 E.01401
G1 X65.222 Y102.272 E.014
G1 X64.956 Y101.826 E.01401
G1 X64.784 Y101.335 E.01404
G1 X64.74 Y101.067 E.00733
G1 X64.736 Y100.911 E.00421
G1 X65.14 Y100.831 F9000
G1 F1800
G1 X65.132 Y100.495 E.00907
G1 X65.229 Y100.023 E.013
G1 X65.47 Y99.523 E.01498
G1 X65.744 Y99.181 E.01183
G1 X66.081 Y98.899 E.01186
G1 X66.467 Y98.69 E.01184
G1 X66.886 Y98.561 E.01183
G1 X67.323 Y98.518 E.01185
G1 X67.76 Y98.563 E.01185
G1 X68.179 Y98.693 E.01184
G1 X68.564 Y98.903 E.01183
G1 X68.899 Y99.186 E.01183
G1 X69.172 Y99.529 E.01183
G1 X69.372 Y99.92 E.01185
G1 X69.493 Y100.387 E.01302
G1 X69.507 Y100.948 E.01514
G1 X69.409 Y101.42 E.01301
G1 X69.168 Y101.92 E.01498
G1 X68.894 Y102.263 E.01185
G1 X68.558 Y102.545 E.01184
G1 X68.172 Y102.754 E.01184
G1 X67.752 Y102.882 E.01185
G1 X67.316 Y102.925 E.01182
G1 X66.879 Y102.881 E.01185
G1 X66.46 Y102.751 E.01184
G1 X66.075 Y102.54 E.01185
G1 X65.739 Y102.258 E.01184
G1 X65.466 Y101.914 E.01185
G1 X65.267 Y101.524 E.01181
G1 X65.146 Y101.057 E.01302
G1 X65.142 Y100.891 E.00448
G1 X65.538 Y100.9 F9000
;TYPE:External perimeter
;WIDTH:0.419999
G1 F1800
G1 X65.527 Y100.486 E.01062
G1 X65.626 Y100.085 E.0106
G1 X65.786 Y99.762 E.00925
G1 X66.006 Y99.477 E.00924
G1 X66.279 Y99.242 E.00924
G1 X66.593 Y99.065 E.00925
G1 X66.936 Y98.954 E.00925
G1 X67.293 Y98.913 E.00922
G1 X67.652 Y98.944 E.00924
G1 X67.998 Y99.045 E.00925
G1 X68.317 Y99.213 E.00925
G1 X68.596 Y99.44 E.00923
G1 X68.825 Y99.719 E.00926
G1 X68.994 Y100.037 E.00924
G1 X69.097 Y100.396 E.00958
G1 X69.111 Y100.958 E.01442
G1 X69.013 Y101.359 E.01059
G1 X68.853 Y101.682 E.00925
G1 X68.632 Y101.966 E.00923
G1 X68.36 Y102.202 E.00924
G1 X68.046 Y102.379 E.00925
G1 X67.703 Y102.49 E.00925
G1 X67.345 Y102.531 E.00924
G1 X66.986 Y102.5 E.00924
G1 X66.641 Y102.399 E.00922
G1 X66.322 Y102.231 E.00925
G1 X66.042 Y102.004 E.00925
G1 X65.814 Y101.725 E.00924
G1 X65.645 Y101.407 E.00924
G1 X65.541 Y101.047 E.00961
G1 X65.539 Y100.96 E.00223
G1 E-3.5 F3600
;WIPE_START
G1 F7200
G1 X65.538 Y100.9 E-.0285
G1 X65.527 Y100.486 E-.19672
G1 X65.626 Y100.085 E-.19619
G1 X65.786 Y99.762 E-.17122
G1 X66.006 Y99.477 E-.17102
G1 X66.279 Y99.242 E-.1711
G1 X66.593 Y99.065 E-.17121
G1 X66.936 Y98.954 E-.17124
G1 X67.293 Y98.913 E-.17069
G1 X67.402 Y98.922 E-.05211
;WIPE_END
G1 X67.254 Y173.122 F9000
G1 E5 F2400
;TYPE:Perimeter
;WIDTH:0.439999
G1 F1800
G1 X67.353 Y173.114 E.00268
G1 X67.869 Y173.172 E.01401
G1 X68.364 Y173.332 E.01404
G1 X68.817 Y173.586 E.01401
G1 X69.21 Y173.925 E.01401
G1 X69.529 Y174.335 E.01402
G1 X69.76 Y174.801 E.01404
G1 X69.894 Y175.302 E.01399
G1 X69.926 Y175.821 E.01403
G1 X69.855 Y176.335 E.014
G1 X69.683 Y176.826 E.01404
G1 X69.367 Y177.327 E.01598
G1 X68.975 Y177.729 E.01515
G1 X68.482 Y178.057 E.01598
G1 X67.996 Y178.241 E.01402
G1 X67.483 Y178.325 E.01403
G1 X66.964 Y178.306 E.01401
G1 X66.459 Y178.184 E.01402
G1 X65.988 Y177.965 E.01402
G1 X65.57 Y177.657 E.01401
G1 X65.222 Y177.272 E.014
G1 X64.956 Y176.826 E.01401
G1 X64.784 Y176.335 E.01404
G1 X64.74 Y176.067 E.00733
G1 X64.726 Y175.506 E.01514
G1 X64.836 Y174.923 E.01601
G1 X65.044 Y174.447 E.01402
G1 X65.476 Y173.876 E.01932
G1 X65.878 Y173.548 E.014
G1 X66.338 Y173.305 E.01404
G1 X66.836 Y173.159 E.014
G1 X67.195 Y173.128 E.00972
G1 X67.264 Y173.524 F9000
G1 F1800
G1 X67.323 Y173.518 E.0016
G1 X67.76 Y173.563 E.01185
G1 X68.179 Y173.693 E.01184
G1 X68.564 Y173.903 E.01183
G1 X68.899 Y174.186 E.01183
G1 X69.172 Y174.529 E.01183
G1 X69.372 Y174.92 E.01185
G1 X69.49 Y175.343 E.01185
G1 X69.522 Y175.78 E.01182
G1 X69.467 Y176.216 E.01186
G1 X69.326 Y176.631 E.01183
G1 X69.077 Y177.044 E.01301
G1 X68.685 Y177.446 E.01515
G1 X68.279 Y177.706 E.01301
G1 X67.752 Y177.882 E.01499
G1 X67.316 Y177.925 E.01182
G1 X66.879 Y177.881 E.01185
G1 X66.46 Y177.751 E.01184
G1 X66.075 Y177.54 E.01185
G1 X65.739 Y177.258 E.01184
G1 X65.466 Y176.914 E.01185
G1 X65.267 Y176.524 E.01181
G1 X65.146 Y176.057 E.01302
G1 X65.132 Y175.495 E.01517
G1 X65.229 Y175.023 E.013
G1 X65.47 Y174.523 E.01498
G1 X65.744 Y174.181 E.01183
G1 X66.081 Y173.899 E.01186
G1 X66.467 Y173.69 E.01184
G1 X66.886 Y173.561 E.01183
G1 X67.205 Y173.53 E.00865
G1 X67.185 Y173.925 F9000
;TYPE:External perimeter
;WIDTH:0.419999
G1 F1800
G1 X67.293 Y173.913 E.00279
G1 X67.652 Y173.944 E.00924
G1 X67.998 Y174.045 E.00925
G1 X68.317 Y174.213 E.00925
G1 X68.596 Y174.44 E.00923
G1 X68.825 Y174.719 E.00926
G1 X68.994 Y175.037 E.00924
G1 X69.096 Y175.382 E.00923
G1 X69.128 Y175.741 E.00925
G1 X69.089 Y176.099 E.00924
G1 X68.979 Y176.442 E.00924
G1 X68.794 Y176.767 E.00959
G1 X68.401 Y177.17 E.01444
G1 X68.046 Y177.379 E.01057
G1 X67.59 Y177.504 E.01213
G1 X67.345 Y177.531 E.00632
G1 X66.986 Y177.5 E.00924
G1 X66.641 Y177.399 E.00922
G1 X66.322 Y177.231 E.00925
G1 X66.042 Y177.004 E.00925
G1 X65.814 Y176.725 E.00924
G1 X65.645 Y176.407 E.00924
G1 X65.541 Y176.047 E.00961
G1 X65.527 Y175.486 E.0144
G1 X65.626 Y175.085 E.0106
G1 X65.786 Y174.762 E.00925
G1 X66.006 Y174.477 E.00924
G1 X66.279 Y174.242 E.00924
G1 X66.593 Y174.065 E.00925
G1 X66.936 Y173.954 E.00925
G1 X67.125 Y173.932 E.00488
G1 E-3.5 F3600
;WIPE_START
G1 F7200
G1 X67.185 Y173.925 E-.02869
G1 X67.293 Y173.913 E-.05162
G1 X67.652 Y173.944 E-.17116
G1 X67.998 Y174.045 E-.17121
G1 X68.317 Y174.213 E-.17125
G1 X68.596 Y174.44 E-.17085
G1 X68.825 Y174.719 E-.17145
G1 X68.994 Y175.037 E-.17106
G1 X69.096 Y175.382 E-.17089
G1 X69.128 Y175.741 E-.1712
G1 X69.116 Y175.847 E-.05062
;WIPE_END
G1 X24.912 Y175.592 F9000
G1 E5 F2400
;TYPE:Perimeter
;WIDTH:0.439999
G1 F1800
G1 X24.926 Y175.821 E.00619
G1 X24.855 Y176.335 E.014
G1 X24.683 Y176.826 E.01404
G1 X24.367 Y177.327 E.01598
G1 X23.975 Y177.729 E.01515
G1 X23.482 Y178.057 E.01598
G1 X22.996 Y178.241 E.01402
G1 X22.483 Y178.325 E.01403
G1 X21.964 Y178.306 E.01401
G1 X21.459 Y178.184 E.01402
G1 X20.988 Y177.965 E.01402
G1 X20.57 Y177.657 E.01401
G1 X20.222 Y177.272 E.014
G1 X19.956 Y176.826 E.01401
G1 X19.784 Y176.335 E.01404
G1 X19.74 Y176.067 E.00733
G1 X19.726 Y175.506 E.01514
G1 X19.836 Y174.923 E.01601
G1 X20.044 Y174.447 E.01402
G1 X20.341 Y174.022 E.01399
G1 X20.717 Y173.663 E.01403
G1 X21.157 Y173.387 E.01402
G1 X21.643 Y173.203 E.01402
G1 X22.155 Y173.119 E.014
G1 X22.675 Y173.138 E.01404
G1 X23.179 Y173.259 E.01399
G1 X23.817 Y173.586 E.01935
G1 X24.21 Y173.925 E.01401
G1 X24.529 Y174.335 E.01402
G1 X24.76 Y174.801 E.01404
G1 X24.894 Y175.302 E.01399
G1 X24.908 Y175.533 E.00624
G1 X24.51 Y175.613 F9000
G1 F1800
G1 X24.522 Y175.78 E.00452
G1 X24.467 Y176.216 E.01186
G1 X24.326 Y176.631 E.01183
G1 X24.077 Y177.044 E.01301
G1 X23.685 Y177.446 E.01515
G1 X23.178 Y177.752 E.01598
G1 X22.752 Y177.882 E.01202
G1 X22.316 Y177.925 E.01182
G1 X21.879 Y177.881 E.01185
G1 X21.46 Y177.751 E.01184
G1 X21.075 Y177.54 E.01185
G1 X20.739 Y177.258 E.01184
G1 X20.466 Y176.914 E.01185
G1 X20.267 Y176.524 E.01181
G1 X20.146 Y176.057 E.01302
G1 X20.132 Y175.495 E.01517
G1 X20.229 Y175.023 E.013
G1 X20.47 Y174.523 E.01498
G1 X20.744 Y174.181 E.01183
G1 X21.081 Y173.899 E.01186
G1 X21.467 Y173.69 E.01184
G1 X21.886 Y173.561 E.01183
G1 X22.323 Y173.518 E.01185
G1 X22.76 Y173.563 E.01185
G1 X23.179 Y173.693 E.01184
G1 X23.564 Y173.903 E.01183
G1 X23.899 Y174.186 E.01183
G1 X24.172 Y174.529 E.01183
G1 X24.372 Y174.92 E.01185
G1 X24.49 Y175.343 E.01185
G1 X24.505 Y175.553 E.00568
G1 X24.111 Y175.543 F9000
;TYPE:External perimeter
;WIDTH:0.419999
G1 F1800
G1 X24.128 Y175.741 E.0051
G1 X24.089 Y176.099 E.00924
G1 X23.979 Y176.442 E.00924
G1 X23.794 Y176.767 E.00959
G1 X23.401 Y177.17 E.01444
G1 X23.046 Y177.379 E.01057
G1 X22.703 Y177.49 E.00925
G1 X22.345 Y177.531 E.00924
G1 X21.986 Y177.5 E.00924
G1 X21.641 Y177.399 E.00922
G1 X21.322 Y177.231 E.00925
G1 X21.042 Y177.004 E.00925
G1 X20.814 Y176.725 E.00924
G1 X20.645 Y176.407 E.00924
G1 X20.541 Y176.047 E.00961
G1 X20.527 Y175.486 E.0144
G1 X20.626 Y175.085 E.0106
G1 X20.786 Y174.762 E.00925
G1 X21.006 Y174.477 E.00924
G1 X21.279 Y174.242 E.00924
G1 X21.593 Y174.065 E.00925
G1 X21.936 Y173.954 E.00925
G1 X22.293 Y173.913 E.00922
G1 X22.652 Y173.944 E.00924
G1 X22.998 Y174.045 E.00925
G1 X23.317 Y174.213 E.00925
G1 X23.596 Y174.44 E.00923
G1 X23.825 Y174.719 E.00926
G1 X23.994 Y175.037 E.00924
G1 X24.096 Y175.382 E.00923
G1 X24.105 Y175.483 E.0026
G1 E-3.5 F3600
;WIPE_START
G1 F7200
G1 X24.111 Y175.543 E-.02864
G1 X24.128 Y175.741 E-.0944
G1 X24.089 Y176.099 E-.17106
G1 X23.979 Y176.442 E-.1711
G1 X23.794 Y176.767 E-.17763
G1 X23.401 Y177.17 E-.26738
G1 X23.046 Y177.379 E-.19568
G1 X22.703 Y177.49 E-.17124
G1 X22.345 Y177.531 E-.17116
G1 X22.237 Y177.522 E-.05171
;WIPE_END
G1 X22.384 Y28.321 F9000
G1 E5 F2400
;TYPE:Perimeter
;WIDTH:0.439999
G1 F1800
G1 X21.964 Y28.306 E.01134
G1 X21.459 Y28.184 E.01402
G1 X20.988 Y27.965 E.01402
G1 X20.57 Y27.657 E.01401
G1 X20.222 Y27.272 E.014
G1 X19.956 Y26.826 E.01401
G1 X19.784 Y26.335 E.01404
G1 X19.74 Y26.067 E.00733
G1 X19.726 Y25.506 E.01514
G1 X19.836 Y24.923 E.01601
G1 X20.044 Y24.447 E.01402
G1 X20.341 Y24.022 E.01399
G1 X20.717 Y23.663 E.01403
G1 X21.157 Y23.387 E.01402
G1 X21.643 Y23.203 E.01402
G1 X22.155 Y23.119 E.014
G1 X22.675 Y23.138 E.01404
G1 X23.179 Y23.259 E.01399
G1 X23.65 Y23.479 E.01403
G1 X24.068 Y23.787 E.01401
G1 X24.417 Y24.172 E.01402
G1 X24.683 Y24.618 E.01401
G1 X24.855 Y25.108 E.01401
G1 X24.926 Y25.623 E.01403
G1 X24.894 Y26.141 E.014
G1 X24.76 Y26.643 E.01402
G1 X24.529 Y27.108 E.01401
G1 X24.367 Y27.327 E.00735
G1 X23.975 Y27.729 E.01515
G1 X23.482 Y28.057 E.01598
G1 X22.996 Y28.241 E.01402
G1 X22.483 Y28.325 E.01403
G1 X22.444 Y28.324 E.00105
G1 X22.374 Y27.92 F9000
G1 F1800
G1 X22.316 Y27.925 E.00157
G1 X21.879 Y27.881 E.01185
G1 X21.46 Y27.751 E.01184
G1 X21.075 Y27.54 E.01185
G1 X20.739 Y27.258 E.01184
G1 X20.466 Y26.914 E.01185
G1 X20.267 Y26.524 E.01181
G1 X20.146 Y26.057 E.01302
G1 X20.132 Y25.495 E.01517
G1 X20.229 Y25.023 E.013
G1 X20.47 Y24.523 E.01498
G1 X20.744 Y24.181 E.01183
G1 X21.081 Y23.899 E.01186
G1 X21.467 Y23.69 E.01184
G1 X22 Y23.547 E.01489
G1 X22.323 Y23.518 E.00875
G1 X22.76 Y23.563 E.01185
G1 X23.179 Y23.693 E.01184
G1 X23.564 Y23.903 E.01183
G1 X23.899 Y24.186 E.01183
G1 X24.172 Y24.529 E.01183
G1 X24.372 Y24.92 E.01185
G1 X24.49 Y25.343 E.01185
G1 X24.522 Y25.78 E.01182
G1 X24.467 Y26.216 E.01186
G1 X24.326 Y26.631 E.01183
G1 X24.077 Y27.044 E.01301
G1 X23.685 Y27.446 E.01515
G1 X23.279 Y27.706 E.01301
G1 X22.752 Y27.882 E.01499
G1 X22.434 Y27.914 E.00862
G1 X22.454 Y27.518 F9000
;TYPE:External perimeter
;WIDTH:0.419999
G1 F1800
G1 X22.345 Y27.531 E.00282
G1 X21.986 Y27.5 E.00924
G1 X21.641 Y27.399 E.00922
G1 X21.322 Y27.231 E.00925
G1 X21.042 Y27.004 E.00925
G1 X20.814 Y26.725 E.00924
G1 X20.645 Y26.407 E.00924
G1 X20.541 Y26.047 E.00961
G1 X20.527 Y25.486 E.0144
G1 X20.626 Y25.085 E.0106
G1 X20.786 Y24.762 E.00925
G1 X21.006 Y24.477 E.00924
G1 X21.279 Y24.242 E.00924
G1 X21.593 Y24.065 E.00925
G1 X22.049 Y23.94 E.01213
G1 X22.293 Y23.913 E.0063
G1 X22.652 Y23.944 E.00924
G1 X22.998 Y24.045 E.00925
G1 X23.317 Y24.213 E.00925
G1 X23.596 Y24.44 E.00923
G1 X23.825 Y24.719 E.00926
G1 X23.994 Y25.037 E.00924
G1 X24.096 Y25.382 E.00923
G1 X24.128 Y25.741 E.00925
G1 X24.089 Y26.099 E.00924
G1 X23.979 Y26.442 E.00924
G1 X23.794 Y26.767 E.00959
G1 X23.401 Y27.17 E.01444
G1 X23.046 Y27.379 E.01057
G1 X22.703 Y27.49 E.00925
G1 X22.514 Y27.512 E.00488
G1 E-3.5 F3600
;WIPE_START
G1 F7200
G1 X22.454 Y27.518 E-.02864
G1 X22.345 Y27.531 E-.05214
G1 X21.986 Y27.5 E-.17116
G1 X21.641 Y27.399 E-.17075
G1 X21.322 Y27.231 E-.17125
G1 X21.042 Y27.004 E-.17122
G1 X20.814 Y26.725 E-.17115
G1 X20.645 Y26.407 E-.17106
G1 X20.541 Y26.047 E-.17799
G1 X20.53 Y25.595 E-.21464
;WIPE_END
G1 X64.735 Y25.851 F9000
G1 E5 F2400
;TYPE:Perimeter
;WIDTH:0.439999
G1 F1800
G1 X64.726 Y25.506 E.00931
G1 X64.836 Y24.923 E.01601
G1 X65.044 Y24.447 E.01402
G1 X65.341 Y24.022 E.01399
G1 X65.717 Y23.663 E.01403
G1 X66.157 Y23.387 E.01402
G1 X66.643 Y23.203 E.01402
G1 X67.155 Y23.119 E.014
G1 X67.869 Y23.172 E.01932
G1 X68.364 Y23.332 E.01404
G1 X68.817 Y23.586 E.01401
G1 X69.21 Y23.925 E.01401
G1 X69.529 Y24.335 E.01402
G1 X69.76 Y24.801 E.01404
G1 X69.894 Y25.302 E.01399
G1 X69.926 Y25.821 E.01403
G1 X69.855 Y26.335 E.014
G1 X69.683 Y26.825 E.01401
G1 X69.367 Y27.327 E.01601
G1 X68.975 Y27.729 E.01515
G1 X68.482 Y28.057 E.01598
G1 X67.996 Y28.241 E.01402
G1 X67.483 Y28.325 E.01403
G1 X66.964 Y28.306 E.01401
G1 X66.459 Y28.184 E.01402
G1 X65.988 Y27.965 E.01402
G1 X65.57 Y27.657 E.01401
G1 X65.222 Y27.272 E.014
G1 X64.956 Y26.826 E.01401
G1 X64.784 Y26.335 E.01404
G1 X64.74 Y26.067 E.00733
G1 X64.736 Y25.911 E.00421
G1 X65.14 Y25.831 F9000
G1 F1800
G1 X65.132 Y25.495 E.00907
G1 X65.229 Y25.023 E.013
G1 X65.47 Y24.523 E.01498
G1 X65.744 Y24.181 E.01183
G1 X66.081 Y23.899 E.01186
G1 X66.467 Y23.69 E.01184
G1 X66.886 Y23.561 E.01183
G1 X67.323 Y23.518 E.01185
G1 X67.76 Y23.563 E.01185
G1 X68.179 Y23.693 E.01184
G1 X68.564 Y23.903 E.01183
G1 X68.899 Y24.186 E.01183
G1 X69.172 Y24.529 E.01183
G1 X69.372 Y24.92 E.01185
G1 X69.49 Y25.343 E.01185
G1 X69.522 Y25.78 E.01182
G1 X69.467 Y26.216 E.01186
G1 X69.326 Y26.631 E.01183
G1 X69.077 Y27.044 E.01301
G1 X68.685 Y27.446 E.01515
G1 X68.279 Y27.706 E.01301
G1 X67.752 Y27.882 E.01499
G1 X67.316 Y27.925 E.01182
G1 X66.879 Y27.881 E.01185
G1 X66.46 Y27.751 E.01184
G1 X66.075 Y27.54 E.01185
G1 X65.739 Y27.258 E.01184
G1 X65.466 Y26.914 E.01185
G1 X65.267 Y26.524 E.01181
G1 X65.146 Y26.057 E.01302
G1 X65.142 Y25.891 E.00448
G1 X65.538 Y25.9 F9000
;TYPE:External perimeter
;WIDTH:0.419999
G1 F1800
G1 X65.527 Y25.486 E.01062
G1 X65.626 Y25.085 E.0106
G1 X65.786 Y24.762 E.00925
G1 X66.006 Y24.477 E.00924
G1 X66.279 Y24.242 E.00924
G1 X66.593 Y24.065 E.00925
G1 X66.936 Y23.954 E.00925
G1 X67.293 Y23.913 E.00922
G1 X67.652 Y23.944 E.00924
G1 X67.998 Y24.045 E.00925
G1 X68.317 Y24.213 E.00925
G1 X68.596 Y24.44 E.00923
G1 X68.825 Y24.719 E.00926
G1 X68.994 Y25.037 E.00924
G1 X69.096 Y25.382 E.00923
G1 X69.128 Y25.741 E.00925
G1 X69.089 Y26.099 E.00924
G1 X68.979 Y26.442 E.00924
G1 X68.794 Y26.767 E.00959
G1 X68.401 Y27.17 E.01444
G1 X68.046 Y27.379 E.01057
G1 X67.703 Y27.49 E.00925
G1 X67.345 Y27.531 E.00924
G1 X66.986 Y27.5 E.00924
G1 X66.641 Y27.399 E.00922
G1 X66.322 Y27.231 E.00925
G1 X66.042 Y27.004 E.00925
G1 X65.814 Y26.725 E.00924
G1 X65.645 Y26.407 E.00924
G1 X65.541 Y26.047 E.00961
G1 X65.539 Y25.96 E.00223
G1 E-3.5 F3600
;WIPE_START
G1 F7200
G1 X65.538 Y25.9 E-.0285
G1 X65.527 Y25.486 E-.19672
G1 X65.626 Y25.085 E-.19619
G1 X65.786 Y24.762 E-.17122
G1 X66.006 Y24.477 E-.17102
G1 X66.279 Y24.242 E-.1711
G1 X66.593 Y24.065 E-.17121
G1 X66.936 Y23.954 E-.17124
G1 X67.293 Y23.913 E-.17069
G1 X67.402 Y23.922 E-.05211
;WIPE_END
G1 X61.524 Y18.016 F9000
G1 E5 F2400
;TYPE:Perimeter
;WIDTH:0.439999
G1 F3600
G1 X61.304 Y17.827 E.00783
G1 X60.837 Y17.711 E.01298
G1 X28.674 Y17.711 E.86791
G1 X28.334 Y17.827 E.00969
G1 X28.007 Y18.108 E.01163
G1 X27.848 Y18.426 E.00959
G1 X27.808 Y18.705 E.00761
G1 X27.808 Y184.711 E4.47964
G1 X18.331 Y184.711 E.25574
G1 X18.331 Y16.733 E4.53286
G1 X71.308 Y16.733 E1.42957
G1 X71.308 Y184.711 E4.53286
G1 X61.831 Y184.711 E.25574
G1 X61.831 Y18.705 E4.47964
G1 X61.791 Y18.426 E.00761
G1 X61.632 Y18.108 E.00959
G1 X61.57 Y18.055 E.0022
G1 X61.243 Y18.297 F9000
G1 F3600
G1 X61.113 Y18.185 E.00463
G1 X60.837 Y18.116 E.00768
G1 X28.802 Y18.116 E.86446
G1 X28.525 Y18.185 E.0077
G1 X28.331 Y18.352 E.00691
G1 X28.237 Y18.54 E.00567
G1 X28.214 Y18.705 E.0045
G1 X28.214 Y185.116 E4.49057
G1 X17.925 Y185.116 E.27765
G1 X17.925 Y16.328 E4.55471
G1 X71.714 Y16.328 E1.45149
G1 X71.714 Y185.116 E4.55471
G1 X61.425 Y185.116 E.27765
G1 X61.425 Y18.587 E4.49375
G1 X61.307 Y18.352 E.0071
G1 X61.289 Y18.336 E.00065
G1 X60.962 Y18.575 F9000
;TYPE:External perimeter
;WIDTH:0.419999
G1 F1800
G1 X60.837 Y18.512 E.00359
G1 X28.802 Y18.512 E.82184
G1 X28.648 Y18.589 E.00442
G1 X28.609 Y18.705 E.00314
G1 X28.609 Y185.512 E4.27933
G1 X17.529 Y185.512 E.28425
G1 X17.529 Y15.932 E4.35047
G1 X72.109 Y15.932 E1.40022
G1 X72.109 Y185.512 E4.35047
G1 X61.029 Y185.512 E.28425
G1 X61.029 Y18.705 E4.27933
G1 X61 Y18.615 E.00243
G1 X61.443 Y17.091 F9000
;TYPE:Solid infill
;WIDTH:0.565258
G1 F3600
G1 X61.396 Y17.044 E.00235
G1 X61.332 Y17.061 E.00234
G1 X61.315 Y17.125 E.00234
G1 X61.362 Y17.172 E.00235
G1 X61.426 Y17.155 E.00234
;WIDTH:0.439999
G1 X61.532 Y17.617 E.01279
G1 X62.104 Y17.046 E.02181
G1 X62.677 Y17.046 E.01546
G1 X61.841 Y17.882 E.0319
G1 X62.048 Y18.249 E.01137
G1 X63.251 Y17.046 E.04591
G1 X63.825 Y17.046 E.01549
G1 X62.143 Y18.727 E.06417
G1 X62.143 Y19.301 E.01549
G1 X64.398 Y17.046 E.08606
G1 X64.972 Y17.046 E.01549
G1 X62.143 Y19.875 E.10796
G1 X62.143 Y20.448 E.01546
G1 X65.546 Y17.046 E.12985
G1 X66.12 Y17.046 E.01549
G1 X62.143 Y21.022 E.15175
G1 X62.143 Y21.596 E.01549
G1 X66.693 Y17.046 E.17364
G1 X67.267 Y17.046 E.01549
G1 X62.143 Y22.169 E.19552
G1 X62.143 Y22.743 E.01549
G1 X67.841 Y17.046 E.21743
G1 X68.414 Y17.046 E.01546
G1 X62.143 Y23.317 E.23932
G1 X62.143 Y23.89 E.01546
G1 X68.988 Y17.046 E.2612
G1 X69.562 Y17.046 E.01549
G1 X62.143 Y24.464 E.28311
G1 X62.143 Y25.038 E.01549
G1 X70.135 Y17.046 E.30499
G1 X71.121 Y16.951 F9000
;WIDTH:0.374336
G1 F3600
G1 X71.05 Y16.931 E.00167
G1 X71.069 Y17.003 E.00168
G1 X71.11 Y16.992 E.00096
;WIDTH:0.407168
G1 X70.909 Y17.019 E.00503
;WIDTH:0.439999
G1 X70.709 Y17.046 E.00545
G1 X62.143 Y25.612 E.3269
G1 X62.143 Y26.185 E.01546
G1 X70.996 Y17.333 E.33783
G1 X70.996 Y17.906 E.01546
G1 X62.143 Y26.759 E.33785
G1 X62.104 Y26.897 E.00387
;WIDTH:0.407168
G1 X62.065 Y27.035 E.00356
;WIDTH:0.374336
G1 X61.994 Y27.016 E.00166
G1 X62.013 Y27.087 E.00166
G1 X62.054 Y27.076 E.00096
;WIDTH:0.439999
G1 X62.143 Y27.333 E.00734
G1 X64.501 Y24.975 E.08999
G1 X64.606 Y24.847 E.00447
;WIDTH:0.407168
G1 X64.712 Y24.718 E.00414
;WIDTH:0.374336
G1 X64.67 Y24.729 E.00098
G1 X64.651 Y24.658 E.00166
G1 X64.723 Y24.677 E.00168
G1 X64.417 Y25.632 F9000
;WIDTH:0.439999
G1 F3600
G1 X62.143 Y27.906 E.08678
G1 E-3.5
;WIPE_START
G1 F7200
G1 X64.376 Y25.673 E-1.5
;WIPE_END
G1 X64.316 Y26.308 F9000
G1 E5 F2400
G1 F3600
G1 X62.286 Y28.337 E.07745
G1 X62.143 Y28.337 E.00386
G1 X62.143 Y30.201 E.0503
G1 X64.939 Y27.405 E.1067
G1 X64.671 Y26.95 E.01425
G1 X64.49 Y26.442 E.01455
G1 X64.459 Y26.164 E.00755
G1 X64.242 Y26.955 F9000
;WIDTH:0.43999
G1 F3600
G1 X64.429 Y27.342 E.0116
G1 X62.549 Y29.222 E.07174
G1 X62.573 Y28.623 E.01618
G1 X64.099 Y27.098 E.05822
G1 X65.194 Y27.724 F9000
;WIDTH:0.439999
G1 F3600
G1 X62.143 Y30.775 E.11643
G1 X62.143 Y31.349 E.01549
G1 X65.495 Y27.996 E.12794
G1 X65.831 Y28.234 E.01111
G1 X62.143 Y31.922 E.14074
G1 X62.143 Y32.496 E.01549
G1 X66.216 Y28.423 E.15544
G1 X66.65 Y28.562 E.0123
G1 X62.143 Y33.07 E.17202
G1 X62.143 Y33.643 E.01546
G1 X67.153 Y28.633 E.19119
G1 X67.754 Y28.606 E.01623
G1 X62.143 Y34.217 E.21413
G1 X62.143 Y34.791 E.01549
G1 X68.579 Y28.354 E.24563
G1 E-3.5
;WIPE_START
G1 F7200
G1 X66.346 Y30.587 E-1.5
;WIPE_END
G1 X66.531 Y23.079 F9000
G1 E5 F2400
;WIDTH:0.374336
G1 F3600
G1 X66.443 Y23.098 E.00204
G1 X66.291 Y23.074 E.00348
;WIDTH:0.407168
G1 X66.435 Y22.986 E.00419
;WIDTH:0.439999
G1 X66.578 Y22.898 E.00453
G1 X70.996 Y18.48 E.1686
G1 X70.996 Y19.054 E.01549
G1 X67.244 Y22.805 E.14317
G1 X67.784 Y22.839 E.0146
G1 X70.996 Y19.627 E.12258
G1 X70.996 Y20.201 E.01549
G1 X68.243 Y22.953 E.10504
G1 X68.645 Y23.125 E.0118
G1 X70.996 Y20.775 E.0897
G1 X70.996 Y26.104 E.1438
G1 X70.876 Y26.08 E.0033
G1 X70.809 Y26.124 E.00216
G1 X70.537 Y25.953 E.00867
G1 X70.352 Y26.008 E.00521
G1 X70.2 Y26.16 E.0058
G1 X70.235 Y25.579 E.01571
G1 X70.149 Y25.004 E.01569
G1 X69.951 Y24.457 E.0157
G1 X69.648 Y23.961 E.01568
G1 X69.283 Y23.562 E.01459
G1 X68.996 Y23.348 E.00966
G1 X70.852 Y21.492 E.07083
G1 X70.59 Y22.328 F9000
G1 F3600
G1 X70.59 Y24.317 E.05367
;WIDTH:0.47311
G1 X70.573 Y24.964 E.01889
G1 X70.543 Y24.864 E.00305
;WIDTH:0.464275
G1 X70.298 Y24.248 E.01896
;WIDTH:0.439999
G1 X69.947 Y23.687 E.01786
G1 X69.605 Y23.313 E.01368
G1 X70.447 Y22.471 E.03213
G1 X70.228 Y23.312 F9000
;WIDTH:0.455314
G1 F3600
G1 X70.19 Y23.275 E.00149
G1 X70.139 Y23.288 E.00147
G1 X70.126 Y23.339 E.00147
G1 X70.163 Y23.377 E.00149
G1 X70.214 Y23.363 E.00148
G1 X70.573 Y24.964 F9000
;WIDTH:0.47311
G1 F3600
G1 X70.593 Y25.244 E.00819
;WIDTH:0.433087
G1 X70.613 Y25.525 E.00747
;WIDTH:0.393064
G1 X70.616 Y25.582 E.00136
G1 X70.495 Y26.438 F9000
;WIDTH:0.439999
G1 F3600
G1 X69.955 Y26.979 E.02063
G1 X69.842 Y27.122 E.00492
;WIDTH:0.407168
G1 X69.729 Y27.266 E.00454
;WIDTH:0.374336
G1 X69.535 Y27.499 E.00686
G1 X68.866 Y28.128 E.02077
G1 E-3.5
;WIPE_START
G1 F7200
G1 X69.535 Y27.499 E-.43617
G1 X69.729 Y27.266 E-.14402
G1 X69.842 Y27.122 E-.08695
G1 X69.955 Y26.979 E-.08657
G1 X70.495 Y26.438 E-.36308
;WIPE_END
G1 E-.38321 F3600
G1 X70.953 Y26.555 F9000
G1 E5 F2400
;WIDTH:0.439999
G1 F3600
G1 X62.143 Y35.364 E.33619
G1 X62.143 Y35.938 E.01549
G1 X70.996 Y27.085 E.33785
G1 X70.996 Y27.659 E.01549
G1 X62.143 Y36.512 E.33785
G1 X62.143 Y37.085 E.01546
G1 X70.996 Y28.233 E.33783
G1 X70.996 Y28.807 E.01549
G1 X62.143 Y37.659 E.33783
G1 X62.143 Y38.233 E.01549
G1 X70.996 Y29.38 E.33785
G1 X70.996 Y29.954 E.01549
G1 X62.143 Y38.807 E.33785
G1 X62.143 Y39.38 E.01546
G1 X70.996 Y30.528 E.33783
G1 X70.996 Y31.101 E.01546
G1 X62.143 Y39.954 E.33785
G1 X62.143 Y40.528 E.01549
G1 X70.996 Y31.675 E.33785
G1 X70.996 Y32.249 E.01549
G1 X62.143 Y41.101 E.33783
G1 X62.143 Y41.675 E.01549
G1 X70.996 Y32.822 E.33785
G1 X70.996 Y33.396 E.01549
G1 X62.143 Y42.249 E.33785
G1 X62.143 Y42.822 E.01546
G1 X70.996 Y33.97 E.33783
G1 X70.996 Y34.543 E.01546
G1 X62.143 Y43.396 E.33785
G1 X62.143 Y43.97 E.01549
G1 X70.996 Y35.117 E.33785
G1 X70.996 Y35.691 E.01549
G1 X62.143 Y44.543 E.33783
G1 X62.143 Y45.117 E.01549
G1 X70.996 Y36.265 E.33783
G1 X70.996 Y36.838 E.01546
G1 X62.143 Y45.691 E.33785
G1 X62.143 Y46.265 E.01549
G1 X70.996 Y37.412 E.33785
G1 X70.996 Y37.986 E.01549
G1 X62.143 Y46.838 E.33783
G1 X62.143 Y47.412 E.01549
G1 X70.996 Y38.559 E.33785
G1 X70.996 Y39.133 E.01549
G1 X62.143 Y47.986 E.33785
G1 X62.143 Y48.559 E.01546
G1 X70.996 Y39.707 E.33783
G1 X70.996 Y40.28 E.01546
G1 X62.143 Y49.133 E.33785
G1 X62.143 Y49.707 E.01549
G1 X70.996 Y40.854 E.33785
G1 X70.996 Y41.428 E.01549
G1 X62.143 Y50.28 E.33783
G1 X62.143 Y50.854 E.01549
G1 X70.996 Y42.001 E.33785
G1 X70.996 Y42.575 E.01549
G1 X62.143 Y51.428 E.33785
G1 X62.143 Y52.001 E.01546
G1 X70.996 Y43.149 E.33783
G1 X70.996 Y43.723 E.01549
G1 X62.143 Y52.575 E.33783
G1 X62.143 Y53.149 E.01549
G1 X70.996 Y44.296 E.33785
G1 X70.996 Y44.87 E.01549
G1 X62.143 Y53.723 E.33785
G1 X62.143 Y54.296 E.01546
G1 X70.996 Y45.444 E.33783
G1 X70.996 Y46.017 E.01546
G1 X62.143 Y54.87 E.33785
G1 X62.143 Y55.444 E.01549
G1 X70.996 Y46.591 E.33785
G1 X70.996 Y47.165 E.01549
G1 X62.143 Y56.017 E.33783
G1 X62.143 Y56.591 E.01549
G1 X70.996 Y47.738 E.33785
G1 X70.996 Y48.312 E.01549
G1 X62.143 Y57.165 E.33785
G1 X62.143 Y57.738 E.01546
G1 X70.996 Y48.886 E.33783
G1 X70.996 Y49.459 E.01546
G1 X62.143 Y58.312 E.33785
G1 X62.143 Y58.886 E.01549
G1 X70.996 Y50.033 E.33785
G1 X70.996 Y50.607 E.01549
G1 X62.143 Y59.46 E.33785
G1 X62.143 Y60.033 E.01546
G1 X70.996 Y51.181 E.33783
G1 X70.996 Y51.754 E.01546
G1 X62.143 Y60.607 E.33785
G1 X62.143 Y61.181 E.01549
G1 X70.996 Y52.328 E.33785
G1 X70.996 Y52.902 E.01549
G1 X62.143 Y61.754 E.33783
G1 X62.143 Y62.328 E.01549
G1 X70.996 Y53.475 E.33785
G1 X70.996 Y54.049 E.01549
G1 X62.143 Y62.902 E.33785
G1 X62.143 Y63.475 E.01546
G1 X70.996 Y54.623 E.33783
G1 X70.996 Y55.196 E.01546
G1 X62.143 Y64.049 E.33785
G1 X62.143 Y64.623 E.01549
G1 X70.996 Y55.77 E.33785
G1 X70.996 Y56.344 E.01549
G1 X62.143 Y65.196 E.33783
G1 X62.143 Y65.77 E.01549
G1 X70.996 Y56.918 E.33783
G1 X70.996 Y57.491 E.01546
G1 X62.143 Y66.344 E.33785
G1 X62.143 Y66.918 E.01549
G1 X70.996 Y58.065 E.33785
G1 X70.996 Y58.639 E.01549
G1 X62.143 Y67.491 E.33783
G1 X62.143 Y68.065 E.01549
G1 X70.996 Y59.212 E.33785
G1 X70.996 Y59.786 E.01549
G1 X62.143 Y68.639 E.33785
G1 X62.143 Y69.212 E.01546
G1 X70.996 Y60.36 E.33783
G1 X70.996 Y60.933 E.01546
G1 X62.143 Y69.786 E.33785
G1 X62.143 Y70.36 E.01549
G1 X70.996 Y61.507 E.33785
G1 X70.996 Y62.081 E.01549
G1 X62.143 Y70.933 E.33783
G1 X62.143 Y71.507 E.01549
G1 X70.996 Y62.654 E.33785
G1 X70.996 Y63.228 E.01549
G1 X62.143 Y72.081 E.33785
G1 X62.143 Y72.654 E.01546
G1 X70.996 Y63.802 E.33783
G1 X70.996 Y64.376 E.01549
G1 X62.143 Y73.228 E.33783
G1 X62.143 Y73.802 E.01549
G1 X70.996 Y64.949 E.33785
G1 X70.996 Y65.523 E.01549
G1 X62.143 Y74.376 E.33785
G1 X62.143 Y74.949 E.01546
G1 X70.996 Y66.097 E.33783
G1 X70.996 Y66.67 E.01546
G1 X62.143 Y75.523 E.33785
G1 X62.143 Y76.097 E.01549
G1 X70.996 Y67.244 E.33785
G1 X70.996 Y67.818 E.01549
G1 X62.143 Y76.67 E.33783
G1 X62.143 Y77.244 E.01549
G1 X70.996 Y68.391 E.33785
G1 X70.996 Y68.965 E.01549
G1 X62.143 Y77.818 E.33785
G1 X62.143 Y78.391 E.01546
G1 X70.996 Y69.539 E.33783
G1 X70.996 Y70.112 E.01546
G1 X62.143 Y78.965 E.33785
G1 X62.143 Y79.539 E.01549
G1 X70.996 Y70.686 E.33785
G1 X70.996 Y71.26 E.01549
G1 X62.143 Y80.113 E.33785
G1 X62.143 Y80.686 E.01546
G1 X70.996 Y71.834 E.33783
G1 X70.996 Y72.407 E.01546
G1 X62.143 Y81.26 E.33785
G1 X62.143 Y81.834 E.01549
G1 X70.996 Y72.981 E.33785
G1 X70.996 Y73.555 E.01549
G1 X62.143 Y82.407 E.33783
G1 X62.143 Y82.981 E.01549
G1 X70.996 Y74.128 E.33785
G1 X70.996 Y74.702 E.01549
G1 X62.143 Y83.555 E.33785
G1 X62.143 Y84.128 E.01546
G1 X70.996 Y75.276 E.33783
G1 X70.996 Y75.849 E.01546
G1 X62.143 Y84.702 E.33785
G1 X62.143 Y85.276 E.01549
G1 X70.996 Y76.423 E.33785
G1 X70.996 Y76.997 E.01549
G1 X62.143 Y85.849 E.33783
G1 X62.143 Y86.423 E.01549
G1 X70.996 Y77.57 E.33785
G1 X70.996 Y78.144 E.01549
G1 X62.143 Y86.997 E.33785
G1 X62.143 Y87.571 E.01549
G1 X70.996 Y78.718 E.33785
G1 X70.996 Y79.292 E.01549
G1 X62.143 Y88.144 E.33783
G1 X62.143 Y88.718 E.01549
G1 X70.996 Y79.865 E.33785
G1 X70.996 Y80.439 E.01549
G1 X62.143 Y89.292 E.33785
G1 X62.143 Y89.865 E.01546
G1 X70.996 Y81.013 E.33783
G1 X70.996 Y81.586 E.01546
G1 X62.143 Y90.439 E.33785
G1 X62.143 Y91.013 E.01549
G1 X70.996 Y82.16 E.33785
G1 X70.996 Y82.734 E.01549
G1 X62.143 Y91.586 E.33783
G1 X62.143 Y92.16 E.01549
G1 X70.996 Y83.307 E.33785
G1 X70.996 Y83.881 E.01549
G1 X62.143 Y92.734 E.33785
G1 X62.143 Y93.307 E.01546
G1 X70.996 Y84.455 E.33783
G1 X70.996 Y85.029 E.01549
G1 X62.143 Y93.881 E.33783
G1 X62.143 Y94.455 E.01549
G1 X70.996 Y85.602 E.33785
G1 X70.996 Y86.176 E.01549
G1 X62.143 Y95.029 E.33785
G1 X62.143 Y95.602 E.01546
G1 X70.996 Y86.75 E.33783
G1 X70.996 Y87.323 E.01546
G1 X62.143 Y96.176 E.33785
G1 X62.143 Y96.75 E.01549
G1 X70.996 Y87.897 E.33785
G1 X70.996 Y88.471 E.01549
G1 X62.143 Y97.323 E.33783
G1 X62.143 Y97.897 E.01549
G1 X70.996 Y89.044 E.33785
G1 X70.996 Y89.618 E.01549
G1 X62.143 Y98.471 E.33785
G1 X62.143 Y99.044 E.01546
G1 X70.996 Y90.192 E.33783
G1 X70.996 Y90.765 E.01546
G1 X62.143 Y99.618 E.33785
G1 X62.143 Y100.192 E.01549
G1 X70.996 Y91.339 E.33785
G1 X70.996 Y91.913 E.01549
G1 X62.143 Y100.765 E.33783
G1 X62.054 Y101.656 F9000
;WIDTH:0.374336
G1 F3600
G1 X62.013 Y101.667 E.00096
G1 X61.994 Y101.596 E.00166
G1 X62.065 Y101.615 E.00166
;WIDTH:0.407168
G1 X62.104 Y101.477 E.00356
;WIDTH:0.439999
G1 X62.143 Y101.339 E.00387
G1 X70.996 Y92.487 E.33783
G1 X70.996 Y93.06 E.01546
G1 X65.856 Y98.2 E.19615
G1 X65.713 Y98.32 E.00504
;WIDTH:0.407347
G1 X65.569 Y98.441 E.00467
;WIDTH:0.375172
G1 X65.03 Y98.98 E.01728
;WIDTH:0.439999
G1 X64.789 Y99.267 E.01011
G1 X62.143 Y101.913 E.10098
G1 X62.143 Y102.487 E.01549
G1 X64.451 Y100.179 E.08808
G1 X64.547 Y100.051 E.00432
;WIDTH:0.407168
G1 X64.643 Y99.922 E.00399
;WIDTH:0.374336
G1 X64.602 Y99.933 E.00096
G1 X64.583 Y99.862 E.00166
G1 X64.654 Y99.881 E.00166
G1 X64.425 Y100.778 F9000
;WIDTH:0.439999
G1 F3600
G1 X64.433 Y101.11 E.00896
G1 X64.576 Y101.717 E.01683
G1 X64.78 Y102.145 E.01279
G1 X62.143 Y104.781 E.10061
G1 X62.143 Y102.917 E.0503
G1 X62.286 Y102.917 E.00386
G1 X64.282 Y100.921 E.07617
G1 X64.14 Y101.637 E.0197
G1 X64.288 Y102.063 E.01217
G1 X62.549 Y103.802 E.06636
G1 X62.573 Y103.204 E.01615
G1 X63.997 Y101.78 E.05434
G1 X65.002 Y102.496 F9000
G1 F3600
G1 X62.077 Y105.427 E.11174
;WIDTH:0.407168
G1 X62.011 Y105.5 E.00244
;WIDTH:0.374336
G1 X61.94 Y105.481 E.00166
G1 X61.959 Y105.552 E.00166
G1 X62 Y105.541 E.00096
;WIDTH:0.439999
G1 X62.143 Y105.929 E.01116
G1 X65.271 Y102.8 E.11939
G1 X65.581 Y103.065 E.01101
G1 X62.143 Y106.502 E.13118
G1 X62.143 Y107.076 E.01549
G1 X65.932 Y103.287 E.1446
G1 X66.326 Y103.467 E.01169
G1 X62.143 Y107.65 E.15963
G1 X62.143 Y108.224 E.01549
G1 X66.777 Y103.589 E.17686
G1 X67.299 Y103.641 E.01416
G1 X62.143 Y108.797 E.19676
G1 X62.143 Y109.371 E.01549
G1 X67.941 Y103.573 E.22126
G1 X68.93 Y103.157 F9000
G1 F3600
G1 X62.143 Y109.945 E.25903
G1 E-3.5
;WIPE_START
G1 F7200
G1 X64.376 Y107.712 E-1.5
;WIPE_END
G1 X66.52 Y98.052 F9000
G1 E5 F2400
;WIDTH:0.374336
G1 F3600
G1 X66.479 Y98.063 E.00096
G1 X66.46 Y97.992 E.00166
G1 X66.531 Y98.011 E.00166
;WIDTH:0.407168
G1 X66.654 Y97.932 E.00363
;WIDTH:0.439999
G1 X66.777 Y97.853 E.00394
G1 X70.996 Y93.634 E.16101
G1 X70.996 Y94.208 E.01549
G1 X67.399 Y97.804 E.13725
G1 X67.913 Y97.864 E.01396
G1 X70.996 Y94.781 E.11765
G1 X70.996 Y95.355 E.01549
G1 X68.356 Y97.994 E.10073
G1 X68.747 Y98.177 E.01165
G1 X70.996 Y95.929 E.08581
G1 X70.996 Y101.197 E.14216
G1 X70.913 Y101.2 E.00224
G1 X70.757 Y101.044 E.00595
G1 X70.611 Y100.985 E.00425
G1 X70.47 Y101.044 E.00412
G1 X70.151 Y101.363 E.01217
G1 X70.225 Y100.946 E.01143
G1 X70.205 Y100.334 E.01652
G1 X70.048 Y99.683 E.01807
G1 X69.788 Y99.163 E.01569
G1 X69.458 Y98.735 E.01458
G1 X69.089 Y98.409 E.01329
G1 X70.852 Y96.646 E.06728
G1 E-3.5
;WIPE_START
G1 F7200
G1 X69.089 Y98.409 E-1.1843
G1 X69.458 Y98.735 E-.23388
G1 X69.563 Y98.872 E-.08182
;WIPE_END
G1 X70.594 Y100.04 F9000
G1 E5 F2400
G1 F3600
G1 X70.59 Y97.482 E.06903
G1 X69.684 Y98.388 E.03458
G1 X70.109 Y98.916 E.01829
G1 X70.412 Y99.505 E.01787
G1 X70.595 Y100.242 E.02049
;WIDTH:0.424038
G1 X70.599 Y100.276 E.00089
;WIDTH:0.422546
G1 X70.606 Y100.595 E.00824
G1 X70.613 Y101.474 F9000
;WIDTH:0.439999
G1 F3600
G1 X69.754 Y102.334 E.0328
G1 X69.502 Y102.621 E.01031
;WIDTH:0.403254
G1 X69.217 Y102.896 E.00972
G1 E-3.5
;WIPE_START
G1 F7200
G1 X69.502 Y102.621 E-.18812
G1 X69.754 Y102.334 E-.18142
G1 X70.613 Y101.474 E-.57737
;WIPE_END
G1 E-.55309 F3600
G1 X70.996 Y101.666 F9000
G1 E5 F2400
;WIDTH:0.439999
G1 F3600
G1 X62.143 Y110.518 E.33783
G1 X62.143 Y111.092 E.01549
G1 X70.996 Y102.239 E.33785
G1 X70.996 Y102.813 E.01549
G1 X62.143 Y111.666 E.33785
G1 X62.143 Y112.239 E.01546
G1 X70.996 Y103.387 E.33783
G1 X70.996 Y103.96 E.01546
G1 X62.143 Y112.813 E.33785
G1 X62.143 Y113.387 E.01549
G1 X70.996 Y104.534 E.33785
G1 X70.996 Y105.108 E.01549
G1 X62.143 Y113.96 E.33783
G1 X62.143 Y114.534 E.01549
G1 X70.996 Y105.682 E.33783
G1 X70.996 Y106.255 E.01546
G1 X62.143 Y115.108 E.33785
G1 X62.143 Y115.682 E.01549
G1 X70.996 Y106.829 E.33785
G1 X70.996 Y107.403 E.01549
G1 X62.143 Y116.255 E.33783
G1 X62.143 Y116.829 E.01549
G1 X70.996 Y107.976 E.33785
G1 X70.996 Y108.55 E.01549
G1 X62.143 Y117.403 E.33785
G1 X62.143 Y117.976 E.01546
G1 X70.996 Y109.124 E.33783
G1 X70.996 Y109.697 E.01546
G1 X62.143 Y118.55 E.33785
G1 X62.143 Y119.124 E.01549
G1 X70.996 Y110.271 E.33785
G1 X70.996 Y110.845 E.01549
G1 X62.143 Y119.697 E.33783
G1 X62.143 Y120.271 E.01549
G1 X70.996 Y111.418 E.33785
G1 X70.996 Y111.992 E.01549
G1 X62.143 Y120.845 E.33785
G1 X62.143 Y121.418 E.01546
G1 X70.996 Y112.566 E.33783
G1 X70.996 Y113.14 E.01549
G1 X62.143 Y121.992 E.33783
G1 X62.143 Y122.566 E.01549
G1 X70.996 Y113.713 E.33785
G1 X70.996 Y114.287 E.01549
G1 X62.143 Y123.14 E.33785
G1 X62.143 Y123.713 E.01546
G1 X70.996 Y114.861 E.33783
G1 X70.996 Y115.434 E.01546
G1 X62.143 Y124.287 E.33785
G1 X62.143 Y124.861 E.01549
G1 X70.996 Y116.008 E.33785
G1 X70.996 Y116.582 E.01549
G1 X62.143 Y125.434 E.33783
G1 X62.143 Y126.008 E.01549
G1 X70.996 Y117.155 E.33785
G1 X70.996 Y117.729 E.01549
G1 X62.143 Y126.582 E.33785
G1 X62.143 Y127.155 E.01546
G1 X70.996 Y118.303 E.33783
G1 X70.996 Y118.876 E.01546
G1 X62.143 Y127.729 E.33785
G1 X62.143 Y128.303 E.01549
G1 X70.996 Y119.45 E.33785
G1 X70.996 Y120.024 E.01549
G1 X62.143 Y128.876 E.33783
G1 X62.143 Y129.45 E.01549
G1 X70.996 Y120.598 E.33783
G1 X70.996 Y121.171 E.01546
G1 X62.143 Y130.024 E.33785
G1 X62.143 Y130.598 E.01549
G1 X70.996 Y121.745 E.33785
G1 X70.996 Y122.319 E.01549
G1 X62.143 Y131.171 E.33783
G1 X62.143 Y131.745 E.01549
G1 X70.996 Y122.892 E.33785
G1 X70.996 Y123.466 E.01549
G1 X62.143 Y132.319 E.33785
G1 X62.143 Y132.892 E.01546
G1 X70.996 Y124.04 E.33783
G1 X70.996 Y124.613 E.01546
G1 X62.143 Y133.466 E.33785
G1 X62.143 Y134.04 E.01549
G1 X70.996 Y125.187 E.33785
G1 X70.996 Y125.761 E.01549
G1 X62.143 Y134.613 E.33783
G1 X62.143 Y135.187 E.01549
G1 X70.996 Y126.334 E.33785
G1 X70.996 Y126.908 E.01549
G1 X62.143 Y135.761 E.33785
G1 X62.143 Y136.335 E.01549
G1 X70.996 Y127.482 E.33785
G1 X70.996 Y128.056 E.01549
G1 X62.143 Y136.908 E.33783
G1 X62.143 Y137.482 E.01549
G1 X70.996 Y128.629 E.33785
G1 X70.996 Y129.203 E.01549
G1 X62.143 Y138.056 E.33785
G1 X62.143 Y138.629 E.01546
G1 X70.996 Y129.777 E.33783
G1 X70.996 Y130.35 E.01546
G1 X62.143 Y139.203 E.33785
G1 X62.143 Y139.777 E.01549
G1 X70.996 Y130.924 E.33785
G1 X70.996 Y131.498 E.01549
G1 X62.143 Y140.35 E.33783
G1 X62.143 Y140.924 E.01549
G1 X70.996 Y132.071 E.33785
G1 X70.996 Y132.645 E.01549
G1 X62.143 Y141.498 E.33785
G1 X62.143 Y142.071 E.01546
G1 X70.996 Y133.219 E.33783
G1 X70.996 Y133.793 E.01549
G1 X62.143 Y142.645 E.33783
G1 X62.143 Y143.219 E.01549
G1 X70.996 Y134.366 E.33785
G1 X70.996 Y134.94 E.01549
G1 X62.143 Y143.793 E.33785
G1 X62.143 Y144.366 E.01546
G1 X70.996 Y135.514 E.33783
G1 X70.996 Y136.087 E.01546
G1 X62.143 Y144.94 E.33785
G1 X62.143 Y145.514 E.01549
G1 X70.996 Y136.661 E.33785
G1 X70.996 Y137.235 E.01549
G1 X62.143 Y146.087 E.33783
G1 X62.143 Y146.661 E.01549
G1 X70.996 Y137.808 E.33785
G1 X70.996 Y138.382 E.01549
G1 X62.143 Y147.235 E.33785
G1 X62.143 Y147.808 E.01546
G1 X70.996 Y138.956 E.33783
G1 X70.996 Y139.529 E.01546
G1 X62.143 Y148.382 E.33785
G1 X62.143 Y148.956 E.01549
G1 X70.996 Y140.103 E.33785
G1 X70.996 Y140.677 E.01549
G1 X62.143 Y149.529 E.33783
G1 X62.143 Y150.103 E.01549
G1 X70.996 Y141.251 E.33783
G1 X70.996 Y141.824 E.01546
G1 X62.143 Y150.677 E.33785
G1 X62.143 Y151.251 E.01549
G1 X70.996 Y142.398 E.33785
G1 X70.996 Y142.972 E.01549
G1 X62.143 Y151.824 E.33783
G1 X62.143 Y152.398 E.01549
G1 X70.996 Y143.545 E.33785
G1 X70.996 Y144.119 E.01549
G1 X62.143 Y152.972 E.33785
G1 X62.143 Y153.545 E.01546
G1 X70.996 Y144.693 E.33783
G1 X70.996 Y145.266 E.01546
G1 X62.143 Y154.119 E.33785
G1 X62.143 Y154.693 E.01549
G1 X70.996 Y145.84 E.33785
G1 X70.996 Y146.414 E.01549
G1 X62.143 Y155.266 E.33783
G1 X62.143 Y155.84 E.01549
G1 X70.996 Y146.987 E.33785
G1 X70.996 Y147.561 E.01549
G1 X62.143 Y156.414 E.33785
G1 X62.143 Y156.988 E.01549
G1 X70.996 Y148.135 E.33785
G1 X70.996 Y148.709 E.01549
G1 X62.143 Y157.561 E.33783
G1 X62.143 Y158.135 E.01549
G1 X70.996 Y149.282 E.33785
G1 X70.996 Y149.856 E.01549
G1 X62.143 Y158.709 E.33785
G1 X62.143 Y159.282 E.01546
G1 X70.996 Y150.43 E.33783
G1 X70.996 Y151.003 E.01546
G1 X62.143 Y159.856 E.33785
G1 X62.143 Y160.43 E.01549
G1 X70.996 Y151.577 E.33785
G1 X70.996 Y152.151 E.01549
G1 X62.143 Y161.003 E.33783
G1 X62.143 Y161.577 E.01549
G1 X70.996 Y152.724 E.33785
G1 X70.996 Y153.298 E.01549
G1 X62.143 Y162.151 E.33785
G1 X62.143 Y162.724 E.01546
G1 X70.996 Y153.872 E.33783
G1 X70.996 Y154.445 E.01546
G1 X62.143 Y163.298 E.33785
G1 X62.143 Y163.872 E.01549
G1 X70.996 Y155.019 E.33785
G1 X70.996 Y155.593 E.01549
G1 X62.143 Y164.446 E.33785
G1 X62.143 Y165.019 E.01546
G1 X70.996 Y156.167 E.33783
G1 X70.996 Y156.74 E.01546
G1 X62.143 Y165.593 E.33785
G1 X62.143 Y166.167 E.01549
G1 X70.996 Y157.314 E.33785
G1 X70.996 Y157.888 E.01549
G1 X62.143 Y166.74 E.33783
G1 X62.143 Y167.314 E.01549
G1 X70.996 Y158.461 E.33785
G1 X70.996 Y159.035 E.01549
G1 X62.143 Y167.888 E.33785
G1 X62.143 Y168.461 E.01546
G1 X70.996 Y159.609 E.33783
G1 X70.996 Y160.182 E.01546
G1 X62.143 Y169.035 E.33785
G1 X62.143 Y169.609 E.01549
G1 X70.996 Y160.756 E.33785
G1 X70.996 Y161.33 E.01549
G1 X62.143 Y170.182 E.33783
G1 X62.143 Y170.756 E.01549
G1 X70.996 Y161.904 E.33783
G1 X70.996 Y162.477 E.01546
G1 X62.143 Y171.33 E.33785
G1 X62.143 Y171.904 E.01549
G1 X70.996 Y163.051 E.33785
G1 X70.996 Y163.625 E.01549
G1 X62.143 Y172.477 E.33783
G1 X62.143 Y173.051 E.01549
G1 X70.996 Y164.198 E.33785
G1 X70.996 Y164.772 E.01549
G1 X62.143 Y173.625 E.33785
G1 X62.143 Y174.198 E.01546
G1 X70.996 Y165.346 E.33783
G1 X70.996 Y165.919 E.01546
G1 X62.143 Y174.772 E.33785
G1 X62.143 Y175.346 E.01549
G1 X70.996 Y166.493 E.33785
G1 X70.996 Y167.067 E.01549
G1 X62.143 Y175.919 E.33783
G1 X62.065 Y176.769 F9000
;WIDTH:0.374336
G1 F3600
G1 X61.994 Y176.75 E.00166
G1 X62.013 Y176.821 E.00166
G1 X62.054 Y176.81 E.00096
;WIDTH:0.407168
G1 X62.099 Y176.652 E.00407
;WIDTH:0.439999
G1 X62.143 Y176.493 E.00445
G1 X70.996 Y167.64 E.33785
G1 X70.996 Y168.214 E.01549
G1 X66.171 Y173.039 E.18413
G1 X65.884 Y173.252 E.00964
;WIDTH:0.374336
G1 X65.332 Y173.729 E.0165
G1 X64.849 Y174.287 E.01669
;WIDTH:0.407168
G1 X64.743 Y174.43 E.00441
;WIDTH:0.439999
G1 X64.636 Y174.574 E.00484
G1 X62.143 Y177.067 E.09514
G1 X62.143 Y177.64 E.01546
G1 X64.429 Y175.355 E.08722
G1 X64.433 Y176.11 E.02037
G1 X64.591 Y176.76 E.01805
G1 X64.83 Y177.248 E.01466
G1 X62.143 Y179.935 E.10254
G1 X62.143 Y178.071 E.0503
G1 X62.286 Y178.071 E.00386
G1 X64.278 Y176.079 E.07602
G1 X64.169 Y176.762 E.01866
G1 X64.338 Y177.166 E.01182
G1 X62.549 Y178.956 E.06829
G1 X62.573 Y178.358 E.01615
G1 X64.026 Y176.905 E.05545
G1 X65.072 Y177.58 F9000
G1 F3600
G1 X62.077 Y180.581 E.11441
;WIDTH:0.407168
G1 X62.011 Y180.654 E.00244
;WIDTH:0.374336
G1 X61.94 Y180.635 E.00166
G1 X61.959 Y180.706 E.00166
G1 X62 Y180.695 E.00096
;WIDTH:0.439999
G1 X62.143 Y181.083 E.01116
G1 X65.349 Y177.876 E.12237
G1 X65.67 Y178.13 E.01105
G1 X62.143 Y181.656 E.13458
G1 X62.143 Y182.23 E.01549
G1 X66.037 Y178.336 E.1486
G1 X66.445 Y178.502 E.01189
G1 X62.143 Y182.804 E.16417
G1 X62.143 Y183.377 E.01546
G1 X66.908 Y178.612 E.18184
G1 X67.459 Y178.635 E.01488
G1 X62.143 Y183.951 E.20287
G1 X62.058 Y184.544 E.01617
;WIDTH:0.374336
G1 X62.017 Y184.555 E.00096
G1 X61.997 Y184.484 E.00167
G1 X62.069 Y184.503 E.00168
;WIDTH:0.407168
G1 X62.169 Y184.45 E.00281
;WIDTH:0.439999
G1 X62.27 Y184.398 E.00307
G1 X68.149 Y178.519 E.22436
G1 X68.307 Y178.44 E.00477
;WIDTH:0.407168
G1 X68.466 Y178.362 E.00439
;WIDTH:0.374336
G1 X68.425 Y178.373 E.00096
G1 X68.406 Y178.302 E.00166
G1 X68.477 Y178.321 E.00166
G1 E-3.5
;WIPE_START
G1 F7200
G1 X68.406 Y178.302 E-.03491
G1 X68.425 Y178.373 E-.03491
G1 X68.466 Y178.362 E-.02016
G1 X68.307 Y178.44 E-.08412
G1 X68.149 Y178.519 E-.08391
G1 X66.3 Y180.368 E-1.24199
;WIPE_END
G1 X66.954 Y172.829 F9000
G1 E5 F2400
;WIDTH:0.439999
G1 F3600
G1 X70.996 Y168.788 E.15423
G1 X70.996 Y169.362 E.01549
G1 X67.543 Y172.815 E.13177
G1 X68.036 Y172.895 E.01348
G1 X70.996 Y169.935 E.11296
G1 X70.996 Y170.509 E.01549
G1 X68.467 Y173.038 E.09651
G1 X68.845 Y173.234 E.01149
G1 X70.996 Y171.083 E.08209
G1 X70.996 Y176.199 E.13805
G1 X70.894 Y176.082 E.00419
G1 X70.698 Y176.016 E.00558
G1 X70.597 Y176.071 E.0031
G1 X70.091 Y176.577 E.01931
G1 X70.193 Y176.251 E.00922
G1 X70.241 Y175.693 E.01511
G1 X70.149 Y175.004 E.01876
G1 X69.951 Y174.457 E.0157
G1 X69.648 Y173.961 E.01568
G1 X69.177 Y173.475 E.01826
G1 X70.852 Y171.8 E.06392
G1 X70.515 Y172.816 F9000
;WIDTH:0.589157
G1 F3600
G1 X70.515 Y174.601 E.06588
G1 X70.362 Y174.21 E.0155
G1 X70.084 Y173.746 E.01996
G1 X69.855 Y173.476 E.01307
G1 X70.372 Y172.959 E.02698
G1 E-3.5
;WIPE_START
G1 F7200
G1 X69.855 Y173.476 E-.3473
G1 X70.084 Y173.746 E-.16817
G1 X70.362 Y174.21 E-.25693
G1 X70.515 Y174.601 E-.19944
G1 X70.515 Y173.489 E-.52816
;WIPE_END
G1 X70.573 Y174.964 F9000
G1 E5 F2400
;WIDTH:0.47311
G1 F3600
G1 X70.595 Y175.305 E.00997
;WIDTH:0.429848
G1 X70.617 Y175.646 E.00899
G1 X70.741 Y176.501 F9000
;WIDTH:0.439999
G1 F3600
G1 X62.843 Y184.398 E.30139
G1 X63.417 Y184.398 E.01549
G1 X70.996 Y176.82 E.28921
G1 X70.996 Y177.393 E.01546
G1 X63.991 Y184.398 E.26733
G1 X64.564 Y184.398 E.01546
G1 X70.996 Y177.967 E.24544
G1 X70.996 Y178.541 E.01549
G1 X65.138 Y184.398 E.22354
G1 X65.712 Y184.398 E.01549
G1 X70.996 Y179.114 E.20165
G1 X70.996 Y179.688 E.01549
G1 X66.286 Y184.398 E.17974
G1 X66.859 Y184.398 E.01546
G1 X70.996 Y180.262 E.15786
G1 X70.996 Y180.835 E.01546
G1 X67.433 Y184.398 E.13597
G1 X68.007 Y184.398 E.01549
G1 X70.996 Y181.409 E.11407
G1 X70.996 Y181.983 E.01549
G1 X68.58 Y184.398 E.09218
G1 X69.028 Y184.601 E.01327
;WIDTH:0.374336
G1 X68.987 Y184.612 E.00096
G1 X68.968 Y184.541 E.00166
G1 X69.039 Y184.56 E.00166
;WIDTH:0.407168
G1 X69.097 Y184.479 E.00247
;WIDTH:0.439999
G1 X69.154 Y184.398 E.00267
G1 X70.996 Y182.556 E.07029
G1 X70.996 Y184.398 E.04971
G1 X69.728 Y184.398 E.03422
G1 X70.852 Y183.274 E.04289
G1 E-3.5
;WIPE_START
G1 F7200
G1 X69.728 Y184.398 E-.75505
G1 X70.996 Y184.398 E-.6023
G1 X70.996 Y184.098 E-.14265
;WIPE_END
G1 X59.502 Y17.398 F9000
G1 E5 F2400
;TYPE:Internal infill
;WIDTH:0.44
G1 F3600
G1 X60.91 Y17.413 E.038
G1 X60.91 Y17.372 E.00111
G1 X60.584 Y17.046 E.01244
G1 X59.652 Y17.046 E.02515
G1 X59.3 Y17.398 E.01343
G1 X53.287 Y17.398 E.16226
G1 X52.934 Y17.046 E.01345
G1 X52.003 Y17.046 E.02512
G1 X51.65 Y17.398 E.01345
G1 X45.638 Y17.398 E.16223
G1 X45.285 Y17.046 E.01345
G1 X44.354 Y17.046 E.02512
G1 X44.001 Y17.398 E.01345
G1 X37.988 Y17.398 E.16226
G1 X37.636 Y17.046 E.01343
G1 X36.704 Y17.046 E.02515
G1 X36.352 Y17.398 E.01343
G1 X30.339 Y17.398 E.16226
G1 X29.986 Y17.046 E.01345
G1 X29.055 Y17.046 E.02512
G1 X28.728 Y17.372 E.01246
G1 X30.136 Y17.398 E.038
G1 E-3.5
;WIPE_START
G1 F7200
G1 X28.728 Y17.372 E-.66891
G1 X29.055 Y17.046 E-.21933
G1 X29.986 Y17.046 E-.44223
G1 X30.239 Y17.298 E-.16953
;WIPE_END
G1 X18.753 Y17.078 F9000
G1 E5 F2400
;TYPE:Solid infill
;WIDTH:0.538422
G1 F3600
G1 X18.709 Y17.034 E.00209
G1 X18.648 Y17.05 E.00211
G1 X18.631 Y17.111 E.00212
G1 X18.676 Y17.156 E.00213
G1 X18.737 Y17.139 E.00212
;WIDTH:0.439999
G1 X18.643 Y17.787 E.01767
G1 X19.385 Y17.046 E.0283
G1 X19.958 Y17.046 E.01546
G1 X18.643 Y18.361 E.05018
G1 X18.643 Y18.935 E.01549
G1 X20.532 Y17.046 E.07209
G1 X21.106 Y17.046 E.01549
G1 X18.643 Y19.508 E.09397
G1 X18.643 Y20.082 E.01549
G1 X21.68 Y17.046 E.11588
G1 X22.253 Y17.046 E.01546
G1 X18.643 Y20.656 E.13777
G1 X18.643 Y21.229 E.01546
G1 X22.827 Y17.046 E.15965
G1 X23.401 Y17.046 E.01549
G1 X18.643 Y21.803 E.18156
G1 X18.643 Y22.377 E.01549
G1 X23.974 Y17.046 E.20344
G1 X24.548 Y17.046 E.01549
G1 X18.643 Y22.95 E.22533
G1 X18.643 Y23.524 E.01549
G1 X25.122 Y17.046 E.24723
G1 X25.695 Y17.046 E.01546
G1 X18.643 Y24.098 E.26912
G1 X18.643 Y24.672 E.01549
G1 X26.269 Y17.046 E.29103
G1 E-3.5
;WIPE_START
G1 F7200
G1 X24.036 Y19.279 E-1.5
;WIPE_END
G1 X19.513 Y24.949 F9000
G1 E5 F2400
G1 F3600
G1 X19.414 Y25.508 E.01532
G1 X19.433 Y26.11 E.01625
G1 X19.591 Y26.76 E.01805
G1 X19.851 Y27.28 E.01569
G1 X20.209 Y27.739 E.01571
G1 X20.65 Y28.117 E.01567
G1 X21.208 Y28.417 E.0171
G1 X18.643 Y30.982 E.09789
G1 X18.643 Y25.229 E.15524
G1 X18.803 Y25.38 E.00594
G1 X18.973 Y25.433 E.00481
G1 X19.086 Y25.376 E.00342
G1 X19.37 Y25.092 E.01084
G1 X18.942 Y24.946 E.0122
G1 X26.843 Y17.046 E.3015
G1 X27.416 Y17.046 E.01546
G1 X21.56 Y22.902 E.22348
G1 X21.437 Y22.989 E.00407
;WIDTH:0.407168
G1 X21.314 Y23.076 E.00374
;WIDTH:0.374336
G1 X21.243 Y23.057 E.00166
G1 X21.262 Y23.128 E.00166
G1 X21.303 Y23.117 E.00096
G1 X22.235 Y22.801 F9000
;WIDTH:0.439999
G1 F3600
G1 X27.99 Y17.046 E.21962
G1 X28.448 Y16.951 E.01262
;WIDTH:0.374336
G1 X28.376 Y16.932 E.00168
G1 X28.395 Y17.003 E.00166
G1 X28.437 Y16.992 E.00098
;WIDTH:0.407168
G1 X28.38 Y17.139 E.00391
;WIDTH:0.439999
G1 X28.323 Y17.287 E.00428
G1 X22.771 Y22.839 E.21188
G1 X23.231 Y22.952 E.01278
G1 X27.497 Y18.686 E.1628
G1 X27.584 Y18.557 E.0042
;WIDTH:0.407168
G1 X27.671 Y18.429 E.00384
;WIDTH:0.374336
G1 X27.63 Y18.44 E.00096
G1 X27.611 Y18.369 E.00166
G1 X27.682 Y18.388 E.00166
G1 X27.496 Y19.261 F9000
;WIDTH:0.439999
G1 F3600
G1 X23.634 Y23.123 E.14738
G1 X23.998 Y23.333 E.01134
G1 X27.496 Y19.835 E.13349
G1 X27.496 Y20.408 E.01546
G1 X24.313 Y23.591 E.12147
G1 X24.588 Y23.89 E.01096
G1 X27.496 Y20.982 E.11098
G1 X27.496 Y21.556 E.01549
G1 X24.825 Y24.226 E.10191
G1 X25.017 Y24.609 E.01156
G1 X27.496 Y22.13 E.0946
G1 X27.496 Y24.568 E.06579
G1 X27.352 Y24.568 E.00389
G1 X24.971 Y26.946 E.09081
G1 X25.194 Y26.245 E.01985
G1 X25.235 Y25.579 E.01801
G1 X25.163 Y25.042 E.01462
G1 X27.352 Y22.847 E.08365
G1 X27.09 Y23.683 F9000
;WIDTH:0.43999
G1 F3600
G1 X27.065 Y24.281 E.01615
G1 X25.637 Y25.709 E.05449
G1 X25.589 Y25.184 E.01423
G1 X26.947 Y23.826 E.05182
G1 E-3.5
;WIPE_START
G1 F7200
G1 X25.589 Y25.184 E-.91224
G1 X25.637 Y25.709 E-.25042
G1 X26.139 Y25.207 E-.33734
;WIPE_END
G1 X21.639 Y28.559 F9000
G1 E5 F2400
;WIDTH:0.439999
G1 F3600
G1 X18.514 Y31.7 E.11956
;WIDTH:0.401028
G1 X18.437 Y31.679 E.00195
G1 X18.458 Y31.756 E.00195
G1 X18.502 Y31.744 E.00111
;WIDTH:0.439999
G1 X18.643 Y32.13 E.01109
G1 X22.14 Y28.632 E.13347
G1 X22.738 Y28.608 E.01615
G1 X18.643 Y32.703 E.15627
G1 X18.643 Y33.277 E.01549
G1 X23.554 Y28.366 E.18742
G1 X23.698 Y28.254 E.00492
;WIDTH:0.407168
G1 X23.841 Y28.141 E.00452
;WIDTH:0.374336
G1 X24.549 Y27.477 E.02195
G1 E-3.5
;WIPE_START
G1 F7200
G1 X23.841 Y28.141 E-.46106
G1 X23.698 Y28.254 E-.08657
G1 X23.554 Y28.366 E-.08665
G1 X22.265 Y29.655 E-.86572
;WIPE_END
G1 X27.496 Y24.998 F9000
G1 E5 F2400
;WIDTH:0.439999
G1 F3600
G1 X18.643 Y33.851 E.33785
G1 X18.643 Y34.424 E.01546
G1 X27.496 Y25.572 E.33783
G1 X27.496 Y26.145 E.01546
G1 X18.643 Y34.998 E.33785
G1 X18.643 Y35.572 E.01549
G1 X27.496 Y26.719 E.33785
G1 X27.496 Y27.293 E.01549
G1 X18.643 Y36.145 E.33783
G1 X18.643 Y36.719 E.01549
G1 X27.496 Y27.867 E.33783
G1 X27.496 Y28.44 E.01546
G1 X18.643 Y37.293 E.33785
G1 X18.643 Y37.867 E.01549
G1 X27.496 Y29.014 E.33785
G1 X27.496 Y29.588 E.01549
G1 X18.643 Y38.44 E.33783
G1 X18.643 Y39.014 E.01549
G1 X27.496 Y30.161 E.33785
G1 X27.496 Y30.735 E.01549
G1 X18.643 Y39.588 E.33785
G1 X18.643 Y40.161 E.01546
G1 X27.496 Y31.309 E.33783
G1 X27.496 Y31.882 E.01546
G1 X18.643 Y40.735 E.33785
G1 X18.643 Y41.309 E.01549
G1 X27.496 Y32.456 E.33785
G1 X27.496 Y33.03 E.01549
G1 X18.643 Y41.882 E.33783
G1 X18.643 Y42.456 E.01549
G1 X27.496 Y33.603 E.33785
G1 X27.496 Y34.177 E.01549
G1 X18.643 Y43.03 E.33785
G1 X18.643 Y43.603 E.01546
G1 X27.496 Y34.751 E.33783
G1 X27.496 Y35.325 E.01549
G1 X18.643 Y44.177 E.33783
G1 X18.643 Y44.751 E.01549
G1 X27.496 Y35.898 E.33785
G1 X27.496 Y36.472 E.01549
G1 X18.643 Y45.325 E.33785
G1 X18.643 Y45.898 E.01546
G1 X27.496 Y37.046 E.33783
G1 X27.496 Y37.619 E.01546
G1 X18.643 Y46.472 E.33785
G1 X18.643 Y47.046 E.01549
G1 X27.496 Y38.193 E.33785
G1 X27.496 Y38.767 E.01549
G1 X18.643 Y47.619 E.33783
G1 X18.643 Y48.193 E.01549
G1 X27.496 Y39.34 E.33785
G1 X27.496 Y39.914 E.01549
G1 X18.643 Y48.767 E.33785
G1 X18.643 Y49.34 E.01546
G1 X27.496 Y40.488 E.33783
G1 X27.496 Y41.061 E.01546
G1 X18.643 Y49.914 E.33785
G1 X18.643 Y50.488 E.01549
G1 X27.496 Y41.635 E.33785
G1 X27.496 Y42.209 E.01549
G1 X18.643 Y51.062 E.33785
G1 X18.643 Y51.635 E.01546
G1 X27.496 Y42.783 E.33783
G1 X27.496 Y43.356 E.01546
G1 X18.643 Y52.209 E.33785
G1 X18.643 Y52.783 E.01549
G1 X27.496 Y43.93 E.33785
G1 X27.496 Y44.504 E.01549
G1 X18.643 Y53.356 E.33783
G1 X18.643 Y53.93 E.01549
G1 X27.496 Y45.077 E.33785
G1 X27.496 Y45.651 E.01549
G1 X18.643 Y54.504 E.33785
G1 X18.643 Y55.077 E.01546
G1 X27.496 Y46.225 E.33783
G1 X27.496 Y46.798 E.01546
G1 X18.643 Y55.651 E.33785
G1 X18.643 Y56.225 E.01549
G1 X27.496 Y47.372 E.33785
G1 X27.496 Y47.946 E.01549
G1 X18.643 Y56.798 E.33783
G1 X18.643 Y57.372 E.01549
G1 X27.496 Y48.519 E.33785
G1 X27.496 Y49.093 E.01549
G1 X18.643 Y57.946 E.33785
G1 X18.643 Y58.52 E.01549
G1 X27.496 Y49.667 E.33785
G1 X27.496 Y50.241 E.01549
G1 X18.643 Y59.093 E.33783
G1 X18.643 Y59.667 E.01549
G1 X27.496 Y50.814 E.33785
G1 X27.496 Y51.388 E.01549
G1 X18.643 Y60.241 E.33785
G1 X18.643 Y60.814 E.01546
G1 X27.496 Y51.962 E.33783
G1 X27.496 Y52.535 E.01546
G1 X18.643 Y61.388 E.33785
G1 X18.643 Y61.962 E.01549
G1 X27.496 Y53.109 E.33785
G1 X27.496 Y53.683 E.01549
G1 X18.643 Y62.535 E.33783
G1 X18.643 Y63.109 E.01549
G1 X27.496 Y54.256 E.33785
G1 X27.496 Y54.83 E.01549
G1 X18.643 Y63.683 E.33785
G1 X18.643 Y64.256 E.01546
G1 X27.496 Y55.404 E.33783
G1 X27.496 Y55.978 E.01549
G1 X18.643 Y64.83 E.33783
G1 X18.643 Y65.404 E.01549
G1 X27.496 Y56.551 E.33785
G1 X27.496 Y57.125 E.01549
G1 X18.643 Y65.978 E.33785
G1 X18.643 Y66.551 E.01546
G1 X27.496 Y57.699 E.33783
G1 X27.496 Y58.272 E.01546
G1 X18.643 Y67.125 E.33785
G1 X18.643 Y67.699 E.01549
G1 X27.496 Y58.846 E.33785
G1 X27.496 Y59.42 E.01549
G1 X18.643 Y68.272 E.33783
G1 X18.643 Y68.846 E.01549
G1 X27.496 Y59.993 E.33785
G1 X27.496 Y60.567 E.01549
G1 X18.643 Y69.42 E.33785
G1 X18.643 Y69.993 E.01546
G1 X27.496 Y61.141 E.33783
G1 X27.496 Y61.714 E.01546
G1 X18.643 Y70.567 E.33785
G1 X18.643 Y71.141 E.01549
G1 X27.496 Y62.288 E.33785
G1 X27.496 Y62.862 E.01549
G1 X18.643 Y71.714 E.33783
G1 X18.643 Y72.288 E.01549
G1 X27.496 Y63.436 E.33783
G1 X27.496 Y64.009 E.01546
G1 X18.643 Y72.862 E.33785
G1 X18.643 Y73.436 E.01549
G1 X27.496 Y64.583 E.33785
G1 X27.496 Y65.157 E.01549
G1 X18.643 Y74.009 E.33783
G1 X18.643 Y74.583 E.01549
G1 X27.496 Y65.73 E.33785
G1 X27.496 Y66.304 E.01549
G1 X18.643 Y75.157 E.33785
G1 X18.643 Y75.73 E.01546
G1 X27.496 Y66.878 E.33783
G1 X27.496 Y67.451 E.01546
G1 X18.643 Y76.304 E.33785
G1 X18.643 Y76.878 E.01549
G1 X27.496 Y68.025 E.33785
G1 X27.496 Y68.599 E.01549
G1 X18.643 Y77.451 E.33783
G1 X18.643 Y78.025 E.01549
G1 X27.496 Y69.172 E.33785
G1 X27.496 Y69.746 E.01549
G1 X18.643 Y78.599 E.33785
G1 X18.643 Y79.173 E.01549
G1 X27.496 Y70.32 E.33785
G1 X27.496 Y70.894 E.01549
G1 X18.643 Y79.746 E.33783
G1 X18.643 Y80.32 E.01549
G1 X27.496 Y71.467 E.33785
G1 X27.496 Y72.041 E.01549
G1 X18.643 Y80.894 E.33785
G1 X18.643 Y81.467 E.01546
G1 X27.496 Y72.615 E.33783
G1 X27.496 Y73.188 E.01546
G1 X18.643 Y82.041 E.33785
G1 X18.643 Y82.615 E.01549
G1 X27.496 Y73.762 E.33785
G1 X27.496 Y74.336 E.01549
G1 X18.643 Y83.188 E.33783
G1 X18.643 Y83.762 E.01549
G1 X27.496 Y74.909 E.33785
G1 X27.496 Y75.483 E.01549
G1 X18.643 Y84.336 E.33785
G1 X18.643 Y84.909 E.01546
G1 X27.496 Y76.057 E.33783
G1 X27.496 Y76.631 E.01549
G1 X18.643 Y85.483 E.33783
G1 X18.643 Y86.057 E.01549
G1 X27.496 Y77.204 E.33785
G1 X27.496 Y77.778 E.01549
G1 X18.643 Y86.631 E.33785
G1 X18.643 Y87.204 E.01546
G1 X27.496 Y78.352 E.33783
G1 X27.496 Y78.925 E.01546
G1 X18.643 Y87.778 E.33785
G1 X18.643 Y88.352 E.01549
G1 X27.496 Y79.499 E.33785
G1 X27.496 Y80.073 E.01549
G1 X18.643 Y88.925 E.33783
G1 X18.643 Y89.499 E.01549
G1 X27.496 Y80.646 E.33785
G1 X27.496 Y81.22 E.01549
G1 X18.643 Y90.073 E.33785
G1 X18.643 Y90.646 E.01546
G1 X27.496 Y81.794 E.33783
G1 X27.496 Y82.367 E.01546
G1 X18.643 Y91.22 E.33785
G1 X18.643 Y91.794 E.01549
G1 X27.496 Y82.941 E.33785
G1 X27.496 Y83.515 E.01549
G1 X18.643 Y92.367 E.33783
G1 X18.643 Y92.941 E.01549
G1 X27.496 Y84.089 E.33783
G1 X27.496 Y84.662 E.01546
G1 X18.643 Y93.515 E.33785
G1 X18.643 Y94.089 E.01549
G1 X27.496 Y85.236 E.33785
G1 X27.496 Y85.81 E.01549
G1 X18.643 Y94.662 E.33783
G1 X18.643 Y95.236 E.01549
G1 X27.496 Y86.383 E.33785
G1 X27.496 Y86.957 E.01549
G1 X18.643 Y95.81 E.33785
G1 X18.643 Y96.383 E.01546
G1 X27.496 Y87.531 E.33783
G1 X27.496 Y88.104 E.01546
G1 X18.643 Y96.957 E.33785
G1 X18.643 Y97.531 E.01549
G1 X27.496 Y88.678 E.33785
G1 X27.496 Y89.252 E.01549
G1 X18.643 Y98.104 E.33783
G1 X18.643 Y98.678 E.01549
G1 X27.496 Y89.825 E.33785
G1 X27.496 Y90.399 E.01549
G1 X18.643 Y99.252 E.33785
G1 X18.643 Y99.825 E.01546
G1 X27.496 Y90.973 E.33783
G1 X27.496 Y91.547 E.01549
G1 X20.824 Y98.219 E.25462
G1 X20.68 Y98.341 E.00509
;WIDTH:0.409524
G1 X20.537 Y98.462 E.00468
;WIDTH:0.399642
G1 X19.922 Y99.092 E.02139
;WIDTH:0.40158
G1 X19.912 Y99.103 E.00036
;WIDTH:0.403738
G1 X19.898 Y99.121 E.00056
;WIDTH:0.439999
G1 X19.613 Y99.627 E.01567
G1 X19.458 Y100.144 E.01456
G1 X19.415 Y100.548 E.01096
G1 X19.433 Y101.11 E.01517
G1 X19.591 Y101.76 E.01805
G1 X19.851 Y102.28 E.01569
G1 X20.209 Y102.739 E.01571
G1 X20.65 Y103.117 E.01567
G1 X21.121 Y103.384 E.01461
G1 X21.324 Y103.455 E.0058
G1 X18.643 Y106.136 E.10231
G1 X18.643 Y100.261 E.15854
G1 X18.786 Y100.256 E.00386
G1 X19.759 Y99.268 E.03742
G1 X19.029 Y100.557 F9000
;WIDTH:0.413702
G1 F3600
G1 X19.036 Y101.078 E.01315
;WIDTH:0.422546
G1 X19.04 Y101.167 E.0023
;WIDTH:0.429228
G1 X19.045 Y101.404 E.00623
;WIDTH:0.439999
G1 X19.049 Y105.157 E.10127
G1 X20.632 Y103.573 E.06043
G1 X20.351 Y103.4 E.0089
G1 X19.943 Y103.045 E.01459
G1 X19.529 Y102.528 E.01787
G1 X19.227 Y101.939 E.01786
G1 X19.043 Y101.201 E.02052
G1 X19.464 Y103.122 F9000
;WIDTH:0.458404
G1 F3600
G1 X19.531 Y103.21 E.00312
G1 X19.986 Y103.632 E.01751
G1 X19.464 Y104.155 E.02084
G1 X19.464 Y103.325 E.02341
G1 E-3.5
;WIPE_START
G1 F7200
G1 X19.464 Y104.155 E-.39425
G1 X19.986 Y103.632 E-.35099
G1 X19.531 Y103.21 E-.29477
G1 X19.464 Y103.122 E-.05254
;WIPE_END
G1 E-.40745 F3600
G1 X21.766 Y103.587 F9000
G1 E5 F2400
;WIDTH:0.439999
G1 F3600
G1 X18.643 Y106.71 E.11918
G1 X18.643 Y107.284 E.01549
G1 X22.285 Y103.641 E.13901
G1 X23.249 Y103.394 F9000
;WIDTH:0.374336
G1 F3600
G1 X23.178 Y103.375 E.00166
G1 X23.197 Y103.446 E.00166
G1 X23.238 Y103.435 E.00096
;WIDTH:0.407168
G1 X23.081 Y103.506 E.00427
;WIDTH:0.439999
G1 X22.923 Y103.577 E.00467
G1 X18.643 Y107.857 E.16333
G1 E-3.5
;WIPE_START
G1 F7200
G1 X20.876 Y105.624 E-1.5
;WIPE_END
G1 X21.502 Y98.057 F9000
G1 E5 F2400
;WIDTH:0.374336
G1 F3600
G1 X21.461 Y98.068 E.00096
G1 X21.442 Y97.997 E.00166
G1 X21.513 Y98.016 E.00166
;WIDTH:0.407168
G1 X21.636 Y97.936 E.00364
;WIDTH:0.439999
G1 X21.759 Y97.857 E.00394
G1 X27.496 Y92.12 E.21894
G1 X27.496 Y92.694 E.01549
G1 X22.387 Y97.803 E.19497
G1 X22.902 Y97.862 E.01399
G1 X27.496 Y93.268 E.17532
G1 X27.496 Y93.841 E.01546
G1 X23.347 Y97.99 E.15834
G1 X23.738 Y98.173 E.01165
G1 X27.496 Y94.415 E.14341
G1 X27.496 Y94.989 E.01549
G1 X24.084 Y98.4 E.13019
G1 X24.391 Y98.667 E.01098
G1 X27.496 Y95.562 E.11849
G1 X27.496 Y96.136 E.01549
G1 X24.658 Y98.973 E.10829
G1 X24.879 Y99.326 E.01124
G1 X27.496 Y96.71 E.09985
G1 X27.496 Y97.283 E.01546
G1 X25.061 Y99.718 E.09293
G1 E-3.5
;WIPE_START
G1 F7200
G1 X27.294 Y97.485 E-1.5
;WIPE_END
G1 X27.352 Y98.001 F9000
G1 E5 F2400
G1 F3600
G1 X25.204 Y100.148 E.08195
G1 X25.165 Y100.15 E.00105
G1 X25.212 Y100.408 E.00708
G1 X25.225 Y100.955 E.01476
G1 X25.109 Y101.582 E.01721
G1 X24.882 Y102.12 E.01576
G1 X24.706 Y102.352 E.00786
;WIDTH:0.411363
G1 X24.531 Y102.584 E.00729
G1 X24.712 Y102.382 E.0068
;WIDTH:0.439999
G1 X24.893 Y102.181 E.0073
G1 X27.352 Y99.722 E.09384
G1 X27.496 Y99.722 E.00389
G1 X27.496 Y97.857 E.05033
G1 X27.09 Y98.837 F9000
;WIDTH:0.43999
G1 F3600
G1 X27.065 Y99.435 E.01615
G1 X25.629 Y100.872 E.05482
G1 X25.61 Y100.316 E.01501
G1 X26.947 Y98.98 E.051
G1 E-3.5
;WIPE_START
G1 F7200
G1 X25.61 Y100.316 E-.8978
G1 X25.629 Y100.872 E-.26425
G1 X26.132 Y100.369 E-.33795
;WIPE_END
G1 X24.531 Y102.584 F9000
G1 E5 F2400
;WIDTH:0.398698
G1 F3600
G1 X24.182 Y102.921 E.01176
;WIDTH:0.439999
G1 X23.895 Y103.179 E.01041
G1 X18.643 Y108.431 E.20043
G1 X18.643 Y109.005 E.01549
G1 X27.496 Y100.152 E.33785
G1 X27.496 Y100.726 E.01549
G1 X18.643 Y109.578 E.33783
G1 X18.643 Y110.152 E.01549
G1 X27.496 Y101.299 E.33785
G1 X27.496 Y101.873 E.01549
G1 X18.643 Y110.726 E.33785
G1 X18.643 Y111.299 E.01546
G1 X27.496 Y102.447 E.33783
G1 X27.496 Y103.02 E.01546
G1 X18.643 Y111.873 E.33785
G1 X18.643 Y112.447 E.01549
G1 X27.496 Y103.594 E.33785
G1 X27.496 Y104.168 E.01549
G1 X18.643 Y113.02 E.33783
G1 X18.643 Y113.594 E.01549
G1 X27.496 Y104.742 E.33783
G1 X27.496 Y105.315 E.01546
G1 X18.643 Y114.168 E.33785
G1 X18.643 Y114.742 E.01549
G1 X27.496 Y105.889 E.33785
G1 X27.496 Y106.463 E.01549
G1 X18.643 Y115.315 E.33783
G1 X18.643 Y115.889 E.01549
G1 X27.496 Y107.036 E.33785
G1 X27.496 Y107.61 E.01549
G1 X18.643 Y116.463 E.33785
G1 X18.643 Y117.036 E.01546
G1 X27.496 Y108.184 E.33783
G1 X27.496 Y108.757 E.01546
G1 X18.643 Y117.61 E.33785
G1 X18.643 Y118.184 E.01549
G1 X27.496 Y109.331 E.33785
G1 X27.496 Y109.905 E.01549
G1 X18.643 Y118.757 E.33783
G1 X18.643 Y119.331 E.01549
G1 X27.496 Y110.478 E.33785
G1 X27.496 Y111.052 E.01549
G1 X18.643 Y119.905 E.33785
G1 X18.643 Y120.478 E.01546
G1 X27.496 Y111.626 E.33783
G1 X27.496 Y112.2 E.01549
G1 X18.643 Y121.052 E.33783
G1 X18.643 Y121.626 E.01549
G1 X27.496 Y112.773 E.33785
G1 X27.496 Y113.347 E.01549
G1 X18.643 Y122.2 E.33785
G1 X18.643 Y122.773 E.01546
G1 X27.496 Y113.921 E.33783
G1 X27.496 Y114.494 E.01546
G1 X18.643 Y123.347 E.33785
G1 X18.643 Y123.921 E.01549
G1 X27.496 Y115.068 E.33785
G1 X27.496 Y115.642 E.01549
G1 X18.643 Y124.494 E.33783
G1 X18.643 Y125.068 E.01549
G1 X27.496 Y116.215 E.33785
G1 X27.496 Y116.789 E.01549
G1 X18.643 Y125.642 E.33785
G1 X18.643 Y126.215 E.01546
G1 X27.496 Y117.363 E.33783
G1 X27.496 Y117.936 E.01546
G1 X18.643 Y126.789 E.33785
G1 X18.643 Y127.363 E.01549
G1 X27.496 Y118.51 E.33785
G1 X27.496 Y119.084 E.01549
G1 X18.643 Y127.937 E.33785
G1 X18.643 Y128.51 E.01546
G1 X27.496 Y119.658 E.33783
G1 X27.496 Y120.231 E.01546
G1 X18.643 Y129.084 E.33785
G1 X18.643 Y129.658 E.01549
G1 X27.496 Y120.805 E.33785
G1 X27.496 Y121.379 E.01549
G1 X18.643 Y130.231 E.33783
G1 X18.643 Y130.805 E.01549
G1 X27.496 Y121.952 E.33785
G1 X27.496 Y122.526 E.01549
G1 X18.643 Y131.379 E.33785
G1 X18.643 Y131.952 E.01546
G1 X27.496 Y123.1 E.33783
G1 X27.496 Y123.673 E.01546
G1 X18.643 Y132.526 E.33785
G1 X18.643 Y133.1 E.01549
G1 X27.496 Y124.247 E.33785
G1 X27.496 Y124.821 E.01549
G1 X18.643 Y133.673 E.33783
G1 X18.643 Y134.247 E.01549
G1 X27.496 Y125.394 E.33785
G1 X27.496 Y125.968 E.01549
G1 X18.643 Y134.821 E.33785
G1 X18.643 Y135.395 E.01549
G1 X27.496 Y126.542 E.33785
G1 X27.496 Y127.116 E.01549
G1 X18.643 Y135.968 E.33783
G1 X18.643 Y136.542 E.01549
G1 X27.496 Y127.689 E.33785
G1 X27.496 Y128.263 E.01549
G1 X18.643 Y137.116 E.33785
G1 X18.643 Y137.689 E.01546
G1 X27.496 Y128.837 E.33783
G1 X27.496 Y129.41 E.01546
G1 X18.643 Y138.263 E.33785
G1 X18.643 Y138.837 E.01549
G1 X27.496 Y129.984 E.33785
G1 X27.496 Y130.558 E.01549
G1 X18.643 Y139.41 E.33783
G1 X18.643 Y139.984 E.01549
G1 X27.496 Y131.131 E.33785
G1 X27.496 Y131.705 E.01549
G1 X18.643 Y140.558 E.33785
G1 X18.643 Y141.131 E.01546
G1 X27.496 Y132.279 E.33783
G1 X27.496 Y132.853 E.01549
G1 X18.643 Y141.705 E.33783
G1 X18.643 Y142.279 E.01549
G1 X27.496 Y133.426 E.33785
G1 X27.496 Y134 E.01549
G1 X18.643 Y142.853 E.33785
G1 X18.643 Y143.426 E.01546
G1 X27.496 Y134.574 E.33783
G1 X27.496 Y135.147 E.01546
G1 X18.643 Y144 E.33785
G1 X18.643 Y144.574 E.01549
G1 X27.496 Y135.721 E.33785
G1 X27.496 Y136.295 E.01549
G1 X18.643 Y145.147 E.33783
G1 X18.643 Y145.721 E.01549
G1 X27.496 Y136.868 E.33785
G1 X27.496 Y137.442 E.01549
G1 X18.643 Y146.295 E.33785
G1 X18.643 Y146.868 E.01546
G1 X27.496 Y138.016 E.33783
G1 X27.496 Y138.589 E.01546
G1 X18.643 Y147.442 E.33785
G1 X18.643 Y148.016 E.01549
G1 X27.496 Y139.163 E.33785
G1 X27.496 Y139.737 E.01549
G1 X18.643 Y148.589 E.33783
G1 X18.643 Y149.163 E.01549
G1 X27.496 Y140.311 E.33783
G1 X27.496 Y140.884 E.01546
G1 X18.643 Y149.737 E.33785
G1 X18.643 Y150.311 E.01549
G1 X27.496 Y141.458 E.33785
G1 X27.496 Y142.032 E.01549
G1 X18.643 Y150.884 E.33783
G1 X18.643 Y151.458 E.01549
G1 X27.496 Y142.605 E.33785
G1 X27.496 Y143.179 E.01549
G1 X18.643 Y152.032 E.33785
G1 X18.643 Y152.605 E.01546
G1 X27.496 Y143.753 E.33783
G1 X27.496 Y144.326 E.01546
G1 X18.643 Y153.179 E.33785
G1 X18.643 Y153.753 E.01549
G1 X27.496 Y144.9 E.33785
G1 X27.496 Y145.474 E.01549
G1 X18.643 Y154.326 E.33783
G1 X18.643 Y154.9 E.01549
G1 X27.496 Y146.047 E.33785
G1 X27.496 Y146.621 E.01549
G1 X18.643 Y155.474 E.33785
G1 X18.643 Y156.048 E.01549
G1 X27.496 Y147.195 E.33785
G1 X27.496 Y147.769 E.01549
G1 X18.643 Y156.621 E.33783
G1 X18.643 Y157.195 E.01549
G1 X27.496 Y148.342 E.33785
G1 X27.496 Y148.916 E.01549
G1 X18.643 Y157.769 E.33785
G1 X18.643 Y158.342 E.01546
G1 X27.496 Y149.49 E.33783
G1 X27.496 Y150.063 E.01546
G1 X18.643 Y158.916 E.33785
G1 X18.643 Y159.49 E.01549
G1 X27.496 Y150.637 E.33785
G1 X27.496 Y151.211 E.01549
G1 X18.643 Y160.063 E.33783
G1 X18.643 Y160.637 E.01549
G1 X27.496 Y151.784 E.33785
G1 X27.496 Y152.358 E.01549
G1 X18.643 Y161.211 E.33785
G1 X18.643 Y161.784 E.01546
G1 X27.496 Y152.932 E.33783
G1 X27.496 Y153.505 E.01546
G1 X18.643 Y162.358 E.33785
G1 X18.643 Y162.932 E.01549
G1 X27.496 Y154.079 E.33785
G1 X27.496 Y154.653 E.01549
G1 X18.643 Y163.506 E.33785
G1 X18.643 Y164.079 E.01546
G1 X27.496 Y155.227 E.33783
G1 X27.496 Y155.8 E.01546
G1 X18.643 Y164.653 E.33785
G1 X18.643 Y165.227 E.01549
G1 X27.496 Y156.374 E.33785
G1 X27.496 Y156.948 E.01549
G1 X18.643 Y165.8 E.33783
G1 X18.643 Y166.374 E.01549
G1 X27.496 Y157.521 E.33785
G1 X27.496 Y158.095 E.01549
G1 X18.643 Y166.948 E.33785
G1 X18.643 Y167.521 E.01546
G1 X27.496 Y158.669 E.33783
G1 X27.496 Y159.242 E.01546
G1 X18.643 Y168.095 E.33785
G1 X18.643 Y168.669 E.01549
G1 X27.496 Y159.816 E.33785
G1 X27.496 Y160.39 E.01549
G1 X18.643 Y169.242 E.33783
G1 X18.643 Y169.816 E.01549
G1 X27.496 Y160.964 E.33783
G1 X27.496 Y161.537 E.01546
G1 X18.643 Y170.39 E.33785
G1 X18.643 Y170.964 E.01549
G1 X27.496 Y162.111 E.33785
G1 X27.496 Y162.685 E.01549
G1 X18.643 Y171.537 E.33783
G1 X18.643 Y172.111 E.01549
G1 X27.496 Y163.258 E.33785
G1 X27.496 Y163.832 E.01549
G1 X18.643 Y172.685 E.33785
G1 X18.643 Y173.258 E.01546
G1 X27.496 Y164.406 E.33783
G1 X27.496 Y164.979 E.01546
G1 X18.643 Y173.832 E.33785
G1 X18.643 Y174.406 E.01549
G1 X27.496 Y165.553 E.33785
G1 X27.496 Y166.127 E.01549
G1 X18.735 Y174.888 E.33434
G1 X19.526 Y174.67 F9000
G1 F3600
G1 X18.836 Y175.35 E.02614
G1 X18.643 Y175.325 E.00525
G1 X18.643 Y181.29 E.16096
G1 X21.446 Y178.487 E.10697
G1 X21.121 Y178.384 E.0092
G1 X20.65 Y178.117 E.01461
G1 X20.209 Y177.739 E.01567
G1 X19.851 Y177.28 E.01571
G1 X19.591 Y176.76 E.01569
G1 X19.433 Y176.11 E.01805
G1 X19.415 Y175.533 E.01558
G1 X19.53 Y174.863 E.01834
G1 X19.669 Y174.527 E.00981
G1 X20.163 Y173.898 E.02158
;WIDTH:0.374336
G1 X20.859 Y173.266 E.02126
;WIDTH:0.407168
G1 X21.002 Y173.158 E.00444
;WIDTH:0.439999
G1 X21.146 Y173.05 E.00486
G1 X27.496 Y166.7 E.24233
G1 X27.496 Y167.274 E.01549
G1 X21.939 Y172.831 E.21207
G1 X21.817 Y172.903 E.00382
;WIDTH:0.407168
G1 X21.696 Y172.976 E.0035
;WIDTH:0.374336
G1 X21.625 Y172.957 E.00166
G1 X21.644 Y173.028 E.00166
G1 X21.685 Y173.017 E.00096
G1 X22.53 Y172.814 F9000
;WIDTH:0.439999
G1 F3600
G1 X27.496 Y167.848 E.18951
G1 X27.496 Y168.422 E.01549
G1 X23.026 Y172.892 E.17059
G1 X23.457 Y173.034 E.01225
G1 X27.496 Y168.995 E.15414
G1 X27.496 Y169.569 E.01549
G1 X23.836 Y173.228 E.13965
G1 X24.17 Y173.468 E.0111
G1 X27.496 Y170.143 E.12691
G1 X27.496 Y170.716 E.01546
G1 X24.467 Y173.745 E.11559
G1 X24.721 Y174.065 E.01102
G1 X27.496 Y171.29 E.1059
G1 X27.496 Y171.864 E.01549
G1 X24.934 Y174.426 E.09777
G1 E-3.5
;WIPE_START
G1 F7200
G1 X27.167 Y172.193 E-1.5
;WIPE_END
G1 X27.352 Y172.581 F9000
G1 E5 F2400
G1 F3600
G1 X25.098 Y174.835 E.08602
G1 X25.166 Y175.1 E.00738
G1 X25.241 Y175.696 E.01621
G1 X25.193 Y176.251 E.01503
G1 X25.098 Y176.556 E.00862
G1 X27.352 Y174.302 E.08602
G1 X27.496 Y174.302 E.00389
G1 X27.496 Y172.437 E.05033
G1 X27.09 Y173.417 F9000
;WIDTH:0.439989
G1 F3600
G1 X27.065 Y174.015 E.01615
G1 X25.62 Y175.46 E.05514
G1 X25.553 Y174.954 E.01377
G1 X26.947 Y173.56 E.0532
G1 E-3.5
;WIPE_START
G1 F7200
G1 X25.553 Y174.954 E-.93642
G1 X25.62 Y175.46 E-.24245
G1 X26.098 Y174.982 E-.32113
;WIPE_END
G1 X21.894 Y178.613 F9000
G1 E5 F2400
;WIDTH:0.439999
G1 F3600
G1 X18.643 Y181.864 E.12407
G1 X18.643 Y182.437 E.01546
G1 X22.444 Y178.636 E.14505
G1 X23.217 Y178.331 F9000
;WIDTH:0.374336
G1 F3600
G1 X23.427 Y178.337 E.00475
;WIDTH:0.407168
G1 X23.284 Y178.425 E.00416
;WIDTH:0.439999
G1 X23.14 Y178.514 E.00457
G1 X18.643 Y183.011 E.17162
G1 X18.643 Y183.585 E.01549
G1 X27.496 Y174.732 E.33785
G1 X27.496 Y175.306 E.01549
G1 X18.643 Y184.159 E.33785
G1 X18.62 Y184.316 E.00428
;WIDTH:0.407168
G1 X18.597 Y184.474 E.00396
;WIDTH:0.374336
G1 X18.526 Y184.455 E.00166
G1 X18.545 Y184.526 E.00166
G1 X18.586 Y184.515 E.00096
;WIDTH:0.439999
G1 X18.977 Y184.398 E.01101
G1 X27.496 Y175.88 E.32509
G1 X27.496 Y176.453 E.01546
G1 X19.551 Y184.398 E.3032
G1 X20.124 Y184.398 E.01546
G1 X27.496 Y177.027 E.28131
G1 X27.496 Y177.601 E.01549
G1 X20.698 Y184.398 E.25941
G1 X21.272 Y184.398 E.01549
G1 X27.496 Y178.174 E.23752
G1 X27.496 Y178.748 E.01549
G1 X21.846 Y184.398 E.21562
G1 X22.419 Y184.398 E.01546
G1 X27.496 Y179.322 E.19373
G1 X27.496 Y179.895 E.01546
G1 X22.993 Y184.398 E.17184
G1 X23.567 Y184.398 E.01549
G1 X27.496 Y180.469 E.14994
G1 X27.496 Y181.043 E.01549
G1 X24.14 Y184.398 E.12805
G1 X24.714 Y184.398 E.01549
G1 X27.496 Y181.617 E.10615
G1 X27.496 Y182.19 E.01546
G1 X25.288 Y184.398 E.08426
G1 E-3.5
;WIPE_START
G1 F7200
G1 X27.496 Y182.19 E-1.48323
G1 X27.496 Y182.155 E-.01677
;WIPE_END
G1 X27.352 Y182.907 F9000
G1 E5 F2400
G1 F3600
G1 X25.861 Y184.398 E.0569
G1 X27.496 Y184.398 E.04412
G1 X27.496 Y182.764 E.04409
G1 X27.084 Y183.902 F9000
;WIDTH:0.586002
G1 F3600
G1 X27.035 Y183.853 E.00254
G1 X26.968 Y183.871 E.00255
G1 X26.95 Y183.937 E.00251
G1 X26.999 Y183.986 E.00254
G1 X27.066 Y183.968 E.00255
G1 E-3.5
;WIPE_START
G1 F7200
G1 X26.999 Y183.986 E-.03295
G1 X26.95 Y183.937 E-.03292
G1 X26.968 Y183.871 E-.03249
G1 X27.035 Y183.853 E-.03295
G1 X27.084 Y183.902 E-.03292
;WIPE_END
G1 E-1.33577 F3600
G1 X19.043 Y176.201 F9000
G1 E5 F2400
;WIDTH:0.439999
G1 F3600
G1 X19.227 Y176.939 E.02052
G1 X19.529 Y177.528 E.01786
G1 X19.943 Y178.045 E.01787
G1 X20.351 Y178.4 E.01459
G1 X20.731 Y178.629 E.01197
G1 X19.049 Y180.311 E.06419
G1 X19.045 Y176.404 E.10543
;WIDTH:0.429229
G1 X19.04 Y176.167 E.00623
;WIDTH:0.422548
G1 X19.031 Y175.686 E.01242
G1 E-3.5
;WIPE_START
G1 F7200
G1 X19.04 Y176.167 E-.22851
G1 X19.045 Y176.404 E-.1126
G1 X19.047 Y178.844 E-1.15889
;WIPE_END
G1 X19.48 Y178.171 F9000
G1 E5 F2400
;WIDTH:0.491807
G1 F3600
G1 X19.66 Y178.371 E.00819
G1 X20.044 Y178.705 E.01549
G1 X19.48 Y179.269 E.02427
G1 X19.48 Y178.374 E.02724
G1 E-3.5
;WIPE_START
G1 F7200
G1 X19.48 Y179.269 E-.42513
G1 X20.044 Y178.705 E-.37887
G1 X19.66 Y178.371 E-.24174
G1 X19.48 Y178.171 E-.12781
;WIPE_END
G1 E-.32645 F3600
G1 X19.043 Y26.201 F9000
G1 E5 F2400
;WIDTH:0.439999
G1 F3600
G1 X19.227 Y26.939 E.02052
G1 X19.529 Y27.528 E.01786
G1 X19.86 Y27.957 E.01462
G1 X20.031 Y28.122 E.00641
G1 X20.534 Y28.517 E.01726
G1 X19.049 Y30.003 E.05669
G1 X19.045 Y26.404 E.09712
;WIDTH:0.429227
G1 X19.04 Y26.167 E.00623
;WIDTH:0.422544
G1 X19.032 Y25.818 E.00901
G1 E-3.5
;WIPE_START
G1 F7200
G1 X19.04 Y26.167 E-.16582
G1 X19.045 Y26.404 E-.1126
G1 X19.048 Y28.976 E-1.22158
;WIPE_END
G1 X19.447 Y28.073 F9000
G1 E5 F2400
;WIDTH:0.425
G1 F3600
G1 X19.544 Y28.199 E.00413
G1 X19.928 Y28.56 E.0137
G1 X19.447 Y29.042 E.0177
G1 X19.447 Y28.276 E.01991
;LAYER_CHANGE
;Z:1.48
;HEIGHT:0.16
;BEFORE_LAYER_CHANGE
G92 E0
;1.48


G1 E-3.5 F3600
;WIPE_START
G1 F7200
G1 X19.447 Y29.042 E-.36385
G1 X19.928 Y28.56 E-.32345
G1 X19.544 Y28.199 E-.25035
G1 X19.447 Y28.073 E-.07553
;WIPE_END
G1 E-.48682 F3600
G1 Z1.48 F9000
;AFTER_LAYER_CHANGE
;1.48
G1 X22.255 Y98.122
G1 E5 F2400
;TYPE:Perimeter
;WIDTH:0.439999
G1 F1800
G1 X22.674 Y98.138 E.01131
G1 X23.179 Y98.259 E.01401
G1 X23.817 Y98.586 E.01935
G1 X24.21 Y98.925 E.01401
G1 X24.529 Y99.335 E.01402
G1 X24.76 Y99.801 E.01404
G1 X24.898 Y100.376 E.01596
G1 X24.912 Y100.938 E.01517
G1 X24.803 Y101.52 E.01598
G1 X24.595 Y101.997 E.01404
G1 X24.297 Y102.422 E.01401
G1 X23.921 Y102.78 E.01401
G1 X23.482 Y103.057 E.01401
G1 X22.996 Y103.241 E.01402
G1 X22.483 Y103.325 E.01403
G1 X21.964 Y103.306 E.01401
G1 X21.459 Y103.184 E.01402
G1 X20.988 Y102.965 E.01402
G1 X20.57 Y102.657 E.01401
G1 X20.222 Y102.272 E.014
G1 X19.956 Y101.825 E.01404
G1 X19.784 Y101.335 E.01401
G1 X19.74 Y101.067 E.00733
G1 X19.726 Y100.506 E.01514
G1 X19.836 Y99.923 E.01601
G1 X20.044 Y99.447 E.01402
G1 X20.341 Y99.022 E.01399
G1 X20.717 Y98.663 E.01403
G1 X21.157 Y98.387 E.01402
G1 X21.643 Y98.203 E.01402
G1 X22.155 Y98.119 E.014
G1 X22.195 Y98.12 E.00108
G1 X22.264 Y98.524 F9000
G1 F1800
G1 X22.323 Y98.518 E.0016
G1 X22.76 Y98.563 E.01185
G1 X23.179 Y98.693 E.01184
G1 X23.564 Y98.903 E.01183
G1 X23.899 Y99.186 E.01183
G1 X24.172 Y99.529 E.01183
G1 X24.372 Y99.92 E.01185
G1 X24.493 Y100.387 E.01302
G1 X24.507 Y100.948 E.01514
G1 X24.409 Y101.42 E.01301
G1 X24.168 Y101.92 E.01498
G1 X23.894 Y102.263 E.01185
G1 X23.558 Y102.545 E.01184
G1 X23.172 Y102.754 E.01184
G1 X22.752 Y102.882 E.01185
G1 X22.316 Y102.925 E.01182
G1 X21.879 Y102.881 E.01185
G1 X21.46 Y102.751 E.01184
G1 X21.075 Y102.54 E.01185
G1 X20.739 Y102.258 E.01184
G1 X20.466 Y101.914 E.01185
G1 X20.267 Y101.524 E.01181
G1 X20.146 Y101.057 E.01302
G1 X20.132 Y100.495 E.01517
G1 X20.229 Y100.023 E.013
G1 X20.47 Y99.523 E.01498
G1 X20.744 Y99.181 E.01183
G1 X21.081 Y98.899 E.01186
G1 X21.467 Y98.69 E.01184
G1 X21.886 Y98.561 E.01183
G1 X22.205 Y98.53 E.00865
G1 X22.185 Y98.925 F9000
;TYPE:External perimeter
;WIDTH:0.419999
G1 F1800
G1 X22.293 Y98.913 E.00279
G1 X22.652 Y98.944 E.00924
G1 X22.998 Y99.045 E.00925
G1 X23.317 Y99.213 E.00925
G1 X23.596 Y99.44 E.00923
G1 X23.825 Y99.719 E.00926
G1 X23.994 Y100.037 E.00924
G1 X24.097 Y100.396 E.00958
G1 X24.111 Y100.958 E.01442
G1 X24.013 Y101.359 E.01059
G1 X23.853 Y101.682 E.00925
G1 X23.632 Y101.966 E.00923
G1 X23.36 Y102.202 E.00924
G1 X23.046 Y102.379 E.00925
G1 X22.703 Y102.49 E.00925
G1 X22.345 Y102.531 E.00924
G1 X21.986 Y102.5 E.00924
G1 X21.641 Y102.399 E.00922
G1 X21.322 Y102.231 E.00925
G1 X21.042 Y102.004 E.00925
G1 X20.814 Y101.725 E.00924
G1 X20.645 Y101.407 E.00924
G1 X20.541 Y101.047 E.00961
G1 X20.527 Y100.486 E.0144
G1 X20.626 Y100.085 E.0106
G1 X20.786 Y99.762 E.00925
G1 X21.006 Y99.477 E.00924
G1 X21.279 Y99.242 E.00924
G1 X21.593 Y99.065 E.00925
G1 X21.935 Y98.954 E.00922
G1 X22.125 Y98.932 E.00491
G1 E-3.5 F3600
;WIPE_START
G1 F7200
G1 X22.185 Y98.925 E-.02869
G1 X22.293 Y98.913 E-.05162
G1 X22.652 Y98.944 E-.17116
G1 X22.998 Y99.045 E-.17121
G1 X23.317 Y99.213 E-.17125
G1 X23.596 Y99.44 E-.17085
G1 X23.825 Y99.719 E-.17145
G1 X23.994 Y100.037 E-.17106
G1 X24.097 Y100.396 E-.1774
G1 X24.109 Y100.849 E-.21531
;WIPE_END
G1 X64.729 Y100.593 F9000
G1 E5 F2400
;TYPE:Perimeter
;WIDTH:0.439999
G1 F1800
G1 X64.726 Y100.506 E.00235
G1 X64.836 Y99.923 E.01601
G1 X65.044 Y99.447 E.01402
G1 X65.341 Y99.022 E.01399
G1 X65.717 Y98.663 E.01403
G1 X66.157 Y98.387 E.01402
G1 X66.643 Y98.203 E.01402
G1 X67.155 Y98.119 E.014
G1 X67.674 Y98.138 E.01401
G1 X68.179 Y98.259 E.01401
G1 X68.65 Y98.479 E.01403
G1 X69.068 Y98.787 E.01401
G1 X69.417 Y99.172 E.01402
G1 X69.683 Y99.618 E.01401
G1 X69.854 Y100.108 E.014
G1 X69.898 Y100.376 E.00733
G1 X69.912 Y100.938 E.01517
G1 X69.803 Y101.52 E.01598
G1 X69.595 Y101.997 E.01404
G1 X69.297 Y102.422 E.01401
G1 X68.921 Y102.78 E.01401
G1 X68.482 Y103.057 E.01401
G1 X67.996 Y103.241 E.01402
G1 X67.483 Y103.325 E.01403
G1 X66.964 Y103.306 E.01401
G1 X66.459 Y103.184 E.01402
G1 X65.988 Y102.965 E.01402
G1 X65.57 Y102.657 E.01401
G1 X65.222 Y102.272 E.014
G1 X64.956 Y101.825 E.01404
G1 X64.784 Y101.335 E.01401
G1 X64.74 Y101.067 E.00733
G1 X64.73 Y100.653 E.01117
G1 X65.135 Y100.613 F9000
G1 F1800
G1 X65.132 Y100.495 E.00319
G1 X65.229 Y100.023 E.013
G1 X65.47 Y99.523 E.01498
G1 X65.744 Y99.181 E.01183
G1 X66.081 Y98.899 E.01186
G1 X66.467 Y98.69 E.01184
G1 X66.886 Y98.561 E.01183
G1 X67.323 Y98.518 E.01185
G1 X67.76 Y98.563 E.01185
G1 X68.179 Y98.693 E.01184
G1 X68.564 Y98.903 E.01183
G1 X68.899 Y99.186 E.01183
G1 X69.172 Y99.529 E.01183
G1 X69.372 Y99.92 E.01185
G1 X69.493 Y100.387 E.01302
G1 X69.507 Y100.948 E.01514
G1 X69.409 Y101.42 E.01301
G1 X69.23 Y101.82 E.01183
G1 X68.894 Y102.263 E.015
G1 X68.558 Y102.545 E.01184
G1 X68.172 Y102.754 E.01184
G1 X67.752 Y102.882 E.01185
G1 X67.316 Y102.925 E.01182
G1 X66.879 Y102.881 E.01185
G1 X66.46 Y102.751 E.01184
G1 X66.075 Y102.54 E.01185
G1 X65.739 Y102.258 E.01184
G1 X65.466 Y101.914 E.01185
G1 X65.267 Y101.524 E.01181
G1 X65.146 Y101.057 E.01302
G1 X65.136 Y100.673 E.01037
G1 X65.533 Y100.722 F9000
;TYPE:External perimeter
;WIDTH:0.419999
G1 F1800
G1 X65.527 Y100.486 E.00606
G1 X65.626 Y100.085 E.0106
G1 X65.786 Y99.762 E.00925
G1 X66.006 Y99.477 E.00924
G1 X66.279 Y99.242 E.00924
G1 X66.593 Y99.065 E.00925
G1 X66.935 Y98.954 E.00922
G1 X67.293 Y98.913 E.00924
G1 X67.652 Y98.944 E.00924
G1 X67.998 Y99.045 E.00925
G1 X68.317 Y99.213 E.00925
G1 X68.596 Y99.44 E.00923
G1 X68.825 Y99.719 E.00926
G1 X68.994 Y100.037 E.00924
G1 X69.097 Y100.396 E.00958
G1 X69.111 Y100.958 E.01442
G1 X69.013 Y101.359 E.01059
G1 X68.873 Y101.649 E.00826
G1 X68.632 Y101.966 E.01022
G1 X68.36 Y102.202 E.00924
G1 X68.046 Y102.379 E.00925
G1 X67.703 Y102.49 E.00925
G1 X67.345 Y102.531 E.00924
G1 X66.986 Y102.5 E.00924
G1 X66.641 Y102.399 E.00922
G1 X66.322 Y102.231 E.00925
G1 X66.042 Y102.004 E.00925
G1 X65.814 Y101.725 E.00924
G1 X65.645 Y101.407 E.00924
G1 X65.541 Y101.047 E.00961
G1 X65.535 Y100.782 E.0068
G1 E-3.5 F3600
;WIPE_START
G1 F7200
G1 X65.533 Y100.722 E-.02852
G1 X65.527 Y100.486 E-.11214
G1 X65.626 Y100.085 E-.19619
G1 X65.786 Y99.762 E-.17122
G1 X66.006 Y99.477 E-.17102
G1 X66.279 Y99.242 E-.1711
G1 X66.593 Y99.065 E-.17121
G1 X66.935 Y98.954 E-.17079
G1 X67.293 Y98.913 E-.17116
G1 X67.58 Y98.937 E-.13665
;WIPE_END
G1 X67.254 Y173.122 F9000
G1 E5 F2400
;TYPE:Perimeter
;WIDTH:0.439999
G1 F1800
G1 X67.353 Y173.114 E.00268
G1 X67.869 Y173.172 E.01401
G1 X68.364 Y173.332 E.01404
G1 X68.817 Y173.586 E.01401
G1 X69.21 Y173.925 E.01401
G1 X69.529 Y174.335 E.01402
G1 X69.76 Y174.801 E.01404
G1 X69.894 Y175.302 E.01399
G1 X69.926 Y175.821 E.01403
G1 X69.855 Y176.335 E.014
G1 X69.683 Y176.826 E.01404
G1 X69.367 Y177.327 E.01598
G1 X68.975 Y177.729 E.01515
G1 X68.482 Y178.057 E.01598
G1 X67.996 Y178.241 E.01402
G1 X67.483 Y178.325 E.01403
G1 X66.964 Y178.306 E.01401
G1 X66.459 Y178.184 E.01402
G1 X65.988 Y177.965 E.01402
G1 X65.57 Y177.657 E.01401
G1 X65.222 Y177.272 E.014
G1 X64.956 Y176.825 E.01404
G1 X64.784 Y176.335 E.01401
G1 X64.74 Y176.067 E.00733
G1 X64.726 Y175.506 E.01514
G1 X64.836 Y174.923 E.01601
G1 X65.044 Y174.447 E.01402
G1 X65.476 Y173.876 E.01932
G1 X65.878 Y173.548 E.014
G1 X66.338 Y173.305 E.01404
G1 X66.836 Y173.159 E.014
G1 X67.195 Y173.128 E.00972
G1 X67.264 Y173.524 F9000
G1 F1800
G1 X67.323 Y173.518 E.0016
G1 X67.76 Y173.563 E.01185
G1 X68.179 Y173.693 E.01184
G1 X68.564 Y173.903 E.01183
G1 X68.899 Y174.186 E.01183
G1 X69.172 Y174.529 E.01183
G1 X69.372 Y174.92 E.01185
G1 X69.49 Y175.343 E.01185
G1 X69.522 Y175.78 E.01182
G1 X69.467 Y176.216 E.01186
G1 X69.326 Y176.631 E.01183
G1 X69.077 Y177.044 E.01301
G1 X68.685 Y177.446 E.01515
G1 X68.279 Y177.706 E.01301
G1 X67.752 Y177.882 E.01499
G1 X67.316 Y177.925 E.01182
G1 X66.879 Y177.881 E.01185
G1 X66.46 Y177.751 E.01184
G1 X66.075 Y177.54 E.01185
G1 X65.739 Y177.258 E.01184
G1 X65.466 Y176.914 E.01185
G1 X65.267 Y176.524 E.01181
G1 X65.146 Y176.057 E.01302
G1 X65.132 Y175.495 E.01517
G1 X65.229 Y175.024 E.01298
G1 X65.47 Y174.523 E.015
G1 X65.744 Y174.181 E.01183
G1 X66.081 Y173.899 E.01186
G1 X66.467 Y173.69 E.01184
G1 X66.886 Y173.561 E.01183
G1 X67.205 Y173.53 E.00865
G1 X67.185 Y173.925 F9000
;TYPE:External perimeter
;WIDTH:0.419999
G1 F1800
G1 X67.293 Y173.913 E.00279
G1 X67.652 Y173.944 E.00924
G1 X67.998 Y174.045 E.00925
G1 X68.317 Y174.213 E.00925
G1 X68.596 Y174.44 E.00923
G1 X68.825 Y174.719 E.00926
G1 X68.994 Y175.037 E.00924
G1 X69.096 Y175.382 E.00923
G1 X69.128 Y175.741 E.00925
G1 X69.089 Y176.099 E.00924
G1 X68.979 Y176.442 E.00924
G1 X68.794 Y176.767 E.00959
G1 X68.401 Y177.17 E.01444
G1 X68.046 Y177.379 E.01057
G1 X67.59 Y177.504 E.01213
G1 X67.345 Y177.531 E.00632
G1 X66.986 Y177.5 E.00924
G1 X66.641 Y177.399 E.00922
G1 X66.322 Y177.231 E.00925
G1 X66.042 Y177.004 E.00925
G1 X65.814 Y176.725 E.00924
G1 X65.645 Y176.407 E.00924
G1 X65.541 Y176.047 E.00961
G1 X65.527 Y175.486 E.0144
G1 X65.626 Y175.085 E.0106
G1 X65.786 Y174.762 E.00925
G1 X66.006 Y174.477 E.00924
G1 X66.279 Y174.242 E.00924
G1 X66.593 Y174.065 E.00925
G1 X66.936 Y173.954 E.00925
G1 X67.125 Y173.932 E.00488
G1 E-3.5 F3600
;WIPE_START
G1 F7200
G1 X67.185 Y173.925 E-.02869
G1 X67.293 Y173.913 E-.05162
G1 X67.652 Y173.944 E-.17116
G1 X67.998 Y174.045 E-.17121
G1 X68.317 Y174.213 E-.17125
G1 X68.596 Y174.44 E-.17085
G1 X68.825 Y174.719 E-.17145
G1 X68.994 Y175.037 E-.17106
G1 X69.096 Y175.382 E-.17089
G1 X69.128 Y175.741 E-.1712
G1 X69.116 Y175.847 E-.05062
;WIPE_END
G1 X24.922 Y175.592 F9000
G1 E5 F2400
;TYPE:Perimeter
;WIDTH:0.439999
G1 F1800
G1 X24.926 Y175.623 E.00084
G1 X24.894 Y176.141 E.014
G1 X24.76 Y176.643 E.01402
G1 X24.529 Y177.108 E.01401
G1 X24.367 Y177.327 E.00735
G1 X23.975 Y177.729 E.01515
G1 X23.482 Y178.057 E.01598
G1 X22.996 Y178.241 E.01402
G1 X22.483 Y178.325 E.01403
G1 X21.964 Y178.306 E.01401
G1 X21.459 Y178.184 E.01402
G1 X20.988 Y177.965 E.01402
G1 X20.57 Y177.657 E.01401
G1 X20.222 Y177.272 E.014
G1 X19.956 Y176.825 E.01404
G1 X19.784 Y176.335 E.01401
G1 X19.74 Y176.067 E.00733
G1 X19.726 Y175.506 E.01514
G1 X19.836 Y174.923 E.01601
G1 X20.044 Y174.447 E.01402
G1 X20.341 Y174.022 E.01399
G1 X20.717 Y173.663 E.01403
G1 X21.157 Y173.387 E.01402
G1 X21.643 Y173.203 E.01402
G1 X22.155 Y173.119 E.014
G1 X22.674 Y173.138 E.01401
G1 X23.179 Y173.259 E.01401
G1 X23.65 Y173.479 E.01403
G1 X24.068 Y173.787 E.01401
G1 X24.417 Y174.172 E.01402
G1 X24.683 Y174.618 E.01401
G1 X24.855 Y175.108 E.01401
G1 X24.913 Y175.532 E.01155
G1 X24.51 Y175.613 F9000
G1 F1800
G1 X24.522 Y175.78 E.00452
G1 X24.467 Y176.216 E.01186
G1 X24.326 Y176.631 E.01183
G1 X24.077 Y177.044 E.01301
G1 X23.685 Y177.446 E.01515
G1 X23.178 Y177.752 E.01598
G1 X22.752 Y177.882 E.01202
G1 X22.316 Y177.925 E.01182
G1 X21.879 Y177.881 E.01185
G1 X21.46 Y177.751 E.01184
G1 X21.075 Y177.54 E.01185
G1 X20.739 Y177.258 E.01184
G1 X20.466 Y176.914 E.01185
G1 X20.267 Y176.524 E.01181
G1 X20.146 Y176.057 E.01302
G1 X20.132 Y175.495 E.01517
G1 X20.229 Y175.024 E.01298
G1 X20.47 Y174.523 E.015
G1 X20.744 Y174.181 E.01183
G1 X21.081 Y173.899 E.01186
G1 X21.467 Y173.69 E.01184
G1 X21.886 Y173.561 E.01183
G1 X22.323 Y173.518 E.01185
G1 X22.76 Y173.563 E.01185
G1 X23.07 Y173.65 E.00869
G1 X23.564 Y173.903 E.01498
G1 X23.899 Y174.186 E.01183
G1 X24.172 Y174.529 E.01183
G1 X24.372 Y174.92 E.01185
G1 X24.49 Y175.343 E.01185
G1 X24.505 Y175.553 E.00568
G1 X24.111 Y175.543 F9000
;TYPE:External perimeter
;WIDTH:0.419999
G1 F1800
G1 X24.128 Y175.741 E.0051
G1 X24.089 Y176.099 E.00924
G1 X23.979 Y176.442 E.00924
G1 X23.794 Y176.767 E.00959
G1 X23.401 Y177.17 E.01444
G1 X23.046 Y177.379 E.01057
G1 X22.703 Y177.49 E.00925
G1 X22.345 Y177.531 E.00924
G1 X21.986 Y177.5 E.00924
G1 X21.641 Y177.399 E.00922
G1 X21.322 Y177.231 E.00925
G1 X21.042 Y177.004 E.00925
G1 X20.814 Y176.725 E.00924
G1 X20.645 Y176.407 E.00924
G1 X20.541 Y176.047 E.00961
G1 X20.527 Y175.486 E.0144
G1 X20.626 Y175.085 E.0106
G1 X20.786 Y174.762 E.00925
G1 X21.006 Y174.477 E.00924
G1 X21.279 Y174.242 E.00924
G1 X21.593 Y174.065 E.00925
G1 X21.936 Y173.954 E.00925
G1 X22.293 Y173.913 E.00922
G1 X22.652 Y173.944 E.00924
G1 X22.962 Y174.031 E.00826
G1 X23.317 Y174.213 E.01023
G1 X23.596 Y174.44 E.00923
G1 X23.825 Y174.719 E.00926
G1 X23.994 Y175.037 E.00924
G1 X24.096 Y175.382 E.00923
G1 X24.105 Y175.483 E.0026
G1 E-3.5 F3600
;WIPE_START
G1 F7200
G1 X24.111 Y175.543 E-.02864
G1 X24.128 Y175.741 E-.0944
G1 X24.089 Y176.099 E-.17106
G1 X23.979 Y176.442 E-.1711
G1 X23.794 Y176.767 E-.17763
G1 X23.401 Y177.17 E-.26738
G1 X23.046 Y177.379 E-.19568
G1 X22.703 Y177.49 E-.17124
G1 X22.345 Y177.531 E-.17116
G1 X22.237 Y177.522 E-.05171
;WIPE_END
G1 X22.384 Y28.321 F9000
G1 E5 F2400
;TYPE:Perimeter
;WIDTH:0.439999
G1 F1800
G1 X21.964 Y28.306 E.01134
G1 X21.459 Y28.184 E.01402
G1 X20.988 Y27.965 E.01402
G1 X20.57 Y27.657 E.01401
G1 X20.222 Y27.272 E.014
G1 X19.956 Y26.825 E.01404
G1 X19.784 Y26.335 E.01401
G1 X19.74 Y26.067 E.00733
G1 X19.726 Y25.506 E.01514
G1 X19.836 Y24.923 E.01601
G1 X20.044 Y24.447 E.01402
G1 X20.341 Y24.022 E.01399
G1 X20.717 Y23.663 E.01403
G1 X21.157 Y23.387 E.01402
G1 X21.643 Y23.203 E.01402
G1 X22.155 Y23.119 E.014
G1 X22.674 Y23.138 E.01401
G1 X23.179 Y23.259 E.01401
G1 X23.65 Y23.479 E.01403
G1 X24.068 Y23.787 E.01401
G1 X24.417 Y24.172 E.01402
G1 X24.683 Y24.618 E.01401
G1 X24.855 Y25.108 E.01401
G1 X24.926 Y25.623 E.01403
G1 X24.894 Y26.141 E.014
G1 X24.83 Y26.405 E.00733
G1 X24.625 Y26.928 E.01516
G1 X24.297 Y27.422 E.016
G1 X23.921 Y27.78 E.01401
G1 X23.482 Y28.057 E.01401
G1 X22.996 Y28.241 E.01402
G1 X22.483 Y28.325 E.01403
G1 X22.444 Y28.324 E.00105
G1 X22.374 Y27.92 F9000
G1 F1800
G1 X22.316 Y27.925 E.00157
G1 X21.879 Y27.881 E.01185
G1 X21.46 Y27.751 E.01184
G1 X21.075 Y27.54 E.01185
G1 X20.739 Y27.258 E.01184
G1 X20.466 Y26.914 E.01185
G1 X20.267 Y26.524 E.01181
G1 X20.146 Y26.057 E.01302
G1 X20.132 Y25.495 E.01517
G1 X20.229 Y25.024 E.01298
G1 X20.47 Y24.523 E.015
G1 X20.744 Y24.181 E.01183
G1 X21.081 Y23.899 E.01186
G1 X21.467 Y23.69 E.01184
G1 X22 Y23.547 E.01489
G1 X22.323 Y23.518 E.00875
G1 X22.76 Y23.563 E.01185
G1 X23.179 Y23.693 E.01184
G1 X23.564 Y23.903 E.01183
G1 X23.899 Y24.186 E.01183
G1 X24.172 Y24.529 E.01183
G1 X24.372 Y24.92 E.01185
G1 X24.49 Y25.343 E.01185
G1 X24.522 Y25.78 E.01182
G1 X24.452 Y26.257 E.01301
G1 X24.247 Y26.78 E.01516
G1 X23.974 Y27.177 E.013
G1 X23.558 Y27.545 E.01499
G1 X23.172 Y27.754 E.01184
G1 X22.752 Y27.882 E.01185
G1 X22.434 Y27.914 E.00862
G1 X22.454 Y27.518 F9000
;TYPE:External perimeter
;WIDTH:0.419999
G1 F1800
G1 X22.345 Y27.531 E.00282
G1 X21.986 Y27.5 E.00924
G1 X21.641 Y27.399 E.00922
G1 X21.322 Y27.231 E.00925
G1 X21.042 Y27.004 E.00925
G1 X20.814 Y26.725 E.00924
G1 X20.645 Y26.407 E.00924
G1 X20.541 Y26.047 E.00961
G1 X20.527 Y25.486 E.0144
G1 X20.626 Y25.085 E.0106
G1 X20.786 Y24.762 E.00925
G1 X21.006 Y24.477 E.00924
G1 X21.279 Y24.242 E.00924
G1 X21.593 Y24.065 E.00925
G1 X22.049 Y23.94 E.01213
G1 X22.293 Y23.913 E.0063
G1 X22.652 Y23.944 E.00924
G1 X22.998 Y24.045 E.00925
G1 X23.317 Y24.213 E.00925
G1 X23.596 Y24.44 E.00923
G1 X23.825 Y24.719 E.00926
G1 X23.994 Y25.037 E.00924
G1 X24.096 Y25.382 E.00923
G1 X24.128 Y25.741 E.00925
G1 X24.084 Y26.113 E.00961
G1 X23.879 Y26.636 E.01441
G1 X23.632 Y26.966 E.01057
G1 X23.36 Y27.202 E.00924
G1 X23.046 Y27.379 E.00925
G1 X22.703 Y27.49 E.00925
G1 X22.514 Y27.512 E.00488
G1 E-3.5 F3600
;WIPE_START
G1 F7200
G1 X22.454 Y27.518 E-.02864
G1 X22.345 Y27.531 E-.05214
G1 X21.986 Y27.5 E-.17116
G1 X21.641 Y27.399 E-.17075
G1 X21.322 Y27.231 E-.17125
G1 X21.042 Y27.004 E-.17122
G1 X20.814 Y26.725 E-.17115
G1 X20.645 Y26.407 E-.17106
G1 X20.541 Y26.047 E-.17799
G1 X20.53 Y25.595 E-.21464
;WIPE_END
G1 X64.735 Y25.851 F9000
G1 E5 F2400
;TYPE:Perimeter
;WIDTH:0.439999
G1 F1800
G1 X64.726 Y25.506 E.00931
G1 X64.836 Y24.923 E.01601
G1 X65.044 Y24.447 E.01402
G1 X65.341 Y24.022 E.01399
G1 X65.717 Y23.663 E.01403
G1 X66.157 Y23.387 E.01402
G1 X66.643 Y23.203 E.01402
G1 X67.155 Y23.119 E.014
G1 X67.869 Y23.172 E.01932
G1 X68.364 Y23.332 E.01404
G1 X68.817 Y23.586 E.01401
G1 X69.21 Y23.925 E.01401
G1 X69.529 Y24.335 E.01402
G1 X69.76 Y24.801 E.01404
G1 X69.894 Y25.302 E.01399
G1 X69.926 Y25.821 E.01403
G1 X69.83 Y26.405 E.01597
G1 X69.625 Y26.928 E.01516
G1 X69.297 Y27.422 E.016
G1 X68.921 Y27.78 E.01401
G1 X68.482 Y28.057 E.01401
G1 X67.996 Y28.241 E.01402
G1 X67.483 Y28.325 E.01403
G1 X66.964 Y28.306 E.01401
G1 X66.459 Y28.184 E.01402
G1 X65.988 Y27.965 E.01402
G1 X65.57 Y27.657 E.01401
G1 X65.222 Y27.272 E.014
G1 X64.956 Y26.825 E.01404
G1 X64.784 Y26.335 E.01401
G1 X64.74 Y26.067 E.00733
G1 X64.736 Y25.911 E.00421
G1 X65.14 Y25.831 F9000
G1 F1800
G1 X65.132 Y25.495 E.00907
G1 X65.229 Y25.024 E.01298
G1 X65.47 Y24.523 E.015
G1 X65.744 Y24.181 E.01183
G1 X66.081 Y23.899 E.01186
G1 X66.467 Y23.69 E.01184
G1 X66.886 Y23.561 E.01183
G1 X67.323 Y23.518 E.01185
G1 X67.76 Y23.563 E.01185
G1 X68.179 Y23.693 E.01184
G1 X68.564 Y23.903 E.01183
G1 X68.899 Y24.186 E.01183
G1 X69.172 Y24.529 E.01183
G1 X69.372 Y24.92 E.01185
G1 X69.49 Y25.343 E.01185
G1 X69.522 Y25.78 E.01182
G1 X69.452 Y26.257 E.01301
G1 X69.247 Y26.78 E.01516
G1 X68.974 Y27.177 E.013
G1 X68.558 Y27.545 E.01499
G1 X68.172 Y27.754 E.01184
G1 X67.752 Y27.882 E.01185
G1 X67.316 Y27.925 E.01182
G1 X66.879 Y27.881 E.01185
G1 X66.46 Y27.751 E.01184
G1 X66.075 Y27.54 E.01185
G1 X65.739 Y27.258 E.01184
G1 X65.466 Y26.914 E.01185
G1 X65.267 Y26.524 E.01181
G1 X65.146 Y26.057 E.01302
G1 X65.142 Y25.891 E.00448
G1 X65.538 Y25.9 F9000
;TYPE:External perimeter
;WIDTH:0.419999
G1 F1800
G1 X65.527 Y25.486 E.01062
G1 X65.626 Y25.085 E.0106
G1 X65.786 Y24.762 E.00925
G1 X66.006 Y24.477 E.00924
G1 X66.279 Y24.242 E.00924
G1 X66.593 Y24.065 E.00925
G1 X66.936 Y23.954 E.00925
G1 X67.293 Y23.913 E.00922
G1 X67.652 Y23.944 E.00924
G1 X67.998 Y24.045 E.00925
G1 X68.317 Y24.213 E.00925
G1 X68.596 Y24.44 E.00923
G1 X68.825 Y24.719 E.00926
G1 X68.994 Y25.037 E.00924
G1 X69.096 Y25.382 E.00923
G1 X69.128 Y25.741 E.00925
G1 X69.084 Y26.113 E.00961
G1 X68.879 Y26.636 E.01441
G1 X68.632 Y26.966 E.01057
G1 X68.36 Y27.202 E.00924
G1 X68.046 Y27.379 E.00925
G1 X67.703 Y27.49 E.00925
G1 X67.345 Y27.531 E.00924
G1 X66.986 Y27.5 E.00924
G1 X66.641 Y27.399 E.00922
G1 X66.322 Y27.231 E.00925
G1 X66.042 Y27.004 E.00925
G1 X65.814 Y26.725 E.00924
G1 X65.645 Y26.407 E.00924
G1 X65.541 Y26.047 E.00961
G1 X65.539 Y25.96 E.00223
G1 E-3.5 F3600
;WIPE_START
G1 F7200
G1 X65.538 Y25.9 E-.0285
G1 X65.527 Y25.486 E-.19672
G1 X65.626 Y25.085 E-.19619
G1 X65.786 Y24.762 E-.17122
G1 X66.006 Y24.477 E-.17102
G1 X66.279 Y24.242 E-.1711
G1 X66.593 Y24.065 E-.17121
G1 X66.936 Y23.954 E-.17124
G1 X67.293 Y23.913 E-.17069
G1 X67.402 Y23.922 E-.05211
;WIPE_END
G1 X61.524 Y18.016 F9000
G1 E5 F2400
;TYPE:Perimeter
;WIDTH:0.439999
G1 F3600
G1 X61.304 Y17.827 E.00783
G1 X60.837 Y17.711 E.01298
G1 X28.674 Y17.711 E.86791
G1 X28.334 Y17.827 E.00969
G1 X28.007 Y18.108 E.01163
G1 X27.848 Y18.426 E.00959
G1 X27.808 Y18.705 E.00761
G1 X27.808 Y184.711 E4.47964
G1 X18.331 Y184.711 E.25574
G1 X18.331 Y16.733 E4.53286
G1 X71.308 Y16.733 E1.42957
G1 X71.308 Y184.711 E4.53286
G1 X61.831 Y184.711 E.25574
G1 X61.831 Y18.705 E4.47964
G1 X61.791 Y18.426 E.00761
G1 X61.632 Y18.108 E.00959
G1 X61.57 Y18.055 E.0022
G1 X61.243 Y18.297 F9000
G1 F3600
G1 X61.113 Y18.185 E.00463
G1 X60.837 Y18.116 E.00768
G1 X28.802 Y18.116 E.86446
G1 X28.525 Y18.185 E.0077
G1 X28.331 Y18.352 E.00691
G1 X28.237 Y18.54 E.00567
G1 X28.214 Y18.705 E.0045
G1 X28.214 Y185.116 E4.49057
G1 X17.925 Y185.116 E.27765
G1 X17.925 Y16.328 E4.55471
G1 X71.714 Y16.328 E1.45149
G1 X71.714 Y185.116 E4.55471
G1 X61.425 Y185.116 E.27765
G1 X61.425 Y18.587 E4.49375
G1 X61.307 Y18.352 E.0071
G1 X61.289 Y18.336 E.00065
G1 X60.962 Y18.575 F9000
;TYPE:External perimeter
;WIDTH:0.419999
G1 F1800
G1 X60.837 Y18.512 E.00359
G1 X28.802 Y18.512 E.82184
G1 X28.648 Y18.589 E.00442
G1 X28.609 Y18.705 E.00314
G1 X28.609 Y185.512 E4.27933
G1 X17.529 Y185.512 E.28425
G1 X17.529 Y15.932 E4.35047
G1 X72.109 Y15.932 E1.40022
G1 X72.109 Y185.512 E4.35047
G1 X61.029 Y185.512 E.28425
G1 X61.029 Y18.705 E4.27933
G1 X61 Y18.615 E.00243
G1 X59.502 Y17.398 F9000
;TYPE:Internal infill
;WIDTH:0.44
G1 F3600
G1 X60.91 Y17.413 E.038
G1 X60.91 Y17.372 E.00111
G1 X60.584 Y17.046 E.01244
G1 X59.652 Y17.046 E.02515
G1 X59.3 Y17.398 E.01343
G1 X53.287 Y17.398 E.16226
G1 X52.934 Y17.046 E.01345
G1 X52.003 Y17.046 E.02512
G1 X51.65 Y17.398 E.01345
G1 X45.638 Y17.398 E.16223
G1 X45.285 Y17.046 E.01345
G1 X44.354 Y17.046 E.02512
G1 X44.001 Y17.398 E.01345
G1 X37.988 Y17.398 E.16226
G1 X37.636 Y17.046 E.01343
G1 X36.704 Y17.046 E.02515
G1 X36.352 Y17.398 E.01343
G1 X30.339 Y17.398 E.16226
G1 X29.986 Y17.046 E.01345
G1 X29.055 Y17.046 E.02512
G1 X28.728 Y17.372 E.01246
G1 X30.136 Y17.398 E.038
G1 E-3.5
;WIPE_START
G1 F7200
G1 X28.728 Y17.372 E-.66891
G1 X29.055 Y17.046 E-.21933
G1 X29.986 Y17.046 E-.44223
G1 X30.239 Y17.298 E-.16953
;WIPE_END
G1 X25.62 Y100.767 F9000
G1 E5 F2400
;TYPE:Solid infill
;WIDTH:0.43999
G1 F3600
G1 X25.619 Y101.079 E.00842
G1 X25.643 Y101.16 E.00228
G1 X27.09 Y102.607 E.05522
G1 X27.09 Y102.033 E.01549
G1 X25.621 Y100.565 E.05604
G1 E-3.5
;WIPE_START
G1 F7200
G1 X27.09 Y102.033 E-.98647
G1 X27.09 Y102.607 E-.27265
G1 X26.731 Y102.249 E-.24088
;WIPE_END
G1 X18.788 Y176.065 F9000
G1 E5 F2400
;WIDTH:0.439999
G1 F3600
G1 X18.968 Y176.004 E.00513
G1 X19.237 Y176.219 E.00929
G1 X19.527 Y176.508 E.01105
G1 X19.428 Y176.069 E.01214
G1 X19.414 Y175.49 E.01563
G1 X19.53 Y174.863 E.01721
G1 X19.757 Y174.324 E.01578
G1 X20.085 Y173.844 E.01569
G1 X20.501 Y173.438 E.01569
G1 X20.99 Y173.123 E.0157
G1 X21.214 Y173.032 E.00652
G1 X18.643 Y170.461 E.09812
G1 X18.643 Y176.206 E.15503
G1 X19.03 Y175.622 E.01891
;WIDTH:0.41011
G1 X19.034 Y175.373 E.00622
;WIDTH:0.439999
G1 X19.049 Y174.778 E.01606
G1 X19.049 Y171.441 E.09005
G1 X20.537 Y172.93 E.0568
G1 X20.22 Y173.145 E.01034
G1 X19.751 Y173.613 E.01788
G1 X19.384 Y174.163 E.01784
G1 X19.131 Y174.786 E.01814
G1 X19.067 Y175.173 E.01058
G1 X19.447 Y173.358 F9000
;WIDTH:0.425804
G1 F3600
G1 X19.447 Y172.403 E.02487
G1 X19.923 Y172.878 E.01751
G1 X19.59 Y173.214 E.01232
G1 E-3.5
;WIPE_START
G1 F7200
G1 X19.923 Y172.878 E-.2247
G1 X19.447 Y172.403 E-.31942
G1 X19.447 Y173.358 E-.45363
;WIPE_END
G1 E-.50225 F3600
G1 X21.639 Y172.884 F9000
G1 E5 F2400
;WIDTH:0.439999
G1 F3600
G1 X18.643 Y169.888 E.11433
G1 X18.503 Y169.699 E.00635
;WIDTH:0.409002
G1 X18.515 Y169.744 E.00116
G1 X18.437 Y169.765 E.00201
G1 X18.458 Y169.687 E.00201
;WIDTH:0.439999
G1 X18.643 Y169.314 E.01124
G1 X22.137 Y172.808 E.13334
G1 X23.01 Y172.946 F9000
;WIDTH:0.374336
G1 F3600
G1 X22.991 Y173.017 E.00166
G1 X23.062 Y172.998 E.00166
G1 X23.051 Y172.957 E.00096
;WIDTH:0.407168
G1 X22.892 Y172.894 E.00424
;WIDTH:0.439999
G1 X22.734 Y172.831 E.00459
G1 X18.643 Y168.74 E.15612
G1 X18.643 Y168.167 E.01546
G1 X23.555 Y173.079 E.18745
G1 X23.842 Y173.296 E.00971
;WIDTH:0.374336
G1 X24.219 Y173.62 E.01124
G1 X24.604 Y174.024 E.01262
G1 E-3.5
;WIPE_START
G1 F7200
G1 X24.219 Y173.62 E-.26508
G1 X23.842 Y173.296 E-.23612
G1 X23.555 Y173.079 E-.17091
G1 X22.323 Y171.846 E-.82789
;WIPE_END
G1 X18.737 Y184.304 F9000
G1 E5 F2400
;WIDTH:0.538422
G1 F3600
G1 X18.753 Y184.365 E.00211
G1 X18.709 Y184.41 E.00211
G1 X18.648 Y184.394 E.00211
G1 X18.631 Y184.333 E.00212
G1 X18.676 Y184.288 E.00213
;WIDTH:0.439999
G1 X19.385 Y184.398 E.01936
G1 X18.643 Y183.656 E.02832
G1 X18.502 Y183.468 E.00634
;WIDTH:0.402606
G1 X18.514 Y183.513 E.00114
G1 X18.437 Y183.533 E.00195
G1 X18.458 Y183.456 E.00196
;WIDTH:0.439999
G1 X18.643 Y183.083 E.01124
G1 X19.958 Y184.398 E.05018
G1 X20.532 Y184.398 E.01549
G1 X18.643 Y182.509 E.07209
G1 X18.643 Y181.935 E.01549
G1 X21.106 Y184.398 E.09399
G1 X21.68 Y184.398 E.01549
G1 X18.643 Y181.362 E.11588
G1 X18.643 Y180.788 E.01549
G1 X22.253 Y184.398 E.13777
G1 X22.827 Y184.398 E.01549
G1 X18.643 Y180.214 E.15967
G1 X18.643 Y179.641 E.01546
G1 X23.401 Y184.398 E.18156
G1 X23.974 Y184.398 E.01546
G1 X18.643 Y179.067 E.20344
G1 X18.643 Y178.493 E.01549
G1 X24.548 Y184.398 E.22535
G1 X25.122 Y184.398 E.01549
G1 X18.643 Y177.92 E.24723
G1 X18.643 Y177.346 E.01549
G1 X25.695 Y184.398 E.26912
G1 X26.269 Y184.398 E.01549
G1 X18.643 Y176.772 E.29103
G1 X18.936 Y176.491 E.01095
G1 X26.843 Y184.398 E.30175
G1 X27.416 Y184.398 E.01546
G1 X21.546 Y178.528 E.22401
G1 X21.418 Y178.424 E.00445
;WIDTH:0.407168
G1 X21.29 Y178.32 E.00409
;WIDTH:0.374336
G1 X21.301 Y178.361 E.00096
G1 X21.229 Y178.38 E.00168
G1 X21.248 Y178.309 E.00166
G1 X22.228 Y178.636 F9000
;WIDTH:0.439999
G1 F3600
G1 X27.496 Y183.904 E.20104
G1 X27.496 Y183.33 E.01549
G1 X22.767 Y178.601 E.18047
G1 X23.227 Y178.487 E.01279
G1 X27.496 Y182.756 E.16291
G1 X27.496 Y182.183 E.01546
G1 X23.63 Y178.317 E.14754
G1 X23.994 Y178.107 E.01134
G1 X27.496 Y181.609 E.13364
G1 X27.496 Y181.035 E.01549
G1 X24.302 Y177.841 E.12189
G1 X24.585 Y177.551 E.01093
G1 X27.496 Y180.462 E.11109
G1 X27.496 Y179.888 E.01549
G1 X24.825 Y177.217 E.10193
G1 X25.017 Y176.835 E.01154
G1 X27.496 Y179.314 E.0946
G1 E-3.5
;WIPE_START
G1 F7200
G1 X25.263 Y177.081 E-1.5
;WIPE_END
G1 X25.036 Y174.685 F9000
G1 E5 F2400
G1 F3600
G1 X25.149 Y175.004 E.00913
G1 X25.241 Y175.696 E.01884
G1 X25.193 Y176.251 E.01503
G1 X25.16 Y176.405 E.00425
G1 X27.496 Y178.74 E.08913
G1 X27.496 Y176.876 E.0503
G1 X27.352 Y176.876 E.00389
G1 X24.969 Y174.494 E.09092
G1 E-3.5
;WIPE_START
G1 F7200
G1 X27.203 Y176.726 E-1.5
;WIPE_END
G1 X27.496 Y176.446 F9000
G1 E5 F2400
G1 F3600
G1 X18.643 Y167.593 E.33785
G1 X18.643 Y167.019 E.01549
G1 X27.496 Y175.872 E.33785
G1 X27.496 Y175.298 E.01549
G1 X18.643 Y166.446 E.33783
G1 X18.643 Y165.872 E.01549
G1 X27.496 Y174.725 E.33785
G1 X27.496 Y174.151 E.01549
G1 X18.643 Y165.298 E.33785
G1 X18.643 Y164.725 E.01546
G1 X27.496 Y173.577 E.33783
G1 X27.496 Y173.003 E.01549
G1 X18.643 Y164.151 E.33783
G1 X18.643 Y163.577 E.01549
G1 X27.496 Y172.43 E.33785
G1 X27.496 Y171.856 E.01549
G1 X18.643 Y163.003 E.33785
G1 X18.643 Y162.43 E.01546
G1 X27.496 Y171.282 E.33783
G1 X27.496 Y170.709 E.01546
G1 X18.643 Y161.856 E.33785
G1 X18.643 Y161.282 E.01549
G1 X27.496 Y170.135 E.33785
G1 X27.496 Y169.561 E.01549
G1 X18.643 Y160.709 E.33783
G1 X18.643 Y160.135 E.01549
G1 X27.496 Y168.988 E.33785
G1 X27.496 Y168.414 E.01549
G1 X18.643 Y159.561 E.33785
G1 X18.643 Y158.988 E.01546
G1 X27.496 Y167.84 E.33783
G1 X27.496 Y167.267 E.01546
G1 X18.643 Y158.414 E.33785
G1 X18.643 Y157.84 E.01549
G1 X27.496 Y166.693 E.33785
G1 X27.496 Y166.119 E.01549
G1 X18.643 Y157.267 E.33783
G1 X18.643 Y156.693 E.01549
G1 X27.496 Y165.545 E.33783
G1 X27.496 Y164.972 E.01546
G1 X18.643 Y156.119 E.33785
G1 X18.643 Y155.545 E.01549
G1 X27.496 Y164.398 E.33785
G1 X27.496 Y163.824 E.01549
G1 X18.643 Y154.972 E.33783
G1 X18.643 Y154.398 E.01549
G1 X27.496 Y163.251 E.33785
G1 X27.496 Y162.677 E.01549
G1 X18.643 Y153.824 E.33785
G1 X18.643 Y153.251 E.01546
G1 X27.496 Y162.103 E.33783
G1 X27.496 Y161.53 E.01546
G1 X18.643 Y152.677 E.33785
G1 X18.643 Y152.103 E.01549
G1 X27.496 Y160.956 E.33785
G1 X27.496 Y160.382 E.01549
G1 X18.643 Y151.53 E.33783
G1 X18.643 Y150.956 E.01549
G1 X27.496 Y159.809 E.33785
G1 X27.496 Y159.235 E.01549
G1 X18.643 Y150.382 E.33785
G1 X18.643 Y149.808 E.01549
G1 X27.496 Y158.661 E.33785
G1 X27.496 Y158.087 E.01549
G1 X18.643 Y149.235 E.33783
G1 X18.643 Y148.661 E.01549
G1 X27.496 Y157.514 E.33785
G1 X27.496 Y156.94 E.01549
G1 X18.643 Y148.087 E.33785
G1 X18.643 Y147.514 E.01546
G1 X27.496 Y156.366 E.33783
G1 X27.496 Y155.793 E.01546
G1 X18.643 Y146.94 E.33785
G1 X18.643 Y146.366 E.01549
G1 X27.496 Y155.219 E.33785
G1 X27.496 Y154.645 E.01549
G1 X18.643 Y145.793 E.33783
G1 X18.643 Y145.219 E.01549
G1 X27.496 Y154.072 E.33785
G1 X27.496 Y153.498 E.01549
G1 X18.643 Y144.645 E.33785
G1 X18.643 Y144.072 E.01546
G1 X27.496 Y152.924 E.33783
G1 X27.496 Y152.351 E.01546
G1 X18.643 Y143.498 E.33785
G1 X18.643 Y142.924 E.01549
G1 X27.496 Y151.777 E.33785
G1 X27.496 Y151.203 E.01549
G1 X18.643 Y142.35 E.33785
G1 X18.643 Y141.777 E.01546
G1 X27.496 Y150.629 E.33783
G1 X27.496 Y150.056 E.01546
G1 X18.643 Y141.203 E.33785
G1 X18.643 Y140.629 E.01549
G1 X27.496 Y149.482 E.33785
G1 X27.496 Y148.908 E.01549
G1 X18.643 Y140.056 E.33783
G1 X18.643 Y139.482 E.01549
G1 X27.496 Y148.335 E.33785
G1 X27.496 Y147.761 E.01549
G1 X18.643 Y138.908 E.33785
G1 X18.643 Y138.335 E.01546
G1 X27.496 Y147.187 E.33783
G1 X27.496 Y146.614 E.01546
G1 X18.643 Y137.761 E.33785
G1 X18.643 Y137.187 E.01549
G1 X27.496 Y146.04 E.33785
G1 X27.496 Y145.466 E.01549
G1 X18.643 Y136.614 E.33783
G1 X18.643 Y136.04 E.01549
G1 X27.496 Y144.892 E.33783
G1 X27.496 Y144.319 E.01546
G1 X18.643 Y135.466 E.33785
G1 X18.643 Y134.892 E.01549
G1 X27.496 Y143.745 E.33785
G1 X27.496 Y143.171 E.01549
G1 X18.643 Y134.319 E.33783
G1 X18.643 Y133.745 E.01549
G1 X27.496 Y142.598 E.33785
G1 X27.496 Y142.024 E.01549
G1 X18.643 Y133.171 E.33785
G1 X18.643 Y132.598 E.01546
G1 X27.496 Y141.45 E.33783
G1 X27.496 Y140.877 E.01546
G1 X18.643 Y132.024 E.33785
G1 X18.643 Y131.45 E.01549
G1 X27.496 Y140.303 E.33785
G1 X27.496 Y139.729 E.01549
G1 X18.643 Y130.877 E.33783
G1 X18.643 Y130.303 E.01549
G1 X27.496 Y139.156 E.33785
G1 X27.496 Y138.582 E.01549
G1 X18.643 Y129.729 E.33785
G1 X18.643 Y129.156 E.01546
G1 X27.496 Y138.008 E.33783
G1 X27.496 Y137.434 E.01549
G1 X18.643 Y128.582 E.33783
G1 X18.643 Y128.008 E.01549
G1 X27.496 Y136.861 E.33785
G1 X27.496 Y136.287 E.01549
G1 X18.643 Y127.434 E.33785
G1 X18.643 Y126.861 E.01546
G1 X27.496 Y135.713 E.33783
G1 X27.496 Y135.14 E.01546
G1 X18.643 Y126.287 E.33785
G1 X18.643 Y125.713 E.01549
G1 X27.496 Y134.566 E.33785
G1 X27.496 Y133.992 E.01549
G1 X18.643 Y125.14 E.33783
G1 X18.643 Y124.566 E.01549
G1 X27.496 Y133.419 E.33785
G1 X27.496 Y132.845 E.01549
G1 X18.643 Y123.992 E.33785
G1 X18.643 Y123.419 E.01546
G1 X27.496 Y132.271 E.33783
G1 X27.496 Y131.698 E.01546
G1 X18.643 Y122.845 E.33785
G1 X18.643 Y122.271 E.01549
G1 X27.496 Y131.124 E.33785
G1 X27.496 Y130.55 E.01549
G1 X18.643 Y121.697 E.33785
G1 X18.643 Y121.124 E.01546
G1 X27.496 Y129.976 E.33783
G1 X27.496 Y129.403 E.01546
G1 X18.643 Y120.55 E.33785
G1 X18.643 Y119.976 E.01549
G1 X27.496 Y128.829 E.33785
G1 X27.496 Y128.255 E.01549
G1 X18.643 Y119.403 E.33783
G1 X18.643 Y118.829 E.01549
G1 X27.496 Y127.682 E.33785
G1 X27.496 Y127.108 E.01549
G1 X18.643 Y118.255 E.33785
G1 X18.643 Y117.682 E.01546
G1 X27.496 Y126.534 E.33783
G1 X27.496 Y125.961 E.01546
G1 X18.643 Y117.108 E.33785
G1 X18.643 Y116.534 E.01549
G1 X27.496 Y125.387 E.33785
G1 X27.496 Y124.813 E.01549
G1 X18.643 Y115.961 E.33783
G1 X18.643 Y115.387 E.01549
G1 X27.496 Y124.239 E.33783
G1 X27.496 Y123.666 E.01546
G1 X18.643 Y114.813 E.33785
G1 X18.643 Y114.239 E.01549
G1 X27.496 Y123.092 E.33785
G1 X27.496 Y122.518 E.01549
G1 X18.643 Y113.666 E.33783
G1 X18.643 Y113.092 E.01549
G1 X27.496 Y121.945 E.33785
G1 X27.496 Y121.371 E.01549
G1 X18.643 Y112.518 E.33785
G1 X18.643 Y111.945 E.01546
G1 X27.496 Y120.797 E.33783
G1 X27.496 Y120.224 E.01546
G1 X18.643 Y111.371 E.33785
G1 X18.643 Y110.797 E.01549
G1 X27.496 Y119.65 E.33785
G1 X27.496 Y119.076 E.01549
G1 X18.643 Y110.224 E.33783
G1 X18.643 Y109.65 E.01549
G1 X27.496 Y118.503 E.33785
G1 X27.496 Y117.929 E.01549
G1 X18.643 Y109.076 E.33785
G1 X18.643 Y108.503 E.01546
G1 X27.496 Y117.355 E.33783
G1 X27.496 Y116.781 E.01549
G1 X18.643 Y107.929 E.33783
G1 X18.643 Y107.355 E.01549
G1 X27.496 Y116.208 E.33785
G1 X27.496 Y115.634 E.01549
G1 X18.643 Y106.781 E.33785
G1 X18.643 Y106.208 E.01546
G1 X27.496 Y115.06 E.33783
G1 X27.496 Y114.487 E.01546
G1 X18.643 Y105.634 E.33785
G1 X18.643 Y105.06 E.01549
G1 X27.496 Y113.913 E.33785
G1 X27.496 Y113.339 E.01549
G1 X18.643 Y104.487 E.33783
G1 X18.643 Y103.913 E.01549
G1 X27.496 Y112.766 E.33785
G1 X27.496 Y112.192 E.01549
G1 X18.643 Y103.339 E.33785
G1 X18.643 Y102.766 E.01546
G1 X27.496 Y111.618 E.33783
G1 X27.496 Y111.045 E.01546
G1 X18.643 Y102.192 E.33785
G1 X18.643 Y101.618 E.01549
G1 X27.496 Y110.471 E.33785
G1 X27.496 Y109.897 E.01549
G1 X20.835 Y103.237 E.25418
G1 X20.692 Y103.115 E.00507
;WIDTH:0.409368
G1 X20.549 Y102.993 E.00469
;WIDTH:0.420112
G1 X19.859 Y102.274 E.02557
G1 X18.643 Y101.183 F9000
;WIDTH:0.439999
G1 F3600
G1 X18.643 Y95.308 E.15854
G1 X21.331 Y97.995 E.10256
G1 X20.99 Y98.123 E.00983
G1 X20.501 Y98.438 E.0157
G1 X20.085 Y98.844 E.01569
G1 X19.757 Y99.324 E.01569
G1 X19.53 Y99.863 E.01578
G1 X19.414 Y100.49 E.01721
G1 X19.433 Y101.11 E.01674
G1 X19.591 Y101.76 E.01805
G1 X19.834 Y102.244 E.01461
G1 X18.828 Y101.23 E.03854
G1 X19.033 Y100.885 E.01083
;WIDTH:0.410114
G1 X19.034 Y100.373 E.0128
;WIDTH:0.439999
G1 X19.049 Y99.778 E.01606
G1 X19.049 Y96.287 E.0942
G1 X20.632 Y97.87 E.06041
G1 X20.315 Y98.071 E.01013
G1 X19.751 Y98.613 E.02111
G1 X19.384 Y99.163 E.01784
G1 X19.131 Y99.786 E.01814
G1 X19.067 Y100.173 E.01058
G1 X19.463 Y98.314 F9000
;WIDTH:0.458136
G1 F3600
G1 X19.463 Y97.288 E.02892
G1 X19.983 Y97.807 E.02071
G1 X19.606 Y98.17 E.01475
G1 E-3.5
;WIPE_START
G1 F7200
G1 X19.983 Y97.807 E-.24859
G1 X19.463 Y97.288 E-.34898
G1 X19.463 Y98.314 E-.48735
;WIPE_END
G1 E-.41508 F3600
G1 X21.765 Y97.856 F9000
G1 E5 F2400
;WIDTH:0.439999
G1 F3600
G1 X18.643 Y94.734 E.11914
G1 X18.643 Y94.16 E.01549
G1 X22.287 Y97.804 E.13906
G1 X23.209 Y98.032 F9000
;WIDTH:0.374336
G1 F3600
G1 X23.009 Y98.054 E.00455
;WIDTH:0.407168
G1 X22.965 Y97.96 E.00257
;WIDTH:0.439999
G1 X22.922 Y97.865 E.00281
G1 X18.643 Y93.586 E.1633
G1 E-3.5
;WIPE_START
G1 F7200
G1 X20.876 Y95.819 E-1.5
;WIPE_END
G1 X21.471 Y103.42 F9000
G1 E5 F2400
;WIDTH:0.374336
G1 F3600
G1 X21.653 Y103.395 E.00415
;WIDTH:0.407168
G1 X21.706 Y103.49 E.0027
;WIDTH:0.439999
G1 X21.758 Y103.586 E.00295
G1 X27.496 Y109.323 E.21896
G1 X27.496 Y108.75 E.01546
G1 X22.385 Y103.639 E.19505
G1 X22.901 Y103.582 E.01401
G1 X27.496 Y108.176 E.17534
G1 X27.496 Y107.602 E.01549
G1 X23.346 Y103.453 E.15835
G1 X23.737 Y103.27 E.01165
G1 X27.496 Y107.029 E.14345
G1 X27.496 Y106.455 E.01549
G1 X24.086 Y103.045 E.13013
G1 X24.392 Y102.778 E.01096
G1 X27.496 Y105.881 E.11844
G1 X27.496 Y105.308 E.01546
G1 X24.655 Y102.467 E.10842
G1 X24.882 Y102.12 E.01119
G1 X27.496 Y104.734 E.09976
G1 X27.496 Y104.16 E.01549
G1 X25.06 Y101.724 E.09296
G1 E-3.5
;WIPE_START
G1 F7200
G1 X27.293 Y103.957 E-1.5
;WIPE_END
G1 X24.902 Y99.378 F9000
G1 E5 F2400
;WIDTH:0.443144
G1 F3600
G1 X25.048 Y99.683 E.0092
;WIDTH:0.439999
G1 X25.205 Y100.334 E.01807
G1 X25.225 Y100.955 E.01677
G1 X25.163 Y101.292 E.00925
G1 X25.397 Y101.488 E.00824
G1 X27.496 Y103.586 E.08008
G1 X27.496 Y101.722 E.0503
G1 X27.352 Y101.722 E.00389
G1 X25.203 Y99.572 E.08203
;WIDTH:0.445029
G1 X24.815 Y99.195 E.01478
;WIDTH:0.445474
G1 X24.789 Y99.162 E.00115
;WIDTH:0.4441
G1 X24.487 Y98.842 E.01199
;WIDTH:0.418635
G1 X24.185 Y98.522 E.01125
;WIDTH:0.439999
G1 X23.899 Y98.268 E.01032
G1 X18.643 Y93.013 E.20056
G1 X18.643 Y92.439 E.01549
G1 X27.496 Y101.292 E.33785
G1 X27.496 Y100.718 E.01549
G1 X18.643 Y91.865 E.33785
G1 X18.643 Y91.292 E.01546
G1 X27.496 Y100.144 E.33783
G1 X27.496 Y99.571 E.01546
G1 X18.643 Y90.718 E.33785
G1 X18.643 Y90.144 E.01549
G1 X27.496 Y98.997 E.33785
G1 X27.496 Y98.423 E.01549
G1 X18.643 Y89.571 E.33783
G1 X18.643 Y88.997 E.01549
G1 X27.496 Y97.85 E.33785
G1 X27.496 Y97.276 E.01549
G1 X18.643 Y88.423 E.33785
G1 X18.643 Y87.85 E.01546
G1 X27.496 Y96.702 E.33783
G1 X27.496 Y96.128 E.01549
G1 X18.643 Y87.276 E.33783
G1 X18.643 Y86.702 E.01549
G1 X27.496 Y95.555 E.33785
G1 X27.496 Y94.981 E.01549
G1 X18.643 Y86.128 E.33785
G1 X18.643 Y85.555 E.01546
G1 X27.496 Y94.407 E.33783
G1 X27.496 Y93.834 E.01546
G1 X18.643 Y84.981 E.33785
G1 X18.643 Y84.407 E.01549
G1 X27.496 Y93.26 E.33785
G1 X27.496 Y92.686 E.01549
G1 X18.643 Y83.834 E.33783
G1 X18.643 Y83.26 E.01549
G1 X27.496 Y92.113 E.33785
G1 X27.496 Y91.539 E.01549
G1 X18.643 Y82.686 E.33785
G1 X18.643 Y82.113 E.01546
G1 X27.496 Y90.965 E.33783
G1 X27.496 Y90.392 E.01546
G1 X18.643 Y81.539 E.33785
G1 X18.643 Y80.965 E.01549
G1 X27.496 Y89.818 E.33785
G1 X27.496 Y89.244 E.01549
G1 X18.643 Y80.392 E.33783
G1 X18.643 Y79.818 E.01549
G1 X27.496 Y88.67 E.33783
G1 X27.496 Y88.097 E.01546
G1 X18.643 Y79.244 E.33785
G1 X18.643 Y78.67 E.01549
G1 X27.496 Y87.523 E.33785
G1 X27.496 Y86.949 E.01549
G1 X18.643 Y78.097 E.33783
G1 X18.643 Y77.523 E.01549
G1 X27.496 Y86.376 E.33785
G1 X27.496 Y85.802 E.01549
G1 X18.643 Y76.949 E.33785
G1 X18.643 Y76.376 E.01546
G1 X27.496 Y85.228 E.33783
G1 X27.496 Y84.655 E.01546
G1 X18.643 Y75.802 E.33785
G1 X18.643 Y75.228 E.01549
G1 X27.496 Y84.081 E.33785
G1 X27.496 Y83.507 E.01549
G1 X18.643 Y74.655 E.33783
G1 X18.643 Y74.081 E.01549
G1 X27.496 Y82.934 E.33785
G1 X27.496 Y82.36 E.01549
G1 X18.643 Y73.507 E.33785
G1 X18.643 Y72.933 E.01549
G1 X27.496 Y81.786 E.33785
G1 X27.496 Y81.212 E.01549
G1 X18.643 Y72.36 E.33783
G1 X18.643 Y71.786 E.01549
G1 X27.496 Y80.639 E.33785
G1 X27.496 Y80.065 E.01549
G1 X18.643 Y71.212 E.33785
G1 X18.643 Y70.639 E.01546
G1 X27.496 Y79.491 E.33783
G1 X27.496 Y78.918 E.01546
G1 X18.643 Y70.065 E.33785
G1 X18.643 Y69.491 E.01549
G1 X27.496 Y78.344 E.33785
G1 X27.496 Y77.77 E.01549
G1 X18.643 Y68.918 E.33783
G1 X18.643 Y68.344 E.01549
G1 X27.496 Y77.197 E.33785
G1 X27.496 Y76.623 E.01549
G1 X18.643 Y67.77 E.33785
G1 X18.643 Y67.197 E.01546
G1 X27.496 Y76.049 E.33783
G1 X27.496 Y75.475 E.01549
G1 X18.643 Y66.623 E.33783
G1 X18.643 Y66.049 E.01549
G1 X27.496 Y74.902 E.33785
G1 X27.496 Y74.328 E.01549
G1 X18.643 Y65.475 E.33785
G1 X18.643 Y64.902 E.01546
G1 X27.496 Y73.754 E.33783
G1 X27.496 Y73.181 E.01546
G1 X18.643 Y64.328 E.33785
G1 X18.643 Y63.754 E.01549
G1 X27.496 Y72.607 E.33785
G1 X27.496 Y72.033 E.01549
G1 X18.643 Y63.181 E.33783
G1 X18.643 Y62.607 E.01549
G1 X27.496 Y71.46 E.33785
G1 X27.496 Y70.886 E.01549
G1 X18.643 Y62.033 E.33785
G1 X18.643 Y61.46 E.01546
G1 X27.496 Y70.312 E.33783
G1 X27.496 Y69.739 E.01546
G1 X18.643 Y60.886 E.33785
G1 X18.643 Y60.312 E.01549
G1 X27.496 Y69.165 E.33785
G1 X27.496 Y68.591 E.01549
G1 X18.643 Y59.739 E.33783
G1 X18.643 Y59.165 E.01549
G1 X27.496 Y68.017 E.33783
G1 X27.496 Y67.444 E.01546
G1 X18.643 Y58.591 E.33785
G1 X18.643 Y58.017 E.01549
G1 X27.496 Y66.87 E.33785
G1 X27.496 Y66.296 E.01549
G1 X18.643 Y57.444 E.33783
G1 X18.643 Y56.87 E.01549
G1 X27.496 Y65.723 E.33785
G1 X27.496 Y65.149 E.01549
G1 X18.643 Y56.296 E.33785
G1 X18.643 Y55.723 E.01546
G1 X27.496 Y64.575 E.33783
G1 X27.496 Y64.002 E.01546
G1 X18.643 Y55.149 E.33785
G1 X18.643 Y54.575 E.01549
G1 X27.496 Y63.428 E.33785
G1 X27.496 Y62.854 E.01549
G1 X18.643 Y54.002 E.33783
G1 X18.643 Y53.428 E.01549
G1 X27.496 Y62.281 E.33785
G1 X27.496 Y61.707 E.01549
G1 X18.643 Y52.854 E.33785
G1 X18.643 Y52.28 E.01549
G1 X27.496 Y61.133 E.33785
G1 X27.496 Y60.559 E.01549
G1 X18.643 Y51.707 E.33783
G1 X18.643 Y51.133 E.01549
G1 X27.496 Y59.986 E.33785
G1 X27.496 Y59.412 E.01549
G1 X18.643 Y50.559 E.33785
G1 X18.643 Y49.986 E.01546
G1 X27.496 Y58.838 E.33783
G1 X27.496 Y58.265 E.01546
G1 X18.643 Y49.412 E.33785
G1 X18.643 Y48.838 E.01549
G1 X27.496 Y57.691 E.33785
G1 X27.496 Y57.117 E.01549
G1 X18.643 Y48.265 E.33783
G1 X18.643 Y47.691 E.01549
G1 X27.496 Y56.544 E.33785
G1 X27.496 Y55.97 E.01549
G1 X18.643 Y47.117 E.33785
G1 X18.643 Y46.544 E.01546
G1 X27.496 Y55.396 E.33783
G1 X27.496 Y54.823 E.01546
G1 X18.643 Y45.97 E.33785
G1 X18.643 Y45.396 E.01549
G1 X27.496 Y54.249 E.33785
G1 X27.496 Y53.675 E.01549
G1 X18.643 Y44.822 E.33785
G1 X18.643 Y44.249 E.01546
G1 X27.496 Y53.101 E.33783
G1 X27.496 Y52.528 E.01546
G1 X18.643 Y43.675 E.33785
G1 X18.643 Y43.101 E.01549
G1 X27.496 Y51.954 E.33785
G1 X27.496 Y51.38 E.01549
G1 X18.643 Y42.528 E.33783
G1 X18.643 Y41.954 E.01549
G1 X27.496 Y50.807 E.33785
G1 X27.496 Y50.233 E.01549
G1 X18.643 Y41.38 E.33785
G1 X18.643 Y40.807 E.01546
G1 X27.496 Y49.659 E.33783
G1 X27.496 Y49.086 E.01546
G1 X18.643 Y40.233 E.33785
G1 X18.643 Y39.659 E.01549
G1 X27.496 Y48.512 E.33785
G1 X27.496 Y47.938 E.01549
G1 X18.643 Y39.086 E.33783
G1 X18.643 Y38.512 E.01549
G1 X27.496 Y47.364 E.33783
G1 X27.496 Y46.791 E.01546
G1 X18.643 Y37.938 E.33785
G1 X18.643 Y37.364 E.01549
G1 X27.496 Y46.217 E.33785
G1 X27.496 Y45.643 E.01549
G1 X18.643 Y36.791 E.33783
G1 X18.643 Y36.217 E.01549
G1 X27.496 Y45.07 E.33785
G1 X27.496 Y44.496 E.01549
G1 X18.643 Y35.643 E.33785
G1 X18.643 Y35.07 E.01546
G1 X27.496 Y43.922 E.33783
G1 X27.496 Y43.349 E.01546
G1 X18.643 Y34.496 E.33785
G1 X18.643 Y33.922 E.01549
G1 X27.496 Y42.775 E.33785
G1 X27.496 Y42.201 E.01549
G1 X18.643 Y33.349 E.33783
G1 X18.643 Y32.775 E.01549
G1 X27.496 Y41.628 E.33785
G1 X27.496 Y41.054 E.01549
G1 X18.643 Y32.201 E.33785
G1 X18.643 Y31.628 E.01546
G1 X27.496 Y40.48 E.33783
G1 X27.496 Y39.906 E.01549
G1 X18.643 Y31.054 E.33783
G1 X18.643 Y30.48 E.01549
G1 X27.496 Y39.333 E.33785
G1 X27.496 Y38.759 E.01549
G1 X18.643 Y29.906 E.33785
G1 X18.643 Y29.333 E.01546
G1 X27.496 Y38.185 E.33783
G1 X27.496 Y37.612 E.01546
G1 X18.643 Y28.759 E.33785
G1 X18.643 Y28.185 E.01549
G1 X27.496 Y37.038 E.33785
G1 X27.496 Y36.464 E.01549
G1 X18.643 Y27.612 E.33783
G1 X18.643 Y27.038 E.01549
G1 X27.496 Y35.891 E.33785
G1 X27.496 Y35.317 E.01549
G1 X18.724 Y26.545 E.33476
G1 X18.607 Y26.59 E.00338
;WIDTH:0.407168
G1 X18.491 Y26.635 E.00309
;WIDTH:0.374336
G1 X18.511 Y26.39 E.00556
;WIDTH:0.418271
G1 X18.611 Y26.146 E.00673
;WIDTH:0.439999
G1 X18.643 Y25.753 E.01064
G1 X18.643 Y20.154 E.15109
G1 X21.44 Y22.95 E.10672
G1 X21.213 Y23.02 E.00641
G1 X20.7 Y23.293 E.01568
G1 X20.251 Y23.662 E.01568
G1 X19.884 Y24.113 E.01569
G1 X19.613 Y24.627 E.01568
G1 X19.458 Y25.144 E.01456
G1 X19.414 Y25.49 E.00941
G1 X19.433 Y26.11 E.01674
G1 X19.576 Y26.717 E.01683
G1 X19.666 Y26.914 E.00584
G1 X18.829 Y26.085 E.03179
G1 X18.807 Y26.091 E.00062
G1 X19.032 Y25.753 E.01096
;WIDTH:0.439598
G1 X19.048 Y25.127 E.01688
;WIDTH:0.439999
G1 X19.049 Y21.133 E.10778
G1 X20.73 Y22.815 E.06417
G1 X20.444 Y22.978 E.00888
G1 X19.938 Y23.404 E.01785
G1 X19.526 Y23.922 E.01786
G1 X19.224 Y24.511 E.01786
G1 X19.104 Y24.932 E.01181
G1 X19.48 Y23.281 F9000
;WIDTH:0.491079
G1 F3600
G1 X19.48 Y22.174 E.03363
G1 X20.049 Y22.743 E.02445
G1 X19.852 Y22.903 E.00771
G1 X19.622 Y23.136 E.00995
G1 E-3.5
;WIPE_START
G1 F7200
G1 X19.852 Y22.903 E-.15551
G1 X20.049 Y22.743 E-.12055
G1 X19.48 Y22.174 E-.38223
G1 X19.48 Y23.281 E-.52582
;WIPE_END
G1 E-.31589 F3600
G1 X21.899 Y22.836 F9000
G1 E5 F2400
;WIDTH:0.439999
G1 F3600
G1 X18.643 Y19.58 E.12426
G1 X18.571 Y19.487 E.00317
;WIDTH:0.407168
G1 X18.5 Y19.394 E.0029
;WIDTH:0.374336
G1 X18.511 Y19.435 E.00096
G1 X18.44 Y19.454 E.00166
G1 X18.459 Y19.383 E.00166
;WIDTH:0.439999
G1 X18.643 Y19.006 E.01132
G1 X22.446 Y22.81 E.14515
G1 X23.135 Y22.924 E.01885
G1 X18.643 Y18.433 E.17141
G1 E-3.5
;WIPE_START
G1 F7200
G1 X20.876 Y20.666 E-1.5
;WIPE_END
G1 X23.421 Y23.103 F9000
G1 E5 F2400
;WIDTH:0.374336
G1 F3600
G1 X23.735 Y23.328 E.00874
G1 X23.47 Y23.138 E.00737
G1 E-3.5
;WIPE_START
G1 F7200
G1 X23.735 Y23.328 E-.15489
G1 X23.421 Y23.103 E-.18349
;WIPE_END
G1 E-1.16162 F3600
G1 X19.902 Y27.241 F9000
G1 E5 F2400
G1 F3600
G1 X20.274 Y27.663 E.01272
G1 X20.863 Y28.182 E.01776
;WIDTH:0.407168
G1 X21.006 Y28.29 E.00444
;WIDTH:0.439999
G1 X21.15 Y28.397 E.00484
G1 X27.496 Y34.743 E.24218
G1 X27.496 Y34.17 E.01546
G1 X21.944 Y28.618 E.21188
G1 X21.815 Y28.527 E.00426
;WIDTH:0.407168
G1 X21.687 Y28.436 E.00389
;WIDTH:0.374336
G1 X21.698 Y28.477 E.00096
G1 X21.627 Y28.496 E.00166
G1 X21.646 Y28.425 E.00166
G1 X22.533 Y28.634 F9000
;WIDTH:0.439999
G1 F3600
G1 X27.496 Y33.596 E.18938
G1 X27.496 Y33.022 E.01549
G1 X23.027 Y28.553 E.17055
G1 X23.457 Y28.41 E.01223
G1 X27.496 Y32.448 E.15412
G1 X27.496 Y31.875 E.01546
G1 X23.835 Y28.214 E.13971
G1 X24.171 Y27.976 E.01111
G1 X27.496 Y31.301 E.12689
G1 X27.496 Y30.727 E.01549
G1 X24.466 Y27.698 E.11561
G1 X24.722 Y27.379 E.01104
G1 X27.496 Y30.154 E.10588
G1 X27.496 Y29.58 E.01549
G1 X24.928 Y27.012 E.098
G1 X25.149 Y25.102 F9000
G1 F3600
G1 X25.235 Y25.579 E.01308
G1 X25.206 Y26.157 E.01562
G1 X25.073 Y26.584 E.01207
G1 X27.496 Y29.006 E.09245
G1 X27.496 Y27.142 E.0503
G1 X27.352 Y27.142 E.00389
G1 X25.113 Y24.902 E.08546
G1 E-3.5
;WIPE_START
G1 F7200
G1 X27.346 Y27.135 E-1.5
;WIPE_END
G1 X27.496 Y26.711 F9000
G1 E5 F2400
G1 F3600
G1 X18.643 Y17.859 E.33783
G1 X18.545 Y16.918 F9000
;WIDTH:0.374336
G1 F3600
G1 X18.526 Y16.989 E.00166
G1 X18.597 Y16.97 E.00166
G1 X18.586 Y16.929 E.00096
;WIDTH:0.407168
G1 X18.615 Y17.107 E.00447
;WIDTH:0.439999
G1 X18.643 Y17.285 E.00486
G1 X27.496 Y26.138 E.33785
G1 X27.496 Y25.564 E.01549
G1 X18.977 Y17.046 E.32509
G1 X19.551 Y17.046 E.01549
G1 X27.496 Y24.99 E.30318
G1 X27.496 Y24.417 E.01546
G1 X20.124 Y17.046 E.28131
G1 X20.698 Y17.046 E.01549
G1 X27.496 Y23.843 E.25941
G1 X27.496 Y23.269 E.01549
G1 X21.272 Y17.046 E.2375
G1 X21.846 Y17.046 E.01549
G1 X27.496 Y22.696 E.21562
G1 X27.496 Y22.122 E.01549
G1 X22.419 Y17.046 E.19373
G1 X22.993 Y17.046 E.01549
G1 X27.496 Y21.548 E.17183
G1 X27.496 Y20.975 E.01546
G1 X23.567 Y17.046 E.14994
G1 X24.14 Y17.046 E.01546
G1 X27.496 Y20.401 E.12805
G1 X27.496 Y19.827 E.01549
G1 X24.714 Y17.046 E.10615
G1 X25.288 Y17.046 E.01549
G1 X27.496 Y19.253 E.08424
G1 E-3.5
;WIPE_START
G1 F7200
G1 X25.288 Y17.046 E-1.48289
G1 X25.252 Y17.046 E-.01711
;WIPE_END
G1 X26.005 Y17.189 F9000
G1 E5 F2400
G1 F3600
G1 X27.498 Y18.682 E.05698
G1 X27.562 Y18.307 E.01027
G1 X27.788 Y17.891 E.01278
G1 X28.185 Y17.555 E.01403
G1 X28.323 Y17.504 E.00397
G1 X28.323 Y17.046 E.01236
G1 X25.861 Y17.046 E.06644
G1 X26.806 Y17.437 F9000
;WIDTH:0.410802
G1 F3600
G1 X27.717 Y17.437 E.02281
G1 X27.419 Y17.726 E.0104
G1 X27.308 Y17.939 E.00601
G1 X26.949 Y17.58 E.01271
G1 E-3.5
;WIPE_START
G1 F7200
G1 X27.308 Y17.939 E-.24116
G1 X27.419 Y17.726 E-.11409
G1 X27.717 Y17.437 E-.19718
G1 X26.806 Y17.437 E-.43273
;WIPE_END
G1 E-.51484 F3600
G1 X25.622 Y25.985 F9000
G1 E5 F2400
;WIDTH:0.439989
G1 F3600
G1 X27.09 Y27.453 E.05602
G1 X27.09 Y28.027 E.01549
G1 X25.536 Y26.473 E.0593
G1 X25.575 Y26.355 E.00335
G1 X25.597 Y26.187 E.00457
G1 E-3.5
;WIPE_START
G1 F7200
G1 X25.575 Y26.355 E-.08048
G1 X25.536 Y26.473 E-.05903
G1 X27.09 Y28.027 E-1.0439
G1 X27.09 Y27.453 E-.27265
G1 X27.025 Y27.388 E-.04394
;WIPE_END
G1 X25.645 Y175.742 F9000
G1 E5 F2400
;WIDTH:0.43999
G1 F3600
G1 X27.09 Y177.187 E.05514
G1 X27.09 Y177.761 E.01549
G1 X25.599 Y176.27 E.0569
G1 X25.627 Y175.945 E.0088
G1 E-3.5
;WIPE_START
G1 F7200
G1 X25.599 Y176.27 E-.15495
G1 X27.09 Y177.761 E-1.00158
G1 X27.09 Y177.187 E-.27265
G1 X26.985 Y177.082 E-.07082
;WIPE_END
G1 X69.392 Y98.899 F9000
G1 E5 F2400
;WIDTH:0.374336
G1 F3600
G1 X69.693 Y99.241 E.0103
G1 E-3.5
;WIPE_START
G1 F7200
G1 X69.392 Y98.899 E-.21641
;WIPE_END
G1 E-1.28359 F3600
G1 X62.176 Y184.288 F9000
G1 E5 F2400
;WIDTH:0.538422
G1 F3600
G1 X62.131 Y184.333 E.00213
G1 X62.148 Y184.394 E.00212
G1 X62.209 Y184.41 E.00211
G1 X62.253 Y184.365 E.00211
G1 X62.237 Y184.304 E.00211
;WIDTH:0.439999
G1 X62.885 Y184.398 E.01767
G1 X62.143 Y183.656 E.02832
G1 X62.143 Y183.083 E.01546
G1 X63.458 Y184.398 E.05018
G1 X64.032 Y184.398 E.01549
G1 X62.143 Y182.509 E.07209
G1 X62.143 Y181.935 E.01549
G1 X64.606 Y184.398 E.09399
G1 X65.18 Y184.398 E.01549
G1 X62.143 Y181.362 E.11588
G1 X62.143 Y180.788 E.01549
G1 X65.753 Y184.398 E.13777
G1 X66.327 Y184.398 E.01549
G1 X62.143 Y180.214 E.15967
G1 X62.143 Y179.641 E.01546
G1 X66.901 Y184.398 E.18156
G1 X67.474 Y184.398 E.01546
G1 X62.143 Y179.067 E.20344
G1 X62.143 Y178.493 E.01549
G1 X68.048 Y184.398 E.22535
G1 X68.622 Y184.398 E.01549
G1 X62.143 Y177.92 E.24723
G1 X62.143 Y177.346 E.01549
G1 X69.195 Y184.398 E.26912
G1 X69.769 Y184.398 E.01549
G1 X62.143 Y176.772 E.29103
G1 X62.143 Y176.198 E.01549
G1 X70.343 Y184.398 E.31293
G1 X71.148 Y184.312 E.02185
;WIDTH:0.374336
G1 X71.13 Y184.533 E.00501
;WIDTH:0.407168
G1 X71.023 Y184.466 E.00313
;WIDTH:0.439999
G1 X70.916 Y184.398 E.00342
G1 X62.143 Y175.625 E.3348
G1 X62.143 Y175.051 E.01549
G1 X70.996 Y183.904 E.33785
G1 X71.05 Y183.74 E.00466
;WIDTH:0.407168
G1 X71.104 Y183.576 E.00428
;WIDTH:0.374336
G1 X71.084 Y183.647 E.00167
G1 X71.156 Y183.628 E.00168
G1 X71.145 Y183.587 E.00096
G1 E-3.5
;WIPE_START
G1 F7200
G1 X71.156 Y183.628 E-.02016
G1 X71.084 Y183.647 E-.03537
G1 X71.104 Y183.576 E-.03504
G1 X71.05 Y183.74 E-.08201
G1 X70.996 Y183.904 E-.08201
G1 X69.142 Y182.05 E-1.24541
;WIPE_END
G1 X65.682 Y178.082 F9000
G1 E5 F2400
G1 F3600
G1 X65.254 Y177.686 E.01319
G1 X64.963 Y177.352 E.01002
;WIDTH:0.407168
G1 X64.847 Y177.209 E.00457
;WIDTH:0.439999
G1 X64.731 Y177.065 E.00499
G1 X62.143 Y174.477 E.09876
G1 X62.143 Y173.904 E.01546
G1 X64.449 Y176.21 E.088
G1 X64.523 Y176.333 E.00387
;WIDTH:0.407168
G1 X64.598 Y176.455 E.00355
;WIDTH:0.374336
G1 X64.578 Y176.527 E.00169
G1 X64.65 Y176.508 E.00168
G1 X64.639 Y176.466 E.00098
G1 E-3.5
;WIPE_START
G1 F7200
G1 X64.65 Y176.508 E-.02062
G1 X64.578 Y176.527 E-.03537
G1 X64.598 Y176.455 E-.03549
G1 X64.523 Y176.333 E-.06802
G1 X64.449 Y176.21 E-.06818
G1 X62.555 Y174.316 E-1.27232
;WIPE_END
G1 X62.328 Y173.515 F9000
G1 E5 F2400
;WIDTH:0.439999
G1 F3600
G1 X64.417 Y175.604 E.07972
G1 X64.458 Y175.144 E.01246
G1 X64.613 Y174.627 E.01456
G1 X64.803 Y174.269 E.01094
G1 X62.143 Y171.609 E.10151
G1 X62.143 Y173.473 E.0503
G1 X62.549 Y173.162 E.0138
G1 X62.549 Y172.588 E.01549
G1 X64.302 Y174.341 E.0669
G1 X64.149 Y174.762 E.01209
G1 X62.692 Y173.305 E.0556
G1 E-3.5
;WIPE_START
G1 F7200
G1 X64.149 Y174.762 E-.97874
G1 X64.302 Y174.341 E-.21277
G1 X63.843 Y173.882 E-.30849
;WIPE_END
G1 X62.143 Y171.035 F9000
G1 E5 F2400
G1 F3600
G1 X65.027 Y173.919 E.11006
G1 X65.298 Y173.617 E.01095
G1 X62.143 Y170.461 E.12042
G1 X62.143 Y169.888 E.01546
G1 X65.611 Y173.356 E.13235
G1 X65.966 Y173.137 E.01126
G1 X62.143 Y169.314 E.14589
G1 X62.143 Y168.74 E.01549
G1 X66.368 Y172.966 E.16125
G1 X66.822 Y172.846 E.01267
G1 X62.143 Y168.167 E.17856
G1 X62.143 Y167.593 E.01549
G1 X67.352 Y172.802 E.19879
G1 X68.328 Y173.035 F9000
;WIDTH:0.374336
G1 F3600
G1 X68.339 Y173.076 E.00096
G1 X68.268 Y173.095 E.00166
G1 X68.287 Y173.024 E.00166
;WIDTH:0.407168
G1 X68.149 Y172.956 E.00382
;WIDTH:0.439999
G1 X68.011 Y172.888 E.00415
G1 X62.143 Y167.019 E.22396
G1 X62.143 Y166.446 E.01546
G1 X69.149 Y173.452 E.26736
G1 X69.234 Y173.589 E.00435
;WIDTH:0.407168
G1 X69.319 Y173.726 E.004
;WIDTH:0.374336
G1 X69.436 Y173.61 E.00373
G1 E-3.5
;WIPE_START
G1 F7200
G1 X69.319 Y173.726 E-.07826
G1 X69.234 Y173.589 E-.07658
G1 X69.149 Y173.452 E-.07658
G1 X67.261 Y171.563 E-1.26858
;WIPE_END
G1 X65.969 Y178.303 F9000
G1 E5 F2400
;WIDTH:0.439999
G1 F3600
G1 X70.996 Y183.33 E.19184
G1 X70.996 Y182.756 E.01549
G1 X66.839 Y178.6 E.15862
G1 X66.711 Y178.504 E.00432
;WIDTH:0.407168
G1 X66.583 Y178.407 E.00398
;WIDTH:0.374336
G1 X66.594 Y178.448 E.00096
G1 X66.523 Y178.468 E.00167
G1 X66.542 Y178.396 E.00168
G1 X67.449 Y178.636 F9000
;WIDTH:0.439999
G1 F3600
G1 X70.996 Y182.183 E.13536
G1 X70.996 Y181.609 E.01549
G1 X67.956 Y178.569 E.11601
G1 X68.396 Y178.436 E.0124
G1 X70.996 Y181.035 E.0992
G1 X70.996 Y180.462 E.01546
G1 X68.78 Y178.246 E.08457
G1 E-3.5
;WIPE_START
G1 F7200
G1 X70.996 Y180.462 E-1.4886
G1 X70.996 Y180.486 E-.0114
;WIPE_END
G1 X70.187 Y175.247 F9000
G1 E5 F2400
G1 F3600
G1 X70.241 Y175.696 E.0122
G1 X70.193 Y176.251 E.01503
G1 X69.969 Y176.946 E.0197
G1 X69.612 Y177.517 E.01817
G1 X69.119 Y178.011 E.01883
G1 X70.996 Y179.888 E.07163
G1 X70.996 Y175.211 E.12621
G1 X70.804 Y175.394 E.00716
G1 X70.625 Y175.45 E.00506
G1 X70.517 Y175.394 E.00328
G1 X70.163 Y175.046 E.0134
G1 X70.661 Y174.963 E.01362
G1 X69.594 Y173.897 E.0407
G1 X70.996 Y174.725 F9000
G1 F3600
G1 X62.143 Y165.872 E.33785
G1 X62.143 Y165.298 E.01549
G1 X70.996 Y174.151 E.33785
G1 X70.996 Y173.577 E.01549
G1 X62.143 Y164.725 E.33783
G1 X62.143 Y164.151 E.01549
G1 X70.996 Y173.003 E.33783
G1 X70.996 Y172.43 E.01546
G1 X62.143 Y163.577 E.33785
G1 X62.143 Y163.003 E.01549
G1 X70.996 Y171.856 E.33785
G1 X70.996 Y171.282 E.01549
G1 X62.143 Y162.43 E.33783
G1 X62.143 Y161.856 E.01549
G1 X70.996 Y170.709 E.33785
G1 X70.996 Y170.135 E.01549
G1 X62.143 Y161.282 E.33785
G1 X62.143 Y160.709 E.01546
G1 X70.996 Y169.561 E.33783
G1 X70.996 Y168.988 E.01546
G1 X62.143 Y160.135 E.33785
G1 X62.143 Y159.561 E.01549
G1 X70.996 Y168.414 E.33785
G1 X70.996 Y167.84 E.01549
G1 X62.143 Y158.988 E.33783
G1 X62.143 Y158.414 E.01549
G1 X70.996 Y167.267 E.33785
G1 X70.996 Y166.693 E.01549
G1 X62.143 Y157.84 E.33785
G1 X62.143 Y157.267 E.01546
G1 X70.996 Y166.119 E.33783
G1 X70.996 Y165.545 E.01549
G1 X62.143 Y156.693 E.33783
G1 X62.143 Y156.119 E.01549
G1 X70.996 Y164.972 E.33785
G1 X70.996 Y164.398 E.01549
G1 X62.143 Y155.545 E.33785
G1 X62.143 Y154.972 E.01546
G1 X70.996 Y163.824 E.33783
G1 X70.996 Y163.251 E.01546
G1 X62.143 Y154.398 E.33785
G1 X62.143 Y153.824 E.01549
G1 X70.996 Y162.677 E.33785
G1 X70.996 Y162.103 E.01549
G1 X62.143 Y153.251 E.33783
G1 X62.143 Y152.677 E.01549
G1 X70.996 Y161.53 E.33785
G1 X70.996 Y160.956 E.01549
G1 X62.143 Y152.103 E.33785
G1 X62.143 Y151.53 E.01546
G1 X70.996 Y160.382 E.33783
G1 X70.996 Y159.809 E.01546
G1 X62.143 Y150.956 E.33785
G1 X62.143 Y150.382 E.01549
G1 X70.996 Y159.235 E.33785
G1 X70.996 Y158.661 E.01549
G1 X62.143 Y149.808 E.33785
G1 X62.143 Y149.235 E.01546
G1 X70.996 Y158.087 E.33783
G1 X70.996 Y157.514 E.01546
G1 X62.143 Y148.661 E.33785
G1 X62.143 Y148.087 E.01549
G1 X70.996 Y156.94 E.33785
G1 X70.996 Y156.366 E.01549
G1 X62.143 Y147.514 E.33783
G1 X62.143 Y146.94 E.01549
G1 X70.996 Y155.793 E.33785
G1 X70.996 Y155.219 E.01549
G1 X62.143 Y146.366 E.33785
G1 X62.143 Y145.793 E.01546
G1 X70.996 Y154.645 E.33783
G1 X70.996 Y154.072 E.01546
G1 X62.143 Y145.219 E.33785
G1 X62.143 Y144.645 E.01549
G1 X70.996 Y153.498 E.33785
G1 X70.996 Y152.924 E.01549
G1 X62.143 Y144.072 E.33783
G1 X62.143 Y143.498 E.01549
G1 X70.996 Y152.351 E.33785
G1 X70.996 Y151.777 E.01549
G1 X62.143 Y142.924 E.33785
G1 X62.143 Y142.35 E.01549
G1 X70.996 Y151.203 E.33785
G1 X70.996 Y150.629 E.01549
G1 X62.143 Y141.777 E.33783
G1 X62.143 Y141.203 E.01549
G1 X70.996 Y150.056 E.33785
G1 X70.996 Y149.482 E.01549
G1 X62.143 Y140.629 E.33785
G1 X62.143 Y140.056 E.01546
G1 X70.996 Y148.908 E.33783
G1 X70.996 Y148.335 E.01546
G1 X62.143 Y139.482 E.33785
G1 X62.143 Y138.908 E.01549
G1 X70.996 Y147.761 E.33785
G1 X70.996 Y147.187 E.01549
G1 X62.143 Y138.335 E.33783
G1 X62.143 Y137.761 E.01549
G1 X70.996 Y146.614 E.33785
G1 X70.996 Y146.04 E.01549
G1 X62.143 Y137.187 E.33785
G1 X62.143 Y136.614 E.01546
G1 X70.996 Y145.466 E.33783
G1 X70.996 Y144.892 E.01549
G1 X62.143 Y136.04 E.33783
G1 X62.143 Y135.466 E.01549
G1 X70.996 Y144.319 E.33785
G1 X70.996 Y143.745 E.01549
G1 X62.143 Y134.892 E.33785
G1 X62.143 Y134.319 E.01546
G1 X70.996 Y143.171 E.33783
G1 X70.996 Y142.598 E.01546
G1 X62.143 Y133.745 E.33785
G1 X62.143 Y133.171 E.01549
G1 X70.996 Y142.024 E.33785
G1 X70.996 Y141.45 E.01549
G1 X62.143 Y132.598 E.33783
G1 X62.143 Y132.024 E.01549
G1 X70.996 Y140.877 E.33785
G1 X70.996 Y140.303 E.01549
G1 X62.143 Y131.45 E.33785
G1 X62.143 Y130.877 E.01546
G1 X70.996 Y139.729 E.33783
G1 X70.996 Y139.156 E.01546
G1 X62.143 Y130.303 E.33785
G1 X62.143 Y129.729 E.01549
G1 X70.996 Y138.582 E.33785
G1 X70.996 Y138.008 E.01549
G1 X62.143 Y129.156 E.33783
G1 X62.143 Y128.582 E.01549
G1 X70.996 Y137.434 E.33783
G1 X70.996 Y136.861 E.01546
G1 X62.143 Y128.008 E.33785
G1 X62.143 Y127.434 E.01549
G1 X70.996 Y136.287 E.33785
G1 X70.996 Y135.713 E.01549
G1 X62.143 Y126.861 E.33783
G1 X62.143 Y126.287 E.01549
G1 X70.996 Y135.14 E.33785
G1 X70.996 Y134.566 E.01549
G1 X62.143 Y125.713 E.33785
G1 X62.143 Y125.14 E.01546
G1 X70.996 Y133.992 E.33783
G1 X70.996 Y133.419 E.01546
G1 X62.143 Y124.566 E.33785
G1 X62.143 Y123.992 E.01549
G1 X70.996 Y132.845 E.33785
G1 X70.996 Y132.271 E.01549
G1 X62.143 Y123.419 E.33783
G1 X62.143 Y122.845 E.01549
G1 X70.996 Y131.698 E.33785
G1 X70.996 Y131.124 E.01549
G1 X62.143 Y122.271 E.33785
G1 X62.143 Y121.697 E.01549
G1 X70.996 Y130.55 E.33785
G1 X70.996 Y129.976 E.01549
G1 X62.143 Y121.124 E.33783
G1 X62.143 Y120.55 E.01549
G1 X70.996 Y129.403 E.33785
G1 X70.996 Y128.829 E.01549
G1 X62.143 Y119.976 E.33785
G1 X62.143 Y119.403 E.01546
G1 X70.996 Y128.255 E.33783
G1 X70.996 Y127.682 E.01546
G1 X62.143 Y118.829 E.33785
G1 X62.143 Y118.255 E.01549
G1 X70.996 Y127.108 E.33785
G1 X70.996 Y126.534 E.01549
G1 X62.143 Y117.682 E.33783
G1 X62.143 Y117.108 E.01549
G1 X70.996 Y125.961 E.33785
G1 X70.996 Y125.387 E.01549
G1 X62.143 Y116.534 E.33785
G1 X62.143 Y115.961 E.01546
G1 X70.996 Y124.813 E.33783
G1 X70.996 Y124.239 E.01549
G1 X62.143 Y115.387 E.33783
G1 X62.143 Y114.813 E.01549
G1 X70.996 Y123.666 E.33785
G1 X70.996 Y123.092 E.01549
G1 X62.143 Y114.239 E.33785
G1 X62.143 Y113.666 E.01546
G1 X70.996 Y122.518 E.33783
G1 X70.996 Y121.945 E.01546
G1 X62.143 Y113.092 E.33785
G1 X62.143 Y112.518 E.01549
G1 X70.996 Y121.371 E.33785
G1 X70.996 Y120.797 E.01549
G1 X62.143 Y111.945 E.33783
G1 X62.143 Y111.371 E.01549
G1 X70.996 Y120.224 E.33785
G1 X70.996 Y119.65 E.01549
G1 X62.143 Y110.797 E.33785
G1 X62.143 Y110.224 E.01546
G1 X70.996 Y119.076 E.33783
G1 X70.996 Y118.503 E.01546
G1 X62.143 Y109.65 E.33785
G1 X62.143 Y109.076 E.01549
G1 X70.996 Y117.929 E.33785
G1 X70.996 Y117.355 E.01549
G1 X62.143 Y108.503 E.33783
G1 X62.143 Y107.929 E.01549
G1 X70.996 Y116.781 E.33783
G1 X70.996 Y116.208 E.01546
G1 X62.143 Y107.355 E.33785
G1 X62.143 Y106.781 E.01549
G1 X70.996 Y115.634 E.33785
G1 X70.996 Y115.06 E.01549
G1 X62.143 Y106.208 E.33783
G1 X62.143 Y105.634 E.01549
G1 X70.996 Y114.487 E.33785
G1 X70.996 Y113.913 E.01549
G1 X62.143 Y105.06 E.33785
G1 X62.143 Y104.487 E.01546
G1 X70.996 Y113.339 E.33783
G1 X70.996 Y112.766 E.01546
G1 X62.143 Y103.913 E.33785
G1 X62.143 Y103.339 E.01549
G1 X70.996 Y112.192 E.33785
G1 X70.996 Y111.618 E.01549
G1 X62.143 Y102.766 E.33783
G1 X62.143 Y102.192 E.01549
G1 X70.996 Y111.045 E.33785
G1 X70.996 Y110.471 E.01549
G1 X62.143 Y101.618 E.33785
G1 X62.143 Y101.044 E.01549
G1 X70.996 Y109.897 E.33785
G1 X70.996 Y109.323 E.01549
G1 X62.143 Y100.471 E.33783
G1 X62.143 Y99.897 E.01549
G1 X70.996 Y108.75 E.33785
G1 X71.05 Y108.586 E.00466
;WIDTH:0.407168
G1 X71.104 Y108.422 E.00428
;WIDTH:0.374336
G1 X71.084 Y108.493 E.00167
G1 X71.156 Y108.474 E.00168
G1 X71.145 Y108.433 E.00096
G1 E-3.5
;WIPE_START
G1 F7200
G1 X71.156 Y108.474 E-.02016
G1 X71.084 Y108.493 E-.03537
G1 X71.104 Y108.422 E-.03504
G1 X71.05 Y108.586 E-.08201
G1 X70.996 Y108.75 E-.08201
G1 X69.142 Y106.896 E-1.24541
;WIPE_END
G1 X66.341 Y103.299 F9000
G1 E5 F2400
G1 F3600
G1 X66.193 Y103.257 E.00348
G1 X65.973 Y103.235 E.005
G1 X65.686 Y103.014 E.00819
G1 X65.279 Y102.634 E.01259
G1 X64.805 Y102.066 E.01673
;WIDTH:0.407168
G1 X64.702 Y101.922 E.00439
;WIDTH:0.439999
G1 X64.598 Y101.779 E.00477
G1 X62.143 Y99.323 E.09371
G1 X62.143 Y98.75 E.01546
G1 X64.427 Y101.034 E.08716
G1 E-3.5
;WIPE_START
G1 F7200
G1 X62.194 Y98.801 E-1.5
;WIPE_END
G1 X62.328 Y98.361 F9000
G1 E5 F2400
G1 F3600
G1 X64.416 Y100.447 E.07964
G1 X64.53 Y99.863 E.01606
G1 X64.757 Y99.324 E.01578
G1 X64.856 Y99.168 E.00499
G1 X62.143 Y96.455 E.10353
G1 X62.143 Y98.319 E.0503
G1 X62.549 Y98.008 E.0138
G1 X62.549 Y97.434 E.01549
G1 X64.352 Y99.238 E.06883
G1 X64.179 Y99.639 E.01178
G1 X62.692 Y98.151 E.05677
G1 E-3.5
;WIPE_START
G1 F7200
G1 X64.179 Y99.639 E-.99923
G1 X64.352 Y99.238 E-.20745
G1 X63.915 Y98.801 E-.29332
;WIPE_END
G1 X62.143 Y95.881 F9000
G1 E5 F2400
G1 F3600
G1 X65.093 Y98.832 E.1126
G1 X65.38 Y98.545 E.01095
G1 X62.143 Y95.308 E.12353
G1 X62.143 Y94.734 E.01549
G1 X65.701 Y98.292 E.13578
G1 X66.068 Y98.085 E.01137
G1 X62.143 Y94.16 E.14979
G1 X62.143 Y93.586 E.01549
G1 X66.483 Y97.927 E.16564
G1 X66.959 Y97.829 E.01311
G1 X62.143 Y93.013 E.18379
G1 X62.143 Y92.439 E.01549
G1 X67.517 Y97.813 E.20508
G1 X68.226 Y97.948 E.01948
G1 X62.143 Y91.865 E.23214
G1 E-3.5
;WIPE_START
G1 F7200
G1 X64.376 Y94.098 E-1.5
;WIPE_END
G1 X68.512 Y98.137 F9000
G1 E5 F2400
;WIDTH:0.374336
G1 F3600
G1 X68.92 Y98.447 E.01159
G1 X68.674 Y98.259 E.007
G1 E-3.5
;WIPE_START
G1 F7200
G1 X68.92 Y98.447 E-.14707
G1 X68.512 Y98.137 E-.24339
;WIPE_END
G1 E-1.10954 F3600
G1 X66.26 Y103.441 F9000
G1 E5 F2400
;WIDTH:0.439999
G1 F3600
G1 X70.996 Y108.176 E.18072
G1 X70.996 Y107.602 E.01549
G1 X67.016 Y103.623 E.15187
G1 X67.593 Y103.626 E.01557
G1 X70.996 Y107.029 E.12987
G1 X70.996 Y106.455 E.01549
G1 X68.081 Y103.541 E.11122
G1 X68.503 Y103.389 E.0121
G1 X70.996 Y105.881 E.09512
G1 X71.199 Y105.433 E.01327
;WIDTH:0.374336
G1 X71.21 Y105.474 E.00096
G1 X71.139 Y105.493 E.00166
G1 X71.158 Y105.422 E.00166
;WIDTH:0.407168
G1 X71.077 Y105.365 E.00246
;WIDTH:0.439999
G1 X70.996 Y105.308 E.00267
G1 X68.877 Y103.189 E.08087
G1 E-3.5
;WIPE_START
G1 F7200
G1 X70.996 Y105.308 E-1.42344
G1 X71.077 Y105.365 E-.04705
G1 X71.128 Y105.401 E-.02951
;WIPE_END
G1 X70.127 Y100.001 F9000
G1 E5 F2400
G1 F3600
G1 X70.205 Y100.334 E.00923
G1 X70.225 Y100.955 E.01677
G1 X70.109 Y101.582 E.01721
G1 X69.882 Y102.12 E.01576
G1 X69.554 Y102.6 E.01569
G1 X69.196 Y102.934 E.01321
G1 X70.996 Y104.734 E.06869
G1 X70.996 Y100.293 E.11984
G1 X70.927 Y100.362 E.00263
G1 X70.723 Y100.413 E.00567
G1 X70.081 Y99.804 E.02388
G1 X70.783 Y99.932 E.01926
G1 X62.143 Y91.292 E.32972
G1 X62.143 Y90.718 E.01549
G1 X70.996 Y99.571 E.33785
G1 X70.996 Y98.997 E.01549
G1 X62.143 Y90.144 E.33785
G1 X62.143 Y89.571 E.01546
G1 X70.996 Y98.423 E.33783
G1 X70.996 Y97.85 E.01546
G1 X62.143 Y88.997 E.33785
G1 X62.143 Y88.423 E.01549
G1 X70.996 Y97.276 E.33785
G1 X70.996 Y96.702 E.01549
G1 X62.143 Y87.85 E.33783
G1 X62.143 Y87.276 E.01549
G1 X70.996 Y96.128 E.33783
G1 X70.996 Y95.555 E.01546
G1 X62.143 Y86.702 E.33785
G1 X62.143 Y86.128 E.01549
G1 X70.996 Y94.981 E.33785
G1 X70.996 Y94.407 E.01549
G1 X62.143 Y85.555 E.33783
G1 X62.143 Y84.981 E.01549
G1 X70.996 Y93.834 E.33785
G1 X70.996 Y93.26 E.01549
G1 X62.143 Y84.407 E.33785
G1 X62.143 Y83.834 E.01546
G1 X70.996 Y92.686 E.33783
G1 X70.996 Y92.113 E.01546
G1 X62.143 Y83.26 E.33785
G1 X62.143 Y82.686 E.01549
G1 X70.996 Y91.539 E.33785
G1 X70.996 Y90.965 E.01549
G1 X62.143 Y82.113 E.33783
G1 X62.143 Y81.539 E.01549
G1 X70.996 Y90.392 E.33785
G1 X70.996 Y89.818 E.01549
G1 X62.143 Y80.965 E.33785
G1 X62.143 Y80.392 E.01546
G1 X70.996 Y89.244 E.33783
G1 X70.996 Y88.67 E.01549
G1 X62.143 Y79.818 E.33783
G1 X62.143 Y79.244 E.01549
G1 X70.996 Y88.097 E.33785
G1 X70.996 Y87.523 E.01549
G1 X62.143 Y78.67 E.33785
G1 X62.143 Y78.097 E.01546
G1 X70.996 Y86.949 E.33783
G1 X70.996 Y86.376 E.01546
G1 X62.143 Y77.523 E.33785
G1 X62.143 Y76.949 E.01549
G1 X70.996 Y85.802 E.33785
G1 X70.996 Y85.228 E.01549
G1 X62.143 Y76.376 E.33783
G1 X62.143 Y75.802 E.01549
G1 X70.996 Y84.655 E.33785
G1 X70.996 Y84.081 E.01549
G1 X62.143 Y75.228 E.33785
G1 X62.143 Y74.655 E.01546
G1 X70.996 Y83.507 E.33783
G1 X70.996 Y82.934 E.01546
G1 X62.143 Y74.081 E.33785
G1 X62.143 Y73.507 E.01549
G1 X70.996 Y82.36 E.33785
G1 X70.996 Y81.786 E.01549
G1 X62.143 Y72.933 E.33785
G1 X62.143 Y72.36 E.01546
G1 X70.996 Y81.212 E.33783
G1 X70.996 Y80.639 E.01546
G1 X62.143 Y71.786 E.33785
G1 X62.143 Y71.212 E.01549
G1 X70.996 Y80.065 E.33785
G1 X70.996 Y79.491 E.01549
G1 X62.143 Y70.639 E.33783
G1 X62.143 Y70.065 E.01549
G1 X70.996 Y78.918 E.33785
G1 X70.996 Y78.344 E.01549
G1 X62.143 Y69.491 E.33785
G1 X62.143 Y68.918 E.01546
G1 X70.996 Y77.77 E.33783
G1 X70.996 Y77.197 E.01546
G1 X62.143 Y68.344 E.33785
G1 X62.143 Y67.77 E.01549
G1 X70.996 Y76.623 E.33785
G1 X70.996 Y76.049 E.01549
G1 X62.143 Y67.197 E.33783
G1 X62.143 Y66.623 E.01549
G1 X70.996 Y75.475 E.33783
G1 X70.996 Y74.902 E.01546
G1 X62.143 Y66.049 E.33785
G1 X62.143 Y65.475 E.01549
G1 X70.996 Y74.328 E.33785
G1 X70.996 Y73.754 E.01549
G1 X62.143 Y64.902 E.33783
G1 X62.143 Y64.328 E.01549
G1 X70.996 Y73.181 E.33785
G1 X70.996 Y72.607 E.01549
G1 X62.143 Y63.754 E.33785
G1 X62.143 Y63.181 E.01546
G1 X70.996 Y72.033 E.33783
G1 X70.996 Y71.46 E.01546
G1 X62.143 Y62.607 E.33785
G1 X62.143 Y62.033 E.01549
G1 X70.996 Y70.886 E.33785
G1 X70.996 Y70.312 E.01549
G1 X62.143 Y61.46 E.33783
G1 X62.143 Y60.886 E.01549
G1 X70.996 Y69.739 E.33785
G1 X70.996 Y69.165 E.01549
G1 X62.143 Y60.312 E.33785
G1 X62.143 Y59.739 E.01546
G1 X70.996 Y68.591 E.33783
G1 X70.996 Y68.017 E.01549
G1 X62.143 Y59.165 E.33783
G1 X62.143 Y58.591 E.01549
G1 X70.996 Y67.444 E.33785
G1 X70.996 Y66.87 E.01549
G1 X62.143 Y58.017 E.33785
G1 X62.143 Y57.444 E.01546
G1 X70.996 Y66.296 E.33783
G1 X70.996 Y65.723 E.01546
G1 X62.143 Y56.87 E.33785
G1 X62.143 Y56.296 E.01549
G1 X70.996 Y65.149 E.33785
G1 X70.996 Y64.575 E.01549
G1 X62.143 Y55.723 E.33783
G1 X62.143 Y55.149 E.01549
G1 X70.996 Y64.002 E.33785
G1 X70.996 Y63.428 E.01549
G1 X62.143 Y54.575 E.33785
G1 X62.143 Y54.002 E.01546
G1 X70.996 Y62.854 E.33783
G1 X70.996 Y62.281 E.01546
G1 X62.143 Y53.428 E.33785
G1 X62.143 Y52.854 E.01549
G1 X70.996 Y61.707 E.33785
G1 X70.996 Y61.133 E.01549
G1 X62.143 Y52.28 E.33785
G1 X62.143 Y51.707 E.01546
G1 X70.996 Y60.559 E.33783
G1 X70.996 Y59.986 E.01546
G1 X62.143 Y51.133 E.33785
G1 X62.143 Y50.559 E.01549
G1 X70.996 Y59.412 E.33785
G1 X70.996 Y58.838 E.01549
G1 X62.143 Y49.986 E.33783
G1 X62.143 Y49.412 E.01549
G1 X70.996 Y58.265 E.33785
G1 X70.996 Y57.691 E.01549
G1 X62.143 Y48.838 E.33785
G1 X62.143 Y48.265 E.01546
G1 X70.996 Y57.117 E.33783
G1 X70.996 Y56.544 E.01546
G1 X62.143 Y47.691 E.33785
G1 X62.143 Y47.117 E.01549
G1 X70.996 Y55.97 E.33785
G1 X70.996 Y55.396 E.01549
G1 X62.143 Y46.544 E.33783
G1 X62.143 Y45.97 E.01549
G1 X70.996 Y54.823 E.33785
G1 X70.996 Y54.249 E.01549
G1 X62.143 Y45.396 E.33785
G1 X62.143 Y44.822 E.01549
G1 X70.996 Y53.675 E.33785
G1 X70.996 Y53.101 E.01549
G1 X62.143 Y44.249 E.33783
G1 X62.143 Y43.675 E.01549
G1 X70.996 Y52.528 E.33785
G1 X70.996 Y51.954 E.01549
G1 X62.143 Y43.101 E.33785
G1 X62.143 Y42.528 E.01546
G1 X70.996 Y51.38 E.33783
G1 X70.996 Y50.807 E.01546
G1 X62.143 Y41.954 E.33785
G1 X62.143 Y41.38 E.01549
G1 X70.996 Y50.233 E.33785
G1 X70.996 Y49.659 E.01549
G1 X62.143 Y40.807 E.33783
G1 X62.143 Y40.233 E.01549
G1 X70.996 Y49.086 E.33785
G1 X70.996 Y48.512 E.01549
G1 X62.143 Y39.659 E.33785
G1 X62.143 Y39.086 E.01546
G1 X70.996 Y47.938 E.33783
G1 X70.996 Y47.364 E.01549
G1 X62.143 Y38.512 E.33783
G1 X62.143 Y37.938 E.01549
G1 X70.996 Y46.791 E.33785
G1 X70.996 Y46.217 E.01549
G1 X62.143 Y37.364 E.33785
G1 X62.143 Y36.791 E.01546
G1 X70.996 Y45.643 E.33783
G1 X70.996 Y45.07 E.01546
G1 X62.143 Y36.217 E.33785
G1 X62.143 Y35.643 E.01549
G1 X70.996 Y44.496 E.33785
G1 X70.996 Y43.922 E.01549
G1 X62.143 Y35.07 E.33783
G1 X62.143 Y34.496 E.01549
G1 X70.996 Y43.349 E.33785
G1 X70.996 Y42.775 E.01549
G1 X62.143 Y33.922 E.33785
G1 X62.143 Y33.349 E.01546
G1 X70.996 Y42.201 E.33783
G1 X70.996 Y41.628 E.01546
G1 X62.143 Y32.775 E.33785
G1 X62.143 Y32.201 E.01549
G1 X70.996 Y41.054 E.33785
G1 X70.996 Y40.48 E.01549
G1 X62.143 Y31.628 E.33783
G1 X62.143 Y31.054 E.01549
G1 X70.996 Y39.906 E.33783
G1 X70.996 Y39.333 E.01546
G1 X62.143 Y30.48 E.33785
G1 X62.143 Y29.906 E.01549
G1 X70.996 Y38.759 E.33785
G1 X70.996 Y38.185 E.01549
G1 X62.143 Y29.333 E.33783
G1 X62.143 Y28.759 E.01549
G1 X70.996 Y37.612 E.33785
G1 X70.996 Y37.038 E.01549
G1 X62.143 Y28.185 E.33785
G1 X62.143 Y27.612 E.01546
G1 X70.996 Y36.464 E.33783
G1 X70.996 Y35.891 E.01546
G1 X62.143 Y27.038 E.33785
G1 X62.143 Y26.464 E.01549
G1 X70.996 Y35.317 E.33785
G1 X70.996 Y34.743 E.01549
G1 X62.143 Y25.891 E.33783
G1 X62.143 Y25.317 E.01549
G1 X70.996 Y34.17 E.33785
G1 X71.104 Y33.268 F9000
;WIDTH:0.374336
G1 F3600
G1 X71.084 Y33.339 E.00167
G1 X71.156 Y33.32 E.00168
G1 X71.145 Y33.279 E.00096
;WIDTH:0.407168
G1 X71.07 Y33.437 E.00434
;WIDTH:0.439999
G1 X70.996 Y33.596 E.00473
G1 X62.143 Y24.743 E.33785
G1 X62.143 Y24.169 E.01549
G1 X64.524 Y26.55 E.09086
G1 X64.61 Y26.673 E.00405
;WIDTH:0.407168
G1 X64.697 Y26.796 E.00374
;WIDTH:0.374336
G1 X64.678 Y26.867 E.00166
G1 X64.749 Y26.848 E.00166
G1 X64.738 Y26.807 E.00096
G1 X64.423 Y25.876 F9000
;WIDTH:0.439999
G1 F3600
G1 X62.143 Y23.596 E.08701
G1 X62.328 Y23.208 E.0116
G1 X64.442 Y25.321 E.08066
G1 X64.543 Y24.821 E.01376
G1 X64.757 Y24.324 E.0146
G1 X64.919 Y24.077 E.00797
G1 X62.143 Y21.301 E.10594
G1 X62.143 Y23.166 E.05033
G1 X62.549 Y22.854 E.01382
G1 X62.549 Y22.28 E.01549
G1 X64.401 Y24.133 E.0707
G1 X64.226 Y24.531 E.01173
G1 X62.692 Y22.997 E.05854
G1 E-3.5
;WIPE_START
G1 F7200
G1 X64.226 Y24.531 E-1.03047
G1 X64.401 Y24.133 E-.20652
G1 X64.01 Y23.741 E-.26301
;WIPE_END
G1 X62.143 Y20.727 F9000
G1 E5 F2400
G1 F3600
G1 X65.167 Y23.751 E.1154
G1 X65.462 Y23.472 E.01096
G1 X62.143 Y20.154 E.12664
G1 X62.143 Y19.58 E.01549
G1 X65.797 Y23.234 E.13945
G1 X66.173 Y23.037 E.01145
G1 X62.143 Y19.006 E.15381
G1 X61.286 Y17.533 F9000
;WIDTH:0.380152
G1 F3600
G1 X61.442 Y17.633 E.00426
;WIDTH:0.374336
G1 X61.903 Y18.102 E.01487
;WIDTH:0.407168
G1 X62.001 Y18.245 E.0043
;WIDTH:0.439999
G1 X62.099 Y18.388 E.00468
G1 X66.602 Y22.891 E.17184
G1 X67.096 Y22.811 E.0135
G1 X61.33 Y17.046 E.22002
G1 X61.903 Y17.046 E.01546
G1 X67.684 Y22.826 E.2206
G1 X67.841 Y22.891 E.00459
;WIDTH:0.407168
G1 X67.998 Y22.955 E.0042
;WIDTH:0.374336
G1 X68.009 Y22.996 E.00096
G1 X67.938 Y23.015 E.00166
G1 X67.957 Y22.944 E.00166
G1 E-3.5
;WIPE_START
G1 F7200
G1 X67.938 Y23.015 E-.03491
G1 X68.009 Y22.996 E-.03491
G1 X67.998 Y22.955 E-.02016
G1 X67.841 Y22.891 E-.08053
G1 X67.684 Y22.826 E-.08071
G1 X65.825 Y20.967 E-1.24878
;WIPE_END
G1 X65.731 Y27.973 F9000
G1 E5 F2400
G1 F3600
G1 X66.205 Y28.331 E.01343
;WIDTH:0.407168
G1 X66.348 Y28.424 E.00423
;WIDTH:0.439999
G1 X66.491 Y28.518 E.00462
G1 X70.996 Y33.022 E.1719
G1 X70.996 Y32.448 E.01549
G1 X67.183 Y28.636 E.14549
G1 X67.73 Y28.609 E.01478
G1 X70.996 Y31.875 E.12464
G1 X70.996 Y31.301 E.01549
G1 X68.197 Y28.503 E.1068
G1 X68.609 Y28.341 E.01195
G1 X70.996 Y30.727 E.09107
G1 E-3.5
;WIPE_START
G1 F7200
G1 X68.763 Y28.494 E-1.5
;WIPE_END
G1 X69.108 Y28.266 F9000
G1 E5 F2400
G1 F3600
G1 X70.996 Y30.154 E.07205
G1 X70.996 Y25.344 E.1298
G1 X70.841 Y25.38 E.00429
G1 X70.736 Y25.304 E.0035
G1 X70.487 Y25.503 E.0086
G1 X70.305 Y25.448 E.00513
G1 X70.21 Y25.352 E.00364
G1 X70.234 Y25.87 E.01399
G1 X70.13 Y26.485 E.01683
G1 X69.918 Y27.036 E.01593
G1 X69.557 Y27.596 E.01798
G1 X69.138 Y28.006 E.01582
G1 X68.965 Y28.123 E.00564
G1 X69.569 Y28.154 E.01632
G1 X69.897 Y27.818 E.01267
G1 X70.295 Y27.185 E.02018
;WIDTH:0.47049
G1 X70.428 Y26.872 E.00987
;WIDTH:0.50098
G1 X70.56 Y26.559 E.01054
G1 X70.57 Y26.691 E.00411
;WIDTH:0.480547
G1 X70.59 Y27.24 E.01631
;WIDTH:0.439999
G1 X70.59 Y29.174 E.05219
G1 X69.713 Y28.297 E.03347
G1 X70.154 Y28.104 E.01299
;WIDTH:0.47194
G1 X70.116 Y28.142 E.00156
G1 X70.13 Y28.195 E.0016
G1 X70.183 Y28.209 E.0016
G1 X70.221 Y28.171 E.00156
G1 X70.207 Y28.118 E.0016
G1 X70.56 Y26.559 F9000
;WIDTH:0.50098
G1 F3600
G1 X70.577 Y26.351 E.00648
;WIDTH:0.465822
G1 X70.595 Y26.143 E.00599
;WIDTH:0.430664
G1 X70.612 Y25.935 E.0055
;WIDTH:0.395506
G1 X70.616 Y25.862 E.00176
G1 X70.449 Y25.017 F9000
;WIDTH:0.439999
G1 F3600
G1 X69.999 Y24.568 E.01715
G1 X69.786 Y24.281 E.00964
;WIDTH:0.374336
G1 X69.207 Y23.631 E.01969
G1 X68.758 Y23.246 E.01338
;WIDTH:0.407168
G1 X68.614 Y23.143 E.00439
;WIDTH:0.439999
G1 X68.471 Y23.039 E.00477
G1 X62.477 Y17.046 E.22873
G1 X63.051 Y17.046 E.01549
G1 X70.906 Y24.901 E.29976
G1 X70.996 Y24.417 E.01328
G1 X63.624 Y17.046 E.28131
G1 X64.198 Y17.046 E.01549
G1 X70.996 Y23.843 E.25941
G1 X70.996 Y23.269 E.01549
G1 X64.772 Y17.046 E.2375
G1 X65.346 Y17.046 E.01549
G1 X70.996 Y22.696 E.21562
G1 X70.996 Y22.122 E.01549
G1 X65.919 Y17.046 E.19373
G1 X66.493 Y17.046 E.01549
G1 X70.996 Y21.548 E.17183
G1 X70.996 Y20.975 E.01546
G1 X67.067 Y17.046 E.14994
G1 X67.64 Y17.046 E.01546
G1 X70.996 Y20.401 E.12805
G1 X70.996 Y19.827 E.01549
G1 X68.214 Y17.046 E.10615
G1 X68.788 Y17.046 E.01549
G1 X70.996 Y19.253 E.08424
G1 E-3.5
;WIPE_START
G1 F7200
G1 X68.788 Y17.046 E-1.48289
G1 X68.752 Y17.046 E-.01711
;WIPE_END
G1 X69.505 Y17.189 F9000
G1 E5 F2400
G1 F3600
G1 X70.996 Y18.68 E.0569
G1 X70.996 Y17.046 E.04409
G1 X69.361 Y17.046 E.04412
G1 X70.499 Y17.458 F9000
;WIDTH:0.585988
G1 F3600
G1 X70.45 Y17.506 E.00252
G1 X70.468 Y17.573 E.00255
G1 X70.535 Y17.591 E.00255
G1 X70.584 Y17.542 E.00254
G1 X70.566 Y17.475 E.00255
G1 E-3.5
;WIPE_START
G1 F7200
G1 X70.584 Y17.542 E-.03295
G1 X70.535 Y17.591 E-.03292
G1 X70.468 Y17.573 E-.03295
G1 X70.45 Y17.506 E-.03295
G1 X70.499 Y17.458 E-.03258
;WIPE_END
G1 E-1.33565 F3600
G1 X70.519 Y101.847 F9000
G1 E5 F2400
;WIDTH:0.582257
G1 F3600
G1 X70.519 Y103.583 E.06327
G1 X69.882 Y102.945 E.03286
G1 X70.32 Y102.309 E.02815
G1 X70.439 Y102.033 E.01095
G1 E-3.5
;WIPE_START
G1 F7200
G1 X70.32 Y102.309 E-.14277
G1 X69.882 Y102.945 E-.36681
G1 X70.519 Y103.583 E-.42824
G1 X70.519 Y102.399 E-.56218
;WIPE_END
G1 X70.615 Y175.832 F9000
G1 E5 F2400
;WIDTH:0.432782
G1 F3600
G1 X70.594 Y176.289 E.01213
;WIDTH:0.435267
G1 X70.592 Y176.426 E.00365
;WIDTH:0.439999
G1 X70.59 Y178.908 E.06698
G1 X69.698 Y178.016 E.03404
G1 X69.954 Y177.735 E.01026
G1 X70.354 Y177.073 E.02087
G1 X70.534 Y176.483 E.01665
;LAYER_CHANGE
;Z:1.64
;HEIGHT:0.16
;BEFORE_LAYER_CHANGE
G92 E0
;1.64


G1 E-3.5 F3600
;WIPE_START
G1 F7200
G1 X70.354 Y177.073 E-.293
G1 X69.954 Y177.735 E-.36739
G1 X69.698 Y178.016 E-.18056
G1 X70.59 Y178.908 E-.5992
G1 X70.59 Y178.782 E-.05985
;WIPE_END
G1 Z1.64 F9000
;AFTER_LAYER_CHANGE
;1.64
G1 X23.73 Y102.906
G1 E5 F2400
;TYPE:Perimeter
G1 F1800
G1 X23.65 Y102.965 E.00268
G1 X23.179 Y103.184 E.01402
G1 X22.682 Y103.305 E.0138
G1 X22.039 Y103.309 E.01735
G1 X21.459 Y103.184 E.01601
G1 X20.988 Y102.965 E.01402
G1 X20.57 Y102.657 E.01401
G1 X20.222 Y102.272 E.014
G1 X19.956 Y101.825 E.01404
G1 X19.784 Y101.335 E.01401
G1 X19.74 Y101.067 E.00733
G1 X19.726 Y100.506 E.01514
G1 X19.836 Y99.923 E.01601
G1 X20.044 Y99.447 E.01402
G1 X20.341 Y99.022 E.01399
G1 X20.717 Y98.663 E.01403
G1 X21.157 Y98.387 E.01402
G1 X21.643 Y98.203 E.01402
G1 X22.155 Y98.119 E.014
G1 X22.674 Y98.138 E.01401
G1 X23.179 Y98.259 E.01401
G1 X23.65 Y98.479 E.01403
G1 X24.068 Y98.787 E.01401
G1 X24.529 Y99.335 E.01932
G1 X24.76 Y99.801 E.01404
G1 X24.894 Y100.302 E.01399
G1 X24.926 Y100.821 E.01403
G1 X24.855 Y101.335 E.014
G1 X24.683 Y101.826 E.01404
G1 X24.417 Y102.272 E.01401
G1 X24.068 Y102.657 E.01402
G1 X23.779 Y102.871 E.0097
G1 X23.512 Y102.569 F9000
G1 F1800
G1 X23.465 Y102.604 E.00158
G1 X23.07 Y102.794 E.01183
G1 X22.6 Y102.903 E.01302
G1 X22.039 Y102.903 E.01514
G1 X21.569 Y102.794 E.01302
G1 X21.075 Y102.54 E.01499
G1 X20.739 Y102.258 E.01184
G1 X20.466 Y101.914 E.01185
G1 X20.267 Y101.524 E.01181
G1 X20.146 Y101.057 E.01302
G1 X20.132 Y100.495 E.01517
G1 X20.229 Y100.024 E.01298
G1 X20.47 Y99.523 E.015
G1 X20.744 Y99.181 E.01183
G1 X21.081 Y98.899 E.01186
G1 X21.467 Y98.69 E.01184
G1 X21.886 Y98.561 E.01183
G1 X22.323 Y98.518 E.01185
G1 X22.76 Y98.563 E.01185
G1 X23.179 Y98.693 E.01184
G1 X23.564 Y98.903 E.01183
G1 X23.899 Y99.186 E.01183
G1 X24.172 Y99.529 E.01183
G1 X24.372 Y99.92 E.01185
G1 X24.49 Y100.343 E.01185
G1 X24.522 Y100.78 E.01182
G1 X24.467 Y101.216 E.01186
G1 X24.326 Y101.631 E.01183
G1 X24.106 Y102.011 E.01185
G1 X23.816 Y102.34 E.01183
G1 X23.56 Y102.532 E.00864
G1 X23.371 Y102.185 F9000
;TYPE:External perimeter
;WIDTH:0.419999
G1 F1800
G1 X23.285 Y102.252 E.0028
G1 X22.962 Y102.413 E.00926
G1 X22.6 Y102.507 E.00959
G1 X22.039 Y102.507 E.01439
G1 X21.641 Y102.399 E.01058
G1 X21.322 Y102.231 E.00925
G1 X21.042 Y102.004 E.00925
G1 X20.814 Y101.725 E.00924
G1 X20.645 Y101.407 E.00924
G1 X20.541 Y101.047 E.00961
G1 X20.527 Y100.486 E.0144
G1 X20.626 Y100.085 E.0106
G1 X20.786 Y99.762 E.00925
G1 X21.006 Y99.477 E.00924
G1 X21.279 Y99.242 E.00924
G1 X21.593 Y99.065 E.00925
G1 X21.936 Y98.954 E.00925
G1 X22.293 Y98.913 E.00922
G1 X22.652 Y98.944 E.00924
G1 X22.998 Y99.045 E.00925
G1 X23.317 Y99.213 E.00925
G1 X23.596 Y99.44 E.00923
G1 X23.825 Y99.719 E.00926
G1 X23.994 Y100.037 E.00924
G1 X24.096 Y100.382 E.00923
G1 X24.128 Y100.741 E.00925
G1 X24.089 Y101.099 E.00924
G1 X23.979 Y101.442 E.00924
G1 X23.803 Y101.757 E.00926
G1 X23.569 Y102.03 E.00922
G1 X23.418 Y102.148 E.00492
G1 E-3.5 F3600
;WIPE_START
G1 F7200
G1 X23.371 Y102.185 E-.02841
G1 X23.285 Y102.252 E-.05178
G1 X22.962 Y102.413 E-.17143
G1 X22.6 Y102.507 E-.17765
G1 X22.039 Y102.507 E-.26647
G1 X21.641 Y102.399 E-.19589
G1 X21.322 Y102.231 E-.17125
G1 X21.042 Y102.004 E-.17122
G1 X20.814 Y101.725 E-.17115
G1 X20.72 Y101.549 E-.09475
;WIPE_END
G1 X64.735 Y100.851 F9000
G1 E5 F2400
;TYPE:Perimeter
;WIDTH:0.439999
G1 F1800
G1 X64.726 Y100.506 E.00931
G1 X64.836 Y99.923 E.01601
G1 X65.044 Y99.447 E.01402
G1 X65.341 Y99.022 E.01399
G1 X65.717 Y98.663 E.01403
G1 X66.157 Y98.387 E.01402
G1 X66.643 Y98.203 E.01402
G1 X67.155 Y98.119 E.014
G1 X67.674 Y98.138 E.01401
G1 X68.179 Y98.259 E.01401
G1 X68.65 Y98.479 E.01403
G1 X69.068 Y98.787 E.01401
G1 X69.417 Y99.172 E.01402
G1 X69.683 Y99.618 E.01401
G1 X69.855 Y100.108 E.01401
G1 X69.926 Y100.623 E.01403
G1 X69.894 Y101.141 E.014
G1 X69.76 Y101.643 E.01402
G1 X69.529 Y102.108 E.01401
G1 X69.21 Y102.519 E.01404
G1 X68.817 Y102.858 E.01401
G1 X68.364 Y103.112 E.01401
G1 X67.87 Y103.271 E.014
G1 X67.601 Y103.309 E.00733
G1 X67.039 Y103.309 E.01517
G1 X66.459 Y103.184 E.01601
G1 X65.988 Y102.965 E.01402
G1 X65.57 Y102.657 E.01401
G1 X65.222 Y102.272 E.014
G1 X64.956 Y101.825 E.01404
G1 X64.784 Y101.335 E.01401
G1 X64.74 Y101.067 E.00733
G1 X64.736 Y100.911 E.00421
G1 X65.14 Y100.831 F9000
G1 F1800
G1 X65.132 Y100.495 E.00907
G1 X65.229 Y100.024 E.01298
G1 X65.47 Y99.523 E.015
G1 X65.744 Y99.181 E.01183
G1 X66.081 Y98.899 E.01186
G1 X66.467 Y98.69 E.01184
G1 X66.886 Y98.561 E.01183
G1 X67.206 Y98.521 E.0087
G1 X67.76 Y98.563 E.01499
G1 X68.179 Y98.693 E.01184
G1 X68.564 Y98.903 E.01183
G1 X68.899 Y99.186 E.01183
G1 X69.172 Y99.529 E.01183
G1 X69.372 Y99.92 E.01185
G1 X69.49 Y100.343 E.01185
G1 X69.522 Y100.78 E.01182
G1 X69.467 Y101.216 E.01186
G1 X69.326 Y101.631 E.01183
G1 X69.106 Y102.011 E.01185
G1 X68.816 Y102.34 E.01183
G1 X68.465 Y102.604 E.01185
G1 X68.07 Y102.794 E.01183
G1 X67.6 Y102.903 E.01302
G1 X67.039 Y102.903 E.01514
G1 X66.569 Y102.794 E.01302
G1 X66.075 Y102.54 E.01499
G1 X65.739 Y102.258 E.01184
G1 X65.466 Y101.914 E.01185
G1 X65.267 Y101.524 E.01181
G1 X65.146 Y101.057 E.01302
G1 X65.142 Y100.891 E.00448
G1 X65.538 Y100.9 F9000
;TYPE:External perimeter
;WIDTH:0.419999
G1 F1800
G1 X65.527 Y100.486 E.01062
G1 X65.626 Y100.085 E.0106
G1 X65.786 Y99.762 E.00925
G1 X66.006 Y99.477 E.00924
G1 X66.279 Y99.242 E.00924
G1 X66.593 Y99.065 E.00925
G1 X66.936 Y98.954 E.00925
G1 X67.255 Y98.914 E.00825
G1 X67.652 Y98.944 E.01021
G1 X67.998 Y99.045 E.00925
G1 X68.317 Y99.213 E.00925
G1 X68.596 Y99.44 E.00923
G1 X68.825 Y99.719 E.00926
G1 X68.994 Y100.037 E.00924
G1 X69.096 Y100.382 E.00923
G1 X69.128 Y100.741 E.00925
G1 X69.089 Y101.099 E.00924
G1 X68.979 Y101.442 E.00924
G1 X68.803 Y101.757 E.00926
G1 X68.569 Y102.03 E.00922
G1 X68.285 Y102.252 E.00925
G1 X67.962 Y102.413 E.00926
G1 X67.6 Y102.507 E.00959
G1 X67.039 Y102.507 E.01439
G1 X66.641 Y102.399 E.01058
G1 X66.322 Y102.231 E.00925
G1 X66.042 Y102.004 E.00925
G1 X65.814 Y101.725 E.00924
G1 X65.645 Y101.407 E.00924
G1 X65.541 Y101.047 E.00961
G1 X65.539 Y100.96 E.00223
G1 E-3.5 F3600
;WIPE_START
G1 F7200
G1 X65.538 Y100.9 E-.0285
G1 X65.527 Y100.486 E-.19672
G1 X65.626 Y100.085 E-.19619
G1 X65.786 Y99.762 E-.17122
G1 X66.006 Y99.477 E-.17102
G1 X66.279 Y99.242 E-.1711
G1 X66.593 Y99.065 E-.17121
G1 X66.936 Y98.954 E-.17124
G1 X67.255 Y98.914 E-.15271
G1 X67.402 Y98.925 E-.07009
;WIPE_END
G1 X67.255 Y28.317 F9000
G1 E5 F2400
;TYPE:Perimeter
;WIDTH:0.439999
G1 F1800
G1 X66.964 Y28.306 E.00786
G1 X66.459 Y28.184 E.01402
G1 X65.988 Y27.965 E.01402
G1 X65.57 Y27.657 E.01401
G1 X65.222 Y27.272 E.014
G1 X64.956 Y26.825 E.01404
G1 X64.784 Y26.335 E.01401
G1 X64.74 Y26.067 E.00733
G1 X64.726 Y25.506 E.01514
G1 X64.836 Y24.923 E.01601
G1 X65.044 Y24.447 E.01402
G1 X65.341 Y24.022 E.01399
G1 X65.717 Y23.663 E.01403
G1 X66.157 Y23.387 E.01402
G1 X66.643 Y23.203 E.01402
G1 X67.155 Y23.119 E.014
G1 X67.674 Y23.138 E.01401
G1 X68.179 Y23.259 E.01401
G1 X68.65 Y23.479 E.01403
G1 X69.068 Y23.787 E.01401
G1 X69.417 Y24.172 E.01402
G1 X69.683 Y24.618 E.01401
G1 X69.855 Y25.108 E.01401
G1 X69.926 Y25.623 E.01403
G1 X69.894 Y26.141 E.014
G1 X69.76 Y26.643 E.01402
G1 X69.529 Y27.108 E.01401
G1 X69.367 Y27.327 E.00735
G1 X68.975 Y27.729 E.01515
G1 X68.482 Y28.057 E.01598
G1 X67.996 Y28.241 E.01402
G1 X67.483 Y28.325 E.01403
G1 X67.315 Y28.319 E.00454
G1 X67.264 Y27.92 F9000
G1 F1800
G1 X66.879 Y27.881 E.01044
G1 X66.46 Y27.751 E.01184
G1 X66.075 Y27.54 E.01185
G1 X65.739 Y27.258 E.01184
G1 X65.466 Y26.914 E.01185
G1 X65.267 Y26.523 E.01184
G1 X65.146 Y26.057 E.01299
G1 X65.132 Y25.495 E.01517
G1 X65.229 Y25.023 E.013
G1 X65.409 Y24.623 E.01184
G1 X65.744 Y24.181 E.01497
G1 X66.081 Y23.899 E.01186
G1 X66.467 Y23.69 E.01184
G1 X66.886 Y23.561 E.01183
G1 X67.323 Y23.518 E.01185
G1 X67.76 Y23.563 E.01185
G1 X68.179 Y23.693 E.01184
G1 X68.564 Y23.903 E.01183
G1 X68.899 Y24.186 E.01183
G1 X69.172 Y24.529 E.01183
G1 X69.372 Y24.92 E.01185
G1 X69.49 Y25.343 E.01185
G1 X69.522 Y25.78 E.01182
G1 X69.467 Y26.216 E.01186
G1 X69.326 Y26.631 E.01183
G1 X69.077 Y27.044 E.01301
G1 X68.685 Y27.446 E.01515
G1 X68.279 Y27.706 E.01301
G1 X67.752 Y27.882 E.01499
G1 X67.324 Y27.925 E.01161
G1 X67.364 Y27.529 F9000
;TYPE:External perimeter
;WIDTH:0.419999
G1 F1800
G1 X67.345 Y27.531 E.00049
G1 X66.986 Y27.5 E.00924
G1 X66.641 Y27.399 E.00922
G1 X66.322 Y27.231 E.00925
G1 X66.042 Y27.004 E.00925
G1 X65.814 Y26.725 E.00924
G1 X65.645 Y26.407 E.00924
G1 X65.541 Y26.047 E.00961
G1 X65.527 Y25.486 E.0144
G1 X65.626 Y25.085 E.0106
G1 X65.766 Y24.795 E.00826
G1 X66.006 Y24.477 E.01022
G1 X66.279 Y24.242 E.00924
G1 X66.593 Y24.065 E.00925
G1 X66.936 Y23.954 E.00925
G1 X67.293 Y23.913 E.00922
G1 X67.652 Y23.944 E.00924
G1 X67.998 Y24.045 E.00925
G1 X68.317 Y24.213 E.00925
G1 X68.596 Y24.44 E.00923
G1 X68.825 Y24.719 E.00926
G1 X68.994 Y25.037 E.00924
G1 X69.096 Y25.382 E.00923
G1 X69.128 Y25.741 E.00925
G1 X69.089 Y26.099 E.00924
G1 X68.979 Y26.442 E.00924
G1 X68.794 Y26.767 E.00959
G1 X68.401 Y27.17 E.01444
G1 X68.046 Y27.379 E.01057
G1 X67.703 Y27.49 E.00925
G1 X67.424 Y27.522 E.0072
G1 E-3.5 F3600
;WIPE_START
G1 F7200
G1 X67.364 Y27.529 E-.02869
G1 X67.345 Y27.531 E-.00907
G1 X66.986 Y27.5 E-.17116
G1 X66.641 Y27.399 E-.17075
G1 X66.322 Y27.231 E-.17125
G1 X66.042 Y27.004 E-.17122
G1 X65.814 Y26.725 E-.17115
G1 X65.645 Y26.407 E-.17106
G1 X65.541 Y26.047 E-.17799
G1 X65.528 Y25.504 E-.25766
;WIPE_END
G1 X24.912 Y25.851 F9000
G1 E5 F2400
;TYPE:Perimeter
;WIDTH:0.439999
G1 F1800
G1 X24.894 Y26.141 E.00784
G1 X24.76 Y26.643 E.01402
G1 X24.529 Y27.108 E.01401
G1 X24.367 Y27.327 E.00735
G1 X23.975 Y27.729 E.01515
G1 X23.482 Y28.057 E.01598
G1 X22.996 Y28.241 E.01402
G1 X22.483 Y28.325 E.01403
G1 X21.964 Y28.306 E.01401
G1 X21.459 Y28.184 E.01402
G1 X20.988 Y27.965 E.01402
G1 X20.57 Y27.657 E.01401
G1 X20.222 Y27.272 E.014
G1 X19.956 Y26.825 E.01404
G1 X19.784 Y26.335 E.01401
G1 X19.74 Y26.067 E.00733
G1 X19.726 Y25.506 E.01514
G1 X19.836 Y24.923 E.01601
G1 X20.044 Y24.447 E.01402
G1 X20.341 Y24.022 E.01399
G1 X20.717 Y23.663 E.01403
G1 X21.157 Y23.387 E.01402
G1 X21.643 Y23.203 E.01402
G1 X22.155 Y23.119 E.014
G1 X22.674 Y23.138 E.01401
G1 X23.179 Y23.259 E.01401
G1 X23.65 Y23.479 E.01403
G1 X24.068 Y23.787 E.01401
G1 X24.417 Y24.172 E.01402
G1 X24.683 Y24.618 E.01401
G1 X24.855 Y25.108 E.01401
G1 X24.926 Y25.623 E.01403
G1 X24.915 Y25.791 E.00454
G1 X24.516 Y25.832 F9000
G1 F1800
G1 X24.467 Y26.216 E.01045
G1 X24.326 Y26.631 E.01183
G1 X24.077 Y27.044 E.01301
G1 X23.685 Y27.446 E.01515
G1 X23.279 Y27.706 E.01301
G1 X22.752 Y27.882 E.01499
G1 X22.316 Y27.925 E.01182
G1 X21.879 Y27.881 E.01185
G1 X21.46 Y27.751 E.01184
G1 X21.075 Y27.54 E.01185
G1 X20.739 Y27.258 E.01184
G1 X20.466 Y26.914 E.01185
G1 X20.267 Y26.523 E.01184
G1 X20.146 Y26.057 E.01299
G1 X20.132 Y25.495 E.01517
G1 X20.229 Y25.023 E.013
G1 X20.47 Y24.523 E.01498
G1 X20.744 Y24.181 E.01183
G1 X21.081 Y23.899 E.01186
G1 X21.467 Y23.69 E.01184
G1 X22 Y23.547 E.01489
G1 X22.323 Y23.518 E.00875
G1 X22.76 Y23.563 E.01185
G1 X23.179 Y23.693 E.01184
G1 X23.564 Y23.903 E.01183
G1 X23.899 Y24.186 E.01183
G1 X24.172 Y24.529 E.01183
G1 X24.372 Y24.92 E.01185
G1 X24.49 Y25.343 E.01185
G1 X24.522 Y25.772 E.01161
G1 X24.127 Y25.722 F9000
;TYPE:External perimeter
;WIDTH:0.419999
G1 F1800
G1 X24.128 Y25.741 E.00049
G1 X24.089 Y26.099 E.00924
G1 X23.979 Y26.442 E.00924
G1 X23.794 Y26.767 E.00959
G1 X23.401 Y27.17 E.01444
G1 X23.046 Y27.379 E.01057
G1 X22.703 Y27.49 E.00925
G1 X22.345 Y27.531 E.00924
G1 X21.986 Y27.5 E.00924
G1 X21.641 Y27.399 E.00922
G1 X21.322 Y27.231 E.00925
G1 X21.042 Y27.004 E.00925
G1 X20.814 Y26.725 E.00924
G1 X20.645 Y26.407 E.00924
G1 X20.541 Y26.047 E.00961
G1 X20.527 Y25.486 E.0144
G1 X20.626 Y25.085 E.0106
G1 X20.786 Y24.762 E.00925
G1 X21.006 Y24.477 E.00924
G1 X21.279 Y24.242 E.00924
G1 X21.593 Y24.065 E.00925
G1 X22.049 Y23.94 E.01213
G1 X22.293 Y23.913 E.0063
G1 X22.652 Y23.944 E.00924
G1 X22.998 Y24.045 E.00925
G1 X23.317 Y24.213 E.00925
G1 X23.596 Y24.44 E.00923
G1 X23.825 Y24.719 E.00926
G1 X23.994 Y25.037 E.00924
G1 X24.096 Y25.382 E.00923
G1 X24.121 Y25.662 E.00721
G1 E-3.5 F3600
;WIPE_START
G1 F7200
G1 X24.127 Y25.722 E-.02864
G1 X24.128 Y25.741 E-.00904
G1 X24.089 Y26.099 E-.17106
G1 X23.979 Y26.442 E-.1711
G1 X23.794 Y26.767 E-.17763
G1 X23.401 Y27.17 E-.26738
G1 X23.046 Y27.379 E-.19568
G1 X22.703 Y27.49 E-.17124
G1 X22.345 Y27.531 E-.17116
G1 X22.058 Y27.506 E-.13707
;WIPE_END
G1 X22.384 Y173.127 F9000
G1 E5 F2400
;TYPE:Perimeter
;WIDTH:0.439999
G1 F1800
G1 X22.674 Y173.138 E.00783
G1 X23.179 Y173.259 E.01401
G1 X23.65 Y173.479 E.01403
G1 X24.068 Y173.787 E.01401
G1 X24.417 Y174.172 E.01402
G1 X24.683 Y174.618 E.01401
G1 X24.855 Y175.108 E.01401
G1 X24.926 Y175.623 E.01403
G1 X24.894 Y176.141 E.014
G1 X24.76 Y176.643 E.01402
G1 X24.529 Y177.108 E.01401
G1 X24.367 Y177.327 E.00735
G1 X23.975 Y177.729 E.01515
G1 X23.482 Y178.057 E.01598
G1 X22.996 Y178.241 E.01402
G1 X22.483 Y178.325 E.01403
G1 X21.964 Y178.306 E.01401
G1 X21.459 Y178.184 E.01402
G1 X20.988 Y177.965 E.01402
G1 X20.57 Y177.657 E.01401
G1 X20.222 Y177.272 E.014
G1 X19.956 Y176.825 E.01404
G1 X19.784 Y176.335 E.01401
G1 X19.74 Y176.067 E.00733
G1 X19.726 Y175.506 E.01514
G1 X19.836 Y174.923 E.01601
G1 X20.044 Y174.447 E.01402
G1 X20.341 Y174.022 E.01399
G1 X20.717 Y173.663 E.01403
G1 X21.157 Y173.387 E.01402
G1 X21.643 Y173.203 E.01402
G1 X22.155 Y173.119 E.014
G1 X22.324 Y173.125 E.00456
G1 X22.374 Y173.523 F9000
G1 F1800
G1 X22.76 Y173.563 E.01047
G1 X23.179 Y173.693 E.01184
G1 X23.564 Y173.903 E.01183
G1 X23.899 Y174.186 E.01183
G1 X24.172 Y174.529 E.01183
G1 X24.372 Y174.92 E.01185
G1 X24.49 Y175.343 E.01185
G1 X24.522 Y175.78 E.01182
G1 X24.467 Y176.216 E.01186
G1 X24.372 Y176.524 E.0087
G1 X24.173 Y176.914 E.01181
G1 X23.685 Y177.446 E.01948
G1 X23.178 Y177.752 E.01598
G1 X22.752 Y177.882 E.01202
G1 X22.316 Y177.925 E.01182
G1 X21.879 Y177.881 E.01185
G1 X21.46 Y177.751 E.01184
G1 X21.075 Y177.54 E.01185
G1 X20.739 Y177.258 E.01184
G1 X20.466 Y176.914 E.01185
G1 X20.267 Y176.523 E.01184
G1 X20.146 Y176.057 E.01299
G1 X20.132 Y175.495 E.01517
G1 X20.229 Y175.023 E.013
G1 X20.47 Y174.523 E.01498
G1 X20.744 Y174.181 E.01183
G1 X21.081 Y173.899 E.01186
G1 X21.467 Y173.69 E.01184
G1 X21.886 Y173.561 E.01183
G1 X22.315 Y173.519 E.01163
G1 X22.274 Y173.915 F9000
;TYPE:External perimeter
;WIDTH:0.419999
G1 F1800
G1 X22.293 Y173.913 E.00049
G1 X22.652 Y173.944 E.00924
G1 X22.998 Y174.045 E.00925
G1 X23.317 Y174.213 E.00925
G1 X23.596 Y174.44 E.00923
G1 X23.825 Y174.719 E.00926
G1 X23.994 Y175.037 E.00924
G1 X24.096 Y175.382 E.00923
G1 X24.128 Y175.741 E.00925
G1 X24.089 Y176.099 E.00924
G1 X23.994 Y176.407 E.00827
G1 X23.794 Y176.767 E.01057
G1 X23.401 Y177.17 E.01444
G1 X23.046 Y177.379 E.01057
G1 X22.703 Y177.49 E.00925
G1 X22.345 Y177.531 E.00924
G1 X21.986 Y177.5 E.00924
G1 X21.641 Y177.399 E.00922
G1 X21.322 Y177.231 E.00925
G1 X21.042 Y177.004 E.00925
G1 X20.814 Y176.725 E.00924
G1 X20.645 Y176.407 E.00924
G1 X20.541 Y176.047 E.00961
G1 X20.527 Y175.486 E.0144
G1 X20.626 Y175.085 E.0106
G1 X20.786 Y174.762 E.00925
G1 X21.006 Y174.477 E.00924
G1 X21.279 Y174.242 E.00924
G1 X21.593 Y174.065 E.00925
G1 X21.936 Y173.954 E.00925
G1 X22.215 Y173.922 E.0072
G1 E-3.5 F3600
;WIPE_START
G1 F7200
G1 X22.274 Y173.915 E-.02822
G1 X22.293 Y173.913 E-.00907
G1 X22.652 Y173.944 E-.17116
G1 X22.998 Y174.045 E-.17121
G1 X23.317 Y174.213 E-.17125
G1 X23.596 Y174.44 E-.17085
G1 X23.825 Y174.719 E-.17145
G1 X23.994 Y175.037 E-.17106
G1 X24.096 Y175.382 E-.17089
G1 X24.128 Y175.741 E-.1712
G1 X24.107 Y175.937 E-.09364
;WIPE_END
G1 X64.729 Y175.593 F9000
G1 E5 F2400
;TYPE:Perimeter
;WIDTH:0.439999
G1 F1800
G1 X64.726 Y175.506 E.00235
G1 X64.836 Y174.923 E.01601
G1 X65.044 Y174.447 E.01402
G1 X65.341 Y174.022 E.01399
G1 X65.717 Y173.663 E.01403
G1 X66.157 Y173.387 E.01402
G1 X66.643 Y173.203 E.01402
G1 X67.155 Y173.119 E.014
G1 X67.674 Y173.138 E.01401
G1 X68.179 Y173.259 E.01401
G1 X68.65 Y173.479 E.01403
G1 X69.068 Y173.787 E.01401
G1 X69.417 Y174.172 E.01402
G1 X69.683 Y174.618 E.01401
G1 X69.855 Y175.108 E.01401
G1 X69.926 Y175.623 E.01403
G1 X69.894 Y176.141 E.014
G1 X69.683 Y176.826 E.01934
G1 X69.367 Y177.327 E.01598
G1 X68.975 Y177.729 E.01515
G1 X68.482 Y178.057 E.01598
G1 X67.996 Y178.241 E.01402
G1 X67.483 Y178.325 E.01403
G1 X66.964 Y178.306 E.01401
G1 X66.459 Y178.184 E.01402
G1 X65.988 Y177.965 E.01402
G1 X65.57 Y177.657 E.01401
G1 X65.222 Y177.272 E.014
G1 X64.956 Y176.825 E.01404
G1 X64.784 Y176.335 E.01401
G1 X64.74 Y176.067 E.00733
G1 X64.73 Y175.653 E.01117
G1 X65.135 Y175.613 F9000
G1 F1800
G1 X65.132 Y175.495 E.00319
G1 X65.229 Y175.023 E.013
G1 X65.47 Y174.523 E.01498
G1 X65.744 Y174.181 E.01183
G1 X66.081 Y173.899 E.01186
G1 X66.467 Y173.69 E.01184
G1 X66.886 Y173.561 E.01183
G1 X67.323 Y173.518 E.01185
G1 X67.76 Y173.563 E.01185
G1 X68.179 Y173.693 E.01184
G1 X68.564 Y173.903 E.01183
G1 X68.899 Y174.186 E.01183
G1 X69.172 Y174.529 E.01183
G1 X69.372 Y174.92 E.01185
G1 X69.49 Y175.343 E.01185
G1 X69.522 Y175.78 E.01182
G1 X69.467 Y176.216 E.01186
G1 X69.326 Y176.631 E.01183
G1 X69.077 Y177.044 E.01301
G1 X68.685 Y177.446 E.01515
G1 X68.279 Y177.706 E.01301
G1 X67.752 Y177.882 E.01499
G1 X67.316 Y177.925 E.01182
G1 X66.879 Y177.881 E.01185
G1 X66.46 Y177.751 E.01184
G1 X66.075 Y177.54 E.01185
G1 X65.739 Y177.258 E.01184
G1 X65.466 Y176.914 E.01185
G1 X65.267 Y176.523 E.01184
G1 X65.146 Y176.057 E.01299
G1 X65.136 Y175.673 E.01037
G1 X65.533 Y175.722 F9000
;TYPE:External perimeter
;WIDTH:0.419999
G1 F1800
G1 X65.527 Y175.486 E.00606
G1 X65.626 Y175.085 E.0106
G1 X65.786 Y174.762 E.00925
G1 X66.006 Y174.477 E.00924
G1 X66.279 Y174.242 E.00924
G1 X66.593 Y174.065 E.00925
G1 X66.936 Y173.954 E.00925
G1 X67.293 Y173.913 E.00922
G1 X67.652 Y173.944 E.00924
G1 X67.998 Y174.045 E.00925
G1 X68.317 Y174.213 E.00925
G1 X68.596 Y174.44 E.00923
G1 X68.825 Y174.719 E.00926
G1 X68.994 Y175.037 E.00924
G1 X69.096 Y175.382 E.00923
G1 X69.128 Y175.741 E.00925
G1 X69.089 Y176.099 E.00924
G1 X68.979 Y176.442 E.00924
G1 X68.794 Y176.767 E.00959
G1 X68.401 Y177.17 E.01444
G1 X68.046 Y177.379 E.01057
G1 X67.59 Y177.504 E.01213
G1 X67.345 Y177.531 E.00632
G1 X66.986 Y177.5 E.00924
G1 X66.641 Y177.399 E.00922
G1 X66.322 Y177.231 E.00925
G1 X66.042 Y177.004 E.00925
G1 X65.814 Y176.725 E.00924
G1 X65.645 Y176.407 E.00924
G1 X65.541 Y176.047 E.00961
G1 X65.535 Y175.782 E.0068
G1 E-3.5 F3600
;WIPE_START
G1 F7200
G1 X65.533 Y175.722 E-.02852
G1 X65.527 Y175.486 E-.11214
G1 X65.626 Y175.085 E-.19619
G1 X65.786 Y174.762 E-.17122
G1 X66.006 Y174.477 E-.17102
G1 X66.279 Y174.242 E-.1711
G1 X66.593 Y174.065 E-.17121
G1 X66.936 Y173.954 E-.17124
G1 X67.293 Y173.913 E-.17069
G1 X67.58 Y173.937 E-.13667
;WIPE_END
G1 X61.831 Y184.711 F9000
G1 E5 F2400
;TYPE:Perimeter
;WIDTH:0.439999
G1 F3600
G1 X61.831 Y18.705 E4.47964
G1 X61.791 Y18.426 E.00761
G1 X61.632 Y18.108 E.00959
G1 X61.304 Y17.827 E.01165
G1 X60.837 Y17.711 E.01298
G1 X28.674 Y17.711 E.86791
G1 X28.334 Y17.827 E.00969
G1 X28.007 Y18.108 E.01163
G1 X27.848 Y18.426 E.00959
G1 X27.808 Y18.705 E.00761
G1 X27.808 Y184.711 E4.47964
G1 X18.331 Y184.711 E.25574
G1 X18.331 Y16.733 E4.53286
G1 X71.308 Y16.733 E1.42957
G1 X71.308 Y184.711 E4.53286
G1 X61.891 Y184.711 E.25412
G1 X61.425 Y185.116 F9000
G1 F3600
G1 X61.425 Y18.587 E4.49375
G1 X61.307 Y18.352 E.0071
G1 X61.113 Y18.185 E.00691
G1 X60.837 Y18.116 E.00768
G1 X28.802 Y18.116 E.86446
G1 X28.525 Y18.185 E.0077
G1 X28.331 Y18.352 E.00691
G1 X28.237 Y18.54 E.00567
G1 X28.214 Y18.705 E.0045
G1 X28.214 Y185.116 E4.49057
G1 X17.925 Y185.116 E.27765
G1 X17.925 Y16.328 E4.55471
G1 X71.714 Y16.328 E1.45149
G1 X71.714 Y185.116 E4.55471
G1 X61.485 Y185.116 E.27603
G1 X61.029 Y185.512 F9000
;TYPE:External perimeter
;WIDTH:0.419999
G1 F1800
G1 X61.029 Y18.705 E4.27933
G1 X60.991 Y18.589 E.00313
G1 X60.837 Y18.512 E.00442
G1 X28.802 Y18.512 E.82184
G1 X28.648 Y18.589 E.00442
G1 X28.609 Y18.705 E.00314
G1 X28.609 Y185.512 E4.27933
G1 X17.529 Y185.512 E.28425
G1 X17.529 Y15.932 E4.35047
G1 X72.109 Y15.932 E1.40022
G1 X72.109 Y185.512 E4.35047
G1 X61.089 Y185.512 E.28271
G1 E-3.5 F3600
;WIPE_START
G1 F7200
G1 X61.029 Y185.512 E-.0285
G1 X61.029 Y182.414 E-1.4715
;WIPE_END
G1 X59.502 Y17.398 F9000
G1 E5 F2400
;TYPE:Internal infill
;WIDTH:0.44
G1 F3600
G1 X60.91 Y17.413 E.038
G1 X60.91 Y17.372 E.00111
G1 X60.584 Y17.046 E.01244
G1 X59.652 Y17.046 E.02515
G1 X59.3 Y17.398 E.01343
G1 X53.287 Y17.398 E.16226
G1 X52.934 Y17.046 E.01345
G1 X52.003 Y17.046 E.02512
G1 X51.65 Y17.398 E.01345
G1 X45.638 Y17.398 E.16223
G1 X45.285 Y17.046 E.01345
G1 X44.354 Y17.046 E.02512
G1 X44.001 Y17.398 E.01345
G1 X37.988 Y17.398 E.16226
G1 X37.636 Y17.046 E.01343
G1 X36.704 Y17.046 E.02515
G1 X36.352 Y17.398 E.01343
G1 X30.339 Y17.398 E.16226
G1 X29.986 Y17.046 E.01345
G1 X29.055 Y17.046 E.02512
G1 X28.728 Y17.372 E.01246
G1 X30.136 Y17.398 E.038
G1 E-3.5
;WIPE_START
G1 F7200
G1 X28.728 Y17.372 E-.66891
G1 X29.055 Y17.046 E-.21933
G1 X29.986 Y17.046 E-.44223
G1 X30.239 Y17.298 E-.16953
;WIPE_END
G1 X18.753 Y17.078 F9000
G1 E5 F2400
;TYPE:Solid infill
;WIDTH:0.538422
G1 F3600
G1 X18.709 Y17.034 E.00209
G1 X18.648 Y17.05 E.00211
G1 X18.631 Y17.111 E.00212
G1 X18.676 Y17.156 E.00213
G1 X18.737 Y17.139 E.00212
;WIDTH:0.439999
G1 X19.385 Y17.046 E.01767
G1 X18.643 Y17.787 E.0283
G1 X18.643 Y18.361 E.01549
G1 X19.958 Y17.046 E.05018
G1 X20.532 Y17.046 E.01549
G1 X18.643 Y18.935 E.07209
G1 X18.643 Y19.508 E.01546
G1 X21.106 Y17.046 E.09397
G1 X21.68 Y17.046 E.01549
G1 X18.643 Y20.082 E.11588
G1 X18.643 Y20.656 E.01549
G1 X22.253 Y17.046 E.13777
G1 X22.827 Y17.046 E.01549
G1 X18.643 Y21.229 E.15965
G1 X18.643 Y21.803 E.01549
G1 X23.401 Y17.046 E.18156
G1 X23.974 Y17.046 E.01546
G1 X18.643 Y22.377 E.20344
G1 X18.643 Y22.95 E.01546
G1 X24.548 Y17.046 E.22533
G1 X25.122 Y17.046 E.01549
G1 X18.643 Y23.524 E.24723
G1 X18.643 Y24.098 E.01549
G1 X25.695 Y17.046 E.26912
G1 X26.269 Y17.046 E.01549
G1 X18.643 Y24.672 E.29103
G1 X19.37 Y25.092 F9000
G1 F3600
G1 X19.086 Y25.376 E.01084
G1 X18.973 Y25.433 E.00342
G1 X18.803 Y25.38 E.00481
G1 X18.643 Y25.229 E.00594
G1 X18.643 Y30.982 E.15524
G1 X21.208 Y28.417 E.09789
G1 X20.65 Y28.117 E.0171
G1 X20.209 Y27.739 E.01567
G1 X19.851 Y27.28 E.01571
G1 X19.591 Y26.76 E.01569
G1 X19.433 Y26.11 E.01805
G1 X19.414 Y25.508 E.01625
G1 X19.513 Y24.949 E.01532
G1 X18.942 Y24.946 E.01541
G1 X26.843 Y17.046 E.3015
G1 X27.416 Y17.046 E.01546
G1 X21.56 Y22.902 E.22348
G1 X21.437 Y22.989 E.00407
;WIDTH:0.407168
G1 X21.314 Y23.076 E.00374
;WIDTH:0.374336
G1 X21.243 Y23.057 E.00166
G1 X21.262 Y23.128 E.00166
G1 X21.303 Y23.117 E.00096
G1 X22.235 Y22.801 F9000
;WIDTH:0.439999
G1 F3600
G1 X27.99 Y17.046 E.21962
G1 X28.448 Y16.951 E.01262
;WIDTH:0.374336
G1 X28.376 Y16.932 E.00168
G1 X28.395 Y17.003 E.00166
G1 X28.437 Y16.992 E.00098
;WIDTH:0.407168
G1 X28.38 Y17.139 E.00391
;WIDTH:0.439999
G1 X28.323 Y17.287 E.00428
G1 X22.771 Y22.839 E.21188
G1 X23.231 Y22.952 E.01278
G1 X27.497 Y18.686 E.1628
G1 X27.584 Y18.557 E.0042
;WIDTH:0.407168
G1 X27.671 Y18.429 E.00384
;WIDTH:0.374336
G1 X27.63 Y18.44 E.00096
G1 X27.611 Y18.369 E.00166
G1 X27.682 Y18.388 E.00166
G1 X27.496 Y19.261 F9000
;WIDTH:0.439999
G1 F3600
G1 X23.634 Y23.123 E.14738
G1 X23.998 Y23.333 E.01134
G1 X27.496 Y19.835 E.13349
G1 X27.496 Y20.408 E.01546
G1 X24.313 Y23.591 E.12147
G1 X24.588 Y23.89 E.01096
G1 X27.496 Y20.982 E.11098
G1 X27.496 Y21.556 E.01549
G1 X24.825 Y24.226 E.10191
G1 X25.017 Y24.609 E.01156
G1 X27.496 Y22.13 E.0946
G1 X27.496 Y24.568 E.06579
G1 X27.352 Y24.568 E.00389
G1 X24.971 Y26.946 E.09081
G1 X25.194 Y26.245 E.01985
G1 X25.235 Y25.579 E.01801
G1 X25.163 Y25.042 E.01462
G1 X27.352 Y22.847 E.08365
G1 X27.09 Y23.683 F9000
;WIDTH:0.43999
G1 F3600
G1 X27.065 Y24.281 E.01615
G1 X25.637 Y25.709 E.05449
G1 X25.589 Y25.184 E.01423
G1 X26.947 Y23.826 E.05182
G1 E-3.5
;WIPE_START
G1 F7200
G1 X25.589 Y25.184 E-.91224
G1 X25.637 Y25.709 E-.25042
G1 X26.139 Y25.207 E-.33734
;WIPE_END
G1 X21.639 Y28.559 F9000
G1 E5 F2400
;WIDTH:0.439999
G1 F3600
G1 X18.643 Y31.556 E.11435
G1 X18.643 Y32.13 E.01549
G1 X22.14 Y28.632 E.13347
G1 X22.738 Y28.608 E.01615
G1 X18.643 Y32.703 E.15627
G1 X18.643 Y33.277 E.01549
G1 X23.554 Y28.366 E.18742
G1 X23.698 Y28.254 E.00492
;WIDTH:0.407168
G1 X23.841 Y28.141 E.00452
;WIDTH:0.374336
G1 X24.549 Y27.477 E.02195
G1 E-3.5
;WIPE_START
G1 F7200
G1 X23.841 Y28.141 E-.46106
G1 X23.698 Y28.254 E-.08657
G1 X23.554 Y28.366 E-.08665
G1 X22.265 Y29.655 E-.86572
;WIPE_END
G1 X27.496 Y24.998 F9000
G1 E5 F2400
;WIDTH:0.439999
G1 F3600
G1 X18.643 Y33.851 E.33785
G1 X18.643 Y34.424 E.01546
G1 X27.496 Y25.572 E.33783
G1 X27.496 Y26.145 E.01546
G1 X18.643 Y34.998 E.33785
G1 X18.643 Y35.572 E.01549
G1 X27.496 Y26.719 E.33785
G1 X27.496 Y27.293 E.01549
G1 X18.643 Y36.145 E.33783
G1 X18.643 Y36.719 E.01549
G1 X27.496 Y27.867 E.33783
G1 X27.496 Y28.44 E.01546
G1 X18.643 Y37.293 E.33785
G1 X18.643 Y37.867 E.01549
G1 X27.496 Y29.014 E.33785
G1 X27.496 Y29.588 E.01549
G1 X18.643 Y38.44 E.33783
G1 X18.643 Y39.014 E.01549
G1 X27.496 Y30.161 E.33785
G1 X27.496 Y30.735 E.01549
G1 X18.643 Y39.588 E.33785
G1 X18.643 Y40.161 E.01546
G1 X27.496 Y31.309 E.33783
G1 X27.496 Y31.882 E.01546
G1 X18.643 Y40.735 E.33785
G1 X18.643 Y41.309 E.01549
G1 X27.496 Y32.456 E.33785
G1 X27.496 Y33.03 E.01549
G1 X18.643 Y41.882 E.33783
G1 X18.643 Y42.456 E.01549
G1 X27.496 Y33.603 E.33785
G1 X27.496 Y34.177 E.01549
G1 X18.643 Y43.03 E.33785
G1 X18.643 Y43.603 E.01546
G1 X27.496 Y34.751 E.33783
G1 X27.496 Y35.325 E.01549
G1 X18.643 Y44.177 E.33783
G1 X18.643 Y44.751 E.01549
G1 X27.496 Y35.898 E.33785
G1 X27.496 Y36.472 E.01549
G1 X18.643 Y45.325 E.33785
G1 X18.643 Y45.898 E.01546
G1 X27.496 Y37.046 E.33783
G1 X27.496 Y37.619 E.01546
G1 X18.643 Y46.472 E.33785
G1 X18.643 Y47.046 E.01549
G1 X27.496 Y38.193 E.33785
G1 X27.496 Y38.767 E.01549
G1 X18.643 Y47.619 E.33783
G1 X18.643 Y48.193 E.01549
G1 X27.496 Y39.34 E.33785
G1 X27.496 Y39.914 E.01549
G1 X18.643 Y48.767 E.33785
G1 X18.643 Y49.34 E.01546
G1 X27.496 Y40.488 E.33783
G1 X27.496 Y41.061 E.01546
G1 X18.643 Y49.914 E.33785
G1 X18.643 Y50.488 E.01549
G1 X27.496 Y41.635 E.33785
G1 X27.496 Y42.209 E.01549
G1 X18.643 Y51.062 E.33785
G1 X18.643 Y51.635 E.01546
G1 X27.496 Y42.783 E.33783
G1 X27.496 Y43.356 E.01546
G1 X18.643 Y52.209 E.33785
G1 X18.643 Y52.783 E.01549
G1 X27.496 Y43.93 E.33785
G1 X27.496 Y44.504 E.01549
G1 X18.643 Y53.356 E.33783
G1 X18.643 Y53.93 E.01549
G1 X27.496 Y45.077 E.33785
G1 X27.496 Y45.651 E.01549
G1 X18.643 Y54.504 E.33785
G1 X18.643 Y55.077 E.01546
G1 X27.496 Y46.225 E.33783
G1 X27.496 Y46.798 E.01546
G1 X18.643 Y55.651 E.33785
G1 X18.643 Y56.225 E.01549
G1 X27.496 Y47.372 E.33785
G1 X27.496 Y47.946 E.01549
G1 X18.643 Y56.798 E.33783
G1 X18.643 Y57.372 E.01549
G1 X27.496 Y48.519 E.33785
G1 X27.496 Y49.093 E.01549
G1 X18.643 Y57.946 E.33785
G1 X18.643 Y58.52 E.01549
G1 X27.496 Y49.667 E.33785
G1 X27.496 Y50.241 E.01549
G1 X18.643 Y59.093 E.33783
G1 X18.643 Y59.667 E.01549
G1 X27.496 Y50.814 E.33785
G1 X27.496 Y51.388 E.01549
G1 X18.643 Y60.241 E.33785
G1 X18.643 Y60.814 E.01546
G1 X27.496 Y51.962 E.33783
G1 X27.496 Y52.535 E.01546
G1 X18.643 Y61.388 E.33785
G1 X18.643 Y61.962 E.01549
G1 X27.496 Y53.109 E.33785
G1 X27.496 Y53.683 E.01549
G1 X18.643 Y62.535 E.33783
G1 X18.643 Y63.109 E.01549
G1 X27.496 Y54.256 E.33785
G1 X27.496 Y54.83 E.01549
G1 X18.643 Y63.683 E.33785
G1 X18.643 Y64.256 E.01546
G1 X27.496 Y55.404 E.33783
G1 X27.496 Y55.978 E.01549
G1 X18.643 Y64.83 E.33783
G1 X18.643 Y65.404 E.01549
G1 X27.496 Y56.551 E.33785
G1 X27.496 Y57.125 E.01549
G1 X18.643 Y65.978 E.33785
G1 X18.643 Y66.551 E.01546
G1 X27.496 Y57.699 E.33783
G1 X27.496 Y58.272 E.01546
G1 X18.643 Y67.125 E.33785
G1 X18.643 Y67.699 E.01549
G1 X27.496 Y58.846 E.33785
G1 X27.496 Y59.42 E.01549
G1 X18.643 Y68.272 E.33783
G1 X18.643 Y68.846 E.01549
G1 X27.496 Y59.993 E.33785
G1 X27.496 Y60.567 E.01549
G1 X18.643 Y69.42 E.33785
G1 X18.643 Y69.993 E.01546
G1 X27.496 Y61.141 E.33783
G1 X27.496 Y61.714 E.01546
G1 X18.643 Y70.567 E.33785
G1 X18.643 Y71.141 E.01549
G1 X27.496 Y62.288 E.33785
G1 X27.496 Y62.862 E.01549
G1 X18.643 Y71.714 E.33783
G1 X18.643 Y72.288 E.01549
G1 X27.496 Y63.436 E.33783
G1 X27.496 Y64.009 E.01546
G1 X18.643 Y72.862 E.33785
G1 X18.643 Y73.436 E.01549
G1 X27.496 Y64.583 E.33785
G1 X27.496 Y65.157 E.01549
G1 X18.643 Y74.009 E.33783
G1 X18.643 Y74.583 E.01549
G1 X27.496 Y65.73 E.33785
G1 X27.496 Y66.304 E.01549
G1 X18.643 Y75.157 E.33785
G1 X18.643 Y75.73 E.01546
G1 X27.496 Y66.878 E.33783
G1 X27.496 Y67.451 E.01546
G1 X18.643 Y76.304 E.33785
G1 X18.643 Y76.878 E.01549
G1 X27.496 Y68.025 E.33785
G1 X27.496 Y68.599 E.01549
G1 X18.643 Y77.451 E.33783
G1 X18.643 Y78.025 E.01549
G1 X27.496 Y69.172 E.33785
G1 X27.496 Y69.746 E.01549
G1 X18.643 Y78.599 E.33785
G1 X18.643 Y79.173 E.01549
G1 X27.496 Y70.32 E.33785
G1 X27.496 Y70.894 E.01549
G1 X18.643 Y79.746 E.33783
G1 X18.643 Y80.32 E.01549
G1 X27.496 Y71.467 E.33785
G1 X27.496 Y72.041 E.01549
G1 X18.643 Y80.894 E.33785
G1 X18.643 Y81.467 E.01546
G1 X27.496 Y72.615 E.33783
G1 X27.496 Y73.188 E.01546
G1 X18.643 Y82.041 E.33785
G1 X18.643 Y82.615 E.01549
G1 X27.496 Y73.762 E.33785
G1 X27.496 Y74.336 E.01549
G1 X18.643 Y83.188 E.33783
G1 X18.643 Y83.762 E.01549
G1 X27.496 Y74.909 E.33785
G1 X27.496 Y75.483 E.01549
G1 X18.643 Y84.336 E.33785
G1 X18.643 Y84.909 E.01546
G1 X27.496 Y76.057 E.33783
G1 X27.496 Y76.63 E.01546
G1 X18.643 Y85.483 E.33785
G1 X18.643 Y86.057 E.01549
G1 X27.496 Y77.204 E.33785
G1 X27.496 Y77.778 E.01549
G1 X18.643 Y86.631 E.33785
G1 X18.643 Y87.204 E.01546
G1 X27.496 Y78.352 E.33783
G1 X27.496 Y78.925 E.01546
G1 X18.643 Y87.778 E.33785
G1 X18.643 Y88.352 E.01549
G1 X27.496 Y79.499 E.33785
G1 X27.496 Y80.073 E.01549
G1 X18.643 Y88.925 E.33783
G1 X18.643 Y89.499 E.01549
G1 X27.496 Y80.646 E.33785
G1 X27.496 Y81.22 E.01549
G1 X18.643 Y90.073 E.33785
G1 X18.643 Y90.646 E.01546
G1 X27.496 Y81.794 E.33783
G1 X27.496 Y82.367 E.01546
G1 X18.643 Y91.22 E.33785
G1 X18.643 Y91.794 E.01549
G1 X27.496 Y82.941 E.33785
G1 X27.496 Y83.515 E.01549
G1 X18.643 Y92.367 E.33783
G1 X18.643 Y92.941 E.01549
G1 X27.496 Y84.089 E.33783
G1 X27.496 Y84.662 E.01546
G1 X18.643 Y93.515 E.33785
G1 X18.643 Y94.089 E.01549
G1 X27.496 Y85.236 E.33785
G1 X27.496 Y85.81 E.01549
G1 X18.643 Y94.662 E.33783
G1 X18.643 Y95.236 E.01549
G1 X27.496 Y86.383 E.33785
G1 X27.496 Y86.957 E.01549
G1 X18.643 Y95.81 E.33785
G1 X18.643 Y96.383 E.01546
G1 X27.496 Y87.531 E.33783
G1 X27.496 Y88.104 E.01546
G1 X18.643 Y96.957 E.33785
G1 X18.643 Y97.531 E.01549
G1 X27.496 Y88.678 E.33785
G1 X27.496 Y89.252 E.01549
G1 X18.643 Y98.104 E.33783
G1 X18.643 Y98.678 E.01549
G1 X27.496 Y89.825 E.33785
G1 X27.496 Y90.399 E.01549
G1 X18.643 Y99.252 E.33785
G1 X18.643 Y99.825 E.01546
G1 X27.496 Y90.973 E.33783
G1 X27.496 Y91.547 E.01549
G1 X20.824 Y98.219 E.25462
G1 X20.68 Y98.341 E.00509
;WIDTH:0.409525
G1 X20.537 Y98.462 E.00468
;WIDTH:0.39964
G1 X19.922 Y99.092 E.02139
;WIDTH:0.40158
G1 X19.912 Y99.103 E.00036
;WIDTH:0.403738
G1 X19.898 Y99.121 E.00056
;WIDTH:0.439999
G1 X19.613 Y99.627 E.01567
G1 X19.458 Y100.144 E.01456
G1 X19.416 Y100.541 E.01077
G1 X19.455 Y101.298 E.02045
G1 X19.688 Y101.986 E.0196
G1 X19.991 Y102.483 E.01571
G1 X20.386 Y102.909 E.01568
G1 X20.858 Y103.249 E.0157
G1 X21.318 Y103.461 E.01367
G1 X18.643 Y106.136 E.10208
G1 X18.643 Y100.261 E.15854
G1 X18.786 Y100.256 E.00386
G1 X19.759 Y99.268 E.03742
G1 X19.03 Y100.557 F9000
;WIDTH:0.431326
G1 F3600
G1 X19.044 Y101.259 E.01854
;WIDTH:0.439952
G1 X19.049 Y105.157 E.10517
G1 X20.625 Y103.58 E.06016
G1 X20.147 Y103.237 E.01587
G1 X19.691 Y102.756 E.01788
G1 X19.34 Y102.195 E.01786
G1 X19.049 Y101.339 E.02439
G1 X19.462 Y103.117 F9000
;WIDTH:0.454754
G1 F3600
G1 X19.751 Y103.434 E.012
G1 X19.989 Y103.633 E.00868
G1 X19.462 Y104.16 E.02084
G1 X19.462 Y103.32 E.02349
G1 E-3.5
;WIPE_START
G1 F7200
G1 X19.462 Y104.16 E-.399
G1 X19.989 Y103.633 E-.35401
G1 X19.751 Y103.434 E-.14736
G1 X19.462 Y103.117 E-.20376
;WIPE_END
G1 E-.39587 F3600
G1 X21.768 Y103.585 F9000
G1 E5 F2400
;WIDTH:0.439999
G1 F3600
G1 X18.643 Y106.71 E.11926
G1 X18.643 Y107.284 E.01549
G1 X22.307 Y103.619 E.13985
G1 X23.02 Y103.387 E.02023
;WIDTH:0.374336
G1 X23.206 Y103.411 E.00424
;WIDTH:0.407168
G1 X23.064 Y103.495 E.00409
;WIDTH:0.439999
G1 X22.922 Y103.579 E.00445
G1 X18.643 Y107.857 E.16328
G1 E-3.5
;WIPE_START
G1 F7200
G1 X20.876 Y105.624 E-1.5
;WIPE_END
G1 X21.502 Y98.057 F9000
G1 E5 F2400
;WIDTH:0.374336
G1 F3600
G1 X21.461 Y98.068 E.00096
G1 X21.442 Y97.997 E.00166
G1 X21.513 Y98.016 E.00166
;WIDTH:0.407168
G1 X21.636 Y97.936 E.00364
;WIDTH:0.439999
G1 X21.759 Y97.857 E.00394
G1 X27.496 Y92.12 E.21894
G1 X27.496 Y92.694 E.01549
G1 X22.387 Y97.803 E.19497
G1 X22.902 Y97.862 E.01399
G1 X27.496 Y93.268 E.17532
G1 X27.496 Y93.841 E.01546
G1 X23.347 Y97.99 E.15834
G1 X23.738 Y98.173 E.01165
G1 X27.496 Y94.415 E.14341
G1 X27.496 Y94.989 E.01549
G1 X24.084 Y98.4 E.13019
G1 X24.391 Y98.667 E.01098
G1 X27.496 Y95.562 E.11849
G1 X27.496 Y96.136 E.01549
G1 X24.658 Y98.973 E.10829
G1 X24.879 Y99.326 E.01124
G1 X27.496 Y96.71 E.09985
G1 X27.496 Y97.283 E.01546
G1 X25.061 Y99.718 E.09293
G1 E-3.5
;WIPE_START
G1 F7200
G1 X27.294 Y97.485 E-1.5
;WIPE_END
G1 X27.352 Y98.001 F9000
G1 E5 F2400
G1 F3600
G1 X25.204 Y100.148 E.08195
G1 X25.172 Y100.152 E.00087
G1 X25.241 Y100.696 E.0148
G1 X25.199 Y101.2 E.01365
G1 X25.062 Y101.722 E.01456
;WIDTH:0.443665
G1 X24.815 Y102.249 E.01585
G1 X25.203 Y101.871 E.01475
;WIDTH:0.439999
G1 X27.352 Y99.722 E.08201
G1 X27.496 Y99.722 E.00389
G1 X27.496 Y97.857 E.05033
G1 X27.09 Y98.837 F9000
;WIDTH:0.43999
G1 F3600
G1 X27.065 Y99.435 E.01615
G1 X25.639 Y100.862 E.05444
G1 X25.603 Y100.324 E.01455
G1 X26.947 Y98.98 E.05129
G1 E-3.5
;WIPE_START
G1 F7200
G1 X25.603 Y100.324 E-.90283
G1 X25.639 Y100.862 E-.25612
G1 X26.147 Y100.354 E-.34105
;WIPE_END
G1 X24.789 Y102.282 F9000
G1 E5 F2400
;WIDTH:0.44409
G1 F3600
G1 X24.487 Y102.602 E.01199
;WIDTH:0.418628
G1 X24.185 Y102.922 E.01125
;WIDTH:0.439999
G1 X23.899 Y103.175 E.0103
G1 X18.643 Y108.431 E.20058
G1 X18.643 Y109.005 E.01549
G1 X27.496 Y100.152 E.33785
G1 X27.496 Y100.726 E.01549
G1 X18.643 Y109.578 E.33783
G1 X18.643 Y110.152 E.01549
G1 X27.496 Y101.299 E.33785
G1 X27.496 Y101.873 E.01549
G1 X18.643 Y110.726 E.33785
G1 X18.643 Y111.299 E.01546
G1 X27.496 Y102.447 E.33783
G1 X27.496 Y103.02 E.01546
G1 X18.643 Y111.873 E.33785
G1 X18.643 Y112.447 E.01549
G1 X27.496 Y103.594 E.33785
G1 X27.496 Y104.168 E.01549
G1 X18.643 Y113.02 E.33783
G1 X18.643 Y113.594 E.01549
G1 X27.496 Y104.742 E.33783
G1 X27.496 Y105.315 E.01546
G1 X18.643 Y114.168 E.33785
G1 X18.643 Y114.742 E.01549
G1 X27.496 Y105.889 E.33785
G1 X27.496 Y106.463 E.01549
G1 X18.643 Y115.315 E.33783
G1 X18.643 Y115.889 E.01549
G1 X27.496 Y107.036 E.33785
G1 X27.496 Y107.61 E.01549
G1 X18.643 Y116.463 E.33785
G1 X18.643 Y117.036 E.01546
G1 X27.496 Y108.184 E.33783
G1 X27.496 Y108.757 E.01546
G1 X18.643 Y117.61 E.33785
G1 X18.643 Y118.184 E.01549
G1 X27.496 Y109.331 E.33785
G1 X27.496 Y109.905 E.01549
G1 X18.643 Y118.757 E.33783
G1 X18.643 Y119.331 E.01549
G1 X27.496 Y110.478 E.33785
G1 X27.496 Y111.052 E.01549
G1 X18.643 Y119.905 E.33785
G1 X18.643 Y120.478 E.01546
G1 X27.496 Y111.626 E.33783
G1 X27.496 Y112.2 E.01549
G1 X18.643 Y121.052 E.33783
G1 X18.643 Y121.626 E.01549
G1 X27.496 Y112.773 E.33785
G1 X27.496 Y113.347 E.01549
G1 X18.643 Y122.2 E.33785
G1 X18.643 Y122.773 E.01546
G1 X27.496 Y113.921 E.33783
G1 X27.496 Y114.494 E.01546
G1 X18.643 Y123.347 E.33785
G1 X18.643 Y123.921 E.01549
G1 X27.496 Y115.068 E.33785
G1 X27.496 Y115.642 E.01549
G1 X18.643 Y124.494 E.33783
G1 X18.643 Y125.068 E.01549
G1 X27.496 Y116.215 E.33785
G1 X27.496 Y116.789 E.01549
G1 X18.643 Y125.642 E.33785
G1 X18.643 Y126.215 E.01546
G1 X27.496 Y117.363 E.33783
G1 X27.496 Y117.936 E.01546
G1 X18.643 Y126.789 E.33785
G1 X18.643 Y127.363 E.01549
G1 X27.496 Y118.51 E.33785
G1 X27.496 Y119.084 E.01549
G1 X18.643 Y127.936 E.33783
G1 X18.643 Y128.51 E.01549
G1 X27.496 Y119.658 E.33783
G1 X27.496 Y120.231 E.01546
G1 X18.643 Y129.084 E.33785
G1 X18.643 Y129.658 E.01549
G1 X27.496 Y120.805 E.33785
G1 X27.496 Y121.379 E.01549
G1 X18.643 Y130.231 E.33783
G1 X18.643 Y130.805 E.01549
G1 X27.496 Y121.952 E.33785
G1 X27.496 Y122.526 E.01549
G1 X18.643 Y131.379 E.33785
G1 X18.643 Y131.952 E.01546
G1 X27.496 Y123.1 E.33783
G1 X27.496 Y123.673 E.01546
G1 X18.643 Y132.526 E.33785
G1 X18.643 Y133.1 E.01549
G1 X27.496 Y124.247 E.33785
G1 X27.496 Y124.821 E.01549
G1 X18.643 Y133.673 E.33783
G1 X18.643 Y134.247 E.01549
G1 X27.496 Y125.394 E.33785
G1 X27.496 Y125.968 E.01549
G1 X18.643 Y134.821 E.33785
G1 X18.643 Y135.395 E.01549
G1 X27.496 Y126.542 E.33785
G1 X27.496 Y127.116 E.01549
G1 X18.643 Y135.968 E.33783
G1 X18.643 Y136.542 E.01549
G1 X27.496 Y127.689 E.33785
G1 X27.496 Y128.263 E.01549
G1 X18.643 Y137.116 E.33785
G1 X18.643 Y137.689 E.01546
G1 X27.496 Y128.837 E.33783
G1 X27.496 Y129.41 E.01546
G1 X18.643 Y138.263 E.33785
G1 X18.643 Y138.837 E.01549
G1 X27.496 Y129.984 E.33785
G1 X27.496 Y130.558 E.01549
G1 X18.643 Y139.41 E.33783
G1 X18.643 Y139.984 E.01549
G1 X27.496 Y131.131 E.33785
G1 X27.496 Y131.705 E.01549
G1 X18.643 Y140.558 E.33785
G1 X18.643 Y141.131 E.01546
G1 X27.496 Y132.279 E.33783
G1 X27.496 Y132.853 E.01549
G1 X18.643 Y141.705 E.33783
G1 X18.643 Y142.279 E.01549
G1 X27.496 Y133.426 E.33785
G1 X27.496 Y134 E.01549
G1 X18.643 Y142.853 E.33785
G1 X18.643 Y143.426 E.01546
G1 X27.496 Y134.574 E.33783
G1 X27.496 Y135.147 E.01546
G1 X18.643 Y144 E.33785
G1 X18.643 Y144.574 E.01549
G1 X27.496 Y135.721 E.33785
G1 X27.496 Y136.295 E.01549
G1 X18.643 Y145.147 E.33783
G1 X18.643 Y145.721 E.01549
G1 X27.496 Y136.868 E.33785
G1 X27.496 Y137.442 E.01549
G1 X18.643 Y146.295 E.33785
G1 X18.643 Y146.868 E.01546
G1 X27.496 Y138.016 E.33783
G1 X27.496 Y138.589 E.01546
G1 X18.643 Y147.442 E.33785
G1 X18.643 Y148.016 E.01549
G1 X27.496 Y139.163 E.33785
G1 X27.496 Y139.737 E.01549
G1 X18.643 Y148.589 E.33783
G1 X18.643 Y149.163 E.01549
G1 X27.496 Y140.311 E.33783
G1 X27.496 Y140.884 E.01546
G1 X18.643 Y149.737 E.33785
G1 X18.643 Y150.311 E.01549
G1 X27.496 Y141.458 E.33785
G1 X27.496 Y142.032 E.01549
G1 X18.643 Y150.884 E.33783
G1 X18.643 Y151.458 E.01549
G1 X27.496 Y142.605 E.33785
G1 X27.496 Y143.179 E.01549
G1 X18.643 Y152.032 E.33785
G1 X18.643 Y152.605 E.01546
G1 X27.496 Y143.753 E.33783
G1 X27.496 Y144.326 E.01546
G1 X18.643 Y153.179 E.33785
G1 X18.643 Y153.753 E.01549
G1 X27.496 Y144.9 E.33785
G1 X27.496 Y145.474 E.01549
G1 X18.643 Y154.326 E.33783
G1 X18.643 Y154.9 E.01549
G1 X27.496 Y146.047 E.33785
G1 X27.496 Y146.621 E.01549
G1 X18.643 Y155.474 E.33785
G1 X18.643 Y156.048 E.01549
G1 X27.496 Y147.195 E.33785
G1 X27.496 Y147.769 E.01549
G1 X18.643 Y156.621 E.33783
G1 X18.643 Y157.195 E.01549
G1 X27.496 Y148.342 E.33785
G1 X27.496 Y148.916 E.01549
G1 X18.643 Y157.769 E.33785
G1 X18.643 Y158.342 E.01546
G1 X27.496 Y149.49 E.33783
G1 X27.496 Y150.063 E.01546
G1 X18.643 Y158.916 E.33785
G1 X18.643 Y159.49 E.01549
G1 X27.496 Y150.637 E.33785
G1 X27.496 Y151.211 E.01549
G1 X18.643 Y160.063 E.33783
G1 X18.643 Y160.637 E.01549
G1 X27.496 Y151.784 E.33785
G1 X27.496 Y152.358 E.01549
G1 X18.643 Y161.211 E.33785
G1 X18.643 Y161.784 E.01546
G1 X27.496 Y152.932 E.33783
G1 X27.496 Y153.505 E.01546
G1 X18.643 Y162.358 E.33785
G1 X18.643 Y162.932 E.01549
G1 X27.496 Y154.079 E.33785
G1 X27.496 Y154.653 E.01549
G1 X18.643 Y163.506 E.33785
G1 X18.643 Y164.079 E.01546
G1 X27.496 Y155.227 E.33783
G1 X27.496 Y155.8 E.01546
G1 X18.643 Y164.653 E.33785
G1 X18.643 Y165.227 E.01549
G1 X27.496 Y156.374 E.33785
G1 X27.496 Y156.948 E.01549
G1 X18.643 Y165.8 E.33783
G1 X18.643 Y166.374 E.01549
G1 X27.496 Y157.521 E.33785
G1 X27.496 Y158.095 E.01549
G1 X18.643 Y166.948 E.33785
G1 X18.643 Y167.521 E.01546
G1 X27.496 Y158.669 E.33783
G1 X27.496 Y159.242 E.01546
G1 X18.643 Y168.095 E.33785
G1 X18.643 Y168.669 E.01549
G1 X27.496 Y159.816 E.33785
G1 X27.496 Y160.39 E.01549
G1 X18.643 Y169.242 E.33783
G1 X18.643 Y169.816 E.01549
G1 X27.496 Y160.964 E.33783
G1 X27.496 Y161.537 E.01546
G1 X18.643 Y170.39 E.33785
G1 X18.643 Y170.964 E.01549
G1 X27.496 Y162.111 E.33785
G1 X27.496 Y162.685 E.01549
G1 X18.643 Y171.537 E.33783
G1 X18.643 Y172.111 E.01549
G1 X27.496 Y163.258 E.33785
G1 X27.496 Y163.832 E.01549
G1 X18.643 Y172.685 E.33785
G1 X18.643 Y173.258 E.01546
G1 X27.496 Y164.406 E.33783
G1 X27.496 Y164.979 E.01546
G1 X18.643 Y173.832 E.33785
G1 X18.643 Y174.406 E.01549
G1 X27.496 Y165.553 E.33785
G1 X27.496 Y166.127 E.01549
G1 X18.735 Y174.888 E.33434
G1 X19.526 Y174.67 F9000
G1 F3600
G1 X18.836 Y175.35 E.02614
G1 X18.643 Y175.325 E.00525
G1 X18.643 Y181.29 E.16096
G1 X21.446 Y178.487 E.10697
G1 X21.121 Y178.384 E.0092
G1 X20.65 Y178.117 E.01461
G1 X20.209 Y177.739 E.01567
G1 X19.851 Y177.28 E.01571
G1 X19.591 Y176.76 E.01569
G1 X19.433 Y176.11 E.01805
G1 X19.415 Y175.533 E.01558
G1 X19.53 Y174.863 E.01834
G1 X19.669 Y174.527 E.00981
G1 X20.163 Y173.898 E.02158
;WIDTH:0.374336
G1 X20.859 Y173.266 E.02126
;WIDTH:0.407168
G1 X21.002 Y173.158 E.00444
;WIDTH:0.439999
G1 X21.146 Y173.05 E.00486
G1 X27.496 Y166.7 E.24233
G1 X27.496 Y167.274 E.01549
G1 X21.939 Y172.831 E.21207
G1 X21.817 Y172.903 E.00382
;WIDTH:0.407168
G1 X21.696 Y172.976 E.0035
;WIDTH:0.374336
G1 X21.625 Y172.957 E.00166
G1 X21.644 Y173.028 E.00166
G1 X21.685 Y173.017 E.00096
G1 X22.53 Y172.814 F9000
;WIDTH:0.439999
G1 F3600
G1 X27.496 Y167.848 E.18951
G1 X27.496 Y168.422 E.01549
G1 X23.026 Y172.892 E.17059
G1 X23.457 Y173.034 E.01225
G1 X27.496 Y168.995 E.15414
G1 X27.496 Y169.569 E.01549
G1 X23.836 Y173.228 E.13965
G1 X24.17 Y173.468 E.0111
G1 X27.496 Y170.143 E.12691
G1 X27.496 Y170.716 E.01546
G1 X24.467 Y173.745 E.11559
G1 X24.721 Y174.065 E.01102
G1 X27.496 Y171.29 E.1059
G1 X27.496 Y171.864 E.01549
G1 X24.934 Y174.426 E.09777
G1 E-3.5
;WIPE_START
G1 F7200
G1 X27.167 Y172.193 E-1.5
;WIPE_END
G1 X27.352 Y172.581 F9000
G1 E5 F2400
G1 F3600
G1 X25.098 Y174.835 E.08602
G1 X25.166 Y175.1 E.00738
G1 X25.241 Y175.696 E.01621
G1 X25.193 Y176.251 E.01503
G1 X25.098 Y176.556 E.00862
G1 X27.352 Y174.302 E.08602
G1 X27.496 Y174.302 E.00389
G1 X27.496 Y172.437 E.05033
G1 X27.09 Y173.417 F9000
;WIDTH:0.439989
G1 F3600
G1 X27.065 Y174.015 E.01615
G1 X25.62 Y175.46 E.05514
G1 X25.553 Y174.954 E.01377
G1 X26.947 Y173.56 E.0532
G1 E-3.5
;WIPE_START
G1 F7200
G1 X25.553 Y174.954 E-.93642
G1 X25.62 Y175.46 E-.24245
G1 X26.098 Y174.982 E-.32113
;WIPE_END
G1 X21.894 Y178.613 F9000
G1 E5 F2400
;WIDTH:0.439999
G1 F3600
G1 X18.643 Y181.864 E.12407
G1 X18.643 Y182.437 E.01546
G1 X22.444 Y178.636 E.14505
G1 X23.217 Y178.331 F9000
;WIDTH:0.374336
G1 F3600
G1 X23.427 Y178.337 E.00475
;WIDTH:0.407168
G1 X23.284 Y178.425 E.00416
;WIDTH:0.439999
G1 X23.14 Y178.514 E.00457
G1 X18.643 Y183.011 E.17162
G1 X18.643 Y183.585 E.01549
G1 X27.496 Y174.732 E.33785
G1 X27.496 Y175.306 E.01549
G1 X18.643 Y184.159 E.33785
G1 X18.62 Y184.316 E.00428
;WIDTH:0.407168
G1 X18.597 Y184.474 E.00396
;WIDTH:0.374336
G1 X18.526 Y184.455 E.00166
G1 X18.545 Y184.526 E.00166
G1 X18.586 Y184.515 E.00096
;WIDTH:0.439999
G1 X18.977 Y184.398 E.01101
G1 X27.496 Y175.88 E.32509
G1 X27.496 Y176.453 E.01546
G1 X19.551 Y184.398 E.3032
G1 X20.124 Y184.398 E.01546
G1 X27.496 Y177.027 E.28131
G1 X27.496 Y177.601 E.01549
G1 X20.698 Y184.398 E.25941
G1 X21.272 Y184.398 E.01549
G1 X27.496 Y178.174 E.23752
G1 X27.496 Y178.748 E.01549
G1 X21.846 Y184.398 E.21562
G1 X22.419 Y184.398 E.01546
G1 X27.496 Y179.322 E.19373
G1 X27.496 Y179.895 E.01546
G1 X22.993 Y184.398 E.17184
G1 X23.567 Y184.398 E.01549
G1 X27.496 Y180.469 E.14994
G1 X27.496 Y181.043 E.01549
G1 X24.14 Y184.398 E.12805
G1 X24.714 Y184.398 E.01549
G1 X27.496 Y181.617 E.10615
G1 X27.496 Y182.19 E.01546
G1 X25.288 Y184.398 E.08426
G1 E-3.5
;WIPE_START
G1 F7200
G1 X27.496 Y182.19 E-1.48323
G1 X27.496 Y182.155 E-.01677
;WIPE_END
G1 X27.352 Y182.907 F9000
G1 E5 F2400
G1 F3600
G1 X25.861 Y184.398 E.0569
G1 X27.496 Y184.398 E.04412
G1 X27.496 Y182.764 E.04409
G1 X27.084 Y183.902 F9000
;WIDTH:0.586006
G1 F3600
G1 X27.035 Y183.853 E.00254
G1 X26.968 Y183.871 E.00255
G1 X26.95 Y183.937 E.00251
G1 X26.999 Y183.986 E.00254
G1 X27.066 Y183.968 E.00255
G1 E-3.5
;WIPE_START
G1 F7200
G1 X26.999 Y183.986 E-.03295
G1 X26.95 Y183.937 E-.03292
G1 X26.968 Y183.871 E-.03249
G1 X27.035 Y183.853 E-.03295
G1 X27.084 Y183.902 E-.03292
;WIPE_END
G1 E-1.33577 F3600
G1 X19.043 Y176.201 F9000
G1 E5 F2400
;WIDTH:0.439999
G1 F3600
G1 X19.227 Y176.939 E.02052
G1 X19.529 Y177.528 E.01786
G1 X19.943 Y178.045 E.01787
G1 X20.351 Y178.4 E.01459
G1 X20.731 Y178.629 E.01197
G1 X19.049 Y180.311 E.06419
G1 X19.045 Y176.404 E.10543
;WIDTH:0.429234
G1 X19.04 Y176.167 E.00623
;WIDTH:0.422554
G1 X19.031 Y175.686 E.01242
G1 E-3.5
;WIPE_START
G1 F7200
G1 X19.04 Y176.167 E-.22851
G1 X19.045 Y176.404 E-.1126
G1 X19.047 Y178.844 E-1.15889
;WIPE_END
G1 X19.48 Y178.171 F9000
G1 E5 F2400
;WIDTH:0.491806
G1 F3600
G1 X19.66 Y178.371 E.00819
G1 X20.044 Y178.705 E.01549
G1 X19.48 Y179.269 E.02427
G1 X19.48 Y178.374 E.02724
G1 E-3.5
;WIPE_START
G1 F7200
G1 X19.48 Y179.269 E-.42513
G1 X20.044 Y178.705 E-.37887
G1 X19.66 Y178.371 E-.24174
G1 X19.48 Y178.171 E-.12781
;WIPE_END
G1 E-.32645 F3600
G1 X19.043 Y26.201 F9000
G1 E5 F2400
;WIDTH:0.439999
G1 F3600
G1 X19.227 Y26.939 E.02052
G1 X19.529 Y27.528 E.01786
G1 X19.859 Y27.957 E.01461
G1 X20.031 Y28.122 E.00643
G1 X20.534 Y28.517 E.01726
G1 X19.049 Y30.003 E.05669
G1 X19.045 Y26.404 E.09712
;WIDTH:0.429235
G1 X19.04 Y26.167 E.00623
;WIDTH:0.422556
G1 X19.032 Y25.818 E.00902
G1 E-3.5
;WIPE_START
G1 F7200
G1 X19.04 Y26.167 E-.16582
G1 X19.045 Y26.404 E-.1126
G1 X19.048 Y28.976 E-1.22158
;WIPE_END
G1 X19.447 Y28.073 F9000
G1 E5 F2400
;WIDTH:0.425
G1 F3600
G1 X19.544 Y28.199 E.00413
G1 X19.928 Y28.56 E.0137
G1 X19.447 Y29.042 E.0177
G1 X19.447 Y28.276 E.01991
G1 E-3.5
;WIPE_START
G1 F7200
G1 X19.447 Y29.042 E-.36385
G1 X19.928 Y28.56 E-.32345
G1 X19.544 Y28.199 E-.25035
G1 X19.447 Y28.073 E-.07553
;WIPE_END
G1 E-.48682 F3600
G1 X61.443 Y17.091 F9000
G1 E5 F2400
;WIDTH:0.565258
G1 F3600
G1 X61.396 Y17.044 E.00235
G1 X61.332 Y17.061 E.00234
G1 X61.315 Y17.125 E.00234
G1 X61.362 Y17.172 E.00235
G1 X61.426 Y17.155 E.00234
;WIDTH:0.439999
G1 X61.532 Y17.617 E.01279
G1 X62.104 Y17.046 E.02181
G1 X62.677 Y17.046 E.01546
G1 X61.841 Y17.882 E.0319
G1 X62.048 Y18.249 E.01137
G1 X63.251 Y17.046 E.04591
G1 X63.825 Y17.046 E.01549
G1 X62.143 Y18.727 E.06417
G1 X62.143 Y19.301 E.01549
G1 X64.398 Y17.046 E.08606
G1 X64.972 Y17.046 E.01549
G1 X62.143 Y19.875 E.10796
G1 X62.143 Y20.448 E.01546
G1 X65.546 Y17.046 E.12985
G1 X66.12 Y17.046 E.01549
G1 X62.143 Y21.022 E.15175
G1 X62.143 Y21.596 E.01549
G1 X66.693 Y17.046 E.17364
G1 X67.267 Y17.046 E.01549
G1 X62.143 Y22.169 E.19552
G1 X62.143 Y22.743 E.01549
G1 X67.841 Y17.046 E.21743
G1 X68.414 Y17.046 E.01546
G1 X62.143 Y23.317 E.23932
G1 X62.143 Y23.89 E.01546
G1 X68.988 Y17.046 E.2612
G1 X69.562 Y17.046 E.01549
G1 X62.143 Y24.464 E.28311
G1 X62.143 Y25.038 E.01549
G1 X70.135 Y17.046 E.30499
G1 X71.121 Y16.951 F9000
;WIDTH:0.374336
G1 F3600
G1 X71.05 Y16.931 E.00167
G1 X71.069 Y17.003 E.00168
G1 X71.11 Y16.992 E.00096
;WIDTH:0.407168
G1 X70.909 Y17.019 E.00503
;WIDTH:0.439999
G1 X70.709 Y17.046 E.00545
G1 X62.143 Y25.612 E.3269
G1 X62.143 Y26.185 E.01546
G1 X70.996 Y17.333 E.33783
G1 X70.996 Y17.906 E.01546
G1 X62.143 Y26.759 E.33785
G1 X62.104 Y26.897 E.00387
;WIDTH:0.407168
G1 X62.065 Y27.035 E.00356
;WIDTH:0.374336
G1 X61.994 Y27.016 E.00166
G1 X62.013 Y27.087 E.00166
G1 X62.054 Y27.076 E.00096
;WIDTH:0.439999
G1 X62.143 Y27.333 E.00734
G1 X64.501 Y24.975 E.08999
G1 X64.606 Y24.847 E.00447
;WIDTH:0.407168
G1 X64.712 Y24.718 E.00414
;WIDTH:0.374336
G1 X64.67 Y24.729 E.00098
G1 X64.651 Y24.658 E.00166
G1 X64.723 Y24.677 E.00168
G1 X64.417 Y25.632 F9000
;WIDTH:0.439999
G1 F3600
G1 X62.143 Y27.906 E.08678
G1 E-3.5
;WIPE_START
G1 F7200
G1 X64.376 Y25.673 E-1.5
;WIPE_END
G1 X64.316 Y26.308 F9000
G1 E5 F2400
G1 F3600
G1 X62.286 Y28.337 E.07745
G1 X62.143 Y28.337 E.00386
G1 X62.143 Y30.201 E.0503
G1 X64.939 Y27.405 E.1067
G1 X64.671 Y26.95 E.01425
G1 X64.49 Y26.442 E.01455
G1 X64.459 Y26.164 E.00755
G1 X64.242 Y26.955 F9000
;WIDTH:0.43999
G1 F3600
G1 X64.429 Y27.342 E.0116
G1 X62.549 Y29.222 E.07174
G1 X62.573 Y28.623 E.01618
G1 X64.099 Y27.098 E.05822
G1 X65.194 Y27.724 F9000
;WIDTH:0.439999
G1 F3600
G1 X62.143 Y30.775 E.11643
G1 X62.143 Y31.349 E.01549
G1 X65.495 Y27.996 E.12794
G1 X65.831 Y28.234 E.01111
G1 X62.143 Y31.922 E.14074
G1 X62.143 Y32.496 E.01549
G1 X66.216 Y28.423 E.15544
G1 X66.65 Y28.562 E.0123
G1 X62.143 Y33.07 E.17202
G1 X62.143 Y33.643 E.01546
G1 X67.153 Y28.633 E.19119
G1 X68.079 Y28.434 F9000
;WIDTH:0.374336
G1 F3600
G1 X68.008 Y28.415 E.00166
G1 X68.027 Y28.486 E.00166
G1 X68.068 Y28.475 E.00096
;WIDTH:0.407168
G1 X67.911 Y28.54 E.00421
;WIDTH:0.439999
G1 X67.754 Y28.606 E.0046
G1 X62.143 Y34.217 E.21413
G1 X62.143 Y34.791 E.01549
G1 X68.579 Y28.354 E.24563
G1 E-3.5
;WIPE_START
G1 F7200
G1 X66.346 Y30.587 E-1.5
;WIPE_END
G1 X66.531 Y23.079 F9000
G1 E5 F2400
;WIDTH:0.374336
G1 F3600
G1 X66.443 Y23.098 E.00204
G1 X66.291 Y23.074 E.00348
;WIDTH:0.407168
G1 X66.435 Y22.986 E.00419
;WIDTH:0.439999
G1 X66.578 Y22.898 E.00453
G1 X70.996 Y18.48 E.1686
G1 X70.996 Y19.054 E.01549
G1 X67.244 Y22.805 E.14317
G1 X67.784 Y22.839 E.0146
G1 X70.996 Y19.627 E.12258
G1 X70.996 Y20.201 E.01549
G1 X68.243 Y22.953 E.10504
G1 X68.645 Y23.125 E.0118
G1 X70.996 Y20.775 E.0897
G1 X70.996 Y26.104 E.1438
G1 X70.876 Y26.08 E.0033
G1 X70.809 Y26.124 E.00216
G1 X70.537 Y25.953 E.00867
G1 X70.352 Y26.008 E.00521
G1 X70.2 Y26.16 E.0058
G1 X70.235 Y25.579 E.01571
G1 X70.149 Y25.004 E.01569
G1 X69.951 Y24.457 E.0157
G1 X69.648 Y23.961 E.01568
G1 X69.283 Y23.562 E.01459
G1 X68.996 Y23.348 E.00966
G1 X70.852 Y21.492 E.07083
G1 X70.59 Y22.328 F9000
G1 F3600
G1 X70.59 Y24.317 E.05367
;WIDTH:0.47311
G1 X70.573 Y24.964 E.01889
G1 X70.543 Y24.864 E.00305
;WIDTH:0.464275
G1 X70.298 Y24.248 E.01896
;WIDTH:0.439999
G1 X69.947 Y23.687 E.01786
G1 X69.605 Y23.313 E.01368
G1 X70.447 Y22.471 E.03213
G1 X70.228 Y23.312 F9000
;WIDTH:0.455316
G1 F3600
G1 X70.19 Y23.275 E.00149
G1 X70.139 Y23.288 E.00147
G1 X70.126 Y23.339 E.00147
G1 X70.163 Y23.377 E.00149
G1 X70.214 Y23.363 E.00148
G1 X70.573 Y24.964 F9000
;WIDTH:0.47311
G1 F3600
G1 X70.593 Y25.244 E.00819
;WIDTH:0.433087
G1 X70.613 Y25.525 E.00747
;WIDTH:0.393064
G1 X70.616 Y25.582 E.00136
G1 X70.495 Y26.438 F9000
;WIDTH:0.439999
G1 F3600
G1 X69.955 Y26.979 E.02063
G1 X69.842 Y27.122 E.00492
;WIDTH:0.407168
G1 X69.729 Y27.266 E.00454
;WIDTH:0.374336
G1 X69.535 Y27.499 E.00686
G1 X68.866 Y28.128 E.02077
G1 E-3.5
;WIPE_START
G1 F7200
G1 X69.535 Y27.499 E-.43617
G1 X69.729 Y27.266 E-.14402
G1 X69.842 Y27.122 E-.08695
G1 X69.955 Y26.979 E-.08657
G1 X70.495 Y26.438 E-.36308
;WIPE_END
G1 E-.38321 F3600
G1 X70.953 Y26.555 F9000
G1 E5 F2400
;WIDTH:0.439999
G1 F3600
G1 X62.143 Y35.364 E.33619
G1 X62.143 Y35.938 E.01549
G1 X70.996 Y27.085 E.33785
G1 X70.996 Y27.659 E.01549
G1 X62.143 Y36.512 E.33785
G1 X62.143 Y37.085 E.01546
G1 X70.996 Y28.233 E.33783
G1 X70.996 Y28.807 E.01549
G1 X62.143 Y37.659 E.33783
G1 X62.143 Y38.233 E.01549
G1 X70.996 Y29.38 E.33785
G1 X70.996 Y29.954 E.01549
G1 X62.143 Y38.807 E.33785
G1 X62.143 Y39.38 E.01546
G1 X70.996 Y30.528 E.33783
G1 X70.996 Y31.101 E.01546
G1 X62.143 Y39.954 E.33785
G1 X62.143 Y40.528 E.01549
G1 X70.996 Y31.675 E.33785
G1 X70.996 Y32.249 E.01549
G1 X62.143 Y41.101 E.33783
G1 X62.143 Y41.675 E.01549
G1 X70.996 Y32.822 E.33785
G1 X70.996 Y33.396 E.01549
G1 X62.143 Y42.249 E.33785
G1 X62.143 Y42.822 E.01546
G1 X70.996 Y33.97 E.33783
G1 X70.996 Y34.543 E.01546
G1 X62.143 Y43.396 E.33785
G1 X62.143 Y43.97 E.01549
G1 X70.996 Y35.117 E.33785
G1 X70.996 Y35.691 E.01549
G1 X62.143 Y44.543 E.33783
G1 X62.143 Y45.117 E.01549
G1 X70.996 Y36.265 E.33783
G1 X70.996 Y36.838 E.01546
G1 X62.143 Y45.691 E.33785
G1 X62.143 Y46.265 E.01549
G1 X70.996 Y37.412 E.33785
G1 X70.996 Y37.986 E.01549
G1 X62.143 Y46.838 E.33783
G1 X62.143 Y47.412 E.01549
G1 X70.996 Y38.559 E.33785
G1 X70.996 Y39.133 E.01549
G1 X62.143 Y47.986 E.33785
G1 X62.143 Y48.559 E.01546
G1 X70.996 Y39.707 E.33783
G1 X70.996 Y40.28 E.01546
G1 X62.143 Y49.133 E.33785
G1 X62.143 Y49.707 E.01549
G1 X70.996 Y40.854 E.33785
G1 X70.996 Y41.428 E.01549
G1 X62.143 Y50.28 E.33783
G1 X62.143 Y50.854 E.01549
G1 X70.996 Y42.001 E.33785
G1 X70.996 Y42.575 E.01549
G1 X62.143 Y51.428 E.33785
G1 X62.143 Y52.002 E.01549
G1 X70.996 Y43.149 E.33785
G1 X70.996 Y43.723 E.01549
G1 X62.143 Y52.575 E.33783
G1 X62.143 Y53.149 E.01549
G1 X70.996 Y44.296 E.33785
G1 X70.996 Y44.87 E.01549
G1 X62.143 Y53.723 E.33785
G1 X62.143 Y54.296 E.01546
G1 X70.996 Y45.444 E.33783
G1 X70.996 Y46.017 E.01546
G1 X62.143 Y54.87 E.33785
G1 X62.143 Y55.444 E.01549
G1 X70.996 Y46.591 E.33785
G1 X70.996 Y47.165 E.01549
G1 X62.143 Y56.017 E.33783
G1 X62.143 Y56.591 E.01549
G1 X70.996 Y47.738 E.33785
G1 X70.996 Y48.312 E.01549
G1 X62.143 Y57.165 E.33785
G1 X62.143 Y57.738 E.01546
G1 X70.996 Y48.886 E.33783
G1 X70.996 Y49.459 E.01546
G1 X62.143 Y58.312 E.33785
G1 X62.143 Y58.886 E.01549
G1 X70.996 Y50.033 E.33785
G1 X70.996 Y50.607 E.01549
G1 X62.143 Y59.46 E.33785
G1 X62.143 Y60.033 E.01546
G1 X70.996 Y51.181 E.33783
G1 X70.996 Y51.754 E.01546
G1 X62.143 Y60.607 E.33785
G1 X62.143 Y61.181 E.01549
G1 X70.996 Y52.328 E.33785
G1 X70.996 Y52.902 E.01549
G1 X62.143 Y61.754 E.33783
G1 X62.143 Y62.328 E.01549
G1 X70.996 Y53.475 E.33785
G1 X70.996 Y54.049 E.01549
G1 X62.143 Y62.902 E.33785
G1 X62.143 Y63.475 E.01546
G1 X70.996 Y54.623 E.33783
G1 X70.996 Y55.196 E.01546
G1 X62.143 Y64.049 E.33785
G1 X62.143 Y64.623 E.01549
G1 X70.996 Y55.77 E.33785
G1 X70.996 Y56.344 E.01549
G1 X62.143 Y65.196 E.33783
G1 X62.143 Y65.77 E.01549
G1 X70.996 Y56.918 E.33783
G1 X70.996 Y57.491 E.01546
G1 X62.143 Y66.344 E.33785
G1 X62.143 Y66.918 E.01549
G1 X70.996 Y58.065 E.33785
G1 X70.996 Y58.639 E.01549
G1 X62.143 Y67.491 E.33783
G1 X62.143 Y68.065 E.01549
G1 X70.996 Y59.212 E.33785
G1 X70.996 Y59.786 E.01549
G1 X62.143 Y68.639 E.33785
G1 X62.143 Y69.212 E.01546
G1 X70.996 Y60.36 E.33783
G1 X70.996 Y60.933 E.01546
G1 X62.143 Y69.786 E.33785
G1 X62.143 Y70.36 E.01549
G1 X70.996 Y61.507 E.33785
G1 X70.996 Y62.081 E.01549
G1 X62.143 Y70.933 E.33783
G1 X62.143 Y71.507 E.01549
G1 X70.996 Y62.654 E.33785
G1 X70.996 Y63.228 E.01549
G1 X62.143 Y72.081 E.33785
G1 X62.143 Y72.654 E.01546
G1 X70.996 Y63.802 E.33783
G1 X70.996 Y64.376 E.01549
G1 X62.143 Y73.228 E.33783
G1 X62.143 Y73.802 E.01549
G1 X70.996 Y64.949 E.33785
G1 X70.996 Y65.523 E.01549
G1 X62.143 Y74.376 E.33785
G1 X62.143 Y74.949 E.01546
G1 X70.996 Y66.097 E.33783
G1 X70.996 Y66.67 E.01546
G1 X62.143 Y75.523 E.33785
G1 X62.143 Y76.097 E.01549
G1 X70.996 Y67.244 E.33785
G1 X70.996 Y67.818 E.01549
G1 X62.143 Y76.67 E.33783
G1 X62.143 Y77.244 E.01549
G1 X70.996 Y68.391 E.33785
G1 X70.996 Y68.965 E.01549
G1 X62.143 Y77.818 E.33785
G1 X62.143 Y78.391 E.01546
G1 X70.996 Y69.539 E.33783
G1 X70.996 Y70.112 E.01546
G1 X62.143 Y78.965 E.33785
G1 X62.143 Y79.539 E.01549
G1 X70.996 Y70.686 E.33785
G1 X70.996 Y71.26 E.01549
G1 X62.143 Y80.113 E.33785
G1 X62.143 Y80.686 E.01546
G1 X70.996 Y71.834 E.33783
G1 X70.996 Y72.407 E.01546
G1 X62.143 Y81.26 E.33785
G1 X62.143 Y81.834 E.01549
G1 X70.996 Y72.981 E.33785
G1 X70.996 Y73.555 E.01549
G1 X62.143 Y82.407 E.33783
G1 X62.143 Y82.981 E.01549
G1 X70.996 Y74.128 E.33785
G1 X70.996 Y74.702 E.01549
G1 X62.143 Y83.555 E.33785
G1 X62.143 Y84.128 E.01546
G1 X70.996 Y75.276 E.33783
G1 X70.996 Y75.849 E.01546
G1 X62.143 Y84.702 E.33785
G1 X62.143 Y85.276 E.01549
G1 X70.996 Y76.423 E.33785
G1 X70.996 Y76.997 E.01549
G1 X62.143 Y85.849 E.33783
G1 X62.143 Y86.423 E.01549
G1 X70.996 Y77.57 E.33785
G1 X70.996 Y78.144 E.01549
G1 X62.143 Y86.997 E.33785
G1 X62.143 Y87.571 E.01549
G1 X70.996 Y78.718 E.33785
G1 X70.996 Y79.292 E.01549
G1 X62.143 Y88.144 E.33783
G1 X62.143 Y88.718 E.01549
G1 X70.996 Y79.865 E.33785
G1 X70.996 Y80.439 E.01549
G1 X62.143 Y89.292 E.33785
G1 X62.143 Y89.865 E.01546
G1 X70.996 Y81.013 E.33783
G1 X70.996 Y81.586 E.01546
G1 X62.143 Y90.439 E.33785
G1 X62.143 Y91.013 E.01549
G1 X70.996 Y82.16 E.33785
G1 X70.996 Y82.734 E.01549
G1 X62.143 Y91.586 E.33783
G1 X62.143 Y92.16 E.01549
G1 X70.996 Y83.307 E.33785
G1 X70.996 Y83.881 E.01549
G1 X62.143 Y92.734 E.33785
G1 X62.143 Y93.307 E.01546
G1 X70.996 Y84.455 E.33783
G1 X70.996 Y85.029 E.01549
G1 X62.143 Y93.881 E.33783
G1 X62.143 Y94.455 E.01549
G1 X70.996 Y85.602 E.33785
G1 X70.996 Y86.176 E.01549
G1 X62.143 Y95.029 E.33785
G1 X62.143 Y95.602 E.01546
G1 X70.996 Y86.75 E.33783
G1 X70.996 Y87.323 E.01546
G1 X62.143 Y96.176 E.33785
G1 X62.143 Y96.75 E.01549
G1 X70.996 Y87.897 E.33785
G1 X70.996 Y88.471 E.01549
G1 X62.143 Y97.323 E.33783
G1 X62.143 Y97.897 E.01549
G1 X70.996 Y89.044 E.33785
G1 X70.996 Y89.618 E.01549
G1 X62.143 Y98.471 E.33785
G1 X62.143 Y99.044 E.01546
G1 X70.996 Y90.192 E.33783
G1 X70.996 Y90.765 E.01546
G1 X62.143 Y99.618 E.33785
G1 X62.143 Y100.192 E.01549
G1 X70.996 Y91.339 E.33785
G1 X70.996 Y91.913 E.01549
G1 X62.143 Y100.765 E.33783
G1 X62.054 Y101.656 F9000
;WIDTH:0.374336
G1 F3600
G1 X62.013 Y101.667 E.00096
G1 X61.994 Y101.596 E.00166
G1 X62.065 Y101.615 E.00166
;WIDTH:0.407168
G1 X62.104 Y101.477 E.00356
;WIDTH:0.439999
G1 X62.143 Y101.339 E.00387
G1 X70.996 Y92.487 E.33783
G1 X70.996 Y93.06 E.01546
G1 X65.856 Y98.2 E.19615
G1 X65.713 Y98.32 E.00504
;WIDTH:0.407347
G1 X65.569 Y98.441 E.00467
;WIDTH:0.37517
G1 X65.03 Y98.98 E.01728
;WIDTH:0.439999
G1 X64.789 Y99.267 E.01011
G1 X62.143 Y101.913 E.10098
G1 X62.143 Y102.487 E.01549
G1 X64.451 Y100.179 E.08808
G1 X64.547 Y100.051 E.00432
;WIDTH:0.407168
G1 X64.643 Y99.922 E.00399
;WIDTH:0.374336
G1 X64.602 Y99.933 E.00096
G1 X64.583 Y99.862 E.00166
G1 X64.654 Y99.881 E.00166
G1 X64.425 Y100.778 F9000
;WIDTH:0.439999
G1 F3600
G1 X64.433 Y101.113 E.00904
G1 X64.576 Y101.718 E.01678
G1 X64.78 Y102.145 E.01277
G1 X62.143 Y104.781 E.10061
G1 X62.143 Y102.917 E.0503
G1 X62.286 Y102.917 E.00386
G1 X64.282 Y100.921 E.07617
G1 X64.14 Y101.637 E.0197
G1 X64.288 Y102.063 E.01217
G1 X62.549 Y103.802 E.06636
G1 X62.573 Y103.204 E.01615
G1 X63.997 Y101.78 E.05434
G1 X65.002 Y102.496 F9000
G1 F3600
G1 X62.077 Y105.427 E.11174
;WIDTH:0.407168
G1 X62.011 Y105.5 E.00244
;WIDTH:0.374336
G1 X61.94 Y105.481 E.00166
G1 X61.959 Y105.552 E.00166
G1 X62 Y105.541 E.00096
;WIDTH:0.439999
G1 X62.143 Y105.929 E.01116
G1 X65.271 Y102.8 E.11939
G1 X65.581 Y103.065 E.01101
G1 X62.143 Y106.502 E.13118
G1 X62.143 Y107.076 E.01549
G1 X65.932 Y103.287 E.1446
G1 X66.326 Y103.467 E.01169
G1 X62.143 Y107.65 E.15963
G1 X62.143 Y108.224 E.01549
G1 X66.777 Y103.589 E.17686
G1 X67.321 Y103.619 E.0147
G1 X62.143 Y108.797 E.1976
G1 X62.143 Y109.371 E.01549
G1 X67.939 Y103.575 E.22119
G1 X68.08 Y103.491 E.00443
;WIDTH:0.407168
G1 X68.222 Y103.407 E.00409
;WIDTH:0.374336
G1 X67.986 Y103.388 E.00535
G1 X68.937 Y103.15 F9000
;WIDTH:0.439999
G1 F3600
G1 X62.143 Y109.945 E.25929
G1 E-3.5
;WIPE_START
G1 F7200
G1 X64.376 Y107.712 E-1.5
;WIPE_END
G1 X66.52 Y98.052 F9000
G1 E5 F2400
;WIDTH:0.374336
G1 F3600
G1 X66.479 Y98.063 E.00096
G1 X66.46 Y97.992 E.00166
G1 X66.531 Y98.011 E.00166
;WIDTH:0.407168
G1 X66.654 Y97.932 E.00363
;WIDTH:0.439999
G1 X66.777 Y97.853 E.00394
G1 X70.996 Y93.634 E.16101
G1 X70.996 Y94.208 E.01549
G1 X67.399 Y97.804 E.13725
G1 X67.913 Y97.864 E.01396
G1 X70.996 Y94.781 E.11765
G1 X70.996 Y95.355 E.01549
G1 X68.356 Y97.994 E.10073
G1 X68.747 Y98.177 E.01165
G1 X70.996 Y95.929 E.08581
G1 X70.996 Y101.195 E.1421
G1 X70.92 Y101.197 E.00205
G1 X70.761 Y101.039 E.00605
G1 X70.617 Y100.98 E.0042
G1 X70.475 Y101.039 E.00415
G1 X70.17 Y101.344 E.01164
G1 X70.194 Y101.245 E.00275
G1 X70.235 Y100.579 E.01801
G1 X70.149 Y100.004 E.01569
G1 X69.951 Y99.457 E.0157
G1 X69.648 Y98.961 E.01568
G1 X69.283 Y98.562 E.01459
G1 X69.088 Y98.411 E.00666
G1 X70.852 Y96.646 E.06734
G1 X70.59 Y97.482 F9000
G1 F3600
G1 X70.59 Y99.317 E.04952
;WIDTH:0.47311
G1 X70.573 Y99.964 E.01889
G1 X70.543 Y99.864 E.00305
;WIDTH:0.464275
G1 X70.298 Y99.248 E.01896
;WIDTH:0.439999
G1 X70.02 Y98.785 E.01457
G1 X69.679 Y98.393 E.01402
G1 X70.447 Y97.625 E.02931
G1 E-3.5
;WIPE_START
G1 F7200
G1 X69.679 Y98.393 E-.51591
G1 X70.02 Y98.785 E-.24679
G1 X70.298 Y99.248 E-.25652
G1 X70.543 Y99.864 E-.31489
G1 X70.573 Y99.964 E-.04959
G1 X70.579 Y99.719 E-.1163
;WIPE_END
G1 X70.573 Y99.964 F9000
G1 E5 F2400
;WIDTH:0.47311
G1 F3600
G1 X70.593 Y100.244 E.00819
;WIDTH:0.433087
G1 X70.613 Y100.525 E.00747
;WIDTH:0.393064
G1 X70.616 Y100.601 E.00181
G1 X70.618 Y101.47 F9000
;WIDTH:0.439999
G1 F3600
G1 X69.747 Y102.34 E.03322
G1 X69.495 Y102.627 E.01031
;WIDTH:0.398488
G1 X69.224 Y102.893 E.0092
G1 E-3.5
;WIPE_START
G1 F7200
G1 X69.495 Y102.627 E-.18037
G1 X69.747 Y102.34 E-.18142
G1 X70.618 Y101.47 E-.58476
;WIPE_END
G1 E-.55345 F3600
G1 X70.996 Y101.666 F9000
G1 E5 F2400
;WIDTH:0.439999
G1 F3600
G1 X62.143 Y110.518 E.33783
G1 X62.143 Y111.092 E.01549
G1 X70.996 Y102.239 E.33785
G1 X70.996 Y102.813 E.01549
G1 X62.143 Y111.666 E.33785
G1 X62.143 Y112.239 E.01546
G1 X70.996 Y103.387 E.33783
G1 X70.996 Y103.96 E.01546
G1 X62.143 Y112.813 E.33785
G1 X62.143 Y113.387 E.01549
G1 X70.996 Y104.534 E.33785
G1 X70.996 Y105.108 E.01549
G1 X62.143 Y113.96 E.33783
G1 X62.143 Y114.534 E.01549
G1 X70.996 Y105.682 E.33783
G1 X70.996 Y106.255 E.01546
G1 X62.143 Y115.108 E.33785
G1 X62.143 Y115.682 E.01549
G1 X70.996 Y106.829 E.33785
G1 X70.996 Y107.403 E.01549
G1 X62.143 Y116.255 E.33783
G1 X62.143 Y116.829 E.01549
G1 X70.996 Y107.976 E.33785
G1 X70.996 Y108.55 E.01549
G1 X62.143 Y117.403 E.33785
G1 X62.143 Y117.976 E.01546
G1 X70.996 Y109.124 E.33783
G1 X70.996 Y109.697 E.01546
G1 X62.143 Y118.55 E.33785
G1 X62.143 Y119.124 E.01549
G1 X70.996 Y110.271 E.33785
G1 X70.996 Y110.845 E.01549
G1 X62.143 Y119.697 E.33783
G1 X62.143 Y120.271 E.01549
G1 X70.996 Y111.418 E.33785
G1 X70.996 Y111.992 E.01549
G1 X62.143 Y120.845 E.33785
G1 X62.143 Y121.418 E.01546
G1 X70.996 Y112.566 E.33783
G1 X70.996 Y113.14 E.01549
G1 X62.143 Y121.992 E.33783
G1 X62.143 Y122.566 E.01549
G1 X70.996 Y113.713 E.33785
G1 X70.996 Y114.287 E.01549
G1 X62.143 Y123.14 E.33785
G1 X62.143 Y123.713 E.01546
G1 X70.996 Y114.861 E.33783
G1 X70.996 Y115.434 E.01546
G1 X62.143 Y124.287 E.33785
G1 X62.143 Y124.861 E.01549
G1 X70.996 Y116.008 E.33785
G1 X70.996 Y116.582 E.01549
G1 X62.143 Y125.434 E.33783
G1 X62.143 Y126.008 E.01549
G1 X70.996 Y117.155 E.33785
G1 X70.996 Y117.729 E.01549
G1 X62.143 Y126.582 E.33785
G1 X62.143 Y127.155 E.01546
G1 X70.996 Y118.303 E.33783
G1 X70.996 Y118.876 E.01546
G1 X62.143 Y127.729 E.33785
G1 X62.143 Y128.303 E.01549
G1 X70.996 Y119.45 E.33785
G1 X70.996 Y120.024 E.01549
G1 X62.143 Y128.876 E.33783
G1 X62.143 Y129.45 E.01549
G1 X70.996 Y120.598 E.33783
G1 X70.996 Y121.171 E.01546
G1 X62.143 Y130.024 E.33785
G1 X62.143 Y130.598 E.01549
G1 X70.996 Y121.745 E.33785
G1 X70.996 Y122.319 E.01549
G1 X62.143 Y131.171 E.33783
G1 X62.143 Y131.745 E.01549
G1 X70.996 Y122.892 E.33785
G1 X70.996 Y123.466 E.01549
G1 X62.143 Y132.319 E.33785
G1 X62.143 Y132.892 E.01546
G1 X70.996 Y124.04 E.33783
G1 X70.996 Y124.613 E.01546
G1 X62.143 Y133.466 E.33785
G1 X62.143 Y134.04 E.01549
G1 X70.996 Y125.187 E.33785
G1 X70.996 Y125.761 E.01549
G1 X62.143 Y134.613 E.33783
G1 X62.143 Y135.187 E.01549
G1 X70.996 Y126.334 E.33785
G1 X70.996 Y126.908 E.01549
G1 X62.143 Y135.761 E.33785
G1 X62.143 Y136.335 E.01549
G1 X70.996 Y127.482 E.33785
G1 X70.996 Y128.056 E.01549
G1 X62.143 Y136.908 E.33783
G1 X62.143 Y137.482 E.01549
G1 X70.996 Y128.629 E.33785
G1 X70.996 Y129.203 E.01549
G1 X62.143 Y138.056 E.33785
G1 X62.143 Y138.629 E.01546
G1 X70.996 Y129.777 E.33783
G1 X70.996 Y130.35 E.01546
G1 X62.143 Y139.203 E.33785
G1 X62.143 Y139.777 E.01549
G1 X70.996 Y130.924 E.33785
G1 X70.996 Y131.498 E.01549
G1 X62.143 Y140.35 E.33783
G1 X62.143 Y140.924 E.01549
G1 X70.996 Y132.071 E.33785
G1 X70.996 Y132.645 E.01549
G1 X62.143 Y141.498 E.33785
G1 X62.143 Y142.071 E.01546
G1 X70.996 Y133.219 E.33783
G1 X70.996 Y133.793 E.01549
G1 X62.143 Y142.645 E.33783
G1 X62.143 Y143.219 E.01549
G1 X70.996 Y134.366 E.33785
G1 X70.996 Y134.94 E.01549
G1 X62.143 Y143.793 E.33785
G1 X62.143 Y144.366 E.01546
G1 X70.996 Y135.514 E.33783
G1 X70.996 Y136.087 E.01546
G1 X62.143 Y144.94 E.33785
G1 X62.143 Y145.514 E.01549
G1 X70.996 Y136.661 E.33785
G1 X70.996 Y137.235 E.01549
G1 X62.143 Y146.087 E.33783
G1 X62.143 Y146.661 E.01549
G1 X70.996 Y137.808 E.33785
G1 X70.996 Y138.382 E.01549
G1 X62.143 Y147.235 E.33785
G1 X62.143 Y147.808 E.01546
G1 X70.996 Y138.956 E.33783
G1 X70.996 Y139.529 E.01546
G1 X62.143 Y148.382 E.33785
G1 X62.143 Y148.956 E.01549
G1 X70.996 Y140.103 E.33785
G1 X70.996 Y140.677 E.01549
G1 X62.143 Y149.529 E.33783
G1 X62.143 Y150.103 E.01549
G1 X70.996 Y141.251 E.33783
G1 X70.996 Y141.824 E.01546
G1 X62.143 Y150.677 E.33785
G1 X62.143 Y151.251 E.01549
G1 X70.996 Y142.398 E.33785
G1 X70.996 Y142.972 E.01549
G1 X62.143 Y151.824 E.33783
G1 X62.143 Y152.398 E.01549
G1 X70.996 Y143.545 E.33785
G1 X70.996 Y144.119 E.01549
G1 X62.143 Y152.972 E.33785
G1 X62.143 Y153.545 E.01546
G1 X70.996 Y144.693 E.33783
G1 X70.996 Y145.266 E.01546
G1 X62.143 Y154.119 E.33785
G1 X62.143 Y154.693 E.01549
G1 X70.996 Y145.84 E.33785
G1 X70.996 Y146.414 E.01549
G1 X62.143 Y155.266 E.33783
G1 X62.143 Y155.84 E.01549
G1 X70.996 Y146.987 E.33785
G1 X70.996 Y147.561 E.01549
G1 X62.143 Y156.414 E.33785
G1 X62.143 Y156.988 E.01549
G1 X70.996 Y148.135 E.33785
G1 X70.996 Y148.709 E.01549
G1 X62.143 Y157.561 E.33783
G1 X62.143 Y158.135 E.01549
G1 X70.996 Y149.282 E.33785
G1 X70.996 Y149.856 E.01549
G1 X62.143 Y158.709 E.33785
G1 X62.143 Y159.282 E.01546
G1 X70.996 Y150.43 E.33783
G1 X70.996 Y151.003 E.01546
G1 X62.143 Y159.856 E.33785
G1 X62.143 Y160.43 E.01549
G1 X70.996 Y151.577 E.33785
G1 X70.996 Y152.151 E.01549
G1 X62.143 Y161.003 E.33783
G1 X62.143 Y161.577 E.01549
G1 X70.996 Y152.724 E.33785
G1 X70.996 Y153.298 E.01549
G1 X62.143 Y162.151 E.33785
G1 X62.143 Y162.724 E.01546
G1 X70.996 Y153.872 E.33783
G1 X70.996 Y154.445 E.01546
G1 X62.143 Y163.298 E.33785
G1 X62.143 Y163.872 E.01549
G1 X70.996 Y155.019 E.33785
G1 X70.996 Y155.593 E.01549
G1 X62.143 Y164.446 E.33785
G1 X62.143 Y165.019 E.01546
G1 X70.996 Y156.167 E.33783
G1 X70.996 Y156.74 E.01546
G1 X62.143 Y165.593 E.33785
G1 X62.143 Y166.167 E.01549
G1 X70.996 Y157.314 E.33785
G1 X70.996 Y157.888 E.01549
G1 X62.143 Y166.74 E.33783
G1 X62.143 Y167.314 E.01549
G1 X70.996 Y158.461 E.33785
G1 X70.996 Y159.035 E.01549
G1 X62.143 Y167.888 E.33785
G1 X62.143 Y168.461 E.01546
G1 X70.996 Y159.609 E.33783
G1 X70.996 Y160.182 E.01546
G1 X62.143 Y169.035 E.33785
G1 X62.143 Y169.609 E.01549
G1 X70.996 Y160.756 E.33785
G1 X70.996 Y161.33 E.01549
G1 X62.143 Y170.182 E.33783
G1 X62.143 Y170.756 E.01549
G1 X70.996 Y161.904 E.33783
G1 X70.996 Y162.477 E.01546
G1 X62.143 Y171.33 E.33785
G1 X62.143 Y171.904 E.01549
G1 X70.996 Y163.051 E.33785
G1 X70.996 Y163.625 E.01549
G1 X62.143 Y172.477 E.33783
G1 X62.143 Y173.051 E.01549
G1 X70.996 Y164.198 E.33785
G1 X70.996 Y164.772 E.01549
G1 X62.143 Y173.625 E.33785
G1 X62.143 Y174.198 E.01546
G1 X70.996 Y165.346 E.33783
G1 X70.996 Y165.919 E.01546
G1 X62.143 Y174.772 E.33785
G1 X62.143 Y175.346 E.01549
G1 X70.996 Y166.493 E.33785
G1 X70.996 Y167.067 E.01549
G1 X62.143 Y175.919 E.33783
G1 X62.054 Y176.81 F9000
;WIDTH:0.374336
G1 F3600
G1 X62.013 Y176.821 E.00096
G1 X61.994 Y176.75 E.00166
G1 X62.065 Y176.769 E.00166
;WIDTH:0.407168
G1 X62.104 Y176.631 E.00356
;WIDTH:0.439999
G1 X62.143 Y176.493 E.00387
G1 X70.996 Y167.64 E.33785
G1 X70.996 Y168.214 E.01549
G1 X66.171 Y173.039 E.18413
G1 X65.884 Y173.252 E.00964
;WIDTH:0.374336
G1 X65.332 Y173.729 E.0165
G1 X64.849 Y174.287 E.01669
;WIDTH:0.407168
G1 X64.743 Y174.43 E.00441
;WIDTH:0.439999
G1 X64.636 Y174.574 E.00484
G1 X62.143 Y177.067 E.09514
G1 X62.143 Y177.64 E.01546
G1 X64.429 Y175.355 E.08722
G1 X64.433 Y176.11 E.02037
G1 X64.591 Y176.76 E.01805
G1 X64.83 Y177.248 E.01466
G1 X62.143 Y179.935 E.10254
G1 X62.143 Y178.071 E.0503
G1 X62.286 Y178.071 E.00386
G1 X64.278 Y176.079 E.07602
G1 X64.169 Y176.762 E.01866
G1 X64.338 Y177.166 E.01182
G1 X62.549 Y178.956 E.06829
G1 X62.573 Y178.358 E.01615
G1 X64.026 Y176.905 E.05545
G1 X65.072 Y177.58 F9000
G1 F3600
G1 X62.077 Y180.581 E.11441
;WIDTH:0.407168
G1 X62.011 Y180.654 E.00244
;WIDTH:0.374336
G1 X61.94 Y180.635 E.00166
G1 X61.959 Y180.706 E.00166
G1 X62 Y180.695 E.00096
;WIDTH:0.439999
G1 X62.143 Y181.083 E.01116
G1 X65.349 Y177.876 E.12237
G1 X65.67 Y178.13 E.01105
G1 X62.143 Y181.656 E.13458
G1 X62.143 Y182.23 E.01549
G1 X66.037 Y178.336 E.1486
G1 X66.445 Y178.502 E.01189
G1 X62.143 Y182.804 E.16417
G1 X62.143 Y183.377 E.01546
G1 X66.908 Y178.612 E.18184
G1 X67.459 Y178.635 E.01488
G1 X62.143 Y183.951 E.20287
G1 X62.058 Y184.544 E.01617
;WIDTH:0.374336
G1 X62.017 Y184.555 E.00096
G1 X61.997 Y184.484 E.00167
G1 X62.069 Y184.503 E.00168
;WIDTH:0.407168
G1 X62.169 Y184.45 E.00281
;WIDTH:0.439999
G1 X62.27 Y184.398 E.00307
G1 X68.149 Y178.519 E.22436
G1 X68.307 Y178.44 E.00477
;WIDTH:0.407168
G1 X68.466 Y178.362 E.00439
;WIDTH:0.374336
G1 X68.425 Y178.373 E.00096
G1 X68.406 Y178.302 E.00166
G1 X68.477 Y178.321 E.00166
G1 E-3.5
;WIPE_START
G1 F7200
G1 X68.406 Y178.302 E-.03491
G1 X68.425 Y178.373 E-.03491
G1 X68.466 Y178.362 E-.02016
G1 X68.307 Y178.44 E-.08412
G1 X68.149 Y178.519 E-.08391
G1 X66.3 Y180.368 E-1.24199
;WIPE_END
G1 X66.954 Y172.829 F9000
G1 E5 F2400
;WIDTH:0.439999
G1 F3600
G1 X70.996 Y168.788 E.15423
G1 X70.996 Y169.362 E.01549
G1 X67.543 Y172.815 E.13177
G1 X68.036 Y172.895 E.01348
G1 X70.996 Y169.935 E.11296
G1 X70.996 Y170.509 E.01549
G1 X68.467 Y173.038 E.09651
G1 X68.845 Y173.234 E.01149
G1 X70.996 Y171.083 E.08209
G1 X71.098 Y171.02 E.00324
;WIDTH:0.413611
G1 X71.2 Y170.958 E.00301
;WIDTH:0.387222
G1 X71.157 Y170.969 E.00104
G1 X71.138 Y170.896 E.00177
G1 X71.211 Y170.915 E.00177
;WIDTH:0.439999
G1 X70.996 Y171.656 E.02082
G1 X70.996 Y176.199 E.12259
G1 X70.894 Y176.082 E.00419
G1 X70.698 Y176.016 E.00558
G1 X70.597 Y176.071 E.0031
G1 X70.091 Y176.577 E.01931
G1 X70.193 Y176.251 E.00922
G1 X70.241 Y175.693 E.01511
G1 X70.149 Y175.004 E.01876
G1 X69.951 Y174.457 E.0157
G1 X69.648 Y173.961 E.01568
G1 X69.177 Y173.475 E.01826
G1 X70.852 Y171.8 E.06392
G1 X70.515 Y172.816 F9000
;WIDTH:0.589156
G1 F3600
G1 X70.515 Y174.601 E.06588
G1 X70.362 Y174.21 E.0155
G1 X70.084 Y173.746 E.01996
G1 X69.855 Y173.476 E.01307
G1 X70.372 Y172.959 E.02698
G1 E-3.5
;WIPE_START
G1 F7200
G1 X69.855 Y173.476 E-.3473
G1 X70.084 Y173.746 E-.16817
G1 X70.362 Y174.21 E-.25693
G1 X70.515 Y174.601 E-.19944
G1 X70.515 Y173.489 E-.52816
;WIPE_END
G1 X70.573 Y174.964 F9000
G1 E5 F2400
;WIDTH:0.47311
G1 F3600
G1 X70.595 Y175.305 E.00997
;WIDTH:0.429847
G1 X70.617 Y175.646 E.00899
G1 X70.741 Y176.501 F9000
;WIDTH:0.439999
G1 F3600
G1 X62.843 Y184.398 E.30139
G1 X63.417 Y184.398 E.01549
G1 X70.996 Y176.82 E.28921
G1 X70.996 Y177.393 E.01546
G1 X63.991 Y184.398 E.26733
G1 X64.564 Y184.398 E.01546
G1 X70.996 Y177.967 E.24544
G1 X70.996 Y178.541 E.01549
G1 X65.138 Y184.398 E.22354
G1 X65.712 Y184.398 E.01549
G1 X70.996 Y179.114 E.20165
G1 X70.996 Y179.688 E.01549
G1 X66.286 Y184.398 E.17974
G1 X66.859 Y184.398 E.01546
G1 X70.996 Y180.262 E.15786
G1 X70.996 Y180.835 E.01546
G1 X67.433 Y184.398 E.13597
G1 X68.007 Y184.398 E.01549
G1 X70.996 Y181.409 E.11407
G1 X70.996 Y181.983 E.01549
G1 X68.58 Y184.398 E.09218
G1 X69.028 Y184.601 E.01327
;WIDTH:0.374336
G1 X68.987 Y184.612 E.00096
G1 X68.968 Y184.541 E.00166
G1 X69.039 Y184.56 E.00166
;WIDTH:0.407168
G1 X69.097 Y184.479 E.00247
;WIDTH:0.439999
G1 X69.154 Y184.398 E.00267
G1 X70.996 Y182.557 E.07028
G1 X70.996 Y184.398 E.04968
G1 X69.728 Y184.398 E.03422
G1 X70.852 Y183.274 E.04289
;LAYER_CHANGE
;Z:1.8
;HEIGHT:0.16
;BEFORE_LAYER_CHANGE
G92 E0
;1.8


G1 E-3.5 F3600
;WIPE_START
G1 F7200
G1 X69.728 Y184.398 E-.75505
G1 X70.996 Y184.398 E-.6023
G1 X70.996 Y184.098 E-.14265
;WIPE_END
G1 Z1.8 F9000
;AFTER_LAYER_CHANGE
;1.8
G1 X23.618 Y102.971
G1 E5 F2400
;TYPE:Perimeter
G1 F1800
G1 X23.301 Y103.138 E.00967
G1 X22.803 Y103.285 E.01401
G1 X22.285 Y103.33 E.01403
G1 X21.769 Y103.272 E.01401
G1 X21.275 Y103.112 E.01401
G1 X20.822 Y102.858 E.01401
G1 X20.429 Y102.519 E.01401
G1 X20.11 Y102.108 E.01404
G1 X19.879 Y101.643 E.01401
G1 X19.74 Y101.067 E.01599
G1 X19.726 Y100.506 E.01514
G1 X19.836 Y99.923 E.01601
G1 X20.044 Y99.447 E.01402
G1 X20.341 Y99.022 E.01399
G1 X20.717 Y98.663 E.01403
G1 X21.157 Y98.387 E.01402
G1 X21.643 Y98.203 E.01402
G1 X22.155 Y98.119 E.014
G1 X22.674 Y98.138 E.01401
G1 X23.179 Y98.259 E.01401
G1 X23.65 Y98.479 E.01403
G1 X24.068 Y98.787 E.01401
G1 X24.417 Y99.172 E.01402
G1 X24.683 Y99.618 E.01401
G1 X24.854 Y100.108 E.014
G1 X24.898 Y100.376 E.00733
G1 X24.912 Y100.938 E.01517
G1 X24.802 Y101.52 E.01598
G1 X24.492 Y102.165 E.01931
G1 X24.163 Y102.567 E.01402
G1 X23.76 Y102.896 E.01404
G1 X23.671 Y102.943 E.00272
G1 X23.416 Y102.621 F9000
G1 F1800
G1 X23.172 Y102.754 E.0075
G1 X22.752 Y102.882 E.01185
G1 X22.316 Y102.925 E.01182
G1 X21.879 Y102.881 E.01185
G1 X21.46 Y102.751 E.01184
G1 X21.075 Y102.54 E.01185
G1 X20.739 Y102.258 E.01184
G1 X20.466 Y101.914 E.01185
G1 X20.267 Y101.523 E.01184
G1 X20.146 Y101.057 E.01299
G1 X20.132 Y100.496 E.01514
G1 X20.229 Y100.024 E.013
G1 X20.47 Y99.523 E.015
G1 X20.744 Y99.181 E.01183
G1 X21.081 Y98.899 E.01186
G1 X21.467 Y98.69 E.01184
G1 X21.886 Y98.561 E.01183
G1 X22.323 Y98.518 E.01185
G1 X22.76 Y98.563 E.01185
G1 X23.179 Y98.693 E.01184
G1 X23.564 Y98.903 E.01183
G1 X23.899 Y99.186 E.01183
G1 X24.172 Y99.529 E.01183
G1 X24.372 Y99.92 E.01185
G1 X24.493 Y100.387 E.01302
G1 X24.507 Y100.948 E.01514
G1 X24.409 Y101.42 E.01301
G1 X24.168 Y101.92 E.01498
G1 X23.894 Y102.263 E.01185
G1 X23.558 Y102.545 E.01184
G1 X23.469 Y102.593 E.00273
G1 X23.298 Y102.237 F9000
;TYPE:External perimeter
;WIDTH:0.419999
G1 F1800
G1 X23.046 Y102.379 E.00742
G1 X22.703 Y102.49 E.00925
G1 X22.345 Y102.531 E.00924
G1 X21.986 Y102.5 E.00924
G1 X21.641 Y102.399 E.00922
G1 X21.322 Y102.231 E.00925
G1 X21.042 Y102.004 E.00925
G1 X20.814 Y101.725 E.00924
G1 X20.645 Y101.407 E.00924
G1 X20.541 Y101.047 E.00961
G1 X20.527 Y100.486 E.0144
G1 X20.626 Y100.085 E.0106
G1 X20.786 Y99.762 E.00925
G1 X21.006 Y99.477 E.00924
G1 X21.279 Y99.242 E.00924
G1 X21.593 Y99.065 E.00925
G1 X21.936 Y98.954 E.00925
G1 X22.293 Y98.913 E.00922
G1 X22.652 Y98.944 E.00924
G1 X22.998 Y99.045 E.00925
G1 X23.317 Y99.213 E.00925
G1 X23.596 Y99.44 E.00923
G1 X23.825 Y99.719 E.00926
G1 X23.994 Y100.037 E.00924
G1 X24.097 Y100.396 E.00958
G1 X24.111 Y100.958 E.01442
G1 X24.013 Y101.359 E.01059
G1 X23.853 Y101.682 E.00925
G1 X23.632 Y101.966 E.00923
G1 X23.36 Y102.202 E.00924
G1 X23.35 Y102.207 E.00029
G1 E-3.5 F3600
;WIPE_START
G1 F7200
G1 X23.298 Y102.237 E-.02852
G1 X23.046 Y102.379 E-.1374
G1 X22.703 Y102.49 E-.17124
G1 X22.345 Y102.531 E-.17116
G1 X21.986 Y102.5 E-.17116
G1 X21.641 Y102.399 E-.17075
G1 X21.322 Y102.231 E-.17125
G1 X21.042 Y102.004 E-.17122
G1 X20.814 Y101.725 E-.17115
G1 X20.679 Y101.472 E-.13615
;WIPE_END
G1 X64.735 Y100.851 F9000
G1 E5 F2400
;TYPE:Perimeter
;WIDTH:0.439999
G1 F1800
G1 X64.726 Y100.506 E.00931
G1 X64.836 Y99.923 E.01601
G1 X65.044 Y99.447 E.01402
G1 X65.476 Y98.876 E.01932
G1 X65.878 Y98.548 E.014
G1 X66.338 Y98.305 E.01404
G1 X66.836 Y98.159 E.014
G1 X67.353 Y98.114 E.014
G1 X67.869 Y98.172 E.01401
G1 X68.364 Y98.332 E.01404
G1 X68.817 Y98.586 E.01401
G1 X69.21 Y98.925 E.01401
G1 X69.529 Y99.335 E.01402
G1 X69.76 Y99.801 E.01404
G1 X69.898 Y100.376 E.01596
G1 X69.912 Y100.938 E.01517
G1 X69.802 Y101.52 E.01598
G1 X69.595 Y101.997 E.01403
G1 X69.297 Y102.422 E.01401
G1 X68.921 Y102.78 E.01401
G1 X68.482 Y103.057 E.01401
G1 X67.996 Y103.241 E.01402
G1 X67.483 Y103.325 E.01403
G1 X66.964 Y103.306 E.01401
G1 X66.459 Y103.184 E.01402
G1 X65.988 Y102.965 E.01402
G1 X65.57 Y102.657 E.01401
G1 X65.222 Y102.272 E.014
G1 X64.956 Y101.825 E.01404
G1 X64.784 Y101.335 E.01401
G1 X64.74 Y101.067 E.00733
G1 X64.736 Y100.911 E.00421
G1 X65.14 Y100.831 F9000
G1 F1800
G1 X65.132 Y100.496 E.00904
G1 X65.229 Y100.024 E.013
G1 X65.47 Y99.523 E.015
G1 X65.744 Y99.181 E.01183
G1 X66.081 Y98.899 E.01186
G1 X66.467 Y98.69 E.01184
G1 X66.886 Y98.561 E.01183
G1 X67.323 Y98.518 E.01185
G1 X67.76 Y98.563 E.01185
G1 X68.179 Y98.693 E.01184
G1 X68.564 Y98.903 E.01183
G1 X68.899 Y99.186 E.01183
G1 X69.172 Y99.529 E.01183
G1 X69.372 Y99.92 E.01185
G1 X69.493 Y100.387 E.01302
G1 X69.507 Y100.948 E.01514
G1 X69.409 Y101.42 E.01301
G1 X69.168 Y101.92 E.01498
G1 X68.894 Y102.263 E.01185
G1 X68.558 Y102.545 E.01184
G1 X68.172 Y102.754 E.01184
G1 X67.752 Y102.882 E.01185
G1 X67.316 Y102.925 E.01182
G1 X66.879 Y102.881 E.01185
G1 X66.46 Y102.751 E.01184
G1 X66.075 Y102.54 E.01185
G1 X65.739 Y102.258 E.01184
G1 X65.466 Y101.914 E.01185
G1 X65.267 Y101.523 E.01184
G1 X65.146 Y101.057 E.01299
G1 X65.142 Y100.891 E.00448
G1 X65.538 Y100.9 F9000
;TYPE:External perimeter
;WIDTH:0.419999
G1 F1800
G1 X65.527 Y100.486 E.01062
G1 X65.626 Y100.085 E.0106
G1 X65.786 Y99.762 E.00925
G1 X66.006 Y99.477 E.00924
G1 X66.279 Y99.242 E.00924
G1 X66.593 Y99.065 E.00925
G1 X66.936 Y98.954 E.00925
G1 X67.293 Y98.913 E.00922
G1 X67.652 Y98.944 E.00924
G1 X67.998 Y99.045 E.00925
G1 X68.317 Y99.213 E.00925
G1 X68.596 Y99.44 E.00923
G1 X68.825 Y99.719 E.00926
G1 X68.994 Y100.037 E.00924
G1 X69.097 Y100.396 E.00958
G1 X69.111 Y100.958 E.01442
G1 X69.013 Y101.359 E.01059
G1 X68.853 Y101.682 E.00925
G1 X68.632 Y101.966 E.00923
G1 X68.36 Y102.202 E.00924
G1 X68.046 Y102.379 E.00925
G1 X67.703 Y102.49 E.00925
G1 X67.345 Y102.531 E.00924
G1 X66.986 Y102.5 E.00924
G1 X66.641 Y102.399 E.00922
G1 X66.322 Y102.231 E.00925
G1 X66.042 Y102.004 E.00925
G1 X65.814 Y101.725 E.00924
G1 X65.645 Y101.407 E.00924
G1 X65.541 Y101.047 E.00961
G1 X65.539 Y100.96 E.00223
G1 E-3.5 F3600
;WIPE_START
G1 F7200
G1 X65.538 Y100.9 E-.0285
G1 X65.527 Y100.486 E-.19672
G1 X65.626 Y100.085 E-.19619
G1 X65.786 Y99.762 E-.17122
G1 X66.006 Y99.477 E-.17102
G1 X66.279 Y99.242 E-.1711
G1 X66.593 Y99.065 E-.17121
G1 X66.936 Y98.954 E-.17124
G1 X67.293 Y98.913 E-.17069
G1 X67.402 Y98.922 E-.05211
;WIPE_END
G1 X67.254 Y28.326 F9000
G1 E5 F2400
;TYPE:Perimeter
;WIDTH:0.439999
G1 F1800
G1 X66.769 Y28.272 E.01317
G1 X66.275 Y28.112 E.01401
G1 X65.822 Y27.858 E.01401
G1 X65.429 Y27.519 E.01401
G1 X65.11 Y27.108 E.01404
G1 X64.879 Y26.643 E.01401
G1 X64.74 Y26.067 E.01599
G1 X64.726 Y25.506 E.01514
G1 X64.836 Y24.923 E.01601
G1 X65.044 Y24.447 E.01402
G1 X65.341 Y24.022 E.01399
G1 X65.717 Y23.663 E.01403
G1 X66.157 Y23.387 E.01402
G1 X66.643 Y23.203 E.01402
G1 X67.155 Y23.119 E.014
G1 X67.675 Y23.138 E.01404
G1 X68.179 Y23.259 E.01399
G1 X68.65 Y23.479 E.01403
G1 X69.068 Y23.787 E.01401
G1 X69.417 Y24.172 E.01402
G1 X69.683 Y24.618 E.01401
G1 X69.854 Y25.108 E.014
G1 X69.898 Y25.376 E.00733
G1 X69.912 Y25.938 E.01517
G1 X69.803 Y26.52 E.01598
G1 X69.595 Y26.996 E.01402
G1 X69.297 Y27.422 E.01403
G1 X68.921 Y27.78 E.01401
G1 X68.301 Y28.138 E.01932
G1 X67.803 Y28.285 E.01401
G1 X67.314 Y28.328 E.01325
G1 X67.264 Y27.92 F9000
G1 F1800
G1 X66.879 Y27.881 E.01044
G1 X66.46 Y27.751 E.01184
G1 X66.075 Y27.54 E.01185
G1 X65.739 Y27.258 E.01184
G1 X65.466 Y26.914 E.01185
G1 X65.267 Y26.523 E.01184
G1 X65.146 Y26.057 E.01299
G1 X65.132 Y25.495 E.01517
G1 X65.229 Y25.024 E.01298
G1 X65.47 Y24.523 E.015
G1 X65.744 Y24.181 E.01183
G1 X66.081 Y23.899 E.01186
G1 X66.467 Y23.69 E.01184
G1 X66.886 Y23.561 E.01183
G1 X67.323 Y23.518 E.01185
G1 X67.76 Y23.563 E.01185
G1 X68.179 Y23.693 E.01184
G1 X68.564 Y23.903 E.01183
G1 X68.899 Y24.186 E.01183
G1 X69.172 Y24.529 E.01183
G1 X69.372 Y24.92 E.01185
G1 X69.493 Y25.387 E.01302
G1 X69.507 Y25.948 E.01514
G1 X69.409 Y26.42 E.01301
G1 X69.168 Y26.92 E.01498
G1 X68.894 Y27.263 E.01185
G1 X68.558 Y27.545 E.01184
G1 X68.172 Y27.754 E.01184
G1 X67.752 Y27.882 E.01185
G1 X67.324 Y27.925 E.01161
G1 X67.364 Y27.529 F9000
;TYPE:External perimeter
;WIDTH:0.419999
G1 F1800
G1 X67.345 Y27.531 E.00049
G1 X66.986 Y27.5 E.00924
G1 X66.641 Y27.399 E.00922
G1 X66.322 Y27.231 E.00925
G1 X66.042 Y27.004 E.00925
G1 X65.814 Y26.725 E.00924
G1 X65.645 Y26.407 E.00924
G1 X65.541 Y26.047 E.00961
G1 X65.527 Y25.486 E.0144
G1 X65.626 Y25.085 E.0106
G1 X65.786 Y24.762 E.00925
G1 X66.006 Y24.477 E.00924
G1 X66.279 Y24.242 E.00924
G1 X66.593 Y24.065 E.00925
G1 X66.936 Y23.954 E.00925
G1 X67.293 Y23.913 E.00922
G1 X67.652 Y23.944 E.00924
G1 X67.998 Y24.045 E.00925
G1 X68.317 Y24.213 E.00925
G1 X68.596 Y24.44 E.00923
G1 X68.825 Y24.719 E.00926
G1 X68.994 Y25.037 E.00924
G1 X69.097 Y25.396 E.00958
G1 X69.111 Y25.958 E.01442
G1 X69.013 Y26.359 E.01059
G1 X68.853 Y26.682 E.00925
G1 X68.632 Y26.966 E.00923
G1 X68.36 Y27.202 E.00924
G1 X68.046 Y27.379 E.00925
G1 X67.703 Y27.49 E.00925
G1 X67.424 Y27.522 E.0072
G1 E-3.5 F3600
;WIPE_START
G1 F7200
G1 X67.364 Y27.529 E-.02869
G1 X67.345 Y27.531 E-.00907
G1 X66.986 Y27.5 E-.17116
G1 X66.641 Y27.399 E-.17075
G1 X66.322 Y27.231 E-.17125
G1 X66.042 Y27.004 E-.17122
G1 X65.814 Y26.725 E-.17115
G1 X65.645 Y26.407 E-.17106
G1 X65.541 Y26.047 E-.17799
G1 X65.528 Y25.504 E-.25766
;WIPE_END
G1 X24.91 Y25.851 F9000
G1 E5 F2400
;TYPE:Perimeter
;WIDTH:0.439999
G1 F1800
G1 X24.912 Y25.938 E.00235
G1 X24.803 Y26.52 E.01598
G1 X24.595 Y26.996 E.01402
G1 X24.297 Y27.422 E.01403
G1 X23.921 Y27.78 E.01401
G1 X23.482 Y28.057 E.01401
G1 X22.996 Y28.241 E.01402
G1 X22.483 Y28.325 E.01403
G1 X21.964 Y28.306 E.01401
G1 X21.459 Y28.184 E.01402
G1 X20.988 Y27.965 E.01402
G1 X20.57 Y27.657 E.01401
G1 X20.222 Y27.272 E.014
G1 X19.956 Y26.825 E.01404
G1 X19.784 Y26.335 E.01401
G1 X19.74 Y26.067 E.00733
G1 X19.726 Y25.506 E.01514
G1 X19.836 Y24.923 E.01601
G1 X20.044 Y24.447 E.01402
G1 X20.341 Y24.022 E.01399
G1 X20.717 Y23.663 E.01403
G1 X21.157 Y23.387 E.01402
G1 X21.643 Y23.203 E.01402
G1 X22.155 Y23.119 E.014
G1 X22.675 Y23.138 E.01404
G1 X23.179 Y23.259 E.01399
G1 X23.65 Y23.479 E.01403
G1 X24.068 Y23.787 E.01401
G1 X24.417 Y24.172 E.01402
G1 X24.683 Y24.618 E.01401
G1 X24.854 Y25.108 E.014
G1 X24.898 Y25.376 E.00733
G1 X24.909 Y25.791 E.0112
G1 X24.504 Y25.831 F9000
G1 F1800
G1 X24.507 Y25.948 E.00316
G1 X24.409 Y26.42 E.01301
G1 X24.168 Y26.92 E.01498
G1 X23.894 Y27.263 E.01185
G1 X23.558 Y27.545 E.01184
G1 X23.172 Y27.754 E.01184
G1 X22.752 Y27.882 E.01185
G1 X22.316 Y27.925 E.01182
G1 X21.879 Y27.881 E.01185
G1 X21.46 Y27.751 E.01184
G1 X21.075 Y27.54 E.01185
G1 X20.739 Y27.258 E.01184
G1 X20.466 Y26.914 E.01185
G1 X20.267 Y26.523 E.01184
G1 X20.146 Y26.057 E.01299
G1 X20.132 Y25.495 E.01517
G1 X20.229 Y25.024 E.01298
G1 X20.47 Y24.523 E.015
G1 X20.744 Y24.181 E.01183
G1 X21.081 Y23.899 E.01186
G1 X21.467 Y23.69 E.01184
G1 X22 Y23.547 E.01489
G1 X22.323 Y23.518 E.00875
G1 X22.76 Y23.563 E.01185
G1 X23.179 Y23.693 E.01184
G1 X23.564 Y23.903 E.01183
G1 X23.899 Y24.186 E.01183
G1 X24.172 Y24.529 E.01183
G1 X24.372 Y24.92 E.01185
G1 X24.493 Y25.387 E.01302
G1 X24.502 Y25.771 E.01037
G1 X24.105 Y25.722 F9000
;TYPE:External perimeter
;WIDTH:0.419999
G1 F1800
G1 X24.111 Y25.958 E.00606
G1 X24.013 Y26.359 E.01059
G1 X23.853 Y26.682 E.00925
G1 X23.632 Y26.966 E.00923
G1 X23.36 Y27.202 E.00924
G1 X23.046 Y27.379 E.00925
G1 X22.703 Y27.49 E.00925
G1 X22.345 Y27.531 E.00924
G1 X21.986 Y27.5 E.00924
G1 X21.641 Y27.399 E.00922
G1 X21.322 Y27.231 E.00925
G1 X21.042 Y27.004 E.00925
G1 X20.814 Y26.725 E.00924
G1 X20.645 Y26.407 E.00924
G1 X20.541 Y26.047 E.00961
G1 X20.527 Y25.486 E.0144
G1 X20.626 Y25.085 E.0106
G1 X20.786 Y24.762 E.00925
G1 X21.006 Y24.477 E.00924
G1 X21.279 Y24.242 E.00924
G1 X21.593 Y24.065 E.00925
G1 X22.049 Y23.94 E.01213
G1 X22.293 Y23.913 E.0063
G1 X22.652 Y23.944 E.00924
G1 X22.998 Y24.045 E.00925
G1 X23.317 Y24.213 E.00925
G1 X23.596 Y24.44 E.00923
G1 X23.825 Y24.719 E.00926
G1 X23.994 Y25.037 E.00924
G1 X24.097 Y25.396 E.00958
G1 X24.104 Y25.662 E.00683
G1 E-3.5 F3600
;WIPE_START
G1 F7200
G1 X24.105 Y25.722 E-.0285
G1 X24.111 Y25.958 E-.11214
G1 X24.013 Y26.359 E-.19608
G1 X23.853 Y26.682 E-.17122
G1 X23.632 Y26.966 E-.17093
G1 X23.36 Y27.202 E-.17105
G1 X23.046 Y27.379 E-.17121
G1 X22.703 Y27.49 E-.17124
G1 X22.345 Y27.531 E-.17116
G1 X22.059 Y27.506 E-.13647
;WIPE_END
G1 X22.384 Y173.127 F9000
G1 E5 F2400
;TYPE:Perimeter
;WIDTH:0.439999
G1 F1800
G1 X22.675 Y173.138 E.00786
G1 X23.179 Y173.259 E.01399
G1 X23.817 Y173.586 E.01935
G1 X24.21 Y173.925 E.01401
G1 X24.529 Y174.335 E.01402
G1 X24.76 Y174.801 E.01404
G1 X24.898 Y175.376 E.01596
G1 X24.912 Y175.938 E.01517
G1 X24.803 Y176.52 E.01598
G1 X24.595 Y176.996 E.01402
G1 X24.297 Y177.422 E.01403
G1 X23.921 Y177.78 E.01401
G1 X23.482 Y178.057 E.01401
G1 X22.996 Y178.241 E.01402
G1 X22.483 Y178.325 E.01403
G1 X21.964 Y178.306 E.01401
G1 X21.459 Y178.184 E.01402
G1 X20.988 Y177.965 E.01402
G1 X20.57 Y177.657 E.01401
G1 X20.222 Y177.272 E.014
G1 X19.956 Y176.825 E.01404
G1 X19.784 Y176.335 E.01401
G1 X19.74 Y176.067 E.00733
G1 X19.726 Y175.506 E.01514
G1 X19.836 Y174.923 E.01601
G1 X20.044 Y174.447 E.01402
G1 X20.341 Y174.022 E.01399
G1 X20.717 Y173.663 E.01403
G1 X21.157 Y173.387 E.01402
G1 X21.643 Y173.203 E.01402
G1 X22.155 Y173.119 E.014
G1 X22.324 Y173.125 E.00456
G1 X22.374 Y173.523 F9000
G1 F1800
G1 X22.76 Y173.563 E.01047
G1 X23.179 Y173.693 E.01184
G1 X23.564 Y173.903 E.01183
G1 X23.899 Y174.186 E.01183
G1 X24.172 Y174.529 E.01183
G1 X24.372 Y174.92 E.01185
G1 X24.493 Y175.387 E.01302
G1 X24.507 Y175.948 E.01514
G1 X24.409 Y176.42 E.01301
G1 X24.168 Y176.92 E.01498
G1 X23.894 Y177.263 E.01185
G1 X23.558 Y177.545 E.01184
G1 X23.172 Y177.754 E.01184
G1 X22.752 Y177.882 E.01185
G1 X22.316 Y177.925 E.01182
G1 X21.879 Y177.881 E.01185
G1 X21.46 Y177.751 E.01184
G1 X21.075 Y177.54 E.01185
G1 X20.739 Y177.258 E.01184
G1 X20.466 Y176.914 E.01185
G1 X20.267 Y176.523 E.01184
G1 X20.146 Y176.057 E.01299
G1 X20.132 Y175.495 E.01517
G1 X20.229 Y175.024 E.01298
G1 X20.47 Y174.523 E.015
G1 X20.744 Y174.181 E.01183
G1 X21.081 Y173.899 E.01186
G1 X21.467 Y173.69 E.01184
G1 X21.886 Y173.561 E.01183
G1 X22.315 Y173.519 E.01163
G1 X22.274 Y173.915 F9000
;TYPE:External perimeter
;WIDTH:0.419999
G1 F1800
G1 X22.293 Y173.913 E.00049
G1 X22.652 Y173.944 E.00924
G1 X22.998 Y174.045 E.00925
G1 X23.317 Y174.213 E.00925
G1 X23.596 Y174.44 E.00923
G1 X23.825 Y174.719 E.00926
G1 X23.994 Y175.037 E.00924
G1 X24.097 Y175.396 E.00958
G1 X24.111 Y175.958 E.01442
G1 X24.013 Y176.359 E.01059
G1 X23.853 Y176.682 E.00925
G1 X23.632 Y176.966 E.00923
G1 X23.36 Y177.202 E.00924
G1 X23.046 Y177.379 E.00925
G1 X22.703 Y177.49 E.00925
G1 X22.345 Y177.531 E.00924
G1 X21.986 Y177.5 E.00924
G1 X21.641 Y177.399 E.00922
G1 X21.322 Y177.231 E.00925
G1 X21.042 Y177.004 E.00925
G1 X20.814 Y176.725 E.00924
G1 X20.645 Y176.407 E.00924
G1 X20.541 Y176.047 E.00961
G1 X20.527 Y175.486 E.0144
G1 X20.626 Y175.085 E.0106
G1 X20.786 Y174.762 E.00925
G1 X21.006 Y174.477 E.00924
G1 X21.279 Y174.242 E.00924
G1 X21.593 Y174.065 E.00925
G1 X21.936 Y173.954 E.00925
G1 X22.215 Y173.922 E.0072
G1 E-3.5 F3600
;WIPE_START
G1 F7200
G1 X22.274 Y173.915 E-.02822
G1 X22.293 Y173.913 E-.00907
G1 X22.652 Y173.944 E-.17116
G1 X22.998 Y174.045 E-.17121
G1 X23.317 Y174.213 E-.17125
G1 X23.596 Y174.44 E-.17085
G1 X23.825 Y174.719 E-.17145
G1 X23.994 Y175.037 E-.17106
G1 X24.097 Y175.396 E-.1774
G1 X24.111 Y175.94 E-.25833
;WIPE_END
G1 X64.729 Y175.593 F9000
G1 E5 F2400
;TYPE:Perimeter
;WIDTH:0.439999
G1 F1800
G1 X64.726 Y175.506 E.00235
G1 X64.836 Y174.923 E.01601
G1 X65.044 Y174.447 E.01402
G1 X65.341 Y174.022 E.01399
G1 X65.717 Y173.663 E.01403
G1 X66.157 Y173.387 E.01402
G1 X66.643 Y173.203 E.01402
G1 X67.155 Y173.119 E.014
G1 X67.675 Y173.138 E.01404
G1 X68.179 Y173.259 E.01399
G1 X68.65 Y173.479 E.01403
G1 X69.068 Y173.787 E.01401
G1 X69.417 Y174.172 E.01402
G1 X69.683 Y174.618 E.01401
G1 X69.854 Y175.108 E.014
G1 X69.898 Y175.376 E.00733
G1 X69.912 Y175.938 E.01517
G1 X69.803 Y176.52 E.01598
G1 X69.595 Y176.996 E.01402
G1 X69.297 Y177.422 E.01403
G1 X68.921 Y177.78 E.01401
G1 X68.482 Y178.057 E.01401
G1 X67.996 Y178.241 E.01402
G1 X67.285 Y178.33 E.01934
G1 X66.769 Y178.272 E.01401
G1 X66.275 Y178.112 E.01401
G1 X65.822 Y177.858 E.01401
G1 X65.429 Y177.519 E.01401
G1 X65.11 Y177.108 E.01404
G1 X64.879 Y176.643 E.01401
G1 X64.74 Y176.067 E.01599
G1 X64.73 Y175.653 E.01117
G1 X65.135 Y175.613 F9000
G1 F1800
G1 X65.132 Y175.495 E.00319
G1 X65.229 Y175.024 E.01298
G1 X65.47 Y174.523 E.015
G1 X65.744 Y174.181 E.01183
G1 X66.081 Y173.899 E.01186
G1 X66.467 Y173.69 E.01184
G1 X66.886 Y173.561 E.01183
G1 X67.323 Y173.518 E.01185
G1 X67.76 Y173.563 E.01185
G1 X68.179 Y173.693 E.01184
G1 X68.564 Y173.903 E.01183
G1 X68.899 Y174.186 E.01183
G1 X69.172 Y174.529 E.01183
G1 X69.372 Y174.92 E.01185
G1 X69.493 Y175.387 E.01302
G1 X69.507 Y175.948 E.01514
G1 X69.409 Y176.42 E.01301
G1 X69.168 Y176.92 E.01498
G1 X68.894 Y177.263 E.01185
G1 X68.558 Y177.545 E.01184
G1 X68.172 Y177.754 E.01184
G1 X67.752 Y177.882 E.01185
G1 X67.316 Y177.925 E.01182
G1 X66.879 Y177.881 E.01185
G1 X66.46 Y177.751 E.01184
G1 X66.075 Y177.54 E.01185
G1 X65.739 Y177.258 E.01184
G1 X65.466 Y176.914 E.01185
G1 X65.267 Y176.523 E.01184
G1 X65.146 Y176.057 E.01299
G1 X65.136 Y175.673 E.01037
G1 X65.533 Y175.722 F9000
;TYPE:External perimeter
;WIDTH:0.419999
G1 F1800
G1 X65.527 Y175.486 E.00606
G1 X65.626 Y175.085 E.0106
G1 X65.786 Y174.762 E.00925
G1 X66.006 Y174.477 E.00924
G1 X66.279 Y174.242 E.00924
G1 X66.593 Y174.065 E.00925
G1 X66.936 Y173.954 E.00925
G1 X67.293 Y173.913 E.00922
G1 X67.652 Y173.944 E.00924
G1 X67.998 Y174.045 E.00925
G1 X68.317 Y174.213 E.00925
G1 X68.596 Y174.44 E.00923
G1 X68.825 Y174.719 E.00926
G1 X68.994 Y175.037 E.00924
G1 X69.097 Y175.396 E.00958
G1 X69.111 Y175.958 E.01442
G1 X69.013 Y176.359 E.01059
G1 X68.853 Y176.682 E.00925
G1 X68.632 Y176.966 E.00923
G1 X68.36 Y177.202 E.00924
G1 X68.046 Y177.379 E.00925
G1 X67.703 Y177.49 E.00925
G1 X67.345 Y177.531 E.00924
G1 X66.986 Y177.5 E.00924
G1 X66.641 Y177.399 E.00922
G1 X66.322 Y177.231 E.00925
G1 X66.042 Y177.004 E.00925
G1 X65.814 Y176.725 E.00924
G1 X65.645 Y176.407 E.00924
G1 X65.541 Y176.047 E.00961
G1 X65.535 Y175.782 E.0068
G1 E-3.5 F3600
;WIPE_START
G1 F7200
G1 X65.533 Y175.722 E-.02852
G1 X65.527 Y175.486 E-.11214
G1 X65.626 Y175.085 E-.19619
G1 X65.786 Y174.762 E-.17122
G1 X66.006 Y174.477 E-.17102
G1 X66.279 Y174.242 E-.1711
G1 X66.593 Y174.065 E-.17121
G1 X66.936 Y173.954 E-.17124
G1 X67.293 Y173.913 E-.17069
G1 X67.58 Y173.937 E-.13667
;WIPE_END
G1 X61.831 Y184.711 F9000
G1 E5 F2400
;TYPE:Perimeter
;WIDTH:0.439999
G1 F3600
G1 X61.831 Y18.705 E4.47964
G1 X61.791 Y18.426 E.00761
G1 X61.632 Y18.108 E.00959
G1 X61.304 Y17.827 E.01165
G1 X60.837 Y17.711 E.01298
G1 X28.674 Y17.711 E.86791
G1 X28.334 Y17.827 E.00969
G1 X28.007 Y18.108 E.01163
G1 X27.848 Y18.426 E.00959
G1 X27.808 Y18.705 E.00761
G1 X27.808 Y184.711 E4.47964
G1 X18.331 Y184.711 E.25574
G1 X18.331 Y16.733 E4.53286
G1 X71.308 Y16.733 E1.42957
G1 X71.308 Y184.711 E4.53286
G1 X61.891 Y184.711 E.25412
G1 X61.425 Y185.116 F9000
G1 F3600
G1 X61.425 Y18.587 E4.49375
G1 X61.307 Y18.352 E.0071
G1 X61.113 Y18.185 E.00691
G1 X60.837 Y18.116 E.00768
G1 X28.802 Y18.116 E.86446
G1 X28.525 Y18.185 E.0077
G1 X28.331 Y18.352 E.00691
G1 X28.237 Y18.54 E.00567
G1 X28.214 Y18.705 E.0045
G1 X28.214 Y185.116 E4.49057
G1 X17.925 Y185.116 E.27765
G1 X17.925 Y16.328 E4.55471
G1 X71.714 Y16.328 E1.45149
G1 X71.714 Y185.116 E4.55471
G1 X61.485 Y185.116 E.27603
G1 X61.029 Y185.512 F9000
;TYPE:External perimeter
;WIDTH:0.419999
G1 F1800
G1 X61.029 Y18.705 E4.27933
G1 X60.991 Y18.589 E.00313
G1 X60.837 Y18.512 E.00442
G1 X28.802 Y18.512 E.82184
G1 X28.648 Y18.589 E.00442
G1 X28.609 Y18.705 E.00314
G1 X28.609 Y185.512 E4.27933
G1 X17.529 Y185.512 E.28425
G1 X17.529 Y15.932 E4.35047
G1 X72.109 Y15.932 E1.40022
G1 X72.109 Y185.512 E4.35047
G1 X61.089 Y185.512 E.28271
G1 E-3.5 F3600
;WIPE_START
G1 F7200
G1 X61.029 Y185.512 E-.0285
G1 X61.029 Y182.414 E-1.4715
;WIPE_END
G1 X69.392 Y98.899 F9000
G1 E5 F2400
;TYPE:Solid infill
;WIDTH:0.374336
G1 F3600
G1 X69.693 Y99.241 E.0103
G1 E-3.5
;WIPE_START
G1 F7200
G1 X69.392 Y98.899 E-.21641
;WIPE_END
G1 E-1.28359 F3600
G1 X62.176 Y184.288 F9000
G1 E5 F2400
;WIDTH:0.538422
G1 F3600
G1 X62.131 Y184.333 E.00213
G1 X62.148 Y184.394 E.00212
G1 X62.209 Y184.41 E.00211
G1 X62.253 Y184.365 E.00211
G1 X62.237 Y184.304 E.00211
;WIDTH:0.439999
G1 X62.885 Y184.398 E.01767
G1 X62.143 Y183.656 E.02832
G1 X62.143 Y183.083 E.01546
G1 X63.458 Y184.398 E.05018
G1 X64.032 Y184.398 E.01549
G1 X62.143 Y182.509 E.07209
G1 X62.143 Y181.935 E.01549
G1 X64.606 Y184.398 E.09399
G1 X65.18 Y184.398 E.01549
G1 X62.143 Y181.362 E.11588
G1 X62.143 Y180.788 E.01549
G1 X65.753 Y184.398 E.13777
G1 X66.327 Y184.398 E.01549
G1 X62.143 Y180.214 E.15967
G1 X62.143 Y179.641 E.01546
G1 X66.901 Y184.398 E.18156
G1 X67.474 Y184.398 E.01546
G1 X62.143 Y179.067 E.20344
G1 X62.143 Y178.493 E.01549
G1 X68.048 Y184.398 E.22535
G1 X68.622 Y184.398 E.01549
G1 X62.143 Y177.92 E.24723
G1 X62.143 Y177.346 E.01549
G1 X69.195 Y184.398 E.26912
G1 X69.769 Y184.398 E.01549
G1 X62.143 Y176.772 E.29103
G1 X62.143 Y176.198 E.01549
G1 X70.343 Y184.398 E.31293
G1 X71.148 Y184.312 E.02185
;WIDTH:0.374336
G1 X71.13 Y184.533 E.00501
;WIDTH:0.407168
G1 X71.023 Y184.466 E.00313
;WIDTH:0.439999
G1 X70.916 Y184.398 E.00342
G1 X62.143 Y175.625 E.3348
G1 X62.143 Y175.051 E.01549
G1 X70.996 Y183.904 E.33785
G1 X71.05 Y183.74 E.00466
;WIDTH:0.407168
G1 X71.104 Y183.576 E.00428
;WIDTH:0.374336
G1 X71.084 Y183.647 E.00167
G1 X71.156 Y183.628 E.00168
G1 X71.145 Y183.587 E.00096
G1 E-3.5
;WIPE_START
G1 F7200
G1 X71.156 Y183.628 E-.02016
G1 X71.084 Y183.647 E-.03537
G1 X71.104 Y183.576 E-.03504
G1 X71.05 Y183.74 E-.08201
G1 X70.996 Y183.904 E-.08201
G1 X69.142 Y182.05 E-1.24541
;WIPE_END
G1 X65.682 Y178.082 F9000
G1 E5 F2400
G1 F3600
G1 X65.254 Y177.686 E.01319
G1 X64.963 Y177.352 E.01002
;WIDTH:0.407168
G1 X64.847 Y177.209 E.00457
;WIDTH:0.439999
G1 X64.731 Y177.065 E.00499
G1 X62.143 Y174.477 E.09876
G1 X62.143 Y173.904 E.01546
G1 X64.449 Y176.21 E.088
G1 X64.523 Y176.333 E.00387
;WIDTH:0.407168
G1 X64.598 Y176.455 E.00355
;WIDTH:0.374336
G1 X64.578 Y176.527 E.00169
G1 X64.65 Y176.508 E.00168
G1 X64.639 Y176.466 E.00098
G1 E-3.5
;WIPE_START
G1 F7200
G1 X64.65 Y176.508 E-.02062
G1 X64.578 Y176.527 E-.03537
G1 X64.598 Y176.455 E-.03549
G1 X64.523 Y176.333 E-.06802
G1 X64.449 Y176.21 E-.06818
G1 X62.555 Y174.316 E-1.27232
;WIPE_END
G1 X62.328 Y173.515 F9000
G1 E5 F2400
;WIDTH:0.439999
G1 F3600
G1 X64.417 Y175.604 E.07972
G1 X64.458 Y175.144 E.01246
G1 X64.613 Y174.627 E.01456
G1 X64.803 Y174.269 E.01094
G1 X62.143 Y171.609 E.10151
G1 X62.143 Y173.473 E.0503
G1 X62.549 Y173.162 E.0138
G1 X62.549 Y172.588 E.01549
G1 X64.302 Y174.341 E.0669
G1 X64.149 Y174.762 E.01209
G1 X62.692 Y173.305 E.0556
G1 E-3.5
;WIPE_START
G1 F7200
G1 X64.149 Y174.762 E-.97874
G1 X64.302 Y174.341 E-.21277
G1 X63.843 Y173.882 E-.30849
;WIPE_END
G1 X62.143 Y171.035 F9000
G1 E5 F2400
G1 F3600
G1 X65.027 Y173.919 E.11006
G1 X65.298 Y173.617 E.01095
G1 X62.143 Y170.461 E.12042
G1 X62.143 Y169.888 E.01546
G1 X65.611 Y173.356 E.13235
G1 X65.966 Y173.137 E.01126
G1 X62.143 Y169.314 E.14589
G1 X62.143 Y168.74 E.01549
G1 X66.368 Y172.966 E.16125
G1 X66.822 Y172.846 E.01267
G1 X62.143 Y168.167 E.17856
G1 X62.143 Y167.593 E.01549
G1 X67.352 Y172.802 E.19879
G1 X68.328 Y173.035 F9000
;WIDTH:0.374336
G1 F3600
G1 X68.339 Y173.076 E.00096
G1 X68.268 Y173.095 E.00166
G1 X68.287 Y173.024 E.00166
;WIDTH:0.407168
G1 X68.149 Y172.956 E.00382
;WIDTH:0.439999
G1 X68.011 Y172.888 E.00415
G1 X62.143 Y167.019 E.22396
G1 X62.143 Y166.446 E.01546
G1 X69.149 Y173.452 E.26736
G1 X69.234 Y173.589 E.00435
;WIDTH:0.407168
G1 X69.319 Y173.726 E.004
;WIDTH:0.374336
G1 X69.436 Y173.61 E.00373
G1 E-3.5
;WIPE_START
G1 F7200
G1 X69.319 Y173.726 E-.07826
G1 X69.234 Y173.589 E-.07658
G1 X69.149 Y173.452 E-.07658
G1 X67.261 Y171.563 E-1.26858
;WIPE_END
G1 X65.969 Y178.303 F9000
G1 E5 F2400
;WIDTH:0.439999
G1 F3600
G1 X70.996 Y183.33 E.19184
G1 X70.996 Y182.756 E.01549
G1 X66.839 Y178.6 E.15862
G1 X66.711 Y178.504 E.00432
;WIDTH:0.407168
G1 X66.583 Y178.407 E.00398
;WIDTH:0.374336
G1 X66.594 Y178.448 E.00096
G1 X66.523 Y178.468 E.00167
G1 X66.542 Y178.396 E.00168
G1 X67.449 Y178.636 F9000
;WIDTH:0.439999
G1 F3600
G1 X70.996 Y182.183 E.13536
G1 X70.996 Y181.609 E.01549
G1 X67.956 Y178.569 E.11601
G1 X68.396 Y178.436 E.0124
G1 X70.996 Y181.035 E.0992
G1 X70.996 Y180.462 E.01546
G1 X68.78 Y178.246 E.08457
G1 E-3.5
;WIPE_START
G1 F7200
G1 X70.996 Y180.462 E-1.4886
G1 X70.996 Y180.486 E-.0114
;WIPE_END
G1 X70.172 Y175.203 F9000
G1 E5 F2400
G1 F3600
G1 X70.211 Y175.381 E.00492
G1 X70.208 Y176.155 E.02089
G1 X70.026 Y176.814 E.01845
G1 X69.755 Y177.331 E.01575
G1 X69.388 Y177.782 E.01569
G1 X69.116 Y178.008 E.00954
G1 X70.996 Y179.888 E.07175
G1 X70.996 Y175.211 E.12621
G1 X70.804 Y175.394 E.00716
G1 X70.641 Y175.452 E.00467
G1 X70.419 Y175.295 E.00734
G1 X70.128 Y175.005 E.01109
G1 X70.661 Y174.963 E.01443
G1 X69.594 Y173.897 E.0407
G1 X70.996 Y174.725 F9000
G1 F3600
G1 X62.143 Y165.872 E.33785
G1 X62.143 Y165.298 E.01549
G1 X70.996 Y174.151 E.33785
G1 X70.996 Y173.577 E.01549
G1 X62.143 Y164.725 E.33783
G1 X62.143 Y164.151 E.01549
G1 X70.996 Y173.003 E.33783
G1 X70.996 Y172.43 E.01546
G1 X62.143 Y163.577 E.33785
G1 X62.143 Y163.003 E.01549
G1 X70.996 Y171.856 E.33785
G1 X70.996 Y171.282 E.01549
G1 X62.143 Y162.43 E.33783
G1 X62.143 Y161.856 E.01549
G1 X70.996 Y170.709 E.33785
G1 X70.996 Y170.135 E.01549
G1 X62.143 Y161.282 E.33785
G1 X62.143 Y160.709 E.01546
G1 X70.996 Y169.561 E.33783
G1 X70.996 Y168.988 E.01546
G1 X62.143 Y160.135 E.33785
G1 X62.143 Y159.561 E.01549
G1 X70.996 Y168.414 E.33785
G1 X70.996 Y167.84 E.01549
G1 X62.143 Y158.988 E.33783
G1 X62.143 Y158.414 E.01549
G1 X70.996 Y167.267 E.33785
G1 X70.996 Y166.693 E.01549
G1 X62.143 Y157.84 E.33785
G1 X62.143 Y157.267 E.01546
G1 X70.996 Y166.119 E.33783
G1 X70.996 Y165.545 E.01549
G1 X62.143 Y156.693 E.33783
G1 X62.143 Y156.119 E.01549
G1 X70.996 Y164.972 E.33785
G1 X70.996 Y164.398 E.01549
G1 X62.143 Y155.545 E.33785
G1 X62.143 Y154.972 E.01546
G1 X70.996 Y163.824 E.33783
G1 X70.996 Y163.251 E.01546
G1 X62.143 Y154.398 E.33785
G1 X62.143 Y153.824 E.01549
G1 X70.996 Y162.677 E.33785
G1 X70.996 Y162.103 E.01549
G1 X62.143 Y153.251 E.33783
G1 X62.143 Y152.677 E.01549
G1 X70.996 Y161.53 E.33785
G1 X70.996 Y160.956 E.01549
G1 X62.143 Y152.103 E.33785
G1 X62.143 Y151.53 E.01546
G1 X70.996 Y160.382 E.33783
G1 X70.996 Y159.809 E.01546
G1 X62.143 Y150.956 E.33785
G1 X62.143 Y150.382 E.01549
G1 X70.996 Y159.235 E.33785
G1 X70.996 Y158.661 E.01549
G1 X62.143 Y149.808 E.33785
G1 X62.143 Y149.235 E.01546
G1 X70.996 Y158.087 E.33783
G1 X70.996 Y157.514 E.01546
G1 X62.143 Y148.661 E.33785
G1 X62.143 Y148.087 E.01549
G1 X70.996 Y156.94 E.33785
G1 X70.996 Y156.366 E.01549
G1 X62.143 Y147.514 E.33783
G1 X62.143 Y146.94 E.01549
G1 X70.996 Y155.793 E.33785
G1 X70.996 Y155.219 E.01549
G1 X62.143 Y146.366 E.33785
G1 X62.143 Y145.793 E.01546
G1 X70.996 Y154.645 E.33783
G1 X70.996 Y154.072 E.01546
G1 X62.143 Y145.219 E.33785
G1 X62.143 Y144.645 E.01549
G1 X70.996 Y153.498 E.33785
G1 X70.996 Y152.924 E.01549
G1 X62.143 Y144.072 E.33783
G1 X62.143 Y143.498 E.01549
G1 X70.996 Y152.351 E.33785
G1 X70.996 Y151.777 E.01549
G1 X62.143 Y142.924 E.33785
G1 X62.143 Y142.35 E.01549
G1 X70.996 Y151.203 E.33785
G1 X70.996 Y150.629 E.01549
G1 X62.143 Y141.777 E.33783
G1 X62.143 Y141.203 E.01549
G1 X70.996 Y150.056 E.33785
G1 X70.996 Y149.482 E.01549
G1 X62.143 Y140.629 E.33785
G1 X62.143 Y140.056 E.01546
G1 X70.996 Y148.908 E.33783
G1 X70.996 Y148.335 E.01546
G1 X62.143 Y139.482 E.33785
G1 X62.143 Y138.908 E.01549
G1 X70.996 Y147.761 E.33785
G1 X70.996 Y147.187 E.01549
G1 X62.143 Y138.335 E.33783
G1 X62.143 Y137.761 E.01549
G1 X70.996 Y146.614 E.33785
G1 X70.996 Y146.04 E.01549
G1 X62.143 Y137.187 E.33785
G1 X62.143 Y136.614 E.01546
G1 X70.996 Y145.466 E.33783
G1 X70.996 Y144.892 E.01549
G1 X62.143 Y136.04 E.33783
G1 X62.143 Y135.466 E.01549
G1 X70.996 Y144.319 E.33785
G1 X70.996 Y143.745 E.01549
G1 X62.143 Y134.892 E.33785
G1 X62.143 Y134.319 E.01546
G1 X70.996 Y143.171 E.33783
G1 X70.996 Y142.598 E.01546
G1 X62.143 Y133.745 E.33785
G1 X62.143 Y133.171 E.01549
G1 X70.996 Y142.024 E.33785
G1 X70.996 Y141.45 E.01549
G1 X62.143 Y132.598 E.33783
G1 X62.143 Y132.024 E.01549
G1 X70.996 Y140.877 E.33785
G1 X70.996 Y140.303 E.01549
G1 X62.143 Y131.45 E.33785
G1 X62.143 Y130.877 E.01546
G1 X70.996 Y139.729 E.33783
G1 X70.996 Y139.156 E.01546
G1 X62.143 Y130.303 E.33785
G1 X62.143 Y129.729 E.01549
G1 X70.996 Y138.582 E.33785
G1 X70.996 Y138.008 E.01549
G1 X62.143 Y129.156 E.33783
G1 X62.143 Y128.582 E.01549
G1 X70.996 Y137.434 E.33783
G1 X70.996 Y136.861 E.01546
G1 X62.143 Y128.008 E.33785
G1 X62.143 Y127.434 E.01549
G1 X70.996 Y136.287 E.33785
G1 X70.996 Y135.713 E.01549
G1 X62.143 Y126.861 E.33783
G1 X62.143 Y126.287 E.01549
G1 X70.996 Y135.14 E.33785
G1 X70.996 Y134.566 E.01549
G1 X62.143 Y125.713 E.33785
G1 X62.143 Y125.14 E.01546
G1 X70.996 Y133.992 E.33783
G1 X70.996 Y133.419 E.01546
G1 X62.143 Y124.566 E.33785
G1 X62.143 Y123.992 E.01549
G1 X70.996 Y132.845 E.33785
G1 X70.996 Y132.271 E.01549
G1 X62.143 Y123.419 E.33783
G1 X62.143 Y122.845 E.01549
G1 X70.996 Y131.698 E.33785
G1 X70.996 Y131.124 E.01549
G1 X62.143 Y122.271 E.33785
G1 X62.143 Y121.697 E.01549
G1 X70.996 Y130.55 E.33785
G1 X70.996 Y129.976 E.01549
G1 X62.143 Y121.124 E.33783
G1 X62.143 Y120.55 E.01549
G1 X70.996 Y129.403 E.33785
G1 X70.996 Y128.829 E.01549
G1 X62.143 Y119.976 E.33785
G1 X62.143 Y119.403 E.01546
G1 X70.996 Y128.255 E.33783
G1 X70.996 Y127.682 E.01546
G1 X62.143 Y118.829 E.33785
G1 X62.143 Y118.255 E.01549
G1 X70.996 Y127.108 E.33785
G1 X70.996 Y126.534 E.01549
G1 X62.143 Y117.682 E.33783
G1 X62.143 Y117.108 E.01549
G1 X70.996 Y125.961 E.33785
G1 X70.996 Y125.387 E.01549
G1 X62.143 Y116.534 E.33785
G1 X62.143 Y115.961 E.01546
G1 X70.996 Y124.813 E.33783
G1 X70.996 Y124.239 E.01549
G1 X62.143 Y115.387 E.33783
G1 X62.143 Y114.813 E.01549
G1 X70.996 Y123.666 E.33785
G1 X70.996 Y123.092 E.01549
G1 X62.143 Y114.239 E.33785
G1 X62.143 Y113.666 E.01546
G1 X70.996 Y122.518 E.33783
G1 X70.996 Y121.945 E.01546
G1 X62.143 Y113.092 E.33785
G1 X62.143 Y112.518 E.01549
G1 X70.996 Y121.371 E.33785
G1 X70.996 Y120.797 E.01549
G1 X62.143 Y111.945 E.33783
G1 X62.143 Y111.371 E.01549
G1 X70.996 Y120.224 E.33785
G1 X70.996 Y119.65 E.01549
G1 X62.143 Y110.797 E.33785
G1 X62.143 Y110.224 E.01546
G1 X70.996 Y119.076 E.33783
G1 X70.996 Y118.503 E.01546
G1 X62.143 Y109.65 E.33785
G1 X62.143 Y109.076 E.01549
G1 X70.996 Y117.929 E.33785
G1 X70.996 Y117.355 E.01549
G1 X62.143 Y108.503 E.33783
G1 X62.143 Y107.929 E.01549
G1 X70.996 Y116.781 E.33783
G1 X70.996 Y116.208 E.01546
G1 X62.143 Y107.355 E.33785
G1 X62.143 Y106.781 E.01549
G1 X70.996 Y115.634 E.33785
G1 X70.996 Y115.06 E.01549
G1 X62.143 Y106.208 E.33783
G1 X62.143 Y105.634 E.01549
G1 X70.996 Y114.487 E.33785
G1 X70.996 Y113.913 E.01549
G1 X62.143 Y105.06 E.33785
G1 X62.143 Y104.487 E.01546
G1 X70.996 Y113.339 E.33783
G1 X70.996 Y112.766 E.01546
G1 X62.143 Y103.913 E.33785
G1 X62.143 Y103.339 E.01549
G1 X70.996 Y112.192 E.33785
G1 X70.996 Y111.618 E.01549
G1 X62.143 Y102.766 E.33783
G1 X62.143 Y102.192 E.01549
G1 X70.996 Y111.045 E.33785
G1 X70.996 Y110.471 E.01549
G1 X62.143 Y101.618 E.33785
G1 X62.143 Y101.044 E.01549
G1 X70.996 Y109.897 E.33785
G1 X70.996 Y109.323 E.01549
G1 X62.143 Y100.471 E.33783
G1 X62.143 Y99.897 E.01549
G1 X70.996 Y108.75 E.33785
G1 X71.05 Y108.586 E.00466
;WIDTH:0.407168
G1 X71.104 Y108.422 E.00428
;WIDTH:0.374336
G1 X71.084 Y108.493 E.00167
G1 X71.156 Y108.474 E.00168
G1 X71.145 Y108.433 E.00096
G1 E-3.5
;WIPE_START
G1 F7200
G1 X71.156 Y108.474 E-.02016
G1 X71.084 Y108.493 E-.03537
G1 X71.104 Y108.422 E-.03504
G1 X71.05 Y108.586 E-.08201
G1 X70.996 Y108.75 E-.08201
G1 X69.142 Y106.896 E-1.24541
;WIPE_END
G1 X66.341 Y103.299 F9000
G1 E5 F2400
G1 F3600
G1 X66.193 Y103.257 E.00348
G1 X65.973 Y103.235 E.005
G1 X65.686 Y103.014 E.00819
G1 X65.279 Y102.634 E.01259
G1 X64.805 Y102.066 E.01673
;WIDTH:0.407168
G1 X64.702 Y101.922 E.00439
;WIDTH:0.439999
G1 X64.598 Y101.779 E.00477
G1 X62.143 Y99.323 E.09371
G1 X62.143 Y98.75 E.01546
G1 X64.427 Y101.034 E.08716
G1 E-3.5
;WIPE_START
G1 F7200
G1 X62.194 Y98.801 E-1.5
;WIPE_END
G1 X62.328 Y98.361 F9000
G1 E5 F2400
G1 F3600
G1 X64.416 Y100.447 E.07964
G1 X64.53 Y99.863 E.01606
G1 X64.757 Y99.324 E.01578
G1 X64.856 Y99.168 E.00499
G1 X62.143 Y96.455 E.10353
G1 X62.143 Y98.319 E.0503
G1 X62.549 Y98.008 E.0138
G1 X62.549 Y97.434 E.01549
G1 X64.352 Y99.238 E.06883
G1 X64.179 Y99.639 E.01178
G1 X62.692 Y98.151 E.05677
G1 E-3.5
;WIPE_START
G1 F7200
G1 X64.179 Y99.639 E-.99923
G1 X64.352 Y99.238 E-.20745
G1 X63.915 Y98.801 E-.29332
;WIPE_END
G1 X62.143 Y95.881 F9000
G1 E5 F2400
G1 F3600
G1 X65.093 Y98.832 E.1126
G1 X65.38 Y98.545 E.01095
G1 X62.143 Y95.308 E.12353
G1 X62.143 Y94.734 E.01549
G1 X65.701 Y98.292 E.13578
G1 X66.068 Y98.085 E.01137
G1 X62.143 Y94.16 E.14979
G1 X62.143 Y93.586 E.01549
G1 X66.483 Y97.927 E.16564
G1 X66.959 Y97.829 E.01311
G1 X62.143 Y93.013 E.18379
G1 X62.143 Y92.439 E.01549
G1 X67.517 Y97.813 E.20508
G1 X68.226 Y97.948 E.01948
G1 X62.143 Y91.865 E.23214
G1 E-3.5
;WIPE_START
G1 F7200
G1 X64.376 Y94.098 E-1.5
;WIPE_END
G1 X68.512 Y98.137 F9000
G1 E5 F2400
;WIDTH:0.374336
G1 F3600
G1 X68.92 Y98.447 E.01159
G1 X68.674 Y98.259 E.007
G1 E-3.5
;WIPE_START
G1 F7200
G1 X68.92 Y98.447 E-.14707
G1 X68.512 Y98.137 E-.24339
;WIPE_END
G1 E-1.10954 F3600
G1 X66.26 Y103.441 F9000
G1 E5 F2400
;WIDTH:0.439999
G1 F3600
G1 X70.996 Y108.176 E.18072
G1 X70.996 Y107.602 E.01549
G1 X67.016 Y103.623 E.15187
G1 X67.593 Y103.626 E.01557
G1 X70.996 Y107.029 E.12987
G1 X70.996 Y106.455 E.01549
G1 X68.081 Y103.541 E.11122
G1 X68.503 Y103.389 E.0121
G1 X70.996 Y105.881 E.09512
G1 X71.199 Y105.433 E.01327
;WIDTH:0.374336
G1 X71.21 Y105.474 E.00096
G1 X71.139 Y105.493 E.00166
G1 X71.158 Y105.422 E.00166
;WIDTH:0.407168
G1 X71.077 Y105.365 E.00246
;WIDTH:0.439999
G1 X70.996 Y105.308 E.00267
G1 X68.877 Y103.189 E.08087
G1 E-3.5
;WIPE_START
G1 F7200
G1 X70.996 Y105.308 E-1.42344
G1 X71.077 Y105.365 E-.04705
G1 X71.128 Y105.401 E-.02951
;WIPE_END
G1 X70.127 Y100.001 F9000
G1 E5 F2400
G1 F3600
G1 X70.205 Y100.334 E.00923
G1 X70.225 Y100.955 E.01677
G1 X70.109 Y101.582 E.01721
G1 X69.882 Y102.12 E.01576
G1 X69.554 Y102.6 E.01569
G1 X69.196 Y102.934 E.01321
G1 X70.996 Y104.734 E.06869
G1 X70.996 Y100.293 E.11984
G1 X70.927 Y100.362 E.00263
G1 X70.723 Y100.413 E.00567
G1 X70.081 Y99.804 E.02388
G1 X70.783 Y99.932 E.01926
G1 X62.143 Y91.292 E.32972
G1 X62.143 Y90.718 E.01549
G1 X70.996 Y99.571 E.33785
G1 X70.996 Y98.997 E.01549
G1 X62.143 Y90.144 E.33785
G1 X62.143 Y89.571 E.01546
G1 X70.996 Y98.423 E.33783
G1 X70.996 Y97.85 E.01546
G1 X62.143 Y88.997 E.33785
G1 X62.143 Y88.423 E.01549
G1 X70.996 Y97.276 E.33785
G1 X70.996 Y96.702 E.01549
G1 X62.143 Y87.85 E.33783
G1 X62.143 Y87.276 E.01549
G1 X70.996 Y96.128 E.33783
G1 X70.996 Y95.555 E.01546
G1 X62.143 Y86.702 E.33785
G1 X62.143 Y86.128 E.01549
G1 X70.996 Y94.981 E.33785
G1 X70.996 Y94.407 E.01549
G1 X62.143 Y85.555 E.33783
G1 X62.143 Y84.981 E.01549
G1 X70.996 Y93.834 E.33785
G1 X70.996 Y93.26 E.01549
G1 X62.143 Y84.407 E.33785
G1 X62.143 Y83.834 E.01546
G1 X70.996 Y92.686 E.33783
G1 X70.996 Y92.113 E.01546
G1 X62.143 Y83.26 E.33785
G1 X62.143 Y82.686 E.01549
G1 X70.996 Y91.539 E.33785
G1 X70.996 Y90.965 E.01549
G1 X62.143 Y82.113 E.33783
G1 X62.143 Y81.539 E.01549
G1 X70.996 Y90.392 E.33785
G1 X70.996 Y89.818 E.01549
G1 X62.143 Y80.965 E.33785
G1 X62.143 Y80.392 E.01546
G1 X70.996 Y89.244 E.33783
G1 X70.996 Y88.67 E.01549
G1 X62.143 Y79.818 E.33783
G1 X62.143 Y79.244 E.01549
G1 X70.996 Y88.097 E.33785
G1 X70.996 Y87.523 E.01549
G1 X62.143 Y78.67 E.33785
G1 X62.143 Y78.097 E.01546
G1 X70.996 Y86.949 E.33783
G1 X70.996 Y86.376 E.01546
G1 X62.143 Y77.523 E.33785
G1 X62.143 Y76.949 E.01549
G1 X70.996 Y85.802 E.33785
G1 X70.996 Y85.228 E.01549
G1 X62.143 Y76.376 E.33783
G1 X62.143 Y75.802 E.01549
G1 X70.996 Y84.655 E.33785
G1 X70.996 Y84.081 E.01549
G1 X62.143 Y75.228 E.33785
G1 X62.143 Y74.655 E.01546
G1 X70.996 Y83.507 E.33783
G1 X70.996 Y82.934 E.01546
G1 X62.143 Y74.081 E.33785
G1 X62.143 Y73.507 E.01549
G1 X70.996 Y82.36 E.33785
G1 X70.996 Y81.786 E.01549
G1 X62.143 Y72.933 E.33785
G1 X62.143 Y72.36 E.01546
G1 X70.996 Y81.212 E.33783
G1 X70.996 Y80.639 E.01546
G1 X62.143 Y71.786 E.33785
G1 X62.143 Y71.212 E.01549
G1 X70.996 Y80.065 E.33785
G1 X70.996 Y79.491 E.01549
G1 X62.143 Y70.639 E.33783
G1 X62.143 Y70.065 E.01549
G1 X70.996 Y78.918 E.33785
G1 X70.996 Y78.344 E.01549
G1 X62.143 Y69.491 E.33785
G1 X62.143 Y68.918 E.01546
G1 X70.996 Y77.77 E.33783
G1 X70.996 Y77.197 E.01546
G1 X62.143 Y68.344 E.33785
G1 X62.143 Y67.77 E.01549
G1 X70.996 Y76.623 E.33785
G1 X70.996 Y76.049 E.01549
G1 X62.143 Y67.197 E.33783
G1 X62.143 Y66.623 E.01549
G1 X70.996 Y75.475 E.33783
G1 X70.996 Y74.902 E.01546
G1 X62.143 Y66.049 E.33785
G1 X62.143 Y65.475 E.01549
G1 X70.996 Y74.328 E.33785
G1 X70.996 Y73.754 E.01549
G1 X62.143 Y64.902 E.33783
G1 X62.143 Y64.328 E.01549
G1 X70.996 Y73.181 E.33785
G1 X70.996 Y72.607 E.01549
G1 X62.143 Y63.754 E.33785
G1 X62.143 Y63.181 E.01546
G1 X70.996 Y72.033 E.33783
G1 X70.996 Y71.46 E.01546
G1 X62.143 Y62.607 E.33785
G1 X62.143 Y62.033 E.01549
G1 X70.996 Y70.886 E.33785
G1 X70.996 Y70.312 E.01549
G1 X62.143 Y61.46 E.33783
G1 X62.143 Y60.886 E.01549
G1 X70.996 Y69.739 E.33785
G1 X70.996 Y69.165 E.01549
G1 X62.143 Y60.312 E.33785
G1 X62.143 Y59.739 E.01546
G1 X70.996 Y68.591 E.33783
G1 X70.996 Y68.017 E.01549
G1 X62.143 Y59.165 E.33783
G1 X62.143 Y58.591 E.01549
G1 X70.996 Y67.444 E.33785
G1 X70.996 Y66.87 E.01549
G1 X62.143 Y58.017 E.33785
G1 X62.143 Y57.444 E.01546
G1 X70.996 Y66.296 E.33783
G1 X70.996 Y65.723 E.01546
G1 X62.143 Y56.87 E.33785
G1 X62.143 Y56.296 E.01549
G1 X70.996 Y65.149 E.33785
G1 X70.996 Y64.575 E.01549
G1 X62.143 Y55.723 E.33783
G1 X62.143 Y55.149 E.01549
G1 X70.996 Y64.002 E.33785
G1 X70.996 Y63.428 E.01549
G1 X62.143 Y54.575 E.33785
G1 X62.143 Y54.002 E.01546
G1 X70.996 Y62.854 E.33783
G1 X70.996 Y62.281 E.01546
G1 X62.143 Y53.428 E.33785
G1 X62.143 Y52.854 E.01549
G1 X70.996 Y61.707 E.33785
G1 X70.996 Y61.133 E.01549
G1 X62.143 Y52.28 E.33785
G1 X62.143 Y51.707 E.01546
G1 X70.996 Y60.559 E.33783
G1 X70.996 Y59.986 E.01546
G1 X62.143 Y51.133 E.33785
G1 X62.143 Y50.559 E.01549
G1 X70.996 Y59.412 E.33785
G1 X70.996 Y58.838 E.01549
G1 X62.143 Y49.986 E.33783
G1 X62.143 Y49.412 E.01549
G1 X70.996 Y58.265 E.33785
G1 X70.996 Y57.691 E.01549
G1 X62.143 Y48.838 E.33785
G1 X62.143 Y48.265 E.01546
G1 X70.996 Y57.117 E.33783
G1 X70.996 Y56.544 E.01546
G1 X62.143 Y47.691 E.33785
G1 X62.143 Y47.117 E.01549
G1 X70.996 Y55.97 E.33785
G1 X70.996 Y55.396 E.01549
G1 X62.143 Y46.544 E.33783
G1 X62.143 Y45.97 E.01549
G1 X70.996 Y54.823 E.33785
G1 X70.996 Y54.249 E.01549
G1 X62.143 Y45.396 E.33785
G1 X62.143 Y44.822 E.01549
G1 X70.996 Y53.675 E.33785
G1 X70.996 Y53.101 E.01549
G1 X62.143 Y44.249 E.33783
G1 X62.143 Y43.675 E.01549
G1 X70.996 Y52.528 E.33785
G1 X70.996 Y51.954 E.01549
G1 X62.143 Y43.101 E.33785
G1 X62.143 Y42.528 E.01546
G1 X70.996 Y51.38 E.33783
G1 X70.996 Y50.807 E.01546
G1 X62.143 Y41.954 E.33785
G1 X62.143 Y41.38 E.01549
G1 X70.996 Y50.233 E.33785
G1 X70.996 Y49.659 E.01549
G1 X62.143 Y40.807 E.33783
G1 X62.143 Y40.233 E.01549
G1 X70.996 Y49.086 E.33785
G1 X70.996 Y48.512 E.01549
G1 X62.143 Y39.659 E.33785
G1 X62.143 Y39.086 E.01546
G1 X70.996 Y47.938 E.33783
G1 X70.996 Y47.364 E.01549
G1 X62.143 Y38.512 E.33783
G1 X62.143 Y37.938 E.01549
G1 X70.996 Y46.791 E.33785
G1 X70.996 Y46.217 E.01549
G1 X62.143 Y37.364 E.33785
G1 X62.143 Y36.791 E.01546
G1 X70.996 Y45.643 E.33783
G1 X70.996 Y45.07 E.01546
G1 X62.143 Y36.217 E.33785
G1 X62.143 Y35.643 E.01549
G1 X70.996 Y44.496 E.33785
G1 X70.996 Y43.922 E.01549
G1 X62.143 Y35.07 E.33783
G1 X62.143 Y34.496 E.01549
G1 X70.996 Y43.349 E.33785
G1 X70.996 Y42.775 E.01549
G1 X62.143 Y33.922 E.33785
G1 X62.143 Y33.349 E.01546
G1 X70.996 Y42.201 E.33783
G1 X70.996 Y41.628 E.01546
G1 X62.143 Y32.775 E.33785
G1 X62.143 Y32.201 E.01549
G1 X70.996 Y41.054 E.33785
G1 X70.996 Y40.48 E.01549
G1 X62.143 Y31.628 E.33783
G1 X62.143 Y31.054 E.01549
G1 X70.996 Y39.906 E.33783
G1 X70.996 Y39.333 E.01546
G1 X62.143 Y30.48 E.33785
G1 X62.143 Y29.906 E.01549
G1 X70.996 Y38.759 E.33785
G1 X70.996 Y38.185 E.01549
G1 X62.143 Y29.333 E.33783
G1 X62.143 Y28.759 E.01549
G1 X70.996 Y37.612 E.33785
G1 X70.996 Y37.038 E.01549
G1 X62.143 Y28.185 E.33785
G1 X62.143 Y27.612 E.01546
G1 X70.996 Y36.464 E.33783
G1 X70.996 Y35.891 E.01546
G1 X62.143 Y27.038 E.33785
G1 X62.143 Y26.464 E.01549
G1 X70.996 Y35.317 E.33785
G1 X70.996 Y34.743 E.01549
G1 X62.143 Y25.891 E.33783
G1 X62.143 Y25.317 E.01549
G1 X70.996 Y34.17 E.33785
G1 X71.201 Y33.719 E.01337
;WIDTH:0.403556
G1 X71.213 Y33.764 E.00114
G1 X71.136 Y33.784 E.00195
G1 X71.157 Y33.707 E.00196
;WIDTH:0.439999
G1 X70.996 Y33.596 E.00528
G1 X62.143 Y24.743 E.33785
G1 X62.143 Y24.169 E.01549
G1 X64.524 Y26.55 E.09086
G1 X64.61 Y26.673 E.00405
;WIDTH:0.407168
G1 X64.697 Y26.796 E.00374
;WIDTH:0.374336
G1 X64.678 Y26.867 E.00166
G1 X64.749 Y26.848 E.00166
G1 X64.738 Y26.807 E.00096
G1 X64.423 Y25.876 F9000
;WIDTH:0.439999
G1 F3600
G1 X62.143 Y23.596 E.08701
G1 X62.328 Y23.208 E.0116
G1 X64.442 Y25.321 E.08066
G1 X64.543 Y24.821 E.01376
G1 X64.757 Y24.324 E.0146
G1 X64.919 Y24.077 E.00797
G1 X62.143 Y21.301 E.10594
G1 X62.143 Y23.166 E.05033
G1 X62.549 Y22.854 E.01382
G1 X62.549 Y22.28 E.01549
G1 X64.401 Y24.133 E.0707
G1 X64.226 Y24.531 E.01173
G1 X62.692 Y22.997 E.05854
G1 E-3.5
;WIPE_START
G1 F7200
G1 X64.226 Y24.531 E-1.03047
G1 X64.401 Y24.133 E-.20652
G1 X64.01 Y23.741 E-.26301
;WIPE_END
G1 X62.143 Y20.727 F9000
G1 E5 F2400
G1 F3600
G1 X65.167 Y23.751 E.1154
G1 X65.462 Y23.472 E.01096
G1 X62.143 Y20.154 E.12664
G1 X62.143 Y19.58 E.01549
G1 X65.797 Y23.234 E.13945
G1 X66.173 Y23.037 E.01145
G1 X62.143 Y19.006 E.15381
G1 X61.286 Y17.533 F9000
;WIDTH:0.38015
G1 F3600
G1 X61.442 Y17.633 E.00426
;WIDTH:0.374336
G1 X61.903 Y18.102 E.01487
;WIDTH:0.407168
G1 X62.001 Y18.245 E.0043
;WIDTH:0.439999
G1 X62.099 Y18.388 E.00468
G1 X66.602 Y22.891 E.17184
G1 X67.096 Y22.811 E.0135
G1 X61.33 Y17.046 E.22002
G1 X61.903 Y17.046 E.01546
G1 X67.684 Y22.826 E.2206
G1 X67.841 Y22.891 E.00459
;WIDTH:0.407168
G1 X67.998 Y22.955 E.0042
;WIDTH:0.374336
G1 X68.009 Y22.996 E.00096
G1 X67.938 Y23.015 E.00166
G1 X67.957 Y22.944 E.00166
G1 E-3.5
;WIPE_START
G1 F7200
G1 X67.938 Y23.015 E-.03491
G1 X68.009 Y22.996 E-.03491
G1 X67.998 Y22.955 E-.02016
G1 X67.841 Y22.891 E-.08053
G1 X67.684 Y22.826 E-.08071
G1 X65.825 Y20.967 E-1.24878
;WIPE_END
G1 X65.731 Y27.973 F9000
G1 E5 F2400
G1 F3600
G1 X66.205 Y28.331 E.01343
;WIDTH:0.407168
G1 X66.348 Y28.424 E.00423
;WIDTH:0.439999
G1 X66.491 Y28.518 E.00462
G1 X70.996 Y33.022 E.1719
G1 X71.05 Y33.145 E.00362
;WIDTH:0.407168
G1 X71.104 Y33.268 E.00333
;WIDTH:0.374336
G1 X71.084 Y33.339 E.00167
G1 X71.156 Y33.32 E.00168
G1 X71.145 Y33.279 E.00096
G1 X70.996 Y32.448 F9000
;WIDTH:0.439999
G1 F3600
G1 X67.183 Y28.636 E.14549
G1 X67.73 Y28.609 E.01478
G1 X70.996 Y31.875 E.12464
G1 X70.996 Y31.301 E.01549
G1 X68.197 Y28.503 E.1068
G1 X68.609 Y28.341 E.01195
G1 X70.996 Y30.727 E.09107
G1 E-3.5
;WIPE_START
G1 F7200
G1 X68.763 Y28.494 E-1.5
;WIPE_END
G1 X69.108 Y28.266 F9000
G1 E5 F2400
G1 F3600
G1 X70.996 Y30.154 E.07205
G1 X70.996 Y25.344 E.1298
G1 X70.841 Y25.38 E.00429
G1 X70.736 Y25.304 E.0035
G1 X70.504 Y25.499 E.00818
G1 X70.305 Y25.448 E.00554
G1 X70.211 Y25.375 E.00321
G1 X70.225 Y25.955 E.01566
G1 X70.109 Y26.582 E.01721
G1 X69.882 Y27.12 E.01576
G1 X69.554 Y27.6 E.01569
G1 X69.138 Y28.006 E.01569
G1 X68.965 Y28.123 E.00564
G1 X69.569 Y28.154 E.01632
G1 X69.888 Y27.831 E.01225
G1 X70.255 Y27.281 E.01784
G1 X70.507 Y26.658 E.01813
G1 X70.605 Y26.072 E.01603
G1 X70.59 Y29.174 E.08371
G1 X69.713 Y28.297 E.03347
G1 X70.154 Y28.104 E.01299
;WIDTH:0.47194
G1 X70.116 Y28.142 E.00156
G1 X70.13 Y28.195 E.0016
G1 X70.183 Y28.209 E.0016
G1 X70.221 Y28.171 E.00156
G1 X70.207 Y28.118 E.0016
G1 E-3.5
;WIPE_START
G1 F7200
G1 X70.221 Y28.171 E-.02604
G1 X70.183 Y28.209 E-.02553
G1 X70.13 Y28.195 E-.02604
G1 X70.116 Y28.142 E-.02604
G1 X70.154 Y28.104 E-.02553
G1 X69.713 Y28.297 E-.22866
G1 X70.59 Y29.174 E-.58913
G1 X70.596 Y28.01 E-.55303
;WIPE_END
G1 X70.449 Y25.017 F9000
G1 E5 F2400
;WIDTH:0.439999
G1 F3600
G1 X69.999 Y24.568 E.01715
G1 X69.786 Y24.281 E.00964
;WIDTH:0.374336
G1 X69.207 Y23.631 E.01969
G1 X68.758 Y23.246 E.01338
;WIDTH:0.407168
G1 X68.614 Y23.143 E.00439
;WIDTH:0.439999
G1 X68.471 Y23.039 E.00477
G1 X62.477 Y17.046 E.22873
G1 X63.051 Y17.046 E.01549
G1 X70.906 Y24.901 E.29976
G1 X70.996 Y24.417 E.01328
G1 X63.624 Y17.046 E.28131
G1 X64.198 Y17.046 E.01549
G1 X70.996 Y23.843 E.25941
G1 X70.996 Y23.269 E.01549
G1 X64.772 Y17.046 E.2375
G1 X65.346 Y17.046 E.01549
G1 X70.996 Y22.696 E.21562
G1 X70.996 Y22.122 E.01549
G1 X65.919 Y17.046 E.19373
G1 X66.493 Y17.046 E.01549
G1 X70.996 Y21.548 E.17183
G1 X70.996 Y20.975 E.01546
G1 X67.067 Y17.046 E.14994
G1 X67.64 Y17.046 E.01546
G1 X70.996 Y20.401 E.12805
G1 X70.996 Y19.827 E.01549
G1 X68.214 Y17.046 E.10615
G1 X68.788 Y17.046 E.01549
G1 X70.996 Y19.253 E.08424
G1 E-3.5
;WIPE_START
G1 F7200
G1 X68.788 Y17.046 E-1.48289
G1 X68.752 Y17.046 E-.01711
;WIPE_END
G1 X69.505 Y17.189 F9000
G1 E5 F2400
G1 F3600
G1 X70.996 Y18.68 E.0569
G1 X70.996 Y17.046 E.04409
G1 X69.361 Y17.046 E.04412
G1 X70.499 Y17.458 F9000
;WIDTH:0.58599
G1 F3600
G1 X70.45 Y17.506 E.00252
G1 X70.468 Y17.573 E.00255
G1 X70.535 Y17.591 E.00255
G1 X70.584 Y17.542 E.00254
G1 X70.566 Y17.475 E.00255
G1 E-3.5
;WIPE_START
G1 F7200
G1 X70.584 Y17.542 E-.03295
G1 X70.535 Y17.591 E-.03292
G1 X70.468 Y17.573 E-.03295
G1 X70.45 Y17.506 E-.03295
G1 X70.499 Y17.458 E-.03258
;WIPE_END
G1 E-1.33565 F3600
G1 X70.519 Y101.847 F9000
G1 E5 F2400
;WIDTH:0.582256
G1 F3600
G1 X70.519 Y103.583 E.06327
G1 X69.882 Y102.945 E.03286
G1 X70.32 Y102.309 E.02815
G1 X70.439 Y102.033 E.01095
G1 E-3.5
;WIPE_START
G1 F7200
G1 X70.32 Y102.309 E-.14277
G1 X69.882 Y102.945 E-.36681
G1 X70.519 Y103.583 E-.42824
G1 X70.519 Y102.399 E-.56218
;WIPE_END
G1 X70.602 Y175.843 F9000
G1 E5 F2400
;WIDTH:0.44008
G1 F3600
G1 X70.59 Y178.908 E.08273
G1 X69.71 Y178.029 E.03357
G1 X70.113 Y177.522 E.01748
G1 X70.416 Y176.926 E.01805
G1 X70.534 Y176.518 E.01146
G1 E-3.5
;WIPE_START
G1 F7200
G1 X70.416 Y176.926 E-.20174
G1 X70.113 Y177.522 E-.31758
G1 X69.71 Y178.029 E-.30764
G1 X70.59 Y178.908 E-.59081
G1 X70.591 Y178.735 E-.08223
;WIPE_END
G1 X25.62 Y100.767 F9000
G1 E5 F2400
;WIDTH:0.43999
G1 F3600
G1 X25.619 Y101.079 E.00842
G1 X25.643 Y101.16 E.00228
G1 X27.09 Y102.607 E.05522
G1 X27.09 Y102.033 E.01549
G1 X25.621 Y100.565 E.05604
G1 E-3.5
;WIPE_START
G1 F7200
G1 X27.09 Y102.033 E-.98647
G1 X27.09 Y102.607 E-.27265
G1 X26.731 Y102.249 E-.24088
;WIPE_END
G1 X18.788 Y176.065 F9000
G1 E5 F2400
;WIDTH:0.439999
G1 F3600
G1 X18.968 Y176.004 E.00513
G1 X19.237 Y176.219 E.00929
G1 X19.527 Y176.508 E.01105
G1 X19.428 Y176.069 E.01214
G1 X19.414 Y175.49 E.01563
G1 X19.53 Y174.863 E.01721
G1 X19.757 Y174.324 E.01578
G1 X20.085 Y173.844 E.01569
G1 X20.501 Y173.438 E.01569
G1 X20.99 Y173.123 E.0157
G1 X21.214 Y173.032 E.00652
G1 X18.643 Y170.461 E.09812
G1 X18.643 Y176.206 E.15503
G1 X19.03 Y175.622 E.01891
;WIDTH:0.410104
G1 X19.034 Y175.373 E.00622
;WIDTH:0.439999
G1 X19.049 Y174.778 E.01606
G1 X19.049 Y171.441 E.09005
G1 X20.537 Y172.93 E.0568
G1 X20.22 Y173.145 E.01034
G1 X19.751 Y173.613 E.01788
G1 X19.384 Y174.163 E.01784
G1 X19.131 Y174.786 E.01814
G1 X19.067 Y175.173 E.01058
G1 X19.447 Y173.358 F9000
;WIDTH:0.425805
G1 F3600
G1 X19.447 Y172.403 E.02487
G1 X19.923 Y172.878 E.01751
G1 X19.59 Y173.214 E.01232
G1 E-3.5
;WIPE_START
G1 F7200
G1 X19.923 Y172.878 E-.2247
G1 X19.447 Y172.403 E-.31942
G1 X19.447 Y173.358 E-.45363
;WIPE_END
G1 E-.50225 F3600
G1 X21.639 Y172.884 F9000
G1 E5 F2400
;WIDTH:0.439999
G1 F3600
G1 X18.643 Y169.888 E.11433
G1 X18.503 Y169.699 E.00635
;WIDTH:0.409006
G1 X18.515 Y169.744 E.00116
G1 X18.437 Y169.765 E.00201
G1 X18.458 Y169.687 E.00201
;WIDTH:0.439999
G1 X18.643 Y169.314 E.01124
G1 X22.137 Y172.808 E.13334
G1 X23.01 Y172.946 F9000
;WIDTH:0.374336
G1 F3600
G1 X22.991 Y173.017 E.00166
G1 X23.062 Y172.998 E.00166
G1 X23.051 Y172.957 E.00096
;WIDTH:0.407168
G1 X22.892 Y172.894 E.00424
;WIDTH:0.439999
G1 X22.734 Y172.831 E.00459
G1 X18.643 Y168.74 E.15612
G1 X18.643 Y168.167 E.01546
G1 X23.555 Y173.079 E.18745
G1 E-3.5
;WIPE_START
G1 F7200
G1 X21.322 Y170.846 E-1.5
;WIPE_END
G1 X25.615 Y175.713 F9000
G1 E5 F2400
;WIDTH:0.43999
G1 F3600
G1 X27.09 Y177.187 E.05627
G1 X27.09 Y177.761 E.01549
G1 X25.599 Y176.27 E.0569
G1 X25.609 Y175.915 E.00958
G1 E-3.5
;WIPE_START
G1 F7200
G1 X25.599 Y176.27 E-.16869
G1 X27.09 Y177.761 E-1.00158
G1 X27.09 Y177.187 E-.27265
G1 X27.005 Y177.102 E-.05708
;WIPE_END
G1 X18.737 Y184.304 F9000
G1 E5 F2400
;WIDTH:0.538422
G1 F3600
G1 X18.753 Y184.365 E.00211
G1 X18.709 Y184.41 E.00211
G1 X18.648 Y184.394 E.00211
G1 X18.631 Y184.333 E.00212
G1 X18.676 Y184.288 E.00213
;WIDTH:0.439999
G1 X19.385 Y184.398 E.01936
G1 X18.643 Y183.656 E.02832
G1 X18.502 Y183.468 E.00634
;WIDTH:0.402602
G1 X18.514 Y183.513 E.00114
G1 X18.437 Y183.533 E.00195
G1 X18.458 Y183.456 E.00196
;WIDTH:0.439999
G1 X18.643 Y183.083 E.01124
G1 X19.958 Y184.398 E.05018
G1 X20.532 Y184.398 E.01549
G1 X18.643 Y182.509 E.07209
G1 X18.643 Y181.935 E.01549
G1 X21.106 Y184.398 E.09399
G1 X21.68 Y184.398 E.01549
G1 X18.643 Y181.362 E.11588
G1 X18.643 Y180.788 E.01549
G1 X22.253 Y184.398 E.13777
G1 X22.827 Y184.398 E.01549
G1 X18.643 Y180.214 E.15967
G1 X18.643 Y179.641 E.01546
G1 X23.401 Y184.398 E.18156
G1 X23.974 Y184.398 E.01546
G1 X18.643 Y179.067 E.20344
G1 X18.643 Y178.493 E.01549
G1 X24.548 Y184.398 E.22535
G1 X25.122 Y184.398 E.01549
G1 X18.643 Y177.92 E.24723
G1 X18.643 Y177.346 E.01549
G1 X25.695 Y184.398 E.26912
G1 X26.269 Y184.398 E.01549
G1 X18.643 Y176.772 E.29103
G1 X18.936 Y176.491 E.01095
G1 X26.843 Y184.398 E.30175
G1 X27.416 Y184.398 E.01546
G1 X21.546 Y178.528 E.22401
G1 X21.418 Y178.424 E.00445
;WIDTH:0.407168
G1 X21.29 Y178.32 E.00409
;WIDTH:0.374336
G1 X21.301 Y178.361 E.00096
G1 X21.229 Y178.38 E.00168
G1 X21.248 Y178.309 E.00166
G1 X22.228 Y178.636 F9000
;WIDTH:0.439999
G1 F3600
G1 X27.496 Y183.904 E.20104
G1 X27.496 Y183.33 E.01549
G1 X22.767 Y178.601 E.18047
G1 X23.227 Y178.487 E.01279
G1 X27.496 Y182.756 E.16291
G1 X27.496 Y182.183 E.01546
G1 X23.64 Y178.326 E.14717
G1 X23.996 Y178.11 E.01124
G1 X27.496 Y181.609 E.13355
G1 X27.496 Y181.035 E.01549
G1 X24.312 Y177.852 E.12149
G1 X24.589 Y177.555 E.01096
G1 X27.496 Y180.462 E.11094
G1 X27.496 Y179.888 E.01549
G1 X24.825 Y177.217 E.10193
G1 X25.019 Y176.837 E.01151
G1 X27.496 Y179.314 E.09453
G1 E-3.5
;WIPE_START
G1 F7200
G1 X25.263 Y177.081 E-1.5
;WIPE_END
G1 X25.026 Y174.647 F9000
G1 E5 F2400
G1 F3600
G1 X25.063 Y174.727 E.00238
G1 X25.205 Y175.334 E.01682
G1 X25.208 Y176.155 E.02215
G1 X25.162 Y176.407 E.00691
G1 X27.496 Y178.74 E.08905
G1 X27.496 Y176.876 E.0503
G1 X27.352 Y176.876 E.00389
G1 X24.94 Y174.463 E.09207
G1 X24.845 Y174.332 E.00437
;WIDTH:0.407168
G1 X24.75 Y174.201 E.00401
;WIDTH:0.374336
G1 X24.372 Y173.772 E.01293
G1 X23.842 Y173.296 E.01611
G1 E-3.5
;WIPE_START
G1 F7200
G1 X24.372 Y173.772 E-.33838
G1 X24.75 Y174.201 E-.27159
G1 X24.845 Y174.332 E-.07686
G1 X24.94 Y174.463 E-.07686
G1 X26.036 Y175.559 E-.73631
;WIPE_END
G1 X27.496 Y176.446 F9000
G1 E5 F2400
;WIDTH:0.439999
G1 F3600
G1 X18.643 Y167.593 E.33785
G1 X18.643 Y167.019 E.01549
G1 X27.496 Y175.872 E.33785
G1 X27.496 Y175.298 E.01549
G1 X18.643 Y166.446 E.33783
G1 X18.643 Y165.872 E.01549
G1 X27.496 Y174.725 E.33785
G1 X27.496 Y174.151 E.01549
G1 X18.643 Y165.298 E.33785
G1 X18.643 Y164.725 E.01546
G1 X27.496 Y173.577 E.33783
G1 X27.496 Y173.003 E.01549
G1 X18.643 Y164.151 E.33783
G1 X18.643 Y163.577 E.01549
G1 X27.496 Y172.43 E.33785
G1 X27.496 Y171.856 E.01549
G1 X18.643 Y163.003 E.33785
G1 X18.643 Y162.43 E.01546
G1 X27.496 Y171.282 E.33783
G1 X27.496 Y170.709 E.01546
G1 X18.643 Y161.856 E.33785
G1 X18.643 Y161.282 E.01549
G1 X27.496 Y170.135 E.33785
G1 X27.496 Y169.561 E.01549
G1 X18.643 Y160.709 E.33783
G1 X18.643 Y160.135 E.01549
G1 X27.496 Y168.988 E.33785
G1 X27.496 Y168.414 E.01549
G1 X18.643 Y159.561 E.33785
G1 X18.643 Y158.988 E.01546
G1 X27.496 Y167.84 E.33783
G1 X27.496 Y167.267 E.01546
G1 X18.643 Y158.414 E.33785
G1 X18.643 Y157.84 E.01549
G1 X27.496 Y166.693 E.33785
G1 X27.496 Y166.119 E.01549
G1 X18.643 Y157.267 E.33783
G1 X18.643 Y156.693 E.01549
G1 X27.496 Y165.545 E.33783
G1 X27.496 Y164.972 E.01546
G1 X18.643 Y156.119 E.33785
G1 X18.643 Y155.545 E.01549
G1 X27.496 Y164.398 E.33785
G1 X27.496 Y163.824 E.01549
G1 X18.643 Y154.972 E.33783
G1 X18.643 Y154.398 E.01549
G1 X27.496 Y163.251 E.33785
G1 X27.496 Y162.677 E.01549
G1 X18.643 Y153.824 E.33785
G1 X18.643 Y153.251 E.01546
G1 X27.496 Y162.103 E.33783
G1 X27.496 Y161.53 E.01546
G1 X18.643 Y152.677 E.33785
G1 X18.643 Y152.103 E.01549
G1 X27.496 Y160.956 E.33785
G1 X27.496 Y160.382 E.01549
G1 X18.643 Y151.53 E.33783
G1 X18.643 Y150.956 E.01549
G1 X27.496 Y159.809 E.33785
G1 X27.496 Y159.235 E.01549
G1 X18.643 Y150.382 E.33785
G1 X18.643 Y149.808 E.01549
G1 X27.496 Y158.661 E.33785
G1 X27.496 Y158.087 E.01549
G1 X18.643 Y149.235 E.33783
G1 X18.643 Y148.661 E.01549
G1 X27.496 Y157.514 E.33785
G1 X27.496 Y156.94 E.01549
G1 X18.643 Y148.087 E.33785
G1 X18.643 Y147.514 E.01546
G1 X27.496 Y156.366 E.33783
G1 X27.496 Y155.793 E.01546
G1 X18.643 Y146.94 E.33785
G1 X18.643 Y146.366 E.01549
G1 X27.496 Y155.219 E.33785
G1 X27.496 Y154.645 E.01549
G1 X18.643 Y145.793 E.33783
G1 X18.643 Y145.219 E.01549
G1 X27.496 Y154.072 E.33785
G1 X27.496 Y153.498 E.01549
G1 X18.643 Y144.645 E.33785
G1 X18.643 Y144.072 E.01546
G1 X27.496 Y152.924 E.33783
G1 X27.496 Y152.351 E.01546
G1 X18.643 Y143.498 E.33785
G1 X18.643 Y142.924 E.01549
G1 X27.496 Y151.777 E.33785
G1 X27.496 Y151.203 E.01549
G1 X18.643 Y142.35 E.33785
G1 X18.643 Y141.777 E.01546
G1 X27.496 Y150.629 E.33783
G1 X27.496 Y150.056 E.01546
G1 X18.643 Y141.203 E.33785
G1 X18.643 Y140.629 E.01549
G1 X27.496 Y149.482 E.33785
G1 X27.496 Y148.908 E.01549
G1 X18.643 Y140.056 E.33783
G1 X18.643 Y139.482 E.01549
G1 X27.496 Y148.335 E.33785
G1 X27.496 Y147.761 E.01549
G1 X18.643 Y138.908 E.33785
G1 X18.643 Y138.335 E.01546
G1 X27.496 Y147.187 E.33783
G1 X27.496 Y146.614 E.01546
G1 X18.643 Y137.761 E.33785
G1 X18.643 Y137.187 E.01549
G1 X27.496 Y146.04 E.33785
G1 X27.496 Y145.466 E.01549
G1 X18.643 Y136.614 E.33783
G1 X18.643 Y136.04 E.01549
G1 X27.496 Y144.892 E.33783
G1 X27.496 Y144.319 E.01546
G1 X18.643 Y135.466 E.33785
G1 X18.643 Y134.892 E.01549
G1 X27.496 Y143.745 E.33785
G1 X27.496 Y143.171 E.01549
G1 X18.643 Y134.319 E.33783
G1 X18.643 Y133.745 E.01549
G1 X27.496 Y142.598 E.33785
G1 X27.496 Y142.024 E.01549
G1 X18.643 Y133.171 E.33785
G1 X18.643 Y132.598 E.01546
G1 X27.496 Y141.45 E.33783
G1 X27.496 Y140.877 E.01546
G1 X18.643 Y132.024 E.33785
G1 X18.643 Y131.45 E.01549
G1 X27.496 Y140.303 E.33785
G1 X27.496 Y139.729 E.01549
G1 X18.643 Y130.877 E.33783
G1 X18.643 Y130.303 E.01549
G1 X27.496 Y139.156 E.33785
G1 X27.496 Y138.582 E.01549
G1 X18.643 Y129.729 E.33785
G1 X18.643 Y129.156 E.01546
G1 X27.496 Y138.008 E.33783
G1 X27.496 Y137.434 E.01549
G1 X18.643 Y128.582 E.33783
G1 X18.643 Y128.008 E.01549
G1 X27.496 Y136.861 E.33785
G1 X27.496 Y136.287 E.01549
G1 X18.643 Y127.434 E.33785
G1 X18.643 Y126.861 E.01546
G1 X27.496 Y135.713 E.33783
G1 X27.496 Y135.14 E.01546
G1 X18.643 Y126.287 E.33785
G1 X18.643 Y125.713 E.01549
G1 X27.496 Y134.566 E.33785
G1 X27.496 Y133.992 E.01549
G1 X18.643 Y125.14 E.33783
G1 X18.643 Y124.566 E.01549
G1 X27.496 Y133.419 E.33785
G1 X27.496 Y132.845 E.01549
G1 X18.643 Y123.992 E.33785
G1 X18.643 Y123.419 E.01546
G1 X27.496 Y132.271 E.33783
G1 X27.496 Y131.698 E.01546
G1 X18.643 Y122.845 E.33785
G1 X18.643 Y122.271 E.01549
G1 X27.496 Y131.124 E.33785
G1 X27.496 Y130.55 E.01549
G1 X18.643 Y121.697 E.33785
G1 X18.643 Y121.124 E.01546
G1 X27.496 Y129.976 E.33783
G1 X27.496 Y129.403 E.01546
G1 X18.643 Y120.55 E.33785
G1 X18.643 Y119.976 E.01549
G1 X27.496 Y128.829 E.33785
G1 X27.496 Y128.255 E.01549
G1 X18.643 Y119.403 E.33783
G1 X18.643 Y118.829 E.01549
G1 X27.496 Y127.682 E.33785
G1 X27.496 Y127.108 E.01549
G1 X18.643 Y118.255 E.33785
G1 X18.643 Y117.682 E.01546
G1 X27.496 Y126.534 E.33783
G1 X27.496 Y125.961 E.01546
G1 X18.643 Y117.108 E.33785
G1 X18.643 Y116.534 E.01549
G1 X27.496 Y125.387 E.33785
G1 X27.496 Y124.813 E.01549
G1 X18.643 Y115.961 E.33783
G1 X18.643 Y115.387 E.01549
G1 X27.496 Y124.239 E.33783
G1 X27.496 Y123.666 E.01546
G1 X18.643 Y114.813 E.33785
G1 X18.643 Y114.239 E.01549
G1 X27.496 Y123.092 E.33785
G1 X27.496 Y122.518 E.01549
G1 X18.643 Y113.666 E.33783
G1 X18.643 Y113.092 E.01549
G1 X27.496 Y121.945 E.33785
G1 X27.496 Y121.371 E.01549
G1 X18.643 Y112.518 E.33785
G1 X18.643 Y111.945 E.01546
G1 X27.496 Y120.797 E.33783
G1 X27.496 Y120.224 E.01546
G1 X18.643 Y111.371 E.33785
G1 X18.643 Y110.797 E.01549
G1 X27.496 Y119.65 E.33785
G1 X27.496 Y119.076 E.01549
G1 X18.643 Y110.224 E.33783
G1 X18.643 Y109.65 E.01549
G1 X27.496 Y118.503 E.33785
G1 X27.496 Y117.929 E.01549
G1 X18.643 Y109.076 E.33785
G1 X18.643 Y108.503 E.01546
G1 X27.496 Y117.355 E.33783
G1 X27.496 Y116.781 E.01549
G1 X18.643 Y107.929 E.33783
G1 X18.643 Y107.355 E.01549
G1 X27.496 Y116.208 E.33785
G1 X27.496 Y115.634 E.01549
G1 X18.643 Y106.781 E.33785
G1 X18.643 Y106.208 E.01546
G1 X27.496 Y115.06 E.33783
G1 X27.496 Y114.487 E.01546
G1 X18.643 Y105.634 E.33785
G1 X18.643 Y105.06 E.01549
G1 X27.496 Y113.913 E.33785
G1 X27.496 Y113.339 E.01549
G1 X18.643 Y104.487 E.33783
G1 X18.643 Y103.913 E.01549
G1 X27.496 Y112.766 E.33785
G1 X27.496 Y112.192 E.01549
G1 X18.643 Y103.339 E.33785
G1 X18.643 Y102.766 E.01546
G1 X27.496 Y111.618 E.33783
G1 X27.496 Y111.045 E.01546
G1 X18.643 Y102.192 E.33785
G1 X18.643 Y101.618 E.01549
G1 X27.496 Y110.471 E.33785
G1 X27.496 Y109.897 E.01549
G1 X20.835 Y103.237 E.25418
G1 X20.692 Y103.115 E.00507
;WIDTH:0.409369
G1 X20.549 Y102.993 E.00469
;WIDTH:0.42011
G1 X19.859 Y102.274 E.02557
G1 X18.643 Y101.183 F9000
;WIDTH:0.439999
G1 F3600
G1 X18.643 Y95.308 E.15854
G1 X21.331 Y97.995 E.10256
G1 X20.99 Y98.123 E.00983
G1 X20.501 Y98.438 E.0157
G1 X20.085 Y98.844 E.01569
G1 X19.757 Y99.324 E.01569
G1 X19.53 Y99.863 E.01578
G1 X19.414 Y100.49 E.01721
G1 X19.433 Y101.11 E.01674
G1 X19.591 Y101.76 E.01805
G1 X19.834 Y102.244 E.01461
G1 X18.828 Y101.23 E.03854
G1 X19.033 Y100.885 E.01083
;WIDTH:0.410108
G1 X19.034 Y100.374 E.01277
;WIDTH:0.439999
G1 X19.049 Y99.778 E.01609
G1 X19.049 Y96.287 E.0942
G1 X20.632 Y97.87 E.06041
G1 X20.315 Y98.071 E.01013
G1 X19.751 Y98.613 E.02111
G1 X19.384 Y99.163 E.01784
G1 X19.131 Y99.786 E.01814
G1 X19.067 Y100.173 E.01058
G1 X19.463 Y98.314 F9000
;WIDTH:0.458135
G1 F3600
G1 X19.463 Y97.288 E.02892
G1 X19.983 Y97.807 E.02071
G1 X19.606 Y98.17 E.01475
G1 E-3.5
;WIPE_START
G1 F7200
G1 X19.983 Y97.807 E-.24859
G1 X19.463 Y97.288 E-.34898
G1 X19.463 Y98.314 E-.48735
;WIPE_END
G1 E-.41508 F3600
G1 X21.765 Y97.856 F9000
G1 E5 F2400
;WIDTH:0.439999
G1 F3600
G1 X18.643 Y94.734 E.11914
G1 X18.643 Y94.16 E.01549
G1 X22.287 Y97.804 E.13906
G1 X23.209 Y98.032 F9000
;WIDTH:0.374336
G1 F3600
G1 X23.009 Y98.054 E.00455
;WIDTH:0.407168
G1 X22.965 Y97.96 E.00257
;WIDTH:0.439999
G1 X22.922 Y97.865 E.00281
G1 X18.643 Y93.586 E.1633
G1 E-3.5
;WIPE_START
G1 F7200
G1 X20.876 Y95.819 E-1.5
;WIPE_END
G1 X21.471 Y103.42 F9000
G1 E5 F2400
;WIDTH:0.374336
G1 F3600
G1 X21.653 Y103.395 E.00415
;WIDTH:0.407168
G1 X21.706 Y103.49 E.0027
;WIDTH:0.439999
G1 X21.758 Y103.586 E.00295
G1 X27.496 Y109.323 E.21896
G1 X27.496 Y108.75 E.01546
G1 X22.385 Y103.639 E.19505
G1 X22.901 Y103.582 E.01401
G1 X27.496 Y108.176 E.17534
G1 X27.496 Y107.602 E.01549
G1 X23.346 Y103.453 E.15835
G1 X23.737 Y103.27 E.01165
G1 X27.496 Y107.029 E.14345
G1 X27.496 Y106.455 E.01549
G1 X24.086 Y103.045 E.13013
G1 X24.392 Y102.778 E.01096
G1 X27.496 Y105.881 E.11844
G1 X27.496 Y105.308 E.01546
G1 X24.655 Y102.467 E.10842
G1 X24.882 Y102.12 E.01119
G1 X27.496 Y104.734 E.09976
G1 X27.496 Y104.16 E.01549
G1 X25.06 Y101.724 E.09296
G1 E-3.5
;WIPE_START
G1 F7200
G1 X27.293 Y103.957 E-1.5
;WIPE_END
G1 X24.902 Y99.378 F9000
G1 E5 F2400
;WIDTH:0.443145
G1 F3600
G1 X25.048 Y99.683 E.0092
;WIDTH:0.439999
G1 X25.205 Y100.334 E.01807
G1 X25.225 Y100.955 E.01677
G1 X25.163 Y101.292 E.00925
G1 X25.397 Y101.488 E.00824
G1 X27.496 Y103.586 E.08008
G1 X27.496 Y101.722 E.0503
G1 X27.352 Y101.722 E.00389
G1 X25.203 Y99.572 E.08203
;WIDTH:0.445031
G1 X24.815 Y99.195 E.01478
;WIDTH:0.445476
G1 X24.789 Y99.162 E.00115
;WIDTH:0.4441
G1 X24.487 Y98.842 E.01199
;WIDTH:0.418635
G1 X24.185 Y98.522 E.01125
;WIDTH:0.439999
G1 X23.899 Y98.268 E.01032
G1 X18.643 Y93.013 E.20056
G1 X18.643 Y92.439 E.01549
G1 X27.496 Y101.292 E.33785
G1 X27.496 Y100.718 E.01549
G1 X18.643 Y91.865 E.33785
G1 X18.643 Y91.292 E.01546
G1 X27.496 Y100.144 E.33783
G1 X27.496 Y99.571 E.01546
G1 X18.643 Y90.718 E.33785
G1 X18.643 Y90.144 E.01549
G1 X27.496 Y98.997 E.33785
G1 X27.496 Y98.423 E.01549
G1 X18.643 Y89.571 E.33783
G1 X18.643 Y88.997 E.01549
G1 X27.496 Y97.85 E.33785
G1 X27.496 Y97.276 E.01549
G1 X18.643 Y88.423 E.33785
G1 X18.643 Y87.85 E.01546
G1 X27.496 Y96.702 E.33783
G1 X27.496 Y96.128 E.01549
G1 X18.643 Y87.276 E.33783
G1 X18.643 Y86.702 E.01549
G1 X27.496 Y95.555 E.33785
G1 X27.496 Y94.981 E.01549
G1 X18.643 Y86.128 E.33785
G1 X18.643 Y85.555 E.01546
G1 X27.496 Y94.407 E.33783
G1 X27.496 Y93.834 E.01546
G1 X18.643 Y84.981 E.33785
G1 X18.643 Y84.407 E.01549
G1 X27.496 Y93.26 E.33785
G1 X27.496 Y92.686 E.01549
G1 X18.643 Y83.834 E.33783
G1 X18.643 Y83.26 E.01549
G1 X27.496 Y92.113 E.33785
G1 X27.496 Y91.539 E.01549
G1 X18.643 Y82.686 E.33785
G1 X18.643 Y82.113 E.01546
G1 X27.496 Y90.965 E.33783
G1 X27.496 Y90.392 E.01546
G1 X18.643 Y81.539 E.33785
G1 X18.643 Y80.965 E.01549
G1 X27.496 Y89.818 E.33785
G1 X27.496 Y89.244 E.01549
G1 X18.643 Y80.392 E.33783
G1 X18.643 Y79.818 E.01549
G1 X27.496 Y88.67 E.33783
G1 X27.496 Y88.097 E.01546
G1 X18.643 Y79.244 E.33785
G1 X18.643 Y78.67 E.01549
G1 X27.496 Y87.523 E.33785
G1 X27.496 Y86.949 E.01549
G1 X18.643 Y78.097 E.33783
G1 X18.643 Y77.523 E.01549
G1 X27.496 Y86.376 E.33785
G1 X27.496 Y85.802 E.01549
G1 X18.643 Y76.949 E.33785
G1 X18.643 Y76.376 E.01546
G1 X27.496 Y85.228 E.33783
G1 X27.496 Y84.655 E.01546
G1 X18.643 Y75.802 E.33785
G1 X18.643 Y75.228 E.01549
G1 X27.496 Y84.081 E.33785
G1 X27.496 Y83.507 E.01549
G1 X18.643 Y74.655 E.33783
G1 X18.643 Y74.081 E.01549
G1 X27.496 Y82.934 E.33785
G1 X27.496 Y82.36 E.01549
G1 X18.643 Y73.507 E.33785
G1 X18.643 Y72.933 E.01549
G1 X27.496 Y81.786 E.33785
G1 X27.496 Y81.212 E.01549
G1 X18.643 Y72.36 E.33783
G1 X18.643 Y71.786 E.01549
G1 X27.496 Y80.639 E.33785
G1 X27.496 Y80.065 E.01549
G1 X18.643 Y71.212 E.33785
G1 X18.643 Y70.639 E.01546
G1 X27.496 Y79.491 E.33783
G1 X27.496 Y78.918 E.01546
G1 X18.643 Y70.065 E.33785
G1 X18.643 Y69.491 E.01549
G1 X27.496 Y78.344 E.33785
G1 X27.496 Y77.77 E.01549
G1 X18.643 Y68.918 E.33783
G1 X18.643 Y68.344 E.01549
G1 X27.496 Y77.197 E.33785
G1 X27.496 Y76.623 E.01549
G1 X18.643 Y67.77 E.33785
G1 X18.643 Y67.197 E.01546
G1 X27.496 Y76.049 E.33783
G1 X27.496 Y75.475 E.01549
G1 X18.643 Y66.623 E.33783
G1 X18.643 Y66.049 E.01549
G1 X27.496 Y74.902 E.33785
G1 X27.496 Y74.328 E.01549
G1 X18.643 Y65.475 E.33785
G1 X18.643 Y64.902 E.01546
G1 X27.496 Y73.754 E.33783
G1 X27.496 Y73.181 E.01546
G1 X18.643 Y64.328 E.33785
G1 X18.643 Y63.754 E.01549
G1 X27.496 Y72.607 E.33785
G1 X27.496 Y72.033 E.01549
G1 X18.643 Y63.181 E.33783
G1 X18.643 Y62.607 E.01549
G1 X27.496 Y71.46 E.33785
G1 X27.496 Y70.886 E.01549
G1 X18.643 Y62.033 E.33785
G1 X18.643 Y61.46 E.01546
G1 X27.496 Y70.312 E.33783
G1 X27.496 Y69.739 E.01546
G1 X18.643 Y60.886 E.33785
G1 X18.643 Y60.312 E.01549
G1 X27.496 Y69.165 E.33785
G1 X27.496 Y68.591 E.01549
G1 X18.643 Y59.739 E.33783
G1 X18.643 Y59.165 E.01549
G1 X27.496 Y68.017 E.33783
G1 X27.496 Y67.444 E.01546
G1 X18.643 Y58.591 E.33785
G1 X18.643 Y58.017 E.01549
G1 X27.496 Y66.87 E.33785
G1 X27.496 Y66.296 E.01549
G1 X18.643 Y57.444 E.33783
G1 X18.643 Y56.87 E.01549
G1 X27.496 Y65.723 E.33785
G1 X27.496 Y65.149 E.01549
G1 X18.643 Y56.296 E.33785
G1 X18.643 Y55.723 E.01546
G1 X27.496 Y64.575 E.33783
G1 X27.496 Y64.002 E.01546
G1 X18.643 Y55.149 E.33785
G1 X18.643 Y54.575 E.01549
G1 X27.496 Y63.428 E.33785
G1 X27.496 Y62.854 E.01549
G1 X18.643 Y54.002 E.33783
G1 X18.643 Y53.428 E.01549
G1 X27.496 Y62.281 E.33785
G1 X27.496 Y61.707 E.01549
G1 X18.643 Y52.854 E.33785
G1 X18.643 Y52.28 E.01549
G1 X27.496 Y61.133 E.33785
G1 X27.496 Y60.559 E.01549
G1 X18.643 Y51.707 E.33783
G1 X18.643 Y51.133 E.01549
G1 X27.496 Y59.986 E.33785
G1 X27.496 Y59.412 E.01549
G1 X18.643 Y50.559 E.33785
G1 X18.643 Y49.986 E.01546
G1 X27.496 Y58.838 E.33783
G1 X27.496 Y58.265 E.01546
G1 X18.643 Y49.412 E.33785
G1 X18.643 Y48.838 E.01549
G1 X27.496 Y57.691 E.33785
G1 X27.496 Y57.117 E.01549
G1 X18.643 Y48.265 E.33783
G1 X18.643 Y47.691 E.01549
G1 X27.496 Y56.544 E.33785
G1 X27.496 Y55.97 E.01549
G1 X18.643 Y47.117 E.33785
G1 X18.643 Y46.544 E.01546
G1 X27.496 Y55.396 E.33783
G1 X27.496 Y54.823 E.01546
G1 X18.643 Y45.97 E.33785
G1 X18.643 Y45.396 E.01549
G1 X27.496 Y54.249 E.33785
G1 X27.496 Y53.675 E.01549
G1 X18.643 Y44.822 E.33785
G1 X18.643 Y44.249 E.01546
G1 X27.496 Y53.101 E.33783
G1 X27.496 Y52.528 E.01546
G1 X18.643 Y43.675 E.33785
G1 X18.643 Y43.101 E.01549
G1 X27.496 Y51.954 E.33785
G1 X27.496 Y51.38 E.01549
G1 X18.643 Y42.528 E.33783
G1 X18.643 Y41.954 E.01549
G1 X27.496 Y50.807 E.33785
G1 X27.496 Y50.233 E.01549
G1 X18.643 Y41.38 E.33785
G1 X18.643 Y40.807 E.01546
G1 X27.496 Y49.659 E.33783
G1 X27.496 Y49.086 E.01546
G1 X18.643 Y40.233 E.33785
G1 X18.643 Y39.659 E.01549
G1 X27.496 Y48.512 E.33785
G1 X27.496 Y47.938 E.01549
G1 X18.643 Y39.086 E.33783
G1 X18.643 Y38.512 E.01549
G1 X27.496 Y47.364 E.33783
G1 X27.496 Y46.791 E.01546
G1 X18.643 Y37.938 E.33785
G1 X18.643 Y37.364 E.01549
G1 X27.496 Y46.217 E.33785
G1 X27.496 Y45.643 E.01549
G1 X18.643 Y36.791 E.33783
G1 X18.643 Y36.217 E.01549
G1 X27.496 Y45.07 E.33785
G1 X27.496 Y44.496 E.01549
G1 X18.643 Y35.643 E.33785
G1 X18.643 Y35.07 E.01546
G1 X27.496 Y43.922 E.33783
G1 X27.496 Y43.349 E.01546
G1 X18.643 Y34.496 E.33785
G1 X18.643 Y33.922 E.01549
G1 X27.496 Y42.775 E.33785
G1 X27.496 Y42.201 E.01549
G1 X18.643 Y33.349 E.33783
G1 X18.643 Y32.775 E.01549
G1 X27.496 Y41.628 E.33785
G1 X27.496 Y41.054 E.01549
G1 X18.643 Y32.201 E.33785
G1 X18.643 Y31.628 E.01546
G1 X27.496 Y40.48 E.33783
G1 X27.496 Y39.906 E.01549
G1 X18.643 Y31.054 E.33783
G1 X18.643 Y30.48 E.01549
G1 X27.496 Y39.333 E.33785
G1 X27.496 Y38.759 E.01549
G1 X18.643 Y29.906 E.33785
G1 X18.643 Y29.333 E.01546
G1 X27.496 Y38.185 E.33783
G1 X27.496 Y37.612 E.01546
G1 X18.643 Y28.759 E.33785
G1 X18.643 Y28.185 E.01549
G1 X27.496 Y37.038 E.33785
G1 X27.496 Y36.464 E.01549
G1 X18.643 Y27.612 E.33783
G1 X18.643 Y27.038 E.01549
G1 X27.496 Y35.891 E.33785
G1 X27.496 Y35.317 E.01549
G1 X18.724 Y26.545 E.33476
G1 X18.617 Y26.468 E.00356
;WIDTH:0.407168
G1 X18.511 Y26.39 E.00326
;WIDTH:0.374336
G1 X18.491 Y26.635 E.00556
;WIDTH:0.439999
G1 X18.611 Y26.146 E.01359
G1 X18.643 Y25.753 E.01064
G1 X18.643 Y20.154 E.15109
G1 X21.44 Y22.95 E.10672
G1 X21.213 Y23.02 E.00641
G1 X20.7 Y23.293 E.01568
G1 X20.251 Y23.662 E.01568
G1 X19.884 Y24.113 E.01569
G1 X19.613 Y24.627 E.01568
G1 X19.458 Y25.144 E.01456
G1 X19.414 Y25.49 E.00941
G1 X19.433 Y26.11 E.01674
G1 X19.576 Y26.717 E.01683
G1 X19.667 Y26.914 E.00586
G1 X18.829 Y26.085 E.03181
G1 X18.807 Y26.091 E.00062
G1 X19.032 Y25.753 E.01096
;WIDTH:0.439592
G1 X19.048 Y25.127 E.01688
;WIDTH:0.439999
G1 X19.049 Y21.133 E.10778
G1 X20.73 Y22.815 E.06417
G1 X20.444 Y22.978 E.00888
G1 X19.938 Y23.404 E.01785
G1 X19.526 Y23.922 E.01786
G1 X19.224 Y24.511 E.01786
G1 X19.104 Y24.932 E.01181
G1 X19.48 Y23.281 F9000
;WIDTH:0.491078
G1 F3600
G1 X19.48 Y22.174 E.03363
G1 X20.049 Y22.743 E.02445
G1 X19.852 Y22.903 E.00771
G1 X19.622 Y23.136 E.00995
G1 E-3.5
;WIPE_START
G1 F7200
G1 X19.852 Y22.903 E-.15551
G1 X20.049 Y22.743 E-.12055
G1 X19.48 Y22.174 E-.38223
G1 X19.48 Y23.281 E-.52582
;WIPE_END
G1 E-.31589 F3600
G1 X21.899 Y22.836 F9000
G1 E5 F2400
;WIDTH:0.439999
G1 F3600
G1 X18.643 Y19.58 E.12426
G1 X18.571 Y19.487 E.00317
;WIDTH:0.407168
G1 X18.5 Y19.394 E.0029
;WIDTH:0.374336
G1 X18.511 Y19.435 E.00096
G1 X18.44 Y19.454 E.00166
G1 X18.459 Y19.383 E.00166
;WIDTH:0.439999
G1 X18.643 Y19.006 E.01132
G1 X22.446 Y22.81 E.14515
G1 X23.421 Y23.105 F9000
;WIDTH:0.374336
G1 F3600
G1 X23.189 Y23.104 E.00525
;WIDTH:0.407168
G1 X23.162 Y23.014 E.00233
;WIDTH:0.439999
G1 X23.135 Y22.924 E.00254
G1 X18.643 Y18.433 E.17141
G1 E-3.5
;WIPE_START
G1 F7200
G1 X20.876 Y20.666 E-1.5
;WIPE_END
G1 X19.902 Y27.241 F9000
G1 E5 F2400
;WIDTH:0.374336
G1 F3600
G1 X20.274 Y27.663 E.01272
G1 X20.863 Y28.182 E.01776
;WIDTH:0.407168
G1 X21.006 Y28.29 E.00444
;WIDTH:0.439999
G1 X21.15 Y28.397 E.00484
G1 X27.496 Y34.743 E.24218
G1 X27.496 Y34.17 E.01546
G1 X21.944 Y28.618 E.21188
G1 X21.815 Y28.527 E.00426
;WIDTH:0.407168
G1 X21.687 Y28.436 E.00389
;WIDTH:0.374336
G1 X21.698 Y28.477 E.00096
G1 X21.627 Y28.496 E.00166
G1 X21.646 Y28.425 E.00166
G1 X22.533 Y28.634 F9000
;WIDTH:0.439999
G1 F3600
G1 X27.496 Y33.596 E.18938
G1 X27.496 Y33.022 E.01549
G1 X23.027 Y28.553 E.17055
G1 X23.457 Y28.41 E.01223
G1 X27.496 Y32.448 E.15412
G1 X27.496 Y31.875 E.01546
G1 X23.835 Y28.214 E.13971
G1 X24.171 Y27.976 E.01111
G1 X27.496 Y31.301 E.12689
G1 X27.496 Y30.727 E.01549
G1 X24.466 Y27.698 E.11561
G1 X24.722 Y27.379 E.01104
G1 X27.496 Y30.154 E.10588
G1 X27.496 Y29.58 E.01549
G1 X24.932 Y27.016 E.09785
G1 X25.146 Y25.089 F9000
G1 F3600
G1 X25.211 Y25.375 E.00791
G1 X25.225 Y25.955 E.01566
G1 X25.109 Y26.582 E.01721
G1 X25.126 Y26.636 E.00153
G1 X27.496 Y29.006 E.09044
G1 X27.496 Y27.142 E.0503
G1 X27.352 Y27.142 E.00389
G1 X25.102 Y24.891 E.08588
G1 E-3.5
;WIPE_START
G1 F7200
G1 X27.335 Y27.124 E-1.5
;WIPE_END
G1 X27.496 Y26.711 F9000
G1 E5 F2400
G1 F3600
G1 X18.643 Y17.859 E.33783
G1 X18.545 Y16.918 F9000
;WIDTH:0.374336
G1 F3600
G1 X18.526 Y16.989 E.00166
G1 X18.597 Y16.97 E.00166
G1 X18.586 Y16.929 E.00096
;WIDTH:0.407168
G1 X18.615 Y17.107 E.00447
;WIDTH:0.439999
G1 X18.643 Y17.285 E.00486
G1 X27.496 Y26.138 E.33785
G1 X27.496 Y25.564 E.01549
G1 X18.977 Y17.046 E.32509
G1 X19.551 Y17.046 E.01549
G1 X27.496 Y24.99 E.30318
G1 X27.496 Y24.417 E.01546
G1 X20.124 Y17.046 E.28131
G1 X20.698 Y17.046 E.01549
G1 X27.496 Y23.843 E.25941
G1 X27.496 Y23.269 E.01549
G1 X21.272 Y17.046 E.2375
G1 X21.846 Y17.046 E.01549
G1 X27.496 Y22.696 E.21562
G1 X27.496 Y22.122 E.01549
G1 X22.419 Y17.046 E.19373
G1 X22.993 Y17.046 E.01549
G1 X27.496 Y21.548 E.17183
G1 X27.496 Y20.975 E.01546
G1 X23.567 Y17.046 E.14994
G1 X24.14 Y17.046 E.01546
G1 X27.496 Y20.401 E.12805
G1 X27.496 Y19.827 E.01549
G1 X24.714 Y17.046 E.10615
G1 X25.121 Y16.831 E.01242
;WIDTH:0.374336
G1 X25.102 Y16.902 E.00166
G1 X25.173 Y16.883 E.00166
G1 X25.162 Y16.842 E.00096
;WIDTH:0.407168
G1 X25.225 Y16.944 E.00297
;WIDTH:0.439999
G1 X25.288 Y17.046 E.00324
G1 X27.496 Y19.253 E.08424
G1 E-3.5
;WIPE_START
G1 F7200
G1 X25.288 Y17.046 E-1.48289
G1 X25.269 Y17.015 E-.01711
;WIPE_END
G1 X26.005 Y17.189 F9000
G1 E5 F2400
G1 F3600
G1 X27.498 Y18.682 E.05698
G1 X27.562 Y18.307 E.01027
G1 X27.788 Y17.891 E.01278
G1 X28.185 Y17.555 E.01403
G1 X28.323 Y17.504 E.00397
G1 X28.323 Y17.046 E.01236
G1 X25.861 Y17.046 E.06644
G1 X26.806 Y17.437 F9000
;WIDTH:0.410804
G1 F3600
G1 X27.717 Y17.437 E.02281
G1 X27.419 Y17.726 E.0104
G1 X27.308 Y17.939 E.00601
G1 X26.949 Y17.58 E.01271
G1 E-3.5
;WIPE_START
G1 F7200
G1 X27.308 Y17.939 E-.24116
G1 X27.419 Y17.726 E-.11409
G1 X27.717 Y17.437 E-.19718
G1 X26.806 Y17.437 E-.43273
;WIPE_END
G1 E-.51484 F3600
G1 X25.627 Y25.99 F9000
G1 E5 F2400
;WIDTH:0.439989
G1 F3600
G1 X27.09 Y27.453 E.05583
G1 X27.09 Y28.027 E.01549
G1 X25.542 Y26.479 E.05907
G1 X25.592 Y26.19 E.00791
G1 E-3.5
;WIPE_START
G1 F7200
G1 X25.542 Y26.479 E-.13931
G1 X27.09 Y28.027 E-1.03987
G1 X27.09 Y27.453 E-.27265
G1 X27.018 Y27.381 E-.04817
;WIPE_END
G1 X30.136 Y17.398 F9000
G1 E5 F2400
;TYPE:Internal infill
;WIDTH:0.44
G1 F3600
G1 X28.728 Y17.372 E.038
G1 X29.055 Y17.046 E.01246
G1 X29.986 Y17.046 E.02512
G1 X30.339 Y17.398 E.01345
G1 X36.352 Y17.398 E.16226
G1 X36.704 Y17.046 E.01343
G1 X37.636 Y17.046 E.02515
G1 X37.988 Y17.398 E.01343
G1 X44.001 Y17.398 E.16226
G1 X44.354 Y17.046 E.01345
G1 X45.285 Y17.046 E.02512
G1 X45.638 Y17.398 E.01345
G1 X51.65 Y17.398 E.16223
G1 X52.003 Y17.046 E.01345
G1 X52.934 Y17.046 E.02512
G1 X53.287 Y17.398 E.01345
G1 X59.3 Y17.398 E.16226
G1 X59.652 Y17.046 E.01343
G1 X60.584 Y17.046 E.02515
G1 X60.91 Y17.372 E.01244
G1 X60.91 Y17.413 E.00111
G1 X59.502 Y17.398 E.038
;LAYER_CHANGE
;Z:1.96
;HEIGHT:0.16
;BEFORE_LAYER_CHANGE
G92 E0
;1.96


G1 E-3.5 F3600
;WIPE_START
G1 F7200
G1 X60.91 Y17.413 E-.66884
G1 X60.91 Y17.372 E-.01948
G1 X60.584 Y17.046 E-.21899
G1 X59.652 Y17.046 E-.4427
G1 X59.428 Y17.269 E-.14999
;WIPE_END
G1 Z1.96 F9000
;AFTER_LAYER_CHANGE
;1.96
G1 X67.124 Y98.124
G1 E5 F2400
;TYPE:Perimeter
;WIDTH:0.439999
G1 F1800
G1 X67.155 Y98.119 E.00085
G1 X67.674 Y98.138 E.01401
G1 X68.179 Y98.259 E.01401
G1 X68.65 Y98.479 E.01403
G1 X69.068 Y98.787 E.01401
G1 X69.417 Y99.172 E.01402
G1 X69.683 Y99.618 E.01401
G1 X69.854 Y100.108 E.014
G1 X69.898 Y100.376 E.00733
G1 X69.912 Y100.938 E.01517
G1 X69.803 Y101.52 E.01598
G1 X69.595 Y101.997 E.01404
G1 X69.297 Y102.422 E.01401
G1 X68.921 Y102.78 E.01401
G1 X68.482 Y103.057 E.01401
G1 X67.996 Y103.241 E.01402
G1 X67.483 Y103.325 E.01403
G1 X66.964 Y103.306 E.01401
G1 X66.459 Y103.184 E.01402
G1 X65.988 Y102.965 E.01402
G1 X65.57 Y102.657 E.01401
G1 X65.222 Y102.272 E.014
G1 X64.956 Y101.825 E.01404
G1 X64.784 Y101.336 E.01399
G1 X64.74 Y101.067 E.00736
G1 X64.726 Y100.506 E.01514
G1 X64.836 Y99.923 E.01601
G1 X65.044 Y99.447 E.01402
G1 X65.341 Y99.022 E.01399
G1 X65.717 Y98.663 E.01403
G1 X66.157 Y98.387 E.01402
G1 X66.643 Y98.203 E.01402
G1 X67.065 Y98.133 E.01154
G1 X67.155 Y98.528 F9000
G1 F1800
G1 X67.206 Y98.521 E.00139
G1 X67.76 Y98.563 E.01499
G1 X68.179 Y98.693 E.01184
G1 X68.564 Y98.903 E.01183
G1 X68.899 Y99.186 E.01183
G1 X69.172 Y99.529 E.01183
G1 X69.372 Y99.92 E.01185
G1 X69.493 Y100.386 E.01299
G1 X69.507 Y100.948 E.01517
G1 X69.409 Y101.42 E.01301
G1 X69.168 Y101.92 E.01498
G1 X68.894 Y102.263 E.01185
G1 X68.558 Y102.545 E.01184
G1 X68.172 Y102.754 E.01184
G1 X67.752 Y102.882 E.01185
G1 X67.316 Y102.925 E.01182
G1 X66.879 Y102.881 E.01185
G1 X66.46 Y102.751 E.01184
G1 X66.075 Y102.54 E.01185
G1 X65.739 Y102.258 E.01184
G1 X65.466 Y101.914 E.01185
G1 X65.267 Y101.523 E.01184
G1 X65.146 Y101.057 E.01299
G1 X65.132 Y100.496 E.01514
G1 X65.229 Y100.023 E.01303
G1 X65.47 Y99.523 E.01498
G1 X65.744 Y99.181 E.01183
G1 X66.081 Y98.899 E.01186
G1 X66.467 Y98.69 E.01184
G1 X66.886 Y98.561 E.01183
G1 X67.095 Y98.535 E.00568
G1 X67.095 Y98.934 F9000
;TYPE:External perimeter
;WIDTH:0.419999
G1 F1800
G1 X67.255 Y98.914 E.00414
G1 X67.652 Y98.944 E.01021
G1 X67.998 Y99.045 E.00925
G1 X68.317 Y99.213 E.00925
G1 X68.596 Y99.44 E.00923
G1 X68.825 Y99.719 E.00926
G1 X68.994 Y100.037 E.00924
G1 X69.097 Y100.396 E.00958
G1 X69.111 Y100.958 E.01442
G1 X69.013 Y101.359 E.01059
G1 X68.853 Y101.682 E.00925
G1 X68.632 Y101.966 E.00923
G1 X68.36 Y102.202 E.00924
G1 X68.046 Y102.379 E.00925
G1 X67.703 Y102.49 E.00925
G1 X67.345 Y102.531 E.00924
G1 X66.986 Y102.5 E.00924
G1 X66.641 Y102.399 E.00922
G1 X66.322 Y102.231 E.00925
G1 X66.042 Y102.004 E.00925
G1 X65.814 Y101.725 E.00924
G1 X65.645 Y101.407 E.00924
G1 X65.541 Y101.047 E.00961
G1 X65.527 Y100.486 E.0144
G1 X65.626 Y100.085 E.0106
G1 X65.786 Y99.762 E.00925
G1 X66.006 Y99.477 E.00924
G1 X66.279 Y99.242 E.00924
G1 X66.593 Y99.065 E.00925
G1 X66.936 Y98.954 E.00925
G1 X67.036 Y98.941 E.00259
G1 E-3.5 F3600
;WIPE_START
G1 F7200
G1 X67.095 Y98.934 E-.02822
G1 X67.255 Y98.914 E-.07659
G1 X67.652 Y98.944 E-.18911
G1 X67.998 Y99.045 E-.17121
G1 X68.317 Y99.213 E-.17125
G1 X68.596 Y99.44 E-.17085
G1 X68.825 Y99.719 E-.17145
G1 X68.994 Y100.037 E-.17106
G1 X69.097 Y100.396 E-.1774
G1 X69.106 Y100.76 E-.17286
;WIPE_END
G1 X24.904 Y100.593 F9000
G1 E5 F2400
;TYPE:Perimeter
;WIDTH:0.439999
G1 F1800
G1 X24.912 Y100.938 E.00931
G1 X24.803 Y101.52 E.01598
G1 X24.595 Y101.997 E.01404
G1 X24.297 Y102.422 E.01401
G1 X23.921 Y102.78 E.01401
G1 X23.482 Y103.057 E.01401
G1 X22.996 Y103.241 E.01402
G1 X22.483 Y103.325 E.01403
G1 X21.964 Y103.306 E.01401
G1 X21.459 Y103.184 E.01402
G1 X20.988 Y102.965 E.01402
G1 X20.57 Y102.657 E.01401
G1 X20.222 Y102.272 E.014
G1 X19.956 Y101.825 E.01404
G1 X19.784 Y101.336 E.01399
G1 X19.74 Y101.067 E.00736
G1 X19.726 Y100.506 E.01514
G1 X19.836 Y99.923 E.01601
G1 X20.044 Y99.447 E.01402
G1 X20.341 Y99.022 E.01399
G1 X20.717 Y98.663 E.01403
G1 X21.157 Y98.387 E.01402
G1 X21.643 Y98.203 E.01402
G1 X22.155 Y98.119 E.014
G1 X22.674 Y98.138 E.01401
G1 X23.179 Y98.259 E.01401
G1 X23.65 Y98.479 E.01403
G1 X24.068 Y98.787 E.01401
G1 X24.417 Y99.172 E.01402
G1 X24.683 Y99.618 E.01401
G1 X24.854 Y100.108 E.014
G1 X24.898 Y100.376 E.00733
G1 X24.902 Y100.533 E.00424
G1 X24.498 Y100.613 F9000
G1 F1800
G1 X24.507 Y100.948 E.00904
G1 X24.409 Y101.42 E.01301
G1 X24.168 Y101.92 E.01498
G1 X23.894 Y102.263 E.01185
G1 X23.558 Y102.545 E.01184
G1 X23.172 Y102.754 E.01184
G1 X22.752 Y102.882 E.01185
G1 X22.316 Y102.925 E.01182
G1 X21.879 Y102.881 E.01185
G1 X21.46 Y102.751 E.01184
G1 X21.075 Y102.54 E.01185
G1 X20.739 Y102.258 E.01184
G1 X20.466 Y101.914 E.01185
G1 X20.267 Y101.523 E.01184
G1 X20.146 Y101.057 E.01299
G1 X20.132 Y100.496 E.01514
G1 X20.229 Y100.023 E.01303
G1 X20.47 Y99.523 E.01498
G1 X20.744 Y99.181 E.01183
G1 X21.081 Y98.899 E.01186
G1 X21.467 Y98.69 E.01184
G1 X21.886 Y98.561 E.01183
G1 X22.323 Y98.518 E.01185
G1 X22.76 Y98.563 E.01185
G1 X23.179 Y98.693 E.01184
G1 X23.564 Y98.903 E.01183
G1 X23.899 Y99.186 E.01183
G1 X24.172 Y99.529 E.01183
G1 X24.372 Y99.92 E.01185
G1 X24.493 Y100.386 E.01299
G1 X24.497 Y100.553 E.00451
G1 X24.101 Y100.544 F9000
;TYPE:External perimeter
;WIDTH:0.419999
G1 F1800
G1 X24.111 Y100.958 E.01062
G1 X24.013 Y101.359 E.01059
G1 X23.853 Y101.682 E.00925
G1 X23.632 Y101.966 E.00923
G1 X23.36 Y102.202 E.00924
G1 X23.046 Y102.379 E.00925
G1 X22.703 Y102.49 E.00925
G1 X22.345 Y102.531 E.00924
G1 X21.986 Y102.5 E.00924
G1 X21.641 Y102.399 E.00922
G1 X21.322 Y102.231 E.00925
G1 X21.042 Y102.004 E.00925
G1 X20.814 Y101.725 E.00924
G1 X20.645 Y101.407 E.00924
G1 X20.541 Y101.047 E.00961
G1 X20.527 Y100.486 E.0144
G1 X20.626 Y100.085 E.0106
G1 X20.786 Y99.762 E.00925
G1 X21.006 Y99.477 E.00924
G1 X21.279 Y99.242 E.00924
G1 X21.593 Y99.065 E.00925
G1 X21.936 Y98.954 E.00925
G1 X22.293 Y98.913 E.00922
G1 X22.652 Y98.944 E.00924
G1 X22.998 Y99.045 E.00925
G1 X23.317 Y99.213 E.00925
G1 X23.596 Y99.44 E.00923
G1 X23.825 Y99.719 E.00926
G1 X23.994 Y100.037 E.00924
G1 X24.097 Y100.396 E.00958
G1 X24.099 Y100.484 E.00226
G1 E-3.5 F3600
;WIPE_START
G1 F7200
G1 X24.101 Y100.544 E-.02852
G1 X24.111 Y100.958 E-.19671
G1 X24.013 Y101.359 E-.19608
G1 X23.853 Y101.682 E-.17122
G1 X23.632 Y101.966 E-.17093
G1 X23.36 Y102.202 E-.17105
G1 X23.046 Y102.379 E-.17121
G1 X22.703 Y102.49 E-.17124
G1 X22.345 Y102.531 E-.17116
G1 X22.236 Y102.522 E-.05188
;WIPE_END
G1 X22.384 Y28.321 F9000
G1 E5 F2400
;TYPE:Perimeter
;WIDTH:0.439999
G1 F1800
G1 X21.964 Y28.306 E.01134
G1 X21.459 Y28.184 E.01402
G1 X20.988 Y27.965 E.01402
G1 X20.57 Y27.657 E.01401
G1 X20.222 Y27.272 E.014
G1 X19.956 Y26.825 E.01404
G1 X19.784 Y26.336 E.01399
G1 X19.74 Y26.067 E.00736
G1 X19.726 Y25.506 E.01514
G1 X19.836 Y24.923 E.01601
G1 X20.044 Y24.447 E.01402
G1 X20.341 Y24.022 E.01399
G1 X20.717 Y23.663 E.01403
G1 X21.157 Y23.387 E.01402
G1 X21.643 Y23.203 E.01402
G1 X22.155 Y23.119 E.014
G1 X22.675 Y23.138 E.01404
G1 X23.179 Y23.259 E.01399
G1 X23.65 Y23.479 E.01403
G1 X24.068 Y23.787 E.01401
G1 X24.417 Y24.172 E.01402
G1 X24.683 Y24.618 E.01401
G1 X24.854 Y25.108 E.014
G1 X24.898 Y25.376 E.00733
G1 X24.912 Y25.938 E.01517
G1 X24.803 Y26.52 E.01598
G1 X24.595 Y26.996 E.01402
G1 X24.297 Y27.422 E.01403
G1 X23.921 Y27.78 E.01401
G1 X23.482 Y28.057 E.01401
G1 X22.996 Y28.241 E.01402
G1 X22.483 Y28.325 E.01403
G1 X22.444 Y28.324 E.00105
G1 X22.374 Y27.918 F9000
G1 F1800
G1 X21.879 Y27.881 E.01339
G1 X21.46 Y27.751 E.01184
G1 X21.075 Y27.54 E.01185
G1 X20.739 Y27.258 E.01184
G1 X20.466 Y26.914 E.01185
G1 X20.267 Y26.524 E.01181
G1 X20.146 Y26.057 E.01302
G1 X20.132 Y25.496 E.01514
G1 X20.229 Y25.024 E.013
G1 X20.47 Y24.523 E.015
G1 X20.744 Y24.181 E.01183
G1 X21.081 Y23.899 E.01186
G1 X21.467 Y23.69 E.01184
G1 X22 Y23.547 E.01489
G1 X22.323 Y23.518 E.00875
G1 X22.76 Y23.563 E.01185
G1 X23.179 Y23.693 E.01184
G1 X23.564 Y23.903 E.01183
G1 X23.899 Y24.186 E.01183
G1 X24.172 Y24.529 E.01183
G1 X24.372 Y24.92 E.01185
G1 X24.493 Y25.386 E.01299
G1 X24.507 Y25.948 E.01517
G1 X24.409 Y26.42 E.01301
G1 X24.168 Y26.92 E.01498
G1 X23.894 Y27.263 E.01185
G1 X23.558 Y27.545 E.01184
G1 X23.172 Y27.754 E.01184
G1 X22.752 Y27.882 E.01185
G1 X22.434 Y27.922 E.00865
G1 X22.454 Y27.521 F9000
;TYPE:External perimeter
;WIDTH:0.419999
G1 F1800
G1 X22.384 Y27.53 E.00181
G1 X21.986 Y27.5 E.01024
G1 X21.641 Y27.399 E.00922
G1 X21.322 Y27.231 E.00925
G1 X21.042 Y27.004 E.00925
G1 X20.814 Y26.725 E.00924
G1 X20.645 Y26.407 E.00924
G1 X20.541 Y26.047 E.00961
G1 X20.527 Y25.486 E.0144
G1 X20.626 Y25.085 E.0106
G1 X20.786 Y24.762 E.00925
G1 X21.006 Y24.477 E.00924
G1 X21.279 Y24.242 E.00924
G1 X21.593 Y24.065 E.00925
G1 X22.049 Y23.94 E.01213
G1 X22.293 Y23.913 E.0063
G1 X22.652 Y23.944 E.00924
G1 X22.998 Y24.045 E.00925
G1 X23.317 Y24.213 E.00925
G1 X23.596 Y24.44 E.00923
G1 X23.825 Y24.719 E.00926
G1 X23.994 Y25.037 E.00924
G1 X24.097 Y25.396 E.00958
G1 X24.111 Y25.958 E.01442
G1 X24.013 Y26.359 E.01059
G1 X23.853 Y26.682 E.00925
G1 X23.632 Y26.966 E.00923
G1 X23.36 Y27.202 E.00924
G1 X23.046 Y27.379 E.00925
G1 X22.703 Y27.49 E.00925
G1 X22.514 Y27.514 E.00489
G1 E-3.5 F3600
;WIPE_START
G1 F7200
G1 X22.454 Y27.521 E-.02869
G1 X22.384 Y27.53 E-.03352
G1 X21.986 Y27.5 E-.18959
G1 X21.641 Y27.399 E-.17075
G1 X21.322 Y27.231 E-.17125
G1 X21.042 Y27.004 E-.17122
G1 X20.814 Y26.725 E-.17115
G1 X20.645 Y26.407 E-.17106
G1 X20.541 Y26.047 E-.17799
G1 X20.53 Y25.595 E-.21478
;WIPE_END
G1 X64.735 Y25.851 F9000
G1 E5 F2400
;TYPE:Perimeter
;WIDTH:0.439999
G1 F1800
G1 X64.726 Y25.506 E.00931
G1 X64.836 Y24.923 E.01601
G1 X65.044 Y24.447 E.01402
G1 X65.341 Y24.022 E.01399
G1 X65.717 Y23.663 E.01403
G1 X66.157 Y23.387 E.01402
G1 X66.643 Y23.203 E.01402
G1 X67.155 Y23.119 E.014
G1 X67.675 Y23.138 E.01404
G1 X68.179 Y23.259 E.01399
G1 X68.65 Y23.479 E.01403
G1 X69.068 Y23.787 E.01401
G1 X69.417 Y24.172 E.01402
G1 X69.683 Y24.618 E.01401
G1 X69.854 Y25.108 E.014
G1 X69.898 Y25.376 E.00733
G1 X69.912 Y25.938 E.01517
G1 X69.803 Y26.52 E.01598
G1 X69.595 Y26.996 E.01402
G1 X69.297 Y27.422 E.01403
G1 X68.921 Y27.78 E.01401
G1 X68.482 Y28.057 E.01401
G1 X67.996 Y28.241 E.01402
G1 X67.483 Y28.325 E.01403
G1 X66.964 Y28.306 E.01401
G1 X66.459 Y28.184 E.01402
G1 X65.988 Y27.965 E.01402
G1 X65.57 Y27.657 E.01401
G1 X65.222 Y27.272 E.014
G1 X64.956 Y26.825 E.01404
G1 X64.784 Y26.336 E.01399
G1 X64.74 Y26.067 E.00736
G1 X64.736 Y25.911 E.00421
G1 X65.14 Y25.831 F9000
G1 F1800
G1 X65.132 Y25.496 E.00904
G1 X65.229 Y25.024 E.013
G1 X65.409 Y24.623 E.01186
G1 X65.744 Y24.181 E.01497
G1 X66.081 Y23.899 E.01186
G1 X66.467 Y23.69 E.01184
G1 X66.886 Y23.561 E.01183
G1 X67.323 Y23.518 E.01185
G1 X67.76 Y23.563 E.01185
G1 X68.179 Y23.693 E.01184
G1 X68.564 Y23.903 E.01183
G1 X68.899 Y24.186 E.01183
G1 X69.172 Y24.529 E.01183
G1 X69.372 Y24.92 E.01185
G1 X69.493 Y25.386 E.01299
G1 X69.507 Y25.948 E.01517
G1 X69.409 Y26.42 E.01301
G1 X69.168 Y26.92 E.01498
G1 X68.894 Y27.263 E.01185
G1 X68.558 Y27.545 E.01184
G1 X68.172 Y27.754 E.01184
G1 X67.752 Y27.882 E.01185
G1 X67.316 Y27.925 E.01182
G1 X66.879 Y27.881 E.01185
G1 X66.46 Y27.751 E.01184
G1 X66.075 Y27.54 E.01185
G1 X65.739 Y27.258 E.01184
G1 X65.466 Y26.914 E.01185
G1 X65.267 Y26.524 E.01181
G1 X65.146 Y26.057 E.01302
G1 X65.142 Y25.891 E.00448
G1 X65.538 Y25.9 F9000
;TYPE:External perimeter
;WIDTH:0.419999
G1 F1800
G1 X65.527 Y25.486 E.01062
G1 X65.626 Y25.085 E.0106
G1 X65.766 Y24.795 E.00826
G1 X66.006 Y24.477 E.01022
G1 X66.279 Y24.242 E.00924
G1 X66.593 Y24.065 E.00925
G1 X66.936 Y23.954 E.00925
G1 X67.293 Y23.913 E.00922
G1 X67.652 Y23.944 E.00924
G1 X67.998 Y24.045 E.00925
G1 X68.317 Y24.213 E.00925
G1 X68.596 Y24.44 E.00923
G1 X68.825 Y24.719 E.00926
G1 X68.994 Y25.037 E.00924
G1 X69.097 Y25.396 E.00958
G1 X69.111 Y25.958 E.01442
G1 X69.013 Y26.359 E.01059
G1 X68.853 Y26.682 E.00925
G1 X68.632 Y26.966 E.00923
G1 X68.36 Y27.202 E.00924
G1 X68.046 Y27.379 E.00925
G1 X67.703 Y27.49 E.00925
G1 X67.345 Y27.531 E.00924
G1 X66.986 Y27.5 E.00924
G1 X66.641 Y27.399 E.00922
G1 X66.322 Y27.231 E.00925
G1 X66.042 Y27.004 E.00925
G1 X65.814 Y26.725 E.00924
G1 X65.645 Y26.407 E.00924
G1 X65.541 Y26.047 E.00961
G1 X65.539 Y25.96 E.00223
G1 E-3.5 F3600
;WIPE_START
G1 F7200
G1 X65.538 Y25.9 E-.0285
G1 X65.527 Y25.486 E-.19672
G1 X65.626 Y25.085 E-.19619
G1 X65.766 Y24.795 E-.15296
G1 X66.006 Y24.477 E-.18924
G1 X66.279 Y24.242 E-.1711
G1 X66.593 Y24.065 E-.17121
G1 X66.936 Y23.954 E-.17124
G1 X67.293 Y23.913 E-.17069
G1 X67.403 Y23.922 E-.05215
;WIPE_END
G1 X67.255 Y173.122 F9000
G1 E5 F2400
;TYPE:Perimeter
;WIDTH:0.439999
G1 F1800
G1 X67.675 Y173.138 E.01134
G1 X68.179 Y173.259 E.01399
G1 X68.65 Y173.479 E.01403
G1 X69.068 Y173.787 E.01401
G1 X69.417 Y174.172 E.01402
G1 X69.683 Y174.618 E.01401
G1 X69.854 Y175.108 E.014
G1 X69.898 Y175.376 E.00733
G1 X69.912 Y175.938 E.01517
G1 X69.803 Y176.52 E.01598
G1 X69.595 Y176.996 E.01402
G1 X69.297 Y177.422 E.01403
G1 X68.921 Y177.78 E.01401
G1 X68.482 Y178.057 E.01401
G1 X67.996 Y178.241 E.01402
G1 X67.483 Y178.325 E.01403
G1 X66.964 Y178.306 E.01401
G1 X66.459 Y178.184 E.01402
G1 X65.988 Y177.965 E.01402
G1 X65.57 Y177.657 E.01401
G1 X65.222 Y177.272 E.014
G1 X64.956 Y176.825 E.01404
G1 X64.784 Y176.336 E.01399
G1 X64.74 Y176.067 E.00736
G1 X64.726 Y175.506 E.01514
G1 X64.836 Y174.923 E.01601
G1 X65.044 Y174.447 E.01402
G1 X65.341 Y174.022 E.01399
G1 X65.717 Y173.663 E.01403
G1 X66.157 Y173.387 E.01402
G1 X66.643 Y173.203 E.01402
G1 X67.155 Y173.119 E.014
G1 X67.195 Y173.12 E.00108
G1 X67.264 Y173.524 F9000
G1 F1800
G1 X67.323 Y173.518 E.0016
G1 X67.76 Y173.563 E.01185
G1 X68.179 Y173.693 E.01184
G1 X68.564 Y173.903 E.01183
G1 X68.899 Y174.186 E.01183
G1 X69.172 Y174.529 E.01183
G1 X69.372 Y174.92 E.01185
G1 X69.493 Y175.386 E.01299
G1 X69.507 Y175.948 E.01517
G1 X69.409 Y176.42 E.01301
G1 X69.23 Y176.82 E.01183
G1 X68.894 Y177.263 E.015
G1 X68.558 Y177.545 E.01184
G1 X68.172 Y177.754 E.01184
G1 X67.639 Y177.897 E.01489
G1 X67.316 Y177.925 E.00875
G1 X66.879 Y177.881 E.01185
G1 X66.46 Y177.751 E.01184
G1 X66.075 Y177.54 E.01185
G1 X65.739 Y177.258 E.01184
G1 X65.466 Y176.914 E.01185
G1 X65.267 Y176.524 E.01181
G1 X65.146 Y176.057 E.01302
G1 X65.132 Y175.496 E.01514
G1 X65.229 Y175.024 E.013
G1 X65.47 Y174.523 E.015
G1 X65.744 Y174.181 E.01183
G1 X66.081 Y173.899 E.01186
G1 X66.467 Y173.69 E.01184
G1 X66.886 Y173.561 E.01183
G1 X67.205 Y173.53 E.00865
G1 X67.185 Y173.925 F9000
;TYPE:External perimeter
;WIDTH:0.419999
G1 F1800
G1 X67.293 Y173.913 E.00279
G1 X67.652 Y173.944 E.00924
G1 X67.998 Y174.045 E.00925
G1 X68.317 Y174.213 E.00925
G1 X68.596 Y174.44 E.00923
G1 X68.825 Y174.719 E.00926
G1 X68.994 Y175.037 E.00924
G1 X69.097 Y175.396 E.00958
G1 X69.111 Y175.958 E.01442
G1 X69.013 Y176.359 E.01059
G1 X68.873 Y176.649 E.00826
G1 X68.632 Y176.966 E.01022
G1 X68.36 Y177.202 E.00924
G1 X68.046 Y177.379 E.00925
G1 X67.59 Y177.504 E.01213
G1 X67.345 Y177.531 E.00632
G1 X66.986 Y177.5 E.00924
G1 X66.641 Y177.399 E.00922
G1 X66.322 Y177.231 E.00925
G1 X66.042 Y177.004 E.00925
G1 X65.814 Y176.725 E.00924
G1 X65.645 Y176.407 E.00924
G1 X65.541 Y176.047 E.00961
G1 X65.527 Y175.486 E.0144
G1 X65.626 Y175.085 E.0106
G1 X65.786 Y174.762 E.00925
G1 X66.006 Y174.477 E.00924
G1 X66.279 Y174.242 E.00924
G1 X66.593 Y174.065 E.00925
G1 X66.936 Y173.954 E.00925
G1 X67.125 Y173.932 E.00488
G1 E-3.5 F3600
;WIPE_START
G1 F7200
G1 X67.185 Y173.925 E-.02869
G1 X67.293 Y173.913 E-.05162
G1 X67.652 Y173.944 E-.17116
G1 X67.998 Y174.045 E-.17121
G1 X68.317 Y174.213 E-.17125
G1 X68.596 Y174.44 E-.17085
G1 X68.825 Y174.719 E-.17145
G1 X68.994 Y175.037 E-.17106
G1 X69.097 Y175.396 E-.1774
G1 X69.109 Y175.849 E-.21531
;WIPE_END
G1 X24.904 Y175.593 F9000
G1 E5 F2400
;TYPE:Perimeter
;WIDTH:0.439999
G1 F1800
G1 X24.912 Y175.938 E.00931
G1 X24.803 Y176.52 E.01598
G1 X24.595 Y176.996 E.01402
G1 X24.297 Y177.422 E.01403
G1 X23.921 Y177.78 E.01401
G1 X23.482 Y178.057 E.01401
G1 X22.996 Y178.241 E.01402
G1 X22.483 Y178.325 E.01403
G1 X21.964 Y178.306 E.01401
G1 X21.459 Y178.184 E.01402
G1 X20.988 Y177.965 E.01402
G1 X20.57 Y177.657 E.01401
G1 X20.222 Y177.272 E.014
G1 X19.956 Y176.825 E.01404
G1 X19.784 Y176.336 E.01399
G1 X19.74 Y176.067 E.00736
G1 X19.726 Y175.506 E.01514
G1 X19.836 Y174.923 E.01601
G1 X20.044 Y174.447 E.01402
G1 X20.341 Y174.022 E.01399
G1 X20.717 Y173.663 E.01403
G1 X21.157 Y173.387 E.01402
G1 X21.643 Y173.203 E.01402
G1 X22.155 Y173.119 E.014
G1 X22.675 Y173.138 E.01404
G1 X23.179 Y173.259 E.01399
G1 X23.65 Y173.479 E.01403
G1 X24.068 Y173.787 E.01401
G1 X24.417 Y174.172 E.01402
G1 X24.683 Y174.618 E.01401
G1 X24.854 Y175.108 E.014
G1 X24.898 Y175.376 E.00733
G1 X24.902 Y175.533 E.00424
G1 X24.498 Y175.613 F9000
G1 F1800
G1 X24.507 Y175.948 E.00904
G1 X24.409 Y176.42 E.01301
G1 X24.168 Y176.92 E.01498
G1 X23.894 Y177.263 E.01185
G1 X23.558 Y177.545 E.01184
G1 X23.172 Y177.754 E.01184
G1 X22.752 Y177.882 E.01185
G1 X22.316 Y177.925 E.01182
G1 X21.879 Y177.881 E.01185
G1 X21.46 Y177.751 E.01184
G1 X21.075 Y177.54 E.01185
G1 X20.739 Y177.258 E.01184
G1 X20.466 Y176.914 E.01185
G1 X20.267 Y176.524 E.01181
G1 X20.146 Y176.057 E.01302
G1 X20.132 Y175.496 E.01514
G1 X20.229 Y175.024 E.013
G1 X20.47 Y174.523 E.015
G1 X20.744 Y174.181 E.01183
G1 X21.081 Y173.899 E.01186
G1 X21.467 Y173.69 E.01184
G1 X21.886 Y173.561 E.01183
G1 X22.323 Y173.518 E.01185
G1 X22.76 Y173.563 E.01185
G1 X23.07 Y173.65 E.00869
G1 X23.564 Y173.903 E.01498
G1 X23.899 Y174.186 E.01183
G1 X24.172 Y174.529 E.01183
G1 X24.372 Y174.92 E.01185
G1 X24.493 Y175.386 E.01299
G1 X24.497 Y175.553 E.00451
G1 X24.101 Y175.544 F9000
;TYPE:External perimeter
;WIDTH:0.419999
G1 F1800
G1 X24.111 Y175.958 E.01062
G1 X24.013 Y176.359 E.01059
G1 X23.853 Y176.682 E.00925
G1 X23.632 Y176.966 E.00923
G1 X23.36 Y177.202 E.00924
G1 X23.046 Y177.379 E.00925
G1 X22.703 Y177.49 E.00925
G1 X22.345 Y177.531 E.00924
G1 X21.986 Y177.5 E.00924
G1 X21.641 Y177.399 E.00922
G1 X21.322 Y177.231 E.00925
G1 X21.042 Y177.004 E.00925
G1 X20.814 Y176.725 E.00924
G1 X20.645 Y176.407 E.00924
G1 X20.541 Y176.047 E.00961
G1 X20.527 Y175.486 E.0144
G1 X20.626 Y175.085 E.0106
G1 X20.786 Y174.762 E.00925
G1 X21.006 Y174.477 E.00924
G1 X21.279 Y174.242 E.00924
G1 X21.593 Y174.065 E.00925
G1 X21.936 Y173.954 E.00925
G1 X22.293 Y173.913 E.00922
G1 X22.652 Y173.944 E.00924
G1 X22.962 Y174.031 E.00826
G1 X23.317 Y174.213 E.01023
G1 X23.596 Y174.44 E.00923
G1 X23.825 Y174.719 E.00926
G1 X23.994 Y175.037 E.00924
G1 X24.097 Y175.396 E.00958
G1 X24.099 Y175.484 E.00226
G1 E-3.5 F3600
;WIPE_START
G1 F7200
G1 X24.101 Y175.544 E-.02852
G1 X24.111 Y175.958 E-.19671
G1 X24.013 Y176.359 E-.19608
G1 X23.853 Y176.682 E-.17122
G1 X23.632 Y176.966 E-.17093
G1 X23.36 Y177.202 E-.17105
G1 X23.046 Y177.379 E-.17121
G1 X22.703 Y177.49 E-.17124
G1 X22.345 Y177.531 E-.17116
G1 X22.236 Y177.522 E-.05188
;WIPE_END
G1 X27.808 Y184.711 F9000
G1 E5 F2400
;TYPE:Perimeter
;WIDTH:0.439999
G1 F3600
G1 X18.331 Y184.711 E.25574
G1 X18.331 Y16.733 E4.53286
G1 X71.308 Y16.733 E1.42957
G1 X71.308 Y184.711 E4.53286
G1 X61.831 Y184.711 E.25574
G1 X61.831 Y18.705 E4.47964
G1 X61.791 Y18.426 E.00761
G1 X61.632 Y18.108 E.00959
G1 X61.304 Y17.827 E.01165
G1 X60.837 Y17.711 E.01298
G1 X28.674 Y17.711 E.86791
G1 X28.334 Y17.827 E.00969
G1 X28.007 Y18.108 E.01163
G1 X27.848 Y18.426 E.00959
G1 X27.808 Y18.705 E.00761
G1 X27.808 Y184.651 E4.47802
G1 X28.214 Y185.116 F9000
G1 F3600
G1 X17.925 Y185.116 E.27765
G1 X17.925 Y16.328 E4.55471
G1 X71.714 Y16.328 E1.45149
G1 X71.714 Y185.116 E4.55471
G1 X61.425 Y185.116 E.27765
G1 X61.425 Y18.587 E4.49375
G1 X61.307 Y18.352 E.0071
G1 X61.113 Y18.185 E.00691
G1 X60.837 Y18.116 E.00768
G1 X28.802 Y18.116 E.86446
G1 X28.525 Y18.185 E.0077
G1 X28.331 Y18.352 E.00691
G1 X28.237 Y18.54 E.00567
G1 X28.214 Y18.705 E.0045
G1 X28.214 Y185.056 E4.48895
G1 X28.609 Y185.512 F9000
;TYPE:External perimeter
;WIDTH:0.419999
G1 F1800
G1 X17.529 Y185.512 E.28425
G1 X17.529 Y15.932 E4.35047
G1 X72.109 Y15.932 E1.40022
G1 X72.109 Y185.512 E4.35047
G1 X61.029 Y185.512 E.28425
G1 X61.029 Y18.705 E4.27933
G1 X60.991 Y18.589 E.00313
G1 X60.837 Y18.512 E.00442
G1 X28.802 Y18.512 E.82184
G1 X28.648 Y18.589 E.00442
G1 X28.609 Y18.705 E.00314
G1 X28.609 Y185.452 E4.2778
G1 X27.68 Y183.843 F9000
;TYPE:Top solid infill
;WIDTH:0.400329
G1 F1800
G1 X27.105 Y184.418 E.0198
G1 X26.587 Y184.418 E.01261
G1 X27.516 Y183.49 E.03197
G1 X27.516 Y182.972 E.01261
G1 X26.07 Y184.418 E.04979
G1 X25.552 Y184.418 E.01261
G1 X27.516 Y182.455 E.0676
G1 X27.516 Y181.937 E.01261
G1 X25.035 Y184.418 E.08542
G1 X24.517 Y184.418 E.01261
G1 X27.516 Y181.419 E.10326
G1 X27.516 Y180.902 E.01259
G1 X23.999 Y184.418 E.12107
G1 X23.482 Y184.418 E.01259
G1 X27.516 Y180.384 E.13889
G1 X27.516 Y179.867 E.01259
G1 X22.964 Y184.418 E.15671
G1 X22.447 Y184.418 E.01259
G1 X27.516 Y179.349 E.17453
G1 X27.516 Y178.831 E.01261
G1 X21.929 Y184.418 E.19236
G1 X21.411 Y184.418 E.01261
G1 X27.516 Y178.314 E.21018
G1 X27.516 Y177.796 E.01261
G1 X20.894 Y184.418 E.228
G1 X20.376 Y184.418 E.01261
G1 X27.516 Y177.279 E.24582
G1 X27.516 Y176.761 E.01261
G1 X19.859 Y184.418 E.26363
G1 X19.341 Y184.418 E.01261
G1 X27.516 Y176.244 E.28145
G1 X27.516 Y175.726 E.01261
G1 X18.823 Y184.418 E.29929
G1 X18.623 Y184.418 E.00487
G1 X18.623 Y184.101 E.00772
G1 X27.516 Y175.208 E.30619
G1 X27.516 Y174.691 E.01259
G1 X18.623 Y183.583 E.30617
G1 X18.623 Y183.066 E.01259
G1 X23.22 Y178.468 E.15829
G1 X23.411 Y178.41 E.00486
G1 X23.624 Y178.312 E.00571
G1 X23.911 Y178.147 E.00806
G1 X24.111 Y178.003 E.006
G1 X24.359 Y177.784 E.00805
G1 X24.528 Y177.602 E.00605
G1 X24.728 Y177.338 E.00806
G1 X24.856 Y177.127 E.00601
G1 X25 Y176.829 E.00806
G1 X25.08 Y176.608 E.00572
G1 X27.516 Y174.173 E.08386
G1 X27.516 Y173.656 E.01259
G1 X25.205 Y175.966 E.07955
G1 X25.193 Y175.461 E.0123
G1 X27.516 Y173.138 E.07998
G1 X27.516 Y172.62 E.01261
G1 X25.129 Y175.007 E.08219
G1 X24.999 Y174.619 E.00996
G1 X27.516 Y172.103 E.08664
G1 X27.516 Y171.585 E.01261
G1 X24.828 Y174.273 E.09255
G1 X24.622 Y173.961 E.0091
G1 X27.516 Y171.068 E.09962
G1 X27.516 Y170.55 E.01261
G1 X24.381 Y173.685 E.10794
G1 X24.106 Y173.443 E.00892
G1 X27.516 Y170.032 E.11742
G1 X27.516 Y169.515 E.01259
G1 X23.801 Y173.229 E.12789
G1 X23.457 Y173.056 E.00937
G1 X27.516 Y168.997 E.13975
G1 X27.516 Y168.48 E.01259
G1 X23.07 Y172.925 E.15306
G1 X22.636 Y172.842 E.01076
G1 X27.516 Y167.962 E.16802
G1 X27.516 Y167.444 E.01261
G1 X21.944 Y173.016 E.19185
G1 E-3.5 F3600
;WIPE_START
G1 F7200
G1 X24.177 Y170.783 E-1.5
;WIPE_END
G1 X22.755 Y178.417 F9000
G1 E5 F2400
G1 F1800
G1 X18.623 Y182.548 E.14225
G1 X18.623 Y182.031 E.01259
G1 X22.05 Y178.604 E.11799
G1 X21.884 Y178.592 E.00405
G1 X21.612 Y178.524 E.00683
G1 X18.623 Y181.513 E.10291
G1 X18.623 Y180.995 E.01261
G1 X21.216 Y178.402 E.08928
G1 X20.869 Y178.232 E.00941
G1 X18.623 Y180.478 E.07733
G1 X18.623 Y179.96 E.01261
G1 X20.56 Y178.023 E.06669
G1 X20.283 Y177.783 E.00892
G1 X18.623 Y179.443 E.05715
G1 X18.623 Y178.925 E.01261
G1 X20.039 Y177.509 E.04875
G1 X19.828 Y177.202 E.00907
G1 X18.623 Y178.407 E.04149
G1 X18.623 Y177.89 E.01259
G1 X19.654 Y176.859 E.0355
G1 X19.521 Y176.474 E.00992
G1 X18.623 Y177.372 E.03092
G1 X18.623 Y176.855 E.01259
G1 X19.447 Y176.031 E.02837
G1 X19.435 Y175.525 E.01232
G1 X18.623 Y176.337 E.02796
G1 X18.623 Y175.82 E.01259
G1 X19.54 Y174.903 E.03157
G1 X19.639 Y174.615 E.00741
G1 X19.782 Y174.316 E.00807
G1 X19.911 Y174.105 E.00602
G1 X20.111 Y173.841 E.00806
G1 X20.279 Y173.66 E.00601
G1 X20.527 Y173.441 E.00805
G1 X20.728 Y173.297 E.00602
G1 X21.015 Y173.131 E.00807
G1 X21.24 Y173.03 E.006
G1 X21.5 Y172.942 E.00668
G1 X27.516 Y166.927 E.20712
G1 X27.516 Y166.409 E.01261
G1 X18.623 Y175.302 E.30619
G1 X18.623 Y174.784 E.01261
G1 X27.516 Y165.892 E.30617
G1 X27.516 Y165.374 E.01261
G1 X18.623 Y174.267 E.30619
G1 X18.623 Y173.749 E.01261
G1 X27.516 Y164.856 E.30619
G1 X27.516 Y164.339 E.01259
G1 X18.623 Y173.232 E.30619
G1 X18.623 Y172.714 E.01261
G1 X27.516 Y163.821 E.30619
G1 X27.516 Y163.304 E.01259
G1 X18.623 Y172.196 E.30617
G1 X18.623 Y171.679 E.01259
G1 X27.516 Y162.786 E.30619
G1 X27.516 Y162.269 E.01259
G1 X18.623 Y171.161 E.30617
G1 X18.623 Y170.644 E.01259
G1 X27.516 Y161.751 E.30619
G1 X27.516 Y161.233 E.01261
G1 X18.623 Y170.126 E.30619
G1 X18.623 Y169.608 E.01261
G1 X27.516 Y160.716 E.30617
G1 X27.516 Y160.198 E.01261
G1 X18.623 Y169.091 E.30619
G1 X18.623 Y168.573 E.01261
G1 X27.516 Y159.681 E.30617
G1 X27.516 Y159.163 E.01261
G1 X18.623 Y168.056 E.30619
G1 X18.623 Y167.538 E.01261
G1 X27.516 Y158.645 E.30619
G1 X27.516 Y158.128 E.01259
G1 X18.623 Y167.02 E.30617
G1 X18.623 Y166.503 E.01259
G1 X27.516 Y157.61 E.30619
G1 X27.516 Y157.093 E.01259
G1 X18.623 Y165.985 E.30617
G1 X18.623 Y165.468 E.01259
G1 X27.516 Y156.575 E.30619
G1 X27.516 Y156.057 E.01261
G1 X18.623 Y164.95 E.30619
G1 X18.623 Y164.432 E.01261
G1 X27.516 Y155.54 E.30617
G1 X27.516 Y155.022 E.01261
G1 X18.623 Y163.915 E.30619
G1 X18.623 Y163.397 E.01261
G1 X27.516 Y154.505 E.30617
G1 X27.516 Y153.987 E.01261
G1 X18.623 Y162.88 E.30619
G1 X18.623 Y162.362 E.01261
G1 X27.516 Y153.469 E.30619
G1 X27.516 Y152.952 E.01259
G1 X18.623 Y161.845 E.30619
G1 X18.623 Y161.327 E.01261
G1 X27.516 Y152.434 E.30619
G1 X27.516 Y151.917 E.01259
G1 X18.623 Y160.809 E.30617
G1 X18.623 Y160.292 E.01259
G1 X27.516 Y151.399 E.30619
G1 X27.516 Y150.881 E.01261
G1 X18.623 Y159.774 E.30619
G1 X18.623 Y159.257 E.01259
G1 X27.516 Y150.364 E.30619
G1 X27.516 Y149.846 E.01261
G1 X18.623 Y158.739 E.30619
G1 X18.623 Y158.221 E.01261
G1 X27.516 Y149.329 E.30617
G1 X27.516 Y148.811 E.01261
G1 X18.623 Y157.704 E.30619
G1 X18.623 Y157.186 E.01261
G1 X27.516 Y148.294 E.30617
G1 X27.516 Y147.776 E.01261
G1 X18.623 Y156.669 E.30619
G1 X18.623 Y156.151 E.01261
G1 X27.516 Y147.258 E.30619
G1 X27.516 Y146.741 E.01259
G1 X18.623 Y155.633 E.30617
G1 X18.623 Y155.116 E.01259
G1 X27.516 Y146.223 E.30619
G1 X27.516 Y145.706 E.01259
G1 X18.623 Y154.598 E.30617
G1 X18.623 Y154.081 E.01259
G1 X27.516 Y145.188 E.30619
G1 X27.516 Y144.67 E.01261
G1 X18.623 Y153.563 E.30619
G1 X18.623 Y153.045 E.01261
G1 X27.516 Y144.153 E.30617
G1 X27.516 Y143.635 E.01261
G1 X18.623 Y152.528 E.30619
G1 X18.623 Y152.01 E.01261
G1 X27.516 Y143.118 E.30617
G1 X27.516 Y142.6 E.01261
G1 X18.623 Y151.493 E.30619
G1 X18.623 Y150.975 E.01261
G1 X27.516 Y142.082 E.30619
G1 X27.516 Y141.565 E.01259
G1 X18.623 Y150.457 E.30617
G1 X18.623 Y149.94 E.01259
G1 X27.516 Y141.047 E.30619
G1 X27.516 Y140.53 E.01259
G1 X18.623 Y149.422 E.30617
G1 X18.623 Y148.905 E.01259
G1 X27.516 Y140.012 E.30619
G1 X27.516 Y139.494 E.01261
G1 X18.623 Y148.387 E.30619
G1 X18.623 Y147.87 E.01259
G1 X27.516 Y138.977 E.30619
G1 X27.516 Y138.459 E.01261
G1 X18.623 Y147.352 E.30619
G1 X18.623 Y146.834 E.01261
G1 X27.516 Y137.942 E.30617
G1 X27.516 Y137.424 E.01261
G1 X18.623 Y146.317 E.30619
G1 X18.623 Y145.799 E.01261
G1 X27.516 Y136.907 E.30617
G1 X27.516 Y136.389 E.01261
G1 X18.623 Y145.282 E.30619
G1 X18.623 Y144.764 E.01261
G1 X27.516 Y135.871 E.30619
G1 X27.516 Y135.354 E.01259
G1 X18.623 Y144.246 E.30617
G1 X18.623 Y143.729 E.01259
G1 X27.516 Y134.836 E.30619
G1 X27.516 Y134.319 E.01259
G1 X18.623 Y143.211 E.30617
G1 X18.623 Y142.694 E.01259
G1 X27.516 Y133.801 E.30619
G1 X27.516 Y133.283 E.01261
G1 X18.623 Y142.176 E.30619
G1 X18.623 Y141.658 E.01261
G1 X27.516 Y132.766 E.30617
G1 X27.516 Y132.248 E.01261
G1 X18.623 Y141.141 E.30619
G1 X18.623 Y140.623 E.01261
G1 X27.516 Y131.731 E.30617
G1 X27.516 Y131.213 E.01261
G1 X18.623 Y140.106 E.30619
G1 X18.623 Y139.588 E.01261
G1 X27.516 Y130.695 E.30619
G1 X27.516 Y130.178 E.01259
G1 X18.623 Y139.07 E.30617
G1 X18.623 Y138.553 E.01259
G1 X27.516 Y129.66 E.30619
G1 X27.516 Y129.143 E.01259
G1 X18.623 Y138.035 E.30617
G1 X18.623 Y137.518 E.01259
G1 X27.516 Y128.625 E.30619
G1 X27.516 Y128.107 E.01261
G1 X18.623 Y137 E.30619
G1 X18.623 Y136.483 E.01259
G1 X27.516 Y127.59 E.30619
G1 X27.516 Y127.072 E.01261
G1 X18.623 Y135.965 E.30619
G1 X18.623 Y135.447 E.01261
G1 X27.516 Y126.555 E.30617
G1 X27.516 Y126.037 E.01261
G1 X18.623 Y134.93 E.30619
G1 X18.623 Y134.412 E.01261
G1 X27.516 Y125.519 E.30619
G1 X27.516 Y125.002 E.01259
G1 X18.623 Y133.895 E.30619
G1 X18.623 Y133.377 E.01261
G1 X27.516 Y124.484 E.30619
G1 X27.516 Y123.967 E.01259
G1 X18.623 Y132.859 E.30617
G1 X18.623 Y132.342 E.01259
G1 X27.516 Y123.449 E.30619
G1 X27.516 Y122.932 E.01259
G1 X18.623 Y131.824 E.30617
G1 X18.623 Y131.307 E.01259
G1 X27.516 Y122.414 E.30619
G1 X27.516 Y121.896 E.01261
G1 X18.623 Y130.789 E.30619
G1 X18.623 Y130.271 E.01261
G1 X27.516 Y121.379 E.30617
G1 X27.516 Y120.861 E.01261
G1 X18.623 Y129.754 E.30619
G1 X18.623 Y129.236 E.01261
G1 X27.516 Y120.344 E.30617
G1 X27.516 Y119.826 E.01261
G1 X18.623 Y128.719 E.30619
G1 X18.623 Y128.201 E.01261
G1 X27.516 Y119.308 E.30619
G1 X27.516 Y118.791 E.01259
G1 X18.623 Y127.683 E.30617
G1 X18.623 Y127.166 E.01259
G1 X27.516 Y118.273 E.30619
G1 X27.516 Y117.756 E.01259
G1 X18.623 Y126.648 E.30617
G1 X18.623 Y126.131 E.01259
G1 X27.516 Y117.238 E.30619
G1 X27.516 Y116.72 E.01261
G1 X18.623 Y125.613 E.30619
G1 X18.623 Y125.095 E.01261
G1 X27.516 Y116.203 E.30617
G1 X27.516 Y115.685 E.01261
G1 X18.623 Y124.578 E.30619
G1 X18.623 Y124.06 E.01261
G1 X27.516 Y115.168 E.30617
G1 X27.516 Y114.65 E.01261
G1 X18.623 Y123.543 E.30619
G1 X18.623 Y123.025 E.01261
G1 X27.516 Y114.132 E.30619
G1 X27.516 Y113.615 E.01259
G1 X18.623 Y122.508 E.30619
G1 X18.623 Y121.99 E.01261
G1 X27.516 Y113.097 E.30619
G1 X27.516 Y112.58 E.01259
G1 X18.623 Y121.472 E.30617
G1 X18.623 Y120.955 E.01259
G1 X27.516 Y112.062 E.30619
G1 X27.516 Y111.544 E.01261
G1 X18.623 Y120.437 E.30619
G1 X18.623 Y119.92 E.01259
G1 X27.516 Y111.027 E.30619
G1 X27.516 Y110.509 E.01261
G1 X18.623 Y119.402 E.30619
G1 X18.623 Y118.884 E.01261
G1 X27.516 Y109.992 E.30617
G1 X27.516 Y109.474 E.01261
G1 X18.623 Y118.367 E.30619
G1 X18.623 Y117.849 E.01261
G1 X27.516 Y108.957 E.30617
G1 X27.516 Y108.439 E.01261
G1 X18.623 Y117.332 E.30619
G1 X18.623 Y116.814 E.01261
G1 X27.516 Y107.921 E.30619
G1 X27.516 Y107.404 E.01259
G1 X18.623 Y116.296 E.30617
G1 X18.623 Y115.779 E.01259
G1 X27.516 Y106.886 E.30619
G1 X27.516 Y106.369 E.01259
G1 X18.623 Y115.261 E.30617
G1 X18.623 Y114.744 E.01259
G1 X27.516 Y105.851 E.30619
G1 X27.516 Y105.333 E.01261
G1 X18.623 Y114.226 E.30619
G1 X18.623 Y113.708 E.01261
G1 X27.516 Y104.816 E.30617
G1 X27.516 Y104.298 E.01261
G1 X18.623 Y113.191 E.30619
G1 X18.623 Y112.673 E.01261
G1 X27.516 Y103.781 E.30617
G1 X27.516 Y103.263 E.01261
G1 X18.623 Y112.156 E.30619
G1 X18.623 Y111.638 E.01261
G1 X27.516 Y102.745 E.30619
G1 X27.516 Y102.228 E.01259
G1 X18.623 Y111.12 E.30617
G1 X18.623 Y110.603 E.01259
G1 X27.516 Y101.71 E.30619
G1 X27.516 Y101.193 E.01259
G1 X18.623 Y110.085 E.30617
G1 X18.623 Y109.568 E.01259
G1 X27.516 Y100.675 E.30619
G1 X27.516 Y100.157 E.01261
G1 X18.623 Y109.05 E.30619
G1 X18.623 Y108.533 E.01259
G1 X27.516 Y99.64 E.30619
G1 X27.516 Y99.122 E.01261
G1 X25.099 Y101.539 E.08322
G1 X25 Y101.829 E.00746
G1 X24.856 Y102.127 E.00806
G1 X24.728 Y102.338 E.00601
G1 X24.528 Y102.602 E.00806
G1 X24.359 Y102.784 E.00605
G1 X24.111 Y103.003 E.00805
G1 X23.911 Y103.147 E.006
G1 X23.624 Y103.312 E.00806
G1 X23.398 Y103.414 E.00604
G1 X23.136 Y103.502 E.00673
G1 X18.623 Y108.015 E.15538
G1 X18.623 Y107.497 E.01261
G1 X22.504 Y103.616 E.13362
G1 X22.001 Y103.602 E.01225
G1 X18.623 Y106.98 E.11631
G1 X18.623 Y106.462 E.01261
G1 X21.567 Y103.518 E.10136
G1 X21.18 Y103.388 E.00994
G1 X18.623 Y105.945 E.08804
G1 X18.623 Y105.427 E.01261
G1 X20.836 Y103.214 E.07619
G1 X20.532 Y103 E.00905
G1 X18.623 Y104.909 E.06573
G1 X18.623 Y104.392 E.01259
G1 X20.257 Y102.758 E.05626
G1 X20.016 Y102.481 E.00894
G1 X18.623 Y103.874 E.04796
G1 X18.623 Y103.357 E.01259
G1 X19.81 Y102.169 E.04089
G1 X19.639 Y101.823 E.0094
G1 X18.623 Y102.839 E.03498
G1 X18.623 Y102.321 E.01261
G1 X19.509 Y101.435 E.03051
G1 X19.446 Y100.981 E.01116
G1 X18.623 Y101.804 E.02834
G1 X18.623 Y101.286 E.01261
G1 X19.623 Y100.286 E.03443
G1 E-3.5 F3600
;WIPE_START
G1 F7200
G1 X18.623 Y101.286 E-.67175
G1 X18.623 Y101.804 E-.24605
G1 X19.446 Y100.981 E-.55285
G1 X19.455 Y101.042 E-.02935
;WIPE_END
G1 X25.029 Y101.091 F9000
G1 E5 F2400
G1 F1800
G1 X27.516 Y98.605 E.08561
G1 X27.516 Y98.087 E.01261
G1 X25.192 Y100.411 E.08002
G1 X25.117 Y99.968 E.01094
G1 X27.516 Y97.569 E.0826
G1 X27.516 Y97.052 E.01259
G1 X24.984 Y99.583 E.08716
G1 X24.81 Y99.24 E.00936
G1 X27.516 Y96.534 E.09317
G1 X27.516 Y96.017 E.01259
G1 X24.599 Y98.934 E.10043
G1 X24.355 Y98.66 E.00893
G1 X27.516 Y95.499 E.10883
G1 X27.516 Y94.982 E.01259
G1 X24.077 Y98.42 E.11839
G1 X23.769 Y98.211 E.00906
G1 X27.516 Y94.464 E.12901
G1 X27.516 Y93.946 E.01261
G1 X23.421 Y98.041 E.14099
G1 X23.031 Y97.914 E.00999
G1 X27.516 Y93.429 E.15442
G1 X27.516 Y92.911 E.01261
G1 X22.589 Y97.838 E.16964
G1 X22.371 Y97.822 E.00532
G1 X22.075 Y97.834 E.00721
G1 X27.516 Y92.394 E.18732
G1 X27.516 Y91.876 E.01261
G1 X21.424 Y97.968 E.20975
G1 X21.015 Y98.131 E.01072
G1 X20.728 Y98.297 E.00807
G1 X20.527 Y98.441 E.00602
G1 X20.279 Y98.66 E.00805
G1 X20.111 Y98.841 E.00601
G1 X19.911 Y99.105 E.00806
G1 X19.782 Y99.316 E.00602
G1 X19.639 Y99.615 E.00807
G1 X19.559 Y99.832 E.00563
G1 X18.623 Y100.769 E.03224
G1 X18.623 Y100.251 E.01261
G1 X27.516 Y91.358 E.30619
G1 X27.516 Y90.841 E.01259
G1 X18.623 Y99.733 E.30617
G1 X18.623 Y99.216 E.01259
G1 X27.516 Y90.323 E.30619
G1 X27.516 Y89.806 E.01259
G1 X18.623 Y98.698 E.30617
G1 X18.623 Y98.181 E.01259
G1 X27.516 Y89.288 E.30619
G1 X27.516 Y88.77 E.01261
G1 X18.623 Y97.663 E.30619
G1 X18.623 Y97.146 E.01259
G1 X27.516 Y88.253 E.30619
G1 X27.516 Y87.735 E.01261
G1 X18.623 Y96.628 E.30619
G1 X18.623 Y96.11 E.01261
G1 X27.516 Y87.218 E.30617
G1 X27.516 Y86.7 E.01261
G1 X18.623 Y95.593 E.30619
G1 X18.623 Y95.075 E.01261
G1 X27.516 Y86.182 E.30619
G1 X27.516 Y85.665 E.01259
G1 X18.623 Y94.558 E.30619
G1 X18.623 Y94.04 E.01261
G1 X27.516 Y85.147 E.30619
G1 X27.516 Y84.63 E.01259
G1 X18.623 Y93.522 E.30617
G1 X18.623 Y93.005 E.01259
G1 X27.516 Y84.112 E.30619
G1 X27.516 Y83.595 E.01259
G1 X18.623 Y92.487 E.30617
G1 X18.623 Y91.97 E.01259
G1 X27.516 Y83.077 E.30619
G1 X27.516 Y82.559 E.01261
G1 X18.623 Y91.452 E.30619
G1 X18.623 Y90.934 E.01261
G1 X27.516 Y82.042 E.30617
G1 X27.516 Y81.524 E.01261
G1 X18.623 Y90.417 E.30619
G1 X18.623 Y89.899 E.01261
G1 X27.516 Y81.007 E.30617
G1 X27.516 Y80.489 E.01261
G1 X18.623 Y89.382 E.30619
G1 X18.623 Y88.864 E.01261
G1 X27.516 Y79.971 E.30619
G1 X27.516 Y79.454 E.01259
G1 X18.623 Y88.346 E.30617
G1 X18.623 Y87.829 E.01259
G1 X27.516 Y78.936 E.30619
G1 X27.516 Y78.419 E.01259
G1 X18.623 Y87.311 E.30617
G1 X18.623 Y86.794 E.01259
G1 X27.516 Y77.901 E.30619
G1 X27.516 Y77.383 E.01261
G1 X18.623 Y86.276 E.30619
G1 X18.623 Y85.758 E.01261
G1 X27.516 Y76.866 E.30617
G1 X27.516 Y76.348 E.01261
G1 X18.623 Y85.241 E.30619
G1 X18.623 Y84.723 E.01261
G1 X27.516 Y75.831 E.30617
G1 X27.516 Y75.313 E.01261
G1 X18.623 Y84.206 E.30619
G1 X18.623 Y83.688 E.01261
G1 X27.516 Y74.795 E.30619
G1 X27.516 Y74.278 E.01259
G1 X18.623 Y83.171 E.30619
G1 X18.623 Y82.653 E.01261
G1 X27.516 Y73.76 E.30619
G1 X27.516 Y73.243 E.01259
G1 X18.623 Y82.135 E.30617
G1 X18.623 Y81.618 E.01259
G1 X27.516 Y72.725 E.30619
G1 X27.516 Y72.207 E.01261
G1 X18.623 Y81.1 E.30619
G1 X18.623 Y80.583 E.01259
G1 X27.516 Y71.69 E.30619
G1 X27.516 Y71.172 E.01261
G1 X18.623 Y80.065 E.30619
G1 X18.623 Y79.547 E.01261
G1 X27.516 Y70.655 E.30617
G1 X27.516 Y70.137 E.01261
G1 X18.623 Y79.03 E.30619
G1 X18.623 Y78.512 E.01261
G1 X27.516 Y69.62 E.30617
G1 X27.516 Y69.102 E.01261
G1 X18.623 Y77.995 E.30619
G1 X18.623 Y77.477 E.01261
G1 X27.516 Y68.584 E.30619
G1 X27.516 Y68.067 E.01259
G1 X18.623 Y76.959 E.30617
G1 X18.623 Y76.442 E.01259
G1 X27.516 Y67.549 E.30619
G1 X27.516 Y67.032 E.01259
G1 X18.623 Y75.924 E.30617
G1 X18.623 Y75.407 E.01259
G1 X27.516 Y66.514 E.30619
G1 X27.516 Y65.996 E.01261
G1 X18.623 Y74.889 E.30619
G1 X18.623 Y74.371 E.01261
G1 X27.516 Y65.479 E.30617
G1 X27.516 Y64.961 E.01261
G1 X18.623 Y73.854 E.30619
G1 X18.623 Y73.336 E.01261
G1 X27.516 Y64.444 E.30617
G1 X27.516 Y63.926 E.01261
G1 X18.623 Y72.819 E.30619
G1 X18.623 Y72.301 E.01261
G1 X27.516 Y63.408 E.30619
G1 X27.516 Y62.891 E.01259
G1 X18.623 Y71.783 E.30617
G1 X18.623 Y71.266 E.01259
G1 X27.516 Y62.373 E.30619
G1 X27.516 Y61.856 E.01259
G1 X18.623 Y70.748 E.30617
G1 X18.623 Y70.231 E.01259
G1 X27.516 Y61.338 E.30619
G1 X27.516 Y60.82 E.01261
G1 X18.623 Y69.713 E.30619
G1 X18.623 Y69.196 E.01259
G1 X27.516 Y60.303 E.30619
G1 X27.516 Y59.785 E.01261
G1 X18.623 Y68.678 E.30619
G1 X18.623 Y68.16 E.01261
G1 X27.516 Y59.268 E.30617
G1 X27.516 Y58.75 E.01261
G1 X18.623 Y67.643 E.30619
G1 X18.623 Y67.125 E.01261
G1 X27.516 Y58.232 E.30619
G1 X27.516 Y57.715 E.01259
G1 X18.623 Y66.608 E.30619
G1 X18.623 Y66.09 E.01261
G1 X27.516 Y57.197 E.30619
G1 X27.516 Y56.68 E.01259
G1 X18.623 Y65.572 E.30617
G1 X18.623 Y65.055 E.01259
G1 X27.516 Y56.162 E.30619
G1 X27.516 Y55.645 E.01259
G1 X18.623 Y64.537 E.30617
G1 X18.623 Y64.02 E.01259
G1 X27.516 Y55.127 E.30619
G1 X27.516 Y54.609 E.01261
G1 X18.623 Y63.502 E.30619
G1 X18.623 Y62.984 E.01261
G1 X27.516 Y54.092 E.30617
G1 X27.516 Y53.574 E.01261
G1 X18.623 Y62.467 E.30619
G1 X18.623 Y61.949 E.01261
G1 X27.516 Y53.057 E.30617
G1 X27.516 Y52.539 E.01261
G1 X18.623 Y61.432 E.30619
G1 X18.623 Y60.914 E.01261
G1 X27.516 Y52.021 E.30619
G1 X27.516 Y51.504 E.01259
G1 X18.623 Y60.396 E.30617
G1 X18.623 Y59.879 E.01259
G1 X27.516 Y50.986 E.30619
G1 X27.516 Y50.469 E.01259
G1 X18.623 Y59.361 E.30617
G1 X18.623 Y58.844 E.01259
G1 X27.516 Y49.951 E.30619
G1 X27.516 Y49.433 E.01261
G1 X18.623 Y58.326 E.30619
G1 X18.623 Y57.808 E.01261
G1 X27.516 Y48.916 E.30617
G1 X27.516 Y48.398 E.01261
G1 X18.623 Y57.291 E.30619
G1 X18.623 Y56.773 E.01261
G1 X27.516 Y47.881 E.30617
G1 X27.516 Y47.363 E.01261
G1 X18.623 Y56.256 E.30619
G1 X18.623 Y55.738 E.01261
G1 X27.516 Y46.845 E.30619
G1 X27.516 Y46.328 E.01259
G1 X18.623 Y55.221 E.30619
G1 X18.623 Y54.703 E.01261
G1 X27.516 Y45.81 E.30619
G1 X27.516 Y45.293 E.01259
G1 X18.623 Y54.185 E.30617
G1 X18.623 Y53.668 E.01259
G1 X27.516 Y44.775 E.30619
G1 X27.516 Y44.258 E.01259
G1 X18.623 Y53.15 E.30617
G1 X18.623 Y52.633 E.01259
G1 X27.516 Y43.74 E.30619
G1 X27.516 Y43.222 E.01261
G1 X18.623 Y52.115 E.30619
G1 X18.623 Y51.597 E.01261
G1 X27.516 Y42.705 E.30617
G1 X27.516 Y42.187 E.01261
G1 X18.623 Y51.08 E.30619
G1 X18.623 Y50.562 E.01261
G1 X27.516 Y41.67 E.30617
G1 X27.516 Y41.152 E.01261
G1 X18.623 Y50.045 E.30619
G1 X18.623 Y49.527 E.01261
G1 X27.516 Y40.634 E.30619
G1 X27.516 Y40.117 E.01259
G1 X18.623 Y49.009 E.30617
G1 X18.623 Y48.492 E.01259
G1 X27.516 Y39.599 E.30619
G1 X27.516 Y39.082 E.01259
G1 X18.623 Y47.974 E.30617
G1 X18.623 Y47.457 E.01259
G1 X27.516 Y38.564 E.30619
G1 X27.516 Y38.046 E.01261
G1 X18.623 Y46.939 E.30619
G1 X18.623 Y46.421 E.01261
G1 X27.516 Y37.529 E.30617
G1 X27.516 Y37.011 E.01261
G1 X18.623 Y45.904 E.30619
G1 X18.623 Y45.386 E.01261
G1 X27.516 Y36.494 E.30617
G1 X27.516 Y35.976 E.01261
G1 X18.623 Y44.869 E.30619
G1 X18.623 Y44.351 E.01261
G1 X27.516 Y35.458 E.30619
G1 X27.516 Y34.941 E.01259
G1 X18.623 Y43.834 E.30619
G1 X18.623 Y43.316 E.01261
G1 X27.516 Y34.423 E.30619
G1 X27.516 Y33.906 E.01259
G1 X18.623 Y42.798 E.30617
G1 X18.623 Y42.281 E.01259
G1 X27.516 Y33.388 E.30619
G1 X27.516 Y32.87 E.01261
G1 X18.623 Y41.763 E.30619
G1 X18.623 Y41.246 E.01259
G1 X27.516 Y32.353 E.30619
G1 X27.516 Y31.835 E.01261
G1 X18.623 Y40.728 E.30619
G1 X18.623 Y40.21 E.01261
G1 X27.516 Y31.318 E.30617
G1 X27.516 Y30.8 E.01261
G1 X18.623 Y39.693 E.30619
G1 X18.623 Y39.175 E.01261
G1 X27.516 Y30.283 E.30617
G1 X27.516 Y29.765 E.01261
G1 X18.623 Y38.658 E.30619
G1 X18.623 Y38.14 E.01261
G1 X27.516 Y29.247 E.30619
G1 X27.516 Y28.73 E.01259
G1 X18.623 Y37.622 E.30617
G1 X18.623 Y37.105 E.01259
G1 X27.516 Y28.212 E.30619
G1 X27.516 Y27.695 E.01259
G1 X18.623 Y36.587 E.30617
G1 X18.623 Y36.07 E.01259
G1 X27.516 Y27.177 E.30619
G1 X27.516 Y26.659 E.01261
G1 X18.623 Y35.552 E.30619
G1 X18.623 Y35.034 E.01261
G1 X27.516 Y26.142 E.30617
G1 X27.516 Y25.624 E.01261
G1 X18.623 Y34.517 E.30619
G1 X18.623 Y33.999 E.01261
G1 X27.516 Y25.107 E.30617
G1 X27.516 Y24.589 E.01261
G1 X18.623 Y33.482 E.30619
G1 X18.623 Y32.964 E.01261
G1 X23.063 Y28.525 E.15285
G1 X22.844 Y28.575 E.00547
G1 X22.452 Y28.617 E.0096
G1 X18.623 Y32.446 E.13183
G1 X18.623 Y31.929 E.01259
G1 X21.954 Y28.598 E.11469
G1 X21.527 Y28.507 E.01063
G1 X18.623 Y31.411 E.09999
G1 X18.623 Y30.894 E.01259
G1 X21.144 Y28.373 E.0868
G1 X20.805 Y28.194 E.00933
G1 X18.623 Y30.376 E.07513
G1 X18.623 Y29.859 E.01259
G1 X20.504 Y27.978 E.06476
G1 X20.231 Y27.733 E.00893
G1 X18.623 Y29.341 E.05536
G1 X18.623 Y28.823 E.01261
G1 X19.993 Y27.454 E.04715
G1 X19.792 Y27.136 E.00916
G1 X18.623 Y28.306 E.04027
G1 X18.623 Y27.788 E.01261
G1 X19.624 Y26.787 E.03446
G1 X19.5 Y26.394 E.01003
G1 X18.623 Y27.271 E.0302
G1 X18.623 Y26.753 E.01261
G1 X19.445 Y25.931 E.0283
G1 X19.441 Y25.417 E.01251
G1 X18.458 Y26.4 E.03385
G1 E-3.5 F3600
;WIPE_START
G1 F7200
G1 X19.441 Y25.417 E-.66033
G1 X19.445 Y25.931 E-.24416
G1 X18.623 Y26.753 E-.55218
G1 X18.623 Y26.844 E-.04333
;WIPE_END
G1 X27.68 Y23.907 F9000
G1 E5 F2400
G1 F1800
G1 X25.116 Y26.472 E.0883
G1 X25.186 Y26.184 E.00722
G1 X25.203 Y25.867 E.00773
G1 X27.516 Y23.554 E.07964
G1 X27.516 Y23.036 E.01261
G1 X25.19 Y25.362 E.08009
G1 X25.105 Y24.929 E.01074
G1 X27.516 Y22.519 E.08299
G1 X27.516 Y22.001 E.01261
G1 X24.969 Y24.548 E.08769
G1 X24.792 Y24.207 E.00935
G1 X27.516 Y21.483 E.09379
G1 X27.516 Y20.966 E.01259
G1 X24.576 Y23.906 E.10123
G1 X24.329 Y23.634 E.00895
G1 X27.516 Y20.448 E.10971
G1 X27.516 Y19.931 E.01259
G1 X24.049 Y23.397 E.11935
G1 X23.734 Y23.194 E.00912
G1 X27.516 Y19.413 E.1302
G1 X27.516 Y18.895 E.01261
G1 X23.387 Y23.024 E.14216
G1 X22.991 Y22.903 E.01008
G1 X27.582 Y18.312 E.15807
G1 X27.773 Y17.93 E.0104
G1 X28.194 Y17.569 E.0135
G1 X28.343 Y17.518 E.00383
G1 X28.343 Y17.033 E.01181
G1 X22.54 Y22.836 E.1998
G1 X22.279 Y22.818 E.00637
G1 X22.017 Y22.841 E.0064
G1 X27.833 Y17.026 E.20023
G1 X27.315 Y17.026 E.01261
G1 X21.347 Y22.994 E.20548
G1 X21.015 Y23.131 E.00874
G1 X20.728 Y23.297 E.00807
G1 X20.527 Y23.441 E.00602
G1 X20.279 Y23.66 E.00805
G1 X20.111 Y23.841 E.00601
G1 X19.911 Y24.105 E.00806
G1 X19.782 Y24.316 E.00602
G1 X19.588 Y24.752 E.01162
G1 X18.623 Y25.718 E.03324
G1 X18.623 Y25.2 E.01261
G1 X26.798 Y17.026 E.28145
G1 X26.28 Y17.026 E.01261
G1 X18.623 Y24.683 E.26363
G1 X18.623 Y24.165 E.01261
G1 X25.763 Y17.026 E.24582
G1 X25.245 Y17.026 E.01261
G1 X18.623 Y23.647 E.22798
G1 X18.623 Y23.13 E.01259
G1 X24.727 Y17.026 E.21016
G1 X24.21 Y17.026 E.01259
G1 X18.623 Y22.612 E.19235
G1 X18.623 Y22.095 E.01259
G1 X23.692 Y17.026 E.17453
G1 X23.175 Y17.026 E.01259
G1 X18.623 Y21.577 E.15671
G1 X18.623 Y21.059 E.01261
G1 X22.657 Y17.026 E.13887
G1 X22.139 Y17.026 E.01261
G1 X18.623 Y20.542 E.12106
G1 X18.623 Y20.024 E.01261
G1 X21.622 Y17.026 E.10324
G1 X21.104 Y17.026 E.01261
G1 X18.623 Y19.507 E.08542
G1 X18.623 Y18.989 E.01261
G1 X20.587 Y17.026 E.0676
G1 X20.069 Y17.026 E.01261
G1 X18.623 Y18.471 E.04977
G1 X18.623 Y17.954 E.01259
G1 X19.551 Y17.026 E.03195
G1 X19.034 Y17.026 E.01259
G1 X18.458 Y17.601 E.01981
G1 E-3.5 F3600
;WIPE_START
G1 F7200
G1 X19.034 Y17.026 E-.38659
G1 X19.551 Y17.026 E-.24558
G1 X18.623 Y17.954 E-.62339
G1 X18.623 Y18.469 E-.24444
;WIPE_END
G1 X30.136 Y17.398 F9000
G1 E5 F2400
;TYPE:Internal infill
;WIDTH:0.44
G1 F3600
G1 X28.728 Y17.372 E.038
G1 X29.055 Y17.046 E.01246
G1 X29.986 Y17.046 E.02512
G1 X30.339 Y17.398 E.01345
G1 X36.352 Y17.398 E.16226
G1 X36.704 Y17.046 E.01343
G1 X37.636 Y17.046 E.02515
G1 X37.988 Y17.398 E.01343
G1 X44.001 Y17.398 E.16226
G1 X44.354 Y17.046 E.01345
G1 X45.285 Y17.046 E.02512
G1 X45.638 Y17.398 E.01345
G1 X51.65 Y17.398 E.16223
G1 X52.003 Y17.046 E.01345
G1 X52.934 Y17.046 E.02512
G1 X53.287 Y17.398 E.01345
G1 X59.3 Y17.398 E.16226
G1 X59.652 Y17.046 E.01343
G1 X60.584 Y17.046 E.02515
G1 X60.91 Y17.372 E.01244
G1 X60.91 Y17.413 E.00111
G1 X59.502 Y17.398 E.038
G1 E-3.5
;WIPE_START
G1 F7200
G1 X60.91 Y17.413 E-.66884
G1 X60.91 Y17.372 E-.01948
G1 X60.584 Y17.046 E-.21899
G1 X59.652 Y17.046 E-.4427
G1 X59.428 Y17.269 E-.14999
;WIPE_END
G1 X71.18 Y183.842 F9000
G1 E5 F2400
;TYPE:Top solid infill
;WIDTH:0.400872
G1 F1800
G1 X70.604 Y184.418 E.01986
G1 X70.085 Y184.418 E.01265
G1 X71.016 Y183.488 E.03209
G1 X71.016 Y182.97 E.01263
G1 X69.567 Y184.418 E.04995
G1 X69.049 Y184.418 E.01263
G1 X71.016 Y182.451 E.06783
G1 X71.016 Y181.933 E.01263
G1 X68.53 Y184.418 E.0857
G1 X68.012 Y184.418 E.01263
G1 X71.016 Y181.414 E.10358
G1 X71.016 Y180.896 E.01263
G1 X67.494 Y184.418 E.12144
G1 X66.975 Y184.418 E.01265
G1 X71.016 Y180.378 E.13932
G1 X71.016 Y179.859 E.01265
G1 X66.457 Y184.418 E.1572
G1 X65.939 Y184.418 E.01263
G1 X71.016 Y179.341 E.17506
G1 X71.016 Y178.823 E.01263
G1 X65.42 Y184.418 E.19294
G1 X64.902 Y184.418 E.01263
G1 X71.016 Y178.304 E.21082
G1 X71.016 Y177.786 E.01263
G1 X64.383 Y184.418 E.2287
G1 X63.865 Y184.418 E.01263
G1 X71.016 Y177.268 E.24656
G1 X71.016 Y176.749 E.01265
G1 X63.347 Y184.418 E.26444
G1 X62.828 Y184.418 E.01265
G1 X71.016 Y176.231 E.28232
G1 X71.016 Y175.712 E.01265
G1 X70.058 Y176.67 E.03303
G1 X69.856 Y177.127 E.01218
G1 X69.728 Y177.338 E.00602
G1 X69.528 Y177.602 E.00808
G1 X69.359 Y177.784 E.00606
G1 X69.111 Y178.003 E.00807
G1 X68.911 Y178.147 E.00601
G1 X68.624 Y178.312 E.00807
G1 X68.271 Y178.457 E.0093
G1 X62.31 Y184.418 E.20554
G1 X62.123 Y184.418 E.00456
G1 X62.123 Y184.087 E.00807
G1 X67.611 Y178.599 E.18923
G1 X67.361 Y178.625 E.00613
G1 X67.085 Y178.607 E.00674
G1 X62.123 Y183.568 E.17108
G1 X62.123 Y183.05 E.01263
G1 X66.636 Y178.537 E.15561
G1 X66.241 Y178.414 E.01009
G1 X62.123 Y182.532 E.14199
G1 X62.123 Y182.013 E.01265
G1 X65.893 Y178.244 E.12998
G1 X65.58 Y178.038 E.00914
G1 X62.123 Y181.495 E.1192
G1 X62.123 Y180.977 E.01263
G1 X65.3 Y177.8 E.10955
G1 X65.054 Y177.527 E.00896
G1 X62.123 Y180.458 E.10107
G1 X62.123 Y179.94 E.01263
G1 X64.84 Y177.223 E.09369
G1 X64.663 Y176.881 E.00939
G1 X62.123 Y179.422 E.0876
G1 X62.123 Y178.903 E.01265
G1 X64.528 Y176.498 E.08293
G1 X64.448 Y176.06 E.01086
G1 X62.123 Y178.385 E.08017
G1 X62.123 Y177.866 E.01265
G1 X64.435 Y175.554 E.07972
G1 X64.472 Y175.169 E.00943
G1 X64.53 Y174.941 E.00574
G1 X61.958 Y177.513 E.08869
G1 E-3.5 F3600
;WIPE_START
G1 F7200
G1 X64.191 Y175.28 E-1.5
;WIPE_END
G1 X71.18 Y175.03 F9000
G1 E5 F2400
G1 F1800
G1 X70.201 Y176.008 E.03374
G1 X70.194 Y175.498 E.01244
G1 X71.016 Y174.676 E.02834
G1 X71.016 Y174.157 E.01265
G1 X70.137 Y175.036 E.03031
G1 X70.01 Y174.645 E.01002
G1 X71.016 Y173.639 E.03469
G1 X71.016 Y173.121 E.01263
G1 X69.84 Y174.296 E.04053
G1 X69.638 Y173.98 E.00914
G1 X71.016 Y172.602 E.04752
G1 X71.016 Y172.084 E.01263
G1 X69.398 Y173.701 E.05577
G1 X69.124 Y173.457 E.00895
G1 X71.016 Y171.566 E.06522
G1 X71.016 Y171.047 E.01265
G1 X68.821 Y173.242 E.07569
G1 X68.48 Y173.064 E.00938
G1 X71.016 Y170.529 E.08743
G1 X71.016 Y170.011 E.01263
G1 X68.094 Y172.932 E.10074
G1 X67.664 Y172.844 E.0107
G1 X71.016 Y169.492 E.11558
G1 X71.016 Y168.974 E.01263
G1 X67.162 Y172.827 E.13287
G1 X66.795 Y172.869 E.00901
G1 X66.543 Y172.928 E.00631
G1 X71.016 Y168.455 E.15424
G1 X71.016 Y167.937 E.01263
G1 X62.123 Y176.83 E.30664
G1 X62.123 Y176.311 E.01265
G1 X71.016 Y167.419 E.30663
G1 X71.016 Y166.9 E.01265
G1 X62.123 Y175.793 E.30664
G1 X62.123 Y175.275 E.01263
G1 X71.016 Y166.382 E.30664
G1 X71.016 Y165.864 E.01263
G1 X62.123 Y174.756 E.30663
G1 X62.123 Y174.238 E.01263
G1 X71.016 Y165.345 E.30664
G1 X71.016 Y164.827 E.01263
G1 X62.123 Y173.72 E.30664
G1 X62.123 Y173.201 E.01265
G1 X71.016 Y164.309 E.30663
G1 X71.016 Y163.79 E.01265
G1 X62.123 Y172.683 E.30664
G1 X62.123 Y172.164 E.01265
G1 X71.016 Y163.272 E.30663
G1 X71.016 Y162.753 E.01265
G1 X62.123 Y171.646 E.30664
G1 X62.123 Y171.128 E.01263
G1 X71.016 Y162.235 E.30664
G1 X71.016 Y161.717 E.01263
G1 X62.123 Y170.609 E.30663
G1 X62.123 Y170.091 E.01263
G1 X71.016 Y161.198 E.30664
G1 X71.016 Y160.68 E.01263
G1 X62.123 Y169.573 E.30664
G1 X62.123 Y169.054 E.01265
G1 X71.016 Y160.162 E.30663
G1 X71.016 Y159.643 E.01265
G1 X62.123 Y168.536 E.30664
G1 X62.123 Y168.018 E.01263
G1 X71.016 Y159.125 E.30664
G1 X71.016 Y158.607 E.01263
G1 X62.123 Y167.499 E.30663
G1 X62.123 Y166.981 E.01263
G1 X71.016 Y158.088 E.30664
G1 X71.016 Y157.57 E.01263
G1 X62.123 Y166.463 E.30664
G1 X62.123 Y165.944 E.01265
G1 X71.016 Y157.052 E.30663
G1 X71.016 Y156.533 E.01265
G1 X62.123 Y165.426 E.30664
G1 X62.123 Y164.907 E.01265
G1 X71.016 Y156.015 E.30663
G1 X71.016 Y155.496 E.01265
G1 X62.123 Y164.389 E.30664
G1 X62.123 Y163.871 E.01263
G1 X71.016 Y154.978 E.30664
G1 X71.016 Y154.46 E.01263
G1 X62.123 Y163.352 E.30663
G1 X62.123 Y162.834 E.01263
G1 X71.016 Y153.941 E.30664
G1 X71.016 Y153.423 E.01263
G1 X62.123 Y162.316 E.30664
G1 X62.123 Y161.797 E.01265
G1 X71.016 Y152.905 E.30663
G1 X71.016 Y152.386 E.01265
G1 X62.123 Y161.279 E.30664
G1 X62.123 Y160.761 E.01263
G1 X71.016 Y151.868 E.30664
G1 X71.016 Y151.35 E.01263
G1 X62.123 Y160.242 E.30663
G1 X62.123 Y159.724 E.01263
G1 X71.016 Y150.831 E.30664
G1 X71.016 Y150.313 E.01263
G1 X62.123 Y159.205 E.30663
G1 X62.123 Y158.687 E.01263
G1 X71.016 Y149.794 E.30664
G1 X71.016 Y149.276 E.01263
G1 X62.123 Y158.169 E.30664
G1 X62.123 Y157.65 E.01265
G1 X71.016 Y148.758 E.30663
G1 X71.016 Y148.239 E.01265
G1 X62.123 Y157.132 E.30664
G1 X62.123 Y156.614 E.01263
G1 X71.016 Y147.721 E.30664
G1 X71.016 Y147.203 E.01263
G1 X62.123 Y156.095 E.30663
G1 X62.123 Y155.577 E.01263
G1 X71.016 Y146.684 E.30664
G1 X71.016 Y146.166 E.01263
G1 X62.123 Y155.059 E.30664
G1 X62.123 Y154.54 E.01265
G1 X71.016 Y145.648 E.30663
G1 X71.016 Y145.129 E.01265
G1 X62.123 Y154.022 E.30664
G1 X62.123 Y153.504 E.01263
G1 X71.016 Y144.611 E.30664
G1 X71.016 Y144.093 E.01263
G1 X62.123 Y152.985 E.30663
G1 X62.123 Y152.467 E.01263
G1 X71.016 Y143.574 E.30664
G1 X71.016 Y143.056 E.01263
G1 X62.123 Y151.948 E.30663
G1 X62.123 Y151.43 E.01263
G1 X71.016 Y142.537 E.30664
G1 X71.016 Y142.019 E.01263
G1 X62.123 Y150.912 E.30664
G1 X62.123 Y150.393 E.01265
G1 X71.016 Y141.501 E.30663
G1 X71.016 Y140.982 E.01265
G1 X62.123 Y149.875 E.30664
G1 X62.123 Y149.357 E.01263
G1 X71.016 Y140.464 E.30664
G1 X71.016 Y139.946 E.01263
G1 X62.123 Y148.838 E.30663
G1 X62.123 Y148.32 E.01263
G1 X71.016 Y139.427 E.30664
G1 X71.016 Y138.909 E.01263
G1 X62.123 Y147.802 E.30664
G1 X62.123 Y147.283 E.01265
G1 X71.016 Y138.391 E.30663
G1 X71.016 Y137.872 E.01265
G1 X62.123 Y146.765 E.30664
G1 X62.123 Y146.246 E.01265
G1 X71.016 Y137.354 E.30663
G1 X71.016 Y136.835 E.01265
G1 X62.123 Y145.728 E.30664
G1 X62.123 Y145.21 E.01263
G1 X71.016 Y136.317 E.30664
G1 X71.016 Y135.799 E.01263
G1 X62.123 Y144.691 E.30663
G1 X62.123 Y144.173 E.01263
G1 X71.016 Y135.28 E.30664
G1 X71.016 Y134.762 E.01263
G1 X62.123 Y143.655 E.30664
G1 X62.123 Y143.136 E.01265
G1 X71.016 Y134.244 E.30663
G1 X71.016 Y133.725 E.01265
G1 X62.123 Y142.618 E.30664
G1 X62.123 Y142.1 E.01263
G1 X71.016 Y133.207 E.30664
G1 X71.016 Y132.689 E.01263
G1 X62.123 Y141.581 E.30663
G1 X62.123 Y141.063 E.01263
G1 X71.016 Y132.17 E.30664
G1 X71.016 Y131.652 E.01263
G1 X62.123 Y140.545 E.30664
G1 X62.123 Y140.026 E.01265
G1 X71.016 Y131.134 E.30663
G1 X71.016 Y130.615 E.01265
G1 X62.123 Y139.508 E.30664
G1 X62.123 Y138.989 E.01265
G1 X71.016 Y130.097 E.30663
G1 X71.016 Y129.578 E.01265
G1 X62.123 Y138.471 E.30664
G1 X62.123 Y137.953 E.01263
G1 X71.016 Y129.06 E.30664
G1 X71.016 Y128.542 E.01263
G1 X62.123 Y137.434 E.30663
G1 X62.123 Y136.916 E.01263
G1 X71.016 Y128.023 E.30664
G1 X71.016 Y127.505 E.01263
G1 X62.123 Y136.398 E.30664
G1 X62.123 Y135.879 E.01265
G1 X71.016 Y126.987 E.30663
G1 X71.016 Y126.468 E.01265
G1 X62.123 Y135.361 E.30664
G1 X62.123 Y134.843 E.01263
G1 X71.016 Y125.95 E.30664
G1 X71.016 Y125.432 E.01263
G1 X62.123 Y134.324 E.30663
G1 X62.123 Y133.806 E.01263
G1 X71.016 Y124.913 E.30664
G1 X71.016 Y124.395 E.01263
G1 X62.123 Y133.287 E.30663
G1 X62.123 Y132.769 E.01263
G1 X71.016 Y123.876 E.30664
G1 X71.016 Y123.358 E.01263
G1 X62.123 Y132.251 E.30664
G1 X62.123 Y131.732 E.01265
G1 X71.016 Y122.84 E.30663
G1 X71.016 Y122.321 E.01265
G1 X62.123 Y131.214 E.30664
G1 X62.123 Y130.696 E.01263
G1 X71.016 Y121.803 E.30664
G1 X71.016 Y121.285 E.01263
G1 X62.123 Y130.177 E.30663
G1 X62.123 Y129.659 E.01263
G1 X71.016 Y120.766 E.30664
G1 X71.016 Y120.248 E.01263
G1 X62.123 Y129.141 E.30664
G1 X62.123 Y128.622 E.01265
G1 X71.016 Y119.73 E.30663
G1 X71.016 Y119.211 E.01265
G1 X62.123 Y128.104 E.30664
G1 X62.123 Y127.586 E.01263
G1 X71.016 Y118.693 E.30664
G1 X71.016 Y118.175 E.01263
G1 X62.123 Y127.067 E.30663
G1 X62.123 Y126.549 E.01263
G1 X71.016 Y117.656 E.30664
G1 X71.016 Y117.138 E.01263
G1 X62.123 Y126.03 E.30663
G1 X62.123 Y125.512 E.01263
G1 X71.016 Y116.619 E.30664
G1 X71.016 Y116.101 E.01263
G1 X62.123 Y124.994 E.30664
G1 X62.123 Y124.475 E.01265
G1 X71.016 Y115.583 E.30663
G1 X71.016 Y115.064 E.01265
G1 X62.123 Y123.957 E.30664
G1 X62.123 Y123.439 E.01263
G1 X71.016 Y114.546 E.30664
G1 X71.016 Y114.028 E.01263
G1 X62.123 Y122.92 E.30663
G1 X62.123 Y122.402 E.01263
G1 X71.016 Y113.509 E.30664
G1 X71.016 Y112.991 E.01263
G1 X62.123 Y121.884 E.30664
G1 X62.123 Y121.365 E.01265
G1 X71.016 Y112.473 E.30663
G1 X71.016 Y111.954 E.01265
G1 X62.123 Y120.847 E.30664
G1 X62.123 Y120.328 E.01265
G1 X71.016 Y111.436 E.30663
G1 X71.016 Y110.917 E.01265
G1 X62.123 Y119.81 E.30664
G1 X62.123 Y119.292 E.01263
G1 X71.016 Y110.399 E.30664
G1 X71.016 Y109.881 E.01263
G1 X62.123 Y118.773 E.30663
G1 X62.123 Y118.255 E.01263
G1 X71.016 Y109.362 E.30664
G1 X71.016 Y108.844 E.01263
G1 X62.123 Y117.737 E.30664
G1 X62.123 Y117.218 E.01265
G1 X71.016 Y108.326 E.30663
G1 X71.016 Y107.807 E.01265
G1 X62.123 Y116.7 E.30664
G1 X62.123 Y116.182 E.01263
G1 X71.016 Y107.289 E.30664
G1 X71.016 Y106.771 E.01263
G1 X62.123 Y115.663 E.30663
G1 X62.123 Y115.145 E.01263
G1 X71.016 Y106.252 E.30664
G1 X71.016 Y105.734 E.01263
G1 X62.123 Y114.627 E.30664
G1 X62.123 Y114.108 E.01265
G1 X71.016 Y105.216 E.30663
G1 X71.016 Y104.697 E.01265
G1 X62.123 Y113.59 E.30664
G1 X62.123 Y113.071 E.01265
G1 X71.016 Y104.179 E.30663
G1 X71.016 Y103.66 E.01265
G1 X62.123 Y112.553 E.30664
G1 X62.123 Y112.035 E.01263
G1 X71.016 Y103.142 E.30664
G1 X71.016 Y102.624 E.01263
G1 X62.123 Y111.516 E.30663
G1 X62.123 Y110.998 E.01263
G1 X71.016 Y102.105 E.30664
G1 X71.016 Y101.587 E.01263
G1 X62.123 Y110.48 E.30664
G1 X62.123 Y109.961 E.01265
G1 X71.016 Y101.069 E.30663
G1 X71.016 Y100.55 E.01265
G1 X70.122 Y101.444 E.03083
G1 X70.186 Y101.184 E.00653
G1 X70.202 Y100.845 E.00827
G1 X71.016 Y100.032 E.02805
G1 X71.016 Y99.514 E.01263
G1 X70.187 Y100.342 E.02857
G1 X70.1 Y99.911 E.01072
G1 X71.016 Y98.995 E.03159
G1 X71.016 Y98.477 E.01263
G1 X69.962 Y99.531 E.03634
G1 X69.783 Y99.191 E.00937
G1 X71.016 Y97.958 E.04252
G1 X71.016 Y97.44 E.01263
G1 X69.564 Y98.892 E.05007
G1 X69.316 Y98.621 E.00896
G1 X71.016 Y96.922 E.0586
G1 X71.016 Y96.403 E.01265
G1 X69.034 Y98.385 E.06834
G1 X68.717 Y98.184 E.00915
G1 X71.016 Y95.885 E.07927
G1 X71.016 Y95.367 E.01263
G1 X68.364 Y98.019 E.09144
G1 X67.968 Y97.896 E.01011
G1 X71.016 Y94.848 E.1051
G1 X71.016 Y94.33 E.01263
G1 X67.513 Y97.833 E.12079
G1 X67.124 Y97.828 E.00949
G1 X66.981 Y97.846 E.00351
G1 X71.18 Y93.647 E.14479
G1 E-3.5 F3600
;WIPE_START
G1 F7200
G1 X68.947 Y95.88 E-1.5
;WIPE_END
G1 X68.289 Y103.277 F9000
G1 E5 F2400
G1 F1800
G1 X62.123 Y109.443 E.21261
G1 X62.123 Y108.925 E.01263
G1 X67.43 Y103.618 E.18299
G1 X66.933 Y103.597 E.01213
G1 X62.123 Y108.406 E.16584
G1 X62.123 Y107.888 E.01263
G1 X66.509 Y103.502 E.15124
G1 X66.128 Y103.365 E.00987
G1 X62.123 Y107.369 E.13808
G1 X62.123 Y106.851 E.01263
G1 X65.79 Y103.184 E.12644
G1 X65.489 Y102.966 E.00906
G1 X62.123 Y106.333 E.11608
G1 X62.123 Y105.814 E.01265
G1 X65.218 Y102.72 E.1067
G1 X64.982 Y102.437 E.00898
G1 X62.123 Y105.296 E.09858
G1 X62.123 Y104.778 E.01263
G1 X64.783 Y102.118 E.09172
G1 X64.615 Y101.767 E.00949
G1 X62.123 Y104.259 E.08593
G1 X62.123 Y103.741 E.01263
G1 X64.495 Y101.369 E.08179
G1 X64.448 Y101.081 E.00711
G1 X64.444 Y100.902 E.00437
G1 X62.123 Y103.223 E.08003
G1 X62.123 Y102.704 E.01265
G1 X64.636 Y100.191 E.08665
G1 E-3.5 F3600
;WIPE_START
G1 F7200
G1 X62.403 Y102.424 E-1.5
;WIPE_END
G1 X61.958 Y102.35 F9000
G1 E5 F2400
G1 F1800
G1 X64.607 Y99.702 E.09132
G1 X64.782 Y99.316 E.01033
G1 X64.911 Y99.105 E.00603
G1 X65.111 Y98.841 E.00808
G1 X65.279 Y98.66 E.00602
G1 X65.527 Y98.441 E.00807
G1 X65.728 Y98.297 E.00603
G1 X66.015 Y98.131 E.00808
G1 X66.299 Y98.01 E.00753
G1 X71.016 Y93.293 E.16265
G1 X71.016 Y92.775 E.01263
G1 X62.123 Y101.668 E.30664
G1 X62.123 Y101.149 E.01265
G1 X71.016 Y92.256 E.30664
G1 X71.016 Y91.738 E.01263
G1 X62.123 Y100.631 E.30664
G1 X62.123 Y100.112 E.01265
G1 X71.016 Y91.22 E.30663
G1 X71.016 Y90.701 E.01265
G1 X62.123 Y99.594 E.30664
G1 X62.123 Y99.076 E.01263
G1 X71.016 Y90.183 E.30664
G1 X71.016 Y89.665 E.01263
G1 X62.123 Y98.557 E.30663
G1 X62.123 Y98.039 E.01263
G1 X71.016 Y89.146 E.30664
G1 X71.016 Y88.628 E.01263
G1 X62.123 Y97.521 E.30664
G1 X62.123 Y97.002 E.01265
G1 X71.016 Y88.11 E.30663
G1 X71.016 Y87.591 E.01265
G1 X62.123 Y96.484 E.30664
G1 X62.123 Y95.966 E.01263
G1 X71.016 Y87.073 E.30664
G1 X71.016 Y86.555 E.01263
G1 X62.123 Y95.447 E.30663
G1 X62.123 Y94.929 E.01263
G1 X71.016 Y86.036 E.30664
G1 X71.016 Y85.518 E.01263
G1 X62.123 Y94.41 E.30663
G1 X62.123 Y93.892 E.01263
G1 X71.016 Y84.999 E.30664
G1 X71.016 Y84.481 E.01263
G1 X62.123 Y93.374 E.30664
G1 X62.123 Y92.855 E.01265
G1 X71.016 Y83.963 E.30663
G1 X71.016 Y83.444 E.01265
G1 X62.123 Y92.337 E.30664
G1 X62.123 Y91.819 E.01263
G1 X71.016 Y82.926 E.30664
G1 X71.016 Y82.408 E.01263
G1 X62.123 Y91.3 E.30663
G1 X62.123 Y90.782 E.01263
G1 X71.016 Y81.889 E.30664
G1 X71.016 Y81.371 E.01263
G1 X62.123 Y90.264 E.30664
G1 X62.123 Y89.745 E.01265
G1 X71.016 Y80.853 E.30663
G1 X71.016 Y80.334 E.01265
G1 X62.123 Y89.227 E.30664
G1 X62.123 Y88.709 E.01263
G1 X71.016 Y79.816 E.30664
G1 X71.016 Y79.297 E.01265
G1 X62.123 Y88.19 E.30664
G1 X62.123 Y87.672 E.01263
G1 X71.016 Y78.779 E.30664
G1 X71.016 Y78.261 E.01263
G1 X62.123 Y87.153 E.30663
G1 X62.123 Y86.635 E.01263
G1 X71.016 Y77.742 E.30664
G1 X71.016 Y77.224 E.01263
G1 X62.123 Y86.117 E.30664
G1 X62.123 Y85.598 E.01265
G1 X71.016 Y76.706 E.30663
G1 X71.016 Y76.187 E.01265
G1 X62.123 Y85.08 E.30664
G1 X62.123 Y84.562 E.01263
G1 X71.016 Y75.669 E.30664
G1 X71.016 Y75.151 E.01263
G1 X62.123 Y84.043 E.30663
G1 X62.123 Y83.525 E.01263
G1 X71.016 Y74.632 E.30664
G1 X71.016 Y74.114 E.01263
G1 X62.123 Y83.007 E.30664
G1 X62.123 Y82.488 E.01265
G1 X71.016 Y73.596 E.30663
G1 X71.016 Y73.077 E.01265
G1 X62.123 Y81.97 E.30664
G1 X62.123 Y81.451 E.01265
G1 X71.016 Y72.559 E.30663
G1 X71.016 Y72.04 E.01265
G1 X62.123 Y80.933 E.30664
G1 X62.123 Y80.415 E.01263
G1 X71.016 Y71.522 E.30664
G1 X71.016 Y71.004 E.01263
G1 X62.123 Y79.896 E.30663
G1 X62.123 Y79.378 E.01263
G1 X71.016 Y70.485 E.30664
G1 X71.016 Y69.967 E.01263
G1 X62.123 Y78.86 E.30664
G1 X62.123 Y78.341 E.01265
G1 X71.016 Y69.449 E.30663
G1 X71.016 Y68.93 E.01265
G1 X62.123 Y77.823 E.30664
G1 X62.123 Y77.305 E.01263
G1 X71.016 Y68.412 E.30664
G1 X71.016 Y67.894 E.01263
G1 X62.123 Y76.786 E.30663
G1 X62.123 Y76.268 E.01263
G1 X71.016 Y67.375 E.30664
G1 X71.016 Y66.857 E.01263
G1 X62.123 Y75.75 E.30664
G1 X62.123 Y75.231 E.01265
G1 X71.016 Y66.338 E.30664
G1 X71.016 Y65.82 E.01263
G1 X62.123 Y74.713 E.30664
G1 X62.123 Y74.194 E.01265
G1 X71.016 Y65.302 E.30663
G1 X71.016 Y64.783 E.01265
G1 X62.123 Y73.676 E.30664
G1 X62.123 Y73.158 E.01263
G1 X71.016 Y64.265 E.30664
G1 X71.016 Y63.747 E.01263
G1 X62.123 Y72.639 E.30663
G1 X62.123 Y72.121 E.01263
G1 X71.016 Y63.228 E.30664
G1 X71.016 Y62.71 E.01263
G1 X62.123 Y71.603 E.30664
G1 X62.123 Y71.084 E.01265
G1 X71.016 Y62.192 E.30663
G1 X71.016 Y61.673 E.01265
G1 X62.123 Y70.566 E.30664
G1 X62.123 Y70.048 E.01263
G1 X71.016 Y61.155 E.30664
G1 X71.016 Y60.637 E.01263
G1 X62.123 Y69.529 E.30663
G1 X62.123 Y69.011 E.01263
G1 X71.016 Y60.118 E.30664
G1 X71.016 Y59.6 E.01263
G1 X62.123 Y68.492 E.30663
G1 X62.123 Y67.974 E.01263
G1 X71.016 Y59.081 E.30664
G1 X71.016 Y58.563 E.01263
G1 X62.123 Y67.456 E.30664
G1 X62.123 Y66.937 E.01265
G1 X71.016 Y58.045 E.30663
G1 X71.016 Y57.526 E.01265
G1 X62.123 Y66.419 E.30664
G1 X62.123 Y65.901 E.01263
G1 X71.016 Y57.008 E.30664
G1 X71.016 Y56.49 E.01263
G1 X62.123 Y65.382 E.30663
G1 X62.123 Y64.864 E.01263
G1 X71.016 Y55.971 E.30664
G1 X71.016 Y55.453 E.01263
G1 X62.123 Y64.346 E.30664
G1 X62.123 Y63.827 E.01265
G1 X71.016 Y54.935 E.30663
G1 X71.016 Y54.416 E.01265
G1 X62.123 Y63.309 E.30664
G1 X62.123 Y62.791 E.01263
G1 X71.016 Y53.898 E.30664
G1 X71.016 Y53.379 E.01265
G1 X62.123 Y62.272 E.30664
G1 X62.123 Y61.754 E.01263
G1 X71.016 Y52.861 E.30664
G1 X71.016 Y52.343 E.01263
G1 X62.123 Y61.235 E.30663
G1 X62.123 Y60.717 E.01263
G1 X71.016 Y51.824 E.30664
G1 X71.016 Y51.306 E.01263
G1 X62.123 Y60.199 E.30664
G1 X62.123 Y59.68 E.01265
G1 X71.016 Y50.788 E.30663
G1 X71.016 Y50.269 E.01265
G1 X62.123 Y59.162 E.30664
G1 X62.123 Y58.644 E.01263
G1 X71.016 Y49.751 E.30664
G1 X71.016 Y49.233 E.01263
G1 X62.123 Y58.125 E.30663
G1 X62.123 Y57.607 E.01263
G1 X71.016 Y48.714 E.30664
G1 X71.016 Y48.196 E.01263
G1 X62.123 Y57.089 E.30664
G1 X62.123 Y56.57 E.01265
G1 X71.016 Y47.678 E.30663
G1 X71.016 Y47.159 E.01265
G1 X62.123 Y56.052 E.30664
G1 X62.123 Y55.533 E.01265
G1 X71.016 Y46.641 E.30663
G1 X71.016 Y46.122 E.01265
G1 X62.123 Y55.015 E.30664
G1 X62.123 Y54.497 E.01263
G1 X71.016 Y45.604 E.30664
G1 X71.016 Y45.086 E.01263
G1 X62.123 Y53.978 E.30663
G1 X62.123 Y53.46 E.01263
G1 X71.016 Y44.567 E.30664
G1 X71.016 Y44.049 E.01263
G1 X62.123 Y52.942 E.30664
G1 X62.123 Y52.423 E.01265
G1 X71.016 Y43.531 E.30663
G1 X71.016 Y43.012 E.01265
G1 X62.123 Y51.905 E.30664
G1 X62.123 Y51.387 E.01263
G1 X71.016 Y42.494 E.30664
G1 X71.016 Y41.976 E.01263
G1 X62.123 Y50.868 E.30663
G1 X62.123 Y50.35 E.01263
G1 X71.016 Y41.457 E.30664
G1 X71.016 Y40.939 E.01263
G1 X62.123 Y49.832 E.30664
G1 X62.123 Y49.313 E.01265
G1 X71.016 Y40.42 E.30664
G1 X71.016 Y39.902 E.01263
G1 X62.123 Y48.795 E.30664
G1 X62.123 Y48.276 E.01265
G1 X71.016 Y39.384 E.30663
G1 X71.016 Y38.865 E.01265
G1 X62.123 Y47.758 E.30664
G1 X62.123 Y47.24 E.01263
G1 X71.016 Y38.347 E.30664
G1 X71.016 Y37.829 E.01263
G1 X62.123 Y46.721 E.30663
G1 X62.123 Y46.203 E.01263
G1 X71.016 Y37.31 E.30664
G1 X71.016 Y36.792 E.01263
G1 X62.123 Y45.685 E.30664
G1 X62.123 Y45.166 E.01265
G1 X71.016 Y36.274 E.30663
G1 X71.016 Y35.755 E.01265
G1 X62.123 Y44.648 E.30664
G1 X62.123 Y44.13 E.01263
G1 X71.016 Y35.237 E.30664
G1 X71.016 Y34.719 E.01263
G1 X62.123 Y43.611 E.30663
G1 X62.123 Y43.093 E.01263
G1 X71.016 Y34.2 E.30664
G1 X71.016 Y33.682 E.01263
G1 X62.123 Y42.574 E.30663
G1 X62.123 Y42.056 E.01263
G1 X71.016 Y33.163 E.30664
G1 X71.016 Y32.645 E.01263
G1 X62.123 Y41.538 E.30664
G1 X62.123 Y41.019 E.01265
G1 X71.016 Y32.127 E.30663
G1 X71.016 Y31.608 E.01265
G1 X62.123 Y40.501 E.30664
G1 X62.123 Y39.983 E.01263
G1 X71.016 Y31.09 E.30664
G1 X71.016 Y30.572 E.01263
G1 X62.123 Y39.464 E.30663
G1 X62.123 Y38.946 E.01263
G1 X71.016 Y30.053 E.30664
G1 X71.016 Y29.535 E.01263
G1 X62.123 Y38.428 E.30664
G1 X62.123 Y37.909 E.01265
G1 X71.016 Y29.017 E.30663
G1 X71.016 Y28.498 E.01265
G1 X62.123 Y37.391 E.30664
G1 X62.123 Y36.873 E.01263
G1 X71.016 Y27.98 E.30664
G1 X71.016 Y27.461 E.01265
G1 X62.123 Y36.354 E.30664
G1 X62.123 Y35.836 E.01263
G1 X71.016 Y26.943 E.30664
G1 X71.016 Y26.425 E.01263
G1 X62.123 Y35.317 E.30663
G1 X62.123 Y34.799 E.01263
G1 X71.016 Y25.906 E.30664
G1 X71.016 Y25.388 E.01263
G1 X70.175 Y26.228 E.02898
G1 X70.205 Y25.966 E.00643
G1 X70.198 Y25.687 E.0068
G1 X71.016 Y24.87 E.02819
G1 X71.016 Y24.351 E.01265
G1 X70.164 Y25.203 E.02938
G1 X70.136 Y25.028 E.00432
G1 X70.061 Y24.787 E.00615
G1 X71.016 Y23.833 E.03291
G1 X71.016 Y23.315 E.01263
G1 X69.909 Y24.422 E.03817
G1 X69.717 Y24.095 E.00925
G1 X71.016 Y22.796 E.04479
G1 X71.016 Y22.278 E.01263
G1 X69.49 Y23.804 E.05262
G1 X69.232 Y23.543 E.00895
G1 X71.016 Y21.76 E.0615
G1 X71.016 Y21.241 E.01265
G1 X68.939 Y23.318 E.07162
G1 X68.609 Y23.129 E.00927
G1 X71.016 Y20.723 E.08298
G1 X71.016 Y20.204 E.01265
G1 X68.245 Y22.975 E.09555
G1 X67.831 Y22.871 E.01041
G1 X71.016 Y19.686 E.10982
G1 X71.016 Y19.168 E.01263
G1 X67.361 Y22.822 E.12601
G1 X67.123 Y22.828 E.0058
G1 X66.795 Y22.87 E.00806
G1 X71.18 Y18.485 E.1512
G1 E-3.5 F3600
;WIPE_START
G1 F7200
G1 X68.947 Y20.718 E-1.5
;WIPE_END
G1 X68.044 Y28.359 F9000
G1 E5 F2400
G1 F1800
G1 X62.123 Y34.281 E.20418
G1 X62.123 Y33.762 E.01265
G1 X67.264 Y28.622 E.17725
G1 X66.795 Y28.572 E.0115
G1 X62.123 Y33.244 E.1611
G1 X62.123 Y32.726 E.01263
G1 X66.382 Y28.466 E.14687
G1 X66.02 Y28.31 E.00961
G1 X62.123 Y32.207 E.13437
G1 X62.123 Y31.689 E.01263
G1 X65.692 Y28.12 E.12306
G1 X65.399 Y27.894 E.00902
G1 X62.123 Y31.171 E.11298
G1 X62.123 Y30.652 E.01265
G1 X65.143 Y27.633 E.10412
G1 X64.916 Y27.341 E.00902
G1 X62.123 Y30.134 E.09631
G1 X62.123 Y29.615 E.01265
G1 X64.725 Y27.013 E.08972
G1 X64.574 Y26.646 E.00968
G1 X62.123 Y29.097 E.08451
G1 X62.123 Y28.579 E.01263
G1 X64.473 Y26.229 E.08103
G1 X64.448 Y26.081 E.00366
G1 X64.44 Y25.743 E.00824
G1 X62.123 Y28.06 E.07989
G1 X62.123 Y27.542 E.01263
G1 X64.692 Y24.973 E.08858
G1 E-3.5 F3600
;WIPE_START
G1 F7200
G1 X62.459 Y27.206 E-1.5
;WIPE_END
G1 X61.958 Y27.188 F9000
G1 E5 F2400
G1 F1800
G1 X71.016 Y18.131 E.31232
G1 X71.016 Y17.613 E.01263
G1 X62.123 Y26.505 E.30663
G1 X62.123 Y25.987 E.01263
G1 X71.016 Y17.094 E.30664
G1 X71.016 Y17.026 E.00166
G1 X70.566 Y17.026 E.01097
G1 X62.123 Y25.469 E.29113
G1 X62.123 Y24.95 E.01265
G1 X70.048 Y17.026 E.27325
G1 X69.529 Y17.026 E.01265
G1 X62.123 Y24.432 E.25537
G1 X62.123 Y23.914 E.01263
G1 X69.011 Y17.026 E.23751
G1 X68.493 Y17.026 E.01263
G1 X62.123 Y23.395 E.21963
G1 X62.123 Y22.877 E.01263
G1 X67.974 Y17.026 E.20175
G1 X67.456 Y17.026 E.01263
G1 X62.123 Y22.358 E.18387
G1 X62.123 Y21.84 E.01263
G1 X66.938 Y17.026 E.16601
G1 X66.419 Y17.026 E.01265
G1 X62.123 Y21.322 E.14813
G1 X62.123 Y20.803 E.01265
G1 X65.901 Y17.026 E.13025
G1 X65.383 Y17.026 E.01263
G1 X62.123 Y20.285 E.11239
G1 X62.123 Y19.767 E.01263
G1 X64.864 Y17.026 E.09451
G1 X64.346 Y17.026 E.01263
G1 X62.123 Y19.248 E.07664
G1 X62.123 Y18.73 E.01263
G1 X63.827 Y17.026 E.05876
G1 X63.309 Y17.026 E.01263
G1 X62.045 Y18.289 E.04357
G1 X61.873 Y17.944 E.0094
G1 X62.791 Y17.026 E.03165
G1 X62.272 Y17.026 E.01265
G1 X61.598 Y17.7 E.02324
G1 X61.442 Y17.567 E.005
G1 X61.296 Y17.53 E.00367
G1 X61.296 Y17.483 E.00115
G1 X61.919 Y16.861 E.02146
;LAYER_CHANGE
;Z:2.12
;HEIGHT:0.16
;BEFORE_LAYER_CHANGE
G92 E0
;2.12


G1 E-3.5 F3600
;WIPE_START
G1 F7200
G1 X61.296 Y17.483 E-.41817
G1 X61.296 Y17.53 E-.02233
G1 X61.442 Y17.567 E-.07154
G1 X61.598 Y17.7 E-.09737
G1 X62.272 Y17.026 E-.45276
G1 X62.791 Y17.026 E-.24653
G1 X62.506 Y17.311 E-.1913
;WIPE_END
G1 Z2.12 F9000
;AFTER_LAYER_CHANGE
;2.12
G1 X61.308 Y16.733
G1 E5 F2400
;TYPE:Perimeter
;WIDTH:0.439999
G1 F3600
G1 X61.308 Y17.868 E.03063
G1 X60.837 Y17.711 E.0134
G1 X28.819 Y17.711 E.864
G1 X28.331 Y17.868 E.01383
G1 X28.331 Y16.733 E.03063
G1 X61.248 Y16.733 E.88826
G1 X61.714 Y16.328 F9000
G1 F3600
G1 X61.714 Y17.972 E.04436
G1 X61.728 Y18.338 E.00988
;WIDTH:0.410752
G1 X61.743 Y18.705 E.0092
;WIDTH:0.381505
G1 X61.743 Y167.145 E3.42804
G1 X61.396 Y167.145 E.00801
G1 X61.396 Y18.705 E3.42804
;WIDTH:0.410752
G1 X61.293 Y18.469 E.00645
;WIDTH:0.439999
G1 X61.19 Y18.234 E.00692
G1 X60.837 Y18.116 E.01004
G1 X28.819 Y18.116 E.864
G1 X28.449 Y18.234 E.01048
G1 X28.346 Y18.469 E.00692
;WIDTH:0.410752
G1 X28.243 Y18.705 E.00645
;WIDTH:0.381505
G1 X28.243 Y167.145 E3.42804
G1 X27.896 Y167.145 E.00801
G1 X27.896 Y18.705 E3.42804
;WIDTH:0.410752
G1 X27.91 Y18.338 E.0092
;WIDTH:0.439999
G1 X27.925 Y16.328 E.05424
G1 X61.654 Y16.328 E.91017
G1 X62.109 Y15.932 F9000
;TYPE:External perimeter
;WIDTH:0.419999
G1 F1800
G1 X62.109 Y167.512 E3.8887
G1 X61.029 Y167.512 E.02771
G1 X61.029 Y18.705 E3.81756
G1 X60.952 Y18.55 E.00444
G1 X60.837 Y18.512 E.00311
G1 X28.819 Y18.512 E.8214
G1 X28.686 Y18.55 E.00355
G1 X28.609 Y18.705 E.00444
G1 X28.609 Y167.512 E3.81756
G1 X27.529 Y167.512 E.02771
G1 X27.529 Y15.932 E3.8887
G1 X62.049 Y15.932 E.88559
G1 E-3.5 F3600
;WIPE_START
G1 F7200
G1 X62.109 Y15.932 E-.0285
G1 X62.109 Y19.03 E-1.4715
;WIPE_END
G1 X59.502 Y17.398 F9000
G1 E5 F2400
;TYPE:Internal infill
;WIDTH:0.44
G1 F3600
G1 X60.854 Y17.398 E.03648
G1 X60.977 Y17.439 E.0035
G1 X60.584 Y17.046 E.015
G1 X59.652 Y17.046 E.02515
G1 X59.3 Y17.398 E.01343
G1 X53.287 Y17.398 E.16226
G1 X52.934 Y17.046 E.01345
G1 X52.003 Y17.046 E.02512
G1 X51.65 Y17.398 E.01345
G1 X45.638 Y17.398 E.16223
G1 X45.285 Y17.046 E.01345
G1 X44.354 Y17.046 E.02512
G1 X44.001 Y17.398 E.01345
G1 X37.988 Y17.398 E.16226
G1 X37.636 Y17.046 E.01343
G1 X36.704 Y17.046 E.02515
G1 X36.352 Y17.398 E.01343
G1 X30.339 Y17.398 E.16226
G1 X29.986 Y17.046 E.01345
G1 X29.055 Y17.046 E.02512
G1 X28.662 Y17.439 E.015
G1 X28.784 Y17.398 E.00347
G1 X30.136 Y17.398 E.03648
;LAYER_CHANGE
;Z:2.28
;HEIGHT:0.16
;BEFORE_LAYER_CHANGE
G92 E0
;2.28


G1 E-3.5 F3600
;WIPE_START
G1 F7200
G1 X28.784 Y17.398 E-.6422
G1 X28.662 Y17.439 E-.06113
G1 X29.055 Y17.046 E-.264
G1 X29.986 Y17.046 E-.44223
G1 X30.121 Y17.181 E-.09044
;WIPE_END
G1 Z2.28 F9000
;AFTER_LAYER_CHANGE
;2.28
G1 X28.331 Y17.868
G1 E5 F2400
;TYPE:Perimeter
;WIDTH:0.439999
G1 F3600
G1 X28.331 Y16.733 E.03063
G1 X61.308 Y16.733 E.88988
G1 X61.308 Y17.868 E.03063
G1 X60.837 Y17.711 E.0134
G1 X28.819 Y17.711 E.864
G1 X28.388 Y17.849 E.01221
G1 X28.407 Y18.329 F9000
G1 F3600
G1 X28.346 Y18.469 E.00412
;WIDTH:0.410752
G1 X28.243 Y18.705 E.00645
;WIDTH:0.381505
G1 X28.243 Y167.145 E3.42804
G1 X27.896 Y167.145 E.00801
G1 X27.896 Y18.705 E3.42804
;WIDTH:0.410752
G1 X27.91 Y18.338 E.0092
;WIDTH:0.439999
G1 X27.925 Y16.328 E.05424
G1 X61.714 Y16.328 E.91179
G1 X61.714 Y17.972 E.04436
G1 X61.728 Y18.338 E.00988
;WIDTH:0.410752
G1 X61.743 Y18.705 E.0092
;WIDTH:0.381505
G1 X61.743 Y167.145 E3.42804
G1 X61.396 Y167.145 E.00801
G1 X61.396 Y18.705 E3.42804
;WIDTH:0.410752
G1 X61.293 Y18.469 E.00645
;WIDTH:0.439999
G1 X61.19 Y18.234 E.00692
G1 X60.837 Y18.116 E.01004
G1 X28.819 Y18.116 E.864
G1 X28.449 Y18.234 E.01048
G1 X28.432 Y18.274 E.00117
G1 X28.672 Y18.579 F9000
;TYPE:External perimeter
;WIDTH:0.419999
G1 F1800
G1 X28.609 Y18.705 E.00361
G1 X28.609 Y167.512 E3.81756
G1 X27.529 Y167.512 E.02771
G1 X27.529 Y15.932 E3.8887
G1 X62.109 Y15.932 E.88713
G1 X62.109 Y167.512 E3.8887
G1 X61.029 Y167.512 E.02771
G1 X61.029 Y18.705 E3.81756
G1 X60.952 Y18.55 E.00444
G1 X60.837 Y18.512 E.00311
G1 X28.819 Y18.512 E.8214
G1 X28.713 Y18.543 E.00283
G1 X30.136 Y17.398 F9000
;TYPE:Internal infill
;WIDTH:0.44
G1 F3600
G1 X28.784 Y17.398 E.03648
G1 X28.662 Y17.439 E.00347
G1 X29.055 Y17.046 E.015
G1 X29.986 Y17.046 E.02512
G1 X30.339 Y17.398 E.01345
G1 X36.352 Y17.398 E.16226
G1 X36.704 Y17.046 E.01343
G1 X37.636 Y17.046 E.02515
G1 X37.988 Y17.398 E.01343
G1 X44.001 Y17.398 E.16226
G1 X44.354 Y17.046 E.01345
G1 X45.285 Y17.046 E.02512
G1 X45.638 Y17.398 E.01345
G1 X51.65 Y17.398 E.16223
G1 X52.003 Y17.046 E.01345
G1 X52.934 Y17.046 E.02512
G1 X53.287 Y17.398 E.01345
G1 X59.3 Y17.398 E.16226
G1 X59.652 Y17.046 E.01343
G1 X60.584 Y17.046 E.02515
G1 X60.977 Y17.439 E.015
G1 X60.854 Y17.398 E.0035
G1 X59.502 Y17.398 E.03648
;LAYER_CHANGE
;Z:2.44
;HEIGHT:0.16
;BEFORE_LAYER_CHANGE
G92 E0
;2.44


G1 E-3.5 F3600
;WIPE_START
G1 F7200
G1 X60.854 Y17.398 E-.6422
G1 X60.977 Y17.439 E-.06159
G1 X60.584 Y17.046 E-.264
G1 X59.652 Y17.046 E-.4427
G1 X59.519 Y17.179 E-.08951
;WIPE_END
G1 Z2.44 F9000
;AFTER_LAYER_CHANGE
;2.44
G1 X61.308 Y17.868
G1 E5 F2400
;TYPE:Perimeter
;WIDTH:0.439999
G1 F3600
G1 X60.837 Y17.711 E.0134
G1 X28.819 Y17.711 E.864
G1 X28.331 Y17.868 E.01383
G1 X28.331 Y16.733 E.03063
G1 X61.308 Y16.733 E.88988
G1 X61.308 Y17.808 E.02901
G1 X61.234 Y18.317 F9000
G1 F3600
G1 X61.19 Y18.234 E.00253
G1 X60.837 Y18.116 E.01004
G1 X28.819 Y18.116 E.864
G1 X28.449 Y18.234 E.01048
G1 X28.346 Y18.469 E.00692
;WIDTH:0.410752
G1 X28.243 Y18.705 E.00645
;WIDTH:0.381506
G1 X28.243 Y167.145 E3.42805
G1 X27.896 Y167.145 E.00801
G1 X27.896 Y18.705 E3.42805
;WIDTH:0.410752
G1 X27.91 Y18.338 E.0092
;WIDTH:0.439999
G1 X27.925 Y16.328 E.05424
G1 X61.714 Y16.328 E.91179
G1 X61.728 Y18.338 E.05424
;WIDTH:0.410752
G1 X61.743 Y18.705 E.0092
;WIDTH:0.381505
G1 X61.743 Y167.145 E3.42804
G1 X61.396 Y167.145 E.00801
G1 X61.396 Y18.618 E3.43005
;WIDTH:0.410752
G1 X61.293 Y18.426 E.00546
;WIDTH:0.439999
G1 X61.262 Y18.37 E.00173
G1 X60.968 Y18.575 F9000
;TYPE:External perimeter
;WIDTH:0.419999
G1 F1800
G1 X60.952 Y18.55 E.00076
G1 X60.837 Y18.512 E.00311
G1 X28.819 Y18.512 E.8214
G1 X28.686 Y18.55 E.00355
G1 X28.609 Y18.705 E.00444
G1 X28.609 Y167.512 E3.81756
G1 X27.529 Y167.512 E.02771
G1 X27.529 Y15.932 E3.8887
G1 X62.109 Y15.932 E.88713
G1 X62.109 Y167.512 E3.8887
G1 X61.029 Y167.512 E.02771
G1 X61.029 Y18.676 E3.8183
G1 X60.999 Y18.627 E.00147
G1 X59.502 Y17.398 F9000
;TYPE:Internal infill
;WIDTH:0.44
G1 F3600
G1 X60.854 Y17.398 E.03648
G1 X60.977 Y17.439 E.0035
G1 X60.584 Y17.046 E.015
G1 X59.652 Y17.046 E.02515
G1 X59.3 Y17.398 E.01343
G1 X53.287 Y17.398 E.16226
G1 X52.934 Y17.046 E.01345
G1 X52.003 Y17.046 E.02512
G1 X51.65 Y17.398 E.01345
G1 X45.638 Y17.398 E.16223
G1 X45.285 Y17.046 E.01345
G1 X44.354 Y17.046 E.02512
G1 X44.001 Y17.398 E.01345
G1 X37.988 Y17.398 E.16226
G1 X37.636 Y17.046 E.01343
G1 X36.704 Y17.046 E.02515
G1 X36.352 Y17.398 E.01343
G1 X30.339 Y17.398 E.16226
G1 X29.986 Y17.046 E.01345
G1 X29.055 Y17.046 E.02512
G1 X28.662 Y17.439 E.015
G1 X28.784 Y17.398 E.00347
G1 X30.136 Y17.398 E.03648
;LAYER_CHANGE
;Z:2.6
;HEIGHT:0.16
;BEFORE_LAYER_CHANGE
G92 E0
;2.6


G1 E-3.5 F3600
;WIPE_START
G1 F7200
G1 X28.784 Y17.398 E-.6422
G1 X28.662 Y17.439 E-.06113
G1 X29.055 Y17.046 E-.264
G1 X29.986 Y17.046 E-.44223
G1 X30.121 Y17.181 E-.09044
;WIPE_END
G1 Z2.6 F9000
;AFTER_LAYER_CHANGE
;2.6
G1 X28.331 Y17.868
G1 E5 F2400
;TYPE:Perimeter
;WIDTH:0.439999
G1 F3600
G1 X28.331 Y16.733 E.03063
G1 X61.308 Y16.733 E.88988
G1 X61.308 Y17.868 E.03063
G1 X60.837 Y17.711 E.0134
G1 X28.819 Y17.711 E.864
G1 X28.388 Y17.849 E.01221
G1 X28.407 Y18.329 F9000
G1 F3600
G1 X28.346 Y18.469 E.00412
;WIDTH:0.410752
G1 X28.243 Y18.705 E.00645
;WIDTH:0.381505
G1 X28.243 Y167.145 E3.42804
G1 X27.896 Y167.145 E.00801
G1 X27.896 Y18.705 E3.42804
;WIDTH:0.410752
G1 X27.91 Y18.338 E.0092
;WIDTH:0.439999
G1 X27.925 Y16.328 E.05424
G1 X61.714 Y16.328 E.91179
G1 X61.714 Y17.972 E.04436
G1 X61.728 Y18.338 E.00988
;WIDTH:0.410752
G1 X61.743 Y18.705 E.0092
;WIDTH:0.381505
G1 X61.743 Y167.145 E3.42804
G1 X61.396 Y167.145 E.00801
G1 X61.396 Y18.705 E3.42804
;WIDTH:0.410752
G1 X61.293 Y18.469 E.00645
;WIDTH:0.439999
G1 X61.19 Y18.234 E.00692
G1 X60.837 Y18.116 E.01004
G1 X28.819 Y18.116 E.864
G1 X28.449 Y18.234 E.01048
G1 X28.432 Y18.274 E.00117
G1 X28.672 Y18.579 F9000
;TYPE:External perimeter
;WIDTH:0.419999
G1 F1800
G1 X28.609 Y18.705 E.00361
G1 X28.609 Y167.512 E3.81756
G1 X27.529 Y167.512 E.02771
G1 X27.529 Y15.932 E3.8887
G1 X62.109 Y15.932 E.88713
G1 X62.109 Y167.512 E3.8887
G1 X61.029 Y167.512 E.02771
G1 X61.029 Y18.705 E3.81756
G1 X60.952 Y18.55 E.00444
G1 X60.837 Y18.512 E.00311
G1 X28.819 Y18.512 E.8214
G1 X28.713 Y18.543 E.00283
G1 X30.136 Y17.398 F9000
;TYPE:Internal infill
;WIDTH:0.44
G1 F3600
G1 X28.784 Y17.398 E.03648
G1 X28.662 Y17.439 E.00347
G1 X29.055 Y17.046 E.015
G1 X29.986 Y17.046 E.02512
G1 X30.339 Y17.398 E.01345
G1 X36.352 Y17.398 E.16226
G1 X36.704 Y17.046 E.01343
G1 X37.636 Y17.046 E.02515
G1 X37.988 Y17.398 E.01343
G1 X44.001 Y17.398 E.16226
G1 X44.354 Y17.046 E.01345
G1 X45.285 Y17.046 E.02512
G1 X45.638 Y17.398 E.01345
G1 X51.65 Y17.398 E.16223
G1 X52.003 Y17.046 E.01345
G1 X52.934 Y17.046 E.02512
G1 X53.287 Y17.398 E.01345
G1 X59.3 Y17.398 E.16226
G1 X59.652 Y17.046 E.01343
G1 X60.584 Y17.046 E.02515
G1 X60.977 Y17.439 E.015
G1 X60.854 Y17.398 E.0035
G1 X59.502 Y17.398 E.03648
;LAYER_CHANGE
;Z:2.76
;HEIGHT:0.16
;BEFORE_LAYER_CHANGE
G92 E0
;2.76


G1 E-3.5 F3600
;WIPE_START
G1 F7200
G1 X60.854 Y17.398 E-.6422
G1 X60.977 Y17.439 E-.06159
G1 X60.584 Y17.046 E-.264
G1 X59.652 Y17.046 E-.4427
G1 X59.519 Y17.179 E-.08951
;WIPE_END
G1 Z2.76 F9000
;AFTER_LAYER_CHANGE
;2.76
G1 X61.308 Y17.868
G1 E5 F2400
;TYPE:Perimeter
;WIDTH:0.439999
G1 F3600
G1 X60.837 Y17.711 E.0134
G1 X28.819 Y17.711 E.864
G1 X28.331 Y17.868 E.01383
G1 X28.331 Y16.733 E.03063
G1 X61.308 Y16.733 E.88988
G1 X61.308 Y17.808 E.02901
G1 X61.231 Y18.329 F9000
G1 F3600
G1 X61.19 Y18.234 E.00279
G1 X60.837 Y18.116 E.01004
G1 X28.819 Y18.116 E.864
G1 X28.449 Y18.234 E.01048
G1 X28.346 Y18.469 E.00692
;WIDTH:0.410752
G1 X28.243 Y18.705 E.00645
;WIDTH:0.381505
G1 X28.243 Y167.145 E3.42804
G1 X27.896 Y167.145 E.00801
G1 X27.896 Y18.705 E3.42804
;WIDTH:0.410752
G1 X27.91 Y18.338 E.0092
;WIDTH:0.439999
G1 X27.925 Y16.328 E.05424
G1 X61.714 Y16.328 E.91179
G1 X61.714 Y17.972 E.04436
G1 X61.728 Y18.338 E.00988
;WIDTH:0.410752
G1 X61.743 Y18.705 E.0092
;WIDTH:0.381505
G1 X61.743 Y167.145 E3.42804
G1 X61.396 Y167.145 E.00801
G1 X61.396 Y18.705 E3.42804
;WIDTH:0.410752
G1 X61.293 Y18.469 E.00645
;WIDTH:0.439999
G1 X61.255 Y18.384 E.00251
G1 X60.967 Y18.579 F9000
;TYPE:External perimeter
;WIDTH:0.419999
G1 F1800
G1 X60.952 Y18.55 E.00084
G1 X60.837 Y18.512 E.00311
G1 X28.819 Y18.512 E.8214
G1 X28.686 Y18.55 E.00355
G1 X28.609 Y18.705 E.00444
G1 X28.609 Y167.512 E3.81756
G1 X27.529 Y167.512 E.02771
G1 X27.529 Y15.932 E3.8887
G1 X62.109 Y15.932 E.88713
G1 X62.109 Y167.512 E3.8887
G1 X61.029 Y167.512 E.02771
G1 X61.029 Y18.705 E3.81756
G1 X60.993 Y18.633 E.00207
G1 X59.502 Y17.398 F9000
;TYPE:Internal infill
;WIDTH:0.44
G1 F3600
G1 X60.854 Y17.398 E.03648
G1 X60.977 Y17.439 E.0035
G1 X60.584 Y17.046 E.015
G1 X59.652 Y17.046 E.02515
G1 X59.3 Y17.398 E.01343
G1 X53.287 Y17.398 E.16226
G1 X52.934 Y17.046 E.01345
G1 X52.003 Y17.046 E.02512
G1 X51.65 Y17.398 E.01345
G1 X45.638 Y17.398 E.16223
G1 X45.285 Y17.046 E.01345
G1 X44.354 Y17.046 E.02512
G1 X44.001 Y17.398 E.01345
G1 X37.988 Y17.398 E.16226
G1 X37.636 Y17.046 E.01343
G1 X36.704 Y17.046 E.02515
G1 X36.352 Y17.398 E.01343
G1 X30.339 Y17.398 E.16226
G1 X29.986 Y17.046 E.01345
G1 X29.055 Y17.046 E.02512
G1 X28.662 Y17.439 E.015
G1 X28.784 Y17.398 E.00347
G1 X30.136 Y17.398 E.03648
;LAYER_CHANGE
;Z:2.92
;HEIGHT:0.16
;BEFORE_LAYER_CHANGE
G92 E0
;2.92


G1 E-3.5 F3600
;WIPE_START
G1 F7200
G1 X28.784 Y17.398 E-.6422
G1 X28.662 Y17.439 E-.06113
G1 X29.055 Y17.046 E-.264
G1 X29.986 Y17.046 E-.44223
G1 X30.121 Y17.181 E-.09044
;WIPE_END
G1 Z2.92 F9000
;AFTER_LAYER_CHANGE
;2.92
G1 X28.331 Y17.868
G1 E5 F2400
;TYPE:Perimeter
;WIDTH:0.439999
G1 F3600
G1 X28.331 Y16.733 E.03063
G1 X61.308 Y16.733 E.88988
G1 X61.308 Y17.868 E.03063
G1 X60.837 Y17.711 E.0134
G1 X28.819 Y17.711 E.864
G1 X28.388 Y17.849 E.01221
G1 X28.407 Y18.329 F9000
G1 F3600
G1 X28.346 Y18.469 E.00412
;WIDTH:0.410752
G1 X28.243 Y18.705 E.00645
;WIDTH:0.381505
G1 X28.243 Y167.145 E3.42804
G1 X27.896 Y167.145 E.00801
G1 X27.896 Y18.705 E3.42804
;WIDTH:0.410752
G1 X27.91 Y18.338 E.0092
;WIDTH:0.439999
G1 X27.925 Y16.328 E.05424
G1 X61.714 Y16.328 E.91179
G1 X61.714 Y17.972 E.04436
G1 X61.728 Y18.338 E.00988
;WIDTH:0.410752
G1 X61.743 Y18.705 E.0092
;WIDTH:0.381505
G1 X61.743 Y167.145 E3.42804
G1 X61.396 Y167.145 E.00801
G1 X61.396 Y18.705 E3.42804
;WIDTH:0.410752
G1 X61.293 Y18.469 E.00645
;WIDTH:0.439999
G1 X61.19 Y18.234 E.00692
G1 X60.837 Y18.116 E.01004
G1 X28.819 Y18.116 E.864
G1 X28.449 Y18.234 E.01048
G1 X28.432 Y18.274 E.00117
G1 X28.672 Y18.579 F9000
;TYPE:External perimeter
;WIDTH:0.419999
G1 F1800
G1 X28.609 Y18.705 E.00361
G1 X28.609 Y167.512 E3.81756
G1 X27.529 Y167.512 E.02771
G1 X27.529 Y15.932 E3.8887
G1 X62.109 Y15.932 E.88713
G1 X62.109 Y167.512 E3.8887
G1 X61.029 Y167.512 E.02771
G1 X61.029 Y18.705 E3.81756
G1 X60.952 Y18.55 E.00444
G1 X60.837 Y18.512 E.00311
G1 X28.819 Y18.512 E.8214
G1 X28.713 Y18.543 E.00283
G1 X30.136 Y17.398 F9000
;TYPE:Internal infill
;WIDTH:0.44
G1 F3600
G1 X28.784 Y17.398 E.03648
G1 X28.662 Y17.439 E.00347
G1 X29.055 Y17.046 E.015
G1 X29.986 Y17.046 E.02512
G1 X30.339 Y17.398 E.01345
G1 X36.352 Y17.398 E.16226
G1 X36.704 Y17.046 E.01343
G1 X37.636 Y17.046 E.02515
G1 X37.988 Y17.398 E.01343
G1 X44.001 Y17.398 E.16226
G1 X44.354 Y17.046 E.01345
G1 X45.285 Y17.046 E.02512
G1 X45.638 Y17.398 E.01345
G1 X51.65 Y17.398 E.16223
G1 X52.003 Y17.046 E.01345
G1 X52.934 Y17.046 E.02512
G1 X53.287 Y17.398 E.01345
G1 X59.3 Y17.398 E.16226
G1 X59.652 Y17.046 E.01343
G1 X60.584 Y17.046 E.02515
G1 X60.977 Y17.439 E.015
G1 X60.854 Y17.398 E.0035
G1 X59.502 Y17.398 E.03648
;LAYER_CHANGE
;Z:3.08
;HEIGHT:0.16
;BEFORE_LAYER_CHANGE
G92 E0
;3.08


G1 E-3.5 F3600
;WIPE_START
G1 F7200
G1 X60.854 Y17.398 E-.6422
G1 X60.977 Y17.439 E-.06159
G1 X60.584 Y17.046 E-.264
G1 X59.652 Y17.046 E-.4427
G1 X59.519 Y17.179 E-.08951
;WIPE_END
G1 Z3.08 F9000
;AFTER_LAYER_CHANGE
;3.08
G1 X61.308 Y17.868
G1 E5 F2400
;TYPE:Perimeter
;WIDTH:0.439999
G1 F3600
G1 X60.837 Y17.711 E.0134
G1 X28.819 Y17.711 E.864
G1 X28.331 Y17.868 E.01383
G1 X28.331 Y16.733 E.03063
G1 X61.308 Y16.733 E.88988
G1 X61.308 Y17.808 E.02901
G1 X61.234 Y18.317 F9000
G1 F3600
G1 X61.19 Y18.234 E.00253
G1 X60.837 Y18.116 E.01004
G1 X28.819 Y18.116 E.864
G1 X28.449 Y18.234 E.01048
G1 X28.346 Y18.469 E.00692
;WIDTH:0.410752
G1 X28.243 Y18.705 E.00645
;WIDTH:0.381506
G1 X28.243 Y167.145 E3.42805
G1 X27.896 Y167.145 E.00801
G1 X27.896 Y18.705 E3.42805
;WIDTH:0.410752
G1 X27.91 Y18.338 E.0092
;WIDTH:0.439999
G1 X27.925 Y16.328 E.05424
G1 X61.714 Y16.328 E.91179
G1 X61.728 Y18.338 E.05424
;WIDTH:0.410752
G1 X61.743 Y18.705 E.0092
;WIDTH:0.381505
G1 X61.743 Y167.145 E3.42804
G1 X61.396 Y167.145 E.00801
G1 X61.396 Y18.618 E3.43005
;WIDTH:0.410752
G1 X61.293 Y18.426 E.00546
;WIDTH:0.439999
G1 X61.262 Y18.37 E.00173
G1 X60.968 Y18.575 F9000
;TYPE:External perimeter
;WIDTH:0.419999
G1 F1800
G1 X60.952 Y18.55 E.00076
G1 X60.837 Y18.512 E.00311
G1 X28.819 Y18.512 E.8214
G1 X28.686 Y18.55 E.00355
G1 X28.609 Y18.705 E.00444
G1 X28.609 Y167.512 E3.81756
G1 X27.529 Y167.512 E.02771
G1 X27.529 Y15.932 E3.8887
G1 X62.109 Y15.932 E.88713
G1 X62.109 Y167.512 E3.8887
G1 X61.029 Y167.512 E.02771
G1 X61.029 Y18.676 E3.8183
G1 X60.999 Y18.627 E.00147
G1 X59.502 Y17.398 F9000
;TYPE:Internal infill
;WIDTH:0.44
G1 F3600
G1 X60.854 Y17.398 E.03648
G1 X60.977 Y17.439 E.0035
G1 X60.584 Y17.046 E.015
G1 X59.652 Y17.046 E.02515
G1 X59.3 Y17.398 E.01343
G1 X53.287 Y17.398 E.16226
G1 X52.934 Y17.046 E.01345
G1 X52.003 Y17.046 E.02512
G1 X51.65 Y17.398 E.01345
G1 X45.638 Y17.398 E.16223
G1 X45.285 Y17.046 E.01345
G1 X44.354 Y17.046 E.02512
G1 X44.001 Y17.398 E.01345
G1 X37.988 Y17.398 E.16226
G1 X37.636 Y17.046 E.01343
G1 X36.704 Y17.046 E.02515
G1 X36.352 Y17.398 E.01343
G1 X30.339 Y17.398 E.16226
G1 X29.986 Y17.046 E.01345
G1 X29.055 Y17.046 E.02512
G1 X28.662 Y17.439 E.015
G1 X28.784 Y17.398 E.00347
G1 X30.136 Y17.398 E.03648
;LAYER_CHANGE
;Z:3.24
;HEIGHT:0.16
;BEFORE_LAYER_CHANGE
G92 E0
;3.24


G1 E-3.5 F3600
;WIPE_START
G1 F7200
G1 X28.784 Y17.398 E-.6422
G1 X28.662 Y17.439 E-.06113
G1 X29.055 Y17.046 E-.264
G1 X29.986 Y17.046 E-.44223
G1 X30.121 Y17.181 E-.09044
;WIPE_END
G1 Z3.24 F9000
;AFTER_LAYER_CHANGE
;3.24
G1 X28.331 Y17.868
G1 E5 F2400
;TYPE:Perimeter
;WIDTH:0.439999
G1 F3600
G1 X28.331 Y16.733 E.03063
G1 X61.308 Y16.733 E.88988
G1 X61.308 Y17.868 E.03063
G1 X60.837 Y17.711 E.0134
G1 X28.819 Y17.711 E.864
G1 X28.388 Y17.849 E.01221
G1 X28.407 Y18.329 F9000
G1 F3600
G1 X28.346 Y18.469 E.00412
;WIDTH:0.410752
G1 X28.243 Y18.705 E.00645
;WIDTH:0.381505
G1 X28.243 Y167.145 E3.42804
G1 X27.896 Y167.145 E.00801
G1 X27.896 Y18.705 E3.42804
;WIDTH:0.410752
G1 X27.91 Y18.338 E.0092
;WIDTH:0.439999
G1 X27.925 Y16.328 E.05424
G1 X61.714 Y16.328 E.91179
G1 X61.714 Y17.972 E.04436
G1 X61.728 Y18.338 E.00988
;WIDTH:0.410752
G1 X61.743 Y18.705 E.0092
;WIDTH:0.381505
G1 X61.743 Y167.145 E3.42804
G1 X61.396 Y167.145 E.00801
G1 X61.396 Y18.705 E3.42804
;WIDTH:0.410752
G1 X61.293 Y18.469 E.00645
;WIDTH:0.439999
G1 X61.19 Y18.234 E.00692
G1 X60.837 Y18.116 E.01004
G1 X28.819 Y18.116 E.864
G1 X28.449 Y18.234 E.01048
G1 X28.432 Y18.274 E.00117
G1 X28.672 Y18.579 F9000
;TYPE:External perimeter
;WIDTH:0.419999
G1 F1800
G1 X28.609 Y18.705 E.00361
G1 X28.609 Y167.512 E3.81756
G1 X27.529 Y167.512 E.02771
G1 X27.529 Y15.932 E3.8887
G1 X62.109 Y15.932 E.88713
G1 X62.109 Y167.512 E3.8887
G1 X61.029 Y167.512 E.02771
G1 X61.029 Y18.705 E3.81756
G1 X60.952 Y18.55 E.00444
G1 X60.837 Y18.512 E.00311
G1 X28.819 Y18.512 E.8214
G1 X28.713 Y18.543 E.00283
G1 X30.136 Y17.398 F9000
;TYPE:Internal infill
;WIDTH:0.44
G1 F3600
G1 X28.784 Y17.398 E.03648
G1 X28.662 Y17.439 E.00347
G1 X29.055 Y17.046 E.015
G1 X29.986 Y17.046 E.02512
G1 X30.339 Y17.398 E.01345
G1 X36.352 Y17.398 E.16226
G1 X36.704 Y17.046 E.01343
G1 X37.636 Y17.046 E.02515
G1 X37.988 Y17.398 E.01343
G1 X44.001 Y17.398 E.16226
G1 X44.354 Y17.046 E.01345
G1 X45.285 Y17.046 E.02512
G1 X45.638 Y17.398 E.01345
G1 X51.65 Y17.398 E.16223
G1 X52.003 Y17.046 E.01345
G1 X52.934 Y17.046 E.02512
G1 X53.287 Y17.398 E.01345
G1 X59.3 Y17.398 E.16226
G1 X59.652 Y17.046 E.01343
G1 X60.584 Y17.046 E.02515
G1 X60.977 Y17.439 E.015
G1 X60.854 Y17.398 E.0035
G1 X59.502 Y17.398 E.03648
;LAYER_CHANGE
;Z:3.4
;HEIGHT:0.16
;BEFORE_LAYER_CHANGE
G92 E0
;3.4


G1 E-3.5 F3600
;WIPE_START
G1 F7200
G1 X60.854 Y17.398 E-.6422
G1 X60.977 Y17.439 E-.06159
G1 X60.584 Y17.046 E-.264
G1 X59.652 Y17.046 E-.4427
G1 X59.519 Y17.179 E-.08951
;WIPE_END
G1 Z3.4 F9000
;AFTER_LAYER_CHANGE
;3.4
G1 X61.308 Y17.868
G1 E5 F2400
;TYPE:Perimeter
;WIDTH:0.439999
G1 F3600
G1 X60.837 Y17.711 E.0134
G1 X28.819 Y17.711 E.864
G1 X28.331 Y17.868 E.01383
G1 X28.331 Y16.733 E.03063
G1 X61.308 Y16.733 E.88988
G1 X61.308 Y17.808 E.02901
G1 X61.231 Y18.329 F9000
G1 F3600
G1 X61.19 Y18.234 E.00279
G1 X60.837 Y18.116 E.01004
G1 X28.819 Y18.116 E.864
G1 X28.449 Y18.234 E.01048
G1 X28.346 Y18.469 E.00692
;WIDTH:0.410752
G1 X28.243 Y18.705 E.00645
;WIDTH:0.381505
G1 X28.243 Y167.145 E3.42804
G1 X27.896 Y167.145 E.00801
G1 X27.896 Y18.705 E3.42804
;WIDTH:0.410752
G1 X27.91 Y18.338 E.0092
;WIDTH:0.439999
G1 X27.925 Y16.328 E.05424
G1 X61.714 Y16.328 E.91179
G1 X61.714 Y17.972 E.04436
G1 X61.728 Y18.338 E.00988
;WIDTH:0.410752
G1 X61.743 Y18.705 E.0092
;WIDTH:0.381505
G1 X61.743 Y167.145 E3.42804
G1 X61.396 Y167.145 E.00801
G1 X61.396 Y18.705 E3.42804
;WIDTH:0.410752
G1 X61.293 Y18.469 E.00645
;WIDTH:0.439999
G1 X61.255 Y18.384 E.00251
G1 X60.967 Y18.579 F9000
;TYPE:External perimeter
;WIDTH:0.419999
G1 F1800
G1 X60.952 Y18.55 E.00084
G1 X60.837 Y18.512 E.00311
G1 X28.819 Y18.512 E.8214
G1 X28.686 Y18.55 E.00355
G1 X28.609 Y18.705 E.00444
G1 X28.609 Y167.512 E3.81756
G1 X27.529 Y167.512 E.02771
G1 X27.529 Y15.932 E3.8887
G1 X62.109 Y15.932 E.88713
G1 X62.109 Y167.512 E3.8887
G1 X61.029 Y167.512 E.02771
G1 X61.029 Y18.705 E3.81756
G1 X60.993 Y18.633 E.00207
G1 X59.502 Y17.398 F9000
;TYPE:Internal infill
;WIDTH:0.44
G1 F3600
G1 X60.854 Y17.398 E.03648
G1 X60.977 Y17.439 E.0035
G1 X60.584 Y17.046 E.015
G1 X59.652 Y17.046 E.02515
G1 X59.3 Y17.398 E.01343
G1 X53.287 Y17.398 E.16226
G1 X52.934 Y17.046 E.01345
G1 X52.003 Y17.046 E.02512
G1 X51.65 Y17.398 E.01345
G1 X45.638 Y17.398 E.16223
G1 X45.285 Y17.046 E.01345
G1 X44.354 Y17.046 E.02512
G1 X44.001 Y17.398 E.01345
G1 X37.988 Y17.398 E.16226
G1 X37.636 Y17.046 E.01343
G1 X36.704 Y17.046 E.02515
G1 X36.352 Y17.398 E.01343
G1 X30.339 Y17.398 E.16226
G1 X29.986 Y17.046 E.01345
G1 X29.055 Y17.046 E.02512
G1 X28.662 Y17.439 E.015
G1 X30.136 Y17.398 E.03979
;LAYER_CHANGE
;Z:3.56
;HEIGHT:0.16
;BEFORE_LAYER_CHANGE
G92 E0
;3.56


G1 E-3.5 F3600
;WIPE_START
G1 F7200
G1 X28.662 Y17.439 E-.70042
G1 X29.055 Y17.046 E-.264
G1 X29.986 Y17.046 E-.44223
G1 X30.125 Y17.185 E-.09335
;WIPE_END
G1 Z3.56 F9000
;AFTER_LAYER_CHANGE
;3.56
G1 X28.331 Y17.868
G1 E5 F2400
;TYPE:Perimeter
;WIDTH:0.439999
G1 F3600
G1 X28.331 Y16.733 E.03063
G1 X61.308 Y16.733 E.88988
G1 X61.308 Y17.868 E.03063
G1 X60.837 Y17.711 E.0134
G1 X28.819 Y17.711 E.864
G1 X28.388 Y17.849 E.01221
G1 X28.407 Y18.329 F9000
G1 F3600
G1 X28.346 Y18.469 E.00412
;WIDTH:0.410752
G1 X28.243 Y18.705 E.00645
;WIDTH:0.381505
G1 X28.243 Y167.145 E3.42804
G1 X27.896 Y167.145 E.00801
G1 X27.896 Y18.705 E3.42804
;WIDTH:0.410752
G1 X27.91 Y18.338 E.0092
;WIDTH:0.439999
G1 X27.925 Y16.328 E.05424
G1 X61.714 Y16.328 E.91179
G1 X61.714 Y17.972 E.04436
G1 X61.728 Y18.338 E.00988
;WIDTH:0.410752
G1 X61.743 Y18.705 E.0092
;WIDTH:0.381505
G1 X61.743 Y167.145 E3.42804
G1 X61.396 Y167.145 E.00801
G1 X61.396 Y18.705 E3.42804
;WIDTH:0.410752
G1 X61.293 Y18.469 E.00645
;WIDTH:0.439999
G1 X61.19 Y18.234 E.00692
G1 X60.837 Y18.116 E.01004
G1 X28.819 Y18.116 E.864
G1 X28.449 Y18.234 E.01048
G1 X28.432 Y18.274 E.00117
G1 X28.672 Y18.579 F9000
;TYPE:External perimeter
;WIDTH:0.419999
G1 F1800
G1 X28.609 Y18.705 E.00361
G1 X28.609 Y167.512 E3.81756
G1 X27.529 Y167.512 E.02771
G1 X27.529 Y15.932 E3.8887
G1 X62.109 Y15.932 E.88713
G1 X62.109 Y167.512 E3.8887
G1 X61.029 Y167.512 E.02771
G1 X61.029 Y18.705 E3.81756
G1 X60.952 Y18.55 E.00444
G1 X60.837 Y18.512 E.00311
G1 X28.819 Y18.512 E.8214
G1 X28.713 Y18.543 E.00283
G1 X30.136 Y17.398 F9000
;TYPE:Internal infill
;WIDTH:0.44
G1 F3600
G1 X28.784 Y17.398 E.03648
G1 X28.662 Y17.439 E.00347
G1 X29.055 Y17.046 E.015
G1 X29.986 Y17.046 E.02512
G1 X30.339 Y17.398 E.01345
G1 X36.352 Y17.398 E.16226
G1 X36.704 Y17.046 E.01343
G1 X37.636 Y17.046 E.02515
G1 X37.988 Y17.398 E.01343
G1 X44.001 Y17.398 E.16226
G1 X44.354 Y17.046 E.01345
G1 X45.285 Y17.046 E.02512
G1 X45.638 Y17.398 E.01345
G1 X51.65 Y17.398 E.16223
G1 X52.003 Y17.046 E.01345
G1 X52.934 Y17.046 E.02512
G1 X53.287 Y17.398 E.01345
G1 X59.3 Y17.398 E.16226
G1 X59.652 Y17.046 E.01343
G1 X60.584 Y17.046 E.02515
G1 X60.977 Y17.439 E.015
G1 X60.854 Y17.398 E.0035
G1 X59.502 Y17.398 E.03648
;LAYER_CHANGE
;Z:3.72
;HEIGHT:0.16
;BEFORE_LAYER_CHANGE
G92 E0
;3.72


G1 E-3.5 F3600
;WIPE_START
G1 F7200
G1 X60.854 Y17.398 E-.6422
G1 X60.977 Y17.439 E-.06159
G1 X60.584 Y17.046 E-.264
G1 X59.652 Y17.046 E-.4427
G1 X59.519 Y17.179 E-.08951
;WIPE_END
G1 Z3.72 F9000
;AFTER_LAYER_CHANGE
;3.72
G1 X61.308 Y17.868
G1 E5 F2400
;TYPE:Perimeter
;WIDTH:0.439999
G1 F3600
G1 X60.837 Y17.711 E.0134
G1 X28.819 Y17.711 E.864
G1 X28.331 Y17.868 E.01383
G1 X28.331 Y16.733 E.03063
G1 X61.308 Y16.733 E.88988
G1 X61.308 Y17.808 E.02901
G1 X61.234 Y18.317 F9000
G1 F3600
G1 X61.19 Y18.234 E.00253
G1 X60.837 Y18.116 E.01004
G1 X28.819 Y18.116 E.864
G1 X28.449 Y18.234 E.01048
G1 X28.346 Y18.469 E.00692
;WIDTH:0.410752
G1 X28.243 Y18.705 E.00645
;WIDTH:0.381506
G1 X28.243 Y167.145 E3.42805
G1 X27.896 Y167.145 E.00801
G1 X27.896 Y18.705 E3.42805
;WIDTH:0.410752
G1 X27.91 Y18.338 E.0092
;WIDTH:0.439999
G1 X27.925 Y16.328 E.05424
G1 X61.714 Y16.328 E.91179
G1 X61.728 Y18.338 E.05424
;WIDTH:0.410752
G1 X61.743 Y18.705 E.0092
;WIDTH:0.381505
G1 X61.743 Y167.145 E3.42804
G1 X61.396 Y167.145 E.00801
G1 X61.396 Y18.618 E3.43005
;WIDTH:0.410752
G1 X61.293 Y18.426 E.00546
;WIDTH:0.439999
G1 X61.262 Y18.37 E.00173
G1 X60.968 Y18.575 F9000
;TYPE:External perimeter
;WIDTH:0.419999
G1 F1800
G1 X60.952 Y18.55 E.00076
G1 X60.837 Y18.512 E.00311
G1 X28.819 Y18.512 E.8214
G1 X28.686 Y18.55 E.00355
G1 X28.609 Y18.705 E.00444
G1 X28.609 Y167.512 E3.81756
G1 X27.529 Y167.512 E.02771
G1 X27.529 Y15.932 E3.8887
G1 X62.109 Y15.932 E.88713
G1 X62.109 Y167.512 E3.8887
G1 X61.029 Y167.512 E.02771
G1 X61.029 Y18.676 E3.8183
G1 X60.999 Y18.627 E.00147
G1 X59.502 Y17.398 F9000
;TYPE:Internal infill
;WIDTH:0.44
G1 F3600
G1 X60.854 Y17.398 E.03648
G1 X60.977 Y17.439 E.0035
G1 X60.584 Y17.046 E.015
G1 X59.652 Y17.046 E.02515
G1 X59.3 Y17.398 E.01343
G1 X53.287 Y17.398 E.16226
G1 X52.934 Y17.046 E.01345
G1 X52.003 Y17.046 E.02512
G1 X51.65 Y17.398 E.01345
G1 X45.638 Y17.398 E.16223
G1 X45.285 Y17.046 E.01345
G1 X44.354 Y17.046 E.02512
G1 X44.001 Y17.398 E.01345
G1 X37.988 Y17.398 E.16226
G1 X37.636 Y17.046 E.01343
G1 X36.704 Y17.046 E.02515
G1 X36.352 Y17.398 E.01343
G1 X30.339 Y17.398 E.16226
G1 X29.986 Y17.046 E.01345
G1 X29.055 Y17.046 E.02512
G1 X28.662 Y17.439 E.015
G1 X28.784 Y17.398 E.00347
G1 X30.136 Y17.398 E.03648
;LAYER_CHANGE
;Z:3.88
;HEIGHT:0.16
;BEFORE_LAYER_CHANGE
G92 E0
;3.88


G1 E-3.5 F3600
;WIPE_START
G1 F7200
G1 X28.784 Y17.398 E-.6422
G1 X28.662 Y17.439 E-.06113
G1 X29.055 Y17.046 E-.264
G1 X29.986 Y17.046 E-.44223
G1 X30.121 Y17.181 E-.09044
;WIPE_END
G1 Z3.88 F9000
;AFTER_LAYER_CHANGE
;3.88
G1 X28.331 Y17.868
G1 E5 F2400
;TYPE:Perimeter
;WIDTH:0.439999
G1 F3600
G1 X28.331 Y16.733 E.03063
G1 X61.308 Y16.733 E.88988
G1 X61.308 Y17.868 E.03063
G1 X60.837 Y17.711 E.0134
G1 X28.819 Y17.711 E.864
G1 X28.388 Y17.849 E.01221
G1 X28.407 Y18.329 F9000
G1 F3600
G1 X28.346 Y18.469 E.00412
;WIDTH:0.410752
G1 X28.243 Y18.705 E.00645
;WIDTH:0.381505
G1 X28.243 Y167.145 E3.42804
G1 X27.896 Y167.145 E.00801
G1 X27.896 Y18.705 E3.42804
;WIDTH:0.410752
G1 X27.91 Y18.338 E.0092
;WIDTH:0.439999
G1 X27.925 Y16.328 E.05424
G1 X61.714 Y16.328 E.91179
G1 X61.714 Y17.972 E.04436
G1 X61.728 Y18.338 E.00988
;WIDTH:0.410752
G1 X61.743 Y18.705 E.0092
;WIDTH:0.381505
G1 X61.743 Y167.145 E3.42804
G1 X61.396 Y167.145 E.00801
G1 X61.396 Y18.705 E3.42804
;WIDTH:0.410752
G1 X61.293 Y18.469 E.00645
;WIDTH:0.439999
G1 X61.19 Y18.234 E.00692
G1 X60.837 Y18.116 E.01004
G1 X28.819 Y18.116 E.864
G1 X28.449 Y18.234 E.01048
G1 X28.432 Y18.274 E.00117
G1 X28.672 Y18.579 F9000
;TYPE:External perimeter
;WIDTH:0.419999
G1 F1800
G1 X28.609 Y18.705 E.00361
G1 X28.609 Y167.512 E3.81756
G1 X27.529 Y167.512 E.02771
G1 X27.529 Y15.932 E3.8887
G1 X62.109 Y15.932 E.88713
G1 X62.109 Y167.512 E3.8887
G1 X61.029 Y167.512 E.02771
G1 X61.029 Y18.705 E3.81756
G1 X60.952 Y18.55 E.00444
G1 X60.837 Y18.512 E.00311
G1 X28.819 Y18.512 E.8214
G1 X28.713 Y18.543 E.00283
G1 X30.136 Y17.398 F9000
;TYPE:Internal infill
;WIDTH:0.44
G1 F3600
G1 X28.784 Y17.398 E.03648
G1 X28.662 Y17.439 E.00347
G1 X29.055 Y17.046 E.015
G1 X29.986 Y17.046 E.02512
G1 X30.339 Y17.398 E.01345
G1 X36.352 Y17.398 E.16226
G1 X36.704 Y17.046 E.01343
G1 X37.636 Y17.046 E.02515
G1 X37.988 Y17.398 E.01343
G1 X44.001 Y17.398 E.16226
G1 X44.354 Y17.046 E.01345
G1 X45.285 Y17.046 E.02512
G1 X45.638 Y17.398 E.01345
G1 X51.65 Y17.398 E.16223
G1 X52.003 Y17.046 E.01345
G1 X52.934 Y17.046 E.02512
G1 X53.287 Y17.398 E.01345
G1 X59.3 Y17.398 E.16226
G1 X59.652 Y17.046 E.01343
G1 X60.584 Y17.046 E.02515
G1 X60.977 Y17.439 E.015
G1 X60.854 Y17.398 E.0035
G1 X59.502 Y17.398 E.03648
;LAYER_CHANGE
;Z:4.04
;HEIGHT:0.16
;BEFORE_LAYER_CHANGE
G92 E0
;4.04


G1 E-3.5 F3600
;WIPE_START
G1 F7200
G1 X60.854 Y17.398 E-.6422
G1 X60.977 Y17.439 E-.06159
G1 X60.584 Y17.046 E-.264
G1 X59.652 Y17.046 E-.4427
G1 X59.519 Y17.179 E-.08951
;WIPE_END
G1 Z4.04 F9000
;AFTER_LAYER_CHANGE
;4.04
G1 X61.308 Y17.868
G1 E5 F2400
;TYPE:Perimeter
;WIDTH:0.439999
G1 F3600
G1 X60.837 Y17.711 E.0134
G1 X28.819 Y17.711 E.864
G1 X28.331 Y17.868 E.01383
G1 X28.331 Y16.733 E.03063
G1 X61.308 Y16.733 E.88988
G1 X61.308 Y17.808 E.02901
G1 X61.231 Y18.329 F9000
G1 F3600
G1 X61.19 Y18.234 E.00279
G1 X60.837 Y18.116 E.01004
G1 X28.819 Y18.116 E.864
G1 X28.449 Y18.234 E.01048
G1 X28.346 Y18.469 E.00692
;WIDTH:0.410752
G1 X28.243 Y18.705 E.00645
;WIDTH:0.381505
G1 X28.243 Y167.145 E3.42804
G1 X27.896 Y167.145 E.00801
G1 X27.896 Y18.705 E3.42804
;WIDTH:0.410752
G1 X27.91 Y18.338 E.0092
;WIDTH:0.439999
G1 X27.925 Y16.328 E.05424
G1 X61.714 Y16.328 E.91179
G1 X61.714 Y17.972 E.04436
G1 X61.728 Y18.338 E.00988
;WIDTH:0.410752
G1 X61.743 Y18.705 E.0092
;WIDTH:0.381505
G1 X61.743 Y167.145 E3.42804
G1 X61.396 Y167.145 E.00801
G1 X61.396 Y18.705 E3.42804
;WIDTH:0.410752
G1 X61.293 Y18.469 E.00645
;WIDTH:0.439999
G1 X61.255 Y18.384 E.00251
G1 X60.967 Y18.579 F9000
;TYPE:External perimeter
;WIDTH:0.419999
G1 F1800
G1 X60.952 Y18.55 E.00084
G1 X60.837 Y18.512 E.00311
G1 X28.819 Y18.512 E.8214
G1 X28.686 Y18.55 E.00355
G1 X28.609 Y18.705 E.00444
G1 X28.609 Y167.512 E3.81756
G1 X27.529 Y167.512 E.02771
G1 X27.529 Y15.932 E3.8887
G1 X62.109 Y15.932 E.88713
G1 X62.109 Y167.512 E3.8887
G1 X61.029 Y167.512 E.02771
G1 X61.029 Y18.705 E3.81756
G1 X60.993 Y18.633 E.00207
G1 X59.502 Y17.398 F9000
;TYPE:Internal infill
;WIDTH:0.44
G1 F3600
G1 X60.854 Y17.398 E.03648
G1 X60.977 Y17.439 E.0035
G1 X60.584 Y17.046 E.015
G1 X59.652 Y17.046 E.02515
G1 X59.3 Y17.398 E.01343
G1 X53.287 Y17.398 E.16226
G1 X52.934 Y17.046 E.01345
G1 X52.003 Y17.046 E.02512
G1 X51.65 Y17.398 E.01345
G1 X45.638 Y17.398 E.16223
G1 X45.285 Y17.046 E.01345
G1 X44.354 Y17.046 E.02512
G1 X44.001 Y17.398 E.01345
G1 X37.988 Y17.398 E.16226
G1 X37.636 Y17.046 E.01343
G1 X36.704 Y17.046 E.02515
G1 X36.352 Y17.398 E.01343
G1 X30.339 Y17.398 E.16226
G1 X29.986 Y17.046 E.01345
G1 X29.055 Y17.046 E.02512
G1 X28.662 Y17.439 E.015
G1 X28.784 Y17.398 E.00347
G1 X30.136 Y17.398 E.03648
;LAYER_CHANGE
;Z:4.2
;HEIGHT:0.16
;BEFORE_LAYER_CHANGE
G92 E0
;4.2


G1 E-3.5 F3600
;WIPE_START
G1 F7200
G1 X28.784 Y17.398 E-.6422
G1 X28.662 Y17.439 E-.06113
G1 X29.055 Y17.046 E-.264
G1 X29.986 Y17.046 E-.44223
G1 X30.121 Y17.181 E-.09044
;WIPE_END
G1 Z4.2 F9000
;AFTER_LAYER_CHANGE
;4.2
G1 X28.331 Y17.868
G1 E5 F2400
;TYPE:Perimeter
;WIDTH:0.439999
G1 F3600
G1 X28.331 Y16.733 E.03063
G1 X61.308 Y16.733 E.88988
G1 X61.308 Y17.868 E.03063
G1 X60.837 Y17.711 E.0134
G1 X28.819 Y17.711 E.864
G1 X28.388 Y17.849 E.01221
G1 X28.407 Y18.329 F9000
G1 F3600
G1 X28.346 Y18.469 E.00412
;WIDTH:0.410752
G1 X28.243 Y18.705 E.00645
;WIDTH:0.381505
G1 X28.243 Y167.145 E3.42804
G1 X27.896 Y167.145 E.00801
G1 X27.896 Y18.705 E3.42804
;WIDTH:0.410752
G1 X27.91 Y18.338 E.0092
;WIDTH:0.439999
G1 X27.925 Y16.328 E.05424
G1 X61.714 Y16.328 E.91179
G1 X61.714 Y17.972 E.04436
G1 X61.728 Y18.338 E.00988
;WIDTH:0.410752
G1 X61.743 Y18.705 E.0092
;WIDTH:0.381505
G1 X61.743 Y167.145 E3.42804
G1 X61.396 Y167.145 E.00801
G1 X61.396 Y18.705 E3.42804
;WIDTH:0.410752
G1 X61.293 Y18.469 E.00645
;WIDTH:0.439999
G1 X61.19 Y18.234 E.00692
G1 X60.837 Y18.116 E.01004
G1 X28.819 Y18.116 E.864
G1 X28.449 Y18.234 E.01048
G1 X28.432 Y18.274 E.00117
G1 X28.672 Y18.579 F9000
;TYPE:External perimeter
;WIDTH:0.419999
G1 F1800
G1 X28.609 Y18.705 E.00361
G1 X28.609 Y167.512 E3.81756
G1 X27.529 Y167.512 E.02771
G1 X27.529 Y15.932 E3.8887
G1 X62.109 Y15.932 E.88713
G1 X62.109 Y167.512 E3.8887
G1 X61.029 Y167.512 E.02771
G1 X61.029 Y18.705 E3.81756
G1 X60.952 Y18.55 E.00444
G1 X60.837 Y18.512 E.00311
G1 X28.819 Y18.512 E.8214
G1 X28.713 Y18.543 E.00283
G1 X30.136 Y17.398 F9000
;TYPE:Internal infill
;WIDTH:0.44
G1 F3600
G1 X28.784 Y17.398 E.03648
G1 X28.662 Y17.439 E.00347
G1 X29.055 Y17.046 E.015
G1 X29.986 Y17.046 E.02512
G1 X30.339 Y17.398 E.01345
G1 X36.352 Y17.398 E.16226
G1 X36.704 Y17.046 E.01343
G1 X37.636 Y17.046 E.02515
G1 X37.988 Y17.398 E.01343
G1 X44.001 Y17.398 E.16226
G1 X44.354 Y17.046 E.01345
G1 X45.285 Y17.046 E.02512
G1 X45.638 Y17.398 E.01345
G1 X51.65 Y17.398 E.16223
G1 X52.003 Y17.046 E.01345
G1 X52.934 Y17.046 E.02512
G1 X53.287 Y17.398 E.01345
G1 X59.3 Y17.398 E.16226
G1 X59.652 Y17.046 E.01343
G1 X60.584 Y17.046 E.02515
G1 X60.977 Y17.439 E.015
G1 X60.854 Y17.398 E.0035
G1 X59.502 Y17.398 E.03648
;LAYER_CHANGE
;Z:4.36
;HEIGHT:0.16
;BEFORE_LAYER_CHANGE
G92 E0
;4.36


G1 E-3.5 F3600
;WIPE_START
G1 F7200
G1 X60.854 Y17.398 E-.6422
G1 X60.977 Y17.439 E-.06159
G1 X60.584 Y17.046 E-.264
G1 X59.652 Y17.046 E-.4427
G1 X59.519 Y17.179 E-.08951
;WIPE_END
G1 Z4.36 F9000
;AFTER_LAYER_CHANGE
;4.36
G1 X61.308 Y17.868
G1 E5 F2400
;TYPE:Perimeter
;WIDTH:0.439999
G1 F3600
G1 X60.837 Y17.711 E.0134
G1 X28.819 Y17.711 E.864
G1 X28.331 Y17.868 E.01383
G1 X28.331 Y16.733 E.03063
G1 X61.308 Y16.733 E.88988
G1 X61.308 Y17.808 E.02901
G1 X61.234 Y18.317 F9000
G1 F3600
G1 X61.19 Y18.234 E.00253
G1 X60.837 Y18.116 E.01004
G1 X28.819 Y18.116 E.864
G1 X28.449 Y18.234 E.01048
G1 X28.346 Y18.469 E.00692
;WIDTH:0.410752
G1 X28.243 Y18.705 E.00645
;WIDTH:0.381506
G1 X28.243 Y167.145 E3.42805
G1 X27.896 Y167.145 E.00801
G1 X27.896 Y18.705 E3.42805
;WIDTH:0.410752
G1 X27.91 Y18.338 E.0092
;WIDTH:0.439999
G1 X27.925 Y16.328 E.05424
G1 X61.714 Y16.328 E.91179
G1 X61.728 Y18.338 E.05424
;WIDTH:0.410752
G1 X61.743 Y18.705 E.0092
;WIDTH:0.381505
G1 X61.743 Y167.145 E3.42804
G1 X61.396 Y167.145 E.00801
G1 X61.396 Y18.618 E3.43005
;WIDTH:0.410752
G1 X61.293 Y18.426 E.00546
;WIDTH:0.439999
G1 X61.262 Y18.37 E.00173
G1 X60.968 Y18.575 F9000
;TYPE:External perimeter
;WIDTH:0.419999
G1 F1800
G1 X60.952 Y18.55 E.00076
G1 X60.837 Y18.512 E.00311
G1 X28.819 Y18.512 E.8214
G1 X28.686 Y18.55 E.00355
G1 X28.609 Y18.705 E.00444
G1 X28.609 Y167.512 E3.81756
G1 X27.529 Y167.512 E.02771
G1 X27.529 Y15.932 E3.8887
G1 X62.109 Y15.932 E.88713
G1 X62.109 Y167.512 E3.8887
G1 X61.029 Y167.512 E.02771
G1 X61.029 Y18.676 E3.8183
G1 X60.999 Y18.627 E.00147
G1 X59.502 Y17.398 F9000
;TYPE:Internal infill
;WIDTH:0.44
G1 F3600
G1 X60.854 Y17.398 E.03648
G1 X60.977 Y17.439 E.0035
G1 X60.584 Y17.046 E.015
G1 X59.652 Y17.046 E.02515
G1 X59.3 Y17.398 E.01343
G1 X53.287 Y17.398 E.16226
G1 X52.934 Y17.046 E.01345
G1 X52.003 Y17.046 E.02512
G1 X51.65 Y17.398 E.01345
G1 X45.638 Y17.398 E.16223
G1 X45.285 Y17.046 E.01345
G1 X44.354 Y17.046 E.02512
G1 X44.001 Y17.398 E.01345
G1 X37.988 Y17.398 E.16226
G1 X37.636 Y17.046 E.01343
G1 X36.704 Y17.046 E.02515
G1 X36.352 Y17.398 E.01343
G1 X30.339 Y17.398 E.16226
G1 X29.986 Y17.046 E.01345
G1 X29.055 Y17.046 E.02512
G1 X28.662 Y17.439 E.015
G1 X28.784 Y17.398 E.00347
G1 X30.136 Y17.398 E.03648
;LAYER_CHANGE
;Z:4.52
;HEIGHT:0.16
;BEFORE_LAYER_CHANGE
G92 E0
;4.52


G1 E-3.5 F3600
;WIPE_START
G1 F7200
G1 X28.784 Y17.398 E-.6422
G1 X28.662 Y17.439 E-.06113
G1 X29.055 Y17.046 E-.264
G1 X29.986 Y17.046 E-.44223
G1 X30.121 Y17.181 E-.09044
;WIPE_END
G1 Z4.52 F9000
;AFTER_LAYER_CHANGE
;4.52
G1 X28.331 Y17.868
G1 E5 F2400
;TYPE:Perimeter
;WIDTH:0.439999
G1 F3600
G1 X28.331 Y16.733 E.03063
G1 X61.308 Y16.733 E.88988
G1 X61.308 Y17.868 E.03063
G1 X60.837 Y17.711 E.0134
G1 X28.819 Y17.711 E.864
G1 X28.388 Y17.849 E.01221
G1 X28.407 Y18.329 F9000
G1 F3600
G1 X28.346 Y18.469 E.00412
;WIDTH:0.410752
G1 X28.243 Y18.705 E.00645
;WIDTH:0.381505
G1 X28.243 Y167.145 E3.42804
G1 X27.896 Y167.145 E.00801
G1 X27.896 Y18.705 E3.42804
;WIDTH:0.410752
G1 X27.91 Y18.338 E.0092
;WIDTH:0.439999
G1 X27.925 Y16.328 E.05424
G1 X61.714 Y16.328 E.91179
G1 X61.714 Y17.972 E.04436
G1 X61.728 Y18.338 E.00988
;WIDTH:0.410752
G1 X61.743 Y18.705 E.0092
;WIDTH:0.381505
G1 X61.743 Y167.145 E3.42804
G1 X61.396 Y167.145 E.00801
G1 X61.396 Y18.705 E3.42804
;WIDTH:0.410752
G1 X61.293 Y18.469 E.00645
;WIDTH:0.439999
G1 X61.19 Y18.234 E.00692
G1 X60.837 Y18.116 E.01004
G1 X28.819 Y18.116 E.864
G1 X28.449 Y18.234 E.01048
G1 X28.432 Y18.274 E.00117
G1 X28.672 Y18.579 F9000
;TYPE:External perimeter
;WIDTH:0.419999
G1 F1800
G1 X28.609 Y18.705 E.00361
G1 X28.609 Y167.512 E3.81756
G1 X27.529 Y167.512 E.02771
G1 X27.529 Y15.932 E3.8887
G1 X62.109 Y15.932 E.88713
G1 X62.109 Y167.512 E3.8887
G1 X61.029 Y167.512 E.02771
G1 X61.029 Y18.705 E3.81756
G1 X60.952 Y18.55 E.00444
G1 X60.837 Y18.512 E.00311
G1 X28.819 Y18.512 E.8214
G1 X28.713 Y18.543 E.00283
G1 X30.136 Y17.398 F9000
;TYPE:Internal infill
;WIDTH:0.44
G1 F3600
G1 X28.784 Y17.398 E.03648
G1 X28.662 Y17.439 E.00347
G1 X29.055 Y17.046 E.015
G1 X29.986 Y17.046 E.02512
G1 X30.339 Y17.398 E.01345
G1 X36.352 Y17.398 E.16226
G1 X36.704 Y17.046 E.01343
G1 X37.636 Y17.046 E.02515
G1 X37.988 Y17.398 E.01343
G1 X44.001 Y17.398 E.16226
G1 X44.354 Y17.046 E.01345
G1 X45.285 Y17.046 E.02512
G1 X45.638 Y17.398 E.01345
G1 X51.65 Y17.398 E.16223
G1 X52.003 Y17.046 E.01345
G1 X52.934 Y17.046 E.02512
G1 X53.287 Y17.398 E.01345
G1 X59.3 Y17.398 E.16226
G1 X59.652 Y17.046 E.01343
G1 X60.584 Y17.046 E.02515
G1 X60.977 Y17.439 E.015
G1 X60.854 Y17.398 E.0035
G1 X59.502 Y17.398 E.03648
;LAYER_CHANGE
;Z:4.68
;HEIGHT:0.16
;BEFORE_LAYER_CHANGE
G92 E0
;4.68


G1 E-3.5 F3600
;WIPE_START
G1 F7200
G1 X60.854 Y17.398 E-.6422
G1 X60.977 Y17.439 E-.06159
G1 X60.584 Y17.046 E-.264
G1 X59.652 Y17.046 E-.4427
G1 X59.519 Y17.179 E-.08951
;WIPE_END
G1 Z4.68 F9000
;AFTER_LAYER_CHANGE
;4.68
G1 X61.308 Y17.868
G1 E5 F2400
;TYPE:Perimeter
;WIDTH:0.439999
G1 F3600
G1 X60.837 Y17.711 E.0134
G1 X28.819 Y17.711 E.864
G1 X28.331 Y17.868 E.01383
G1 X28.331 Y16.733 E.03063
G1 X61.308 Y16.733 E.88988
G1 X61.308 Y17.808 E.02901
G1 X61.231 Y18.329 F9000
G1 F3600
G1 X61.19 Y18.234 E.00279
G1 X60.837 Y18.116 E.01004
G1 X28.819 Y18.116 E.864
G1 X28.449 Y18.234 E.01048
G1 X28.346 Y18.469 E.00692
;WIDTH:0.410752
G1 X28.243 Y18.705 E.00645
;WIDTH:0.381505
G1 X28.243 Y167.145 E3.42804
G1 X27.896 Y167.145 E.00801
G1 X27.896 Y18.705 E3.42804
;WIDTH:0.410752
G1 X27.91 Y18.338 E.0092
;WIDTH:0.439999
G1 X27.925 Y16.328 E.05424
G1 X61.714 Y16.328 E.91179
G1 X61.714 Y17.972 E.04436
G1 X61.728 Y18.338 E.00988
;WIDTH:0.410752
G1 X61.743 Y18.705 E.0092
;WIDTH:0.381505
G1 X61.743 Y167.145 E3.42804
G1 X61.396 Y167.145 E.00801
G1 X61.396 Y18.705 E3.42804
;WIDTH:0.410752
G1 X61.293 Y18.469 E.00645
;WIDTH:0.439999
G1 X61.255 Y18.384 E.00251
G1 X60.967 Y18.579 F9000
;TYPE:External perimeter
;WIDTH:0.419999
G1 F1800
G1 X60.952 Y18.55 E.00084
G1 X60.837 Y18.512 E.00311
G1 X28.819 Y18.512 E.8214
G1 X28.686 Y18.55 E.00355
G1 X28.609 Y18.705 E.00444
G1 X28.609 Y167.512 E3.81756
G1 X27.529 Y167.512 E.02771
G1 X27.529 Y15.932 E3.8887
G1 X62.109 Y15.932 E.88713
G1 X62.109 Y167.512 E3.8887
G1 X61.029 Y167.512 E.02771
G1 X61.029 Y18.705 E3.81756
G1 X60.993 Y18.633 E.00207
G1 X59.502 Y17.398 F9000
;TYPE:Internal infill
;WIDTH:0.44
G1 F3600
G1 X60.854 Y17.398 E.03648
G1 X60.977 Y17.439 E.0035
G1 X60.584 Y17.046 E.015
G1 X59.652 Y17.046 E.02515
G1 X59.3 Y17.398 E.01343
G1 X53.287 Y17.398 E.16226
G1 X52.934 Y17.046 E.01345
G1 X52.003 Y17.046 E.02512
G1 X51.65 Y17.398 E.01345
G1 X45.638 Y17.398 E.16223
G1 X45.285 Y17.046 E.01345
G1 X44.354 Y17.046 E.02512
G1 X44.001 Y17.398 E.01345
G1 X37.988 Y17.398 E.16226
G1 X37.636 Y17.046 E.01343
G1 X36.704 Y17.046 E.02515
G1 X36.352 Y17.398 E.01343
G1 X30.339 Y17.398 E.16226
G1 X29.986 Y17.046 E.01345
G1 X29.055 Y17.046 E.02512
G1 X28.662 Y17.439 E.015
G1 X28.784 Y17.398 E.00347
G1 X30.136 Y17.398 E.03648
;LAYER_CHANGE
;Z:4.84
;HEIGHT:0.16
;BEFORE_LAYER_CHANGE
G92 E0
;4.84


G1 E-3.5 F3600
;WIPE_START
G1 F7200
G1 X28.784 Y17.398 E-.6422
G1 X28.662 Y17.439 E-.06113
G1 X29.055 Y17.046 E-.264
G1 X29.986 Y17.046 E-.44223
G1 X30.121 Y17.181 E-.09044
;WIPE_END
G1 Z4.84 F9000
;AFTER_LAYER_CHANGE
;4.84
G1 X28.331 Y17.868
G1 E5 F2400
;TYPE:Perimeter
;WIDTH:0.439999
G1 F3600
G1 X28.331 Y16.733 E.03063
G1 X61.308 Y16.733 E.88988
G1 X61.308 Y17.868 E.03063
G1 X60.837 Y17.711 E.0134
G1 X28.819 Y17.711 E.864
G1 X28.388 Y17.849 E.01221
G1 X28.407 Y18.329 F9000
G1 F3600
G1 X28.346 Y18.469 E.00412
;WIDTH:0.410752
G1 X28.243 Y18.705 E.00645
;WIDTH:0.381505
G1 X28.243 Y167.145 E3.42804
G1 X27.896 Y167.145 E.00801
G1 X27.896 Y18.705 E3.42804
;WIDTH:0.410752
G1 X27.91 Y18.338 E.0092
;WIDTH:0.439999
G1 X27.925 Y16.328 E.05424
G1 X61.714 Y16.328 E.91179
G1 X61.714 Y17.972 E.04436
G1 X61.728 Y18.338 E.00988
;WIDTH:0.410752
G1 X61.743 Y18.705 E.0092
;WIDTH:0.381505
G1 X61.743 Y167.145 E3.42804
G1 X61.396 Y167.145 E.00801
G1 X61.396 Y18.705 E3.42804
;WIDTH:0.410752
G1 X61.293 Y18.469 E.00645
;WIDTH:0.439999
G1 X61.19 Y18.234 E.00692
G1 X60.837 Y18.116 E.01004
G1 X28.819 Y18.116 E.864
G1 X28.449 Y18.234 E.01048
G1 X28.432 Y18.274 E.00117
G1 X28.672 Y18.579 F9000
;TYPE:External perimeter
;WIDTH:0.419999
G1 F1800
G1 X28.609 Y18.705 E.00361
G1 X28.609 Y167.512 E3.81756
G1 X27.529 Y167.512 E.02771
G1 X27.529 Y15.932 E3.8887
G1 X62.109 Y15.932 E.88713
G1 X62.109 Y167.512 E3.8887
G1 X61.029 Y167.512 E.02771
G1 X61.029 Y18.705 E3.81756
G1 X60.952 Y18.55 E.00444
G1 X60.837 Y18.512 E.00311
G1 X28.819 Y18.512 E.8214
G1 X28.713 Y18.543 E.00283
G1 X30.136 Y17.398 F9000
;TYPE:Internal infill
;WIDTH:0.44
G1 F3600
G1 X28.784 Y17.398 E.03648
G1 X28.662 Y17.439 E.00347
G1 X29.055 Y17.046 E.015
G1 X29.986 Y17.046 E.02512
G1 X30.339 Y17.398 E.01345
G1 X36.352 Y17.398 E.16226
G1 X36.704 Y17.046 E.01343
G1 X37.636 Y17.046 E.02515
G1 X37.988 Y17.398 E.01343
G1 X44.001 Y17.398 E.16226
G1 X44.354 Y17.046 E.01345
G1 X45.285 Y17.046 E.02512
G1 X45.638 Y17.398 E.01345
G1 X51.65 Y17.398 E.16223
G1 X52.003 Y17.046 E.01345
G1 X52.934 Y17.046 E.02512
G1 X53.287 Y17.398 E.01345
G1 X59.3 Y17.398 E.16226
G1 X59.652 Y17.046 E.01343
G1 X60.584 Y17.046 E.02515
G1 X60.977 Y17.439 E.015
G1 X60.854 Y17.398 E.0035
G1 X59.502 Y17.398 E.03648
;LAYER_CHANGE
;Z:5
;HEIGHT:0.16
;BEFORE_LAYER_CHANGE
G92 E0
;5


G1 E-3.5 F3600
;WIPE_START
G1 F7200
G1 X60.854 Y17.398 E-.6422
G1 X60.977 Y17.439 E-.06159
G1 X60.584 Y17.046 E-.264
G1 X59.652 Y17.046 E-.4427
G1 X59.519 Y17.179 E-.08951
;WIPE_END
G1 Z5 F9000
;AFTER_LAYER_CHANGE
;5
G1 X61.308 Y17.868
G1 E5 F2400
;TYPE:Perimeter
;WIDTH:0.439999
G1 F3600
G1 X60.837 Y17.711 E.0134
G1 X28.819 Y17.711 E.864
G1 X28.331 Y17.868 E.01383
G1 X28.331 Y16.733 E.03063
G1 X61.308 Y16.733 E.88988
G1 X61.308 Y17.808 E.02901
G1 X61.231 Y18.329 F9000
G1 F3600
G1 X61.19 Y18.234 E.00279
G1 X60.837 Y18.116 E.01004
G1 X28.819 Y18.116 E.864
G1 X28.449 Y18.234 E.01048
G1 X28.346 Y18.469 E.00692
;WIDTH:0.410752
G1 X28.243 Y18.705 E.00645
;WIDTH:0.381505
G1 X28.243 Y167.145 E3.42804
G1 X27.896 Y167.145 E.00801
G1 X27.896 Y18.705 E3.42804
;WIDTH:0.410752
G1 X27.91 Y18.338 E.0092
;WIDTH:0.439999
G1 X27.925 Y16.328 E.05424
G1 X61.714 Y16.328 E.91179
G1 X61.714 Y17.972 E.04436
G1 X61.728 Y18.338 E.00988
;WIDTH:0.410752
G1 X61.743 Y18.705 E.0092
;WIDTH:0.381505
G1 X61.743 Y167.145 E3.42804
G1 X61.396 Y167.145 E.00801
G1 X61.396 Y18.705 E3.42804
;WIDTH:0.410752
G1 X61.293 Y18.469 E.00645
;WIDTH:0.439999
G1 X61.255 Y18.384 E.00251
G1 X60.967 Y18.579 F9000
;TYPE:External perimeter
;WIDTH:0.419999
G1 F1800
G1 X60.952 Y18.55 E.00084
G1 X60.837 Y18.512 E.00311
G1 X28.819 Y18.512 E.8214
G1 X28.686 Y18.55 E.00355
G1 X28.609 Y18.705 E.00444
G1 X28.609 Y167.512 E3.81756
G1 X27.529 Y167.512 E.02771
G1 X27.529 Y15.932 E3.8887
G1 X62.109 Y15.932 E.88713
G1 X62.109 Y167.512 E3.8887
G1 X61.029 Y167.512 E.02771
G1 X61.029 Y18.705 E3.81756
G1 X60.993 Y18.633 E.00207
G1 X59.502 Y17.398 F9000
;TYPE:Internal infill
;WIDTH:0.44
G1 F3600
G1 X60.854 Y17.398 E.03648
G1 X60.977 Y17.439 E.0035
G1 X60.584 Y17.046 E.015
G1 X59.652 Y17.046 E.02515
G1 X59.3 Y17.398 E.01343
G1 X53.287 Y17.398 E.16226
G1 X52.934 Y17.046 E.01345
G1 X52.003 Y17.046 E.02512
G1 X51.65 Y17.398 E.01345
G1 X45.638 Y17.398 E.16223
G1 X45.285 Y17.046 E.01345
G1 X44.354 Y17.046 E.02512
G1 X44.001 Y17.398 E.01345
G1 X37.988 Y17.398 E.16226
G1 X37.636 Y17.046 E.01343
G1 X36.704 Y17.046 E.02515
G1 X36.352 Y17.398 E.01343
G1 X30.339 Y17.398 E.16226
G1 X29.986 Y17.046 E.01345
G1 X29.055 Y17.046 E.02512
G1 X28.662 Y17.439 E.015
G1 X28.784 Y17.398 E.00347
G1 X30.136 Y17.398 E.03648
;LAYER_CHANGE
;Z:5.16
;HEIGHT:0.16
;BEFORE_LAYER_CHANGE
G92 E0
;5.16


G1 E-3.5 F3600
;WIPE_START
G1 F7200
G1 X28.784 Y17.398 E-.6422
G1 X28.662 Y17.439 E-.06113
G1 X29.055 Y17.046 E-.264
G1 X29.986 Y17.046 E-.44223
G1 X30.121 Y17.181 E-.09044
;WIPE_END
G1 Z5.16 F9000
;AFTER_LAYER_CHANGE
;5.16
G1 X28.331 Y17.868
G1 E5 F2400
;TYPE:Perimeter
;WIDTH:0.439999
G1 F3600
G1 X28.331 Y16.733 E.03063
G1 X61.308 Y16.733 E.88988
G1 X61.308 Y17.868 E.03063
G1 X60.837 Y17.711 E.0134
G1 X28.819 Y17.711 E.864
G1 X28.388 Y17.849 E.01221
G1 X28.407 Y18.329 F9000
G1 F3600
G1 X28.346 Y18.469 E.00412
;WIDTH:0.410752
G1 X28.243 Y18.705 E.00645
;WIDTH:0.381505
G1 X28.243 Y167.145 E3.42804
G1 X27.896 Y167.145 E.00801
G1 X27.896 Y18.705 E3.42804
;WIDTH:0.410752
G1 X27.91 Y18.338 E.0092
;WIDTH:0.439999
G1 X27.925 Y16.328 E.05424
G1 X61.714 Y16.328 E.91179
G1 X61.714 Y17.972 E.04436
G1 X61.728 Y18.338 E.00988
;WIDTH:0.410752
G1 X61.743 Y18.705 E.0092
;WIDTH:0.381505
G1 X61.743 Y167.145 E3.42804
G1 X61.396 Y167.145 E.00801
G1 X61.396 Y18.705 E3.42804
;WIDTH:0.410752
G1 X61.293 Y18.469 E.00645
;WIDTH:0.439999
G1 X61.19 Y18.234 E.00692
G1 X60.837 Y18.116 E.01004
G1 X28.819 Y18.116 E.864
G1 X28.449 Y18.234 E.01048
G1 X28.432 Y18.274 E.00117
G1 X28.672 Y18.579 F9000
;TYPE:External perimeter
;WIDTH:0.419999
G1 F1800
G1 X28.609 Y18.705 E.00361
G1 X28.609 Y167.512 E3.81756
G1 X27.529 Y167.512 E.02771
G1 X27.529 Y15.932 E3.8887
G1 X62.109 Y15.932 E.88713
G1 X62.109 Y167.512 E3.8887
G1 X61.029 Y167.512 E.02771
G1 X61.029 Y18.705 E3.81756
G1 X60.952 Y18.55 E.00444
G1 X60.837 Y18.512 E.00311
G1 X28.819 Y18.512 E.8214
G1 X28.713 Y18.543 E.00283
G1 X30.136 Y17.398 F9000
;TYPE:Internal infill
;WIDTH:0.44
G1 F3600
G1 X28.784 Y17.398 E.03648
G1 X28.662 Y17.439 E.00347
G1 X29.055 Y17.046 E.015
G1 X29.986 Y17.046 E.02512
G1 X30.339 Y17.398 E.01345
G1 X36.352 Y17.398 E.16226
G1 X36.704 Y17.046 E.01343
G1 X37.636 Y17.046 E.02515
G1 X37.988 Y17.398 E.01343
G1 X44.001 Y17.398 E.16226
G1 X44.354 Y17.046 E.01345
G1 X45.285 Y17.046 E.02512
G1 X45.638 Y17.398 E.01345
G1 X51.65 Y17.398 E.16223
G1 X52.003 Y17.046 E.01345
G1 X52.934 Y17.046 E.02512
G1 X53.287 Y17.398 E.01345
G1 X59.3 Y17.398 E.16226
G1 X59.652 Y17.046 E.01343
G1 X60.584 Y17.046 E.02515
G1 X60.977 Y17.439 E.015
G1 X60.854 Y17.398 E.0035
G1 X59.502 Y17.398 E.03648
;LAYER_CHANGE
;Z:5.32
;HEIGHT:0.16
;BEFORE_LAYER_CHANGE
G92 E0
;5.32


G1 E-3.5 F3600
;WIPE_START
G1 F7200
G1 X60.854 Y17.398 E-.6422
G1 X60.977 Y17.439 E-.06159
G1 X60.584 Y17.046 E-.264
G1 X59.652 Y17.046 E-.4427
G1 X59.519 Y17.179 E-.08951
;WIPE_END
G1 Z5.32 F9000
;AFTER_LAYER_CHANGE
;5.32
G1 X61.308 Y17.868
G1 E5 F2400
;TYPE:Perimeter
;WIDTH:0.439999
G1 F3600
G1 X60.837 Y17.711 E.0134
G1 X28.819 Y17.711 E.864
G1 X28.331 Y17.868 E.01383
G1 X28.331 Y16.733 E.03063
G1 X61.308 Y16.733 E.88988
G1 X61.308 Y17.808 E.02901
G1 X61.231 Y18.329 F9000
G1 F3600
G1 X61.19 Y18.234 E.00279
G1 X60.837 Y18.116 E.01004
G1 X28.819 Y18.116 E.864
G1 X28.449 Y18.234 E.01048
G1 X28.346 Y18.469 E.00692
;WIDTH:0.410752
G1 X28.243 Y18.705 E.00645
;WIDTH:0.381505
G1 X28.243 Y167.145 E3.42804
G1 X27.896 Y167.145 E.00801
G1 X27.896 Y18.705 E3.42804
;WIDTH:0.410752
G1 X27.91 Y18.338 E.0092
;WIDTH:0.439999
G1 X27.925 Y16.328 E.05424
G1 X61.714 Y16.328 E.91179
G1 X61.714 Y17.972 E.04436
G1 X61.728 Y18.338 E.00988
;WIDTH:0.410752
G1 X61.743 Y18.705 E.0092
;WIDTH:0.381505
G1 X61.743 Y167.145 E3.42804
G1 X61.396 Y167.145 E.00801
G1 X61.396 Y18.705 E3.42804
;WIDTH:0.410752
G1 X61.293 Y18.469 E.00645
;WIDTH:0.439999
G1 X61.255 Y18.384 E.00251
G1 X60.967 Y18.579 F9000
;TYPE:External perimeter
;WIDTH:0.419999
G1 F1800
G1 X60.952 Y18.55 E.00084
G1 X60.837 Y18.512 E.00311
G1 X28.819 Y18.512 E.8214
G1 X28.686 Y18.55 E.00355
G1 X28.609 Y18.705 E.00444
G1 X28.609 Y167.512 E3.81756
G1 X27.529 Y167.512 E.02771
G1 X27.529 Y15.932 E3.8887
G1 X62.109 Y15.932 E.88713
G1 X62.109 Y167.512 E3.8887
G1 X61.029 Y167.512 E.02771
G1 X61.029 Y18.705 E3.81756
G1 X60.993 Y18.633 E.00207
G1 X59.502 Y17.398 F9000
;TYPE:Internal infill
;WIDTH:0.44
G1 F3600
G1 X60.854 Y17.398 E.03648
G1 X60.977 Y17.439 E.0035
G1 X60.584 Y17.046 E.015
G1 X59.652 Y17.046 E.02515
G1 X59.3 Y17.398 E.01343
G1 X53.287 Y17.398 E.16226
G1 X52.934 Y17.046 E.01345
G1 X52.003 Y17.046 E.02512
G1 X51.65 Y17.398 E.01345
G1 X45.638 Y17.398 E.16223
G1 X45.285 Y17.046 E.01345
G1 X44.354 Y17.046 E.02512
G1 X44.001 Y17.398 E.01345
G1 X37.988 Y17.398 E.16226
G1 X37.636 Y17.046 E.01343
G1 X36.704 Y17.046 E.02515
G1 X36.352 Y17.398 E.01343
G1 X30.339 Y17.398 E.16226
G1 X29.986 Y17.046 E.01345
G1 X29.055 Y17.046 E.02512
G1 X28.662 Y17.439 E.015
G1 X28.784 Y17.398 E.00347
G1 X30.136 Y17.398 E.03648
;LAYER_CHANGE
;Z:5.48
;HEIGHT:0.16
;BEFORE_LAYER_CHANGE
G92 E0
;5.48


G1 E-3.5 F3600
;WIPE_START
G1 F7200
G1 X28.784 Y17.398 E-.6422
G1 X28.662 Y17.439 E-.06113
G1 X29.055 Y17.046 E-.264
G1 X29.986 Y17.046 E-.44223
G1 X30.121 Y17.181 E-.09044
;WIPE_END
G1 Z5.48 F9000
;AFTER_LAYER_CHANGE
;5.48
G1 X28.331 Y17.868
G1 E5 F2400
;TYPE:Perimeter
;WIDTH:0.439999
G1 F3600
G1 X28.331 Y16.733 E.03063
G1 X61.308 Y16.733 E.88988
G1 X61.308 Y17.868 E.03063
G1 X60.837 Y17.711 E.0134
G1 X28.819 Y17.711 E.864
G1 X28.388 Y17.849 E.01221
G1 X28.407 Y18.329 F9000
G1 F3600
G1 X28.346 Y18.469 E.00412
;WIDTH:0.410752
G1 X28.243 Y18.705 E.00645
;WIDTH:0.381505
G1 X28.243 Y167.145 E3.42804
G1 X27.896 Y167.145 E.00801
G1 X27.896 Y18.705 E3.42804
;WIDTH:0.410752
G1 X27.91 Y18.338 E.0092
;WIDTH:0.439999
G1 X27.925 Y16.328 E.05424
G1 X61.714 Y16.328 E.91179
G1 X61.714 Y17.972 E.04436
G1 X61.728 Y18.338 E.00988
;WIDTH:0.410752
G1 X61.743 Y18.705 E.0092
;WIDTH:0.381505
G1 X61.743 Y167.145 E3.42804
G1 X61.396 Y167.145 E.00801
G1 X61.396 Y18.705 E3.42804
;WIDTH:0.410752
G1 X61.293 Y18.469 E.00645
;WIDTH:0.439999
G1 X61.19 Y18.234 E.00692
G1 X60.837 Y18.116 E.01004
G1 X28.819 Y18.116 E.864
G1 X28.449 Y18.234 E.01048
G1 X28.432 Y18.274 E.00117
G1 X28.672 Y18.579 F9000
;TYPE:External perimeter
;WIDTH:0.419999
G1 F1800
G1 X28.609 Y18.705 E.00361
G1 X28.609 Y167.512 E3.81756
G1 X27.529 Y167.512 E.02771
G1 X27.529 Y15.932 E3.8887
G1 X62.109 Y15.932 E.88713
G1 X62.109 Y167.512 E3.8887
G1 X61.029 Y167.512 E.02771
G1 X61.029 Y18.705 E3.81756
G1 X60.952 Y18.55 E.00444
G1 X60.837 Y18.512 E.00311
G1 X28.819 Y18.512 E.8214
G1 X28.713 Y18.543 E.00283
G1 X30.136 Y17.398 F9000
;TYPE:Internal infill
;WIDTH:0.44
G1 F3600
G1 X28.784 Y17.398 E.03648
G1 X28.662 Y17.439 E.00347
G1 X29.055 Y17.046 E.015
G1 X29.986 Y17.046 E.02512
G1 X30.339 Y17.398 E.01345
G1 X36.352 Y17.398 E.16226
G1 X36.704 Y17.046 E.01343
G1 X37.636 Y17.046 E.02515
G1 X37.988 Y17.398 E.01343
G1 X44.001 Y17.398 E.16226
G1 X44.354 Y17.046 E.01345
G1 X45.285 Y17.046 E.02512
G1 X45.638 Y17.398 E.01345
G1 X51.65 Y17.398 E.16223
G1 X52.003 Y17.046 E.01345
G1 X52.934 Y17.046 E.02512
G1 X53.287 Y17.398 E.01345
G1 X59.3 Y17.398 E.16226
G1 X59.652 Y17.046 E.01343
G1 X60.584 Y17.046 E.02515
G1 X60.977 Y17.439 E.015
G1 X60.854 Y17.398 E.0035
G1 X59.502 Y17.398 E.03648
;LAYER_CHANGE
;Z:5.64
;HEIGHT:0.16
;BEFORE_LAYER_CHANGE
G92 E0
;5.64


G1 E-3.5 F3600
;WIPE_START
G1 F7200
G1 X60.854 Y17.398 E-.6422
G1 X60.977 Y17.439 E-.06159
G1 X60.584 Y17.046 E-.264
G1 X59.652 Y17.046 E-.4427
G1 X59.519 Y17.179 E-.08951
;WIPE_END
G1 Z5.64 F9000
;AFTER_LAYER_CHANGE
;5.64
G1 X61.308 Y17.868
G1 E5 F2400
;TYPE:Perimeter
;WIDTH:0.439999
G1 F3600
G1 X60.837 Y17.711 E.0134
G1 X28.819 Y17.711 E.864
G1 X28.331 Y17.868 E.01383
G1 X28.331 Y16.733 E.03063
G1 X61.308 Y16.733 E.88988
G1 X61.308 Y17.808 E.02901
G1 X61.231 Y18.329 F9000
G1 F3600
G1 X61.19 Y18.234 E.00279
G1 X60.837 Y18.116 E.01004
G1 X28.819 Y18.116 E.864
G1 X28.449 Y18.234 E.01048
G1 X28.346 Y18.469 E.00692
;WIDTH:0.410752
G1 X28.243 Y18.705 E.00645
;WIDTH:0.381505
G1 X28.243 Y167.145 E3.42804
G1 X27.896 Y167.145 E.00801
G1 X27.896 Y18.705 E3.42804
;WIDTH:0.410752
G1 X27.91 Y18.338 E.0092
;WIDTH:0.439999
G1 X27.925 Y16.328 E.05424
G1 X61.714 Y16.328 E.91179
G1 X61.714 Y17.972 E.04436
G1 X61.728 Y18.338 E.00988
;WIDTH:0.410752
G1 X61.743 Y18.705 E.0092
;WIDTH:0.381505
G1 X61.743 Y167.145 E3.42804
G1 X61.396 Y167.145 E.00801
G1 X61.396 Y18.705 E3.42804
;WIDTH:0.410752
G1 X61.293 Y18.469 E.00645
;WIDTH:0.439999
G1 X61.255 Y18.384 E.00251
G1 X60.967 Y18.579 F9000
;TYPE:External perimeter
;WIDTH:0.419999
G1 F1800
G1 X60.952 Y18.55 E.00084
G1 X60.837 Y18.512 E.00311
G1 X28.819 Y18.512 E.8214
G1 X28.686 Y18.55 E.00355
G1 X28.609 Y18.705 E.00444
G1 X28.609 Y167.512 E3.81756
G1 X27.529 Y167.512 E.02771
G1 X27.529 Y15.932 E3.8887
G1 X62.109 Y15.932 E.88713
G1 X62.109 Y167.512 E3.8887
G1 X61.029 Y167.512 E.02771
G1 X61.029 Y18.705 E3.81756
G1 X60.993 Y18.633 E.00207
G1 X59.502 Y17.398 F9000
;TYPE:Internal infill
;WIDTH:0.44
G1 F3600
G1 X60.854 Y17.398 E.03648
G1 X60.977 Y17.439 E.0035
G1 X60.584 Y17.046 E.015
G1 X59.652 Y17.046 E.02515
G1 X59.3 Y17.398 E.01343
G1 X53.287 Y17.398 E.16226
G1 X52.934 Y17.046 E.01345
G1 X52.003 Y17.046 E.02512
G1 X51.65 Y17.398 E.01345
G1 X45.638 Y17.398 E.16223
G1 X45.285 Y17.046 E.01345
G1 X44.354 Y17.046 E.02512
G1 X44.001 Y17.398 E.01345
G1 X37.988 Y17.398 E.16226
G1 X37.636 Y17.046 E.01343
G1 X36.704 Y17.046 E.02515
G1 X36.352 Y17.398 E.01343
G1 X30.339 Y17.398 E.16226
G1 X29.986 Y17.046 E.01345
G1 X29.055 Y17.046 E.02512
G1 X28.662 Y17.439 E.015
G1 X28.784 Y17.398 E.00347
G1 X30.136 Y17.398 E.03648
;LAYER_CHANGE
;Z:5.8
;HEIGHT:0.16
;BEFORE_LAYER_CHANGE
G92 E0
;5.8


G1 E-3.5 F3600
;WIPE_START
G1 F7200
G1 X28.784 Y17.398 E-.6422
G1 X28.662 Y17.439 E-.06113
G1 X29.055 Y17.046 E-.264
G1 X29.986 Y17.046 E-.44223
G1 X30.121 Y17.181 E-.09044
;WIPE_END
G1 Z5.8 F9000
;AFTER_LAYER_CHANGE
;5.8
G1 X28.331 Y17.868
G1 E5 F2400
;TYPE:Perimeter
;WIDTH:0.439999
G1 F3600
G1 X28.331 Y16.733 E.03063
G1 X61.308 Y16.733 E.88988
G1 X61.308 Y17.868 E.03063
G1 X60.837 Y17.711 E.0134
G1 X28.819 Y17.711 E.864
G1 X28.388 Y17.849 E.01221
G1 X28.407 Y18.329 F9000
G1 F3600
G1 X28.346 Y18.469 E.00412
;WIDTH:0.410752
G1 X28.243 Y18.705 E.00645
;WIDTH:0.381505
G1 X28.243 Y167.145 E3.42804
G1 X27.896 Y167.145 E.00801
G1 X27.896 Y18.705 E3.42804
;WIDTH:0.410752
G1 X27.91 Y18.338 E.0092
;WIDTH:0.439999
G1 X27.925 Y16.328 E.05424
G1 X61.714 Y16.328 E.91179
G1 X61.714 Y17.972 E.04436
G1 X61.728 Y18.338 E.00988
;WIDTH:0.410752
G1 X61.743 Y18.705 E.0092
;WIDTH:0.381505
G1 X61.743 Y167.145 E3.42804
G1 X61.396 Y167.145 E.00801
G1 X61.396 Y18.705 E3.42804
;WIDTH:0.410752
G1 X61.293 Y18.469 E.00645
;WIDTH:0.439999
G1 X61.19 Y18.234 E.00692
G1 X60.837 Y18.116 E.01004
G1 X28.819 Y18.116 E.864
G1 X28.449 Y18.234 E.01048
G1 X28.432 Y18.274 E.00117
G1 X28.672 Y18.579 F9000
;TYPE:External perimeter
;WIDTH:0.419999
G1 F1800
G1 X28.609 Y18.705 E.00361
G1 X28.609 Y167.512 E3.81756
G1 X27.529 Y167.512 E.02771
G1 X27.529 Y15.932 E3.8887
G1 X62.109 Y15.932 E.88713
G1 X62.109 Y167.512 E3.8887
G1 X61.029 Y167.512 E.02771
G1 X61.029 Y18.705 E3.81756
G1 X60.952 Y18.55 E.00444
G1 X60.837 Y18.512 E.00311
G1 X28.819 Y18.512 E.8214
G1 X28.713 Y18.543 E.00283
G1 X30.136 Y17.398 F9000
;TYPE:Internal infill
;WIDTH:0.44
G1 F3600
G1 X28.784 Y17.398 E.03648
G1 X28.662 Y17.439 E.00347
G1 X29.055 Y17.046 E.015
G1 X29.986 Y17.046 E.02512
G1 X30.339 Y17.398 E.01345
G1 X36.352 Y17.398 E.16226
G1 X36.704 Y17.046 E.01343
G1 X37.636 Y17.046 E.02515
G1 X37.988 Y17.398 E.01343
G1 X44.001 Y17.398 E.16226
G1 X44.354 Y17.046 E.01345
G1 X45.285 Y17.046 E.02512
G1 X45.638 Y17.398 E.01345
G1 X51.65 Y17.398 E.16223
G1 X52.003 Y17.046 E.01345
G1 X52.934 Y17.046 E.02512
G1 X53.287 Y17.398 E.01345
G1 X59.3 Y17.398 E.16226
G1 X59.652 Y17.046 E.01343
G1 X60.584 Y17.046 E.02515
G1 X60.977 Y17.439 E.015
G1 X60.854 Y17.398 E.0035
G1 X59.502 Y17.398 E.03648
;LAYER_CHANGE
;Z:5.96
;HEIGHT:0.16
;BEFORE_LAYER_CHANGE
G92 E0
;5.96


G1 E-3.5 F3600
;WIPE_START
G1 F7200
G1 X60.854 Y17.398 E-.6422
G1 X60.977 Y17.439 E-.06159
G1 X60.584 Y17.046 E-.264
G1 X59.652 Y17.046 E-.4427
G1 X59.519 Y17.179 E-.08951
;WIPE_END
G1 Z5.96 F9000
;AFTER_LAYER_CHANGE
;5.96
G1 X61.308 Y17.868
G1 E5 F2400
;TYPE:Perimeter
;WIDTH:0.439999
G1 F3600
G1 X60.837 Y17.711 E.0134
G1 X28.819 Y17.711 E.864
G1 X28.331 Y17.868 E.01383
G1 X28.331 Y16.733 E.03063
G1 X61.308 Y16.733 E.88988
G1 X61.308 Y17.808 E.02901
G1 X61.231 Y18.329 F9000
G1 F3600
G1 X61.19 Y18.234 E.00279
G1 X60.837 Y18.116 E.01004
G1 X28.819 Y18.116 E.864
G1 X28.449 Y18.234 E.01048
G1 X28.346 Y18.469 E.00692
;WIDTH:0.410752
G1 X28.243 Y18.705 E.00645
;WIDTH:0.381505
G1 X28.243 Y167.145 E3.42804
G1 X27.896 Y167.145 E.00801
G1 X27.896 Y18.705 E3.42804
;WIDTH:0.410752
G1 X27.91 Y18.338 E.0092
;WIDTH:0.439999
G1 X27.925 Y16.328 E.05424
G1 X61.714 Y16.328 E.91179
G1 X61.714 Y17.972 E.04436
G1 X61.728 Y18.338 E.00988
;WIDTH:0.410752
G1 X61.743 Y18.705 E.0092
;WIDTH:0.381505
G1 X61.743 Y167.145 E3.42804
G1 X61.396 Y167.145 E.00801
G1 X61.396 Y18.705 E3.42804
;WIDTH:0.410752
G1 X61.293 Y18.469 E.00645
;WIDTH:0.439999
G1 X61.255 Y18.384 E.00251
G1 X60.967 Y18.579 F9000
;TYPE:External perimeter
;WIDTH:0.419999
G1 F1800
G1 X60.952 Y18.55 E.00084
G1 X60.837 Y18.512 E.00311
G1 X28.819 Y18.512 E.8214
G1 X28.686 Y18.55 E.00355
G1 X28.609 Y18.705 E.00444
G1 X28.609 Y167.512 E3.81756
G1 X27.529 Y167.512 E.02771
G1 X27.529 Y15.932 E3.8887
G1 X62.109 Y15.932 E.88713
G1 X62.109 Y167.512 E3.8887
G1 X61.029 Y167.512 E.02771
G1 X61.029 Y18.705 E3.81756
G1 X60.993 Y18.633 E.00207
G1 X59.502 Y17.398 F9000
;TYPE:Internal infill
;WIDTH:0.44
G1 F3600
G1 X60.854 Y17.398 E.03648
G1 X60.977 Y17.439 E.0035
G1 X60.584 Y17.046 E.015
G1 X59.652 Y17.046 E.02515
G1 X59.3 Y17.398 E.01343
G1 X53.287 Y17.398 E.16226
G1 X52.934 Y17.046 E.01345
G1 X52.003 Y17.046 E.02512
G1 X51.65 Y17.398 E.01345
G1 X45.638 Y17.398 E.16223
G1 X45.285 Y17.046 E.01345
G1 X44.354 Y17.046 E.02512
G1 X44.001 Y17.398 E.01345
G1 X37.988 Y17.398 E.16226
G1 X37.636 Y17.046 E.01343
G1 X36.704 Y17.046 E.02515
G1 X36.352 Y17.398 E.01343
G1 X30.339 Y17.398 E.16226
G1 X29.986 Y17.046 E.01345
G1 X29.055 Y17.046 E.02512
G1 X28.662 Y17.439 E.015
G1 X28.784 Y17.398 E.00347
G1 X30.136 Y17.398 E.03648
;LAYER_CHANGE
;Z:6.12
;HEIGHT:0.16
;BEFORE_LAYER_CHANGE
G92 E0
;6.12


G1 E-3.5 F3600
;WIPE_START
G1 F7200
G1 X28.784 Y17.398 E-.6422
G1 X28.662 Y17.439 E-.06113
G1 X29.055 Y17.046 E-.264
G1 X29.986 Y17.046 E-.44223
G1 X30.121 Y17.181 E-.09044
;WIPE_END
G1 Z6.12 F9000
;AFTER_LAYER_CHANGE
;6.12
G1 X28.331 Y17.868
G1 E5 F2400
;TYPE:Perimeter
;WIDTH:0.439999
G1 F3600
G1 X28.331 Y16.733 E.03063
G1 X61.308 Y16.733 E.88988
G1 X61.308 Y17.868 E.03063
G1 X60.837 Y17.711 E.0134
G1 X28.819 Y17.711 E.864
G1 X28.388 Y17.849 E.01221
G1 X28.407 Y18.329 F9000
G1 F3600
G1 X28.346 Y18.469 E.00412
;WIDTH:0.410752
G1 X28.243 Y18.705 E.00645
;WIDTH:0.381505
G1 X28.243 Y167.145 E3.42804
G1 X27.896 Y167.145 E.00801
G1 X27.896 Y18.705 E3.42804
;WIDTH:0.410752
G1 X27.91 Y18.338 E.0092
;WIDTH:0.439999
G1 X27.925 Y16.328 E.05424
G1 X61.714 Y16.328 E.91179
G1 X61.714 Y17.972 E.04436
G1 X61.728 Y18.338 E.00988
;WIDTH:0.410752
G1 X61.743 Y18.705 E.0092
;WIDTH:0.381505
G1 X61.743 Y167.145 E3.42804
G1 X61.396 Y167.145 E.00801
G1 X61.396 Y18.705 E3.42804
;WIDTH:0.410752
G1 X61.293 Y18.469 E.00645
;WIDTH:0.439999
G1 X61.19 Y18.234 E.00692
G1 X60.837 Y18.116 E.01004
G1 X28.819 Y18.116 E.864
G1 X28.449 Y18.234 E.01048
G1 X28.432 Y18.274 E.00117
G1 X28.672 Y18.579 F9000
;TYPE:External perimeter
;WIDTH:0.419999
G1 F1800
G1 X28.609 Y18.705 E.00361
G1 X28.609 Y167.512 E3.81756
G1 X27.529 Y167.512 E.02771
G1 X27.529 Y15.932 E3.8887
G1 X62.109 Y15.932 E.88713
G1 X62.109 Y167.512 E3.8887
G1 X61.029 Y167.512 E.02771
G1 X61.029 Y18.705 E3.81756
G1 X60.952 Y18.55 E.00444
G1 X60.837 Y18.512 E.00311
G1 X28.819 Y18.512 E.8214
G1 X28.713 Y18.543 E.00283
G1 X30.136 Y17.398 F9000
;TYPE:Internal infill
;WIDTH:0.44
G1 F3600
G1 X28.784 Y17.398 E.03648
G1 X28.662 Y17.439 E.00347
G1 X29.055 Y17.046 E.015
G1 X29.986 Y17.046 E.02512
G1 X30.339 Y17.398 E.01345
G1 X36.352 Y17.398 E.16226
G1 X36.704 Y17.046 E.01343
G1 X37.636 Y17.046 E.02515
G1 X37.988 Y17.398 E.01343
G1 X44.001 Y17.398 E.16226
G1 X44.354 Y17.046 E.01345
G1 X45.285 Y17.046 E.02512
G1 X45.638 Y17.398 E.01345
G1 X51.65 Y17.398 E.16223
G1 X52.003 Y17.046 E.01345
G1 X52.934 Y17.046 E.02512
G1 X53.287 Y17.398 E.01345
G1 X59.3 Y17.398 E.16226
G1 X59.652 Y17.046 E.01343
G1 X60.584 Y17.046 E.02515
G1 X60.977 Y17.439 E.015
G1 X60.854 Y17.398 E.0035
G1 X59.502 Y17.398 E.03648
;LAYER_CHANGE
;Z:6.28
;HEIGHT:0.16
;BEFORE_LAYER_CHANGE
G92 E0
;6.28


G1 E-3.5 F3600
;WIPE_START
G1 F7200
G1 X60.854 Y17.398 E-.6422
G1 X60.977 Y17.439 E-.06159
G1 X60.584 Y17.046 E-.264
G1 X59.652 Y17.046 E-.4427
G1 X59.519 Y17.179 E-.08951
;WIPE_END
G1 Z6.28 F9000
;AFTER_LAYER_CHANGE
;6.28
G1 X61.308 Y17.868
G1 E5 F2400
;TYPE:Perimeter
;WIDTH:0.439999
G1 F3600
G1 X60.837 Y17.711 E.0134
G1 X28.819 Y17.711 E.864
G1 X28.331 Y17.868 E.01383
G1 X28.331 Y16.733 E.03063
G1 X61.308 Y16.733 E.88988
G1 X61.308 Y17.808 E.02901
G1 X61.231 Y18.329 F9000
G1 F3600
G1 X61.19 Y18.234 E.00279
G1 X60.837 Y18.116 E.01004
G1 X28.819 Y18.116 E.864
G1 X28.449 Y18.234 E.01048
G1 X28.346 Y18.469 E.00692
;WIDTH:0.410752
G1 X28.243 Y18.705 E.00645
;WIDTH:0.381505
G1 X28.243 Y167.145 E3.42804
G1 X27.896 Y167.145 E.00801
G1 X27.896 Y18.705 E3.42804
;WIDTH:0.410752
G1 X27.91 Y18.338 E.0092
;WIDTH:0.439999
G1 X27.925 Y16.328 E.05424
G1 X61.714 Y16.328 E.91179
G1 X61.714 Y17.972 E.04436
G1 X61.728 Y18.338 E.00988
;WIDTH:0.410752
G1 X61.743 Y18.705 E.0092
;WIDTH:0.381505
G1 X61.743 Y167.145 E3.42804
G1 X61.396 Y167.145 E.00801
G1 X61.396 Y18.705 E3.42804
;WIDTH:0.410752
G1 X61.293 Y18.469 E.00645
;WIDTH:0.439999
G1 X61.255 Y18.384 E.00251
G1 X60.967 Y18.579 F9000
;TYPE:External perimeter
;WIDTH:0.419999
G1 F1800
G1 X60.952 Y18.55 E.00084
G1 X60.837 Y18.512 E.00311
G1 X28.819 Y18.512 E.8214
G1 X28.686 Y18.55 E.00355
G1 X28.609 Y18.705 E.00444
G1 X28.609 Y167.512 E3.81756
G1 X27.529 Y167.512 E.02771
G1 X27.529 Y15.932 E3.8887
G1 X62.109 Y15.932 E.88713
G1 X62.109 Y167.512 E3.8887
G1 X61.029 Y167.512 E.02771
G1 X61.029 Y18.705 E3.81756
G1 X60.993 Y18.633 E.00207
G1 X59.502 Y17.398 F9000
;TYPE:Internal infill
;WIDTH:0.44
G1 F3600
G1 X60.854 Y17.398 E.03648
G1 X60.977 Y17.439 E.0035
G1 X60.584 Y17.046 E.015
G1 X59.652 Y17.046 E.02515
G1 X59.3 Y17.398 E.01343
G1 X53.287 Y17.398 E.16226
G1 X52.934 Y17.046 E.01345
G1 X52.003 Y17.046 E.02512
G1 X51.65 Y17.398 E.01345
G1 X45.638 Y17.398 E.16223
G1 X45.285 Y17.046 E.01345
G1 X44.354 Y17.046 E.02512
G1 X44.001 Y17.398 E.01345
G1 X37.988 Y17.398 E.16226
G1 X37.636 Y17.046 E.01343
G1 X36.704 Y17.046 E.02515
G1 X36.352 Y17.398 E.01343
G1 X30.339 Y17.398 E.16226
G1 X29.986 Y17.046 E.01345
G1 X29.055 Y17.046 E.02512
G1 X28.662 Y17.439 E.015
G1 X28.784 Y17.398 E.00347
G1 X30.136 Y17.398 E.03648
;LAYER_CHANGE
;Z:6.44
;HEIGHT:0.16
;BEFORE_LAYER_CHANGE
G92 E0
;6.44


G1 E-3.5 F3600
;WIPE_START
G1 F7200
G1 X28.784 Y17.398 E-.6422
G1 X28.662 Y17.439 E-.06113
G1 X29.055 Y17.046 E-.264
G1 X29.986 Y17.046 E-.44223
G1 X30.121 Y17.181 E-.09044
;WIPE_END
G1 Z6.44 F9000
;AFTER_LAYER_CHANGE
;6.44
G1 X28.331 Y17.868
G1 E5 F2400
;TYPE:Perimeter
;WIDTH:0.439999
G1 F3600
G1 X28.331 Y16.733 E.03063
G1 X61.308 Y16.733 E.88988
G1 X61.308 Y17.868 E.03063
G1 X60.837 Y17.711 E.0134
G1 X28.819 Y17.711 E.864
G1 X28.388 Y17.849 E.01221
G1 X28.407 Y18.329 F9000
G1 F3600
G1 X28.346 Y18.469 E.00412
;WIDTH:0.410752
G1 X28.243 Y18.705 E.00645
;WIDTH:0.381505
G1 X28.243 Y167.145 E3.42804
G1 X27.896 Y167.145 E.00801
G1 X27.896 Y18.705 E3.42804
;WIDTH:0.410752
G1 X27.91 Y18.338 E.0092
;WIDTH:0.439999
G1 X27.925 Y16.328 E.05424
G1 X61.714 Y16.328 E.91179
G1 X61.714 Y17.972 E.04436
G1 X61.728 Y18.338 E.00988
;WIDTH:0.410752
G1 X61.743 Y18.705 E.0092
;WIDTH:0.381505
G1 X61.743 Y167.145 E3.42804
G1 X61.396 Y167.145 E.00801
G1 X61.396 Y18.705 E3.42804
;WIDTH:0.410752
G1 X61.293 Y18.469 E.00645
;WIDTH:0.439999
G1 X61.19 Y18.234 E.00692
G1 X60.837 Y18.116 E.01004
G1 X28.819 Y18.116 E.864
G1 X28.449 Y18.234 E.01048
G1 X28.432 Y18.274 E.00117
G1 X28.672 Y18.579 F9000
;TYPE:External perimeter
;WIDTH:0.419999
G1 F1800
G1 X28.609 Y18.705 E.00361
G1 X28.609 Y167.512 E3.81756
G1 X27.529 Y167.512 E.02771
G1 X27.529 Y15.932 E3.8887
G1 X62.109 Y15.932 E.88713
G1 X62.109 Y167.512 E3.8887
G1 X61.029 Y167.512 E.02771
G1 X61.029 Y18.705 E3.81756
G1 X60.952 Y18.55 E.00444
G1 X60.837 Y18.512 E.00311
G1 X28.819 Y18.512 E.8214
G1 X28.713 Y18.543 E.00283
G1 X30.136 Y17.398 F9000
;TYPE:Internal infill
;WIDTH:0.44
G1 F3600
G1 X28.784 Y17.398 E.03648
G1 X28.662 Y17.439 E.00347
G1 X29.055 Y17.046 E.015
G1 X29.986 Y17.046 E.02512
G1 X30.339 Y17.398 E.01345
G1 X36.352 Y17.398 E.16226
G1 X36.704 Y17.046 E.01343
G1 X37.636 Y17.046 E.02515
G1 X37.988 Y17.398 E.01343
G1 X44.001 Y17.398 E.16226
G1 X44.354 Y17.046 E.01345
G1 X45.285 Y17.046 E.02512
G1 X45.638 Y17.398 E.01345
G1 X51.65 Y17.398 E.16223
G1 X52.003 Y17.046 E.01345
G1 X52.934 Y17.046 E.02512
G1 X53.287 Y17.398 E.01345
G1 X59.3 Y17.398 E.16226
G1 X59.652 Y17.046 E.01343
G1 X60.584 Y17.046 E.02515
G1 X60.977 Y17.439 E.015
G1 X60.854 Y17.398 E.0035
G1 X59.502 Y17.398 E.03648
;LAYER_CHANGE
;Z:6.6
;HEIGHT:0.16
;BEFORE_LAYER_CHANGE
G92 E0
;6.6


G1 E-3.5 F3600
;WIPE_START
G1 F7200
G1 X60.854 Y17.398 E-.6422
G1 X60.977 Y17.439 E-.06159
G1 X60.584 Y17.046 E-.264
G1 X59.652 Y17.046 E-.4427
G1 X59.519 Y17.179 E-.08951
;WIPE_END
G1 Z6.6 F9000
;AFTER_LAYER_CHANGE
;6.6
G1 X61.308 Y17.868
G1 E5 F2400
;TYPE:Perimeter
;WIDTH:0.439999
G1 F3600
G1 X60.837 Y17.711 E.0134
G1 X28.819 Y17.711 E.864
G1 X28.331 Y17.868 E.01383
G1 X28.331 Y16.733 E.03063
G1 X61.308 Y16.733 E.88988
G1 X61.308 Y17.808 E.02901
G1 X61.231 Y18.329 F9000
G1 F3600
G1 X61.19 Y18.234 E.00279
G1 X60.837 Y18.116 E.01004
G1 X28.819 Y18.116 E.864
G1 X28.449 Y18.234 E.01048
G1 X28.346 Y18.469 E.00692
;WIDTH:0.410752
G1 X28.243 Y18.705 E.00645
;WIDTH:0.381505
G1 X28.243 Y167.145 E3.42804
G1 X27.896 Y167.145 E.00801
G1 X27.896 Y18.705 E3.42804
;WIDTH:0.410752
G1 X27.91 Y18.338 E.0092
;WIDTH:0.439999
G1 X27.925 Y16.328 E.05424
G1 X61.714 Y16.328 E.91179
G1 X61.714 Y17.972 E.04436
G1 X61.728 Y18.338 E.00988
;WIDTH:0.410752
G1 X61.743 Y18.705 E.0092
;WIDTH:0.381505
G1 X61.743 Y167.145 E3.42804
G1 X61.396 Y167.145 E.00801
G1 X61.396 Y18.705 E3.42804
;WIDTH:0.410752
G1 X61.293 Y18.469 E.00645
;WIDTH:0.439999
G1 X61.255 Y18.384 E.00251
G1 X60.967 Y18.579 F9000
;TYPE:External perimeter
;WIDTH:0.419999
G1 F1800
G1 X60.952 Y18.55 E.00084
G1 X60.837 Y18.512 E.00311
G1 X28.819 Y18.512 E.8214
G1 X28.686 Y18.55 E.00355
G1 X28.609 Y18.705 E.00444
G1 X28.609 Y167.512 E3.81756
G1 X27.529 Y167.512 E.02771
G1 X27.529 Y15.932 E3.8887
G1 X62.109 Y15.932 E.88713
G1 X62.109 Y167.512 E3.8887
G1 X61.029 Y167.512 E.02771
G1 X61.029 Y18.705 E3.81756
G1 X60.993 Y18.633 E.00207
G1 X59.502 Y17.398 F9000
;TYPE:Internal infill
;WIDTH:0.44
G1 F3600
G1 X60.854 Y17.398 E.03648
G1 X60.977 Y17.439 E.0035
G1 X60.584 Y17.046 E.015
G1 X59.652 Y17.046 E.02515
G1 X59.3 Y17.398 E.01343
G1 X53.287 Y17.398 E.16226
G1 X52.934 Y17.046 E.01345
G1 X52.003 Y17.046 E.02512
G1 X51.65 Y17.398 E.01345
G1 X45.638 Y17.398 E.16223
G1 X45.285 Y17.046 E.01345
G1 X44.354 Y17.046 E.02512
G1 X44.001 Y17.398 E.01345
G1 X37.988 Y17.398 E.16226
G1 X37.636 Y17.046 E.01343
G1 X36.704 Y17.046 E.02515
G1 X36.352 Y17.398 E.01343
G1 X30.339 Y17.398 E.16226
G1 X29.986 Y17.046 E.01345
G1 X29.055 Y17.046 E.02512
G1 X28.662 Y17.439 E.015
G1 X28.784 Y17.398 E.00347
G1 X30.136 Y17.398 E.03648
;LAYER_CHANGE
;Z:6.76
;HEIGHT:0.16
;BEFORE_LAYER_CHANGE
G92 E0
;6.76


G1 E-3.5 F3600
;WIPE_START
G1 F7200
G1 X28.784 Y17.398 E-.6422
G1 X28.662 Y17.439 E-.06113
G1 X29.055 Y17.046 E-.264
G1 X29.986 Y17.046 E-.44223
G1 X30.121 Y17.181 E-.09044
;WIPE_END
G1 Z6.76 F9000
;AFTER_LAYER_CHANGE
;6.76
G1 X28.331 Y17.868
G1 E5 F2400
;TYPE:Perimeter
;WIDTH:0.439999
G1 F3600
G1 X28.331 Y16.733 E.03063
G1 X61.308 Y16.733 E.88988
G1 X61.308 Y17.868 E.03063
G1 X60.837 Y17.711 E.0134
G1 X28.819 Y17.711 E.864
G1 X28.388 Y17.849 E.01221
G1 X28.407 Y18.329 F9000
G1 F3600
G1 X28.346 Y18.469 E.00412
;WIDTH:0.410752
G1 X28.243 Y18.705 E.00645
;WIDTH:0.381505
G1 X28.243 Y167.145 E3.42804
G1 X27.896 Y167.145 E.00801
G1 X27.896 Y18.705 E3.42804
;WIDTH:0.410752
G1 X27.91 Y18.338 E.0092
;WIDTH:0.439999
G1 X27.925 Y16.328 E.05424
G1 X61.714 Y16.328 E.91179
G1 X61.714 Y17.972 E.04436
G1 X61.728 Y18.338 E.00988
;WIDTH:0.410752
G1 X61.743 Y18.705 E.0092
;WIDTH:0.381505
G1 X61.743 Y167.145 E3.42804
G1 X61.396 Y167.145 E.00801
G1 X61.396 Y18.705 E3.42804
;WIDTH:0.410752
G1 X61.293 Y18.469 E.00645
;WIDTH:0.439999
G1 X61.19 Y18.234 E.00692
G1 X60.837 Y18.116 E.01004
G1 X28.819 Y18.116 E.864
G1 X28.449 Y18.234 E.01048
G1 X28.432 Y18.274 E.00117
G1 X28.672 Y18.579 F9000
;TYPE:External perimeter
;WIDTH:0.419999
G1 F1800
G1 X28.609 Y18.705 E.00361
G1 X28.609 Y167.512 E3.81756
G1 X27.529 Y167.512 E.02771
G1 X27.529 Y15.932 E3.8887
G1 X62.109 Y15.932 E.88713
G1 X62.109 Y167.512 E3.8887
G1 X61.029 Y167.512 E.02771
G1 X61.029 Y18.705 E3.81756
G1 X60.952 Y18.55 E.00444
G1 X60.837 Y18.512 E.00311
G1 X28.819 Y18.512 E.8214
G1 X28.713 Y18.543 E.00283
G1 X30.136 Y17.398 F9000
;TYPE:Internal infill
;WIDTH:0.44
G1 F3600
G1 X28.784 Y17.398 E.03648
G1 X28.662 Y17.439 E.00347
G1 X29.055 Y17.046 E.015
G1 X29.986 Y17.046 E.02512
G1 X30.339 Y17.398 E.01345
G1 X36.352 Y17.398 E.16226
G1 X36.704 Y17.046 E.01343
G1 X37.636 Y17.046 E.02515
G1 X37.988 Y17.398 E.01343
G1 X44.001 Y17.398 E.16226
G1 X44.354 Y17.046 E.01345
G1 X45.285 Y17.046 E.02512
G1 X45.638 Y17.398 E.01345
G1 X51.65 Y17.398 E.16223
G1 X52.003 Y17.046 E.01345
G1 X52.934 Y17.046 E.02512
G1 X53.287 Y17.398 E.01345
G1 X59.3 Y17.398 E.16226
G1 X59.652 Y17.046 E.01343
G1 X60.584 Y17.046 E.02515
G1 X60.977 Y17.439 E.015
G1 X60.854 Y17.398 E.0035
G1 X59.502 Y17.398 E.03648
;LAYER_CHANGE
;Z:6.92
;HEIGHT:0.16
;BEFORE_LAYER_CHANGE
G92 E0
;6.92


G1 E-3.5 F3600
;WIPE_START
G1 F7200
G1 X60.854 Y17.398 E-.6422
G1 X60.977 Y17.439 E-.06159
G1 X60.584 Y17.046 E-.264
G1 X59.652 Y17.046 E-.4427
G1 X59.519 Y17.179 E-.08951
;WIPE_END
G1 Z6.92 F9000
;AFTER_LAYER_CHANGE
;6.92
G1 X61.308 Y17.868
G1 E5 F2400
;TYPE:Perimeter
;WIDTH:0.439999
G1 F3600
G1 X60.837 Y17.711 E.0134
G1 X28.819 Y17.711 E.864
G1 X28.331 Y17.868 E.01383
G1 X28.331 Y16.733 E.03063
G1 X61.308 Y16.733 E.88988
G1 X61.308 Y17.808 E.02901
G1 X61.231 Y18.329 F9000
G1 F3600
G1 X61.19 Y18.234 E.00279
G1 X60.837 Y18.116 E.01004
G1 X28.819 Y18.116 E.864
G1 X28.449 Y18.234 E.01048
G1 X28.346 Y18.469 E.00692
;WIDTH:0.410752
G1 X28.243 Y18.705 E.00645
;WIDTH:0.381505
G1 X28.243 Y167.145 E3.42804
G1 X27.896 Y167.145 E.00801
G1 X27.896 Y18.705 E3.42804
;WIDTH:0.410752
G1 X27.91 Y18.338 E.0092
;WIDTH:0.439999
G1 X27.925 Y16.328 E.05424
G1 X61.714 Y16.328 E.91179
G1 X61.714 Y17.972 E.04436
G1 X61.728 Y18.338 E.00988
;WIDTH:0.410752
G1 X61.743 Y18.705 E.0092
;WIDTH:0.381505
G1 X61.743 Y167.145 E3.42804
G1 X61.396 Y167.145 E.00801
G1 X61.396 Y18.705 E3.42804
;WIDTH:0.410752
G1 X61.293 Y18.469 E.00645
;WIDTH:0.439999
G1 X61.255 Y18.384 E.00251
G1 X60.967 Y18.579 F9000
;TYPE:External perimeter
;WIDTH:0.419999
G1 F1800
G1 X60.952 Y18.55 E.00084
G1 X60.837 Y18.512 E.00311
G1 X28.819 Y18.512 E.8214
G1 X28.686 Y18.55 E.00355
G1 X28.609 Y18.705 E.00444
G1 X28.609 Y167.512 E3.81756
G1 X27.529 Y167.512 E.02771
G1 X27.529 Y15.932 E3.8887
G1 X62.109 Y15.932 E.88713
G1 X62.109 Y167.512 E3.8887
G1 X61.029 Y167.512 E.02771
G1 X61.029 Y18.705 E3.81756
G1 X60.993 Y18.633 E.00207
G1 X59.502 Y17.398 F9000
;TYPE:Internal infill
;WIDTH:0.44
G1 F3600
G1 X60.854 Y17.398 E.03648
G1 X60.977 Y17.439 E.0035
G1 X60.584 Y17.046 E.015
G1 X59.652 Y17.046 E.02515
G1 X59.3 Y17.398 E.01343
G1 X53.287 Y17.398 E.16226
G1 X52.934 Y17.046 E.01345
G1 X52.003 Y17.046 E.02512
G1 X51.65 Y17.398 E.01345
G1 X45.638 Y17.398 E.16223
G1 X45.285 Y17.046 E.01345
G1 X44.354 Y17.046 E.02512
G1 X44.001 Y17.398 E.01345
G1 X37.988 Y17.398 E.16226
G1 X37.636 Y17.046 E.01343
G1 X36.704 Y17.046 E.02515
G1 X36.352 Y17.398 E.01343
G1 X30.339 Y17.398 E.16226
G1 X29.986 Y17.046 E.01345
G1 X29.055 Y17.046 E.02512
G1 X28.662 Y17.439 E.015
G1 X28.784 Y17.398 E.00347
G1 X30.136 Y17.398 E.03648
;LAYER_CHANGE
;Z:7.08
;HEIGHT:0.16
;BEFORE_LAYER_CHANGE
G92 E0
;7.08


G1 E-3.5 F3600
;WIPE_START
G1 F7200
G1 X28.784 Y17.398 E-.6422
G1 X28.662 Y17.439 E-.06113
G1 X29.055 Y17.046 E-.264
G1 X29.986 Y17.046 E-.44223
G1 X30.121 Y17.181 E-.09044
;WIPE_END
G1 Z7.08 F9000
;AFTER_LAYER_CHANGE
;7.08
G1 X28.331 Y17.868
G1 E5 F2400
;TYPE:Perimeter
;WIDTH:0.439999
G1 F3600
G1 X28.331 Y16.733 E.03063
G1 X61.308 Y16.733 E.88988
G1 X61.308 Y17.868 E.03063
G1 X60.837 Y17.711 E.0134
G1 X28.819 Y17.711 E.864
G1 X28.388 Y17.849 E.01221
G1 X28.407 Y18.329 F9000
G1 F3600
G1 X28.346 Y18.469 E.00412
;WIDTH:0.410752
G1 X28.243 Y18.705 E.00645
;WIDTH:0.381505
G1 X28.243 Y167.145 E3.42804
G1 X27.896 Y167.145 E.00801
G1 X27.896 Y18.705 E3.42804
;WIDTH:0.410752
G1 X27.91 Y18.338 E.0092
;WIDTH:0.439999
G1 X27.925 Y16.328 E.05424
G1 X61.714 Y16.328 E.91179
G1 X61.714 Y17.972 E.04436
G1 X61.728 Y18.338 E.00988
;WIDTH:0.410752
G1 X61.743 Y18.705 E.0092
;WIDTH:0.381505
G1 X61.743 Y167.145 E3.42804
G1 X61.396 Y167.145 E.00801
G1 X61.396 Y18.705 E3.42804
;WIDTH:0.410752
G1 X61.293 Y18.469 E.00645
;WIDTH:0.439999
G1 X61.19 Y18.234 E.00692
G1 X60.837 Y18.116 E.01004
G1 X28.819 Y18.116 E.864
G1 X28.449 Y18.234 E.01048
G1 X28.432 Y18.274 E.00117
G1 X28.672 Y18.579 F9000
;TYPE:External perimeter
;WIDTH:0.419999
G1 F1800
G1 X28.609 Y18.705 E.00361
G1 X28.609 Y167.512 E3.81756
G1 X27.529 Y167.512 E.02771
G1 X27.529 Y15.932 E3.8887
G1 X62.109 Y15.932 E.88713
G1 X62.109 Y167.512 E3.8887
G1 X61.029 Y167.512 E.02771
G1 X61.029 Y18.705 E3.81756
G1 X60.952 Y18.55 E.00444
G1 X60.837 Y18.512 E.00311
G1 X28.819 Y18.512 E.8214
G1 X28.713 Y18.543 E.00283
G1 X30.136 Y17.398 F9000
;TYPE:Internal infill
;WIDTH:0.44
G1 F3600
G1 X28.784 Y17.398 E.03648
G1 X28.662 Y17.439 E.00347
G1 X29.055 Y17.046 E.015
G1 X29.986 Y17.046 E.02512
G1 X30.339 Y17.398 E.01345
G1 X36.352 Y17.398 E.16226
G1 X36.704 Y17.046 E.01343
G1 X37.636 Y17.046 E.02515
G1 X37.988 Y17.398 E.01343
G1 X44.001 Y17.398 E.16226
G1 X44.354 Y17.046 E.01345
G1 X45.285 Y17.046 E.02512
G1 X45.638 Y17.398 E.01345
G1 X51.65 Y17.398 E.16223
G1 X52.003 Y17.046 E.01345
G1 X52.934 Y17.046 E.02512
G1 X53.287 Y17.398 E.01345
G1 X59.3 Y17.398 E.16226
G1 X59.652 Y17.046 E.01343
G1 X60.584 Y17.046 E.02515
G1 X60.977 Y17.439 E.015
G1 X60.854 Y17.398 E.0035
G1 X59.502 Y17.398 E.03648
;LAYER_CHANGE
;Z:7.24
;HEIGHT:0.16
;BEFORE_LAYER_CHANGE
G92 E0
;7.24


G1 E-3.5 F3600
;WIPE_START
G1 F7200
G1 X60.854 Y17.398 E-.6422
G1 X60.977 Y17.439 E-.06159
G1 X60.584 Y17.046 E-.264
G1 X59.652 Y17.046 E-.4427
G1 X59.519 Y17.179 E-.08951
;WIPE_END
G1 Z7.24 F9000
;AFTER_LAYER_CHANGE
;7.24
G1 X61.308 Y17.868
G1 E5 F2400
;TYPE:Perimeter
;WIDTH:0.439999
G1 F3600
G1 X60.837 Y17.711 E.0134
G1 X28.819 Y17.711 E.864
G1 X28.331 Y17.868 E.01383
G1 X28.331 Y16.733 E.03063
G1 X61.308 Y16.733 E.88988
G1 X61.308 Y17.808 E.02901
G1 X61.231 Y18.329 F9000
G1 F3600
G1 X61.19 Y18.234 E.00279
G1 X60.837 Y18.116 E.01004
G1 X28.819 Y18.116 E.864
G1 X28.449 Y18.234 E.01048
G1 X28.346 Y18.469 E.00692
;WIDTH:0.410752
G1 X28.243 Y18.705 E.00645
;WIDTH:0.381505
G1 X28.243 Y167.145 E3.42804
G1 X27.896 Y167.145 E.00801
G1 X27.896 Y18.705 E3.42804
;WIDTH:0.410752
G1 X27.91 Y18.338 E.0092
;WIDTH:0.439999
G1 X27.925 Y16.328 E.05424
G1 X61.714 Y16.328 E.91179
G1 X61.714 Y17.972 E.04436
G1 X61.728 Y18.338 E.00988
;WIDTH:0.410752
G1 X61.743 Y18.705 E.0092
;WIDTH:0.381505
G1 X61.743 Y167.145 E3.42804
G1 X61.396 Y167.145 E.00801
G1 X61.396 Y18.705 E3.42804
;WIDTH:0.410752
G1 X61.293 Y18.469 E.00645
;WIDTH:0.439999
G1 X61.255 Y18.384 E.00251
G1 X60.967 Y18.579 F9000
;TYPE:External perimeter
;WIDTH:0.419999
G1 F1800
G1 X60.952 Y18.55 E.00084
G1 X60.837 Y18.512 E.00311
G1 X28.819 Y18.512 E.8214
G1 X28.686 Y18.55 E.00355
G1 X28.609 Y18.705 E.00444
G1 X28.609 Y167.512 E3.81756
G1 X27.529 Y167.512 E.02771
G1 X27.529 Y15.932 E3.8887
G1 X62.109 Y15.932 E.88713
G1 X62.109 Y167.512 E3.8887
G1 X61.029 Y167.512 E.02771
G1 X61.029 Y18.705 E3.81756
G1 X60.993 Y18.633 E.00207
G1 X59.502 Y17.398 F9000
;TYPE:Internal infill
;WIDTH:0.44
G1 F3600
G1 X60.854 Y17.398 E.03648
G1 X60.977 Y17.439 E.0035
G1 X60.584 Y17.046 E.015
G1 X59.652 Y17.046 E.02515
G1 X59.3 Y17.398 E.01343
G1 X53.287 Y17.398 E.16226
G1 X52.934 Y17.046 E.01345
G1 X52.003 Y17.046 E.02512
G1 X51.65 Y17.398 E.01345
G1 X45.638 Y17.398 E.16223
G1 X45.285 Y17.046 E.01345
G1 X44.354 Y17.046 E.02512
G1 X44.001 Y17.398 E.01345
G1 X37.988 Y17.398 E.16226
G1 X37.636 Y17.046 E.01343
G1 X36.704 Y17.046 E.02515
G1 X36.352 Y17.398 E.01343
G1 X30.339 Y17.398 E.16226
G1 X29.986 Y17.046 E.01345
G1 X29.055 Y17.046 E.02512
G1 X28.662 Y17.439 E.015
G1 X28.784 Y17.398 E.00347
G1 X30.136 Y17.398 E.03648
;LAYER_CHANGE
;Z:7.4
;HEIGHT:0.16
;BEFORE_LAYER_CHANGE
G92 E0
;7.4


G1 E-3.5 F3600
;WIPE_START
G1 F7200
G1 X28.784 Y17.398 E-.6422
G1 X28.662 Y17.439 E-.06113
G1 X29.055 Y17.046 E-.264
G1 X29.986 Y17.046 E-.44223
G1 X30.121 Y17.181 E-.09044
;WIPE_END
G1 Z7.4 F9000
;AFTER_LAYER_CHANGE
;7.4
G1 X28.331 Y17.868
G1 E5 F2400
;TYPE:Perimeter
;WIDTH:0.439999
G1 F3600
G1 X28.331 Y16.733 E.03063
G1 X61.308 Y16.733 E.88988
G1 X61.308 Y17.868 E.03063
G1 X60.837 Y17.711 E.0134
G1 X28.819 Y17.711 E.864
G1 X28.388 Y17.849 E.01221
G1 X28.407 Y18.329 F9000
G1 F3600
G1 X28.346 Y18.469 E.00412
;WIDTH:0.410752
G1 X28.243 Y18.705 E.00645
;WIDTH:0.381505
G1 X28.243 Y167.145 E3.42804
G1 X27.896 Y167.145 E.00801
G1 X27.896 Y18.705 E3.42804
;WIDTH:0.410752
G1 X27.91 Y18.338 E.0092
;WIDTH:0.439999
G1 X27.925 Y16.328 E.05424
G1 X61.714 Y16.328 E.91179
G1 X61.714 Y17.972 E.04436
G1 X61.728 Y18.338 E.00988
;WIDTH:0.410752
G1 X61.743 Y18.705 E.0092
;WIDTH:0.381505
G1 X61.743 Y167.145 E3.42804
G1 X61.396 Y167.145 E.00801
G1 X61.396 Y18.705 E3.42804
;WIDTH:0.410752
G1 X61.293 Y18.469 E.00645
;WIDTH:0.439999
G1 X61.19 Y18.234 E.00692
G1 X60.837 Y18.116 E.01004
G1 X28.819 Y18.116 E.864
G1 X28.449 Y18.234 E.01048
G1 X28.432 Y18.274 E.00117
G1 X28.672 Y18.579 F9000
;TYPE:External perimeter
;WIDTH:0.419999
G1 F1800
G1 X28.609 Y18.705 E.00361
G1 X28.609 Y167.512 E3.81756
G1 X27.529 Y167.512 E.02771
G1 X27.529 Y15.932 E3.8887
G1 X62.109 Y15.932 E.88713
G1 X62.109 Y167.512 E3.8887
G1 X61.029 Y167.512 E.02771
G1 X61.029 Y18.705 E3.81756
G1 X60.952 Y18.55 E.00444
G1 X60.837 Y18.512 E.00311
G1 X28.819 Y18.512 E.8214
G1 X28.713 Y18.543 E.00283
G1 X30.136 Y17.398 F9000
;TYPE:Internal infill
;WIDTH:0.44
G1 F3600
G1 X28.784 Y17.398 E.03648
G1 X28.662 Y17.439 E.00347
G1 X29.055 Y17.046 E.015
G1 X29.986 Y17.046 E.02512
G1 X30.339 Y17.398 E.01345
G1 X36.352 Y17.398 E.16226
G1 X36.704 Y17.046 E.01343
G1 X37.636 Y17.046 E.02515
G1 X37.988 Y17.398 E.01343
G1 X44.001 Y17.398 E.16226
G1 X44.354 Y17.046 E.01345
G1 X45.285 Y17.046 E.02512
G1 X45.638 Y17.398 E.01345
G1 X51.65 Y17.398 E.16223
G1 X52.003 Y17.046 E.01345
G1 X52.934 Y17.046 E.02512
G1 X53.287 Y17.398 E.01345
G1 X59.3 Y17.398 E.16226
G1 X59.652 Y17.046 E.01343
G1 X60.584 Y17.046 E.02515
G1 X60.977 Y17.439 E.015
G1 X60.854 Y17.398 E.0035
G1 X59.502 Y17.398 E.03648
;LAYER_CHANGE
;Z:7.56
;HEIGHT:0.16
;BEFORE_LAYER_CHANGE
G92 E0
;7.56


G1 E-3.5 F3600
;WIPE_START
G1 F7200
G1 X60.854 Y17.398 E-.6422
G1 X60.977 Y17.439 E-.06159
G1 X60.584 Y17.046 E-.264
G1 X59.652 Y17.046 E-.4427
G1 X59.519 Y17.179 E-.08951
;WIPE_END
G1 Z7.56 F9000
;AFTER_LAYER_CHANGE
;7.56
G1 X61.308 Y17.868
G1 E5 F2400
;TYPE:Perimeter
;WIDTH:0.439999
G1 F3600
G1 X60.837 Y17.711 E.0134
G1 X28.819 Y17.711 E.864
G1 X28.331 Y17.868 E.01383
G1 X28.331 Y16.733 E.03063
G1 X61.308 Y16.733 E.88988
G1 X61.308 Y17.808 E.02901
G1 X61.231 Y18.329 F9000
G1 F3600
G1 X61.19 Y18.234 E.00279
G1 X60.837 Y18.116 E.01004
G1 X28.819 Y18.116 E.864
G1 X28.449 Y18.234 E.01048
G1 X28.346 Y18.469 E.00692
;WIDTH:0.410752
G1 X28.243 Y18.705 E.00645
;WIDTH:0.381505
G1 X28.243 Y167.145 E3.42804
G1 X27.896 Y167.145 E.00801
G1 X27.896 Y18.705 E3.42804
;WIDTH:0.410752
G1 X27.91 Y18.338 E.0092
;WIDTH:0.439999
G1 X27.925 Y16.328 E.05424
G1 X61.714 Y16.328 E.91179
G1 X61.714 Y17.972 E.04436
G1 X61.728 Y18.338 E.00988
;WIDTH:0.410752
G1 X61.743 Y18.705 E.0092
;WIDTH:0.381505
G1 X61.743 Y167.145 E3.42804
G1 X61.396 Y167.145 E.00801
G1 X61.396 Y18.705 E3.42804
;WIDTH:0.410752
G1 X61.293 Y18.469 E.00645
;WIDTH:0.439999
G1 X61.255 Y18.384 E.00251
G1 X60.967 Y18.579 F9000
;TYPE:External perimeter
;WIDTH:0.419999
G1 F1800
G1 X60.952 Y18.55 E.00084
G1 X60.837 Y18.512 E.00311
G1 X28.819 Y18.512 E.8214
G1 X28.686 Y18.55 E.00355
G1 X28.609 Y18.705 E.00444
G1 X28.609 Y167.512 E3.81756
G1 X27.529 Y167.512 E.02771
G1 X27.529 Y15.932 E3.8887
G1 X62.109 Y15.932 E.88713
G1 X62.109 Y167.512 E3.8887
G1 X61.029 Y167.512 E.02771
G1 X61.029 Y18.705 E3.81756
G1 X60.993 Y18.633 E.00207
G1 X59.502 Y17.398 F9000
;TYPE:Internal infill
;WIDTH:0.44
G1 F3600
G1 X60.854 Y17.398 E.03648
G1 X60.977 Y17.439 E.0035
G1 X60.584 Y17.046 E.015
G1 X59.652 Y17.046 E.02515
G1 X59.3 Y17.398 E.01343
G1 X53.287 Y17.398 E.16226
G1 X52.934 Y17.046 E.01345
G1 X52.003 Y17.046 E.02512
G1 X51.65 Y17.398 E.01345
G1 X45.638 Y17.398 E.16223
G1 X45.285 Y17.046 E.01345
G1 X44.354 Y17.046 E.02512
G1 X44.001 Y17.398 E.01345
G1 X37.988 Y17.398 E.16226
G1 X37.636 Y17.046 E.01343
G1 X36.704 Y17.046 E.02515
G1 X36.352 Y17.398 E.01343
G1 X30.339 Y17.398 E.16226
G1 X29.986 Y17.046 E.01345
G1 X29.055 Y17.046 E.02512
G1 X28.662 Y17.439 E.015
G1 X28.784 Y17.398 E.00347
G1 X30.136 Y17.398 E.03648
;LAYER_CHANGE
;Z:7.72
;HEIGHT:0.16
;BEFORE_LAYER_CHANGE
G92 E0
;7.72


G1 E-3.5 F3600
;WIPE_START
G1 F7200
G1 X28.784 Y17.398 E-.6422
G1 X28.662 Y17.439 E-.06113
G1 X29.055 Y17.046 E-.264
G1 X29.986 Y17.046 E-.44223
G1 X30.121 Y17.181 E-.09044
;WIPE_END
G1 Z7.72 F9000
;AFTER_LAYER_CHANGE
;7.72
G1 X28.331 Y17.868
G1 E5 F2400
;TYPE:Perimeter
;WIDTH:0.439999
G1 F3600
G1 X28.331 Y16.733 E.03063
G1 X61.308 Y16.733 E.88988
G1 X61.308 Y17.868 E.03063
G1 X60.837 Y17.711 E.0134
G1 X28.819 Y17.711 E.864
G1 X28.388 Y17.849 E.01221
G1 X28.407 Y18.329 F9000
G1 F3600
G1 X28.346 Y18.469 E.00412
;WIDTH:0.410752
G1 X28.243 Y18.705 E.00645
;WIDTH:0.381505
G1 X28.243 Y167.145 E3.42804
G1 X27.896 Y167.145 E.00801
G1 X27.896 Y18.705 E3.42804
;WIDTH:0.410752
G1 X27.91 Y18.338 E.0092
;WIDTH:0.439999
G1 X27.925 Y16.328 E.05424
G1 X61.714 Y16.328 E.91179
G1 X61.714 Y17.972 E.04436
G1 X61.728 Y18.338 E.00988
;WIDTH:0.410752
G1 X61.743 Y18.705 E.0092
;WIDTH:0.381505
G1 X61.743 Y167.145 E3.42804
G1 X61.396 Y167.145 E.00801
G1 X61.396 Y18.705 E3.42804
;WIDTH:0.410752
G1 X61.293 Y18.469 E.00645
;WIDTH:0.439999
G1 X61.19 Y18.234 E.00692
G1 X60.837 Y18.116 E.01004
G1 X28.819 Y18.116 E.864
G1 X28.449 Y18.234 E.01048
G1 X28.432 Y18.274 E.00117
G1 X28.672 Y18.579 F9000
;TYPE:External perimeter
;WIDTH:0.419999
G1 F1800
G1 X28.609 Y18.705 E.00361
G1 X28.609 Y167.512 E3.81756
G1 X27.529 Y167.512 E.02771
G1 X27.529 Y15.932 E3.8887
G1 X62.109 Y15.932 E.88713
G1 X62.109 Y167.512 E3.8887
G1 X61.029 Y167.512 E.02771
G1 X61.029 Y18.705 E3.81756
G1 X60.952 Y18.55 E.00444
G1 X60.837 Y18.512 E.00311
G1 X28.819 Y18.512 E.8214
G1 X28.713 Y18.543 E.00283
G1 X30.136 Y17.398 F9000
;TYPE:Internal infill
;WIDTH:0.44
G1 F3600
G1 X28.784 Y17.398 E.03648
G1 X28.662 Y17.439 E.00347
G1 X29.055 Y17.046 E.015
G1 X29.986 Y17.046 E.02512
G1 X30.339 Y17.398 E.01345
G1 X36.352 Y17.398 E.16226
G1 X36.704 Y17.046 E.01343
G1 X37.636 Y17.046 E.02515
G1 X37.988 Y17.398 E.01343
G1 X44.001 Y17.398 E.16226
G1 X44.354 Y17.046 E.01345
G1 X45.285 Y17.046 E.02512
G1 X45.638 Y17.398 E.01345
G1 X51.65 Y17.398 E.16223
G1 X52.003 Y17.046 E.01345
G1 X52.934 Y17.046 E.02512
G1 X53.287 Y17.398 E.01345
G1 X59.3 Y17.398 E.16226
G1 X59.652 Y17.046 E.01343
G1 X60.584 Y17.046 E.02515
G1 X60.977 Y17.439 E.015
G1 X60.854 Y17.398 E.0035
G1 X59.502 Y17.398 E.03648
;LAYER_CHANGE
;Z:7.88
;HEIGHT:0.16
;BEFORE_LAYER_CHANGE
G92 E0
;7.88


G1 E-3.5 F3600
;WIPE_START
G1 F7200
G1 X60.854 Y17.398 E-.6422
G1 X60.977 Y17.439 E-.06159
G1 X60.584 Y17.046 E-.264
G1 X59.652 Y17.046 E-.4427
G1 X59.519 Y17.179 E-.08951
;WIPE_END
G1 Z7.88 F9000
;AFTER_LAYER_CHANGE
;7.88
G1 X61.308 Y17.868
G1 E5 F2400
;TYPE:Perimeter
;WIDTH:0.439999
G1 F3600
G1 X60.837 Y17.711 E.0134
G1 X28.819 Y17.711 E.864
G1 X28.331 Y17.868 E.01383
G1 X28.331 Y16.733 E.03063
G1 X61.308 Y16.733 E.88988
G1 X61.308 Y17.808 E.02901
G1 X61.231 Y18.329 F9000
G1 F3600
G1 X61.19 Y18.234 E.00279
G1 X60.837 Y18.116 E.01004
G1 X28.819 Y18.116 E.864
G1 X28.449 Y18.234 E.01048
G1 X28.346 Y18.469 E.00692
;WIDTH:0.410752
G1 X28.243 Y18.705 E.00645
;WIDTH:0.381505
G1 X28.243 Y167.145 E3.42804
G1 X27.896 Y167.145 E.00801
G1 X27.896 Y18.705 E3.42804
;WIDTH:0.410752
G1 X27.91 Y18.338 E.0092
;WIDTH:0.439999
G1 X27.925 Y16.328 E.05424
G1 X61.714 Y16.328 E.91179
G1 X61.714 Y17.972 E.04436
G1 X61.728 Y18.338 E.00988
;WIDTH:0.410752
G1 X61.743 Y18.705 E.0092
;WIDTH:0.381505
G1 X61.743 Y167.145 E3.42804
G1 X61.396 Y167.145 E.00801
G1 X61.396 Y18.705 E3.42804
;WIDTH:0.410752
G1 X61.293 Y18.469 E.00645
;WIDTH:0.439999
G1 X61.255 Y18.384 E.00251
G1 X60.967 Y18.579 F9000
;TYPE:External perimeter
;WIDTH:0.419999
G1 F1800
G1 X60.952 Y18.55 E.00084
G1 X60.837 Y18.512 E.00311
G1 X28.819 Y18.512 E.8214
G1 X28.686 Y18.55 E.00355
G1 X28.609 Y18.705 E.00444
G1 X28.609 Y167.512 E3.81756
G1 X27.529 Y167.512 E.02771
G1 X27.529 Y15.932 E3.8887
G1 X62.109 Y15.932 E.88713
G1 X62.109 Y167.512 E3.8887
G1 X61.029 Y167.512 E.02771
G1 X61.029 Y18.705 E3.81756
G1 X60.993 Y18.633 E.00207
G1 X59.502 Y17.398 F9000
;TYPE:Internal infill
;WIDTH:0.44
G1 F3600
G1 X60.854 Y17.398 E.03648
G1 X60.977 Y17.439 E.0035
G1 X60.584 Y17.046 E.015
G1 X59.652 Y17.046 E.02515
G1 X59.3 Y17.398 E.01343
G1 X53.287 Y17.398 E.16226
G1 X52.934 Y17.046 E.01345
G1 X52.003 Y17.046 E.02512
G1 X51.65 Y17.398 E.01345
G1 X45.638 Y17.398 E.16223
G1 X45.285 Y17.046 E.01345
G1 X44.354 Y17.046 E.02512
G1 X44.001 Y17.398 E.01345
G1 X37.988 Y17.398 E.16226
G1 X37.636 Y17.046 E.01343
G1 X36.704 Y17.046 E.02515
G1 X36.352 Y17.398 E.01343
G1 X30.339 Y17.398 E.16226
G1 X29.986 Y17.046 E.01345
G1 X29.055 Y17.046 E.02512
G1 X28.662 Y17.439 E.015
G1 X28.784 Y17.398 E.00347
G1 X30.136 Y17.398 E.03648
;LAYER_CHANGE
;Z:8.04
;HEIGHT:0.16
;BEFORE_LAYER_CHANGE
G92 E0
;8.04


G1 E-3.5 F3600
;WIPE_START
G1 F7200
G1 X28.784 Y17.398 E-.6422
G1 X28.662 Y17.439 E-.06113
G1 X29.055 Y17.046 E-.264
G1 X29.986 Y17.046 E-.44223
G1 X30.121 Y17.181 E-.09044
;WIPE_END
G1 Z8.04 F9000
;AFTER_LAYER_CHANGE
;8.04
G1 X28.331 Y17.868
G1 E5 F2400
;TYPE:Perimeter
;WIDTH:0.439999
G1 F3600
G1 X28.331 Y16.733 E.03063
G1 X61.308 Y16.733 E.88988
G1 X61.308 Y17.868 E.03063
G1 X60.837 Y17.711 E.0134
G1 X28.819 Y17.711 E.864
G1 X28.388 Y17.849 E.01221
G1 X28.407 Y18.329 F9000
G1 F3600
G1 X28.346 Y18.469 E.00412
;WIDTH:0.410752
G1 X28.243 Y18.705 E.00645
;WIDTH:0.381505
G1 X28.243 Y167.145 E3.42804
G1 X27.896 Y167.145 E.00801
G1 X27.896 Y18.705 E3.42804
;WIDTH:0.410752
G1 X27.91 Y18.338 E.0092
;WIDTH:0.439999
G1 X27.925 Y16.328 E.05424
G1 X61.714 Y16.328 E.91179
G1 X61.714 Y17.972 E.04436
G1 X61.728 Y18.338 E.00988
;WIDTH:0.410752
G1 X61.743 Y18.705 E.0092
;WIDTH:0.381505
G1 X61.743 Y167.145 E3.42804
G1 X61.396 Y167.145 E.00801
G1 X61.396 Y18.705 E3.42804
;WIDTH:0.410752
G1 X61.293 Y18.469 E.00645
;WIDTH:0.439999
G1 X61.19 Y18.234 E.00692
G1 X60.837 Y18.116 E.01004
G1 X28.819 Y18.116 E.864
G1 X28.449 Y18.234 E.01048
G1 X28.432 Y18.274 E.00117
G1 X28.672 Y18.579 F9000
;TYPE:External perimeter
;WIDTH:0.419999
G1 F1800
G1 X28.609 Y18.705 E.00361
G1 X28.609 Y167.512 E3.81756
G1 X27.529 Y167.512 E.02771
G1 X27.529 Y15.932 E3.8887
G1 X62.109 Y15.932 E.88713
G1 X62.109 Y167.512 E3.8887
G1 X61.029 Y167.512 E.02771
G1 X61.029 Y18.705 E3.81756
G1 X60.952 Y18.55 E.00444
G1 X60.837 Y18.512 E.00311
G1 X28.819 Y18.512 E.8214
G1 X28.713 Y18.543 E.00283
G1 X30.136 Y17.398 F9000
;TYPE:Internal infill
;WIDTH:0.44
G1 F3600
G1 X28.784 Y17.398 E.03648
G1 X28.662 Y17.439 E.00347
G1 X29.055 Y17.046 E.015
G1 X29.986 Y17.046 E.02512
G1 X30.339 Y17.398 E.01345
G1 X36.352 Y17.398 E.16226
G1 X36.704 Y17.046 E.01343
G1 X37.636 Y17.046 E.02515
G1 X37.988 Y17.398 E.01343
G1 X44.001 Y17.398 E.16226
G1 X44.354 Y17.046 E.01345
G1 X45.285 Y17.046 E.02512
G1 X45.638 Y17.398 E.01345
G1 X51.65 Y17.398 E.16223
G1 X52.003 Y17.046 E.01345
G1 X52.934 Y17.046 E.02512
G1 X53.287 Y17.398 E.01345
G1 X59.3 Y17.398 E.16226
G1 X59.652 Y17.046 E.01343
G1 X60.584 Y17.046 E.02515
G1 X60.977 Y17.439 E.015
G1 X60.854 Y17.398 E.0035
G1 X59.502 Y17.398 E.03648
;LAYER_CHANGE
;Z:8.2
;HEIGHT:0.16
;BEFORE_LAYER_CHANGE
G92 E0
;8.2


G1 E-3.5 F3600
;WIPE_START
G1 F7200
G1 X60.854 Y17.398 E-.6422
G1 X60.977 Y17.439 E-.06159
G1 X60.584 Y17.046 E-.264
G1 X59.652 Y17.046 E-.4427
G1 X59.519 Y17.179 E-.08951
;WIPE_END
G1 Z8.2 F9000
;AFTER_LAYER_CHANGE
;8.2
G1 X61.308 Y17.868
G1 E5 F2400
;TYPE:Perimeter
;WIDTH:0.439999
G1 F3600
G1 X60.837 Y17.711 E.0134
G1 X28.819 Y17.711 E.864
G1 X28.331 Y17.868 E.01383
G1 X28.331 Y16.733 E.03063
G1 X61.308 Y16.733 E.88988
G1 X61.308 Y17.808 E.02901
G1 X61.231 Y18.329 F9000
G1 F3600
G1 X61.19 Y18.234 E.00279
G1 X60.837 Y18.116 E.01004
G1 X28.819 Y18.116 E.864
G1 X28.449 Y18.234 E.01048
G1 X28.346 Y18.469 E.00692
;WIDTH:0.410752
G1 X28.243 Y18.705 E.00645
;WIDTH:0.381505
G1 X28.243 Y167.145 E3.42804
G1 X27.896 Y167.145 E.00801
G1 X27.896 Y18.705 E3.42804
;WIDTH:0.410752
G1 X27.91 Y18.338 E.0092
;WIDTH:0.439999
G1 X27.925 Y16.328 E.05424
G1 X61.714 Y16.328 E.91179
G1 X61.714 Y17.972 E.04436
G1 X61.728 Y18.338 E.00988
;WIDTH:0.410752
G1 X61.743 Y18.705 E.0092
;WIDTH:0.381505
G1 X61.743 Y167.145 E3.42804
G1 X61.396 Y167.145 E.00801
G1 X61.396 Y18.705 E3.42804
;WIDTH:0.410752
G1 X61.293 Y18.469 E.00645
;WIDTH:0.439999
G1 X61.255 Y18.384 E.00251
G1 X60.967 Y18.579 F9000
;TYPE:External perimeter
;WIDTH:0.419999
G1 F1800
G1 X60.952 Y18.55 E.00084
G1 X60.837 Y18.512 E.00311
G1 X28.819 Y18.512 E.8214
G1 X28.686 Y18.55 E.00355
G1 X28.609 Y18.705 E.00444
G1 X28.609 Y167.512 E3.81756
G1 X27.529 Y167.512 E.02771
G1 X27.529 Y15.932 E3.8887
G1 X62.109 Y15.932 E.88713
G1 X62.109 Y167.512 E3.8887
G1 X61.029 Y167.512 E.02771
G1 X61.029 Y18.705 E3.81756
G1 X60.993 Y18.633 E.00207
G1 X59.502 Y17.398 F9000
;TYPE:Internal infill
;WIDTH:0.44
G1 F3600
G1 X60.854 Y17.398 E.03648
G1 X60.977 Y17.439 E.0035
G1 X60.584 Y17.046 E.015
G1 X59.652 Y17.046 E.02515
G1 X59.3 Y17.398 E.01343
G1 X53.287 Y17.398 E.16226
G1 X52.934 Y17.046 E.01345
G1 X52.003 Y17.046 E.02512
G1 X51.65 Y17.398 E.01345
G1 X45.638 Y17.398 E.16223
G1 X45.285 Y17.046 E.01345
G1 X44.354 Y17.046 E.02512
G1 X44.001 Y17.398 E.01345
G1 X37.988 Y17.398 E.16226
G1 X37.636 Y17.046 E.01343
G1 X36.704 Y17.046 E.02515
G1 X36.352 Y17.398 E.01343
G1 X30.339 Y17.398 E.16226
G1 X29.986 Y17.046 E.01345
G1 X29.055 Y17.046 E.02512
G1 X28.662 Y17.439 E.015
G1 X28.784 Y17.398 E.00347
G1 X30.136 Y17.398 E.03648
;LAYER_CHANGE
;Z:8.36
;HEIGHT:0.16
;BEFORE_LAYER_CHANGE
G92 E0
;8.36


G1 E-3.5 F3600
;WIPE_START
G1 F7200
G1 X28.784 Y17.398 E-.6422
G1 X28.662 Y17.439 E-.06113
G1 X29.055 Y17.046 E-.264
G1 X29.986 Y17.046 E-.44223
G1 X30.121 Y17.181 E-.09044
;WIPE_END
G1 Z8.36 F9000
;AFTER_LAYER_CHANGE
;8.36
G1 X28.331 Y17.868
G1 E5 F2400
;TYPE:Perimeter
;WIDTH:0.439999
G1 F3600
G1 X28.331 Y16.733 E.03063
G1 X61.308 Y16.733 E.88988
G1 X61.308 Y17.868 E.03063
G1 X60.837 Y17.711 E.0134
G1 X28.819 Y17.711 E.864
G1 X28.388 Y17.849 E.01221
G1 X28.407 Y18.329 F9000
G1 F3600
G1 X28.346 Y18.469 E.00412
;WIDTH:0.410752
G1 X28.243 Y18.705 E.00645
;WIDTH:0.381505
G1 X28.243 Y167.145 E3.42804
G1 X27.896 Y167.145 E.00801
G1 X27.896 Y18.705 E3.42804
;WIDTH:0.410752
G1 X27.91 Y18.338 E.0092
;WIDTH:0.439999
G1 X27.925 Y16.328 E.05424
G1 X61.714 Y16.328 E.91179
G1 X61.714 Y17.972 E.04436
G1 X61.728 Y18.338 E.00988
;WIDTH:0.410752
G1 X61.743 Y18.705 E.0092
;WIDTH:0.381505
G1 X61.743 Y167.145 E3.42804
G1 X61.396 Y167.145 E.00801
G1 X61.396 Y18.705 E3.42804
;WIDTH:0.410752
G1 X61.293 Y18.469 E.00645
;WIDTH:0.439999
G1 X61.19 Y18.234 E.00692
G1 X60.837 Y18.116 E.01004
G1 X28.819 Y18.116 E.864
G1 X28.449 Y18.234 E.01048
G1 X28.432 Y18.274 E.00117
G1 X28.672 Y18.579 F9000
;TYPE:External perimeter
;WIDTH:0.419999
G1 F1800
G1 X28.609 Y18.705 E.00361
G1 X28.609 Y167.512 E3.81756
G1 X27.529 Y167.512 E.02771
G1 X27.529 Y15.932 E3.8887
G1 X62.109 Y15.932 E.88713
G1 X62.109 Y167.512 E3.8887
G1 X61.029 Y167.512 E.02771
G1 X61.029 Y18.705 E3.81756
G1 X60.952 Y18.55 E.00444
G1 X60.837 Y18.512 E.00311
G1 X28.819 Y18.512 E.8214
G1 X28.713 Y18.543 E.00283
G1 X30.136 Y17.398 F9000
;TYPE:Internal infill
;WIDTH:0.44
G1 F3600
G1 X28.784 Y17.398 E.03648
G1 X28.662 Y17.439 E.00347
G1 X29.055 Y17.046 E.015
G1 X29.986 Y17.046 E.02512
G1 X30.339 Y17.398 E.01345
G1 X36.352 Y17.398 E.16226
G1 X36.704 Y17.046 E.01343
G1 X37.636 Y17.046 E.02515
G1 X37.988 Y17.398 E.01343
G1 X44.001 Y17.398 E.16226
G1 X44.354 Y17.046 E.01345
G1 X45.285 Y17.046 E.02512
G1 X45.638 Y17.398 E.01345
G1 X51.65 Y17.398 E.16223
G1 X52.003 Y17.046 E.01345
G1 X52.934 Y17.046 E.02512
G1 X53.287 Y17.398 E.01345
G1 X59.3 Y17.398 E.16226
G1 X59.652 Y17.046 E.01343
G1 X60.584 Y17.046 E.02515
G1 X60.977 Y17.439 E.015
G1 X60.854 Y17.398 E.0035
G1 X59.502 Y17.398 E.03648
;LAYER_CHANGE
;Z:8.52
;HEIGHT:0.160001
;BEFORE_LAYER_CHANGE
G92 E0
;8.52


G1 E-3.5 F3600
;WIPE_START
G1 F7200
G1 X60.854 Y17.398 E-.6422
G1 X60.977 Y17.439 E-.06159
G1 X60.584 Y17.046 E-.264
G1 X59.652 Y17.046 E-.4427
G1 X59.519 Y17.179 E-.08951
;WIPE_END
G1 Z8.52 F9000
;AFTER_LAYER_CHANGE
;8.52
G1 X61.308 Y17.868
G1 E5 F2400
;TYPE:Perimeter
;WIDTH:0.439999
G1 F3600
G1 X60.837 Y17.711 E.0134
G1 X28.819 Y17.711 E.864
G1 X28.331 Y17.868 E.01383
G1 X28.331 Y16.733 E.03063
G1 X61.308 Y16.733 E.88988
G1 X61.308 Y17.808 E.02901
G1 X61.231 Y18.329 F9000
G1 F3600
G1 X61.19 Y18.234 E.00279
G1 X60.837 Y18.116 E.01004
G1 X28.819 Y18.116 E.864
G1 X28.449 Y18.234 E.01048
G1 X28.346 Y18.469 E.00692
;WIDTH:0.410752
G1 X28.243 Y18.705 E.00645
;WIDTH:0.381505
G1 X28.243 Y167.145 E3.42804
G1 X27.896 Y167.145 E.00801
G1 X27.896 Y18.705 E3.42804
;WIDTH:0.410752
G1 X27.91 Y18.338 E.0092
;WIDTH:0.439999
G1 X27.925 Y16.328 E.05424
G1 X61.714 Y16.328 E.91179
G1 X61.714 Y17.972 E.04436
G1 X61.728 Y18.338 E.00988
;WIDTH:0.410752
G1 X61.743 Y18.705 E.0092
;WIDTH:0.381505
G1 X61.743 Y167.145 E3.42804
G1 X61.396 Y167.145 E.00801
G1 X61.396 Y18.705 E3.42804
;WIDTH:0.410752
G1 X61.293 Y18.469 E.00645
;WIDTH:0.439999
G1 X61.255 Y18.384 E.00251
G1 X60.967 Y18.579 F9000
;TYPE:External perimeter
;WIDTH:0.419999
G1 F1800
G1 X60.952 Y18.55 E.00084
G1 X60.837 Y18.512 E.00311
G1 X28.819 Y18.512 E.8214
G1 X28.686 Y18.55 E.00355
G1 X28.609 Y18.705 E.00444
G1 X28.609 Y167.512 E3.81756
G1 X27.529 Y167.512 E.02771
G1 X27.529 Y15.932 E3.8887
G1 X62.109 Y15.932 E.88713
G1 X62.109 Y167.512 E3.8887
G1 X61.029 Y167.512 E.02771
G1 X61.029 Y18.705 E3.81756
G1 X60.993 Y18.633 E.00207
G1 E-3.5 F3600
;WIPE_START
G1 F7200
G1 X60.967 Y18.579 E-.02847
G1 X60.952 Y18.55 E-.01551
G1 X60.837 Y18.512 E-.05753
G1 X57.893 Y18.512 E-1.39849
;WIPE_END
G1 X28.63 Y17.458 F9000
G1 E5 F2400
;TYPE:Solid infill
;WIDTH:0.413482
G1 F3600
G1 X28.63 Y17.032 E.01074
G1 X61.009 Y17.032 E.81663
G1 X61.009 Y17.458 E.01074
G1 X60.821 Y17.411 E.00489
G1 X28.827 Y17.411 E.80692
;LAYER_CHANGE
;Z:8.68
;HEIGHT:0.16
;BEFORE_LAYER_CHANGE
G92 E0
;8.68


G1 E-3.5 F3600
;WIPE_START
G1 F7200
G1 X31.985 Y17.411 E-1.5
;WIPE_END
G1 Z8.68 F9000
;AFTER_LAYER_CHANGE
;8.68
G1 X28.331 Y17.868
G1 E5 F2400
;TYPE:Perimeter
;WIDTH:0.439999
G1 F3600
G1 X28.331 Y16.733 E.03063
G1 X61.308 Y16.733 E.88988
G1 X61.308 Y17.868 E.03063
G1 X60.837 Y17.711 E.0134
G1 X28.819 Y17.711 E.864
G1 X28.388 Y17.849 E.01221
G1 X28.407 Y18.329 F9000
G1 F3600
G1 X28.346 Y18.469 E.00412
;WIDTH:0.410752
G1 X28.243 Y18.705 E.00645
;WIDTH:0.381505
G1 X28.243 Y167.145 E3.42804
G1 X27.896 Y167.145 E.00801
G1 X27.896 Y18.705 E3.42804
;WIDTH:0.410752
G1 X27.91 Y18.338 E.0092
;WIDTH:0.439999
G1 X27.925 Y16.328 E.05424
G1 X61.714 Y16.328 E.91179
G1 X61.714 Y17.972 E.04436
G1 X61.728 Y18.338 E.00988
;WIDTH:0.410752
G1 X61.743 Y18.705 E.0092
;WIDTH:0.381505
G1 X61.743 Y167.145 E3.42804
G1 X61.396 Y167.145 E.00801
G1 X61.396 Y18.705 E3.42804
;WIDTH:0.410752
G1 X61.293 Y18.469 E.00645
;WIDTH:0.439999
G1 X61.19 Y18.234 E.00692
G1 X60.837 Y18.116 E.01004
G1 X28.819 Y18.116 E.864
G1 X28.449 Y18.234 E.01048
G1 X28.432 Y18.274 E.00117
G1 X28.672 Y18.579 F9000
;TYPE:External perimeter
;WIDTH:0.419999
G1 F1800
G1 X28.609 Y18.705 E.00361
G1 X28.609 Y167.512 E3.81756
G1 X27.529 Y167.512 E.02771
G1 X27.529 Y15.932 E3.8887
G1 X62.109 Y15.932 E.88713
G1 X62.109 Y167.512 E3.8887
G1 X61.029 Y167.512 E.02771
G1 X61.029 Y18.705 E3.81756
G1 X60.952 Y18.55 E.00444
G1 X60.837 Y18.512 E.00311
G1 X28.819 Y18.512 E.8214
G1 X28.713 Y18.543 E.00283
G1 X28.819 Y17.032 F9000
;TYPE:Solid infill
;WIDTH:0.413483
G1 F3600
G1 X61.009 Y17.032 E.81186
G1 X61.009 Y17.458 E.01074
G1 X60.819 Y17.411 E.00494
G1 X28.819 Y17.411 E.80707
G1 X28.63 Y17.458 E.00491
G1 X28.63 Y17.046 E.01039
;LAYER_CHANGE
;Z:8.84
;HEIGHT:0.16
;BEFORE_LAYER_CHANGE
G92 E0
;8.84


G1 E-3.5 F3600
;WIPE_START
G1 F7200
G1 X28.63 Y17.458 E-.1957
G1 X28.819 Y17.411 E-.09251
G1 X31.37 Y17.411 E-1.21179
;WIPE_END
G1 Z8.84 F9000
;AFTER_LAYER_CHANGE
;8.84
G1 X28.331 Y17.868
G1 E5 F2400
;TYPE:Perimeter
;WIDTH:0.439999
G1 F3600
G1 X28.331 Y16.733 E.03063
G1 X61.308 Y16.733 E.88988
G1 X61.308 Y17.868 E.03063
G1 X60.837 Y17.711 E.0134
G1 X28.819 Y17.711 E.864
G1 X28.388 Y17.849 E.01221
G1 X28.407 Y18.329 F9000
G1 F3600
G1 X28.346 Y18.469 E.00412
;WIDTH:0.410752
G1 X28.243 Y18.705 E.00645
;WIDTH:0.381505
G1 X28.243 Y167.145 E3.42804
G1 X27.896 Y167.145 E.00801
G1 X27.896 Y18.705 E3.42804
;WIDTH:0.410752
G1 X27.91 Y18.338 E.0092
;WIDTH:0.439999
G1 X27.925 Y16.328 E.05424
G1 X61.714 Y16.328 E.91179
G1 X61.714 Y17.972 E.04436
G1 X61.728 Y18.338 E.00988
;WIDTH:0.410752
G1 X61.743 Y18.705 E.0092
;WIDTH:0.381505
G1 X61.743 Y167.145 E3.42804
G1 X61.396 Y167.145 E.00801
G1 X61.396 Y18.705 E3.42804
;WIDTH:0.410752
G1 X61.293 Y18.469 E.00645
;WIDTH:0.439999
G1 X61.19 Y18.234 E.00692
G1 X60.837 Y18.116 E.01004
G1 X28.819 Y18.116 E.864
G1 X28.449 Y18.234 E.01048
G1 X28.432 Y18.274 E.00117
G1 X28.672 Y18.579 F9000
;TYPE:External perimeter
;WIDTH:0.419999
G1 F1800
G1 X28.609 Y18.705 E.00361
G1 X28.609 Y167.512 E3.81756
G1 X27.529 Y167.512 E.02771
G1 X27.529 Y15.932 E3.8887
G1 X62.109 Y15.932 E.88713
G1 X62.109 Y167.512 E3.8887
G1 X61.029 Y167.512 E.02771
G1 X61.029 Y18.705 E3.81756
G1 X60.952 Y18.55 E.00444
G1 X60.837 Y18.512 E.00311
G1 X28.819 Y18.512 E.8214
G1 X28.713 Y18.543 E.00283
G1 X28.63 Y17.458 F9000
;TYPE:Solid infill
;WIDTH:0.413482
G1 F3600
G1 X28.63 Y17.032 E.01074
G1 X61.009 Y17.032 E.81663
G1 X61.009 Y17.458 E.01074
G1 X60.821 Y17.411 E.00489
G1 X28.827 Y17.411 E.80692
;LAYER_CHANGE
;Z:9
;HEIGHT:0.16
;BEFORE_LAYER_CHANGE
G92 E0
;9


G1 E-3.5 F3600
;WIPE_START
G1 F7200
G1 X31.985 Y17.411 E-1.5
;WIPE_END
G1 Z9 F9000
;AFTER_LAYER_CHANGE
;9
G1 X28.331 Y17.868
G1 E5 F2400
;TYPE:Perimeter
;WIDTH:0.439999
G1 F3600
G1 X28.331 Y16.733 E.03063
G1 X61.308 Y16.733 E.88988
G1 X61.308 Y17.868 E.03063
G1 X60.837 Y17.711 E.0134
G1 X28.819 Y17.711 E.864
G1 X28.388 Y17.849 E.01221
G1 X28.407 Y18.329 F9000
G1 F3600
G1 X28.346 Y18.469 E.00412
;WIDTH:0.410752
G1 X28.243 Y18.705 E.00645
;WIDTH:0.381505
G1 X28.243 Y167.145 E3.42804
G1 X27.896 Y167.145 E.00801
G1 X27.896 Y18.705 E3.42804
;WIDTH:0.410752
G1 X27.91 Y18.338 E.0092
;WIDTH:0.439999
G1 X27.925 Y16.328 E.05424
G1 X61.714 Y16.328 E.91179
G1 X61.714 Y17.972 E.04436
G1 X61.728 Y18.338 E.00988
;WIDTH:0.410752
G1 X61.743 Y18.705 E.0092
;WIDTH:0.381505
G1 X61.743 Y167.145 E3.42804
G1 X61.396 Y167.145 E.00801
G1 X61.396 Y18.705 E3.42804
;WIDTH:0.410752
G1 X61.293 Y18.469 E.00645
;WIDTH:0.439999
G1 X61.19 Y18.234 E.00692
G1 X60.837 Y18.116 E.01004
G1 X28.819 Y18.116 E.864
G1 X28.449 Y18.234 E.01048
G1 X28.432 Y18.274 E.00117
G1 X28.672 Y18.579 F9000
;TYPE:External perimeter
;WIDTH:0.419999
G1 F1800
G1 X28.609 Y18.705 E.00361
G1 X28.609 Y167.512 E3.81756
G1 X27.529 Y167.512 E.02771
G1 X27.529 Y15.932 E3.8887
G1 X62.109 Y15.932 E.88713
G1 X62.109 Y167.512 E3.8887
G1 X61.029 Y167.512 E.02771
G1 X61.029 Y18.705 E3.81756
G1 X60.952 Y18.55 E.00444
G1 X60.837 Y18.512 E.00311
G1 X28.819 Y18.512 E.8214
G1 X28.713 Y18.543 E.00283
G1 X28.819 Y17.032 F9000
;TYPE:Solid infill
;WIDTH:0.413483
G1 F3600
G1 X61.009 Y17.032 E.81186
G1 X61.009 Y17.458 E.01074
G1 X60.819 Y17.411 E.00494
G1 X28.819 Y17.411 E.80707
G1 X28.63 Y17.458 E.00491
G1 X28.63 Y17.046 E.01039
;LAYER_CHANGE
;Z:9.16
;HEIGHT:0.16
;BEFORE_LAYER_CHANGE
G92 E0
;9.16


G1 E-3.5 F3600
;WIPE_START
G1 F7200
G1 X28.63 Y17.458 E-.1957
G1 X28.819 Y17.411 E-.09251
G1 X31.37 Y17.411 E-1.21179
;WIPE_END
G1 Z9.16 F9000
;AFTER_LAYER_CHANGE
;9.16
G1 X28.331 Y17.868
G1 E5 F2400
;TYPE:Perimeter
;WIDTH:0.439999
G1 F3600
G1 X28.331 Y16.733 E.03063
G1 X61.308 Y16.733 E.88988
G1 X61.308 Y17.868 E.03063
G1 X60.837 Y17.711 E.0134
G1 X28.819 Y17.711 E.864
G1 X28.388 Y17.849 E.01221
G1 X28.407 Y18.329 F9000
G1 F3600
G1 X28.346 Y18.469 E.00412
;WIDTH:0.410752
G1 X28.243 Y18.705 E.00645
;WIDTH:0.381505
G1 X28.243 Y167.145 E3.42804
G1 X27.896 Y167.145 E.00801
G1 X27.896 Y18.705 E3.42804
;WIDTH:0.410752
G1 X27.91 Y18.338 E.0092
;WIDTH:0.439999
G1 X27.925 Y16.328 E.05424
G1 X61.714 Y16.328 E.91179
G1 X61.714 Y17.972 E.04436
G1 X61.728 Y18.338 E.00988
;WIDTH:0.410752
G1 X61.743 Y18.705 E.0092
;WIDTH:0.381505
G1 X61.743 Y167.145 E3.42804
G1 X61.396 Y167.145 E.00801
G1 X61.396 Y18.705 E3.42804
;WIDTH:0.410752
G1 X61.293 Y18.469 E.00645
;WIDTH:0.439999
G1 X61.19 Y18.234 E.00692
G1 X60.837 Y18.116 E.01004
G1 X28.819 Y18.116 E.864
G1 X28.449 Y18.234 E.01048
G1 X28.432 Y18.274 E.00117
G1 X28.672 Y18.579 F9000
;TYPE:External perimeter
;WIDTH:0.419999
G1 F1800
G1 X28.609 Y18.705 E.00361
G1 X28.609 Y167.512 E3.81756
G1 X27.529 Y167.512 E.02771
G1 X27.529 Y15.932 E3.8887
G1 X62.109 Y15.932 E.88713
G1 X62.109 Y167.512 E3.8887
G1 X61.029 Y167.512 E.02771
G1 X61.029 Y18.705 E3.81756
G1 X60.952 Y18.55 E.00444
G1 X60.837 Y18.512 E.00311
G1 X28.819 Y18.512 E.8214
G1 X28.713 Y18.543 E.00283
G1 X28.63 Y17.458 F9000
;TYPE:Solid infill
;WIDTH:0.413482
G1 F3600
G1 X28.63 Y17.032 E.01074
G1 X61.009 Y17.032 E.81663
G1 X61.009 Y17.458 E.01074
G1 X60.821 Y17.411 E.00489
G1 X28.827 Y17.411 E.80692
;LAYER_CHANGE
;Z:9.32
;HEIGHT:0.16
;BEFORE_LAYER_CHANGE
G92 E0
;9.32


G1 E-3.5 F3600
;WIPE_START
G1 F7200
G1 X31.985 Y17.411 E-1.5
;WIPE_END
G1 Z9.32 F9000
;AFTER_LAYER_CHANGE
;9.32
G1 X28.331 Y17.868
G1 E5 F2400
;TYPE:Perimeter
;WIDTH:0.439999
G1 F3600
G1 X28.331 Y16.733 E.03063
G1 X61.308 Y16.733 E.88988
G1 X61.308 Y17.868 E.03063
G1 X60.837 Y17.711 E.0134
G1 X28.819 Y17.711 E.864
G1 X28.388 Y17.849 E.01221
G1 X28.407 Y18.329 F9000
G1 F3600
G1 X28.346 Y18.469 E.00412
;WIDTH:0.410753
G1 X28.243 Y18.705 E.00645
;WIDTH:0.381506
G1 X28.243 Y167.145 E3.42805
G1 X27.896 Y167.145 E.00801
G1 X27.896 Y18.705 E3.42805
;WIDTH:0.410753
G1 X27.91 Y18.338 E.0092
;WIDTH:0.439999
G1 X27.925 Y16.328 E.05424
G1 X61.714 Y16.328 E.91179
G1 X61.714 Y17.972 E.04436
G1 X61.728 Y18.338 E.00988
;WIDTH:0.410752
G1 X61.743 Y18.705 E.0092
;WIDTH:0.381505
G1 X61.743 Y167.145 E3.42804
G1 X61.396 Y167.145 E.00801
G1 X61.396 Y18.705 E3.42804
;WIDTH:0.410752
G1 X61.293 Y18.469 E.00645
;WIDTH:0.439999
G1 X61.19 Y18.234 E.00692
G1 X60.837 Y18.116 E.01004
G1 X28.819 Y18.116 E.864
G1 X28.449 Y18.234 E.01048
G1 X28.432 Y18.274 E.00117
G1 X28.672 Y18.579 F9000
;TYPE:External perimeter
;WIDTH:0.419999
G1 F1800
G1 X28.609 Y18.705 E.00361
G1 X28.609 Y167.512 E3.81756
G1 X27.529 Y167.512 E.02771
G1 X27.529 Y15.932 E3.8887
G1 X62.109 Y15.932 E.88713
G1 X62.109 Y167.512 E3.8887
G1 X61.029 Y167.512 E.02771
G1 X61.029 Y18.705 E3.81756
G1 X60.952 Y18.55 E.00444
G1 X60.837 Y18.512 E.00311
G1 X28.819 Y18.512 E.8214
G1 X28.713 Y18.543 E.00283
G1 E-3.5 F3600
;WIPE_START
G1 F7200
G1 X28.672 Y18.579 E-.02592
G1 X28.609 Y18.705 E-.06691
G1 X28.609 Y21.667 E-1.40717
;WIPE_END
G1 X61.009 Y17.032 F9000
G1 E5 F2400
;TYPE:Solid infill
;WIDTH:0.413481
G1 F3600
G1 X61.009 Y17.458 E.01074
G1 X60.821 Y17.411 E.00489
G1 X28.819 Y17.411 E.80712
G1 X28.63 Y17.458 E.00491
G1 X28.63 Y17.032 E.01074
G1 X60.806 Y17.032 E.81151
;LAYER_CHANGE
;Z:9.48
;HEIGHT:0.16
;BEFORE_LAYER_CHANGE
G92 E0
;9.48


G1 E-3.5 F3600
;WIPE_START
G1 F7200
G1 X57.648 Y17.032 E-1.5
;WIPE_END
G1 Z9.48 F9000
;AFTER_LAYER_CHANGE
;9.48
G1 X61.308 Y17.868
G1 E5 F2400
;TYPE:Perimeter
;WIDTH:0.439999
G1 F3600
G1 X60.837 Y17.711 E.0134
G1 X28.819 Y17.711 E.864
G1 X28.331 Y17.868 E.01383
G1 X28.331 Y16.733 E.03063
G1 X61.308 Y16.733 E.88988
G1 X61.308 Y17.808 E.02901
G1 X61.231 Y18.329 F9000
G1 F3600
G1 X61.19 Y18.234 E.00279
G1 X60.837 Y18.116 E.01004
G1 X28.819 Y18.116 E.864
G1 X28.449 Y18.234 E.01048
G1 X28.346 Y18.469 E.00692
;WIDTH:0.410752
G1 X28.243 Y18.705 E.00645
;WIDTH:0.381505
G1 X28.243 Y167.145 E3.42804
G1 X27.896 Y167.145 E.00801
G1 X27.896 Y18.705 E3.42804
;WIDTH:0.410752
G1 X27.91 Y18.338 E.0092
;WIDTH:0.439999
G1 X27.925 Y16.328 E.05424
G1 X61.714 Y16.328 E.91179
G1 X61.714 Y17.972 E.04436
G1 X61.728 Y18.338 E.00988
;WIDTH:0.410752
G1 X61.743 Y18.705 E.0092
;WIDTH:0.381505
G1 X61.743 Y167.145 E3.42804
G1 X61.396 Y167.145 E.00801
G1 X61.396 Y18.705 E3.42804
;WIDTH:0.410752
G1 X61.293 Y18.469 E.00645
;WIDTH:0.439999
G1 X61.255 Y18.384 E.00251
G1 X60.967 Y18.579 F9000
;TYPE:External perimeter
;WIDTH:0.419999
G1 F1800
G1 X60.952 Y18.55 E.00084
G1 X60.837 Y18.512 E.00311
G1 X28.819 Y18.512 E.8214
G1 X28.686 Y18.55 E.00355
G1 X28.609 Y18.705 E.00444
G1 X28.609 Y167.512 E3.81756
G1 X27.529 Y167.512 E.02771
G1 X27.529 Y15.932 E3.8887
G1 X62.109 Y15.932 E.88713
G1 X62.109 Y167.512 E3.8887
G1 X61.029 Y167.512 E.02771
G1 X61.029 Y18.705 E3.81756
G1 X60.993 Y18.633 E.00207
G1 X61.18 Y17.601 F9000
;TYPE:Top solid infill
;WIDTH:0.400315
G1 F1800
G1 X60.605 Y17.026 E.0198
G1 X60.087 Y17.026 E.01261
G1 X60.48 Y17.418 E.01351
G1 X59.962 Y17.418 E.01261
G1 X59.57 Y17.026 E.0135
G1 X59.052 Y17.026 E.01261
G1 X59.445 Y17.418 E.01351
G1 X58.927 Y17.418 E.01261
G1 X58.535 Y17.026 E.0135
G1 X58.017 Y17.026 E.01261
G1 X58.41 Y17.418 E.01351
G1 X57.892 Y17.418 E.01261
G1 X57.499 Y17.026 E.01351
G1 X56.982 Y17.026 E.01259
G1 X57.375 Y17.418 E.01351
G1 X56.857 Y17.418 E.01261
G1 X56.464 Y17.026 E.01351
G1 X55.947 Y17.026 E.01259
G1 X56.339 Y17.418 E.0135
G1 X55.822 Y17.418 E.01259
G1 X55.429 Y17.026 E.01351
G1 X54.912 Y17.026 E.01259
G1 X55.304 Y17.418 E.0135
G1 X54.787 Y17.418 E.01259
G1 X54.394 Y17.026 E.01351
G1 X53.876 Y17.026 E.01261
G1 X54.269 Y17.418 E.01351
G1 X53.752 Y17.418 E.01259
G1 X53.359 Y17.026 E.01351
G1 X52.841 Y17.026 E.01261
G1 X53.234 Y17.418 E.01351
G1 X52.716 Y17.418 E.01261
G1 X52.324 Y17.026 E.0135
G1 X51.806 Y17.026 E.01261
G1 X52.199 Y17.418 E.01351
G1 X51.681 Y17.418 E.01261
G1 X51.289 Y17.026 E.0135
G1 X50.771 Y17.026 E.01261
G1 X51.164 Y17.418 E.01351
G1 X50.646 Y17.418 E.01261
G1 X50.253 Y17.026 E.01351
G1 X49.736 Y17.026 E.01259
G1 X50.129 Y17.418 E.01351
G1 X49.611 Y17.418 E.01261
G1 X49.218 Y17.026 E.01351
G1 X48.701 Y17.026 E.01259
G1 X49.093 Y17.418 E.0135
G1 X48.576 Y17.418 E.01259
G1 X48.183 Y17.026 E.01351
G1 X47.666 Y17.026 E.01259
G1 X48.058 Y17.418 E.0135
G1 X47.541 Y17.418 E.01259
G1 X47.148 Y17.026 E.01351
G1 X46.63 Y17.026 E.01261
G1 X47.023 Y17.418 E.01351
G1 X46.506 Y17.418 E.01259
G1 X46.113 Y17.026 E.01351
G1 X45.595 Y17.026 E.01261
G1 X45.988 Y17.418 E.01351
G1 X45.47 Y17.418 E.01261
G1 X45.078 Y17.026 E.0135
G1 X44.56 Y17.026 E.01261
G1 X44.953 Y17.418 E.01351
G1 X44.435 Y17.418 E.01261
G1 X44.043 Y17.026 E.0135
G1 X43.525 Y17.026 E.01261
G1 X43.918 Y17.418 E.01351
G1 X43.4 Y17.418 E.01261
G1 X43.007 Y17.026 E.01351
G1 X42.49 Y17.026 E.01259
G1 X42.883 Y17.418 E.01351
G1 X42.365 Y17.418 E.01261
G1 X41.972 Y17.026 E.01351
G1 X41.455 Y17.026 E.01259
G1 X41.847 Y17.418 E.0135
G1 X41.33 Y17.418 E.01259
G1 X40.937 Y17.026 E.01351
G1 X40.42 Y17.026 E.01259
G1 X40.812 Y17.418 E.0135
G1 X40.295 Y17.418 E.01259
G1 X39.902 Y17.026 E.01351
G1 X39.384 Y17.026 E.01261
G1 X39.777 Y17.418 E.01351
G1 X39.259 Y17.418 E.01261
G1 X38.867 Y17.026 E.0135
G1 X38.349 Y17.026 E.01261
G1 X38.742 Y17.418 E.01351
G1 X38.224 Y17.418 E.01261
G1 X37.832 Y17.026 E.0135
G1 X37.314 Y17.026 E.01261
G1 X37.707 Y17.418 E.01351
G1 X37.189 Y17.418 E.01261
G1 X36.797 Y17.026 E.0135
G1 X36.279 Y17.026 E.01261
G1 X36.672 Y17.418 E.01351
G1 X36.154 Y17.418 E.01261
G1 X35.761 Y17.026 E.01351
G1 X35.244 Y17.026 E.01259
G1 X35.636 Y17.418 E.0135
G1 X35.119 Y17.418 E.01259
G1 X34.726 Y17.026 E.01351
G1 X34.209 Y17.026 E.01259
G1 X34.601 Y17.418 E.0135
G1 X34.084 Y17.418 E.01259
G1 X33.691 Y17.026 E.01351
G1 X33.174 Y17.026 E.01259
G1 X33.566 Y17.418 E.0135
G1 X33.049 Y17.418 E.01259
G1 X32.656 Y17.026 E.01351
G1 X32.138 Y17.026 E.01261
G1 X32.531 Y17.418 E.01351
G1 X32.013 Y17.418 E.01261
G1 X31.621 Y17.026 E.0135
G1 X31.103 Y17.026 E.01261
G1 X31.496 Y17.418 E.01351
G1 X30.978 Y17.418 E.01261
G1 X30.586 Y17.026 E.0135
G1 X30.068 Y17.026 E.01261
G1 X30.461 Y17.418 E.01351
G1 X29.943 Y17.418 E.01261
G1 X29.551 Y17.026 E.0135
G1 X29.033 Y17.026 E.01261
G1 X29.426 Y17.418 E.01351
G1 X28.908 Y17.418 E.01261
G1 X28.458 Y16.969 E.01548
; stop printing object Wanne_kabelkette-Abdeckung.stl id:0 copy 0
G1 E-3.5 F3600
;WIPE_START
G1 F7200;_WIPE
G1 X28.908 Y17.418 E-.30195
G1 X29.426 Y17.418 E-.24605
G1 X29.033 Y17.026 E-.26366
G1 X29.551 Y17.026 E-.24605
G1 X29.943 Y17.418 E-.26333
G1 X30.32 Y17.418 E-.17896
;WIPE_END
M107
;TYPE:Custom
; Filament-specific end gcode 
;END gcode for filament
G1 Z11.48 F600 ; Move print head up
G1 X5 Y193.8 F9000 ; present print
G1 Z79.48 F600 ; Move print head further up
G1 Z150 F600 ; Move print head further up
M140 S0 ; turn off heatbed
M104 S0 ; turn off temperature
M107 ; turn off fan
M84 X Y E ; disable motors
; objects_info = {"objects":[{"name":"Wanne_kabelkette-Abdeckung.stl id:0 copy 0","polygon":[[72.319,185.722],[60.819,185.722],[60.819,18.722],[28.819,18.722],[28.819,185.722],[17.319,185.722],[17.319,15.722],[72.319,15.722]]}]}
; filament used [mm] = 4990.91
; filament used [cm3] = 12.00
; filament used [g] = 14.89
; filament cost = 0.30
; total filament used [g] = 14.89
; total filament cost = 0.30
; total filament used for wipe tower [g] = 0.00
; estimated printing time (normal mode) = 1h 35m 28s
; estimated first layer printing time (normal mode) = 10m 16s

; prusaslicer_config = begin
; arc_fitting = disabled
; autoemit_temperature_commands = 1
; automatic_extrusion_widths = 0
; automatic_infill_combination = 0
; automatic_infill_combination_max_layer_height = 100%
; avoid_crossing_curled_overhangs = 0
; avoid_crossing_perimeters = 0
; avoid_crossing_perimeters_max_detour = 0
; bed_custom_model = 
; bed_custom_texture = 
; bed_shape = 3x3,228x3,228x228,3x228
; bed_temperature = 60
; bed_temperature_extruder = 0
; before_layer_gcode = ;BEFORE_LAYER_CHANGE\nG92 E0\n;{layer_z}\n\n
; between_objects_gcode = 
; binary_gcode = 0
; bottom_fill_pattern = monotonic
; bottom_solid_layers = 5
; bottom_solid_min_thickness = 0
; bridge_acceleration = 250
; bridge_angle = 0
; bridge_fan_speed = 100
; bridge_flow_ratio = 0.85
; bridge_speed = 25
; brim_separation = 0
; brim_type = outer_only
; brim_width = 0
; chamber_minimal_temperature = 0
; chamber_temperature = 0
; color_change_gcode = M600
; colorprint_heights = 
; compatible_printers_condition_cummulative = "printer_model=~/(ENDER|CR|SERMOON).*/ and nozzle_diameter[0]==0.4";printer_notes=~/.*PRINTER_VENDOR_CREALITY.*/
; complete_objects = 0
; cooling = 1
; cooling_perimeter_transition_distance = 0
; cooling_slowdown_logic = uniform_cooling
; cooling_tube_length = 5
; cooling_tube_retraction = 91.5
; custom_parameters_filament = ""
; custom_parameters_print = 
; custom_parameters_printer = 
; default_acceleration = 500
; default_filament_profile = "Generic PLA @CREALITY"
; default_print_profile = "0.16 mm OPTIMAL (0.4 mm nozzle) @CREALITY"
; deretract_speed = 40
; disable_fan_first_layers = 1
; dont_support_bridges = 1
; draft_shield = disabled
; duplicate_distance = 6
; elefant_foot_compensation = 0.1
; enable_dynamic_fan_speeds = 0
; enable_dynamic_overhang_speeds = 0
; end_filament_gcode = "; Filament-specific end gcode \n;END gcode for filament\n"
; end_gcode = {if max_layer_z < max_print_height}G1 Z{z_offset+min(max_layer_z+2, max_print_height)} F600 ; Move print head up{endif}\nG1 X5 Y{print_bed_max[1]*0.85} F{travel_speed*60} ; present print\n{if max_layer_z < max_print_height-10}G1 Z{z_offset+min(max_layer_z+70, max_print_height-10)} F600 ; Move print head further up{endif}\n{if max_layer_z < max_print_height*0.6}G1 Z{max_print_height*0.6} F600 ; Move print head further up{endif}\nM140 S0 ; turn off heatbed\nM104 S0 ; turn off temperature\nM107 ; turn off fan\nM84 X Y E ; disable motors
; ensure_vertical_shell_thickness = enabled
; external_perimeter_acceleration = 0
; external_perimeter_extrusion_width = 0.42
; external_perimeter_speed = 30
; external_perimeters_first = 0
; extra_loading_move = -2
; extra_perimeters = 0
; extra_perimeters_on_overhangs = 0
; extruder_clearance_height = 25
; extruder_clearance_radius = 55
; extruder_colour = #FCE94F
; extruder_offset = 0x0
; extrusion_axis = E
; extrusion_multiplier = 1
; extrusion_width = 0.44
; fan_always_on = 1
; fan_below_layer_time = 100
; filament_abrasive = 0
; filament_colour = #DDDDDD
; filament_cooling_final_speed = 3.4
; filament_cooling_initial_speed = 2.2
; filament_cooling_moves = 4
; filament_cost = 20
; filament_density = 1.24
; filament_deretract_speed = nil
; filament_diameter = 1.75
; filament_flush_speed = 0
; filament_flush_volume = 0
; filament_infill_max_crossing_speed = 0
; filament_infill_max_speed = 0
; filament_load_time = 0
; filament_loading_speed = 28
; filament_loading_speed_start = 3
; filament_max_volumetric_speed = 15
; filament_minimal_purge_on_wipe_tower = 15
; filament_multitool_ramming = 0
; filament_multitool_ramming_flow = 10
; filament_multitool_ramming_volume = 10
; filament_notes = "Retract erhöht"
; filament_purge_multiplier = 100%
; filament_ramming_parameters = "120 100 6.6 6.8 7.2 7.6 7.9 8.2 8.7 9.4 9.9 10.0| 0.05 6.6 0.45 6.8 0.95 7.8 1.45 8.3 1.95 9.7 2.45 10 2.95 7.6 3.45 7.6 3.95 7.6 4.45 7.6 4.95 7.6"
; filament_retract_before_travel = nil
; filament_retract_before_wipe = nil
; filament_retract_layer_change = nil
; filament_retract_length = nil
; filament_retract_length_toolchange = nil
; filament_retract_lift = nil
; filament_retract_lift_above = nil
; filament_retract_lift_below = nil
; filament_retract_restart_extra = nil
; filament_retract_restart_extra_toolchange = nil
; filament_retract_speed = nil
; filament_seam_gap_distance = nil
; filament_settings_id = "Generic PLA @CREALITY - SUNULU_Retract"
; filament_shrinkage_compensation_xy = 0%
; filament_shrinkage_compensation_z = 0%
; filament_soluble = 0
; filament_spool_weight = 0
; filament_stamping_distance = 0
; filament_stamping_loading_speed = 20
; filament_toolchange_delay = 0
; filament_travel_lift_before_obstacle = nil
; filament_travel_max_lift = nil
; filament_travel_ramping_lift = nil
; filament_travel_slope = nil
; filament_type = PLA
; filament_unload_time = 0
; filament_unloading_speed = 90
; filament_unloading_speed_start = 100
; filament_vendor = Generic
; filament_wipe = nil
; fill_angle = 45
; fill_density = 15%
; fill_pattern = grid
; first_layer_acceleration = 0
; first_layer_acceleration_over_raft = 0
; first_layer_bed_temperature = 60
; first_layer_extrusion_width = 0.42
; first_layer_height = 0.2
; first_layer_infill_speed = 0
; first_layer_speed = 20
; first_layer_speed_over_raft = 30
; first_layer_temperature = 220
; full_fan_speed_layer = 0
; fuzzy_skin = none
; fuzzy_skin_point_dist = 0.8
; fuzzy_skin_thickness = 0.3
; gap_fill_enabled = 1
; gap_fill_speed = 30
; gcode_comments = 0
; gcode_flavor = marlin
; gcode_label_objects = octoprint
; gcode_resolution = 0.0125
; gcode_substitutions = 
; high_current_on_filament_swap = 0
; host_type = prusalink
; idle_temperature = 150
; infill_acceleration = 0
; infill_anchor = 600%
; infill_anchor_max = 50
; infill_every_layers = 1
; infill_extruder = 1
; infill_extrusion_width = 0.44
; infill_first = 0
; infill_overlap = 23%
; infill_speed = 60
; inherits_cummulative = ;"Generic PLA @CREALITY";
; interface_shells = 0
; interlocking_beam = 0
; interlocking_beam_layer_count = 2
; interlocking_beam_width = 0.8
; interlocking_boundary_avoidance = 2
; interlocking_depth = 2
; interlocking_orientation = 22.5
; ironing = 0
; ironing_flowrate = 10%
; ironing_spacing = 0.1
; ironing_speed = 20
; ironing_type = top
; layer_gcode = ;AFTER_LAYER_CHANGE\n;{layer_z}
; layer_height = 0.16
; machine_limits_usage = emit_to_gcode
; machine_max_acceleration_e = 5000
; machine_max_acceleration_extruding = 500
; machine_max_acceleration_retracting = 1000
; machine_max_acceleration_travel = 500
; machine_max_acceleration_x = 500
; machine_max_acceleration_y = 500
; machine_max_acceleration_z = 100
; machine_max_feedrate_e = 60
; machine_max_feedrate_x = 500
; machine_max_feedrate_y = 500
; machine_max_feedrate_z = 10
; machine_max_jerk_e = 5
; machine_max_jerk_x = 8
; machine_max_jerk_y = 8
; machine_max_jerk_z = 0.4
; machine_max_junction_deviation = 0,0
; machine_min_extruding_rate = 0
; machine_min_travel_rate = 0
; max_fan_speed = 100
; max_layer_height = 0.32
; max_print_height = 250
; max_print_speed = 100
; max_volumetric_extrusion_rate_slope_negative = 0
; max_volumetric_extrusion_rate_slope_positive = 0
; max_volumetric_speed = 0
; min_bead_width = 85%
; min_fan_speed = 100
; min_feature_size = 25%
; min_layer_height = 0.06
; min_print_speed = 15
; min_skirt_length = 4
; mmu_segmented_region_interlocking_depth = 0
; mmu_segmented_region_max_width = 0
; multimaterial_purging = 140
; notes = 
; nozzle_diameter = 0.4
; nozzle_high_flow = 0
; only_one_perimeter_first_layer = 0
; only_retract_when_crossing_perimeters = 0
; ooze_prevention = 0
; output_filename_format = {input_filename_base}_{print_time}_{digits(layer_height,1,2)}mm_{temperature[0]}C_{filament_type[0]}_{printer_model}.gcode
; over_bridge_speed = 0
; overhang_fan_speed_0 = 0
; overhang_fan_speed_1 = 0
; overhang_fan_speed_2 = 0
; overhang_fan_speed_3 = 0
; overhang_speed_0 = 15
; overhang_speed_1 = 15
; overhang_speed_2 = 20
; overhang_speed_3 = 25
; overhangs = 0
; parking_pos_retraction = 92
; pause_print_gcode = M25 ; pause print
; perimeter_acceleration = 0
; perimeter_extruder = 1
; perimeter_extrusion_width = 0.44
; perimeter_generator = arachne
; perimeter_speed = 60
; perimeters = 3
; physical_printer_settings_id = 
; post_process = 
; prefer_clockwise_movements = 0
; print_settings_id = 0.16 mm OPTIMAL SPEED (0.4 mm nozzle) @CREALITY
; printer_model = ENDER3PRO
; printer_notes = Don't remove the following keywords! These keywords are used in the "compatible printer" condition of the print and filament profiles to link the particular print and filament profiles to this printer profile.\nPRINTER_VENDOR_CREALITY\nPRINTER_MODEL_ENDER3PRO\nPRINTER_HAS_BOWDEN
; printer_settings_id = Creality Ender-3 Pro (0.4 mm nozzle)
; printer_technology = FFF
; printer_variant = 0.4
; printer_vendor = 
; profile_vendor = Creality
; profile_version = 1.1.0
; raft_contact_distance = 0.1
; raft_expansion = 1.5
; raft_first_layer_density = 90%
; raft_first_layer_expansion = 3
; raft_layers = 0
; remaining_times = 0
; resolution = 0
; retract_before_travel = 2
; retract_before_wipe = 70%
; retract_layer_change = 1
; retract_length = 5
; retract_length_toolchange = 1
; retract_lift = 0
; retract_lift_above = 0.2
; retract_lift_below = 0
; retract_restart_extra = 0
; retract_restart_extra_toolchange = 0
; retract_speed = 60
; scarf_seam_entire_loop = 0
; scarf_seam_length = 20
; scarf_seam_max_segment_length = 1
; scarf_seam_on_inner_perimeters = 0
; scarf_seam_only_on_smooth = 1
; scarf_seam_placement = nowhere
; scarf_seam_start_height = 0%
; seam_gap_distance = 15%
; seam_position = nearest
; silent_mode = 0
; single_extruder_multi_material = 0
; single_extruder_multi_material_priming = 0
; skirt_distance = 3
; skirt_height = 2
; skirts = 1
; slice_closing_radius = 0.049
; slicing_mode = regular
; slowdown_below_layer_time = 20
; small_perimeter_speed = 30
; solid_infill_acceleration = 0
; solid_infill_below_area = 0
; solid_infill_every_layers = 0
; solid_infill_extruder = 1
; solid_infill_extrusion_width = 0.44
; solid_infill_speed = 60
; spiral_vase = 0
; staggered_inner_seams = 0
; standby_temperature_delta = -5
; start_filament_gcode = "; Filament gcode\n"
; start_gcode = G90 ; use absolute coordinates\nM83 ; extruder relative mode\nM104 S{is_nil(idle_temperature[0]) ? 150 : idle_temperature[0]} ; set temporary nozzle temp to prevent oozing during homing\nM140 S{first_layer_bed_temperature[0]} ; set final bed temp\nG4 S30 ; allow partial nozzle warmup\nG28 ; home all axis\nG1 Z50 F240\nG1 X2.0 Y10 F3000\nM104 S{first_layer_temperature[0]} ; set final nozzle temp\nM190 S{first_layer_bed_temperature[0]} ; wait for bed temp to stabilize\nM109 S{first_layer_temperature[0]} ; wait for nozzle temp to stabilize\nG1 Z0.28 F240\nG92 E0\nG1 X2.0 Y140 E10 F1500 ; prime the nozzle\nG1 X2.3 Y140 F5000\nG92 E0\nG1 X2.3 Y10 E10 F1200 ; prime the nozzle\nG92 E0
; support_material = 0
; support_material_angle = 0
; support_material_auto = 1
; support_material_bottom_contact_distance = 0
; support_material_bottom_interface_layers = -1
; support_material_buildplate_only = 0
; support_material_closing_radius = 2
; support_material_contact_distance = 0.15
; support_material_enforce_layers = 0
; support_material_extruder = 0
; support_material_extrusion_width = 0.36
; support_material_interface_contact_loops = 0
; support_material_interface_extruder = 0
; support_material_interface_layers = 2
; support_material_interface_pattern = rectilinear
; support_material_interface_spacing = 0.2
; support_material_interface_speed = 100%
; support_material_pattern = rectilinear
; support_material_spacing = 1
; support_material_speed = 40
; support_material_style = grid
; support_material_synchronize_layers = 0
; support_material_threshold = 40
; support_material_with_sheath = 0
; support_material_xy_spacing = 60%
; support_tree_angle = 40
; support_tree_angle_slow = 25
; support_tree_branch_diameter = 2
; support_tree_branch_diameter_angle = 5
; support_tree_branch_diameter_double_wall = 3
; support_tree_branch_distance = 1
; support_tree_tip_diameter = 0.8
; support_tree_top_rate = 15%
; temperature = 220
; template_custom_gcode = 
; thick_bridges = 1
; thin_walls = 0
; thumbnails = 
; thumbnails_format = PNG
; toolchange_gcode = 
; toolchange_ordering = optimized
; top_fill_pattern = monotonic
; top_infill_extrusion_width = 0.4
; top_one_perimeter_type = none
; top_solid_infill_acceleration = 0
; top_solid_infill_speed = 30
; top_solid_layers = 7
; top_solid_min_thickness = 0
; travel_acceleration = 0
; travel_lift_before_obstacle = 0
; travel_max_lift = 0
; travel_ramping_lift = 0
; travel_short_distance_acceleration = 0
; travel_slope = 0
; travel_speed = 150
; travel_speed_z = 0
; use_firmware_retraction = 0
; use_relative_e_distances = 1
; use_volumetric_e = 0
; variable_layer_height = 1
; wall_distribution_count = 1
; wall_transition_angle = 10
; wall_transition_filter_deviation = 25%
; wall_transition_length = 100%
; wipe = 1
; wipe_into_infill = 0
; wipe_into_objects = 0
; wipe_tower = 0
; wipe_tower_acceleration = 0
; wipe_tower_bridging = 10
; wipe_tower_brim_width = 2
; wipe_tower_cone_angle = 0
; wipe_tower_extra_flow = 100%
; wipe_tower_extra_spacing = 100%
; wipe_tower_extruder = 0
; wipe_tower_no_sparse_layers = 0
; wipe_tower_width = 60
; wiping_volumes_matrix = 0
; wiping_volumes_use_custom_matrix = 0
; xy_size_compensation = 0
; z_offset = 0
; prusaslicer_config = end
