; generated by PrusaSlicer 2.9.6 on 2026-08-28 at 12:15:59 UTC

; 

; external perimeters extrusion width = 0.42mm
; perimeters extrusion width = 0.44mm
; infill extrusion width = 0.44mm
; solid infill extrusion width = 0.44mm
; top infill extrusion width = 0.40mm
; first layer extrusion width = 0.42mm

M201 X500 Y500 Z100 E5000 ; sets maximum accelerations, mm/sec^2
M203 X500 Y500 Z10 E60 ; sets maximum feedrates, mm / sec
M204 S500 T1000 ; sets acceleration (S) and retract acceleration (R), mm/sec^2
M205 X8.00 Y8.00 Z0.40 E5.00 ; sets the jerk limits, mm/sec
M205 S0 T0 ; sets the minimum extruding and travel feed rate, mm/sec

; printing object Bohrlehre-Fusion.stl id:0 copy 0
; stop printing object Bohrlehre-Fusion.stl id:0 copy 0

;TYPE:Custom
G90 ; use absolute coordinates
M83 ; extruder relative mode
M104 S150 ; set temporary nozzle temp to prevent oozing during homing
M140 S60 ; set final bed temp
G4 S30 ; allow partial nozzle warmup
G28 ; home all axis
G1 Z50 F240
G1 X2.0 Y10 F3000
M104 S220 ; set final nozzle temp
M190 S60 ; wait for bed temp to stabilize
M109 S220 ; wait for nozzle temp to stabilize
G1 Z0.28 F240
G92 E0
G1 X2.0 Y140 E10 F1500 ; prime the nozzle
G1 X2.3 Y140 F5000
G92 E0
G1 X2.3 Y10 E10 F1200 ; prime the nozzle
G92 E0
G21 ; set units to millimeters
G90 ; use absolute coordinates
M83 ; use relative distances for extrusion
; Filament gcode
M107
;LAYER_CHANGE
;Z:0.2
;HEIGHT:0.2
G1 E-5 F3600
G1 Z.2 F9000
G1 X16.151 Y13.459
G1 E5 F2400
M204 S500
;TYPE:Skirt/Brim
;WIDTH:0.42
G1 F1200
G1 X17.178 Y12.227 E.05029
G1 X18.463 Y11.3 E.04968
G1 X19.628 Y11.08 E.03717
G1 X55.628 Y11.08 E1.12875
G1 X57.163 Y11.473 E.04968
G1 X58.077 Y12.227 E.03715
G1 X60.577 Y15.227 E.12244
G1 X61.316 Y17.268 E.06806
G1 X61.316 Y61.268 E1.37959
G1 X60.923 Y62.803 E.04968
G1 X59.839 Y63.959 E.04969
G1 X58.128 Y64.457 E.05587
G1 X17.128 Y64.457 E1.28553
G1 X15.593 Y64.063 E.04969
G1 X14.437 Y62.979 E.04969
G1 X13.939 Y61.268 E.05587
G1 X13.939 Y17.268 E1.37959
G1 X14.678 Y15.227 E.06806
G1 X16.113 Y13.505 E.07028
G1 E-3.5 F3600
;WIPE_START
G1 F7200
G1 X16.151 Y13.459 E-.02834
G1 X17.178 Y12.227 E-.76186
G1 X18.39 Y11.352 E-.7098
;WIPE_END
; printing object Bohrlehre-Fusion.stl id:0 copy 0
G1 X35.449 Y34.799 F9000
G1 E5 F2400
;TYPE:Perimeter
;WIDTH:0.419999
G1 F1200
G1 X35.753 Y34.539 E.01254
G1 X36.331 Y34.222 E.02067
G1 X36.96 Y34.025 E.02067
G1 X37.475 Y33.959 E.01628
G1 X37.984 Y33.983 E.01598
G1 X38.295 Y34.025 E.00984
G1 X38.8 Y34.169 E.01647
G1 X39.344 Y34.437 E.01901
G1 X39.871 Y34.833 E.02067
G1 X40.225 Y35.213 E.01628
G1 X40.569 Y35.748 E.01994
G1 X40.812 Y36.36 E.02065
G1 X40.912 Y36.899 E.01719
G1 X40.938 Y37.197 E.00938
G1 X40.907 Y37.749 E.01733
G1 X40.77 Y38.312 E.01817
G1 X40.524 Y38.865 E.01898
G1 X40.118 Y39.45 E.02233
G1 X39.636 Y39.9 E.02068
G1 X39.074 Y40.246 E.02069
G1 X38.456 Y40.474 E.02065
G1 X37.804 Y40.574 E.02068
G1 X37.145 Y40.544 E.02068
G1 X36.506 Y40.383 E.02066
G1 X35.911 Y40.099 E.02067
G1 X35.384 Y39.703 E.02067
G1 X34.946 Y39.21 E.02068
G1 X34.614 Y38.64 E.02068
G1 X34.402 Y38.016 E.02066
G1 X34.318 Y37.362 E.02067
G1 X34.365 Y36.704 E.02068
G1 X34.51 Y36.171 E.01732
G1 X34.614 Y35.896 E.00922
G1 X34.87 Y35.43 E.01667
G1 X35.233 Y34.984 E.01803
G1 X35.403 Y34.838 E.00703
G1 X35.696 Y35.08 F9000
G1 F1200
G1 X35.988 Y34.834 E.01197
G1 X36.503 Y34.557 E.01833
G1 X37.062 Y34.388 E.01831
G1 X37.562 Y34.332 E.01578
G1 X38.082 Y34.368 E.01634
G1 X38.647 Y34.516 E.01831
G1 X39.172 Y34.773 E.01833
G1 X39.636 Y35.128 E.01832
G1 X39.974 Y35.501 E.01578
G1 X40.247 Y35.944 E.01632
G1 X40.457 Y36.489 E.01831
G1 X40.556 Y37.066 E.01836
G1 X40.538 Y37.65 E.01832
G1 X40.404 Y38.219 E.01833
G1 X40.185 Y38.701 E.0166
G1 X39.817 Y39.223 E.02003
G1 X39.386 Y39.618 E.01833
G1 X38.886 Y39.92 E.01831
G1 X38.336 Y40.116 E.01831
G1 X37.757 Y40.2 E.01834
G1 X37.174 Y40.168 E.01831
G1 X36.608 Y40.02 E.01834
G1 X36.083 Y39.764 E.01831
G1 X35.619 Y39.408 E.01834
G1 X35.235 Y38.968 E.01831
G1 X34.946 Y38.46 E.01833
G1 X34.763 Y37.905 E.01832
G1 X34.693 Y37.324 E.01835
G1 X34.74 Y36.742 E.01831
G1 X34.902 Y36.18 E.01834
G1 X35.136 Y35.727 E.01599
G1 X35.522 Y35.227 E.01981
G1 X35.65 Y35.118 E.00527
G1 X35.94 Y35.355 F9000
;TYPE:External perimeter
G1 F1200
G1 X36.242 Y35.115 E.01209
G1 X36.69 Y34.886 E.01578
G1 X37.174 Y34.749 E.01577
G1 X37.583 Y34.709 E.01289
G1 X38.085 Y34.75 E.01579
G1 X38.577 Y34.891 E.01605
G1 X39.031 Y35.128 E.01606
G1 X39.422 Y35.442 E.01572
G1 X39.785 Y35.911 E.0186
G1 X39.942 Y36.175 E.00963
G1 X40.112 Y36.655 E.01597
G1 X40.185 Y37.15 E.01569
G1 X40.158 Y37.655 E.01586
G1 X40.034 Y38.142 E.01576
G1 X39.813 Y38.602 E.016
G1 X39.504 Y39.009 E.01602
G1 X39.121 Y39.347 E.01602
G1 X38.679 Y39.603 E.01602
G1 X38.194 Y39.765 E.01603
G1 X37.696 Y39.827 E.01573
G1 X37.193 Y39.791 E.01581
G1 X36.71 Y39.657 E.01572
G1 X36.255 Y39.428 E.01597
G1 X35.854 Y39.113 E.01599
G1 X35.524 Y38.725 E.01597
G1 X35.277 Y38.279 E.01599
G1 X35.123 Y37.794 E.01595
G1 X35.068 Y37.287 E.01599
G1 X35.119 Y36.757 E.01669
G1 X35.27 Y36.269 E.01602
G1 X35.516 Y35.821 E.01603
G1 X35.845 Y35.431 E.016
G1 X35.893 Y35.393 E.00192
G1 E-3.5 F3600
;WIPE_START
G1 F7200
G1 X35.94 Y35.355 E-.02871
G1 X36.242 Y35.115 E-.18323
G1 X36.69 Y34.886 E-.23899
G1 X37.174 Y34.749 E-.23893
G1 X37.583 Y34.709 E-.1952
G1 X38.085 Y34.75 E-.23924
G1 X38.577 Y34.891 E-.24311
G1 X38.824 Y35.02 E-.13259
;WIPE_END
G1 X48.658 Y26.293 F9000
G1 E5 F2400
;TYPE:Perimeter
G1 F1200
G1 X48.416 Y25.919 E.01397
G1 X48.153 Y25.25 E.02254
G1 X48.027 Y24.542 E.02255
G1 X48.044 Y23.823 E.02255
G1 X48.204 Y23.122 E.02254
G1 X48.499 Y22.466 E.02255
G1 X48.918 Y21.882 E.02254
G1 X49.444 Y21.392 E.02254
G1 X50.058 Y21.017 E.02256
G1 X50.733 Y20.77 E.02254
G1 X51.444 Y20.662 E.02255
G1 X52.162 Y20.697 E.02254
G1 X52.859 Y20.874 E.02255
G1 X53.507 Y21.185 E.02254
G1 X54.066 Y21.607 E.02196
G1 X54.557 Y22.157 E.02312
G1 X54.917 Y22.779 E.02253
G1 X55.147 Y23.461 E.02257
G1 X55.237 Y24.174 E.02253
G1 X55.184 Y24.891 E.02254
G1 X54.99 Y25.584 E.02256
G1 X54.663 Y26.224 E.02253
G1 X54.102 Y26.895 E.02742
G1 X53.514 Y27.347 E.02325
G1 X52.866 Y27.66 E.02256
G1 X52.17 Y27.838 E.02252
G1 X51.452 Y27.875 E.02254
G1 X50.74 Y27.768 E.02257
G1 X50.065 Y27.523 E.02252
G1 X49.551 Y27.202 E.019
G1 X49.169 Y26.913 E.01502
G1 X48.807 Y26.522 E.01671
G1 X48.691 Y26.343 E.00669
G1 X48.967 Y26.082 F9000
G1 F1200
G1 X48.738 Y25.722 E.01338
G1 X48.507 Y25.121 E.02019
G1 X48.4 Y24.485 E.02022
G1 X48.421 Y23.842 E.02017
G1 X48.569 Y23.215 E.0202
G1 X48.839 Y22.63 E.0202
G1 X49.218 Y22.109 E.0202
G1 X49.694 Y21.675 E.0202
G1 X50.246 Y21.343 E.0202
G1 X50.853 Y21.127 E.0202
G1 X51.491 Y21.036 E.02021
G1 X52.134 Y21.073 E.02019
G1 X52.757 Y21.237 E.0202
G1 X53.335 Y21.521 E.02019
G1 X53.831 Y21.902 E.01961
G1 X54.268 Y22.4 E.02077
G1 X54.586 Y22.96 E.02019
G1 X54.787 Y23.572 E.0202
G1 X54.862 Y24.212 E.0202
G1 X54.809 Y24.854 E.0202
G1 X54.63 Y25.472 E.02017
G1 X54.332 Y26.044 E.02022
G1 X53.819 Y26.645 E.02478
G1 X53.294 Y27.041 E.02062
G1 X52.711 Y27.316 E.02021
G1 X52.086 Y27.47 E.02018
G1 X51.442 Y27.498 E.02021
G1 X50.806 Y27.397 E.02019
G1 X50.202 Y27.172 E.02021
G1 X49.764 Y26.89 E.01633
G1 X49.446 Y26.656 E.01238
G1 X49.084 Y26.266 E.01668
G1 X48.999 Y26.133 E.00495
G1 X49.275 Y25.872 F9000
;TYPE:External perimeter
G1 F1200
G1 X49.06 Y25.525 E.0128
G1 X48.862 Y24.992 E.01783
G1 X48.773 Y24.429 E.01787
G1 X48.798 Y23.86 E.01786
G1 X48.935 Y23.308 E.01783
G1 X49.178 Y22.793 E.01785
G1 X49.519 Y22.337 E.01785
G1 X49.943 Y21.958 E.01783
G1 X50.435 Y21.67 E.01787
G1 X50.973 Y21.485 E.01784
G1 X51.538 Y21.41 E.01787
G1 X52.106 Y21.449 E.01785
G1 X52.655 Y21.6 E.01785
G1 X53.163 Y21.856 E.01784
G1 X53.596 Y22.197 E.01728
G1 X53.979 Y22.642 E.01841
G1 X54.255 Y23.14 E.01785
G1 X54.426 Y23.683 E.01785
G1 X54.487 Y24.249 E.01785
G1 X54.434 Y24.816 E.01786
G1 X54.27 Y25.361 E.01784
G1 X54 Y25.863 E.01787
G1 X53.537 Y26.396 E.02214
G1 X53.073 Y26.735 E.01802
G1 X52.556 Y26.972 E.01783
G1 X52.002 Y27.103 E.01785
G1 X51.433 Y27.121 E.01785
G1 X50.871 Y27.025 E.01788
G1 X50.34 Y26.821 E.01784
G1 X49.754 Y26.427 E.02214
G1 X49.36 Y26.009 E.01801
G1 X49.306 Y25.923 E.00318
G1 E-3.5 F3600
;WIPE_START
G1 F7200
G1 X49.275 Y25.872 E-.02835
G1 X49.06 Y25.525 E-.1939
G1 X48.862 Y24.992 E-.27008
G1 X48.773 Y24.429 E-.27075
G1 X48.798 Y23.86 E-.27054
G1 X48.935 Y23.308 E-.27015
G1 X49.111 Y22.935 E-.19623
;WIPE_END
G1 X27.217 Y24.447 F9000
G1 E5 F2400
;TYPE:Perimeter
G1 F1200
G1 X27.184 Y24.891 E.01396
G1 X26.992 Y25.579 E.0224
G1 X26.574 Y26.352 E.02755
G1 X26.104 Y26.893 E.02247
G1 X25.574 Y27.304 E.02103
G1 X24.963 Y27.616 E.02151
G1 X24.504 Y27.762 E.0151
G1 X23.983 Y27.861 E.01663
G1 X23.452 Y27.875 E.01665
G1 X22.74 Y27.768 E.02257
G1 X22.065 Y27.523 E.02252
G1 X21.329 Y27.05 E.02743
G1 X20.807 Y26.522 E.02328
G1 X20.416 Y25.919 E.02253
G1 X20.153 Y25.25 E.02254
G1 X20.027 Y24.542 E.02255
G1 X20.044 Y23.823 E.02255
G1 X20.204 Y23.122 E.02254
G1 X20.499 Y22.466 E.02255
G1 X20.918 Y21.882 E.02254
G1 X21.444 Y21.392 E.02254
G1 X21.897 Y21.109 E.01675
G1 X22.229 Y20.939 E.01169
G1 X22.733 Y20.77 E.01667
G1 X23.444 Y20.662 E.02255
G1 X24.162 Y20.697 E.02254
G1 X24.859 Y20.874 E.02255
G1 X25.507 Y21.185 E.02254
G1 X26.081 Y21.619 E.02256
G1 X26.557 Y22.157 E.02252
G1 X26.917 Y22.779 E.02253
G1 X27.147 Y23.461 E.02257
G1 X27.237 Y24.174 E.02253
G1 X27.221 Y24.387 E.0067
G1 X26.844 Y24.429 F9000
G1 F1200
G1 X26.809 Y24.854 E.01337
G1 X26.632 Y25.468 E.02004
G1 X26.247 Y26.163 E.02491
G1 X25.828 Y26.637 E.01984
G1 X25.354 Y26.998 E.01868
G1 X24.808 Y27.272 E.01915
G1 X24.42 Y27.394 E.01275
G1 X23.974 Y27.484 E.01427
G1 X23.442 Y27.498 E.01669
G1 X22.806 Y27.397 E.02019
G1 X22.202 Y27.172 E.02021
G1 X21.542 Y26.739 E.02475
G1 X21.084 Y26.266 E.02064
G1 X20.738 Y25.722 E.02021
G1 X20.507 Y25.121 E.02019
G1 X20.4 Y24.485 E.02022
G1 X20.421 Y23.842 E.02017
G1 X20.569 Y23.215 E.0202
G1 X20.839 Y22.63 E.0202
G1 X21.218 Y22.109 E.0202
G1 X21.694 Y21.675 E.0202
G1 X22.246 Y21.343 E.0202
G1 X22.853 Y21.127 E.0202
G1 X23.491 Y21.036 E.02021
G1 X24.134 Y21.073 E.02019
G1 X24.757 Y21.237 E.0202
G1 X25.335 Y21.521 E.02019
G1 X25.846 Y21.913 E.02019
G1 X26.268 Y22.4 E.0202
G1 X26.586 Y22.96 E.02019
G1 X26.787 Y23.572 E.0202
G1 X26.862 Y24.212 E.0202
G1 X26.849 Y24.369 E.00494
G1 X26.472 Y24.41 F9000
;TYPE:External perimeter
G1 F1200
G1 X26.434 Y24.816 E.01279
G1 X26.271 Y25.357 E.01772
G1 X25.921 Y25.975 E.02227
G1 X25.551 Y26.38 E.0172
G1 X25.134 Y26.691 E.01631
G1 X24.653 Y26.929 E.01683
G1 X24.002 Y27.103 E.02113
G1 X23.433 Y27.121 E.01785
G1 X22.871 Y27.025 E.01788
G1 X22.34 Y26.821 E.01784
G1 X21.754 Y26.427 E.02214
G1 X21.36 Y26.009 E.01801
G1 X21.06 Y25.525 E.01785
G1 X20.862 Y24.992 E.01783
G1 X20.773 Y24.429 E.01787
G1 X20.798 Y23.86 E.01786
G1 X20.935 Y23.308 E.01783
G1 X21.178 Y22.793 E.01785
G1 X21.519 Y22.337 E.01785
G1 X21.943 Y21.958 E.01783
G1 X22.435 Y21.67 E.01787
G1 X22.973 Y21.485 E.01784
G1 X23.538 Y21.41 E.01787
G1 X24.106 Y21.449 E.01785
G1 X24.655 Y21.6 E.01785
G1 X25.163 Y21.856 E.01784
G1 X25.611 Y22.208 E.01786
G1 X25.979 Y22.642 E.01784
G1 X26.255 Y23.14 E.01785
G1 X26.426 Y23.683 E.01785
G1 X26.487 Y24.249 E.01785
G1 X26.477 Y24.35 E.00318
G1 E-3.5 F3600
;WIPE_START
G1 F7200
G1 X26.472 Y24.41 E-.0286
G1 X26.434 Y24.816 E-.19369
G1 X26.271 Y25.357 E-.26839
G1 X25.921 Y25.975 E-.33736
G1 X25.551 Y26.38 E-.26057
G1 X25.134 Y26.691 E-.2471
G1 X24.824 Y26.844 E-.16429
;WIPE_END
G1 X24.076 Y46.693 F9000
G1 E5 F2400
;TYPE:Perimeter
G1 F1200
G1 X24.162 Y46.697 E.0027
G1 X24.859 Y46.874 E.02255
G1 X25.507 Y47.185 E.02254
G1 X26.081 Y47.619 E.02256
G1 X26.557 Y48.157 E.02252
G1 X26.917 Y48.779 E.02253
G1 X27.147 Y49.461 E.02257
G1 X27.237 Y50.174 E.02253
G1 X27.184 Y50.891 E.02254
G1 X26.992 Y51.579 E.0224
G1 X26.574 Y52.352 E.02755
G1 X26.086 Y52.912 E.02329
G1 X25.514 Y53.347 E.02253
G1 X24.866 Y53.66 E.02256
G1 X24.17 Y53.838 E.02252
G1 X23.452 Y53.875 E.02254
G1 X22.74 Y53.768 E.02257
G1 X22.065 Y53.523 E.02252
G1 X21.329 Y53.05 E.02743
G1 X20.807 Y52.522 E.02328
G1 X20.416 Y51.919 E.02253
G1 X20.153 Y51.25 E.02254
G1 X20.027 Y50.542 E.02255
G1 X20.044 Y49.823 E.02255
G1 X20.204 Y49.122 E.02254
G1 X20.499 Y48.466 E.02255
G1 X20.918 Y47.882 E.02254
G1 X21.444 Y47.392 E.02254
G1 X22.058 Y47.017 E.02256
G1 X22.733 Y46.77 E.02254
G1 X23.444 Y46.662 E.02255
G1 X24.016 Y46.69 E.01796
G1 X24.029 Y47.067 F9000
G1 F1200
G1 X24.134 Y47.073 E.0033
G1 X24.757 Y47.237 E.0202
G1 X25.335 Y47.521 E.02019
G1 X25.846 Y47.913 E.02019
G1 X26.268 Y48.4 E.0202
G1 X26.586 Y48.96 E.02019
G1 X26.787 Y49.572 E.0202
G1 X26.862 Y50.212 E.0202
G1 X26.809 Y50.854 E.0202
G1 X26.632 Y51.468 E.02004
G1 X26.247 Y52.163 E.02491
G1 X25.81 Y52.656 E.02066
G1 X25.294 Y53.041 E.02019
G1 X24.711 Y53.316 E.02021
G1 X24.086 Y53.47 E.02018
G1 X23.442 Y53.498 E.02021
G1 X22.806 Y53.397 E.02019
G1 X22.202 Y53.172 E.02021
G1 X21.542 Y52.739 E.02475
G1 X21.084 Y52.266 E.02064
G1 X20.738 Y51.722 E.02021
G1 X20.507 Y51.121 E.02019
G1 X20.4 Y50.485 E.02022
G1 X20.421 Y49.842 E.02017
G1 X20.569 Y49.215 E.0202
G1 X20.839 Y48.63 E.0202
G1 X21.218 Y48.109 E.0202
G1 X21.694 Y47.675 E.0202
G1 X22.246 Y47.343 E.0202
G1 X22.853 Y47.127 E.0202
G1 X23.491 Y47.036 E.02021
G1 X23.969 Y47.064 E.01501
G1 X23.982 Y47.441 F9000
;TYPE:External perimeter
G1 F1200
G1 X24.106 Y47.449 E.0039
G1 X24.655 Y47.6 E.01785
G1 X25.163 Y47.856 E.01784
G1 X25.611 Y48.208 E.01786
G1 X25.979 Y48.642 E.01784
G1 X26.255 Y49.14 E.01785
G1 X26.426 Y49.683 E.01785
G1 X26.487 Y50.249 E.01785
G1 X26.434 Y50.816 E.01786
G1 X26.271 Y51.357 E.01772
G1 X25.921 Y51.975 E.02227
G1 X25.534 Y52.399 E.018
G1 X25.073 Y52.735 E.01789
G1 X24.556 Y52.972 E.01783
G1 X24.002 Y53.103 E.01785
G1 X23.433 Y53.121 E.01785
G1 X22.871 Y53.025 E.01788
G1 X22.34 Y52.821 E.01784
G1 X21.754 Y52.427 E.02214
G1 X21.36 Y52.009 E.01801
G1 X21.06 Y51.525 E.01785
G1 X20.862 Y50.992 E.01783
G1 X20.773 Y50.429 E.01787
G1 X20.798 Y49.86 E.01786
G1 X20.935 Y49.308 E.01783
G1 X21.178 Y48.793 E.01785
G1 X21.519 Y48.337 E.01785
G1 X21.943 Y47.958 E.01783
G1 X22.435 Y47.67 E.01787
G1 X22.973 Y47.485 E.01784
G1 X23.538 Y47.41 E.01787
G1 X23.922 Y47.437 E.01207
G1 E-3.5 F3600
;WIPE_START
G1 F7200
G1 X23.982 Y47.441 E-.02856
G1 X24.106 Y47.449 E-.05902
G1 X24.655 Y47.6 E-.27046
G1 X25.163 Y47.856 E-.27021
G1 X25.611 Y48.208 E-.27063
G1 X25.979 Y48.642 E-.27028
G1 X26.255 Y49.14 E-.27045
G1 X26.293 Y49.261 E-.06039
;WIPE_END
G1 X48.042 Y49.91 F9000
G1 E5 F2400
;TYPE:Perimeter
G1 F1200
G1 X48.044 Y49.823 E.00273
G1 X48.204 Y49.122 E.02254
G1 X48.499 Y48.466 E.02255
G1 X48.918 Y47.882 E.02254
G1 X49.405 Y47.427 E.0209
G1 X49.959 Y47.074 E.0206
G1 X50.229 Y46.939 E.00946
G1 X50.733 Y46.77 E.01667
G1 X51.444 Y46.662 E.02255
G1 X52.162 Y46.697 E.02254
G1 X52.859 Y46.874 E.02255
G1 X53.507 Y47.185 E.02254
G1 X54.081 Y47.619 E.02256
G1 X54.557 Y48.157 E.02252
G1 X54.917 Y48.779 E.02253
G1 X55.147 Y49.461 E.02257
G1 X55.237 Y50.174 E.02253
G1 X55.184 Y50.891 E.02254
G1 X54.99 Y51.584 E.02256
G1 X54.663 Y52.224 E.02253
G1 X54.102 Y52.895 E.02742
G1 X53.514 Y53.347 E.02325
G1 X52.866 Y53.66 E.02256
G1 X52.17 Y53.838 E.02252
G1 X51.452 Y53.875 E.02254
G1 X50.74 Y53.768 E.02257
G1 X50.065 Y53.523 E.02252
G1 X49.329 Y53.05 E.02743
G1 X48.807 Y52.522 E.02328
G1 X48.416 Y51.919 E.02253
G1 X48.153 Y51.25 E.02254
G1 X48.027 Y50.542 E.02255
G1 X48.041 Y49.97 E.01794
G1 X48.418 Y49.947 F9000
G1 F1200
G1 X48.421 Y49.842 E.00329
G1 X48.569 Y49.215 E.0202
G1 X48.839 Y48.63 E.0202
G1 X49.218 Y48.109 E.0202
G1 X49.655 Y47.71 E.01855
G1 X50.147 Y47.4 E.01823
G1 X50.679 Y47.186 E.01798
G1 X50.963 Y47.102 E.00929
G1 X51.491 Y47.036 E.01668
G1 X52.134 Y47.073 E.02019
G1 X52.757 Y47.237 E.0202
G1 X53.335 Y47.521 E.02019
G1 X53.846 Y47.913 E.02019
G1 X54.268 Y48.4 E.0202
G1 X54.586 Y48.96 E.02019
G1 X54.787 Y49.572 E.0202
G1 X54.862 Y50.212 E.0202
G1 X54.809 Y50.854 E.0202
G1 X54.63 Y51.472 E.02017
G1 X54.332 Y52.044 E.02022
G1 X53.819 Y52.645 E.02478
G1 X53.294 Y53.041 E.02062
G1 X52.711 Y53.316 E.02021
G1 X52.086 Y53.47 E.02018
G1 X51.442 Y53.498 E.02021
G1 X50.806 Y53.397 E.02019
G1 X50.202 Y53.172 E.02021
G1 X49.542 Y52.739 E.02475
G1 X49.084 Y52.266 E.02064
G1 X48.738 Y51.722 E.02021
G1 X48.507 Y51.121 E.02019
G1 X48.4 Y50.485 E.02022
G1 X48.416 Y50.007 E.015
G1 X48.792 Y49.984 F9000
;TYPE:External perimeter
G1 F1200
G1 X48.798 Y49.86 E.00389
G1 X48.935 Y49.308 E.01783
G1 X49.178 Y48.793 E.01785
G1 X49.519 Y48.337 E.01785
G1 X49.904 Y47.992 E.01621
G1 X50.336 Y47.727 E.01589
G1 X50.973 Y47.485 E.02137
G1 X51.538 Y47.41 E.01787
G1 X52.106 Y47.449 E.01785
G1 X52.655 Y47.6 E.01785
G1 X53.163 Y47.856 E.01784
G1 X53.611 Y48.208 E.01786
G1 X53.979 Y48.642 E.01784
G1 X54.255 Y49.14 E.01785
G1 X54.426 Y49.683 E.01785
G1 X54.487 Y50.249 E.01785
G1 X54.434 Y50.816 E.01786
G1 X54.27 Y51.361 E.01784
G1 X54 Y51.863 E.01787
G1 X53.537 Y52.396 E.02214
G1 X53.073 Y52.735 E.01802
G1 X52.556 Y52.972 E.01783
G1 X52.002 Y53.103 E.01785
G1 X51.433 Y53.121 E.01785
G1 X50.871 Y53.025 E.01788
G1 X50.34 Y52.821 E.01784
G1 X49.754 Y52.427 E.02214
G1 X49.36 Y52.009 E.01801
G1 X49.06 Y51.525 E.01785
G1 X48.862 Y50.992 E.01783
G1 X48.773 Y50.429 E.01787
G1 X48.79 Y50.044 E.01208
G1 E-3.5 F3600
;WIPE_START
G1 F7200
G1 X48.792 Y49.984 E-.02852
G1 X48.798 Y49.86 E-.05897
G1 X48.935 Y49.308 E-.27015
G1 X49.178 Y48.793 E-.27049
G1 X49.519 Y48.337 E-.27047
G1 X49.904 Y47.992 E-.24556
G1 X50.336 Y47.727 E-.24073
G1 X50.563 Y47.641 E-.11511
;WIPE_END
G1 X57.064 Y60.204 F9000
G1 E5 F2400
;TYPE:Perimeter
G1 F1200
G1 X18.192 Y60.204 E1.2188
G1 X18.192 Y18.332 E1.31286
G1 X19.749 Y18.332 E.04882
G1 X20.109 Y18.261 E.0115
G1 X20.421 Y18.05 E.01181
G1 X20.623 Y17.744 E.0115
G1 X20.692 Y17.39 E.01131
G1 X20.692 Y15.332 E.06453
G1 X54.564 Y15.332 E1.06203
G1 X54.564 Y17.39 E.06453
G1 X54.633 Y17.744 E.01131
G1 X54.833 Y18.049 E.01144
G1 X55.143 Y18.259 E.01174
G1 X55.506 Y18.332 E.01161
G1 X57.064 Y18.332 E.04885
G1 X57.064 Y60.144 E1.31098
G1 X57.441 Y60.581 F9000
G1 F1200
G1 X17.815 Y60.581 E1.24244
G1 X17.815 Y17.955 E1.33651
G1 X19.8 Y17.955 E.06224
G1 X20.066 Y17.858 E.00888
G1 X20.251 Y17.651 E.0087
G1 X20.315 Y17.39 E.00843
G1 X20.315 Y14.955 E.07635
G1 X54.941 Y14.955 E1.08567
G1 X54.941 Y17.467 E.07876
G1 X55.065 Y17.744 E.00952
G1 X55.239 Y17.888 E.00708
G1 X55.506 Y17.955 E.00863
G1 X57.441 Y17.955 E.06067
G1 X57.441 Y60.521 E1.33462
G1 X57.818 Y60.958 F9000
;TYPE:External perimeter
G1 F1200
G1 X17.438 Y60.958 E1.26608
G1 X17.438 Y17.578 E1.36015
G1 X19.749 Y17.578 E.07246
G1 X19.87 Y17.534 E.00404
G1 X19.938 Y17.39 E.00499
G1 X19.938 Y14.578 E.08817
G1 X55.318 Y14.578 E1.10931
G1 X55.318 Y17.39 E.08817
G1 X55.359 Y17.508 E.00392
G1 X55.506 Y17.578 E.0051
G1 X57.818 Y17.578 E.07249
G1 X57.818 Y60.898 E1.35827
G1 E-3.5 F3600
;WIPE_START
G1 F7200
G1 X57.818 Y60.958 E-.0285
G1 X54.72 Y60.958 E-1.4715
;WIPE_END
G1 X53.678 Y15.453 F9000
G1 E5 F2400
;TYPE:Solid infill
;WIDTH:0.421461
G1 F1200
G1 X54.273 Y16.049 E.02651
G1 X54.273 Y16.584 E.01684
G1 X53.312 Y15.623 E.04278
G1 X52.777 Y15.623 E.01684
G1 X54.443 Y17.289 E.07416
G1 E-3.5 F3600
;WIPE_START
G1 F7200
G1 X52.777 Y15.623 E-1.11914
G1 X53.312 Y15.623 E-.25412
G1 X53.501 Y15.812 E-.12674
;WIPE_END
G1 X56.943 Y19.254 F9000
G1 E5 F2400
G1 F1200
G1 X56.31 Y18.62 E.0282
G1 X55.772 Y18.618 E.01693
G1 X56.773 Y19.619 E.04456
G1 X56.773 Y20.155 E.01687
G1 X52.241 Y15.623 E.20174
G1 X51.706 Y15.623 E.01684
G1 X56.773 Y20.69 E.22555
G1 X56.773 Y21.225 E.01684
G1 X51.171 Y15.623 E.24936
G1 X50.635 Y15.623 E.01687
G1 X56.773 Y21.761 E.27322
G1 X56.773 Y22.296 E.01684
G1 X50.1 Y15.623 E.29704
G1 X49.564 Y15.623 E.01687
G1 X56.773 Y22.831 E.32088
G1 X56.773 Y23.367 E.01687
G1 X49.029 Y15.623 E.34471
G1 X48.494 Y15.623 E.01684
G1 X56.773 Y23.902 E.36853
G1 X56.773 Y24.437 E.01684
G1 X55.297 Y22.961 E.0657
G1 X55.426 Y23.38 E.0138
G1 X55.479 Y23.679 E.00956
G1 X56.773 Y24.973 E.0576
G1 X56.773 Y25.508 E.01684
G1 X55.527 Y24.261 E.05549
G1 X55.488 Y24.758 E.01569
G1 X56.773 Y26.043 E.0572
G1 X56.773 Y26.579 E.01687
G1 X55.403 Y25.209 E.06098
G1 X55.282 Y25.622 E.01355
G1 X56.773 Y27.114 E.06639
G1 X56.773 Y27.649 E.01684
G1 X55.118 Y25.995 E.07365
G1 X54.93 Y26.341 E.01239
G1 X56.773 Y28.185 E.08206
G1 X56.773 Y28.72 E.01684
G1 X54.704 Y26.651 E.0921
G1 X54.454 Y26.936 E.01193
G1 X56.773 Y29.255 E.10323
G1 X56.773 Y29.791 E.01687
G1 X54.189 Y27.206 E.11505
G1 X53.885 Y27.438 E.01204
G1 X56.773 Y30.326 E.12856
G1 X56.773 Y30.861 E.01684
G1 X53.564 Y27.652 E.14284
G1 X53.203 Y27.826 E.01261
G1 X56.773 Y31.397 E.15894
G1 X56.773 Y31.932 E.01684
G1 X52.821 Y27.98 E.17592
G1 X52.391 Y28.085 E.01393
G1 X56.773 Y32.467 E.19506
G1 X56.773 Y33.003 E.01687
G1 X51.923 Y28.153 E.21589
G1 X51.396 Y28.161 E.01659
G1 X56.773 Y33.538 E.23935
G1 X56.773 Y34.073 E.01684
G1 X50.534 Y27.834 E.27772
G1 E-3.5 F3600
;WIPE_START
G1 F7200
G1 X52.767 Y30.067 E-1.5
;WIPE_END
G1 X53.27 Y20.934 F9000
G1 E5 F2400
G1 F1200
G1 X47.958 Y15.623 E.23643
G1 X47.423 Y15.623 E.01684
G1 X52.215 Y20.414 E.21329
G1 X51.633 Y20.368 E.01838
G1 X46.888 Y15.623 E.21122
G1 X46.352 Y15.623 E.01687
G1 X51.138 Y20.408 E.21302
G1 X50.679 Y20.485 E.01465
G1 X45.817 Y15.623 E.21642
G1 X45.282 Y15.623 E.01684
G1 X50.276 Y20.617 E.2223
G1 X49.898 Y20.774 E.01288
G1 X44.746 Y15.623 E.22931
G1 X44.211 Y15.623 E.01684
G1 X49.558 Y20.97 E.23801
G1 X49.239 Y21.186 E.01213
G1 X43.676 Y15.623 E.24763
G1 X43.14 Y15.623 E.01687
G1 X48.955 Y21.437 E.25882
G1 X48.688 Y21.705 E.01191
G1 X42.605 Y15.623 E.27075
G1 X42.07 Y15.623 E.01684
G1 X48.457 Y22.01 E.28431
G1 X48.242 Y22.331 E.01216
G1 X41.534 Y15.623 E.2986
G1 X40.999 Y15.623 E.01684
G1 X48.071 Y22.694 E.31478
G1 X47.957 Y22.937 E.00845
G1 X47.92 Y23.079 E.00462
G1 X40.464 Y15.623 E.33189
G1 X39.928 Y15.623 E.01687
G1 X47.812 Y23.506 E.35092
G1 X47.765 Y23.691 E.00601
G1 X47.753 Y23.983 E.0092
G1 X39.393 Y15.623 E.37213
G1 X38.858 Y15.623 E.01684
G1 X47.731 Y24.496 E.39497
G1 X47.826 Y25.126 E.02005
G1 X38.322 Y15.623 E.42303
G1 X37.787 Y15.623 E.01684
G1 X48.096 Y25.931 E.45887
G1 X48.531 Y26.647 E.02637
G1 X49.053 Y27.205 E.02405
G1 X49.794 Y27.715 E.02831
G1 X49.938 Y27.774 E.0049
G1 X56.773 Y34.609 E.30425
G1 X56.773 Y35.144 E.01684
G1 X37.252 Y15.623 E.86895
G1 X36.716 Y15.623 E.01687
G1 X56.773 Y35.679 E.89279
G1 X56.773 Y36.215 E.01687
G1 X36.181 Y15.623 E.91662
G1 X35.646 Y15.623 E.01684
G1 X56.773 Y36.75 E.94044
G1 X56.773 Y37.285 E.01684
G1 X35.11 Y15.623 E.96427
G1 X34.575 Y15.623 E.01684
G1 X56.773 Y37.821 E.98811
G1 X56.773 Y38.356 E.01684
G1 X34.04 Y15.623 E1.01193
G1 X33.504 Y15.623 E.01687
G1 X56.773 Y38.891 E1.03576
G1 X56.773 Y39.427 E.01687
G1 X32.969 Y15.623 E1.0596
G1 X32.434 Y15.623 E.01684
G1 X56.773 Y39.962 E1.08341
G1 X56.773 Y40.497 E.01684
G1 X31.898 Y15.623 E1.10725
G1 X31.363 Y15.623 E.01684
G1 X56.773 Y41.033 E1.13109
G1 X56.773 Y41.568 E.01684
G1 X30.828 Y15.623 E1.1549
G1 X30.292 Y15.623 E.01687
G1 X56.773 Y42.103 E1.17874
G1 X56.773 Y42.639 E.01687
G1 X29.757 Y15.623 E1.20258
G1 X29.222 Y15.623 E.01684
G1 X56.773 Y43.174 E1.22639
G1 X56.773 Y43.709 E.01684
G1 X28.686 Y15.623 E1.25023
G1 X28.151 Y15.623 E.01684
G1 X56.773 Y44.245 E1.27407
G1 X56.773 Y44.78 E.01684
G1 X27.616 Y15.623 E1.29788
G1 X27.08 Y15.623 E.01687
G1 X56.773 Y45.315 E1.32172
G1 X56.773 Y45.851 E.01687
G1 X26.545 Y15.623 E1.34555
G1 X26.01 Y15.623 E.01684
G1 X56.773 Y46.386 E1.36937
G1 X56.773 Y46.921 E.01684
G1 X25.474 Y15.623 E1.39321
G1 X24.939 Y15.623 E.01684
G1 X56.773 Y47.457 E1.41704
G1 X56.773 Y47.992 E.01684
G1 X24.404 Y15.623 E1.44086
G1 X23.868 Y15.623 E.01687
G1 X56.773 Y48.527 E1.4647
G1 X56.773 Y49.063 E.01687
G1 X23.333 Y15.623 E1.48853
G1 X22.798 Y15.623 E.01684
G1 X56.773 Y49.598 E1.51235
G1 X56.773 Y50.133 E.01684
G1 X22.262 Y15.623 E1.53618
G1 X21.727 Y15.623 E.01684
G1 X52.605 Y46.501 E1.37449
G1 X52.189 Y46.408 E.01342
G1 X51.96 Y46.391 E.00723
G1 X21.192 Y15.623 E1.36959
G1 X20.982 Y15.623 E.00661
G1 X20.982 Y15.949 E.01026
G1 X38.949 Y33.915 E.79975
G1 X39.603 Y34.253 E.02317
G1 X40.114 Y34.658 E.02052
G1 X40.511 Y35.105 E.01882
G1 X40.89 Y35.734 E.02311
G1 X40.959 Y35.925 E.00639
G1 X51.408 Y46.374 E.46512
G1 X50.936 Y46.438 E.01499
G1 X41.16 Y36.662 E.43516
G1 X41.23 Y37.145 E.01536
G1 X41.224 Y37.261 E.00366
G1 X50.508 Y46.545 E.41326
G1 X50.108 Y46.68 E.01329
G1 X41.196 Y37.768 E.3967
G1 X41.092 Y38.2 E.01399
G1 X49.755 Y46.862 E.3856
G1 X49.416 Y47.059 E.01234
G1 X40.964 Y38.607 E.37623
G1 X40.79 Y38.969 E.01264
G1 X49.12 Y47.298 E.37078
G1 X48.836 Y47.549 E.01193
G1 X40.587 Y39.301 E.36717
G1 X40.357 Y39.606 E.01202
G1 X48.592 Y47.841 E.36657
G1 X48.361 Y48.145 E.01202
G1 X40.093 Y39.877 E.36804
G1 X39.808 Y40.128 E.01195
G1 X48.171 Y48.491 E.37227
G1 X47.997 Y48.852 E.01261
G1 X39.484 Y40.339 E.37894
G1 X39.143 Y40.534 E.01236
G1 X47.874 Y49.264 E.38863
G1 X47.767 Y49.692 E.01389
G1 X38.749 Y40.675 E.4014
G1 X38.41 Y40.787 E.01124
G1 X38.335 Y40.796 E.00238
G1 X47.742 Y50.203 E.41874
G1 X47.729 Y50.487 E.00895
G1 X47.772 Y50.768 E.00895
G1 X37.856 Y40.853 E.44137
G1 X37.689 Y40.872 E.00529
G1 X37.311 Y40.842 E.01194
G1 X48.209 Y51.741 E.48513
G1 E-3.5 F3600
;WIPE_START
G1 F7200
G1 X45.976 Y49.508 E-1.5
;WIPE_END
G1 X55.143 Y49.039 F9000
G1 E5 F2400
G1 F1200
G1 X56.773 Y50.669 E.07256
G1 X56.773 Y51.204 E.01684
G1 X55.505 Y49.936 E.05644
G1 X55.527 Y50.15 E.00677
G1 X55.516 Y50.483 E.01049
G1 X56.773 Y51.74 E.05595
G1 X56.773 Y52.275 E.01684
G1 X55.466 Y50.967 E.0582
G1 X55.351 Y51.388 E.01374
G1 X56.773 Y52.81 E.0633
G1 X56.773 Y53.346 E.01687
G1 X55.217 Y51.79 E.06926
G1 X55.037 Y52.144 E.0125
G1 X56.773 Y53.881 E.0773
G1 X56.773 Y54.416 E.01684
G1 X54.837 Y52.48 E.08618
G1 X54.596 Y52.774 E.01197
G1 X56.773 Y54.952 E.09693
G1 X56.773 Y55.487 E.01684
G1 X54.345 Y53.059 E.10808
G1 X54.062 Y53.311 E.01193
G1 X56.773 Y56.022 E.12068
G1 X56.773 Y56.558 E.01687
G1 X53.75 Y53.535 E.13456
G1 X53.412 Y53.731 E.0123
G1 X56.773 Y57.093 E.14963
G1 X56.773 Y57.628 E.01684
G1 X53.039 Y53.894 E.16621
G1 X52.845 Y53.978 E.00665
G1 X52.637 Y54.027 E.00673
G1 X56.773 Y58.164 E.18413
G1 X56.773 Y58.699 E.01684
G1 X52.2 Y54.126 E.20356
G1 X51.698 Y54.159 E.01583
G1 X56.773 Y59.234 E.22591
G1 X56.773 Y59.77 E.01687
G1 X51.136 Y54.133 E.25092
G1 X50.685 Y54.053 E.01442
G1 X50.457 Y53.989 E.00745
G1 X56.382 Y59.914 E.26374
G1 X55.846 Y59.914 E.01687
G1 X36.406 Y40.473 E.86537
G1 E-3.5 F3600
;WIPE_START
G1 F7200
G1 X38.639 Y42.706 E-1.5
;WIPE_END
G1 X38.446 Y33.948 F9000
G1 E5 F2400
G1 F1200
G1 X27.198 Y22.7 E.50069
G1 X26.916 Y22.169 E.01892
G1 X26.783 Y21.974 E.00743
G1 X26.434 Y21.559 E.01707
G1 X26.266 Y21.395 E.00739
G1 X25.842 Y21.057 E.01707
G1 X25.644 Y20.929 E.00742
G1 X25.199 Y20.701 E.01574
G1 X20.982 Y16.484 E.18771
G1 X20.982 Y17.019 E.01684
G1 X24.41 Y20.447 E.15259
G1 X24.188 Y20.408 E.00709
G1 X23.814 Y20.386 E.01179
G1 X20.97 Y17.542 E.1266
G1 X20.846 Y17.954 E.01354
G1 X23.284 Y20.392 E.10852
G1 X22.811 Y20.454 E.01502
G1 X20.619 Y18.262 E.09757
G1 X20.307 Y18.486 E.01209
G1 X22.402 Y20.581 E.09326
G1 X22.005 Y20.718 E.01322
G1 X19.895 Y18.609 E.0939
G1 X19.374 Y18.623 E.0164
G1 X21.665 Y20.914 E.10198
G1 X21.329 Y21.114 E.01231
G1 X18.838 Y18.623 E.11088
G1 X18.482 Y18.623 E.01121
G1 X18.482 Y18.802 E.00563
G1 X21.043 Y21.362 E.11398
G1 X20.765 Y21.621 E.01196
G1 X18.482 Y19.337 E.10165
G1 X18.482 Y19.873 E.01687
G1 X20.527 Y21.917 E.09101
G1 X20.304 Y22.23 E.0121
G1 X18.482 Y20.408 E.0811
G1 X18.482 Y20.943 E.01684
G1 X20.121 Y22.582 E.07296
G1 X19.957 Y22.953 E.01277
G1 X18.482 Y21.479 E.06564
G1 X18.482 Y22.014 E.01684
G1 X19.84 Y23.372 E.06045
G1 X19.754 Y23.821 E.01439
G1 X18.482 Y22.549 E.05662
G1 X18.482 Y23.085 E.01687
G1 X19.73 Y24.332 E.05553
G1 X19.797 Y24.934 E.01907
G1 X18.313 Y23.45 E.06606
G1 E-3.5 F3600
;WIPE_START
G1 F7200
G1 X19.797 Y24.934 E-.99688
G1 X19.73 Y24.332 E-.28772
G1 X19.409 Y24.011 E-.2154
;WIPE_END
G1 X27.198 Y23.235 F9000
G1 E5 F2400
G1 F1200
G1 X37.633 Y33.67 E.4645
G1 X37.133 Y33.705 E.01578
G1 X27.52 Y24.093 E.42789
G1 X27.529 Y24.359 E.00838
G1 X27.502 Y24.61 E.00795
G1 X36.696 Y33.804 E.40926
G1 X36.282 Y33.925 E.01358
G1 X27.442 Y25.085 E.3935
G1 X27.318 Y25.497 E.01354
G1 X35.928 Y34.106 E.38324
G1 X35.694 Y34.225 E.00826
G1 X35.593 Y34.307 E.00409
G1 X27.175 Y25.889 E.37471
G1 X26.98 Y26.229 E.01234
G1 X35.295 Y34.544 E.37013
G1 X35.088 Y34.71 E.00835
G1 X35.014 Y34.798 E.00362
G1 X26.778 Y26.562 E.36661
G1 X26.534 Y26.853 E.01195
G1 X34.769 Y35.089 E.36659
G1 X34.67 Y35.208 E.00487
G1 X34.556 Y35.411 E.00733
G1 X26.272 Y27.127 E.36875
G1 X26.183 Y27.22 E.00405
G1 X25.976 Y27.366 E.00797
G1 X34.365 Y35.755 E.37342
G1 X34.317 Y35.841 E.0031
G1 X34.221 Y36.146 E.01006
G1 X25.662 Y27.588 E.38097
G1 X25.551 Y27.666 E.00427
G1 X25.311 Y27.772 E.00826
G1 X34.096 Y36.557 E.39105
G1 X34.046 Y37.042 E.01535
G1 X24.94 Y27.936 E.40534
G1 X24.843 Y27.979 E.00334
G1 X24.522 Y28.054 E.01038
G1 X34.055 Y37.587 E.42435
G1 X34.097 Y37.996 E.01294
G1 X34.174 Y38.241 E.00808
G1 X24.074 Y28.142 E.44956
G1 X23.56 Y28.162 E.01619
G1 X55.311 Y59.914 E1.41337
G1 X54.776 Y59.914 E.01684
G1 X22.756 Y27.893 E1.42535
G1 E-3.5 F3600
;WIPE_START
G1 F7200
G1 X24.989 Y30.126 E-1.5
;WIPE_END
G1 X18.313 Y23.986 F9000
G1 E5 F2400
G1 F1200
G1 X19.997 Y25.67 E.07496
G1 X20.166 Y26.066 E.01355
G1 X20.449 Y26.528 E.01705
G1 X20.591 Y26.716 E.00742
G1 X20.96 Y27.114 E.01708
G1 X21.161 Y27.287 E.00835
G1 X21.719 Y27.667 E.02125
G1 X21.953 Y27.791 E.00834
G1 X22.225 Y27.898 E.0092
G1 X54.24 Y59.914 E1.42512
G1 X53.705 Y59.914 E.01684
G1 X18.482 Y24.691 E1.5679
G1 X18.482 Y25.226 E.01684
G1 X53.17 Y59.914 E1.54409
G1 X52.634 Y59.914 E.01687
G1 X18.482 Y25.761 E1.52025
G1 X18.482 Y26.297 E.01687
G1 X52.099 Y59.914 E1.49641
G1 X51.564 Y59.914 E.01684
G1 X18.482 Y26.832 E1.4726
G1 X18.482 Y27.367 E.01684
G1 X51.028 Y59.914 E1.44876
G1 X50.493 Y59.914 E.01684
G1 X18.482 Y27.903 E1.42492
G1 X18.482 Y28.438 E.01684
G1 X49.958 Y59.914 E1.40111
G1 X49.422 Y59.914 E.01687
G1 X18.482 Y28.973 E1.37727
G1 X18.482 Y29.509 E.01687
G1 X48.887 Y59.914 E1.35343
G1 X48.352 Y59.914 E.01684
G1 X18.482 Y30.044 E1.32962
G1 X18.482 Y30.579 E.01684
G1 X47.816 Y59.914 E1.30578
G1 X47.281 Y59.914 E.01684
G1 X18.482 Y31.115 E1.28194
G1 X18.482 Y31.65 E.01684
G1 X46.746 Y59.914 E1.25813
G1 X46.21 Y59.914 E.01687
G1 X18.482 Y32.185 E1.23429
G1 X18.482 Y32.721 E.01687
G1 X45.675 Y59.914 E1.21046
G1 X45.14 Y59.914 E.01684
G1 X18.482 Y33.256 E1.18664
G1 X18.482 Y33.791 E.01684
G1 X44.604 Y59.914 E1.1628
G1 X44.069 Y59.914 E.01684
G1 X18.482 Y34.327 E1.13897
G1 X18.482 Y34.862 E.01684
G1 X43.534 Y59.914 E1.11515
G1 X42.998 Y59.914 E.01687
G1 X18.482 Y35.397 E1.09132
G1 X18.482 Y35.933 E.01687
G1 X42.463 Y59.914 E1.06748
G1 X41.928 Y59.914 E.01684
G1 X18.482 Y36.468 E1.04366
G1 X18.482 Y37.003 E.01684
G1 X41.392 Y59.914 E1.01983
G1 X40.857 Y59.914 E.01684
G1 X18.482 Y37.539 E.99599
G1 X18.482 Y38.074 E.01684
G1 X40.322 Y59.914 E.97218
G1 X39.786 Y59.914 E.01687
G1 X18.482 Y38.609 E.94834
G1 X18.482 Y39.145 E.01687
G1 X39.251 Y59.914 E.9245
G1 X38.716 Y59.914 E.01684
G1 X18.482 Y39.68 E.90069
G1 X18.482 Y40.215 E.01684
G1 X24.838 Y46.571 E.28293
G1 X24.296 Y46.421 E.0177
G1 X24.139 Y46.408 E.00496
G1 X18.482 Y40.751 E.25181
G1 X18.482 Y41.286 E.01684
G1 X23.566 Y46.369 E.22628
G1 X23.076 Y46.415 E.01549
G1 X18.482 Y41.821 E.2045
G1 X18.482 Y42.357 E.01687
G1 X22.625 Y46.5 E.18442
G1 X22.225 Y46.634 E.01328
G1 X18.482 Y42.892 E.16659
G1 X18.482 Y43.427 E.01684
G1 X21.854 Y46.799 E.1501
G1 X21.514 Y46.995 E.01235
G1 X18.482 Y43.963 E.13496
G1 X18.482 Y44.498 E.01684
G1 X21.202 Y47.218 E.12108
G1 X20.918 Y47.469 E.01193
G1 X18.482 Y45.033 E.10843
G1 X18.482 Y45.569 E.01687
G1 X20.658 Y47.744 E.09684
G1 X20.427 Y48.049 E.01204
G1 X18.482 Y46.104 E.08658
G1 X18.482 Y46.639 E.01684
G1 X20.219 Y48.377 E.07734
G1 X20.045 Y48.738 E.01261
G1 X18.482 Y47.175 E.06957
G1 X18.482 Y47.71 E.01684
G1 X19.902 Y49.13 E.06321
G1 X19.793 Y49.557 E.01387
G1 X18.482 Y48.245 E.05838
G1 X18.482 Y48.781 E.01687
G1 X19.743 Y50.042 E.05613
G1 X19.726 Y50.403 E.01138
G1 X19.739 Y50.573 E.00537
G1 X18.482 Y49.316 E.05595
G1 X18.482 Y49.851 E.01684
G1 X20.107 Y51.476 E.07233
G1 E-3.5 F3600
;WIPE_START
G1 F7200
G1 X18.482 Y49.851 E-1.0916
G1 X18.482 Y49.316 E-.25412
G1 X18.712 Y49.546 E-.15428
;WIPE_END
G1 X27.047 Y48.78 F9000
G1 E5 F2400
G1 F1200
G1 X38.18 Y59.914 E.49559
G1 X37.645 Y59.914 E.01684
G1 X27.483 Y49.752 E.45235
G1 X27.529 Y50.178 E.01349
G1 X27.527 Y50.331 E.00482
G1 X37.11 Y59.914 E.42657
G1 X36.574 Y59.914 E.01687
G1 X27.48 Y50.819 E.40483
G1 X27.456 Y51.037 E.0069
G1 X27.389 Y51.263 E.00742
G1 X36.039 Y59.914 E.38506
G1 X35.504 Y59.914 E.01684
G1 X27.265 Y51.675 E.36675
G1 X27.091 Y52.036 E.01261
G1 X34.968 Y59.914 E.35066
G1 X34.433 Y59.914 E.01684
G1 X26.895 Y52.376 E.33554
G1 X26.68 Y52.696 E.01213
G1 X33.898 Y59.914 E.3213
G1 X33.362 Y59.914 E.01687
G1 X26.424 Y52.975 E.30886
G1 X26.153 Y53.24 E.01193
G1 X32.827 Y59.914 E.29708
G1 X32.292 Y59.914 E.01684
G1 X25.845 Y53.467 E.28698
G1 X25.52 Y53.678 E.0122
G1 X31.756 Y59.914 E.27759
G1 X31.221 Y59.914 E.01684
G1 X25.155 Y53.848 E.27002
G1 X24.77 Y53.998 E.01301
G1 X30.686 Y59.914 E.26334
G1 X30.15 Y59.914 E.01687
G1 X24.334 Y54.097 E.25891
G1 X24.172 Y54.134 E.00523
G1 X23.856 Y54.155 E.00997
G1 X29.615 Y59.914 E.25635
G1 X29.08 Y59.914 E.01684
G1 X23.322 Y54.156 E.25631
G1 X22.67 Y54.04 E.02084
G1 X28.544 Y59.914 E.26147
G1 X28.009 Y59.914 E.01684
G1 X21.812 Y53.716 E.27587
G1 X21.161 Y53.287 E.02454
G1 X20.96 Y53.114 E.00835
G1 X20.591 Y52.716 E.01708
G1 X20.449 Y52.528 E.00742
G1 X20.173 Y52.078 E.01662
G1 X18.482 Y50.387 E.07527
G1 X18.482 Y50.922 E.01684
G1 X27.474 Y59.914 E.40027
G1 X26.938 Y59.914 E.01687
G1 X18.482 Y51.458 E.37641
G1 X18.482 Y51.993 E.01684
G1 X26.403 Y59.914 E.35259
G1 X25.868 Y59.914 E.01684
G1 X18.482 Y52.528 E.32878
G1 X18.482 Y53.064 E.01687
G1 X25.332 Y59.914 E.30492
G1 X24.797 Y59.914 E.01684
G1 X18.482 Y53.599 E.2811
G1 X18.482 Y54.134 E.01684
G1 X24.262 Y59.914 E.25729
G1 X23.726 Y59.914 E.01687
G1 X18.482 Y54.67 E.23343
G1 X18.482 Y55.205 E.01684
G1 X23.191 Y59.914 E.20961
G1 X22.656 Y59.914 E.01684
G1 X18.482 Y55.74 E.1858
G1 X18.482 Y56.276 E.01687
G1 X22.12 Y59.914 E.16194
G1 X21.585 Y59.914 E.01684
G1 X18.482 Y56.811 E.13813
G1 X18.482 Y57.346 E.01684
G1 X21.05 Y59.914 E.11431
G1 X20.514 Y59.914 E.01687
G1 X18.482 Y57.882 E.09045
G1 X18.482 Y58.417 E.01684
G1 X19.979 Y59.914 E.06664
G1 X19.444 Y59.914 E.01684
G1 X18.482 Y58.952 E.04282
G1 X18.482 Y59.488 E.01687
G1 X19.078 Y60.083 E.02651
M106 S255
;LAYER_CHANGE
;Z:0.36
;HEIGHT:0.16
;BEFORE_LAYER_CHANGE
G92 E0
;0.36


G1 E-3.5 F3600
;WIPE_START
G1 F7200
G1 X18.482 Y59.488 E-.40003
G1 X18.482 Y58.952 E-.2546
G1 X19.444 Y59.914 E-.64622
G1 X19.863 Y59.914 E-.19915
;WIPE_END
G1 Z.36 F9000
;AFTER_LAYER_CHANGE
;0.36
; stop printing object Bohrlehre-Fusion.stl id:0 copy 0
G1 X19.078 Y64.457
G1 E5 F2400
;TYPE:Skirt/Brim
;WIDTH:0.42
G1 X17.128 Y64.457 E.05003
G1 X15.593 Y64.063 E.04066
G1 X14.437 Y62.979 E.04066
G1 X13.939 Y61.268 E.04572
G1 X13.939 Y17.268 E1.1288
G1 X14.678 Y15.227 E.05569
G1 X17.178 Y12.227 E.10018
G1 X18.463 Y11.3 E.04065
G1 X19.628 Y11.08 E.03042
G1 X55.628 Y11.08 E.92356
G1 X57.163 Y11.473 E.04065
G1 X58.077 Y12.227 E.0304
G1 X60.577 Y15.227 E.10018
G1 X61.316 Y17.268 E.05569
G1 X61.316 Y61.268 E1.1288
G1 X60.923 Y62.803 E.04065
G1 X59.839 Y63.959 E.04066
G1 X58.128 Y64.457 E.04572
G1 X19.138 Y64.457 E1.00027
G1 E-3.5 F3600
;WIPE_START
G1 F7200
G1 X19.078 Y64.457 E-.0285
G1 X17.128 Y64.457 E-.92625
G1 X16.016 Y64.172 E-.54525
;WIPE_END
; printing object Bohrlehre-Fusion.stl id:0 copy 0
G1 X35.865 Y39.998 F9000
G1 E5 F2400
;TYPE:Perimeter
;WIDTH:0.439999
G1 F1800
G1 X35.425 Y39.668 E.01484
G1 X34.993 Y39.184 E.01751
G1 X34.665 Y38.624 E.01751
G1 X34.455 Y38.011 E.01749
G1 X34.376 Y37.496 E.01406
G1 X34.393 Y36.88 E.01663
G1 X34.503 Y36.368 E.01413
G1 X34.601 Y36.061 E.0087
G1 X34.842 Y35.572 E.01471
G1 X35.173 Y35.126 E.01499
G1 X35.646 Y34.682 E.01751
G1 X36.198 Y34.34 E.01752
G1 X36.807 Y34.115 E.01752
G1 X37.448 Y34.015 E.01751
G1 X37.981 Y34.035 E.01439
G1 X38.291 Y34.078 E.00845
G1 X38.774 Y34.216 E.01356
G1 X39.311 Y34.479 E.01614
G1 X39.831 Y34.868 E.01752
G1 X40.263 Y35.352 E.01751
G1 X40.59 Y35.912 E.0175
G1 X40.8 Y36.526 E.01751
G1 X40.884 Y37.161 E.01728
G1 X40.861 Y37.679 E.01399
G1 X40.752 Y38.168 E.01352
G1 X40.654 Y38.475 E.0087
G1 X40.413 Y38.964 E.01471
G1 X40.082 Y39.41 E.01499
G1 X39.609 Y39.854 E.01751
G1 X39.057 Y40.196 E.01752
G1 X38.449 Y40.421 E.01749
G1 X37.808 Y40.521 E.01751
G1 X37.16 Y40.492 E.0175
G1 X36.53 Y40.336 E.01751
G1 X35.944 Y40.057 E.01751
G1 X35.913 Y40.034 E.00104
G1 X36.082 Y39.661 F9000
G1 F1800
G1 X35.678 Y39.351 E.01374
G1 X35.304 Y38.924 E.01532
G1 X35.022 Y38.43 E.01535
G1 X34.843 Y37.891 E.01533
G1 X34.775 Y37.375 E.01404
G1 X34.803 Y36.85 E.01419
G1 X34.927 Y36.347 E.01398
G1 X35.139 Y35.88 E.01384
G1 X35.497 Y35.371 E.01679
G1 X35.915 Y34.986 E.01534
G1 X36.401 Y34.692 E.01533
G1 X36.936 Y34.5 E.01534
G1 X37.498 Y34.418 E.01533
G1 X38.065 Y34.448 E.01532
G1 X38.615 Y34.591 E.01534
G1 X39.126 Y34.84 E.01534
G1 X39.578 Y35.185 E.01534
G1 X39.952 Y35.613 E.01534
G1 X40.234 Y36.106 E.01533
G1 X40.412 Y36.645 E.01532
G1 X40.48 Y37.202 E.01514
G1 X40.448 Y37.712 E.01379
G1 X40.313 Y38.239 E.01468
G1 X40.093 Y38.706 E.01393
G1 X39.759 Y39.166 E.01534
G1 X39.341 Y39.55 E.01532
G1 X38.854 Y39.844 E.01535
G1 X38.32 Y40.036 E.01531
G1 X37.757 Y40.119 E.01536
G1 X37.19 Y40.088 E.01532
G1 X36.64 Y39.945 E.01534
G1 X36.13 Y39.697 E.0153
G1 X36.295 Y39.332 F9000
;TYPE:External perimeter
;WIDTH:0.419999
G1 F1800
G1 X36.277 Y39.323 E.00052
G1 X35.897 Y39.015 E.01255
G1 X35.585 Y38.637 E.01257
G1 X35.354 Y38.206 E.01255
G1 X35.214 Y37.741 E.01246
G1 X35.171 Y37.365 E.00971
G1 X35.199 Y36.883 E.01239
G1 X35.323 Y36.409 E.01257
G1 X35.539 Y35.969 E.01257
G1 X35.844 Y35.577 E.01274
G1 X36.268 Y35.225 E.01414
G1 X36.767 Y34.974 E.01433
G1 X37.099 Y34.866 E.00896
G1 X37.586 Y34.809 E.01258
G1 X38.074 Y34.85 E.01256
G1 X38.544 Y34.986 E.01255
G1 X38.978 Y35.213 E.01257
G1 X39.359 Y35.521 E.01257
G1 X39.67 Y35.899 E.01256
G1 X39.901 Y36.331 E.01257
G1 X40.042 Y36.799 E.01254
G1 X40.087 Y37.276 E.01229
G1 X40.056 Y37.654 E.00973
G1 X39.932 Y38.127 E.01254
G1 X39.716 Y38.567 E.01257
G1 X39.412 Y38.96 E.01275
G1 X39.048 Y39.276 E.01237
G1 X38.512 Y39.554 E.01549
G1 X38.038 Y39.685 E.01262
G1 X37.701 Y39.727 E.00871
G1 X37.198 Y39.69 E.01294
G1 X36.715 Y39.552 E.01289
G1 X36.348 Y39.36 E.01063
G1 E-3.5 F3600
;WIPE_START
G1 F7200
G1 X36.295 Y39.332 E-.02847
G1 X36.277 Y39.323 E-.00956
G1 X35.897 Y39.015 E-.23234
G1 X35.585 Y38.637 E-.23281
G1 X35.354 Y38.206 E-.23228
G1 X35.214 Y37.741 E-.23067
G1 X35.171 Y37.365 E-.17976
G1 X35.199 Y36.883 E-.22934
G1 X35.266 Y36.629 E-.12477
;WIPE_END
G1 X26.349 Y47.985 F9000
G1 E5 F2400
;TYPE:Perimeter
;WIDTH:0.439999
G1 F1800
G1 X26.418 Y48.059 E.00273
G1 X26.789 Y48.636 E.01851
G1 X27.05 Y49.295 E.01913
G1 X27.175 Y49.992 E.01911
G1 X27.159 Y50.7 E.01911
G1 X27.003 Y51.391 E.01912
G1 X26.714 Y52.038 E.01912
G1 X26.302 Y52.614 E.01911
G1 X25.784 Y53.098 E.01913
G1 X25.181 Y53.469 E.0191
G1 X24.516 Y53.713 E.01911
G1 X23.815 Y53.821 E.01914
G1 X23.108 Y53.788 E.0191
G1 X22.437 Y53.619 E.01867
G1 X21.781 Y53.309 E.01958
G1 X21.215 Y52.883 E.01912
G1 X20.745 Y52.353 E.01912
G1 X20.389 Y51.741 E.01911
G1 X20.161 Y51.07 E.01912
G1 X20.071 Y50.367 E.01913
G1 X20.122 Y49.66 E.01913
G1 X20.309 Y48.986 E.01887
G1 X20.552 Y48.478 E.0152
G1 X20.953 Y47.922 E.0185
G1 X21.471 Y47.438 E.01913
G1 X22.075 Y47.067 E.01913
G1 X22.74 Y46.823 E.01911
G1 X23.44 Y46.715 E.01911
G1 X24.148 Y46.748 E.01913
G1 X24.835 Y46.921 E.01912
G1 X25.474 Y47.227 E.01912
G1 X26.034 Y47.647 E.01889
G1 X26.308 Y47.941 E.01084
G1 X26.038 Y48.246 F9000
G1 F1800
G1 X26.135 Y48.351 E.00386
G1 X26.443 Y48.847 E.01576
G1 X26.669 Y49.433 E.01695
G1 X26.774 Y50.052 E.01694
G1 X26.754 Y50.68 E.01696
G1 X26.61 Y51.291 E.01694
G1 X26.348 Y51.862 E.01695
G1 X25.979 Y52.37 E.01694
G1 X25.516 Y52.794 E.01694
G1 X24.978 Y53.118 E.01695
G1 X24.386 Y53.329 E.01696
G1 X23.765 Y53.418 E.01693
G1 X23.138 Y53.383 E.01695
G1 X22.547 Y53.229 E.01648
G1 X21.966 Y52.948 E.01742
G1 X21.468 Y52.566 E.01694
G1 X21.056 Y52.092 E.01695
G1 X20.745 Y51.547 E.01693
G1 X20.549 Y50.95 E.01696
G1 X20.475 Y50.327 E.01693
G1 X20.526 Y49.7 E.01698
G1 X20.697 Y49.105 E.01671
G1 X20.968 Y48.574 E.01609
G1 X21.277 Y48.167 E.01379
G1 X21.74 Y47.742 E.01696
G1 X22.278 Y47.418 E.01695
G1 X22.869 Y47.207 E.01693
G1 X23.491 Y47.118 E.01696
G1 X24.117 Y47.153 E.01692
G1 X24.725 Y47.312 E.01696
G1 X25.289 Y47.588 E.01694
G1 X25.781 Y47.965 E.01673
G1 X25.997 Y48.201 E.00863
G1 X25.735 Y48.5 F9000
;TYPE:External perimeter
;WIDTH:0.419999
G1 F1800
G1 X25.838 Y48.617 E.004
G1 X26.105 Y49.054 E.01314
G1 X26.297 Y49.569 E.0141
G1 X26.382 Y50.111 E.01407
G1 X26.359 Y50.66 E.0141
G1 X26.227 Y51.194 E.01411
G1 X25.992 Y51.69 E.01408
G1 X25.663 Y52.131 E.01412
G1 X25.254 Y52.497 E.01408
G1 X24.78 Y52.775 E.0141
G1 X24.26 Y52.954 E.01411
G1 X23.716 Y53.026 E.01408
G1 X23.167 Y52.989 E.01412
G1 X22.654 Y52.848 E.01365
G1 X22.147 Y52.596 E.01452
G1 X21.715 Y52.257 E.01409
G1 X21.359 Y51.838 E.01411
G1 X21.093 Y51.357 E.0141
G1 X20.927 Y50.834 E.01408
G1 X20.869 Y50.287 E.01411
G1 X20.92 Y49.74 E.01409
G1 X21.075 Y49.221 E.0139
G1 X21.283 Y48.813 E.01175
G1 X21.592 Y48.405 E.01313
G1 X22.002 Y48.039 E.0141
G1 X22.475 Y47.761 E.01408
G1 X22.995 Y47.582 E.01411
G1 X23.54 Y47.51 E.0141
G1 X24.088 Y47.548 E.01409
G1 X24.618 Y47.693 E.0141
G1 X25.109 Y47.94 E.0141
G1 X25.535 Y48.274 E.01389
G1 X25.695 Y48.455 E.0062
G1 E-3.5 F3600
;WIPE_START
G1 F7200
G1 X25.735 Y48.5 E-.0286
G1 X25.838 Y48.617 E-.07404
G1 X26.105 Y49.054 E-.24325
G1 X26.297 Y49.569 E-.26107
G1 X26.382 Y50.111 E-.2606
G1 X26.359 Y50.66 E-.261
G1 X26.227 Y51.194 E-.26128
G1 X26.128 Y51.404 E-.11016
;WIPE_END
G1 X48.091 Y50.092 F9000
G1 E5 F2400
;TYPE:Perimeter
;WIDTH:0.439999
G1 F1800
G1 X48.122 Y49.66 E.01169
G1 X48.309 Y48.986 E.01887
G1 X48.552 Y48.478 E.0152
G1 X48.953 Y47.922 E.0185
G1 X49.432 Y47.473 E.01772
G1 X49.976 Y47.124 E.01744
G1 X50.255 Y46.986 E.0084
G1 X50.74 Y46.823 E.01381
G1 X51.44 Y46.715 E.01911
G1 X51.992 Y46.729 E.0149
G1 X52.496 Y46.818 E.01381
G1 X53.162 Y47.058 E.0191
G1 X53.768 Y47.426 E.01913
G1 X54.288 Y47.906 E.0191
G1 X54.704 Y48.48 E.01913
G1 X55.041 Y49.271 E.0232
G1 X55.175 Y49.992 E.01979
G1 X55.159 Y50.7 E.01911
G1 X55.003 Y51.391 E.01912
G1 X54.714 Y52.038 E.01912
G1 X54.302 Y52.614 E.01911
G1 X53.784 Y53.098 E.01913
G1 X53.181 Y53.469 E.0191
G1 X52.656 Y53.666 E.01513
G1 X52.323 Y53.757 E.00932
G1 X51.815 Y53.821 E.01382
G1 X51.108 Y53.788 E.0191
G1 X50.421 Y53.615 E.01912
G1 X49.781 Y53.309 E.01914
G1 X49.215 Y52.883 E.01912
G1 X48.745 Y52.353 E.01912
G1 X48.389 Y51.741 E.01911
G1 X48.161 Y51.07 E.01912
G1 X48.071 Y50.367 E.01913
G1 X48.087 Y50.151 E.00584
G1 X48.492 Y50.112 F9000
G1 F1800
G1 X48.526 Y49.7 E.01116
G1 X48.697 Y49.105 E.01671
G1 X48.938 Y48.618 E.01466
G1 X49.277 Y48.167 E.01522
G1 X49.7 Y47.777 E.01553
G1 X50.179 Y47.476 E.01527
G1 X50.694 Y47.266 E.01501
G1 X50.983 Y47.181 E.00813
G1 X51.491 Y47.118 E.01381
G1 X51.922 Y47.128 E.01163
G1 X52.425 Y47.217 E.01378
G1 X53.014 Y47.436 E.01696
G1 X53.548 Y47.767 E.01695
G1 X54.005 Y48.197 E.01693
G1 X54.368 Y48.709 E.01694
G1 X54.663 Y49.419 E.02075
G1 X54.774 Y50.052 E.01734
G1 X54.754 Y50.68 E.01696
G1 X54.61 Y51.291 E.01694
G1 X54.348 Y51.862 E.01695
G1 X53.979 Y52.37 E.01694
G1 X53.516 Y52.794 E.01694
G1 X52.978 Y53.118 E.01695
G1 X52.386 Y53.329 E.01696
G1 X51.765 Y53.418 E.01693
G1 X51.138 Y53.383 E.01695
G1 X50.53 Y53.224 E.01696
G1 X49.966 Y52.948 E.01694
G1 X49.468 Y52.566 E.01694
G1 X49.056 Y52.092 E.01695
G1 X48.745 Y51.547 E.01693
G1 X48.549 Y50.95 E.01696
G1 X48.475 Y50.327 E.01693
G1 X48.488 Y50.171 E.00422
G1 X48.883 Y50.131 F9000
;TYPE:External perimeter
;WIDTH:0.419999
G1 F1800
G1 X48.92 Y49.74 E.01008
G1 X49.075 Y49.221 E.0139
G1 X49.324 Y48.759 E.01346
G1 X49.624 Y48.373 E.01254
G1 X50.002 Y48.039 E.01294
G1 X50.475 Y47.761 E.01408
G1 X50.995 Y47.582 E.01411
G1 X51.54 Y47.51 E.0141
G1 X51.853 Y47.518 E.00803
G1 X52.356 Y47.607 E.0131
G1 X52.869 Y47.804 E.0141
G1 X53.333 Y48.099 E.01411
G1 X53.729 Y48.48 E.0141
G1 X54.042 Y48.932 E.0141
G1 X54.295 Y49.564 E.01746
G1 X54.382 Y50.111 E.01421
G1 X54.359 Y50.66 E.0141
G1 X54.227 Y51.194 E.01411
G1 X53.992 Y51.69 E.01408
G1 X53.663 Y52.131 E.01412
G1 X53.254 Y52.497 E.01408
G1 X52.78 Y52.775 E.0141
G1 X52.26 Y52.954 E.01411
G1 X51.716 Y53.026 E.01408
G1 X51.167 Y52.989 E.01412
G1 X50.638 Y52.843 E.01408
G1 X50.147 Y52.596 E.0141
G1 X49.715 Y52.257 E.01409
G1 X49.359 Y51.838 E.01411
G1 X49.093 Y51.357 E.0141
G1 X48.927 Y50.834 E.01408
G1 X48.869 Y50.287 E.01411
G1 X48.878 Y50.191 E.00247
G1 E-3.5 F3600
;WIPE_START
G1 F7200
G1 X48.883 Y50.131 E-.0286
G1 X48.92 Y49.74 E-.18655
G1 X49.075 Y49.221 E-.25728
G1 X49.324 Y48.759 E-.24929
G1 X49.624 Y48.373 E-.23221
G1 X50.002 Y48.039 E-.2396
G1 X50.475 Y47.761 E-.26061
G1 X50.566 Y47.73 E-.04586
;WIPE_END
G1 X51.186 Y27.791 F9000
G1 E5 F2400
;TYPE:Perimeter
;WIDTH:0.439999
G1 F1800
G1 X51.108 Y27.788 E.00211
G1 X50.421 Y27.615 E.01912
G1 X49.781 Y27.309 E.01914
G1 X49.215 Y26.883 E.01912
G1 X48.745 Y26.353 E.01912
G1 X48.389 Y25.741 E.01911
G1 X48.161 Y25.07 E.01912
G1 X48.071 Y24.367 E.01913
G1 X48.122 Y23.66 E.01913
G1 X48.309 Y22.986 E.01887
G1 X48.552 Y22.478 E.0152
G1 X48.953 Y21.922 E.0185
G1 X49.471 Y21.438 E.01913
G1 X50.075 Y21.067 E.01913
G1 X50.74 Y20.823 E.01911
G1 X51.44 Y20.715 E.01911
G1 X51.992 Y20.729 E.0149
G1 X52.496 Y20.818 E.01381
G1 X53.162 Y21.058 E.0191
G1 X53.768 Y21.426 E.01913
G1 X54.288 Y21.906 E.0191
G1 X54.704 Y22.48 E.01913
G1 X55.041 Y23.271 E.0232
G1 X55.175 Y23.992 E.01979
G1 X55.159 Y24.7 E.01911
G1 X55.003 Y25.391 E.01912
G1 X54.714 Y26.038 E.01912
G1 X54.302 Y26.614 E.01911
G1 X53.784 Y27.098 E.01913
G1 X53.181 Y27.469 E.0191
G1 X52.516 Y27.713 E.01911
G1 X51.815 Y27.821 E.01914
G1 X51.246 Y27.794 E.01537
G1 X51.237 Y27.389 F9000
G1 F1800
G1 X51.138 Y27.383 E.00268
G1 X50.53 Y27.224 E.01696
G1 X49.966 Y26.948 E.01694
G1 X49.468 Y26.566 E.01694
G1 X49.056 Y26.092 E.01695
G1 X48.745 Y25.547 E.01693
G1 X48.549 Y24.95 E.01696
G1 X48.475 Y24.327 E.01693
G1 X48.526 Y23.7 E.01698
G1 X48.697 Y23.105 E.01671
G1 X48.968 Y22.574 E.01609
G1 X49.277 Y22.167 E.01379
G1 X49.74 Y21.742 E.01696
G1 X50.278 Y21.418 E.01695
G1 X50.869 Y21.207 E.01693
G1 X51.491 Y21.118 E.01696
G1 X51.922 Y21.128 E.01163
G1 X52.425 Y21.217 E.01378
G1 X53.014 Y21.436 E.01696
G1 X53.548 Y21.767 E.01695
G1 X54.005 Y22.197 E.01693
G1 X54.368 Y22.709 E.01694
G1 X54.663 Y23.419 E.02075
G1 X54.774 Y24.052 E.01734
G1 X54.754 Y24.68 E.01696
G1 X54.61 Y25.291 E.01694
G1 X54.348 Y25.862 E.01695
G1 X53.979 Y26.37 E.01694
G1 X53.516 Y26.794 E.01694
G1 X52.978 Y27.118 E.01695
G1 X52.386 Y27.329 E.01696
G1 X51.765 Y27.418 E.01693
G1 X51.297 Y27.392 E.01265
G1 X51.286 Y26.997 F9000
;TYPE:External perimeter
;WIDTH:0.419999
G1 F1800
G1 X51.167 Y26.989 E.00306
G1 X50.638 Y26.843 E.01408
G1 X50.147 Y26.596 E.0141
G1 X49.715 Y26.257 E.01409
G1 X49.359 Y25.838 E.01411
G1 X49.093 Y25.357 E.0141
G1 X48.927 Y24.834 E.01408
G1 X48.869 Y24.287 E.01411
G1 X48.92 Y23.74 E.01409
G1 X49.075 Y23.221 E.0139
G1 X49.283 Y22.813 E.01175
G1 X49.592 Y22.405 E.01313
G1 X50.002 Y22.039 E.0141
G1 X50.475 Y21.761 E.01408
G1 X50.995 Y21.582 E.01411
G1 X51.54 Y21.51 E.0141
G1 X51.853 Y21.518 E.00803
G1 X52.356 Y21.607 E.0131
G1 X52.869 Y21.804 E.0141
G1 X53.333 Y22.099 E.01411
G1 X53.729 Y22.48 E.0141
G1 X54.042 Y22.932 E.0141
G1 X54.295 Y23.564 E.01746
G1 X54.382 Y24.111 E.01421
G1 X54.359 Y24.66 E.0141
G1 X54.227 Y25.194 E.01411
G1 X53.992 Y25.69 E.01408
G1 X53.663 Y26.131 E.01412
G1 X53.254 Y26.497 E.01408
G1 X52.78 Y26.775 E.0141
G1 X52.26 Y26.954 E.01411
G1 X51.716 Y27.026 E.01408
G1 X51.346 Y27.001 E.00951
G1 E-3.5 F3600
;WIPE_START
G1 F7200
G1 X51.286 Y26.997 E-.02856
G1 X51.167 Y26.989 E-.05665
G1 X50.638 Y26.843 E-.26067
G1 X50.147 Y26.596 E-.26107
G1 X49.715 Y26.257 E-.26084
G1 X49.359 Y25.838 E-.26116
G1 X49.093 Y25.357 E-.26108
G1 X49.023 Y25.136 E-.10997
;WIPE_END
G1 X27.161 Y24.621 F9000
G1 E5 F2400
;TYPE:Perimeter
;WIDTH:0.439999
G1 F1800
G1 X27.159 Y24.7 E.00213
G1 X27.003 Y25.391 E.01912
G1 X26.714 Y26.038 E.01912
G1 X26.302 Y26.614 E.01911
G1 X25.823 Y27.063 E.01772
G1 X25.28 Y27.412 E.01742
G1 X25 Y27.55 E.00842
G1 X24.516 Y27.713 E.01378
G1 X23.815 Y27.821 E.01914
G1 X23.108 Y27.788 E.0191
G1 X22.421 Y27.615 E.01912
G1 X21.781 Y27.309 E.01914
G1 X21.215 Y26.883 E.01912
G1 X20.745 Y26.353 E.01912
G1 X20.389 Y25.741 E.01911
G1 X20.161 Y25.07 E.01912
G1 X20.071 Y24.367 E.01913
G1 X20.122 Y23.66 E.01913
G1 X20.309 Y22.986 E.01887
G1 X20.552 Y22.478 E.0152
G1 X20.953 Y21.922 E.0185
G1 X21.471 Y21.438 E.01913
G1 X22.075 Y21.067 E.01913
G1 X22.74 Y20.823 E.01911
G1 X23.44 Y20.715 E.01911
G1 X24.148 Y20.748 E.01913
G1 X24.835 Y20.921 E.01912
G1 X25.474 Y21.227 E.01912
G1 X26.034 Y21.647 E.01889
G1 X26.418 Y22.059 E.0152
G1 X26.789 Y22.636 E.01851
G1 X27.05 Y23.295 E.01913
G1 X27.175 Y23.992 E.01911
G1 X27.162 Y24.561 E.01536
G1 X26.757 Y24.581 F9000
G1 F1800
G1 X26.754 Y24.68 E.00267
G1 X26.61 Y25.291 E.01694
G1 X26.348 Y25.862 E.01695
G1 X25.979 Y26.37 E.01694
G1 X25.555 Y26.759 E.01553
G1 X25.077 Y27.061 E.01526
G1 X24.561 Y27.27 E.01502
G1 X24.272 Y27.355 E.00813
G1 X23.765 Y27.418 E.01379
G1 X23.138 Y27.383 E.01695
G1 X22.53 Y27.224 E.01696
G1 X21.966 Y26.948 E.01694
G1 X21.468 Y26.566 E.01694
G1 X21.056 Y26.092 E.01695
G1 X20.745 Y25.547 E.01693
G1 X20.549 Y24.95 E.01696
G1 X20.475 Y24.327 E.01693
G1 X20.526 Y23.7 E.01698
G1 X20.697 Y23.105 E.01671
G1 X20.968 Y22.574 E.01609
G1 X21.277 Y22.167 E.01379
G1 X21.74 Y21.742 E.01696
G1 X22.278 Y21.418 E.01695
G1 X22.869 Y21.207 E.01693
G1 X23.491 Y21.118 E.01696
G1 X24.117 Y21.153 E.01692
G1 X24.725 Y21.312 E.01696
G1 X25.289 Y21.588 E.01694
G1 X25.781 Y21.965 E.01673
G1 X26.176 Y22.411 E.01608
G1 X26.443 Y22.847 E.0138
G1 X26.669 Y23.433 E.01695
G1 X26.774 Y24.052 E.01694
G1 X26.759 Y24.521 E.01266
G1 X26.364 Y24.542 F9000
;TYPE:External perimeter
;WIDTH:0.419999
G1 F1800
G1 X26.359 Y24.66 E.00303
G1 X26.227 Y25.194 E.01411
G1 X25.992 Y25.69 E.01408
G1 X25.663 Y26.131 E.01412
G1 X25.254 Y26.497 E.01408
G1 X24.78 Y26.775 E.0141
G1 X24.26 Y26.954 E.01411
G1 X23.716 Y27.026 E.01408
G1 X23.167 Y26.989 E.01412
G1 X22.638 Y26.843 E.01408
G1 X22.147 Y26.596 E.0141
G1 X21.715 Y26.257 E.01409
G1 X21.359 Y25.838 E.01411
G1 X21.093 Y25.357 E.0141
G1 X20.927 Y24.834 E.01408
G1 X20.869 Y24.287 E.01411
G1 X20.92 Y23.74 E.01409
G1 X21.075 Y23.221 E.0139
G1 X21.283 Y22.813 E.01175
G1 X21.592 Y22.405 E.01313
G1 X22.002 Y22.039 E.0141
G1 X22.475 Y21.761 E.01408
G1 X22.995 Y21.582 E.01411
G1 X23.54 Y21.51 E.0141
G1 X24.088 Y21.548 E.01409
G1 X24.618 Y21.693 E.0141
G1 X25.109 Y21.94 E.0141
G1 X25.535 Y22.274 E.01389
G1 X25.838 Y22.617 E.01174
G1 X26.105 Y23.054 E.01314
G1 X26.297 Y23.569 E.0141
G1 X26.382 Y24.111 E.01407
G1 X26.366 Y24.482 E.00953
G1 E-3.5 F3600
;WIPE_START
G1 F7200
G1 X26.364 Y24.542 E-.02852
G1 X26.359 Y24.66 E-.0561
G1 X26.227 Y25.194 E-.26128
G1 X25.992 Y25.69 E-.26071
G1 X25.663 Y26.131 E-.26135
G1 X25.254 Y26.497 E-.2607
G1 X24.78 Y26.775 E-.26102
G1 X24.561 Y26.85 E-.11032
;WIPE_END
G1 X20.343 Y17.988 F9000
G1 E5 F2400
;TYPE:Perimeter
;WIDTH:0.439999
G1 F3600
G1 X20.359 Y17.977 E.00052
G1 X20.563 Y17.667 E.01001
G1 X20.639 Y17.285 E.01051
G1 X20.639 Y15.279 E.05413
G1 X54.616 Y15.279 E.91686
G1 X54.616 Y17.424 E.05788
G1 X54.731 Y17.749 E.0093
G1 X54.967 Y18.043 E.01017
G1 X55.224 Y18.201 E.00814
G1 X55.611 Y18.279 E.01065
G1 X57.116 Y18.279 E.04061
G1 X57.116 Y60.257 E1.13277
G1 X18.139 Y60.257 E1.05179
G1 X18.139 Y18.279 E1.13277
G1 X19.748 Y18.279 E.04342
G1 X20.046 Y18.195 E.00835
G1 X20.294 Y18.022 E.00816
G1 X20.05 Y17.69 F9000
G1 F3600
G1 X20.164 Y17.562 E.00463
G1 X20.233 Y17.285 E.0077
G1 X20.233 Y14.874 E.06506
G1 X55.022 Y14.874 E.93877
G1 X55.022 Y17.371 E.06738
G1 X55.119 Y17.609 E.00694
G1 X55.326 Y17.8 E.0076
G1 X55.611 Y17.874 E.00795
G1 X57.522 Y17.874 E.05157
G1 X57.522 Y60.662 E1.15463
G1 X17.733 Y60.662 E1.0737
G1 X17.733 Y17.874 E1.15463
G1 X19.711 Y17.874 E.05338
G1 X19.978 Y17.77 E.00773
G1 X20.01 Y17.735 E.00128
G1 X19.778 Y17.413 F9000
;TYPE:External perimeter
;WIDTH:0.419999
G1 F1800
G1 X19.838 Y17.285 E.00363
G1 X19.838 Y14.478 E.07201
G1 X55.418 Y14.478 E.91278
G1 X55.418 Y17.285 E.07201
G1 X55.461 Y17.407 E.00332
G1 X55.611 Y17.478 E.00426
G1 X57.918 Y17.478 E.05918
G1 X57.918 Y61.058 E1.11802
G1 X17.338 Y61.058 E1.04106
G1 X17.338 Y17.478 E1.11802
G1 X19.645 Y17.478 E.05918
G1 X19.733 Y17.446 E.0024
G1 E-3.5 F3600
;WIPE_START
G1 F7200
G1 X19.778 Y17.413 E-.02651
G1 X19.838 Y17.285 E-.06715
G1 X19.838 Y14.478 E-1.33333
G1 X19.992 Y14.478 E-.07301
;WIPE_END
G1 X21.061 Y15.625 F9000
G1 E5 F2400
;TYPE:Solid infill
;WIDTH:0.538422
G1 F3600
G1 X21.017 Y15.58 E.00211
G1 X20.956 Y15.596 E.00211
G1 X20.94 Y15.657 E.00211
G1 X20.984 Y15.702 E.00211
G1 X21.045 Y15.686 E.00211
;WIDTH:0.439999
G1 X21.693 Y15.592 E.01767
G1 X20.951 Y16.333 E.0283
G1 X20.951 Y16.907 E.01549
G1 X22.267 Y15.592 E.0502
G1 X22.84 Y15.592 E.01546
G1 X20.931 Y17.501 E.07285
G1 X20.843 Y17.645 E.00455
;WIDTH:0.407168
G1 X20.755 Y17.788 E.00416
;WIDTH:0.374336
G1 X20.503 Y18.101 E.00909
G1 X20.148 Y18.392 E.01038
G1 X18.589 Y18.644 F9000
;WIDTH:0.582408
G1 F3600
G1 X18.54 Y18.595 E.00253
G1 X18.474 Y18.613 E.00249
G1 X18.456 Y18.679 E.00249
G1 X18.505 Y18.728 E.00253
G1 X18.571 Y18.71 E.00249
;WIDTH:0.439999
G1 X18.451 Y19.407 E.01909
G1 X19.274 Y18.585 E.03139
G1 X19.861 Y18.571 E.01584
G1 X18.451 Y19.981 E.05381
G1 X18.412 Y20.119 E.00387
;WIDTH:0.407168
G1 X18.374 Y20.257 E.00355
;WIDTH:0.374336
G1 X18.303 Y20.238 E.00166
G1 X18.322 Y20.309 E.00166
G1 X18.363 Y20.298 E.00096
;WIDTH:0.439999
G1 X18.451 Y20.555 E.00733
G1 X23.414 Y15.592 E.1894
G1 X23.988 Y15.592 E.01549
G1 X18.451 Y21.128 E.21129
G1 X18.451 Y21.702 E.01549
G1 X24.562 Y15.592 E.23319
G1 X25.135 Y15.592 E.01546
G1 X18.451 Y22.276 E.25508
G1 X18.451 Y22.849 E.01546
G1 X25.709 Y15.592 E.27696
G1 X26.283 Y15.592 E.01549
G1 X18.451 Y23.423 E.29887
G1 X18.412 Y23.561 E.00387
;WIDTH:0.407168
G1 X18.374 Y23.699 E.00355
;WIDTH:0.374336
G1 X18.303 Y23.68 E.00166
G1 X18.322 Y23.751 E.00166
G1 X18.363 Y23.74 E.00096
G1 E-3.5
;WIPE_START
G1 F7200
G1 X18.322 Y23.751 E-.02016
G1 X18.303 Y23.68 E-.03491
G1 X18.374 Y23.699 E-.03491
G1 X18.412 Y23.561 E-.06799
G1 X18.451 Y23.423 E-.06812
G1 X20.347 Y21.527 E-1.27391
;WIPE_END
G1 X20.948 Y21.661 F9000
G1 E5 F2400
G1 F3600
G1 X20.778 Y21.49 E.00545
;WIDTH:0.407168
G1 X20.921 Y21.437 E.00378
;WIDTH:0.439999
G1 X21.064 Y21.384 E.00412
G1 X26.856 Y15.592 E.22104
G1 X27.43 Y15.592 E.01549
G1 X22.412 Y20.61 E.1915
G1 X22.268 Y20.699 E.00457
;WIDTH:0.407168
G1 X22.125 Y20.788 E.00418
;WIDTH:0.374336
G1 X22.281 Y20.808 E.00356
G1 X22.398 Y20.775 E.00275
G1 X23.156 Y20.439 F9000
;WIDTH:0.439999
G1 F3600
G1 X28.004 Y15.592 E.18499
G1 X28.577 Y15.592 E.01546
G1 X23.755 Y20.414 E.18402
G1 X24.286 Y20.457 E.01438
G1 X29.151 Y15.592 E.18566
G1 X29.725 Y15.592 E.01549
G1 X24.745 Y20.572 E.19005
G1 X25.17 Y20.72 E.01214
G1 X30.299 Y15.592 E.19572
G1 X30.872 Y15.592 E.01546
G1 X25.549 Y20.915 E.20314
G1 X25.898 Y21.14 E.01121
G1 X31.446 Y15.592 E.21172
G1 X32.02 Y15.592 E.01549
G1 X26.217 Y21.394 E.22144
G1 X26.498 Y21.687 E.01095
G1 X32.593 Y15.592 E.2326
G1 X33.167 Y15.592 E.01549
G1 X26.761 Y21.998 E.24447
G1 X26.978 Y22.354 E.01125
G1 X33.741 Y15.592 E.25807
G1 X34.314 Y15.592 E.01546
G1 X27.172 Y22.734 E.27256
G1 X27.325 Y23.155 E.01209
G1 X34.888 Y15.592 E.28862
G1 X35.462 Y15.592 E.01549
G1 X27.429 Y23.624 E.30654
G1 X27.348 Y24.308 E.01859
;WIDTH:0.374336
G1 X27.307 Y24.319 E.00096
G1 X27.288 Y24.248 E.00166
G1 X27.359 Y24.267 E.00166
;WIDTH:0.407168
G1 X27.427 Y24.2 E.00237
;WIDTH:0.439999
G1 X36.035 Y15.592 E.3285
G1 X36.609 Y15.592 E.01549
G1 X27.463 Y24.737 E.34901
G1 X27.139 Y25.794 F9000
;WIDTH:0.374336
G1 F3600
G1 X27.098 Y25.805 E.00096
G1 X27.079 Y25.734 E.00166
G1 X27.15 Y25.753 E.00166
;WIDTH:0.407168
G1 X27.224 Y25.615 E.00388
;WIDTH:0.439999
G1 X27.297 Y25.477 E.00421
G1 X37.183 Y15.592 E.37725
G1 X37.757 Y15.592 E.01549
G1 X26.538 Y26.81 E.42812
G1 E-3.5
;WIPE_START
G1 F7200
G1 X28.771 Y24.577 E-1.5
;WIPE_END
G1 X20.671 Y21.777 F9000
G1 E5 F2400
G1 F3600
G1 X18.451 Y23.997 E.08472
G1 X18.451 Y24.57 E.01546
G1 X19.958 Y23.063 E.05751
G1 X20.064 Y22.935 E.00448
;WIDTH:0.407168
G1 X20.169 Y22.807 E.00411
;WIDTH:0.374336
G1 X20.128 Y22.818 E.00096
G1 X20.109 Y22.746 E.00168
G1 X20.18 Y22.766 E.00167
G1 X19.796 Y23.8 F9000
;WIDTH:0.439999
G1 F3600
G1 X19.755 Y24.287 E.01319
G1 X19.83 Y25.023 E.01996
G1 X20.025 Y25.678 E.01844
G1 X20.376 Y26.363 E.02077
G1 X20.827 Y26.937 E.0197
G1 X21.049 Y27.136 E.00805
G1 X18.451 Y29.734 E.09915
G1 X18.451 Y25.001 E.12772
G1 X18.595 Y25.001 E.00389
G1 X19.653 Y23.943 E.04038
G1 X19.395 Y24.774 F9000
G1 F3600
G1 X19.419 Y25.024 E.00678
G1 X19.663 Y25.861 E.02353
G1 X20.057 Y26.614 E.02293
G1 X20.471 Y27.14 E.01806
G1 X18.857 Y28.754 E.06159
G1 X18.857 Y25.868 E.07788
G1 X18.882 Y25.288 E.01567
G1 X19.251 Y24.918 E.0141
G1 X19.304 Y26.142 F9000
;WIDTH:0.522704
G1 F3600
G1 X19.593 Y26.714 E.02082
G1 X19.874 Y27.105 E.01564
G1 X19.304 Y27.675 E.02619
G1 X19.304 Y26.344 E.04324
G1 E-3.5
;WIPE_START
G1 F7200
G1 X19.304 Y27.675 E-.63222
G1 X19.874 Y27.105 E-.3829
G1 X19.593 Y26.714 E-.22871
G1 X19.35 Y26.232 E-.25617
;WIPE_END
G1 X21.36 Y27.398 F9000
G1 E5 F2400
;WIDTH:0.439999
G1 F3600
G1 X18.385 Y30.38 E.11367
;WIDTH:0.407168
G1 X18.319 Y30.452 E.00242
;WIDTH:0.374336
G1 X18.248 Y30.433 E.00166
G1 X18.267 Y30.504 E.00166
G1 X18.308 Y30.493 E.00096
;WIDTH:0.439999
G1 X18.451 Y30.881 E.01116
G1 X21.709 Y27.623 E.12433
G1 X22.088 Y27.818 E.0115
G1 X18.451 Y31.455 E.1388
G1 X18.451 Y32.028 E.01546
G1 X22.514 Y27.966 E.15503
G1 X22.973 Y28.08 E.01276
G1 X18.451 Y32.602 E.17257
G1 X18.451 Y33.176 E.01549
G1 X23.501 Y28.126 E.19272
G1 X24.108 Y28.093 E.0164
G1 X18.451 Y33.75 E.21588
G1 X18.451 Y34.323 E.01546
G1 X24.85 Y27.924 E.2442
G1 X24.994 Y27.835 E.00457
;WIDTH:0.407168
G1 X25.137 Y27.746 E.00418
;WIDTH:0.374336
G1 X25.049 Y27.726 E.00204
G1 X24.865 Y27.758 E.00422
G1 X26.274 Y27.075 F9000
;WIDTH:0.439999
G1 F3600
G1 X18.451 Y34.897 E.29852
G1 X18.412 Y35.035 E.00387
;WIDTH:0.407168
G1 X18.374 Y35.173 E.00355
;WIDTH:0.374336
G1 X18.303 Y35.154 E.00166
G1 X18.322 Y35.225 E.00166
G1 X18.363 Y35.214 E.00096
;WIDTH:0.439999
G1 X18.451 Y35.471 E.00733
G1 X38.33 Y15.592 E.75863
G1 X38.904 Y15.592 E.01549
G1 X18.451 Y36.044 E.78051
G1 X18.451 Y36.618 E.01549
G1 X39.478 Y15.592 E.80242
G1 X40.051 Y15.592 E.01546
G1 X18.451 Y37.192 E.82431
G1 X18.451 Y37.765 E.01546
G1 X40.625 Y15.592 E.84619
G1 X41.199 Y15.592 E.01549
G1 X18.451 Y38.339 E.8681
G1 X18.451 Y38.913 E.01549
G1 X41.772 Y15.592 E.88998
G1 X42.346 Y15.592 E.01549
G1 X18.451 Y39.486 E.91187
G1 X18.451 Y40.06 E.01549
G1 X42.92 Y15.592 E.93377
G1 X43.493 Y15.592 E.01546
G1 X18.451 Y40.634 E.95566
G1 X18.451 Y41.208 E.01549
G1 X44.067 Y15.592 E.97757
G1 X44.641 Y15.592 E.01549
G1 X18.451 Y41.781 E.99945
G1 X18.451 Y42.355 E.01549
G1 X45.215 Y15.592 E1.02136
G1 X45.788 Y15.592 E.01546
G1 X18.451 Y42.929 E1.04324
G1 X18.451 Y43.502 E.01546
G1 X46.362 Y15.592 E1.06513
G1 X46.936 Y15.592 E.01549
G1 X18.451 Y44.076 E1.08703
G1 X18.451 Y44.65 E.01549
G1 X47.509 Y15.592 E1.10892
G1 X48.083 Y15.592 E.01549
G1 X18.451 Y45.223 E1.13081
G1 X18.451 Y45.797 E.01549
G1 X48.657 Y15.592 E1.15271
G1 X49.23 Y15.592 E.01546
G1 X18.451 Y46.371 E1.1746
G1 X18.451 Y46.944 E.01546
G1 X49.804 Y15.592 E1.19648
G1 X50.378 Y15.592 E.01549
G1 X18.451 Y47.518 E1.21839
G1 X18.451 Y48.092 E.01549
G1 X50.952 Y15.592 E1.24029
G1 X51.525 Y15.592 E.01546
G1 X18.451 Y48.666 E1.26218
G1 X18.451 Y49.239 E.01546
G1 X52.099 Y15.592 E1.28407
G1 X52.673 Y15.592 E.01549
G1 X18.451 Y49.813 E1.30597
G1 X18.412 Y49.951 E.00387
;WIDTH:0.407168
G1 X18.374 Y50.089 E.00355
;WIDTH:0.374336
G1 X18.303 Y50.07 E.00166
G1 X18.322 Y50.141 E.00166
G1 X18.363 Y50.13 E.00096
G1 E-3.5
;WIPE_START
G1 F7200
G1 X18.322 Y50.141 E-.02016
G1 X18.303 Y50.07 E-.03491
G1 X18.374 Y50.089 E-.03491
G1 X18.412 Y49.951 E-.06799
G1 X18.451 Y49.813 E-.06812
G1 X20.347 Y47.917 E-1.27391
;WIPE_END
G1 X20.263 Y48.496 F9000
G1 E5 F2400
G1 F3600
G1 X20.487 Y48.198 E.00843
G1 X20.983 Y47.648 E.01675
G1 X21.857 Y46.903 E.02597
;WIDTH:0.407168
G1 X22 Y46.799 E.00439
;WIDTH:0.439999
G1 X22.144 Y46.694 E.00481
G1 X53.246 Y15.592 E1.18692
G1 X53.82 Y15.592 E.01549
G1 X22.95 Y46.462 E1.17807
G1 X22.828 Y46.538 E.00388
;WIDTH:0.407168
G1 X22.707 Y46.615 E.00356
;WIDTH:0.374336
G1 X22.636 Y46.596 E.00166
G1 X22.655 Y46.667 E.00166
G1 X22.696 Y46.656 E.00096
G1 E-3.5
;WIPE_START
G1 F7200
G1 X22.655 Y46.667 E-.02016
G1 X22.636 Y46.596 E-.03491
G1 X22.707 Y46.615 E-.03491
G1 X22.828 Y46.538 E-.06813
G1 X22.95 Y46.462 E-.06827
G1 X24.846 Y44.566 E-1.27362
;WIPE_END
G1 X20.055 Y48.783 F9000
G1 E5 F2400
;WIDTH:0.439999
G1 F3600
G1 X18.451 Y50.387 E.06121
G1 X18.451 Y50.96 E.01546
G1 X19.818 Y49.594 E.05215
G1 X19.912 Y49.465 E.00431
;WIDTH:0.407168
G1 X20.006 Y49.337 E.00394
;WIDTH:0.374336
G1 X19.965 Y49.348 E.00096
G1 X19.946 Y49.277 E.00166
G1 X20.017 Y49.296 E.00166
G1 X19.742 Y50.243 F9000
;WIDTH:0.439999
G1 F3600
G1 X19.83 Y51.023 E.02118
G1 X20.025 Y51.678 E.01844
G1 X20.354 Y52.329 E.01968
G1 X20.855 Y52.966 E.02187
G1 X21.263 Y53.312 E.01444
G1 X18.451 Y56.124 E.10731
G1 X18.451 Y51.391 E.12772
G1 X18.595 Y51.391 E.00389
G1 X19.599 Y50.387 E.03831
G1 X19.44 Y51.137 E.02069
G1 X19.663 Y51.861 E.02044
G1 X19.992 Y52.512 E.01968
G1 X20.223 Y52.825 E.0105
G1 X20.665 Y53.337 E.01825
G1 X18.857 Y55.144 E.06898
G1 X18.857 Y51.737 E.09194
G1 X18.971 Y51.588 E.00506
G1 X19.294 Y51.277 E.0121
G1 X19.341 Y52.296 F9000
;WIDTH:0.596258
G1 F3600
G1 X19.677 Y52.914 E.02629
G1 X19.997 Y53.32 E.01932
G1 X19.341 Y53.976 E.03468
G1 X19.341 Y52.499 E.05521
G1 E-3.5
;WIPE_START
G1 F7200
G1 X19.341 Y53.976 E-.70157
G1 X19.997 Y53.32 E-.44067
G1 X19.677 Y52.914 E-.24555
G1 X19.564 Y52.706 E-.11221
;WIPE_END
G1 X21.591 Y53.557 F9000
G1 E5 F2400
;WIDTH:0.439999
G1 F3600
G1 X18.451 Y56.697 E.11983
G1 X18.451 Y57.271 E.01549
G1 X21.967 Y53.755 E.13418
G1 X22.371 Y53.925 E.01183
G1 X18.451 Y57.845 E.1496
G1 X18.451 Y58.418 E.01546
G1 X22.818 Y54.051 E.16665
G1 X23.327 Y54.116 E.01385
G1 X18.451 Y58.992 E.18608
G1 X18.451 Y59.566 E.01549
G1 X23.899 Y54.118 E.20791
G1 X24.66 Y53.825 F9000
;WIDTH:0.374336
G1 F3600
G1 X24.865 Y53.835 E.00464
;WIDTH:0.407168
G1 X24.723 Y53.922 E.00413
;WIDTH:0.439999
G1 X24.581 Y54.009 E.00449
G1 X18.646 Y59.944 E.22649
G1 X18.522 Y59.986 E.00353
;WIDTH:0.407168
G1 X18.398 Y60.028 E.00325
;WIDTH:0.374336
G1 X18.326 Y60.009 E.00168
G1 X18.346 Y60.08 E.00167
G1 X18.387 Y60.069 E.00096
;WIDTH:0.439999
G1 X19.094 Y60.148 E.0192
;WIDTH:0.374336
G1 X19.053 Y60.159 E.00096
G1 X19.034 Y60.087 E.00168
G1 X19.105 Y60.107 E.00167
;WIDTH:0.407168
G1 X19.163 Y60.025 E.00249
;WIDTH:0.439999
G1 X19.22 Y59.944 E.00267
G1 X25.545 Y53.619 E.24138
G1 E-3.5
;WIPE_START
G1 F7200
G1 X23.312 Y55.852 E-1.5
;WIPE_END
G1 X35.727 Y34.259 F9000
G1 E5 F2400
G1 F3600
G1 X54.384 Y15.587 E.71228
;WIDTH:0.407168
G1 X54.464 Y15.492 E.00308
;WIDTH:0.374336
G1 X54.423 Y15.503 E.00096
G1 X54.404 Y15.432 E.00166
G1 X54.475 Y15.451 E.00166
G1 X54.304 Y16.255 F9000
;WIDTH:0.439999
G1 F3600
G1 X49.549 Y21.01 E.18146
G1 X49.263 Y21.257 E.0102
;WIDTH:0.38888
G1 X48.607 Y21.916 E.02193
;WIDTH:0.41444
G1 X48.481 Y22.06 E.00484
;WIDTH:0.439999
G1 X48.356 Y22.203 E.00513
G1 X36.744 Y33.815 E.44314
G1 X36.601 Y33.903 E.00453
;WIDTH:0.407168
G1 X36.458 Y33.991 E.00416
;WIDTH:0.374336
G1 X36.675 Y33.998 E.00491
;WIDTH:0.439999
G1 X37.422 Y33.711 E.02159
G1 X47.914 Y23.218 E.40042
G1 X48.007 Y23.175 E.00276
;WIDTH:0.407168
G1 X48.099 Y23.132 E.00252
;WIDTH:0.374336
G1 X48.085 Y22.932 E.00453
G1 X47.791 Y23.915 F9000
;WIDTH:0.439999
G1 F3600
G1 X37.979 Y33.727 E.37445
G1 X38.47 Y33.811 E.01344
G1 X47.774 Y24.506 E.35508
G1 X47.829 Y25.025 E.01408
G1 X38.916 Y33.938 E.34014
G1 X39.298 Y34.129 E.01152
G1 X47.962 Y25.466 E.33062
G1 X48.119 Y25.883 E.01202
G1 X39.662 Y34.339 E.32272
G1 X39.978 Y34.597 E.01101
G1 X48.319 Y26.256 E.31831
G1 X48.553 Y26.596 E.01114
G1 X40.27 Y34.879 E.3161
G1 X40.531 Y35.191 E.01098
G1 X48.815 Y26.907 E.31614
G1 X49.106 Y27.19 E.01095
G1 X40.743 Y35.553 E.31915
G1 X40.936 Y35.934 E.01153
G1 X49.428 Y27.442 E.32407
G1 X49.786 Y27.657 E.01127
G1 X41.073 Y36.37 E.33251
G1 X41.161 Y36.856 E.01333
G1 X50.167 Y27.85 E.34369
G1 X50.606 Y27.985 E.01239
G1 X41.189 Y37.401 E.35936
G1 X40.933 Y38.355 F9000
;WIDTH:0.374336
G1 F3600
G1 X40.906 Y38.258 E.00228
;WIDTH:0.407168
G1 X41.002 Y38.163 E.00335
;WIDTH:0.439999
G1 X51.071 Y28.093 E.38428
G1 X52.84 Y27.764 F9000
;WIDTH:0.374336
G1 F3600
G1 X53.221 Y27.665 E.0089
G1 X53.295 Y27.676 E.00169
G1 X53.717 Y27.362 E.0119
G1 E-3.5
;WIPE_START
G1 F7200
G1 X53.295 Y27.676 E-.24985
G1 X53.221 Y27.665 E-.03554
G1 X52.84 Y27.764 E-.18698
;WIPE_END
G1 E-1.02763 F3600
G1 X50.585 Y20.714 F9000
G1 E5 F2400
G1 F3600
G1 X50.456 Y20.746 E.00301
G1 X50.304 Y20.724 E.00347
;WIDTH:0.407168
G1 X50.447 Y20.634 E.00419
;WIDTH:0.439999
G1 X50.589 Y20.544 E.00454
G1 X54.304 Y16.829 E.14177
G1 X54.406 Y16.772 E.00315
;WIDTH:0.407168
G1 X54.507 Y16.715 E.00288
;WIDTH:0.374336
G1 X54.466 Y16.726 E.00096
G1 X54.447 Y16.655 E.00166
G1 X54.518 Y16.674 E.00166
;WIDTH:0.439999
G1 X54.314 Y17.393 E.02017
G1 X51.287 Y20.42 E.11552
G1 X51.873 Y20.408 E.01582
G1 X54.434 Y17.846 E.09775
G1 X54.672 Y18.181 E.01109
G1 X52.371 Y20.483 E.08783
G1 E-3.5
;WIPE_START
G1 F7200
G1 X54.604 Y18.25 E-1.5
;WIPE_END
G1 X55.417 Y18.549 F9000
G1 E5 F2400
G1 F3600
G1 X55.08 Y18.477 E.0093
G1 X54.998 Y18.43 E.00255
G1 X52.829 Y20.599 E.08277
G1 X53.376 Y20.813 E.01585
G1 X54.101 Y21.292 E.02345
G1 X54.655 Y21.859 E.02139
G1 X55.083 Y22.534 E.02157
G1 X55.398 Y23.406 E.02502
G1 X55.496 Y24.117 E.01937
G1 X55.455 Y24.856 E.01997
G1 X55.238 Y25.648 E.02216
G1 X56.661 Y24.225 E.0543
G1 X56.804 Y24.225 E.00386
G1 X56.804 Y18.592 E.15201
G1 X55.616 Y18.592 E.03206
G1 X55.616 Y18.997 E.01093
G1 X56.398 Y18.997 E.0211
G1 X56.398 Y22.281 E.08862
;WIDTH:0.48612
G1 X56.375 Y22.819 E.01618
;WIDTH:0.532241
G1 X56.351 Y23.916 E.03634
;WIDTH:0.503118
G1 X55.924 Y24.343 E.01883
G1 X55.93 Y24.06 E.00883
;WIDTH:0.532241
G1 X55.856 Y23.389 E.02236
G1 X55.808 Y23.261 E.00453
;WIDTH:0.498343
G1 X55.618 Y22.79 E.01568
;WIDTH:0.469171
G1 X55.427 Y22.318 E.01473
;WIDTH:0.439999
G1 X54.947 Y21.577 E.02382
G1 X54.326 Y20.954 E.02374
G1 X53.552 Y20.45 E.02492
G1 X55.096 Y18.905 E.05894
G1 X55.416 Y18.962 E.00877
G1 X55.229 Y19.346 E.01153
G1 X55.491 Y19.395 E.00719
G1 X55.993 Y19.403 E.01355
G1 X55.993 Y22.655 E.08775
G1 X55.771 Y22.103 E.01606
G1 X55.239 Y21.296 E.02608
G1 X54.718 Y20.756 E.02025
G1 X54.196 Y20.379 E.01738
G1 X55.086 Y19.489 E.03396
G1 X55.346 Y19.877 E.0126
;WIDTH:0.546152
G1 X54.905 Y20.318 E.02123
G1 X55.534 Y20.941 E.03014
G1 X55.534 Y19.857 E.03691
G1 E-3.5
;WIPE_START
G1 F7200
G1 X55.534 Y20.941 E-.5149
G1 X54.905 Y20.318 E-.42052
G1 X55.346 Y19.877 E-.29624
G1 X55.086 Y19.489 E-.22185
G1 X55.017 Y19.558 E-.04649
;WIPE_END
G1 X35.44 Y34.503 F9000
G1 E5 F2400
;WIDTH:0.387098
G1 F3600
G1 X34.823 Y35.125 E.02056
;WIDTH:0.413549
G1 X34.698 Y35.269 E.00481
;WIDTH:0.439999
G1 X34.573 Y35.412 E.00513
G1 X23.585 Y46.4 E.41933
G1 X23.464 Y46.463 E.00368
;WIDTH:0.407168
G1 X23.343 Y46.526 E.00338
;WIDTH:0.374336
G1 X23.272 Y46.507 E.00166
G1 X23.291 Y46.578 E.00166
G1 X23.332 Y46.567 E.00096
;WIDTH:0.439999
G1 X24.122 Y46.437 E.0216
G1 X34.186 Y36.374 E.38405
G1 X34.282 Y36.245 E.00434
;WIDTH:0.407168
G1 X34.378 Y36.117 E.00397
;WIDTH:0.374336
G1 X34.337 Y36.128 E.00096
G1 X34.318 Y36.057 E.00166
G1 X34.389 Y36.076 E.00166
G1 X34.075 Y37.057 F9000
;WIDTH:0.439999
G1 F3600
G1 X24.597 Y46.536 E.36172
G1 X25.043 Y46.663 E.01251
G1 X34.082 Y37.624 E.34495
G1 X34.166 Y38.114 E.01342
G1 X25.424 Y46.856 E.33361
G1 X25.79 Y47.064 E.01136
G1 X34.303 Y38.55 E.32489
G1 X34.488 Y38.939 E.01162
G1 X26.112 Y47.316 E.31967
G1 X26.412 Y47.59 E.01096
G1 X34.693 Y39.308 E.31604
G1 X34.956 Y39.619 E.01099
G1 X26.681 Y47.894 E.31579
G1 X26.907 Y48.241 E.01117
G1 X35.238 Y39.911 E.31791
G1 X35.556 Y40.167 E.01102
G1 X27.123 Y48.6 E.32182
G1 X27.276 Y49.02 E.01206
G1 X35.912 Y40.384 E.32957
G1 X36.289 Y40.581 E.01148
G1 X27.406 Y49.464 E.339
G1 X27.479 Y49.964 E.01364
G1 X36.733 Y40.711 E.35313
G1 X37.214 Y40.803 E.01321
G1 X27.475 Y50.542 E.37166
G1 X27.361 Y51.23 E.01882
G1 X37.844 Y40.757 E.39986
;WIDTH:0.407168
G1 X37.93 Y40.68 E.00286
;WIDTH:0.374336
G1 X37.889 Y40.691 E.00096
G1 X37.87 Y40.62 E.00166
G1 X37.941 Y40.639 E.00166
;WIDTH:0.439999
G1 X38.738 Y40.565 E.0216
;WIDTH:0.374336
G1 X38.667 Y40.546 E.00166
G1 X38.686 Y40.617 E.00166
G1 X38.727 Y40.606 E.00096
;WIDTH:0.407168
G1 X38.57 Y40.679 E.00429
;WIDTH:0.439999
G1 X38.413 Y40.752 E.00467
G1 X26.987 Y52.177 E.43602
G1 X26.869 Y52.321 E.00502
;WIDTH:0.407168
G1 X26.751 Y52.464 E.0046
;WIDTH:0.374336
G1 X26.323 Y52.943 E.01453
G1 X25.832 Y53.39 E.01502
G1 E-3.5
;WIPE_START
G1 F7200
G1 X26.323 Y52.943 E-.3154
G1 X26.751 Y52.464 E-.30512
G1 X26.869 Y52.321 E-.08806
G1 X26.987 Y52.177 E-.08843
G1 X28.034 Y51.131 E-.70299
;WIPE_END
G1 X19.537 Y60.093 F9000
G1 E5 F2400
G1 F3600
G1 X19.496 Y60.104 E.00096
G1 X19.477 Y60.033 E.00166
G1 X19.548 Y60.052 E.00166
;WIDTH:0.407168
G1 X19.671 Y59.998 E.00333
;WIDTH:0.439999
G1 X19.794 Y59.944 E.00362
G1 X39.365 Y40.373 E.74687
G1 X39.652 Y40.152 E.00977
;WIDTH:0.374336
G1 X40.184 Y39.658 E.01642
G1 X40.514 Y39.281 E.01133
;WIDTH:0.407168
G1 X40.629 Y39.137 E.00457
;WIDTH:0.439999
G1 X40.744 Y38.994 E.00495
G1 X51.605 Y28.133 E.41448
G1 X51.762 Y28.084 E.00444
;WIDTH:0.407168
G1 X51.919 Y28.036 E.00407
;WIDTH:0.374336
G1 X51.878 Y28.047 E.00096
G1 X51.859 Y27.976 E.00166
G1 X51.93 Y27.995 E.00166
;WIDTH:0.439999
G1 X52.229 Y28.082 E.0084
G1 X20.368 Y59.944 E1.21591
G1 X20.941 Y59.944 E.01546
G1 X53.008 Y27.877 E1.22375
G1 E-3.5
;WIPE_START
G1 F7200
G1 X50.775 Y30.11 E-1.5
;WIPE_END
G1 X56.804 Y24.655 F9000
G1 E5 F2400
G1 F3600
G1 X21.515 Y59.944 E1.34671
G1 X22.089 Y59.944 E.01549
G1 X56.804 Y25.229 E1.3248
G1 X56.804 Y25.803 E.01549
G1 X22.662 Y59.944 E1.30292
G1 X23.236 Y59.944 E.01549
G1 X56.804 Y26.376 E1.28103
G1 X56.804 Y26.95 E.01549
G1 X23.81 Y59.944 E1.25913
G1 X24.383 Y59.944 E.01546
G1 X56.804 Y27.524 E1.23724
G1 X56.804 Y28.097 E.01546
G1 X24.957 Y59.944 E1.21535
G1 X25.531 Y59.944 E.01549
G1 X56.804 Y28.671 E1.19345
G1 X56.804 Y29.245 E.01549
G1 X26.104 Y59.944 E1.17156
G1 X26.678 Y59.944 E.01549
G1 X56.804 Y29.819 E1.14966
G1 X56.804 Y30.392 E.01546
G1 X27.252 Y59.944 E1.12777
G1 X27.826 Y59.944 E.01549
G1 X56.804 Y30.966 E1.10587
G1 X56.804 Y31.54 E.01549
G1 X28.399 Y59.944 E1.08398
G1 X28.973 Y59.944 E.01549
G1 X56.804 Y32.113 E1.06209
G1 X56.804 Y32.687 E.01549
G1 X29.547 Y59.944 E1.04019
G1 X30.12 Y59.944 E.01546
G1 X56.804 Y33.261 E1.0183
G1 X56.804 Y33.834 E.01546
G1 X30.694 Y59.944 E.99642
G1 X31.268 Y59.944 E.01549
G1 X56.804 Y34.408 E.97451
G1 X56.804 Y34.982 E.01549
G1 X31.841 Y59.944 E.95263
G1 X32.415 Y59.944 E.01549
G1 X56.804 Y35.555 E.93074
G1 X56.804 Y36.129 E.01549
G1 X32.989 Y59.944 E.90883
G1 X33.562 Y59.944 E.01546
G1 X56.804 Y36.703 E.88695
G1 X56.804 Y37.277 E.01549
G1 X34.136 Y59.944 E.86504
G1 X34.71 Y59.944 E.01549
G1 X56.804 Y37.85 E.84316
G1 X56.804 Y38.424 E.01549
G1 X35.284 Y59.944 E.82125
G1 X35.857 Y59.944 E.01546
G1 X56.804 Y38.998 E.79937
G1 X56.804 Y39.571 E.01546
G1 X36.431 Y59.944 E.77748
G1 X36.374 Y60.025 E.00267
;WIDTH:0.407168
G1 X36.316 Y60.107 E.00249
;WIDTH:0.374336
G1 X36.245 Y60.087 E.00167
G1 X36.264 Y60.159 E.00168
G1 X36.305 Y60.148 E.00096
G1 E-3.5
;WIPE_START
G1 F7200
G1 X36.264 Y60.159 E-.02016
G1 X36.245 Y60.087 E-.03537
G1 X36.316 Y60.107 E-.03504
G1 X36.374 Y60.025 E-.04771
G1 X36.431 Y59.944 E-.04705
G1 X38.388 Y57.987 E-1.31467
;WIPE_END
G1 X48.33 Y48.469 F9000
G1 E5 F2400
G1 F3600
G1 X48.188 Y48.665 E.00547
G1 X48.449 Y48.305 E.01006
;WIDTH:0.439999
G1 X47.997 Y48.952 E.0213
G1 X37.005 Y59.944 E.41948
G1 X36.882 Y59.998 E.00362
;WIDTH:0.407168
G1 X36.759 Y60.052 E.00333
;WIDTH:0.374336
G1 X36.688 Y60.033 E.00166
G1 X36.707 Y60.104 E.00166
G1 X36.748 Y60.093 E.00096
G1 X37.578 Y59.944 F9000
;WIDTH:0.439999
G1 F3600
G1 X47.807 Y49.716 E.39034
G1 X47.759 Y50.337 E.01681
G1 X38.152 Y59.944 E.36663
G1 X38.726 Y59.944 E.01549
G1 X47.812 Y50.858 E.34674
G1 X47.919 Y51.324 E.0129
G1 X39.299 Y59.944 E.32896
G1 X39.873 Y59.944 E.01549
G1 X48.054 Y51.763 E.31221
G1 X48.255 Y52.136 E.01143
G1 X40.447 Y59.944 E.29797
G1 X41.021 Y59.944 E.01549
G1 X48.467 Y52.498 E.28416
G1 X48.725 Y52.813 E.01099
G1 X41.594 Y59.944 E.27214
G1 X42.168 Y59.944 E.01549
G1 X49.002 Y53.11 E.2608
G1 X49.32 Y53.366 E.01102
G1 X42.742 Y59.944 E.25103
G1 X43.315 Y59.944 E.01546
G1 X49.661 Y53.599 E.24216
G1 X50.04 Y53.793 E.01149
G1 X43.889 Y59.944 E.23474
G1 X44.463 Y59.944 E.01549
G1 X50.457 Y53.95 E.22874
G1 X50.912 Y54.069 E.01269
G1 X45.036 Y59.944 E.22422
G1 X45.61 Y59.944 E.01549
G1 X51.431 Y54.123 E.22214
G1 X52.024 Y54.104 E.01601
G1 X46.184 Y59.944 E.22287
G1 X46.757 Y59.944 E.01546
G1 X52.743 Y53.959 E.22842
G1 X52.886 Y53.871 E.00453
;WIDTH:0.407168
G1 X53.028 Y53.784 E.00413
;WIDTH:0.374336
G1 X52.939 Y53.762 E.00207
G1 X52.798 Y53.782 E.00322
G1 E-3.5
;WIPE_START
G1 F7200
G1 X52.939 Y53.762 E-.06765
G1 X53.028 Y53.784 E-.04355
G1 X52.886 Y53.871 E-.0791
G1 X52.743 Y53.959 E-.07976
G1 X50.912 Y55.79 E-1.22994
;WIPE_END
G1 X50.33 Y46.798 F9000
G1 E5 F2400
G1 F3600
G1 X50.173 Y46.845 E.00371
G1 X50.016 Y46.831 E.00356
;WIDTH:0.407168
G1 X50.159 Y46.739 E.00422
;WIDTH:0.439999
G1 X50.303 Y46.646 E.00463
G1 X56.804 Y40.145 E.24809
G1 X56.804 Y40.719 E.01549
G1 X51.073 Y46.45 E.21871
G1 X51.695 Y46.401 E.01684
G1 X56.804 Y41.292 E.19497
G1 X56.804 Y41.866 E.01549
G1 X52.218 Y46.452 E.17501
G1 X52.694 Y46.55 E.01311
G1 X56.804 Y42.44 E.15685
G1 X56.804 Y43.013 E.01546
G1 X53.114 Y46.704 E.14084
G1 X53.506 Y46.885 E.01165
G1 X56.804 Y43.587 E.12586
G1 X56.804 Y44.161 E.01549
G1 X53.855 Y47.11 E.11254
G1 X54.177 Y47.361 E.01102
G1 X56.804 Y44.735 E.10023
G1 X56.804 Y45.308 E.01546
G1 X54.468 Y47.645 E.08917
G1 E-3.5
;WIPE_START
G1 F7200
G1 X56.7 Y45.412 E-1.5
;WIPE_END
G1 X56.661 Y46.025 F9000
G1 E5 F2400
G1 F3600
G1 X54.724 Y47.962 E.07392
G1 X55.083 Y48.534 E.01822
G1 X55.398 Y49.406 E.02502
G1 X55.496 Y50.117 E.01937
G1 X55.455 Y50.856 E.01997
G1 X55.228 Y51.684 E.02317
;WIDTH:0.451563
G1 X54.88 Y52.373 E.02142
;WIDTH:0.452932
G1 X54.858 Y52.408 E.00115
G1 X55.409 Y51.867 E.0215
;WIDTH:0.439999
G1 X56.661 Y50.615 E.04778
G1 X56.804 Y50.615 E.00386
G1 X56.804 Y45.882 E.12772
G1 X56.398 Y46.861 F9000
G1 F3600
G1 X56.398 Y48.281 E.03832
;WIDTH:0.48612
G1 X56.375 Y48.819 E.01618
;WIDTH:0.53224
G1 X56.352 Y49.357 E.01784
G1 X56.358 Y50.312 E.03163
;WIDTH:0.485536
G1 X55.889 Y50.781 E.01991
;WIDTH:0.488228
G1 X55.922 Y50.061 E.02176
;WIDTH:0.53224
G1 X55.856 Y49.389 E.02236
G1 X55.808 Y49.261 E.00453
;WIDTH:0.498342
G1 X55.647 Y48.849 E.01365
;WIDTH:0.469171
G1 X55.485 Y48.438 E.01278
;WIDTH:0.439999
G1 X55.24 Y48.02 E.01307
G1 X56.255 Y47.005 E.03873
G1 X55.962 Y48.074 F9000
;WIDTH:0.650092
G1 F3600
G1 X55.908 Y48.02 E.00313
G1 X55.833 Y48.04 E.00318
G1 X55.813 Y48.114 E.00314
G1 X55.868 Y48.169 E.00319
G1 X55.942 Y48.149 E.00314
G1 E-3.5
;WIPE_START
G1 F7200
G1 X55.868 Y48.169 E-.03641
G1 X55.813 Y48.114 E-.03695
G1 X55.833 Y48.04 E-.03641
G1 X55.908 Y48.02 E-.03687
G1 X55.962 Y48.074 E-.03627
;WIPE_END
G1 E-1.31709 F3600
G1 X54.858 Y52.408 F9000
G1 E5 F2400
;WIDTH:0.452932
G1 F3600
G1 X54.486 Y52.8 E.01505
;WIDTH:0.423938
G1 X54.115 Y53.193 E.01401
;WIDTH:0.439999
G1 X53.82 Y53.455 E.01065
G1 X47.331 Y59.944 E.24764
G1 X47.905 Y59.944 E.01549
G1 X56.804 Y51.045 E.33961
G1 X56.804 Y51.619 E.01549
G1 X48.479 Y59.944 E.3177
G1 X49.052 Y59.944 E.01546
G1 X56.804 Y52.193 E.29581
G1 X56.804 Y52.766 E.01546
G1 X49.626 Y59.944 E.27393
G1 X50.2 Y59.944 E.01549
G1 X56.804 Y53.34 E.25202
G1 X56.804 Y53.914 E.01549
G1 X50.773 Y59.944 E.23014
G1 X51.347 Y59.944 E.01549
G1 X56.804 Y54.487 E.20825
G1 X56.804 Y55.061 E.01549
G1 X51.921 Y59.944 E.18635
G1 X52.494 Y59.944 E.01546
G1 X56.804 Y55.635 E.16446
G1 X56.804 Y56.208 E.01546
G1 X53.068 Y59.944 E.14257
G1 X53.642 Y59.944 E.01549
G1 X56.804 Y56.782 E.12067
G1 X56.804 Y57.356 E.01549
G1 X54.215 Y59.944 E.09878
G1 X54.664 Y60.148 E.01331
;WIDTH:0.374336
G1 X54.622 Y60.159 E.00098
G1 X54.603 Y60.087 E.00168
G1 X54.675 Y60.107 E.00169
;WIDTH:0.407168
G1 X54.732 Y60.025 E.00248
;WIDTH:0.439999
G1 X54.789 Y59.944 E.00267
G1 X56.804 Y57.93 E.07688
G1 X56.804 Y59.944 E.05435
G1 X55.363 Y59.944 E.03889
G1 X56.661 Y58.647 E.04952
G1 X56.435 Y59.508 F9000
;WIDTH:0.472862
G1 F3600
G1 X56.396 Y59.469 E.00161
G1 X56.343 Y59.484 E.00161
G1 X56.329 Y59.536 E.00157
G1 X56.368 Y59.575 E.00161
G1 X56.421 Y59.561 E.0016
;LAYER_CHANGE
;Z:0.52
;HEIGHT:0.16
;BEFORE_LAYER_CHANGE
G92 E0
;0.52


G1 E-3.5 F3600
;WIPE_START
G1 F7200
G1 X56.368 Y59.575 E-.02604
G1 X56.329 Y59.536 E-.0262
G1 X56.343 Y59.484 E-.02558
G1 X56.396 Y59.469 E-.02616
G1 X56.435 Y59.508 E-.0262
;WIPE_END
G1 E-1.36982 F3600
G1 Z.52 F9000
;AFTER_LAYER_CHANGE
;0.52
G1 X39.774 Y39.7
G1 E5 F2400
;TYPE:Perimeter
;WIDTH:0.439999
G1 F1800
G1 X39.609 Y39.854 E.00609
G1 X39.057 Y40.196 E.01752
G1 X38.449 Y40.421 E.01749
G1 X37.808 Y40.521 E.01751
G1 X37.16 Y40.492 E.0175
G1 X36.53 Y40.336 E.01751
G1 X36.021 Y40.097 E.01517
G1 X35.778 Y39.95 E.00766
G1 X35.379 Y39.629 E.01382
G1 X34.993 Y39.184 E.0159
G1 X34.665 Y38.624 E.01751
G1 X34.455 Y38.011 E.01749
G1 X34.376 Y37.492 E.01417
G1 X34.393 Y36.879 E.01655
G1 X34.503 Y36.367 E.01413
G1 X34.635 Y35.992 E.01073
G1 X34.901 Y35.486 E.01543
G1 X35.216 Y35.073 E.01402
G1 X35.646 Y34.682 E.01568
G1 X36.198 Y34.34 E.01752
G1 X36.807 Y34.115 E.01752
G1 X37.448 Y34.015 E.01751
G1 X37.981 Y34.035 E.01439
G1 X38.291 Y34.078 E.00845
G1 X38.774 Y34.216 E.01356
G1 X39.311 Y34.479 E.01614
G1 X39.831 Y34.868 E.01752
G1 X40.263 Y35.352 E.01751
G1 X40.59 Y35.912 E.0175
G1 X40.8 Y36.526 E.01751
G1 X40.884 Y37.157 E.01718
G1 X40.861 Y37.678 E.01407
G1 X40.752 Y38.168 E.01355
G1 X40.654 Y38.475 E.0087
G1 X40.419 Y38.955 E.01442
G1 X40.082 Y39.41 E.01528
G1 X39.817 Y39.659 E.00981
G1 X39.507 Y39.397 F9000
G1 F1800
G1 X39.341 Y39.55 E.00609
G1 X38.854 Y39.844 E.01535
G1 X38.32 Y40.036 E.01531
G1 X37.757 Y40.119 E.01536
G1 X37.19 Y40.088 E.01532
G1 X36.64 Y39.945 E.01534
G1 X36.129 Y39.696 E.01534
G1 X35.695 Y39.365 E.01473
G1 X35.304 Y38.924 E.0159
G1 X35.022 Y38.43 E.01535
G1 X34.843 Y37.891 E.01533
G1 X34.775 Y37.392 E.01359
G1 X34.803 Y36.85 E.01465
G1 X34.927 Y36.347 E.01398
G1 X35.163 Y35.83 E.01534
G1 X35.485 Y35.386 E.0148
G1 X35.915 Y34.986 E.01585
G1 X36.401 Y34.692 E.01533
G1 X36.936 Y34.5 E.01534
G1 X37.498 Y34.418 E.01533
G1 X38.065 Y34.448 E.01532
G1 X38.615 Y34.591 E.01534
G1 X39.126 Y34.84 E.01534
G1 X39.578 Y35.185 E.01534
G1 X39.952 Y35.613 E.01534
G1 X40.234 Y36.106 E.01533
G1 X40.412 Y36.645 E.01532
G1 X40.48 Y37.198 E.01503
G1 X40.448 Y37.712 E.0139
G1 X40.313 Y38.239 E.01468
G1 X40.093 Y38.706 E.01393
G1 X39.759 Y39.166 E.01534
G1 X39.551 Y39.357 E.00762
G1 X39.244 Y39.099 F9000
;TYPE:External perimeter
;WIDTH:0.419999
G1 F1800
G1 X38.98 Y39.315 E.00875
G1 X38.52 Y39.552 E.01328
G1 X38.038 Y39.685 E.01283
G1 X37.67 Y39.727 E.0095
G1 X37.182 Y39.686 E.01256
G1 X36.711 Y39.55 E.01258
G1 X36.277 Y39.323 E.01257
G1 X35.897 Y39.015 E.01255
G1 X35.567 Y38.604 E.01352
G1 X35.323 Y38.104 E.01427
G1 X35.214 Y37.741 E.00972
G1 X35.17 Y37.361 E.00981
G1 X35.199 Y36.883 E.01229
G1 X35.357 Y36.339 E.01453
G1 X35.539 Y35.969 E.01058
G1 X35.838 Y35.581 E.01257
G1 X36.208 Y35.26 E.01257
G1 X36.599 Y35.034 E.01159
G1 X37.078 Y34.87 E.01299
G1 X37.586 Y34.809 E.01313
G1 X38.074 Y34.85 E.01256
G1 X38.544 Y34.986 E.01255
G1 X38.978 Y35.213 E.01257
G1 X39.358 Y35.521 E.01255
G1 X39.67 Y35.899 E.01257
G1 X39.901 Y36.331 E.01257
G1 X40.042 Y36.799 E.01254
G1 X40.087 Y37.272 E.01219
G1 X40.056 Y37.654 E.00983
G1 X39.932 Y38.127 E.01254
G1 X39.716 Y38.567 E.01257
G1 X39.383 Y38.985 E.01371
G1 X39.29 Y39.061 E.00308
G1 E-3.5 F3600
;WIPE_START
G1 F7200
G1 X39.244 Y39.099 E-.02834
G1 X38.98 Y39.315 E-.16202
G1 X38.52 Y39.552 E-.2458
G1 X38.038 Y39.685 E-.23751
G1 X37.67 Y39.727 E-.17593
G1 X37.182 Y39.686 E-.23262
G1 X36.711 Y39.55 E-.23286
G1 X36.366 Y39.37 E-.18492
;WIPE_END
G1 X26.224 Y26.677 F9000
G1 E5 F2400
;TYPE:Perimeter
;WIDTH:0.439999
G1 F1800
G1 X25.936 Y26.974 E.01116
G1 X25.522 Y27.261 E.01359
G1 X25.014 Y27.546 E.01572
G1 X24.516 Y27.713 E.01417
G1 X23.815 Y27.821 E.01914
G1 X23.108 Y27.788 E.0191
G1 X22.421 Y27.615 E.01912
G1 X21.781 Y27.309 E.01914
G1 X21.215 Y26.883 E.01912
G1 X20.745 Y26.353 E.01912
G1 X20.389 Y25.741 E.01911
G1 X20.161 Y25.07 E.01912
G1 X20.071 Y24.367 E.01913
G1 X20.122 Y23.66 E.01913
G1 X20.307 Y22.99 E.01876
G1 X20.551 Y22.479 E.01528
G1 X20.953 Y21.922 E.01854
G1 X21.471 Y21.438 E.01913
G1 X22.075 Y21.067 E.01913
G1 X22.74 Y20.823 E.01911
G1 X23.44 Y20.715 E.01911
G1 X23.992 Y20.729 E.0149
G1 X24.496 Y20.818 E.01381
G1 X25.162 Y21.058 E.0191
G1 X25.768 Y21.426 E.01913
G1 X26.288 Y21.906 E.0191
G1 X26.704 Y22.48 E.01913
G1 X26.997 Y23.125 E.01912
G1 X27.157 Y23.815 E.01911
G1 X27.176 Y24.524 E.01914
G1 X27.055 Y25.222 E.01912
G1 X26.798 Y25.882 E.01911
G1 X26.416 Y26.478 E.0191
G1 X26.265 Y26.634 E.00586
G1 X25.929 Y26.403 F9000
G1 F1800
G1 X25.653 Y26.683 E.01061
G1 X24.991 Y27.11 E.02126
G1 X24.386 Y27.329 E.01736
G1 X23.765 Y27.418 E.01693
G1 X23.138 Y27.383 E.01695
G1 X22.53 Y27.224 E.01696
G1 X21.966 Y26.948 E.01694
G1 X21.468 Y26.566 E.01694
G1 X21.056 Y26.092 E.01695
G1 X20.745 Y25.547 E.01693
G1 X20.549 Y24.95 E.01696
G1 X20.475 Y24.327 E.01693
G1 X20.526 Y23.7 E.01698
G1 X20.695 Y23.109 E.01659
G1 X20.968 Y22.574 E.01621
G1 X21.277 Y22.167 E.01379
G1 X21.74 Y21.742 E.01696
G1 X22.278 Y21.418 E.01695
G1 X22.869 Y21.207 E.01693
G1 X23.491 Y21.118 E.01696
G1 X23.922 Y21.128 E.01163
G1 X24.425 Y21.217 E.01378
G1 X25.014 Y21.436 E.01696
G1 X25.548 Y21.767 E.01695
G1 X26.005 Y22.197 E.01693
G1 X26.368 Y22.709 E.01694
G1 X26.623 Y23.283 E.01695
G1 X26.759 Y23.896 E.01694
G1 X26.771 Y24.524 E.01695
G1 X26.658 Y25.141 E.01693
G1 X26.425 Y25.724 E.01694
G1 X26.081 Y26.25 E.01696
G1 X25.971 Y26.361 E.00422
G1 X25.642 Y26.137 F9000
;TYPE:External perimeter
;WIDTH:0.419999
G1 F1800
G1 X25.376 Y26.4 E.0096
G1 X24.784 Y26.773 E.01795
G1 X24.26 Y26.954 E.01422
G1 X23.716 Y27.026 E.01408
G1 X23.167 Y26.989 E.01412
G1 X22.638 Y26.843 E.01408
G1 X22.147 Y26.596 E.0141
G1 X21.715 Y26.257 E.01409
G1 X21.359 Y25.838 E.01411
G1 X21.093 Y25.357 E.0141
G1 X20.927 Y24.834 E.01408
G1 X20.869 Y24.287 E.01411
G1 X20.92 Y23.74 E.01409
G1 X21.074 Y23.225 E.01379
G1 X21.283 Y22.813 E.01185
G1 X21.592 Y22.405 E.01313
G1 X22.002 Y22.039 E.0141
G1 X22.475 Y21.761 E.01408
G1 X22.995 Y21.582 E.01411
G1 X23.54 Y21.51 E.0141
G1 X23.853 Y21.518 E.00803
G1 X24.356 Y21.607 E.0131
G1 X24.869 Y21.804 E.0141
G1 X25.333 Y22.099 E.01411
G1 X25.729 Y22.48 E.0141
G1 X26.042 Y22.932 E.0141
G1 X26.259 Y23.436 E.01408
G1 X26.371 Y23.974 E.0141
G1 X26.375 Y24.524 E.01411
G1 X26.27 Y25.063 E.01409
G1 X26.06 Y25.571 E.0141
G1 X25.754 Y26.027 E.01409
G1 X25.685 Y26.095 E.00249
G1 E-3.5 F3600
;WIPE_START
G1 F7200
G1 X25.642 Y26.137 E-.02855
G1 X25.376 Y26.4 E-.17768
G1 X24.784 Y26.773 E-.33236
G1 X24.26 Y26.954 E-.26333
G1 X23.716 Y27.026 E-.26065
G1 X23.167 Y26.989 E-.26137
G1 X22.809 Y26.891 E-.17606
;WIPE_END
G1 X23.893 Y46.727 F9000
G1 E5 F2400
;TYPE:Perimeter
;WIDTH:0.439999
G1 F1800
G1 X23.992 Y46.729 E.00267
G1 X24.496 Y46.818 E.01381
G1 X25.162 Y47.058 E.0191
G1 X25.768 Y47.426 E.01913
G1 X26.273 Y47.891 E.01852
G1 X26.657 Y48.412 E.01747
G1 X26.94 Y48.99 E.01737
G1 X27.055 Y49.314 E.00928
G1 X27.157 Y49.815 E.0138
G1 X27.176 Y50.383 E.01534
G1 X27.157 Y50.721 E.00914
G1 X27.055 Y51.222 E.0138
G1 X26.798 Y51.882 E.01911
G1 X26.416 Y52.478 E.0191
G1 X25.922 Y52.987 E.01914
G1 X25.202 Y53.456 E.02319
G1 X24.516 Y53.713 E.01977
G1 X23.815 Y53.821 E.01914
G1 X23.108 Y53.788 E.0191
G1 X22.437 Y53.619 E.01867
G1 X21.781 Y53.309 E.01958
G1 X21.215 Y52.883 E.01912
G1 X20.745 Y52.353 E.01912
G1 X20.389 Y51.741 E.01911
G1 X20.161 Y51.07 E.01912
G1 X20.071 Y50.367 E.01913
G1 X20.122 Y49.66 E.01913
G1 X20.307 Y48.99 E.01876
G1 X20.551 Y48.479 E.01528
G1 X20.953 Y47.922 E.01854
G1 X21.471 Y47.438 E.01913
G1 X22.075 Y47.067 E.01913
G1 X22.74 Y46.823 E.01911
G1 X23.44 Y46.715 E.01911
G1 X23.833 Y46.725 E.01061
G1 X23.863 Y47.127 F9000
G1 F1800
G1 X23.922 Y47.128 E.00159
G1 X24.425 Y47.217 E.01378
G1 X25.014 Y47.436 E.01696
G1 X25.548 Y47.767 E.01695
G1 X25.989 Y48.181 E.01632
G1 X26.322 Y48.641 E.01532
G1 X26.566 Y49.148 E.01518
G1 X26.658 Y49.395 E.00711
G1 X26.759 Y49.896 E.01379
G1 X26.771 Y50.524 E.01695
G1 X26.658 Y51.141 E.01693
G1 X26.425 Y51.724 E.01694
G1 X26.081 Y52.25 E.01696
G1 X25.639 Y52.696 E.01694
G1 X24.991 Y53.11 E.02075
G1 X24.386 Y53.329 E.01736
G1 X23.765 Y53.418 E.01693
G1 X23.138 Y53.383 E.01695
G1 X22.547 Y53.229 E.01648
G1 X21.966 Y52.948 E.01742
G1 X21.468 Y52.566 E.01694
G1 X21.056 Y52.092 E.01695
G1 X20.745 Y51.547 E.01693
G1 X20.549 Y50.95 E.01696
G1 X20.475 Y50.327 E.01693
G1 X20.526 Y49.7 E.01698
G1 X20.695 Y49.109 E.01659
G1 X20.968 Y48.574 E.01621
G1 X21.277 Y48.167 E.01379
G1 X21.74 Y47.742 E.01696
G1 X22.278 Y47.418 E.01695
G1 X22.869 Y47.207 E.01693
G1 X23.491 Y47.118 E.01696
G1 X23.803 Y47.126 E.00842
G1 X23.834 Y47.518 F9000
;TYPE:External perimeter
;WIDTH:0.419999
G1 F1800
G1 X23.853 Y47.518 E.00049
G1 X24.356 Y47.607 E.0131
G1 X24.869 Y47.804 E.0141
G1 X25.333 Y48.099 E.01411
G1 X25.713 Y48.464 E.01352
G1 X26.042 Y48.932 E.01468
G1 X26.259 Y49.436 E.01408
G1 X26.371 Y49.974 E.0141
G1 X26.375 Y50.524 E.01411
G1 X26.27 Y51.063 E.01409
G1 X26.06 Y51.571 E.0141
G1 X25.754 Y52.027 E.01409
G1 X25.363 Y52.413 E.0141
G1 X24.784 Y52.773 E.01749
G1 X24.26 Y52.954 E.01422
G1 X23.716 Y53.026 E.01408
G1 X23.167 Y52.989 E.01412
G1 X22.654 Y52.848 E.01365
G1 X22.147 Y52.596 E.01452
G1 X21.715 Y52.257 E.01409
G1 X21.359 Y51.838 E.01411
G1 X21.093 Y51.357 E.0141
G1 X20.927 Y50.834 E.01408
G1 X20.869 Y50.287 E.01411
G1 X20.92 Y49.74 E.01409
G1 X21.074 Y49.225 E.01379
G1 X21.283 Y48.813 E.01185
G1 X21.592 Y48.405 E.01313
G1 X22.002 Y48.039 E.0141
G1 X22.475 Y47.761 E.01408
G1 X22.995 Y47.582 E.01411
G1 X23.54 Y47.51 E.0141
G1 X23.774 Y47.516 E.00601
G1 E-3.5 F3600
;WIPE_START
G1 F7200
G1 X23.834 Y47.518 E-.02852
G1 X23.853 Y47.518 E-.00903
G1 X24.356 Y47.607 E-.24264
G1 X24.869 Y47.804 E-.26102
G1 X25.333 Y48.099 E-.26117
G1 X25.713 Y48.464 E-.25028
G1 X26.042 Y48.932 E-.27173
G1 X26.188 Y49.272 E-.17561
;WIPE_END
G1 X48.104 Y49.915 F9000
G1 E5 F2400
;TYPE:Perimeter
;WIDTH:0.439999
G1 F1800
G1 X48.122 Y49.66 E.0069
G1 X48.312 Y48.978 E.0191
G1 X48.634 Y48.346 E.01914
G1 X49.065 Y47.801 E.01875
G1 X49.488 Y47.424 E.01529
G1 X49.976 Y47.124 E.01546
G1 X50.255 Y46.986 E.0084
G1 X50.74 Y46.823 E.01381
G1 X51.44 Y46.715 E.01911
G1 X51.992 Y46.729 E.0149
G1 X52.496 Y46.818 E.01381
G1 X53.162 Y47.058 E.0191
G1 X53.768 Y47.426 E.01913
G1 X54.288 Y47.906 E.0191
G1 X54.704 Y48.48 E.01913
G1 X54.997 Y49.125 E.01912
G1 X55.157 Y49.815 E.01911
G1 X55.176 Y50.524 E.01914
G1 X55.055 Y51.222 E.01912
G1 X54.725 Y52.015 E.02318
G1 X54.302 Y52.614 E.01979
G1 X53.784 Y53.098 E.01913
G1 X53.181 Y53.469 E.0191
G1 X52.655 Y53.666 E.01516
G1 X52.323 Y53.757 E.00929
G1 X51.815 Y53.821 E.01382
G1 X51.108 Y53.788 E.0191
G1 X50.421 Y53.615 E.01912
G1 X49.781 Y53.309 E.01914
G1 X49.215 Y52.883 E.01912
G1 X48.745 Y52.353 E.01912
G1 X48.389 Y51.741 E.01911
G1 X48.161 Y51.07 E.01912
G1 X48.071 Y50.367 E.01913
G1 X48.1 Y49.975 E.01061
G1 X48.505 Y49.956 F9000
G1 F1800
G1 X48.526 Y49.701 E.0069
G1 X48.7 Y49.097 E.01696
G1 X48.99 Y48.54 E.01695
G1 X49.376 Y48.061 E.0166
G1 X49.79 Y47.703 E.01477
G1 X50.278 Y47.418 E.01525
G1 X50.869 Y47.207 E.01693
G1 X51.491 Y47.118 E.01696
G1 X51.922 Y47.128 E.01163
G1 X52.425 Y47.217 E.01378
G1 X53.014 Y47.436 E.01696
G1 X53.548 Y47.767 E.01695
G1 X54.005 Y48.197 E.01693
G1 X54.368 Y48.709 E.01694
G1 X54.623 Y49.283 E.01695
G1 X54.759 Y49.896 E.01694
G1 X54.771 Y50.524 E.01695
G1 X54.658 Y51.141 E.01693
G1 X54.355 Y51.849 E.02078
G1 X53.979 Y52.37 E.01734
G1 X53.516 Y52.794 E.01694
G1 X52.978 Y53.118 E.01695
G1 X52.386 Y53.329 E.01696
G1 X51.765 Y53.418 E.01693
G1 X51.138 Y53.383 E.01695
G1 X50.53 Y53.224 E.01696
G1 X49.966 Y52.948 E.01694
G1 X49.468 Y52.566 E.01694
G1 X49.056 Y52.092 E.01695
G1 X48.745 Y51.547 E.01693
G1 X48.549 Y50.95 E.01696
G1 X48.475 Y50.327 E.01693
G1 X48.5 Y50.015 E.00845
G1 X48.896 Y49.995 F9000
;TYPE:External perimeter
;WIDTH:0.419999
G1 F1800
G1 X48.92 Y49.74 E.00657
G1 X49.078 Y49.214 E.01409
G1 X49.337 Y48.729 E.01411
G1 X49.679 Y48.315 E.01378
G1 X50.033 Y48.017 E.01187
G1 X50.475 Y47.761 E.0131
G1 X50.995 Y47.582 E.01411
G1 X51.54 Y47.51 E.0141
G1 X51.853 Y47.518 E.00803
G1 X52.356 Y47.607 E.0131
G1 X52.869 Y47.804 E.0141
G1 X53.333 Y48.099 E.01411
G1 X53.729 Y48.48 E.0141
G1 X54.042 Y48.932 E.0141
G1 X54.259 Y49.436 E.01408
G1 X54.371 Y49.974 E.0141
G1 X54.375 Y50.524 E.01411
G1 X54.27 Y51.063 E.01409
G1 X53.994 Y51.686 E.01748
G1 X53.663 Y52.131 E.01423
G1 X53.254 Y52.497 E.01408
G1 X52.78 Y52.775 E.0141
G1 X52.26 Y52.954 E.01411
G1 X51.716 Y53.026 E.01408
G1 X51.167 Y52.989 E.01412
G1 X50.638 Y52.843 E.01408
G1 X50.147 Y52.596 E.0141
G1 X49.715 Y52.257 E.01409
G1 X49.359 Y51.838 E.01411
G1 X49.093 Y51.357 E.0141
G1 X48.927 Y50.834 E.01408
G1 X48.869 Y50.287 E.01411
G1 X48.89 Y50.054 E.006
G1 E-3.5 F3600
;WIPE_START
G1 F7200
G1 X48.896 Y49.995 E-.02817
G1 X48.92 Y49.74 E-.12166
G1 X49.078 Y49.214 E-.26088
G1 X49.337 Y48.729 E-.26117
G1 X49.679 Y48.315 E-.25507
G1 X50.033 Y48.017 E-.2198
G1 X50.475 Y47.761 E-.24262
G1 X50.695 Y47.685 E-.11063
;WIPE_END
G1 X51.186 Y27.791 F9000
G1 E5 F2400
;TYPE:Perimeter
;WIDTH:0.439999
G1 F1800
G1 X51.108 Y27.788 E.00211
G1 X50.421 Y27.615 E.01912
G1 X49.781 Y27.309 E.01914
G1 X49.215 Y26.883 E.01912
G1 X48.745 Y26.353 E.01912
G1 X48.389 Y25.741 E.01911
G1 X48.161 Y25.07 E.01912
G1 X48.071 Y24.367 E.01913
G1 X48.122 Y23.66 E.01913
G1 X48.312 Y22.978 E.0191
G1 X48.634 Y22.346 E.01914
G1 X49.065 Y21.801 E.01875
G1 X49.488 Y21.424 E.01529
G1 X50.075 Y21.067 E.01854
G1 X50.74 Y20.823 E.01911
G1 X51.44 Y20.715 E.01911
G1 X51.992 Y20.729 E.0149
G1 X52.496 Y20.818 E.01381
G1 X53.162 Y21.058 E.0191
G1 X53.768 Y21.426 E.01913
G1 X54.288 Y21.906 E.0191
G1 X54.704 Y22.48 E.01913
G1 X54.997 Y23.125 E.01912
G1 X55.157 Y23.815 E.01911
G1 X55.176 Y24.524 E.01914
G1 X55.055 Y25.222 E.01912
G1 X54.725 Y26.015 E.02318
G1 X54.302 Y26.614 E.01979
G1 X53.784 Y27.098 E.01913
G1 X53.181 Y27.469 E.0191
G1 X52.516 Y27.713 E.01911
G1 X51.815 Y27.821 E.01914
G1 X51.246 Y27.794 E.01537
G1 X51.237 Y27.389 F9000
G1 F1800
G1 X51.138 Y27.383 E.00268
G1 X50.53 Y27.224 E.01696
G1 X49.966 Y26.948 E.01694
G1 X49.468 Y26.566 E.01694
G1 X49.056 Y26.092 E.01695
G1 X48.745 Y25.547 E.01693
G1 X48.549 Y24.95 E.01696
G1 X48.475 Y24.327 E.01693
G1 X48.526 Y23.701 E.01695
G1 X48.7 Y23.097 E.01696
G1 X48.99 Y22.54 E.01695
G1 X49.376 Y22.061 E.0166
G1 X49.835 Y21.674 E.0162
G1 X50.278 Y21.418 E.01381
G1 X50.869 Y21.207 E.01693
G1 X51.491 Y21.118 E.01696
G1 X51.922 Y21.128 E.01163
G1 X52.425 Y21.217 E.01378
G1 X53.014 Y21.436 E.01696
G1 X53.548 Y21.767 E.01695
G1 X54.005 Y22.197 E.01693
G1 X54.368 Y22.709 E.01694
G1 X54.623 Y23.283 E.01695
G1 X54.759 Y23.896 E.01694
G1 X54.771 Y24.524 E.01695
G1 X54.658 Y25.141 E.01693
G1 X54.355 Y25.849 E.02078
G1 X53.979 Y26.37 E.01734
G1 X53.516 Y26.794 E.01694
G1 X52.978 Y27.118 E.01695
G1 X52.386 Y27.329 E.01696
G1 X51.765 Y27.418 E.01693
G1 X51.297 Y27.392 E.01265
G1 X51.286 Y26.997 F9000
;TYPE:External perimeter
;WIDTH:0.419999
G1 F1800
G1 X51.167 Y26.989 E.00306
G1 X50.638 Y26.843 E.01408
G1 X50.147 Y26.596 E.0141
G1 X49.715 Y26.257 E.01409
G1 X49.359 Y25.838 E.01411
G1 X49.093 Y25.357 E.0141
G1 X48.927 Y24.834 E.01408
G1 X48.869 Y24.287 E.01411
G1 X48.92 Y23.74 E.01409
G1 X49.078 Y23.214 E.01409
G1 X49.337 Y22.729 E.01411
G1 X49.679 Y22.315 E.01378
G1 X50.033 Y22.017 E.01187
G1 X50.475 Y21.761 E.0131
G1 X50.995 Y21.582 E.01411
G1 X51.54 Y21.51 E.0141
G1 X51.853 Y21.518 E.00803
G1 X52.356 Y21.607 E.0131
G1 X52.869 Y21.804 E.0141
G1 X53.333 Y22.099 E.01411
G1 X53.729 Y22.48 E.0141
G1 X54.042 Y22.932 E.0141
G1 X54.259 Y23.436 E.01408
G1 X54.371 Y23.974 E.0141
G1 X54.375 Y24.524 E.01411
G1 X54.27 Y25.063 E.01409
G1 X53.994 Y25.686 E.01748
G1 X53.663 Y26.131 E.01423
G1 X53.254 Y26.497 E.01408
G1 X52.78 Y26.775 E.0141
G1 X52.26 Y26.954 E.01411
G1 X51.716 Y27.026 E.01408
G1 X51.346 Y27.001 E.00951
G1 E-3.5 F3600
;WIPE_START
G1 F7200
G1 X51.286 Y26.997 E-.02856
G1 X51.167 Y26.989 E-.05665
G1 X50.638 Y26.843 E-.26067
G1 X50.147 Y26.596 E-.26107
G1 X49.715 Y26.257 E-.26084
G1 X49.359 Y25.838 E-.26116
G1 X49.093 Y25.357 E-.26108
G1 X49.023 Y25.136 E-.10997
;WIPE_END
G1 X54.915 Y17.979 F9000
G1 E5 F2400
;TYPE:Perimeter
;WIDTH:0.439999
G1 F3600
G1 X54.967 Y18.043 E.00223
G1 X55.224 Y18.201 E.00814
G1 X55.611 Y18.279 E.01065
G1 X57.116 Y18.279 E.04061
G1 X57.116 Y60.257 E1.13277
G1 X18.139 Y60.257 E1.05179
G1 X18.139 Y18.279 E1.13277
G1 X19.748 Y18.279 E.04342
G1 X20.046 Y18.195 E.00835
G1 X20.359 Y17.977 E.01029
G1 X20.563 Y17.667 E.01001
G1 X20.639 Y17.285 E.01051
G1 X20.639 Y15.279 E.05413
G1 X54.616 Y15.279 E.91686
G1 X54.616 Y17.424 E.05788
G1 X54.731 Y17.749 E.0093
G1 X54.878 Y17.932 E.00633
G1 X55.206 Y17.69 F9000
G1 F3600
G1 X55.326 Y17.8 E.00439
G1 X55.611 Y17.874 E.00795
G1 X57.522 Y17.874 E.05157
G1 X57.522 Y60.662 E1.15463
G1 X17.733 Y60.662 E1.0737
G1 X17.733 Y17.874 E1.15463
G1 X19.711 Y17.874 E.05338
G1 X19.978 Y17.77 E.00773
G1 X20.164 Y17.562 E.00753
G1 X20.233 Y17.285 E.0077
G1 X20.233 Y14.874 E.06506
G1 X55.022 Y14.874 E.93877
G1 X55.022 Y17.371 E.06738
G1 X55.119 Y17.609 E.00694
G1 X55.162 Y17.649 E.00158
G1 X55.483 Y17.418 F9000
;TYPE:External perimeter
;WIDTH:0.419999
G1 F1800
G1 X55.611 Y17.478 E.00363
G1 X57.918 Y17.478 E.05918
G1 X57.918 Y61.058 E1.11802
G1 X17.338 Y61.058 E1.04106
G1 X17.338 Y17.478 E1.11802
G1 X19.645 Y17.478 E.05918
G1 X19.769 Y17.432 E.00339
G1 X19.838 Y17.285 E.00417
G1 X19.838 Y14.478 E.07201
G1 X55.418 Y14.478 E.91278
G1 X55.418 Y17.285 E.07201
G1 X55.449 Y17.374 E.00242
G1 E-3.5 F3600
;WIPE_START
G1 F7200
G1 X55.483 Y17.418 E-.02641
G1 X55.611 Y17.478 E-.06715
G1 X57.918 Y17.478 E-1.09582
G1 X57.918 Y18.132 E-.31062
;WIPE_END
G1 X18.484 Y59.834 F9000
G1 E5 F2400
;TYPE:Solid infill
;WIDTH:0.538422
G1 F3600
G1 X18.44 Y59.879 E.00211
G1 X18.456 Y59.94 E.00211
G1 X18.517 Y59.956 E.00211
G1 X18.561 Y59.911 E.00211
G1 X18.545 Y59.851 E.00208
;WIDTH:0.439999
G1 X18.451 Y59.203 E.01767
G1 X19.193 Y59.944 E.0283
G1 X19.767 Y59.944 E.01549
G1 X18.451 Y58.629 E.0502
G1 X18.451 Y58.055 E.01549
G1 X20.34 Y59.944 E.07209
G1 X20.914 Y59.944 E.01549
G1 X18.451 Y57.482 E.09397
G1 X18.451 Y56.908 E.01549
G1 X21.488 Y59.944 E.11588
G1 X22.062 Y59.944 E.01549
G1 X18.451 Y56.334 E.13778
G1 X18.451 Y55.76 E.01549
G1 X22.635 Y59.944 E.15967
G1 X23.209 Y59.944 E.01549
G1 X18.451 Y55.187 E.18156
G1 X18.451 Y54.613 E.01549
G1 X23.783 Y59.944 E.20346
G1 X24.356 Y59.944 E.01546
G1 X18.451 Y54.039 E.22535
G1 X18.451 Y53.466 E.01546
G1 X24.93 Y59.944 E.24723
G1 X25.504 Y59.944 E.01549
G1 X18.451 Y52.892 E.26914
G1 X18.451 Y52.318 E.01549
G1 X26.077 Y59.944 E.29103
G1 X26.651 Y59.944 E.01549
G1 X18.451 Y51.745 E.31291
G1 X18.451 Y51.171 E.01549
G1 X27.225 Y59.944 E.33482
G1 X28.115 Y60.033 F9000
;WIDTH:0.374336
G1 F3600
G1 X28.126 Y60.074 E.00096
G1 X28.055 Y60.093 E.00166
G1 X28.074 Y60.022 E.00166
;WIDTH:0.407168
G1 X27.936 Y59.983 E.00356
;WIDTH:0.439999
G1 X27.799 Y59.944 E.00384
G1 X18.451 Y50.597 E.35672
G1 X18.451 Y50.024 E.01546
G1 X19.987 Y51.559 E.0586
G1 X20.088 Y51.624 E.00324
;WIDTH:0.407168
G1 X20.189 Y51.688 E.00297
;WIDTH:0.374336
G1 X20.182 Y51.846 E.00358
G1 X20.485 Y52.263 E.01166
G1 X20.209 Y51.882 E.01064
G1 X19.805 Y50.804 F9000
;WIDTH:0.439999
G1 F3600
G1 X18.451 Y49.45 E.05167
G1 X18.451 Y44.86 E.12386
G1 X21.021 Y47.43 E.09808
G1 X20.702 Y47.737 E.01195
G1 X20.384 Y48.16 E.01428
G1 X20.056 Y48.796 E.01931
G1 X19.856 Y49.407 E.01735
G1 X19.763 Y50.187 E.0212
G1 X18.637 Y49.062 E.04295
G1 X18.857 Y48.733 E.01068
G1 X18.857 Y45.84 E.07807
G1 X20.44 Y47.423 E.06041
G1 X20.028 Y47.965 E.01837
G1 X19.671 Y48.667 E.02125
G1 X19.463 Y49.314 E.01834
G1 X19.004 Y48.873 E.01718
G1 X19.298 Y48.405 E.01491
;WIDTH:0.510529
G1 X19.298 Y46.904 E.04755
G1 X19.851 Y47.457 E.02477
G1 X19.641 Y47.753 E.0115
G1 X19.392 Y48.226 E.01693
G1 E-3.5
;WIPE_START
G1 F7200
G1 X19.641 Y47.753 E-.25391
G1 X19.851 Y47.457 E-.17239
G1 X19.298 Y46.904 E-.37148
G1 X19.298 Y48.383 E-.70222
;WIPE_END
G1 X21.325 Y47.16 F9000
G1 E5 F2400
;WIDTH:0.439999
G1 F3600
G1 X18.451 Y44.287 E.10966
G1 X18.451 Y43.713 E.01549
G1 X21.675 Y46.937 E.12304
G1 X22.049 Y46.737 E.01144
G1 X18.451 Y43.139 E.13731
G1 X18.451 Y42.566 E.01546
G1 X22.47 Y46.584 E.15336
G1 X22.925 Y46.465 E.01269
G1 X18.451 Y41.992 E.17072
G1 X18.451 Y41.418 E.01549
G1 X23.436 Y46.403 E.19024
G1 X24.026 Y46.419 E.01593
G1 X18.451 Y40.844 E.21275
G1 X18.451 Y40.271 E.01546
G1 X24.743 Y46.563 E.24012
G1 X24.881 Y46.636 E.00421
;WIDTH:0.407168
G1 X25.019 Y46.71 E.00388
;WIDTH:0.374336
G1 X25 Y46.781 E.00166
G1 X25.071 Y46.762 E.00166
G1 X25.06 Y46.721 E.00096
G1 E-3.5
;WIPE_START
G1 F7200
G1 X25.071 Y46.762 E-.02016
G1 X25 Y46.781 E-.03491
G1 X25.019 Y46.71 E-.03491
G1 X24.881 Y46.636 E-.07438
G1 X24.743 Y46.563 E-.07416
G1 X22.865 Y44.685 E-1.26148
;WIPE_END
G1 X22.059 Y53.726 F9000
G1 E5 F2400
G1 F3600
G1 X22.217 Y53.714 E.00358
G1 X22.554 Y53.808 E.00791
;WIDTH:0.407168
G1 X22.45 Y53.863 E.00292
;WIDTH:0.439999
G1 X22.346 Y53.918 E.00317
G1 X28.372 Y59.944 E.22997
G1 X28.946 Y59.944 E.01549
G1 X23.102 Y54.1 E.22302
G1 X23.714 Y54.139 E.01655
G1 X29.52 Y59.944 E.22155
G1 X30.093 Y59.944 E.01546
G1 X24.229 Y54.08 E.22378
G1 X24.696 Y53.973 E.01293
G1 X30.667 Y59.944 E.22787
G1 X31.241 Y59.944 E.01549
G1 X25.13 Y53.833 E.23321
G1 X25.506 Y53.636 E.01145
G1 X31.814 Y59.944 E.24073
G1 X32.388 Y59.944 E.01549
G1 X25.862 Y53.419 E.24903
G1 X26.185 Y53.167 E.01105
G1 X32.962 Y59.944 E.25863
G1 X33.535 Y59.944 E.01546
G1 X26.475 Y52.884 E.26943
G1 X26.732 Y52.567 E.01101
G1 X34.109 Y59.944 E.28152
G1 X34.683 Y59.944 E.01549
G1 X26.962 Y52.223 E.29465
G1 X27.15 Y51.837 E.01159
G1 X35.257 Y59.944 E.30938
G1 X35.83 Y59.944 E.01546
G1 X27.319 Y51.434 E.32478
G1 X27.42 Y50.961 E.01305
G1 X36.404 Y59.944 E.34283
G1 X36.978 Y59.944 E.01549
G1 X27.485 Y50.451 E.36227
G1 X27.476 Y49.869 E.01571
G1 X37.551 Y59.944 E.38449
G1 X38.125 Y59.944 E.01549
G1 X27.335 Y49.155 E.41175
G1 X27.255 Y48.997 E.00478
;WIDTH:0.407168
G1 X27.176 Y48.84 E.00436
;WIDTH:0.374336
G1 X27.187 Y48.881 E.00096
G1 X27.116 Y48.9 E.00166
G1 X27.135 Y48.829 E.00166
G1 X26.732 Y47.977 F9000
;WIDTH:0.439999
G1 F3600
G1 X38.699 Y59.944 E.45669
G1 E-3.5
;WIPE_START
G1 F7200
G1 X36.466 Y57.711 E-1.5
;WIPE_END
G1 X26.47 Y47.69 F9000
G1 E5 F2400
;WIDTH:0.405032
G1 F3600
G1 X26.189 Y47.41 E.00978
;WIDTH:0.439999
G1 X25.903 Y47.148 E.01047
G1 X18.451 Y39.697 E.28437
G1 X18.407 Y39.539 E.00443
;WIDTH:0.407168
G1 X18.363 Y39.38 E.00409
;WIDTH:0.374336
G1 X18.374 Y39.421 E.00096
G1 X18.303 Y39.44 E.00166
G1 X18.322 Y39.369 E.00166
;WIDTH:0.439999
G1 X18.451 Y39.123 E.0075
G1 X39.272 Y59.944 E.79458
G1 X39.846 Y59.944 E.01549
G1 X18.451 Y38.55 E.81646
G1 X18.451 Y37.976 E.01549
G1 X40.42 Y59.944 E.83837
G1 X40.993 Y59.944 E.01546
G1 X18.451 Y37.402 E.86025
G1 X18.451 Y36.829 E.01546
G1 X41.567 Y59.944 E.88214
G1 X42.141 Y59.944 E.01549
G1 X18.451 Y36.255 E.90405
G1 X18.451 Y35.681 E.01549
G1 X42.715 Y59.944 E.92595
G1 X43.288 Y59.944 E.01546
G1 X18.451 Y35.107 E.94784
G1 X18.451 Y34.534 E.01546
G1 X43.862 Y59.944 E.96972
G1 X44.436 Y59.944 E.01549
G1 X18.451 Y33.96 E.99163
G1 X18.451 Y33.386 E.01549
G1 X45.009 Y59.944 E1.01351
G1 X45.583 Y59.944 E.01549
G1 X18.451 Y32.813 E1.0354
G1 X18.451 Y32.239 E.01549
G1 X46.157 Y59.944 E1.05731
G1 X46.73 Y59.944 E.01546
G1 X18.451 Y31.665 E1.07919
G1 X18.451 Y31.092 E.01546
G1 X47.304 Y59.944 E1.10108
G1 X47.878 Y59.944 E.01549
G1 X18.451 Y30.518 E1.12298
G1 X18.451 Y29.944 E.01549
G1 X48.452 Y59.944 E1.14489
G1 X49.025 Y59.944 E.01546
G1 X18.451 Y29.371 E1.16675
G1 X18.451 Y28.797 E.01549
G1 X49.599 Y59.944 E1.18866
G1 X50.173 Y59.944 E.01549
G1 X18.451 Y28.223 E1.21057
G1 X18.451 Y27.649 E.01549
G1 X50.746 Y59.944 E1.23245
G1 X51.32 Y59.944 E.01549
G1 X18.451 Y27.076 E1.25434
G1 X18.451 Y26.502 E.01549
G1 X51.894 Y59.944 E1.27624
G1 X52.467 Y59.944 E.01546
G1 X18.451 Y25.928 E1.29813
G1 X18.451 Y25.355 E.01546
G1 X53.041 Y59.944 E1.32001
G1 X53.932 Y60.033 F9000
;WIDTH:0.374336
G1 F3600
G1 X53.943 Y60.074 E.00096
G1 X53.872 Y60.093 E.00166
G1 X53.891 Y60.022 E.00166
;WIDTH:0.407168
G1 X53.753 Y59.983 E.00356
;WIDTH:0.439999
G1 X53.615 Y59.944 E.00387
G1 X18.451 Y24.781 E1.34192
G1 X18.451 Y24.207 E.01549
G1 X20.099 Y25.855 E.06289
G1 X20.208 Y25.999 E.00487
;WIDTH:0.407168
G1 X20.317 Y26.142 E.00446
;WIDTH:0.374336
G1 X20.928 Y26.861 E.02134
G1 X21.474 Y27.366 E.01682
G1 X21.747 Y27.575 E.00778
;WIDTH:0.439999
G1 X22.034 Y27.79 E.00968
G1 X54.188 Y59.944 E1.22707
G1 X54.762 Y59.944 E.01549
G1 X22.882 Y28.064 E1.21661
G1 X22.753 Y27.966 E.00437
;WIDTH:0.407168
G1 X22.625 Y27.869 E.00398
;WIDTH:0.374336
G1 X22.636 Y27.91 E.00096
G1 X22.565 Y27.929 E.00166
G1 X22.584 Y27.858 E.00166
G1 X23.519 Y28.127 F9000
;WIDTH:0.439999
G1 F3600
G1 X34.686 Y39.294 E.42616
G1 X34.949 Y39.581 E.0105
;WIDTH:0.405914
G1 X35.267 Y39.906 E.01124
;WIDTH:0.439999
G1 X35.554 Y40.162 E.01038
G1 X55.336 Y59.944 E.75493
G1 E-3.5
;WIPE_START
G1 F7200
G1 X53.103 Y57.711 E-1.5
;WIPE_END
G1 X48.48 Y52.515 F9000
G1 E5 F2400
G1 F3600
G1 X36.653 Y40.688 E.45135
G1 X36.598 Y40.594 E.00294
;WIDTH:0.407168
G1 X36.543 Y40.5 E.0027
;WIDTH:0.374336
G1 X36.367 Y40.521 E.00401
G1 X37.355 Y40.816 F9000
;WIDTH:0.439999
G1 F3600
G1 X47.944 Y51.406 E.40412
G1 X48.031 Y51.548 E.00449
;WIDTH:0.407168
G1 X48.118 Y51.69 E.00413
;WIDTH:0.374336
G1 X48.141 Y51.538 E.00348
G1 X48.121 Y51.462 E.00178
G1 X47.794 Y50.681 F9000
;WIDTH:0.439999
G1 F3600
G1 X37.925 Y40.812 E.37662
G1 X38.435 Y40.749 E.01387
G1 X47.772 Y50.086 E.35632
G1 X47.822 Y49.562 E.0142
G1 X38.863 Y40.604 E.34188
G1 X39.265 Y40.431 E.01181
G1 X47.949 Y49.115 E.3314
G1 X48.099 Y48.692 E.01211
G1 X39.626 Y40.218 E.32337
G1 X39.949 Y39.968 E.01102
G1 X48.299 Y48.318 E.31866
G1 X48.526 Y47.971 E.01119
G1 X40.247 Y39.692 E.31595
G1 X40.495 Y39.367 E.01103
G1 X48.784 Y47.656 E.31633
G1 X49.074 Y47.372 E.01095
G1 X40.729 Y39.027 E.31846
G1 X40.914 Y38.639 E.0116
G1 X49.386 Y47.11 E.32329
G1 X49.75 Y46.9 E.01134
G1 X41.06 Y38.21 E.33163
G1 X41.163 Y37.74 E.01298
G1 X50.128 Y46.705 E.34212
G1 X50.557 Y46.56 E.01222
G1 X41.197 Y37.201 E.35718
G1 X40.946 Y36.234 F9000
;WIDTH:0.374336
G1 F3600
G1 X40.927 Y36.305 E.00166
G1 X40.998 Y36.286 E.00166
G1 X40.987 Y36.245 E.00096
;WIDTH:0.407168
G1 X41.058 Y36.402 E.00427
;WIDTH:0.439999
G1 X41.13 Y36.559 E.00466
G1 X51.027 Y46.456 E.37769
G1 X51.814 Y46.488 E.02125
;WIDTH:0.374336
G1 X51.795 Y46.559 E.00166
G1 X51.866 Y46.54 E.00166
G1 X51.855 Y46.499 E.00096
;WIDTH:0.407168
G1 X51.699 Y46.448 E.00407
;WIDTH:0.439999
G1 X51.542 Y46.398 E.00445
G1 X40.799 Y35.655 E.40998
G1 E-3.5
;WIPE_START
G1 F7200
G1 X43.032 Y37.888 E-1.5
;WIPE_END
G1 X34.386 Y38.31 F9000
G1 E5 F2400
;WIDTH:0.374336
G1 F3600
G1 X34.378 Y38.525 E.00487
;WIDTH:0.407168
G1 X34.292 Y38.382 E.00414
;WIDTH:0.439999
G1 X34.205 Y38.24 E.00449
G1 X24.064 Y28.098 E.38702
G1 X24.561 Y28.022 E.01357
G1 X34.071 Y37.532 E.36292
G1 X34.08 Y36.967 E.01525
G1 X24.989 Y27.877 E.34691
G1 X25.387 Y27.701 E.01174
G1 X34.161 Y36.474 E.33482
G1 X34.281 Y36.021 E.01265
G1 X25.745 Y27.485 E.32575
G1 X26.084 Y27.25 E.01113
G1 X34.468 Y35.635 E.31997
G1 X34.678 Y35.271 E.01134
G1 X26.378 Y26.971 E.31675
G1 X26.652 Y26.67 E.01098
G1 X34.928 Y34.947 E.31585
G1 X35.209 Y34.655 E.01094
G1 X26.887 Y26.333 E.31759
G1 X27.093 Y25.965 E.01138
G1 X35.515 Y34.386 E.32138
G1 X35.875 Y34.173 E.01129
G1 X27.267 Y25.565 E.3285
G1 X27.389 Y25.113 E.01263
G1 X36.255 Y33.979 E.33835
G1 X36.682 Y33.833 E.01218
G1 X27.478 Y24.628 E.35126
G1 X27.488 Y24.065 E.01519
G1 X37.166 Y33.743 E.36933
G1 X37.703 Y33.706 E.01453
G1 X27.386 Y23.389 E.39372
G1 X27.32 Y23.232 E.0046
;WIDTH:0.407168
G1 X27.253 Y23.074 E.00426
;WIDTH:0.374336
G1 X27.264 Y23.115 E.00096
G1 X27.193 Y23.135 E.00167
G1 X27.212 Y23.063 E.00168
;WIDTH:0.439999
G1 X27.067 Y22.496 E.01579
G1 X38.346 Y33.775 E.43043
G1 X38.504 Y33.848 E.0047
;WIDTH:0.407168
G1 X38.663 Y33.92 E.00433
;WIDTH:0.374336
G1 X38.674 Y33.961 E.00096
G1 X38.603 Y33.98 E.00166
G1 X38.622 Y33.909 E.00166
G1 E-3.5
;WIPE_START
G1 F7200
G1 X38.603 Y33.98 E-.03491
G1 X38.674 Y33.961 E-.03491
G1 X38.663 Y33.92 E-.02016
G1 X38.504 Y33.848 E-.08291
G1 X38.346 Y33.775 E-.08267
G1 X36.493 Y31.923 E-1.24444
;WIPE_END
G1 X55.903 Y24.031 F9000
G1 E5 F2400
;WIDTH:0.493718
G1 F3600
G1 X55.912 Y24.391 E.011
;WIDTH:0.509953
G1 X55.894 Y24.867 E.01507
G1 X55.785 Y25.246 E.01248
;WIDTH:0.474976
G1 X55.676 Y25.625 E.01156
;WIDTH:0.439999
G1 X55.402 Y26.26 E.01866
G1 X55.221 Y26.555 E.00934
G1 X56.398 Y27.733 E.04494
G1 X56.398 Y25.711 E.05456
;WIDTH:0.474976
G1 X56.381 Y25.317 E.01156
;WIDTH:0.509953
G1 X56.363 Y24.923 E.01248
G1 X56.371 Y24.397 E.01664
;WIDTH:0.493718
G1 X56.371 Y24.285 E.00342
G1 X55.898 Y23.828 E.0201
G1 X56.032 Y25.711 F9000
;WIDTH:0.352749
G1 F3600
G1 X56.036 Y26.859 E.02432
G1 X55.683 Y26.505 E.01059
G1 X55.952 Y25.897 E.01408
G1 E-3.5
;WIPE_START
G1 F7200
G1 X55.683 Y26.505 E-.3158
G1 X56.036 Y26.859 E-.23746
G1 X56.032 Y25.711 E-.5453
;WIPE_END
G1 E-.40144 F3600
G1 X48.746 Y52.802 F9000
G1 E5 F2400
;WIDTH:0.41052
G1 F3600
G1 X49.089 Y53.154 E.0123
;WIDTH:0.439999
G1 X49.375 Y53.41 E.01036
G1 X55.91 Y59.944 E.24937
G1 X56.483 Y59.944 E.01546
G1 X50.501 Y53.962 E.22829
G1 X50.523 Y53.884 E.00219
;WIDTH:0.407168
G1 X50.546 Y53.805 E.00204
;WIDTH:0.374336
G1 X50.369 Y53.76 E.00413
G1 X50.214 Y53.781 E.00354
G1 X51.221 Y54.109 F9000
;WIDTH:0.439999
G1 F3600
G1 X56.804 Y59.691 E.21304
G1 X56.804 Y59.118 E.01546
G1 X51.814 Y54.128 E.19043
G1 X52.329 Y54.069 E.01399
G1 X56.804 Y58.544 E.17078
G1 X56.804 Y57.97 E.01549
G1 X52.781 Y53.947 E.15353
G1 X53.206 Y53.799 E.01214
G1 X56.804 Y57.397 E.13731
G1 X56.804 Y56.823 E.01549
G1 X53.58 Y53.599 E.12304
G1 X53.931 Y53.376 E.01122
G1 X56.804 Y56.249 E.10964
G1 X56.804 Y55.676 E.01546
G1 X54.24 Y53.112 E.09785
G1 X54.529 Y52.827 E.01095
G1 X56.804 Y55.102 E.08682
G1 E-3.5
;WIPE_START
G1 F7200
G1 X54.571 Y52.869 E-1.5
;WIPE_END
G1 X55.321 Y49.149 F9000
G1 E5 F2400
G1 F3600
G1 X55.364 Y49.263 E.00329
G1 X55.486 Y49.983 E.01971
G1 X55.471 Y50.722 E.01995
G1 X55.282 Y51.531 E.02242
G1 X55.011 Y52.139 E.01796
G1 X54.772 Y52.496 E.01159
G1 X56.804 Y54.528 E.07755
G1 X56.804 Y50.369 E.11223
G1 X56.661 Y50.369 E.00386
G1 X55.251 Y48.959 E.05381
G1 X55.919 Y50.243 F9000
;WIDTH:0.499268
G1 F3600
G1 X56.369 Y50.677 E.01934
;WIDTH:0.509953
G1 X56.381 Y51.317 E.02025
;WIDTH:0.474976
G1 X56.398 Y51.711 E.01156
;WIDTH:0.439999
G1 X56.398 Y53.549 E.0496
G1 X55.296 Y52.447 E.04205
G1 X55.452 Y52.15 E.00905
G1 X55.676 Y51.625 E.0154
;WIDTH:0.469634
G1 X55.79 Y51.198 E.0128
;WIDTH:0.499268
G1 X55.905 Y50.77 E.01371
G1 X55.913 Y50.445 E.01005
G1 X55.884 Y52.283 F9000
;WIDTH:0.619122
G1 F3600
G1 X55.833 Y52.334 E.00281
G1 X55.851 Y52.405 E.00285
G1 X55.922 Y52.424 E.00286
G1 X55.974 Y52.372 E.00286
G1 X55.955 Y52.302 E.00282
G1 E-3.5
;WIPE_START
G1 F7200
G1 X55.974 Y52.372 E-.03445
G1 X55.922 Y52.424 E-.03493
G1 X55.851 Y52.405 E-.03491
G1 X55.833 Y52.334 E-.03479
G1 X55.884 Y52.283 E-.03426
;WIPE_END
G1 E-1.32666 F3600
G1 X20.025 Y25.264 F9000
G1 E5 F2400
;WIDTH:0.374336
G1 F3600
G1 X20.036 Y25.305 E.00096
G1 X19.965 Y25.324 E.00166
G1 X19.984 Y25.253 E.00166
;WIDTH:0.407168
G1 X19.905 Y25.13 E.00363
;WIDTH:0.439999
G1 X19.825 Y25.008 E.00394
G1 X18.451 Y23.634 E.05243
G1 X18.451 Y18.591 E.13608
G1 X19.8 Y18.58 E.0364
G1 X20.261 Y18.433 E.01306
G1 X20.561 Y18.213 E.01004
G1 X20.778 Y17.929 E.00964
G1 X23.273 Y20.424 E.09521
G1 X22.752 Y20.496 E.01419
G1 X22.018 Y20.746 E.02092
G1 X21.346 Y21.14 E.02102
G1 X20.861 Y21.564 E.01738
G1 X20.384 Y22.16 E.0206
G1 X20.083 Y22.714 E.01701
G1 X19.856 Y23.407 E.01968
G1 X19.763 Y24.372 E.02616
G1 X18.637 Y23.245 E.04299
G1 X18.857 Y22.916 E.01068
G1 X18.857 Y18.993 E.10586
G1 X19.882 Y18.98 E.02766
G1 X20.393 Y18.817 E.01447
G1 X20.809 Y18.534 E.01358
G1 X22.446 Y20.171 E.06247
G1 X21.815 Y20.395 E.01807
G1 X21.08 Y20.833 E.02309
G1 X20.545 Y21.309 E.01932
G1 X20.028 Y21.965 E.02254
G1 X19.742 Y22.486 E.01604
G1 X19.609 Y22.854 E.01056
G1 X19.44 Y23.474 E.01734
G1 X19.005 Y23.055 E.0163
G1 X19.263 Y22.61 E.01388
G1 X19.263 Y19.396 E.08673
G1 X19.938 Y19.382 E.01822
G1 X20.42 Y19.237 E.01358
G1 X20.77 Y19.068 E.01049
G1 X21.704 Y20.002 E.03564
G1 X20.814 Y20.527 E.02788
G1 X20.23 Y21.054 E.02123
G1 X19.672 Y21.77 E.0245
G1 X19.386 Y22.291 E.01604
G1 X19.336 Y22.421 E.00376
G1 X19.668 Y21.104 F9000
G1 F3600
G1 X19.668 Y19.798 E.03524
G1 X19.994 Y19.784 E.00881
G1 X20.693 Y19.564 E.01977
G1 X21.036 Y19.908 E.01311
G1 X20.554 Y20.216 E.01544
G1 X20.089 Y20.618 E.01659
G1 X19.801 Y20.951 E.01188
G1 E-3.5
;WIPE_START
G1 F7200
G1 X20.089 Y20.618 E-.20913
G1 X20.554 Y20.216 E-.29197
G1 X21.036 Y19.908 E-.2717
G1 X20.693 Y19.564 E-.23075
G1 X19.994 Y19.784 E-.34808
G1 X19.682 Y19.798 E-.14837
;WIPE_END
G1 X20.93 Y17.507 F9000
G1 E5 F2400
G1 F3600
G1 X23.835 Y20.412 E.11086
G1 X24.785 Y20.666 F9000
;WIDTH:0.374336
G1 F3600
G1 X24.561 Y20.684 E.00508
;WIDTH:0.407168
G1 X24.53 Y20.593 E.00238
;WIDTH:0.439999
G1 X24.498 Y20.501 E.00263
G1 X20.951 Y16.955 E.13534
G1 X20.822 Y16.053 F9000
;WIDTH:0.374336
G1 F3600
G1 X20.803 Y16.124 E.00166
G1 X20.874 Y16.105 E.00166
G1 X20.863 Y16.064 E.00096
;WIDTH:0.407168
G1 X20.907 Y16.222 E.00407
;WIDTH:0.439999
G1 X20.951 Y16.381 E.00445
G1 X25.402 Y20.831 E.16984
G1 X25.545 Y20.945 E.00493
;WIDTH:0.407168
G1 X25.689 Y21.06 E.00457
;WIDTH:0.374336
G1 X26.086 Y21.393 E.01172
G1 X26.841 Y22.21 E.02516
G1 E-3.5
;WIPE_START
G1 F7200
G1 X26.086 Y21.393 E-.52841
G1 X25.689 Y21.06 E-.24613
G1 X25.545 Y20.945 E-.08754
G1 X25.402 Y20.831 E-.08687
G1 X24.582 Y20.011 E-.55105
;WIPE_END
G1 X20.855 Y15.465 F9000
G1 E5 F2400
G1 F3600
G1 X20.836 Y15.536 E.00166
G1 X20.907 Y15.517 E.00166
G1 X20.896 Y15.476 E.00096
;WIDTH:0.407168
G1 X20.924 Y15.642 E.00418
;WIDTH:0.439999
G1 X20.951 Y15.807 E.00451
G1 X39.246 Y34.102 E.69818
G1 X39.389 Y34.207 E.00479
;WIDTH:0.407168
G1 X39.533 Y34.312 E.00442
;WIDTH:0.374336
G1 X40.091 Y34.813 E.01696
G1 X40.583 Y35.368 E.01677
G1 E-3.5
;WIPE_START
G1 F7200
G1 X40.091 Y34.813 E-.3523
G1 X39.533 Y34.312 E-.35621
G1 X39.389 Y34.207 E-.08465
G1 X39.246 Y34.102 E-.08427
G1 X38.319 Y33.175 E-.62257
;WIPE_END
G1 X52.159 Y46.441 F9000
G1 E5 F2400
;WIDTH:0.439999
G1 F3600
G1 X21.31 Y15.592 E1.17727
G1 X21.883 Y15.592 E.01546
G1 X52.919 Y46.627 E1.18439
G1 X52.894 Y46.701 E.00211
;WIDTH:0.407168
G1 X52.869 Y46.775 E.00194
;WIDTH:0.374336
G1 X53.13 Y46.838 E.00607
G1 X53.206 Y46.824 E.00175
G1 E-3.5
;WIPE_START
G1 F7200
G1 X53.13 Y46.838 E-.03671
G1 X52.869 Y46.775 E-.12754
G1 X52.894 Y46.701 E-.0371
G1 X52.919 Y46.627 E-.0371
G1 X51.041 Y44.749 E-1.26155
;WIPE_END
G1 X56.804 Y49.939 F9000
G1 E5 F2400
;WIDTH:0.439999
G1 F3600
G1 X22.457 Y15.592 E1.31076
G1 X23.031 Y15.592 E.01549
G1 X56.804 Y49.365 E1.28885
G1 X56.804 Y48.791 E.01549
G1 X23.604 Y15.592 E1.26697
G1 X24.178 Y15.592 E.01549
G1 X56.804 Y48.218 E1.24508
G1 X56.804 Y47.644 E.01549
G1 X24.752 Y15.592 E1.22318
G1 X25.326 Y15.592 E.01549
G1 X56.804 Y47.07 E1.20127
G1 X56.804 Y46.496 E.01549
G1 X25.899 Y15.592 E1.17939
G1 X26.473 Y15.592 E.01549
G1 X56.804 Y45.923 E1.1575
G1 X56.804 Y45.349 E.01549
G1 X27.047 Y15.592 E1.1356
G1 X27.62 Y15.592 E.01546
G1 X56.804 Y44.775 E1.11371
G1 X56.804 Y44.202 E.01546
G1 X28.194 Y15.592 E1.09182
G1 X28.768 Y15.592 E.01549
G1 X56.804 Y43.628 E1.06992
G1 X56.804 Y43.054 E.01549
G1 X29.341 Y15.592 E1.04803
G1 X29.915 Y15.592 E.01549
G1 X56.804 Y42.481 E1.02615
G1 X56.804 Y41.907 E.01549
G1 X30.489 Y15.592 E1.00424
G1 X31.063 Y15.592 E.01549
G1 X56.804 Y41.333 E.98234
G1 X56.804 Y40.76 E.01546
G1 X31.636 Y15.592 E.96047
G1 X32.21 Y15.592 E.01549
G1 X56.804 Y40.186 E.93856
G1 X56.804 Y39.612 E.01549
G1 X32.784 Y15.592 E.91666
G1 X33.357 Y15.592 E.01546
G1 X56.804 Y39.038 E.89477
G1 X56.804 Y38.465 E.01546
G1 X33.931 Y15.592 E.87289
G1 X34.505 Y15.592 E.01549
G1 X56.804 Y37.891 E.85098
G1 X56.804 Y37.317 E.01549
G1 X35.078 Y15.592 E.82909
G1 X35.652 Y15.592 E.01549
G1 X56.804 Y36.744 E.80721
G1 X56.804 Y36.17 E.01549
G1 X36.226 Y15.592 E.7853
G1 X36.799 Y15.592 E.01546
G1 X56.804 Y35.596 E.76342
G1 X56.953 Y34.706 F9000
;WIDTH:0.374336
G1 F3600
G1 X56.964 Y34.747 E.00096
G1 X56.893 Y34.766 E.00166
G1 X56.912 Y34.695 E.00166
;WIDTH:0.407168
G1 X56.858 Y34.859 E.00428
;WIDTH:0.439999
G1 X56.804 Y35.023 E.00466
G1 X37.373 Y15.592 E.74153
G1 X37.947 Y15.592 E.01549
G1 X48.024 Y25.669 E.38456
G1 X48.125 Y25.813 E.00475
;WIDTH:0.407168
G1 X48.226 Y25.956 E.00434
;WIDTH:0.374336
G1 X48.526 Y26.358 E.01134
G1 X48.843 Y26.703 E.0106
G1 X49.951 Y27.677 F9000
G1 F3600
G1 X50.112 Y27.673 E.00364
G1 X50.284 Y27.738 E.00416
G1 X50.148 Y27.701 E.00319
;WIDTH:0.407168
G1 X50.193 Y27.792 E.00252
;WIDTH:0.439999
G1 X50.238 Y27.883 E.00274
G1 X56.804 Y34.449 E.25057
G1 X56.804 Y33.875 E.01549
G1 X51.018 Y28.089 E.22081
G1 X51.638 Y28.135 E.01678
G1 X56.804 Y33.302 E.19717
G1 X56.804 Y32.728 E.01549
G1 X52.166 Y28.09 E.177
G1 X52.648 Y27.998 E.01324
G1 X56.804 Y32.154 E.1586
G1 X56.804 Y31.58 E.01549
G1 X53.078 Y27.854 E.14219
G1 X53.464 Y27.666 E.01159
G1 X56.804 Y31.007 E.12748
G1 X56.804 Y30.433 E.01549
G1 X53.824 Y27.453 E.11372
G1 X54.143 Y27.198 E.01102
G1 X56.804 Y29.859 E.10155
G1 X57.007 Y29.411 E.01327
;WIDTH:0.374336
G1 X57.018 Y29.452 E.00096
G1 X56.947 Y29.471 E.00166
G1 X56.966 Y29.4 E.00166
;WIDTH:0.407168
G1 X56.885 Y29.343 E.00246
;WIDTH:0.439999
G1 X56.804 Y29.286 E.00267
G1 X54.441 Y26.923 E.09018
G1 E-3.5
;WIPE_START
G1 F7200
G1 X56.674 Y29.156 E-1.5
;WIPE_END
G1 X48 Y25.139 F9000
G1 E5 F2400
;WIDTH:0.374336
G1 F3600
G1 X48.011 Y25.18 E.00096
G1 X47.94 Y25.199 E.00166
G1 X47.959 Y25.128 E.00166
;WIDTH:0.407168
G1 X47.887 Y25.007 E.00349
;WIDTH:0.439999
G1 X47.814 Y24.885 E.00384
G1 X38.521 Y15.592 E.35464
G1 X39.094 Y15.592 E.01546
G1 X47.76 Y24.257 E.3307
G1 X47.808 Y23.732 E.01423
G1 X39.668 Y15.592 E.31064
G1 X40.242 Y15.592 E.01549
G1 X47.906 Y23.256 E.29248
G1 X48.041 Y22.817 E.01239
G1 X40.815 Y15.592 E.27574
G1 X41.389 Y15.592 E.01549
G1 X48.233 Y22.435 E.26116
G1 X48.443 Y22.072 E.01132
G1 X41.963 Y15.592 E.24729
G1 X42.536 Y15.592 E.01546
G1 X48.697 Y21.753 E.23512
G1 X48.979 Y21.461 E.01095
G1 X43.11 Y15.592 E.22397
G1 X43.684 Y15.592 E.01549
G1 X49.282 Y21.189 E.21361
G1 X49.629 Y20.964 E.01116
G1 X44.257 Y15.592 E.20501
G1 X44.831 Y15.592 E.01549
G1 X49.999 Y20.76 E.19722
G1 X50.415 Y20.602 E.01201
G1 X45.405 Y15.592 E.19119
G1 X45.979 Y15.592 E.01549
G1 X50.861 Y20.474 E.18631
G1 X51.37 Y20.409 E.01385
G1 X46.552 Y15.592 E.18385
G1 X47.126 Y15.592 E.01549
G1 X51.942 Y20.408 E.18379
G1 X52.915 Y20.677 F9000
;WIDTH:0.374336
G1 F3600
G1 X52.896 Y20.748 E.00166
G1 X52.967 Y20.729 E.00166
G1 X52.956 Y20.688 E.00096
;WIDTH:0.407168
G1 X52.798 Y20.61 E.00437
;WIDTH:0.439999
G1 X52.639 Y20.531 E.00479
G1 X47.7 Y15.592 E.18848
G1 X48.273 Y15.592 E.01546
G1 X53.686 Y21.005 E.20657
G1 X53.973 Y21.242 E.01004
;WIDTH:0.374336
G1 X54.643 Y21.906 E.02133
;WIDTH:0.375542
G1 X54.648 Y21.912 E.00018
;WIDTH:0.407771
G1 X54.892 Y22.183 E.00906
;WIDTH:0.439999
G1 X55.137 Y22.455 E.00988
G1 X56.661 Y23.979 E.05816
G1 X56.804 Y23.979 E.00386
G1 X56.804 Y28.712 E.12772
G1 X54.694 Y26.602 E.08052
G1 X55.032 Y26.093 E.01649
G1 X55.282 Y25.531 E.0166
G1 X55.471 Y24.722 E.02242
G1 X55.486 Y23.983 E.01995
G1 X55.353 Y23.224 E.02079
G1 X55.072 Y22.507 E.02078
G1 X54.765 Y22.077 E.01426
G1 E-3.5
;WIPE_START
G1 F7200
G1 X55.072 Y22.507 E-.25096
G1 X55.353 Y23.224 E-.3658
G1 X55.486 Y23.983 E-.36602
G1 X55.471 Y24.722 E-.3511
G1 X55.391 Y25.062 E-.16612
;WIPE_END
G1 X56.804 Y23.549 F9000
G1 E5 F2400
G1 F3600
G1 X48.847 Y15.592 E.30366
G1 X49.421 Y15.592 E.01549
G1 X56.804 Y22.975 E.28175
G1 X56.804 Y22.401 E.01549
G1 X49.994 Y15.592 E.25987
G1 X50.568 Y15.592 E.01549
G1 X56.804 Y21.828 E.23798
G1 X56.804 Y21.254 E.01549
G1 X51.142 Y15.592 E.21607
G1 X51.715 Y15.592 E.01546
G1 X56.804 Y20.68 E.19419
G1 X56.878 Y20.522 E.00471
;WIDTH:0.407168
G1 X56.953 Y20.363 E.00436
;WIDTH:0.374336
G1 X56.964 Y20.404 E.00096
G1 X56.893 Y20.423 E.00166
G1 X56.912 Y20.352 E.00166
G1 E-3.5
;WIPE_START
G1 F7200
G1 X56.893 Y20.423 E-.03491
G1 X56.964 Y20.404 E-.03491
G1 X56.953 Y20.363 E-.02016
G1 X56.878 Y20.522 E-.08351
G1 X56.804 Y20.68 E-.08287
G1 X54.953 Y18.829 E-1.24364
;WIPE_END
G1 X54.362 Y17.665 F9000
G1 E5 F2400
;WIDTH:0.439999
G1 F3600
G1 X52.289 Y15.592 E.07911
G1 X52.696 Y15.378 E.01241
;WIDTH:0.374336
G1 X52.677 Y15.449 E.00166
G1 X52.748 Y15.43 E.00166
G1 X52.737 Y15.389 E.00096
;WIDTH:0.407168
G1 X52.8 Y15.49 E.00295
;WIDTH:0.439999
G1 X52.863 Y15.592 E.00324
G1 X54.304 Y17.033 E.05499
G1 X53.642 Y15.761 F9000
;WIDTH:0.49123
G1 F3600
G1 X54.278 Y16.397 E.02734
G1 X54.278 Y15.617 E.02371
G1 X53.498 Y15.617 E.02371
G1 E-3.5
;WIPE_START
G1 F7200
G1 X54.278 Y15.617 E-.3705
G1 X54.278 Y16.397 E-.3705
G1 X53.642 Y15.761 E-.42723
;WIPE_END
G1 E-.33177 F3600
G1 X54.564 Y17.952 F9000
G1 E5 F2400
;WIDTH:0.374336
G1 F3600
G1 X54.94 Y18.329 E.01204
;WIDTH:0.407168
G1 X55.084 Y18.429 E.00435
;WIDTH:0.439999
G1 X55.227 Y18.53 E.00472
G1 X56.804 Y20.107 E.06018
G1 X57.007 Y19.659 E.01327
;WIDTH:0.374336
G1 X57.018 Y19.7 E.00096
G1 X56.947 Y19.719 E.00166
G1 X56.966 Y19.648 E.00166
;WIDTH:0.407168
G1 X56.885 Y19.59 E.00247
;WIDTH:0.439999
G1 X56.804 Y19.533 E.00267
G1 X55.863 Y18.592 E.03591
G1 X56.676 Y18.624 F9000
;WIDTH:0.655232
G1 F3600
G1 X56.621 Y18.679 E.00321
G1 X56.642 Y18.754 E.00322
G1 X56.716 Y18.774 E.00317
G1 X56.771 Y18.719 E.00321
G1 X56.751 Y18.644 E.00321
;LAYER_CHANGE
;Z:0.68
;HEIGHT:0.16
;BEFORE_LAYER_CHANGE
G92 E0
;0.68


G1 E-3.5 F3600
;WIPE_START
G1 F7200
G1 X56.771 Y18.719 E-.03687
G1 X56.716 Y18.774 E-.03695
G1 X56.642 Y18.754 E-.03641
G1 X56.621 Y18.679 E-.037
G1 X56.676 Y18.624 E-.03695
;WIPE_END
G1 E-1.31582 F3600
G1 Z.68 F9000
;AFTER_LAYER_CHANGE
;0.68
G1 X40.003 Y35.064
G1 E5 F2400
;TYPE:Perimeter
;WIDTH:0.439999
G1 F1800
G1 X40.263 Y35.352 E.01047
G1 X40.59 Y35.912 E.0175
G1 X40.8 Y36.526 E.01751
G1 X40.884 Y37.153 E.01707
G1 X40.861 Y37.677 E.01415
G1 X40.752 Y38.168 E.01357
G1 X40.654 Y38.475 E.0087
G1 X40.413 Y38.964 E.01471
G1 X40.082 Y39.41 E.01499
G1 X39.609 Y39.854 E.01751
G1 X39.057 Y40.196 E.01752
G1 X38.449 Y40.421 E.01749
G1 X37.808 Y40.521 E.01751
G1 X37.16 Y40.492 E.0175
G1 X36.53 Y40.336 E.01751
G1 X36.021 Y40.097 E.01517
G1 X35.778 Y39.95 E.00766
G1 X35.379 Y39.629 E.01382
G1 X34.993 Y39.184 E.0159
G1 X34.665 Y38.624 E.01751
G1 X34.455 Y38.01 E.01751
G1 X34.376 Y37.487 E.01427
G1 X34.393 Y36.878 E.01644
G1 X34.534 Y36.247 E.01745
G1 X34.797 Y35.654 E.01751
G1 X35.134 Y35.177 E.01576
G1 X35.646 Y34.682 E.01922
G1 X36.198 Y34.34 E.01752
G1 X36.807 Y34.115 E.01752
G1 X37.448 Y34.015 E.01751
G1 X37.98 Y34.035 E.01437
G1 X38.33 Y34.089 E.00956
G1 X38.893 Y34.265 E.01592
G1 X39.391 Y34.524 E.01515
G1 X39.813 Y34.854 E.01446
G1 X39.963 Y35.02 E.00604
G1 X39.708 Y35.338 F9000
G1 F1800
G1 X39.952 Y35.613 E.00992
G1 X40.234 Y36.106 E.01533
G1 X40.412 Y36.645 E.01532
G1 X40.48 Y37.194 E.01493
G1 X40.448 Y37.712 E.014
G1 X40.313 Y38.239 E.01468
G1 X40.093 Y38.706 E.01393
G1 X39.759 Y39.166 E.01534
G1 X39.341 Y39.55 E.01532
G1 X38.854 Y39.844 E.01535
G1 X38.32 Y40.036 E.01531
G1 X37.757 Y40.119 E.01536
G1 X37.19 Y40.088 E.01532
G1 X36.64 Y39.945 E.01534
G1 X36.129 Y39.696 E.01534
G1 X35.695 Y39.365 E.01473
G1 X35.304 Y38.924 E.0159
G1 X35.022 Y38.43 E.01535
G1 X34.843 Y37.891 E.01533
G1 X34.775 Y37.388 E.0137
G1 X34.803 Y36.85 E.01454
G1 X34.927 Y36.347 E.01398
G1 X35.163 Y35.83 E.01534
G1 X35.458 Y35.422 E.01359
G1 X35.915 Y34.986 E.01704
G1 X36.401 Y34.692 E.01533
G1 X36.936 Y34.5 E.01534
G1 X37.498 Y34.418 E.01533
G1 X38.065 Y34.448 E.01532
G1 X38.615 Y34.591 E.01534
G1 X39.126 Y34.84 E.01534
G1 X39.56 Y35.171 E.01473
G1 X39.668 Y35.293 E.0044
G1 X39.423 Y35.602 F9000
;TYPE:External perimeter
;WIDTH:0.419999
G1 F1800
G1 X39.689 Y35.933 E.01089
G1 X39.932 Y36.432 E.01424
G1 X40.042 Y36.799 E.00983
G1 X40.087 Y37.268 E.01209
G1 X40.056 Y37.654 E.00993
G1 X39.932 Y38.127 E.01254
G1 X39.716 Y38.567 E.01257
G1 X39.412 Y38.96 E.01275
G1 X38.987 Y39.311 E.01414
G1 X38.488 Y39.562 E.01433
G1 X38.156 Y39.67 E.00896
G1 X37.67 Y39.727 E.01255
G1 X37.182 Y39.686 E.01256
G1 X36.711 Y39.55 E.01258
G1 X36.277 Y39.323 E.01257
G1 X35.897 Y39.015 E.01255
G1 X35.567 Y38.604 E.01352
G1 X35.323 Y38.105 E.01425
G1 X35.214 Y37.741 E.00975
G1 X35.17 Y37.357 E.00992
G1 X35.199 Y36.883 E.01218
G1 X35.323 Y36.409 E.01257
G1 X35.539 Y35.969 E.01257
G1 X35.838 Y35.581 E.01257
G1 X36.208 Y35.26 E.01257
G1 X36.634 Y35.019 E.01256
G1 X37.074 Y34.871 E.01191
G1 X37.571 Y34.809 E.01285
G1 X38.074 Y34.85 E.01295
G1 X38.544 Y34.986 E.01255
G1 X38.978 Y35.213 E.01257
G1 X39.358 Y35.521 E.01255
G1 X39.386 Y35.555 E.00113
G1 E-3.5 F3600
;WIPE_START
G1 F7200
G1 X39.423 Y35.602 E-.02841
G1 X39.689 Y35.933 E-.2017
G1 X39.932 Y36.432 E-.26364
G1 X40.042 Y36.799 E-.18199
G1 X40.087 Y37.268 E-.2238
G1 X40.056 Y37.654 E-.18394
G1 X39.932 Y38.127 E-.23227
G1 X39.761 Y38.475 E-.18425
;WIPE_END
G1 X49.025 Y26.684 F9000
G1 E5 F2400
;TYPE:Perimeter
;WIDTH:0.439999
G1 F1800
G1 X48.983 Y26.645 E.00155
G1 X48.598 Y26.124 E.01748
G1 X48.315 Y25.546 E.01737
G1 X48.195 Y25.194 E.01004
G1 X48.084 Y24.55 E.01763
G1 X48.096 Y23.834 E.01932
G1 X48.252 Y23.145 E.01906
G1 X48.541 Y22.498 E.01912
G1 X48.953 Y21.922 E.01911
G1 X49.471 Y21.438 E.01913
G1 X50.075 Y21.067 E.01913
G1 X50.74 Y20.823 E.01911
G1 X51.44 Y20.715 E.01911
G1 X51.992 Y20.729 E.0149
G1 X52.496 Y20.818 E.01381
G1 X53.162 Y21.058 E.0191
G1 X53.768 Y21.426 E.01913
G1 X54.288 Y21.906 E.0191
G1 X54.704 Y22.48 E.01913
G1 X54.997 Y23.125 E.01912
G1 X55.177 Y24.102 E.02681
G1 X55.181 Y24.373 E.00731
G1 X55.102 Y25.022 E.01764
G1 X54.875 Y25.722 E.01986
G1 X54.522 Y26.337 E.01914
G1 X54.055 Y26.869 E.0191
G1 X53.492 Y27.299 E.01912
G1 X52.854 Y27.608 E.01913
G1 X52.168 Y27.785 E.01912
G1 X51.461 Y27.822 E.0191
G1 X50.76 Y27.718 E.01912
G1 X50.093 Y27.478 E.01913
G1 X49.488 Y27.11 E.01911
G1 X49.069 Y26.724 E.01537
G1 X49.322 Y26.408 F9000
G1 F1800
G1 X49.266 Y26.355 E.00208
G1 X48.933 Y25.895 E.01532
G1 X48.689 Y25.388 E.01518
G1 X48.595 Y25.125 E.00754
G1 X48.483 Y24.481 E.01764
G1 X48.501 Y23.855 E.0169
G1 X48.645 Y23.245 E.01691
G1 X48.907 Y22.674 E.01695
G1 X49.277 Y22.167 E.01694
G1 X49.74 Y21.742 E.01696
G1 X50.278 Y21.418 E.01695
G1 X50.869 Y21.207 E.01693
G1 X51.491 Y21.118 E.01696
G1 X51.922 Y21.128 E.01163
G1 X52.425 Y21.217 E.01378
G1 X53.014 Y21.436 E.01696
G1 X53.548 Y21.767 E.01695
G1 X54.005 Y22.197 E.01693
G1 X54.368 Y22.709 E.01694
G1 X54.623 Y23.283 E.01695
G1 X54.776 Y24.163 E.0241
G1 X54.7 Y24.973 E.02195
G1 X54.494 Y25.583 E.01737
G1 X54.176 Y26.125 E.01696
G1 X53.758 Y26.593 E.01693
G1 X53.255 Y26.969 E.01695
G1 X52.687 Y27.238 E.01696
G1 X52.078 Y27.389 E.01693
G1 X51.451 Y27.416 E.01694
G1 X50.83 Y27.319 E.01696
G1 X50.242 Y27.1 E.01693
G1 X49.708 Y26.77 E.01694
G1 X49.366 Y26.449 E.01266
G1 X49.612 Y26.139 F9000
;TYPE:External perimeter
;WIDTH:0.419999
G1 F1800
G1 X49.542 Y26.072 E.00249
G1 X49.214 Y25.604 E.01466
G1 X48.997 Y25.1 E.01408
G1 X48.873 Y24.413 E.01791
G1 X48.897 Y23.876 E.01379
G1 X49.028 Y23.342 E.01411
G1 X49.263 Y22.846 E.01408
G1 X49.592 Y22.405 E.01412
G1 X50.002 Y22.039 E.0141
G1 X50.475 Y21.761 E.01408
G1 X50.995 Y21.582 E.01411
G1 X51.54 Y21.51 E.0141
G1 X51.853 Y21.518 E.00803
G1 X52.356 Y21.607 E.0131
G1 X52.869 Y21.804 E.0141
G1 X53.333 Y22.099 E.01411
G1 X53.729 Y22.48 E.0141
G1 X54.042 Y22.932 E.0141
G1 X54.259 Y23.436 E.01408
G1 X54.385 Y24.223 E.02045
G1 X54.307 Y24.925 E.01812
G1 X54.122 Y25.448 E.01423
G1 X53.839 Y25.919 E.0141
G1 X53.468 Y26.324 E.01409
G1 X53.024 Y26.648 E.0141
G1 X52.525 Y26.877 E.01409
G1 X51.99 Y27.003 E.0141
G1 X51.441 Y27.021 E.01409
G1 X50.899 Y26.929 E.0141
G1 X50.386 Y26.732 E.0141
G1 X49.922 Y26.437 E.01411
G1 X49.655 Y26.18 E.00951
G1 E-3.5 F3600
;WIPE_START
G1 F7200
G1 X49.612 Y26.139 E-.02822
G1 X49.542 Y26.072 E-.04603
G1 X49.214 Y25.604 E-.27146
G1 X48.997 Y25.1 E-.26065
G1 X48.873 Y24.413 E-.3316
G1 X48.897 Y23.876 E-.25533
G1 X49.028 Y23.342 E-.26117
G1 X49.069 Y23.255 E-.04554
;WIPE_END
G1 X51.362 Y46.727 F9000
G1 E5 F2400
;TYPE:Perimeter
;WIDTH:0.439999
G1 F1800
G1 X51.44 Y46.715 E.00213
G1 X51.992 Y46.729 E.0149
G1 X52.496 Y46.818 E.01381
G1 X53.162 Y47.058 E.0191
G1 X53.768 Y47.426 E.01913
G1 X54.288 Y47.906 E.0191
G1 X54.704 Y48.48 E.01913
G1 X54.997 Y49.125 E.01912
G1 X55.177 Y50.102 E.02681
G1 X55.181 Y50.373 E.00731
G1 X55.102 Y51.022 E.01764
G1 X54.875 Y51.722 E.01986
G1 X54.522 Y52.337 E.01914
G1 X54.055 Y52.869 E.0191
G1 X53.492 Y53.299 E.01912
G1 X52.854 Y53.608 E.01913
G1 X52.168 Y53.785 E.01912
G1 X51.461 Y53.822 E.0191
G1 X50.76 Y53.718 E.01912
G1 X50.093 Y53.478 E.01913
G1 X49.488 Y53.11 E.01911
G1 X48.967 Y52.63 E.01912
G1 X48.552 Y52.056 E.01911
G1 X48.258 Y51.411 E.01913
G1 X48.084 Y50.55 E.0237
G1 X48.096 Y49.834 E.01932
G1 X48.252 Y49.145 E.01906
G1 X48.541 Y48.498 E.01912
G1 X48.953 Y47.922 E.01911
G1 X49.432 Y47.473 E.01772
G1 X49.976 Y47.124 E.01744
G1 X50.255 Y46.986 E.0084
G1 X50.74 Y46.823 E.01381
G1 X51.303 Y46.736 E.01537
G1 X51.392 Y47.13 F9000
G1 F1800
G1 X51.491 Y47.118 E.00269
G1 X51.922 Y47.128 E.01163
G1 X52.425 Y47.217 E.01378
G1 X53.014 Y47.436 E.01696
G1 X53.548 Y47.767 E.01695
G1 X54.005 Y48.197 E.01693
G1 X54.368 Y48.709 E.01694
G1 X54.623 Y49.283 E.01695
G1 X54.776 Y50.163 E.0241
G1 X54.7 Y50.973 E.02195
G1 X54.494 Y51.583 E.01737
G1 X54.176 Y52.125 E.01696
G1 X53.758 Y52.593 E.01693
G1 X53.255 Y52.969 E.01695
G1 X52.687 Y53.238 E.01696
G1 X52.078 Y53.389 E.01693
G1 X51.451 Y53.416 E.01694
G1 X50.83 Y53.319 E.01696
G1 X50.242 Y53.1 E.01693
G1 X49.708 Y52.77 E.01694
G1 X49.25 Y52.34 E.01695
G1 X48.887 Y51.827 E.01696
G1 X48.632 Y51.253 E.01695
G1 X48.483 Y50.481 E.02122
G1 X48.501 Y49.855 E.0169
G1 X48.645 Y49.245 E.01691
G1 X48.907 Y48.674 E.01695
G1 X49.277 Y48.167 E.01694
G1 X49.7 Y47.777 E.01553
G1 X50.179 Y47.476 E.01527
G1 X50.694 Y47.266 E.01501
G1 X50.983 Y47.181 E.00813
G1 X51.333 Y47.137 E.00952
G1 X51.422 Y47.526 F9000
;TYPE:External perimeter
;WIDTH:0.419999
G1 F1800
G1 X51.54 Y47.51 E.00305
G1 X51.853 Y47.518 E.00803
G1 X52.356 Y47.607 E.0131
G1 X52.869 Y47.804 E.0141
G1 X53.333 Y48.099 E.01411
G1 X53.729 Y48.48 E.0141
G1 X54.042 Y48.932 E.0141
G1 X54.259 Y49.436 E.01408
G1 X54.385 Y50.223 E.02045
G1 X54.307 Y50.925 E.01812
G1 X54.122 Y51.448 E.01423
G1 X53.839 Y51.919 E.0141
G1 X53.468 Y52.324 E.01409
G1 X53.024 Y52.648 E.0141
G1 X52.525 Y52.877 E.01409
G1 X51.99 Y53.003 E.0141
G1 X51.441 Y53.021 E.01409
G1 X50.899 Y52.929 E.0141
G1 X50.386 Y52.732 E.0141
G1 X49.922 Y52.437 E.01411
G1 X49.526 Y52.056 E.0141
G1 X49.214 Y51.604 E.01409
G1 X48.997 Y51.1 E.01408
G1 X48.873 Y50.413 E.01791
G1 X48.897 Y49.876 E.01379
G1 X49.028 Y49.342 E.01411
G1 X49.263 Y48.846 E.01408
G1 X49.592 Y48.405 E.01412
G1 X50.002 Y48.039 E.0141
G1 X50.475 Y47.761 E.01408
G1 X50.995 Y47.582 E.01411
G1 X51.363 Y47.534 E.00952
G1 E-3.5 F3600
;WIPE_START
G1 F7200
G1 X51.422 Y47.526 E-.02828
G1 X51.54 Y47.51 E-.05656
G1 X51.853 Y47.518 E-.14872
G1 X52.356 Y47.607 E-.24264
G1 X52.869 Y47.804 E-.26102
G1 X53.333 Y48.099 E-.26117
G1 X53.729 Y48.48 E-.26102
G1 X54.017 Y48.896 E-.24059
;WIPE_END
G1 X27.149 Y49.916 F9000
G1 E5 F2400
;TYPE:Perimeter
;WIDTH:0.439999
G1 F1800
G1 X27.177 Y50.102 E.00508
G1 X27.181 Y50.373 E.00731
G1 X27.102 Y51.022 E.01764
G1 X26.875 Y51.722 E.01986
G1 X26.522 Y52.337 E.01914
G1 X26.055 Y52.869 E.0191
G1 X25.492 Y53.299 E.01912
G1 X24.854 Y53.608 E.01913
G1 X24.168 Y53.785 E.01912
G1 X23.461 Y53.822 E.0191
G1 X22.76 Y53.718 E.01912
G1 X22.093 Y53.478 E.01913
G1 X21.488 Y53.11 E.01911
G1 X20.967 Y52.63 E.01912
G1 X20.552 Y52.056 E.01911
G1 X20.258 Y51.411 E.01913
G1 X20.084 Y50.55 E.0237
G1 X20.096 Y49.834 E.01932
G1 X20.252 Y49.145 E.01906
G1 X20.541 Y48.498 E.01912
G1 X20.953 Y47.922 E.01911
G1 X21.471 Y47.438 E.01913
G1 X22.075 Y47.067 E.01913
G1 X22.74 Y46.823 E.01911
G1 X23.44 Y46.715 E.01911
G1 X23.992 Y46.729 E.0149
G1 X24.496 Y46.818 E.01381
G1 X25.162 Y47.058 E.0191
G1 X25.768 Y47.426 E.01913
G1 X26.273 Y47.891 E.01852
G1 X26.657 Y48.412 E.01747
G1 X26.94 Y48.99 E.01737
G1 X27.063 Y49.361 E.01055
G1 X27.14 Y49.856 E.01352
G1 X26.744 Y49.956 F9000
G1 F1800
G1 X26.776 Y50.163 E.00565
G1 X26.7 Y50.973 E.02195
G1 X26.494 Y51.583 E.01737
G1 X26.176 Y52.125 E.01696
G1 X25.758 Y52.593 E.01693
G1 X25.255 Y52.969 E.01695
G1 X24.687 Y53.238 E.01696
G1 X24.078 Y53.389 E.01693
G1 X23.451 Y53.416 E.01694
G1 X22.83 Y53.319 E.01696
G1 X22.242 Y53.1 E.01693
G1 X21.708 Y52.77 E.01694
G1 X21.25 Y52.34 E.01695
G1 X20.887 Y51.827 E.01696
G1 X20.632 Y51.253 E.01695
G1 X20.483 Y50.481 E.02122
G1 X20.501 Y49.855 E.0169
G1 X20.645 Y49.245 E.01691
G1 X20.907 Y48.674 E.01695
G1 X21.277 Y48.167 E.01694
G1 X21.74 Y47.742 E.01696
G1 X22.278 Y47.418 E.01695
G1 X22.869 Y47.207 E.01693
G1 X23.491 Y47.118 E.01696
G1 X23.922 Y47.128 E.01163
G1 X24.425 Y47.217 E.01378
G1 X25.014 Y47.436 E.01696
G1 X25.548 Y47.767 E.01695
G1 X25.989 Y48.181 E.01632
G1 X26.322 Y48.641 E.01532
G1 X26.566 Y49.148 E.01518
G1 X26.663 Y49.422 E.00784
G1 X26.735 Y49.897 E.01296
G1 X26.349 Y49.996 F9000
;TYPE:External perimeter
;WIDTH:0.419999
G1 F1800
G1 X26.385 Y50.223 E.0059
G1 X26.307 Y50.925 E.01812
G1 X26.122 Y51.448 E.01423
G1 X25.839 Y51.919 E.0141
G1 X25.468 Y52.324 E.01409
G1 X25.024 Y52.648 E.0141
G1 X24.525 Y52.877 E.01409
G1 X23.99 Y53.003 E.0141
G1 X23.441 Y53.021 E.01409
G1 X22.899 Y52.929 E.0141
G1 X22.386 Y52.732 E.0141
G1 X21.922 Y52.437 E.01411
G1 X21.526 Y52.056 E.0141
G1 X21.214 Y51.604 E.01409
G1 X20.997 Y51.1 E.01408
G1 X20.873 Y50.413 E.01791
G1 X20.897 Y49.876 E.01379
G1 X21.028 Y49.342 E.01411
G1 X21.263 Y48.846 E.01408
G1 X21.592 Y48.405 E.01412
G1 X22.002 Y48.039 E.0141
G1 X22.475 Y47.761 E.01408
G1 X22.995 Y47.582 E.01411
G1 X23.54 Y47.51 E.0141
G1 X23.853 Y47.518 E.00803
G1 X24.356 Y47.607 E.0131
G1 X24.869 Y47.804 E.0141
G1 X25.333 Y48.099 E.01411
G1 X25.713 Y48.464 E.01352
G1 X26.042 Y48.932 E.01468
G1 X26.259 Y49.436 E.01408
G1 X26.339 Y49.937 E.01302
G1 E-3.5 F3600
;WIPE_START
G1 F7200
G1 X26.349 Y49.996 E-.02842
G1 X26.385 Y50.223 E-.10917
G1 X26.307 Y50.925 E-.3355
G1 X26.122 Y51.448 E-.26351
G1 X25.839 Y51.919 E-.261
G1 X25.468 Y52.324 E-.26089
G1 X25.057 Y52.624 E-.24151
;WIPE_END
G1 X24.069 Y27.79 F9000
G1 E5 F2400
;TYPE:Perimeter
;WIDTH:0.439999
G1 F1800
G1 X23.461 Y27.822 E.01643
G1 X22.76 Y27.718 E.01912
G1 X22.093 Y27.478 E.01913
G1 X21.488 Y27.11 E.01911
G1 X20.967 Y26.63 E.01912
G1 X20.552 Y26.056 E.01911
G1 X20.258 Y25.411 E.01913
G1 X20.084 Y24.55 E.0237
G1 X20.096 Y23.834 E.01932
G1 X20.252 Y23.145 E.01906
G1 X20.541 Y22.498 E.01912
G1 X20.953 Y21.922 E.01911
G1 X21.471 Y21.438 E.01913
G1 X22.075 Y21.067 E.01913
G1 X22.74 Y20.823 E.01911
G1 X23.44 Y20.715 E.01911
G1 X23.992 Y20.729 E.0149
G1 X24.496 Y20.818 E.01381
G1 X25.162 Y21.058 E.0191
G1 X25.768 Y21.426 E.01913
G1 X26.288 Y21.906 E.0191
G1 X26.704 Y22.48 E.01913
G1 X26.997 Y23.125 E.01912
G1 X27.177 Y24.102 E.02681
G1 X27.181 Y24.373 E.00731
G1 X27.102 Y25.022 E.01764
G1 X26.875 Y25.722 E.01986
G1 X26.522 Y26.337 E.01914
G1 X26.055 Y26.869 E.0191
G1 X25.492 Y27.299 E.01912
G1 X24.854 Y27.608 E.01913
G1 X24.168 Y27.785 E.01912
G1 X24.129 Y27.787 E.00105
G1 X24.019 Y27.392 F9000
G1 F1800
G1 X23.451 Y27.416 E.01534
G1 X22.83 Y27.319 E.01696
G1 X22.242 Y27.1 E.01693
G1 X21.708 Y26.77 E.01694
G1 X21.25 Y26.34 E.01695
G1 X20.887 Y25.827 E.01696
G1 X20.632 Y25.253 E.01695
G1 X20.483 Y24.481 E.02122
G1 X20.501 Y23.855 E.0169
G1 X20.645 Y23.245 E.01691
G1 X20.907 Y22.674 E.01695
G1 X21.277 Y22.167 E.01694
G1 X21.74 Y21.742 E.01696
G1 X22.278 Y21.418 E.01695
G1 X22.869 Y21.207 E.01693
G1 X23.491 Y21.118 E.01696
G1 X23.922 Y21.128 E.01163
G1 X24.425 Y21.217 E.01378
G1 X25.014 Y21.436 E.01696
G1 X25.548 Y21.767 E.01695
G1 X26.005 Y22.197 E.01693
G1 X26.368 Y22.709 E.01694
G1 X26.623 Y23.283 E.01695
G1 X26.776 Y24.163 E.0241
G1 X26.7 Y24.973 E.02195
G1 X26.494 Y25.583 E.01737
G1 X26.176 Y26.125 E.01696
G1 X25.758 Y26.593 E.01693
G1 X25.255 Y26.969 E.01695
G1 X24.687 Y27.238 E.01696
G1 X24.079 Y27.389 E.01691
G1 X23.97 Y27.004 F9000
;TYPE:External perimeter
;WIDTH:0.419999
G1 F1800
G1 X23.441 Y27.021 E.01358
G1 X22.899 Y26.929 E.0141
G1 X22.386 Y26.732 E.0141
G1 X21.922 Y26.437 E.01411
G1 X21.526 Y26.056 E.0141
G1 X21.214 Y25.604 E.01409
G1 X20.997 Y25.1 E.01408
G1 X20.873 Y24.413 E.01791
G1 X20.897 Y23.876 E.01379
G1 X21.028 Y23.342 E.01411
G1 X21.263 Y22.846 E.01408
G1 X21.592 Y22.405 E.01412
G1 X22.002 Y22.039 E.0141
G1 X22.475 Y21.761 E.01408
G1 X22.995 Y21.582 E.01411
G1 X23.54 Y21.51 E.0141
G1 X23.853 Y21.518 E.00803
G1 X24.356 Y21.607 E.0131
G1 X24.869 Y21.804 E.0141
G1 X25.333 Y22.099 E.01411
G1 X25.729 Y22.48 E.0141
G1 X26.042 Y22.932 E.0141
G1 X26.259 Y23.436 E.01408
G1 X26.385 Y24.223 E.02045
G1 X26.307 Y24.925 E.01812
G1 X26.122 Y25.448 E.01423
G1 X25.839 Y25.919 E.0141
G1 X25.468 Y26.324 E.01409
G1 X25.024 Y26.648 E.0141
G1 X24.525 Y26.877 E.01409
G1 X24.029 Y26.994 E.01307
G1 E-3.5 F3600
;WIPE_START
G1 F7200
G1 X23.97 Y27.004 E-.02842
G1 X23.441 Y27.021 E-.2514
G1 X22.899 Y26.929 E-.26113
G1 X22.386 Y26.732 E-.26102
G1 X21.922 Y26.437 E-.26117
G1 X21.526 Y26.056 E-.26102
G1 X21.316 Y25.752 E-.17584
;WIPE_END
G1 X20.343 Y17.988 F9000
G1 E5 F2400
;TYPE:Perimeter
;WIDTH:0.439999
G1 F3600
G1 X20.359 Y17.977 E.00052
G1 X20.563 Y17.667 E.01001
G1 X20.639 Y17.285 E.01051
G1 X20.639 Y15.279 E.05413
G1 X54.616 Y15.279 E.91686
G1 X54.616 Y17.424 E.05788
G1 X54.731 Y17.749 E.0093
G1 X54.967 Y18.043 E.01017
G1 X55.224 Y18.201 E.00814
G1 X55.611 Y18.279 E.01065
G1 X57.116 Y18.279 E.04061
G1 X57.116 Y60.257 E1.13277
G1 X18.139 Y60.257 E1.05179
G1 X18.139 Y18.279 E1.13277
G1 X19.748 Y18.279 E.04342
G1 X20.046 Y18.195 E.00835
G1 X20.294 Y18.022 E.00816
G1 X20.05 Y17.69 F9000
G1 F3600
G1 X20.164 Y17.562 E.00463
G1 X20.233 Y17.285 E.0077
G1 X20.233 Y14.874 E.06506
G1 X55.022 Y14.874 E.93877
G1 X55.022 Y17.371 E.06738
G1 X55.119 Y17.609 E.00694
G1 X55.326 Y17.8 E.0076
G1 X55.611 Y17.874 E.00795
G1 X57.522 Y17.874 E.05157
G1 X57.522 Y60.662 E1.15463
G1 X17.733 Y60.662 E1.0737
G1 X17.733 Y17.874 E1.15463
G1 X19.711 Y17.874 E.05338
G1 X19.978 Y17.77 E.00773
G1 X20.01 Y17.735 E.00128
G1 X19.778 Y17.413 F9000
;TYPE:External perimeter
;WIDTH:0.419999
G1 F1800
G1 X19.838 Y17.285 E.00363
G1 X19.838 Y14.478 E.07201
G1 X55.418 Y14.478 E.91278
G1 X55.418 Y17.285 E.07201
G1 X55.461 Y17.407 E.00332
G1 X55.611 Y17.478 E.00426
G1 X57.918 Y17.478 E.05918
G1 X57.918 Y61.058 E1.11802
G1 X17.338 Y61.058 E1.04106
G1 X17.338 Y17.478 E1.11802
G1 X19.645 Y17.478 E.05918
G1 X19.733 Y17.446 E.0024
G1 E-3.5 F3600
;WIPE_START
G1 F7200
G1 X19.778 Y17.413 E-.02651
G1 X19.838 Y17.285 E-.06715
G1 X19.838 Y14.478 E-1.33333
G1 X19.992 Y14.478 E-.07301
;WIPE_END
G1 X21.061 Y15.625 F9000
G1 E5 F2400
;TYPE:Solid infill
;WIDTH:0.538422
G1 F3600
G1 X21.017 Y15.58 E.00211
G1 X20.956 Y15.596 E.00211
G1 X20.94 Y15.657 E.00211
G1 X20.984 Y15.702 E.00211
G1 X21.045 Y15.686 E.00211
;WIDTH:0.439999
G1 X21.693 Y15.592 E.01767
G1 X20.951 Y16.333 E.0283
G1 X20.951 Y16.907 E.01549
G1 X22.267 Y15.592 E.0502
G1 X22.84 Y15.592 E.01546
G1 X20.931 Y17.501 E.07285
G1 X20.843 Y17.645 E.00455
;WIDTH:0.407168
G1 X20.755 Y17.788 E.00416
;WIDTH:0.374336
G1 X20.503 Y18.101 E.00909
G1 X20.148 Y18.392 E.01038
G1 X18.589 Y18.644 F9000
;WIDTH:0.582408
G1 F3600
G1 X18.54 Y18.595 E.00253
G1 X18.474 Y18.613 E.00249
G1 X18.456 Y18.679 E.00249
G1 X18.505 Y18.728 E.00253
G1 X18.571 Y18.71 E.00249
;WIDTH:0.439999
G1 X18.451 Y19.407 E.01909
G1 X19.274 Y18.585 E.03139
G1 X19.861 Y18.571 E.01584
G1 X18.451 Y19.981 E.05381
G1 X18.412 Y20.119 E.00387
;WIDTH:0.407168
G1 X18.374 Y20.257 E.00355
;WIDTH:0.374336
G1 X18.303 Y20.238 E.00166
G1 X18.322 Y20.309 E.00166
G1 X18.363 Y20.298 E.00096
;WIDTH:0.439999
G1 X18.451 Y20.555 E.00733
G1 X23.414 Y15.592 E.1894
G1 X23.988 Y15.592 E.01549
G1 X18.451 Y21.128 E.21129
G1 X18.451 Y21.702 E.01549
G1 X24.562 Y15.592 E.23319
G1 X25.135 Y15.592 E.01546
G1 X18.451 Y22.276 E.25508
G1 X18.451 Y22.849 E.01546
G1 X25.709 Y15.592 E.27696
G1 X26.283 Y15.592 E.01549
G1 X18.451 Y23.423 E.29887
G1 X18.407 Y23.581 E.00443
;WIDTH:0.407168
G1 X18.363 Y23.74 E.00409
;WIDTH:0.374336
G1 X18.322 Y23.751 E.00096
G1 X18.303 Y23.68 E.00166
G1 X18.374 Y23.699 E.00166
G1 E-3.5
;WIPE_START
G1 F7200
G1 X18.303 Y23.68 E-.03491
G1 X18.322 Y23.751 E-.03491
G1 X18.363 Y23.74 E-.02016
G1 X18.407 Y23.581 E-.07836
G1 X18.451 Y23.423 E-.07791
G1 X20.317 Y21.557 E-1.25375
;WIPE_END
G1 X20.948 Y21.661 F9000
G1 E5 F2400
G1 F3600
G1 X20.778 Y21.49 E.00545
;WIDTH:0.407168
G1 X20.921 Y21.437 E.00378
;WIDTH:0.439999
G1 X21.064 Y21.384 E.00412
G1 X26.856 Y15.592 E.22104
G1 X27.43 Y15.592 E.01549
G1 X22.412 Y20.61 E.1915
G1 X22.268 Y20.699 E.00457
;WIDTH:0.407168
G1 X22.125 Y20.788 E.00418
;WIDTH:0.374336
G1 X22.281 Y20.808 E.00356
G1 X22.398 Y20.775 E.00275
G1 X23.156 Y20.439 F9000
;WIDTH:0.439999
G1 F3600
G1 X28.004 Y15.592 E.18499
G1 X28.577 Y15.592 E.01546
G1 X23.76 Y20.409 E.18383
G1 X24.28 Y20.463 E.01411
G1 X29.151 Y15.592 E.18589
G1 X29.725 Y15.592 E.01549
G1 X24.751 Y20.566 E.18982
G1 X25.166 Y20.724 E.01198
G1 X30.299 Y15.592 E.19587
G1 X30.872 Y15.592 E.01546
G1 X25.55 Y20.914 E.2031
G1 X25.899 Y21.139 E.01121
G1 X31.446 Y15.592 E.21169
G1 X32.02 Y15.592 E.01549
G1 X26.214 Y21.397 E.22155
G1 X26.504 Y21.681 E.01095
G1 X32.593 Y15.592 E.23237
G1 X33.167 Y15.592 E.01549
G1 X26.756 Y22.003 E.24466
G1 X26.986 Y22.347 E.01117
G1 X33.741 Y15.592 E.25779
G1 X34.314 Y15.592 E.01546
G1 X27.169 Y22.737 E.27267
G1 X27.334 Y23.146 E.0119
G1 X34.888 Y15.592 E.28828
G1 X35.462 Y15.592 E.01549
G1 X27.415 Y23.639 E.30709
G1 X27.492 Y24.135 E.01354
G1 X36.035 Y15.592 E.32602
G1 X36.609 Y15.592 E.01549
G1 X27.45 Y24.751 E.34953
G1 X27.104 Y25.771 F9000
;WIDTH:0.374336
G1 F3600
G1 X27.086 Y25.688 E.00192
G1 X27.125 Y25.49 E.00456
;WIDTH:0.407168
G1 X27.208 Y25.487 E.00206
;WIDTH:0.439999
G1 X27.29 Y25.484 E.00221
G1 X37.183 Y15.592 E.37752
G1 X37.757 Y15.592 E.01549
G1 X26.407 Y26.941 E.43312
G1 E-3.5
;WIPE_START
G1 F7200
G1 X28.64 Y24.708 E-1.5
;WIPE_END
G1 X20.671 Y21.777 F9000
G1 E5 F2400
G1 F3600
G1 X18.451 Y23.997 E.08472
G1 X18.451 Y24.57 E.01546
G1 X19.948 Y23.074 E.05711
G1 X20.056 Y22.946 E.00452
;WIDTH:0.407168
G1 X20.164 Y22.817 E.00417
;WIDTH:0.374336
G1 X20.123 Y22.828 E.00096
G1 X20.104 Y22.757 E.00166
G1 X20.175 Y22.776 E.00166
G1 X19.779 Y23.823 F9000
;WIDTH:0.439999
G1 F3600
G1 X19.759 Y24.409 E.01582
G1 X19.897 Y25.282 E.02385
G1 X20.183 Y26.029 E.02158
G1 X20.6 Y26.677 E.02079
G1 X21.046 Y27.139 E.01733
G1 X18.451 Y29.734 E.09903
G1 X18.451 Y25.001 E.12772
G1 X18.595 Y25.001 E.00389
G1 X19.635 Y23.965 E.03961
G1 X19.403 Y24.766 F9000
G1 F3600
G1 X19.517 Y25.425 E.01805
G1 X19.841 Y26.247 E.02384
G1 X20.233 Y26.863 E.0197
G1 X20.477 Y27.134 E.00984
G1 X18.857 Y28.754 E.06182
G1 X18.857 Y26.304 E.06611
G1 X18.882 Y25.288 E.02742
G1 X19.26 Y24.909 E.01444
G1 X19.305 Y26.132 F9000
;WIDTH:0.524686
G1 F3600
G1 X19.463 Y26.488 E.0127
G1 X19.864 Y27.114 E.02425
G1 X19.305 Y27.673 E.02579
G1 X19.305 Y26.335 E.04364
G1 E-3.5
;WIPE_START
G1 F7200
G1 X19.305 Y27.673 E-.63555
G1 X19.864 Y27.114 E-.37551
G1 X19.463 Y26.488 E-.35313
G1 X19.347 Y26.227 E-.13581
;WIPE_END
G1 X21.359 Y27.399 F9000
G1 E5 F2400
;WIDTH:0.439999
G1 F3600
G1 X18.385 Y30.38 E.11363
;WIDTH:0.407168
G1 X18.319 Y30.452 E.00242
;WIDTH:0.374336
G1 X18.248 Y30.433 E.00166
G1 X18.267 Y30.504 E.00166
G1 X18.308 Y30.493 E.00096
;WIDTH:0.439999
G1 X18.451 Y30.881 E.01116
G1 X21.708 Y27.624 E.12429
G1 X22.093 Y27.813 E.01157
G1 X18.451 Y31.455 E.13899
G1 X18.451 Y32.028 E.01546
G1 X22.509 Y27.971 E.15484
G1 X22.979 Y28.074 E.01298
G1 X18.451 Y32.602 E.1728
G1 X18.451 Y33.176 E.01549
G1 X23.494 Y28.134 E.19243
G1 X24.093 Y28.108 E.01618
G1 X18.451 Y33.75 E.21531
G1 X18.451 Y34.323 E.01546
G1 X24.825 Y27.95 E.24323
G1 X24.968 Y27.853 E.00466
;WIDTH:0.407168
G1 X25.111 Y27.756 E.00429
;WIDTH:0.374336
G1 X25.534 Y27.456 E.01173
;WIDTH:0.439999
G1 X26.123 Y27.225 E.01707
G1 X18.451 Y34.897 E.29278
G1 X18.412 Y35.035 E.00387
;WIDTH:0.407168
G1 X18.374 Y35.173 E.00355
;WIDTH:0.374336
G1 X18.303 Y35.154 E.00166
G1 X18.322 Y35.225 E.00166
G1 X18.363 Y35.214 E.00096
;WIDTH:0.439999
G1 X18.451 Y35.471 E.00733
G1 X38.33 Y15.592 E.75863
G1 X38.904 Y15.592 E.01549
G1 X18.451 Y36.044 E.78051
G1 X18.451 Y36.618 E.01549
G1 X39.478 Y15.592 E.80242
G1 X40.051 Y15.592 E.01546
G1 X18.451 Y37.192 E.82431
G1 X18.451 Y37.765 E.01546
G1 X40.625 Y15.592 E.84619
G1 X41.199 Y15.592 E.01549
G1 X18.451 Y38.339 E.8681
G1 X18.451 Y38.913 E.01549
G1 X41.772 Y15.592 E.88998
G1 X42.346 Y15.592 E.01549
G1 X18.451 Y39.486 E.91187
G1 X18.451 Y40.06 E.01549
G1 X42.92 Y15.592 E.93377
G1 X43.493 Y15.592 E.01546
G1 X18.451 Y40.634 E.95566
G1 X18.451 Y41.208 E.01549
G1 X44.067 Y15.592 E.97757
G1 X44.641 Y15.592 E.01549
G1 X18.451 Y41.781 E.99945
G1 X18.451 Y42.355 E.01549
G1 X45.215 Y15.592 E1.02136
G1 X45.788 Y15.592 E.01546
G1 X18.451 Y42.929 E1.04324
G1 X18.451 Y43.502 E.01546
G1 X46.362 Y15.592 E1.06513
G1 X46.936 Y15.592 E.01549
G1 X18.451 Y44.076 E1.08703
G1 X18.451 Y44.65 E.01549
G1 X47.509 Y15.592 E1.10892
G1 X48.083 Y15.592 E.01549
G1 X18.451 Y45.223 E1.13081
G1 X18.451 Y45.797 E.01549
G1 X48.657 Y15.592 E1.15271
G1 X49.23 Y15.592 E.01546
G1 X18.451 Y46.371 E1.1746
G1 X18.451 Y46.944 E.01546
G1 X49.804 Y15.592 E1.19648
G1 X50.378 Y15.592 E.01549
G1 X18.451 Y47.518 E1.21839
G1 X18.451 Y48.092 E.01549
G1 X50.952 Y15.592 E1.24029
G1 X51.525 Y15.592 E.01546
G1 X18.451 Y48.666 E1.26218
G1 X18.451 Y49.239 E.01546
G1 X52.099 Y15.592 E1.28407
G1 X52.673 Y15.592 E.01549
G1 X18.451 Y49.813 E1.30597
G1 X18.412 Y49.951 E.00387
;WIDTH:0.407168
G1 X18.374 Y50.089 E.00355
;WIDTH:0.374336
G1 X18.303 Y50.07 E.00166
G1 X18.322 Y50.141 E.00166
G1 X18.363 Y50.13 E.00096
G1 E-3.5
;WIPE_START
G1 F7200
G1 X18.322 Y50.141 E-.02016
G1 X18.303 Y50.07 E-.03491
G1 X18.374 Y50.089 E-.03491
G1 X18.412 Y49.951 E-.06799
G1 X18.451 Y49.813 E-.06812
G1 X20.347 Y47.917 E-1.27391
;WIPE_END
G1 X20.269 Y48.491 F9000
G1 E5 F2400
G1 F3600
G1 X20.486 Y48.2 E.00821
G1 X20.983 Y47.648 E.0168
G1 X21.857 Y46.903 E.02597
;WIDTH:0.407168
G1 X22 Y46.799 E.00439
;WIDTH:0.439999
G1 X22.144 Y46.694 E.00481
G1 X53.246 Y15.592 E1.18692
G1 X53.82 Y15.592 E.01549
G1 X22.95 Y46.462 E1.17807
G1 X22.828 Y46.538 E.00388
;WIDTH:0.407168
G1 X22.707 Y46.615 E.00356
;WIDTH:0.374336
G1 X22.636 Y46.596 E.00166
G1 X22.655 Y46.667 E.00166
G1 X22.696 Y46.656 E.00096
G1 E-3.5
;WIPE_START
G1 F7200
G1 X22.655 Y46.667 E-.02016
G1 X22.636 Y46.596 E-.03491
G1 X22.707 Y46.615 E-.03491
G1 X22.828 Y46.538 E-.06813
G1 X22.95 Y46.462 E-.06827
G1 X24.846 Y44.566 E-1.27362
;WIPE_END
G1 X20.06 Y48.778 F9000
G1 E5 F2400
;WIDTH:0.439999
G1 F3600
G1 X18.451 Y50.387 E.0614
G1 X18.451 Y50.96 E.01546
G1 X19.818 Y49.594 E.05215
G1 X19.914 Y49.466 E.00432
;WIDTH:0.407168
G1 X20.01 Y49.337 E.00399
;WIDTH:0.374336
G1 X19.969 Y49.348 E.00096
G1 X19.949 Y49.277 E.00167
G1 X20.021 Y49.296 E.00168
G1 X19.763 Y50.222 F9000
;WIDTH:0.439999
G1 F3600
G1 X19.759 Y50.409 E.00505
G1 X19.897 Y51.282 E.02385
G1 X20.183 Y52.029 E.02158
G1 X20.6 Y52.677 E.02079
G1 X21.258 Y53.317 E.02477
G1 X18.451 Y56.124 E.10712
G1 X18.451 Y51.391 E.12772
G1 X18.595 Y51.391 E.00389
G1 X19.62 Y50.365 E.03914
G1 X19.455 Y51.104 E.02043
G1 X19.485 Y51.302 E.0054
G1 X19.631 Y51.727 E.01213
G1 X19.841 Y52.247 E.01513
G1 X20.308 Y52.958 E.02295
G1 X20.669 Y53.332 E.01403
G1 X18.857 Y55.144 E.06915
G1 X18.857 Y52.304 E.07664
G1 X18.882 Y51.677 E.01693
G1 X19.311 Y51.248 E.01637
G1 X19.339 Y52.313 F9000
;WIDTH:0.591629
G1 F3600
G1 X19.435 Y52.506 E.00799
G1 X19.994 Y53.326 E.03679
G1 X19.339 Y53.982 E.03437
G1 X19.339 Y52.516 E.05435
G1 E-3.5
;WIPE_START
G1 F7200
G1 X19.339 Y53.982 E-.69635
G1 X19.994 Y53.326 E-.44033
G1 X19.563 Y52.694 E-.36332
;WIPE_END
G1 X21.596 Y53.552 F9000
G1 E5 F2400
;WIDTH:0.439999
G1 F3600
G1 X18.451 Y56.697 E.12002
G1 X18.451 Y57.271 E.01549
G1 X21.962 Y53.76 E.13399
G1 X22.374 Y53.923 E.01196
G1 X18.451 Y57.845 E.14969
G1 X18.451 Y58.418 E.01546
G1 X22.83 Y54.04 E.16709
G1 X23.319 Y54.125 E.01339
G1 X18.451 Y58.992 E.18575
G1 X18.451 Y59.566 E.01549
G1 X23.894 Y54.124 E.2077
G1 X24.906 Y53.825 F9000
;WIDTH:0.374336
G1 F3600
G1 X24.835 Y53.806 E.00166
G1 X24.854 Y53.877 E.00166
G1 X24.895 Y53.866 E.00096
;WIDTH:0.407168
G1 X24.738 Y53.938 E.00428
;WIDTH:0.439999
G1 X24.58 Y54.01 E.00469
G1 X18.646 Y59.944 E.22646
G1 X18.522 Y59.986 E.00353
;WIDTH:0.407168
G1 X18.398 Y60.028 E.00325
;WIDTH:0.374336
G1 X18.326 Y60.009 E.00168
G1 X18.346 Y60.08 E.00167
G1 X18.387 Y60.069 E.00096
;WIDTH:0.439999
G1 X19.094 Y60.148 E.0192
;WIDTH:0.374336
G1 X19.053 Y60.159 E.00096
G1 X19.034 Y60.087 E.00168
G1 X19.105 Y60.107 E.00167
;WIDTH:0.407168
G1 X19.163 Y60.025 E.00249
;WIDTH:0.439999
G1 X19.22 Y59.944 E.00267
G1 X25.527 Y53.638 E.24067
G1 E-3.5
;WIPE_START
G1 F7200
G1 X23.294 Y55.871 E-1.5
;WIPE_END
G1 X35.721 Y34.264 F9000
G1 E5 F2400
G1 F3600
G1 X54.384 Y15.587 E.71249
;WIDTH:0.407168
G1 X54.464 Y15.492 E.00308
;WIDTH:0.374336
G1 X54.423 Y15.503 E.00096
G1 X54.404 Y15.432 E.00166
G1 X54.475 Y15.451 E.00166
G1 X54.304 Y16.255 F9000
;WIDTH:0.439999
G1 F3600
G1 X49.549 Y21.01 E.18146
G1 X49.263 Y21.257 E.0102
;WIDTH:0.38849
G1 X48.608 Y21.914 E.02186
;WIDTH:0.414245
G1 X48.483 Y22.058 E.00482
;WIDTH:0.439999
G1 X48.358 Y22.201 E.00513
G1 X36.743 Y33.817 E.44327
G1 X36.599 Y33.905 E.00455
;WIDTH:0.407168
G1 X36.456 Y33.994 E.00418
;WIDTH:0.374336
G1 X36.676 Y33.999 E.00498
;WIDTH:0.439999
G1 X37.422 Y33.71 E.02159
G1 X47.918 Y23.215 E.40053
G1 X48.017 Y23.087 E.00437
;WIDTH:0.407168
G1 X48.116 Y22.958 E.00403
;WIDTH:0.374336
G1 X48.075 Y22.969 E.00096
G1 X48.056 Y22.898 E.00166
G1 X48.127 Y22.917 E.00166
G1 X47.787 Y23.92 F9000
;WIDTH:0.439999
G1 F3600
G1 X37.977 Y33.73 E.37437
G1 X38.472 Y33.808 E.01352
G1 X47.764 Y24.516 E.3546
G1 X47.852 Y25.002 E.01333
G1 X38.919 Y33.935 E.3409
G1 X39.299 Y34.128 E.0115
G1 X47.952 Y25.475 E.33022
G1 X48.123 Y25.878 E.01181
G1 X39.66 Y34.341 E.32297
G1 X39.98 Y34.595 E.01102
G1 X48.318 Y26.257 E.3182
G1 X48.551 Y26.598 E.01114
G1 X40.267 Y34.881 E.31612
G1 X40.529 Y35.193 E.01099
G1 X48.813 Y26.91 E.31612
G1 X49.101 Y27.195 E.01093
G1 X40.743 Y35.553 E.31896
G1 X40.938 Y35.931 E.01148
G1 X49.428 Y27.442 E.32398
G1 X49.779 Y27.664 E.01121
G1 X41.073 Y36.371 E.33226
G1 X41.162 Y36.855 E.01328
G1 X50.177 Y27.841 E.34401
G1 X50.593 Y27.998 E.012
G1 X41.189 Y37.402 E.35888
G1 X40.933 Y38.355 F9000
;WIDTH:0.374336
G1 F3600
G1 X40.906 Y38.258 E.00228
;WIDTH:0.407168
G1 X41.002 Y38.163 E.00335
;WIDTH:0.439999
G1 X51.079 Y28.085 E.38458
G1 E-3.5
;WIPE_START
G1 F7200
G1 X48.846 Y30.318 E-1.5
;WIPE_END
G1 X50.585 Y20.714 F9000
G1 E5 F2400
;WIDTH:0.374336
G1 F3600
G1 X50.456 Y20.746 E.00301
G1 X50.304 Y20.724 E.00347
;WIDTH:0.407168
G1 X50.446 Y20.634 E.00417
;WIDTH:0.439999
G1 X50.589 Y20.544 E.00456
G1 X54.304 Y16.829 E.14177
G1 X54.406 Y16.772 E.00315
;WIDTH:0.407168
G1 X54.507 Y16.715 E.00288
;WIDTH:0.374336
G1 X54.466 Y16.726 E.00096
G1 X54.447 Y16.655 E.00166
G1 X54.518 Y16.674 E.00166
;WIDTH:0.439999
G1 X54.314 Y17.393 E.02017
G1 X51.287 Y20.42 E.11552
G1 X51.873 Y20.408 E.01582
G1 X54.434 Y17.846 E.09775
G1 X54.672 Y18.181 E.01109
G1 X52.371 Y20.483 E.08783
G1 E-3.5
;WIPE_START
G1 F7200
G1 X54.604 Y18.25 E-1.5
;WIPE_END
G1 X55.417 Y18.549 F9000
G1 E5 F2400
G1 F3600
G1 X55.08 Y18.477 E.0093
G1 X54.998 Y18.43 E.00255
G1 X52.829 Y20.599 E.08277
G1 X53.376 Y20.813 E.01585
G1 X54.101 Y21.292 E.02345
G1 X54.655 Y21.859 E.02139
G1 X55.072 Y22.507 E.02079
G1 X55.363 Y23.279 E.02226
G1 X55.498 Y24.282 E.02731
G1 X55.352 Y25.313 E.0281
G1 X55.214 Y25.671 E.01035
G1 X56.661 Y24.225 E.0552
G1 X56.804 Y24.225 E.00386
G1 X56.804 Y18.592 E.15201
G1 X55.616 Y18.592 E.03206
G1 X55.616 Y18.997 E.01093
G1 X56.398 Y18.997 E.0211
G1 X56.398 Y22.239 E.08748
;WIDTH:0.476739
G1 X56.38 Y22.567 E.00967
;WIDTH:0.513478
G1 X56.362 Y22.895 E.01047
;WIDTH:0.550217
G1 X56.343 Y23.223 E.01127
G1 X56.349 Y23.913 E.02368
;WIDTH:0.510486
G1 X55.935 Y24.327 E.01854
G1 X55.889 Y23.833 E.01571
;WIDTH:0.550217
G1 X55.83 Y23.258 E.01984
G1 X55.773 Y23.127 E.0049
;WIDTH:0.504763
G1 X55.594 Y22.708 E.01426
;WIDTH:0.472381
G1 X55.414 Y22.289 E.01329
;WIDTH:0.439999
G1 X54.947 Y21.577 E.02298
G1 X54.326 Y20.954 E.02374
G1 X53.552 Y20.45 E.02492
G1 X55.096 Y18.905 E.05894
G1 X55.416 Y18.962 E.00877
G1 X55.229 Y19.346 E.01153
G1 X55.491 Y19.395 E.00719
G1 X55.993 Y19.403 E.01355
G1 X55.993 Y22.643 E.08743
G1 X55.756 Y22.071 E.01671
G1 X55.239 Y21.296 E.02514
G1 X54.718 Y20.756 E.02025
G1 X54.196 Y20.379 E.01738
G1 X55.086 Y19.489 E.03396
G1 X55.346 Y19.877 E.0126
;WIDTH:0.546153
G1 X54.905 Y20.318 E.02123
G1 X55.534 Y20.941 E.03014
G1 X55.534 Y19.857 E.03691
G1 E-3.5
;WIPE_START
G1 F7200
G1 X55.534 Y20.941 E-.5149
G1 X54.905 Y20.318 E-.42052
G1 X55.346 Y19.877 E-.29624
G1 X55.086 Y19.489 E-.22185
G1 X55.017 Y19.558 E-.04649
;WIPE_END
G1 X35.435 Y34.509 F9000
G1 E5 F2400
;WIDTH:0.383774
G1 F3600
G1 X34.83 Y35.116 E.01992
;WIDTH:0.411887
G1 X34.706 Y35.26 E.00477
;WIDTH:0.439999
G1 X34.582 Y35.403 E.00511
G1 X23.59 Y46.396 E.4195
G1 X23.467 Y46.455 E.00368
;WIDTH:0.407168
G1 X23.344 Y46.514 E.00338
;WIDTH:0.374336
G1 X23.273 Y46.495 E.00166
G1 X23.292 Y46.566 E.00166
G1 X23.333 Y46.555 E.00096
;WIDTH:0.439999
G1 X24.123 Y46.436 E.02156
G1 X34.186 Y36.373 E.38403
G1 X34.283 Y36.302 E.00324
;WIDTH:0.407168
G1 X34.379 Y36.232 E.00295
;WIDTH:0.374336
G1 X34.351 Y36.086 E.00336
G1 X34.379 Y36.232 E.00336
G1 X34.076 Y37.056 F9000
;WIDTH:0.439999
G1 F3600
G1 X24.605 Y46.527 E.36144
G1 X25.03 Y46.676 E.01215
G1 X34.082 Y37.624 E.34545
G1 X34.167 Y38.114 E.01342
G1 X25.435 Y46.845 E.33321
G1 X25.786 Y47.068 E.01122
G1 X34.301 Y38.553 E.32495
G1 X34.488 Y38.939 E.01157
G1 X26.119 Y47.308 E.31938
G1 X26.407 Y47.594 E.01095
G1 X34.695 Y39.306 E.31629
G1 X34.957 Y39.618 E.01099
G1 X26.68 Y47.895 E.31587
G1 X26.914 Y48.235 E.01114
G1 X35.238 Y39.911 E.31766
G1 X35.557 Y40.165 E.011
G1 X27.117 Y48.606 E.32211
G1 X27.287 Y49.009 E.0118
G1 X35.911 Y40.385 E.32911
G1 X36.292 Y40.578 E.01153
G1 X27.395 Y49.475 E.33953
G1 X27.471 Y49.972 E.01357
G1 X36.732 Y40.712 E.3534
G1 X37.213 Y40.804 E.01321
G1 X27.476 Y50.542 E.37161
G1 X27.23 Y51.532 F9000
;WIDTH:0.374336
G1 F3600
G1 X27.189 Y51.543 E.00096
G1 X27.17 Y51.472 E.00166
G1 X27.241 Y51.491 E.00166
;WIDTH:0.407168
G1 X27.309 Y51.353 E.00382
;WIDTH:0.439999
G1 X27.376 Y51.215 E.00414
G1 X37.758 Y40.833 E.3962
G1 X38.735 Y40.567 F9000
;WIDTH:0.374336
G1 F3600
G1 X38.664 Y40.547 E.00167
G1 X38.683 Y40.619 E.00168
G1 X38.724 Y40.608 E.00096
;WIDTH:0.407168
G1 X38.567 Y40.681 E.00429
;WIDTH:0.439999
G1 X38.41 Y40.755 E.00468
G1 X26.973 Y52.192 E.43646
G1 X26.857 Y52.335 E.00497
;WIDTH:0.407168
G1 X26.742 Y52.479 E.00457
;WIDTH:0.374336
G1 X26.58 Y52.671 E.00568
G1 X25.814 Y53.405 E.02399
G1 E-3.5
;WIPE_START
G1 F7200
G1 X26.58 Y52.671 E-.50393
G1 X26.742 Y52.479 E-.11933
G1 X26.857 Y52.335 E-.08754
G1 X26.973 Y52.192 E-.08746
G1 X28.018 Y51.147 E-.70174
;WIPE_END
G1 X19.537 Y60.093 F9000
G1 E5 F2400
G1 F3600
G1 X19.496 Y60.104 E.00096
G1 X19.477 Y60.033 E.00166
G1 X19.548 Y60.052 E.00166
;WIDTH:0.407168
G1 X19.671 Y59.998 E.00333
;WIDTH:0.439999
G1 X19.794 Y59.944 E.00362
G1 X39.37 Y40.369 E.74705
G1 X39.657 Y40.149 E.00976
;WIDTH:0.374336
G1 X40.184 Y39.658 E.01629
G1 X40.514 Y39.281 E.01133
;WIDTH:0.407168
G1 X40.629 Y39.137 E.00457
;WIDTH:0.439999
G1 X40.744 Y38.994 E.00495
G1 X51.611 Y28.127 E.41471
G1 X51.768 Y28.08 E.00442
;WIDTH:0.407168
G1 X51.925 Y28.034 E.00406
;WIDTH:0.374336
G1 X51.884 Y28.045 E.00096
G1 X51.865 Y27.974 E.00166
G1 X51.936 Y27.993 E.00166
;WIDTH:0.439999
G1 X52.22 Y28.092 E.00812
G1 X20.368 Y59.944 E1.21555
G1 X20.941 Y59.944 E.01546
G1 X53.002 Y27.884 E1.2235
G1 X53.145 Y27.785 E.00469
;WIDTH:0.407168
G1 X53.289 Y27.686 E.00433
;WIDTH:0.374336
G1 X53.214 Y27.672 E.00173
G1 X52.951 Y27.74 E.00614
G1 E-3.5
;WIPE_START
G1 F7200
G1 X53.214 Y27.672 E-.12903
G1 X53.289 Y27.686 E-.03624
G1 X53.145 Y27.785 E-.08301
G1 X53.002 Y27.884 E-.08261
G1 X51.262 Y29.624 E-1.16911
;WIPE_END
G1 X56.804 Y24.655 F9000
G1 E5 F2400
;WIDTH:0.439999
G1 F3600
G1 X21.515 Y59.944 E1.34671
G1 X22.089 Y59.944 E.01549
G1 X56.804 Y25.229 E1.3248
G1 X56.804 Y25.803 E.01549
G1 X22.662 Y59.944 E1.30292
G1 X23.236 Y59.944 E.01549
G1 X56.804 Y26.376 E1.28103
G1 X56.804 Y26.95 E.01549
G1 X23.81 Y59.944 E1.25913
G1 X24.383 Y59.944 E.01546
G1 X56.804 Y27.524 E1.23724
G1 X56.804 Y28.097 E.01546
G1 X24.957 Y59.944 E1.21535
G1 X25.531 Y59.944 E.01549
G1 X56.804 Y28.671 E1.19345
G1 X56.804 Y29.245 E.01549
G1 X26.104 Y59.944 E1.17156
G1 X26.678 Y59.944 E.01549
G1 X56.804 Y29.819 E1.14966
G1 X56.804 Y30.392 E.01546
G1 X27.252 Y59.944 E1.12777
G1 X27.826 Y59.944 E.01549
G1 X56.804 Y30.966 E1.10587
G1 X56.804 Y31.54 E.01549
G1 X28.399 Y59.944 E1.08398
G1 X28.973 Y59.944 E.01549
G1 X56.804 Y32.113 E1.06209
G1 X56.804 Y32.687 E.01549
G1 X29.547 Y59.944 E1.04019
G1 X30.12 Y59.944 E.01546
G1 X56.804 Y33.261 E1.0183
G1 X56.804 Y33.834 E.01546
G1 X30.694 Y59.944 E.99642
G1 X31.268 Y59.944 E.01549
G1 X56.804 Y34.408 E.97451
G1 X56.804 Y34.982 E.01549
G1 X31.841 Y59.944 E.95263
G1 X32.415 Y59.944 E.01549
G1 X56.804 Y35.555 E.93074
G1 X56.804 Y36.129 E.01549
G1 X32.989 Y59.944 E.90883
G1 X33.562 Y59.944 E.01546
G1 X56.804 Y36.703 E.88695
G1 X56.804 Y37.277 E.01549
G1 X34.136 Y59.944 E.86504
G1 X34.71 Y59.944 E.01549
G1 X56.804 Y37.85 E.84316
G1 X56.804 Y38.424 E.01549
G1 X35.284 Y59.944 E.82125
G1 X35.857 Y59.944 E.01546
G1 X56.804 Y38.998 E.79937
G1 X56.804 Y39.571 E.01546
G1 X36.431 Y59.944 E.77748
G1 X36.374 Y60.025 E.00267
;WIDTH:0.407168
G1 X36.316 Y60.107 E.00249
;WIDTH:0.374336
G1 X36.245 Y60.087 E.00167
G1 X36.264 Y60.159 E.00168
G1 X36.305 Y60.148 E.00096
;WIDTH:0.439999
G1 X36.748 Y60.093 E.01205
;WIDTH:0.374336
G1 X36.707 Y60.104 E.00096
G1 X36.688 Y60.033 E.00166
G1 X36.759 Y60.052 E.00166
;WIDTH:0.407168
G1 X36.882 Y59.998 E.00333
;WIDTH:0.439999
G1 X37.005 Y59.944 E.00362
G1 X47.981 Y48.968 E.41887
G1 X48.081 Y48.824 E.00473
;WIDTH:0.407168
G1 X48.181 Y48.681 E.00433
;WIDTH:0.374336
G1 X48.597 Y48.137 E.01549
G1 X47.796 Y49.727 F9000
;WIDTH:0.439999
G1 F3600
G1 X37.578 Y59.944 E.38992
G1 X38.152 Y59.944 E.01549
G1 X47.768 Y50.329 E.36695
G1 X47.824 Y50.846 E.01403
G1 X38.726 Y59.944 E.3472
G1 X39.299 Y59.944 E.01546
G1 X47.909 Y51.335 E.32856
G1 X48.069 Y51.748 E.01195
G1 X39.873 Y59.944 E.31278
G1 X40.447 Y59.944 E.01549
G1 X48.244 Y52.148 E.29753
G1 X48.473 Y52.492 E.01115
G1 X41.021 Y59.944 E.28439
G1 X41.594 Y59.944 E.01546
G1 X48.719 Y52.819 E.27191
G1 X49.007 Y53.105 E.01095
G1 X42.168 Y59.944 E.26099
G1 X42.742 Y59.944 E.01549
G1 X49.315 Y53.371 E.25084
G1 X49.664 Y53.596 E.01121
G1 X43.315 Y59.944 E.24227
G1 X43.889 Y59.944 E.01549
G1 X50.041 Y53.793 E.23476
G1 X50.453 Y53.955 E.01195
G1 X44.463 Y59.944 E.22857
G1 X45.036 Y59.944 E.01546
G1 X50.917 Y54.063 E.22443
G1 X51.421 Y54.134 E.01373
G1 X45.61 Y59.944 E.22174
G1 X46.184 Y59.944 E.01549
G1 X52.01 Y54.118 E.22233
G1 X52.728 Y53.974 E.01976
G1 X46.757 Y59.944 E.22785
G1 E-3.5
;WIPE_START
G1 F7200
G1 X48.99 Y57.711 E-1.5
;WIPE_END
G1 X50.33 Y46.798 F9000
G1 E5 F2400
;WIDTH:0.374336
G1 F3600
G1 X50.173 Y46.845 E.00371
G1 X50.016 Y46.831 E.00356
;WIDTH:0.407168
G1 X50.159 Y46.739 E.00422
;WIDTH:0.439999
G1 X50.303 Y46.646 E.00463
G1 X56.804 Y40.145 E.24809
G1 X56.804 Y40.719 E.01549
G1 X51.073 Y46.45 E.21871
G1 X51.695 Y46.401 E.01684
G1 X56.804 Y41.292 E.19497
G1 X56.804 Y41.866 E.01549
G1 X52.218 Y46.452 E.17501
G1 X52.694 Y46.55 E.01311
G1 X56.804 Y42.44 E.15685
G1 X56.804 Y43.013 E.01546
G1 X53.114 Y46.704 E.14084
G1 X53.506 Y46.885 E.01165
G1 X56.804 Y43.587 E.12586
G1 X56.804 Y44.161 E.01549
G1 X53.855 Y47.11 E.11254
G1 X54.177 Y47.361 E.01102
G1 X56.804 Y44.735 E.10023
G1 X56.804 Y45.308 E.01546
G1 X54.468 Y47.645 E.08917
G1 E-3.5
;WIPE_START
G1 F7200
G1 X56.7 Y45.412 E-1.5
;WIPE_END
G1 X56.661 Y46.025 F9000
G1 E5 F2400
G1 F3600
G1 X54.725 Y47.961 E.07388
G1 X55.072 Y48.507 E.01746
G1 X55.363 Y49.279 E.02226
G1 X55.502 Y50.254 E.02658
G1 X55.352 Y51.313 E.02886
G1 X55.068 Y52.037 E.02099
G1 X54.632 Y52.672 E.02079
G1 X55.134 Y52.141 E.01972
G1 X56.661 Y50.615 E.05825
G1 X56.804 Y50.615 E.00386
G1 X56.804 Y45.882 E.12772
G1 X56.398 Y46.861 F9000
G1 F3600
G1 X56.398 Y48.239 E.03719
;WIDTH:0.476739
G1 X56.38 Y48.567 E.00967
;WIDTH:0.513478
G1 X56.362 Y48.895 E.01047
;WIDTH:0.550217
G1 X56.343 Y49.223 E.01127
G1 X56.359 Y49.759 E.0184
;WIDTH:0.517181
G1 X56.376 Y50.295 E.01722
;WIDTH:0.484145
G1 X55.854 Y50.816 E.02207
;WIDTH:0.48738
G1 X55.924 Y50.167 E.01967
;WIDTH:0.518799
G1 X55.877 Y49.713 E.01471
;WIDTH:0.550217
G1 X55.83 Y49.258 E.0157
G1 X55.773 Y49.127 E.0049
;WIDTH:0.504763
G1 X55.623 Y48.766 E.01223
;WIDTH:0.472381
G1 X55.472 Y48.405 E.0114
;WIDTH:0.439999
G1 X55.242 Y48.018 E.01215
G1 X56.255 Y47.005 E.03866
G1 X55.963 Y48.072 F9000
;WIDTH:0.647924
G1 F3600
G1 X55.909 Y48.018 E.00312
G1 X55.834 Y48.037 E.00316
G1 X55.815 Y48.112 E.00316
G1 X55.869 Y48.166 E.00312
G1 X55.943 Y48.146 E.00313
G1 E-3.5
;WIPE_START
G1 F7200
G1 X55.869 Y48.166 E-.03641
G1 X55.815 Y48.112 E-.03627
G1 X55.834 Y48.037 E-.03675
G1 X55.909 Y48.018 E-.03675
G1 X55.963 Y48.072 E-.03627
;WIPE_END
G1 E-1.31755 F3600
G1 X54.632 Y52.672 F9000
G1 E5 F2400
;WIDTH:0.398898
G1 F3600
G1 X54.612 Y52.695 E.00074
;WIDTH:0.395184
G1 X54.137 Y53.173 E.01618
;WIDTH:0.439999
G1 X53.85 Y53.426 E.01032
G1 X47.331 Y59.944 E.24876
G1 X47.905 Y59.944 E.01549
G1 X56.804 Y51.045 E.33961
G1 X56.804 Y51.619 E.01549
G1 X48.479 Y59.944 E.3177
G1 X49.052 Y59.944 E.01546
G1 X56.804 Y52.193 E.29581
G1 X56.804 Y52.766 E.01546
G1 X49.626 Y59.944 E.27393
G1 X50.2 Y59.944 E.01549
G1 X56.804 Y53.34 E.25202
G1 X56.804 Y53.914 E.01549
G1 X50.773 Y59.944 E.23014
G1 X51.347 Y59.944 E.01549
G1 X56.804 Y54.487 E.20825
G1 X56.804 Y55.061 E.01549
G1 X51.921 Y59.944 E.18635
G1 X52.494 Y59.944 E.01546
G1 X56.804 Y55.635 E.16446
G1 X56.804 Y56.208 E.01546
G1 X53.068 Y59.944 E.14257
G1 X53.642 Y59.944 E.01549
G1 X56.804 Y56.782 E.12067
G1 X56.804 Y57.356 E.01549
G1 X54.215 Y59.944 E.09878
G1 X54.664 Y60.148 E.01331
;WIDTH:0.374336
G1 X54.622 Y60.159 E.00098
G1 X54.603 Y60.087 E.00168
G1 X54.675 Y60.107 E.00169
;WIDTH:0.407168
G1 X54.732 Y60.025 E.00248
;WIDTH:0.439999
G1 X54.789 Y59.944 E.00267
G1 X56.804 Y57.93 E.07688
G1 X56.804 Y59.944 E.05435
G1 X55.363 Y59.944 E.03889
G1 X56.661 Y58.647 E.04952
G1 X56.435 Y59.508 F9000
;WIDTH:0.472862
G1 F3600
G1 X56.396 Y59.469 E.00161
G1 X56.343 Y59.484 E.00161
G1 X56.329 Y59.536 E.00157
G1 X56.368 Y59.575 E.00161
G1 X56.421 Y59.561 E.0016
;LAYER_CHANGE
;Z:0.84
;HEIGHT:0.16
;BEFORE_LAYER_CHANGE
G92 E0
;0.84


G1 E-3.5 F3600
;WIPE_START
G1 F7200
G1 X56.368 Y59.575 E-.02604
G1 X56.329 Y59.536 E-.0262
G1 X56.343 Y59.484 E-.02558
G1 X56.396 Y59.469 E-.02616
G1 X56.435 Y59.508 E-.0262
;WIPE_END
G1 E-1.36982 F3600
G1 Z.84 F9000
;AFTER_LAYER_CHANGE
;0.84
G1 X39.774 Y39.7
G1 E5 F2400
;TYPE:Perimeter
;WIDTH:0.439999
G1 F1800
G1 X39.609 Y39.854 E.00609
G1 X39.057 Y40.196 E.01752
G1 X38.449 Y40.421 E.01749
G1 X37.808 Y40.521 E.01751
G1 X37.16 Y40.492 E.0175
G1 X36.53 Y40.336 E.01751
G1 X35.944 Y40.057 E.01751
G1 X35.425 Y39.668 E.0175
G1 X34.993 Y39.184 E.01751
G1 X34.665 Y38.624 E.01751
G1 X34.455 Y38.01 E.01751
G1 X34.376 Y37.483 E.01438
G1 X34.393 Y36.878 E.01633
G1 X34.534 Y36.247 E.01745
G1 X34.797 Y35.654 E.01751
G1 X35.134 Y35.177 E.01576
G1 X35.646 Y34.682 E.01922
G1 X36.198 Y34.34 E.01752
G1 X36.807 Y34.115 E.01752
G1 X37.448 Y34.015 E.01751
G1 X37.987 Y34.036 E.01456
G1 X38.291 Y34.078 E.00828
G1 X38.807 Y34.227 E.01449
G1 X39.311 Y34.479 E.01521
G1 X39.813 Y34.854 E.01691
G1 X40.263 Y35.352 E.01811
G1 X40.59 Y35.912 E.0175
G1 X40.8 Y36.526 E.01751
G1 X40.883 Y37.149 E.01696
G1 X40.861 Y37.676 E.01423
G1 X40.752 Y38.168 E.0136
G1 X40.654 Y38.475 E.0087
G1 X40.418 Y38.956 E.01446
G1 X40.082 Y39.41 E.01524
G1 X39.817 Y39.659 E.00981
G1 X39.507 Y39.397 F9000
G1 F1800
G1 X39.341 Y39.55 E.00609
G1 X38.854 Y39.844 E.01535
G1 X38.32 Y40.036 E.01531
G1 X37.757 Y40.119 E.01536
G1 X37.19 Y40.088 E.01532
G1 X36.64 Y39.945 E.01534
G1 X36.129 Y39.696 E.01534
G1 X35.678 Y39.351 E.01532
G1 X35.304 Y38.924 E.01532
G1 X35.022 Y38.43 E.01535
G1 X34.843 Y37.891 E.01533
G1 X34.775 Y37.383 E.01383
G1 X34.803 Y36.85 E.0144
G1 X34.927 Y36.347 E.01398
G1 X35.163 Y35.83 E.01534
G1 X35.458 Y35.422 E.01359
G1 X35.915 Y34.986 E.01704
G1 X36.401 Y34.692 E.01533
G1 X36.936 Y34.5 E.01534
G1 X37.498 Y34.418 E.01533
G1 X38.065 Y34.448 E.01532
G1 X38.615 Y34.591 E.01534
G1 X39.126 Y34.84 E.01534
G1 X39.56 Y35.171 E.01473
G1 X39.952 Y35.613 E.01594
G1 X40.234 Y36.106 E.01533
G1 X40.412 Y36.645 E.01532
G1 X40.48 Y37.19 E.01482
G1 X40.449 Y37.712 E.01411
G1 X40.313 Y38.239 E.01469
G1 X40.093 Y38.706 E.01393
G1 X39.759 Y39.166 E.01534
G1 X39.551 Y39.357 E.00762
G1 X39.247 Y39.103 F9000
;TYPE:External perimeter
;WIDTH:0.419999
G1 F1800
G1 X39.048 Y39.276 E.00676
G1 X38.622 Y39.517 E.01256
G1 X38.156 Y39.67 E.01258
G1 X37.67 Y39.727 E.01255
G1 X37.182 Y39.686 E.01256
G1 X36.711 Y39.55 E.01258
G1 X36.277 Y39.323 E.01257
G1 X35.897 Y39.015 E.01255
G1 X35.585 Y38.637 E.01257
G1 X35.354 Y38.206 E.01255
G1 X35.214 Y37.741 E.01246
G1 X35.17 Y37.354 E.00999
G1 X35.199 Y36.883 E.01211
G1 X35.323 Y36.409 E.01257
G1 X35.539 Y35.969 E.01257
G1 X35.838 Y35.581 E.01257
G1 X36.275 Y35.221 E.01453
G1 X36.735 Y34.985 E.01326
G1 X37.062 Y34.875 E.00885
G1 X37.569 Y34.809 E.01312
G1 X38.069 Y34.848 E.01287
G1 X38.544 Y34.986 E.01269
G1 X38.978 Y35.213 E.01257
G1 X39.358 Y35.521 E.01255
G1 X39.689 Y35.933 E.01356
G1 X39.932 Y36.432 E.01424
G1 X40.042 Y36.799 E.00983
G1 X40.087 Y37.264 E.01199
G1 X40.056 Y37.654 E.01004
G1 X39.932 Y38.127 E.01254
G1 X39.716 Y38.567 E.01257
G1 X39.417 Y38.955 E.01257
G1 X39.292 Y39.063 E.00424
G1 E-3.5 F3600
;WIPE_START
G1 F7200
G1 X39.247 Y39.103 E-.0286
G1 X39.048 Y39.276 E-.12525
G1 X38.622 Y39.517 E-.23249
G1 X38.156 Y39.67 E-.23298
G1 X37.67 Y39.727 E-.23243
G1 X37.182 Y39.686 E-.23262
G1 X36.711 Y39.55 E-.23286
G1 X36.37 Y39.372 E-.18277
;WIPE_END
G1 X26.22 Y26.673 F9000
G1 E5 F2400
;TYPE:Perimeter
;WIDTH:0.439999
G1 F1800
G1 X26.072 Y26.851 E.00625
G1 X25.492 Y27.299 E.01978
G1 X24.854 Y27.608 E.01913
G1 X24.168 Y27.785 E.01912
G1 X23.461 Y27.822 E.0191
G1 X22.76 Y27.718 E.01912
G1 X22.093 Y27.478 E.01913
G1 X21.488 Y27.11 E.01911
G1 X20.967 Y26.63 E.01912
G1 X20.552 Y26.056 E.01911
G1 X20.258 Y25.411 E.01913
G1 X20.099 Y24.721 E.01911
G1 X20.079 Y24.012 E.01914
G1 X20.2 Y23.314 E.01912
G1 X20.457 Y22.654 E.01911
G1 X21.027 Y21.847 E.02666
G1 X21.486 Y21.425 E.01683
G1 X22.075 Y21.067 E.0186
G1 X22.74 Y20.823 E.01911
G1 X23.44 Y20.715 E.01911
G1 X24.148 Y20.748 E.01913
G1 X24.835 Y20.921 E.01912
G1 X25.474 Y21.227 E.01912
G1 X26.04 Y21.653 E.01912
G1 X26.51 Y22.183 E.01912
G1 X26.866 Y22.795 E.01911
G1 X27.094 Y23.466 E.01912
G1 X27.184 Y24.169 E.01913
G1 X27.133 Y24.876 E.01913
G1 X26.943 Y25.558 E.0191
G1 X26.622 Y26.19 E.01913
G1 X26.258 Y26.627 E.01535
G1 X25.924 Y26.398 F9000
G1 F1800
G1 X25.768 Y26.582 E.00651
G1 X25.255 Y26.969 E.01734
G1 X24.687 Y27.238 E.01696
G1 X24.078 Y27.389 E.01693
G1 X23.451 Y27.416 E.01694
G1 X22.83 Y27.319 E.01696
G1 X22.242 Y27.1 E.01693
G1 X21.708 Y26.77 E.01694
G1 X21.25 Y26.34 E.01695
G1 X20.887 Y25.827 E.01696
G1 X20.632 Y25.253 E.01695
G1 X20.496 Y24.64 E.01694
G1 X20.485 Y24.012 E.01695
G1 X20.598 Y23.395 E.01693
G1 X20.831 Y22.812 E.01694
G1 X21.351 Y22.091 E.02399
G1 X21.748 Y21.735 E.01439
G1 X22.278 Y21.418 E.01666
G1 X22.869 Y21.207 E.01693
G1 X23.491 Y21.118 E.01696
G1 X24.117 Y21.153 E.01692
G1 X24.725 Y21.312 E.01696
G1 X25.289 Y21.588 E.01694
G1 X25.787 Y21.97 E.01694
G1 X26.2 Y22.444 E.01696
G1 X26.51 Y22.989 E.01692
G1 X26.706 Y23.586 E.01696
G1 X26.78 Y24.209 E.01693
G1 X26.73 Y24.835 E.01695
G1 X26.556 Y25.439 E.01696
G1 X26.266 Y25.996 E.01695
G1 X25.963 Y26.353 E.01264
G1 X25.636 Y26.131 F9000
;TYPE:External perimeter
;WIDTH:0.419999
G1 F1800
G1 X25.471 Y26.32 E.00644
G1 X25.024 Y26.648 E.01422
G1 X24.525 Y26.877 E.01409
G1 X23.99 Y27.003 E.0141
G1 X23.441 Y27.021 E.01409
G1 X22.899 Y26.929 E.0141
G1 X22.386 Y26.732 E.0141
G1 X21.922 Y26.437 E.01411
G1 X21.526 Y26.056 E.0141
G1 X21.214 Y25.604 E.01409
G1 X20.997 Y25.1 E.01408
G1 X20.884 Y24.562 E.0141
G1 X20.88 Y24.012 E.01411
G1 X20.986 Y23.473 E.01409
G1 X21.195 Y22.965 E.01409
G1 X21.667 Y22.328 E.02034
G1 X22.032 Y22.017 E.0123
G1 X22.475 Y21.761 E.01313
G1 X22.995 Y21.582 E.01411
G1 X23.54 Y21.51 E.0141
G1 X24.088 Y21.548 E.01409
G1 X24.618 Y21.693 E.0141
G1 X25.108 Y21.94 E.01408
G1 X25.54 Y22.28 E.0141
G1 X25.897 Y22.698 E.0141
G1 X26.163 Y23.179 E.0141
G1 X26.328 Y23.703 E.01409
G1 X26.387 Y24.249 E.01409
G1 X26.336 Y24.796 E.01409
G1 X26.178 Y25.322 E.01409
G1 X25.918 Y25.807 E.01412
G1 X25.675 Y26.086 E.00949
G1 E-3.5 F3600
;WIPE_START
G1 F7200
G1 X25.636 Y26.131 E-.02829
G1 X25.471 Y26.32 E-.11917
G1 X25.024 Y26.648 E-.26335
G1 X24.525 Y26.877 E-.26079
G1 X23.99 Y27.003 E-.26108
G1 X23.441 Y27.021 E-.26092
G1 X22.899 Y26.929 E-.26113
G1 X22.81 Y26.895 E-.04527
;WIPE_END
G1 X23.892 Y46.736 F9000
G1 E5 F2400
;TYPE:Perimeter
;WIDTH:0.439999
G1 F1800
G1 X24.148 Y46.748 E.00692
G1 X24.835 Y46.921 E.01912
G1 X25.474 Y47.227 E.01912
G1 X26.04 Y47.653 E.01912
G1 X26.51 Y48.183 E.01912
G1 X26.866 Y48.795 E.01911
G1 X27.094 Y49.466 E.01912
G1 X27.184 Y50.169 E.01913
G1 X27.133 Y50.876 E.01913
G1 X26.943 Y51.558 E.0191
G1 X26.622 Y52.19 E.01913
G1 X26.072 Y52.851 E.0232
G1 X25.492 Y53.299 E.01978
G1 X24.854 Y53.608 E.01913
G1 X24.168 Y53.785 E.01912
G1 X23.461 Y53.822 E.0191
G1 X22.76 Y53.718 E.01912
G1 X22.093 Y53.478 E.01913
G1 X21.488 Y53.11 E.01911
G1 X20.967 Y52.63 E.01912
G1 X20.552 Y52.056 E.01911
G1 X20.258 Y51.411 E.01913
G1 X20.099 Y50.721 E.01911
G1 X20.079 Y50.012 E.01914
G1 X20.2 Y49.314 E.01912
G1 X20.457 Y48.654 E.01911
G1 X21.027 Y47.847 E.02666
G1 X21.486 Y47.425 E.01683
G1 X22.075 Y47.067 E.0186
G1 X22.74 Y46.823 E.01911
G1 X23.44 Y46.715 E.01911
G1 X23.832 Y46.734 E.01059
G1 X23.862 Y47.139 F9000
G1 F1800
G1 X24.117 Y47.153 E.00689
G1 X24.725 Y47.312 E.01696
G1 X25.289 Y47.588 E.01694
G1 X25.787 Y47.97 E.01694
G1 X26.2 Y48.444 E.01696
G1 X26.51 Y48.989 E.01692
G1 X26.706 Y49.586 E.01696
G1 X26.78 Y50.209 E.01693
G1 X26.73 Y50.835 E.01695
G1 X26.556 Y51.439 E.01696
G1 X26.266 Y51.996 E.01695
G1 X25.768 Y52.582 E.02075
G1 X25.255 Y52.969 E.01734
G1 X24.687 Y53.238 E.01696
G1 X24.078 Y53.389 E.01693
G1 X23.451 Y53.416 E.01694
G1 X22.83 Y53.319 E.01696
G1 X22.242 Y53.1 E.01693
G1 X21.708 Y52.77 E.01694
G1 X21.25 Y52.34 E.01695
G1 X20.887 Y51.827 E.01696
G1 X20.632 Y51.253 E.01695
G1 X20.496 Y50.64 E.01694
G1 X20.485 Y50.012 E.01695
G1 X20.598 Y49.395 E.01693
G1 X20.831 Y48.812 E.01694
G1 X21.351 Y48.091 E.02399
G1 X21.748 Y47.735 E.01439
G1 X22.278 Y47.418 E.01666
G1 X22.869 Y47.207 E.01693
G1 X23.491 Y47.118 E.01696
G1 X23.802 Y47.135 E.0084
G1 X23.833 Y47.53 F9000
;TYPE:External perimeter
;WIDTH:0.419999
G1 F1800
G1 X24.088 Y47.548 E.00656
G1 X24.618 Y47.693 E.0141
G1 X25.108 Y47.94 E.01408
G1 X25.54 Y48.28 E.0141
G1 X25.897 Y48.698 E.0141
G1 X26.163 Y49.179 E.0141
G1 X26.328 Y49.703 E.01409
G1 X26.387 Y50.249 E.01409
G1 X26.336 Y50.796 E.01409
G1 X26.178 Y51.322 E.01409
G1 X25.918 Y51.807 E.01412
G1 X25.471 Y52.32 E.01746
G1 X25.024 Y52.648 E.01422
G1 X24.525 Y52.877 E.01409
G1 X23.99 Y53.003 E.0141
G1 X23.441 Y53.021 E.01409
G1 X22.899 Y52.929 E.0141
G1 X22.386 Y52.732 E.0141
G1 X21.922 Y52.437 E.01411
G1 X21.526 Y52.056 E.0141
G1 X21.214 Y51.604 E.01409
G1 X20.997 Y51.1 E.01408
G1 X20.884 Y50.562 E.0141
G1 X20.88 Y50.012 E.01411
G1 X20.986 Y49.473 E.01409
G1 X21.195 Y48.965 E.01409
G1 X21.667 Y48.328 E.02034
G1 X22.032 Y48.017 E.0123
G1 X22.475 Y47.761 E.01313
G1 X22.995 Y47.582 E.01411
G1 X23.54 Y47.51 E.0141
G1 X23.773 Y47.526 E.00599
G1 E-3.5 F3600
;WIPE_START
G1 F7200
G1 X23.833 Y47.53 E-.02856
G1 X24.088 Y47.548 E-.12143
G1 X24.618 Y47.693 E-.261
G1 X25.108 Y47.94 E-.26065
G1 X25.54 Y48.28 E-.26113
G1 X25.897 Y48.698 E-.26111
G1 X26.163 Y49.179 E-.26108
G1 X26.192 Y49.269 E-.04504
;WIPE_END
G1 X48.096 Y49.914 F9000
G1 E5 F2400
;TYPE:Perimeter
;WIDTH:0.439999
G1 F1800
G1 X48.2 Y49.314 E.01643
G1 X48.457 Y48.654 E.01911
G1 X48.98 Y47.909 E.02456
G1 X49.335 Y47.553 E.01357
G1 X49.632 Y47.323 E.01014
G1 X50.075 Y47.067 E.01381
G1 X50.565 Y46.882 E.01413
G1 X50.933 Y46.779 E.01031
G1 X51.44 Y46.715 E.01379
G1 X52.148 Y46.748 E.01913
G1 X52.835 Y46.921 E.01912
G1 X53.474 Y47.227 E.01912
G1 X54.04 Y47.653 E.01912
G1 X54.51 Y48.183 E.01912
G1 X54.866 Y48.795 E.01911
G1 X55.094 Y49.466 E.01912
G1 X55.184 Y50.169 E.01913
G1 X55.133 Y50.876 E.01913
G1 X54.943 Y51.558 E.0191
G1 X54.622 Y52.19 E.01913
G1 X54.182 Y52.745 E.01911
G1 X53.64 Y53.202 E.01913
G1 X53.019 Y53.542 E.0191
G1 X52.343 Y53.753 E.01911
G1 X51.485 Y53.821 E.02323
G1 X50.76 Y53.718 E.01976
G1 X50.093 Y53.478 E.01913
G1 X49.488 Y53.11 E.01911
G1 X48.967 Y52.63 E.01912
G1 X48.552 Y52.056 E.01911
G1 X48.258 Y51.411 E.01913
G1 X48.099 Y50.721 E.01911
G1 X48.079 Y50.012 E.01914
G1 X48.086 Y49.974 E.00104
G1 X48.495 Y49.954 F9000
G1 F1800
G1 X48.598 Y49.395 E.01534
G1 X48.831 Y48.812 E.01694
G1 X49.304 Y48.153 E.02189
G1 X49.748 Y47.735 E.01646
G1 X50.179 Y47.475 E.01358
G1 X50.694 Y47.266 E.015
G1 X50.983 Y47.181 E.00813
G1 X51.491 Y47.118 E.01381
G1 X52.117 Y47.153 E.01692
G1 X52.725 Y47.312 E.01696
G1 X53.289 Y47.588 E.01694
G1 X53.787 Y47.97 E.01694
G1 X54.2 Y48.444 E.01696
G1 X54.51 Y48.989 E.01692
G1 X54.706 Y49.586 E.01696
G1 X54.78 Y50.209 E.01693
G1 X54.73 Y50.835 E.01695
G1 X54.556 Y51.439 E.01696
G1 X54.266 Y51.996 E.01695
G1 X53.871 Y52.484 E.01694
G1 X53.387 Y52.885 E.01696
G1 X52.834 Y53.181 E.01693
G1 X52.233 Y53.363 E.01695
G1 X51.465 Y53.416 E.02077
G1 X50.83 Y53.319 E.01733
G1 X50.242 Y53.1 E.01693
G1 X49.708 Y52.77 E.01694
G1 X49.25 Y52.34 E.01695
G1 X48.887 Y51.827 E.01696
G1 X48.632 Y51.253 E.01695
G1 X48.496 Y50.64 E.01694
G1 X48.485 Y50.014 E.0169
G1 X48.884 Y49.993 F9000
;TYPE:External perimeter
;WIDTH:0.419999
G1 F1800
G1 X48.986 Y49.473 E.01359
G1 X49.195 Y48.965 E.01409
G1 X49.621 Y48.39 E.01836
G1 X50.004 Y48.037 E.01336
G1 X50.475 Y47.761 E.014
G1 X50.995 Y47.582 E.01411
G1 X51.54 Y47.51 E.0141
G1 X52.088 Y47.548 E.01409
G1 X52.618 Y47.693 E.0141
G1 X53.108 Y47.94 E.01408
G1 X53.54 Y48.28 E.0141
G1 X53.897 Y48.698 E.0141
G1 X54.163 Y49.179 E.0141
G1 X54.328 Y49.703 E.01409
G1 X54.387 Y50.249 E.01409
G1 X54.336 Y50.796 E.01409
G1 X54.178 Y51.322 E.01409
G1 X53.918 Y51.806 E.01409
G1 X53.568 Y52.23 E.0141
G1 X53.141 Y52.575 E.01408
G1 X52.654 Y52.829 E.01409
G1 X52.126 Y52.982 E.0141
G1 X51.445 Y53.021 E.0175
G1 X50.899 Y52.929 E.0142
G1 X50.386 Y52.732 E.0141
G1 X49.922 Y52.437 E.01411
G1 X49.526 Y52.056 E.0141
G1 X49.214 Y51.604 E.01409
G1 X48.997 Y51.1 E.01408
G1 X48.884 Y50.562 E.0141
G1 X48.881 Y50.053 E.01306
G1 E-3.5 F3600
;WIPE_START
G1 F7200
G1 X48.884 Y49.993 E-.02854
G1 X48.986 Y49.473 E-.25171
G1 X49.195 Y48.965 E-.26092
G1 X49.621 Y48.39 E-.33992
G1 X50.004 Y48.037 E-.24741
G1 X50.475 Y47.761 E-.25931
G1 X50.698 Y47.684 E-.11219
;WIPE_END
G1 X51.188 Y27.779 F9000
G1 E5 F2400
;TYPE:Perimeter
;WIDTH:0.439999
G1 F1800
G1 X50.76 Y27.718 E.01167
G1 X50.093 Y27.478 E.01913
G1 X49.488 Y27.11 E.01911
G1 X48.983 Y26.645 E.01852
G1 X48.598 Y26.124 E.01748
G1 X48.315 Y25.546 E.01737
G1 X48.2 Y25.222 E.00928
G1 X48.099 Y24.721 E.01379
G1 X48.079 Y24.012 E.01914
G1 X48.2 Y23.314 E.01912
G1 X48.457 Y22.654 E.01911
G1 X49.027 Y21.847 E.02666
G1 X49.486 Y21.425 E.01683
G1 X50.075 Y21.067 E.0186
G1 X50.74 Y20.823 E.01911
G1 X51.44 Y20.715 E.01911
G1 X52.148 Y20.748 E.01913
G1 X52.835 Y20.921 E.01912
G1 X53.474 Y21.227 E.01912
G1 X54.027 Y21.643 E.01867
G1 X54.51 Y22.183 E.01955
G1 X54.866 Y22.795 E.01911
G1 X55.094 Y23.466 E.01912
G1 X55.184 Y24.169 E.01913
G1 X55.133 Y24.876 E.01913
G1 X54.943 Y25.558 E.0191
G1 X54.622 Y26.19 E.01913
G1 X54.182 Y26.745 E.01911
G1 X53.64 Y27.202 E.01913
G1 X53.019 Y27.542 E.0191
G1 X52.343 Y27.753 E.01911
G1 X51.485 Y27.821 E.02323
G1 X51.247 Y27.787 E.00649
G1 X51.238 Y27.381 F9000
G1 F1800
G1 X50.83 Y27.319 E.01114
G1 X50.242 Y27.1 E.01693
G1 X49.708 Y26.77 E.01694
G1 X49.266 Y26.355 E.01636
G1 X48.933 Y25.895 E.01532
G1 X48.689 Y25.388 E.01518
G1 X48.598 Y25.141 E.0071
G1 X48.496 Y24.64 E.0138
G1 X48.485 Y24.012 E.01695
G1 X48.598 Y23.395 E.01693
G1 X48.831 Y22.812 E.01694
G1 X49.351 Y22.091 E.02399
G1 X49.748 Y21.735 E.01439
G1 X50.278 Y21.418 E.01666
G1 X50.869 Y21.207 E.01693
G1 X51.491 Y21.118 E.01696
G1 X52.117 Y21.153 E.01692
G1 X52.725 Y21.312 E.01696
G1 X53.289 Y21.588 E.01694
G1 X53.774 Y21.96 E.01649
G1 X54.2 Y22.444 E.0174
G1 X54.51 Y22.989 E.01692
G1 X54.706 Y23.586 E.01696
G1 X54.78 Y24.209 E.01693
G1 X54.73 Y24.835 E.01695
G1 X54.556 Y25.439 E.01696
G1 X54.266 Y25.996 E.01695
G1 X53.871 Y26.484 E.01694
G1 X53.387 Y26.885 E.01696
G1 X52.834 Y27.181 E.01693
G1 X52.233 Y27.363 E.01695
G1 X51.465 Y27.416 E.02077
G1 X51.297 Y27.39 E.00459
G1 X51.286 Y26.994 F9000
;TYPE:External perimeter
;WIDTH:0.419999
G1 F1800
G1 X50.899 Y26.929 E.01007
G1 X50.386 Y26.732 E.0141
G1 X49.922 Y26.437 E.01411
G1 X49.542 Y26.072 E.01352
G1 X49.214 Y25.604 E.01466
G1 X48.997 Y25.1 E.01408
G1 X48.884 Y24.562 E.0141
G1 X48.88 Y24.012 E.01411
G1 X48.986 Y23.473 E.01409
G1 X49.195 Y22.965 E.01409
G1 X49.667 Y22.328 E.02034
G1 X50.032 Y22.017 E.0123
G1 X50.475 Y21.761 E.01313
G1 X50.995 Y21.582 E.01411
G1 X51.54 Y21.51 E.0141
G1 X52.088 Y21.548 E.01409
G1 X52.618 Y21.693 E.0141
G1 X53.108 Y21.94 E.01408
G1 X53.527 Y22.269 E.01367
G1 X53.897 Y22.698 E.01453
G1 X54.163 Y23.179 E.0141
G1 X54.328 Y23.703 E.01409
G1 X54.387 Y24.249 E.01409
G1 X54.336 Y24.796 E.01409
G1 X54.178 Y25.322 E.01409
G1 X53.918 Y25.806 E.01409
G1 X53.568 Y26.23 E.0141
G1 X53.141 Y26.575 E.01408
G1 X52.654 Y26.829 E.01409
G1 X52.126 Y26.982 E.0141
G1 X51.445 Y27.021 E.0175
G1 X51.345 Y27.004 E.0026
G1 E-3.5 F3600
;WIPE_START
G1 F7200
G1 X51.286 Y26.994 E-.02842
G1 X50.899 Y26.929 E-.1864
G1 X50.386 Y26.732 E-.26102
G1 X49.922 Y26.437 E-.26117
G1 X49.542 Y26.072 E-.25028
G1 X49.214 Y25.604 E-.27146
G1 X49.013 Y25.137 E-.24125
;WIPE_END
G1 X54.913 Y17.989 F9000
G1 E5 F2400
;TYPE:Perimeter
;WIDTH:0.439999
G1 F3600
G1 X55.214 Y18.197 E.00987
G1 X55.611 Y18.279 E.01094
G1 X57.116 Y18.279 E.04061
G1 X57.116 Y60.257 E1.13277
G1 X18.139 Y60.257 E1.05179
G1 X18.139 Y18.279 E1.13277
G1 X19.748 Y18.279 E.04342
G1 X20.046 Y18.195 E.00835
G1 X20.359 Y17.977 E.01029
G1 X20.563 Y17.667 E.01001
G1 X20.639 Y17.285 E.01051
G1 X20.639 Y15.279 E.05413
G1 X54.616 Y15.279 E.91686
G1 X54.616 Y17.285 E.05413
G1 X54.694 Y17.67 E.0106
G1 X54.875 Y17.943 E.00884
G1 X55.202 Y17.696 F9000
G1 F3600
G1 X55.323 Y17.798 E.00427
G1 X55.611 Y17.874 E.00804
G1 X57.522 Y17.874 E.05157
G1 X57.522 Y60.662 E1.15463
G1 X17.733 Y60.662 E1.0737
G1 X17.733 Y17.874 E1.15463
G1 X19.711 Y17.874 E.05338
G1 X19.978 Y17.77 E.00773
G1 X20.164 Y17.562 E.00753
G1 X20.233 Y17.285 E.0077
G1 X20.233 Y14.874 E.06506
G1 X55.022 Y14.874 E.93877
G1 X55.022 Y17.375 E.06749
G1 X55.151 Y17.653 E.00827
G1 X55.156 Y17.657 E.00017
G1 X55.484 Y17.417 F9000
;TYPE:External perimeter
;WIDTH:0.419999
G1 F1800
G1 X55.611 Y17.478 E.00361
G1 X57.918 Y17.478 E.05918
G1 X57.918 Y61.058 E1.11802
G1 X17.338 Y61.058 E1.04106
G1 X17.338 Y17.478 E1.11802
G1 X19.645 Y17.478 E.05918
G1 X19.769 Y17.432 E.00339
G1 X19.838 Y17.285 E.00417
G1 X19.838 Y14.478 E.07201
G1 X55.418 Y14.478 E.91278
G1 X55.418 Y17.285 E.07201
G1 X55.449 Y17.374 E.00242
G1 E-3.5 F3600
;WIPE_START
G1 F7200
G1 X55.484 Y17.417 E-.02634
G1 X55.611 Y17.478 E-.06692
G1 X57.918 Y17.478 E-1.09582
G1 X57.918 Y18.133 E-.31092
;WIPE_END
G1 X18.484 Y59.834 F9000
G1 E5 F2400
;TYPE:Solid infill
;WIDTH:0.538422
G1 F3600
G1 X18.44 Y59.879 E.00211
G1 X18.456 Y59.94 E.00211
G1 X18.517 Y59.956 E.00211
G1 X18.561 Y59.911 E.00211
G1 X18.545 Y59.851 E.00208
;WIDTH:0.439999
G1 X18.451 Y59.203 E.01767
G1 X19.193 Y59.944 E.0283
G1 X19.767 Y59.944 E.01549
G1 X18.451 Y58.629 E.0502
G1 X18.451 Y58.055 E.01549
G1 X20.34 Y59.944 E.07209
G1 X20.914 Y59.944 E.01549
G1 X18.451 Y57.482 E.09397
G1 X18.451 Y56.908 E.01549
G1 X21.488 Y59.944 E.11588
G1 X22.062 Y59.944 E.01549
G1 X18.451 Y56.334 E.13778
G1 X18.451 Y55.76 E.01549
G1 X22.635 Y59.944 E.15967
G1 X23.209 Y59.944 E.01549
G1 X18.451 Y55.187 E.18156
G1 X18.451 Y54.613 E.01549
G1 X23.783 Y59.944 E.20346
G1 X24.356 Y59.944 E.01546
G1 X18.451 Y54.039 E.22535
G1 X18.451 Y53.466 E.01546
G1 X24.93 Y59.944 E.24723
G1 X25.504 Y59.944 E.01549
G1 X18.451 Y52.892 E.26914
G1 X18.451 Y52.318 E.01549
G1 X26.077 Y59.944 E.29103
G1 X26.651 Y59.944 E.01549
G1 X18.451 Y51.745 E.31291
G1 X18.451 Y51.171 E.01549
G1 X27.225 Y59.944 E.33482
G1 X28.074 Y60.022 F9000
;WIDTH:0.374336
G1 F3600
G1 X28.055 Y60.093 E.00166
G1 X28.126 Y60.074 E.00166
G1 X28.115 Y60.033 E.00096
;WIDTH:0.407168
G1 X27.957 Y59.989 E.00407
;WIDTH:0.439999
G1 X27.799 Y59.944 E.00443
G1 X18.451 Y50.597 E.35672
G1 X18.451 Y50.024 E.01546
G1 X19.978 Y51.55 E.05825
G1 X20.056 Y51.538 E.00213
;WIDTH:0.407168
G1 X20.133 Y51.526 E.00193
;WIDTH:0.374336
G1 X20.187 Y51.759 E.00541
G1 X20.171 Y51.837 E.0018
G1 X19.795 Y50.794 F9000
;WIDTH:0.439999
G1 F3600
G1 X18.451 Y49.45 E.05129
G1 X18.451 Y44.86 E.12386
G1 X21.019 Y47.428 E.098
G1 X20.774 Y47.663 E.00916
G1 X20.311 Y48.285 E.02092
G1 X19.962 Y49.032 E.02225
G1 X19.795 Y49.743 E.01971
G1 X19.777 Y50.201 E.01237
G1 X18.637 Y49.062 E.04349
G1 X18.857 Y48.733 E.01068
G1 X18.857 Y45.84 E.07807
G1 X20.444 Y47.427 E.06056
G1 X19.945 Y48.111 E.02285
G1 X19.61 Y48.817 E.02109
G1 X19.476 Y49.327 E.01423
G1 X19.003 Y48.873 E.01769
G1 X19.3 Y48.435 E.01428
;WIDTH:0.51528
G1 X19.3 Y46.91 E.04879
G1 X19.859 Y47.468 E.02527
G1 X19.544 Y47.921 E.01765
G1 X19.387 Y48.252 E.01172
G1 E-3.5
;WIPE_START
G1 F7200
G1 X19.544 Y47.921 E-.17401
G1 X19.859 Y47.468 E-.26208
G1 X19.3 Y46.91 E-.37517
G1 X19.3 Y48.36 E-.68874
;WIPE_END
G1 X21.324 Y47.159 F9000
G1 E5 F2400
;WIDTH:0.439999
G1 F3600
G1 X18.451 Y44.287 E.10962
G1 X18.451 Y43.713 E.01549
G1 X21.675 Y46.937 E.12304
G1 X22.049 Y46.737 E.01144
G1 X18.451 Y43.139 E.13731
G1 X18.451 Y42.566 E.01546
G1 X22.47 Y46.584 E.15336
G1 X22.925 Y46.465 E.01269
G1 X18.451 Y41.992 E.17072
G1 X18.451 Y41.418 E.01549
G1 X23.437 Y46.404 E.19028
G1 X24.037 Y46.43 E.01621
G1 X18.451 Y40.844 E.21317
G1 X18.451 Y40.271 E.01546
G1 X24.763 Y46.583 E.24088
G1 X24.809 Y46.675 E.00278
;WIDTH:0.407168
G1 X24.856 Y46.767 E.00256
;WIDTH:0.374336
G1 X25.05 Y46.756 E.00439
G1 E-3.5
;WIPE_START
G1 F7200
G1 X24.856 Y46.767 E-.0923
G1 X24.809 Y46.675 E-.04907
G1 X24.763 Y46.583 E-.04886
G1 X22.813 Y44.633 E-1.30977
;WIPE_END
G1 X22.049 Y53.711 F9000
G1 E5 F2400
G1 F3600
G1 X22.208 Y53.7 E.0036
G1 X22.392 Y53.761 E.00438
;WIDTH:0.407168
G1 X22.364 Y53.834 E.00194
;WIDTH:0.439999
G1 X22.336 Y53.908 E.00214
G1 X28.372 Y59.944 E.23035
G1 X28.946 Y59.944 E.01549
G1 X23.093 Y54.092 E.22334
G1 X23.703 Y54.128 E.01649
G1 X29.52 Y59.944 E.22197
G1 X30.093 Y59.944 E.01546
G1 X24.237 Y54.088 E.22348
G1 X24.705 Y53.982 E.01295
G1 X30.667 Y59.944 E.22752
G1 X31.241 Y59.944 E.01549
G1 X25.125 Y53.828 E.2334
G1 X25.515 Y53.645 E.01163
G1 X31.814 Y59.944 E.24038
G1 X32.388 Y59.944 E.01549
G1 X25.861 Y53.418 E.24907
G1 X26.185 Y53.168 E.01104
G1 X32.962 Y59.944 E.25861
G1 X33.535 Y59.944 E.01546
G1 X26.465 Y52.874 E.26981
G1 X26.731 Y52.566 E.01098
G1 X34.109 Y59.944 E.28156
G1 X34.683 Y59.944 E.01549
G1 X26.955 Y52.217 E.2949
G1 X27.158 Y51.846 E.01141
G1 X35.257 Y59.944 E.30906
G1 X35.83 Y59.944 E.01546
G1 X27.306 Y51.421 E.32528
G1 X27.432 Y50.973 E.01256
G1 X36.404 Y59.944 E.34237
G1 X36.978 Y59.944 E.01549
G1 X27.489 Y50.455 E.36212
G1 X27.464 Y49.857 E.01615
G1 X37.551 Y59.944 E.38494
G1 X38.125 Y59.944 E.01549
G1 X27.306 Y49.125 E.41288
G1 X27.219 Y48.983 E.00449
;WIDTH:0.407168
G1 X27.131 Y48.841 E.00414
;WIDTH:0.374336
G1 X27.11 Y48.929 E.00205
G1 X27.133 Y49.085 E.00357
G1 X26.801 Y48.047 F9000
;WIDTH:0.439999
G1 F3600
G1 X38.699 Y59.944 E.45404
G1 E-3.5
;WIPE_START
G1 F7200
G1 X36.466 Y57.711 E-1.5
;WIPE_END
G1 X26.536 Y47.76 F9000
G1 E5 F2400
;WIDTH:0.41002
G1 F3600
G1 X26.21 Y47.423 E.01172
;WIDTH:0.439999
G1 X25.923 Y47.168 E.01036
G1 X18.451 Y39.697 E.28513
G1 X18.451 Y39.123 E.01549
G1 X39.272 Y59.944 E.79458
G1 X39.846 Y59.944 E.01549
G1 X18.451 Y38.55 E.81646
G1 X18.451 Y37.976 E.01549
G1 X40.42 Y59.944 E.83837
G1 X40.993 Y59.944 E.01546
G1 X18.451 Y37.402 E.86025
G1 X18.451 Y36.829 E.01546
G1 X41.567 Y59.944 E.88214
G1 X42.141 Y59.944 E.01549
G1 X18.451 Y36.255 E.90405
G1 X18.451 Y35.681 E.01549
G1 X42.715 Y59.944 E.92595
G1 X43.288 Y59.944 E.01546
G1 X18.451 Y35.107 E.94784
G1 X18.451 Y34.534 E.01546
G1 X43.862 Y59.944 E.96972
G1 X44.436 Y59.944 E.01549
G1 X18.451 Y33.96 E.99163
G1 X18.451 Y33.386 E.01549
G1 X45.009 Y59.944 E1.01351
G1 X45.583 Y59.944 E.01549
G1 X18.451 Y32.813 E1.0354
G1 X18.451 Y32.239 E.01549
G1 X46.157 Y59.944 E1.05731
G1 X46.73 Y59.944 E.01546
G1 X18.451 Y31.665 E1.07919
G1 X18.451 Y31.092 E.01546
G1 X47.304 Y59.944 E1.10108
G1 X47.878 Y59.944 E.01549
G1 X18.451 Y30.518 E1.12298
G1 X18.451 Y29.944 E.01549
G1 X48.452 Y59.944 E1.14489
G1 X49.025 Y59.944 E.01546
G1 X18.451 Y29.371 E1.16675
G1 X18.451 Y28.797 E.01549
G1 X49.599 Y59.944 E1.18866
G1 X50.173 Y59.944 E.01549
G1 X18.451 Y28.223 E1.21057
G1 X18.451 Y27.649 E.01549
G1 X50.746 Y59.944 E1.23245
G1 X51.32 Y59.944 E.01549
G1 X18.451 Y27.076 E1.25434
G1 X18.451 Y26.502 E.01549
G1 X51.894 Y59.944 E1.27624
G1 X52.467 Y59.944 E.01546
G1 X18.451 Y25.928 E1.29813
G1 X18.451 Y25.355 E.01546
G1 X53.041 Y59.944 E1.32001
G1 X53.932 Y60.033 F9000
;WIDTH:0.374336
G1 F3600
G1 X53.943 Y60.074 E.00096
G1 X53.872 Y60.093 E.00166
G1 X53.891 Y60.022 E.00166
;WIDTH:0.407168
G1 X53.753 Y59.983 E.00356
;WIDTH:0.439999
G1 X53.615 Y59.944 E.00387
G1 X18.451 Y24.781 E1.34192
G1 X18.451 Y24.207 E.01549
G1 X20.112 Y25.868 E.06339
G1 X20.219 Y26.012 E.00484
;WIDTH:0.407168
G1 X20.325 Y26.155 E.00441
;WIDTH:0.374336
G1 X20.67 Y26.585 E.01247
G1 X21.194 Y27.119 E.01692
G1 X21.748 Y27.583 E.01634
;WIDTH:0.439999
G1 X22.035 Y27.79 E.00955
G1 X54.188 Y59.944 E1.22705
G1 X54.762 Y59.944 E.01549
G1 X22.873 Y28.056 E1.21694
G1 X22.745 Y27.961 E.0043
;WIDTH:0.407168
G1 X22.617 Y27.866 E.00395
;WIDTH:0.374336
G1 X22.628 Y27.907 E.00096
G1 X22.556 Y27.926 E.00168
G1 X22.575 Y27.855 E.00166
G1 X23.524 Y28.133 F9000
;WIDTH:0.439999
G1 F3600
G1 X34.686 Y39.295 E.42597
G1 X34.95 Y39.582 E.01052
;WIDTH:0.406802
G1 X35.288 Y39.928 E.01198
;WIDTH:0.439999
G1 X35.575 Y40.184 E.01038
G1 X55.336 Y59.944 E.75411
G1 E-3.5
;WIPE_START
G1 F7200
G1 X53.103 Y57.711 E-1.5
;WIPE_END
G1 X48.506 Y52.541 F9000
G1 E5 F2400
G1 F3600
G1 X36.653 Y40.688 E.45234
G1 X36.604 Y40.595 E.00284
;WIDTH:0.407168
G1 X36.555 Y40.501 E.00263
;WIDTH:0.374336
G1 X36.366 Y40.519 E.00429
G1 X37.354 Y40.815 F9000
;WIDTH:0.439999
G1 F3600
G1 X47.919 Y51.38 E.40318
G1 X48.008 Y51.503 E.0041
;WIDTH:0.407168
G1 X48.098 Y51.626 E.00378
;WIDTH:0.374336
G1 X48.079 Y51.697 E.00166
G1 X48.15 Y51.678 E.00166
G1 X48.139 Y51.637 E.00096
G1 X47.994 Y50.771 F9000
G1 F3600
G1 X48.005 Y50.812 E.00096
G1 X47.934 Y50.831 E.00166
G1 X47.953 Y50.76 E.00166
;WIDTH:0.407168
G1 X47.864 Y50.711 E.00252
;WIDTH:0.439999
G1 X47.775 Y50.662 E.00274
G1 X37.925 Y40.812 E.3759
G1 X38.436 Y40.75 E.01389
G1 X47.771 Y50.085 E.35624
G1 X47.838 Y49.578 E.0138
G1 X38.864 Y40.604 E.34247
G1 X39.265 Y40.432 E.01177
G1 X47.936 Y49.102 E.33089
G1 X48.108 Y48.701 E.01177
G1 X39.629 Y40.222 E.32358
G1 X39.945 Y39.964 E.01101
G1 X48.292 Y48.311 E.31854
G1 X48.539 Y47.984 E.01106
G1 X40.251 Y39.696 E.31629
G1 X40.497 Y39.369 E.01104
G1 X48.785 Y47.657 E.31629
G1 X49.076 Y47.374 E.01095
G1 X40.729 Y39.027 E.31854
G1 X40.914 Y38.639 E.0116
G1 X49.386 Y47.11 E.32329
G1 X49.75 Y46.9 E.01134
G1 X41.06 Y38.21 E.33163
G1 X41.163 Y37.74 E.01298
G1 X50.128 Y46.705 E.34212
G1 X50.557 Y46.56 E.01222
G1 X41.198 Y37.201 E.35716
G1 X40.947 Y36.236 F9000
;WIDTH:0.374336
G1 F3600
G1 X40.928 Y36.307 E.00166
G1 X40.999 Y36.288 E.00166
G1 X40.988 Y36.247 E.00096
;WIDTH:0.407168
G1 X41.06 Y36.404 E.00428
;WIDTH:0.439999
G1 X41.131 Y36.561 E.00465
G1 X51.027 Y46.456 E.37763
G1 X51.862 Y46.501 F9000
;WIDTH:0.374336
G1 F3600
G1 X51.873 Y46.542 E.00096
G1 X51.802 Y46.561 E.00166
G1 X51.821 Y46.49 E.00166
;WIDTH:0.407168
G1 X51.683 Y46.446 E.00359
;WIDTH:0.439999
G1 X51.545 Y46.401 E.00392
G1 X40.797 Y35.653 E.41017
G1 E-3.5
;WIPE_START
G1 F7200
G1 X43.03 Y37.886 E-1.5
;WIPE_END
G1 X34.386 Y38.304 F9000
G1 E5 F2400
;WIDTH:0.374336
G1 F3600
G1 X34.403 Y38.374 E.00163
G1 X34.381 Y38.526 E.00347
;WIDTH:0.407168
G1 X34.293 Y38.383 E.00416
;WIDTH:0.439999
G1 X34.206 Y38.241 E.00449
G1 X24.075 Y28.11 E.38662
G1 X24.553 Y28.014 E.01316
G1 X34.072 Y37.533 E.36327
G1 X34.081 Y36.969 E.01522
G1 X24.993 Y27.881 E.34682
G1 X25.39 Y27.704 E.01173
G1 X34.16 Y36.474 E.33468
G1 X34.279 Y36.019 E.01269
G1 X25.748 Y27.488 E.32556
G1 X26.081 Y27.248 E.01108
G1 X34.468 Y35.635 E.32007
G1 X34.677 Y35.269 E.01137
G1 X26.378 Y26.97 E.31671
G1 X26.649 Y26.668 E.01095
G1 X34.925 Y34.944 E.31583
G1 X35.211 Y34.657 E.01093
G1 X26.895 Y26.341 E.31736
G1 X27.097 Y25.968 E.01145
G1 X35.514 Y34.386 E.32123
G1 X35.875 Y34.173 E.01131
G1 X27.267 Y25.565 E.3285
G1 X27.397 Y25.121 E.01248
G1 X36.255 Y33.98 E.33806
G1 X36.682 Y33.833 E.01219
G1 X27.471 Y24.621 E.35153
G1 X27.487 Y24.064 E.01504
G1 X37.167 Y33.743 E.36939
G1 X37.702 Y33.705 E.01447
G1 X27.392 Y23.396 E.39343
G1 X27.306 Y23.253 E.0045
;WIDTH:0.407168
G1 X27.219 Y23.111 E.00413
;WIDTH:0.374336
G1 X27.205 Y23.305 E.0044
G1 X27.042 Y22.472 F9000
;WIDTH:0.439999
G1 F3600
G1 X38.349 Y33.778 E.43148
G1 X38.507 Y33.851 E.0047
;WIDTH:0.407168
G1 X38.665 Y33.923 E.00431
;WIDTH:0.374336
G1 X38.677 Y33.964 E.00097
G1 X38.605 Y33.983 E.00168
G1 X38.624 Y33.912 E.00166
G1 E-3.5
;WIPE_START
G1 F7200
G1 X38.605 Y33.983 E-.03491
G1 X38.677 Y33.964 E-.03537
G1 X38.665 Y33.923 E-.02029
G1 X38.507 Y33.851 E-.08248
G1 X38.349 Y33.778 E-.08267
G1 X36.497 Y31.926 E-1.24428
;WIPE_END
G1 X55.9 Y24.013 F9000
G1 E5 F2400
;WIDTH:0.485818
G1 F3600
G1 X55.923 Y24.339 E.00981
;WIDTH:0.519021
G1 X55.875 Y25.033 E.02243
G1 X55.707 Y25.509 E.01627
;WIDTH:0.47951
G1 X55.539 Y25.985 E.01495
;WIDTH:0.439999
G1 X55.231 Y26.565 E.01772
G1 X56.398 Y27.733 E.04455
G1 X56.398 Y26.122 E.04347
;WIDTH:0.481629
G1 X56.378 Y25.247 E.02604
;WIDTH:0.488158
G1 X56.375 Y24.282 E.02913
;WIDTH:0.485818
G1 X55.886 Y23.811 E.02039
G1 X56.036 Y25.626 F9000
;WIDTH:0.352475
G1 F3600
G1 X56.036 Y26.859 E.02609
G1 X55.681 Y26.503 E.01064
G1 X55.813 Y26.261 E.00583
G1 X55.969 Y25.818 E.00994
G1 E-3.5
;WIPE_START
G1 F7200
G1 X55.813 Y26.261 E-.22309
G1 X55.681 Y26.503 E-.13094
G1 X56.036 Y26.859 E-.23881
G1 X56.036 Y25.626 E-.58568
;WIPE_END
G1 E-.32148 F3600
G1 X48.768 Y52.828 F9000
G1 E5 F2400
;WIDTH:0.404646
G1 F3600
G1 X49.087 Y53.151 E.01118
;WIDTH:0.439999
G1 X49.374 Y53.408 E.0104
G1 X55.91 Y59.944 E.24943
G1 X56.483 Y59.944 E.01546
G1 X50.511 Y53.972 E.22791
G1 X50.382 Y53.864 E.00454
;WIDTH:0.407168
G1 X50.254 Y53.757 E.00414
;WIDTH:0.374336
G1 X50.265 Y53.798 E.00096
G1 X50.194 Y53.817 E.00166
G1 X50.213 Y53.746 E.00166
G1 X51.229 Y54.117 F9000
;WIDTH:0.439999
G1 F3600
G1 X56.804 Y59.691 E.21274
G1 X56.804 Y59.118 E.01546
G1 X51.803 Y54.117 E.19085
G1 X52.33 Y54.07 E.01428
G1 X56.804 Y58.544 E.17074
G1 X56.804 Y57.97 E.01549
G1 X52.787 Y53.953 E.1533
G1 X53.205 Y53.798 E.01203
G1 X56.804 Y57.397 E.13735
G1 X56.804 Y56.823 E.01549
G1 X53.585 Y53.604 E.12284
G1 X53.927 Y53.373 E.01114
G1 X56.804 Y56.249 E.10977
G1 X56.804 Y55.676 E.01546
G1 X54.246 Y53.117 E.09764
G1 X54.524 Y52.822 E.01094
G1 X56.804 Y55.102 E.08701
G1 E-3.5
;WIPE_START
G1 F7200
G1 X54.571 Y52.869 E-1.5
;WIPE_END
G1 X55.32 Y49.17 F9000
G1 E5 F2400
G1 F3600
G1 X55.438 Y49.6 E.01203
G1 X55.495 Y50.368 E.02078
G1 X55.433 Y50.987 E.01679
G1 X55.153 Y51.86 E.02474
G1 X54.898 Y52.335 E.01455
G1 X54.778 Y52.502 E.00555
G1 X56.804 Y54.528 E.07732
G1 X56.804 Y50.369 E.11223
G1 X56.661 Y50.369 E.00386
G1 X55.266 Y48.975 E.05322
G1 X55.926 Y50.254 F9000
;WIDTH:0.504936
G1 F3600
G1 X56.366 Y50.679 E.01915
G1 X56.378 Y51.247 E.01778
;WIDTH:0.481629
G1 X56.398 Y52.122 E.02604
;WIDTH:0.439999
G1 X56.398 Y53.549 E.03851
G1 X55.298 Y52.449 E.04198
G1 X55.539 Y51.985 E.01411
;WIDTH:0.481629
G1 X55.829 Y51.16 E.02602
;WIDTH:0.504936
G1 X55.897 Y50.767 E.01249
G1 X55.915 Y50.457 E.00972
G1 X55.888 Y52.291 F9000
;WIDTH:0.612658
G1 F3600
G1 X55.837 Y52.342 E.00277
G1 X55.855 Y52.412 E.00278
G1 X55.925 Y52.431 E.00279
G1 X55.976 Y52.38 E.00277
G1 X55.957 Y52.31 E.00279
G1 E-3.5
;WIPE_START
G1 F7200
G1 X55.976 Y52.38 E-.03445
G1 X55.925 Y52.431 E-.03426
G1 X55.855 Y52.412 E-.03445
G1 X55.837 Y52.342 E-.03433
G1 X55.888 Y52.291 E-.03426
;WIPE_END
G1 E-1.32825 F3600
G1 X20.033 Y25.281 F9000
G1 E5 F2400
;WIDTH:0.374336
G1 F3600
G1 X20.044 Y25.322 E.00096
G1 X19.973 Y25.341 E.00166
G1 X19.992 Y25.27 E.00166
;WIDTH:0.407168
G1 X19.917 Y25.147 E.00357
;WIDTH:0.439999
G1 X19.842 Y25.024 E.00389
G1 X18.451 Y23.634 E.05306
G1 X18.451 Y18.591 E.13608
G1 X19.797 Y18.581 E.03632
G1 X20.147 Y18.489 E.00977
G1 X20.551 Y18.221 E.01308
G1 X20.778 Y17.929 E.00998
G1 X23.273 Y20.424 E.09521
G1 X22.752 Y20.496 E.01419
G1 X22.018 Y20.746 E.02092
G1 X21.297 Y21.186 E.02279
G1 X20.774 Y21.663 E.0191
G1 X20.311 Y22.285 E.02092
G1 X19.962 Y23.032 E.02225
G1 X19.79 Y23.783 E.02079
G1 X19.771 Y24.38 E.01612
G1 X18.637 Y23.245 E.0433
G1 X18.857 Y22.916 E.01068
G1 X18.857 Y18.993 E.10586
G1 X19.8 Y18.986 E.02545
G1 X20.296 Y18.867 E.01376
G1 X20.807 Y18.531 E.0165
G1 X22.446 Y20.171 E.06257
G1 X21.816 Y20.394 E.01803
G1 X21.189 Y20.755 E.01952
G1 X20.848 Y21.045 E.01208
G1 X20.45 Y21.419 E.01474
G1 X19.945 Y22.111 E.02312
G1 X19.567 Y22.939 E.02456
G1 X19.441 Y23.476 E.01488
G1 X19.004 Y23.057 E.01634
G1 X19.263 Y22.602 E.01413
G1 X19.263 Y19.396 E.08651
G1 X19.803 Y19.392 E.01457
G1 X20.368 Y19.27 E.0156
G1 X20.764 Y19.062 E.01207
G1 X21.704 Y20.002 E.03587
G1 X20.976 Y20.41 E.02252
G1 X20.576 Y20.744 E.01406
G1 X20.126 Y21.175 E.01681
G1 X19.578 Y21.937 E.02533
G1 X19.35 Y22.419 E.01439
G1 X19.668 Y21.109 F9000
G1 F3600
G1 X19.668 Y19.799 E.03535
G1 X20.183 Y19.744 E.01398
G1 X20.695 Y19.566 E.01463
G1 X21.036 Y19.907 E.01301
G1 X20.54 Y20.229 E.01596
G1 X19.984 Y20.731 E.02021
G1 X19.799 Y20.953 E.0078
G1 E-3.5
;WIPE_START
G1 F7200
G1 X19.984 Y20.731 E-.13727
G1 X20.54 Y20.229 E-.35582
G1 X21.036 Y19.907 E-.28089
G1 X20.695 Y19.566 E-.22907
G1 X20.183 Y19.744 E-.25748
G1 X19.682 Y19.797 E-.23947
;WIPE_END
G1 X20.93 Y17.507 F9000
G1 E5 F2400
G1 F3600
G1 X23.842 Y20.419 E.11113
G1 X24.816 Y20.65 F9000
;WIDTH:0.374336
G1 F3600
G1 X24.827 Y20.691 E.00096
G1 X24.756 Y20.71 E.00166
G1 X24.775 Y20.639 E.00166
;WIDTH:0.407168
G1 X24.637 Y20.571 E.00382
;WIDTH:0.439999
G1 X24.499 Y20.502 E.00416
G1 X20.951 Y16.955 E.13538
G1 X20.822 Y16.053 F9000
;WIDTH:0.374336
G1 F3600
G1 X20.803 Y16.124 E.00166
G1 X20.874 Y16.105 E.00166
G1 X20.863 Y16.064 E.00096
;WIDTH:0.407168
G1 X20.907 Y16.222 E.00407
;WIDTH:0.439999
G1 X20.951 Y16.381 E.00445
G1 X25.417 Y20.847 E.17043
G1 X25.561 Y20.956 E.00487
;WIDTH:0.407168
G1 X25.704 Y21.065 E.00446
;WIDTH:0.374336
G1 X26.354 Y21.653 E.01982
G1 X26.822 Y22.185 E.01603
G1 E-3.5
;WIPE_START
G1 F7200
G1 X26.354 Y21.653 E-.33656
G1 X25.704 Y21.065 E-.41634
G1 X25.561 Y20.956 E-.08541
G1 X25.417 Y20.847 E-.08579
G1 X24.56 Y19.99 E-.5759
;WIPE_END
G1 X20.855 Y15.465 F9000
G1 E5 F2400
G1 F3600
G1 X20.836 Y15.536 E.00166
G1 X20.907 Y15.517 E.00166
G1 X20.896 Y15.476 E.00096
;WIDTH:0.407168
G1 X20.924 Y15.642 E.00418
;WIDTH:0.439999
G1 X20.951 Y15.807 E.00451
G1 X39.245 Y34.101 E.69814
G1 X39.389 Y34.206 E.00481
;WIDTH:0.407168
G1 X39.532 Y34.31 E.00439
;WIDTH:0.374336
G1 X40.062 Y34.784 E.01608
G1 X40.583 Y35.366 E.01767
G1 E-3.5
;WIPE_START
G1 F7200
G1 X40.062 Y34.784 E-.37104
G1 X39.532 Y34.31 E-.33774
G1 X39.389 Y34.206 E-.08399
G1 X39.245 Y34.101 E-.08465
G1 X38.318 Y33.174 E-.62258
;WIPE_END
G1 X52.154 Y46.436 F9000
G1 E5 F2400
;WIDTH:0.439999
G1 F3600
G1 X21.31 Y15.592 E1.17708
G1 X21.883 Y15.592 E.01546
G1 X52.909 Y46.618 E1.18402
G1 X52.805 Y46.673 E.00317
;WIDTH:0.407168
G1 X52.701 Y46.728 E.00292
;WIDTH:0.374336
G1 X53.038 Y46.822 E.00791
G1 X53.196 Y46.811 E.00358
G1 E-3.5
;WIPE_START
G1 F7200
G1 X53.038 Y46.822 E-.07523
G1 X52.701 Y46.728 E-.16619
G1 X52.805 Y46.673 E-.05588
G1 X52.909 Y46.618 E-.05588
G1 X51.202 Y44.911 E-1.14682
;WIPE_END
G1 X56.804 Y49.939 F9000
G1 E5 F2400
;WIDTH:0.439999
G1 F3600
G1 X22.457 Y15.592 E1.31076
G1 X23.031 Y15.592 E.01549
G1 X56.804 Y49.365 E1.28885
G1 X56.804 Y48.791 E.01549
G1 X23.604 Y15.592 E1.26697
G1 X24.178 Y15.592 E.01549
G1 X56.804 Y48.218 E1.24508
G1 X56.804 Y47.644 E.01549
G1 X24.752 Y15.592 E1.22318
G1 X25.326 Y15.592 E.01549
G1 X56.804 Y47.07 E1.20127
G1 X56.804 Y46.496 E.01549
G1 X25.899 Y15.592 E1.17939
G1 X26.473 Y15.592 E.01549
G1 X56.804 Y45.923 E1.1575
G1 X56.804 Y45.349 E.01549
G1 X27.047 Y15.592 E1.1356
G1 X27.62 Y15.592 E.01546
G1 X56.804 Y44.775 E1.11371
G1 X56.804 Y44.202 E.01546
G1 X28.194 Y15.592 E1.09182
G1 X28.768 Y15.592 E.01549
G1 X56.804 Y43.628 E1.06992
G1 X56.804 Y43.054 E.01549
G1 X29.341 Y15.592 E1.04803
G1 X29.915 Y15.592 E.01549
G1 X56.804 Y42.481 E1.02615
G1 X56.804 Y41.907 E.01549
G1 X30.489 Y15.592 E1.00424
G1 X31.063 Y15.592 E.01549
G1 X56.804 Y41.333 E.98234
G1 X56.804 Y40.76 E.01546
G1 X31.636 Y15.592 E.96047
G1 X32.21 Y15.592 E.01549
G1 X56.804 Y40.186 E.93856
G1 X56.804 Y39.612 E.01549
G1 X32.784 Y15.592 E.91666
G1 X33.357 Y15.592 E.01546
G1 X56.804 Y39.038 E.89477
G1 X56.804 Y38.465 E.01546
G1 X33.931 Y15.592 E.87289
G1 X34.505 Y15.592 E.01549
G1 X56.804 Y37.891 E.85098
G1 X56.804 Y37.317 E.01549
G1 X35.078 Y15.592 E.82909
G1 X35.652 Y15.592 E.01549
G1 X56.804 Y36.744 E.80721
G1 X56.804 Y36.17 E.01549
G1 X36.226 Y15.592 E.7853
G1 X36.799 Y15.592 E.01546
G1 X56.804 Y35.596 E.76342
G1 X56.912 Y34.695 F9000
;WIDTH:0.374336
G1 F3600
G1 X56.893 Y34.766 E.00166
G1 X56.964 Y34.747 E.00166
G1 X56.953 Y34.706 E.00096
;WIDTH:0.407168
G1 X56.878 Y34.864 E.00434
;WIDTH:0.439999
G1 X56.804 Y35.023 E.00473
G1 X37.373 Y15.592 E.74153
G1 X37.947 Y15.592 E.01549
G1 X48.042 Y25.687 E.38525
G1 X48.133 Y25.81 E.00413
;WIDTH:0.407168
G1 X48.224 Y25.933 E.00379
;WIDTH:0.374336
G1 X48.205 Y26.004 E.00166
G1 X48.276 Y25.985 E.00166
G1 X48.265 Y25.944 E.00096
G1 X48.005 Y25.148 F9000
G1 F3600
G1 X48.016 Y25.189 E.00096
G1 X47.945 Y25.209 E.00167
G1 X47.964 Y25.137 E.00168
;WIDTH:0.407168
G1 X47.892 Y25.015 E.00351
;WIDTH:0.439999
G1 X47.82 Y24.892 E.00385
G1 X38.521 Y15.592 E.35489
G1 X39.094 Y15.592 E.01546
G1 X47.773 Y24.27 E.33119
G1 X47.804 Y23.728 E.01465
G1 X39.668 Y15.592 E.31049
G1 X40.242 Y15.592 E.01549
G1 X47.9 Y23.25 E.29225
G1 X48.052 Y22.829 E.01208
G1 X40.815 Y15.592 E.27618
G1 X41.389 Y15.592 E.01549
G1 X48.223 Y22.426 E.2608
G1 X48.461 Y22.09 E.01111
G1 X41.963 Y15.592 E.24798
G1 X42.536 Y15.592 E.01546
G1 X48.704 Y21.759 E.23537
G1 X48.971 Y21.453 E.01096
G1 X43.11 Y15.592 E.22367
G1 X43.684 Y15.592 E.01549
G1 X49.281 Y21.189 E.21359
G1 X49.629 Y20.964 E.01118
G1 X44.257 Y15.592 E.20501
G1 X44.831 Y15.592 E.01549
G1 X49.999 Y20.76 E.19722
G1 X50.415 Y20.602 E.01201
G1 X45.405 Y15.592 E.19119
G1 X45.979 Y15.592 E.01549
G1 X50.861 Y20.474 E.18631
G1 X51.37 Y20.409 E.01385
G1 X46.552 Y15.592 E.18385
G1 X47.126 Y15.592 E.01549
G1 X51.958 Y20.424 E.1844
G1 X52.95 Y20.723 F9000
;WIDTH:0.374336
G1 F3600
G1 X52.765 Y20.742 E.00421
;WIDTH:0.407168
G1 X52.714 Y20.648 E.00265
;WIDTH:0.439999
G1 X52.663 Y20.555 E.00286
G1 X47.7 Y15.592 E.1894
G1 X48.273 Y15.592 E.01546
G1 X53.659 Y20.978 E.20554
G1 E-3.5
;WIPE_START
G1 F7200
G1 X51.426 Y18.745 E-1.5
;WIPE_END
G1 X49.91 Y27.624 F9000
G1 E5 F2400
;WIDTH:0.374336
G1 F3600
G1 X49.891 Y27.695 E.00166
G1 X49.962 Y27.676 E.00166
G1 X49.951 Y27.635 E.00096
;WIDTH:0.407168
G1 X50.08 Y27.744 E.00419
;WIDTH:0.439999
G1 X50.208 Y27.853 E.00454
G1 X56.804 Y34.449 E.25172
G1 X56.804 Y33.875 E.01549
G1 X50.999 Y28.07 E.22153
G1 X50.871 Y27.98 E.00422
;WIDTH:0.407168
G1 X50.742 Y27.89 E.0039
;WIDTH:0.374336
G1 X50.753 Y27.931 E.00096
G1 X50.682 Y27.951 E.00167
G1 X50.701 Y27.879 E.00168
G1 X51.624 Y28.121 F9000
;WIDTH:0.439999
G1 F3600
G1 X56.804 Y33.302 E.1977
G1 X56.804 Y32.728 E.01549
G1 X52.172 Y28.096 E.17677
G1 X52.643 Y27.993 E.01301
G1 X56.804 Y32.154 E.15879
G1 X56.804 Y31.58 E.01549
G1 X53.078 Y27.854 E.14219
G1 X53.463 Y27.666 E.01156
G1 X56.804 Y31.007 E.1275
G1 X56.804 Y30.433 E.01549
G1 X53.824 Y27.454 E.1137
G1 X54.144 Y27.2 E.01102
G1 X56.804 Y29.859 E.10149
G1 X57.007 Y29.411 E.01327
;WIDTH:0.374336
G1 X57.018 Y29.452 E.00096
G1 X56.947 Y29.471 E.00166
G1 X56.966 Y29.4 E.00166
;WIDTH:0.407168
G1 X56.885 Y29.343 E.00246
;WIDTH:0.439999
G1 X56.804 Y29.286 E.00267
G1 X54.441 Y26.922 E.0902
G1 E-3.5
;WIPE_START
G1 F7200
G1 X56.674 Y29.155 E-1.5
;WIPE_END
G1 X54.99 Y22.389 F9000
G1 E5 F2400
G1 F3600
G1 X55.23 Y22.859 E.01424
G1 X55.438 Y23.6 E.02077
G1 X55.495 Y24.368 E.02078
G1 X55.433 Y24.987 E.01679
G1 X55.153 Y25.86 E.02474
G1 X54.898 Y26.335 E.01455
G1 X54.696 Y26.604 E.00908
G1 X56.804 Y28.712 E.08045
G1 X56.804 Y23.979 E.12772
G1 X56.661 Y23.979 E.00386
G1 X54.897 Y22.209 E.06743
;WIDTH:0.424698
G1 X54.88 Y22.186 E.00074
;WIDTH:0.423524
G1 X54.873 Y22.178 E.00028
;WIDTH:0.421958
G1 X54.365 Y21.609 E.01967
;WIDTH:0.385244
G1 X53.946 Y21.226 E.01325
G1 E-3.5
;WIPE_START
G1 F7200
G1 X54.365 Y21.609 E-.26964
G1 X54.873 Y22.178 E-.36232
G1 X54.88 Y22.186 E-.00505
G1 X54.897 Y22.209 E-.01359
G1 X56.159 Y23.476 E-.8494
;WIPE_END
G1 X56.804 Y23.549 F9000
G1 E5 F2400
;WIDTH:0.439999
G1 F3600
G1 X48.847 Y15.592 E.30366
G1 X49.421 Y15.592 E.01549
G1 X56.804 Y22.975 E.28175
G1 X56.804 Y22.401 E.01549
G1 X49.994 Y15.592 E.25987
G1 X50.568 Y15.592 E.01549
G1 X56.804 Y21.828 E.23798
G1 X56.804 Y21.254 E.01549
G1 X51.142 Y15.592 E.21607
G1 X51.715 Y15.592 E.01546
G1 X56.804 Y20.68 E.19419
G1 X56.878 Y20.522 E.00471
;WIDTH:0.407168
G1 X56.953 Y20.363 E.00436
;WIDTH:0.374336
G1 X56.964 Y20.404 E.00096
G1 X56.893 Y20.423 E.00166
G1 X56.912 Y20.352 E.00166
G1 E-3.5
;WIPE_START
G1 F7200
G1 X56.893 Y20.423 E-.03491
G1 X56.964 Y20.404 E-.03491
G1 X56.953 Y20.363 E-.02016
G1 X56.878 Y20.522 E-.08351
G1 X56.804 Y20.68 E-.08287
G1 X54.953 Y18.829 E-1.24364
;WIPE_END
G1 X54.369 Y17.671 F9000
G1 E5 F2400
;WIDTH:0.439999
G1 F3600
G1 X52.289 Y15.592 E.07936
G1 X52.696 Y15.378 E.01241
;WIDTH:0.374336
G1 X52.677 Y15.449 E.00166
G1 X52.748 Y15.43 E.00166
G1 X52.737 Y15.389 E.00096
;WIDTH:0.407168
G1 X52.8 Y15.49 E.00295
;WIDTH:0.439999
G1 X52.863 Y15.592 E.00324
G1 X54.304 Y17.033 E.05499
G1 X53.642 Y15.761 F9000
;WIDTH:0.49123
G1 F3600
G1 X54.278 Y16.397 E.02734
G1 X54.278 Y15.617 E.02371
G1 X53.498 Y15.617 E.02371
G1 E-3.5
;WIPE_START
G1 F7200
G1 X54.278 Y15.617 E-.3705
G1 X54.278 Y16.397 E-.3705
G1 X53.642 Y15.761 E-.42723
;WIPE_END
G1 E-.33177 F3600
G1 X54.572 Y17.958 F9000
G1 E5 F2400
;WIDTH:0.374336
G1 F3600
G1 X54.945 Y18.33 E.01191
;WIDTH:0.407168
G1 X55.088 Y18.432 E.00436
;WIDTH:0.439999
G1 X55.232 Y18.534 E.00476
G1 X56.804 Y20.107 E.06001
G1 X57.007 Y19.659 E.01327
;WIDTH:0.374336
G1 X57.018 Y19.7 E.00096
G1 X56.947 Y19.719 E.00166
G1 X56.966 Y19.648 E.00166
;WIDTH:0.407168
G1 X56.885 Y19.59 E.00247
;WIDTH:0.439999
G1 X56.804 Y19.533 E.00267
G1 X55.855 Y18.584 E.03622
G1 X56.676 Y18.623 F9000
;WIDTH:0.65621
G1 F3600
G1 X56.621 Y18.678 E.00322
G1 X56.641 Y18.753 E.00321
G1 X56.716 Y18.773 E.00321
G1 X56.771 Y18.718 E.00322
G1 X56.751 Y18.643 E.00321
;LAYER_CHANGE
;Z:1
;HEIGHT:0.16
;BEFORE_LAYER_CHANGE
G92 E0
;1


G1 E-3.5 F3600
;WIPE_START
G1 F7200
G1 X56.771 Y18.718 E-.03687
G1 X56.716 Y18.773 E-.03695
G1 X56.641 Y18.753 E-.03687
G1 X56.621 Y18.678 E-.03687
G1 X56.676 Y18.623 E-.03695
;WIPE_END
G1 E-1.31549 F3600
G1 Z1 F9000
;AFTER_LAYER_CHANGE
;1
G1 X40.003 Y35.064
G1 E5 F2400
;TYPE:Perimeter
;WIDTH:0.439999
G1 F1800
G1 X40.263 Y35.352 E.01047
G1 X40.59 Y35.912 E.0175
G1 X40.8 Y36.526 E.01751
G1 X40.884 Y37.169 E.0175
G1 X40.839 Y37.816 E.0175
G1 X40.667 Y38.442 E.01752
G1 X40.374 Y39.021 E.01751
G1 X39.972 Y39.53 E.0175
G1 X39.478 Y39.95 E.0175
G1 X39.035 Y40.208 E.01383
G1 X38.449 Y40.421 E.01683
G1 X37.808 Y40.521 E.01751
G1 X37.16 Y40.492 E.0175
G1 X36.53 Y40.336 E.01751
G1 X36.021 Y40.097 E.01517
G1 X35.778 Y39.95 E.00766
G1 X35.379 Y39.629 E.01382
G1 X34.993 Y39.184 E.0159
G1 X34.665 Y38.624 E.01751
G1 X34.455 Y38.01 E.01751
G1 X34.376 Y37.478 E.01451
G1 X34.393 Y36.877 E.01622
G1 X34.534 Y36.247 E.01742
G1 X34.797 Y35.654 E.01751
G1 X35.134 Y35.177 E.01576
G1 X35.646 Y34.682 E.01922
G1 X36.198 Y34.34 E.01752
G1 X36.807 Y34.115 E.01752
G1 X37.448 Y34.015 E.01751
G1 X37.98 Y34.035 E.01437
G1 X38.315 Y34.085 E.00914
G1 X38.807 Y34.227 E.01382
G1 X39.311 Y34.479 E.01521
G1 X39.813 Y34.854 E.01691
G1 X39.963 Y35.02 E.00604
G1 X39.708 Y35.338 F9000
G1 F1800
G1 X39.952 Y35.613 E.00992
G1 X40.234 Y36.106 E.01533
G1 X40.412 Y36.645 E.01532
G1 X40.481 Y37.209 E.01533
G1 X40.436 Y37.776 E.01535
G1 X40.279 Y38.322 E.01533
G1 X40.018 Y38.827 E.01534
G1 X39.662 Y39.269 E.01531
G1 X39.225 Y39.633 E.01535
G1 X38.747 Y39.893 E.01468
G1 X38.253 Y40.054 E.01402
G1 X37.757 Y40.119 E.0135
G1 X37.19 Y40.088 E.01532
G1 X36.64 Y39.945 E.01534
G1 X36.129 Y39.696 E.01534
G1 X35.695 Y39.365 E.01473
G1 X35.304 Y38.924 E.0159
G1 X35.022 Y38.43 E.01535
G1 X34.843 Y37.891 E.01533
G1 X34.775 Y37.379 E.01394
G1 X34.803 Y36.85 E.01429
G1 X34.927 Y36.347 E.01398
G1 X35.163 Y35.83 E.01534
G1 X35.458 Y35.422 E.01359
G1 X35.915 Y34.986 E.01704
G1 X36.401 Y34.692 E.01533
G1 X36.936 Y34.5 E.01534
G1 X37.498 Y34.418 E.01533
G1 X38.065 Y34.448 E.01532
G1 X38.615 Y34.591 E.01534
G1 X39.126 Y34.84 E.01534
G1 X39.56 Y35.171 E.01473
G1 X39.668 Y35.293 E.0044
G1 X39.423 Y35.602 F9000
;TYPE:External perimeter
;WIDTH:0.419999
G1 F1800
G1 X39.689 Y35.933 E.01089
G1 X39.932 Y36.432 E.01424
G1 X40.042 Y36.8 E.00985
G1 X40.087 Y37.287 E.01255
G1 X40.034 Y37.774 E.01257
G1 X39.886 Y38.241 E.01257
G1 X39.649 Y38.669 E.01255
G1 X39.295 Y39.071 E.01374
G1 X38.95 Y39.342 E.01125
G1 X38.488 Y39.562 E.01313
G1 X38.156 Y39.67 E.00896
G1 X37.67 Y39.727 E.01255
G1 X37.182 Y39.686 E.01256
G1 X36.711 Y39.55 E.01258
G1 X36.277 Y39.323 E.01257
G1 X35.897 Y39.015 E.01255
G1 X35.567 Y38.604 E.01352
G1 X35.323 Y38.104 E.01427
G1 X35.214 Y37.74 E.00975
G1 X35.17 Y37.35 E.01007
G1 X35.199 Y36.883 E.012
G1 X35.323 Y36.409 E.01257
G1 X35.539 Y35.969 E.01257
G1 X35.838 Y35.581 E.01257
G1 X36.184 Y35.276 E.01183
G1 X36.634 Y35.019 E.01329
G1 X37.099 Y34.866 E.01256
G1 X37.586 Y34.809 E.01258
G1 X38.098 Y34.857 E.01319
G1 X38.544 Y34.986 E.01191
G1 X38.978 Y35.213 E.01257
G1 X39.358 Y35.521 E.01255
G1 X39.386 Y35.555 E.00113
G1 E-3.5 F3600
;WIPE_START
G1 F7200
G1 X39.423 Y35.602 E-.02841
G1 X39.689 Y35.933 E-.2017
G1 X39.932 Y36.432 E-.26364
G1 X40.042 Y36.8 E-.18244
G1 X40.087 Y37.287 E-.23231
G1 X40.034 Y37.774 E-.23269
G1 X39.886 Y38.241 E-.2327
G1 X39.757 Y38.473 E-.12611
;WIPE_END
G1 X26.562 Y26.268 F9000
G1 E5 F2400
;TYPE:Perimeter
;WIDTH:0.439999
G1 F1800
G1 X26.538 Y26.311 E.00133
G1 X26.055 Y26.869 E.01991
G1 X25.492 Y27.299 E.01912
G1 X24.854 Y27.608 E.01913
G1 X24.491 Y27.711 E.01018
G1 X23.972 Y27.809 E.01425
G1 X23.461 Y27.822 E.01379
G1 X22.76 Y27.718 E.01912
G1 X22.093 Y27.478 E.01913
G1 X21.488 Y27.11 E.01911
G1 X20.967 Y26.63 E.01912
G1 X20.552 Y26.056 E.01911
G1 X20.258 Y25.411 E.01913
G1 X20.083 Y24.54 E.02397
G1 X20.096 Y23.833 E.01908
G1 X20.252 Y23.145 E.01904
G1 X20.541 Y22.498 E.01912
G1 X20.953 Y21.922 E.01911
G1 X21.471 Y21.438 E.01913
G1 X22.075 Y21.067 E.01913
G1 X22.74 Y20.823 E.01911
G1 X23.44 Y20.715 E.01911
G1 X23.992 Y20.729 E.0149
G1 X24.496 Y20.818 E.01381
G1 X25.162 Y21.058 E.0191
G1 X25.768 Y21.426 E.01913
G1 X26.288 Y21.906 E.0191
G1 X26.704 Y22.48 E.01913
G1 X26.997 Y23.125 E.01912
G1 X27.157 Y23.815 E.01911
G1 X27.176 Y24.524 E.01914
G1 X27.061 Y25.109 E.01609
G1 X26.896 Y25.678 E.01599
G1 X26.591 Y26.216 E.01669
G1 X26.224 Y26.038 F9000
G1 F1800
G1 X26.185 Y26.11 E.00221
G1 X25.758 Y26.593 E.0174
G1 X25.255 Y26.969 E.01695
G1 X24.687 Y27.238 E.01696
G1 X23.962 Y27.404 E.02007
G1 X23.451 Y27.416 E.01379
G1 X22.83 Y27.319 E.01696
G1 X22.242 Y27.1 E.01693
G1 X21.708 Y26.77 E.01694
G1 X21.25 Y26.34 E.01695
G1 X20.887 Y25.827 E.01696
G1 X20.632 Y25.253 E.01695
G1 X20.483 Y24.471 E.02148
G1 X20.501 Y23.854 E.01666
G1 X20.645 Y23.245 E.01689
G1 X20.907 Y22.674 E.01695
G1 X21.277 Y22.167 E.01694
G1 X21.74 Y21.742 E.01696
G1 X22.278 Y21.418 E.01695
G1 X22.869 Y21.207 E.01693
G1 X23.491 Y21.118 E.01696
G1 X23.922 Y21.128 E.01163
G1 X24.425 Y21.217 E.01378
G1 X25.014 Y21.436 E.01696
G1 X25.548 Y21.767 E.01695
G1 X26.005 Y22.197 E.01693
G1 X26.368 Y22.709 E.01694
G1 X26.623 Y23.283 E.01695
G1 X26.759 Y23.896 E.01694
G1 X26.771 Y24.524 E.01695
G1 X26.573 Y25.386 E.02387
G1 X26.252 Y25.985 E.01834
G1 X25.897 Y25.815 F9000
;TYPE:External perimeter
;WIDTH:0.419999
G1 F1800
G1 X25.842 Y25.914 E.00291
G1 X25.468 Y26.324 E.01424
G1 X25.024 Y26.648 E.0141
G1 X24.525 Y26.877 E.01409
G1 X23.952 Y27.008 E.01508
G1 X23.441 Y27.021 E.01311
G1 X22.899 Y26.929 E.0141
G1 X22.386 Y26.732 E.0141
G1 X21.922 Y26.437 E.01411
G1 X21.526 Y26.056 E.0141
G1 X21.214 Y25.604 E.01409
G1 X20.997 Y25.1 E.01408
G1 X20.873 Y24.405 E.01811
G1 X20.897 Y23.876 E.01359
G1 X21.028 Y23.342 E.01411
G1 X21.263 Y22.846 E.01408
G1 X21.592 Y22.405 E.01412
G1 X22.002 Y22.039 E.0141
G1 X22.475 Y21.761 E.01408
G1 X22.995 Y21.582 E.01411
G1 X23.54 Y21.51 E.0141
G1 X23.853 Y21.518 E.00803
G1 X24.356 Y21.607 E.0131
G1 X24.869 Y21.804 E.0141
G1 X25.333 Y22.099 E.01411
G1 X25.729 Y22.48 E.0141
G1 X26.042 Y22.932 E.0141
G1 X26.259 Y23.436 E.01408
G1 X26.371 Y23.974 E.0141
G1 X26.375 Y24.524 E.01411
G1 X26.189 Y25.29 E.02022
G1 X25.926 Y25.762 E.01386
G1 E-3.5 F3600
;WIPE_START
G1 F7200
G1 X25.897 Y25.815 E-.0287
G1 X25.842 Y25.914 E-.05379
G1 X25.468 Y26.324 E-.2636
G1 X25.024 Y26.648 E-.26108
G1 X24.525 Y26.877 E-.26079
G1 X23.952 Y27.008 E-.2792
G1 X23.441 Y27.021 E-.2428
G1 X23.213 Y26.982 E-.11004
;WIPE_END
G1 X23.893 Y46.727 F9000
G1 E5 F2400
;TYPE:Perimeter
;WIDTH:0.439999
G1 F1800
G1 X23.992 Y46.729 E.00267
G1 X24.496 Y46.818 E.01381
G1 X25.162 Y47.058 E.0191
G1 X25.768 Y47.426 E.01913
G1 X26.273 Y47.891 E.01852
G1 X26.657 Y48.412 E.01747
G1 X26.94 Y48.99 E.01737
G1 X27.055 Y49.314 E.00928
G1 X27.157 Y49.815 E.0138
G1 X27.176 Y50.383 E.01534
G1 X27.147 Y50.765 E.01034
G1 X26.966 Y51.485 E.02003
G1 X26.866 Y51.736 E.00729
G1 X26.538 Y52.311 E.01786
G1 X26.055 Y52.869 E.01991
G1 X25.492 Y53.299 E.01912
G1 X24.854 Y53.608 E.01913
G1 X24.168 Y53.785 E.01912
G1 X23.461 Y53.822 E.0191
G1 X22.76 Y53.718 E.01912
G1 X22.093 Y53.478 E.01913
G1 X21.488 Y53.11 E.01911
G1 X20.967 Y52.63 E.01912
G1 X20.552 Y52.056 E.01911
G1 X20.258 Y51.411 E.01913
G1 X20.083 Y50.54 E.02397
G1 X20.096 Y49.833 E.01908
G1 X20.252 Y49.145 E.01904
G1 X20.541 Y48.498 E.01912
G1 X20.953 Y47.922 E.01911
G1 X21.471 Y47.438 E.01913
G1 X22.075 Y47.067 E.01913
G1 X22.74 Y46.823 E.01911
G1 X23.44 Y46.715 E.01911
G1 X23.833 Y46.725 E.01061
G1 X23.863 Y47.127 F9000
G1 F1800
G1 X23.922 Y47.128 E.00159
G1 X24.425 Y47.217 E.01378
G1 X25.014 Y47.436 E.01696
G1 X25.548 Y47.767 E.01695
G1 X25.989 Y48.181 E.01632
G1 X26.322 Y48.641 E.01532
G1 X26.566 Y49.148 E.01518
G1 X26.658 Y49.395 E.00711
G1 X26.759 Y49.896 E.01379
G1 X26.771 Y50.524 E.01695
G1 X26.573 Y51.386 E.02387
G1 X26.185 Y52.11 E.02217
G1 X25.758 Y52.593 E.0174
G1 X25.255 Y52.969 E.01695
G1 X24.687 Y53.238 E.01696
G1 X24.078 Y53.389 E.01693
G1 X23.451 Y53.416 E.01694
G1 X22.83 Y53.319 E.01696
G1 X22.242 Y53.1 E.01693
G1 X21.708 Y52.77 E.01694
G1 X21.25 Y52.34 E.01695
G1 X20.887 Y51.827 E.01696
G1 X20.632 Y51.253 E.01695
G1 X20.483 Y50.471 E.02148
G1 X20.501 Y49.854 E.01666
G1 X20.645 Y49.245 E.01689
G1 X20.907 Y48.674 E.01695
G1 X21.277 Y48.167 E.01694
G1 X21.74 Y47.742 E.01696
G1 X22.278 Y47.418 E.01695
G1 X22.869 Y47.207 E.01693
G1 X23.491 Y47.118 E.01696
G1 X23.803 Y47.126 E.00842
G1 X23.834 Y47.518 F9000
;TYPE:External perimeter
;WIDTH:0.419999
G1 F1800
G1 X23.853 Y47.518 E.00049
G1 X24.356 Y47.607 E.0131
G1 X24.869 Y47.804 E.0141
G1 X25.333 Y48.099 E.01411
G1 X25.713 Y48.464 E.01352
G1 X26.042 Y48.932 E.01468
G1 X26.259 Y49.436 E.01408
G1 X26.371 Y49.974 E.0141
G1 X26.375 Y50.524 E.01411
G1 X26.189 Y51.29 E.02022
G1 X25.842 Y51.914 E.01832
G1 X25.468 Y52.324 E.01424
G1 X25.024 Y52.648 E.0141
G1 X24.525 Y52.877 E.01409
G1 X23.99 Y53.003 E.0141
G1 X23.441 Y53.021 E.01409
G1 X22.899 Y52.929 E.0141
G1 X22.386 Y52.732 E.0141
G1 X21.922 Y52.437 E.01411
G1 X21.526 Y52.056 E.0141
G1 X21.214 Y51.604 E.01409
G1 X20.997 Y51.1 E.01408
G1 X20.873 Y50.405 E.01811
G1 X20.897 Y49.876 E.01359
G1 X21.028 Y49.342 E.01411
G1 X21.263 Y48.846 E.01408
G1 X21.592 Y48.405 E.01412
G1 X22.002 Y48.039 E.0141
G1 X22.475 Y47.761 E.01408
G1 X22.995 Y47.582 E.01411
G1 X23.54 Y47.51 E.0141
G1 X23.774 Y47.516 E.00601
G1 E-3.5 F3600
;WIPE_START
G1 F7200
G1 X23.834 Y47.518 E-.02852
G1 X23.853 Y47.518 E-.00903
G1 X24.356 Y47.607 E-.24264
G1 X24.869 Y47.804 E-.26102
G1 X25.333 Y48.099 E-.26117
G1 X25.713 Y48.464 E-.25028
G1 X26.042 Y48.932 E-.27173
G1 X26.188 Y49.272 E-.17561
;WIPE_END
G1 X48.095 Y49.915 F9000
G1 E5 F2400
;TYPE:Perimeter
;WIDTH:0.439999
G1 F1800
G1 X48.096 Y49.833 E.00221
G1 X48.252 Y49.145 E.01904
G1 X48.541 Y48.498 E.01912
G1 X48.953 Y47.922 E.01911
G1 X49.471 Y47.438 E.01913
G1 X50.075 Y47.067 E.01913
G1 X50.74 Y46.823 E.01911
G1 X51.44 Y46.715 E.01911
G1 X52.148 Y46.748 E.01913
G1 X52.835 Y46.921 E.01912
G1 X53.474 Y47.227 E.01912
G1 X54.04 Y47.653 E.01912
G1 X54.51 Y48.183 E.01912
G1 X54.866 Y48.795 E.01911
G1 X55.094 Y49.466 E.01912
G1 X55.184 Y50.169 E.01913
G1 X55.133 Y50.876 E.01913
G1 X54.943 Y51.558 E.0191
G1 X54.622 Y52.19 E.01913
G1 X54.072 Y52.851 E.0232
G1 X53.492 Y53.299 E.01978
G1 X52.854 Y53.608 E.01913
G1 X52.168 Y53.785 E.01912
G1 X51.461 Y53.822 E.0191
G1 X50.76 Y53.718 E.01912
G1 X50.093 Y53.478 E.01913
G1 X49.488 Y53.11 E.01911
G1 X48.967 Y52.63 E.01912
G1 X48.552 Y52.056 E.01911
G1 X48.258 Y51.411 E.01913
G1 X48.083 Y50.54 E.02397
G1 X48.094 Y49.975 E.01525
G1 X48.498 Y49.955 F9000
G1 F1800
G1 X48.501 Y49.854 E.00273
G1 X48.645 Y49.245 E.01689
G1 X48.907 Y48.674 E.01695
G1 X49.277 Y48.167 E.01694
G1 X49.74 Y47.742 E.01696
G1 X50.278 Y47.418 E.01695
G1 X50.869 Y47.207 E.01693
G1 X51.491 Y47.118 E.01696
G1 X52.117 Y47.153 E.01692
G1 X52.725 Y47.312 E.01696
G1 X53.289 Y47.588 E.01694
G1 X53.787 Y47.97 E.01694
G1 X54.2 Y48.444 E.01696
G1 X54.51 Y48.989 E.01692
G1 X54.706 Y49.586 E.01696
G1 X54.78 Y50.209 E.01693
G1 X54.73 Y50.835 E.01695
G1 X54.556 Y51.439 E.01696
G1 X54.266 Y51.996 E.01695
G1 X53.768 Y52.582 E.02075
G1 X53.255 Y52.969 E.01734
G1 X52.687 Y53.238 E.01696
G1 X52.078 Y53.389 E.01693
G1 X51.451 Y53.416 E.01694
G1 X50.83 Y53.319 E.01696
G1 X50.242 Y53.1 E.01693
G1 X49.708 Y52.77 E.01694
G1 X49.25 Y52.34 E.01695
G1 X48.887 Y51.827 E.01696
G1 X48.632 Y51.253 E.01695
G1 X48.483 Y50.471 E.02148
G1 X48.497 Y50.015 E.01231
G1 X48.891 Y49.994 F9000
;TYPE:External perimeter
;WIDTH:0.419999
G1 F1800
G1 X48.897 Y49.876 E.00303
G1 X49.028 Y49.342 E.01411
G1 X49.263 Y48.846 E.01408
G1 X49.592 Y48.405 E.01412
G1 X50.002 Y48.039 E.0141
G1 X50.475 Y47.761 E.01408
G1 X50.995 Y47.582 E.01411
G1 X51.54 Y47.51 E.0141
G1 X52.088 Y47.548 E.01409
G1 X52.618 Y47.693 E.0141
G1 X53.108 Y47.94 E.01408
G1 X53.54 Y48.28 E.0141
G1 X53.897 Y48.698 E.0141
G1 X54.163 Y49.179 E.0141
G1 X54.328 Y49.703 E.01409
G1 X54.387 Y50.249 E.01409
G1 X54.336 Y50.796 E.01409
G1 X54.178 Y51.322 E.01409
G1 X53.918 Y51.807 E.01412
G1 X53.471 Y52.32 E.01746
G1 X53.024 Y52.648 E.01422
G1 X52.525 Y52.877 E.01409
G1 X51.99 Y53.003 E.0141
G1 X51.441 Y53.021 E.01409
G1 X50.899 Y52.929 E.0141
G1 X50.386 Y52.732 E.0141
G1 X49.922 Y52.437 E.01411
G1 X49.526 Y52.056 E.0141
G1 X49.214 Y51.604 E.01409
G1 X48.997 Y51.1 E.01408
G1 X48.873 Y50.405 E.01811
G1 X48.889 Y50.054 E.00901
G1 E-3.5 F3600
;WIPE_START
G1 F7200
G1 X48.891 Y49.994 E-.02852
G1 X48.897 Y49.876 E-.05612
G1 X49.028 Y49.342 E-.26117
G1 X49.263 Y48.846 E-.26071
G1 X49.592 Y48.405 E-.26135
G1 X50.002 Y48.039 E-.26106
G1 X50.475 Y47.761 E-.26061
G1 X50.695 Y47.685 E-.11046
;WIPE_END
G1 X51.187 Y27.782 F9000
G1 E5 F2400
;TYPE:Perimeter
;WIDTH:0.439999
G1 F1800
G1 X50.76 Y27.718 E.01165
G1 X50.093 Y27.478 E.01913
G1 X49.488 Y27.11 E.01911
G1 X48.983 Y26.645 E.01852
G1 X48.598 Y26.124 E.01748
G1 X48.315 Y25.546 E.01737
G1 X48.19 Y25.167 E.01077
G1 X48.083 Y24.54 E.01716
G1 X48.096 Y23.833 E.01908
G1 X48.252 Y23.145 E.01904
G1 X48.541 Y22.498 E.01912
G1 X48.953 Y21.922 E.01911
G1 X49.471 Y21.438 E.01913
G1 X50.075 Y21.067 E.01913
G1 X50.74 Y20.823 E.01911
G1 X51.44 Y20.715 E.01911
G1 X52.148 Y20.748 E.01913
G1 X52.835 Y20.921 E.01912
G1 X53.474 Y21.227 E.01912
G1 X54.027 Y21.643 E.01867
G1 X54.51 Y22.183 E.01955
G1 X54.866 Y22.795 E.01911
G1 X55.094 Y23.466 E.01912
G1 X55.184 Y24.169 E.01913
G1 X55.133 Y24.876 E.01913
G1 X54.943 Y25.558 E.0191
G1 X54.622 Y26.19 E.01913
G1 X54.072 Y26.851 E.0232
G1 X53.492 Y27.299 E.01978
G1 X52.854 Y27.608 E.01913
G1 X52.168 Y27.785 E.01912
G1 X51.461 Y27.822 E.0191
G1 X51.247 Y27.79 E.00584
G1 X51.237 Y27.383 F9000
G1 F1800
G1 X50.83 Y27.319 E.01112
G1 X50.242 Y27.1 E.01693
G1 X49.708 Y26.77 E.01694
G1 X49.266 Y26.355 E.01636
G1 X48.933 Y25.895 E.01532
G1 X48.689 Y25.388 E.01518
G1 X48.59 Y25.099 E.00824
G1 X48.483 Y24.471 E.01719
G1 X48.501 Y23.854 E.01666
G1 X48.645 Y23.245 E.01689
G1 X48.907 Y22.674 E.01695
G1 X49.277 Y22.167 E.01694
G1 X49.74 Y21.742 E.01696
G1 X50.278 Y21.418 E.01695
G1 X50.869 Y21.207 E.01693
G1 X51.491 Y21.118 E.01696
G1 X52.117 Y21.153 E.01692
G1 X52.725 Y21.312 E.01696
G1 X53.289 Y21.588 E.01694
G1 X53.774 Y21.96 E.01649
G1 X54.2 Y22.444 E.0174
G1 X54.51 Y22.989 E.01692
G1 X54.706 Y23.586 E.01696
G1 X54.78 Y24.209 E.01693
G1 X54.73 Y24.835 E.01695
G1 X54.556 Y25.439 E.01696
G1 X54.266 Y25.996 E.01695
G1 X53.768 Y26.582 E.02075
G1 X53.255 Y26.969 E.01734
G1 X52.687 Y27.238 E.01696
G1 X52.078 Y27.389 E.01693
G1 X51.451 Y27.416 E.01694
G1 X51.297 Y27.392 E.00421
G1 X51.286 Y26.995 F9000
;TYPE:External perimeter
;WIDTH:0.419999
G1 F1800
G1 X50.899 Y26.929 E.01007
G1 X50.386 Y26.732 E.0141
G1 X49.922 Y26.437 E.01411
G1 X49.542 Y26.072 E.01352
G1 X49.214 Y25.604 E.01466
G1 X48.997 Y25.1 E.01408
G1 X48.873 Y24.405 E.01811
G1 X48.897 Y23.876 E.01359
G1 X49.028 Y23.342 E.01411
G1 X49.263 Y22.846 E.01408
G1 X49.592 Y22.405 E.01412
G1 X50.002 Y22.039 E.0141
G1 X50.475 Y21.761 E.01408
G1 X50.995 Y21.582 E.01411
G1 X51.54 Y21.51 E.0141
G1 X52.088 Y21.548 E.01409
G1 X52.618 Y21.693 E.0141
G1 X53.108 Y21.94 E.01408
G1 X53.527 Y22.269 E.01367
G1 X53.897 Y22.698 E.01453
G1 X54.163 Y23.179 E.0141
G1 X54.328 Y23.703 E.01409
G1 X54.387 Y24.249 E.01409
G1 X54.336 Y24.796 E.01409
G1 X54.178 Y25.322 E.01409
G1 X53.918 Y25.807 E.01412
G1 X53.471 Y26.32 E.01746
G1 X53.024 Y26.648 E.01422
G1 X52.525 Y26.877 E.01409
G1 X51.99 Y27.003 E.0141
G1 X51.441 Y27.021 E.01409
G1 X51.345 Y27.005 E.0025
G1 E-3.5 F3600
;WIPE_START
G1 F7200
G1 X51.286 Y26.995 E-.02842
G1 X50.899 Y26.929 E-.18648
G1 X50.386 Y26.732 E-.26102
G1 X49.922 Y26.437 E-.26117
G1 X49.542 Y26.072 E-.25028
G1 X49.214 Y25.604 E-.27146
G1 X49.013 Y25.137 E-.24117
;WIPE_END
G1 X54.913 Y17.989 F9000
G1 E5 F2400
;TYPE:Perimeter
;WIDTH:0.439999
G1 F3600
G1 X55.214 Y18.197 E.00987
G1 X55.611 Y18.279 E.01094
G1 X57.116 Y18.279 E.04061
G1 X57.116 Y60.257 E1.13277
G1 X18.139 Y60.257 E1.05179
G1 X18.139 Y18.279 E1.13277
G1 X19.748 Y18.279 E.04342
G1 X20.046 Y18.195 E.00835
G1 X20.359 Y17.977 E.01029
G1 X20.563 Y17.667 E.01001
G1 X20.639 Y17.285 E.01051
G1 X20.639 Y15.279 E.05413
G1 X54.616 Y15.279 E.91686
G1 X54.616 Y17.285 E.05413
G1 X54.694 Y17.67 E.0106
G1 X54.875 Y17.943 E.00884
G1 X55.202 Y17.696 F9000
G1 F3600
G1 X55.323 Y17.798 E.00427
G1 X55.611 Y17.874 E.00804
G1 X57.522 Y17.874 E.05157
G1 X57.522 Y60.662 E1.15463
G1 X17.733 Y60.662 E1.0737
G1 X17.733 Y17.874 E1.15463
G1 X19.711 Y17.874 E.05338
G1 X19.978 Y17.77 E.00773
G1 X20.164 Y17.562 E.00753
G1 X20.233 Y17.285 E.0077
G1 X20.233 Y14.874 E.06506
G1 X55.022 Y14.874 E.93877
G1 X55.022 Y17.375 E.06749
G1 X55.151 Y17.653 E.00827
G1 X55.156 Y17.657 E.00017
G1 X55.484 Y17.417 F9000
;TYPE:External perimeter
;WIDTH:0.419999
G1 F1800
G1 X55.611 Y17.478 E.00361
G1 X57.918 Y17.478 E.05918
G1 X57.918 Y61.058 E1.11802
G1 X17.338 Y61.058 E1.04106
G1 X17.338 Y17.478 E1.11802
G1 X19.645 Y17.478 E.05918
G1 X19.769 Y17.432 E.00339
G1 X19.838 Y17.285 E.00417
G1 X19.838 Y14.478 E.07201
G1 X55.418 Y14.478 E.91278
G1 X55.418 Y17.285 E.07201
G1 X55.449 Y17.374 E.00242
G1 E-3.5 F3600
;WIPE_START
G1 F7200
G1 X55.484 Y17.417 E-.02634
G1 X55.611 Y17.478 E-.06692
G1 X57.918 Y17.478 E-1.09582
G1 X57.918 Y18.133 E-.31092
;WIPE_END
G1 X54.284 Y27.079 F9000
G1 E5 F2400
;TYPE:Internal infill
;WIDTH:0.44
G1 F3600
G1 X54.893 Y26.345 E.02574
G1 X55.24 Y25.655 E.02084
G1 X55.434 Y24.977 E.01903
G1 X56.804 Y26.347 E.05228
G1 X56.804 Y26.241 E.00286
G1 X23.101 Y59.944 E1.28619
G1 X21.558 Y59.944 E.04164
G1 X18.451 Y56.838 E.11855
G1 X18.451 Y56.944 E.00286
G1 X21.746 Y53.649 E.12574
G1 X22.515 Y53.978 E.02257
G1 X23.394 Y54.131 E.02408
G1 X29.207 Y59.944 E.22184
G1 X30.75 Y59.944 E.04164
G1 X56.804 Y33.89 E.99428
G1 X56.804 Y33.997 E.00289
G1 X50.852 Y28.044 E.22716
G1 X51.331 Y28.131 E.01314
G1 X51.984 Y28.121 E.01762
G1 X52.741 Y27.974 E.02081
G1 X53.226 Y27.783 E.01407
G1 E-3.5
;WIPE_START
G1 F7200
G1 X52.741 Y27.974 E-.2476
G1 X51.984 Y28.121 E-.36629
G1 X51.331 Y28.131 E-.31021
G1 X50.852 Y28.044 E-.23125
G1 X51.365 Y28.557 E-.34465
;WIPE_END
G1 X36.908 Y33.771 F9000
G1 E5 F2400
G1 F3600
G1 X36.163 Y34.008 E.0211
G1 X35.545 Y34.363 E.01923
G1 X34.873 Y35.013 E.02523
G1 X26.598 Y26.738 E.31579
G1 X27.144 Y25.877 E.02751
G1 X27.393 Y25.055 E.02318
G1 X36.856 Y15.592 E.36113
G1 X38.399 Y15.592 E.04164
G1 X47.862 Y25.055 E.36113
G1 X47.927 Y25.415 E.00987
G1 X48.227 Y26.125 E.0208
G1 X48.651 Y26.745 E.02027
G1 X40.38 Y35.016 E.31564
G1 X40.584 Y35.259 E.00856
G1 X40.926 Y35.891 E.01939
G1 X41.132 Y36.562 E.01894
G1 X41.202 Y37.268 E.01914
G1 X41.127 Y37.995 E.01972
G1 X40.911 Y38.68 E.01938
G1 X40.562 Y39.308 E.01939
G1 X40.151 Y39.799 E.01728
G1 X39.88 Y40.02 E.00944
G1 X48.25 Y48.391 E.31944
G1 X47.988 Y48.942 E.01646
G1 X47.798 Y49.684 E.02067
G1 X47.776 Y50.568 E.02386
G1 X38.399 Y59.944 E.35783
G1 X36.856 Y59.944 E.04164
G1 X27.476 Y50.564 E.35796
G1 X27.486 Y49.926 E.01722
G1 X27.328 Y49.12 E.02216
G1 X27.01 Y48.385 E.02161
G1 X35.375 Y40.02 E.31923
G1 X35.134 Y39.829 E.0083
G1 X34.672 Y39.277 E.01942
G1 X34.329 Y38.645 E.0194
G1 X34.128 Y37.988 E.01854
G1 E-3.5
;WIPE_START
G1 F7200
G1 X34.329 Y38.645 E-.32635
G1 X34.672 Y39.277 E-.34156
G1 X35.134 Y39.829 E-.34192
G1 X35.375 Y40.02 E-.14607
G1 X34.863 Y40.532 E-.3441
;WIPE_END
G1 X22.02 Y27.785 F9000
G1 E5 F2400
G1 F3600
G1 X22.7 Y28.025 E.01946
G1 X23.214 Y28.116 E.01409
G1 X23.985 Y28.121 E.02081
G1 X24.396 Y28.051 E.01125
G1 X18.451 Y33.997 E.22689
G1 X18.451 Y33.89 E.00289
G1 X44.505 Y59.944 E.99428
G1 X46.048 Y59.944 E.04164
G1 X51.869 Y54.124 E.22212
G1 X52.834 Y53.949 E.02647
G1 X53.508 Y53.648 E.01992
G1 X56.804 Y56.944 E.12578
G1 X56.804 Y56.838 E.00286
G1 X53.698 Y59.944 E.11853
G1 X52.155 Y59.944 E.04164
G1 X18.451 Y26.241 E1.2862
G1 X18.451 Y26.347 E.00286
G1 X19.838 Y24.961 E.05291
G1 X19.756 Y24.374 E.01599
G1 X19.785 Y23.811 E.01521
G1 X19.951 Y23.062 E.0207
G1 X20.149 Y22.593 E.01374
G1 E-3.5
;WIPE_START
G1 F7200
G1 X19.951 Y23.062 E-.24181
G1 X19.785 Y23.811 E-.36441
G1 X19.756 Y24.374 E-.26778
G1 X19.838 Y24.961 E-.28153
G1 X19.325 Y25.474 E-.34447
;WIPE_END
G1 X21.118 Y47.333 F9000
G1 E5 F2400
G1 F3600
G1 X21.471 Y47.055 E.01212
G1 X22.151 Y46.691 E.02081
G1 X22.646 Y46.525 E.01409
G1 X23.326 Y46.415 E.01859
G1 X18.451 Y41.54 E.18604
G1 X18.451 Y41.646 E.00286
G1 X44.505 Y15.592 E.99428
G1 X46.048 Y15.592 E.04164
G1 X50.923 Y20.466 E.18602
G1 X51.656 Y20.398 E.01986
G1 X52.294 Y20.452 E.01728
G1 X53.041 Y20.661 E.02093
G1 X53.73 Y21.014 E.02089
G1 X54.096 Y21.3 E.01253
G1 X56.804 Y18.592 E.10334
G1 X56.804 Y18.698 E.00286
G1 X56.696 Y18.59 E.00412
G1 X55.434 Y18.58 E.03406
G1 X54.971 Y18.425 E.01318
G1 X54.588 Y18.1 E.01355
G1 X54.328 Y17.538 E.01671
G1 X54.304 Y16.198 E.03617
G1 X53.698 Y15.592 E.02313
G1 X52.155 Y15.592 E.04164
G1 X18.451 Y49.295 E1.2862
G1 X18.451 Y49.189 E.00286
G1 X19.767 Y50.505 E.05022
G1 X19.968 Y51.527 E.02811
G1 X20.291 Y52.227 E.0208
G1 X20.647 Y52.733 E.0167
G1 E-3.5
;WIPE_START
G1 F7200
G1 X20.291 Y52.227 E-.29388
G1 X19.968 Y51.527 E-.36619
G1 X19.767 Y50.505 E-.49475
G1 X19.253 Y49.991 E-.34518
;WIPE_END
G1 X49.605 Y46.986 F9000
G1 E5 F2400
G1 F3600
G1 X49.992 Y46.757 E.01213
G1 X50.755 Y46.493 E.02179
G1 X51.406 Y46.405 E.01773
G1 X51.925 Y46.419 E.01401
G1 X56.804 Y41.54 E.18619
G1 X56.804 Y41.646 E.00286
G1 X30.75 Y15.592 E.99428
G1 X29.207 Y15.592 E.04164
G1 X24.328 Y20.471 E.18619
G1 X23.47 Y20.398 E.02324
G1 X22.771 Y20.49 E.01903
G1 X22.036 Y20.736 E.02092
G1 X21.365 Y21.123 E.0209
G1 X21.16 Y21.301 E.00733
G1 X18.451 Y18.592 E.10338
G1 X18.451 Y18.698 E.00286
G1 X18.559 Y18.59 E.00412
G1 X19.823 Y18.58 E.03411
G1 X20.3 Y18.416 E.01361
G1 X20.584 Y18.195 E.00971
G1 X20.799 Y17.899 E.00987
G1 X20.927 Y17.539 E.01031
G1 X20.951 Y16.198 E.03619
G1 X21.558 Y15.592 E.02315
G1 X23.101 Y15.592 E.04164
G1 X56.804 Y49.295 E1.28619
G1 X56.804 Y49.189 E.00286
G1 X55.483 Y50.51 E.05041
G1 X55.495 Y50.143 E.00991
G1 X55.394 Y49.379 E.0208
G1 X55.143 Y48.651 E.02078
G1 X54.892 Y48.191 E.01414
;LAYER_CHANGE
;Z:1.16
;HEIGHT:0.16
;BEFORE_LAYER_CHANGE
G92 E0
;1.16


G1 E-3.5 F3600
;WIPE_START
G1 F7200
G1 X55.143 Y48.651 E-.24891
G1 X55.394 Y49.379 E-.36578
G1 X55.495 Y50.143 E-.36606
G1 X55.483 Y50.51 E-.17442
G1 X55.996 Y49.997 E-.34483
;WIPE_END
G1 Z1.16 F9000
;AFTER_LAYER_CHANGE
;1.16
G1 X40.41 Y38.969
G1 E5 F2400
;TYPE:Perimeter
;WIDTH:0.439999
G1 F1800
G1 X40.082 Y39.41 E.01483
G1 X39.609 Y39.854 E.01751
G1 X39.15 Y40.142 E.01462
G1 X38.806 Y40.301 E.01023
G1 X38.329 Y40.453 E.01351
G1 X37.808 Y40.521 E.01418
G1 X37.16 Y40.492 E.0175
G1 X36.53 Y40.336 E.01751
G1 X36.021 Y40.097 E.01517
G1 X35.778 Y39.95 E.00766
G1 X35.379 Y39.629 E.01382
G1 X34.993 Y39.184 E.0159
G1 X34.665 Y38.624 E.01751
G1 X34.455 Y38.01 E.01751
G1 X34.375 Y37.474 E.01462
G1 X34.393 Y36.876 E.01614
G1 X34.534 Y36.247 E.01739
G1 X34.797 Y35.654 E.01751
G1 X35.216 Y35.073 E.01933
G1 X35.646 Y34.682 E.01568
G1 X36.198 Y34.34 E.01752
G1 X36.807 Y34.115 E.01752
G1 X37.448 Y34.015 E.01751
G1 X37.987 Y34.036 E.01456
G1 X38.291 Y34.078 E.00828
G1 X38.807 Y34.227 E.01449
G1 X39.311 Y34.479 E.01521
G1 X39.813 Y34.854 E.01691
G1 X40.263 Y35.352 E.01811
G1 X40.59 Y35.912 E.0175
G1 X40.8 Y36.526 E.01751
G1 X40.883 Y37.14 E.01672
G1 X40.861 Y37.674 E.01442
G1 X40.752 Y38.168 E.01365
G1 X40.654 Y38.475 E.0087
G1 X40.437 Y38.915 E.01324
G1 X40.051 Y38.749 F9000
G1 F1800
G1 X39.759 Y39.166 E.01374
G1 X39.341 Y39.55 E.01532
G1 X38.854 Y39.844 E.01535
G1 X38.32 Y40.036 E.01531
G1 X37.757 Y40.119 E.01536
G1 X37.19 Y40.088 E.01532
G1 X36.64 Y39.945 E.01534
G1 X36.129 Y39.696 E.01534
G1 X35.695 Y39.365 E.01473
G1 X35.304 Y38.924 E.0159
G1 X35.022 Y38.43 E.01535
G1 X34.843 Y37.891 E.01533
G1 X34.774 Y37.375 E.01405
G1 X34.803 Y36.849 E.01422
G1 X34.927 Y36.347 E.01395
G1 X35.163 Y35.83 E.01534
G1 X35.548 Y35.311 E.01744
G1 X35.95 Y34.957 E.01445
G1 X36.401 Y34.692 E.01412
G1 X36.936 Y34.5 E.01534
G1 X37.498 Y34.418 E.01533
G1 X38.065 Y34.448 E.01532
G1 X38.615 Y34.591 E.01534
G1 X39.126 Y34.84 E.01534
G1 X39.56 Y35.171 E.01473
G1 X39.952 Y35.613 E.01594
G1 X40.234 Y36.106 E.01533
G1 X40.412 Y36.645 E.01532
G1 X40.48 Y37.182 E.01461
G1 X40.453 Y37.686 E.01362
G1 X40.329 Y38.189 E.01398
G1 X40.116 Y38.656 E.01385
G1 X40.086 Y38.7 E.00144
G1 X39.725 Y38.549 F9000
;TYPE:External perimeter
;WIDTH:0.419999
G1 F1800
G1 X39.716 Y38.567 E.00052
G1 X39.412 Y38.96 E.01275
G1 X39.048 Y39.276 E.01237
G1 X38.551 Y39.541 E.01445
G1 X38.156 Y39.67 E.01066
G1 X37.67 Y39.727 E.01255
G1 X37.182 Y39.686 E.01256
G1 X36.711 Y39.55 E.01258
G1 X36.277 Y39.323 E.01257
G1 X35.897 Y39.015 E.01255
G1 X35.567 Y38.604 E.01352
G1 X35.323 Y38.105 E.01425
G1 X35.214 Y37.74 E.00977
G1 X35.17 Y37.346 E.01017
G1 X35.199 Y36.883 E.0119
G1 X35.323 Y36.409 E.01257
G1 X35.539 Y35.969 E.01257
G1 X35.838 Y35.581 E.01257
G1 X36.208 Y35.26 E.01257
G1 X36.634 Y35.019 E.01256
G1 X37.099 Y34.866 E.01256
G1 X37.586 Y34.809 E.01258
G1 X38.074 Y34.85 E.01256
G1 X38.544 Y34.986 E.01255
G1 X38.978 Y35.213 E.01257
G1 X39.358 Y35.521 E.01255
G1 X39.689 Y35.933 E.01356
G1 X39.932 Y36.432 E.01424
G1 X40.042 Y36.799 E.00983
G1 X40.087 Y37.257 E.01181
G1 X40.056 Y37.654 E.01022
G1 X39.932 Y38.127 E.01254
G1 X39.751 Y38.495 E.01052
G1 E-3.5 F3600
;WIPE_START
G1 F7200
G1 X39.725 Y38.549 E-.02847
G1 X39.716 Y38.567 E-.00956
G1 X39.412 Y38.96 E-.23601
G1 X39.048 Y39.276 E-.22896
G1 X38.551 Y39.541 E-.26754
G1 X38.156 Y39.67 E-.19738
G1 X37.67 Y39.727 E-.23243
G1 X37.182 Y39.686 E-.23262
G1 X37.047 Y39.647 E-.06703
;WIPE_END
G1 X26.45 Y48.131 F9000
G1 E5 F2400
;TYPE:Perimeter
;WIDTH:0.439999
G1 F1800
G1 X26.657 Y48.412 E.00942
G1 X26.94 Y48.991 E.01739
G1 X27.055 Y49.314 E.00925
G1 X27.157 Y49.815 E.0138
G1 X27.176 Y50.383 E.01534
G1 X27.157 Y50.721 E.00914
G1 X27.055 Y51.222 E.0138
G1 X26.798 Y51.882 E.01911
G1 X26.416 Y52.478 E.0191
G1 X25.922 Y52.987 E.01914
G1 X25.092 Y53.506 E.02642
G1 X24.842 Y53.609 E.0073
G1 X24.198 Y53.777 E.01796
G1 X23.461 Y53.822 E.01992
G1 X22.76 Y53.718 E.01912
G1 X22.093 Y53.478 E.01913
G1 X21.488 Y53.11 E.01911
G1 X20.967 Y52.63 E.01912
G1 X20.552 Y52.056 E.01911
G1 X20.258 Y51.411 E.01913
G1 X20.099 Y50.721 E.01911
G1 X20.079 Y50.012 E.01914
G1 X20.2 Y49.314 E.01912
G1 X20.457 Y48.654 E.01911
G1 X21.02 Y47.854 E.0264
G1 X21.485 Y47.427 E.01704
G1 X22.075 Y47.067 E.01865
G1 X22.74 Y46.823 E.01911
G1 X23.44 Y46.715 E.01911
G1 X23.992 Y46.729 E.0149
G1 X24.496 Y46.818 E.01381
G1 X25.162 Y47.058 E.0191
G1 X25.768 Y47.426 E.01913
G1 X26.273 Y47.891 E.01852
G1 X26.414 Y48.082 E.00641
G1 X26.129 Y48.374 F9000
G1 F1800
G1 X26.322 Y48.641 E.00889
G1 X26.566 Y49.148 E.01518
G1 X26.658 Y49.395 E.00711
G1 X26.759 Y49.896 E.01379
G1 X26.771 Y50.524 E.01695
G1 X26.658 Y51.141 E.01693
G1 X26.425 Y51.724 E.01694
G1 X26.081 Y52.25 E.01696
G1 X25.639 Y52.696 E.01694
G1 X24.888 Y53.155 E.02375
G1 X24.096 Y53.385 E.02225
G1 X23.451 Y53.416 E.01743
G1 X22.83 Y53.319 E.01696
G1 X22.242 Y53.1 E.01693
G1 X21.708 Y52.77 E.01694
G1 X21.25 Y52.339 E.01697
G1 X20.887 Y51.827 E.01694
G1 X20.632 Y51.253 E.01695
G1 X20.496 Y50.64 E.01694
G1 X20.485 Y50.012 E.01695
G1 X20.598 Y49.395 E.01693
G1 X20.831 Y48.812 E.01694
G1 X21.345 Y48.097 E.02376
G1 X21.748 Y47.736 E.0146
G1 X22.278 Y47.418 E.01668
G1 X22.869 Y47.207 E.01693
G1 X23.491 Y47.118 E.01696
G1 X23.922 Y47.128 E.01163
G1 X24.425 Y47.217 E.01378
G1 X25.014 Y47.436 E.01696
G1 X25.548 Y47.767 E.01695
G1 X25.989 Y48.181 E.01632
G1 X26.094 Y48.325 E.00481
G1 X25.816 Y48.611 F9000
;TYPE:External perimeter
;WIDTH:0.419999
G1 F1800
G1 X26.042 Y48.932 E.01007
G1 X26.259 Y49.436 E.01408
G1 X26.371 Y49.974 E.0141
G1 X26.375 Y50.524 E.01411
G1 X26.27 Y51.063 E.01409
G1 X26.06 Y51.571 E.0141
G1 X25.754 Y52.027 E.01409
G1 X25.363 Y52.413 E.0141
G1 X24.688 Y52.814 E.02014
G1 X23.996 Y53.002 E.0184
G1 X23.441 Y53.021 E.01425
G1 X22.899 Y52.929 E.0141
G1 X22.386 Y52.732 E.0141
G1 X21.922 Y52.437 E.01411
G1 X21.526 Y52.056 E.0141
G1 X21.214 Y51.604 E.01409
G1 X20.997 Y51.1 E.01408
G1 X20.884 Y50.562 E.0141
G1 X20.88 Y50.012 E.01411
G1 X20.986 Y49.473 E.01409
G1 X21.195 Y48.965 E.01409
G1 X21.661 Y48.334 E.02012
G1 X22.032 Y48.017 E.01252
G1 X22.475 Y47.761 E.01313
G1 X22.995 Y47.582 E.01411
G1 X23.54 Y47.51 E.0141
G1 X23.853 Y47.518 E.00803
G1 X24.356 Y47.607 E.0131
G1 X24.869 Y47.804 E.0141
G1 X25.333 Y48.099 E.01411
G1 X25.713 Y48.464 E.01352
G1 X25.781 Y48.562 E.00306
G1 E-3.5 F3600
;WIPE_START
G1 F7200
G1 X25.816 Y48.611 E-.0286
G1 X26.042 Y48.932 E-.18647
G1 X26.259 Y49.436 E-.26065
G1 X26.371 Y49.974 E-.26103
G1 X26.375 Y50.524 E-.26126
G1 X26.27 Y51.063 E-.26084
G1 X26.076 Y51.532 E-.24115
;WIPE_END
G1 X23.892 Y27.796 F9000
G1 E5 F2400
;TYPE:Perimeter
;WIDTH:0.439999
G1 F1800
G1 X23.461 Y27.822 E.01165
G1 X22.76 Y27.718 E.01912
G1 X22.093 Y27.478 E.01913
G1 X21.488 Y27.11 E.01911
G1 X20.967 Y26.63 E.01912
G1 X20.552 Y26.056 E.01911
G1 X20.258 Y25.411 E.01913
G1 X20.099 Y24.721 E.01911
G1 X20.079 Y24.012 E.01914
G1 X20.2 Y23.314 E.01912
G1 X20.457 Y22.654 E.01911
G1 X21.02 Y21.854 E.0264
G1 X21.485 Y21.427 E.01704
G1 X22.075 Y21.067 E.01865
G1 X22.74 Y20.823 E.01911
G1 X23.44 Y20.715 E.01911
G1 X23.992 Y20.729 E.0149
G1 X24.496 Y20.818 E.01381
G1 X25.162 Y21.058 E.0191
G1 X25.768 Y21.426 E.01913
G1 X26.288 Y21.906 E.0191
G1 X26.704 Y22.48 E.01913
G1 X26.997 Y23.125 E.01912
G1 X27.157 Y23.815 E.01911
G1 X27.176 Y24.524 E.01914
G1 X27.055 Y25.222 E.01912
G1 X26.798 Y25.882 E.01911
G1 X26.416 Y26.478 E.0191
G1 X25.936 Y26.974 E.01863
G1 X25.632 Y27.191 E.01008
G1 X25.092 Y27.506 E.01687
G1 X24.842 Y27.609 E.0073
G1 X24.198 Y27.777 E.01796
G1 X23.952 Y27.792 E.00665
G1 X23.862 Y27.396 F9000
G1 F1800
G1 X23.451 Y27.416 E.0111
G1 X22.83 Y27.319 E.01696
G1 X22.242 Y27.1 E.01693
G1 X21.708 Y26.77 E.01694
G1 X21.25 Y26.339 E.01697
G1 X20.887 Y25.827 E.01694
G1 X20.632 Y25.253 E.01695
G1 X20.496 Y24.64 E.01694
G1 X20.485 Y24.012 E.01695
G1 X20.598 Y23.395 E.01693
G1 X20.831 Y22.812 E.01694
G1 X21.345 Y22.097 E.02376
G1 X21.748 Y21.736 E.0146
G1 X22.278 Y21.418 E.01668
G1 X22.869 Y21.207 E.01693
G1 X23.491 Y21.118 E.01696
G1 X23.922 Y21.128 E.01163
G1 X24.425 Y21.217 E.01378
G1 X25.014 Y21.436 E.01696
G1 X25.548 Y21.767 E.01695
G1 X26.005 Y22.197 E.01693
G1 X26.368 Y22.709 E.01694
G1 X26.623 Y23.283 E.01695
G1 X26.759 Y23.896 E.01694
G1 X26.771 Y24.524 E.01695
G1 X26.658 Y25.141 E.01693
G1 X26.425 Y25.724 E.01694
G1 X26.081 Y26.25 E.01696
G1 X25.653 Y26.683 E.01643
G1 X25.038 Y27.068 E.01958
G1 X24.74 Y27.216 E.00898
G1 X24.096 Y27.385 E.01797
G1 X23.922 Y27.393 E.0047
G1 X23.833 Y27.007 F9000
;TYPE:External perimeter
;WIDTH:0.419999
G1 F1800
G1 X23.441 Y27.021 E.01006
G1 X22.899 Y26.929 E.0141
G1 X22.386 Y26.732 E.0141
G1 X21.922 Y26.437 E.01411
G1 X21.526 Y26.056 E.0141
G1 X21.214 Y25.604 E.01409
G1 X20.997 Y25.1 E.01408
G1 X20.884 Y24.562 E.0141
G1 X20.88 Y24.012 E.01411
G1 X20.986 Y23.473 E.01409
G1 X21.195 Y22.965 E.01409
G1 X21.661 Y22.334 E.02012
G1 X22.032 Y22.017 E.01252
G1 X22.475 Y21.761 E.01313
G1 X22.995 Y21.582 E.01411
G1 X23.54 Y21.51 E.0141
G1 X23.853 Y21.518 E.00803
G1 X24.356 Y21.607 E.0131
G1 X24.869 Y21.804 E.0141
G1 X25.333 Y22.099 E.01411
G1 X25.729 Y22.48 E.0141
G1 X26.042 Y22.932 E.0141
G1 X26.259 Y23.436 E.01408
G1 X26.371 Y23.974 E.0141
G1 X26.375 Y24.524 E.01411
G1 X26.27 Y25.063 E.01409
G1 X26.06 Y25.571 E.0141
G1 X25.754 Y26.027 E.01409
G1 X25.376 Y26.4 E.01362
G1 X24.838 Y26.726 E.01614
G1 X24.64 Y26.834 E.00579
G1 X23.996 Y27.002 E.01707
G1 X23.893 Y27.005 E.00264
G1 E-3.5 F3600
;WIPE_START
G1 F7200
G1 X23.833 Y27.007 E-.02852
G1 X23.441 Y27.021 E-.18632
G1 X22.899 Y26.929 E-.26113
G1 X22.386 Y26.732 E-.26102
G1 X21.922 Y26.437 E-.26117
G1 X21.526 Y26.056 E-.26102
G1 X21.238 Y25.639 E-.24082
;WIPE_END
G1 X48.096 Y24.621 F9000
G1 E5 F2400
;TYPE:Perimeter
;WIDTH:0.439999
G1 F1800
G1 X48.079 Y24.012 E.01644
G1 X48.287 Y23.056 E.0264
G1 X48.549 Y22.482 E.01703
G1 X48.953 Y21.922 E.01863
G1 X49.471 Y21.438 E.01913
G1 X50.075 Y21.067 E.01913
G1 X50.74 Y20.823 E.01911
G1 X51.44 Y20.715 E.01911
G1 X52.148 Y20.748 E.01913
G1 X52.835 Y20.921 E.01912
G1 X53.474 Y21.227 E.01912
G1 X54.027 Y21.643 E.01867
G1 X54.51 Y22.183 E.01955
G1 X54.866 Y22.795 E.01911
G1 X55.094 Y23.466 E.01912
G1 X55.184 Y24.169 E.01913
G1 X55.133 Y24.876 E.01913
G1 X54.943 Y25.558 E.0191
G1 X54.535 Y26.315 E.02321
G1 X54.055 Y26.869 E.01978
G1 X53.492 Y27.299 E.01912
G1 X52.854 Y27.608 E.01913
G1 X52.168 Y27.785 E.01912
G1 X51.461 Y27.822 E.0191
G1 X50.76 Y27.718 E.01912
G1 X50.093 Y27.478 E.01913
G1 X49.488 Y27.11 E.01911
G1 X48.983 Y26.645 E.01852
G1 X48.598 Y26.124 E.01748
G1 X48.315 Y25.546 E.01737
G1 X48.2 Y25.222 E.00928
G1 X48.099 Y24.721 E.01379
G1 X48.098 Y24.681 E.00108
G1 X48.495 Y24.581 F9000
G1 F1800
G1 X48.485 Y24.012 E.01536
G1 X48.681 Y23.154 E.02375
G1 X48.912 Y22.665 E.01459
G1 X49.277 Y22.167 E.01666
G1 X49.74 Y21.742 E.01696
G1 X50.278 Y21.418 E.01695
G1 X50.869 Y21.207 E.01693
G1 X51.491 Y21.118 E.01696
G1 X52.117 Y21.153 E.01692
G1 X52.725 Y21.312 E.01696
G1 X53.289 Y21.588 E.01694
G1 X53.774 Y21.96 E.01649
G1 X54.2 Y22.444 E.0174
G1 X54.51 Y22.989 E.01692
G1 X54.706 Y23.586 E.01696
G1 X54.78 Y24.209 E.01693
G1 X54.73 Y24.835 E.01695
G1 X54.556 Y25.439 E.01696
G1 X54.184 Y26.112 E.02075
G1 X53.758 Y26.593 E.01734
G1 X53.255 Y26.969 E.01695
G1 X52.687 Y27.238 E.01696
G1 X52.078 Y27.389 E.01693
G1 X51.451 Y27.416 E.01694
G1 X50.83 Y27.319 E.01696
G1 X50.242 Y27.1 E.01693
G1 X49.708 Y26.77 E.01694
G1 X49.266 Y26.355 E.01636
G1 X48.933 Y25.895 E.01532
G1 X48.689 Y25.388 E.01518
G1 X48.598 Y25.141 E.0071
G1 X48.497 Y24.641 E.01376
G1 X48.884 Y24.543 F9000
;TYPE:External perimeter
;WIDTH:0.419999
G1 F1800
G1 X48.88 Y24.012 E.01362
G1 X49.065 Y23.25 E.02012
G1 X49.283 Y22.813 E.01253
G1 X49.592 Y22.405 E.01313
G1 X50.002 Y22.039 E.0141
G1 X50.475 Y21.761 E.01408
G1 X50.995 Y21.582 E.01411
G1 X51.54 Y21.51 E.0141
G1 X52.088 Y21.548 E.01409
G1 X52.618 Y21.693 E.0141
G1 X53.108 Y21.94 E.01408
G1 X53.527 Y22.269 E.01367
G1 X53.897 Y22.698 E.01453
G1 X54.163 Y23.179 E.0141
G1 X54.328 Y23.703 E.01409
G1 X54.387 Y24.249 E.01409
G1 X54.336 Y24.796 E.01409
G1 X54.177 Y25.322 E.0141
G1 X53.841 Y25.915 E.01749
G1 X53.468 Y26.324 E.0142
G1 X53.024 Y26.648 E.0141
G1 X52.525 Y26.877 E.01409
G1 X51.99 Y27.003 E.0141
G1 X51.441 Y27.021 E.01409
G1 X50.899 Y26.929 E.0141
G1 X50.386 Y26.732 E.0141
G1 X49.922 Y26.437 E.01411
G1 X49.542 Y26.072 E.01352
G1 X49.214 Y25.604 E.01466
G1 X48.997 Y25.1 E.01408
G1 X48.893 Y24.602 E.01305
G1 E-3.5 F3600
;WIPE_START
G1 F7200
G1 X48.884 Y24.543 E-.02835
G1 X48.88 Y24.012 E-.25223
G1 X49.065 Y23.25 E-.37246
G1 X49.283 Y22.813 E-.23197
G1 X49.592 Y22.405 E-.24311
G1 X50.002 Y22.039 E-.26106
G1 X50.203 Y21.921 E-.11082
;WIPE_END
G1 X51.187 Y46.754 F9000
G1 E5 F2400
;TYPE:Perimeter
;WIDTH:0.439999
G1 F1800
G1 X51.44 Y46.715 E.00691
G1 X52.148 Y46.748 E.01913
G1 X52.835 Y46.921 E.01912
G1 X53.474 Y47.227 E.01912
G1 X54.04 Y47.653 E.01912
G1 X54.51 Y48.183 E.01912
G1 X54.866 Y48.795 E.01911
G1 X55.094 Y49.466 E.01912
G1 X55.184 Y50.169 E.01913
G1 X55.133 Y50.876 E.01913
G1 X54.943 Y51.558 E.0191
G1 X54.535 Y52.315 E.02321
G1 X54.055 Y52.869 E.01978
G1 X53.492 Y53.299 E.01912
G1 X52.854 Y53.608 E.01913
G1 X52.168 Y53.785 E.01912
G1 X51.461 Y53.822 E.0191
G1 X50.76 Y53.718 E.01912
G1 X50.093 Y53.478 E.01913
G1 X49.488 Y53.11 E.01911
G1 X48.967 Y52.63 E.01912
G1 X48.552 Y52.056 E.01911
G1 X48.258 Y51.411 E.01913
G1 X48.099 Y50.721 E.01911
G1 X48.079 Y50.012 E.01914
G1 X48.196 Y49.422 E.01623
G1 X48.358 Y48.862 E.01573
G1 X48.593 Y48.405 E.01387
G1 X48.953 Y47.922 E.01626
G1 X49.432 Y47.473 E.01772
G1 X49.976 Y47.124 E.01744
G1 X50.255 Y46.986 E.0084
G1 X50.74 Y46.823 E.01381
G1 X51.128 Y46.763 E.01059
G1 X51.237 Y47.15 F9000
G1 F1800
G1 X51.491 Y47.118 E.00691
G1 X52.117 Y47.153 E.01692
G1 X52.725 Y47.312 E.01696
G1 X53.289 Y47.588 E.01694
G1 X53.787 Y47.97 E.01694
G1 X54.2 Y48.444 E.01696
G1 X54.51 Y48.989 E.01692
G1 X54.706 Y49.586 E.01696
G1 X54.78 Y50.209 E.01693
G1 X54.73 Y50.835 E.01695
G1 X54.556 Y51.439 E.01696
G1 X54.184 Y52.112 E.02075
G1 X53.758 Y52.593 E.01734
G1 X53.255 Y52.969 E.01695
G1 X52.687 Y53.238 E.01696
G1 X52.078 Y53.389 E.01693
G1 X51.451 Y53.416 E.01694
G1 X50.83 Y53.319 E.01696
G1 X50.242 Y53.1 E.01693
G1 X49.708 Y52.77 E.01694
G1 X49.25 Y52.339 E.01697
G1 X48.887 Y51.827 E.01694
G1 X48.632 Y51.253 E.01695
G1 X48.496 Y50.64 E.01694
G1 X48.485 Y50.012 E.01695
G1 X48.59 Y49.52 E.01358
G1 X48.726 Y49.032 E.01367
G1 X48.968 Y48.574 E.01398
G1 X49.277 Y48.166 E.01381
G1 X49.7 Y47.777 E.01551
G1 X50.179 Y47.476 E.01527
G1 X50.694 Y47.266 E.01501
G1 X50.983 Y47.181 E.00813
G1 X51.177 Y47.157 E.00527
G1 X51.286 Y47.544 F9000
;TYPE:External perimeter
;WIDTH:0.419999
G1 F1800
G1 X51.54 Y47.51 E.00657
G1 X52.088 Y47.548 E.01409
G1 X52.618 Y47.693 E.0141
G1 X53.108 Y47.94 E.01408
G1 X53.54 Y48.28 E.0141
G1 X53.897 Y48.698 E.0141
G1 X54.163 Y49.179 E.0141
G1 X54.328 Y49.703 E.01409
G1 X54.387 Y50.249 E.01409
G1 X54.336 Y50.796 E.01409
G1 X54.177 Y51.322 E.0141
G1 X53.841 Y51.915 E.01749
G1 X53.468 Y52.324 E.0142
G1 X53.024 Y52.648 E.0141
G1 X52.525 Y52.877 E.01409
G1 X51.99 Y53.003 E.0141
G1 X51.441 Y53.021 E.01409
G1 X50.899 Y52.929 E.0141
G1 X50.386 Y52.732 E.0141
G1 X49.922 Y52.437 E.01411
G1 X49.526 Y52.056 E.0141
G1 X49.214 Y51.604 E.01409
G1 X48.997 Y51.1 E.01408
G1 X48.884 Y50.562 E.0141
G1 X48.88 Y50.012 E.01411
G1 X49.065 Y49.25 E.02012
G1 X49.324 Y48.759 E.01424
G1 X49.624 Y48.373 E.01254
G1 X50.002 Y48.039 E.01294
G1 X50.475 Y47.761 E.01408
G1 X50.995 Y47.582 E.01411
G1 X51.227 Y47.552 E.006
G1 E-3.5 F3600
;WIPE_START
G1 F7200
G1 X51.286 Y47.544 E-.02828
G1 X51.54 Y47.51 E-.12173
G1 X52.088 Y47.548 E-.26093
G1 X52.618 Y47.693 E-.261
G1 X53.108 Y47.94 E-.26065
G1 X53.54 Y48.28 E-.26113
G1 X53.897 Y48.698 E-.26111
G1 X53.943 Y48.781 E-.04517
;WIPE_END
G1 X57.116 Y60.257 F9000
G1 E5 F2400
;TYPE:Perimeter
;WIDTH:0.439999
G1 F3600
G1 X18.139 Y60.257 E1.05179
G1 X18.139 Y18.279 E1.13277
G1 X19.748 Y18.279 E.04342
G1 X20.046 Y18.195 E.00835
G1 X20.359 Y17.977 E.01029
G1 X20.563 Y17.667 E.01001
G1 X20.639 Y17.285 E.01051
G1 X20.639 Y15.279 E.05413
G1 X54.616 Y15.279 E.91686
G1 X54.616 Y17.285 E.05413
G1 X54.694 Y17.67 E.0106
G1 X54.898 Y17.979 E.00999
G1 X55.214 Y18.197 E.01036
G1 X55.611 Y18.279 E.01094
G1 X57.116 Y18.279 E.04061
G1 X57.116 Y60.197 E1.13115
G1 X57.522 Y60.662 F9000
G1 F3600
G1 X17.733 Y60.662 E1.0737
G1 X17.733 Y17.874 E1.15463
G1 X19.711 Y17.874 E.05338
G1 X19.978 Y17.77 E.00773
G1 X20.164 Y17.562 E.00753
G1 X20.233 Y17.285 E.0077
G1 X20.233 Y14.874 E.06506
G1 X55.022 Y14.874 E.93877
G1 X55.022 Y17.375 E.06749
G1 X55.151 Y17.653 E.00827
G1 X55.323 Y17.798 E.00607
G1 X55.611 Y17.874 E.00804
G1 X57.522 Y17.874 E.05157
G1 X57.522 Y60.602 E1.15301
G1 X57.918 Y61.058 F9000
;TYPE:External perimeter
;WIDTH:0.419999
G1 F1800
G1 X17.338 Y61.058 E1.04106
G1 X17.338 Y17.478 E1.11802
G1 X19.645 Y17.478 E.05918
G1 X19.769 Y17.432 E.00339
G1 X19.838 Y17.285 E.00417
G1 X19.838 Y14.478 E.07201
G1 X55.418 Y14.478 E.91278
G1 X55.418 Y17.285 E.07201
G1 X55.46 Y17.406 E.00329
G1 X55.611 Y17.478 E.00429
G1 X57.918 Y17.478 E.05918
G1 X57.918 Y60.998 E1.11648
G1 E-3.5 F3600
;WIPE_START
G1 F7200
G1 X57.918 Y61.058 E-.0285
G1 X54.82 Y61.058 E-1.4715
;WIPE_END
G1 X54.892 Y48.191 F9000
G1 E5 F2400
;TYPE:Internal infill
;WIDTH:0.44
G1 F3600
G1 X55.143 Y48.651 E.01414
G1 X55.394 Y49.379 E.02078
G1 X55.495 Y50.143 E.0208
G1 X55.483 Y50.51 E.00991
G1 X56.804 Y49.189 E.05041
G1 X56.804 Y49.295 E.00286
G1 X23.101 Y15.592 E1.28619
G1 X21.558 Y15.592 E.04164
G1 X20.951 Y16.198 E.02315
G1 X20.927 Y17.539 E.03619
G1 X20.799 Y17.899 E.01031
G1 X20.385 Y18.363 E.01678
G1 X19.825 Y18.58 E.01621
G1 X18.559 Y18.59 E.03416
G1 X18.451 Y18.698 E.00412
G1 X18.451 Y18.592 E.00286
G1 X21.157 Y21.298 E.10327
G1 X22.036 Y20.736 E.02815
G1 X22.771 Y20.49 E.02092
G1 X23.47 Y20.398 E.01903
G1 X24.328 Y20.471 E.02324
G1 X29.207 Y15.592 E.18619
G1 X30.75 Y15.592 E.04164
G1 X56.804 Y41.646 E.99428
G1 X56.804 Y41.54 E.00286
G1 X51.925 Y46.419 E.18619
G1 X51.406 Y46.405 E.01401
G1 X50.756 Y46.493 E.0177
G1 X50.03 Y46.739 E.02069
G1 X49.604 Y46.985 E.01327
G1 E-3.5
;WIPE_START
G1 F7200
G1 X50.03 Y46.739 E-.23367
G1 X50.756 Y46.493 E-.36411
G1 X51.406 Y46.405 E-.31157
G1 X51.925 Y46.419 E-.24661
G1 X52.437 Y45.907 E-.34404
;WIPE_END
G1 X54.285 Y27.08 F9000
G1 E5 F2400
G1 F3600
G1 X54.802 Y26.477 E.02143
G1 X55.128 Y25.913 E.01758
G1 X55.434 Y24.977 E.02657
G1 X56.804 Y26.347 E.05228
G1 X56.804 Y26.241 E.00286
G1 X23.101 Y59.944 E1.28619
G1 X21.558 Y59.944 E.04164
G1 X18.451 Y56.838 E.11855
G1 X18.451 Y56.944 E.00286
G1 X21.746 Y53.649 E.12574
G1 X22.515 Y53.978 E.02257
G1 X23.394 Y54.131 E.02408
G1 X29.207 Y59.944 E.22184
G1 X30.75 Y59.944 E.04164
G1 X56.804 Y33.89 E.99428
G1 X56.804 Y33.997 E.00289
G1 X50.852 Y28.044 E.22716
G1 X51.331 Y28.131 E.01314
G1 X51.984 Y28.121 E.01762
G1 X52.741 Y27.974 E.02081
G1 X53.226 Y27.783 E.01407
G1 E-3.5
;WIPE_START
G1 F7200
G1 X52.741 Y27.974 E-.2476
G1 X51.984 Y28.121 E-.36629
G1 X51.331 Y28.131 E-.31021
G1 X50.852 Y28.044 E-.23125
G1 X51.365 Y28.557 E-.34465
;WIPE_END
G1 X36.908 Y33.775 F9000
G1 E5 F2400
G1 F3600
G1 X36.138 Y34.019 E.0218
G1 X35.519 Y34.383 E.01938
G1 X34.876 Y35.016 E.02435
G1 X26.604 Y26.745 E.31566
G1 X27.044 Y26.096 E.02116
G1 X27.336 Y25.39 E.02062
G1 X27.404 Y25.044 E.00952
G1 X36.856 Y15.592 E.36071
G1 X38.399 Y15.592 E.04164
G1 X47.855 Y25.048 E.36086
G1 X47.927 Y25.416 E.01012
G1 X48.227 Y26.125 E.02077
G1 X48.651 Y26.745 E.02027
G1 X40.38 Y35.016 E.31564
G1 X40.584 Y35.259 E.00856
G1 X40.926 Y35.891 E.01939
G1 X41.131 Y36.561 E.01891
G1 X41.201 Y37.22 E.01788
G1 X41.156 Y37.839 E.01675
G1 X40.991 Y38.478 E.01781
G1 X40.681 Y39.126 E.01938
G1 X40.247 Y39.7 E.01942
G1 X39.882 Y40.022 E.01313
G1 X48.251 Y48.392 E.3194
G1 X48.024 Y48.849 E.01377
G1 X47.784 Y49.802 E.02652
G1 X47.772 Y50.572 E.02078
G1 X38.399 Y59.944 E.35768
G1 X36.856 Y59.944 E.04164
G1 X27.484 Y50.572 E.35766
G1 X27.486 Y49.925 E.01746
G1 X27.328 Y49.12 E.02214
G1 X27.01 Y48.385 E.02161
G1 X35.375 Y40.02 E.31923
G1 X35.134 Y39.829 E.0083
G1 X34.672 Y39.277 E.01942
G1 X34.329 Y38.645 E.0194
G1 X34.128 Y37.988 E.01854
G1 E-3.5
;WIPE_START
G1 F7200
G1 X34.329 Y38.645 E-.32635
G1 X34.672 Y39.277 E-.34156
G1 X35.134 Y39.829 E-.34192
G1 X35.375 Y40.02 E-.14607
G1 X34.863 Y40.532 E-.3441
;WIPE_END
G1 X22.024 Y27.787 F9000
G1 E5 F2400
G1 F3600
G1 X22.7 Y28.025 E.01934
G1 X23.214 Y28.116 E.01409
G1 X23.986 Y28.121 E.02083
G1 X24.401 Y28.047 E.01138
G1 X18.451 Y33.997 E.22707
G1 X18.451 Y33.89 E.00289
G1 X44.505 Y59.944 E.99428
G1 X46.048 Y59.944 E.04164
G1 X51.869 Y54.124 E.22212
G1 X52.834 Y53.949 E.02647
G1 X53.508 Y53.648 E.01992
G1 X56.804 Y56.944 E.12578
G1 X56.804 Y56.838 E.00286
G1 X53.698 Y59.944 E.11853
G1 X52.155 Y59.944 E.04164
G1 X18.451 Y26.241 E1.2862
G1 X18.451 Y26.347 E.00286
G1 X19.83 Y24.968 E.05263
G1 X19.767 Y24.528 E.01199
G1 X19.792 Y23.759 E.02076
G1 X19.895 Y23.247 E.01409
G1 X20.142 Y22.597 E.01876
G1 E-3.5
;WIPE_START
G1 F7200
G1 X19.895 Y23.247 E-.33029
G1 X19.792 Y23.759 E-.24807
G1 X19.767 Y24.528 E-.36547
G1 X19.83 Y24.968 E-.21113
G1 X19.317 Y25.482 E-.34504
;WIPE_END
G1 X21.116 Y47.33 F9000
G1 E5 F2400
G1 F3600
G1 X21.471 Y47.055 E.01212
G1 X22.151 Y46.691 E.02081
G1 X22.646 Y46.525 E.01409
G1 X23.326 Y46.415 E.01859
G1 X18.451 Y41.54 E.18604
G1 X18.451 Y41.646 E.00286
G1 X44.505 Y15.592 E.99428
G1 X46.048 Y15.592 E.04164
G1 X50.923 Y20.466 E.18602
G1 X51.656 Y20.398 E.01986
G1 X52.294 Y20.452 E.01728
G1 X53.041 Y20.661 E.02093
G1 X53.73 Y21.014 E.02089
G1 X54.096 Y21.3 E.01253
G1 X56.804 Y18.592 E.10334
G1 X56.804 Y18.698 E.00286
G1 X56.696 Y18.59 E.00412
G1 X55.434 Y18.58 E.03406
G1 X54.971 Y18.425 E.01318
G1 X54.588 Y18.1 E.01355
G1 X54.328 Y17.538 E.01671
G1 X54.304 Y16.198 E.03617
G1 X53.698 Y15.592 E.02313
G1 X52.155 Y15.592 E.04164
G1 X18.451 Y49.295 E1.2862
G1 X18.451 Y49.189 E.00286
G1 X19.767 Y50.504 E.0502
G1 X19.969 Y51.527 E.02814
G1 X20.291 Y52.227 E.02079
G1 X20.645 Y52.731 E.01662
;LAYER_CHANGE
;Z:1.32
;HEIGHT:0.16
;BEFORE_LAYER_CHANGE
G92 E0
;1.32


G1 E-3.5 F3600
;WIPE_START
G1 F7200
G1 X20.291 Y52.227 E-.29255
G1 X19.969 Y51.527 E-.36599
G1 X19.767 Y50.504 E-.49531
G1 X19.252 Y49.989 E-.34615
;WIPE_END
G1 Z1.32 F9000
;AFTER_LAYER_CHANGE
;1.32
G1 X35.251 Y39.473
G1 E5 F2400
;TYPE:Perimeter
;WIDTH:0.439999
G1 F1800
G1 X34.993 Y39.184 E.01045
G1 X34.665 Y38.624 E.01751
G1 X34.455 Y38.01 E.01751
G1 X34.375 Y37.469 E.01476
G1 X34.393 Y36.876 E.01601
G1 X34.534 Y36.247 E.01739
G1 X34.797 Y35.654 E.01751
G1 X35.134 Y35.177 E.01576
G1 X35.646 Y34.682 E.01922
G1 X36.198 Y34.34 E.01752
G1 X36.807 Y34.115 E.01752
G1 X37.448 Y34.015 E.01751
G1 X37.98 Y34.035 E.01437
G1 X38.3 Y34.081 E.00872
G1 X38.807 Y34.227 E.01424
G1 X39.311 Y34.479 E.01521
G1 X39.813 Y34.854 E.01691
G1 X40.263 Y35.352 E.01811
G1 X40.59 Y35.912 E.0175
G1 X40.8 Y36.526 E.01751
G1 X40.884 Y37.169 E.0175
G1 X40.839 Y37.816 E.0175
G1 X40.667 Y38.442 E.01752
G1 X40.374 Y39.021 E.01751
G1 X39.972 Y39.53 E.0175
G1 X39.478 Y39.95 E.0175
G1 X39.035 Y40.208 E.01383
G1 X38.449 Y40.421 E.01683
G1 X37.808 Y40.521 E.01751
G1 X37.16 Y40.492 E.0175
G1 X36.53 Y40.336 E.01751
G1 X35.944 Y40.057 E.01751
G1 X35.425 Y39.668 E.0175
G1 X35.291 Y39.518 E.00543
G1 X35.545 Y39.2 F9000
G1 F1800
G1 X35.304 Y38.924 E.00989
G1 X35.022 Y38.43 E.01535
G1 X34.843 Y37.891 E.01533
G1 X34.774 Y37.371 E.01416
G1 X34.803 Y36.85 E.01408
G1 X34.927 Y36.347 E.01398
G1 X35.17 Y35.815 E.01578
G1 X35.497 Y35.371 E.01488
G1 X35.915 Y34.986 E.01534
G1 X36.401 Y34.692 E.01533
G1 X36.936 Y34.5 E.01534
G1 X37.498 Y34.418 E.01533
G1 X38.065 Y34.448 E.01532
G1 X38.615 Y34.591 E.01534
G1 X39.126 Y34.84 E.01534
G1 X39.56 Y35.171 E.01473
G1 X39.952 Y35.613 E.01594
G1 X40.234 Y36.106 E.01533
G1 X40.412 Y36.645 E.01532
G1 X40.481 Y37.209 E.01533
G1 X40.436 Y37.776 E.01535
G1 X40.279 Y38.322 E.01533
G1 X40.018 Y38.827 E.01534
G1 X39.662 Y39.269 E.01531
G1 X39.225 Y39.633 E.01535
G1 X38.747 Y39.893 E.01468
G1 X38.253 Y40.054 E.01402
G1 X37.757 Y40.119 E.0135
G1 X37.19 Y40.088 E.01532
G1 X36.64 Y39.945 E.01534
G1 X36.129 Y39.696 E.01534
G1 X35.678 Y39.351 E.01532
G1 X35.585 Y39.245 E.00381
G1 X35.831 Y38.935 F9000
;TYPE:External perimeter
;WIDTH:0.419999
G1 F1800
G1 X35.585 Y38.637 E.00991
G1 X35.354 Y38.206 E.01255
G1 X35.214 Y37.74 E.01248
G1 X35.17 Y37.342 E.01027
G1 X35.199 Y36.883 E.0118
G1 X35.317 Y36.423 E.01218
G1 X35.539 Y35.969 E.01296
G1 X35.838 Y35.581 E.01257
G1 X36.275 Y35.221 E.01453
G1 X36.735 Y34.985 E.01326
G1 X37.218 Y34.851 E.01286
G1 X37.586 Y34.809 E.0095
G1 X38.083 Y34.852 E.0128
G1 X38.544 Y34.986 E.01232
G1 X38.978 Y35.213 E.01257
G1 X39.358 Y35.521 E.01255
G1 X39.689 Y35.933 E.01356
G1 X39.932 Y36.432 E.01424
G1 X40.042 Y36.8 E.00985
G1 X40.087 Y37.287 E.01255
G1 X40.034 Y37.774 E.01257
G1 X39.886 Y38.241 E.01257
G1 X39.649 Y38.669 E.01255
G1 X39.295 Y39.071 E.01374
G1 X38.95 Y39.342 E.01125
G1 X38.488 Y39.562 E.01313
G1 X37.976 Y39.692 E.01355
G1 X37.67 Y39.727 E.0079
G1 X37.182 Y39.686 E.01256
G1 X36.711 Y39.55 E.01258
G1 X36.277 Y39.323 E.01257
G1 X35.897 Y39.015 E.01255
G1 X35.869 Y38.981 E.00113
G1 E-3.5 F3600
;WIPE_START
G1 F7200
G1 X35.831 Y38.935 E-.02834
G1 X35.585 Y38.637 E-.18355
G1 X35.354 Y38.206 E-.23228
G1 X35.214 Y37.74 E-.23112
G1 X35.17 Y37.342 E-.1902
G1 X35.199 Y36.883 E-.21846
G1 X35.317 Y36.423 E-.22557
G1 X35.493 Y36.063 E-.19048
;WIPE_END
G1 X25.834 Y27.034 F9000
G1 E5 F2400
;TYPE:Perimeter
;WIDTH:0.439999
G1 F1800
G1 X25.492 Y27.299 E.01168
G1 X24.854 Y27.608 E.01913
G1 X24.168 Y27.785 E.01912
G1 X23.461 Y27.822 E.0191
G1 X22.76 Y27.718 E.01912
G1 X22.093 Y27.478 E.01913
G1 X21.488 Y27.11 E.01911
G1 X20.967 Y26.63 E.01912
G1 X20.552 Y26.056 E.01911
G1 X20.258 Y25.411 E.01913
G1 X20.083 Y24.53 E.02424
G1 X20.096 Y23.831 E.01887
G1 X20.252 Y23.145 E.01898
G1 X20.541 Y22.498 E.01912
G1 X20.953 Y21.922 E.01911
G1 X21.471 Y21.438 E.01913
G1 X22.075 Y21.067 E.01913
G1 X22.74 Y20.823 E.01911
G1 X23.44 Y20.715 E.01911
G1 X24.148 Y20.748 E.01913
G1 X24.835 Y20.921 E.01912
G1 X25.474 Y21.227 E.01912
G1 X26.04 Y21.653 E.01912
G1 X26.51 Y22.183 E.01912
G1 X26.866 Y22.795 E.01911
G1 X27.094 Y23.466 E.01912
G1 X27.184 Y24.169 E.01913
G1 X27.133 Y24.876 E.01913
G1 X26.943 Y25.558 E.0191
G1 X26.622 Y26.19 E.01913
G1 X26.072 Y26.851 E.0232
G1 X25.881 Y26.998 E.0065
G1 X25.584 Y26.721 F9000
G1 F1800
G1 X25.255 Y26.969 E.01112
G1 X24.687 Y27.238 E.01696
G1 X24.078 Y27.389 E.01693
G1 X23.451 Y27.416 E.01694
G1 X22.83 Y27.319 E.01696
G1 X22.242 Y27.1 E.01693
G1 X21.708 Y26.77 E.01694
G1 X21.25 Y26.34 E.01695
G1 X20.887 Y25.827 E.01696
G1 X20.632 Y25.253 E.01695
G1 X20.483 Y24.462 E.02172
G1 X20.501 Y23.854 E.01641
G1 X20.645 Y23.245 E.01689
G1 X20.907 Y22.674 E.01695
G1 X21.277 Y22.167 E.01694
G1 X21.74 Y21.742 E.01696
G1 X22.278 Y21.418 E.01695
G1 X22.869 Y21.207 E.01693
G1 X23.491 Y21.118 E.01696
G1 X24.117 Y21.153 E.01692
G1 X24.725 Y21.312 E.01696
G1 X25.289 Y21.588 E.01694
G1 X25.787 Y21.97 E.01694
G1 X26.2 Y22.444 E.01696
G1 X26.51 Y22.989 E.01692
G1 X26.706 Y23.586 E.01696
G1 X26.78 Y24.209 E.01693
G1 X26.73 Y24.835 E.01695
G1 X26.556 Y25.439 E.01696
G1 X26.266 Y25.996 E.01695
G1 X25.768 Y26.582 E.02075
G1 X25.632 Y26.685 E.0046
G1 X25.341 Y26.416 F9000
;TYPE:External perimeter
;WIDTH:0.419999
G1 F1800
G1 X25.024 Y26.648 E.01008
G1 X24.525 Y26.877 E.01409
G1 X23.99 Y27.003 E.0141
G1 X23.441 Y27.021 E.01409
G1 X22.899 Y26.929 E.0141
G1 X22.386 Y26.732 E.0141
G1 X21.922 Y26.437 E.01411
G1 X21.526 Y26.056 E.0141
G1 X21.214 Y25.604 E.01409
G1 X20.997 Y25.1 E.01408
G1 X20.873 Y24.396 E.01834
G1 X20.897 Y23.875 E.01338
G1 X21.028 Y23.342 E.01408
G1 X21.263 Y22.846 E.01408
G1 X21.592 Y22.405 E.01412
G1 X22.002 Y22.039 E.0141
G1 X22.475 Y21.761 E.01408
G1 X22.995 Y21.582 E.01411
G1 X23.54 Y21.51 E.0141
G1 X24.088 Y21.548 E.01409
G1 X24.618 Y21.693 E.0141
G1 X25.108 Y21.94 E.01408
G1 X25.54 Y22.28 E.0141
G1 X25.897 Y22.698 E.0141
G1 X26.163 Y23.179 E.0141
G1 X26.328 Y23.703 E.01409
G1 X26.387 Y24.249 E.01409
G1 X26.336 Y24.796 E.01409
G1 X26.178 Y25.322 E.01409
G1 X25.918 Y25.807 E.01412
G1 X25.471 Y26.321 E.01748
G1 X25.389 Y26.38 E.00259
G1 E-3.5 F3600
;WIPE_START
G1 F7200
G1 X25.341 Y26.416 E-.0285
G1 X25.024 Y26.648 E-.18659
G1 X24.525 Y26.877 E-.26079
G1 X23.99 Y27.003 E-.26108
G1 X23.441 Y27.021 E-.26092
G1 X22.899 Y26.929 E-.26113
G1 X22.425 Y26.747 E-.24099
;WIPE_END
G1 X48.098 Y24.621 F9000
G1 E5 F2400
;TYPE:Perimeter
;WIDTH:0.439999
G1 F1800
G1 X48.083 Y24.53 E.00249
G1 X48.096 Y23.831 E.01887
G1 X48.252 Y23.145 E.01898
G1 X48.541 Y22.498 E.01912
G1 X48.953 Y21.922 E.01911
G1 X49.471 Y21.438 E.01913
G1 X50.075 Y21.067 E.01913
G1 X50.74 Y20.823 E.01911
G1 X51.44 Y20.715 E.01911
G1 X52.148 Y20.748 E.01913
G1 X52.835 Y20.921 E.01912
G1 X53.474 Y21.227 E.01912
G1 X54.027 Y21.643 E.01867
G1 X54.51 Y22.183 E.01955
G1 X54.866 Y22.795 E.01911
G1 X55.094 Y23.466 E.01912
G1 X55.184 Y24.169 E.01913
G1 X55.133 Y24.876 E.01913
G1 X54.943 Y25.558 E.0191
G1 X54.622 Y26.19 E.01913
G1 X54.072 Y26.851 E.0232
G1 X53.492 Y27.299 E.01978
G1 X52.854 Y27.608 E.01913
G1 X52.168 Y27.785 E.01912
G1 X51.461 Y27.822 E.0191
G1 X50.76 Y27.718 E.01912
G1 X50.093 Y27.478 E.01913
G1 X49.488 Y27.11 E.01911
G1 X48.983 Y26.645 E.01852
G1 X48.598 Y26.124 E.01748
G1 X48.315 Y25.546 E.01737
G1 X48.193 Y25.181 E.01039
G1 X48.108 Y24.681 E.01369
G1 X48.503 Y24.581 F9000
G1 F1800
G1 X48.483 Y24.462 E.00326
G1 X48.501 Y23.854 E.01641
G1 X48.645 Y23.245 E.01689
G1 X48.907 Y22.674 E.01695
G1 X49.277 Y22.167 E.01694
G1 X49.74 Y21.742 E.01696
G1 X50.278 Y21.418 E.01695
G1 X50.869 Y21.207 E.01693
G1 X51.491 Y21.118 E.01696
G1 X52.117 Y21.153 E.01692
G1 X52.725 Y21.312 E.01696
G1 X53.289 Y21.588 E.01694
G1 X53.774 Y21.96 E.01649
G1 X54.2 Y22.444 E.0174
G1 X54.51 Y22.989 E.01692
G1 X54.706 Y23.586 E.01696
G1 X54.78 Y24.209 E.01693
G1 X54.73 Y24.835 E.01695
G1 X54.556 Y25.439 E.01696
G1 X54.266 Y25.996 E.01695
G1 X53.768 Y26.582 E.02075
G1 X53.255 Y26.969 E.01734
G1 X52.687 Y27.238 E.01696
G1 X52.078 Y27.389 E.01693
G1 X51.451 Y27.416 E.01694
G1 X50.83 Y27.319 E.01696
G1 X50.242 Y27.1 E.01693
G1 X49.708 Y26.77 E.01694
G1 X49.266 Y26.355 E.01636
G1 X48.933 Y25.895 E.01532
G1 X48.689 Y25.388 E.01518
G1 X48.593 Y25.113 E.00786
G1 X48.513 Y24.64 E.01295
G1 X48.898 Y24.541 F9000
;TYPE:External perimeter
;WIDTH:0.419999
G1 F1800
G1 X48.873 Y24.396 E.00377
G1 X48.897 Y23.875 E.01338
G1 X49.028 Y23.342 E.01408
G1 X49.263 Y22.846 E.01408
G1 X49.592 Y22.405 E.01412
G1 X50.002 Y22.039 E.0141
G1 X50.475 Y21.761 E.01408
G1 X50.995 Y21.582 E.01411
G1 X51.54 Y21.51 E.0141
G1 X52.088 Y21.548 E.01409
G1 X52.618 Y21.693 E.0141
G1 X53.108 Y21.94 E.01408
G1 X53.527 Y22.269 E.01367
G1 X53.897 Y22.698 E.01453
G1 X54.163 Y23.179 E.0141
G1 X54.328 Y23.703 E.01409
G1 X54.387 Y24.249 E.01409
G1 X54.336 Y24.796 E.01409
G1 X54.178 Y25.322 E.01409
G1 X53.918 Y25.807 E.01412
G1 X53.471 Y26.321 E.01748
G1 X53.024 Y26.648 E.01421
G1 X52.525 Y26.877 E.01409
G1 X51.99 Y27.003 E.0141
G1 X51.441 Y27.021 E.01409
G1 X50.899 Y26.929 E.0141
G1 X50.386 Y26.732 E.0141
G1 X49.922 Y26.437 E.01411
G1 X49.542 Y26.072 E.01352
G1 X49.214 Y25.604 E.01466
G1 X48.997 Y25.1 E.01408
G1 X48.909 Y24.6 E.01302
G1 E-3.5 F3600
;WIPE_START
G1 F7200
G1 X48.898 Y24.541 E-.02851
G1 X48.873 Y24.396 E-.06989
G1 X48.897 Y23.875 E-.24774
G1 X49.028 Y23.342 E-.26071
G1 X49.263 Y22.846 E-.26071
G1 X49.592 Y22.405 E-.26135
G1 X50.002 Y22.039 E-.26106
G1 X50.202 Y21.922 E-.11003
;WIPE_END
G1 X51.187 Y46.754 F9000
G1 E5 F2400
;TYPE:Perimeter
;WIDTH:0.439999
G1 F1800
G1 X51.44 Y46.715 E.00691
G1 X52.148 Y46.748 E.01913
G1 X52.835 Y46.921 E.01912
G1 X53.474 Y47.227 E.01912
G1 X54.04 Y47.653 E.01912
G1 X54.51 Y48.183 E.01912
G1 X54.866 Y48.795 E.01911
G1 X55.094 Y49.466 E.01912
G1 X55.184 Y50.169 E.01913
G1 X55.133 Y50.876 E.01913
G1 X54.943 Y51.558 E.0191
G1 X54.622 Y52.19 E.01913
G1 X54.072 Y52.851 E.0232
G1 X53.492 Y53.299 E.01978
G1 X52.854 Y53.608 E.01913
G1 X52.168 Y53.785 E.01912
G1 X51.461 Y53.822 E.0191
G1 X50.76 Y53.718 E.01912
G1 X50.093 Y53.478 E.01913
G1 X49.488 Y53.11 E.01911
G1 X48.967 Y52.63 E.01912
G1 X48.552 Y52.056 E.01911
G1 X48.258 Y51.411 E.01913
G1 X48.083 Y50.53 E.02424
G1 X48.096 Y49.831 E.01887
G1 X48.252 Y49.145 E.01898
G1 X48.541 Y48.498 E.01912
G1 X48.953 Y47.922 E.01911
G1 X49.471 Y47.438 E.01913
G1 X50.075 Y47.067 E.01913
G1 X50.74 Y46.823 E.01911
G1 X51.128 Y46.763 E.01059
G1 X51.237 Y47.154 F9000
G1 F1800
G1 X51.491 Y47.118 E.00692
G1 X52.117 Y47.153 E.01692
G1 X52.725 Y47.312 E.01696
G1 X53.289 Y47.588 E.01694
G1 X53.787 Y47.97 E.01694
G1 X54.2 Y48.444 E.01696
G1 X54.51 Y48.989 E.01692
G1 X54.706 Y49.586 E.01696
G1 X54.78 Y50.209 E.01693
G1 X54.73 Y50.835 E.01695
G1 X54.556 Y51.439 E.01696
G1 X54.266 Y51.996 E.01695
G1 X53.768 Y52.582 E.02075
G1 X53.255 Y52.969 E.01734
G1 X52.687 Y53.238 E.01696
G1 X52.078 Y53.389 E.01693
G1 X51.451 Y53.416 E.01694
G1 X50.83 Y53.319 E.01696
G1 X50.242 Y53.1 E.01693
G1 X49.708 Y52.77 E.01694
G1 X49.25 Y52.34 E.01695
G1 X48.887 Y51.827 E.01696
G1 X48.632 Y51.253 E.01695
G1 X48.483 Y50.462 E.02172
G1 X48.501 Y49.854 E.01641
G1 X48.645 Y49.245 E.01689
G1 X48.907 Y48.674 E.01695
G1 X49.277 Y48.167 E.01694
G1 X49.74 Y47.742 E.01696
G1 X50.278 Y47.418 E.01695
G1 X50.869 Y47.207 E.01693
G1 X51.178 Y47.163 E.00842
G1 X51.286 Y47.544 F9000
;TYPE:External perimeter
;WIDTH:0.419999
G1 F1800
G1 X51.54 Y47.51 E.00657
G1 X52.088 Y47.548 E.01409
G1 X52.618 Y47.693 E.0141
G1 X53.108 Y47.94 E.01408
G1 X53.54 Y48.28 E.0141
G1 X53.897 Y48.698 E.0141
G1 X54.163 Y49.179 E.0141
G1 X54.328 Y49.703 E.01409
G1 X54.387 Y50.249 E.01409
G1 X54.336 Y50.796 E.01409
G1 X54.178 Y51.322 E.01409
G1 X53.918 Y51.807 E.01412
G1 X53.471 Y52.321 E.01748
G1 X53.024 Y52.648 E.01421
G1 X52.525 Y52.877 E.01409
G1 X51.99 Y53.003 E.0141
G1 X51.441 Y53.021 E.01409
G1 X50.899 Y52.929 E.0141
G1 X50.386 Y52.732 E.0141
G1 X49.922 Y52.437 E.01411
G1 X49.526 Y52.056 E.0141
G1 X49.214 Y51.604 E.01409
G1 X48.997 Y51.1 E.01408
G1 X48.873 Y50.396 E.01834
G1 X48.897 Y49.875 E.01338
G1 X49.028 Y49.342 E.01408
G1 X49.263 Y48.846 E.01408
G1 X49.592 Y48.405 E.01412
G1 X50.002 Y48.039 E.0141
G1 X50.475 Y47.761 E.01408
G1 X50.995 Y47.582 E.01411
G1 X51.227 Y47.552 E.006
G1 E-3.5 F3600
;WIPE_START
G1 F7200
G1 X51.286 Y47.544 E-.02828
G1 X51.54 Y47.51 E-.12173
G1 X52.088 Y47.548 E-.26093
G1 X52.618 Y47.693 E-.261
G1 X53.108 Y47.94 E-.26065
G1 X53.54 Y48.28 E-.26113
G1 X53.897 Y48.698 E-.26111
G1 X53.943 Y48.781 E-.04517
;WIPE_END
G1 X27.152 Y49.915 F9000
G1 E5 F2400
;TYPE:Perimeter
;WIDTH:0.439999
G1 F1800
G1 X27.184 Y50.169 E.00691
G1 X27.133 Y50.876 E.01913
G1 X26.943 Y51.558 E.0191
G1 X26.622 Y52.19 E.01913
G1 X26.072 Y52.851 E.0232
G1 X25.492 Y53.299 E.01978
G1 X24.854 Y53.608 E.01913
G1 X24.168 Y53.785 E.01912
G1 X23.461 Y53.822 E.0191
G1 X22.76 Y53.718 E.01912
G1 X22.093 Y53.478 E.01913
G1 X21.488 Y53.11 E.01911
G1 X20.967 Y52.63 E.01912
G1 X20.552 Y52.056 E.01911
G1 X20.258 Y51.411 E.01913
G1 X20.083 Y50.53 E.02424
G1 X20.096 Y49.831 E.01887
G1 X20.252 Y49.145 E.01898
G1 X20.541 Y48.498 E.01912
G1 X20.953 Y47.922 E.01911
G1 X21.471 Y47.438 E.01913
G1 X22.075 Y47.067 E.01913
G1 X22.74 Y46.823 E.01911
G1 X23.44 Y46.715 E.01911
G1 X24.148 Y46.748 E.01913
G1 X24.835 Y46.921 E.01912
G1 X25.474 Y47.227 E.01912
G1 X26.04 Y47.653 E.01912
G1 X26.51 Y48.183 E.01912
G1 X26.866 Y48.795 E.01911
G1 X27.094 Y49.466 E.01912
G1 X27.144 Y49.856 E.01061
G1 X26.75 Y49.956 F9000
G1 F1800
G1 X26.78 Y50.209 E.00687
G1 X26.73 Y50.835 E.01695
G1 X26.556 Y51.439 E.01696
G1 X26.266 Y51.996 E.01695
G1 X25.768 Y52.582 E.02075
G1 X25.255 Y52.969 E.01734
G1 X24.687 Y53.238 E.01696
G1 X24.078 Y53.389 E.01693
G1 X23.451 Y53.416 E.01694
G1 X22.83 Y53.319 E.01696
G1 X22.242 Y53.1 E.01693
G1 X21.708 Y52.77 E.01694
G1 X21.25 Y52.34 E.01695
G1 X20.887 Y51.827 E.01696
G1 X20.632 Y51.253 E.01695
G1 X20.483 Y50.462 E.02172
G1 X20.501 Y49.854 E.01641
G1 X20.645 Y49.245 E.01689
G1 X20.907 Y48.674 E.01695
G1 X21.277 Y48.167 E.01694
G1 X21.74 Y47.742 E.01696
G1 X22.278 Y47.418 E.01695
G1 X22.869 Y47.207 E.01693
G1 X23.491 Y47.118 E.01696
G1 X24.117 Y47.153 E.01692
G1 X24.725 Y47.312 E.01696
G1 X25.289 Y47.588 E.01694
G1 X25.787 Y47.97 E.01694
G1 X26.2 Y48.444 E.01696
G1 X26.51 Y48.989 E.01692
G1 X26.706 Y49.586 E.01696
G1 X26.743 Y49.896 E.00842
G1 X26.36 Y49.995 F9000
;TYPE:External perimeter
;WIDTH:0.419999
G1 F1800
G1 X26.387 Y50.249 E.00655
G1 X26.336 Y50.796 E.01409
G1 X26.178 Y51.322 E.01409
G1 X25.918 Y51.807 E.01412
G1 X25.471 Y52.321 E.01748
G1 X25.024 Y52.648 E.01421
G1 X24.525 Y52.877 E.01409
G1 X23.99 Y53.003 E.0141
G1 X23.441 Y53.021 E.01409
G1 X22.899 Y52.929 E.0141
G1 X22.386 Y52.732 E.0141
G1 X21.922 Y52.437 E.01411
G1 X21.526 Y52.056 E.0141
G1 X21.214 Y51.604 E.01409
G1 X20.997 Y51.1 E.01408
G1 X20.873 Y50.396 E.01834
G1 X20.897 Y49.875 E.01338
G1 X21.028 Y49.342 E.01408
G1 X21.263 Y48.846 E.01408
G1 X21.592 Y48.405 E.01412
G1 X22.002 Y48.039 E.0141
G1 X22.475 Y47.761 E.01408
G1 X22.995 Y47.582 E.01411
G1 X23.54 Y47.51 E.0141
G1 X24.088 Y47.548 E.01409
G1 X24.618 Y47.693 E.0141
G1 X25.108 Y47.94 E.01408
G1 X25.54 Y48.28 E.0141
G1 X25.897 Y48.698 E.0141
G1 X26.163 Y49.179 E.0141
G1 X26.328 Y49.703 E.01409
G1 X26.353 Y49.935 E.00599
G1 E-3.5 F3600
;WIPE_START
G1 F7200
G1 X26.36 Y49.995 E-.02869
G1 X26.387 Y50.249 E-.12133
G1 X26.336 Y50.796 E-.26095
G1 X26.178 Y51.322 E-.26088
G1 X25.918 Y51.807 E-.26139
G1 X25.471 Y52.321 E-.32356
G1 X25.058 Y52.623 E-.2432
;WIPE_END
G1 X18.139 Y60.257 F9000
G1 E5 F2400
;TYPE:Perimeter
;WIDTH:0.439999
G1 F3600
G1 X18.139 Y18.279 E1.13277
G1 X19.748 Y18.279 E.04342
G1 X20.046 Y18.195 E.00835
G1 X20.359 Y17.977 E.01029
G1 X20.563 Y17.667 E.01001
G1 X20.639 Y17.285 E.01051
G1 X20.639 Y15.279 E.05413
G1 X54.616 Y15.279 E.91686
G1 X54.616 Y17.285 E.05413
G1 X54.694 Y17.67 E.0106
G1 X54.898 Y17.979 E.00999
G1 X55.214 Y18.197 E.01036
G1 X55.611 Y18.279 E.01094
G1 X57.116 Y18.279 E.04061
G1 X57.116 Y60.257 E1.13277
G1 X18.199 Y60.257 E1.05017
G1 X17.733 Y60.662 F9000
G1 F3600
G1 X17.733 Y17.874 E1.15463
G1 X19.711 Y17.874 E.05338
G1 X19.978 Y17.77 E.00773
G1 X20.164 Y17.562 E.00753
G1 X20.233 Y17.285 E.0077
G1 X20.233 Y14.874 E.06506
G1 X55.022 Y14.874 E.93877
G1 X55.022 Y17.375 E.06749
G1 X55.151 Y17.653 E.00827
G1 X55.323 Y17.798 E.00607
G1 X55.611 Y17.874 E.00804
G1 X57.522 Y17.874 E.05157
G1 X57.522 Y60.662 E1.15463
G1 X17.793 Y60.662 E1.07208
G1 X17.338 Y61.058 F9000
;TYPE:External perimeter
;WIDTH:0.419999
G1 F1800
G1 X17.338 Y17.478 E1.11802
G1 X19.645 Y17.478 E.05918
G1 X19.769 Y17.432 E.00339
G1 X19.838 Y17.285 E.00417
G1 X19.838 Y14.478 E.07201
G1 X55.418 Y14.478 E.91278
G1 X55.418 Y17.285 E.07201
G1 X55.46 Y17.406 E.00329
G1 X55.611 Y17.478 E.00429
G1 X57.918 Y17.478 E.05918
G1 X57.918 Y61.058 E1.11802
G1 X17.398 Y61.058 E1.03952
G1 E-3.5 F3600
;WIPE_START
G1 F7200
G1 X17.338 Y61.058 E-.0285
G1 X17.338 Y57.96 E-1.4715
;WIPE_END
G1 X20.647 Y52.733 F9000
G1 E5 F2400
;TYPE:Internal infill
;WIDTH:0.44
G1 F3600
G1 X20.291 Y52.227 E.0167
G1 X19.968 Y51.527 E.0208
G1 X19.768 Y50.505 E.0281
G1 X18.451 Y49.189 E.05024
G1 X18.451 Y49.295 E.00286
G1 X52.155 Y15.592 E1.2862
G1 X53.698 Y15.592 E.04164
G1 X54.304 Y16.198 E.02313
G1 X54.328 Y17.538 E.03617
G1 X54.588 Y18.1 E.01671
G1 X54.971 Y18.425 E.01355
G1 X55.434 Y18.58 E.01318
G1 X56.696 Y18.59 E.03406
G1 X56.804 Y18.698 E.00412
G1 X56.804 Y18.592 E.00286
G1 X54.096 Y21.3 E.10334
G1 X53.73 Y21.014 E.01253
G1 X53.041 Y20.661 E.02089
G1 X52.294 Y20.452 E.02093
G1 X51.656 Y20.398 E.01728
G1 X50.923 Y20.466 E.01986
G1 X46.048 Y15.592 E.18602
G1 X44.505 Y15.592 E.04164
G1 X18.451 Y41.646 E.99428
G1 X18.451 Y41.54 E.00286
G1 X23.326 Y46.415 E.18604
G1 X22.646 Y46.525 E.01859
G1 X22.151 Y46.691 E.01409
G1 X21.471 Y47.055 E.02081
G1 X21.118 Y47.333 E.01212
G1 E-3.5
;WIPE_START
G1 F7200
G1 X21.471 Y47.055 E-.21343
G1 X22.151 Y46.691 E-.36637
G1 X22.646 Y46.525 E-.24799
G1 X23.326 Y46.415 E-.3272
G1 X22.812 Y45.901 E-.34501
;WIPE_END
G1 X22.02 Y27.785 F9000
G1 E5 F2400
G1 F3600
G1 X22.7 Y28.025 E.01946
G1 X23.214 Y28.116 E.01409
G1 X23.985 Y28.121 E.02081
G1 X24.396 Y28.051 E.01125
G1 X18.451 Y33.997 E.22689
G1 X18.451 Y33.89 E.00289
G1 X44.505 Y59.944 E.99428
G1 X46.048 Y59.944 E.04164
G1 X51.869 Y54.124 E.22212
G1 X52.834 Y53.949 E.02647
G1 X53.508 Y53.648 E.01992
G1 X56.804 Y56.944 E.12578
G1 X56.804 Y56.838 E.00286
G1 X53.698 Y59.944 E.11853
G1 X52.155 Y59.944 E.04164
G1 X18.451 Y26.241 E1.2862
G1 X18.451 Y26.347 E.00286
G1 X19.839 Y24.96 E.05295
G1 X19.756 Y24.366 E.01618
G1 X19.785 Y23.809 E.01505
G1 X19.951 Y23.062 E.02065
G1 X20.149 Y22.593 E.01374
G1 E-3.5
;WIPE_START
G1 F7200
G1 X19.951 Y23.062 E-.24181
G1 X19.785 Y23.809 E-.36348
G1 X19.756 Y24.366 E-.26493
G1 X19.839 Y24.96 E-.28489
G1 X19.326 Y25.473 E-.34489
;WIPE_END
G1 X54.284 Y27.079 F9000
G1 E5 F2400
G1 F3600
G1 X54.893 Y26.345 E.02574
G1 X55.24 Y25.655 E.02084
G1 X55.434 Y24.977 E.01903
G1 X56.804 Y26.347 E.05228
G1 X56.804 Y26.241 E.00286
G1 X23.101 Y59.944 E1.28619
G1 X21.558 Y59.944 E.04164
G1 X18.451 Y56.838 E.11855
G1 X18.451 Y56.944 E.00286
G1 X21.746 Y53.649 E.12574
G1 X22.515 Y53.978 E.02257
G1 X23.394 Y54.131 E.02408
G1 X29.207 Y59.944 E.22184
G1 X30.75 Y59.944 E.04164
G1 X56.804 Y33.89 E.99428
G1 X56.804 Y33.997 E.00289
G1 X50.852 Y28.044 E.22716
G1 X51.331 Y28.131 E.01314
G1 X51.984 Y28.121 E.01762
G1 X52.741 Y27.974 E.02081
G1 X53.226 Y27.783 E.01407
G1 E-3.5
;WIPE_START
G1 F7200
G1 X52.741 Y27.974 E-.2476
G1 X51.984 Y28.121 E-.36629
G1 X51.331 Y28.131 E-.31021
G1 X50.852 Y28.044 E-.23125
G1 X51.365 Y28.557 E-.34465
;WIPE_END
G1 X38.346 Y33.773 F9000
G1 E5 F2400
G1 F3600
G1 X38.919 Y33.935 E.01607
G1 X39.559 Y34.26 E.01937
G1 X40.122 Y34.708 E.01942
G1 X40.38 Y35.016 E.01084
G1 X48.651 Y26.745 E.31564
G1 X48.227 Y26.125 E.02027
G1 X47.927 Y25.415 E.0208
G1 X47.863 Y25.055 E.00987
G1 X38.399 Y15.592 E.36115
G1 X36.856 Y15.592 E.04164
G1 X27.426 Y25.022 E.35987
G1 X27.171 Y25.832 E.02292
G1 X26.893 Y26.345 E.01575
G1 X26.591 Y26.732 E.01325
G1 X34.872 Y35.013 E.31602
G1 X34.596 Y35.375 E.01228
G1 X34.277 Y36.025 E.01954
G1 X34.095 Y36.726 E.01954
G1 X34.056 Y37.394 E.01806
G1 X34.127 Y37.99 E.0162
G1 X34.344 Y38.68 E.01952
G1 X34.696 Y39.312 E.01952
G1 X35.373 Y40.023 E.02649
G1 X26.998 Y48.398 E.31961
G1 X27.175 Y48.713 E.00975
G1 X27.426 Y49.503 E.02237
G1 X27.498 Y50.174 E.01821
G1 X27.477 Y50.565 E.01057
G1 X36.856 Y59.944 E.35792
G1 X38.399 Y59.944 E.04164
G1 X47.777 Y50.567 E.35787
G1 X47.798 Y49.684 E.02383
G1 X47.988 Y48.942 E.02067
G1 X48.25 Y48.391 E.01646
G1 X39.88 Y40.02 E.31944
G1 X40.151 Y39.799 E.00944
G1 X40.562 Y39.308 E.01728
G1 X40.911 Y38.68 E.01939
G1 X41.128 Y37.988 E.01957
G1 E-3.5
;WIPE_START
G1 F7200
G1 X40.911 Y38.68 E-.34448
G1 X40.562 Y39.308 E-.34127
G1 X40.151 Y39.799 E-.30415
G1 X39.88 Y40.02 E-.1661
G1 X40.392 Y40.532 E-.344
;WIPE_END
G1 X49.605 Y46.986 F9000
G1 E5 F2400
G1 F3600
G1 X49.992 Y46.757 E.01213
G1 X50.755 Y46.493 E.02179
G1 X51.406 Y46.405 E.01773
G1 X51.925 Y46.419 E.01401
G1 X56.804 Y41.54 E.18619
G1 X56.804 Y41.646 E.00286
G1 X30.75 Y15.592 E.99428
G1 X29.207 Y15.592 E.04164
G1 X24.334 Y20.465 E.18597
G1 X23.471 Y20.398 E.02336
G1 X22.771 Y20.49 E.01905
G1 X22.036 Y20.736 E.02092
G1 X21.365 Y21.123 E.0209
G1 X21.16 Y21.301 E.00733
G1 X18.451 Y18.592 E.10338
G1 X18.451 Y18.698 E.00286
G1 X18.559 Y18.59 E.00412
G1 X19.823 Y18.58 E.03411
G1 X20.3 Y18.416 E.01361
G1 X20.584 Y18.195 E.00971
G1 X20.799 Y17.899 E.00987
G1 X20.927 Y17.539 E.01031
G1 X20.951 Y16.198 E.03619
G1 X21.558 Y15.592 E.02315
G1 X23.101 Y15.592 E.04164
G1 X56.804 Y49.295 E1.28619
G1 X56.804 Y49.189 E.00286
G1 X55.483 Y50.51 E.05041
G1 X55.495 Y50.143 E.00991
G1 X55.394 Y49.379 E.0208
G1 X55.143 Y48.651 E.02078
G1 X54.892 Y48.191 E.01414
;LAYER_CHANGE
;Z:1.48
;HEIGHT:0.16
;BEFORE_LAYER_CHANGE
G92 E0
;1.48


G1 E-3.5 F3600
;WIPE_START
G1 F7200
G1 X55.143 Y48.651 E-.24891
G1 X55.394 Y49.379 E-.36578
G1 X55.495 Y50.143 E-.36606
G1 X55.483 Y50.51 E-.17442
G1 X55.996 Y49.997 E-.34483
;WIPE_END
G1 Z1.48 F9000
;AFTER_LAYER_CHANGE
;1.48
G1 X40.409 Y38.968
G1 E5 F2400
;TYPE:Perimeter
;WIDTH:0.439999
G1 F1800
G1 X40.082 Y39.41 E.01484
G1 X39.609 Y39.854 E.01751
G1 X39.057 Y40.196 E.01752
G1 X38.449 Y40.421 E.01749
G1 X37.808 Y40.521 E.01751
G1 X37.16 Y40.492 E.0175
G1 X36.53 Y40.336 E.01751
G1 X35.944 Y40.057 E.01751
G1 X35.425 Y39.668 E.0175
G1 X34.993 Y39.184 E.01751
G1 X34.665 Y38.624 E.01751
G1 X34.455 Y38.01 E.01751
G1 X34.375 Y37.465 E.01486
G1 X34.393 Y36.875 E.01593
G1 X34.534 Y36.247 E.01737
G1 X34.797 Y35.654 E.01751
G1 X35.134 Y35.177 E.01576
G1 X35.646 Y34.682 E.01922
G1 X36.198 Y34.34 E.01752
G1 X36.807 Y34.115 E.01752
G1 X37.56 Y34.007 E.02053
G1 X38.096 Y34.044 E.0145
G1 X38.725 Y34.201 E.01749
G1 X39.234 Y34.439 E.01516
G1 X39.478 Y34.586 E.00769
G1 X39.877 Y34.907 E.01382
G1 X40.263 Y35.352 E.0159
G1 X40.59 Y35.912 E.0175
G1 X40.8 Y36.526 E.01751
G1 X40.883 Y37.132 E.01651
G1 X40.862 Y37.672 E.01458
G1 X40.752 Y38.168 E.01371
G1 X40.654 Y38.475 E.0087
G1 X40.438 Y38.916 E.01325
G1 X40.051 Y38.749 F9000
G1 F1800
G1 X39.759 Y39.166 E.01374
G1 X39.341 Y39.55 E.01532
G1 X38.854 Y39.844 E.01535
G1 X38.32 Y40.036 E.01531
G1 X37.757 Y40.119 E.01536
G1 X37.19 Y40.088 E.01532
G1 X36.64 Y39.945 E.01534
G1 X36.129 Y39.696 E.01534
G1 X35.678 Y39.351 E.01532
G1 X35.304 Y38.924 E.01532
G1 X35.022 Y38.43 E.01535
G1 X34.843 Y37.891 E.01533
G1 X34.774 Y37.367 E.01426
G1 X34.803 Y36.85 E.01397
G1 X34.927 Y36.347 E.01398
G1 X35.163 Y35.83 E.01534
G1 X35.458 Y35.422 E.01359
G1 X35.915 Y34.986 E.01704
G1 X36.401 Y34.692 E.01533
G1 X36.936 Y34.5 E.01534
G1 X37.565 Y34.413 E.01714
G1 X38.065 Y34.448 E.01353
G1 X38.615 Y34.591 E.01534
G1 X39.126 Y34.84 E.01534
G1 X39.56 Y35.171 E.01473
G1 X39.952 Y35.613 E.01594
G1 X40.234 Y36.106 E.01533
G1 X40.412 Y36.645 E.01532
G1 X40.479 Y37.174 E.01439
G1 X40.453 Y37.686 E.01383
G1 X40.329 Y38.189 E.01398
G1 X40.116 Y38.657 E.01388
G1 X40.086 Y38.7 E.00141
G1 X39.725 Y38.549 F9000
;TYPE:External perimeter
;WIDTH:0.419999
G1 F1800
G1 X39.716 Y38.567 E.00052
G1 X39.417 Y38.955 E.01257
G1 X39.048 Y39.276 E.01255
G1 X38.622 Y39.517 E.01256
G1 X38.156 Y39.67 E.01258
G1 X37.67 Y39.727 E.01255
G1 X37.182 Y39.686 E.01256
G1 X36.711 Y39.55 E.01258
G1 X36.277 Y39.323 E.01257
G1 X35.897 Y39.015 E.01255
G1 X35.585 Y38.637 E.01257
G1 X35.354 Y38.206 E.01255
G1 X35.214 Y37.74 E.01248
G1 X35.17 Y37.339 E.01035
G1 X35.199 Y36.883 E.01172
G1 X35.323 Y36.409 E.01257
G1 X35.539 Y35.969 E.01257
G1 X35.838 Y35.581 E.01257
G1 X36.275 Y35.221 E.01453
G1 X36.735 Y34.984 E.01328
G1 X37.099 Y34.866 E.00982
G1 X37.586 Y34.809 E.01258
G1 X38.074 Y34.85 E.01256
G1 X38.544 Y34.986 E.01255
G1 X38.978 Y35.213 E.01257
G1 X39.358 Y35.521 E.01255
G1 X39.689 Y35.933 E.01356
G1 X39.932 Y36.432 E.01424
G1 X40.042 Y36.798 E.0098
G1 X40.087 Y37.249 E.01163
G1 X40.056 Y37.654 E.01042
G1 X39.932 Y38.127 E.01254
G1 X39.751 Y38.495 E.01052
G1 E-3.5 F3600
;WIPE_START
G1 F7200
G1 X39.725 Y38.549 E-.02847
G1 X39.716 Y38.567 E-.00956
G1 X39.417 Y38.955 E-.23267
G1 X39.048 Y39.276 E-.23231
G1 X38.622 Y39.517 E-.23249
G1 X38.156 Y39.67 E-.23298
G1 X37.67 Y39.727 E-.23243
G1 X37.182 Y39.686 E-.23262
G1 X37.048 Y39.647 E-.06647
;WIPE_END
G1 X49.415 Y27.043 F9000
G1 E5 F2400
;TYPE:Perimeter
;WIDTH:0.439999
G1 F1800
G1 X48.983 Y26.645 E.01585
G1 X48.598 Y26.124 E.01748
G1 X48.315 Y25.546 E.01737
G1 X48.2 Y25.222 E.00928
G1 X48.099 Y24.721 E.01379
G1 X48.079 Y24.012 E.01914
G1 X48.2 Y23.314 E.01912
G1 X48.457 Y22.654 E.01911
G1 X49.014 Y21.861 E.02615
G1 X49.483 Y21.428 E.01722
G1 X50.075 Y21.067 E.01871
G1 X50.74 Y20.823 E.01911
G1 X51.44 Y20.715 E.01911
G1 X52.148 Y20.748 E.01913
G1 X52.835 Y20.921 E.01912
G1 X53.474 Y21.227 E.01912
G1 X54.027 Y21.643 E.01867
G1 X54.51 Y22.183 E.01955
G1 X54.866 Y22.795 E.01911
G1 X55.094 Y23.466 E.01912
G1 X55.184 Y24.169 E.01913
G1 X55.133 Y24.876 E.01913
G1 X54.943 Y25.558 E.0191
G1 X54.622 Y26.19 E.01913
G1 X54.072 Y26.851 E.0232
G1 X53.492 Y27.299 E.01978
G1 X52.854 Y27.608 E.01913
G1 X52.168 Y27.785 E.01912
G1 X51.461 Y27.822 E.0191
G1 X50.76 Y27.718 E.01912
G1 X50.093 Y27.478 E.01913
G1 X49.488 Y27.11 E.01911
G1 X49.459 Y27.084 E.00105
G1 X49.665 Y26.729 F9000
G1 F1800
G1 X49.266 Y26.355 E.01476
G1 X48.933 Y25.895 E.01532
G1 X48.689 Y25.388 E.01518
G1 X48.598 Y25.141 E.0071
G1 X48.496 Y24.64 E.0138
G1 X48.485 Y24.012 E.01695
G1 X48.598 Y23.395 E.01693
G1 X48.831 Y22.812 E.01694
G1 X49.339 Y22.104 E.02351
G1 X49.747 Y21.736 E.01483
G1 X50.278 Y21.418 E.0167
G1 X50.869 Y21.207 E.01693
G1 X51.491 Y21.118 E.01696
G1 X52.117 Y21.153 E.01692
G1 X52.725 Y21.312 E.01696
G1 X53.289 Y21.588 E.01694
G1 X53.774 Y21.96 E.01649
G1 X54.2 Y22.444 E.0174
G1 X54.51 Y22.989 E.01692
G1 X54.706 Y23.586 E.01696
G1 X54.78 Y24.209 E.01693
G1 X54.73 Y24.835 E.01695
G1 X54.556 Y25.439 E.01696
G1 X54.266 Y25.996 E.01695
G1 X53.768 Y26.582 E.02075
G1 X53.255 Y26.969 E.01734
G1 X52.687 Y27.238 E.01696
G1 X52.078 Y27.389 E.01693
G1 X51.451 Y27.416 E.01694
G1 X50.83 Y27.319 E.01696
G1 X50.242 Y27.1 E.01693
G1 X49.709 Y26.77 E.01692
G1 X49.909 Y26.424 F9000
;TYPE:External perimeter
;WIDTH:0.419999
G1 F1800
G1 X49.542 Y26.072 E.01305
G1 X49.214 Y25.604 E.01466
G1 X48.997 Y25.1 E.01408
G1 X48.884 Y24.562 E.0141
G1 X48.88 Y24.012 E.01411
G1 X48.986 Y23.473 E.01409
G1 X49.195 Y22.965 E.01409
G1 X49.656 Y22.341 E.0199
G1 X50.032 Y22.017 E.01273
G1 X50.475 Y21.761 E.01313
G1 X50.995 Y21.582 E.01411
G1 X51.54 Y21.51 E.0141
G1 X52.088 Y21.548 E.01409
G1 X52.618 Y21.693 E.0141
G1 X53.108 Y21.94 E.01408
G1 X53.527 Y22.269 E.01367
G1 X53.897 Y22.698 E.01453
G1 X54.163 Y23.179 E.0141
G1 X54.328 Y23.703 E.01409
G1 X54.387 Y24.249 E.01409
G1 X54.336 Y24.796 E.01409
G1 X54.178 Y25.322 E.01409
G1 X53.918 Y25.807 E.01412
G1 X53.471 Y26.32 E.01746
G1 X53.024 Y26.648 E.01422
G1 X52.525 Y26.877 E.01409
G1 X51.99 Y27.003 E.0141
G1 X51.441 Y27.021 E.01409
G1 X50.899 Y26.929 E.0141
G1 X50.386 Y26.732 E.0141
G1 X49.957 Y26.459 E.01305
G1 E-3.5 F3600
;WIPE_START
G1 F7200
G1 X49.909 Y26.424 E-.02822
G1 X49.542 Y26.072 E-.24155
G1 X49.214 Y25.604 E-.27146
G1 X48.997 Y25.1 E-.26065
G1 X48.884 Y24.562 E-.26113
G1 X48.88 Y24.012 E-.26126
G1 X48.951 Y23.649 E-.17573
;WIPE_END
G1 X27.152 Y24.621 F9000
G1 E5 F2400
;TYPE:Perimeter
;WIDTH:0.439999
G1 F1800
G1 X27.133 Y24.876 E.0069
G1 X26.943 Y25.558 E.0191
G1 X26.622 Y26.19 E.01913
G1 X26.072 Y26.851 E.0232
G1 X25.492 Y27.299 E.01978
G1 X24.854 Y27.608 E.01913
G1 X24.168 Y27.785 E.01912
G1 X23.461 Y27.822 E.0191
G1 X22.76 Y27.718 E.01912
G1 X22.093 Y27.478 E.01913
G1 X21.488 Y27.11 E.01911
G1 X20.967 Y26.63 E.01912
G1 X20.552 Y26.056 E.01911
G1 X20.258 Y25.411 E.01913
G1 X20.099 Y24.721 E.01911
G1 X20.079 Y24.012 E.01914
G1 X20.2 Y23.314 E.01912
G1 X20.457 Y22.654 E.01911
G1 X20.84 Y22.058 E.01912
G1 X21.333 Y21.549 E.01912
G1 X21.917 Y21.148 E.01912
G1 X22.569 Y20.871 E.01912
G1 X23.415 Y20.719 E.02319
G1 X24.148 Y20.748 E.0198
G1 X24.835 Y20.921 E.01912
G1 X25.474 Y21.227 E.01912
G1 X26.04 Y21.653 E.01912
G1 X26.51 Y22.183 E.01912
G1 X26.866 Y22.795 E.01911
G1 X27.094 Y23.466 E.01912
G1 X27.184 Y24.169 E.01913
G1 X27.156 Y24.561 E.0106
G1 X26.75 Y24.581 F9000
G1 F1800
G1 X26.73 Y24.835 E.00688
G1 X26.556 Y25.439 E.01696
G1 X26.266 Y25.996 E.01695
G1 X25.768 Y26.582 E.02075
G1 X25.255 Y26.969 E.01734
G1 X24.687 Y27.238 E.01696
G1 X24.078 Y27.389 E.01693
G1 X23.451 Y27.416 E.01694
G1 X22.83 Y27.319 E.01696
G1 X22.242 Y27.1 E.01693
G1 X21.708 Y26.77 E.01694
G1 X21.25 Y26.339 E.01697
G1 X20.887 Y25.827 E.01694
G1 X20.632 Y25.253 E.01695
G1 X20.496 Y24.64 E.01694
G1 X20.485 Y24.012 E.01695
G1 X20.598 Y23.395 E.01693
G1 X20.831 Y22.812 E.01694
G1 X21.175 Y22.286 E.01696
G1 X21.616 Y21.84 E.01693
G1 X22.137 Y21.489 E.01695
G1 X22.717 Y21.249 E.01694
G1 X23.476 Y21.12 E.02078
G1 X24.117 Y21.153 E.01732
G1 X24.725 Y21.312 E.01696
G1 X25.289 Y21.588 E.01694
G1 X25.787 Y21.97 E.01694
G1 X26.2 Y22.444 E.01696
G1 X26.51 Y22.989 E.01692
G1 X26.706 Y23.586 E.01696
G1 X26.78 Y24.209 E.01693
G1 X26.755 Y24.521 E.00845
G1 X26.36 Y24.541 F9000
;TYPE:External perimeter
;WIDTH:0.419999
G1 F1800
G1 X26.336 Y24.796 E.00657
G1 X26.178 Y25.322 E.01409
G1 X25.918 Y25.807 E.01412
G1 X25.471 Y26.32 E.01746
G1 X25.024 Y26.648 E.01422
G1 X24.525 Y26.877 E.01409
G1 X23.99 Y27.003 E.0141
G1 X23.441 Y27.021 E.01409
G1 X22.899 Y26.929 E.0141
G1 X22.386 Y26.732 E.0141
G1 X21.922 Y26.437 E.01411
G1 X21.526 Y26.056 E.0141
G1 X21.214 Y25.604 E.01409
G1 X20.997 Y25.1 E.01408
G1 X20.884 Y24.562 E.0141
G1 X20.88 Y24.012 E.01411
G1 X20.986 Y23.473 E.01409
G1 X21.195 Y22.965 E.01409
G1 X21.502 Y22.509 E.0141
G1 X21.892 Y22.123 E.01408
G1 X22.352 Y21.822 E.0141
G1 X22.862 Y21.617 E.0141
G1 X23.535 Y21.511 E.01748
G1 X24.088 Y21.548 E.01422
G1 X24.618 Y21.693 E.0141
G1 X25.108 Y21.94 E.01408
G1 X25.54 Y22.28 E.0141
G1 X25.897 Y22.698 E.0141
G1 X26.163 Y23.179 E.0141
G1 X26.328 Y23.703 E.01409
G1 X26.387 Y24.249 E.01409
G1 X26.365 Y24.482 E.006
G1 E-3.5 F3600
;WIPE_START
G1 F7200
G1 X26.36 Y24.541 E-.02813
G1 X26.336 Y24.796 E-.12166
G1 X26.178 Y25.322 E-.26088
G1 X25.918 Y25.807 E-.26139
G1 X25.471 Y26.32 E-.3232
G1 X25.024 Y26.648 E-.26335
G1 X24.562 Y26.86 E-.24139
;WIPE_END
G1 X24.069 Y46.744 F9000
G1 E5 F2400
;TYPE:Perimeter
;WIDTH:0.439999
G1 F1800
G1 X24.148 Y46.748 E.00213
G1 X24.835 Y46.921 E.01912
G1 X25.474 Y47.227 E.01912
G1 X26.04 Y47.653 E.01912
G1 X26.51 Y48.183 E.01912
G1 X26.866 Y48.795 E.01911
G1 X27.094 Y49.466 E.01912
G1 X27.184 Y50.169 E.01913
G1 X27.133 Y50.876 E.01913
G1 X26.943 Y51.558 E.0191
G1 X26.622 Y52.19 E.01913
G1 X26.072 Y52.851 E.0232
G1 X25.492 Y53.299 E.01978
G1 X24.854 Y53.608 E.01913
G1 X24.168 Y53.785 E.01912
G1 X23.461 Y53.822 E.0191
G1 X22.76 Y53.718 E.01912
G1 X22.093 Y53.478 E.01913
G1 X21.488 Y53.11 E.01911
G1 X20.967 Y52.63 E.01912
G1 X20.552 Y52.056 E.01911
G1 X20.258 Y51.411 E.01913
G1 X20.099 Y50.721 E.01911
G1 X20.079 Y50.012 E.01914
G1 X20.2 Y49.314 E.01912
G1 X20.457 Y48.654 E.01911
G1 X20.84 Y48.058 E.01912
G1 X21.333 Y47.549 E.01912
G1 X21.917 Y47.148 E.01912
G1 X22.824 Y46.807 E.02615
G1 X23.456 Y46.713 E.01724
G1 X24.009 Y46.741 E.01494
G1 X24.019 Y47.147 F9000
G1 F1800
G1 X24.117 Y47.153 E.00265
G1 X24.725 Y47.312 E.01696
G1 X25.289 Y47.588 E.01694
G1 X25.787 Y47.97 E.01694
G1 X26.2 Y48.444 E.01696
G1 X26.51 Y48.989 E.01692
G1 X26.706 Y49.586 E.01696
G1 X26.78 Y50.209 E.01693
G1 X26.73 Y50.835 E.01695
G1 X26.556 Y51.439 E.01696
G1 X26.266 Y51.996 E.01695
G1 X25.768 Y52.582 E.02075
G1 X25.255 Y52.969 E.01734
G1 X24.687 Y53.238 E.01696
G1 X24.078 Y53.389 E.01693
G1 X23.451 Y53.416 E.01694
G1 X22.83 Y53.319 E.01696
G1 X22.242 Y53.1 E.01693
G1 X21.708 Y52.77 E.01694
G1 X21.25 Y52.339 E.01697
G1 X20.887 Y51.827 E.01694
G1 X20.632 Y51.253 E.01695
G1 X20.496 Y50.64 E.01694
G1 X20.485 Y50.012 E.01695
G1 X20.598 Y49.395 E.01693
G1 X20.831 Y48.812 E.01694
G1 X21.175 Y48.286 E.01696
G1 X21.616 Y47.84 E.01693
G1 X22.137 Y47.489 E.01695
G1 X22.956 Y47.19 E.02353
G1 X23.5 Y47.117 E.01481
G1 X23.959 Y47.144 E.01241
G1 X23.97 Y47.539 F9000
;TYPE:External perimeter
;WIDTH:0.419999
G1 F1800
G1 X24.088 Y47.548 E.00304
G1 X24.618 Y47.693 E.0141
G1 X25.108 Y47.94 E.01408
G1 X25.54 Y48.28 E.0141
G1 X25.897 Y48.698 E.0141
G1 X26.163 Y49.179 E.0141
G1 X26.328 Y49.703 E.01409
G1 X26.387 Y50.249 E.01409
G1 X26.336 Y50.796 E.01409
G1 X26.178 Y51.322 E.01409
G1 X25.918 Y51.807 E.01412
G1 X25.471 Y52.32 E.01746
G1 X25.024 Y52.648 E.01422
G1 X24.525 Y52.877 E.01409
G1 X23.99 Y53.003 E.0141
G1 X23.441 Y53.021 E.01409
G1 X22.899 Y52.929 E.0141
G1 X22.386 Y52.732 E.0141
G1 X21.922 Y52.437 E.01411
G1 X21.526 Y52.056 E.0141
G1 X21.214 Y51.604 E.01409
G1 X20.997 Y51.1 E.01408
G1 X20.884 Y50.562 E.0141
G1 X20.88 Y50.012 E.01411
G1 X20.986 Y49.473 E.01409
G1 X21.195 Y48.965 E.01409
G1 X21.502 Y48.509 E.0141
G1 X21.892 Y48.123 E.01408
G1 X22.352 Y47.822 E.0141
G1 X23.084 Y47.565 E.0199
G1 X23.578 Y47.509 E.01275
G1 X23.91 Y47.534 E.00854
G1 E-3.5 F3600
;WIPE_START
G1 F7200
G1 X23.97 Y47.539 E-.0286
G1 X24.088 Y47.548 E-.05621
G1 X24.618 Y47.693 E-.261
G1 X25.108 Y47.94 E-.26065
G1 X25.54 Y48.28 E-.26113
G1 X25.897 Y48.698 E-.26111
G1 X26.163 Y49.179 E-.26108
G1 X26.233 Y49.4 E-.11022
;WIPE_END
G1 X48.096 Y49.914 F9000
G1 E5 F2400
;TYPE:Perimeter
;WIDTH:0.439999
G1 F1800
G1 X48.2 Y49.314 E.01643
G1 X48.457 Y48.654 E.01911
G1 X48.989 Y47.893 E.02506
G1 X49.353 Y47.539 E.0137
G1 X49.632 Y47.323 E.00952
G1 X50.075 Y47.067 E.01381
G1 X50.565 Y46.882 E.01413
G1 X50.933 Y46.779 E.01031
G1 X51.44 Y46.715 E.01379
G1 X52.148 Y46.748 E.01913
G1 X52.835 Y46.921 E.01912
G1 X53.474 Y47.227 E.01912
G1 X54.04 Y47.653 E.01912
G1 X54.51 Y48.183 E.01912
G1 X54.866 Y48.795 E.01911
G1 X55.094 Y49.466 E.01912
G1 X55.184 Y50.169 E.01913
G1 X55.133 Y50.876 E.01913
G1 X54.943 Y51.558 E.0191
G1 X54.622 Y52.19 E.01913
G1 X54.072 Y52.851 E.0232
G1 X53.492 Y53.299 E.01978
G1 X52.854 Y53.608 E.01913
G1 X52.168 Y53.785 E.01912
G1 X51.461 Y53.822 E.0191
G1 X50.76 Y53.718 E.01912
G1 X50.093 Y53.478 E.01913
G1 X49.488 Y53.11 E.01911
G1 X48.967 Y52.63 E.01912
G1 X48.552 Y52.056 E.01911
G1 X48.258 Y51.411 E.01913
G1 X48.099 Y50.721 E.01911
G1 X48.079 Y50.012 E.01914
G1 X48.086 Y49.974 E.00104
G1 X48.495 Y49.954 F9000
G1 F1800
G1 X48.598 Y49.395 E.01534
G1 X48.831 Y48.812 E.01694
G1 X49.314 Y48.136 E.02242
G1 X49.747 Y47.736 E.01591
G1 X50.179 Y47.475 E.01362
G1 X50.694 Y47.266 E.015
G1 X50.983 Y47.181 E.00813
G1 X51.491 Y47.118 E.01381
G1 X52.117 Y47.153 E.01692
G1 X52.725 Y47.312 E.01696
G1 X53.289 Y47.588 E.01694
G1 X53.787 Y47.97 E.01694
G1 X54.2 Y48.444 E.01696
G1 X54.51 Y48.989 E.01692
G1 X54.706 Y49.586 E.01696
G1 X54.78 Y50.209 E.01693
G1 X54.73 Y50.835 E.01695
G1 X54.556 Y51.439 E.01696
G1 X54.266 Y51.996 E.01695
G1 X53.768 Y52.582 E.02075
G1 X53.255 Y52.969 E.01734
G1 X52.687 Y53.238 E.01696
G1 X52.078 Y53.389 E.01693
G1 X51.451 Y53.416 E.01694
G1 X50.83 Y53.319 E.01696
G1 X50.242 Y53.1 E.01693
G1 X49.708 Y52.77 E.01694
G1 X49.25 Y52.339 E.01697
G1 X48.887 Y51.827 E.01694
G1 X48.632 Y51.253 E.01695
G1 X48.496 Y50.64 E.01694
G1 X48.485 Y50.014 E.0169
G1 X48.884 Y49.993 F9000
;TYPE:External perimeter
;WIDTH:0.419999
G1 F1800
G1 X48.986 Y49.473 E.01359
G1 X49.195 Y48.965 E.01409
G1 X49.631 Y48.373 E.01886
G1 X50.004 Y48.037 E.01288
G1 X50.475 Y47.761 E.014
G1 X50.995 Y47.582 E.01411
G1 X51.54 Y47.51 E.0141
G1 X52.088 Y47.548 E.01409
G1 X52.618 Y47.693 E.0141
G1 X53.108 Y47.94 E.01408
G1 X53.54 Y48.28 E.0141
G1 X53.897 Y48.698 E.0141
G1 X54.163 Y49.179 E.0141
G1 X54.328 Y49.703 E.01409
G1 X54.387 Y50.249 E.01409
G1 X54.336 Y50.796 E.01409
G1 X54.178 Y51.322 E.01409
G1 X53.918 Y51.807 E.01412
G1 X53.471 Y52.32 E.01746
G1 X53.024 Y52.648 E.01422
G1 X52.525 Y52.877 E.01409
G1 X51.99 Y53.003 E.0141
G1 X51.441 Y53.021 E.01409
G1 X50.899 Y52.929 E.0141
G1 X50.386 Y52.732 E.0141
G1 X49.922 Y52.437 E.01411
G1 X49.526 Y52.056 E.0141
G1 X49.214 Y51.604 E.01409
G1 X48.997 Y51.1 E.01408
G1 X48.884 Y50.562 E.0141
G1 X48.881 Y50.053 E.01306
G1 E-3.5 F3600
;WIPE_START
G1 F7200
G1 X48.884 Y49.993 E-.02854
G1 X48.986 Y49.473 E-.25171
G1 X49.195 Y48.965 E-.26092
G1 X49.631 Y48.373 E-.34923
G1 X50.004 Y48.037 E-.23846
G1 X50.475 Y47.761 E-.25931
G1 X50.698 Y47.685 E-.11183
;WIPE_END
G1 X57.116 Y60.257 F9000
G1 E5 F2400
;TYPE:Perimeter
;WIDTH:0.439999
G1 F3600
G1 X18.139 Y60.257 E1.05179
G1 X18.139 Y18.279 E1.13277
G1 X19.753 Y18.279 E.04355
G1 X20.126 Y18.155 E.01061
G1 X20.415 Y17.914 E.01015
G1 X20.603 Y17.549 E.01108
G1 X20.639 Y17.285 E.00719
G1 X20.639 Y15.279 E.05413
G1 X54.616 Y15.279 E.91686
G1 X54.616 Y17.285 E.05413
G1 X54.694 Y17.67 E.0106
G1 X54.898 Y17.979 E.00999
G1 X55.214 Y18.197 E.01036
G1 X55.611 Y18.279 E.01094
G1 X57.116 Y18.279 E.04061
G1 X57.116 Y60.197 E1.13115
G1 X57.522 Y60.662 F9000
G1 F3600
G1 X17.733 Y60.662 E1.0737
G1 X17.733 Y17.874 E1.15463
G1 X19.711 Y17.874 E.05338
G1 X19.98 Y17.769 E.00779
G1 X20.172 Y17.547 E.00792
G1 X20.233 Y17.285 E.00726
G1 X20.233 Y14.874 E.06506
G1 X55.022 Y14.874 E.93877
G1 X55.022 Y17.375 E.06749
G1 X55.151 Y17.653 E.00827
G1 X55.323 Y17.798 E.00607
G1 X55.611 Y17.874 E.00804
G1 X57.522 Y17.874 E.05157
G1 X57.522 Y60.602 E1.15301
G1 X57.918 Y61.058 F9000
;TYPE:External perimeter
;WIDTH:0.419999
G1 F1800
G1 X17.338 Y61.058 E1.04106
G1 X17.338 Y17.478 E1.11802
G1 X19.645 Y17.478 E.05918
G1 X19.77 Y17.432 E.00342
G1 X19.838 Y17.285 E.00416
G1 X19.838 Y14.478 E.07201
G1 X55.418 Y14.478 E.91278
G1 X55.418 Y17.285 E.07201
G1 X55.46 Y17.406 E.00329
G1 X55.611 Y17.478 E.00429
G1 X57.918 Y17.478 E.05918
G1 X57.918 Y60.998 E1.11648
G1 E-3.5 F3600
;WIPE_START
G1 F7200
G1 X57.918 Y61.058 E-.0285
G1 X54.82 Y61.058 E-1.4715
;WIPE_END
G1 X54.892 Y48.191 F9000
G1 E5 F2400
;TYPE:Internal infill
;WIDTH:0.44
G1 F3600
G1 X55.143 Y48.651 E.01414
G1 X55.394 Y49.379 E.02078
G1 X55.495 Y50.143 E.0208
G1 X55.483 Y50.51 E.00991
G1 X56.804 Y49.189 E.05041
G1 X56.804 Y49.295 E.00286
G1 X23.101 Y15.592 E1.28619
G1 X21.558 Y15.592 E.04164
G1 X20.951 Y16.198 E.02315
G1 X20.927 Y17.538 E.03617
G1 X20.816 Y17.866 E.00934
G1 X20.656 Y18.114 E.00796
G1 X20.391 Y18.359 E.00974
G1 X19.937 Y18.559 E.01339
G1 X18.558 Y18.592 E.03722
G1 X18.451 Y18.698 E.00406
G1 X18.451 Y18.592 E.00286
G1 X21.155 Y21.295 E.10317
G1 X21.884 Y20.809 E.02364
G1 X22.6 Y20.533 E.02071
G1 X23.47 Y20.398 E.02376
G1 X24.334 Y20.465 E.02338
G1 X29.207 Y15.592 E.18597
G1 X30.75 Y15.592 E.04164
G1 X56.804 Y41.646 E.99428
G1 X56.804 Y41.54 E.00286
G1 X51.925 Y46.419 E.18619
G1 X51.406 Y46.405 E.01401
G1 X50.756 Y46.493 E.0177
G1 X50.03 Y46.739 E.02069
G1 X49.604 Y46.984 E.01326
G1 E-3.5
;WIPE_START
G1 F7200
G1 X50.03 Y46.739 E-.23343
G1 X50.756 Y46.493 E-.36411
G1 X51.406 Y46.405 E-.31157
G1 X51.925 Y46.419 E-.24661
G1 X52.438 Y45.906 E-.34428
;WIPE_END
G1 X41.118 Y37.985 F9000
G1 E5 F2400
G1 F3600
G1 X40.991 Y38.478 E.01374
G1 X40.686 Y39.118 E.01913
G1 X40.25 Y39.697 E.01956
G1 X39.881 Y40.021 E.01325
G1 X48.247 Y48.387 E.31927
G1 X47.941 Y49.08 E.02044
G1 X47.771 Y49.898 E.02255
G1 X47.772 Y50.571 E.01816
G1 X38.399 Y59.944 E.3577
G1 X36.856 Y59.944 E.04164
G1 X27.477 Y50.565 E.35792
G1 X27.498 Y50.174 E.01057
G1 X27.426 Y49.503 E.01821
G1 X27.175 Y48.713 E.02237
G1 X26.998 Y48.398 E.00975
G1 X35.373 Y40.023 E.31961
G1 X34.696 Y39.312 E.02649
G1 X34.344 Y38.68 E.01952
G1 X34.127 Y37.99 E.01952
G1 X34.056 Y37.389 E.01633
G1 X34.095 Y36.726 E.01792
G1 X34.277 Y36.025 E.01954
G1 X34.596 Y35.375 E.01954
G1 X34.872 Y35.013 E.01228
G1 X26.591 Y26.732 E.31602
G1 X26.893 Y26.345 E.01325
G1 X27.171 Y25.832 E.01575
G1 X27.426 Y25.022 E.02292
G1 X36.856 Y15.592 E.35987
G1 X38.399 Y15.592 E.04164
G1 X47.855 Y25.048 E.36086
G1 X47.927 Y25.416 E.01012
G1 X48.227 Y26.125 E.02077
G1 X48.651 Y26.745 E.02027
G1 X40.38 Y35.016 E.31564
G1 X40.122 Y34.708 E.01084
G1 X39.559 Y34.26 E.01942
G1 X38.918 Y33.935 E.01939
G1 X38.345 Y33.777 E.01604
G1 E-3.5
;WIPE_START
G1 F7200
G1 X38.918 Y33.935 E-.28233
G1 X39.559 Y34.26 E-.34137
G1 X40.122 Y34.708 E-.34176
G1 X40.38 Y35.016 E-.19085
G1 X40.892 Y34.504 E-.34369
;WIPE_END
G1 X53.226 Y27.783 F9000
G1 E5 F2400
G1 F3600
G1 X52.741 Y27.974 E.01407
G1 X51.984 Y28.121 E.02081
G1 X51.331 Y28.131 E.01762
G1 X50.852 Y28.044 E.01314
G1 X56.804 Y33.997 E.22716
G1 X56.804 Y33.89 E.00289
G1 X30.75 Y59.944 E.99428
G1 X29.207 Y59.944 E.04164
G1 X23.394 Y54.131 E.22184
G1 X22.515 Y53.978 E.02408
G1 X21.746 Y53.649 E.02257
G1 X18.451 Y56.944 E.12574
G1 X18.451 Y56.838 E.00286
G1 X21.558 Y59.944 E.11855
G1 X23.101 Y59.944 E.04164
G1 X56.804 Y26.241 E1.28619
G1 X56.804 Y26.347 E.00286
G1 X55.434 Y24.977 E.05228
G1 X55.24 Y25.655 E.01903
G1 X54.893 Y26.345 E.02084
G1 X54.284 Y27.079 E.02574
G1 E-3.5
;WIPE_START
G1 F7200
G1 X54.893 Y26.345 E-.45303
G1 X55.24 Y25.655 E-.36686
G1 X55.434 Y24.977 E-.33497
G1 X55.948 Y25.491 E-.34514
;WIPE_END
G1 X20.142 Y22.597 F9000
G1 E5 F2400
G1 F3600
G1 X19.895 Y23.247 E.01876
G1 X19.792 Y23.759 E.01409
G1 X19.767 Y24.528 E.02076
G1 X19.83 Y24.968 E.01199
G1 X18.451 Y26.347 E.05263
G1 X18.451 Y26.241 E.00286
G1 X52.155 Y59.944 E1.2862
G1 X53.698 Y59.944 E.04164
G1 X56.804 Y56.838 E.11853
G1 X56.804 Y56.944 E.00286
G1 X53.508 Y53.648 E.12578
G1 X52.834 Y53.949 E.01992
G1 X51.869 Y54.124 E.02647
G1 X46.048 Y59.944 E.22212
G1 X44.505 Y59.944 E.04164
G1 X18.451 Y33.89 E.99428
G1 X18.451 Y33.997 E.00289
G1 X24.396 Y28.051 E.22689
G1 X23.985 Y28.121 E.01125
G1 X23.214 Y28.116 E.02081
G1 X22.7 Y28.025 E.01409
G1 X22.02 Y27.785 E.01946
G1 E-3.5
;WIPE_START
G1 F7200
G1 X22.7 Y28.025 E-.34253
G1 X23.214 Y28.116 E-.24795
G1 X23.985 Y28.121 E-.36623
G1 X24.396 Y28.051 E-.19804
G1 X23.882 Y28.565 E-.34525
;WIPE_END
G1 X21.111 Y47.329 F9000
G1 E5 F2400
G1 F3600
G1 X22.026 Y46.75 E.02922
G1 X22.729 Y46.509 E.02005
G1 X23.325 Y46.413 E.01629
G1 X18.451 Y41.54 E.18598
G1 X18.451 Y41.646 E.00286
G1 X44.505 Y15.592 E.99428
G1 X46.048 Y15.592 E.04164
G1 X50.923 Y20.466 E.18602
G1 X51.656 Y20.398 E.01986
G1 X52.294 Y20.452 E.01728
G1 X53.041 Y20.661 E.02093
G1 X53.73 Y21.014 E.02089
G1 X54.096 Y21.3 E.01253
G1 X56.804 Y18.592 E.10334
G1 X56.804 Y18.698 E.00286
G1 X56.696 Y18.59 E.00412
G1 X55.434 Y18.58 E.03406
G1 X54.971 Y18.425 E.01318
G1 X54.588 Y18.1 E.01355
G1 X54.328 Y17.538 E.01671
G1 X54.304 Y16.198 E.03617
G1 X53.698 Y15.592 E.02313
G1 X52.155 Y15.592 E.04164
G1 X18.451 Y49.295 E1.2862
G1 X18.451 Y49.189 E.00286
G1 X19.767 Y50.504 E.0502
G1 X19.969 Y51.527 E.02814
G1 X20.291 Y52.227 E.02079
G1 X20.645 Y52.731 E.01662
;LAYER_CHANGE
;Z:1.64
;HEIGHT:0.16
;BEFORE_LAYER_CHANGE
G92 E0
;1.64


G1 E-3.5 F3600
;WIPE_START
G1 F7200
G1 X20.291 Y52.227 E-.29255
G1 X19.969 Y51.527 E-.36599
G1 X19.767 Y50.504 E-.49531
G1 X19.252 Y49.989 E-.34615
;WIPE_END
G1 Z1.64 F9000
;AFTER_LAYER_CHANGE
;1.64
G1 X35.251 Y39.473
G1 E5 F2400
;TYPE:Perimeter
;WIDTH:0.439999
G1 F1800
G1 X34.993 Y39.184 E.01045
G1 X34.665 Y38.624 E.01751
G1 X34.455 Y38.01 E.01751
G1 X34.375 Y37.46 E.015
G1 X34.393 Y36.874 E.01582
G1 X34.534 Y36.247 E.01734
G1 X34.797 Y35.654 E.01751
G1 X35.134 Y35.177 E.01576
G1 X35.646 Y34.682 E.01922
G1 X36.198 Y34.34 E.01752
G1 X36.807 Y34.115 E.01752
G1 X37.448 Y34.015 E.01751
G1 X37.98 Y34.035 E.01437
G1 X38.291 Y34.078 E.00847
G1 X38.807 Y34.227 E.01449
G1 X39.311 Y34.479 E.01521
G1 X39.813 Y34.854 E.01691
G1 X40.263 Y35.352 E.01811
G1 X40.59 Y35.912 E.0175
G1 X40.8 Y36.526 E.01751
G1 X40.884 Y37.169 E.0175
G1 X40.839 Y37.816 E.0175
G1 X40.667 Y38.442 E.01752
G1 X40.374 Y39.021 E.01751
G1 X40.001 Y39.5 E.01638
G1 X39.597 Y39.865 E.01469
G1 X39.057 Y40.196 E.01709
G1 X38.449 Y40.421 E.01749
G1 X37.808 Y40.521 E.01751
G1 X37.16 Y40.492 E.0175
G1 X36.53 Y40.336 E.01751
G1 X35.944 Y40.057 E.01751
G1 X35.425 Y39.668 E.0175
G1 X35.291 Y39.518 E.00543
G1 X35.545 Y39.2 F9000
G1 F1800
G1 X35.304 Y38.924 E.00989
G1 X35.022 Y38.43 E.01535
G1 X34.843 Y37.891 E.01533
G1 X34.774 Y37.363 E.01437
G1 X34.803 Y36.85 E.01387
G1 X34.927 Y36.347 E.01398
G1 X35.163 Y35.83 E.01534
G1 X35.458 Y35.422 E.01359
G1 X35.915 Y34.986 E.01704
G1 X36.401 Y34.692 E.01533
G1 X36.936 Y34.5 E.01534
G1 X37.498 Y34.418 E.01533
G1 X38.065 Y34.448 E.01532
G1 X38.615 Y34.591 E.01534
G1 X39.126 Y34.84 E.01534
G1 X39.56 Y35.171 E.01473
G1 X39.952 Y35.613 E.01594
G1 X40.234 Y36.106 E.01533
G1 X40.412 Y36.645 E.01532
G1 X40.481 Y37.209 E.01533
G1 X40.436 Y37.776 E.01535
G1 X40.279 Y38.322 E.01533
G1 X40.018 Y38.827 E.01534
G1 X39.689 Y39.241 E.01427
G1 X39.29 Y39.59 E.0143
G1 X38.854 Y39.844 E.01362
G1 X38.32 Y40.036 E.01531
G1 X37.757 Y40.119 E.01536
G1 X37.19 Y40.088 E.01532
G1 X36.64 Y39.945 E.01534
G1 X36.129 Y39.696 E.01534
G1 X35.678 Y39.351 E.01532
G1 X35.585 Y39.245 E.00381
G1 X35.831 Y38.935 F9000
;TYPE:External perimeter
;WIDTH:0.419999
G1 F1800
G1 X35.585 Y38.637 E.00991
G1 X35.354 Y38.206 E.01255
G1 X35.214 Y37.74 E.01248
G1 X35.17 Y37.335 E.01045
G1 X35.195 Y36.904 E.01108
G1 X35.32 Y36.416 E.01292
G1 X35.539 Y35.969 E.01277
G1 X35.838 Y35.581 E.01257
G1 X36.208 Y35.26 E.01257
G1 X36.634 Y35.019 E.01256
G1 X37.218 Y34.851 E.01559
G1 X37.586 Y34.809 E.0095
G1 X38.074 Y34.85 E.01256
G1 X38.544 Y34.986 E.01255
G1 X38.978 Y35.213 E.01257
G1 X39.358 Y35.521 E.01255
G1 X39.689 Y35.933 E.01356
G1 X39.932 Y36.432 E.01424
G1 X40.042 Y36.8 E.00985
G1 X40.087 Y37.287 E.01255
G1 X40.034 Y37.774 E.01257
G1 X39.886 Y38.241 E.01257
G1 X39.628 Y38.694 E.01337
G1 X39.361 Y39.012 E.01065
G1 X38.987 Y39.311 E.01228
G1 X38.488 Y39.562 E.01433
G1 X37.99 Y39.691 E.0132
G1 X37.67 Y39.727 E.00826
G1 X37.182 Y39.686 E.01256
G1 X36.711 Y39.55 E.01258
G1 X36.277 Y39.323 E.01257
G1 X35.897 Y39.015 E.01255
G1 X35.869 Y38.981 E.00113
G1 E-3.5 F3600
;WIPE_START
G1 F7200
G1 X35.831 Y38.935 E-.02834
G1 X35.585 Y38.637 E-.18355
G1 X35.354 Y38.206 E-.23228
G1 X35.214 Y37.74 E-.23112
G1 X35.17 Y37.335 E-.19351
G1 X35.195 Y36.904 E-.20507
G1 X35.32 Y36.416 E-.23928
G1 X35.493 Y36.063 E-.18685
;WIPE_END
G1 X25.835 Y27.036 F9000
G1 E5 F2400
;TYPE:Perimeter
;WIDTH:0.439999
G1 F1800
G1 X25.492 Y27.299 E.01166
G1 X24.854 Y27.608 E.01913
G1 X24.168 Y27.785 E.01912
G1 X23.461 Y27.822 E.0191
G1 X22.76 Y27.718 E.01912
G1 X22.093 Y27.478 E.01913
G1 X21.488 Y27.11 E.01911
G1 X20.967 Y26.63 E.01912
G1 X20.552 Y26.056 E.01911
G1 X20.258 Y25.411 E.01913
G1 X20.082 Y24.52 E.02451
G1 X20.097 Y23.83 E.01862
G1 X20.252 Y23.145 E.01895
G1 X20.541 Y22.498 E.01912
G1 X20.953 Y21.922 E.01911
G1 X21.471 Y21.438 E.01913
G1 X22.075 Y21.067 E.01913
G1 X22.74 Y20.823 E.01911
G1 X23.44 Y20.715 E.01911
G1 X24.148 Y20.748 E.01913
G1 X24.835 Y20.921 E.01912
G1 X25.474 Y21.227 E.01912
G1 X26.04 Y21.653 E.01912
G1 X26.51 Y22.183 E.01912
G1 X26.866 Y22.795 E.01911
G1 X27.094 Y23.466 E.01912
G1 X27.184 Y24.169 E.01913
G1 X27.133 Y24.876 E.01913
G1 X26.883 Y25.699 E.02321
G1 X26.522 Y26.337 E.01978
G1 X26.055 Y26.869 E.0191
G1 X25.883 Y27 E.00583
G1 X25.585 Y26.722 F9000
G1 F1800
G1 X25.255 Y26.969 E.01112
G1 X24.687 Y27.238 E.01696
G1 X24.078 Y27.389 E.01693
G1 X23.451 Y27.416 E.01694
G1 X22.83 Y27.319 E.01696
G1 X22.242 Y27.1 E.01693
G1 X21.708 Y26.77 E.01694
G1 X21.25 Y26.34 E.01695
G1 X20.887 Y25.827 E.01696
G1 X20.632 Y25.253 E.01695
G1 X20.482 Y24.453 E.02196
G1 X20.502 Y23.853 E.0162
G1 X20.645 Y23.245 E.01685
G1 X20.907 Y22.674 E.01695
G1 X21.277 Y22.167 E.01694
G1 X21.74 Y21.742 E.01696
G1 X22.278 Y21.418 E.01695
G1 X22.869 Y21.207 E.01693
G1 X23.491 Y21.118 E.01696
G1 X24.117 Y21.153 E.01692
G1 X24.725 Y21.312 E.01696
G1 X25.289 Y21.588 E.01694
G1 X25.787 Y21.97 E.01694
G1 X26.2 Y22.444 E.01696
G1 X26.51 Y22.989 E.01692
G1 X26.706 Y23.586 E.01696
G1 X26.78 Y24.209 E.01693
G1 X26.73 Y24.836 E.01697
G1 X26.498 Y25.569 E.02075
G1 X26.176 Y26.125 E.01734
G1 X25.758 Y26.593 E.01693
G1 X25.633 Y26.686 E.0042
G1 X25.341 Y26.416 F9000
;TYPE:External perimeter
;WIDTH:0.419999
G1 F1800
G1 X25.024 Y26.648 E.01008
G1 X24.525 Y26.877 E.01409
G1 X23.99 Y27.003 E.0141
G1 X23.441 Y27.021 E.01409
G1 X22.899 Y26.929 E.0141
G1 X22.386 Y26.732 E.0141
G1 X21.922 Y26.437 E.01411
G1 X21.526 Y26.056 E.0141
G1 X21.214 Y25.604 E.01409
G1 X20.997 Y25.1 E.01408
G1 X20.872 Y24.388 E.01855
G1 X20.897 Y23.875 E.01318
G1 X21.028 Y23.342 E.01408
G1 X21.263 Y22.846 E.01408
G1 X21.592 Y22.405 E.01412
G1 X22.002 Y22.039 E.0141
G1 X22.475 Y21.761 E.01408
G1 X22.995 Y21.582 E.01411
G1 X23.54 Y21.51 E.0141
G1 X24.088 Y21.548 E.01409
G1 X24.618 Y21.693 E.0141
G1 X25.108 Y21.94 E.01408
G1 X25.54 Y22.28 E.0141
G1 X25.897 Y22.698 E.0141
G1 X26.163 Y23.179 E.0141
G1 X26.328 Y23.703 E.01409
G1 X26.387 Y24.249 E.01409
G1 X26.336 Y24.796 E.01409
G1 X26.123 Y25.443 E.01747
G1 X25.839 Y25.919 E.01422
G1 X25.468 Y26.324 E.01409
G1 X25.389 Y26.381 E.0025
G1 E-3.5 F3600
;WIPE_START
G1 F7200
G1 X25.341 Y26.416 E-.02822
G1 X25.024 Y26.648 E-.18659
G1 X24.525 Y26.877 E-.26079
G1 X23.99 Y27.003 E-.26108
G1 X23.441 Y27.021 E-.26092
G1 X22.899 Y26.929 E-.26113
G1 X22.425 Y26.747 E-.24127
;WIPE_END
G1 X48.099 Y24.621 F9000
G1 E5 F2400
;TYPE:Perimeter
;WIDTH:0.439999
G1 F1800
G1 X48.082 Y24.52 E.00276
G1 X48.097 Y23.83 E.01862
G1 X48.252 Y23.145 E.01895
G1 X48.541 Y22.498 E.01912
G1 X48.953 Y21.922 E.01911
G1 X49.471 Y21.438 E.01913
G1 X50.075 Y21.067 E.01913
G1 X50.74 Y20.823 E.01911
G1 X51.44 Y20.715 E.01911
G1 X51.992 Y20.729 E.0149
G1 X52.496 Y20.818 E.01381
G1 X53.162 Y21.058 E.0191
G1 X53.768 Y21.426 E.01913
G1 X54.288 Y21.906 E.0191
G1 X54.704 Y22.48 E.01913
G1 X54.997 Y23.125 E.01912
G1 X55.157 Y23.815 E.01911
G1 X55.176 Y24.524 E.01914
G1 X55.055 Y25.222 E.01912
G1 X54.669 Y26.106 E.02603
G1 X54.522 Y26.332 E.00728
G1 X54.077 Y26.844 E.01831
G1 X53.492 Y27.299 E.02
G1 X52.854 Y27.608 E.01913
G1 X52.168 Y27.785 E.01912
G1 X51.461 Y27.822 E.0191
G1 X50.76 Y27.718 E.01912
G1 X50.093 Y27.478 E.01913
G1 X49.488 Y27.11 E.01911
G1 X48.983 Y26.645 E.01852
G1 X48.552 Y26.056 E.01969
G1 X48.315 Y25.546 E.01518
G1 X48.194 Y25.189 E.01017
G1 X48.109 Y24.68 E.01393
G1 X48.506 Y24.581 F9000
G1 F1800
G1 X48.482 Y24.453 E.00351
G1 X48.502 Y23.853 E.0162
G1 X48.645 Y23.245 E.01685
G1 X48.907 Y22.674 E.01695
G1 X49.277 Y22.167 E.01694
G1 X49.74 Y21.742 E.01696
G1 X50.278 Y21.418 E.01695
G1 X50.869 Y21.207 E.01693
G1 X51.491 Y21.118 E.01696
G1 X51.922 Y21.128 E.01163
G1 X52.425 Y21.217 E.01378
G1 X53.014 Y21.436 E.01696
G1 X53.548 Y21.767 E.01695
G1 X54.005 Y22.197 E.01693
G1 X54.369 Y22.709 E.01695
G1 X54.623 Y23.283 E.01694
G1 X54.759 Y23.896 E.01694
G1 X54.771 Y24.524 E.01695
G1 X54.658 Y25.141 E.01693
G1 X54.303 Y25.932 E.0234
G1 X53.771 Y26.578 E.02258
G1 X53.255 Y26.969 E.01747
G1 X52.687 Y27.238 E.01696
G1 X52.078 Y27.389 E.01693
G1 X51.451 Y27.416 E.01694
G1 X50.83 Y27.319 E.01696
G1 X50.242 Y27.1 E.01693
G1 X49.708 Y26.77 E.01694
G1 X49.266 Y26.355 E.01636
G1 X48.887 Y25.827 E.01754
G1 X48.632 Y25.253 E.01695
G1 X48.517 Y24.64 E.01683
G1 X48.899 Y24.541 F9000
;TYPE:External perimeter
;WIDTH:0.419999
G1 F1800
G1 X48.872 Y24.388 E.00399
G1 X48.897 Y23.875 E.01318
G1 X49.028 Y23.342 E.01408
G1 X49.263 Y22.846 E.01408
G1 X49.592 Y22.405 E.01412
G1 X50.002 Y22.039 E.0141
G1 X50.475 Y21.761 E.01408
G1 X50.995 Y21.582 E.01411
G1 X51.54 Y21.51 E.0141
G1 X51.853 Y21.518 E.00803
G1 X52.356 Y21.607 E.0131
G1 X52.869 Y21.804 E.0141
G1 X53.333 Y22.099 E.01411
G1 X53.729 Y22.48 E.0141
G1 X54.042 Y22.932 E.0141
G1 X54.259 Y23.436 E.01408
G1 X54.371 Y23.974 E.0141
G1 X54.375 Y24.524 E.01411
G1 X54.27 Y25.063 E.01409
G1 X53.945 Y25.763 E.0198
G1 X53.472 Y26.319 E.01873
G1 X53.024 Y26.648 E.01426
G1 X52.525 Y26.877 E.01409
G1 X51.99 Y27.003 E.0141
G1 X51.441 Y27.021 E.01409
G1 X50.899 Y26.929 E.0141
G1 X50.386 Y26.732 E.0141
G1 X49.922 Y26.437 E.01411
G1 X49.542 Y26.072 E.01352
G1 X49.214 Y25.604 E.01466
G1 X48.997 Y25.1 E.01408
G1 X48.91 Y24.6 E.01302
G1 E-3.5 F3600
;WIPE_START
G1 F7200
G1 X48.899 Y24.541 E-.02851
G1 X48.872 Y24.388 E-.0738
G1 X48.897 Y23.875 E-.24396
G1 X49.028 Y23.342 E-.26071
G1 X49.263 Y22.846 E-.26071
G1 X49.592 Y22.405 E-.26135
G1 X50.002 Y22.039 E-.26106
G1 X50.202 Y21.922 E-.1099
;WIPE_END
G1 X51.187 Y46.754 F9000
G1 E5 F2400
;TYPE:Perimeter
;WIDTH:0.439999
G1 F1800
G1 X51.44 Y46.715 E.00691
G1 X51.992 Y46.729 E.0149
G1 X52.496 Y46.818 E.01381
G1 X53.162 Y47.058 E.0191
G1 X53.768 Y47.426 E.01913
G1 X54.288 Y47.906 E.0191
G1 X54.704 Y48.48 E.01913
G1 X54.997 Y49.125 E.01912
G1 X55.157 Y49.815 E.01911
G1 X55.176 Y50.524 E.01914
G1 X55.055 Y51.222 E.01912
G1 X54.669 Y52.106 E.02603
G1 X54.522 Y52.332 E.00728
G1 X54.077 Y52.844 E.01831
G1 X53.492 Y53.299 E.02
G1 X52.854 Y53.608 E.01913
G1 X52.168 Y53.785 E.01912
G1 X51.461 Y53.822 E.0191
G1 X50.76 Y53.718 E.01912
G1 X50.093 Y53.478 E.01913
G1 X49.488 Y53.11 E.01911
G1 X48.967 Y52.63 E.01912
G1 X48.552 Y52.056 E.01911
G1 X48.258 Y51.411 E.01913
G1 X48.082 Y50.52 E.02451
G1 X48.097 Y49.83 E.01862
G1 X48.252 Y49.145 E.01895
G1 X48.541 Y48.498 E.01912
G1 X48.843 Y48.067 E.0142
G1 X49.114 Y47.754 E.01117
G1 X49.52 Y47.398 E.01457
G1 X50.075 Y47.067 E.01744
G1 X50.74 Y46.823 E.01911
G1 X51.128 Y46.763 E.01059
G1 X51.238 Y47.154 F9000
G1 F1800
G1 X51.491 Y47.118 E.0069
G1 X51.922 Y47.128 E.01163
G1 X52.425 Y47.217 E.01378
G1 X53.014 Y47.436 E.01696
G1 X53.548 Y47.767 E.01695
G1 X54.005 Y48.197 E.01693
G1 X54.369 Y48.709 E.01695
G1 X54.623 Y49.283 E.01694
G1 X54.759 Y49.896 E.01694
G1 X54.771 Y50.524 E.01695
G1 X54.658 Y51.141 E.01693
G1 X54.303 Y51.932 E.0234
G1 X53.771 Y52.578 E.02258
G1 X53.255 Y52.969 E.01747
G1 X52.687 Y53.238 E.01696
G1 X52.078 Y53.389 E.01693
G1 X51.451 Y53.416 E.01694
G1 X50.83 Y53.319 E.01696
G1 X50.242 Y53.1 E.01693
G1 X49.708 Y52.77 E.01694
G1 X49.25 Y52.34 E.01695
G1 X48.887 Y51.827 E.01696
G1 X48.632 Y51.253 E.01695
G1 X48.482 Y50.453 E.02196
G1 X48.502 Y49.853 E.0162
G1 X48.645 Y49.245 E.01685
G1 X48.907 Y48.674 E.01695
G1 X49.277 Y48.167 E.01694
G1 X49.74 Y47.742 E.01696
G1 X50.278 Y47.418 E.01695
G1 X50.869 Y47.207 E.01693
G1 X51.178 Y47.163 E.00842
G1 X51.286 Y47.544 F9000
;TYPE:External perimeter
;WIDTH:0.419999
G1 F1800
G1 X51.54 Y47.51 E.00657
G1 X51.853 Y47.518 E.00803
G1 X52.356 Y47.607 E.0131
G1 X52.869 Y47.804 E.0141
G1 X53.333 Y48.099 E.01411
G1 X53.729 Y48.48 E.0141
G1 X54.042 Y48.932 E.0141
G1 X54.259 Y49.436 E.01408
G1 X54.371 Y49.974 E.0141
G1 X54.375 Y50.524 E.01411
G1 X54.27 Y51.063 E.01409
G1 X53.945 Y51.763 E.0198
G1 X53.472 Y52.319 E.01873
G1 X53.024 Y52.648 E.01426
G1 X52.525 Y52.877 E.01409
G1 X51.99 Y53.003 E.0141
G1 X51.441 Y53.021 E.01409
G1 X50.899 Y52.929 E.0141
G1 X50.386 Y52.732 E.0141
G1 X49.922 Y52.437 E.01411
G1 X49.526 Y52.056 E.0141
G1 X49.214 Y51.604 E.01409
G1 X48.997 Y51.1 E.01408
G1 X48.872 Y50.388 E.01855
G1 X48.897 Y49.875 E.01318
G1 X49.028 Y49.342 E.01408
G1 X49.263 Y48.846 E.01408
G1 X49.592 Y48.405 E.01412
G1 X50.002 Y48.039 E.0141
G1 X50.475 Y47.761 E.01408
G1 X50.995 Y47.582 E.01411
G1 X51.227 Y47.552 E.006
G1 E-3.5 F3600
;WIPE_START
G1 F7200
G1 X51.286 Y47.544 E-.02828
G1 X51.54 Y47.51 E-.12173
G1 X51.853 Y47.518 E-.14872
G1 X52.356 Y47.607 E-.24264
G1 X52.869 Y47.804 E-.26102
G1 X53.333 Y48.099 E-.26117
G1 X53.729 Y48.48 E-.26102
G1 X53.939 Y48.783 E-.17542
;WIPE_END
G1 X27.152 Y49.915 F9000
G1 E5 F2400
;TYPE:Perimeter
;WIDTH:0.439999
G1 F1800
G1 X27.184 Y50.169 E.00691
G1 X27.133 Y50.876 E.01913
G1 X26.883 Y51.699 E.02321
G1 X26.522 Y52.337 E.01978
G1 X26.055 Y52.869 E.0191
G1 X25.492 Y53.299 E.01912
G1 X24.854 Y53.608 E.01913
G1 X24.168 Y53.785 E.01912
G1 X23.461 Y53.822 E.0191
G1 X22.76 Y53.718 E.01912
G1 X22.093 Y53.478 E.01913
G1 X21.488 Y53.11 E.01911
G1 X20.967 Y52.63 E.01912
G1 X20.552 Y52.056 E.01911
G1 X20.258 Y51.411 E.01913
G1 X20.082 Y50.52 E.02451
G1 X20.097 Y49.83 E.01862
G1 X20.252 Y49.145 E.01895
G1 X20.541 Y48.498 E.01912
G1 X20.953 Y47.922 E.01911
G1 X21.471 Y47.438 E.01913
G1 X22.075 Y47.067 E.01913
G1 X22.74 Y46.823 E.01911
G1 X23.44 Y46.715 E.01911
G1 X24.148 Y46.748 E.01913
G1 X24.835 Y46.921 E.01912
G1 X25.474 Y47.227 E.01912
G1 X26.04 Y47.653 E.01912
G1 X26.51 Y48.183 E.01912
G1 X26.866 Y48.795 E.01911
G1 X27.094 Y49.466 E.01912
G1 X27.144 Y49.856 E.01061
G1 X26.75 Y49.956 F9000
G1 F1800
G1 X26.78 Y50.209 E.00687
G1 X26.73 Y50.836 E.01697
G1 X26.498 Y51.569 E.02075
G1 X26.176 Y52.125 E.01734
G1 X25.758 Y52.593 E.01693
G1 X25.255 Y52.969 E.01695
G1 X24.687 Y53.238 E.01696
G1 X24.078 Y53.389 E.01693
G1 X23.451 Y53.416 E.01694
G1 X22.83 Y53.319 E.01696
G1 X22.242 Y53.1 E.01693
G1 X21.708 Y52.77 E.01694
G1 X21.25 Y52.34 E.01695
G1 X20.887 Y51.827 E.01696
G1 X20.632 Y51.253 E.01695
G1 X20.482 Y50.453 E.02196
G1 X20.502 Y49.853 E.0162
G1 X20.645 Y49.245 E.01685
G1 X20.907 Y48.674 E.01695
G1 X21.277 Y48.167 E.01694
G1 X21.74 Y47.742 E.01696
G1 X22.278 Y47.418 E.01695
G1 X22.869 Y47.207 E.01693
G1 X23.491 Y47.118 E.01696
G1 X24.117 Y47.153 E.01692
G1 X24.725 Y47.312 E.01696
G1 X25.289 Y47.588 E.01694
G1 X25.787 Y47.97 E.01694
G1 X26.2 Y48.444 E.01696
G1 X26.51 Y48.989 E.01692
G1 X26.706 Y49.586 E.01696
G1 X26.743 Y49.896 E.00842
G1 X26.36 Y49.995 F9000
;TYPE:External perimeter
;WIDTH:0.419999
G1 F1800
G1 X26.387 Y50.249 E.00655
G1 X26.336 Y50.796 E.01409
G1 X26.123 Y51.443 E.01747
G1 X25.839 Y51.919 E.01422
G1 X25.468 Y52.324 E.01409
G1 X25.024 Y52.648 E.0141
G1 X24.525 Y52.877 E.01409
G1 X23.99 Y53.003 E.0141
G1 X23.441 Y53.021 E.01409
G1 X22.899 Y52.929 E.0141
G1 X22.386 Y52.732 E.0141
G1 X21.922 Y52.437 E.01411
G1 X21.526 Y52.056 E.0141
G1 X21.214 Y51.604 E.01409
G1 X20.997 Y51.1 E.01408
G1 X20.872 Y50.388 E.01855
G1 X20.897 Y49.875 E.01318
G1 X21.028 Y49.342 E.01408
G1 X21.263 Y48.846 E.01408
G1 X21.592 Y48.405 E.01412
G1 X22.002 Y48.039 E.0141
G1 X22.475 Y47.761 E.01408
G1 X22.995 Y47.582 E.01411
G1 X23.54 Y47.51 E.0141
G1 X24.088 Y47.548 E.01409
G1 X24.618 Y47.693 E.0141
G1 X25.108 Y47.94 E.01408
G1 X25.54 Y48.28 E.0141
G1 X25.897 Y48.698 E.0141
G1 X26.163 Y49.179 E.0141
G1 X26.328 Y49.703 E.01409
G1 X26.353 Y49.935 E.00599
G1 E-3.5 F3600
;WIPE_START
G1 F7200
G1 X26.36 Y49.995 E-.02869
G1 X26.387 Y50.249 E-.12133
G1 X26.336 Y50.796 E-.26095
G1 X26.123 Y51.443 E-.32355
G1 X25.839 Y51.919 E-.26329
G1 X25.468 Y52.324 E-.26089
G1 X25.057 Y52.623 E-.2413
;WIPE_END
G1 X18.139 Y60.257 F9000
G1 E5 F2400
;TYPE:Perimeter
;WIDTH:0.439999
G1 F3600
G1 X18.139 Y18.279 E1.13277
G1 X19.748 Y18.279 E.04342
G1 X20.046 Y18.195 E.00835
G1 X20.359 Y17.977 E.01029
G1 X20.563 Y17.667 E.01001
G1 X20.639 Y17.285 E.01051
G1 X20.639 Y15.279 E.05413
G1 X54.616 Y15.279 E.91686
G1 X54.616 Y17.424 E.05788
G1 X54.731 Y17.749 E.0093
G1 X54.967 Y18.043 E.01017
G1 X55.224 Y18.201 E.00814
G1 X55.611 Y18.279 E.01065
G1 X57.116 Y18.279 E.04061
G1 X57.116 Y60.257 E1.13277
G1 X18.199 Y60.257 E1.05017
G1 X17.733 Y60.662 F9000
G1 F3600
G1 X17.733 Y17.874 E1.15463
G1 X19.711 Y17.874 E.05338
G1 X19.978 Y17.77 E.00773
G1 X20.164 Y17.562 E.00753
G1 X20.233 Y17.285 E.0077
G1 X20.233 Y14.874 E.06506
G1 X55.022 Y14.874 E.93877
G1 X55.022 Y17.371 E.06738
G1 X55.119 Y17.609 E.00694
G1 X55.326 Y17.8 E.0076
G1 X55.611 Y17.874 E.00795
G1 X57.522 Y17.874 E.05157
G1 X57.522 Y60.662 E1.15463
G1 X17.793 Y60.662 E1.07208
G1 X17.338 Y61.058 F9000
;TYPE:External perimeter
;WIDTH:0.419999
G1 F1800
G1 X17.338 Y17.478 E1.11802
G1 X19.645 Y17.478 E.05918
G1 X19.769 Y17.432 E.00339
G1 X19.838 Y17.285 E.00417
G1 X19.838 Y14.478 E.07201
G1 X55.418 Y14.478 E.91278
G1 X55.418 Y17.285 E.07201
G1 X55.461 Y17.407 E.00332
G1 X55.611 Y17.478 E.00426
G1 X57.918 Y17.478 E.05918
G1 X57.918 Y61.058 E1.11802
G1 X17.398 Y61.058 E1.03952
G1 E-3.5 F3600
;WIPE_START
G1 F7200
G1 X17.338 Y61.058 E-.0285
G1 X17.338 Y57.96 E-1.4715
;WIPE_END
G1 X20.647 Y52.733 F9000
G1 E5 F2400
;TYPE:Internal infill
;WIDTH:0.44
G1 F3600
G1 X20.291 Y52.227 E.0167
G1 X19.968 Y51.527 E.0208
G1 X19.768 Y50.506 E.02808
G1 X18.451 Y49.189 E.05026
G1 X18.451 Y49.295 E.00286
G1 X52.155 Y15.592 E1.2862
G1 X53.698 Y15.592 E.04164
G1 X54.304 Y16.198 E.02313
G1 X54.328 Y17.535 E.03608
G1 X54.455 Y17.897 E.01035
G1 X54.865 Y18.359 E.01667
G1 X55.318 Y18.559 E.01336
G1 X56.698 Y18.592 E.03725
G1 X56.804 Y18.698 E.00405
G1 X56.804 Y18.592 E.00286
G1 X54.103 Y21.293 E.10308
G1 X53.394 Y20.82 E.023
G1 X52.673 Y20.537 E.0209
G1 X51.954 Y20.408 E.01971
G1 X50.923 Y20.466 E.02787
G1 X46.048 Y15.592 E.18602
G1 X44.505 Y15.592 E.04164
G1 X18.451 Y41.646 E.99428
G1 X18.451 Y41.54 E.00286
G1 X23.326 Y46.415 E.18604
G1 X22.646 Y46.525 E.01859
G1 X22.151 Y46.691 E.01409
G1 X21.471 Y47.055 E.02081
G1 X21.118 Y47.333 E.01212
G1 E-3.5
;WIPE_START
G1 F7200
G1 X21.471 Y47.055 E-.21343
G1 X22.151 Y46.691 E-.36637
G1 X22.646 Y46.525 E-.24799
G1 X23.326 Y46.415 E-.3272
G1 X22.812 Y45.901 E-.34501
;WIPE_END
G1 X20.149 Y22.593 F9000
G1 E5 F2400
G1 F3600
G1 X19.951 Y23.062 E.01374
G1 X19.785 Y23.807 E.0206
G1 X19.756 Y24.358 E.01489
G1 X19.839 Y24.96 E.0164
G1 X18.451 Y26.347 E.05295
G1 X18.451 Y26.241 E.00286
G1 X52.155 Y59.944 E1.2862
G1 X53.698 Y59.944 E.04164
G1 X56.804 Y56.838 E.11853
G1 X56.804 Y56.944 E.00286
G1 X53.508 Y53.648 E.12578
G1 X52.834 Y53.949 E.01992
G1 X51.869 Y54.124 E.02647
G1 X46.048 Y59.944 E.22212
G1 X44.505 Y59.944 E.04164
G1 X18.451 Y33.89 E.99428
G1 X18.451 Y33.997 E.00289
G1 X24.396 Y28.051 E.22689
G1 X23.985 Y28.121 E.01125
G1 X23.214 Y28.116 E.02081
G1 X22.7 Y28.025 E.01409
G1 X22.02 Y27.785 E.01946
G1 E-3.5
;WIPE_START
G1 F7200
G1 X22.7 Y28.025 E-.34253
G1 X23.214 Y28.116 E-.24795
G1 X23.985 Y28.121 E-.36623
G1 X24.396 Y28.051 E-.19804
G1 X23.882 Y28.565 E-.34525
;WIPE_END
G1 X34.127 Y37.988 F9000
G1 E5 F2400
G1 F3600
G1 X34.344 Y38.68 E.01957
G1 X34.696 Y39.312 E.01952
G1 X35.373 Y40.023 E.02649
G1 X26.998 Y48.398 E.31961
G1 X27.175 Y48.713 E.00975
G1 X27.426 Y49.503 E.02237
G1 X27.498 Y50.174 E.01821
G1 X27.476 Y50.565 E.01057
G1 X36.856 Y59.944 E.35794
G1 X38.399 Y59.944 E.04164
G1 X47.778 Y50.566 E.35791
G1 X47.798 Y49.683 E.02383
G1 X47.989 Y48.937 E.02078
G1 X48.252 Y48.392 E.01633
G1 X39.883 Y40.024 E.31936
G1 X40.178 Y39.771 E.01049
G1 X40.606 Y39.243 E.01834
G1 X40.94 Y38.61 E.01931
G1 X41.127 Y37.995 E.01735
G1 X41.202 Y37.268 E.01972
G1 X41.132 Y36.562 E.01914
G1 X40.926 Y35.891 E.01894
G1 X40.584 Y35.259 E.01939
G1 X40.38 Y35.016 E.00856
G1 X48.651 Y26.745 E.31564
G1 X48.227 Y26.125 E.02027
G1 X47.927 Y25.415 E.0208
G1 X47.863 Y25.056 E.00984
G1 X38.399 Y15.592 E.36117
G1 X36.856 Y15.592 E.04164
G1 X27.418 Y25.03 E.36018
G1 X27.127 Y25.93 E.02552
G1 X26.599 Y26.74 E.02609
G1 X34.873 Y35.013 E.31574
G1 X35.516 Y34.385 E.02425
G1 X36.167 Y34.006 E.02033
G1 X36.909 Y33.776 E.02096
G1 E-3.5
;WIPE_START
G1 F7200
G1 X36.167 Y34.006 E-.36899
G1 X35.516 Y34.385 E-.35781
G1 X34.873 Y35.013 E-.42693
G1 X34.358 Y34.498 E-.34627
;WIPE_END
G1 X53.226 Y27.783 F9000
G1 E5 F2400
G1 F3600
G1 X52.741 Y27.974 E.01407
G1 X51.984 Y28.121 E.02081
G1 X51.331 Y28.131 E.01762
G1 X50.852 Y28.044 E.01314
G1 X56.804 Y33.997 E.22716
G1 X56.804 Y33.89 E.00289
G1 X30.75 Y59.944 E.99428
G1 X29.207 Y59.944 E.04164
G1 X23.394 Y54.131 E.22184
G1 X22.515 Y53.978 E.02408
G1 X21.746 Y53.649 E.02257
G1 X18.451 Y56.944 E.12574
G1 X18.451 Y56.838 E.00286
G1 X21.558 Y59.944 E.11855
G1 X23.101 Y59.944 E.04164
G1 X56.804 Y26.241 E1.28619
G1 X56.804 Y26.347 E.00286
G1 X55.425 Y24.968 E.05263
G1 X55.265 Y25.577 E.01699
G1 X54.948 Y26.246 E.01998
G1 X54.286 Y27.075 E.02863
G1 E-3.5
;WIPE_START
G1 F7200
G1 X54.948 Y26.246 E-.50392
G1 X55.265 Y25.577 E-.35164
G1 X55.425 Y24.968 E-.29909
G1 X55.939 Y25.482 E-.34535
;WIPE_END
G1 X49.609 Y46.984 F9000
G1 E5 F2400
G1 F3600
G1 X49.992 Y46.757 E.01201
G1 X50.755 Y46.493 E.02179
G1 X51.405 Y46.405 E.0177
G1 X51.929 Y46.414 E.01414
G1 X56.804 Y41.54 E.18602
G1 X56.804 Y41.646 E.00286
G1 X30.75 Y15.592 E.99428
G1 X29.207 Y15.592 E.04164
G1 X24.334 Y20.465 E.18597
G1 X23.471 Y20.398 E.02336
G1 X22.771 Y20.49 E.01905
G1 X22.036 Y20.736 E.02092
G1 X21.365 Y21.123 E.0209
G1 X21.16 Y21.301 E.00733
G1 X18.451 Y18.592 E.10338
G1 X18.451 Y18.698 E.00286
G1 X18.559 Y18.59 E.00412
G1 X19.823 Y18.58 E.03411
G1 X20.3 Y18.416 E.01361
G1 X20.584 Y18.195 E.00971
G1 X20.799 Y17.899 E.00987
G1 X20.927 Y17.539 E.01031
G1 X20.951 Y16.198 E.03619
G1 X21.558 Y15.592 E.02315
G1 X23.101 Y15.592 E.04164
G1 X56.804 Y49.295 E1.28619
G1 X56.804 Y49.189 E.00286
G1 X55.489 Y50.504 E.05018
G1 X55.464 Y49.759 E.02012
G1 X55.36 Y49.247 E.0141
G1 X55.084 Y48.528 E.02078
G1 X54.883 Y48.189 E.01063
;LAYER_CHANGE
;Z:1.8
;HEIGHT:0.16
;BEFORE_LAYER_CHANGE
G92 E0
;1.8


G1 E-3.5 F3600
;WIPE_START
G1 F7200
G1 X55.084 Y48.528 E-.1872
G1 X55.36 Y49.247 E-.36582
G1 X55.464 Y49.759 E-.24817
G1 X55.489 Y50.504 E-.35407
G1 X56.002 Y49.991 E-.34474
;WIPE_END
G1 Z1.8 F9000
;AFTER_LAYER_CHANGE
;1.8
G1 X40.41 Y38.969
G1 E5 F2400
;TYPE:Perimeter
;WIDTH:0.439999
G1 F1800
G1 X40.082 Y39.41 E.01483
G1 X39.609 Y39.854 E.01751
G1 X39.113 Y40.163 E.01577
G1 X38.449 Y40.421 E.01922
G1 X37.808 Y40.521 E.01751
G1 X37.16 Y40.492 E.0175
G1 X36.53 Y40.336 E.01751
G1 X35.944 Y40.057 E.01751
G1 X35.425 Y39.668 E.0175
G1 X34.993 Y39.184 E.01751
G1 X34.665 Y38.624 E.01751
G1 X34.455 Y38.01 E.01751
G1 X34.375 Y37.456 E.0151
G1 X34.393 Y36.874 E.01571
G1 X34.534 Y36.247 E.01734
G1 X34.797 Y35.654 E.01751
G1 X35.173 Y35.126 E.01749
G1 X35.646 Y34.682 E.01751
G1 X36.198 Y34.34 E.01752
G1 X36.807 Y34.115 E.01752
G1 X37.448 Y34.015 E.01751
G1 X37.987 Y34.036 E.01456
G1 X38.291 Y34.078 E.00828
G1 X38.807 Y34.227 E.01449
G1 X39.311 Y34.479 E.01521
G1 X39.813 Y34.854 E.01691
G1 X40.263 Y35.352 E.01811
G1 X40.59 Y35.912 E.0175
G1 X40.8 Y36.526 E.01751
G1 X40.882 Y37.123 E.01626
G1 X40.862 Y37.67 E.01477
G1 X40.752 Y38.168 E.01376
G1 X40.654 Y38.475 E.0087
G1 X40.437 Y38.915 E.01324
G1 X40.051 Y38.749 F9000
G1 F1800
G1 X39.759 Y39.166 E.01374
G1 X39.341 Y39.55 E.01532
G1 X38.91 Y39.812 E.01361
G1 X38.32 Y40.036 E.01703
G1 X37.757 Y40.119 E.01536
G1 X37.19 Y40.088 E.01532
G1 X36.64 Y39.945 E.01534
G1 X36.129 Y39.696 E.01534
G1 X35.678 Y39.351 E.01532
G1 X35.304 Y38.924 E.01532
G1 X35.022 Y38.43 E.01535
G1 X34.843 Y37.891 E.01533
G1 X34.778 Y37.409 E.01312
G1 X34.798 Y36.897 E.01383
G1 X34.927 Y36.347 E.01524
G1 X35.163 Y35.83 E.01534
G1 X35.497 Y35.371 E.01532
G1 X35.915 Y34.986 E.01534
G1 X36.401 Y34.692 E.01533
G1 X36.936 Y34.5 E.01534
G1 X37.498 Y34.418 E.01533
G1 X38.065 Y34.448 E.01532
G1 X38.615 Y34.591 E.01534
G1 X39.126 Y34.84 E.01534
G1 X39.56 Y35.171 E.01473
G1 X39.952 Y35.613 E.01594
G1 X40.234 Y36.106 E.01533
G1 X40.412 Y36.645 E.01532
G1 X40.479 Y37.166 E.01417
G1 X40.453 Y37.686 E.01405
G1 X40.329 Y38.189 E.01398
G1 X40.116 Y38.656 E.01385
G1 X40.086 Y38.7 E.00144
G1 X39.725 Y38.549 F9000
;TYPE:External perimeter
;WIDTH:0.419999
G1 F1800
G1 X39.716 Y38.567 E.00052
G1 X39.412 Y38.96 E.01275
G1 X39.048 Y39.276 E.01237
G1 X38.512 Y39.554 E.01549
G1 X38.156 Y39.67 E.00961
G1 X37.67 Y39.727 E.01255
G1 X37.182 Y39.686 E.01256
G1 X36.711 Y39.55 E.01258
G1 X36.277 Y39.323 E.01257
G1 X35.897 Y39.015 E.01255
G1 X35.585 Y38.637 E.01257
G1 X35.354 Y38.206 E.01255
G1 X35.214 Y37.739 E.01251
G1 X35.171 Y37.364 E.00968
G1 X35.199 Y36.882 E.01239
G1 X35.323 Y36.409 E.01254
G1 X35.539 Y35.969 E.01257
G1 X35.863 Y35.559 E.01341
G1 X36.275 Y35.221 E.01367
G1 X36.735 Y34.985 E.01326
G1 X37.218 Y34.851 E.01286
G1 X37.586 Y34.809 E.0095
G1 X38.074 Y34.85 E.01256
G1 X38.544 Y34.986 E.01255
G1 X38.978 Y35.213 E.01257
G1 X39.358 Y35.521 E.01255
G1 X39.689 Y35.933 E.01356
G1 X39.932 Y36.432 E.01424
G1 X40.042 Y36.798 E.0098
G1 X40.086 Y37.242 E.01145
G1 X40.056 Y37.654 E.0106
G1 X39.932 Y38.127 E.01254
G1 X39.751 Y38.495 E.01052
G1 E-3.5 F3600
;WIPE_START
G1 F7200
G1 X39.725 Y38.549 E-.02847
G1 X39.716 Y38.567 E-.00956
G1 X39.412 Y38.96 E-.23601
G1 X39.048 Y39.276 E-.22896
G1 X38.512 Y39.554 E-.28681
G1 X38.156 Y39.67 E-.17785
G1 X37.67 Y39.727 E-.23243
G1 X37.182 Y39.686 E-.23262
G1 X37.046 Y39.647 E-.06729
;WIPE_END
G1 X26.458 Y48.124 F9000
G1 E5 F2400
;TYPE:Perimeter
;WIDTH:0.439999
G1 F1800
G1 X26.51 Y48.183 E.00212
G1 X26.866 Y48.795 E.01911
G1 X27.094 Y49.466 E.01912
G1 X27.184 Y50.169 E.01913
G1 X27.133 Y50.876 E.01913
G1 X26.943 Y51.558 E.0191
G1 X26.622 Y52.19 E.01913
G1 X26.182 Y52.745 E.01911
G1 X25.64 Y53.202 E.01913
G1 X24.877 Y53.597 E.02318
G1 X24.168 Y53.785 E.01979
G1 X23.461 Y53.822 E.0191
G1 X22.76 Y53.718 E.01912
G1 X22.093 Y53.478 E.01913
G1 X21.488 Y53.11 E.01911
G1 X20.967 Y52.63 E.01912
G1 X20.552 Y52.056 E.01911
G1 X20.258 Y51.411 E.01913
G1 X20.099 Y50.721 E.01911
G1 X20.079 Y50.012 E.01914
G1 X20.281 Y49.074 E.02589
G1 X20.548 Y48.485 E.01745
G1 X20.953 Y47.922 E.01871
G1 X21.471 Y47.438 E.01913
G1 X22.075 Y47.067 E.01913
G1 X22.74 Y46.823 E.01911
G1 X23.44 Y46.715 E.01911
G1 X24.148 Y46.748 E.01913
G1 X24.835 Y46.921 E.01912
G1 X25.474 Y47.227 E.01912
G1 X26.04 Y47.653 E.01912
G1 X26.418 Y48.079 E.01537
G1 X26.135 Y48.369 F9000
G1 F1800
G1 X26.2 Y48.444 E.00268
G1 X26.51 Y48.989 E.01692
G1 X26.706 Y49.586 E.01696
G1 X26.78 Y50.209 E.01693
G1 X26.73 Y50.835 E.01695
G1 X26.556 Y51.439 E.01696
G1 X26.266 Y51.996 E.01695
G1 X25.871 Y52.484 E.01694
G1 X25.387 Y52.885 E.01696
G1 X24.701 Y53.232 E.02075
G1 X24.078 Y53.389 E.01734
G1 X23.451 Y53.416 E.01694
G1 X22.83 Y53.319 E.01696
G1 X22.242 Y53.1 E.01693
G1 X21.708 Y52.77 E.01694
G1 X21.25 Y52.339 E.01697
G1 X20.887 Y51.827 E.01694
G1 X20.632 Y51.253 E.01695
G1 X20.496 Y50.64 E.01694
G1 X20.485 Y50.012 E.01695
G1 X20.675 Y49.171 E.02327
G1 X20.911 Y48.667 E.01502
G1 X21.277 Y48.167 E.01672
G1 X21.74 Y47.742 E.01696
G1 X22.278 Y47.418 E.01695
G1 X22.869 Y47.207 E.01693
G1 X23.491 Y47.118 E.01696
G1 X24.117 Y47.153 E.01692
G1 X24.725 Y47.312 E.01696
G1 X25.289 Y47.588 E.01694
G1 X25.787 Y47.97 E.01694
G1 X26.095 Y48.324 E.01266
G1 X25.82 Y48.608 F9000
;TYPE:External perimeter
;WIDTH:0.419999
G1 F1800
G1 X25.897 Y48.698 E.00304
G1 X26.163 Y49.179 E.0141
G1 X26.328 Y49.703 E.01409
G1 X26.387 Y50.249 E.01409
G1 X26.336 Y50.796 E.01409
G1 X26.178 Y51.322 E.01409
G1 X25.918 Y51.806 E.01409
G1 X25.568 Y52.23 E.0141
G1 X25.141 Y52.575 E.01408
G1 X24.529 Y52.875 E.01749
G1 X23.99 Y53.003 E.01421
G1 X23.441 Y53.021 E.01409
G1 X22.899 Y52.929 E.0141
G1 X22.386 Y52.732 E.0141
G1 X21.922 Y52.437 E.01411
G1 X21.526 Y52.056 E.0141
G1 X21.214 Y51.604 E.01409
G1 X20.997 Y51.1 E.01408
G1 X20.884 Y50.562 E.0141
G1 X20.88 Y50.012 E.01411
G1 X21.059 Y49.266 E.01968
G1 X21.283 Y48.813 E.01296
G1 X21.592 Y48.405 E.01313
G1 X22.002 Y48.039 E.0141
G1 X22.475 Y47.761 E.01408
G1 X22.995 Y47.582 E.01411
G1 X23.54 Y47.51 E.0141
G1 X24.088 Y47.548 E.01409
G1 X24.618 Y47.693 E.0141
G1 X25.108 Y47.94 E.01408
G1 X25.54 Y48.28 E.0141
G1 X25.781 Y48.562 E.00952
G1 E-3.5 F3600
;WIPE_START
G1 F7200
G1 X25.82 Y48.608 E-.02865
G1 X25.897 Y48.698 E-.05626
G1 X26.163 Y49.179 E-.26108
G1 X26.328 Y49.703 E-.26095
G1 X26.387 Y50.249 E-.26086
G1 X26.336 Y50.796 E-.26095
G1 X26.178 Y51.322 E-.26088
G1 X26.068 Y51.527 E-.11037
;WIPE_END
G1 X23.892 Y27.799 F9000
G1 E5 F2400
;TYPE:Perimeter
;WIDTH:0.439999
G1 F1800
G1 X23.461 Y27.822 E.01165
G1 X22.76 Y27.718 E.01912
G1 X22.093 Y27.478 E.01913
G1 X21.488 Y27.11 E.01911
G1 X20.967 Y26.63 E.01912
G1 X20.552 Y26.056 E.01911
G1 X20.258 Y25.411 E.01913
G1 X20.099 Y24.721 E.01911
G1 X20.079 Y24.012 E.01914
G1 X20.281 Y23.074 E.02589
G1 X20.548 Y22.485 E.01745
G1 X20.953 Y21.922 E.01871
G1 X21.471 Y21.438 E.01913
G1 X22.075 Y21.067 E.01913
G1 X22.74 Y20.823 E.01911
G1 X23.44 Y20.715 E.01911
G1 X24.148 Y20.748 E.01913
G1 X24.835 Y20.921 E.01912
G1 X25.474 Y21.227 E.01912
G1 X26.04 Y21.653 E.01912
G1 X26.51 Y22.183 E.01912
G1 X26.866 Y22.795 E.01911
G1 X27.094 Y23.466 E.01912
G1 X27.184 Y24.169 E.01913
G1 X27.133 Y24.876 E.01913
G1 X26.943 Y25.558 E.0191
G1 X26.622 Y26.19 E.01913
G1 X26.182 Y26.745 E.01911
G1 X25.64 Y27.202 E.01913
G1 X24.877 Y27.597 E.02318
G1 X24.168 Y27.785 E.01979
G1 X23.952 Y27.796 E.00584
G1 X23.862 Y27.398 F9000
G1 F1800
G1 X23.451 Y27.416 E.0111
G1 X22.83 Y27.319 E.01696
G1 X22.242 Y27.1 E.01693
G1 X21.708 Y26.77 E.01694
G1 X21.25 Y26.339 E.01697
G1 X20.887 Y25.827 E.01694
G1 X20.632 Y25.253 E.01695
G1 X20.496 Y24.64 E.01694
G1 X20.485 Y24.012 E.01695
G1 X20.675 Y23.171 E.02327
G1 X20.911 Y22.667 E.01502
G1 X21.277 Y22.167 E.01672
G1 X21.74 Y21.742 E.01696
G1 X22.278 Y21.418 E.01695
G1 X22.869 Y21.207 E.01693
G1 X23.491 Y21.118 E.01696
G1 X24.117 Y21.153 E.01692
G1 X24.725 Y21.312 E.01696
G1 X25.289 Y21.588 E.01694
G1 X25.787 Y21.97 E.01694
G1 X26.2 Y22.444 E.01696
G1 X26.51 Y22.989 E.01692
G1 X26.706 Y23.586 E.01696
G1 X26.78 Y24.209 E.01693
G1 X26.73 Y24.835 E.01695
G1 X26.556 Y25.439 E.01696
G1 X26.266 Y25.996 E.01695
G1 X25.871 Y26.484 E.01694
G1 X25.387 Y26.885 E.01696
G1 X24.701 Y27.232 E.02075
G1 X24.078 Y27.389 E.01734
G1 X23.922 Y27.396 E.00421
G1 X23.833 Y27.008 F9000
;TYPE:External perimeter
;WIDTH:0.419999
G1 F1800
G1 X23.441 Y27.021 E.01006
G1 X22.899 Y26.929 E.0141
G1 X22.386 Y26.732 E.0141
G1 X21.922 Y26.437 E.01411
G1 X21.526 Y26.056 E.0141
G1 X21.214 Y25.604 E.01409
G1 X20.997 Y25.1 E.01408
G1 X20.884 Y24.562 E.0141
G1 X20.88 Y24.012 E.01411
G1 X21.059 Y23.266 E.01968
G1 X21.283 Y22.813 E.01296
G1 X21.592 Y22.405 E.01313
G1 X22.002 Y22.039 E.0141
G1 X22.475 Y21.761 E.01408
G1 X22.995 Y21.582 E.01411
G1 X23.54 Y21.51 E.0141
G1 X24.088 Y21.548 E.01409
G1 X24.618 Y21.693 E.0141
G1 X25.108 Y21.94 E.01408
G1 X25.54 Y22.28 E.0141
G1 X25.897 Y22.698 E.0141
G1 X26.163 Y23.179 E.0141
G1 X26.328 Y23.703 E.01409
G1 X26.387 Y24.249 E.01409
G1 X26.336 Y24.796 E.01409
G1 X26.178 Y25.322 E.01409
G1 X25.918 Y25.806 E.01409
G1 X25.568 Y26.23 E.0141
G1 X25.141 Y26.575 E.01408
G1 X24.529 Y26.875 E.01749
G1 X23.99 Y27.003 E.01421
G1 X23.893 Y27.006 E.00249
G1 E-3.5 F3600
;WIPE_START
G1 F7200
G1 X23.833 Y27.008 E-.02852
G1 X23.441 Y27.021 E-.1863
G1 X22.899 Y26.929 E-.26113
G1 X22.386 Y26.732 E-.26102
G1 X21.922 Y26.437 E-.26117
G1 X21.526 Y26.056 E-.26102
G1 X21.238 Y25.639 E-.24084
;WIPE_END
G1 X48.096 Y24.621 F9000
G1 E5 F2400
;TYPE:Perimeter
;WIDTH:0.439999
G1 F1800
G1 X48.079 Y24.012 E.01644
G1 X48.281 Y23.074 E.02589
G1 X48.548 Y22.485 E.01745
G1 X48.953 Y21.922 E.01871
G1 X49.471 Y21.438 E.01913
G1 X50.075 Y21.067 E.01913
G1 X50.74 Y20.823 E.01911
G1 X51.44 Y20.715 E.01911
G1 X52.148 Y20.748 E.01913
G1 X52.835 Y20.921 E.01912
G1 X53.474 Y21.227 E.01912
G1 X54.027 Y21.643 E.01867
G1 X54.51 Y22.183 E.01955
G1 X54.866 Y22.795 E.01911
G1 X55.094 Y23.466 E.01912
G1 X55.184 Y24.169 E.01913
G1 X55.133 Y24.876 E.01913
G1 X54.943 Y25.558 E.0191
G1 X54.622 Y26.19 E.01913
G1 X54.182 Y26.745 E.01911
G1 X53.64 Y27.202 E.01913
G1 X52.877 Y27.597 E.02318
G1 X52.168 Y27.785 E.01979
G1 X51.461 Y27.822 E.0191
G1 X50.76 Y27.718 E.01912
G1 X50.093 Y27.478 E.01913
G1 X49.488 Y27.11 E.01911
G1 X48.983 Y26.645 E.01852
G1 X48.598 Y26.124 E.01748
G1 X48.315 Y25.546 E.01737
G1 X48.2 Y25.222 E.00928
G1 X48.099 Y24.721 E.01379
G1 X48.098 Y24.681 E.00108
G1 X48.495 Y24.581 F9000
G1 F1800
G1 X48.485 Y24.012 E.01536
G1 X48.675 Y23.171 E.02327
G1 X48.911 Y22.667 E.01502
G1 X49.277 Y22.167 E.01672
G1 X49.74 Y21.742 E.01696
G1 X50.278 Y21.418 E.01695
G1 X50.869 Y21.207 E.01693
G1 X51.491 Y21.118 E.01696
G1 X52.117 Y21.153 E.01692
G1 X52.725 Y21.312 E.01696
G1 X53.289 Y21.588 E.01694
G1 X53.774 Y21.96 E.01649
G1 X54.2 Y22.444 E.0174
G1 X54.51 Y22.989 E.01692
G1 X54.706 Y23.586 E.01696
G1 X54.78 Y24.209 E.01693
G1 X54.73 Y24.835 E.01695
G1 X54.556 Y25.439 E.01696
G1 X54.266 Y25.996 E.01695
G1 X53.871 Y26.484 E.01694
G1 X53.387 Y26.885 E.01696
G1 X52.701 Y27.232 E.02075
G1 X52.078 Y27.389 E.01734
G1 X51.451 Y27.416 E.01694
G1 X50.83 Y27.319 E.01696
G1 X50.242 Y27.1 E.01693
G1 X49.708 Y26.77 E.01694
G1 X49.266 Y26.355 E.01636
G1 X48.933 Y25.895 E.01532
G1 X48.689 Y25.388 E.01518
G1 X48.598 Y25.141 E.0071
G1 X48.497 Y24.641 E.01376
G1 X48.884 Y24.543 F9000
;TYPE:External perimeter
;WIDTH:0.419999
G1 F1800
G1 X48.88 Y24.012 E.01362
G1 X49.059 Y23.266 E.01968
G1 X49.283 Y22.813 E.01296
G1 X49.592 Y22.405 E.01313
G1 X50.002 Y22.039 E.0141
G1 X50.475 Y21.761 E.01408
G1 X50.995 Y21.582 E.01411
G1 X51.54 Y21.51 E.0141
G1 X52.088 Y21.548 E.01409
G1 X52.618 Y21.693 E.0141
G1 X53.108 Y21.94 E.01408
G1 X53.527 Y22.269 E.01367
G1 X53.897 Y22.698 E.01453
G1 X54.163 Y23.179 E.0141
G1 X54.328 Y23.703 E.01409
G1 X54.387 Y24.249 E.01409
G1 X54.336 Y24.796 E.01409
G1 X54.178 Y25.322 E.01409
G1 X53.918 Y25.806 E.01409
G1 X53.568 Y26.23 E.0141
G1 X53.141 Y26.575 E.01408
G1 X52.529 Y26.875 E.01749
G1 X51.99 Y27.003 E.01421
G1 X51.441 Y27.021 E.01409
G1 X50.899 Y26.929 E.0141
G1 X50.386 Y26.732 E.0141
G1 X49.922 Y26.437 E.01411
G1 X49.542 Y26.072 E.01352
G1 X49.214 Y25.604 E.01466
G1 X48.997 Y25.1 E.01408
G1 X48.893 Y24.602 E.01305
G1 E-3.5 F3600
;WIPE_START
G1 F7200
G1 X48.884 Y24.543 E-.02835
G1 X48.88 Y24.012 E-.25223
G1 X49.059 Y23.266 E-.36441
G1 X49.283 Y22.813 E-.24004
G1 X49.592 Y22.405 E-.24311
G1 X50.002 Y22.039 E-.26106
G1 X50.203 Y21.921 E-.1108
;WIPE_END
G1 X51.187 Y46.754 F9000
G1 E5 F2400
;TYPE:Perimeter
;WIDTH:0.439999
G1 F1800
G1 X51.44 Y46.715 E.00691
G1 X52.148 Y46.748 E.01913
G1 X52.835 Y46.921 E.01912
G1 X53.474 Y47.227 E.01912
G1 X54.04 Y47.653 E.01912
G1 X54.51 Y48.183 E.01912
G1 X54.866 Y48.795 E.01911
G1 X55.094 Y49.466 E.01912
G1 X55.184 Y50.169 E.01913
G1 X55.133 Y50.876 E.01913
G1 X54.943 Y51.558 E.0191
G1 X54.622 Y52.19 E.01913
G1 X54.182 Y52.745 E.01911
G1 X53.64 Y53.202 E.01913
G1 X52.877 Y53.597 E.02318
G1 X52.168 Y53.785 E.01979
G1 X51.461 Y53.822 E.0191
G1 X50.76 Y53.718 E.01912
G1 X50.093 Y53.478 E.01913
G1 X49.488 Y53.11 E.01911
G1 X48.967 Y52.63 E.01912
G1 X48.552 Y52.056 E.01911
G1 X48.258 Y51.411 E.01913
G1 X48.099 Y50.721 E.01911
G1 X48.079 Y50.012 E.01914
G1 X48.2 Y49.4 E.01683
G1 X48.353 Y48.875 E.01476
G1 X48.592 Y48.407 E.01418
G1 X48.953 Y47.922 E.01632
G1 X49.432 Y47.473 E.01772
G1 X49.976 Y47.124 E.01744
G1 X50.255 Y46.986 E.0084
G1 X50.74 Y46.823 E.01381
G1 X51.128 Y46.763 E.01059
G1 X51.237 Y47.15 F9000
G1 F1800
G1 X51.491 Y47.118 E.00691
G1 X52.117 Y47.153 E.01692
G1 X52.725 Y47.312 E.01696
G1 X53.289 Y47.588 E.01694
G1 X53.787 Y47.97 E.01694
G1 X54.2 Y48.444 E.01696
G1 X54.51 Y48.989 E.01692
G1 X54.706 Y49.586 E.01696
G1 X54.78 Y50.209 E.01693
G1 X54.73 Y50.835 E.01695
G1 X54.556 Y51.439 E.01696
G1 X54.266 Y51.996 E.01695
G1 X53.871 Y52.484 E.01694
G1 X53.387 Y52.885 E.01696
G1 X52.701 Y53.232 E.02075
G1 X52.078 Y53.389 E.01734
G1 X51.451 Y53.416 E.01694
G1 X50.83 Y53.319 E.01696
G1 X50.242 Y53.1 E.01693
G1 X49.708 Y52.77 E.01694
G1 X49.25 Y52.339 E.01697
G1 X48.887 Y51.827 E.01694
G1 X48.632 Y51.253 E.01695
G1 X48.496 Y50.64 E.01694
G1 X48.485 Y50.012 E.01695
G1 X48.594 Y49.497 E.01421
G1 X48.72 Y49.049 E.01256
G1 X48.968 Y48.574 E.01446
G1 X49.277 Y48.166 E.01381
G1 X49.7 Y47.777 E.01551
G1 X50.179 Y47.476 E.01527
G1 X50.694 Y47.266 E.01501
G1 X50.983 Y47.181 E.00813
G1 X51.177 Y47.157 E.00527
G1 X51.286 Y47.544 F9000
;TYPE:External perimeter
;WIDTH:0.419999
G1 F1800
G1 X51.54 Y47.51 E.00657
G1 X52.088 Y47.548 E.01409
G1 X52.618 Y47.693 E.0141
G1 X53.108 Y47.94 E.01408
G1 X53.54 Y48.28 E.0141
G1 X53.897 Y48.698 E.0141
G1 X54.163 Y49.179 E.0141
G1 X54.328 Y49.703 E.01409
G1 X54.387 Y50.249 E.01409
G1 X54.336 Y50.796 E.01409
G1 X54.178 Y51.322 E.01409
G1 X53.918 Y51.806 E.01409
G1 X53.568 Y52.23 E.0141
G1 X53.141 Y52.575 E.01408
G1 X52.529 Y52.875 E.01749
G1 X51.99 Y53.003 E.01421
G1 X51.441 Y53.021 E.01409
G1 X50.899 Y52.929 E.0141
G1 X50.386 Y52.732 E.0141
G1 X49.922 Y52.437 E.01411
G1 X49.526 Y52.056 E.0141
G1 X49.214 Y51.604 E.01409
G1 X48.997 Y51.1 E.01408
G1 X48.884 Y50.562 E.0141
G1 X48.88 Y50.012 E.01411
G1 X49.059 Y49.266 E.01968
G1 X49.324 Y48.759 E.01468
G1 X49.624 Y48.373 E.01254
G1 X50.002 Y48.039 E.01294
G1 X50.475 Y47.761 E.01408
G1 X50.995 Y47.582 E.01411
G1 X51.227 Y47.552 E.006
G1 E-3.5 F3600
;WIPE_START
G1 F7200
G1 X51.286 Y47.544 E-.02828
G1 X51.54 Y47.51 E-.12173
G1 X52.088 Y47.548 E-.26093
G1 X52.618 Y47.693 E-.261
G1 X53.108 Y47.94 E-.26065
G1 X53.54 Y48.28 E-.26113
G1 X53.897 Y48.698 E-.26111
G1 X53.943 Y48.781 E-.04517
;WIPE_END
G1 X57.116 Y60.257 F9000
G1 E5 F2400
;TYPE:Perimeter
;WIDTH:0.439999
G1 F3600
G1 X18.139 Y60.257 E1.05179
G1 X18.139 Y18.279 E1.13277
G1 X19.748 Y18.279 E.04342
G1 X20.046 Y18.195 E.00835
G1 X20.359 Y17.977 E.01029
G1 X20.563 Y17.667 E.01001
G1 X20.639 Y17.285 E.01051
G1 X20.639 Y15.279 E.05413
G1 X54.616 Y15.279 E.91686
G1 X54.616 Y17.285 E.05413
G1 X54.694 Y17.67 E.0106
G1 X54.898 Y17.979 E.00999
G1 X55.214 Y18.197 E.01036
G1 X55.611 Y18.279 E.01094
G1 X57.116 Y18.279 E.04061
G1 X57.116 Y60.197 E1.13115
G1 X57.522 Y60.662 F9000
G1 F3600
G1 X17.733 Y60.662 E1.0737
G1 X17.733 Y17.874 E1.15463
G1 X19.711 Y17.874 E.05338
G1 X19.978 Y17.77 E.00773
G1 X20.164 Y17.562 E.00753
G1 X20.233 Y17.285 E.0077
G1 X20.233 Y14.874 E.06506
G1 X55.022 Y14.874 E.93877
G1 X55.022 Y17.375 E.06749
G1 X55.151 Y17.653 E.00827
G1 X55.323 Y17.798 E.00607
G1 X55.611 Y17.874 E.00804
G1 X57.522 Y17.874 E.05157
G1 X57.522 Y60.602 E1.15301
G1 X57.918 Y61.058 F9000
;TYPE:External perimeter
;WIDTH:0.419999
G1 F1800
G1 X17.338 Y61.058 E1.04106
G1 X17.338 Y17.478 E1.11802
G1 X19.645 Y17.478 E.05918
G1 X19.769 Y17.432 E.00339
G1 X19.838 Y17.285 E.00417
G1 X19.838 Y14.478 E.07201
G1 X55.418 Y14.478 E.91278
G1 X55.418 Y17.285 E.07201
G1 X55.46 Y17.406 E.00329
G1 X55.611 Y17.478 E.00429
G1 X57.918 Y17.478 E.05918
G1 X57.918 Y60.998 E1.11648
G1 E-3.5 F3600
;WIPE_START
G1 F7200
G1 X57.918 Y61.058 E-.0285
G1 X54.82 Y61.058 E-1.4715
;WIPE_END
G1 X54.892 Y48.191 F9000
G1 E5 F2400
;TYPE:Internal infill
;WIDTH:0.44
G1 F3600
G1 X55.143 Y48.651 E.01414
G1 X55.394 Y49.379 E.02078
G1 X55.495 Y50.143 E.0208
G1 X55.483 Y50.51 E.00991
G1 X56.804 Y49.189 E.05041
G1 X56.804 Y49.295 E.00286
G1 X23.101 Y15.592 E1.28619
G1 X21.558 Y15.592 E.04164
G1 X20.951 Y16.198 E.02315
G1 X20.927 Y17.539 E.03619
G1 X20.799 Y17.899 E.01031
G1 X20.584 Y18.195 E.00987
G1 X20.3 Y18.416 E.00971
G1 X19.823 Y18.58 E.01361
G1 X18.559 Y18.59 E.03411
G1 X18.451 Y18.698 E.00412
G1 X18.451 Y18.592 E.00286
G1 X21.16 Y21.301 E.10338
G1 X21.365 Y21.123 E.00733
G1 X22.036 Y20.736 E.0209
G1 X22.771 Y20.49 E.02092
G1 X23.471 Y20.398 E.01905
G1 X24.334 Y20.465 E.02336
G1 X29.207 Y15.592 E.18597
G1 X30.75 Y15.592 E.04164
G1 X56.804 Y41.646 E.99428
G1 X56.804 Y41.54 E.00286
G1 X51.925 Y46.419 E.18619
G1 X51.406 Y46.405 E.01401
G1 X50.756 Y46.493 E.0177
G1 X50.03 Y46.739 E.02069
G1 X49.604 Y46.985 E.01327
G1 E-3.5
;WIPE_START
G1 F7200
G1 X50.03 Y46.739 E-.23367
G1 X50.756 Y46.493 E-.36411
G1 X51.406 Y46.405 E-.31157
G1 X51.925 Y46.419 E-.24661
G1 X52.437 Y45.907 E-.34404
;WIPE_END
G1 X41.118 Y37.985 F9000
G1 E5 F2400
G1 F3600
G1 X40.991 Y38.478 E.01374
G1 X40.681 Y39.126 E.01938
G1 X40.247 Y39.7 E.01942
G1 X39.882 Y40.022 E.01313
G1 X48.251 Y48.392 E.3194
G1 X48.019 Y48.862 E.01414
G1 X47.783 Y49.803 E.02618
G1 X47.772 Y50.572 E.02075
G1 X38.399 Y59.944 E.35768
G1 X36.856 Y59.944 E.04164
G1 X27.477 Y50.565 E.35792
G1 X27.498 Y50.174 E.01057
G1 X27.426 Y49.503 E.01821
G1 X27.175 Y48.713 E.02237
G1 X26.998 Y48.398 E.00975
G1 X35.373 Y40.023 E.31961
G1 X34.696 Y39.312 E.02649
G1 X34.344 Y38.68 E.01952
G1 X34.127 Y37.99 E.01952
G1 X34.056 Y37.38 E.01657
G1 X34.095 Y36.726 E.01768
G1 X34.26 Y36.07 E.01825
G1 X34.594 Y35.378 E.02073
G1 X34.875 Y35.015 E.01239
G1 X26.593 Y26.734 E.31604
G1 X26.849 Y26.419 E.01095
G1 X27.21 Y25.742 E.0207
G1 X27.426 Y25.022 E.02028
G1 X36.856 Y15.592 E.35987
G1 X38.399 Y15.592 E.04164
G1 X47.855 Y25.048 E.36086
G1 X47.927 Y25.416 E.01012
G1 X48.227 Y26.125 E.02077
G1 X48.651 Y26.745 E.02027
G1 X40.38 Y35.016 E.31564
G1 X40.122 Y34.708 E.01084
G1 X39.559 Y34.26 E.01942
G1 X38.918 Y33.935 E.01939
G1 X38.345 Y33.777 E.01604
G1 E-3.5
;WIPE_START
G1 F7200
G1 X38.918 Y33.935 E-.28233
G1 X39.559 Y34.26 E-.34137
G1 X40.122 Y34.708 E-.34176
G1 X40.38 Y35.016 E-.19085
G1 X40.892 Y34.504 E-.34369
;WIPE_END
G1 X53.223 Y27.777 F9000
G1 E5 F2400
G1 F3600
G1 X52.742 Y27.974 E.01403
G1 X51.984 Y28.121 E.02084
G1 X51.331 Y28.131 E.01762
G1 X50.852 Y28.044 E.01314
G1 X56.804 Y33.997 E.22716
G1 X56.804 Y33.89 E.00289
G1 X30.75 Y59.944 E.99428
G1 X29.207 Y59.944 E.04164
G1 X23.394 Y54.131 E.22184
G1 X22.515 Y53.978 E.02408
G1 X21.746 Y53.649 E.02257
G1 X18.451 Y56.944 E.12574
G1 X18.451 Y56.838 E.00286
G1 X21.558 Y59.944 E.11855
G1 X23.101 Y59.944 E.04164
G1 X56.804 Y26.241 E1.28619
G1 X56.804 Y26.347 E.00286
G1 X55.434 Y24.977 E.05228
G1 X55.24 Y25.655 E.01903
G1 X54.894 Y26.344 E.02081
G1 X54.285 Y27.079 E.02576
G1 E-3.5
;WIPE_START
G1 F7200
G1 X54.894 Y26.344 E-.4534
G1 X55.24 Y25.655 E-.36622
G1 X55.434 Y24.977 E-.33497
G1 X55.948 Y25.491 E-.34541
;WIPE_END
G1 X20.143 Y22.596 F9000
G1 E5 F2400
G1 F3600
G1 X19.979 Y22.993 E.01159
G1 X19.803 Y23.706 E.01982
G1 X19.767 Y24.528 E.0222
G1 X19.83 Y24.968 E.01199
G1 X18.451 Y26.347 E.05263
G1 X18.451 Y26.241 E.00286
G1 X52.155 Y59.944 E1.2862
G1 X53.698 Y59.944 E.04164
G1 X56.804 Y56.838 E.11853
G1 X56.804 Y56.944 E.00286
G1 X53.501 Y53.642 E.12603
G1 X52.835 Y53.949 E.01979
G1 X51.869 Y54.124 E.02649
G1 X46.048 Y59.944 E.22212
G1 X44.505 Y59.944 E.04164
G1 X18.451 Y33.89 E.99428
G1 X18.451 Y33.997 E.00289
G1 X24.396 Y28.051 E.22689
G1 X23.985 Y28.121 E.01125
G1 X23.214 Y28.116 E.02081
G1 X22.7 Y28.025 E.01409
G1 X22.02 Y27.785 E.01946
G1 E-3.5
;WIPE_START
G1 F7200
G1 X22.7 Y28.025 E-.34253
G1 X23.214 Y28.116 E-.24795
G1 X23.985 Y28.121 E-.36623
G1 X24.396 Y28.051 E-.19804
G1 X23.882 Y28.565 E-.34525
;WIPE_END
G1 X21.118 Y47.333 F9000
G1 E5 F2400
G1 F3600
G1 X21.471 Y47.055 E.01212
G1 X22.151 Y46.691 E.02081
G1 X22.646 Y46.525 E.01409
G1 X23.326 Y46.415 E.01859
G1 X18.451 Y41.54 E.18604
G1 X18.451 Y41.646 E.00286
G1 X44.505 Y15.592 E.99428
G1 X46.048 Y15.592 E.04164
G1 X50.923 Y20.466 E.18602
G1 X51.656 Y20.398 E.01986
G1 X52.294 Y20.452 E.01728
G1 X53.041 Y20.661 E.02093
G1 X53.73 Y21.014 E.02089
G1 X54.096 Y21.3 E.01253
G1 X56.804 Y18.592 E.10334
G1 X56.804 Y18.698 E.00286
G1 X56.696 Y18.59 E.00412
G1 X55.434 Y18.58 E.03406
G1 X54.971 Y18.425 E.01318
G1 X54.588 Y18.1 E.01355
G1 X54.328 Y17.538 E.01671
G1 X54.304 Y16.198 E.03617
G1 X53.698 Y15.592 E.02313
G1 X52.155 Y15.592 E.04164
G1 X18.451 Y49.295 E1.2862
G1 X18.451 Y49.189 E.00286
G1 X19.767 Y50.504 E.0502
G1 X19.969 Y51.527 E.02814
G1 X20.291 Y52.227 E.02079
G1 X20.645 Y52.731 E.01662
;LAYER_CHANGE
;Z:1.96
;HEIGHT:0.16
;BEFORE_LAYER_CHANGE
G92 E0
;1.96


G1 E-3.5 F3600
;WIPE_START
G1 F7200
G1 X20.291 Y52.227 E-.29255
G1 X19.969 Y51.527 E-.36599
G1 X19.767 Y50.504 E-.49531
G1 X19.252 Y49.989 E-.34615
;WIPE_END
G1 Z1.96 F9000
;AFTER_LAYER_CHANGE
;1.96
G1 X35.251 Y39.473
G1 E5 F2400
;TYPE:Perimeter
;WIDTH:0.439999
G1 F1800
G1 X34.993 Y39.184 E.01045
G1 X34.665 Y38.624 E.01751
G1 X34.455 Y38.01 E.01751
G1 X34.374 Y37.451 E.01524
G1 X34.393 Y36.873 E.01561
G1 X34.534 Y36.247 E.01732
G1 X34.797 Y35.654 E.01751
G1 X35.201 Y35.091 E.0187
G1 X35.646 Y34.682 E.01631
G1 X36.198 Y34.34 E.01752
G1 X36.807 Y34.115 E.01752
G1 X37.448 Y34.015 E.01751
G1 X37.987 Y34.036 E.01456
G1 X38.291 Y34.078 E.00828
G1 X38.807 Y34.227 E.01449
G1 X39.311 Y34.479 E.01521
G1 X39.813 Y34.854 E.01691
G1 X40.263 Y35.352 E.01811
G1 X40.59 Y35.912 E.0175
G1 X40.8 Y36.526 E.01751
G1 X40.884 Y37.169 E.0175
G1 X40.839 Y37.816 E.0175
G1 X40.667 Y38.442 E.01752
G1 X40.374 Y39.021 E.01751
G1 X40.007 Y39.494 E.01616
G1 X39.599 Y39.863 E.01484
G1 X39.057 Y40.196 E.01717
G1 X38.449 Y40.421 E.01749
G1 X37.808 Y40.521 E.01751
G1 X37.16 Y40.492 E.0175
G1 X36.53 Y40.336 E.01751
G1 X35.944 Y40.057 E.01751
G1 X35.425 Y39.668 E.0175
G1 X35.291 Y39.518 E.00543
G1 X35.545 Y39.2 F9000
G1 F1800
G1 X35.304 Y38.924 E.00989
G1 X35.022 Y38.43 E.01535
G1 X34.843 Y37.891 E.01533
G1 X34.774 Y37.355 E.01458
G1 X34.803 Y36.849 E.01368
G1 X34.927 Y36.347 E.01395
G1 X35.163 Y35.83 E.01534
G1 X35.53 Y35.33 E.01674
G1 X35.915 Y34.986 E.01393
G1 X36.401 Y34.692 E.01533
G1 X36.936 Y34.5 E.01534
G1 X37.498 Y34.418 E.01533
G1 X38.065 Y34.448 E.01532
G1 X38.615 Y34.591 E.01534
G1 X39.126 Y34.84 E.01534
G1 X39.56 Y35.171 E.01473
G1 X39.952 Y35.613 E.01594
G1 X40.234 Y36.106 E.01533
G1 X40.412 Y36.645 E.01532
G1 X40.481 Y37.209 E.01533
G1 X40.436 Y37.776 E.01535
G1 X40.279 Y38.322 E.01533
G1 X40.018 Y38.827 E.01534
G1 X39.694 Y39.235 E.01406
G1 X39.317 Y39.57 E.01361
G1 X38.854 Y39.844 E.01452
G1 X38.32 Y40.036 E.01531
G1 X37.757 Y40.119 E.01536
G1 X37.19 Y40.088 E.01532
G1 X36.64 Y39.945 E.01534
G1 X36.129 Y39.696 E.01534
G1 X35.678 Y39.351 E.01532
G1 X35.585 Y39.245 E.00381
G1 X35.831 Y38.935 F9000
;TYPE:External perimeter
;WIDTH:0.419999
G1 F1800
G1 X35.585 Y38.637 E.00991
G1 X35.354 Y38.206 E.01255
G1 X35.214 Y37.739 E.01251
G1 X35.17 Y37.327 E.01063
G1 X35.199 Y36.882 E.01144
G1 X35.323 Y36.409 E.01254
G1 X35.535 Y35.975 E.01239
G1 X35.838 Y35.581 E.01275
G1 X36.275 Y35.221 E.01453
G1 X36.735 Y34.984 E.01328
G1 X37.218 Y34.851 E.01285
G1 X37.586 Y34.809 E.0095
G1 X38.074 Y34.85 E.01256
G1 X38.544 Y34.986 E.01255
G1 X38.978 Y35.213 E.01257
G1 X39.358 Y35.521 E.01255
G1 X39.689 Y35.933 E.01356
G1 X39.932 Y36.432 E.01424
G1 X40.042 Y36.8 E.00985
G1 X40.087 Y37.287 E.01255
G1 X40.034 Y37.774 E.01257
G1 X39.886 Y38.241 E.01257
G1 X39.621 Y38.702 E.01364
G1 X39.353 Y39.018 E.01063
G1 X39.048 Y39.276 E.01025
G1 X38.622 Y39.517 E.01256
G1 X38.156 Y39.67 E.01258
G1 X37.67 Y39.727 E.01255
G1 X37.182 Y39.686 E.01256
G1 X36.711 Y39.55 E.01258
G1 X36.277 Y39.323 E.01257
G1 X35.897 Y39.015 E.01255
G1 X35.869 Y38.981 E.00113
G1 E-3.5 F3600
;WIPE_START
G1 F7200
G1 X35.831 Y38.935 E-.02834
G1 X35.585 Y38.637 E-.18355
G1 X35.354 Y38.206 E-.23228
G1 X35.214 Y37.739 E-.23158
G1 X35.17 Y37.327 E-.19681
G1 X35.199 Y36.882 E-.21182
G1 X35.323 Y36.409 E-.23227
G1 X35.493 Y36.062 E-.18335
;WIPE_END
G1 X26.223 Y47.86 F9000
G1 E5 F2400
;TYPE:Perimeter
;WIDTH:0.439999
G1 F1800
G1 X26.51 Y48.183 E.01166
G1 X26.866 Y48.795 E.01911
G1 X27.094 Y49.466 E.01912
G1 X27.184 Y50.169 E.01913
G1 X27.133 Y50.876 E.01913
G1 X26.943 Y51.558 E.0191
G1 X26.622 Y52.19 E.01913
G1 X26.072 Y52.851 E.0232
G1 X25.492 Y53.299 E.01978
G1 X24.854 Y53.608 E.01913
G1 X24.168 Y53.785 E.01912
G1 X23.461 Y53.822 E.0191
G1 X22.76 Y53.718 E.01912
G1 X22.093 Y53.478 E.01913
G1 X21.488 Y53.11 E.01911
G1 X20.967 Y52.63 E.01912
G1 X20.552 Y52.056 E.01911
G1 X20.258 Y51.411 E.01913
G1 X20.099 Y50.721 E.01911
G1 X20.079 Y50.012 E.01914
G1 X20.2 Y49.314 E.01912
G1 X20.457 Y48.654 E.01911
G1 X20.938 Y47.942 E.02319
G1 X21.471 Y47.438 E.01979
G1 X22.075 Y47.067 E.01913
G1 X22.74 Y46.823 E.01911
G1 X23.44 Y46.715 E.01911
G1 X24.148 Y46.748 E.01913
G1 X24.835 Y46.921 E.01912
G1 X25.474 Y47.227 E.01912
G1 X26.04 Y47.653 E.01912
G1 X26.184 Y47.815 E.00585
G1 X25.929 Y48.133 F9000
G1 F1800
G1 X26.2 Y48.444 E.01113
G1 X26.51 Y48.989 E.01692
G1 X26.706 Y49.586 E.01696
G1 X26.78 Y50.209 E.01693
G1 X26.73 Y50.835 E.01695
G1 X26.556 Y51.439 E.01696
G1 X26.266 Y51.996 E.01695
G1 X25.768 Y52.582 E.02075
G1 X25.255 Y52.969 E.01734
G1 X24.687 Y53.238 E.01696
G1 X24.078 Y53.389 E.01693
G1 X23.451 Y53.416 E.01694
G1 X22.83 Y53.319 E.01696
G1 X22.242 Y53.1 E.01693
G1 X21.708 Y52.77 E.01694
G1 X21.25 Y52.34 E.01695
G1 X20.887 Y51.827 E.01696
G1 X20.632 Y51.253 E.01695
G1 X20.496 Y50.64 E.01694
G1 X20.485 Y50.012 E.01695
G1 X20.598 Y49.395 E.01693
G1 X20.831 Y48.812 E.01694
G1 X21.268 Y48.179 E.02076
G1 X21.74 Y47.742 E.01736
G1 X22.278 Y47.418 E.01695
G1 X22.869 Y47.207 E.01693
G1 X23.491 Y47.118 E.01696
G1 X24.117 Y47.153 E.01692
G1 X24.725 Y47.312 E.01696
G1 X25.289 Y47.588 E.01694
G1 X25.787 Y47.97 E.01694
G1 X25.889 Y48.088 E.00421
G1 X25.642 Y48.399 F9000
;TYPE:External perimeter
;WIDTH:0.419999
G1 F1800
G1 X25.897 Y48.698 E.01008
G1 X26.163 Y49.179 E.0141
G1 X26.328 Y49.703 E.01409
G1 X26.387 Y50.249 E.01409
G1 X26.336 Y50.796 E.01409
G1 X26.178 Y51.322 E.01409
G1 X25.918 Y51.807 E.01412
G1 X25.471 Y52.32 E.01746
G1 X25.024 Y52.648 E.01422
G1 X24.525 Y52.877 E.01409
G1 X23.99 Y53.003 E.0141
G1 X23.441 Y53.021 E.01409
G1 X22.899 Y52.929 E.0141
G1 X22.386 Y52.732 E.0141
G1 X21.922 Y52.437 E.01411
G1 X21.526 Y52.056 E.0141
G1 X21.214 Y51.604 E.01409
G1 X20.997 Y51.1 E.01408
G1 X20.884 Y50.562 E.0141
G1 X20.88 Y50.012 E.01411
G1 X20.986 Y49.473 E.01409
G1 X21.195 Y48.965 E.01409
G1 X21.589 Y48.41 E.01746
G1 X22.002 Y48.039 E.01424
G1 X22.475 Y47.761 E.01408
G1 X22.995 Y47.582 E.01411
G1 X23.54 Y47.51 E.0141
G1 X24.088 Y47.548 E.01409
G1 X24.618 Y47.693 E.0141
G1 X25.108 Y47.94 E.01408
G1 X25.54 Y48.28 E.0141
G1 X25.603 Y48.353 E.00247
G1 E-3.5 F3600
;WIPE_START
G1 F7200
G1 X25.642 Y48.399 E-.02865
G1 X25.897 Y48.698 E-.18666
G1 X26.163 Y49.179 E-.26108
G1 X26.328 Y49.703 E-.26095
G1 X26.387 Y50.249 E-.26086
G1 X26.336 Y50.796 E-.26095
G1 X26.19 Y51.282 E-.24085
;WIPE_END
G1 X23.892 Y27.799 F9000
G1 E5 F2400
;TYPE:Perimeter
;WIDTH:0.439999
G1 F1800
G1 X23.461 Y27.822 E.01165
G1 X22.76 Y27.718 E.01912
G1 X22.093 Y27.478 E.01913
G1 X21.488 Y27.11 E.01911
G1 X20.967 Y26.63 E.01912
G1 X20.552 Y26.056 E.01911
G1 X20.258 Y25.411 E.01913
G1 X20.099 Y24.721 E.01911
G1 X20.079 Y24.012 E.01914
G1 X20.2 Y23.314 E.01912
G1 X20.457 Y22.654 E.01911
G1 X20.938 Y21.942 E.02319
G1 X21.305 Y21.585 E.01382
G1 X21.632 Y21.323 E.01131
G1 X22.075 Y21.067 E.01381
G1 X22.74 Y20.823 E.01911
G1 X23.44 Y20.715 E.01911
G1 X24.148 Y20.748 E.01913
G1 X24.835 Y20.921 E.01912
G1 X25.474 Y21.227 E.01912
G1 X26.04 Y21.653 E.01912
G1 X26.51 Y22.183 E.01912
G1 X26.866 Y22.795 E.01911
G1 X27.094 Y23.466 E.01912
G1 X27.184 Y24.169 E.01913
G1 X27.133 Y24.876 E.01913
G1 X26.943 Y25.558 E.0191
G1 X26.622 Y26.19 E.01913
G1 X26.072 Y26.851 E.0232
G1 X25.492 Y27.299 E.01978
G1 X24.854 Y27.608 E.01913
G1 X24.168 Y27.785 E.01912
G1 X23.952 Y27.796 E.00584
G1 X23.862 Y27.398 F9000
G1 F1800
G1 X23.451 Y27.416 E.0111
G1 X22.83 Y27.319 E.01696
G1 X22.242 Y27.1 E.01693
G1 X21.708 Y26.77 E.01694
G1 X21.25 Y26.34 E.01695
G1 X20.887 Y25.827 E.01696
G1 X20.632 Y25.253 E.01695
G1 X20.496 Y24.64 E.01694
G1 X20.485 Y24.012 E.01695
G1 X20.598 Y23.395 E.01693
G1 X20.831 Y22.812 E.01694
G1 X21.268 Y22.179 E.02076
G1 X21.74 Y21.742 E.01736
G1 X22.278 Y21.418 E.01695
G1 X22.869 Y21.207 E.01693
G1 X23.491 Y21.118 E.01696
G1 X24.117 Y21.153 E.01692
G1 X24.725 Y21.312 E.01696
G1 X25.289 Y21.588 E.01694
G1 X25.787 Y21.97 E.01694
G1 X26.2 Y22.444 E.01696
G1 X26.51 Y22.989 E.01692
G1 X26.706 Y23.586 E.01696
G1 X26.78 Y24.209 E.01693
G1 X26.73 Y24.835 E.01695
G1 X26.556 Y25.439 E.01696
G1 X26.266 Y25.996 E.01695
G1 X25.768 Y26.582 E.02075
G1 X25.255 Y26.969 E.01734
G1 X24.687 Y27.238 E.01696
G1 X24.078 Y27.389 E.01693
G1 X23.922 Y27.396 E.00421
G1 X23.833 Y27.008 F9000
;TYPE:External perimeter
;WIDTH:0.419999
G1 F1800
G1 X23.441 Y27.021 E.01006
G1 X22.899 Y26.929 E.0141
G1 X22.386 Y26.732 E.0141
G1 X21.922 Y26.437 E.01411
G1 X21.526 Y26.056 E.0141
G1 X21.214 Y25.604 E.01409
G1 X20.997 Y25.1 E.01408
G1 X20.884 Y24.562 E.0141
G1 X20.88 Y24.012 E.01411
G1 X20.986 Y23.473 E.01409
G1 X21.195 Y22.965 E.01409
G1 X21.589 Y22.41 E.01746
G1 X22.002 Y22.039 E.01424
G1 X22.475 Y21.761 E.01408
G1 X22.995 Y21.582 E.01411
G1 X23.54 Y21.51 E.0141
G1 X24.088 Y21.548 E.01409
G1 X24.618 Y21.693 E.0141
G1 X25.108 Y21.94 E.01408
G1 X25.54 Y22.28 E.0141
G1 X25.897 Y22.698 E.0141
G1 X26.163 Y23.179 E.0141
G1 X26.328 Y23.703 E.01409
G1 X26.387 Y24.249 E.01409
G1 X26.336 Y24.796 E.01409
G1 X26.178 Y25.322 E.01409
G1 X25.918 Y25.807 E.01412
G1 X25.471 Y26.32 E.01746
G1 X25.024 Y26.648 E.01422
G1 X24.525 Y26.877 E.01409
G1 X23.99 Y27.003 E.0141
G1 X23.893 Y27.006 E.00249
G1 E-3.5 F3600
;WIPE_START
G1 F7200
G1 X23.833 Y27.008 E-.02852
G1 X23.441 Y27.021 E-.1863
G1 X22.899 Y26.929 E-.26113
G1 X22.386 Y26.732 E-.26102
G1 X21.922 Y26.437 E-.26117
G1 X21.526 Y26.056 E-.26102
G1 X21.238 Y25.639 E-.24084
;WIPE_END
G1 X48.096 Y24.621 F9000
G1 E5 F2400
;TYPE:Perimeter
;WIDTH:0.439999
G1 F1800
G1 X48.079 Y24.012 E.01644
G1 X48.2 Y23.314 E.01912
G1 X48.457 Y22.654 E.01911
G1 X48.938 Y21.942 E.02319
G1 X49.471 Y21.438 E.01979
G1 X50.075 Y21.067 E.01913
G1 X50.74 Y20.823 E.01911
G1 X51.44 Y20.715 E.01911
G1 X52.148 Y20.748 E.01913
G1 X52.835 Y20.921 E.01912
G1 X53.474 Y21.227 E.01912
G1 X54.027 Y21.643 E.01867
G1 X54.51 Y22.183 E.01955
G1 X54.866 Y22.795 E.01911
G1 X55.094 Y23.466 E.01912
G1 X55.184 Y24.169 E.01913
G1 X55.133 Y24.876 E.01913
G1 X54.943 Y25.558 E.0191
G1 X54.535 Y26.315 E.02321
G1 X54.055 Y26.869 E.01978
G1 X53.492 Y27.299 E.01912
G1 X52.854 Y27.608 E.01913
G1 X52.168 Y27.785 E.01912
G1 X51.461 Y27.822 E.0191
G1 X50.76 Y27.718 E.01912
G1 X50.093 Y27.478 E.01913
G1 X49.488 Y27.11 E.01911
G1 X48.983 Y26.645 E.01852
G1 X48.598 Y26.124 E.01748
G1 X48.315 Y25.546 E.01737
G1 X48.2 Y25.222 E.00928
G1 X48.099 Y24.721 E.01379
G1 X48.098 Y24.681 E.00108
G1 X48.495 Y24.581 F9000
G1 F1800
G1 X48.485 Y24.012 E.01536
G1 X48.598 Y23.395 E.01693
G1 X48.831 Y22.812 E.01694
G1 X49.268 Y22.179 E.02076
G1 X49.74 Y21.742 E.01736
G1 X50.278 Y21.418 E.01695
G1 X50.869 Y21.207 E.01693
G1 X51.491 Y21.118 E.01696
G1 X52.117 Y21.153 E.01692
G1 X52.725 Y21.312 E.01696
G1 X53.289 Y21.588 E.01694
G1 X53.774 Y21.96 E.01649
G1 X54.2 Y22.444 E.0174
G1 X54.51 Y22.989 E.01692
G1 X54.706 Y23.586 E.01696
G1 X54.78 Y24.209 E.01693
G1 X54.73 Y24.835 E.01695
G1 X54.556 Y25.439 E.01696
G1 X54.184 Y26.112 E.02075
G1 X53.758 Y26.593 E.01734
G1 X53.255 Y26.969 E.01695
G1 X52.687 Y27.238 E.01696
G1 X52.078 Y27.389 E.01693
G1 X51.451 Y27.416 E.01694
G1 X50.83 Y27.319 E.01696
G1 X50.242 Y27.1 E.01693
G1 X49.708 Y26.77 E.01694
G1 X49.266 Y26.355 E.01636
G1 X48.933 Y25.895 E.01532
G1 X48.689 Y25.388 E.01518
G1 X48.598 Y25.141 E.0071
G1 X48.497 Y24.641 E.01376
G1 X48.884 Y24.543 F9000
;TYPE:External perimeter
;WIDTH:0.419999
G1 F1800
G1 X48.88 Y24.012 E.01362
G1 X48.986 Y23.473 E.01409
G1 X49.195 Y22.965 E.01409
G1 X49.589 Y22.41 E.01746
G1 X50.002 Y22.039 E.01424
G1 X50.475 Y21.761 E.01408
G1 X50.995 Y21.582 E.01411
G1 X51.54 Y21.51 E.0141
G1 X52.088 Y21.548 E.01409
G1 X52.618 Y21.693 E.0141
G1 X53.108 Y21.94 E.01408
G1 X53.527 Y22.269 E.01367
G1 X53.897 Y22.698 E.01453
G1 X54.163 Y23.179 E.0141
G1 X54.328 Y23.703 E.01409
G1 X54.387 Y24.249 E.01409
G1 X54.336 Y24.796 E.01409
G1 X54.177 Y25.322 E.0141
G1 X53.841 Y25.915 E.01749
G1 X53.468 Y26.324 E.0142
G1 X53.024 Y26.648 E.0141
G1 X52.525 Y26.877 E.01409
G1 X51.99 Y27.003 E.0141
G1 X51.441 Y27.021 E.01409
G1 X50.899 Y26.929 E.0141
G1 X50.386 Y26.732 E.0141
G1 X49.922 Y26.437 E.01411
G1 X49.542 Y26.072 E.01352
G1 X49.214 Y25.604 E.01466
G1 X48.997 Y25.1 E.01408
G1 X48.893 Y24.602 E.01305
G1 E-3.5 F3600
;WIPE_START
G1 F7200
G1 X48.884 Y24.543 E-.02835
G1 X48.88 Y24.012 E-.25223
G1 X48.986 Y23.473 E-.26093
G1 X49.195 Y22.965 E-.26092
G1 X49.589 Y22.41 E-.3233
G1 X50.002 Y22.039 E-.2637
G1 X50.203 Y21.921 E-.11057
;WIPE_END
G1 X51.187 Y46.754 F9000
G1 E5 F2400
;TYPE:Perimeter
;WIDTH:0.439999
G1 F1800
G1 X51.44 Y46.715 E.00691
G1 X52.148 Y46.748 E.01913
G1 X52.835 Y46.921 E.01912
G1 X53.474 Y47.227 E.01912
G1 X54.04 Y47.653 E.01912
G1 X54.51 Y48.183 E.01912
G1 X54.866 Y48.795 E.01911
G1 X55.094 Y49.466 E.01912
G1 X55.184 Y50.169 E.01913
G1 X55.133 Y50.876 E.01913
G1 X54.943 Y51.558 E.0191
G1 X54.535 Y52.315 E.02321
G1 X54.055 Y52.869 E.01978
G1 X53.492 Y53.299 E.01912
G1 X52.854 Y53.608 E.01913
G1 X52.168 Y53.785 E.01912
G1 X51.461 Y53.822 E.0191
G1 X50.76 Y53.718 E.01912
G1 X50.093 Y53.478 E.01913
G1 X49.488 Y53.11 E.01911
G1 X48.967 Y52.63 E.01912
G1 X48.552 Y52.056 E.01911
G1 X48.258 Y51.411 E.01913
G1 X48.099 Y50.721 E.01911
G1 X48.079 Y50.012 E.01914
G1 X48.2 Y49.314 E.01912
G1 X48.457 Y48.654 E.01911
G1 X48.938 Y47.942 E.02319
G1 X49.471 Y47.438 E.01979
G1 X50.075 Y47.067 E.01913
G1 X50.74 Y46.823 E.01911
G1 X51.128 Y46.763 E.01059
G1 X51.237 Y47.154 F9000
G1 F1800
G1 X51.491 Y47.118 E.00692
G1 X52.117 Y47.153 E.01692
G1 X52.725 Y47.312 E.01696
G1 X53.289 Y47.588 E.01694
G1 X53.787 Y47.97 E.01694
G1 X54.2 Y48.444 E.01696
G1 X54.51 Y48.989 E.01692
G1 X54.706 Y49.586 E.01696
G1 X54.78 Y50.209 E.01693
G1 X54.73 Y50.835 E.01695
G1 X54.556 Y51.439 E.01696
G1 X54.184 Y52.112 E.02075
G1 X53.758 Y52.593 E.01734
G1 X53.255 Y52.969 E.01695
G1 X52.687 Y53.238 E.01696
G1 X52.078 Y53.389 E.01693
G1 X51.451 Y53.416 E.01694
G1 X50.83 Y53.319 E.01696
G1 X50.242 Y53.1 E.01693
G1 X49.708 Y52.77 E.01694
G1 X49.25 Y52.34 E.01695
G1 X48.887 Y51.827 E.01696
G1 X48.632 Y51.253 E.01695
G1 X48.496 Y50.64 E.01694
G1 X48.485 Y50.012 E.01695
G1 X48.598 Y49.395 E.01693
G1 X48.831 Y48.812 E.01694
G1 X49.268 Y48.179 E.02076
G1 X49.74 Y47.742 E.01736
G1 X50.278 Y47.418 E.01695
G1 X50.869 Y47.207 E.01693
G1 X51.178 Y47.163 E.00842
G1 X51.286 Y47.544 F9000
;TYPE:External perimeter
;WIDTH:0.419999
G1 F1800
G1 X51.54 Y47.51 E.00657
G1 X52.088 Y47.548 E.01409
G1 X52.618 Y47.693 E.0141
G1 X53.108 Y47.94 E.01408
G1 X53.54 Y48.28 E.0141
G1 X53.897 Y48.698 E.0141
G1 X54.163 Y49.179 E.0141
G1 X54.328 Y49.703 E.01409
G1 X54.387 Y50.249 E.01409
G1 X54.336 Y50.796 E.01409
G1 X54.177 Y51.322 E.0141
G1 X53.841 Y51.915 E.01749
G1 X53.468 Y52.324 E.0142
G1 X53.024 Y52.648 E.0141
G1 X52.525 Y52.877 E.01409
G1 X51.99 Y53.003 E.0141
G1 X51.441 Y53.021 E.01409
G1 X50.899 Y52.929 E.0141
G1 X50.386 Y52.732 E.0141
G1 X49.922 Y52.437 E.01411
G1 X49.526 Y52.056 E.0141
G1 X49.214 Y51.604 E.01409
G1 X48.997 Y51.1 E.01408
G1 X48.884 Y50.562 E.0141
G1 X48.88 Y50.012 E.01411
G1 X48.986 Y49.473 E.01409
G1 X49.195 Y48.965 E.01409
G1 X49.589 Y48.41 E.01746
G1 X50.002 Y48.039 E.01424
G1 X50.475 Y47.761 E.01408
G1 X50.995 Y47.582 E.01411
G1 X51.227 Y47.552 E.006
G1 E-3.5 F3600
;WIPE_START
G1 F7200
G1 X51.286 Y47.544 E-.02828
G1 X51.54 Y47.51 E-.12173
G1 X52.088 Y47.548 E-.26093
G1 X52.618 Y47.693 E-.261
G1 X53.108 Y47.94 E-.26065
G1 X53.54 Y48.28 E-.26113
G1 X53.897 Y48.698 E-.26111
G1 X53.943 Y48.781 E-.04517
;WIPE_END
G1 X57.116 Y60.257 F9000
G1 E5 F2400
;TYPE:Perimeter
;WIDTH:0.439999
G1 F3600
G1 X18.139 Y60.257 E1.05179
G1 X18.139 Y18.279 E1.13277
G1 X19.748 Y18.279 E.04342
G1 X20.046 Y18.195 E.00835
G1 X20.359 Y17.977 E.01029
G1 X20.563 Y17.667 E.01001
G1 X20.639 Y17.285 E.01051
G1 X20.639 Y15.279 E.05413
G1 X54.616 Y15.279 E.91686
G1 X54.616 Y17.285 E.05413
G1 X54.694 Y17.67 E.0106
G1 X54.898 Y17.979 E.00999
G1 X55.214 Y18.197 E.01036
G1 X55.611 Y18.279 E.01094
G1 X57.116 Y18.279 E.04061
G1 X57.116 Y60.197 E1.13115
G1 X57.522 Y60.662 F9000
G1 F3600
G1 X17.733 Y60.662 E1.0737
G1 X17.733 Y17.874 E1.15463
G1 X19.711 Y17.874 E.05338
G1 X19.978 Y17.77 E.00773
G1 X20.164 Y17.562 E.00753
G1 X20.233 Y17.285 E.0077
G1 X20.233 Y14.874 E.06506
G1 X55.022 Y14.874 E.93877
G1 X55.022 Y17.375 E.06749
G1 X55.151 Y17.653 E.00827
G1 X55.323 Y17.798 E.00607
G1 X55.611 Y17.874 E.00804
G1 X57.522 Y17.874 E.05157
G1 X57.522 Y60.602 E1.15301
G1 X57.918 Y61.058 F9000
;TYPE:External perimeter
;WIDTH:0.419999
G1 F1800
G1 X17.338 Y61.058 E1.04106
G1 X17.338 Y17.478 E1.11802
G1 X19.645 Y17.478 E.05918
G1 X19.769 Y17.432 E.00339
G1 X19.838 Y17.285 E.00417
G1 X19.838 Y14.478 E.07201
G1 X55.418 Y14.478 E.91278
G1 X55.418 Y17.285 E.07201
G1 X55.46 Y17.406 E.00329
G1 X55.611 Y17.478 E.00429
G1 X57.918 Y17.478 E.05918
G1 X57.918 Y60.998 E1.11648
G1 E-3.5 F3600
;WIPE_START
G1 F7200
G1 X57.918 Y61.058 E-.0285
G1 X54.82 Y61.058 E-1.4715
;WIPE_END
G1 X54.892 Y48.191 F9000
G1 E5 F2400
;TYPE:Internal infill
;WIDTH:0.44
G1 F3600
G1 X55.143 Y48.651 E.01414
G1 X55.394 Y49.379 E.02078
G1 X55.495 Y50.143 E.0208
G1 X55.483 Y50.51 E.00991
G1 X56.804 Y49.189 E.05041
G1 X56.804 Y49.295 E.00286
G1 X23.101 Y15.592 E1.28619
G1 X21.558 Y15.592 E.04164
G1 X20.951 Y16.198 E.02315
G1 X20.927 Y17.539 E.03619
G1 X20.799 Y17.899 E.01031
G1 X20.584 Y18.195 E.00987
G1 X20.3 Y18.416 E.00971
G1 X19.823 Y18.58 E.01361
G1 X18.559 Y18.59 E.03411
G1 X18.451 Y18.698 E.00412
G1 X18.451 Y18.592 E.00286
G1 X21.16 Y21.301 E.10338
G1 X21.365 Y21.123 E.00733
G1 X22.036 Y20.736 E.0209
G1 X22.771 Y20.49 E.02092
G1 X23.471 Y20.398 E.01905
G1 X24.334 Y20.465 E.02336
G1 X29.207 Y15.592 E.18597
G1 X30.75 Y15.592 E.04164
G1 X56.804 Y41.646 E.99428
G1 X56.804 Y41.54 E.00286
G1 X51.925 Y46.419 E.18619
G1 X51.406 Y46.405 E.01401
G1 X50.755 Y46.493 E.01773
G1 X49.992 Y46.757 E.02179
G1 X49.605 Y46.986 E.01213
G1 E-3.5
;WIPE_START
G1 F7200
G1 X49.992 Y46.757 E-.2136
G1 X50.755 Y46.493 E-.38351
G1 X51.406 Y46.405 E-.31204
G1 X51.925 Y46.419 E-.24661
G1 X52.437 Y45.907 E-.34424
;WIPE_END
G1 X54.285 Y27.08 F9000
G1 E5 F2400
G1 F3600
G1 X54.802 Y26.477 E.02143
G1 X55.128 Y25.913 E.01758
G1 X55.434 Y24.977 E.02657
G1 X56.804 Y26.347 E.05228
G1 X56.804 Y26.241 E.00286
G1 X23.101 Y59.944 E1.28619
G1 X21.558 Y59.944 E.04164
G1 X18.451 Y56.838 E.11855
G1 X18.451 Y56.944 E.00286
G1 X21.746 Y53.649 E.12574
G1 X22.515 Y53.978 E.02257
G1 X23.394 Y54.131 E.02408
G1 X29.207 Y59.944 E.22184
G1 X30.75 Y59.944 E.04164
G1 X56.804 Y33.89 E.99428
G1 X56.804 Y33.997 E.00289
G1 X50.852 Y28.044 E.22716
G1 X51.331 Y28.131 E.01314
G1 X51.984 Y28.121 E.01762
G1 X52.741 Y27.974 E.02081
G1 X53.226 Y27.783 E.01407
G1 E-3.5
;WIPE_START
G1 F7200
G1 X52.741 Y27.974 E-.2476
G1 X51.984 Y28.121 E-.36629
G1 X51.331 Y28.131 E-.31021
G1 X50.852 Y28.044 E-.23125
G1 X51.365 Y28.557 E-.34465
;WIPE_END
G1 X36.909 Y33.776 F9000
G1 E5 F2400
G1 F3600
G1 X36.133 Y34.022 E.02197
G1 X35.513 Y34.387 E.01941
G1 X34.872 Y35.013 E.02418
G1 X26.591 Y26.732 E.31602
G1 X26.893 Y26.345 E.01325
G1 X27.171 Y25.832 E.01575
G1 X27.426 Y25.022 E.02292
G1 X36.856 Y15.592 E.35987
G1 X38.399 Y15.592 E.04164
G1 X47.855 Y25.048 E.36086
G1 X47.927 Y25.416 E.01012
G1 X48.227 Y26.125 E.02077
G1 X48.651 Y26.745 E.02027
G1 X40.38 Y35.016 E.31564
G1 X40.584 Y35.259 E.00856
G1 X40.926 Y35.891 E.01939
G1 X41.132 Y36.562 E.01894
G1 X41.202 Y37.268 E.01914
G1 X41.127 Y37.995 E.01972
G1 X40.911 Y38.679 E.01936
G1 X40.606 Y39.244 E.01733
G1 X40.173 Y39.776 E.01851
G1 X39.883 Y40.023 E.01028
G1 X48.245 Y48.386 E.31913
G1 X47.941 Y49.08 E.02045
G1 X47.771 Y49.898 E.02255
G1 X47.772 Y50.571 E.01816
G1 X38.399 Y59.944 E.3577
G1 X36.856 Y59.944 E.04164
G1 X27.477 Y50.565 E.35792
G1 X27.498 Y50.174 E.01057
G1 X27.426 Y49.503 E.01821
G1 X27.175 Y48.713 E.02237
G1 X26.998 Y48.398 E.00975
G1 X35.373 Y40.023 E.31961
G1 X34.696 Y39.312 E.02649
G1 X34.344 Y38.68 E.01952
G1 X34.127 Y37.988 E.01957
G1 E-3.5
;WIPE_START
G1 F7200
G1 X34.344 Y38.68 E-.34448
G1 X34.696 Y39.312 E-.34362
G1 X35.373 Y40.023 E-.46634
G1 X34.859 Y40.537 E-.34556
;WIPE_END
G1 X22.02 Y27.785 F9000
G1 E5 F2400
G1 F3600
G1 X22.7 Y28.025 E.01946
G1 X23.214 Y28.116 E.01409
G1 X23.985 Y28.121 E.02081
G1 X24.396 Y28.051 E.01125
G1 X18.451 Y33.997 E.22689
G1 X18.451 Y33.89 E.00289
G1 X44.505 Y59.944 E.99428
G1 X46.048 Y59.944 E.04164
G1 X51.869 Y54.124 E.22212
G1 X52.834 Y53.949 E.02647
G1 X53.508 Y53.648 E.01992
G1 X56.804 Y56.944 E.12578
G1 X56.804 Y56.838 E.00286
G1 X53.698 Y59.944 E.11853
G1 X52.155 Y59.944 E.04164
G1 X18.451 Y26.241 E1.2862
G1 X18.451 Y26.347 E.00286
G1 X19.83 Y24.968 E.05263
G1 X19.767 Y24.528 E.01199
G1 X19.792 Y23.759 E.02076
G1 X19.895 Y23.247 E.01409
G1 X20.142 Y22.597 E.01876
G1 E-3.5
;WIPE_START
G1 F7200
G1 X19.895 Y23.247 E-.33029
G1 X19.792 Y23.759 E-.24807
G1 X19.767 Y24.528 E-.36547
G1 X19.83 Y24.968 E-.21113
G1 X19.317 Y25.482 E-.34504
;WIPE_END
G1 X21.118 Y47.333 F9000
G1 E5 F2400
G1 F3600
G1 X21.471 Y47.055 E.01212
G1 X22.151 Y46.691 E.02081
G1 X22.646 Y46.525 E.01409
G1 X23.326 Y46.415 E.01859
G1 X18.451 Y41.54 E.18604
G1 X18.451 Y41.646 E.00286
G1 X44.505 Y15.592 E.99428
G1 X46.048 Y15.592 E.04164
G1 X50.923 Y20.466 E.18602
G1 X51.656 Y20.398 E.01986
G1 X52.294 Y20.452 E.01728
G1 X53.041 Y20.661 E.02093
G1 X53.73 Y21.014 E.02089
G1 X54.096 Y21.3 E.01253
G1 X56.804 Y18.592 E.10334
G1 X56.804 Y18.698 E.00286
G1 X56.696 Y18.59 E.00412
G1 X55.434 Y18.58 E.03406
G1 X54.971 Y18.425 E.01318
G1 X54.588 Y18.1 E.01355
G1 X54.328 Y17.538 E.01671
G1 X54.304 Y16.198 E.03617
G1 X53.698 Y15.592 E.02313
G1 X52.155 Y15.592 E.04164
G1 X18.451 Y49.295 E1.2862
G1 X18.451 Y49.189 E.00286
G1 X19.767 Y50.504 E.0502
G1 X19.969 Y51.527 E.02814
G1 X20.291 Y52.227 E.02079
G1 X20.645 Y52.731 E.01662
;LAYER_CHANGE
;Z:2.12
;HEIGHT:0.16
;BEFORE_LAYER_CHANGE
G92 E0
;2.12


G1 E-3.5 F3600
;WIPE_START
G1 F7200
G1 X20.291 Y52.227 E-.29255
G1 X19.969 Y51.527 E-.36599
G1 X19.767 Y50.504 E-.49531
G1 X19.252 Y49.989 E-.34615
;WIPE_END
G1 Z2.12 F9000
;AFTER_LAYER_CHANGE
;2.12
G1 X35.251 Y39.473
G1 E5 F2400
;TYPE:Perimeter
;WIDTH:0.439999
G1 F1800
G1 X34.993 Y39.184 E.01045
G1 X34.665 Y38.624 E.01751
G1 X34.455 Y38.01 E.01751
G1 X34.374 Y37.447 E.01535
G1 X34.393 Y36.872 E.01552
G1 X34.534 Y36.247 E.01729
G1 X34.797 Y35.654 E.01751
G1 X35.134 Y35.177 E.01576
G1 X35.646 Y34.682 E.01922
G1 X36.198 Y34.34 E.01752
G1 X36.807 Y34.115 E.01752
G1 X37.448 Y34.015 E.01751
G1 X37.98 Y34.035 E.01437
G1 X38.291 Y34.078 E.00847
G1 X38.807 Y34.227 E.01449
G1 X39.311 Y34.479 E.01521
G1 X39.813 Y34.854 E.01691
G1 X40.263 Y35.352 E.01811
G1 X40.59 Y35.912 E.0175
G1 X40.8 Y36.526 E.01751
G1 X40.882 Y37.115 E.01605
G1 X40.862 Y37.669 E.01496
G1 X40.752 Y38.168 E.01379
G1 X40.654 Y38.475 E.0087
G1 X40.413 Y38.964 E.01471
G1 X40.082 Y39.41 E.01499
G1 X39.609 Y39.854 E.01751
G1 X39.057 Y40.196 E.01752
G1 X38.449 Y40.421 E.01749
G1 X37.808 Y40.521 E.01751
G1 X37.16 Y40.492 E.0175
G1 X36.53 Y40.336 E.01751
G1 X35.944 Y40.057 E.01751
G1 X35.425 Y39.668 E.0175
G1 X35.291 Y39.518 E.00543
G1 X35.545 Y39.2 F9000
G1 F1800
G1 X35.304 Y38.924 E.00989
G1 X35.022 Y38.43 E.01535
G1 X34.843 Y37.891 E.01533
G1 X34.774 Y37.351 E.01469
G1 X34.803 Y36.85 E.01354
G1 X34.927 Y36.347 E.01398
G1 X35.17 Y35.815 E.01578
G1 X35.497 Y35.371 E.01488
G1 X35.915 Y34.986 E.01534
G1 X36.401 Y34.692 E.01533
G1 X36.936 Y34.5 E.01534
G1 X37.498 Y34.418 E.01533
G1 X38.065 Y34.448 E.01532
G1 X38.615 Y34.591 E.01534
G1 X39.126 Y34.84 E.01534
G1 X39.56 Y35.171 E.01473
G1 X39.952 Y35.613 E.01594
G1 X40.234 Y36.106 E.01533
G1 X40.412 Y36.645 E.01532
G1 X40.479 Y37.158 E.01396
G1 X40.453 Y37.686 E.01427
G1 X40.329 Y38.189 E.01398
G1 X40.116 Y38.656 E.01385
G1 X39.759 Y39.166 E.0168
G1 X39.341 Y39.55 E.01532
G1 X38.854 Y39.844 E.01535
G1 X38.32 Y40.036 E.01531
G1 X37.757 Y40.119 E.01536
G1 X37.19 Y40.088 E.01532
G1 X36.64 Y39.945 E.01534
G1 X36.129 Y39.696 E.01534
G1 X35.678 Y39.351 E.01532
G1 X35.585 Y39.245 E.00381
G1 X35.831 Y38.935 F9000
;TYPE:External perimeter
;WIDTH:0.419999
G1 F1800
G1 X35.585 Y38.637 E.00991
G1 X35.354 Y38.206 E.01255
G1 X35.214 Y37.739 E.01251
G1 X35.17 Y37.324 E.01071
G1 X35.199 Y36.882 E.01136
G1 X35.317 Y36.423 E.01216
G1 X35.539 Y35.969 E.01296
G1 X35.838 Y35.581 E.01257
G1 X36.275 Y35.221 E.01453
G1 X36.735 Y34.985 E.01326
G1 X37.218 Y34.851 E.01286
G1 X37.586 Y34.809 E.0095
G1 X38.074 Y34.85 E.01256
G1 X38.544 Y34.986 E.01255
G1 X38.978 Y35.213 E.01257
G1 X39.358 Y35.521 E.01255
G1 X39.689 Y35.933 E.01356
G1 X39.932 Y36.432 E.01424
G1 X40.042 Y36.798 E.0098
G1 X40.086 Y37.234 E.01124
G1 X40.056 Y37.654 E.0108
G1 X39.932 Y38.127 E.01254
G1 X39.716 Y38.567 E.01257
G1 X39.412 Y38.96 E.01275
G1 X38.987 Y39.311 E.01414
G1 X38.488 Y39.562 E.01433
G1 X38.011 Y39.688 E.01266
G1 X37.67 Y39.727 E.00881
G1 X37.182 Y39.686 E.01256
G1 X36.711 Y39.55 E.01258
G1 X36.277 Y39.323 E.01257
G1 X35.897 Y39.015 E.01255
G1 X35.869 Y38.981 E.00113
G1 E-3.5 F3600
;WIPE_START
G1 F7200
G1 X35.831 Y38.935 E-.02834
G1 X35.585 Y38.637 E-.18355
G1 X35.354 Y38.206 E-.23228
G1 X35.214 Y37.739 E-.23158
G1 X35.17 Y37.324 E-.19823
G1 X35.199 Y36.882 E-.2104
G1 X35.317 Y36.423 E-.22511
G1 X35.493 Y36.063 E-.19051
;WIPE_END
G1 X25.834 Y27.034 F9000
G1 E5 F2400
;TYPE:Perimeter
;WIDTH:0.439999
G1 F1800
G1 X25.492 Y27.299 E.01168
G1 X24.854 Y27.608 E.01913
G1 X24.168 Y27.785 E.01912
G1 X23.461 Y27.822 E.0191
G1 X22.76 Y27.718 E.01912
G1 X22.093 Y27.478 E.01913
G1 X21.488 Y27.11 E.01911
G1 X20.967 Y26.63 E.01912
G1 X20.552 Y26.056 E.01911
G1 X20.258 Y25.411 E.01913
G1 X20.081 Y24.505 E.02491
G1 X20.097 Y23.828 E.01827
G1 X20.252 Y23.145 E.0189
G1 X20.541 Y22.498 E.01912
G1 X20.953 Y21.922 E.01911
G1 X21.471 Y21.438 E.01913
G1 X22.075 Y21.067 E.01913
G1 X22.74 Y20.823 E.01911
G1 X23.44 Y20.715 E.01911
G1 X24.148 Y20.748 E.01913
G1 X24.835 Y20.921 E.01912
G1 X25.474 Y21.227 E.01912
G1 X26.04 Y21.653 E.01912
G1 X26.51 Y22.183 E.01912
G1 X26.866 Y22.795 E.01911
G1 X27.094 Y23.466 E.01912
G1 X27.184 Y24.169 E.01913
G1 X27.133 Y24.876 E.01913
G1 X26.943 Y25.558 E.0191
G1 X26.622 Y26.19 E.01913
G1 X26.072 Y26.851 E.0232
G1 X25.881 Y26.998 E.0065
G1 X25.584 Y26.721 F9000
G1 F1800
G1 X25.255 Y26.969 E.01112
G1 X24.687 Y27.238 E.01696
G1 X24.078 Y27.389 E.01693
G1 X23.451 Y27.416 E.01694
G1 X22.83 Y27.319 E.01696
G1 X22.242 Y27.1 E.01693
G1 X21.708 Y26.77 E.01694
G1 X21.25 Y26.339 E.01697
G1 X20.887 Y25.827 E.01694
G1 X20.632 Y25.253 E.01695
G1 X20.482 Y24.439 E.02234
G1 X20.502 Y23.851 E.01588
G1 X20.645 Y23.245 E.0168
G1 X20.907 Y22.674 E.01695
G1 X21.277 Y22.167 E.01694
G1 X21.74 Y21.742 E.01696
G1 X22.278 Y21.418 E.01695
G1 X22.869 Y21.207 E.01693
G1 X23.491 Y21.118 E.01696
G1 X24.117 Y21.153 E.01692
G1 X24.725 Y21.312 E.01696
G1 X25.289 Y21.588 E.01694
G1 X25.787 Y21.97 E.01694
G1 X26.2 Y22.444 E.01696
G1 X26.51 Y22.989 E.01692
G1 X26.706 Y23.586 E.01696
G1 X26.78 Y24.209 E.01693
G1 X26.73 Y24.835 E.01695
G1 X26.556 Y25.439 E.01696
G1 X26.266 Y25.996 E.01695
G1 X25.768 Y26.582 E.02075
G1 X25.632 Y26.685 E.0046
G1 X25.341 Y26.416 F9000
;TYPE:External perimeter
;WIDTH:0.419999
G1 F1800
G1 X25.024 Y26.648 E.01008
G1 X24.525 Y26.877 E.01409
G1 X23.99 Y27.003 E.0141
G1 X23.441 Y27.021 E.01409
G1 X22.899 Y26.929 E.0141
G1 X22.386 Y26.732 E.0141
G1 X21.922 Y26.437 E.01411
G1 X21.526 Y26.056 E.0141
G1 X21.214 Y25.604 E.01409
G1 X20.997 Y25.1 E.01408
G1 X20.872 Y24.375 E.01887
G1 X20.897 Y23.875 E.01284
G1 X21.028 Y23.342 E.01408
G1 X21.263 Y22.846 E.01408
G1 X21.592 Y22.405 E.01412
G1 X22.002 Y22.039 E.0141
G1 X22.475 Y21.761 E.01408
G1 X22.995 Y21.582 E.01411
G1 X23.54 Y21.51 E.0141
G1 X24.088 Y21.548 E.01409
G1 X24.618 Y21.693 E.0141
G1 X25.108 Y21.94 E.01408
G1 X25.54 Y22.28 E.0141
G1 X25.897 Y22.698 E.0141
G1 X26.163 Y23.179 E.0141
G1 X26.328 Y23.703 E.01409
G1 X26.387 Y24.249 E.01409
G1 X26.336 Y24.796 E.01409
G1 X26.178 Y25.322 E.01409
G1 X25.918 Y25.807 E.01412
G1 X25.471 Y26.32 E.01746
G1 X25.389 Y26.381 E.00262
G1 E-3.5 F3600
;WIPE_START
G1 F7200
G1 X25.341 Y26.416 E-.02822
G1 X25.024 Y26.648 E-.18659
G1 X24.525 Y26.877 E-.26079
G1 X23.99 Y27.003 E-.26108
G1 X23.441 Y27.021 E-.26092
G1 X22.899 Y26.929 E-.26113
G1 X22.425 Y26.747 E-.24127
;WIPE_END
G1 X23.892 Y46.736 F9000
G1 E5 F2400
;TYPE:Perimeter
;WIDTH:0.439999
G1 F1800
G1 X24.148 Y46.748 E.00692
G1 X24.835 Y46.921 E.01912
G1 X25.474 Y47.227 E.01912
G1 X26.04 Y47.653 E.01912
G1 X26.51 Y48.183 E.01912
G1 X26.866 Y48.795 E.01911
G1 X27.094 Y49.466 E.01912
G1 X27.184 Y50.169 E.01913
G1 X27.133 Y50.876 E.01913
G1 X26.943 Y51.558 E.0191
G1 X26.622 Y52.19 E.01913
G1 X26.072 Y52.851 E.0232
G1 X25.492 Y53.299 E.01978
G1 X24.854 Y53.608 E.01913
G1 X24.168 Y53.785 E.01912
G1 X23.461 Y53.822 E.0191
G1 X22.76 Y53.718 E.01912
G1 X22.093 Y53.478 E.01913
G1 X21.488 Y53.11 E.01911
G1 X20.967 Y52.63 E.01912
G1 X20.552 Y52.056 E.01911
G1 X20.258 Y51.411 E.01913
G1 X20.081 Y50.505 E.02491
G1 X20.097 Y49.828 E.01827
G1 X20.252 Y49.145 E.0189
G1 X20.541 Y48.498 E.01912
G1 X20.953 Y47.922 E.01911
G1 X21.471 Y47.438 E.01913
G1 X22.075 Y47.067 E.01913
G1 X22.74 Y46.823 E.01911
G1 X23.44 Y46.715 E.01911
G1 X23.832 Y46.734 E.01059
G1 X23.862 Y47.139 F9000
G1 F1800
G1 X24.117 Y47.153 E.00689
G1 X24.725 Y47.312 E.01696
G1 X25.289 Y47.588 E.01694
G1 X25.787 Y47.97 E.01694
G1 X26.2 Y48.444 E.01696
G1 X26.51 Y48.989 E.01692
G1 X26.706 Y49.586 E.01696
G1 X26.78 Y50.209 E.01693
G1 X26.73 Y50.835 E.01695
G1 X26.556 Y51.439 E.01696
G1 X26.266 Y51.996 E.01695
G1 X25.768 Y52.582 E.02075
G1 X25.255 Y52.969 E.01734
G1 X24.687 Y53.238 E.01696
G1 X24.078 Y53.389 E.01693
G1 X23.451 Y53.416 E.01694
G1 X22.83 Y53.319 E.01696
G1 X22.242 Y53.1 E.01693
G1 X21.708 Y52.77 E.01694
G1 X21.25 Y52.339 E.01697
G1 X20.887 Y51.827 E.01694
G1 X20.632 Y51.253 E.01695
G1 X20.482 Y50.439 E.02234
G1 X20.502 Y49.851 E.01588
G1 X20.645 Y49.245 E.0168
G1 X20.907 Y48.674 E.01695
G1 X21.277 Y48.167 E.01694
G1 X21.74 Y47.742 E.01696
G1 X22.278 Y47.418 E.01695
G1 X22.869 Y47.207 E.01693
G1 X23.491 Y47.118 E.01696
G1 X23.802 Y47.135 E.0084
G1 X23.833 Y47.53 F9000
;TYPE:External perimeter
;WIDTH:0.419999
G1 F1800
G1 X24.088 Y47.548 E.00656
G1 X24.618 Y47.693 E.0141
G1 X25.108 Y47.94 E.01408
G1 X25.54 Y48.28 E.0141
G1 X25.897 Y48.698 E.0141
G1 X26.163 Y49.179 E.0141
G1 X26.328 Y49.703 E.01409
G1 X26.387 Y50.249 E.01409
G1 X26.336 Y50.796 E.01409
G1 X26.178 Y51.322 E.01409
G1 X25.918 Y51.807 E.01412
G1 X25.471 Y52.32 E.01746
G1 X25.024 Y52.648 E.01422
G1 X24.525 Y52.877 E.01409
G1 X23.99 Y53.003 E.0141
G1 X23.441 Y53.021 E.01409
G1 X22.899 Y52.929 E.0141
G1 X22.386 Y52.732 E.0141
G1 X21.922 Y52.437 E.01411
G1 X21.526 Y52.056 E.0141
G1 X21.214 Y51.604 E.01409
G1 X20.997 Y51.1 E.01408
G1 X20.872 Y50.375 E.01887
G1 X20.897 Y49.875 E.01284
G1 X21.028 Y49.342 E.01408
G1 X21.263 Y48.846 E.01408
G1 X21.592 Y48.405 E.01412
G1 X22.002 Y48.039 E.0141
G1 X22.475 Y47.761 E.01408
G1 X22.995 Y47.582 E.01411
G1 X23.54 Y47.51 E.0141
G1 X23.773 Y47.526 E.00599
G1 E-3.5 F3600
;WIPE_START
G1 F7200
G1 X23.833 Y47.53 E-.02856
G1 X24.088 Y47.548 E-.12143
G1 X24.618 Y47.693 E-.261
G1 X25.108 Y47.94 E-.26065
G1 X25.54 Y48.28 E-.26113
G1 X25.897 Y48.698 E-.26111
G1 X26.163 Y49.179 E-.26108
G1 X26.192 Y49.269 E-.04504
;WIPE_END
G1 X48.095 Y49.915 F9000
G1 E5 F2400
;TYPE:Perimeter
;WIDTH:0.439999
G1 F1800
G1 X48.097 Y49.828 E.00235
G1 X48.252 Y49.145 E.0189
G1 X48.541 Y48.498 E.01912
G1 X48.953 Y47.922 E.01911
G1 X49.432 Y47.473 E.01772
G1 X49.976 Y47.124 E.01744
G1 X50.255 Y46.986 E.0084
G1 X50.74 Y46.823 E.01381
G1 X51.44 Y46.715 E.01911
G1 X52.148 Y46.748 E.01913
G1 X52.835 Y46.921 E.01912
G1 X53.474 Y47.227 E.01912
G1 X54.04 Y47.653 E.01912
G1 X54.51 Y48.183 E.01912
G1 X54.866 Y48.795 E.01911
G1 X55.094 Y49.466 E.01912
G1 X55.184 Y50.169 E.01913
G1 X55.133 Y50.876 E.01913
G1 X54.943 Y51.558 E.0191
G1 X54.622 Y52.19 E.01913
G1 X54.072 Y52.851 E.0232
G1 X53.492 Y53.299 E.01978
G1 X52.854 Y53.608 E.01913
G1 X52.168 Y53.785 E.01912
G1 X51.461 Y53.822 E.0191
G1 X50.76 Y53.718 E.01912
G1 X50.093 Y53.478 E.01913
G1 X49.488 Y53.11 E.01911
G1 X48.967 Y52.63 E.01912
G1 X48.552 Y52.056 E.01911
G1 X48.258 Y51.411 E.01913
G1 X48.081 Y50.505 E.02491
G1 X48.093 Y49.975 E.01431
G1 X48.498 Y49.955 F9000
G1 F1800
G1 X48.502 Y49.851 E.00281
G1 X48.645 Y49.245 E.0168
G1 X48.907 Y48.674 E.01695
G1 X49.277 Y48.167 E.01694
G1 X49.7 Y47.777 E.01553
G1 X50.179 Y47.476 E.01527
G1 X50.694 Y47.266 E.01501
G1 X50.983 Y47.181 E.00813
G1 X51.491 Y47.118 E.01381
G1 X52.117 Y47.153 E.01692
G1 X52.725 Y47.312 E.01696
G1 X53.289 Y47.588 E.01694
G1 X53.787 Y47.97 E.01694
G1 X54.2 Y48.444 E.01696
G1 X54.51 Y48.989 E.01692
G1 X54.706 Y49.586 E.01696
G1 X54.78 Y50.209 E.01693
G1 X54.73 Y50.835 E.01695
G1 X54.556 Y51.439 E.01696
G1 X54.266 Y51.996 E.01695
G1 X53.768 Y52.582 E.02075
G1 X53.255 Y52.969 E.01734
G1 X52.687 Y53.238 E.01696
G1 X52.078 Y53.389 E.01693
G1 X51.451 Y53.416 E.01694
G1 X50.83 Y53.319 E.01696
G1 X50.242 Y53.1 E.01693
G1 X49.708 Y52.77 E.01694
G1 X49.25 Y52.339 E.01697
G1 X48.887 Y51.827 E.01694
G1 X48.632 Y51.253 E.01695
G1 X48.482 Y50.439 E.02234
G1 X48.496 Y50.015 E.01145
G1 X48.892 Y49.994 F9000
;TYPE:External perimeter
;WIDTH:0.419999
G1 F1800
G1 X48.899 Y49.856 E.00354
G1 X49.028 Y49.342 E.0136
G1 X49.263 Y48.846 E.01408
G1 X49.592 Y48.405 E.01412
G1 X50.002 Y48.039 E.0141
G1 X50.475 Y47.761 E.01408
G1 X50.995 Y47.582 E.01411
G1 X51.54 Y47.51 E.0141
G1 X52.088 Y47.548 E.01409
G1 X52.618 Y47.693 E.0141
G1 X53.108 Y47.94 E.01408
G1 X53.54 Y48.28 E.0141
G1 X53.897 Y48.698 E.0141
G1 X54.163 Y49.179 E.0141
G1 X54.328 Y49.703 E.01409
G1 X54.387 Y50.249 E.01409
G1 X54.336 Y50.796 E.01409
G1 X54.178 Y51.322 E.01409
G1 X53.918 Y51.807 E.01412
G1 X53.471 Y52.32 E.01746
G1 X53.024 Y52.648 E.01422
G1 X52.525 Y52.877 E.01409
G1 X51.99 Y53.003 E.0141
G1 X51.441 Y53.021 E.01409
G1 X50.899 Y52.929 E.0141
G1 X50.386 Y52.732 E.0141
G1 X49.922 Y52.437 E.01411
G1 X49.526 Y52.056 E.0141
G1 X49.214 Y51.604 E.01409
G1 X48.997 Y51.1 E.01408
G1 X48.872 Y50.375 E.01887
G1 X48.888 Y50.054 E.00825
G1 E-3.5 F3600
;WIPE_START
G1 F7200
G1 X48.892 Y49.994 E-.02856
G1 X48.899 Y49.856 E-.06563
G1 X49.028 Y49.342 E-.25172
G1 X49.263 Y48.846 E-.26071
G1 X49.592 Y48.405 E-.26135
G1 X50.002 Y48.039 E-.26106
G1 X50.475 Y47.761 E-.26061
G1 X50.695 Y47.686 E-.11036
;WIPE_END
G1 X51.187 Y27.782 F9000
G1 E5 F2400
;TYPE:Perimeter
;WIDTH:0.439999
G1 F1800
G1 X50.76 Y27.718 E.01165
G1 X50.093 Y27.478 E.01913
G1 X49.488 Y27.11 E.01911
G1 X48.983 Y26.645 E.01852
G1 X48.598 Y26.124 E.01748
G1 X48.315 Y25.546 E.01737
G1 X48.194 Y25.186 E.01025
G1 X48.081 Y24.505 E.01863
G1 X48.097 Y23.828 E.01827
G1 X48.252 Y23.145 E.0189
G1 X48.541 Y22.498 E.01912
G1 X48.953 Y21.922 E.01911
G1 X49.471 Y21.438 E.01913
G1 X50.075 Y21.067 E.01913
G1 X50.74 Y20.823 E.01911
G1 X51.44 Y20.715 E.01911
G1 X52.148 Y20.748 E.01913
G1 X52.835 Y20.921 E.01912
G1 X53.474 Y21.227 E.01912
G1 X54.027 Y21.643 E.01867
G1 X54.51 Y22.183 E.01955
G1 X54.866 Y22.795 E.01911
G1 X55.094 Y23.466 E.01912
G1 X55.184 Y24.169 E.01913
G1 X55.133 Y24.876 E.01913
G1 X54.943 Y25.558 E.0191
G1 X54.622 Y26.19 E.01913
G1 X54.072 Y26.851 E.0232
G1 X53.492 Y27.299 E.01978
G1 X52.854 Y27.608 E.01913
G1 X52.168 Y27.785 E.01912
G1 X51.461 Y27.822 E.0191
G1 X51.247 Y27.79 E.00584
G1 X51.237 Y27.383 F9000
G1 F1800
G1 X50.83 Y27.319 E.01112
G1 X50.242 Y27.1 E.01693
G1 X49.708 Y26.77 E.01694
G1 X49.266 Y26.355 E.01636
G1 X48.933 Y25.895 E.01532
G1 X48.689 Y25.388 E.01518
G1 X48.594 Y25.12 E.00767
G1 X48.482 Y24.439 E.01862
G1 X48.502 Y23.851 E.01588
G1 X48.645 Y23.245 E.0168
G1 X48.907 Y22.674 E.01695
G1 X49.277 Y22.167 E.01694
G1 X49.74 Y21.742 E.01696
G1 X50.278 Y21.418 E.01695
G1 X50.869 Y21.207 E.01693
G1 X51.491 Y21.118 E.01696
G1 X52.117 Y21.153 E.01692
G1 X52.725 Y21.312 E.01696
G1 X53.289 Y21.588 E.01694
G1 X53.774 Y21.96 E.01649
G1 X54.2 Y22.444 E.0174
G1 X54.51 Y22.989 E.01692
G1 X54.706 Y23.586 E.01696
G1 X54.78 Y24.209 E.01693
G1 X54.73 Y24.835 E.01695
G1 X54.556 Y25.439 E.01696
G1 X54.266 Y25.996 E.01695
G1 X53.768 Y26.582 E.02075
G1 X53.255 Y26.969 E.01734
G1 X52.687 Y27.238 E.01696
G1 X52.078 Y27.389 E.01693
G1 X51.451 Y27.416 E.01694
G1 X51.297 Y27.392 E.00421
G1 X51.286 Y26.995 F9000
;TYPE:External perimeter
;WIDTH:0.419999
G1 F1800
G1 X50.899 Y26.929 E.01007
G1 X50.386 Y26.732 E.0141
G1 X49.922 Y26.437 E.01411
G1 X49.542 Y26.072 E.01352
G1 X49.214 Y25.604 E.01466
G1 X48.997 Y25.1 E.01408
G1 X48.872 Y24.375 E.01887
G1 X48.897 Y23.875 E.01284
G1 X49.028 Y23.342 E.01408
G1 X49.263 Y22.846 E.01408
G1 X49.592 Y22.405 E.01412
G1 X50.002 Y22.039 E.0141
G1 X50.475 Y21.761 E.01408
G1 X50.995 Y21.582 E.01411
G1 X51.54 Y21.51 E.0141
G1 X52.088 Y21.548 E.01409
G1 X52.618 Y21.693 E.0141
G1 X53.108 Y21.94 E.01408
G1 X53.527 Y22.269 E.01367
G1 X53.897 Y22.698 E.01453
G1 X54.163 Y23.179 E.0141
G1 X54.328 Y23.703 E.01409
G1 X54.387 Y24.249 E.01409
G1 X54.336 Y24.796 E.01409
G1 X54.178 Y25.322 E.01409
G1 X53.918 Y25.807 E.01412
G1 X53.471 Y26.32 E.01746
G1 X53.024 Y26.648 E.01422
G1 X52.525 Y26.877 E.01409
G1 X51.99 Y27.003 E.0141
G1 X51.441 Y27.021 E.01409
G1 X51.345 Y27.005 E.0025
G1 E-3.5 F3600
;WIPE_START
G1 F7200
G1 X51.286 Y26.995 E-.02842
G1 X50.899 Y26.929 E-.18648
G1 X50.386 Y26.732 E-.26102
G1 X49.922 Y26.437 E-.26117
G1 X49.542 Y26.072 E-.25028
G1 X49.214 Y25.604 E-.27146
G1 X49.013 Y25.137 E-.24117
;WIPE_END
G1 X54.913 Y17.989 F9000
G1 E5 F2400
;TYPE:Perimeter
;WIDTH:0.439999
G1 F3600
G1 X55.214 Y18.197 E.00987
G1 X55.611 Y18.279 E.01094
G1 X57.116 Y18.279 E.04061
G1 X57.116 Y60.257 E1.13277
G1 X18.139 Y60.257 E1.05179
G1 X18.139 Y18.279 E1.13277
G1 X19.748 Y18.279 E.04342
G1 X20.046 Y18.195 E.00835
G1 X20.359 Y17.977 E.01029
G1 X20.563 Y17.667 E.01001
G1 X20.639 Y17.285 E.01051
G1 X20.639 Y15.279 E.05413
G1 X54.616 Y15.279 E.91686
G1 X54.616 Y17.285 E.05413
G1 X54.694 Y17.67 E.0106
G1 X54.875 Y17.943 E.00884
G1 X55.202 Y17.696 F9000
G1 F3600
G1 X55.323 Y17.798 E.00427
G1 X55.611 Y17.874 E.00804
G1 X57.522 Y17.874 E.05157
G1 X57.522 Y60.662 E1.15463
G1 X17.733 Y60.662 E1.0737
G1 X17.733 Y17.874 E1.15463
G1 X19.711 Y17.874 E.05338
G1 X19.978 Y17.77 E.00773
G1 X20.164 Y17.562 E.00753
G1 X20.233 Y17.285 E.0077
G1 X20.233 Y14.874 E.06506
G1 X55.022 Y14.874 E.93877
G1 X55.022 Y17.375 E.06749
G1 X55.151 Y17.653 E.00827
G1 X55.156 Y17.657 E.00017
G1 X55.484 Y17.417 F9000
;TYPE:External perimeter
;WIDTH:0.419999
G1 F1800
G1 X55.611 Y17.478 E.00361
G1 X57.918 Y17.478 E.05918
G1 X57.918 Y61.058 E1.11802
G1 X17.338 Y61.058 E1.04106
G1 X17.338 Y17.478 E1.11802
G1 X19.645 Y17.478 E.05918
G1 X19.769 Y17.432 E.00339
G1 X19.838 Y17.285 E.00417
G1 X19.838 Y14.478 E.07201
G1 X55.418 Y14.478 E.91278
G1 X55.418 Y17.285 E.07201
G1 X55.449 Y17.374 E.00242
G1 E-3.5 F3600
;WIPE_START
G1 F7200
G1 X55.484 Y17.417 E-.02634
G1 X55.611 Y17.478 E-.06692
G1 X57.918 Y17.478 E-1.09582
G1 X57.918 Y18.133 E-.31092
;WIPE_END
G1 X54.284 Y27.079 F9000
G1 E5 F2400
;TYPE:Internal infill
;WIDTH:0.44
G1 F3600
G1 X54.893 Y26.345 E.02574
G1 X55.24 Y25.655 E.02084
G1 X55.434 Y24.977 E.01903
G1 X56.804 Y26.347 E.05228
G1 X56.804 Y26.241 E.00286
G1 X23.101 Y59.944 E1.28619
G1 X21.558 Y59.944 E.04164
G1 X18.451 Y56.838 E.11855
G1 X18.451 Y56.944 E.00286
G1 X21.746 Y53.649 E.12574
G1 X22.515 Y53.978 E.02257
G1 X23.394 Y54.131 E.02408
G1 X29.207 Y59.944 E.22184
G1 X30.75 Y59.944 E.04164
G1 X56.804 Y33.89 E.99428
G1 X56.804 Y33.997 E.00289
G1 X50.852 Y28.044 E.22716
G1 X51.331 Y28.131 E.01314
G1 X51.984 Y28.121 E.01762
G1 X52.741 Y27.974 E.02081
G1 X53.226 Y27.783 E.01407
G1 E-3.5
;WIPE_START
G1 F7200
G1 X52.741 Y27.974 E-.2476
G1 X51.984 Y28.121 E-.36629
G1 X51.331 Y28.131 E-.31021
G1 X50.852 Y28.044 E-.23125
G1 X51.365 Y28.557 E-.34465
;WIPE_END
G1 X36.909 Y33.776 F9000
G1 E5 F2400
G1 F3600
G1 X36.133 Y34.022 E.02197
G1 X35.513 Y34.387 E.01941
G1 X34.872 Y35.013 E.02418
G1 X26.591 Y26.732 E.31602
G1 X26.893 Y26.345 E.01325
G1 X27.171 Y25.832 E.01575
G1 X27.426 Y25.022 E.02292
G1 X36.856 Y15.592 E.35987
G1 X38.399 Y15.592 E.04164
G1 X47.864 Y25.057 E.36121
G1 X47.927 Y25.415 E.00981
G1 X48.227 Y26.125 E.0208
G1 X48.651 Y26.745 E.02027
G1 X40.38 Y35.016 E.31564
G1 X40.584 Y35.259 E.00856
G1 X40.926 Y35.891 E.01939
G1 X41.131 Y36.561 E.01891
G1 X41.2 Y37.193 E.01716
G1 X41.156 Y37.839 E.01747
G1 X40.991 Y38.478 E.01781
G1 X40.681 Y39.126 E.01938
G1 X40.247 Y39.7 E.01942
G1 X39.881 Y40.022 E.01315
G1 X48.252 Y48.393 E.31946
G1 X47.989 Y48.937 E.01631
G1 X47.798 Y49.683 E.02078
G1 X47.779 Y50.564 E.02378
G1 X38.399 Y59.944 E.35796
G1 X36.856 Y59.944 E.04164
G1 X27.477 Y50.565 E.35792
G1 X27.498 Y50.174 E.01057
G1 X27.426 Y49.503 E.01821
G1 X27.175 Y48.713 E.02237
G1 X26.998 Y48.398 E.00975
G1 X35.373 Y40.023 E.31961
G1 X34.696 Y39.312 E.02649
G1 X34.344 Y38.68 E.01952
G1 X34.127 Y37.988 E.01957
G1 E-3.5
;WIPE_START
G1 F7200
G1 X34.344 Y38.68 E-.34448
G1 X34.696 Y39.312 E-.34362
G1 X35.373 Y40.023 E-.46634
G1 X34.859 Y40.537 E-.34556
;WIPE_END
G1 X22.02 Y27.785 F9000
G1 E5 F2400
G1 F3600
G1 X22.7 Y28.025 E.01946
G1 X23.214 Y28.116 E.01409
G1 X23.985 Y28.121 E.02081
G1 X24.396 Y28.051 E.01125
G1 X18.451 Y33.997 E.22689
G1 X18.451 Y33.89 E.00289
G1 X44.505 Y59.944 E.99428
G1 X46.048 Y59.944 E.04164
G1 X51.869 Y54.124 E.22212
G1 X52.834 Y53.949 E.02647
G1 X53.508 Y53.648 E.01992
G1 X56.804 Y56.944 E.12578
G1 X56.804 Y56.838 E.00286
G1 X53.698 Y59.944 E.11853
G1 X52.155 Y59.944 E.04164
G1 X18.451 Y26.241 E1.2862
G1 X18.451 Y26.347 E.00286
G1 X19.844 Y24.954 E.05316
G1 X19.755 Y24.349 E.0165
G1 X19.785 Y23.805 E.0147
G1 X19.951 Y23.062 E.02054
G1 X20.151 Y22.588 E.01388
G1 E-3.5
;WIPE_START
G1 F7200
G1 X19.951 Y23.062 E-.24437
G1 X19.785 Y23.805 E-.36163
G1 X19.755 Y24.349 E-.25879
G1 X19.844 Y24.954 E-.29047
G1 X19.331 Y25.467 E-.34474
;WIPE_END
G1 X21.118 Y47.333 F9000
G1 E5 F2400
G1 F3600
G1 X21.471 Y47.055 E.01212
G1 X22.151 Y46.691 E.02081
G1 X22.646 Y46.525 E.01409
G1 X23.326 Y46.415 E.01859
G1 X18.451 Y41.54 E.18604
G1 X18.451 Y41.646 E.00286
G1 X44.505 Y15.592 E.99428
G1 X46.048 Y15.592 E.04164
G1 X50.923 Y20.466 E.18602
G1 X51.656 Y20.398 E.01986
G1 X52.294 Y20.452 E.01728
G1 X53.041 Y20.661 E.02093
G1 X53.73 Y21.014 E.02089
G1 X54.096 Y21.3 E.01253
G1 X56.804 Y18.592 E.10334
G1 X56.804 Y18.698 E.00286
G1 X56.696 Y18.59 E.00412
G1 X55.434 Y18.58 E.03406
G1 X54.971 Y18.425 E.01318
G1 X54.588 Y18.1 E.01355
G1 X54.328 Y17.538 E.01671
G1 X54.304 Y16.198 E.03617
G1 X53.698 Y15.592 E.02313
G1 X52.155 Y15.592 E.04164
G1 X18.451 Y49.295 E1.2862
G1 X18.451 Y49.189 E.00286
G1 X19.78 Y50.518 E.05072
G1 X19.968 Y51.527 E.0277
G1 X20.291 Y52.227 E.0208
G1 X20.656 Y52.744 E.01708
G1 E-3.5
;WIPE_START
G1 F7200
G1 X20.291 Y52.227 E-.30061
G1 X19.968 Y51.527 E-.36619
G1 X19.78 Y50.518 E-.48752
G1 X19.266 Y50.003 E-.34568
;WIPE_END
G1 X49.604 Y46.985 F9000
G1 E5 F2400
G1 F3600
G1 X50.03 Y46.739 E.01327
G1 X50.756 Y46.493 E.02069
G1 X51.406 Y46.405 E.0177
G1 X51.925 Y46.419 E.01401
G1 X56.804 Y41.54 E.18619
G1 X56.804 Y41.646 E.00286
G1 X30.75 Y15.592 E.99428
G1 X29.207 Y15.592 E.04164
G1 X24.334 Y20.465 E.18597
G1 X23.471 Y20.398 E.02336
G1 X22.771 Y20.49 E.01905
G1 X22.036 Y20.736 E.02092
G1 X21.365 Y21.123 E.0209
G1 X21.16 Y21.301 E.00733
G1 X18.451 Y18.592 E.10338
G1 X18.451 Y18.698 E.00286
G1 X18.559 Y18.59 E.00412
G1 X19.823 Y18.58 E.03411
G1 X20.3 Y18.416 E.01361
G1 X20.584 Y18.195 E.00971
G1 X20.799 Y17.899 E.00987
G1 X20.927 Y17.539 E.01031
G1 X20.951 Y16.198 E.03619
G1 X21.558 Y15.592 E.02315
G1 X23.101 Y15.592 E.04164
G1 X56.804 Y49.295 E1.28619
G1 X56.804 Y49.189 E.00286
G1 X55.483 Y50.51 E.05041
G1 X55.495 Y50.143 E.00991
G1 X55.394 Y49.379 E.0208
G1 X55.143 Y48.651 E.02078
G1 X54.892 Y48.191 E.01414
;LAYER_CHANGE
;Z:2.28
;HEIGHT:0.16
;BEFORE_LAYER_CHANGE
G92 E0
;2.28


G1 E-3.5 F3600
;WIPE_START
G1 F7200
G1 X55.143 Y48.651 E-.24891
G1 X55.394 Y49.379 E-.36578
G1 X55.495 Y50.143 E-.36606
G1 X55.483 Y50.51 E-.17442
G1 X55.996 Y49.997 E-.34483
;WIPE_END
G1 Z2.28 F9000
;AFTER_LAYER_CHANGE
;2.28
G1 X40.403 Y38.964
G1 E5 F2400
;TYPE:Perimeter
;WIDTH:0.439999
G1 F1800
G1 X40.374 Y39.021 E.00173
G1 X40.013 Y39.487 E.01591
G1 X39.615 Y39.849 E.01452
G1 X39.086 Y40.179 E.01682
G1 X38.449 Y40.421 E.01839
G1 X37.808 Y40.521 E.01751
G1 X37.16 Y40.492 E.0175
G1 X36.53 Y40.336 E.01751
G1 X35.944 Y40.057 E.01751
G1 X35.425 Y39.668 E.0175
G1 X34.993 Y39.184 E.01751
G1 X34.665 Y38.624 E.01751
G1 X34.455 Y38.01 E.01751
G1 X34.374 Y37.442 E.01548
G1 X34.393 Y36.871 E.01542
G1 X34.534 Y36.247 E.01726
G1 X34.797 Y35.654 E.01751
G1 X35.134 Y35.177 E.01576
G1 X35.646 Y34.682 E.01922
G1 X36.198 Y34.34 E.01752
G1 X36.807 Y34.115 E.01752
G1 X37.448 Y34.015 E.01751
G1 X37.987 Y34.036 E.01456
G1 X38.291 Y34.078 E.00828
G1 X38.807 Y34.227 E.01449
G1 X39.311 Y34.479 E.01521
G1 X39.813 Y34.854 E.01691
G1 X40.263 Y35.352 E.01811
G1 X40.59 Y35.912 E.0175
G1 X40.8 Y36.526 E.01751
G1 X40.884 Y37.169 E.0175
G1 X40.839 Y37.816 E.0175
G1 X40.667 Y38.442 E.01752
G1 X40.43 Y38.91 E.01416
G1 X40.056 Y38.752 F9000
G1 F1800
G1 X40.018 Y38.827 E.00227
G1 X39.7 Y39.23 E.01385
G1 X39.292 Y39.589 E.01467
G1 X38.854 Y39.844 E.01368
G1 X38.32 Y40.036 E.01531
G1 X37.757 Y40.119 E.01536
G1 X37.19 Y40.088 E.01532
G1 X36.64 Y39.945 E.01534
G1 X36.129 Y39.696 E.01534
G1 X35.678 Y39.351 E.01532
G1 X35.304 Y38.924 E.01532
G1 X35.022 Y38.43 E.01535
G1 X34.843 Y37.891 E.01533
G1 X34.774 Y37.347 E.0148
G1 X34.805 Y36.838 E.01376
G1 X34.927 Y36.347 E.01365
G1 X35.163 Y35.83 E.01534
G1 X35.458 Y35.422 E.01359
G1 X35.915 Y34.986 E.01704
G1 X36.401 Y34.692 E.01533
G1 X36.936 Y34.5 E.01534
G1 X37.498 Y34.418 E.01533
G1 X38.065 Y34.448 E.01532
G1 X38.615 Y34.591 E.01534
G1 X39.126 Y34.84 E.01534
G1 X39.56 Y35.171 E.01473
G1 X39.952 Y35.613 E.01594
G1 X40.234 Y36.106 E.01533
G1 X40.412 Y36.645 E.01532
G1 X40.481 Y37.209 E.01533
G1 X40.436 Y37.776 E.01535
G1 X40.279 Y38.322 E.01533
G1 X40.084 Y38.699 E.01145
G1 X39.712 Y38.542 F9000
;TYPE:External perimeter
;WIDTH:0.419999
G1 F1800
G1 X39.615 Y38.71 E.00498
G1 X39.371 Y39.002 E.00976
G1 X39.048 Y39.276 E.01087
G1 X38.481 Y39.565 E.01633
G1 X38.156 Y39.67 E.00876
G1 X37.67 Y39.727 E.01255
G1 X37.182 Y39.686 E.01256
G1 X36.711 Y39.55 E.01258
G1 X36.277 Y39.323 E.01257
G1 X35.897 Y39.015 E.01255
G1 X35.585 Y38.637 E.01257
G1 X35.354 Y38.206 E.01255
G1 X35.214 Y37.739 E.01251
G1 X35.17 Y37.32 E.01081
G1 X35.199 Y36.882 E.01126
G1 X35.323 Y36.409 E.01254
G1 X35.539 Y35.969 E.01257
G1 X35.838 Y35.581 E.01257
G1 X36.208 Y35.26 E.01257
G1 X36.735 Y34.985 E.01525
G1 X37.062 Y34.875 E.00885
G1 X37.569 Y34.809 E.01312
G1 X38.069 Y34.848 E.01287
G1 X38.544 Y34.986 E.01269
G1 X38.978 Y35.213 E.01257
G1 X39.358 Y35.521 E.01255
G1 X39.689 Y35.933 E.01356
G1 X39.932 Y36.432 E.01424
G1 X40.042 Y36.8 E.00985
G1 X40.087 Y37.287 E.01255
G1 X40.034 Y37.774 E.01257
G1 X39.886 Y38.241 E.01257
G1 X39.742 Y38.49 E.00738
G1 E-3.5 F3600
;WIPE_START
G1 F7200
G1 X39.712 Y38.542 E-.02852
G1 X39.615 Y38.71 E-.09215
G1 X39.371 Y39.002 E-.18075
G1 X39.048 Y39.276 E-.20119
G1 X38.481 Y39.565 E-.30229
G1 X38.156 Y39.67 E-.16223
G1 X37.67 Y39.727 E-.23243
G1 X37.182 Y39.686 E-.23262
G1 X37.045 Y39.646 E-.06782
;WIPE_END
G1 X49.415 Y27.043 F9000
G1 E5 F2400
;TYPE:Perimeter
;WIDTH:0.439999
G1 F1800
G1 X48.983 Y26.645 E.01585
G1 X48.598 Y26.124 E.01748
G1 X48.315 Y25.546 E.01737
G1 X48.2 Y25.222 E.00928
G1 X48.099 Y24.721 E.01379
G1 X48.079 Y24.012 E.01914
G1 X48.276 Y23.088 E.02549
G1 X48.547 Y22.487 E.01779
G1 X48.953 Y21.922 E.01877
G1 X49.471 Y21.438 E.01913
G1 X50.075 Y21.067 E.01913
G1 X50.74 Y20.823 E.01911
G1 X51.44 Y20.715 E.01911
G1 X52.148 Y20.748 E.01913
G1 X52.835 Y20.921 E.01912
G1 X53.474 Y21.227 E.01912
G1 X54.027 Y21.643 E.01867
G1 X54.51 Y22.183 E.01955
G1 X54.866 Y22.795 E.01911
G1 X55.094 Y23.466 E.01912
G1 X55.184 Y24.169 E.01913
G1 X55.133 Y24.876 E.01913
G1 X54.943 Y25.558 E.0191
G1 X54.535 Y26.315 E.02321
G1 X54.055 Y26.869 E.01978
G1 X53.492 Y27.299 E.01912
G1 X52.854 Y27.608 E.01913
G1 X52.168 Y27.785 E.01912
G1 X51.461 Y27.822 E.0191
G1 X50.76 Y27.718 E.01912
G1 X50.093 Y27.478 E.01913
G1 X49.488 Y27.11 E.01911
G1 X49.459 Y27.084 E.00105
G1 X49.665 Y26.729 F9000
G1 F1800
G1 X49.266 Y26.355 E.01476
G1 X48.933 Y25.895 E.01532
G1 X48.689 Y25.388 E.01518
G1 X48.598 Y25.141 E.0071
G1 X48.496 Y24.64 E.0138
G1 X48.485 Y24.012 E.01695
G1 X48.67 Y23.184 E.02289
G1 X48.91 Y22.668 E.01536
G1 X49.277 Y22.167 E.01676
G1 X49.74 Y21.742 E.01696
G1 X50.278 Y21.418 E.01695
G1 X50.869 Y21.207 E.01693
G1 X51.491 Y21.118 E.01696
G1 X52.117 Y21.153 E.01692
G1 X52.725 Y21.312 E.01696
G1 X53.289 Y21.588 E.01694
G1 X53.774 Y21.96 E.01649
G1 X54.2 Y22.444 E.0174
G1 X54.51 Y22.989 E.01692
G1 X54.706 Y23.586 E.01696
G1 X54.78 Y24.209 E.01693
G1 X54.73 Y24.835 E.01695
G1 X54.556 Y25.439 E.01696
G1 X54.184 Y26.112 E.02075
G1 X53.758 Y26.593 E.01734
G1 X53.255 Y26.969 E.01695
G1 X52.687 Y27.238 E.01696
G1 X52.078 Y27.389 E.01693
G1 X51.451 Y27.416 E.01694
G1 X50.83 Y27.319 E.01696
G1 X50.242 Y27.1 E.01693
G1 X49.709 Y26.77 E.01692
G1 X49.909 Y26.424 F9000
;TYPE:External perimeter
;WIDTH:0.419999
G1 F1800
G1 X49.542 Y26.072 E.01305
G1 X49.214 Y25.604 E.01466
G1 X48.997 Y25.1 E.01408
G1 X48.884 Y24.562 E.0141
G1 X48.88 Y24.012 E.01411
G1 X49.054 Y23.278 E.01935
G1 X49.283 Y22.813 E.0133
G1 X49.592 Y22.405 E.01313
G1 X50.002 Y22.039 E.0141
G1 X50.475 Y21.761 E.01408
G1 X50.995 Y21.582 E.01411
G1 X51.54 Y21.51 E.0141
G1 X52.088 Y21.548 E.01409
G1 X52.618 Y21.693 E.0141
G1 X53.108 Y21.94 E.01408
G1 X53.527 Y22.269 E.01367
G1 X53.897 Y22.698 E.01453
G1 X54.163 Y23.179 E.0141
G1 X54.328 Y23.703 E.01409
G1 X54.387 Y24.249 E.01409
G1 X54.336 Y24.796 E.01409
G1 X54.177 Y25.322 E.0141
G1 X53.841 Y25.915 E.01749
G1 X53.468 Y26.324 E.0142
G1 X53.024 Y26.648 E.0141
G1 X52.525 Y26.877 E.01409
G1 X51.99 Y27.003 E.0141
G1 X51.441 Y27.021 E.01409
G1 X50.899 Y26.929 E.0141
G1 X50.386 Y26.732 E.0141
G1 X49.957 Y26.459 E.01305
G1 E-3.5 F3600
;WIPE_START
G1 F7200
G1 X49.909 Y26.424 E-.02822
G1 X49.542 Y26.072 E-.24155
G1 X49.214 Y25.604 E-.27146
G1 X48.997 Y25.1 E-.26065
G1 X48.884 Y24.562 E-.26113
G1 X48.88 Y24.012 E-.26126
G1 X48.965 Y23.652 E-.17573
;WIPE_END
G1 X51.362 Y46.727 F9000
G1 E5 F2400
;TYPE:Perimeter
;WIDTH:0.439999
G1 F1800
G1 X51.44 Y46.715 E.00213
G1 X52.148 Y46.748 E.01913
G1 X52.835 Y46.921 E.01912
G1 X53.474 Y47.227 E.01912
G1 X54.04 Y47.653 E.01912
G1 X54.51 Y48.183 E.01912
G1 X54.866 Y48.795 E.01911
G1 X55.094 Y49.466 E.01912
G1 X55.184 Y50.169 E.01913
G1 X55.133 Y50.876 E.01913
G1 X54.943 Y51.558 E.0191
G1 X54.535 Y52.315 E.02321
G1 X54.055 Y52.869 E.01978
G1 X53.492 Y53.299 E.01912
G1 X52.854 Y53.608 E.01913
G1 X52.168 Y53.785 E.01912
G1 X51.461 Y53.822 E.0191
G1 X50.76 Y53.718 E.01912
G1 X50.093 Y53.478 E.01913
G1 X49.488 Y53.11 E.01911
G1 X48.967 Y52.63 E.01912
G1 X48.552 Y52.056 E.01911
G1 X48.258 Y51.411 E.01913
G1 X48.099 Y50.721 E.01911
G1 X48.079 Y50.012 E.01914
G1 X48.204 Y49.382 E.01733
G1 X48.349 Y48.885 E.01397
G1 X48.59 Y48.409 E.0144
G1 X48.953 Y47.922 E.01639
G1 X49.471 Y47.438 E.01913
G1 X50.075 Y47.067 E.01913
G1 X50.74 Y46.823 E.01911
G1 X51.303 Y46.736 E.01537
G1 X51.393 Y47.132 F9000
G1 F1800
G1 X51.491 Y47.118 E.00267
G1 X52.117 Y47.153 E.01692
G1 X52.725 Y47.312 E.01696
G1 X53.289 Y47.588 E.01694
G1 X53.787 Y47.97 E.01694
G1 X54.2 Y48.444 E.01696
G1 X54.51 Y48.989 E.01692
G1 X54.706 Y49.586 E.01696
G1 X54.78 Y50.209 E.01693
G1 X54.73 Y50.835 E.01695
G1 X54.556 Y51.439 E.01696
G1 X54.184 Y52.112 E.02075
G1 X53.758 Y52.593 E.01734
G1 X53.255 Y52.969 E.01695
G1 X52.687 Y53.238 E.01696
G1 X52.078 Y53.389 E.01693
G1 X51.451 Y53.416 E.01694
G1 X50.83 Y53.319 E.01696
G1 X50.242 Y53.1 E.01693
G1 X49.708 Y52.77 E.01694
G1 X49.25 Y52.34 E.01695
G1 X48.887 Y51.827 E.01696
G1 X48.632 Y51.253 E.01695
G1 X48.496 Y50.64 E.01694
G1 X48.485 Y50.012 E.01695
G1 X48.598 Y49.479 E.0147
G1 X48.714 Y49.062 E.01168
G1 X48.967 Y48.576 E.01479
G1 X49.28 Y48.163 E.01398
G1 X49.74 Y47.742 E.01683
G1 X50.278 Y47.418 E.01695
G1 X50.869 Y47.207 E.01693
G1 X51.333 Y47.14 E.01265
G1 X51.422 Y47.526 F9000
;TYPE:External perimeter
;WIDTH:0.419999
G1 F1800
G1 X51.54 Y47.51 E.00305
G1 X52.088 Y47.548 E.01409
G1 X52.618 Y47.693 E.0141
G1 X53.108 Y47.94 E.01408
G1 X53.54 Y48.28 E.0141
G1 X53.897 Y48.698 E.0141
G1 X54.163 Y49.179 E.0141
G1 X54.328 Y49.703 E.01409
G1 X54.387 Y50.249 E.01409
G1 X54.336 Y50.796 E.01409
G1 X54.177 Y51.322 E.0141
G1 X53.841 Y51.915 E.01749
G1 X53.468 Y52.324 E.0142
G1 X53.024 Y52.648 E.0141
G1 X52.525 Y52.877 E.01409
G1 X51.99 Y53.003 E.0141
G1 X51.441 Y53.021 E.01409
G1 X50.899 Y52.929 E.0141
G1 X50.386 Y52.732 E.0141
G1 X49.922 Y52.437 E.01411
G1 X49.526 Y52.056 E.0141
G1 X49.214 Y51.604 E.01409
G1 X48.997 Y51.1 E.01408
G1 X48.884 Y50.562 E.0141
G1 X48.88 Y50.012 E.01411
G1 X49.054 Y49.278 E.01935
G1 X49.283 Y48.814 E.01327
G1 X49.593 Y48.404 E.01319
G1 X50.002 Y48.039 E.01406
G1 X50.475 Y47.761 E.01408
G1 X50.995 Y47.582 E.01411
G1 X51.363 Y47.534 E.00952
G1 E-3.5 F3600
;WIPE_START
G1 F7200
G1 X51.422 Y47.526 E-.02828
G1 X51.54 Y47.51 E-.05656
G1 X52.088 Y47.548 E-.26093
G1 X52.618 Y47.693 E-.261
G1 X53.108 Y47.94 E-.26065
G1 X53.54 Y48.28 E-.26113
G1 X53.897 Y48.698 E-.26111
G1 X54.009 Y48.901 E-.11034
;WIPE_END
G1 X27.152 Y49.915 F9000
G1 E5 F2400
;TYPE:Perimeter
;WIDTH:0.439999
G1 F1800
G1 X27.184 Y50.169 E.00691
G1 X27.133 Y50.876 E.01913
G1 X26.943 Y51.558 E.0191
G1 X26.535 Y52.315 E.02321
G1 X26.055 Y52.869 E.01978
G1 X25.492 Y53.299 E.01912
G1 X24.854 Y53.608 E.01913
G1 X24.168 Y53.785 E.01912
G1 X23.461 Y53.822 E.0191
G1 X22.76 Y53.718 E.01912
G1 X22.093 Y53.478 E.01913
G1 X21.488 Y53.11 E.01911
G1 X20.967 Y52.63 E.01912
G1 X20.552 Y52.056 E.01911
G1 X20.258 Y51.411 E.01913
G1 X20.099 Y50.721 E.01911
G1 X20.079 Y50.012 E.01914
G1 X20.2 Y49.314 E.01912
G1 X20.457 Y48.654 E.01911
G1 X20.938 Y47.942 E.02319
G1 X21.471 Y47.438 E.01979
G1 X22.075 Y47.067 E.01913
G1 X22.74 Y46.823 E.01911
G1 X23.44 Y46.715 E.01911
G1 X24.148 Y46.748 E.01913
G1 X24.835 Y46.921 E.01912
G1 X25.474 Y47.227 E.01912
G1 X26.04 Y47.653 E.01912
G1 X26.51 Y48.183 E.01912
G1 X26.866 Y48.795 E.01911
G1 X27.094 Y49.466 E.01912
G1 X27.144 Y49.856 E.01061
G1 X26.75 Y49.956 F9000
G1 F1800
G1 X26.78 Y50.209 E.00687
G1 X26.73 Y50.835 E.01695
G1 X26.556 Y51.439 E.01696
G1 X26.184 Y52.112 E.02075
G1 X25.758 Y52.593 E.01734
G1 X25.255 Y52.969 E.01695
G1 X24.687 Y53.238 E.01696
G1 X24.078 Y53.389 E.01693
G1 X23.451 Y53.416 E.01694
G1 X22.83 Y53.319 E.01696
G1 X22.242 Y53.1 E.01693
G1 X21.708 Y52.77 E.01694
G1 X21.25 Y52.34 E.01695
G1 X20.887 Y51.827 E.01696
G1 X20.632 Y51.253 E.01695
G1 X20.496 Y50.64 E.01694
G1 X20.485 Y50.012 E.01695
G1 X20.598 Y49.395 E.01693
G1 X20.831 Y48.812 E.01694
G1 X21.268 Y48.179 E.02076
G1 X21.74 Y47.742 E.01736
G1 X22.278 Y47.418 E.01695
G1 X22.869 Y47.207 E.01693
G1 X23.491 Y47.118 E.01696
G1 X24.117 Y47.153 E.01692
G1 X24.725 Y47.312 E.01696
G1 X25.289 Y47.588 E.01694
G1 X25.787 Y47.97 E.01694
G1 X26.2 Y48.444 E.01696
G1 X26.51 Y48.989 E.01692
G1 X26.706 Y49.586 E.01696
G1 X26.743 Y49.896 E.00842
G1 X26.36 Y49.995 F9000
;TYPE:External perimeter
;WIDTH:0.419999
G1 F1800
G1 X26.387 Y50.249 E.00655
G1 X26.336 Y50.796 E.01409
G1 X26.177 Y51.322 E.0141
G1 X25.841 Y51.915 E.01749
G1 X25.468 Y52.324 E.0142
G1 X25.024 Y52.648 E.0141
G1 X24.525 Y52.877 E.01409
G1 X23.99 Y53.003 E.0141
G1 X23.441 Y53.021 E.01409
G1 X22.899 Y52.929 E.0141
G1 X22.386 Y52.732 E.0141
G1 X21.922 Y52.437 E.01411
G1 X21.526 Y52.056 E.0141
G1 X21.214 Y51.604 E.01409
G1 X20.997 Y51.1 E.01408
G1 X20.884 Y50.562 E.0141
G1 X20.88 Y50.012 E.01411
G1 X20.986 Y49.473 E.01409
G1 X21.195 Y48.965 E.01409
G1 X21.589 Y48.41 E.01746
G1 X22.002 Y48.039 E.01424
G1 X22.475 Y47.761 E.01408
G1 X22.995 Y47.582 E.01411
G1 X23.54 Y47.51 E.0141
G1 X24.088 Y47.548 E.01409
G1 X24.618 Y47.693 E.0141
G1 X25.108 Y47.94 E.01408
G1 X25.54 Y48.28 E.0141
G1 X25.897 Y48.698 E.0141
G1 X26.163 Y49.179 E.0141
G1 X26.328 Y49.703 E.01409
G1 X26.353 Y49.935 E.00599
G1 E-3.5 F3600
;WIPE_START
G1 F7200
G1 X26.36 Y49.995 E-.02869
G1 X26.387 Y50.249 E-.12133
G1 X26.336 Y50.796 E-.26095
G1 X26.177 Y51.322 E-.26102
G1 X25.841 Y51.915 E-.32375
G1 X25.468 Y52.324 E-.26293
G1 X25.057 Y52.623 E-.24133
;WIPE_END
G1 X24.069 Y27.79 F9000
G1 E5 F2400
;TYPE:Perimeter
;WIDTH:0.439999
G1 F1800
G1 X23.461 Y27.822 E.01643
G1 X22.76 Y27.718 E.01912
G1 X22.093 Y27.478 E.01913
G1 X21.488 Y27.11 E.01911
G1 X20.967 Y26.63 E.01912
G1 X20.552 Y26.056 E.01911
G1 X20.258 Y25.411 E.01913
G1 X20.099 Y24.721 E.01911
G1 X20.079 Y24.012 E.01914
G1 X20.2 Y23.314 E.01912
G1 X20.457 Y22.654 E.01911
G1 X20.938 Y21.942 E.02319
G1 X21.305 Y21.585 E.01382
G1 X21.632 Y21.323 E.01131
G1 X22.075 Y21.067 E.01381
G1 X22.74 Y20.823 E.01911
G1 X23.44 Y20.715 E.01911
G1 X24.148 Y20.748 E.01913
G1 X24.835 Y20.921 E.01912
G1 X25.474 Y21.227 E.01912
G1 X26.04 Y21.653 E.01912
G1 X26.51 Y22.183 E.01912
G1 X26.866 Y22.795 E.01911
G1 X27.094 Y23.466 E.01912
G1 X27.184 Y24.169 E.01913
G1 X27.133 Y24.876 E.01913
G1 X26.943 Y25.558 E.0191
G1 X26.535 Y26.315 E.02321
G1 X26.055 Y26.869 E.01978
G1 X25.492 Y27.299 E.01912
G1 X24.854 Y27.608 E.01913
G1 X24.168 Y27.785 E.01912
G1 X24.129 Y27.787 E.00105
G1 X24.019 Y27.392 F9000
G1 F1800
G1 X23.451 Y27.416 E.01534
G1 X22.83 Y27.319 E.01696
G1 X22.242 Y27.1 E.01693
G1 X21.708 Y26.77 E.01694
G1 X21.25 Y26.34 E.01695
G1 X20.887 Y25.827 E.01696
G1 X20.632 Y25.253 E.01695
G1 X20.496 Y24.64 E.01694
G1 X20.485 Y24.012 E.01695
G1 X20.598 Y23.395 E.01693
G1 X20.831 Y22.812 E.01694
G1 X21.268 Y22.179 E.02076
G1 X21.74 Y21.742 E.01736
G1 X22.278 Y21.418 E.01695
G1 X22.869 Y21.207 E.01693
G1 X23.491 Y21.118 E.01696
G1 X24.117 Y21.153 E.01692
G1 X24.725 Y21.312 E.01696
G1 X25.289 Y21.588 E.01694
G1 X25.787 Y21.97 E.01694
G1 X26.2 Y22.444 E.01696
G1 X26.51 Y22.989 E.01692
G1 X26.706 Y23.586 E.01696
G1 X26.78 Y24.209 E.01693
G1 X26.73 Y24.835 E.01695
G1 X26.556 Y25.439 E.01696
G1 X26.184 Y26.112 E.02075
G1 X25.758 Y26.593 E.01734
G1 X25.255 Y26.969 E.01695
G1 X24.687 Y27.238 E.01696
G1 X24.079 Y27.389 E.01691
G1 X23.97 Y27.004 F9000
;TYPE:External perimeter
;WIDTH:0.419999
G1 F1800
G1 X23.441 Y27.021 E.01358
G1 X22.899 Y26.929 E.0141
G1 X22.386 Y26.732 E.0141
G1 X21.922 Y26.437 E.01411
G1 X21.526 Y26.056 E.0141
G1 X21.214 Y25.604 E.01409
G1 X20.997 Y25.1 E.01408
G1 X20.884 Y24.562 E.0141
G1 X20.88 Y24.012 E.01411
G1 X20.986 Y23.473 E.01409
G1 X21.195 Y22.965 E.01409
G1 X21.589 Y22.41 E.01746
G1 X22.002 Y22.039 E.01424
G1 X22.475 Y21.761 E.01408
G1 X22.995 Y21.582 E.01411
G1 X23.54 Y21.51 E.0141
G1 X24.088 Y21.548 E.01409
G1 X24.618 Y21.693 E.0141
G1 X25.108 Y21.94 E.01408
G1 X25.54 Y22.28 E.0141
G1 X25.897 Y22.698 E.0141
G1 X26.163 Y23.179 E.0141
G1 X26.328 Y23.703 E.01409
G1 X26.387 Y24.249 E.01409
G1 X26.336 Y24.796 E.01409
G1 X26.177 Y25.322 E.0141
G1 X25.841 Y25.915 E.01749
G1 X25.468 Y26.324 E.0142
G1 X25.024 Y26.648 E.0141
G1 X24.525 Y26.877 E.01409
G1 X24.029 Y26.994 E.01307
G1 E-3.5 F3600
;WIPE_START
G1 F7200
G1 X23.97 Y27.004 E-.02842
G1 X23.441 Y27.021 E-.2514
G1 X22.899 Y26.929 E-.26113
G1 X22.386 Y26.732 E-.26102
G1 X21.922 Y26.437 E-.26117
G1 X21.526 Y26.056 E-.26102
G1 X21.316 Y25.752 E-.17584
;WIPE_END
G1 X20.343 Y17.988 F9000
G1 E5 F2400
;TYPE:Perimeter
;WIDTH:0.439999
G1 F3600
G1 X20.359 Y17.977 E.00052
G1 X20.563 Y17.667 E.01001
G1 X20.639 Y17.285 E.01051
G1 X20.639 Y15.279 E.05413
G1 X54.616 Y15.279 E.91686
G1 X54.616 Y17.285 E.05413
G1 X54.694 Y17.67 E.0106
G1 X54.898 Y17.979 E.00999
G1 X55.214 Y18.197 E.01036
G1 X55.611 Y18.279 E.01094
G1 X57.116 Y18.279 E.04061
G1 X57.116 Y60.257 E1.13277
G1 X18.139 Y60.257 E1.05179
G1 X18.139 Y18.279 E1.13277
G1 X19.748 Y18.279 E.04342
G1 X20.046 Y18.195 E.00835
G1 X20.294 Y18.022 E.00816
G1 X20.05 Y17.69 F9000
G1 F3600
G1 X20.164 Y17.562 E.00463
G1 X20.233 Y17.285 E.0077
G1 X20.233 Y14.874 E.06506
G1 X55.022 Y14.874 E.93877
G1 X55.022 Y17.375 E.06749
G1 X55.151 Y17.653 E.00827
G1 X55.323 Y17.798 E.00607
G1 X55.611 Y17.874 E.00804
G1 X57.522 Y17.874 E.05157
G1 X57.522 Y60.662 E1.15463
G1 X17.733 Y60.662 E1.0737
G1 X17.733 Y17.874 E1.15463
G1 X19.711 Y17.874 E.05338
G1 X19.978 Y17.77 E.00773
G1 X20.01 Y17.735 E.00128
G1 X19.778 Y17.413 F9000
;TYPE:External perimeter
;WIDTH:0.419999
G1 F1800
G1 X19.838 Y17.285 E.00363
G1 X19.838 Y14.478 E.07201
G1 X55.418 Y14.478 E.91278
G1 X55.418 Y17.285 E.07201
G1 X55.46 Y17.406 E.00329
G1 X55.611 Y17.478 E.00429
G1 X57.918 Y17.478 E.05918
G1 X57.918 Y61.058 E1.11802
G1 X17.338 Y61.058 E1.04106
G1 X17.338 Y17.478 E1.11802
G1 X19.645 Y17.478 E.05918
G1 X19.733 Y17.446 E.0024
G1 E-3.5 F3600
;WIPE_START
G1 F7200
G1 X19.778 Y17.413 E-.02651
G1 X19.838 Y17.285 E-.06715
G1 X19.838 Y14.478 E-1.33333
G1 X19.992 Y14.478 E-.07301
;WIPE_END
G1 X20.142 Y22.597 F9000
G1 E5 F2400
;TYPE:Internal infill
;WIDTH:0.44
G1 F3600
G1 X19.895 Y23.247 E.01876
G1 X19.792 Y23.759 E.01409
G1 X19.767 Y24.528 E.02076
G1 X19.83 Y24.968 E.01199
G1 X18.451 Y26.347 E.05263
G1 X18.451 Y26.241 E.00286
G1 X52.155 Y59.944 E1.2862
G1 X53.698 Y59.944 E.04164
G1 X56.804 Y56.838 E.11853
G1 X56.804 Y56.944 E.00286
G1 X53.508 Y53.648 E.12578
G1 X52.834 Y53.949 E.01992
G1 X51.869 Y54.124 E.02647
G1 X46.048 Y59.944 E.22212
G1 X44.505 Y59.944 E.04164
G1 X18.451 Y33.89 E.99428
G1 X18.451 Y33.997 E.00289
G1 X24.396 Y28.051 E.22689
G1 X23.985 Y28.121 E.01125
G1 X23.214 Y28.116 E.02081
G1 X22.7 Y28.025 E.01409
G1 X22.02 Y27.785 E.01946
G1 E-3.5
;WIPE_START
G1 F7200
G1 X22.7 Y28.025 E-.34253
G1 X23.214 Y28.116 E-.24795
G1 X23.985 Y28.121 E-.36623
G1 X24.396 Y28.051 E-.19804
G1 X23.882 Y28.565 E-.34525
;WIPE_END
G1 X34.127 Y37.988 F9000
G1 E5 F2400
G1 F3600
G1 X34.344 Y38.68 E.01957
G1 X34.696 Y39.312 E.01952
G1 X35.373 Y40.023 E.02649
G1 X26.998 Y48.398 E.31961
G1 X27.175 Y48.713 E.00975
G1 X27.426 Y49.503 E.02237
G1 X27.498 Y50.174 E.01821
G1 X27.477 Y50.565 E.01057
G1 X36.856 Y59.944 E.35792
G1 X38.399 Y59.944 E.04164
G1 X47.772 Y50.572 E.35768
G1 X47.783 Y49.805 E.0207
G1 X48.015 Y48.872 E.02594
G1 X48.251 Y48.392 E.01443
G1 X39.883 Y40.024 E.31934
G1 X40.188 Y39.761 E.01087
G1 X40.606 Y39.243 E.01796
G1 X40.94 Y38.61 E.01931
G1 X41.127 Y37.995 E.01735
G1 X41.202 Y37.268 E.01972
G1 X41.132 Y36.562 E.01914
G1 X40.926 Y35.891 E.01894
G1 X40.584 Y35.259 E.01939
G1 X40.38 Y35.016 E.00856
G1 X48.651 Y26.745 E.31564
G1 X48.227 Y26.125 E.02027
G1 X47.927 Y25.416 E.02077
G1 X47.855 Y25.048 E.01012
G1 X38.399 Y15.592 E.36086
G1 X36.856 Y15.592 E.04164
G1 X27.426 Y25.022 E.35987
G1 X27.128 Y25.914 E.02538
G1 X26.599 Y26.74 E.02647
G1 X34.873 Y35.013 E.31574
G1 X35.54 Y34.367 E.02506
G1 X36.133 Y34.022 E.01851
G1 X36.909 Y33.776 E.02197
G1 E-3.5
;WIPE_START
G1 F7200
G1 X36.133 Y34.022 E-.38668
G1 X35.54 Y34.367 E-.32588
G1 X34.873 Y35.013 E-.44106
G1 X34.357 Y34.497 E-.34638
;WIPE_END
G1 X53.226 Y27.783 F9000
G1 E5 F2400
G1 F3600
G1 X52.741 Y27.974 E.01407
G1 X51.984 Y28.121 E.02081
G1 X51.331 Y28.131 E.01762
G1 X50.852 Y28.044 E.01314
G1 X56.804 Y33.997 E.22716
G1 X56.804 Y33.89 E.00289
G1 X30.75 Y59.944 E.99428
G1 X29.207 Y59.944 E.04164
G1 X23.394 Y54.131 E.22184
G1 X22.515 Y53.978 E.02408
G1 X21.746 Y53.649 E.02257
G1 X18.451 Y56.944 E.12574
G1 X18.451 Y56.838 E.00286
G1 X21.558 Y59.944 E.11855
G1 X23.101 Y59.944 E.04164
G1 X56.804 Y26.241 E1.28619
G1 X56.804 Y26.347 E.00286
G1 X55.434 Y24.977 E.05228
G1 X55.128 Y25.913 E.02657
G1 X54.802 Y26.477 E.01758
G1 X54.285 Y27.08 E.02143
G1 E-3.5
;WIPE_START
G1 F7200
G1 X54.802 Y26.477 E-.37729
G1 X55.128 Y25.913 E-.30943
G1 X55.434 Y24.977 E-.46776
G1 X55.948 Y25.491 E-.34552
;WIPE_END
G1 X49.605 Y46.986 F9000
G1 E5 F2400
G1 F3600
G1 X49.992 Y46.757 E.01213
G1 X50.755 Y46.493 E.02179
G1 X51.406 Y46.405 E.01773
G1 X51.925 Y46.419 E.01401
G1 X56.804 Y41.54 E.18619
G1 X56.804 Y41.646 E.00286
G1 X30.75 Y15.592 E.99428
G1 X29.207 Y15.592 E.04164
G1 X24.334 Y20.465 E.18597
G1 X23.471 Y20.398 E.02336
G1 X22.771 Y20.49 E.01905
G1 X22.036 Y20.736 E.02092
G1 X21.365 Y21.123 E.0209
G1 X21.16 Y21.301 E.00733
G1 X18.451 Y18.592 E.10338
G1 X18.451 Y18.698 E.00286
G1 X18.559 Y18.59 E.00412
G1 X19.823 Y18.58 E.03411
G1 X20.3 Y18.416 E.01361
G1 X20.584 Y18.195 E.00971
G1 X20.799 Y17.899 E.00987
G1 X20.927 Y17.539 E.01031
G1 X20.951 Y16.198 E.03619
G1 X21.558 Y15.592 E.02315
G1 X23.101 Y15.592 E.04164
G1 X56.804 Y49.295 E1.28619
G1 X56.804 Y49.189 E.00286
G1 X55.483 Y50.51 E.05041
G1 X55.495 Y50.143 E.00991
G1 X55.394 Y49.379 E.0208
G1 X55.143 Y48.651 E.02078
G1 X54.892 Y48.191 E.01414
G1 E-3.5
;WIPE_START
G1 F7200
G1 X55.143 Y48.651 E-.24891
G1 X55.394 Y49.379 E-.36578
G1 X55.495 Y50.143 E-.36606
G1 X55.483 Y50.51 E-.17442
G1 X55.996 Y49.997 E-.34483
;WIPE_END
G1 X21.118 Y47.333 F9000
G1 E5 F2400
G1 F3600
G1 X21.471 Y47.055 E.01212
G1 X22.151 Y46.691 E.02081
G1 X22.646 Y46.525 E.01409
G1 X23.326 Y46.415 E.01859
G1 X18.451 Y41.54 E.18604
G1 X18.451 Y41.646 E.00286
G1 X44.505 Y15.592 E.99428
G1 X46.048 Y15.592 E.04164
G1 X50.923 Y20.466 E.18602
G1 X51.656 Y20.398 E.01986
G1 X52.294 Y20.452 E.01728
G1 X53.041 Y20.661 E.02093
G1 X53.73 Y21.014 E.02089
G1 X54.096 Y21.3 E.01253
G1 X56.804 Y18.592 E.10334
G1 X56.804 Y18.698 E.00286
G1 X56.696 Y18.59 E.00412
G1 X55.434 Y18.58 E.03406
G1 X54.971 Y18.425 E.01318
G1 X54.588 Y18.1 E.01355
G1 X54.328 Y17.538 E.01671
G1 X54.304 Y16.198 E.03617
G1 X53.698 Y15.592 E.02313
G1 X52.155 Y15.592 E.04164
G1 X18.451 Y49.295 E1.2862
G1 X18.451 Y49.189 E.00286
G1 X19.767 Y50.504 E.0502
G1 X19.969 Y51.527 E.02814
G1 X20.291 Y52.227 E.02079
G1 X20.645 Y52.731 E.01662
;LAYER_CHANGE
;Z:2.44
;HEIGHT:0.16
;BEFORE_LAYER_CHANGE
G92 E0
;2.44


G1 E-3.5 F3600
;WIPE_START
G1 F7200
G1 X20.291 Y52.227 E-.29255
G1 X19.969 Y51.527 E-.36599
G1 X19.767 Y50.504 E-.49531
G1 X19.252 Y49.989 E-.34615
;WIPE_END
G1 Z2.44 F9000
;AFTER_LAYER_CHANGE
;2.44
G1 X35.252 Y39.472
G1 E5 F2400
;TYPE:Perimeter
;WIDTH:0.439999
G1 F1800
G1 X34.993 Y39.184 E.01045
G1 X34.665 Y38.624 E.01751
G1 X34.455 Y38.01 E.01751
G1 X34.374 Y37.438 E.01559
G1 X34.393 Y36.871 E.01531
G1 X34.534 Y36.247 E.01726
G1 X34.797 Y35.654 E.01751
G1 X35.134 Y35.177 E.01576
G1 X35.646 Y34.682 E.01922
G1 X36.198 Y34.34 E.01752
G1 X36.807 Y34.115 E.01752
G1 X37.448 Y34.015 E.01751
G1 X37.981 Y34.035 E.01439
G1 X38.291 Y34.078 E.00845
G1 X38.807 Y34.227 E.01449
G1 X39.311 Y34.479 E.01521
G1 X39.813 Y34.854 E.01691
G1 X40.263 Y35.352 E.01811
G1 X40.59 Y35.912 E.0175
G1 X40.8 Y36.526 E.01751
G1 X40.884 Y37.169 E.0175
G1 X40.839 Y37.816 E.0175
G1 X40.667 Y38.442 E.01752
G1 X40.374 Y39.021 E.01751
G1 X40.016 Y39.484 E.01579
G1 X39.612 Y39.852 E.01475
G1 X39.057 Y40.196 E.01762
G1 X38.449 Y40.421 E.01749
G1 X37.808 Y40.521 E.01751
G1 X37.16 Y40.492 E.0175
G1 X36.685 Y40.379 E.01318
G1 X36.346 Y40.263 E.00967
G1 X35.865 Y40.012 E.01464
G1 X35.442 Y39.682 E.01448
G1 X35.293 Y39.517 E.006
G1 X35.545 Y39.2 F9000
G1 F1800
G1 X35.304 Y38.924 E.00989
G1 X35.022 Y38.43 E.01535
G1 X34.843 Y37.891 E.01533
G1 X34.777 Y37.393 E.01356
G1 X34.803 Y36.849 E.0147
G1 X34.927 Y36.347 E.01395
G1 X35.163 Y35.83 E.01534
G1 X35.458 Y35.422 E.01359
G1 X35.915 Y34.986 E.01704
G1 X36.401 Y34.692 E.01533
G1 X36.936 Y34.5 E.01534
G1 X37.498 Y34.418 E.01533
G1 X38.065 Y34.448 E.01532
G1 X38.615 Y34.591 E.01534
G1 X39.126 Y34.84 E.01534
G1 X39.56 Y35.171 E.01473
G1 X39.952 Y35.613 E.01594
G1 X40.234 Y36.106 E.01533
G1 X40.412 Y36.645 E.01532
G1 X40.481 Y37.209 E.01533
G1 X40.436 Y37.776 E.01535
G1 X40.279 Y38.322 E.01533
G1 X40.018 Y38.827 E.01534
G1 X39.703 Y39.227 E.01374
G1 X39.291 Y39.589 E.0148
G1 X38.854 Y39.844 E.01365
G1 X38.32 Y40.036 E.01531
G1 X37.757 Y40.119 E.01536
G1 X37.19 Y40.088 E.01532
G1 X36.531 Y39.902 E.01848
G1 X36.082 Y39.669 E.01365
G1 X35.678 Y39.351 E.01387
G1 X35.585 Y39.245 E.00381
G1 X35.834 Y38.932 F9000
;TYPE:External perimeter
;WIDTH:0.419999
G1 F1800
G1 X35.607 Y38.669 E.00891
G1 X35.36 Y38.222 E.0131
G1 X35.214 Y37.741 E.0129
G1 X35.169 Y37.316 E.01096
G1 X35.199 Y36.882 E.01116
G1 X35.323 Y36.409 E.01254
G1 X35.539 Y35.969 E.01257
G1 X35.838 Y35.581 E.01257
G1 X36.246 Y35.238 E.01367
G1 X36.785 Y34.968 E.01547
G1 X37.099 Y34.866 E.00847
G1 X37.586 Y34.809 E.01258
G1 X38.074 Y34.85 E.01256
G1 X38.544 Y34.986 E.01255
G1 X38.978 Y35.213 E.01257
G1 X39.358 Y35.521 E.01255
G1 X39.689 Y35.933 E.01356
G1 X39.932 Y36.432 E.01424
G1 X40.042 Y36.8 E.00985
G1 X40.087 Y37.287 E.01255
G1 X40.034 Y37.774 E.01257
G1 X39.886 Y38.241 E.01257
G1 X39.612 Y38.714 E.01402
G1 X39.374 Y38.999 E.00953
G1 X38.987 Y39.311 E.01275
G1 X38.488 Y39.562 E.01433
G1 X38.026 Y39.686 E.01227
G1 X37.67 Y39.727 E.00919
G1 X37.182 Y39.686 E.01256
G1 X36.902 Y39.608 E.00746
G1 X36.387 Y39.384 E.01441
G1 X35.942 Y39.056 E.01418
G1 X35.874 Y38.977 E.00267
G1 E-3.5 F3600
;WIPE_START
G1 F7200
G1 X35.834 Y38.932 E-.0286
G1 X35.607 Y38.669 E-.16502
G1 X35.36 Y38.222 E-.24258
G1 X35.214 Y37.741 E-.23877
G1 X35.169 Y37.316 E-.203
G1 X35.199 Y36.882 E-.20664
G1 X35.323 Y36.409 E-.23227
G1 X35.493 Y36.063 E-.18312
;WIPE_END
G1 X48.701 Y48.272 F9000
G1 E5 F2400
;TYPE:Perimeter
;WIDTH:0.439999
G1 F1800
G1 X48.872 Y48.029 E.00802
G1 X49.133 Y47.736 E.01059
G1 X49.52 Y47.398 E.01387
G1 X50.075 Y47.067 E.01744
G1 X50.74 Y46.823 E.01911
G1 X51.44 Y46.715 E.01911
G1 X52.148 Y46.748 E.01913
G1 X52.835 Y46.921 E.01912
G1 X53.474 Y47.227 E.01912
G1 X54.04 Y47.653 E.01912
G1 X54.51 Y48.183 E.01912
G1 X54.866 Y48.795 E.01911
G1 X55.094 Y49.466 E.01912
G1 X55.184 Y50.169 E.01913
G1 X55.133 Y50.876 E.01913
G1 X54.943 Y51.558 E.0191
G1 X54.622 Y52.19 E.01913
G1 X54.072 Y52.851 E.0232
G1 X53.492 Y53.299 E.01978
G1 X52.854 Y53.608 E.01913
G1 X52.168 Y53.785 E.01912
G1 X51.461 Y53.822 E.0191
G1 X50.76 Y53.718 E.01912
G1 X50.093 Y53.478 E.01913
G1 X49.488 Y53.11 E.01911
G1 X48.967 Y52.63 E.01912
G1 X48.552 Y52.056 E.01911
G1 X48.258 Y51.411 E.01913
G1 X48.081 Y50.496 E.02515
G1 X48.097 Y49.826 E.01808
G1 X48.252 Y49.145 E.01885
G1 X48.541 Y48.498 E.01912
G1 X48.666 Y48.321 E.00585
G1 X49.034 Y48.5 F9000
G1 F1800
G1 X49.277 Y48.167 E.01112
G1 X49.74 Y47.742 E.01696
G1 X50.278 Y47.418 E.01695
G1 X50.869 Y47.207 E.01693
G1 X51.491 Y47.118 E.01696
G1 X52.117 Y47.153 E.01692
G1 X52.725 Y47.312 E.01696
G1 X53.289 Y47.588 E.01694
G1 X53.787 Y47.97 E.01694
G1 X54.2 Y48.444 E.01696
G1 X54.51 Y48.989 E.01692
G1 X54.706 Y49.586 E.01696
G1 X54.78 Y50.209 E.01693
G1 X54.73 Y50.835 E.01695
G1 X54.556 Y51.439 E.01696
G1 X54.266 Y51.996 E.01695
G1 X53.768 Y52.582 E.02075
G1 X53.255 Y52.969 E.01734
G1 X52.687 Y53.238 E.01696
G1 X52.078 Y53.389 E.01693
G1 X51.451 Y53.416 E.01694
G1 X50.83 Y53.319 E.01696
G1 X50.242 Y53.1 E.01693
G1 X49.708 Y52.77 E.01694
G1 X49.25 Y52.339 E.01697
G1 X48.887 Y51.827 E.01694
G1 X48.632 Y51.253 E.01695
G1 X48.481 Y50.43 E.02258
G1 X48.502 Y49.851 E.01563
G1 X48.645 Y49.245 E.0168
G1 X48.907 Y48.674 E.01695
G1 X48.999 Y48.548 E.00421
G1 X49.357 Y48.72 F9000
;TYPE:External perimeter
;WIDTH:0.419999
G1 F1800
G1 X49.592 Y48.405 E.01008
G1 X50.002 Y48.039 E.0141
G1 X50.475 Y47.761 E.01408
G1 X50.995 Y47.582 E.01411
G1 X51.54 Y47.51 E.0141
G1 X52.088 Y47.548 E.01409
G1 X52.618 Y47.693 E.0141
G1 X53.108 Y47.94 E.01408
G1 X53.54 Y48.28 E.0141
G1 X53.897 Y48.698 E.0141
G1 X54.163 Y49.179 E.0141
G1 X54.328 Y49.703 E.01409
G1 X54.387 Y50.249 E.01409
G1 X54.336 Y50.796 E.01409
G1 X54.178 Y51.322 E.01409
G1 X53.918 Y51.807 E.01412
G1 X53.471 Y52.32 E.01746
G1 X53.024 Y52.648 E.01422
G1 X52.525 Y52.877 E.01409
G1 X51.99 Y53.003 E.0141
G1 X51.441 Y53.021 E.01409
G1 X50.899 Y52.929 E.0141
G1 X50.386 Y52.732 E.0141
G1 X49.922 Y52.437 E.01411
G1 X49.526 Y52.056 E.0141
G1 X49.214 Y51.604 E.01409
G1 X48.997 Y51.1 E.01408
G1 X48.872 Y50.367 E.01908
G1 X48.899 Y49.856 E.01313
G1 X49.028 Y49.342 E.0136
G1 X49.263 Y48.846 E.01408
G1 X49.321 Y48.768 E.00249
G1 E-3.5 F3600
;WIPE_START
G1 F7200
G1 X49.357 Y48.72 E-.0285
G1 X49.592 Y48.405 E-.18668
G1 X50.002 Y48.039 E-.26106
G1 X50.475 Y47.761 E-.26061
G1 X50.995 Y47.582 E-.26122
G1 X51.54 Y47.51 E-.26112
G1 X52.046 Y47.545 E-.24081
;WIPE_END
G1 X51.362 Y27.807 F9000
G1 E5 F2400
;TYPE:Perimeter
;WIDTH:0.439999
G1 F1800
G1 X50.76 Y27.718 E.01642
G1 X50.093 Y27.478 E.01913
G1 X49.488 Y27.11 E.01911
G1 X48.983 Y26.645 E.01852
G1 X48.598 Y26.124 E.01748
G1 X48.315 Y25.546 E.01737
G1 X48.193 Y25.185 E.01028
G1 X48.081 Y24.496 E.01884
G1 X48.097 Y23.826 E.01808
G1 X48.252 Y23.145 E.01885
G1 X48.541 Y22.498 E.01912
G1 X48.953 Y21.922 E.01911
G1 X49.471 Y21.438 E.01913
G1 X50.075 Y21.067 E.01913
G1 X50.74 Y20.823 E.01911
G1 X51.44 Y20.715 E.01911
G1 X52.148 Y20.748 E.01913
G1 X52.835 Y20.921 E.01912
G1 X53.474 Y21.227 E.01912
G1 X54.027 Y21.643 E.01867
G1 X54.51 Y22.183 E.01955
G1 X54.866 Y22.795 E.01911
G1 X55.094 Y23.466 E.01912
G1 X55.184 Y24.169 E.01913
G1 X55.133 Y24.876 E.01913
G1 X54.943 Y25.558 E.0191
G1 X54.622 Y26.19 E.01913
G1 X54.072 Y26.851 E.0232
G1 X53.492 Y27.299 E.01978
G1 X52.854 Y27.608 E.01913
G1 X52.168 Y27.785 E.01912
G1 X51.461 Y27.822 E.0191
G1 X51.422 Y27.816 E.00106
G1 X51.392 Y27.407 F9000
G1 F1800
G1 X50.83 Y27.319 E.01535
G1 X50.242 Y27.1 E.01693
G1 X49.708 Y26.77 E.01694
G1 X49.266 Y26.355 E.01636
G1 X48.933 Y25.895 E.01532
G1 X48.689 Y25.388 E.01518
G1 X48.594 Y25.119 E.0077
G1 X48.481 Y24.43 E.01884
G1 X48.502 Y23.851 E.01563
G1 X48.645 Y23.245 E.0168
G1 X48.907 Y22.674 E.01695
G1 X49.277 Y22.167 E.01694
G1 X49.74 Y21.742 E.01696
G1 X50.278 Y21.418 E.01695
G1 X50.869 Y21.207 E.01693
G1 X51.491 Y21.118 E.01696
G1 X52.117 Y21.153 E.01692
G1 X52.725 Y21.312 E.01696
G1 X53.289 Y21.588 E.01694
G1 X53.774 Y21.96 E.01649
G1 X54.2 Y22.444 E.0174
G1 X54.51 Y22.989 E.01692
G1 X54.706 Y23.586 E.01696
G1 X54.78 Y24.209 E.01693
G1 X54.73 Y24.835 E.01695
G1 X54.556 Y25.439 E.01696
G1 X54.266 Y25.996 E.01695
G1 X53.768 Y26.582 E.02075
G1 X53.255 Y26.969 E.01734
G1 X52.687 Y27.238 E.01696
G1 X52.078 Y27.389 E.01693
G1 X51.452 Y27.416 E.01691
G1 X51.422 Y27.018 F9000
;TYPE:External perimeter
;WIDTH:0.419999
G1 F1800
G1 X50.899 Y26.929 E.01361
G1 X50.386 Y26.732 E.0141
G1 X49.922 Y26.437 E.01411
G1 X49.542 Y26.072 E.01352
G1 X49.214 Y25.604 E.01466
G1 X48.997 Y25.1 E.01408
G1 X48.872 Y24.367 E.01908
G1 X48.898 Y23.857 E.0131
G1 X49.028 Y23.342 E.01363
G1 X49.263 Y22.846 E.01408
G1 X49.592 Y22.405 E.01412
G1 X50.002 Y22.039 E.0141
G1 X50.475 Y21.761 E.01408
G1 X50.995 Y21.582 E.01411
G1 X51.54 Y21.51 E.0141
G1 X52.088 Y21.548 E.01409
G1 X52.618 Y21.693 E.0141
G1 X53.108 Y21.94 E.01408
G1 X53.527 Y22.269 E.01367
G1 X53.897 Y22.698 E.01453
G1 X54.163 Y23.179 E.0141
G1 X54.328 Y23.703 E.01409
G1 X54.387 Y24.249 E.01409
G1 X54.336 Y24.796 E.01409
G1 X54.178 Y25.322 E.01409
G1 X53.918 Y25.807 E.01412
G1 X53.471 Y26.32 E.01746
G1 X53.024 Y26.648 E.01422
G1 X52.525 Y26.877 E.01409
G1 X51.99 Y27.003 E.0141
G1 X51.481 Y27.02 E.01307
G1 E-3.5 F3600
;WIPE_START
G1 F7200
G1 X51.422 Y27.018 E-.02804
G1 X50.899 Y26.929 E-.252
G1 X50.386 Y26.732 E-.26102
G1 X49.922 Y26.437 E-.26117
G1 X49.542 Y26.072 E-.25028
G1 X49.214 Y25.604 E-.27146
G1 X49.067 Y25.263 E-.17603
;WIPE_END
G1 X27.157 Y24.622 F9000
G1 E5 F2400
;TYPE:Perimeter
;WIDTH:0.439999
G1 F1800
G1 X27.051 Y25.16 E.0148
G1 X26.908 Y25.648 E.01372
G1 X26.541 Y26.304 E.02028
G1 X26.055 Y26.869 E.02011
G1 X25.492 Y27.299 E.01912
G1 X24.854 Y27.608 E.01913
G1 X24.168 Y27.785 E.01912
G1 X23.461 Y27.822 E.0191
G1 X22.76 Y27.718 E.01912
G1 X22.093 Y27.478 E.01913
G1 X21.488 Y27.11 E.01911
G1 X20.967 Y26.63 E.01912
G1 X20.552 Y26.056 E.01911
G1 X20.258 Y25.411 E.01913
G1 X20.081 Y24.496 E.02515
G1 X20.097 Y23.826 E.01808
G1 X20.252 Y23.145 E.01885
G1 X20.541 Y22.498 E.01912
G1 X20.953 Y21.922 E.01911
G1 X21.471 Y21.438 E.01913
G1 X22.075 Y21.067 E.01913
G1 X22.74 Y20.823 E.01911
G1 X23.44 Y20.715 E.01911
G1 X23.992 Y20.729 E.0149
G1 X24.496 Y20.818 E.01381
G1 X25.162 Y21.058 E.0191
G1 X25.768 Y21.426 E.01913
G1 X26.288 Y21.906 E.0191
G1 X26.704 Y22.48 E.01913
G1 X26.997 Y23.125 E.01912
G1 X27.157 Y23.815 E.01911
G1 X27.176 Y24.524 E.01914
G1 X27.169 Y24.563 E.00107
G1 X26.758 Y24.582 F9000
G1 F1800
G1 X26.656 Y25.064 E.01329
G1 X26.507 Y25.536 E.01336
G1 X26.187 Y26.106 E.01764
G1 X25.758 Y26.593 E.01751
G1 X25.255 Y26.969 E.01695
G1 X24.687 Y27.238 E.01696
G1 X24.078 Y27.389 E.01693
G1 X23.451 Y27.416 E.01694
G1 X22.83 Y27.319 E.01696
G1 X22.242 Y27.1 E.01693
G1 X21.708 Y26.77 E.01694
G1 X21.25 Y26.339 E.01697
G1 X20.887 Y25.827 E.01694
G1 X20.632 Y25.253 E.01695
G1 X20.481 Y24.43 E.02258
G1 X20.502 Y23.851 E.01563
G1 X20.645 Y23.245 E.0168
G1 X20.907 Y22.674 E.01695
G1 X21.277 Y22.167 E.01694
G1 X21.74 Y21.742 E.01696
G1 X22.278 Y21.418 E.01695
G1 X22.869 Y21.207 E.01693
G1 X23.491 Y21.118 E.01696
G1 X23.922 Y21.128 E.01163
G1 X24.425 Y21.217 E.01378
G1 X25.014 Y21.436 E.01696
G1 X25.548 Y21.767 E.01695
G1 X26.005 Y22.197 E.01693
G1 X26.368 Y22.709 E.01694
G1 X26.623 Y23.283 E.01695
G1 X26.759 Y23.896 E.01694
G1 X26.771 Y24.523 E.01692
G1 X26.37 Y24.543 F9000
;TYPE:External perimeter
;WIDTH:0.419999
G1 F1800
G1 X26.203 Y25.255 E.01876
G1 X25.842 Y25.912 E.01923
G1 X25.468 Y26.324 E.01428
G1 X25.024 Y26.648 E.0141
G1 X24.525 Y26.877 E.01409
G1 X23.99 Y27.003 E.0141
G1 X23.441 Y27.021 E.01409
G1 X22.899 Y26.929 E.0141
G1 X22.386 Y26.732 E.0141
G1 X21.922 Y26.437 E.01411
G1 X21.526 Y26.056 E.0141
G1 X21.214 Y25.604 E.01409
G1 X20.997 Y25.1 E.01408
G1 X20.872 Y24.367 E.01908
G1 X20.902 Y23.838 E.01359
G1 X21.028 Y23.342 E.01313
G1 X21.263 Y22.846 E.01408
G1 X21.592 Y22.405 E.01412
G1 X22.002 Y22.039 E.0141
G1 X22.475 Y21.761 E.01408
G1 X22.995 Y21.582 E.01411
G1 X23.54 Y21.51 E.0141
G1 X23.853 Y21.518 E.00803
G1 X24.356 Y21.607 E.0131
G1 X24.869 Y21.804 E.0141
G1 X25.333 Y22.099 E.01411
G1 X25.729 Y22.48 E.0141
G1 X26.042 Y22.932 E.0141
G1 X26.259 Y23.436 E.01408
G1 X26.371 Y23.974 E.0141
G1 X26.375 Y24.483 E.01306
G1 E-3.5 F3600
;WIPE_START
G1 F7200
G1 X26.37 Y24.543 E-.0286
G1 X26.203 Y25.255 E-.34738
G1 X25.842 Y25.912 E-.35608
G1 X25.468 Y26.324 E-.26431
G1 X25.024 Y26.648 E-.26108
G1 X24.56 Y26.861 E-.24255
;WIPE_END
G1 X24.07 Y46.743 F9000
G1 E5 F2400
;TYPE:Perimeter
;WIDTH:0.439999
G1 F1800
G1 X24.496 Y46.818 E.01167
G1 X25.162 Y47.058 E.0191
G1 X25.768 Y47.426 E.01913
G1 X26.273 Y47.891 E.01852
G1 X26.657 Y48.412 E.01747
G1 X26.94 Y48.99 E.01737
G1 X27.055 Y49.314 E.00928
G1 X27.157 Y49.815 E.0138
G1 X27.176 Y50.383 E.01534
G1 X27.148 Y50.759 E.01017
G1 X26.981 Y51.444 E.01903
G1 X26.883 Y51.695 E.00727
G1 X26.541 Y52.304 E.01885
G1 X26.055 Y52.869 E.02011
G1 X25.492 Y53.299 E.01912
G1 X24.854 Y53.608 E.01913
G1 X24.168 Y53.785 E.01912
G1 X23.461 Y53.822 E.0191
G1 X22.76 Y53.718 E.01912
G1 X22.093 Y53.478 E.01913
G1 X21.488 Y53.11 E.01911
G1 X20.967 Y52.63 E.01912
G1 X20.552 Y52.056 E.01911
G1 X20.258 Y51.411 E.01913
G1 X20.081 Y50.496 E.02515
G1 X20.097 Y49.826 E.01808
G1 X20.252 Y49.145 E.01885
G1 X20.541 Y48.498 E.01912
G1 X20.953 Y47.922 E.01911
G1 X21.471 Y47.438 E.01913
G1 X22.075 Y47.067 E.01913
G1 X22.74 Y46.823 E.01911
G1 X23.44 Y46.715 E.01911
G1 X23.992 Y46.729 E.0149
G1 X24.01 Y46.732 E.00049
G1 X24.019 Y47.146 F9000
G1 F1800
G1 X24.425 Y47.217 E.01112
G1 X25.014 Y47.436 E.01696
G1 X25.548 Y47.767 E.01695
G1 X25.989 Y48.181 E.01632
G1 X26.322 Y48.641 E.01532
G1 X26.566 Y49.148 E.01518
G1 X26.658 Y49.395 E.00711
G1 X26.759 Y49.896 E.01379
G1 X26.771 Y50.524 E.01695
G1 X26.587 Y51.348 E.02278
G1 X26.187 Y52.106 E.02313
G1 X25.758 Y52.593 E.01751
G1 X25.255 Y52.969 E.01695
G1 X24.687 Y53.238 E.01696
G1 X24.078 Y53.389 E.01693
G1 X23.451 Y53.416 E.01694
G1 X22.83 Y53.319 E.01696
G1 X22.242 Y53.1 E.01693
G1 X21.708 Y52.77 E.01694
G1 X21.25 Y52.339 E.01697
G1 X20.887 Y51.827 E.01694
G1 X20.632 Y51.253 E.01695
G1 X20.481 Y50.43 E.02258
G1 X20.502 Y49.851 E.01563
G1 X20.645 Y49.245 E.0168
G1 X20.907 Y48.674 E.01695
G1 X21.277 Y48.167 E.01694
G1 X21.74 Y47.742 E.01696
G1 X22.278 Y47.418 E.01695
G1 X22.869 Y47.207 E.01693
G1 X23.491 Y47.118 E.01696
G1 X23.922 Y47.128 E.01163
G1 X23.96 Y47.135 E.00104
G1 X23.97 Y47.539 F9000
;TYPE:External perimeter
;WIDTH:0.419999
G1 F1800
G1 X24.356 Y47.607 E.01006
G1 X24.869 Y47.804 E.0141
G1 X25.333 Y48.099 E.01411
G1 X25.713 Y48.464 E.01352
G1 X26.042 Y48.932 E.01468
G1 X26.259 Y49.436 E.01408
G1 X26.371 Y49.974 E.0141
G1 X26.375 Y50.524 E.01411
G1 X26.203 Y51.255 E.01927
G1 X25.842 Y51.912 E.01923
G1 X25.468 Y52.324 E.01428
G1 X25.024 Y52.648 E.0141
G1 X24.525 Y52.877 E.01409
G1 X23.99 Y53.003 E.0141
G1 X23.441 Y53.021 E.01409
G1 X22.899 Y52.929 E.0141
G1 X22.386 Y52.732 E.0141
G1 X21.922 Y52.437 E.01411
G1 X21.526 Y52.056 E.0141
G1 X21.214 Y51.604 E.01409
G1 X20.997 Y51.1 E.01408
G1 X20.872 Y50.367 E.01908
G1 X20.902 Y49.838 E.01359
G1 X21.028 Y49.342 E.01313
G1 X21.263 Y48.846 E.01408
G1 X21.592 Y48.405 E.01412
G1 X22.002 Y48.039 E.0141
G1 X22.475 Y47.761 E.01408
G1 X22.995 Y47.582 E.01411
G1 X23.54 Y47.51 E.0141
G1 X23.853 Y47.518 E.00803
G1 X23.911 Y47.528 E.00151
G1 E-3.5 F3600
;WIPE_START
G1 F7200
G1 X23.97 Y47.539 E-.02851
G1 X24.356 Y47.607 E-.18617
G1 X24.869 Y47.804 E-.26102
G1 X25.333 Y48.099 E-.26117
G1 X25.713 Y48.464 E-.25028
G1 X26.042 Y48.932 E-.27173
G1 X26.242 Y49.399 E-.24112
;WIPE_END
G1 X18.139 Y60.257 F9000
G1 E5 F2400
;TYPE:Perimeter
;WIDTH:0.439999
G1 F3600
G1 X18.139 Y18.279 E1.13277
G1 X19.748 Y18.279 E.04342
G1 X20.046 Y18.195 E.00835
G1 X20.359 Y17.977 E.01029
G1 X20.563 Y17.667 E.01001
G1 X20.639 Y17.285 E.01051
G1 X20.639 Y15.279 E.05413
G1 X54.616 Y15.279 E.91686
G1 X54.616 Y17.285 E.05413
G1 X54.694 Y17.67 E.0106
G1 X54.898 Y17.979 E.00999
G1 X55.214 Y18.197 E.01036
G1 X55.611 Y18.279 E.01094
G1 X57.116 Y18.279 E.04061
G1 X57.116 Y60.257 E1.13277
G1 X18.199 Y60.257 E1.05017
G1 X17.733 Y60.662 F9000
G1 F3600
G1 X17.733 Y17.874 E1.15463
G1 X19.711 Y17.874 E.05338
G1 X19.978 Y17.77 E.00773
G1 X20.164 Y17.562 E.00753
G1 X20.233 Y17.285 E.0077
G1 X20.233 Y14.874 E.06506
G1 X55.022 Y14.874 E.93877
G1 X55.022 Y17.375 E.06749
G1 X55.151 Y17.653 E.00827
G1 X55.323 Y17.798 E.00607
G1 X55.611 Y17.874 E.00804
G1 X57.522 Y17.874 E.05157
G1 X57.522 Y60.662 E1.15463
G1 X17.793 Y60.662 E1.07208
G1 X17.338 Y61.058 F9000
;TYPE:External perimeter
;WIDTH:0.419999
G1 F1800
G1 X17.338 Y17.478 E1.11802
G1 X19.645 Y17.478 E.05918
G1 X19.769 Y17.432 E.00339
G1 X19.838 Y17.285 E.00417
G1 X19.838 Y14.478 E.07201
G1 X55.418 Y14.478 E.91278
G1 X55.418 Y17.285 E.07201
G1 X55.46 Y17.406 E.00329
G1 X55.611 Y17.478 E.00429
G1 X57.918 Y17.478 E.05918
G1 X57.918 Y61.058 E1.11802
G1 X17.398 Y61.058 E1.03952
G1 E-3.5 F3600
;WIPE_START
G1 F7200
G1 X17.338 Y61.058 E-.0285
G1 X17.338 Y57.96 E-1.4715
;WIPE_END
G1 X20.657 Y52.745 F9000
G1 E5 F2400
;TYPE:Internal infill
;WIDTH:0.44
G1 F3600
G1 X20.291 Y52.227 E.01712
G1 X19.968 Y51.527 E.0208
G1 X19.781 Y50.519 E.02766
G1 X18.451 Y49.189 E.05076
G1 X18.451 Y49.295 E.00286
G1 X52.155 Y15.592 E1.2862
G1 X53.698 Y15.592 E.04164
G1 X54.304 Y16.198 E.02313
G1 X54.328 Y17.538 E.03617
G1 X54.588 Y18.1 E.01671
G1 X54.971 Y18.425 E.01355
G1 X55.434 Y18.58 E.01318
G1 X56.696 Y18.59 E.03406
G1 X56.804 Y18.698 E.00412
G1 X56.804 Y18.592 E.00286
G1 X54.096 Y21.3 E.10334
G1 X53.73 Y21.014 E.01253
G1 X53.041 Y20.661 E.02089
G1 X52.294 Y20.452 E.02093
G1 X51.656 Y20.398 E.01728
G1 X50.923 Y20.466 E.01986
G1 X46.048 Y15.592 E.18602
G1 X44.505 Y15.592 E.04164
G1 X18.451 Y41.646 E.99428
G1 X18.451 Y41.54 E.00286
G1 X23.326 Y46.415 E.18604
G1 X22.646 Y46.525 E.01859
G1 X22.151 Y46.691 E.01409
G1 X21.471 Y47.055 E.02081
G1 X21.118 Y47.333 E.01212
G1 E-3.5
;WIPE_START
G1 F7200
G1 X21.471 Y47.055 E-.21343
G1 X22.151 Y46.691 E-.36637
G1 X22.646 Y46.525 E-.24799
G1 X23.326 Y46.415 E-.3272
G1 X22.812 Y45.901 E-.34501
;WIPE_END
G1 X20.151 Y22.588 F9000
G1 E5 F2400
G1 F3600
G1 X19.951 Y23.062 E.01388
G1 X19.785 Y23.803 E.02049
G1 X19.755 Y24.34 E.01451
G1 X19.845 Y24.954 E.01675
G1 X18.451 Y26.347 E.05318
G1 X18.451 Y26.241 E.00286
G1 X52.155 Y59.944 E1.2862
G1 X53.698 Y59.944 E.04164
G1 X56.804 Y56.838 E.11853
G1 X56.804 Y56.944 E.00286
G1 X53.508 Y53.648 E.12578
G1 X52.834 Y53.949 E.01992
G1 X51.869 Y54.124 E.02647
G1 X46.048 Y59.944 E.22212
G1 X44.505 Y59.944 E.04164
G1 X18.451 Y33.89 E.99428
G1 X18.451 Y33.997 E.00289
G1 X24.396 Y28.051 E.22689
G1 X23.985 Y28.121 E.01125
G1 X23.214 Y28.116 E.02081
G1 X22.7 Y28.025 E.01409
G1 X22.02 Y27.785 E.01946
G1 E-3.5
;WIPE_START
G1 F7200
G1 X22.7 Y28.025 E-.34253
G1 X23.214 Y28.116 E-.24795
G1 X23.985 Y28.121 E-.36623
G1 X24.396 Y28.051 E-.19804
G1 X23.882 Y28.565 E-.34525
;WIPE_END
G1 X34.128 Y37.988 F9000
G1 E5 F2400
G1 F3600
G1 X34.329 Y38.645 E.01854
G1 X34.672 Y39.277 E.0194
G1 X35.134 Y39.829 E.01942
G1 X35.375 Y40.02 E.0083
G1 X27.01 Y48.385 E.31923
G1 X27.328 Y49.12 E.02161
G1 X27.486 Y49.926 E.02216
G1 X27.477 Y50.565 E.01725
G1 X36.856 Y59.944 E.35792
G1 X38.399 Y59.944 E.04164
G1 X47.78 Y50.564 E.35798
G1 X47.798 Y49.683 E.02378
G1 X47.989 Y48.937 E.02078
G1 X48.252 Y48.393 E.01631
G1 X39.883 Y40.023 E.3194
G1 X40.191 Y39.758 E.01096
G1 X40.606 Y39.243 E.01785
G1 X40.94 Y38.61 E.01931
G1 X41.127 Y37.995 E.01735
G1 X41.202 Y37.268 E.01972
G1 X41.132 Y36.562 E.01914
G1 X40.926 Y35.891 E.01894
G1 X40.584 Y35.259 E.01939
G1 X40.38 Y35.016 E.00856
G1 X48.651 Y26.745 E.31564
G1 X48.227 Y26.125 E.02027
G1 X47.927 Y25.415 E.0208
G1 X47.865 Y25.057 E.0098
G1 X38.399 Y15.592 E.36123
G1 X36.856 Y15.592 E.04164
G1 X27.396 Y25.052 E.36102
G1 X27.159 Y25.842 E.02226
G1 X26.598 Y26.738 E.02853
G1 X34.873 Y35.013 E.31579
G1 X35.553 Y34.358 E.02548
G1 X36.163 Y34.008 E.01898
G1 X36.908 Y33.771 E.0211
G1 E-3.5
;WIPE_START
G1 F7200
G1 X36.163 Y34.008 E-.37135
G1 X35.553 Y34.358 E-.33406
G1 X34.873 Y35.013 E-.44847
G1 X34.358 Y34.498 E-.34612
;WIPE_END
G1 X53.226 Y27.783 F9000
G1 E5 F2400
G1 F3600
G1 X52.741 Y27.974 E.01407
G1 X51.984 Y28.121 E.02081
G1 X51.331 Y28.131 E.01762
G1 X50.852 Y28.044 E.01314
G1 X56.804 Y33.997 E.22716
G1 X56.804 Y33.89 E.00289
G1 X30.75 Y59.944 E.99428
G1 X29.207 Y59.944 E.04164
G1 X23.394 Y54.131 E.22184
G1 X22.515 Y53.978 E.02408
G1 X21.746 Y53.649 E.02257
G1 X18.451 Y56.944 E.12574
G1 X18.451 Y56.838 E.00286
G1 X21.558 Y59.944 E.11855
G1 X23.101 Y59.944 E.04164
G1 X56.804 Y26.241 E1.28619
G1 X56.804 Y26.347 E.00286
G1 X55.434 Y24.977 E.05228
G1 X55.24 Y25.655 E.01903
G1 X54.893 Y26.345 E.02084
G1 X54.284 Y27.079 E.02574
G1 E-3.5
;WIPE_START
G1 F7200
G1 X54.893 Y26.345 E-.45303
G1 X55.24 Y25.655 E-.36686
G1 X55.434 Y24.977 E-.33497
G1 X55.948 Y25.491 E-.34514
;WIPE_END
G1 X49.605 Y46.986 F9000
G1 E5 F2400
G1 F3600
G1 X49.992 Y46.757 E.01213
G1 X50.755 Y46.493 E.02179
G1 X51.406 Y46.405 E.01773
G1 X51.925 Y46.419 E.01401
G1 X56.804 Y41.54 E.18619
G1 X56.804 Y41.646 E.00286
G1 X30.75 Y15.592 E.99428
G1 X29.207 Y15.592 E.04164
G1 X24.328 Y20.471 E.18619
G1 X23.47 Y20.398 E.02324
G1 X22.771 Y20.49 E.01903
G1 X22.036 Y20.736 E.02092
G1 X21.365 Y21.123 E.0209
G1 X21.16 Y21.301 E.00733
G1 X18.451 Y18.592 E.10338
G1 X18.451 Y18.698 E.00286
G1 X18.559 Y18.59 E.00412
G1 X19.823 Y18.58 E.03411
G1 X20.3 Y18.416 E.01361
G1 X20.584 Y18.195 E.00971
G1 X20.799 Y17.899 E.00987
G1 X20.927 Y17.539 E.01031
G1 X20.951 Y16.198 E.03619
G1 X21.558 Y15.592 E.02315
G1 X23.101 Y15.592 E.04164
G1 X56.804 Y49.295 E1.28619
G1 X56.804 Y49.189 E.00286
G1 X55.483 Y50.51 E.05041
G1 X55.495 Y50.143 E.00991
G1 X55.394 Y49.379 E.0208
G1 X55.143 Y48.651 E.02078
G1 X54.892 Y48.191 E.01414
;LAYER_CHANGE
;Z:2.6
;HEIGHT:0.16
;BEFORE_LAYER_CHANGE
G92 E0
;2.6


G1 E-3.5 F3600
;WIPE_START
G1 F7200
G1 X55.143 Y48.651 E-.24891
G1 X55.394 Y49.379 E-.36578
G1 X55.495 Y50.143 E-.36606
G1 X55.483 Y50.51 E-.17442
G1 X55.996 Y49.997 E-.34483
;WIPE_END
G1 Z2.6 F9000
;AFTER_LAYER_CHANGE
;2.6
G1 X40.403 Y38.964
G1 E5 F2400
;TYPE:Perimeter
;WIDTH:0.439999
G1 F1800
G1 X40.374 Y39.021 E.00173
G1 X40.019 Y39.481 E.01568
G1 X39.601 Y39.861 E.01524
G1 X39.057 Y40.196 E.01724
G1 X38.449 Y40.421 E.01749
G1 X37.808 Y40.521 E.01751
G1 X37.16 Y40.492 E.0175
G1 X36.53 Y40.336 E.01751
G1 X35.944 Y40.057 E.01751
G1 X35.425 Y39.668 E.0175
G1 X34.993 Y39.184 E.01751
G1 X34.665 Y38.624 E.01751
G1 X34.443 Y37.967 E.01871
G1 X34.374 Y37.434 E.0145
G1 X34.393 Y36.87 E.01523
G1 X34.534 Y36.247 E.01724
G1 X34.797 Y35.654 E.01751
G1 X35.134 Y35.177 E.01576
G1 X35.646 Y34.682 E.01922
G1 X36.198 Y34.34 E.01752
G1 X36.807 Y34.115 E.01752
G1 X37.448 Y34.015 E.01751
G1 X37.987 Y34.036 E.01456
G1 X38.291 Y34.078 E.00828
G1 X38.807 Y34.227 E.01449
G1 X39.311 Y34.479 E.01521
G1 X39.813 Y34.854 E.01691
G1 X40.263 Y35.352 E.01811
G1 X40.59 Y35.912 E.0175
G1 X40.8 Y36.526 E.01751
G1 X40.884 Y37.169 E.0175
G1 X40.839 Y37.816 E.0175
G1 X40.667 Y38.442 E.01752
G1 X40.43 Y38.91 E.01416
G1 X40.056 Y38.752 F9000
G1 F1800
G1 X40.018 Y38.827 E.00227
G1 X39.705 Y39.224 E.01364
G1 X39.323 Y39.565 E.01382
G1 X38.854 Y39.844 E.01473
G1 X38.32 Y40.036 E.01531
G1 X37.757 Y40.119 E.01536
G1 X37.19 Y40.088 E.01532
G1 X36.64 Y39.945 E.01534
G1 X36.129 Y39.696 E.01534
G1 X35.678 Y39.351 E.01532
G1 X35.304 Y38.924 E.01532
G1 X35.022 Y38.43 E.01535
G1 X34.83 Y37.84 E.01674
G1 X34.774 Y37.339 E.0136
G1 X34.805 Y36.838 E.01355
G1 X34.927 Y36.347 E.01365
G1 X35.163 Y35.83 E.01534
G1 X35.458 Y35.422 E.01359
G1 X35.915 Y34.986 E.01704
G1 X36.401 Y34.692 E.01533
G1 X36.936 Y34.5 E.01534
G1 X37.498 Y34.418 E.01533
G1 X38.065 Y34.448 E.01532
G1 X38.615 Y34.591 E.01534
G1 X39.126 Y34.84 E.01534
G1 X39.56 Y35.171 E.01473
G1 X39.952 Y35.613 E.01594
G1 X40.234 Y36.106 E.01533
G1 X40.412 Y36.645 E.01532
G1 X40.481 Y37.209 E.01533
G1 X40.436 Y37.776 E.01535
G1 X40.279 Y38.322 E.01533
G1 X40.084 Y38.699 E.01145
G1 X39.718 Y38.545 F9000
;TYPE:External perimeter
;WIDTH:0.419999
G1 F1800
G1 X39.65 Y38.668 E.00361
G1 X39.377 Y38.996 E.01095
G1 X39.048 Y39.276 E.01108
G1 X38.622 Y39.517 E.01256
G1 X38.156 Y39.67 E.01258
G1 X37.67 Y39.727 E.01255
G1 X37.182 Y39.686 E.01256
G1 X36.711 Y39.55 E.01258
G1 X36.277 Y39.323 E.01257
G1 X35.897 Y39.015 E.01255
G1 X35.585 Y38.637 E.01257
G1 X35.356 Y38.211 E.01241
G1 X35.214 Y37.739 E.01264
G1 X35.169 Y37.312 E.01102
G1 X35.199 Y36.882 E.01106
G1 X35.323 Y36.409 E.01254
G1 X35.539 Y35.969 E.01257
G1 X35.838 Y35.581 E.01257
G1 X36.275 Y35.221 E.01453
G1 X36.735 Y34.985 E.01326
G1 X37.218 Y34.851 E.01286
G1 X37.586 Y34.809 E.0095
G1 X38.074 Y34.85 E.01256
G1 X38.544 Y34.986 E.01255
G1 X38.978 Y35.213 E.01257
G1 X39.358 Y35.521 E.01255
G1 X39.689 Y35.933 E.01356
G1 X39.932 Y36.432 E.01424
G1 X40.042 Y36.8 E.00985
G1 X40.087 Y37.287 E.01255
G1 X40.034 Y37.774 E.01257
G1 X39.886 Y38.241 E.01257
G1 X39.747 Y38.493 E.00738
G1 E-3.5 F3600
;WIPE_START
G1 F7200
G1 X39.718 Y38.545 E-.02828
G1 X39.65 Y38.668 E-.06676
G1 X39.377 Y38.996 E-.2027
G1 X39.048 Y39.276 E-.20521
G1 X38.622 Y39.517 E-.23249
G1 X38.156 Y39.67 E-.23298
G1 X37.67 Y39.727 E-.23243
G1 X37.182 Y39.686 E-.23262
G1 X37.048 Y39.647 E-.06653
;WIPE_END
G1 X26.458 Y48.124 F9000
G1 E5 F2400
;TYPE:Perimeter
;WIDTH:0.439999
G1 F1800
G1 X26.51 Y48.183 E.00212
G1 X26.866 Y48.795 E.01911
G1 X27.094 Y49.466 E.01912
G1 X27.184 Y50.169 E.01913
G1 X27.133 Y50.876 E.01913
G1 X26.943 Y51.558 E.0191
G1 X26.622 Y52.19 E.01913
G1 X26.072 Y52.851 E.0232
G1 X25.492 Y53.299 E.01978
G1 X24.854 Y53.608 E.01913
G1 X24.168 Y53.785 E.01912
G1 X23.461 Y53.822 E.0191
G1 X22.76 Y53.718 E.01912
G1 X22.093 Y53.478 E.01913
G1 X21.488 Y53.11 E.01911
G1 X20.967 Y52.63 E.01912
G1 X20.552 Y52.056 E.01911
G1 X20.258 Y51.411 E.01913
G1 X20.099 Y50.721 E.01911
G1 X20.079 Y50.012 E.01914
G1 X20.2 Y49.314 E.01912
G1 X20.457 Y48.654 E.01911
G1 X20.991 Y47.885 E.02526
G1 X21.479 Y47.432 E.01797
G1 X22.075 Y47.067 E.01886
G1 X22.74 Y46.823 E.01911
G1 X23.44 Y46.715 E.01911
G1 X24.148 Y46.748 E.01913
G1 X24.835 Y46.921 E.01912
G1 X25.474 Y47.227 E.01912
G1 X26.04 Y47.653 E.01912
G1 X26.418 Y48.079 E.01537
G1 X26.135 Y48.369 F9000
G1 F1800
G1 X26.2 Y48.444 E.00268
G1 X26.51 Y48.989 E.01692
G1 X26.706 Y49.586 E.01696
G1 X26.78 Y50.209 E.01693
G1 X26.73 Y50.835 E.01695
G1 X26.556 Y51.439 E.01696
G1 X26.266 Y51.996 E.01695
G1 X25.768 Y52.582 E.02075
G1 X25.255 Y52.969 E.01734
G1 X24.687 Y53.238 E.01696
G1 X24.078 Y53.389 E.01693
G1 X23.451 Y53.416 E.01694
G1 X22.83 Y53.319 E.01696
G1 X22.242 Y53.1 E.01693
G1 X21.708 Y52.77 E.01694
G1 X21.25 Y52.34 E.01695
G1 X20.887 Y51.827 E.01696
G1 X20.632 Y51.253 E.01695
G1 X20.496 Y50.64 E.01694
G1 X20.485 Y50.012 E.01695
G1 X20.598 Y49.395 E.01693
G1 X20.831 Y48.812 E.01694
G1 X21.317 Y48.127 E.02266
G1 X21.744 Y47.738 E.01559
G1 X22.278 Y47.418 E.0168
G1 X22.869 Y47.207 E.01693
G1 X23.491 Y47.118 E.01696
G1 X24.117 Y47.153 E.01692
G1 X24.725 Y47.312 E.01696
G1 X25.289 Y47.588 E.01694
G1 X25.787 Y47.97 E.01694
G1 X26.095 Y48.324 E.01266
G1 X25.82 Y48.608 F9000
;TYPE:External perimeter
;WIDTH:0.419999
G1 F1800
G1 X25.897 Y48.698 E.00304
G1 X26.163 Y49.179 E.0141
G1 X26.328 Y49.703 E.01409
G1 X26.387 Y50.249 E.01409
G1 X26.336 Y50.796 E.01409
G1 X26.178 Y51.322 E.01409
G1 X25.918 Y51.807 E.01412
G1 X25.471 Y52.32 E.01746
G1 X25.024 Y52.648 E.01422
G1 X24.525 Y52.877 E.01409
G1 X23.99 Y53.003 E.0141
G1 X23.441 Y53.021 E.01409
G1 X22.899 Y52.929 E.0141
G1 X22.386 Y52.732 E.0141
G1 X21.922 Y52.437 E.01411
G1 X21.526 Y52.056 E.0141
G1 X21.214 Y51.604 E.01409
G1 X20.997 Y51.1 E.01408
G1 X20.884 Y50.562 E.0141
G1 X20.88 Y50.012 E.01411
G1 X20.986 Y49.473 E.01409
G1 X21.195 Y48.965 E.01409
G1 X21.635 Y48.362 E.01915
G1 X22.032 Y48.017 E.01349
G1 X22.475 Y47.761 E.01313
G1 X22.995 Y47.582 E.01411
G1 X23.54 Y47.51 E.0141
G1 X24.088 Y47.548 E.01409
G1 X24.618 Y47.693 E.0141
G1 X25.108 Y47.94 E.01408
G1 X25.54 Y48.28 E.0141
G1 X25.781 Y48.562 E.00952
G1 E-3.5 F3600
;WIPE_START
G1 F7200
G1 X25.82 Y48.608 E-.02865
G1 X25.897 Y48.698 E-.05626
G1 X26.163 Y49.179 E-.26108
G1 X26.328 Y49.703 E-.26095
G1 X26.387 Y50.249 E-.26086
G1 X26.336 Y50.796 E-.26095
G1 X26.178 Y51.322 E-.26088
G1 X26.068 Y51.527 E-.11037
;WIPE_END
G1 X23.892 Y27.799 F9000
G1 E5 F2400
;TYPE:Perimeter
;WIDTH:0.439999
G1 F1800
G1 X23.461 Y27.822 E.01165
G1 X22.76 Y27.718 E.01912
G1 X22.093 Y27.478 E.01913
G1 X21.488 Y27.11 E.01911
G1 X20.967 Y26.63 E.01912
G1 X20.552 Y26.056 E.01911
G1 X20.258 Y25.411 E.01913
G1 X20.099 Y24.721 E.01911
G1 X20.079 Y24.012 E.01914
G1 X20.2 Y23.314 E.01912
G1 X20.457 Y22.654 E.01911
G1 X20.991 Y21.885 E.02526
G1 X21.479 Y21.432 E.01797
G1 X22.075 Y21.067 E.01886
G1 X22.74 Y20.823 E.01911
G1 X23.44 Y20.715 E.01911
G1 X24.148 Y20.748 E.01913
G1 X24.835 Y20.921 E.01912
G1 X25.474 Y21.227 E.01912
G1 X26.04 Y21.653 E.01912
G1 X26.51 Y22.183 E.01912
G1 X26.866 Y22.795 E.01911
G1 X27.094 Y23.466 E.01912
G1 X27.184 Y24.169 E.01913
G1 X27.133 Y24.876 E.01913
G1 X26.943 Y25.558 E.0191
G1 X26.622 Y26.19 E.01913
G1 X26.072 Y26.851 E.0232
G1 X25.492 Y27.299 E.01978
G1 X24.854 Y27.608 E.01913
G1 X24.168 Y27.785 E.01912
G1 X23.952 Y27.796 E.00584
G1 X23.862 Y27.398 F9000
G1 F1800
G1 X23.451 Y27.416 E.0111
G1 X22.83 Y27.319 E.01696
G1 X22.242 Y27.1 E.01693
G1 X21.708 Y26.77 E.01694
G1 X21.25 Y26.34 E.01695
G1 X20.887 Y25.827 E.01696
G1 X20.632 Y25.253 E.01695
G1 X20.496 Y24.64 E.01694
G1 X20.485 Y24.012 E.01695
G1 X20.598 Y23.395 E.01693
G1 X20.831 Y22.812 E.01694
G1 X21.317 Y22.127 E.02266
G1 X21.744 Y21.738 E.01559
G1 X22.278 Y21.418 E.0168
G1 X22.869 Y21.207 E.01693
G1 X23.491 Y21.118 E.01696
G1 X24.117 Y21.153 E.01692
G1 X24.725 Y21.312 E.01696
G1 X25.289 Y21.588 E.01694
G1 X25.787 Y21.97 E.01694
G1 X26.2 Y22.444 E.01696
G1 X26.51 Y22.989 E.01692
G1 X26.706 Y23.586 E.01696
G1 X26.78 Y24.209 E.01693
G1 X26.73 Y24.835 E.01695
G1 X26.556 Y25.439 E.01696
G1 X26.266 Y25.996 E.01695
G1 X25.768 Y26.582 E.02075
G1 X25.255 Y26.969 E.01734
G1 X24.687 Y27.238 E.01696
G1 X24.078 Y27.389 E.01693
G1 X23.922 Y27.396 E.00421
G1 X23.833 Y27.008 F9000
;TYPE:External perimeter
;WIDTH:0.419999
G1 F1800
G1 X23.441 Y27.021 E.01006
G1 X22.899 Y26.929 E.0141
G1 X22.386 Y26.732 E.0141
G1 X21.922 Y26.437 E.01411
G1 X21.526 Y26.056 E.0141
G1 X21.214 Y25.604 E.01409
G1 X20.997 Y25.1 E.01408
G1 X20.884 Y24.562 E.0141
G1 X20.88 Y24.012 E.01411
G1 X20.986 Y23.473 E.01409
G1 X21.195 Y22.965 E.01409
G1 X21.635 Y22.362 E.01915
G1 X22.017 Y22.027 E.01303
G1 X22.475 Y21.761 E.01359
G1 X22.995 Y21.582 E.01411
G1 X23.54 Y21.51 E.0141
G1 X24.088 Y21.548 E.01409
G1 X24.618 Y21.693 E.0141
G1 X25.108 Y21.94 E.01408
G1 X25.54 Y22.28 E.0141
G1 X25.897 Y22.698 E.0141
G1 X26.163 Y23.179 E.0141
G1 X26.328 Y23.703 E.01409
G1 X26.387 Y24.249 E.01409
G1 X26.336 Y24.796 E.01409
G1 X26.178 Y25.322 E.01409
G1 X25.918 Y25.807 E.01412
G1 X25.471 Y26.32 E.01746
G1 X25.024 Y26.648 E.01422
G1 X24.525 Y26.877 E.01409
G1 X23.99 Y27.003 E.0141
G1 X23.893 Y27.006 E.00249
G1 E-3.5 F3600
;WIPE_START
G1 F7200
G1 X23.833 Y27.008 E-.02852
G1 X23.441 Y27.021 E-.1863
G1 X22.899 Y26.929 E-.26113
G1 X22.386 Y26.732 E-.26102
G1 X21.922 Y26.437 E-.26117
G1 X21.526 Y26.056 E-.26102
G1 X21.238 Y25.639 E-.24084
;WIPE_END
G1 X48.096 Y24.621 F9000
G1 E5 F2400
;TYPE:Perimeter
;WIDTH:0.439999
G1 F1800
G1 X48.079 Y24.012 E.01644
G1 X48.2 Y23.314 E.01912
G1 X48.457 Y22.654 E.01911
G1 X48.991 Y21.885 E.02526
G1 X49.479 Y21.432 E.01797
G1 X50.075 Y21.067 E.01886
G1 X50.74 Y20.823 E.01911
G1 X51.44 Y20.715 E.01911
G1 X52.148 Y20.748 E.01913
G1 X52.835 Y20.921 E.01912
G1 X53.474 Y21.227 E.01912
G1 X54.027 Y21.643 E.01867
G1 X54.51 Y22.183 E.01955
G1 X54.866 Y22.795 E.01911
G1 X55.094 Y23.466 E.01912
G1 X55.184 Y24.169 E.01913
G1 X55.133 Y24.876 E.01913
G1 X54.943 Y25.558 E.0191
G1 X54.535 Y26.315 E.02321
G1 X54.055 Y26.869 E.01978
G1 X53.492 Y27.299 E.01912
G1 X52.854 Y27.608 E.01913
G1 X52.168 Y27.785 E.01912
G1 X51.461 Y27.822 E.0191
G1 X50.76 Y27.718 E.01912
G1 X50.093 Y27.478 E.01913
G1 X49.488 Y27.11 E.01911
G1 X48.983 Y26.645 E.01852
G1 X48.598 Y26.124 E.01748
G1 X48.315 Y25.546 E.01737
G1 X48.2 Y25.222 E.00928
G1 X48.099 Y24.721 E.01379
G1 X48.098 Y24.681 E.00108
G1 X48.495 Y24.581 F9000
G1 F1800
G1 X48.485 Y24.012 E.01536
G1 X48.598 Y23.395 E.01693
G1 X48.831 Y22.812 E.01694
G1 X49.317 Y22.127 E.02266
G1 X49.744 Y21.738 E.01559
G1 X50.278 Y21.418 E.0168
G1 X50.869 Y21.207 E.01693
G1 X51.491 Y21.118 E.01696
G1 X52.117 Y21.153 E.01692
G1 X52.725 Y21.312 E.01696
G1 X53.289 Y21.588 E.01694
G1 X53.774 Y21.96 E.01649
G1 X54.2 Y22.444 E.0174
G1 X54.51 Y22.989 E.01692
G1 X54.706 Y23.586 E.01696
G1 X54.78 Y24.209 E.01693
G1 X54.73 Y24.835 E.01695
G1 X54.556 Y25.439 E.01696
G1 X54.184 Y26.112 E.02075
G1 X53.758 Y26.593 E.01734
G1 X53.255 Y26.969 E.01695
G1 X52.687 Y27.238 E.01696
G1 X52.078 Y27.389 E.01693
G1 X51.451 Y27.416 E.01694
G1 X50.83 Y27.319 E.01696
G1 X50.242 Y27.1 E.01693
G1 X49.708 Y26.77 E.01694
G1 X49.266 Y26.355 E.01636
G1 X48.933 Y25.895 E.01532
G1 X48.689 Y25.388 E.01518
G1 X48.598 Y25.141 E.0071
G1 X48.497 Y24.641 E.01376
G1 X48.884 Y24.543 F9000
;TYPE:External perimeter
;WIDTH:0.419999
G1 F1800
G1 X48.88 Y24.012 E.01362
G1 X48.986 Y23.473 E.01409
G1 X49.195 Y22.965 E.01409
G1 X49.635 Y22.362 E.01915
G1 X50.032 Y22.017 E.01349
G1 X50.475 Y21.761 E.01313
G1 X50.995 Y21.582 E.01411
G1 X51.54 Y21.51 E.0141
G1 X52.088 Y21.548 E.01409
G1 X52.618 Y21.693 E.0141
G1 X53.108 Y21.94 E.01408
G1 X53.527 Y22.269 E.01367
G1 X53.897 Y22.698 E.01453
G1 X54.163 Y23.179 E.0141
G1 X54.328 Y23.703 E.01409
G1 X54.387 Y24.249 E.01409
G1 X54.336 Y24.796 E.01409
G1 X54.177 Y25.322 E.0141
G1 X53.841 Y25.915 E.01749
G1 X53.468 Y26.324 E.0142
G1 X53.024 Y26.648 E.0141
G1 X52.525 Y26.877 E.01409
G1 X51.99 Y27.003 E.0141
G1 X51.441 Y27.021 E.01409
G1 X50.899 Y26.929 E.0141
G1 X50.386 Y26.732 E.0141
G1 X49.922 Y26.437 E.01411
G1 X49.542 Y26.072 E.01352
G1 X49.214 Y25.604 E.01466
G1 X48.997 Y25.1 E.01408
G1 X48.893 Y24.602 E.01305
G1 E-3.5 F3600
;WIPE_START
G1 F7200
G1 X48.884 Y24.543 E-.02835
G1 X48.88 Y24.012 E-.25223
G1 X48.986 Y23.473 E-.26093
G1 X49.195 Y22.965 E-.26092
G1 X49.635 Y22.362 E-.35457
G1 X50.032 Y22.017 E-.24983
G1 X50.202 Y21.919 E-.09317
;WIPE_END
G1 X51.187 Y46.754 F9000
G1 E5 F2400
;TYPE:Perimeter
;WIDTH:0.439999
G1 F1800
G1 X51.44 Y46.715 E.00691
G1 X52.148 Y46.748 E.01913
G1 X52.835 Y46.921 E.01912
G1 X53.474 Y47.227 E.01912
G1 X54.04 Y47.653 E.01912
G1 X54.51 Y48.183 E.01912
G1 X54.866 Y48.795 E.01911
G1 X55.094 Y49.466 E.01912
G1 X55.184 Y50.169 E.01913
G1 X55.133 Y50.876 E.01913
G1 X54.943 Y51.558 E.0191
G1 X54.535 Y52.315 E.02321
G1 X54.055 Y52.869 E.01978
G1 X53.492 Y53.299 E.01912
G1 X52.854 Y53.608 E.01913
G1 X52.168 Y53.785 E.01912
G1 X51.461 Y53.822 E.0191
G1 X50.76 Y53.718 E.01912
G1 X50.093 Y53.478 E.01913
G1 X49.488 Y53.11 E.01911
G1 X48.967 Y52.63 E.01912
G1 X48.552 Y52.056 E.01911
G1 X48.258 Y51.411 E.01913
G1 X48.099 Y50.721 E.01911
G1 X48.079 Y50.012 E.01914
G1 X48.2 Y49.314 E.01912
G1 X48.457 Y48.654 E.01911
G1 X48.928 Y47.971 E.02239
G1 X49.14 Y47.724 E.00878
G1 X49.524 Y47.395 E.01365
G1 X50.075 Y47.067 E.0173
G1 X50.74 Y46.823 E.01911
G1 X51.128 Y46.763 E.01059
G1 X51.237 Y47.154 F9000
G1 F1800
G1 X51.491 Y47.118 E.00692
G1 X52.117 Y47.153 E.01692
G1 X52.725 Y47.312 E.01696
G1 X53.289 Y47.588 E.01694
G1 X53.787 Y47.97 E.01694
G1 X54.2 Y48.444 E.01696
G1 X54.51 Y48.989 E.01692
G1 X54.706 Y49.586 E.01696
G1 X54.78 Y50.209 E.01693
G1 X54.73 Y50.835 E.01695
G1 X54.556 Y51.439 E.01696
G1 X54.184 Y52.112 E.02075
G1 X53.758 Y52.593 E.01734
G1 X53.255 Y52.969 E.01695
G1 X52.687 Y53.238 E.01696
G1 X52.078 Y53.389 E.01693
G1 X51.451 Y53.416 E.01694
G1 X50.83 Y53.319 E.01696
G1 X50.242 Y53.1 E.01693
G1 X49.708 Y52.77 E.01694
G1 X49.25 Y52.34 E.01695
G1 X48.887 Y51.827 E.01696
G1 X48.632 Y51.253 E.01695
G1 X48.496 Y50.64 E.01694
G1 X48.485 Y50.012 E.01695
G1 X48.598 Y49.395 E.01693
G1 X48.831 Y48.812 E.01694
G1 X49.254 Y48.212 E.01981
G1 X49.405 Y48.031 E.00636
G1 X49.798 Y47.697 E.01392
G1 X50.278 Y47.418 E.01498
G1 X50.869 Y47.207 E.01693
G1 X51.178 Y47.163 E.00842
G1 X51.286 Y47.544 F9000
;TYPE:External perimeter
;WIDTH:0.419999
G1 F1800
G1 X51.54 Y47.51 E.00657
G1 X52.088 Y47.548 E.01409
G1 X52.618 Y47.693 E.0141
G1 X53.108 Y47.94 E.01408
G1 X53.54 Y48.28 E.0141
G1 X53.897 Y48.698 E.0141
G1 X54.163 Y49.179 E.0141
G1 X54.328 Y49.703 E.01409
G1 X54.387 Y50.249 E.01409
G1 X54.336 Y50.796 E.01409
G1 X54.177 Y51.322 E.0141
G1 X53.841 Y51.915 E.01749
G1 X53.468 Y52.324 E.0142
G1 X53.024 Y52.648 E.0141
G1 X52.525 Y52.877 E.01409
G1 X51.99 Y53.003 E.0141
G1 X51.441 Y53.021 E.01409
G1 X50.899 Y52.929 E.0141
G1 X50.386 Y52.732 E.0141
G1 X49.922 Y52.437 E.01411
G1 X49.526 Y52.056 E.0141
G1 X49.214 Y51.604 E.01409
G1 X48.997 Y51.1 E.01408
G1 X48.884 Y50.562 E.0141
G1 X48.88 Y50.012 E.01411
G1 X48.986 Y49.473 E.01409
G1 X49.195 Y48.965 E.01409
G1 X49.572 Y48.447 E.01644
G1 X50.003 Y48.038 E.01524
G1 X50.475 Y47.761 E.01404
G1 X50.995 Y47.582 E.01411
G1 X51.227 Y47.552 E.006
G1 E-3.5 F3600
;WIPE_START
G1 F7200
G1 X51.286 Y47.544 E-.02828
G1 X51.54 Y47.51 E-.12173
G1 X52.088 Y47.548 E-.26093
G1 X52.618 Y47.693 E-.261
G1 X53.108 Y47.94 E-.26065
G1 X53.54 Y48.28 E-.26113
G1 X53.897 Y48.698 E-.26111
G1 X53.943 Y48.781 E-.04517
;WIPE_END
G1 X57.116 Y60.257 F9000
G1 E5 F2400
;TYPE:Perimeter
;WIDTH:0.439999
G1 F3600
G1 X18.139 Y60.257 E1.05179
G1 X18.139 Y18.279 E1.13277
G1 X19.748 Y18.279 E.04342
G1 X20.046 Y18.195 E.00835
G1 X20.359 Y17.977 E.01029
G1 X20.563 Y17.667 E.01001
G1 X20.639 Y17.285 E.01051
G1 X20.639 Y15.279 E.05413
G1 X54.616 Y15.279 E.91686
G1 X54.616 Y17.285 E.05413
G1 X54.694 Y17.67 E.0106
G1 X54.898 Y17.979 E.00999
G1 X55.214 Y18.197 E.01036
G1 X55.611 Y18.279 E.01094
G1 X57.116 Y18.279 E.04061
G1 X57.116 Y60.197 E1.13115
G1 X57.522 Y60.662 F9000
G1 F3600
G1 X17.733 Y60.662 E1.0737
G1 X17.733 Y17.874 E1.15463
G1 X19.711 Y17.874 E.05338
G1 X19.978 Y17.77 E.00773
G1 X20.164 Y17.562 E.00753
G1 X20.233 Y17.285 E.0077
G1 X20.233 Y14.874 E.06506
G1 X55.022 Y14.874 E.93877
G1 X55.022 Y17.375 E.06749
G1 X55.151 Y17.653 E.00827
G1 X55.323 Y17.798 E.00607
G1 X55.611 Y17.874 E.00804
G1 X57.522 Y17.874 E.05157
G1 X57.522 Y60.602 E1.15301
G1 X57.918 Y61.058 F9000
;TYPE:External perimeter
;WIDTH:0.419999
G1 F1800
G1 X17.338 Y61.058 E1.04106
G1 X17.338 Y17.478 E1.11802
G1 X19.645 Y17.478 E.05918
G1 X19.769 Y17.432 E.00339
G1 X19.838 Y17.285 E.00417
G1 X19.838 Y14.478 E.07201
G1 X55.418 Y14.478 E.91278
G1 X55.418 Y17.285 E.07201
G1 X55.46 Y17.406 E.00329
G1 X55.611 Y17.478 E.00429
G1 X57.918 Y17.478 E.05918
G1 X57.918 Y60.998 E1.11648
G1 E-3.5 F3600
;WIPE_START
G1 F7200
G1 X57.918 Y61.058 E-.0285
G1 X54.82 Y61.058 E-1.4715
;WIPE_END
G1 X54.892 Y48.191 F9000
G1 E5 F2400
;TYPE:Internal infill
;WIDTH:0.44
G1 F3600
G1 X55.143 Y48.651 E.01414
G1 X55.394 Y49.379 E.02078
G1 X55.495 Y50.143 E.0208
G1 X55.483 Y50.51 E.00991
G1 X56.804 Y49.189 E.05041
G1 X56.804 Y49.295 E.00286
G1 X23.101 Y15.592 E1.28619
G1 X21.558 Y15.592 E.04164
G1 X20.951 Y16.198 E.02315
G1 X20.927 Y17.539 E.03619
G1 X20.799 Y17.899 E.01031
G1 X20.584 Y18.195 E.00987
G1 X20.3 Y18.416 E.00971
G1 X19.822 Y18.58 E.01364
G1 X18.559 Y18.59 E.03408
G1 X18.451 Y18.698 E.00412
G1 X18.451 Y18.592 E.00286
G1 X21.159 Y21.299 E.10332
G1 X22.036 Y20.736 E.02812
G1 X22.771 Y20.49 E.02092
G1 X23.471 Y20.398 E.01905
G1 X24.334 Y20.465 E.02336
G1 X29.207 Y15.592 E.18597
G1 X30.75 Y15.592 E.04164
G1 X56.804 Y41.646 E.99428
G1 X56.804 Y41.54 E.00286
G1 X51.925 Y46.419 E.18619
G1 X51.406 Y46.405 E.01401
G1 X50.755 Y46.493 E.01773
G1 X49.992 Y46.757 E.02179
G1 X49.605 Y46.986 E.01213
G1 E-3.5
;WIPE_START
G1 F7200
G1 X49.992 Y46.757 E-.2136
G1 X50.755 Y46.493 E-.38351
G1 X51.406 Y46.405 E-.31204
G1 X51.925 Y46.419 E-.24661
G1 X52.437 Y45.907 E-.34424
;WIPE_END
G1 X54.285 Y27.08 F9000
G1 E5 F2400
G1 F3600
G1 X54.802 Y26.477 E.02143
G1 X55.128 Y25.913 E.01758
G1 X55.434 Y24.977 E.02657
G1 X56.804 Y26.347 E.05228
G1 X56.804 Y26.241 E.00286
G1 X23.101 Y59.944 E1.28619
G1 X21.558 Y59.944 E.04164
G1 X18.451 Y56.838 E.11855
G1 X18.451 Y56.944 E.00286
G1 X21.746 Y53.649 E.12574
G1 X22.515 Y53.978 E.02257
G1 X23.394 Y54.131 E.02408
G1 X29.207 Y59.944 E.22184
G1 X30.75 Y59.944 E.04164
G1 X56.804 Y33.89 E.99428
G1 X56.804 Y33.997 E.00289
G1 X50.852 Y28.044 E.22716
G1 X51.331 Y28.131 E.01314
G1 X51.984 Y28.121 E.01762
G1 X52.741 Y27.974 E.02081
G1 X53.226 Y27.783 E.01407
G1 E-3.5
;WIPE_START
G1 F7200
G1 X52.741 Y27.974 E-.2476
G1 X51.984 Y28.121 E-.36629
G1 X51.331 Y28.131 E-.31021
G1 X50.852 Y28.044 E-.23125
G1 X51.365 Y28.557 E-.34465
;WIPE_END
G1 X36.909 Y33.776 F9000
G1 E5 F2400
G1 F3600
G1 X36.133 Y34.022 E.02197
G1 X35.513 Y34.387 E.01941
G1 X34.872 Y35.013 E.02418
G1 X26.591 Y26.732 E.31602
G1 X26.893 Y26.345 E.01325
G1 X27.171 Y25.832 E.01575
G1 X27.426 Y25.022 E.02292
G1 X36.856 Y15.592 E.35987
G1 X38.399 Y15.592 E.04164
G1 X47.855 Y25.048 E.36086
G1 X47.927 Y25.416 E.01012
G1 X48.227 Y26.125 E.02077
G1 X48.651 Y26.745 E.02027
G1 X40.38 Y35.016 E.31564
G1 X40.584 Y35.259 E.00856
G1 X40.926 Y35.891 E.01939
G1 X41.132 Y36.562 E.01894
G1 X41.202 Y37.268 E.01914
G1 X41.127 Y37.995 E.01972
G1 X40.94 Y38.61 E.01735
G1 X40.61 Y39.237 E.01912
G1 X40.193 Y39.756 E.01797
G1 X39.882 Y40.023 E.01106
G1 X48.246 Y48.387 E.31919
G1 X47.941 Y49.08 E.02043
G1 X47.771 Y49.898 E.02255
G1 X47.772 Y50.571 E.01816
G1 X38.399 Y59.944 E.3577
G1 X36.856 Y59.944 E.04164
G1 X27.477 Y50.565 E.35792
G1 X27.498 Y50.174 E.01057
G1 X27.426 Y49.503 E.01821
G1 X27.175 Y48.713 E.02237
G1 X26.998 Y48.398 E.00975
G1 X35.373 Y40.023 E.31961
G1 X34.696 Y39.312 E.02649
G1 X34.344 Y38.68 E.01952
G1 X34.127 Y37.988 E.01957
G1 E-3.5
;WIPE_START
G1 F7200
G1 X34.344 Y38.68 E-.34448
G1 X34.696 Y39.312 E-.34362
G1 X35.373 Y40.023 E-.46634
G1 X34.859 Y40.537 E-.34556
;WIPE_END
G1 X22.02 Y27.785 F9000
G1 E5 F2400
G1 F3600
G1 X22.7 Y28.025 E.01946
G1 X23.214 Y28.116 E.01409
G1 X23.985 Y28.121 E.02081
G1 X24.396 Y28.051 E.01125
G1 X18.451 Y33.997 E.22689
G1 X18.451 Y33.89 E.00289
G1 X44.505 Y59.944 E.99428
G1 X46.048 Y59.944 E.04164
G1 X51.869 Y54.124 E.22212
G1 X52.834 Y53.949 E.02647
G1 X53.508 Y53.648 E.01992
G1 X56.804 Y56.944 E.12578
G1 X56.804 Y56.838 E.00286
G1 X53.698 Y59.944 E.11853
G1 X52.155 Y59.944 E.04164
G1 X18.451 Y26.241 E1.2862
G1 X18.451 Y26.347 E.00286
G1 X19.83 Y24.968 E.05263
G1 X19.767 Y24.528 E.01199
G1 X19.792 Y23.759 E.02076
G1 X19.895 Y23.247 E.01409
G1 X20.142 Y22.597 E.01876
G1 E-3.5
;WIPE_START
G1 F7200
G1 X19.895 Y23.247 E-.33029
G1 X19.792 Y23.759 E-.24807
G1 X19.767 Y24.528 E-.36547
G1 X19.83 Y24.968 E-.21113
G1 X19.317 Y25.482 E-.34504
;WIPE_END
G1 X21.117 Y47.331 F9000
G1 E5 F2400
G1 F3600
G1 X21.471 Y47.055 E.01211
G1 X22.151 Y46.691 E.02081
G1 X22.646 Y46.525 E.01409
G1 X23.326 Y46.415 E.01859
G1 X18.451 Y41.54 E.18604
G1 X18.451 Y41.646 E.00286
G1 X44.505 Y15.592 E.99428
G1 X46.048 Y15.592 E.04164
G1 X50.923 Y20.466 E.18602
G1 X51.656 Y20.398 E.01986
G1 X52.294 Y20.452 E.01728
G1 X53.041 Y20.661 E.02093
G1 X53.73 Y21.014 E.02089
G1 X54.096 Y21.3 E.01253
G1 X56.804 Y18.592 E.10334
G1 X56.804 Y18.698 E.00286
G1 X56.696 Y18.59 E.00412
G1 X55.434 Y18.58 E.03406
G1 X54.971 Y18.425 E.01318
G1 X54.588 Y18.1 E.01355
G1 X54.328 Y17.538 E.01671
G1 X54.304 Y16.198 E.03617
G1 X53.698 Y15.592 E.02313
G1 X52.155 Y15.592 E.04164
G1 X18.451 Y49.295 E1.2862
G1 X18.451 Y49.189 E.00286
G1 X19.767 Y50.504 E.0502
G1 X19.969 Y51.527 E.02814
G1 X20.291 Y52.227 E.02079
G1 X20.645 Y52.731 E.01662
;LAYER_CHANGE
;Z:2.76
;HEIGHT:0.16
;BEFORE_LAYER_CHANGE
G92 E0
;2.76


G1 E-3.5 F3600
;WIPE_START
G1 F7200
G1 X20.291 Y52.227 E-.29255
G1 X19.969 Y51.527 E-.36599
G1 X19.767 Y50.504 E-.49531
G1 X19.252 Y49.989 E-.34615
;WIPE_END
G1 Z2.76 F9000
;AFTER_LAYER_CHANGE
;2.76
G1 X35.251 Y39.473
G1 E5 F2400
;TYPE:Perimeter
;WIDTH:0.439999
G1 F1800
G1 X34.993 Y39.184 E.01045
G1 X34.665 Y38.624 E.01751
G1 X34.443 Y37.967 E.01871
G1 X34.374 Y37.429 E.01464
G1 X34.394 Y36.869 E.01512
G1 X34.534 Y36.247 E.0172
G1 X34.797 Y35.654 E.01751
G1 X35.134 Y35.177 E.01576
G1 X35.646 Y34.682 E.01922
G1 X36.198 Y34.34 E.01752
G1 X36.807 Y34.115 E.01752
G1 X37.448 Y34.015 E.01751
G1 X37.987 Y34.036 E.01456
G1 X38.291 Y34.078 E.00828
G1 X38.807 Y34.227 E.01449
G1 X39.311 Y34.479 E.01521
G1 X39.813 Y34.854 E.01691
G1 X40.263 Y35.352 E.01811
G1 X40.59 Y35.912 E.0175
G1 X40.8 Y36.526 E.01751
G1 X40.884 Y37.169 E.0175
G1 X40.839 Y37.816 E.0175
G1 X40.667 Y38.442 E.01752
G1 X40.374 Y39.021 E.01751
G1 X39.972 Y39.53 E.0175
G1 X39.478 Y39.95 E.0175
G1 X38.91 Y40.263 E.0175
G1 X38.4 Y40.427 E.01446
G1 X37.783 Y40.524 E.01685
G1 X37.16 Y40.492 E.01683
G1 X36.53 Y40.336 E.01751
G1 X35.944 Y40.057 E.01751
G1 X35.425 Y39.668 E.0175
G1 X35.291 Y39.518 E.00543
G1 X35.545 Y39.2 F9000
G1 F1800
G1 X35.304 Y38.924 E.00989
G1 X35.022 Y38.43 E.01535
G1 X34.83 Y37.84 E.01674
G1 X34.773 Y37.335 E.01371
G1 X34.809 Y36.812 E.01415
G1 X34.935 Y36.317 E.01378
G1 X35.163 Y35.831 E.01449
G1 X35.458 Y35.422 E.01361
G1 X35.915 Y34.986 E.01704
G1 X36.401 Y34.692 E.01533
G1 X36.936 Y34.5 E.01534
G1 X37.498 Y34.418 E.01533
G1 X38.065 Y34.448 E.01532
G1 X38.615 Y34.591 E.01534
G1 X39.126 Y34.84 E.01534
G1 X39.56 Y35.171 E.01473
G1 X39.952 Y35.613 E.01594
G1 X40.234 Y36.106 E.01533
G1 X40.412 Y36.645 E.01532
G1 X40.481 Y37.209 E.01533
G1 X40.436 Y37.776 E.01535
G1 X40.279 Y38.322 E.01533
G1 X40.018 Y38.827 E.01534
G1 X39.662 Y39.269 E.01531
G1 X39.225 Y39.633 E.01535
G1 X38.725 Y39.902 E.01532
G1 X38.181 Y40.067 E.01534
G1 X37.684 Y40.123 E.0135
G1 X37.176 Y40.086 E.01374
G1 X36.64 Y39.945 E.01496
G1 X36.129 Y39.696 E.01534
G1 X35.678 Y39.351 E.01532
G1 X35.585 Y39.245 E.00381
G1 X35.831 Y38.935 F9000
;TYPE:External perimeter
;WIDTH:0.419999
G1 F1800
G1 X35.585 Y38.637 E.00991
G1 X35.356 Y38.211 E.01241
G1 X35.214 Y37.738 E.01267
G1 X35.169 Y37.309 E.01107
G1 X35.199 Y36.882 E.01098
G1 X35.323 Y36.409 E.01254
G1 X35.539 Y35.969 E.01257
G1 X35.838 Y35.581 E.01257
G1 X36.208 Y35.26 E.01257
G1 X36.735 Y34.985 E.01525
G1 X37.218 Y34.851 E.01286
G1 X37.586 Y34.809 E.0095
G1 X38.074 Y34.85 E.01256
G1 X38.544 Y34.986 E.01255
G1 X38.978 Y35.213 E.01257
G1 X39.358 Y35.521 E.01255
G1 X39.689 Y35.933 E.01356
G1 X39.932 Y36.432 E.01424
G1 X40.042 Y36.8 E.00985
G1 X40.087 Y37.287 E.01255
G1 X40.034 Y37.774 E.01257
G1 X39.886 Y38.241 E.01257
G1 X39.649 Y38.669 E.01255
G1 X39.295 Y39.071 E.01374
G1 X38.946 Y39.344 E.01137
G1 X38.508 Y39.564 E.01257
G1 X38.041 Y39.693 E.01243
G1 X37.67 Y39.727 E.00956
G1 X37.182 Y39.686 E.01256
G1 X36.711 Y39.55 E.01258
G1 X36.277 Y39.323 E.01257
G1 X35.897 Y39.015 E.01255
G1 X35.869 Y38.981 E.00113
G1 E-3.5 F3600
;WIPE_START
G1 F7200
G1 X35.831 Y38.935 E-.02834
G1 X35.585 Y38.637 E-.18355
G1 X35.356 Y38.211 E-.22973
G1 X35.214 Y37.738 E-.23458
G1 X35.169 Y37.309 E-.20489
G1 X35.199 Y36.882 E-.20332
G1 X35.323 Y36.409 E-.23227
G1 X35.493 Y36.063 E-.18332
;WIPE_END
G1 X26.223 Y47.86 F9000
G1 E5 F2400
;TYPE:Perimeter
;WIDTH:0.439999
G1 F1800
G1 X26.51 Y48.183 E.01166
G1 X26.866 Y48.795 E.01911
G1 X27.094 Y49.466 E.01912
G1 X27.184 Y50.169 E.01913
G1 X27.133 Y50.876 E.01913
G1 X26.943 Y51.559 E.01913
G1 X26.535 Y52.315 E.02318
G1 X26.055 Y52.869 E.01978
G1 X25.492 Y53.299 E.01912
G1 X24.854 Y53.608 E.01913
G1 X24.168 Y53.785 E.01912
G1 X23.461 Y53.822 E.0191
G1 X22.76 Y53.718 E.01912
G1 X22.093 Y53.478 E.01913
G1 X21.488 Y53.11 E.01911
G1 X20.967 Y52.63 E.01912
G1 X20.552 Y52.056 E.01911
G1 X20.258 Y51.411 E.01913
G1 X20.099 Y50.721 E.01911
G1 X20.079 Y50.012 E.01914
G1 X20.2 Y49.314 E.01912
G1 X20.457 Y48.654 E.01911
G1 X20.987 Y47.889 E.02511
G1 X21.478 Y47.432 E.0181
G1 X22.075 Y47.067 E.01888
G1 X22.74 Y46.823 E.01911
G1 X23.44 Y46.715 E.01911
G1 X24.148 Y46.748 E.01913
G1 X24.835 Y46.921 E.01912
G1 X25.474 Y47.227 E.01912
G1 X26.04 Y47.653 E.01912
G1 X26.184 Y47.815 E.00585
G1 X25.929 Y48.133 F9000
G1 F1800
G1 X26.2 Y48.444 E.01113
G1 X26.51 Y48.989 E.01692
G1 X26.706 Y49.586 E.01696
G1 X26.78 Y50.209 E.01693
G1 X26.73 Y50.835 E.01695
G1 X26.556 Y51.439 E.01696
G1 X26.184 Y52.112 E.02075
G1 X25.758 Y52.593 E.01734
G1 X25.255 Y52.969 E.01695
G1 X24.687 Y53.238 E.01696
G1 X24.078 Y53.389 E.01693
G1 X23.451 Y53.416 E.01694
G1 X22.83 Y53.319 E.01696
G1 X22.242 Y53.1 E.01693
G1 X21.708 Y52.77 E.01694
G1 X21.25 Y52.339 E.01697
G1 X20.887 Y51.827 E.01694
G1 X20.632 Y51.253 E.01695
G1 X20.496 Y50.64 E.01694
G1 X20.485 Y50.012 E.01695
G1 X20.598 Y49.395 E.01693
G1 X20.831 Y48.812 E.01694
G1 X21.314 Y48.13 E.02255
G1 X21.744 Y47.739 E.01568
G1 X22.278 Y47.418 E.01681
G1 X22.869 Y47.207 E.01693
G1 X23.491 Y47.118 E.01696
G1 X24.117 Y47.153 E.01692
G1 X24.725 Y47.312 E.01696
G1 X25.289 Y47.588 E.01694
G1 X25.787 Y47.97 E.01694
G1 X25.889 Y48.088 E.00421
G1 X25.642 Y48.399 F9000
;TYPE:External perimeter
;WIDTH:0.419999
G1 F1800
G1 X25.897 Y48.698 E.01008
G1 X26.163 Y49.179 E.0141
G1 X26.328 Y49.703 E.01409
G1 X26.387 Y50.249 E.01409
G1 X26.336 Y50.796 E.01409
G1 X26.177 Y51.322 E.0141
G1 X25.841 Y51.915 E.01749
G1 X25.468 Y52.324 E.0142
G1 X25.024 Y52.648 E.0141
G1 X24.525 Y52.877 E.01409
G1 X23.99 Y53.003 E.0141
G1 X23.441 Y53.021 E.01409
G1 X22.899 Y52.929 E.0141
G1 X22.386 Y52.732 E.0141
G1 X21.922 Y52.437 E.01411
G1 X21.526 Y52.056 E.0141
G1 X21.214 Y51.604 E.01409
G1 X20.997 Y51.1 E.01408
G1 X20.884 Y50.562 E.0141
G1 X20.88 Y50.012 E.01411
G1 X20.986 Y49.473 E.01409
G1 X21.195 Y48.965 E.01409
G1 X21.632 Y48.365 E.01904
G1 X22.032 Y48.017 E.0136
G1 X22.475 Y47.761 E.01313
G1 X22.995 Y47.582 E.01411
G1 X23.54 Y47.51 E.0141
G1 X24.088 Y47.548 E.01409
G1 X24.618 Y47.693 E.0141
G1 X25.108 Y47.94 E.01408
G1 X25.54 Y48.28 E.0141
G1 X25.603 Y48.353 E.00247
G1 E-3.5 F3600
;WIPE_START
G1 F7200
G1 X25.642 Y48.399 E-.02865
G1 X25.897 Y48.698 E-.18666
G1 X26.163 Y49.179 E-.26108
G1 X26.328 Y49.703 E-.26095
G1 X26.387 Y50.249 E-.26086
G1 X26.336 Y50.796 E-.26095
G1 X26.19 Y51.282 E-.24085
;WIPE_END
G1 X23.892 Y27.799 F9000
G1 E5 F2400
;TYPE:Perimeter
;WIDTH:0.439999
G1 F1800
G1 X23.461 Y27.822 E.01165
G1 X22.76 Y27.718 E.01912
G1 X22.093 Y27.478 E.01913
G1 X21.488 Y27.11 E.01911
G1 X20.967 Y26.63 E.01912
G1 X20.552 Y26.056 E.01911
G1 X20.258 Y25.411 E.01913
G1 X20.099 Y24.721 E.01911
G1 X20.079 Y24.012 E.01914
G1 X20.2 Y23.314 E.01912
G1 X20.457 Y22.654 E.01911
G1 X20.987 Y21.889 E.02511
G1 X21.478 Y21.432 E.0181
G1 X22.075 Y21.067 E.01888
G1 X22.74 Y20.823 E.01911
G1 X23.44 Y20.715 E.01911
G1 X24.148 Y20.748 E.01913
G1 X24.835 Y20.921 E.01912
G1 X25.474 Y21.227 E.01912
G1 X26.04 Y21.653 E.01912
G1 X26.51 Y22.183 E.01912
G1 X26.866 Y22.795 E.01911
G1 X27.094 Y23.466 E.01912
G1 X27.184 Y24.169 E.01913
G1 X27.133 Y24.876 E.01913
G1 X26.943 Y25.559 E.01913
G1 X26.535 Y26.315 E.02318
G1 X26.055 Y26.869 E.01978
G1 X25.492 Y27.299 E.01912
G1 X24.854 Y27.608 E.01913
G1 X24.168 Y27.785 E.01912
G1 X23.952 Y27.796 E.00584
G1 X23.862 Y27.398 F9000
G1 F1800
G1 X23.451 Y27.416 E.0111
G1 X22.83 Y27.319 E.01696
G1 X22.242 Y27.1 E.01693
G1 X21.708 Y26.77 E.01694
G1 X21.25 Y26.339 E.01697
G1 X20.887 Y25.827 E.01694
G1 X20.632 Y25.253 E.01695
G1 X20.496 Y24.64 E.01694
G1 X20.485 Y24.012 E.01695
G1 X20.598 Y23.395 E.01693
G1 X20.831 Y22.812 E.01694
G1 X21.314 Y22.13 E.02255
G1 X21.744 Y21.739 E.01568
G1 X22.278 Y21.418 E.01681
G1 X22.869 Y21.207 E.01693
G1 X23.491 Y21.118 E.01696
G1 X24.117 Y21.153 E.01692
G1 X24.725 Y21.312 E.01696
G1 X25.289 Y21.588 E.01694
G1 X25.787 Y21.97 E.01694
G1 X26.2 Y22.444 E.01696
G1 X26.51 Y22.989 E.01692
G1 X26.706 Y23.586 E.01696
G1 X26.78 Y24.209 E.01693
G1 X26.73 Y24.835 E.01695
G1 X26.556 Y25.439 E.01696
G1 X26.184 Y26.112 E.02075
G1 X25.758 Y26.593 E.01734
G1 X25.255 Y26.969 E.01695
G1 X24.687 Y27.238 E.01696
G1 X24.078 Y27.389 E.01693
G1 X23.922 Y27.396 E.00421
G1 X23.833 Y27.008 F9000
;TYPE:External perimeter
;WIDTH:0.419999
G1 F1800
G1 X23.441 Y27.021 E.01006
G1 X22.899 Y26.929 E.0141
G1 X22.386 Y26.732 E.0141
G1 X21.922 Y26.437 E.01411
G1 X21.526 Y26.056 E.0141
G1 X21.214 Y25.604 E.01409
G1 X20.997 Y25.1 E.01408
G1 X20.884 Y24.562 E.0141
G1 X20.88 Y24.012 E.01411
G1 X20.986 Y23.473 E.01409
G1 X21.195 Y22.965 E.01409
G1 X21.632 Y22.365 E.01904
G1 X22.017 Y22.027 E.01314
G1 X22.475 Y21.761 E.01359
G1 X22.995 Y21.582 E.01411
G1 X23.54 Y21.51 E.0141
G1 X24.088 Y21.548 E.01409
G1 X24.618 Y21.693 E.0141
G1 X25.108 Y21.94 E.01408
G1 X25.54 Y22.28 E.0141
G1 X25.897 Y22.698 E.0141
G1 X26.163 Y23.179 E.0141
G1 X26.328 Y23.703 E.01409
G1 X26.387 Y24.249 E.01409
G1 X26.336 Y24.796 E.01409
G1 X26.177 Y25.322 E.0141
G1 X25.841 Y25.915 E.01749
G1 X25.468 Y26.324 E.0142
G1 X25.024 Y26.648 E.0141
G1 X24.525 Y26.877 E.01409
G1 X23.99 Y27.003 E.0141
G1 X23.893 Y27.006 E.00249
G1 E-3.5 F3600
;WIPE_START
G1 F7200
G1 X23.833 Y27.008 E-.02852
G1 X23.441 Y27.021 E-.1863
G1 X22.899 Y26.929 E-.26113
G1 X22.386 Y26.732 E-.26102
G1 X21.922 Y26.437 E-.26117
G1 X21.526 Y26.056 E-.26102
G1 X21.238 Y25.639 E-.24084
;WIPE_END
G1 X48.096 Y24.621 F9000
G1 E5 F2400
;TYPE:Perimeter
;WIDTH:0.439999
G1 F1800
G1 X48.079 Y24.012 E.01644
G1 X48.271 Y23.101 E.02512
G1 X48.546 Y22.49 E.01808
G1 X48.953 Y21.922 E.01886
G1 X49.471 Y21.438 E.01913
G1 X50.075 Y21.067 E.01913
G1 X50.74 Y20.823 E.01911
G1 X51.44 Y20.715 E.01911
G1 X52.148 Y20.748 E.01913
G1 X52.835 Y20.921 E.01912
G1 X53.474 Y21.227 E.01912
G1 X54.027 Y21.643 E.01867
G1 X54.51 Y22.183 E.01955
G1 X54.866 Y22.795 E.01911
G1 X55.094 Y23.466 E.01912
G1 X55.184 Y24.169 E.01913
G1 X55.133 Y24.876 E.01913
G1 X54.943 Y25.558 E.0191
G1 X54.622 Y26.19 E.01913
G1 X54.072 Y26.851 E.0232
G1 X53.492 Y27.299 E.01978
G1 X52.854 Y27.608 E.01913
G1 X52.168 Y27.785 E.01912
G1 X51.461 Y27.822 E.0191
G1 X50.76 Y27.718 E.01912
G1 X50.093 Y27.478 E.01913
G1 X49.488 Y27.11 E.01911
G1 X48.983 Y26.645 E.01852
G1 X48.598 Y26.124 E.01748
G1 X48.315 Y25.546 E.01737
G1 X48.2 Y25.222 E.00928
G1 X48.099 Y24.721 E.01379
G1 X48.098 Y24.681 E.00108
G1 X48.495 Y24.581 F9000
G1 F1800
G1 X48.485 Y24.012 E.01536
G1 X48.665 Y23.197 E.02252
G1 X48.909 Y22.669 E.0157
G1 X49.277 Y22.167 E.0168
G1 X49.74 Y21.742 E.01696
G1 X50.278 Y21.418 E.01695
G1 X50.869 Y21.207 E.01693
G1 X51.491 Y21.118 E.01696
G1 X52.117 Y21.153 E.01692
G1 X52.725 Y21.312 E.01696
G1 X53.289 Y21.588 E.01694
G1 X53.774 Y21.96 E.01649
G1 X54.2 Y22.444 E.0174
G1 X54.51 Y22.989 E.01692
G1 X54.706 Y23.586 E.01696
G1 X54.78 Y24.209 E.01693
G1 X54.73 Y24.835 E.01695
G1 X54.556 Y25.439 E.01696
G1 X54.266 Y25.996 E.01695
G1 X53.768 Y26.582 E.02075
G1 X53.255 Y26.969 E.01734
G1 X52.687 Y27.238 E.01696
G1 X52.078 Y27.389 E.01693
G1 X51.451 Y27.416 E.01694
G1 X50.83 Y27.319 E.01696
G1 X50.242 Y27.1 E.01693
G1 X49.708 Y26.77 E.01694
G1 X49.266 Y26.355 E.01636
G1 X48.933 Y25.895 E.01532
G1 X48.689 Y25.388 E.01518
G1 X48.598 Y25.141 E.0071
G1 X48.497 Y24.641 E.01376
G1 X48.884 Y24.543 F9000
;TYPE:External perimeter
;WIDTH:0.419999
G1 F1800
G1 X48.88 Y24.012 E.01362
G1 X49.05 Y23.289 E.01905
G1 X49.283 Y22.813 E.0136
G1 X49.592 Y22.405 E.01313
G1 X50.002 Y22.039 E.0141
G1 X50.475 Y21.761 E.01408
G1 X50.995 Y21.582 E.01411
G1 X51.54 Y21.51 E.0141
G1 X52.088 Y21.548 E.01409
G1 X52.618 Y21.693 E.0141
G1 X53.108 Y21.94 E.01408
G1 X53.527 Y22.269 E.01367
G1 X53.897 Y22.698 E.01453
G1 X54.163 Y23.179 E.0141
G1 X54.328 Y23.703 E.01409
G1 X54.387 Y24.249 E.01409
G1 X54.336 Y24.796 E.01409
G1 X54.178 Y25.322 E.01409
G1 X53.918 Y25.807 E.01412
G1 X53.471 Y26.32 E.01746
G1 X53.024 Y26.648 E.01422
G1 X52.525 Y26.877 E.01409
G1 X51.99 Y27.003 E.0141
G1 X51.441 Y27.021 E.01409
G1 X50.899 Y26.929 E.0141
G1 X50.386 Y26.732 E.0141
G1 X49.922 Y26.437 E.01411
G1 X49.542 Y26.072 E.01352
G1 X49.214 Y25.604 E.01466
G1 X48.997 Y25.1 E.01408
G1 X48.893 Y24.602 E.01305
G1 E-3.5 F3600
;WIPE_START
G1 F7200
G1 X48.884 Y24.543 E-.02835
G1 X48.88 Y24.012 E-.25223
G1 X49.05 Y23.289 E-.35279
G1 X49.283 Y22.813 E-.25173
G1 X49.592 Y22.405 E-.24311
G1 X50.002 Y22.039 E-.26106
G1 X50.203 Y21.921 E-.11073
;WIPE_END
G1 X51.187 Y46.754 F9000
G1 E5 F2400
;TYPE:Perimeter
;WIDTH:0.439999
G1 F1800
G1 X51.44 Y46.715 E.00691
G1 X52.148 Y46.748 E.01913
G1 X52.835 Y46.921 E.01912
G1 X53.474 Y47.227 E.01912
G1 X54.04 Y47.653 E.01912
G1 X54.51 Y48.183 E.01912
G1 X54.866 Y48.795 E.01911
G1 X55.094 Y49.466 E.01912
G1 X55.184 Y50.169 E.01913
G1 X55.133 Y50.876 E.01913
G1 X54.943 Y51.558 E.0191
G1 X54.622 Y52.19 E.01913
G1 X54.072 Y52.851 E.0232
G1 X53.492 Y53.299 E.01978
G1 X52.854 Y53.608 E.01913
G1 X52.168 Y53.785 E.01912
G1 X51.461 Y53.822 E.0191
G1 X50.76 Y53.718 E.01912
G1 X50.093 Y53.478 E.01913
G1 X49.488 Y53.11 E.01911
G1 X48.967 Y52.63 E.01912
G1 X48.552 Y52.056 E.01911
G1 X48.258 Y51.411 E.01913
G1 X48.099 Y50.721 E.01911
G1 X48.079 Y50.012 E.01914
G1 X48.186 Y49.451 E.01541
G1 X48.319 Y48.953 E.01391
G1 X48.546 Y48.49 E.01391
G1 X48.953 Y47.922 E.01886
G1 X49.471 Y47.438 E.01913
G1 X50.075 Y47.067 E.01913
G1 X50.74 Y46.823 E.01911
G1 X51.128 Y46.763 E.01059
G1 X51.237 Y47.154 F9000
G1 F1800
G1 X51.491 Y47.118 E.00692
G1 X52.117 Y47.153 E.01692
G1 X52.725 Y47.312 E.01696
G1 X53.289 Y47.588 E.01694
G1 X53.787 Y47.97 E.01694
G1 X54.2 Y48.444 E.01696
G1 X54.51 Y48.989 E.01692
G1 X54.706 Y49.586 E.01696
G1 X54.78 Y50.209 E.01693
G1 X54.73 Y50.835 E.01695
G1 X54.556 Y51.439 E.01696
G1 X54.266 Y51.996 E.01695
G1 X53.768 Y52.582 E.02075
G1 X53.255 Y52.969 E.01734
G1 X52.687 Y53.238 E.01696
G1 X52.078 Y53.389 E.01693
G1 X51.451 Y53.416 E.01694
G1 X50.83 Y53.319 E.01696
G1 X50.242 Y53.1 E.01693
G1 X49.708 Y52.77 E.01694
G1 X49.25 Y52.339 E.01697
G1 X48.887 Y51.827 E.01694
G1 X48.632 Y51.253 E.01695
G1 X48.496 Y50.64 E.01694
G1 X48.485 Y50.012 E.01695
G1 X48.665 Y49.197 E.02252
G1 X48.909 Y48.669 E.0157
G1 X49.277 Y48.167 E.0168
G1 X49.74 Y47.742 E.01696
G1 X50.278 Y47.418 E.01695
G1 X50.869 Y47.207 E.01693
G1 X51.178 Y47.163 E.00842
G1 X51.286 Y47.544 F9000
;TYPE:External perimeter
;WIDTH:0.419999
G1 F1800
G1 X51.54 Y47.51 E.00657
G1 X52.088 Y47.548 E.01409
G1 X52.618 Y47.693 E.0141
G1 X53.108 Y47.94 E.01408
G1 X53.54 Y48.28 E.0141
G1 X53.897 Y48.698 E.0141
G1 X54.163 Y49.179 E.0141
G1 X54.328 Y49.703 E.01409
G1 X54.387 Y50.249 E.01409
G1 X54.336 Y50.796 E.01409
G1 X54.178 Y51.322 E.01409
G1 X53.918 Y51.807 E.01412
G1 X53.471 Y52.32 E.01746
G1 X53.024 Y52.648 E.01422
G1 X52.525 Y52.877 E.01409
G1 X51.99 Y53.003 E.0141
G1 X51.441 Y53.021 E.01409
G1 X50.899 Y52.929 E.0141
G1 X50.386 Y52.732 E.0141
G1 X49.922 Y52.437 E.01411
G1 X49.526 Y52.056 E.0141
G1 X49.214 Y51.604 E.01409
G1 X48.997 Y51.1 E.01408
G1 X48.884 Y50.562 E.0141
G1 X48.88 Y50.012 E.01411
G1 X49.05 Y49.289 E.01905
G1 X49.27 Y48.833 E.01299
G1 X49.592 Y48.405 E.01374
G1 X50.002 Y48.039 E.0141
G1 X50.475 Y47.761 E.01408
G1 X50.995 Y47.582 E.01411
G1 X51.227 Y47.552 E.006
G1 E-3.5 F3600
;WIPE_START
G1 F7200
G1 X51.286 Y47.544 E-.02828
G1 X51.54 Y47.51 E-.12173
G1 X52.088 Y47.548 E-.26093
G1 X52.618 Y47.693 E-.261
G1 X53.108 Y47.94 E-.26065
G1 X53.54 Y48.28 E-.26113
G1 X53.897 Y48.698 E-.26111
G1 X53.943 Y48.781 E-.04517
;WIPE_END
G1 X57.116 Y60.257 F9000
G1 E5 F2400
;TYPE:Perimeter
;WIDTH:0.439999
G1 F3600
G1 X18.139 Y60.257 E1.05179
G1 X18.139 Y18.279 E1.13277
G1 X19.748 Y18.279 E.04342
G1 X20.046 Y18.195 E.00835
G1 X20.359 Y17.977 E.01029
G1 X20.563 Y17.667 E.01001
G1 X20.639 Y17.285 E.01051
G1 X20.639 Y15.279 E.05413
G1 X54.616 Y15.279 E.91686
G1 X54.616 Y17.285 E.05413
G1 X54.694 Y17.67 E.0106
G1 X54.898 Y17.979 E.00999
G1 X55.214 Y18.197 E.01036
G1 X55.611 Y18.279 E.01094
G1 X57.116 Y18.279 E.04061
G1 X57.116 Y60.197 E1.13115
G1 X57.522 Y60.662 F9000
G1 F3600
G1 X17.733 Y60.662 E1.0737
G1 X17.733 Y17.874 E1.15463
G1 X19.711 Y17.874 E.05338
G1 X19.978 Y17.77 E.00773
G1 X20.164 Y17.562 E.00753
G1 X20.233 Y17.285 E.0077
G1 X20.233 Y14.874 E.06506
G1 X55.022 Y14.874 E.93877
G1 X55.022 Y17.375 E.06749
G1 X55.151 Y17.653 E.00827
G1 X55.323 Y17.798 E.00607
G1 X55.611 Y17.874 E.00804
G1 X57.522 Y17.874 E.05157
G1 X57.522 Y60.602 E1.15301
G1 X57.918 Y61.058 F9000
;TYPE:External perimeter
;WIDTH:0.419999
G1 F1800
G1 X17.338 Y61.058 E1.04106
G1 X17.338 Y17.478 E1.11802
G1 X19.645 Y17.478 E.05918
G1 X19.769 Y17.432 E.00339
G1 X19.838 Y17.285 E.00417
G1 X19.838 Y14.478 E.07201
G1 X55.418 Y14.478 E.91278
G1 X55.418 Y17.285 E.07201
G1 X55.46 Y17.406 E.00329
G1 X55.611 Y17.478 E.00429
G1 X57.918 Y17.478 E.05918
G1 X57.918 Y60.998 E1.11648
G1 E-3.5 F3600
;WIPE_START
G1 F7200
G1 X57.918 Y61.058 E-.0285
G1 X54.82 Y61.058 E-1.4715
;WIPE_END
G1 X54.892 Y48.191 F9000
G1 E5 F2400
;TYPE:Internal infill
;WIDTH:0.44
G1 F3600
G1 X55.143 Y48.651 E.01414
G1 X55.394 Y49.379 E.02078
G1 X55.495 Y50.143 E.0208
G1 X55.483 Y50.51 E.00991
G1 X56.804 Y49.189 E.05041
G1 X56.804 Y49.295 E.00286
G1 X23.101 Y15.592 E1.28619
G1 X21.558 Y15.592 E.04164
G1 X20.951 Y16.198 E.02315
G1 X20.927 Y17.539 E.03619
G1 X20.799 Y17.899 E.01031
G1 X20.584 Y18.195 E.00987
G1 X20.3 Y18.416 E.00971
G1 X19.822 Y18.58 E.01364
G1 X18.559 Y18.59 E.03408
G1 X18.451 Y18.698 E.00412
G1 X18.451 Y18.592 E.00286
G1 X21.159 Y21.299 E.10332
G1 X22.036 Y20.736 E.02812
G1 X22.771 Y20.49 E.02092
G1 X23.471 Y20.398 E.01905
G1 X24.334 Y20.465 E.02336
G1 X29.207 Y15.592 E.18597
G1 X30.75 Y15.592 E.04164
G1 X56.804 Y41.646 E.99428
G1 X56.804 Y41.54 E.00286
G1 X51.925 Y46.419 E.18619
G1 X51.406 Y46.405 E.01401
G1 X50.755 Y46.493 E.01773
G1 X49.992 Y46.757 E.02179
G1 X49.605 Y46.986 E.01213
G1 E-3.5
;WIPE_START
G1 F7200
G1 X49.992 Y46.757 E-.2136
G1 X50.755 Y46.493 E-.38351
G1 X51.406 Y46.405 E-.31204
G1 X51.925 Y46.419 E-.24661
G1 X52.437 Y45.907 E-.34424
;WIPE_END
G1 X41.128 Y37.988 F9000
G1 E5 F2400
G1 F3600
G1 X40.911 Y38.68 E.01957
G1 X40.562 Y39.308 E.01939
G1 X40.151 Y39.799 E.01728
G1 X39.88 Y40.02 E.00944
G1 X48.251 Y48.391 E.31946
G1 X47.994 Y48.93 E.01611
G1 X47.777 Y49.842 E.0253
G1 X47.773 Y50.571 E.01967
G1 X38.399 Y59.944 E.35771
G1 X36.856 Y59.944 E.04164
G1 X27.477 Y50.565 E.35792
G1 X27.498 Y50.174 E.01057
G1 X27.426 Y49.503 E.01821
G1 X27.175 Y48.713 E.02237
G1 X26.998 Y48.398 E.00975
G1 X35.373 Y40.023 E.31961
G1 X34.696 Y39.312 E.02649
G1 X34.344 Y38.68 E.01952
G1 X34.127 Y37.989 E.01954
G1 X34.055 Y37.352 E.0173
G1 X34.095 Y36.725 E.01695
G1 X34.277 Y36.025 E.01952
G1 X34.596 Y35.375 E.01954
G1 X34.873 Y35.013 E.0123
G1 X26.599 Y26.74 E.31574
G1 X27.128 Y25.914 E.02647
G1 X27.426 Y25.022 E.02538
G1 X36.856 Y15.592 E.35987
G1 X38.399 Y15.592 E.04164
G1 X47.855 Y25.048 E.36086
G1 X47.927 Y25.416 E.01012
G1 X48.227 Y26.125 E.02077
G1 X48.651 Y26.745 E.02027
G1 X40.38 Y35.016 E.31564
G1 X40.122 Y34.708 E.01084
G1 X39.559 Y34.26 E.01942
G1 X38.918 Y33.935 E.01939
G1 X38.345 Y33.777 E.01604
G1 E-3.5
;WIPE_START
G1 F7200
G1 X38.918 Y33.935 E-.28233
G1 X39.559 Y34.26 E-.34137
G1 X40.122 Y34.708 E-.34176
G1 X40.38 Y35.016 E-.19085
G1 X40.892 Y34.504 E-.34369
;WIPE_END
G1 X53.226 Y27.783 F9000
G1 E5 F2400
G1 F3600
G1 X52.741 Y27.974 E.01407
G1 X51.984 Y28.121 E.02081
G1 X51.331 Y28.131 E.01762
G1 X50.852 Y28.044 E.01314
G1 X56.804 Y33.997 E.22716
G1 X56.804 Y33.89 E.00289
G1 X30.75 Y59.944 E.99428
G1 X29.207 Y59.944 E.04164
G1 X23.394 Y54.131 E.22184
G1 X22.515 Y53.978 E.02408
G1 X21.746 Y53.649 E.02257
G1 X18.451 Y56.944 E.12574
G1 X18.451 Y56.838 E.00286
G1 X21.558 Y59.944 E.11855
G1 X23.101 Y59.944 E.04164
G1 X56.804 Y26.241 E1.28619
G1 X56.804 Y26.347 E.00286
G1 X55.434 Y24.977 E.05228
G1 X55.24 Y25.655 E.01903
G1 X54.893 Y26.345 E.02084
G1 X54.284 Y27.079 E.02574
G1 E-3.5
;WIPE_START
G1 F7200
G1 X54.893 Y26.345 E-.45303
G1 X55.24 Y25.655 E-.36686
G1 X55.434 Y24.977 E-.33497
G1 X55.948 Y25.491 E-.34514
;WIPE_END
G1 X20.142 Y22.597 F9000
G1 E5 F2400
G1 F3600
G1 X19.895 Y23.247 E.01876
G1 X19.792 Y23.759 E.01409
G1 X19.767 Y24.528 E.02076
G1 X19.83 Y24.968 E.01199
G1 X18.451 Y26.347 E.05263
G1 X18.451 Y26.241 E.00286
G1 X52.155 Y59.944 E1.2862
G1 X53.698 Y59.944 E.04164
G1 X56.804 Y56.838 E.11853
G1 X56.804 Y56.944 E.00286
G1 X53.508 Y53.648 E.12578
G1 X52.834 Y53.949 E.01992
G1 X51.869 Y54.124 E.02647
G1 X46.048 Y59.944 E.22212
G1 X44.505 Y59.944 E.04164
G1 X18.451 Y33.89 E.99428
G1 X18.451 Y33.997 E.00289
G1 X24.396 Y28.051 E.22689
G1 X23.985 Y28.121 E.01125
G1 X23.214 Y28.116 E.02081
G1 X22.7 Y28.025 E.01409
G1 X22.02 Y27.785 E.01946
G1 E-3.5
;WIPE_START
G1 F7200
G1 X22.7 Y28.025 E-.34253
G1 X23.214 Y28.116 E-.24795
G1 X23.985 Y28.121 E-.36623
G1 X24.396 Y28.051 E-.19804
G1 X23.882 Y28.565 E-.34525
;WIPE_END
G1 X21.117 Y47.332 F9000
G1 E5 F2400
G1 F3600
G1 X21.471 Y47.055 E.01213
G1 X22.151 Y46.691 E.02081
G1 X22.646 Y46.525 E.01409
G1 X23.326 Y46.415 E.01859
G1 X18.451 Y41.54 E.18604
G1 X18.451 Y41.646 E.00286
G1 X44.505 Y15.592 E.99428
G1 X46.048 Y15.592 E.04164
G1 X50.923 Y20.466 E.18602
G1 X51.656 Y20.398 E.01986
G1 X52.294 Y20.452 E.01728
G1 X53.041 Y20.661 E.02093
G1 X53.73 Y21.014 E.02089
G1 X54.096 Y21.3 E.01253
G1 X56.804 Y18.592 E.10334
G1 X56.804 Y18.698 E.00286
G1 X56.696 Y18.59 E.00412
G1 X55.434 Y18.58 E.03406
G1 X54.971 Y18.425 E.01318
G1 X54.588 Y18.1 E.01355
G1 X54.328 Y17.538 E.01671
G1 X54.304 Y16.198 E.03617
G1 X53.698 Y15.592 E.02313
G1 X52.155 Y15.592 E.04164
G1 X18.451 Y49.295 E1.2862
G1 X18.451 Y49.189 E.00286
G1 X19.767 Y50.504 E.0502
G1 X19.969 Y51.527 E.02814
G1 X20.291 Y52.227 E.02079
G1 X20.645 Y52.731 E.01662
;LAYER_CHANGE
;Z:2.92
;HEIGHT:0.16
;BEFORE_LAYER_CHANGE
G92 E0
;2.92


G1 E-3.5 F3600
;WIPE_START
G1 F7200
G1 X20.291 Y52.227 E-.29255
G1 X19.969 Y51.527 E-.36599
G1 X19.767 Y50.504 E-.49531
G1 X19.252 Y49.989 E-.34615
;WIPE_END
G1 Z2.92 F9000
;AFTER_LAYER_CHANGE
;2.92
G1 X35.251 Y39.473
G1 E5 F2400
;TYPE:Perimeter
;WIDTH:0.439999
G1 F1800
G1 X34.993 Y39.184 E.01045
G1 X34.665 Y38.624 E.01751
G1 X34.455 Y38.01 E.01751
G1 X34.368 Y37.34 E.01823
G1 X34.401 Y36.794 E.01476
G1 X34.534 Y36.247 E.01519
G1 X34.797 Y35.654 E.01751
G1 X35.134 Y35.177 E.01576
G1 X35.646 Y34.682 E.01922
G1 X36.198 Y34.34 E.01752
G1 X36.807 Y34.115 E.01752
G1 X37.448 Y34.015 E.01751
G1 X37.981 Y34.035 E.01439
G1 X38.291 Y34.078 E.00845
G1 X38.807 Y34.227 E.01449
G1 X39.311 Y34.479 E.01521
G1 X39.813 Y34.854 E.01691
G1 X40.263 Y35.352 E.01811
G1 X40.59 Y35.912 E.0175
G1 X40.8 Y36.526 E.01751
G1 X40.884 Y37.169 E.0175
G1 X40.839 Y37.816 E.0175
G1 X40.667 Y38.442 E.01752
G1 X40.374 Y39.021 E.01751
G1 X40.025 Y39.475 E.01545
G1 X39.602 Y39.86 E.01543
G1 X39.057 Y40.196 E.01728
G1 X38.449 Y40.421 E.01749
G1 X37.808 Y40.521 E.01751
G1 X37.16 Y40.492 E.0175
G1 X36.53 Y40.336 E.01751
G1 X35.944 Y40.057 E.01751
G1 X35.425 Y39.668 E.0175
G1 X35.291 Y39.518 E.00543
G1 X35.598 Y39.26 F9000
G1 F1800
G1 X35.304 Y38.924 E.01205
G1 X35.022 Y38.43 E.01535
G1 X34.843 Y37.891 E.01533
G1 X34.774 Y37.28 E.01659
G1 X34.815 Y36.785 E.0134
G1 X34.948 Y36.281 E.01407
G1 X35.17 Y35.815 E.01393
G1 X35.497 Y35.371 E.01488
G1 X35.915 Y34.986 E.01534
G1 X36.401 Y34.692 E.01533
G1 X36.936 Y34.5 E.01534
G1 X37.498 Y34.418 E.01533
G1 X38.065 Y34.448 E.01532
G1 X38.615 Y34.591 E.01534
G1 X39.126 Y34.84 E.01534
G1 X39.56 Y35.171 E.01473
G1 X39.952 Y35.613 E.01594
G1 X40.234 Y36.106 E.01533
G1 X40.412 Y36.645 E.01532
G1 X40.481 Y37.209 E.01533
G1 X40.436 Y37.776 E.01535
G1 X40.279 Y38.322 E.01533
G1 X40.018 Y38.827 E.01534
G1 X39.681 Y39.252 E.01464
G1 X39.292 Y39.589 E.01389
G1 X38.854 Y39.844 E.01368
G1 X38.32 Y40.036 E.01531
G1 X37.757 Y40.119 E.01536
G1 X37.19 Y40.088 E.01532
G1 X36.64 Y39.945 E.01534
G1 X36.129 Y39.696 E.01534
G1 X35.678 Y39.351 E.01532
G1 X35.637 Y39.305 E.00166
G1 X35.912 Y39.027 F9000
;TYPE:External perimeter
;WIDTH:0.419999
G1 F1800
G1 X35.897 Y39.015 E.00049
G1 X35.585 Y38.637 E.01257
G1 X35.354 Y38.206 E.01255
G1 X35.214 Y37.741 E.01246
G1 X35.169 Y37.305 E.01124
G1 X35.199 Y36.882 E.01088
G1 X35.323 Y36.409 E.01254
G1 X35.539 Y35.969 E.01257
G1 X35.838 Y35.581 E.01257
G1 X36.208 Y35.26 E.01257
G1 X36.735 Y34.985 E.01525
G1 X37.218 Y34.851 E.01286
G1 X37.586 Y34.809 E.0095
G1 X38.074 Y34.85 E.01256
G1 X38.544 Y34.986 E.01255
G1 X38.978 Y35.213 E.01257
G1 X39.358 Y35.521 E.01255
G1 X39.689 Y35.933 E.01356
G1 X39.932 Y36.432 E.01424
G1 X40.042 Y36.8 E.00985
G1 X40.087 Y37.287 E.01255
G1 X40.034 Y37.774 E.01257
G1 X39.886 Y38.241 E.01257
G1 X39.601 Y38.727 E.01445
G1 X39.382 Y38.991 E.0088
G1 X38.987 Y39.311 E.01304
G1 X38.488 Y39.562 E.01433
G1 X38.049 Y39.683 E.01168
G1 X37.67 Y39.727 E.00979
G1 X37.182 Y39.686 E.01256
G1 X36.711 Y39.55 E.01258
G1 X36.277 Y39.323 E.01257
G1 X35.959 Y39.065 E.01051
G1 E-3.5 F3600
;WIPE_START
G1 F7200
G1 X35.912 Y39.027 E-.02871
G1 X35.897 Y39.015 E-.00912
G1 X35.585 Y38.637 E-.23281
G1 X35.354 Y38.206 E-.23228
G1 X35.214 Y37.741 E-.23067
G1 X35.169 Y37.305 E-.2082
G1 X35.199 Y36.882 E-.20143
G1 X35.323 Y36.409 E-.23227
G1 X35.439 Y36.174 E-.12451
;WIPE_END
G1 X49.025 Y26.684 F9000
G1 E5 F2400
;TYPE:Perimeter
;WIDTH:0.439999
G1 F1800
G1 X48.983 Y26.645 E.00155
G1 X48.598 Y26.124 E.01748
G1 X48.315 Y25.546 E.01737
G1 X48.194 Y25.189 E.01017
G1 X48.08 Y24.481 E.01935
G1 X48.097 Y23.824 E.01773
G1 X48.252 Y23.145 E.01879
G1 X48.541 Y22.498 E.01912
G1 X48.953 Y21.922 E.01911
G1 X49.471 Y21.438 E.01913
G1 X50.075 Y21.067 E.01913
G1 X50.74 Y20.823 E.01911
G1 X51.44 Y20.715 E.01911
G1 X52.148 Y20.748 E.01913
G1 X52.835 Y20.921 E.01912
G1 X53.474 Y21.227 E.01912
G1 X54.027 Y21.643 E.01867
G1 X54.51 Y22.183 E.01955
G1 X54.866 Y22.795 E.01911
G1 X55.094 Y23.466 E.01912
G1 X55.184 Y24.169 E.01913
G1 X55.133 Y24.876 E.01913
G1 X54.943 Y25.558 E.0191
G1 X54.622 Y26.19 E.01913
G1 X54.072 Y26.851 E.0232
G1 X53.492 Y27.299 E.01978
G1 X52.854 Y27.608 E.01913
G1 X52.168 Y27.785 E.01912
G1 X51.461 Y27.822 E.0191
G1 X50.76 Y27.718 E.01912
G1 X50.093 Y27.478 E.01913
G1 X49.488 Y27.11 E.01911
G1 X49.069 Y26.724 E.01537
G1 X49.322 Y26.408 F9000
G1 F1800
G1 X49.266 Y26.355 E.00208
G1 X48.933 Y25.895 E.01532
G1 X48.689 Y25.388 E.01518
G1 X48.594 Y25.122 E.00762
G1 X48.481 Y24.417 E.01927
G1 X48.502 Y23.849 E.01534
G1 X48.645 Y23.245 E.01675
G1 X48.907 Y22.674 E.01695
G1 X49.277 Y22.167 E.01694
G1 X49.74 Y21.742 E.01696
G1 X50.278 Y21.418 E.01695
G1 X50.869 Y21.207 E.01693
G1 X51.491 Y21.118 E.01696
G1 X52.117 Y21.153 E.01692
G1 X52.725 Y21.312 E.01696
G1 X53.289 Y21.588 E.01694
G1 X53.774 Y21.96 E.01649
G1 X54.2 Y22.444 E.0174
G1 X54.51 Y22.989 E.01692
G1 X54.706 Y23.586 E.01696
G1 X54.78 Y24.209 E.01693
G1 X54.73 Y24.835 E.01695
G1 X54.556 Y25.439 E.01696
G1 X54.266 Y25.996 E.01695
G1 X53.768 Y26.582 E.02075
G1 X53.255 Y26.969 E.01734
G1 X52.687 Y27.238 E.01696
G1 X52.078 Y27.389 E.01693
G1 X51.451 Y27.416 E.01694
G1 X50.83 Y27.319 E.01696
G1 X50.242 Y27.1 E.01693
G1 X49.708 Y26.77 E.01694
G1 X49.366 Y26.449 E.01266
G1 X49.612 Y26.139 F9000
;TYPE:External perimeter
;WIDTH:0.419999
G1 F1800
G1 X49.542 Y26.072 E.00249
G1 X49.214 Y25.604 E.01466
G1 X48.997 Y25.1 E.01408
G1 X48.871 Y24.354 E.01941
G1 X48.902 Y23.838 E.01326
G1 X49.028 Y23.342 E.01313
G1 X49.263 Y22.846 E.01408
G1 X49.592 Y22.405 E.01412
G1 X50.002 Y22.039 E.0141
G1 X50.475 Y21.761 E.01408
G1 X50.995 Y21.582 E.01411
G1 X51.54 Y21.51 E.0141
G1 X52.088 Y21.548 E.01409
G1 X52.618 Y21.693 E.0141
G1 X53.108 Y21.94 E.01408
G1 X53.527 Y22.269 E.01367
G1 X53.897 Y22.698 E.01453
G1 X54.163 Y23.179 E.0141
G1 X54.328 Y23.703 E.01409
G1 X54.387 Y24.249 E.01409
G1 X54.336 Y24.796 E.01409
G1 X54.178 Y25.322 E.01409
G1 X53.918 Y25.807 E.01412
G1 X53.471 Y26.32 E.01746
G1 X53.024 Y26.648 E.01422
G1 X52.525 Y26.877 E.01409
G1 X51.99 Y27.003 E.0141
G1 X51.441 Y27.021 E.01409
G1 X50.899 Y26.929 E.0141
G1 X50.386 Y26.732 E.0141
G1 X49.922 Y26.437 E.01411
G1 X49.655 Y26.18 E.00951
G1 E-3.5 F3600
;WIPE_START
G1 F7200
G1 X49.612 Y26.139 E-.02822
G1 X49.542 Y26.072 E-.04603
G1 X49.214 Y25.604 E-.27146
G1 X48.997 Y25.1 E-.26065
G1 X48.871 Y24.354 E-.35937
G1 X48.902 Y23.838 E-.24554
G1 X49.028 Y23.342 E-.24308
G1 X49.069 Y23.255 E-.04565
;WIPE_END
G1 X51.362 Y46.727 F9000
G1 E5 F2400
;TYPE:Perimeter
;WIDTH:0.439999
G1 F1800
G1 X51.44 Y46.715 E.00213
G1 X52.148 Y46.748 E.01913
G1 X52.835 Y46.921 E.01912
G1 X53.474 Y47.227 E.01912
G1 X54.04 Y47.653 E.01912
G1 X54.51 Y48.183 E.01912
G1 X54.866 Y48.795 E.01911
G1 X55.094 Y49.466 E.01912
G1 X55.184 Y50.169 E.01913
G1 X55.133 Y50.876 E.01913
G1 X54.943 Y51.558 E.0191
G1 X54.622 Y52.19 E.01913
G1 X54.072 Y52.851 E.0232
G1 X53.492 Y53.299 E.01978
G1 X52.854 Y53.608 E.01913
G1 X52.168 Y53.785 E.01912
G1 X51.461 Y53.822 E.0191
G1 X50.76 Y53.718 E.01912
G1 X50.093 Y53.478 E.01913
G1 X49.488 Y53.11 E.01911
G1 X48.967 Y52.63 E.01912
G1 X48.552 Y52.056 E.01911
G1 X48.258 Y51.411 E.01913
G1 X48.08 Y50.481 E.02555
G1 X48.097 Y49.824 E.01773
G1 X48.252 Y49.145 E.01879
G1 X48.541 Y48.498 E.01912
G1 X48.889 Y48.007 E.01624
G1 X49.146 Y47.725 E.0103
G1 X49.571 Y47.361 E.0151
G1 X50.075 Y47.067 E.01575
G1 X50.74 Y46.823 E.01911
G1 X51.303 Y46.736 E.01537
G1 X51.393 Y47.132 F9000
G1 F1800
G1 X51.491 Y47.118 E.00267
G1 X52.117 Y47.153 E.01692
G1 X52.725 Y47.312 E.01696
G1 X53.289 Y47.588 E.01694
G1 X53.787 Y47.97 E.01694
G1 X54.2 Y48.444 E.01696
G1 X54.51 Y48.989 E.01692
G1 X54.706 Y49.586 E.01696
G1 X54.78 Y50.209 E.01693
G1 X54.73 Y50.835 E.01695
G1 X54.556 Y51.439 E.01696
G1 X54.266 Y51.996 E.01695
G1 X53.768 Y52.582 E.02075
G1 X53.255 Y52.969 E.01734
G1 X52.687 Y53.238 E.01696
G1 X52.078 Y53.389 E.01693
G1 X51.451 Y53.416 E.01694
G1 X50.83 Y53.319 E.01696
G1 X50.242 Y53.1 E.01693
G1 X49.708 Y52.77 E.01694
G1 X49.25 Y52.34 E.01695
G1 X48.887 Y51.827 E.01696
G1 X48.632 Y51.253 E.01695
G1 X48.481 Y50.417 E.02292
G1 X48.502 Y49.849 E.01534
G1 X48.645 Y49.245 E.01675
G1 X48.907 Y48.674 E.01695
G1 X49.212 Y48.252 E.01405
G1 X49.415 Y48.029 E.00814
G1 X49.799 Y47.697 E.0137
G1 X50.278 Y47.418 E.01496
G1 X50.869 Y47.207 E.01693
G1 X51.333 Y47.14 E.01265
G1 X51.422 Y47.526 F9000
;TYPE:External perimeter
;WIDTH:0.419999
G1 F1800
G1 X51.54 Y47.51 E.00305
G1 X52.088 Y47.548 E.01409
G1 X52.618 Y47.693 E.0141
G1 X53.108 Y47.94 E.01408
G1 X53.54 Y48.28 E.0141
G1 X53.897 Y48.698 E.0141
G1 X54.163 Y49.179 E.0141
G1 X54.328 Y49.703 E.01409
G1 X54.387 Y50.249 E.01409
G1 X54.336 Y50.796 E.01409
G1 X54.178 Y51.322 E.01409
G1 X53.918 Y51.807 E.01412
G1 X53.471 Y52.32 E.01746
G1 X53.024 Y52.648 E.01422
G1 X52.525 Y52.877 E.01409
G1 X51.99 Y53.003 E.0141
G1 X51.441 Y53.021 E.01409
G1 X50.899 Y52.929 E.0141
G1 X50.386 Y52.732 E.0141
G1 X49.922 Y52.437 E.01411
G1 X49.526 Y52.056 E.0141
G1 X49.214 Y51.604 E.01409
G1 X48.997 Y51.1 E.01408
G1 X48.871 Y50.354 E.01941
G1 X48.902 Y49.838 E.01326
G1 X49.029 Y49.339 E.01321
G1 X49.263 Y48.846 E.014
G1 X49.592 Y48.405 E.01412
G1 X50.002 Y48.039 E.0141
G1 X50.475 Y47.761 E.01408
G1 X50.995 Y47.582 E.01411
G1 X51.363 Y47.534 E.00952
G1 E-3.5 F3600
;WIPE_START
G1 F7200
G1 X51.422 Y47.526 E-.02828
G1 X51.54 Y47.51 E-.05656
G1 X52.088 Y47.548 E-.26093
G1 X52.618 Y47.693 E-.261
G1 X53.108 Y47.94 E-.26065
G1 X53.54 Y48.28 E-.26113
G1 X53.897 Y48.698 E-.26111
G1 X54.009 Y48.901 E-.11034
;WIPE_END
G1 X27.152 Y49.915 F9000
G1 E5 F2400
;TYPE:Perimeter
;WIDTH:0.439999
G1 F1800
G1 X27.184 Y50.169 E.00691
G1 X27.133 Y50.876 E.01913
G1 X26.943 Y51.558 E.0191
G1 X26.535 Y52.315 E.02321
G1 X26.055 Y52.869 E.01978
G1 X25.492 Y53.299 E.01912
G1 X24.854 Y53.608 E.01913
G1 X24.168 Y53.785 E.01912
G1 X23.461 Y53.822 E.0191
G1 X22.76 Y53.718 E.01912
G1 X22.093 Y53.478 E.01913
G1 X21.488 Y53.11 E.01911
G1 X20.967 Y52.63 E.01912
G1 X20.552 Y52.056 E.01911
G1 X20.258 Y51.411 E.01913
G1 X20.08 Y50.481 E.02555
G1 X20.097 Y49.824 E.01773
G1 X20.252 Y49.145 E.01879
G1 X20.541 Y48.498 E.01912
G1 X20.953 Y47.922 E.01911
G1 X21.471 Y47.438 E.01913
G1 X22.075 Y47.067 E.01913
G1 X22.74 Y46.823 E.01911
G1 X23.44 Y46.715 E.01911
G1 X24.148 Y46.748 E.01913
G1 X24.835 Y46.921 E.01912
G1 X25.474 Y47.227 E.01912
G1 X26.04 Y47.653 E.01912
G1 X26.51 Y48.183 E.01912
G1 X26.866 Y48.795 E.01911
G1 X27.094 Y49.466 E.01912
G1 X27.144 Y49.856 E.01061
G1 X26.75 Y49.956 F9000
G1 F1800
G1 X26.78 Y50.209 E.00687
G1 X26.73 Y50.835 E.01695
G1 X26.556 Y51.439 E.01696
G1 X26.184 Y52.112 E.02075
G1 X25.758 Y52.593 E.01734
G1 X25.255 Y52.969 E.01695
G1 X24.687 Y53.238 E.01696
G1 X24.078 Y53.389 E.01693
G1 X23.451 Y53.416 E.01694
G1 X22.83 Y53.319 E.01696
G1 X22.242 Y53.1 E.01693
G1 X21.708 Y52.77 E.01694
G1 X21.25 Y52.34 E.01695
G1 X20.887 Y51.827 E.01696
G1 X20.632 Y51.253 E.01695
G1 X20.481 Y50.417 E.02292
G1 X20.502 Y49.849 E.01534
G1 X20.645 Y49.245 E.01675
G1 X20.907 Y48.674 E.01695
G1 X21.277 Y48.167 E.01694
G1 X21.74 Y47.742 E.01696
G1 X22.278 Y47.418 E.01695
G1 X22.869 Y47.207 E.01693
G1 X23.491 Y47.118 E.01696
G1 X24.117 Y47.153 E.01692
G1 X24.725 Y47.312 E.01696
G1 X25.289 Y47.588 E.01694
G1 X25.787 Y47.97 E.01694
G1 X26.2 Y48.444 E.01696
G1 X26.51 Y48.989 E.01692
G1 X26.706 Y49.586 E.01696
G1 X26.743 Y49.896 E.00842
G1 X26.36 Y49.995 F9000
;TYPE:External perimeter
;WIDTH:0.419999
G1 F1800
G1 X26.387 Y50.249 E.00655
G1 X26.336 Y50.796 E.01409
G1 X26.177 Y51.322 E.0141
G1 X25.841 Y51.915 E.01749
G1 X25.468 Y52.324 E.0142
G1 X25.024 Y52.648 E.0141
G1 X24.525 Y52.877 E.01409
G1 X23.99 Y53.003 E.0141
G1 X23.441 Y53.021 E.01409
G1 X22.899 Y52.929 E.0141
G1 X22.386 Y52.732 E.0141
G1 X21.922 Y52.437 E.01411
G1 X21.526 Y52.056 E.0141
G1 X21.214 Y51.604 E.01409
G1 X20.997 Y51.1 E.01408
G1 X20.871 Y50.354 E.01941
G1 X20.902 Y49.838 E.01326
G1 X21.028 Y49.342 E.01313
G1 X21.263 Y48.846 E.01408
G1 X21.592 Y48.405 E.01412
G1 X22.002 Y48.039 E.0141
G1 X22.475 Y47.761 E.01408
G1 X22.995 Y47.582 E.01411
G1 X23.54 Y47.51 E.0141
G1 X24.088 Y47.548 E.01409
G1 X24.618 Y47.693 E.0141
G1 X25.108 Y47.94 E.01408
G1 X25.54 Y48.28 E.0141
G1 X25.897 Y48.698 E.0141
G1 X26.163 Y49.179 E.0141
G1 X26.328 Y49.703 E.01409
G1 X26.353 Y49.935 E.00599
G1 E-3.5 F3600
;WIPE_START
G1 F7200
G1 X26.36 Y49.995 E-.02869
G1 X26.387 Y50.249 E-.12133
G1 X26.336 Y50.796 E-.26095
G1 X26.177 Y51.322 E-.26102
G1 X25.841 Y51.915 E-.32375
G1 X25.468 Y52.324 E-.26293
G1 X25.057 Y52.623 E-.24133
;WIPE_END
G1 X24.069 Y27.79 F9000
G1 E5 F2400
;TYPE:Perimeter
;WIDTH:0.439999
G1 F1800
G1 X23.461 Y27.822 E.01643
G1 X22.76 Y27.718 E.01912
G1 X22.093 Y27.478 E.01913
G1 X21.488 Y27.11 E.01911
G1 X20.967 Y26.63 E.01912
G1 X20.552 Y26.056 E.01911
G1 X20.258 Y25.411 E.01913
G1 X20.08 Y24.481 E.02555
G1 X20.097 Y23.824 E.01773
G1 X20.252 Y23.145 E.01879
G1 X20.541 Y22.498 E.01912
G1 X20.953 Y21.922 E.01911
G1 X21.471 Y21.438 E.01913
G1 X22.075 Y21.067 E.01913
G1 X22.74 Y20.823 E.01911
G1 X23.44 Y20.715 E.01911
G1 X24.148 Y20.748 E.01913
G1 X24.835 Y20.921 E.01912
G1 X25.474 Y21.227 E.01912
G1 X26.04 Y21.653 E.01912
G1 X26.51 Y22.183 E.01912
G1 X26.866 Y22.795 E.01911
G1 X27.094 Y23.466 E.01912
G1 X27.184 Y24.169 E.01913
G1 X27.133 Y24.876 E.01913
G1 X26.943 Y25.558 E.0191
G1 X26.535 Y26.315 E.02321
G1 X26.055 Y26.869 E.01978
G1 X25.492 Y27.299 E.01912
G1 X24.854 Y27.608 E.01913
G1 X24.168 Y27.785 E.01912
G1 X24.129 Y27.787 E.00105
G1 X24.019 Y27.392 F9000
G1 F1800
G1 X23.451 Y27.416 E.01534
G1 X22.83 Y27.319 E.01696
G1 X22.242 Y27.1 E.01693
G1 X21.708 Y26.77 E.01694
G1 X21.25 Y26.34 E.01695
G1 X20.887 Y25.827 E.01696
G1 X20.632 Y25.253 E.01695
G1 X20.481 Y24.417 E.02292
G1 X20.502 Y23.849 E.01534
G1 X20.645 Y23.245 E.01675
G1 X20.907 Y22.674 E.01695
G1 X21.277 Y22.167 E.01694
G1 X21.74 Y21.742 E.01696
G1 X22.278 Y21.418 E.01695
G1 X22.869 Y21.207 E.01693
G1 X23.491 Y21.118 E.01696
G1 X24.117 Y21.153 E.01692
G1 X24.725 Y21.312 E.01696
G1 X25.289 Y21.588 E.01694
G1 X25.787 Y21.97 E.01694
G1 X26.2 Y22.444 E.01696
G1 X26.51 Y22.989 E.01692
G1 X26.706 Y23.586 E.01696
G1 X26.78 Y24.209 E.01693
G1 X26.73 Y24.835 E.01695
G1 X26.556 Y25.439 E.01696
G1 X26.184 Y26.112 E.02075
G1 X25.758 Y26.593 E.01734
G1 X25.255 Y26.969 E.01695
G1 X24.687 Y27.238 E.01696
G1 X24.079 Y27.389 E.01691
G1 X23.97 Y27.004 F9000
;TYPE:External perimeter
;WIDTH:0.419999
G1 F1800
G1 X23.441 Y27.021 E.01358
G1 X22.899 Y26.929 E.0141
G1 X22.386 Y26.732 E.0141
G1 X21.922 Y26.437 E.01411
G1 X21.526 Y26.056 E.0141
G1 X21.214 Y25.604 E.01409
G1 X20.997 Y25.1 E.01408
G1 X20.871 Y24.354 E.01941
G1 X20.902 Y23.838 E.01326
G1 X21.028 Y23.342 E.01313
G1 X21.263 Y22.846 E.01408
G1 X21.592 Y22.405 E.01412
G1 X22.002 Y22.039 E.0141
G1 X22.475 Y21.761 E.01408
G1 X22.995 Y21.582 E.01411
G1 X23.54 Y21.51 E.0141
G1 X24.088 Y21.548 E.01409
G1 X24.618 Y21.693 E.0141
G1 X25.108 Y21.94 E.01408
G1 X25.54 Y22.28 E.0141
G1 X25.897 Y22.698 E.0141
G1 X26.163 Y23.179 E.0141
G1 X26.328 Y23.703 E.01409
G1 X26.387 Y24.249 E.01409
G1 X26.336 Y24.796 E.01409
G1 X26.177 Y25.322 E.0141
G1 X25.841 Y25.915 E.01749
G1 X25.468 Y26.324 E.0142
G1 X25.024 Y26.648 E.0141
G1 X24.525 Y26.877 E.01409
G1 X24.029 Y26.994 E.01307
G1 E-3.5 F3600
;WIPE_START
G1 F7200
G1 X23.97 Y27.004 E-.02842
G1 X23.441 Y27.021 E-.2514
G1 X22.899 Y26.929 E-.26113
G1 X22.386 Y26.732 E-.26102
G1 X21.922 Y26.437 E-.26117
G1 X21.526 Y26.056 E-.26102
G1 X21.316 Y25.752 E-.17584
;WIPE_END
G1 X20.343 Y17.988 F9000
G1 E5 F2400
;TYPE:Perimeter
;WIDTH:0.439999
G1 F3600
G1 X20.359 Y17.977 E.00052
G1 X20.563 Y17.667 E.01001
G1 X20.639 Y17.285 E.01051
G1 X20.639 Y15.279 E.05413
G1 X54.616 Y15.279 E.91686
G1 X54.616 Y17.285 E.05413
G1 X54.694 Y17.67 E.0106
G1 X54.898 Y17.979 E.00999
G1 X55.214 Y18.197 E.01036
G1 X55.611 Y18.279 E.01094
G1 X57.116 Y18.279 E.04061
G1 X57.116 Y60.257 E1.13277
G1 X18.139 Y60.257 E1.05179
G1 X18.139 Y18.279 E1.13277
G1 X19.748 Y18.279 E.04342
G1 X20.046 Y18.195 E.00835
G1 X20.294 Y18.022 E.00816
G1 X20.05 Y17.69 F9000
G1 F3600
G1 X20.164 Y17.562 E.00463
G1 X20.233 Y17.285 E.0077
G1 X20.233 Y14.874 E.06506
G1 X55.022 Y14.874 E.93877
G1 X55.022 Y17.375 E.06749
G1 X55.151 Y17.653 E.00827
G1 X55.323 Y17.798 E.00607
G1 X55.611 Y17.874 E.00804
G1 X57.522 Y17.874 E.05157
G1 X57.522 Y60.662 E1.15463
G1 X17.733 Y60.662 E1.0737
G1 X17.733 Y17.874 E1.15463
G1 X19.711 Y17.874 E.05338
G1 X19.978 Y17.77 E.00773
G1 X20.01 Y17.735 E.00128
G1 X19.778 Y17.413 F9000
;TYPE:External perimeter
;WIDTH:0.419999
G1 F1800
G1 X19.838 Y17.285 E.00363
G1 X19.838 Y14.478 E.07201
G1 X55.418 Y14.478 E.91278
G1 X55.418 Y17.285 E.07201
G1 X55.46 Y17.406 E.00329
G1 X55.611 Y17.478 E.00429
G1 X57.918 Y17.478 E.05918
G1 X57.918 Y61.058 E1.11802
G1 X17.338 Y61.058 E1.04106
G1 X17.338 Y17.478 E1.11802
G1 X19.645 Y17.478 E.05918
G1 X19.733 Y17.446 E.0024
G1 E-3.5 F3600
;WIPE_START
G1 F7200
G1 X19.778 Y17.413 E-.02651
G1 X19.838 Y17.285 E-.06715
G1 X19.838 Y14.478 E-1.33333
G1 X19.992 Y14.478 E-.07301
;WIPE_END
G1 X20.152 Y22.588 F9000
G1 E5 F2400
;TYPE:Internal infill
;WIDTH:0.44
G1 F3600
G1 X19.951 Y23.062 E.01389
G1 X19.785 Y23.8 E.02041
G1 X19.755 Y24.328 E.01427
G1 X19.845 Y24.954 E.01707
G1 X18.451 Y26.347 E.05318
G1 X18.451 Y26.241 E.00286
G1 X52.155 Y59.944 E1.2862
G1 X53.698 Y59.944 E.04164
G1 X56.804 Y56.838 E.11853
G1 X56.804 Y56.944 E.00286
G1 X53.508 Y53.648 E.12578
G1 X52.834 Y53.949 E.01992
G1 X51.869 Y54.124 E.02647
G1 X46.048 Y59.944 E.22212
G1 X44.505 Y59.944 E.04164
G1 X18.451 Y33.89 E.99428
G1 X18.451 Y33.997 E.00289
G1 X24.396 Y28.051 E.22689
G1 X23.985 Y28.121 E.01125
G1 X23.214 Y28.116 E.02081
G1 X22.7 Y28.025 E.01409
G1 X22.02 Y27.785 E.01946
G1 E-3.5
;WIPE_START
G1 F7200
G1 X22.7 Y28.025 E-.34253
G1 X23.214 Y28.116 E-.24795
G1 X23.985 Y28.121 E-.36623
G1 X24.396 Y28.051 E-.19804
G1 X23.882 Y28.565 E-.34525
;WIPE_END
G1 X34.127 Y37.988 F9000
G1 E5 F2400
G1 F3600
G1 X34.344 Y38.68 E.01957
G1 X34.696 Y39.312 E.01952
G1 X35.373 Y40.023 E.02649
G1 X26.998 Y48.398 E.31961
G1 X27.175 Y48.713 E.00975
G1 X27.426 Y49.503 E.02237
G1 X27.498 Y50.174 E.01821
G1 X27.477 Y50.565 E.01057
G1 X36.856 Y59.944 E.35792
G1 X38.399 Y59.944 E.04164
G1 X47.781 Y50.562 E.35804
G1 X47.798 Y49.683 E.02372
G1 X47.989 Y48.937 E.02078
G1 X48.252 Y48.393 E.01631
G1 X39.883 Y40.023 E.3194
G1 X40.199 Y39.75 E.01127
G1 X40.606 Y39.243 E.01754
G1 X40.94 Y38.61 E.01931
G1 X41.127 Y37.995 E.01735
G1 X41.202 Y37.268 E.01972
G1 X41.132 Y36.562 E.01914
G1 X40.926 Y35.891 E.01894
G1 X40.584 Y35.259 E.01939
G1 X40.38 Y35.016 E.00856
G1 X48.651 Y26.745 E.31564
G1 X48.227 Y26.125 E.02027
G1 X47.927 Y25.415 E.0208
G1 X47.866 Y25.058 E.00977
G1 X38.399 Y15.592 E.36126
G1 X36.856 Y15.592 E.04164
G1 X27.426 Y25.022 E.35987
G1 X27.128 Y25.914 E.02538
G1 X26.599 Y26.74 E.02647
G1 X34.873 Y35.013 E.31574
G1 X35.54 Y34.367 E.02506
G1 X36.133 Y34.022 E.01851
G1 X36.909 Y33.776 E.02197
G1 E-3.5
;WIPE_START
G1 F7200
G1 X36.133 Y34.022 E-.38668
G1 X35.54 Y34.367 E-.32588
G1 X34.873 Y35.013 E-.44106
G1 X34.357 Y34.497 E-.34638
;WIPE_END
G1 X53.226 Y27.783 F9000
G1 E5 F2400
G1 F3600
G1 X52.741 Y27.974 E.01407
G1 X51.984 Y28.121 E.02081
G1 X51.331 Y28.131 E.01762
G1 X50.852 Y28.044 E.01314
G1 X56.804 Y33.997 E.22716
G1 X56.804 Y33.89 E.00289
G1 X30.75 Y59.944 E.99428
G1 X29.207 Y59.944 E.04164
G1 X23.394 Y54.131 E.22184
G1 X22.515 Y53.978 E.02408
G1 X21.746 Y53.649 E.02257
G1 X18.451 Y56.944 E.12574
G1 X18.451 Y56.838 E.00286
G1 X21.558 Y59.944 E.11855
G1 X23.101 Y59.944 E.04164
G1 X56.804 Y26.241 E1.28619
G1 X56.804 Y26.347 E.00286
G1 X55.434 Y24.977 E.05228
G1 X55.24 Y25.655 E.01903
G1 X54.893 Y26.345 E.02084
G1 X54.284 Y27.079 E.02574
G1 E-3.5
;WIPE_START
G1 F7200
G1 X54.893 Y26.345 E-.45303
G1 X55.24 Y25.655 E-.36686
G1 X55.434 Y24.977 E-.33497
G1 X55.948 Y25.491 E-.34514
;WIPE_END
G1 X49.605 Y46.986 F9000
G1 E5 F2400
G1 F3600
G1 X49.992 Y46.757 E.01213
G1 X50.755 Y46.493 E.02179
G1 X51.406 Y46.405 E.01773
G1 X51.925 Y46.419 E.01401
G1 X56.804 Y41.54 E.18619
G1 X56.804 Y41.646 E.00286
G1 X30.75 Y15.592 E.99428
G1 X29.207 Y15.592 E.04164
G1 X24.334 Y20.465 E.18597
G1 X23.471 Y20.398 E.02336
G1 X22.771 Y20.49 E.01905
G1 X22.036 Y20.736 E.02092
G1 X21.365 Y21.123 E.0209
G1 X21.16 Y21.301 E.00733
G1 X18.451 Y18.592 E.10338
G1 X18.451 Y18.698 E.00286
G1 X18.559 Y18.59 E.00412
G1 X19.823 Y18.58 E.03411
G1 X20.3 Y18.416 E.01361
G1 X20.584 Y18.195 E.00971
G1 X20.799 Y17.899 E.00987
G1 X20.927 Y17.539 E.01031
G1 X20.951 Y16.198 E.03619
G1 X21.558 Y15.592 E.02315
G1 X23.101 Y15.592 E.04164
G1 X56.804 Y49.295 E1.28619
G1 X56.804 Y49.189 E.00286
G1 X55.483 Y50.51 E.05041
G1 X55.495 Y50.143 E.00991
G1 X55.394 Y49.379 E.0208
G1 X55.143 Y48.651 E.02078
G1 X54.892 Y48.191 E.01414
G1 E-3.5
;WIPE_START
G1 F7200
G1 X55.143 Y48.651 E-.24891
G1 X55.394 Y49.379 E-.36578
G1 X55.495 Y50.143 E-.36606
G1 X55.483 Y50.51 E-.17442
G1 X55.996 Y49.997 E-.34483
;WIPE_END
G1 X21.118 Y47.333 F9000
G1 E5 F2400
G1 F3600
G1 X21.471 Y47.055 E.01212
G1 X22.151 Y46.691 E.02081
G1 X22.646 Y46.525 E.01409
G1 X23.326 Y46.415 E.01859
G1 X18.451 Y41.54 E.18604
G1 X18.451 Y41.646 E.00286
G1 X44.505 Y15.592 E.99428
G1 X46.048 Y15.592 E.04164
G1 X50.923 Y20.466 E.18602
G1 X51.656 Y20.398 E.01986
G1 X52.294 Y20.452 E.01728
G1 X53.041 Y20.661 E.02093
G1 X53.73 Y21.014 E.02089
G1 X54.096 Y21.3 E.01253
G1 X56.804 Y18.592 E.10334
G1 X56.804 Y18.698 E.00286
G1 X56.696 Y18.59 E.00412
G1 X55.434 Y18.58 E.03406
G1 X54.971 Y18.425 E.01318
G1 X54.588 Y18.1 E.01355
G1 X54.328 Y17.538 E.01671
G1 X54.304 Y16.198 E.03617
G1 X53.698 Y15.592 E.02313
G1 X52.155 Y15.592 E.04164
G1 X18.451 Y49.295 E1.2862
G1 X18.451 Y49.189 E.00286
G1 X19.782 Y50.52 E.05079
G1 X19.968 Y51.527 E.02763
G1 X20.291 Y52.227 E.0208
G1 X20.658 Y52.746 E.01715
;LAYER_CHANGE
;Z:3.08
;HEIGHT:0.16
;BEFORE_LAYER_CHANGE
G92 E0
;3.08


G1 E-3.5 F3600
;WIPE_START
G1 F7200
G1 X20.291 Y52.227 E-.30193
G1 X19.968 Y51.527 E-.36619
G1 X19.782 Y50.52 E-.48642
G1 X19.268 Y50.006 E-.34546
;WIPE_END
G1 Z3.08 F9000
;AFTER_LAYER_CHANGE
;3.08
G1 X35.251 Y39.473
G1 E5 F2400
;TYPE:Perimeter
;WIDTH:0.439999
G1 F1800
G1 X34.993 Y39.184 E.01045
G1 X34.665 Y38.624 E.01751
G1 X34.455 Y38.01 E.01751
G1 X34.373 Y37.421 E.01605
G1 X34.394 Y36.867 E.01496
G1 X34.534 Y36.247 E.01715
G1 X34.797 Y35.654 E.01751
G1 X35.134 Y35.177 E.01576
G1 X35.646 Y34.682 E.01922
G1 X36.198 Y34.34 E.01752
G1 X36.807 Y34.115 E.01752
G1 X37.448 Y34.015 E.01751
G1 X37.987 Y34.036 E.01456
G1 X38.291 Y34.078 E.00828
G1 X38.807 Y34.227 E.01449
G1 X39.311 Y34.479 E.01521
G1 X39.813 Y34.854 E.01691
G1 X40.263 Y35.352 E.01811
G1 X40.59 Y35.912 E.0175
G1 X40.8 Y36.526 E.01751
G1 X40.884 Y37.169 E.0175
G1 X40.839 Y37.816 E.0175
G1 X40.667 Y38.442 E.01752
G1 X40.374 Y39.021 E.01751
G1 X40.028 Y39.471 E.01532
G1 X39.603 Y39.86 E.01555
G1 X39.057 Y40.196 E.0173
G1 X38.449 Y40.421 E.01749
G1 X37.808 Y40.521 E.01751
G1 X37.16 Y40.492 E.0175
G1 X36.53 Y40.336 E.01751
G1 X35.944 Y40.057 E.01751
G1 X35.425 Y39.668 E.0175
G1 X35.291 Y39.518 E.00543
G1 X35.6 Y39.263 F9000
G1 F1800
G1 X35.304 Y38.924 E.01214
G1 X35.022 Y38.43 E.01535
G1 X34.843 Y37.891 E.01533
G1 X34.777 Y37.377 E.01398
G1 X34.803 Y36.849 E.01427
G1 X34.927 Y36.347 E.01395
G1 X35.163 Y35.83 E.01534
G1 X35.497 Y35.371 E.01532
G1 X35.915 Y34.986 E.01534
G1 X36.401 Y34.692 E.01533
G1 X36.936 Y34.5 E.01534
G1 X37.498 Y34.418 E.01533
G1 X38.065 Y34.448 E.01532
G1 X38.615 Y34.591 E.01534
G1 X39.126 Y34.84 E.01534
G1 X39.56 Y35.171 E.01473
G1 X39.952 Y35.613 E.01594
G1 X40.234 Y36.106 E.01533
G1 X40.412 Y36.645 E.01532
G1 X40.481 Y37.209 E.01533
G1 X40.436 Y37.776 E.01535
G1 X40.279 Y38.322 E.01533
G1 X40.018 Y38.827 E.01534
G1 X39.68 Y39.253 E.01467
G1 X39.282 Y39.596 E.01418
G1 X38.846 Y39.849 E.0136
G1 X38.32 Y40.036 E.01506
G1 X37.757 Y40.119 E.01536
G1 X37.19 Y40.088 E.01532
G1 X36.64 Y39.945 E.01534
G1 X36.129 Y39.696 E.01534
G1 X35.678 Y39.351 E.01532
G1 X35.64 Y39.308 E.00155
G1 X35.912 Y39.027 F9000
;TYPE:External perimeter
;WIDTH:0.419999
G1 F1800
G1 X35.897 Y39.015 E.00049
G1 X35.585 Y38.637 E.01257
G1 X35.354 Y38.206 E.01255
G1 X35.214 Y37.738 E.01253
G1 X35.169 Y37.301 E.01127
G1 X35.199 Y36.882 E.01078
G1 X35.323 Y36.409 E.01254
G1 X35.524 Y35.992 E.01188
G1 X35.835 Y35.584 E.01316
G1 X36.275 Y35.221 E.01463
G1 X36.735 Y34.985 E.01326
G1 X37.218 Y34.851 E.01286
G1 X37.586 Y34.809 E.0095
G1 X38.074 Y34.85 E.01256
G1 X38.544 Y34.986 E.01255
G1 X38.978 Y35.213 E.01257
G1 X39.358 Y35.521 E.01255
G1 X39.689 Y35.933 E.01356
G1 X39.932 Y36.432 E.01424
G1 X40.042 Y36.8 E.00985
G1 X40.087 Y37.287 E.01255
G1 X40.034 Y37.774 E.01257
G1 X39.886 Y38.241 E.01257
G1 X39.597 Y38.732 E.01462
G1 X39.323 Y39.042 E.01061
G1 X39.048 Y39.276 E.00926
G1 X38.622 Y39.517 E.01256
G1 X38.156 Y39.67 E.01258
G1 X37.67 Y39.727 E.01255
G1 X37.182 Y39.686 E.01256
G1 X36.711 Y39.55 E.01258
G1 X36.277 Y39.323 E.01257
G1 X35.959 Y39.065 E.01051
G1 E-3.5 F3600
;WIPE_START
G1 F7200
G1 X35.912 Y39.027 E-.02871
G1 X35.897 Y39.015 E-.00912
G1 X35.585 Y38.637 E-.23281
G1 X35.354 Y38.206 E-.23228
G1 X35.214 Y37.738 E-.23203
G1 X35.169 Y37.301 E-.20867
G1 X35.199 Y36.882 E-.19953
G1 X35.323 Y36.409 E-.23227
G1 X35.437 Y36.173 E-.12458
;WIPE_END
G1 X26.223 Y47.86 F9000
G1 E5 F2400
;TYPE:Perimeter
;WIDTH:0.439999
G1 F1800
G1 X26.51 Y48.183 E.01166
G1 X26.866 Y48.795 E.01911
G1 X27.094 Y49.466 E.01912
G1 X27.184 Y50.169 E.01913
G1 X27.133 Y50.876 E.01913
G1 X26.943 Y51.558 E.0191
G1 X26.622 Y52.19 E.01913
G1 X26.072 Y52.851 E.0232
G1 X25.492 Y53.299 E.01978
G1 X24.854 Y53.608 E.01913
G1 X24.168 Y53.785 E.01912
G1 X23.461 Y53.822 E.0191
G1 X22.76 Y53.718 E.01912
G1 X22.093 Y53.478 E.01913
G1 X21.488 Y53.11 E.01911
G1 X20.967 Y52.63 E.01912
G1 X20.552 Y52.056 E.01911
G1 X20.258 Y51.411 E.01913
G1 X20.099 Y50.721 E.01911
G1 X20.079 Y50.012 E.01914
G1 X20.2 Y49.314 E.01912
G1 X20.457 Y48.654 E.01911
G1 X20.938 Y47.942 E.02319
G1 X21.471 Y47.438 E.01979
G1 X22.075 Y47.067 E.01913
G1 X22.74 Y46.823 E.01911
G1 X23.44 Y46.715 E.01911
G1 X24.148 Y46.748 E.01913
G1 X24.835 Y46.921 E.01912
G1 X25.474 Y47.227 E.01912
G1 X26.04 Y47.653 E.01912
G1 X26.184 Y47.815 E.00585
G1 X25.929 Y48.133 F9000
G1 F1800
G1 X26.2 Y48.444 E.01113
G1 X26.51 Y48.989 E.01692
G1 X26.706 Y49.586 E.01696
G1 X26.78 Y50.209 E.01693
G1 X26.73 Y50.835 E.01695
G1 X26.556 Y51.439 E.01696
G1 X26.266 Y51.996 E.01695
G1 X25.768 Y52.582 E.02075
G1 X25.255 Y52.969 E.01734
G1 X24.687 Y53.238 E.01696
G1 X24.078 Y53.389 E.01693
G1 X23.451 Y53.416 E.01694
G1 X22.83 Y53.319 E.01696
G1 X22.242 Y53.1 E.01693
G1 X21.708 Y52.77 E.01694
G1 X21.25 Y52.339 E.01697
G1 X20.887 Y51.827 E.01694
G1 X20.632 Y51.253 E.01695
G1 X20.496 Y50.64 E.01694
G1 X20.485 Y50.012 E.01695
G1 X20.598 Y49.395 E.01693
G1 X20.831 Y48.812 E.01694
G1 X21.268 Y48.179 E.02076
G1 X21.74 Y47.742 E.01736
G1 X22.278 Y47.418 E.01695
G1 X22.869 Y47.207 E.01693
G1 X23.491 Y47.118 E.01696
G1 X24.117 Y47.153 E.01692
G1 X24.725 Y47.312 E.01696
G1 X25.289 Y47.588 E.01694
G1 X25.787 Y47.97 E.01694
G1 X25.889 Y48.088 E.00421
G1 X25.642 Y48.399 F9000
;TYPE:External perimeter
;WIDTH:0.419999
G1 F1800
G1 X25.897 Y48.698 E.01008
G1 X26.163 Y49.179 E.0141
G1 X26.328 Y49.703 E.01409
G1 X26.387 Y50.249 E.01409
G1 X26.336 Y50.796 E.01409
G1 X26.178 Y51.322 E.01409
G1 X25.918 Y51.807 E.01412
G1 X25.471 Y52.32 E.01746
G1 X25.024 Y52.648 E.01422
G1 X24.525 Y52.877 E.01409
G1 X23.99 Y53.003 E.0141
G1 X23.441 Y53.021 E.01409
G1 X22.899 Y52.929 E.0141
G1 X22.386 Y52.732 E.0141
G1 X21.922 Y52.437 E.01411
G1 X21.526 Y52.056 E.0141
G1 X21.214 Y51.604 E.01409
G1 X20.997 Y51.1 E.01408
G1 X20.884 Y50.562 E.0141
G1 X20.88 Y50.012 E.01411
G1 X20.986 Y49.473 E.01409
G1 X21.195 Y48.965 E.01409
G1 X21.589 Y48.41 E.01746
G1 X22.002 Y48.039 E.01424
G1 X22.475 Y47.761 E.01408
G1 X22.995 Y47.582 E.01411
G1 X23.54 Y47.51 E.0141
G1 X24.088 Y47.548 E.01409
G1 X24.618 Y47.693 E.0141
G1 X25.108 Y47.94 E.01408
G1 X25.54 Y48.28 E.0141
G1 X25.603 Y48.353 E.00247
G1 E-3.5 F3600
;WIPE_START
G1 F7200
G1 X25.642 Y48.399 E-.02865
G1 X25.897 Y48.698 E-.18666
G1 X26.163 Y49.179 E-.26108
G1 X26.328 Y49.703 E-.26095
G1 X26.387 Y50.249 E-.26086
G1 X26.336 Y50.796 E-.26095
G1 X26.19 Y51.282 E-.24085
;WIPE_END
G1 X48.081 Y50.091 F9000
G1 E5 F2400
;TYPE:Perimeter
;WIDTH:0.439999
G1 F1800
G1 X48.079 Y50.012 E.00213
G1 X48.2 Y49.314 E.01912
G1 X48.457 Y48.654 E.01911
G1 X48.749 Y48.205 E.01445
G1 X49.057 Y47.805 E.01362
G1 X49.471 Y47.438 E.01493
G1 X50.075 Y47.067 E.01913
G1 X50.74 Y46.823 E.01911
G1 X51.44 Y46.715 E.01911
G1 X52.148 Y46.748 E.01913
G1 X52.835 Y46.921 E.01912
G1 X53.474 Y47.227 E.01912
G1 X54.04 Y47.653 E.01912
G1 X54.51 Y48.183 E.01912
G1 X54.866 Y48.795 E.01911
G1 X55.094 Y49.466 E.01912
G1 X55.184 Y50.169 E.01913
G1 X55.133 Y50.876 E.01913
G1 X54.943 Y51.558 E.0191
G1 X54.535 Y52.315 E.02321
G1 X54.055 Y52.869 E.01978
G1 X53.492 Y53.299 E.01912
G1 X52.854 Y53.608 E.01913
G1 X52.168 Y53.785 E.01912
G1 X51.461 Y53.822 E.0191
G1 X50.76 Y53.718 E.01912
G1 X50.093 Y53.478 E.01913
G1 X49.488 Y53.11 E.01911
G1 X48.967 Y52.63 E.01912
G1 X48.552 Y52.056 E.01911
G1 X48.258 Y51.411 E.01913
G1 X48.099 Y50.721 E.01911
G1 X48.083 Y50.151 E.01539
G1 X48.487 Y50.111 F9000
G1 F1800
G1 X48.485 Y50.012 E.00267
G1 X48.598 Y49.395 E.01693
G1 X48.831 Y48.812 E.01694
G1 X49.268 Y48.179 E.02076
G1 X49.74 Y47.742 E.01736
G1 X50.278 Y47.418 E.01695
G1 X50.869 Y47.207 E.01693
G1 X51.491 Y47.118 E.01696
G1 X52.117 Y47.153 E.01692
G1 X52.725 Y47.312 E.01696
G1 X53.289 Y47.588 E.01694
G1 X53.787 Y47.97 E.01694
G1 X54.2 Y48.444 E.01696
G1 X54.51 Y48.989 E.01692
G1 X54.706 Y49.586 E.01696
G1 X54.78 Y50.209 E.01693
G1 X54.73 Y50.835 E.01695
G1 X54.556 Y51.439 E.01696
G1 X54.184 Y52.112 E.02075
G1 X53.758 Y52.593 E.01734
G1 X53.255 Y52.969 E.01695
G1 X52.687 Y53.238 E.01696
G1 X52.078 Y53.389 E.01693
G1 X51.451 Y53.416 E.01694
G1 X50.83 Y53.319 E.01696
G1 X50.242 Y53.1 E.01693
G1 X49.708 Y52.77 E.01694
G1 X49.25 Y52.339 E.01697
G1 X48.887 Y51.827 E.01694
G1 X48.632 Y51.253 E.01695
G1 X48.496 Y50.64 E.01694
G1 X48.488 Y50.171 E.01266
G1 X48.881 Y50.131 F9000
;TYPE:External perimeter
;WIDTH:0.419999
G1 F1800
G1 X48.88 Y50.012 E.00305
G1 X48.986 Y49.473 E.01409
G1 X49.195 Y48.965 E.01409
G1 X49.589 Y48.41 E.01746
G1 X50.002 Y48.039 E.01424
G1 X50.475 Y47.761 E.01408
G1 X50.995 Y47.582 E.01411
G1 X51.54 Y47.51 E.0141
G1 X52.088 Y47.548 E.01409
G1 X52.618 Y47.693 E.0141
G1 X53.108 Y47.94 E.01408
G1 X53.54 Y48.28 E.0141
G1 X53.897 Y48.698 E.0141
G1 X54.163 Y49.179 E.0141
G1 X54.328 Y49.703 E.01409
G1 X54.387 Y50.249 E.01409
G1 X54.336 Y50.796 E.01409
G1 X54.177 Y51.322 E.0141
G1 X53.841 Y51.915 E.01749
G1 X53.468 Y52.324 E.0142
G1 X53.024 Y52.648 E.0141
G1 X52.525 Y52.877 E.01409
G1 X51.99 Y53.003 E.0141
G1 X51.441 Y53.021 E.01409
G1 X50.899 Y52.929 E.0141
G1 X50.386 Y52.732 E.0141
G1 X49.922 Y52.437 E.01411
G1 X49.526 Y52.056 E.0141
G1 X49.214 Y51.604 E.01409
G1 X48.997 Y51.1 E.01408
G1 X48.884 Y50.562 E.0141
G1 X48.882 Y50.191 E.00952
G1 E-3.5 F3600
;WIPE_START
G1 F7200
G1 X48.881 Y50.131 E-.0285
G1 X48.88 Y50.012 E-.05653
G1 X48.986 Y49.473 E-.26093
G1 X49.195 Y48.965 E-.26092
G1 X49.589 Y48.41 E-.3233
G1 X50.002 Y48.039 E-.2637
G1 X50.475 Y47.761 E-.26061
G1 X50.566 Y47.73 E-.04551
;WIPE_END
G1 X51.187 Y27.782 F9000
G1 E5 F2400
;TYPE:Perimeter
;WIDTH:0.439999
G1 F1800
G1 X50.76 Y27.718 E.01165
G1 X50.093 Y27.478 E.01913
G1 X49.488 Y27.11 E.01911
G1 X48.983 Y26.645 E.01852
G1 X48.598 Y26.124 E.01748
G1 X48.315 Y25.546 E.01737
G1 X48.2 Y25.222 E.00928
G1 X48.099 Y24.721 E.01379
G1 X48.079 Y24.012 E.01914
G1 X48.2 Y23.314 E.01912
G1 X48.457 Y22.654 E.01911
G1 X48.938 Y21.942 E.02319
G1 X49.471 Y21.438 E.01979
G1 X50.075 Y21.067 E.01913
G1 X50.74 Y20.823 E.01911
G1 X51.44 Y20.715 E.01911
G1 X52.148 Y20.748 E.01913
G1 X52.835 Y20.921 E.01912
G1 X53.474 Y21.227 E.01912
G1 X54.027 Y21.643 E.01867
G1 X54.51 Y22.183 E.01955
G1 X54.866 Y22.795 E.01911
G1 X55.094 Y23.466 E.01912
G1 X55.184 Y24.169 E.01913
G1 X55.133 Y24.876 E.01913
G1 X54.943 Y25.559 E.01913
G1 X54.535 Y26.315 E.02318
G1 X54.055 Y26.869 E.01978
G1 X53.492 Y27.299 E.01912
G1 X52.854 Y27.608 E.01913
G1 X52.168 Y27.785 E.01912
G1 X51.461 Y27.822 E.0191
G1 X51.247 Y27.79 E.00584
G1 X51.237 Y27.383 F9000
G1 F1800
G1 X50.83 Y27.319 E.01112
G1 X50.242 Y27.1 E.01693
G1 X49.708 Y26.77 E.01694
G1 X49.266 Y26.355 E.01636
G1 X48.933 Y25.895 E.01532
G1 X48.689 Y25.388 E.01518
G1 X48.598 Y25.141 E.0071
G1 X48.496 Y24.64 E.0138
G1 X48.485 Y24.012 E.01695
G1 X48.598 Y23.395 E.01693
G1 X48.831 Y22.812 E.01694
G1 X49.268 Y22.179 E.02076
G1 X49.74 Y21.742 E.01736
G1 X50.278 Y21.418 E.01695
G1 X50.869 Y21.207 E.01693
G1 X51.491 Y21.118 E.01696
G1 X52.117 Y21.153 E.01692
G1 X52.725 Y21.312 E.01696
G1 X53.289 Y21.588 E.01694
G1 X53.774 Y21.96 E.01649
G1 X54.2 Y22.444 E.0174
G1 X54.51 Y22.989 E.01692
G1 X54.706 Y23.586 E.01696
G1 X54.78 Y24.209 E.01693
G1 X54.73 Y24.835 E.01695
G1 X54.556 Y25.439 E.01696
G1 X54.184 Y26.112 E.02075
G1 X53.758 Y26.593 E.01734
G1 X53.255 Y26.969 E.01695
G1 X52.687 Y27.238 E.01696
G1 X52.078 Y27.389 E.01693
G1 X51.451 Y27.416 E.01694
G1 X51.297 Y27.392 E.00421
G1 X51.286 Y26.995 F9000
;TYPE:External perimeter
;WIDTH:0.419999
G1 F1800
G1 X50.899 Y26.929 E.01007
G1 X50.386 Y26.732 E.0141
G1 X49.922 Y26.437 E.01411
G1 X49.542 Y26.072 E.01352
G1 X49.214 Y25.604 E.01466
G1 X48.997 Y25.1 E.01408
G1 X48.884 Y24.562 E.0141
G1 X48.88 Y24.012 E.01411
G1 X48.986 Y23.473 E.01409
G1 X49.195 Y22.965 E.01409
G1 X49.589 Y22.41 E.01746
G1 X50.002 Y22.039 E.01424
G1 X50.475 Y21.761 E.01408
G1 X50.995 Y21.582 E.01411
G1 X51.54 Y21.51 E.0141
G1 X52.088 Y21.548 E.01409
G1 X52.618 Y21.693 E.0141
G1 X53.108 Y21.94 E.01408
G1 X53.527 Y22.269 E.01367
G1 X53.897 Y22.698 E.01453
G1 X54.163 Y23.179 E.0141
G1 X54.328 Y23.703 E.01409
G1 X54.387 Y24.249 E.01409
G1 X54.336 Y24.796 E.01409
G1 X54.177 Y25.322 E.0141
G1 X53.841 Y25.915 E.01749
G1 X53.468 Y26.324 E.0142
G1 X53.024 Y26.648 E.0141
G1 X52.525 Y26.877 E.01409
G1 X51.99 Y27.003 E.0141
G1 X51.441 Y27.021 E.01409
G1 X51.345 Y27.005 E.0025
G1 E-3.5 F3600
;WIPE_START
G1 F7200
G1 X51.286 Y26.995 E-.02842
G1 X50.899 Y26.929 E-.18648
G1 X50.386 Y26.732 E-.26102
G1 X49.922 Y26.437 E-.26117
G1 X49.542 Y26.072 E-.25028
G1 X49.214 Y25.604 E-.27146
G1 X49.013 Y25.137 E-.24117
;WIPE_END
G1 X27.152 Y24.621 F9000
G1 E5 F2400
;TYPE:Perimeter
;WIDTH:0.439999
G1 F1800
G1 X27.133 Y24.876 E.0069
G1 X26.943 Y25.558 E.0191
G1 X26.622 Y26.19 E.01913
G1 X26.072 Y26.851 E.0232
G1 X25.492 Y27.299 E.01978
G1 X24.854 Y27.608 E.01913
G1 X24.168 Y27.785 E.01912
G1 X23.461 Y27.822 E.0191
G1 X22.76 Y27.718 E.01912
G1 X22.093 Y27.478 E.01913
G1 X21.488 Y27.11 E.01911
G1 X20.967 Y26.63 E.01912
G1 X20.552 Y26.056 E.01911
G1 X20.258 Y25.411 E.01913
G1 X20.099 Y24.721 E.01911
G1 X20.079 Y24.012 E.01914
G1 X20.2 Y23.314 E.01912
G1 X20.457 Y22.654 E.01911
G1 X20.938 Y21.942 E.02319
G1 X21.305 Y21.585 E.01382
G1 X21.632 Y21.323 E.01131
G1 X22.075 Y21.067 E.01381
G1 X22.74 Y20.823 E.01911
G1 X23.44 Y20.715 E.01911
G1 X24.148 Y20.748 E.01913
G1 X24.835 Y20.921 E.01912
G1 X25.474 Y21.227 E.01912
G1 X26.04 Y21.653 E.01912
G1 X26.51 Y22.183 E.01912
G1 X26.866 Y22.795 E.01911
G1 X27.094 Y23.466 E.01912
G1 X27.184 Y24.169 E.01913
G1 X27.156 Y24.561 E.0106
G1 X26.75 Y24.581 F9000
G1 F1800
G1 X26.73 Y24.835 E.00688
G1 X26.556 Y25.439 E.01696
G1 X26.266 Y25.996 E.01695
G1 X25.768 Y26.582 E.02075
G1 X25.255 Y26.969 E.01734
G1 X24.687 Y27.238 E.01696
G1 X24.078 Y27.389 E.01693
G1 X23.451 Y27.416 E.01694
G1 X22.83 Y27.319 E.01696
G1 X22.242 Y27.1 E.01693
G1 X21.708 Y26.77 E.01694
G1 X21.25 Y26.339 E.01697
G1 X20.887 Y25.827 E.01694
G1 X20.632 Y25.253 E.01695
G1 X20.496 Y24.64 E.01694
G1 X20.485 Y24.012 E.01695
G1 X20.598 Y23.395 E.01693
G1 X20.831 Y22.812 E.01694
G1 X21.268 Y22.179 E.02076
G1 X21.74 Y21.742 E.01736
G1 X22.278 Y21.418 E.01695
G1 X22.869 Y21.207 E.01693
G1 X23.491 Y21.118 E.01696
G1 X24.117 Y21.153 E.01692
G1 X24.725 Y21.312 E.01696
G1 X25.289 Y21.588 E.01694
G1 X25.787 Y21.97 E.01694
G1 X26.2 Y22.444 E.01696
G1 X26.51 Y22.989 E.01692
G1 X26.706 Y23.586 E.01696
G1 X26.78 Y24.209 E.01693
G1 X26.755 Y24.521 E.00845
G1 X26.36 Y24.541 F9000
;TYPE:External perimeter
;WIDTH:0.419999
G1 F1800
G1 X26.336 Y24.796 E.00657
G1 X26.178 Y25.322 E.01409
G1 X25.918 Y25.807 E.01412
G1 X25.471 Y26.32 E.01746
G1 X25.024 Y26.648 E.01422
G1 X24.525 Y26.877 E.01409
G1 X23.99 Y27.003 E.0141
G1 X23.441 Y27.021 E.01409
G1 X22.899 Y26.929 E.0141
G1 X22.386 Y26.732 E.0141
G1 X21.922 Y26.437 E.01411
G1 X21.526 Y26.056 E.0141
G1 X21.214 Y25.604 E.01409
G1 X20.997 Y25.1 E.01408
G1 X20.884 Y24.562 E.0141
G1 X20.88 Y24.012 E.01411
G1 X20.986 Y23.473 E.01409
G1 X21.195 Y22.965 E.01409
G1 X21.589 Y22.41 E.01746
G1 X22.002 Y22.039 E.01424
G1 X22.475 Y21.761 E.01408
G1 X22.995 Y21.582 E.01411
G1 X23.54 Y21.51 E.0141
G1 X24.088 Y21.548 E.01409
G1 X24.618 Y21.693 E.0141
G1 X25.108 Y21.94 E.01408
G1 X25.54 Y22.28 E.0141
G1 X25.897 Y22.698 E.0141
G1 X26.163 Y23.179 E.0141
G1 X26.328 Y23.703 E.01409
G1 X26.387 Y24.249 E.01409
G1 X26.365 Y24.482 E.006
G1 E-3.5 F3600
;WIPE_START
G1 F7200
G1 X26.36 Y24.541 E-.02813
G1 X26.336 Y24.796 E-.12166
G1 X26.178 Y25.322 E-.26088
G1 X25.918 Y25.807 E-.26139
G1 X25.471 Y26.32 E-.3232
G1 X25.024 Y26.648 E-.26335
G1 X24.562 Y26.86 E-.24139
;WIPE_END
G1 X20.343 Y17.988 F9000
G1 E5 F2400
;TYPE:Perimeter
;WIDTH:0.439999
G1 F3600
G1 X20.359 Y17.977 E.00052
G1 X20.563 Y17.667 E.01001
G1 X20.639 Y17.285 E.01051
G1 X20.639 Y15.279 E.05413
G1 X54.616 Y15.279 E.91686
G1 X54.616 Y17.285 E.05413
G1 X54.694 Y17.67 E.0106
G1 X54.898 Y17.979 E.00999
G1 X55.214 Y18.197 E.01036
G1 X55.611 Y18.279 E.01094
G1 X57.116 Y18.279 E.04061
G1 X57.116 Y60.257 E1.13277
G1 X18.139 Y60.257 E1.05179
G1 X18.139 Y18.279 E1.13277
G1 X19.748 Y18.279 E.04342
G1 X20.046 Y18.195 E.00835
G1 X20.294 Y18.022 E.00816
G1 X20.05 Y17.69 F9000
G1 F3600
G1 X20.164 Y17.562 E.00463
G1 X20.233 Y17.285 E.0077
G1 X20.233 Y14.874 E.06506
G1 X55.022 Y14.874 E.93877
G1 X55.022 Y17.375 E.06749
G1 X55.151 Y17.653 E.00827
G1 X55.323 Y17.798 E.00607
G1 X55.611 Y17.874 E.00804
G1 X57.522 Y17.874 E.05157
G1 X57.522 Y60.662 E1.15463
G1 X17.733 Y60.662 E1.0737
G1 X17.733 Y17.874 E1.15463
G1 X19.711 Y17.874 E.05338
G1 X19.978 Y17.77 E.00773
G1 X20.01 Y17.735 E.00128
G1 X19.778 Y17.413 F9000
;TYPE:External perimeter
;WIDTH:0.419999
G1 F1800
G1 X19.838 Y17.285 E.00363
G1 X19.838 Y14.478 E.07201
G1 X55.418 Y14.478 E.91278
G1 X55.418 Y17.285 E.07201
G1 X55.46 Y17.406 E.00329
G1 X55.611 Y17.478 E.00429
G1 X57.918 Y17.478 E.05918
G1 X57.918 Y61.058 E1.11802
G1 X17.338 Y61.058 E1.04106
G1 X17.338 Y17.478 E1.11802
G1 X19.645 Y17.478 E.05918
G1 X19.733 Y17.446 E.0024
G1 E-3.5 F3600
;WIPE_START
G1 F7200
G1 X19.778 Y17.413 E-.02651
G1 X19.838 Y17.285 E-.06715
G1 X19.838 Y14.478 E-1.33333
G1 X19.992 Y14.478 E-.07301
;WIPE_END
G1 X20.142 Y22.597 F9000
G1 E5 F2400
;TYPE:Internal infill
;WIDTH:0.44
G1 F3600
G1 X19.895 Y23.247 E.01876
G1 X19.792 Y23.759 E.01409
G1 X19.767 Y24.528 E.02076
G1 X19.83 Y24.968 E.01199
G1 X18.451 Y26.347 E.05263
G1 X18.451 Y26.241 E.00286
G1 X52.155 Y59.944 E1.2862
G1 X53.698 Y59.944 E.04164
G1 X56.804 Y56.838 E.11853
G1 X56.804 Y56.944 E.00286
G1 X53.508 Y53.648 E.12578
G1 X52.834 Y53.949 E.01992
G1 X51.869 Y54.124 E.02647
G1 X46.048 Y59.944 E.22212
G1 X44.505 Y59.944 E.04164
G1 X18.451 Y33.89 E.99428
G1 X18.451 Y33.997 E.00289
G1 X24.396 Y28.051 E.22689
G1 X23.985 Y28.121 E.01125
G1 X23.214 Y28.116 E.02081
G1 X22.7 Y28.025 E.01409
G1 X22.02 Y27.785 E.01946
G1 E-3.5
;WIPE_START
G1 F7200
G1 X22.7 Y28.025 E-.34253
G1 X23.214 Y28.116 E-.24795
G1 X23.985 Y28.121 E-.36623
G1 X24.396 Y28.051 E-.19804
G1 X23.882 Y28.565 E-.34525
;WIPE_END
G1 X34.127 Y37.988 F9000
G1 E5 F2400
G1 F3600
G1 X34.344 Y38.68 E.01957
G1 X34.696 Y39.312 E.01952
G1 X35.373 Y40.023 E.02649
G1 X26.998 Y48.398 E.31961
G1 X27.175 Y48.713 E.00975
G1 X27.426 Y49.503 E.02237
G1 X27.498 Y50.174 E.01821
G1 X27.477 Y50.565 E.01057
G1 X36.856 Y59.944 E.35792
G1 X38.399 Y59.944 E.04164
G1 X47.772 Y50.571 E.3577
G1 X47.771 Y49.898 E.01816
G1 X47.941 Y49.08 E.02255
G1 X48.245 Y48.386 E.02045
G1 X39.882 Y40.022 E.31917
G1 X40.196 Y39.753 E.01116
G1 X40.606 Y39.243 E.01766
G1 X40.94 Y38.61 E.01931
G1 X41.127 Y37.995 E.01735
G1 X41.202 Y37.268 E.01972
G1 X41.132 Y36.562 E.01914
G1 X40.926 Y35.891 E.01894
G1 X40.584 Y35.259 E.01939
G1 X40.38 Y35.016 E.00856
G1 X48.651 Y26.745 E.31564
G1 X48.227 Y26.125 E.02027
G1 X47.927 Y25.416 E.02077
G1 X47.855 Y25.048 E.01012
G1 X38.399 Y15.592 E.36086
G1 X36.856 Y15.592 E.04164
G1 X27.426 Y25.022 E.35987
G1 X27.171 Y25.832 E.02292
G1 X26.893 Y26.345 E.01575
G1 X26.591 Y26.732 E.01325
G1 X34.872 Y35.013 E.31602
G1 X35.513 Y34.387 E.02418
G1 X36.133 Y34.022 E.01941
G1 X36.909 Y33.776 E.02197
G1 E-3.5
;WIPE_START
G1 F7200
G1 X36.133 Y34.022 E-.38668
G1 X35.513 Y34.387 E-.34174
G1 X34.872 Y35.013 E-.42558
G1 X34.357 Y34.498 E-.346
;WIPE_END
G1 X53.226 Y27.783 F9000
G1 E5 F2400
G1 F3600
G1 X52.741 Y27.974 E.01407
G1 X51.984 Y28.121 E.02081
G1 X51.331 Y28.131 E.01762
G1 X50.852 Y28.044 E.01314
G1 X56.804 Y33.997 E.22716
G1 X56.804 Y33.89 E.00289
G1 X30.75 Y59.944 E.99428
G1 X29.207 Y59.944 E.04164
G1 X23.394 Y54.131 E.22184
G1 X22.515 Y53.978 E.02408
G1 X21.746 Y53.649 E.02257
G1 X18.451 Y56.944 E.12574
G1 X18.451 Y56.838 E.00286
G1 X21.558 Y59.944 E.11855
G1 X23.101 Y59.944 E.04164
G1 X56.804 Y26.241 E1.28619
G1 X56.804 Y26.347 E.00286
G1 X55.434 Y24.977 E.05228
G1 X55.128 Y25.913 E.02657
G1 X54.802 Y26.477 E.01758
G1 X54.285 Y27.08 E.02143
G1 E-3.5
;WIPE_START
G1 F7200
G1 X54.802 Y26.477 E-.37729
G1 X55.128 Y25.913 E-.30943
G1 X55.434 Y24.977 E-.46776
G1 X55.948 Y25.491 E-.34552
;WIPE_END
G1 X49.605 Y46.986 F9000
G1 E5 F2400
G1 F3600
G1 X49.992 Y46.757 E.01213
G1 X50.755 Y46.493 E.02179
G1 X51.406 Y46.405 E.01773
G1 X51.925 Y46.419 E.01401
G1 X56.804 Y41.54 E.18619
G1 X56.804 Y41.646 E.00286
G1 X30.75 Y15.592 E.99428
G1 X29.207 Y15.592 E.04164
G1 X24.334 Y20.465 E.18597
G1 X23.471 Y20.398 E.02336
G1 X22.771 Y20.49 E.01905
G1 X22.036 Y20.736 E.02092
G1 X21.365 Y21.123 E.0209
G1 X21.16 Y21.301 E.00733
G1 X18.451 Y18.592 E.10338
G1 X18.451 Y18.698 E.00286
G1 X18.559 Y18.59 E.00412
G1 X19.823 Y18.58 E.03411
G1 X20.3 Y18.416 E.01361
G1 X20.584 Y18.195 E.00971
G1 X20.799 Y17.899 E.00987
G1 X20.927 Y17.539 E.01031
G1 X20.951 Y16.198 E.03619
G1 X21.558 Y15.592 E.02315
G1 X23.101 Y15.592 E.04164
G1 X56.804 Y49.295 E1.28619
G1 X56.804 Y49.189 E.00286
G1 X55.483 Y50.51 E.05041
G1 X55.495 Y50.143 E.00991
G1 X55.394 Y49.38 E.02077
G1 X55.143 Y48.651 E.02081
G1 X54.892 Y48.191 E.01414
G1 E-3.5
;WIPE_START
G1 F7200
G1 X55.143 Y48.651 E-.24891
G1 X55.394 Y49.38 E-.36623
G1 X55.495 Y50.143 E-.36559
G1 X55.483 Y50.51 E-.17442
G1 X55.996 Y49.997 E-.34485
;WIPE_END
G1 X21.118 Y47.333 F9000
G1 E5 F2400
G1 F3600
G1 X21.471 Y47.055 E.01212
G1 X22.151 Y46.691 E.02081
G1 X22.646 Y46.525 E.01409
G1 X23.326 Y46.415 E.01859
G1 X18.451 Y41.54 E.18604
G1 X18.451 Y41.646 E.00286
G1 X44.505 Y15.592 E.99428
G1 X46.048 Y15.592 E.04164
G1 X50.923 Y20.466 E.18602
G1 X51.656 Y20.398 E.01986
G1 X52.294 Y20.452 E.01728
G1 X53.041 Y20.661 E.02093
G1 X53.73 Y21.014 E.02089
G1 X54.096 Y21.3 E.01253
G1 X56.804 Y18.592 E.10334
G1 X56.804 Y18.698 E.00286
G1 X56.696 Y18.59 E.00412
G1 X55.434 Y18.58 E.03406
G1 X54.971 Y18.425 E.01318
G1 X54.588 Y18.1 E.01355
G1 X54.328 Y17.538 E.01671
G1 X54.304 Y16.198 E.03617
G1 X53.698 Y15.592 E.02313
G1 X52.155 Y15.592 E.04164
G1 X18.451 Y49.295 E1.2862
G1 X18.451 Y49.189 E.00286
G1 X19.767 Y50.504 E.0502
G1 X19.969 Y51.527 E.02814
G1 X20.291 Y52.227 E.02079
G1 X20.645 Y52.731 E.01662
;LAYER_CHANGE
;Z:3.24
;HEIGHT:0.16
;BEFORE_LAYER_CHANGE
G92 E0
;3.24


G1 E-3.5 F3600
;WIPE_START
G1 F7200
G1 X20.291 Y52.227 E-.29255
G1 X19.969 Y51.527 E-.36599
G1 X19.767 Y50.504 E-.49531
G1 X19.252 Y49.989 E-.34615
;WIPE_END
G1 Z3.24 F9000
;AFTER_LAYER_CHANGE
;3.24
G1 X35.251 Y39.473
G1 E5 F2400
;TYPE:Perimeter
;WIDTH:0.439999
G1 F1800
G1 X34.993 Y39.184 E.01045
G1 X34.665 Y38.624 E.01751
G1 X34.455 Y38.01 E.01751
G1 X34.373 Y37.416 E.01618
G1 X34.394 Y36.867 E.01483
G1 X34.534 Y36.247 E.01715
G1 X34.797 Y35.654 E.01751
G1 X35.134 Y35.177 E.01576
G1 X35.646 Y34.682 E.01922
G1 X36.198 Y34.34 E.01752
G1 X36.807 Y34.115 E.01752
G1 X37.448 Y34.015 E.01751
G1 X37.981 Y34.035 E.01439
G1 X38.291 Y34.078 E.00845
G1 X38.807 Y34.227 E.01449
G1 X39.311 Y34.479 E.01521
G1 X39.813 Y34.854 E.01691
G1 X40.263 Y35.352 E.01811
G1 X40.59 Y35.912 E.0175
G1 X40.8 Y36.526 E.01751
G1 X40.884 Y37.169 E.0175
G1 X40.839 Y37.816 E.0175
G1 X40.667 Y38.442 E.01752
G1 X40.374 Y39.021 E.01751
G1 X40.031 Y39.468 E.0152
G1 X39.603 Y39.859 E.01564
G1 X39.057 Y40.196 E.01731
G1 X38.449 Y40.421 E.01749
G1 X37.808 Y40.521 E.01751
G1 X37.16 Y40.492 E.0175
G1 X36.53 Y40.336 E.01751
G1 X35.944 Y40.057 E.01751
G1 X35.425 Y39.668 E.0175
G1 X35.291 Y39.518 E.00543
G1 X35.545 Y39.2 F9000
G1 F1800
G1 X35.304 Y38.924 E.00989
G1 X35.022 Y38.43 E.01535
G1 X34.843 Y37.891 E.01533
G1 X34.776 Y37.373 E.01409
G1 X34.803 Y36.849 E.01416
G1 X34.927 Y36.347 E.01395
G1 X35.163 Y35.83 E.01534
G1 X35.497 Y35.371 E.01532
G1 X35.915 Y34.986 E.01534
G1 X36.401 Y34.692 E.01533
G1 X36.936 Y34.5 E.01534
G1 X37.498 Y34.418 E.01533
G1 X38.065 Y34.448 E.01532
G1 X38.615 Y34.591 E.01534
G1 X39.126 Y34.84 E.01534
G1 X39.56 Y35.171 E.01473
G1 X39.952 Y35.613 E.01594
G1 X40.234 Y36.106 E.01533
G1 X40.412 Y36.645 E.01532
G1 X40.481 Y37.209 E.01533
G1 X40.436 Y37.776 E.01535
G1 X40.279 Y38.322 E.01533
G1 X40.018 Y38.827 E.01534
G1 X39.686 Y39.247 E.01445
G1 X39.292 Y39.589 E.01408
G1 X38.854 Y39.844 E.01368
G1 X38.32 Y40.036 E.01531
G1 X37.757 Y40.119 E.01536
G1 X37.19 Y40.088 E.01532
G1 X36.64 Y39.945 E.01534
G1 X36.129 Y39.696 E.01534
G1 X35.678 Y39.351 E.01532
G1 X35.585 Y39.245 E.00381
G1 X35.831 Y38.935 F9000
;TYPE:External perimeter
;WIDTH:0.419999
G1 F1800
G1 X35.585 Y38.637 E.00991
G1 X35.354 Y38.206 E.01255
G1 X35.214 Y37.738 E.01253
G1 X35.169 Y37.297 E.01137
G1 X35.199 Y36.882 E.01067
G1 X35.323 Y36.409 E.01254
G1 X35.522 Y35.997 E.01174
G1 X35.824 Y35.595 E.0129
G1 X36.203 Y35.263 E.01293
G1 X36.634 Y35.019 E.01271
G1 X37.099 Y34.866 E.01256
G1 X37.586 Y34.809 E.01258
G1 X38.074 Y34.85 E.01256
G1 X38.544 Y34.986 E.01255
G1 X38.978 Y35.213 E.01257
G1 X39.358 Y35.521 E.01255
G1 X39.689 Y35.933 E.01356
G1 X39.932 Y36.432 E.01424
G1 X40.042 Y36.8 E.00985
G1 X40.087 Y37.287 E.01255
G1 X40.034 Y37.774 E.01257
G1 X39.886 Y38.241 E.01257
G1 X39.594 Y38.736 E.01474
G1 X39.387 Y38.986 E.00833
G1 X38.987 Y39.311 E.01322
G1 X38.488 Y39.562 E.01433
G1 X38.066 Y39.681 E.01125
G1 X37.67 Y39.727 E.01023
G1 X37.182 Y39.686 E.01256
G1 X36.711 Y39.55 E.01258
G1 X36.277 Y39.323 E.01257
G1 X35.897 Y39.015 E.01255
G1 X35.869 Y38.981 E.00113
G1 E-3.5 F3600
;WIPE_START
G1 F7200
G1 X35.831 Y38.935 E-.02834
G1 X35.585 Y38.637 E-.18355
G1 X35.354 Y38.206 E-.23228
G1 X35.214 Y37.738 E-.23203
G1 X35.169 Y37.297 E-.21056
G1 X35.199 Y36.882 E-.19764
G1 X35.323 Y36.409 E-.23227
G1 X35.491 Y36.062 E-.18333
;WIPE_END
G1 X26.223 Y47.86 F9000
G1 E5 F2400
;TYPE:Perimeter
;WIDTH:0.439999
G1 F1800
G1 X26.51 Y48.183 E.01166
G1 X26.866 Y48.795 E.01911
G1 X27.094 Y49.466 E.01912
G1 X27.184 Y50.169 E.01913
G1 X27.102 Y51.025 E.0232
G1 X26.875 Y51.722 E.01978
G1 X26.522 Y52.337 E.01914
G1 X26.055 Y52.869 E.0191
G1 X25.492 Y53.299 E.01912
G1 X24.854 Y53.608 E.01913
G1 X24.168 Y53.785 E.01912
G1 X23.461 Y53.822 E.0191
G1 X22.76 Y53.718 E.01912
G1 X22.093 Y53.478 E.01913
G1 X21.488 Y53.11 E.01911
G1 X20.967 Y52.63 E.01912
G1 X20.552 Y52.056 E.01911
G1 X20.258 Y51.411 E.01913
G1 X20.08 Y50.471 E.02582
G1 X20.097 Y49.822 E.01752
G1 X20.252 Y49.145 E.01874
G1 X20.541 Y48.498 E.01912
G1 X20.953 Y47.922 E.01911
G1 X21.471 Y47.438 E.01913
G1 X22.075 Y47.067 E.01913
G1 X22.74 Y46.823 E.01911
G1 X23.44 Y46.715 E.01911
G1 X24.148 Y46.748 E.01913
G1 X24.835 Y46.921 E.01912
G1 X25.474 Y47.227 E.01912
G1 X26.04 Y47.653 E.01912
G1 X26.184 Y47.815 E.00585
G1 X25.929 Y48.133 F9000
G1 F1800
G1 X26.2 Y48.444 E.01113
G1 X26.51 Y48.989 E.01692
G1 X26.706 Y49.586 E.01696
G1 X26.78 Y50.21 E.01696
G1 X26.699 Y50.975 E.02076
G1 X26.494 Y51.583 E.01731
G1 X26.176 Y52.125 E.01696
G1 X25.758 Y52.593 E.01693
G1 X25.255 Y52.969 E.01695
G1 X24.687 Y53.238 E.01696
G1 X24.078 Y53.389 E.01693
G1 X23.451 Y53.416 E.01694
G1 X22.83 Y53.319 E.01696
G1 X22.242 Y53.1 E.01693
G1 X21.708 Y52.77 E.01694
G1 X21.25 Y52.339 E.01697
G1 X20.887 Y51.827 E.01694
G1 X20.632 Y51.253 E.01695
G1 X20.48 Y50.408 E.02317
G1 X20.502 Y49.848 E.01512
G1 X20.645 Y49.245 E.01672
G1 X20.907 Y48.674 E.01695
G1 X21.277 Y48.167 E.01694
G1 X21.74 Y47.742 E.01696
G1 X22.278 Y47.418 E.01695
G1 X22.869 Y47.207 E.01693
G1 X23.491 Y47.118 E.01696
G1 X24.117 Y47.153 E.01692
G1 X24.725 Y47.312 E.01696
G1 X25.289 Y47.588 E.01694
G1 X25.787 Y47.97 E.01694
G1 X25.889 Y48.088 E.00421
G1 X25.642 Y48.399 F9000
;TYPE:External perimeter
;WIDTH:0.419999
G1 F1800
G1 X25.897 Y48.698 E.01008
G1 X26.163 Y49.179 E.0141
G1 X26.328 Y49.703 E.01409
G1 X26.387 Y50.249 E.01409
G1 X26.307 Y50.926 E.01749
G1 X26.122 Y51.448 E.01421
G1 X25.839 Y51.919 E.0141
G1 X25.468 Y52.324 E.01409
G1 X25.024 Y52.648 E.0141
G1 X24.525 Y52.877 E.01409
G1 X23.99 Y53.003 E.0141
G1 X23.441 Y53.021 E.01409
G1 X22.899 Y52.929 E.0141
G1 X22.386 Y52.732 E.0141
G1 X21.922 Y52.437 E.01411
G1 X21.526 Y52.056 E.0141
G1 X21.214 Y51.604 E.01409
G1 X20.997 Y51.1 E.01408
G1 X20.871 Y50.346 E.01961
G1 X20.902 Y49.838 E.01306
G1 X21.028 Y49.342 E.01313
G1 X21.263 Y48.846 E.01408
G1 X21.592 Y48.405 E.01412
G1 X22.002 Y48.039 E.0141
G1 X22.475 Y47.761 E.01408
G1 X22.995 Y47.582 E.01411
G1 X23.54 Y47.51 E.0141
G1 X24.088 Y47.548 E.01409
G1 X24.618 Y47.693 E.0141
G1 X25.108 Y47.94 E.01408
G1 X25.54 Y48.28 E.0141
G1 X25.603 Y48.353 E.00247
G1 E-3.5 F3600
;WIPE_START
G1 F7200
G1 X25.642 Y48.399 E-.02865
G1 X25.897 Y48.698 E-.18666
G1 X26.163 Y49.179 E-.26108
G1 X26.328 Y49.703 E-.26095
G1 X26.387 Y50.249 E-.26086
G1 X26.307 Y50.926 E-.32381
G1 X26.182 Y51.279 E-.17799
;WIPE_END
G1 X23.892 Y27.799 F9000
G1 E5 F2400
;TYPE:Perimeter
;WIDTH:0.439999
G1 F1800
G1 X23.461 Y27.822 E.01165
G1 X22.76 Y27.718 E.01912
G1 X22.093 Y27.478 E.01913
G1 X21.488 Y27.11 E.01911
G1 X20.967 Y26.63 E.01912
G1 X20.552 Y26.056 E.01911
G1 X20.258 Y25.411 E.01913
G1 X20.08 Y24.471 E.02582
G1 X20.097 Y23.822 E.01752
G1 X20.252 Y23.145 E.01874
G1 X20.541 Y22.498 E.01912
G1 X20.953 Y21.922 E.01911
G1 X21.471 Y21.438 E.01913
G1 X22.075 Y21.067 E.01913
G1 X22.74 Y20.823 E.01911
G1 X23.44 Y20.715 E.01911
G1 X24.148 Y20.748 E.01913
G1 X24.835 Y20.921 E.01912
G1 X25.474 Y21.227 E.01912
G1 X26.04 Y21.653 E.01912
G1 X26.51 Y22.183 E.01912
G1 X26.866 Y22.795 E.01911
G1 X27.094 Y23.466 E.01912
G1 X27.184 Y24.169 E.01913
G1 X27.102 Y25.025 E.0232
G1 X26.875 Y25.722 E.01978
G1 X26.522 Y26.337 E.01914
G1 X26.055 Y26.869 E.0191
G1 X25.492 Y27.299 E.01912
G1 X24.854 Y27.608 E.01913
G1 X24.168 Y27.785 E.01912
G1 X23.952 Y27.796 E.00584
G1 X23.862 Y27.398 F9000
G1 F1800
G1 X23.451 Y27.416 E.0111
G1 X22.83 Y27.319 E.01696
G1 X22.242 Y27.1 E.01693
G1 X21.708 Y26.77 E.01694
G1 X21.25 Y26.339 E.01697
G1 X20.887 Y25.827 E.01694
G1 X20.632 Y25.253 E.01695
G1 X20.48 Y24.408 E.02317
G1 X20.502 Y23.848 E.01512
G1 X20.645 Y23.245 E.01672
G1 X20.907 Y22.674 E.01695
G1 X21.277 Y22.167 E.01694
G1 X21.74 Y21.742 E.01696
G1 X22.278 Y21.418 E.01695
G1 X22.869 Y21.207 E.01693
G1 X23.491 Y21.118 E.01696
G1 X24.117 Y21.153 E.01692
G1 X24.725 Y21.312 E.01696
G1 X25.289 Y21.588 E.01694
G1 X25.787 Y21.97 E.01694
G1 X26.2 Y22.444 E.01696
G1 X26.51 Y22.989 E.01692
G1 X26.706 Y23.586 E.01696
G1 X26.78 Y24.21 E.01696
G1 X26.699 Y24.975 E.02076
G1 X26.494 Y25.583 E.01731
G1 X26.176 Y26.125 E.01696
G1 X25.758 Y26.593 E.01693
G1 X25.255 Y26.969 E.01695
G1 X24.687 Y27.238 E.01696
G1 X24.078 Y27.389 E.01693
G1 X23.922 Y27.396 E.00421
G1 X23.833 Y27.008 F9000
;TYPE:External perimeter
;WIDTH:0.419999
G1 F1800
G1 X23.441 Y27.021 E.01006
G1 X22.899 Y26.929 E.0141
G1 X22.386 Y26.732 E.0141
G1 X21.922 Y26.437 E.01411
G1 X21.526 Y26.056 E.0141
G1 X21.214 Y25.604 E.01409
G1 X20.997 Y25.1 E.01408
G1 X20.871 Y24.346 E.01961
G1 X20.902 Y23.838 E.01306
G1 X21.028 Y23.342 E.01313
G1 X21.263 Y22.846 E.01408
G1 X21.592 Y22.405 E.01412
G1 X22.002 Y22.039 E.0141
G1 X22.475 Y21.761 E.01408
G1 X22.995 Y21.582 E.01411
G1 X23.54 Y21.51 E.0141
G1 X24.088 Y21.548 E.01409
G1 X24.618 Y21.693 E.0141
G1 X25.108 Y21.94 E.01408
G1 X25.54 Y22.28 E.0141
G1 X25.897 Y22.698 E.0141
G1 X26.163 Y23.179 E.0141
G1 X26.328 Y23.703 E.01409
G1 X26.387 Y24.249 E.01409
G1 X26.307 Y24.926 E.01749
G1 X26.122 Y25.448 E.01421
G1 X25.839 Y25.919 E.0141
G1 X25.468 Y26.324 E.01409
G1 X25.024 Y26.648 E.0141
G1 X24.525 Y26.877 E.01409
G1 X23.99 Y27.003 E.0141
G1 X23.893 Y27.006 E.00249
G1 E-3.5 F3600
;WIPE_START
G1 F7200
G1 X23.833 Y27.008 E-.02852
G1 X23.441 Y27.021 E-.1863
G1 X22.899 Y26.929 E-.26113
G1 X22.386 Y26.732 E-.26102
G1 X21.922 Y26.437 E-.26117
G1 X21.526 Y26.056 E-.26102
G1 X21.238 Y25.639 E-.24084
;WIPE_END
G1 X48.104 Y24.621 F9000
G1 E5 F2400
;TYPE:Perimeter
;WIDTH:0.439999
G1 F1800
G1 X48.08 Y24.471 E.0041
G1 X48.097 Y23.822 E.01752
G1 X48.252 Y23.145 E.01874
G1 X48.541 Y22.498 E.01912
G1 X48.953 Y21.922 E.01911
G1 X49.471 Y21.438 E.01913
G1 X50.075 Y21.067 E.01913
G1 X50.74 Y20.823 E.01911
G1 X51.44 Y20.715 E.01911
G1 X52.148 Y20.748 E.01913
G1 X52.835 Y20.921 E.01912
G1 X53.474 Y21.227 E.01912
G1 X54.027 Y21.643 E.01867
G1 X54.51 Y22.183 E.01955
G1 X54.866 Y22.795 E.01911
G1 X55.094 Y23.466 E.01912
G1 X55.184 Y24.169 E.01913
G1 X55.133 Y24.876 E.01913
G1 X54.943 Y25.558 E.0191
G1 X54.622 Y26.19 E.01913
G1 X54.072 Y26.851 E.0232
G1 X53.492 Y27.299 E.01978
G1 X52.854 Y27.608 E.01913
G1 X52.168 Y27.785 E.01912
G1 X51.461 Y27.822 E.0191
G1 X50.76 Y27.718 E.01912
G1 X50.093 Y27.478 E.01913
G1 X49.488 Y27.11 E.01911
G1 X48.983 Y26.645 E.01852
G1 X48.598 Y26.124 E.01748
G1 X48.315 Y25.546 E.01737
G1 X48.193 Y25.181 E.01039
G1 X48.113 Y24.68 E.01369
G1 X48.508 Y24.58 F9000
G1 F1800
G1 X48.48 Y24.408 E.0047
G1 X48.502 Y23.848 E.01512
G1 X48.645 Y23.245 E.01672
G1 X48.907 Y22.674 E.01695
G1 X49.277 Y22.167 E.01694
G1 X49.74 Y21.742 E.01696
G1 X50.278 Y21.418 E.01695
G1 X50.869 Y21.207 E.01693
G1 X51.491 Y21.118 E.01696
G1 X52.117 Y21.153 E.01692
G1 X52.725 Y21.312 E.01696
G1 X53.289 Y21.588 E.01694
G1 X53.774 Y21.96 E.01649
G1 X54.2 Y22.444 E.0174
G1 X54.51 Y22.989 E.01692
G1 X54.706 Y23.586 E.01696
G1 X54.78 Y24.209 E.01693
G1 X54.73 Y24.835 E.01695
G1 X54.556 Y25.439 E.01696
G1 X54.266 Y25.996 E.01695
G1 X53.768 Y26.582 E.02075
G1 X53.255 Y26.969 E.01734
G1 X52.687 Y27.238 E.01696
G1 X52.078 Y27.389 E.01693
G1 X51.451 Y27.416 E.01694
G1 X50.83 Y27.319 E.01696
G1 X50.242 Y27.1 E.01693
G1 X49.708 Y26.77 E.01694
G1 X49.266 Y26.355 E.01636
G1 X48.933 Y25.895 E.01532
G1 X48.689 Y25.388 E.01518
G1 X48.593 Y25.117 E.00776
G1 X48.517 Y24.64 E.01303
G1 X48.904 Y24.541 F9000
;TYPE:External perimeter
;WIDTH:0.419999
G1 F1800
G1 X48.871 Y24.346 E.00507
G1 X48.902 Y23.838 E.01306
G1 X49.028 Y23.342 E.01313
G1 X49.263 Y22.846 E.01408
G1 X49.592 Y22.406 E.01409
G1 X50.002 Y22.039 E.01412
G1 X50.475 Y21.761 E.01408
G1 X50.995 Y21.582 E.01411
G1 X51.54 Y21.51 E.0141
G1 X52.088 Y21.548 E.01409
G1 X52.618 Y21.693 E.0141
G1 X53.108 Y21.94 E.01408
G1 X53.527 Y22.269 E.01367
G1 X53.897 Y22.698 E.01453
G1 X54.163 Y23.179 E.0141
G1 X54.328 Y23.703 E.01409
G1 X54.387 Y24.249 E.01409
G1 X54.336 Y24.796 E.01409
G1 X54.178 Y25.322 E.01409
G1 X53.918 Y25.807 E.01412
G1 X53.471 Y26.32 E.01746
G1 X53.024 Y26.648 E.01422
G1 X52.525 Y26.877 E.01409
G1 X51.99 Y27.003 E.0141
G1 X51.441 Y27.021 E.01409
G1 X50.899 Y26.929 E.0141
G1 X50.384 Y26.731 E.01415
G1 X49.922 Y26.437 E.01405
G1 X49.542 Y26.072 E.01352
G1 X49.214 Y25.604 E.01466
G1 X48.997 Y25.1 E.01408
G1 X48.914 Y24.6 E.013
G1 E-3.5 F3600
;WIPE_START
G1 F7200
G1 X48.904 Y24.541 E-.02842
G1 X48.871 Y24.346 E-.09394
G1 X48.902 Y23.838 E-.24175
G1 X49.028 Y23.342 E-.24308
G1 X49.263 Y22.846 E-.26071
G1 X49.592 Y22.406 E-.26097
G1 X50.002 Y22.039 E-.26137
G1 X50.201 Y21.922 E-.10976
;WIPE_END
G1 X51.187 Y46.754 F9000
G1 E5 F2400
;TYPE:Perimeter
;WIDTH:0.439999
G1 F1800
G1 X51.44 Y46.715 E.00691
G1 X52.148 Y46.748 E.01913
G1 X52.835 Y46.921 E.01912
G1 X53.474 Y47.227 E.01912
G1 X54.04 Y47.653 E.01912
G1 X54.51 Y48.183 E.01912
G1 X54.866 Y48.795 E.01911
G1 X55.094 Y49.466 E.01912
G1 X55.184 Y50.169 E.01913
G1 X55.133 Y50.876 E.01913
G1 X54.943 Y51.558 E.0191
G1 X54.622 Y52.19 E.01913
G1 X54.072 Y52.851 E.0232
G1 X53.492 Y53.299 E.01978
G1 X52.854 Y53.608 E.01913
G1 X52.168 Y53.785 E.01912
G1 X51.461 Y53.822 E.0191
G1 X50.76 Y53.718 E.01912
G1 X50.093 Y53.478 E.01913
G1 X49.488 Y53.11 E.01911
G1 X48.967 Y52.63 E.01912
G1 X48.552 Y52.056 E.01911
G1 X48.258 Y51.411 E.01913
G1 X48.08 Y50.471 E.02582
G1 X48.097 Y49.822 E.01752
G1 X48.252 Y49.145 E.01874
G1 X48.541 Y48.498 E.01912
G1 X48.9 Y47.993 E.01672
G1 X49.155 Y47.717 E.01014
G1 X49.571 Y47.361 E.01478
G1 X50.075 Y47.067 E.01575
G1 X50.74 Y46.823 E.01911
G1 X51.128 Y46.763 E.01059
G1 X51.238 Y47.154 F9000
G1 F1800
G1 X51.491 Y47.118 E.0069
G1 X52.117 Y47.153 E.01692
G1 X52.725 Y47.312 E.01696
G1 X53.289 Y47.588 E.01694
G1 X53.787 Y47.97 E.01694
G1 X54.2 Y48.444 E.01696
G1 X54.51 Y48.989 E.01692
G1 X54.706 Y49.586 E.01696
G1 X54.78 Y50.209 E.01693
G1 X54.73 Y50.835 E.01695
G1 X54.556 Y51.439 E.01696
G1 X54.266 Y51.996 E.01695
G1 X53.768 Y52.582 E.02075
G1 X53.255 Y52.969 E.01734
G1 X52.687 Y53.238 E.01696
G1 X52.078 Y53.389 E.01693
G1 X51.451 Y53.416 E.01694
G1 X50.83 Y53.319 E.01696
G1 X50.242 Y53.1 E.01693
G1 X49.708 Y52.77 E.01694
G1 X49.25 Y52.339 E.01697
G1 X48.887 Y51.827 E.01694
G1 X48.632 Y51.253 E.01695
G1 X48.48 Y50.408 E.02317
G1 X48.502 Y49.848 E.01512
G1 X48.645 Y49.245 E.01672
G1 X48.907 Y48.674 E.01695
G1 X49.223 Y48.237 E.01455
G1 X49.74 Y47.742 E.01931
G1 X50.278 Y47.418 E.01695
G1 X50.869 Y47.207 E.01693
G1 X51.178 Y47.163 E.00842
G1 X51.286 Y47.544 F9000
;TYPE:External perimeter
;WIDTH:0.419999
G1 F1800
G1 X51.54 Y47.51 E.00657
G1 X52.088 Y47.548 E.01409
G1 X52.618 Y47.693 E.0141
G1 X53.108 Y47.94 E.01408
G1 X53.54 Y48.28 E.0141
G1 X53.897 Y48.698 E.0141
G1 X54.163 Y49.179 E.0141
G1 X54.328 Y49.703 E.01409
G1 X54.387 Y50.249 E.01409
G1 X54.336 Y50.796 E.01409
G1 X54.178 Y51.322 E.01409
G1 X53.918 Y51.807 E.01412
G1 X53.471 Y52.32 E.01746
G1 X53.024 Y52.648 E.01422
G1 X52.525 Y52.877 E.01409
G1 X51.99 Y53.003 E.0141
G1 X51.441 Y53.021 E.01409
G1 X50.899 Y52.929 E.0141
G1 X50.386 Y52.732 E.0141
G1 X49.922 Y52.437 E.01411
G1 X49.526 Y52.056 E.0141
G1 X49.214 Y51.604 E.01409
G1 X48.997 Y51.1 E.01408
G1 X48.871 Y50.346 E.01961
G1 X48.897 Y49.873 E.01215
G1 X49.028 Y49.342 E.01403
G1 X49.263 Y48.846 E.01408
G1 X49.592 Y48.406 E.01409
G1 X50.002 Y48.039 E.01412
G1 X50.475 Y47.761 E.01408
G1 X50.995 Y47.582 E.01411
G1 X51.227 Y47.552 E.006
G1 E-3.5 F3600
;WIPE_START
G1 F7200
G1 X51.286 Y47.544 E-.02828
G1 X51.54 Y47.51 E-.12173
G1 X52.088 Y47.548 E-.26093
G1 X52.618 Y47.693 E-.261
G1 X53.108 Y47.94 E-.26065
G1 X53.54 Y48.28 E-.26113
G1 X53.897 Y48.698 E-.26111
G1 X53.943 Y48.781 E-.04517
;WIPE_END
G1 X57.116 Y60.257 F9000
G1 E5 F2400
;TYPE:Perimeter
;WIDTH:0.439999
G1 F3600
G1 X18.139 Y60.257 E1.05179
G1 X18.139 Y18.279 E1.13277
G1 X19.748 Y18.279 E.04342
G1 X20.046 Y18.195 E.00835
G1 X20.359 Y17.977 E.01029
G1 X20.563 Y17.667 E.01001
G1 X20.639 Y17.285 E.01051
G1 X20.639 Y15.279 E.05413
G1 X54.616 Y15.279 E.91686
G1 X54.616 Y17.285 E.05413
G1 X54.694 Y17.67 E.0106
G1 X54.898 Y17.979 E.00999
G1 X55.214 Y18.197 E.01036
G1 X55.611 Y18.279 E.01094
G1 X57.116 Y18.279 E.04061
G1 X57.116 Y60.197 E1.13115
G1 X57.522 Y60.662 F9000
G1 F3600
G1 X17.733 Y60.662 E1.0737
G1 X17.733 Y17.874 E1.15463
G1 X19.711 Y17.874 E.05338
G1 X19.978 Y17.77 E.00773
G1 X20.164 Y17.562 E.00753
G1 X20.233 Y17.285 E.0077
G1 X20.233 Y14.874 E.06506
G1 X55.022 Y14.874 E.93877
G1 X55.022 Y17.375 E.06749
G1 X55.151 Y17.653 E.00827
G1 X55.323 Y17.798 E.00607
G1 X55.611 Y17.874 E.00804
G1 X57.522 Y17.874 E.05157
G1 X57.522 Y60.602 E1.15301
G1 X57.918 Y61.058 F9000
;TYPE:External perimeter
;WIDTH:0.419999
G1 F1800
G1 X17.338 Y61.058 E1.04106
G1 X17.338 Y17.478 E1.11802
G1 X19.645 Y17.478 E.05918
G1 X19.769 Y17.432 E.00339
G1 X19.838 Y17.285 E.00417
G1 X19.838 Y14.478 E.07201
G1 X55.418 Y14.478 E.91278
G1 X55.418 Y17.285 E.07201
G1 X55.46 Y17.406 E.00329
G1 X55.611 Y17.478 E.00429
G1 X57.918 Y17.478 E.05918
G1 X57.918 Y60.998 E1.11648
G1 E-3.5 F3600
;WIPE_START
G1 F7200
G1 X57.918 Y61.058 E-.0285
G1 X54.82 Y61.058 E-1.4715
;WIPE_END
G1 X54.892 Y48.191 F9000
G1 E5 F2400
;TYPE:Internal infill
;WIDTH:0.44
G1 F3600
G1 X55.143 Y48.651 E.01414
G1 X55.394 Y49.379 E.02078
G1 X55.495 Y50.143 E.0208
G1 X55.483 Y50.51 E.00991
G1 X56.804 Y49.189 E.05041
G1 X56.804 Y49.295 E.00286
G1 X23.101 Y15.592 E1.28619
G1 X21.558 Y15.592 E.04164
G1 X20.951 Y16.198 E.02315
G1 X20.927 Y17.539 E.03619
G1 X20.799 Y17.899 E.01031
G1 X20.584 Y18.195 E.00987
G1 X20.3 Y18.416 E.00971
G1 X19.823 Y18.58 E.01361
G1 X18.559 Y18.59 E.03411
G1 X18.451 Y18.698 E.00412
G1 X18.451 Y18.592 E.00286
G1 X21.16 Y21.301 E.10338
G1 X21.365 Y21.123 E.00733
G1 X22.036 Y20.736 E.0209
G1 X22.771 Y20.49 E.02092
G1 X23.471 Y20.398 E.01905
G1 X24.334 Y20.465 E.02336
G1 X29.207 Y15.592 E.18597
G1 X30.75 Y15.592 E.04164
G1 X56.804 Y41.646 E.99428
G1 X56.804 Y41.54 E.00286
G1 X51.925 Y46.419 E.18619
G1 X51.406 Y46.405 E.01401
G1 X50.755 Y46.493 E.01773
G1 X49.992 Y46.757 E.02179
G1 X49.605 Y46.986 E.01213
G1 E-3.5
;WIPE_START
G1 F7200
G1 X49.992 Y46.757 E-.2136
G1 X50.755 Y46.493 E-.38351
G1 X51.406 Y46.405 E-.31204
G1 X51.925 Y46.419 E-.24661
G1 X52.437 Y45.907 E-.34424
;WIPE_END
G1 X54.284 Y27.079 F9000
G1 E5 F2400
G1 F3600
G1 X54.893 Y26.345 E.02574
G1 X55.24 Y25.655 E.02084
G1 X55.434 Y24.977 E.01903
G1 X56.804 Y26.347 E.05228
G1 X56.804 Y26.241 E.00286
G1 X23.101 Y59.944 E1.28619
G1 X21.558 Y59.944 E.04164
G1 X18.451 Y56.838 E.11855
G1 X18.451 Y56.944 E.00286
G1 X21.746 Y53.649 E.12574
G1 X22.515 Y53.978 E.02257
G1 X23.394 Y54.131 E.02408
G1 X29.207 Y59.944 E.22184
G1 X30.75 Y59.944 E.04164
G1 X56.804 Y33.89 E.99428
G1 X56.804 Y33.997 E.00289
G1 X50.852 Y28.044 E.22716
G1 X51.331 Y28.131 E.01314
G1 X51.984 Y28.121 E.01762
G1 X52.741 Y27.974 E.02081
G1 X53.226 Y27.783 E.01407
G1 E-3.5
;WIPE_START
G1 F7200
G1 X52.741 Y27.974 E-.2476
G1 X51.984 Y28.121 E-.36629
G1 X51.331 Y28.131 E-.31021
G1 X50.852 Y28.044 E-.23125
G1 X51.365 Y28.557 E-.34465
;WIPE_END
G1 X36.908 Y33.772 F9000
G1 E5 F2400
G1 F3600
G1 X36.14 Y34.018 E.02176
G1 X35.516 Y34.385 E.01953
G1 X34.873 Y35.013 E.02425
G1 X26.599 Y26.74 E.31574
G1 X27.094 Y25.996 E.02411
G1 X27.416 Y25.032 E.02743
G1 X36.856 Y15.592 E.36025
G1 X38.399 Y15.592 E.04164
G1 X47.866 Y25.059 E.36128
G1 X47.927 Y25.415 E.00975
G1 X48.227 Y26.125 E.0208
G1 X48.651 Y26.745 E.02027
G1 X40.38 Y35.016 E.31564
G1 X40.584 Y35.259 E.00856
G1 X40.926 Y35.891 E.01939
G1 X41.132 Y36.562 E.01894
G1 X41.202 Y37.268 E.01914
G1 X41.127 Y37.995 E.01972
G1 X40.94 Y38.61 E.01735
G1 X40.606 Y39.243 E.01931
G1 X40.204 Y39.744 E.01733
G1 X39.883 Y40.023 E.01148
G1 X48.252 Y48.393 E.3194
G1 X47.989 Y48.937 E.01631
G1 X47.798 Y49.683 E.02078
G1 X47.782 Y50.561 E.0237
G1 X38.399 Y59.944 E.35808
G1 X36.856 Y59.944 E.04164
G1 X27.475 Y50.563 E.358
G1 X27.498 Y50.175 E.01049
G1 X27.426 Y49.503 E.01824
G1 X27.175 Y48.713 E.02237
G1 X26.998 Y48.398 E.00975
G1 X35.373 Y40.023 E.31961
G1 X34.696 Y39.312 E.02649
G1 X34.344 Y38.68 E.01952
G1 X34.127 Y37.988 E.01957
G1 E-3.5
;WIPE_START
G1 F7200
G1 X34.344 Y38.68 E-.34448
G1 X34.696 Y39.312 E-.34362
G1 X35.373 Y40.023 E-.46634
G1 X34.859 Y40.537 E-.34556
;WIPE_END
G1 X22.02 Y27.785 F9000
G1 E5 F2400
G1 F3600
G1 X22.7 Y28.025 E.01946
G1 X23.214 Y28.116 E.01409
G1 X23.985 Y28.121 E.02081
G1 X24.396 Y28.051 E.01125
G1 X18.451 Y33.997 E.22689
G1 X18.451 Y33.89 E.00289
G1 X44.505 Y59.944 E.99428
G1 X46.048 Y59.944 E.04164
G1 X51.869 Y54.124 E.22212
G1 X52.834 Y53.949 E.02647
G1 X53.508 Y53.648 E.01992
G1 X56.804 Y56.944 E.12578
G1 X56.804 Y56.838 E.00286
G1 X53.698 Y59.944 E.11853
G1 X52.155 Y59.944 E.04164
G1 X18.451 Y26.241 E1.2862
G1 X18.451 Y26.347 E.00286
G1 X19.845 Y24.953 E.0532
G1 X19.755 Y24.32 E.01725
G1 X19.786 Y23.797 E.01414
G1 X19.951 Y23.062 E.02033
G1 X20.152 Y22.587 E.01392
G1 E-3.5
;WIPE_START
G1 F7200
G1 X19.951 Y23.062 E-.24499
G1 X19.786 Y23.797 E-.35781
G1 X19.755 Y24.32 E-.24886
G1 X19.845 Y24.953 E-.3037
G1 X19.332 Y25.466 E-.34464
;WIPE_END
G1 X21.118 Y47.333 F9000
G1 E5 F2400
G1 F3600
G1 X21.471 Y47.055 E.01212
G1 X22.151 Y46.691 E.02081
G1 X22.646 Y46.525 E.01409
G1 X23.326 Y46.415 E.01859
G1 X18.451 Y41.54 E.18604
G1 X18.451 Y41.646 E.00286
G1 X44.505 Y15.592 E.99428
G1 X46.048 Y15.592 E.04164
G1 X50.923 Y20.466 E.18602
G1 X51.656 Y20.398 E.01986
G1 X52.294 Y20.452 E.01728
G1 X53.041 Y20.661 E.02093
G1 X53.73 Y21.014 E.02089
G1 X54.096 Y21.3 E.01253
G1 X56.804 Y18.592 E.10334
G1 X56.804 Y18.698 E.00286
G1 X56.696 Y18.59 E.00412
G1 X55.434 Y18.58 E.03406
G1 X54.971 Y18.425 E.01318
G1 X54.588 Y18.1 E.01355
G1 X54.328 Y17.538 E.01671
G1 X54.304 Y16.198 E.03617
G1 X53.698 Y15.592 E.02313
G1 X52.155 Y15.592 E.04164
G1 X18.451 Y49.295 E1.2862
G1 X18.451 Y49.189 E.00286
G1 X19.783 Y50.521 E.05083
G1 X19.968 Y51.527 E.0276
G1 X20.291 Y52.227 E.0208
G1 X20.659 Y52.747 E.01719
;LAYER_CHANGE
;Z:3.4
;HEIGHT:0.16
;BEFORE_LAYER_CHANGE
G92 E0
;3.4


G1 E-3.5 F3600
;WIPE_START
G1 F7200
G1 X20.291 Y52.227 E-.3026
G1 X19.968 Y51.527 E-.36619
G1 X19.783 Y50.521 E-.48586
G1 X19.269 Y50.007 E-.34535
;WIPE_END
G1 Z3.4 F9000
;AFTER_LAYER_CHANGE
;3.4
G1 X35.251 Y39.473
G1 E5 F2400
;TYPE:Perimeter
;WIDTH:0.439999
G1 F1800
G1 X34.993 Y39.184 E.01045
G1 X34.665 Y38.624 E.01751
G1 X34.455 Y38.01 E.01751
G1 X34.373 Y37.412 E.01629
G1 X34.394 Y36.866 E.01474
G1 X34.534 Y36.247 E.01713
G1 X34.797 Y35.654 E.01751
G1 X35.134 Y35.177 E.01576
G1 X35.646 Y34.682 E.01922
G1 X36.198 Y34.34 E.01752
G1 X36.807 Y34.115 E.01752
G1 X37.448 Y34.015 E.01751
G1 X37.981 Y34.035 E.01439
G1 X38.291 Y34.078 E.00845
G1 X38.807 Y34.227 E.01449
G1 X39.311 Y34.479 E.01521
G1 X39.813 Y34.854 E.01691
G1 X40.263 Y35.352 E.01811
G1 X40.59 Y35.912 E.0175
G1 X40.8 Y36.526 E.01751
G1 X40.884 Y37.169 E.0175
G1 X40.839 Y37.816 E.0175
G1 X40.667 Y38.442 E.01752
G1 X40.374 Y39.021 E.01751
G1 X40.034 Y39.465 E.01509
G1 X39.604 Y39.859 E.01574
G1 X39.057 Y40.196 E.01734
G1 X38.449 Y40.421 E.01749
G1 X37.808 Y40.521 E.01751
G1 X37.16 Y40.492 E.0175
G1 X36.53 Y40.336 E.01751
G1 X35.944 Y40.057 E.01751
G1 X35.425 Y39.668 E.0175
G1 X35.291 Y39.518 E.00543
G1 X35.545 Y39.2 F9000
G1 F1800
G1 X35.304 Y38.924 E.00989
G1 X35.022 Y38.43 E.01535
G1 X34.843 Y37.891 E.01533
G1 X34.776 Y37.369 E.0142
G1 X34.803 Y36.849 E.01405
G1 X34.927 Y36.347 E.01395
G1 X35.163 Y35.831 E.01531
G1 X35.458 Y35.422 E.01361
G1 X35.915 Y34.986 E.01704
G1 X36.401 Y34.692 E.01533
G1 X36.936 Y34.5 E.01534
G1 X37.498 Y34.418 E.01533
G1 X38.065 Y34.448 E.01532
G1 X38.615 Y34.591 E.01534
G1 X39.126 Y34.84 E.01534
G1 X39.56 Y35.171 E.01473
G1 X39.952 Y35.613 E.01594
G1 X40.234 Y36.106 E.01533
G1 X40.412 Y36.645 E.01532
G1 X40.481 Y37.209 E.01533
G1 X40.436 Y37.776 E.01535
G1 X40.279 Y38.322 E.01533
G1 X40.018 Y38.827 E.01534
G1 X39.688 Y39.244 E.01435
G1 X39.292 Y39.589 E.01417
G1 X38.854 Y39.844 E.01368
G1 X38.32 Y40.036 E.01531
G1 X37.757 Y40.119 E.01536
G1 X37.19 Y40.088 E.01532
G1 X36.64 Y39.945 E.01534
G1 X36.129 Y39.696 E.01534
G1 X35.678 Y39.351 E.01532
G1 X35.585 Y39.245 E.00381
G1 X35.831 Y38.935 F9000
;TYPE:External perimeter
;WIDTH:0.419999
G1 F1800
G1 X35.585 Y38.637 E.00991
G1 X35.354 Y38.206 E.01255
G1 X35.214 Y37.738 E.01253
G1 X35.169 Y37.294 E.01145
G1 X35.199 Y36.882 E.0106
G1 X35.323 Y36.409 E.01254
G1 X35.539 Y35.969 E.01257
G1 X35.838 Y35.581 E.01257
G1 X36.275 Y35.221 E.01453
G1 X36.735 Y34.984 E.01328
G1 X37.218 Y34.851 E.01285
G1 X37.586 Y34.809 E.0095
G1 X38.074 Y34.85 E.01256
G1 X38.544 Y34.986 E.01255
G1 X38.978 Y35.213 E.01257
G1 X39.358 Y35.521 E.01255
G1 X39.689 Y35.933 E.01356
G1 X39.932 Y36.432 E.01424
G1 X40.042 Y36.8 E.00985
G1 X40.087 Y37.287 E.01255
G1 X40.034 Y37.774 E.01257
G1 X39.886 Y38.241 E.01257
G1 X39.59 Y38.741 E.01491
G1 X39.39 Y38.983 E.00805
G1 X38.987 Y39.311 E.01333
G1 X38.488 Y39.562 E.01433
G1 X38.074 Y39.68 E.01104
G1 X37.67 Y39.727 E.01043
G1 X37.182 Y39.686 E.01256
G1 X36.747 Y39.564 E.01159
G1 X36.3 Y39.339 E.01284
G1 X35.906 Y39.025 E.01293
G1 X35.869 Y38.981 E.00147
G1 E-3.5 F3600
;WIPE_START
G1 F7200
G1 X35.831 Y38.935 E-.02834
G1 X35.585 Y38.637 E-.18355
G1 X35.354 Y38.206 E-.23228
G1 X35.214 Y37.738 E-.23203
G1 X35.169 Y37.294 E-.21198
G1 X35.199 Y36.882 E-.19622
G1 X35.323 Y36.409 E-.23227
G1 X35.493 Y36.063 E-.18333
;WIPE_END
G1 X48.692 Y48.267 F9000
G1 E5 F2400
;TYPE:Perimeter
;WIDTH:0.439999
G1 F1800
G1 X48.953 Y47.922 E.01167
G1 X49.471 Y47.438 E.01913
G1 X50.075 Y47.067 E.01913
G1 X50.74 Y46.823 E.01911
G1 X51.44 Y46.715 E.01911
G1 X52.148 Y46.748 E.01913
G1 X52.835 Y46.921 E.01912
G1 X53.474 Y47.227 E.01912
G1 X54.04 Y47.653 E.01912
G1 X54.51 Y48.183 E.01912
G1 X54.866 Y48.795 E.01911
G1 X55.094 Y49.466 E.01912
G1 X55.184 Y50.169 E.01913
G1 X55.133 Y50.876 E.01913
G1 X54.943 Y51.558 E.0191
G1 X54.622 Y52.19 E.01913
G1 X54.072 Y52.851 E.0232
G1 X53.492 Y53.299 E.01978
G1 X52.854 Y53.608 E.01913
G1 X52.168 Y53.785 E.01912
G1 X51.461 Y53.822 E.0191
G1 X50.76 Y53.718 E.01912
G1 X50.093 Y53.478 E.01913
G1 X49.488 Y53.11 E.01911
G1 X48.967 Y52.63 E.01912
G1 X48.552 Y52.056 E.01911
G1 X48.258 Y51.411 E.01913
G1 X48.08 Y50.467 E.02592
G1 X48.097 Y49.821 E.01744
G1 X48.252 Y49.145 E.01872
G1 X48.645 Y48.329 E.02444
G1 X48.656 Y48.314 E.0005
G1 X49.028 Y48.495 F9000
G1 F1800
G1 X49.307 Y48.13 E.0124
G1 X49.74 Y47.742 E.01569
G1 X50.278 Y47.418 E.01695
G1 X50.869 Y47.207 E.01693
G1 X51.491 Y47.118 E.01696
G1 X52.117 Y47.153 E.01692
G1 X52.725 Y47.312 E.01696
G1 X53.289 Y47.588 E.01694
G1 X53.787 Y47.97 E.01694
G1 X54.2 Y48.444 E.01696
G1 X54.51 Y48.989 E.01692
G1 X54.706 Y49.586 E.01696
G1 X54.78 Y50.209 E.01693
G1 X54.73 Y50.835 E.01695
G1 X54.556 Y51.439 E.01696
G1 X54.266 Y51.996 E.01695
G1 X53.768 Y52.582 E.02075
G1 X53.255 Y52.969 E.01734
G1 X52.687 Y53.238 E.01696
G1 X52.078 Y53.389 E.01693
G1 X51.451 Y53.416 E.01694
G1 X50.83 Y53.319 E.01696
G1 X50.242 Y53.1 E.01693
G1 X49.708 Y52.77 E.01694
G1 X49.25 Y52.339 E.01697
G1 X48.887 Y51.827 E.01694
G1 X48.632 Y51.253 E.01695
G1 X48.48 Y50.403 E.0233
G1 X48.502 Y49.848 E.01499
G1 X48.645 Y49.245 E.01672
G1 X48.979 Y48.56 E.02056
G1 X48.992 Y48.543 E.00058
G1 X49.355 Y48.719 F9000
;TYPE:External perimeter
;WIDTH:0.419999
G1 F1800
G1 X49.602 Y48.394 E.01047
G1 X50.002 Y48.039 E.01372
G1 X50.475 Y47.761 E.01408
G1 X50.995 Y47.582 E.01411
G1 X51.54 Y47.51 E.0141
G1 X52.088 Y47.548 E.01409
G1 X52.618 Y47.693 E.0141
G1 X53.108 Y47.94 E.01408
G1 X53.54 Y48.28 E.0141
G1 X53.897 Y48.698 E.0141
G1 X54.163 Y49.179 E.0141
G1 X54.328 Y49.703 E.01409
G1 X54.387 Y50.249 E.01409
G1 X54.336 Y50.796 E.01409
G1 X54.178 Y51.322 E.01409
G1 X53.918 Y51.807 E.01412
G1 X53.471 Y52.32 E.01746
G1 X53.024 Y52.648 E.01422
G1 X52.525 Y52.877 E.01409
G1 X51.99 Y53.003 E.0141
G1 X51.441 Y53.021 E.01409
G1 X50.899 Y52.929 E.0141
G1 X50.386 Y52.732 E.0141
G1 X49.922 Y52.437 E.01411
G1 X49.526 Y52.056 E.0141
G1 X49.214 Y51.604 E.01409
G1 X48.997 Y51.1 E.01408
G1 X48.871 Y50.341 E.01974
G1 X48.902 Y49.838 E.01293
G1 X49.029 Y49.339 E.01321
G1 X49.294 Y48.799 E.01543
G1 X49.319 Y48.766 E.00106
G1 E-3.5 F3600
;WIPE_START
G1 F7200
G1 X49.355 Y48.719 E-.02812
G1 X49.602 Y48.394 E-.1939
G1 X50.002 Y48.039 E-.25404
G1 X50.475 Y47.761 E-.26061
G1 X50.995 Y47.582 E-.26122
G1 X51.54 Y47.51 E-.26112
G1 X52.046 Y47.545 E-.24099
;WIPE_END
G1 X51.362 Y27.807 F9000
G1 E5 F2400
;TYPE:Perimeter
;WIDTH:0.439999
G1 F1800
G1 X50.76 Y27.718 E.01642
G1 X50.093 Y27.478 E.01913
G1 X49.488 Y27.11 E.01911
G1 X48.983 Y26.645 E.01852
G1 X48.598 Y26.124 E.01748
G1 X48.315 Y25.546 E.01737
G1 X48.193 Y25.18 E.01041
G1 X48.08 Y24.467 E.01948
G1 X48.097 Y23.821 E.01744
G1 X48.252 Y23.145 E.01872
G1 X48.541 Y22.498 E.01912
G1 X48.953 Y21.922 E.01911
G1 X49.471 Y21.438 E.01913
G1 X50.075 Y21.067 E.01913
G1 X50.74 Y20.823 E.01911
G1 X51.44 Y20.715 E.01911
G1 X52.148 Y20.748 E.01913
G1 X52.835 Y20.921 E.01912
G1 X53.474 Y21.227 E.01912
G1 X54.027 Y21.643 E.01867
G1 X54.51 Y22.183 E.01955
G1 X54.866 Y22.795 E.01911
G1 X55.094 Y23.466 E.01912
G1 X55.184 Y24.169 E.01913
G1 X55.133 Y24.876 E.01913
G1 X54.943 Y25.558 E.0191
G1 X54.622 Y26.19 E.01913
G1 X54.072 Y26.851 E.0232
G1 X53.492 Y27.299 E.01978
G1 X52.854 Y27.608 E.01913
G1 X52.168 Y27.785 E.01912
G1 X51.461 Y27.822 E.0191
G1 X51.422 Y27.816 E.00106
G1 X51.392 Y27.407 F9000
G1 F1800
G1 X50.83 Y27.319 E.01535
G1 X50.242 Y27.1 E.01693
G1 X49.708 Y26.77 E.01694
G1 X49.266 Y26.355 E.01636
G1 X48.933 Y25.895 E.01532
G1 X48.689 Y25.388 E.01518
G1 X48.593 Y25.117 E.00776
G1 X48.48 Y24.403 E.01951
G1 X48.502 Y23.848 E.01499
G1 X48.645 Y23.245 E.01672
G1 X48.907 Y22.674 E.01695
G1 X49.277 Y22.167 E.01694
G1 X49.74 Y21.742 E.01696
G1 X50.278 Y21.418 E.01695
G1 X50.869 Y21.207 E.01693
G1 X51.491 Y21.118 E.01696
G1 X52.117 Y21.153 E.01692
G1 X52.725 Y21.312 E.01696
G1 X53.289 Y21.588 E.01694
G1 X53.774 Y21.96 E.01649
G1 X54.2 Y22.444 E.0174
G1 X54.51 Y22.989 E.01692
G1 X54.706 Y23.586 E.01696
G1 X54.78 Y24.209 E.01693
G1 X54.73 Y24.835 E.01695
G1 X54.556 Y25.439 E.01696
G1 X54.266 Y25.996 E.01695
G1 X53.768 Y26.582 E.02075
G1 X53.255 Y26.969 E.01734
G1 X52.687 Y27.238 E.01696
G1 X52.078 Y27.389 E.01693
G1 X51.452 Y27.416 E.01691
G1 X51.422 Y27.018 F9000
;TYPE:External perimeter
;WIDTH:0.419999
G1 F1800
G1 X50.899 Y26.929 E.01361
G1 X50.386 Y26.732 E.0141
G1 X49.922 Y26.437 E.01411
G1 X49.542 Y26.072 E.01352
G1 X49.214 Y25.604 E.01466
G1 X48.997 Y25.1 E.01408
G1 X48.871 Y24.341 E.01974
G1 X48.902 Y23.838 E.01293
G1 X49.028 Y23.342 E.01313
G1 X49.263 Y22.846 E.01408
G1 X49.592 Y22.405 E.01412
G1 X50.002 Y22.039 E.0141
G1 X50.475 Y21.761 E.01408
G1 X50.995 Y21.582 E.01411
G1 X51.54 Y21.51 E.0141
G1 X52.088 Y21.548 E.01409
G1 X52.618 Y21.693 E.0141
G1 X53.108 Y21.94 E.01408
G1 X53.527 Y22.269 E.01367
G1 X53.897 Y22.698 E.01453
G1 X54.163 Y23.179 E.0141
G1 X54.328 Y23.703 E.01409
G1 X54.387 Y24.249 E.01409
G1 X54.336 Y24.796 E.01409
G1 X54.178 Y25.322 E.01409
G1 X53.918 Y25.807 E.01412
G1 X53.471 Y26.32 E.01746
G1 X53.024 Y26.648 E.01422
G1 X52.525 Y26.877 E.01409
G1 X51.99 Y27.003 E.0141
G1 X51.481 Y27.02 E.01307
G1 E-3.5 F3600
;WIPE_START
G1 F7200
G1 X51.422 Y27.018 E-.02804
G1 X50.899 Y26.929 E-.252
G1 X50.386 Y26.732 E-.26102
G1 X49.922 Y26.437 E-.26117
G1 X49.542 Y26.072 E-.25028
G1 X49.214 Y25.604 E-.27146
G1 X49.067 Y25.263 E-.17603
;WIPE_END
G1 X27.152 Y24.621 F9000
G1 E5 F2400
;TYPE:Perimeter
;WIDTH:0.439999
G1 F1800
G1 X27.133 Y24.876 E.0069
G1 X26.943 Y25.558 E.0191
G1 X26.622 Y26.19 E.01913
G1 X26.072 Y26.851 E.0232
G1 X25.492 Y27.299 E.01978
G1 X24.854 Y27.608 E.01913
G1 X24.168 Y27.785 E.01912
G1 X23.461 Y27.822 E.0191
G1 X22.76 Y27.718 E.01912
G1 X22.093 Y27.478 E.01913
G1 X21.488 Y27.11 E.01911
G1 X20.967 Y26.63 E.01912
G1 X20.552 Y26.056 E.01911
G1 X20.258 Y25.411 E.01913
G1 X20.099 Y24.721 E.01911
G1 X20.079 Y24.012 E.01914
G1 X20.2 Y23.314 E.01912
G1 X20.457 Y22.654 E.01911
G1 X20.974 Y21.903 E.0246
G1 X21.476 Y21.434 E.01854
G1 X22.075 Y21.067 E.01896
G1 X22.74 Y20.823 E.01911
G1 X23.44 Y20.715 E.01911
G1 X24.148 Y20.748 E.01913
G1 X24.835 Y20.921 E.01912
G1 X25.474 Y21.227 E.01912
G1 X26.04 Y21.653 E.01912
G1 X26.51 Y22.183 E.01912
G1 X26.866 Y22.795 E.01911
G1 X27.094 Y23.466 E.01912
G1 X27.184 Y24.169 E.01913
G1 X27.156 Y24.561 E.0106
G1 X26.75 Y24.581 F9000
G1 F1800
G1 X26.73 Y24.835 E.00688
G1 X26.556 Y25.439 E.01696
G1 X26.266 Y25.996 E.01695
G1 X25.768 Y26.582 E.02075
G1 X25.255 Y26.969 E.01734
G1 X24.687 Y27.238 E.01696
G1 X24.078 Y27.389 E.01693
G1 X23.451 Y27.416 E.01694
G1 X22.83 Y27.319 E.01696
G1 X22.242 Y27.1 E.01693
G1 X21.708 Y26.77 E.01694
G1 X21.25 Y26.339 E.01697
G1 X20.887 Y25.827 E.01694
G1 X20.632 Y25.253 E.01695
G1 X20.496 Y24.64 E.01694
G1 X20.485 Y24.012 E.01695
G1 X20.598 Y23.395 E.01693
G1 X20.831 Y22.812 E.01694
G1 X21.301 Y22.143 E.02206
G1 X21.742 Y21.74 E.01612
G1 X22.278 Y21.418 E.01687
G1 X22.869 Y21.207 E.01693
G1 X23.491 Y21.118 E.01696
G1 X24.117 Y21.153 E.01692
G1 X24.725 Y21.312 E.01696
G1 X25.289 Y21.588 E.01694
G1 X25.787 Y21.97 E.01694
G1 X26.2 Y22.444 E.01696
G1 X26.51 Y22.989 E.01692
G1 X26.706 Y23.586 E.01696
G1 X26.78 Y24.209 E.01693
G1 X26.755 Y24.521 E.00845
G1 X26.36 Y24.541 F9000
;TYPE:External perimeter
;WIDTH:0.419999
G1 F1800
G1 X26.336 Y24.796 E.00657
G1 X26.178 Y25.322 E.01409
G1 X25.918 Y25.807 E.01412
G1 X25.471 Y26.32 E.01746
G1 X25.024 Y26.648 E.01422
G1 X24.525 Y26.877 E.01409
G1 X23.99 Y27.003 E.0141
G1 X23.441 Y27.021 E.01409
G1 X22.899 Y26.929 E.0141
G1 X22.386 Y26.732 E.0141
G1 X21.922 Y26.437 E.01411
G1 X21.526 Y26.056 E.0141
G1 X21.214 Y25.604 E.01409
G1 X20.997 Y25.1 E.01408
G1 X20.884 Y24.562 E.0141
G1 X20.88 Y24.012 E.01411
G1 X20.986 Y23.473 E.01409
G1 X21.195 Y22.965 E.01409
G1 X21.62 Y22.377 E.01861
G1 X22.002 Y22.038 E.0131
G1 X22.475 Y21.761 E.01406
G1 X22.995 Y21.582 E.01411
G1 X23.54 Y21.51 E.0141
G1 X24.088 Y21.548 E.01409
G1 X24.618 Y21.693 E.0141
G1 X25.108 Y21.94 E.01408
G1 X25.54 Y22.28 E.0141
G1 X25.897 Y22.698 E.0141
G1 X26.163 Y23.179 E.0141
G1 X26.328 Y23.703 E.01409
G1 X26.387 Y24.249 E.01409
G1 X26.365 Y24.482 E.006
G1 E-3.5 F3600
;WIPE_START
G1 F7200
G1 X26.36 Y24.541 E-.02813
G1 X26.336 Y24.796 E-.12166
G1 X26.178 Y25.322 E-.26088
G1 X25.918 Y25.807 E-.26139
G1 X25.471 Y26.32 E-.3232
G1 X25.024 Y26.648 E-.26335
G1 X24.562 Y26.86 E-.24139
;WIPE_END
G1 X24.069 Y46.745 F9000
G1 E5 F2400
;TYPE:Perimeter
;WIDTH:0.439999
G1 F1800
G1 X24.148 Y46.748 E.00213
G1 X24.835 Y46.921 E.01912
G1 X25.474 Y47.227 E.01912
G1 X26.04 Y47.653 E.01912
G1 X26.51 Y48.183 E.01912
G1 X26.866 Y48.795 E.01911
G1 X27.094 Y49.466 E.01912
G1 X27.184 Y50.169 E.01913
G1 X27.133 Y50.876 E.01913
G1 X26.943 Y51.558 E.0191
G1 X26.622 Y52.19 E.01913
G1 X26.072 Y52.851 E.0232
G1 X25.492 Y53.299 E.01978
G1 X24.854 Y53.608 E.01913
G1 X24.168 Y53.785 E.01912
G1 X23.461 Y53.822 E.0191
G1 X22.76 Y53.718 E.01912
G1 X22.093 Y53.478 E.01913
G1 X21.488 Y53.11 E.01911
G1 X20.967 Y52.63 E.01912
G1 X20.552 Y52.056 E.01911
G1 X20.258 Y51.411 E.01913
G1 X20.099 Y50.721 E.01911
G1 X20.079 Y50.012 E.01914
G1 X20.2 Y49.314 E.01912
G1 X20.457 Y48.654 E.01911
G1 X20.974 Y47.903 E.0246
G1 X21.476 Y47.434 E.01854
G1 X22.075 Y47.067 E.01896
G1 X22.74 Y46.823 E.01911
G1 X23.44 Y46.715 E.01911
G1 X24.009 Y46.742 E.01537
G1 X24.019 Y47.147 F9000
G1 F1800
G1 X24.117 Y47.153 E.00265
G1 X24.725 Y47.312 E.01696
G1 X25.289 Y47.588 E.01694
G1 X25.787 Y47.97 E.01694
G1 X26.2 Y48.444 E.01696
G1 X26.51 Y48.989 E.01692
G1 X26.706 Y49.586 E.01696
G1 X26.78 Y50.209 E.01693
G1 X26.73 Y50.835 E.01695
G1 X26.556 Y51.439 E.01696
G1 X26.266 Y51.996 E.01695
G1 X25.768 Y52.582 E.02075
G1 X25.255 Y52.969 E.01734
G1 X24.687 Y53.238 E.01696
G1 X24.078 Y53.389 E.01693
G1 X23.451 Y53.416 E.01694
G1 X22.83 Y53.319 E.01696
G1 X22.242 Y53.1 E.01693
G1 X21.708 Y52.77 E.01694
G1 X21.25 Y52.339 E.01697
G1 X20.887 Y51.827 E.01694
G1 X20.632 Y51.253 E.01695
G1 X20.496 Y50.64 E.01694
G1 X20.485 Y50.012 E.01695
G1 X20.598 Y49.395 E.01693
G1 X20.831 Y48.812 E.01694
G1 X21.301 Y48.143 E.02206
G1 X21.742 Y47.74 E.01612
G1 X22.278 Y47.418 E.01687
G1 X22.869 Y47.207 E.01693
G1 X23.491 Y47.118 E.01696
G1 X23.959 Y47.144 E.01265
G1 X23.97 Y47.54 F9000
;TYPE:External perimeter
;WIDTH:0.419999
G1 F1800
G1 X24.088 Y47.548 E.00303
G1 X24.618 Y47.693 E.0141
G1 X25.108 Y47.94 E.01408
G1 X25.54 Y48.28 E.0141
G1 X25.897 Y48.698 E.0141
G1 X26.163 Y49.179 E.0141
G1 X26.328 Y49.703 E.01409
G1 X26.387 Y50.249 E.01409
G1 X26.336 Y50.796 E.01409
G1 X26.178 Y51.322 E.01409
G1 X25.918 Y51.807 E.01412
G1 X25.471 Y52.32 E.01746
G1 X25.024 Y52.648 E.01422
G1 X24.525 Y52.877 E.01409
G1 X23.99 Y53.003 E.0141
G1 X23.441 Y53.021 E.01409
G1 X22.899 Y52.929 E.0141
G1 X22.386 Y52.732 E.0141
G1 X21.922 Y52.437 E.01411
G1 X21.526 Y52.056 E.0141
G1 X21.214 Y51.604 E.01409
G1 X20.997 Y51.1 E.01408
G1 X20.884 Y50.562 E.0141
G1 X20.88 Y50.012 E.01411
G1 X20.986 Y49.473 E.01409
G1 X21.195 Y48.965 E.01409
G1 X21.62 Y48.377 E.01861
G1 X22.002 Y48.038 E.0131
G1 X22.475 Y47.761 E.01406
G1 X22.995 Y47.582 E.01411
G1 X23.54 Y47.51 E.0141
G1 X23.91 Y47.535 E.00951
G1 E-3.5 F3600
;WIPE_START
G1 F7200
G1 X23.97 Y47.54 E-.0286
G1 X24.088 Y47.548 E-.05618
G1 X24.618 Y47.693 E-.261
G1 X25.108 Y47.94 E-.26065
G1 X25.54 Y48.28 E-.26113
G1 X25.897 Y48.698 E-.26111
G1 X26.163 Y49.179 E-.26108
G1 X26.233 Y49.4 E-.11025
;WIPE_END
G1 X18.139 Y60.257 F9000
G1 E5 F2400
;TYPE:Perimeter
;WIDTH:0.439999
G1 F3600
G1 X18.139 Y18.279 E1.13277
G1 X19.748 Y18.279 E.04342
G1 X20.046 Y18.195 E.00835
G1 X20.359 Y17.977 E.01029
G1 X20.563 Y17.667 E.01001
G1 X20.639 Y17.285 E.01051
G1 X20.639 Y15.279 E.05413
G1 X54.616 Y15.279 E.91686
G1 X54.616 Y17.285 E.05413
G1 X54.694 Y17.67 E.0106
G1 X54.898 Y17.979 E.00999
G1 X55.214 Y18.197 E.01036
G1 X55.611 Y18.279 E.01094
G1 X57.116 Y18.279 E.04061
G1 X57.116 Y60.257 E1.13277
G1 X18.199 Y60.257 E1.05017
G1 X17.733 Y60.662 F9000
G1 F3600
G1 X17.733 Y17.874 E1.15463
G1 X19.711 Y17.874 E.05338
G1 X19.978 Y17.77 E.00773
G1 X20.164 Y17.562 E.00753
G1 X20.233 Y17.285 E.0077
G1 X20.233 Y14.874 E.06506
G1 X55.022 Y14.874 E.93877
G1 X55.022 Y17.375 E.06749
G1 X55.151 Y17.653 E.00827
G1 X55.323 Y17.798 E.00607
G1 X55.611 Y17.874 E.00804
G1 X57.522 Y17.874 E.05157
G1 X57.522 Y60.662 E1.15463
G1 X17.793 Y60.662 E1.07208
G1 X17.338 Y61.058 F9000
;TYPE:External perimeter
;WIDTH:0.419999
G1 F1800
G1 X17.338 Y17.478 E1.11802
G1 X19.645 Y17.478 E.05918
G1 X19.769 Y17.432 E.00339
G1 X19.838 Y17.285 E.00417
G1 X19.838 Y14.478 E.07201
G1 X55.418 Y14.478 E.91278
G1 X55.418 Y17.285 E.07201
G1 X55.46 Y17.406 E.00329
G1 X55.611 Y17.478 E.00429
G1 X57.918 Y17.478 E.05918
G1 X57.918 Y61.058 E1.11802
G1 X17.398 Y61.058 E1.03952
G1 E-3.5 F3600
;WIPE_START
G1 F7200
G1 X17.338 Y61.058 E-.0285
G1 X17.338 Y57.96 E-1.4715
;WIPE_END
G1 X20.645 Y52.731 F9000
G1 E5 F2400
;TYPE:Internal infill
;WIDTH:0.44
G1 F3600
G1 X20.291 Y52.227 E.01662
G1 X19.969 Y51.527 E.02079
G1 X19.767 Y50.504 E.02814
G1 X18.451 Y49.189 E.0502
G1 X18.451 Y49.295 E.00286
G1 X52.155 Y15.592 E1.2862
G1 X53.698 Y15.592 E.04164
G1 X54.304 Y16.198 E.02313
G1 X54.328 Y17.538 E.03617
G1 X54.588 Y18.1 E.01671
G1 X54.971 Y18.425 E.01355
G1 X55.434 Y18.58 E.01318
G1 X56.696 Y18.59 E.03406
G1 X56.804 Y18.698 E.00412
G1 X56.804 Y18.592 E.00286
G1 X54.096 Y21.3 E.10334
G1 X53.73 Y21.014 E.01253
G1 X53.041 Y20.661 E.02089
G1 X52.294 Y20.452 E.02093
G1 X51.656 Y20.398 E.01728
G1 X50.923 Y20.466 E.01986
G1 X46.048 Y15.592 E.18602
G1 X44.505 Y15.592 E.04164
G1 X18.451 Y41.646 E.99428
G1 X18.451 Y41.54 E.00286
G1 X23.326 Y46.415 E.18604
G1 X22.646 Y46.525 E.01859
G1 X22.151 Y46.691 E.01409
G1 X21.471 Y47.055 E.02081
G1 X21.118 Y47.332 E.01211
G1 E-3.5
;WIPE_START
G1 F7200
G1 X21.471 Y47.055 E-.21314
G1 X22.151 Y46.691 E-.36637
G1 X22.646 Y46.525 E-.24799
G1 X23.326 Y46.415 E-.3272
G1 X22.812 Y45.901 E-.3453
;WIPE_END
G1 X20.142 Y22.597 F9000
G1 E5 F2400
G1 F3600
G1 X19.895 Y23.247 E.01876
G1 X19.792 Y23.759 E.01409
G1 X19.767 Y24.528 E.02076
G1 X19.83 Y24.968 E.01199
G1 X18.451 Y26.347 E.05263
G1 X18.451 Y26.241 E.00286
G1 X52.155 Y59.944 E1.2862
G1 X53.698 Y59.944 E.04164
G1 X56.804 Y56.838 E.11853
G1 X56.804 Y56.944 E.00286
G1 X53.508 Y53.648 E.12578
G1 X52.834 Y53.949 E.01992
G1 X51.869 Y54.124 E.02647
G1 X46.048 Y59.944 E.22212
G1 X44.505 Y59.944 E.04164
G1 X18.451 Y33.89 E.99428
G1 X18.451 Y33.997 E.00289
G1 X24.396 Y28.051 E.22689
G1 X23.985 Y28.121 E.01125
G1 X23.214 Y28.116 E.02081
G1 X22.7 Y28.025 E.01409
G1 X22.02 Y27.785 E.01946
G1 E-3.5
;WIPE_START
G1 F7200
G1 X22.7 Y28.025 E-.34253
G1 X23.214 Y28.116 E-.24795
G1 X23.985 Y28.121 E-.36623
G1 X24.396 Y28.051 E-.19804
G1 X23.882 Y28.565 E-.34525
;WIPE_END
G1 X34.127 Y37.988 F9000
G1 E5 F2400
G1 F3600
G1 X34.344 Y38.68 E.01957
G1 X34.696 Y39.312 E.01952
G1 X35.373 Y40.023 E.02649
G1 X26.998 Y48.398 E.31961
G1 X27.175 Y48.713 E.00975
G1 X27.426 Y49.503 E.02237
G1 X27.498 Y50.174 E.01821
G1 X27.477 Y50.565 E.01057
G1 X36.856 Y59.944 E.35792
G1 X38.399 Y59.944 E.04164
G1 X47.783 Y50.561 E.3581
G1 X47.798 Y49.683 E.0237
G1 X47.989 Y48.937 E.02078
G1 X48.252 Y48.393 E.01631
G1 X39.883 Y40.023 E.3194
G1 X40.207 Y39.741 E.01159
G1 X40.606 Y39.243 E.01722
G1 X40.94 Y38.61 E.01931
G1 X41.127 Y37.995 E.01735
G1 X41.202 Y37.268 E.01972
G1 X41.132 Y36.562 E.01914
G1 X40.926 Y35.891 E.01894
G1 X40.584 Y35.259 E.01939
G1 X40.38 Y35.016 E.00856
G1 X48.651 Y26.745 E.31564
G1 X48.227 Y26.125 E.02027
G1 X47.927 Y25.415 E.0208
G1 X47.866 Y25.059 E.00975
G1 X38.399 Y15.592 E.36128
G1 X36.856 Y15.592 E.04164
G1 X27.426 Y25.022 E.35987
G1 X27.171 Y25.832 E.02292
G1 X26.893 Y26.345 E.01575
G1 X26.591 Y26.732 E.01325
G1 X34.872 Y35.013 E.31602
G1 X35.513 Y34.387 E.02418
G1 X36.133 Y34.022 E.01941
G1 X36.909 Y33.776 E.02197
G1 E-3.5
;WIPE_START
G1 F7200
G1 X36.133 Y34.022 E-.38668
G1 X35.513 Y34.387 E-.34174
G1 X34.872 Y35.013 E-.42558
G1 X34.357 Y34.498 E-.346
;WIPE_END
G1 X53.226 Y27.783 F9000
G1 E5 F2400
G1 F3600
G1 X52.741 Y27.974 E.01407
G1 X51.984 Y28.121 E.02081
G1 X51.331 Y28.131 E.01762
G1 X50.852 Y28.044 E.01314
G1 X56.804 Y33.997 E.22716
G1 X56.804 Y33.89 E.00289
G1 X30.75 Y59.944 E.99428
G1 X29.207 Y59.944 E.04164
G1 X23.394 Y54.131 E.22184
G1 X22.515 Y53.978 E.02408
G1 X21.746 Y53.649 E.02257
G1 X18.451 Y56.944 E.12574
G1 X18.451 Y56.838 E.00286
G1 X21.558 Y59.944 E.11855
G1 X23.101 Y59.944 E.04164
G1 X56.804 Y26.241 E1.28619
G1 X56.804 Y26.347 E.00286
G1 X55.434 Y24.977 E.05228
G1 X55.24 Y25.655 E.01903
G1 X54.893 Y26.345 E.02084
G1 X54.284 Y27.079 E.02574
G1 E-3.5
;WIPE_START
G1 F7200
G1 X54.893 Y26.345 E-.45303
G1 X55.24 Y25.655 E-.36686
G1 X55.434 Y24.977 E-.33497
G1 X55.948 Y25.491 E-.34514
;WIPE_END
G1 X49.605 Y46.986 F9000
G1 E5 F2400
G1 F3600
G1 X49.992 Y46.757 E.01213
G1 X50.755 Y46.493 E.02179
G1 X51.406 Y46.405 E.01773
G1 X51.925 Y46.419 E.01401
G1 X56.804 Y41.54 E.18619
G1 X56.804 Y41.646 E.00286
G1 X30.75 Y15.592 E.99428
G1 X29.207 Y15.592 E.04164
G1 X24.334 Y20.465 E.18597
G1 X23.471 Y20.398 E.02336
G1 X22.771 Y20.49 E.01905
G1 X22.036 Y20.736 E.02092
G1 X21.159 Y21.3 E.02814
G1 X18.451 Y18.592 E.10334
G1 X18.451 Y18.698 E.00286
G1 X18.559 Y18.59 E.00412
G1 X19.822 Y18.58 E.03408
G1 X20.3 Y18.416 E.01364
G1 X20.584 Y18.195 E.00971
G1 X20.799 Y17.899 E.00987
G1 X20.927 Y17.539 E.01031
G1 X20.951 Y16.198 E.03619
G1 X21.558 Y15.592 E.02315
G1 X23.101 Y15.592 E.04164
G1 X56.804 Y49.295 E1.28619
G1 X56.804 Y49.189 E.00286
G1 X55.483 Y50.51 E.05041
G1 X55.495 Y50.143 E.00991
G1 X55.394 Y49.379 E.0208
G1 X55.143 Y48.651 E.02078
G1 X54.892 Y48.191 E.01414
;LAYER_CHANGE
;Z:3.56
;HEIGHT:0.16
;BEFORE_LAYER_CHANGE
G92 E0
;3.56


G1 E-3.5 F3600
;WIPE_START
G1 F7200
G1 X55.143 Y48.651 E-.24891
G1 X55.394 Y49.379 E-.36578
G1 X55.495 Y50.143 E-.36606
G1 X55.483 Y50.51 E-.17442
G1 X55.996 Y49.997 E-.34483
;WIPE_END
G1 Z3.56 F9000
;AFTER_LAYER_CHANGE
;3.56
G1 X40.403 Y38.964
G1 E5 F2400
;TYPE:Perimeter
;WIDTH:0.439999
G1 F1800
G1 X40.374 Y39.021 E.00173
G1 X40.037 Y39.462 E.01498
G1 X39.604 Y39.858 E.01583
G1 X39.057 Y40.196 E.01735
G1 X38.449 Y40.421 E.01749
G1 X37.808 Y40.521 E.01751
G1 X37.16 Y40.492 E.0175
G1 X36.53 Y40.336 E.01751
G1 X35.944 Y40.057 E.01751
G1 X35.425 Y39.668 E.0175
G1 X34.993 Y39.184 E.01751
G1 X34.665 Y38.624 E.01751
G1 X34.455 Y38.01 E.01751
G1 X34.373 Y37.408 E.01639
G1 X34.394 Y36.865 E.01466
G1 X34.534 Y36.247 E.0171
G1 X34.797 Y35.654 E.01751
G1 X35.134 Y35.177 E.01576
G1 X35.646 Y34.682 E.01922
G1 X36.198 Y34.34 E.01752
G1 X36.807 Y34.115 E.01752
G1 X37.448 Y34.015 E.01751
G1 X37.987 Y34.036 E.01456
G1 X38.291 Y34.078 E.00828
G1 X38.807 Y34.227 E.01449
G1 X39.311 Y34.479 E.01521
G1 X39.813 Y34.854 E.01691
G1 X40.263 Y35.352 E.01811
G1 X40.59 Y35.912 E.0175
G1 X40.8 Y36.526 E.01751
G1 X40.884 Y37.169 E.0175
G1 X40.839 Y37.816 E.0175
G1 X40.667 Y38.442 E.01752
G1 X40.43 Y38.91 E.01416
G1 X40.056 Y38.752 F9000
G1 F1800
G1 X40.018 Y38.827 E.00227
G1 X39.689 Y39.244 E.01433
G1 X39.284 Y39.594 E.01444
G1 X38.846 Y39.849 E.01368
G1 X38.32 Y40.036 E.01506
G1 X37.757 Y40.119 E.01536
G1 X37.19 Y40.088 E.01532
G1 X36.64 Y39.945 E.01534
G1 X36.129 Y39.696 E.01534
G1 X35.678 Y39.351 E.01532
G1 X35.304 Y38.924 E.01532
G1 X35.022 Y38.43 E.01535
G1 X34.843 Y37.891 E.01533
G1 X34.776 Y37.365 E.01431
G1 X34.803 Y36.849 E.01394
G1 X34.927 Y36.347 E.01395
G1 X35.163 Y35.83 E.01534
G1 X35.458 Y35.422 E.01359
G1 X35.915 Y34.986 E.01704
G1 X36.401 Y34.692 E.01533
G1 X36.936 Y34.5 E.01534
G1 X37.498 Y34.418 E.01533
G1 X38.065 Y34.448 E.01532
G1 X38.615 Y34.591 E.01534
G1 X39.126 Y34.84 E.01534
G1 X39.56 Y35.171 E.01473
G1 X39.952 Y35.613 E.01594
G1 X40.234 Y36.106 E.01533
G1 X40.412 Y36.645 E.01532
G1 X40.481 Y37.209 E.01533
G1 X40.436 Y37.776 E.01535
G1 X40.279 Y38.322 E.01533
G1 X40.084 Y38.699 E.01145
G1 X39.716 Y38.544 F9000
;TYPE:External perimeter
;WIDTH:0.419999
G1 F1800
G1 X39.639 Y38.681 E.00403
G1 X39.387 Y38.985 E.01013
G1 X39.048 Y39.276 E.01146
G1 X38.622 Y39.517 E.01256
G1 X38.156 Y39.67 E.01258
G1 X37.67 Y39.727 E.01255
G1 X37.182 Y39.686 E.01256
G1 X36.742 Y39.563 E.01172
G1 X36.289 Y39.332 E.01305
G1 X35.897 Y39.015 E.01293
G1 X35.585 Y38.637 E.01257
G1 X35.354 Y38.206 E.01255
G1 X35.214 Y37.738 E.01253
G1 X35.169 Y37.29 E.01155
G1 X35.199 Y36.882 E.0105
G1 X35.323 Y36.409 E.01254
G1 X35.539 Y35.969 E.01257
G1 X35.838 Y35.581 E.01257
G1 X36.208 Y35.26 E.01257
G1 X36.634 Y35.019 E.01256
G1 X37.099 Y34.866 E.01256
G1 X37.586 Y34.809 E.01258
G1 X38.074 Y34.85 E.01256
G1 X38.544 Y34.986 E.01255
G1 X38.978 Y35.213 E.01257
G1 X39.358 Y35.521 E.01255
G1 X39.689 Y35.933 E.01356
G1 X39.932 Y36.432 E.01424
G1 X40.042 Y36.8 E.00985
G1 X40.087 Y37.287 E.01255
G1 X40.034 Y37.774 E.01257
G1 X39.886 Y38.241 E.01257
G1 X39.745 Y38.492 E.00739
G1 E-3.5 F3600
;WIPE_START
G1 F7200
G1 X39.716 Y38.544 E-.02828
G1 X39.639 Y38.681 E-.07465
G1 X39.387 Y38.985 E-.18756
G1 X39.048 Y39.276 E-.21221
G1 X38.622 Y39.517 E-.23249
G1 X38.156 Y39.67 E-.23298
G1 X37.67 Y39.727 E-.23243
G1 X37.182 Y39.686 E-.23262
G1 X37.047 Y39.648 E-.06678
;WIPE_END
G1 X26.224 Y26.677 F9000
G1 E5 F2400
;TYPE:Perimeter
;WIDTH:0.439999
G1 F1800
G1 X26.055 Y26.869 E.0069
G1 X25.492 Y27.298 E.0191
G1 X24.854 Y27.608 E.01914
G1 X24.168 Y27.785 E.01912
G1 X23.461 Y27.822 E.0191
G1 X22.76 Y27.718 E.01912
G1 X22.093 Y27.478 E.01913
G1 X21.488 Y27.11 E.01911
G1 X20.967 Y26.63 E.01912
G1 X20.552 Y26.056 E.01911
G1 X20.258 Y25.411 E.01913
G1 X20.099 Y24.721 E.01911
G1 X20.079 Y24.012 E.01914
G1 X20.2 Y23.314 E.01912
G1 X20.457 Y22.654 E.01911
G1 X20.971 Y21.907 E.02447
G1 X21.476 Y21.434 E.01867
G1 X22.075 Y21.067 E.01896
G1 X22.74 Y20.823 E.01911
G1 X23.44 Y20.715 E.01911
G1 X24.148 Y20.748 E.01913
G1 X24.835 Y20.921 E.01912
G1 X25.474 Y21.227 E.01912
G1 X26.04 Y21.653 E.01912
G1 X26.51 Y22.183 E.01912
G1 X26.866 Y22.795 E.01911
G1 X27.094 Y23.466 E.01912
G1 X27.184 Y24.169 E.01913
G1 X27.102 Y25.025 E.0232
G1 X26.875 Y25.722 E.01978
G1 X26.522 Y26.337 E.01914
G1 X26.263 Y26.632 E.01059
G1 X25.928 Y26.403 F9000
G1 F1800
G1 X25.758 Y26.593 E.00688
G1 X25.255 Y26.969 E.01695
G1 X24.687 Y27.238 E.01696
G1 X24.078 Y27.389 E.01693
G1 X23.451 Y27.416 E.01694
G1 X22.83 Y27.319 E.01696
G1 X22.242 Y27.1 E.01693
G1 X21.708 Y26.77 E.01694
G1 X21.25 Y26.339 E.01697
G1 X20.887 Y25.827 E.01694
G1 X20.632 Y25.253 E.01695
G1 X20.496 Y24.64 E.01694
G1 X20.485 Y24.012 E.01695
G1 X20.598 Y23.395 E.01693
G1 X20.831 Y22.812 E.01694
G1 X21.298 Y22.146 E.02195
G1 X21.742 Y21.74 E.01624
G1 X22.278 Y21.418 E.01687
G1 X22.869 Y21.207 E.01693
G1 X23.491 Y21.118 E.01696
G1 X24.117 Y21.153 E.01692
G1 X24.725 Y21.312 E.01696
G1 X25.289 Y21.588 E.01694
G1 X25.787 Y21.97 E.01694
G1 X26.2 Y22.444 E.01696
G1 X26.51 Y22.989 E.01692
G1 X26.706 Y23.586 E.01696
G1 X26.78 Y24.21 E.01696
G1 X26.699 Y24.975 E.02076
G1 X26.494 Y25.583 E.01731
G1 X26.176 Y26.125 E.01696
G1 X25.968 Y26.358 E.00843
G1 X25.64 Y26.135 F9000
;TYPE:External perimeter
;WIDTH:0.419999
G1 F1800
G1 X25.468 Y26.324 E.00656
G1 X25.024 Y26.648 E.0141
G1 X24.525 Y26.877 E.01409
G1 X23.99 Y27.003 E.0141
G1 X23.441 Y27.021 E.01409
G1 X22.899 Y26.929 E.0141
G1 X22.386 Y26.732 E.0141
G1 X21.922 Y26.437 E.01411
G1 X21.526 Y26.056 E.0141
G1 X21.214 Y25.604 E.01409
G1 X20.997 Y25.1 E.01408
G1 X20.884 Y24.562 E.0141
G1 X20.88 Y24.012 E.01411
G1 X20.986 Y23.473 E.01409
G1 X21.195 Y22.965 E.01409
G1 X21.617 Y22.38 E.01851
G1 X22.002 Y22.038 E.01321
G1 X22.475 Y21.761 E.01406
G1 X22.995 Y21.582 E.01411
G1 X23.54 Y21.51 E.0141
G1 X24.088 Y21.548 E.01409
G1 X24.618 Y21.693 E.0141
G1 X25.108 Y21.94 E.01408
G1 X25.54 Y22.28 E.0141
G1 X25.897 Y22.698 E.0141
G1 X26.163 Y23.179 E.0141
G1 X26.328 Y23.703 E.01409
G1 X26.387 Y24.249 E.01409
G1 X26.307 Y24.926 E.01749
G1 X26.122 Y25.448 E.01421
G1 X25.839 Y25.919 E.0141
G1 X25.681 Y26.091 E.00599
G1 E-3.5 F3600
;WIPE_START
G1 F7200
G1 X25.64 Y26.135 E-.02857
G1 X25.468 Y26.324 E-.12139
G1 X25.024 Y26.648 E-.26108
G1 X24.525 Y26.877 E-.26079
G1 X23.99 Y27.003 E-.26108
G1 X23.441 Y27.021 E-.26092
G1 X22.899 Y26.929 E-.26113
G1 X22.81 Y26.895 E-.04504
;WIPE_END
G1 X23.892 Y46.736 F9000
G1 E5 F2400
;TYPE:Perimeter
;WIDTH:0.439999
G1 F1800
G1 X24.148 Y46.748 E.00692
G1 X24.835 Y46.921 E.01912
G1 X25.474 Y47.227 E.01912
G1 X26.04 Y47.653 E.01912
G1 X26.51 Y48.183 E.01912
G1 X26.866 Y48.795 E.01911
G1 X27.094 Y49.466 E.01912
G1 X27.184 Y50.169 E.01913
G1 X27.102 Y51.025 E.0232
G1 X26.875 Y51.722 E.01978
G1 X26.522 Y52.337 E.01914
G1 X26.055 Y52.869 E.0191
G1 X25.492 Y53.298 E.0191
G1 X24.854 Y53.608 E.01914
G1 X24.168 Y53.785 E.01912
G1 X23.461 Y53.822 E.0191
G1 X22.76 Y53.718 E.01912
G1 X22.093 Y53.478 E.01913
G1 X21.488 Y53.11 E.01911
G1 X20.967 Y52.63 E.01912
G1 X20.552 Y52.056 E.01911
G1 X20.258 Y51.411 E.01913
G1 X20.099 Y50.721 E.01911
G1 X20.079 Y50.012 E.01914
G1 X20.2 Y49.314 E.01912
G1 X20.457 Y48.654 E.01911
G1 X20.971 Y47.907 E.02447
G1 X21.476 Y47.434 E.01867
G1 X22.075 Y47.067 E.01896
G1 X22.74 Y46.823 E.01911
G1 X23.44 Y46.715 E.01911
G1 X23.832 Y46.734 E.01059
G1 X23.862 Y47.139 F9000
G1 F1800
G1 X24.117 Y47.153 E.00689
G1 X24.725 Y47.312 E.01696
G1 X25.289 Y47.588 E.01694
G1 X25.787 Y47.97 E.01694
G1 X26.2 Y48.444 E.01696
G1 X26.51 Y48.989 E.01692
G1 X26.706 Y49.586 E.01696
G1 X26.78 Y50.21 E.01696
G1 X26.699 Y50.975 E.02076
G1 X26.494 Y51.583 E.01731
G1 X26.176 Y52.125 E.01696
G1 X25.758 Y52.593 E.01693
G1 X25.255 Y52.969 E.01695
G1 X24.687 Y53.238 E.01696
G1 X24.078 Y53.389 E.01693
G1 X23.451 Y53.416 E.01694
G1 X22.83 Y53.319 E.01696
G1 X22.242 Y53.1 E.01693
G1 X21.708 Y52.77 E.01694
G1 X21.25 Y52.339 E.01697
G1 X20.887 Y51.827 E.01694
G1 X20.632 Y51.253 E.01695
G1 X20.496 Y50.64 E.01694
G1 X20.485 Y50.012 E.01695
G1 X20.598 Y49.395 E.01693
G1 X20.831 Y48.812 E.01694
G1 X21.298 Y48.146 E.02195
G1 X21.742 Y47.74 E.01624
G1 X22.278 Y47.418 E.01687
G1 X22.869 Y47.207 E.01693
G1 X23.491 Y47.118 E.01696
G1 X23.802 Y47.135 E.0084
G1 X23.833 Y47.53 F9000
;TYPE:External perimeter
;WIDTH:0.419999
G1 F1800
G1 X24.088 Y47.548 E.00656
G1 X24.618 Y47.693 E.0141
G1 X25.108 Y47.94 E.01408
G1 X25.54 Y48.28 E.0141
G1 X25.897 Y48.698 E.0141
G1 X26.163 Y49.179 E.0141
G1 X26.328 Y49.703 E.01409
G1 X26.387 Y50.249 E.01409
G1 X26.307 Y50.926 E.01749
G1 X26.122 Y51.448 E.01421
G1 X25.839 Y51.919 E.0141
G1 X25.468 Y52.324 E.01409
G1 X25.024 Y52.648 E.0141
G1 X24.525 Y52.877 E.01409
G1 X23.99 Y53.003 E.0141
G1 X23.441 Y53.021 E.01409
G1 X22.899 Y52.929 E.0141
G1 X22.386 Y52.732 E.0141
G1 X21.922 Y52.437 E.01411
G1 X21.526 Y52.056 E.0141
G1 X21.214 Y51.604 E.01409
G1 X20.997 Y51.1 E.01408
G1 X20.884 Y50.562 E.0141
G1 X20.88 Y50.012 E.01411
G1 X20.986 Y49.473 E.01409
G1 X21.195 Y48.965 E.01409
G1 X21.617 Y48.38 E.01851
G1 X22.002 Y48.038 E.01321
G1 X22.475 Y47.761 E.01406
G1 X22.995 Y47.582 E.01411
G1 X23.54 Y47.51 E.0141
G1 X23.773 Y47.526 E.00599
G1 E-3.5 F3600
;WIPE_START
G1 F7200
G1 X23.833 Y47.53 E-.02856
G1 X24.088 Y47.548 E-.12143
G1 X24.618 Y47.693 E-.261
G1 X25.108 Y47.94 E-.26065
G1 X25.54 Y48.28 E-.26113
G1 X25.897 Y48.698 E-.26111
G1 X26.163 Y49.179 E-.26108
G1 X26.192 Y49.269 E-.04504
;WIPE_END
G1 X48.096 Y49.914 F9000
G1 E5 F2400
;TYPE:Perimeter
;WIDTH:0.439999
G1 F1800
G1 X48.2 Y49.314 E.01643
G1 X48.457 Y48.654 E.01911
G1 X48.971 Y47.907 E.02447
G1 X49.476 Y47.434 E.01867
G1 X50.075 Y47.067 E.01896
G1 X50.74 Y46.823 E.01911
G1 X51.44 Y46.715 E.01911
G1 X52.148 Y46.748 E.01913
G1 X52.835 Y46.921 E.01912
G1 X53.474 Y47.227 E.01912
G1 X54.04 Y47.653 E.01912
G1 X54.51 Y48.183 E.01912
G1 X54.866 Y48.795 E.01911
G1 X55.094 Y49.466 E.01912
G1 X55.184 Y50.169 E.01913
G1 X55.133 Y50.876 E.01913
G1 X54.943 Y51.558 E.0191
G1 X54.622 Y52.19 E.01913
G1 X54.072 Y52.851 E.0232
G1 X53.492 Y53.298 E.01976
G1 X52.854 Y53.608 E.01914
G1 X52.168 Y53.785 E.01912
G1 X51.461 Y53.822 E.0191
G1 X50.76 Y53.718 E.01912
G1 X50.093 Y53.478 E.01913
G1 X49.488 Y53.11 E.01911
G1 X48.967 Y52.63 E.01912
G1 X48.552 Y52.056 E.01911
G1 X48.258 Y51.411 E.01913
G1 X48.099 Y50.721 E.01911
G1 X48.079 Y50.012 E.01914
G1 X48.086 Y49.974 E.00104
G1 X48.495 Y49.954 F9000
G1 F1800
G1 X48.598 Y49.395 E.01534
G1 X48.831 Y48.812 E.01694
G1 X49.298 Y48.146 E.02195
G1 X49.742 Y47.74 E.01624
G1 X50.278 Y47.418 E.01687
G1 X50.869 Y47.207 E.01693
G1 X51.491 Y47.118 E.01696
G1 X52.117 Y47.153 E.01692
G1 X52.725 Y47.312 E.01696
G1 X53.289 Y47.588 E.01694
G1 X53.787 Y47.97 E.01694
G1 X54.2 Y48.444 E.01696
G1 X54.51 Y48.989 E.01692
G1 X54.706 Y49.586 E.01696
G1 X54.78 Y50.209 E.01693
G1 X54.73 Y50.835 E.01695
G1 X54.556 Y51.439 E.01696
G1 X54.266 Y51.996 E.01695
G1 X53.768 Y52.582 E.02075
G1 X53.255 Y52.969 E.01734
G1 X52.687 Y53.238 E.01696
G1 X52.078 Y53.389 E.01693
G1 X51.451 Y53.416 E.01694
G1 X50.83 Y53.319 E.01696
G1 X50.242 Y53.1 E.01693
G1 X49.708 Y52.77 E.01694
G1 X49.25 Y52.339 E.01697
G1 X48.887 Y51.827 E.01694
G1 X48.632 Y51.253 E.01695
G1 X48.496 Y50.64 E.01694
G1 X48.485 Y50.014 E.0169
G1 X48.884 Y49.993 F9000
;TYPE:External perimeter
;WIDTH:0.419999
G1 F1800
G1 X48.986 Y49.473 E.01359
G1 X49.195 Y48.965 E.01409
G1 X49.617 Y48.38 E.01851
G1 X50.002 Y48.038 E.01321
G1 X50.475 Y47.761 E.01406
G1 X50.995 Y47.582 E.01411
G1 X51.54 Y47.51 E.0141
G1 X52.088 Y47.548 E.01409
G1 X52.618 Y47.693 E.0141
G1 X53.108 Y47.94 E.01408
G1 X53.54 Y48.28 E.0141
G1 X53.897 Y48.698 E.0141
G1 X54.163 Y49.179 E.0141
G1 X54.328 Y49.703 E.01409
G1 X54.387 Y50.249 E.01409
G1 X54.336 Y50.796 E.01409
G1 X54.178 Y51.322 E.01409
G1 X53.918 Y51.807 E.01412
G1 X53.471 Y52.32 E.01746
G1 X53.024 Y52.648 E.01422
G1 X52.525 Y52.877 E.01409
G1 X51.99 Y53.003 E.0141
G1 X51.441 Y53.021 E.01409
G1 X50.899 Y52.929 E.0141
G1 X50.386 Y52.732 E.0141
G1 X49.922 Y52.437 E.01411
G1 X49.526 Y52.056 E.0141
G1 X49.214 Y51.604 E.01409
G1 X48.997 Y51.1 E.01408
G1 X48.884 Y50.562 E.0141
G1 X48.881 Y50.053 E.01306
G1 E-3.5 F3600
;WIPE_START
G1 F7200
G1 X48.884 Y49.993 E-.02854
G1 X48.986 Y49.473 E-.25171
G1 X49.195 Y48.965 E-.26092
G1 X49.617 Y48.38 E-.34263
G1 X50.002 Y48.038 E-.24461
G1 X50.475 Y47.761 E-.26037
G1 X50.696 Y47.685 E-.11122
;WIPE_END
G1 X51.187 Y27.782 F9000
G1 E5 F2400
;TYPE:Perimeter
;WIDTH:0.439999
G1 F1800
G1 X50.76 Y27.718 E.01165
G1 X50.093 Y27.478 E.01913
G1 X49.488 Y27.11 E.01911
G1 X48.983 Y26.645 E.01852
G1 X48.598 Y26.124 E.01748
G1 X48.315 Y25.546 E.01737
G1 X48.2 Y25.222 E.00928
G1 X48.099 Y24.721 E.01379
G1 X48.079 Y24.012 E.01914
G1 X48.2 Y23.314 E.01912
G1 X48.457 Y22.654 E.01911
G1 X48.971 Y21.907 E.02447
G1 X49.476 Y21.434 E.01867
G1 X50.075 Y21.067 E.01896
G1 X50.74 Y20.823 E.01911
G1 X51.44 Y20.715 E.01911
G1 X52.148 Y20.748 E.01913
G1 X52.835 Y20.921 E.01912
G1 X53.474 Y21.227 E.01912
G1 X54.027 Y21.643 E.01867
G1 X54.51 Y22.183 E.01955
G1 X54.866 Y22.795 E.01911
G1 X55.094 Y23.466 E.01912
G1 X55.184 Y24.169 E.01913
G1 X55.133 Y24.876 E.01913
G1 X54.943 Y25.558 E.0191
G1 X54.622 Y26.19 E.01913
G1 X54.072 Y26.851 E.0232
G1 X53.492 Y27.298 E.01976
G1 X52.854 Y27.608 E.01914
G1 X52.168 Y27.785 E.01912
G1 X51.461 Y27.822 E.0191
G1 X51.247 Y27.79 E.00584
G1 X51.237 Y27.383 F9000
G1 F1800
G1 X50.83 Y27.319 E.01112
G1 X50.242 Y27.1 E.01693
G1 X49.708 Y26.77 E.01694
G1 X49.266 Y26.355 E.01636
G1 X48.933 Y25.895 E.01532
G1 X48.689 Y25.388 E.01518
G1 X48.598 Y25.141 E.0071
G1 X48.496 Y24.64 E.0138
G1 X48.485 Y24.012 E.01695
G1 X48.598 Y23.395 E.01693
G1 X48.831 Y22.812 E.01694
G1 X49.298 Y22.146 E.02195
G1 X49.742 Y21.74 E.01624
G1 X50.278 Y21.418 E.01687
G1 X50.869 Y21.207 E.01693
G1 X51.491 Y21.118 E.01696
G1 X52.117 Y21.153 E.01692
G1 X52.725 Y21.312 E.01696
G1 X53.289 Y21.588 E.01694
G1 X53.774 Y21.96 E.01649
G1 X54.2 Y22.444 E.0174
G1 X54.51 Y22.989 E.01692
G1 X54.706 Y23.586 E.01696
G1 X54.78 Y24.209 E.01693
G1 X54.73 Y24.835 E.01695
G1 X54.556 Y25.439 E.01696
G1 X54.266 Y25.996 E.01695
G1 X53.768 Y26.582 E.02075
G1 X53.255 Y26.969 E.01734
G1 X52.687 Y27.238 E.01696
G1 X52.078 Y27.389 E.01693
G1 X51.451 Y27.416 E.01694
G1 X51.297 Y27.392 E.00421
G1 X51.286 Y26.995 F9000
;TYPE:External perimeter
;WIDTH:0.419999
G1 F1800
G1 X50.899 Y26.929 E.01007
G1 X50.386 Y26.732 E.0141
G1 X49.922 Y26.437 E.01411
G1 X49.542 Y26.072 E.01352
G1 X49.214 Y25.604 E.01466
G1 X48.997 Y25.1 E.01408
G1 X48.884 Y24.562 E.0141
G1 X48.88 Y24.012 E.01411
G1 X48.986 Y23.473 E.01409
G1 X49.195 Y22.965 E.01409
G1 X49.617 Y22.38 E.01851
G1 X50.002 Y22.038 E.01321
G1 X50.475 Y21.761 E.01406
G1 X50.995 Y21.582 E.01411
G1 X51.54 Y21.51 E.0141
G1 X52.088 Y21.548 E.01409
G1 X52.618 Y21.693 E.0141
G1 X53.108 Y21.94 E.01408
G1 X53.527 Y22.269 E.01367
G1 X53.897 Y22.698 E.01453
G1 X54.163 Y23.179 E.0141
G1 X54.328 Y23.703 E.01409
G1 X54.387 Y24.249 E.01409
G1 X54.336 Y24.796 E.01409
G1 X54.178 Y25.322 E.01409
G1 X53.918 Y25.807 E.01412
G1 X53.471 Y26.32 E.01746
G1 X53.024 Y26.648 E.01422
G1 X52.525 Y26.877 E.01409
G1 X51.99 Y27.003 E.0141
G1 X51.441 Y27.021 E.01409
G1 X51.345 Y27.005 E.0025
G1 E-3.5 F3600
;WIPE_START
G1 F7200
G1 X51.286 Y26.995 E-.02842
G1 X50.899 Y26.929 E-.18648
G1 X50.386 Y26.732 E-.26102
G1 X49.922 Y26.437 E-.26117
G1 X49.542 Y26.072 E-.25028
G1 X49.214 Y25.604 E-.27146
G1 X49.013 Y25.137 E-.24117
;WIPE_END
G1 X54.913 Y17.989 F9000
G1 E5 F2400
;TYPE:Perimeter
;WIDTH:0.439999
G1 F3600
G1 X55.214 Y18.197 E.00987
G1 X55.611 Y18.279 E.01094
G1 X57.116 Y18.279 E.04061
G1 X57.116 Y60.257 E1.13277
G1 X18.139 Y60.257 E1.05179
G1 X18.139 Y18.279 E1.13277
G1 X19.748 Y18.279 E.04342
G1 X20.046 Y18.195 E.00835
G1 X20.359 Y17.977 E.01029
G1 X20.563 Y17.667 E.01001
G1 X20.639 Y17.285 E.01051
G1 X20.639 Y15.279 E.05413
G1 X54.616 Y15.279 E.91686
G1 X54.616 Y17.285 E.05413
G1 X54.694 Y17.67 E.0106
G1 X54.875 Y17.943 E.00884
G1 X55.202 Y17.696 F9000
G1 F3600
G1 X55.323 Y17.798 E.00427
G1 X55.611 Y17.874 E.00804
G1 X57.522 Y17.874 E.05157
G1 X57.522 Y60.662 E1.15463
G1 X17.733 Y60.662 E1.0737
G1 X17.733 Y17.874 E1.15463
G1 X19.711 Y17.874 E.05338
G1 X19.978 Y17.77 E.00773
G1 X20.164 Y17.562 E.00753
G1 X20.233 Y17.285 E.0077
G1 X20.233 Y14.874 E.06506
G1 X55.022 Y14.874 E.93877
G1 X55.022 Y17.375 E.06749
G1 X55.151 Y17.653 E.00827
G1 X55.156 Y17.657 E.00017
G1 X55.484 Y17.417 F9000
;TYPE:External perimeter
;WIDTH:0.419999
G1 F1800
G1 X55.611 Y17.478 E.00361
G1 X57.918 Y17.478 E.05918
G1 X57.918 Y61.058 E1.11802
G1 X17.338 Y61.058 E1.04106
G1 X17.338 Y17.478 E1.11802
G1 X19.645 Y17.478 E.05918
G1 X19.769 Y17.432 E.00339
G1 X19.838 Y17.285 E.00417
G1 X19.838 Y14.478 E.07201
G1 X55.418 Y14.478 E.91278
G1 X55.418 Y17.285 E.07201
G1 X55.449 Y17.374 E.00242
G1 E-3.5 F3600
;WIPE_START
G1 F7200
G1 X55.484 Y17.417 E-.02634
G1 X55.611 Y17.478 E-.06692
G1 X57.918 Y17.478 E-1.09582
G1 X57.918 Y18.133 E-.31092
;WIPE_END
G1 X54.284 Y27.079 F9000
G1 E5 F2400
;TYPE:Internal infill
;WIDTH:0.44
G1 F3600
G1 X54.893 Y26.345 E.02574
G1 X55.24 Y25.655 E.02084
G1 X55.434 Y24.977 E.01903
G1 X56.804 Y26.347 E.05228
G1 X56.804 Y26.241 E.00286
G1 X23.101 Y59.944 E1.28619
G1 X21.558 Y59.944 E.04164
G1 X18.451 Y56.838 E.11855
G1 X18.451 Y56.944 E.00286
G1 X21.746 Y53.649 E.12574
G1 X22.515 Y53.978 E.02257
G1 X23.394 Y54.131 E.02408
G1 X29.207 Y59.944 E.22184
G1 X30.75 Y59.944 E.04164
G1 X56.804 Y33.89 E.99428
G1 X56.804 Y33.997 E.00289
G1 X50.852 Y28.044 E.22716
G1 X51.331 Y28.131 E.01314
G1 X51.984 Y28.121 E.01762
G1 X52.741 Y27.974 E.02081
G1 X53.226 Y27.783 E.01407
G1 E-3.5
;WIPE_START
G1 F7200
G1 X52.741 Y27.974 E-.2476
G1 X51.984 Y28.121 E-.36629
G1 X51.331 Y28.131 E-.31021
G1 X50.852 Y28.044 E-.23125
G1 X51.365 Y28.557 E-.34465
;WIPE_END
G1 X38.345 Y33.777 F9000
G1 E5 F2400
G1 F3600
G1 X38.918 Y33.935 E.01604
G1 X39.559 Y34.26 E.01939
G1 X40.122 Y34.708 E.01942
G1 X40.38 Y35.016 E.01084
G1 X48.651 Y26.745 E.31564
G1 X48.227 Y26.125 E.02027
G1 X47.927 Y25.416 E.02077
G1 X47.855 Y25.048 E.01012
G1 X38.399 Y15.592 E.36086
G1 X36.856 Y15.592 E.04164
G1 X27.416 Y25.032 E.36025
G1 X27.094 Y25.996 E.02743
G1 X26.599 Y26.74 E.02411
G1 X34.875 Y35.015 E.31581
G1 X34.596 Y35.375 E.01229
G1 X34.277 Y36.025 E.01954
G1 X34.095 Y36.725 E.01952
G1 X34.055 Y37.329 E.01633
G1 X34.127 Y37.989 E.01792
G1 X34.344 Y38.68 E.01954
G1 X34.696 Y39.312 E.01952
G1 X35.373 Y40.023 E.02649
G1 X26.998 Y48.398 E.31961
G1 X27.175 Y48.713 E.00975
G1 X27.426 Y49.503 E.02237
G1 X27.498 Y50.175 E.01824
G1 X27.475 Y50.563 E.01049
G1 X36.856 Y59.944 E.358
G1 X38.399 Y59.944 E.04164
G1 X47.772 Y50.571 E.3577
G1 X47.771 Y49.898 E.01816
G1 X47.941 Y49.08 E.02255
G1 X48.246 Y48.386 E.02046
G1 X39.882 Y40.022 E.31919
G1 X40.206 Y39.743 E.01154
G1 X40.608 Y39.24 E.01738
G1 X40.94 Y38.61 E.01922
G1 X41.128 Y37.988 E.01753
G1 E-3.5
;WIPE_START
G1 F7200
G1 X40.94 Y38.61 E-.30865
G1 X40.608 Y39.24 E-.33826
G1 X40.206 Y39.743 E-.30585
G1 X39.882 Y40.022 E-.2031
G1 X40.394 Y40.534 E-.34414
;WIPE_END
G1 X49.605 Y46.986 F9000
G1 E5 F2400
G1 F3600
G1 X49.992 Y46.757 E.01213
G1 X50.755 Y46.493 E.02179
G1 X51.406 Y46.405 E.01773
G1 X51.925 Y46.419 E.01401
G1 X56.804 Y41.54 E.18619
G1 X56.804 Y41.646 E.00286
G1 X30.75 Y15.592 E.99428
G1 X29.207 Y15.592 E.04164
G1 X24.334 Y20.465 E.18597
G1 X23.471 Y20.398 E.02336
G1 X22.771 Y20.49 E.01905
G1 X22.036 Y20.736 E.02092
G1 X21.159 Y21.3 E.02814
G1 X18.451 Y18.592 E.10334
G1 X18.451 Y18.698 E.00286
G1 X18.559 Y18.59 E.00412
G1 X19.822 Y18.58 E.03408
G1 X20.3 Y18.416 E.01364
G1 X20.584 Y18.195 E.00971
G1 X20.799 Y17.899 E.00987
G1 X20.927 Y17.539 E.01031
G1 X20.951 Y16.198 E.03619
G1 X21.558 Y15.592 E.02315
G1 X23.101 Y15.592 E.04164
G1 X56.804 Y49.295 E1.28619
G1 X56.804 Y49.189 E.00286
G1 X55.483 Y50.51 E.05041
G1 X55.495 Y50.143 E.00991
G1 X55.394 Y49.379 E.0208
G1 X55.143 Y48.651 E.02078
G1 X54.892 Y48.191 E.01414
G1 E-3.5
;WIPE_START
G1 F7200
G1 X55.143 Y48.651 E-.24891
G1 X55.394 Y49.379 E-.36578
G1 X55.495 Y50.143 E-.36606
G1 X55.483 Y50.51 E-.17442
G1 X55.996 Y49.997 E-.34483
;WIPE_END
G1 X20.645 Y52.731 F9000
G1 E5 F2400
G1 F3600
G1 X20.291 Y52.227 E.01662
G1 X19.969 Y51.527 E.02079
G1 X19.767 Y50.504 E.02814
G1 X18.451 Y49.189 E.0502
G1 X18.451 Y49.295 E.00286
G1 X52.155 Y15.592 E1.2862
G1 X53.698 Y15.592 E.04164
G1 X54.304 Y16.198 E.02313
G1 X54.328 Y17.538 E.03617
G1 X54.588 Y18.1 E.01671
G1 X54.971 Y18.425 E.01355
G1 X55.434 Y18.58 E.01318
G1 X56.696 Y18.59 E.03406
G1 X56.804 Y18.698 E.00412
G1 X56.804 Y18.592 E.00286
G1 X54.096 Y21.3 E.10334
G1 X53.73 Y21.014 E.01253
G1 X53.041 Y20.661 E.02089
G1 X52.294 Y20.452 E.02093
G1 X51.656 Y20.398 E.01728
G1 X50.923 Y20.466 E.01986
G1 X46.048 Y15.592 E.18602
G1 X44.505 Y15.592 E.04164
G1 X18.451 Y41.646 E.99428
G1 X18.451 Y41.54 E.00286
G1 X23.326 Y46.415 E.18604
G1 X22.646 Y46.525 E.01859
G1 X22.151 Y46.691 E.01409
G1 X21.471 Y47.055 E.02081
G1 X21.118 Y47.332 E.01211
G1 E-3.5
;WIPE_START
G1 F7200
G1 X21.471 Y47.055 E-.21314
G1 X22.151 Y46.691 E-.36637
G1 X22.646 Y46.525 E-.24799
G1 X23.326 Y46.415 E-.3272
G1 X22.812 Y45.901 E-.3453
;WIPE_END
G1 X22.02 Y27.785 F9000
G1 E5 F2400
G1 F3600
G1 X22.7 Y28.025 E.01946
G1 X23.214 Y28.116 E.01409
G1 X23.985 Y28.121 E.02081
G1 X24.396 Y28.051 E.01125
G1 X18.451 Y33.997 E.22689
G1 X18.451 Y33.89 E.00289
G1 X44.505 Y59.944 E.99428
G1 X46.048 Y59.944 E.04164
G1 X51.869 Y54.124 E.22212
G1 X52.834 Y53.949 E.02647
G1 X53.508 Y53.648 E.01992
G1 X56.804 Y56.944 E.12578
G1 X56.804 Y56.838 E.00286
G1 X53.698 Y59.944 E.11853
G1 X52.155 Y59.944 E.04164
G1 X18.451 Y26.241 E1.2862
G1 X18.451 Y26.347 E.00286
G1 X19.83 Y24.968 E.05263
G1 X19.767 Y24.528 E.01199
G1 X19.792 Y23.759 E.02076
G1 X19.895 Y23.247 E.01409
G1 X20.142 Y22.597 E.01876
;LAYER_CHANGE
;Z:3.72
;HEIGHT:0.16
;BEFORE_LAYER_CHANGE
G92 E0
;3.72


G1 E-3.5 F3600
;WIPE_START
G1 F7200
G1 X19.895 Y23.247 E-.33029
G1 X19.792 Y23.759 E-.24807
G1 X19.767 Y24.528 E-.36547
G1 X19.83 Y24.968 E-.21113
G1 X19.317 Y25.482 E-.34504
;WIPE_END
G1 Z3.72 F9000
;AFTER_LAYER_CHANGE
;3.72
G1 X35.134 Y35.177
G1 E5 F2400
;TYPE:Perimeter
;WIDTH:0.439999
G1 F1800
G1 X35.646 Y34.682 E.01922
G1 X36.198 Y34.34 E.01752
G1 X36.807 Y34.115 E.01752
G1 X37.448 Y34.015 E.01751
G1 X37.987 Y34.036 E.01456
G1 X38.291 Y34.078 E.00828
G1 X38.807 Y34.227 E.01449
G1 X39.311 Y34.479 E.01521
G1 X39.813 Y34.854 E.01691
G1 X40.263 Y35.352 E.01811
G1 X40.59 Y35.912 E.0175
G1 X40.8 Y36.526 E.01751
G1 X40.884 Y37.169 E.0175
G1 X40.839 Y37.816 E.0175
G1 X40.667 Y38.442 E.01752
G1 X40.374 Y39.021 E.01751
G1 X40.067 Y39.43 E.0138
G1 X39.609 Y39.854 E.01684
G1 X39.057 Y40.196 E.01752
G1 X38.449 Y40.421 E.01749
G1 X37.808 Y40.521 E.01751
G1 X37.16 Y40.492 E.0175
G1 X36.53 Y40.336 E.01751
G1 X35.944 Y40.057 E.01751
G1 X35.425 Y39.668 E.0175
G1 X34.993 Y39.184 E.01751
G1 X34.665 Y38.624 E.01751
G1 X34.455 Y38.01 E.01751
G1 X34.373 Y37.403 E.01653
G1 X34.394 Y36.864 E.01456
G1 X34.534 Y36.247 E.01707
G1 X34.797 Y35.654 E.01751
G1 X35.1 Y35.226 E.01415
G1 X35.446 Y35.438 F9000
G1 F1800
G1 X35.458 Y35.422 E.00054
G1 X35.915 Y34.986 E.01704
G1 X36.401 Y34.692 E.01533
G1 X36.936 Y34.5 E.01534
G1 X37.498 Y34.418 E.01533
G1 X38.065 Y34.448 E.01532
G1 X38.615 Y34.591 E.01534
G1 X39.126 Y34.84 E.01534
G1 X39.56 Y35.171 E.01473
G1 X39.952 Y35.613 E.01594
G1 X40.234 Y36.106 E.01533
G1 X40.412 Y36.645 E.01532
G1 X40.481 Y37.209 E.01533
G1 X40.436 Y37.776 E.01535
G1 X40.279 Y38.322 E.01533
G1 X40.018 Y38.826 E.01532
G1 X39.685 Y39.246 E.01446
G1 X39.284 Y39.595 E.01435
G1 X38.846 Y39.849 E.01366
G1 X38.32 Y40.036 E.01506
G1 X37.757 Y40.119 E.01536
G1 X37.19 Y40.088 E.01532
G1 X36.64 Y39.945 E.01534
G1 X36.129 Y39.696 E.01534
G1 X35.678 Y39.351 E.01532
G1 X35.304 Y38.924 E.01532
G1 X35.022 Y38.43 E.01535
G1 X34.843 Y37.891 E.01533
G1 X34.776 Y37.361 E.01442
G1 X34.803 Y36.849 E.01384
G1 X34.927 Y36.347 E.01395
G1 X35.163 Y35.83 E.01534
G1 X35.411 Y35.486 E.01144
G1 X35.749 Y35.692 F9000
;TYPE:External perimeter
;WIDTH:0.419999
G1 F1800
G1 X35.773 Y35.661 E.00101
G1 X36.177 Y35.283 E.01419
G1 X36.612 Y35.027 E.01295
G1 X37.091 Y34.867 E.01296
G1 X37.586 Y34.809 E.01279
G1 X38.074 Y34.85 E.01256
G1 X38.544 Y34.986 E.01255
G1 X38.978 Y35.213 E.01257
G1 X39.358 Y35.521 E.01255
G1 X39.689 Y35.933 E.01356
G1 X39.932 Y36.432 E.01424
G1 X40.042 Y36.8 E.00985
G1 X40.087 Y37.287 E.01255
G1 X40.034 Y37.774 E.01257
G1 X39.886 Y38.241 E.01257
G1 X39.594 Y38.738 E.01479
G1 X39.345 Y39.018 E.00961
G1 X39.048 Y39.276 E.01009
G1 X38.622 Y39.517 E.01256
G1 X38.156 Y39.67 E.01258
G1 X37.67 Y39.727 E.01255
G1 X37.182 Y39.686 E.01256
G1 X36.711 Y39.55 E.01258
G1 X36.277 Y39.323 E.01257
G1 X35.897 Y39.015 E.01255
G1 X35.585 Y38.637 E.01257
G1 X35.354 Y38.206 E.01255
G1 X35.214 Y37.738 E.01253
G1 X35.169 Y37.286 E.01165
G1 X35.199 Y36.882 E.01039
G1 X35.323 Y36.409 E.01254
G1 X35.539 Y35.969 E.01257
G1 X35.713 Y35.74 E.00738
G1 E-3.5 F3600
;WIPE_START
G1 F7200
G1 X35.749 Y35.692 E-.0285
G1 X35.773 Y35.661 E-.01862
G1 X36.177 Y35.283 E-.2628
G1 X36.612 Y35.027 E-.23975
G1 X37.091 Y34.867 E-.23988
G1 X37.586 Y34.809 E-.23673
G1 X38.074 Y34.85 E-.23262
G1 X38.544 Y34.986 E-.23241
G1 X38.56 Y34.994 E-.00869
;WIPE_END
G1 X25.836 Y47.499 F9000
G1 E5 F2400
;TYPE:Perimeter
;WIDTH:0.439999
G1 F1800
G1 X26.04 Y47.653 E.0069
G1 X26.51 Y48.183 E.01912
G1 X26.866 Y48.795 E.01911
G1 X27.094 Y49.466 E.01912
G1 X27.184 Y50.169 E.01913
G1 X27.133 Y50.876 E.01913
G1 X26.943 Y51.558 E.0191
G1 X26.622 Y52.19 E.01913
G1 X26.072 Y52.851 E.0232
G1 X25.492 Y53.299 E.01978
G1 X24.854 Y53.608 E.01913
G1 X24.168 Y53.785 E.01912
G1 X23.461 Y53.822 E.0191
G1 X22.76 Y53.718 E.01912
G1 X22.093 Y53.478 E.01913
G1 X21.488 Y53.11 E.01911
G1 X20.967 Y52.63 E.01912
G1 X20.552 Y52.056 E.01911
G1 X20.258 Y51.411 E.01913
G1 X20.099 Y50.721 E.01911
G1 X20.079 Y50.012 E.01914
G1 X20.2 Y49.314 E.01912
G1 X20.457 Y48.654 E.01911
G1 X20.967 Y47.91 E.02434
G1 X21.475 Y47.435 E.01877
G1 X22.075 Y47.067 E.01899
G1 X22.74 Y46.823 E.01911
G1 X23.44 Y46.715 E.01911
G1 X24.148 Y46.748 E.01913
G1 X24.835 Y46.921 E.01912
G1 X25.474 Y47.227 E.01912
G1 X25.788 Y47.463 E.0106
G1 X25.584 Y47.815 F9000
G1 F1800
G1 X25.787 Y47.97 E.00689
G1 X26.2 Y48.444 E.01696
G1 X26.51 Y48.989 E.01692
G1 X26.706 Y49.586 E.01696
G1 X26.78 Y50.209 E.01693
G1 X26.73 Y50.835 E.01695
G1 X26.556 Y51.439 E.01696
G1 X26.266 Y51.996 E.01695
G1 X25.768 Y52.582 E.02075
G1 X25.255 Y52.969 E.01734
G1 X24.687 Y53.238 E.01696
G1 X24.078 Y53.389 E.01693
G1 X23.451 Y53.416 E.01694
G1 X22.83 Y53.319 E.01696
G1 X22.242 Y53.1 E.01693
G1 X21.708 Y52.77 E.01694
G1 X21.25 Y52.34 E.01695
G1 X20.887 Y51.827 E.01696
G1 X20.632 Y51.253 E.01695
G1 X20.496 Y50.64 E.01694
G1 X20.485 Y50.012 E.01695
G1 X20.598 Y49.395 E.01693
G1 X20.831 Y48.812 E.01694
G1 X21.295 Y48.15 E.02182
G1 X21.742 Y47.741 E.01635
G1 X22.278 Y47.418 E.01689
G1 X22.869 Y47.207 E.01693
G1 X23.491 Y47.118 E.01696
G1 X24.117 Y47.153 E.01692
G1 X24.725 Y47.312 E.01696
G1 X25.289 Y47.588 E.01694
G1 X25.537 Y47.778 E.00843
G1 X25.339 Y48.122 F9000
;TYPE:External perimeter
;WIDTH:0.419999
G1 F1800
G1 X25.54 Y48.28 E.00656
G1 X25.897 Y48.698 E.0141
G1 X26.163 Y49.179 E.0141
G1 X26.328 Y49.703 E.01409
G1 X26.387 Y50.249 E.01409
G1 X26.336 Y50.796 E.01409
G1 X26.178 Y51.322 E.01409
G1 X25.918 Y51.807 E.01412
G1 X25.471 Y52.32 E.01746
G1 X25.024 Y52.648 E.01422
G1 X24.525 Y52.877 E.01409
G1 X23.99 Y53.003 E.0141
G1 X23.441 Y53.021 E.01409
G1 X22.899 Y52.929 E.0141
G1 X22.386 Y52.732 E.0141
G1 X21.922 Y52.437 E.01411
G1 X21.526 Y52.056 E.0141
G1 X21.214 Y51.604 E.01409
G1 X20.997 Y51.1 E.01408
G1 X20.884 Y50.562 E.0141
G1 X20.88 Y50.012 E.01411
G1 X20.986 Y49.473 E.01409
G1 X21.195 Y48.965 E.01409
G1 X21.614 Y48.383 E.0184
G1 X22.002 Y48.039 E.0133
G1 X22.475 Y47.761 E.01408
G1 X22.995 Y47.582 E.01411
G1 X23.54 Y47.51 E.0141
G1 X24.088 Y47.548 E.01409
G1 X24.618 Y47.693 E.0141
G1 X25.108 Y47.94 E.01408
G1 X25.292 Y48.084 E.00599
G1 E-3.5 F3600
;WIPE_START
G1 F7200
G1 X25.339 Y48.122 E-.02871
G1 X25.54 Y48.28 E-.12144
G1 X25.897 Y48.698 E-.26111
G1 X26.163 Y49.179 E-.26108
G1 X26.328 Y49.703 E-.26095
G1 X26.387 Y50.249 E-.26086
G1 X26.336 Y50.796 E-.26095
G1 X26.309 Y50.887 E-.0449
;WIPE_END
G1 X23.892 Y27.799 F9000
G1 E5 F2400
;TYPE:Perimeter
;WIDTH:0.439999
G1 F1800
G1 X23.461 Y27.822 E.01165
G1 X22.76 Y27.718 E.01912
G1 X22.093 Y27.478 E.01913
G1 X21.488 Y27.11 E.01911
G1 X20.967 Y26.63 E.01912
G1 X20.552 Y26.056 E.01911
G1 X20.258 Y25.411 E.01913
G1 X20.099 Y24.721 E.01911
G1 X20.079 Y24.012 E.01914
G1 X20.2 Y23.314 E.01912
G1 X20.457 Y22.654 E.01911
G1 X20.967 Y21.91 E.02434
G1 X21.475 Y21.435 E.01877
G1 X22.075 Y21.067 E.01899
G1 X22.74 Y20.823 E.01911
G1 X23.44 Y20.715 E.01911
G1 X24.148 Y20.748 E.01913
G1 X24.835 Y20.921 E.01912
G1 X25.474 Y21.227 E.01912
G1 X26.04 Y21.653 E.01912
G1 X26.51 Y22.183 E.01912
G1 X26.866 Y22.795 E.01911
G1 X27.094 Y23.466 E.01912
G1 X27.184 Y24.169 E.01913
G1 X27.133 Y24.876 E.01913
G1 X26.943 Y25.558 E.0191
G1 X26.622 Y26.19 E.01913
G1 X26.072 Y26.851 E.0232
G1 X25.492 Y27.299 E.01978
G1 X24.854 Y27.608 E.01913
G1 X24.168 Y27.785 E.01912
G1 X23.952 Y27.796 E.00584
G1 X23.862 Y27.398 F9000
G1 F1800
G1 X23.451 Y27.416 E.0111
G1 X22.83 Y27.319 E.01696
G1 X22.242 Y27.1 E.01693
G1 X21.708 Y26.77 E.01694
G1 X21.25 Y26.34 E.01695
G1 X20.887 Y25.827 E.01696
G1 X20.632 Y25.253 E.01695
G1 X20.496 Y24.64 E.01694
G1 X20.485 Y24.012 E.01695
G1 X20.598 Y23.395 E.01693
G1 X20.831 Y22.812 E.01694
G1 X21.295 Y22.15 E.02182
G1 X21.742 Y21.741 E.01635
G1 X22.278 Y21.418 E.01689
G1 X22.869 Y21.207 E.01693
G1 X23.491 Y21.118 E.01696
G1 X24.117 Y21.153 E.01692
G1 X24.725 Y21.312 E.01696
G1 X25.289 Y21.588 E.01694
G1 X25.787 Y21.97 E.01694
G1 X26.2 Y22.444 E.01696
G1 X26.51 Y22.989 E.01692
G1 X26.706 Y23.586 E.01696
G1 X26.78 Y24.209 E.01693
G1 X26.73 Y24.835 E.01695
G1 X26.556 Y25.439 E.01696
G1 X26.266 Y25.996 E.01695
G1 X25.768 Y26.582 E.02075
G1 X25.255 Y26.969 E.01734
G1 X24.687 Y27.238 E.01696
G1 X24.078 Y27.389 E.01693
G1 X23.922 Y27.396 E.00421
G1 X23.833 Y27.008 F9000
;TYPE:External perimeter
;WIDTH:0.419999
G1 F1800
G1 X23.441 Y27.021 E.01006
G1 X22.899 Y26.929 E.0141
G1 X22.386 Y26.732 E.0141
G1 X21.922 Y26.437 E.01411
G1 X21.526 Y26.056 E.0141
G1 X21.214 Y25.604 E.01409
G1 X20.997 Y25.1 E.01408
G1 X20.884 Y24.562 E.0141
G1 X20.88 Y24.012 E.01411
G1 X20.986 Y23.473 E.01409
G1 X21.195 Y22.965 E.01409
G1 X21.614 Y22.383 E.0184
G1 X22.002 Y22.039 E.0133
G1 X22.475 Y21.761 E.01408
G1 X22.995 Y21.582 E.01411
G1 X23.54 Y21.51 E.0141
G1 X24.088 Y21.548 E.01409
G1 X24.618 Y21.693 E.0141
G1 X25.108 Y21.94 E.01408
G1 X25.54 Y22.28 E.0141
G1 X25.897 Y22.698 E.0141
G1 X26.163 Y23.179 E.0141
G1 X26.328 Y23.703 E.01409
G1 X26.387 Y24.249 E.01409
G1 X26.336 Y24.796 E.01409
G1 X26.178 Y25.322 E.01409
G1 X25.918 Y25.807 E.01412
G1 X25.471 Y26.32 E.01746
G1 X25.024 Y26.648 E.01422
G1 X24.525 Y26.877 E.01409
G1 X23.99 Y27.003 E.0141
G1 X23.893 Y27.006 E.00249
G1 E-3.5 F3600
;WIPE_START
G1 F7200
G1 X23.833 Y27.008 E-.02852
G1 X23.441 Y27.021 E-.1863
G1 X22.899 Y26.929 E-.26113
G1 X22.386 Y26.732 E-.26102
G1 X21.922 Y26.437 E-.26117
G1 X21.526 Y26.056 E-.26102
G1 X21.238 Y25.639 E-.24084
;WIPE_END
G1 X48.096 Y24.621 F9000
G1 E5 F2400
;TYPE:Perimeter
;WIDTH:0.439999
G1 F1800
G1 X48.079 Y24.012 E.01644
G1 X48.2 Y23.314 E.01912
G1 X48.457 Y22.654 E.01911
G1 X48.967 Y21.91 E.02434
G1 X49.475 Y21.435 E.01877
G1 X50.075 Y21.067 E.01899
G1 X50.74 Y20.823 E.01911
G1 X51.44 Y20.715 E.01911
G1 X52.148 Y20.748 E.01913
G1 X52.835 Y20.921 E.01912
G1 X53.474 Y21.227 E.01912
G1 X54.027 Y21.643 E.01867
G1 X54.51 Y22.183 E.01955
G1 X54.866 Y22.795 E.01911
G1 X55.094 Y23.466 E.01912
G1 X55.184 Y24.169 E.01913
G1 X55.133 Y24.876 E.01913
G1 X54.943 Y25.558 E.0191
G1 X54.622 Y26.19 E.01913
G1 X54.072 Y26.851 E.0232
G1 X53.492 Y27.299 E.01978
G1 X52.854 Y27.608 E.01913
G1 X52.168 Y27.785 E.01912
G1 X51.461 Y27.822 E.0191
G1 X50.76 Y27.718 E.01912
G1 X50.093 Y27.478 E.01913
G1 X49.488 Y27.11 E.01911
G1 X48.983 Y26.645 E.01852
G1 X48.598 Y26.124 E.01748
G1 X48.315 Y25.546 E.01737
G1 X48.2 Y25.222 E.00928
G1 X48.099 Y24.721 E.01379
G1 X48.098 Y24.681 E.00108
G1 X48.495 Y24.581 F9000
G1 F1800
G1 X48.485 Y24.012 E.01536
G1 X48.598 Y23.395 E.01693
G1 X48.831 Y22.812 E.01694
G1 X49.295 Y22.15 E.02182
G1 X49.742 Y21.741 E.01635
G1 X50.278 Y21.418 E.01689
G1 X50.869 Y21.207 E.01693
G1 X51.491 Y21.118 E.01696
G1 X52.117 Y21.153 E.01692
G1 X52.725 Y21.312 E.01696
G1 X53.289 Y21.588 E.01694
G1 X53.774 Y21.96 E.01649
G1 X54.2 Y22.444 E.0174
G1 X54.51 Y22.989 E.01692
G1 X54.706 Y23.586 E.01696
G1 X54.78 Y24.209 E.01693
G1 X54.73 Y24.835 E.01695
G1 X54.556 Y25.439 E.01696
G1 X54.266 Y25.996 E.01695
G1 X53.768 Y26.582 E.02075
G1 X53.255 Y26.969 E.01734
G1 X52.687 Y27.238 E.01696
G1 X52.078 Y27.389 E.01693
G1 X51.451 Y27.416 E.01694
G1 X50.83 Y27.319 E.01696
G1 X50.242 Y27.1 E.01693
G1 X49.708 Y26.77 E.01694
G1 X49.266 Y26.355 E.01636
G1 X48.933 Y25.895 E.01532
G1 X48.689 Y25.388 E.01518
G1 X48.598 Y25.141 E.0071
G1 X48.497 Y24.641 E.01376
G1 X48.884 Y24.543 F9000
;TYPE:External perimeter
;WIDTH:0.419999
G1 F1800
G1 X48.88 Y24.012 E.01362
G1 X48.986 Y23.473 E.01409
G1 X49.195 Y22.965 E.01409
G1 X49.614 Y22.383 E.0184
G1 X50.002 Y22.039 E.0133
G1 X50.475 Y21.761 E.01408
G1 X50.995 Y21.582 E.01411
G1 X51.54 Y21.51 E.0141
G1 X52.088 Y21.548 E.01409
G1 X52.618 Y21.693 E.0141
G1 X53.108 Y21.94 E.01408
G1 X53.527 Y22.269 E.01367
G1 X53.897 Y22.698 E.01453
G1 X54.163 Y23.179 E.0141
G1 X54.328 Y23.703 E.01409
G1 X54.387 Y24.249 E.01409
G1 X54.336 Y24.796 E.01409
G1 X54.178 Y25.322 E.01409
G1 X53.918 Y25.807 E.01412
G1 X53.471 Y26.32 E.01746
G1 X53.024 Y26.648 E.01422
G1 X52.525 Y26.877 E.01409
G1 X51.99 Y27.003 E.0141
G1 X51.441 Y27.021 E.01409
G1 X50.899 Y26.929 E.0141
G1 X50.386 Y26.732 E.0141
G1 X49.922 Y26.437 E.01411
G1 X49.542 Y26.072 E.01352
G1 X49.214 Y25.604 E.01466
G1 X48.997 Y25.1 E.01408
G1 X48.893 Y24.602 E.01305
G1 E-3.5 F3600
;WIPE_START
G1 F7200
G1 X48.884 Y24.543 E-.02835
G1 X48.88 Y24.012 E-.25223
G1 X48.986 Y23.473 E-.26093
G1 X49.195 Y22.965 E-.26092
G1 X49.614 Y22.383 E-.34064
G1 X50.002 Y22.039 E-.2463
G1 X50.203 Y21.921 E-.11063
;WIPE_END
G1 X51.187 Y46.754 F9000
G1 E5 F2400
;TYPE:Perimeter
;WIDTH:0.439999
G1 F1800
G1 X51.44 Y46.715 E.00691
G1 X52.148 Y46.748 E.01913
G1 X52.835 Y46.921 E.01912
G1 X53.474 Y47.227 E.01912
G1 X54.04 Y47.653 E.01912
G1 X54.51 Y48.183 E.01912
G1 X54.866 Y48.795 E.01911
G1 X55.094 Y49.466 E.01912
G1 X55.184 Y50.169 E.01913
G1 X55.133 Y50.876 E.01913
G1 X54.943 Y51.558 E.0191
G1 X54.622 Y52.19 E.01913
G1 X54.072 Y52.851 E.0232
G1 X53.492 Y53.299 E.01978
G1 X52.854 Y53.608 E.01913
G1 X52.168 Y53.785 E.01912
G1 X51.461 Y53.822 E.0191
G1 X50.76 Y53.718 E.01912
G1 X50.093 Y53.478 E.01913
G1 X49.488 Y53.11 E.01911
G1 X48.967 Y52.63 E.01912
G1 X48.552 Y52.056 E.01911
G1 X48.258 Y51.411 E.01913
G1 X48.099 Y50.721 E.01911
G1 X48.079 Y50.012 E.01914
G1 X48.2 Y49.314 E.01912
G1 X48.457 Y48.654 E.01911
G1 X48.758 Y48.197 E.01477
G1 X49.091 Y47.771 E.01459
G1 X49.475 Y47.435 E.01377
G1 X50.075 Y47.067 E.01899
G1 X50.74 Y46.823 E.01911
G1 X51.128 Y46.763 E.01059
G1 X51.237 Y47.154 F9000
G1 F1800
G1 X51.491 Y47.118 E.00692
G1 X52.117 Y47.153 E.01692
G1 X52.725 Y47.312 E.01696
G1 X53.289 Y47.588 E.01694
G1 X53.787 Y47.97 E.01694
G1 X54.2 Y48.444 E.01696
G1 X54.51 Y48.989 E.01692
G1 X54.706 Y49.586 E.01696
G1 X54.78 Y50.209 E.01693
G1 X54.73 Y50.835 E.01695
G1 X54.556 Y51.439 E.01696
G1 X54.266 Y51.996 E.01695
G1 X53.768 Y52.582 E.02075
G1 X53.255 Y52.969 E.01734
G1 X52.687 Y53.238 E.01696
G1 X52.078 Y53.389 E.01693
G1 X51.451 Y53.416 E.01694
G1 X50.83 Y53.319 E.01696
G1 X50.242 Y53.1 E.01693
G1 X49.708 Y52.77 E.01694
G1 X49.25 Y52.34 E.01695
G1 X48.887 Y51.827 E.01696
G1 X48.632 Y51.253 E.01695
G1 X48.496 Y50.64 E.01694
G1 X48.485 Y50.012 E.01695
G1 X48.598 Y49.395 E.01693
G1 X48.831 Y48.812 E.01694
G1 X49.295 Y48.15 E.02182
G1 X49.742 Y47.741 E.01635
G1 X50.278 Y47.418 E.01689
G1 X50.869 Y47.207 E.01693
G1 X51.178 Y47.163 E.00842
G1 X51.286 Y47.544 F9000
;TYPE:External perimeter
;WIDTH:0.419999
G1 F1800
G1 X51.54 Y47.51 E.00657
G1 X52.088 Y47.548 E.01409
G1 X52.618 Y47.693 E.0141
G1 X53.108 Y47.94 E.01408
G1 X53.54 Y48.28 E.0141
G1 X53.897 Y48.698 E.0141
G1 X54.163 Y49.179 E.0141
G1 X54.328 Y49.703 E.01409
G1 X54.387 Y50.249 E.01409
G1 X54.336 Y50.796 E.01409
G1 X54.178 Y51.322 E.01409
G1 X53.918 Y51.807 E.01412
G1 X53.471 Y52.32 E.01746
G1 X53.024 Y52.648 E.01422
G1 X52.525 Y52.877 E.01409
G1 X51.99 Y53.003 E.0141
G1 X51.441 Y53.021 E.01409
G1 X50.899 Y52.929 E.0141
G1 X50.386 Y52.732 E.0141
G1 X49.922 Y52.437 E.01411
G1 X49.526 Y52.056 E.0141
G1 X49.214 Y51.604 E.01409
G1 X48.997 Y51.1 E.01408
G1 X48.884 Y50.562 E.0141
G1 X48.88 Y50.012 E.01411
G1 X48.986 Y49.473 E.01409
G1 X49.195 Y48.965 E.01409
G1 X49.614 Y48.383 E.0184
G1 X50.002 Y48.039 E.0133
G1 X50.475 Y47.761 E.01408
G1 X50.995 Y47.582 E.01411
G1 X51.227 Y47.552 E.006
G1 E-3.5 F3600
;WIPE_START
G1 F7200
G1 X51.286 Y47.544 E-.02828
G1 X51.54 Y47.51 E-.12173
G1 X52.088 Y47.548 E-.26093
G1 X52.618 Y47.693 E-.261
G1 X53.108 Y47.94 E-.26065
G1 X53.54 Y48.28 E-.26113
G1 X53.897 Y48.698 E-.26111
G1 X53.943 Y48.781 E-.04517
;WIPE_END
G1 X57.116 Y60.257 F9000
G1 E5 F2400
;TYPE:Perimeter
;WIDTH:0.439999
G1 F3600
G1 X18.139 Y60.257 E1.05179
G1 X18.139 Y18.279 E1.13277
G1 X19.748 Y18.279 E.04342
G1 X20.046 Y18.195 E.00835
G1 X20.359 Y17.977 E.01029
G1 X20.563 Y17.667 E.01001
G1 X20.639 Y17.285 E.01051
G1 X20.639 Y15.279 E.05413
G1 X54.616 Y15.279 E.91686
G1 X54.616 Y17.285 E.05413
G1 X54.694 Y17.67 E.0106
G1 X54.898 Y17.979 E.00999
G1 X55.214 Y18.197 E.01036
G1 X55.611 Y18.279 E.01094
G1 X57.116 Y18.279 E.04061
G1 X57.116 Y60.197 E1.13115
G1 X57.522 Y60.662 F9000
G1 F3600
G1 X17.733 Y60.662 E1.0737
G1 X17.733 Y17.874 E1.15463
G1 X19.711 Y17.874 E.05338
G1 X19.978 Y17.77 E.00773
G1 X20.164 Y17.562 E.00753
G1 X20.233 Y17.285 E.0077
G1 X20.233 Y14.874 E.06506
G1 X55.022 Y14.874 E.93877
G1 X55.022 Y17.375 E.06749
G1 X55.151 Y17.653 E.00827
G1 X55.323 Y17.798 E.00607
G1 X55.611 Y17.874 E.00804
G1 X57.522 Y17.874 E.05157
G1 X57.522 Y60.602 E1.15301
G1 X57.918 Y61.058 F9000
;TYPE:External perimeter
;WIDTH:0.419999
G1 F1800
G1 X17.338 Y61.058 E1.04106
G1 X17.338 Y17.478 E1.11802
G1 X19.645 Y17.478 E.05918
G1 X19.769 Y17.432 E.00339
G1 X19.838 Y17.285 E.00417
G1 X19.838 Y14.478 E.07201
G1 X55.418 Y14.478 E.91278
G1 X55.418 Y17.285 E.07201
G1 X55.46 Y17.406 E.00329
G1 X55.611 Y17.478 E.00429
G1 X57.918 Y17.478 E.05918
G1 X57.918 Y60.998 E1.11648
G1 E-3.5 F3600
;WIPE_START
G1 F7200
G1 X57.918 Y61.058 E-.0285
G1 X54.82 Y61.058 E-1.4715
;WIPE_END
G1 X54.892 Y48.191 F9000
G1 E5 F2400
;TYPE:Internal infill
;WIDTH:0.44
G1 F3600
G1 X55.143 Y48.651 E.01414
G1 X55.394 Y49.379 E.02078
G1 X55.495 Y50.143 E.0208
G1 X55.483 Y50.51 E.00991
G1 X56.804 Y49.189 E.05041
G1 X56.804 Y49.295 E.00286
G1 X23.101 Y15.592 E1.28619
G1 X21.558 Y15.592 E.04164
G1 X20.951 Y16.198 E.02315
G1 X20.927 Y17.539 E.03619
G1 X20.799 Y17.899 E.01031
G1 X20.584 Y18.195 E.00987
G1 X20.3 Y18.416 E.00971
G1 X19.822 Y18.58 E.01364
G1 X18.559 Y18.59 E.03408
G1 X18.451 Y18.698 E.00412
G1 X18.451 Y18.592 E.00286
G1 X21.159 Y21.3 E.10334
G1 X22.036 Y20.736 E.02814
G1 X22.771 Y20.49 E.02092
G1 X23.471 Y20.398 E.01905
G1 X24.334 Y20.465 E.02336
G1 X29.207 Y15.592 E.18597
G1 X30.75 Y15.592 E.04164
G1 X56.804 Y41.646 E.99428
G1 X56.804 Y41.54 E.00286
G1 X51.925 Y46.419 E.18619
G1 X51.406 Y46.405 E.01401
G1 X50.755 Y46.493 E.01773
G1 X49.992 Y46.757 E.02179
G1 X49.605 Y46.986 E.01213
G1 E-3.5
;WIPE_START
G1 F7200
G1 X49.992 Y46.757 E-.2136
G1 X50.755 Y46.493 E-.38351
G1 X51.406 Y46.405 E-.31204
G1 X51.925 Y46.419 E-.24661
G1 X52.437 Y45.907 E-.34424
;WIPE_END
G1 X54.284 Y27.079 F9000
G1 E5 F2400
G1 F3600
G1 X54.893 Y26.345 E.02574
G1 X55.24 Y25.655 E.02084
G1 X55.434 Y24.977 E.01903
G1 X56.804 Y26.347 E.05228
G1 X56.804 Y26.241 E.00286
G1 X23.101 Y59.944 E1.28619
G1 X21.558 Y59.944 E.04164
G1 X18.451 Y56.838 E.11855
G1 X18.451 Y56.944 E.00286
G1 X21.746 Y53.649 E.12574
G1 X22.515 Y53.978 E.02257
G1 X23.394 Y54.131 E.02408
G1 X29.207 Y59.944 E.22184
G1 X30.75 Y59.944 E.04164
G1 X56.804 Y33.89 E.99428
G1 X56.804 Y33.997 E.00289
G1 X50.852 Y28.044 E.22716
G1 X51.331 Y28.131 E.01314
G1 X51.984 Y28.121 E.01762
G1 X52.741 Y27.974 E.02081
G1 X53.226 Y27.783 E.01407
G1 E-3.5
;WIPE_START
G1 F7200
G1 X52.741 Y27.974 E-.2476
G1 X51.984 Y28.121 E-.36629
G1 X51.331 Y28.131 E-.31021
G1 X50.852 Y28.044 E-.23125
G1 X51.365 Y28.557 E-.34465
;WIPE_END
G1 X36.909 Y33.776 F9000
G1 E5 F2400
G1 F3600
G1 X36.133 Y34.022 E.02197
G1 X35.513 Y34.387 E.01941
G1 X34.872 Y35.013 E.02418
G1 X26.591 Y26.732 E.31602
G1 X26.893 Y26.345 E.01325
G1 X27.171 Y25.832 E.01575
G1 X27.426 Y25.022 E.02292
G1 X36.856 Y15.592 E.35987
G1 X38.399 Y15.592 E.04164
G1 X47.855 Y25.048 E.36086
G1 X47.927 Y25.416 E.01012
G1 X48.227 Y26.125 E.02077
G1 X48.651 Y26.745 E.02027
G1 X40.38 Y35.016 E.31564
G1 X40.584 Y35.259 E.00856
G1 X40.926 Y35.891 E.01939
G1 X41.132 Y36.562 E.01894
G1 X41.202 Y37.268 E.01914
G1 X41.127 Y37.995 E.01972
G1 X40.94 Y38.61 E.01735
G1 X40.608 Y39.239 E.01919
G1 X40.236 Y39.711 E.01622
G1 X39.881 Y40.021 E.01272
G1 X48.246 Y48.386 E.31923
G1 X47.941 Y49.08 E.02046
G1 X47.771 Y49.898 E.02255
G1 X47.772 Y50.571 E.01816
G1 X38.399 Y59.944 E.3577
G1 X36.856 Y59.944 E.04164
G1 X27.477 Y50.565 E.35792
G1 X27.498 Y50.174 E.01057
G1 X27.426 Y49.503 E.01821
G1 X27.175 Y48.713 E.02237
G1 X26.998 Y48.398 E.00975
G1 X35.373 Y40.023 E.31961
G1 X34.696 Y39.312 E.02649
G1 X34.344 Y38.68 E.01952
G1 X34.127 Y37.988 E.01957
G1 E-3.5
;WIPE_START
G1 F7200
G1 X34.344 Y38.68 E-.34448
G1 X34.696 Y39.312 E-.34362
G1 X35.373 Y40.023 E-.46634
G1 X34.859 Y40.537 E-.34556
;WIPE_END
G1 X22.02 Y27.785 F9000
G1 E5 F2400
G1 F3600
G1 X22.7 Y28.025 E.01946
G1 X23.214 Y28.116 E.01409
G1 X23.985 Y28.121 E.02081
G1 X24.396 Y28.051 E.01125
G1 X18.451 Y33.997 E.22689
G1 X18.451 Y33.89 E.00289
G1 X44.505 Y59.944 E.99428
G1 X46.048 Y59.944 E.04164
G1 X51.869 Y54.124 E.22212
G1 X52.834 Y53.949 E.02647
G1 X53.508 Y53.648 E.01992
G1 X56.804 Y56.944 E.12578
G1 X56.804 Y56.838 E.00286
G1 X53.698 Y59.944 E.11853
G1 X52.155 Y59.944 E.04164
G1 X18.451 Y26.241 E1.2862
G1 X18.451 Y26.347 E.00286
G1 X19.83 Y24.968 E.05263
G1 X19.767 Y24.528 E.01199
G1 X19.792 Y23.759 E.02076
G1 X19.895 Y23.247 E.01409
G1 X20.142 Y22.597 E.01876
G1 E-3.5
;WIPE_START
G1 F7200
G1 X19.895 Y23.247 E-.33029
G1 X19.792 Y23.759 E-.24807
G1 X19.767 Y24.528 E-.36547
G1 X19.83 Y24.968 E-.21113
G1 X19.317 Y25.482 E-.34504
;WIPE_END
G1 X21.118 Y47.332 F9000
G1 E5 F2400
G1 F3600
G1 X21.471 Y47.055 E.01211
G1 X22.151 Y46.691 E.02081
G1 X22.646 Y46.525 E.01409
G1 X23.326 Y46.415 E.01859
G1 X18.451 Y41.54 E.18604
G1 X18.451 Y41.646 E.00286
G1 X44.505 Y15.592 E.99428
G1 X46.048 Y15.592 E.04164
G1 X50.923 Y20.466 E.18602
G1 X51.656 Y20.398 E.01986
G1 X52.294 Y20.452 E.01728
G1 X53.041 Y20.661 E.02093
G1 X53.73 Y21.014 E.02089
G1 X54.096 Y21.3 E.01253
G1 X56.804 Y18.592 E.10334
G1 X56.804 Y18.698 E.00286
G1 X56.696 Y18.59 E.00412
G1 X55.434 Y18.58 E.03406
G1 X54.971 Y18.425 E.01318
G1 X54.588 Y18.1 E.01355
G1 X54.328 Y17.538 E.01671
G1 X54.304 Y16.198 E.03617
G1 X53.698 Y15.592 E.02313
G1 X52.155 Y15.592 E.04164
G1 X18.451 Y49.295 E1.2862
G1 X18.451 Y49.189 E.00286
G1 X19.767 Y50.504 E.0502
G1 X19.969 Y51.527 E.02814
G1 X20.291 Y52.227 E.02079
G1 X20.645 Y52.731 E.01662
;LAYER_CHANGE
;Z:3.88
;HEIGHT:0.16
;BEFORE_LAYER_CHANGE
G92 E0
;3.88


G1 E-3.5 F3600
;WIPE_START
G1 F7200
G1 X20.291 Y52.227 E-.29255
G1 X19.969 Y51.527 E-.36599
G1 X19.767 Y50.504 E-.49531
G1 X19.252 Y49.989 E-.34615
;WIPE_END
G1 Z3.88 F9000
;AFTER_LAYER_CHANGE
;3.88
G1 X35.251 Y39.473
G1 E5 F2400
;TYPE:Perimeter
;WIDTH:0.439999
G1 F1800
G1 X34.993 Y39.184 E.01045
G1 X34.665 Y38.624 E.01751
G1 X34.455 Y38.01 E.01751
G1 X34.372 Y37.399 E.01664
G1 X34.394 Y36.863 E.01448
G1 X34.534 Y36.247 E.01705
G1 X34.797 Y35.654 E.01751
G1 X35.134 Y35.177 E.01576
G1 X35.646 Y34.682 E.01922
G1 X36.198 Y34.34 E.01752
G1 X36.807 Y34.115 E.01752
G1 X37.448 Y34.015 E.01751
G1 X37.981 Y34.035 E.01439
G1 X38.291 Y34.078 E.00845
G1 X38.807 Y34.227 E.01449
G1 X39.311 Y34.479 E.01521
G1 X39.813 Y34.854 E.01691
G1 X40.263 Y35.352 E.01811
G1 X40.59 Y35.912 E.0175
G1 X40.8 Y36.526 E.01751
G1 X40.884 Y37.169 E.0175
G1 X40.839 Y37.816 E.0175
G1 X40.667 Y38.442 E.01752
G1 X40.374 Y39.021 E.01751
G1 X39.972 Y39.53 E.0175
G1 X39.478 Y39.95 E.0175
G1 X38.91 Y40.263 E.0175
G1 X38.291 Y40.458 E.01751
G1 X37.783 Y40.524 E.01382
G1 X37.16 Y40.492 E.01683
G1 X36.53 Y40.336 E.01751
G1 X35.944 Y40.057 E.01751
G1 X35.425 Y39.668 E.0175
G1 X35.291 Y39.518 E.00543
G1 X35.545 Y39.2 F9000
G1 F1800
G1 X35.304 Y38.924 E.00989
G1 X35.022 Y38.43 E.01535
G1 X34.843 Y37.891 E.01533
G1 X34.776 Y37.357 E.01452
G1 X34.803 Y36.849 E.01373
G1 X34.927 Y36.347 E.01395
G1 X35.163 Y35.83 E.01534
G1 X35.458 Y35.422 E.01359
G1 X35.915 Y34.986 E.01704
G1 X36.401 Y34.692 E.01533
G1 X36.936 Y34.5 E.01534
G1 X37.498 Y34.418 E.01533
G1 X38.065 Y34.448 E.01532
G1 X38.615 Y34.591 E.01534
G1 X39.126 Y34.84 E.01534
G1 X39.56 Y35.171 E.01473
G1 X39.952 Y35.613 E.01594
G1 X40.234 Y36.106 E.01533
G1 X40.412 Y36.645 E.01532
G1 X40.481 Y37.209 E.01533
G1 X40.436 Y37.776 E.01535
G1 X40.279 Y38.322 E.01533
G1 X40.018 Y38.827 E.01534
G1 X39.662 Y39.269 E.01531
G1 X39.225 Y39.633 E.01535
G1 X38.724 Y39.902 E.01534
G1 X38.181 Y40.067 E.01531
G1 X37.684 Y40.123 E.0135
G1 X37.176 Y40.086 E.01374
G1 X36.64 Y39.945 E.01496
G1 X36.129 Y39.696 E.01534
G1 X35.678 Y39.351 E.01532
G1 X35.585 Y39.245 E.00381
G1 X35.831 Y38.935 F9000
;TYPE:External perimeter
;WIDTH:0.419999
G1 F1800
G1 X35.585 Y38.637 E.00991
G1 X35.354 Y38.206 E.01255
G1 X35.214 Y37.737 E.01256
G1 X35.169 Y37.282 E.01173
G1 X35.195 Y36.904 E.00972
G1 X35.32 Y36.416 E.01292
G1 X35.539 Y35.969 E.01277
G1 X35.838 Y35.581 E.01257
G1 X36.275 Y35.221 E.01453
G1 X36.735 Y34.985 E.01326
G1 X37.218 Y34.851 E.01286
G1 X37.586 Y34.809 E.0095
G1 X38.074 Y34.85 E.01256
G1 X38.544 Y34.986 E.01255
G1 X38.978 Y35.213 E.01257
G1 X39.358 Y35.521 E.01255
G1 X39.689 Y35.933 E.01356
G1 X39.932 Y36.432 E.01424
G1 X40.042 Y36.8 E.00985
G1 X40.087 Y37.287 E.01255
G1 X40.034 Y37.774 E.01257
G1 X39.886 Y38.241 E.01257
G1 X39.649 Y38.669 E.01255
G1 X39.295 Y39.071 E.01374
G1 X38.869 Y39.384 E.01356
G1 X38.4 Y39.595 E.01319
G1 X37.938 Y39.703 E.01217
G1 X37.67 Y39.727 E.0069
G1 X37.182 Y39.686 E.01256
G1 X36.711 Y39.55 E.01258
G1 X36.277 Y39.323 E.01257
G1 X35.897 Y39.015 E.01255
G1 X35.869 Y38.981 E.00113
G1 E-3.5 F3600
;WIPE_START
G1 F7200
G1 X35.831 Y38.935 E-.02834
G1 X35.585 Y38.637 E-.18355
G1 X35.354 Y38.206 E-.23228
G1 X35.214 Y37.737 E-.23249
G1 X35.169 Y37.282 E-.21718
G1 X35.195 Y36.904 E-.17997
G1 X35.32 Y36.416 E-.23928
G1 X35.493 Y36.063 E-.18691
;WIPE_END
G1 X49.025 Y26.684 F9000
G1 E5 F2400
;TYPE:Perimeter
;WIDTH:0.439999
G1 F1800
G1 X48.983 Y26.645 E.00155
G1 X48.598 Y26.124 E.01748
G1 X48.315 Y25.546 E.01737
G1 X48.192 Y25.178 E.01047
G1 X48.079 Y24.452 E.01983
G1 X48.097 Y23.819 E.01709
G1 X48.252 Y23.145 E.01866
G1 X48.541 Y22.498 E.01912
G1 X48.953 Y21.922 E.01911
G1 X49.471 Y21.438 E.01913
G1 X50.075 Y21.067 E.01913
G1 X50.74 Y20.823 E.01911
G1 X51.44 Y20.715 E.01911
G1 X52.148 Y20.748 E.01913
G1 X52.835 Y20.921 E.01912
G1 X53.474 Y21.227 E.01912
G1 X54.027 Y21.643 E.01867
G1 X54.51 Y22.183 E.01955
G1 X54.866 Y22.795 E.01911
G1 X55.094 Y23.466 E.01912
G1 X55.184 Y24.169 E.01913
G1 X55.133 Y24.876 E.01913
G1 X54.943 Y25.558 E.0191
G1 X54.622 Y26.19 E.01913
G1 X54.072 Y26.851 E.0232
G1 X53.492 Y27.298 E.01976
G1 X52.854 Y27.608 E.01914
G1 X52.168 Y27.785 E.01912
G1 X51.461 Y27.822 E.0191
G1 X50.76 Y27.718 E.01912
G1 X50.093 Y27.478 E.01913
G1 X49.488 Y27.11 E.01911
G1 X49.069 Y26.724 E.01537
G1 X49.322 Y26.408 F9000
G1 F1800
G1 X49.266 Y26.355 E.00208
G1 X48.933 Y25.895 E.01532
G1 X48.689 Y25.388 E.01518
G1 X48.593 Y25.116 E.00778
G1 X48.48 Y24.39 E.01983
G1 X48.502 Y23.846 E.01469
G1 X48.645 Y23.245 E.01667
G1 X48.907 Y22.674 E.01695
G1 X49.277 Y22.167 E.01694
G1 X49.74 Y21.742 E.01696
G1 X50.278 Y21.418 E.01695
G1 X50.869 Y21.207 E.01693
G1 X51.491 Y21.118 E.01696
G1 X52.117 Y21.153 E.01692
G1 X52.725 Y21.312 E.01696
G1 X53.289 Y21.588 E.01694
G1 X53.774 Y21.96 E.01649
G1 X54.2 Y22.444 E.0174
G1 X54.51 Y22.989 E.01692
G1 X54.706 Y23.586 E.01696
G1 X54.78 Y24.209 E.01693
G1 X54.73 Y24.835 E.01695
G1 X54.556 Y25.439 E.01696
G1 X54.266 Y25.996 E.01695
G1 X53.768 Y26.582 E.02075
G1 X53.255 Y26.969 E.01734
G1 X52.687 Y27.238 E.01696
G1 X52.078 Y27.389 E.01693
G1 X51.451 Y27.416 E.01694
G1 X50.83 Y27.319 E.01696
G1 X50.242 Y27.1 E.01693
G1 X49.708 Y26.77 E.01694
G1 X49.366 Y26.449 E.01266
G1 X49.612 Y26.139 F9000
;TYPE:External perimeter
;WIDTH:0.419999
G1 F1800
G1 X49.542 Y26.072 E.00249
G1 X49.214 Y25.604 E.01466
G1 X48.997 Y25.1 E.01408
G1 X48.871 Y24.329 E.02004
G1 X48.897 Y23.873 E.01172
G1 X49.028 Y23.342 E.01403
G1 X49.263 Y22.846 E.01408
G1 X49.592 Y22.405 E.01412
G1 X50.002 Y22.039 E.0141
G1 X50.475 Y21.761 E.01408
G1 X50.995 Y21.582 E.01411
G1 X51.54 Y21.51 E.0141
G1 X52.088 Y21.548 E.01409
G1 X52.618 Y21.693 E.0141
G1 X53.108 Y21.94 E.01408
G1 X53.527 Y22.269 E.01367
G1 X53.897 Y22.698 E.01453
G1 X54.163 Y23.179 E.0141
G1 X54.328 Y23.703 E.01409
G1 X54.387 Y24.249 E.01409
G1 X54.336 Y24.796 E.01409
G1 X54.178 Y25.322 E.01409
G1 X53.918 Y25.807 E.01412
G1 X53.471 Y26.32 E.01746
G1 X53.024 Y26.648 E.01422
G1 X52.525 Y26.877 E.01409
G1 X51.99 Y27.003 E.0141
G1 X51.441 Y27.021 E.01409
G1 X50.899 Y26.929 E.0141
G1 X50.386 Y26.732 E.0141
G1 X49.922 Y26.437 E.01411
G1 X49.655 Y26.18 E.00951
G1 E-3.5 F3600
;WIPE_START
G1 F7200
G1 X49.612 Y26.139 E-.02822
G1 X49.542 Y26.072 E-.04603
G1 X49.214 Y25.604 E-.27146
G1 X48.997 Y25.1 E-.26065
G1 X48.871 Y24.329 E-.37108
G1 X48.897 Y23.873 E-.21695
G1 X49.028 Y23.342 E-.25979
G1 X49.069 Y23.255 E-.04582
;WIPE_END
G1 X27.164 Y24.445 F9000
G1 E5 F2400
;TYPE:Perimeter
;WIDTH:0.439999
G1 F1800
G1 X27.133 Y24.876 E.01166
G1 X26.943 Y25.558 E.0191
G1 X26.622 Y26.19 E.01913
G1 X26.072 Y26.851 E.0232
G1 X25.492 Y27.298 E.01976
G1 X24.854 Y27.608 E.01914
G1 X24.168 Y27.785 E.01912
G1 X23.461 Y27.822 E.0191
G1 X22.76 Y27.718 E.01912
G1 X22.093 Y27.478 E.01913
G1 X21.488 Y27.11 E.01911
G1 X20.967 Y26.63 E.01912
G1 X20.552 Y26.056 E.01911
G1 X20.258 Y25.411 E.01913
G1 X20.079 Y24.452 E.02633
G1 X20.097 Y23.819 E.01709
G1 X20.252 Y23.145 E.01866
G1 X20.541 Y22.498 E.01912
G1 X20.953 Y21.922 E.01911
G1 X21.471 Y21.438 E.01913
G1 X22.075 Y21.067 E.01913
G1 X22.74 Y20.823 E.01911
G1 X23.44 Y20.715 E.01911
G1 X24.148 Y20.748 E.01913
G1 X24.835 Y20.921 E.01912
G1 X25.474 Y21.227 E.01912
G1 X26.04 Y21.653 E.01912
G1 X26.51 Y22.183 E.01912
G1 X26.866 Y22.795 E.01911
G1 X27.094 Y23.466 E.01912
G1 X27.184 Y24.169 E.01913
G1 X27.169 Y24.385 E.00584
G1 X26.763 Y24.425 F9000
G1 F1800
G1 X26.73 Y24.835 E.0111
G1 X26.556 Y25.439 E.01696
G1 X26.266 Y25.996 E.01695
G1 X25.768 Y26.582 E.02075
G1 X25.255 Y26.969 E.01734
G1 X24.687 Y27.238 E.01696
G1 X24.078 Y27.389 E.01693
G1 X23.451 Y27.416 E.01694
G1 X22.83 Y27.319 E.01696
G1 X22.242 Y27.1 E.01693
G1 X21.708 Y26.77 E.01694
G1 X21.25 Y26.34 E.01695
G1 X20.887 Y25.827 E.01696
G1 X20.632 Y25.253 E.01695
G1 X20.48 Y24.39 E.02365
G1 X20.502 Y23.846 E.01469
G1 X20.645 Y23.245 E.01667
G1 X20.907 Y22.674 E.01695
G1 X21.277 Y22.167 E.01694
G1 X21.74 Y21.742 E.01696
G1 X22.278 Y21.418 E.01695
G1 X22.869 Y21.207 E.01693
G1 X23.491 Y21.118 E.01696
G1 X24.117 Y21.153 E.01692
G1 X24.725 Y21.312 E.01696
G1 X25.289 Y21.588 E.01694
G1 X25.787 Y21.97 E.01694
G1 X26.2 Y22.444 E.01696
G1 X26.51 Y22.989 E.01692
G1 X26.706 Y23.586 E.01696
G1 X26.78 Y24.209 E.01693
G1 X26.768 Y24.365 E.00422
G1 X26.372 Y24.405 F9000
;TYPE:External perimeter
;WIDTH:0.419999
G1 F1800
G1 X26.336 Y24.796 E.01007
G1 X26.178 Y25.322 E.01409
G1 X25.918 Y25.807 E.01412
G1 X25.471 Y26.32 E.01746
G1 X25.024 Y26.648 E.01422
G1 X24.525 Y26.877 E.01409
G1 X23.99 Y27.003 E.0141
G1 X23.441 Y27.021 E.01409
G1 X22.899 Y26.929 E.0141
G1 X22.386 Y26.732 E.0141
G1 X21.922 Y26.437 E.01411
G1 X21.526 Y26.056 E.0141
G1 X21.214 Y25.604 E.01409
G1 X20.997 Y25.1 E.01408
G1 X20.871 Y24.329 E.02004
G1 X20.902 Y23.838 E.01262
G1 X21.028 Y23.342 E.01313
G1 X21.263 Y22.846 E.01408
G1 X21.592 Y22.405 E.01412
G1 X22.002 Y22.039 E.0141
G1 X22.475 Y21.761 E.01408
G1 X22.995 Y21.582 E.01411
G1 X23.54 Y21.51 E.0141
G1 X24.088 Y21.548 E.01409
G1 X24.618 Y21.693 E.0141
G1 X25.108 Y21.94 E.01408
G1 X25.54 Y22.28 E.0141
G1 X25.897 Y22.698 E.0141
G1 X26.163 Y23.179 E.0141
G1 X26.328 Y23.703 E.01409
G1 X26.387 Y24.249 E.01409
G1 X26.378 Y24.345 E.00247
G1 E-3.5 F3600
;WIPE_START
G1 F7200
G1 X26.372 Y24.405 E-.02864
G1 X26.336 Y24.796 E-.18651
G1 X26.178 Y25.322 E-.26088
G1 X25.918 Y25.807 E-.26139
G1 X25.471 Y26.32 E-.3232
G1 X25.024 Y26.648 E-.26335
G1 X24.687 Y26.803 E-.17603
;WIPE_END
G1 X24.069 Y46.745 F9000
G1 E5 F2400
;TYPE:Perimeter
;WIDTH:0.439999
G1 F1800
G1 X24.148 Y46.748 E.00213
G1 X24.835 Y46.921 E.01912
G1 X25.474 Y47.227 E.01912
G1 X26.04 Y47.653 E.01912
G1 X26.51 Y48.183 E.01912
G1 X26.866 Y48.795 E.01911
G1 X27.094 Y49.466 E.01912
G1 X27.184 Y50.169 E.01913
G1 X27.133 Y50.876 E.01913
G1 X26.943 Y51.558 E.0191
G1 X26.622 Y52.19 E.01913
G1 X26.072 Y52.851 E.0232
G1 X25.492 Y53.298 E.01976
G1 X24.854 Y53.608 E.01914
G1 X24.168 Y53.785 E.01912
G1 X23.461 Y53.822 E.0191
G1 X22.76 Y53.718 E.01912
G1 X22.093 Y53.478 E.01913
G1 X21.488 Y53.11 E.01911
G1 X20.967 Y52.63 E.01912
G1 X20.552 Y52.056 E.01911
G1 X20.258 Y51.411 E.01913
G1 X20.079 Y50.452 E.02633
G1 X20.097 Y49.819 E.01709
G1 X20.252 Y49.145 E.01866
G1 X20.541 Y48.498 E.01912
G1 X20.953 Y47.922 E.01911
G1 X21.471 Y47.438 E.01913
G1 X22.075 Y47.067 E.01913
G1 X22.74 Y46.823 E.01911
G1 X23.44 Y46.715 E.01911
G1 X24.009 Y46.742 E.01537
G1 X24.019 Y47.147 F9000
G1 F1800
G1 X24.117 Y47.153 E.00265
G1 X24.725 Y47.312 E.01696
G1 X25.289 Y47.588 E.01694
G1 X25.787 Y47.97 E.01694
G1 X26.2 Y48.444 E.01696
G1 X26.51 Y48.989 E.01692
G1 X26.706 Y49.586 E.01696
G1 X26.78 Y50.209 E.01693
G1 X26.73 Y50.835 E.01695
G1 X26.556 Y51.439 E.01696
G1 X26.266 Y51.996 E.01695
G1 X25.768 Y52.582 E.02075
G1 X25.255 Y52.969 E.01734
G1 X24.687 Y53.238 E.01696
G1 X24.078 Y53.389 E.01693
G1 X23.451 Y53.416 E.01694
G1 X22.83 Y53.319 E.01696
G1 X22.242 Y53.1 E.01693
G1 X21.708 Y52.77 E.01694
G1 X21.25 Y52.34 E.01695
G1 X20.887 Y51.827 E.01696
G1 X20.632 Y51.253 E.01695
G1 X20.48 Y50.39 E.02365
G1 X20.502 Y49.846 E.01469
G1 X20.645 Y49.245 E.01667
G1 X20.907 Y48.674 E.01695
G1 X21.277 Y48.167 E.01694
G1 X21.74 Y47.742 E.01696
G1 X22.278 Y47.418 E.01695
G1 X22.869 Y47.207 E.01693
G1 X23.491 Y47.118 E.01696
G1 X23.959 Y47.144 E.01265
G1 X23.97 Y47.54 F9000
;TYPE:External perimeter
;WIDTH:0.419999
G1 F1800
G1 X24.088 Y47.548 E.00303
G1 X24.618 Y47.693 E.0141
G1 X25.108 Y47.94 E.01408
G1 X25.54 Y48.28 E.0141
G1 X25.897 Y48.698 E.0141
G1 X26.163 Y49.179 E.0141
G1 X26.328 Y49.703 E.01409
G1 X26.387 Y50.249 E.01409
G1 X26.336 Y50.796 E.01409
G1 X26.178 Y51.322 E.01409
G1 X25.918 Y51.807 E.01412
G1 X25.471 Y52.32 E.01746
G1 X25.024 Y52.648 E.01422
G1 X24.525 Y52.877 E.01409
G1 X23.99 Y53.003 E.0141
G1 X23.441 Y53.021 E.01409
G1 X22.899 Y52.929 E.0141
G1 X22.386 Y52.732 E.0141
G1 X21.922 Y52.437 E.01411
G1 X21.526 Y52.056 E.0141
G1 X21.214 Y51.604 E.01409
G1 X20.997 Y51.1 E.01408
G1 X20.871 Y50.329 E.02004
G1 X20.902 Y49.838 E.01262
G1 X21.028 Y49.342 E.01313
G1 X21.263 Y48.846 E.01408
G1 X21.592 Y48.405 E.01412
G1 X22.002 Y48.039 E.0141
G1 X22.475 Y47.761 E.01408
G1 X22.995 Y47.582 E.01411
G1 X23.54 Y47.51 E.0141
G1 X23.91 Y47.535 E.00951
G1 E-3.5 F3600
;WIPE_START
G1 F7200
G1 X23.97 Y47.54 E-.0286
G1 X24.088 Y47.548 E-.05618
G1 X24.618 Y47.693 E-.261
G1 X25.108 Y47.94 E-.26065
G1 X25.54 Y48.28 E-.26113
G1 X25.897 Y48.698 E-.26111
G1 X26.163 Y49.179 E-.26108
G1 X26.233 Y49.4 E-.11025
;WIPE_END
G1 X48.094 Y49.915 F9000
G1 E5 F2400
;TYPE:Perimeter
;WIDTH:0.439999
G1 F1800
G1 X48.097 Y49.819 E.00259
G1 X48.252 Y49.145 E.01866
G1 X48.541 Y48.498 E.01912
G1 X48.953 Y47.922 E.01911
G1 X49.471 Y47.438 E.01913
G1 X50.075 Y47.067 E.01913
G1 X50.74 Y46.823 E.01911
G1 X51.44 Y46.715 E.01911
G1 X52.148 Y46.748 E.01913
G1 X52.835 Y46.921 E.01912
G1 X53.474 Y47.227 E.01912
G1 X54.04 Y47.653 E.01912
G1 X54.51 Y48.183 E.01912
G1 X54.866 Y48.795 E.01911
G1 X55.094 Y49.466 E.01912
G1 X55.184 Y50.169 E.01913
G1 X55.133 Y50.876 E.01913
G1 X54.943 Y51.558 E.0191
G1 X54.622 Y52.19 E.01913
G1 X54.072 Y52.851 E.0232
G1 X53.492 Y53.298 E.01976
G1 X52.854 Y53.608 E.01914
G1 X52.168 Y53.785 E.01912
G1 X51.461 Y53.822 E.0191
G1 X50.76 Y53.718 E.01912
G1 X50.093 Y53.478 E.01913
G1 X49.488 Y53.11 E.01911
G1 X48.967 Y52.63 E.01912
G1 X48.552 Y52.056 E.01911
G1 X48.258 Y51.411 E.01913
G1 X48.079 Y50.452 E.02633
G1 X48.093 Y49.975 E.01288
G1 X48.498 Y49.955 F9000
G1 F1800
G1 X48.502 Y49.846 E.00294
G1 X48.645 Y49.245 E.01667
G1 X48.907 Y48.674 E.01695
G1 X49.277 Y48.167 E.01694
G1 X49.74 Y47.742 E.01696
G1 X50.278 Y47.418 E.01695
G1 X50.869 Y47.207 E.01693
G1 X51.491 Y47.118 E.01696
G1 X52.117 Y47.153 E.01692
G1 X52.725 Y47.312 E.01696
G1 X53.289 Y47.588 E.01694
G1 X53.787 Y47.97 E.01694
G1 X54.2 Y48.444 E.01696
G1 X54.51 Y48.989 E.01692
G1 X54.706 Y49.586 E.01696
G1 X54.78 Y50.209 E.01693
G1 X54.73 Y50.835 E.01695
G1 X54.556 Y51.439 E.01696
G1 X54.266 Y51.996 E.01695
G1 X53.768 Y52.582 E.02075
G1 X53.255 Y52.969 E.01734
G1 X52.687 Y53.238 E.01696
G1 X52.078 Y53.389 E.01693
G1 X51.451 Y53.416 E.01694
G1 X50.83 Y53.319 E.01696
G1 X50.242 Y53.1 E.01693
G1 X49.708 Y52.77 E.01694
G1 X49.25 Y52.34 E.01695
G1 X48.887 Y51.827 E.01696
G1 X48.632 Y51.253 E.01695
G1 X48.48 Y50.39 E.02365
G1 X48.495 Y50.015 E.01013
G1 X48.904 Y49.995 F9000
;TYPE:External perimeter
;WIDTH:0.419999
G1 F1800
G1 X48.93 Y49.729 E.00686
G1 X49.079 Y49.228 E.01341
G1 X49.311 Y48.776 E.01303
G1 X49.618 Y48.378 E.0129
G1 X50.002 Y48.039 E.01314
G1 X50.475 Y47.761 E.01408
G1 X50.995 Y47.582 E.01411
G1 X51.54 Y47.51 E.0141
G1 X52.088 Y47.548 E.01409
G1 X52.618 Y47.693 E.0141
G1 X53.108 Y47.94 E.01408
G1 X53.54 Y48.28 E.0141
G1 X53.897 Y48.698 E.0141
G1 X54.163 Y49.179 E.0141
G1 X54.328 Y49.703 E.01409
G1 X54.387 Y50.249 E.01409
G1 X54.336 Y50.796 E.01409
G1 X54.178 Y51.322 E.01409
G1 X53.918 Y51.807 E.01412
G1 X53.471 Y52.32 E.01746
G1 X53.024 Y52.648 E.01422
G1 X52.525 Y52.877 E.01409
G1 X51.99 Y53.003 E.0141
G1 X51.441 Y53.021 E.01409
G1 X50.899 Y52.929 E.0141
G1 X50.386 Y52.732 E.0141
G1 X49.922 Y52.437 E.01411
G1 X49.526 Y52.056 E.0141
G1 X49.214 Y51.604 E.01409
G1 X48.997 Y51.1 E.01408
G1 X48.871 Y50.329 E.02004
G1 X48.898 Y50.055 E.00706
G1 E-3.5 F3600
;WIPE_START
G1 F7200
G1 X48.904 Y49.995 E-.02864
G1 X48.93 Y49.729 E-.12695
G1 X49.079 Y49.228 E-.24828
G1 X49.311 Y48.776 E-.24133
G1 X49.618 Y48.378 E-.23876
G1 X50.002 Y48.039 E-.24331
G1 X50.475 Y47.761 E-.26061
G1 X50.698 Y47.684 E-.11212
;WIPE_END
G1 X57.116 Y60.257 F9000
G1 E5 F2400
;TYPE:Perimeter
;WIDTH:0.439999
G1 F3600
G1 X18.139 Y60.257 E1.05179
G1 X18.139 Y18.279 E1.13277
G1 X19.748 Y18.279 E.04342
G1 X20.046 Y18.195 E.00835
G1 X20.359 Y17.977 E.01029
G1 X20.563 Y17.667 E.01001
G1 X20.639 Y17.285 E.01051
G1 X20.639 Y15.279 E.05413
G1 X54.616 Y15.279 E.91686
G1 X54.616 Y17.285 E.05413
G1 X54.694 Y17.67 E.0106
G1 X54.898 Y17.979 E.00999
G1 X55.214 Y18.197 E.01036
G1 X55.611 Y18.279 E.01094
G1 X57.116 Y18.279 E.04061
G1 X57.116 Y60.197 E1.13115
G1 X57.522 Y60.662 F9000
G1 F3600
G1 X17.733 Y60.662 E1.0737
G1 X17.733 Y17.874 E1.15463
G1 X19.711 Y17.874 E.05338
G1 X19.978 Y17.77 E.00773
G1 X20.164 Y17.562 E.00753
G1 X20.233 Y17.285 E.0077
G1 X20.233 Y14.874 E.06506
G1 X55.022 Y14.874 E.93877
G1 X55.022 Y17.375 E.06749
G1 X55.151 Y17.653 E.00827
G1 X55.323 Y17.798 E.00607
G1 X55.611 Y17.874 E.00804
G1 X57.522 Y17.874 E.05157
G1 X57.522 Y60.602 E1.15301
G1 X57.918 Y61.058 F9000
;TYPE:External perimeter
;WIDTH:0.419999
G1 F1800
G1 X17.338 Y61.058 E1.04106
G1 X17.338 Y17.478 E1.11802
G1 X19.645 Y17.478 E.05918
G1 X19.769 Y17.432 E.00339
G1 X19.838 Y17.285 E.00417
G1 X19.838 Y14.478 E.07201
G1 X55.418 Y14.478 E.91278
G1 X55.418 Y17.285 E.07201
G1 X55.46 Y17.406 E.00329
G1 X55.611 Y17.478 E.00429
G1 X57.918 Y17.478 E.05918
G1 X57.918 Y60.998 E1.11648
G1 E-3.5 F3600
;WIPE_START
G1 F7200
G1 X57.918 Y61.058 E-.0285
G1 X54.82 Y61.058 E-1.4715
;WIPE_END
G1 X55.31 Y52.424 F9000
G1 E5 F2400
;TYPE:Internal infill
;WIDTH:0.44
G1 F3600
G1 X55.554 Y51.956 E.01424
G1 X55.788 Y51.229 E.02061
G1 X55.898 Y50.095 E.03074
G1 X56.398 Y49.594 E.0191
G1 X56.398 Y48.889 E.01902
G1 X23.506 Y15.997 E1.25524
G1 X21.357 Y15.997 E.05799
G1 X21.326 Y17.628 E.04402
G1 X21.162 Y18.09 E.01323
G1 X20.878 Y18.48 E.01302
G1 X20.51 Y18.767 E.01259
G1 X20.178 Y18.915 E.00981
G1 X19.87 Y18.986 E.00853
G1 X18.857 Y18.993 E.02734
G1 X20.873 Y21.013 E.07701
G1 X21.129 Y20.791 E.00914
G1 X21.868 Y20.364 E.02303
G1 X22.679 Y20.093 E.02307
G1 X23.456 Y19.991 E.02115
G1 X24.222 Y20.034 E.0207
G1 X24.67 Y20.129 E.01236
G1 X28.801 Y15.997 E.15767
G1 X31.156 Y15.997 E.06355
G1 X56.398 Y41.24 E.96331
G1 X56.398 Y41.945 E.01902
G1 X52.291 Y46.053 E.15675
G1 X51.367 Y46 E.02497
G1 X50.661 Y46.097 E.01923
G1 X49.91 Y46.356 E.02144
G1 X51.685 Y46.408 F9000
;TYPE:Solid infill
;WIDTH:0.424756
G1 F3600
G1 X52.429 Y46.494 E.01945
;WIDTH:0.428344
G1 X52.941 Y46.635 E.01392
;WIDTH:0.430532
G1 X53.509 Y46.893 E.01644
G1 X53.95 Y47.188 E.01398
;WIDTH:0.439534
G1 X54.458 Y47.635 E.01824
;WIDTH:0.44752
G1 X54.922 Y48.255 E.02128
G1 X55.262 Y48.951 E.02129
;WIDTH:0.447838
G1 X55.367 Y49.305 E.01016
G1 X55.465 Y49.881 E.01607
;WIDTH:0.44751
G1 X55.485 Y50.408 E.01449
;WIDTH:0.446222
G1 X55.412 Y51.038 E.01738
G1 X55.277 Y51.53 E.01398
;WIDTH:0.452284
G1 X55.122 Y51.912 E.01146
G1 X54.816 Y52.444 E.01706
;WIDTH:0.45087
G1 X54.616 Y52.707 E.00915
;WIDTH:0.419258
G1 X54.074 Y53.251 E.01966
G1 X53.438 Y53.675 E.01957
;WIDTH:0.440118
G1 X52.81 Y53.955 E.01856
G1 X51.969 Y54.113 E.0231
;WIDTH:0.4262
G1 X51.2 Y54.106 E.02005
G1 X50.448 Y53.944 E.02005
;WIDTH:0.42293
G1 X49.743 Y53.637 E.01988
G1 X49.113 Y53.197 E.01986
G1 X48.587 Y52.643 E.01975
;WIDTH:0.4399
G1 X48.214 Y52.096 E.01786
G1 X47.905 Y51.298 E.02309
;WIDTH:0.436246
G1 X47.767 Y50.378 E.02487
;WIDTH:0.427964
G1 X47.805 Y49.689 E.01807
;WIDTH:0.434228
G1 X48.01 Y48.895 E.02181
;WIDTH:0.439988
G1 X48.316 Y48.263 E.01895
G1 X48.776 Y47.649 E.0207
G1 X49.348 Y47.138 E.0207
G1 X50.012 Y46.75 E.02075
G1 X50.782 Y46.49 E.02193
G1 X51.483 Y46.427 E.01899
G1 E-3.5
;WIPE_START
G1 F7200
G1 X50.782 Y46.49 E-.33432
G1 X50.012 Y46.75 E-.38604
G1 X49.348 Y47.138 E-.3653
G1 X48.776 Y47.649 E-.36433
G1 X48.713 Y47.733 E-.05001
;WIPE_END
G1 X40.133 Y39.808 F9000
G1 E5 F2400
;WIDTH:0.431134
G1 F3600
G1 X39.574 Y40.256 E.01891
;WIDTH:0.42791
G1 X38.936 Y40.585 E.01879
;WIDTH:0.431232
G1 X38.26 Y40.78 E.01858
;WIDTH:0.440032
G1 X37.667 Y40.84 E.01609
G1 X36.984 Y40.782 E.0185
G1 X36.288 Y40.58 E.01956
G1 X35.648 Y40.241 E.01955
G1 X35.092 Y39.784 E.01942
G1 X34.686 Y39.295 E.01715
G1 X34.338 Y38.66 E.01954
G1 X34.125 Y37.969 E.01951
G1 X34.056 Y37.302 E.0181
G1 X34.1 Y36.707 E.0161
G1 X34.286 Y36.006 E.01957
G1 X34.608 Y35.36 E.01948
G1 X35.014 Y34.833 E.01795
G1 X35.531 Y34.376 E.01862
G1 X36.152 Y34.015 E.01938
G1 X36.834 Y33.785 E.01942
G1 X37.575 Y33.696 E.02014
G1 X38.246 Y33.75 E.01817
G1 X38.936 Y33.944 E.01934
G1 X39.575 Y34.273 E.0194
G1 X40.135 Y34.723 E.01939
G1 X40.594 Y35.277 E.01942
G1 X40.932 Y35.91 E.01937
G1 X41.134 Y36.582 E.01894
G1 X41.2 Y37.289 E.01916
G1 X41.121 Y38.015 E.01971
;WIDTH:0.439648
G1 X40.898 Y38.696 E.01932
;WIDTH:0.433196
G1 X40.548 Y39.319 E.01896
;WIDTH:0.43773
G1 X40.265 Y39.653 E.01175
G1 E-3.5
;WIPE_START
G1 F7200
G1 X40.548 Y39.319 E-.20794
G1 X40.898 Y38.696 E-.33943
G1 X41.121 Y38.015 E-.34038
G1 X41.2 Y37.289 E-.34689
G1 X41.148 Y36.733 E-.26536
;WIPE_END
G1 X33.798 Y38.297 F9000
G1 E5 F2400
;TYPE:Internal infill
;WIDTH:0.44
G1 F3600
G1 X33.97 Y38.841 E.0154
G1 X34.36 Y39.543 E.02167
G1 X34.818 Y40.089 E.01923
G1 X35.088 Y40.308 E.00938
G1 X27.296 Y48.1 E.29736
G1 X27.549 Y48.551 E.01395
G1 X27.825 Y49.419 E.02458
G1 X27.904 Y50.155 E.01997
G1 X27.845 Y50.933 E.02105
G1 X36.451 Y59.539 E.32843
G1 X38.805 Y59.539 E.06352
G1 X47.43 Y50.914 E.32915
G1 X47.368 Y50.527 E.01058
G1 X47.388 Y49.716 E.02189
G1 X47.607 Y48.805 E.02528
G1 X47.948 Y48.089 E.0214
G1 X40.168 Y40.308 E.29692
G1 X40.474 Y40.045 E.01089
G1 X40.919 Y39.501 E.01897
G1 X41.299 Y38.798 E.02156
G1 X41.527 Y38.075 E.02046
G1 X41.61 Y37.269 E.02186
G1 X41.531 Y36.481 E.02137
G1 X41.302 Y35.733 E.02111
G1 X40.921 Y35.029 E.0216
G1 X40.668 Y34.728 E.01061
G1 X48.362 Y27.034 E.29362
G1 X47.869 Y26.32 E.02341
G1 X47.537 Y25.535 E.023
G1 X47.373 Y24.565 E.02655
G1 X38.805 Y15.997 E.32698
G1 X36.451 Y15.997 E.06352
G1 X27.885 Y24.563 E.3269
G1 X27.83 Y25.085 E.01416
G1 X27.539 Y26.003 E.02599
G1 X27.239 Y26.558 E.01702
G1 X26.879 Y27.019 E.01578
G1 X34.583 Y34.723 E.294
G1 X35.273 Y34.057 E.02588
G1 X35.962 Y33.651 E.02158
G1 X36.598 Y33.433 E.01814
G1 E-3.5
;WIPE_START
G1 F7200
G1 X35.962 Y33.651 E-.31935
G1 X35.273 Y34.057 E-.37987
G1 X34.583 Y34.723 E-.45552
G1 X34.069 Y34.209 E-.34526
;WIPE_END
G1 X26.724 Y26.584 F9000
G1 E5 F2400
;TYPE:Solid infill
;WIDTH:0.44003
G1 F3600
G1 X26.197 Y27.164 E.02115
G1 X25.527 Y27.642 E.02221
G1 X24.829 Y27.949 E.02058
G1 X23.969 Y28.113 E.02363
;WIDTH:0.422928
G1 X23.2 Y28.104 E.01988
G1 X22.448 Y27.944 E.01987
G1 X21.743 Y27.637 E.01988
G1 X21.113 Y27.197 E.01986
G1 X20.583 Y26.64 E.01987
G1 X20.172 Y25.989 E.0199
;WIDTH:0.440036
G1 X19.882 Y25.212 E.02238
G1 X19.756 Y24.273 E.02557
;WIDTH:0.439776
G1 X19.833 Y23.555 E.01948
;WIDTH:0.425334
G1 X20.051 Y22.817 E.02001
;WIDTH:0.422932
G1 X20.409 Y22.137 E.01986
G1 X20.893 Y21.546 E.01975
;WIDTH:0.440028
G1 X21.382 Y21.114 E.01761
G1 X22.055 Y20.729 E.02092
G1 X22.79 Y20.487 E.02088
G1 X23.496 Y20.399 E.0192
G1 X24.435 Y20.493 E.02547
;WIDTH:0.422932
G1 X25.167 Y20.728 E.01987
G1 X25.838 Y21.104 E.01988
G1 X26.421 Y21.604 E.01985
G1 X26.89 Y22.207 E.01975
;WIDTH:0.440026
G1 X27.205 Y22.786 E.01779
G1 X27.428 Y23.528 E.02091
G1 X27.487 Y24.364 E.02262
G1 X27.424 Y25.028 E.018
G1 X27.154 Y25.844 E.0232
;WIDTH:0.436008
G1 X26.826 Y26.408 E.01743
G1 E-3.5
;WIPE_START
G1 F7200
G1 X27.154 Y25.844 E-.30991
G1 X27.424 Y25.028 E-.40827
G1 X27.487 Y24.364 E-.31682
G1 X27.428 Y23.528 E-.39809
G1 X27.387 Y23.393 E-.06691
;WIPE_END
G1 X21.573 Y28.017 F9000
G1 E5 F2400
;TYPE:Internal infill
;WIDTH:0.44
G1 F3600
G1 X22.61 Y28.421 E.03003
G1 X23.164 Y28.519 E.01518
G1 X23.919 Y28.529 E.02038
G1 X18.857 Y33.591 E.19318
G1 X18.857 Y34.296 E.01902
G1 X44.1 Y59.539 E.96333
G1 X46.454 Y59.539 E.06352
G1 X51.453 Y54.54 E.19077
G1 X52.304 Y54.49 E.023
G1 X52.962 Y54.336 E.01824
G1 X53.805 Y53.945 E.02508
G1 X56.398 Y56.539 E.09897
G1 X56.398 Y57.244 E.01902
G1 X54.103 Y59.539 E.08758
G1 X51.749 Y59.539 E.06352
G1 X18.857 Y26.647 E1.25524
G1 X18.857 Y25.942 E.01902
G1 X19.487 Y25.312 E.02404
G1 X19.347 Y24.317 E.02711
G1 X19.424 Y23.486 E.02252
G1 X19.574 Y22.912 E.01601
G1 E-3.5
;WIPE_START
G1 F7200
G1 X19.424 Y23.486 E-.28181
G1 X19.347 Y24.317 E-.39642
G1 X19.487 Y25.312 E-.47728
G1 X18.974 Y25.825 E-.34449
;WIPE_END
G1 X26.484 Y15.592 F9000
G1 E5 F2400
;TYPE:Solid infill
;WIDTH:0.44003
G1 F3600
G1 X21.154 Y15.592 E.14384
;WIDTH:0.474833
G1 X21.07 Y15.609 E.00251
;WIDTH:0.509636
G1 X20.986 Y15.627 E.00272
G1 X20.969 Y15.711 E.00271
;WIDTH:0.474832
G1 X20.951 Y15.795 E.00252
;WIDTH:0.440028
G1 X20.951 Y17.281 E.0401
G1 X20.919 Y17.563 E.00766
G1 X20.782 Y17.923 E.01039
G1 X20.561 Y18.213 E.00984
;WIDTH:0.440804
G1 X20.261 Y18.433 E.01006
G1 X19.8 Y18.58 E.01308
;WIDTH:0.440028
G1 X18.653 Y18.589 E.03095
;WIDTH:0.474449
G1 X18.569 Y18.607 E.00252
;WIDTH:0.50887
G1 X18.486 Y18.625 E.00268
G1 X18.469 Y18.709 E.00271
;WIDTH:0.474449
G1 X18.451 Y18.792 E.00249
;WIDTH:0.440028
G1 X18.451 Y59.742 E1.10511
;WIDTH:0.47483
G1 X18.469 Y59.826 E.00252
;WIDTH:0.509632
G1 X18.486 Y59.91 E.00271
G1 X18.57 Y59.927 E.00271
;WIDTH:0.47483
G1 X18.654 Y59.944 E.00251
;WIDTH:0.44003
G1 X56.601 Y59.944 E1.02407
;WIDTH:0.474833
G1 X56.685 Y59.927 E.00251
;WIDTH:0.509636
G1 X56.769 Y59.91 E.00271
G1 X56.787 Y59.826 E.00272
;WIDTH:0.474833
G1 X56.804 Y59.742 E.00251
;WIDTH:0.44003
G1 X56.804 Y18.792 E1.10511
;WIDTH:0.473962
G1 X56.787 Y18.709 E.00248
;WIDTH:0.507896
G1 X56.77 Y18.626 E.00267
G1 X56.686 Y18.609 E.0027
;WIDTH:0.472518
G1 X56.603 Y18.591 E.00248
;WIDTH:0.43714
G1 X55.614 Y18.587 E.0265
;WIDTH:0.453508
G1 X55.164 Y18.5 E.01278
G1 X54.833 Y18.321 E.01049
;WIDTH:0.451498
G1 X54.564 Y18.053 E.01054
;WIDTH:0.444042
G1 X54.392 Y17.746 E.00959
;WIDTH:0.441456
G1 X54.304 Y17.281 E.01282
;WIDTH:0.440034
G1 X54.304 Y16.616 E.01795
G1 E-3.5
;WIPE_START
G1 F7200
G1 X54.304 Y17.281 E-.31587
G1 X54.392 Y17.746 E-.2248
G1 X54.564 Y18.053 E-.16715
G1 X54.833 Y18.321 E-.18037
G1 X55.164 Y18.5 E-.17874
G1 X55.614 Y18.587 E-.21771
G1 X56.067 Y18.589 E-.21536
;WIPE_END
G1 X51.775 Y15.592 F9000
G1 E5 F2400
;WIDTH:0.44003
G1 F3600
G1 X53.28 Y15.592 E.04062
G1 E-3.5
;WIPE_START
G1 F7200
G1 X51.775 Y15.592 E-.71488
;WIPE_END
G1 E-.78512 F3600
G1 X51.763 Y20.414 F9000
G1 E5 F2400
;WIDTH:0.425832
G1 F3600
G1 X52.309 Y20.47 E.01429
;WIDTH:0.438724
G1 X52.863 Y20.613 E.01539
G1 X53.403 Y20.842 E.01578
;WIDTH:0.416212
G1 X53.95 Y21.189 E.01646
;WIDTH:0.439532
G1 X54.458 Y21.635 E.01822
;WIDTH:0.44752
G1 X54.922 Y22.255 E.02128
G1 X55.262 Y22.951 E.02129
;WIDTH:0.44784
G1 X55.367 Y23.305 E.01016
G1 X55.465 Y23.881 E.01607
;WIDTH:0.44751
G1 X55.485 Y24.408 E.01449
;WIDTH:0.446222
G1 X55.412 Y25.038 E.01738
G1 X55.277 Y25.53 E.01398
;WIDTH:0.452282
G1 X55.122 Y25.912 E.01146
G1 X54.816 Y26.444 E.01706
;WIDTH:0.45087
G1 X54.616 Y26.707 E.00915
;WIDTH:0.419258
G1 X54.074 Y27.251 E.01966
;WIDTH:0.422926
G1 X53.435 Y27.679 E.01988
G1 X52.724 Y27.969 E.01985
G1 X51.973 Y28.111 E.01976
;WIDTH:0.440026
G1 X51.312 Y28.127 E.01784
G1 X50.538 Y27.984 E.02124
G1 X49.837 Y27.701 E.0204
;WIDTH:0.43969
G1 X49.146 Y27.229 E.02256
;WIDTH:0.434402
G1 X48.652 Y26.741 E.01848
;WIDTH:0.440026
G1 X48.219 Y26.106 E.02074
G1 X47.924 Y25.395 E.02077
;WIDTH:0.43886
G1 X47.784 Y24.628 E.02098
;WIDTH:0.420084
G1 X47.768 Y24.206 E.01084
;WIDTH:0.422222
G1 X47.811 Y23.668 E.01393
;WIDTH:0.439626
G1 X47.962 Y23.04 E.01741
;WIDTH:0.450744
G1 X48.154 Y22.601 E.01327
G1 X48.41 Y22.137 E.01468
;WIDTH:0.42187
G1 X48.892 Y21.547 E.01964
;WIDTH:0.454302
G1 X49.272 Y21.208 E.01423
G1 X49.717 Y20.918 E.01484
;WIDTH:0.448144
G1 X50.164 Y20.687 E.01385
;WIDTH:0.440062
G1 X50.843 Y20.486 E.01911
;WIDTH:0.439284
G1 X51.396 Y20.406 E.01505
G1 X51.561 Y20.41 E.00445
G1 E-3.5
;WIPE_START
G1 F7200
G1 X51.396 Y20.406 E-.0784
G1 X50.843 Y20.486 E-.26541
G1 X50.164 Y20.687 E-.33636
G1 X49.717 Y20.918 E-.239
G1 X49.272 Y21.208 E-.2523
G1 X48.892 Y21.547 E-.24189
G1 X48.777 Y21.688 E-.08664
;WIPE_END
G1 X54.554 Y27.381 F9000
G1 E5 F2400
;TYPE:Internal infill
;WIDTH:0.44
G1 F3600
G1 X55.052 Y26.826 E.02012
G1 X55.324 Y26.402 E.01359
G1 X55.554 Y25.956 E.01354
G1 X55.765 Y25.308 E.01839
G1 X56.398 Y25.942 E.02418
G1 X56.398 Y26.647 E.01902
G1 X23.506 Y59.539 E1.25524
G1 X21.152 Y59.539 E.06352
G1 X18.857 Y57.244 E.08758
G1 X18.857 Y56.539 E.01902
G1 X21.453 Y53.943 E.09907
G1 X22.401 Y54.369 E.02805
G1 X23.155 Y54.518 E.02074
G1 X23.794 Y54.532 E.01725
G1 X28.801 Y59.539 E.19108
G1 X31.156 Y59.539 E.06355
G1 X56.398 Y34.296 E.96331
G1 X56.398 Y33.591 E.01902
G1 X51.344 Y28.536 E.19289
G1 X52.303 Y28.49 E.02591
G1 X53.126 Y28.273 E.02297
G1 X53.689 Y28.013 E.01673
G1 E-3.5
;WIPE_START
G1 F7200
G1 X53.126 Y28.273 E-.29456
G1 X52.303 Y28.49 E-.40429
G1 X51.344 Y28.536 E-.45605
G1 X51.858 Y29.05 E-.3451
;WIPE_END
G1 X44.098 Y15.592 F9000
G1 E5 F2400
;TYPE:Solid infill
;WIDTH:0.44003
G1 F3600
G1 X49.591 Y15.592 E.14824
G1 E-3.5
;WIPE_START
G1 F7200
G1 X46.433 Y15.592 E-1.5
;WIPE_END
G1 X36.42 Y15.592 F9000
G1 E5 F2400
G1 F3600
G1 X41.888 Y15.592 E.14756
G1 E-3.5
;WIPE_START
G1 F7200
G1 X38.73 Y15.592 E-1.5
;WIPE_END
G1 X28.74 Y15.592 F9000
G1 E5 F2400
G1 F3600
G1 X34.186 Y15.592 E.14697
G1 E-3.5
;WIPE_START
G1 F7200
G1 X31.028 Y15.592 E-1.5
;WIPE_END
G1 X25.341 Y46.359 F9000
G1 E5 F2400
;TYPE:Internal infill
;WIDTH:0.44
G1 F3600
G1 X24.361 Y46.05 E.02773
G1 X23.668 Y45.992 E.01877
G1 X22.963 Y46.051 E.01909
G1 X18.857 Y41.945 E.15669
G1 X18.857 Y41.24 E.01902
G1 X44.1 Y15.997 E.96333
G1 X46.454 Y15.997 E.06352
G1 X50.58 Y20.123 E.15746
G1 X51.411 Y19.999 E.02267
G1 X52.562 Y20.105 E.03119
G1 X53.38 Y20.379 E.02328
G1 X53.777 Y20.582 E.01203
G1 X54.385 Y21.011 E.02008
G1 X56.398 Y18.993 E.07692
G1 X55.156 Y18.933 E.03355
G1 X54.703 Y18.733 E.01336
G1 X54.278 Y18.363 E.01521
G1 X54.062 Y18.008 E.01121
G1 X53.927 Y17.608 E.01139
G1 X53.898 Y15.997 E.04348
G1 X51.749 Y15.997 E.05799
G1 X18.857 Y48.889 E1.25524
G1 X18.857 Y49.594 E.01902
G1 X19.361 Y50.098 E.01923
G1 X19.491 Y51.341 E.03373
G1 X19.939 Y52.429 E.03175
G1 E-3.5
;WIPE_START
G1 F7200
G1 X19.491 Y51.341 E-.5589
G1 X19.361 Y50.098 E-.59365
G1 X18.857 Y49.594 E-.33856
G1 X18.857 Y49.575 E-.00889
;WIPE_END
G1 X26.804 Y52.482 F9000
G1 E5 F2400
;TYPE:Solid infill
;WIDTH:0.440122
G1 F3600
G1 X26.074 Y53.252 E.02864
;WIDTH:0.422928
G1 X25.435 Y53.679 E.01987
G1 X24.724 Y53.969 E.01985
;WIDTH:0.429042
G1 X23.97 Y54.116 E.02017
G1 X23.204 Y54.104 E.02011
;WIDTH:0.440118
G1 X22.492 Y53.969 E.01956
G1 X21.743 Y53.637 E.02211
;WIDTH:0.42293
G1 X21.113 Y53.197 E.01986
G1 X20.583 Y52.64 E.01987
G1 X20.172 Y51.989 E.0199
;WIDTH:0.440042
G1 X19.882 Y51.21 E.02243
G1 X19.756 Y50.273 E.02552
;WIDTH:0.439774
G1 X19.833 Y49.555 E.01948
;WIDTH:0.425332
G1 X20.051 Y48.817 E.02001
;WIDTH:0.422932
G1 X20.409 Y48.137 E.01986
G1 X20.895 Y47.542 E.01986
G1 X21.489 Y47.054 E.01987
G1 X22.169 Y46.694 E.01989
G1 X22.906 Y46.476 E.01987
G1 X23.666 Y46.409 E.01972
;WIDTH:0.44003
G1 X24.308 Y46.456 E.01737
G1 X25.049 Y46.666 E.02078
G1 X25.724 Y47.012 E.02047
G1 X26.319 Y47.484 E.0205
G1 X26.811 Y48.064 E.02053
G1 X27.182 Y48.733 E.02064
G1 X27.428 Y49.529 E.02248
G1 X27.486 Y50.403 E.02364
G1 X27.42 Y51.05 E.01755
G1 X27.189 Y51.787 E.02084
;WIDTH:0.440889
G1 X26.902 Y52.304 E.01599
;LAYER_CHANGE
;Z:4.04
;HEIGHT:0.16
;BEFORE_LAYER_CHANGE
G92 E0
;4.04


G1 E-3.5 F3600
;WIPE_START
G1 F7200
G1 X27.189 Y51.787 E-.28088
G1 X27.42 Y51.05 E-.36687
G1 X27.486 Y50.403 E-.30892
G1 X27.428 Y49.529 E-.41606
G1 X27.349 Y49.273 E-.12727
;WIPE_END
G1 Z4.04 F9000
;AFTER_LAYER_CHANGE
;4.04
G1 X35.735 Y39.901
G1 E5 F2400
;TYPE:Perimeter
;WIDTH:0.439999
G1 F1800
G1 X35.425 Y39.668 E.01046
G1 X34.993 Y39.184 E.01751
G1 X34.665 Y38.624 E.01751
G1 X34.455 Y38.01 E.01751
G1 X34.372 Y37.395 E.01675
G1 X34.394 Y36.862 E.0144
G1 X34.534 Y36.247 E.01702
G1 X34.797 Y35.654 E.01751
G1 X35.134 Y35.177 E.01576
G1 X35.646 Y34.682 E.01922
G1 X36.198 Y34.34 E.01752
G1 X36.807 Y34.115 E.01752
G1 X37.475 Y34.012 E.01824
G1 X37.987 Y34.036 E.01383
G1 X38.291 Y34.078 E.00828
G1 X38.807 Y34.227 E.01449
G1 X39.311 Y34.479 E.01521
G1 X39.813 Y34.854 E.01691
G1 X40.263 Y35.352 E.01811
G1 X40.59 Y35.912 E.0175
G1 X40.8 Y36.526 E.01751
G1 X40.884 Y37.169 E.0175
G1 X40.839 Y37.816 E.0175
G1 X40.667 Y38.442 E.01752
G1 X40.374 Y39.021 E.01751
G1 X40.046 Y39.452 E.01462
G1 X39.606 Y39.857 E.01614
G1 X39.057 Y40.196 E.01741
G1 X38.449 Y40.421 E.01749
G1 X37.808 Y40.521 E.01751
G1 X37.16 Y40.492 E.0175
G1 X36.53 Y40.336 E.01751
G1 X35.944 Y40.057 E.01751
G1 X35.783 Y39.937 E.00542
G1 X35.97 Y39.574 F9000
G1 F1800
G1 X35.678 Y39.351 E.00991
G1 X35.304 Y38.924 E.01532
G1 X35.022 Y38.43 E.01535
G1 X34.843 Y37.891 E.01533
G1 X34.776 Y37.353 E.01463
G1 X34.803 Y36.849 E.01362
G1 X34.927 Y36.347 E.01395
G1 X35.163 Y35.831 E.01531
G1 X35.458 Y35.422 E.01361
G1 X35.915 Y34.986 E.01704
G1 X36.401 Y34.692 E.01533
G1 X36.936 Y34.5 E.01534
G1 X37.565 Y34.413 E.01714
G1 X38.065 Y34.448 E.01353
G1 X38.615 Y34.591 E.01534
G1 X39.126 Y34.84 E.01534
G1 X39.56 Y35.171 E.01473
G1 X39.952 Y35.613 E.01594
G1 X40.234 Y36.106 E.01533
G1 X40.412 Y36.645 E.01532
G1 X40.481 Y37.209 E.01533
G1 X40.436 Y37.776 E.01535
G1 X40.279 Y38.322 E.01533
G1 X40.018 Y38.827 E.01534
G1 X39.699 Y39.234 E.01395
G1 X39.292 Y39.589 E.01457
G1 X38.854 Y39.844 E.01368
G1 X38.32 Y40.036 E.01531
G1 X37.757 Y40.119 E.01536
G1 X37.19 Y40.088 E.01532
G1 X36.64 Y39.945 E.01534
G1 X36.129 Y39.696 E.01534
G1 X36.017 Y39.611 E.00379
G1 X36.197 Y39.258 F9000
;TYPE:External perimeter
;WIDTH:0.419999
G1 F1800
G1 X35.897 Y39.015 E.0099
G1 X35.585 Y38.637 E.01257
G1 X35.354 Y38.206 E.01255
G1 X35.214 Y37.737 E.01256
G1 X35.169 Y37.279 E.01181
G1 X35.199 Y36.882 E.01021
G1 X35.323 Y36.409 E.01254
G1 X35.539 Y35.969 E.01257
G1 X35.838 Y35.581 E.01257
G1 X36.275 Y35.221 E.01453
G1 X36.735 Y34.985 E.01326
G1 X37.091 Y34.867 E.00962
G1 X37.586 Y34.809 E.01279
G1 X38.074 Y34.85 E.01256
G1 X38.544 Y34.986 E.01255
G1 X38.978 Y35.213 E.01257
G1 X39.358 Y35.521 E.01255
G1 X39.689 Y35.933 E.01356
G1 X39.932 Y36.432 E.01424
G1 X40.042 Y36.8 E.00985
G1 X40.087 Y37.287 E.01255
G1 X40.034 Y37.774 E.01257
G1 X39.886 Y38.241 E.01257
G1 X39.575 Y38.761 E.01554
G1 X39.4 Y38.972 E.00703
G1 X39.014 Y39.296 E.01293
G1 X38.622 Y39.517 E.01154
G1 X38.156 Y39.67 E.01258
G1 X37.67 Y39.727 E.01255
G1 X37.182 Y39.686 E.01256
G1 X36.711 Y39.55 E.01258
G1 X36.277 Y39.323 E.01257
G1 X36.244 Y39.296 E.00109
G1 E-3.5 F3600
;WIPE_START
G1 F7200
G1 X36.197 Y39.258 E-.02871
G1 X35.897 Y39.015 E-.18338
G1 X35.585 Y38.637 E-.23281
G1 X35.354 Y38.206 E-.23228
G1 X35.214 Y37.737 E-.23249
G1 X35.169 Y37.279 E-.2186
G1 X35.199 Y36.882 E-.18911
G1 X35.297 Y36.51 E-.18262
;WIPE_END
G1 X25.974 Y26.927 F9000
G1 E5 F2400
;TYPE:Perimeter
;WIDTH:0.439999
G1 F1800
G1 X25.492 Y27.299 E.01643
G1 X24.854 Y27.608 E.01913
G1 X24.168 Y27.785 E.01912
G1 X23.461 Y27.822 E.0191
G1 X22.76 Y27.718 E.01912
G1 X22.093 Y27.478 E.01913
G1 X21.488 Y27.11 E.01911
G1 X20.967 Y26.63 E.01912
G1 X20.552 Y26.056 E.01911
G1 X20.258 Y25.411 E.01913
G1 X20.079 Y24.447 E.02646
G1 X20.097 Y23.818 E.01698
G1 X20.252 Y23.145 E.01864
G1 X20.541 Y22.498 E.01912
G1 X20.953 Y21.922 E.01911
G1 X21.471 Y21.438 E.01913
G1 X22.075 Y21.067 E.01913
G1 X22.74 Y20.823 E.01911
G1 X23.44 Y20.715 E.01911
G1 X24.148 Y20.748 E.01913
G1 X24.835 Y20.921 E.01912
G1 X25.474 Y21.227 E.01912
G1 X26.04 Y21.653 E.01912
G1 X26.51 Y22.183 E.01912
G1 X26.866 Y22.795 E.01911
G1 X27.094 Y23.466 E.01912
G1 X27.184 Y24.169 E.01913
G1 X27.133 Y24.876 E.01913
G1 X26.943 Y25.558 E.0191
G1 X26.622 Y26.19 E.01913
G1 X26.072 Y26.851 E.0232
G1 X26.021 Y26.89 E.00173
G1 X25.709 Y26.627 F9000
G1 F1800
G1 X25.255 Y26.969 E.01534
G1 X24.687 Y27.238 E.01696
G1 X24.078 Y27.389 E.01693
G1 X23.451 Y27.416 E.01694
G1 X22.83 Y27.319 E.01696
G1 X22.242 Y27.1 E.01693
G1 X21.708 Y26.77 E.01694
G1 X21.25 Y26.34 E.01695
G1 X20.887 Y25.827 E.01696
G1 X20.632 Y25.253 E.01695
G1 X20.48 Y24.385 E.02378
G1 X20.502 Y23.846 E.01456
G1 X20.645 Y23.245 E.01667
G1 X20.907 Y22.674 E.01695
G1 X21.277 Y22.167 E.01694
G1 X21.74 Y21.742 E.01696
G1 X22.278 Y21.418 E.01695
G1 X22.869 Y21.207 E.01693
G1 X23.491 Y21.118 E.01696
G1 X24.117 Y21.153 E.01692
G1 X24.725 Y21.312 E.01696
G1 X25.289 Y21.588 E.01694
G1 X25.787 Y21.97 E.01694
G1 X26.2 Y22.444 E.01696
G1 X26.51 Y22.989 E.01692
G1 X26.706 Y23.586 E.01696
G1 X26.78 Y24.209 E.01693
G1 X26.73 Y24.835 E.01695
G1 X26.556 Y25.439 E.01696
G1 X26.266 Y25.996 E.01695
G1 X25.768 Y26.582 E.02075
G1 X25.757 Y26.59 E.00037
G1 X25.451 Y26.335 F9000
;TYPE:External perimeter
;WIDTH:0.419999
G1 F1800
G1 X25.024 Y26.648 E.01358
G1 X24.525 Y26.877 E.01409
G1 X23.99 Y27.003 E.0141
G1 X23.441 Y27.021 E.01409
G1 X22.899 Y26.929 E.0141
G1 X22.386 Y26.732 E.0141
G1 X21.922 Y26.437 E.01411
G1 X21.526 Y26.056 E.0141
G1 X21.214 Y25.604 E.01409
G1 X20.997 Y25.1 E.01408
G1 X20.871 Y24.324 E.02017
G1 X20.902 Y23.838 E.01249
G1 X21.028 Y23.342 E.01313
G1 X21.263 Y22.846 E.01408
G1 X21.592 Y22.405 E.01412
G1 X22.002 Y22.039 E.0141
G1 X22.475 Y21.761 E.01408
G1 X22.995 Y21.582 E.01411
G1 X23.54 Y21.51 E.0141
G1 X24.088 Y21.548 E.01409
G1 X24.618 Y21.693 E.0141
G1 X25.108 Y21.94 E.01408
G1 X25.54 Y22.28 E.0141
G1 X25.897 Y22.698 E.0141
G1 X26.163 Y23.179 E.0141
G1 X26.328 Y23.703 E.01409
G1 X26.387 Y24.249 E.01409
G1 X26.336 Y24.796 E.01409
G1 X26.178 Y25.322 E.01409
G1 X25.918 Y25.807 E.01412
G1 X25.494 Y26.293 E.01655
G1 E-3.5 F3600
;WIPE_START
G1 F7200
G1 X25.451 Y26.335 E-.02855
G1 X25.024 Y26.648 E-.25148
G1 X24.525 Y26.877 E-.26079
G1 X23.99 Y27.003 E-.26108
G1 X23.441 Y27.021 E-.26092
G1 X22.899 Y26.929 E-.26113
G1 X22.553 Y26.796 E-.17605
;WIPE_END
G1 X23.892 Y46.736 F9000
G1 E5 F2400
;TYPE:Perimeter
;WIDTH:0.439999
G1 F1800
G1 X24.148 Y46.748 E.00692
G1 X24.835 Y46.921 E.01912
G1 X25.474 Y47.227 E.01912
G1 X26.04 Y47.653 E.01912
G1 X26.51 Y48.183 E.01912
G1 X26.866 Y48.795 E.01911
G1 X27.094 Y49.466 E.01912
G1 X27.184 Y50.169 E.01913
G1 X27.133 Y50.876 E.01913
G1 X26.943 Y51.558 E.0191
G1 X26.622 Y52.19 E.01913
G1 X26.072 Y52.851 E.0232
G1 X25.492 Y53.298 E.01976
G1 X24.854 Y53.608 E.01914
G1 X24.168 Y53.785 E.01912
G1 X23.461 Y53.822 E.0191
G1 X22.76 Y53.718 E.01912
G1 X22.093 Y53.478 E.01913
G1 X21.488 Y53.11 E.01911
G1 X20.967 Y52.63 E.01912
G1 X20.552 Y52.056 E.01911
G1 X20.258 Y51.411 E.01913
G1 X20.079 Y50.447 E.02646
G1 X20.097 Y49.818 E.01698
G1 X20.252 Y49.145 E.01864
G1 X20.541 Y48.498 E.01912
G1 X20.953 Y47.922 E.01911
G1 X21.471 Y47.438 E.01913
G1 X22.075 Y47.067 E.01913
G1 X22.74 Y46.823 E.01911
G1 X23.44 Y46.715 E.01911
G1 X23.832 Y46.734 E.01059
G1 X23.862 Y47.139 F9000
G1 F1800
G1 X24.117 Y47.153 E.00689
G1 X24.725 Y47.312 E.01696
G1 X25.289 Y47.588 E.01694
G1 X25.787 Y47.97 E.01694
G1 X26.2 Y48.444 E.01696
G1 X26.51 Y48.989 E.01692
G1 X26.706 Y49.586 E.01696
G1 X26.78 Y50.209 E.01693
G1 X26.73 Y50.835 E.01695
G1 X26.556 Y51.439 E.01696
G1 X26.266 Y51.996 E.01695
G1 X25.768 Y52.582 E.02075
G1 X25.255 Y52.969 E.01734
G1 X24.687 Y53.238 E.01696
G1 X24.078 Y53.389 E.01693
G1 X23.451 Y53.416 E.01694
G1 X22.83 Y53.319 E.01696
G1 X22.242 Y53.1 E.01693
G1 X21.708 Y52.77 E.01694
G1 X21.25 Y52.339 E.01697
G1 X20.887 Y51.827 E.01694
G1 X20.632 Y51.253 E.01695
G1 X20.48 Y50.385 E.02378
G1 X20.502 Y49.846 E.01456
G1 X20.645 Y49.245 E.01667
G1 X20.907 Y48.674 E.01695
G1 X21.277 Y48.167 E.01694
G1 X21.74 Y47.742 E.01696
G1 X22.278 Y47.418 E.01695
G1 X22.869 Y47.207 E.01693
G1 X23.491 Y47.118 E.01696
G1 X23.802 Y47.135 E.0084
G1 X23.833 Y47.53 F9000
;TYPE:External perimeter
;WIDTH:0.419999
G1 F1800
G1 X24.088 Y47.548 E.00656
G1 X24.618 Y47.693 E.0141
G1 X25.108 Y47.94 E.01408
G1 X25.54 Y48.28 E.0141
G1 X25.897 Y48.698 E.0141
G1 X26.163 Y49.179 E.0141
G1 X26.328 Y49.703 E.01409
G1 X26.387 Y50.249 E.01409
G1 X26.336 Y50.796 E.01409
G1 X26.178 Y51.322 E.01409
G1 X25.918 Y51.807 E.01412
G1 X25.471 Y52.32 E.01746
G1 X25.024 Y52.648 E.01422
G1 X24.525 Y52.877 E.01409
G1 X23.99 Y53.003 E.0141
G1 X23.441 Y53.021 E.01409
G1 X22.899 Y52.929 E.0141
G1 X22.386 Y52.732 E.0141
G1 X21.922 Y52.437 E.01411
G1 X21.526 Y52.056 E.0141
G1 X21.214 Y51.604 E.01409
G1 X20.997 Y51.1 E.01408
G1 X20.871 Y50.324 E.02017
G1 X20.902 Y49.838 E.01249
G1 X21.028 Y49.342 E.01313
G1 X21.263 Y48.846 E.01408
G1 X21.592 Y48.405 E.01412
G1 X22.002 Y48.039 E.0141
G1 X22.475 Y47.761 E.01408
G1 X22.995 Y47.582 E.01411
G1 X23.54 Y47.51 E.0141
G1 X23.773 Y47.526 E.00599
G1 E-3.5 F3600
;WIPE_START
G1 F7200
G1 X23.833 Y47.53 E-.02856
G1 X24.088 Y47.548 E-.12143
G1 X24.618 Y47.693 E-.261
G1 X25.108 Y47.94 E-.26065
G1 X25.54 Y48.28 E-.26113
G1 X25.897 Y48.698 E-.26111
G1 X26.163 Y49.179 E-.26108
G1 X26.192 Y49.269 E-.04504
;WIPE_END
G1 X48.098 Y49.914 F9000
G1 E5 F2400
;TYPE:Perimeter
;WIDTH:0.439999
G1 F1800
G1 X48.216 Y49.313 E.01653
G1 X48.363 Y48.865 E.01272
G1 X48.59 Y48.409 E.01375
G1 X48.926 Y47.958 E.01518
G1 X49.471 Y47.438 E.02033
G1 X50.075 Y47.067 E.01913
G1 X50.74 Y46.823 E.01911
G1 X51.44 Y46.715 E.01911
G1 X51.992 Y46.729 E.0149
G1 X52.496 Y46.818 E.01381
G1 X53.162 Y47.058 E.0191
G1 X53.768 Y47.426 E.01913
G1 X54.288 Y47.906 E.0191
G1 X54.704 Y48.48 E.01913
G1 X54.997 Y49.125 E.01912
G1 X55.172 Y50 E.02408
G1 X55.181 Y50.27 E.00729
G1 X55.104 Y51.005 E.01994
G1 X54.875 Y51.722 E.02031
G1 X54.522 Y52.337 E.01914
G1 X54.055 Y52.869 E.0191
G1 X53.492 Y53.298 E.0191
G1 X52.854 Y53.608 E.01914
G1 X52.168 Y53.785 E.01912
G1 X51.461 Y53.822 E.0191
G1 X50.76 Y53.718 E.01912
G1 X50.093 Y53.478 E.01913
G1 X49.488 Y53.11 E.01911
G1 X48.967 Y52.63 E.01912
G1 X48.552 Y52.056 E.01911
G1 X48.258 Y51.411 E.01913
G1 X48.099 Y50.721 E.01911
G1 X48.079 Y50.012 E.01914
G1 X48.087 Y49.973 E.00107
G1 X48.497 Y49.954 F9000
G1 F1800
G1 X48.611 Y49.405 E.01513
G1 X48.727 Y49.043 E.01026
G1 X48.968 Y48.574 E.01423
G1 X49.277 Y48.167 E.01379
G1 X49.74 Y47.742 E.01696
G1 X50.278 Y47.418 E.01695
G1 X50.869 Y47.207 E.01693
G1 X51.491 Y47.118 E.01696
G1 X51.922 Y47.128 E.01163
G1 X52.425 Y47.217 E.01378
G1 X53.014 Y47.436 E.01696
G1 X53.548 Y47.767 E.01695
G1 X54.005 Y48.197 E.01693
G1 X54.368 Y48.709 E.01694
G1 X54.623 Y49.283 E.01695
G1 X54.773 Y50.068 E.02157
G1 X54.701 Y50.963 E.02423
G1 X54.494 Y51.583 E.01764
G1 X54.176 Y52.125 E.01696
G1 X53.758 Y52.593 E.01693
G1 X53.255 Y52.969 E.01695
G1 X52.687 Y53.238 E.01696
G1 X52.078 Y53.389 E.01693
G1 X51.451 Y53.416 E.01694
G1 X50.83 Y53.319 E.01696
G1 X50.242 Y53.1 E.01693
G1 X49.708 Y52.77 E.01694
G1 X49.25 Y52.339 E.01697
G1 X48.887 Y51.827 E.01694
G1 X48.632 Y51.253 E.01695
G1 X48.496 Y50.64 E.01694
G1 X48.485 Y50.013 E.01692
G1 X48.885 Y49.993 F9000
;TYPE:External perimeter
;WIDTH:0.419999
G1 F1800
G1 X48.996 Y49.495 E.01309
G1 X49.083 Y49.216 E.0075
G1 X49.306 Y48.783 E.01249
G1 X49.613 Y48.382 E.01296
G1 X50.002 Y48.039 E.0133
G1 X50.475 Y47.761 E.01408
G1 X50.995 Y47.582 E.01411
G1 X51.54 Y47.51 E.0141
G1 X51.853 Y47.518 E.00803
G1 X52.356 Y47.607 E.0131
G1 X52.869 Y47.804 E.0141
G1 X53.333 Y48.099 E.01411
G1 X53.729 Y48.48 E.0141
G1 X54.042 Y48.932 E.0141
G1 X54.259 Y49.436 E.01408
G1 X54.383 Y50.134 E.01819
G1 X54.307 Y50.922 E.02031
G1 X54.122 Y51.448 E.0143
G1 X53.839 Y51.919 E.0141
G1 X53.468 Y52.324 E.01409
G1 X53.024 Y52.648 E.0141
G1 X52.525 Y52.877 E.01409
G1 X51.99 Y53.003 E.0141
G1 X51.441 Y53.021 E.01409
G1 X50.899 Y52.929 E.0141
G1 X50.386 Y52.732 E.0141
G1 X49.922 Y52.437 E.01411
G1 X49.526 Y52.056 E.0141
G1 X49.214 Y51.604 E.01409
G1 X48.997 Y51.1 E.01408
G1 X48.884 Y50.562 E.0141
G1 X48.881 Y50.053 E.01306
G1 E-3.5 F3600
;WIPE_START
G1 F7200
G1 X48.885 Y49.993 E-.02856
G1 X48.996 Y49.495 E-.24235
G1 X49.083 Y49.216 E-.13882
G1 X49.306 Y48.783 E-.23135
G1 X49.613 Y48.382 E-.23989
G1 X50.002 Y48.039 E-.24635
G1 X50.475 Y47.761 E-.26061
G1 X50.698 Y47.684 E-.11207
;WIPE_END
G1 X51.187 Y27.782 F9000
G1 E5 F2400
;TYPE:Perimeter
;WIDTH:0.439999
G1 F1800
G1 X50.76 Y27.718 E.01165
G1 X50.093 Y27.478 E.01913
G1 X49.488 Y27.11 E.01911
G1 X48.983 Y26.645 E.01852
G1 X48.598 Y26.124 E.01748
G1 X48.315 Y25.546 E.01737
G1 X48.2 Y25.222 E.00928
G1 X48.099 Y24.721 E.01379
G1 X48.079 Y24.012 E.01914
G1 X48.2 Y23.314 E.01912
G1 X48.457 Y22.654 E.01911
G1 X48.961 Y21.918 E.02407
G1 X49.474 Y21.436 E.01899
G1 X50.075 Y21.067 E.01903
G1 X50.74 Y20.823 E.01911
G1 X51.44 Y20.715 E.01911
G1 X51.992 Y20.729 E.0149
G1 X52.496 Y20.818 E.01381
G1 X53.162 Y21.058 E.0191
G1 X53.768 Y21.426 E.01913
G1 X54.288 Y21.906 E.0191
G1 X54.704 Y22.48 E.01913
G1 X54.997 Y23.125 E.01912
G1 X55.172 Y24 E.02408
G1 X55.181 Y24.27 E.00729
G1 X55.104 Y25.005 E.01994
G1 X54.875 Y25.722 E.02031
G1 X54.522 Y26.337 E.01914
G1 X54.055 Y26.869 E.0191
G1 X53.492 Y27.299 E.01912
G1 X52.854 Y27.608 E.01913
G1 X52.168 Y27.785 E.01912
G1 X51.461 Y27.822 E.0191
G1 X51.247 Y27.79 E.00584
G1 X51.237 Y27.383 F9000
G1 F1800
G1 X50.83 Y27.319 E.01112
G1 X50.242 Y27.1 E.01693
G1 X49.708 Y26.77 E.01694
G1 X49.266 Y26.355 E.01636
G1 X48.933 Y25.895 E.01532
G1 X48.689 Y25.388 E.01518
G1 X48.598 Y25.141 E.0071
G1 X48.496 Y24.64 E.0138
G1 X48.485 Y24.012 E.01695
G1 X48.598 Y23.395 E.01693
G1 X48.831 Y22.812 E.01694
G1 X49.289 Y22.156 E.02159
G1 X49.741 Y21.741 E.01656
G1 X50.278 Y21.418 E.01691
G1 X50.869 Y21.207 E.01693
G1 X51.491 Y21.118 E.01696
G1 X51.922 Y21.128 E.01163
G1 X52.425 Y21.217 E.01378
G1 X53.014 Y21.436 E.01696
G1 X53.548 Y21.767 E.01695
G1 X54.005 Y22.197 E.01693
G1 X54.368 Y22.709 E.01694
G1 X54.623 Y23.283 E.01695
G1 X54.773 Y24.068 E.02157
G1 X54.701 Y24.963 E.02423
G1 X54.494 Y25.583 E.01764
G1 X54.176 Y26.125 E.01696
G1 X53.758 Y26.593 E.01693
G1 X53.255 Y26.969 E.01695
G1 X52.687 Y27.238 E.01696
G1 X52.078 Y27.389 E.01693
G1 X51.451 Y27.416 E.01694
G1 X51.297 Y27.392 E.00421
G1 X51.286 Y26.995 F9000
;TYPE:External perimeter
;WIDTH:0.419999
G1 F1800
G1 X50.899 Y26.929 E.01007
G1 X50.386 Y26.732 E.0141
G1 X49.922 Y26.437 E.01411
G1 X49.542 Y26.072 E.01352
G1 X49.214 Y25.604 E.01466
G1 X48.997 Y25.1 E.01408
G1 X48.884 Y24.562 E.0141
G1 X48.88 Y24.012 E.01411
G1 X48.986 Y23.473 E.01409
G1 X49.195 Y22.965 E.01409
G1 X49.609 Y22.389 E.0182
G1 X50.002 Y22.039 E.0135
G1 X50.475 Y21.761 E.01408
G1 X50.995 Y21.582 E.01411
G1 X51.54 Y21.51 E.0141
G1 X51.853 Y21.518 E.00803
G1 X52.356 Y21.607 E.0131
G1 X52.869 Y21.804 E.0141
G1 X53.333 Y22.099 E.01411
G1 X53.729 Y22.48 E.0141
G1 X54.042 Y22.932 E.0141
G1 X54.259 Y23.436 E.01408
G1 X54.383 Y24.134 E.01819
G1 X54.307 Y24.922 E.02031
G1 X54.122 Y25.448 E.0143
G1 X53.839 Y25.919 E.0141
G1 X53.468 Y26.324 E.01409
G1 X53.024 Y26.648 E.0141
G1 X52.525 Y26.877 E.01409
G1 X51.99 Y27.003 E.0141
G1 X51.441 Y27.021 E.01409
G1 X51.345 Y27.005 E.0025
G1 E-3.5 F3600
;WIPE_START
G1 F7200
G1 X51.286 Y26.995 E-.02842
G1 X50.899 Y26.929 E-.18648
G1 X50.386 Y26.732 E-.26102
G1 X49.922 Y26.437 E-.26117
G1 X49.542 Y26.072 E-.25028
G1 X49.214 Y25.604 E-.27146
G1 X49.013 Y25.137 E-.24117
;WIPE_END
G1 X54.915 Y17.979 F9000
G1 E5 F2400
;TYPE:Perimeter
;WIDTH:0.439999
G1 F3600
G1 X54.967 Y18.043 E.00223
G1 X55.224 Y18.201 E.00814
G1 X55.611 Y18.279 E.01065
G1 X57.116 Y18.279 E.04061
G1 X57.116 Y60.257 E1.13277
G1 X18.139 Y60.257 E1.05179
G1 X18.139 Y18.279 E1.13277
G1 X19.748 Y18.279 E.04342
G1 X20.046 Y18.195 E.00835
G1 X20.359 Y17.977 E.01029
G1 X20.563 Y17.667 E.01001
G1 X20.639 Y17.285 E.01051
G1 X20.639 Y15.279 E.05413
G1 X54.616 Y15.279 E.91686
G1 X54.616 Y17.424 E.05788
G1 X54.731 Y17.749 E.0093
G1 X54.878 Y17.932 E.00633
G1 X55.206 Y17.69 F9000
G1 F3600
G1 X55.326 Y17.8 E.00439
G1 X55.611 Y17.874 E.00795
G1 X57.522 Y17.874 E.05157
G1 X57.522 Y60.662 E1.15463
G1 X17.733 Y60.662 E1.0737
G1 X17.733 Y17.874 E1.15463
G1 X19.711 Y17.874 E.05338
G1 X19.978 Y17.77 E.00773
G1 X20.164 Y17.562 E.00753
G1 X20.233 Y17.285 E.0077
G1 X20.233 Y14.874 E.06506
G1 X55.022 Y14.874 E.93877
G1 X55.022 Y17.371 E.06738
G1 X55.119 Y17.609 E.00694
G1 X55.162 Y17.649 E.00158
G1 X55.483 Y17.418 F9000
;TYPE:External perimeter
;WIDTH:0.419999
G1 F1800
G1 X55.611 Y17.478 E.00363
G1 X57.918 Y17.478 E.05918
G1 X57.918 Y61.058 E1.11802
G1 X17.338 Y61.058 E1.04106
G1 X17.338 Y17.478 E1.11802
G1 X19.645 Y17.478 E.05918
G1 X19.769 Y17.432 E.00339
G1 X19.838 Y17.285 E.00417
G1 X19.838 Y14.478 E.07201
G1 X55.418 Y14.478 E.91278
G1 X55.418 Y17.285 E.07201
G1 X55.449 Y17.374 E.00242
G1 E-3.5 F3600
;WIPE_START
G1 F7200
G1 X55.483 Y17.418 E-.02641
G1 X55.611 Y17.478 E-.06715
G1 X57.918 Y17.478 E-1.09582
G1 X57.918 Y18.132 E-.31062
;WIPE_END
G1 X18.269 Y59.273 F9000
G1 E5 F2400
M204 S250
;TYPE:Bridge infill
;WIDTH:0.371732
;HEIGHT:0.368782
G1 F1500
G1 X18.934 Y59.938 E.04243
G1 X19.53 Y59.938 E.02689
G1 X18.458 Y58.865 E.06844
G1 X18.458 Y58.269 E.02689
G1 X20.127 Y59.938 E.1065
G1 X20.723 Y59.938 E.02689
G1 X18.458 Y57.673 E.14453
G1 X18.458 Y57.076 E.02694
G1 X21.32 Y59.938 E.18263
G1 X21.916 Y59.938 E.02689
G1 X18.458 Y56.48 E.22066
G1 X18.458 Y55.883 E.02694
G1 X22.512 Y59.938 E.25872
G1 X23.109 Y59.938 E.02694
G1 X18.458 Y55.287 E.29679
G1 X18.458 Y54.691 E.02689
G1 X23.705 Y59.938 E.33482
G1 X24.302 Y59.938 E.02694
G1 X18.458 Y54.094 E.37291
G1 X18.458 Y53.498 E.02689
G1 X24.898 Y59.938 E.41095
G1 X25.494 Y59.938 E.02689
G1 X18.458 Y52.901 E.44901
G1 X18.458 Y52.305 E.02689
G1 X26.091 Y59.938 E.48707
G1 X26.687 Y59.938 E.02689
G1 X18.458 Y51.708 E.52514
G1 X18.458 Y51.112 E.02689
G1 X27.284 Y59.938 E.5632
G1 X27.88 Y59.938 E.02689
G1 X18.458 Y50.516 E.60123
G1 X18.458 Y49.919 E.02694
G1 X19.918 Y51.379 E.09316
G1 X19.882 Y51.256 E.00578
G1 X19.799 Y50.663 E.02702
G1 X18.458 Y49.323 E.08554
G1 X18.458 Y48.726 E.02694
G1 X19.764 Y50.033 E.08337
G1 X19.779 Y49.791 E.01094
G1 X19.831 Y49.503 E.01321
G1 X18.458 Y48.13 E.08761
G1 X18.458 Y47.534 E.02689
G1 X19.955 Y49.031 E.09553
G1 X20.133 Y48.612 E.02054
G1 X18.458 Y46.937 E.10688
G1 X18.458 Y46.341 E.02689
G1 X20.338 Y48.221 E.11997
G1 X20.589 Y47.875 E.01929
G1 X18.458 Y45.744 E.13598
G1 X18.458 Y45.148 E.02689
G1 X20.862 Y47.552 E.1534
G1 X21.178 Y47.272 E.01905
G1 X18.458 Y44.551 E.1736
G1 X18.458 Y43.955 E.02689
G1 X21.521 Y47.018 E.19545
G1 X21.899 Y46.8 E.01969
G1 X18.458 Y43.359 E.21958
G1 X18.458 Y42.762 E.02694
G1 X22.322 Y46.627 E.2466
G1 X22.78 Y46.488 E.0216
G1 X18.458 Y42.166 E.27579
G1 X18.458 Y41.569 E.02694
G1 X23.3 Y46.411 E.30898
G1 X23.657 Y46.392 E.01613
G1 X23.897 Y46.412 E.01087
G1 X18.458 Y40.973 E.34707
G1 X18.458 Y40.376 E.02694
G1 X24.887 Y46.806 E.41028
M204 S500
G1 E-3.5 F3600
;WIPE_START
G1 F7200
G1 X22.654 Y44.573 E-1.5
;WIPE_END
G1 X22.197 Y53.659 F9000
G1 E5 F2400
M204 S250
G1 F1500
G1 X28.477 Y59.938 E.4007
G1 X29.073 Y59.938 E.02689
G1 X23.262 Y54.126 E.37084
G1 X23.432 Y54.141 E.0077
G1 X23.862 Y54.131 E.01941
G1 X29.669 Y59.938 E.37055
G1 X30.266 Y59.938 E.02694
G1 X24.388 Y54.06 E.37508
G1 X24.864 Y53.94 E.02215
G1 X30.862 Y59.938 E.38274
G1 X31.459 Y59.938 E.02694
G1 X25.284 Y53.764 E.394
G1 X25.676 Y53.559 E.01996
G1 X32.055 Y59.938 E.40705
G1 X32.651 Y59.938 E.02689
G1 X26.023 Y53.309 E.42297
G1 X26.339 Y53.029 E.01905
G1 X33.248 Y59.938 E.44087
G1 X33.844 Y59.938 E.02689
G1 X26.616 Y52.709 E.46126
G1 X26.827 Y52.464 E.01459
G1 X26.877 Y52.374 E.00465
G1 X34.441 Y59.938 E.48267
G1 X35.037 Y59.938 E.02689
G1 X27.087 Y51.988 E.5073
G1 X27.205 Y51.772 E.01111
G1 X27.267 Y51.571 E.00949
G1 X35.634 Y59.938 E.53391
G1 X36.23 Y59.938 E.02689
G1 X27.407 Y51.115 E.56301
G1 X27.432 Y51.033 E.00387
G1 X27.48 Y50.592 E.02002
G1 X36.826 Y59.938 E.59638
G1 X37.423 Y59.938 E.02694
G1 X27.486 Y50.001 E.63409
G1 X27.432 Y49.502 E.02265
G1 X27.362 Y49.281 E.01046
G1 X38.019 Y59.938 E.68004
G1 X38.616 Y59.938 E.02694
G1 X18.458 Y39.78 E1.28631
G1 X18.458 Y39.184 E.02689
G1 X39.212 Y59.938 E1.32434
G1 X39.809 Y59.938 E.02694
G1 X18.458 Y38.587 E1.36244
G1 X18.458 Y37.991 E.02689
G1 X40.405 Y59.938 E1.40047
G1 X41.001 Y59.938 E.02689
G1 X18.458 Y37.394 E1.43853
G1 X18.458 Y36.798 E.02689
G1 X41.598 Y59.938 E1.4766
G1 X42.194 Y59.938 E.02689
G1 X18.458 Y36.202 E1.51463
G1 X18.458 Y35.605 E.02694
G1 X42.791 Y59.938 E1.55272
G1 X43.387 Y59.938 E.02689
G1 X18.458 Y35.009 E1.59076
G1 X18.458 Y34.412 E.02694
G1 X43.983 Y59.938 E1.62882
G1 X44.58 Y59.938 E.02694
G1 X18.458 Y33.816 E1.66688
G1 X18.458 Y33.219 E.02694
G1 X45.176 Y59.938 E1.70495
G1 X45.773 Y59.938 E.02694
G1 X18.458 Y32.623 E1.74301
G1 X18.458 Y32.027 E.02689
G1 X46.369 Y59.938 E1.78104
G1 X46.966 Y59.938 E.02694
G1 X18.458 Y31.43 E1.81914
G1 X18.458 Y30.834 E.02689
G1 X47.562 Y59.938 E1.85717
G1 X48.158 Y59.938 E.02689
G1 X18.458 Y30.237 E1.89523
G1 X18.458 Y29.641 E.02689
G1 X48.755 Y59.938 E1.9333
G1 X49.351 Y59.938 E.02689
G1 X18.458 Y29.045 E1.97133
G1 X18.458 Y28.448 E.02694
G1 X49.948 Y59.938 E2.00942
G1 X50.544 Y59.938 E.02689
G1 X18.458 Y27.852 E2.04746
G1 X18.458 Y27.255 E.02694
G1 X51.14 Y59.938 E2.08552
G1 X51.737 Y59.938 E.02694
G1 X18.458 Y26.659 E2.12358
G1 X18.458 Y26.062 E.02694
G1 X52.333 Y59.938 E2.16165
G1 X52.93 Y59.938 E.02694
G1 X18.458 Y25.466 E2.19971
G1 X18.458 Y24.87 E.02689
G1 X53.526 Y59.938 E2.23774
G1 X54.123 Y59.938 E.02694
G1 X21.943 Y27.758 E2.05345
G1 X21.749 Y27.659 E.00983
G1 X21.31 Y27.375 E.02359
G1 X21.114 Y27.219 E.0113
G1 X20.74 Y26.854 E.02358
G1 X20.579 Y26.663 E.01127
G1 X20.285 Y26.231 E.02358
G1 X20.143 Y25.958 E.01388
G1 X18.269 Y24.085 E.11955
M204 S500
G1 E-3.5 F3600
;WIPE_START
G1 F7200
G1 X20.143 Y25.958 E-1.25853
G1 X20.285 Y26.231 E-.14617
G1 X20.398 Y26.397 E-.0953
;WIPE_END
G1 X20.095 Y25.314 F9000
G1 E5 F2400
M204 S250
G1 F1500
G1 X18.458 Y23.677 E.10446
G1 X18.458 Y23.08 E.02694
G1 X19.759 Y24.381 E.08302
G1 X19.748 Y24.299 E.00373
G1 X19.779 Y23.805 E.02233
G1 X18.458 Y22.484 E.08429
G1 X18.458 Y21.887 E.02694
G1 X19.881 Y23.31 E.0908
G1 X20.02 Y22.853 E.02155
G1 X18.458 Y21.291 E.09967
G1 X18.458 Y20.695 E.02689
G1 X20.211 Y22.448 E.11186
G1 X20.436 Y22.076 E.01962
G1 X18.458 Y20.098 E.12622
G1 X18.458 Y19.502 E.02689
G1 X20.693 Y21.737 E.14262
G1 X20.991 Y21.439 E.01902
G1 X18.458 Y18.905 E.16167
G1 X18.458 Y18.597 E.0139
G1 X18.744 Y18.595 E.01291
G1 X21.311 Y21.162 E.1638
G1 X21.68 Y20.934 E.01957
G1 X19.336 Y18.591 E.14954
G1 X19.823 Y18.587 E.02197
G1 X19.909 Y18.567 E.00398
G1 X22.062 Y20.72 E.13739
G1 X22.509 Y20.571 E.02126
G1 X20.335 Y18.397 E.13873
G1 X20.588 Y18.2 E.01447
G1 X20.65 Y18.115 E.00475
G1 X22.989 Y20.455 E.14929
G1 X23.526 Y20.394 E.02439
G1 X20.865 Y17.734 E.16977
G1 X20.934 Y17.541 E.00925
G1 X20.958 Y17.23 E.01407
G1 X24.387 Y20.66 E.21884
M204 S500
G1 E-3.5 F3600
;WIPE_START
G1 F7200
G1 X22.154 Y18.427 E-1.5
;WIPE_END
G1 X22.585 Y27.804 F9000
G1 E5 F2400
M204 S250
G1 F1500
G1 X54.719 Y59.938 E2.05052
G1 X55.315 Y59.938 E.02689
G1 X23.517 Y28.14 E2.02908
G1 X24.089 Y28.115 E.02583
G1 X34.192 Y38.218 E.64469
G1 X34.12 Y37.99 E.01079
G1 X34.067 Y37.497 E.02237
G1 X24.584 Y28.014 E.60512
G1 X24.855 Y27.95 E.01256
G1 X25.036 Y27.869 E.00895
G1 X34.076 Y36.909 E.57686
G1 X34.088 Y36.724 E.00837
G1 X34.171 Y36.407 E.01479
G1 X25.448 Y27.685 E.5566
G1 X25.549 Y27.64 E.00499
G1 X25.811 Y27.451 E.01458
G1 X34.307 Y35.948 E.54217
G1 X34.504 Y35.548 E.02012
G1 X26.157 Y27.201 E.53263
G1 X26.219 Y27.156 E.00346
G1 X26.451 Y26.898 E.01566
G1 X34.735 Y35.182 E.52861
G1 X34.993 Y34.844 E.01919
G1 X26.733 Y26.584 E.52708
G1 X26.967 Y26.222 E.01945
G1 X35.307 Y34.562 E.53219
G1 X35.51 Y34.381 E.01227
G1 X35.644 Y34.302 E.00702
G1 X27.177 Y25.835 E.54029
G1 X27.326 Y25.387 E.0213
G1 X36.019 Y34.081 E.55475
G1 X36.13 Y34.016 E.0058
G1 X36.443 Y33.908 E.01494
G1 X27.447 Y24.912 E.57405
G1 X27.503 Y24.372 E.0245
G1 X36.901 Y33.77 E.5997
G1 X37.431 Y33.704 E.0241
G1 X27.237 Y23.51 E.65049
M204 S500
G1 E-3.5 F3600
;WIPE_START
G1 F7200
G1 X29.47 Y25.743 E-1.5
;WIPE_END
G1 X20.769 Y16.446 F9000
G1 E5 F2400
M204 S250
G1 F1500
G1 X24.948 Y20.624 E.26664
G1 X25.159 Y20.707 E.01023
G1 X25.625 Y20.946 E.02363
G1 X25.835 Y21.081 E.01126
G1 X26.243 Y21.407 E.02356
G1 X26.422 Y21.582 E.0113
G1 X26.758 Y21.982 E.02357
G1 X26.9 Y22.189 E.01133
G1 X27.206 Y22.765 E.02943
G1 X27.257 Y22.933 E.00792
G1 X38.269 Y33.945 E.70269
M204 S500
G1 E-3.5 F3600
;WIPE_START
G1 F7200
G1 X36.036 Y31.712 E-1.5
;WIPE_END
G1 X36.401 Y40.427 F9000
G1 E5 F2400
M204 S250
G1 F1500
G1 X55.912 Y59.938 E1.24503
G1 X56.508 Y59.938 E.02689
G1 X50.564 Y53.994 E.3793
G1 X50.699 Y54.031 E.00632
G1 X51.296 Y54.129 E.0273
G1 X56.797 Y59.631 E.35106
G1 X56.797 Y59.034 E.02694
G1 X51.893 Y54.13 E.31293
G1 X52.234 Y54.097 E.01546
G1 X52.414 Y54.054 E.00835
G1 X56.797 Y58.438 E.27972
G1 X56.797 Y57.841 E.02694
G1 X52.889 Y53.933 E.24938
G1 X53.305 Y53.752 E.02047
G1 X56.797 Y57.245 E.22286
G1 X56.797 Y56.648 E.02694
G1 X53.694 Y53.545 E.19801
G1 X54.041 Y53.296 E.01927
G1 X56.797 Y56.052 E.17586
G1 X56.797 Y55.456 E.02689
G1 X54.356 Y53.014 E.1558
G1 X54.643 Y52.704 E.01906
G1 X56.797 Y54.859 E.13748
G1 X56.797 Y54.263 E.02689
G1 X54.887 Y52.352 E.12191
G1 X55.106 Y51.975 E.01967
G1 X56.797 Y53.666 E.10791
G1 X56.797 Y53.07 E.02689
G1 X55.277 Y51.55 E.09699
G1 X55.352 Y51.344 E.00989
G1 X55.411 Y51.087 E.0119
G1 X56.797 Y52.474 E.08847
G1 X56.797 Y51.877 E.02694
G1 X55.469 Y50.549 E.08474
G1 X55.506 Y50.168 E.01727
G1 X55.489 Y49.973 E.00883
G1 X56.797 Y51.281 E.08347
G1 X56.797 Y50.684 E.02694
G1 X55.066 Y48.953 E.11046
M204 S500
G1 E-3.5 F3600
;WIPE_START
G1 F7200
G1 X56.797 Y50.684 E-1.1628
G1 X56.797 Y51.281 E-.28357
G1 X56.717 Y51.201 E-.05363
;WIPE_END
G1 X48.227 Y51.657 F9000
G1 E5 F2400
M204 S250
G1 F1500
G1 X37.396 Y40.825 E.69117
G1 X37.686 Y40.848 E.01313
G1 X37.981 Y40.814 E.0134
G1 X47.766 Y50.599 E.6244
G1 X47.773 Y50.009 E.02662
G1 X38.495 Y40.732 E.59201
G1 X38.944 Y40.584 E.02133
G1 X47.852 Y49.492 E.56843
G1 X47.968 Y49.012 E.02228
G1 X39.346 Y40.39 E.55018
G1 X39.723 Y40.17 E.0197
G1 X48.146 Y48.594 E.53752
G1 X48.349 Y48.2 E.02
G1 X40.042 Y39.893 E.53008
G1 X40.223 Y39.735 E.01084
G1 X40.337 Y39.591 E.00829
G1 X48.606 Y47.86 E.52766
G1 X48.769 Y47.644 E.01221
G1 X48.883 Y47.541 E.00693
G1 X40.601 Y39.259 E.52849
G1 X40.809 Y38.871 E.01986
G1 X49.198 Y47.259 E.53528
G1 X49.327 Y47.143 E.00783
G1 X49.547 Y47.013 E.01153
G1 X40.993 Y38.458 E.54588
G1 X41.132 Y38.001 E.02155
G1 X49.922 Y46.791 E.5609
G1 X49.989 Y46.751 E.00352
G1 X50.353 Y46.625 E.01738
G1 X41.189 Y37.461 E.58477
G1 X41.209 Y37.268 E.00876
G1 X41.166 Y36.842 E.01932
G1 X50.804 Y46.48 E.61502
G1 X51.329 Y46.409 E.0239
G1 X40.987 Y36.066 E.65997
G1 X40.932 Y35.888 E.00841
G1 X40.589 Y35.255 E.03249
G1 X40.126 Y34.703 E.03251
G1 X39.562 Y34.255 E.0325
G1 X38.921 Y33.929 E.03245
G1 X38.822 Y33.902 E.00463
G1 X20.958 Y16.038 E1.13993
G1 X20.958 Y15.598 E.01985
G1 X21.115 Y15.598 E.00708
G1 X51.924 Y46.407 E1.96597
G1 X52.041 Y46.414 E.00529
G1 X52.642 Y46.529 E.02761
G1 X21.711 Y15.598 E1.97375
G1 X22.308 Y15.598 E.02694
G1 X56.797 Y50.088 E2.20083
G1 X56.797 Y49.491 E.02694
G1 X22.904 Y15.598 E2.16276
G1 X23.501 Y15.598 E.02694
G1 X56.797 Y48.895 E2.1247
G1 X56.797 Y48.299 E.02689
G1 X24.097 Y15.598 E2.08667
G1 X24.694 Y15.598 E.02694
G1 X56.797 Y47.702 E2.04857
G1 X56.797 Y47.106 E.02689
G1 X25.29 Y15.598 E2.01054
G1 X25.886 Y15.598 E.02689
G1 X56.797 Y46.509 E1.97248
G1 X56.797 Y45.913 E.02689
G1 X26.485 Y15.601 E1.93425
G1 X27.975 Y16.598 E.08089
G1 X28.027 Y16.546 E.00332
G1 X56.797 Y45.317 E1.83589
G1 X56.797 Y44.72 E.02694
G1 X28.325 Y16.248 E1.81684
G1 X28.624 Y15.95 E.01905
G1 X56.797 Y44.124 E1.79779
G1 X56.797 Y43.527 E.02694
G1 X28.868 Y15.598 E1.78219
G1 X29.465 Y15.598 E.02694
G1 X56.797 Y42.931 E1.74413
G1 X56.797 Y42.334 E.02694
G1 X30.061 Y15.598 E1.70606
G1 X30.658 Y15.598 E.02694
G1 X56.797 Y41.738 E1.668
G1 X56.797 Y41.142 E.02689
G1 X31.254 Y15.598 E1.62997
G1 X31.851 Y15.598 E.02694
G1 X56.797 Y40.545 E1.59187
G1 X56.797 Y39.949 E.02689
G1 X32.447 Y15.598 E1.55384
G1 X33.043 Y15.598 E.02689
G1 X56.797 Y39.352 E1.51578
G1 X56.797 Y38.756 E.02689
G1 X33.64 Y15.598 E1.47771
G1 X34.184 Y15.598 E.02455
G1 X34.34 Y15.702 E.00846
G1 X56.797 Y38.159 E1.43301
G1 X56.797 Y37.563 E.02689
G1 X35.728 Y16.494 E1.34444
G1 X36.027 Y16.196 E.01905
G1 X56.797 Y36.967 E1.3254
G1 X56.797 Y36.37 E.02694
G1 X36.325 Y15.898 E1.30635
G1 X36.423 Y15.799 E.00629
G1 X36.426 Y15.598 E.00907
G1 X36.622 Y15.598 E.00884
G1 X56.797 Y35.774 E1.28743
G1 X56.797 Y35.177 E.02694
G1 X37.218 Y15.598 E1.24936
G1 X37.815 Y15.598 E.02694
G1 X48.131 Y25.915 E.65831
G1 X48.221 Y26.128 E.01043
G1 X48.656 Y26.764 E.03477
G1 X49.207 Y27.301 E.03472
G1 X49.853 Y27.72 E.03474
G1 X49.99 Y27.774 E.00664
G1 X56.797 Y34.581 E.43436
G1 X56.797 Y33.985 E.02689
G1 X50.867 Y28.054 E.37843
G1 X51.33 Y28.137 E.02122
G1 X51.544 Y28.134 E.00966
G1 X56.797 Y33.388 E.33523
G1 X56.797 Y32.792 E.02689
G1 X52.117 Y28.111 E.29867
G1 X52.612 Y28.01 E.0228
G1 X56.797 Y32.195 E.26705
G1 X56.797 Y31.599 E.02689
G1 X53.062 Y27.864 E.23834
G1 X53.472 Y27.677 E.02033
G1 X56.797 Y31.002 E.21217
G1 X56.797 Y30.406 E.02689
G1 X53.835 Y27.444 E.18901
G1 X54.175 Y27.187 E.01923
G1 X56.797 Y29.81 E.16735
G1 X56.797 Y29.213 E.02694
G1 X54.472 Y26.888 E.14836
G1 X54.747 Y26.566 E.01911
G1 X56.797 Y28.617 E.13085
G1 X56.797 Y28.02 E.02694
G1 X54.979 Y26.202 E.11601
G1 X55.183 Y25.809 E.01998
G1 X56.797 Y27.424 E.10302
G1 X56.797 Y26.828 E.02689
G1 X55.342 Y25.372 E.09288
G1 X55.421 Y25.045 E.01518
G1 X55.438 Y24.871 E.00789
G1 X56.797 Y26.231 E.08675
G1 X56.797 Y25.635 E.02689
G1 X55.49 Y24.328 E.0834
G1 X55.506 Y24.168 E.00726
G1 X55.442 Y23.683 E.02207
G1 X56.986 Y25.227 E.09852
M204 S500
G1 E-3.5 F3600
;WIPE_START
G1 F7200
G1 X55.442 Y23.683 E-1.03718
G1 X55.506 Y24.168 E-.23237
G1 X55.49 Y24.328 E-.07638
G1 X55.719 Y24.557 E-.15407
;WIPE_END
G1 X48.084 Y25.271 F9000
G1 E5 F2400
M204 S250
G1 F1500
G1 X38.411 Y15.598 E.61725
G1 X39.008 Y15.598 E.02694
G1 X47.764 Y24.354 E.55873
G1 X47.766 Y23.887 E.02107
G1 X47.787 Y23.781 E.00488
G1 X39.604 Y15.598 E.52217
G1 X40.2 Y15.598 E.02689
G1 X47.887 Y23.284 E.49049
G1 X47.918 Y23.128 E.00718
G1 X48.04 Y22.841 E.01407
G1 X40.797 Y15.598 E.46219
G1 X41.393 Y15.598 E.02689
G1 X48.217 Y22.422 E.43545
G1 X48.461 Y22.07 E.01933
G1 X42.19 Y15.799 E.40016
G1 X43.324 Y16.548 E.06132
G1 X43.43 Y16.442 E.00676
G1 X48.709 Y21.722 E.33689
G1 X49.006 Y21.422 E.01905
G1 X43.728 Y16.144 E.3368
G1 X44.026 Y15.846 E.01902
G1 X49.329 Y21.148 E.33836
G1 X49.695 Y20.918 E.0195
G1 X44.375 Y15.598 E.33948
G1 X44.972 Y15.598 E.02694
G1 X50.087 Y20.713 E.3264
G1 X50.528 Y20.558 E.02109
G1 X45.568 Y15.598 E.3165
G1 X46.165 Y15.598 E.02694
G1 X51.014 Y20.448 E.30945
G1 X51.408 Y20.398 E.01792
G1 X51.562 Y20.399 E.00695
G1 X46.761 Y15.598 E.30636
G1 X47.357 Y15.598 E.02689
G1 X52.439 Y20.68 E.32429
M204 S500
G1 E-3.5 F3600
;WIPE_START
G1 F7200
G1 X50.206 Y18.447 E-1.5
;WIPE_END
G1 X56.986 Y24.63 F9000
G1 E5 F2400
M204 S250
G1 F1500
G1 X55.243 Y22.887 E.11122
G1 X55.09 Y22.525 E.01773
G1 X54.97 Y22.305 E.01131
G1 X54.676 Y21.873 E.02358
G1 X54.515 Y21.682 E.01127
G1 X54.126 Y21.302 E.02454
G1 X53.945 Y21.16 E.01038
G1 X53.397 Y20.814 E.02924
G1 X53.023 Y20.668 E.01812
G1 X47.954 Y15.598 E.32349
G1 X48.55 Y15.598 E.02689
G1 X56.797 Y23.845 E.52625
G1 X56.797 Y23.249 E.02689
G1 X49.147 Y15.598 E.48819
G1 X49.589 Y15.598 E.01994
G1 X50.036 Y15.891 E.02412
G1 X56.797 Y22.653 E.43146
G1 X56.797 Y22.056 E.02694
G1 X51.131 Y16.39 E.36156
G1 X51.429 Y16.092 E.01902
G1 X56.797 Y21.46 E.34254
G1 X56.797 Y20.863 E.02694
G1 X51.728 Y15.793 E.32349
G1 X51.764 Y15.758 E.00227
G1 X51.781 Y15.598 E.00726
G1 X52.129 Y15.598 E.0157
G1 X56.797 Y20.267 E.2979
G1 X56.797 Y19.671 E.02689
G1 X55.725 Y18.598 E.06844
G1 X56.322 Y18.598 E.02694
G1 X56.986 Y19.263 E.0424
M204 S500
G1 E-3.5 F3600
;WIPE_START
G1 F7200
G1 X56.322 Y18.598 E-.44638
G1 X55.725 Y18.598 E-.28358
G1 X56.797 Y19.671 E-.72045
G1 X56.797 Y19.775 E-.04959
;WIPE_END
G1 X54.494 Y17.367 F9000
G1 E5 F2400
M204 S250
G1 F1500
G1 X52.537 Y15.41 E.12488
M204 S500
;LAYER_CHANGE
;Z:4.2
;HEIGHT:0.16
;BEFORE_LAYER_CHANGE
G92 E0
;4.2


G1 E-3.5 F3600
;WIPE_START
G1 F7200
G1 X54.494 Y17.367 E-1.31462
;WIPE_END
G1 E-.18538 F3600
G1 Z4.2 F9000
;AFTER_LAYER_CHANGE
;4.2
G1 X39.527 Y34.626
G1 E5 F2400
;TYPE:Perimeter
;WIDTH:0.439999
G1 F1800
G1 X39.877 Y34.907 E.01211
G1 X40.263 Y35.352 E.0159
G1 X40.59 Y35.912 E.0175
G1 X40.8 Y36.526 E.01751
G1 X40.884 Y37.169 E.0175
G1 X40.839 Y37.816 E.0175
G1 X40.667 Y38.442 E.01752
G1 X40.374 Y39.021 E.01751
G1 X40.05 Y39.449 E.01449
G1 X39.606 Y39.857 E.01627
G1 X39.057 Y40.196 E.01741
G1 X38.449 Y40.421 E.01749
G1 X37.815 Y40.52 E.01732
G1 X37.16 Y40.492 E.01769
G1 X36.53 Y40.336 E.01751
G1 X36.021 Y40.097 E.01517
G1 X35.778 Y39.95 E.00766
G1 X35.379 Y39.629 E.01382
G1 X34.993 Y39.184 E.0159
G1 X34.665 Y38.624 E.01751
G1 X34.455 Y38.01 E.01751
G1 X34.372 Y37.39 E.01688
G1 X34.394 Y36.861 E.01429
G1 X34.534 Y36.247 E.01699
G1 X34.797 Y35.654 E.01751
G1 X35.162 Y35.141 E.01699
G1 X35.646 Y34.682 E.018
G1 X36.198 Y34.34 E.01752
G1 X36.807 Y34.115 E.01752
G1 X37.448 Y34.015 E.01751
G1 X38.096 Y34.044 E.0175
G1 X38.725 Y34.201 E.01749
G1 X39.234 Y34.439 E.01516
G1 X39.478 Y34.586 E.00769
G1 X39.48 Y34.589 E.0001
G1 X39.286 Y34.962 F9000
G1 F1800
G1 X39.56 Y35.171 E.0093
G1 X39.952 Y35.613 E.01594
G1 X40.234 Y36.106 E.01533
G1 X40.412 Y36.645 E.01532
G1 X40.481 Y37.209 E.01533
G1 X40.436 Y37.776 E.01535
G1 X40.279 Y38.322 E.01533
G1 X40.018 Y38.827 E.01534
G1 X39.701 Y39.231 E.01386
G1 X39.292 Y39.589 E.01467
G1 X38.854 Y39.844 E.01368
G1 X38.32 Y40.036 E.01531
G1 X37.764 Y40.118 E.01517
G1 X37.19 Y40.088 E.01551
G1 X36.64 Y39.945 E.01534
G1 X36.129 Y39.696 E.01534
G1 X35.695 Y39.365 E.01473
G1 X35.304 Y38.924 E.0159
G1 X35.022 Y38.43 E.01535
G1 X34.843 Y37.891 E.01533
G1 X34.776 Y37.349 E.01474
G1 X34.803 Y36.849 E.01351
G1 X34.927 Y36.347 E.01395
G1 X35.163 Y35.831 E.01531
G1 X35.485 Y35.386 E.01482
G1 X35.915 Y34.986 E.01585
G1 X36.401 Y34.692 E.01533
G1 X36.936 Y34.5 E.01534
G1 X37.498 Y34.418 E.01533
G1 X38.088 Y34.451 E.01595
G1 X38.615 Y34.591 E.01471
G1 X39.126 Y34.84 E.01534
G1 X39.238 Y34.925 E.00379
G1 X39.058 Y35.278 F9000
;TYPE:External perimeter
;WIDTH:0.419999
G1 F1800
G1 X39.358 Y35.521 E.0099
G1 X39.689 Y35.933 E.01356
G1 X39.932 Y36.432 E.01424
G1 X40.042 Y36.8 E.00985
G1 X40.087 Y37.287 E.01255
G1 X40.034 Y37.774 E.01257
G1 X39.886 Y38.241 E.01257
G1 X39.571 Y38.766 E.01571
G1 X39.403 Y38.97 E.00678
G1 X38.987 Y39.311 E.0138
G1 X38.488 Y39.562 E.01433
G1 X38.118 Y39.675 E.00992
G1 X37.67 Y39.727 E.01157
G1 X37.182 Y39.686 E.01256
G1 X36.711 Y39.55 E.01258
G1 X36.277 Y39.323 E.01257
G1 X35.897 Y39.015 E.01255
G1 X35.567 Y38.604 E.01352
G1 X35.323 Y38.104 E.01427
G1 X35.214 Y37.737 E.00982
G1 X35.169 Y37.275 E.01191
G1 X35.199 Y36.882 E.01011
G1 X35.331 Y36.394 E.01297
G1 X35.539 Y35.969 E.01214
G1 X35.838 Y35.581 E.01257
G1 X36.208 Y35.26 E.01257
G1 X36.634 Y35.019 E.01256
G1 X37.099 Y34.866 E.01256
G1 X37.571 Y34.809 E.0122
G1 X38.074 Y34.85 E.01295
G1 X38.544 Y34.986 E.01255
G1 X38.978 Y35.213 E.01257
G1 X39.012 Y35.24 E.00111
G1 E-3.5 F3600
;WIPE_START
G1 F7200
G1 X39.058 Y35.278 E-.02834
G1 X39.358 Y35.521 E-.18338
G1 X39.689 Y35.933 E-.25103
G1 X39.932 Y36.432 E-.26364
G1 X40.042 Y36.8 E-.18244
G1 X40.087 Y37.287 E-.23231
G1 X40.034 Y37.774 E-.23269
G1 X39.954 Y38.027 E-.12617
;WIPE_END
G1 X26.554 Y26.263 F9000
G1 E5 F2400
;TYPE:Perimeter
;WIDTH:0.439999
G1 F1800
G1 X26.416 Y26.478 E.00689
G1 X25.936 Y26.974 E.01863
G1 X25.177 Y27.468 E.02444
G1 X24.928 Y27.575 E.00731
G1 X24.212 Y27.773 E.02005
G1 X23.461 Y27.822 E.02031
G1 X22.76 Y27.718 E.01912
G1 X22.093 Y27.478 E.01913
G1 X21.488 Y27.11 E.01911
G1 X20.967 Y26.63 E.01912
G1 X20.552 Y26.056 E.01911
G1 X20.258 Y25.411 E.01913
G1 X20.079 Y24.443 E.02656
G1 X20.097 Y23.817 E.0169
G1 X20.252 Y23.145 E.01861
G1 X20.541 Y22.498 E.01912
G1 X20.953 Y21.922 E.01911
G1 X21.471 Y21.438 E.01913
G1 X22.075 Y21.067 E.01913
G1 X22.74 Y20.823 E.01911
G1 X23.44 Y20.715 E.01911
G1 X23.992 Y20.729 E.0149
G1 X24.496 Y20.818 E.01381
G1 X25.162 Y21.058 E.0191
G1 X25.768 Y21.426 E.01913
G1 X26.288 Y21.906 E.0191
G1 X26.704 Y22.48 E.01913
G1 X26.997 Y23.125 E.01912
G1 X27.157 Y23.815 E.01911
G1 X27.176 Y24.524 E.01914
G1 X27.055 Y25.222 E.01912
G1 X26.798 Y25.882 E.01911
G1 X26.586 Y26.213 E.01061
G1 X26.221 Y26.036 F9000
G1 F1800
G1 X26.081 Y26.25 E.0069
G1 X25.653 Y26.683 E.01643
G1 X24.967 Y27.121 E.02196
G1 X24.099 Y27.384 E.02447
G1 X23.451 Y27.416 E.01751
G1 X22.83 Y27.319 E.01696
G1 X22.241 Y27.1 E.01696
G1 X21.708 Y26.77 E.01692
G1 X21.25 Y26.339 E.01697
G1 X20.887 Y25.827 E.01694
G1 X20.632 Y25.253 E.01695
G1 X20.479 Y24.381 E.02389
G1 X20.502 Y23.845 E.01448
G1 X20.645 Y23.245 E.01664
G1 X20.907 Y22.674 E.01695
G1 X21.277 Y22.167 E.01694
G1 X21.74 Y21.742 E.01696
G1 X22.278 Y21.418 E.01695
G1 X22.869 Y21.207 E.01693
G1 X23.491 Y21.118 E.01696
G1 X23.922 Y21.128 E.01163
G1 X24.425 Y21.217 E.01378
G1 X25.014 Y21.436 E.01696
G1 X25.548 Y21.767 E.01695
G1 X26.005 Y22.197 E.01693
G1 X26.368 Y22.709 E.01694
G1 X26.623 Y23.283 E.01695
G1 X26.759 Y23.896 E.01694
G1 X26.771 Y24.524 E.01695
G1 X26.658 Y25.141 E.01693
G1 X26.425 Y25.724 E.01694
G1 X26.253 Y25.986 E.00846
G1 X25.896 Y25.815 F9000
;TYPE:External perimeter
;WIDTH:0.419999
G1 F1800
G1 X25.754 Y26.027 E.00655
G1 X25.376 Y26.4 E.01362
G1 X24.762 Y26.782 E.01855
G1 X23.997 Y27.002 E.02042
G1 X23.441 Y27.021 E.01427
G1 X22.899 Y26.929 E.0141
G1 X22.386 Y26.732 E.0141
G1 X21.922 Y26.437 E.01411
G1 X21.526 Y26.056 E.0141
G1 X21.214 Y25.604 E.01409
G1 X20.997 Y25.1 E.01408
G1 X20.87 Y24.32 E.02027
G1 X20.902 Y23.838 E.01239
G1 X21.028 Y23.342 E.01313
G1 X21.263 Y22.846 E.01408
G1 X21.592 Y22.405 E.01412
G1 X22.002 Y22.039 E.0141
G1 X22.475 Y21.761 E.01408
G1 X22.995 Y21.582 E.01411
G1 X23.54 Y21.51 E.0141
G1 X23.853 Y21.518 E.00803
G1 X24.356 Y21.607 E.0131
G1 X24.869 Y21.804 E.0141
G1 X25.333 Y22.099 E.01411
G1 X25.729 Y22.48 E.0141
G1 X26.042 Y22.932 E.0141
G1 X26.259 Y23.436 E.01408
G1 X26.371 Y23.974 E.0141
G1 X26.375 Y24.524 E.01411
G1 X26.27 Y25.063 E.01409
G1 X26.06 Y25.571 E.0141
G1 X25.93 Y25.765 E.00599
G1 E-3.5 F3600
;WIPE_START
G1 F7200
G1 X25.896 Y25.815 E-.02872
G1 X25.754 Y26.027 E-.1212
G1 X25.376 Y26.4 E-.25225
G1 X24.762 Y26.782 E-.34349
G1 X23.997 Y27.002 E-.3781
G1 X23.441 Y27.021 E-.26425
G1 X23.209 Y26.982 E-.11199
;WIPE_END
G1 X23.893 Y46.727 F9000
G1 E5 F2400
;TYPE:Perimeter
;WIDTH:0.439999
G1 F1800
G1 X23.992 Y46.729 E.00267
G1 X24.496 Y46.818 E.01381
G1 X25.162 Y47.058 E.0191
G1 X25.768 Y47.426 E.01913
G1 X26.273 Y47.891 E.01852
G1 X26.657 Y48.412 E.01747
G1 X26.94 Y48.99 E.01737
G1 X27.055 Y49.314 E.00928
G1 X27.157 Y49.815 E.0138
G1 X27.176 Y50.383 E.01534
G1 X27.157 Y50.721 E.00914
G1 X27.055 Y51.222 E.0138
G1 X26.798 Y51.882 E.01911
G1 X26.416 Y52.478 E.0191
G1 X25.922 Y52.987 E.01914
G1 X25.177 Y53.468 E.02393
G1 X24.928 Y53.575 E.00731
G1 X24.212 Y53.773 E.02005
G1 X23.461 Y53.822 E.02031
G1 X22.76 Y53.718 E.01912
G1 X22.093 Y53.478 E.01913
G1 X21.488 Y53.11 E.01911
G1 X20.967 Y52.63 E.01912
G1 X20.552 Y52.056 E.01911
G1 X20.258 Y51.411 E.01913
G1 X20.079 Y50.443 E.02656
G1 X20.097 Y49.817 E.0169
G1 X20.252 Y49.145 E.01861
G1 X20.541 Y48.498 E.01912
G1 X20.953 Y47.922 E.01911
G1 X21.471 Y47.438 E.01913
G1 X22.075 Y47.067 E.01913
G1 X22.74 Y46.823 E.01911
G1 X23.44 Y46.715 E.01911
G1 X23.833 Y46.725 E.01061
G1 X23.863 Y47.127 F9000
G1 F1800
G1 X23.922 Y47.128 E.00159
G1 X24.425 Y47.217 E.01378
G1 X25.014 Y47.436 E.01696
G1 X25.548 Y47.767 E.01695
G1 X25.989 Y48.181 E.01632
G1 X26.322 Y48.641 E.01532
G1 X26.566 Y49.148 E.01518
G1 X26.658 Y49.395 E.00711
G1 X26.759 Y49.896 E.01379
G1 X26.771 Y50.524 E.01695
G1 X26.658 Y51.141 E.01693
G1 X26.425 Y51.724 E.01694
G1 X26.081 Y52.25 E.01696
G1 X25.639 Y52.696 E.01694
G1 X24.967 Y53.121 E.02146
G1 X24.104 Y53.382 E.02433
G1 X23.451 Y53.416 E.01764
G1 X22.83 Y53.319 E.01696
G1 X22.242 Y53.1 E.01693
G1 X21.708 Y52.77 E.01694
G1 X21.25 Y52.339 E.01697
G1 X20.887 Y51.827 E.01694
G1 X20.632 Y51.253 E.01695
G1 X20.479 Y50.381 E.02389
G1 X20.502 Y49.845 E.01448
G1 X20.645 Y49.245 E.01664
G1 X20.907 Y48.674 E.01695
G1 X21.277 Y48.167 E.01694
G1 X21.74 Y47.742 E.01696
G1 X22.278 Y47.418 E.01695
G1 X22.869 Y47.207 E.01693
G1 X23.491 Y47.118 E.01696
G1 X23.803 Y47.126 E.00842
G1 X23.834 Y47.518 F9000
;TYPE:External perimeter
;WIDTH:0.419999
G1 F1800
G1 X23.853 Y47.518 E.00049
G1 X24.356 Y47.607 E.0131
G1 X24.869 Y47.804 E.0141
G1 X25.333 Y48.099 E.01411
G1 X25.713 Y48.464 E.01352
G1 X26.042 Y48.932 E.01468
G1 X26.259 Y49.436 E.01408
G1 X26.371 Y49.974 E.0141
G1 X26.375 Y50.524 E.01411
G1 X26.27 Y51.063 E.01409
G1 X26.06 Y51.571 E.0141
G1 X25.754 Y52.027 E.01409
G1 X25.363 Y52.413 E.0141
G1 X24.762 Y52.782 E.01809
G1 X23.998 Y53.001 E.02039
G1 X23.441 Y53.021 E.0143
G1 X22.899 Y52.929 E.0141
G1 X22.386 Y52.732 E.0141
G1 X21.922 Y52.437 E.01411
G1 X21.526 Y52.056 E.0141
G1 X21.214 Y51.604 E.01409
G1 X20.997 Y51.1 E.01408
G1 X20.87 Y50.32 E.02027
G1 X20.897 Y49.872 E.01151
G1 X21.028 Y49.342 E.01401
G1 X21.263 Y48.846 E.01408
G1 X21.592 Y48.405 E.01412
G1 X22.002 Y48.039 E.0141
G1 X22.475 Y47.761 E.01408
G1 X22.995 Y47.582 E.01411
G1 X23.54 Y47.51 E.0141
G1 X23.774 Y47.516 E.00601
G1 E-3.5 F3600
;WIPE_START
G1 F7200
G1 X23.834 Y47.518 E-.02852
G1 X23.853 Y47.518 E-.00903
G1 X24.356 Y47.607 E-.24264
G1 X24.869 Y47.804 E-.26102
G1 X25.333 Y48.099 E-.26117
G1 X25.713 Y48.464 E-.25028
G1 X26.042 Y48.932 E-.27173
G1 X26.188 Y49.272 E-.17561
;WIPE_END
G1 X48.094 Y49.915 F9000
G1 E5 F2400
;TYPE:Perimeter
;WIDTH:0.439999
G1 F1800
G1 X48.097 Y49.817 E.00265
G1 X48.252 Y49.145 E.01861
G1 X48.541 Y48.498 E.01912
G1 X48.931 Y47.952 E.01811
G1 X49.471 Y47.438 E.02012
G1 X50.075 Y47.067 E.01913
G1 X50.74 Y46.823 E.01911
G1 X51.44 Y46.715 E.01911
G1 X51.992 Y46.729 E.0149
G1 X52.496 Y46.818 E.01381
G1 X53.162 Y47.058 E.0191
G1 X53.768 Y47.426 E.01913
G1 X54.288 Y47.906 E.0191
G1 X54.704 Y48.48 E.01913
G1 X54.997 Y49.125 E.01912
G1 X55.157 Y49.815 E.01911
G1 X55.176 Y50.524 E.01914
G1 X55.055 Y51.222 E.01912
G1 X54.798 Y51.882 E.01911
G1 X54.416 Y52.478 E.0191
G1 X53.922 Y52.987 E.01914
G1 X53.177 Y53.468 E.02393
G1 X52.823 Y53.604 E.01023
G1 X52.212 Y53.773 E.01711
G1 X51.461 Y53.822 E.02031
G1 X50.76 Y53.718 E.01912
G1 X50.093 Y53.478 E.01913
G1 X49.488 Y53.11 E.01911
G1 X48.967 Y52.63 E.01912
G1 X48.552 Y52.056 E.01911
G1 X48.258 Y51.411 E.01913
G1 X48.079 Y50.443 E.02656
G1 X48.093 Y49.975 E.01263
G1 X48.497 Y49.955 F9000
G1 F1800
G1 X48.502 Y49.845 E.00297
G1 X48.645 Y49.245 E.01664
G1 X48.907 Y48.674 E.01695
G1 X49.254 Y48.197 E.01592
G1 X49.74 Y47.742 E.01797
G1 X50.278 Y47.418 E.01695
G1 X50.869 Y47.207 E.01693
G1 X51.491 Y47.118 E.01696
G1 X51.922 Y47.128 E.01163
G1 X52.425 Y47.217 E.01378
G1 X53.014 Y47.436 E.01696
G1 X53.548 Y47.767 E.01695
G1 X54.005 Y48.197 E.01693
G1 X54.369 Y48.709 E.01695
G1 X54.623 Y49.283 E.01694
G1 X54.759 Y49.896 E.01694
G1 X54.771 Y50.524 E.01695
G1 X54.658 Y51.141 E.01693
G1 X54.425 Y51.724 E.01694
G1 X54.081 Y52.25 E.01696
G1 X53.639 Y52.696 E.01694
G1 X52.967 Y53.121 E.02146
G1 X52.104 Y53.382 E.02433
G1 X51.451 Y53.416 E.01764
G1 X50.83 Y53.319 E.01696
G1 X50.242 Y53.1 E.01693
G1 X49.708 Y52.77 E.01694
G1 X49.25 Y52.339 E.01697
G1 X48.887 Y51.827 E.01694
G1 X48.632 Y51.253 E.01695
G1 X48.479 Y50.381 E.02389
G1 X48.495 Y50.015 E.00989
G1 X48.892 Y49.994 F9000
;TYPE:External perimeter
;WIDTH:0.419999
G1 F1800
G1 X48.902 Y49.838 E.00401
G1 X49.029 Y49.339 E.01321
G1 X49.263 Y48.846 E.014
G1 X49.569 Y48.435 E.01315
G1 X50.002 Y48.039 E.01505
G1 X50.475 Y47.761 E.01408
G1 X50.995 Y47.582 E.01411
G1 X51.54 Y47.51 E.0141
G1 X51.853 Y47.518 E.00803
G1 X52.356 Y47.607 E.0131
G1 X52.869 Y47.804 E.0141
G1 X53.333 Y48.099 E.01411
G1 X53.729 Y48.48 E.0141
G1 X54.042 Y48.932 E.0141
G1 X54.259 Y49.436 E.01408
G1 X54.371 Y49.974 E.0141
G1 X54.375 Y50.524 E.01411
G1 X54.27 Y51.063 E.01409
G1 X54.06 Y51.571 E.0141
G1 X53.754 Y52.027 E.01409
G1 X53.363 Y52.413 E.0141
G1 X52.762 Y52.782 E.01809
G1 X51.998 Y53.001 E.02039
G1 X51.441 Y53.021 E.0143
G1 X50.899 Y52.929 E.0141
G1 X50.386 Y52.732 E.0141
G1 X49.922 Y52.437 E.01411
G1 X49.526 Y52.056 E.0141
G1 X49.214 Y51.604 E.01409
G1 X48.997 Y51.1 E.01408
G1 X48.87 Y50.32 E.02027
G1 X48.888 Y50.054 E.00684
G1 E-3.5 F3600
;WIPE_START
G1 F7200
G1 X48.892 Y49.994 E-.02856
G1 X48.902 Y49.838 E-.07425
G1 X49.029 Y49.339 E-.24458
G1 X49.263 Y48.846 E-.25921
G1 X49.569 Y48.435 E-.24339
G1 X50.002 Y48.039 E-.27872
G1 X50.475 Y47.761 E-.26061
G1 X50.695 Y47.685 E-.11068
;WIPE_END
G1 X51.188 Y27.779 F9000
G1 E5 F2400
;TYPE:Perimeter
;WIDTH:0.439999
G1 F1800
G1 X50.76 Y27.718 E.01167
G1 X50.093 Y27.478 E.01913
G1 X49.488 Y27.11 E.01911
G1 X48.983 Y26.645 E.01852
G1 X48.598 Y26.124 E.01748
G1 X48.315 Y25.546 E.01737
G1 X48.2 Y25.222 E.00928
G1 X48.099 Y24.721 E.01379
G1 X48.079 Y24.012 E.01914
G1 X48.2 Y23.314 E.01912
G1 X48.457 Y22.654 E.01911
G1 X48.957 Y21.921 E.02394
G1 X49.474 Y21.436 E.01913
G1 X50.075 Y21.067 E.01903
G1 X50.74 Y20.823 E.01911
G1 X51.44 Y20.715 E.01911
G1 X52.148 Y20.748 E.01913
G1 X52.835 Y20.921 E.01912
G1 X53.474 Y21.227 E.01912
G1 X54.027 Y21.643 E.01867
G1 X54.51 Y22.183 E.01955
G1 X54.866 Y22.795 E.01911
G1 X55.094 Y23.466 E.01912
G1 X55.184 Y24.169 E.01913
G1 X55.133 Y24.876 E.01913
G1 X54.943 Y25.558 E.0191
G1 X54.622 Y26.19 E.01913
G1 X54.182 Y26.745 E.01911
G1 X53.64 Y27.202 E.01913
G1 X53.019 Y27.542 E.0191
G1 X52.343 Y27.753 E.01911
G1 X51.485 Y27.821 E.02323
G1 X51.247 Y27.787 E.00649
G1 X51.238 Y27.381 F9000
G1 F1800
G1 X50.83 Y27.319 E.01114
G1 X50.242 Y27.1 E.01693
G1 X49.708 Y26.77 E.01694
G1 X49.266 Y26.355 E.01636
G1 X48.933 Y25.895 E.01532
G1 X48.689 Y25.388 E.01518
G1 X48.598 Y25.141 E.0071
G1 X48.496 Y24.64 E.0138
G1 X48.485 Y24.012 E.01695
G1 X48.598 Y23.395 E.01693
G1 X48.831 Y22.812 E.01694
G1 X49.286 Y22.16 E.02145
G1 X49.741 Y21.741 E.01669
G1 X50.278 Y21.418 E.01691
G1 X50.869 Y21.207 E.01693
G1 X51.491 Y21.118 E.01696
G1 X52.117 Y21.153 E.01692
G1 X52.725 Y21.312 E.01696
G1 X53.289 Y21.588 E.01694
G1 X53.774 Y21.96 E.01649
G1 X54.2 Y22.444 E.0174
G1 X54.51 Y22.989 E.01692
G1 X54.706 Y23.586 E.01696
G1 X54.78 Y24.209 E.01693
G1 X54.73 Y24.835 E.01695
G1 X54.556 Y25.439 E.01696
G1 X54.266 Y25.996 E.01695
G1 X53.871 Y26.484 E.01694
G1 X53.387 Y26.885 E.01696
G1 X52.834 Y27.181 E.01693
G1 X52.233 Y27.363 E.01695
G1 X51.465 Y27.416 E.02077
G1 X51.297 Y27.39 E.00459
G1 X51.286 Y26.994 F9000
;TYPE:External perimeter
;WIDTH:0.419999
G1 F1800
G1 X50.899 Y26.929 E.01007
G1 X50.386 Y26.732 E.0141
G1 X49.922 Y26.437 E.01411
G1 X49.542 Y26.072 E.01352
G1 X49.214 Y25.604 E.01466
G1 X48.997 Y25.1 E.01408
G1 X48.884 Y24.562 E.0141
G1 X48.88 Y24.012 E.01411
G1 X48.986 Y23.473 E.01409
G1 X49.195 Y22.965 E.01409
G1 X49.606 Y22.392 E.01809
G1 X50.002 Y22.039 E.01361
G1 X50.475 Y21.761 E.01408
G1 X50.995 Y21.582 E.01411
G1 X51.54 Y21.51 E.0141
G1 X52.088 Y21.548 E.01409
G1 X52.618 Y21.693 E.0141
G1 X53.108 Y21.94 E.01408
G1 X53.527 Y22.269 E.01367
G1 X53.897 Y22.698 E.01453
G1 X54.163 Y23.179 E.0141
G1 X54.328 Y23.703 E.01409
G1 X54.387 Y24.249 E.01409
G1 X54.336 Y24.796 E.01409
G1 X54.178 Y25.322 E.01409
G1 X53.918 Y25.806 E.01409
G1 X53.568 Y26.23 E.0141
G1 X53.141 Y26.575 E.01408
G1 X52.654 Y26.829 E.01409
G1 X52.125 Y26.982 E.01413
G1 X51.445 Y27.021 E.01747
G1 X51.345 Y27.004 E.0026
G1 E-3.5 F3600
;WIPE_START
G1 F7200
G1 X51.286 Y26.994 E-.02842
G1 X50.899 Y26.929 E-.1864
G1 X50.386 Y26.732 E-.26102
G1 X49.922 Y26.437 E-.26117
G1 X49.542 Y26.072 E-.25028
G1 X49.214 Y25.604 E-.27146
G1 X49.013 Y25.137 E-.24125
;WIPE_END
G1 X54.913 Y17.989 F9000
G1 E5 F2400
;TYPE:Perimeter
;WIDTH:0.439999
G1 F3600
G1 X55.214 Y18.197 E.00987
G1 X55.611 Y18.279 E.01094
G1 X57.116 Y18.279 E.04061
G1 X57.116 Y60.257 E1.13277
G1 X18.139 Y60.257 E1.05179
G1 X18.139 Y18.279 E1.13277
G1 X19.748 Y18.279 E.04342
G1 X20.046 Y18.195 E.00835
G1 X20.359 Y17.977 E.01029
G1 X20.563 Y17.667 E.01001
G1 X20.639 Y17.285 E.01051
G1 X20.639 Y15.279 E.05413
G1 X54.616 Y15.279 E.91686
G1 X54.616 Y17.285 E.05413
G1 X54.694 Y17.67 E.0106
G1 X54.875 Y17.943 E.00884
G1 X55.202 Y17.696 F9000
G1 F3600
G1 X55.323 Y17.798 E.00427
G1 X55.611 Y17.874 E.00804
G1 X57.522 Y17.874 E.05157
G1 X57.522 Y60.662 E1.15463
G1 X17.733 Y60.662 E1.0737
G1 X17.733 Y17.874 E1.15463
G1 X19.711 Y17.874 E.05338
G1 X19.978 Y17.77 E.00773
G1 X20.164 Y17.562 E.00753
G1 X20.233 Y17.285 E.0077
G1 X20.233 Y14.874 E.06506
G1 X55.022 Y14.874 E.93877
G1 X55.022 Y17.375 E.06749
G1 X55.151 Y17.653 E.00827
G1 X55.156 Y17.657 E.00017
G1 X55.484 Y17.417 F9000
;TYPE:External perimeter
;WIDTH:0.419999
G1 F1800
G1 X55.611 Y17.478 E.00361
G1 X57.918 Y17.478 E.05918
G1 X57.918 Y61.058 E1.11802
G1 X17.338 Y61.058 E1.04106
G1 X17.338 Y17.478 E1.11802
G1 X19.645 Y17.478 E.05918
G1 X19.769 Y17.432 E.00339
G1 X19.838 Y17.285 E.00417
G1 X19.838 Y14.478 E.07201
G1 X55.418 Y14.478 E.91278
G1 X55.418 Y17.285 E.07201
G1 X55.449 Y17.374 E.00242
G1 E-3.5 F3600
;WIPE_START
G1 F7200
G1 X55.484 Y17.417 E-.02634
G1 X55.611 Y17.478 E-.06692
G1 X57.918 Y17.478 E-1.09582
G1 X57.918 Y18.133 E-.31092
;WIPE_END
G1 X52.09 Y15.859 F9000
G1 E5 F2400
;TYPE:Internal infill
;WIDTH:0.44
G1 F3600
G1 X53.965 Y15.859 E.0506
G1 X53.698 Y15.592 E.01019
G1 X52.155 Y15.592 E.04164
G1 X51.887 Y15.859 E.01021
G1 X46.316 Y15.859 E.15033
G1 X46.048 Y15.592 E.01021
G1 X44.505 Y15.592 E.04164
G1 X44.238 Y15.859 E.01019
G1 X38.667 Y15.859 E.15033
G1 X38.399 Y15.592 E.01021
G1 X36.856 Y15.592 E.04164
G1 X36.589 Y15.859 E.01019
G1 X31.017 Y15.859 E.15036
G1 X30.75 Y15.592 E.01019
G1 X29.207 Y15.592 E.04164
G1 X28.94 Y15.859 E.01019
G1 X23.368 Y15.859 E.15036
G1 X23.101 Y15.592 E.01019
G1 X21.558 Y15.592 E.04164
G1 X21.29 Y15.859 E.01021
G1 X23.165 Y15.859 E.0506
G1 X21.521 Y16.265 F9000
;TYPE:Solid infill
;WIDTH:0.439999
G1 F3600
G1 X20.951 Y16.834 E.02173
G1 E-3.5
;WIPE_START
G1 F7200
G1 X21.521 Y16.265 E-.38256
;WIPE_END
G1 E-1.11744 F3600
G1 X18.562 Y18.624 F9000
G1 E5 F2400
;WIDTH:0.539566
G1 F3600
G1 X18.518 Y18.579 E.00212
G1 X18.457 Y18.596 E.00213
G1 X18.44 Y18.657 E.00213
G1 X18.485 Y18.701 E.00212
G1 X18.546 Y18.685 E.00212
;WIDTH:0.439999
G1 X18.451 Y19.334 E.0177
G1 X19.2 Y18.585 E.02858
G1 X19.293 Y18.513 E.00317
;WIDTH:0.407168
G1 X19.386 Y18.441 E.00292
;WIDTH:0.374336
G1 X19.345 Y18.452 E.00096
G1 X19.326 Y18.381 E.00166
G1 X19.397 Y18.4 E.00166
;WIDTH:0.439999
G1 X19.779 Y18.581 E.01141
G1 X18.451 Y19.908 E.05066
G1 X18.412 Y20.046 E.00387
;WIDTH:0.407168
G1 X18.374 Y20.184 E.00355
;WIDTH:0.374336
G1 X18.303 Y20.165 E.00166
G1 X18.322 Y20.236 E.00166
G1 X18.363 Y20.225 E.00096
G1 E-3.5
;WIPE_START
G1 F7200
G1 X18.322 Y20.236 E-.02016
G1 X18.303 Y20.165 E-.03491
G1 X18.374 Y20.184 E-.03491
G1 X18.412 Y20.046 E-.06799
G1 X18.451 Y19.908 E-.06812
G1 X19.779 Y18.581 E-.89175
G1 X19.397 Y18.4 E-.20079
G1 X19.326 Y18.381 E-.03491
G1 X19.345 Y18.452 E-.03491
G1 X19.386 Y18.441 E-.02016
G1 X19.293 Y18.513 E-.05587
G1 X19.234 Y18.559 E-.03552
;WIPE_END
G1 X20.066 Y18.412 F9000
G1 E5 F2400
G1 F3600
G1 X20.471 Y18.097 E.0116
G1 X20.775 Y17.707 E.01118
;WIDTH:0.407168
G1 X20.857 Y17.564 E.00409
;WIDTH:0.439999
G1 X20.939 Y17.42 E.00447
G1 X22.094 Y16.265 E.04408
G1 X22.668 Y16.265 E.01549
G1 X18.451 Y20.482 E.16093
G1 X18.451 Y21.055 E.01546
G1 X23.242 Y16.265 E.18282
G1 X23.816 Y16.265 E.01549
G1 X18.451 Y21.629 E.20472
G1 X18.451 Y22.203 E.01549
G1 X24.389 Y16.265 E.22661
G1 X24.963 Y16.265 E.01549
G1 X18.451 Y22.776 E.24849
G1 X18.451 Y23.35 E.01549
G1 X25.537 Y16.265 E.2704
G1 X26.11 Y16.265 E.01546
G1 X18.451 Y23.924 E.29228
G1 X18.407 Y24.082 E.00443
;WIDTH:0.407168
G1 X18.363 Y24.241 E.00409
;WIDTH:0.374336
G1 X18.322 Y24.252 E.00096
G1 X18.303 Y24.181 E.00166
G1 X18.374 Y24.2 E.00166
G1 E-3.5
;WIPE_START
G1 F7200
G1 X18.303 Y24.181 E-.03491
G1 X18.322 Y24.252 E-.03491
G1 X18.363 Y24.241 E-.02016
G1 X18.407 Y24.082 E-.07836
G1 X18.451 Y23.924 E-.07791
G1 X20.317 Y22.058 E-1.25375
;WIPE_END
G1 X20.39 Y22.397 F9000
G1 E5 F2400
G1 F3600
G1 X20.186 Y22.675 E.0078
G1 X20.51 Y22.233 E.01239
G1 X19.987 Y22.962 F9000
;WIDTH:0.439999
G1 F3600
G1 X18.451 Y24.497 E.0586
G1 X18.451 Y25.071 E.01549
G1 X19.796 Y23.726 E.05133
G1 X19.76 Y24.336 E.01649
G1 X19.897 Y25.283 E.02582
G1 X20.183 Y26.029 E.02156
G1 X20.6 Y26.677 E.02079
G1 X21.01 Y27.102 E.01594
G1 X18.451 Y29.661 E.09766
G1 X18.451 Y25.501 E.11226
G1 X18.595 Y25.501 E.00389
G1 X19.616 Y24.48 E.03896
G1 X19.471 Y25.199 E.01979
G1 X19.518 Y25.427 E.00628
G1 X19.841 Y26.247 E.02378
G1 X20.233 Y26.863 E.0197
G1 X20.442 Y27.097 E.00847
G1 X18.857 Y28.681 E.06047
G1 X18.857 Y26.304 E.06414
G1 X18.882 Y25.788 E.01394
G1 X19.327 Y25.343 E.01698
G1 X19.299 Y26.098 E.02039
;WIDTH:0.512203
G1 X19.468 Y26.484 E.01339
G1 X19.842 Y27.071 E.02212
G1 X19.299 Y27.615 E.02443
G1 X19.299 Y26.301 E.04177
G1 E-3.5
;WIPE_START
G1 F7200
G1 X19.299 Y27.615 E-.62415
G1 X19.842 Y27.071 E-.3651
G1 X19.468 Y26.484 E-.33061
G1 X19.316 Y26.137 E-.18014
;WIPE_END
G1 X21.315 Y27.371 F9000
G1 E5 F2400
;WIDTH:0.439999
G1 F3600
G1 X18.451 Y30.234 E.10928
G1 X18.451 Y30.808 E.01549
G1 X21.664 Y27.596 E.1226
G1 X22.04 Y27.793 E.01145
G1 X18.451 Y31.382 E.13696
G1 X18.451 Y31.955 E.01546
G1 X22.452 Y27.954 E.15269
G1 X22.917 Y28.063 E.01289
G1 X18.451 Y32.529 E.17043
G1 X18.451 Y33.103 E.01549
G1 X23.423 Y28.131 E.18974
G1 X24.01 Y28.118 E.01584
G1 X18.451 Y33.677 E.21214
G1 X18.451 Y34.25 E.01546
G1 X24.755 Y27.947 E.24056
G1 X24.897 Y27.862 E.00447
;WIDTH:0.407168
G1 X25.039 Y27.776 E.00412
;WIDTH:0.374336
G1 X24.829 Y27.768 E.00475
G1 E-3.5
;WIPE_START
G1 F7200
G1 X25.039 Y27.776 E-.09982
G1 X24.897 Y27.862 E-.07886
G1 X24.755 Y27.947 E-.07861
G1 X22.905 Y29.797 E-1.24271
;WIPE_END
G1 X22.329 Y20.799 F9000
G1 E5 F2400
G1 F3600
G1 X22.173 Y20.845 E.00368
G1 X22.015 Y20.831 E.00359
;WIDTH:0.407168
G1 X22.159 Y20.739 E.00424
;WIDTH:0.439999
G1 X22.302 Y20.647 E.00459
G1 X26.684 Y16.265 E.16723
G1 X27.258 Y16.265 E.01549
G1 X23.072 Y20.45 E.15973
G1 X23.69 Y20.407 E.01672
G1 X27.831 Y16.265 E.15805
G1 X28.405 Y16.265 E.01549
G1 X24.218 Y20.452 E.15979
G1 X24.694 Y20.55 E.01311
G1 X28.979 Y16.265 E.16353
G1 X29.552 Y16.265 E.01546
G1 X25.114 Y20.704 E.16938
G1 X25.506 Y20.885 E.01165
G1 X30.126 Y16.265 E.17631
G1 X30.7 Y16.265 E.01549
G1 X25.855 Y21.11 E.1849
G1 X26.177 Y21.361 E.01102
G1 X31.274 Y16.265 E.19449
G1 X31.847 Y16.265 E.01546
G1 X26.468 Y21.645 E.20529
G1 X26.727 Y21.959 E.01098
G1 X32.421 Y16.265 E.2173
G1 X32.995 Y16.265 E.01549
G1 X26.959 Y22.3 E.23033
G1 X27.148 Y22.685 E.01157
G1 X33.568 Y16.265 E.245
G1 X34.142 Y16.265 E.01549
G1 X27.315 Y23.092 E.26053
G1 X27.418 Y23.563 E.01301
G1 X34.716 Y16.265 E.27851
G1 X35.289 Y16.265 E.01546
G1 X27.483 Y24.071 E.29789
G1 X27.324 Y24.816 E.02056
;WIDTH:0.374336
G1 X27.283 Y24.827 E.00096
G1 X27.264 Y24.756 E.00166
G1 X27.335 Y24.775 E.00166
;WIDTH:0.407168
G1 X27.409 Y24.71 E.00244
;WIDTH:0.439999
G1 X35.863 Y16.265 E.32245
G1 X36.437 Y16.265 E.01549
G1 X27.342 Y25.36 E.34709
G1 X27.259 Y25.518 E.00482
;WIDTH:0.407168
G1 X27.176 Y25.677 E.00445
;WIDTH:0.374336
G1 X27.135 Y25.688 E.00096
G1 X27.116 Y25.617 E.00166
G1 X27.187 Y25.636 E.00166
G1 X26.149 Y27.157 F9000
;WIDTH:0.397886
G1 F3600
G1 X26.516 Y26.795 E.01247
;WIDTH:0.4148
G1 X26.641 Y26.652 E.00481
;WIDTH:0.439999
G1 X37.01 Y16.265 E.39605
G1 E-3.5
;WIPE_START
G1 F7200
G1 X34.779 Y18.5 E-1.5
;WIPE_END
G1 X25.862 Y27.414 F9000
G1 E5 F2400
G1 F3600
G1 X18.451 Y34.824 E.2828
G1 X18.407 Y34.982 E.00443
;WIDTH:0.407168
G1 X18.363 Y35.141 E.00409
;WIDTH:0.374336
G1 X18.322 Y35.152 E.00096
G1 X18.303 Y35.081 E.00166
G1 X18.374 Y35.1 E.00166
;WIDTH:0.439999
G1 X18.451 Y35.398 E.00831
G1 X37.584 Y16.265 E.73016
G1 X38.158 Y16.265 E.01549
G1 X18.451 Y35.971 E.75205
G1 X18.451 Y36.545 E.01549
G1 X38.732 Y16.265 E.77395
G1 X39.305 Y16.265 E.01546
G1 X18.451 Y37.119 E.79584
G1 X18.451 Y37.692 E.01546
G1 X39.879 Y16.265 E.81772
G1 X40.453 Y16.265 E.01549
G1 X18.451 Y38.266 E.83963
G1 X18.451 Y38.84 E.01549
G1 X41.026 Y16.265 E.86151
G1 X41.6 Y16.265 E.01549
G1 X18.451 Y39.413 E.8834
G1 X18.451 Y39.987 E.01549
G1 X42.174 Y16.265 E.9053
G1 X42.747 Y16.265 E.01546
G1 X18.451 Y40.561 E.92719
G1 X18.451 Y41.135 E.01549
G1 X43.321 Y16.265 E.9491
G1 X43.895 Y16.265 E.01549
G1 X18.451 Y41.708 E.97098
G1 X18.451 Y42.282 E.01549
G1 X44.468 Y16.265 E.99287
G1 X45.042 Y16.265 E.01549
G1 X18.451 Y42.856 E1.01477
G1 X18.451 Y43.429 E.01546
G1 X45.616 Y16.265 E1.03666
G1 X46.19 Y16.265 E.01549
G1 X18.451 Y44.003 E1.05856
G1 X18.451 Y44.577 E.01549
G1 X46.763 Y16.265 E1.08045
G1 X47.337 Y16.265 E.01549
G1 X18.451 Y45.15 E1.10234
G1 X18.451 Y45.724 E.01549
G1 X47.911 Y16.265 E1.12424
G1 X48.484 Y16.265 E.01546
G1 X18.451 Y46.298 E1.14613
G1 X18.451 Y46.872 E.01549
G1 X49.058 Y16.265 E1.16803
G1 X49.632 Y16.265 E.01549
G1 X18.451 Y47.445 E1.18992
G1 X18.451 Y48.019 E.01549
G1 X50.205 Y16.265 E1.21181
G1 X50.779 Y16.265 E.01549
G1 X18.451 Y48.593 E1.23371
G1 X18.451 Y49.166 E.01546
G1 X51.353 Y16.265 E1.2556
G1 X51.927 Y16.265 E.01549
G1 X18.451 Y49.74 E1.2775
G1 X18.412 Y49.878 E.00387
;WIDTH:0.407168
G1 X18.374 Y50.016 E.00355
;WIDTH:0.374336
G1 X18.303 Y49.997 E.00166
G1 X18.322 Y50.068 E.00166
G1 X18.363 Y50.057 E.00096
G1 E-3.5
;WIPE_START
G1 F7200
G1 X18.322 Y50.068 E-.02016
G1 X18.303 Y49.997 E-.03491
G1 X18.374 Y50.016 E-.03491
G1 X18.412 Y49.878 E-.06799
G1 X18.451 Y49.74 E-.06812
G1 X20.347 Y47.844 E-1.27391
;WIPE_END
G1 X20.339 Y48.351 F9000
G1 E5 F2400
G1 F3600
G1 X20.466 Y48.183 E.00476
G1 X20.965 Y47.63 E.01685
G1 X21.331 Y47.286 E.01136
G1 X21.724 Y46.973 E.01136
;WIDTH:0.407168
G1 X21.867 Y46.864 E.00446
;WIDTH:0.439999
G1 X22.011 Y46.754 E.00489
G1 X52.5 Y16.265 E1.16353
G1 X53.074 Y16.265 E.01549
G1 X22.863 Y46.475 E1.1529
G1 X22.741 Y46.554 E.00392
;WIDTH:0.407168
G1 X22.618 Y46.633 E.00363
;WIDTH:0.374336
G1 X22.547 Y46.614 E.00166
G1 X22.566 Y46.685 E.00166
G1 X22.607 Y46.674 E.00096
G1 E-3.5
;WIPE_START
G1 F7200
G1 X22.566 Y46.685 E-.02016
G1 X22.547 Y46.614 E-.03491
G1 X22.618 Y46.633 E-.03491
G1 X22.741 Y46.554 E-.06944
G1 X22.863 Y46.475 E-.06904
G1 X24.756 Y44.582 E-1.27154
;WIPE_END
G1 X20.128 Y48.637 F9000
G1 E5 F2400
;WIDTH:0.439999
G1 F3600
G1 X18.451 Y50.314 E.064
G1 X18.451 Y50.887 E.01546
G1 X19.839 Y49.499 E.05297
G1 X19.936 Y49.371 E.00433
;WIDTH:0.407168
G1 X20.033 Y49.243 E.00398
;WIDTH:0.374336
G1 X19.991 Y49.254 E.00098
G1 X19.972 Y49.183 E.00166
G1 X20.044 Y49.202 E.00168
G1 X19.763 Y50.149 F9000
;WIDTH:0.439999
G1 F3600
G1 X19.757 Y50.315 E.00448
G1 X19.886 Y51.24 E.0252
G1 X20.183 Y52.029 E.02275
G1 X20.6 Y52.677 E.02079
G1 X21.215 Y53.287 E.02337
G1 X18.451 Y56.051 E.10548
G1 X18.451 Y51.318 E.12772
G1 X18.595 Y51.318 E.00389
G1 X19.62 Y50.292 E.03914
G1 X19.448 Y51.038 E.02066
G1 X19.484 Y51.296 E.00703
G1 X19.603 Y51.653 E.01015
G1 X19.841 Y52.247 E.01727
G1 X20.234 Y52.864 E.01974
G1 X20.633 Y53.295 E.01585
G1 X18.857 Y55.071 E.06778
G1 X18.857 Y52.304 E.07467
G1 X18.882 Y51.604 E.0189
G1 X19.305 Y51.181 E.01614
G1 X19.336 Y52.304 F9000
;WIDTH:0.578908
G1 F3600
G1 X19.44 Y52.502 E.0081
G1 X19.965 Y53.289 E.03427
G1 X19.332 Y53.924 E.03248
G1 X19.336 Y52.507 E.05133
G1 E-3.5
;WIPE_START
G1 F7200
G1 X19.332 Y53.924 E-.67308
G1 X19.965 Y53.289 E-.42589
G1 X19.497 Y52.587 E-.40103
;WIPE_END
G1 X21.552 Y53.524 F9000
G1 E5 F2400
;WIDTH:0.439999
G1 F3600
G1 X18.451 Y56.624 E.11832
G1 X18.451 Y57.198 E.01549
G1 X21.914 Y53.736 E.13214
G1 X22.321 Y53.902 E.01186
G1 X18.451 Y57.772 E.14769
G1 X18.451 Y58.345 E.01546
G1 X22.769 Y54.028 E.16477
G1 X23.252 Y54.119 E.01326
G1 X18.451 Y58.919 E.1832
G1 X18.451 Y59.493 E.01549
G1 X23.819 Y54.125 E.20486
G1 X24.459 Y53.853 E.01877
;WIDTH:0.374336
G1 X24.697 Y53.821 E.00543
G1 X24.784 Y53.846 E.00205
;WIDTH:0.407168
G1 X24.642 Y53.932 E.00412
;WIDTH:0.439999
G1 X24.5 Y54.018 E.00448
G1 X18.573 Y59.944 E.22617
G1 X18.469 Y60.018 E.00344
;WIDTH:0.407168
G1 X18.364 Y60.092 E.00319
;WIDTH:0.374336
G1 X18.323 Y60.103 E.00096
G1 X18.304 Y60.031 E.00168
G1 X18.375 Y60.051 E.00167
;WIDTH:0.439999
G1 X19.021 Y60.148 E.01763
;WIDTH:0.374336
G1 X18.98 Y60.159 E.00096
G1 X18.961 Y60.087 E.00168
G1 X19.032 Y60.107 E.00167
;WIDTH:0.407168
G1 X19.09 Y60.025 E.00249
;WIDTH:0.439999
G1 X19.147 Y59.944 E.00267
G1 X25.384 Y53.708 E.238
G1 E-3.5
;WIPE_START
G1 F7200
G1 X23.151 Y55.941 E-1.5
;WIPE_END
G1 X35.546 Y34.367 F9000
G1 E5 F2400
G1 F3600
G1 X53.648 Y16.265 E.69081
G1 E-3.5
;WIPE_START
G1 F7200
G1 X51.415 Y18.498 E-1.5
;WIPE_END
G1 X49.044 Y21.426 F9000
G1 E5 F2400
;WIDTH:0.416206
G1 F3600
G1 X48.863 Y21.602 E.00641
;WIDTH:0.439999
G1 X48.597 Y21.889 E.01056
G1 X36.638 Y33.848 E.45638
G1 X36.496 Y33.938 E.00454
;WIDTH:0.407168
G1 X36.353 Y34.027 E.00418
;WIDTH:0.374336
G1 X36.505 Y34.048 E.00347
G1 X36.588 Y34.026 E.00194
;WIDTH:0.439999
G1 X37.338 Y33.722 E.02184
G1 X48.034 Y23.009 E.40851
;WIDTH:0.407168
G1 X48.145 Y22.88 E.00422
;WIDTH:0.374336
G1 X48.104 Y22.891 E.00096
G1 X48.085 Y22.82 E.00166
G1 X48.156 Y22.839 E.00166
G1 X48.008 Y23.705 F9000
G1 F3600
G1 X47.937 Y23.686 E.00166
G1 X47.956 Y23.757 E.00166
G1 X47.997 Y23.746 E.00096
;WIDTH:0.407168
G1 X47.888 Y23.8 E.00302
;WIDTH:0.439999
G1 X47.779 Y23.855 E.00329
G1 X37.912 Y33.721 E.37653
G1 X38.412 Y33.795 E.01364
G1 X47.773 Y24.434 E.35724
G1 X47.832 Y24.949 E.01399
G1 X38.862 Y33.919 E.34232
G1 X39.251 Y34.104 E.01162
G1 X47.931 Y25.424 E.33125
G1 X48.101 Y25.827 E.0118
G1 X39.62 Y34.309 E.32367
G1 X39.939 Y34.563 E.011
G1 X48.288 Y26.214 E.31862
G1 X48.521 Y26.555 E.01114
G1 X40.234 Y34.842 E.31625
G1 X40.496 Y35.154 E.01099
G1 X48.777 Y26.873 E.31602
G1 X49.067 Y27.156 E.01093
G1 X40.717 Y35.506 E.31866
G1 X40.919 Y35.878 E.01142
G1 X49.387 Y27.41 E.32316
G1 X49.735 Y27.635 E.01118
G1 X41.056 Y36.315 E.33123
G1 X41.154 Y36.79 E.01309
G1 X50.124 Y27.82 E.34232
G1 X50.535 Y27.983 E.01193
G1 X41.197 Y37.321 E.35636
G1 X40.991 Y38.278 F9000
;WIDTH:0.374336
G1 F3600
G1 X40.95 Y38.289 E.00096
G1 X40.931 Y38.218 E.00166
G1 X41.002 Y38.237 E.00166
;WIDTH:0.407168
G1 X41.066 Y38.099 E.00377
;WIDTH:0.439999
G1 X41.131 Y37.961 E.00412
G1 X51.018 Y28.074 E.37731
G1 E-3.5
;WIPE_START
G1 F7200
G1 X48.785 Y30.307 E-1.5
;WIPE_END
G1 X49.331 Y21.156 F9000
G1 E5 F2400
G1 F3600
G1 X54.221 Y16.265 E.18663
G1 X54.339 Y16.312 E.00343
;WIDTH:0.407168
G1 X54.456 Y16.359 E.00313
;WIDTH:0.374336
G1 X54.438 Y16.137 E.00504
;WIDTH:0.439999
G1 X54.304 Y16.756 E.01709
G1 X50.479 Y20.581 E.14597
G1 X50.336 Y20.67 E.00455
;WIDTH:0.407168
G1 X50.194 Y20.759 E.00416
;WIDTH:0.374336
G1 X50.347 Y20.781 E.0035
G1 X50.492 Y20.743 E.00339
;WIDTH:0.439999
G1 X51.203 Y20.431 E.02095
G1 X54.307 Y17.326 E.11847
G1 X54.409 Y17.798 E.01303
G1 X51.797 Y20.41 E.09968
G1 X52.322 Y20.459 E.01423
G1 X54.634 Y18.147 E.08823
G1 X55.259 Y18.533 E.01982
G1 X55.176 Y18.514 E.0023
G1 X54.959 Y18.396 E.00667
G1 X52.77 Y20.585 E.08354
G1 X53.059 Y20.67 E.00813
G1 X53.713 Y21.005 E.01983
G1 X54.428 Y21.599 E.02508
G1 X54.88 Y22.173 E.01972
G1 X55.23 Y22.859 E.02078
G1 X55.438 Y23.6 E.02077
G1 X55.495 Y24.368 E.02078
G1 X55.433 Y24.987 E.01679
G1 X55.25 Y25.563 E.01631
G1 X56.661 Y24.152 E.05385
G1 X56.804 Y24.152 E.00386
G1 X56.804 Y18.591 E.15006
G1 X55.456 Y18.581 E.03638
G1 X55.453 Y18.986 E.01093
G1 X56.398 Y18.993 E.0255
G1 X56.398 Y22.686 E.09965
;WIDTH:0.473589
G1 X56.382 Y23.256 E.01666
;WIDTH:0.507178
G1 X56.365 Y23.826 E.01794
G1 X55.928 Y24.263 E.01944
G1 X55.859 Y23.485 E.02457
;WIDTH:0.501048
G1 X55.726 Y23.08 E.01323
;WIDTH:0.470524
G1 X55.593 Y22.676 E.01234
;WIDTH:0.439999
G1 X55.198 Y21.922 E.02297
G1 X54.658 Y21.256 E.02314
G1 X54.009 Y20.718 E.02275
G1 X53.492 Y20.436 E.01589
G1 X55.037 Y18.891 E.05896
G1 X55.255 Y18.941 E.00604
G1 X55.79 Y19.394 E.01892
G1 X55.45 Y19.392 E.00917
G1 X55.153 Y19.349 E.0081
G1 X54.165 Y20.337 E.0377
G1 X54.792 Y20.841 E.02171
G1 X55.066 Y21.097 E.01012
G1 X55.517 Y21.671 E.0197
G1 X55.993 Y22.592 E.02798
G1 X55.993 Y19.396 E.08624
G1 X55.525 Y19.86 E.01778
;WIDTH:0.563913
G1 X55.525 Y20.925 E.03752
G1 X55.433 Y20.808 E.00524
G1 X54.868 Y20.296 E.02686
G1 X55.323 Y19.849 E.02247
G1 E-3.5
;WIPE_START
G1 F7200
G1 X54.868 Y20.296 E-.30297
G1 X55.433 Y20.808 E-.36218
G1 X55.525 Y20.925 E-.0707
G1 X55.525 Y19.86 E-.50588
G1 X55.911 Y19.477 E-.25827
;WIPE_END
G1 X35.259 Y34.632 F9000
G1 E5 F2400
;WIDTH:0.409086
G1 F3600
G1 X35.056 Y34.823 E.00695
;WIDTH:0.439999
G1 X34.803 Y35.109 E.0103
G1 X23.513 Y46.399 E.43085
G1 X23.392 Y46.464 E.00371
;WIDTH:0.407168
G1 X23.271 Y46.528 E.00339
;WIDTH:0.374336
G1 X23.199 Y46.509 E.00168
G1 X23.219 Y46.58 E.00167
G1 X23.26 Y46.569 E.00096
G1 X24.062 Y46.424 F9000
;WIDTH:0.439999
G1 F3600
G1 X34.21 Y36.276 E.38727
G1 X34.313 Y36.148 E.00443
;WIDTH:0.407168
G1 X34.415 Y36.019 E.00408
;WIDTH:0.374336
G1 X34.374 Y36.03 E.00096
G1 X34.355 Y35.959 E.00166
G1 X34.426 Y35.978 E.00166
G1 X34.076 Y36.983 F9000
;WIDTH:0.439999
G1 F3600
G1 X24.544 Y46.516 E.36378
G1 X24.978 Y46.656 E.01231
G1 X34.08 Y37.554 E.34735
G1 X34.149 Y38.058 E.01373
G1 X25.389 Y46.818 E.3343
G1 X25.739 Y47.042 E.01121
G1 X34.284 Y38.497 E.3261
G1 X34.463 Y38.892 E.0117
G1 X26.08 Y47.275 E.31991
G1 X26.37 Y47.558 E.01093
G1 X34.664 Y39.264 E.31652
G1 X34.924 Y39.578 E.011
G1 X26.648 Y47.854 E.31583
G1 X26.88 Y48.195 E.01113
G1 X35.197 Y39.879 E.31738
G1 X35.517 Y40.133 E.01102
G1 X27.091 Y48.559 E.32156
G1 X27.261 Y48.962 E.0118
G1 X35.863 Y40.36 E.32827
G1 X36.243 Y40.554 E.01151
G1 X27.385 Y49.412 E.33804
G1 X27.479 Y49.891 E.01317
G1 X36.676 Y40.695 E.35096
G1 X37.333 Y40.622 E.01784
;WIDTH:0.374336
G1 X37.262 Y40.603 E.00166
G1 X37.281 Y40.674 E.00166
G1 X37.322 Y40.663 E.00096
;WIDTH:0.407168
G1 X37.233 Y40.732 E.00279
;WIDTH:0.439999
G1 X37.144 Y40.8 E.00302
G1 X27.484 Y50.46 E.36865
G1 X27.258 Y51.449 F9000
;WIDTH:0.374336
G1 F3600
G1 X27.217 Y51.46 E.00096
G1 X27.198 Y51.388 E.00168
G1 X27.269 Y51.408 E.00167
;WIDTH:0.407168
G1 X27.328 Y51.27 E.00372
;WIDTH:0.439999
G1 X27.386 Y51.132 E.00404
G1 X37.677 Y40.841 E.39273
G1 X38.325 Y40.766 E.0176
G1 X27.074 Y52.018 E.42938
G1 X26.961 Y52.161 E.00492
;WIDTH:0.407168
G1 X26.848 Y52.304 E.00452
;WIDTH:0.374336
G1 X26.437 Y52.789 E.01438
G1 X26.067 Y53.153 E.01174
G1 X25.671 Y53.477 E.01157
G1 E-3.5
;WIPE_START
G1 F7200
G1 X26.067 Y53.153 E-.24304
G1 X26.437 Y52.789 E-.24654
G1 X26.848 Y52.304 E-.30197
G1 X26.961 Y52.161 E-.08657
G1 X27.074 Y52.018 E-.08657
G1 X27.871 Y51.221 E-.53531
;WIPE_END
G1 X19.464 Y60.093 F9000
G1 E5 F2400
G1 F3600
G1 X19.423 Y60.104 E.00096
G1 X19.404 Y60.033 E.00166
G1 X19.475 Y60.052 E.00166
;WIDTH:0.407168
G1 X19.598 Y59.998 E.00333
;WIDTH:0.439999
G1 X19.721 Y59.944 E.00362
G1 X39.199 Y40.466 E.74333
G1 X39.486 Y40.247 E.00974
;WIDTH:0.374336
G1 X40.142 Y39.664 E.01985
G1 X40.6 Y39.141 E.01572
;WIDTH:0.407168
G1 X40.705 Y38.998 E.0044
;WIDTH:0.439999
G1 X40.811 Y38.854 E.00483
G1 X51.541 Y28.125 E.40946
G1 X52.138 Y28.101 E.01612
G1 X20.295 Y59.944 E1.2152
G1 X20.868 Y59.944 E.01546
G1 X52.888 Y27.924 E1.22196
G1 X53.032 Y27.825 E.00472
;WIDTH:0.407168
G1 X53.175 Y27.727 E.0043
;WIDTH:0.374336
G1 X53.661 Y27.367 E.01368
G1 E-3.5
;WIPE_START
G1 F7200
G1 X53.175 Y27.727 E-.28729
G1 X53.032 Y27.825 E-.08235
G1 X52.888 Y27.924 E-.08301
G1 X51.329 Y29.483 E-1.04735
;WIPE_END
G1 X56.804 Y24.582 F9000
G1 E5 F2400
;WIDTH:0.439999
G1 F3600
G1 X21.442 Y59.944 E1.34949
G1 X22.016 Y59.944 E.01549
G1 X56.804 Y25.156 E1.32759
G1 X56.804 Y25.73 E.01549
G1 X22.589 Y59.944 E1.3057
G1 X23.163 Y59.944 E.01549
G1 X56.804 Y26.303 E1.28382
G1 X56.804 Y26.877 E.01549
G1 X23.737 Y59.944 E1.26191
G1 X24.31 Y59.944 E.01546
G1 X56.804 Y27.451 E1.24003
G1 X56.804 Y28.024 E.01546
G1 X24.884 Y59.944 E1.21814
G1 X25.458 Y59.944 E.01549
G1 X56.804 Y28.598 E1.19624
G1 X56.804 Y29.172 E.01549
G1 X26.032 Y59.944 E1.17433
G1 X26.605 Y59.944 E.01546
G1 X56.804 Y29.746 E1.15244
G1 X56.804 Y30.319 E.01546
G1 X27.179 Y59.944 E1.13056
G1 X27.753 Y59.944 E.01549
G1 X56.804 Y30.893 E1.10865
G1 X56.804 Y31.467 E.01549
G1 X28.326 Y59.944 E1.08677
G1 X28.9 Y59.944 E.01549
G1 X56.804 Y32.04 E1.06488
G1 X56.804 Y32.614 E.01549
G1 X29.474 Y59.944 E1.04298
G1 X30.047 Y59.944 E.01546
G1 X56.804 Y33.188 E1.02109
G1 X56.804 Y33.761 E.01546
G1 X30.621 Y59.944 E.9992
G1 X31.195 Y59.944 E.01549
G1 X56.804 Y34.335 E.9773
G1 X56.804 Y34.909 E.01549
G1 X31.768 Y59.944 E.95541
G1 X32.342 Y59.944 E.01549
G1 X56.804 Y35.483 E.93351
G1 X56.804 Y36.056 E.01546
G1 X32.916 Y59.944 E.91162
G1 X33.49 Y59.944 E.01549
G1 X56.804 Y36.63 E.88972
G1 X56.804 Y37.204 E.01549
G1 X34.063 Y59.944 E.86783
G1 X34.637 Y59.944 E.01549
G1 X56.804 Y37.777 E.84594
G1 X56.804 Y38.351 E.01549
G1 X35.211 Y59.944 E.82404
G1 X35.784 Y59.944 E.01546
G1 X56.804 Y38.925 E.80215
G1 X56.804 Y39.498 E.01546
G1 X36.358 Y59.944 E.78027
G1 X36.301 Y60.025 E.00267
;WIDTH:0.407168
G1 X36.243 Y60.107 E.00249
;WIDTH:0.374336
G1 X36.172 Y60.087 E.00167
G1 X36.191 Y60.159 E.00168
G1 X36.232 Y60.148 E.00096
;WIDTH:0.439999
G1 X36.675 Y60.093 E.01205
;WIDTH:0.374336
G1 X36.634 Y60.104 E.00096
G1 X36.615 Y60.033 E.00166
G1 X36.686 Y60.052 E.00166
;WIDTH:0.407168
G1 X36.809 Y59.998 E.00333
;WIDTH:0.439999
G1 X36.932 Y59.944 E.00362
G1 X48.036 Y48.84 E.42375
G1 X48.138 Y48.696 E.00476
;WIDTH:0.407168
G1 X48.24 Y48.553 E.00436
;WIDTH:0.374336
G1 X48.424 Y48.296 E.00715
G1 X48.008 Y49.343 F9000
G1 F3600
G1 X47.937 Y49.324 E.00166
G1 X47.956 Y49.395 E.00166
G1 X47.997 Y49.384 E.00096
;WIDTH:0.407168
G1 X47.903 Y49.513 E.00396
;WIDTH:0.439999
G1 X47.809 Y49.641 E.00429
G1 X37.505 Y59.944 E.39321
G1 X38.079 Y59.944 E.01549
G1 X47.765 Y50.258 E.36964
G1 X47.82 Y50.778 E.01411
G1 X38.653 Y59.944 E.34981
G1 X39.226 Y59.944 E.01546
G1 X47.899 Y51.272 E.33096
G1 X48.048 Y51.696 E.01213
G1 X39.8 Y59.944 E.31476
G1 X40.374 Y59.944 E.01549
G1 X48.217 Y52.102 E.29929
G1 X48.444 Y52.448 E.01117
G1 X40.948 Y59.944 E.28606
G1 X41.521 Y59.944 E.01546
G1 X48.686 Y52.78 E.27341
G1 X48.97 Y53.069 E.01093
G1 X42.095 Y59.944 E.26237
G1 X42.669 Y59.944 E.01549
G1 X49.275 Y53.338 E.2521
G1 X49.619 Y53.567 E.01115
G1 X43.242 Y59.944 E.24336
G1 X43.816 Y59.944 E.01549
G1 X49.988 Y53.772 E.23554
G1 X50.4 Y53.934 E.01195
G1 X44.39 Y59.944 E.22936
G1 X44.963 Y59.944 E.01546
G1 X50.855 Y54.052 E.22485
G1 X51.354 Y54.128 E.01362
G1 X45.537 Y59.944 E.22197
G1 X46.111 Y59.944 E.01549
G1 X51.933 Y54.123 E.22216
G1 X52.531 Y53.835 E.01791
;WIDTH:0.374336
G1 X52.848 Y53.781 E.00727
G1 X52.938 Y53.806 E.00211
;WIDTH:0.407168
G1 X52.796 Y53.891 E.0041
;WIDTH:0.439999
G1 X52.654 Y53.975 E.00445
G1 X46.684 Y59.944 E.22781
G1 E-3.5
;WIPE_START
G1 F7200
G1 X48.917 Y57.711 E-1.5
;WIPE_END
G1 X49.41 Y47.267 F9000
G1 E5 F2400
;WIDTH:0.374336
G1 F3600
G1 X49.9 Y46.892 E.01396
;WIDTH:0.407168
G1 X50.043 Y46.791 E.00434
;WIDTH:0.439999
G1 X50.186 Y46.69 E.00472
G1 X56.804 Y40.072 E.25256
G1 X56.804 Y40.646 E.01549
G1 X50.988 Y46.462 E.22195
G1 X50.865 Y46.531 E.00381
;WIDTH:0.407168
G1 X50.742 Y46.6 E.0035
;WIDTH:0.374336
G1 X50.671 Y46.581 E.00166
G1 X50.69 Y46.653 E.00168
G1 X50.731 Y46.642 E.00096
G1 X51.62 Y46.403 F9000
;WIDTH:0.439999
G1 F3600
G1 X56.804 Y41.219 E.19783
G1 X56.804 Y41.793 E.01549
G1 X52.156 Y46.441 E.17738
G1 X52.637 Y46.534 E.01322
G1 X56.804 Y42.367 E.15902
G1 X56.804 Y42.941 E.01549
G1 X53.061 Y46.683 E.14282
G1 X53.458 Y46.86 E.01173
G1 X56.804 Y43.514 E.12769
G1 X56.804 Y44.088 E.01549
G1 X53.81 Y47.082 E.11426
G1 X54.14 Y47.325 E.01106
G1 X56.804 Y44.662 E.10165
G1 X56.804 Y45.235 E.01546
G1 X54.431 Y47.609 E.09058
G1 E-3.5
;WIPE_START
G1 F7200
G1 X56.664 Y45.376 E-1.5
;WIPE_END
G1 X56.661 Y45.952 F9000
G1 E5 F2400
G1 F3600
G1 X54.696 Y47.917 E.07499
G1 X55.072 Y48.507 E.01888
G1 X55.353 Y49.224 E.02078
G1 X55.486 Y49.983 E.02079
G1 X55.471 Y50.722 E.01995
G1 X55.294 Y51.504 E.02164
;WIDTH:0.443968
G1 X54.978 Y52.207 E.021
;WIDTH:0.44443
G1 X54.957 Y52.242 E.00111
G1 X55.504 Y51.698 E.02104
;WIDTH:0.439999
G1 X56.661 Y50.542 E.04413
G1 X56.804 Y50.542 E.00386
G1 X56.804 Y45.809 E.12772
G1 X56.398 Y46.788 F9000
G1 F3600
G1 X56.398 Y48.224 E.03875
;WIDTH:0.478955
G1 X56.379 Y48.53 E.00907
;WIDTH:0.517911
G1 X56.359 Y48.836 E.00986
;WIDTH:0.556867
G1 X56.34 Y49.142 E.01066
G1 X56.356 Y49.681 E.01874
;WIDTH:0.523628
G1 X56.373 Y50.221 E.01758
;WIDTH:0.490388
G1 X55.903 Y50.69 E.02014
;WIDTH:0.495303
G1 X55.913 Y49.911 E.02389
;WIDTH:0.526085
G1 X55.867 Y49.548 E.01197
;WIDTH:0.556867
G1 X55.821 Y49.186 E.01268
G1 X55.791 Y49.126 E.00233
;WIDTH:0.530105
G1 X55.761 Y49.067 E.00218
;WIDTH:0.503343
G1 X55.615 Y48.732 E.0114
;WIDTH:0.471671
G1 X55.469 Y48.397 E.01063
;WIDTH:0.439999
G1 X55.213 Y47.973 E.01337
G1 X56.255 Y46.932 E.03975
G1 X56.036 Y47.662 E.02057
;WIDTH:0.352775
G1 X56.036 Y48.863 E.02544
G1 X55.807 Y48.267 E.01352
G1 X55.675 Y48.024 E.00586
G1 X55.893 Y47.806 E.00653
G1 E-3.5
;WIPE_START
G1 F7200
G1 X55.675 Y48.024 E-.14644
G1 X55.807 Y48.267 E-.13136
G1 X56.036 Y48.863 E-.30328
G1 X56.036 Y47.662 E-.57048
G1 X56.247 Y46.959 E-.34844
;WIPE_END
G1 X54.957 Y52.242 F9000
G1 E5 F2400
;WIDTH:0.44443
G1 F3600
G1 X54.711 Y52.53 E.01033
;WIDTH:0.409383
G1 X54.464 Y52.817 E.00945
;WIDTH:0.374336
G1 X53.951 Y53.303 E.01598
;WIDTH:0.407168
G1 X53.808 Y53.421 E.0046
;WIDTH:0.439999
G1 X53.664 Y53.538 E.00501
G1 X47.258 Y59.944 E.24447
G1 X47.832 Y59.944 E.01549
G1 X56.804 Y50.972 E.34239
G1 X56.804 Y51.546 E.01549
G1 X48.406 Y59.944 E.32049
G1 X48.979 Y59.944 E.01546
G1 X56.804 Y52.12 E.2986
G1 X56.804 Y52.693 E.01546
G1 X49.553 Y59.944 E.27671
G1 X50.127 Y59.944 E.01549
G1 X56.804 Y53.267 E.25481
G1 X56.804 Y53.841 E.01549
G1 X50.7 Y59.944 E.23292
G1 X51.274 Y59.944 E.01549
G1 X56.804 Y54.414 E.21104
G1 X56.804 Y54.988 E.01549
G1 X51.848 Y59.944 E.18913
G1 X52.421 Y59.944 E.01546
G1 X56.804 Y55.562 E.16725
G1 X56.804 Y56.135 E.01546
G1 X52.995 Y59.944 E.14536
G1 X53.569 Y59.944 E.01549
G1 X56.804 Y56.709 E.12346
G1 X56.804 Y57.283 E.01549
G1 X54.143 Y59.944 E.10155
G1 X54.591 Y60.148 E.01328
;WIDTH:0.374336
G1 X54.549 Y60.159 E.00098
G1 X54.53 Y60.087 E.00168
G1 X54.602 Y60.107 E.00169
;WIDTH:0.407168
G1 X54.659 Y60.025 E.00248
;WIDTH:0.439999
G1 X54.716 Y59.944 E.00267
G1 X56.804 Y57.857 E.07966
G1 X56.804 Y59.944 E.05632
G1 X55.29 Y59.944 E.04086
G1 X56.661 Y58.574 E.0523
G1 X56.419 Y59.485 F9000
;WIDTH:0.515608
G1 F3600
G1 X56.376 Y59.443 E.00192
G1 X56.318 Y59.458 E.00192
G1 X56.302 Y59.516 E.00193
G1 X56.345 Y59.559 E.00195
G1 X56.403 Y59.543 E.00193
;LAYER_CHANGE
;Z:4.36
;HEIGHT:0.16
;BEFORE_LAYER_CHANGE
G92 E0
;4.36


G1 E-3.5 F3600
;WIPE_START
G1 F7200
G1 X56.345 Y59.559 E-.02858
G1 X56.302 Y59.516 E-.02889
G1 X56.318 Y59.458 E-.02858
G1 X56.376 Y59.443 E-.02846
G1 X56.419 Y59.485 E-.02855
;WIPE_END
G1 E-1.35694 F3600
G1 Z4.36 F9000
;AFTER_LAYER_CHANGE
;4.36
G1 X39.773 Y39.699
G1 E5 F2400
;TYPE:Perimeter
;WIDTH:0.439999
G1 F1800
G1 X39.478 Y39.95 E.01045
G1 X39.017 Y40.216 E.01436
G1 X38.446 Y40.422 E.01638
G1 X37.808 Y40.521 E.01742
G1 X37.16 Y40.492 E.0175
G1 X36.53 Y40.336 E.01751
G1 X35.944 Y40.057 E.01751
G1 X35.425 Y39.668 E.0175
G1 X34.993 Y39.184 E.01751
G1 X34.665 Y38.624 E.01751
G1 X34.455 Y38.01 E.01751
G1 X34.372 Y37.386 E.01699
G1 X34.394 Y36.86 E.01421
G1 X34.534 Y36.247 E.01697
G1 X34.797 Y35.654 E.01751
G1 X35.134 Y35.177 E.01576
G1 X35.646 Y34.682 E.01922
G1 X36.198 Y34.34 E.01752
G1 X36.807 Y34.115 E.01752
G1 X37.448 Y34.015 E.01751
G1 X37.987 Y34.036 E.01456
G1 X38.291 Y34.078 E.00828
G1 X38.807 Y34.227 E.01449
G1 X39.311 Y34.479 E.01521
G1 X39.813 Y34.854 E.01691
G1 X40.263 Y35.352 E.01811
G1 X40.59 Y35.912 E.0175
G1 X40.8 Y36.526 E.01751
G1 X40.884 Y37.169 E.0175
G1 X40.839 Y37.816 E.0175
G1 X40.667 Y38.442 E.01752
G1 X40.374 Y39.021 E.01751
G1 X39.972 Y39.53 E.0175
G1 X39.819 Y39.66 E.00542
G1 X39.507 Y39.398 F9000
G1 F1800
G1 X39.225 Y39.633 E.00991
G1 X38.777 Y39.882 E.01383
G1 X38.287 Y40.046 E.01394
G1 X37.757 Y40.119 E.01444
G1 X37.19 Y40.088 E.01532
G1 X36.64 Y39.945 E.01534
G1 X36.129 Y39.696 E.01534
G1 X35.678 Y39.351 E.01532
G1 X35.304 Y38.924 E.01532
G1 X35.022 Y38.43 E.01535
G1 X34.843 Y37.891 E.01533
G1 X34.775 Y37.345 E.01485
G1 X34.805 Y36.838 E.01371
G1 X34.927 Y36.347 E.01365
G1 X35.163 Y35.83 E.01534
G1 X35.458 Y35.422 E.01359
G1 X35.915 Y34.986 E.01704
G1 X36.401 Y34.692 E.01533
G1 X36.936 Y34.5 E.01534
G1 X37.498 Y34.418 E.01533
G1 X38.065 Y34.448 E.01532
G1 X38.615 Y34.591 E.01534
G1 X39.126 Y34.84 E.01534
G1 X39.56 Y35.171 E.01473
G1 X39.952 Y35.613 E.01594
G1 X40.234 Y36.106 E.01533
G1 X40.412 Y36.645 E.01532
G1 X40.481 Y37.209 E.01533
G1 X40.436 Y37.776 E.01535
G1 X40.279 Y38.322 E.01533
G1 X40.018 Y38.827 E.01534
G1 X39.662 Y39.269 E.01531
G1 X39.553 Y39.359 E.00381
G1 X39.25 Y39.106 F9000
;TYPE:External perimeter
;WIDTH:0.419999
G1 F1800
G1 X38.949 Y39.342 E.00981
G1 X38.606 Y39.524 E.00996
G1 X38.156 Y39.67 E.01214
G1 X37.67 Y39.727 E.01255
G1 X37.182 Y39.686 E.01256
G1 X36.711 Y39.55 E.01258
G1 X36.277 Y39.323 E.01257
G1 X35.897 Y39.015 E.01255
G1 X35.585 Y38.637 E.01257
G1 X35.369 Y38.241 E.01157
G1 X35.217 Y37.757 E.01301
G1 X35.169 Y37.271 E.01253
G1 X35.199 Y36.882 E.01001
G1 X35.323 Y36.409 E.01254
G1 X35.539 Y35.969 E.01257
G1 X35.838 Y35.581 E.01257
G1 X36.275 Y35.221 E.01453
G1 X36.735 Y34.984 E.01328
G1 X37.218 Y34.851 E.01285
G1 X37.586 Y34.809 E.0095
G1 X38.074 Y34.85 E.01256
G1 X38.544 Y34.986 E.01255
G1 X38.978 Y35.213 E.01257
G1 X39.358 Y35.521 E.01255
G1 X39.689 Y35.932 E.01354
G1 X39.932 Y36.432 E.01426
G1 X40.042 Y36.8 E.00985
G1 X40.087 Y37.287 E.01255
G1 X40.034 Y37.774 E.01257
G1 X39.886 Y38.241 E.01257
G1 X39.649 Y38.669 E.01255
G1 X39.297 Y39.069 E.01367
G1 E-3.5 F3600
;WIPE_START
G1 F7200
G1 X39.25 Y39.106 E-.02841
G1 X38.949 Y39.342 E-.18168
G1 X38.606 Y39.524 E-.18444
G1 X38.156 Y39.67 E-.22472
G1 X37.67 Y39.727 E-.23243
G1 X37.182 Y39.686 E-.23262
G1 X36.711 Y39.55 E-.23286
G1 X36.37 Y39.372 E-.18284
;WIPE_END
G1 X26.56 Y48.269 F9000
G1 E5 F2400
;TYPE:Perimeter
;WIDTH:0.439999
G1 F1800
G1 X26.866 Y48.795 E.01642
G1 X27.094 Y49.466 E.01912
G1 X27.184 Y50.169 E.01913
G1 X27.133 Y50.876 E.01913
G1 X26.943 Y51.558 E.0191
G1 X26.622 Y52.19 E.01913
G1 X26.072 Y52.851 E.0232
G1 X25.492 Y53.298 E.01976
G1 X24.854 Y53.608 E.01914
G1 X24.168 Y53.785 E.01912
G1 X23.461 Y53.822 E.0191
G1 X22.76 Y53.718 E.01912
G1 X22.093 Y53.478 E.01913
G1 X21.488 Y53.11 E.01911
G1 X20.967 Y52.63 E.01912
G1 X20.552 Y52.056 E.01911
G1 X20.258 Y51.411 E.01913
G1 X20.099 Y50.721 E.01911
G1 X20.079 Y50.012 E.01914
G1 X20.2 Y49.314 E.01912
G1 X20.543 Y48.501 E.02381
G1 X20.955 Y47.92 E.01922
G1 X21.471 Y47.438 E.01905
G1 X22.075 Y47.067 E.01913
G1 X22.74 Y46.823 E.01911
G1 X23.44 Y46.715 E.01911
G1 X24.148 Y46.748 E.01913
G1 X24.835 Y46.921 E.01912
G1 X25.474 Y47.227 E.01912
G1 X26.04 Y47.653 E.01912
G1 X26.51 Y48.183 E.01912
G1 X26.53 Y48.217 E.00106
G1 X26.229 Y48.495 F9000
G1 F1800
G1 X26.51 Y48.989 E.01534
G1 X26.706 Y49.586 E.01696
G1 X26.78 Y50.209 E.01693
G1 X26.73 Y50.835 E.01695
G1 X26.556 Y51.439 E.01696
G1 X26.266 Y51.996 E.01695
G1 X25.768 Y52.582 E.02075
G1 X25.255 Y52.969 E.01734
G1 X24.687 Y53.238 E.01696
G1 X24.078 Y53.389 E.01693
G1 X23.451 Y53.416 E.01694
G1 X22.83 Y53.319 E.01696
G1 X22.242 Y53.1 E.01693
G1 X21.708 Y52.77 E.01694
G1 X21.25 Y52.339 E.01697
G1 X20.887 Y51.827 E.01694
G1 X20.632 Y51.253 E.01695
G1 X20.496 Y50.64 E.01694
G1 X20.485 Y50.012 E.01695
G1 X20.598 Y49.395 E.01693
G1 X20.912 Y48.67 E.02132
G1 X21.277 Y48.166 E.01679
G1 X21.74 Y47.742 E.01694
G1 X22.278 Y47.418 E.01695
G1 X22.869 Y47.207 E.01693
G1 X23.491 Y47.118 E.01696
G1 X24.117 Y47.153 E.01692
G1 X24.725 Y47.312 E.01696
G1 X25.289 Y47.588 E.01694
G1 X25.787 Y47.97 E.01694
G1 X26.199 Y48.443 E.01693
G1 X25.906 Y48.715 F9000
;TYPE:External perimeter
;WIDTH:0.419999
G1 F1800
G1 X26.163 Y49.179 E.01361
G1 X26.328 Y49.703 E.01409
G1 X26.387 Y50.249 E.01409
G1 X26.336 Y50.796 E.01409
G1 X26.178 Y51.322 E.01409
G1 X25.918 Y51.807 E.01412
G1 X25.471 Y52.32 E.01746
G1 X25.024 Y52.648 E.01422
G1 X24.525 Y52.877 E.01409
G1 X23.99 Y53.003 E.0141
G1 X23.441 Y53.021 E.01409
G1 X22.899 Y52.929 E.0141
G1 X22.386 Y52.732 E.0141
G1 X21.922 Y52.437 E.01411
G1 X21.526 Y52.056 E.0141
G1 X21.214 Y51.604 E.01409
G1 X20.997 Y51.1 E.01408
G1 X20.884 Y50.562 E.0141
G1 X20.88 Y50.012 E.01411
G1 X20.986 Y49.473 E.01409
G1 X21.272 Y48.834 E.01796
G1 X21.592 Y48.405 E.01373
G1 X22.002 Y48.039 E.0141
G1 X22.475 Y47.761 E.01408
G1 X22.995 Y47.582 E.01411
G1 X23.54 Y47.51 E.0141
G1 X24.088 Y47.548 E.01409
G1 X24.618 Y47.693 E.0141
G1 X25.108 Y47.94 E.01408
G1 X25.54 Y48.28 E.0141
G1 X25.87 Y48.667 E.01305
G1 E-3.5 F3600
;WIPE_START
G1 F7200
G1 X25.906 Y48.715 E-.0285
G1 X26.163 Y49.179 E-.25195
G1 X26.328 Y49.703 E-.26095
G1 X26.387 Y50.249 E-.26086
G1 X26.336 Y50.796 E-.26095
G1 X26.178 Y51.322 E-.26088
G1 X26.003 Y51.648 E-.17591
;WIPE_END
G1 X23.892 Y27.799 F9000
G1 E5 F2400
;TYPE:Perimeter
;WIDTH:0.439999
G1 F1800
G1 X23.461 Y27.822 E.01165
G1 X22.76 Y27.718 E.01912
G1 X22.093 Y27.478 E.01913
G1 X21.488 Y27.11 E.01911
G1 X20.967 Y26.63 E.01912
G1 X20.552 Y26.056 E.01911
G1 X20.258 Y25.411 E.01913
G1 X20.099 Y24.721 E.01911
G1 X20.079 Y24.012 E.01914
G1 X20.2 Y23.314 E.01912
G1 X20.543 Y22.501 E.02381
G1 X20.955 Y21.92 E.01922
G1 X21.471 Y21.438 E.01905
G1 X22.075 Y21.067 E.01913
G1 X22.74 Y20.823 E.01911
G1 X23.44 Y20.715 E.01911
G1 X24.148 Y20.748 E.01913
G1 X24.835 Y20.921 E.01912
G1 X25.474 Y21.227 E.01912
G1 X26.04 Y21.653 E.01912
G1 X26.51 Y22.183 E.01912
G1 X26.866 Y22.795 E.01911
G1 X27.094 Y23.466 E.01912
G1 X27.184 Y24.169 E.01913
G1 X27.133 Y24.876 E.01913
G1 X26.943 Y25.558 E.0191
G1 X26.622 Y26.19 E.01913
G1 X26.072 Y26.851 E.0232
G1 X25.492 Y27.298 E.01976
G1 X24.854 Y27.608 E.01914
G1 X24.168 Y27.785 E.01912
G1 X23.952 Y27.796 E.00584
G1 X23.862 Y27.398 F9000
G1 F1800
G1 X23.451 Y27.416 E.0111
G1 X22.83 Y27.319 E.01696
G1 X22.242 Y27.1 E.01693
G1 X21.708 Y26.77 E.01694
G1 X21.25 Y26.339 E.01697
G1 X20.887 Y25.827 E.01694
G1 X20.632 Y25.253 E.01695
G1 X20.496 Y24.64 E.01694
G1 X20.485 Y24.012 E.01695
G1 X20.598 Y23.395 E.01693
G1 X20.912 Y22.67 E.02132
G1 X21.277 Y22.166 E.01679
G1 X21.74 Y21.742 E.01694
G1 X22.278 Y21.418 E.01695
G1 X22.869 Y21.207 E.01693
G1 X23.491 Y21.118 E.01696
G1 X24.117 Y21.153 E.01692
G1 X24.725 Y21.312 E.01696
G1 X25.289 Y21.588 E.01694
G1 X25.787 Y21.97 E.01694
G1 X26.2 Y22.444 E.01696
G1 X26.51 Y22.989 E.01692
G1 X26.706 Y23.586 E.01696
G1 X26.78 Y24.209 E.01693
G1 X26.73 Y24.835 E.01695
G1 X26.556 Y25.439 E.01696
G1 X26.266 Y25.996 E.01695
G1 X25.768 Y26.582 E.02075
G1 X25.255 Y26.969 E.01734
G1 X24.687 Y27.238 E.01696
G1 X24.078 Y27.389 E.01693
G1 X23.922 Y27.396 E.00421
G1 X23.833 Y27.008 F9000
;TYPE:External perimeter
;WIDTH:0.419999
G1 F1800
G1 X23.441 Y27.021 E.01006
G1 X22.899 Y26.929 E.0141
G1 X22.386 Y26.732 E.0141
G1 X21.922 Y26.437 E.01411
G1 X21.526 Y26.056 E.0141
G1 X21.214 Y25.604 E.01409
G1 X20.997 Y25.1 E.01408
G1 X20.884 Y24.562 E.0141
G1 X20.88 Y24.012 E.01411
G1 X20.986 Y23.473 E.01409
G1 X21.272 Y22.834 E.01796
G1 X21.592 Y22.405 E.01373
G1 X22.002 Y22.039 E.0141
G1 X22.475 Y21.761 E.01408
G1 X22.995 Y21.582 E.01411
G1 X23.54 Y21.51 E.0141
G1 X24.088 Y21.548 E.01409
G1 X24.618 Y21.693 E.0141
G1 X25.108 Y21.94 E.01408
G1 X25.54 Y22.28 E.0141
G1 X25.897 Y22.698 E.0141
G1 X26.163 Y23.179 E.0141
G1 X26.328 Y23.703 E.01409
G1 X26.387 Y24.249 E.01409
G1 X26.336 Y24.796 E.01409
G1 X26.178 Y25.322 E.01409
G1 X25.918 Y25.807 E.01412
G1 X25.471 Y26.32 E.01746
G1 X25.024 Y26.648 E.01422
G1 X24.525 Y26.877 E.01409
G1 X23.99 Y27.003 E.0141
G1 X23.893 Y27.006 E.00249
G1 E-3.5 F3600
;WIPE_START
G1 F7200
G1 X23.833 Y27.008 E-.02852
G1 X23.441 Y27.021 E-.1863
G1 X22.899 Y26.929 E-.26113
G1 X22.386 Y26.732 E-.26102
G1 X21.922 Y26.437 E-.26117
G1 X21.526 Y26.056 E-.26102
G1 X21.238 Y25.639 E-.24084
;WIPE_END
G1 X48.096 Y24.621 F9000
G1 E5 F2400
;TYPE:Perimeter
;WIDTH:0.439999
G1 F1800
G1 X48.079 Y24.012 E.01644
G1 X48.254 Y23.147 E.02381
G1 X48.542 Y22.496 E.01921
G1 X48.953 Y21.922 E.01905
G1 X49.471 Y21.438 E.01913
G1 X50.075 Y21.067 E.01913
G1 X50.74 Y20.823 E.01911
G1 X51.44 Y20.715 E.01911
G1 X52.148 Y20.748 E.01913
G1 X52.835 Y20.921 E.01912
G1 X53.474 Y21.227 E.01912
G1 X54.027 Y21.643 E.01867
G1 X54.51 Y22.183 E.01955
G1 X54.866 Y22.795 E.01911
G1 X55.094 Y23.466 E.01912
G1 X55.184 Y24.169 E.01913
G1 X55.133 Y24.876 E.01913
G1 X54.943 Y25.558 E.0191
G1 X54.622 Y26.19 E.01913
G1 X54.072 Y26.851 E.0232
G1 X53.492 Y27.298 E.01976
G1 X52.854 Y27.608 E.01914
G1 X52.168 Y27.785 E.01912
G1 X51.461 Y27.822 E.0191
G1 X50.76 Y27.718 E.01912
G1 X50.093 Y27.478 E.01913
G1 X49.488 Y27.11 E.01911
G1 X48.983 Y26.645 E.01852
G1 X48.598 Y26.124 E.01748
G1 X48.315 Y25.546 E.01737
G1 X48.2 Y25.222 E.00928
G1 X48.099 Y24.721 E.01379
G1 X48.098 Y24.681 E.00108
G1 X48.495 Y24.581 F9000
G1 F1800
G1 X48.485 Y24.012 E.01536
G1 X48.649 Y23.239 E.02132
G1 X48.907 Y22.673 E.01679
G1 X49.277 Y22.167 E.01692
G1 X49.74 Y21.742 E.01696
G1 X50.278 Y21.418 E.01695
G1 X50.869 Y21.207 E.01693
G1 X51.491 Y21.118 E.01696
G1 X52.117 Y21.153 E.01692
G1 X52.725 Y21.312 E.01696
G1 X53.289 Y21.588 E.01694
G1 X53.774 Y21.96 E.01649
G1 X54.2 Y22.444 E.0174
G1 X54.51 Y22.989 E.01692
G1 X54.706 Y23.586 E.01696
G1 X54.78 Y24.209 E.01693
G1 X54.73 Y24.835 E.01695
G1 X54.556 Y25.439 E.01696
G1 X54.266 Y25.996 E.01695
G1 X53.768 Y26.582 E.02075
G1 X53.255 Y26.969 E.01734
G1 X52.687 Y27.238 E.01696
G1 X52.078 Y27.389 E.01693
G1 X51.451 Y27.416 E.01694
G1 X50.83 Y27.319 E.01696
G1 X50.242 Y27.1 E.01693
G1 X49.708 Y26.77 E.01694
G1 X49.266 Y26.355 E.01636
G1 X48.933 Y25.895 E.01532
G1 X48.689 Y25.388 E.01518
G1 X48.598 Y25.141 E.0071
G1 X48.497 Y24.641 E.01376
G1 X48.884 Y24.543 F9000
;TYPE:External perimeter
;WIDTH:0.419999
G1 F1800
G1 X48.88 Y24.012 E.01362
G1 X49.034 Y23.329 E.01796
G1 X49.263 Y22.846 E.01371
G1 X49.592 Y22.405 E.01412
G1 X50.002 Y22.039 E.0141
G1 X50.475 Y21.761 E.01408
G1 X50.995 Y21.582 E.01411
G1 X51.54 Y21.51 E.0141
G1 X52.088 Y21.548 E.01409
G1 X52.618 Y21.693 E.0141
G1 X53.108 Y21.94 E.01408
G1 X53.527 Y22.269 E.01367
G1 X53.897 Y22.698 E.01453
G1 X54.163 Y23.179 E.0141
G1 X54.328 Y23.703 E.01409
G1 X54.387 Y24.249 E.01409
G1 X54.336 Y24.796 E.01409
G1 X54.178 Y25.322 E.01409
G1 X53.918 Y25.807 E.01412
G1 X53.471 Y26.32 E.01746
G1 X53.024 Y26.648 E.01422
G1 X52.525 Y26.877 E.01409
G1 X51.99 Y27.003 E.0141
G1 X51.441 Y27.021 E.01409
G1 X50.899 Y26.929 E.0141
G1 X50.386 Y26.732 E.0141
G1 X49.922 Y26.437 E.01411
G1 X49.542 Y26.072 E.01352
G1 X49.214 Y25.604 E.01466
G1 X48.997 Y25.1 E.01408
G1 X48.893 Y24.602 E.01305
G1 E-3.5 F3600
;WIPE_START
G1 F7200
G1 X48.884 Y24.543 E-.02835
G1 X48.88 Y24.012 E-.25223
G1 X49.034 Y23.329 E-.33257
G1 X49.263 Y22.846 E-.25391
G1 X49.592 Y22.405 E-.26135
G1 X50.002 Y22.039 E-.26106
G1 X50.203 Y21.921 E-.11053
;WIPE_END
G1 X51.187 Y46.754 F9000
G1 E5 F2400
;TYPE:Perimeter
;WIDTH:0.439999
G1 F1800
G1 X51.44 Y46.715 E.00691
G1 X52.148 Y46.748 E.01913
G1 X52.835 Y46.921 E.01912
G1 X53.474 Y47.227 E.01912
G1 X54.04 Y47.653 E.01912
G1 X54.51 Y48.183 E.01912
G1 X54.866 Y48.795 E.01911
G1 X55.094 Y49.466 E.01912
G1 X55.184 Y50.169 E.01913
G1 X55.133 Y50.876 E.01913
G1 X54.943 Y51.558 E.0191
G1 X54.622 Y52.19 E.01913
G1 X54.072 Y52.851 E.0232
G1 X53.492 Y53.298 E.01976
G1 X52.854 Y53.608 E.01914
G1 X52.168 Y53.785 E.01912
G1 X51.461 Y53.822 E.0191
G1 X50.76 Y53.718 E.01912
G1 X50.093 Y53.478 E.01913
G1 X49.488 Y53.11 E.01911
G1 X48.967 Y52.63 E.01912
G1 X48.552 Y52.056 E.01911
G1 X48.258 Y51.411 E.01913
G1 X48.099 Y50.721 E.01911
G1 X48.079 Y50.012 E.01914
G1 X48.213 Y49.322 E.01897
G1 X48.328 Y48.939 E.01079
G1 X48.575 Y48.435 E.01515
G1 X48.953 Y47.922 E.0172
G1 X49.471 Y47.438 E.01913
G1 X50.075 Y47.067 E.01913
G1 X50.74 Y46.823 E.01911
G1 X51.128 Y46.763 E.01059
G1 X51.237 Y47.154 F9000
G1 F1800
G1 X51.491 Y47.118 E.00692
G1 X52.117 Y47.153 E.01692
G1 X52.725 Y47.312 E.01696
G1 X53.289 Y47.588 E.01694
G1 X53.787 Y47.97 E.01694
G1 X54.2 Y48.444 E.01696
G1 X54.51 Y48.989 E.01692
G1 X54.706 Y49.586 E.01696
G1 X54.78 Y50.209 E.01693
G1 X54.73 Y50.835 E.01695
G1 X54.556 Y51.439 E.01696
G1 X54.266 Y51.996 E.01695
G1 X53.768 Y52.582 E.02075
G1 X53.255 Y52.969 E.01734
G1 X52.687 Y53.238 E.01696
G1 X52.078 Y53.389 E.01693
G1 X51.451 Y53.416 E.01694
G1 X50.83 Y53.319 E.01696
G1 X50.242 Y53.1 E.01693
G1 X49.708 Y52.77 E.01694
G1 X49.25 Y52.339 E.01697
G1 X48.887 Y51.827 E.01694
G1 X48.632 Y51.253 E.01695
G1 X48.496 Y50.64 E.01694
G1 X48.485 Y50.012 E.01695
G1 X48.608 Y49.414 E.01647
G1 X48.693 Y49.116 E.00836
G1 X48.926 Y48.637 E.01437
G1 X49.277 Y48.167 E.01583
G1 X49.74 Y47.742 E.01696
G1 X50.278 Y47.418 E.01695
G1 X50.869 Y47.207 E.01693
G1 X51.178 Y47.163 E.00842
G1 X51.286 Y47.544 F9000
;TYPE:External perimeter
;WIDTH:0.419999
G1 F1800
G1 X51.54 Y47.51 E.00657
G1 X52.088 Y47.548 E.01409
G1 X52.618 Y47.693 E.0141
G1 X53.108 Y47.94 E.01408
G1 X53.54 Y48.28 E.0141
G1 X53.897 Y48.698 E.0141
G1 X54.163 Y49.179 E.0141
G1 X54.328 Y49.703 E.01409
G1 X54.387 Y50.249 E.01409
G1 X54.336 Y50.796 E.01409
G1 X54.178 Y51.322 E.01409
G1 X53.918 Y51.807 E.01412
G1 X53.471 Y52.32 E.01746
G1 X53.024 Y52.648 E.01422
G1 X52.525 Y52.877 E.01409
G1 X51.99 Y53.003 E.0141
G1 X51.441 Y53.021 E.01409
G1 X50.899 Y52.929 E.0141
G1 X50.386 Y52.732 E.0141
G1 X49.922 Y52.437 E.01411
G1 X49.526 Y52.056 E.0141
G1 X49.214 Y51.604 E.01409
G1 X48.997 Y51.1 E.01408
G1 X48.884 Y50.562 E.0141
G1 X48.88 Y50.012 E.01411
G1 X48.994 Y49.504 E.01336
G1 X49.137 Y49.106 E.01085
G1 X49.311 Y48.776 E.00957
G1 X49.618 Y48.378 E.0129
G1 X50.002 Y48.039 E.01314
G1 X50.475 Y47.761 E.01408
G1 X50.995 Y47.582 E.01411
G1 X51.227 Y47.552 E.006
G1 E-3.5 F3600
;WIPE_START
G1 F7200
G1 X51.286 Y47.544 E-.02828
G1 X51.54 Y47.51 E-.12173
G1 X52.088 Y47.548 E-.26093
G1 X52.618 Y47.693 E-.261
G1 X53.108 Y47.94 E-.26065
G1 X53.54 Y48.28 E-.26113
G1 X53.897 Y48.698 E-.26111
G1 X53.943 Y48.781 E-.04517
;WIPE_END
G1 X57.116 Y60.257 F9000
G1 E5 F2400
;TYPE:Perimeter
;WIDTH:0.439999
G1 F3600
G1 X18.139 Y60.257 E1.05179
G1 X18.139 Y18.279 E1.13277
G1 X19.748 Y18.279 E.04342
G1 X20.046 Y18.195 E.00835
G1 X20.359 Y17.977 E.01029
G1 X20.563 Y17.667 E.01001
G1 X20.639 Y17.285 E.01051
G1 X20.639 Y15.279 E.05413
G1 X54.616 Y15.279 E.91686
G1 X54.616 Y17.285 E.05413
G1 X54.694 Y17.67 E.0106
G1 X54.898 Y17.979 E.00999
G1 X55.214 Y18.197 E.01036
G1 X55.611 Y18.279 E.01094
G1 X57.116 Y18.279 E.04061
G1 X57.116 Y60.197 E1.13115
G1 X57.522 Y60.662 F9000
G1 F3600
G1 X17.733 Y60.662 E1.0737
G1 X17.733 Y17.874 E1.15463
G1 X19.711 Y17.874 E.05338
G1 X19.978 Y17.77 E.00773
G1 X20.164 Y17.562 E.00753
G1 X20.233 Y17.285 E.0077
G1 X20.233 Y14.874 E.06506
G1 X55.022 Y14.874 E.93877
G1 X55.022 Y17.375 E.06749
G1 X55.151 Y17.653 E.00827
G1 X55.323 Y17.798 E.00607
G1 X55.611 Y17.874 E.00804
G1 X57.522 Y17.874 E.05157
G1 X57.522 Y60.602 E1.15301
G1 X57.918 Y61.058 F9000
;TYPE:External perimeter
;WIDTH:0.419999
G1 F1800
G1 X17.338 Y61.058 E1.04106
G1 X17.338 Y17.478 E1.11802
G1 X19.645 Y17.478 E.05918
G1 X19.769 Y17.432 E.00339
G1 X19.838 Y17.285 E.00417
G1 X19.838 Y14.478 E.07201
G1 X55.418 Y14.478 E.91278
G1 X55.418 Y17.285 E.07201
G1 X55.46 Y17.406 E.00329
G1 X55.611 Y17.478 E.00429
G1 X57.918 Y17.478 E.05918
G1 X57.918 Y60.998 E1.11648
G1 E-3.5 F3600
;WIPE_START
G1 F7200
G1 X57.918 Y61.058 E-.0285
G1 X54.82 Y61.058 E-1.4715
;WIPE_END
G1 X18.484 Y59.834 F9000
G1 E5 F2400
;TYPE:Solid infill
;WIDTH:0.538422
G1 F3600
G1 X18.44 Y59.879 E.00211
G1 X18.456 Y59.94 E.00211
G1 X18.517 Y59.956 E.00211
G1 X18.561 Y59.911 E.00211
G1 X18.545 Y59.851 E.00208
;WIDTH:0.439999
G1 X18.451 Y59.203 E.01767
G1 X19.193 Y59.944 E.0283
G1 X19.767 Y59.944 E.01549
G1 X18.451 Y58.629 E.0502
G1 X18.451 Y58.055 E.01549
G1 X20.34 Y59.944 E.07209
G1 X20.914 Y59.944 E.01549
G1 X18.451 Y57.482 E.09397
G1 X18.451 Y56.908 E.01549
G1 X21.488 Y59.944 E.11588
G1 X22.062 Y59.944 E.01549
G1 X18.451 Y56.334 E.13778
G1 X18.451 Y55.76 E.01549
G1 X22.635 Y59.944 E.15967
G1 X23.209 Y59.944 E.01549
G1 X18.451 Y55.187 E.18156
G1 X18.451 Y54.613 E.01549
G1 X23.783 Y59.944 E.20346
G1 X24.356 Y59.944 E.01546
G1 X18.451 Y54.039 E.22535
G1 X18.451 Y53.466 E.01546
G1 X24.93 Y59.944 E.24723
G1 X25.504 Y59.944 E.01549
G1 X18.451 Y52.892 E.26914
G1 X18.451 Y52.318 E.01549
G1 X26.077 Y59.944 E.29103
G1 X26.651 Y59.944 E.01549
G1 X18.451 Y51.745 E.31291
G1 X18.451 Y51.171 E.01549
G1 X27.225 Y59.944 E.33482
G1 X28.115 Y60.033 F9000
;WIDTH:0.374336
G1 F3600
G1 X28.126 Y60.074 E.00096
G1 X28.055 Y60.093 E.00166
G1 X28.074 Y60.022 E.00166
;WIDTH:0.407168
G1 X27.936 Y59.983 E.00356
;WIDTH:0.439999
G1 X27.799 Y59.944 E.00384
G1 X18.451 Y50.597 E.35672
G1 X18.451 Y50.024 E.01546
G1 X19.978 Y51.55 E.05825
G1 X20.056 Y51.538 E.00213
;WIDTH:0.407168
G1 X20.133 Y51.526 E.00193
;WIDTH:0.374336
G1 X20.187 Y51.759 E.00541
G1 X20.171 Y51.837 E.0018
G1 X19.795 Y50.794 F9000
;WIDTH:0.439999
G1 F3600
G1 X18.451 Y49.45 E.05129
G1 X18.451 Y44.86 E.12386
G1 X21.021 Y47.43 E.09808
G1 X20.699 Y47.74 E.01206
G1 X20.256 Y48.376 E.02092
G1 X19.976 Y49 E.01846
G1 X19.795 Y49.741 E.02058
G1 X19.777 Y50.201 E.01242
G1 X18.637 Y49.062 E.04349
G1 X18.857 Y48.733 E.01068
G1 X18.857 Y45.84 E.07807
G1 X20.44 Y47.423 E.06041
G1 X19.887 Y48.208 E.02591
G1 X19.619 Y48.796 E.01744
G1 X19.478 Y49.329 E.01488
G1 X19.003 Y48.873 E.01777
G1 X19.301 Y48.425 E.01452
;WIDTH:0.515847
G1 X19.301 Y46.911 E.04849
G1 X19.855 Y47.465 E.02509
G1 X19.58 Y47.856 E.01531
G1 X19.39 Y48.243 E.01381
G1 E-3.5
;WIPE_START
G1 F7200
G1 X19.58 Y47.856 E-.20478
G1 X19.855 Y47.465 E-.22706
G1 X19.301 Y46.911 E-.37215
G1 X19.301 Y48.376 E-.69601
;WIPE_END
G1 X21.325 Y47.16 F9000
G1 E5 F2400
;WIDTH:0.439999
G1 F3600
G1 X18.451 Y44.287 E.10966
G1 X18.451 Y43.713 E.01549
G1 X21.675 Y46.937 E.12304
G1 X22.049 Y46.737 E.01144
G1 X18.451 Y43.139 E.13731
G1 X18.451 Y42.566 E.01546
G1 X22.47 Y46.584 E.15336
G1 X22.925 Y46.465 E.01269
G1 X18.451 Y41.992 E.17072
G1 X18.451 Y41.418 E.01549
G1 X23.437 Y46.404 E.19028
G1 X24.037 Y46.43 E.01621
G1 X18.451 Y40.844 E.21317
G1 X18.451 Y40.271 E.01546
G1 X24.763 Y46.583 E.24088
G1 X24.809 Y46.675 E.00278
;WIDTH:0.407168
G1 X24.856 Y46.767 E.00256
;WIDTH:0.374336
G1 X25.05 Y46.756 E.00439
G1 E-3.5
;WIPE_START
G1 F7200
G1 X24.856 Y46.767 E-.0923
G1 X24.809 Y46.675 E-.04907
G1 X24.763 Y46.583 E-.04886
G1 X22.813 Y44.633 E-1.30977
;WIPE_END
G1 X22.049 Y53.711 F9000
G1 E5 F2400
G1 F3600
G1 X22.208 Y53.7 E.0036
G1 X22.392 Y53.761 E.00438
;WIDTH:0.407168
G1 X22.364 Y53.834 E.00194
;WIDTH:0.439999
G1 X22.336 Y53.908 E.00214
G1 X28.372 Y59.944 E.23035
G1 X28.946 Y59.944 E.01549
G1 X23.093 Y54.092 E.22334
G1 X23.703 Y54.128 E.01649
G1 X29.52 Y59.944 E.22197
G1 X30.093 Y59.944 E.01546
G1 X24.237 Y54.088 E.22348
G1 X24.705 Y53.982 E.01295
G1 X30.667 Y59.944 E.22752
G1 X31.241 Y59.944 E.01549
G1 X25.125 Y53.828 E.2334
G1 X25.515 Y53.645 E.01163
G1 X31.814 Y59.944 E.24038
G1 X32.388 Y59.944 E.01549
G1 X25.861 Y53.417 E.24909
G1 X26.185 Y53.168 E.01103
G1 X32.962 Y59.944 E.25861
G1 X33.535 Y59.944 E.01546
G1 X26.465 Y52.874 E.26981
G1 X26.731 Y52.566 E.01098
G1 X34.109 Y59.944 E.28156
G1 X34.683 Y59.944 E.01549
G1 X26.955 Y52.217 E.2949
G1 X27.158 Y51.846 E.01141
G1 X35.257 Y59.944 E.30906
G1 X35.83 Y59.944 E.01546
G1 X27.306 Y51.421 E.32528
G1 X27.432 Y50.973 E.01256
G1 X36.404 Y59.944 E.34237
G1 X36.978 Y59.944 E.01549
G1 X27.489 Y50.455 E.36212
G1 X27.464 Y49.857 E.01615
G1 X37.551 Y59.944 E.38494
G1 X38.125 Y59.944 E.01549
G1 X27.306 Y49.125 E.41288
G1 X27.219 Y48.983 E.00449
;WIDTH:0.407168
G1 X27.131 Y48.841 E.00414
;WIDTH:0.374336
G1 X27.11 Y48.929 E.00205
G1 X27.133 Y49.085 E.00357
G1 X26.801 Y48.047 F9000
;WIDTH:0.439999
G1 F3600
G1 X38.699 Y59.944 E.45404
G1 E-3.5
;WIPE_START
G1 F7200
G1 X36.466 Y57.711 E-1.5
;WIPE_END
G1 X26.536 Y47.76 F9000
G1 E5 F2400
;WIDTH:0.41002
G1 F3600
G1 X26.21 Y47.423 E.01172
;WIDTH:0.439999
G1 X25.923 Y47.168 E.01036
G1 X18.451 Y39.697 E.28513
G1 X18.451 Y39.123 E.01549
G1 X39.272 Y59.944 E.79458
G1 X39.846 Y59.944 E.01549
G1 X18.451 Y38.55 E.81646
G1 X18.451 Y37.976 E.01549
G1 X40.42 Y59.944 E.83837
G1 X40.993 Y59.944 E.01546
G1 X18.451 Y37.402 E.86025
G1 X18.451 Y36.829 E.01546
G1 X41.567 Y59.944 E.88214
G1 X42.141 Y59.944 E.01549
G1 X18.451 Y36.255 E.90405
G1 X18.451 Y35.681 E.01549
G1 X42.715 Y59.944 E.92595
G1 X43.288 Y59.944 E.01546
G1 X18.451 Y35.107 E.94784
G1 X18.451 Y34.534 E.01546
G1 X43.862 Y59.944 E.96972
G1 X44.436 Y59.944 E.01549
G1 X18.451 Y33.96 E.99163
G1 X18.451 Y33.386 E.01549
G1 X45.009 Y59.944 E1.01351
G1 X45.583 Y59.944 E.01549
G1 X18.451 Y32.813 E1.0354
G1 X18.451 Y32.239 E.01549
G1 X46.157 Y59.944 E1.05731
G1 X46.73 Y59.944 E.01546
G1 X18.451 Y31.665 E1.07919
G1 X18.451 Y31.092 E.01546
G1 X47.304 Y59.944 E1.10108
G1 X47.878 Y59.944 E.01549
G1 X18.451 Y30.518 E1.12298
G1 X18.451 Y29.944 E.01549
G1 X48.452 Y59.944 E1.14489
G1 X49.025 Y59.944 E.01546
G1 X18.451 Y29.371 E1.16675
G1 X18.451 Y28.797 E.01549
G1 X49.599 Y59.944 E1.18866
G1 X50.173 Y59.944 E.01549
G1 X18.451 Y28.223 E1.21057
G1 X18.451 Y27.649 E.01549
G1 X50.746 Y59.944 E1.23245
G1 X51.32 Y59.944 E.01549
G1 X18.451 Y27.076 E1.25434
G1 X18.451 Y26.502 E.01549
G1 X51.894 Y59.944 E1.27624
G1 X52.467 Y59.944 E.01546
G1 X18.451 Y25.928 E1.29813
G1 X18.451 Y25.355 E.01546
G1 X53.041 Y59.944 E1.32001
G1 X53.932 Y60.033 F9000
;WIDTH:0.374336
G1 F3600
G1 X53.943 Y60.074 E.00096
G1 X53.872 Y60.093 E.00166
G1 X53.891 Y60.022 E.00166
;WIDTH:0.407168
G1 X53.753 Y59.983 E.00356
;WIDTH:0.439999
G1 X53.615 Y59.944 E.00387
G1 X18.451 Y24.781 E1.34192
G1 X18.451 Y24.207 E.01549
G1 X20.112 Y25.868 E.06339
G1 X20.219 Y26.012 E.00484
;WIDTH:0.407168
G1 X20.325 Y26.155 E.00441
;WIDTH:0.374336
G1 X20.67 Y26.585 E.01247
G1 X21.194 Y27.119 E.01692
G1 X21.748 Y27.582 E.01633
;WIDTH:0.439999
G1 X22.035 Y27.79 E.00956
G1 X54.188 Y59.944 E1.22705
G1 X54.762 Y59.944 E.01549
G1 X22.873 Y28.056 E1.21694
G1 X22.745 Y27.961 E.0043
;WIDTH:0.407168
G1 X22.617 Y27.866 E.00395
;WIDTH:0.374336
G1 X22.628 Y27.907 E.00096
G1 X22.556 Y27.926 E.00168
G1 X22.575 Y27.855 E.00166
G1 X23.524 Y28.133 F9000
;WIDTH:0.439999
G1 F3600
G1 X34.686 Y39.295 E.42597
G1 X34.947 Y39.582 E.01047
;WIDTH:0.40247
G1 X35.28 Y39.916 E.01155
;WIDTH:0.439999
G1 X35.566 Y40.175 E.01041
G1 X55.336 Y59.944 E.75445
G1 E-3.5
;WIPE_START
G1 F7200
G1 X53.103 Y57.711 E-1.5
;WIPE_END
G1 X48.506 Y52.541 F9000
G1 E5 F2400
G1 F3600
G1 X36.653 Y40.688 E.45234
G1 X36.604 Y40.595 E.00284
;WIDTH:0.407168
G1 X36.555 Y40.501 E.00263
;WIDTH:0.374336
G1 X36.366 Y40.519 E.00429
G1 X37.354 Y40.815 F9000
;WIDTH:0.439999
G1 F3600
G1 X47.919 Y51.38 E.40318
G1 X48.008 Y51.503 E.0041
;WIDTH:0.407168
G1 X48.098 Y51.626 E.00378
;WIDTH:0.374336
G1 X48.079 Y51.697 E.00166
G1 X48.15 Y51.678 E.00166
G1 X48.139 Y51.637 E.00096
G1 X47.775 Y50.662 F9000
;WIDTH:0.439999
G1 F3600
G1 X37.926 Y40.814 E.37584
G1 X38.432 Y40.746 E.01378
G1 X47.778 Y50.092 E.35666
G1 X47.838 Y49.578 E.01396
G1 X38.865 Y40.605 E.34243
G1 X39.265 Y40.431 E.01177
G1 X47.948 Y49.114 E.33136
G1 X48.104 Y48.697 E.01201
G1 X39.63 Y40.223 E.32339
G1 X39.947 Y39.966 E.01101
G1 X48.29 Y48.308 E.31837
G1 X48.529 Y47.975 E.01106
G1 X40.243 Y39.689 E.31621
G1 X40.505 Y39.377 E.01099
G1 X48.777 Y47.648 E.31566
G1 X49.078 Y47.376 E.01095
G1 X40.722 Y39.02 E.31888
G1 X40.922 Y38.646 E.01144
G1 X49.39 Y47.114 E.32316
G1 X49.75 Y46.9 E.0113
G1 X41.059 Y38.21 E.33165
G1 X41.154 Y37.731 E.01318
G1 X50.132 Y46.708 E.3426
G1 X50.558 Y46.561 E.01216
G1 X41.195 Y37.198 E.35731
G1 X41.131 Y36.561 E.01728
G1 X51.027 Y46.456 E.37763
G1 E-3.5
;WIPE_START
G1 F7200
G1 X48.794 Y44.223 E-1.5
;WIPE_END
G1 X48.768 Y52.828 F9000
G1 E5 F2400
;WIDTH:0.404648
G1 F3600
G1 X49.087 Y53.151 E.01118
;WIDTH:0.439999
G1 X49.374 Y53.408 E.0104
G1 X55.91 Y59.944 E.24943
G1 X56.483 Y59.944 E.01546
G1 X50.511 Y53.972 E.22791
G1 X50.382 Y53.864 E.00454
;WIDTH:0.407168
G1 X50.254 Y53.757 E.00414
;WIDTH:0.374336
G1 X50.265 Y53.798 E.00096
G1 X50.194 Y53.817 E.00166
G1 X50.213 Y53.746 E.00166
G1 X51.229 Y54.117 F9000
;WIDTH:0.439999
G1 F3600
G1 X56.804 Y59.691 E.21274
G1 X56.804 Y59.118 E.01546
G1 X51.812 Y54.125 E.19053
G1 X52.328 Y54.068 E.01401
G1 X56.804 Y58.544 E.17081
G1 X56.804 Y57.97 E.01549
G1 X52.793 Y53.959 E.15307
G1 X53.198 Y53.791 E.01183
G1 X56.804 Y57.397 E.13761
G1 X56.804 Y56.823 E.01549
G1 X53.585 Y53.604 E.12284
G1 X53.926 Y53.371 E.01114
G1 X56.804 Y56.249 E.10983
G1 X56.804 Y55.676 E.01546
G1 X54.243 Y53.115 E.09773
G1 X54.519 Y52.816 E.01098
G1 X56.804 Y55.102 E.08722
G1 E-3.5
;WIPE_START
G1 F7200
G1 X54.571 Y52.869 E-1.5
;WIPE_END
G1 X55.32 Y49.17 F9000
G1 E5 F2400
G1 F3600
G1 X55.438 Y49.6 E.01203
G1 X55.495 Y50.368 E.02078
G1 X55.433 Y50.987 E.01679
G1 X55.153 Y51.86 E.02474
G1 X54.899 Y52.335 E.01454
G1 X54.777 Y52.501 E.00556
G1 X56.804 Y54.528 E.07735
G1 X56.804 Y50.369 E.11223
G1 X56.661 Y50.369 E.00386
G1 X55.266 Y48.975 E.05322
G1 X55.926 Y50.254 F9000
;WIDTH:0.504937
G1 F3600
G1 X56.366 Y50.679 E.01915
G1 X56.378 Y51.247 E.01778
;WIDTH:0.481628
G1 X56.398 Y52.122 E.02604
;WIDTH:0.439999
G1 X56.398 Y53.549 E.03851
G1 X55.298 Y52.449 E.04198
G1 X55.539 Y51.986 E.01409
;WIDTH:0.481628
G1 X55.829 Y51.16 E.02605
;WIDTH:0.504937
G1 X55.897 Y50.767 E.01249
G1 X55.915 Y50.457 E.00972
G1 X55.888 Y52.291 F9000
;WIDTH:0.612658
G1 F3600
G1 X55.837 Y52.342 E.00277
G1 X55.855 Y52.412 E.00278
G1 X55.925 Y52.431 E.00279
G1 X55.976 Y52.38 E.00277
G1 X55.957 Y52.31 E.00279
G1 E-3.5
;WIPE_START
G1 F7200
G1 X55.976 Y52.38 E-.03445
G1 X55.925 Y52.431 E-.03426
G1 X55.855 Y52.412 E-.03445
G1 X55.837 Y52.342 E-.03433
G1 X55.888 Y52.291 E-.03426
;WIPE_END
G1 E-1.32825 F3600
G1 X55.9 Y24.013 F9000
G1 E5 F2400
;WIDTH:0.485819
G1 F3600
G1 X55.923 Y24.339 E.00982
;WIDTH:0.519025
G1 X55.875 Y25.033 E.02243
G1 X55.707 Y25.509 E.01627
;WIDTH:0.479512
G1 X55.539 Y25.986 E.01498
;WIDTH:0.439999
G1 X55.231 Y26.565 E.0177
G1 X56.398 Y27.733 E.04455
G1 X56.398 Y26.122 E.04347
;WIDTH:0.48163
G1 X56.378 Y25.247 E.02604
;WIDTH:0.488159
G1 X56.375 Y24.282 E.02913
;WIDTH:0.485819
G1 X55.886 Y23.811 E.02039
G1 X56.036 Y25.626 F9000
;WIDTH:0.352476
G1 F3600
G1 X56.036 Y26.859 E.02609
G1 X55.681 Y26.503 E.01064
G1 X55.813 Y26.261 E.00583
G1 X55.969 Y25.818 E.00994
G1 E-3.5
;WIPE_START
G1 F7200
G1 X55.813 Y26.261 E-.22309
G1 X55.681 Y26.503 E-.13094
G1 X56.036 Y26.859 E-.23881
G1 X56.036 Y25.626 E-.58568
;WIPE_END
G1 E-.32148 F3600
G1 X34.387 Y38.309 F9000
G1 E5 F2400
;WIDTH:0.374336
G1 F3600
G1 X34.381 Y38.526 E.00491
;WIDTH:0.407168
G1 X34.293 Y38.383 E.00416
;WIDTH:0.439999
G1 X34.206 Y38.241 E.00449
G1 X24.075 Y28.11 E.38662
G1 X24.553 Y28.014 E.01316
G1 X34.079 Y37.54 E.36353
G1 X34.078 Y36.966 E.01549
G1 X24.993 Y27.881 E.3467
G1 X25.39 Y27.704 E.01173
G1 X34.16 Y36.474 E.33468
G1 X34.279 Y36.019 E.01269
G1 X25.748 Y27.488 E.32556
G1 X26.081 Y27.248 E.01108
G1 X34.468 Y35.635 E.32007
G1 X34.677 Y35.269 E.01137
G1 X26.378 Y26.97 E.31671
G1 X26.649 Y26.668 E.01095
G1 X34.925 Y34.944 E.31583
G1 X35.211 Y34.657 E.01093
G1 X26.895 Y26.341 E.31736
G1 X27.097 Y25.968 E.01145
G1 X35.514 Y34.386 E.32123
G1 X35.875 Y34.173 E.01131
G1 X27.267 Y25.565 E.3285
G1 X27.397 Y25.121 E.01248
G1 X36.255 Y33.98 E.33806
G1 X36.682 Y33.833 E.01219
G1 X27.471 Y24.621 E.35153
G1 X27.487 Y24.064 E.01504
G1 X37.167 Y33.743 E.36939
G1 X37.702 Y33.705 E.01447
G1 X27.392 Y23.396 E.39343
G1 X27.306 Y23.253 E.0045
;WIDTH:0.407168
G1 X27.219 Y23.111 E.00413
;WIDTH:0.374336
G1 X27.205 Y23.305 E.0044
G1 X27.042 Y22.472 F9000
;WIDTH:0.439999
G1 F3600
G1 X38.349 Y33.778 E.43148
G1 X38.487 Y33.845 E.00414
;WIDTH:0.407168
G1 X38.624 Y33.912 E.00378
;WIDTH:0.374336
G1 X38.605 Y33.983 E.00166
G1 X38.677 Y33.964 E.00168
G1 X38.666 Y33.923 E.00096
G1 E-3.5
;WIPE_START
G1 F7200
G1 X38.677 Y33.964 E-.02016
G1 X38.605 Y33.983 E-.03537
G1 X38.624 Y33.912 E-.03491
G1 X38.487 Y33.845 E-.07244
G1 X38.349 Y33.778 E-.07287
G1 X36.467 Y31.896 E-1.26425
;WIPE_END
G1 X20.033 Y25.281 F9000
G1 E5 F2400
G1 F3600
G1 X20.044 Y25.322 E.00096
G1 X19.973 Y25.341 E.00166
G1 X19.992 Y25.27 E.00166
;WIDTH:0.407168
G1 X19.917 Y25.147 E.00357
;WIDTH:0.439999
G1 X19.842 Y25.024 E.00389
G1 X18.451 Y23.634 E.05306
G1 X18.451 Y18.591 E.13608
G1 X19.8 Y18.58 E.0364
G1 X20.261 Y18.433 E.01306
G1 X20.561 Y18.213 E.01004
G1 X20.778 Y17.929 E.00964
G1 X23.273 Y20.424 E.09521
G1 X22.752 Y20.496 E.01419
G1 X22.018 Y20.746 E.02092
G1 X21.346 Y21.14 E.02102
G1 X20.861 Y21.564 E.01738
G1 X20.391 Y22.151 E.02029
G1 X19.976 Y23 E.0255
G1 X19.79 Y23.783 E.02172
G1 X19.771 Y24.38 E.01612
G1 X18.637 Y23.245 E.0433
G1 X18.857 Y22.916 E.01068
G1 X18.857 Y18.993 E.10586
G1 X19.882 Y18.98 E.02766
G1 X20.393 Y18.817 E.01447
G1 X20.809 Y18.534 E.01358
G1 X22.446 Y20.171 E.06247
G1 X21.815 Y20.395 E.01807
G1 X21.08 Y20.833 E.02309
G1 X20.546 Y21.308 E.01929
G1 X20.027 Y21.971 E.02272
G1 X19.581 Y22.905 E.02793
G1 X19.442 Y23.477 E.01588
G1 X19.004 Y23.057 E.01638
G1 X19.263 Y22.598 E.01422
G1 X19.263 Y19.396 E.08641
G1 X19.938 Y19.382 E.01822
G1 X20.419 Y19.237 E.01356
G1 X20.77 Y19.068 E.01051
G1 X21.704 Y20.002 E.03564
G1 X20.814 Y20.527 E.02788
G1 X20.231 Y21.052 E.02117
G1 X19.664 Y21.791 E.02514
G1 X19.353 Y22.417 E.01886
G1 X19.668 Y21.102 F9000
G1 F3600
G1 X19.668 Y19.798 E.03519
G1 X19.994 Y19.784 E.00881
G1 X20.693 Y19.564 E.01977
G1 X21.036 Y19.908 E.01311
G1 X20.554 Y20.216 E.01544
G1 X20.089 Y20.619 E.0166
G1 X19.802 Y20.949 E.0118
G1 E-3.5
;WIPE_START
G1 F7200
G1 X20.089 Y20.619 E-.20774
G1 X20.554 Y20.216 E-.29228
G1 X21.036 Y19.908 E-.2717
G1 X20.693 Y19.564 E-.23075
G1 X19.994 Y19.784 E-.34808
G1 X19.68 Y19.798 E-.14945
;WIPE_END
G1 X20.93 Y17.507 F9000
G1 E5 F2400
G1 F3600
G1 X23.842 Y20.419 E.11113
G1 X24.499 Y20.502 E.01787
G1 X20.88 Y16.867 E.13841
;WIDTH:0.407168
G1 X20.808 Y16.78 E.0028
;WIDTH:0.374336
G1 X20.819 Y16.822 E.00098
G1 X20.748 Y16.841 E.00166
G1 X20.767 Y16.769 E.00168
;WIDTH:0.439999
G1 X20.951 Y16.381 E.01159
G1 X25.417 Y20.847 E.17043
G1 X25.561 Y20.956 E.00487
;WIDTH:0.407168
G1 X25.704 Y21.065 E.00446
;WIDTH:0.374336
G1 X26.354 Y21.653 E.01982
G1 X26.822 Y22.185 E.01603
G1 E-3.5
;WIPE_START
G1 F7200
G1 X26.354 Y21.653 E-.33656
G1 X25.704 Y21.065 E-.41634
G1 X25.561 Y20.956 E-.08541
G1 X25.417 Y20.847 E-.08579
G1 X24.56 Y19.99 E-.5759
;WIPE_END
G1 X21.152 Y16.116 F9000
G1 E5 F2400
G1 F3600
G1 X21.133 Y16.187 E.00166
G1 X21.081 Y16.135 E.00166
G1 X21.111 Y16.105 E.00096
G1 X20.822 Y16.129 E.00656
;WIDTH:0.439999
G1 X21.409 Y16.265 E.01626
G1 X39.245 Y34.101 E.68066
G1 X39.389 Y34.206 E.00481
;WIDTH:0.407168
G1 X39.532 Y34.31 E.00439
;WIDTH:0.374336
G1 X40.062 Y34.784 E.01608
G1 X40.583 Y35.366 E.01767
;WIDTH:0.439999
G1 X40.797 Y35.653 E.00966
G1 X51.545 Y46.401 E.41017
G1 X51.683 Y46.446 E.00392
;WIDTH:0.407168
G1 X51.821 Y46.49 E.00359
;WIDTH:0.374336
G1 X51.802 Y46.561 E.00166
G1 X51.873 Y46.542 E.00166
G1 X51.862 Y46.501 E.00096
;WIDTH:0.439999
G1 X52.154 Y46.436 E.00807
G1 X21.983 Y16.265 E1.15139
G1 X22.556 Y16.265 E.01546
G1 X52.909 Y46.618 E1.15834
G1 X52.805 Y46.673 E.00317
;WIDTH:0.407168
G1 X52.701 Y46.728 E.00292
;WIDTH:0.374336
G1 X53.038 Y46.822 E.00791
G1 X53.196 Y46.811 E.00358
G1 E-3.5
;WIPE_START
G1 F7200
G1 X53.038 Y46.822 E-.07523
G1 X52.701 Y46.728 E-.16619
G1 X52.805 Y46.673 E-.05588
G1 X52.909 Y46.618 E-.05588
G1 X51.202 Y44.911 E-1.14682
;WIPE_END
G1 X56.804 Y49.939 F9000
G1 E5 F2400
;WIDTH:0.439999
G1 F3600
G1 X23.13 Y16.265 E1.28508
G1 X23.704 Y16.265 E.01549
G1 X56.804 Y49.365 E1.26317
G1 X56.804 Y48.791 E.01549
G1 X24.278 Y16.265 E1.24127
G1 X24.851 Y16.265 E.01546
G1 X56.804 Y48.218 E1.2194
G1 X56.804 Y47.644 E.01549
G1 X25.425 Y16.265 E1.19749
G1 X25.999 Y16.265 E.01549
G1 X56.804 Y47.07 E1.17559
G1 X56.804 Y46.496 E.01549
G1 X26.572 Y16.265 E1.1537
G1 X27.146 Y16.265 E.01549
G1 X56.804 Y45.923 E1.13182
G1 X56.804 Y45.349 E.01549
G1 X27.72 Y16.265 E1.10991
G1 X28.293 Y16.265 E.01546
G1 X56.804 Y44.775 E1.08803
G1 X56.804 Y44.202 E.01546
G1 X28.867 Y16.265 E1.06614
G1 X29.441 Y16.265 E.01549
G1 X56.804 Y43.628 E1.04423
G1 X56.804 Y43.054 E.01549
G1 X30.015 Y16.265 E1.02233
G1 X30.588 Y16.265 E.01546
G1 X56.804 Y42.481 E1.00046
G1 X56.804 Y41.907 E.01549
G1 X31.162 Y16.265 E.97856
G1 X31.736 Y16.265 E.01549
G1 X56.804 Y41.333 E.95665
G1 X56.804 Y40.76 E.01546
G1 X32.309 Y16.265 E.93479
G1 X32.883 Y16.265 E.01549
G1 X56.804 Y40.186 E.91288
G1 X56.804 Y39.612 E.01549
G1 X33.457 Y16.265 E.89097
G1 X34.03 Y16.265 E.01546
G1 X56.804 Y39.038 E.86909
G1 X56.804 Y38.465 E.01546
G1 X34.604 Y16.265 E.8472
G1 X35.178 Y16.265 E.01549
G1 X56.804 Y37.891 E.8253
G1 X56.804 Y37.317 E.01549
G1 X35.751 Y16.265 E.80341
G1 X36.325 Y16.265 E.01549
G1 X56.804 Y36.744 E.78153
G1 X56.804 Y36.17 E.01549
G1 X36.899 Y16.265 E.75962
G1 X37.473 Y16.265 E.01549
G1 X56.804 Y35.596 E.73772
G1 X56.912 Y34.695 F9000
;WIDTH:0.374336
G1 F3600
G1 X56.893 Y34.766 E.00166
G1 X56.964 Y34.747 E.00166
G1 X56.953 Y34.706 E.00096
;WIDTH:0.407168
G1 X56.878 Y34.864 E.00434
;WIDTH:0.439999
G1 X56.804 Y35.023 E.00473
G1 X38.046 Y16.265 E.71585
G1 X38.62 Y16.265 E.01549
G1 X48.042 Y25.687 E.35957
G1 X48.133 Y25.81 E.00413
;WIDTH:0.407168
G1 X48.224 Y25.933 E.00379
;WIDTH:0.374336
G1 X48.205 Y26.004 E.00166
G1 X48.276 Y25.985 E.00166
G1 X48.265 Y25.944 E.00096
G1 X48.008 Y25.153 F9000
G1 F3600
G1 X48.019 Y25.194 E.00096
G1 X47.948 Y25.213 E.00166
G1 X47.967 Y25.142 E.00166
;WIDTH:0.407168
G1 X47.896 Y25.019 E.00352
;WIDTH:0.439999
G1 X47.825 Y24.897 E.00381
G1 X39.194 Y16.265 E.3294
G1 X39.767 Y16.265 E.01546
G1 X47.774 Y24.271 E.30555
G1 X47.803 Y23.727 E.0147
G1 X40.341 Y16.265 E.28477
G1 X40.915 Y16.265 E.01549
G1 X47.912 Y23.262 E.26702
G1 X48.045 Y22.821 E.01243
G1 X41.488 Y16.265 E.25021
G1 X42.062 Y16.265 E.01549
G1 X48.228 Y22.431 E.23531
G1 X48.446 Y22.075 E.01126
G1 X42.636 Y16.265 E.22172
G1 X43.209 Y16.265 E.01546
G1 X48.693 Y21.748 E.20926
G1 X48.977 Y21.458 E.01095
G1 X43.783 Y16.265 E.1982
G1 X44.357 Y16.265 E.01549
G1 X49.283 Y21.19 E.18797
G1 X49.629 Y20.964 E.01115
G1 X44.931 Y16.265 E.17931
G1 X45.504 Y16.265 E.01546
G1 X49.999 Y20.76 E.17154
G1 X50.415 Y20.602 E.01201
G1 X46.078 Y16.265 E.16551
G1 X46.652 Y16.265 E.01549
G1 X50.861 Y20.474 E.16063
G1 X51.37 Y20.409 E.01385
G1 X47.225 Y16.265 E.15816
G1 X47.799 Y16.265 E.01549
G1 X51.958 Y20.424 E.15872
G1 X52.95 Y20.723 F9000
;WIDTH:0.374336
G1 F3600
G1 X52.765 Y20.742 E.00421
;WIDTH:0.407168
G1 X52.714 Y20.648 E.00265
;WIDTH:0.439999
G1 X52.663 Y20.555 E.00286
G1 X48.373 Y16.265 E.16372
G1 X48.946 Y16.265 E.01546
G1 X53.659 Y20.978 E.17986
G1 E-3.5
;WIPE_START
G1 F7200
G1 X51.426 Y18.745 E-1.5
;WIPE_END
G1 X49.91 Y27.624 F9000
G1 E5 F2400
;WIDTH:0.374336
G1 F3600
G1 X49.891 Y27.695 E.00166
G1 X49.962 Y27.676 E.00166
G1 X49.951 Y27.635 E.00096
;WIDTH:0.407168
G1 X50.08 Y27.744 E.00419
;WIDTH:0.439999
G1 X50.208 Y27.853 E.00454
G1 X56.804 Y34.449 E.25172
G1 X56.804 Y33.875 E.01549
G1 X51 Y28.071 E.22149
G1 X50.872 Y27.981 E.00422
;WIDTH:0.407168
G1 X50.743 Y27.891 E.0039
;WIDTH:0.374336
G1 X50.754 Y27.932 E.00096
G1 X50.683 Y27.951 E.00166
G1 X50.702 Y27.88 E.00166
G1 X51.629 Y28.127 F9000
;WIDTH:0.439999
G1 F3600
G1 X56.804 Y33.302 E.19749
G1 X56.804 Y32.728 E.01549
G1 X52.174 Y28.098 E.17669
G1 X52.646 Y27.996 E.01303
G1 X56.804 Y32.154 E.15868
G1 X56.804 Y31.58 E.01549
G1 X53.075 Y27.851 E.14231
G1 X53.469 Y27.671 E.01169
G1 X56.804 Y31.007 E.12729
G1 X56.804 Y30.433 E.01549
G1 X53.819 Y27.448 E.11391
G1 X54.147 Y27.202 E.01106
G1 X56.804 Y29.859 E.1014
G1 X57.007 Y29.411 E.01327
;WIDTH:0.374336
G1 X57.018 Y29.452 E.00096
G1 X56.947 Y29.471 E.00166
G1 X56.966 Y29.4 E.00166
;WIDTH:0.407168
G1 X56.885 Y29.343 E.00246
;WIDTH:0.439999
G1 X56.804 Y29.286 E.00267
G1 X54.432 Y26.914 E.09052
G1 E-3.5
;WIPE_START
G1 F7200
G1 X56.665 Y29.147 E-1.5
;WIPE_END
G1 X54.99 Y22.389 F9000
G1 E5 F2400
G1 F3600
G1 X55.23 Y22.859 E.01424
G1 X55.438 Y23.6 E.02077
G1 X55.495 Y24.368 E.02078
G1 X55.433 Y24.987 E.01679
G1 X55.153 Y25.86 E.02474
G1 X54.899 Y26.335 E.01454
G1 X54.694 Y26.602 E.00908
G1 X56.804 Y28.712 E.08052
G1 X56.804 Y23.979 E.12772
G1 X56.661 Y23.979 E.00386
G1 X54.897 Y22.209 E.06743
;WIDTH:0.424697
G1 X54.88 Y22.186 E.00074
;WIDTH:0.423522
G1 X54.873 Y22.178 E.00028
;WIDTH:0.421956
G1 X54.365 Y21.609 E.01967
;WIDTH:0.385248
G1 X53.946 Y21.226 E.01325
G1 E-3.5
;WIPE_START
G1 F7200
G1 X54.365 Y21.609 E-.26964
G1 X54.873 Y22.178 E-.36232
G1 X54.88 Y22.186 E-.00505
G1 X54.897 Y22.209 E-.01359
G1 X56.159 Y23.476 E-.8494
;WIPE_END
G1 X56.804 Y23.549 F9000
G1 E5 F2400
;WIDTH:0.439999
G1 F3600
G1 X49.52 Y16.265 E.27797
G1 X50.094 Y16.265 E.01549
G1 X56.804 Y22.975 E.25607
G1 X56.804 Y22.401 E.01549
G1 X50.668 Y16.265 E.23416
G1 X51.241 Y16.265 E.01546
G1 X56.804 Y21.828 E.2123
G1 X56.804 Y21.254 E.01549
G1 X51.815 Y16.265 E.19039
G1 X52.389 Y16.265 E.01549
G1 X56.804 Y20.68 E.16849
G1 X56.878 Y20.522 E.00471
;WIDTH:0.407168
G1 X56.953 Y20.363 E.00436
;WIDTH:0.374336
G1 X56.964 Y20.404 E.00096
G1 X56.893 Y20.423 E.00166
G1 X56.912 Y20.352 E.00166
G1 E-3.5
;WIPE_START
G1 F7200
G1 X56.893 Y20.423 E-.03491
G1 X56.964 Y20.404 E-.03491
G1 X56.953 Y20.363 E-.02016
G1 X56.878 Y20.522 E-.08351
G1 X56.804 Y20.68 E-.08287
G1 X54.952 Y18.829 E-1.24364
;WIPE_END
G1 X54.369 Y17.671 F9000
G1 E5 F2400
;WIDTH:0.439999
G1 F3600
G1 X52.962 Y16.265 E.05368
G1 X53.369 Y16.051 E.01241
;WIDTH:0.374336
G1 X53.35 Y16.122 E.00166
G1 X53.421 Y16.103 E.00166
G1 X53.41 Y16.062 E.00096
;WIDTH:0.407168
G1 X53.473 Y16.163 E.00295
;WIDTH:0.439999
G1 X53.536 Y16.265 E.00324
G1 X54.304 Y17.033 E.02931
G1 X54.293 Y16.276 E.02043
;WIDTH:0.55383
G1 X54.31 Y16.339 E.00225
G1 X54.264 Y16.384 E.00222
G1 X54.201 Y16.368 E.00225
G1 X54.184 Y16.305 E.00225
G1 X54.23 Y16.259 E.00225
G1 X54.572 Y17.958 F9000
;WIDTH:0.374336
G1 F3600
G1 X54.945 Y18.33 E.01191
;WIDTH:0.407168
G1 X55.088 Y18.432 E.00436
;WIDTH:0.439999
G1 X55.232 Y18.534 E.00476
G1 X56.804 Y20.107 E.06001
G1 X57.007 Y19.659 E.01327
;WIDTH:0.374336
G1 X57.018 Y19.7 E.00096
G1 X56.947 Y19.719 E.00166
G1 X56.966 Y19.648 E.00166
;WIDTH:0.407168
G1 X56.885 Y19.59 E.00247
;WIDTH:0.439999
G1 X56.804 Y19.533 E.00267
G1 X55.855 Y18.584 E.03622
G1 X56.676 Y18.623 F9000
;WIDTH:0.65621
G1 F3600
G1 X56.621 Y18.678 E.00322
G1 X56.641 Y18.753 E.00321
G1 X56.716 Y18.773 E.00321
G1 X56.771 Y18.718 E.00322
G1 X56.751 Y18.643 E.00321
G1 E-3.5
;WIPE_START
G1 F7200
G1 X56.771 Y18.718 E-.03687
G1 X56.716 Y18.773 E-.03695
G1 X56.641 Y18.753 E-.03687
G1 X56.621 Y18.678 E-.03687
G1 X56.676 Y18.623 E-.03695
;WIPE_END
G1 E-1.31549 F3600
G1 X52.09 Y15.859 F9000
G1 E5 F2400
;TYPE:Internal infill
;WIDTH:0.44
G1 F3600
G1 X53.965 Y15.859 E.0506
G1 X53.698 Y15.592 E.01019
G1 X52.155 Y15.592 E.04164
G1 X51.887 Y15.859 E.01021
G1 X46.316 Y15.859 E.15033
G1 X46.048 Y15.592 E.01021
G1 X44.505 Y15.592 E.04164
G1 X44.238 Y15.859 E.01019
G1 X38.667 Y15.859 E.15033
G1 X38.399 Y15.592 E.01021
G1 X36.856 Y15.592 E.04164
G1 X36.589 Y15.859 E.01019
G1 X31.017 Y15.859 E.15036
G1 X30.75 Y15.592 E.01019
G1 X29.207 Y15.592 E.04164
G1 X28.94 Y15.859 E.01019
G1 X23.368 Y15.859 E.15036
G1 X23.101 Y15.592 E.01019
G1 X21.558 Y15.592 E.04164
G1 X21.29 Y15.859 E.01021
G1 X23.165 Y15.859 E.0506
;LAYER_CHANGE
;Z:4.52
;HEIGHT:0.16
;BEFORE_LAYER_CHANGE
G92 E0
;4.52


G1 E-3.5 F3600
;WIPE_START
G1 F7200
G1 X21.29 Y15.859 E-.89063
G1 X21.558 Y15.592 E-.17969
G1 X22.462 Y15.592 E-.42968
;WIPE_END
G1 Z4.52 F9000
;AFTER_LAYER_CHANGE
;4.52
G1 X35.869 Y34.544
G1 E5 F2400
;TYPE:Perimeter
;WIDTH:0.439999
G1 F1800
G1 X36.198 Y34.34 E.01045
G1 X36.807 Y34.115 E.01752
G1 X37.448 Y34.015 E.01751
G1 X37.987 Y34.036 E.01456
G1 X38.291 Y34.078 E.00828
G1 X38.807 Y34.227 E.01449
G1 X39.311 Y34.479 E.01521
G1 X39.813 Y34.854 E.01691
G1 X40.263 Y35.352 E.01811
G1 X40.59 Y35.912 E.0175
G1 X40.8 Y36.526 E.01751
G1 X40.884 Y37.169 E.0175
G1 X40.839 Y37.816 E.0175
G1 X40.667 Y38.442 E.01752
G1 X40.374 Y39.021 E.01751
G1 X39.972 Y39.53 E.0175
G1 X39.574 Y39.873 E.01418
G1 X39.234 Y40.097 E.01099
G1 X38.725 Y40.336 E.01517
G1 X38.19 Y40.481 E.01496
G1 X37.684 Y40.529 E.01372
G1 X37.16 Y40.492 E.01418
G1 X36.53 Y40.336 E.01751
G1 X35.92 Y40.045 E.01824
G1 X35.425 Y39.668 E.01679
G1 X34.993 Y39.184 E.01751
G1 X34.665 Y38.624 E.01751
G1 X34.455 Y38.01 E.01751
G1 X34.372 Y37.382 E.01709
G1 X34.394 Y36.859 E.01413
G1 X34.534 Y36.247 E.01694
G1 X34.797 Y35.654 E.01751
G1 X35.134 Y35.177 E.01576
G1 X35.646 Y34.682 E.01922
G1 X35.818 Y34.576 E.00545
G1 X36.087 Y34.882 F9000
G1 F1800
G1 X36.401 Y34.692 E.0099
G1 X36.936 Y34.5 E.01534
G1 X37.498 Y34.418 E.01533
G1 X38.065 Y34.448 E.01532
G1 X38.615 Y34.591 E.01534
G1 X39.126 Y34.84 E.01534
G1 X39.56 Y35.171 E.01473
G1 X39.952 Y35.613 E.01594
G1 X40.234 Y36.106 E.01533
G1 X40.412 Y36.645 E.01532
G1 X40.481 Y37.209 E.01533
G1 X40.436 Y37.776 E.01535
G1 X40.279 Y38.322 E.01533
G1 X40.018 Y38.827 E.01534
G1 X39.662 Y39.269 E.01531
G1 X39.225 Y39.633 E.01535
G1 X38.724 Y39.902 E.01534
G1 X38.181 Y40.067 E.01531
G1 X37.684 Y40.123 E.0135
G1 X37.176 Y40.086 E.01374
G1 X36.64 Y39.945 E.01496
G1 X36.101 Y39.681 E.0162
G1 X35.678 Y39.351 E.01448
G1 X35.304 Y38.924 E.01532
G1 X35.022 Y38.43 E.01535
G1 X34.843 Y37.891 E.01533
G1 X34.775 Y37.341 E.01495
G1 X34.805 Y36.838 E.0136
G1 X34.927 Y36.347 E.01365
G1 X35.163 Y35.83 E.01534
G1 X35.458 Y35.422 E.01359
G1 X35.915 Y34.986 E.01704
G1 X36.035 Y34.913 E.00379
G1 X36.298 Y35.209 F9000
;TYPE:External perimeter
;WIDTH:0.419999
G1 F1800
G1 X36.735 Y34.984 E.01261
G1 X37.218 Y34.851 E.01285
G1 X37.586 Y34.809 E.0095
G1 X38.074 Y34.85 E.01256
G1 X38.544 Y34.986 E.01255
G1 X38.978 Y35.213 E.01257
G1 X39.358 Y35.521 E.01255
G1 X39.689 Y35.933 E.01356
G1 X39.932 Y36.432 E.01424
G1 X40.042 Y36.8 E.00985
G1 X40.087 Y37.287 E.01255
G1 X40.034 Y37.774 E.01257
G1 X39.886 Y38.241 E.01257
G1 X39.649 Y38.669 E.01255
G1 X39.331 Y39.042 E.01257
G1 X38.869 Y39.384 E.01475
G1 X38.353 Y39.608 E.01443
G1 X38.041 Y39.693 E.0083
G1 X37.67 Y39.727 E.00956
G1 X37.182 Y39.686 E.01256
G1 X36.719 Y39.554 E.01235
G1 X36.277 Y39.323 E.01279
G1 X35.897 Y39.015 E.01255
G1 X35.585 Y38.637 E.01257
G1 X35.354 Y38.206 E.01255
G1 X35.214 Y37.737 E.01256
G1 X35.168 Y37.267 E.01212
G1 X35.199 Y36.882 E.00991
G1 X35.323 Y36.409 E.01254
G1 X35.539 Y35.969 E.01257
G1 X35.838 Y35.581 E.01257
G1 X36.249 Y35.243 E.01365
G1 E-3.5 F3600
;WIPE_START
G1 F7200
G1 X36.298 Y35.209 E-.02833
G1 X36.735 Y34.984 E-.23347
G1 X37.218 Y34.851 E-.23796
G1 X37.586 Y34.809 E-.17593
G1 X38.074 Y34.85 E-.23262
G1 X38.544 Y34.986 E-.23241
G1 X38.978 Y35.213 E-.23265
G1 X39.185 Y35.381 E-.12663
;WIPE_END
G1 X25.977 Y47.606 F9000
G1 E5 F2400
;TYPE:Perimeter
;WIDTH:0.439999
G1 F1800
G1 X26.04 Y47.653 E.00212
G1 X26.51 Y48.183 E.01912
G1 X26.866 Y48.795 E.01911
G1 X27.094 Y49.466 E.01912
G1 X27.184 Y50.169 E.01913
G1 X27.133 Y50.876 E.01913
G1 X26.943 Y51.558 E.0191
G1 X26.622 Y52.19 E.01913
G1 X26.072 Y52.851 E.0232
G1 X25.492 Y53.299 E.01978
G1 X24.854 Y53.608 E.01913
G1 X24.168 Y53.785 E.01912
G1 X23.461 Y53.822 E.0191
G1 X22.76 Y53.718 E.01912
G1 X22.093 Y53.478 E.01913
G1 X21.488 Y53.11 E.01911
G1 X20.967 Y52.63 E.01912
G1 X20.552 Y52.056 E.01911
G1 X20.258 Y51.411 E.01913
G1 X20.099 Y50.721 E.01911
G1 X20.079 Y50.012 E.01914
G1 X20.2 Y49.314 E.01912
G1 X20.457 Y48.654 E.01911
G1 X20.951 Y47.929 E.02367
G1 X21.473 Y47.437 E.01936
G1 X22.075 Y47.067 E.01907
G1 X22.74 Y46.823 E.01911
G1 X23.44 Y46.715 E.01911
G1 X24.148 Y46.748 E.01913
G1 X24.835 Y46.921 E.01912
G1 X25.474 Y47.227 E.01912
G1 X25.929 Y47.569 E.01536
G1 X25.709 Y47.91 F9000
G1 F1800
G1 X25.787 Y47.97 E.00266
G1 X26.2 Y48.444 E.01696
G1 X26.51 Y48.989 E.01692
G1 X26.706 Y49.586 E.01696
G1 X26.78 Y50.209 E.01693
G1 X26.73 Y50.835 E.01695
G1 X26.556 Y51.439 E.01696
G1 X26.266 Y51.996 E.01695
G1 X25.768 Y52.582 E.02075
G1 X25.255 Y52.969 E.01734
G1 X24.687 Y53.238 E.01696
G1 X24.078 Y53.389 E.01693
G1 X23.451 Y53.416 E.01694
G1 X22.83 Y53.319 E.01696
G1 X22.242 Y53.1 E.01693
G1 X21.708 Y52.77 E.01694
G1 X21.25 Y52.339 E.01697
G1 X20.887 Y51.827 E.01694
G1 X20.632 Y51.253 E.01695
G1 X20.496 Y50.64 E.01694
G1 X20.485 Y50.012 E.01695
G1 X20.598 Y49.395 E.01693
G1 X20.831 Y48.812 E.01694
G1 X21.279 Y48.166 E.02121
G1 X21.74 Y47.742 E.0169
G1 X22.278 Y47.418 E.01695
G1 X22.869 Y47.207 E.01693
G1 X23.491 Y47.118 E.01696
G1 X24.117 Y47.153 E.01692
G1 X24.725 Y47.312 E.01696
G1 X25.289 Y47.588 E.01694
G1 X25.661 Y47.873 E.01265
G1 X25.447 Y48.206 F9000
;TYPE:External perimeter
;WIDTH:0.419999
G1 F1800
G1 X25.54 Y48.28 E.00305
G1 X25.897 Y48.698 E.0141
G1 X26.163 Y49.179 E.0141
G1 X26.328 Y49.703 E.01409
G1 X26.387 Y50.249 E.01409
G1 X26.336 Y50.796 E.01409
G1 X26.178 Y51.322 E.01409
G1 X25.918 Y51.807 E.01412
G1 X25.471 Y52.32 E.01746
G1 X25.024 Y52.648 E.01422
G1 X24.525 Y52.877 E.01409
G1 X23.99 Y53.003 E.0141
G1 X23.441 Y53.021 E.01409
G1 X22.899 Y52.929 E.0141
G1 X22.386 Y52.732 E.0141
G1 X21.922 Y52.437 E.01411
G1 X21.526 Y52.056 E.0141
G1 X21.214 Y51.604 E.01409
G1 X20.997 Y51.1 E.01408
G1 X20.884 Y50.562 E.0141
G1 X20.88 Y50.012 E.01411
G1 X20.986 Y49.473 E.01409
G1 X21.195 Y48.965 E.01409
G1 X21.6 Y48.398 E.01788
G1 X22.002 Y48.039 E.01383
G1 X22.475 Y47.761 E.01408
G1 X22.995 Y47.582 E.01411
G1 X23.54 Y47.51 E.0141
G1 X24.088 Y47.548 E.01409
G1 X24.618 Y47.693 E.0141
G1 X25.108 Y47.94 E.01408
G1 X25.4 Y48.169 E.00952
G1 E-3.5 F3600
;WIPE_START
G1 F7200
G1 X25.447 Y48.206 E-.02841
G1 X25.54 Y48.28 E-.05645
G1 X25.897 Y48.698 E-.26111
G1 X26.163 Y49.179 E-.26108
G1 X26.328 Y49.703 E-.26095
G1 X26.387 Y50.249 E-.26086
G1 X26.336 Y50.796 E-.26095
G1 X26.269 Y51.018 E-.11019
;WIPE_END
G1 X48.096 Y49.914 F9000
G1 E5 F2400
;TYPE:Perimeter
;WIDTH:0.439999
G1 F1800
G1 X48.2 Y49.314 E.01643
G1 X48.457 Y48.654 E.01911
G1 X48.76 Y48.191 E.01493
G1 X49.095 Y47.768 E.01456
G1 X49.473 Y47.437 E.01356
G1 X50.075 Y47.067 E.01907
G1 X50.74 Y46.823 E.01911
G1 X51.44 Y46.715 E.01911
G1 X52.148 Y46.748 E.01913
G1 X52.835 Y46.921 E.01912
G1 X53.474 Y47.227 E.01912
G1 X54.04 Y47.653 E.01912
G1 X54.51 Y48.183 E.01912
G1 X54.866 Y48.795 E.01911
G1 X55.094 Y49.466 E.01912
G1 X55.184 Y50.169 E.01913
G1 X55.133 Y50.876 E.01913
G1 X54.943 Y51.558 E.0191
G1 X54.622 Y52.19 E.01913
G1 X54.072 Y52.851 E.0232
G1 X53.492 Y53.299 E.01978
G1 X52.854 Y53.608 E.01913
G1 X52.168 Y53.785 E.01912
G1 X51.461 Y53.822 E.0191
G1 X50.76 Y53.718 E.01912
G1 X50.093 Y53.478 E.01913
G1 X49.488 Y53.11 E.01911
G1 X48.967 Y52.63 E.01912
G1 X48.552 Y52.056 E.01911
G1 X48.258 Y51.411 E.01913
G1 X48.099 Y50.721 E.01911
G1 X48.079 Y50.012 E.01914
G1 X48.086 Y49.974 E.00104
G1 X48.495 Y49.954 F9000
G1 F1800
G1 X48.598 Y49.395 E.01534
G1 X48.831 Y48.812 E.01694
G1 X49.279 Y48.166 E.02121
G1 X49.74 Y47.742 E.0169
G1 X50.278 Y47.418 E.01695
G1 X50.869 Y47.207 E.01693
G1 X51.491 Y47.118 E.01696
G1 X52.117 Y47.153 E.01692
G1 X52.725 Y47.312 E.01696
G1 X53.289 Y47.588 E.01694
G1 X53.787 Y47.97 E.01694
G1 X54.2 Y48.444 E.01696
G1 X54.51 Y48.989 E.01692
G1 X54.706 Y49.586 E.01696
G1 X54.78 Y50.209 E.01693
G1 X54.73 Y50.835 E.01695
G1 X54.556 Y51.439 E.01696
G1 X54.266 Y51.996 E.01695
G1 X53.768 Y52.582 E.02075
G1 X53.255 Y52.969 E.01734
G1 X52.687 Y53.238 E.01696
G1 X52.078 Y53.389 E.01693
G1 X51.451 Y53.416 E.01694
G1 X50.83 Y53.319 E.01696
G1 X50.242 Y53.1 E.01693
G1 X49.708 Y52.77 E.01694
G1 X49.25 Y52.34 E.01695
G1 X48.887 Y51.827 E.01696
G1 X48.632 Y51.253 E.01695
G1 X48.496 Y50.64 E.01694
G1 X48.485 Y50.013 E.01692
G1 X48.884 Y49.993 F9000
;TYPE:External perimeter
;WIDTH:0.419999
G1 F1800
G1 X48.986 Y49.473 E.01359
G1 X49.195 Y48.965 E.01409
G1 X49.6 Y48.398 E.01788
G1 X50.002 Y48.039 E.01383
G1 X50.475 Y47.761 E.01408
G1 X50.995 Y47.582 E.01411
G1 X51.54 Y47.51 E.0141
G1 X52.088 Y47.548 E.01409
G1 X52.618 Y47.693 E.0141
G1 X53.108 Y47.94 E.01408
G1 X53.54 Y48.28 E.0141
G1 X53.897 Y48.698 E.0141
G1 X54.163 Y49.179 E.0141
G1 X54.328 Y49.703 E.01409
G1 X54.387 Y50.249 E.01409
G1 X54.336 Y50.796 E.01409
G1 X54.178 Y51.322 E.01409
G1 X53.918 Y51.807 E.01412
G1 X53.471 Y52.32 E.01746
G1 X53.024 Y52.648 E.01422
G1 X52.525 Y52.877 E.01409
G1 X51.99 Y53.003 E.0141
G1 X51.441 Y53.021 E.01409
G1 X50.899 Y52.929 E.0141
G1 X50.386 Y52.732 E.0141
G1 X49.922 Y52.437 E.01411
G1 X49.526 Y52.056 E.0141
G1 X49.214 Y51.604 E.01409
G1 X48.997 Y51.1 E.01408
G1 X48.884 Y50.562 E.0141
G1 X48.881 Y50.053 E.01306
G1 E-3.5 F3600
;WIPE_START
G1 F7200
G1 X48.884 Y49.993 E-.02854
G1 X48.986 Y49.473 E-.25171
G1 X49.195 Y48.965 E-.26092
G1 X49.6 Y48.398 E-.33097
G1 X50.002 Y48.039 E-.25601
G1 X50.475 Y47.761 E-.26061
G1 X50.696 Y47.685 E-.11124
;WIPE_END
G1 X51.187 Y27.782 F9000
G1 E5 F2400
;TYPE:Perimeter
;WIDTH:0.439999
G1 F1800
G1 X50.76 Y27.718 E.01165
G1 X50.093 Y27.478 E.01913
G1 X49.488 Y27.11 E.01911
G1 X48.983 Y26.645 E.01852
G1 X48.598 Y26.124 E.01748
G1 X48.315 Y25.546 E.01737
G1 X48.204 Y25.24 E.00878
G1 X48.099 Y24.721 E.01429
G1 X48.079 Y24.012 E.01914
G1 X48.2 Y23.314 E.01912
G1 X48.457 Y22.654 E.01911
G1 X48.951 Y21.929 E.02367
G1 X49.473 Y21.437 E.01936
G1 X50.075 Y21.067 E.01907
G1 X50.74 Y20.823 E.01911
G1 X51.44 Y20.715 E.01911
G1 X52.148 Y20.748 E.01913
G1 X52.835 Y20.921 E.01912
G1 X53.474 Y21.227 E.01912
G1 X54.027 Y21.643 E.01867
G1 X54.51 Y22.183 E.01955
G1 X54.866 Y22.795 E.01911
G1 X55.094 Y23.466 E.01912
G1 X55.184 Y24.169 E.01913
G1 X55.133 Y24.876 E.01913
G1 X54.943 Y25.558 E.0191
G1 X54.622 Y26.19 E.01913
G1 X54.072 Y26.851 E.0232
G1 X53.492 Y27.299 E.01978
G1 X52.854 Y27.608 E.01913
G1 X52.168 Y27.785 E.01912
G1 X51.461 Y27.822 E.0191
G1 X51.247 Y27.79 E.00584
G1 X51.237 Y27.383 F9000
G1 F1800
G1 X50.83 Y27.319 E.01112
G1 X50.242 Y27.1 E.01693
G1 X49.708 Y26.77 E.01694
G1 X49.266 Y26.355 E.01636
G1 X48.933 Y25.895 E.01532
G1 X48.689 Y25.388 E.01518
G1 X48.6 Y25.152 E.00681
G1 X48.496 Y24.64 E.0141
G1 X48.485 Y24.012 E.01695
G1 X48.598 Y23.395 E.01693
G1 X48.831 Y22.812 E.01694
G1 X49.279 Y22.166 E.02121
G1 X49.74 Y21.742 E.0169
G1 X50.278 Y21.418 E.01695
G1 X50.869 Y21.207 E.01693
G1 X51.491 Y21.118 E.01696
G1 X52.117 Y21.153 E.01692
G1 X52.725 Y21.312 E.01696
G1 X53.289 Y21.588 E.01694
G1 X53.774 Y21.96 E.01649
G1 X54.2 Y22.444 E.0174
G1 X54.51 Y22.989 E.01692
G1 X54.706 Y23.586 E.01696
G1 X54.78 Y24.209 E.01693
G1 X54.73 Y24.835 E.01695
G1 X54.556 Y25.439 E.01696
G1 X54.266 Y25.996 E.01695
G1 X53.768 Y26.582 E.02075
G1 X53.255 Y26.969 E.01734
G1 X52.687 Y27.238 E.01696
G1 X52.078 Y27.389 E.01693
G1 X51.451 Y27.416 E.01694
G1 X51.297 Y27.392 E.00421
G1 X51.286 Y26.995 F9000
;TYPE:External perimeter
;WIDTH:0.419999
G1 F1800
G1 X50.899 Y26.929 E.01007
G1 X50.386 Y26.732 E.0141
G1 X49.922 Y26.437 E.01411
G1 X49.542 Y26.072 E.01352
G1 X49.214 Y25.604 E.01466
G1 X48.997 Y25.1 E.01408
G1 X48.884 Y24.562 E.0141
G1 X48.88 Y24.012 E.01411
G1 X48.986 Y23.473 E.01409
G1 X49.195 Y22.965 E.01409
G1 X49.6 Y22.398 E.01788
G1 X50.002 Y22.039 E.01383
G1 X50.475 Y21.761 E.01408
G1 X50.995 Y21.582 E.01411
G1 X51.54 Y21.51 E.0141
G1 X52.088 Y21.548 E.01409
G1 X52.618 Y21.693 E.0141
G1 X53.108 Y21.94 E.01408
G1 X53.527 Y22.269 E.01367
G1 X53.897 Y22.698 E.01453
G1 X54.163 Y23.179 E.0141
G1 X54.328 Y23.703 E.01409
G1 X54.387 Y24.249 E.01409
G1 X54.336 Y24.796 E.01409
G1 X54.178 Y25.322 E.01409
G1 X53.918 Y25.807 E.01412
G1 X53.471 Y26.32 E.01746
G1 X53.024 Y26.648 E.01422
G1 X52.525 Y26.877 E.01409
G1 X51.99 Y27.003 E.0141
G1 X51.441 Y27.021 E.01409
G1 X51.345 Y27.005 E.0025
G1 E-3.5 F3600
;WIPE_START
G1 F7200
G1 X51.286 Y26.995 E-.02842
G1 X50.899 Y26.929 E-.18648
G1 X50.386 Y26.732 E-.26102
G1 X49.922 Y26.437 E-.26117
G1 X49.542 Y26.072 E-.25028
G1 X49.214 Y25.604 E-.27146
G1 X49.013 Y25.137 E-.24117
;WIPE_END
G1 X27.152 Y24.621 F9000
G1 E5 F2400
;TYPE:Perimeter
;WIDTH:0.439999
G1 F1800
G1 X27.133 Y24.876 E.0069
G1 X26.943 Y25.558 E.0191
G1 X26.622 Y26.19 E.01913
G1 X26.072 Y26.851 E.0232
G1 X25.492 Y27.299 E.01978
G1 X24.854 Y27.608 E.01913
G1 X24.168 Y27.785 E.01912
G1 X23.461 Y27.822 E.0191
G1 X22.76 Y27.718 E.01912
G1 X22.093 Y27.478 E.01913
G1 X21.488 Y27.11 E.01911
G1 X20.967 Y26.63 E.01912
G1 X20.552 Y26.056 E.01911
G1 X20.258 Y25.411 E.01913
G1 X20.099 Y24.721 E.01911
G1 X20.079 Y24.012 E.01914
G1 X20.2 Y23.314 E.01912
G1 X20.457 Y22.654 E.01911
G1 X20.951 Y21.929 E.02367
G1 X21.473 Y21.437 E.01936
G1 X22.075 Y21.067 E.01907
G1 X22.74 Y20.823 E.01911
G1 X23.44 Y20.715 E.01911
G1 X24.148 Y20.748 E.01913
G1 X24.835 Y20.921 E.01912
G1 X25.474 Y21.227 E.01912
G1 X26.04 Y21.653 E.01912
G1 X26.51 Y22.183 E.01912
G1 X26.866 Y22.795 E.01911
G1 X27.094 Y23.466 E.01912
G1 X27.184 Y24.169 E.01913
G1 X27.156 Y24.561 E.0106
G1 X26.75 Y24.581 F9000
G1 F1800
G1 X26.73 Y24.835 E.00688
G1 X26.556 Y25.439 E.01696
G1 X26.266 Y25.996 E.01695
G1 X25.768 Y26.582 E.02075
G1 X25.255 Y26.969 E.01734
G1 X24.687 Y27.238 E.01696
G1 X24.078 Y27.389 E.01693
G1 X23.451 Y27.416 E.01694
G1 X22.83 Y27.319 E.01696
G1 X22.242 Y27.1 E.01693
G1 X21.708 Y26.77 E.01694
G1 X21.25 Y26.34 E.01695
G1 X20.887 Y25.827 E.01696
G1 X20.632 Y25.253 E.01695
G1 X20.496 Y24.64 E.01694
G1 X20.485 Y24.012 E.01695
G1 X20.598 Y23.395 E.01693
G1 X20.831 Y22.812 E.01694
G1 X21.279 Y22.166 E.02121
G1 X21.74 Y21.742 E.0169
G1 X22.278 Y21.418 E.01695
G1 X22.869 Y21.207 E.01693
G1 X23.491 Y21.118 E.01696
G1 X24.117 Y21.153 E.01692
G1 X24.725 Y21.312 E.01696
G1 X25.289 Y21.588 E.01694
G1 X25.787 Y21.97 E.01694
G1 X26.2 Y22.444 E.01696
G1 X26.51 Y22.989 E.01692
G1 X26.706 Y23.586 E.01696
G1 X26.78 Y24.209 E.01693
G1 X26.755 Y24.521 E.00845
G1 X26.36 Y24.541 F9000
;TYPE:External perimeter
;WIDTH:0.419999
G1 F1800
G1 X26.336 Y24.796 E.00657
G1 X26.178 Y25.322 E.01409
G1 X25.918 Y25.807 E.01412
G1 X25.471 Y26.32 E.01746
G1 X25.024 Y26.648 E.01422
G1 X24.525 Y26.877 E.01409
G1 X23.99 Y27.003 E.0141
G1 X23.441 Y27.021 E.01409
G1 X22.899 Y26.929 E.0141
G1 X22.386 Y26.732 E.0141
G1 X21.922 Y26.437 E.01411
G1 X21.526 Y26.056 E.0141
G1 X21.214 Y25.604 E.01409
G1 X20.997 Y25.1 E.01408
G1 X20.884 Y24.562 E.0141
G1 X20.88 Y24.012 E.01411
G1 X20.986 Y23.473 E.01409
G1 X21.195 Y22.965 E.01409
G1 X21.6 Y22.398 E.01788
G1 X22.002 Y22.039 E.01383
G1 X22.475 Y21.761 E.01408
G1 X22.995 Y21.582 E.01411
G1 X23.54 Y21.51 E.0141
G1 X24.088 Y21.548 E.01409
G1 X24.618 Y21.693 E.0141
G1 X25.108 Y21.94 E.01408
G1 X25.54 Y22.28 E.0141
G1 X25.897 Y22.698 E.0141
G1 X26.163 Y23.179 E.0141
G1 X26.328 Y23.703 E.01409
G1 X26.387 Y24.249 E.01409
G1 X26.365 Y24.482 E.006
G1 E-3.5 F3600
;WIPE_START
G1 F7200
G1 X26.36 Y24.541 E-.02813
G1 X26.336 Y24.796 E-.12166
G1 X26.178 Y25.322 E-.26088
G1 X25.918 Y25.807 E-.26139
G1 X25.471 Y26.32 E-.3232
G1 X25.024 Y26.648 E-.26335
G1 X24.562 Y26.86 E-.24139
;WIPE_END
G1 X20.343 Y17.988 F9000
G1 E5 F2400
;TYPE:Perimeter
;WIDTH:0.439999
G1 F3600
G1 X20.359 Y17.977 E.00052
G1 X20.563 Y17.667 E.01001
G1 X20.639 Y17.285 E.01051
G1 X20.639 Y15.279 E.05413
G1 X54.616 Y15.279 E.91686
G1 X54.616 Y17.285 E.05413
G1 X54.694 Y17.67 E.0106
G1 X54.898 Y17.979 E.00999
G1 X55.214 Y18.197 E.01036
G1 X55.611 Y18.279 E.01094
G1 X57.116 Y18.279 E.04061
G1 X57.116 Y60.257 E1.13277
G1 X18.139 Y60.257 E1.05179
G1 X18.139 Y18.279 E1.13277
G1 X19.748 Y18.279 E.04342
G1 X20.046 Y18.195 E.00835
G1 X20.294 Y18.022 E.00816
G1 X20.05 Y17.69 F9000
G1 F3600
G1 X20.164 Y17.562 E.00463
G1 X20.233 Y17.285 E.0077
G1 X20.233 Y14.874 E.06506
G1 X55.022 Y14.874 E.93877
G1 X55.022 Y17.375 E.06749
G1 X55.151 Y17.653 E.00827
G1 X55.323 Y17.798 E.00607
G1 X55.611 Y17.874 E.00804
G1 X57.522 Y17.874 E.05157
G1 X57.522 Y60.662 E1.15463
G1 X17.733 Y60.662 E1.0737
G1 X17.733 Y17.874 E1.15463
G1 X19.711 Y17.874 E.05338
G1 X19.978 Y17.77 E.00773
G1 X20.01 Y17.735 E.00128
G1 X19.778 Y17.413 F9000
;TYPE:External perimeter
;WIDTH:0.419999
G1 F1800
G1 X19.838 Y17.285 E.00363
G1 X19.838 Y14.478 E.07201
G1 X55.418 Y14.478 E.91278
G1 X55.418 Y17.285 E.07201
G1 X55.46 Y17.406 E.00329
G1 X55.611 Y17.478 E.00429
G1 X57.918 Y17.478 E.05918
G1 X57.918 Y61.058 E1.11802
G1 X17.338 Y61.058 E1.04106
G1 X17.338 Y17.478 E1.11802
G1 X19.645 Y17.478 E.05918
G1 X19.733 Y17.446 E.0024
G1 E-3.5 F3600
;WIPE_START
G1 F7200
G1 X19.778 Y17.413 E-.02651
G1 X19.838 Y17.285 E-.06715
G1 X19.838 Y14.478 E-1.33333
G1 X19.992 Y14.478 E-.07301
;WIPE_END
G1 X21.521 Y16.265 F9000
G1 E5 F2400
;TYPE:Solid infill
;WIDTH:0.439999
G1 F3600
G1 X20.951 Y16.834 E.02173
G1 E-3.5
;WIPE_START
G1 F7200
G1 X21.521 Y16.265 E-.38256
;WIPE_END
G1 E-1.11744 F3600
G1 X18.562 Y18.624 F9000
G1 E5 F2400
;WIDTH:0.539568
G1 F3600
G1 X18.518 Y18.579 E.00212
G1 X18.457 Y18.596 E.00213
G1 X18.44 Y18.657 E.00213
G1 X18.485 Y18.701 E.00212
G1 X18.546 Y18.685 E.00212
;WIDTH:0.439999
G1 X18.451 Y19.334 E.0177
G1 X19.2 Y18.585 E.02858
G1 X19.779 Y18.581 E.01562
G1 X18.451 Y19.908 E.05066
G1 X18.407 Y20.066 E.00443
;WIDTH:0.407168
G1 X18.363 Y20.225 E.00409
;WIDTH:0.374336
G1 X18.322 Y20.236 E.00096
G1 X18.303 Y20.165 E.00166
G1 X18.374 Y20.184 E.00166
G1 E-3.5
;WIPE_START
G1 F7200
G1 X18.303 Y20.165 E-.03491
G1 X18.322 Y20.236 E-.03491
G1 X18.363 Y20.225 E-.02016
G1 X18.407 Y20.066 E-.07836
G1 X18.451 Y19.908 E-.07791
G1 X19.779 Y18.581 E-.89175
G1 X19.2 Y18.585 E-.27503
G1 X19.071 Y18.715 E-.08697
;WIPE_END
G1 X20.066 Y18.412 F9000
G1 E5 F2400
G1 F3600
G1 X20.471 Y18.097 E.0116
G1 X20.775 Y17.707 E.01118
;WIDTH:0.407168
G1 X20.857 Y17.564 E.00409
;WIDTH:0.439999
G1 X20.939 Y17.42 E.00447
G1 X22.094 Y16.265 E.04408
G1 X22.668 Y16.265 E.01549
G1 X18.451 Y20.482 E.16093
G1 X18.451 Y21.055 E.01546
G1 X23.242 Y16.265 E.18282
G1 X23.816 Y16.265 E.01549
G1 X18.451 Y21.629 E.20472
G1 X18.451 Y22.203 E.01549
G1 X24.389 Y16.265 E.22661
G1 X24.963 Y16.265 E.01549
G1 X18.451 Y22.776 E.24849
G1 X18.451 Y23.35 E.01549
G1 X25.537 Y16.265 E.2704
G1 X26.11 Y16.265 E.01546
G1 X18.451 Y23.924 E.29228
G1 X18.407 Y24.082 E.00443
;WIDTH:0.407168
G1 X18.363 Y24.241 E.00409
;WIDTH:0.374336
G1 X18.322 Y24.252 E.00096
G1 X18.303 Y24.181 E.00166
G1 X18.374 Y24.2 E.00166
;WIDTH:0.439999
G1 X18.451 Y24.497 E.00828
G1 X19.989 Y22.959 E.05869
G1 X20.09 Y22.816 E.00472
;WIDTH:0.407168
G1 X20.192 Y22.673 E.00436
;WIDTH:0.374336
G1 X20.67 Y22.063 E.01753
G1 E-3.5
;WIPE_START
G1 F7200
G1 X20.192 Y22.673 E-.36811
G1 X20.09 Y22.816 E-.08343
G1 X19.989 Y22.959 E-.08316
G1 X18.552 Y24.396 E-.9653
;WIPE_END
G1 X22.329 Y20.799 F9000
G1 E5 F2400
G1 F3600
G1 X22.173 Y20.845 E.00368
G1 X22.015 Y20.831 E.00359
;WIDTH:0.407168
G1 X22.159 Y20.739 E.00424
;WIDTH:0.439999
G1 X22.302 Y20.647 E.00459
G1 X26.684 Y16.265 E.16723
G1 X27.258 Y16.265 E.01549
G1 X23.072 Y20.45 E.15973
G1 X23.686 Y20.41 E.0166
G1 X27.831 Y16.265 E.15818
G1 X28.405 Y16.265 E.01549
G1 X24.224 Y20.446 E.15956
G1 X24.688 Y20.556 E.01287
G1 X28.979 Y16.265 E.16375
G1 X29.552 Y16.265 E.01546
G1 X25.119 Y20.698 E.16917
G1 X25.501 Y20.89 E.01154
G1 X30.126 Y16.265 E.1765
G1 X30.7 Y16.265 E.01549
G1 X25.857 Y21.108 E.18482
G1 X26.176 Y21.362 E.011
G1 X31.274 Y16.265 E.19453
G1 X31.847 Y16.265 E.01546
G1 X26.467 Y21.645 E.20531
G1 X26.729 Y21.957 E.01099
G1 X32.421 Y16.265 E.21722
G1 X32.995 Y16.265 E.01549
G1 X26.954 Y22.306 E.23054
G1 X27.153 Y22.68 E.01143
G1 X33.568 Y16.265 E.24481
G1 X34.142 Y16.265 E.01549
G1 X27.303 Y23.104 E.26099
G1 X27.431 Y23.55 E.01252
G1 X34.716 Y16.265 E.27801
G1 X35.289 Y16.265 E.01546
G1 X27.487 Y24.067 E.29774
G1 X27.467 Y24.661 E.01604
G1 X35.863 Y16.265 E.32041
G1 X36.437 Y16.265 E.01549
G1 X27.321 Y25.381 E.34789
G1 X27.239 Y25.376 E.00222
;WIDTH:0.407168
G1 X27.157 Y25.371 E.00204
;WIDTH:0.374336
G1 X27.121 Y25.58 E.0048
G1 X27.143 Y25.668 E.00205
G1 X26.175 Y27.143 F9000
;WIDTH:0.403508
G1 F3600
G1 X26.544 Y26.757 E.01311
;WIDTH:0.439999
G1 X26.806 Y26.47 E.01049
G1 X37.01 Y16.265 E.38943
G1 E-3.5
;WIPE_START
G1 F7200
G1 X34.777 Y18.498 E-1.5
;WIPE_END
G1 X19.799 Y23.724 F9000
G1 E5 F2400
G1 F3600
G1 X18.451 Y25.071 E.05142
G1 X19.629 Y24.467 F9000
G1 F3600
G1 X18.595 Y25.501 E.03946
G1 X18.451 Y25.501 E.00389
G1 X18.451 Y29.661 E.11226
G1 X21.01 Y27.102 E.09766
G1 X20.6 Y26.677 E.01594
G1 X20.183 Y26.029 E.02079
G1 X19.903 Y25.312 E.02077
G1 X19.77 Y24.554 E.02077
G1 X19.772 Y24.324 E.00621
G1 X19.468 Y25.202 F9000
G1 F3600
G1 X19.524 Y25.458 E.00707
G1 X19.841 Y26.247 E.02295
G1 X20.233 Y26.863 E.0197
G1 X20.442 Y27.097 E.00847
G1 X18.857 Y28.681 E.06047
G1 X18.857 Y26.312 E.06393
G1 X18.882 Y25.788 E.01416
G1 X19.325 Y25.345 E.01691
G1 X19.299 Y26.102 E.02044
;WIDTH:0.512203
G1 X19.468 Y26.484 E.01328
G1 X19.842 Y27.071 E.02212
G1 X19.299 Y27.615 E.02443
G1 X19.299 Y26.305 E.04164
G1 E-3.5
;WIPE_START
G1 F7200
G1 X19.299 Y27.615 E-.62225
G1 X19.842 Y27.071 E-.3651
G1 X19.468 Y26.484 E-.33061
G1 X19.313 Y26.133 E-.18204
;WIPE_END
G1 X21.315 Y27.371 F9000
G1 E5 F2400
;WIDTH:0.439999
G1 F3600
G1 X18.451 Y30.234 E.10928
G1 X18.451 Y30.808 E.01549
G1 X21.664 Y27.596 E.1226
G1 X22.04 Y27.793 E.01145
G1 X18.451 Y31.382 E.13696
G1 X18.451 Y31.955 E.01546
G1 X22.452 Y27.954 E.15269
G1 X22.917 Y28.063 E.01289
G1 X18.451 Y32.529 E.17043
G1 X18.451 Y33.103 E.01549
G1 X23.423 Y28.131 E.18974
G1 X24.01 Y28.118 E.01584
G1 X18.451 Y33.677 E.21214
G1 X18.451 Y34.25 E.01546
G1 X24.729 Y27.973 E.23956
G1 X25.888 Y27.387 F9000
G1 F3600
G1 X18.451 Y34.824 E.28381
G1 X18.407 Y34.982 E.00443
;WIDTH:0.407168
G1 X18.363 Y35.141 E.00409
;WIDTH:0.374336
G1 X18.322 Y35.152 E.00096
G1 X18.303 Y35.081 E.00166
G1 X18.374 Y35.1 E.00166
;WIDTH:0.439999
G1 X18.451 Y35.398 E.00831
G1 X37.584 Y16.265 E.73016
G1 X38.158 Y16.265 E.01549
G1 X18.451 Y35.971 E.75205
G1 X18.451 Y36.545 E.01549
G1 X38.732 Y16.265 E.77395
G1 X39.305 Y16.265 E.01546
G1 X18.451 Y37.119 E.79584
G1 X18.451 Y37.692 E.01546
G1 X39.879 Y16.265 E.81772
G1 X40.453 Y16.265 E.01549
G1 X18.451 Y38.266 E.83963
G1 X18.451 Y38.84 E.01549
G1 X41.026 Y16.265 E.86151
G1 X41.6 Y16.265 E.01549
G1 X18.451 Y39.413 E.8834
G1 X18.451 Y39.987 E.01549
G1 X42.174 Y16.265 E.9053
G1 X42.747 Y16.265 E.01546
G1 X18.451 Y40.561 E.92719
G1 X18.451 Y41.135 E.01549
G1 X43.321 Y16.265 E.9491
G1 X43.895 Y16.265 E.01549
G1 X18.451 Y41.708 E.97098
G1 X18.451 Y42.282 E.01549
G1 X44.468 Y16.265 E.99287
G1 X45.042 Y16.265 E.01549
G1 X18.451 Y42.856 E1.01477
G1 X18.451 Y43.429 E.01546
G1 X45.616 Y16.265 E1.03666
G1 X46.19 Y16.265 E.01549
G1 X18.451 Y44.003 E1.05856
G1 X18.451 Y44.577 E.01549
G1 X46.763 Y16.265 E1.08045
G1 X47.337 Y16.265 E.01549
G1 X18.451 Y45.15 E1.10234
G1 X18.451 Y45.724 E.01549
G1 X47.911 Y16.265 E1.12424
G1 X48.484 Y16.265 E.01546
G1 X18.451 Y46.298 E1.14613
G1 X18.451 Y46.872 E.01549
G1 X49.058 Y16.265 E1.16803
G1 X49.632 Y16.265 E.01549
G1 X18.451 Y47.445 E1.18992
G1 X18.451 Y48.019 E.01549
G1 X50.205 Y16.265 E1.21181
G1 X50.779 Y16.265 E.01549
G1 X18.451 Y48.593 E1.23371
G1 X18.451 Y49.166 E.01546
G1 X51.353 Y16.265 E1.2556
G1 X51.927 Y16.265 E.01549
G1 X18.451 Y49.74 E1.2775
G1 X18.412 Y49.878 E.00387
;WIDTH:0.407168
G1 X18.374 Y50.016 E.00355
;WIDTH:0.374336
G1 X18.303 Y49.997 E.00166
G1 X18.322 Y50.068 E.00166
G1 X18.363 Y50.057 E.00096
G1 E-3.5
;WIPE_START
G1 F7200
G1 X18.322 Y50.068 E-.02016
G1 X18.303 Y49.997 E-.03491
G1 X18.374 Y50.016 E-.03491
G1 X18.412 Y49.878 E-.06799
G1 X18.451 Y49.74 E-.06812
G1 X20.347 Y47.844 E-1.27391
;WIPE_END
G1 X20.332 Y48.355 F9000
G1 E5 F2400
G1 F3600
G1 X20.797 Y47.806 E.01627
G1 X21.33 Y47.287 E.01683
G1 X21.724 Y46.973 E.01139
;WIDTH:0.407168
G1 X21.867 Y46.864 E.00446
;WIDTH:0.439999
G1 X22.011 Y46.754 E.00489
G1 X52.5 Y16.265 E1.16353
G1 X53.074 Y16.265 E.01549
G1 X22.863 Y46.475 E1.1529
G1 X22.741 Y46.554 E.00392
;WIDTH:0.407168
G1 X22.618 Y46.633 E.00363
;WIDTH:0.374336
G1 X22.547 Y46.614 E.00166
G1 X22.566 Y46.685 E.00166
G1 X22.607 Y46.674 E.00096
G1 E-3.5
;WIPE_START
G1 F7200
G1 X22.566 Y46.685 E-.02016
G1 X22.547 Y46.614 E-.03491
G1 X22.618 Y46.633 E-.03491
G1 X22.741 Y46.554 E-.06944
G1 X22.863 Y46.475 E-.06904
G1 X24.756 Y44.582 E-1.27154
;WIPE_END
G1 X20.123 Y48.642 F9000
G1 E5 F2400
;WIDTH:0.439999
G1 F3600
G1 X18.451 Y50.314 E.06381
G1 X18.451 Y50.887 E.01546
G1 X19.845 Y49.494 E.05318
G1 X19.939 Y49.365 E.00431
;WIDTH:0.407168
G1 X20.034 Y49.237 E.00395
;WIDTH:0.374336
G1 X19.993 Y49.248 E.00096
G1 X19.974 Y49.177 E.00166
G1 X20.045 Y49.196 E.00166
G1 X19.767 Y50.146 F9000
;WIDTH:0.439999
G1 F3600
G1 X19.77 Y50.554 E.01101
G1 X19.892 Y51.273 E.01968
G1 X20.183 Y52.029 E.02186
G1 X20.6 Y52.677 E.02079
G1 X21.215 Y53.287 E.02337
G1 X18.451 Y56.051 E.10548
G1 X18.451 Y51.318 E.12772
G1 X18.595 Y51.318 E.00389
G1 X19.623 Y50.289 E.03925
G1 X19.442 Y51.045 E.02098
G1 X19.492 Y51.341 E.0081
G1 X19.841 Y52.247 E.0262
G1 X20.234 Y52.864 E.01974
G1 X20.633 Y53.295 E.01585
G1 X18.857 Y55.071 E.06778
G1 X18.857 Y52.312 E.07445
G1 X18.882 Y51.604 E.01912
G1 X19.298 Y51.188 E.01588
G1 X19.332 Y52.312 F9000
;WIDTH:0.578909
G1 F3600
G1 X19.44 Y52.502 E.00792
G1 X19.965 Y53.289 E.03427
G1 X19.332 Y53.924 E.03248
G1 X19.332 Y52.515 E.05104
G1 E-3.5
;WIPE_START
G1 F7200
G1 X19.332 Y53.924 E-.66927
G1 X19.965 Y53.289 E-.42589
G1 X19.492 Y52.58 E-.40484
;WIPE_END
G1 X21.552 Y53.524 F9000
G1 E5 F2400
;WIDTH:0.439999
G1 F3600
G1 X18.451 Y56.624 E.11832
G1 X18.451 Y57.198 E.01549
G1 X21.914 Y53.736 E.13214
G1 X22.321 Y53.902 E.01186
G1 X18.451 Y57.772 E.14769
G1 X18.451 Y58.345 E.01546
G1 X22.769 Y54.028 E.16477
G1 X23.252 Y54.119 E.01326
G1 X18.451 Y58.919 E.1832
G1 X18.451 Y59.493 E.01549
G1 X23.819 Y54.125 E.20486
G1 X24.811 Y53.857 F9000
;WIDTH:0.374336
G1 F3600
G1 X24.74 Y53.838 E.00166
G1 X24.759 Y53.909 E.00166
G1 X24.8 Y53.898 E.00096
;WIDTH:0.407168
G1 X24.643 Y53.965 E.00423
;WIDTH:0.439999
G1 X24.486 Y54.032 E.00461
G1 X18.573 Y59.944 E.22563
G1 X18.474 Y59.997 E.00303
;WIDTH:0.407168
G1 X18.375 Y60.051 E.0028
;WIDTH:0.374336
G1 X18.304 Y60.031 E.00167
G1 X18.323 Y60.103 E.00168
G1 X18.364 Y60.092 E.00096
;WIDTH:0.439999
G1 X19.021 Y60.148 E.01779
;WIDTH:0.374336
G1 X18.98 Y60.159 E.00096
G1 X18.961 Y60.087 E.00168
G1 X19.032 Y60.107 E.00167
;WIDTH:0.407168
G1 X19.09 Y60.025 E.00249
;WIDTH:0.439999
G1 X19.147 Y59.944 E.00267
G1 X25.377 Y53.715 E.23773
G1 E-3.5
;WIPE_START
G1 F7200
G1 X23.144 Y55.948 E-1.5
;WIPE_END
G1 X35.544 Y34.369 F9000
G1 E5 F2400
G1 F3600
G1 X53.648 Y16.265 E.69089
G1 E-3.5
;WIPE_START
G1 F7200
G1 X51.415 Y18.498 E-1.5
;WIPE_END
G1 X49.043 Y21.426 F9000
G1 E5 F2400
;WIDTH:0.416378
G1 F3600
G1 X48.859 Y21.606 E.00654
;WIDTH:0.439999
G1 X48.593 Y21.893 E.01056
G1 X36.638 Y33.848 E.45623
G1 X36.496 Y33.938 E.00454
;WIDTH:0.407168
G1 X36.354 Y34.028 E.00417
;WIDTH:0.374336
G1 X36.505 Y34.048 E.00344
G1 X36.589 Y34.026 E.00196
;WIDTH:0.439999
G1 X37.338 Y33.722 E.02181
G1 X48.034 Y23.008 E.40853
;WIDTH:0.407168
G1 X48.145 Y22.88 E.0042
;WIDTH:0.374336
G1 X48.104 Y22.891 E.00096
G1 X48.085 Y22.82 E.00166
G1 X48.156 Y22.839 E.00166
G1 X47.779 Y23.855 F9000
;WIDTH:0.439999
G1 F3600
G1 X37.912 Y33.721 E.37653
G1 X38.412 Y33.795 E.01364
G1 X47.77 Y24.437 E.35712
G1 X47.835 Y24.946 E.01385
G1 X38.862 Y33.919 E.34243
G1 X39.251 Y34.104 E.01162
G1 X47.931 Y25.424 E.33125
G1 X48.101 Y25.827 E.0118
G1 X39.62 Y34.309 E.32367
G1 X39.939 Y34.563 E.011
G1 X48.288 Y26.214 E.31862
G1 X48.521 Y26.555 E.01114
G1 X40.234 Y34.842 E.31625
G1 X40.496 Y35.154 E.01099
G1 X48.777 Y26.873 E.31602
G1 X49.067 Y27.156 E.01093
G1 X40.717 Y35.506 E.31866
G1 X40.919 Y35.878 E.01142
G1 X49.387 Y27.41 E.32316
G1 X49.735 Y27.635 E.01118
G1 X41.056 Y36.315 E.33123
G1 X41.154 Y36.79 E.01309
G1 X50.124 Y27.82 E.34232
G1 X50.535 Y27.983 E.01193
G1 X41.197 Y37.321 E.35636
G1 X40.993 Y38.278 F9000
;WIDTH:0.374336
G1 F3600
G1 X40.952 Y38.289 E.00096
G1 X40.932 Y38.218 E.00167
G1 X41.004 Y38.237 E.00168
;WIDTH:0.407168
G1 X41.067 Y38.099 E.00376
;WIDTH:0.439999
G1 X41.131 Y37.961 E.0041
G1 X51.017 Y28.074 E.37729
G1 E-3.5
;WIPE_START
G1 F7200
G1 X48.784 Y30.307 E-1.5
;WIPE_END
G1 X49.33 Y21.156 F9000
G1 E5 F2400
G1 F3600
G1 X54.221 Y16.265 E.18665
G1 X54.339 Y16.312 E.00343
;WIDTH:0.407168
G1 X54.456 Y16.359 E.00313
;WIDTH:0.374336
G1 X54.438 Y16.137 E.00504
;WIDTH:0.439999
G1 X54.304 Y16.756 E.01709
G1 X50.479 Y20.581 E.14597
G1 X50.336 Y20.67 E.00455
;WIDTH:0.407168
G1 X50.194 Y20.759 E.00416
;WIDTH:0.374336
G1 X50.347 Y20.781 E.0035
G1 X50.492 Y20.743 E.00339
;WIDTH:0.439999
G1 X51.203 Y20.431 E.02095
G1 X54.307 Y17.326 E.11847
G1 X54.409 Y17.798 E.01303
G1 X51.797 Y20.41 E.09968
G1 X52.322 Y20.459 E.01423
G1 X54.634 Y18.147 E.08823
G1 X55.259 Y18.533 E.01982
G1 X55.176 Y18.514 E.0023
G1 X54.959 Y18.396 E.00667
G1 X52.77 Y20.585 E.08354
G1 X53.059 Y20.67 E.00813
G1 X53.713 Y21.005 E.01983
G1 X54.428 Y21.599 E.02508
G1 X54.88 Y22.173 E.01972
G1 X55.23 Y22.859 E.02078
G1 X55.438 Y23.6 E.02077
G1 X55.495 Y24.368 E.02078
G1 X55.433 Y24.987 E.01679
G1 X55.25 Y25.563 E.01631
G1 X56.661 Y24.152 E.05385
G1 X56.804 Y24.152 E.00386
G1 X56.804 Y18.591 E.15006
G1 X55.456 Y18.581 E.03638
G1 X55.453 Y18.986 E.01093
G1 X56.398 Y18.993 E.0255
G1 X56.398 Y22.686 E.09965
;WIDTH:0.473588
G1 X56.382 Y23.256 E.01666
;WIDTH:0.507176
G1 X56.365 Y23.826 E.01794
G1 X55.928 Y24.263 E.01944
G1 X55.859 Y23.485 E.02457
;WIDTH:0.501046
G1 X55.726 Y23.08 E.01323
;WIDTH:0.470523
G1 X55.593 Y22.676 E.01234
;WIDTH:0.439999
G1 X55.198 Y21.922 E.02297
G1 X54.658 Y21.256 E.02314
G1 X54.009 Y20.718 E.02275
G1 X53.492 Y20.436 E.01589
G1 X55.037 Y18.891 E.05896
G1 X55.255 Y18.941 E.00604
G1 X55.79 Y19.394 E.01892
G1 X55.45 Y19.392 E.00917
G1 X55.153 Y19.349 E.0081
G1 X54.165 Y20.337 E.0377
G1 X54.792 Y20.841 E.02171
G1 X55.066 Y21.097 E.01012
G1 X55.517 Y21.671 E.0197
G1 X55.993 Y22.592 E.02798
G1 X55.993 Y19.396 E.08624
G1 X55.525 Y19.86 E.01778
;WIDTH:0.563913
G1 X55.525 Y20.925 E.03752
G1 X55.433 Y20.808 E.00524
G1 X54.868 Y20.296 E.02686
G1 X55.323 Y19.849 E.02247
G1 E-3.5
;WIPE_START
G1 F7200
G1 X54.868 Y20.296 E-.30297
G1 X55.433 Y20.808 E-.36218
G1 X55.525 Y20.925 E-.0707
G1 X55.525 Y19.86 E-.50588
G1 X55.911 Y19.477 E-.25827
;WIPE_END
G1 X35.257 Y34.635 F9000
G1 E5 F2400
;WIDTH:0.411098
G1 F3600
G1 X35.039 Y34.841 E.00752
;WIDTH:0.439999
G1 X34.784 Y35.128 E.01036
G1 X23.51 Y46.402 E.43024
G1 X23.389 Y46.467 E.00371
;WIDTH:0.407168
G1 X23.268 Y46.531 E.00339
;WIDTH:0.374336
G1 X23.197 Y46.512 E.00166
G1 X23.216 Y46.584 E.00168
G1 X23.257 Y46.573 E.00096
;WIDTH:0.439999
G1 X24.055 Y46.431 E.02187
G1 X34.212 Y36.274 E.38761
G1 X34.308 Y36.204 E.00321
;WIDTH:0.407168
G1 X34.404 Y36.134 E.00295
;WIDTH:0.374336
G1 X34.385 Y35.987 E.00335
G1 X34.405 Y36.14 E.00349
G1 X34.077 Y36.983 F9000
;WIDTH:0.439999
G1 F3600
G1 X24.539 Y46.52 E.36397
G1 X24.988 Y46.645 E.01258
G1 X34.081 Y37.553 E.34699
G1 X34.149 Y38.058 E.01375
G1 X25.376 Y46.832 E.33482
G1 X25.749 Y47.032 E.01142
G1 X34.286 Y38.495 E.32579
G1 X34.462 Y38.892 E.01172
G1 X26.07 Y47.284 E.32026
G1 X26.377 Y47.552 E.011
G1 X34.667 Y39.261 E.31638
G1 X34.921 Y39.581 E.01102
G1 X26.641 Y47.861 E.31598
G1 X26.883 Y48.193 E.01109
G1 X35.199 Y39.876 E.31738
G1 X35.516 Y40.134 E.01103
G1 X27.089 Y48.56 E.32157
G1 X27.256 Y48.967 E.01187
G1 X35.864 Y40.359 E.3285
G1 X36.241 Y40.555 E.01147
G1 X27.394 Y49.403 E.33764
G1 X27.469 Y49.902 E.01362
G1 X36.676 Y40.694 E.35138
G1 X37.145 Y40.799 E.01297
G1 X27.489 Y50.455 E.3685
G1 X27.252 Y51.436 F9000
;WIDTH:0.374336
G1 F3600
G1 X27.211 Y51.447 E.00096
G1 X27.192 Y51.376 E.00166
G1 X27.263 Y51.395 E.00166
;WIDTH:0.407168
G1 X27.331 Y51.257 E.00382
;WIDTH:0.439999
G1 X27.399 Y51.119 E.00415
G1 X37.677 Y40.841 E.39223
G1 X38.463 Y40.571 F9000
;WIDTH:0.374336
G1 F3600
G1 X38.609 Y40.598 E.00336
;WIDTH:0.407168
G1 X38.467 Y40.682 E.00409
;WIDTH:0.439999
G1 X38.325 Y40.766 E.00445
G1 X27.051 Y52.04 E.43024
G1 X26.944 Y52.183 E.00482
;WIDTH:0.407168
G1 X26.837 Y52.327 E.00445
;WIDTH:0.374336
G1 X26.753 Y52.435 E.00309
G1 X26.05 Y53.169 E.02299
G1 X25.664 Y53.49 E.01135
G1 E-3.5
;WIPE_START
G1 F7200
G1 X26.05 Y53.169 E-.23847
G1 X26.753 Y52.435 E-.48277
G1 X26.837 Y52.327 E-.06499
G1 X26.944 Y52.183 E-.08522
G1 X27.051 Y52.04 E-.08484
G1 X27.86 Y51.231 E-.54371
;WIPE_END
G1 X19.464 Y60.093 F9000
G1 E5 F2400
G1 F3600
G1 X19.423 Y60.104 E.00096
G1 X19.404 Y60.033 E.00166
G1 X19.475 Y60.052 E.00166
;WIDTH:0.407168
G1 X19.598 Y59.998 E.00333
;WIDTH:0.439999
G1 X19.721 Y59.944 E.00362
G1 X39.215 Y40.45 E.74394
G1 X39.502 Y40.242 E.00956
;WIDTH:0.374336
G1 X40.064 Y39.742 E.01701
G1 X40.495 Y39.274 E.01439
G1 X40.602 Y39.133 E.004
;WIDTH:0.407168
G1 X40.711 Y38.99 E.00446
;WIDTH:0.439999
G1 X40.819 Y38.847 E.00484
G1 X51.537 Y28.128 E.40904
G1 X52.137 Y28.102 E.01621
G1 X20.295 Y59.944 E1.21516
G1 X20.868 Y59.944 E.01546
G1 X52.888 Y27.925 E1.22194
G1 X52.843 Y27.855 E.00225
;WIDTH:0.407168
G1 X52.798 Y27.785 E.00206
;WIDTH:0.374336
G1 X53.017 Y27.722 E.00515
G1 X53.175 Y27.733 E.00358
G1 E-3.5
;WIPE_START
G1 F7200
G1 X53.017 Y27.722 E-.07523
G1 X52.798 Y27.785 E-.10824
G1 X52.843 Y27.855 E-.03953
G1 X52.888 Y27.925 E-.03953
G1 X51.046 Y29.767 E-1.23747
;WIPE_END
G1 X56.804 Y24.582 F9000
G1 E5 F2400
;WIDTH:0.439999
G1 F3600
G1 X21.442 Y59.944 E1.34949
G1 X22.016 Y59.944 E.01549
G1 X56.804 Y25.156 E1.32759
G1 X56.804 Y25.73 E.01549
G1 X22.589 Y59.944 E1.3057
G1 X23.163 Y59.944 E.01549
G1 X56.804 Y26.303 E1.28382
G1 X56.804 Y26.877 E.01549
G1 X23.737 Y59.944 E1.26191
G1 X24.31 Y59.944 E.01546
G1 X56.804 Y27.451 E1.24003
G1 X56.804 Y28.024 E.01546
G1 X24.884 Y59.944 E1.21814
G1 X25.458 Y59.944 E.01549
G1 X56.804 Y28.598 E1.19624
G1 X56.804 Y29.172 E.01549
G1 X26.032 Y59.944 E1.17433
G1 X26.605 Y59.944 E.01546
G1 X56.804 Y29.746 E1.15244
G1 X56.804 Y30.319 E.01546
G1 X27.179 Y59.944 E1.13056
G1 X27.753 Y59.944 E.01549
G1 X56.804 Y30.893 E1.10865
G1 X56.804 Y31.467 E.01549
G1 X28.326 Y59.944 E1.08677
G1 X28.9 Y59.944 E.01549
G1 X56.804 Y32.04 E1.06488
G1 X56.804 Y32.614 E.01549
G1 X29.474 Y59.944 E1.04298
G1 X30.047 Y59.944 E.01546
G1 X56.804 Y33.188 E1.02109
G1 X56.804 Y33.761 E.01546
G1 X30.621 Y59.944 E.9992
G1 X31.195 Y59.944 E.01549
G1 X56.804 Y34.335 E.9773
G1 X56.804 Y34.909 E.01549
G1 X31.768 Y59.944 E.95541
G1 X32.342 Y59.944 E.01549
G1 X56.804 Y35.483 E.93351
G1 X56.804 Y36.056 E.01546
G1 X32.916 Y59.944 E.91162
G1 X33.49 Y59.944 E.01549
G1 X56.804 Y36.63 E.88972
G1 X56.804 Y37.204 E.01549
G1 X34.063 Y59.944 E.86783
G1 X34.637 Y59.944 E.01549
G1 X56.804 Y37.777 E.84594
G1 X56.804 Y38.351 E.01549
G1 X35.211 Y59.944 E.82404
G1 X35.784 Y59.944 E.01546
G1 X56.804 Y38.925 E.80215
G1 X56.804 Y39.498 E.01546
G1 X36.358 Y59.944 E.78027
G1 X36.301 Y60.025 E.00267
;WIDTH:0.407168
G1 X36.243 Y60.107 E.00249
;WIDTH:0.374336
G1 X36.172 Y60.087 E.00167
G1 X36.191 Y60.159 E.00168
G1 X36.232 Y60.148 E.00096
;WIDTH:0.439999
G1 X36.675 Y60.093 E.01205
;WIDTH:0.374336
G1 X36.634 Y60.104 E.00096
G1 X36.615 Y60.033 E.00166
G1 X36.686 Y60.052 E.00166
;WIDTH:0.407168
G1 X36.809 Y59.998 E.00333
;WIDTH:0.439999
G1 X36.932 Y59.944 E.00362
G1 X48.054 Y48.822 E.42444
G1 X48.15 Y48.679 E.00465
;WIDTH:0.407168
G1 X48.247 Y48.536 E.00429
;WIDTH:0.374336
G1 X48.315 Y48.437 E.00272
G1 X48.019 Y49.329 F9000
G1 F3600
G1 X47.948 Y49.31 E.00166
G1 X47.967 Y49.381 E.00166
G1 X48.008 Y49.37 E.00096
;WIDTH:0.407168
G1 X47.915 Y49.498 E.00392
;WIDTH:0.439999
G1 X47.823 Y49.627 E.00428
G1 X37.505 Y59.944 E.39374
G1 X38.079 Y59.944 E.01549
G1 X47.774 Y50.25 E.36996
G1 X47.802 Y50.795 E.01473
G1 X38.653 Y59.944 E.34915
G1 X39.226 Y59.944 E.01546
G1 X47.898 Y51.273 E.33092
G1 X48.047 Y51.698 E.01215
G1 X39.8 Y59.944 E.31471
G1 X40.374 Y59.944 E.01549
G1 X48.217 Y52.102 E.29929
G1 X48.444 Y52.448 E.01117
G1 X40.948 Y59.944 E.28606
G1 X41.521 Y59.944 E.01546
G1 X48.686 Y52.78 E.27341
G1 X48.97 Y53.069 E.01093
G1 X42.095 Y59.944 E.26237
G1 X42.669 Y59.944 E.01549
G1 X49.275 Y53.338 E.2521
G1 X49.619 Y53.567 E.01115
G1 X43.242 Y59.944 E.24336
G1 X43.816 Y59.944 E.01549
G1 X49.988 Y53.772 E.23554
G1 X50.4 Y53.934 E.01195
G1 X44.39 Y59.944 E.22936
G1 X44.963 Y59.944 E.01546
G1 X50.855 Y54.052 E.22485
G1 X51.354 Y54.128 E.01362
G1 X45.537 Y59.944 E.22197
G1 X46.111 Y59.944 E.01549
G1 X51.933 Y54.123 E.22216
G1 X52.955 Y53.812 F9000
;WIDTH:0.374336
G1 F3600
G1 X52.884 Y53.793 E.00166
G1 X52.903 Y53.864 E.00166
G1 X52.944 Y53.853 E.00096
;WIDTH:0.407168
G1 X52.788 Y53.925 E.00426
;WIDTH:0.439999
G1 X52.632 Y53.997 E.00464
G1 X46.684 Y59.944 E.22697
G1 E-3.5
;WIPE_START
G1 F7200
G1 X48.917 Y57.711 E-1.5
;WIPE_END
G1 X49.411 Y47.266 F9000
G1 E5 F2400
;WIDTH:0.374336
G1 F3600
G1 X49.9 Y46.892 E.01392
;WIDTH:0.407168
G1 X50.043 Y46.791 E.00434
;WIDTH:0.439999
G1 X50.186 Y46.69 E.00472
G1 X56.804 Y40.072 E.25256
G1 X56.804 Y40.646 E.01549
G1 X50.988 Y46.462 E.22195
G1 X50.865 Y46.531 E.00381
;WIDTH:0.407168
G1 X50.742 Y46.6 E.0035
;WIDTH:0.374336
G1 X50.671 Y46.581 E.00166
G1 X50.69 Y46.653 E.00168
G1 X50.731 Y46.642 E.00096
G1 X51.624 Y46.399 F9000
;WIDTH:0.439999
G1 F3600
G1 X56.804 Y41.219 E.19768
G1 X56.804 Y41.793 E.01549
G1 X52.161 Y46.436 E.17719
G1 X52.631 Y46.54 E.01299
G1 X56.804 Y42.367 E.15925
G1 X56.804 Y42.941 E.01549
G1 X53.067 Y46.678 E.14261
G1 X53.453 Y46.865 E.01157
G1 X56.804 Y43.514 E.12788
G1 X56.804 Y44.088 E.01549
G1 X53.815 Y47.077 E.11407
G1 X54.136 Y47.33 E.01103
G1 X56.804 Y44.662 E.10182
G1 X56.804 Y45.235 E.01546
G1 X54.434 Y47.606 E.09046
G1 E-3.5
;WIPE_START
G1 F7200
G1 X56.667 Y45.373 E-1.5
;WIPE_END
G1 X56.661 Y45.952 F9000
G1 E5 F2400
G1 F3600
G1 X54.69 Y47.924 E.07524
G1 X54.901 Y48.207 E.00953
G1 X55.23 Y48.859 E.01971
G1 X55.438 Y49.6 E.02077
G1 X55.481 Y50.17 E.01543
G1 X55.494 Y50.404 E.00632
G1 X55.433 Y50.987 E.01582
G1 X55.153 Y51.86 E.02474
G1 X54.935 Y52.197 E.01083
;WIDTH:0.407168
G1 X54.717 Y52.535 E.00998
G1 X54.973 Y52.254 E.00943
;WIDTH:0.439999
G1 X55.229 Y51.974 E.01024
G1 X56.661 Y50.542 E.05465
G1 X56.804 Y50.542 E.00386
G1 X56.804 Y45.809 E.12772
G1 X56.398 Y46.788 F9000
G1 F3600
G1 X56.398 Y48.686 E.05122
;WIDTH:0.475903
G1 X56.38 Y49.14 E.01335
;WIDTH:0.511807
G1 X56.355 Y50.236 E.03482
;WIDTH:0.493619
G1 X55.899 Y50.692 E.0197
G1 X55.913 Y50.14 E.01687
;WIDTH:0.501047
G1 X55.859 Y49.485 E.0204
G1 X55.726 Y49.08 E.01323
;WIDTH:0.470523
G1 X55.593 Y48.676 E.01234
;WIDTH:0.439999
G1 X55.225 Y47.962 E.02168
G1 X56.255 Y46.932 E.03931
G1 X56.034 Y47.669 E.02076
;WIDTH:0.358196
G1 X56.034 Y48.859 E.02564
G1 X55.918 Y48.511 E.0079
G1 X55.674 Y48.028 E.01166
G1 X55.89 Y47.812 E.00658
G1 E-3.5
;WIPE_START
G1 F7200
G1 X55.674 Y48.028 E-.1451
G1 X55.918 Y48.511 E-.25704
G1 X56.034 Y48.859 E-.17424
G1 X56.034 Y47.669 E-.56525
G1 X56.251 Y46.946 E-.35837
;WIPE_END
G1 X54.717 Y52.535 F9000
G1 E5 F2400
;WIDTH:0.374336
G1 F3600
G1 X54.697 Y52.558 E.00069
;WIDTH:0.381568
G1 X53.904 Y53.34 E.02572
;WIDTH:0.410784
G1 X53.76 Y53.463 E.00474
;WIDTH:0.439999
G1 X53.617 Y53.586 E.00509
G1 X47.258 Y59.944 E.24265
G1 X47.832 Y59.944 E.01549
G1 X56.804 Y50.972 E.34239
G1 X56.804 Y51.546 E.01549
G1 X48.406 Y59.944 E.32049
G1 X48.979 Y59.944 E.01546
G1 X56.804 Y52.12 E.2986
G1 X56.804 Y52.693 E.01546
G1 X49.553 Y59.944 E.27671
G1 X50.127 Y59.944 E.01549
G1 X56.804 Y53.267 E.25481
G1 X56.804 Y53.841 E.01549
G1 X50.7 Y59.944 E.23292
G1 X51.274 Y59.944 E.01549
G1 X56.804 Y54.414 E.21104
G1 X56.804 Y54.988 E.01549
G1 X51.848 Y59.944 E.18913
G1 X52.421 Y59.944 E.01546
G1 X56.804 Y55.562 E.16725
G1 X56.804 Y56.135 E.01546
G1 X52.995 Y59.944 E.14536
G1 X53.569 Y59.944 E.01549
G1 X56.804 Y56.709 E.12346
G1 X56.804 Y57.283 E.01549
G1 X54.143 Y59.944 E.10155
G1 X54.591 Y60.148 E.01328
;WIDTH:0.374336
G1 X54.549 Y60.159 E.00098
G1 X54.53 Y60.087 E.00168
G1 X54.602 Y60.107 E.00169
;WIDTH:0.407168
G1 X54.659 Y60.025 E.00248
;WIDTH:0.439999
G1 X54.716 Y59.944 E.00267
G1 X56.804 Y57.857 E.07966
G1 X56.804 Y59.944 E.05632
G1 X55.29 Y59.944 E.04086
G1 X56.661 Y58.574 E.0523
G1 X56.419 Y59.485 F9000
;WIDTH:0.515608
G1 F3600
G1 X56.376 Y59.443 E.00192
G1 X56.318 Y59.458 E.00192
G1 X56.302 Y59.516 E.00193
G1 X56.345 Y59.559 E.00195
G1 X56.403 Y59.543 E.00193
G1 E-3.5
;WIPE_START
G1 F7200
G1 X56.345 Y59.559 E-.02858
G1 X56.302 Y59.516 E-.02889
G1 X56.318 Y59.458 E-.02858
G1 X56.376 Y59.443 E-.02846
G1 X56.419 Y59.485 E-.02855
;WIPE_END
G1 E-1.35694 F3600
G1 X52.09 Y15.859 F9000
G1 E5 F2400
;TYPE:Internal infill
;WIDTH:0.44
G1 F3600
G1 X53.965 Y15.859 E.0506
G1 X53.698 Y15.592 E.01019
G1 X52.155 Y15.592 E.04164
G1 X51.887 Y15.859 E.01021
G1 X46.316 Y15.859 E.15033
G1 X46.048 Y15.592 E.01021
G1 X44.505 Y15.592 E.04164
G1 X44.238 Y15.859 E.01019
G1 X38.667 Y15.859 E.15033
G1 X38.399 Y15.592 E.01021
G1 X36.856 Y15.592 E.04164
G1 X36.589 Y15.859 E.01019
G1 X31.017 Y15.859 E.15036
G1 X30.75 Y15.592 E.01019
G1 X29.207 Y15.592 E.04164
G1 X28.94 Y15.859 E.01019
G1 X23.368 Y15.859 E.15036
G1 X23.101 Y15.592 E.01019
G1 X21.558 Y15.592 E.04164
G1 X21.29 Y15.859 E.01021
G1 X23.165 Y15.859 E.0506
;LAYER_CHANGE
;Z:4.68
;HEIGHT:0.16
;BEFORE_LAYER_CHANGE
G92 E0
;4.68


G1 E-3.5 F3600
;WIPE_START
G1 F7200
G1 X21.29 Y15.859 E-.89063
G1 X21.558 Y15.592 E-.17969
G1 X22.462 Y15.592 E-.42968
;WIPE_END
G1 Z4.68 F9000
;AFTER_LAYER_CHANGE
;4.68
G1 X35.869 Y34.544
G1 E5 F2400
;TYPE:Perimeter
;WIDTH:0.439999
G1 F1800
G1 X36.198 Y34.34 E.01045
G1 X36.807 Y34.115 E.01752
G1 X37.448 Y34.015 E.01751
G1 X38.096 Y34.044 E.0175
G1 X38.725 Y34.201 E.01749
G1 X39.311 Y34.479 E.0175
G1 X39.831 Y34.868 E.01752
G1 X40.263 Y35.352 E.01751
G1 X40.59 Y35.912 E.0175
G1 X40.8 Y36.526 E.01751
G1 X40.884 Y37.169 E.0175
G1 X40.839 Y37.816 E.0175
G1 X40.667 Y38.442 E.01752
G1 X40.374 Y39.021 E.01751
G1 X40.059 Y39.439 E.01412
G1 X39.608 Y39.855 E.01656
G1 X39.057 Y40.196 E.01749
G1 X38.449 Y40.421 E.01749
G1 X37.855 Y40.515 E.01623
G1 X37.16 Y40.492 E.01876
G1 X36.53 Y40.336 E.01751
G1 X36.021 Y40.097 E.01517
G1 X35.778 Y39.95 E.00766
G1 X35.379 Y39.629 E.01382
G1 X34.993 Y39.184 E.0159
G1 X34.665 Y38.624 E.01751
G1 X34.455 Y38.01 E.01751
G1 X34.372 Y37.378 E.0172
G1 X34.394 Y36.858 E.01404
G1 X34.534 Y36.247 E.01692
G1 X34.797 Y35.654 E.01751
G1 X35.173 Y35.126 E.01749
G1 X35.646 Y34.682 E.01751
G1 X35.818 Y34.576 E.00545
G1 X36.087 Y34.882 F9000
G1 F1800
G1 X36.401 Y34.692 E.0099
G1 X36.936 Y34.5 E.01534
G1 X37.498 Y34.418 E.01533
G1 X38.08 Y34.45 E.01573
G1 X38.615 Y34.591 E.01493
G1 X39.126 Y34.84 E.01534
G1 X39.578 Y35.185 E.01534
G1 X39.952 Y35.613 E.01534
G1 X40.234 Y36.106 E.01533
G1 X40.412 Y36.645 E.01532
G1 X40.481 Y37.209 E.01533
G1 X40.436 Y37.776 E.01535
G1 X40.279 Y38.322 E.01533
G1 X40.018 Y38.827 E.01534
G1 X39.709 Y39.223 E.01355
G1 X39.292 Y39.589 E.01497
G1 X38.854 Y39.844 E.01368
G1 X38.32 Y40.036 E.01531
G1 X37.805 Y40.113 E.01405
G1 X37.19 Y40.088 E.01661
G1 X36.64 Y39.945 E.01534
G1 X36.129 Y39.696 E.01534
G1 X35.695 Y39.365 E.01473
G1 X35.304 Y38.924 E.0159
G1 X35.022 Y38.43 E.01535
G1 X34.843 Y37.891 E.01533
G1 X34.775 Y37.337 E.01506
G1 X34.805 Y36.834 E.0136
G1 X34.927 Y36.347 E.01355
G1 X35.163 Y35.83 E.01534
G1 X35.497 Y35.371 E.01532
G1 X35.915 Y34.986 E.01534
G1 X36.035 Y34.913 E.00379
G1 X36.298 Y35.209 F9000
;TYPE:External perimeter
;WIDTH:0.419999
G1 F1800
G1 X36.735 Y34.984 E.01261
G1 X37.218 Y34.851 E.01285
G1 X37.571 Y34.809 E.00912
G1 X38.074 Y34.85 E.01295
G1 X38.544 Y34.986 E.01255
G1 X38.978 Y35.213 E.01257
G1 X39.358 Y35.521 E.01255
G1 X39.67 Y35.899 E.01257
G1 X39.901 Y36.331 E.01257
G1 X40.042 Y36.8 E.01256
G1 X40.087 Y37.287 E.01255
G1 X40.034 Y37.774 E.01257
G1 X39.886 Y38.241 E.01257
G1 X39.558 Y38.782 E.01623
G1 X39.411 Y38.962 E.00596
G1 X38.987 Y39.311 E.01409
G1 X38.488 Y39.562 E.01433
G1 X38.146 Y39.671 E.00921
G1 X37.67 Y39.727 E.0123
G1 X37.182 Y39.686 E.01256
G1 X36.711 Y39.55 E.01258
G1 X36.277 Y39.323 E.01257
G1 X35.897 Y39.015 E.01255
G1 X35.567 Y38.604 E.01352
G1 X35.323 Y38.104 E.01427
G1 X35.214 Y37.737 E.00982
G1 X35.168 Y37.263 E.01222
G1 X35.199 Y36.882 E.00981
G1 X35.323 Y36.409 E.01254
G1 X35.539 Y35.969 E.01257
G1 X35.863 Y35.559 E.01341
G1 X36.249 Y35.243 E.0128
G1 E-3.5 F3600
;WIPE_START
G1 F7200
G1 X36.298 Y35.209 E-.02833
G1 X36.735 Y34.984 E-.23347
G1 X37.218 Y34.851 E-.23796
G1 X37.571 Y34.809 E-.16886
G1 X38.074 Y34.85 E-.23972
G1 X38.544 Y34.986 E-.23241
G1 X38.978 Y35.213 E-.23265
G1 X39.185 Y35.381 E-.1266
;WIPE_END
G1 X26.341 Y26.544 F9000
G1 E5 F2400
;TYPE:Perimeter
;WIDTH:0.439999
G1 F1800
G1 X26.182 Y26.745 E.00692
G1 X25.64 Y27.202 E.01913
G1 X25.019 Y27.542 E.0191
G1 X24.343 Y27.753 E.01911
G1 X23.485 Y27.821 E.02323
G1 X22.76 Y27.718 E.01976
G1 X22.093 Y27.478 E.01913
G1 X21.488 Y27.11 E.01911
G1 X20.967 Y26.63 E.01912
G1 X20.552 Y26.056 E.01911
G1 X20.258 Y25.411 E.01913
G1 X20.099 Y24.721 E.01911
G1 X20.079 Y24.012 E.01914
G1 X20.2 Y23.314 E.01912
G1 X20.538 Y22.51 E.02354
G1 X20.954 Y21.921 E.01946
G1 X21.471 Y21.438 E.01909
G1 X22.075 Y21.067 E.01913
G1 X22.74 Y20.823 E.01911
G1 X23.44 Y20.715 E.01911
G1 X24.148 Y20.748 E.01913
G1 X24.835 Y20.921 E.01912
G1 X25.474 Y21.227 E.01912
G1 X26.04 Y21.653 E.01912
G1 X26.51 Y22.183 E.01912
G1 X26.866 Y22.795 E.01911
G1 X27.094 Y23.466 E.01912
G1 X27.184 Y24.169 E.01913
G1 X27.133 Y24.876 E.01913
G1 X26.889 Y25.697 E.02311
G1 X26.622 Y26.19 E.01513
G1 X26.378 Y26.497 E.01058
G1 X26.032 Y26.285 F9000
G1 F1800
G1 X25.871 Y26.484 E.00691
G1 X25.387 Y26.885 E.01696
G1 X24.834 Y27.181 E.01693
G1 X24.233 Y27.363 E.01695
G1 X23.465 Y27.416 E.02077
G1 X22.83 Y27.319 E.01733
G1 X22.242 Y27.1 E.01693
G1 X21.708 Y26.77 E.01694
G1 X21.25 Y26.339 E.01697
G1 X20.887 Y25.827 E.01694
G1 X20.632 Y25.253 E.01695
G1 X20.496 Y24.64 E.01694
G1 X20.485 Y24.012 E.01695
G1 X20.598 Y23.395 E.01693
G1 X20.907 Y22.677 E.02109
G1 X21.277 Y22.166 E.01702
G1 X21.74 Y21.742 E.01694
G1 X22.278 Y21.418 E.01695
G1 X22.869 Y21.207 E.01693
G1 X23.491 Y21.118 E.01696
G1 X24.117 Y21.153 E.01692
G1 X24.725 Y21.312 E.01696
G1 X25.289 Y21.588 E.01694
G1 X25.787 Y21.97 E.01694
G1 X26.2 Y22.444 E.01696
G1 X26.51 Y22.989 E.01692
G1 X26.706 Y23.586 E.01696
G1 X26.78 Y24.209 E.01693
G1 X26.73 Y24.835 E.01695
G1 X26.51 Y25.547 E.02011
G1 X26.266 Y25.996 E.01379
G1 X26.069 Y26.239 E.00844
G1 X25.732 Y26.034 F9000
;TYPE:External perimeter
;WIDTH:0.419999
G1 F1800
G1 X25.551 Y26.248 E.00719
G1 X25.141 Y26.575 E.01345
G1 X24.654 Y26.829 E.01409
G1 X24.126 Y26.982 E.0141
G1 X23.445 Y27.021 E.0175
G1 X22.899 Y26.929 E.0142
G1 X22.386 Y26.732 E.0141
G1 X21.922 Y26.437 E.01411
G1 X21.526 Y26.056 E.0141
G1 X21.214 Y25.604 E.01409
G1 X20.997 Y25.1 E.01408
G1 X20.884 Y24.562 E.0141
G1 X20.88 Y24.012 E.01411
G1 X20.986 Y23.473 E.01409
G1 X21.267 Y22.841 E.01774
G1 X21.592 Y22.406 E.01393
G1 X22.002 Y22.039 E.01412
G1 X22.475 Y21.761 E.01408
G1 X22.995 Y21.582 E.01411
G1 X23.54 Y21.51 E.0141
G1 X24.088 Y21.548 E.01409
G1 X24.618 Y21.693 E.0141
G1 X25.108 Y21.94 E.01408
G1 X25.54 Y22.28 E.0141
G1 X25.897 Y22.698 E.0141
G1 X26.163 Y23.179 E.0141
G1 X26.328 Y23.703 E.01409
G1 X26.387 Y24.249 E.01409
G1 X26.336 Y24.796 E.01409
G1 X26.125 Y25.426 E.01704
G1 X25.875 Y25.864 E.01294
G1 X25.77 Y25.988 E.00417
G1 E-3.5 F3600
;WIPE_START
G1 F7200
G1 X25.732 Y26.034 E-.02834
G1 X25.551 Y26.248 E-.13313
G1 X25.141 Y26.575 E-.24911
G1 X24.654 Y26.829 E-.2609
G1 X24.126 Y26.982 E-.26112
G1 X23.445 Y27.021 E-.32401
G1 X22.94 Y26.936 E-.24339
;WIPE_END
G1 X48.08 Y24.445 F9000
G1 E5 F2400
;TYPE:Perimeter
;WIDTH:0.439999
G1 F1800
G1 X48.072 Y24.379 E.00179
G1 X48.098 Y23.814 E.01526
G1 X48.252 Y23.145 E.01852
G1 X48.541 Y22.498 E.01912
G1 X48.953 Y21.922 E.01911
G1 X49.471 Y21.438 E.01913
G1 X50.075 Y21.067 E.01913
G1 X50.74 Y20.823 E.01911
G1 X51.44 Y20.715 E.01911
G1 X51.992 Y20.729 E.0149
G1 X52.496 Y20.818 E.01381
G1 X53.162 Y21.058 E.0191
G1 X53.768 Y21.426 E.01913
G1 X54.288 Y21.906 E.0191
G1 X54.704 Y22.48 E.01913
G1 X54.997 Y23.125 E.01912
G1 X55.157 Y23.815 E.01911
G1 X55.176 Y24.524 E.01914
G1 X55.055 Y25.222 E.01912
G1 X54.798 Y25.882 E.01911
G1 X54.317 Y26.594 E.02319
G1 X53.784 Y27.098 E.01979
G1 X53.181 Y27.469 E.0191
G1 X52.516 Y27.713 E.01911
G1 X51.815 Y27.821 E.01914
G1 X51.108 Y27.788 E.0191
G1 X50.421 Y27.615 E.01912
G1 X49.781 Y27.309 E.01914
G1 X49.215 Y26.883 E.01912
G1 X48.745 Y26.353 E.01912
G1 X48.389 Y25.741 E.01911
G1 X48.161 Y25.069 E.01915
G1 X48.088 Y24.505 E.01535
G1 X48.486 Y24.425 F9000
G1 F1800
G1 X48.475 Y24.338 E.00237
G1 X48.508 Y23.793 E.01473
G1 X48.645 Y23.245 E.01524
G1 X48.907 Y22.674 E.01695
G1 X49.277 Y22.167 E.01694
G1 X49.74 Y21.742 E.01696
G1 X50.278 Y21.418 E.01695
G1 X50.869 Y21.207 E.01693
G1 X51.491 Y21.118 E.01696
G1 X51.922 Y21.128 E.01163
G1 X52.425 Y21.217 E.01378
G1 X53.014 Y21.436 E.01696
G1 X53.548 Y21.767 E.01695
G1 X54.005 Y22.197 E.01693
G1 X54.368 Y22.709 E.01694
G1 X54.623 Y23.283 E.01695
G1 X54.759 Y23.896 E.01694
G1 X54.771 Y24.524 E.01695
G1 X54.658 Y25.141 E.01693
G1 X54.425 Y25.724 E.01694
G1 X53.988 Y26.358 E.02078
G1 X53.516 Y26.794 E.01734
G1 X52.978 Y27.118 E.01695
G1 X52.386 Y27.329 E.01696
G1 X51.765 Y27.418 E.01693
G1 X51.138 Y27.383 E.01695
G1 X50.53 Y27.224 E.01696
G1 X49.966 Y26.948 E.01694
G1 X49.468 Y26.566 E.01694
G1 X49.056 Y26.092 E.01695
G1 X48.745 Y25.547 E.01693
G1 X48.549 Y24.95 E.01696
G1 X48.493 Y24.485 E.01264
G1 X48.881 Y24.405 F9000
;TYPE:External perimeter
;WIDTH:0.419999
G1 F1800
G1 X48.869 Y24.298 E.00276
G1 X48.902 Y23.838 E.01183
G1 X49.028 Y23.342 E.01313
G1 X49.263 Y22.846 E.01408
G1 X49.592 Y22.405 E.01412
G1 X50.002 Y22.039 E.0141
G1 X50.475 Y21.761 E.01408
G1 X50.995 Y21.582 E.01411
G1 X51.54 Y21.51 E.0141
G1 X51.853 Y21.518 E.00803
G1 X52.356 Y21.607 E.0131
G1 X52.869 Y21.804 E.0141
G1 X53.333 Y22.099 E.01411
G1 X53.729 Y22.48 E.0141
G1 X54.042 Y22.932 E.0141
G1 X54.259 Y23.436 E.01408
G1 X54.371 Y23.974 E.0141
G1 X54.375 Y24.524 E.01411
G1 X54.27 Y25.063 E.01409
G1 X54.06 Y25.571 E.0141
G1 X53.666 Y26.127 E.01748
G1 X53.254 Y26.497 E.01421
G1 X52.78 Y26.775 E.0141
G1 X52.26 Y26.954 E.01411
G1 X51.716 Y27.026 E.01408
G1 X51.167 Y26.989 E.01412
G1 X50.638 Y26.843 E.01408
G1 X50.147 Y26.596 E.0141
G1 X49.715 Y26.257 E.01409
G1 X49.359 Y25.838 E.01411
G1 X49.093 Y25.357 E.0141
G1 X48.927 Y24.833 E.0141
G1 X48.887 Y24.465 E.0095
G1 E-3.5 F3600
;WIPE_START
G1 F7200
G1 X48.881 Y24.405 E-.02864
G1 X48.869 Y24.298 E-.05114
G1 X48.902 Y23.838 E-.21906
G1 X49.028 Y23.342 E-.24308
G1 X49.263 Y22.846 E-.26071
G1 X49.592 Y22.405 E-.26135
G1 X50.002 Y22.039 E-.26106
G1 X50.32 Y21.852 E-.17496
;WIPE_END
G1 X51.187 Y46.754 F9000
G1 E5 F2400
;TYPE:Perimeter
;WIDTH:0.439999
G1 F1800
G1 X51.44 Y46.715 E.00691
G1 X51.992 Y46.729 E.0149
G1 X52.496 Y46.818 E.01381
G1 X53.162 Y47.058 E.0191
G1 X53.768 Y47.426 E.01913
G1 X54.288 Y47.906 E.0191
G1 X54.704 Y48.48 E.01913
G1 X54.997 Y49.125 E.01912
G1 X55.157 Y49.815 E.01911
G1 X55.176 Y50.524 E.01914
G1 X55.055 Y51.222 E.01912
G1 X54.798 Y51.882 E.01911
G1 X54.317 Y52.594 E.02319
G1 X53.784 Y53.098 E.01979
G1 X53.181 Y53.469 E.0191
G1 X52.656 Y53.666 E.01513
G1 X52.323 Y53.757 E.00932
G1 X51.815 Y53.821 E.01382
G1 X51.108 Y53.788 E.0191
G1 X50.421 Y53.615 E.01912
G1 X49.781 Y53.309 E.01914
G1 X49.215 Y52.883 E.01912
G1 X48.745 Y52.353 E.01912
G1 X48.389 Y51.741 E.01911
G1 X48.161 Y51.069 E.01915
G1 X48.072 Y50.379 E.01877
G1 X48.098 Y49.814 E.01526
G1 X48.252 Y49.145 E.01852
G1 X48.541 Y48.498 E.01912
G1 X48.945 Y47.932 E.01877
G1 X49.471 Y47.438 E.01947
G1 X50.075 Y47.067 E.01913
G1 X50.74 Y46.823 E.01911
G1 X51.128 Y46.763 E.01059
G1 X51.237 Y47.154 F9000
G1 F1800
G1 X51.491 Y47.118 E.00692
G1 X51.922 Y47.128 E.01163
G1 X52.425 Y47.217 E.01378
G1 X53.014 Y47.436 E.01696
G1 X53.548 Y47.767 E.01695
G1 X54.005 Y48.197 E.01693
G1 X54.368 Y48.709 E.01694
G1 X54.623 Y49.283 E.01695
G1 X54.759 Y49.896 E.01694
G1 X54.771 Y50.524 E.01695
G1 X54.658 Y51.141 E.01693
G1 X54.425 Y51.724 E.01694
G1 X53.988 Y52.358 E.02078
G1 X53.516 Y52.794 E.01734
G1 X52.978 Y53.118 E.01695
G1 X52.386 Y53.329 E.01696
G1 X51.765 Y53.418 E.01693
G1 X51.138 Y53.383 E.01695
G1 X50.53 Y53.224 E.01696
G1 X49.966 Y52.948 E.01694
G1 X49.468 Y52.566 E.01694
G1 X49.056 Y52.092 E.01695
G1 X48.745 Y51.547 E.01693
G1 X48.549 Y50.95 E.01696
G1 X48.475 Y50.338 E.01663
G1 X48.508 Y49.794 E.01471
G1 X48.645 Y49.245 E.01527
G1 X48.907 Y48.674 E.01695
G1 X49.269 Y48.177 E.01659
G1 X49.74 Y47.742 E.0173
G1 X50.278 Y47.418 E.01695
G1 X50.869 Y47.207 E.01693
G1 X51.178 Y47.163 E.00842
G1 X51.286 Y47.544 F9000
;TYPE:External perimeter
;WIDTH:0.419999
G1 F1800
G1 X51.54 Y47.51 E.00657
G1 X51.853 Y47.518 E.00803
G1 X52.356 Y47.607 E.0131
G1 X52.869 Y47.804 E.0141
G1 X53.333 Y48.099 E.01411
G1 X53.729 Y48.48 E.0141
G1 X54.042 Y48.932 E.0141
G1 X54.259 Y49.436 E.01408
G1 X54.371 Y49.974 E.0141
G1 X54.375 Y50.524 E.01411
G1 X54.27 Y51.063 E.01409
G1 X54.06 Y51.571 E.0141
G1 X53.666 Y52.127 E.01748
G1 X53.254 Y52.497 E.01421
G1 X52.78 Y52.775 E.0141
G1 X52.26 Y52.954 E.01411
G1 X51.716 Y53.026 E.01408
G1 X51.167 Y52.989 E.01412
G1 X50.638 Y52.843 E.01408
G1 X50.147 Y52.596 E.0141
G1 X49.715 Y52.257 E.01409
G1 X49.359 Y51.838 E.01411
G1 X49.093 Y51.357 E.0141
G1 X48.927 Y50.833 E.0141
G1 X48.869 Y50.298 E.01381
G1 X48.902 Y49.838 E.01183
G1 X49.029 Y49.339 E.01321
G1 X49.263 Y48.846 E.014
G1 X49.584 Y48.416 E.01377
G1 X50.002 Y48.039 E.01444
G1 X50.475 Y47.761 E.01408
G1 X50.995 Y47.582 E.01411
G1 X51.227 Y47.552 E.006
G1 E-3.5 F3600
;WIPE_START
G1 F7200
G1 X51.286 Y47.544 E-.02828
G1 X51.54 Y47.51 E-.12173
G1 X51.853 Y47.518 E-.14872
G1 X52.356 Y47.607 E-.24264
G1 X52.869 Y47.804 E-.26102
G1 X53.333 Y48.099 E-.26117
G1 X53.729 Y48.48 E-.26102
G1 X53.939 Y48.783 E-.17542
;WIPE_END
G1 X27.16 Y49.915 F9000
G1 E5 F2400
;TYPE:Perimeter
;WIDTH:0.439999
G1 F1800
G1 X27.176 Y50.383 E.01264
G1 X27.157 Y50.721 E.00914
G1 X27.055 Y51.222 E.0138
G1 X26.798 Y51.882 E.01911
G1 X26.416 Y52.478 E.0191
G1 X25.922 Y52.987 E.01914
G1 X25.338 Y53.388 E.01912
G1 X24.686 Y53.665 E.01912
G1 X23.84 Y53.817 E.02319
G1 X23.108 Y53.788 E.01977
G1 X22.437 Y53.619 E.01867
G1 X21.781 Y53.309 E.01958
G1 X21.215 Y52.883 E.01912
G1 X20.745 Y52.353 E.01912
G1 X20.389 Y51.741 E.01911
G1 X20.161 Y51.069 E.01915
G1 X20.072 Y50.379 E.01877
G1 X20.098 Y49.814 E.01526
G1 X20.252 Y49.145 E.01852
G1 X20.541 Y48.498 E.01912
G1 X20.953 Y47.922 E.01911
G1 X21.471 Y47.438 E.01913
G1 X22.075 Y47.067 E.01913
G1 X22.74 Y46.823 E.01911
G1 X23.44 Y46.715 E.01911
G1 X23.992 Y46.729 E.0149
G1 X24.496 Y46.818 E.01381
G1 X25.162 Y47.058 E.0191
G1 X25.768 Y47.426 E.01913
G1 X26.273 Y47.891 E.01852
G1 X26.657 Y48.412 E.01747
G1 X26.94 Y48.99 E.01737
G1 X27.055 Y49.314 E.00928
G1 X27.157 Y49.815 E.0138
G1 X27.158 Y49.855 E.00108
G1 X26.76 Y49.955 F9000
G1 F1800
G1 X26.771 Y50.524 E.01536
G1 X26.658 Y51.141 E.01693
G1 X26.425 Y51.724 E.01694
G1 X26.081 Y52.25 E.01696
G1 X25.639 Y52.696 E.01694
G1 X25.118 Y53.047 E.01695
G1 X24.538 Y53.287 E.01694
G1 X23.78 Y53.416 E.02075
G1 X23.138 Y53.383 E.01735
G1 X22.547 Y53.229 E.01648
G1 X21.966 Y52.948 E.01742
G1 X21.468 Y52.566 E.01694
G1 X21.056 Y52.092 E.01695
G1 X20.745 Y51.547 E.01693
G1 X20.549 Y50.95 E.01696
G1 X20.475 Y50.338 E.01663
G1 X20.502 Y49.843 E.01338
G1 X20.645 Y49.245 E.01659
G1 X20.907 Y48.674 E.01695
G1 X21.277 Y48.167 E.01694
G1 X21.74 Y47.742 E.01696
G1 X22.278 Y47.418 E.01695
G1 X22.869 Y47.207 E.01693
G1 X23.491 Y47.118 E.01696
G1 X23.922 Y47.128 E.01163
G1 X24.425 Y47.217 E.01378
G1 X25.014 Y47.436 E.01696
G1 X25.548 Y47.767 E.01695
G1 X25.989 Y48.181 E.01632
G1 X26.322 Y48.641 E.01532
G1 X26.566 Y49.148 E.01518
G1 X26.658 Y49.395 E.00711
G1 X26.759 Y49.895 E.01376
G1 X26.371 Y49.994 F9000
;TYPE:External perimeter
;WIDTH:0.419999
G1 F1800
G1 X26.375 Y50.524 E.0136
G1 X26.27 Y51.063 E.01409
G1 X26.06 Y51.571 E.0141
G1 X25.754 Y52.027 E.01409
G1 X25.363 Y52.413 E.0141
G1 X24.903 Y52.715 E.01412
G1 X24.393 Y52.919 E.01409
G1 X23.721 Y53.025 E.01745
G1 X23.167 Y52.989 E.01424
G1 X22.654 Y52.848 E.01365
G1 X22.147 Y52.596 E.01452
G1 X21.715 Y52.257 E.01409
G1 X21.359 Y51.838 E.01411
G1 X21.093 Y51.357 E.0141
G1 X20.927 Y50.833 E.0141
G1 X20.869 Y50.298 E.01381
G1 X20.897 Y49.872 E.01095
G1 X21.028 Y49.342 E.01401
G1 X21.263 Y48.846 E.01408
G1 X21.592 Y48.405 E.01412
G1 X22.002 Y48.039 E.0141
G1 X22.475 Y47.761 E.01408
G1 X22.995 Y47.582 E.01411
G1 X23.54 Y47.51 E.0141
G1 X23.853 Y47.518 E.00803
G1 X24.356 Y47.607 E.0131
G1 X24.869 Y47.804 E.0141
G1 X25.333 Y48.099 E.01411
G1 X25.713 Y48.464 E.01352
G1 X26.042 Y48.932 E.01468
G1 X26.259 Y49.436 E.01408
G1 X26.363 Y49.934 E.01305
G1 E-3.5 F3600
;WIPE_START
G1 F7200
G1 X26.371 Y49.994 E-.02875
G1 X26.375 Y50.524 E-.25176
G1 X26.27 Y51.063 E-.26084
G1 X26.06 Y51.571 E-.2611
G1 X25.754 Y52.027 E-.26085
G1 X25.363 Y52.413 E-.26098
G1 X25.054 Y52.616 E-.17572
;WIPE_END
G1 X18.139 Y60.257 F9000
G1 E5 F2400
;TYPE:Perimeter
;WIDTH:0.439999
G1 F3600
G1 X18.139 Y18.279 E1.13277
G1 X19.748 Y18.279 E.04342
G1 X20.046 Y18.195 E.00835
G1 X20.359 Y17.977 E.01029
G1 X20.563 Y17.667 E.01001
G1 X20.639 Y17.285 E.01051
G1 X20.639 Y15.279 E.05413
G1 X54.616 Y15.279 E.91686
G1 X54.616 Y17.424 E.05788
G1 X54.731 Y17.749 E.0093
G1 X54.967 Y18.043 E.01017
G1 X55.224 Y18.201 E.00814
G1 X55.611 Y18.279 E.01065
G1 X57.116 Y18.279 E.04061
G1 X57.116 Y60.257 E1.13277
G1 X18.199 Y60.257 E1.05017
G1 X17.733 Y60.662 F9000
G1 F3600
G1 X17.733 Y17.874 E1.15463
G1 X19.711 Y17.874 E.05338
G1 X19.978 Y17.77 E.00773
G1 X20.164 Y17.562 E.00753
G1 X20.233 Y17.285 E.0077
G1 X20.233 Y14.874 E.06506
G1 X55.022 Y14.874 E.93877
G1 X55.022 Y17.371 E.06738
G1 X55.119 Y17.609 E.00694
G1 X55.326 Y17.8 E.0076
G1 X55.611 Y17.874 E.00795
G1 X57.522 Y17.874 E.05157
G1 X57.522 Y60.662 E1.15463
G1 X17.793 Y60.662 E1.07208
G1 X17.338 Y61.058 F9000
;TYPE:External perimeter
;WIDTH:0.419999
G1 F1800
G1 X17.338 Y17.478 E1.11802
G1 X19.645 Y17.478 E.05918
G1 X19.769 Y17.432 E.00339
G1 X19.838 Y17.285 E.00417
G1 X19.838 Y14.478 E.07201
G1 X55.418 Y14.478 E.91278
G1 X55.418 Y17.285 E.07201
G1 X55.461 Y17.407 E.00332
G1 X55.611 Y17.478 E.00426
G1 X57.918 Y17.478 E.05918
G1 X57.918 Y61.058 E1.11802
G1 X17.398 Y61.058 E1.03952
G1 X18.484 Y59.834 F9000
;TYPE:Solid infill
;WIDTH:0.538422
G1 F3600
G1 X18.44 Y59.879 E.00211
G1 X18.456 Y59.94 E.00211
G1 X18.517 Y59.956 E.00211
G1 X18.561 Y59.911 E.00211
G1 X18.545 Y59.851 E.00208
;WIDTH:0.439999
G1 X18.451 Y59.203 E.01767
G1 X19.193 Y59.944 E.0283
G1 X19.767 Y59.944 E.01549
G1 X18.451 Y58.629 E.0502
G1 X18.451 Y58.055 E.01549
G1 X20.34 Y59.944 E.07209
G1 X20.914 Y59.944 E.01549
G1 X18.451 Y57.482 E.09397
G1 X18.451 Y56.908 E.01549
G1 X21.488 Y59.944 E.11588
G1 X22.062 Y59.944 E.01549
G1 X18.451 Y56.334 E.13778
G1 X18.451 Y55.76 E.01549
G1 X22.635 Y59.944 E.15967
G1 X23.209 Y59.944 E.01549
G1 X18.451 Y55.187 E.18156
G1 X18.451 Y54.613 E.01549
G1 X23.783 Y59.944 E.20346
G1 X24.356 Y59.944 E.01546
G1 X18.451 Y54.039 E.22535
G1 X18.451 Y53.466 E.01546
G1 X24.93 Y59.944 E.24723
G1 X25.504 Y59.944 E.01549
G1 X18.451 Y52.892 E.26914
G1 X18.451 Y52.318 E.01549
G1 X26.077 Y59.944 E.29103
G1 X26.651 Y59.944 E.01549
G1 X18.451 Y51.745 E.31291
G1 X18.451 Y51.171 E.01549
G1 X27.225 Y59.944 E.33482
G1 X28.115 Y60.033 F9000
;WIDTH:0.374336
G1 F3600
G1 X28.126 Y60.074 E.00096
G1 X28.055 Y60.093 E.00166
G1 X28.074 Y60.022 E.00166
;WIDTH:0.407168
G1 X27.936 Y59.983 E.00356
;WIDTH:0.439999
G1 X27.799 Y59.944 E.00384
G1 X18.451 Y50.597 E.35672
G1 X18.451 Y50.024 E.01546
G1 X19.987 Y51.559 E.0586
G1 X20.088 Y51.624 E.00324
;WIDTH:0.407168
G1 X20.189 Y51.688 E.00297
;WIDTH:0.374336
G1 X20.182 Y51.846 E.00358
G1 X20.485 Y52.263 E.01166
G1 X20.209 Y51.882 E.01064
G1 X19.805 Y50.803 F9000
;WIDTH:0.439999
G1 F3600
G1 X18.451 Y49.45 E.05165
G1 X18.451 Y44.86 E.12386
G1 X21.021 Y47.43 E.09808
G1 X20.702 Y47.737 E.01195
G1 X20.38 Y48.166 E.01447
G1 X20.028 Y48.851 E.02078
G1 X19.819 Y49.59 E.02072
G1 X19.762 Y50.187 E.01618
G1 X18.637 Y49.062 E.04293
G1 X18.857 Y48.733 E.01068
G1 X18.857 Y45.84 E.07807
G1 X20.44 Y47.423 E.06041
G1 X20.02 Y47.978 E.01878
G1 X19.638 Y48.738 E.02295
G1 X19.47 Y49.321 E.01637
G1 X19.003 Y48.873 E.01746
G1 X19.298 Y48.411 E.01479
;WIDTH:0.510526
G1 X19.298 Y46.904 E.04774
G1 X19.851 Y47.457 E.02477
G1 X19.629 Y47.775 E.01228
G1 X19.392 Y48.231 E.01628
G1 E-3.5
;WIPE_START
G1 F7200
G1 X19.629 Y47.775 E-.24411
G1 X19.851 Y47.457 E-.18422
G1 X19.298 Y46.904 E-.37148
G1 X19.298 Y48.378 E-.70019
;WIPE_END
G1 X21.325 Y47.16 F9000
G1 E5 F2400
;WIDTH:0.439999
G1 F3600
G1 X18.451 Y44.287 E.10966
G1 X18.451 Y43.713 E.01549
G1 X21.675 Y46.937 E.12304
G1 X22.049 Y46.737 E.01144
G1 X18.451 Y43.139 E.13731
G1 X18.451 Y42.566 E.01546
G1 X22.47 Y46.584 E.15336
G1 X22.925 Y46.465 E.01269
G1 X18.451 Y41.992 E.17072
G1 X18.451 Y41.418 E.01549
G1 X23.436 Y46.403 E.19024
G1 X24.026 Y46.419 E.01593
G1 X18.451 Y40.844 E.21275
G1 X18.451 Y40.271 E.01546
G1 X24.743 Y46.563 E.24012
G1 X24.881 Y46.636 E.00421
;WIDTH:0.407168
G1 X25.019 Y46.71 E.00388
;WIDTH:0.374336
G1 X25 Y46.781 E.00166
G1 X25.071 Y46.762 E.00166
G1 X25.06 Y46.721 E.00096
G1 E-3.5
;WIPE_START
G1 F7200
G1 X25.071 Y46.762 E-.02016
G1 X25 Y46.781 E-.03491
G1 X25.019 Y46.71 E-.03491
G1 X24.881 Y46.636 E-.07438
G1 X24.743 Y46.563 E-.07416
G1 X22.865 Y44.685 E-1.26148
;WIPE_END
G1 X22.059 Y53.726 F9000
G1 E5 F2400
G1 F3600
G1 X22.217 Y53.714 E.00358
G1 X22.554 Y53.808 E.00791
;WIDTH:0.407168
G1 X22.45 Y53.863 E.00292
;WIDTH:0.439999
G1 X22.346 Y53.918 E.00317
G1 X28.372 Y59.944 E.22997
G1 X28.946 Y59.944 E.01549
G1 X23.102 Y54.1 E.22302
G1 X23.714 Y54.139 E.01655
G1 X29.52 Y59.944 E.22155
G1 X30.093 Y59.944 E.01546
G1 X24.22 Y54.071 E.22413
G1 X24.705 Y53.983 E.0133
G1 X30.667 Y59.944 E.2275
G1 X31.241 Y59.944 E.01549
G1 X25.125 Y53.828 E.2334
G1 X25.515 Y53.645 E.01163
G1 X31.814 Y59.944 E.24038
G1 X32.388 Y59.944 E.01549
G1 X25.864 Y53.42 E.24897
G1 X26.185 Y53.167 E.01103
G1 X32.962 Y59.944 E.25863
G1 X33.535 Y59.944 E.01546
G1 X26.475 Y52.884 E.26943
G1 X26.732 Y52.567 E.01101
G1 X34.109 Y59.944 E.28152
G1 X34.683 Y59.944 E.01549
G1 X26.962 Y52.223 E.29465
G1 X27.15 Y51.837 E.01159
G1 X35.257 Y59.944 E.30938
G1 X35.83 Y59.944 E.01546
G1 X27.319 Y51.434 E.32478
G1 X27.42 Y50.961 E.01305
G1 X36.404 Y59.944 E.34283
G1 X36.978 Y59.944 E.01549
G1 X27.485 Y50.451 E.36227
G1 X27.476 Y49.869 E.01571
G1 X37.551 Y59.944 E.38449
G1 X38.125 Y59.944 E.01549
G1 X27.335 Y49.155 E.41175
G1 X27.255 Y48.997 E.00478
;WIDTH:0.407168
G1 X27.176 Y48.84 E.00436
;WIDTH:0.374336
G1 X27.187 Y48.881 E.00096
G1 X27.116 Y48.9 E.00166
G1 X27.135 Y48.829 E.00166
G1 X26.732 Y47.977 F9000
;WIDTH:0.439999
G1 F3600
G1 X38.699 Y59.944 E.45669
G1 E-3.5
;WIPE_START
G1 F7200
G1 X36.466 Y57.711 E-1.5
;WIPE_END
G1 X26.47 Y47.69 F9000
G1 E5 F2400
;WIDTH:0.405034
G1 F3600
G1 X26.189 Y47.41 E.00978
;WIDTH:0.439999
G1 X25.903 Y47.148 E.01047
G1 X18.451 Y39.697 E.28437
G1 X18.407 Y39.539 E.00443
;WIDTH:0.407168
G1 X18.363 Y39.38 E.00409
;WIDTH:0.374336
G1 X18.374 Y39.421 E.00096
G1 X18.303 Y39.44 E.00166
G1 X18.322 Y39.369 E.00166
;WIDTH:0.439999
G1 X18.451 Y39.123 E.0075
G1 X39.272 Y59.944 E.79458
G1 X39.846 Y59.944 E.01549
G1 X18.451 Y38.55 E.81646
G1 X18.451 Y37.976 E.01549
G1 X40.42 Y59.944 E.83837
G1 X40.993 Y59.944 E.01546
G1 X18.451 Y37.402 E.86025
G1 X18.451 Y36.829 E.01546
G1 X41.567 Y59.944 E.88214
G1 X42.141 Y59.944 E.01549
G1 X18.451 Y36.255 E.90405
G1 X18.451 Y35.681 E.01549
G1 X42.715 Y59.944 E.92595
G1 X43.288 Y59.944 E.01546
G1 X18.451 Y35.107 E.94784
G1 X18.451 Y34.534 E.01546
G1 X43.862 Y59.944 E.96972
G1 X44.436 Y59.944 E.01549
G1 X18.451 Y33.96 E.99163
G1 X18.451 Y33.386 E.01549
G1 X45.009 Y59.944 E1.01351
G1 X45.583 Y59.944 E.01549
G1 X18.451 Y32.813 E1.0354
G1 X18.451 Y32.239 E.01549
G1 X46.157 Y59.944 E1.05731
G1 X46.73 Y59.944 E.01546
G1 X18.451 Y31.665 E1.07919
G1 X18.451 Y31.092 E.01546
G1 X47.304 Y59.944 E1.10108
G1 X47.878 Y59.944 E.01549
G1 X18.451 Y30.518 E1.12298
G1 X18.451 Y29.944 E.01549
G1 X48.452 Y59.944 E1.14489
G1 X49.025 Y59.944 E.01546
G1 X18.451 Y29.371 E1.16675
G1 X18.451 Y28.797 E.01549
G1 X49.599 Y59.944 E1.18866
G1 X50.173 Y59.944 E.01549
G1 X18.451 Y28.223 E1.21057
G1 X18.451 Y27.649 E.01549
G1 X50.746 Y59.944 E1.23245
G1 X51.32 Y59.944 E.01549
G1 X18.451 Y27.076 E1.25434
G1 X18.451 Y26.502 E.01549
G1 X51.894 Y59.944 E1.27624
G1 X52.467 Y59.944 E.01546
G1 X18.451 Y25.928 E1.29813
G1 X18.451 Y25.355 E.01546
G1 X53.041 Y59.944 E1.32001
G1 X53.932 Y60.033 F9000
;WIDTH:0.374336
G1 F3600
G1 X53.943 Y60.074 E.00096
G1 X53.872 Y60.093 E.00166
G1 X53.891 Y60.022 E.00166
;WIDTH:0.407168
G1 X53.753 Y59.983 E.00356
;WIDTH:0.439999
G1 X53.615 Y59.944 E.00387
G1 X18.451 Y24.781 E1.34192
G1 X18.451 Y24.207 E.01549
G1 X20.112 Y25.868 E.06339
G1 X20.219 Y26.012 E.00484
;WIDTH:0.407168
G1 X20.325 Y26.155 E.00441
;WIDTH:0.374336
G1 X20.67 Y26.585 E.01247
G1 X21.194 Y27.119 E.01692
G1 X21.748 Y27.583 E.01634
;WIDTH:0.439999
G1 X22.035 Y27.79 E.00955
G1 X54.188 Y59.944 E1.22705
G1 X54.762 Y59.944 E.01549
G1 X22.871 Y28.053 E1.21703
G1 X22.742 Y27.959 E.00431
;WIDTH:0.407168
G1 X22.614 Y27.864 E.00395
;WIDTH:0.374336
G1 X22.625 Y27.905 E.00096
G1 X22.554 Y27.924 E.00166
G1 X22.573 Y27.853 E.00166
G1 X23.517 Y28.125 F9000
;WIDTH:0.439999
G1 F3600
G1 X34.686 Y39.294 E.42623
G1 X34.949 Y39.581 E.0105
;WIDTH:0.405914
G1 X35.267 Y39.906 E.01124
;WIDTH:0.439999
G1 X35.554 Y40.162 E.01038
G1 X55.336 Y59.944 E.75493
G1 E-3.5
;WIPE_START
G1 F7200
G1 X53.103 Y57.711 E-1.5
;WIPE_END
G1 X48.48 Y52.515 F9000
G1 E5 F2400
G1 F3600
G1 X36.653 Y40.688 E.45135
G1 X36.598 Y40.594 E.00294
;WIDTH:0.407168
G1 X36.543 Y40.5 E.0027
;WIDTH:0.374336
G1 X36.367 Y40.521 E.00401
G1 X37.355 Y40.816 F9000
;WIDTH:0.439999
G1 F3600
G1 X47.944 Y51.405 E.4041
G1 X48.031 Y51.548 E.00452
;WIDTH:0.407168
G1 X48.117 Y51.69 E.00412
;WIDTH:0.374336
G1 X48.141 Y51.538 E.00348
G1 X48.121 Y51.461 E.0018
G1 X47.794 Y50.681 F9000
;WIDTH:0.439999
G1 F3600
G1 X37.926 Y40.813 E.37659
G1 X38.433 Y40.747 E.0138
G1 X47.769 Y50.083 E.35628
G1 X47.828 Y49.568 E.01399
G1 X38.865 Y40.605 E.34205
G1 X39.263 Y40.43 E.01173
G1 X47.945 Y49.111 E.33131
G1 X48.105 Y48.698 E.01195
G1 X39.628 Y40.221 E.3235
G1 X39.947 Y39.966 E.01102
G1 X48.292 Y48.311 E.31846
G1 X48.528 Y47.974 E.0111
G1 X40.249 Y39.694 E.31596
G1 X40.502 Y39.374 E.01101
G1 X48.775 Y47.647 E.31572
G1 X49.078 Y47.376 E.01097
G1 X40.723 Y39.021 E.31885
G1 X40.921 Y38.645 E.01147
G1 X49.39 Y47.114 E.3232
G1 X49.75 Y46.9 E.0113
G1 X41.061 Y38.212 E.33157
G1 X41.154 Y37.731 E.01322
G1 X50.132 Y46.708 E.3426
G1 X50.558 Y46.561 E.01216
G1 X41.195 Y37.198 E.35731
G1 X40.946 Y36.234 F9000
;WIDTH:0.374336
G1 F3600
G1 X40.927 Y36.305 E.00166
G1 X40.998 Y36.286 E.00166
G1 X40.987 Y36.245 E.00096
;WIDTH:0.407168
G1 X41.058 Y36.402 E.00427
;WIDTH:0.439999
G1 X41.13 Y36.559 E.00466
G1 X51.027 Y46.456 E.37769
G1 E-3.5
;WIPE_START
G1 F7200
G1 X48.794 Y44.223 E-1.5
;WIPE_END
G1 X48.746 Y52.802 F9000
G1 E5 F2400
;WIDTH:0.41052
G1 F3600
G1 X49.089 Y53.154 E.0123
;WIDTH:0.439999
G1 X49.375 Y53.41 E.01036
G1 X55.91 Y59.944 E.24937
G1 X56.483 Y59.944 E.01546
G1 X50.501 Y53.962 E.22829
G1 X50.523 Y53.884 E.00219
;WIDTH:0.407168
G1 X50.546 Y53.805 E.00204
;WIDTH:0.374336
G1 X50.369 Y53.76 E.00413
G1 X50.214 Y53.781 E.00354
G1 X51.221 Y54.109 F9000
;WIDTH:0.439999
G1 F3600
G1 X56.804 Y59.691 E.21304
G1 X56.804 Y59.118 E.01546
G1 X51.814 Y54.128 E.19043
G1 X52.329 Y54.069 E.01399
G1 X56.804 Y58.544 E.17078
G1 X56.804 Y57.97 E.01549
G1 X52.781 Y53.947 E.15353
G1 X53.206 Y53.799 E.01214
G1 X56.804 Y57.397 E.13731
G1 X56.804 Y56.823 E.01549
G1 X53.58 Y53.599 E.12304
G1 X53.931 Y53.376 E.01122
G1 X56.804 Y56.249 E.10964
G1 X56.804 Y55.676 E.01546
G1 X54.24 Y53.112 E.09785
G1 X54.527 Y52.825 E.01095
G1 X56.804 Y55.102 E.0869
G1 E-3.5
;WIPE_START
G1 F7200
G1 X54.571 Y52.869 E-1.5
;WIPE_END
G1 X55.321 Y49.149 F9000
G1 E5 F2400
G1 F3600
G1 X55.364 Y49.263 E.00329
G1 X55.486 Y49.983 E.01971
G1 X55.471 Y50.722 E.01995
G1 X55.294 Y51.504 E.02164
G1 X55.088 Y51.998 E.01444
G1 X54.766 Y52.491 E.01589
G1 X56.804 Y54.528 E.07776
G1 X56.804 Y50.369 E.11223
G1 X56.661 Y50.369 E.00386
G1 X55.251 Y48.959 E.05381
G1 X55.919 Y50.243 F9000
;WIDTH:0.499267
G1 F3600
G1 X56.369 Y50.677 E.01934
;WIDTH:0.509274
G1 X56.381 Y51.297 E.01959
;WIDTH:0.474637
G1 X56.398 Y51.677 E.01114
;WIDTH:0.439999
G1 X56.398 Y53.549 E.05052
G1 X55.288 Y52.438 E.04238
G1 X55.462 Y52.156 E.00894
G1 X55.689 Y51.596 E.01631
;WIDTH:0.469633
G1 X55.797 Y51.183 E.01236
;WIDTH:0.499267
G1 X55.905 Y50.77 E.0132
G1 X55.913 Y50.445 E.01005
G1 X55.889 Y52.294 F9000
;WIDTH:0.610714
G1 F3600
G1 X55.838 Y52.345 E.00277
G1 X55.856 Y52.414 E.00273
G1 X55.926 Y52.433 E.00278
G1 X55.977 Y52.382 E.00277
G1 X55.958 Y52.312 E.00278
G1 E-3.5
;WIPE_START
G1 F7200
G1 X55.977 Y52.382 E-.03445
G1 X55.926 Y52.433 E-.03426
G1 X55.856 Y52.414 E-.03445
G1 X55.838 Y52.345 E-.03387
G1 X55.889 Y52.294 E-.03426
;WIPE_END
G1 E-1.32871 F3600
G1 X55.903 Y24.031 F9000
G1 E5 F2400
;WIDTH:0.493718
G1 F3600
G1 X55.912 Y24.391 E.011
;WIDTH:0.509275
G1 X55.895 Y24.863 E.01492
G1 X55.792 Y25.23 E.01204
;WIDTH:0.474637
G1 X55.689 Y25.596 E.01114
;WIDTH:0.439999
G1 X55.4 Y26.246 E.0192
G1 X55.226 Y26.56 E.00969
G1 X56.398 Y27.733 E.04475
G1 X56.398 Y25.677 E.05548
;WIDTH:0.474637
G1 X56.381 Y25.297 E.01114
;WIDTH:0.509275
G1 X56.364 Y24.917 E.01202
G1 X56.371 Y24.397 E.01643
;WIDTH:0.493718
G1 X56.371 Y24.285 E.00342
G1 X55.898 Y23.828 E.0201
G1 X56.035 Y25.701 F9000
;WIDTH:0.355515
G1 F3600
G1 X56.035 Y26.855 E.02466
G1 X55.681 Y26.502 E.01068
G1 X55.954 Y25.886 E.0144
G1 E-3.5
;WIPE_START
G1 F7200
G1 X55.681 Y26.502 E-.32005
G1 X56.035 Y26.855 E-.23746
G1 X56.035 Y25.701 E-.54815
;WIPE_END
G1 E-.39434 F3600
G1 X34.388 Y38.315 F9000
G1 E5 F2400
;WIDTH:0.374336
G1 F3600
G1 X34.378 Y38.525 E.00475
;WIDTH:0.407168
G1 X34.292 Y38.382 E.00414
;WIDTH:0.439999
G1 X34.205 Y38.24 E.00449
G1 X24.064 Y28.098 E.38702
G1 X24.551 Y28.012 E.01334
G1 X34.079 Y37.54 E.36361
G1 X34.078 Y36.966 E.01549
G1 X25.001 Y27.888 E.34642
G1 X25.385 Y27.699 E.01155
G1 X34.16 Y36.474 E.33487
G1 X34.279 Y36.019 E.01269
G1 X25.757 Y27.497 E.32522
G1 X26.079 Y27.245 E.01103
G1 X34.468 Y35.635 E.32016
G1 X34.678 Y35.27 E.01136
G1 X26.383 Y26.976 E.31654
G1 X26.645 Y26.664 E.01099
G1 X34.928 Y34.947 E.3161
G1 X35.209 Y34.655 E.01094
G1 X26.893 Y26.338 E.31738
G1 X27.092 Y25.964 E.01143
G1 X35.514 Y34.386 E.3214
G1 X35.875 Y34.173 E.01131
G1 X27.264 Y25.562 E.32862
G1 X27.396 Y25.121 E.01242
G1 X36.255 Y33.98 E.33808
G1 X36.682 Y33.833 E.01219
G1 X27.47 Y24.62 E.35157
G1 X27.477 Y24.054 E.01527
G1 X37.167 Y33.743 E.36977
G1 X37.703 Y33.706 E.0145
G1 X27.392 Y23.396 E.39347
G1 X27.306 Y23.253 E.0045
;WIDTH:0.407168
G1 X27.219 Y23.111 E.00413
;WIDTH:0.374336
G1 X27.204 Y23.301 E.00431
G1 X27.042 Y22.472 F9000
;WIDTH:0.439999
G1 F3600
G1 X38.346 Y33.775 E.43137
G1 X38.504 Y33.847 E.00469
;WIDTH:0.407168
G1 X38.663 Y33.92 E.00434
;WIDTH:0.374336
G1 X38.674 Y33.961 E.00096
G1 X38.603 Y33.98 E.00166
G1 X38.622 Y33.909 E.00166
G1 E-3.5
;WIPE_START
G1 F7200
G1 X38.603 Y33.98 E-.03491
G1 X38.674 Y33.961 E-.03491
G1 X38.663 Y33.92 E-.02016
G1 X38.504 Y33.847 E-.0831
G1 X38.346 Y33.775 E-.08248
G1 X36.493 Y31.922 E-1.24444
;WIPE_END
G1 X20.033 Y25.281 F9000
G1 E5 F2400
G1 F3600
G1 X20.044 Y25.322 E.00096
G1 X19.973 Y25.341 E.00166
G1 X19.992 Y25.27 E.00166
;WIDTH:0.407168
G1 X19.917 Y25.147 E.00357
;WIDTH:0.439999
G1 X19.842 Y25.024 E.00389
G1 X18.451 Y23.634 E.05306
G1 X18.451 Y18.591 E.13608
G1 X19.8 Y18.58 E.0364
G1 X20.261 Y18.433 E.01306
G1 X20.561 Y18.213 E.01004
G1 X20.778 Y17.929 E.00964
G1 X23.273 Y20.424 E.09521
G1 X22.752 Y20.496 E.01419
G1 X22.018 Y20.746 E.02092
G1 X21.346 Y21.14 E.02102
G1 X20.861 Y21.564 E.01738
G1 X20.385 Y22.159 E.02056
G1 X19.975 Y23.002 E.0253
G1 X19.79 Y23.783 E.02166
G1 X19.771 Y24.38 E.01612
G1 X18.637 Y23.245 E.0433
G1 X18.857 Y22.916 E.01068
G1 X18.857 Y18.993 E.10586
G1 X19.882 Y18.98 E.02766
G1 X20.393 Y18.817 E.01447
G1 X20.809 Y18.534 E.01358
G1 X22.446 Y20.171 E.06247
G1 X21.815 Y20.395 E.01807
G1 X21.08 Y20.833 E.02309
G1 X20.546 Y21.309 E.0193
G1 X20.021 Y21.98 E.02299
G1 X19.58 Y22.907 E.0277
G1 X19.442 Y23.477 E.01583
G1 X19.004 Y23.057 E.01638
G1 X19.263 Y22.601 E.01415
G1 X19.263 Y19.396 E.08649
G1 X19.938 Y19.382 E.01822
G1 X20.419 Y19.237 E.01356
G1 X20.77 Y19.068 E.01051
G1 X21.704 Y20.002 E.03564
G1 X20.814 Y20.527 E.02788
G1 X20.23 Y21.053 E.02121
G1 X19.658 Y21.8 E.02539
G1 X19.352 Y22.419 E.01863
G1 X19.668 Y21.103 F9000
G1 F3600
G1 X19.668 Y19.798 E.03522
G1 X19.994 Y19.784 E.00881
G1 X20.693 Y19.564 E.01977
G1 X21.036 Y19.908 E.01311
G1 X20.554 Y20.216 E.01544
G1 X20.089 Y20.619 E.0166
G1 X19.801 Y20.95 E.01184
G1 E-3.5
;WIPE_START
G1 F7200
G1 X20.089 Y20.619 E-.20841
G1 X20.554 Y20.216 E-.29228
G1 X21.036 Y19.908 E-.2717
G1 X20.693 Y19.564 E-.23075
G1 X19.994 Y19.784 E-.34808
G1 X19.681 Y19.798 E-.14878
;WIPE_END
G1 X20.93 Y17.507 F9000
G1 E5 F2400
G1 F3600
G1 X23.842 Y20.419 E.11113
G1 X24.775 Y20.639 F9000
;WIDTH:0.374336
G1 F3600
G1 X24.756 Y20.71 E.00166
G1 X24.827 Y20.691 E.00166
G1 X24.816 Y20.65 E.00096
;WIDTH:0.407168
G1 X24.658 Y20.576 E.00433
;WIDTH:0.439999
G1 X24.499 Y20.502 E.00473
G1 X20.88 Y16.867 E.13841
;WIDTH:0.407168
G1 X20.808 Y16.78 E.0028
;WIDTH:0.374336
G1 X20.819 Y16.822 E.00098
G1 X20.748 Y16.841 E.00166
G1 X20.767 Y16.769 E.00168
;WIDTH:0.439999
G1 X20.951 Y16.381 E.01159
G1 X25.417 Y20.847 E.17043
G1 X25.561 Y20.956 E.00487
;WIDTH:0.407168
G1 X25.704 Y21.065 E.00446
;WIDTH:0.374336
G1 X26.354 Y21.653 E.01982
G1 X26.822 Y22.185 E.01603
G1 E-3.5
;WIPE_START
G1 F7200
G1 X26.354 Y21.653 E-.33656
G1 X25.704 Y21.065 E-.41634
G1 X25.561 Y20.956 E-.08541
G1 X25.417 Y20.847 E-.08579
G1 X24.56 Y19.99 E-.5759
;WIPE_END
G1 X21.152 Y16.116 F9000
G1 E5 F2400
G1 F3600
G1 X21.133 Y16.187 E.00166
G1 X21.081 Y16.135 E.00166
G1 X21.111 Y16.105 E.00096
G1 X20.822 Y16.129 E.00656
;WIDTH:0.439999
G1 X21.409 Y16.265 E.01626
G1 X39.246 Y34.102 E.6807
G1 X39.389 Y34.207 E.00479
;WIDTH:0.407168
G1 X39.533 Y34.312 E.00442
;WIDTH:0.374336
G1 X40.091 Y34.813 E.01696
G1 X40.583 Y35.368 E.01677
;WIDTH:0.439999
G1 X40.799 Y35.655 E.00969
G1 X51.542 Y46.398 E.40998
G1 X51.699 Y46.448 E.00445
;WIDTH:0.407168
G1 X51.855 Y46.499 E.00407
;WIDTH:0.374336
G1 X51.866 Y46.54 E.00096
G1 X51.795 Y46.559 E.00166
G1 X51.814 Y46.488 E.00166
;WIDTH:0.439999
G1 X52.159 Y46.441 E.0094
G1 X21.983 Y16.265 E1.15159
G1 X22.556 Y16.265 E.01546
G1 X52.919 Y46.627 E1.1587
G1 X52.894 Y46.701 E.00211
;WIDTH:0.407168
G1 X52.869 Y46.775 E.00194
;WIDTH:0.374336
G1 X53.13 Y46.838 E.00607
G1 X53.206 Y46.824 E.00175
G1 E-3.5
;WIPE_START
G1 F7200
G1 X53.13 Y46.838 E-.03671
G1 X52.869 Y46.775 E-.12754
G1 X52.894 Y46.701 E-.0371
G1 X52.919 Y46.627 E-.0371
G1 X51.041 Y44.749 E-1.26155
;WIPE_END
G1 X56.804 Y49.939 F9000
G1 E5 F2400
;WIDTH:0.439999
G1 F3600
G1 X23.13 Y16.265 E1.28508
G1 X23.704 Y16.265 E.01549
G1 X56.804 Y49.365 E1.26317
G1 X56.804 Y48.791 E.01549
G1 X24.278 Y16.265 E1.24127
G1 X24.851 Y16.265 E.01546
G1 X56.804 Y48.218 E1.2194
G1 X56.804 Y47.644 E.01549
G1 X25.425 Y16.265 E1.19749
G1 X25.999 Y16.265 E.01549
G1 X56.804 Y47.07 E1.17559
G1 X56.804 Y46.496 E.01549
G1 X26.572 Y16.265 E1.1537
G1 X27.146 Y16.265 E.01549
G1 X56.804 Y45.923 E1.13182
G1 X56.804 Y45.349 E.01549
G1 X27.72 Y16.265 E1.10991
G1 X28.293 Y16.265 E.01546
G1 X56.804 Y44.775 E1.08803
G1 X56.804 Y44.202 E.01546
G1 X28.867 Y16.265 E1.06614
G1 X29.441 Y16.265 E.01549
G1 X56.804 Y43.628 E1.04423
G1 X56.804 Y43.054 E.01549
G1 X30.015 Y16.265 E1.02233
G1 X30.588 Y16.265 E.01546
G1 X56.804 Y42.481 E1.00046
G1 X56.804 Y41.907 E.01549
G1 X31.162 Y16.265 E.97856
G1 X31.736 Y16.265 E.01549
G1 X56.804 Y41.333 E.95665
G1 X56.804 Y40.76 E.01546
G1 X32.309 Y16.265 E.93479
G1 X32.883 Y16.265 E.01549
G1 X56.804 Y40.186 E.91288
G1 X56.804 Y39.612 E.01549
G1 X33.457 Y16.265 E.89097
G1 X34.03 Y16.265 E.01546
G1 X56.804 Y39.038 E.86909
G1 X56.804 Y38.465 E.01546
G1 X34.604 Y16.265 E.8472
G1 X35.178 Y16.265 E.01549
G1 X56.804 Y37.891 E.8253
G1 X56.804 Y37.317 E.01549
G1 X35.751 Y16.265 E.80341
G1 X36.325 Y16.265 E.01549
G1 X56.804 Y36.744 E.78153
G1 X56.804 Y36.17 E.01549
G1 X36.899 Y16.265 E.75962
G1 X37.473 Y16.265 E.01549
G1 X56.804 Y35.596 E.73772
G1 X56.953 Y34.706 F9000
;WIDTH:0.374336
G1 F3600
G1 X56.964 Y34.747 E.00096
G1 X56.893 Y34.766 E.00166
G1 X56.912 Y34.695 E.00166
;WIDTH:0.407168
G1 X56.858 Y34.859 E.00428
;WIDTH:0.439999
G1 X56.804 Y35.023 E.00466
G1 X38.046 Y16.265 E.71585
G1 X38.62 Y16.265 E.01549
G1 X48.024 Y25.669 E.35888
G1 X48.125 Y25.813 E.00475
;WIDTH:0.407168
G1 X48.226 Y25.956 E.00434
;WIDTH:0.374336
G1 X48.526 Y26.358 E.01134
G1 X48.843 Y26.703 E.0106
G1 X49.951 Y27.677 F9000
G1 F3600
G1 X50.112 Y27.673 E.00364
G1 X50.284 Y27.738 E.00416
G1 X50.148 Y27.701 E.00319
;WIDTH:0.407168
G1 X50.193 Y27.792 E.00252
;WIDTH:0.439999
G1 X50.238 Y27.883 E.00274
G1 X56.804 Y34.449 E.25057
G1 X56.804 Y33.875 E.01549
G1 X51.018 Y28.089 E.22081
G1 X51.638 Y28.135 E.01678
G1 X56.804 Y33.302 E.19717
G1 X56.804 Y32.728 E.01549
G1 X52.166 Y28.09 E.177
G1 X52.648 Y27.998 E.01324
G1 X56.804 Y32.154 E.1586
G1 X56.804 Y31.58 E.01549
G1 X53.078 Y27.854 E.14219
G1 X53.464 Y27.666 E.01159
G1 X56.804 Y31.007 E.12748
G1 X56.804 Y30.433 E.01549
G1 X53.824 Y27.453 E.11372
G1 X54.143 Y27.198 E.01102
G1 X56.804 Y29.859 E.10155
G1 X57.007 Y29.411 E.01327
;WIDTH:0.374336
G1 X57.018 Y29.452 E.00096
G1 X56.947 Y29.471 E.00166
G1 X56.966 Y29.4 E.00166
;WIDTH:0.407168
G1 X56.885 Y29.343 E.00246
;WIDTH:0.439999
G1 X56.804 Y29.286 E.00267
G1 X54.44 Y26.922 E.09022
G1 E-3.5
;WIPE_START
G1 F7200
G1 X56.673 Y29.155 E-1.5
;WIPE_END
G1 X48 Y25.139 F9000
G1 E5 F2400
;WIDTH:0.374336
G1 F3600
G1 X48.011 Y25.18 E.00096
G1 X47.94 Y25.199 E.00166
G1 X47.959 Y25.128 E.00166
;WIDTH:0.407168
G1 X47.887 Y25.007 E.00349
;WIDTH:0.439999
G1 X47.814 Y24.885 E.00384
G1 X39.194 Y16.265 E.32896
G1 X39.767 Y16.265 E.01546
G1 X47.759 Y24.257 E.30499
G1 X47.796 Y23.72 E.01453
G1 X40.341 Y16.265 E.2845
G1 X40.915 Y16.265 E.01549
G1 X47.907 Y23.257 E.26683
G1 X48.045 Y22.821 E.01234
G1 X41.488 Y16.265 E.25021
G1 X42.062 Y16.265 E.01549
G1 X48.228 Y22.431 E.23531
G1 X48.446 Y22.075 E.01126
G1 X42.636 Y16.265 E.22172
G1 X43.209 Y16.265 E.01546
G1 X48.693 Y21.748 E.20926
G1 X48.977 Y21.458 E.01095
G1 X43.783 Y16.265 E.1982
G1 X44.357 Y16.265 E.01549
G1 X49.283 Y21.19 E.18797
G1 X49.629 Y20.964 E.01115
G1 X44.931 Y16.265 E.17931
G1 X45.504 Y16.265 E.01546
G1 X49.999 Y20.76 E.17154
G1 X50.42 Y20.607 E.01209
G1 X46.078 Y16.265 E.1657
G1 X46.652 Y16.265 E.01549
G1 X50.861 Y20.474 E.16063
G1 X51.37 Y20.409 E.01385
G1 X47.225 Y16.265 E.15816
G1 X47.799 Y16.265 E.01549
G1 X51.942 Y20.408 E.15811
G1 X52.915 Y20.677 F9000
;WIDTH:0.374336
G1 F3600
G1 X52.896 Y20.748 E.00166
G1 X52.967 Y20.729 E.00166
G1 X52.956 Y20.688 E.00096
;WIDTH:0.407168
G1 X52.798 Y20.61 E.00437
;WIDTH:0.439999
G1 X52.639 Y20.531 E.00479
G1 X48.373 Y16.265 E.1628
G1 X48.946 Y16.265 E.01546
G1 X53.686 Y21.005 E.18089
G1 X53.973 Y21.242 E.01004
;WIDTH:0.374336
G1 X54.643 Y21.906 E.02133
;WIDTH:0.375542
G1 X54.648 Y21.912 E.00018
;WIDTH:0.407771
G1 X54.892 Y22.183 E.00906
;WIDTH:0.439999
G1 X55.137 Y22.455 E.00988
G1 X56.661 Y23.979 E.05816
G1 X56.804 Y23.979 E.00386
G1 X56.804 Y28.712 E.12772
G1 X54.695 Y26.603 E.08048
G1 X55.032 Y26.074 E.01693
G1 X55.294 Y25.504 E.01693
G1 X55.471 Y24.722 E.02164
G1 X55.486 Y23.983 E.01995
G1 X55.353 Y23.224 E.02079
G1 X55.072 Y22.507 E.02078
G1 X54.765 Y22.077 E.01426
G1 E-3.5
;WIPE_START
G1 F7200
G1 X55.072 Y22.507 E-.25096
G1 X55.353 Y23.224 E-.3658
G1 X55.486 Y23.983 E-.36602
G1 X55.471 Y24.722 E-.3511
G1 X55.394 Y25.063 E-.16612
;WIPE_END
G1 X56.804 Y23.549 F9000
G1 E5 F2400
G1 F3600
G1 X49.52 Y16.265 E.27797
G1 X50.094 Y16.265 E.01549
G1 X56.804 Y22.975 E.25607
G1 X56.804 Y22.401 E.01549
G1 X50.668 Y16.265 E.23416
G1 X51.241 Y16.265 E.01546
G1 X56.804 Y21.828 E.2123
G1 X56.804 Y21.254 E.01549
G1 X51.815 Y16.265 E.19039
G1 X52.389 Y16.265 E.01549
G1 X56.804 Y20.68 E.16849
G1 X56.878 Y20.522 E.00471
;WIDTH:0.407168
G1 X56.953 Y20.363 E.00436
;WIDTH:0.374336
G1 X56.964 Y20.404 E.00096
G1 X56.893 Y20.423 E.00166
G1 X56.912 Y20.352 E.00166
G1 E-3.5
;WIPE_START
G1 F7200
G1 X56.893 Y20.423 E-.03491
G1 X56.964 Y20.404 E-.03491
G1 X56.953 Y20.363 E-.02016
G1 X56.878 Y20.522 E-.08351
G1 X56.804 Y20.68 E-.08287
G1 X54.952 Y18.829 E-1.24364
;WIPE_END
G1 X54.362 Y17.665 F9000
G1 E5 F2400
;WIDTH:0.439999
G1 F3600
G1 X52.962 Y16.265 E.05343
G1 X53.369 Y16.051 E.01241
;WIDTH:0.374336
G1 X53.35 Y16.122 E.00166
G1 X53.421 Y16.103 E.00166
G1 X53.41 Y16.062 E.00096
;WIDTH:0.407168
G1 X53.473 Y16.163 E.00295
;WIDTH:0.439999
G1 X53.536 Y16.265 E.00324
G1 X54.304 Y17.033 E.02931
G1 X54.293 Y16.276 E.02043
;WIDTH:0.55383
G1 X54.31 Y16.339 E.00225
G1 X54.264 Y16.384 E.00222
G1 X54.201 Y16.368 E.00225
G1 X54.184 Y16.305 E.00225
G1 X54.23 Y16.259 E.00225
G1 X54.564 Y17.952 F9000
;WIDTH:0.374336
G1 F3600
G1 X54.94 Y18.329 E.01204
;WIDTH:0.407168
G1 X55.084 Y18.429 E.00435
;WIDTH:0.439999
G1 X55.227 Y18.53 E.00472
G1 X56.804 Y20.107 E.06018
G1 X57.007 Y19.659 E.01327
;WIDTH:0.374336
G1 X57.018 Y19.7 E.00096
G1 X56.947 Y19.719 E.00166
G1 X56.966 Y19.648 E.00166
;WIDTH:0.407168
G1 X56.885 Y19.59 E.00247
;WIDTH:0.439999
G1 X56.804 Y19.533 E.00267
G1 X55.863 Y18.592 E.03591
G1 X56.676 Y18.624 F9000
;WIDTH:0.655228
G1 F3600
G1 X56.621 Y18.679 E.00321
G1 X56.642 Y18.754 E.00322
G1 X56.716 Y18.774 E.00317
G1 X56.771 Y18.719 E.00321
G1 X56.751 Y18.644 E.00321
G1 E-3.5
;WIPE_START
G1 F7200
G1 X56.771 Y18.719 E-.03687
G1 X56.716 Y18.774 E-.03695
G1 X56.642 Y18.754 E-.03641
G1 X56.621 Y18.679 E-.037
G1 X56.676 Y18.624 E-.03695
;WIPE_END
G1 E-1.31582 F3600
G1 X52.09 Y15.859 F9000
G1 E5 F2400
;TYPE:Internal infill
;WIDTH:0.44
G1 F3600
G1 X53.965 Y15.859 E.0506
G1 X53.698 Y15.592 E.01019
G1 X52.155 Y15.592 E.04164
G1 X51.887 Y15.859 E.01021
G1 X46.316 Y15.859 E.15033
G1 X46.048 Y15.592 E.01021
G1 X44.505 Y15.592 E.04164
G1 X44.238 Y15.859 E.01019
G1 X38.667 Y15.859 E.15033
G1 X38.399 Y15.592 E.01021
G1 X36.856 Y15.592 E.04164
G1 X36.589 Y15.859 E.01019
G1 X31.017 Y15.859 E.15036
G1 X30.75 Y15.592 E.01019
G1 X29.207 Y15.592 E.04164
G1 X28.94 Y15.859 E.01019
G1 X23.368 Y15.859 E.15036
G1 X23.101 Y15.592 E.01019
G1 X21.558 Y15.592 E.04164
G1 X21.29 Y15.859 E.01021
G1 X23.165 Y15.859 E.0506
;LAYER_CHANGE
;Z:4.84
;HEIGHT:0.16
;BEFORE_LAYER_CHANGE
G92 E0
;4.84


G1 E-3.5 F3600
;WIPE_START
G1 F7200
G1 X21.29 Y15.859 E-.89063
G1 X21.558 Y15.592 E-.17969
G1 X22.462 Y15.592 E-.42968
;WIPE_END
G1 Z4.84 F9000
;AFTER_LAYER_CHANGE
;4.84
G1 X35.869 Y34.544
G1 E5 F2400
;TYPE:Perimeter
;WIDTH:0.439999
G1 F1800
G1 X36.198 Y34.34 E.01045
G1 X36.807 Y34.115 E.01752
G1 X37.448 Y34.015 E.01751
G1 X37.987 Y34.036 E.01456
G1 X38.291 Y34.078 E.00828
G1 X38.807 Y34.227 E.01449
G1 X39.311 Y34.479 E.01521
G1 X39.813 Y34.854 E.01691
G1 X40.263 Y35.352 E.01811
G1 X40.59 Y35.912 E.0175
G1 X40.8 Y36.526 E.01751
G1 X40.884 Y37.169 E.0175
G1 X40.839 Y37.816 E.0175
G1 X40.715 Y38.313 E.01382
G1 X40.481 Y38.833 E.01539
G1 X40.086 Y39.406 E.01878
G1 X39.609 Y39.854 E.01766
G1 X39.057 Y40.196 E.01752
G1 X38.449 Y40.421 E.01749
G1 X37.808 Y40.521 E.01751
G1 X37.16 Y40.492 E.0175
G1 X36.53 Y40.336 E.01751
G1 X35.944 Y40.057 E.01751
G1 X35.425 Y39.668 E.0175
G1 X34.993 Y39.184 E.01751
G1 X34.665 Y38.624 E.01751
G1 X34.455 Y38.01 E.01751
G1 X34.371 Y37.367 E.0175
G1 X34.394 Y36.856 E.0138
G1 X34.534 Y36.247 E.01686
G1 X34.797 Y35.654 E.01751
G1 X35.173 Y35.126 E.01749
G1 X35.646 Y34.682 E.01751
G1 X35.818 Y34.576 E.00545
G1 X36.087 Y34.882 F9000
G1 F1800
G1 X36.401 Y34.692 E.0099
G1 X36.936 Y34.5 E.01534
G1 X37.498 Y34.418 E.01533
G1 X38.065 Y34.448 E.01532
G1 X38.615 Y34.591 E.01534
G1 X39.126 Y34.84 E.01534
G1 X39.56 Y35.171 E.01473
G1 X39.952 Y35.613 E.01594
G1 X40.234 Y36.106 E.01533
G1 X40.412 Y36.645 E.01532
G1 X40.481 Y37.209 E.01533
G1 X40.436 Y37.776 E.01535
G1 X40.292 Y38.291 E.01443
G1 X40.066 Y38.754 E.0139
G1 X39.762 Y39.161 E.01371
G1 X39.341 Y39.55 E.01547
G1 X38.854 Y39.844 E.01535
G1 X38.32 Y40.036 E.01531
G1 X37.757 Y40.119 E.01536
G1 X37.19 Y40.088 E.01532
G1 X36.64 Y39.945 E.01534
G1 X36.129 Y39.696 E.01534
G1 X35.678 Y39.351 E.01532
G1 X35.304 Y38.924 E.01532
G1 X35.022 Y38.43 E.01535
G1 X34.843 Y37.891 E.01533
G1 X34.775 Y37.327 E.01533
G1 X34.812 Y36.8 E.01426
G1 X34.936 Y36.315 E.01351
G1 X35.163 Y35.83 E.01445
G1 X35.497 Y35.371 E.01532
G1 X35.915 Y34.986 E.01534
G1 X36.035 Y34.913 E.00379
G1 X36.298 Y35.209 F9000
;TYPE:External perimeter
;WIDTH:0.419999
G1 F1800
G1 X36.735 Y34.985 E.0126
G1 X37.218 Y34.851 E.01286
G1 X37.586 Y34.809 E.0095
G1 X38.074 Y34.85 E.01256
G1 X38.544 Y34.986 E.01255
G1 X38.978 Y35.213 E.01257
G1 X39.358 Y35.521 E.01255
G1 X39.689 Y35.933 E.01356
G1 X39.932 Y36.432 E.01424
G1 X40.042 Y36.8 E.00985
G1 X40.087 Y37.287 E.01255
G1 X40.033 Y37.778 E.01267
G1 X39.932 Y38.127 E.00932
G1 X39.716 Y38.567 E.01257
G1 X39.417 Y38.955 E.01257
G1 X39.048 Y39.276 E.01255
G1 X38.622 Y39.517 E.01256
G1 X38.156 Y39.67 E.01258
G1 X37.67 Y39.727 E.01255
G1 X37.182 Y39.686 E.01256
G1 X36.711 Y39.55 E.01258
G1 X36.277 Y39.323 E.01257
G1 X35.924 Y39.042 E.01157
G1 X35.598 Y38.659 E.0129
G1 X35.358 Y38.216 E.01293
G1 X35.214 Y37.737 E.01283
G1 X35.168 Y37.254 E.01245
G1 X35.199 Y36.882 E.00958
G1 X35.323 Y36.409 E.01254
G1 X35.539 Y35.969 E.01257
G1 X35.863 Y35.559 E.01341
G1 X36.249 Y35.243 E.0128
G1 E-3.5 F3600
;WIPE_START
G1 F7200
G1 X36.298 Y35.209 E-.02833
G1 X36.735 Y34.985 E-.23326
G1 X37.218 Y34.851 E-.23809
G1 X37.586 Y34.809 E-.17593
G1 X38.074 Y34.85 E-.23262
G1 X38.544 Y34.986 E-.23241
G1 X38.978 Y35.213 E-.23265
G1 X39.186 Y35.381 E-.12671
;WIPE_END
G1 X25.977 Y47.606 F9000
G1 E5 F2400
;TYPE:Perimeter
;WIDTH:0.439999
G1 F1800
G1 X26.04 Y47.653 E.00212
G1 X26.51 Y48.183 E.01912
G1 X26.866 Y48.795 E.01911
G1 X27.094 Y49.466 E.01912
G1 X27.184 Y50.169 E.01913
G1 X27.133 Y50.876 E.01913
G1 X26.943 Y51.558 E.0191
G1 X26.622 Y52.19 E.01913
G1 X26.182 Y52.745 E.01911
G1 X25.64 Y53.202 E.01913
G1 X25.019 Y53.542 E.0191
G1 X24.343 Y53.753 E.01911
G1 X23.485 Y53.821 E.02323
G1 X22.76 Y53.718 E.01976
G1 X22.093 Y53.478 E.01913
G1 X21.488 Y53.11 E.01911
G1 X20.967 Y52.63 E.01912
G1 X20.552 Y52.056 E.01911
G1 X20.258 Y51.411 E.01913
G1 X20.099 Y50.721 E.01911
G1 X20.079 Y50.012 E.01914
G1 X20.2 Y49.314 E.01912
G1 X20.535 Y48.514 E.0234
G1 X20.954 Y47.921 E.01959
G1 X21.471 Y47.438 E.01909
G1 X22.075 Y47.067 E.01913
G1 X22.74 Y46.823 E.01911
G1 X23.44 Y46.715 E.01911
G1 X24.148 Y46.748 E.01913
G1 X24.835 Y46.921 E.01912
G1 X25.474 Y47.227 E.01912
G1 X25.929 Y47.569 E.01536
G1 X25.709 Y47.91 F9000
G1 F1800
G1 X25.787 Y47.97 E.00266
G1 X26.2 Y48.444 E.01696
G1 X26.51 Y48.989 E.01692
G1 X26.706 Y49.586 E.01696
G1 X26.78 Y50.209 E.01693
G1 X26.73 Y50.835 E.01695
G1 X26.556 Y51.439 E.01696
G1 X26.266 Y51.996 E.01695
G1 X25.871 Y52.484 E.01694
G1 X25.387 Y52.885 E.01696
G1 X24.834 Y53.181 E.01693
G1 X24.233 Y53.363 E.01695
G1 X23.465 Y53.416 E.02077
G1 X22.83 Y53.319 E.01733
G1 X22.242 Y53.1 E.01693
G1 X21.708 Y52.77 E.01694
G1 X21.25 Y52.34 E.01695
G1 X20.887 Y51.827 E.01696
G1 X20.632 Y51.253 E.01695
G1 X20.496 Y50.64 E.01694
G1 X20.485 Y50.012 E.01695
G1 X20.598 Y49.395 E.01693
G1 X20.904 Y48.681 E.02096
G1 X21.277 Y48.166 E.01716
G1 X21.74 Y47.742 E.01694
G1 X22.278 Y47.418 E.01695
G1 X22.869 Y47.207 E.01693
G1 X23.491 Y47.118 E.01696
G1 X24.117 Y47.153 E.01692
G1 X24.725 Y47.312 E.01696
G1 X25.289 Y47.588 E.01694
G1 X25.661 Y47.873 E.01265
G1 X25.447 Y48.206 F9000
;TYPE:External perimeter
;WIDTH:0.419999
G1 F1800
G1 X25.54 Y48.28 E.00305
G1 X25.897 Y48.698 E.0141
G1 X26.163 Y49.179 E.0141
G1 X26.328 Y49.703 E.01409
G1 X26.387 Y50.249 E.01409
G1 X26.336 Y50.796 E.01409
G1 X26.178 Y51.322 E.01409
G1 X25.918 Y51.806 E.01409
G1 X25.568 Y52.23 E.0141
G1 X25.141 Y52.575 E.01408
G1 X24.654 Y52.829 E.01409
G1 X24.126 Y52.982 E.0141
G1 X23.445 Y53.021 E.0175
G1 X22.899 Y52.929 E.0142
G1 X22.386 Y52.732 E.0141
G1 X21.922 Y52.437 E.01411
G1 X21.526 Y52.056 E.0141
G1 X21.214 Y51.604 E.01409
G1 X20.997 Y51.1 E.01408
G1 X20.884 Y50.562 E.0141
G1 X20.88 Y50.012 E.01411
G1 X20.986 Y49.473 E.01409
G1 X21.265 Y48.845 E.01763
G1 X21.592 Y48.406 E.01404
G1 X22.002 Y48.039 E.01412
G1 X22.475 Y47.761 E.01408
G1 X22.995 Y47.582 E.01411
G1 X23.54 Y47.51 E.0141
G1 X24.088 Y47.548 E.01409
G1 X24.618 Y47.693 E.0141
G1 X25.108 Y47.94 E.01408
G1 X25.4 Y48.169 E.00952
G1 E-3.5 F3600
;WIPE_START
G1 F7200
G1 X25.447 Y48.206 E-.02841
G1 X25.54 Y48.28 E-.05645
G1 X25.897 Y48.698 E-.26111
G1 X26.163 Y49.179 E-.26108
G1 X26.328 Y49.703 E-.26095
G1 X26.387 Y50.249 E-.26086
G1 X26.336 Y50.796 E-.26095
G1 X26.269 Y51.018 E-.11019
;WIPE_END
G1 X23.892 Y27.789 F9000
G1 E5 F2400
;TYPE:Perimeter
;WIDTH:0.439999
G1 F1800
G1 X23.485 Y27.821 E.01102
G1 X22.76 Y27.718 E.01976
G1 X22.093 Y27.478 E.01913
G1 X21.488 Y27.11 E.01911
G1 X20.967 Y26.63 E.01912
G1 X20.552 Y26.056 E.01911
G1 X20.258 Y25.411 E.01913
G1 X20.099 Y24.721 E.01911
G1 X20.079 Y24.012 E.01914
G1 X20.2 Y23.314 E.01912
G1 X20.535 Y22.514 E.0234
G1 X20.954 Y21.921 E.01959
G1 X21.471 Y21.438 E.01909
G1 X22.075 Y21.067 E.01913
G1 X22.74 Y20.823 E.01911
G1 X23.44 Y20.715 E.01911
G1 X24.148 Y20.748 E.01913
G1 X24.835 Y20.921 E.01912
G1 X25.474 Y21.227 E.01912
G1 X26.04 Y21.653 E.01912
G1 X26.51 Y22.183 E.01912
G1 X26.866 Y22.795 E.01911
G1 X27.094 Y23.466 E.01912
G1 X27.184 Y24.169 E.01913
G1 X27.133 Y24.876 E.01913
G1 X26.943 Y25.558 E.0191
G1 X26.622 Y26.19 E.01913
G1 X26.182 Y26.745 E.01911
G1 X25.64 Y27.202 E.01913
G1 X25.019 Y27.542 E.0191
G1 X24.343 Y27.753 E.01911
G1 X23.951 Y27.784 E.01061
G1 X23.862 Y27.388 F9000
G1 F1800
G1 X23.465 Y27.416 E.01074
G1 X22.83 Y27.319 E.01733
G1 X22.242 Y27.1 E.01693
G1 X21.708 Y26.77 E.01694
G1 X21.25 Y26.34 E.01695
G1 X20.887 Y25.827 E.01696
G1 X20.632 Y25.253 E.01695
G1 X20.496 Y24.64 E.01694
G1 X20.485 Y24.012 E.01695
G1 X20.598 Y23.395 E.01693
G1 X20.904 Y22.681 E.02096
G1 X21.277 Y22.166 E.01716
G1 X21.74 Y21.742 E.01694
G1 X22.278 Y21.418 E.01695
G1 X22.869 Y21.207 E.01693
G1 X23.491 Y21.118 E.01696
G1 X24.117 Y21.153 E.01692
G1 X24.725 Y21.312 E.01696
G1 X25.289 Y21.588 E.01694
G1 X25.787 Y21.97 E.01694
G1 X26.2 Y22.444 E.01696
G1 X26.51 Y22.989 E.01692
G1 X26.706 Y23.586 E.01696
G1 X26.78 Y24.209 E.01693
G1 X26.73 Y24.835 E.01695
G1 X26.556 Y25.439 E.01696
G1 X26.266 Y25.996 E.01695
G1 X25.871 Y26.484 E.01694
G1 X25.387 Y26.885 E.01696
G1 X24.834 Y27.181 E.01693
G1 X24.233 Y27.363 E.01695
G1 X23.921 Y27.384 E.00844
G1 X23.832 Y26.999 F9000
;TYPE:External perimeter
;WIDTH:0.419999
G1 F1800
G1 X23.445 Y27.021 E.00994
G1 X22.899 Y26.929 E.0142
G1 X22.386 Y26.732 E.0141
G1 X21.922 Y26.437 E.01411
G1 X21.526 Y26.056 E.0141
G1 X21.214 Y25.604 E.01409
G1 X20.997 Y25.1 E.01408
G1 X20.884 Y24.562 E.0141
G1 X20.88 Y24.012 E.01411
G1 X20.986 Y23.473 E.01409
G1 X21.265 Y22.845 E.01763
G1 X21.592 Y22.406 E.01404
G1 X22.002 Y22.039 E.01412
G1 X22.475 Y21.761 E.01408
G1 X22.995 Y21.582 E.01411
G1 X23.54 Y21.51 E.0141
G1 X24.088 Y21.548 E.01409
G1 X24.618 Y21.693 E.0141
G1 X25.108 Y21.94 E.01408
G1 X25.54 Y22.28 E.0141
G1 X25.897 Y22.698 E.0141
G1 X26.163 Y23.179 E.0141
G1 X26.328 Y23.703 E.01409
G1 X26.387 Y24.249 E.01409
G1 X26.336 Y24.796 E.01409
G1 X26.178 Y25.322 E.01409
G1 X25.918 Y25.806 E.01409
G1 X25.568 Y26.23 E.0141
G1 X25.141 Y26.575 E.01408
G1 X24.654 Y26.829 E.01409
G1 X24.126 Y26.982 E.0141
G1 X23.892 Y26.995 E.00601
G1 E-3.5 F3600
;WIPE_START
G1 F7200
G1 X23.832 Y26.999 E-.02856
G1 X23.445 Y27.021 E-.18412
G1 X22.899 Y26.929 E-.26301
G1 X22.386 Y26.732 E-.26102
G1 X21.922 Y26.437 E-.26117
G1 X21.526 Y26.056 E-.26102
G1 X21.237 Y25.639 E-.2411
;WIPE_END
G1 X48.096 Y24.621 F9000
G1 E5 F2400
;TYPE:Perimeter
;WIDTH:0.439999
G1 F1800
G1 X48.079 Y24.012 E.01644
G1 X48.2 Y23.314 E.01912
G1 X48.457 Y22.654 E.01911
G1 X48.944 Y21.936 E.02341
G1 X49.472 Y21.438 E.01959
G1 X50.075 Y21.067 E.0191
G1 X50.74 Y20.823 E.01911
G1 X51.44 Y20.715 E.01911
G1 X52.148 Y20.748 E.01913
G1 X52.835 Y20.921 E.01912
G1 X53.474 Y21.227 E.01912
G1 X54.027 Y21.643 E.01867
G1 X54.51 Y22.183 E.01955
G1 X54.866 Y22.795 E.01911
G1 X55.094 Y23.466 E.01912
G1 X55.184 Y24.169 E.01913
G1 X55.133 Y24.876 E.01913
G1 X54.943 Y25.558 E.0191
G1 X54.622 Y26.19 E.01913
G1 X54.072 Y26.851 E.0232
G1 X53.492 Y27.298 E.01976
G1 X52.854 Y27.608 E.01914
G1 X52.168 Y27.785 E.01912
G1 X51.461 Y27.822 E.0191
G1 X50.76 Y27.718 E.01912
G1 X50.093 Y27.478 E.01913
G1 X49.488 Y27.11 E.01911
G1 X48.983 Y26.645 E.01852
G1 X48.598 Y26.124 E.01748
G1 X48.315 Y25.546 E.01737
G1 X48.2 Y25.222 E.00928
G1 X48.099 Y24.721 E.01379
G1 X48.098 Y24.681 E.00108
G1 X48.495 Y24.581 F9000
G1 F1800
G1 X48.485 Y24.012 E.01536
G1 X48.598 Y23.395 E.01693
G1 X48.831 Y22.812 E.01694
G1 X49.273 Y22.173 E.02097
G1 X49.74 Y21.742 E.01715
G1 X50.278 Y21.418 E.01695
G1 X50.869 Y21.207 E.01693
G1 X51.491 Y21.118 E.01696
G1 X52.117 Y21.153 E.01692
G1 X52.725 Y21.312 E.01696
G1 X53.289 Y21.588 E.01694
G1 X53.774 Y21.96 E.01649
G1 X54.2 Y22.444 E.0174
G1 X54.51 Y22.989 E.01692
G1 X54.706 Y23.586 E.01696
G1 X54.78 Y24.209 E.01693
G1 X54.73 Y24.835 E.01695
G1 X54.556 Y25.439 E.01696
G1 X54.266 Y25.996 E.01695
G1 X53.768 Y26.582 E.02075
G1 X53.255 Y26.969 E.01734
G1 X52.687 Y27.238 E.01696
G1 X52.078 Y27.389 E.01693
G1 X51.451 Y27.416 E.01694
G1 X50.83 Y27.319 E.01696
G1 X50.242 Y27.1 E.01693
G1 X49.708 Y26.77 E.01694
G1 X49.266 Y26.355 E.01636
G1 X48.933 Y25.895 E.01532
G1 X48.689 Y25.388 E.01518
G1 X48.598 Y25.141 E.0071
G1 X48.497 Y24.641 E.01376
G1 X48.884 Y24.542 F9000
;TYPE:External perimeter
;WIDTH:0.419999
G1 F1800
G1 X48.88 Y24.012 E.0136
G1 X48.986 Y23.473 E.01409
G1 X49.195 Y22.965 E.01409
G1 X49.594 Y22.405 E.01764
G1 X50.001 Y22.039 E.01404
G1 X50.475 Y21.761 E.0141
G1 X50.995 Y21.582 E.01411
G1 X51.54 Y21.51 E.0141
G1 X52.088 Y21.548 E.01409
G1 X52.618 Y21.693 E.0141
G1 X53.108 Y21.94 E.01408
G1 X53.527 Y22.269 E.01367
G1 X53.897 Y22.698 E.01453
G1 X54.163 Y23.179 E.0141
G1 X54.328 Y23.703 E.01409
G1 X54.387 Y24.249 E.01409
G1 X54.336 Y24.796 E.01409
G1 X54.178 Y25.322 E.01409
G1 X53.918 Y25.807 E.01412
G1 X53.471 Y26.32 E.01746
G1 X53.024 Y26.648 E.01422
G1 X52.525 Y26.877 E.01409
G1 X51.99 Y27.003 E.0141
G1 X51.441 Y27.021 E.01409
G1 X50.899 Y26.929 E.0141
G1 X50.386 Y26.732 E.0141
G1 X49.922 Y26.437 E.01411
G1 X49.542 Y26.072 E.01352
G1 X49.214 Y25.604 E.01466
G1 X48.997 Y25.1 E.01408
G1 X48.893 Y24.602 E.01305
G1 E-3.5 F3600
;WIPE_START
G1 F7200
G1 X48.884 Y24.542 E-.02882
G1 X48.88 Y24.012 E-.25176
G1 X48.986 Y23.473 E-.26093
G1 X49.195 Y22.965 E-.26092
G1 X49.594 Y22.405 E-.32661
G1 X50.001 Y22.039 E-.26
G1 X50.203 Y21.921 E-.11096
;WIPE_END
G1 X51.187 Y46.754 F9000
G1 E5 F2400
;TYPE:Perimeter
;WIDTH:0.439999
G1 F1800
G1 X51.44 Y46.715 E.00691
G1 X52.148 Y46.748 E.01913
G1 X52.835 Y46.921 E.01912
G1 X53.474 Y47.227 E.01912
G1 X54.04 Y47.653 E.01912
G1 X54.51 Y48.183 E.01912
G1 X54.866 Y48.795 E.01911
G1 X55.094 Y49.466 E.01912
G1 X55.184 Y50.169 E.01913
G1 X55.133 Y50.876 E.01913
G1 X54.943 Y51.558 E.0191
G1 X54.622 Y52.19 E.01913
G1 X54.072 Y52.851 E.0232
G1 X53.492 Y53.298 E.01976
G1 X52.854 Y53.608 E.01914
G1 X52.168 Y53.785 E.01912
G1 X51.461 Y53.822 E.0191
G1 X50.76 Y53.718 E.01912
G1 X50.093 Y53.478 E.01913
G1 X49.488 Y53.11 E.01911
G1 X48.967 Y52.63 E.01912
G1 X48.552 Y52.056 E.01911
G1 X48.258 Y51.411 E.01913
G1 X48.099 Y50.721 E.01911
G1 X48.079 Y50.012 E.01914
G1 X48.2 Y49.314 E.01912
G1 X48.457 Y48.654 E.01911
G1 X48.779 Y48.164 E.01582
G1 X49.092 Y47.772 E.01354
G1 X49.472 Y47.438 E.01365
G1 X49.976 Y47.124 E.01602
G1 X50.264 Y46.983 E.00865
G1 X50.74 Y46.823 E.01355
G1 X51.128 Y46.763 E.01059
G1 X51.238 Y47.154 F9000
G1 F1800
G1 X51.491 Y47.118 E.0069
G1 X52.117 Y47.153 E.01692
G1 X52.725 Y47.312 E.01696
G1 X53.289 Y47.588 E.01694
G1 X53.787 Y47.97 E.01694
G1 X54.2 Y48.444 E.01696
G1 X54.51 Y48.989 E.01692
G1 X54.706 Y49.586 E.01696
G1 X54.78 Y50.209 E.01693
G1 X54.73 Y50.835 E.01695
G1 X54.556 Y51.439 E.01696
G1 X54.266 Y51.996 E.01695
G1 X53.768 Y52.582 E.02075
G1 X53.255 Y52.969 E.01734
G1 X52.687 Y53.238 E.01696
G1 X52.078 Y53.389 E.01693
G1 X51.451 Y53.416 E.01694
G1 X50.83 Y53.319 E.01696
G1 X50.242 Y53.1 E.01693
G1 X49.708 Y52.77 E.01694
G1 X49.25 Y52.339 E.01697
G1 X48.887 Y51.827 E.01694
G1 X48.632 Y51.253 E.01695
G1 X48.496 Y50.64 E.01694
G1 X48.485 Y50.012 E.01695
G1 X48.598 Y49.395 E.01693
G1 X48.831 Y48.812 E.01694
G1 X49.273 Y48.173 E.02097
G1 X49.696 Y47.781 E.01556
G1 X50.179 Y47.476 E.01541
G1 X50.393 Y47.367 E.00648
G1 X50.869 Y47.207 E.01355
G1 X51.178 Y47.163 E.00842
G1 X51.286 Y47.544 F9000
;TYPE:External perimeter
;WIDTH:0.419999
G1 F1800
G1 X51.54 Y47.51 E.00657
G1 X52.088 Y47.548 E.01409
G1 X52.618 Y47.693 E.0141
G1 X53.108 Y47.94 E.01408
G1 X53.54 Y48.28 E.0141
G1 X53.897 Y48.698 E.0141
G1 X54.163 Y49.179 E.0141
G1 X54.328 Y49.703 E.01409
G1 X54.387 Y50.249 E.01409
G1 X54.336 Y50.796 E.01409
G1 X54.178 Y51.322 E.01409
G1 X53.918 Y51.807 E.01412
G1 X53.471 Y52.32 E.01746
G1 X53.024 Y52.648 E.01422
G1 X52.525 Y52.877 E.01409
G1 X51.99 Y53.003 E.0141
G1 X51.441 Y53.021 E.01409
G1 X50.899 Y52.929 E.0141
G1 X50.386 Y52.732 E.0141
G1 X49.922 Y52.437 E.01411
G1 X49.526 Y52.056 E.0141
G1 X49.214 Y51.604 E.01409
G1 X48.997 Y51.1 E.01408
G1 X48.884 Y50.562 E.0141
G1 X48.88 Y50.012 E.01411
G1 X48.986 Y49.473 E.01409
G1 X49.195 Y48.965 E.01409
G1 X49.594 Y48.405 E.01764
G1 X50.001 Y48.039 E.01404
G1 X50.376 Y47.818 E.01117
G1 X50.995 Y47.582 E.017
G1 X51.227 Y47.552 E.006
G1 E-3.5 F3600
;WIPE_START
G1 F7200
G1 X51.286 Y47.544 E-.02828
G1 X51.54 Y47.51 E-.12173
G1 X52.088 Y47.548 E-.26093
G1 X52.618 Y47.693 E-.261
G1 X53.108 Y47.94 E-.26065
G1 X53.54 Y48.28 E-.26113
G1 X53.897 Y48.698 E-.26111
G1 X53.943 Y48.781 E-.04517
;WIPE_END
G1 X57.116 Y60.257 F9000
G1 E5 F2400
;TYPE:Perimeter
;WIDTH:0.439999
G1 F3600
G1 X18.139 Y60.257 E1.05179
G1 X18.139 Y18.279 E1.13277
G1 X19.748 Y18.279 E.04342
G1 X20.046 Y18.195 E.00835
G1 X20.359 Y17.977 E.01029
G1 X20.563 Y17.667 E.01001
G1 X20.639 Y17.285 E.01051
G1 X20.639 Y15.279 E.05413
G1 X54.616 Y15.279 E.91686
G1 X54.616 Y17.285 E.05413
G1 X54.694 Y17.67 E.0106
G1 X54.898 Y17.979 E.00999
G1 X55.214 Y18.197 E.01036
G1 X55.611 Y18.279 E.01094
G1 X57.116 Y18.279 E.04061
G1 X57.116 Y60.197 E1.13115
G1 X57.522 Y60.662 F9000
G1 F3600
G1 X17.733 Y60.662 E1.0737
G1 X17.733 Y17.874 E1.15463
G1 X19.711 Y17.874 E.05338
G1 X19.978 Y17.77 E.00773
G1 X20.164 Y17.562 E.00753
G1 X20.233 Y17.285 E.0077
G1 X20.233 Y14.874 E.06506
G1 X55.022 Y14.874 E.93877
G1 X55.022 Y17.375 E.06749
G1 X55.151 Y17.653 E.00827
G1 X55.323 Y17.798 E.00607
G1 X55.611 Y17.874 E.00804
G1 X57.522 Y17.874 E.05157
G1 X57.522 Y60.602 E1.15301
G1 X57.918 Y61.058 F9000
;TYPE:External perimeter
;WIDTH:0.419999
G1 F1800
G1 X17.338 Y61.058 E1.04106
G1 X17.338 Y17.478 E1.11802
G1 X19.645 Y17.478 E.05918
G1 X19.769 Y17.432 E.00339
G1 X19.838 Y17.285 E.00417
G1 X19.838 Y14.478 E.07201
G1 X55.418 Y14.478 E.91278
G1 X55.418 Y17.285 E.07201
G1 X55.46 Y17.406 E.00329
G1 X55.611 Y17.478 E.00429
G1 X57.918 Y17.478 E.05918
G1 X57.918 Y60.998 E1.11648
G1 E-3.5 F3600
;WIPE_START
G1 F7200
G1 X57.918 Y61.058 E-.0285
G1 X54.82 Y61.058 E-1.4715
;WIPE_END
G1 X52.09 Y15.859 F9000
G1 E5 F2400
;TYPE:Internal infill
;WIDTH:0.44
G1 F3600
G1 X53.965 Y15.859 E.0506
G1 X53.698 Y15.592 E.01019
G1 X52.155 Y15.592 E.04164
G1 X51.887 Y15.859 E.01021
G1 X46.316 Y15.859 E.15033
G1 X46.048 Y15.592 E.01021
G1 X44.505 Y15.592 E.04164
G1 X44.238 Y15.859 E.01019
G1 X38.667 Y15.859 E.15033
G1 X38.399 Y15.592 E.01021
G1 X36.856 Y15.592 E.04164
G1 X36.589 Y15.859 E.01019
G1 X31.017 Y15.859 E.15036
G1 X30.75 Y15.592 E.01019
G1 X29.207 Y15.592 E.04164
G1 X28.94 Y15.859 E.01019
G1 X23.368 Y15.859 E.15036
G1 X23.101 Y15.592 E.01019
G1 X21.558 Y15.592 E.04164
G1 X21.29 Y15.859 E.01021
G1 X23.165 Y15.859 E.0506
G1 X21.521 Y16.265 F9000
;TYPE:Solid infill
;WIDTH:0.439999
G1 F3600
G1 X20.951 Y16.834 E.02173
G1 E-3.5
;WIPE_START
G1 F7200
G1 X21.521 Y16.265 E-.38256
;WIPE_END
G1 E-1.11744 F3600
G1 X18.562 Y18.624 F9000
G1 E5 F2400
;WIDTH:0.539566
G1 F3600
G1 X18.518 Y18.579 E.00212
G1 X18.457 Y18.596 E.00213
G1 X18.44 Y18.657 E.00213
G1 X18.485 Y18.701 E.00212
G1 X18.546 Y18.685 E.00212
;WIDTH:0.439999
G1 X18.451 Y19.334 E.0177
G1 X19.2 Y18.585 E.02858
G1 X19.293 Y18.513 E.00317
;WIDTH:0.407168
G1 X19.386 Y18.441 E.00292
;WIDTH:0.374336
G1 X19.345 Y18.452 E.00096
G1 X19.326 Y18.381 E.00166
G1 X19.397 Y18.4 E.00166
;WIDTH:0.439999
G1 X19.779 Y18.581 E.01141
G1 X18.451 Y19.908 E.05066
G1 X18.412 Y20.046 E.00387
;WIDTH:0.407168
G1 X18.374 Y20.184 E.00355
;WIDTH:0.374336
G1 X18.303 Y20.165 E.00166
G1 X18.322 Y20.236 E.00166
G1 X18.363 Y20.225 E.00096
G1 E-3.5
;WIPE_START
G1 F7200
G1 X18.322 Y20.236 E-.02016
G1 X18.303 Y20.165 E-.03491
G1 X18.374 Y20.184 E-.03491
G1 X18.412 Y20.046 E-.06799
G1 X18.451 Y19.908 E-.06812
G1 X19.779 Y18.581 E-.89175
G1 X19.397 Y18.4 E-.20079
G1 X19.326 Y18.381 E-.03491
G1 X19.345 Y18.452 E-.03491
G1 X19.386 Y18.441 E-.02016
G1 X19.293 Y18.513 E-.05587
G1 X19.234 Y18.559 E-.03552
;WIPE_END
G1 X20.066 Y18.412 F9000
G1 E5 F2400
G1 F3600
G1 X20.471 Y18.097 E.0116
G1 X20.775 Y17.707 E.01118
;WIDTH:0.407168
G1 X20.857 Y17.564 E.00409
;WIDTH:0.439999
G1 X20.939 Y17.42 E.00447
G1 X22.094 Y16.265 E.04408
G1 X22.668 Y16.265 E.01549
G1 X18.451 Y20.482 E.16093
G1 X18.451 Y21.055 E.01546
G1 X23.242 Y16.265 E.18282
G1 X23.816 Y16.265 E.01549
G1 X18.451 Y21.629 E.20472
G1 X18.451 Y22.203 E.01549
G1 X24.389 Y16.265 E.22661
G1 X24.963 Y16.265 E.01549
G1 X18.451 Y22.776 E.24849
G1 X18.451 Y23.35 E.01549
G1 X25.537 Y16.265 E.2704
G1 X26.11 Y16.265 E.01546
G1 X18.451 Y23.924 E.29228
G1 X18.407 Y24.082 E.00443
;WIDTH:0.407168
G1 X18.363 Y24.241 E.00409
;WIDTH:0.374336
G1 X18.322 Y24.252 E.00096
G1 X18.303 Y24.181 E.00166
G1 X18.374 Y24.2 E.00166
;WIDTH:0.439999
G1 X18.451 Y24.497 E.00828
G1 X19.991 Y22.958 E.05875
G1 X20.094 Y22.814 E.00478
;WIDTH:0.407168
G1 X20.197 Y22.671 E.00437
;WIDTH:0.374336
G1 X20.581 Y22.152 E.0146
G1 X19.799 Y23.724 F9000
;WIDTH:0.439999
G1 F3600
G1 X18.451 Y25.071 E.05142
G1 X19.629 Y24.467 F9000
G1 F3600
G1 X18.595 Y25.501 E.03946
G1 X18.451 Y25.501 E.00389
G1 X18.451 Y29.661 E.11226
G1 X21.01 Y27.102 E.09766
G1 X20.6 Y26.677 E.01594
G1 X20.183 Y26.029 E.02079
G1 X19.903 Y25.312 E.02077
G1 X19.77 Y24.554 E.02077
G1 X19.772 Y24.324 E.00621
G1 X19.468 Y25.202 F9000
G1 F3600
G1 X19.524 Y25.458 E.00707
G1 X19.841 Y26.247 E.02295
G1 X20.233 Y26.863 E.0197
G1 X20.442 Y27.097 E.00847
G1 X18.857 Y28.681 E.06047
G1 X18.857 Y26.312 E.06393
G1 X18.882 Y25.788 E.01416
G1 X19.325 Y25.345 E.01691
G1 X19.299 Y26.102 E.02044
;WIDTH:0.512203
G1 X19.468 Y26.484 E.01328
G1 X19.842 Y27.071 E.02212
G1 X19.299 Y27.615 E.02443
G1 X19.299 Y26.305 E.04164
G1 E-3.5
;WIPE_START
G1 F7200
G1 X19.299 Y27.615 E-.62225
G1 X19.842 Y27.071 E-.3651
G1 X19.468 Y26.484 E-.33061
G1 X19.313 Y26.133 E-.18204
;WIPE_END
G1 X21.315 Y27.371 F9000
G1 E5 F2400
;WIDTH:0.439999
G1 F3600
G1 X18.385 Y30.307 E.11193
;WIDTH:0.407168
G1 X18.319 Y30.379 E.00242
;WIDTH:0.374336
G1 X18.248 Y30.36 E.00166
G1 X18.267 Y30.431 E.00166
G1 X18.308 Y30.42 E.00096
;WIDTH:0.439999
G1 X18.451 Y30.808 E.01116
G1 X21.664 Y27.596 E.1226
G1 X22.04 Y27.793 E.01145
G1 X18.451 Y31.382 E.13696
G1 X18.451 Y31.955 E.01546
G1 X22.452 Y27.954 E.15269
G1 X22.92 Y28.061 E.01295
G1 X18.451 Y32.529 E.17053
G1 X18.451 Y33.103 E.01549
G1 X23.424 Y28.13 E.18978
G1 X24.028 Y28.1 E.01632
G1 X18.451 Y33.677 E.21283
G1 X18.451 Y34.25 E.01546
G1 X24.742 Y27.959 E.24008
G1 X24.884 Y27.873 E.00448
;WIDTH:0.407168
G1 X25.027 Y27.787 E.00414
;WIDTH:0.374336
G1 X24.849 Y27.772 E.00404
G1 E-3.5
;WIPE_START
G1 F7200
G1 X25.027 Y27.787 E-.08485
G1 X24.884 Y27.873 E-.07926
G1 X24.742 Y27.959 E-.07886
G1 X22.871 Y29.83 E-1.25703
;WIPE_END
G1 X22.329 Y20.799 F9000
G1 E5 F2400
G1 F3600
G1 X22.173 Y20.845 E.00368
G1 X22.015 Y20.831 E.00359
;WIDTH:0.407168
G1 X22.159 Y20.739 E.00424
;WIDTH:0.439999
G1 X22.302 Y20.647 E.00459
G1 X26.684 Y16.265 E.16723
G1 X27.258 Y16.265 E.01549
G1 X23.072 Y20.45 E.15973
G1 X23.686 Y20.41 E.0166
G1 X27.831 Y16.265 E.15818
G1 X28.405 Y16.265 E.01549
G1 X24.224 Y20.446 E.15956
G1 X24.688 Y20.556 E.01287
G1 X28.979 Y16.265 E.16375
G1 X29.552 Y16.265 E.01546
G1 X25.119 Y20.698 E.16917
G1 X25.501 Y20.89 E.01154
G1 X30.126 Y16.265 E.1765
G1 X30.7 Y16.265 E.01549
G1 X25.857 Y21.108 E.18482
G1 X26.176 Y21.362 E.011
G1 X31.274 Y16.265 E.19453
G1 X31.847 Y16.265 E.01546
G1 X26.467 Y21.645 E.20531
G1 X26.729 Y21.957 E.01099
G1 X32.421 Y16.265 E.21722
G1 X32.995 Y16.265 E.01549
G1 X26.954 Y22.306 E.23054
G1 X27.153 Y22.68 E.01143
G1 X33.568 Y16.265 E.24481
G1 X34.142 Y16.265 E.01549
G1 X27.303 Y23.104 E.26099
G1 X27.43 Y23.55 E.01251
G1 X34.716 Y16.265 E.27803
G1 X35.289 Y16.265 E.01546
G1 X27.479 Y24.075 E.29805
G1 X27.466 Y24.662 E.01584
G1 X35.863 Y16.265 E.32045
G1 X36.437 Y16.265 E.01549
G1 X27.317 Y25.384 E.34802
G1 X27.228 Y25.417 E.00256
;WIDTH:0.407168
G1 X27.139 Y25.45 E.00235
;WIDTH:0.374336
G1 X27.123 Y25.579 E.00294
G1 X27.146 Y25.671 E.00214
G1 X26.142 Y27.166 F9000
;WIDTH:0.405976
G1 F3600
G1 X26.553 Y26.746 E.01453
;WIDTH:0.439999
G1 X26.816 Y26.459 E.0105
G1 X37.01 Y16.265 E.38903
G1 E-3.5
;WIPE_START
G1 F7200
G1 X34.777 Y18.498 E-1.5
;WIPE_END
G1 X25.855 Y27.42 F9000
G1 E5 F2400
G1 F3600
G1 X18.451 Y34.824 E.28255
G1 X18.407 Y34.982 E.00443
;WIDTH:0.407168
G1 X18.363 Y35.141 E.00409
;WIDTH:0.374336
G1 X18.322 Y35.152 E.00096
G1 X18.303 Y35.081 E.00166
G1 X18.374 Y35.1 E.00166
;WIDTH:0.439999
G1 X18.451 Y35.398 E.00831
G1 X37.584 Y16.265 E.73016
G1 X38.158 Y16.265 E.01549
G1 X18.451 Y35.971 E.75205
G1 X18.451 Y36.545 E.01549
G1 X38.732 Y16.265 E.77395
G1 X39.305 Y16.265 E.01546
G1 X18.451 Y37.119 E.79584
G1 X18.451 Y37.692 E.01546
G1 X39.879 Y16.265 E.81772
G1 X40.453 Y16.265 E.01549
G1 X18.451 Y38.266 E.83963
G1 X18.451 Y38.84 E.01549
G1 X41.026 Y16.265 E.86151
G1 X41.6 Y16.265 E.01549
G1 X18.451 Y39.413 E.8834
G1 X18.451 Y39.987 E.01549
G1 X42.174 Y16.265 E.9053
G1 X42.747 Y16.265 E.01546
G1 X18.451 Y40.561 E.92719
G1 X18.451 Y41.135 E.01549
G1 X43.321 Y16.265 E.9491
G1 X43.895 Y16.265 E.01549
G1 X18.451 Y41.708 E.97098
G1 X18.451 Y42.282 E.01549
G1 X44.468 Y16.265 E.99287
G1 X45.042 Y16.265 E.01549
G1 X18.451 Y42.856 E1.01477
G1 X18.451 Y43.429 E.01546
G1 X45.616 Y16.265 E1.03666
G1 X46.19 Y16.265 E.01549
G1 X18.451 Y44.003 E1.05856
G1 X18.451 Y44.577 E.01549
G1 X46.763 Y16.265 E1.08045
G1 X47.337 Y16.265 E.01549
G1 X18.451 Y45.15 E1.10234
G1 X18.451 Y45.724 E.01549
G1 X47.911 Y16.265 E1.12424
G1 X48.484 Y16.265 E.01546
G1 X18.451 Y46.298 E1.14613
G1 X18.451 Y46.872 E.01549
G1 X49.058 Y16.265 E1.16803
G1 X49.632 Y16.265 E.01549
G1 X18.451 Y47.445 E1.18992
G1 X18.451 Y48.019 E.01549
G1 X50.205 Y16.265 E1.21181
G1 X50.779 Y16.265 E.01549
G1 X18.451 Y48.593 E1.23371
G1 X18.451 Y49.166 E.01546
G1 X51.353 Y16.265 E1.2556
G1 X51.927 Y16.265 E.01549
G1 X18.451 Y49.74 E1.2775
G1 X18.412 Y49.878 E.00387
;WIDTH:0.407168
G1 X18.374 Y50.016 E.00355
;WIDTH:0.374336
G1 X18.303 Y49.997 E.00166
G1 X18.322 Y50.068 E.00166
G1 X18.363 Y50.057 E.00096
G1 E-3.5
;WIPE_START
G1 F7200
G1 X18.322 Y50.068 E-.02016
G1 X18.303 Y49.997 E-.03491
G1 X18.374 Y50.016 E-.03491
G1 X18.412 Y49.878 E-.06799
G1 X18.451 Y49.74 E-.06812
G1 X20.347 Y47.844 E-1.27391
;WIPE_END
G1 X20.351 Y48.335 F9000
G1 E5 F2400
G1 F3600
G1 X20.471 Y48.177 E.00449
G1 X20.964 Y47.63 E.01665
G1 X21.331 Y47.286 E.01138
G1 X21.724 Y46.973 E.01136
;WIDTH:0.407168
G1 X21.867 Y46.864 E.00446
;WIDTH:0.439999
G1 X22.011 Y46.754 E.00489
G1 X52.5 Y16.265 E1.16353
G1 X53.074 Y16.265 E.01549
G1 X22.863 Y46.475 E1.1529
G1 X22.741 Y46.554 E.00392
;WIDTH:0.407168
G1 X22.618 Y46.633 E.00363
;WIDTH:0.374336
G1 X22.547 Y46.614 E.00166
G1 X22.566 Y46.685 E.00166
G1 X22.607 Y46.674 E.00096
G1 E-3.5
;WIPE_START
G1 F7200
G1 X22.566 Y46.685 E-.02016
G1 X22.547 Y46.614 E-.03491
G1 X22.618 Y46.633 E-.03491
G1 X22.741 Y46.554 E-.06944
G1 X22.863 Y46.475 E-.06904
G1 X24.756 Y44.582 E-1.27154
;WIPE_END
G1 X20.143 Y48.622 F9000
G1 E5 F2400
;WIDTH:0.439999
G1 F3600
G1 X18.451 Y50.314 E.06457
G1 X18.451 Y50.887 E.01546
G1 X19.845 Y49.494 E.05318
G1 X19.94 Y49.365 E.00432
;WIDTH:0.407168
G1 X20.034 Y49.237 E.00394
;WIDTH:0.374336
G1 X19.993 Y49.248 E.00096
G1 X19.974 Y49.177 E.00166
G1 X20.045 Y49.196 E.00166
G1 X19.767 Y50.146 F9000
;WIDTH:0.439999
G1 F3600
G1 X19.77 Y50.554 E.01101
G1 X19.892 Y51.273 E.01968
G1 X20.183 Y52.029 E.02186
G1 X20.601 Y52.677 E.02081
G1 X21.215 Y53.287 E.02336
G1 X18.451 Y56.051 E.10548
G1 X18.451 Y51.318 E.12772
G1 X18.595 Y51.318 E.00389
G1 X19.623 Y50.289 E.03925
G1 X19.442 Y51.045 E.02098
G1 X19.492 Y51.341 E.0081
G1 X19.841 Y52.247 E.0262
G1 X20.234 Y52.864 E.01974
G1 X20.633 Y53.295 E.01585
G1 X18.857 Y55.071 E.06778
G1 X18.857 Y52.312 E.07445
G1 X18.882 Y51.604 E.01912
G1 X19.298 Y51.188 E.01588
G1 X19.332 Y52.312 F9000
;WIDTH:0.578909
G1 F3600
G1 X19.44 Y52.502 E.00792
G1 X19.965 Y53.289 E.03427
G1 X19.332 Y53.924 E.03248
G1 X19.332 Y52.515 E.05104
G1 E-3.5
;WIPE_START
G1 F7200
G1 X19.332 Y53.924 E-.66927
G1 X19.965 Y53.289 E-.42589
G1 X19.492 Y52.58 E-.40484
;WIPE_END
G1 X21.552 Y53.524 F9000
G1 E5 F2400
;WIDTH:0.439999
G1 F3600
G1 X18.451 Y56.624 E.11832
G1 X18.451 Y57.198 E.01549
G1 X21.914 Y53.736 E.13214
G1 X22.321 Y53.902 E.01186
G1 X18.451 Y57.772 E.14769
G1 X18.451 Y58.345 E.01546
G1 X22.769 Y54.028 E.16477
G1 X23.252 Y54.119 E.01326
G1 X18.451 Y58.919 E.1832
G1 X18.451 Y59.493 E.01549
G1 X23.828 Y54.116 E.2052
G1 X24.503 Y53.859 E.01949
;WIDTH:0.374336
G1 X24.675 Y53.843 E.00391
G1 X24.762 Y53.868 E.00205
;WIDTH:0.407168
G1 X24.62 Y53.954 E.00412
;WIDTH:0.439999
G1 X24.478 Y54.04 E.00448
G1 X18.573 Y59.944 E.22533
G1 X18.474 Y59.997 E.00303
;WIDTH:0.407168
G1 X18.375 Y60.051 E.0028
;WIDTH:0.374336
G1 X18.304 Y60.031 E.00167
G1 X18.323 Y60.103 E.00168
G1 X18.364 Y60.092 E.00096
;WIDTH:0.439999
G1 X19.021 Y60.148 E.01779
;WIDTH:0.374336
G1 X18.98 Y60.159 E.00096
G1 X18.961 Y60.087 E.00168
G1 X19.032 Y60.107 E.00167
;WIDTH:0.407168
G1 X19.09 Y60.025 E.00249
;WIDTH:0.439999
G1 X19.147 Y59.944 E.00267
G1 X25.386 Y53.705 E.23809
G1 E-3.5
;WIPE_START
G1 F7200
G1 X23.153 Y55.938 E-1.5
;WIPE_END
G1 X35.544 Y34.369 F9000
G1 E5 F2400
G1 F3600
G1 X53.648 Y16.265 E.69089
G1 E-3.5
;WIPE_START
G1 F7200
G1 X51.415 Y18.498 E-1.5
;WIPE_END
G1 X49.043 Y21.427 F9000
G1 E5 F2400
;WIDTH:0.41654
G1 F3600
G1 X48.855 Y21.611 E.00669
;WIDTH:0.439999
G1 X48.589 Y21.897 E.01054
G1 X36.638 Y33.848 E.45608
G1 X36.496 Y33.938 E.00454
;WIDTH:0.407168
G1 X36.354 Y34.028 E.00417
;WIDTH:0.374336
G1 X36.505 Y34.048 E.00344
G1 X36.589 Y34.026 E.00196
;WIDTH:0.439999
G1 X37.338 Y33.722 E.02181
G1 X48.034 Y23.009 E.40851
;WIDTH:0.407168
G1 X48.145 Y22.88 E.00422
;WIDTH:0.374336
G1 X48.104 Y22.891 E.00096
G1 X48.085 Y22.82 E.00166
G1 X48.156 Y22.839 E.00166
G1 X47.779 Y23.855 F9000
;WIDTH:0.439999
G1 F3600
G1 X37.912 Y33.721 E.37653
G1 X38.412 Y33.795 E.01364
G1 X47.77 Y24.437 E.35712
G1 X47.835 Y24.946 E.01385
G1 X38.862 Y33.919 E.34243
G1 X39.251 Y34.104 E.01162
G1 X47.931 Y25.424 E.33125
G1 X48.101 Y25.827 E.0118
G1 X39.62 Y34.309 E.32367
G1 X39.939 Y34.563 E.011
G1 X48.288 Y26.214 E.31862
G1 X48.521 Y26.555 E.01114
G1 X40.234 Y34.842 E.31625
G1 X40.496 Y35.154 E.01099
G1 X48.777 Y26.873 E.31602
G1 X49.067 Y27.156 E.01093
G1 X40.717 Y35.506 E.31866
G1 X40.919 Y35.878 E.01142
G1 X49.387 Y27.41 E.32316
G1 X49.735 Y27.635 E.01118
G1 X41.056 Y36.315 E.33123
G1 X41.154 Y36.79 E.01309
G1 X50.124 Y27.82 E.34232
G1 X50.535 Y27.983 E.01193
G1 X41.197 Y37.321 E.35636
G1 X40.999 Y38.235 F9000
;WIDTH:0.374336
G1 F3600
G1 X40.928 Y38.216 E.00166
G1 X40.947 Y38.287 E.00166
G1 X40.988 Y38.276 E.00096
;WIDTH:0.407168
G1 X41.06 Y38.118 E.00431
;WIDTH:0.439999
G1 X41.132 Y37.959 E.00471
G1 X51.017 Y28.074 E.37723
G1 E-3.5
;WIPE_START
G1 F7200
G1 X48.784 Y30.307 E-1.5
;WIPE_END
G1 X49.33 Y21.157 F9000
G1 E5 F2400
G1 F3600
G1 X54.221 Y16.265 E.18667
G1 X54.339 Y16.312 E.00343
;WIDTH:0.407168
G1 X54.456 Y16.359 E.00313
;WIDTH:0.374336
G1 X54.438 Y16.137 E.00504
;WIDTH:0.439999
G1 X54.304 Y16.756 E.01709
G1 X50.479 Y20.581 E.14597
G1 X50.336 Y20.67 E.00455
;WIDTH:0.407168
G1 X50.194 Y20.759 E.00416
;WIDTH:0.374336
G1 X50.347 Y20.781 E.0035
G1 X50.492 Y20.743 E.00339
;WIDTH:0.439999
G1 X51.203 Y20.431 E.02095
G1 X54.307 Y17.326 E.11847
G1 X54.409 Y17.798 E.01303
G1 X51.797 Y20.41 E.09968
G1 X52.322 Y20.459 E.01423
G1 X54.634 Y18.147 E.08823
G1 X55.259 Y18.533 E.01982
G1 X55.176 Y18.514 E.0023
G1 X54.959 Y18.396 E.00667
G1 X52.77 Y20.585 E.08354
G1 X53.059 Y20.67 E.00813
G1 X53.713 Y21.005 E.01983
G1 X54.428 Y21.599 E.02508
G1 X54.88 Y22.173 E.01972
G1 X55.23 Y22.859 E.02078
G1 X55.438 Y23.6 E.02077
G1 X55.495 Y24.368 E.02078
G1 X55.433 Y24.987 E.01679
G1 X55.25 Y25.563 E.01631
G1 X56.661 Y24.152 E.05385
G1 X56.804 Y24.152 E.00386
G1 X56.804 Y18.591 E.15006
G1 X55.456 Y18.581 E.03638
G1 X55.453 Y18.986 E.01093
G1 X56.398 Y18.993 E.0255
G1 X56.398 Y22.686 E.09965
;WIDTH:0.473588
G1 X56.382 Y23.256 E.01666
;WIDTH:0.507176
G1 X56.365 Y23.826 E.01794
G1 X55.928 Y24.263 E.01944
G1 X55.859 Y23.485 E.02457
;WIDTH:0.501045
G1 X55.726 Y23.08 E.01323
;WIDTH:0.470522
G1 X55.593 Y22.676 E.01234
;WIDTH:0.439999
G1 X55.198 Y21.922 E.02297
G1 X54.658 Y21.256 E.02314
G1 X54.009 Y20.718 E.02275
G1 X53.492 Y20.436 E.01589
G1 X55.037 Y18.891 E.05896
G1 X55.255 Y18.941 E.00604
G1 X55.79 Y19.394 E.01892
G1 X55.45 Y19.392 E.00917
G1 X55.153 Y19.349 E.0081
G1 X54.165 Y20.337 E.0377
G1 X54.792 Y20.841 E.02171
G1 X55.066 Y21.097 E.01012
G1 X55.517 Y21.671 E.0197
G1 X55.993 Y22.592 E.02798
G1 X55.993 Y19.396 E.08624
G1 X55.525 Y19.86 E.01778
;WIDTH:0.563913
G1 X55.525 Y20.925 E.03752
G1 X55.433 Y20.808 E.00524
G1 X54.868 Y20.296 E.02686
G1 X55.323 Y19.849 E.02247
G1 E-3.5
;WIPE_START
G1 F7200
G1 X54.868 Y20.296 E-.30297
G1 X55.433 Y20.808 E-.36218
G1 X55.525 Y20.925 E-.0707
G1 X55.525 Y19.86 E-.50588
G1 X55.911 Y19.477 E-.25827
;WIPE_END
G1 X35.257 Y34.633 F9000
G1 E5 F2400
;WIDTH:0.40881
G1 F3600
G1 X35.052 Y34.827 E.00703
;WIDTH:0.439999
G1 X34.799 Y35.114 E.01032
G1 X23.51 Y46.402 E.4308
G1 X23.389 Y46.467 E.00371
;WIDTH:0.407168
G1 X23.268 Y46.531 E.00339
;WIDTH:0.374336
G1 X23.197 Y46.512 E.00166
G1 X23.216 Y46.584 E.00168
G1 X23.257 Y46.573 E.00096
;WIDTH:0.439999
G1 X24.055 Y46.431 E.02187
G1 X34.212 Y36.274 E.38761
G1 X34.308 Y36.207 E.00316
;WIDTH:0.407168
G1 X34.404 Y36.14 E.0029
;WIDTH:0.374336
G1 X34.385 Y35.988 E.00346
G1 X34.404 Y36.14 E.00346
G1 X34.076 Y36.984 F9000
;WIDTH:0.439999
G1 F3600
G1 X24.539 Y46.52 E.36393
G1 X24.988 Y46.645 E.01258
G1 X34.081 Y37.552 E.34701
G1 X34.149 Y38.058 E.01378
G1 X25.376 Y46.832 E.33482
G1 X25.749 Y47.032 E.01142
G1 X34.286 Y38.495 E.32579
G1 X34.462 Y38.892 E.01172
G1 X26.07 Y47.284 E.32026
G1 X26.377 Y47.552 E.011
G1 X34.667 Y39.261 E.31638
G1 X34.921 Y39.581 E.01102
G1 X26.641 Y47.861 E.31598
G1 X26.883 Y48.193 E.01109
G1 X35.199 Y39.876 E.31738
G1 X35.516 Y40.134 E.01103
G1 X27.089 Y48.56 E.32157
G1 X27.256 Y48.967 E.01187
G1 X35.864 Y40.359 E.3285
G1 X36.241 Y40.555 E.01147
G1 X27.394 Y49.403 E.33764
G1 X27.469 Y49.901 E.01359
G1 X36.676 Y40.694 E.35136
G1 X37.145 Y40.799 E.01297
G1 X27.489 Y50.455 E.3685
G1 X27.252 Y51.436 F9000
;WIDTH:0.374336
G1 F3600
G1 X27.211 Y51.447 E.00096
G1 X27.192 Y51.376 E.00166
G1 X27.263 Y51.395 E.00166
;WIDTH:0.407168
G1 X27.331 Y51.257 E.00382
;WIDTH:0.439999
G1 X27.399 Y51.119 E.00415
G1 X37.677 Y40.841 E.39223
G1 X38.654 Y40.586 F9000
;WIDTH:0.374336
G1 F3600
G1 X38.583 Y40.567 E.00166
G1 X38.602 Y40.638 E.00166
G1 X38.643 Y40.627 E.00096
;WIDTH:0.407168
G1 X38.486 Y40.695 E.00424
;WIDTH:0.439999
G1 X38.329 Y40.763 E.00462
G1 X27.053 Y52.039 E.43032
G1 X26.946 Y52.182 E.00482
;WIDTH:0.407168
G1 X26.839 Y52.325 E.00443
;WIDTH:0.374336
G1 X26.172 Y53.055 E.02236
G1 X25.673 Y53.488 E.01494
G1 E-3.5
;WIPE_START
G1 F7200
G1 X26.172 Y53.055 E-.31382
G1 X26.839 Y52.325 E-.4697
G1 X26.946 Y52.182 E-.08484
G1 X27.053 Y52.039 E-.08484
G1 X27.867 Y51.225 E-.5468
;WIPE_END
G1 X19.464 Y60.093 F9000
G1 E5 F2400
G1 F3600
G1 X19.423 Y60.104 E.00096
G1 X19.404 Y60.033 E.00166
G1 X19.475 Y60.052 E.00166
;WIDTH:0.407168
G1 X19.598 Y59.998 E.00333
;WIDTH:0.439999
G1 X19.721 Y59.944 E.00362
G1 X39.19 Y40.475 E.74298
G1 X39.477 Y40.255 E.00976
;WIDTH:0.374336
G1 X40.167 Y39.639 E.02092
G1 X40.603 Y39.139 E.015
;WIDTH:0.407168
G1 X40.708 Y38.996 E.0044
;WIDTH:0.439999
G1 X40.813 Y38.853 E.00479
G1 X51.537 Y28.128 E.40927
G1 X51.694 Y28.081 E.00442
;WIDTH:0.407168
G1 X51.851 Y28.033 E.00407
;WIDTH:0.374336
G1 X51.81 Y28.044 E.00096
G1 X51.79 Y27.973 E.00167
G1 X51.862 Y27.992 E.00168
;WIDTH:0.439999
G1 X52.137 Y28.102 E.00799
G1 X20.295 Y59.944 E1.21516
G1 X20.868 Y59.944 E.01546
G1 X52.888 Y27.925 E1.22194
G1 X52.843 Y27.855 E.00225
;WIDTH:0.407168
G1 X52.798 Y27.785 E.00206
;WIDTH:0.374336
G1 X53.017 Y27.722 E.00515
G1 X53.175 Y27.733 E.00358
G1 E-3.5
;WIPE_START
G1 F7200
G1 X53.017 Y27.722 E-.07523
G1 X52.798 Y27.785 E-.10824
G1 X52.843 Y27.855 E-.03953
G1 X52.888 Y27.925 E-.03953
G1 X51.046 Y29.767 E-1.23747
;WIPE_END
G1 X56.804 Y24.582 F9000
G1 E5 F2400
;WIDTH:0.439999
G1 F3600
G1 X21.442 Y59.944 E1.34949
G1 X22.016 Y59.944 E.01549
G1 X56.804 Y25.156 E1.32759
G1 X56.804 Y25.73 E.01549
G1 X22.589 Y59.944 E1.3057
G1 X23.163 Y59.944 E.01549
G1 X56.804 Y26.303 E1.28382
G1 X56.804 Y26.877 E.01549
G1 X23.737 Y59.944 E1.26191
G1 X24.31 Y59.944 E.01546
G1 X56.804 Y27.451 E1.24003
G1 X56.804 Y28.024 E.01546
G1 X24.884 Y59.944 E1.21814
G1 X25.458 Y59.944 E.01549
G1 X56.804 Y28.598 E1.19624
G1 X56.804 Y29.172 E.01549
G1 X26.032 Y59.944 E1.17433
G1 X26.605 Y59.944 E.01546
G1 X56.804 Y29.746 E1.15244
G1 X56.804 Y30.319 E.01546
G1 X27.179 Y59.944 E1.13056
G1 X27.753 Y59.944 E.01549
G1 X56.804 Y30.893 E1.10865
G1 X56.804 Y31.467 E.01549
G1 X28.326 Y59.944 E1.08677
G1 X28.9 Y59.944 E.01549
G1 X56.804 Y32.04 E1.06488
G1 X56.804 Y32.614 E.01549
G1 X29.474 Y59.944 E1.04298
G1 X30.047 Y59.944 E.01546
G1 X56.804 Y33.188 E1.02109
G1 X56.804 Y33.761 E.01546
G1 X30.621 Y59.944 E.9992
G1 X31.195 Y59.944 E.01549
G1 X56.804 Y34.335 E.9773
G1 X56.804 Y34.909 E.01549
G1 X31.768 Y59.944 E.95541
G1 X32.342 Y59.944 E.01549
G1 X56.804 Y35.483 E.93351
G1 X56.804 Y36.056 E.01546
G1 X32.916 Y59.944 E.91162
G1 X33.49 Y59.944 E.01549
G1 X56.804 Y36.63 E.88972
G1 X56.804 Y37.204 E.01549
G1 X34.063 Y59.944 E.86783
G1 X34.637 Y59.944 E.01549
G1 X56.804 Y37.777 E.84594
G1 X56.804 Y38.351 E.01549
G1 X35.211 Y59.944 E.82404
G1 X35.784 Y59.944 E.01546
G1 X56.804 Y38.925 E.80215
G1 X56.804 Y39.498 E.01546
G1 X36.358 Y59.944 E.78027
G1 X36.301 Y60.025 E.00267
;WIDTH:0.407168
G1 X36.243 Y60.107 E.00249
;WIDTH:0.374336
G1 X36.172 Y60.087 E.00167
G1 X36.191 Y60.159 E.00168
G1 X36.232 Y60.148 E.00096
;WIDTH:0.439999
G1 X36.675 Y60.093 E.01205
;WIDTH:0.374336
G1 X36.634 Y60.104 E.00096
G1 X36.615 Y60.033 E.00166
G1 X36.686 Y60.052 E.00166
;WIDTH:0.407168
G1 X36.809 Y59.998 E.00333
;WIDTH:0.439999
G1 X36.932 Y59.944 E.00362
G1 X48.054 Y48.822 E.42444
G1 X48.152 Y48.679 E.00468
;WIDTH:0.407168
G1 X48.25 Y48.535 E.00432
;WIDTH:0.374336
G1 X48.345 Y48.398 E.00377
G1 X48.024 Y49.323 F9000
G1 F3600
G1 X47.953 Y49.304 E.00166
G1 X47.972 Y49.375 E.00166
G1 X48.013 Y49.364 E.00096
;WIDTH:0.407168
G1 X47.921 Y49.493 E.00393
;WIDTH:0.439999
G1 X47.829 Y49.621 E.00425
G1 X37.505 Y59.944 E.39397
G1 X38.079 Y59.944 E.01549
G1 X47.772 Y50.252 E.36989
G1 X47.802 Y50.795 E.01468
G1 X38.653 Y59.944 E.34915
G1 X39.226 Y59.944 E.01546
G1 X47.898 Y51.273 E.33092
G1 X48.047 Y51.698 E.01215
G1 X39.8 Y59.944 E.31471
G1 X40.374 Y59.944 E.01549
G1 X48.217 Y52.102 E.29929
G1 X48.444 Y52.448 E.01117
G1 X40.948 Y59.944 E.28606
G1 X41.521 Y59.944 E.01546
G1 X48.686 Y52.78 E.27341
G1 X48.97 Y53.069 E.01093
G1 X42.095 Y59.944 E.26237
G1 X42.669 Y59.944 E.01549
G1 X49.275 Y53.338 E.2521
G1 X49.619 Y53.567 E.01115
G1 X43.242 Y59.944 E.24336
G1 X43.816 Y59.944 E.01549
G1 X49.988 Y53.772 E.23554
G1 X50.4 Y53.934 E.01195
G1 X44.39 Y59.944 E.22936
G1 X44.963 Y59.944 E.01546
G1 X50.855 Y54.052 E.22485
G1 X51.354 Y54.128 E.01362
G1 X45.537 Y59.944 E.22197
G1 X46.111 Y59.944 E.01549
G1 X51.933 Y54.123 E.22216
G1 X52.955 Y53.812 F9000
;WIDTH:0.374336
G1 F3600
G1 X52.884 Y53.793 E.00166
G1 X52.903 Y53.864 E.00166
G1 X52.944 Y53.853 E.00096
;WIDTH:0.407168
G1 X52.788 Y53.925 E.00426
;WIDTH:0.439999
G1 X52.632 Y53.997 E.00464
G1 X46.684 Y59.944 E.22697
G1 E-3.5
;WIPE_START
G1 F7200
G1 X48.917 Y57.711 E-1.5
;WIPE_END
G1 X49.441 Y47.24 F9000
G1 E5 F2400
;WIDTH:0.374336
G1 F3600
G1 X49.903 Y46.887 E.01315
;WIDTH:0.407168
G1 X50.047 Y46.786 E.00436
;WIDTH:0.439999
G1 X50.19 Y46.686 E.00471
G1 X56.804 Y40.072 E.25241
G1 X56.804 Y40.646 E.01549
G1 X50.988 Y46.462 E.22195
G1 X50.865 Y46.531 E.00381
;WIDTH:0.407168
G1 X50.742 Y46.6 E.0035
;WIDTH:0.374336
G1 X50.671 Y46.581 E.00166
G1 X50.69 Y46.652 E.00166
G1 X50.731 Y46.641 E.00096
G1 X51.624 Y46.399 F9000
;WIDTH:0.439999
G1 F3600
G1 X56.804 Y41.219 E.19768
G1 X56.804 Y41.793 E.01549
G1 X52.161 Y46.436 E.17719
G1 X52.631 Y46.54 E.01299
G1 X56.804 Y42.367 E.15925
G1 X56.804 Y42.941 E.01549
G1 X53.067 Y46.678 E.14261
G1 X53.453 Y46.865 E.01157
G1 X56.804 Y43.514 E.12788
G1 X56.804 Y44.088 E.01549
G1 X53.815 Y47.077 E.11407
G1 X54.136 Y47.33 E.01103
G1 X56.804 Y44.662 E.10182
G1 X56.804 Y45.235 E.01546
G1 X54.434 Y47.606 E.09046
G1 E-3.5
;WIPE_START
G1 F7200
G1 X56.667 Y45.373 E-1.5
;WIPE_END
G1 X56.661 Y45.952 F9000
G1 E5 F2400
G1 F3600
G1 X54.69 Y47.924 E.07524
G1 X54.901 Y48.207 E.00953
G1 X55.23 Y48.859 E.01971
G1 X55.438 Y49.6 E.02077
G1 X55.481 Y50.17 E.01543
G1 X55.494 Y50.404 E.00632
G1 X55.433 Y50.987 E.01582
G1 X55.153 Y51.86 E.02474
G1 X54.935 Y52.197 E.01083
;WIDTH:0.407168
G1 X54.717 Y52.535 E.00998
G1 X54.973 Y52.254 E.00943
;WIDTH:0.439999
G1 X55.229 Y51.974 E.01024
G1 X56.661 Y50.542 E.05465
G1 X56.804 Y50.542 E.00386
G1 X56.804 Y45.809 E.12772
G1 X56.398 Y46.788 F9000
G1 F3600
G1 X56.398 Y48.686 E.05122
;WIDTH:0.475904
G1 X56.38 Y49.14 E.01335
;WIDTH:0.511808
G1 X56.355 Y50.236 E.03482
;WIDTH:0.493619
G1 X55.899 Y50.692 E.0197
G1 X55.913 Y50.14 E.01687
;WIDTH:0.501045
G1 X55.859 Y49.485 E.0204
G1 X55.726 Y49.08 E.01323
;WIDTH:0.470522
G1 X55.593 Y48.676 E.01234
;WIDTH:0.439999
G1 X55.225 Y47.962 E.02168
G1 X56.255 Y46.932 E.03931
G1 X56.034 Y47.669 E.02076
;WIDTH:0.358196
G1 X56.034 Y48.859 E.02564
G1 X55.918 Y48.511 E.0079
G1 X55.674 Y48.028 E.01166
G1 X55.89 Y47.812 E.00658
G1 E-3.5
;WIPE_START
G1 F7200
G1 X55.674 Y48.028 E-.1451
G1 X55.918 Y48.511 E-.25704
G1 X56.034 Y48.859 E-.17424
G1 X56.034 Y47.669 E-.56525
G1 X56.251 Y46.946 E-.35837
;WIPE_END
G1 X54.717 Y52.535 F9000
G1 E5 F2400
;WIDTH:0.374336
G1 F3600
G1 X54.697 Y52.558 E.00069
;WIDTH:0.38157
G1 X53.904 Y53.34 E.02572
;WIDTH:0.410785
G1 X53.76 Y53.463 E.00474
;WIDTH:0.439999
G1 X53.617 Y53.586 E.00509
G1 X47.258 Y59.944 E.24265
G1 X47.832 Y59.944 E.01549
G1 X56.804 Y50.972 E.34239
G1 X56.804 Y51.546 E.01549
G1 X48.406 Y59.944 E.32049
G1 X48.979 Y59.944 E.01546
G1 X56.804 Y52.12 E.2986
G1 X56.804 Y52.693 E.01546
G1 X49.553 Y59.944 E.27671
G1 X50.127 Y59.944 E.01549
G1 X56.804 Y53.267 E.25481
G1 X56.804 Y53.841 E.01549
G1 X50.7 Y59.944 E.23292
G1 X51.274 Y59.944 E.01549
G1 X56.804 Y54.414 E.21104
G1 X56.804 Y54.988 E.01549
G1 X51.848 Y59.944 E.18913
G1 X52.421 Y59.944 E.01546
G1 X56.804 Y55.562 E.16725
G1 X56.804 Y56.135 E.01546
G1 X52.995 Y59.944 E.14536
G1 X53.569 Y59.944 E.01549
G1 X56.804 Y56.709 E.12346
G1 X56.804 Y57.283 E.01549
G1 X54.143 Y59.944 E.10155
G1 X54.591 Y60.148 E.01328
;WIDTH:0.374336
G1 X54.549 Y60.159 E.00098
G1 X54.53 Y60.087 E.00168
G1 X54.602 Y60.107 E.00169
;WIDTH:0.407168
G1 X54.659 Y60.025 E.00248
;WIDTH:0.439999
G1 X54.716 Y59.944 E.00267
G1 X56.804 Y57.857 E.07966
G1 X56.804 Y59.944 E.05632
G1 X55.29 Y59.944 E.04086
G1 X56.661 Y58.574 E.0523
G1 X56.419 Y59.485 F9000
;WIDTH:0.515608
G1 F3600
G1 X56.376 Y59.443 E.00192
G1 X56.318 Y59.458 E.00192
G1 X56.302 Y59.516 E.00193
G1 X56.345 Y59.559 E.00195
G1 X56.403 Y59.543 E.00193
;LAYER_CHANGE
;Z:5
;HEIGHT:0.16
;BEFORE_LAYER_CHANGE
G92 E0
;5


G1 E-3.5 F3600
;WIPE_START
G1 F7200
G1 X56.345 Y59.559 E-.02858
G1 X56.302 Y59.516 E-.02889
G1 X56.318 Y59.458 E-.02858
G1 X56.376 Y59.443 E-.02846
G1 X56.419 Y59.485 E-.02855
;WIPE_END
G1 E-1.35694 F3600
G1 Z5 F9000
;AFTER_LAYER_CHANGE
;5
G1 X39.773 Y39.699
G1 E5 F2400
;TYPE:Perimeter
;WIDTH:0.439999
G1 F1800
G1 X39.478 Y39.95 E.01045
G1 X39.035 Y40.208 E.01383
G1 X38.449 Y40.421 E.01683
G1 X37.808 Y40.521 E.01751
G1 X37.16 Y40.492 E.0175
G1 X36.53 Y40.336 E.01751
G1 X35.944 Y40.057 E.01751
G1 X35.425 Y39.668 E.0175
G1 X34.993 Y39.184 E.01751
G1 X34.665 Y38.624 E.01751
G1 X34.443 Y37.966 E.01874
G1 X34.371 Y37.369 E.01623
G1 X34.416 Y36.721 E.01753
G1 X34.541 Y36.221 E.01391
G1 X34.798 Y35.654 E.0168
G1 X35.134 Y35.177 E.01574
G1 X35.646 Y34.682 E.01922
G1 X36.198 Y34.34 E.01752
G1 X36.807 Y34.115 E.01752
G1 X37.448 Y34.015 E.01751
G1 X37.987 Y34.036 E.01456
G1 X38.291 Y34.078 E.00828
G1 X38.807 Y34.227 E.01449
G1 X39.311 Y34.479 E.01521
G1 X39.813 Y34.854 E.01691
G1 X40.263 Y35.352 E.01811
G1 X40.59 Y35.912 E.0175
G1 X40.8 Y36.526 E.01751
G1 X40.884 Y37.169 E.0175
G1 X40.839 Y37.816 E.0175
G1 X40.667 Y38.442 E.01752
G1 X40.374 Y39.021 E.01751
G1 X39.972 Y39.53 E.0175
G1 X39.819 Y39.66 E.00542
G1 X39.507 Y39.398 F9000
G1 F1800
G1 X39.225 Y39.633 E.00991
G1 X38.747 Y39.893 E.01468
G1 X38.253 Y40.054 E.01402
G1 X37.757 Y40.119 E.0135
G1 X37.19 Y40.088 E.01532
G1 X36.64 Y39.945 E.01534
G1 X36.129 Y39.696 E.01534
G1 X35.678 Y39.351 E.01532
G1 X35.304 Y38.924 E.01532
G1 X35.022 Y38.43 E.01535
G1 X34.83 Y37.84 E.01674
G1 X34.775 Y37.329 E.01387
G1 X34.82 Y36.761 E.01538
G1 X34.958 Y36.258 E.01407
G1 X35.179 Y35.8 E.01372
G1 X35.497 Y35.371 E.01441
G1 X35.915 Y34.986 E.01534
G1 X36.401 Y34.692 E.01533
G1 X36.936 Y34.5 E.01534
G1 X37.498 Y34.418 E.01533
G1 X38.065 Y34.448 E.01532
G1 X38.615 Y34.591 E.01534
G1 X39.126 Y34.84 E.01534
G1 X39.56 Y35.171 E.01473
G1 X39.952 Y35.613 E.01594
G1 X40.234 Y36.106 E.01533
G1 X40.412 Y36.645 E.01532
G1 X40.481 Y37.209 E.01533
G1 X40.436 Y37.776 E.01535
G1 X40.279 Y38.322 E.01533
G1 X40.018 Y38.827 E.01534
G1 X39.662 Y39.269 E.01531
G1 X39.553 Y39.359 E.00381
G1 X39.25 Y39.106 F9000
;TYPE:External perimeter
;WIDTH:0.419999
G1 F1800
G1 X38.95 Y39.342 E.00979
G1 X38.488 Y39.562 E.01313
G1 X38.156 Y39.67 E.00896
G1 X37.67 Y39.727 E.01255
G1 X37.182 Y39.686 E.01256
G1 X36.711 Y39.55 E.01258
G1 X36.277 Y39.323 E.01257
G1 X35.897 Y39.015 E.01255
G1 X35.585 Y38.637 E.01257
G1 X35.356 Y38.211 E.01241
G1 X35.214 Y37.737 E.01269
G1 X35.169 Y37.251 E.01252
G1 X35.22 Y36.767 E.01249
G1 X35.324 Y36.407 E.00961
G1 X35.539 Y35.969 E.01252
G1 X35.838 Y35.581 E.01257
G1 X36.275 Y35.221 E.01453
G1 X36.736 Y34.984 E.0133
G1 X37.218 Y34.851 E.01283
G1 X37.586 Y34.809 E.0095
G1 X38.074 Y34.85 E.01256
G1 X38.544 Y34.986 E.01255
G1 X38.978 Y35.213 E.01257
G1 X39.358 Y35.521 E.01255
G1 X39.689 Y35.933 E.01356
G1 X39.932 Y36.432 E.01424
G1 X40.042 Y36.8 E.00985
G1 X40.087 Y37.287 E.01255
G1 X40.034 Y37.774 E.01257
G1 X39.886 Y38.241 E.01257
G1 X39.649 Y38.669 E.01255
G1 X39.298 Y39.068 E.01363
G1 E-3.5 F3600
;WIPE_START
G1 F7200
G1 X39.25 Y39.106 E-.02908
G1 X38.95 Y39.342 E-.18131
G1 X38.488 Y39.562 E-.24306
G1 X38.156 Y39.67 E-.16583
G1 X37.67 Y39.727 E-.23243
G1 X37.182 Y39.686 E-.23262
G1 X36.711 Y39.55 E-.23286
G1 X36.37 Y39.372 E-.18281
;WIPE_END
G1 X26.56 Y48.269 F9000
G1 E5 F2400
;TYPE:Perimeter
;WIDTH:0.439999
G1 F1800
G1 X26.866 Y48.795 E.01642
G1 X27.094 Y49.466 E.01912
G1 X27.184 Y50.169 E.01913
G1 X27.133 Y50.876 E.01913
G1 X26.943 Y51.558 E.0191
G1 X26.622 Y52.19 E.01913
G1 X26.072 Y52.851 E.0232
G1 X25.492 Y53.298 E.01976
G1 X24.854 Y53.608 E.01914
G1 X24.168 Y53.785 E.01912
G1 X23.461 Y53.822 E.0191
G1 X22.76 Y53.718 E.01912
G1 X22.093 Y53.478 E.01913
G1 X21.488 Y53.11 E.01911
G1 X20.967 Y52.63 E.01912
G1 X20.552 Y52.056 E.01911
G1 X20.258 Y51.411 E.01913
G1 X20.099 Y50.721 E.01911
G1 X20.079 Y50.012 E.01914
G1 X20.2 Y49.314 E.01912
G1 X20.457 Y48.654 E.01911
G1 X20.94 Y47.94 E.02326
G1 X21.472 Y47.438 E.01974
G1 X22.075 Y47.067 E.0191
G1 X22.74 Y46.823 E.01911
G1 X23.44 Y46.715 E.01911
G1 X24.148 Y46.748 E.01913
G1 X24.835 Y46.921 E.01912
G1 X25.474 Y47.227 E.01912
G1 X26.04 Y47.653 E.01912
G1 X26.51 Y48.183 E.01912
G1 X26.53 Y48.217 E.00106
G1 X26.229 Y48.495 F9000
G1 F1800
G1 X26.51 Y48.989 E.01534
G1 X26.706 Y49.586 E.01696
G1 X26.78 Y50.209 E.01693
G1 X26.73 Y50.835 E.01695
G1 X26.556 Y51.439 E.01696
G1 X26.266 Y51.996 E.01695
G1 X25.768 Y52.582 E.02075
G1 X25.255 Y52.969 E.01734
G1 X24.687 Y53.238 E.01696
G1 X24.078 Y53.389 E.01693
G1 X23.451 Y53.416 E.01694
G1 X22.83 Y53.319 E.01696
G1 X22.242 Y53.1 E.01693
G1 X21.708 Y52.77 E.01694
G1 X21.25 Y52.339 E.01697
G1 X20.887 Y51.827 E.01694
G1 X20.632 Y51.253 E.01695
G1 X20.496 Y50.64 E.01694
G1 X20.485 Y50.012 E.01695
G1 X20.598 Y49.395 E.01693
G1 X20.831 Y48.812 E.01694
G1 X21.269 Y48.177 E.02082
G1 X21.74 Y47.742 E.0173
G1 X22.278 Y47.418 E.01695
G1 X22.869 Y47.207 E.01693
G1 X23.491 Y47.118 E.01696
G1 X24.117 Y47.153 E.01692
G1 X24.725 Y47.312 E.01696
G1 X25.289 Y47.588 E.01694
G1 X25.787 Y47.97 E.01694
G1 X26.199 Y48.443 E.01693
G1 X25.906 Y48.715 F9000
;TYPE:External perimeter
;WIDTH:0.419999
G1 F1800
G1 X26.163 Y49.179 E.01361
G1 X26.328 Y49.703 E.01409
G1 X26.387 Y50.249 E.01409
G1 X26.336 Y50.796 E.01409
G1 X26.178 Y51.322 E.01409
G1 X25.918 Y51.807 E.01412
G1 X25.471 Y52.32 E.01746
G1 X25.024 Y52.648 E.01422
G1 X24.525 Y52.877 E.01409
G1 X23.99 Y53.003 E.0141
G1 X23.441 Y53.021 E.01409
G1 X22.899 Y52.929 E.0141
G1 X22.386 Y52.732 E.0141
G1 X21.922 Y52.437 E.01411
G1 X21.526 Y52.056 E.0141
G1 X21.214 Y51.604 E.01409
G1 X20.997 Y51.1 E.01408
G1 X20.884 Y50.562 E.0141
G1 X20.88 Y50.012 E.01411
G1 X20.986 Y49.473 E.01409
G1 X21.195 Y48.965 E.01409
G1 X21.591 Y48.408 E.01753
G1 X22.002 Y48.039 E.01417
G1 X22.475 Y47.761 E.01408
G1 X22.995 Y47.582 E.01411
G1 X23.54 Y47.51 E.0141
G1 X24.088 Y47.548 E.01409
G1 X24.618 Y47.693 E.0141
G1 X25.108 Y47.94 E.01408
G1 X25.54 Y48.28 E.0141
G1 X25.87 Y48.667 E.01305
G1 E-3.5 F3600
;WIPE_START
G1 F7200
G1 X25.906 Y48.715 E-.0285
G1 X26.163 Y49.179 E-.25195
G1 X26.328 Y49.703 E-.26095
G1 X26.387 Y50.249 E-.26086
G1 X26.336 Y50.796 E-.26095
G1 X26.178 Y51.322 E-.26088
G1 X26.003 Y51.648 E-.17591
;WIPE_END
G1 X23.892 Y27.799 F9000
G1 E5 F2400
;TYPE:Perimeter
;WIDTH:0.439999
G1 F1800
G1 X23.461 Y27.822 E.01165
G1 X22.76 Y27.718 E.01912
G1 X22.093 Y27.478 E.01913
G1 X21.488 Y27.11 E.01911
G1 X20.967 Y26.63 E.01912
G1 X20.552 Y26.056 E.01911
G1 X20.258 Y25.411 E.01913
G1 X20.099 Y24.721 E.01911
G1 X20.079 Y24.012 E.01914
G1 X20.2 Y23.314 E.01912
G1 X20.457 Y22.654 E.01911
G1 X20.94 Y21.94 E.02326
G1 X21.304 Y21.586 E.0137
G1 X21.632 Y21.323 E.01134
G1 X22.075 Y21.067 E.01381
G1 X22.74 Y20.823 E.01911
G1 X23.44 Y20.715 E.01911
G1 X24.148 Y20.748 E.01913
G1 X24.835 Y20.921 E.01912
G1 X25.474 Y21.227 E.01912
G1 X26.04 Y21.653 E.01912
G1 X26.51 Y22.183 E.01912
G1 X26.866 Y22.795 E.01911
G1 X27.094 Y23.466 E.01912
G1 X27.184 Y24.169 E.01913
G1 X27.133 Y24.876 E.01913
G1 X26.943 Y25.558 E.0191
G1 X26.622 Y26.19 E.01913
G1 X26.072 Y26.851 E.0232
G1 X25.492 Y27.298 E.01976
G1 X24.854 Y27.608 E.01914
G1 X24.168 Y27.785 E.01912
G1 X23.952 Y27.796 E.00584
G1 X23.862 Y27.398 F9000
G1 F1800
G1 X23.451 Y27.416 E.0111
G1 X22.83 Y27.319 E.01696
G1 X22.242 Y27.1 E.01693
G1 X21.708 Y26.77 E.01694
G1 X21.25 Y26.339 E.01697
G1 X20.887 Y25.827 E.01694
G1 X20.632 Y25.253 E.01695
G1 X20.496 Y24.64 E.01694
G1 X20.485 Y24.012 E.01695
G1 X20.598 Y23.395 E.01693
G1 X20.831 Y22.812 E.01694
G1 X21.269 Y22.177 E.02082
G1 X21.74 Y21.742 E.0173
G1 X22.278 Y21.418 E.01695
G1 X22.869 Y21.207 E.01693
G1 X23.491 Y21.118 E.01696
G1 X24.117 Y21.153 E.01692
G1 X24.725 Y21.312 E.01696
G1 X25.289 Y21.588 E.01694
G1 X25.787 Y21.97 E.01694
G1 X26.2 Y22.444 E.01696
G1 X26.51 Y22.989 E.01692
G1 X26.706 Y23.586 E.01696
G1 X26.78 Y24.209 E.01693
G1 X26.73 Y24.835 E.01695
G1 X26.556 Y25.439 E.01696
G1 X26.266 Y25.996 E.01695
G1 X25.768 Y26.582 E.02075
G1 X25.255 Y26.969 E.01734
G1 X24.687 Y27.238 E.01696
G1 X24.078 Y27.389 E.01693
G1 X23.922 Y27.396 E.00421
G1 X23.833 Y27.008 F9000
;TYPE:External perimeter
;WIDTH:0.419999
G1 F1800
G1 X23.441 Y27.021 E.01006
G1 X22.899 Y26.929 E.0141
G1 X22.386 Y26.732 E.0141
G1 X21.922 Y26.437 E.01411
G1 X21.526 Y26.056 E.0141
G1 X21.214 Y25.604 E.01409
G1 X20.997 Y25.1 E.01408
G1 X20.884 Y24.562 E.0141
G1 X20.88 Y24.012 E.01411
G1 X20.986 Y23.473 E.01409
G1 X21.195 Y22.965 E.01409
G1 X21.591 Y22.408 E.01753
G1 X22.002 Y22.039 E.01417
G1 X22.475 Y21.761 E.01408
G1 X22.995 Y21.582 E.01411
G1 X23.54 Y21.51 E.0141
G1 X24.088 Y21.548 E.01409
G1 X24.618 Y21.693 E.0141
G1 X25.108 Y21.94 E.01408
G1 X25.54 Y22.28 E.0141
G1 X25.897 Y22.698 E.0141
G1 X26.163 Y23.179 E.0141
G1 X26.328 Y23.703 E.01409
G1 X26.387 Y24.249 E.01409
G1 X26.336 Y24.796 E.01409
G1 X26.178 Y25.322 E.01409
G1 X25.918 Y25.807 E.01412
G1 X25.471 Y26.32 E.01746
G1 X25.024 Y26.648 E.01422
G1 X24.525 Y26.877 E.01409
G1 X23.99 Y27.003 E.0141
G1 X23.893 Y27.006 E.00249
G1 E-3.5 F3600
;WIPE_START
G1 F7200
G1 X23.833 Y27.008 E-.02852
G1 X23.441 Y27.021 E-.1863
G1 X22.899 Y26.929 E-.26113
G1 X22.386 Y26.732 E-.26102
G1 X21.922 Y26.437 E-.26117
G1 X21.526 Y26.056 E-.26102
G1 X21.238 Y25.639 E-.24084
;WIPE_END
G1 X48.098 Y24.621 F9000
G1 E5 F2400
;TYPE:Perimeter
;WIDTH:0.439999
G1 F1800
G1 X48.095 Y23.861 E.02051
G1 X48.252 Y23.145 E.01978
G1 X48.541 Y22.498 E.01912
G1 X48.955 Y21.92 E.01919
G1 X49.472 Y21.438 E.01907
G1 X50.075 Y21.067 E.0191
G1 X50.74 Y20.823 E.01911
G1 X51.44 Y20.715 E.01911
G1 X52.148 Y20.748 E.01913
G1 X52.835 Y20.921 E.01912
G1 X53.474 Y21.227 E.01912
G1 X54.027 Y21.643 E.01867
G1 X54.51 Y22.183 E.01955
G1 X54.866 Y22.795 E.01911
G1 X55.094 Y23.466 E.01912
G1 X55.184 Y24.169 E.01913
G1 X55.133 Y24.876 E.01913
G1 X54.943 Y25.558 E.0191
G1 X54.622 Y26.19 E.01913
G1 X54.072 Y26.851 E.0232
G1 X53.492 Y27.298 E.01976
G1 X52.854 Y27.608 E.01914
G1 X52.168 Y27.785 E.01912
G1 X51.461 Y27.822 E.0191
G1 X50.76 Y27.718 E.01912
G1 X50.093 Y27.478 E.01913
G1 X49.488 Y27.11 E.01911
G1 X48.983 Y26.645 E.01852
G1 X48.598 Y26.124 E.01748
G1 X48.315 Y25.546 E.01737
G1 X48.2 Y25.222 E.00928
G1 X48.099 Y24.721 E.01379
G1 X48.099 Y24.681 E.00108
G1 X48.497 Y24.581 F9000
G1 F1800
G1 X48.501 Y23.871 E.01916
G1 X48.645 Y23.245 E.01733
G1 X48.907 Y22.674 E.01695
G1 X49.278 Y22.165 E.017
G1 X49.74 Y21.742 E.0169
G1 X50.278 Y21.418 E.01695
G1 X50.869 Y21.207 E.01693
G1 X51.491 Y21.118 E.01696
G1 X52.117 Y21.153 E.01692
G1 X52.725 Y21.312 E.01696
G1 X53.289 Y21.588 E.01694
G1 X53.774 Y21.96 E.01649
G1 X54.2 Y22.444 E.0174
G1 X54.51 Y22.989 E.01692
G1 X54.706 Y23.586 E.01696
G1 X54.78 Y24.209 E.01693
G1 X54.73 Y24.835 E.01695
G1 X54.556 Y25.439 E.01696
G1 X54.266 Y25.996 E.01695
G1 X53.768 Y26.582 E.02075
G1 X53.255 Y26.969 E.01734
G1 X52.687 Y27.238 E.01696
G1 X52.078 Y27.389 E.01693
G1 X51.451 Y27.416 E.01694
G1 X50.83 Y27.319 E.01696
G1 X50.242 Y27.1 E.01693
G1 X49.708 Y26.77 E.01694
G1 X49.266 Y26.355 E.01636
G1 X48.933 Y25.895 E.01532
G1 X48.689 Y25.388 E.01518
G1 X48.598 Y25.141 E.0071
G1 X48.497 Y24.641 E.01376
G1 X48.885 Y24.542 F9000
;TYPE:External perimeter
;WIDTH:0.419999
G1 F1800
G1 X48.896 Y23.881 E.01696
G1 X49.028 Y23.342 E.01424
G1 X49.263 Y22.846 E.01408
G1 X49.594 Y22.404 E.01417
G1 X50.002 Y22.039 E.01404
G1 X50.475 Y21.761 E.01408
G1 X50.995 Y21.582 E.01411
G1 X51.54 Y21.51 E.0141
G1 X52.088 Y21.548 E.01409
G1 X52.618 Y21.693 E.0141
G1 X53.109 Y21.94 E.0141
G1 X53.527 Y22.269 E.01365
G1 X53.897 Y22.698 E.01453
G1 X54.163 Y23.179 E.0141
G1 X54.328 Y23.703 E.01409
G1 X54.387 Y24.249 E.01409
G1 X54.336 Y24.796 E.01409
G1 X54.178 Y25.322 E.01409
G1 X53.918 Y25.807 E.01412
G1 X53.471 Y26.32 E.01746
G1 X53.024 Y26.648 E.01422
G1 X52.525 Y26.877 E.01409
G1 X51.99 Y27.003 E.0141
G1 X51.441 Y27.021 E.01409
G1 X50.899 Y26.929 E.0141
G1 X50.386 Y26.732 E.0141
G1 X49.922 Y26.437 E.01411
G1 X49.542 Y26.072 E.01352
G1 X49.214 Y25.604 E.01466
G1 X48.997 Y25.1 E.01408
G1 X48.893 Y24.602 E.01305
G1 E-3.5 F3600
;WIPE_START
G1 F7200
G1 X48.885 Y24.542 E-.02875
G1 X48.896 Y23.881 E-.31402
G1 X49.028 Y23.342 E-.26359
G1 X49.263 Y22.846 E-.26071
G1 X49.594 Y22.404 E-.2623
G1 X50.002 Y22.039 E-.26003
G1 X50.203 Y21.921 E-.1106
;WIPE_END
G1 X51.187 Y46.754 F9000
G1 E5 F2400
;TYPE:Perimeter
;WIDTH:0.439999
G1 F1800
G1 X51.44 Y46.715 E.00691
G1 X52.148 Y46.748 E.01913
G1 X52.835 Y46.921 E.01912
G1 X53.474 Y47.227 E.01912
G1 X54.04 Y47.653 E.01912
G1 X54.51 Y48.183 E.01912
G1 X54.866 Y48.795 E.01911
G1 X55.094 Y49.466 E.01912
G1 X55.184 Y50.169 E.01913
G1 X55.133 Y50.876 E.01913
G1 X54.943 Y51.558 E.0191
G1 X54.622 Y52.19 E.01913
G1 X54.072 Y52.851 E.0232
G1 X53.492 Y53.298 E.01976
G1 X52.854 Y53.608 E.01914
G1 X52.168 Y53.785 E.01912
G1 X51.461 Y53.822 E.0191
G1 X50.76 Y53.718 E.01912
G1 X50.093 Y53.478 E.01913
G1 X49.488 Y53.11 E.01911
G1 X48.967 Y52.63 E.01912
G1 X48.552 Y52.056 E.01911
G1 X48.258 Y51.411 E.01913
G1 X48.099 Y50.721 E.01911
G1 X48.095 Y49.861 E.02321
G1 X48.252 Y49.145 E.01978
G1 X48.541 Y48.498 E.01912
G1 X48.955 Y47.92 E.01919
G1 X49.472 Y47.438 E.01907
G1 X50.075 Y47.067 E.0191
G1 X50.74 Y46.823 E.01911
G1 X51.128 Y46.763 E.01059
G1 X51.238 Y47.154 F9000
G1 F1800
G1 X51.491 Y47.118 E.0069
G1 X52.117 Y47.153 E.01692
G1 X52.725 Y47.312 E.01696
G1 X53.289 Y47.588 E.01694
G1 X53.787 Y47.97 E.01694
G1 X54.2 Y48.444 E.01696
G1 X54.51 Y48.989 E.01692
G1 X54.706 Y49.586 E.01696
G1 X54.78 Y50.209 E.01693
G1 X54.73 Y50.835 E.01695
G1 X54.556 Y51.439 E.01696
G1 X54.266 Y51.996 E.01695
G1 X53.768 Y52.582 E.02075
G1 X53.255 Y52.969 E.01734
G1 X52.687 Y53.238 E.01696
G1 X52.078 Y53.389 E.01693
G1 X51.451 Y53.416 E.01694
G1 X50.83 Y53.319 E.01696
G1 X50.242 Y53.1 E.01693
G1 X49.708 Y52.77 E.01694
G1 X49.25 Y52.339 E.01697
G1 X48.887 Y51.827 E.01694
G1 X48.632 Y51.253 E.01695
G1 X48.496 Y50.64 E.01694
G1 X48.501 Y49.871 E.02075
G1 X48.645 Y49.245 E.01733
G1 X48.907 Y48.674 E.01695
G1 X49.278 Y48.165 E.017
G1 X49.74 Y47.742 E.0169
G1 X50.278 Y47.418 E.01695
G1 X50.869 Y47.207 E.01693
G1 X51.178 Y47.163 E.00842
G1 X51.286 Y47.544 F9000
;TYPE:External perimeter
;WIDTH:0.419999
G1 F1800
G1 X51.54 Y47.51 E.00657
G1 X52.088 Y47.548 E.01409
G1 X52.618 Y47.693 E.0141
G1 X53.109 Y47.94 E.0141
G1 X53.54 Y48.28 E.01408
G1 X53.897 Y48.698 E.0141
G1 X54.163 Y49.179 E.0141
G1 X54.328 Y49.703 E.01409
G1 X54.387 Y50.249 E.01409
G1 X54.336 Y50.796 E.01409
G1 X54.178 Y51.322 E.01409
G1 X53.918 Y51.807 E.01412
G1 X53.471 Y52.32 E.01746
G1 X53.024 Y52.648 E.01422
G1 X52.525 Y52.877 E.01409
G1 X51.99 Y53.003 E.0141
G1 X51.441 Y53.021 E.01409
G1 X50.899 Y52.929 E.0141
G1 X50.386 Y52.732 E.0141
G1 X49.922 Y52.437 E.01411
G1 X49.526 Y52.056 E.0141
G1 X49.214 Y51.604 E.01409
G1 X48.997 Y51.1 E.01408
G1 X48.884 Y50.562 E.0141
G1 X48.896 Y49.881 E.01747
G1 X49.028 Y49.342 E.01424
G1 X49.263 Y48.846 E.01408
G1 X49.594 Y48.404 E.01417
G1 X50.002 Y48.039 E.01404
G1 X50.475 Y47.761 E.01408
G1 X50.995 Y47.582 E.01411
G1 X51.227 Y47.552 E.006
G1 E-3.5 F3600
;WIPE_START
G1 F7200
G1 X51.286 Y47.544 E-.02828
G1 X51.54 Y47.51 E-.12173
G1 X52.088 Y47.548 E-.26093
G1 X52.618 Y47.693 E-.261
G1 X53.109 Y47.94 E-.26107
G1 X53.54 Y48.28 E-.26076
G1 X53.897 Y48.698 E-.26111
G1 X53.943 Y48.781 E-.04512
;WIPE_END
G1 X57.116 Y60.257 F9000
G1 E5 F2400
;TYPE:Perimeter
;WIDTH:0.439999
G1 F3600
G1 X18.139 Y60.257 E1.05179
G1 X18.139 Y18.279 E1.13277
G1 X19.748 Y18.279 E.04342
G1 X20.046 Y18.195 E.00835
G1 X20.359 Y17.977 E.01029
G1 X20.563 Y17.667 E.01001
G1 X20.639 Y17.285 E.01051
G1 X20.639 Y15.279 E.05413
G1 X54.616 Y15.279 E.91686
G1 X54.616 Y17.285 E.05413
G1 X54.694 Y17.67 E.0106
G1 X54.898 Y17.979 E.00999
G1 X55.214 Y18.197 E.01036
G1 X55.611 Y18.279 E.01094
G1 X57.116 Y18.279 E.04061
G1 X57.116 Y60.197 E1.13115
G1 X57.522 Y60.662 F9000
G1 F3600
G1 X17.733 Y60.662 E1.0737
G1 X17.733 Y17.874 E1.15463
G1 X19.711 Y17.874 E.05338
G1 X19.978 Y17.77 E.00773
G1 X20.164 Y17.562 E.00753
G1 X20.233 Y17.285 E.0077
G1 X20.233 Y14.874 E.06506
G1 X55.022 Y14.874 E.93877
G1 X55.022 Y17.375 E.06749
G1 X55.151 Y17.653 E.00827
G1 X55.323 Y17.798 E.00607
G1 X55.611 Y17.874 E.00804
G1 X57.522 Y17.874 E.05157
G1 X57.522 Y60.602 E1.15301
G1 X57.918 Y61.058 F9000
;TYPE:External perimeter
;WIDTH:0.419999
G1 F1800
G1 X17.338 Y61.058 E1.04106
G1 X17.338 Y17.478 E1.11802
G1 X19.645 Y17.478 E.05918
G1 X19.769 Y17.432 E.00339
G1 X19.838 Y17.285 E.00417
G1 X19.838 Y14.478 E.07201
G1 X55.418 Y14.478 E.91278
G1 X55.418 Y17.285 E.07201
G1 X55.46 Y17.406 E.00329
G1 X55.611 Y17.478 E.00429
G1 X57.918 Y17.478 E.05918
G1 X57.918 Y60.998 E1.11648
G1 E-3.5 F3600
;WIPE_START
G1 F7200
G1 X57.918 Y61.058 E-.0285
G1 X54.82 Y61.058 E-1.4715
;WIPE_END
G1 X56.24 Y18.402 F9000
G1 E5 F2400
;TYPE:Top solid infill
;WIDTH:0.401647
G1 F1800
G1 X56.824 Y18.986 E.02018
G1 X56.824 Y19.505 E.01268
G1 X55.716 Y18.398 E.03827
G1 E-3.5 F3600
;WIPE_START
G1 F7200
G1 X56.824 Y19.505 E-.74396
G1 X56.824 Y18.986 E-.24652
G1 X56.24 Y18.402 E-.3923
;WIPE_END
G1 E-.11722 F3600
G1 X53.918 Y16.08 F9000
G1 E5 F2400
G1 F1800
G1 X54.324 Y16.486 E.01403
G1 X54.324 Y17.005 E.01268
G1 X53.563 Y16.245 E.02628
G1 X53.044 Y16.245 E.01268
G1 X54.354 Y17.555 E.04527
G1 X54.425 Y17.785 E.00588
G1 X54.604 Y18.087 E.00858
G1 X54.784 Y18.272 E.00631
G1 X54.981 Y18.408 E.00585
G1 X55.215 Y18.51 E.00624
G1 X55.337 Y18.538 E.00306
G1 X56.824 Y20.025 E.05138
G1 X56.824 Y20.544 E.01268
G1 X52.524 Y16.245 E.14857
G1 X52.005 Y16.245 E.01268
G1 X56.824 Y21.064 E.16652
G1 X56.824 Y21.583 E.01268
G1 X51.486 Y16.245 E.18445
G1 X50.966 Y16.245 E.01271
G1 X56.824 Y22.103 E.20242
G1 X56.824 Y22.622 E.01268
G1 X50.447 Y16.245 E.22035
G1 X49.927 Y16.245 E.01271
G1 X56.824 Y23.142 E.23832
G1 X56.824 Y23.661 E.01268
G1 X49.408 Y16.245 E.25626
G1 X48.888 Y16.245 E.01271
G1 X56.824 Y24.181 E.27422
G1 X56.824 Y24.7 E.01268
G1 X55.315 Y23.191 E.05214
G1 X55.424 Y23.627 E.01098
G1 X55.445 Y23.841 E.00525
G1 X56.824 Y25.22 E.04765
G1 X56.824 Y25.739 E.01268
G1 X55.475 Y24.39 E.04661
G1 X55.426 Y24.86 E.01155
G1 X56.824 Y26.258 E.04831
G1 X56.824 Y26.778 E.01271
G1 X55.329 Y25.283 E.05166
G1 X55.208 Y25.681 E.01016
G1 X56.824 Y27.297 E.05584
G1 X56.824 Y27.817 E.01271
G1 X55.04 Y26.033 E.06164
G1 X54.854 Y26.366 E.00932
G1 X56.824 Y28.336 E.06807
G1 X56.824 Y28.856 E.01271
G1 X54.629 Y26.661 E.07585
G1 X54.386 Y26.937 E.00898
G1 X56.824 Y29.375 E.08424
G1 X56.824 Y29.895 E.01271
G1 X54.125 Y27.195 E.09328
G1 X53.827 Y27.417 E.00908
G1 X56.824 Y30.414 E.10356
G1 X56.824 Y30.934 E.01271
G1 X53.513 Y27.623 E.11441
G1 X53.161 Y27.79 E.00952
G1 X56.824 Y31.453 E.12657
G1 X56.824 Y31.972 E.01268
G1 X52.789 Y27.937 E.13943
G1 X52.37 Y28.038 E.01053
G1 X56.824 Y32.492 E.15391
G1 X56.824 Y33.011 E.01268
G1 X51.915 Y28.102 E.16963
G1 X51.403 Y28.11 E.01251
G1 X56.824 Y33.531 E.18732
G1 X56.824 Y34.05 E.01268
G1 X50.573 Y27.799 E.216
G1 E-3.5 F3600
;WIPE_START
G1 F7200
G1 X52.806 Y30.032 E-1.5
;WIPE_END
G1 X52.951 Y20.827 F9000
G1 E5 F2400
G1 F1800
G1 X48.369 Y16.245 E.15833
G1 X47.849 Y16.245 E.01271
G1 X52.056 Y20.452 E.14537
G1 X51.507 Y20.422 E.01343
G1 X47.33 Y16.245 E.14433
G1 X46.81 Y16.245 E.01271
G1 X51.038 Y20.472 E.14608
G1 X50.833 Y20.498 E.00505
G1 X50.606 Y20.56 E.00575
G1 X46.291 Y16.245 E.1491
G1 X45.772 Y16.245 E.01268
G1 X50.217 Y20.69 E.15359
G1 X49.86 Y20.853 E.00959
G1 X45.252 Y16.245 E.15923
G1 X44.733 Y16.245 E.01268
G1 X49.531 Y21.043 E.16579
G1 X49.23 Y21.261 E.00908
G1 X44.213 Y16.245 E.17334
G1 X43.694 Y16.245 E.01268
G1 X48.954 Y21.505 E.18176
G1 X48.701 Y21.771 E.00897
G1 X43.174 Y16.245 E.19096
G1 X42.655 Y16.245 E.01268
G1 X48.477 Y22.067 E.20118
G1 X48.273 Y22.382 E.00917
G1 X42.135 Y16.245 E.21208
G1 X41.616 Y16.245 E.01268
G1 X48.107 Y22.736 E.22429
G1 X48.004 Y22.954 E.00589
G1 X47.965 Y23.113 E.004
G1 X41.096 Y16.245 E.23734
G1 X40.577 Y16.245 E.01268
G1 X47.86 Y23.528 E.25166
G1 X47.813 Y23.716 E.00473
G1 X47.806 Y23.993 E.00677
G1 X40.058 Y16.245 E.26773
G1 X39.538 Y16.245 E.01271
G1 X47.792 Y24.499 E.28521
G1 X47.789 Y24.608 E.00266
G1 X47.889 Y25.115 E.01263
G1 X39.019 Y16.245 E.3065
G1 X38.499 Y16.245 E.01271
G1 X48.154 Y25.899 E.33361
G1 X48.245 Y26.115 E.00573
G1 X48.676 Y26.746 E.01867
G1 X49.224 Y27.28 E.0187
G1 X49.866 Y27.696 E.01869
G1 X50.006 Y27.751 E.00368
G1 X56.824 Y34.57 E.23561
G1 X56.824 Y35.089 E.01268
G1 X37.98 Y16.245 E.65114
G1 X37.46 Y16.245 E.01271
G1 X56.824 Y35.609 E.66911
G1 X56.824 Y36.128 E.01268
G1 X36.941 Y16.245 E.68704
G1 X36.421 Y16.245 E.01271
G1 X56.824 Y36.648 E.70501
G1 X56.824 Y37.167 E.01268
G1 X35.902 Y16.245 E.72295
G1 X35.382 Y16.245 E.01271
G1 X56.824 Y37.686 E.7409
G1 X56.824 Y38.206 E.01271
G1 X34.863 Y16.245 E.75885
G1 X34.343 Y16.245 E.01271
G1 X56.824 Y38.725 E.7768
G1 X56.824 Y39.245 E.01271
G1 X33.824 Y16.245 E.79475
G1 X33.305 Y16.245 E.01268
G1 X56.824 Y39.764 E.81268
G1 X56.824 Y40.284 E.01271
G1 X32.785 Y16.245 E.83065
G1 X32.266 Y16.245 E.01268
G1 X56.824 Y40.803 E.84859
G1 X56.824 Y41.323 E.01271
G1 X31.746 Y16.245 E.86655
G1 X31.227 Y16.245 E.01268
G1 X56.824 Y41.842 E.88449
G1 X56.824 Y42.362 E.01271
G1 X30.707 Y16.245 E.90246
G1 X30.188 Y16.245 E.01268
G1 X56.824 Y42.881 E.92039
G1 X56.824 Y43.4 E.01268
G1 X29.668 Y16.245 E.93834
G1 X29.149 Y16.245 E.01268
G1 X56.824 Y43.92 E.95629
G1 X56.824 Y44.439 E.01268
G1 X28.629 Y16.245 E.97424
G1 X28.11 Y16.245 E.01268
G1 X56.824 Y44.959 E.99219
G1 X56.824 Y45.478 E.01268
G1 X27.591 Y16.245 E1.01013
G1 X27.071 Y16.245 E.01271
G1 X56.824 Y45.998 E1.0281
G1 X56.824 Y46.517 E.01268
G1 X26.552 Y16.245 E1.04603
G1 X26.032 Y16.245 E.01271
G1 X56.824 Y47.037 E1.064
G1 X56.824 Y47.556 E.01268
G1 X25.513 Y16.245 E1.08193
G1 X24.993 Y16.245 E.01271
G1 X56.824 Y48.076 E1.0999
G1 X56.824 Y48.595 E.01268
G1 X24.474 Y16.245 E1.11783
G1 X23.954 Y16.245 E.01271
G1 X56.824 Y49.114 E1.13578
G1 X56.824 Y49.634 E.01271
G1 X23.435 Y16.245 E1.15374
G1 X22.915 Y16.245 E.01271
G1 X56.824 Y50.153 E1.17169
G1 X56.824 Y50.673 E.01271
G1 X55.303 Y49.152 E.05256
G1 X55.375 Y49.384 E.00594
G1 X55.442 Y49.81 E.01054
G1 X56.824 Y51.192 E.04775
G1 X56.824 Y51.712 E.01271
G1 X55.475 Y50.363 E.04661
G1 X55.429 Y50.836 E.01161
G1 X56.824 Y52.231 E.0482
G1 X56.824 Y52.751 E.01271
G1 X55.335 Y51.262 E.05145
G1 X55.216 Y51.662 E.0102
G1 X56.824 Y53.27 E.05556
G1 X56.824 Y53.79 E.01271
G1 X55.05 Y52.015 E.06132
G1 X54.865 Y52.35 E.00935
G1 X56.824 Y54.309 E.06769
G1 X56.824 Y54.829 E.01271
G1 X54.642 Y52.646 E.07541
G1 X54.398 Y52.922 E.009
G1 X56.824 Y55.348 E.08383
G1 X56.824 Y55.867 E.01268
G1 X54.139 Y53.182 E.09278
G1 X53.843 Y53.406 E.00907
G1 X56.824 Y56.387 E.10301
G1 X56.824 Y56.906 E.01268
G1 X53.53 Y53.613 E.1138
G1 X53.177 Y53.779 E.00953
G1 X56.824 Y57.426 E.12602
G1 X56.824 Y57.945 E.01268
G1 X52.813 Y53.934 E.1386
G1 X52.392 Y54.032 E.01056
G1 X56.824 Y58.465 E.15316
G1 X56.824 Y58.984 E.01268
G1 X51.942 Y54.102 E.16869
G1 X51.435 Y54.115 E.01239
G1 X56.824 Y59.504 E.18621
G1 X56.824 Y59.964 E.01124
G1 X56.765 Y59.964 E.00144
G1 X50.608 Y53.807 E.21275
G1 E-3.5 F3600
;WIPE_START
G1 F7200
G1 X52.841 Y56.04 E-1.5
;WIPE_END
G1 X53.002 Y46.851 F9000
G1 E5 F2400
G1 F1800
G1 X22.396 Y16.245 E1.05757
G1 X21.877 Y16.245 E.01268
G1 X52.082 Y46.45 E1.04371
G1 X51.534 Y46.421 E.01341
G1 X40.785 Y35.673 E.37141
G1 X40.567 Y35.27 E.0112
G1 X40.108 Y34.722 E.01747
G1 X39.548 Y34.277 E.01748
G1 X39.226 Y34.114 E.00882
G1 X21.357 Y16.245 E.61745
G1 X20.931 Y16.245 E.01041
G1 X20.931 Y16.339 E.0023
G1 X38.408 Y33.815 E.60389
G1 X38.223 Y33.764 E.00469
G1 X37.807 Y33.733 E.01019
G1 X27.328 Y23.255 E.36208
G1 X27.406 Y23.509 E.00649
G1 X27.448 Y23.894 E.00946
G1 X37.301 Y33.747 E.34046
G1 X36.839 Y33.805 E.01138
G1 X27.47 Y24.436 E.32374
G1 X27.421 Y24.906 E.01155
G1 X36.449 Y33.934 E.31196
G1 X36.141 Y34.04 E.00796
G1 X36.075 Y34.079 E.00187
G1 X27.317 Y25.322 E.30261
G1 X27.194 Y25.718 E.01013
G1 X35.748 Y34.272 E.29558
G1 X35.525 Y34.403 E.00632
G1 X35.438 Y34.481 E.00285
G1 X27.022 Y26.065 E.29081
G1 X26.833 Y26.396 E.00931
G1 X35.163 Y34.726 E.28784
G1 X35.014 Y34.859 E.00488
G1 X34.912 Y34.994 E.00413
G1 X26.605 Y26.687 E.28704
G1 X26.359 Y26.961 E.009
G1 X34.687 Y35.289 E.28777
G1 X34.613 Y35.386 E.00298
G1 X34.498 Y35.619 E.00635
G1 X26.093 Y27.215 E.29041
G1 X25.792 Y27.432 E.00907
G1 X34.327 Y35.968 E.29494
G1 X34.201 Y36.362 E.01011
G1 X25.481 Y27.641 E.30133
G1 X25.12 Y27.8 E.00964
G1 X34.121 Y36.801 E.31102
G1 X34.074 Y37.273 E.01159
G1 X24.75 Y27.949 E.32218
G1 X24.329 Y28.047 E.01056
G1 X34.343 Y38.062 E.34604
G1 E-3.5 F3600
;WIPE_START
G1 F7200
G1 X32.11 Y35.829 E-1.5
;WIPE_END
G1 X40.843 Y36.25 F9000
G1 E5 F2400
G1 F1800
G1 X51.064 Y46.471 E.35318
G1 X50.76 Y46.513 E.0075
G1 X50.631 Y46.557 E.00333
G1 X41.164 Y37.091 E.32711
G1 X41.182 Y37.268 E.00435
G1 X41.148 Y37.594 E.00801
G1 X50.245 Y46.691 E.31434
G1 X50 Y46.775 E.00633
G1 X49.88 Y46.846 E.00341
G1 X41.088 Y38.053 E.30382
G1 X40.963 Y38.448 E.01012
G1 X49.554 Y47.039 E.29686
G1 X49.343 Y47.165 E.006
G1 X49.247 Y47.251 E.00315
G1 X40.812 Y38.817 E.29145
G1 X40.627 Y39.151 E.00933
G1 X48.974 Y47.498 E.28843
G1 X48.777 Y47.675 E.00647
G1 X48.715 Y47.758 E.00253
G1 X40.412 Y39.456 E.28689
G1 X40.176 Y39.738 E.00898
G1 X48.494 Y48.056 E.28742
G1 X48.321 Y48.289 E.00709
G1 X48.284 Y48.366 E.00209
G1 X39.897 Y39.98 E.28979
G1 X39.611 Y40.213 E.00901
G1 X48.116 Y48.718 E.29388
G1 X48.006 Y48.949 E.00625
G1 X47.97 Y49.091 E.00358
G1 X39.28 Y40.401 E.30028
G1 X39.071 Y40.516 E.00583
G1 X38.924 Y40.564 E.00378
G1 X47.864 Y49.505 E.30893
G1 X47.818 Y49.687 E.00459
G1 X47.808 Y49.969 E.00689
G1 X38.533 Y40.693 E.32051
G1 X38.398 Y40.738 E.00348
G1 X38.094 Y40.773 E.00748
G1 X47.792 Y50.472 E.33513
G1 X47.788 Y50.595 E.00301
G1 X47.882 Y51.081 E.01209
G1 X37.617 Y40.816 E.3547
G1 X37.053 Y40.771 E.01382
G1 X48.134 Y51.852 E.3829
G1 X48.241 Y52.108 E.00678
G1 X48.6 Y52.646 E.0158
G1 X48.76 Y52.836 E.00607
G1 X49.132 Y53.199 E.0127
G1 X49.325 Y53.353 E.00603
G1 X49.762 Y53.636 E.01272
G1 X50.061 Y53.779 E.0081
G1 X56.246 Y59.964 E.21372
G1 X55.726 Y59.964 E.01271
G1 X36.34 Y40.578 E.66987
G1 X35.675 Y40.238 E.01825
G1 X35.118 Y39.784 E.01756
G1 X34.712 Y39.3 E.01544
G1 X34.363 Y38.672 E.01755
G1 X34.33 Y38.568 E.00267
G1 X23.866 Y28.104 E.36158
G1 X23.348 Y28.106 E.01266
G1 X55.207 Y59.964 E1.10085
G1 X54.688 Y59.964 E.01268
G1 X22.497 Y27.774 E1.11232
G1 E-3.5 F3600
;WIPE_START
G1 F7200
G1 X24.73 Y30.007 E-1.5
;WIPE_END
G1 X24.874 Y20.8 F9000
G1 E5 F2400
G1 F1800
G1 X20.931 Y16.858 E.13623
G1 X20.924 Y17.37 E.01251
G1 X24.001 Y20.448 E.10634
G1 X23.455 Y20.42 E.01336
G1 X20.819 Y17.785 E.09107
G1 X20.782 Y17.89 E.00272
G1 X20.623 Y18.108 E.00659
G1 X22.995 Y20.481 E.08198
G1 X22.775 Y20.509 E.00542
G1 X22.573 Y20.577 E.00521
G1 X20.349 Y18.353 E.07685
G1 X20.29 Y18.399 E.00183
G1 X19.996 Y18.52 E.00777
G1 X22.184 Y20.708 E.0756
G1 X22.044 Y20.754 E.0036
G1 X21.833 Y20.876 E.00596
G1 X19.519 Y18.563 E.07994
G1 X19.004 Y18.567 E.01258
G1 X21.504 Y21.066 E.08637
G1 X21.377 Y21.14 E.00359
G1 X21.206 Y21.288 E.00553
G1 X18.488 Y18.571 E.0939
G1 X18.431 Y18.571 E.00139
G1 X18.431 Y19.033 E.01129
G1 X20.927 Y21.529 E.08625
G1 X20.68 Y21.801 E.00898
G1 X18.431 Y19.553 E.0777
G1 X18.431 Y20.072 E.01268
G1 X20.462 Y22.103 E.07018
G1 X20.257 Y22.417 E.00916
G1 X18.431 Y20.592 E.06308
G1 X18.431 Y21.111 E.01268
G1 X20.091 Y22.77 E.05734
G1 X19.947 Y23.146 E.00984
G1 X18.431 Y21.63 E.05238
G1 X18.431 Y22.15 E.01271
G1 X19.85 Y23.569 E.04903
G1 X19.787 Y24.025 E.01125
G1 X18.431 Y22.669 E.04686
G1 X18.431 Y23.189 E.01271
G1 X19.788 Y24.546 E.04689
G1 X19.806 Y24.743 E.00483
G1 X19.891 Y25.168 E.01059
G1 X18.431 Y23.708 E.05045
G1 X18.431 Y24.228 E.01271
G1 X20.179 Y25.976 E.0604
G1 X20.308 Y26.217 E.00668
G1 X20.601 Y26.647 E.01271
G1 X20.76 Y26.836 E.00603
G1 X21.132 Y27.199 E.0127
G1 X21.325 Y27.353 E.00603
G1 X21.762 Y27.636 E.01272
G1 X21.92 Y27.717 E.00434
G1 X54.168 Y59.964 E1.11429
G1 X53.649 Y59.964 E.01268
G1 X18.431 Y24.747 E1.21692
G1 X18.431 Y25.267 E.01271
G1 X53.129 Y59.964 E1.19895
G1 X52.61 Y59.964 E.01268
G1 X18.431 Y25.786 E1.18102
G1 X18.431 Y26.306 E.01271
G1 X52.09 Y59.964 E1.16305
G1 X51.571 Y59.964 E.01268
G1 X18.431 Y26.825 E1.14511
G1 X18.431 Y27.344 E.01268
G1 X51.051 Y59.964 E1.12716
G1 X50.532 Y59.964 E.01268
G1 X18.431 Y27.864 E1.10921
G1 X18.431 Y28.383 E.01268
G1 X50.012 Y59.964 E1.09126
G1 X49.493 Y59.964 E.01268
G1 X18.431 Y28.903 E1.07331
G1 X18.431 Y29.422 E.01268
G1 X48.973 Y59.964 E1.05536
G1 X48.454 Y59.964 E.01268
G1 X18.431 Y29.942 E1.03741
G1 X18.431 Y30.461 E.01268
G1 X47.935 Y59.964 E1.01947
G1 X47.415 Y59.964 E.01271
G1 X18.431 Y30.981 E1.00151
G1 X18.431 Y31.5 E.01268
G1 X46.896 Y59.964 E.98357
G1 X46.376 Y59.964 E.01271
G1 X18.431 Y32.02 E.9656
G1 X18.431 Y32.539 E.01268
G1 X45.857 Y59.964 E.94767
G1 X45.337 Y59.964 E.01271
G1 X18.431 Y33.058 E.92972
G1 X18.431 Y33.578 E.01271
G1 X44.818 Y59.964 E.91177
G1 X44.298 Y59.964 E.01271
G1 X18.431 Y34.097 E.89382
G1 X18.431 Y34.617 E.01271
G1 X43.779 Y59.964 E.87587
G1 X43.259 Y59.964 E.01271
G1 X18.431 Y35.136 E.85792
G1 X18.431 Y35.656 E.01271
G1 X42.74 Y59.964 E.83996
G1 X42.221 Y59.964 E.01268
G1 X18.431 Y36.175 E.82203
G1 X18.431 Y36.695 E.01271
G1 X41.701 Y59.964 E.80406
G1 X41.182 Y59.964 E.01268
G1 X18.431 Y37.214 E.78613
G1 X18.431 Y37.734 E.01271
G1 X40.662 Y59.964 E.76816
G1 X40.143 Y59.964 E.01268
G1 X18.431 Y38.253 E.75023
G1 X18.431 Y38.772 E.01268
G1 X39.623 Y59.964 E.73228
G1 X39.104 Y59.964 E.01268
G1 X18.431 Y39.292 E.71433
G1 X18.431 Y39.811 E.01268
G1 X38.584 Y59.964 E.69637
G1 X38.065 Y59.964 E.01268
G1 X27.312 Y49.212 E.37155
G1 X27.406 Y49.507 E.00756
G1 X27.444 Y49.863 E.00875
G1 X37.545 Y59.964 E.34903
G1 X37.026 Y59.964 E.01268
G1 X27.473 Y50.412 E.33008
G1 X27.422 Y50.88 E.0115
G1 X36.507 Y59.964 E.31391
G1 X35.987 Y59.964 E.01271
G1 X27.323 Y51.3 E.29938
G1 X27.2 Y51.697 E.01016
G1 X35.468 Y59.964 E.28568
G1 X34.948 Y59.964 E.01271
G1 X27.027 Y52.043 E.27371
G1 X26.844 Y52.379 E.00935
G1 X34.429 Y59.964 E.26209
G1 X33.909 Y59.964 E.01271
G1 X26.615 Y52.67 E.25204
G1 X26.374 Y52.948 E.00899
G1 X33.39 Y59.964 E.24243
G1 X32.87 Y59.964 E.01271
G1 X26.112 Y53.206 E.23352
G1 X25.814 Y53.427 E.00907
G1 X32.351 Y59.964 E.22588
G1 X31.831 Y59.964 E.01271
G1 X25.498 Y53.631 E.21883
G1 X25.145 Y53.797 E.00953
G1 X31.312 Y59.964 E.2131
G1 X30.793 Y59.964 E.01268
G1 X24.771 Y53.943 E.20807
G1 X24.35 Y54.042 E.01057
G1 X30.273 Y59.964 E.20465
G1 X29.754 Y59.964 E.01268
G1 X23.893 Y54.104 E.20251
G1 X23.38 Y54.11 E.01254
G1 X29.234 Y59.964 E.20228
G1 X28.715 Y59.964 E.01268
G1 X22.539 Y53.789 E.21339
G1 E-3.5 F3600
;WIPE_START
G1 F7200
G1 X24.772 Y56.022 E-1.5
;WIPE_END
G1 X24.918 Y46.817 F9000
G1 E5 F2400
G1 F1800
G1 X18.431 Y40.331 E.22414
G1 X18.431 Y40.85 E.01268
G1 X24.031 Y46.449 E.19349
G1 X23.656 Y46.418 E.00919
G1 X23.484 Y46.423 E.0042
G1 X18.431 Y41.37 E.1746
G1 X18.431 Y41.889 E.01268
G1 X23.016 Y46.474 E.15843
G1 X22.588 Y46.565 E.01069
G1 X18.431 Y42.409 E.14363
G1 X18.431 Y42.928 E.01268
G1 X22.199 Y46.696 E.1302
G1 X21.846 Y46.862 E.00953
G1 X18.431 Y43.448 E.11799
G1 X18.431 Y43.967 E.01268
G1 X21.516 Y47.052 E.1066
G1 X21.217 Y47.272 E.00907
G1 X18.431 Y44.487 E.09625
G1 X18.431 Y45.006 E.01268
G1 X20.941 Y47.516 E.08673
G1 X20.691 Y47.785 E.00897
G1 X18.431 Y45.525 E.07809
G1 X18.431 Y46.045 E.01271
G1 X20.474 Y48.087 E.07058
G1 X20.266 Y48.399 E.00916
G1 X18.431 Y46.564 E.06341
G1 X18.431 Y47.084 E.01271
G1 X20.099 Y48.751 E.05762
G1 X19.954 Y49.125 E.0098
G1 X18.431 Y47.603 E.05261
G1 X18.431 Y48.123 E.01271
G1 X19.855 Y49.546 E.04919
G1 X19.788 Y49.998 E.01116
G1 X18.431 Y48.642 E.04687
G1 X18.431 Y49.162 E.01271
G1 X19.787 Y50.517 E.04684
G1 X19.806 Y50.743 E.00554
G1 X19.884 Y51.134 E.00974
G1 X18.431 Y49.681 E.05021
G1 X18.431 Y50.201 E.01271
G1 X20.159 Y51.929 E.05971
G1 X20.308 Y52.217 E.00792
G1 X20.601 Y52.647 E.01271
G1 X20.76 Y52.836 E.00603
G1 X21.132 Y53.199 E.0127
G1 X21.325 Y53.353 E.00603
G1 X21.762 Y53.636 E.01272
G1 X21.976 Y53.745 E.00587
G1 X28.195 Y59.964 E.21489
G1 X27.676 Y59.964 E.01268
G1 X18.431 Y50.72 E.31944
G1 X18.431 Y51.239 E.01268
G1 X27.156 Y59.964 E.30149
G1 X26.637 Y59.964 E.01268
G1 X18.431 Y51.759 E.28354
G1 X18.431 Y52.278 E.01268
G1 X26.117 Y59.964 E.26558
G1 X25.598 Y59.964 E.01268
G1 X18.431 Y52.798 E.24763
G1 X18.431 Y53.317 E.01268
G1 X25.078 Y59.964 E.22968
G1 X24.559 Y59.964 E.01268
G1 X18.431 Y53.837 E.21173
G1 X18.431 Y54.356 E.01268
G1 X24.04 Y59.964 E.1938
G1 X23.52 Y59.964 E.01271
G1 X18.431 Y54.876 E.17583
G1 X18.431 Y55.395 E.01268
G1 X23.001 Y59.964 E.1579
G1 X22.481 Y59.964 E.01271
G1 X18.431 Y55.915 E.13993
G1 X18.431 Y56.434 E.01268
G1 X21.962 Y59.964 E.12199
G1 X21.442 Y59.964 E.01271
G1 X18.431 Y56.953 E.10404
G1 X18.431 Y57.473 E.01271
G1 X20.923 Y59.964 E.08609
G1 X20.403 Y59.964 E.01271
G1 X18.431 Y57.992 E.06814
G1 X18.431 Y58.512 E.01271
G1 X19.884 Y59.964 E.05019
G1 X19.364 Y59.964 E.01271
G1 X18.431 Y59.031 E.03224
G1 X18.431 Y59.551 E.01271
G1 X19.01 Y60.129 E.01999
G1 E-3.5 F3600
;WIPE_START
G1 F7200
G1 X18.431 Y59.551 E-.38861
G1 X18.431 Y59.031 E-.247
G1 X19.364 Y59.964 E-.62674
G1 X19.864 Y59.964 E-.23765
;WIPE_END
G1 X23.165 Y15.859 F9000
G1 E5 F2400
;TYPE:Internal infill
;WIDTH:0.44
G1 F3600
G1 X21.29 Y15.859 E.0506
G1 X21.558 Y15.592 E.01021
G1 X23.101 Y15.592 E.04164
G1 X23.368 Y15.859 E.01019
G1 X28.94 Y15.859 E.15036
G1 X29.207 Y15.592 E.01019
G1 X30.75 Y15.592 E.04164
G1 X31.017 Y15.859 E.01019
G1 X36.589 Y15.859 E.15036
G1 X36.856 Y15.592 E.01019
G1 X38.399 Y15.592 E.04164
G1 X38.667 Y15.859 E.01021
G1 X44.238 Y15.859 E.15033
G1 X44.505 Y15.592 E.01019
G1 X46.048 Y15.592 E.04164
G1 X46.316 Y15.859 E.01021
G1 X51.887 Y15.859 E.15033
G1 X52.155 Y15.592 E.01021
G1 X53.698 Y15.592 E.04164
G1 X53.965 Y15.859 E.01019
G1 X52.09 Y15.859 E.0506
;LAYER_CHANGE
;Z:5.16
;HEIGHT:0.16
;BEFORE_LAYER_CHANGE
G92 E0
;5.16


G1 E-3.5 F3600
;WIPE_START
G1 F7200
G1 X53.965 Y15.859 E-.89063
G1 X53.698 Y15.592 E-.17936
G1 X52.793 Y15.592 E-.43001
;WIPE_END
G1 Z5.16 F9000
;AFTER_LAYER_CHANGE
;5.16
G1 X54.616 Y16.257
G1 E5 F2400
;TYPE:Perimeter
;WIDTH:0.439999
G1 F900
G1 X20.639 Y16.257 E.91686
G1 X20.639 Y15.279 E.02639
G1 X54.616 Y15.279 E.91686
G1 X54.616 Y16.197 E.02477
G1 X55.022 Y16.662 F9000
G1 F900
G1 X20.233 Y16.662 E.93877
G1 X20.233 Y14.874 E.04825
G1 X55.022 Y14.874 E.93877
G1 X55.022 Y16.602 E.04663
G1 X55.418 Y17.058 F9000
;TYPE:External perimeter
;WIDTH:0.419999
G1 F900
G1 X19.838 Y17.058 E.91278
G1 X19.838 Y14.478 E.06619
G1 X55.418 Y14.478 E.91278
G1 X55.418 Y16.998 E.06465
G1 E-3.5 F3600
;WIPE_START
G1 F7200
G1 X55.418 Y17.058 E-.0285
G1 X52.32 Y17.058 E-1.4715
;WIPE_END
G1 X52.005 Y15.944 F9000
G1 E5 F2400
;TYPE:Internal infill
;WIDTH:0.44
G1 F900
G1 X54.05 Y15.944 E.05518
G1 X53.698 Y15.592 E.01343
G1 X52.155 Y15.592 E.04164
G1 X51.802 Y15.944 E.01345
G1 X46.401 Y15.944 E.14575
G1 X46.048 Y15.592 E.01345
G1 X44.505 Y15.592 E.04164
G1 X44.153 Y15.944 E.01343
G1 X38.752 Y15.944 E.14575
G1 X38.399 Y15.592 E.01345
G1 X36.856 Y15.592 E.04164
G1 X36.504 Y15.944 E.01343
G1 X31.103 Y15.944 E.14575
G1 X30.75 Y15.592 E.01345
G1 X29.207 Y15.592 E.04164
G1 X28.854 Y15.944 E.01345
G1 X23.453 Y15.944 E.14575
G1 X23.101 Y15.592 E.01343
G1 X21.558 Y15.592 E.04164
G1 X21.205 Y15.944 E.01345
G1 X23.25 Y15.944 E.05518
;LAYER_CHANGE
;Z:5.32
;HEIGHT:0.16
;BEFORE_LAYER_CHANGE
G92 E0
;5.32


G1 E-3.5 F3600
;WIPE_START
G1 F7200
G1 X21.205 Y15.944 E-.97137
G1 X21.558 Y15.592 E-.23679
G1 X22.172 Y15.592 E-.29184
;WIPE_END
G1 Z5.32 F9000
;AFTER_LAYER_CHANGE
;5.32
G1 X20.639 Y16.257
G1 E5 F2400
;TYPE:Perimeter
;WIDTH:0.439999
G1 F900
G1 X20.639 Y15.279 E.02639
G1 X54.616 Y15.279 E.91686
G1 X54.616 Y16.257 E.02639
G1 X20.699 Y16.257 E.91524
G1 X20.233 Y16.662 F9000
G1 F900
G1 X20.233 Y14.874 E.04825
G1 X55.022 Y14.874 E.93877
G1 X55.022 Y16.662 E.04825
G1 X20.293 Y16.662 E.93716
G1 X19.838 Y17.058 F9000
;TYPE:External perimeter
;WIDTH:0.419999
G1 F900
G1 X19.838 Y14.478 E.06619
G1 X55.418 Y14.478 E.91278
G1 X55.418 Y17.058 E.06619
G1 X19.898 Y17.058 E.91124
G1 E-3.5 F3600
;WIPE_START
G1 F7200
G1 X19.838 Y17.058 E-.0285
G1 X19.838 Y14.478 E-1.2255
G1 X20.356 Y14.478 E-.246
;WIPE_END
G1 X23.25 Y15.944 F9000
G1 E5 F2400
;TYPE:Internal infill
;WIDTH:0.44
G1 F900
G1 X21.205 Y15.944 E.05518
G1 X21.558 Y15.592 E.01345
G1 X23.101 Y15.592 E.04164
G1 X23.453 Y15.944 E.01343
G1 X28.854 Y15.944 E.14575
G1 X29.207 Y15.592 E.01345
G1 X30.75 Y15.592 E.04164
G1 X31.103 Y15.944 E.01345
G1 X36.504 Y15.944 E.14575
G1 X36.856 Y15.592 E.01343
G1 X38.399 Y15.592 E.04164
G1 X38.752 Y15.944 E.01345
G1 X44.153 Y15.944 E.14575
G1 X44.505 Y15.592 E.01343
G1 X46.048 Y15.592 E.04164
G1 X46.401 Y15.944 E.01345
G1 X51.802 Y15.944 E.14575
G1 X52.155 Y15.592 E.01345
G1 X53.698 Y15.592 E.04164
G1 X54.05 Y15.944 E.01343
G1 X52.005 Y15.944 E.05518
;LAYER_CHANGE
;Z:5.48
;HEIGHT:0.16
;BEFORE_LAYER_CHANGE
G92 E0
;5.48


G1 E-3.5 F3600
;WIPE_START
G1 F7200
G1 X54.05 Y15.944 E-.97138
G1 X53.698 Y15.592 E-.23646
G1 X53.083 Y15.592 E-.29216
;WIPE_END
G1 Z5.48 F9000
;AFTER_LAYER_CHANGE
;5.48
G1 X54.616 Y16.257
G1 E5 F2400
;TYPE:Perimeter
;WIDTH:0.439999
G1 F900
G1 X20.639 Y16.257 E.91686
G1 X20.639 Y15.279 E.02639
G1 X54.616 Y15.279 E.91686
G1 X54.616 Y16.197 E.02477
G1 X55.022 Y16.662 F9000
G1 F900
G1 X20.233 Y16.662 E.93877
G1 X20.233 Y14.874 E.04825
G1 X55.022 Y14.874 E.93877
G1 X55.022 Y16.602 E.04663
G1 X55.418 Y17.058 F9000
;TYPE:External perimeter
;WIDTH:0.419999
G1 F900
G1 X19.838 Y17.058 E.91278
G1 X19.838 Y14.478 E.06619
G1 X55.418 Y14.478 E.91278
G1 X55.418 Y16.998 E.06465
G1 E-3.5 F3600
;WIPE_START
G1 F7200
G1 X55.418 Y17.058 E-.0285
G1 X52.32 Y17.058 E-1.4715
;WIPE_END
G1 X52.005 Y15.944 F9000
G1 E5 F2400
;TYPE:Internal infill
;WIDTH:0.44
G1 F900
G1 X54.05 Y15.944 E.05518
G1 X53.698 Y15.592 E.01343
G1 X52.155 Y15.592 E.04164
G1 X51.802 Y15.944 E.01345
G1 X46.401 Y15.944 E.14575
G1 X46.048 Y15.592 E.01345
G1 X44.505 Y15.592 E.04164
G1 X44.153 Y15.944 E.01343
G1 X38.752 Y15.944 E.14575
G1 X38.399 Y15.592 E.01345
G1 X36.856 Y15.592 E.04164
G1 X36.504 Y15.944 E.01343
G1 X31.103 Y15.944 E.14575
G1 X30.75 Y15.592 E.01345
G1 X29.207 Y15.592 E.04164
G1 X28.854 Y15.944 E.01345
G1 X23.453 Y15.944 E.14575
G1 X23.101 Y15.592 E.01343
G1 X21.558 Y15.592 E.04164
G1 X21.205 Y15.944 E.01345
G1 X23.25 Y15.944 E.05518
;LAYER_CHANGE
;Z:5.64
;HEIGHT:0.16
;BEFORE_LAYER_CHANGE
G92 E0
;5.64


G1 E-3.5 F3600
;WIPE_START
G1 F7200
G1 X21.205 Y15.944 E-.97137
G1 X21.558 Y15.592 E-.23679
G1 X22.172 Y15.592 E-.29184
;WIPE_END
G1 Z5.64 F9000
;AFTER_LAYER_CHANGE
;5.64
G1 X20.639 Y16.257
G1 E5 F2400
;TYPE:Perimeter
;WIDTH:0.439999
G1 F900
G1 X20.639 Y15.279 E.02639
G1 X54.616 Y15.279 E.91686
G1 X54.616 Y16.257 E.02639
G1 X20.699 Y16.257 E.91524
G1 X20.233 Y16.662 F9000
G1 F900
G1 X20.233 Y14.874 E.04825
G1 X55.022 Y14.874 E.93877
G1 X55.022 Y16.662 E.04825
G1 X20.293 Y16.662 E.93716
G1 X19.838 Y17.058 F9000
;TYPE:External perimeter
;WIDTH:0.419999
G1 F900
G1 X19.838 Y14.478 E.06619
G1 X55.418 Y14.478 E.91278
G1 X55.418 Y17.058 E.06619
G1 X19.898 Y17.058 E.91124
G1 E-3.5 F3600
;WIPE_START
G1 F7200
G1 X19.838 Y17.058 E-.0285
G1 X19.838 Y14.478 E-1.2255
G1 X20.356 Y14.478 E-.246
;WIPE_END
G1 X23.25 Y15.944 F9000
G1 E5 F2400
;TYPE:Internal infill
;WIDTH:0.44
G1 F900
G1 X21.205 Y15.944 E.05518
G1 X21.558 Y15.592 E.01345
G1 X23.101 Y15.592 E.04164
G1 X23.453 Y15.944 E.01343
G1 X28.854 Y15.944 E.14575
G1 X29.207 Y15.592 E.01345
G1 X30.75 Y15.592 E.04164
G1 X31.103 Y15.944 E.01345
G1 X36.504 Y15.944 E.14575
G1 X36.856 Y15.592 E.01343
G1 X38.399 Y15.592 E.04164
G1 X38.752 Y15.944 E.01345
G1 X44.153 Y15.944 E.14575
G1 X44.505 Y15.592 E.01343
G1 X46.048 Y15.592 E.04164
G1 X46.401 Y15.944 E.01345
G1 X51.802 Y15.944 E.14575
G1 X52.155 Y15.592 E.01345
G1 X53.698 Y15.592 E.04164
G1 X54.05 Y15.944 E.01343
G1 X52.005 Y15.944 E.05518
;LAYER_CHANGE
;Z:5.8
;HEIGHT:0.16
;BEFORE_LAYER_CHANGE
G92 E0
;5.8


G1 E-3.5 F3600
;WIPE_START
G1 F7200
G1 X54.05 Y15.944 E-.97138
G1 X53.698 Y15.592 E-.23646
G1 X53.083 Y15.592 E-.29216
;WIPE_END
G1 Z5.8 F9000
;AFTER_LAYER_CHANGE
;5.8
G1 X54.616 Y16.257
G1 E5 F2400
;TYPE:Perimeter
;WIDTH:0.439999
G1 F900
G1 X20.639 Y16.257 E.91686
G1 X20.639 Y15.279 E.02639
G1 X54.616 Y15.279 E.91686
G1 X54.616 Y16.197 E.02477
G1 X55.022 Y16.662 F9000
G1 F900
G1 X20.233 Y16.662 E.93877
G1 X20.233 Y14.874 E.04825
G1 X55.022 Y14.874 E.93877
G1 X55.022 Y16.602 E.04663
G1 X55.418 Y17.058 F9000
;TYPE:External perimeter
;WIDTH:0.419999
G1 F900
G1 X19.838 Y17.058 E.91278
G1 X19.838 Y14.478 E.06619
G1 X55.418 Y14.478 E.91278
G1 X55.418 Y16.998 E.06465
G1 E-3.5 F3600
;WIPE_START
G1 F7200
G1 X55.418 Y17.058 E-.0285
G1 X52.32 Y17.058 E-1.4715
;WIPE_END
G1 X52.005 Y15.944 F9000
G1 E5 F2400
;TYPE:Internal infill
;WIDTH:0.44
G1 F900
G1 X54.05 Y15.944 E.05518
G1 X53.698 Y15.592 E.01343
G1 X52.155 Y15.592 E.04164
G1 X51.802 Y15.944 E.01345
G1 X46.401 Y15.944 E.14575
G1 X46.048 Y15.592 E.01345
G1 X44.505 Y15.592 E.04164
G1 X44.153 Y15.944 E.01343
G1 X38.752 Y15.944 E.14575
G1 X38.399 Y15.592 E.01345
G1 X36.856 Y15.592 E.04164
G1 X36.504 Y15.944 E.01343
G1 X31.103 Y15.944 E.14575
G1 X30.75 Y15.592 E.01345
G1 X29.207 Y15.592 E.04164
G1 X28.854 Y15.944 E.01345
G1 X23.453 Y15.944 E.14575
G1 X23.101 Y15.592 E.01343
G1 X21.558 Y15.592 E.04164
G1 X21.205 Y15.944 E.01345
G1 X23.25 Y15.944 E.05518
;LAYER_CHANGE
;Z:5.96
;HEIGHT:0.16
;BEFORE_LAYER_CHANGE
G92 E0
;5.96


G1 E-3.5 F3600
;WIPE_START
G1 F7200
G1 X21.205 Y15.944 E-.97137
G1 X21.558 Y15.592 E-.23679
G1 X22.172 Y15.592 E-.29184
;WIPE_END
G1 Z5.96 F9000
;AFTER_LAYER_CHANGE
;5.96
G1 X20.639 Y16.257
G1 E5 F2400
;TYPE:Perimeter
;WIDTH:0.439999
G1 F900
G1 X20.639 Y15.279 E.02639
G1 X54.616 Y15.279 E.91686
G1 X54.616 Y16.257 E.02639
G1 X20.699 Y16.257 E.91524
G1 X20.233 Y16.662 F9000
G1 F900
G1 X20.233 Y14.874 E.04825
G1 X55.022 Y14.874 E.93877
G1 X55.022 Y16.662 E.04825
G1 X20.293 Y16.662 E.93716
G1 X19.838 Y17.058 F9000
;TYPE:External perimeter
;WIDTH:0.419999
G1 F900
G1 X19.838 Y14.478 E.06619
G1 X55.418 Y14.478 E.91278
G1 X55.418 Y17.058 E.06619
G1 X19.898 Y17.058 E.91124
G1 E-3.5 F3600
;WIPE_START
G1 F7200
G1 X19.838 Y17.058 E-.0285
G1 X19.838 Y14.478 E-1.2255
G1 X20.356 Y14.478 E-.246
;WIPE_END
G1 X23.25 Y15.944 F9000
G1 E5 F2400
;TYPE:Internal infill
;WIDTH:0.44
G1 F900
G1 X21.205 Y15.944 E.05518
G1 X21.558 Y15.592 E.01345
G1 X23.101 Y15.592 E.04164
G1 X23.453 Y15.944 E.01343
G1 X28.854 Y15.944 E.14575
G1 X29.207 Y15.592 E.01345
G1 X30.75 Y15.592 E.04164
G1 X31.103 Y15.944 E.01345
G1 X36.504 Y15.944 E.14575
G1 X36.856 Y15.592 E.01343
G1 X38.399 Y15.592 E.04164
G1 X38.752 Y15.944 E.01345
G1 X44.153 Y15.944 E.14575
G1 X44.505 Y15.592 E.01343
G1 X46.048 Y15.592 E.04164
G1 X46.401 Y15.944 E.01345
G1 X51.802 Y15.944 E.14575
G1 X52.155 Y15.592 E.01345
G1 X53.698 Y15.592 E.04164
G1 X54.05 Y15.944 E.01343
G1 X52.005 Y15.944 E.05518
;LAYER_CHANGE
;Z:6.12
;HEIGHT:0.16
;BEFORE_LAYER_CHANGE
G92 E0
;6.12


G1 E-3.5 F3600
;WIPE_START
G1 F7200
G1 X54.05 Y15.944 E-.97138
G1 X53.698 Y15.592 E-.23646
G1 X53.083 Y15.592 E-.29216
;WIPE_END
G1 Z6.12 F9000
;AFTER_LAYER_CHANGE
;6.12
G1 X54.616 Y16.257
G1 E5 F2400
;TYPE:Perimeter
;WIDTH:0.439999
G1 F900
G1 X20.639 Y16.257 E.91686
G1 X20.639 Y15.279 E.02639
G1 X54.616 Y15.279 E.91686
G1 X54.616 Y16.197 E.02477
G1 X55.022 Y16.662 F9000
G1 F900
G1 X20.233 Y16.662 E.93877
G1 X20.233 Y14.874 E.04825
G1 X55.022 Y14.874 E.93877
G1 X55.022 Y16.602 E.04663
G1 X55.418 Y17.058 F9000
;TYPE:External perimeter
;WIDTH:0.419999
G1 F900
G1 X19.838 Y17.058 E.91278
G1 X19.838 Y14.478 E.06619
G1 X55.418 Y14.478 E.91278
G1 X55.418 Y16.998 E.06465
G1 E-3.5 F3600
;WIPE_START
G1 F7200
G1 X55.418 Y17.058 E-.0285
G1 X52.32 Y17.058 E-1.4715
;WIPE_END
G1 X52.005 Y15.944 F9000
G1 E5 F2400
;TYPE:Internal infill
;WIDTH:0.44
G1 F900
G1 X54.05 Y15.944 E.05518
G1 X53.698 Y15.592 E.01343
G1 X52.155 Y15.592 E.04164
G1 X51.802 Y15.944 E.01345
G1 X46.401 Y15.944 E.14575
G1 X46.048 Y15.592 E.01345
G1 X44.505 Y15.592 E.04164
G1 X44.153 Y15.944 E.01343
G1 X38.752 Y15.944 E.14575
G1 X38.399 Y15.592 E.01345
G1 X36.856 Y15.592 E.04164
G1 X36.504 Y15.944 E.01343
G1 X31.103 Y15.944 E.14575
G1 X30.75 Y15.592 E.01345
G1 X29.207 Y15.592 E.04164
G1 X28.854 Y15.944 E.01345
G1 X23.453 Y15.944 E.14575
G1 X23.101 Y15.592 E.01343
G1 X21.558 Y15.592 E.04164
G1 X21.205 Y15.944 E.01345
G1 X23.25 Y15.944 E.05518
;LAYER_CHANGE
;Z:6.28
;HEIGHT:0.16
;BEFORE_LAYER_CHANGE
G92 E0
;6.28


G1 E-3.5 F3600
;WIPE_START
G1 F7200
G1 X21.205 Y15.944 E-.97137
G1 X21.558 Y15.592 E-.23679
G1 X22.172 Y15.592 E-.29184
;WIPE_END
G1 Z6.28 F9000
;AFTER_LAYER_CHANGE
;6.28
G1 X20.639 Y16.257
G1 E5 F2400
;TYPE:Perimeter
;WIDTH:0.439999
G1 F900
G1 X20.639 Y15.279 E.02639
G1 X54.616 Y15.279 E.91686
G1 X54.616 Y16.257 E.02639
G1 X20.699 Y16.257 E.91524
G1 X20.233 Y16.662 F9000
G1 F900
G1 X20.233 Y14.874 E.04825
G1 X55.022 Y14.874 E.93877
G1 X55.022 Y16.662 E.04825
G1 X20.293 Y16.662 E.93716
G1 X19.838 Y17.058 F9000
;TYPE:External perimeter
;WIDTH:0.419999
G1 F900
G1 X19.838 Y14.478 E.06619
G1 X55.418 Y14.478 E.91278
G1 X55.418 Y17.058 E.06619
G1 X19.898 Y17.058 E.91124
G1 E-3.5 F3600
;WIPE_START
G1 F7200
G1 X19.838 Y17.058 E-.0285
G1 X19.838 Y14.478 E-1.2255
G1 X20.356 Y14.478 E-.246
;WIPE_END
G1 X23.25 Y15.944 F9000
G1 E5 F2400
;TYPE:Internal infill
;WIDTH:0.44
G1 F900
G1 X21.205 Y15.944 E.05518
G1 X21.558 Y15.592 E.01345
G1 X23.101 Y15.592 E.04164
G1 X23.453 Y15.944 E.01343
G1 X28.854 Y15.944 E.14575
G1 X29.207 Y15.592 E.01345
G1 X30.75 Y15.592 E.04164
G1 X31.103 Y15.944 E.01345
G1 X36.504 Y15.944 E.14575
G1 X36.856 Y15.592 E.01343
G1 X38.399 Y15.592 E.04164
G1 X38.752 Y15.944 E.01345
G1 X44.153 Y15.944 E.14575
G1 X44.505 Y15.592 E.01343
G1 X46.048 Y15.592 E.04164
G1 X46.401 Y15.944 E.01345
G1 X51.802 Y15.944 E.14575
G1 X52.155 Y15.592 E.01345
G1 X53.698 Y15.592 E.04164
G1 X54.05 Y15.944 E.01343
G1 X52.005 Y15.944 E.05518
;LAYER_CHANGE
;Z:6.44
;HEIGHT:0.16
;BEFORE_LAYER_CHANGE
G92 E0
;6.44


G1 E-3.5 F3600
;WIPE_START
G1 F7200
G1 X54.05 Y15.944 E-.97138
G1 X53.698 Y15.592 E-.23646
G1 X53.083 Y15.592 E-.29216
;WIPE_END
G1 Z6.44 F9000
;AFTER_LAYER_CHANGE
;6.44
G1 X54.616 Y16.257
G1 E5 F2400
;TYPE:Perimeter
;WIDTH:0.439999
G1 F900
G1 X20.639 Y16.257 E.91686
G1 X20.639 Y15.279 E.02639
G1 X54.616 Y15.279 E.91686
G1 X54.616 Y16.197 E.02477
G1 X55.022 Y16.662 F9000
G1 F900
G1 X20.233 Y16.662 E.93877
G1 X20.233 Y14.874 E.04825
G1 X55.022 Y14.874 E.93877
G1 X55.022 Y16.602 E.04663
G1 X55.418 Y17.058 F9000
;TYPE:External perimeter
;WIDTH:0.419999
G1 F900
G1 X19.838 Y17.058 E.91278
G1 X19.838 Y14.478 E.06619
G1 X55.418 Y14.478 E.91278
G1 X55.418 Y16.998 E.06465
G1 E-3.5 F3600
;WIPE_START
G1 F7200
G1 X55.418 Y17.058 E-.0285
G1 X52.32 Y17.058 E-1.4715
;WIPE_END
G1 X52.005 Y15.944 F9000
G1 E5 F2400
;TYPE:Internal infill
;WIDTH:0.44
G1 F900
G1 X54.05 Y15.944 E.05518
G1 X53.698 Y15.592 E.01343
G1 X52.155 Y15.592 E.04164
G1 X51.802 Y15.944 E.01345
G1 X46.401 Y15.944 E.14575
G1 X46.048 Y15.592 E.01345
G1 X44.505 Y15.592 E.04164
G1 X44.153 Y15.944 E.01343
G1 X38.752 Y15.944 E.14575
G1 X38.399 Y15.592 E.01345
G1 X36.856 Y15.592 E.04164
G1 X36.504 Y15.944 E.01343
G1 X31.103 Y15.944 E.14575
G1 X30.75 Y15.592 E.01345
G1 X29.207 Y15.592 E.04164
G1 X28.854 Y15.944 E.01345
G1 X23.453 Y15.944 E.14575
G1 X23.101 Y15.592 E.01343
G1 X21.558 Y15.592 E.04164
G1 X21.205 Y15.944 E.01345
G1 X23.25 Y15.944 E.05518
;LAYER_CHANGE
;Z:6.6
;HEIGHT:0.16
;BEFORE_LAYER_CHANGE
G92 E0
;6.6


G1 E-3.5 F3600
;WIPE_START
G1 F7200
G1 X21.205 Y15.944 E-.97137
G1 X21.558 Y15.592 E-.23679
G1 X22.172 Y15.592 E-.29184
;WIPE_END
G1 Z6.6 F9000
;AFTER_LAYER_CHANGE
;6.6
G1 X20.639 Y16.257
G1 E5 F2400
;TYPE:Perimeter
;WIDTH:0.439999
G1 F900
G1 X20.639 Y15.279 E.02639
G1 X54.616 Y15.279 E.91686
G1 X54.616 Y16.257 E.02639
G1 X20.699 Y16.257 E.91524
G1 X20.233 Y16.662 F9000
G1 F900
G1 X20.233 Y14.874 E.04825
G1 X55.022 Y14.874 E.93877
G1 X55.022 Y16.662 E.04825
G1 X20.293 Y16.662 E.93716
G1 X19.838 Y17.058 F9000
;TYPE:External perimeter
;WIDTH:0.419999
G1 F900
G1 X19.838 Y14.478 E.06619
G1 X55.418 Y14.478 E.91278
G1 X55.418 Y17.058 E.06619
G1 X19.898 Y17.058 E.91124
G1 E-3.5 F3600
;WIPE_START
G1 F7200
G1 X19.838 Y17.058 E-.0285
G1 X19.838 Y14.478 E-1.2255
G1 X20.356 Y14.478 E-.246
;WIPE_END
G1 X23.25 Y15.944 F9000
G1 E5 F2400
;TYPE:Internal infill
;WIDTH:0.44
G1 F900
G1 X21.205 Y15.944 E.05518
G1 X21.558 Y15.592 E.01345
G1 X23.101 Y15.592 E.04164
G1 X23.453 Y15.944 E.01343
G1 X28.854 Y15.944 E.14575
G1 X29.207 Y15.592 E.01345
G1 X30.75 Y15.592 E.04164
G1 X31.103 Y15.944 E.01345
G1 X36.504 Y15.944 E.14575
G1 X36.856 Y15.592 E.01343
G1 X38.399 Y15.592 E.04164
G1 X38.752 Y15.944 E.01345
G1 X44.153 Y15.944 E.14575
G1 X44.505 Y15.592 E.01343
G1 X46.048 Y15.592 E.04164
G1 X46.401 Y15.944 E.01345
G1 X51.802 Y15.944 E.14575
G1 X52.155 Y15.592 E.01345
G1 X53.698 Y15.592 E.04164
G1 X54.05 Y15.944 E.01343
G1 X52.005 Y15.944 E.05518
;LAYER_CHANGE
;Z:6.76
;HEIGHT:0.16
;BEFORE_LAYER_CHANGE
G92 E0
;6.76


G1 E-3.5 F3600
;WIPE_START
G1 F7200
G1 X54.05 Y15.944 E-.97138
G1 X53.698 Y15.592 E-.23646
G1 X53.083 Y15.592 E-.29216
;WIPE_END
G1 Z6.76 F9000
;AFTER_LAYER_CHANGE
;6.76
G1 X54.616 Y16.257
G1 E5 F2400
;TYPE:Perimeter
;WIDTH:0.439999
G1 F900
G1 X20.639 Y16.257 E.91686
G1 X20.639 Y15.279 E.02639
G1 X54.616 Y15.279 E.91686
G1 X54.616 Y16.197 E.02477
G1 X55.022 Y16.662 F9000
G1 F900
G1 X20.233 Y16.662 E.93877
G1 X20.233 Y14.874 E.04825
G1 X55.022 Y14.874 E.93877
G1 X55.022 Y16.602 E.04663
G1 X55.418 Y17.058 F9000
;TYPE:External perimeter
;WIDTH:0.419999
G1 F900
G1 X19.838 Y17.058 E.91278
G1 X19.838 Y14.478 E.06619
G1 X55.418 Y14.478 E.91278
G1 X55.418 Y16.998 E.06465
G1 E-3.5 F3600
;WIPE_START
G1 F7200
G1 X55.418 Y17.058 E-.0285
G1 X52.32 Y17.058 E-1.4715
;WIPE_END
G1 X52.005 Y15.944 F9000
G1 E5 F2400
;TYPE:Internal infill
;WIDTH:0.44
G1 F900
G1 X54.05 Y15.944 E.05518
G1 X53.698 Y15.592 E.01343
G1 X52.155 Y15.592 E.04164
G1 X51.802 Y15.944 E.01345
G1 X46.401 Y15.944 E.14575
G1 X46.048 Y15.592 E.01345
G1 X44.505 Y15.592 E.04164
G1 X44.153 Y15.944 E.01343
G1 X38.752 Y15.944 E.14575
G1 X38.399 Y15.592 E.01345
G1 X36.856 Y15.592 E.04164
G1 X36.504 Y15.944 E.01343
G1 X31.103 Y15.944 E.14575
G1 X30.75 Y15.592 E.01345
G1 X29.207 Y15.592 E.04164
G1 X28.854 Y15.944 E.01345
G1 X23.453 Y15.944 E.14575
G1 X23.101 Y15.592 E.01343
G1 X21.558 Y15.592 E.04164
G1 X21.205 Y15.944 E.01345
G1 X23.25 Y15.944 E.05518
;LAYER_CHANGE
;Z:6.92
;HEIGHT:0.16
;BEFORE_LAYER_CHANGE
G92 E0
;6.92


G1 E-3.5 F3600
;WIPE_START
G1 F7200
G1 X21.205 Y15.944 E-.97137
G1 X21.558 Y15.592 E-.23679
G1 X22.172 Y15.592 E-.29184
;WIPE_END
G1 Z6.92 F9000
;AFTER_LAYER_CHANGE
;6.92
G1 X20.639 Y16.257
G1 E5 F2400
;TYPE:Perimeter
;WIDTH:0.439999
G1 F900
G1 X20.639 Y15.279 E.02639
G1 X54.616 Y15.279 E.91686
G1 X54.616 Y16.257 E.02639
G1 X20.699 Y16.257 E.91524
G1 X20.233 Y16.662 F9000
G1 F900
G1 X20.233 Y14.874 E.04825
G1 X55.022 Y14.874 E.93877
G1 X55.022 Y16.662 E.04825
G1 X20.293 Y16.662 E.93716
G1 X19.838 Y17.058 F9000
;TYPE:External perimeter
;WIDTH:0.419999
G1 F900
G1 X19.838 Y14.478 E.06619
G1 X55.418 Y14.478 E.91278
G1 X55.418 Y17.058 E.06619
G1 X19.898 Y17.058 E.91124
G1 E-3.5 F3600
;WIPE_START
G1 F7200
G1 X19.838 Y17.058 E-.0285
G1 X19.838 Y14.478 E-1.2255
G1 X20.356 Y14.478 E-.246
;WIPE_END
G1 X23.25 Y15.944 F9000
G1 E5 F2400
;TYPE:Internal infill
;WIDTH:0.44
G1 F900
G1 X21.205 Y15.944 E.05518
G1 X21.558 Y15.592 E.01345
G1 X23.101 Y15.592 E.04164
G1 X23.453 Y15.944 E.01343
G1 X28.854 Y15.944 E.14575
G1 X29.207 Y15.592 E.01345
G1 X30.75 Y15.592 E.04164
G1 X31.103 Y15.944 E.01345
G1 X36.504 Y15.944 E.14575
G1 X36.856 Y15.592 E.01343
G1 X38.399 Y15.592 E.04164
G1 X38.752 Y15.944 E.01345
G1 X44.153 Y15.944 E.14575
G1 X44.505 Y15.592 E.01343
G1 X46.048 Y15.592 E.04164
G1 X46.401 Y15.944 E.01345
G1 X51.802 Y15.944 E.14575
G1 X52.155 Y15.592 E.01345
G1 X53.698 Y15.592 E.04164
G1 X54.05 Y15.944 E.01343
G1 X52.005 Y15.944 E.05518
;LAYER_CHANGE
;Z:7.08
;HEIGHT:0.16
;BEFORE_LAYER_CHANGE
G92 E0
;7.08


G1 E-3.5 F3600
;WIPE_START
G1 F7200
G1 X54.05 Y15.944 E-.97138
G1 X53.698 Y15.592 E-.23646
G1 X53.083 Y15.592 E-.29216
;WIPE_END
G1 Z7.08 F9000
;AFTER_LAYER_CHANGE
;7.08
G1 X54.616 Y16.257
G1 E5 F2400
;TYPE:Perimeter
;WIDTH:0.439999
G1 F900
G1 X20.639 Y16.257 E.91686
G1 X20.639 Y15.279 E.02639
G1 X54.616 Y15.279 E.91686
G1 X54.616 Y16.197 E.02477
G1 X55.022 Y16.662 F9000
G1 F900
G1 X20.233 Y16.662 E.93877
G1 X20.233 Y14.874 E.04825
G1 X55.022 Y14.874 E.93877
G1 X55.022 Y16.602 E.04663
G1 X55.418 Y17.058 F9000
;TYPE:External perimeter
;WIDTH:0.419999
G1 F900
G1 X19.838 Y17.058 E.91278
G1 X19.838 Y14.478 E.06619
G1 X55.418 Y14.478 E.91278
G1 X55.418 Y16.998 E.06465
G1 E-3.5 F3600
;WIPE_START
G1 F7200
G1 X55.418 Y17.058 E-.0285
G1 X52.32 Y17.058 E-1.4715
;WIPE_END
G1 X52.005 Y15.944 F9000
G1 E5 F2400
;TYPE:Internal infill
;WIDTH:0.44
G1 F900
G1 X54.05 Y15.944 E.05518
G1 X53.698 Y15.592 E.01343
G1 X52.155 Y15.592 E.04164
G1 X51.802 Y15.944 E.01345
G1 X46.401 Y15.944 E.14575
G1 X46.048 Y15.592 E.01345
G1 X44.505 Y15.592 E.04164
G1 X44.153 Y15.944 E.01343
G1 X38.752 Y15.944 E.14575
G1 X38.399 Y15.592 E.01345
G1 X36.856 Y15.592 E.04164
G1 X36.504 Y15.944 E.01343
G1 X31.103 Y15.944 E.14575
G1 X30.75 Y15.592 E.01345
G1 X29.207 Y15.592 E.04164
G1 X28.854 Y15.944 E.01345
G1 X23.453 Y15.944 E.14575
G1 X23.101 Y15.592 E.01343
G1 X21.558 Y15.592 E.04164
G1 X21.205 Y15.944 E.01345
G1 X23.25 Y15.944 E.05518
;LAYER_CHANGE
;Z:7.24
;HEIGHT:0.16
;BEFORE_LAYER_CHANGE
G92 E0
;7.24


G1 E-3.5 F3600
;WIPE_START
G1 F7200
G1 X21.205 Y15.944 E-.97137
G1 X21.558 Y15.592 E-.23679
G1 X22.172 Y15.592 E-.29184
;WIPE_END
G1 Z7.24 F9000
;AFTER_LAYER_CHANGE
;7.24
G1 X20.639 Y16.257
G1 E5 F2400
;TYPE:Perimeter
;WIDTH:0.439999
G1 F900
G1 X20.639 Y15.279 E.02639
G1 X54.616 Y15.279 E.91686
G1 X54.616 Y16.257 E.02639
G1 X20.699 Y16.257 E.91524
G1 X20.233 Y16.662 F9000
G1 F900
G1 X20.233 Y14.874 E.04825
G1 X55.022 Y14.874 E.93877
G1 X55.022 Y16.662 E.04825
G1 X20.293 Y16.662 E.93716
G1 X19.838 Y17.058 F9000
;TYPE:External perimeter
;WIDTH:0.419999
G1 F900
G1 X19.838 Y14.478 E.06619
G1 X55.418 Y14.478 E.91278
G1 X55.418 Y17.058 E.06619
G1 X19.898 Y17.058 E.91124
G1 E-3.5 F3600
;WIPE_START
G1 F7200
G1 X19.838 Y17.058 E-.0285
G1 X19.838 Y14.478 E-1.2255
G1 X20.356 Y14.478 E-.246
;WIPE_END
G1 X23.25 Y15.944 F9000
G1 E5 F2400
;TYPE:Internal infill
;WIDTH:0.44
G1 F900
G1 X21.205 Y15.944 E.05518
G1 X21.558 Y15.592 E.01345
G1 X23.101 Y15.592 E.04164
G1 X23.453 Y15.944 E.01343
G1 X28.854 Y15.944 E.14575
G1 X29.207 Y15.592 E.01345
G1 X30.75 Y15.592 E.04164
G1 X31.103 Y15.944 E.01345
G1 X36.504 Y15.944 E.14575
G1 X36.856 Y15.592 E.01343
G1 X38.399 Y15.592 E.04164
G1 X38.752 Y15.944 E.01345
G1 X44.153 Y15.944 E.14575
G1 X44.505 Y15.592 E.01343
G1 X46.048 Y15.592 E.04164
G1 X46.401 Y15.944 E.01345
G1 X51.802 Y15.944 E.14575
G1 X52.155 Y15.592 E.01345
G1 X53.698 Y15.592 E.04164
G1 X54.05 Y15.944 E.01343
G1 X52.005 Y15.944 E.05518
;LAYER_CHANGE
;Z:7.4
;HEIGHT:0.16
;BEFORE_LAYER_CHANGE
G92 E0
;7.4


G1 E-3.5 F3600
;WIPE_START
G1 F7200
G1 X54.05 Y15.944 E-.97138
G1 X53.698 Y15.592 E-.23646
G1 X53.083 Y15.592 E-.29216
;WIPE_END
G1 Z7.4 F9000
;AFTER_LAYER_CHANGE
;7.4
G1 X54.616 Y16.257
G1 E5 F2400
;TYPE:Perimeter
;WIDTH:0.439999
G1 F900
G1 X20.639 Y16.257 E.91686
G1 X20.639 Y15.279 E.02639
G1 X54.616 Y15.279 E.91686
G1 X54.616 Y16.197 E.02477
G1 X55.022 Y16.662 F9000
G1 F900
G1 X20.233 Y16.662 E.93877
G1 X20.233 Y14.874 E.04825
G1 X55.022 Y14.874 E.93877
G1 X55.022 Y16.602 E.04663
G1 X55.418 Y17.058 F9000
;TYPE:External perimeter
;WIDTH:0.419999
G1 F900
G1 X19.838 Y17.058 E.91278
G1 X19.838 Y14.478 E.06619
G1 X55.418 Y14.478 E.91278
G1 X55.418 Y16.998 E.06465
G1 E-3.5 F3600
;WIPE_START
G1 F7200
G1 X55.418 Y17.058 E-.0285
G1 X52.32 Y17.058 E-1.4715
;WIPE_END
G1 X52.005 Y15.944 F9000
G1 E5 F2400
;TYPE:Internal infill
;WIDTH:0.44
G1 F900
G1 X54.05 Y15.944 E.05518
G1 X53.698 Y15.592 E.01343
G1 X52.155 Y15.592 E.04164
G1 X51.802 Y15.944 E.01345
G1 X46.401 Y15.944 E.14575
G1 X46.048 Y15.592 E.01345
G1 X44.505 Y15.592 E.04164
G1 X44.153 Y15.944 E.01343
G1 X38.752 Y15.944 E.14575
G1 X38.399 Y15.592 E.01345
G1 X36.856 Y15.592 E.04164
G1 X36.504 Y15.944 E.01343
G1 X31.103 Y15.944 E.14575
G1 X30.75 Y15.592 E.01345
G1 X29.207 Y15.592 E.04164
G1 X28.854 Y15.944 E.01345
G1 X23.453 Y15.944 E.14575
G1 X23.101 Y15.592 E.01343
G1 X21.558 Y15.592 E.04164
G1 X21.205 Y15.944 E.01345
G1 X23.25 Y15.944 E.05518
;LAYER_CHANGE
;Z:7.56
;HEIGHT:0.16
;BEFORE_LAYER_CHANGE
G92 E0
;7.56


G1 E-3.5 F3600
;WIPE_START
G1 F7200
G1 X21.205 Y15.944 E-.97137
G1 X21.558 Y15.592 E-.23679
G1 X22.172 Y15.592 E-.29184
;WIPE_END
G1 Z7.56 F9000
;AFTER_LAYER_CHANGE
;7.56
G1 X20.639 Y16.257
G1 E5 F2400
;TYPE:Perimeter
;WIDTH:0.439999
G1 F900
G1 X20.639 Y15.279 E.02639
G1 X54.616 Y15.279 E.91686
G1 X54.616 Y16.257 E.02639
G1 X20.699 Y16.257 E.91524
G1 X20.233 Y16.662 F9000
G1 F900
G1 X20.233 Y14.874 E.04825
G1 X55.022 Y14.874 E.93877
G1 X55.022 Y16.662 E.04825
G1 X20.293 Y16.662 E.93716
G1 X19.838 Y17.058 F9000
;TYPE:External perimeter
;WIDTH:0.419999
G1 F900
G1 X19.838 Y14.478 E.06619
G1 X55.418 Y14.478 E.91278
G1 X55.418 Y17.058 E.06619
G1 X19.898 Y17.058 E.91124
G1 E-3.5 F3600
;WIPE_START
G1 F7200
G1 X19.838 Y17.058 E-.0285
G1 X19.838 Y14.478 E-1.2255
G1 X20.356 Y14.478 E-.246
;WIPE_END
G1 X23.25 Y15.944 F9000
G1 E5 F2400
;TYPE:Internal infill
;WIDTH:0.44
G1 F900
G1 X21.205 Y15.944 E.05518
G1 X21.558 Y15.592 E.01345
G1 X23.101 Y15.592 E.04164
G1 X23.453 Y15.944 E.01343
G1 X28.854 Y15.944 E.14575
G1 X29.207 Y15.592 E.01345
G1 X30.75 Y15.592 E.04164
G1 X31.103 Y15.944 E.01345
G1 X36.504 Y15.944 E.14575
G1 X36.856 Y15.592 E.01343
G1 X38.399 Y15.592 E.04164
G1 X38.752 Y15.944 E.01345
G1 X44.153 Y15.944 E.14575
G1 X44.505 Y15.592 E.01343
G1 X46.048 Y15.592 E.04164
G1 X46.401 Y15.944 E.01345
G1 X51.802 Y15.944 E.14575
G1 X52.155 Y15.592 E.01345
G1 X53.698 Y15.592 E.04164
G1 X54.05 Y15.944 E.01343
G1 X52.005 Y15.944 E.05518
;LAYER_CHANGE
;Z:7.72
;HEIGHT:0.16
;BEFORE_LAYER_CHANGE
G92 E0
;7.72


G1 E-3.5 F3600
;WIPE_START
G1 F7200
G1 X54.05 Y15.944 E-.97138
G1 X53.698 Y15.592 E-.23646
G1 X53.083 Y15.592 E-.29216
;WIPE_END
G1 Z7.72 F9000
;AFTER_LAYER_CHANGE
;7.72
G1 X54.616 Y16.257
G1 E5 F2400
;TYPE:Perimeter
;WIDTH:0.439999
G1 F900
G1 X20.639 Y16.257 E.91686
G1 X20.639 Y15.279 E.02639
G1 X54.616 Y15.279 E.91686
G1 X54.616 Y16.197 E.02477
G1 X55.022 Y16.662 F9000
G1 F900
G1 X20.233 Y16.662 E.93877
G1 X20.233 Y14.874 E.04825
G1 X55.022 Y14.874 E.93877
G1 X55.022 Y16.602 E.04663
G1 X55.418 Y17.058 F9000
;TYPE:External perimeter
;WIDTH:0.419999
G1 F900
G1 X19.838 Y17.058 E.91278
G1 X19.838 Y14.478 E.06619
G1 X55.418 Y14.478 E.91278
G1 X55.418 Y16.998 E.06465
G1 E-3.5 F3600
;WIPE_START
G1 F7200
G1 X55.418 Y17.058 E-.0285
G1 X52.32 Y17.058 E-1.4715
;WIPE_END
G1 X52.005 Y15.944 F9000
G1 E5 F2400
;TYPE:Internal infill
;WIDTH:0.44
G1 F900
G1 X54.05 Y15.944 E.05518
G1 X53.698 Y15.592 E.01343
G1 X52.155 Y15.592 E.04164
G1 X51.802 Y15.944 E.01345
G1 X46.401 Y15.944 E.14575
G1 X46.048 Y15.592 E.01345
G1 X44.505 Y15.592 E.04164
G1 X44.153 Y15.944 E.01343
G1 X38.752 Y15.944 E.14575
G1 X38.399 Y15.592 E.01345
G1 X36.856 Y15.592 E.04164
G1 X36.504 Y15.944 E.01343
G1 X31.103 Y15.944 E.14575
G1 X30.75 Y15.592 E.01345
G1 X29.207 Y15.592 E.04164
G1 X28.854 Y15.944 E.01345
G1 X23.453 Y15.944 E.14575
G1 X23.101 Y15.592 E.01343
G1 X21.558 Y15.592 E.04164
G1 X21.205 Y15.944 E.01345
G1 X23.25 Y15.944 E.05518
;LAYER_CHANGE
;Z:7.88
;HEIGHT:0.16
;BEFORE_LAYER_CHANGE
G92 E0
;7.88


G1 E-3.5 F3600
;WIPE_START
G1 F7200
G1 X21.205 Y15.944 E-.97137
G1 X21.558 Y15.592 E-.23679
G1 X22.172 Y15.592 E-.29184
;WIPE_END
G1 Z7.88 F9000
;AFTER_LAYER_CHANGE
;7.88
G1 X20.639 Y16.257
G1 E5 F2400
;TYPE:Perimeter
;WIDTH:0.439999
G1 F900
G1 X20.639 Y15.279 E.02639
G1 X54.616 Y15.279 E.91686
G1 X54.616 Y16.257 E.02639
G1 X20.699 Y16.257 E.91524
G1 X20.233 Y16.662 F9000
G1 F900
G1 X20.233 Y14.874 E.04825
G1 X55.022 Y14.874 E.93877
G1 X55.022 Y16.662 E.04825
G1 X20.293 Y16.662 E.93716
G1 X19.838 Y17.058 F9000
;TYPE:External perimeter
;WIDTH:0.419999
G1 F900
G1 X19.838 Y14.478 E.06619
G1 X55.418 Y14.478 E.91278
G1 X55.418 Y17.058 E.06619
G1 X19.898 Y17.058 E.91124
G1 E-3.5 F3600
;WIPE_START
G1 F7200
G1 X19.838 Y17.058 E-.0285
G1 X19.838 Y14.478 E-1.2255
G1 X20.356 Y14.478 E-.246
;WIPE_END
G1 X23.25 Y15.944 F9000
G1 E5 F2400
;TYPE:Internal infill
;WIDTH:0.44
G1 F900
G1 X21.205 Y15.944 E.05518
G1 X21.558 Y15.592 E.01345
G1 X23.101 Y15.592 E.04164
G1 X23.453 Y15.944 E.01343
G1 X28.854 Y15.944 E.14575
G1 X29.207 Y15.592 E.01345
G1 X30.75 Y15.592 E.04164
G1 X31.103 Y15.944 E.01345
G1 X36.504 Y15.944 E.14575
G1 X36.856 Y15.592 E.01343
G1 X38.399 Y15.592 E.04164
G1 X38.752 Y15.944 E.01345
G1 X44.153 Y15.944 E.14575
G1 X44.505 Y15.592 E.01343
G1 X46.048 Y15.592 E.04164
G1 X46.401 Y15.944 E.01345
G1 X51.802 Y15.944 E.14575
G1 X52.155 Y15.592 E.01345
G1 X53.698 Y15.592 E.04164
G1 X54.05 Y15.944 E.01343
G1 X52.005 Y15.944 E.05518
;LAYER_CHANGE
;Z:8.04
;HEIGHT:0.16
;BEFORE_LAYER_CHANGE
G92 E0
;8.04


G1 E-3.5 F3600
;WIPE_START
G1 F7200
G1 X54.05 Y15.944 E-.97138
G1 X53.698 Y15.592 E-.23646
G1 X53.083 Y15.592 E-.29216
;WIPE_END
G1 Z8.04 F9000
;AFTER_LAYER_CHANGE
;8.04
G1 X54.616 Y16.257
G1 E5 F2400
;TYPE:Perimeter
;WIDTH:0.439999
G1 F900
G1 X20.639 Y16.257 E.91686
G1 X20.639 Y15.279 E.02639
G1 X54.616 Y15.279 E.91686
G1 X54.616 Y16.197 E.02477
G1 X55.022 Y16.662 F9000
G1 F900
G1 X20.233 Y16.662 E.93877
G1 X20.233 Y14.874 E.04825
G1 X55.022 Y14.874 E.93877
G1 X55.022 Y16.602 E.04663
G1 X55.418 Y17.058 F9000
;TYPE:External perimeter
;WIDTH:0.419999
G1 F900
G1 X19.838 Y17.058 E.91278
G1 X19.838 Y14.478 E.06619
G1 X55.418 Y14.478 E.91278
G1 X55.418 Y16.998 E.06465
G1 E-3.5 F3600
;WIPE_START
G1 F7200
G1 X55.418 Y17.058 E-.0285
G1 X52.32 Y17.058 E-1.4715
;WIPE_END
G1 X52.005 Y15.944 F9000
G1 E5 F2400
;TYPE:Internal infill
;WIDTH:0.44
G1 F900
G1 X54.05 Y15.944 E.05518
G1 X53.698 Y15.592 E.01343
G1 X52.155 Y15.592 E.04164
G1 X51.802 Y15.944 E.01345
G1 X46.401 Y15.944 E.14575
G1 X46.048 Y15.592 E.01345
G1 X44.505 Y15.592 E.04164
G1 X44.153 Y15.944 E.01343
G1 X38.752 Y15.944 E.14575
G1 X38.399 Y15.592 E.01345
G1 X36.856 Y15.592 E.04164
G1 X36.504 Y15.944 E.01343
G1 X31.103 Y15.944 E.14575
G1 X30.75 Y15.592 E.01345
G1 X29.207 Y15.592 E.04164
G1 X28.854 Y15.944 E.01345
G1 X23.453 Y15.944 E.14575
G1 X23.101 Y15.592 E.01343
G1 X21.558 Y15.592 E.04164
G1 X21.205 Y15.944 E.01345
G1 X23.25 Y15.944 E.05518
;LAYER_CHANGE
;Z:8.2
;HEIGHT:0.16
;BEFORE_LAYER_CHANGE
G92 E0
;8.2


G1 E-3.5 F3600
;WIPE_START
G1 F7200
G1 X21.205 Y15.944 E-.97137
G1 X21.558 Y15.592 E-.23679
G1 X22.172 Y15.592 E-.29184
;WIPE_END
G1 Z8.2 F9000
;AFTER_LAYER_CHANGE
;8.2
G1 X20.639 Y16.257
G1 E5 F2400
;TYPE:Perimeter
;WIDTH:0.439999
G1 F900
G1 X20.639 Y15.279 E.02639
G1 X54.616 Y15.279 E.91686
G1 X54.616 Y16.257 E.02639
G1 X20.699 Y16.257 E.91524
G1 X20.233 Y16.662 F9000
G1 F900
G1 X20.233 Y14.874 E.04825
G1 X55.022 Y14.874 E.93877
G1 X55.022 Y16.662 E.04825
G1 X20.293 Y16.662 E.93716
G1 X19.838 Y17.058 F9000
;TYPE:External perimeter
;WIDTH:0.419999
G1 F900
G1 X19.838 Y14.478 E.06619
G1 X55.418 Y14.478 E.91278
G1 X55.418 Y17.058 E.06619
G1 X19.898 Y17.058 E.91124
G1 E-3.5 F3600
;WIPE_START
G1 F7200
G1 X19.838 Y17.058 E-.0285
G1 X19.838 Y14.478 E-1.2255
G1 X20.356 Y14.478 E-.246
;WIPE_END
G1 X23.25 Y15.944 F9000
G1 E5 F2400
;TYPE:Internal infill
;WIDTH:0.44
G1 F900
G1 X21.205 Y15.944 E.05518
G1 X21.558 Y15.592 E.01345
G1 X23.101 Y15.592 E.04164
G1 X23.453 Y15.944 E.01343
G1 X28.854 Y15.944 E.14575
G1 X29.207 Y15.592 E.01345
G1 X30.75 Y15.592 E.04164
G1 X31.103 Y15.944 E.01345
G1 X36.504 Y15.944 E.14575
G1 X36.856 Y15.592 E.01343
G1 X38.399 Y15.592 E.04164
G1 X38.752 Y15.944 E.01345
G1 X44.153 Y15.944 E.14575
G1 X44.505 Y15.592 E.01343
G1 X46.048 Y15.592 E.04164
G1 X46.401 Y15.944 E.01345
G1 X51.802 Y15.944 E.14575
G1 X52.155 Y15.592 E.01345
G1 X53.698 Y15.592 E.04164
G1 X54.05 Y15.944 E.01343
G1 X52.005 Y15.944 E.05518
;LAYER_CHANGE
;Z:8.36
;HEIGHT:0.16
;BEFORE_LAYER_CHANGE
G92 E0
;8.36


G1 E-3.5 F3600
;WIPE_START
G1 F7200
G1 X54.05 Y15.944 E-.97138
G1 X53.698 Y15.592 E-.23646
G1 X53.083 Y15.592 E-.29216
;WIPE_END
G1 Z8.36 F9000
;AFTER_LAYER_CHANGE
;8.36
G1 X54.616 Y16.257
G1 E5 F2400
;TYPE:Perimeter
;WIDTH:0.439999
G1 F900
G1 X20.639 Y16.257 E.91686
G1 X20.639 Y15.279 E.02639
G1 X54.616 Y15.279 E.91686
G1 X54.616 Y16.197 E.02477
G1 X55.022 Y16.662 F9000
G1 F900
G1 X20.233 Y16.662 E.93877
G1 X20.233 Y14.874 E.04825
G1 X55.022 Y14.874 E.93877
G1 X55.022 Y16.602 E.04663
G1 X55.418 Y17.058 F9000
;TYPE:External perimeter
;WIDTH:0.419999
G1 F900
G1 X19.838 Y17.058 E.91278
G1 X19.838 Y14.478 E.06619
G1 X55.418 Y14.478 E.91278
G1 X55.418 Y16.998 E.06465
G1 E-3.5 F3600
;WIPE_START
G1 F7200
G1 X55.418 Y17.058 E-.0285
G1 X52.32 Y17.058 E-1.4715
;WIPE_END
G1 X52.005 Y15.944 F9000
G1 E5 F2400
;TYPE:Internal infill
;WIDTH:0.44
G1 F900
G1 X54.05 Y15.944 E.05518
G1 X53.698 Y15.592 E.01343
G1 X52.155 Y15.592 E.04164
G1 X51.802 Y15.944 E.01345
G1 X46.401 Y15.944 E.14575
G1 X46.048 Y15.592 E.01345
G1 X44.505 Y15.592 E.04164
G1 X44.153 Y15.944 E.01343
G1 X38.752 Y15.944 E.14575
G1 X38.399 Y15.592 E.01345
G1 X36.856 Y15.592 E.04164
G1 X36.504 Y15.944 E.01343
G1 X31.103 Y15.944 E.14575
G1 X30.75 Y15.592 E.01345
G1 X29.207 Y15.592 E.04164
G1 X28.854 Y15.944 E.01345
G1 X23.453 Y15.944 E.14575
G1 X23.101 Y15.592 E.01343
G1 X21.558 Y15.592 E.04164
G1 X21.205 Y15.944 E.01345
G1 X23.25 Y15.944 E.05518
;LAYER_CHANGE
;Z:8.52
;HEIGHT:0.160001
;BEFORE_LAYER_CHANGE
G92 E0
;8.52


G1 E-3.5 F3600
;WIPE_START
G1 F7200
G1 X21.205 Y15.944 E-.97137
G1 X21.558 Y15.592 E-.23679
G1 X22.172 Y15.592 E-.29184
;WIPE_END
G1 Z8.52 F9000
;AFTER_LAYER_CHANGE
;8.52
G1 X20.639 Y16.257
G1 E5 F2400
;TYPE:Perimeter
;WIDTH:0.439999
G1 F900
G1 X20.639 Y15.279 E.02639
G1 X54.616 Y15.279 E.91686
G1 X54.616 Y16.257 E.02639
G1 X20.699 Y16.257 E.91524
G1 X20.233 Y16.662 F9000
G1 F900
G1 X20.233 Y14.874 E.04825
G1 X55.022 Y14.874 E.93877
G1 X55.022 Y16.662 E.04825
G1 X20.293 Y16.662 E.93716
G1 X19.838 Y17.058 F9000
;TYPE:External perimeter
;WIDTH:0.419999
G1 F900
G1 X19.838 Y14.478 E.06619
G1 X55.418 Y14.478 E.91278
G1 X55.418 Y17.058 E.06619
G1 X19.898 Y17.058 E.91124
G1 E-3.5 F3600
;WIPE_START
G1 F7200
G1 X19.838 Y17.058 E-.0285
G1 X19.838 Y14.478 E-1.2255
G1 X20.356 Y14.478 E-.246
;WIPE_END
G1 X23.25 Y15.944 F9000
G1 E5 F2400
;TYPE:Internal infill
;WIDTH:0.44
G1 F900
G1 X21.205 Y15.944 E.05518
G1 X21.558 Y15.592 E.01345
G1 X23.101 Y15.592 E.04164
G1 X23.453 Y15.944 E.01343
G1 X28.854 Y15.944 E.14575
G1 X29.207 Y15.592 E.01345
G1 X30.75 Y15.592 E.04164
G1 X31.103 Y15.944 E.01345
G1 X36.504 Y15.944 E.14575
G1 X36.856 Y15.592 E.01343
G1 X38.399 Y15.592 E.04164
G1 X38.752 Y15.944 E.01345
G1 X44.153 Y15.944 E.14575
G1 X44.505 Y15.592 E.01343
G1 X46.048 Y15.592 E.04164
G1 X46.401 Y15.944 E.01345
G1 X51.802 Y15.944 E.14575
G1 X52.155 Y15.592 E.01345
G1 X53.698 Y15.592 E.04164
G1 X54.05 Y15.944 E.01343
G1 X52.005 Y15.944 E.05518
;LAYER_CHANGE
;Z:8.68
;HEIGHT:0.16
;BEFORE_LAYER_CHANGE
G92 E0
;8.68


G1 E-3.5 F3600
;WIPE_START
G1 F7200
G1 X54.05 Y15.944 E-.97138
G1 X53.698 Y15.592 E-.23646
G1 X53.083 Y15.592 E-.29216
;WIPE_END
G1 Z8.68 F9000
;AFTER_LAYER_CHANGE
;8.68
G1 X54.616 Y16.257
G1 E5 F2400
;TYPE:Perimeter
;WIDTH:0.439999
G1 F900
G1 X20.639 Y16.257 E.91686
G1 X20.639 Y15.279 E.02639
G1 X54.616 Y15.279 E.91686
G1 X54.616 Y16.197 E.02477
G1 X55.022 Y16.662 F9000
G1 F900
G1 X20.233 Y16.662 E.93877
G1 X20.233 Y14.874 E.04825
G1 X55.022 Y14.874 E.93877
G1 X55.022 Y16.602 E.04663
G1 X55.418 Y17.058 F9000
;TYPE:External perimeter
;WIDTH:0.419999
G1 F900
G1 X19.838 Y17.058 E.91278
G1 X19.838 Y14.478 E.06619
G1 X55.418 Y14.478 E.91278
G1 X55.418 Y16.998 E.06465
G1 E-3.5 F3600
;WIPE_START
G1 F7200
G1 X55.418 Y17.058 E-.0285
G1 X52.32 Y17.058 E-1.4715
;WIPE_END
G1 X52.005 Y15.944 F9000
G1 E5 F2400
;TYPE:Internal infill
;WIDTH:0.44
G1 F900
G1 X54.05 Y15.944 E.05518
G1 X53.698 Y15.592 E.01343
G1 X52.155 Y15.592 E.04164
G1 X51.802 Y15.944 E.01345
G1 X46.401 Y15.944 E.14575
G1 X46.048 Y15.592 E.01345
G1 X44.505 Y15.592 E.04164
G1 X44.153 Y15.944 E.01343
G1 X38.752 Y15.944 E.14575
G1 X38.399 Y15.592 E.01345
G1 X36.856 Y15.592 E.04164
G1 X36.504 Y15.944 E.01343
G1 X31.103 Y15.944 E.14575
G1 X30.75 Y15.592 E.01345
G1 X29.207 Y15.592 E.04164
G1 X28.854 Y15.944 E.01345
G1 X23.453 Y15.944 E.14575
G1 X23.101 Y15.592 E.01343
G1 X21.558 Y15.592 E.04164
G1 X21.205 Y15.944 E.01345
G1 X23.25 Y15.944 E.05518
;LAYER_CHANGE
;Z:8.84
;HEIGHT:0.16
;BEFORE_LAYER_CHANGE
G92 E0
;8.84


G1 E-3.5 F3600
;WIPE_START
G1 F7200
G1 X21.205 Y15.944 E-.97137
G1 X21.558 Y15.592 E-.23679
G1 X22.172 Y15.592 E-.29184
;WIPE_END
G1 Z8.84 F9000
;AFTER_LAYER_CHANGE
;8.84
G1 X20.639 Y16.257
G1 E5 F2400
;TYPE:Perimeter
;WIDTH:0.439999
G1 F900
G1 X20.639 Y15.279 E.02639
G1 X54.616 Y15.279 E.91686
G1 X54.616 Y16.257 E.02639
G1 X20.699 Y16.257 E.91524
G1 X20.233 Y16.662 F9000
G1 F900
G1 X20.233 Y14.874 E.04825
G1 X55.022 Y14.874 E.93877
G1 X55.022 Y16.662 E.04825
G1 X20.293 Y16.662 E.93716
G1 X19.838 Y17.058 F9000
;TYPE:External perimeter
;WIDTH:0.419999
G1 F900
G1 X19.838 Y14.478 E.06619
G1 X55.418 Y14.478 E.91278
G1 X55.418 Y17.058 E.06619
G1 X19.898 Y17.058 E.91124
G1 E-3.5 F3600
;WIPE_START
G1 F7200
G1 X19.838 Y17.058 E-.0285
G1 X19.838 Y14.478 E-1.2255
G1 X20.356 Y14.478 E-.246
;WIPE_END
G1 X23.25 Y15.944 F9000
G1 E5 F2400
;TYPE:Internal infill
;WIDTH:0.44
G1 F900
G1 X21.205 Y15.944 E.05518
G1 X21.558 Y15.592 E.01345
G1 X23.101 Y15.592 E.04164
G1 X23.453 Y15.944 E.01343
G1 X28.854 Y15.944 E.14575
G1 X29.207 Y15.592 E.01345
G1 X30.75 Y15.592 E.04164
G1 X31.103 Y15.944 E.01345
G1 X36.504 Y15.944 E.14575
G1 X36.856 Y15.592 E.01343
G1 X38.399 Y15.592 E.04164
G1 X38.752 Y15.944 E.01345
G1 X44.153 Y15.944 E.14575
G1 X44.505 Y15.592 E.01343
G1 X46.048 Y15.592 E.04164
G1 X46.401 Y15.944 E.01345
G1 X51.802 Y15.944 E.14575
G1 X52.155 Y15.592 E.01345
G1 X53.698 Y15.592 E.04164
G1 X54.05 Y15.944 E.01343
G1 X52.005 Y15.944 E.05518
;LAYER_CHANGE
;Z:9
;HEIGHT:0.16
;BEFORE_LAYER_CHANGE
G92 E0
;9


G1 E-3.5 F3600
;WIPE_START
G1 F7200
G1 X54.05 Y15.944 E-.97138
G1 X53.698 Y15.592 E-.23646
G1 X53.083 Y15.592 E-.29216
;WIPE_END
G1 Z9 F9000
;AFTER_LAYER_CHANGE
;9
G1 X54.616 Y16.257
G1 E5 F2400
;TYPE:Perimeter
;WIDTH:0.439999
G1 F900
G1 X20.639 Y16.257 E.91686
G1 X20.639 Y15.279 E.02639
G1 X54.616 Y15.279 E.91686
G1 X54.616 Y16.197 E.02477
G1 X55.022 Y16.662 F9000
G1 F900
G1 X20.233 Y16.662 E.93877
G1 X20.233 Y14.874 E.04825
G1 X55.022 Y14.874 E.93877
G1 X55.022 Y16.602 E.04663
G1 X55.418 Y17.058 F9000
;TYPE:External perimeter
;WIDTH:0.419999
G1 F900
G1 X19.838 Y17.058 E.91278
G1 X19.838 Y14.478 E.06619
G1 X55.418 Y14.478 E.91278
G1 X55.418 Y16.998 E.06465
G1 E-3.5 F3600
;WIPE_START
G1 F7200
G1 X55.418 Y17.058 E-.0285
G1 X52.32 Y17.058 E-1.4715
;WIPE_END
G1 X52.005 Y15.944 F9000
G1 E5 F2400
;TYPE:Internal infill
;WIDTH:0.44
G1 F900
G1 X54.05 Y15.944 E.05518
G1 X53.698 Y15.592 E.01343
G1 X52.155 Y15.592 E.04164
G1 X51.802 Y15.944 E.01345
G1 X46.401 Y15.944 E.14575
G1 X46.048 Y15.592 E.01345
G1 X44.505 Y15.592 E.04164
G1 X44.153 Y15.944 E.01343
G1 X38.752 Y15.944 E.14575
G1 X38.399 Y15.592 E.01345
G1 X36.856 Y15.592 E.04164
G1 X36.504 Y15.944 E.01343
G1 X31.103 Y15.944 E.14575
G1 X30.75 Y15.592 E.01345
G1 X29.207 Y15.592 E.04164
G1 X28.854 Y15.944 E.01345
G1 X23.453 Y15.944 E.14575
G1 X23.101 Y15.592 E.01343
G1 X21.558 Y15.592 E.04164
G1 X21.205 Y15.944 E.01345
G1 X23.25 Y15.944 E.05518
;LAYER_CHANGE
;Z:9.16
;HEIGHT:0.16
;BEFORE_LAYER_CHANGE
G92 E0
;9.16


G1 E-3.5 F3600
;WIPE_START
G1 F7200
G1 X21.205 Y15.944 E-.97137
G1 X21.558 Y15.592 E-.23679
G1 X22.172 Y15.592 E-.29184
;WIPE_END
G1 Z9.16 F9000
;AFTER_LAYER_CHANGE
;9.16
G1 X20.639 Y16.257
G1 E5 F2400
;TYPE:Perimeter
;WIDTH:0.439999
G1 F900
G1 X20.639 Y15.279 E.02639
G1 X54.616 Y15.279 E.91686
G1 X54.616 Y16.257 E.02639
G1 X20.699 Y16.257 E.91524
G1 X20.233 Y16.662 F9000
G1 F900
G1 X20.233 Y14.874 E.04825
G1 X55.022 Y14.874 E.93877
G1 X55.022 Y16.662 E.04825
G1 X20.293 Y16.662 E.93716
G1 X19.838 Y17.058 F9000
;TYPE:External perimeter
;WIDTH:0.419999
G1 F900
G1 X19.838 Y14.478 E.06619
G1 X55.418 Y14.478 E.91278
G1 X55.418 Y17.058 E.06619
G1 X19.898 Y17.058 E.91124
G1 E-3.5 F3600
;WIPE_START
G1 F7200
G1 X19.838 Y17.058 E-.0285
G1 X19.838 Y14.478 E-1.2255
G1 X20.356 Y14.478 E-.246
;WIPE_END
G1 X23.25 Y15.944 F9000
G1 E5 F2400
;TYPE:Internal infill
;WIDTH:0.44
G1 F900
G1 X21.205 Y15.944 E.05518
G1 X21.558 Y15.592 E.01345
G1 X23.101 Y15.592 E.04164
G1 X23.453 Y15.944 E.01343
G1 X28.854 Y15.944 E.14575
G1 X29.207 Y15.592 E.01345
G1 X30.75 Y15.592 E.04164
G1 X31.103 Y15.944 E.01345
G1 X36.504 Y15.944 E.14575
G1 X36.856 Y15.592 E.01343
G1 X38.399 Y15.592 E.04164
G1 X38.752 Y15.944 E.01345
G1 X44.153 Y15.944 E.14575
G1 X44.505 Y15.592 E.01343
G1 X46.048 Y15.592 E.04164
G1 X46.401 Y15.944 E.01345
G1 X51.802 Y15.944 E.14575
G1 X52.155 Y15.592 E.01345
G1 X53.698 Y15.592 E.04164
G1 X54.05 Y15.944 E.01343
G1 X52.005 Y15.944 E.05518
;LAYER_CHANGE
;Z:9.32
;HEIGHT:0.16
;BEFORE_LAYER_CHANGE
G92 E0
;9.32


G1 E-3.5 F3600
;WIPE_START
G1 F7200
G1 X54.05 Y15.944 E-.97138
G1 X53.698 Y15.592 E-.23646
G1 X53.083 Y15.592 E-.29216
;WIPE_END
G1 Z9.32 F9000
;AFTER_LAYER_CHANGE
;9.32
G1 X54.616 Y16.257
G1 E5 F2400
;TYPE:Perimeter
;WIDTH:0.439999
G1 F900
G1 X20.639 Y16.257 E.91686
G1 X20.639 Y15.279 E.02639
G1 X54.616 Y15.279 E.91686
G1 X54.616 Y16.197 E.02477
G1 X55.022 Y16.662 F9000
G1 F900
G1 X20.233 Y16.662 E.93877
G1 X20.233 Y14.874 E.04825
G1 X55.022 Y14.874 E.93877
G1 X55.022 Y16.602 E.04663
G1 X55.418 Y17.058 F9000
;TYPE:External perimeter
;WIDTH:0.419999
G1 F900
G1 X19.838 Y17.058 E.91278
G1 X19.838 Y14.478 E.06619
G1 X55.418 Y14.478 E.91278
G1 X55.418 Y16.998 E.06465
G1 E-3.5 F3600
;WIPE_START
G1 F7200
G1 X55.418 Y17.058 E-.0285
G1 X52.32 Y17.058 E-1.4715
;WIPE_END
G1 X52.005 Y15.944 F9000
G1 E5 F2400
;TYPE:Internal infill
;WIDTH:0.44
G1 F900
G1 X54.05 Y15.944 E.05518
G1 X53.698 Y15.592 E.01343
G1 X52.155 Y15.592 E.04164
G1 X51.802 Y15.944 E.01345
G1 X46.401 Y15.944 E.14575
G1 X46.048 Y15.592 E.01345
G1 X44.505 Y15.592 E.04164
G1 X44.153 Y15.944 E.01343
G1 X38.752 Y15.944 E.14575
G1 X38.399 Y15.592 E.01345
G1 X36.856 Y15.592 E.04164
G1 X36.504 Y15.944 E.01343
G1 X31.103 Y15.944 E.14575
G1 X30.75 Y15.592 E.01345
G1 X29.207 Y15.592 E.04164
G1 X28.854 Y15.944 E.01345
G1 X23.453 Y15.944 E.14575
G1 X23.101 Y15.592 E.01343
G1 X21.558 Y15.592 E.04164
G1 X21.205 Y15.944 E.01345
G1 X23.25 Y15.944 E.05518
;LAYER_CHANGE
;Z:9.48
;HEIGHT:0.16
;BEFORE_LAYER_CHANGE
G92 E0
;9.48


G1 E-3.5 F3600
;WIPE_START
G1 F7200
G1 X21.205 Y15.944 E-.97137
G1 X21.558 Y15.592 E-.23679
G1 X22.172 Y15.592 E-.29184
;WIPE_END
G1 Z9.48 F9000
;AFTER_LAYER_CHANGE
;9.48
G1 X20.639 Y16.257
G1 E5 F2400
;TYPE:Perimeter
;WIDTH:0.439999
G1 F900
G1 X20.639 Y15.279 E.02639
G1 X54.616 Y15.279 E.91686
G1 X54.616 Y16.257 E.02639
G1 X20.699 Y16.257 E.91524
G1 X20.233 Y16.662 F9000
G1 F900
G1 X20.233 Y14.874 E.04825
G1 X55.022 Y14.874 E.93877
G1 X55.022 Y16.662 E.04825
G1 X20.293 Y16.662 E.93716
G1 X19.838 Y17.058 F9000
;TYPE:External perimeter
;WIDTH:0.419999
G1 F900
G1 X19.838 Y14.478 E.06619
G1 X55.418 Y14.478 E.91278
G1 X55.418 Y17.058 E.06619
G1 X19.898 Y17.058 E.91124
G1 E-3.5 F3600
;WIPE_START
G1 F7200
G1 X19.838 Y17.058 E-.0285
G1 X19.838 Y14.478 E-1.2255
G1 X20.356 Y14.478 E-.246
;WIPE_END
G1 X23.25 Y15.944 F9000
G1 E5 F2400
;TYPE:Internal infill
;WIDTH:0.44
G1 F900
G1 X21.205 Y15.944 E.05518
G1 X21.558 Y15.592 E.01345
G1 X23.101 Y15.592 E.04164
G1 X23.453 Y15.944 E.01343
G1 X28.854 Y15.944 E.14575
G1 X29.207 Y15.592 E.01345
G1 X30.75 Y15.592 E.04164
G1 X31.103 Y15.944 E.01345
G1 X36.504 Y15.944 E.14575
G1 X36.856 Y15.592 E.01343
G1 X38.399 Y15.592 E.04164
G1 X38.752 Y15.944 E.01345
G1 X44.153 Y15.944 E.14575
G1 X44.505 Y15.592 E.01343
G1 X46.048 Y15.592 E.04164
G1 X46.401 Y15.944 E.01345
G1 X51.802 Y15.944 E.14575
G1 X52.155 Y15.592 E.01345
G1 X53.698 Y15.592 E.04164
G1 X54.05 Y15.944 E.01343
G1 X52.005 Y15.944 E.05518
;LAYER_CHANGE
;Z:9.64
;HEIGHT:0.160001
;BEFORE_LAYER_CHANGE
G92 E0
;9.64


G1 E-3.5 F3600
;WIPE_START
G1 F7200
G1 X54.05 Y15.944 E-.97138
G1 X53.698 Y15.592 E-.23646
G1 X53.083 Y15.592 E-.29216
;WIPE_END
G1 Z9.64 F9000
;AFTER_LAYER_CHANGE
;9.64
G1 X54.616 Y16.257
G1 E5 F2400
;TYPE:Perimeter
;WIDTH:0.439999
G1 F900
G1 X20.639 Y16.257 E.91686
G1 X20.639 Y15.279 E.02639
G1 X54.616 Y15.279 E.91686
G1 X54.616 Y16.197 E.02477
G1 X55.022 Y16.662 F9000
G1 F900
G1 X20.233 Y16.662 E.93877
G1 X20.233 Y14.874 E.04825
G1 X55.022 Y14.874 E.93877
G1 X55.022 Y16.602 E.04663
G1 X55.418 Y17.058 F9000
;TYPE:External perimeter
;WIDTH:0.419999
G1 F900
G1 X19.838 Y17.058 E.91278
G1 X19.838 Y14.478 E.06619
G1 X55.418 Y14.478 E.91278
G1 X55.418 Y16.998 E.06465
G1 E-3.5 F3600
;WIPE_START
G1 F7200
G1 X55.418 Y17.058 E-.0285
G1 X52.32 Y17.058 E-1.4715
;WIPE_END
G1 X52.005 Y15.944 F9000
G1 E5 F2400
;TYPE:Internal infill
;WIDTH:0.44
G1 F900
G1 X54.05 Y15.944 E.05518
G1 X53.698 Y15.592 E.01343
G1 X52.155 Y15.592 E.04164
G1 X51.802 Y15.944 E.01345
G1 X46.401 Y15.944 E.14575
G1 X46.048 Y15.592 E.01345
G1 X44.505 Y15.592 E.04164
G1 X44.153 Y15.944 E.01343
G1 X38.752 Y15.944 E.14575
G1 X38.399 Y15.592 E.01345
G1 X36.856 Y15.592 E.04164
G1 X36.504 Y15.944 E.01343
G1 X31.103 Y15.944 E.14575
G1 X30.75 Y15.592 E.01345
G1 X29.207 Y15.592 E.04164
G1 X28.854 Y15.944 E.01345
G1 X23.453 Y15.944 E.14575
G1 X23.101 Y15.592 E.01343
G1 X21.558 Y15.592 E.04164
G1 X21.205 Y15.944 E.01345
G1 X23.25 Y15.944 E.05518
;LAYER_CHANGE
;Z:9.8
;HEIGHT:0.16
;BEFORE_LAYER_CHANGE
G92 E0
;9.8


G1 E-3.5 F3600
;WIPE_START
G1 F7200
G1 X21.205 Y15.944 E-.97137
G1 X21.558 Y15.592 E-.23679
G1 X22.172 Y15.592 E-.29184
;WIPE_END
G1 Z9.8 F9000
;AFTER_LAYER_CHANGE
;9.8
G1 X20.639 Y16.257
G1 E5 F2400
;TYPE:Perimeter
;WIDTH:0.439999
G1 F900
G1 X20.639 Y15.279 E.02639
G1 X54.616 Y15.279 E.91686
G1 X54.616 Y16.257 E.02639
G1 X20.699 Y16.257 E.91524
G1 X20.233 Y16.662 F9000
G1 F900
G1 X20.233 Y14.874 E.04825
G1 X55.022 Y14.874 E.93877
G1 X55.022 Y16.662 E.04825
G1 X20.293 Y16.662 E.93716
G1 X19.838 Y17.058 F9000
;TYPE:External perimeter
;WIDTH:0.419999
G1 F900
G1 X19.838 Y14.478 E.06619
G1 X55.418 Y14.478 E.91278
G1 X55.418 Y17.058 E.06619
G1 X19.898 Y17.058 E.91124
G1 E-3.5 F3600
;WIPE_START
G1 F7200
G1 X19.838 Y17.058 E-.0285
G1 X19.838 Y14.478 E-1.2255
G1 X20.356 Y14.478 E-.246
;WIPE_END
G1 X23.25 Y15.944 F9000
G1 E5 F2400
;TYPE:Internal infill
;WIDTH:0.44
G1 F900
G1 X21.205 Y15.944 E.05518
G1 X21.558 Y15.592 E.01345
G1 X23.101 Y15.592 E.04164
G1 X23.453 Y15.944 E.01343
G1 X28.854 Y15.944 E.14575
G1 X29.207 Y15.592 E.01345
G1 X30.75 Y15.592 E.04164
G1 X31.103 Y15.944 E.01345
G1 X36.504 Y15.944 E.14575
G1 X36.856 Y15.592 E.01343
G1 X38.399 Y15.592 E.04164
G1 X38.752 Y15.944 E.01345
G1 X44.153 Y15.944 E.14575
G1 X44.505 Y15.592 E.01343
G1 X46.048 Y15.592 E.04164
G1 X46.401 Y15.944 E.01345
G1 X51.802 Y15.944 E.14575
G1 X52.155 Y15.592 E.01345
G1 X53.698 Y15.592 E.04164
G1 X54.05 Y15.944 E.01343
G1 X52.005 Y15.944 E.05518
;LAYER_CHANGE
;Z:9.96
;HEIGHT:0.16
;BEFORE_LAYER_CHANGE
G92 E0
;9.96


G1 E-3.5 F3600
;WIPE_START
G1 F7200
G1 X54.05 Y15.944 E-.97138
G1 X53.698 Y15.592 E-.23646
G1 X53.083 Y15.592 E-.29216
;WIPE_END
G1 Z9.96 F9000
;AFTER_LAYER_CHANGE
;9.96
G1 X54.616 Y16.257
G1 E5 F2400
;TYPE:Perimeter
;WIDTH:0.439999
G1 F900
G1 X20.639 Y16.257 E.91686
G1 X20.639 Y15.279 E.02639
G1 X54.616 Y15.279 E.91686
G1 X54.616 Y16.197 E.02477
G1 X55.022 Y16.662 F9000
G1 F900
G1 X20.233 Y16.662 E.93877
G1 X20.233 Y14.874 E.04825
G1 X55.022 Y14.874 E.93877
G1 X55.022 Y16.602 E.04663
G1 X55.418 Y17.058 F9000
;TYPE:External perimeter
;WIDTH:0.419999
G1 F900
G1 X19.838 Y17.058 E.91278
G1 X19.838 Y14.478 E.06619
G1 X55.418 Y14.478 E.91278
G1 X55.418 Y16.998 E.06465
G1 E-3.5 F3600
;WIPE_START
G1 F7200
G1 X55.418 Y17.058 E-.0285
G1 X52.32 Y17.058 E-1.4715
;WIPE_END
G1 X52.005 Y15.944 F9000
G1 E5 F2400
;TYPE:Internal infill
;WIDTH:0.44
G1 F900
G1 X54.05 Y15.944 E.05518
G1 X53.698 Y15.592 E.01343
G1 X52.155 Y15.592 E.04164
G1 X51.802 Y15.944 E.01345
G1 X46.401 Y15.944 E.14575
G1 X46.048 Y15.592 E.01345
G1 X44.505 Y15.592 E.04164
G1 X44.153 Y15.944 E.01343
G1 X38.752 Y15.944 E.14575
G1 X38.399 Y15.592 E.01345
G1 X36.856 Y15.592 E.04164
G1 X36.504 Y15.944 E.01343
G1 X31.103 Y15.944 E.14575
G1 X30.75 Y15.592 E.01345
G1 X29.207 Y15.592 E.04164
G1 X28.854 Y15.944 E.01345
G1 X23.453 Y15.944 E.14575
G1 X23.101 Y15.592 E.01343
G1 X21.558 Y15.592 E.04164
G1 X21.205 Y15.944 E.01345
G1 X23.25 Y15.944 E.05518
;LAYER_CHANGE
;Z:10.12
;HEIGHT:0.16
;BEFORE_LAYER_CHANGE
G92 E0
;10.12


G1 E-3.5 F3600
;WIPE_START
G1 F7200
G1 X21.205 Y15.944 E-.97137
G1 X21.558 Y15.592 E-.23679
G1 X22.172 Y15.592 E-.29184
;WIPE_END
G1 Z10.12 F9000
;AFTER_LAYER_CHANGE
;10.12
G1 X20.639 Y16.257
G1 E5 F2400
;TYPE:Perimeter
;WIDTH:0.439999
G1 F900
G1 X20.639 Y15.279 E.02639
G1 X54.616 Y15.279 E.91686
G1 X54.616 Y16.257 E.02639
G1 X20.699 Y16.257 E.91524
G1 X20.233 Y16.662 F9000
G1 F900
G1 X20.233 Y14.874 E.04825
G1 X55.022 Y14.874 E.93877
G1 X55.022 Y16.662 E.04825
G1 X20.293 Y16.662 E.93716
G1 X19.838 Y17.058 F9000
;TYPE:External perimeter
;WIDTH:0.419999
G1 F900
G1 X19.838 Y14.478 E.06619
G1 X55.418 Y14.478 E.91278
G1 X55.418 Y17.058 E.06619
G1 X19.898 Y17.058 E.91124
G1 E-3.5 F3600
;WIPE_START
G1 F7200
G1 X19.838 Y17.058 E-.0285
G1 X19.838 Y14.478 E-1.2255
G1 X20.356 Y14.478 E-.246
;WIPE_END
G1 X23.25 Y15.944 F9000
G1 E5 F2400
;TYPE:Internal infill
;WIDTH:0.44
G1 F900
G1 X21.205 Y15.944 E.05518
G1 X21.558 Y15.592 E.01345
G1 X23.101 Y15.592 E.04164
G1 X23.453 Y15.944 E.01343
G1 X28.854 Y15.944 E.14575
G1 X29.207 Y15.592 E.01345
G1 X30.75 Y15.592 E.04164
G1 X31.103 Y15.944 E.01345
G1 X36.504 Y15.944 E.14575
G1 X36.856 Y15.592 E.01343
G1 X38.399 Y15.592 E.04164
G1 X38.752 Y15.944 E.01345
G1 X44.153 Y15.944 E.14575
G1 X44.505 Y15.592 E.01343
G1 X46.048 Y15.592 E.04164
G1 X46.401 Y15.944 E.01345
G1 X51.802 Y15.944 E.14575
G1 X52.155 Y15.592 E.01345
G1 X53.698 Y15.592 E.04164
G1 X54.05 Y15.944 E.01343
G1 X52.005 Y15.944 E.05518
;LAYER_CHANGE
;Z:10.28
;HEIGHT:0.16
;BEFORE_LAYER_CHANGE
G92 E0
;10.28


G1 E-3.5 F3600
;WIPE_START
G1 F7200
G1 X54.05 Y15.944 E-.97138
G1 X53.698 Y15.592 E-.23646
G1 X53.083 Y15.592 E-.29216
;WIPE_END
G1 Z10.28 F9000
;AFTER_LAYER_CHANGE
;10.28
G1 X54.616 Y16.257
G1 E5 F2400
;TYPE:Perimeter
;WIDTH:0.439999
G1 F900
G1 X20.639 Y16.257 E.91686
G1 X20.639 Y15.279 E.02639
G1 X54.616 Y15.279 E.91686
G1 X54.616 Y16.197 E.02477
G1 X55.022 Y16.662 F9000
G1 F900
G1 X20.233 Y16.662 E.93877
G1 X20.233 Y14.874 E.04825
G1 X55.022 Y14.874 E.93877
G1 X55.022 Y16.602 E.04663
G1 X55.418 Y17.058 F9000
;TYPE:External perimeter
;WIDTH:0.419999
G1 F900
G1 X19.838 Y17.058 E.91278
G1 X19.838 Y14.478 E.06619
G1 X55.418 Y14.478 E.91278
G1 X55.418 Y16.998 E.06465
G1 E-3.5 F3600
;WIPE_START
G1 F7200
G1 X55.418 Y17.058 E-.0285
G1 X52.32 Y17.058 E-1.4715
;WIPE_END
G1 X52.005 Y15.944 F9000
G1 E5 F2400
;TYPE:Internal infill
;WIDTH:0.44
G1 F900
G1 X54.05 Y15.944 E.05518
G1 X53.698 Y15.592 E.01343
G1 X52.155 Y15.592 E.04164
G1 X51.802 Y15.944 E.01345
G1 X46.401 Y15.944 E.14575
G1 X46.048 Y15.592 E.01345
G1 X44.505 Y15.592 E.04164
G1 X44.153 Y15.944 E.01343
G1 X38.752 Y15.944 E.14575
G1 X38.399 Y15.592 E.01345
G1 X36.856 Y15.592 E.04164
G1 X36.504 Y15.944 E.01343
G1 X31.103 Y15.944 E.14575
G1 X30.75 Y15.592 E.01345
G1 X29.207 Y15.592 E.04164
G1 X28.854 Y15.944 E.01345
G1 X23.453 Y15.944 E.14575
G1 X23.101 Y15.592 E.01343
G1 X21.558 Y15.592 E.04164
G1 X21.205 Y15.944 E.01345
G1 X23.25 Y15.944 E.05518
;LAYER_CHANGE
;Z:10.44
;HEIGHT:0.16
;BEFORE_LAYER_CHANGE
G92 E0
;10.44


G1 E-3.5 F3600
;WIPE_START
G1 F7200
G1 X21.205 Y15.944 E-.97137
G1 X21.558 Y15.592 E-.23679
G1 X22.172 Y15.592 E-.29184
;WIPE_END
G1 Z10.44 F9000
;AFTER_LAYER_CHANGE
;10.44
G1 X20.639 Y16.257
G1 E5 F2400
;TYPE:Perimeter
;WIDTH:0.439999
G1 F900
G1 X20.639 Y15.279 E.02639
G1 X54.616 Y15.279 E.91686
G1 X54.616 Y16.257 E.02639
G1 X20.699 Y16.257 E.91524
G1 X20.233 Y16.662 F9000
G1 F900
G1 X20.233 Y14.874 E.04825
G1 X55.022 Y14.874 E.93877
G1 X55.022 Y16.662 E.04825
G1 X20.293 Y16.662 E.93716
G1 X19.838 Y17.058 F9000
;TYPE:External perimeter
;WIDTH:0.419999
G1 F900
G1 X19.838 Y14.478 E.06619
G1 X55.418 Y14.478 E.91278
G1 X55.418 Y17.058 E.06619
G1 X19.898 Y17.058 E.91124
G1 E-3.5 F3600
;WIPE_START
G1 F7200
G1 X19.838 Y17.058 E-.0285
G1 X19.838 Y14.478 E-1.2255
G1 X20.356 Y14.478 E-.246
;WIPE_END
G1 X23.25 Y15.944 F9000
G1 E5 F2400
;TYPE:Internal infill
;WIDTH:0.44
G1 F900
G1 X21.205 Y15.944 E.05518
G1 X21.558 Y15.592 E.01345
G1 X23.101 Y15.592 E.04164
G1 X23.453 Y15.944 E.01343
G1 X28.854 Y15.944 E.14575
G1 X29.207 Y15.592 E.01345
G1 X30.75 Y15.592 E.04164
G1 X31.103 Y15.944 E.01345
G1 X36.504 Y15.944 E.14575
G1 X36.856 Y15.592 E.01343
G1 X38.399 Y15.592 E.04164
G1 X38.752 Y15.944 E.01345
G1 X44.153 Y15.944 E.14575
G1 X44.505 Y15.592 E.01343
G1 X46.048 Y15.592 E.04164
G1 X46.401 Y15.944 E.01345
G1 X51.802 Y15.944 E.14575
G1 X52.155 Y15.592 E.01345
G1 X53.698 Y15.592 E.04164
G1 X54.05 Y15.944 E.01343
G1 X52.005 Y15.944 E.05518
;LAYER_CHANGE
;Z:10.6
;HEIGHT:0.160001
;BEFORE_LAYER_CHANGE
G92 E0
;10.6


G1 E-3.5 F3600
;WIPE_START
G1 F7200
G1 X54.05 Y15.944 E-.97138
G1 X53.698 Y15.592 E-.23646
G1 X53.083 Y15.592 E-.29216
;WIPE_END
G1 Z10.6 F9000
;AFTER_LAYER_CHANGE
;10.6
G1 X54.616 Y16.257
G1 E5 F2400
;TYPE:Perimeter
;WIDTH:0.439999
G1 F900
G1 X20.639 Y16.257 E.91686
G1 X20.639 Y15.279 E.02639
G1 X54.616 Y15.279 E.91686
G1 X54.616 Y16.197 E.02477
G1 X55.022 Y16.662 F9000
G1 F900
G1 X20.233 Y16.662 E.93877
G1 X20.233 Y14.874 E.04825
G1 X55.022 Y14.874 E.93877
G1 X55.022 Y16.602 E.04663
G1 X55.418 Y17.058 F9000
;TYPE:External perimeter
;WIDTH:0.419999
G1 F900
G1 X19.838 Y17.058 E.91278
G1 X19.838 Y14.478 E.06619
G1 X55.418 Y14.478 E.91278
G1 X55.418 Y16.998 E.06465
G1 E-3.5 F3600
;WIPE_START
G1 F7200
G1 X55.418 Y17.058 E-.0285
G1 X52.32 Y17.058 E-1.4715
;WIPE_END
G1 X52.005 Y15.944 F9000
G1 E5 F2400
;TYPE:Internal infill
;WIDTH:0.44
G1 F900
G1 X54.05 Y15.944 E.05518
G1 X53.698 Y15.592 E.01343
G1 X52.155 Y15.592 E.04164
G1 X51.802 Y15.944 E.01345
G1 X46.401 Y15.944 E.14575
G1 X46.048 Y15.592 E.01345
G1 X44.505 Y15.592 E.04164
G1 X44.153 Y15.944 E.01343
G1 X38.752 Y15.944 E.14575
G1 X38.399 Y15.592 E.01345
G1 X36.856 Y15.592 E.04164
G1 X36.504 Y15.944 E.01343
G1 X31.103 Y15.944 E.14575
G1 X30.75 Y15.592 E.01345
G1 X29.207 Y15.592 E.04164
G1 X28.854 Y15.944 E.01345
G1 X23.453 Y15.944 E.14575
G1 X23.101 Y15.592 E.01343
G1 X21.558 Y15.592 E.04164
G1 X21.205 Y15.944 E.01345
G1 X23.25 Y15.944 E.05518
;LAYER_CHANGE
;Z:10.76
;HEIGHT:0.16
;BEFORE_LAYER_CHANGE
G92 E0
;10.76


G1 E-3.5 F3600
;WIPE_START
G1 F7200
G1 X21.205 Y15.944 E-.97137
G1 X21.558 Y15.592 E-.23679
G1 X22.172 Y15.592 E-.29184
;WIPE_END
G1 Z10.76 F9000
;AFTER_LAYER_CHANGE
;10.76
G1 X20.639 Y16.257
G1 E5 F2400
;TYPE:Perimeter
;WIDTH:0.439999
G1 F900
G1 X20.639 Y15.279 E.02639
G1 X54.616 Y15.279 E.91686
G1 X54.616 Y16.257 E.02639
G1 X20.699 Y16.257 E.91524
G1 X20.233 Y16.662 F9000
G1 F900
G1 X20.233 Y14.874 E.04825
G1 X55.022 Y14.874 E.93877
G1 X55.022 Y16.662 E.04825
G1 X20.293 Y16.662 E.93716
G1 X19.838 Y17.058 F9000
;TYPE:External perimeter
;WIDTH:0.419999
G1 F900
G1 X19.838 Y14.478 E.06619
G1 X55.418 Y14.478 E.91278
G1 X55.418 Y17.058 E.06619
G1 X19.898 Y17.058 E.91124
G1 E-3.5 F3600
;WIPE_START
G1 F7200
G1 X19.838 Y17.058 E-.0285
G1 X19.838 Y14.478 E-1.2255
G1 X20.356 Y14.478 E-.246
;WIPE_END
G1 X23.25 Y15.944 F9000
G1 E5 F2400
;TYPE:Internal infill
;WIDTH:0.44
G1 F900
G1 X21.205 Y15.944 E.05518
G1 X21.558 Y15.592 E.01345
G1 X23.101 Y15.592 E.04164
G1 X23.453 Y15.944 E.01343
G1 X28.854 Y15.944 E.14575
G1 X29.207 Y15.592 E.01345
G1 X30.75 Y15.592 E.04164
G1 X31.103 Y15.944 E.01345
G1 X36.504 Y15.944 E.14575
G1 X36.856 Y15.592 E.01343
G1 X38.399 Y15.592 E.04164
G1 X38.752 Y15.944 E.01345
G1 X44.153 Y15.944 E.14575
G1 X44.505 Y15.592 E.01343
G1 X46.048 Y15.592 E.04164
G1 X46.401 Y15.944 E.01345
G1 X51.802 Y15.944 E.14575
G1 X52.155 Y15.592 E.01345
G1 X53.698 Y15.592 E.04164
G1 X54.05 Y15.944 E.01343
G1 X52.005 Y15.944 E.05518
;LAYER_CHANGE
;Z:10.92
;HEIGHT:0.16
;BEFORE_LAYER_CHANGE
G92 E0
;10.92


G1 E-3.5 F3600
;WIPE_START
G1 F7200
G1 X54.05 Y15.944 E-.97138
G1 X53.698 Y15.592 E-.23646
G1 X53.083 Y15.592 E-.29216
;WIPE_END
G1 Z10.92 F9000
;AFTER_LAYER_CHANGE
;10.92
G1 X54.616 Y16.257
G1 E5 F2400
;TYPE:Perimeter
;WIDTH:0.439999
G1 F900
G1 X20.639 Y16.257 E.91686
G1 X20.639 Y15.279 E.02639
G1 X54.616 Y15.279 E.91686
G1 X54.616 Y16.197 E.02477
G1 X55.022 Y16.662 F9000
G1 F900
G1 X20.233 Y16.662 E.93877
G1 X20.233 Y14.874 E.04825
G1 X55.022 Y14.874 E.93877
G1 X55.022 Y16.602 E.04663
G1 X55.418 Y17.058 F9000
;TYPE:External perimeter
;WIDTH:0.419999
G1 F900
G1 X19.838 Y17.058 E.91278
G1 X19.838 Y14.478 E.06619
G1 X55.418 Y14.478 E.91278
G1 X55.418 Y16.998 E.06465
G1 E-3.5 F3600
;WIPE_START
G1 F7200
G1 X55.418 Y17.058 E-.0285
G1 X52.32 Y17.058 E-1.4715
;WIPE_END
G1 X52.005 Y15.944 F9000
G1 E5 F2400
;TYPE:Internal infill
;WIDTH:0.44
G1 F900
G1 X54.05 Y15.944 E.05518
G1 X53.698 Y15.592 E.01343
G1 X52.155 Y15.592 E.04164
G1 X51.802 Y15.944 E.01345
G1 X46.401 Y15.944 E.14575
G1 X46.048 Y15.592 E.01345
G1 X44.505 Y15.592 E.04164
G1 X44.153 Y15.944 E.01343
G1 X38.752 Y15.944 E.14575
G1 X38.399 Y15.592 E.01345
G1 X36.856 Y15.592 E.04164
G1 X36.504 Y15.944 E.01343
G1 X31.103 Y15.944 E.14575
G1 X30.75 Y15.592 E.01345
G1 X29.207 Y15.592 E.04164
G1 X28.854 Y15.944 E.01345
G1 X23.453 Y15.944 E.14575
G1 X23.101 Y15.592 E.01343
G1 X21.558 Y15.592 E.04164
G1 X21.205 Y15.944 E.01345
G1 X23.25 Y15.944 E.05518
;LAYER_CHANGE
;Z:11.08
;HEIGHT:0.16
;BEFORE_LAYER_CHANGE
G92 E0
;11.08


G1 E-3.5 F3600
;WIPE_START
G1 F7200
G1 X21.205 Y15.944 E-.97137
G1 X21.558 Y15.592 E-.23679
G1 X22.172 Y15.592 E-.29184
;WIPE_END
G1 Z11.08 F9000
;AFTER_LAYER_CHANGE
;11.08
G1 X20.639 Y16.257
G1 E5 F2400
;TYPE:Perimeter
;WIDTH:0.439999
G1 F900
G1 X20.639 Y15.279 E.02639
G1 X54.616 Y15.279 E.91686
G1 X54.616 Y16.257 E.02639
G1 X20.699 Y16.257 E.91524
G1 X20.233 Y16.662 F9000
G1 F900
G1 X20.233 Y14.874 E.04825
G1 X55.022 Y14.874 E.93877
G1 X55.022 Y16.662 E.04825
G1 X20.293 Y16.662 E.93716
G1 X19.838 Y17.058 F9000
;TYPE:External perimeter
;WIDTH:0.419999
G1 F900
G1 X19.838 Y14.478 E.06619
G1 X55.418 Y14.478 E.91278
G1 X55.418 Y17.058 E.06619
G1 X19.898 Y17.058 E.91124
G1 E-3.5 F3600
;WIPE_START
G1 F7200
G1 X19.838 Y17.058 E-.0285
G1 X19.838 Y14.478 E-1.2255
G1 X20.356 Y14.478 E-.246
;WIPE_END
G1 X23.25 Y15.944 F9000
G1 E5 F2400
;TYPE:Internal infill
;WIDTH:0.44
G1 F900
G1 X21.205 Y15.944 E.05518
G1 X21.558 Y15.592 E.01345
G1 X23.101 Y15.592 E.04164
G1 X23.453 Y15.944 E.01343
G1 X28.854 Y15.944 E.14575
G1 X29.207 Y15.592 E.01345
G1 X30.75 Y15.592 E.04164
G1 X31.103 Y15.944 E.01345
G1 X36.504 Y15.944 E.14575
G1 X36.856 Y15.592 E.01343
G1 X38.399 Y15.592 E.04164
G1 X38.752 Y15.944 E.01345
G1 X44.153 Y15.944 E.14575
G1 X44.505 Y15.592 E.01343
G1 X46.048 Y15.592 E.04164
G1 X46.401 Y15.944 E.01345
G1 X51.802 Y15.944 E.14575
G1 X52.155 Y15.592 E.01345
G1 X53.698 Y15.592 E.04164
G1 X54.05 Y15.944 E.01343
G1 X52.005 Y15.944 E.05518
;LAYER_CHANGE
;Z:11.24
;HEIGHT:0.16
;BEFORE_LAYER_CHANGE
G92 E0
;11.24


G1 E-3.5 F3600
;WIPE_START
G1 F7200
G1 X54.05 Y15.944 E-.97138
G1 X53.698 Y15.592 E-.23646
G1 X53.083 Y15.592 E-.29216
;WIPE_END
G1 Z11.24 F9000
;AFTER_LAYER_CHANGE
;11.24
G1 X54.616 Y16.257
G1 E5 F2400
;TYPE:Perimeter
;WIDTH:0.439999
G1 F900
G1 X20.639 Y16.257 E.91686
G1 X20.639 Y15.279 E.02639
G1 X54.616 Y15.279 E.91686
G1 X54.616 Y16.197 E.02477
G1 X55.022 Y16.662 F9000
G1 F900
G1 X20.233 Y16.662 E.93877
G1 X20.233 Y14.874 E.04825
G1 X55.022 Y14.874 E.93877
G1 X55.022 Y16.602 E.04663
G1 X55.418 Y17.058 F9000
;TYPE:External perimeter
;WIDTH:0.419999
G1 F900
G1 X19.838 Y17.058 E.91278
G1 X19.838 Y14.478 E.06619
G1 X55.418 Y14.478 E.91278
G1 X55.418 Y16.998 E.06465
G1 E-3.5 F3600
;WIPE_START
G1 F7200
G1 X55.418 Y17.058 E-.0285
G1 X52.32 Y17.058 E-1.4715
;WIPE_END
G1 X52.005 Y15.944 F9000
G1 E5 F2400
;TYPE:Internal infill
;WIDTH:0.44
G1 F900
G1 X54.05 Y15.944 E.05518
G1 X53.698 Y15.592 E.01343
G1 X52.155 Y15.592 E.04164
G1 X51.802 Y15.944 E.01345
G1 X46.401 Y15.944 E.14575
G1 X46.048 Y15.592 E.01345
G1 X44.505 Y15.592 E.04164
G1 X44.153 Y15.944 E.01343
G1 X38.752 Y15.944 E.14575
G1 X38.399 Y15.592 E.01345
G1 X36.856 Y15.592 E.04164
G1 X36.504 Y15.944 E.01343
G1 X31.103 Y15.944 E.14575
G1 X30.75 Y15.592 E.01345
G1 X29.207 Y15.592 E.04164
G1 X28.854 Y15.944 E.01345
G1 X23.453 Y15.944 E.14575
G1 X23.101 Y15.592 E.01343
G1 X21.558 Y15.592 E.04164
G1 X21.205 Y15.944 E.01345
G1 X23.25 Y15.944 E.05518
;LAYER_CHANGE
;Z:11.4
;HEIGHT:0.16
;BEFORE_LAYER_CHANGE
G92 E0
;11.4


G1 E-3.5 F3600
;WIPE_START
G1 F7200
G1 X21.205 Y15.944 E-.97137
G1 X21.558 Y15.592 E-.23679
G1 X22.172 Y15.592 E-.29184
;WIPE_END
G1 Z11.4 F9000
;AFTER_LAYER_CHANGE
;11.4
G1 X20.639 Y16.257
G1 E5 F2400
;TYPE:Perimeter
;WIDTH:0.439999
G1 F900
G1 X20.639 Y15.279 E.02639
G1 X54.616 Y15.279 E.91686
G1 X54.616 Y16.257 E.02639
G1 X20.699 Y16.257 E.91524
G1 X20.233 Y16.662 F9000
G1 F900
G1 X20.233 Y14.874 E.04825
G1 X55.022 Y14.874 E.93877
G1 X55.022 Y16.662 E.04825
G1 X20.293 Y16.662 E.93716
G1 X19.838 Y17.058 F9000
;TYPE:External perimeter
;WIDTH:0.419999
G1 F900
G1 X19.838 Y14.478 E.06619
G1 X55.418 Y14.478 E.91278
G1 X55.418 Y17.058 E.06619
G1 X19.898 Y17.058 E.91124
G1 E-3.5 F3600
;WIPE_START
G1 F7200
G1 X19.838 Y17.058 E-.0285
G1 X19.838 Y14.478 E-1.2255
G1 X20.356 Y14.478 E-.246
;WIPE_END
G1 X23.25 Y15.944 F9000
G1 E5 F2400
;TYPE:Internal infill
;WIDTH:0.44
G1 F900
G1 X21.205 Y15.944 E.05518
G1 X21.558 Y15.592 E.01345
G1 X23.101 Y15.592 E.04164
G1 X23.453 Y15.944 E.01343
G1 X28.854 Y15.944 E.14575
G1 X29.207 Y15.592 E.01345
G1 X30.75 Y15.592 E.04164
G1 X31.103 Y15.944 E.01345
G1 X36.504 Y15.944 E.14575
G1 X36.856 Y15.592 E.01343
G1 X38.399 Y15.592 E.04164
G1 X38.752 Y15.944 E.01345
G1 X44.153 Y15.944 E.14575
G1 X44.505 Y15.592 E.01343
G1 X46.048 Y15.592 E.04164
G1 X46.401 Y15.944 E.01345
G1 X51.802 Y15.944 E.14575
G1 X52.155 Y15.592 E.01345
G1 X53.698 Y15.592 E.04164
G1 X54.05 Y15.944 E.01343
G1 X52.005 Y15.944 E.05518
;LAYER_CHANGE
;Z:11.56
;HEIGHT:0.160001
;BEFORE_LAYER_CHANGE
G92 E0
;11.56


G1 E-3.5 F3600
;WIPE_START
G1 F7200
G1 X54.05 Y15.944 E-.97138
G1 X53.698 Y15.592 E-.23646
G1 X53.083 Y15.592 E-.29216
;WIPE_END
G1 Z11.56 F9000
;AFTER_LAYER_CHANGE
;11.56
G1 X54.616 Y16.257
G1 E5 F2400
;TYPE:Perimeter
;WIDTH:0.439999
G1 F900
G1 X20.639 Y16.257 E.91686
G1 X20.639 Y15.279 E.02639
G1 X54.616 Y15.279 E.91686
G1 X54.616 Y16.197 E.02477
G1 X55.022 Y16.662 F9000
G1 F900
G1 X20.233 Y16.662 E.93877
G1 X20.233 Y14.874 E.04825
G1 X55.022 Y14.874 E.93877
G1 X55.022 Y16.602 E.04663
G1 X55.418 Y17.058 F9000
;TYPE:External perimeter
;WIDTH:0.419999
G1 F900
G1 X19.838 Y17.058 E.91278
G1 X19.838 Y14.478 E.06619
G1 X55.418 Y14.478 E.91278
G1 X55.418 Y16.998 E.06465
G1 E-3.5 F3600
;WIPE_START
G1 F7200
G1 X55.418 Y17.058 E-.0285
G1 X52.32 Y17.058 E-1.4715
;WIPE_END
G1 X52.005 Y15.944 F9000
G1 E5 F2400
;TYPE:Internal infill
;WIDTH:0.44
G1 F900
G1 X54.05 Y15.944 E.05518
G1 X53.698 Y15.592 E.01343
G1 X52.155 Y15.592 E.04164
G1 X51.802 Y15.944 E.01345
G1 X46.401 Y15.944 E.14575
G1 X46.048 Y15.592 E.01345
G1 X44.505 Y15.592 E.04164
G1 X44.153 Y15.944 E.01343
G1 X38.752 Y15.944 E.14575
G1 X38.399 Y15.592 E.01345
G1 X36.856 Y15.592 E.04164
G1 X36.504 Y15.944 E.01343
G1 X31.103 Y15.944 E.14575
G1 X30.75 Y15.592 E.01345
G1 X29.207 Y15.592 E.04164
G1 X28.854 Y15.944 E.01345
G1 X23.453 Y15.944 E.14575
G1 X23.101 Y15.592 E.01343
G1 X21.558 Y15.592 E.04164
G1 X21.205 Y15.944 E.01345
G1 X23.25 Y15.944 E.05518
;LAYER_CHANGE
;Z:11.72
;HEIGHT:0.16
;BEFORE_LAYER_CHANGE
G92 E0
;11.72


G1 E-3.5 F3600
;WIPE_START
G1 F7200
G1 X21.205 Y15.944 E-.97137
G1 X21.558 Y15.592 E-.23679
G1 X22.172 Y15.592 E-.29184
;WIPE_END
G1 Z11.72 F9000
;AFTER_LAYER_CHANGE
;11.72
G1 X20.639 Y16.257
G1 E5 F2400
;TYPE:Perimeter
;WIDTH:0.439999
G1 F900
G1 X20.639 Y15.279 E.02639
G1 X54.616 Y15.279 E.91686
G1 X54.616 Y16.257 E.02639
G1 X20.699 Y16.257 E.91524
G1 X20.233 Y16.662 F9000
G1 F900
G1 X20.233 Y14.874 E.04825
G1 X55.022 Y14.874 E.93877
G1 X55.022 Y16.662 E.04825
G1 X20.293 Y16.662 E.93716
G1 X19.838 Y17.058 F9000
;TYPE:External perimeter
;WIDTH:0.419999
G1 F900
G1 X19.838 Y14.478 E.06619
G1 X55.418 Y14.478 E.91278
G1 X55.418 Y17.058 E.06619
G1 X19.898 Y17.058 E.91124
G1 E-3.5 F3600
;WIPE_START
G1 F7200
G1 X19.838 Y17.058 E-.0285
G1 X19.838 Y14.478 E-1.2255
G1 X20.356 Y14.478 E-.246
;WIPE_END
G1 X23.25 Y15.944 F9000
G1 E5 F2400
;TYPE:Internal infill
;WIDTH:0.44
G1 F900
G1 X21.205 Y15.944 E.05518
G1 X21.558 Y15.592 E.01345
G1 X23.101 Y15.592 E.04164
G1 X23.453 Y15.944 E.01343
G1 X28.854 Y15.944 E.14575
G1 X29.207 Y15.592 E.01345
G1 X30.75 Y15.592 E.04164
G1 X31.103 Y15.944 E.01345
G1 X36.504 Y15.944 E.14575
G1 X36.856 Y15.592 E.01343
G1 X38.399 Y15.592 E.04164
G1 X38.752 Y15.944 E.01345
G1 X44.153 Y15.944 E.14575
G1 X44.505 Y15.592 E.01343
G1 X46.048 Y15.592 E.04164
G1 X46.401 Y15.944 E.01345
G1 X51.802 Y15.944 E.14575
G1 X52.155 Y15.592 E.01345
G1 X53.698 Y15.592 E.04164
G1 X54.05 Y15.944 E.01343
G1 X52.005 Y15.944 E.05518
;LAYER_CHANGE
;Z:11.88
;HEIGHT:0.16
;BEFORE_LAYER_CHANGE
G92 E0
;11.88


G1 E-3.5 F3600
;WIPE_START
G1 F7200
G1 X54.05 Y15.944 E-.97138
G1 X53.698 Y15.592 E-.23646
G1 X53.083 Y15.592 E-.29216
;WIPE_END
G1 Z11.88 F9000
;AFTER_LAYER_CHANGE
;11.88
G1 X54.616 Y16.257
G1 E5 F2400
;TYPE:Perimeter
;WIDTH:0.439999
G1 F900
G1 X20.639 Y16.257 E.91686
G1 X20.639 Y15.279 E.02639
G1 X54.616 Y15.279 E.91686
G1 X54.616 Y16.197 E.02477
G1 X55.022 Y16.662 F9000
G1 F900
G1 X20.233 Y16.662 E.93877
G1 X20.233 Y14.874 E.04825
G1 X55.022 Y14.874 E.93877
G1 X55.022 Y16.602 E.04663
G1 X55.418 Y17.058 F9000
;TYPE:External perimeter
;WIDTH:0.419999
G1 F900
G1 X19.838 Y17.058 E.91278
G1 X19.838 Y14.478 E.06619
G1 X55.418 Y14.478 E.91278
G1 X55.418 Y16.998 E.06465
G1 E-3.5 F3600
;WIPE_START
G1 F7200
G1 X55.418 Y17.058 E-.0285
G1 X52.32 Y17.058 E-1.4715
;WIPE_END
G1 X52.005 Y15.944 F9000
G1 E5 F2400
;TYPE:Internal infill
;WIDTH:0.44
G1 F900
G1 X54.05 Y15.944 E.05518
G1 X53.698 Y15.592 E.01343
G1 X52.155 Y15.592 E.04164
G1 X51.802 Y15.944 E.01345
G1 X46.401 Y15.944 E.14575
G1 X46.048 Y15.592 E.01345
G1 X44.505 Y15.592 E.04164
G1 X44.153 Y15.944 E.01343
G1 X38.752 Y15.944 E.14575
G1 X38.399 Y15.592 E.01345
G1 X36.856 Y15.592 E.04164
G1 X36.504 Y15.944 E.01343
G1 X31.103 Y15.944 E.14575
G1 X30.75 Y15.592 E.01345
G1 X29.207 Y15.592 E.04164
G1 X28.854 Y15.944 E.01345
G1 X23.453 Y15.944 E.14575
G1 X23.101 Y15.592 E.01343
G1 X21.558 Y15.592 E.04164
G1 X21.205 Y15.944 E.01345
G1 X23.25 Y15.944 E.05518
;LAYER_CHANGE
;Z:12.04
;HEIGHT:0.16
;BEFORE_LAYER_CHANGE
G92 E0
;12.04


G1 E-3.5 F3600
;WIPE_START
G1 F7200
G1 X21.205 Y15.944 E-.97137
G1 X21.558 Y15.592 E-.23679
G1 X22.172 Y15.592 E-.29184
;WIPE_END
G1 Z12.04 F9000
;AFTER_LAYER_CHANGE
;12.04
G1 X20.639 Y16.257
G1 E5 F2400
;TYPE:Perimeter
;WIDTH:0.439999
G1 F900
G1 X20.639 Y15.279 E.02639
G1 X54.616 Y15.279 E.91686
G1 X54.616 Y16.257 E.02639
G1 X20.699 Y16.257 E.91524
G1 X20.233 Y16.662 F9000
G1 F900
G1 X20.233 Y14.874 E.04825
G1 X55.022 Y14.874 E.93877
G1 X55.022 Y16.662 E.04825
G1 X20.293 Y16.662 E.93716
G1 X19.838 Y17.058 F9000
;TYPE:External perimeter
;WIDTH:0.419999
G1 F900
G1 X19.838 Y14.478 E.06619
G1 X55.418 Y14.478 E.91278
G1 X55.418 Y17.058 E.06619
G1 X19.898 Y17.058 E.91124
G1 X20.938 Y15.958 F9000
;TYPE:Solid infill
;WIDTH:0.413482
G1 F900
G1 X20.938 Y15.578 E.00958
G1 X54.317 Y15.578 E.84185
G1 X54.317 Y15.958 E.00958
G1 X21.141 Y15.958 E.83673
;LAYER_CHANGE
;Z:12.2
;HEIGHT:0.16
;BEFORE_LAYER_CHANGE
G92 E0
;12.2


G1 E-3.5 F3600
;WIPE_START
G1 F7200
G1 X24.299 Y15.958 E-1.5
;WIPE_END
G1 Z12.2 F9000
;AFTER_LAYER_CHANGE
;12.2
G1 X20.639 Y16.257
G1 E5 F2400
;TYPE:Perimeter
;WIDTH:0.439999
G1 F900
G1 X20.639 Y15.279 E.02639
G1 X54.616 Y15.279 E.91686
G1 X54.616 Y16.257 E.02639
G1 X20.699 Y16.257 E.91524
G1 X20.233 Y16.662 F9000
G1 F900
G1 X20.233 Y14.874 E.04825
G1 X55.022 Y14.874 E.93877
G1 X55.022 Y16.662 E.04825
G1 X20.293 Y16.662 E.93716
G1 X19.838 Y17.058 F9000
;TYPE:External perimeter
;WIDTH:0.419999
G1 F900
G1 X19.838 Y14.478 E.06619
G1 X55.418 Y14.478 E.91278
G1 X55.418 Y17.058 E.06619
G1 X19.898 Y17.058 E.91124
G1 E-3.5 F3600
;WIPE_START
G1 F7200
G1 X19.838 Y17.058 E-.0285
G1 X19.838 Y14.478 E-1.2255
G1 X20.356 Y14.478 E-.246
;WIPE_END
G1 X54.317 Y15.578 F9000
G1 E5 F2400
;TYPE:Solid infill
;WIDTH:0.413482
G1 F900
G1 X54.317 Y15.958 E.00958
G1 X20.938 Y15.958 E.84185
G1 X20.938 Y15.578 E.00958
G1 X54.114 Y15.578 E.83673
;LAYER_CHANGE
;Z:12.36
;HEIGHT:0.16
;BEFORE_LAYER_CHANGE
G92 E0
;12.36


G1 E-3.5 F3600
;WIPE_START
G1 F7200
G1 X50.956 Y15.578 E-1.5
;WIPE_END
G1 Z12.36 F9000
;AFTER_LAYER_CHANGE
;12.36
G1 X54.616 Y15.279
G1 E5 F2400
;TYPE:Perimeter
;WIDTH:0.439999
G1 F900
G1 X54.616 Y16.257 E.02639
G1 X20.639 Y16.257 E.91686
G1 X20.639 Y15.279 E.02639
G1 X54.556 Y15.279 E.91524
G1 X55.022 Y14.874 F9000
G1 F900
G1 X55.022 Y16.662 E.04825
G1 X20.233 Y16.662 E.93877
G1 X20.233 Y14.874 E.04825
G1 X54.962 Y14.874 E.93716
G1 X55.418 Y14.478 F9000
;TYPE:External perimeter
;WIDTH:0.419999
G1 F900
G1 X55.418 Y17.058 E.06619
G1 X19.838 Y17.058 E.91278
G1 X19.838 Y14.478 E.06619
G1 X55.358 Y14.478 E.91124
G1 E-3.5 F3600
;WIPE_START
G1 F7200
G1 X55.418 Y14.478 E-.0285
G1 X55.418 Y17.058 E-1.2255
G1 X54.9 Y17.058 E-.246
;WIPE_END
G1 X20.938 Y15.578 F9000
G1 E5 F2400
;TYPE:Solid infill
;WIDTH:0.413482
G1 F900
G1 X54.317 Y15.578 E.84185
G1 X54.317 Y15.958 E.00958
G1 X20.938 Y15.958 E.84185
G1 X20.938 Y15.781 E.00446
;LAYER_CHANGE
;Z:12.52
;HEIGHT:0.160001
;BEFORE_LAYER_CHANGE
G92 E0
;12.52


G1 E-3.5 F3600
;WIPE_START
G1 F7200
G1 X20.938 Y15.958 E-.08407
G1 X23.919 Y15.958 E-1.41593
;WIPE_END
G1 Z12.52 F9000
;AFTER_LAYER_CHANGE
;12.52
G1 X20.639 Y16.257
G1 E5 F2400
;TYPE:Perimeter
;WIDTH:0.439999
G1 F900
G1 X20.639 Y15.279 E.02639
G1 X54.616 Y15.279 E.91686
G1 X54.616 Y16.257 E.02639
G1 X20.699 Y16.257 E.91524
G1 X20.233 Y16.662 F9000
G1 F900
G1 X20.233 Y14.874 E.04825
G1 X55.022 Y14.874 E.93877
G1 X55.022 Y16.662 E.04825
G1 X20.293 Y16.662 E.93716
G1 X19.838 Y17.058 F9000
;TYPE:External perimeter
;WIDTH:0.419999
G1 F900
G1 X19.838 Y14.478 E.06619
G1 X55.418 Y14.478 E.91278
G1 X55.418 Y17.058 E.06619
G1 X19.898 Y17.058 E.91124
G1 E-3.5 F3600
;WIPE_START
G1 F7200
G1 X19.838 Y17.058 E-.0285
G1 X19.838 Y14.478 E-1.2255
G1 X20.356 Y14.478 E-.246
;WIPE_END
G1 X54.317 Y15.578 F9000
G1 E5 F2400
;TYPE:Solid infill
;WIDTH:0.413482
G1 F900
G1 X54.317 Y15.958 E.00958
G1 X20.938 Y15.958 E.84185
G1 X20.938 Y15.578 E.00958
G1 X54.114 Y15.578 E.83673
;LAYER_CHANGE
;Z:12.68
;HEIGHT:0.16
;BEFORE_LAYER_CHANGE
G92 E0
;12.68


G1 E-3.5 F3600
;WIPE_START
G1 F7200
G1 X50.956 Y15.578 E-1.5
;WIPE_END
G1 Z12.68 F9000
;AFTER_LAYER_CHANGE
;12.68
G1 X54.616 Y15.279
G1 E5 F2400
;TYPE:Perimeter
;WIDTH:0.439999
G1 F900
G1 X54.616 Y16.257 E.02639
G1 X20.639 Y16.257 E.91686
G1 X20.639 Y15.279 E.02639
G1 X54.556 Y15.279 E.91524
G1 X55.022 Y14.874 F9000
G1 F900
G1 X55.022 Y16.662 E.04825
G1 X20.233 Y16.662 E.93877
G1 X20.233 Y14.874 E.04825
G1 X54.962 Y14.874 E.93716
G1 X55.418 Y14.478 F9000
;TYPE:External perimeter
;WIDTH:0.419999
G1 F900
G1 X55.418 Y17.058 E.06619
G1 X19.838 Y17.058 E.91278
G1 X19.838 Y14.478 E.06619
G1 X55.358 Y14.478 E.91124
G1 E-3.5 F3600
;WIPE_START
G1 F7200
G1 X55.418 Y14.478 E-.0285
G1 X55.418 Y17.058 E-1.2255
G1 X54.9 Y17.058 E-.246
;WIPE_END
G1 X20.938 Y15.578 F9000
G1 E5 F2400
;TYPE:Solid infill
;WIDTH:0.413482
G1 F900
G1 X54.317 Y15.578 E.84185
G1 X54.317 Y15.958 E.00958
G1 X20.938 Y15.958 E.84185
G1 X20.938 Y15.781 E.00446
;LAYER_CHANGE
;Z:12.84
;HEIGHT:0.16
;BEFORE_LAYER_CHANGE
G92 E0
;12.84


G1 E-3.5 F3600
;WIPE_START
G1 F7200
G1 X20.938 Y15.958 E-.08407
G1 X23.919 Y15.958 E-1.41593
;WIPE_END
G1 Z12.84 F9000
;AFTER_LAYER_CHANGE
;12.84
G1 X20.639 Y16.257
G1 E5 F2400
;TYPE:Perimeter
;WIDTH:0.439999
G1 F900
G1 X20.639 Y15.279 E.02639
G1 X54.616 Y15.279 E.91686
G1 X54.616 Y16.257 E.02639
G1 X20.699 Y16.257 E.91524
G1 X20.233 Y16.662 F9000
G1 F900
G1 X20.233 Y14.874 E.04825
G1 X55.022 Y14.874 E.93877
G1 X55.022 Y16.662 E.04825
G1 X20.293 Y16.662 E.93716
G1 X19.838 Y17.058 F9000
;TYPE:External perimeter
;WIDTH:0.419999
G1 F900
G1 X19.838 Y14.478 E.06619
G1 X55.418 Y14.478 E.91278
G1 X55.418 Y17.058 E.06619
G1 X19.898 Y17.058 E.91124
G1 E-3.5 F3600
;WIPE_START
G1 F7200
G1 X19.838 Y17.058 E-.0285
G1 X19.838 Y14.478 E-1.2255
G1 X20.356 Y14.478 E-.246
;WIPE_END
G1 X54.317 Y15.578 F9000
G1 E5 F2400
;TYPE:Solid infill
;WIDTH:0.413482
G1 F900
G1 X54.317 Y15.958 E.00958
G1 X20.938 Y15.958 E.84185
G1 X20.938 Y15.578 E.00958
G1 X54.114 Y15.578 E.83673
;LAYER_CHANGE
;Z:13
;HEIGHT:0.16
;BEFORE_LAYER_CHANGE
G92 E0
;13


G1 E-3.5 F3600
;WIPE_START
G1 F7200
G1 X50.956 Y15.578 E-1.5
;WIPE_END
G1 Z13 F9000
;AFTER_LAYER_CHANGE
;13
G1 X54.616 Y15.279
G1 E5 F2400
;TYPE:Perimeter
;WIDTH:0.439999
G1 F900
G1 X54.616 Y16.257 E.02639
G1 X20.639 Y16.257 E.91686
G1 X20.639 Y15.279 E.02639
G1 X54.556 Y15.279 E.91524
G1 X55.022 Y14.874 F9000
G1 F900
G1 X55.022 Y16.662 E.04825
G1 X20.233 Y16.662 E.93877
G1 X20.233 Y14.874 E.04825
G1 X54.962 Y14.874 E.93716
G1 X55.418 Y14.478 F9000
;TYPE:External perimeter
;WIDTH:0.419999
G1 F900
G1 X55.418 Y17.058 E.06619
G1 X19.838 Y17.058 E.91278
G1 X19.838 Y14.478 E.06619
G1 X55.358 Y14.478 E.91124
G1 X54.462 Y16.129 F9000
;TYPE:Top solid infill
;WIDTH:0.404137
G1 F900
G1 X53.905 Y15.572 E.01938
G1 X53.382 Y15.572 E.01287
G1 X53.775 Y15.964 E.01365
G1 X53.252 Y15.964 E.01287
G1 X52.859 Y15.572 E.01365
G1 X52.336 Y15.572 E.01287
G1 X52.729 Y15.964 E.01365
G1 X52.206 Y15.964 E.01287
G1 X51.813 Y15.572 E.01365
G1 X51.29 Y15.572 E.01287
G1 X51.683 Y15.964 E.01365
G1 X51.16 Y15.964 E.01287
G1 X50.767 Y15.572 E.01365
G1 X50.244 Y15.572 E.01287
G1 X50.637 Y15.964 E.01365
G1 X50.114 Y15.964 E.01287
G1 X49.721 Y15.572 E.01365
G1 X49.198 Y15.572 E.01287
G1 X49.591 Y15.964 E.01365
G1 X49.068 Y15.964 E.01287
G1 X48.675 Y15.572 E.01365
G1 X48.152 Y15.572 E.01287
G1 X48.545 Y15.964 E.01365
G1 X48.022 Y15.964 E.01287
G1 X47.629 Y15.572 E.01365
G1 X47.106 Y15.572 E.01287
G1 X47.499 Y15.964 E.01365
G1 X46.976 Y15.964 E.01287
G1 X46.583 Y15.572 E.01365
G1 X46.06 Y15.572 E.01287
G1 X46.453 Y15.964 E.01365
G1 X45.93 Y15.964 E.01287
G1 X45.537 Y15.572 E.01365
G1 X45.015 Y15.572 E.01284
G1 X45.407 Y15.964 E.01364
G1 X44.884 Y15.964 E.01287
G1 X44.492 Y15.572 E.01364
G1 X43.969 Y15.572 E.01287
G1 X44.361 Y15.964 E.01364
G1 X43.838 Y15.964 E.01287
G1 X43.446 Y15.572 E.01364
G1 X42.923 Y15.572 E.01287
G1 X43.315 Y15.964 E.01364
G1 X42.792 Y15.964 E.01287
G1 X42.4 Y15.572 E.01364
G1 X41.877 Y15.572 E.01287
G1 X42.269 Y15.964 E.01364
G1 X41.746 Y15.964 E.01287
G1 X41.354 Y15.572 E.01364
G1 X40.831 Y15.572 E.01287
G1 X41.223 Y15.964 E.01364
G1 X40.7 Y15.964 E.01287
G1 X40.308 Y15.572 E.01364
G1 X39.785 Y15.572 E.01287
G1 X40.177 Y15.964 E.01364
G1 X39.654 Y15.964 E.01287
G1 X39.262 Y15.572 E.01364
G1 X38.739 Y15.572 E.01287
G1 X39.131 Y15.964 E.01364
G1 X38.608 Y15.964 E.01287
G1 X38.216 Y15.572 E.01364
G1 X37.693 Y15.572 E.01287
G1 X38.085 Y15.964 E.01364
G1 X37.562 Y15.964 E.01287
G1 X37.17 Y15.572 E.01364
G1 X36.647 Y15.572 E.01287
G1 X37.04 Y15.964 E.01365
G1 X36.517 Y15.964 E.01287
G1 X36.124 Y15.572 E.01365
G1 X35.601 Y15.572 E.01287
G1 X35.994 Y15.964 E.01365
G1 X35.471 Y15.964 E.01287
G1 X35.078 Y15.572 E.01365
G1 X34.555 Y15.572 E.01287
G1 X34.948 Y15.964 E.01365
G1 X34.425 Y15.964 E.01287
G1 X34.032 Y15.572 E.01365
G1 X33.509 Y15.572 E.01287
G1 X33.902 Y15.964 E.01365
G1 X33.379 Y15.964 E.01287
G1 X32.986 Y15.572 E.01365
G1 X32.463 Y15.572 E.01287
G1 X32.856 Y15.964 E.01365
G1 X32.333 Y15.964 E.01287
G1 X31.94 Y15.572 E.01365
G1 X31.417 Y15.572 E.01287
G1 X31.81 Y15.964 E.01365
G1 X31.287 Y15.964 E.01287
G1 X30.894 Y15.572 E.01365
G1 X30.371 Y15.572 E.01287
G1 X30.764 Y15.964 E.01365
G1 X30.241 Y15.964 E.01287
G1 X29.848 Y15.572 E.01365
G1 X29.325 Y15.572 E.01287
G1 X29.718 Y15.964 E.01365
G1 X29.195 Y15.964 E.01287
G1 X28.802 Y15.572 E.01365
G1 X28.279 Y15.572 E.01287
G1 X28.672 Y15.964 E.01365
G1 X28.149 Y15.964 E.01287
G1 X27.756 Y15.572 E.01365
G1 X27.233 Y15.572 E.01287
G1 X27.626 Y15.964 E.01365
G1 X27.103 Y15.964 E.01287
G1 X26.71 Y15.572 E.01365
G1 X26.187 Y15.572 E.01287
G1 X26.58 Y15.964 E.01365
G1 X26.057 Y15.964 E.01287
G1 X25.664 Y15.572 E.01365
G1 X25.141 Y15.572 E.01287
G1 X25.534 Y15.964 E.01365
G1 X25.011 Y15.964 E.01287
G1 X24.618 Y15.572 E.01365
G1 X24.095 Y15.572 E.01287
G1 X24.488 Y15.964 E.01365
G1 X23.965 Y15.964 E.01287
G1 X23.572 Y15.572 E.01365
G1 X23.049 Y15.572 E.01287
G1 X23.442 Y15.964 E.01365
G1 X22.919 Y15.964 E.01287
G1 X22.526 Y15.572 E.01365
G1 X22.004 Y15.572 E.01284
G1 X22.396 Y15.964 E.01364
G1 X21.873 Y15.964 E.01287
G1 X21.481 Y15.572 E.01364
G1 X20.958 Y15.572 E.01287
G1 X21.515 Y16.129 E.01938
; stop printing object Bohrlehre-Fusion.stl id:0 copy 0
G1 E-3.5 F3600
;WIPE_START
G1 F7200;_WIPE
G1 X20.958 Y15.572 E-.37417
G1 X21.481 Y15.572 E-.24842
G1 X21.873 Y15.964 E-.26333
G1 X22.396 Y15.964 E-.24842
G1 X22.004 Y15.572 E-.26333
G1 X22.22 Y15.572 E-.10233
;WIPE_END
M107
;TYPE:Custom
; Filament-specific end gcode 
;END gcode for filament
G1 Z15 F600 ; Move print head up
G1 X5 Y193.8 F9000 ; present print
G1 Z83 F600 ; Move print head further up
G1 Z150 F600 ; Move print head further up
M140 S0 ; turn off heatbed
M104 S0 ; turn off temperature
M107 ; turn off fan
M84 X Y E ; disable motors
; objects_info = {"objects":[{"name":"Bohrlehre-Fusion.stl id:0 copy 0","polygon":[[55.628,17.268],[58.128,17.268],[58.128,61.268],[17.128,61.268],[17.128,17.268],[19.628,17.268],[19.628,14.268],[55.628,14.268]]}]}
; filament used [mm] = 2653.71
; filament used [cm3] = 6.38
; filament used [g] = 7.91
; filament cost = 0.16
; total filament used [g] = 7.91
; total filament cost = 0.16
; total filament used for wipe tower [g] = 0.00
; estimated printing time (normal mode) = 1h 1m 30s
; estimated first layer printing time (normal mode) = 5m 2s

; prusaslicer_config = begin
; arc_fitting = disabled
; autoemit_temperature_commands = 1
; automatic_extrusion_widths = 0
; automatic_infill_combination = 0
; automatic_infill_combination_max_layer_height = 100%
; avoid_crossing_curled_overhangs = 0
; avoid_crossing_perimeters = 0
; avoid_crossing_perimeters_max_detour = 0
; bed_custom_model = 
; bed_custom_texture = 
; bed_shape = 3x3,228x3,228x228,3x228
; bed_temperature = 60
; bed_temperature_extruder = 0
; before_layer_gcode = ;BEFORE_LAYER_CHANGE\nG92 E0\n;{layer_z}\n\n
; between_objects_gcode = 
; binary_gcode = 0
; bottom_fill_pattern = monotonic
; bottom_solid_layers = 5
; bottom_solid_min_thickness = 0
; bridge_acceleration = 250
; bridge_angle = 0
; bridge_fan_speed = 100
; bridge_flow_ratio = 0.85
; bridge_speed = 25
; brim_separation = 0
; brim_type = outer_only
; brim_width = 0
; chamber_minimal_temperature = 0
; chamber_temperature = 0
; color_change_gcode = M600
; colorprint_heights = 
; compatible_printers_condition_cummulative = "printer_model=~/(ENDER|CR|SERMOON).*/ and nozzle_diameter[0]==0.4";printer_notes=~/.*PRINTER_VENDOR_CREALITY.*/
; complete_objects = 0
; cooling = 1
; cooling_perimeter_transition_distance = 0
; cooling_slowdown_logic = uniform_cooling
; cooling_tube_length = 5
; cooling_tube_retraction = 91.5
; custom_parameters_filament = ""
; custom_parameters_print = 
; custom_parameters_printer = 
; default_acceleration = 500
; default_filament_profile = "Generic PLA @CREALITY"
; default_print_profile = "0.16 mm OPTIMAL (0.4 mm nozzle) @CREALITY"
; deretract_speed = 40
; disable_fan_first_layers = 1
; dont_support_bridges = 1
; draft_shield = disabled
; duplicate_distance = 6
; elefant_foot_compensation = 0.1
; enable_dynamic_fan_speeds = 0
; enable_dynamic_overhang_speeds = 0
; end_filament_gcode = "; Filament-specific end gcode \n;END gcode for filament\n"
; end_gcode = {if max_layer_z < max_print_height}G1 Z{z_offset+min(max_layer_z+2, max_print_height)} F600 ; Move print head up{endif}\nG1 X5 Y{print_bed_max[1]*0.85} F{travel_speed*60} ; present print\n{if max_layer_z < max_print_height-10}G1 Z{z_offset+min(max_layer_z+70, max_print_height-10)} F600 ; Move print head further up{endif}\n{if max_layer_z < max_print_height*0.6}G1 Z{max_print_height*0.6} F600 ; Move print head further up{endif}\nM140 S0 ; turn off heatbed\nM104 S0 ; turn off temperature\nM107 ; turn off fan\nM84 X Y E ; disable motors
; ensure_vertical_shell_thickness = enabled
; external_perimeter_acceleration = 0
; external_perimeter_extrusion_width = 0.42
; external_perimeter_speed = 30
; external_perimeters_first = 0
; extra_loading_move = -2
; extra_perimeters = 0
; extra_perimeters_on_overhangs = 0
; extruder_clearance_height = 25
; extruder_clearance_radius = 55
; extruder_colour = #FCE94F
; extruder_offset = 0x0
; extrusion_axis = E
; extrusion_multiplier = 1
; extrusion_width = 0.44
; fan_always_on = 1
; fan_below_layer_time = 100
; filament_abrasive = 0
; filament_colour = #DDDDDD
; filament_cooling_final_speed = 3.4
; filament_cooling_initial_speed = 2.2
; filament_cooling_moves = 4
; filament_cost = 20
; filament_density = 1.24
; filament_deretract_speed = nil
; filament_diameter = 1.75
; filament_flush_speed = 0
; filament_flush_volume = 0
; filament_infill_max_crossing_speed = 0
; filament_infill_max_speed = 0
; filament_load_time = 0
; filament_loading_speed = 28
; filament_loading_speed_start = 3
; filament_max_volumetric_speed = 15
; filament_minimal_purge_on_wipe_tower = 15
; filament_multitool_ramming = 0
; filament_multitool_ramming_flow = 10
; filament_multitool_ramming_volume = 10
; filament_notes = "Retract erhöht"
; filament_purge_multiplier = 100%
; filament_ramming_parameters = "120 100 6.6 6.8 7.2 7.6 7.9 8.2 8.7 9.4 9.9 10.0| 0.05 6.6 0.45 6.8 0.95 7.8 1.45 8.3 1.95 9.7 2.45 10 2.95 7.6 3.45 7.6 3.95 7.6 4.45 7.6 4.95 7.6"
; filament_retract_before_travel = nil
; filament_retract_before_wipe = nil
; filament_retract_layer_change = nil
; filament_retract_length = nil
; filament_retract_length_toolchange = nil
; filament_retract_lift = nil
; filament_retract_lift_above = nil
; filament_retract_lift_below = nil
; filament_retract_restart_extra = nil
; filament_retract_restart_extra_toolchange = nil
; filament_retract_speed = nil
; filament_seam_gap_distance = nil
; filament_settings_id = "Generic PLA @CREALITY - SUNULU_Retract"
; filament_shrinkage_compensation_xy = 0%
; filament_shrinkage_compensation_z = 0%
; filament_soluble = 0
; filament_spool_weight = 0
; filament_stamping_distance = 0
; filament_stamping_loading_speed = 20
; filament_toolchange_delay = 0
; filament_travel_lift_before_obstacle = nil
; filament_travel_max_lift = nil
; filament_travel_ramping_lift = nil
; filament_travel_slope = nil
; filament_type = PLA
; filament_unload_time = 0
; filament_unloading_speed = 90
; filament_unloading_speed_start = 100
; filament_vendor = Generic
; filament_wipe = nil
; fill_angle = 45
; fill_density = 15%
; fill_pattern = grid
; first_layer_acceleration = 0
; first_layer_acceleration_over_raft = 0
; first_layer_bed_temperature = 60
; first_layer_extrusion_width = 0.42
; first_layer_height = 0.2
; first_layer_infill_speed = 0
; first_layer_speed = 20
; first_layer_speed_over_raft = 30
; first_layer_temperature = 220
; full_fan_speed_layer = 0
; fuzzy_skin = none
; fuzzy_skin_point_dist = 0.8
; fuzzy_skin_thickness = 0.3
; gap_fill_enabled = 1
; gap_fill_speed = 30
; gcode_comments = 0
; gcode_flavor = marlin
; gcode_label_objects = octoprint
; gcode_resolution = 0.0125
; gcode_substitutions = 
; high_current_on_filament_swap = 0
; host_type = prusalink
; idle_temperature = 150
; infill_acceleration = 0
; infill_anchor = 600%
; infill_anchor_max = 50
; infill_every_layers = 1
; infill_extruder = 1
; infill_extrusion_width = 0.44
; infill_first = 0
; infill_overlap = 23%
; infill_speed = 60
; inherits_cummulative = ;"Generic PLA @CREALITY";
; interface_shells = 0
; interlocking_beam = 0
; interlocking_beam_layer_count = 2
; interlocking_beam_width = 0.8
; interlocking_boundary_avoidance = 2
; interlocking_depth = 2
; interlocking_orientation = 22.5
; ironing = 0
; ironing_flowrate = 10%
; ironing_spacing = 0.1
; ironing_speed = 20
; ironing_type = top
; layer_gcode = ;AFTER_LAYER_CHANGE\n;{layer_z}
; layer_height = 0.16
; machine_limits_usage = emit_to_gcode
; machine_max_acceleration_e = 5000
; machine_max_acceleration_extruding = 500
; machine_max_acceleration_retracting = 1000
; machine_max_acceleration_travel = 500
; machine_max_acceleration_x = 500
; machine_max_acceleration_y = 500
; machine_max_acceleration_z = 100
; machine_max_feedrate_e = 60
; machine_max_feedrate_x = 500
; machine_max_feedrate_y = 500
; machine_max_feedrate_z = 10
; machine_max_jerk_e = 5
; machine_max_jerk_x = 8
; machine_max_jerk_y = 8
; machine_max_jerk_z = 0.4
; machine_max_junction_deviation = 0,0
; machine_min_extruding_rate = 0
; machine_min_travel_rate = 0
; max_fan_speed = 100
; max_layer_height = 0.32
; max_print_height = 250
; max_print_speed = 100
; max_volumetric_extrusion_rate_slope_negative = 0
; max_volumetric_extrusion_rate_slope_positive = 0
; max_volumetric_speed = 0
; min_bead_width = 85%
; min_fan_speed = 100
; min_feature_size = 25%
; min_layer_height = 0.06
; min_print_speed = 15
; min_skirt_length = 4
; mmu_segmented_region_interlocking_depth = 0
; mmu_segmented_region_max_width = 0
; multimaterial_purging = 140
; notes = 
; nozzle_diameter = 0.4
; nozzle_high_flow = 0
; only_one_perimeter_first_layer = 0
; only_retract_when_crossing_perimeters = 0
; ooze_prevention = 0
; output_filename_format = {input_filename_base}_{print_time}_{digits(layer_height,1,2)}mm_{temperature[0]}C_{filament_type[0]}_{printer_model}.gcode
; over_bridge_speed = 0
; overhang_fan_speed_0 = 0
; overhang_fan_speed_1 = 0
; overhang_fan_speed_2 = 0
; overhang_fan_speed_3 = 0
; overhang_speed_0 = 15
; overhang_speed_1 = 15
; overhang_speed_2 = 20
; overhang_speed_3 = 25
; overhangs = 0
; parking_pos_retraction = 92
; pause_print_gcode = M25 ; pause print
; perimeter_acceleration = 0
; perimeter_extruder = 1
; perimeter_extrusion_width = 0.44
; perimeter_generator = arachne
; perimeter_speed = 60
; perimeters = 3
; physical_printer_settings_id = 
; post_process = 
; prefer_clockwise_movements = 0
; print_settings_id = 0.16 mm OPTIMAL SPEED (0.4 mm nozzle) @CREALITY
; printer_model = ENDER3PRO
; printer_notes = Don't remove the following keywords! These keywords are used in the "compatible printer" condition of the print and filament profiles to link the particular print and filament profiles to this printer profile.\nPRINTER_VENDOR_CREALITY\nPRINTER_MODEL_ENDER3PRO\nPRINTER_HAS_BOWDEN
; printer_settings_id = Creality Ender-3 Pro (0.4 mm nozzle)
; printer_technology = FFF
; printer_variant = 0.4
; printer_vendor = 
; profile_vendor = Creality
; profile_version = 1.1.0
; raft_contact_distance = 0.1
; raft_expansion = 1.5
; raft_first_layer_density = 90%
; raft_first_layer_expansion = 3
; raft_layers = 0
; remaining_times = 0
; resolution = 0
; retract_before_travel = 2
; retract_before_wipe = 70%
; retract_layer_change = 1
; retract_length = 5
; retract_length_toolchange = 1
; retract_lift = 0
; retract_lift_above = 0.2
; retract_lift_below = 0
; retract_restart_extra = 0
; retract_restart_extra_toolchange = 0
; retract_speed = 60
; scarf_seam_entire_loop = 0
; scarf_seam_length = 20
; scarf_seam_max_segment_length = 1
; scarf_seam_on_inner_perimeters = 0
; scarf_seam_only_on_smooth = 1
; scarf_seam_placement = nowhere
; scarf_seam_start_height = 0%
; seam_gap_distance = 15%
; seam_position = nearest
; silent_mode = 0
; single_extruder_multi_material = 0
; single_extruder_multi_material_priming = 0
; skirt_distance = 3
; skirt_height = 2
; skirts = 1
; slice_closing_radius = 0.049
; slicing_mode = regular
; slowdown_below_layer_time = 20
; small_perimeter_speed = 30
; solid_infill_acceleration = 0
; solid_infill_below_area = 0
; solid_infill_every_layers = 0
; solid_infill_extruder = 1
; solid_infill_extrusion_width = 0.44
; solid_infill_speed = 60
; spiral_vase = 0
; staggered_inner_seams = 0
; standby_temperature_delta = -5
; start_filament_gcode = "; Filament gcode\n"
; start_gcode = G90 ; use absolute coordinates\nM83 ; extruder relative mode\nM104 S{is_nil(idle_temperature[0]) ? 150 : idle_temperature[0]} ; set temporary nozzle temp to prevent oozing during homing\nM140 S{first_layer_bed_temperature[0]} ; set final bed temp\nG4 S30 ; allow partial nozzle warmup\nG28 ; home all axis\nG1 Z50 F240\nG1 X2.0 Y10 F3000\nM104 S{first_layer_temperature[0]} ; set final nozzle temp\nM190 S{first_layer_bed_temperature[0]} ; wait for bed temp to stabilize\nM109 S{first_layer_temperature[0]} ; wait for nozzle temp to stabilize\nG1 Z0.28 F240\nG92 E0\nG1 X2.0 Y140 E10 F1500 ; prime the nozzle\nG1 X2.3 Y140 F5000\nG92 E0\nG1 X2.3 Y10 E10 F1200 ; prime the nozzle\nG92 E0
; support_material = 0
; support_material_angle = 0
; support_material_auto = 1
; support_material_bottom_contact_distance = 0
; support_material_bottom_interface_layers = -1
; support_material_buildplate_only = 0
; support_material_closing_radius = 2
; support_material_contact_distance = 0.15
; support_material_enforce_layers = 0
; support_material_extruder = 0
; support_material_extrusion_width = 0.36
; support_material_interface_contact_loops = 0
; support_material_interface_extruder = 0
; support_material_interface_layers = 2
; support_material_interface_pattern = rectilinear
; support_material_interface_spacing = 0.2
; support_material_interface_speed = 100%
; support_material_pattern = rectilinear
; support_material_spacing = 1
; support_material_speed = 40
; support_material_style = grid
; support_material_synchronize_layers = 0
; support_material_threshold = 40
; support_material_with_sheath = 0
; support_material_xy_spacing = 60%
; support_tree_angle = 40
; support_tree_angle_slow = 25
; support_tree_branch_diameter = 2
; support_tree_branch_diameter_angle = 5
; support_tree_branch_diameter_double_wall = 3
; support_tree_branch_distance = 1
; support_tree_tip_diameter = 0.8
; support_tree_top_rate = 15%
; temperature = 220
; template_custom_gcode = 
; thick_bridges = 1
; thin_walls = 0
; thumbnails = 
; thumbnails_format = PNG
; toolchange_gcode = 
; toolchange_ordering = optimized
; top_fill_pattern = monotonic
; top_infill_extrusion_width = 0.4
; top_one_perimeter_type = none
; top_solid_infill_acceleration = 0
; top_solid_infill_speed = 30
; top_solid_layers = 7
; top_solid_min_thickness = 0
; travel_acceleration = 0
; travel_lift_before_obstacle = 0
; travel_max_lift = 0
; travel_ramping_lift = 0
; travel_short_distance_acceleration = 0
; travel_slope = 0
; travel_speed = 150
; travel_speed_z = 0
; use_firmware_retraction = 0
; use_relative_e_distances = 1
; use_volumetric_e = 0
; variable_layer_height = 1
; wall_distribution_count = 1
; wall_transition_angle = 10
; wall_transition_filter_deviation = 25%
; wall_transition_length = 100%
; wipe = 1
; wipe_into_infill = 0
; wipe_into_objects = 0
; wipe_tower = 0
; wipe_tower_acceleration = 0
; wipe_tower_bridging = 10
; wipe_tower_brim_width = 2
; wipe_tower_cone_angle = 0
; wipe_tower_extra_flow = 100%
; wipe_tower_extra_spacing = 100%
; wipe_tower_extruder = 0
; wipe_tower_no_sparse_layers = 0
; wipe_tower_width = 60
; wiping_volumes_matrix = 0
; wiping_volumes_use_custom_matrix = 0
; xy_size_compensation = 0
; z_offset = 0
; prusaslicer_config = end
