; generated by PrusaSlicer 2.9.6 on 2026-08-28 at 17:31:24 UTC

; 

; external perimeters extrusion width = 0.42mm
; perimeters extrusion width = 0.44mm
; infill extrusion width = 0.44mm
; solid infill extrusion width = 0.44mm
; top infill extrusion width = 0.40mm
; first layer extrusion width = 0.42mm

M201 X500 Y500 Z100 E5000 ; sets maximum accelerations, mm/sec^2
M203 X500 Y500 Z10 E60 ; sets maximum feedrates, mm / sec
M204 S500 T1000 ; sets acceleration (S) and retract acceleration (R), mm/sec^2
M205 X8.00 Y8.00 Z0.40 E5.00 ; sets the jerk limits, mm/sec
M205 S0 T0 ; sets the minimum extruding and travel feed rate, mm/sec

; printing object Rollenhalter-Chamfer001.stl id:0 copy 0
; stop printing object Rollenhalter-Chamfer001.stl id:0 copy 0

;TYPE:Custom
G90 ; use absolute coordinates
M83 ; extruder relative mode
M104 S150 ; set temporary nozzle temp to prevent oozing during homing
M140 S60 ; set final bed temp
G4 S30 ; allow partial nozzle warmup
G28 ; home all axis
G1 Z50 F240
G1 X2.0 Y10 F3000
M104 S220 ; set final nozzle temp
M190 S60 ; wait for bed temp to stabilize
M109 S220 ; wait for nozzle temp to stabilize
G1 Z0.28 F240
G92 E0
G1 X2.0 Y140 E10 F1500 ; prime the nozzle
G1 X2.3 Y140 F5000
G92 E0
G1 X2.3 Y10 E10 F1200 ; prime the nozzle
G92 E0
G21 ; set units to millimeters
G90 ; use absolute coordinates
M83 ; use relative distances for extrusion
; Filament gcode
M107
;LAYER_CHANGE
;Z:0.2
;HEIGHT:0.2
G1 E-5 F3600
G1 Z.2 F9000
G1 X14.25 Y13.364
G1 E5 F2400
M204 S500
;TYPE:Skirt/Brim
;WIDTH:0.42
G1 F1200
G1 X14.378 Y13.227 E.00588
G1 X16.088 Y12.729 E.05584
G1 X76.088 Y12.729 E1.88126
G1 X77.623 Y13.123 E.04969
G1 X78.779 Y14.207 E.04969
G1 X79.277 Y15.918 E.05587
G1 X79.277 Y30.918 E.47031
G1 X78.883 Y32.453 E.04969
G1 X77.799 Y33.609 E.04969
G1 X76.088 Y34.106 E.05586
G1 X16.088 Y34.106 E1.88126
G1 X14.554 Y33.713 E.04965
G1 X13.398 Y32.629 E.04969
G1 X12.9 Y30.918 E.05587
G1 X12.9 Y15.918 E.47031
G1 X13.294 Y14.383 E.04969
G1 X14.209 Y13.407 E.04195
G1 E-3.5 F3600
;WIPE_START
G1 F7200
G1 X14.25 Y13.364 E-.02822
G1 X14.378 Y13.227 E-.08906
G1 X16.088 Y12.729 E-.84599
G1 X17.218 Y12.729 E-.53673
;WIPE_END
; printing object Rollenhalter-Chamfer001.stl id:0 copy 0
G1 X17.153 Y16.982 F9000
G1 E5 F2400
;TYPE:Perimeter
;WIDTH:0.419999
G1 F1200
G1 X75.024 Y16.982 E1.8145
G1 X75.024 Y29.854 E.40359
G1 X17.153 Y29.854 E1.8145
G1 X17.153 Y17.042 E.40171
G1 X16.775 Y16.605 F9000
G1 F1200
G1 X75.401 Y16.605 E1.83817
G1 X75.401 Y30.231 E.42723
G1 X16.775 Y30.231 E1.83817
G1 X16.775 Y16.665 E.42535
G1 X16.398 Y16.228 F9000
;TYPE:External perimeter
G1 F1200
G1 X75.778 Y16.228 E1.86182
G1 X75.778 Y30.608 E.45087
G1 X16.398 Y30.608 E1.86182
G1 X16.398 Y16.288 E.44899
G1 E-3.5 F3600
;WIPE_START
G1 F7200
G1 X16.398 Y16.228 E-.0285
G1 X19.496 Y16.228 E-1.4715
;WIPE_END
G1 X74.904 Y17.87 F9000
G1 E5 F2400
;TYPE:Solid infill
;WIDTH:0.422577
G1 F1200
G1 X74.306 Y17.272 E.0267
G1 X73.769 Y17.272 E.01695
G1 X74.734 Y18.238 E.0431
G1 X74.734 Y18.775 E.01695
G1 X73.232 Y17.272 E.06708
G1 X72.695 Y17.272 E.01695
G1 X74.734 Y19.312 E.09105
G1 X74.734 Y19.848 E.01692
G1 X72.158 Y17.272 E.115
G1 X71.621 Y17.272 E.01695
G1 X74.734 Y20.385 E.13898
G1 X74.734 Y20.922 E.01695
G1 X71.084 Y17.272 E.16295
G1 X70.547 Y17.272 E.01695
G1 X74.734 Y21.459 E.18693
G1 X74.734 Y21.996 E.01695
G1 X70.01 Y17.272 E.2109
G1 X69.473 Y17.272 E.01695
G1 X74.734 Y22.533 E.23488
G1 X74.734 Y23.07 E.01695
G1 X68.936 Y17.272 E.25885
G1 X68.399 Y17.272 E.01695
G1 X74.734 Y23.607 E.28282
G1 X74.734 Y24.144 E.01695
G1 X67.863 Y17.272 E.30678
G1 X67.326 Y17.272 E.01695
G1 X74.734 Y24.681 E.33075
G1 X74.734 Y25.218 E.01695
G1 X66.789 Y17.272 E.35472
G1 X66.252 Y17.272 E.01695
G1 X74.734 Y25.755 E.3787
G1 X74.734 Y26.291 E.01692
G1 X65.715 Y17.272 E.40265
G1 X65.178 Y17.272 E.01695
G1 X74.734 Y26.828 E.42663
G1 X74.734 Y27.365 E.01695
G1 X64.641 Y17.272 E.4506
G1 X64.104 Y17.272 E.01695
G1 X74.734 Y27.902 E.47457
G1 X74.734 Y28.439 E.01695
G1 X63.567 Y17.272 E.49855
G1 X63.03 Y17.272 E.01695
G1 X74.734 Y28.976 E.52252
G1 X74.734 Y29.513 E.01695
G1 X62.493 Y17.272 E.5465
G1 X61.956 Y17.272 E.01695
G1 X74.247 Y29.563 E.54873
G1 X73.711 Y29.563 E.01692
G1 X61.42 Y17.272 E.54873
G1 X60.883 Y17.272 E.01695
G1 X73.174 Y29.563 E.54873
G1 X72.637 Y29.563 E.01695
G1 X60.346 Y17.272 E.54873
G1 X59.809 Y17.272 E.01695
G1 X72.1 Y29.563 E.54873
G1 X71.563 Y29.563 E.01695
G1 X59.272 Y17.272 E.54873
G1 X58.735 Y17.272 E.01695
G1 X71.026 Y29.563 E.54873
G1 X70.489 Y29.563 E.01695
G1 X58.198 Y17.272 E.54873
G1 X57.661 Y17.272 E.01695
G1 X69.952 Y29.563 E.54873
G1 X69.415 Y29.563 E.01695
G1 X57.124 Y17.272 E.54873
G1 X56.587 Y17.272 E.01695
G1 X68.878 Y29.563 E.54873
G1 X68.341 Y29.563 E.01695
G1 X56.05 Y17.272 E.54873
G1 X55.513 Y17.272 E.01695
G1 X67.804 Y29.563 E.54873
G1 X67.268 Y29.563 E.01692
G1 X54.977 Y17.272 E.54873
G1 X54.44 Y17.272 E.01695
G1 X66.731 Y29.563 E.54873
G1 X66.194 Y29.563 E.01695
G1 X53.903 Y17.272 E.54873
G1 X53.366 Y17.272 E.01695
G1 X65.657 Y29.563 E.54873
G1 X65.12 Y29.563 E.01695
G1 X52.829 Y17.272 E.54873
G1 X52.292 Y17.272 E.01695
G1 X64.583 Y29.563 E.54873
G1 X64.046 Y29.563 E.01695
G1 X51.755 Y17.272 E.54873
G1 X51.218 Y17.272 E.01695
G1 X63.509 Y29.563 E.54873
G1 X62.972 Y29.563 E.01695
G1 X50.681 Y17.272 E.54873
G1 X50.144 Y17.272 E.01695
G1 X62.435 Y29.563 E.54873
G1 X61.898 Y29.563 E.01695
G1 X49.607 Y17.272 E.54873
G1 X49.07 Y17.272 E.01695
G1 X61.361 Y29.563 E.54873
G1 X60.825 Y29.563 E.01692
G1 X48.534 Y17.272 E.54873
G1 X47.997 Y17.272 E.01695
G1 X60.288 Y29.563 E.54873
G1 X59.751 Y29.563 E.01695
G1 X47.46 Y17.272 E.54873
G1 X46.923 Y17.272 E.01695
G1 X59.214 Y29.563 E.54873
G1 X58.677 Y29.563 E.01695
G1 X46.386 Y17.272 E.54873
G1 X45.849 Y17.272 E.01695
G1 X58.14 Y29.563 E.54873
G1 X57.603 Y29.563 E.01695
G1 X45.312 Y17.272 E.54873
G1 X44.775 Y17.272 E.01695
G1 X57.066 Y29.563 E.54873
G1 X56.529 Y29.563 E.01695
G1 X44.238 Y17.272 E.54873
G1 X43.701 Y17.272 E.01695
G1 X55.992 Y29.563 E.54873
G1 X55.455 Y29.563 E.01695
G1 X43.164 Y17.272 E.54873
G1 X42.627 Y17.272 E.01695
G1 X54.918 Y29.563 E.54873
G1 X54.382 Y29.563 E.01692
G1 X42.091 Y17.272 E.54873
G1 X41.554 Y17.272 E.01695
G1 X53.845 Y29.563 E.54873
G1 X53.308 Y29.563 E.01695
G1 X41.017 Y17.272 E.54873
G1 X40.48 Y17.272 E.01695
G1 X52.771 Y29.563 E.54873
G1 X52.234 Y29.563 E.01695
G1 X39.943 Y17.272 E.54873
G1 X39.406 Y17.272 E.01695
G1 X51.697 Y29.563 E.54873
G1 X51.16 Y29.563 E.01695
G1 X38.869 Y17.272 E.54873
G1 X38.332 Y17.272 E.01695
G1 X50.623 Y29.563 E.54873
G1 X50.086 Y29.563 E.01695
G1 X37.795 Y17.272 E.54873
G1 X37.258 Y17.272 E.01695
G1 X49.549 Y29.563 E.54873
G1 X49.012 Y29.563 E.01695
G1 X36.721 Y17.272 E.54873
G1 X36.184 Y17.272 E.01695
G1 X48.475 Y29.563 E.54873
G1 X47.939 Y29.563 E.01692
G1 X35.648 Y17.272 E.54873
G1 X35.111 Y17.272 E.01695
G1 X47.402 Y29.563 E.54873
G1 X46.865 Y29.563 E.01695
G1 X34.574 Y17.272 E.54873
G1 X34.037 Y17.272 E.01695
G1 X46.328 Y29.563 E.54873
G1 X45.791 Y29.563 E.01695
G1 X33.5 Y17.272 E.54873
G1 X32.963 Y17.272 E.01695
G1 X45.254 Y29.563 E.54873
G1 X44.717 Y29.563 E.01695
G1 X32.426 Y17.272 E.54873
G1 X31.889 Y17.272 E.01695
G1 X44.18 Y29.563 E.54873
G1 X43.643 Y29.563 E.01695
G1 X31.352 Y17.272 E.54873
G1 X30.815 Y17.272 E.01695
G1 X43.106 Y29.563 E.54873
G1 X42.569 Y29.563 E.01695
G1 X30.278 Y17.272 E.54873
G1 X29.741 Y17.272 E.01695
G1 X42.032 Y29.563 E.54873
G1 X41.496 Y29.563 E.01692
G1 X29.205 Y17.272 E.54873
G1 X28.668 Y17.272 E.01695
G1 X40.959 Y29.563 E.54873
G1 X40.422 Y29.563 E.01695
G1 X28.131 Y17.272 E.54873
G1 X27.594 Y17.272 E.01695
G1 X39.885 Y29.563 E.54873
G1 X39.348 Y29.563 E.01695
G1 X27.057 Y17.272 E.54873
G1 X26.52 Y17.272 E.01695
G1 X38.811 Y29.563 E.54873
G1 X38.274 Y29.563 E.01695
G1 X25.983 Y17.272 E.54873
G1 X25.446 Y17.272 E.01695
G1 X37.737 Y29.563 E.54873
G1 X37.2 Y29.563 E.01695
G1 X24.909 Y17.272 E.54873
G1 X24.372 Y17.272 E.01695
G1 X36.663 Y29.563 E.54873
G1 X36.126 Y29.563 E.01695
G1 X23.835 Y17.272 E.54873
G1 X23.298 Y17.272 E.01695
G1 X35.589 Y29.563 E.54873
G1 X35.053 Y29.563 E.01692
G1 X22.762 Y17.272 E.54873
G1 X22.225 Y17.272 E.01695
G1 X34.516 Y29.563 E.54873
G1 X33.979 Y29.563 E.01695
G1 X21.688 Y17.272 E.54873
G1 X21.151 Y17.272 E.01695
G1 X33.442 Y29.563 E.54873
G1 X32.905 Y29.563 E.01695
G1 X20.614 Y17.272 E.54873
G1 X20.077 Y17.272 E.01695
G1 X32.368 Y29.563 E.54873
G1 X31.831 Y29.563 E.01695
G1 X19.54 Y17.272 E.54873
G1 X19.003 Y17.272 E.01695
G1 X31.294 Y29.563 E.54873
G1 X30.757 Y29.563 E.01695
G1 X18.466 Y17.272 E.54873
G1 X17.929 Y17.272 E.01695
G1 X30.22 Y29.563 E.54873
G1 X29.683 Y29.563 E.01695
G1 X17.443 Y17.323 E.54645
G1 X17.443 Y17.86 E.01695
G1 X29.146 Y29.563 E.52248
G1 X28.61 Y29.563 E.01692
G1 X17.443 Y18.397 E.49853
G1 X17.443 Y18.934 E.01695
G1 X28.073 Y29.563 E.47455
G1 X27.536 Y29.563 E.01695
G1 X17.443 Y19.471 E.45058
G1 X17.443 Y20.007 E.01692
G1 X26.999 Y29.563 E.42663
G1 X26.462 Y29.563 E.01695
G1 X17.443 Y20.544 E.40265
G1 X17.443 Y21.081 E.01695
G1 X25.925 Y29.563 E.37868
G1 X25.388 Y29.563 E.01695
G1 X17.443 Y21.618 E.3547
G1 X17.443 Y22.155 E.01695
G1 X24.851 Y29.563 E.33073
G1 X24.314 Y29.563 E.01695
G1 X17.443 Y22.692 E.30675
G1 X17.443 Y23.229 E.01695
G1 X23.777 Y29.563 E.28278
G1 X23.24 Y29.563 E.01695
G1 X17.443 Y23.766 E.25881
G1 X17.443 Y24.303 E.01695
G1 X22.703 Y29.563 E.23483
G1 X22.167 Y29.563 E.01692
G1 X17.443 Y24.84 E.21088
G1 X17.443 Y25.377 E.01695
G1 X21.63 Y29.563 E.18691
G1 X21.093 Y29.563 E.01695
G1 X17.443 Y25.914 E.16293
G1 X17.443 Y26.45 E.01692
G1 X20.556 Y29.563 E.13898
G1 X20.019 Y29.563 E.01695
G1 X17.443 Y26.987 E.115
G1 X17.443 Y27.524 E.01695
G1 X19.482 Y29.563 E.09103
G1 X18.945 Y29.563 E.01695
G1 X17.443 Y28.061 E.06706
G1 X17.443 Y28.598 E.01695
G1 X18.408 Y29.563 E.04308
G1 X17.871 Y29.563 E.01695
G1 X17.273 Y28.965 E.0267
M106 S255
;LAYER_CHANGE
;Z:0.36
;HEIGHT:0.16
;BEFORE_LAYER_CHANGE
G92 E0
;0.36


G1 E-3.5 F3600
;WIPE_START
G1 F7200
G1 X17.871 Y29.563 E-.40171
G1 X18.408 Y29.563 E-.25508
G1 X17.443 Y28.598 E-.64824
G1 X17.443 Y28.188 E-.19497
;WIPE_END
G1 Z.36 F9000
;AFTER_LAYER_CHANGE
;0.36
; stop printing object Rollenhalter-Chamfer001.stl id:0 copy 0
G1 X12.9 Y28.965
G1 E5 F2400
;TYPE:Skirt/Brim
;WIDTH:0.42
G1 X12.9 Y15.918 E.33471
G1 X13.294 Y14.383 E.04066
G1 X14.378 Y13.227 E.04066
G1 X16.088 Y12.729 E.04569
G1 X76.088 Y12.729 E1.53927
G1 X77.623 Y13.123 E.04066
G1 X78.779 Y14.207 E.04066
G1 X79.277 Y15.918 E.04572
G1 X79.277 Y30.918 E.38482
G1 X78.883 Y32.453 E.04066
G1 X77.799 Y33.609 E.04066
G1 X76.088 Y34.106 E.04571
G1 X16.088 Y34.106 E1.53927
G1 X14.554 Y33.713 E.04062
G1 X13.398 Y32.629 E.04066
G1 X12.9 Y30.918 E.04572
G1 X12.9 Y29.025 E.04856
G1 E-3.5 F3600
;WIPE_START
G1 F7200
G1 X12.9 Y28.965 E-.0285
G1 X12.9 Y25.867 E-1.4715
;WIPE_END
; printing object Rollenhalter-Chamfer001.stl id:0 copy 0
G1 X17.1 Y29.907 F9000
G1 E5 F2400
;TYPE:Perimeter
;WIDTH:0.439999
G1 F3600
G1 X17.1 Y16.929 E.35021
G1 X75.077 Y16.929 E1.5645
G1 X75.077 Y29.907 E.35021
G1 X17.16 Y29.907 E1.56288
G1 X16.694 Y30.312 F9000
G1 F3600
G1 X16.694 Y16.524 E.37207
G1 X75.483 Y16.524 E1.58641
G1 X75.483 Y30.312 E.37207
G1 X16.754 Y30.312 E1.58479
G1 X16.298 Y30.708 F9000
;TYPE:External perimeter
;WIDTH:0.419999
G1 F1800
G1 X16.298 Y16.128 E.37404
G1 X75.878 Y16.128 E1.52849
G1 X75.878 Y30.708 E.37404
G1 X16.358 Y30.708 E1.52695
G1 E-3.5 F3600
;WIPE_START
G1 F7200
G1 X16.298 Y30.708 E-.0285
G1 X16.298 Y27.61 E-1.4715
;WIPE_END
G1 X17.522 Y17.274 F9000
G1 E5 F2400
;TYPE:Solid infill
;WIDTH:0.538422
G1 F3600
G1 X17.478 Y17.23 E.00209
G1 X17.417 Y17.246 E.00211
G1 X17.4 Y17.307 E.00212
G1 X17.445 Y17.352 E.00213
G1 X17.506 Y17.335 E.00212
;WIDTH:0.439999
G1 X17.412 Y17.983 E.01767
G1 X18.154 Y17.242 E.0283
G1 X18.727 Y17.242 E.01546
G1 X17.412 Y18.557 E.05018
G1 X17.412 Y19.131 E.01549
G1 X19.301 Y17.242 E.07209
G1 X19.875 Y17.242 E.01549
G1 X17.412 Y19.704 E.09397
G1 X17.412 Y20.278 E.01549
G1 X20.449 Y17.242 E.11588
G1 X21.022 Y17.242 E.01546
G1 X17.412 Y20.852 E.13777
G1 X17.412 Y21.425 E.01546
G1 X21.596 Y17.242 E.15965
G1 X22.17 Y17.242 E.01549
G1 X17.412 Y21.999 E.18156
G1 X17.412 Y22.573 E.01549
G1 X22.743 Y17.242 E.20344
G1 X23.317 Y17.242 E.01549
G1 X17.412 Y23.147 E.22535
G1 X17.412 Y23.72 E.01546
G1 X23.891 Y17.242 E.24723
G1 X24.464 Y17.242 E.01546
G1 X17.412 Y24.294 E.26912
G1 X17.412 Y24.868 E.01549
G1 X25.038 Y17.242 E.29103
G1 X25.612 Y17.242 E.01549
G1 X17.412 Y25.441 E.31291
G1 X17.412 Y26.015 E.01549
G1 X26.186 Y17.242 E.33482
G1 X26.759 Y17.242 E.01546
G1 X17.412 Y26.589 E.3567
G1 X17.412 Y27.162 E.01546
G1 X27.333 Y17.242 E.37859
G1 X27.907 Y17.242 E.01549
G1 X17.412 Y27.736 E.40049
G1 X17.412 Y28.31 E.01549
G1 X28.48 Y17.242 E.42238
G1 X29.054 Y17.242 E.01549
G1 X17.412 Y28.884 E.44429
G1 X17.33 Y29.736 F9000
;WIDTH:0.374336
G1 F3600
G1 X17.289 Y29.747 E.00096
G1 X17.27 Y29.676 E.00166
G1 X17.341 Y29.695 E.00166
;WIDTH:0.407168
G1 X17.377 Y29.576 E.00308
;WIDTH:0.439999
G1 X17.412 Y29.457 E.00335
G1 X29.628 Y17.242 E.46617
G1 X30.201 Y17.242 E.01546
G1 X17.849 Y29.594 E.47138
G1 X18.422 Y29.594 E.01546
G1 X30.775 Y17.242 E.4714
G1 X31.349 Y17.242 E.01549
G1 X18.996 Y29.594 E.4714
G1 X19.57 Y29.594 E.01549
G1 X31.922 Y17.242 E.47138
G1 X32.496 Y17.242 E.01549
G1 X20.144 Y29.594 E.47138
G1 X20.717 Y29.594 E.01546
G1 X33.07 Y17.242 E.4714
G1 X33.644 Y17.242 E.01549
G1 X21.291 Y29.594 E.4714
G1 X21.865 Y29.594 E.01549
G1 X34.217 Y17.242 E.47138
G1 X34.791 Y17.242 E.01549
G1 X22.438 Y29.594 E.4714
G1 X23.012 Y29.594 E.01549
G1 X35.365 Y17.242 E.4714
G1 X35.938 Y17.242 E.01546
G1 X23.586 Y29.594 E.47138
G1 X24.159 Y29.594 E.01546
G1 X36.512 Y17.242 E.4714
G1 X37.086 Y17.242 E.01549
G1 X24.733 Y29.594 E.4714
G1 X25.307 Y29.594 E.01549
G1 X37.659 Y17.242 E.47138
G1 X38.233 Y17.242 E.01549
G1 X25.88 Y29.594 E.4714
G1 X26.454 Y29.594 E.01549
G1 X38.807 Y17.242 E.4714
G1 X39.38 Y17.242 E.01546
G1 X27.028 Y29.594 E.47138
G1 X27.602 Y29.594 E.01549
G1 X39.954 Y17.242 E.47138
G1 X40.528 Y17.242 E.01549
G1 X28.175 Y29.594 E.4714
G1 X28.749 Y29.594 E.01549
G1 X41.102 Y17.242 E.4714
G1 X41.675 Y17.242 E.01546
G1 X29.323 Y29.594 E.47138
G1 X29.896 Y29.594 E.01546
G1 X42.249 Y17.242 E.4714
G1 X42.823 Y17.242 E.01549
G1 X30.47 Y29.594 E.4714
G1 X31.044 Y29.594 E.01549
G1 X43.396 Y17.242 E.47138
G1 X43.97 Y17.242 E.01549
G1 X31.617 Y29.594 E.4714
G1 X32.191 Y29.594 E.01549
G1 X44.544 Y17.242 E.4714
G1 X45.117 Y17.242 E.01546
G1 X32.765 Y29.594 E.47138
G1 X33.338 Y29.594 E.01546
G1 X45.691 Y17.242 E.4714
G1 X46.265 Y17.242 E.01549
G1 X33.912 Y29.594 E.4714
G1 X34.486 Y29.594 E.01549
G1 X46.839 Y17.242 E.4714
G1 X47.412 Y17.242 E.01546
G1 X35.06 Y29.594 E.47138
G1 X35.633 Y29.594 E.01546
G1 X47.986 Y17.242 E.4714
G1 X48.56 Y17.242 E.01549
G1 X36.207 Y29.594 E.4714
G1 X36.781 Y29.594 E.01549
G1 X49.133 Y17.242 E.47138
G1 X49.707 Y17.242 E.01549
G1 X37.354 Y29.594 E.4714
G1 X37.928 Y29.594 E.01549
G1 X50.281 Y17.242 E.4714
G1 X50.854 Y17.242 E.01546
G1 X38.502 Y29.594 E.47138
G1 X39.075 Y29.594 E.01546
G1 X51.428 Y17.242 E.4714
G1 X52.002 Y17.242 E.01549
G1 X39.649 Y29.594 E.4714
G1 X40.223 Y29.594 E.01549
G1 X52.575 Y17.242 E.47138
G1 X53.149 Y17.242 E.01549
G1 X40.797 Y29.594 E.47138
G1 X41.37 Y29.594 E.01546
G1 X53.723 Y17.242 E.4714
G1 X54.297 Y17.242 E.01549
G1 X41.944 Y29.594 E.4714
G1 X42.518 Y29.594 E.01549
G1 X54.87 Y17.242 E.47138
G1 X55.444 Y17.242 E.01549
G1 X43.091 Y29.594 E.4714
G1 X43.665 Y29.594 E.01549
G1 X56.018 Y17.242 E.4714
G1 X56.591 Y17.242 E.01546
G1 X44.239 Y29.594 E.47138
G1 X44.812 Y29.594 E.01546
G1 X57.165 Y17.242 E.4714
G1 X57.739 Y17.242 E.01549
G1 X45.386 Y29.594 E.4714
G1 X45.96 Y29.594 E.01549
G1 X58.312 Y17.242 E.47138
G1 X58.886 Y17.242 E.01549
G1 X46.533 Y29.594 E.4714
G1 X47.107 Y29.594 E.01549
G1 X59.46 Y17.242 E.4714
G1 X60.033 Y17.242 E.01546
G1 X47.681 Y29.594 E.47138
G1 X48.255 Y29.594 E.01549
G1 X60.607 Y17.242 E.47138
G1 X61.181 Y17.242 E.01549
G1 X48.828 Y29.594 E.4714
G1 X49.402 Y29.594 E.01549
G1 X61.755 Y17.242 E.4714
G1 X62.328 Y17.242 E.01546
G1 X49.976 Y29.594 E.47138
G1 X50.549 Y29.594 E.01546
G1 X62.902 Y17.242 E.4714
G1 X63.476 Y17.242 E.01549
G1 X51.123 Y29.594 E.4714
G1 X51.697 Y29.594 E.01549
G1 X64.049 Y17.242 E.47138
G1 X64.623 Y17.242 E.01549
G1 X52.27 Y29.594 E.4714
G1 X52.844 Y29.594 E.01549
G1 X65.197 Y17.242 E.4714
G1 X65.77 Y17.242 E.01546
G1 X53.418 Y29.594 E.47138
G1 X53.991 Y29.594 E.01546
G1 X66.344 Y17.242 E.4714
G1 X66.918 Y17.242 E.01549
G1 X54.565 Y29.594 E.4714
G1 X55.139 Y29.594 E.01549
G1 X67.491 Y17.242 E.47138
G1 X68.065 Y17.242 E.01549
G1 X55.713 Y29.594 E.47138
G1 X56.286 Y29.594 E.01546
G1 X68.639 Y17.242 E.4714
G1 X69.213 Y17.242 E.01549
G1 X56.86 Y29.594 E.4714
G1 X57.434 Y29.594 E.01549
G1 X69.786 Y17.242 E.47138
G1 X70.36 Y17.242 E.01549
G1 X58.007 Y29.594 E.4714
G1 X58.581 Y29.594 E.01549
G1 X70.934 Y17.242 E.4714
G1 X71.507 Y17.242 E.01546
G1 X59.155 Y29.594 E.47138
G1 X59.728 Y29.594 E.01546
G1 X72.081 Y17.242 E.4714
G1 X72.655 Y17.242 E.01549
G1 X60.302 Y29.594 E.4714
G1 X60.876 Y29.594 E.01549
G1 X73.228 Y17.242 E.47138
G1 X73.802 Y17.242 E.01549
G1 X61.449 Y29.594 E.4714
G1 X62.023 Y29.594 E.01549
G1 X74.376 Y17.242 E.4714
G1 X74.903 Y17.133 E.01452
;WIDTH:0.374336
G1 X74.832 Y17.114 E.00166
G1 X74.851 Y17.185 E.00166
G1 X74.892 Y17.174 E.00096
;WIDTH:0.407168
G1 X74.828 Y17.3 E.0035
;WIDTH:0.439999
G1 X74.765 Y17.426 E.0038
G1 X62.597 Y29.594 E.46436
G1 X63.171 Y29.594 E.01549
G1 X74.765 Y18 E.44245
G1 X74.765 Y18.574 E.01549
G1 X63.744 Y29.594 E.42057
G1 X64.318 Y29.594 E.01549
G1 X74.765 Y19.147 E.39868
G1 X74.765 Y19.721 E.01549
G1 X64.892 Y29.594 E.37678
G1 X65.465 Y29.594 E.01546
G1 X74.765 Y20.295 E.35489
G1 X74.765 Y20.869 E.01549
G1 X66.039 Y29.594 E.33299
G1 X66.613 Y29.594 E.01549
G1 X74.765 Y21.442 E.3111
G1 X74.765 Y22.016 E.01549
G1 X67.186 Y29.594 E.28921
G1 X67.76 Y29.594 E.01549
G1 X74.765 Y22.59 E.26731
G1 X74.765 Y23.163 E.01546
G1 X68.334 Y29.594 E.24542
G1 X68.908 Y29.594 E.01549
G1 X74.765 Y23.737 E.22352
G1 X74.765 Y24.311 E.01549
G1 X69.481 Y29.594 E.20163
G1 X70.055 Y29.594 E.01549
G1 X74.765 Y24.884 E.17974
G1 X74.765 Y25.458 E.01549
G1 X70.629 Y29.594 E.15784
G1 X71.202 Y29.594 E.01546
G1 X74.765 Y26.032 E.13595
G1 X74.765 Y26.606 E.01549
G1 X71.776 Y29.594 E.11405
G1 X72.35 Y29.594 E.01549
G1 X74.765 Y27.179 E.09216
G1 X74.765 Y27.753 E.01549
G1 X72.923 Y29.594 E.07028
G1 X72.866 Y29.675 E.00267
;WIDTH:0.407168
G1 X72.809 Y29.756 E.00246
;WIDTH:0.374336
G1 X72.738 Y29.737 E.00166
G1 X72.757 Y29.808 E.00166
G1 X72.798 Y29.797 E.00096
G1 E-3.5
;WIPE_START
G1 F7200
G1 X72.757 Y29.808 E-.02016
G1 X72.738 Y29.737 E-.03491
G1 X72.809 Y29.756 E-.03491
G1 X72.866 Y29.675 E-.04705
G1 X72.923 Y29.594 E-.04705
G1 X74.765 Y27.753 E-1.23703
G1 X74.765 Y27.587 E-.07889
;WIPE_END
G1 X74.621 Y28.47 F9000
G1 E5 F2400
;WIDTH:0.439999
G1 F3600
G1 X73.497 Y29.594 E.04289
G1 X74.765 Y29.594 E.03422
G1 X74.765 Y28.327 E.03419
;LAYER_CHANGE
;Z:0.52
;HEIGHT:0.16
;BEFORE_LAYER_CHANGE
G92 E0
;0.52


G1 E-3.5 F3600
;WIPE_START
G1 F7200
G1 X74.765 Y29.594 E-.60182
G1 X73.497 Y29.594 E-.6023
G1 X73.938 Y29.154 E-.29588
;WIPE_END
G1 Z.52 F9000
;AFTER_LAYER_CHANGE
;0.52
G1 X75.077 Y29.907
G1 E5 F2400
;TYPE:Perimeter
G1 F3600
G1 X17.1 Y29.907 E1.5645
G1 X17.1 Y16.929 E.35021
G1 X75.077 Y16.929 E1.5645
G1 X75.077 Y29.847 E.34859
G1 X75.483 Y30.312 F9000
G1 F3600
G1 X16.694 Y30.312 E1.58641
G1 X16.694 Y16.524 E.37207
G1 X75.483 Y16.524 E1.58641
G1 X75.483 Y30.252 E.37045
G1 X75.878 Y30.708 F9000
;TYPE:External perimeter
;WIDTH:0.419999
G1 F1800
G1 X16.298 Y30.708 E1.52849
G1 X16.298 Y16.128 E.37404
G1 X75.878 Y16.128 E1.52849
G1 X75.878 Y30.648 E.3725
G1 E-3.5 F3600
;WIPE_START
G1 F7200
G1 X75.878 Y30.708 E-.0285
G1 X72.78 Y30.708 E-1.4715
;WIPE_END
G1 X17.445 Y29.484 F9000
G1 E5 F2400
;TYPE:Solid infill
;WIDTH:0.538422
G1 F3600
G1 X17.4 Y29.529 E.00213
G1 X17.417 Y29.59 E.00212
G1 X17.478 Y29.606 E.00211
G1 X17.522 Y29.561 E.00211
G1 X17.506 Y29.5 E.00211
;WIDTH:0.439999
G1 X17.412 Y28.852 E.01767
G1 X18.226 Y29.66 E.03095
;WIDTH:0.407168
G1 X18.299 Y29.726 E.00244
;WIDTH:0.374336
G1 X18.279 Y29.797 E.00167
G1 X18.351 Y29.778 E.00168
G1 X18.34 Y29.737 E.00096
;WIDTH:0.439999
G1 X18.727 Y29.594 E.01113
G1 X17.412 Y28.279 E.05018
G1 X17.412 Y27.705 E.01549
G1 X19.301 Y29.594 E.07209
G1 X19.875 Y29.594 E.01549
G1 X17.412 Y27.131 E.09399
G1 X17.412 Y26.558 E.01546
G1 X20.449 Y29.594 E.11588
G1 X21.022 Y29.594 E.01546
G1 X17.412 Y25.984 E.13777
G1 X17.412 Y25.41 E.01549
G1 X21.596 Y29.594 E.15967
G1 X22.17 Y29.594 E.01549
G1 X17.412 Y24.837 E.18156
G1 X17.412 Y24.263 E.01549
G1 X22.743 Y29.594 E.20344
G1 X23.317 Y29.594 E.01549
G1 X17.412 Y23.689 E.22535
G1 X17.412 Y23.116 E.01546
G1 X23.891 Y29.594 E.24723
G1 X24.464 Y29.594 E.01546
G1 X17.412 Y22.542 E.26912
G1 X17.412 Y21.968 E.01549
G1 X25.038 Y29.594 E.29103
G1 X25.612 Y29.594 E.01549
G1 X17.412 Y21.394 E.31293
G1 X17.412 Y20.821 E.01546
G1 X26.186 Y29.594 E.33482
G1 X26.759 Y29.594 E.01546
G1 X17.412 Y20.247 E.3567
G1 X17.412 Y19.673 E.01549
G1 X27.333 Y29.594 E.37861
G1 X27.907 Y29.594 E.01549
G1 X17.412 Y19.1 E.40049
G1 X17.412 Y18.526 E.01549
G1 X28.48 Y29.594 E.42238
G1 X29.054 Y29.594 E.01549
G1 X17.412 Y17.952 E.44429
G1 X17.412 Y17.379 E.01546
G1 X29.628 Y29.594 E.46617
G1 X30.201 Y29.594 E.01546
G1 X17.849 Y17.242 E.47138
G1 X18.422 Y17.242 E.01546
G1 X30.775 Y29.594 E.4714
G1 X31.349 Y29.594 E.01549
G1 X18.996 Y17.242 E.4714
G1 X19.57 Y17.242 E.01549
G1 X31.922 Y29.594 E.47138
G1 X32.496 Y29.594 E.01549
G1 X20.144 Y17.242 E.47138
G1 X20.717 Y17.242 E.01546
G1 X33.07 Y29.594 E.4714
G1 X33.644 Y29.594 E.01549
G1 X21.291 Y17.242 E.4714
G1 X21.865 Y17.242 E.01549
G1 X34.217 Y29.594 E.47138
G1 X34.791 Y29.594 E.01549
G1 X22.438 Y17.242 E.4714
G1 X23.012 Y17.242 E.01549
G1 X35.365 Y29.594 E.4714
G1 X35.938 Y29.594 E.01546
G1 X23.586 Y17.242 E.47138
G1 X24.159 Y17.242 E.01546
G1 X36.512 Y29.594 E.4714
G1 X37.086 Y29.594 E.01549
G1 X24.733 Y17.242 E.4714
G1 X25.307 Y17.242 E.01549
G1 X37.659 Y29.594 E.47138
G1 X38.233 Y29.594 E.01549
G1 X25.88 Y17.242 E.4714
G1 X26.454 Y17.242 E.01549
G1 X38.807 Y29.594 E.4714
G1 X39.38 Y29.594 E.01546
G1 X27.028 Y17.242 E.47138
G1 X27.602 Y17.242 E.01549
G1 X39.954 Y29.594 E.47138
G1 X40.528 Y29.594 E.01549
G1 X28.175 Y17.242 E.4714
G1 X28.749 Y17.242 E.01549
G1 X41.102 Y29.594 E.4714
G1 X41.675 Y29.594 E.01546
G1 X29.323 Y17.242 E.47138
G1 X29.896 Y17.242 E.01546
G1 X42.249 Y29.594 E.4714
G1 X42.823 Y29.594 E.01549
G1 X30.47 Y17.242 E.4714
G1 X31.044 Y17.242 E.01549
G1 X43.396 Y29.594 E.47138
G1 X43.97 Y29.594 E.01549
G1 X31.617 Y17.242 E.4714
G1 X32.191 Y17.242 E.01549
G1 X44.544 Y29.594 E.4714
G1 X45.117 Y29.594 E.01546
G1 X32.765 Y17.242 E.47138
G1 X33.338 Y17.242 E.01546
G1 X45.691 Y29.594 E.4714
G1 X46.265 Y29.594 E.01549
G1 X33.912 Y17.242 E.4714
G1 X34.486 Y17.242 E.01549
G1 X46.838 Y29.594 E.47138
G1 X47.412 Y29.594 E.01549
G1 X35.06 Y17.242 E.47138
G1 X35.633 Y17.242 E.01546
G1 X47.986 Y29.594 E.4714
G1 X48.56 Y29.594 E.01549
G1 X36.207 Y17.242 E.4714
G1 X36.781 Y17.242 E.01549
G1 X49.133 Y29.594 E.47138
G1 X49.707 Y29.594 E.01549
G1 X37.354 Y17.242 E.4714
G1 X37.928 Y17.242 E.01549
G1 X50.281 Y29.594 E.4714
G1 X50.854 Y29.594 E.01546
G1 X38.502 Y17.242 E.47138
G1 X39.075 Y17.242 E.01546
G1 X51.428 Y29.594 E.4714
G1 X52.002 Y29.594 E.01549
G1 X39.649 Y17.242 E.4714
G1 X40.223 Y17.242 E.01549
G1 X52.575 Y29.594 E.47138
G1 X53.149 Y29.594 E.01549
G1 X40.797 Y17.242 E.47138
G1 X41.37 Y17.242 E.01546
G1 X53.723 Y29.594 E.4714
G1 X54.297 Y29.594 E.01549
G1 X41.944 Y17.242 E.4714
G1 X42.518 Y17.242 E.01549
G1 X54.87 Y29.594 E.47138
G1 X55.444 Y29.594 E.01549
G1 X43.091 Y17.242 E.4714
G1 X43.665 Y17.242 E.01549
G1 X56.018 Y29.594 E.4714
G1 X56.591 Y29.594 E.01546
G1 X44.239 Y17.242 E.47138
G1 X44.812 Y17.242 E.01546
G1 X57.165 Y29.594 E.4714
G1 X57.739 Y29.594 E.01549
G1 X45.386 Y17.242 E.4714
G1 X45.96 Y17.242 E.01549
G1 X58.312 Y29.594 E.47138
G1 X58.886 Y29.594 E.01549
G1 X46.533 Y17.242 E.4714
G1 X47.107 Y17.242 E.01549
G1 X59.46 Y29.594 E.4714
G1 X60.033 Y29.594 E.01546
G1 X47.681 Y17.242 E.47138
G1 X48.255 Y17.242 E.01549
G1 X60.607 Y29.594 E.47138
G1 X61.181 Y29.594 E.01549
G1 X48.828 Y17.242 E.4714
G1 X49.402 Y17.242 E.01549
G1 X61.755 Y29.594 E.4714
G1 X62.328 Y29.594 E.01546
G1 X49.976 Y17.242 E.47138
G1 X50.549 Y17.242 E.01546
G1 X62.902 Y29.594 E.4714
G1 X63.476 Y29.594 E.01549
G1 X51.123 Y17.242 E.4714
G1 X51.697 Y17.242 E.01549
G1 X64.049 Y29.594 E.47138
G1 X64.623 Y29.594 E.01549
G1 X52.27 Y17.242 E.4714
G1 X52.844 Y17.242 E.01549
G1 X65.197 Y29.594 E.4714
G1 X65.77 Y29.594 E.01546
G1 X53.418 Y17.242 E.47138
G1 X53.991 Y17.242 E.01546
G1 X66.344 Y29.594 E.4714
G1 X66.918 Y29.594 E.01549
G1 X54.565 Y17.242 E.4714
G1 X55.139 Y17.242 E.01549
G1 X67.491 Y29.594 E.47138
G1 X68.065 Y29.594 E.01549
G1 X55.713 Y17.242 E.47138
G1 X56.286 Y17.242 E.01546
G1 X68.639 Y29.594 E.4714
G1 X69.213 Y29.594 E.01549
G1 X56.86 Y17.242 E.4714
G1 X57.434 Y17.242 E.01549
G1 X69.786 Y29.594 E.47138
G1 X70.36 Y29.594 E.01549
G1 X58.007 Y17.242 E.4714
G1 X58.581 Y17.242 E.01549
G1 X70.934 Y29.594 E.4714
G1 X71.507 Y29.594 E.01546
G1 X59.155 Y17.242 E.47138
G1 X59.728 Y17.242 E.01546
G1 X72.081 Y29.594 E.4714
G1 X72.655 Y29.594 E.01549
G1 X60.302 Y17.242 E.4714
G1 X60.876 Y17.242 E.01549
G1 X73.228 Y29.594 E.47138
G1 X73.802 Y29.594 E.01549
G1 X61.449 Y17.242 E.4714
G1 X62.023 Y17.242 E.01549
G1 X74.376 Y29.594 E.4714
G1 X74.892 Y29.661 E.01404
;WIDTH:0.374336
G1 X74.903 Y29.703 E.00098
G1 X74.832 Y29.722 E.00166
G1 X74.851 Y29.65 E.00168
;WIDTH:0.407168
G1 X74.808 Y29.53 E.00316
;WIDTH:0.439999
G1 X74.765 Y29.409 E.00347
G1 X62.597 Y17.242 E.46434
G1 X63.171 Y17.242 E.01549
G1 X74.765 Y28.836 E.44245
G1 X74.765 Y28.262 E.01549
G1 X63.744 Y17.242 E.42057
G1 X64.318 Y17.242 E.01549
G1 X74.765 Y27.688 E.39866
G1 X74.765 Y27.115 E.01546
G1 X64.892 Y17.242 E.37678
G1 X65.465 Y17.242 E.01546
G1 X74.765 Y26.541 E.35489
G1 X74.765 Y25.967 E.01549
G1 X66.039 Y17.242 E.33299
G1 X66.613 Y17.242 E.01549
G1 X74.765 Y25.394 E.3111
G1 X74.765 Y24.82 E.01549
G1 X67.186 Y17.242 E.28921
G1 X67.76 Y17.242 E.01549
G1 X74.765 Y24.246 E.26731
G1 X74.765 Y23.672 E.01549
G1 X68.334 Y17.242 E.2454
G1 X68.908 Y17.242 E.01549
G1 X74.765 Y23.099 E.22352
G1 X74.765 Y22.525 E.01549
G1 X69.481 Y17.242 E.20163
G1 X70.055 Y17.242 E.01549
G1 X74.765 Y21.951 E.17973
G1 X74.765 Y21.378 E.01546
G1 X70.629 Y17.242 E.15784
G1 X71.202 Y17.242 E.01546
G1 X74.765 Y20.804 E.13595
G1 X74.765 Y20.23 E.01549
G1 X71.776 Y17.242 E.11405
G1 X72.35 Y17.242 E.01549
G1 X74.765 Y19.657 E.09216
G1 X74.968 Y19.209 E.01327
;WIDTH:0.374336
G1 X74.979 Y19.25 E.00096
G1 X74.908 Y19.269 E.00166
G1 X74.927 Y19.198 E.00166
;WIDTH:0.407168
G1 X74.846 Y19.14 E.00247
;WIDTH:0.439999
G1 X74.765 Y19.083 E.00267
G1 X72.923 Y17.242 E.07028
G1 X74.765 Y17.242 E.04971
G1 X74.765 Y18.509 E.03419
G1 X73.641 Y17.385 E.04289
;LAYER_CHANGE
;Z:0.68
;HEIGHT:0.16
;BEFORE_LAYER_CHANGE
G92 E0
;0.68


G1 E-3.5 F3600
;WIPE_START
G1 F7200
G1 X74.765 Y18.509 E-.75505
G1 X74.765 Y17.242 E-.60182
G1 X74.464 Y17.242 E-.14313
;WIPE_END
G1 Z.68 F9000
;AFTER_LAYER_CHANGE
;0.68
G1 X75.077 Y16.929
G1 E5 F2400
;TYPE:Perimeter
G1 F3600
G1 X75.077 Y29.907 E.35021
G1 X17.1 Y29.907 E1.5645
G1 X17.1 Y16.929 E.35021
G1 X75.017 Y16.929 E1.56288
G1 X75.483 Y16.524 F9000
G1 F3600
G1 X75.483 Y30.312 E.37207
G1 X16.694 Y30.312 E1.58641
G1 X16.694 Y16.524 E.37207
G1 X75.423 Y16.524 E1.58479
G1 X75.878 Y16.128 F9000
;TYPE:External perimeter
;WIDTH:0.419999
G1 F1800
G1 X75.878 Y30.708 E.37404
G1 X16.298 Y30.708 E1.52849
G1 X16.298 Y16.128 E.37404
G1 X75.818 Y16.128 E1.52695
G1 E-3.5 F3600
;WIPE_START
G1 F7200
G1 X75.878 Y16.128 E-.0285
G1 X75.878 Y19.226 E-1.4715
;WIPE_END
G1 X17.522 Y17.274 F9000
G1 E5 F2400
;TYPE:Solid infill
;WIDTH:0.538422
G1 F3600
G1 X17.478 Y17.23 E.00209
G1 X17.417 Y17.246 E.00211
G1 X17.4 Y17.307 E.00212
G1 X17.445 Y17.352 E.00213
G1 X17.506 Y17.335 E.00212
;WIDTH:0.439999
G1 X17.412 Y17.983 E.01767
G1 X18.154 Y17.242 E.0283
G1 X18.727 Y17.242 E.01546
G1 X17.412 Y18.557 E.05018
G1 X17.412 Y19.131 E.01549
G1 X19.301 Y17.242 E.07209
G1 X19.875 Y17.242 E.01549
G1 X17.412 Y19.704 E.09397
G1 X17.412 Y20.278 E.01549
G1 X20.449 Y17.242 E.11588
G1 X21.022 Y17.242 E.01546
G1 X17.412 Y20.852 E.13777
G1 X17.412 Y21.425 E.01546
G1 X21.596 Y17.242 E.15965
G1 X22.17 Y17.242 E.01549
G1 X17.412 Y21.999 E.18156
G1 X17.412 Y22.573 E.01549
G1 X22.743 Y17.242 E.20344
G1 X23.317 Y17.242 E.01549
G1 X17.412 Y23.147 E.22535
G1 X17.412 Y23.72 E.01546
G1 X23.891 Y17.242 E.24723
G1 X24.464 Y17.242 E.01546
G1 X17.412 Y24.294 E.26912
G1 X17.412 Y24.868 E.01549
G1 X25.038 Y17.242 E.29103
G1 X25.612 Y17.242 E.01549
G1 X17.412 Y25.441 E.31291
G1 X17.412 Y26.015 E.01549
G1 X26.186 Y17.242 E.33482
G1 X26.759 Y17.242 E.01546
G1 X17.412 Y26.589 E.3567
G1 X17.412 Y27.162 E.01546
G1 X27.333 Y17.242 E.37859
G1 X27.907 Y17.242 E.01549
G1 X17.412 Y27.736 E.40049
G1 X17.412 Y28.31 E.01549
G1 X28.48 Y17.242 E.42238
G1 X29.054 Y17.242 E.01549
G1 X17.412 Y28.884 E.44429
G1 X17.33 Y29.736 F9000
;WIDTH:0.374336
G1 F3600
G1 X17.289 Y29.747 E.00096
G1 X17.27 Y29.676 E.00166
G1 X17.341 Y29.695 E.00166
;WIDTH:0.407168
G1 X17.377 Y29.576 E.00308
;WIDTH:0.439999
G1 X17.412 Y29.457 E.00335
G1 X29.628 Y17.242 E.46617
G1 X30.201 Y17.242 E.01546
G1 X17.849 Y29.594 E.47138
G1 X18.422 Y29.594 E.01546
G1 X30.775 Y17.242 E.4714
G1 X31.349 Y17.242 E.01549
G1 X18.996 Y29.594 E.4714
G1 X19.57 Y29.594 E.01549
G1 X31.922 Y17.242 E.47138
G1 X32.496 Y17.242 E.01549
G1 X20.144 Y29.594 E.47138
G1 X20.717 Y29.594 E.01546
G1 X33.07 Y17.242 E.4714
G1 X33.644 Y17.242 E.01549
G1 X21.291 Y29.594 E.4714
G1 X21.865 Y29.594 E.01549
G1 X34.217 Y17.242 E.47138
G1 X34.791 Y17.242 E.01549
G1 X22.438 Y29.594 E.4714
G1 X23.012 Y29.594 E.01549
G1 X35.365 Y17.242 E.4714
G1 X35.938 Y17.242 E.01546
G1 X23.586 Y29.594 E.47138
G1 X24.159 Y29.594 E.01546
G1 X36.512 Y17.242 E.4714
G1 X37.086 Y17.242 E.01549
G1 X24.733 Y29.594 E.4714
G1 X25.307 Y29.594 E.01549
G1 X37.659 Y17.242 E.47138
G1 X38.233 Y17.242 E.01549
G1 X25.88 Y29.594 E.4714
G1 X26.454 Y29.594 E.01549
G1 X38.807 Y17.242 E.4714
G1 X39.38 Y17.242 E.01546
G1 X27.028 Y29.594 E.47138
G1 X27.602 Y29.594 E.01549
G1 X39.954 Y17.242 E.47138
G1 X40.528 Y17.242 E.01549
G1 X28.175 Y29.594 E.4714
G1 X28.749 Y29.594 E.01549
G1 X41.102 Y17.242 E.4714
G1 X41.675 Y17.242 E.01546
G1 X29.323 Y29.594 E.47138
G1 X29.896 Y29.594 E.01546
G1 X42.249 Y17.242 E.4714
G1 X42.823 Y17.242 E.01549
G1 X30.47 Y29.594 E.4714
G1 X31.044 Y29.594 E.01549
G1 X43.396 Y17.242 E.47138
G1 X43.97 Y17.242 E.01549
G1 X31.617 Y29.594 E.4714
G1 X32.191 Y29.594 E.01549
G1 X44.544 Y17.242 E.4714
G1 X45.117 Y17.242 E.01546
G1 X32.765 Y29.594 E.47138
G1 X33.338 Y29.594 E.01546
G1 X45.691 Y17.242 E.4714
G1 X46.265 Y17.242 E.01549
G1 X33.912 Y29.594 E.4714
G1 X34.486 Y29.594 E.01549
G1 X46.839 Y17.242 E.4714
G1 X47.412 Y17.242 E.01546
G1 X35.06 Y29.594 E.47138
G1 X35.633 Y29.594 E.01546
G1 X47.986 Y17.242 E.4714
G1 X48.56 Y17.242 E.01549
G1 X36.207 Y29.594 E.4714
G1 X36.781 Y29.594 E.01549
G1 X49.133 Y17.242 E.47138
G1 X49.707 Y17.242 E.01549
G1 X37.354 Y29.594 E.4714
G1 X37.928 Y29.594 E.01549
G1 X50.281 Y17.242 E.4714
G1 X50.854 Y17.242 E.01546
G1 X38.502 Y29.594 E.47138
G1 X39.075 Y29.594 E.01546
G1 X51.428 Y17.242 E.4714
G1 X52.002 Y17.242 E.01549
G1 X39.649 Y29.594 E.4714
G1 X40.223 Y29.594 E.01549
G1 X52.575 Y17.242 E.47138
G1 X53.149 Y17.242 E.01549
G1 X40.797 Y29.594 E.47138
G1 X41.37 Y29.594 E.01546
G1 X53.723 Y17.242 E.4714
G1 X54.297 Y17.242 E.01549
G1 X41.944 Y29.594 E.4714
G1 X42.518 Y29.594 E.01549
G1 X54.87 Y17.242 E.47138
G1 X55.444 Y17.242 E.01549
G1 X43.091 Y29.594 E.4714
G1 X43.665 Y29.594 E.01549
G1 X56.018 Y17.242 E.4714
G1 X56.591 Y17.242 E.01546
G1 X44.239 Y29.594 E.47138
G1 X44.812 Y29.594 E.01546
G1 X57.165 Y17.242 E.4714
G1 X57.739 Y17.242 E.01549
G1 X45.386 Y29.594 E.4714
G1 X45.96 Y29.594 E.01549
G1 X58.312 Y17.242 E.47138
G1 X58.886 Y17.242 E.01549
G1 X46.533 Y29.594 E.4714
G1 X47.107 Y29.594 E.01549
G1 X59.46 Y17.242 E.4714
G1 X60.033 Y17.242 E.01546
G1 X47.681 Y29.594 E.47138
G1 X48.255 Y29.594 E.01549
G1 X60.607 Y17.242 E.47138
G1 X61.181 Y17.242 E.01549
G1 X48.828 Y29.594 E.4714
G1 X49.402 Y29.594 E.01549
G1 X61.755 Y17.242 E.4714
G1 X62.328 Y17.242 E.01546
G1 X49.976 Y29.594 E.47138
G1 X50.549 Y29.594 E.01546
G1 X62.902 Y17.242 E.4714
G1 X63.476 Y17.242 E.01549
G1 X51.123 Y29.594 E.4714
G1 X51.697 Y29.594 E.01549
G1 X64.049 Y17.242 E.47138
G1 X64.623 Y17.242 E.01549
G1 X52.27 Y29.594 E.4714
G1 X52.844 Y29.594 E.01549
G1 X65.197 Y17.242 E.4714
G1 X65.77 Y17.242 E.01546
G1 X53.418 Y29.594 E.47138
G1 X53.991 Y29.594 E.01546
G1 X66.344 Y17.242 E.4714
G1 X66.918 Y17.242 E.01549
G1 X54.565 Y29.594 E.4714
G1 X55.139 Y29.594 E.01549
G1 X67.491 Y17.242 E.47138
G1 X68.065 Y17.242 E.01549
G1 X55.713 Y29.594 E.47138
G1 X56.286 Y29.594 E.01546
G1 X68.639 Y17.242 E.4714
G1 X69.213 Y17.242 E.01549
G1 X56.86 Y29.594 E.4714
G1 X57.434 Y29.594 E.01549
G1 X69.786 Y17.242 E.47138
G1 X70.36 Y17.242 E.01549
G1 X58.007 Y29.594 E.4714
G1 X58.581 Y29.594 E.01549
G1 X70.934 Y17.242 E.4714
G1 X71.507 Y17.242 E.01546
G1 X59.155 Y29.594 E.47138
G1 X59.728 Y29.594 E.01546
G1 X72.081 Y17.242 E.4714
G1 X72.655 Y17.242 E.01549
G1 X60.302 Y29.594 E.4714
G1 X60.876 Y29.594 E.01549
G1 X73.228 Y17.242 E.47138
G1 X73.802 Y17.242 E.01549
G1 X61.449 Y29.594 E.4714
G1 X62.023 Y29.594 E.01549
G1 X74.376 Y17.242 E.4714
G1 X74.903 Y17.133 E.01452
;WIDTH:0.374336
G1 X74.832 Y17.114 E.00166
G1 X74.851 Y17.185 E.00166
G1 X74.892 Y17.174 E.00096
;WIDTH:0.407168
G1 X74.828 Y17.3 E.0035
;WIDTH:0.439999
G1 X74.765 Y17.426 E.0038
G1 X62.597 Y29.594 E.46436
G1 X63.171 Y29.594 E.01549
G1 X74.765 Y18 E.44245
G1 X74.765 Y18.574 E.01549
G1 X63.744 Y29.594 E.42057
G1 X64.318 Y29.594 E.01549
G1 X74.765 Y19.147 E.39868
G1 X74.765 Y19.721 E.01549
G1 X64.892 Y29.594 E.37678
G1 X65.465 Y29.594 E.01546
G1 X74.765 Y20.295 E.35489
G1 X74.765 Y20.869 E.01549
G1 X66.039 Y29.594 E.33299
G1 X66.613 Y29.594 E.01549
G1 X74.765 Y21.442 E.3111
G1 X74.765 Y22.016 E.01549
G1 X67.186 Y29.594 E.28921
G1 X67.76 Y29.594 E.01549
G1 X74.765 Y22.59 E.26731
G1 X74.765 Y23.163 E.01546
G1 X68.334 Y29.594 E.24542
G1 X68.908 Y29.594 E.01549
G1 X74.765 Y23.737 E.22352
G1 X74.765 Y24.311 E.01549
G1 X69.481 Y29.594 E.20163
G1 X70.055 Y29.594 E.01549
G1 X74.765 Y24.884 E.17974
G1 X74.765 Y25.458 E.01549
G1 X70.629 Y29.594 E.15784
G1 X71.202 Y29.594 E.01546
G1 X74.765 Y26.032 E.13595
G1 X74.765 Y26.606 E.01549
G1 X71.776 Y29.594 E.11405
G1 X72.35 Y29.594 E.01549
G1 X74.765 Y27.179 E.09216
G1 X74.765 Y27.753 E.01549
G1 X72.923 Y29.594 E.07028
G1 X72.866 Y29.675 E.00267
;WIDTH:0.407168
G1 X72.809 Y29.756 E.00246
;WIDTH:0.374336
G1 X72.738 Y29.737 E.00166
G1 X72.757 Y29.808 E.00166
G1 X72.798 Y29.797 E.00096
G1 E-3.5
;WIPE_START
G1 F7200
G1 X72.757 Y29.808 E-.02016
G1 X72.738 Y29.737 E-.03491
G1 X72.809 Y29.756 E-.03491
G1 X72.866 Y29.675 E-.04705
G1 X72.923 Y29.594 E-.04705
G1 X74.765 Y27.753 E-1.23703
G1 X74.765 Y27.587 E-.07889
;WIPE_END
G1 X74.621 Y28.47 F9000
G1 E5 F2400
;WIDTH:0.439999
G1 F3600
G1 X73.497 Y29.594 E.04289
G1 X74.765 Y29.594 E.03422
G1 X74.765 Y28.327 E.03419
;LAYER_CHANGE
;Z:0.84
;HEIGHT:0.16
;BEFORE_LAYER_CHANGE
G92 E0
;0.84


G1 E-3.5 F3600
;WIPE_START
G1 F7200
G1 X74.765 Y29.594 E-.60182
G1 X73.497 Y29.594 E-.6023
G1 X73.938 Y29.154 E-.29588
;WIPE_END
G1 Z.84 F9000
;AFTER_LAYER_CHANGE
;0.84
G1 X75.077 Y29.907
G1 E5 F2400
;TYPE:Perimeter
G1 F3600
G1 X17.1 Y29.907 E1.5645
G1 X17.1 Y16.929 E.35021
G1 X75.077 Y16.929 E1.5645
G1 X75.077 Y29.847 E.34859
G1 X75.483 Y30.312 F9000
G1 F3600
G1 X16.694 Y30.312 E1.58641
G1 X16.694 Y16.524 E.37207
G1 X75.483 Y16.524 E1.58641
G1 X75.483 Y30.252 E.37045
G1 X75.878 Y30.708 F9000
;TYPE:External perimeter
;WIDTH:0.419999
G1 F1800
G1 X16.298 Y30.708 E1.52849
G1 X16.298 Y16.128 E.37404
G1 X75.878 Y16.128 E1.52849
G1 X75.878 Y30.648 E.3725
G1 E-3.5 F3600
;WIPE_START
G1 F7200
G1 X75.878 Y30.708 E-.0285
G1 X72.78 Y30.708 E-1.4715
;WIPE_END
G1 X17.445 Y29.484 F9000
G1 E5 F2400
;TYPE:Solid infill
;WIDTH:0.538422
G1 F3600
G1 X17.4 Y29.529 E.00213
G1 X17.417 Y29.59 E.00212
G1 X17.478 Y29.606 E.00211
G1 X17.522 Y29.561 E.00211
G1 X17.506 Y29.5 E.00211
;WIDTH:0.439999
G1 X17.412 Y28.852 E.01767
G1 X18.226 Y29.66 E.03095
;WIDTH:0.407168
G1 X18.299 Y29.726 E.00244
;WIDTH:0.374336
G1 X18.279 Y29.797 E.00167
G1 X18.351 Y29.778 E.00168
G1 X18.34 Y29.737 E.00096
;WIDTH:0.439999
G1 X18.727 Y29.594 E.01113
G1 X17.412 Y28.279 E.05018
G1 X17.412 Y27.705 E.01549
G1 X19.301 Y29.594 E.07209
G1 X19.875 Y29.594 E.01549
G1 X17.412 Y27.131 E.09399
G1 X17.412 Y26.558 E.01546
G1 X20.449 Y29.594 E.11588
G1 X21.022 Y29.594 E.01546
G1 X17.412 Y25.984 E.13777
G1 X17.412 Y25.41 E.01549
G1 X21.596 Y29.594 E.15967
G1 X22.17 Y29.594 E.01549
G1 X17.412 Y24.837 E.18156
G1 X17.412 Y24.263 E.01549
G1 X22.743 Y29.594 E.20344
G1 X23.317 Y29.594 E.01549
G1 X17.412 Y23.689 E.22535
G1 X17.412 Y23.116 E.01546
G1 X23.891 Y29.594 E.24723
G1 X24.464 Y29.594 E.01546
G1 X17.412 Y22.542 E.26912
G1 X17.412 Y21.968 E.01549
G1 X25.038 Y29.594 E.29103
G1 X25.612 Y29.594 E.01549
G1 X17.412 Y21.394 E.31293
G1 X17.412 Y20.821 E.01546
G1 X26.186 Y29.594 E.33482
G1 X26.759 Y29.594 E.01546
G1 X17.412 Y20.247 E.3567
G1 X17.412 Y19.673 E.01549
G1 X27.333 Y29.594 E.37861
G1 X27.907 Y29.594 E.01549
G1 X17.412 Y19.1 E.40049
G1 X17.412 Y18.526 E.01549
G1 X28.48 Y29.594 E.42238
G1 X29.054 Y29.594 E.01549
G1 X17.412 Y17.952 E.44429
G1 X17.412 Y17.379 E.01546
G1 X29.628 Y29.594 E.46617
G1 X30.201 Y29.594 E.01546
G1 X17.849 Y17.242 E.47138
G1 X18.422 Y17.242 E.01546
G1 X30.775 Y29.594 E.4714
G1 X31.349 Y29.594 E.01549
G1 X18.996 Y17.242 E.4714
G1 X19.57 Y17.242 E.01549
G1 X31.922 Y29.594 E.47138
G1 X32.496 Y29.594 E.01549
G1 X20.144 Y17.242 E.47138
G1 X20.717 Y17.242 E.01546
G1 X33.07 Y29.594 E.4714
G1 X33.644 Y29.594 E.01549
G1 X21.291 Y17.242 E.4714
G1 X21.865 Y17.242 E.01549
G1 X34.217 Y29.594 E.47138
G1 X34.791 Y29.594 E.01549
G1 X22.438 Y17.242 E.4714
G1 X23.012 Y17.242 E.01549
G1 X35.365 Y29.594 E.4714
G1 X35.938 Y29.594 E.01546
G1 X23.586 Y17.242 E.47138
G1 X24.159 Y17.242 E.01546
G1 X36.512 Y29.594 E.4714
G1 X37.086 Y29.594 E.01549
G1 X24.733 Y17.242 E.4714
G1 X25.307 Y17.242 E.01549
G1 X37.659 Y29.594 E.47138
G1 X38.233 Y29.594 E.01549
G1 X25.88 Y17.242 E.4714
G1 X26.454 Y17.242 E.01549
G1 X38.807 Y29.594 E.4714
G1 X39.38 Y29.594 E.01546
G1 X27.028 Y17.242 E.47138
G1 X27.602 Y17.242 E.01549
G1 X39.954 Y29.594 E.47138
G1 X40.528 Y29.594 E.01549
G1 X28.175 Y17.242 E.4714
G1 X28.749 Y17.242 E.01549
G1 X41.102 Y29.594 E.4714
G1 X41.675 Y29.594 E.01546
G1 X29.323 Y17.242 E.47138
G1 X29.896 Y17.242 E.01546
G1 X42.249 Y29.594 E.4714
G1 X42.823 Y29.594 E.01549
G1 X30.47 Y17.242 E.4714
G1 X31.044 Y17.242 E.01549
G1 X43.396 Y29.594 E.47138
G1 X43.97 Y29.594 E.01549
G1 X31.617 Y17.242 E.4714
G1 X32.191 Y17.242 E.01549
G1 X44.544 Y29.594 E.4714
G1 X45.117 Y29.594 E.01546
G1 X32.765 Y17.242 E.47138
G1 X33.338 Y17.242 E.01546
G1 X45.691 Y29.594 E.4714
G1 X46.265 Y29.594 E.01549
G1 X33.912 Y17.242 E.4714
G1 X34.486 Y17.242 E.01549
G1 X46.838 Y29.594 E.47138
G1 X47.412 Y29.594 E.01549
G1 X35.06 Y17.242 E.47138
G1 X35.633 Y17.242 E.01546
G1 X47.986 Y29.594 E.4714
G1 X48.56 Y29.594 E.01549
G1 X36.207 Y17.242 E.4714
G1 X36.781 Y17.242 E.01549
G1 X49.133 Y29.594 E.47138
G1 X49.707 Y29.594 E.01549
G1 X37.354 Y17.242 E.4714
G1 X37.928 Y17.242 E.01549
G1 X50.281 Y29.594 E.4714
G1 X50.854 Y29.594 E.01546
G1 X38.502 Y17.242 E.47138
G1 X39.075 Y17.242 E.01546
G1 X51.428 Y29.594 E.4714
G1 X52.002 Y29.594 E.01549
G1 X39.649 Y17.242 E.4714
G1 X40.223 Y17.242 E.01549
G1 X52.575 Y29.594 E.47138
G1 X53.149 Y29.594 E.01549
G1 X40.797 Y17.242 E.47138
G1 X41.37 Y17.242 E.01546
G1 X53.723 Y29.594 E.4714
G1 X54.297 Y29.594 E.01549
G1 X41.944 Y17.242 E.4714
G1 X42.518 Y17.242 E.01549
G1 X54.87 Y29.594 E.47138
G1 X55.444 Y29.594 E.01549
G1 X43.091 Y17.242 E.4714
G1 X43.665 Y17.242 E.01549
G1 X56.018 Y29.594 E.4714
G1 X56.591 Y29.594 E.01546
G1 X44.239 Y17.242 E.47138
G1 X44.812 Y17.242 E.01546
G1 X57.165 Y29.594 E.4714
G1 X57.739 Y29.594 E.01549
G1 X45.386 Y17.242 E.4714
G1 X45.96 Y17.242 E.01549
G1 X58.312 Y29.594 E.47138
G1 X58.886 Y29.594 E.01549
G1 X46.533 Y17.242 E.4714
G1 X47.107 Y17.242 E.01549
G1 X59.46 Y29.594 E.4714
G1 X60.033 Y29.594 E.01546
G1 X47.681 Y17.242 E.47138
G1 X48.255 Y17.242 E.01549
G1 X60.607 Y29.594 E.47138
G1 X61.181 Y29.594 E.01549
G1 X48.828 Y17.242 E.4714
G1 X49.402 Y17.242 E.01549
G1 X61.755 Y29.594 E.4714
G1 X62.328 Y29.594 E.01546
G1 X49.976 Y17.242 E.47138
G1 X50.549 Y17.242 E.01546
G1 X62.902 Y29.594 E.4714
G1 X63.476 Y29.594 E.01549
G1 X51.123 Y17.242 E.4714
G1 X51.697 Y17.242 E.01549
G1 X64.049 Y29.594 E.47138
G1 X64.623 Y29.594 E.01549
G1 X52.27 Y17.242 E.4714
G1 X52.844 Y17.242 E.01549
G1 X65.197 Y29.594 E.4714
G1 X65.77 Y29.594 E.01546
G1 X53.418 Y17.242 E.47138
G1 X53.991 Y17.242 E.01546
G1 X66.344 Y29.594 E.4714
G1 X66.918 Y29.594 E.01549
G1 X54.565 Y17.242 E.4714
G1 X55.139 Y17.242 E.01549
G1 X67.491 Y29.594 E.47138
G1 X68.065 Y29.594 E.01549
G1 X55.713 Y17.242 E.47138
G1 X56.286 Y17.242 E.01546
G1 X68.639 Y29.594 E.4714
G1 X69.213 Y29.594 E.01549
G1 X56.86 Y17.242 E.4714
G1 X57.434 Y17.242 E.01549
G1 X69.786 Y29.594 E.47138
G1 X70.36 Y29.594 E.01549
G1 X58.007 Y17.242 E.4714
G1 X58.581 Y17.242 E.01549
G1 X70.934 Y29.594 E.4714
G1 X71.507 Y29.594 E.01546
G1 X59.155 Y17.242 E.47138
G1 X59.728 Y17.242 E.01546
G1 X72.081 Y29.594 E.4714
G1 X72.655 Y29.594 E.01549
G1 X60.302 Y17.242 E.4714
G1 X60.876 Y17.242 E.01549
G1 X73.228 Y29.594 E.47138
G1 X73.802 Y29.594 E.01549
G1 X61.449 Y17.242 E.4714
G1 X62.023 Y17.242 E.01549
G1 X74.376 Y29.594 E.4714
G1 X74.892 Y29.661 E.01404
;WIDTH:0.374336
G1 X74.903 Y29.703 E.00098
G1 X74.832 Y29.722 E.00166
G1 X74.851 Y29.65 E.00168
;WIDTH:0.407168
G1 X74.808 Y29.53 E.00316
;WIDTH:0.439999
G1 X74.765 Y29.409 E.00347
G1 X62.597 Y17.242 E.46434
G1 X63.171 Y17.242 E.01549
G1 X74.765 Y28.836 E.44245
G1 X74.765 Y28.262 E.01549
G1 X63.744 Y17.242 E.42057
G1 X64.318 Y17.242 E.01549
G1 X74.765 Y27.688 E.39866
G1 X74.765 Y27.115 E.01546
G1 X64.892 Y17.242 E.37678
G1 X65.465 Y17.242 E.01546
G1 X74.765 Y26.541 E.35489
G1 X74.765 Y25.967 E.01549
G1 X66.039 Y17.242 E.33299
G1 X66.613 Y17.242 E.01549
G1 X74.765 Y25.394 E.3111
G1 X74.765 Y24.82 E.01549
G1 X67.186 Y17.242 E.28921
G1 X67.76 Y17.242 E.01549
G1 X74.765 Y24.246 E.26731
G1 X74.765 Y23.672 E.01549
G1 X68.334 Y17.242 E.2454
G1 X68.908 Y17.242 E.01549
G1 X74.765 Y23.099 E.22352
G1 X74.765 Y22.525 E.01549
G1 X69.481 Y17.242 E.20163
G1 X70.055 Y17.242 E.01549
G1 X74.765 Y21.951 E.17973
G1 X74.765 Y21.378 E.01546
G1 X70.629 Y17.242 E.15784
G1 X71.202 Y17.242 E.01546
G1 X74.765 Y20.804 E.13595
G1 X74.765 Y20.23 E.01549
G1 X71.776 Y17.242 E.11405
G1 X72.35 Y17.242 E.01549
G1 X74.765 Y19.657 E.09216
G1 X74.968 Y19.209 E.01327
;WIDTH:0.374336
G1 X74.979 Y19.25 E.00096
G1 X74.908 Y19.269 E.00166
G1 X74.927 Y19.198 E.00166
;WIDTH:0.407168
G1 X74.846 Y19.14 E.00247
;WIDTH:0.439999
G1 X74.765 Y19.083 E.00267
G1 X72.923 Y17.242 E.07028
G1 X74.765 Y17.242 E.04971
G1 X74.765 Y18.509 E.03419
G1 X73.641 Y17.385 E.04289
;LAYER_CHANGE
;Z:1
;HEIGHT:0.16
;BEFORE_LAYER_CHANGE
G92 E0
;1


G1 E-3.5 F3600
;WIPE_START
G1 F7200
G1 X74.765 Y18.509 E-.75505
G1 X74.765 Y17.242 E-.60182
G1 X74.464 Y17.242 E-.14313
;WIPE_END
G1 Z1 F9000
;AFTER_LAYER_CHANGE
;1
G1 X75.077 Y16.929
G1 E5 F2400
;TYPE:Perimeter
G1 F2982
G1 X75.077 Y29.907 E.35021
G1 X17.1 Y29.907 E1.5645
G1 X17.1 Y16.929 E.35021
G1 X75.017 Y16.929 E1.56288
G1 X75.483 Y16.524 F9000
G1 F2982
G1 X75.483 Y30.312 E.37207
G1 X16.694 Y30.312 E1.58641
G1 X16.694 Y16.524 E.37207
G1 X75.423 Y16.524 E1.58479
G1 X75.878 Y16.128 F9000
;TYPE:External perimeter
;WIDTH:0.419999
G1 F1800
G1 X75.878 Y30.708 E.37404
G1 X16.298 Y30.708 E1.52849
G1 X16.298 Y16.128 E.37404
G1 X75.818 Y16.128 E1.52695
G1 E-3.5 F3600
;WIPE_START
G1 F7200
G1 X75.878 Y16.128 E-.0285
G1 X75.878 Y19.226 E-1.4715
;WIPE_END
G1 X74.765 Y22.905 F9000
G1 E5 F2400
;TYPE:Internal infill
;WIDTH:0.44
G1 F2982
G1 X74.765 Y25.339 E.06568
G1 X70.509 Y29.594 E.1624
G1 X67.563 Y29.594 E.0795
G1 X55.211 Y17.242 E.47138
G1 X52.265 Y17.242 E.0795
G1 X44.997 Y24.509 E.27734
G1 X47.179 Y24.509 E.05888
G1 X39.912 Y17.242 E.27733
G1 X36.966 Y17.242 E.0795
G1 X24.614 Y29.594 E.47138
G1 X21.668 Y29.594 E.0795
G1 X17.412 Y25.339 E.1624
G1 X17.412 Y29.146 E.10273
G1 X29.317 Y17.242 E.4543
G1 X32.263 Y17.242 E.0795
G1 X43.083 Y28.062 E.41292
G1 X43.083 Y26.423 E.04423
G1 X39.912 Y29.594 E.12101
G1 X36.966 Y29.594 E.0795
G1 X24.614 Y17.242 E.47138
G1 X21.668 Y17.242 E.0795
G1 X17.412 Y21.497 E.1624
G1 X17.412 Y17.689 E.10276
G1 X29.317 Y29.594 E.45432
G1 X32.263 Y29.594 E.0795
G1 X44.615 Y17.242 E.47138
G1 X47.561 Y17.242 E.0795
G1 X59.914 Y29.594 E.4714
G1 X62.86 Y29.594 E.0795
G1 X74.765 Y17.689 E.45432
G1 X74.765 Y21.497 E.10276
G1 X70.509 Y17.242 E.1624
G1 X67.563 Y17.242 E.0795
G1 X55.211 Y29.594 E.47138
G1 X52.265 Y29.594 E.0795
G1 X49.093 Y26.423 E.12103
G1 X49.093 Y28.062 E.04423
G1 X59.914 Y17.242 E.41294
G1 X62.86 Y17.242 E.0795
G1 X74.765 Y29.146 E.4543
G1 X74.765 Y29.594 E.01209
G1 X72.779 Y29.594 E.05359
G1 E-3.5 F3600
;WIPE_START
G1 F7200
G1 X74.765 Y29.594 E-.94335
G1 X74.765 Y29.146 E-.2128
G1 X74.253 Y28.634 E-.34385
;WIPE_END
G1 X48.518 Y25.53 F9000
G1 E5 F2400
;TYPE:Solid infill
;WIDTH:0.639866
G1 F2982
G1 X48.588 Y25.926 E.0162
G1 X48.589 Y29.496 E.1438
G1 X47.507 Y29.779 F9000
;TYPE:Top solid infill
;WIDTH:0.411346
G1 F1800
G1 X48.106 Y29.18 E.02124
G1 X48.106 Y28.647 E.01337
G1 X47.138 Y29.614 E.03431
G1 X46.605 Y29.614 E.01337
G1 X48.106 Y28.114 E.05322
G1 X48.106 Y27.581 E.01337
G1 X46.072 Y29.614 E.07212
G1 X45.539 Y29.614 E.01337
G1 X48.106 Y27.047 E.09104
G1 X48.106 Y26.514 E.01337
G1 X45.006 Y29.614 E.10995
G1 X44.472 Y29.614 E.01339
G1 X48.106 Y25.981 E.12887
G1 X48.094 Y25.751 E.00578
G1 X48.045 Y25.508 E.00622
G1 X44.071 Y29.482 E.14095
G1 X44.071 Y28.949 E.01337
G1 X47.898 Y25.123 E.13571
G1 X47.778 Y24.901 E.00633
G1 X47.593 Y24.895 E.00464
G1 X44.071 Y28.416 E.1249
G1 X44.071 Y27.883 E.01337
G1 X47.059 Y24.895 E.10597
G1 X46.526 Y24.895 E.01337
G1 X44.071 Y27.35 E.08707
G1 X44.071 Y26.817 E.01337
G1 X45.993 Y24.895 E.06817
G1 X45.46 Y24.895 E.01337
G1 X44.071 Y26.283 E.04925
G1 X44.085 Y25.736 E.01372
G1 X45.091 Y24.73 E.03568
G1 X43.756 Y25.302 F9000
;TYPE:Solid infill
;WIDTH:0.572455
G1 F2982
G1 X43.696 Y25.449 E.00568
;WIDTH:0.616914
G1 X43.637 Y25.597 E.00617
;WIDTH:0.635998
G1 X43.587 Y25.924 E.01324
;WIDTH:0.636212
G1 X43.587 Y29.496 E.14301
;LAYER_CHANGE
;Z:1.16
;HEIGHT:0.16
;BEFORE_LAYER_CHANGE
G92 E0
;1.16


G1 E-3.5 F3600
;WIPE_START
G1 F7200
G1 X43.587 Y26.338 E-1.5
;WIPE_END
G1 Z1.16 F9000
;AFTER_LAYER_CHANGE
;1.16
G1 X44.867 Y29.907
G1 E5 F2400
;TYPE:Perimeter
;WIDTH:0.439999
G1 F2964
G1 X17.1 Y29.907 E.74929
G1 X17.1 Y16.929 E.35021
G1 X75.077 Y16.929 E1.5645
G1 X75.077 Y29.907 E.35021
G1 X47.31 Y29.907 E.74929
G1 X47.31 Y25.801 E.1108
G1 X47.212 Y25.471 E.00929
G1 X46.993 Y25.173 E.00998
G1 X46.761 Y25.012 E.00762
G1 X46.471 Y24.919 E.00822
G1 X45.861 Y24.907 E.01646
G1 X45.555 Y24.955 E.00836
G1 X45.291 Y25.086 E.00795
G1 X45.093 Y25.269 E.00728
G1 X44.923 Y25.571 E.00935
G1 X44.867 Y25.901 E.00903
G1 X44.867 Y29.847 E.10648
G1 X45.272 Y30.312 F9000
G1 F2964
G1 X16.694 Y30.312 E.77117
G1 X16.694 Y16.524 E.37207
G1 X75.483 Y16.524 E1.58641
G1 X75.483 Y30.312 E.37207
G1 X46.904 Y30.312 E.7712
G1 X46.904 Y25.794 E.12192
G1 X46.77 Y25.527 E.00806
G1 X46.579 Y25.374 E.0066
G1 X46.316 Y25.312 E.00729
G1 X45.769 Y25.319 E.01476
G1 X45.524 Y25.418 E.00713
G1 X45.33 Y25.646 E.00808
G1 X45.272 Y25.901 E.00706
G1 X45.272 Y30.252 E.11741
G1 X45.668 Y30.708 F9000
;TYPE:External perimeter
;WIDTH:0.419999
G1 F1800
G1 X16.298 Y30.708 E.75347
G1 X16.298 Y16.128 E.37404
G1 X75.878 Y16.128 E1.52849
G1 X75.878 Y30.708 E.37404
G1 X46.509 Y30.708 E.75344
G1 X46.509 Y25.834 E.12504
G1 X46.375 Y25.717 E.00456
G1 X45.861 Y25.708 E.01319
G1 X45.729 Y25.76 E.00364
G1 X45.668 Y25.901 E.00394
G1 X45.668 Y30.648 E.12178
G1 E-3.5 F3600
;WIPE_START
G1 F7200
G1 X45.668 Y30.708 E-.0285
G1 X42.57 Y30.708 E-1.4715
;WIPE_END
G1 X47.622 Y26.162 F9000
G1 E5 F2400
;TYPE:Solid infill
;WIDTH:0.439999
G1 F2964
G1 X47.622 Y29.594 E.09261
G1 X48.965 Y29.594 E.03624
G1 X48.965 Y25.92 E.09914
G1 X48.884 Y25.553 E.01014
G1 X48.815 Y25.387 E.00485
G1 X48.614 Y25.172 E.00794
G1 X48.363 Y25.005 E.00814
G1 X47.966 Y24.915 E.01098
G1 X47.15 Y24.915 E.02202
G1 X47.437 Y25.235 E.0116
G1 X47.593 Y25.65 E.01196
G1 X47.622 Y25.959 E.00837
G1 X48.059 Y25.867 E.01205
;WIDTH:0.502661
G1 X47.959 Y25.354 E.01628
;WIDTH:0.497168
G1 X48.136 Y25.383 E.00552
G1 X48.298 Y25.47 E.00566
G1 X48.459 Y25.662 E.00771
;WIDTH:0.502661
G1 X48.528 Y25.959 E.0095
G1 X48.528 Y29.157 E.09963
G1 X48.059 Y29.157 E.01461
G1 X48.059 Y26.07 E.09617
G1 E-3.5 F3600
;WIPE_START
G1 F7200
G1 X48.059 Y29.157 E-1.46633
G1 X48.13 Y29.157 E-.03367
;WIPE_END
G1 X43.223 Y26.072 F9000
G1 E5 F2400
;WIDTH:0.439999
G1 F2964
G1 X43.212 Y29.594 E.09504
G1 X44.554 Y29.594 E.03621
G1 X44.554 Y25.903 E.0996
G1 X44.643 Y25.436 E.01283
G1 X44.878 Y25.046 E.01229
G1 X45.037 Y24.915 E.00556
G1 X44.211 Y24.915 E.02229
G1 X43.768 Y25.017 E.01227
G1 X43.523 Y25.187 E.00805
G1 X43.317 Y25.469 E.00942
G1 X43.223 Y25.869 E.01109
G1 E-3.5 F3600
;WIPE_START
G1 F7200
G1 X43.317 Y25.469 E-.19518
G1 X43.523 Y25.187 E-.16588
G1 X43.768 Y25.017 E-.14165
G1 X44.211 Y24.915 E-.21593
G1 X45.037 Y24.915 E-.39235
G1 X44.878 Y25.046 E-.09786
G1 X44.643 Y25.436 E-.21628
G1 X44.614 Y25.591 E-.07487
;WIPE_END
G1 X43.651 Y28.924 F9000
G1 E5 F2400
;WIDTH:0.5015
G1 F2964
G1 X43.658 Y25.871 E.09487
;WIDTH:0.497053
G1 X43.728 Y25.634 E.00761
;WIDTH:0.48672
G1 X43.939 Y25.42 E.00904
G1 X44.218 Y25.344 E.0087
;WIDTH:0.497053
G1 X44.12 Y25.904 E.0175
;WIDTH:0.5015
G1 X44.118 Y29.158 E.10112
G1 X43.65 Y29.158 E.01454
G1 X43.65 Y29.126 E.00099
G1 E-3.5 F3600
;WIPE_START
G1 F7200
G1 X43.65 Y29.158 E-.0152
G1 X44.118 Y29.158 E-.2223
G1 X44.12 Y26.5 E-1.2625
;WIPE_END
G1 X72.779 Y29.594 F9000
G1 E5 F2400
;TYPE:Internal infill
;WIDTH:0.44
G1 F2964
G1 X74.765 Y29.594 E.05359
G1 X74.765 Y29.146 E.01209
G1 X62.86 Y17.242 E.4543
G1 X59.914 Y17.242 E.0795
G1 X49.37 Y27.785 E.40236
G1 X49.37 Y26.7 E.02928
G1 X52.265 Y29.594 E.11046
G1 X55.211 Y29.594 E.0795
G1 X67.563 Y17.242 E.47138
G1 X70.509 Y17.242 E.0795
G1 X74.765 Y21.497 E.1624
G1 X74.765 Y17.689 E.10276
G1 X62.86 Y29.594 E.45432
G1 X59.914 Y29.594 E.0795
G1 X47.561 Y17.242 E.4714
G1 X44.615 Y17.242 E.0795
G1 X32.263 Y29.594 E.47138
G1 X29.317 Y29.594 E.0795
G1 X17.412 Y17.689 E.45432
G1 X17.412 Y21.497 E.10276
G1 X21.668 Y17.242 E.1624
G1 X24.614 Y17.242 E.0795
G1 X36.966 Y29.594 E.47138
G1 X39.912 Y29.594 E.0795
G1 X42.814 Y26.692 E.11075
G1 X42.811 Y27.79 E.02963
G1 X32.263 Y17.242 E.40254
G1 X29.317 Y17.242 E.0795
G1 X17.412 Y29.146 E.4543
G1 X17.412 Y25.339 E.10273
G1 X21.668 Y29.594 E.1624
G1 X24.614 Y29.594 E.0795
G1 X36.966 Y17.242 E.47138
G1 X39.912 Y17.242 E.0795
G1 X47.179 Y24.509 E.27733
G1 X46.791 Y24.509 E.01047
G1 X46.736 Y24.665 E.00446
G1 X46.319 Y24.594 E.01141
G1 X45.443 Y24.664 E.02371
G1 X45.383 Y24.509 E.00449
G1 X44.997 Y24.509 E.01042
G1 X52.265 Y17.242 E.27734
G1 X55.211 Y17.242 E.0795
G1 X67.563 Y29.594 E.47138
G1 X70.509 Y29.594 E.0795
G1 X74.765 Y25.339 E.1624
G1 X74.765 Y22.905 E.06568
;LAYER_CHANGE
;Z:1.32
;HEIGHT:0.16
;BEFORE_LAYER_CHANGE
G92 E0
;1.32


G1 E-3.5 F3600
;WIPE_START
G1 F7200
G1 X74.765 Y25.339 E-1.15615
G1 X74.253 Y25.851 E-.34385
;WIPE_END
G1 Z1.32 F9000
;AFTER_LAYER_CHANGE
;1.32
G1 X75.077 Y16.929
G1 E5 F2400
;TYPE:Perimeter
;WIDTH:0.439999
G1 F2903
G1 X75.077 Y29.907 E.35021
G1 X47.587 Y29.907 E.74181
G1 X47.587 Y25.901 E.1081
G1 X47.559 Y25.664 E.00644
G1 X47.433 Y25.37 E.00863
G1 X47.163 Y25.086 E.01057
G1 X46.898 Y24.955 E.00798
G1 X46.593 Y24.907 E.00833
G1 X45.584 Y24.907 E.02723
G1 X45.278 Y24.955 E.00836
G1 X45.014 Y25.086 E.00795
G1 X44.816 Y25.269 E.00728
G1 X44.646 Y25.571 E.00935
G1 X44.59 Y25.901 E.00903
G1 X44.59 Y29.907 E.1081
G1 X17.1 Y29.907 E.74181
G1 X17.1 Y16.929 E.35021
G1 X75.017 Y16.929 E1.56288
G1 X75.483 Y16.524 F9000
G1 F2903
G1 X75.483 Y30.312 E.37207
G1 X47.182 Y30.312 E.7637
G1 X47.182 Y25.794 E.12192
G1 X47.047 Y25.527 E.00807
G1 X46.856 Y25.374 E.0066
G1 X46.593 Y25.312 E.00729
G1 X45.51 Y25.312 E.02922
G1 X45.247 Y25.418 E.00765
G1 X45.053 Y25.646 E.00808
G1 X44.995 Y25.901 E.00706
G1 X44.995 Y30.312 E.11903
G1 X16.694 Y30.312 E.7637
G1 X16.694 Y16.524 E.37207
G1 X75.423 Y16.524 E1.58479
G1 X75.878 Y16.128 F9000
;TYPE:External perimeter
;WIDTH:0.419999
G1 F1800
G1 X75.878 Y30.708 E.37404
G1 X46.786 Y30.708 E.74634
G1 X46.786 Y25.901 E.12332
G1 X46.742 Y25.778 E.00335
G1 X46.593 Y25.708 E.00422
G1 X45.584 Y25.708 E.02589
G1 X45.452 Y25.76 E.00364
G1 X45.391 Y25.901 E.00394
G1 X45.391 Y30.708 E.12332
G1 X16.298 Y30.708 E.74636
G1 X16.298 Y16.128 E.37404
G1 X75.818 Y16.128 E1.52695
G1 E-3.5 F3600
;WIPE_START
G1 F7200
G1 X75.878 Y16.128 E-.0285
G1 X75.878 Y19.226 E-1.4715
;WIPE_END
G1 X74.765 Y22.905 F9000
G1 E5 F2400
;TYPE:Internal infill
;WIDTH:0.44
G1 F2903
G1 X74.765 Y25.339 E.06568
G1 X70.509 Y29.594 E.1624
G1 X67.563 Y29.594 E.0795
G1 X55.211 Y17.242 E.47138
G1 X52.265 Y17.242 E.0795
G1 X44.997 Y24.509 E.27734
G1 X45.131 Y24.509 E.00362
G1 X45.178 Y24.659 E.00424
G1 X45.579 Y24.594 E.01096
G1 X46.597 Y24.594 E.02747
G1 X47.014 Y24.665 E.01141
G1 X47.069 Y24.509 E.00446
G1 X47.179 Y24.509 E.00297
G1 X39.912 Y17.242 E.27733
G1 X36.966 Y17.242 E.0795
G1 X24.614 Y29.594 E.47138
G1 X21.668 Y29.594 E.0795
G1 X17.412 Y25.339 E.1624
G1 X17.412 Y29.146 E.10273
G1 X29.317 Y17.242 E.4543
G1 X32.263 Y17.242 E.0795
G1 X42.529 Y27.508 E.39177
G1 X42.529 Y26.977 E.01433
G1 X39.912 Y29.594 E.09987
G1 X36.966 Y29.594 E.0795
G1 X24.614 Y17.242 E.47138
G1 X21.668 Y17.242 E.0795
G1 X17.412 Y21.497 E.1624
G1 X17.412 Y17.689 E.10276
G1 X29.317 Y29.594 E.45432
G1 X32.263 Y29.594 E.0795
G1 X44.615 Y17.242 E.47138
G1 X47.561 Y17.242 E.0795
G1 X59.914 Y29.594 E.4714
G1 X62.86 Y29.594 E.0795
G1 X74.765 Y17.689 E.45432
G1 X74.765 Y21.497 E.10276
G1 X70.509 Y17.242 E.1624
G1 X67.563 Y17.242 E.0795
G1 X55.211 Y29.594 E.47138
G1 X52.265 Y29.594 E.0795
G1 X49.641 Y26.97 E.10014
G1 X49.642 Y27.513 E.01465
G1 X59.914 Y17.242 E.39198
G1 X62.86 Y17.242 E.0795
G1 X74.765 Y29.146 E.4543
G1 X74.765 Y29.594 E.01209
G1 X72.779 Y29.594 E.05359
G1 E-3.5 F3600
;WIPE_START
G1 F7200
G1 X74.765 Y29.594 E-.94335
G1 X74.765 Y29.146 E-.2128
G1 X74.253 Y28.634 E-.34385
;WIPE_END
G1 X48.007 Y24.915 F9000
G1 E5 F2400
;TYPE:Solid infill
;WIDTH:0.439999
G1 F2903
G1 X47.428 Y24.915 E.01562
G1 X47.714 Y25.235 E.01158
G1 X47.866 Y25.613 E.01099
G1 X47.9 Y25.906 E.00796
G1 X47.9 Y29.594 E.09952
G1 X49.242 Y29.594 E.03621
G1 X49.232 Y25.787 E.10273
G1 X49.147 Y25.49 E.00834
G1 X48.918 Y25.178 E.01044
G1 X48.559 Y24.967 E.01124
G1 X48.209 Y24.915 E.00955
G1 X48.229 Y25.348 E.0117
;WIDTH:0.488432
G1 X48.392 Y25.375 E.00499
G1 X48.59 Y25.484 E.00683
G1 X48.731 Y25.649 E.00656
;WIDTH:0.497938
G1 X48.798 Y25.906 E.00819
;WIDTH:0.501688
G1 X48.804 Y29.158 E.1011
G1 X48.336 Y29.158 E.01455
G1 X48.334 Y25.874 E.10209
;WIDTH:0.497938
G1 X48.269 Y25.547 E.01028
G1 E-3.5 F3600
;WIPE_START
G1 F7200
G1 X48.334 Y25.874 E-.15836
G1 X48.336 Y28.698 E-1.34164
;WIPE_END
G1 X43.941 Y24.915 F9000
G1 E5 F2400
;WIDTH:0.439999
G1 F2903
G1 X44.762 Y24.915 E.02215
G1 X44.562 Y25.089 E.00715
G1 X44.359 Y25.464 E.01151
G1 X44.277 Y25.906 E.01213
G1 X44.277 Y29.594 E.09952
G1 X42.935 Y29.594 E.03621
G1 X42.936 Y25.81 E.10211
G1 X43.094 Y25.372 E.01256
G1 X43.296 Y25.164 E.00782
G1 X43.552 Y24.999 E.00822
G1 X43.743 Y24.958 E.00527
G1 X43.938 Y25.354 E.01191
;WIDTH:0.496305
G1 X43.913 Y25.423 E.00226
;WIDTH:0.502263
G1 X43.84 Y25.951 E.01659
;WIDTH:0.502574
G1 X43.84 Y29.157 E.09986
G1 X43.372 Y29.157 E.01458
G1 X43.372 Y25.951 E.09986
;WIDTH:0.502263
G1 X43.445 Y25.653 E.00955
;WIDTH:0.496305
G1 X43.627 Y25.445 E.00849
G1 X43.743 Y25.411 E.00371
;LAYER_CHANGE
;Z:1.48
;HEIGHT:0.16
;BEFORE_LAYER_CHANGE
G92 E0
;1.48


G1 E-3.5 F3600
;WIPE_START
G1 F7200
G1 X43.627 Y25.445 E-.05742
G1 X43.445 Y25.653 E-.13128
G1 X43.372 Y25.951 E-.14574
G1 X43.372 Y28.405 E-1.16556
;WIPE_END
G1 Z1.48 F9000
;AFTER_LAYER_CHANGE
;1.48
G1 X44.61 Y25.203
G1 E5 F2400
;TYPE:Perimeter
;WIDTH:0.439999
G1 F2928
G1 X44.539 Y25.269 E.00262
G1 X44.369 Y25.571 E.00935
G1 X44.312 Y25.901 E.00904
G1 X44.312 Y29.907 E.1081
G1 X17.1 Y29.907 E.73431
G1 X17.1 Y16.929 E.35021
G1 X75.077 Y16.929 E1.5645
G1 X75.077 Y29.907 E.35021
G1 X47.864 Y29.907 E.73434
G1 X47.864 Y25.901 E.1081
G1 X47.836 Y25.664 E.00644
G1 X47.711 Y25.37 E.00862
G1 X47.44 Y25.086 E.01059
G1 X47.176 Y24.955 E.00795
G1 X46.87 Y24.907 E.00836
G1 X45.307 Y24.907 E.04218
G1 X45.001 Y24.955 E.00836
G1 X44.737 Y25.086 E.00795
G1 X44.654 Y25.163 E.00306
G1 X44.903 Y25.497 F9000
G1 F2928
G1 X44.776 Y25.646 E.00528
G1 X44.718 Y25.901 E.00706
G1 X44.718 Y30.312 E.11903
G1 X16.694 Y30.312 E.75622
G1 X16.694 Y16.524 E.37207
G1 X75.483 Y16.524 E1.58641
G1 X75.483 Y30.312 E.37207
G1 X47.459 Y30.312 E.75622
G1 X47.459 Y25.794 E.12192
G1 X47.325 Y25.527 E.00806
G1 X47.133 Y25.374 E.00662
G1 X46.87 Y25.312 E.00729
G1 X45.232 Y25.312 E.0442
G1 X44.969 Y25.418 E.00765
G1 X44.942 Y25.451 E.00115
G1 X45.17 Y25.771 F9000
;TYPE:External perimeter
;WIDTH:0.419999
G1 F1800
G1 X45.114 Y25.901 E.00363
G1 X45.114 Y30.708 E.12332
G1 X16.298 Y30.708 E.73926
G1 X16.298 Y16.128 E.37404
G1 X75.878 Y16.128 E1.52849
G1 X75.878 Y30.708 E.37404
G1 X47.063 Y30.708 E.73923
G1 X47.063 Y25.901 E.12332
G1 X47.019 Y25.778 E.00335
G1 X46.87 Y25.708 E.00422
G1 X45.307 Y25.708 E.0401
G1 X45.219 Y25.742 E.00242
G1 E-3.5 F3600
;WIPE_START
G1 F7200
G1 X45.17 Y25.771 E-.02705
G1 X45.114 Y25.901 E-.06724
G1 X45.114 Y28.86 E-1.40571
;WIPE_END
G1 X42.668 Y26.072 F9000
G1 E5 F2400
;TYPE:Solid infill
;WIDTH:0.439999
G1 F2928
G1 X42.658 Y29.594 E.09504
G1 X44 Y29.594 E.03621
G1 X44 Y25.906 E.09952
G1 X44.074 Y25.485 E.01153
G1 X44.285 Y25.089 E.01211
G1 X44.484 Y24.915 E.00713
G1 X43.656 Y24.915 E.02234
G1 X43.214 Y25.017 E.01224
G1 X42.969 Y25.187 E.00805
G1 X42.762 Y25.469 E.00944
G1 X42.669 Y25.869 E.01108
G1 E-3.5 F3600
;WIPE_START
G1 F7200
G1 X42.762 Y25.469 E-.19507
G1 X42.969 Y25.187 E-.16616
G1 X43.214 Y25.017 E-.14165
G1 X43.656 Y24.915 E-.21547
G1 X44.484 Y24.915 E-.3933
G1 X44.285 Y25.089 E-.12556
G1 X44.074 Y25.485 E-.21314
G1 X44.056 Y25.588 E-.04965
;WIPE_END
G1 X43.097 Y28.924 F9000
G1 E5 F2400
;WIDTH:0.5015
G1 F2928
G1 X43.103 Y25.871 E.09487
;WIDTH:0.497368
G1 X43.178 Y25.637 E.00757
G1 X43.383 Y25.428 E.00902
G1 X43.662 Y25.35 E.00892
G1 X43.566 Y25.906 E.01738
;WIDTH:0.5015
G1 X43.563 Y29.158 E.10106
G1 X43.096 Y29.158 E.01451
G1 X43.096 Y29.126 E.00099
G1 E-3.5 F3600
;WIPE_START
G1 F7200
G1 X43.096 Y29.158 E-.0152
G1 X43.563 Y29.158 E-.22182
G1 X43.565 Y26.499 E-1.26298
;WIPE_END
G1 X48.177 Y26.162 F9000
G1 E5 F2400
;WIDTH:0.439999
G1 F2928
G1 X48.177 Y29.594 E.09261
G1 X49.519 Y29.594 E.03621
G1 X49.519 Y25.92 E.09914
G1 X49.438 Y25.553 E.01014
G1 X49.37 Y25.387 E.00484
G1 X49.168 Y25.172 E.00796
G1 X48.917 Y25.005 E.00814
G1 X48.52 Y24.915 E.01098
G1 X47.705 Y24.915 E.02199
G1 X47.991 Y25.235 E.01158
G1 X48.147 Y25.65 E.01196
G1 X48.177 Y25.959 E.00838
G1 X48.614 Y25.868 E.01205
;WIDTH:0.502661
G1 X48.513 Y25.354 E.01632
;WIDTH:0.497167
G1 X48.69 Y25.383 E.00552
G1 X48.852 Y25.47 E.00566
G1 X48.998 Y25.626 E.00658
;WIDTH:0.502661
G1 X49.082 Y25.946 E.01031
G1 X49.082 Y29.157 E.10003
G1 X48.614 Y29.157 E.01458
G1 X48.614 Y26.07 E.09617
G1 E-3.5 F3600
;WIPE_START
G1 F7200
G1 X48.614 Y29.157 E-1.46633
G1 X48.685 Y29.157 E-.03367
;WIPE_END
G1 X72.779 Y29.594 F9000
G1 E5 F2400
;TYPE:Internal infill
;WIDTH:0.44
G1 F2928
G1 X74.765 Y29.594 E.05359
G1 X74.765 Y29.146 E.01209
G1 X62.86 Y17.242 E.4543
G1 X59.914 Y17.242 E.0795
G1 X49.925 Y27.231 E.3812
G1 X52.265 Y29.594 E.08974
G1 X55.211 Y29.594 E.0795
G1 X67.563 Y17.242 E.47138
G1 X70.509 Y17.242 E.0795
G1 X74.765 Y21.497 E.1624
G1 X74.765 Y17.689 E.10276
G1 X62.86 Y29.594 E.45432
G1 X59.914 Y29.594 E.0795
G1 X47.561 Y17.242 E.4714
G1 X44.615 Y17.242 E.0795
G1 X32.263 Y29.594 E.47138
G1 X29.317 Y29.594 E.0795
G1 X17.412 Y17.689 E.45432
G1 X17.412 Y21.497 E.10276
G1 X21.668 Y17.242 E.1624
G1 X24.614 Y17.242 E.0795
G1 X36.966 Y29.594 E.47138
G1 X39.912 Y29.594 E.0795
G1 X42.258 Y27.237 E.08974
G1 X32.263 Y17.242 E.38143
G1 X29.317 Y17.242 E.0795
G1 X17.412 Y29.146 E.4543
G1 X17.412 Y25.339 E.10273
G1 X21.668 Y29.594 E.1624
G1 X24.614 Y29.594 E.0795
G1 X36.966 Y17.242 E.47138
G1 X39.912 Y17.242 E.0795
G1 X47.291 Y24.665 E.28244
G1 X46.874 Y24.594 E.01141
G1 X45.302 Y24.594 E.04242
G1 X44.901 Y24.659 E.01096
G1 X44.888 Y24.618 E.00116
G1 X52.265 Y17.242 E.2815
G1 X55.211 Y17.242 E.0795
G1 X67.563 Y29.594 E.47138
G1 X70.509 Y29.594 E.0795
G1 X74.765 Y25.339 E.1624
G1 X74.765 Y22.905 E.06568
;LAYER_CHANGE
;Z:1.64
;HEIGHT:0.16
;BEFORE_LAYER_CHANGE
G92 E0
;1.64


G1 E-3.5 F3600
;WIPE_START
G1 F7200
G1 X74.765 Y25.339 E-1.15615
G1 X74.253 Y25.851 E-.34385
;WIPE_END
G1 Z1.64 F9000
;AFTER_LAYER_CHANGE
;1.64
G1 X75.077 Y16.929
G1 E5 F2400
;TYPE:Perimeter
;WIDTH:0.439999
G1 F2961
G1 X75.077 Y29.907 E.35021
G1 X48.141 Y29.907 E.72686
G1 X48.141 Y25.901 E.1081
G1 X48.113 Y25.664 E.00644
G1 X47.988 Y25.37 E.00862
G1 X47.717 Y25.086 E.01059
G1 X47.453 Y24.955 E.00795
G1 X47.147 Y24.907 E.00836
G1 X45.029 Y24.907 E.05715
G1 X44.724 Y24.955 E.00833
G1 X44.46 Y25.086 E.00795
G1 X44.262 Y25.269 E.00728
G1 X44.092 Y25.571 E.00935
G1 X44.035 Y25.901 E.00904
G1 X44.035 Y29.907 E.1081
G1 X17.1 Y29.907 E.72684
G1 X17.1 Y16.929 E.35021
G1 X75.017 Y16.929 E1.56288
G1 X75.483 Y16.524 F9000
G1 F2961
G1 X75.483 Y30.312 E.37207
G1 X47.736 Y30.312 E.74875
G1 X47.736 Y25.794 E.12192
G1 X47.602 Y25.527 E.00806
G1 X47.411 Y25.374 E.0066
G1 X47.147 Y25.312 E.00732
G1 X44.955 Y25.312 E.05915
G1 X44.692 Y25.418 E.00765
G1 X44.499 Y25.646 E.00806
G1 X44.441 Y25.901 E.00706
G1 X44.441 Y30.312 E.11903
G1 X16.694 Y30.312 E.74875
G1 X16.694 Y16.524 E.37207
G1 X75.423 Y16.524 E1.58479
G1 X75.878 Y16.128 F9000
;TYPE:External perimeter
;WIDTH:0.419999
G1 F1800
G1 X75.878 Y30.708 E.37404
G1 X47.34 Y30.708 E.73213
G1 X47.34 Y25.901 E.12332
G1 X47.296 Y25.778 E.00335
G1 X47.147 Y25.708 E.00422
G1 X45.029 Y25.708 E.05434
G1 X44.898 Y25.76 E.00362
G1 X44.837 Y25.901 E.00394
G1 X44.837 Y30.708 E.12332
G1 X16.298 Y30.708 E.73215
G1 X16.298 Y16.128 E.37404
G1 X75.818 Y16.128 E1.52695
G1 E-3.5 F3600
;WIPE_START
G1 F7200
G1 X75.878 Y16.128 E-.0285
G1 X75.878 Y19.226 E-1.4715
;WIPE_END
G1 X50.049 Y17.242 F9000
G1 E5 F2400
;TYPE:Internal infill
;WIDTH:0.44
G1 F2961
G1 X48.546 Y17.242 E.04056
G1 X48.489 Y17.647 E.01104
G1 X47.967 Y17.647 E.01409
G1 X59.914 Y29.594 E.45593
G1 X62.86 Y29.594 E.0795
G1 X74.765 Y17.689 E.45432
G1 X74.765 Y21.497 E.10276
G1 X70.509 Y17.242 E.1624
G1 X67.563 Y17.242 E.0795
G1 X55.211 Y29.594 E.47138
G1 X52.265 Y29.594 E.0795
G1 X50.202 Y27.531 E.07873
G1 X50.202 Y26.954 E.01557
G1 X59.914 Y17.242 E.37063
G1 X62.86 Y17.242 E.0795
G1 X74.765 Y29.146 E.4543
G1 X74.765 Y25.339 E.10273
G1 X70.509 Y29.594 E.1624
G1 X67.563 Y29.594 E.0795
G1 X55.211 Y17.242 E.47138
G1 X52.265 Y17.242 E.0795
G1 X45.318 Y24.189 E.26511
G1 X46.859 Y24.189 E.04158
G1 X39.912 Y17.242 E.26511
G1 X36.966 Y17.242 E.0795
G1 X24.614 Y29.594 E.47138
G1 X21.668 Y29.594 E.0795
G1 X17.412 Y25.339 E.1624
G1 X17.412 Y29.146 E.10273
G1 X29.317 Y17.242 E.4543
G1 X32.263 Y17.242 E.0795
G1 X41.982 Y26.961 E.3709
G1 X41.98 Y27.526 E.01525
G1 X39.912 Y29.594 E.07892
G1 X36.966 Y29.594 E.0795
G1 X24.614 Y17.242 E.47138
G1 X21.668 Y17.242 E.0795
G1 X17.412 Y21.497 E.1624
G1 X17.412 Y17.689 E.10276
G1 X29.317 Y29.594 E.45432
G1 X32.263 Y29.594 E.0795
G1 X44.615 Y17.242 E.47138
G1 X42.181 Y17.242 E.06568
G1 E-3.5 F3600
;WIPE_START
G1 F7200
G1 X44.615 Y17.242 E-1.15615
G1 X44.103 Y17.754 E-.34385
;WIPE_END
G1 X45.565 Y17.242 F9000
G1 E5 F2400
;TYPE:Solid infill
;WIDTH:0.44003
G1 F2961
G1 X48.136 Y17.242 E.06938
G1 E-3.5 F3600
;WIPE_START
G1 F7200
G1 X45.565 Y17.242 E-1.22123
;WIPE_END
G1 E-.27877 F3600
G1 X48.481 Y24.915 F9000
G1 E5 F2400
;WIDTH:0.439999
G1 F2961
G1 X49.037 Y24.954 E.01504
G1 X49.385 Y25.102 E.0102
G1 X49.703 Y25.49 E.01354
G1 X49.796 Y25.92 E.01187
G1 X49.796 Y29.594 E.09914
G1 X48.454 Y29.594 E.03621
G1 X48.454 Y25.755 E.10359
G1 X48.268 Y25.235 E.0149
G1 X47.982 Y24.915 E.01158
G1 X48.278 Y24.915 E.00799
G1 X48.79 Y25.354 E.0182
;WIDTH:0.496696
G1 X49.115 Y25.452 E.01044
G1 X49.314 Y25.692 E.00959
;WIDTH:0.502671
G1 X49.359 Y25.946 E.00804
G1 X49.359 Y29.157 E.10003
G1 X48.891 Y29.157 E.01458
G1 X48.891 Y25.877 E.10218
G1 X48.828 Y25.553 E.01028
G1 E-3.5 F3600
;WIPE_START
G1 F7200
G1 X48.891 Y25.877 E-.15678
G1 X48.891 Y28.705 E-1.34322
;WIPE_END
G1 X43.385 Y25.353 F9000
G1 E5 F2400
;WIDTH:0.494091
G1 F2961
G1 X43.36 Y25.423 E.00227
;WIDTH:0.496525
G1 X43.289 Y25.906 E.01501
;WIDTH:0.501395
G1 X43.286 Y29.158 E.10104
G1 X42.819 Y29.158 E.01451
G1 X42.827 Y25.745 E.10604
;WIDTH:0.496525
G1 X43.072 Y25.444 E.01193
;WIDTH:0.494091
G1 X43.19 Y25.41 E.00376
G1 X43.991 Y24.905 F9000
;WIDTH:0.44518
G1 F2961
G1 X43.677 Y24.915 E.00859
;WIDTH:0.439999
G1 X43.152 Y24.951 E.0142
G1 X42.814 Y25.089 E.00985
G1 X42.493 Y25.464 E.01332
G1 X42.393 Y25.761 E.00846
G1 X42.381 Y29.594 E.10343
G1 X43.723 Y29.594 E.03621
G1 X43.723 Y25.906 E.09952
G1 X43.805 Y25.464 E.01213
G1 X43.872 Y25.301 E.00476
;WIDTH:0.448532
G1 X44.273 Y24.814 E.01738
;WIDTH:0.411434
G1 X44.353 Y24.73 E.00291
;WIDTH:0.397474
G1 X44.73 Y24.617 E.00951
;WIDTH:0.440028
G1 X45.025 Y24.594 E.00799
G1 X46.818 Y24.594 E.04839
;LAYER_CHANGE
;Z:1.8
;HEIGHT:0.16
;BEFORE_LAYER_CHANGE
G92 E0
;1.8


G1 E-3.5 F3600
;WIPE_START
G1 F7200
G1 X45.025 Y24.594 E-.85167
G1 X44.73 Y24.617 E-.14055
G1 X44.353 Y24.73 E-.18695
G1 X44.273 Y24.814 E-.0551
G1 X43.918 Y25.246 E-.26573
;WIPE_END
G1 Z1.8 F9000
;AFTER_LAYER_CHANGE
;1.8
G1 X48.114 Y25.211
G1 E5 F2400
;TYPE:Perimeter
;WIDTH:0.439999
G1 F3600
G1 X47.994 Y25.086 E.00468
G1 X47.73 Y24.955 E.00795
G1 X47.424 Y24.907 E.00836
G1 X44.752 Y24.907 E.0721
G1 X44.447 Y24.955 E.00833
G1 X44.183 Y25.086 E.00795
G1 X43.985 Y25.269 E.00728
G1 X43.814 Y25.571 E.00937
G1 X43.758 Y25.901 E.00903
G1 X43.758 Y29.907 E.1081
G1 X17.1 Y29.907 E.71936
G1 X17.1 Y16.929 E.35021
G1 X75.077 Y16.929 E1.5645
G1 X75.077 Y29.907 E.35021
G1 X48.419 Y29.907 E.71936
G1 X48.419 Y25.901 E.1081
G1 X48.39 Y25.664 E.00644
G1 X48.265 Y25.37 E.00862
G1 X48.155 Y25.255 E.00429
G1 X47.833 Y25.49 F9000
G1 F3600
G1 X47.688 Y25.374 E.00501
G1 X47.424 Y25.312 E.00732
G1 X44.678 Y25.312 E.0741
G1 X44.415 Y25.418 E.00765
G1 X44.222 Y25.646 E.00806
G1 X44.164 Y25.901 E.00706
G1 X44.164 Y30.312 E.11903
G1 X16.694 Y30.312 E.74127
G1 X16.694 Y16.524 E.37207
G1 X75.483 Y16.524 E1.58641
G1 X75.483 Y30.312 E.37207
G1 X48.013 Y30.312 E.74127
G1 X48.013 Y25.794 E.12192
G1 X47.88 Y25.528 E.00803
G1 X47.552 Y25.768 F9000
;TYPE:External perimeter
;WIDTH:0.419999
G1 F1800
G1 X47.424 Y25.708 E.00363
G1 X44.752 Y25.708 E.06855
G1 X44.621 Y25.76 E.00362
G1 X44.56 Y25.901 E.00394
G1 X44.56 Y30.708 E.12332
G1 X16.298 Y30.708 E.72504
G1 X16.298 Y16.128 E.37404
G1 X75.878 Y16.128 E1.52849
G1 X75.878 Y30.708 E.37404
G1 X47.617 Y30.708 E.72502
G1 X47.617 Y25.901 E.12332
G1 X47.585 Y25.812 E.00243
G1 X48.731 Y26.162 F9000
;TYPE:Solid infill
;WIDTH:0.439999
G1 F3600
G1 X48.731 Y29.594 E.09261
G1 X50.073 Y29.594 E.03621
G1 X50.073 Y25.92 E.09914
G1 X50.01 Y25.597 E.00888
G1 X49.924 Y25.387 E.00612
G1 X49.723 Y25.173 E.00792
G1 X49.473 Y25.006 E.00811
G1 X49.075 Y24.915 E.01102
G1 X48.248 Y24.915 E.02232
G1 X48.456 Y25.103 E.00757
G1 X48.665 Y25.501 E.01213
G1 X48.731 Y25.959 E.01249
G1 X49.168 Y25.887 E.01195
;WIDTH:0.502661
G1 X49.074 Y25.355 E.01683
;WIDTH:0.497084
G1 X49.243 Y25.383 E.00527
G1 X49.407 Y25.47 E.00571
G1 X49.568 Y25.663 E.00774
;WIDTH:0.502661
G1 X49.636 Y25.959 E.00946
G1 X49.636 Y29.157 E.09963
G1 X49.168 Y29.157 E.01458
G1 X49.168 Y26.09 E.09555
G1 E-3.5
;WIPE_START
G1 F7200
G1 X49.168 Y29.157 E-1.45683
G1 X49.259 Y29.157 E-.04317
;WIPE_END
G1 X46.617 Y24.776 F9000
G1 E5 F2400
M204 S250
;TYPE:Bridge infill
;WIDTH:0.382741
;HEIGHT:0.368782
G1 F1500
G1 X46.952 Y24.442 E.02263
G1 X46.938 Y23.844 E.02861
G1 X46.194 Y24.588 E.05033
G1 X45.582 Y24.588 E.02927
G1 X50.357 Y19.812 E.32305
G1 X50.051 Y19.506 E.0207
G1 X44.97 Y24.588 E.34375
G1 X44.547 Y24.603 E.02025
G1 X44.257 Y24.688 E.01446
G1 X49.745 Y19.2 E.37125
G1 X49.439 Y18.894 E.0207
G1 X43.25 Y25.083 E.41867
G1 X43.173 Y24.973 E.00642
G1 X45.296 Y22.85 E.14361
G1 X45.083 Y22.638 E.01438
G1 X49.133 Y18.588 E.27397
G1 X48.827 Y18.282 E.0207
G1 X44.777 Y22.332 E.27397
G1 X44.471 Y22.026 E.0207
G1 X48.521 Y17.976 E.27397
G1 X48.215 Y17.67 E.0207
G1 X44.165 Y21.72 E.27397
G1 X43.859 Y21.414 E.0207
G1 X48.025 Y17.248 E.28182
G1 X47.413 Y17.248 E.02927
G1 X43.553 Y21.108 E.26112
G1 X43.247 Y20.802 E.0207
G1 X46.801 Y17.248 E.24042
G1 X46.189 Y17.248 E.02927
G1 X42.941 Y20.496 E.21972
G1 X42.635 Y20.19 E.0207
G1 X45.766 Y17.06 E.21177
M204 S500
G1 E-3.5 F3600
;WIPE_START
G1 F7200
G1 X43.533 Y19.293 E-1.5
;WIPE_END
G1 X42.181 Y17.242 F9000
G1 E5 F2400
;TYPE:Internal infill
;WIDTH:0.44
;HEIGHT:0.16
G1 F3600
G1 X44.615 Y17.242 E.06568
G1 X32.263 Y29.594 E.47138
G1 X29.317 Y29.594 E.0795
G1 X17.412 Y17.689 E.45432
G1 X17.412 Y21.497 E.10276
G1 X21.668 Y17.242 E.1624
G1 X24.614 Y17.242 E.0795
G1 X36.966 Y29.594 E.47138
G1 X39.912 Y29.594 E.0795
G1 X41.703 Y27.804 E.06833
G1 X41.705 Y26.684 E.03022
G1 X32.263 Y17.242 E.36033
G1 X29.317 Y17.242 E.0795
G1 X17.412 Y29.146 E.4543
G1 X17.412 Y25.339 E.10273
G1 X21.668 Y29.594 E.1624
G1 X24.614 Y29.594 E.0795
G1 X36.966 Y17.242 E.47138
G1 X39.912 Y17.242 E.0795
G1 X42.452 Y19.781 E.09691
G1 E-3.5
;WIPE_START
G1 F7200
G1 X40.219 Y17.548 E-1.5
;WIPE_END
G1 X42.115 Y26.027 F9000
G1 E5 F2400
;TYPE:Solid infill
;WIDTH:0.439999
G1 F3600
G1 X42.104 Y29.594 E.09626
G1 X43.446 Y29.594 E.03621
G1 X43.446 Y25.906 E.09952
G1 X43.494 Y25.556 E.00953
G1 X43.098 Y25.547 E.01069
G1 X42.735 Y25.065 E.01628
G1 X42.727 Y24.996 E.00187
G1 X42.411 Y25.19 E.01001
G1 X42.188 Y25.519 E.01073
G1 X42.116 Y25.824 E.00846
G1 E-3.5
;WIPE_START
G1 F7200
G1 X42.188 Y25.519 E-.14886
G1 X42.411 Y25.19 E-.18879
G1 X42.727 Y24.996 E-.17613
G1 X42.735 Y25.065 E-.03299
G1 X43.098 Y25.547 E-.28662
G1 X43.494 Y25.556 E-.18815
G1 X43.446 Y25.906 E-.16781
G1 X43.446 Y26.56 E-.31065
;WIPE_END
G1 X42.542 Y28.924 F9000
G1 E5 F2400
;WIDTH:0.501384
G1 F3600
G1 X42.55 Y25.826 E.09625
;WIDTH:0.49688
G1 X42.61 Y25.645 E.00587
G1 X42.653 Y25.707 E.00232
G1 X42.891 Y25.929 E.01001
G1 X43.012 Y25.971 E.00394
G1 X43.012 Y26.132 E.00495
;WIDTH:0.501384
G1 X43.009 Y29.158 E.09401
G1 X42.542 Y29.158 E.01451
G1 X42.542 Y29.126 E.00099
G1 E-3.5
;WIPE_START
G1 F7200
G1 X42.542 Y29.158 E-.0152
G1 X43.009 Y29.158 E-.22182
G1 X43.011 Y26.499 E-1.26298
;WIPE_END
G1 X72.779 Y29.594 F9000
G1 E5 F2400
;TYPE:Internal infill
;WIDTH:0.44
G1 F3600
G1 X74.765 Y29.594 E.05359
G1 X74.765 Y29.146 E.01209
G1 X62.86 Y17.242 E.4543
G1 X59.914 Y17.242 E.0795
G1 X50.479 Y26.677 E.36006
G1 X50.479 Y27.808 E.03052
G1 X52.265 Y29.594 E.06816
G1 X55.211 Y29.594 E.0795
G1 X67.563 Y17.242 E.47138
G1 X70.509 Y17.242 E.0795
G1 X74.765 Y21.497 E.1624
G1 X74.765 Y17.689 E.10276
G1 X62.86 Y29.594 E.45432
G1 X59.914 Y29.594 E.0795
G1 X50.709 Y20.389 E.35128
G1 X51.113 Y19.985 E.01542
G1 X50.317 Y19.189 E.03038
G1 X52.265 Y17.242 E.07432
G1 X55.211 Y17.242 E.0795
G1 X67.563 Y29.594 E.47138
G1 X70.509 Y29.594 E.0795
G1 X74.765 Y25.339 E.1624
G1 X74.765 Y22.905 E.06568
;LAYER_CHANGE
;Z:1.96
;HEIGHT:0.16
;BEFORE_LAYER_CHANGE
G92 E0
;1.96


G1 E-3.5 F3600
;WIPE_START
G1 F7200
G1 X74.765 Y25.339 E-1.15615
G1 X74.253 Y25.851 E-.34385
;WIPE_END
G1 Z1.96 F9000
;AFTER_LAYER_CHANGE
;1.96
G1 X75.077 Y16.929
G1 E5 F2400
;TYPE:Perimeter
;WIDTH:0.439999
G1 F3164
G1 X75.077 Y29.907 E.35021
G1 X48.696 Y29.907 E.71189
G1 X48.696 Y25.901 E.1081
G1 X48.667 Y25.664 E.00644
G1 X48.542 Y25.37 E.00862
G1 X48.271 Y25.086 E.01059
G1 X48.007 Y24.955 E.00795
G1 X47.702 Y24.907 E.00833
G1 X44.475 Y24.907 E.08708
G1 X44.17 Y24.955 E.00833
G1 X43.906 Y25.086 E.00795
G1 X43.707 Y25.269 E.0073
G1 X43.537 Y25.571 E.00935
G1 X43.481 Y25.901 E.00903
G1 X43.481 Y29.907 E.1081
G1 X17.1 Y29.907 E.71189
G1 X17.1 Y16.929 E.35021
G1 X75.017 Y16.929 E1.56288
G1 X75.483 Y16.524 F9000
G1 F3164
G1 X75.483 Y30.312 E.37207
G1 X48.29 Y30.312 E.7338
G1 X48.29 Y25.794 E.12192
G1 X48.156 Y25.527 E.00806
G1 X47.965 Y25.374 E.0066
G1 X47.702 Y25.312 E.00729
G1 X44.401 Y25.312 E.08908
G1 X44.138 Y25.418 E.00765
G1 X43.945 Y25.646 E.00806
G1 X43.887 Y25.901 E.00706
G1 X43.887 Y30.312 E.11903
G1 X16.694 Y30.312 E.7338
G1 X16.694 Y16.524 E.37207
G1 X75.423 Y16.524 E1.58479
G1 X75.878 Y16.128 F9000
;TYPE:External perimeter
;WIDTH:0.419999
G1 F1800
G1 X75.878 Y30.708 E.37404
G1 X47.894 Y30.708 E.71791
G1 X47.894 Y25.901 E.12332
G1 X47.85 Y25.778 E.00335
G1 X47.702 Y25.708 E.0042
G1 X44.475 Y25.708 E.08279
G1 X44.344 Y25.76 E.00362
G1 X44.282 Y25.901 E.00395
G1 X44.282 Y30.708 E.12332
G1 X16.298 Y30.708 E.71791
G1 X16.298 Y16.128 E.37404
G1 X75.818 Y16.128 E1.52695
G1 E-3.5 F3600
;WIPE_START
G1 F7200
G1 X75.878 Y16.128 E-.0285
G1 X75.878 Y19.226 E-1.4715
;WIPE_END
G1 X49.995 Y17.242 F9000
G1 E5 F2400
;TYPE:Internal infill
;WIDTH:0.44
G1 F3164
G1 X47.749 Y17.242 E.06061
G1 X47.749 Y17.429 E.00505
G1 X59.914 Y29.594 E.46425
G1 X62.86 Y29.594 E.0795
G1 X74.765 Y17.689 E.45432
G1 X74.765 Y21.497 E.10276
G1 X70.509 Y17.242 E.1624
G1 X67.563 Y17.242 E.0795
G1 X55.211 Y29.594 E.47138
G1 X52.265 Y29.594 E.0795
G1 X50.756 Y28.086 E.05757
G1 X50.756 Y26.4 E.0455
G1 X59.914 Y17.242 E.34949
G1 X62.86 Y17.242 E.0795
G1 X74.765 Y29.146 E.4543
G1 X74.765 Y25.339 E.10273
G1 X70.509 Y29.594 E.1624
G1 X67.563 Y29.594 E.0795
G1 X55.211 Y17.242 E.47138
G1 X52.265 Y17.242 E.0795
G1 X47.749 Y21.757 E.17232
G1 X47.749 Y24.191 E.06568
G1 X49.035 Y24.915 F9000
;TYPE:Solid infill
;WIDTH:0.439999
G1 F3164
G1 X49.537 Y24.94 E.01356
G1 X49.925 Y25.092 E.01124
G1 X50.256 Y25.488 E.01393
G1 X50.35 Y25.92 E.01193
G1 X50.35 Y29.594 E.09914
G1 X49.008 Y29.594 E.03621
G1 X49.008 Y25.753 E.10365
G1 X48.823 Y25.235 E.01484
G1 X48.536 Y24.915 E.0116
G1 X48.832 Y24.915 E.00799
G1 X49.343 Y25.352 E.01814
;WIDTH:0.496705
G1 X49.66 Y25.448 E.01019
G1 X49.868 Y25.692 E.00986
;WIDTH:0.502672
G1 X49.913 Y25.946 E.00804
G1 X49.913 Y29.157 E.10003
G1 X49.445 Y29.157 E.01458
G1 X49.445 Y25.869 E.10243
G1 X49.382 Y25.551 E.0101
G1 E-3.5 F3600
;WIPE_START
G1 F7200
G1 X49.445 Y25.869 E-.15399
G1 X49.445 Y28.703 E-1.34601
;WIPE_END
G1 X44.428 Y24.191 F9000
G1 E5 F2400
;TYPE:Internal infill
;WIDTH:0.44
G1 F3164
G1 X44.428 Y21.757 E.06568
G1 X39.912 Y17.242 E.17232
G1 X36.966 Y17.242 E.0795
G1 X24.614 Y29.594 E.47138
G1 X21.668 Y29.594 E.0795
G1 X17.412 Y25.339 E.1624
G1 X17.412 Y29.146 E.10273
G1 X29.317 Y17.242 E.4543
G1 X32.263 Y17.242 E.0795
G1 X41.421 Y26.4 E.34949
G1 X41.421 Y28.086 E.0455
G1 X39.912 Y29.594 E.05757
G1 X36.966 Y29.594 E.0795
G1 X24.614 Y17.242 E.47138
G1 X21.668 Y17.242 E.0795
G1 X17.412 Y21.497 E.1624
G1 X17.412 Y17.689 E.10276
G1 X29.317 Y29.594 E.45432
G1 X32.263 Y29.594 E.0795
G1 X44.428 Y17.429 E.46425
G1 X44.428 Y17.242 E.00505
G1 X42.181 Y17.242 E.06063
G1 E-3.5 F3600
;WIPE_START
G1 F7200
G1 X44.428 Y17.242 E-1.06733
G1 X44.428 Y17.429 E-.08883
G1 X43.916 Y17.941 E-.34384
;WIPE_END
G1 X44.833 Y17.242 F9000
G1 E5 F2400
;TYPE:Solid infill
;WIDTH:0.439999
G1 F3164
G1 X47.343 Y17.242 E.06773
G1 X47.343 Y24.594 E.19839
G1 X44.833 Y24.594 E.06773
G1 X44.833 Y17.444 E.19294
G1 X45.239 Y17.647 E.01225
G1 X46.938 Y17.647 E.04585
G1 X46.938 Y24.189 E.17653
G1 X45.239 Y24.189 E.04585
G1 X45.239 Y17.85 E.17106
G1 X45.645 Y18.053 E.01225
G1 X46.532 Y18.053 E.02394
G1 X46.532 Y23.783 E.15462
G1 X45.645 Y23.783 E.02394
G1 X45.645 Y18.256 E.14915
G1 X46.088 Y18.496 E.0136
;WIDTH:0.515806
G1 X46.088 Y23.339 E.15511
G1 E-3.5 F3600
;WIPE_START
G1 F7200
G1 X46.088 Y20.181 E-1.5
;WIPE_END
G1 X42.832 Y24.915 F9000
G1 E5 F2400
;WIDTH:0.439999
G1 F3164
G1 X43.652 Y24.915 E.02213
G1 X43.492 Y25.046 E.00558
G1 X43.258 Y25.436 E.01227
G1 X43.169 Y25.904 E.01286
G1 X43.169 Y29.594 E.09957
G1 X41.826 Y29.594 E.03624
G1 X41.827 Y25.81 E.10211
G1 X41.989 Y25.367 E.01273
G1 X42.274 Y25.08 E.01091
G1 X42.516 Y24.975 E.00712
G1 X42.633 Y24.952 E.00322
G1 X42.827 Y25.352 E.012
;WIDTH:0.496253
G1 X42.807 Y25.428 E.00241
;WIDTH:0.502274
G1 X42.732 Y25.951 E.01645
;WIDTH:0.502584
G1 X42.732 Y29.157 E.09986
G1 X42.263 Y29.157 E.01461
G1 X42.264 Y25.951 E.09986
;WIDTH:0.502274
G1 X42.329 Y25.672 E.00892
;WIDTH:0.496253
G1 X42.524 Y25.444 E.00922
G1 X42.633 Y25.411 E.0035
;LAYER_CHANGE
;Z:2.12
;HEIGHT:0.16
;BEFORE_LAYER_CHANGE
G92 E0
;2.12


G1 E-3.5 F3600
;WIPE_START
G1 F7200
G1 X42.524 Y25.444 E-.0541
G1 X42.329 Y25.672 E-.14251
G1 X42.264 Y25.951 E-.13607
G1 X42.264 Y28.409 E-1.16732
;WIPE_END
G1 Z2.12 F9000
;AFTER_LAYER_CHANGE
;2.12
G1 X43.501 Y25.203
G1 E5 F2400
;TYPE:Perimeter
;WIDTH:0.439999
G1 F3446
G1 X43.43 Y25.269 E.00262
G1 X43.26 Y25.571 E.00935
G1 X43.204 Y25.901 E.00903
G1 X43.204 Y29.907 E.1081
G1 X17.1 Y29.907 E.70441
G1 X17.1 Y16.929 E.35021
G1 X75.077 Y16.929 E1.5645
G1 X75.077 Y29.907 E.35021
G1 X48.973 Y29.907 E.70441
G1 X48.973 Y25.901 E.1081
G1 X48.944 Y25.664 E.00644
G1 X48.819 Y25.37 E.00862
G1 X48.548 Y25.086 E.01059
G1 X48.284 Y24.955 E.00795
G1 X47.979 Y24.907 E.00833
G1 X44.198 Y24.907 E.10203
G1 X43.893 Y24.955 E.00833
G1 X43.629 Y25.086 E.00795
G1 X43.545 Y25.163 E.00307
G1 X43.794 Y25.497 F9000
G1 F3446
G1 X43.667 Y25.646 E.00528
G1 X43.61 Y25.901 E.00705
G1 X43.61 Y30.312 E.11903
G1 X16.694 Y30.312 E.72632
G1 X16.694 Y16.524 E.37207
G1 X75.483 Y16.524 E1.58641
G1 X75.483 Y30.312 E.37207
G1 X48.567 Y30.312 E.72632
G1 X48.567 Y25.794 E.12192
G1 X48.433 Y25.527 E.00806
G1 X48.242 Y25.374 E.0066
G1 X47.979 Y25.312 E.00729
G1 X44.124 Y25.312 E.10403
G1 X43.861 Y25.418 E.00765
G1 X43.833 Y25.451 E.00117
G1 X44.062 Y25.771 F9000
;TYPE:External perimeter
;WIDTH:0.419999
G1 F1800
G1 X44.005 Y25.901 E.00364
G1 X44.005 Y30.708 E.12332
G1 X16.298 Y30.708 E.71081
G1 X16.298 Y16.128 E.37404
G1 X75.878 Y16.128 E1.52849
G1 X75.878 Y30.708 E.37404
G1 X48.172 Y30.708 E.71078
G1 X48.172 Y25.901 E.12332
G1 X48.128 Y25.778 E.00335
G1 X47.979 Y25.708 E.00422
G1 X44.198 Y25.708 E.097
G1 X44.111 Y25.742 E.0024
G1 X44.278 Y24.467 F9000
;TYPE:Solid infill
;WIDTH:0.565258
G1 F3446
G1 X44.231 Y24.514 E.00235
G1 X44.248 Y24.579 E.00237
G1 X44.312 Y24.596 E.00234
G1 X44.359 Y24.549 E.00235
G1 X44.342 Y24.485 E.00234
;WIDTH:0.439999
G1 X44.232 Y23.807 E.01853
G1 X45.02 Y24.594 E.03005
G1 X45.593 Y24.594 E.01546
G1 X44.232 Y23.233 E.05194
G1 X44.232 Y22.659 E.01549
G1 X46.167 Y24.594 E.07384
G1 X46.741 Y24.594 E.01549
G1 X44.232 Y22.086 E.09573
G1 X44.232 Y21.512 E.01549
G1 X47.314 Y24.594 E.11762
G1 X48.097 Y24.602 E.02113
;WIDTH:0.374336
G1 X48.09 Y24.728 E.00285
;WIDTH:0.407168
G1 X47.989 Y24.661 E.00301
;WIDTH:0.439999
G1 X47.888 Y24.594 E.00327
G1 X44.232 Y20.938 E.13952
G1 X44.232 Y20.365 E.01546
G1 X47.945 Y24.077 E.14168
G1 X47.945 Y23.503 E.01549
G1 X44.232 Y19.791 E.14168
G1 X44.232 Y19.217 E.01549
G1 X47.945 Y22.93 E.1417
G1 X47.945 Y22.356 E.01549
G1 X44.232 Y18.643 E.1417
G1 X44.232 Y18.07 E.01546
G1 X47.945 Y21.782 E.14168
G1 X47.945 Y21.209 E.01546
G1 X44.232 Y17.496 E.1417
G1 X44.551 Y17.242 E.011
G1 X47.945 Y20.635 E.1295
G1 X47.945 Y20.061 E.01549
G1 X45.125 Y17.242 E.1076
G1 X45.699 Y17.242 E.01549
G1 X47.945 Y19.488 E.08571
G1 E-3.5 F3600
;WIPE_START
G1 F7200
G1 X45.712 Y17.255 E-1.5
;WIPE_END
G1 X46.416 Y17.385 F9000
G1 E5 F2400
G1 F3446
G1 X47.945 Y18.914 E.05835
G1 X47.945 Y17.242 E.04512
G1 X46.272 Y17.242 E.04515
G1 X47.436 Y17.662 F9000
;WIDTH:0.608296
G1 F3446
G1 X47.386 Y17.713 E.00273
G1 X47.404 Y17.782 E.00272
G1 X47.473 Y17.801 E.00273
G1 X47.524 Y17.75 E.00275
G1 X47.506 Y17.681 E.00272
G1 E-3.5 F3600
;WIPE_START
G1 F7200
G1 X47.524 Y17.75 E-.03387
G1 X47.473 Y17.801 E-.03426
G1 X47.404 Y17.782 E-.03399
G1 X47.386 Y17.713 E-.03387
G1 X47.436 Y17.662 E-.03393
;WIPE_END
G1 E-1.33008 F3600
G1 X49.285 Y25.951 F9000
G1 E5 F2400
;WIDTH:0.439999
G1 F3446
G1 X49.285 Y29.594 E.09831
G1 X50.592 Y29.594 E.03527
G1 X50.592 Y25.92 E.09914
G1 X50.52 Y25.559 E.00993
G1 X50.306 Y25.238 E.01041
G1 X50.131 Y25.089 E.0062
G1 X49.828 Y24.955 E.00894
G1 X49.312 Y24.916 E.01396
G1 X48.813 Y24.915 E.01347
G1 X49.1 Y25.235 E.0116
G1 X49.285 Y25.749 E.01474
G1 X49.713 Y25.857 E.01191
;WIDTH:0.484712
G1 X49.61 Y25.349 E.01553
;WIDTH:0.478894
G1 X49.758 Y25.374 E.00444
G1 X49.973 Y25.502 E.0074
G1 X50.109 Y25.673 E.00646
;WIDTH:0.484712
G1 X50.164 Y25.958 E.0087
G1 X50.164 Y29.166 E.09611
G1 X49.713 Y29.166 E.01351
G1 X49.713 Y26.06 E.09305
G1 E-3.5 F3600
;WIPE_START
G1 F7200
G1 X49.713 Y29.166 E-1.47535
G1 X49.765 Y29.166 E-.02465
;WIPE_END
G1 X41.586 Y26.153 F9000
G1 E5 F2400
;WIDTH:0.439999
G1 F3446
G1 X41.585 Y29.594 E.09285
G1 X42.892 Y29.594 E.03527
G1 X42.901 Y25.756 E.10357
G1 X43.032 Y25.316 E.01239
G1 X43.221 Y25.04 E.00903
G1 X43.376 Y24.915 E.00537
G1 X42.596 Y24.915 E.02105
G1 X42.155 Y25.016 E.01221
G1 X41.845 Y25.238 E.01029
G1 X41.646 Y25.585 E.01079
G1 X41.586 Y25.951 E.01001
G1 E-3.5 F3600
;WIPE_START
G1 F7200
G1 X41.646 Y25.585 E-.17617
G1 X41.845 Y25.238 E-.19001
G1 X42.155 Y25.016 E-.18111
G1 X42.596 Y24.915 E-.2149
G1 X43.376 Y24.915 E-.3705
G1 X43.221 Y25.04 E-.09458
G1 X43.032 Y25.316 E-.15889
G1 X42.964 Y25.546 E-.11384
;WIPE_END
G1 X42.014 Y28.94 F9000
G1 E5 F2400
;WIDTH:0.488975
G1 F3446
G1 X42.016 Y25.951 E.0904
G1 X42.074 Y25.656 E.00909
;WIDTH:0.480288
G1 X42.286 Y25.431 E.00917
G1 X42.569 Y25.35 E.00873
G1 X42.523 Y25.505 E.0048
;WIDTH:0.488975
G1 X42.471 Y25.951 E.01358
G1 X42.465 Y29.166 E.09723
;WIDTH:0.485575
G1 X42.014 Y29.166 E.01354
G1 X42.014 Y29.143 E.00069
G1 E-3.5 F3600
;WIPE_START
G1 F7200
G1 X42.014 Y29.166 E-.01092
G1 X42.465 Y29.166 E-.21423
G1 X42.47 Y26.482 E-1.27485
;WIPE_END
G1 X17.412 Y23.931 F9000
G1 E5 F2400
;TYPE:Internal infill
;WIDTH:0.44
G1 F3446
G1 X17.412 Y21.497 E.06568
G1 X21.668 Y17.242 E.1624
G1 X24.614 Y17.242 E.0795
G1 X36.966 Y29.594 E.47138
G1 X39.912 Y29.594 E.0795
G1 X41.179 Y28.327 E.04835
G1 X41.179 Y26.158 E.05853
G1 X32.263 Y17.242 E.34026
G1 X29.317 Y17.242 E.0795
G1 X17.412 Y29.146 E.4543
G1 X17.412 Y25.339 E.10273
G1 X21.668 Y29.594 E.1624
G1 X24.614 Y29.594 E.0795
G1 X36.966 Y17.242 E.47138
G1 X39.912 Y17.242 E.0795
G1 X43.826 Y21.156 E.14937
G1 X43.826 Y18.031 E.08433
G1 X32.263 Y29.594 E.44127
G1 X29.317 Y29.594 E.0795
G1 X17.412 Y17.689 E.45432
G1 X17.412 Y17.242 E.01206
G1 X19.398 Y17.242 E.05359
G1 E-3.5 F3600
;WIPE_START
G1 F7200
G1 X17.412 Y17.242 E-.94335
G1 X17.412 Y17.689 E-.21232
G1 X17.925 Y18.202 E-.34433
;WIPE_END
G1 X72.779 Y29.594 F9000
G1 E5 F2400
G1 F3446
G1 X74.765 Y29.594 E.05359
G1 X74.765 Y29.146 E.01209
G1 X62.86 Y17.242 E.4543
G1 X59.914 Y17.242 E.0795
G1 X50.997 Y26.158 E.34027
G1 X50.997 Y28.327 E.05853
G1 X52.265 Y29.594 E.04837
G1 X55.211 Y29.594 E.0795
G1 X67.563 Y17.242 E.47138
G1 X70.509 Y17.242 E.0795
G1 X74.765 Y21.497 E.1624
G1 X74.765 Y17.689 E.10276
G1 X62.86 Y29.594 E.45432
G1 X59.914 Y29.594 E.0795
G1 X48.35 Y18.031 E.44129
G1 X48.35 Y21.156 E.08433
G1 X52.265 Y17.242 E.14939
G1 X55.211 Y17.242 E.0795
G1 X67.563 Y29.594 E.47138
G1 X70.509 Y29.594 E.0795
G1 X74.765 Y25.339 E.1624
G1 X74.765 Y22.905 E.06568
;LAYER_CHANGE
;Z:2.28
;HEIGHT:0.16
;BEFORE_LAYER_CHANGE
G92 E0
;2.28


G1 E-3.5 F3600
;WIPE_START
G1 F7200
G1 X74.765 Y25.339 E-1.15615
G1 X74.253 Y25.851 E-.34385
;WIPE_END
G1 Z2.28 F9000
;AFTER_LAYER_CHANGE
;2.28
G1 X75.077 Y16.929
G1 E5 F2400
;TYPE:Perimeter
;WIDTH:0.439999
G1 F3341
G1 X75.077 Y29.907 E.35021
G1 X49.25 Y29.907 E.69694
G1 X49.25 Y25.901 E.1081
G1 X49.221 Y25.664 E.00644
G1 X49.096 Y25.37 E.00862
G1 X48.825 Y25.086 E.01059
G1 X48.561 Y24.955 E.00795
G1 X48.256 Y24.907 E.00833
G1 X43.921 Y24.907 E.11698
G1 X43.616 Y24.955 E.00833
G1 X43.351 Y25.086 E.00798
G1 X43.153 Y25.269 E.00728
G1 X42.983 Y25.571 E.00935
G1 X42.927 Y25.901 E.00903
G1 X42.927 Y29.907 E.1081
G1 X17.1 Y29.907 E.69694
G1 X17.1 Y16.929 E.35021
G1 X75.017 Y16.929 E1.56288
G1 X75.483 Y16.524 F9000
G1 F3341
G1 X75.483 Y30.312 E.37207
G1 X48.844 Y30.312 E.71885
G1 X48.844 Y25.794 E.12192
G1 X48.71 Y25.527 E.00806
G1 X48.519 Y25.374 E.0066
G1 X48.256 Y25.312 E.00729
G1 X43.847 Y25.312 E.11898
G1 X43.584 Y25.418 E.00765
G1 X43.39 Y25.646 E.00808
G1 X43.332 Y25.901 E.00706
G1 X43.332 Y30.312 E.11903
G1 X16.694 Y30.312 E.71882
G1 X16.694 Y16.524 E.37207
G1 X75.423 Y16.524 E1.58479
G1 X75.878 Y16.128 F9000
;TYPE:External perimeter
;WIDTH:0.419999
G1 F1800
G1 X75.878 Y30.708 E.37404
G1 X48.449 Y30.708 E.70367
G1 X48.449 Y25.901 E.12332
G1 X48.405 Y25.778 E.00335
G1 X48.256 Y25.708 E.00422
G1 X43.921 Y25.708 E.11121
G1 X43.79 Y25.76 E.00362
G1 X43.728 Y25.901 E.00395
G1 X43.728 Y30.708 E.12332
G1 X16.298 Y30.708 E.7037
G1 X16.298 Y16.128 E.37404
G1 X75.818 Y16.128 E1.52695
G1 E-3.5 F3600
;WIPE_START
G1 F7200
G1 X75.878 Y16.128 E-.0285
G1 X75.878 Y19.226 E-1.4715
;WIPE_END
G1 X74.765 Y22.905 F9000
G1 E5 F2400
;TYPE:Internal infill
;WIDTH:0.44
G1 F3341
G1 X74.765 Y25.339 E.06568
G1 X70.509 Y29.594 E.1624
G1 X67.563 Y29.594 E.0795
G1 X55.211 Y17.242 E.47138
G1 X52.265 Y17.242 E.0795
G1 X48.656 Y20.85 E.13771
G1 X48.656 Y18.336 E.06784
G1 X59.914 Y29.594 E.42963
G1 X62.86 Y29.594 E.0795
G1 X74.765 Y17.689 E.45432
G1 X74.765 Y21.497 E.10276
G1 X70.509 Y17.242 E.1624
G1 X67.563 Y17.242 E.0795
G1 X55.211 Y29.594 E.47138
G1 X52.265 Y29.594 E.0795
G1 X50.997 Y28.327 E.04837
G1 X50.997 Y26.158 E.05853
G1 X59.914 Y17.242 E.34027
G1 X62.86 Y17.242 E.0795
G1 X74.765 Y29.146 E.4543
G1 X74.765 Y29.594 E.01209
G1 X72.779 Y29.594 E.05359
G1 E-3.5 F3600
;WIPE_START
G1 F7200
G1 X74.765 Y29.594 E-.94335
G1 X74.765 Y29.146 E-.2128
G1 X74.253 Y28.634 E-.34385
;WIPE_END
G1 X49.57 Y24.916 F9000
G1 E5 F2400
;TYPE:Solid infill
;WIDTH:0.439999
G1 F3341
G1 X49.905 Y24.979 E.0092
G1 X50.231 Y25.144 E.00986
G1 X50.502 Y25.5 E.01207
G1 X50.592 Y25.92 E.01159
G1 X50.592 Y29.594 E.09914
G1 X49.562 Y29.594 E.02779
G1 X49.553 Y25.791 E.10262
G1 X49.445 Y25.367 E.01181
G1 X49.126 Y24.929 E.01462
G1 X49.367 Y24.922 E.00651
G1 X50.063 Y25.79 F9000
;WIDTH:0.667286
G1 F3341
G1 X50.076 Y29.079 E.13848
G1 E-3.5 F3600
;WIPE_START
G1 F7200
G1 X50.063 Y25.921 E-1.5
;WIPE_END
G1 X42.54 Y24.921 F9000
G1 E5 F2400
;WIDTH:0.439999
G1 F3341
G1 X43.05 Y24.915 E.01376
G1 X42.786 Y25.271 E.01196
G1 X42.688 Y25.489 E.00645
G1 X42.614 Y25.906 E.01143
G1 X42.614 Y29.594 E.09952
G1 X41.585 Y29.594 E.02777
G1 X41.586 Y25.873 E.10041
G1 X41.69 Y25.488 E.01076
G1 X41.88 Y25.219 E.00889
G1 X42.149 Y25.013 E.00914
G1 X42.343 Y24.968 E.00537
G1 X42.114 Y25.793 F9000
;WIDTH:0.657166
G1 F3341
G1 X42.1 Y25.941 E.00616
;WIDTH:0.65782
G1 X42.1 Y29.08 E.13019
G1 E-3.5 F3600
;WIPE_START
G1 F7200
G1 X42.1 Y25.941 E-1.49103
G1 X42.102 Y25.922 E-.00897
;WIPE_END
G1 X44.053 Y17.287 F9000
G1 E5 F2400
;WIDTH:0.565258
G1 F3341
G1 X44.006 Y17.24 E.00235
G1 X43.942 Y17.257 E.00234
G1 X43.925 Y17.321 E.00234
G1 X43.972 Y17.368 E.00235
G1 X44.036 Y17.351 E.00234
G1 X43.794 Y18.174 F9000
;WIDTH:0.374336
G1 F3341
G1 X43.723 Y18.155 E.00166
G1 X43.742 Y18.226 E.00166
G1 X43.783 Y18.215 E.00096
;WIDTH:0.407168
G1 X43.855 Y18.122 E.00292
;WIDTH:0.439999
G1 X43.926 Y18.029 E.00316
G1 X44.714 Y17.242 E.03005
G1 X44.807 Y17.17 E.00317
;WIDTH:0.407168
G1 X44.9 Y17.099 E.0029
;WIDTH:0.374336
G1 X44.859 Y17.11 E.00096
G1 X44.84 Y17.038 E.00168
G1 X44.911 Y17.057 E.00166
;WIDTH:0.439999
G1 X45.288 Y17.242 E.01133
G1 X43.926 Y18.603 E.05196
G1 X43.926 Y19.177 E.01549
G1 X45.861 Y17.242 E.07384
G1 X46.435 Y17.242 E.01549
G1 X43.926 Y19.75 E.09573
G1 X43.926 Y20.324 E.01549
G1 X47.009 Y17.242 E.11764
G1 X47.582 Y17.242 E.01546
G1 X43.926 Y20.898 E.13952
G1 X43.926 Y21.471 E.01546
G1 X48.156 Y17.242 E.16141
G1 X48.25 Y17.721 E.01317
G1 X43.926 Y22.045 E.16501
G1 X43.926 Y22.619 E.01549
G1 X48.25 Y18.295 E.16501
G1 X48.25 Y18.868 E.01546
G1 X43.926 Y23.192 E.16501
G1 X43.926 Y23.766 E.01549
G1 X48.25 Y19.442 E.16501
G1 X48.25 Y20.016 E.01549
G1 X43.926 Y24.34 E.16501
G1 X43.9 Y24.527 E.00509
;WIDTH:0.407168
G1 X43.873 Y24.714 E.00469
;WIDTH:0.374336
G1 X43.832 Y24.725 E.00096
G1 X43.813 Y24.654 E.00166
G1 X43.884 Y24.673 E.00166
;WIDTH:0.439999
G1 X44.246 Y24.594 E.01
G1 X48.25 Y20.589 E.15282
G1 X48.25 Y21.163 E.01549
G1 X44.819 Y24.594 E.13093
G1 X45.393 Y24.594 E.01549
G1 X48.25 Y21.737 E.10903
G1 X48.25 Y22.31 E.01546
G1 X45.967 Y24.594 E.08714
G1 X46.54 Y24.594 E.01546
G1 X48.25 Y22.884 E.06526
G1 X48.185 Y23.615 E.0198
;WIDTH:0.570028
G1 X48.185 Y24.529 E.03257
G1 X47.271 Y24.529 E.03257
G1 X48.042 Y23.758 E.03885
G1 E-3.5 F3600
;WIPE_START
G1 F7200
G1 X47.271 Y24.529 E-.51792
G1 X48.185 Y24.529 E-.43415
G1 X48.185 Y23.615 E-.43415
G1 X48.206 Y23.376 E-.11378
;WIPE_END
G1 X19.398 Y17.242 F9000
G1 E5 F2400
;TYPE:Internal infill
;WIDTH:0.44
G1 F3341
G1 X17.412 Y17.242 E.05359
G1 X17.412 Y17.689 E.01206
G1 X29.317 Y29.594 E.45432
G1 X32.263 Y29.594 E.0795
G1 X43.521 Y18.336 E.42963
G1 X43.521 Y20.85 E.06784
G1 X39.912 Y17.242 E.13771
G1 X36.966 Y17.242 E.0795
G1 X24.614 Y29.594 E.47138
G1 X21.668 Y29.594 E.0795
G1 X17.412 Y25.339 E.1624
G1 X17.412 Y29.146 E.10273
G1 X29.317 Y17.242 E.4543
G1 X32.263 Y17.242 E.0795
G1 X41.179 Y26.158 E.34026
G1 X41.179 Y28.327 E.05853
G1 X39.912 Y29.594 E.04835
G1 X36.966 Y29.594 E.0795
G1 X24.614 Y17.242 E.47138
G1 X21.668 Y17.242 E.0795
G1 X17.412 Y21.497 E.1624
G1 X17.412 Y23.931 E.06568
;LAYER_CHANGE
;Z:2.44
;HEIGHT:0.16
;BEFORE_LAYER_CHANGE
G92 E0
;2.44


G1 E-3.5 F3600
;WIPE_START
G1 F7200
G1 X17.412 Y21.497 E-1.15615
G1 X17.924 Y20.985 E-.34385
;WIPE_END
G1 Z2.44 F9000
;AFTER_LAYER_CHANGE
;2.44
G1 X17.1 Y29.907
G1 E5 F2400
;TYPE:Perimeter
;WIDTH:0.439999
G1 F3432
G1 X17.1 Y16.929 E.35021
G1 X75.077 Y16.929 E1.5645
G1 X75.077 Y29.907 E.35021
G1 X49.527 Y29.907 E.68946
G1 X49.527 Y25.901 E.1081
G1 X49.499 Y25.664 E.00644
G1 X49.373 Y25.37 E.00863
G1 X49.102 Y25.086 E.01059
G1 X48.838 Y24.955 E.00795
G1 X48.533 Y24.907 E.00833
G1 X43.644 Y24.907 E.13193
G1 X43.338 Y24.955 E.00836
G1 X43.074 Y25.086 E.00795
G1 X42.876 Y25.269 E.00728
G1 X42.706 Y25.571 E.00935
G1 X42.65 Y25.901 E.00903
G1 X42.65 Y29.907 E.1081
G1 X17.16 Y29.907 E.68784
G1 X16.694 Y30.312 F9000
G1 F3432
G1 X16.694 Y16.524 E.37207
G1 X75.483 Y16.524 E1.58641
G1 X75.483 Y30.312 E.37207
G1 X49.121 Y30.312 E.71137
G1 X49.121 Y25.794 E.12192
G1 X48.987 Y25.527 E.00806
G1 X48.796 Y25.374 E.0066
G1 X48.533 Y25.312 E.00729
G1 X43.57 Y25.312 E.13393
G1 X43.307 Y25.418 E.00765
G1 X43.113 Y25.646 E.00808
G1 X43.055 Y25.901 E.00706
G1 X43.055 Y30.312 E.11903
G1 X16.754 Y30.312 E.70973
G1 X16.298 Y30.708 F9000
;TYPE:External perimeter
;WIDTH:0.419999
G1 F1800
G1 X16.298 Y16.128 E.37404
G1 X75.878 Y16.128 E1.52849
G1 X75.878 Y30.708 E.37404
G1 X48.726 Y30.708 E.69657
G1 X48.726 Y25.901 E.12332
G1 X48.682 Y25.778 E.00335
G1 X48.533 Y25.708 E.00422
G1 X43.644 Y25.708 E.12542
G1 X43.512 Y25.76 E.00364
G1 X43.451 Y25.901 E.00394
G1 X43.451 Y30.708 E.12332
G1 X16.358 Y30.708 E.69505
G1 E-3.5 F3600
;WIPE_START
G1 F7200
G1 X16.298 Y30.708 E-.0285
G1 X16.298 Y27.61 E-1.4715
;WIPE_END
G1 X17.412 Y23.931 F9000
G1 E5 F2400
;TYPE:Internal infill
;WIDTH:0.44
G1 F3432
G1 X17.412 Y21.497 E.06568
G1 X21.668 Y17.242 E.1624
G1 X24.614 Y17.242 E.0795
G1 X36.966 Y29.594 E.47138
G1 X39.912 Y29.594 E.0795
G1 X41.179 Y28.327 E.04835
G1 X41.179 Y26.158 E.05853
G1 X32.263 Y17.242 E.34026
G1 X29.317 Y17.242 E.0795
G1 X17.412 Y29.146 E.4543
G1 X17.412 Y25.339 E.10273
G1 X21.668 Y29.594 E.1624
G1 X24.614 Y29.594 E.0795
G1 X36.966 Y17.242 E.47138
G1 X39.912 Y17.242 E.0795
G1 X43.299 Y20.629 E.12926
G1 X43.299 Y18.558 E.05589
G1 X32.263 Y29.594 E.42116
G1 X29.317 Y29.594 E.0795
G1 X17.412 Y17.689 E.45432
G1 X17.412 Y17.242 E.01206
G1 X19.398 Y17.242 E.05359
G1 E-3.5 F3600
;WIPE_START
G1 F7200
G1 X17.412 Y17.242 E-.94335
G1 X17.412 Y17.689 E-.21232
G1 X17.925 Y18.202 E-.34433
;WIPE_END
G1 X43.75 Y24.467 F9000
G1 E5 F2400
;TYPE:Solid infill
;WIDTH:0.565258
G1 F3432
G1 X43.703 Y24.514 E.00235
G1 X43.72 Y24.579 E.00237
G1 X43.784 Y24.596 E.00234
G1 X43.831 Y24.549 E.00235
G1 X43.814 Y24.485 E.00234
;WIDTH:0.439999
G1 X43.705 Y23.807 E.01853
G1 X44.492 Y24.594 E.03003
G1 X45.066 Y24.594 E.01549
G1 X43.705 Y23.233 E.05194
G1 X43.705 Y22.659 E.01549
G1 X45.64 Y24.594 E.07384
G1 X46.213 Y24.594 E.01546
G1 X43.705 Y22.086 E.09571
G1 X43.705 Y21.512 E.01549
G1 X46.787 Y24.594 E.11762
G1 X47.361 Y24.594 E.01549
G1 X43.705 Y20.938 E.13952
G1 X43.705 Y20.365 E.01546
G1 X47.934 Y24.594 E.16139
G1 X48.472 Y24.558 E.01455
G1 X43.705 Y19.791 E.18192
G1 X43.705 Y19.217 E.01549
G1 X48.472 Y23.985 E.18194
G1 X48.472 Y23.411 E.01549
G1 X43.705 Y18.643 E.18194
G1 X43.705 Y18.07 E.01546
G1 X48.472 Y22.837 E.18192
G1 X48.472 Y22.264 E.01546
G1 X43.705 Y17.496 E.18194
G1 X43.677 Y17.311 E.00505
;WIDTH:0.407168
G1 X43.649 Y17.126 E.00464
;WIDTH:0.374336
G1 X43.66 Y17.167 E.00096
G1 X43.589 Y17.186 E.00166
G1 X43.608 Y17.115 E.00166
;WIDTH:0.439999
G1 X44.024 Y17.242 E.01174
G1 X48.472 Y21.69 E.16975
G1 X48.472 Y21.116 E.01549
G1 X44.598 Y17.242 E.14784
G1 X45.171 Y17.242 E.01546
G1 X48.472 Y20.542 E.12595
G1 X48.472 Y19.969 E.01546
G1 X45.745 Y17.242 E.10407
G1 X46.319 Y17.242 E.01549
G1 X48.472 Y19.395 E.08216
G1 E-3.5 F3600
;WIPE_START
G1 F7200
G1 X46.319 Y17.242 E-1.44628
G1 X46.206 Y17.242 E-.05372
;WIPE_END
G1 X47.036 Y17.385 F9000
G1 E5 F2400
G1 F3432
G1 X48.472 Y18.821 E.0548
G1 X48.472 Y17.242 E.04261
G1 X46.892 Y17.242 E.04264
G1 X47.993 Y17.642 F9000
;WIDTH:0.554066
G1 F3432
G1 X47.947 Y17.687 E.00222
G1 X47.963 Y17.75 E.00225
G1 X48.026 Y17.767 E.00226
G1 X48.072 Y17.721 E.00225
G1 X48.055 Y17.658 E.00226
G1 E-3.5 F3600
;WIPE_START
G1 F7200
G1 X48.072 Y17.721 E-.031
G1 X48.026 Y17.767 E-.0309
G1 X47.963 Y17.75 E-.031
G1 X47.947 Y17.687 E-.03087
G1 X47.993 Y17.642 E-.03057
;WIPE_END
G1 E-1.34566 F3600
G1 X50.216 Y29.218 F9000
G1 E5 F2400
;WIDTH:0.380836
G1 F3432
G1 X50.216 Y25.942 E.07551
G1 X50.198 Y25.759 E.00424
;WIDTH:0.406464
G1 X50.019 Y25.759 E.00443
;WIDTH:0.439999
G1 X49.839 Y25.759 E.00486
G1 X49.654 Y25.235 E.015
G1 X49.379 Y24.927 E.01114
G1 X49.819 Y24.95 E.01189
G1 X50.189 Y25.12 E.01099
G1 X50.286 Y25.207 E.00352
G1 X50.499 Y25.491 E.00958
G1 X50.592 Y25.92 E.01185
G1 X50.592 Y29.594 E.09914
G1 X49.839 Y29.594 E.02032
G1 X49.839 Y25.962 E.09801
G1 E-3.5 F3600
;WIPE_START
G1 F7200
G1 X49.839 Y29.12 E-1.5
;WIPE_END
G1 X41.962 Y29.218 F9000
G1 E5 F2400
;WIDTH:0.38925
G1 F3432
G1 X41.966 Y26 E.07597
;WIDTH:0.414625
G1 X41.776 Y26 E.00481
;WIDTH:0.439999
G1 X41.586 Y26 E.00513
;WIDTH:0.473628
G1 X41.613 Y25.891 E.00328
;WIDTH:0.507257
G1 X41.64 Y25.782 E.00353
;WIDTH:0.540886
G1 X41.667 Y25.673 E.00378
;WIDTH:0.585016
G1 X41.923 Y25.272 E.01743
G1 X42.24 Y25.057 E.01403
G1 X42.596 Y25.01 E.01315
G1 X42.458 Y25.212 E.00896
G1 X42.287 Y25.675 E.01808
G1 X42.307 Y25.783 E.00402
;WIDTH:0.536677
G1 X42.327 Y25.892 E.0037
;WIDTH:0.488338
G1 X42.347 Y26.001 E.00335
;WIDTH:0.439999
G1 X42.338 Y29.594 E.09696
G1 X41.585 Y29.594 E.02032
G1 X41.586 Y26.203 E.09151
G1 E-3.5 F3600
;WIPE_START
G1 F7200
G1 X41.585 Y29.361 E-1.5
;WIPE_END
G1 X72.779 Y29.594 F9000
G1 E5 F2400
;TYPE:Internal infill
;WIDTH:0.44
G1 F3432
G1 X74.765 Y29.594 E.05359
G1 X74.765 Y29.146 E.01209
G1 X62.86 Y17.242 E.4543
G1 X59.914 Y17.242 E.0795
G1 X50.997 Y26.158 E.34027
G1 X50.997 Y28.327 E.05853
G1 X52.265 Y29.594 E.04837
G1 X55.211 Y29.594 E.0795
G1 X67.563 Y17.242 E.47138
G1 X70.509 Y17.242 E.0795
G1 X74.765 Y21.497 E.1624
G1 X74.765 Y17.689 E.10276
G1 X62.86 Y29.594 E.45432
G1 X59.914 Y29.594 E.0795
G1 X48.878 Y18.558 E.42116
G1 X48.878 Y20.629 E.05589
G1 X52.265 Y17.242 E.12926
G1 X55.211 Y17.242 E.0795
G1 X67.563 Y29.594 E.47138
G1 X70.509 Y29.594 E.0795
G1 X74.765 Y25.339 E.1624
G1 X74.765 Y22.905 E.06568
;LAYER_CHANGE
;Z:2.6
;HEIGHT:0.16
;BEFORE_LAYER_CHANGE
G92 E0
;2.6


G1 E-3.5 F3600
;WIPE_START
G1 F7200
G1 X74.765 Y25.339 E-1.15615
G1 X74.253 Y25.851 E-.34385
;WIPE_END
G1 Z2.6 F9000
;AFTER_LAYER_CHANGE
;2.6
G1 X75.077 Y16.929
G1 E5 F2400
;TYPE:Perimeter
;WIDTH:0.439999
G1 F3600
G1 X75.077 Y29.907 E.35021
G1 X49.804 Y29.907 E.68199
G1 X49.804 Y25.901 E.1081
G1 X49.776 Y25.664 E.00644
G1 X49.65 Y25.37 E.00863
G1 X49.38 Y25.086 E.01057
G1 X49.115 Y24.955 E.00798
G1 X48.81 Y24.907 E.00833
G1 X43.367 Y24.907 E.14688
G1 X43.061 Y24.955 E.00836
G1 X42.797 Y25.086 E.00795
G1 X42.599 Y25.269 E.00728
G1 X42.429 Y25.571 E.00935
G1 X42.373 Y25.901 E.00903
G1 X42.373 Y29.907 E.1081
G1 X17.1 Y29.907 E.68199
G1 X17.1 Y16.929 E.35021
G1 X75.017 Y16.929 E1.56288
G1 X75.483 Y16.524 F9000
G1 F3600
G1 X75.483 Y30.312 E.37207
G1 X49.399 Y30.312 E.70387
G1 X49.399 Y25.794 E.12192
G1 X49.265 Y25.527 E.00806
G1 X49.073 Y25.374 E.00662
G1 X48.81 Y25.312 E.00729
G1 X43.293 Y25.312 E.14888
G1 X43.03 Y25.418 E.00765
G1 X42.836 Y25.646 E.00808
G1 X42.778 Y25.901 E.00706
G1 X42.778 Y30.312 E.11903
G1 X16.694 Y30.312 E.70387
G1 X16.694 Y16.524 E.37207
G1 X75.423 Y16.524 E1.58479
G1 X75.878 Y16.128 F9000
;TYPE:External perimeter
;WIDTH:0.419999
G1 F1800
G1 X75.878 Y30.708 E.37404
G1 X49.003 Y30.708 E.68946
G1 X49.003 Y25.901 E.12332
G1 X48.959 Y25.778 E.00335
G1 X48.81 Y25.708 E.00422
G1 X43.367 Y25.708 E.13964
G1 X43.235 Y25.76 E.00364
G1 X43.174 Y25.901 E.00394
G1 X43.174 Y30.708 E.12332
G1 X16.298 Y30.708 E.68949
G1 X16.298 Y16.128 E.37404
G1 X75.818 Y16.128 E1.52695
G1 E-3.5 F3600
;WIPE_START
G1 F7200
G1 X75.878 Y16.128 E-.0285
G1 X75.878 Y19.226 E-1.4715
;WIPE_END
G1 X74.765 Y22.905 F9000
G1 E5 F2400
;TYPE:Internal infill
;WIDTH:0.44
G1 F3600
G1 X74.765 Y25.339 E.06568
G1 X70.509 Y29.594 E.1624
G1 X67.563 Y29.594 E.0795
G1 X55.211 Y17.242 E.47138
G1 X52.265 Y17.242 E.0795
G1 X49.052 Y20.454 E.1226
G1 X49.052 Y18.732 E.04647
G1 X59.508 Y29.189 E.39904
G1 X63.266 Y29.189 E.10141
G1 X74.765 Y17.689 E.43885
G1 X74.765 Y21.497 E.10276
G1 X70.509 Y17.242 E.1624
G1 X67.563 Y17.242 E.0795
G1 X55.211 Y29.594 E.47138
G1 X52.265 Y29.594 E.0795
G1 X50.997 Y28.327 E.04837
G1 X50.997 Y26.158 E.05853
G1 X59.508 Y17.647 E.3248
G1 X63.266 Y17.647 E.10141
G1 X74.765 Y29.146 E.43883
G1 X74.765 Y29.594 E.01209
G1 X72.779 Y29.594 E.05359
G1 E-3.5
;WIPE_START
G1 F7200
G1 X74.765 Y29.594 E-.94335
G1 X74.765 Y29.146 E-.2128
G1 X74.253 Y28.634 E-.34385
;WIPE_END
G1 X58.748 Y29.594 F9000
G1 E5 F2400
;TYPE:Solid infill
;WIDTH:0.44003
G1 F3600
G1 X63.236 Y29.594 E.12112
G1 E-3.5
;WIPE_START
G1 F7200
G1 X60.078 Y29.594 E-1.5
;WIPE_END
G1 X60.467 Y17.242 F9000
G1 E5 F2400
G1 F3600
G1 X63.197 Y17.242 E.07367
G1 E-3.5
;WIPE_START
G1 F7200
G1 X60.467 Y17.242 E-1.29675
;WIPE_END
G1 E-.20325 F3600
G1 X49.683 Y24.946 F9000
G1 E5 F2400
;WIDTH:0.453529
G1 F3600
G1 X49.859 Y24.962 E.00493
G1 X50.187 Y25.119 E.01014
G1 X50.487 Y25.485 E.0132
;WIDTH:0.474693
G1 X50.574 Y25.912 E.01276
G1 X50.574 Y29.577 E.10736
G1 X50.134 Y29.577 E.01289
G1 X50.134 Y25.918 E.10718
G1 X50.09 Y25.612 E.00906
;WIDTH:0.454215
G1 X49.937 Y25.232 E.01144
;WIDTH:0.453529
G1 X49.818 Y25.097 E.00502
G1 E-3.5
;WIPE_START
G1 F7200
G1 X49.937 Y25.232 E-.08548
G1 X50.09 Y25.612 E-.19458
G1 X50.134 Y25.918 E-.14684
G1 X50.134 Y28.177 E-1.0731
;WIPE_END
G1 X42.502 Y24.931 F9000
G1 E5 F2400
;WIDTH:0.420479
G1 F3600
G1 X42.26 Y25.228 E.00984
;WIDTH:0.460749
G1 X42.069 Y25.695 E.01431
;WIDTH:0.479259
G1 X42.05 Y25.938 E.00721
G1 X42.043 Y29.577 E.1077
;WIDTH:0.475113
G1 X41.603 Y29.577 E.0129
G1 X41.603 Y29.356 E.00648
;WIDTH:0.479259
G1 X41.605 Y25.937 E.10119
G1 X41.644 Y25.645 E.00872
;WIDTH:0.460041
G1 X41.796 Y25.3 E.01068
;WIDTH:0.422232
G1 X42.053 Y25.064 E.009
;WIDTH:0.420479
G1 X42.301 Y24.949 E.00702
G1 E-3.5
;WIPE_START
G1 F7200
G1 X42.053 Y25.064 E-.12985
G1 X41.796 Y25.3 E-.16574
G1 X41.644 Y25.645 E-.17907
G1 X41.605 Y25.937 E-.13993
G1 X41.604 Y27.801 E-.88541
;WIPE_END
G1 X43.657 Y17.287 F9000
G1 E5 F2400
;WIDTH:0.565262
G1 F3600
G1 X43.61 Y17.24 E.00235
G1 X43.546 Y17.257 E.00234
G1 X43.529 Y17.321 E.00234
G1 X43.576 Y17.368 E.00235
G1 X43.64 Y17.351 E.00234
;WIDTH:0.439999
G1 X44.318 Y17.242 E.01853
G1 X43.464 Y18.101 E.03269
;WIDTH:0.407168
G1 X43.398 Y18.174 E.00244
;WIDTH:0.374336
G1 X43.327 Y18.155 E.00166
G1 X43.346 Y18.226 E.00166
G1 X43.387 Y18.215 E.00096
;WIDTH:0.439999
G1 X43.53 Y18.603 E.01116
G1 X44.892 Y17.242 E.05196
G1 X45.465 Y17.242 E.01546
G1 X43.53 Y19.177 E.07384
G1 X43.53 Y19.75 E.01546
G1 X46.039 Y17.242 E.09573
G1 X46.613 Y17.242 E.01549
G1 X43.53 Y20.324 E.11764
G1 X43.53 Y20.898 E.01549
G1 X47.186 Y17.242 E.13952
G1 X47.76 Y17.242 E.01549
G1 X43.53 Y21.471 E.16141
G1 X43.53 Y22.045 E.01549
G1 X48.334 Y17.242 E.18331
G1 X48.772 Y17.146 E.0121
;WIDTH:0.374336
G1 X48.701 Y17.127 E.00166
G1 X48.72 Y17.198 E.00166
G1 X48.761 Y17.187 E.00096
;WIDTH:0.407168
G1 X48.704 Y17.345 E.00417
;WIDTH:0.439999
G1 X48.646 Y17.503 E.00454
G1 X43.53 Y22.619 E.19524
G1 X43.53 Y23.192 E.01546
G1 X48.646 Y18.076 E.19524
G1 X48.646 Y18.65 E.01549
G1 X43.53 Y23.766 E.19524
G1 X43.475 Y24.71 F9000
;WIDTH:0.374336
G1 F3600
G1 X43.434 Y24.721 E.00096
G1 X43.415 Y24.65 E.00166
G1 X43.486 Y24.669 E.00166
;WIDTH:0.407168
G1 X43.508 Y24.504 E.00413
;WIDTH:0.439999
G1 X43.53 Y24.34 E.00447
G1 X48.646 Y19.224 E.19524
G1 X48.646 Y19.797 E.01546
G1 X43.85 Y24.594 E.18305
G1 X44.423 Y24.594 E.01546
G1 X48.646 Y20.371 E.16116
G1 X48.646 Y20.945 E.01549
G1 X44.997 Y24.594 E.13925
G1 X45.571 Y24.594 E.01549
G1 X48.646 Y21.519 E.11735
G1 X48.646 Y22.092 E.01546
G1 X46.144 Y24.594 E.09548
G1 X46.718 Y24.594 E.01549
G1 X48.646 Y22.666 E.07358
G1 X48.646 Y24.594 E.05203
G1 X47.292 Y24.594 E.03654
G1 X48.503 Y23.383 E.04621
G1 E-3.5
;WIPE_START
G1 F7200
G1 X47.292 Y24.594 E-.81349
G1 X48.646 Y24.594 E-.64315
G1 X48.646 Y24.503 E-.04336
;WIPE_END
G1 X34.123 Y17.242 F9000
G1 E5 F2400
;TYPE:Internal infill
;WIDTH:0.44
G1 F3600
G1 X33.071 Y17.242 E.02839
G1 X33.477 Y17.647 E.01547
G1 X32.668 Y17.647 E.02183
G1 X41.179 Y26.158 E.3248
G1 X41.179 Y28.327 E.05853
G1 X39.912 Y29.594 E.04835
G1 X36.966 Y29.594 E.0795
G1 X24.614 Y17.242 E.47138
G1 X21.668 Y17.242 E.0795
G1 X17.412 Y21.497 E.1624
G1 X17.412 Y17.689 E.10276
G1 X28.911 Y29.189 E.43885
G1 X32.668 Y29.189 E.10138
G1 X43.125 Y18.732 E.39906
G1 X43.125 Y20.454 E.04647
G1 X39.912 Y17.242 E.1226
G1 X36.966 Y17.242 E.0795
G1 X24.614 Y29.594 E.47138
G1 X21.668 Y29.594 E.0795
G1 X17.412 Y25.339 E.1624
G1 X17.412 Y29.146 E.10273
G1 X29.317 Y17.242 E.4543
G1 X26.883 Y17.242 E.06568
G1 E-3.5
;WIPE_START
G1 F7200
G1 X29.317 Y17.242 E-1.15615
G1 X28.805 Y17.754 E-.34385
;WIPE_END
G1 X30.467 Y17.242 F9000
G1 E5 F2400
;TYPE:Solid infill
;WIDTH:0.440032
G1 F3600
G1 X32.602 Y17.242 E.05762
G1 E-3.5
;WIPE_START
G1 F7200
G1 X30.467 Y17.242 E-1.01413
;WIPE_END
G1 E-.48587 F3600
G1 X28.634 Y29.594 F9000
G1 E5 F2400
;WIDTH:0.44003
G1 F3600
G1 X33.236 Y29.594 E.12419
;LAYER_CHANGE
;Z:2.76
;HEIGHT:0.16
;BEFORE_LAYER_CHANGE
G92 E0
;2.76


G1 E-3.5 F3600
;WIPE_START
G1 F7200
G1 X30.078 Y29.594 E-1.5
;WIPE_END
G1 Z2.76 F9000
;AFTER_LAYER_CHANGE
;2.76
G1 X42.095 Y29.907
G1 E5 F2400
;TYPE:Perimeter
;WIDTH:0.439999
G1 F3600
G1 X17.1 Y29.907 E.67449
G1 X17.1 Y16.929 E.35021
G1 X75.077 Y16.929 E1.5645
G1 X75.077 Y29.907 E.35021
G1 X50.081 Y29.907 E.67451
G1 X50.081 Y25.901 E.1081
G1 X50.053 Y25.664 E.00644
G1 X49.928 Y25.37 E.00862
G1 X49.657 Y25.086 E.01059
G1 X49.393 Y24.955 E.00795
G1 X49.087 Y24.907 E.00836
G1 X43.09 Y24.907 E.16183
G1 X42.784 Y24.955 E.00836
G1 X42.52 Y25.086 E.00795
G1 X42.322 Y25.269 E.00728
G1 X42.152 Y25.571 E.00935
G1 X42.095 Y25.901 E.00904
G1 X42.095 Y29.847 E.10648
G1 X42.501 Y30.312 F9000
G1 F3600
G1 X16.694 Y30.312 E.6964
G1 X16.694 Y16.524 E.37207
G1 X75.483 Y16.524 E1.58641
G1 X75.483 Y30.312 E.37207
G1 X49.676 Y30.312 E.6964
G1 X49.676 Y25.794 E.12192
G1 X49.542 Y25.527 E.00806
G1 X49.35 Y25.374 E.00662
G1 X49.087 Y25.312 E.00729
G1 X43.015 Y25.312 E.16385
G1 X42.752 Y25.418 E.00765
G1 X42.559 Y25.646 E.00806
G1 X42.501 Y25.901 E.00706
G1 X42.501 Y30.252 E.11741
G1 X42.897 Y30.708 F9000
;TYPE:External perimeter
;WIDTH:0.419999
G1 F1800
G1 X16.298 Y30.708 E.68238
G1 X16.298 Y16.128 E.37404
G1 X75.878 Y16.128 E1.52849
G1 X75.878 Y30.708 E.37404
G1 X49.28 Y30.708 E.68236
G1 X49.28 Y25.901 E.12332
G1 X49.236 Y25.778 E.00335
G1 X49.087 Y25.708 E.00422
G1 X43.09 Y25.708 E.15385
G1 X42.958 Y25.76 E.00364
G1 X42.897 Y25.901 E.00394
G1 X42.897 Y30.648 E.12178
G1 X41.684 Y29.495 F9000
;TYPE:Solid infill
;WIDTH:0.647064
G1 F3600
G1 X41.689 Y25.925 E.14551
G1 X41.733 Y25.599 E.01341
;WIDTH:0.61882
G1 X41.804 Y25.447 E.00652
;WIDTH:0.586938
G1 X41.875 Y25.296 E.00613
G1 X43.351 Y24.632 F9000
;WIDTH:0.364888
G1 F3600
G1 X43.351 Y17.204 E.16333
G1 X43.682 Y17.204 E.00728
G1 X43.682 Y24.632 E.16333
G1 X43.554 Y24.632 E.00281
G1 E-3.5
;WIPE_START
G1 F7200
G1 X43.682 Y24.632 E-.0608
G1 X43.682 Y21.602 E-1.4392
;WIPE_END
G1 X48.495 Y24.467 F9000
G1 E5 F2400
;WIDTH:0.36489
G1 F3600
G1 X48.495 Y17.204 E.1597
G1 X48.826 Y17.204 E.00728
G1 X48.826 Y24.632 E.16333
G1 X48.533 Y24.632 E.00644
G1 E-3.5
;WIPE_START
G1 F7200
G1 X48.826 Y24.632 E-.13917
G1 X48.826 Y21.767 E-1.36083
;WIPE_END
G1 X50.493 Y29.495 F9000
G1 E5 F2400
;WIDTH:0.637906
G1 F3600
G1 X50.493 Y25.93 E.14313
G1 X50.416 Y25.529 E.01639
;WIDTH:0.593874
G1 X50.34 Y25.404 E.00545
;WIDTH:0.560382
G1 X50.264 Y25.28 E.00509
;WIDTH:0.526889
G1 X50.188 Y25.156 E.00477
;WIDTH:0.493396
G1 X50.129 Y25.098 E.00253
G1 E-3.5
;WIPE_START
G1 F7200
G1 X50.188 Y25.156 E-.0393
G1 X50.264 Y25.28 E-.06908
G1 X50.34 Y25.404 E-.06908
G1 X50.416 Y25.529 E-.06949
G1 X50.493 Y25.93 E-.19395
G1 X50.493 Y28.16 E-1.0591
;WIPE_END
G1 X48.312 Y17.819 F9000
G1 E5 F2400
;TYPE:Top solid infill
;WIDTH:0.410676
G1 F1800
G1 X47.714 Y17.222 E.02115
G1 X47.182 Y17.222 E.01332
G1 X48.147 Y18.187 E.03416
G1 X48.147 Y18.719 E.01332
G1 X46.65 Y17.222 E.053
G1 X46.118 Y17.222 E.01332
G1 X48.147 Y19.251 E.07183
G1 X48.147 Y19.783 E.01332
G1 X45.585 Y17.222 E.09069
G1 X45.053 Y17.222 E.01332
G1 X48.147 Y20.315 E.10952
G1 X48.147 Y20.848 E.01334
G1 X44.521 Y17.222 E.12837
G1 X44.03 Y17.222 E.01229
G1 X44.03 Y17.263 E.00103
G1 X48.147 Y21.38 E.14576
G1 X48.147 Y21.912 E.01332
G1 X44.03 Y17.795 E.14576
G1 X44.03 Y18.327 E.01332
G1 X48.147 Y22.444 E.14576
G1 X48.147 Y22.977 E.01334
G1 X44.03 Y18.859 E.14577
G1 X44.03 Y19.392 E.01334
G1 X48.147 Y23.509 E.14576
G1 X48.147 Y24.041 E.01332
G1 X44.03 Y19.924 E.14576
G1 X44.03 Y20.456 E.01332
G1 X48.147 Y24.573 E.14576
G1 X48.147 Y24.614 E.00103
G1 X47.656 Y24.614 E.01229
G1 X44.03 Y20.988 E.12837
G1 X44.03 Y21.52 E.01332
G1 X47.124 Y24.614 E.10954
G1 X46.591 Y24.614 E.01334
G1 X44.03 Y22.053 E.09067
G1 X44.03 Y22.585 E.01332
G1 X46.059 Y24.614 E.07183
G1 X45.527 Y24.614 E.01332
G1 X44.03 Y23.117 E.053
G1 X44.03 Y23.649 E.01332
G1 X44.995 Y24.614 E.03416
G1 X44.462 Y24.614 E.01334
G1 X43.865 Y24.017 E.02114
G1 E-3.5 F3600
;WIPE_START
G1 F7200
G1 X44.462 Y24.614 E-.40104
G1 X44.995 Y24.614 E-.25317
G1 X44.03 Y23.649 E-.64824
G1 X44.03 Y23.233 E-.19755
;WIPE_END
G1 X42.346 Y17.242 F9000
G1 E5 F2400
;TYPE:Internal infill
;WIDTH:0.44
G1 F3600
G1 X39.912 Y17.242 E.06568
G1 X42.983 Y20.313 E.1172
G1 X42.983 Y18.874 E.03883
G1 X35.019 Y26.838 E.30392
G1 X35.792 Y27.612 E.02952
G1 X35.388 Y28.016 E.01542
G1 X36.966 Y29.594 E.06022
G1 X39.912 Y29.594 E.0795
G1 X41.179 Y28.327 E.04835
G1 X41.179 Y26.158 E.05853
G1 X35.807 Y20.786 E.20501
G1 X36.211 Y20.382 E.01542
G1 X35.019 Y19.189 E.04551
G1 X36.966 Y17.242 E.0743
G1 X34.532 Y17.242 E.06568
G1 E-3.5
;WIPE_START
G1 F7200
G1 X36.966 Y17.242 E-1.15615
G1 X36.454 Y17.754 E-.34385
;WIPE_END
G1 X26.883 Y17.242 F9000
G1 E5 F2400
G1 F3600
G1 X29.317 Y17.242 E.06568
G1 X17.412 Y29.146 E.4543
G1 X17.412 Y25.339 E.10273
G1 X21.668 Y29.594 E.1624
G1 X24.614 Y29.594 E.0795
G1 X26.561 Y27.647 E.0743
G1 X25.986 Y27.072 E.02194
G1 X26.39 Y26.668 E.01542
G1 X17.412 Y17.689 E.34264
G1 X17.412 Y21.497 E.10276
G1 X21.668 Y17.242 E.1624
G1 X24.614 Y17.242 E.0795
G1 X27.254 Y19.882 E.10075
G1 X26.849 Y20.286 E.01544
G1 X28.166 Y21.603 E.05026
G1 E-3.5
;WIPE_START
G1 F7200
G1 X26.849 Y20.286 E-.8847
G1 X27.254 Y19.882 E-.27172
G1 X26.742 Y19.37 E-.34358
;WIPE_END
G1 X35.339 Y27.475 F9000
G1 E5 F2400
M204 S250
;TYPE:Bridge infill
;WIDTH:0.376835
;HEIGHT:0.368782
G1 F1500
G1 X33.227 Y29.588 E.13853
G1 X32.624 Y29.588 E.02796
G1 X34.904 Y27.307 E.14954
G1 X34.602 Y27.005 E.0198
G1 X32.02 Y29.588 E.16935
G1 X31.416 Y29.588 E.02801
G1 X34.301 Y26.703 E.18919
G1 X33.999 Y26.401 E.0198
G1 X30.813 Y29.588 E.20896
G1 X30.209 Y29.588 E.02801
G1 X33.697 Y26.1 E.22873
G1 X33.395 Y25.798 E.0198
G1 X29.605 Y29.588 E.24853
G1 X29.002 Y29.588 E.02796
G1 X33.093 Y25.496 E.2683
G1 X32.792 Y25.194 E.01977
G1 X28.713 Y29.273 E.26748
G1 X28.723 Y29.226 E.00223
G1 X28.44 Y28.942 E.01859
G1 X32.49 Y24.892 E.26558
G1 X32.188 Y24.591 E.01977
G1 X28.138 Y28.641 E.26558
G1 X27.836 Y28.339 E.0198
G1 X31.886 Y24.289 E.26558
G1 X31.804 Y24.206 E.00541
G1 X35.628 Y20.382 E.25076
G1 X35.409 Y20.162 E.01439
G1 X27.534 Y28.037 E.51641
G1 X27.232 Y27.735 E.0198
G1 X35.107 Y19.86 E.51641
G1 X34.805 Y19.559 E.01977
G1 X26.931 Y27.433 E.51634
G1 X26.629 Y27.132 E.01977
G1 X34.503 Y19.257 E.51637
G1 X34.202 Y18.955 E.01977
G1 X30.152 Y23.005 E.26558
G1 X29.85 Y22.703 E.0198
G1 X33.9 Y18.653 E.26558
G1 X33.598 Y18.351 E.0198
G1 X29.548 Y22.401 E.26558
G1 X29.246 Y22.1 E.01977
G1 X33.296 Y18.05 E.26558
G1 X32.994 Y17.748 E.0198
G1 X28.944 Y21.798 E.26558
G1 X28.642 Y21.496 E.0198
G1 X32.693 Y17.446 E.26561
G1 X32.622 Y17.375 E.00466
G1 X32.597 Y17.248 E.006
G1 X32.287 Y17.248 E.01437
G1 X28.341 Y21.194 E.25876
G1 X28.039 Y20.892 E.0198
G1 X31.683 Y17.248 E.23896
G1 X31.079 Y17.248 E.02801
G1 X27.737 Y20.591 E.21919
G1 X27.435 Y20.289 E.0198
G1 X30.664 Y17.06 E.21174
M204 S500
G1 E-3.5 F3600
;WIPE_START
G1 F7200
G1 X28.431 Y19.293 E-1.5
;WIPE_END
G1 X49.831 Y17.242 F9000
G1 E5 F2400
;TYPE:Internal infill
;WIDTH:0.44
;HEIGHT:0.16
G1 F3600
G1 X52.265 Y17.242 E.06568
G1 X49.194 Y20.313 E.1172
G1 X49.194 Y18.874 E.03883
G1 X56.393 Y26.073 E.27473
G1 X55.988 Y26.477 E.01544
G1 X57.158 Y27.647 E.04465
G1 X55.211 Y29.594 E.0743
G1 X52.265 Y29.594 E.0795
G1 X50.997 Y28.327 E.04837
G1 X50.997 Y26.158 E.05853
G1 X57.552 Y19.583 E.25054
G1 X55.211 Y17.242 E.08934
G1 X57.645 Y17.242 E.06568
G1 E-3.5
;WIPE_START
G1 F7200
G1 X55.211 Y17.242 E-1.15615
G1 X55.723 Y17.754 E-.34385
;WIPE_END
G1 X65.638 Y27.177 F9000
G1 E5 F2400
M204 S250
;TYPE:Bridge infill
;WIDTH:0.376835
;HEIGHT:0.368782
G1 F1500
G1 X63.227 Y29.588 E.1581
G1 X62.624 Y29.588 E.02796
G1 X65.203 Y27.008 E.16915
G1 X64.901 Y26.707 E.01977
G1 X62.02 Y29.588 E.18892
G1 X61.416 Y29.588 E.02801
G1 X64.599 Y26.405 E.20873
G1 X64.297 Y26.103 E.0198
G1 X60.813 Y29.588 E.2285
G1 X60.209 Y29.588 E.02801
G1 X63.996 Y25.801 E.24833
G1 X63.694 Y25.499 E.0198
G1 X59.605 Y29.588 E.26814
G1 X59.002 Y29.588 E.02796
G1 X63.392 Y25.197 E.28791
G1 X63.09 Y24.896 E.01977
G1 X59.04 Y28.946 E.26558
G1 X58.738 Y28.644 E.0198
G1 X62.788 Y24.594 E.26558
G1 X62.486 Y24.292 E.0198
G1 X58.436 Y28.342 E.26558
G1 X58.135 Y28.04 E.01977
G1 X62.185 Y23.99 E.26558
G1 X61.883 Y23.688 E.0198
G1 X57.833 Y27.738 E.26558
G1 X57.531 Y27.437 E.01977
G1 X65.406 Y19.562 E.51641
G1 X65.104 Y19.26 E.0198
G1 X57.229 Y27.135 E.51641
G1 X56.927 Y26.833 E.0198
G1 X64.802 Y18.958 E.51641
G1 X64.5 Y18.656 E.0198
G1 X56.625 Y26.531 E.51641
G1 X56.571 Y26.477 E.00354
G1 X60.396 Y22.652 E.25083
G1 X60.148 Y22.405 E.01623
G1 X64.198 Y18.355 E.26558
G1 X63.897 Y18.053 E.01977
G1 X59.846 Y22.103 E.26561
G1 X59.545 Y21.801 E.01977
G1 X63.595 Y17.751 E.26558
G1 X63.293 Y17.449 E.0198
G1 X59.243 Y21.499 E.26558
G1 X58.941 Y21.197 E.0198
G1 X62.89 Y17.248 E.25896
G1 X62.287 Y17.248 E.02796
G1 X58.639 Y20.896 E.23922
G1 X58.337 Y20.594 E.0198
G1 X61.683 Y17.248 E.21942
G1 X61.079 Y17.248 E.02801
G1 X58.036 Y20.292 E.19958
G1 X57.734 Y19.99 E.0198
G1 X60.664 Y17.06 E.19214
M204 S500
G1 E-3.5 F3600
;WIPE_START
G1 F7200
G1 X58.431 Y19.293 E-1.5
;WIPE_END
G1 X74.765 Y22.905 F9000
G1 E5 F2400
;TYPE:Internal infill
;WIDTH:0.44
;HEIGHT:0.16
G1 F3600
G1 X74.765 Y25.339 E.06568
G1 X70.509 Y29.594 E.1624
G1 X67.563 Y29.594 E.0795
G1 X65.686 Y27.717 E.07163
G1 X66.09 Y27.313 E.01542
G1 X65.616 Y26.838 E.01811
G1 X74.765 Y17.689 E.34915
G1 X74.765 Y21.497 E.10276
G1 X70.509 Y17.242 E.1624
G1 X67.563 Y17.242 E.0795
G1 X65.616 Y19.189 E.0743
G1 X66.214 Y19.787 E.02282
G1 X65.809 Y20.191 E.01544
G1 X74.765 Y29.146 E.34176
G1 X74.765 Y29.594 E.01209
G1 X72.779 Y29.594 E.05359
;LAYER_CHANGE
;Z:2.92
;HEIGHT:0.16
;BEFORE_LAYER_CHANGE
G92 E0
;2.92


G1 E-3.5 F3600
;WIPE_START
G1 F7200
G1 X74.765 Y29.594 E-.94335
G1 X74.765 Y29.146 E-.2128
G1 X74.253 Y28.634 E-.34385
;WIPE_END
G1 Z2.92 F9000
;AFTER_LAYER_CHANGE
;2.92
G1 X44.825 Y24.907
G1 E5 F2400
;TYPE:Perimeter
;WIDTH:0.439999
G1 F3600
G1 X42.812 Y24.907 E.05432
G1 X42.567 Y24.937 E.00666
G1 X42.259 Y25.075 E.00911
G1 X42.051 Y25.261 E.00753
G1 X41.875 Y25.571 E.00962
G1 X41.818 Y25.901 E.00904
G1 X41.818 Y29.907 E.1081
G1 X31.791 Y29.907 E.27058
G1 X31.325 Y29.838 E.01271
G1 X30.971 Y29.827 E.00956
G1 X30.39 Y29.907 E.01583
G1 X17.1 Y29.907 E.35863
G1 X17.1 Y16.929 E.35021
G1 X44.825 Y16.929 E.74815
G1 X44.825 Y24.847 E.21367
G1 X45.231 Y25.312 F9000
G1 F3600
G1 X42.701 Y25.312 E.06827
G1 X42.418 Y25.464 E.00867
G1 X42.283 Y25.645 E.00609
G1 X42.224 Y25.901 E.00709
G1 X42.224 Y30.312 E.11903
G1 X31.761 Y30.312 E.28234
G1 X31.026 Y30.228 E.01996
G1 X30.418 Y30.312 E.01656
G1 X16.694 Y30.312 E.37034
G1 X16.694 Y16.524 E.37207
G1 X45.231 Y16.524 E.77007
G1 X45.231 Y25.252 E.23552
G1 X45.627 Y25.708 F9000
;TYPE:External perimeter
;WIDTH:0.419999
G1 F1800
G1 X42.812 Y25.708 E.07222
G1 X42.683 Y25.758 E.00355
G1 X42.62 Y25.901 E.00401
G1 X42.62 Y30.708 E.12332
G1 X31.733 Y30.708 E.2793
G1 X31.08 Y30.62 E.0169
G1 X30.445 Y30.708 E.01645
G1 X16.298 Y30.708 E.36293
G1 X16.298 Y16.128 E.37404
G1 X45.627 Y16.128 E.75242
G1 X45.627 Y25.648 E.24423
G1 E-3.5 F3600
;WIPE_START
G1 F7200
G1 X45.627 Y25.708 E-.0285
G1 X42.812 Y25.708 E-1.33713
G1 X42.683 Y25.758 E-.06572
G1 X42.624 Y25.89 E-.06865
;WIPE_END
G1 X44.31 Y17.242 F9000
G1 E5 F2400
;TYPE:Solid infill
;WIDTH:0.439999
G1 F3600
G1 X43.272 Y17.242 E.02801
G1 X43.272 Y24.594 E.19839
G1 X44.513 Y24.594 E.03349
G1 X44.513 Y17.242 E.19839
G1 X44.101 Y17.653 E.0157
;WIDTH:0.452127
G1 X44.101 Y24.183 E.18148
G1 X43.684 Y24.183 E.01159
G1 X43.684 Y17.653 E.18148
G1 X43.898 Y17.653 E.00595
G1 E-3.5
;WIPE_START
G1 F7200
G1 X43.684 Y17.653 E-.10165
G1 X43.684 Y20.597 E-1.39835
;WIPE_END
G1 X32.846 Y23.795 F9000
G1 E5 F2400
;TYPE:Internal infill
;WIDTH:0.44
G1 F3600
G1 X32.846 Y21.361 E.06568
G1 X36.966 Y17.242 E.15721
G1 X39.912 Y17.242 E.0795
G1 X42.866 Y20.196 E.11273
G1 X42.866 Y18.991 E.03252
G1 X32.846 Y29.011 E.38239
G1 X32.846 Y25.475 E.09542
G1 X36.966 Y29.594 E.15721
G1 X39.912 Y29.594 E.0795
G1 X41.506 Y28 E.06083
G1 X41.506 Y26.485 E.04088
G1 X32.846 Y17.825 E.33049
G1 X32.846 Y17.242 E.01573
G1 X34.697 Y17.242 E.04995
G1 E-3.5
;WIPE_START
G1 F7200
G1 X32.846 Y17.242 E-.87922
G1 X32.846 Y17.825 E-.27692
G1 X33.358 Y18.337 E-.34386
;WIPE_END
G1 X32.238 Y17.242 F9000
G1 E5 F2400
;TYPE:Solid infill
;WIDTH:0.439999
G1 F3600
G1 X29.736 Y17.242 E.06752
G1 X29.736 Y29.111 E.32028
G1 X29.668 Y29.286 E.00507
G1 X29.264 Y29.594 E.01371
G1 X30.369 Y29.594 E.02982
G1 X31.082 Y29.507 E.01938
G1 X31.775 Y29.589 E.01883
G1 X32.92 Y29.594 E.0309
G1 X32.504 Y29.282 E.01403
G1 X32.441 Y29.112 E.00489
G1 X32.441 Y17.242 E.32031
G1 X32.035 Y17.647 E.01547
G1 X32.035 Y28.355 E.28895
G1 X32.054 Y29.189 E.02251
G1 X31.827 Y29.187 E.00613
G1 X31.033 Y29.104 E.02154
G1 X30.121 Y29.189 E.02472
G1 X30.142 Y29.111 E.00218
G1 X30.142 Y17.647 E.30935
G1 X31.832 Y17.647 E.0456
G1 X30.547 Y18.053 F9000
G1 F3600
G1 X31.629 Y18.053 E.0292
G1 X31.629 Y28.753 E.28874
G1 X31.095 Y28.694 E.0145
G1 X30.547 Y28.755 E.01488
G1 X30.547 Y18.256 E.28331
G1 X30.919 Y18.425 E.01103
;WIDTH:0.372588
G1 X31.258 Y18.425 E.00763
G1 X31.258 Y28.332 E.22291
G1 X30.938 Y28.333 E.0072
G1 X30.919 Y28.153 E.00407
G1 X30.919 Y18.628 E.21432
G1 X29.33 Y19.662 F9000
;TYPE:Internal infill
;WIDTH:0.44
G1 F3600
G1 X29.317 Y17.242 E.0653
G1 X17.412 Y29.146 E.4543
G1 X17.412 Y25.339 E.10273
G1 X21.668 Y29.594 E.1624
G1 X24.614 Y29.594 E.0795
G1 X29.33 Y24.877 E.17999
G1 X29.33 Y21.958 E.07877
G1 X24.614 Y17.242 E.17997
G1 X21.668 Y17.242 E.0795
G1 X17.412 Y21.497 E.1624
G1 X17.412 Y17.689 E.10276
G1 X29 Y29.277 E.44223
G1 X28.7 Y29.499 E.01007
G1 X28.731 Y29.594 E.0027
G1 X26.771 Y29.594 E.05289
G1 E-3.5
;WIPE_START
G1 F7200
G1 X28.731 Y29.594 E-.931
G1 X28.7 Y29.499 E-.04747
G1 X29 Y29.277 E-.17727
G1 X28.488 Y28.765 E-.34426
;WIPE_END
G1 X47.351 Y24.907 F9000
G1 E5 F2400
;TYPE:Perimeter
;WIDTH:0.439999
G1 F3600
G1 X47.351 Y16.929 E.21528
G1 X75.077 Y16.929 E.74818
G1 X75.077 Y29.907 E.35021
G1 X61.791 Y29.907 E.35852
G1 X61.325 Y29.838 E.01271
G1 X60.971 Y29.827 E.00956
G1 X60.39 Y29.907 E.01583
G1 X50.358 Y29.907 E.27071
G1 X50.358 Y25.801 E.1108
G1 X50.259 Y25.468 E.00937
G1 X50.031 Y25.163 E.01028
G1 X49.787 Y25.001 E.0079
G1 X49.364 Y24.907 E.01169
G1 X47.411 Y24.907 E.0527
G1 X46.946 Y25.312 F9000
G1 F3600
G1 X46.946 Y16.524 E.23714
G1 X75.483 Y16.524 E.77007
G1 X75.483 Y30.312 E.37207
G1 X61.761 Y30.312 E.37029
G1 X61.026 Y30.228 E.01996
G1 X60.418 Y30.312 E.01656
G1 X49.953 Y30.312 E.2824
G1 X49.953 Y25.794 E.12192
G1 X49.815 Y25.522 E.00823
G1 X49.615 Y25.368 E.00681
G1 X49.364 Y25.312 E.00694
G1 X47.006 Y25.312 E.06363
G1 X46.55 Y25.708 F9000
;TYPE:External perimeter
;WIDTH:0.419999
G1 F1800
G1 X46.55 Y16.128 E.24577
G1 X75.878 Y16.128 E.75239
G1 X75.878 Y30.708 E.37404
G1 X61.733 Y30.708 E.36288
G1 X61.08 Y30.62 E.0169
G1 X60.445 Y30.708 E.01645
G1 X49.557 Y30.708 E.27933
G1 X49.557 Y25.901 E.12332
G1 X49.512 Y25.777 E.00338
G1 X49.364 Y25.708 E.00419
G1 X46.61 Y25.708 E.07065
G1 E-3.5 F3600
;WIPE_START
G1 F7200
G1 X46.55 Y25.708 E-.0285
G1 X46.55 Y22.61 E-1.4715
;WIPE_END
G1 X47.664 Y17.242 F9000
G1 E5 F2400
;TYPE:Solid infill
;WIDTH:0.439999
G1 F3600
G1 X48.905 Y17.242 E.03349
G1 X48.905 Y24.594 E.19839
G1 X47.664 Y24.594 E.03349
G1 X47.664 Y17.444 E.19294
G1 X48.075 Y17.653 E.01244
;WIDTH:0.452127
G1 X48.493 Y17.653 E.01162
G1 X48.493 Y24.183 E.18148
G1 X48.075 Y24.183 E.01162
G1 X48.075 Y17.856 E.17584
G1 E-3.5
;WIPE_START
G1 F7200
G1 X48.075 Y21.014 E-1.5
;WIPE_END
G1 X57.211 Y29.594 F9000
G1 E5 F2400
;TYPE:Internal infill
;WIDTH:0.44
G1 F3600
G1 X58.731 Y29.594 E.04102
G1 X58.7 Y29.499 E.0027
G1 X59.33 Y29.011 E.0215
G1 X49.311 Y18.991 E.38237
G1 X49.311 Y20.196 E.03252
G1 X52.265 Y17.242 E.11273
G1 X55.211 Y17.242 E.0795
G1 X59.33 Y21.361 E.15719
G1 X59.33 Y17.825 E.09542
G1 X50.671 Y26.485 E.33047
G1 X50.671 Y28 E.04088
G1 X52.265 Y29.594 E.06083
G1 X55.211 Y29.594 E.0795
G1 X59.33 Y25.475 E.15719
G1 X59.33 Y23.041 E.06568
G1 E-3.5
;WIPE_START
G1 F7200
G1 X59.33 Y25.475 E-1.15615
G1 X58.818 Y25.987 E-.34385
;WIPE_END
G1 X62.238 Y17.242 F9000
G1 E5 F2400
;TYPE:Solid infill
;WIDTH:0.439999
G1 F3600
G1 X59.736 Y17.242 E.06752
G1 X59.736 Y29.111 E.32028
G1 X59.668 Y29.286 E.00507
G1 X59.264 Y29.594 E.01371
G1 X60.369 Y29.594 E.02982
G1 X61.082 Y29.507 E.01938
G1 X61.775 Y29.589 E.01883
G1 X62.92 Y29.594 E.0309
G1 X62.504 Y29.282 E.01403
G1 X62.441 Y29.112 E.00489
G1 X62.441 Y17.242 E.32031
G1 X62.035 Y17.647 E.01547
G1 X62.035 Y28.355 E.28895
G1 X62.054 Y29.189 E.02251
G1 X61.827 Y29.187 E.00613
G1 X61.033 Y29.104 E.02154
G1 X60.121 Y29.189 E.02472
G1 X60.142 Y29.111 E.00218
G1 X60.142 Y17.647 E.30935
G1 X61.832 Y17.647 E.0456
G1 X61.629 Y18.053 E.01225
G1 X61.629 Y28.753 E.28874
G1 X61.095 Y28.694 E.0145
G1 X60.547 Y28.755 E.01488
G1 X60.547 Y18.053 E.28879
G1 X61.427 Y18.053 E.02375
G1 X61.258 Y18.425 E.01103
;WIDTH:0.372587
G1 X61.258 Y28.332 E.22291
G1 X60.919 Y28.335 E.00763
G1 X60.919 Y18.425 E.22298
G1 X61.055 Y18.425 E.00306
G1 E-3.5
;WIPE_START
G1 F7200
G1 X60.919 Y18.425 E-.0646
G1 X60.919 Y21.447 E-1.4354
;WIPE_END
G1 X62.846 Y19.662 F9000
G1 E5 F2400
;TYPE:Internal infill
;WIDTH:0.44
G1 F3600
G1 X62.86 Y17.242 E.0653
G1 X74.765 Y29.146 E.4543
G1 X74.765 Y25.339 E.10273
G1 X70.509 Y29.594 E.1624
G1 X67.563 Y29.594 E.0795
G1 X62.846 Y24.877 E.18001
G1 X62.846 Y21.958 E.07877
G1 X67.563 Y17.242 E.17999
G1 X70.509 Y17.242 E.0795
G1 X74.765 Y21.497 E.1624
G1 X74.765 Y17.689 E.10276
G1 X63.176 Y29.278 E.44226
G1 X63.478 Y29.484 E.00986
G1 X63.443 Y29.594 E.00311
G1 X65.397 Y29.594 E.05273
;LAYER_CHANGE
;Z:3.08
;HEIGHT:0.16
;BEFORE_LAYER_CHANGE
G92 E0
;3.08


G1 E-3.5 F3600
;WIPE_START
G1 F7200
G1 X63.443 Y29.594 E-.92815
G1 X63.478 Y29.484 E-.05483
G1 X63.176 Y29.278 E-.17364
G1 X63.687 Y28.767 E-.34338
;WIPE_END
G1 Z3.08 F9000
;AFTER_LAYER_CHANGE
;3.08
G1 X44.224 Y24.907
G1 E5 F2400
;TYPE:Perimeter
;WIDTH:0.439999
G1 F3600
G1 X42.571 Y24.907 E.04461
G1 X42.267 Y24.954 E.0083
G1 X42.069 Y25.043 E.00586
G1 X41.832 Y25.236 E.00825
G1 X41.633 Y25.571 E.01051
G1 X41.577 Y25.901 E.00903
G1 X41.577 Y29.907 E.1081
G1 X32.296 Y29.907 E.25045
G1 X31.74 Y29.734 E.01571
G1 X31.155 Y29.664 E.0159
G1 X30.851 Y29.675 E.00821
G1 X30.239 Y29.792 E.01681
G1 X29.863 Y29.907 E.01061
G1 X17.1 Y29.907 E.34441
G1 X17.1 Y16.929 E.35021
G1 X44.224 Y16.929 E.73194
G1 X44.224 Y24.847 E.21367
G1 X44.63 Y25.312 F9000
G1 F3600
G1 X42.571 Y25.312 E.05556
G1 X42.391 Y25.341 E.00492
G1 X42.197 Y25.446 E.00595
G1 X42.044 Y25.64 E.00667
G1 X41.983 Y25.901 E.00723
G1 X41.983 Y30.312 E.11903
G1 X32.225 Y30.312 E.26332
G1 X31.692 Y30.136 E.01515
G1 X30.927 Y30.073 E.02071
G1 X30.315 Y30.19 E.01681
G1 X29.941 Y30.312 E.01062
G1 X16.694 Y30.312 E.35747
G1 X16.694 Y16.524 E.37207
G1 X44.63 Y16.524 E.75385
G1 X44.63 Y25.252 E.23552
G1 X45.025 Y25.708 F9000
;TYPE:External perimeter
;WIDTH:0.419999
G1 F1800
G1 X42.571 Y25.708 E.06296
G1 X42.449 Y25.752 E.00333
G1 X42.378 Y25.901 E.00423
G1 X42.378 Y30.708 E.12332
G1 X32.156 Y30.708 E.26224
G1 X31.646 Y30.529 E.01387
G1 X31.004 Y30.461 E.01656
G1 X30.389 Y30.579 E.01607
G1 X30.017 Y30.708 E.0101
G1 X16.298 Y30.708 E.35195
G1 X16.298 Y16.128 E.37404
G1 X45.025 Y16.128 E.73697
G1 X45.025 Y25.648 E.24423
G1 E-3.5 F3600
;WIPE_START
G1 F7200
G1 X45.025 Y25.708 E-.0285
G1 X42.571 Y25.708 E-1.16565
G1 X42.449 Y25.752 E-.0616
G1 X42.378 Y25.901 E-.0784
G1 X42.378 Y26.25 E-.16585
;WIPE_END
G1 X43.543 Y17.61 F9000
G1 E5 F2400
;TYPE:Solid infill
;WIDTH:0.365362
G1 F3600
G1 X43.543 Y24.226 E.14568
;WIDTH:0.402681
G1 X43.461 Y24.41 E.00494
;WIDTH:0.439999
G1 X43.378 Y24.594 E.00545
G1 X43.912 Y24.594 E.01441
G1 X43.912 Y17.242 E.19839
G1 X43.175 Y17.242 E.01989
G1 X43.175 Y24.594 E.19839
G1 E-3.5
;WIPE_START
G1 F7200
G1 X43.175 Y21.436 E-1.5
;WIPE_END
G1 X42.346 Y17.242 F9000
G1 E5 F2400
;TYPE:Internal infill
;WIDTH:0.44
G1 F3600
G1 X39.912 Y17.242 E.06568
G1 X42.769 Y20.099 E.10903
G1 X42.769 Y19.088 E.02728
G1 X33.19 Y28.667 E.36556
G1 X33.19 Y25.818 E.07688
G1 X36.966 Y29.594 E.1441
G1 X39.912 Y29.594 E.0795
G1 X41.265 Y28.242 E.05161
G1 X41.265 Y26.243 E.05394
G1 X33.19 Y18.169 E.30814
G1 X33.19 Y21.018 E.07688
G1 X36.966 Y17.242 E.1441
G1 X34.532 Y17.242 E.06568
G1 E-3.5
;WIPE_START
G1 F7200
G1 X36.966 Y17.242 E-1.15615
G1 X36.454 Y17.754 E-.34385
;WIPE_END
G1 X26.883 Y17.242 F9000
G1 E5 F2400
G1 F3600
G1 X28.987 Y17.242 E.05678
G1 X28.987 Y17.572 E.00891
G1 X17.412 Y29.146 E.44171
G1 X17.412 Y25.339 E.10273
G1 X21.668 Y29.594 E.1624
G1 X24.614 Y29.594 E.0795
G1 X28.987 Y25.221 E.16688
G1 X28.987 Y21.615 E.09731
G1 X24.614 Y17.242 E.16688
G1 X21.668 Y17.242 E.0795
G1 X17.412 Y21.497 E.1624
G1 X17.412 Y17.689 E.10276
G1 X28.94 Y29.217 E.43994
G1 X28.556 Y29.526 E.0133
G1 X28.581 Y29.594 E.00196
G1 X26.713 Y29.594 E.05041
G1 E-3.5
;WIPE_START
G1 F7200
G1 X28.581 Y29.594 E-.8873
G1 X28.556 Y29.526 E-.03441
G1 X28.94 Y29.217 E-.23412
G1 X28.428 Y28.705 E-.34417
;WIPE_END
G1 X29.159 Y29.51 F9000
G1 E5 F2400
;TYPE:Solid infill
;WIDTH:0.4968
G1 F3600
G1 X29.118 Y29.551 E.00178
G1 X29.133 Y29.607 E.00178
G1 X29.189 Y29.622 E.00178
G1 X29.23 Y29.581 E.00178
G1 X29.215 Y29.525 E.00178
G1 X29.304 Y29.348 E.00609
;WIDTH:0.4684
G1 X29.392 Y29.17 E.00573
;WIDTH:0.439999
G1 X29.814 Y29.592 E.0161
G1 X30.265 Y29.469 E.01261
G1 X29.392 Y28.596 E.03332
G1 X29.392 Y28.023 E.01546
G1 X30.747 Y29.377 E.05169
G1 X31.32 Y29.377 E.01546
G1 X29.392 Y27.449 E.07358
G1 X29.392 Y26.875 E.01549
G1 X31.99 Y29.473 E.09915
G1 X32.057 Y29.573 E.00325
;WIDTH:0.407168
G1 X32.124 Y29.672 E.00296
;WIDTH:0.374336
G1 X32.328 Y29.724 E.00476
;WIDTH:0.439999
G1 X32.685 Y29.594 E.01025
G1 X29.392 Y26.302 E.12565
G1 X29.392 Y25.728 E.01549
G1 X32.785 Y29.12 E.12947
G1 X32.785 Y28.546 E.01549
G1 X29.392 Y25.154 E.12947
G1 X29.392 Y24.581 E.01546
G1 X32.785 Y27.973 E.12947
G1 X32.785 Y27.399 E.01549
G1 X29.392 Y24.007 E.12947
G1 X29.392 Y23.433 E.01549
G1 X32.785 Y26.825 E.12947
G1 X32.785 Y26.252 E.01546
G1 X29.392 Y22.859 E.12948
G1 X29.392 Y22.286 E.01546
G1 X32.785 Y25.678 E.12947
G1 X32.785 Y25.104 E.01549
G1 X29.392 Y21.712 E.12947
G1 X29.392 Y21.138 E.01549
G1 X32.785 Y24.531 E.12948
G1 X32.785 Y23.957 E.01549
G1 X29.392 Y20.565 E.12947
G1 X29.392 Y19.991 E.01549
G1 X32.785 Y23.383 E.12947
G1 X32.784 Y22.809 E.01549
G1 X29.392 Y19.417 E.12945
G1 X29.392 Y18.844 E.01546
G1 X32.784 Y22.236 E.12945
G1 X32.784 Y21.662 E.01549
G1 X29.392 Y18.27 E.12945
G1 X29.392 Y17.696 E.01549
G1 X32.784 Y21.088 E.12945
G1 X32.784 Y20.515 E.01546
G1 X29.511 Y17.242 E.12491
G1 X29.408 Y17.167 E.00344
;WIDTH:0.407168
G1 X29.304 Y17.093 E.00317
;WIDTH:0.374336
G1 X29.315 Y17.134 E.00096
G1 X29.244 Y17.153 E.00166
G1 X29.263 Y17.082 E.00166
G1 X30.085 Y17.242 F9000
;WIDTH:0.439999
G1 F3600
G1 X32.784 Y19.941 E.103
G1 X32.784 Y19.367 E.01549
G1 X30.659 Y17.242 E.08109
G1 X32.784 Y17.242 E.05734
G1 X32.785 Y18.794 E.04188
G1 X31.376 Y17.385 E.05377
G1 X32.314 Y17.635 F9000
;WIDTH:0.537838
G1 F3600
G1 X32.269 Y17.68 E.00213
G1 X32.285 Y17.741 E.00211
G1 X32.346 Y17.757 E.00211
G1 X32.391 Y17.712 E.00213
G1 X32.374 Y17.652 E.00209
G1 E-3.5
;WIPE_START
G1 F7200
G1 X32.391 Y17.712 E-.02962
G1 X32.346 Y17.757 E-.03023
G1 X32.285 Y17.741 E-.02996
G1 X32.269 Y17.68 E-.02996
G1 X32.314 Y17.635 E-.03023
;WIPE_END
G1 E-1.35 F3600
G1 X47.953 Y16.929 F9000
G1 E5 F2400
;TYPE:Perimeter
;WIDTH:0.439999
G1 F3600
G1 X75.077 Y16.929 E.73194
G1 X75.077 Y29.907 E.35021
G1 X62.296 Y29.907 E.34489
G1 X61.74 Y29.734 E.01571
G1 X61.155 Y29.664 E.0159
G1 X60.851 Y29.675 E.00821
G1 X60.239 Y29.792 E.01681
G1 X59.863 Y29.907 E.01061
G1 X50.6 Y29.907 E.24996
G1 X50.6 Y25.901 E.1081
G1 X50.571 Y25.664 E.00644
G1 X50.431 Y25.347 E.00935
G1 X50.237 Y25.133 E.00779
G1 X49.91 Y24.954 E.01006
G1 X49.606 Y24.907 E.0083
G1 X47.953 Y24.907 E.04461
G1 X47.953 Y16.989 E.21367
G1 X47.547 Y16.524 F9000
G1 F3600
G1 X75.483 Y16.524 E.75385
G1 X75.483 Y30.312 E.37207
G1 X62.225 Y30.312 E.35776
G1 X61.692 Y30.136 E.01515
G1 X60.927 Y30.073 E.02071
G1 X60.315 Y30.19 E.01681
G1 X59.941 Y30.312 E.01062
G1 X50.194 Y30.312 E.26302
G1 X50.194 Y25.838 E.12073
G1 X50.094 Y25.573 E.00764
G1 X49.903 Y25.393 E.00708
G1 X49.606 Y25.312 E.00831
G1 X47.547 Y25.312 E.05556
G1 X47.547 Y16.584 E.23552
G1 X47.151 Y16.128 F9000
;TYPE:External perimeter
;WIDTH:0.419999
G1 F1800
G1 X75.878 Y16.128 E.73697
G1 X75.878 Y30.708 E.37404
G1 X62.156 Y30.708 E.35203
G1 X61.646 Y30.529 E.01387
G1 X61.004 Y30.461 E.01656
G1 X60.389 Y30.579 E.01607
G1 X60.017 Y30.708 E.0101
G1 X49.798 Y30.708 E.26216
G1 X49.798 Y25.901 E.12332
G1 X49.749 Y25.772 E.00354
G1 X49.606 Y25.708 E.00402
G1 X47.151 Y25.708 E.06298
G1 X47.151 Y16.188 E.24423
G1 E-3.5 F3600
;WIPE_START
G1 F7200
G1 X47.151 Y16.128 E-.0285
G1 X50.249 Y16.128 E-1.4715
;WIPE_END
G1 X48.633 Y17.61 F9000
G1 E5 F2400
;TYPE:Solid infill
;WIDTH:0.36536
G1 F3600
G1 X48.633 Y24.226 E.14568
;WIDTH:0.402679
G1 X48.551 Y24.41 E.00494
;WIDTH:0.439999
G1 X48.468 Y24.594 E.00545
G1 X49.002 Y24.594 E.01441
G1 X49.002 Y17.242 E.19839
G1 X48.265 Y17.242 E.01989
G1 X48.265 Y24.594 E.19839
G1 E-3.5
;WIPE_START
G1 F7200
G1 X48.265 Y21.436 E-1.5
;WIPE_END
G1 X49.831 Y17.242 F9000
G1 E5 F2400
;TYPE:Internal infill
;WIDTH:0.44
G1 F3600
G1 X52.265 Y17.242 E.06568
G1 X49.408 Y20.099 E.10903
G1 X49.407 Y19.088 E.02728
G1 X58.987 Y28.667 E.36558
G1 X58.987 Y25.818 E.07688
G1 X55.211 Y29.594 E.1441
G1 X52.265 Y29.594 E.0795
G1 X50.912 Y28.242 E.05161
G1 X50.912 Y26.243 E.05394
G1 X58.987 Y18.169 E.30814
G1 X58.987 Y21.018 E.07688
G1 X55.211 Y17.242 E.1441
G1 X57.645 Y17.242 E.06568
G1 E-3.5
;WIPE_START
G1 F7200
G1 X55.211 Y17.242 E-1.15615
G1 X55.723 Y17.754 E-.34385
;WIPE_END
G1 X59.159 Y29.51 F9000
G1 E5 F2400
;TYPE:Solid infill
;WIDTH:0.496802
G1 F3600
G1 X59.118 Y29.551 E.00178
G1 X59.133 Y29.607 E.00178
G1 X59.189 Y29.622 E.00178
G1 X59.23 Y29.581 E.00178
G1 X59.215 Y29.525 E.00178
G1 X59.304 Y29.348 E.00609
;WIDTH:0.468401
G1 X59.392 Y29.17 E.00573
;WIDTH:0.439999
G1 X59.814 Y29.592 E.0161
G1 X60.265 Y29.469 E.01261
G1 X59.392 Y28.596 E.03332
G1 X59.392 Y28.023 E.01546
G1 X60.747 Y29.377 E.05169
G1 X61.32 Y29.377 E.01546
G1 X59.392 Y27.449 E.07358
G1 X59.392 Y26.875 E.01549
G1 X61.99 Y29.473 E.09915
G1 X62.057 Y29.573 E.00325
;WIDTH:0.407168
G1 X62.124 Y29.672 E.00296
;WIDTH:0.374336
G1 X62.328 Y29.724 E.00476
;WIDTH:0.439999
G1 X62.685 Y29.594 E.01025
G1 X59.392 Y26.302 E.12565
G1 X59.392 Y25.728 E.01549
G1 X62.784 Y29.12 E.12945
G1 X62.784 Y28.546 E.01549
G1 X59.392 Y25.154 E.12945
G1 X59.392 Y24.581 E.01546
G1 X62.784 Y27.973 E.12945
G1 X62.784 Y27.399 E.01549
G1 X59.392 Y24.007 E.12945
G1 X59.392 Y23.433 E.01549
G1 X62.784 Y26.825 E.12945
G1 X62.784 Y26.252 E.01546
G1 X59.392 Y22.859 E.12947
G1 X59.392 Y22.286 E.01546
G1 X62.784 Y25.678 E.12945
G1 X62.784 Y25.104 E.01549
G1 X59.392 Y21.712 E.12945
G1 X59.392 Y21.138 E.01549
G1 X62.784 Y24.531 E.12947
G1 X62.784 Y23.957 E.01549
G1 X59.392 Y20.565 E.12945
G1 X59.392 Y19.991 E.01549
G1 X62.784 Y23.383 E.12945
G1 X62.784 Y22.809 E.01549
G1 X59.392 Y19.417 E.12945
G1 X59.392 Y18.844 E.01546
G1 X62.784 Y22.236 E.12945
G1 X62.784 Y21.662 E.01549
G1 X59.392 Y18.27 E.12945
G1 X59.392 Y17.696 E.01549
G1 X62.784 Y21.088 E.12945
G1 X62.784 Y20.515 E.01546
G1 X59.511 Y17.242 E.12491
G1 X59.408 Y17.167 E.00344
;WIDTH:0.407168
G1 X59.304 Y17.093 E.00317
;WIDTH:0.374336
G1 X59.315 Y17.134 E.00096
G1 X59.244 Y17.153 E.00166
G1 X59.263 Y17.082 E.00166
G1 X60.085 Y17.242 F9000
;WIDTH:0.439999
G1 F3600
G1 X62.784 Y19.941 E.103
G1 X62.784 Y19.367 E.01549
G1 X60.659 Y17.242 E.08109
G1 X62.785 Y17.242 E.05737
G1 X62.785 Y18.794 E.04188
G1 X61.376 Y17.385 E.05377
G1 X62.314 Y17.635 F9000
;WIDTH:0.537836
G1 F3600
G1 X62.269 Y17.68 E.00213
G1 X62.285 Y17.741 E.00211
G1 X62.346 Y17.757 E.00211
G1 X62.391 Y17.712 E.00213
G1 X62.374 Y17.652 E.00209
G1 E-3.5
;WIPE_START
G1 F7200
G1 X62.391 Y17.712 E-.02962
G1 X62.346 Y17.757 E-.03023
G1 X62.285 Y17.741 E-.02996
G1 X62.269 Y17.68 E-.02996
G1 X62.314 Y17.635 E-.03023
;WIPE_END
G1 E-1.35 F3600
G1 X65.294 Y17.242 F9000
G1 E5 F2400
;TYPE:Internal infill
;WIDTH:0.44
G1 F3600
G1 X63.19 Y17.242 E.05678
G1 X63.19 Y17.572 E.00891
G1 X74.765 Y29.146 E.44171
G1 X74.765 Y25.339 E.10273
G1 X70.509 Y29.594 E.1624
G1 X67.563 Y29.594 E.0795
G1 X63.19 Y25.221 E.16688
G1 X63.19 Y21.615 E.09731
G1 X67.563 Y17.242 E.16688
G1 X70.509 Y17.242 E.0795
G1 X74.765 Y21.497 E.1624
G1 X74.765 Y17.689 E.10276
G1 X63.237 Y29.217 E.43994
G1 X63.605 Y29.519 E.01285
G1 X63.578 Y29.594 E.00215
G1 X65.456 Y29.594 E.05068
;LAYER_CHANGE
;Z:3.24
;HEIGHT:0.16
;BEFORE_LAYER_CHANGE
G92 E0
;3.24


G1 E-3.5 F3600
;WIPE_START
G1 F7200
G1 X63.578 Y29.594 E-.89205
G1 X63.605 Y29.519 E-.03786
G1 X63.237 Y29.217 E-.22613
G1 X63.749 Y28.705 E-.34396
;WIPE_END
G1 Z3.24 F9000
;AFTER_LAYER_CHANGE
;3.24
G1 X43.918 Y24.907
G1 E5 F2400
;TYPE:Perimeter
;WIDTH:0.439999
G1 F3600
G1 X42.571 Y24.907 E.03635
G1 X42.312 Y24.941 E.00705
G1 X42.002 Y25.086 E.00924
G1 X41.804 Y25.269 E.00728
G1 X41.633 Y25.571 E.00937
G1 X41.577 Y25.901 E.00903
G1 X41.577 Y29.907 E.1081
G1 X32.63 Y29.907 E.24143
G1 X32.343 Y29.774 E.00854
G1 X31.49 Y29.528 E.02396
G1 X30.87 Y29.512 E.01674
G1 X30.052 Y29.688 E.02258
G1 X29.574 Y29.907 E.01419
G1 X17.1 Y29.907 E.33661
G1 X17.1 Y16.929 E.35021
G1 X43.918 Y16.929 E.72368
G1 X43.918 Y24.847 E.21367
G1 X44.324 Y25.312 F9000
G1 F3600
G1 X42.461 Y25.312 E.05027
G1 X42.234 Y25.418 E.00676
G1 X42.041 Y25.646 E.00806
G1 X41.983 Y25.901 E.00706
G1 X41.983 Y30.312 E.11903
G1 X32.53 Y30.312 E.25509
G1 X32.219 Y30.16 E.00934
G1 X31.459 Y29.932 E.02141
G1 X30.94 Y29.912 E.01402
G1 X30.22 Y30.057 E.01982
G1 X29.662 Y30.312 E.01656
G1 X16.694 Y30.312 E.34994
G1 X16.694 Y16.524 E.37207
G1 X44.324 Y16.524 E.74559
G1 X44.324 Y25.252 E.23552
G1 X44.72 Y25.708 F9000
;TYPE:External perimeter
;WIDTH:0.419999
G1 F1800
G1 X42.571 Y25.708 E.05513
G1 X42.44 Y25.76 E.00362
G1 X42.378 Y25.901 E.00395
G1 X42.378 Y30.708 E.12332
G1 X32.434 Y30.708 E.25511
G1 X32.098 Y30.536 E.00968
G1 X31.542 Y30.357 E.01498
G1 X31.009 Y30.301 E.01375
G1 X30.385 Y30.417 E.01628
G1 X29.748 Y30.708 E.01797
G1 X16.298 Y30.708 E.34505
G1 X16.298 Y16.128 E.37404
G1 X44.72 Y16.128 E.72915
G1 X44.72 Y25.648 E.24423
G1 E-3.5 F3600
;WIPE_START
G1 F7200
G1 X44.72 Y25.708 E-.0285
G1 X42.571 Y25.708 E-1.02078
G1 X42.44 Y25.76 E-.06695
G1 X42.378 Y25.901 E-.07316
G1 X42.378 Y26.555 E-.31061
;WIPE_END
G1 X43.58 Y17.267 F9000
G1 E5 F2400
;TYPE:Solid infill
;WIDTH:0.491687
G1 F3600
G1 X43.58 Y24.568 E.22212
G1 X43.123 Y24.568 E.0139
G1 X43.123 Y17.267 E.22212
G1 X43.377 Y17.267 E.00773
G1 X42.346 Y17.242 F9000
;TYPE:Internal infill
;WIDTH:0.44
G1 F3600
G1 X39.912 Y17.242 E.06568
G1 X42.691 Y20.021 E.10605
G1 X42.691 Y19.166 E.02307
G1 X33.385 Y28.472 E.35514
G1 X33.385 Y26.013 E.06636
G1 X36.966 Y29.594 E.13666
G1 X39.912 Y29.594 E.0795
G1 X41.265 Y28.242 E.05161
G1 X41.265 Y26.243 E.05394
G1 X33.385 Y18.363 E.30072
G1 X33.385 Y20.823 E.06638
G1 X36.966 Y17.242 E.13666
G1 X34.532 Y17.242 E.06568
G1 E-3.5
;WIPE_START
G1 F7200
G1 X36.966 Y17.242 E-1.15615
G1 X36.454 Y17.754 E-.34385
;WIPE_END
G1 X29.325 Y17.287 F9000
G1 E5 F2400
;TYPE:Solid infill
;WIDTH:0.565258
G1 F3600
G1 X29.278 Y17.24 E.00235
G1 X29.214 Y17.257 E.00234
G1 X29.196 Y17.321 E.00235
G1 X29.243 Y17.368 E.00235
G1 X29.307 Y17.351 E.00234
;WIDTH:0.439999
G1 X29.198 Y18.029 E.01853
G1 X29.985 Y17.242 E.03003
G1 X30.078 Y17.17 E.00317
;WIDTH:0.407168
G1 X30.171 Y17.098 E.00292
;WIDTH:0.374336
G1 X30.13 Y17.109 E.00096
G1 X30.111 Y17.038 E.00166
G1 X30.182 Y17.057 E.00166
;WIDTH:0.439999
G1 X30.559 Y17.242 E.01133
G1 X29.198 Y18.603 E.05194
G1 X29.198 Y19.177 E.01549
G1 X31.133 Y17.242 E.07384
G1 X31.707 Y17.242 E.01549
G1 X29.198 Y19.75 E.09573
G1 X29.198 Y20.324 E.01549
G1 X32.28 Y17.242 E.11762
G1 X33.136 Y17.114 F9000
;WIDTH:0.374336
G1 F3600
G1 X33.065 Y17.095 E.00166
G1 X33.084 Y17.167 E.00168
G1 X33.125 Y17.156 E.00096
;WIDTH:0.407168
G1 X32.989 Y17.199 E.00354
;WIDTH:0.439999
G1 X32.854 Y17.242 E.00382
G1 X29.198 Y20.898 E.13952
G1 X29.198 Y21.471 E.01546
G1 X32.979 Y17.69 E.14429
G1 X32.979 Y18.264 E.01549
G1 X29.198 Y22.045 E.14429
G1 X29.198 Y22.619 E.01549
G1 X32.979 Y18.838 E.14429
G1 X32.979 Y19.411 E.01546
G1 X29.198 Y23.192 E.14429
G1 X29.198 Y23.766 E.01549
G1 X32.979 Y19.985 E.14429
G1 X32.979 Y20.559 E.01549
G1 X29.198 Y24.34 E.14429
G1 X29.198 Y24.913 E.01546
G1 X32.979 Y21.132 E.14429
G1 X32.979 Y21.706 E.01549
G1 X29.198 Y25.487 E.14429
G1 X29.198 Y26.061 E.01549
G1 X32.979 Y22.28 E.14429
G1 X32.979 Y22.854 E.01549
G1 X29.198 Y26.635 E.14429
G1 X29.198 Y27.208 E.01546
G1 X32.979 Y23.427 E.14429
G1 X32.979 Y24.001 E.01549
G1 X29.198 Y27.782 E.14429
G1 X29.198 Y28.356 E.01549
G1 X32.979 Y24.575 E.14429
G1 X32.979 Y25.148 E.01546
G1 X29.198 Y28.929 E.14429
G1 X28.879 Y29.66 E.02152
;WIDTH:0.374336
G1 X28.838 Y29.671 E.00096
G1 X28.819 Y29.6 E.00166
G1 X28.89 Y29.619 E.00166
;WIDTH:0.407168
G1 X28.998 Y29.606 E.0027
;WIDTH:0.439999
G1 X29.107 Y29.594 E.00296
G1 X32.979 Y25.722 E.14776
G1 X32.979 Y26.296 E.01549
G1 X29.693 Y29.582 E.1254
;WIDTH:0.407168
G1 X29.573 Y29.703 E.00423
;WIDTH:0.374336
G1 X29.502 Y29.684 E.00166
G1 X29.521 Y29.755 E.00166
G1 X29.562 Y29.744 E.00096
G1 X30.348 Y29.425 F9000
G1 F3600
G1 X30.306 Y29.436 E.00098
G1 X30.287 Y29.365 E.00166
G1 X30.359 Y29.384 E.00168
;WIDTH:0.407168
G1 X30.481 Y29.314 E.00349
;WIDTH:0.439999
G1 X30.604 Y29.244 E.00382
G1 X32.979 Y26.869 E.09064
G1 X32.979 Y27.443 E.01549
G1 X31.223 Y29.199 E.06701
G1 X32.835 Y28.16 F9000
G1 F3600
G1 X31.737 Y29.258 E.0419
G1 X32.432 Y29.474 E.01964
G1 X32.753 Y29.594 E.00925
G1 X33.175 Y29.594 E.01139
G1 X33.027 Y29.44 E.00576
G1 X32.979 Y29.29 E.00425
G1 X32.979 Y28.017 E.03435
G1 X32.603 Y29.043 F9000
;WIDTH:0.491408
G1 F3600
G1 X32.562 Y29.003 E.00174
G1 X32.507 Y29.018 E.00173
G1 X32.492 Y29.073 E.00173
G1 X32.533 Y29.113 E.00174
G1 X32.588 Y29.099 E.00173
G1 E-3.5
;WIPE_START
G1 F7200
G1 X32.533 Y29.113 E-.02696
G1 X32.492 Y29.073 E-.02721
G1 X32.507 Y29.018 E-.02708
G1 X32.562 Y29.003 E-.02708
G1 X32.603 Y29.043 E-.02721
;WIPE_END
G1 E-1.36446 F3600
G1 X17.412 Y23.931 F9000
G1 E5 F2400
;TYPE:Internal infill
;WIDTH:0.44
G1 F3600
G1 X17.412 Y21.497 E.06568
G1 X21.668 Y17.242 E.1624
G1 X24.614 Y17.242 E.0795
G1 X28.792 Y21.42 E.15944
G1 X28.792 Y17.766 E.0986
G1 X17.412 Y29.146 E.43429
G1 X17.412 Y25.339 E.10273
G1 X21.668 Y29.594 E.1624
G1 X24.614 Y29.594 E.0795
G1 X28.792 Y25.416 E.15944
G1 X28.792 Y29.07 E.0986
G1 X17.412 Y17.689 E.43431
G1 X17.412 Y17.242 E.01206
G1 X19.398 Y17.242 E.05359
G1 E-3.5
;WIPE_START
G1 F7200
G1 X17.412 Y17.242 E-.94335
G1 X17.412 Y17.689 E-.21232
G1 X17.925 Y18.202 E-.34433
;WIPE_END
G1 X48.259 Y16.929 F9000
G1 E5 F2400
;TYPE:Perimeter
;WIDTH:0.439999
G1 F3600
G1 X75.077 Y16.929 E.72368
G1 X75.077 Y29.907 E.35021
G1 X62.63 Y29.907 E.33588
G1 X62.343 Y29.774 E.00854
G1 X61.49 Y29.528 E.02396
G1 X60.87 Y29.512 E.01674
G1 X60.052 Y29.688 E.02258
G1 X59.574 Y29.907 E.01419
G1 X50.6 Y29.907 E.24216
G1 X50.6 Y25.901 E.1081
G1 X50.571 Y25.664 E.00644
G1 X50.446 Y25.369 E.00865
G1 X50.175 Y25.086 E.01057
G1 X49.865 Y24.941 E.00924
G1 X49.606 Y24.907 E.00705
G1 X48.259 Y24.907 E.03635
G1 X48.259 Y16.989 E.21367
G1 X47.853 Y16.524 F9000
G1 F3600
G1 X75.483 Y16.524 E.74559
G1 X75.483 Y30.312 E.37207
G1 X62.53 Y30.312 E.34953
G1 X62.219 Y30.16 E.00934
G1 X61.459 Y29.932 E.02141
G1 X60.94 Y29.912 E.01402
G1 X60.22 Y30.057 E.01982
G1 X59.662 Y30.312 E.01656
G1 X50.194 Y30.312 E.25549
G1 X50.194 Y25.794 E.12192
G1 X50.06 Y25.527 E.00806
G1 X49.867 Y25.373 E.00666
G1 X49.606 Y25.312 E.00723
G1 X47.853 Y25.312 E.0473
G1 X47.853 Y16.584 E.23552
G1 X47.457 Y16.128 F9000
;TYPE:External perimeter
;WIDTH:0.419999
G1 F1800
G1 X75.878 Y16.128 E.72912
G1 X75.878 Y30.708 E.37404
G1 X62.434 Y30.708 E.3449
G1 X62.098 Y30.536 E.00968
G1 X61.542 Y30.357 E.01498
G1 X61.009 Y30.301 E.01375
G1 X60.385 Y30.417 E.01628
G1 X59.748 Y30.708 E.01797
G1 X49.798 Y30.708 E.25526
G1 X49.798 Y25.901 E.12332
G1 X49.754 Y25.778 E.00335
G1 X49.606 Y25.708 E.0042
G1 X47.457 Y25.708 E.05513
G1 X47.457 Y16.188 E.24423
G1 X48.597 Y17.267 F9000
;TYPE:Solid infill
;WIDTH:0.491687
G1 F3600
G1 X49.054 Y17.267 E.0139
G1 X49.054 Y24.568 E.22212
G1 X48.597 Y24.568 E.0139
G1 X48.597 Y17.47 E.21594
G1 X49.831 Y17.242 F9000
;TYPE:Internal infill
;WIDTH:0.44
G1 F3600
G1 X52.265 Y17.242 E.06568
G1 X49.486 Y20.021 E.10605
G1 X49.486 Y19.166 E.02307
G1 X58.792 Y28.472 E.35514
G1 X58.792 Y26.013 E.06636
G1 X55.211 Y29.594 E.13666
G1 X52.265 Y29.594 E.0795
G1 X50.912 Y28.242 E.05161
G1 X50.912 Y26.243 E.05394
G1 X58.792 Y18.363 E.30072
G1 X58.792 Y20.823 E.06638
G1 X55.211 Y17.242 E.13666
G1 X57.645 Y17.242 E.06568
G1 X59.325 Y17.287 F9000
;TYPE:Solid infill
;WIDTH:0.565258
G1 F3600
G1 X59.278 Y17.24 E.00235
G1 X59.214 Y17.257 E.00234
G1 X59.196 Y17.321 E.00235
G1 X59.243 Y17.368 E.00235
G1 X59.307 Y17.351 E.00234
;WIDTH:0.439999
G1 X59.198 Y18.029 E.01853
G1 X59.985 Y17.242 E.03003
G1 X60.078 Y17.17 E.00317
;WIDTH:0.407168
G1 X60.171 Y17.098 E.00292
;WIDTH:0.374336
G1 X60.13 Y17.109 E.00096
G1 X60.111 Y17.038 E.00166
G1 X60.182 Y17.057 E.00166
;WIDTH:0.439999
G1 X60.559 Y17.242 E.01133
G1 X59.198 Y18.603 E.05194
G1 X59.198 Y19.177 E.01549
G1 X61.133 Y17.242 E.07384
G1 X61.707 Y17.242 E.01549
G1 X59.198 Y19.75 E.09573
G1 X59.198 Y20.324 E.01549
G1 X62.28 Y17.242 E.11762
G1 X63.136 Y17.114 F9000
;WIDTH:0.374336
G1 F3600
G1 X63.065 Y17.095 E.00166
G1 X63.084 Y17.167 E.00168
G1 X63.125 Y17.156 E.00096
;WIDTH:0.407168
G1 X62.989 Y17.199 E.00354
;WIDTH:0.439999
G1 X62.854 Y17.242 E.00382
G1 X59.198 Y20.898 E.13952
G1 X59.198 Y21.471 E.01546
G1 X62.979 Y17.69 E.14429
G1 X62.979 Y18.264 E.01549
G1 X59.198 Y22.045 E.14429
G1 X59.198 Y22.619 E.01549
G1 X62.979 Y18.838 E.14429
G1 X62.979 Y19.411 E.01546
G1 X59.198 Y23.192 E.14429
G1 X59.198 Y23.766 E.01549
G1 X62.979 Y19.985 E.14429
G1 X62.979 Y20.559 E.01549
G1 X59.198 Y24.34 E.14429
G1 X59.198 Y24.913 E.01546
G1 X62.979 Y21.132 E.14429
G1 X62.979 Y21.706 E.01549
G1 X59.198 Y25.487 E.14429
G1 X59.198 Y26.061 E.01549
G1 X62.979 Y22.28 E.14429
G1 X62.979 Y22.854 E.01549
G1 X59.198 Y26.635 E.14429
G1 X59.198 Y27.208 E.01546
G1 X62.979 Y23.427 E.14429
G1 X62.979 Y24.001 E.01549
G1 X59.198 Y27.782 E.14429
G1 X59.198 Y28.356 E.01549
G1 X62.979 Y24.575 E.14429
G1 X62.979 Y25.148 E.01546
G1 X59.198 Y28.929 E.14429
G1 X58.879 Y29.66 E.02152
;WIDTH:0.374336
G1 X58.838 Y29.671 E.00096
G1 X58.819 Y29.6 E.00166
G1 X58.89 Y29.619 E.00166
;WIDTH:0.407168
G1 X58.998 Y29.606 E.0027
;WIDTH:0.439999
G1 X59.107 Y29.594 E.00296
G1 X62.979 Y25.722 E.14776
G1 X62.979 Y26.296 E.01549
G1 X59.693 Y29.582 E.1254
;WIDTH:0.407168
G1 X59.573 Y29.703 E.00423
;WIDTH:0.374336
G1 X59.502 Y29.684 E.00166
G1 X59.521 Y29.755 E.00166
G1 X59.562 Y29.744 E.00096
G1 X60.348 Y29.425 F9000
G1 F3600
G1 X60.306 Y29.436 E.00098
G1 X60.287 Y29.365 E.00166
G1 X60.359 Y29.384 E.00168
;WIDTH:0.407168
G1 X60.481 Y29.314 E.00349
;WIDTH:0.439999
G1 X60.604 Y29.244 E.00382
G1 X62.979 Y26.869 E.09064
G1 X63.193 Y27.276 E.01241
;WIDTH:0.374336
G1 X63.122 Y27.257 E.00166
G1 X63.141 Y27.328 E.00166
G1 X63.182 Y27.317 E.00096
;WIDTH:0.407168
G1 X63.08 Y27.38 E.00297
;WIDTH:0.439999
G1 X62.979 Y27.443 E.00321
G1 X61.223 Y29.199 E.06701
G1 X62.835 Y28.16 F9000
G1 F3600
G1 X61.737 Y29.258 E.0419
G1 X62.432 Y29.474 E.01964
G1 X62.753 Y29.594 E.00925
G1 X63.175 Y29.594 E.01139
G1 X63.027 Y29.44 E.00576
G1 X62.979 Y29.29 E.00425
G1 X62.979 Y28.017 E.03435
G1 X62.603 Y29.043 F9000
;WIDTH:0.491408
G1 F3600
G1 X62.562 Y29.003 E.00174
G1 X62.507 Y29.018 E.00173
G1 X62.492 Y29.073 E.00173
G1 X62.533 Y29.113 E.00174
G1 X62.588 Y29.099 E.00173
G1 E-3.5
;WIPE_START
G1 F7200
G1 X62.533 Y29.113 E-.02696
G1 X62.492 Y29.073 E-.02721
G1 X62.507 Y29.018 E-.02708
G1 X62.562 Y29.003 E-.02708
G1 X62.603 Y29.043 E-.02721
;WIPE_END
G1 E-1.36446 F3600
G1 X72.779 Y29.594 F9000
G1 E5 F2400
;TYPE:Internal infill
;WIDTH:0.44
G1 F3600
G1 X74.765 Y29.594 E.05359
G1 X74.765 Y29.146 E.01209
G1 X63.385 Y17.766 E.43429
G1 X63.385 Y21.42 E.0986
G1 X67.563 Y17.242 E.15944
G1 X70.509 Y17.242 E.0795
G1 X74.765 Y21.497 E.1624
G1 X74.765 Y17.689 E.10276
G1 X63.385 Y29.07 E.43431
G1 X63.385 Y25.416 E.0986
G1 X67.563 Y29.594 E.15944
G1 X70.509 Y29.594 E.0795
G1 X74.765 Y25.339 E.1624
G1 X74.765 Y22.905 E.06568
;LAYER_CHANGE
;Z:3.4
;HEIGHT:0.16
;BEFORE_LAYER_CHANGE
G92 E0
;3.4


G1 E-3.5 F3600
;WIPE_START
G1 F7200
G1 X74.765 Y25.339 E-1.15615
G1 X74.253 Y25.851 E-.34385
;WIPE_END
G1 Z3.4 F9000
;AFTER_LAYER_CHANGE
;3.4
G1 X43.697 Y24.907
G1 E5 F2400
;TYPE:Perimeter
;WIDTH:0.439999
G1 F3600
G1 X42.571 Y24.907 E.03038
G1 X42.278 Y24.951 E.008
G1 X42.083 Y25.035 E.00573
G1 X41.841 Y25.227 E.00834
G1 X41.633 Y25.571 E.01085
G1 X41.577 Y25.901 E.00903
G1 X41.577 Y29.907 E.1081
G1 X32.868 Y29.907 E.23501
G1 X32.596 Y29.749 E.00849
G1 X32.015 Y29.497 E.01709
G1 X31.462 Y29.365 E.01534
G1 X30.923 Y29.345 E.01455
G1 X30.398 Y29.427 E.01434
G1 X29.844 Y29.624 E.01587
G1 X29.332 Y29.907 E.01579
G1 X17.1 Y29.907 E.33008
G1 X17.1 Y16.929 E.35021
G1 X43.697 Y16.929 E.71772
G1 X43.697 Y24.847 E.21367
G1 X44.102 Y25.312 F9000
G1 F3600
G1 X42.447 Y25.312 E.04466
G1 X42.206 Y25.439 E.00735
G1 X42.045 Y25.638 E.00691
G1 X41.983 Y25.901 E.00729
G1 X41.983 Y30.312 E.11903
G1 X32.754 Y30.312 E.24904
G1 X32.487 Y30.15 E.00843
G1 X31.999 Y29.922 E.01453
G1 X31.542 Y29.789 E.01284
G1 X31.031 Y29.743 E.01384
G1 X30.522 Y29.814 E.01387
G1 X30.04 Y29.98 E.01376
G1 X29.436 Y30.312 E.0186
G1 X16.694 Y30.312 E.34384
G1 X16.694 Y16.524 E.37207
G1 X44.102 Y16.524 E.7396
G1 X44.102 Y25.252 E.23552
G1 X44.498 Y25.708 F9000
;TYPE:External perimeter
;WIDTH:0.419999
G1 F1800
G1 X42.571 Y25.708 E.04944
G1 X42.429 Y25.77 E.00398
G1 X42.378 Y25.901 E.00361
G1 X42.378 Y30.708 E.12332
G1 X32.644 Y30.708 E.24972
G1 X32.282 Y30.488 E.01087
G1 X31.834 Y30.281 E.01266
G1 X31.438 Y30.171 E.01054
G1 X31.06 Y30.139 E.00973
G1 X30.677 Y30.183 E.00989
G1 X30.231 Y30.326 E.01202
G1 X29.538 Y30.708 E.0203
G1 X16.298 Y30.708 E.33966
G1 X16.298 Y16.128 E.37404
G1 X44.498 Y16.128 E.72345
G1 X44.498 Y25.648 E.24423
G1 X43.02 Y24.419 F9000
;TYPE:Solid infill
;WIDTH:0.412621
G1 F3600
G1 X43.02 Y17.228 E.18095
G1 X43.398 Y17.228 E.00951
G1 X43.398 Y24.608 E.18571
G1 X43.033 Y24.608 E.00918
G1 E-3.5
;WIPE_START
G1 F7200
G1 X43.398 Y24.608 E-.17338
G1 X43.398 Y21.815 E-1.32662
;WIPE_END
G1 X42.346 Y17.242 F9000
G1 E5 F2400
;TYPE:Internal infill
;WIDTH:0.44
G1 F3600
G1 X39.912 Y17.242 E.06568
G1 X42.628 Y19.957 E.10363
G1 X42.628 Y19.229 E.01964
G1 X33.519 Y28.338 E.34762
G1 X33.519 Y26.147 E.05912
G1 X36.966 Y29.594 E.13155
G1 X39.912 Y29.594 E.0795
G1 X41.265 Y28.242 E.05161
G1 X41.265 Y26.243 E.05394
G1 X33.519 Y18.497 E.29561
G1 X33.519 Y20.689 E.05915
G1 X36.966 Y17.242 E.13155
G1 X34.532 Y17.242 E.06568
G1 E-3.5
;WIPE_START
G1 F7200
G1 X36.966 Y17.242 E-1.15615
G1 X36.454 Y17.754 E-.34385
;WIPE_END
G1 X28.956 Y29.501 F9000
G1 E5 F2400
;TYPE:Solid infill
;WIDTH:0.511484
G1 F3600
G1 X28.914 Y29.543 E.00189
G1 X28.929 Y29.601 E.0019
G1 X28.987 Y29.616 E.0019
G1 X29.029 Y29.574 E.00189
G1 X29.013 Y29.516 E.00191
;WIDTH:0.439999
G1 X29.496 Y29.459 E.01312
G1 X29.064 Y29.027 E.01649
G1 X29.064 Y28.453 E.01549
G1 X29.88 Y29.27 E.03116
G1 X30.315 Y29.13 E.01233
G1 X29.064 Y27.879 E.04774
G1 X29.064 Y27.306 E.01546
G1 X30.81 Y29.052 E.06663
G1 X31.383 Y29.051 E.01546
G1 X29.064 Y26.732 E.0885
G1 X29.064 Y26.158 E.01549
G1 X32.103 Y29.197 E.11598
G1 X32.241 Y29.278 E.00432
;WIDTH:0.407168
G1 X32.379 Y29.358 E.00396
;WIDTH:0.374336
G1 X32.36 Y29.429 E.00166
G1 X32.431 Y29.41 E.00166
G1 X32.42 Y29.369 E.00096
G1 X33.366 Y29.589 F9000
G1 F3600
G1 X33.347 Y29.66 E.00166
G1 X33.418 Y29.641 E.00166
G1 X33.407 Y29.6 E.00096
;WIDTH:0.407168
G1 X33.24 Y29.597 E.00414
;WIDTH:0.439999
G1 X33.073 Y29.594 E.00451
G1 X29.064 Y25.585 E.15299
G1 X29.064 Y25.011 E.01549
G1 X33.113 Y29.06 E.15452
G1 X33.113 Y28.486 E.01549
G1 X29.064 Y24.437 E.15452
G1 X29.064 Y23.864 E.01546
G1 X33.113 Y27.913 E.15452
G1 X33.113 Y27.339 E.01549
G1 X29.064 Y23.29 E.15452
G1 X29.064 Y22.716 E.01549
G1 X33.113 Y26.765 E.15452
G1 X33.113 Y26.192 E.01546
G1 X29.064 Y22.142 E.15454
G1 X29.064 Y21.569 E.01546
G1 X33.113 Y25.618 E.15452
G1 X33.113 Y25.044 E.01549
G1 X29.064 Y20.995 E.15452
G1 X29.064 Y20.421 E.01549
G1 X33.113 Y24.471 E.15454
G1 X33.113 Y23.897 E.01549
G1 X29.064 Y19.848 E.15452
G1 X29.064 Y19.274 E.01549
G1 X33.113 Y23.323 E.15452
G1 X33.113 Y22.75 E.01546
G1 X29.064 Y18.7 E.15454
G1 X29.064 Y18.127 E.01546
G1 X33.113 Y22.176 E.15452
G1 X33.113 Y21.602 E.01549
G1 X29.064 Y17.553 E.15452
G1 X28.968 Y17.116 E.01207
;WIDTH:0.374336
G1 X28.949 Y17.187 E.00166
G1 X29.02 Y17.168 E.00166
G1 X29.009 Y17.127 E.00096
;WIDTH:0.407168
G1 X29.168 Y17.184 E.00419
;WIDTH:0.439999
G1 X29.326 Y17.242 E.00454
G1 X33.113 Y21.028 E.1445
G1 X33.113 Y20.455 E.01546
G1 X29.9 Y17.242 E.12262
G1 X30.474 Y17.242 E.01549
G1 X33.113 Y19.881 E.10071
G1 X33.113 Y19.307 E.01549
G1 X31.047 Y17.242 E.07882
G1 X33.113 Y17.242 E.05575
G1 X33.113 Y18.734 E.04026
G1 X31.764 Y17.385 E.05148
G1 X32.661 Y17.622 F9000
;WIDTH:0.502728
G1 F3600
G1 X32.619 Y17.663 E.00183
G1 X32.635 Y17.72 E.00184
G1 X32.691 Y17.735 E.00181
G1 X32.733 Y17.694 E.00183
G1 X32.717 Y17.637 E.00184
G1 E-3.5
;WIPE_START
G1 F7200
G1 X32.733 Y17.694 E-.02812
G1 X32.691 Y17.735 E-.02788
G1 X32.635 Y17.72 E-.02754
G1 X32.619 Y17.663 E-.02812
G1 X32.661 Y17.622 E-.02788
;WIPE_END
G1 E-1.36046 F3600
G1 X19.398 Y17.242 F9000
G1 E5 F2400
;TYPE:Internal infill
;WIDTH:0.44
G1 F3600
G1 X17.412 Y17.242 E.05359
G1 X17.412 Y17.689 E.01206
G1 X28.658 Y28.935 E.42917
G1 X28.658 Y25.55 E.09134
G1 X24.614 Y29.594 E.15433
G1 X21.668 Y29.594 E.0795
G1 X17.412 Y25.339 E.1624
G1 X17.412 Y29.146 E.10273
G1 X28.658 Y17.9 E.42917
G1 X28.658 Y21.286 E.09137
G1 X24.614 Y17.242 E.15433
G1 X21.668 Y17.242 E.0795
G1 X17.412 Y21.497 E.1624
G1 X17.412 Y23.931 E.06568
G1 E-3.5
;WIPE_START
G1 F7200
G1 X17.412 Y21.497 E-1.15615
G1 X17.924 Y20.985 E-.34385
;WIPE_END
G1 X48.48 Y24.907 F9000
G1 E5 F2400
;TYPE:Perimeter
;WIDTH:0.439999
G1 F3600
G1 X48.48 Y16.929 E.21528
G1 X75.077 Y16.929 E.71772
G1 X75.077 Y29.907 E.35021
G1 X62.868 Y29.907 E.32946
G1 X62.596 Y29.749 E.00849
G1 X62.015 Y29.497 E.01709
G1 X61.462 Y29.365 E.01534
G1 X60.923 Y29.345 E.01455
G1 X60.398 Y29.427 E.01434
G1 X59.844 Y29.624 E.01587
G1 X59.332 Y29.907 E.01579
G1 X50.6 Y29.907 E.23563
G1 X50.6 Y25.901 E.1081
G1 X50.571 Y25.664 E.00644
G1 X50.427 Y25.34 E.00957
G1 X50.222 Y25.121 E.00809
G1 X49.899 Y24.951 E.00985
G1 X49.606 Y24.907 E.008
G1 X48.54 Y24.907 E.02877
G1 X50.011 Y25.495 F9000
G1 F3600
G1 X49.894 Y25.388 E.00428
G1 X49.606 Y25.312 E.00804
G1 X48.075 Y25.312 E.04131
G1 X48.075 Y16.524 E.23714
G1 X75.483 Y16.524 E.7396
G1 X75.483 Y30.312 E.37207
G1 X62.754 Y30.312 E.34349
G1 X62.487 Y30.15 E.00843
G1 X61.999 Y29.922 E.01453
G1 X61.542 Y29.789 E.01284
G1 X61.031 Y29.743 E.01384
G1 X60.522 Y29.814 E.01387
G1 X60.04 Y29.98 E.01376
G1 X59.436 Y30.312 E.0186
G1 X50.194 Y30.312 E.24939
G1 X50.194 Y25.838 E.12073
G1 X50.092 Y25.569 E.00776
G1 X50.055 Y25.535 E.00136
G1 X49.735 Y25.764 F9000
;TYPE:External perimeter
;WIDTH:0.419999
G1 F1800
G1 X49.606 Y25.708 E.00361
G1 X47.679 Y25.708 E.04944
G1 X47.679 Y16.128 E.24577
G1 X75.878 Y16.128 E.72343
G1 X75.878 Y30.708 E.37404
G1 X62.644 Y30.708 E.33951
G1 X62.282 Y30.488 E.01087
G1 X61.834 Y30.281 E.01266
G1 X61.438 Y30.171 E.01054
G1 X61.06 Y30.139 E.00973
G1 X60.677 Y30.183 E.00989
G1 X60.231 Y30.326 E.01202
G1 X59.538 Y30.708 E.0203
G1 X49.798 Y30.708 E.24987
G1 X49.798 Y25.901 E.12332
G1 X49.764 Y25.813 E.00242
G1 X48.779 Y24.608 F9000
;TYPE:Solid infill
;WIDTH:0.412619
G1 F3600
G1 X48.779 Y17.228 E.18571
G1 X49.157 Y17.228 E.00951
G1 X49.157 Y24.608 E.18571
G1 X48.982 Y24.608 E.0044
G1 E-3.5
;WIPE_START
G1 F7200
G1 X49.157 Y24.608 E-.08313
G1 X49.157 Y21.625 E-1.41687
;WIPE_END
G1 X49.831 Y17.242 F9000
G1 E5 F2400
;TYPE:Internal infill
;WIDTH:0.44
G1 F3600
G1 X52.265 Y17.242 E.06568
G1 X49.549 Y19.957 E.10363
G1 X49.549 Y19.229 E.01964
G1 X58.658 Y28.338 E.34762
G1 X58.658 Y26.147 E.05912
G1 X55.211 Y29.594 E.13155
G1 X52.265 Y29.594 E.0795
G1 X50.912 Y28.242 E.05161
G1 X50.912 Y26.243 E.05394
G1 X58.658 Y18.497 E.29561
G1 X58.658 Y20.689 E.05915
G1 X55.211 Y17.242 E.13155
G1 X57.645 Y17.242 E.06568
G1 E-3.5
;WIPE_START
G1 F7200
G1 X55.211 Y17.242 E-1.15615
G1 X55.723 Y17.754 E-.34385
;WIPE_END
G1 X58.956 Y29.501 F9000
G1 E5 F2400
;TYPE:Solid infill
;WIDTH:0.511486
G1 F3600
G1 X58.914 Y29.543 E.00189
G1 X58.929 Y29.601 E.0019
G1 X58.987 Y29.616 E.0019
G1 X59.029 Y29.574 E.00189
G1 X59.013 Y29.516 E.00191
;WIDTH:0.439999
G1 X59.496 Y29.459 E.01312
G1 X59.064 Y29.027 E.01649
G1 X59.064 Y28.453 E.01549
G1 X59.88 Y29.27 E.03116
G1 X60.315 Y29.13 E.01233
G1 X59.064 Y27.879 E.04774
G1 X59.064 Y27.306 E.01546
G1 X60.81 Y29.052 E.06663
G1 X61.383 Y29.051 E.01546
G1 X59.064 Y26.732 E.0885
G1 X59.064 Y26.158 E.01549
G1 X62.103 Y29.197 E.11598
G1 X62.241 Y29.278 E.00432
;WIDTH:0.407168
G1 X62.379 Y29.358 E.00396
;WIDTH:0.374336
G1 X62.36 Y29.429 E.00166
G1 X62.431 Y29.41 E.00166
G1 X62.42 Y29.369 E.00096
G1 X63.366 Y29.589 F9000
G1 F3600
G1 X63.347 Y29.66 E.00166
G1 X63.418 Y29.641 E.00166
G1 X63.407 Y29.6 E.00096
;WIDTH:0.407168
G1 X63.24 Y29.597 E.00414
;WIDTH:0.439999
G1 X63.073 Y29.594 E.00451
G1 X59.064 Y25.585 E.15299
G1 X59.064 Y25.011 E.01549
G1 X63.113 Y29.06 E.15452
G1 X63.113 Y28.486 E.01549
G1 X59.064 Y24.437 E.15452
G1 X59.064 Y23.864 E.01546
G1 X63.113 Y27.913 E.15452
G1 X63.113 Y27.339 E.01549
G1 X59.064 Y23.29 E.15452
G1 X59.064 Y22.716 E.01549
G1 X63.113 Y26.765 E.15452
G1 X63.113 Y26.192 E.01546
G1 X59.064 Y22.142 E.15454
G1 X59.064 Y21.569 E.01546
G1 X63.113 Y25.618 E.15452
G1 X63.113 Y25.044 E.01549
G1 X59.064 Y20.995 E.15452
G1 X59.064 Y20.421 E.01549
G1 X63.113 Y24.471 E.15454
G1 X63.113 Y23.897 E.01549
G1 X59.064 Y19.848 E.15452
G1 X59.064 Y19.274 E.01549
G1 X63.113 Y23.323 E.15452
G1 X63.113 Y22.75 E.01546
G1 X59.064 Y18.7 E.15454
G1 X59.064 Y18.127 E.01546
G1 X63.113 Y22.176 E.15452
G1 X63.113 Y21.602 E.01549
G1 X59.064 Y17.553 E.15452
G1 X58.968 Y17.116 E.01207
;WIDTH:0.374336
G1 X58.949 Y17.187 E.00166
G1 X59.02 Y17.168 E.00166
G1 X59.009 Y17.127 E.00096
;WIDTH:0.407168
G1 X59.168 Y17.184 E.00419
;WIDTH:0.439999
G1 X59.326 Y17.242 E.00454
G1 X63.113 Y21.028 E.1445
G1 X63.113 Y20.455 E.01546
G1 X59.9 Y17.242 E.12262
G1 X60.474 Y17.242 E.01549
G1 X63.113 Y19.881 E.10071
G1 X63.113 Y19.307 E.01549
G1 X61.047 Y17.242 E.07882
G1 X63.113 Y17.242 E.05575
G1 X63.113 Y18.734 E.04026
G1 X61.764 Y17.385 E.05148
G1 X62.661 Y17.622 F9000
;WIDTH:0.502722
G1 F3600
G1 X62.619 Y17.663 E.00183
G1 X62.635 Y17.72 E.00184
G1 X62.691 Y17.735 E.00181
G1 X62.733 Y17.694 E.00183
G1 X62.717 Y17.637 E.00184
G1 E-3.5
;WIPE_START
G1 F7200
G1 X62.733 Y17.694 E-.02812
G1 X62.691 Y17.735 E-.02788
G1 X62.635 Y17.72 E-.02754
G1 X62.619 Y17.663 E-.02812
G1 X62.661 Y17.622 E-.02788
;WIPE_END
G1 E-1.36046 F3600
G1 X74.765 Y22.905 F9000
G1 E5 F2400
;TYPE:Internal infill
;WIDTH:0.44
G1 F3600
G1 X74.765 Y25.339 E.06568
G1 X70.509 Y29.594 E.1624
G1 X67.563 Y29.594 E.0795
G1 X63.519 Y25.55 E.15433
G1 X63.519 Y28.935 E.09134
G1 X74.765 Y17.689 E.42917
G1 X74.765 Y21.497 E.10276
G1 X70.509 Y17.242 E.1624
G1 X67.563 Y17.242 E.0795
G1 X63.519 Y21.286 E.15433
G1 X63.519 Y17.9 E.09137
G1 X74.765 Y29.146 E.42917
G1 X74.765 Y29.594 E.01209
G1 X72.779 Y29.594 E.05359
;LAYER_CHANGE
;Z:3.56
;HEIGHT:0.16
;BEFORE_LAYER_CHANGE
G92 E0
;3.56


G1 E-3.5 F3600
;WIPE_START
G1 F7200
G1 X74.765 Y29.594 E-.94335
G1 X74.765 Y29.146 E-.2128
G1 X74.253 Y28.634 E-.34385
;WIPE_END
G1 Z3.56 F9000
;AFTER_LAYER_CHANGE
;3.56
G1 X43.522 Y24.907
G1 E5 F2400
;TYPE:Perimeter
;WIDTH:0.439999
G1 F3600
G1 X42.571 Y24.907 E.02566
G1 X42.249 Y24.96 E.00881
G1 X42.046 Y25.057 E.00607
G1 X41.818 Y25.252 E.0081
G1 X41.633 Y25.571 E.00995
G1 X41.577 Y25.901 E.00903
G1 X41.577 Y29.907 E.1081
G1 X33.06 Y29.907 E.22983
G1 X32.785 Y29.725 E.0089
G1 X32.179 Y29.414 E.01838
G1 X31.55 Y29.219 E.01777
G1 X31.025 Y29.177 E.01421
G1 X30.523 Y29.239 E.01365
G1 X30.012 Y29.403 E.01448
G1 X29.541 Y29.637 E.01419
G1 X29.123 Y29.907 E.01343
G1 X17.1 Y29.907 E.32444
G1 X17.1 Y16.929 E.35021
G1 X43.522 Y16.929 E.71299
G1 X43.522 Y24.847 E.21367
G1 X42.159 Y25.491 F9000
G1 F3600
G1 X42.042 Y25.643 E.00518
G1 X41.983 Y25.901 E.00714
G1 X41.983 Y30.312 E.11903
G1 X32.935 Y30.312 E.24416
G1 X32.591 Y30.081 E.01118
G1 X32.055 Y29.8 E.01633
G1 X31.539 Y29.634 E.01463
G1 X31.094 Y29.584 E.01208
G1 X30.665 Y29.626 E.01163
G1 X30.217 Y29.759 E.01261
G1 X29.723 Y29.999 E.01482
G1 X29.246 Y30.312 E.0154
G1 X16.694 Y30.312 E.33871
G1 X16.694 Y16.524 E.37207
G1 X43.928 Y16.524 E.7349
G1 X43.928 Y25.312 E.23714
G1 X42.571 Y25.312 E.03662
G1 X42.38 Y25.344 E.00523
G1 X42.2 Y25.448 E.00561
G1 X42.437 Y25.772 F9000
;TYPE:External perimeter
;WIDTH:0.419999
G1 F1800
G1 X42.378 Y25.901 E.00364
G1 X42.378 Y30.708 E.12332
G1 X32.812 Y30.708 E.24541
G1 X32.402 Y30.428 E.01274
G1 X31.934 Y30.177 E.01362
G1 X31.418 Y30.011 E.01391
G1 X31.064 Y29.979 E.00912
G1 X30.714 Y30.019 E.00904
G1 X30.337 Y30.136 E.01013
G1 X29.88 Y30.365 E.01311
G1 X29.366 Y30.708 E.01585
G1 X16.298 Y30.708 E.33525
G1 X16.298 Y16.128 E.37404
G1 X44.324 Y16.128 E.71899
G1 X44.324 Y25.708 E.24577
G1 X42.571 Y25.708 E.04497
G1 X42.483 Y25.741 E.00241
G1 E-3.5 F3600
;WIPE_START
G1 F7200
G1 X42.437 Y25.772 E-.02635
G1 X42.378 Y25.901 E-.06738
G1 X42.378 Y28.862 E-1.40627
;WIPE_END
G1 X42.346 Y17.242 F9000
G1 E5 F2400
;TYPE:Internal infill
;WIDTH:0.44
G1 F3600
G1 X39.912 Y17.242 E.06568
G1 X42.578 Y19.908 E.10174
G1 X42.578 Y19.279 E.01697
G1 X33.614 Y28.243 E.34209
G1 X33.614 Y26.242 E.054
G1 X36.966 Y29.594 E.12792
G1 X39.912 Y29.594 E.0795
G1 X41.265 Y28.242 E.05161
G1 X41.265 Y26.243 E.05394
G1 X33.614 Y18.593 E.29196
G1 X33.614 Y20.593 E.05397
G1 X36.966 Y17.242 E.1279
G1 X34.532 Y17.242 E.06568
G1 E-3.5
;WIPE_START
G1 F7200
G1 X36.966 Y17.242 E-1.15615
G1 X36.454 Y17.754 E-.34385
;WIPE_END
G1 X29.095 Y17.287 F9000
G1 E5 F2400
;TYPE:Solid infill
;WIDTH:0.565258
G1 F3600
G1 X29.048 Y17.24 E.00235
G1 X28.984 Y17.257 E.00234
G1 X28.967 Y17.321 E.00234
G1 X29.013 Y17.368 E.00232
G1 X29.078 Y17.351 E.00237
;WIDTH:0.439999
G1 X28.968 Y18.029 E.01853
G1 X29.756 Y17.242 E.03005
G1 X30.329 Y17.242 E.01546
G1 X28.968 Y18.603 E.05194
G1 X28.968 Y19.177 E.01549
G1 X30.903 Y17.242 E.07384
G1 X31.477 Y17.242 E.01549
G1 X28.968 Y19.75 E.09573
G1 X28.968 Y20.324 E.01549
G1 X32.05 Y17.242 E.11762
G1 X32.624 Y17.242 E.01549
G1 X28.968 Y20.898 E.13952
G1 X28.968 Y21.471 E.01546
G1 X33.198 Y17.242 E.16141
G1 X33.209 Y17.804 E.01517
G1 X28.968 Y22.045 E.16185
G1 X28.968 Y22.619 E.01549
G1 X33.209 Y18.378 E.16185
G1 X33.209 Y18.952 E.01549
G1 X28.968 Y23.192 E.16183
G1 X28.968 Y23.766 E.01549
G1 X33.209 Y19.525 E.16185
G1 X33.209 Y20.099 E.01549
G1 X28.968 Y24.34 E.16185
G1 X28.968 Y24.913 E.01546
G1 X33.209 Y20.673 E.16183
G1 X33.209 Y21.246 E.01546
G1 X28.968 Y25.487 E.16185
G1 X28.968 Y26.061 E.01549
G1 X33.209 Y21.82 E.16185
G1 X33.209 Y22.394 E.01549
G1 X28.968 Y26.635 E.16185
G1 X28.968 Y27.208 E.01546
G1 X33.209 Y22.967 E.16185
G1 X33.209 Y23.541 E.01549
G1 X28.968 Y27.782 E.16185
G1 X28.968 Y28.356 E.01549
G1 X33.209 Y24.115 E.16185
G1 X33.209 Y24.689 E.01549
G1 X28.968 Y28.929 E.16183
G1 X28.687 Y29.653 E.02096
;WIDTH:0.374336
G1 X28.646 Y29.664 E.00096
G1 X28.627 Y29.593 E.00166
G1 X28.698 Y29.612 E.00166
;WIDTH:0.407168
G1 X28.787 Y29.603 E.00222
;WIDTH:0.439999
G1 X28.877 Y29.594 E.00244
G1 X33.209 Y25.262 E.16532
G1 X33.209 Y25.836 E.01549
G1 X29.946 Y29.099 E.12452
G1 X29.823 Y29.194 E.00419
;WIDTH:0.407168
G1 X29.7 Y29.29 E.00387
;WIDTH:0.374336
G1 X29.629 Y29.271 E.00166
G1 X29.648 Y29.342 E.00166
G1 X29.689 Y29.331 E.00096
G1 X30.715 Y28.903 F9000
;WIDTH:0.439999
G1 F3600
G1 X33.209 Y26.41 E.09516
G1 X33.209 Y26.983 E.01546
G1 X31.306 Y28.886 E.07262
G1 E-3.5
;WIPE_START
G1 F7200
G1 X33.209 Y26.983 E-1.27834
G1 X33.209 Y26.516 E-.22166
;WIPE_END
G1 X33.065 Y27.7 F9000
G1 E5 F2400
G1 F3600
G1 X31.793 Y28.973 E.04856
G1 X32.472 Y29.201 E.01933
G1 X33.172 Y29.594 E.02166
G1 X33.35 Y29.594 E.0048
G1 X33.241 Y29.468 E.0045
G1 X33.209 Y29.359 E.00307
G1 X33.209 Y27.557 E.04863
G1 X32.782 Y28.742 F9000
;WIDTH:0.62597
G1 F3600
G1 X32.729 Y28.689 E.00295
G1 X32.658 Y28.709 E.0029
G1 X32.639 Y28.78 E.00289
G1 X32.691 Y28.832 E.00289
G1 X32.762 Y28.813 E.00289
G1 E-3.5
;WIPE_START
G1 F7200
G1 X32.691 Y28.832 E-.03491
G1 X32.639 Y28.78 E-.03493
G1 X32.658 Y28.709 E-.03491
G1 X32.729 Y28.689 E-.03504
G1 X32.782 Y28.742 E-.0356
;WIPE_END
G1 E-1.32461 F3600
G1 X43.255 Y17.197 F9000
G1 E5 F2400
;WIDTH:0.350153
G1 F3600
G1 X43.255 Y24.639 E.15634
G1 X42.939 Y24.639 E.00664
G1 X42.939 Y17.197 E.15634
G1 X43.052 Y17.197 E.00237
G1 E-3.5
;WIPE_START
G1 F7200
G1 X42.939 Y17.197 E-.05367
G1 X42.939 Y20.242 E-1.44633
;WIPE_END
G1 X19.398 Y17.242 F9000
G1 E5 F2400
;TYPE:Internal infill
;WIDTH:0.44
G1 F3600
G1 X17.412 Y17.242 E.05359
G1 X17.412 Y17.689 E.01206
G1 X28.562 Y28.84 E.42553
G1 X28.562 Y25.645 E.08622
G1 X24.614 Y29.594 E.15068
G1 X21.668 Y29.594 E.0795
G1 X17.412 Y25.339 E.1624
G1 X17.412 Y29.146 E.10273
G1 X28.562 Y17.996 E.42551
G1 X28.562 Y21.19 E.08619
G1 X24.614 Y17.242 E.15066
G1 X21.668 Y17.242 E.0795
G1 X17.412 Y21.497 E.1624
G1 X17.412 Y23.931 E.06568
G1 E-3.5
;WIPE_START
G1 F7200
G1 X17.412 Y21.497 E-1.15615
G1 X17.924 Y20.985 E-.34385
;WIPE_END
G1 X48.654 Y24.907 F9000
G1 E5 F2400
;TYPE:Perimeter
;WIDTH:0.439999
G1 F3600
G1 X48.654 Y16.929 E.21528
G1 X75.077 Y16.929 E.71302
G1 X75.077 Y29.907 E.35021
G1 X63.06 Y29.907 E.32428
G1 X62.785 Y29.725 E.0089
G1 X62.179 Y29.414 E.01838
G1 X61.55 Y29.219 E.01777
G1 X61.025 Y29.177 E.01421
G1 X60.523 Y29.239 E.01365
G1 X60.012 Y29.403 E.01448
G1 X59.541 Y29.637 E.01419
G1 X59.123 Y29.907 E.01343
G1 X50.6 Y29.907 E.22999
G1 X50.6 Y25.801 E.1108
G1 X50.499 Y25.465 E.00947
G1 X50.259 Y25.152 E.01064
G1 X49.928 Y24.96 E.01033
G1 X49.606 Y24.907 E.00881
G1 X48.714 Y24.907 E.02407
G1 X50.012 Y25.494 F9000
G1 F3600
G1 X49.917 Y25.401 E.00359
G1 X49.606 Y25.312 E.00873
G1 X48.249 Y25.312 E.03662
G1 X48.249 Y16.524 E.23714
G1 X75.483 Y16.524 E.7349
G1 X75.483 Y30.312 E.37207
G1 X62.935 Y30.312 E.33861
G1 X62.591 Y30.081 E.01118
G1 X62.055 Y29.8 E.01633
G1 X61.539 Y29.634 E.01463
G1 X61.094 Y29.584 E.01208
G1 X60.665 Y29.626 E.01163
G1 X60.217 Y29.759 E.01261
G1 X59.723 Y29.999 E.01482
G1 X59.246 Y30.312 E.0154
G1 X50.194 Y30.312 E.24427
G1 X50.194 Y25.839 E.1207
G1 X50.099 Y25.579 E.00747
G1 X50.055 Y25.536 E.00166
G1 X49.734 Y25.767 F9000
;TYPE:External perimeter
;WIDTH:0.419999
G1 F1800
G1 X49.606 Y25.708 E.00362
G1 X47.853 Y25.708 E.04497
G1 X47.853 Y16.128 E.24577
G1 X75.878 Y16.128 E.71896
G1 X75.878 Y30.708 E.37404
G1 X62.812 Y30.708 E.3352
G1 X62.402 Y30.428 E.01274
G1 X61.934 Y30.177 E.01362
G1 X61.418 Y30.011 E.01391
G1 X61.064 Y29.979 E.00912
G1 X60.714 Y30.019 E.00904
G1 X60.337 Y30.136 E.01013
G1 X59.88 Y30.365 E.01311
G1 X59.366 Y30.708 E.01585
G1 X49.798 Y30.708 E.24546
G1 X49.798 Y25.901 E.12332
G1 X49.766 Y25.812 E.00243
G1 E-3.5 F3600
;WIPE_START
G1 F7200
G1 X49.734 Y25.767 E-.02623
G1 X49.606 Y25.708 E-.06695
G1 X47.853 Y25.708 E-.83268
G1 X47.853 Y24.499 E-.57414
;WIPE_END
G1 X49.831 Y17.242 F9000
G1 E5 F2400
;TYPE:Internal infill
;WIDTH:0.44
G1 F3600
G1 X52.265 Y17.242 E.06568
G1 X49.598 Y19.908 E.10176
G1 X49.598 Y19.279 E.01697
G1 X58.562 Y28.243 E.34209
G1 X58.562 Y26.242 E.054
G1 X55.211 Y29.594 E.1279
G1 X52.265 Y29.594 E.0795
G1 X50.912 Y28.242 E.05161
G1 X50.912 Y26.243 E.05394
G1 X58.562 Y18.593 E.29194
G1 X58.562 Y20.593 E.05397
G1 X55.211 Y17.242 E.12788
G1 X57.645 Y17.242 E.06568
G1 X59.095 Y17.287 F9000
;TYPE:Solid infill
;WIDTH:0.565258
G1 F3600
G1 X59.048 Y17.24 E.00235
G1 X58.984 Y17.257 E.00234
G1 X58.967 Y17.321 E.00234
G1 X59.013 Y17.368 E.00232
G1 X59.078 Y17.351 E.00237
;WIDTH:0.439999
G1 X58.968 Y18.029 E.01853
G1 X59.756 Y17.242 E.03005
G1 X60.329 Y17.242 E.01546
G1 X58.968 Y18.603 E.05194
G1 X58.968 Y19.177 E.01549
G1 X60.903 Y17.242 E.07384
G1 X61.477 Y17.242 E.01549
G1 X58.968 Y19.75 E.09573
G1 X58.968 Y20.324 E.01549
G1 X62.05 Y17.242 E.11762
G1 X62.624 Y17.242 E.01549
G1 X58.968 Y20.898 E.13952
G1 X58.968 Y21.471 E.01546
G1 X63.198 Y17.242 E.16141
G1 X63.209 Y17.804 E.01517
G1 X58.968 Y22.045 E.16185
G1 X58.968 Y22.619 E.01549
G1 X63.209 Y18.378 E.16185
G1 X63.209 Y18.952 E.01549
G1 X58.968 Y23.192 E.16183
G1 X58.968 Y23.766 E.01549
G1 X63.209 Y19.525 E.16185
G1 X63.209 Y20.099 E.01549
G1 X58.968 Y24.34 E.16185
G1 X58.968 Y24.913 E.01546
G1 X63.209 Y20.673 E.16183
G1 X63.209 Y21.246 E.01546
G1 X58.968 Y25.487 E.16185
G1 X58.968 Y26.061 E.01549
G1 X63.209 Y21.82 E.16185
G1 X63.209 Y22.394 E.01549
G1 X58.968 Y26.635 E.16185
G1 X58.968 Y27.208 E.01546
G1 X63.209 Y22.967 E.16185
G1 X63.209 Y23.541 E.01549
G1 X58.968 Y27.782 E.16185
G1 X58.968 Y28.356 E.01549
G1 X63.209 Y24.115 E.16185
G1 X63.209 Y24.689 E.01549
G1 X58.968 Y28.929 E.16183
G1 X58.687 Y29.653 E.02096
;WIDTH:0.374336
G1 X58.646 Y29.664 E.00096
G1 X58.627 Y29.593 E.00166
G1 X58.698 Y29.612 E.00166
;WIDTH:0.407168
G1 X58.787 Y29.603 E.00222
;WIDTH:0.439999
G1 X58.877 Y29.594 E.00244
G1 X63.209 Y25.262 E.16532
G1 X63.209 Y25.836 E.01549
G1 X59.946 Y29.099 E.12452
G1 X59.823 Y29.194 E.00419
;WIDTH:0.407168
G1 X59.7 Y29.29 E.00387
;WIDTH:0.374336
G1 X59.629 Y29.271 E.00166
G1 X59.648 Y29.342 E.00166
G1 X59.689 Y29.331 E.00096
G1 X60.715 Y28.903 F9000
;WIDTH:0.439999
G1 F3600
G1 X63.209 Y26.41 E.09516
G1 X63.209 Y26.983 E.01546
G1 X61.306 Y28.886 E.07262
G1 E-3.5
;WIPE_START
G1 F7200
G1 X63.209 Y26.983 E-1.27834
G1 X63.209 Y26.516 E-.22166
;WIPE_END
G1 X63.065 Y27.7 F9000
G1 E5 F2400
G1 F3600
G1 X61.793 Y28.973 E.04856
G1 X62.472 Y29.201 E.01933
G1 X63.172 Y29.594 E.02166
G1 X63.35 Y29.594 E.0048
G1 X63.241 Y29.468 E.0045
G1 X63.209 Y29.359 E.00307
G1 X63.209 Y27.557 E.04863
G1 X62.782 Y28.742 F9000
;WIDTH:0.625968
G1 F3600
G1 X62.729 Y28.689 E.00295
G1 X62.658 Y28.709 E.0029
G1 X62.639 Y28.78 E.00289
G1 X62.691 Y28.832 E.00289
G1 X62.762 Y28.813 E.00289
G1 E-3.5
;WIPE_START
G1 F7200
G1 X62.691 Y28.832 E-.03491
G1 X62.639 Y28.78 E-.03493
G1 X62.658 Y28.709 E-.03491
G1 X62.729 Y28.689 E-.03504
G1 X62.782 Y28.742 E-.0356
;WIPE_END
G1 E-1.32461 F3600
G1 X72.779 Y29.594 F9000
G1 E5 F2400
;TYPE:Internal infill
;WIDTH:0.44
G1 F3600
G1 X74.765 Y29.594 E.05359
G1 X74.765 Y29.146 E.01209
G1 X63.614 Y17.996 E.42553
G1 X63.614 Y21.19 E.08619
G1 X67.563 Y17.242 E.15068
G1 X70.509 Y17.242 E.0795
G1 X74.765 Y21.497 E.1624
G1 X74.765 Y17.689 E.10276
G1 X63.614 Y28.84 E.42555
G1 X63.614 Y25.645 E.08622
G1 X67.563 Y29.594 E.1507
G1 X70.509 Y29.594 E.0795
G1 X74.765 Y25.339 E.1624
G1 X74.765 Y22.905 E.06568
G1 E-3.5
;WIPE_START
G1 F7200
G1 X74.765 Y25.339 E-1.15615
G1 X74.253 Y25.851 E-.34385
;WIPE_END
G1 X48.922 Y17.197 F9000
G1 E5 F2400
;TYPE:Solid infill
;WIDTH:0.350152
G1 F3600
G1 X49.238 Y17.197 E.00664
G1 X49.238 Y24.639 E.15634
G1 X48.922 Y24.639 E.00664
G1 X48.922 Y17.399 E.1521
;LAYER_CHANGE
;Z:3.72
;HEIGHT:0.16
;BEFORE_LAYER_CHANGE
G92 E0
;3.72


G1 E-3.5 F3600
;WIPE_START
G1 F7200
G1 X48.922 Y20.557 E-1.5
;WIPE_END
G1 Z3.72 F9000
;AFTER_LAYER_CHANGE
;3.72
G1 X43.381 Y16.929
G1 E5 F2400
;TYPE:Perimeter
;WIDTH:0.439999
G1 F3600
G1 X43.381 Y24.907 E.21528
G1 X42.571 Y24.907 E.02186
G1 X42.223 Y24.97 E.00954
G1 X42.014 Y25.077 E.00634
G1 X41.8 Y25.274 E.00785
G1 X41.633 Y25.571 E.00919
G1 X41.577 Y25.901 E.00903
G1 X41.577 Y29.907 E.1081
G1 X33.207 Y29.907 E.22586
G1 X32.658 Y29.52 E.01813
G1 X32.128 Y29.245 E.01611
G1 X31.579 Y29.072 E.01553
G1 X30.97 Y29.024 E.01648
G1 X30.399 Y29.122 E.01563
G1 X29.882 Y29.319 E.01493
G1 X29.376 Y29.61 E.01575
G1 X28.964 Y29.907 E.01371
G1 X17.1 Y29.907 E.32015
G1 X17.1 Y16.929 E.35021
G1 X43.321 Y16.929 E.70757
G1 X43.786 Y16.524 F9000
G1 F3600
G1 X43.786 Y25.312 E.23714
G1 X42.571 Y25.312 E.03279
G1 X42.365 Y25.35 E.00565
G1 X42.167 Y25.473 E.00629
G1 X42.04 Y25.647 E.00581
G1 X41.983 Y25.901 E.00702
G1 X41.983 Y30.312 E.11903
G1 X33.076 Y30.312 E.24035
G1 X32.526 Y29.916 E.01829
G1 X32.074 Y29.664 E.01396
G1 X31.589 Y29.486 E.01394
G1 X31.089 Y29.423 E.0136
G1 X30.542 Y29.501 E.01491
G1 X29.997 Y29.715 E.0158
G1 X29.53 Y29.994 E.01468
G1 X29.097 Y30.312 E.0145
G1 X16.694 Y30.312 E.33469
G1 X16.694 Y16.524 E.37207
G1 X43.726 Y16.524 E.72945
G1 X44.182 Y16.128 F9000
;TYPE:External perimeter
;WIDTH:0.419999
G1 F1800
G1 X44.182 Y25.708 E.24577
G1 X42.571 Y25.708 E.04133
G1 X42.439 Y25.761 E.00365
G1 X42.378 Y25.901 E.00392
G1 X42.378 Y30.708 E.12332
G1 X32.949 Y30.708 E.2419
G1 X32.295 Y30.236 E.02069
G1 X31.885 Y30.011 E.012
G1 X31.516 Y29.876 E.01008
G1 X31.114 Y29.82 E.01041
G1 X30.681 Y29.872 E.01119
G1 X30.198 Y30.057 E.01327
G1 X29.764 Y30.312 E.01291
G1 X29.227 Y30.708 E.01712
G1 X16.298 Y30.708 E.33169
G1 X16.298 Y16.128 E.37404
G1 X44.122 Y16.128 E.71381
G1 E-3.5 F3600
;WIPE_START
G1 F7200
G1 X44.182 Y16.128 E-.0285
G1 X44.182 Y19.226 E-1.4715
;WIPE_END
G1 X42.346 Y17.242 F9000
G1 E5 F2400
;TYPE:Internal infill
;WIDTH:0.44
G1 F3600
G1 X39.912 Y17.242 E.06568
G1 X42.542 Y19.872 E.10037
G1 X42.542 Y19.315 E.01503
G1 X33.681 Y28.176 E.33816
G1 X33.681 Y26.309 E.05038
G1 X36.966 Y29.594 E.12536
G1 X39.912 Y29.594 E.0795
G1 X41.265 Y28.242 E.05161
G1 X41.265 Y26.243 E.05394
G1 X33.681 Y18.66 E.2894
G1 X33.681 Y20.527 E.05038
G1 X36.966 Y17.242 E.12536
G1 X34.532 Y17.242 E.06568
G1 X32.668 Y17.057 F9000
;TYPE:Top solid infill
;WIDTH:0.40098
G1 F1800
G1 X33.245 Y17.634 E.0199
G1 X33.245 Y18.152 E.01263
G1 X32.314 Y17.222 E.03209
G1 X31.795 Y17.222 E.01266
G1 X33.245 Y18.671 E.05
G1 X33.245 Y19.189 E.01263
G1 X31.277 Y17.222 E.06786
G1 X30.758 Y17.222 E.01266
G1 X33.245 Y19.708 E.08576
G1 X33.245 Y20.226 E.01263
G1 X30.24 Y17.222 E.10363
G1 X29.721 Y17.222 E.01266
G1 X33.245 Y20.745 E.12153
G1 X33.245 Y21.263 E.01263
G1 X29.203 Y17.222 E.1394
G1 X28.932 Y17.222 E.00661
G1 X28.932 Y17.47 E.00605
G1 X33.245 Y21.782 E.14875
G1 X33.245 Y22.3 E.01263
G1 X28.932 Y17.988 E.14875
G1 X28.932 Y18.507 E.01266
G1 X33.245 Y22.819 E.14875
G1 X33.245 Y23.337 E.01263
G1 X28.932 Y19.025 E.14875
G1 X28.932 Y19.544 E.01266
G1 X33.245 Y23.856 E.14875
G1 X33.245 Y24.374 E.01263
G1 X28.932 Y20.062 E.14875
G1 X28.932 Y20.581 E.01266
G1 X33.245 Y24.893 E.14875
G1 X33.245 Y25.411 E.01263
G1 X28.932 Y21.099 E.14875
G1 X28.932 Y21.618 E.01266
G1 X33.245 Y25.93 E.14875
G1 X33.245 Y26.448 E.01263
G1 X28.932 Y22.136 E.14875
G1 X28.932 Y22.655 E.01266
G1 X33.245 Y26.967 E.14875
G1 X33.245 Y27.485 E.01263
G1 X28.932 Y23.173 E.14875
G1 X28.932 Y23.692 E.01266
G1 X33.245 Y28.004 E.14875
G1 X33.245 Y28.523 E.01266
G1 X28.932 Y24.21 E.14876
G1 X28.932 Y24.729 E.01266
G1 X33.238 Y29.035 E.14852
G1 X33.205 Y29.224 E.00468
G1 X33.129 Y29.444 E.00568
G1 X28.932 Y25.247 E.14476
G1 X28.932 Y25.766 E.01266
G1 X32.088 Y28.922 E.10886
G1 X31.753 Y28.807 E.00864
G1 X31.412 Y28.764 E.00838
G1 X28.932 Y26.284 E.08554
G1 X28.932 Y26.803 E.01266
G1 X30.879 Y28.749 E.06714
G1 X30.421 Y28.81 E.01127
G1 X28.932 Y27.321 E.05136
G1 X28.932 Y27.84 E.01266
G1 X30.04 Y28.948 E.03822
G1 X29.837 Y29.021 E.00526
G1 X29.681 Y29.107 E.00434
G1 X28.932 Y28.358 E.02583
G1 X28.932 Y28.877 E.01266
G1 X29.468 Y29.413 E.01849
G1 E-3.5 F3600
;WIPE_START
G1 F7200
G1 X28.932 Y28.877 E-.36006
G1 X28.932 Y28.358 E-.24652
G1 X29.681 Y29.107 E-.50314
G1 X29.837 Y29.021 E-.08461
G1 X30.04 Y28.948 E-.10247
G1 X29.738 Y28.645 E-.2032
;WIPE_END
G1 X17.412 Y23.931 F9000
G1 E5 F2400
;TYPE:Internal infill
;WIDTH:0.44
G1 F3600
G1 X17.412 Y21.497 E.06568
G1 X21.668 Y17.242 E.1624
G1 X24.614 Y17.242 E.0795
G1 X28.496 Y21.124 E.14815
G1 X28.496 Y18.063 E.0826
G1 X17.412 Y29.146 E.42297
G1 X17.412 Y25.339 E.10273
G1 X21.668 Y29.594 E.1624
G1 X24.614 Y29.594 E.0795
G1 X28.496 Y25.712 E.14815
G1 X28.496 Y28.773 E.0826
G1 X17.412 Y17.689 E.42299
G1 X17.412 Y17.242 E.01206
G1 X19.398 Y17.242 E.05359
G1 E-3.5
;WIPE_START
G1 F7200
G1 X17.412 Y17.242 E-.94335
G1 X17.412 Y17.689 E-.21232
G1 X17.925 Y18.202 E-.34433
;WIPE_END
G1 X43.008 Y24.534 F9000
G1 E5 F2400
;TYPE:Solid infill
;WIDTH:0.56036
G1 F3600
G1 X43.008 Y17.302 E.25306
G1 E-3.5
;WIPE_START
G1 F7200
G1 X43.008 Y20.46 E-1.5
;WIPE_END
G1 X48.796 Y16.929 F9000
G1 E5 F2400
;TYPE:Perimeter
;WIDTH:0.439999
G1 F3600
G1 X75.077 Y16.929 E.70919
G1 X75.077 Y29.907 E.35021
G1 X63.207 Y29.907 E.32031
G1 X62.658 Y29.52 E.01813
G1 X62.128 Y29.245 E.01611
G1 X61.579 Y29.072 E.01553
G1 X60.97 Y29.024 E.01648
G1 X60.399 Y29.122 E.01563
G1 X59.882 Y29.319 E.01493
G1 X59.376 Y29.61 E.01575
G1 X58.964 Y29.907 E.01371
G1 X50.6 Y29.907 E.2257
G1 X50.6 Y25.801 E.1108
G1 X50.503 Y25.473 E.00923
G1 X50.289 Y25.179 E.00981
G1 X49.954 Y24.97 E.01065
G1 X49.606 Y24.907 E.00954
G1 X48.796 Y24.907 E.02186
G1 X48.796 Y16.989 E.21367
G1 X48.391 Y16.524 F9000
G1 F3600
G1 X75.483 Y16.524 E.73107
G1 X75.483 Y30.312 E.37207
G1 X63.076 Y30.312 E.3348
G1 X62.526 Y29.916 E.01829
G1 X62.074 Y29.664 E.01396
G1 X61.589 Y29.486 E.01394
G1 X61.089 Y29.423 E.0136
G1 X60.542 Y29.501 E.01491
G1 X59.997 Y29.715 E.0158
G1 X59.53 Y29.994 E.01468
G1 X59.097 Y30.312 E.0145
G1 X50.194 Y30.312 E.24025
G1 X50.194 Y25.839 E.1207
G1 X50.104 Y25.588 E.0072
G1 X49.935 Y25.413 E.00656
G1 X49.606 Y25.312 E.00929
G1 X48.391 Y25.312 E.03279
G1 X48.391 Y16.584 E.23552
G1 X47.995 Y16.128 F9000
;TYPE:External perimeter
;WIDTH:0.419999
G1 F1800
G1 X75.878 Y16.128 E.71532
G1 X75.878 Y30.708 E.37404
G1 X62.949 Y30.708 E.33169
G1 X62.295 Y30.236 E.02069
G1 X61.885 Y30.011 E.012
G1 X61.516 Y29.876 E.01008
G1 X61.114 Y29.82 E.01041
G1 X60.681 Y29.872 E.01119
G1 X60.198 Y30.057 E.01327
G1 X59.764 Y30.312 E.01291
G1 X59.227 Y30.708 E.01712
G1 X49.798 Y30.708 E.2419
G1 X49.798 Y25.901 E.12332
G1 X49.755 Y25.779 E.00332
G1 X49.606 Y25.708 E.00423
G1 X47.995 Y25.708 E.04133
G1 X47.995 Y16.188 E.24423
G1 E-3.5 F3600
;WIPE_START
G1 F7200
G1 X47.995 Y16.128 E-.0285
G1 X51.093 Y16.128 E-1.4715
;WIPE_END
G1 X49.831 Y17.242 F9000
G1 E5 F2400
;TYPE:Internal infill
;WIDTH:0.44
G1 F3600
G1 X52.265 Y17.242 E.06568
G1 X49.635 Y19.872 E.10037
G1 X49.635 Y19.315 E.01503
G1 X58.496 Y28.176 E.33816
G1 X58.496 Y26.309 E.05038
G1 X55.211 Y29.594 E.12536
G1 X52.265 Y29.594 E.0795
G1 X50.912 Y28.242 E.05161
G1 X50.912 Y26.243 E.05394
G1 X58.496 Y18.66 E.2894
G1 X58.496 Y20.527 E.05038
G1 X55.211 Y17.242 E.12536
G1 X57.645 Y17.242 E.06568
G1 E-3.5
;WIPE_START
G1 F7200
G1 X55.211 Y17.242 E-1.15615
G1 X55.723 Y17.754 E-.34385
;WIPE_END
G1 X62.668 Y17.057 F9000
G1 E5 F2400
;TYPE:Top solid infill
;WIDTH:0.40098
G1 F1800
G1 X63.245 Y17.634 E.0199
G1 X63.245 Y18.152 E.01263
G1 X62.314 Y17.222 E.03209
G1 X61.795 Y17.222 E.01266
G1 X63.245 Y18.671 E.05
G1 X63.245 Y19.189 E.01263
G1 X61.277 Y17.222 E.06786
G1 X60.758 Y17.222 E.01266
G1 X63.245 Y19.708 E.08576
G1 X63.245 Y20.226 E.01263
G1 X60.24 Y17.222 E.10363
G1 X59.721 Y17.222 E.01266
G1 X63.245 Y20.745 E.12153
G1 X63.245 Y21.263 E.01263
G1 X59.203 Y17.222 E.1394
G1 X58.932 Y17.222 E.00661
G1 X58.932 Y17.47 E.00605
G1 X63.245 Y21.782 E.14875
G1 X63.245 Y22.3 E.01263
G1 X58.932 Y17.988 E.14875
G1 X58.932 Y18.507 E.01266
G1 X63.245 Y22.819 E.14875
G1 X63.245 Y23.337 E.01263
G1 X58.932 Y19.025 E.14875
G1 X58.932 Y19.544 E.01266
G1 X63.245 Y23.856 E.14875
G1 X63.245 Y24.374 E.01263
G1 X58.932 Y20.062 E.14875
G1 X58.932 Y20.581 E.01266
G1 X63.245 Y24.893 E.14875
G1 X63.245 Y25.411 E.01263
G1 X58.932 Y21.099 E.14875
G1 X58.932 Y21.618 E.01266
G1 X63.245 Y25.93 E.14875
G1 X63.245 Y26.448 E.01263
G1 X58.932 Y22.136 E.14875
G1 X58.932 Y22.655 E.01266
G1 X63.245 Y26.967 E.14875
G1 X63.245 Y27.485 E.01263
G1 X58.932 Y23.173 E.14875
G1 X58.932 Y23.692 E.01266
G1 X63.245 Y28.004 E.14875
G1 X63.245 Y28.523 E.01266
G1 X58.932 Y24.21 E.14876
G1 X58.932 Y24.729 E.01266
G1 X63.238 Y29.035 E.14852
G1 X63.205 Y29.224 E.00468
G1 X63.129 Y29.444 E.00568
G1 X58.932 Y25.247 E.14476
G1 X58.932 Y25.766 E.01266
G1 X62.088 Y28.922 E.10886
G1 X61.753 Y28.807 E.00864
G1 X61.412 Y28.764 E.00838
G1 X58.932 Y26.284 E.08554
G1 X58.932 Y26.803 E.01266
G1 X60.879 Y28.749 E.06714
G1 X60.421 Y28.81 E.01127
G1 X58.932 Y27.321 E.05136
G1 X58.932 Y27.84 E.01266
G1 X60.04 Y28.948 E.03822
G1 X59.837 Y29.021 E.00526
G1 X59.681 Y29.107 E.00434
G1 X58.932 Y28.358 E.02583
G1 X58.932 Y28.877 E.01266
G1 X59.468 Y29.413 E.01849
G1 E-3.5 F3600
;WIPE_START
G1 F7200
G1 X58.932 Y28.877 E-.36006
G1 X58.932 Y28.358 E-.24652
G1 X59.681 Y29.107 E-.50314
G1 X59.837 Y29.021 E-.08461
G1 X60.04 Y28.948 E-.10247
G1 X59.738 Y28.645 E-.2032
;WIPE_END
G1 X49.169 Y24.534 F9000
G1 E5 F2400
;TYPE:Solid infill
;WIDTH:0.560358
G1 F3600
G1 X49.169 Y17.302 E.25306
G1 E-3.5
;WIPE_START
G1 F7200
G1 X49.169 Y20.46 E-1.5
;WIPE_END
G1 X74.765 Y22.905 F9000
G1 E5 F2400
;TYPE:Internal infill
;WIDTH:0.44
G1 F3600
G1 X74.765 Y25.339 E.06568
G1 X70.509 Y29.594 E.1624
G1 X67.563 Y29.594 E.0795
G1 X63.681 Y25.712 E.14815
G1 X63.681 Y28.773 E.0826
G1 X74.765 Y17.689 E.42299
G1 X74.765 Y21.497 E.10276
G1 X70.509 Y17.242 E.1624
G1 X67.563 Y17.242 E.0795
G1 X63.681 Y21.124 E.14815
G1 X63.681 Y18.063 E.0826
G1 X74.765 Y29.146 E.42297
G1 X74.765 Y29.594 E.01209
G1 X72.779 Y29.594 E.05359
;LAYER_CHANGE
;Z:3.88
;HEIGHT:0.16
;BEFORE_LAYER_CHANGE
G92 E0
;3.88


G1 E-3.5 F3600
;WIPE_START
G1 F7200
G1 X74.765 Y29.594 E-.94335
G1 X74.765 Y29.146 E-.2128
G1 X74.253 Y28.634 E-.34385
;WIPE_END
G1 Z3.88 F9000
;AFTER_LAYER_CHANGE
;3.88
G1 X29.728 Y29.21
G1 E5 F2400
;TYPE:Perimeter
;WIDTH:0.439999
G1 F3600
G1 X29.728 Y29.273 E.0017
G1 X29.43 Y29.454 E.00941
G1 X28.823 Y29.907 E.02044
G1 X17.1 Y29.907 E.31634
G1 X17.1 Y16.929 E.35021
G1 X29.728 Y16.929 E.34076
G1 X29.728 Y29.15 E.32978
G1 X30.134 Y29.402 F9000
G1 F3600
G1 X30.134 Y29.509 E.00289
G1 X29.416 Y29.968 E.023
G1 X28.968 Y30.312 E.01524
G1 X16.694 Y30.312 E.33121
G1 X16.694 Y16.524 E.37207
G1 X30.134 Y16.524 E.36268
G1 X30.134 Y29.342 E.34589
G1 X30.471 Y29.799 F9000
;TYPE:External perimeter
;WIDTH:0.419999
G1 F1800
G1 X30.29 Y29.872 E.00501
G1 X29.65 Y30.287 E.01957
G1 X29.11 Y30.708 E.01757
G1 X16.298 Y30.708 E.32868
G1 X16.298 Y16.128 E.37404
G1 X30.529 Y16.128 E.36509
G1 X30.529 Y29.775 E.35011
G1 X30.526 Y29.776 E.00008
G1 E-3.5 F3600
;WIPE_START
G1 F7200
G1 X30.471 Y29.799 E-.02832
G1 X30.29 Y29.872 E-.0927
G1 X29.65 Y30.287 E-.36232
G1 X29.11 Y30.708 E-.32524
G1 X27.654 Y30.708 E-.69142
;WIPE_END
G1 X29.378 Y17.279 F9000
G1 E5 F2400
;TYPE:Solid infill
;WIDTH:0.515635
G1 F3600
G1 X29.378 Y29.083 E.37792
G1 X28.875 Y29.437 E.01969
G1 X28.896 Y29.378 E.00201
G1 X28.896 Y17.279 E.38736
G1 X29.175 Y17.279 E.00893
G1 E-3.5
;WIPE_START
G1 F7200
G1 X28.896 Y17.279 E-.13252
G1 X28.896 Y20.158 E-1.36748
;WIPE_END
G1 X19.398 Y17.242 F9000
G1 E5 F2400
;TYPE:Internal infill
;WIDTH:0.44
G1 F3600
G1 X17.412 Y17.242 E.05359
G1 X17.412 Y17.689 E.01206
G1 X28.453 Y28.73 E.42135
G1 X28.453 Y25.755 E.08028
G1 X24.614 Y29.594 E.14651
G1 X21.668 Y29.594 E.0795
G1 X17.412 Y25.339 E.1624
G1 X17.412 Y29.146 E.10273
G1 X28.453 Y18.106 E.42133
G1 X28.453 Y21.081 E.08028
G1 X24.614 Y17.242 E.14651
G1 X21.668 Y17.242 E.0795
G1 X17.412 Y21.497 E.1624
G1 X17.412 Y23.931 E.06568
G1 E-3.5
;WIPE_START
G1 F7200
G1 X17.412 Y21.497 E-1.15615
G1 X17.924 Y20.985 E-.34385
;WIPE_END
G1 X32.449 Y29.212 F9000
G1 E5 F2400
;TYPE:Perimeter
;WIDTH:0.439999
G1 F3600
G1 X32.449 Y16.929 E.33145
G1 X43.264 Y16.929 E.29184
G1 X43.264 Y24.907 E.21528
G1 X42.571 Y24.907 E.0187
G1 X42.201 Y24.978 E.01017
G1 X41.863 Y25.203 E.01096
G1 X41.65 Y25.527 E.01046
G1 X41.577 Y25.901 E.01028
G1 X41.577 Y29.907 E.1081
G1 X33.349 Y29.907 E.22203
G1 X33.031 Y29.659 E.01088
G1 X32.449 Y29.275 E.01882
G1 X32.449 Y29.272 E.00008
G1 X32.043 Y29.4 F9000
G1 F3600
G1 X32.043 Y16.524 E.34746
G1 X43.669 Y16.524 E.31373
G1 X43.669 Y25.312 E.23714
G1 X42.571 Y25.312 E.02963
G1 X42.352 Y25.355 E.00602
G1 X42.226 Y25.424 E.00388
G1 X42.061 Y25.607 E.00665
G1 X41.983 Y25.901 E.00821
G1 X41.983 Y30.312 E.11903
G1 X33.206 Y30.312 E.23685
G1 X32.867 Y30.039 E.01175
G1 X32.392 Y29.706 E.01565
G1 X32.043 Y29.532 E.01052
G1 X32.043 Y29.46 E.00194
G1 X31.68 Y29.799 F9000
;TYPE:External perimeter
;WIDTH:0.419999
G1 F1800
G1 X31.648 Y29.784 E.00091
G1 X31.648 Y16.128 E.35034
G1 X44.065 Y16.128 E.31855
G1 X44.065 Y25.708 E.24577
G1 X42.571 Y25.708 E.03833
G1 X42.434 Y25.765 E.00381
G1 X42.378 Y25.901 E.00377
G1 X42.378 Y30.708 E.12332
G1 X33.065 Y30.708 E.23892
G1 X32.57 Y30.315 E.01621
G1 X32.137 Y30.014 E.01353
G1 X31.735 Y29.825 E.0114
G1 E-3.5 F3600
;WIPE_START
G1 F7200
G1 X31.68 Y29.799 E-.0289
G1 X31.648 Y29.784 E-.01679
G1 X31.648 Y26.722 E-1.45431
;WIPE_END
G1 X32.799 Y17.279 F9000
G1 E5 F2400
;TYPE:Solid infill
;WIDTH:0.515635
G1 F3600
G1 X33.28 Y17.279 E.0154
G1 X33.28 Y29.424 E.38884
G1 X32.799 Y29.081 E.01891
G1 X32.799 Y17.482 E.37136
G1 X34.532 Y17.242 F9000
;TYPE:Internal infill
;WIDTH:0.44
G1 F3600
G1 X36.966 Y17.242 E.06568
G1 X33.724 Y20.484 E.12372
G1 X33.724 Y18.703 E.04806
G1 X41.265 Y26.243 E.28776
G1 X41.265 Y28.242 E.05394
G1 X39.912 Y29.594 E.05161
G1 X36.966 Y29.594 E.0795
G1 X33.724 Y26.352 E.12372
G1 X33.724 Y28.133 E.04806
G1 X42.518 Y19.339 E.3356
G1 X42.518 Y19.848 E.01374
G1 X39.912 Y17.242 E.09945
G1 X42.346 Y17.242 E.06568
G1 X42.938 Y17.255 F9000
;TYPE:Solid infill
;WIDTH:0.467442
G1 F3600
G1 X42.938 Y24.581 E.21106
G1 E-3.5
;WIPE_START
G1 F7200
G1 X42.938 Y21.423 E-1.5
;WIPE_END
G1 X48.913 Y24.907 F9000
G1 E5 F2400
;TYPE:Perimeter
;WIDTH:0.439999
G1 F3600
G1 X48.913 Y16.929 E.21528
G1 X59.728 Y16.929 E.29184
G1 X59.728 Y29.273 E.3331
G1 X59.43 Y29.454 E.00941
G1 X58.823 Y29.907 E.02044
G1 X50.6 Y29.907 E.2219
G1 X50.6 Y25.901 E.1081
G1 X50.527 Y25.527 E.01028
G1 X50.313 Y25.203 E.01048
G1 X49.976 Y24.978 E.01093
G1 X49.606 Y24.907 E.01017
G1 X48.973 Y24.907 E.01708
G1 X50.01 Y25.495 F9000
G1 F3600
G1 X49.825 Y25.355 E.00626
G1 X49.606 Y25.312 E.00602
G1 X48.507 Y25.312 E.02966
G1 X48.507 Y16.524 E.23714
G1 X60.134 Y16.524 E.31375
G1 X60.134 Y29.509 E.3504
G1 X59.416 Y29.968 E.023
G1 X58.968 Y30.312 E.01524
G1 X50.194 Y30.312 E.23676
G1 X50.194 Y25.794 E.12192
G1 X50.073 Y25.543 E.00752
G1 X50.058 Y25.532 E.0005
G1 X49.731 Y25.77 F9000
;TYPE:External perimeter
;WIDTH:0.419999
G1 F1800
G1 X49.606 Y25.708 E.00358
G1 X48.112 Y25.708 E.03833
G1 X48.112 Y16.128 E.24577
G1 X60.529 Y16.128 E.31855
G1 X60.529 Y29.775 E.35011
G1 X60.29 Y29.872 E.00662
G1 X59.65 Y30.287 E.01957
G1 X59.11 Y30.708 E.01757
G1 X49.798 Y30.708 E.23889
G1 X49.798 Y25.901 E.12332
G1 X49.768 Y25.812 E.00241
G1 E-3.5 F3600
;WIPE_START
G1 F7200
G1 X49.731 Y25.77 E-.02659
G1 X49.606 Y25.708 E-.06628
G1 X48.112 Y25.708 E-.70965
G1 X48.112 Y24.24 E-.69748
;WIPE_END
G1 X49.831 Y17.242 F9000
G1 E5 F2400
;TYPE:Internal infill
;WIDTH:0.44
G1 F3600
G1 X52.265 Y17.242 E.06568
G1 X49.659 Y19.848 E.09945
G1 X49.659 Y19.339 E.01374
G1 X58.453 Y28.133 E.3356
G1 X58.453 Y26.352 E.04806
G1 X55.211 Y29.594 E.12372
G1 X52.265 Y29.594 E.0795
G1 X50.912 Y28.242 E.05161
G1 X50.912 Y26.243 E.05394
G1 X58.453 Y18.703 E.28776
G1 X58.453 Y20.484 E.04806
G1 X55.211 Y17.242 E.12372
G1 X57.645 Y17.242 E.06568
G1 X59.378 Y17.279 F9000
;TYPE:Solid infill
;WIDTH:0.515633
G1 F3600
G1 X59.378 Y29.083 E.37792
G1 X58.875 Y29.437 E.01969
G1 X58.896 Y29.378 E.00201
G1 X58.896 Y17.279 E.38736
G1 X59.175 Y17.279 E.00893
G1 E-3.5
;WIPE_START
G1 F7200
G1 X58.896 Y17.279 E-.13253
G1 X58.896 Y20.158 E-1.36747
;WIPE_END
G1 X49.239 Y17.255 F9000
G1 E5 F2400
;WIDTH:0.467444
G1 F3600
G1 X49.239 Y24.581 E.21107
G1 E-3.5
;WIPE_START
G1 F7200
G1 X49.239 Y21.423 E-1.5
;WIPE_END
G1 X62.449 Y29.212 F9000
G1 E5 F2400
;TYPE:Perimeter
;WIDTH:0.439999
G1 F3600
G1 X62.449 Y16.929 E.33145
G1 X75.077 Y16.929 E.34076
G1 X75.077 Y29.907 E.35021
G1 X63.349 Y29.907 E.31648
G1 X63.031 Y29.659 E.01088
G1 X62.449 Y29.275 E.01882
G1 X62.449 Y29.272 E.00008
G1 X62.043 Y29.4 F9000
G1 F3600
G1 X62.043 Y16.524 E.34746
G1 X75.483 Y16.524 E.36268
G1 X75.483 Y30.312 E.37207
G1 X63.206 Y30.312 E.33129
G1 X62.867 Y30.039 E.01175
G1 X62.392 Y29.706 E.01565
G1 X62.043 Y29.532 E.01052
G1 X62.043 Y29.46 E.00194
G1 X61.68 Y29.799 F9000
;TYPE:External perimeter
;WIDTH:0.419999
G1 F1800
G1 X61.648 Y29.784 E.00091
G1 X61.648 Y16.128 E.35034
G1 X75.878 Y16.128 E.36506
G1 X75.878 Y30.708 E.37404
G1 X63.065 Y30.708 E.32871
G1 X62.57 Y30.315 E.01621
G1 X62.137 Y30.014 E.01353
G1 X61.735 Y29.825 E.0114
G1 E-3.5 F3600
;WIPE_START
G1 F7200
G1 X61.68 Y29.799 E-.0289
G1 X61.648 Y29.784 E-.01679
G1 X61.648 Y26.722 E-1.45431
;WIPE_END
G1 X72.779 Y29.594 F9000
G1 E5 F2400
;TYPE:Internal infill
;WIDTH:0.44
G1 F3600
G1 X74.765 Y29.594 E.05359
G1 X74.765 Y29.146 E.01209
G1 X63.724 Y18.106 E.42133
G1 X63.724 Y21.081 E.08028
G1 X67.563 Y17.242 E.14651
G1 X70.509 Y17.242 E.0795
G1 X74.765 Y21.497 E.1624
G1 X74.765 Y17.689 E.10276
G1 X63.724 Y28.73 E.42135
G1 X63.724 Y25.755 E.08028
G1 X67.563 Y29.594 E.14651
G1 X70.509 Y29.594 E.0795
G1 X74.765 Y25.339 E.1624
G1 X74.765 Y22.905 E.06568
G1 E-3.5
;WIPE_START
G1 F7200
G1 X74.765 Y25.339 E-1.15615
G1 X74.253 Y25.851 E-.34385
;WIPE_END
G1 X62.799 Y17.279 F9000
G1 E5 F2400
;TYPE:Solid infill
;WIDTH:0.515632
G1 F3600
G1 X63.28 Y17.279 E.0154
G1 X63.28 Y29.424 E.38883
G1 X62.799 Y29.081 E.01891
G1 X62.799 Y17.482 E.37135
;LAYER_CHANGE
;Z:4.04
;HEIGHT:0.16
;BEFORE_LAYER_CHANGE
G92 E0
;4.04


G1 E-3.5 F3600
;WIPE_START
G1 F7200
G1 X62.799 Y20.64 E-1.5
;WIPE_END
G1 Z4.04 F9000
;AFTER_LAYER_CHANGE
;4.04
G1 X62.793 Y16.929
G1 E5 F2400
;TYPE:Perimeter
;WIDTH:0.439999
G1 F3600
G1 X75.077 Y16.929 E.33148
G1 X75.077 Y29.907 E.35021
G1 X63.45 Y29.907 E.31375
G1 X62.793 Y29.38 E.02273
G1 X62.793 Y16.989 E.33437
G1 X62.387 Y16.524 F9000
G1 F3600
G1 X75.483 Y16.524 E.35339
G1 X75.483 Y30.312 E.37207
G1 X63.303 Y30.312 E.32868
G1 X62.902 Y29.977 E.0141
G1 X62.387 Y29.596 E.01729
G1 X62.387 Y16.584 E.35113
G1 X61.991 Y16.128 F9000
;TYPE:External perimeter
;WIDTH:0.419999
G1 F1800
G1 X75.878 Y16.128 E.35626
G1 X75.878 Y30.708 E.37404
G1 X63.159 Y30.708 E.3263
G1 X62.446 Y30.112 E.02384
G1 X61.991 Y29.806 E.01407
G1 X61.991 Y16.188 E.34936
G1 X63.062 Y17.199 F9000
;TYPE:Solid infill
;WIDTH:0.354052
G1 F3600
G1 X63.382 Y17.199 E.00681
G1 X63.382 Y29.501 E.26163
G1 X63.062 Y29.24 E.00878
G1 X63.062 Y17.401 E.25179
G1 E-3.5
;WIPE_START
G1 F7200
G1 X63.062 Y20.559 E-1.5
;WIPE_END
G1 X74.765 Y22.905 F9000
G1 E5 F2400
;TYPE:Internal infill
;WIDTH:0.44
G1 F3600
G1 X74.765 Y25.339 E.06568
G1 X70.509 Y29.594 E.1624
G1 X67.563 Y29.594 E.0795
G1 X63.744 Y25.775 E.14574
G1 X63.744 Y28.71 E.0792
G1 X74.765 Y17.689 E.42059
G1 X74.765 Y21.497 E.10276
G1 X70.509 Y17.242 E.1624
G1 X67.563 Y17.242 E.0795
G1 X63.744 Y21.06 E.14572
G1 X63.744 Y18.126 E.07917
G1 X74.765 Y29.146 E.42057
G1 X74.765 Y29.594 E.01209
G1 X72.779 Y29.594 E.05359
G1 E-3.5
;WIPE_START
G1 F7200
G1 X74.765 Y29.594 E-.94335
G1 X74.765 Y29.146 E-.2128
G1 X74.253 Y28.634 E-.34385
;WIPE_END
G1 X59.384 Y29.35 F9000
G1 E5 F2400
;TYPE:Perimeter
;WIDTH:0.439999
G1 F3600
G1 X59.384 Y29.389 E.00105
G1 X59.137 Y29.561 E.00812
G1 X58.723 Y29.907 E.01456
G1 X50.6 Y29.907 E.2192
G1 X50.6 Y25.901 E.1081
G1 X50.524 Y25.521 E.01046
G1 X50.333 Y25.223 E.00955
G1 X49.996 Y24.986 E.01112
G1 X49.606 Y24.907 E.01074
G1 X49.01 Y24.907 E.01608
G1 X49.01 Y16.929 E.21528
G1 X59.384 Y16.929 E.27994
G1 X59.384 Y29.29 E.33356
G1 X59.79 Y29.451 F9000
G1 F3600
G1 X59.79 Y29.601 E.00405
G1 X59.324 Y29.928 E.01536
G1 X58.871 Y30.312 E.01603
G1 X50.194 Y30.312 E.23415
G1 X50.194 Y25.796 E.12186
G1 X50.059 Y25.525 E.00817
G1 X49.836 Y25.359 E.0075
G1 X49.606 Y25.312 E.00633
G1 X48.604 Y25.312 E.02704
G1 X48.604 Y16.524 E.23714
G1 X59.79 Y16.524 E.30185
G1 X59.79 Y29.391 E.34721
G1 X60.179 Y29.812 F9000
;TYPE:External perimeter
;WIDTH:0.419999
G1 F1800
G1 X59.58 Y30.23 E.01874
G1 X59.017 Y30.708 E.01895
G1 X49.798 Y30.708 E.23651
G1 X49.798 Y25.901 E.12332
G1 X49.754 Y25.778 E.00335
G1 X49.606 Y25.708 E.0042
G1 X48.209 Y25.708 E.03584
G1 X48.209 Y16.128 E.24577
G1 X60.185 Y16.128 E.30724
G1 X60.185 Y29.756 E.34962
G1 E-3.5 F3600
;WIPE_START
G1 F7200
G1 X60.179 Y29.812 E-.02675
G1 X59.58 Y30.23 E-.34695
G1 X59.017 Y30.708 E-.35081
G1 X57.384 Y30.708 E-.77549
;WIPE_END
G1 X58.795 Y17.199 F9000
G1 E5 F2400
;TYPE:Solid infill
;WIDTH:0.354052
G1 F3600
G1 X59.115 Y17.199 E.00681
G1 X59.115 Y29.252 E.25634
G1 X58.795 Y29.498 E.00858
G1 X58.795 Y17.401 E.25727
G1 X57.645 Y17.242 F9000
;TYPE:Internal infill
;WIDTH:0.44
G1 F3600
G1 X55.211 Y17.242 E.06568
G1 X58.432 Y20.463 E.12292
G1 X58.432 Y18.723 E.04695
G1 X50.912 Y26.243 E.28698
G1 X50.912 Y28.242 E.05394
G1 X52.265 Y29.594 E.05161
G1 X55.211 Y29.594 E.0795
G1 X58.432 Y26.372 E.12294
G1 X58.432 Y28.113 E.04698
G1 X49.322 Y19.003 E.34766
G1 X49.322 Y20.184 E.03187
G1 X52.265 Y17.242 E.11229
G1 X49.831 Y17.242 E.06568
G1 E-3.5
;WIPE_START
G1 F7200
G1 X52.265 Y17.242 E-1.15615
G1 X51.753 Y17.754 E-.34385
;WIPE_END
G1 X43.167 Y16.929 F9000
G1 E5 F2400
;TYPE:Perimeter
;WIDTH:0.439999
G1 F3600
G1 X43.167 Y24.907 E.21528
G1 X42.571 Y24.907 E.01608
G1 X42.181 Y24.986 E.01074
G1 X41.844 Y25.223 E.01112
G1 X41.652 Y25.521 E.00957
G1 X41.577 Y25.901 E.01045
G1 X41.577 Y29.907 E.1081
G1 X33.45 Y29.907 E.21931
G1 X32.793 Y29.38 E.02273
G1 X32.793 Y16.929 E.33599
G1 X43.107 Y16.929 E.27832
G1 X43.572 Y16.524 F9000
G1 F3600
G1 X43.572 Y25.312 E.23714
G1 X42.571 Y25.312 E.02701
G1 X42.34 Y25.359 E.00636
G1 X42.213 Y25.434 E.00398
G1 X42.027 Y25.676 E.00824
G1 X41.983 Y25.901 E.00619
G1 X41.983 Y30.312 E.11903
G1 X33.303 Y30.312 E.23423
G1 X32.902 Y29.977 E.0141
G1 X32.387 Y29.596 E.01729
G1 X32.387 Y16.524 E.35275
G1 X43.512 Y16.524 E.30021
G1 X43.968 Y16.128 F9000
;TYPE:External perimeter
;WIDTH:0.419999
G1 F1800
G1 X43.968 Y25.708 E.24577
G1 X42.571 Y25.708 E.03584
G1 X42.43 Y25.769 E.00394
G1 X42.378 Y25.901 E.00364
G1 X42.378 Y30.708 E.12332
G1 X33.159 Y30.708 E.23651
G1 X32.446 Y30.112 E.02384
G1 X31.991 Y29.806 E.01407
G1 X31.991 Y16.128 E.3509
G1 X43.908 Y16.128 E.30572
G1 X42.346 Y17.242 F9000
;TYPE:Internal infill
;WIDTH:0.44
G1 F3600
G1 X39.912 Y17.242 E.06568
G1 X42.854 Y20.184 E.11227
G1 X42.854 Y19.003 E.03187
G1 X33.744 Y28.113 E.34766
G1 X33.744 Y26.372 E.04698
G1 X36.966 Y29.594 E.12296
G1 X39.912 Y29.594 E.0795
G1 X41.265 Y28.242 E.05161
G1 X41.265 Y26.243 E.05394
G1 X33.744 Y18.723 E.287
G1 X33.744 Y20.463 E.04695
G1 X36.966 Y17.242 E.12294
G1 X34.532 Y17.242 E.06568
G1 X33.062 Y17.199 F9000
;TYPE:Solid infill
;WIDTH:0.354053
G1 F3600
G1 X33.382 Y17.199 E.00681
G1 X33.382 Y29.501 E.26163
G1 X33.062 Y29.24 E.00878
G1 X33.062 Y17.401 E.25179
G1 E-3.5
;WIPE_START
G1 F7200
G1 X33.062 Y20.559 E-1.5
;WIPE_END
G1 X29.384 Y16.929 F9000
G1 E5 F2400
;TYPE:Perimeter
;WIDTH:0.439999
G1 F3600
G1 X29.384 Y29.389 E.33623
G1 X29.137 Y29.561 E.00812
G1 X28.723 Y29.907 E.01456
G1 X17.1 Y29.907 E.31364
G1 X17.1 Y16.929 E.35021
G1 X29.324 Y16.929 E.32986
G1 X29.79 Y16.524 F9000
G1 F3600
G1 X29.79 Y29.601 E.35288
G1 X29.324 Y29.928 E.01536
G1 X28.871 Y30.312 E.01603
G1 X16.694 Y30.312 E.32859
G1 X16.694 Y16.524 E.37207
G1 X29.73 Y16.524 E.35177
G1 X30.185 Y16.128 F9000
;TYPE:External perimeter
;WIDTH:0.419999
G1 F1800
G1 X30.185 Y29.808 E.35095
G1 X29.58 Y30.23 E.01892
G1 X29.017 Y30.708 E.01895
G1 X16.298 Y30.708 E.3263
G1 X16.298 Y16.128 E.37404
G1 X30.125 Y16.128 E.35472
G1 X28.795 Y17.199 F9000
;TYPE:Solid infill
;WIDTH:0.354052
G1 F3600
G1 X29.115 Y17.199 E.00681
G1 X29.115 Y29.252 E.25634
G1 X28.795 Y29.498 E.00858
G1 X28.795 Y17.401 E.25727
G1 E-3.5
;WIPE_START
G1 F7200
G1 X28.795 Y20.559 E-1.5
;WIPE_END
G1 X19.398 Y17.242 F9000
G1 E5 F2400
;TYPE:Internal infill
;WIDTH:0.44
G1 F3600
G1 X17.412 Y17.242 E.05359
G1 X17.412 Y17.689 E.01206
G1 X28.432 Y28.71 E.42057
G1 X28.432 Y25.775 E.0792
G1 X24.614 Y29.594 E.14572
G1 X21.668 Y29.594 E.0795
G1 X17.412 Y25.339 E.1624
G1 X17.412 Y29.146 E.10273
G1 X28.432 Y18.126 E.42055
G1 X28.432 Y21.06 E.07917
G1 X24.614 Y17.242 E.1457
G1 X21.668 Y17.242 E.0795
G1 X17.412 Y21.497 E.1624
G1 X17.412 Y23.931 E.06568
;LAYER_CHANGE
;Z:4.2
;HEIGHT:0.16
;BEFORE_LAYER_CHANGE
G92 E0
;4.2


G1 E-3.5 F3600
;WIPE_START
G1 F7200
G1 X17.412 Y21.497 E-1.15615
G1 X17.924 Y20.985 E-.34385
;WIPE_END
G1 Z4.2 F9000
;AFTER_LAYER_CHANGE
;4.2
G1 X17.1 Y29.907
G1 E5 F2400
;TYPE:Perimeter
;WIDTH:0.439999
G1 F3600
G1 X17.1 Y16.929 E.35021
G1 X29.19 Y16.929 E.32625
G1 X29.19 Y29.429 E.33731
G1 X28.632 Y29.907 E.01983
G1 X17.16 Y29.907 E.30957
G1 X16.694 Y30.312 F9000
G1 F3600
G1 X16.694 Y16.524 E.37207
G1 X29.595 Y16.524 E.34813
G1 X29.595 Y29.625 E.35353
G1 X29.246 Y29.903 E.01204
G1 X28.787 Y30.312 E.01659
G1 X16.754 Y30.312 E.32471
G1 X16.298 Y30.708 F9000
;TYPE:External perimeter
;WIDTH:0.419999
G1 F1800
G1 X16.298 Y16.128 E.37404
G1 X29.991 Y16.128 E.35129
G1 X29.991 Y29.816 E.35116
G1 X29.509 Y30.198 E.01578
G1 X28.938 Y30.708 E.01964
G1 X16.358 Y30.708 E.32273
G1 E-3.5 F3600
;WIPE_START
G1 F7200
G1 X16.298 Y30.708 E-.0285
G1 X16.298 Y27.61 E-1.4715
;WIPE_END
G1 X17.412 Y23.931 F9000
G1 E5 F2400
;TYPE:Internal infill
;WIDTH:0.44
G1 F3600
G1 X17.412 Y21.497 E.06568
G1 X21.668 Y17.242 E.1624
G1 X24.614 Y17.242 E.0795
G1 X28.432 Y21.06 E.1457
G1 X28.432 Y18.126 E.07917
G1 X17.412 Y29.146 E.42055
G1 X17.412 Y25.339 E.10273
G1 X21.668 Y29.594 E.1624
G1 X24.614 Y29.594 E.0795
G1 X28.432 Y25.775 E.14572
G1 X28.432 Y28.71 E.0792
G1 X17.412 Y17.689 E.42057
G1 X17.412 Y17.242 E.01206
G1 X19.398 Y17.242 E.05359
G1 E-3.5
;WIPE_START
G1 F7200
G1 X17.412 Y17.242 E-.94335
G1 X17.412 Y17.689 E-.21232
G1 X17.925 Y18.202 E-.34433
;WIPE_END
G1 X28.858 Y17.261 F9000
G1 E5 F2400
;TYPE:Solid infill
;WIDTH:0.479404
G1 F3600
G1 X28.858 Y29.271 E.35557
G1 E-3.5
;WIPE_START
G1 F7200
G1 X28.858 Y26.113 E-1.5
;WIPE_END
G1 X32.987 Y29.41 F9000
G1 E5 F2400
;TYPE:Perimeter
;WIDTH:0.439999
G1 F3600
G1 X32.987 Y16.929 E.3368
G1 X43.089 Y16.929 E.2726
G1 X43.089 Y24.907 E.21528
G1 X42.571 Y24.907 E.01398
G1 X42.165 Y24.993 E.0112
G1 X41.828 Y25.24 E.01127
G1 X41.63 Y25.58 E.01062
G1 X41.577 Y25.901 E.00878
G1 X41.577 Y29.907 E.1081
G1 X33.541 Y29.907 E.21685
G1 X33.023 Y29.453 E.01859
G1 X32.581 Y29.554 F9000
G1 F3600
G1 X32.581 Y16.524 E.35161
G1 X43.494 Y16.524 E.29449
G1 X43.494 Y25.312 E.23714
G1 X42.571 Y25.312 E.02491
G1 X42.331 Y25.364 E.00663
G1 X42.202 Y25.442 E.00407
G1 X42.044 Y25.639 E.00681
G1 X41.983 Y25.901 E.00726
G1 X41.983 Y30.312 E.11903
G1 X33.388 Y30.312 E.23193
G1 X32.581 Y29.621 E.02867
G1 X32.581 Y29.614 E.00019
G1 X32.259 Y29.877 F9000
;TYPE:External perimeter
;WIDTH:0.419999
G1 F1800
G1 X32.186 Y29.815 E.00246
G1 X32.186 Y16.128 E.35113
G1 X43.89 Y16.128 E.30026
G1 X43.89 Y25.708 E.24577
G1 X42.571 Y25.708 E.03384
G1 X42.45 Y25.75 E.00329
G1 X42.378 Y25.901 E.00429
G1 X42.378 Y30.708 E.12332
G1 X33.238 Y30.708 E.23448
G1 X32.305 Y29.916 E.0314
G1 E-3.5 F3600
;WIPE_START
G1 F7200
G1 X32.259 Y29.877 E-.02865
G1 X32.186 Y29.815 E-.04549
G1 X32.186 Y26.813 E-1.42586
;WIPE_END
G1 X33.319 Y17.261 F9000
G1 E5 F2400
;TYPE:Solid infill
;WIDTH:0.479402
G1 F3600
G1 X33.319 Y29.268 E.35548
G1 E-3.5
;WIPE_START
G1 F7200
G1 X33.319 Y26.11 E-1.5
;WIPE_END
G1 X34.532 Y17.242 F9000
G1 E5 F2400
;TYPE:Internal infill
;WIDTH:0.44
G1 F3600
G1 X36.966 Y17.242 E.06568
G1 X33.744 Y20.463 E.12294
G1 X33.744 Y18.723 E.04695
G1 X41.265 Y26.243 E.287
G1 X41.265 Y28.242 E.05394
G1 X39.912 Y29.594 E.05161
G1 X36.966 Y29.594 E.0795
G1 X33.744 Y26.372 E.12296
G1 X33.744 Y28.113 E.04698
G1 X42.776 Y19.081 E.34468
G1 X42.776 Y20.106 E.02766
G1 X39.912 Y17.242 E.1093
G1 X42.346 Y17.242 E.06568
G1 E-3.5
;WIPE_START
G1 F7200
G1 X39.912 Y17.242 E-1.15615
G1 X40.424 Y17.754 E-.34385
;WIPE_END
G1 X62.987 Y16.929 F9000
G1 E5 F2400
;TYPE:Perimeter
;WIDTH:0.439999
G1 F3600
G1 X75.077 Y16.929 E.32625
G1 X75.077 Y29.907 E.35021
G1 X63.541 Y29.907 E.3113
G1 X62.987 Y29.422 E.01987
G1 X62.987 Y16.989 E.3355
G1 X62.581 Y16.688 F9000
G1 F3600
G1 X62.581 Y16.524 E.00443
G1 X75.483 Y16.524 E.34816
G1 X75.483 Y30.312 E.37207
G1 X63.388 Y30.312 E.32638
G1 X62.581 Y29.621 E.02867
G1 X62.581 Y16.748 E.34738
G1 X62.186 Y16.143 F9000
;TYPE:External perimeter
;WIDTH:0.419999
G1 F1800
G1 X62.186 Y16.128 E.00038
G1 X75.878 Y16.128 E.35126
G1 X75.878 Y30.708 E.37404
G1 X63.238 Y30.708 E.32427
G1 X62.186 Y29.815 E.0354
G1 X62.186 Y16.203 E.34921
G1 X63.319 Y17.261 F9000
;TYPE:Solid infill
;WIDTH:0.4794
G1 F3600
G1 X63.319 Y29.268 E.35548
G1 E-3.5
;WIPE_START
G1 F7200
G1 X63.319 Y26.11 E-1.5
;WIPE_END
G1 X72.779 Y29.594 F9000
G1 E5 F2400
;TYPE:Internal infill
;WIDTH:0.44
G1 F3600
G1 X74.765 Y29.594 E.05359
G1 X74.765 Y29.146 E.01209
G1 X63.744 Y18.126 E.42057
G1 X63.744 Y21.06 E.07917
G1 X67.563 Y17.242 E.14572
G1 X70.509 Y17.242 E.0795
G1 X74.765 Y21.497 E.1624
G1 X74.765 Y17.689 E.10276
G1 X63.744 Y28.71 E.42059
G1 X63.744 Y25.775 E.0792
G1 X67.563 Y29.594 E.14574
G1 X70.509 Y29.594 E.0795
G1 X74.765 Y25.339 E.1624
G1 X74.765 Y22.905 E.06568
G1 E-3.5
;WIPE_START
G1 F7200
G1 X74.765 Y25.339 E-1.15615
G1 X74.253 Y25.851 E-.34385
;WIPE_END
G1 X59.19 Y16.929 F9000
G1 E5 F2400
;TYPE:Perimeter
;WIDTH:0.439999
G1 F3600
G1 X59.19 Y29.429 E.33731
G1 X58.632 Y29.907 E.01983
G1 X50.6 Y29.907 E.21674
G1 X50.6 Y25.901 E.1081
G1 X50.547 Y25.58 E.00878
G1 X50.357 Y25.25 E.01028
G1 X50.012 Y24.993 E.01161
G1 X49.606 Y24.907 E.0112
G1 X49.088 Y24.907 E.01398
G1 X49.088 Y16.929 E.21528
G1 X59.13 Y16.929 E.27098
G1 X59.595 Y16.524 F9000
G1 F3600
G1 X59.595 Y29.625 E.35353
G1 X59.246 Y29.903 E.01204
G1 X58.787 Y30.312 E.01659
G1 X50.194 Y30.312 E.23188
G1 X50.194 Y25.81 E.12149
G1 X50.051 Y25.516 E.00882
G1 X49.846 Y25.364 E.00689
G1 X49.606 Y25.312 E.00663
G1 X48.682 Y25.312 E.02493
G1 X48.682 Y16.524 E.23714
G1 X59.535 Y16.524 E.29287
G1 X59.991 Y16.128 F9000
;TYPE:External perimeter
;WIDTH:0.419999
G1 F1800
G1 X59.991 Y29.816 E.35116
G1 X59.509 Y30.198 E.01578
G1 X58.938 Y30.708 E.01964
G1 X49.798 Y30.708 E.23448
G1 X49.798 Y25.901 E.12332
G1 X49.751 Y25.775 E.00345
G1 X49.606 Y25.708 E.0041
G1 X48.287 Y25.708 E.03384
G1 X48.287 Y16.128 E.24577
G1 X59.931 Y16.128 E.29872
G1 X58.858 Y17.261 F9000
;TYPE:Solid infill
;WIDTH:0.479402
G1 F3600
G1 X58.858 Y29.271 E.35557
G1 E-3.5
;WIPE_START
G1 F7200
G1 X58.858 Y26.113 E-1.5
;WIPE_END
G1 X57.645 Y17.242 F9000
G1 E5 F2400
;TYPE:Internal infill
;WIDTH:0.44
G1 F3600
G1 X55.211 Y17.242 E.06568
G1 X58.432 Y20.463 E.12292
G1 X58.432 Y18.723 E.04695
G1 X50.912 Y26.243 E.28698
G1 X50.912 Y28.242 E.05394
G1 X52.265 Y29.594 E.05161
G1 X55.211 Y29.594 E.0795
G1 X58.432 Y26.372 E.12294
G1 X58.432 Y28.113 E.04698
G1 X49.4 Y19.081 E.34468
G1 X49.4 Y20.106 E.02766
G1 X52.265 Y17.242 E.10932
G1 X49.831 Y17.242 E.06568
;LAYER_CHANGE
;Z:4.36
;HEIGHT:0.16
;BEFORE_LAYER_CHANGE
G92 E0
;4.36


G1 E-3.5 F3600
;WIPE_START
G1 F7200
G1 X52.265 Y17.242 E-1.15615
G1 X51.753 Y17.754 E-.34385
;WIPE_END
G1 Z4.36 F9000
;AFTER_LAYER_CHANGE
;4.36
G1 X43.025 Y16.929
G1 E5 F2400
;TYPE:Perimeter
;WIDTH:0.439999
G1 F3600
G1 X43.025 Y24.907 E.21528
G1 X42.571 Y24.907 E.01225
G1 X42.155 Y24.998 E.01149
G1 X41.819 Y25.251 E.01135
G1 X41.628 Y25.587 E.01043
G1 X41.577 Y25.901 E.00858
G1 X41.577 Y29.907 E.1081
G1 X33.608 Y29.907 E.21504
G1 X33.121 Y29.468 E.01769
G1 X33.121 Y16.929 E.33836
G1 X42.965 Y16.929 E.26564
G1 X43.431 Y16.524 F9000
G1 F3600
G1 X43.431 Y25.312 E.23714
G1 X42.571 Y25.312 E.02321
G1 X42.325 Y25.366 E.0068
G1 X42.196 Y25.447 E.00411
G1 X42.043 Y25.642 E.00669
G1 X41.983 Y25.901 E.00717
G1 X41.983 Y30.312 E.11903
G1 X33.452 Y30.312 E.23021
G1 X32.715 Y29.648 E.02677
G1 X32.715 Y16.524 E.35415
G1 X43.371 Y16.524 E.28755
G1 X43.827 Y16.128 F9000
;TYPE:External perimeter
;WIDTH:0.419999
G1 F1800
G1 X43.827 Y25.708 E.24577
G1 X42.571 Y25.708 E.03222
G1 X42.448 Y25.752 E.00335
G1 X42.378 Y25.901 E.00422
G1 X42.378 Y30.708 E.12332
G1 X33.3 Y30.708 E.23289
G1 X32.32 Y29.824 E.03386
G1 X32.32 Y16.128 E.35136
G1 X43.767 Y16.128 E.29367
G1 X42.346 Y17.242 F9000
;TYPE:Internal infill
;WIDTH:0.44
G1 F3600
G1 X39.912 Y17.242 E.06568
G1 X42.713 Y20.042 E.10687
G1 X42.713 Y19.144 E.02423
G1 X33.433 Y28.424 E.35415
G1 X33.433 Y26.062 E.06374
G1 X36.966 Y29.594 E.13481
G1 X39.912 Y29.594 E.0795
G1 X41.265 Y28.242 E.05161
G1 X41.265 Y26.243 E.05394
G1 X33.433 Y18.412 E.29887
G1 X33.433 Y20.774 E.06374
G1 X36.966 Y17.242 E.13481
G1 X34.532 Y17.242 E.06568
G1 E-3.5
;WIPE_START
G1 F7200
G1 X36.966 Y17.242 E-1.15615
G1 X36.454 Y17.754 E-.34385
;WIPE_END
G1 X29.056 Y16.929 F9000
G1 E5 F2400
;TYPE:Perimeter
;WIDTH:0.439999
G1 F3600
G1 X29.056 Y29.455 E.33801
G1 X28.56 Y29.907 E.01811
G1 X17.1 Y29.907 E.30925
G1 X17.1 Y16.929 E.35021
G1 X28.996 Y16.929 E.32101
G1 X29.461 Y16.524 F9000
G1 F3600
G1 X29.461 Y29.641 E.35396
G1 X28.72 Y30.312 E.02698
G1 X16.694 Y30.312 E.32452
G1 X16.694 Y16.524 E.37207
G1 X29.401 Y16.524 E.3429
G1 X29.857 Y16.128 F9000
;TYPE:External perimeter
;WIDTH:0.419999
G1 F1800
G1 X29.857 Y29.822 E.35131
G1 X28.875 Y30.708 E.03393
G1 X16.298 Y30.708 E.32266
G1 X16.298 Y16.128 E.37404
G1 X29.797 Y16.128 E.34631
G1 E-3.5 F3600
;WIPE_START
G1 F7200
G1 X29.857 Y16.128 E-.0285
G1 X29.857 Y19.226 E-1.4715
;WIPE_END
G1 X19.398 Y17.242 F9000
G1 E5 F2400
;TYPE:Internal infill
;WIDTH:0.44
G1 F3600
G1 X17.412 Y17.242 E.05359
G1 X17.412 Y17.689 E.01206
G1 X28.743 Y29.021 E.43244
G1 X28.743 Y25.464 E.09599
G1 X24.614 Y29.594 E.15759
G1 X21.668 Y29.594 E.0795
G1 X17.412 Y25.339 E.1624
G1 X17.412 Y29.146 E.10273
G1 X28.743 Y17.815 E.43242
G1 X28.743 Y21.371 E.09596
G1 X24.614 Y17.242 E.15757
G1 X21.668 Y17.242 E.0795
G1 X17.412 Y21.497 E.1624
G1 X17.412 Y23.931 E.06568
G1 E-3.5
;WIPE_START
G1 F7200
G1 X17.412 Y21.497 E-1.15615
G1 X17.924 Y20.985 E-.34385
;WIPE_END
G1 X49.152 Y24.907 F9000
G1 E5 F2400
;TYPE:Perimeter
;WIDTH:0.439999
G1 F3600
G1 X49.152 Y16.929 E.21528
G1 X59.056 Y16.929 E.26726
G1 X59.056 Y29.455 E.33801
G1 X58.56 Y29.907 E.01811
G1 X50.6 Y29.907 E.2148
G1 X50.6 Y25.901 E.1081
G1 X50.549 Y25.587 E.00858
G1 X50.358 Y25.251 E.01043
G1 X50.022 Y24.998 E.01135
G1 X49.606 Y24.907 E.01149
G1 X49.212 Y24.907 E.01063
G1 X50.015 Y25.489 F9000
G1 F3600
G1 X49.852 Y25.366 E.00551
G1 X49.606 Y25.312 E.0068
G1 X48.746 Y25.312 E.02321
G1 X48.746 Y16.524 E.23714
G1 X59.461 Y16.524 E.28914
G1 X59.461 Y29.641 E.35396
G1 X58.72 Y30.312 E.02698
G1 X50.194 Y30.312 E.23007
G1 X50.194 Y25.901 E.11903
G1 X50.164 Y25.715 E.00508
G1 X50.058 Y25.529 E.00578
G1 X49.734 Y25.766 F9000
;TYPE:External perimeter
;WIDTH:0.419999
G1 F1800
G1 X49.606 Y25.708 E.00361
G1 X48.35 Y25.708 E.03222
G1 X48.35 Y16.128 E.24577
G1 X59.857 Y16.128 E.29521
G1 X59.857 Y29.822 E.35131
G1 X58.875 Y30.708 E.03393
G1 X49.798 Y30.708 E.23287
G1 X49.798 Y25.901 E.12332
G1 X49.766 Y25.813 E.0024
G1 E-3.5 F3600
;WIPE_START
G1 F7200
G1 X49.734 Y25.766 E-.02701
G1 X49.606 Y25.708 E-.06675
G1 X48.35 Y25.708 E-.5966
G1 X48.35 Y24.003 E-.80964
;WIPE_END
G1 X49.831 Y17.242 F9000
G1 E5 F2400
;TYPE:Internal infill
;WIDTH:0.44
G1 F3600
G1 X52.265 Y17.242 E.06568
G1 X49.464 Y20.042 E.10687
G1 X49.464 Y19.144 E.02423
G1 X58.743 Y28.424 E.35413
G1 X58.743 Y26.062 E.06374
G1 X55.211 Y29.594 E.13479
G1 X52.265 Y29.594 E.0795
G1 X50.912 Y28.242 E.05161
G1 X50.912 Y26.243 E.05394
G1 X58.743 Y18.412 E.29885
G1 X58.743 Y20.774 E.06374
G1 X55.211 Y17.242 E.13479
G1 X57.645 Y17.242 E.06568
G1 E-3.5
;WIPE_START
G1 F7200
G1 X55.211 Y17.242 E-1.15615
G1 X55.723 Y17.754 E-.34385
;WIPE_END
G1 X63.121 Y16.929 F9000
G1 E5 F2400
;TYPE:Perimeter
;WIDTH:0.439999
G1 F3600
G1 X75.077 Y16.929 E.32263
G1 X75.077 Y29.907 E.35021
G1 X63.608 Y29.907 E.30949
G1 X63.121 Y29.468 E.01769
G1 X63.121 Y16.989 E.33674
G1 X62.715 Y16.524 F9000
G1 F3600
G1 X75.483 Y16.524 E.34454
G1 X75.483 Y30.312 E.37207
G1 X63.452 Y30.312 E.32465
G1 X62.715 Y29.648 E.02677
G1 X62.715 Y16.584 E.35253
G1 X62.32 Y16.128 F9000
;TYPE:External perimeter
;WIDTH:0.419999
G1 F1800
G1 X75.878 Y16.128 E.34782
G1 X75.878 Y30.708 E.37404
G1 X63.3 Y30.708 E.32268
G1 X62.32 Y29.824 E.03386
G1 X62.32 Y16.188 E.34982
G1 E-3.5 F3600
;WIPE_START
G1 F7200
G1 X62.32 Y16.128 E-.0285
G1 X65.418 Y16.128 E-1.4715
;WIPE_END
G1 X74.765 Y22.905 F9000
G1 E5 F2400
;TYPE:Internal infill
;WIDTH:0.44
G1 F3600
G1 X74.765 Y25.339 E.06568
G1 X70.509 Y29.594 E.1624
G1 X67.563 Y29.594 E.0795
G1 X63.433 Y25.464 E.15761
G1 X63.433 Y29.021 E.09599
G1 X74.765 Y17.689 E.43246
G1 X74.765 Y21.497 E.10276
G1 X70.509 Y17.242 E.1624
G1 X67.563 Y17.242 E.0795
G1 X63.433 Y21.371 E.15759
G1 X63.433 Y17.815 E.09596
G1 X74.765 Y29.146 E.43244
G1 X74.765 Y29.594 E.01209
G1 X72.779 Y29.594 E.05359
;LAYER_CHANGE
;Z:4.52
;HEIGHT:0.16
;BEFORE_LAYER_CHANGE
G92 E0
;4.52


G1 E-3.5 F3600
;WIPE_START
G1 F7200
G1 X74.765 Y29.594 E-.94335
G1 X74.765 Y29.146 E-.2128
G1 X74.253 Y28.634 E-.34385
;WIPE_END
G1 Z4.52 F9000
;AFTER_LAYER_CHANGE
;4.52
G1 X28.96 Y29.471
G1 E5 F2400
;TYPE:Perimeter
;WIDTH:0.439999
G1 F3600
G1 X28.96 Y29.481 E.00027
G1 X28.508 Y29.907 E.01676
G1 X17.1 Y29.907 E.30784
G1 X17.1 Y16.929 E.35021
G1 X28.96 Y16.929 E.32004
G1 X28.96 Y29.411 E.33682
G1 X29.366 Y29.581 F9000
G1 F3600
G1 X29.366 Y29.656 E.00202
G1 X28.669 Y30.312 E.02583
G1 X16.694 Y30.312 E.32314
G1 X16.694 Y16.524 E.37207
G1 X29.366 Y16.524 E.34195
G1 X29.366 Y29.521 E.35072
G1 X29.707 Y29.878 F9000
;TYPE:External perimeter
;WIDTH:0.419999
G1 F1800
G1 X28.826 Y30.708 E.03105
G1 X16.298 Y30.708 E.3214
G1 X16.298 Y16.128 E.37404
G1 X29.761 Y16.128 E.34539
G1 X29.761 Y29.827 E.35144
G1 X29.751 Y29.837 E.00036
G1 E-3.5 F3600
;WIPE_START
G1 F7200
G1 X29.707 Y29.878 E-.02857
G1 X28.826 Y30.708 E-.57494
G1 X26.939 Y30.708 E-.89649
;WIPE_END
G1 X17.412 Y23.931 F9000
G1 E5 F2400
;TYPE:Internal infill
;WIDTH:0.44
G1 F3600
G1 X17.412 Y21.497 E.06568
G1 X21.668 Y17.242 E.1624
G1 X24.614 Y17.242 E.0795
G1 X28.648 Y21.276 E.15395
G1 X28.648 Y17.911 E.0908
G1 X17.412 Y29.146 E.42877
G1 X17.412 Y25.339 E.10273
G1 X21.668 Y29.594 E.1624
G1 X24.614 Y29.594 E.0795
G1 X28.648 Y25.56 E.15395
G1 X28.648 Y28.925 E.0908
G1 X17.412 Y17.689 E.42879
G1 X17.412 Y17.242 E.01206
G1 X19.398 Y17.242 E.05359
G1 E-3.5
;WIPE_START
G1 F7200
G1 X17.412 Y17.242 E-.94335
G1 X17.412 Y17.689 E-.21232
G1 X17.925 Y18.202 E-.34433
;WIPE_END
G1 X33.217 Y16.929 F9000
G1 E5 F2400
;TYPE:Perimeter
;WIDTH:0.439999
G1 F3600
G1 X42.976 Y16.929 E.26334
G1 X42.976 Y24.907 E.21528
G1 X42.571 Y24.907 E.01093
G1 X42.149 Y25.001 E.01167
G1 X41.814 Y25.257 E.01138
G1 X41.625 Y25.596 E.01047
G1 X41.577 Y25.901 E.00833
G1 X41.577 Y29.907 E.1081
G1 X33.669 Y29.907 E.2134
G1 X33.217 Y29.481 E.01676
G1 X33.217 Y16.989 E.33709
G1 X32.811 Y16.524 F9000
G1 F3600
G1 X43.382 Y16.524 E.28526
G1 X43.382 Y25.312 E.23714
G1 X42.571 Y25.312 E.02188
G1 X42.321 Y25.368 E.00691
G1 X42.193 Y25.45 E.0041
G1 X42.041 Y25.646 E.00669
G1 X41.983 Y25.901 E.00706
G1 X41.983 Y30.312 E.11903
G1 X33.508 Y30.312 E.2287
G1 X32.811 Y29.656 E.02583
G1 X32.811 Y16.584 E.35275
G1 X32.416 Y16.128 F9000
;TYPE:External perimeter
;WIDTH:0.419999
G1 F1800
G1 X43.777 Y16.128 E.29146
G1 X43.777 Y25.708 E.24577
G1 X42.571 Y25.708 E.03094
G1 X42.447 Y25.753 E.00338
G1 X42.378 Y25.901 E.00419
G1 X42.378 Y30.708 E.12332
G1 X33.351 Y30.708 E.23158
G1 X32.416 Y29.827 E.03296
G1 X32.416 Y16.188 E.3499
G1 E-3.5 F3600
;WIPE_START
G1 F7200
G1 X32.416 Y16.128 E-.0285
G1 X35.514 Y16.128 E-1.4715
;WIPE_END
G1 X34.532 Y17.242 F9000
G1 E5 F2400
;TYPE:Internal infill
;WIDTH:0.44
G1 F3600
G1 X36.966 Y17.242 E.06568
G1 X33.529 Y20.679 E.13116
G1 X33.529 Y18.508 E.05858
G1 X41.265 Y26.243 E.2952
G1 X41.265 Y28.242 E.05394
G1 X39.912 Y29.594 E.05161
G1 X36.966 Y29.594 E.0795
G1 X33.529 Y26.157 E.13116
G1 X33.529 Y28.328 E.05858
G1 X42.664 Y19.193 E.34861
G1 X42.664 Y19.993 E.02159
G1 X39.912 Y17.242 E.105
G1 X42.346 Y17.242 E.06568
G1 E-3.5
;WIPE_START
G1 F7200
G1 X39.912 Y17.242 E-1.15615
G1 X40.424 Y17.754 E-.34385
;WIPE_END
G1 X49.201 Y16.929 F9000
G1 E5 F2400
;TYPE:Perimeter
;WIDTH:0.439999
G1 F3600
G1 X58.96 Y16.929 E.26334
G1 X58.96 Y29.481 E.33871
G1 X58.508 Y29.907 E.01676
G1 X50.6 Y29.907 E.2134
G1 X50.6 Y25.901 E.1081
G1 X50.552 Y25.596 E.00833
G1 X50.363 Y25.257 E.01047
G1 X50.028 Y25.001 E.01138
G1 X49.606 Y24.907 E.01167
G1 X49.201 Y24.907 E.01093
G1 X49.201 Y16.989 E.21367
G1 X48.795 Y16.524 F9000
G1 F3600
G1 X59.366 Y16.524 E.28526
G1 X59.366 Y29.656 E.35436
G1 X58.669 Y30.312 E.02583
G1 X50.194 Y30.312 E.2287
G1 X50.194 Y25.901 E.11903
G1 X50.166 Y25.72 E.00494
G1 X50.054 Y25.52 E.00619
G1 X49.855 Y25.368 E.00676
G1 X49.606 Y25.312 E.00689
G1 X48.795 Y25.312 E.02188
G1 X48.795 Y16.584 E.23552
G1 X48.4 Y16.128 F9000
;TYPE:External perimeter
;WIDTH:0.419999
G1 F1800
G1 X59.761 Y16.128 E.29146
G1 X59.761 Y29.827 E.35144
G1 X58.826 Y30.708 E.03296
G1 X49.798 Y30.708 E.23161
G1 X49.798 Y25.901 E.12332
G1 X49.752 Y25.776 E.00342
G1 X49.606 Y25.708 E.00413
G1 X48.4 Y25.708 E.03094
G1 X48.4 Y16.188 E.24423
G1 X49.831 Y17.242 F9000
;TYPE:Internal infill
;WIDTH:0.44
G1 F3600
G1 X52.265 Y17.242 E.06568
G1 X49.513 Y19.993 E.105
G1 X49.513 Y19.193 E.02159
G1 X58.648 Y28.328 E.34861
G1 X58.648 Y26.157 E.05858
G1 X55.211 Y29.594 E.13116
G1 X52.265 Y29.594 E.0795
G1 X50.912 Y28.242 E.05161
G1 X50.912 Y26.243 E.05394
G1 X58.648 Y18.508 E.2952
G1 X58.648 Y20.679 E.05858
G1 X55.211 Y17.242 E.13116
G1 X57.645 Y17.242 E.06568
G1 E-3.5
;WIPE_START
G1 F7200
G1 X55.211 Y17.242 E-1.15615
G1 X55.723 Y17.754 E-.34385
;WIPE_END
G1 X63.217 Y16.929 F9000
G1 E5 F2400
;TYPE:Perimeter
;WIDTH:0.439999
G1 F3600
G1 X75.077 Y16.929 E.32004
G1 X75.077 Y29.907 E.35021
G1 X63.669 Y29.907 E.30784
G1 X63.217 Y29.481 E.01676
G1 X63.217 Y16.989 E.33709
G1 X62.811 Y16.524 F9000
G1 F3600
G1 X75.483 Y16.524 E.34195
G1 X75.483 Y30.312 E.37207
G1 X63.508 Y30.312 E.32314
G1 X62.811 Y29.656 E.02583
G1 X62.811 Y16.584 E.35275
G1 X62.416 Y16.128 F9000
;TYPE:External perimeter
;WIDTH:0.419999
G1 F1800
G1 X75.878 Y16.128 E.34536
G1 X75.878 Y30.708 E.37404
G1 X63.351 Y30.708 E.32137
G1 X62.416 Y29.827 E.03296
G1 X62.416 Y16.188 E.3499
G1 E-3.5 F3600
;WIPE_START
G1 F7200
G1 X62.416 Y16.128 E-.0285
G1 X65.514 Y16.128 E-1.4715
;WIPE_END
G1 X74.765 Y22.905 F9000
G1 E5 F2400
;TYPE:Internal infill
;WIDTH:0.44
G1 F3600
G1 X74.765 Y25.339 E.06568
G1 X70.509 Y29.594 E.1624
G1 X67.563 Y29.594 E.0795
G1 X63.529 Y25.56 E.15395
G1 X63.529 Y28.925 E.0908
G1 X74.765 Y17.689 E.42879
G1 X74.765 Y21.497 E.10276
G1 X70.509 Y17.242 E.1624
G1 X67.563 Y17.242 E.0795
G1 X63.529 Y21.276 E.15395
G1 X63.529 Y17.911 E.0908
G1 X74.765 Y29.146 E.42877
G1 X74.765 Y29.594 E.01209
G1 X72.779 Y29.594 E.05359
;LAYER_CHANGE
;Z:4.68
;HEIGHT:0.16
;BEFORE_LAYER_CHANGE
G92 E0
;4.68


G1 E-3.5 F3600
;WIPE_START
G1 F7200
G1 X74.765 Y29.594 E-.94335
G1 X74.765 Y29.146 E-.2128
G1 X74.253 Y28.634 E-.34385
;WIPE_END
G1 Z4.68 F9000
;AFTER_LAYER_CHANGE
;4.68
G1 X28.893 Y29.487
G1 E5 F2400
;TYPE:Perimeter
;WIDTH:0.439999
G1 F3600
G1 X28.893 Y29.49 E.00008
G1 X28.465 Y29.907 E.01612
G1 X17.1 Y29.907 E.30668
G1 X17.1 Y16.929 E.35021
G1 X28.893 Y16.929 E.31823
G1 X28.893 Y29.427 E.33726
G1 X29.299 Y29.66 F9000
G1 F3600
G1 X29.299 Y29.662 E.00005
G1 X28.629 Y30.312 E.02519
G1 X16.694 Y30.312 E.32206
G1 X16.694 Y16.524 E.37207
G1 X29.299 Y16.524 E.34014
G1 X29.299 Y29.6 E.35285
G1 X29.695 Y29.829 F9000
;TYPE:External perimeter
;WIDTH:0.419999
G1 F1800
G1 X28.79 Y30.708 E.03237
G1 X16.298 Y30.708 E.32047
G1 X16.298 Y16.128 E.37404
G1 X29.695 Y16.128 E.34369
G1 X29.695 Y29.769 E.34995
G1 E-3.5 F3600
;WIPE_START
G1 F7200
G1 X29.695 Y29.829 E-.0285
G1 X28.79 Y30.708 E-.59927
G1 X26.954 Y30.708 E-.87223
;WIPE_END
G1 X17.412 Y23.931 F9000
G1 E5 F2400
;TYPE:Internal infill
;WIDTH:0.44
G1 F3600
G1 X17.412 Y21.497 E.06568
G1 X21.668 Y17.242 E.1624
G1 X24.614 Y17.242 E.0795
G1 X28.581 Y21.209 E.15139
G1 X28.581 Y17.978 E.08719
G1 X17.412 Y29.146 E.42622
G1 X17.412 Y25.339 E.10273
G1 X21.668 Y29.594 E.1624
G1 X24.614 Y29.594 E.0795
G1 X28.581 Y25.627 E.15139
G1 X28.581 Y28.858 E.08719
G1 X17.412 Y17.689 E.42624
G1 X17.412 Y17.242 E.01206
G1 X19.398 Y17.242 E.05359
G1 E-3.5
;WIPE_START
G1 F7200
G1 X17.412 Y17.242 E-.94335
G1 X17.412 Y17.689 E-.21232
G1 X17.925 Y18.202 E-.34433
;WIPE_END
G1 X33.284 Y16.929 F9000
G1 E5 F2400
;TYPE:Perimeter
;WIDTH:0.439999
G1 F3600
G1 X42.94 Y16.929 E.26057
G1 X42.94 Y24.907 E.21528
G1 X42.571 Y24.907 E.00996
G1 X42.145 Y25.003 E.01178
G1 X41.81 Y25.262 E.01143
G1 X41.623 Y25.602 E.01047
G1 X41.577 Y25.901 E.00816
G1 X41.577 Y29.907 E.1081
G1 X33.712 Y29.907 E.21224
G1 X33.284 Y29.49 E.01612
G1 X33.284 Y16.989 E.33734
G1 X32.878 Y16.524 F9000
G1 F3600
G1 X43.345 Y16.524 E.28245
G1 X43.345 Y25.312 E.23714
G1 X42.571 Y25.312 E.02089
G1 X42.319 Y25.369 E.00697
G1 X42.19 Y25.453 E.00415
G1 X42.039 Y25.65 E.0067
G1 X41.983 Y25.901 E.00694
G1 X41.983 Y30.312 E.11903
G1 X33.548 Y30.312 E.22762
G1 X32.878 Y29.662 E.02519
G1 X32.878 Y16.584 E.35291
G1 X32.482 Y16.128 F9000
;TYPE:External perimeter
;WIDTH:0.419999
G1 F1800
G1 X43.741 Y16.128 E.28884
G1 X43.741 Y25.708 E.24577
G1 X42.571 Y25.708 E.03002
G1 X42.446 Y25.754 E.00342
G1 X42.378 Y25.901 E.00416
G1 X42.378 Y30.708 E.12332
G1 X33.387 Y30.708 E.23066
G1 X32.482 Y29.829 E.03237
G1 X32.482 Y16.188 E.34995
G1 E-3.5 F3600
;WIPE_START
G1 F7200
G1 X32.482 Y16.128 E-.0285
G1 X35.58 Y16.128 E-1.4715
;WIPE_END
G1 X34.532 Y17.242 F9000
G1 E5 F2400
;TYPE:Internal infill
;WIDTH:0.44
G1 F3600
G1 X36.966 Y17.242 E.06568
G1 X33.596 Y20.612 E.12861
G1 X33.596 Y18.575 E.05497
G1 X41.265 Y26.243 E.29265
G1 X41.265 Y28.242 E.05394
G1 X39.912 Y29.594 E.05161
G1 X36.966 Y29.594 E.0795
G1 X33.596 Y26.224 E.12861
G1 X33.596 Y28.261 E.05497
G1 X42.627 Y19.23 E.34464
G1 X42.627 Y19.957 E.01962
G1 X39.912 Y17.242 E.10361
G1 X42.346 Y17.242 E.06568
G1 E-3.5
;WIPE_START
G1 F7200
G1 X39.912 Y17.242 E-1.15615
G1 X40.424 Y17.754 E-.34385
;WIPE_END
G1 X49.237 Y16.929 F9000
G1 E5 F2400
;TYPE:Perimeter
;WIDTH:0.439999
G1 F3600
G1 X58.893 Y16.929 E.26057
G1 X58.893 Y29.49 E.33896
G1 X58.465 Y29.907 E.01612
G1 X50.6 Y29.907 E.21224
G1 X50.6 Y25.901 E.1081
G1 X50.554 Y25.602 E.00816
G1 X50.367 Y25.262 E.01047
G1 X50.032 Y25.003 E.01143
G1 X49.606 Y24.907 E.01178
G1 X49.237 Y24.907 E.00996
G1 X49.237 Y16.989 E.21367
G1 X48.831 Y16.524 F9000
G1 F3600
G1 X59.299 Y16.524 E.28248
G1 X59.299 Y29.662 E.35453
G1 X58.629 Y30.312 E.02519
G1 X50.194 Y30.312 E.22762
G1 X50.194 Y25.901 E.11903
G1 X50.167 Y25.724 E.00483
G1 X50.056 Y25.522 E.00622
G1 X49.858 Y25.369 E.00675
G1 X49.606 Y25.312 E.00697
G1 X48.831 Y25.312 E.02091
G1 X48.831 Y16.584 E.23552
G1 X48.436 Y16.128 F9000
;TYPE:External perimeter
;WIDTH:0.419999
G1 F1800
G1 X59.695 Y16.128 E.28884
G1 X59.695 Y29.829 E.35149
G1 X58.79 Y30.708 E.03237
G1 X49.798 Y30.708 E.23068
G1 X49.798 Y25.901 E.12332
G1 X49.753 Y25.777 E.00338
G1 X49.606 Y25.708 E.00417
G1 X48.436 Y25.708 E.03002
G1 X48.436 Y16.188 E.24423
G1 X49.831 Y17.242 F9000
;TYPE:Internal infill
;WIDTH:0.44
G1 F3600
G1 X52.265 Y17.242 E.06568
G1 X49.549 Y19.957 E.10363
G1 X49.549 Y19.23 E.01962
G1 X58.581 Y28.261 E.34466
G1 X58.581 Y26.224 E.05497
G1 X55.211 Y29.594 E.12861
G1 X52.265 Y29.594 E.0795
G1 X50.912 Y28.242 E.05161
G1 X50.912 Y26.243 E.05394
G1 X58.581 Y18.575 E.29265
G1 X58.581 Y20.612 E.05497
G1 X55.211 Y17.242 E.12861
G1 X57.645 Y17.242 E.06568
G1 E-3.5
;WIPE_START
G1 F7200
G1 X55.211 Y17.242 E-1.15615
G1 X55.723 Y17.754 E-.34385
;WIPE_END
G1 X63.284 Y16.929 F9000
G1 E5 F2400
;TYPE:Perimeter
;WIDTH:0.439999
G1 F3600
G1 X75.077 Y16.929 E.31823
G1 X75.077 Y29.907 E.35021
G1 X63.712 Y29.907 E.30668
G1 X63.284 Y29.49 E.01612
G1 X63.284 Y16.989 E.33734
G1 X62.878 Y16.524 F9000
G1 F3600
G1 X75.483 Y16.524 E.34014
G1 X75.483 Y30.312 E.37207
G1 X63.548 Y30.312 E.32206
G1 X62.878 Y29.662 E.02519
G1 X62.878 Y16.584 E.35291
G1 X62.482 Y16.128 F9000
;TYPE:External perimeter
;WIDTH:0.419999
G1 F1800
G1 X75.878 Y16.128 E.34367
G1 X75.878 Y30.708 E.37404
G1 X63.387 Y30.708 E.32045
G1 X62.482 Y29.829 E.03237
G1 X62.482 Y16.188 E.34995
G1 E-3.5 F3600
;WIPE_START
G1 F7200
G1 X62.482 Y16.128 E-.0285
G1 X65.58 Y16.128 E-1.4715
;WIPE_END
G1 X74.765 Y22.905 F9000
G1 E5 F2400
;TYPE:Internal infill
;WIDTH:0.44
G1 F3600
G1 X74.765 Y25.339 E.06568
G1 X70.509 Y29.594 E.1624
G1 X67.563 Y29.594 E.0795
G1 X63.596 Y25.627 E.15139
G1 X63.596 Y28.858 E.08719
G1 X74.765 Y17.689 E.42624
G1 X74.765 Y21.497 E.10276
G1 X70.509 Y17.242 E.1624
G1 X67.563 Y17.242 E.0795
G1 X63.596 Y21.209 E.15139
G1 X63.596 Y17.978 E.08719
G1 X74.765 Y29.146 E.42622
G1 X74.765 Y29.594 E.01209
G1 X72.779 Y29.594 E.05359
;LAYER_CHANGE
;Z:4.84
;HEIGHT:0.16
;BEFORE_LAYER_CHANGE
G92 E0
;4.84


G1 E-3.5 F3600
;WIPE_START
G1 F7200
G1 X74.765 Y29.594 E-.94335
G1 X74.765 Y29.146 E-.2128
G1 X74.253 Y28.634 E-.34385
;WIPE_END
G1 Z4.84 F9000
;AFTER_LAYER_CHANGE
;4.84
G1 X28.85 Y29.496
G1 E5 F2400
;TYPE:Perimeter
;WIDTH:0.439999
G1 F3593
G1 X28.436 Y29.907 E.01574
G1 X17.1 Y29.907 E.3059
G1 X17.1 Y16.929 E.35021
G1 X28.85 Y16.929 E.31707
G1 X28.85 Y29.436 E.3375
G1 X29.256 Y29.665 F9000
G1 F3593
G1 X28.602 Y30.312 E.02482
G1 X16.694 Y30.312 E.32134
G1 X16.694 Y16.524 E.37207
G1 X29.256 Y16.524 E.33898
G1 X29.256 Y29.605 E.35299
G1 X29.652 Y29.83 F9000
;TYPE:External perimeter
;WIDTH:0.419999
G1 F1800
G1 X28.765 Y30.708 E.03202
G1 X16.298 Y30.708 E.31983
G1 X16.298 Y16.128 E.37404
G1 X29.652 Y16.128 E.34259
G1 X29.652 Y29.77 E.34998
G1 E-3.5 F3600
;WIPE_START
G1 F7200
G1 X29.652 Y29.83 E-.0285
G1 X28.765 Y30.708 E-.59283
G1 X26.915 Y30.708 E-.87867
;WIPE_END
G1 X17.412 Y23.931 F9000
G1 E5 F2400
;TYPE:Internal infill
;WIDTH:0.44
G1 F3593
G1 X17.412 Y21.497 E.06568
G1 X21.668 Y17.242 E.1624
G1 X24.614 Y17.242 E.0795
G1 X28.538 Y21.166 E.14975
G1 X28.538 Y18.02 E.08489
G1 X17.412 Y29.146 E.42459
G1 X17.412 Y25.339 E.10273
G1 X21.668 Y29.594 E.1624
G1 X24.614 Y29.594 E.0795
G1 X28.538 Y25.67 E.14975
G1 X28.538 Y28.815 E.08487
G1 X17.412 Y17.689 E.42459
G1 X17.412 Y17.242 E.01206
G1 X19.398 Y17.242 E.05359
G1 E-3.5 F3600
;WIPE_START
G1 F7200
G1 X17.412 Y17.242 E-.94335
G1 X17.412 Y17.689 E-.21232
G1 X17.925 Y18.202 E-.34433
;WIPE_END
G1 X33.326 Y16.929 F9000
G1 E5 F2400
;TYPE:Perimeter
;WIDTH:0.439999
G1 F3593
G1 X42.916 Y16.929 E.25878
G1 X42.916 Y24.907 E.21528
G1 X42.571 Y24.907 E.00931
G1 X42.141 Y25.004 E.0119
G1 X41.807 Y25.265 E.01144
G1 X41.644 Y25.542 E.00867
G1 X41.577 Y25.901 E.00985
G1 X41.577 Y29.907 E.1081
G1 X33.741 Y29.907 E.21145
G1 X33.326 Y29.496 E.01576
G1 X33.326 Y16.989 E.3375
G1 X32.921 Y16.524 F9000
G1 F3593
G1 X43.321 Y16.524 E.28064
G1 X43.321 Y25.312 E.23714
G1 X42.571 Y25.312 E.02024
G1 X42.317 Y25.37 E.00703
G1 X42.188 Y25.454 E.00415
G1 X42.022 Y25.688 E.00774
G1 X41.983 Y25.901 E.00584
G1 X41.983 Y30.312 E.11903
G1 X33.574 Y30.312 E.22692
G1 X32.921 Y29.665 E.02481
G1 X32.921 Y16.584 E.35299
G1 X32.525 Y16.128 F9000
;TYPE:External perimeter
;WIDTH:0.419999
G1 F1800
G1 X43.717 Y16.128 E.28712
G1 X43.717 Y25.708 E.24577
G1 X42.571 Y25.708 E.0294
G1 X42.446 Y25.754 E.00342
G1 X42.378 Y25.901 E.00416
G1 X42.378 Y30.708 E.12332
G1 X33.412 Y30.708 E.23002
G1 X32.525 Y29.83 E.03202
G1 X32.525 Y16.188 E.34998
G1 E-3.5 F3600
;WIPE_START
G1 F7200
G1 X32.525 Y16.128 E-.0285
G1 X35.623 Y16.128 E-1.4715
;WIPE_END
G1 X34.532 Y17.242 F9000
G1 E5 F2400
;TYPE:Internal infill
;WIDTH:0.44
G1 F3593
G1 X36.966 Y17.242 E.06568
G1 X33.639 Y20.569 E.12697
G1 X33.639 Y18.617 E.05267
G1 X41.265 Y26.243 E.29103
G1 X41.265 Y28.242 E.05394
G1 X39.912 Y29.594 E.05161
G1 X36.966 Y29.594 E.0795
G1 X33.639 Y26.267 E.12697
G1 X33.639 Y28.218 E.05265
G1 X42.603 Y19.254 E.34209
G1 X42.603 Y19.933 E.01832
G1 X39.912 Y17.242 E.10269
G1 X42.346 Y17.242 E.06568
G1 E-3.5 F3600
;WIPE_START
G1 F7200
G1 X39.912 Y17.242 E-1.15615
G1 X40.424 Y17.754 E-.34385
;WIPE_END
G1 X49.261 Y16.929 F9000
G1 E5 F2400
;TYPE:Perimeter
;WIDTH:0.439999
G1 F3593
G1 X58.85 Y16.929 E.25876
G1 X58.85 Y29.496 E.33912
G1 X58.436 Y29.907 E.01574
G1 X50.6 Y29.907 E.21145
G1 X50.6 Y25.901 E.1081
G1 X50.533 Y25.542 E.00985
G1 X50.37 Y25.265 E.00867
G1 X50.035 Y25.004 E.01146
G1 X49.606 Y24.907 E.01187
G1 X49.261 Y24.907 E.00931
G1 X49.261 Y16.989 E.21367
G1 X48.855 Y16.524 F9000
G1 F3593
G1 X59.256 Y16.524 E.28067
G1 X59.256 Y29.665 E.35461
G1 X58.602 Y30.312 E.02482
G1 X50.194 Y30.312 E.22689
G1 X50.194 Y25.809 E.12151
G1 X50.058 Y25.524 E.00852
G1 X49.86 Y25.37 E.00677
G1 X49.606 Y25.312 E.00703
G1 X48.855 Y25.312 E.02027
G1 X48.855 Y16.584 E.23552
G1 X48.46 Y16.128 F9000
;TYPE:External perimeter
;WIDTH:0.419999
G1 F1800
G1 X59.652 Y16.128 E.28712
G1 X59.652 Y29.83 E.35152
G1 X58.765 Y30.708 E.03202
G1 X49.798 Y30.708 E.23004
G1 X49.798 Y25.901 E.12332
G1 X49.754 Y25.777 E.00338
G1 X49.606 Y25.708 E.00419
G1 X48.46 Y25.708 E.0294
G1 X48.46 Y16.188 E.24423
G1 X49.831 Y17.242 F9000
;TYPE:Internal infill
;WIDTH:0.44
G1 F3593
G1 X52.265 Y17.242 E.06568
G1 X49.573 Y19.933 E.10271
G1 X49.573 Y19.254 E.01832
G1 X58.538 Y28.218 E.34211
G1 X58.538 Y26.267 E.05265
G1 X55.211 Y29.594 E.12697
G1 X52.265 Y29.594 E.0795
G1 X50.912 Y28.242 E.05161
G1 X50.912 Y26.243 E.05394
G1 X58.538 Y18.617 E.29103
G1 X58.538 Y20.569 E.05267
G1 X55.211 Y17.242 E.12697
G1 X57.645 Y17.242 E.06568
G1 E-3.5 F3600
;WIPE_START
G1 F7200
G1 X55.211 Y17.242 E-1.15615
G1 X55.723 Y17.754 E-.34385
;WIPE_END
G1 X63.326 Y16.929 F9000
G1 E5 F2400
;TYPE:Perimeter
;WIDTH:0.439999
G1 F3593
G1 X75.077 Y16.929 E.3171
G1 X75.077 Y29.907 E.35021
G1 X63.741 Y29.907 E.3059
G1 X63.326 Y29.496 E.01576
G1 X63.326 Y16.989 E.3375
G1 X62.921 Y16.524 F9000
G1 F3593
G1 X75.483 Y16.524 E.33898
G1 X75.483 Y30.312 E.37207
G1 X63.574 Y30.312 E.32136
G1 X62.921 Y29.665 E.02481
G1 X62.921 Y16.584 E.35299
G1 X62.525 Y16.128 F9000
;TYPE:External perimeter
;WIDTH:0.419999
G1 F1800
G1 X75.878 Y16.128 E.34256
G1 X75.878 Y30.708 E.37404
G1 X63.412 Y30.708 E.31981
G1 X62.525 Y29.83 E.03202
G1 X62.525 Y16.188 E.34998
G1 E-3.5 F3600
;WIPE_START
G1 F7200
G1 X62.525 Y16.128 E-.0285
G1 X65.623 Y16.128 E-1.4715
;WIPE_END
G1 X74.765 Y22.905 F9000
G1 E5 F2400
;TYPE:Internal infill
;WIDTH:0.44
G1 F3593
G1 X74.765 Y25.339 E.06568
G1 X70.509 Y29.594 E.1624
G1 X67.563 Y29.594 E.0795
G1 X63.639 Y25.67 E.14975
G1 X63.639 Y28.815 E.08487
G1 X74.765 Y17.689 E.42459
G1 X74.765 Y21.497 E.10276
G1 X70.509 Y17.242 E.1624
G1 X67.563 Y17.242 E.0795
G1 X63.639 Y21.166 E.14975
G1 X63.639 Y18.02 E.08489
G1 X74.765 Y29.146 E.42459
G1 X74.765 Y29.594 E.01209
G1 X72.779 Y29.594 E.05359
;LAYER_CHANGE
;Z:5
;HEIGHT:0.16
;BEFORE_LAYER_CHANGE
G92 E0
;5


G1 E-3.5 F3600
;WIPE_START
G1 F7200
G1 X74.765 Y29.594 E-.94335
G1 X74.765 Y29.146 E-.2128
G1 X74.253 Y28.634 E-.34385
;WIPE_END
G1 Z5 F9000
;AFTER_LAYER_CHANGE
;5
G1 X28.83 Y29.499
G1 E5 F2400
;TYPE:Perimeter
;WIDTH:0.439999
G1 F3584
G1 X28.422 Y29.907 E.01557
G1 X17.1 Y29.907 E.30552
G1 X17.1 Y16.929 E.35021
G1 X28.83 Y16.929 E.31653
G1 X28.83 Y29.439 E.33758
G1 X29.236 Y29.667 F9000
G1 F3584
G1 X28.59 Y30.312 E.02463
G1 X16.694 Y30.312 E.32101
G1 X16.694 Y16.524 E.37207
G1 X29.236 Y16.524 E.33844
G1 X29.236 Y29.607 E.35304
G1 X29.631 Y29.831 F9000
;TYPE:External perimeter
;WIDTH:0.419999
G1 F1800
G1 X28.753 Y30.708 E.03184
G1 X16.298 Y30.708 E.31953
G1 X16.298 Y16.128 E.37404
G1 X29.631 Y16.128 E.34205
G1 X29.631 Y29.771 E.35
G1 E-3.5 F3600
;WIPE_START
G1 F7200
G1 X29.631 Y29.831 E-.0285
G1 X28.753 Y30.708 E-.58946
G1 X26.896 Y30.708 E-.88204
;WIPE_END
G1 X17.412 Y23.931 F9000
G1 E5 F2400
;TYPE:Internal infill
;WIDTH:0.44
G1 F3584
G1 X17.412 Y21.497 E.06568
G1 X21.668 Y17.242 E.1624
G1 X24.614 Y17.242 E.0795
G1 X28.518 Y21.146 E.14899
G1 X28.518 Y18.041 E.08379
G1 X17.412 Y29.146 E.42381
G1 X17.412 Y25.339 E.10273
G1 X21.668 Y29.594 E.1624
G1 X24.614 Y29.594 E.0795
G1 X28.518 Y25.69 E.14899
G1 X28.518 Y28.795 E.08379
G1 X17.412 Y17.689 E.42383
G1 X17.412 Y17.242 E.01206
G1 X19.398 Y17.242 E.05359
G1 E-3.5 F3600
;WIPE_START
G1 F7200
G1 X17.412 Y17.242 E-.94335
G1 X17.412 Y17.689 E-.21232
G1 X17.925 Y18.202 E-.34433
;WIPE_END
G1 X33.347 Y16.929 F9000
G1 E5 F2400
;TYPE:Perimeter
;WIDTH:0.439999
G1 F3584
G1 X42.904 Y16.929 E.25789
G1 X42.904 Y24.907 E.21528
G1 X42.571 Y24.907 E.00899
G1 X42.14 Y25.005 E.01193
G1 X41.806 Y25.267 E.01146
G1 X41.643 Y25.544 E.00867
G1 X41.577 Y25.901 E.0098
G1 X41.577 Y29.907 E.1081
G1 X33.755 Y29.907 E.21108
G1 X33.347 Y29.499 E.01557
G1 X33.347 Y16.989 E.33758
G1 X32.941 Y16.524 F9000
G1 F3584
G1 X43.31 Y16.524 E.27981
G1 X43.31 Y25.312 E.23714
G1 X42.571 Y25.312 E.01994
G1 X42.316 Y25.371 E.00706
G1 X42.187 Y25.455 E.00415
G1 X42.022 Y25.69 E.00775
G1 X41.983 Y25.901 E.00579
G1 X41.983 Y30.312 E.11903
G1 X33.587 Y30.312 E.22656
G1 X32.941 Y29.667 E.02463
G1 X32.941 Y16.584 E.35304
G1 X32.545 Y16.128 F9000
;TYPE:External perimeter
;WIDTH:0.419999
G1 F1800
G1 X43.705 Y16.128 E.2863
G1 X43.705 Y25.708 E.24577
G1 X42.571 Y25.708 E.02909
G1 X42.445 Y25.755 E.00345
G1 X42.378 Y25.901 E.00412
G1 X42.378 Y30.708 E.12332
G1 X33.423 Y30.708 E.22974
G1 X32.545 Y29.831 E.03184
G1 X32.545 Y16.188 E.35
G1 E-3.5 F3600
;WIPE_START
G1 F7200
G1 X32.545 Y16.128 E-.0285
G1 X35.643 Y16.128 E-1.4715
;WIPE_END
G1 X34.532 Y17.242 F9000
G1 E5 F2400
;TYPE:Internal infill
;WIDTH:0.44
G1 F3584
G1 X36.966 Y17.242 E.06568
G1 X33.659 Y20.549 E.1262
G1 X33.659 Y18.638 E.05157
G1 X41.265 Y26.243 E.29024
G1 X41.265 Y28.242 E.05394
G1 X39.912 Y29.594 E.05161
G1 X36.966 Y29.594 E.0795
G1 X33.659 Y26.287 E.1262
G1 X33.659 Y28.198 E.05157
G1 X42.592 Y19.265 E.3409
G1 X42.592 Y19.921 E.0177
G1 X39.912 Y17.242 E.10226
G1 X42.346 Y17.242 E.06568
G1 E-3.5 F3600
;WIPE_START
G1 F7200
G1 X39.912 Y17.242 E-1.15615
G1 X40.424 Y17.754 E-.34385
;WIPE_END
G1 X49.273 Y16.929 F9000
G1 E5 F2400
;TYPE:Perimeter
;WIDTH:0.439999
G1 F3584
G1 X58.83 Y16.929 E.25789
G1 X58.83 Y29.499 E.3392
G1 X58.422 Y29.907 E.01557
G1 X50.6 Y29.907 E.21108
G1 X50.6 Y25.901 E.1081
G1 X50.534 Y25.544 E.0098
G1 X50.371 Y25.267 E.00867
G1 X50.037 Y25.005 E.01146
G1 X49.606 Y24.907 E.01193
G1 X49.273 Y24.907 E.00899
G1 X49.273 Y16.989 E.21367
G1 X48.867 Y16.524 F9000
G1 F3584
G1 X59.236 Y16.524 E.27981
G1 X59.236 Y29.667 E.35466
G1 X58.59 Y30.312 E.02463
G1 X50.194 Y30.312 E.22656
G1 X50.194 Y25.81 E.12149
G1 X50.059 Y25.525 E.00851
G1 X49.861 Y25.371 E.00677
G1 X49.606 Y25.312 E.00706
G1 X48.867 Y25.312 E.01994
G1 X48.867 Y16.584 E.23552
G1 X48.471 Y16.128 F9000
;TYPE:External perimeter
;WIDTH:0.419999
G1 F1800
G1 X59.631 Y16.128 E.2863
G1 X59.631 Y29.831 E.35154
G1 X58.753 Y30.708 E.03184
G1 X49.798 Y30.708 E.22974
G1 X49.798 Y25.901 E.12332
G1 X49.754 Y25.778 E.00335
G1 X49.606 Y25.708 E.0042
G1 X48.471 Y25.708 E.02912
G1 X48.471 Y16.188 E.24423
G1 X49.831 Y17.242 F9000
;TYPE:Internal infill
;WIDTH:0.44
G1 F3584
G1 X52.265 Y17.242 E.06568
G1 X49.585 Y19.921 E.10226
G1 X49.585 Y19.265 E.0177
G1 X58.518 Y28.198 E.3409
G1 X58.518 Y26.287 E.05157
G1 X55.211 Y29.594 E.1262
G1 X52.265 Y29.594 E.0795
G1 X50.912 Y28.242 E.05161
G1 X50.912 Y26.243 E.05394
G1 X58.518 Y18.638 E.29024
G1 X58.518 Y20.549 E.05157
G1 X55.211 Y17.242 E.1262
G1 X57.645 Y17.242 E.06568
G1 E-3.5 F3600
;WIPE_START
G1 F7200
G1 X55.211 Y17.242 E-1.15615
G1 X55.723 Y17.754 E-.34385
;WIPE_END
G1 X63.347 Y16.929 F9000
G1 E5 F2400
;TYPE:Perimeter
;WIDTH:0.439999
G1 F3584
G1 X75.077 Y16.929 E.31653
G1 X75.077 Y29.907 E.35021
G1 X63.755 Y29.907 E.30552
G1 X63.347 Y29.499 E.01557
G1 X63.347 Y16.989 E.33758
G1 X62.941 Y16.524 F9000
G1 F3584
G1 X75.483 Y16.524 E.33844
G1 X75.483 Y30.312 E.37207
G1 X63.587 Y30.312 E.32101
G1 X62.941 Y29.667 E.02463
G1 X62.941 Y16.584 E.35304
G1 X62.545 Y16.128 F9000
;TYPE:External perimeter
;WIDTH:0.419999
G1 F1800
G1 X75.878 Y16.128 E.34205
G1 X75.878 Y30.708 E.37404
G1 X63.423 Y30.708 E.31953
G1 X62.545 Y29.831 E.03184
G1 X62.545 Y16.188 E.35
G1 E-3.5 F3600
;WIPE_START
G1 F7200
G1 X62.545 Y16.128 E-.0285
G1 X65.643 Y16.128 E-1.4715
;WIPE_END
G1 X74.765 Y22.905 F9000
G1 E5 F2400
;TYPE:Internal infill
;WIDTH:0.44
G1 F3584
G1 X74.765 Y25.339 E.06568
G1 X70.509 Y29.594 E.1624
G1 X67.563 Y29.594 E.0795
G1 X63.659 Y25.69 E.14899
G1 X63.659 Y28.795 E.08379
G1 X74.765 Y17.689 E.42383
G1 X74.765 Y21.497 E.10276
G1 X70.509 Y17.242 E.1624
G1 X67.563 Y17.242 E.0795
G1 X63.659 Y21.146 E.14899
G1 X63.659 Y18.041 E.08379
G1 X74.765 Y29.146 E.42381
G1 X74.765 Y29.594 E.01209
G1 X72.779 Y29.594 E.05359
;LAYER_CHANGE
;Z:5.16
;HEIGHT:0.16
;BEFORE_LAYER_CHANGE
G92 E0
;5.16


G1 E-3.5 F3600
;WIPE_START
G1 F7200
G1 X74.765 Y29.594 E-.94335
G1 X74.765 Y29.146 E-.2128
G1 X74.253 Y28.634 E-.34385
;WIPE_END
G1 Z5.16 F9000
;AFTER_LAYER_CHANGE
;5.16
G1 X28.83 Y29.499
G1 E5 F2400
;TYPE:Perimeter
;WIDTH:0.439999
G1 F3584
G1 X28.422 Y29.907 E.01557
G1 X17.1 Y29.907 E.30552
G1 X17.1 Y16.929 E.35021
G1 X28.83 Y16.929 E.31653
G1 X28.83 Y29.439 E.33758
G1 X29.236 Y29.667 F9000
G1 F3584
G1 X28.59 Y30.312 E.02463
G1 X16.694 Y30.312 E.32101
G1 X16.694 Y16.524 E.37207
G1 X29.236 Y16.524 E.33844
G1 X29.236 Y29.607 E.35304
G1 X29.631 Y29.831 F9000
;TYPE:External perimeter
;WIDTH:0.419999
G1 F1800
G1 X28.753 Y30.708 E.03184
G1 X16.298 Y30.708 E.31953
G1 X16.298 Y16.128 E.37404
G1 X29.631 Y16.128 E.34205
G1 X29.631 Y29.771 E.35
G1 E-3.5 F3600
;WIPE_START
G1 F7200
G1 X29.631 Y29.831 E-.0285
G1 X28.753 Y30.708 E-.58946
G1 X26.896 Y30.708 E-.88204
;WIPE_END
G1 X17.412 Y23.931 F9000
G1 E5 F2400
;TYPE:Internal infill
;WIDTH:0.44
G1 F3584
G1 X17.412 Y21.497 E.06568
G1 X21.668 Y17.242 E.1624
G1 X24.614 Y17.242 E.0795
G1 X28.518 Y21.146 E.14899
G1 X28.518 Y18.041 E.08379
G1 X17.412 Y29.146 E.42381
G1 X17.412 Y25.339 E.10273
G1 X21.668 Y29.594 E.1624
G1 X24.614 Y29.594 E.0795
G1 X28.518 Y25.69 E.14899
G1 X28.518 Y28.795 E.08379
G1 X17.412 Y17.689 E.42383
G1 X17.412 Y17.242 E.01206
G1 X19.398 Y17.242 E.05359
G1 E-3.5 F3600
;WIPE_START
G1 F7200
G1 X17.412 Y17.242 E-.94335
G1 X17.412 Y17.689 E-.21232
G1 X17.925 Y18.202 E-.34433
;WIPE_END
G1 X33.347 Y16.929 F9000
G1 E5 F2400
;TYPE:Perimeter
;WIDTH:0.439999
G1 F3584
G1 X42.904 Y16.929 E.25789
G1 X42.904 Y24.907 E.21528
G1 X42.571 Y24.907 E.00899
G1 X42.14 Y25.005 E.01193
G1 X41.806 Y25.267 E.01146
G1 X41.643 Y25.544 E.00867
G1 X41.577 Y25.901 E.0098
G1 X41.577 Y29.907 E.1081
G1 X33.755 Y29.907 E.21108
G1 X33.347 Y29.499 E.01557
G1 X33.347 Y16.989 E.33758
G1 X32.941 Y16.524 F9000
G1 F3584
G1 X43.31 Y16.524 E.27981
G1 X43.31 Y25.312 E.23714
G1 X42.571 Y25.312 E.01994
G1 X42.316 Y25.371 E.00706
G1 X42.187 Y25.455 E.00415
G1 X42.022 Y25.69 E.00775
G1 X41.983 Y25.901 E.00579
G1 X41.983 Y30.312 E.11903
G1 X33.587 Y30.312 E.22656
G1 X32.941 Y29.667 E.02463
G1 X32.941 Y16.584 E.35304
G1 X32.545 Y16.128 F9000
;TYPE:External perimeter
;WIDTH:0.419999
G1 F1800
G1 X43.705 Y16.128 E.2863
G1 X43.705 Y25.708 E.24577
G1 X42.571 Y25.708 E.02909
G1 X42.445 Y25.755 E.00345
G1 X42.378 Y25.901 E.00412
G1 X42.378 Y30.708 E.12332
G1 X33.423 Y30.708 E.22974
G1 X32.545 Y29.831 E.03184
G1 X32.545 Y16.188 E.35
G1 E-3.5 F3600
;WIPE_START
G1 F7200
G1 X32.545 Y16.128 E-.0285
G1 X35.643 Y16.128 E-1.4715
;WIPE_END
G1 X34.532 Y17.242 F9000
G1 E5 F2400
;TYPE:Internal infill
;WIDTH:0.44
G1 F3584
G1 X36.966 Y17.242 E.06568
G1 X33.659 Y20.549 E.1262
G1 X33.659 Y18.638 E.05157
G1 X41.265 Y26.243 E.29024
G1 X41.265 Y28.242 E.05394
G1 X39.912 Y29.594 E.05161
G1 X36.966 Y29.594 E.0795
G1 X33.659 Y26.287 E.1262
G1 X33.659 Y28.198 E.05157
G1 X42.592 Y19.265 E.3409
G1 X42.592 Y19.921 E.0177
G1 X39.912 Y17.242 E.10226
G1 X42.346 Y17.242 E.06568
G1 E-3.5 F3600
;WIPE_START
G1 F7200
G1 X39.912 Y17.242 E-1.15615
G1 X40.424 Y17.754 E-.34385
;WIPE_END
G1 X49.273 Y16.929 F9000
G1 E5 F2400
;TYPE:Perimeter
;WIDTH:0.439999
G1 F3584
G1 X58.83 Y16.929 E.25789
G1 X58.83 Y29.499 E.3392
G1 X58.422 Y29.907 E.01557
G1 X50.6 Y29.907 E.21108
G1 X50.6 Y25.901 E.1081
G1 X50.534 Y25.544 E.0098
G1 X50.371 Y25.267 E.00867
G1 X50.037 Y25.005 E.01146
G1 X49.606 Y24.907 E.01193
G1 X49.273 Y24.907 E.00899
G1 X49.273 Y16.989 E.21367
G1 X48.867 Y16.524 F9000
G1 F3584
G1 X59.236 Y16.524 E.27981
G1 X59.236 Y29.667 E.35466
G1 X58.59 Y30.312 E.02463
G1 X50.194 Y30.312 E.22656
G1 X50.194 Y25.81 E.12149
G1 X50.059 Y25.525 E.00851
G1 X49.861 Y25.371 E.00677
G1 X49.606 Y25.312 E.00706
G1 X48.867 Y25.312 E.01994
G1 X48.867 Y16.584 E.23552
G1 X48.471 Y16.128 F9000
;TYPE:External perimeter
;WIDTH:0.419999
G1 F1800
G1 X59.631 Y16.128 E.2863
G1 X59.631 Y29.831 E.35154
G1 X58.753 Y30.708 E.03184
G1 X49.798 Y30.708 E.22974
G1 X49.798 Y25.901 E.12332
G1 X49.754 Y25.778 E.00335
G1 X49.606 Y25.708 E.0042
G1 X48.471 Y25.708 E.02912
G1 X48.471 Y16.188 E.24423
G1 X49.831 Y17.242 F9000
;TYPE:Internal infill
;WIDTH:0.44
G1 F3584
G1 X52.265 Y17.242 E.06568
G1 X49.585 Y19.921 E.10226
G1 X49.585 Y19.265 E.0177
G1 X58.518 Y28.198 E.3409
G1 X58.518 Y26.287 E.05157
G1 X55.211 Y29.594 E.1262
G1 X52.265 Y29.594 E.0795
G1 X50.912 Y28.242 E.05161
G1 X50.912 Y26.243 E.05394
G1 X58.518 Y18.638 E.29024
G1 X58.518 Y20.549 E.05157
G1 X55.211 Y17.242 E.1262
G1 X57.645 Y17.242 E.06568
G1 E-3.5 F3600
;WIPE_START
G1 F7200
G1 X55.211 Y17.242 E-1.15615
G1 X55.723 Y17.754 E-.34385
;WIPE_END
G1 X63.347 Y16.929 F9000
G1 E5 F2400
;TYPE:Perimeter
;WIDTH:0.439999
G1 F3584
G1 X75.077 Y16.929 E.31653
G1 X75.077 Y29.907 E.35021
G1 X63.755 Y29.907 E.30552
G1 X63.347 Y29.499 E.01557
G1 X63.347 Y16.989 E.33758
G1 X62.941 Y16.524 F9000
G1 F3584
G1 X75.483 Y16.524 E.33844
G1 X75.483 Y30.312 E.37207
G1 X63.587 Y30.312 E.32101
G1 X62.941 Y29.667 E.02463
G1 X62.941 Y16.584 E.35304
G1 X62.545 Y16.128 F9000
;TYPE:External perimeter
;WIDTH:0.419999
G1 F1800
G1 X75.878 Y16.128 E.34205
G1 X75.878 Y30.708 E.37404
G1 X63.423 Y30.708 E.31953
G1 X62.545 Y29.831 E.03184
G1 X62.545 Y16.188 E.35
G1 E-3.5 F3600
;WIPE_START
G1 F7200
G1 X62.545 Y16.128 E-.0285
G1 X65.643 Y16.128 E-1.4715
;WIPE_END
G1 X74.765 Y22.905 F9000
G1 E5 F2400
;TYPE:Internal infill
;WIDTH:0.44
G1 F3584
G1 X74.765 Y25.339 E.06568
G1 X70.509 Y29.594 E.1624
G1 X67.563 Y29.594 E.0795
G1 X63.659 Y25.69 E.14899
G1 X63.659 Y28.795 E.08379
G1 X74.765 Y17.689 E.42383
G1 X74.765 Y21.497 E.10276
G1 X70.509 Y17.242 E.1624
G1 X67.563 Y17.242 E.0795
G1 X63.659 Y21.146 E.14899
G1 X63.659 Y18.041 E.08379
G1 X74.765 Y29.146 E.42381
G1 X74.765 Y29.594 E.01209
G1 X72.779 Y29.594 E.05359
;LAYER_CHANGE
;Z:5.32
;HEIGHT:0.16
;BEFORE_LAYER_CHANGE
G92 E0
;5.32


G1 E-3.5 F3600
;WIPE_START
G1 F7200
G1 X74.765 Y29.594 E-.94335
G1 X74.765 Y29.146 E-.2128
G1 X74.253 Y28.634 E-.34385
;WIPE_END
G1 Z5.32 F9000
;AFTER_LAYER_CHANGE
;5.32
G1 X28.85 Y29.496
G1 E5 F2400
;TYPE:Perimeter
;WIDTH:0.439999
G1 F3593
G1 X28.436 Y29.907 E.01574
G1 X17.1 Y29.907 E.3059
G1 X17.1 Y16.929 E.35021
G1 X28.85 Y16.929 E.31707
G1 X28.85 Y29.436 E.3375
G1 X29.256 Y29.665 F9000
G1 F3593
G1 X28.602 Y30.312 E.02482
G1 X16.694 Y30.312 E.32134
G1 X16.694 Y16.524 E.37207
G1 X29.256 Y16.524 E.33898
G1 X29.256 Y29.605 E.35299
G1 X29.652 Y29.83 F9000
;TYPE:External perimeter
;WIDTH:0.419999
G1 F1800
G1 X28.765 Y30.708 E.03202
G1 X16.298 Y30.708 E.31983
G1 X16.298 Y16.128 E.37404
G1 X29.652 Y16.128 E.34259
G1 X29.652 Y29.77 E.34998
G1 E-3.5 F3600
;WIPE_START
G1 F7200
G1 X29.652 Y29.83 E-.0285
G1 X28.765 Y30.708 E-.59283
G1 X26.915 Y30.708 E-.87867
;WIPE_END
G1 X17.412 Y23.931 F9000
G1 E5 F2400
;TYPE:Internal infill
;WIDTH:0.44
G1 F3593
G1 X17.412 Y21.497 E.06568
G1 X21.668 Y17.242 E.1624
G1 X24.614 Y17.242 E.0795
G1 X28.538 Y21.166 E.14975
G1 X28.538 Y18.02 E.08489
G1 X17.412 Y29.146 E.42459
G1 X17.412 Y25.339 E.10273
G1 X21.668 Y29.594 E.1624
G1 X24.614 Y29.594 E.0795
G1 X28.538 Y25.67 E.14975
G1 X28.538 Y28.815 E.08487
G1 X17.412 Y17.689 E.42459
G1 X17.412 Y17.242 E.01206
G1 X19.398 Y17.242 E.05359
G1 E-3.5 F3600
;WIPE_START
G1 F7200
G1 X17.412 Y17.242 E-.94335
G1 X17.412 Y17.689 E-.21232
G1 X17.925 Y18.202 E-.34433
;WIPE_END
G1 X33.326 Y16.929 F9000
G1 E5 F2400
;TYPE:Perimeter
;WIDTH:0.439999
G1 F3593
G1 X42.916 Y16.929 E.25878
G1 X42.916 Y24.907 E.21528
G1 X42.571 Y24.907 E.00931
G1 X42.141 Y25.004 E.0119
G1 X41.807 Y25.265 E.01144
G1 X41.644 Y25.542 E.00867
G1 X41.577 Y25.901 E.00985
G1 X41.577 Y29.907 E.1081
G1 X33.741 Y29.907 E.21145
G1 X33.326 Y29.496 E.01576
G1 X33.326 Y16.989 E.3375
G1 X32.921 Y16.524 F9000
G1 F3593
G1 X43.321 Y16.524 E.28064
G1 X43.321 Y25.312 E.23714
G1 X42.571 Y25.312 E.02024
G1 X42.317 Y25.37 E.00703
G1 X42.188 Y25.454 E.00415
G1 X42.022 Y25.688 E.00774
G1 X41.983 Y25.901 E.00584
G1 X41.983 Y30.312 E.11903
G1 X33.574 Y30.312 E.22692
G1 X32.921 Y29.665 E.02481
G1 X32.921 Y16.584 E.35299
G1 X32.525 Y16.128 F9000
;TYPE:External perimeter
;WIDTH:0.419999
G1 F1800
G1 X43.717 Y16.128 E.28712
G1 X43.717 Y25.708 E.24577
G1 X42.571 Y25.708 E.0294
G1 X42.446 Y25.754 E.00342
G1 X42.378 Y25.901 E.00416
G1 X42.378 Y30.708 E.12332
G1 X33.412 Y30.708 E.23002
G1 X32.525 Y29.83 E.03202
G1 X32.525 Y16.188 E.34998
G1 E-3.5 F3600
;WIPE_START
G1 F7200
G1 X32.525 Y16.128 E-.0285
G1 X35.623 Y16.128 E-1.4715
;WIPE_END
G1 X34.532 Y17.242 F9000
G1 E5 F2400
;TYPE:Internal infill
;WIDTH:0.44
G1 F3593
G1 X36.966 Y17.242 E.06568
G1 X33.639 Y20.569 E.12697
G1 X33.639 Y18.617 E.05267
G1 X41.265 Y26.243 E.29103
G1 X41.265 Y28.242 E.05394
G1 X39.912 Y29.594 E.05161
G1 X36.966 Y29.594 E.0795
G1 X33.639 Y26.267 E.12697
G1 X33.639 Y28.218 E.05265
G1 X42.603 Y19.254 E.34209
G1 X42.603 Y19.933 E.01832
G1 X39.912 Y17.242 E.10269
G1 X42.346 Y17.242 E.06568
G1 E-3.5 F3600
;WIPE_START
G1 F7200
G1 X39.912 Y17.242 E-1.15615
G1 X40.424 Y17.754 E-.34385
;WIPE_END
G1 X49.261 Y16.929 F9000
G1 E5 F2400
;TYPE:Perimeter
;WIDTH:0.439999
G1 F3593
G1 X58.85 Y16.929 E.25876
G1 X58.85 Y29.496 E.33912
G1 X58.436 Y29.907 E.01574
G1 X50.6 Y29.907 E.21145
G1 X50.6 Y25.901 E.1081
G1 X50.533 Y25.542 E.00985
G1 X50.37 Y25.265 E.00867
G1 X50.035 Y25.004 E.01146
G1 X49.606 Y24.907 E.01187
G1 X49.261 Y24.907 E.00931
G1 X49.261 Y16.989 E.21367
G1 X48.855 Y16.524 F9000
G1 F3593
G1 X59.256 Y16.524 E.28067
G1 X59.256 Y29.665 E.35461
G1 X58.602 Y30.312 E.02482
G1 X50.194 Y30.312 E.22689
G1 X50.194 Y25.809 E.12151
G1 X50.058 Y25.524 E.00852
G1 X49.86 Y25.37 E.00677
G1 X49.606 Y25.312 E.00703
G1 X48.855 Y25.312 E.02027
G1 X48.855 Y16.584 E.23552
G1 X48.46 Y16.128 F9000
;TYPE:External perimeter
;WIDTH:0.419999
G1 F1800
G1 X59.652 Y16.128 E.28712
G1 X59.652 Y29.83 E.35152
G1 X58.765 Y30.708 E.03202
G1 X49.798 Y30.708 E.23004
G1 X49.798 Y25.901 E.12332
G1 X49.754 Y25.777 E.00338
G1 X49.606 Y25.708 E.00419
G1 X48.46 Y25.708 E.0294
G1 X48.46 Y16.188 E.24423
G1 X49.831 Y17.242 F9000
;TYPE:Internal infill
;WIDTH:0.44
G1 F3593
G1 X52.265 Y17.242 E.06568
G1 X49.573 Y19.933 E.10271
G1 X49.573 Y19.254 E.01832
G1 X58.538 Y28.218 E.34211
G1 X58.538 Y26.267 E.05265
G1 X55.211 Y29.594 E.12697
G1 X52.265 Y29.594 E.0795
G1 X50.912 Y28.242 E.05161
G1 X50.912 Y26.243 E.05394
G1 X58.538 Y18.617 E.29103
G1 X58.538 Y20.569 E.05267
G1 X55.211 Y17.242 E.12697
G1 X57.645 Y17.242 E.06568
G1 E-3.5 F3600
;WIPE_START
G1 F7200
G1 X55.211 Y17.242 E-1.15615
G1 X55.723 Y17.754 E-.34385
;WIPE_END
G1 X63.326 Y16.929 F9000
G1 E5 F2400
;TYPE:Perimeter
;WIDTH:0.439999
G1 F3593
G1 X75.077 Y16.929 E.3171
G1 X75.077 Y29.907 E.35021
G1 X63.741 Y29.907 E.3059
G1 X63.326 Y29.496 E.01576
G1 X63.326 Y16.989 E.3375
G1 X62.921 Y16.524 F9000
G1 F3593
G1 X75.483 Y16.524 E.33898
G1 X75.483 Y30.312 E.37207
G1 X63.574 Y30.312 E.32136
G1 X62.921 Y29.665 E.02481
G1 X62.921 Y16.584 E.35299
G1 X62.525 Y16.128 F9000
;TYPE:External perimeter
;WIDTH:0.419999
G1 F1800
G1 X75.878 Y16.128 E.34256
G1 X75.878 Y30.708 E.37404
G1 X63.412 Y30.708 E.31981
G1 X62.525 Y29.83 E.03202
G1 X62.525 Y16.188 E.34998
G1 E-3.5 F3600
;WIPE_START
G1 F7200
G1 X62.525 Y16.128 E-.0285
G1 X65.623 Y16.128 E-1.4715
;WIPE_END
G1 X74.765 Y22.905 F9000
G1 E5 F2400
;TYPE:Internal infill
;WIDTH:0.44
G1 F3593
G1 X74.765 Y25.339 E.06568
G1 X70.509 Y29.594 E.1624
G1 X67.563 Y29.594 E.0795
G1 X63.639 Y25.67 E.14975
G1 X63.639 Y28.815 E.08487
G1 X74.765 Y17.689 E.42459
G1 X74.765 Y21.497 E.10276
G1 X70.509 Y17.242 E.1624
G1 X67.563 Y17.242 E.0795
G1 X63.639 Y21.166 E.14975
G1 X63.639 Y18.02 E.08489
G1 X74.765 Y29.146 E.42459
G1 X74.765 Y29.594 E.01209
G1 X72.779 Y29.594 E.05359
;LAYER_CHANGE
;Z:5.48
;HEIGHT:0.16
;BEFORE_LAYER_CHANGE
G92 E0
;5.48


G1 E-3.5 F3600
;WIPE_START
G1 F7200
G1 X74.765 Y29.594 E-.94335
G1 X74.765 Y29.146 E-.2128
G1 X74.253 Y28.634 E-.34385
;WIPE_END
G1 Z5.48 F9000
;AFTER_LAYER_CHANGE
;5.48
G1 X28.893 Y29.487
G1 E5 F2400
;TYPE:Perimeter
;WIDTH:0.439999
G1 F3600
G1 X28.893 Y29.49 E.00008
G1 X28.465 Y29.907 E.01612
G1 X17.1 Y29.907 E.30668
G1 X17.1 Y16.929 E.35021
G1 X28.893 Y16.929 E.31823
G1 X28.893 Y29.427 E.33726
G1 X29.299 Y29.66 F9000
G1 F3600
G1 X29.299 Y29.662 E.00005
G1 X28.629 Y30.312 E.02519
G1 X16.694 Y30.312 E.32206
G1 X16.694 Y16.524 E.37207
G1 X29.299 Y16.524 E.34014
G1 X29.299 Y29.6 E.35285
G1 X29.695 Y29.829 F9000
;TYPE:External perimeter
;WIDTH:0.419999
G1 F1800
G1 X28.79 Y30.708 E.03237
G1 X16.298 Y30.708 E.32047
G1 X16.298 Y16.128 E.37404
G1 X29.695 Y16.128 E.34369
G1 X29.695 Y29.769 E.34995
G1 E-3.5 F3600
;WIPE_START
G1 F7200
G1 X29.695 Y29.829 E-.0285
G1 X28.79 Y30.708 E-.59927
G1 X26.954 Y30.708 E-.87223
;WIPE_END
G1 X17.412 Y23.931 F9000
G1 E5 F2400
;TYPE:Internal infill
;WIDTH:0.44
G1 F3600
G1 X17.412 Y21.497 E.06568
G1 X21.668 Y17.242 E.1624
G1 X24.614 Y17.242 E.0795
G1 X28.581 Y21.209 E.15139
G1 X28.581 Y17.978 E.08719
G1 X17.412 Y29.146 E.42622
G1 X17.412 Y25.339 E.10273
G1 X21.668 Y29.594 E.1624
G1 X24.614 Y29.594 E.0795
G1 X28.581 Y25.627 E.15139
G1 X28.581 Y28.858 E.08719
G1 X17.412 Y17.689 E.42624
G1 X17.412 Y17.242 E.01206
G1 X19.398 Y17.242 E.05359
G1 E-3.5
;WIPE_START
G1 F7200
G1 X17.412 Y17.242 E-.94335
G1 X17.412 Y17.689 E-.21232
G1 X17.925 Y18.202 E-.34433
;WIPE_END
G1 X33.284 Y16.929 F9000
G1 E5 F2400
;TYPE:Perimeter
;WIDTH:0.439999
G1 F3600
G1 X42.94 Y16.929 E.26057
G1 X42.94 Y24.907 E.21528
G1 X42.571 Y24.907 E.00996
G1 X42.145 Y25.003 E.01178
G1 X41.81 Y25.262 E.01143
G1 X41.623 Y25.602 E.01047
G1 X41.577 Y25.901 E.00816
G1 X41.577 Y29.907 E.1081
G1 X33.712 Y29.907 E.21224
G1 X33.284 Y29.49 E.01612
G1 X33.284 Y16.989 E.33734
G1 X32.878 Y16.524 F9000
G1 F3600
G1 X43.345 Y16.524 E.28245
G1 X43.345 Y25.312 E.23714
G1 X42.571 Y25.312 E.02089
G1 X42.319 Y25.369 E.00697
G1 X42.19 Y25.453 E.00415
G1 X42.039 Y25.65 E.0067
G1 X41.983 Y25.901 E.00694
G1 X41.983 Y30.312 E.11903
G1 X33.548 Y30.312 E.22762
G1 X32.878 Y29.662 E.02519
G1 X32.878 Y16.584 E.35291
G1 X32.482 Y16.128 F9000
;TYPE:External perimeter
;WIDTH:0.419999
G1 F1800
G1 X43.741 Y16.128 E.28884
G1 X43.741 Y25.708 E.24577
G1 X42.571 Y25.708 E.03002
G1 X42.446 Y25.754 E.00342
G1 X42.378 Y25.901 E.00416
G1 X42.378 Y30.708 E.12332
G1 X33.387 Y30.708 E.23066
G1 X32.482 Y29.829 E.03237
G1 X32.482 Y16.188 E.34995
G1 E-3.5 F3600
;WIPE_START
G1 F7200
G1 X32.482 Y16.128 E-.0285
G1 X35.58 Y16.128 E-1.4715
;WIPE_END
G1 X34.532 Y17.242 F9000
G1 E5 F2400
;TYPE:Internal infill
;WIDTH:0.44
G1 F3600
G1 X36.966 Y17.242 E.06568
G1 X33.596 Y20.612 E.12861
G1 X33.596 Y18.575 E.05497
G1 X41.265 Y26.243 E.29265
G1 X41.265 Y28.242 E.05394
G1 X39.912 Y29.594 E.05161
G1 X36.966 Y29.594 E.0795
G1 X33.596 Y26.224 E.12861
G1 X33.596 Y28.261 E.05497
G1 X42.627 Y19.23 E.34464
G1 X42.627 Y19.957 E.01962
G1 X39.912 Y17.242 E.10361
G1 X42.346 Y17.242 E.06568
G1 E-3.5
;WIPE_START
G1 F7200
G1 X39.912 Y17.242 E-1.15615
G1 X40.424 Y17.754 E-.34385
;WIPE_END
G1 X49.237 Y16.929 F9000
G1 E5 F2400
;TYPE:Perimeter
;WIDTH:0.439999
G1 F3600
G1 X58.893 Y16.929 E.26057
G1 X58.893 Y29.49 E.33896
G1 X58.465 Y29.907 E.01612
G1 X50.6 Y29.907 E.21224
G1 X50.6 Y25.901 E.1081
G1 X50.554 Y25.602 E.00816
G1 X50.367 Y25.262 E.01047
G1 X50.032 Y25.003 E.01143
G1 X49.606 Y24.907 E.01178
G1 X49.237 Y24.907 E.00996
G1 X49.237 Y16.989 E.21367
G1 X48.831 Y16.524 F9000
G1 F3600
G1 X59.299 Y16.524 E.28248
G1 X59.299 Y29.662 E.35453
G1 X58.629 Y30.312 E.02519
G1 X50.194 Y30.312 E.22762
G1 X50.194 Y25.901 E.11903
G1 X50.167 Y25.724 E.00483
G1 X50.056 Y25.522 E.00622
G1 X49.858 Y25.369 E.00675
G1 X49.606 Y25.312 E.00697
G1 X48.831 Y25.312 E.02091
G1 X48.831 Y16.584 E.23552
G1 X48.436 Y16.128 F9000
;TYPE:External perimeter
;WIDTH:0.419999
G1 F1800
G1 X59.695 Y16.128 E.28884
G1 X59.695 Y29.829 E.35149
G1 X58.79 Y30.708 E.03237
G1 X49.798 Y30.708 E.23068
G1 X49.798 Y25.901 E.12332
G1 X49.753 Y25.777 E.00338
G1 X49.606 Y25.708 E.00417
G1 X48.436 Y25.708 E.03002
G1 X48.436 Y16.188 E.24423
G1 X49.831 Y17.242 F9000
;TYPE:Internal infill
;WIDTH:0.44
G1 F3600
G1 X52.265 Y17.242 E.06568
G1 X49.549 Y19.957 E.10363
G1 X49.549 Y19.23 E.01962
G1 X58.581 Y28.261 E.34466
G1 X58.581 Y26.224 E.05497
G1 X55.211 Y29.594 E.12861
G1 X52.265 Y29.594 E.0795
G1 X50.912 Y28.242 E.05161
G1 X50.912 Y26.243 E.05394
G1 X58.581 Y18.575 E.29265
G1 X58.581 Y20.612 E.05497
G1 X55.211 Y17.242 E.12861
G1 X57.645 Y17.242 E.06568
G1 E-3.5
;WIPE_START
G1 F7200
G1 X55.211 Y17.242 E-1.15615
G1 X55.723 Y17.754 E-.34385
;WIPE_END
G1 X63.284 Y16.929 F9000
G1 E5 F2400
;TYPE:Perimeter
;WIDTH:0.439999
G1 F3600
G1 X75.077 Y16.929 E.31823
G1 X75.077 Y29.907 E.35021
G1 X63.712 Y29.907 E.30668
G1 X63.284 Y29.49 E.01612
G1 X63.284 Y16.989 E.33734
G1 X62.878 Y16.524 F9000
G1 F3600
G1 X75.483 Y16.524 E.34014
G1 X75.483 Y30.312 E.37207
G1 X63.548 Y30.312 E.32206
G1 X62.878 Y29.662 E.02519
G1 X62.878 Y16.584 E.35291
G1 X62.482 Y16.128 F9000
;TYPE:External perimeter
;WIDTH:0.419999
G1 F1800
G1 X75.878 Y16.128 E.34367
G1 X75.878 Y30.708 E.37404
G1 X63.387 Y30.708 E.32045
G1 X62.482 Y29.829 E.03237
G1 X62.482 Y16.188 E.34995
G1 E-3.5 F3600
;WIPE_START
G1 F7200
G1 X62.482 Y16.128 E-.0285
G1 X65.58 Y16.128 E-1.4715
;WIPE_END
G1 X74.765 Y22.905 F9000
G1 E5 F2400
;TYPE:Internal infill
;WIDTH:0.44
G1 F3600
G1 X74.765 Y25.339 E.06568
G1 X70.509 Y29.594 E.1624
G1 X67.563 Y29.594 E.0795
G1 X63.596 Y25.627 E.15139
G1 X63.596 Y28.858 E.08719
G1 X74.765 Y17.689 E.42624
G1 X74.765 Y21.497 E.10276
G1 X70.509 Y17.242 E.1624
G1 X67.563 Y17.242 E.0795
G1 X63.596 Y21.209 E.15139
G1 X63.596 Y17.978 E.08719
G1 X74.765 Y29.146 E.42622
G1 X74.765 Y29.594 E.01209
G1 X72.779 Y29.594 E.05359
;LAYER_CHANGE
;Z:5.64
;HEIGHT:0.16
;BEFORE_LAYER_CHANGE
G92 E0
;5.64


G1 E-3.5 F3600
;WIPE_START
G1 F7200
G1 X74.765 Y29.594 E-.94335
G1 X74.765 Y29.146 E-.2128
G1 X74.253 Y28.634 E-.34385
;WIPE_END
G1 Z5.64 F9000
;AFTER_LAYER_CHANGE
;5.64
G1 X28.96 Y29.471
G1 E5 F2400
;TYPE:Perimeter
;WIDTH:0.439999
G1 F3600
G1 X28.96 Y29.481 E.00027
G1 X28.508 Y29.907 E.01676
G1 X17.1 Y29.907 E.30784
G1 X17.1 Y16.929 E.35021
G1 X28.96 Y16.929 E.32004
G1 X28.96 Y29.411 E.33682
G1 X29.366 Y29.581 F9000
G1 F3600
G1 X29.366 Y29.656 E.00202
G1 X28.669 Y30.312 E.02583
G1 X16.694 Y30.312 E.32314
G1 X16.694 Y16.524 E.37207
G1 X29.366 Y16.524 E.34195
G1 X29.366 Y29.521 E.35072
G1 X29.707 Y29.878 F9000
;TYPE:External perimeter
;WIDTH:0.419999
G1 F1800
G1 X28.826 Y30.708 E.03105
G1 X16.298 Y30.708 E.3214
G1 X16.298 Y16.128 E.37404
G1 X29.761 Y16.128 E.34539
G1 X29.761 Y29.827 E.35144
G1 X29.751 Y29.837 E.00036
G1 E-3.5 F3600
;WIPE_START
G1 F7200
G1 X29.707 Y29.878 E-.02857
G1 X28.826 Y30.708 E-.57494
G1 X26.939 Y30.708 E-.89649
;WIPE_END
G1 X17.412 Y23.931 F9000
G1 E5 F2400
;TYPE:Internal infill
;WIDTH:0.44
G1 F3600
G1 X17.412 Y21.497 E.06568
G1 X21.668 Y17.242 E.1624
G1 X24.614 Y17.242 E.0795
G1 X28.648 Y21.276 E.15395
G1 X28.648 Y17.911 E.0908
G1 X17.412 Y29.146 E.42877
G1 X17.412 Y25.339 E.10273
G1 X21.668 Y29.594 E.1624
G1 X24.614 Y29.594 E.0795
G1 X28.648 Y25.56 E.15395
G1 X28.648 Y28.925 E.0908
G1 X17.412 Y17.689 E.42879
G1 X17.412 Y17.242 E.01206
G1 X19.398 Y17.242 E.05359
G1 E-3.5
;WIPE_START
G1 F7200
G1 X17.412 Y17.242 E-.94335
G1 X17.412 Y17.689 E-.21232
G1 X17.925 Y18.202 E-.34433
;WIPE_END
G1 X33.217 Y16.929 F9000
G1 E5 F2400
;TYPE:Perimeter
;WIDTH:0.439999
G1 F3600
G1 X42.976 Y16.929 E.26334
G1 X42.976 Y24.907 E.21528
G1 X42.571 Y24.907 E.01093
G1 X42.149 Y25.001 E.01167
G1 X41.814 Y25.257 E.01138
G1 X41.625 Y25.596 E.01047
G1 X41.577 Y25.901 E.00833
G1 X41.577 Y29.907 E.1081
G1 X33.669 Y29.907 E.2134
G1 X33.217 Y29.481 E.01676
G1 X33.217 Y16.989 E.33709
G1 X32.811 Y16.524 F9000
G1 F3600
G1 X43.382 Y16.524 E.28526
G1 X43.382 Y25.312 E.23714
G1 X42.571 Y25.312 E.02188
G1 X42.321 Y25.368 E.00691
G1 X42.193 Y25.45 E.0041
G1 X42.041 Y25.646 E.00669
G1 X41.983 Y25.901 E.00706
G1 X41.983 Y30.312 E.11903
G1 X33.508 Y30.312 E.2287
G1 X32.811 Y29.656 E.02583
G1 X32.811 Y16.584 E.35275
G1 X32.416 Y16.128 F9000
;TYPE:External perimeter
;WIDTH:0.419999
G1 F1800
G1 X43.777 Y16.128 E.29146
G1 X43.777 Y25.708 E.24577
G1 X42.571 Y25.708 E.03094
G1 X42.447 Y25.753 E.00338
G1 X42.378 Y25.901 E.00419
G1 X42.378 Y30.708 E.12332
G1 X33.351 Y30.708 E.23158
G1 X32.416 Y29.827 E.03296
G1 X32.416 Y16.188 E.3499
G1 E-3.5 F3600
;WIPE_START
G1 F7200
G1 X32.416 Y16.128 E-.0285
G1 X35.514 Y16.128 E-1.4715
;WIPE_END
G1 X34.532 Y17.242 F9000
G1 E5 F2400
;TYPE:Internal infill
;WIDTH:0.44
G1 F3600
G1 X36.966 Y17.242 E.06568
G1 X33.529 Y20.679 E.13116
G1 X33.529 Y18.508 E.05858
G1 X41.265 Y26.243 E.2952
G1 X41.265 Y28.242 E.05394
G1 X39.912 Y29.594 E.05161
G1 X36.966 Y29.594 E.0795
G1 X33.529 Y26.157 E.13116
G1 X33.529 Y28.328 E.05858
G1 X42.664 Y19.193 E.34861
G1 X42.664 Y19.993 E.02159
G1 X39.912 Y17.242 E.105
G1 X42.346 Y17.242 E.06568
G1 E-3.5
;WIPE_START
G1 F7200
G1 X39.912 Y17.242 E-1.15615
G1 X40.424 Y17.754 E-.34385
;WIPE_END
G1 X49.201 Y16.929 F9000
G1 E5 F2400
;TYPE:Perimeter
;WIDTH:0.439999
G1 F3600
G1 X58.96 Y16.929 E.26334
G1 X58.96 Y29.481 E.33871
G1 X58.508 Y29.907 E.01676
G1 X50.6 Y29.907 E.2134
G1 X50.6 Y25.901 E.1081
G1 X50.552 Y25.596 E.00833
G1 X50.363 Y25.257 E.01047
G1 X50.028 Y25.001 E.01138
G1 X49.606 Y24.907 E.01167
G1 X49.201 Y24.907 E.01093
G1 X49.201 Y16.989 E.21367
G1 X48.795 Y16.524 F9000
G1 F3600
G1 X59.366 Y16.524 E.28526
G1 X59.366 Y29.656 E.35436
G1 X58.669 Y30.312 E.02583
G1 X50.194 Y30.312 E.2287
G1 X50.194 Y25.901 E.11903
G1 X50.166 Y25.72 E.00494
G1 X50.054 Y25.52 E.00619
G1 X49.855 Y25.368 E.00676
G1 X49.606 Y25.312 E.00689
G1 X48.795 Y25.312 E.02188
G1 X48.795 Y16.584 E.23552
G1 X48.4 Y16.128 F9000
;TYPE:External perimeter
;WIDTH:0.419999
G1 F1800
G1 X59.761 Y16.128 E.29146
G1 X59.761 Y29.827 E.35144
G1 X58.826 Y30.708 E.03296
G1 X49.798 Y30.708 E.23161
G1 X49.798 Y25.901 E.12332
G1 X49.752 Y25.776 E.00342
G1 X49.606 Y25.708 E.00413
G1 X48.4 Y25.708 E.03094
G1 X48.4 Y16.188 E.24423
G1 X49.831 Y17.242 F9000
;TYPE:Internal infill
;WIDTH:0.44
G1 F3600
G1 X52.265 Y17.242 E.06568
G1 X49.513 Y19.993 E.105
G1 X49.513 Y19.193 E.02159
G1 X58.648 Y28.328 E.34861
G1 X58.648 Y26.157 E.05858
G1 X55.211 Y29.594 E.13116
G1 X52.265 Y29.594 E.0795
G1 X50.912 Y28.242 E.05161
G1 X50.912 Y26.243 E.05394
G1 X58.648 Y18.508 E.2952
G1 X58.648 Y20.679 E.05858
G1 X55.211 Y17.242 E.13116
G1 X57.645 Y17.242 E.06568
G1 E-3.5
;WIPE_START
G1 F7200
G1 X55.211 Y17.242 E-1.15615
G1 X55.723 Y17.754 E-.34385
;WIPE_END
G1 X63.217 Y16.929 F9000
G1 E5 F2400
;TYPE:Perimeter
;WIDTH:0.439999
G1 F3600
G1 X75.077 Y16.929 E.32004
G1 X75.077 Y29.907 E.35021
G1 X63.669 Y29.907 E.30784
G1 X63.217 Y29.481 E.01676
G1 X63.217 Y16.989 E.33709
G1 X62.811 Y16.524 F9000
G1 F3600
G1 X75.483 Y16.524 E.34195
G1 X75.483 Y30.312 E.37207
G1 X63.508 Y30.312 E.32314
G1 X62.811 Y29.656 E.02583
G1 X62.811 Y16.584 E.35275
G1 X62.416 Y16.128 F9000
;TYPE:External perimeter
;WIDTH:0.419999
G1 F1800
G1 X75.878 Y16.128 E.34536
G1 X75.878 Y30.708 E.37404
G1 X63.351 Y30.708 E.32137
G1 X62.416 Y29.827 E.03296
G1 X62.416 Y16.188 E.3499
G1 E-3.5 F3600
;WIPE_START
G1 F7200
G1 X62.416 Y16.128 E-.0285
G1 X65.514 Y16.128 E-1.4715
;WIPE_END
G1 X74.765 Y22.905 F9000
G1 E5 F2400
;TYPE:Internal infill
;WIDTH:0.44
G1 F3600
G1 X74.765 Y25.339 E.06568
G1 X70.509 Y29.594 E.1624
G1 X67.563 Y29.594 E.0795
G1 X63.529 Y25.56 E.15395
G1 X63.529 Y28.925 E.0908
G1 X74.765 Y17.689 E.42879
G1 X74.765 Y21.497 E.10276
G1 X70.509 Y17.242 E.1624
G1 X67.563 Y17.242 E.0795
G1 X63.529 Y21.276 E.15395
G1 X63.529 Y17.911 E.0908
G1 X74.765 Y29.146 E.42877
G1 X74.765 Y29.594 E.01209
G1 X72.779 Y29.594 E.05359
;LAYER_CHANGE
;Z:5.8
;HEIGHT:0.16
;BEFORE_LAYER_CHANGE
G92 E0
;5.8


G1 E-3.5 F3600
;WIPE_START
G1 F7200
G1 X74.765 Y29.594 E-.94335
G1 X74.765 Y29.146 E-.2128
G1 X74.253 Y28.634 E-.34385
;WIPE_END
G1 Z5.8 F9000
;AFTER_LAYER_CHANGE
;5.8
G1 X29.056 Y29.446
G1 E5 F2400
;TYPE:Perimeter
;WIDTH:0.439999
G1 F3600
G1 X29.056 Y29.455 E.00024
G1 X28.56 Y29.907 E.01811
G1 X17.1 Y29.907 E.30925
G1 X17.1 Y16.929 E.35021
G1 X29.056 Y16.929 E.32263
G1 X29.056 Y29.386 E.33615
G1 X29.461 Y29.588 F9000
G1 F3600
G1 X29.461 Y29.641 E.00143
G1 X28.72 Y30.312 E.02698
G1 X16.694 Y30.312 E.32452
G1 X16.694 Y16.524 E.37207
G1 X29.461 Y16.524 E.34452
G1 X29.461 Y29.528 E.35091
G1 X29.777 Y29.894 F9000
;TYPE:External perimeter
;WIDTH:0.419999
G1 F1800
G1 X28.875 Y30.708 E.03117
G1 X16.298 Y30.708 E.32266
G1 X16.298 Y16.128 E.37404
G1 X29.857 Y16.128 E.34785
G1 X29.857 Y29.822 E.35131
G1 X29.822 Y29.853 E.0012
G1 E-3.5 F3600
;WIPE_START
G1 F7200
G1 X29.777 Y29.894 E-.02892
G1 X28.875 Y30.708 E-.57712
G1 X26.993 Y30.708 E-.89396
;WIPE_END
G1 X17.412 Y23.931 F9000
G1 E5 F2400
;TYPE:Internal infill
;WIDTH:0.44
G1 F3600
G1 X17.412 Y21.497 E.06568
G1 X21.668 Y17.242 E.1624
G1 X24.614 Y17.242 E.0795
G1 X28.743 Y21.371 E.15757
G1 X28.743 Y17.815 E.09596
G1 X17.412 Y29.146 E.43242
G1 X17.412 Y25.339 E.10273
G1 X21.668 Y29.594 E.1624
G1 X24.614 Y29.594 E.0795
G1 X28.743 Y25.464 E.15759
G1 X28.743 Y29.021 E.09599
G1 X17.412 Y17.689 E.43244
G1 X17.412 Y17.242 E.01206
G1 X19.398 Y17.242 E.05359
G1 E-3.5
;WIPE_START
G1 F7200
G1 X17.412 Y17.242 E-.94335
G1 X17.412 Y17.689 E-.21232
G1 X17.925 Y18.202 E-.34433
;WIPE_END
G1 X33.121 Y16.929 F9000
G1 E5 F2400
;TYPE:Perimeter
;WIDTH:0.439999
G1 F3600
G1 X43.025 Y16.929 E.26726
G1 X43.025 Y24.907 E.21528
G1 X42.571 Y24.907 E.01225
G1 X42.155 Y24.998 E.01149
G1 X41.819 Y25.251 E.01135
G1 X41.628 Y25.587 E.01043
G1 X41.577 Y25.901 E.00858
G1 X41.577 Y29.907 E.1081
G1 X33.608 Y29.907 E.21504
G1 X33.121 Y29.468 E.01769
G1 X33.121 Y16.989 E.33674
G1 X32.715 Y16.524 F9000
G1 F3600
G1 X43.431 Y16.524 E.28917
G1 X43.431 Y25.312 E.23714
G1 X42.571 Y25.312 E.02321
G1 X42.325 Y25.366 E.0068
G1 X42.196 Y25.447 E.00411
G1 X42.043 Y25.642 E.00669
G1 X41.983 Y25.901 E.00717
G1 X41.983 Y30.312 E.11903
G1 X33.452 Y30.312 E.23021
G1 X32.715 Y29.648 E.02677
G1 X32.715 Y16.584 E.35253
G1 X32.32 Y16.128 F9000
;TYPE:External perimeter
;WIDTH:0.419999
G1 F1800
G1 X43.827 Y16.128 E.29521
G1 X43.827 Y25.708 E.24577
G1 X42.571 Y25.708 E.03222
G1 X42.448 Y25.752 E.00335
G1 X42.378 Y25.901 E.00422
G1 X42.378 Y30.708 E.12332
G1 X33.3 Y30.708 E.23289
G1 X32.32 Y29.824 E.03386
G1 X32.32 Y16.188 E.34982
G1 E-3.5 F3600
;WIPE_START
G1 F7200
G1 X32.32 Y16.128 E-.0285
G1 X35.418 Y16.128 E-1.4715
;WIPE_END
G1 X34.532 Y17.242 F9000
G1 E5 F2400
;TYPE:Internal infill
;WIDTH:0.44
G1 F3600
G1 X36.966 Y17.242 E.06568
G1 X33.433 Y20.774 E.13481
G1 X33.433 Y18.412 E.06374
G1 X41.265 Y26.243 E.29887
G1 X41.265 Y28.242 E.05394
G1 X39.912 Y29.594 E.05161
G1 X36.966 Y29.594 E.0795
G1 X33.433 Y26.062 E.13481
G1 X33.433 Y28.424 E.06374
G1 X42.713 Y19.144 E.35415
G1 X42.713 Y20.042 E.02423
G1 X39.912 Y17.242 E.10687
G1 X42.346 Y17.242 E.06568
G1 E-3.5
;WIPE_START
G1 F7200
G1 X39.912 Y17.242 E-1.15615
G1 X40.424 Y17.754 E-.34385
;WIPE_END
G1 X49.152 Y16.929 F9000
G1 E5 F2400
;TYPE:Perimeter
;WIDTH:0.439999
G1 F3600
G1 X59.056 Y16.929 E.26726
G1 X59.056 Y29.455 E.33801
G1 X58.56 Y29.907 E.01811
G1 X50.6 Y29.907 E.2148
G1 X50.6 Y25.901 E.1081
G1 X50.549 Y25.587 E.00858
G1 X50.358 Y25.251 E.01043
G1 X50.022 Y24.998 E.01135
G1 X49.606 Y24.907 E.01149
G1 X49.152 Y24.907 E.01225
G1 X49.152 Y16.989 E.21367
G1 X48.746 Y16.524 F9000
G1 F3600
G1 X59.461 Y16.524 E.28914
G1 X59.461 Y29.641 E.35396
G1 X58.72 Y30.312 E.02698
G1 X50.194 Y30.312 E.23007
G1 X50.194 Y25.901 E.11903
G1 X50.164 Y25.715 E.00508
G1 X50.051 Y25.516 E.00618
G1 X49.852 Y25.366 E.00672
G1 X49.606 Y25.312 E.0068
G1 X48.746 Y25.312 E.02321
G1 X48.746 Y16.584 E.23552
G1 X48.35 Y16.128 F9000
;TYPE:External perimeter
;WIDTH:0.419999
G1 F1800
G1 X59.857 Y16.128 E.29521
G1 X59.857 Y29.822 E.35131
G1 X58.875 Y30.708 E.03393
G1 X49.798 Y30.708 E.23287
G1 X49.798 Y25.901 E.12332
G1 X49.751 Y25.775 E.00345
G1 X49.606 Y25.708 E.0041
G1 X48.35 Y25.708 E.03222
G1 X48.35 Y16.188 E.24423
G1 X49.831 Y17.242 F9000
;TYPE:Internal infill
;WIDTH:0.44
G1 F3600
G1 X52.265 Y17.242 E.06568
G1 X49.464 Y20.042 E.10687
G1 X49.464 Y19.144 E.02423
G1 X58.743 Y28.424 E.35413
G1 X58.743 Y26.062 E.06374
G1 X55.211 Y29.594 E.13479
G1 X52.265 Y29.594 E.0795
G1 X50.912 Y28.242 E.05161
G1 X50.912 Y26.243 E.05394
G1 X58.743 Y18.412 E.29885
G1 X58.743 Y20.774 E.06374
G1 X55.211 Y17.242 E.13479
G1 X57.645 Y17.242 E.06568
G1 E-3.5
;WIPE_START
G1 F7200
G1 X55.211 Y17.242 E-1.15615
G1 X55.723 Y17.754 E-.34385
;WIPE_END
G1 X63.121 Y16.929 F9000
G1 E5 F2400
;TYPE:Perimeter
;WIDTH:0.439999
G1 F3600
G1 X75.077 Y16.929 E.32263
G1 X75.077 Y29.907 E.35021
G1 X63.608 Y29.907 E.30949
G1 X63.121 Y29.468 E.01769
G1 X63.121 Y16.989 E.33674
G1 X62.715 Y16.524 F9000
G1 F3600
G1 X75.483 Y16.524 E.34454
G1 X75.483 Y30.312 E.37207
G1 X63.452 Y30.312 E.32465
G1 X62.715 Y29.648 E.02677
G1 X62.715 Y16.584 E.35253
G1 X62.32 Y16.128 F9000
;TYPE:External perimeter
;WIDTH:0.419999
G1 F1800
G1 X75.878 Y16.128 E.34782
G1 X75.878 Y30.708 E.37404
G1 X63.3 Y30.708 E.32268
G1 X62.32 Y29.824 E.03386
G1 X62.32 Y16.188 E.34982
G1 E-3.5 F3600
;WIPE_START
G1 F7200
G1 X62.32 Y16.128 E-.0285
G1 X65.418 Y16.128 E-1.4715
;WIPE_END
G1 X74.765 Y22.905 F9000
G1 E5 F2400
;TYPE:Internal infill
;WIDTH:0.44
G1 F3600
G1 X74.765 Y25.339 E.06568
G1 X70.509 Y29.594 E.1624
G1 X67.563 Y29.594 E.0795
G1 X63.433 Y25.464 E.15761
G1 X63.433 Y29.021 E.09599
G1 X74.765 Y17.689 E.43246
G1 X74.765 Y21.497 E.10276
G1 X70.509 Y17.242 E.1624
G1 X67.563 Y17.242 E.0795
G1 X63.433 Y21.371 E.15759
G1 X63.433 Y17.815 E.09596
G1 X74.765 Y29.146 E.43244
G1 X74.765 Y29.594 E.01209
G1 X72.779 Y29.594 E.05359
;LAYER_CHANGE
;Z:5.96
;HEIGHT:0.16
;BEFORE_LAYER_CHANGE
G92 E0
;5.96


G1 E-3.5 F3600
;WIPE_START
G1 F7200
G1 X74.765 Y29.594 E-.94335
G1 X74.765 Y29.146 E-.2128
G1 X74.253 Y28.634 E-.34385
;WIPE_END
G1 Z5.96 F9000
;AFTER_LAYER_CHANGE
;5.96
G1 X29.19 Y29.41
G1 E5 F2400
;TYPE:Perimeter
;WIDTH:0.439999
G1 F3600
G1 X29.19 Y29.429 E.00051
G1 X28.632 Y29.907 E.01983
G1 X17.1 Y29.907 E.31119
G1 X17.1 Y16.929 E.35021
G1 X29.19 Y16.929 E.32625
G1 X29.19 Y29.35 E.33518
G1 X29.595 Y29.513 F9000
G1 F3600
G1 X29.595 Y29.625 E.00302
G1 X29.246 Y29.903 E.01204
G1 X28.787 Y30.312 E.01659
G1 X16.694 Y30.312 E.32633
G1 X16.694 Y16.524 E.37207
G1 X29.595 Y16.524 E.34813
G1 X29.595 Y29.453 E.34889
G1 X29.958 Y29.843 F9000
;TYPE:External perimeter
;WIDTH:0.419999
G1 F1800
G1 X29.509 Y30.198 E.01468
G1 X28.938 Y30.708 E.01964
G1 X16.298 Y30.708 E.32427
G1 X16.298 Y16.128 E.37404
G1 X29.991 Y16.128 E.35129
G1 X29.991 Y29.799 E.35072
G1 X28.868 Y29.276 F9000
;TYPE:Solid infill
;WIDTH:0.458854
G1 F3600
G1 X28.868 Y17.251 E.33957
G1 E-3.5
;WIPE_START
G1 F7200
G1 X28.868 Y20.409 E-1.5
;WIPE_END
G1 X19.398 Y17.242 F9000
G1 E5 F2400
;TYPE:Internal infill
;WIDTH:0.44
G1 F3600
G1 X17.412 Y17.242 E.05359
G1 X17.412 Y17.689 E.01206
G1 X28.453 Y28.73 E.42135
G1 X28.453 Y25.755 E.08028
G1 X24.614 Y29.594 E.14651
G1 X21.668 Y29.594 E.0795
G1 X17.412 Y25.339 E.1624
G1 X17.412 Y29.146 E.10273
G1 X28.453 Y18.106 E.42133
G1 X28.453 Y21.081 E.08028
G1 X24.614 Y17.242 E.14651
G1 X21.668 Y17.242 E.0795
G1 X17.412 Y21.497 E.1624
G1 X17.412 Y23.931 E.06568
G1 E-3.5
;WIPE_START
G1 F7200
G1 X17.412 Y21.497 E-1.15615
G1 X17.924 Y20.985 E-.34385
;WIPE_END
G1 X32.987 Y29.41 F9000
G1 E5 F2400
;TYPE:Perimeter
;WIDTH:0.439999
G1 F3600
G1 X32.987 Y16.929 E.3368
G1 X43.089 Y16.929 E.2726
G1 X43.089 Y24.907 E.21528
G1 X42.571 Y24.907 E.01398
G1 X42.165 Y24.993 E.0112
G1 X41.828 Y25.24 E.01127
G1 X41.63 Y25.58 E.01062
G1 X41.577 Y25.901 E.00878
G1 X41.577 Y29.907 E.1081
G1 X33.541 Y29.907 E.21685
G1 X33.023 Y29.453 E.01859
G1 X32.581 Y29.554 F9000
G1 F3600
G1 X32.581 Y16.524 E.35161
G1 X43.494 Y16.524 E.29449
G1 X43.494 Y25.312 E.23714
G1 X42.571 Y25.312 E.02491
G1 X42.331 Y25.364 E.00663
G1 X42.202 Y25.442 E.00407
G1 X42.044 Y25.639 E.00681
G1 X41.983 Y25.901 E.00726
G1 X41.983 Y30.312 E.11903
G1 X33.388 Y30.312 E.23193
G1 X32.581 Y29.621 E.02867
G1 X32.581 Y29.614 E.00019
G1 X32.259 Y29.877 F9000
;TYPE:External perimeter
;WIDTH:0.419999
G1 F1800
G1 X32.186 Y29.815 E.00246
G1 X32.186 Y16.128 E.35113
G1 X43.89 Y16.128 E.30026
G1 X43.89 Y25.708 E.24577
G1 X42.571 Y25.708 E.03384
G1 X42.45 Y25.75 E.00329
G1 X42.378 Y25.901 E.00429
G1 X42.378 Y30.708 E.12332
G1 X33.238 Y30.708 E.23448
G1 X32.305 Y29.916 E.0314
G1 X33.309 Y29.272 F9000
;TYPE:Solid infill
;WIDTH:0.458852
G1 F3600
G1 X33.309 Y17.251 E.33946
G1 X34.532 Y17.242 F9000
;TYPE:Internal infill
;WIDTH:0.44
G1 F3600
G1 X36.966 Y17.242 E.06568
G1 X33.724 Y20.484 E.12372
G1 X33.724 Y18.703 E.04806
G1 X41.265 Y26.243 E.28776
G1 X41.265 Y28.242 E.05394
G1 X39.912 Y29.594 E.05161
G1 X36.966 Y29.594 E.0795
G1 X33.724 Y26.352 E.12372
G1 X33.724 Y28.133 E.04806
G1 X42.776 Y19.081 E.34545
G1 X42.776 Y20.106 E.02766
G1 X39.912 Y17.242 E.1093
G1 X42.346 Y17.242 E.06568
G1 E-3.5
;WIPE_START
G1 F7200
G1 X39.912 Y17.242 E-1.15615
G1 X40.424 Y17.754 E-.34385
;WIPE_END
G1 X49.088 Y16.929 F9000
G1 E5 F2400
;TYPE:Perimeter
;WIDTH:0.439999
G1 F3600
G1 X59.19 Y16.929 E.2726
G1 X59.19 Y29.429 E.33731
G1 X58.632 Y29.907 E.01983
G1 X50.6 Y29.907 E.21674
G1 X50.6 Y25.901 E.1081
G1 X50.547 Y25.58 E.00878
G1 X50.357 Y25.25 E.01028
G1 X50.012 Y24.993 E.01161
G1 X49.606 Y24.907 E.0112
G1 X49.088 Y24.907 E.01398
G1 X49.088 Y16.989 E.21367
G1 X48.682 Y16.524 F9000
G1 F3600
G1 X59.595 Y16.524 E.29449
G1 X59.595 Y29.625 E.35353
G1 X59.246 Y29.903 E.01204
G1 X58.787 Y30.312 E.01659
G1 X50.194 Y30.312 E.23188
G1 X50.194 Y25.81 E.12149
G1 X50.051 Y25.516 E.00882
G1 X49.846 Y25.364 E.00689
G1 X49.606 Y25.312 E.00663
G1 X48.682 Y25.312 E.02493
G1 X48.682 Y16.584 E.23552
G1 X48.287 Y16.128 F9000
;TYPE:External perimeter
;WIDTH:0.419999
G1 F1800
G1 X59.991 Y16.128 E.30026
G1 X59.991 Y29.816 E.35116
G1 X59.509 Y30.198 E.01578
G1 X58.938 Y30.708 E.01964
G1 X49.798 Y30.708 E.23448
G1 X49.798 Y25.901 E.12332
G1 X49.751 Y25.775 E.00345
G1 X49.606 Y25.708 E.0041
G1 X48.287 Y25.708 E.03384
G1 X48.287 Y16.188 E.24423
G1 X49.831 Y17.242 F9000
;TYPE:Internal infill
;WIDTH:0.44
G1 F3600
G1 X52.265 Y17.242 E.06568
G1 X49.4 Y20.106 E.10932
G1 X49.4 Y19.081 E.02766
G1 X58.453 Y28.133 E.34546
G1 X58.453 Y26.352 E.04806
G1 X55.211 Y29.594 E.12372
G1 X52.265 Y29.594 E.0795
G1 X50.912 Y28.242 E.05161
G1 X50.912 Y26.243 E.05394
G1 X58.453 Y18.703 E.28776
G1 X58.453 Y20.484 E.04806
G1 X55.211 Y17.242 E.12372
G1 X57.645 Y17.242 E.06568
G1 E-3.5
;WIPE_START
G1 F7200
G1 X55.211 Y17.242 E-1.15615
G1 X55.723 Y17.754 E-.34385
;WIPE_END
G1 X58.868 Y29.276 F9000
G1 E5 F2400
;TYPE:Solid infill
;WIDTH:0.458852
G1 F3600
G1 X58.868 Y17.251 E.33957
G1 E-3.5
;WIPE_START
G1 F7200
G1 X58.868 Y20.409 E-1.5
;WIPE_END
G1 X62.987 Y16.929 F9000
G1 E5 F2400
;TYPE:Perimeter
;WIDTH:0.439999
G1 F3600
G1 X75.077 Y16.929 E.32625
G1 X75.077 Y29.907 E.35021
G1 X63.541 Y29.907 E.3113
G1 X62.987 Y29.422 E.01987
G1 X62.987 Y16.989 E.3355
G1 X62.581 Y16.524 F9000
G1 F3600
G1 X75.483 Y16.524 E.34816
G1 X75.483 Y30.312 E.37207
G1 X63.388 Y30.312 E.32638
G1 X62.581 Y29.621 E.02867
G1 X62.581 Y16.584 E.3518
G1 X62.186 Y16.128 F9000
;TYPE:External perimeter
;WIDTH:0.419999
G1 F1800
G1 X75.878 Y16.128 E.35126
G1 X75.878 Y30.708 E.37404
G1 X63.238 Y30.708 E.32427
G1 X62.186 Y29.815 E.0354
G1 X62.186 Y16.188 E.34959
G1 E-3.5 F3600
;WIPE_START
G1 F7200
G1 X62.186 Y16.128 E-.0285
G1 X65.284 Y16.128 E-1.4715
;WIPE_END
G1 X63.309 Y29.272 F9000
G1 E5 F2400
;TYPE:Solid infill
;WIDTH:0.458854
G1 F3600
G1 X63.309 Y17.251 E.33946
G1 E-3.5
;WIPE_START
G1 F7200
G1 X63.309 Y20.409 E-1.5
;WIPE_END
G1 X74.765 Y22.905 F9000
G1 E5 F2400
;TYPE:Internal infill
;WIDTH:0.44
G1 F3600
G1 X74.765 Y25.339 E.06568
G1 X70.509 Y29.594 E.1624
G1 X67.563 Y29.594 E.0795
G1 X63.724 Y25.755 E.14651
G1 X63.724 Y28.73 E.08028
G1 X74.765 Y17.689 E.42135
G1 X74.765 Y21.497 E.10276
G1 X70.509 Y17.242 E.1624
G1 X67.563 Y17.242 E.0795
G1 X63.724 Y21.081 E.14651
G1 X63.724 Y18.106 E.08028
G1 X74.765 Y29.146 E.42133
G1 X74.765 Y29.594 E.01209
G1 X72.779 Y29.594 E.05359
;LAYER_CHANGE
;Z:6.12
;HEIGHT:0.16
;BEFORE_LAYER_CHANGE
G92 E0
;6.12


G1 E-3.5 F3600
;WIPE_START
G1 F7200
G1 X74.765 Y29.594 E-.94335
G1 X74.765 Y29.146 E-.2128
G1 X74.253 Y28.634 E-.34385
;WIPE_END
G1 Z6.12 F9000
;AFTER_LAYER_CHANGE
;6.12
G1 X29.384 Y29.35
G1 E5 F2400
;TYPE:Perimeter
;WIDTH:0.439999
G1 F3600
G1 X29.384 Y29.389 E.00105
G1 X29.137 Y29.561 E.00812
G1 X28.723 Y29.907 E.01456
G1 X17.1 Y29.907 E.31364
G1 X17.1 Y16.929 E.35021
G1 X29.384 Y16.929 E.33148
G1 X29.384 Y29.29 E.33356
G1 X29.79 Y29.451 F9000
G1 F3600
G1 X29.79 Y29.601 E.00405
G1 X29.324 Y29.928 E.01536
G1 X28.871 Y30.312 E.01603
G1 X16.694 Y30.312 E.32859
G1 X16.694 Y16.524 E.37207
G1 X29.79 Y16.524 E.35339
G1 X29.79 Y29.391 E.34721
G1 X30.179 Y29.812 F9000
;TYPE:External perimeter
;WIDTH:0.419999
G1 F1800
G1 X29.58 Y30.23 E.01874
G1 X29.017 Y30.708 E.01895
G1 X16.298 Y30.708 E.3263
G1 X16.298 Y16.128 E.37404
G1 X30.185 Y16.128 E.35626
G1 X30.185 Y29.756 E.34962
G1 E-3.5 F3600
;WIPE_START
G1 F7200
G1 X30.179 Y29.812 E-.02675
G1 X29.58 Y30.23 E-.34695
G1 X29.017 Y30.708 E-.35081
G1 X27.384 Y30.708 E-.77549
;WIPE_END
G1 X28.987 Y17.327 F9000
G1 E5 F2400
;TYPE:Solid infill
;WIDTH:0.610512
G1 F3600
G1 X28.987 Y29.188 E.4546
G1 E-3.5
;WIPE_START
G1 F7200
G1 X28.987 Y26.03 E-1.5
;WIPE_END
G1 X17.412 Y23.931 F9000
G1 E5 F2400
;TYPE:Internal infill
;WIDTH:0.44
G1 F3600
G1 X17.412 Y21.497 E.06568
G1 X21.668 Y17.242 E.1624
G1 X24.614 Y17.242 E.0795
G1 X28.496 Y21.124 E.14815
G1 X28.496 Y18.063 E.0826
G1 X17.412 Y29.146 E.42297
G1 X17.412 Y25.339 E.10273
G1 X21.668 Y29.594 E.1624
G1 X24.614 Y29.594 E.0795
G1 X28.496 Y25.712 E.14815
G1 X28.496 Y28.773 E.0826
G1 X17.412 Y17.689 E.42299
G1 X17.412 Y17.242 E.01206
G1 X19.398 Y17.242 E.05359
G1 E-3.5
;WIPE_START
G1 F7200
G1 X17.412 Y17.242 E-.94335
G1 X17.412 Y17.689 E-.21232
G1 X17.925 Y18.202 E-.34433
;WIPE_END
G1 X32.793 Y16.929 F9000
G1 E5 F2400
;TYPE:Perimeter
;WIDTH:0.439999
G1 F3600
G1 X43.167 Y16.929 E.27994
G1 X43.167 Y24.907 E.21528
G1 X42.571 Y24.907 E.01608
G1 X42.181 Y24.986 E.01074
G1 X41.844 Y25.223 E.01112
G1 X41.652 Y25.521 E.00957
G1 X41.577 Y25.901 E.01045
G1 X41.577 Y29.907 E.1081
G1 X33.45 Y29.907 E.21931
G1 X32.793 Y29.38 E.02273
G1 X32.793 Y16.989 E.33437
G1 X32.387 Y16.524 F9000
G1 F3600
G1 X43.572 Y16.524 E.30183
G1 X43.572 Y25.312 E.23714
G1 X42.571 Y25.312 E.02701
G1 X42.34 Y25.359 E.00636
G1 X42.213 Y25.434 E.00398
G1 X42.027 Y25.676 E.00824
G1 X41.983 Y25.901 E.00619
G1 X41.983 Y30.312 E.11903
G1 X33.303 Y30.312 E.23423
G1 X32.902 Y29.977 E.0141
G1 X32.387 Y29.596 E.01729
G1 X32.387 Y16.584 E.35113
G1 X31.991 Y16.128 F9000
;TYPE:External perimeter
;WIDTH:0.419999
G1 F1800
G1 X43.968 Y16.128 E.30726
G1 X43.968 Y25.708 E.24577
G1 X42.571 Y25.708 E.03584
G1 X42.43 Y25.769 E.00394
G1 X42.378 Y25.901 E.00364
G1 X42.378 Y30.708 E.12332
G1 X33.159 Y30.708 E.23651
G1 X32.446 Y30.112 E.02384
G1 X31.991 Y29.806 E.01407
G1 X31.991 Y16.188 E.34936
G1 X33.19 Y17.327 F9000
;TYPE:Solid infill
;WIDTH:0.610514
G1 F3600
G1 X33.19 Y29.179 E.45426
G1 E-3.5
;WIPE_START
G1 F7200
G1 X33.19 Y26.021 E-1.5
;WIPE_END
G1 X34.532 Y17.242 F9000
G1 E5 F2400
;TYPE:Internal infill
;WIDTH:0.44
G1 F3600
G1 X36.966 Y17.242 E.06568
G1 X33.681 Y20.527 E.12536
G1 X33.681 Y18.66 E.05038
G1 X41.265 Y26.243 E.2894
G1 X41.265 Y28.242 E.05394
G1 X39.912 Y29.594 E.05161
G1 X36.966 Y29.594 E.0795
G1 X33.681 Y26.309 E.12536
G1 X33.681 Y28.176 E.05038
G1 X42.854 Y19.003 E.35006
G1 X42.854 Y20.184 E.03187
G1 X39.912 Y17.242 E.11227
G1 X42.346 Y17.242 E.06568
G1 E-3.5
;WIPE_START
G1 F7200
G1 X39.912 Y17.242 E-1.15615
G1 X40.424 Y17.754 E-.34385
;WIPE_END
G1 X49.01 Y16.929 F9000
G1 E5 F2400
;TYPE:Perimeter
;WIDTH:0.439999
G1 F3600
G1 X59.384 Y16.929 E.27994
G1 X59.384 Y29.389 E.33623
G1 X59.137 Y29.561 E.00812
G1 X58.723 Y29.907 E.01456
G1 X50.6 Y29.907 E.2192
G1 X50.6 Y25.901 E.1081
G1 X50.524 Y25.521 E.01046
G1 X50.333 Y25.223 E.00955
G1 X49.996 Y24.986 E.01112
G1 X49.606 Y24.907 E.01074
G1 X49.01 Y24.907 E.01608
G1 X49.01 Y16.989 E.21367
G1 X48.604 Y16.524 F9000
G1 F3600
G1 X59.79 Y16.524 E.30185
G1 X59.79 Y29.601 E.35288
G1 X59.324 Y29.928 E.01536
G1 X58.871 Y30.312 E.01603
G1 X50.194 Y30.312 E.23415
G1 X50.194 Y25.796 E.12186
G1 X50.059 Y25.525 E.00817
G1 X49.836 Y25.359 E.0075
G1 X49.606 Y25.312 E.00633
G1 X48.604 Y25.312 E.02704
G1 X48.604 Y16.584 E.23552
G1 X48.209 Y16.128 F9000
;TYPE:External perimeter
;WIDTH:0.419999
G1 F1800
G1 X60.185 Y16.128 E.30724
G1 X60.185 Y29.808 E.35095
G1 X59.58 Y30.23 E.01892
G1 X59.017 Y30.708 E.01895
G1 X49.798 Y30.708 E.23651
G1 X49.798 Y25.901 E.12332
G1 X49.754 Y25.778 E.00335
G1 X49.606 Y25.708 E.0042
G1 X48.209 Y25.708 E.03584
G1 X48.209 Y16.188 E.24423
G1 X49.831 Y17.242 F9000
;TYPE:Internal infill
;WIDTH:0.44
G1 F3600
G1 X52.265 Y17.242 E.06568
G1 X49.322 Y20.184 E.11229
G1 X49.322 Y19.003 E.03187
G1 X58.496 Y28.176 E.35008
G1 X58.496 Y26.309 E.05038
G1 X55.211 Y29.594 E.12536
G1 X52.265 Y29.594 E.0795
G1 X50.912 Y28.242 E.05161
G1 X50.912 Y26.243 E.05394
G1 X58.496 Y18.66 E.2894
G1 X58.496 Y20.527 E.05038
G1 X55.211 Y17.242 E.12536
G1 X57.645 Y17.242 E.06568
G1 X58.987 Y17.327 F9000
;TYPE:Solid infill
;WIDTH:0.61051
G1 F3600
G1 X58.987 Y29.188 E.4546
G1 E-3.5
;WIPE_START
G1 F7200
G1 X58.987 Y26.03 E-1.5
;WIPE_END
G1 X62.793 Y29.349 F9000
G1 E5 F2400
;TYPE:Perimeter
;WIDTH:0.439999
G1 F3600
G1 X62.793 Y16.929 E.33515
G1 X75.077 Y16.929 E.33148
G1 X75.077 Y29.907 E.35021
G1 X63.45 Y29.907 E.31375
G1 X62.815 Y29.398 E.02196
G1 X62.387 Y29.473 F9000
G1 F3600
G1 X62.387 Y16.524 E.34943
G1 X75.483 Y16.524 E.35339
G1 X75.483 Y30.312 E.37207
G1 X63.303 Y30.312 E.32868
G1 X62.902 Y29.977 E.0141
G1 X62.387 Y29.596 E.01729
G1 X62.387 Y29.533 E.0017
G1 X62.024 Y29.828 F9000
;TYPE:External perimeter
;WIDTH:0.419999
G1 F1800
G1 X61.991 Y29.806 E.00102
G1 X61.991 Y16.128 E.3509
G1 X75.878 Y16.128 E.35626
G1 X75.878 Y30.708 E.37404
G1 X63.159 Y30.708 E.3263
G1 X62.446 Y30.112 E.02384
G1 X62.074 Y29.862 E.0115
G1 E-3.5 F3600
;WIPE_START
G1 F7200
G1 X62.024 Y29.828 E-.02872
G1 X61.991 Y29.806 E-.01884
G1 X61.991 Y26.748 E-1.45244
;WIPE_END
G1 X72.779 Y29.594 F9000
G1 E5 F2400
;TYPE:Internal infill
;WIDTH:0.44
G1 F3600
G1 X74.765 Y29.594 E.05359
G1 X74.765 Y29.146 E.01209
G1 X63.681 Y18.063 E.42297
G1 X63.681 Y21.124 E.0826
G1 X67.563 Y17.242 E.14815
G1 X70.509 Y17.242 E.0795
G1 X74.765 Y21.497 E.1624
G1 X74.765 Y17.689 E.10276
G1 X63.681 Y28.773 E.42299
G1 X63.681 Y25.712 E.0826
G1 X67.563 Y29.594 E.14815
G1 X70.509 Y29.594 E.0795
G1 X74.765 Y25.339 E.1624
G1 X74.765 Y22.905 E.06568
G1 E-3.5
;WIPE_START
G1 F7200
G1 X74.765 Y25.339 E-1.15615
G1 X74.253 Y25.851 E-.34385
;WIPE_END
G1 X63.19 Y17.327 F9000
G1 E5 F2400
;TYPE:Solid infill
;WIDTH:0.610512
G1 F3600
G1 X63.19 Y29.179 E.45426
;LAYER_CHANGE
;Z:6.28
;HEIGHT:0.16
;BEFORE_LAYER_CHANGE
G92 E0
;6.28


G1 E-3.5 F3600
;WIPE_START
G1 F7200
G1 X63.19 Y26.021 E-1.5
;WIPE_END
G1 Z6.28 F9000
;AFTER_LAYER_CHANGE
;6.28
G1 X29.728 Y28.917
G1 E5 F2400
;TYPE:Perimeter
;WIDTH:0.439999
G1 F3600
G1 X29.728 Y29.273 E.00961
G1 X29.43 Y29.454 E.00941
G1 X28.823 Y29.907 E.02044
G1 X17.1 Y29.907 E.31634
G1 X17.1 Y16.929 E.35021
G1 X29.728 Y16.929 E.34076
G1 X29.728 Y28.857 E.32187
G1 X30.134 Y29.401 F9000
G1 F3600
G1 X30.134 Y29.509 E.00291
G1 X29.416 Y29.968 E.023
G1 X28.968 Y30.312 E.01524
G1 X16.694 Y30.312 E.33121
G1 X16.694 Y16.524 E.37207
G1 X30.134 Y16.524 E.36268
G1 X30.134 Y29.341 E.34586
G1 X30.471 Y29.798 F9000
;TYPE:External perimeter
;WIDTH:0.419999
G1 F1800
G1 X30.29 Y29.872 E.00502
G1 X29.65 Y30.287 E.01957
G1 X29.11 Y30.708 E.01757
G1 X16.298 Y30.708 E.32868
G1 X16.298 Y16.128 E.37404
G1 X30.529 Y16.128 E.36509
G1 X30.529 Y29.775 E.35011
G1 X30.527 Y29.776 E.00006
G1 X28.978 Y29.394 F9000
;TYPE:Solid infill
;WIDTH:0.46093
G1 F3600
G1 X28.978 Y17.252 E.34456
G1 X29.405 Y17.252 E.01212
G1 X29.405 Y29.097 E.33613
G1 X29.145 Y29.278 E.00899
G1 E-3.5
;WIPE_START
G1 F7200
G1 X29.405 Y29.097 E-.15048
G1 X29.405 Y26.256 E-1.34952
;WIPE_END
G1 X17.412 Y23.931 F9000
G1 E5 F2400
;TYPE:Internal infill
;WIDTH:0.44
G1 F3600
G1 X17.412 Y21.497 E.06568
G1 X21.668 Y17.242 E.1624
G1 X24.614 Y17.242 E.0795
G1 X28.562 Y21.19 E.15066
G1 X28.562 Y17.996 E.08619
G1 X17.412 Y29.146 E.42551
G1 X17.412 Y25.339 E.10273
G1 X21.668 Y29.594 E.1624
G1 X24.614 Y29.594 E.0795
G1 X28.562 Y25.645 E.15068
G1 X28.562 Y28.84 E.08622
G1 X17.412 Y17.689 E.42553
G1 X17.412 Y17.242 E.01206
G1 X19.398 Y17.242 E.05359
G1 E-3.5
;WIPE_START
G1 F7200
G1 X17.412 Y17.242 E-.94335
G1 X17.412 Y17.689 E-.21232
G1 X17.925 Y18.202 E-.34433
;WIPE_END
G1 X32.449 Y28.904 F9000
G1 E5 F2400
;TYPE:Perimeter
;WIDTH:0.439999
G1 F3600
G1 X32.449 Y16.929 E.32314
G1 X43.264 Y16.929 E.29184
G1 X43.264 Y24.907 E.21528
G1 X42.571 Y24.907 E.0187
G1 X42.201 Y24.978 E.01017
G1 X41.863 Y25.203 E.01096
G1 X41.65 Y25.527 E.01046
G1 X41.577 Y25.901 E.01028
G1 X41.577 Y29.907 E.1081
G1 X33.349 Y29.907 E.22203
G1 X33.031 Y29.659 E.01088
G1 X32.449 Y29.275 E.01882
G1 X32.449 Y28.964 E.00839
G1 X32.043 Y29.4 F9000
G1 F3600
G1 X32.043 Y16.524 E.34746
G1 X43.669 Y16.524 E.31373
G1 X43.669 Y25.312 E.23714
G1 X42.571 Y25.312 E.02963
G1 X42.352 Y25.355 E.00602
G1 X42.226 Y25.424 E.00388
G1 X42.061 Y25.607 E.00665
G1 X41.983 Y25.901 E.00821
G1 X41.983 Y30.312 E.11903
G1 X33.206 Y30.312 E.23685
G1 X32.867 Y30.039 E.01175
G1 X32.392 Y29.706 E.01565
G1 X32.043 Y29.532 E.01052
G1 X32.043 Y29.46 E.00194
G1 X31.681 Y29.799 F9000
;TYPE:External perimeter
;WIDTH:0.419999
G1 F1800
G1 X31.648 Y29.784 E.00093
G1 X31.648 Y16.128 E.35034
G1 X44.065 Y16.128 E.31855
G1 X44.065 Y25.708 E.24577
G1 X42.571 Y25.708 E.03833
G1 X42.434 Y25.765 E.00381
G1 X42.378 Y25.901 E.00377
G1 X42.378 Y30.708 E.12332
G1 X33.065 Y30.708 E.23892
G1 X32.57 Y30.315 E.01621
G1 X32.137 Y30.014 E.01353
G1 X31.735 Y29.825 E.0114
G1 X32.772 Y28.983 F9000
;TYPE:Solid infill
;WIDTH:0.460931
G1 F3600
G1 X32.772 Y17.252 E.33289
G1 X33.198 Y17.252 E.01209
G1 X33.198 Y29.392 E.3445
G1 X32.847 Y29.147 E.01215
G1 E-3.5
;WIPE_START
G1 F7200
G1 X33.198 Y29.392 E-.20332
G1 X33.198 Y26.662 E-1.29668
;WIPE_END
G1 X42.968 Y24.611 F9000
G1 E5 F2400
;WIDTH:0.407376
G1 F3600
G1 X42.968 Y17.225 E.18328
G1 X42.346 Y17.242 F9000
;TYPE:Internal infill
;WIDTH:0.44
G1 F3600
G1 X39.912 Y17.242 E.06568
G1 X42.578 Y19.908 E.10174
G1 X42.578 Y19.279 E.01697
G1 X33.614 Y28.243 E.34209
G1 X33.614 Y26.242 E.054
G1 X36.966 Y29.594 E.12792
G1 X39.912 Y29.594 E.0795
G1 X41.265 Y28.242 E.05161
G1 X41.265 Y26.243 E.05394
G1 X33.614 Y18.593 E.29196
G1 X33.614 Y20.593 E.05397
G1 X36.966 Y17.242 E.1279
G1 X34.532 Y17.242 E.06568
G1 E-3.5
;WIPE_START
G1 F7200
G1 X36.966 Y17.242 E-1.15615
G1 X36.454 Y17.754 E-.34385
;WIPE_END
G1 X48.913 Y16.929 F9000
G1 E5 F2400
;TYPE:Perimeter
;WIDTH:0.439999
G1 F3600
G1 X59.728 Y16.929 E.29184
G1 X59.728 Y29.273 E.3331
G1 X59.43 Y29.454 E.00941
G1 X58.823 Y29.907 E.02044
G1 X50.6 Y29.907 E.2219
G1 X50.6 Y25.901 E.1081
G1 X50.527 Y25.527 E.01028
G1 X50.313 Y25.203 E.01048
G1 X49.976 Y24.978 E.01093
G1 X49.606 Y24.907 E.01017
G1 X48.913 Y24.907 E.0187
G1 X48.913 Y16.989 E.21367
G1 X48.507 Y16.524 F9000
G1 F3600
G1 X60.134 Y16.524 E.31375
G1 X60.134 Y29.509 E.3504
G1 X59.416 Y29.968 E.023
G1 X58.968 Y30.312 E.01524
G1 X50.194 Y30.312 E.23676
G1 X50.194 Y25.794 E.12192
G1 X50.073 Y25.543 E.00752
G1 X49.825 Y25.355 E.0084
G1 X49.606 Y25.312 E.00602
G1 X48.507 Y25.312 E.02966
G1 X48.507 Y16.584 E.23552
G1 X48.112 Y16.128 F9000
;TYPE:External perimeter
;WIDTH:0.419999
G1 F1800
G1 X60.529 Y16.128 E.31855
G1 X60.529 Y29.775 E.35011
G1 X60.29 Y29.872 E.00662
G1 X59.65 Y30.287 E.01957
G1 X59.11 Y30.708 E.01757
G1 X49.798 Y30.708 E.23889
G1 X49.798 Y25.901 E.12332
G1 X49.759 Y25.783 E.00319
G1 X49.606 Y25.708 E.00437
G1 X48.112 Y25.708 E.03833
G1 X48.112 Y16.188 E.24423
G1 E-3.5 F3600
;WIPE_START
G1 F7200
G1 X48.112 Y16.128 E-.0285
G1 X51.21 Y16.128 E-1.4715
;WIPE_END
G1 X49.831 Y17.242 F9000
G1 E5 F2400
;TYPE:Internal infill
;WIDTH:0.44
G1 F3600
G1 X52.265 Y17.242 E.06568
G1 X49.598 Y19.908 E.10176
G1 X49.598 Y19.279 E.01697
G1 X58.562 Y28.243 E.34209
G1 X58.562 Y26.242 E.054
G1 X55.211 Y29.594 E.1279
G1 X52.265 Y29.594 E.0795
G1 X50.912 Y28.242 E.05161
G1 X50.912 Y26.243 E.05394
G1 X58.562 Y18.593 E.29194
G1 X58.562 Y20.593 E.05397
G1 X55.211 Y17.242 E.12788
G1 X57.645 Y17.242 E.06568
G1 E-3.5
;WIPE_START
G1 F7200
G1 X55.211 Y17.242 E-1.15615
G1 X55.723 Y17.754 E-.34385
;WIPE_END
G1 X49.209 Y24.611 F9000
G1 E5 F2400
;TYPE:Solid infill
;WIDTH:0.407376
G1 F3600
G1 X49.209 Y17.225 E.18328
G1 E-3.5
;WIPE_START
G1 F7200
G1 X49.209 Y20.383 E-1.5
;WIPE_END
G1 X58.978 Y29.394 F9000
G1 E5 F2400
;WIDTH:0.46093
G1 F3600
G1 X58.978 Y17.252 E.34456
G1 X59.405 Y17.252 E.01212
G1 X59.405 Y29.097 E.33613
G1 X59.145 Y29.278 E.00899
G1 E-3.5
;WIPE_START
G1 F7200
G1 X59.405 Y29.097 E-.15048
G1 X59.405 Y26.256 E-1.34952
;WIPE_END
G1 X62.449 Y28.904 F9000
G1 E5 F2400
;TYPE:Perimeter
;WIDTH:0.439999
G1 F3600
G1 X62.449 Y16.929 E.32314
G1 X75.077 Y16.929 E.34076
G1 X75.077 Y29.907 E.35021
G1 X63.349 Y29.907 E.31648
G1 X63.031 Y29.659 E.01088
G1 X62.449 Y29.275 E.01882
G1 X62.449 Y28.964 E.00839
G1 X62.043 Y29.4 F9000
G1 F3600
G1 X62.043 Y16.524 E.34746
G1 X75.483 Y16.524 E.36268
G1 X75.483 Y30.312 E.37207
G1 X63.206 Y30.312 E.33129
G1 X62.867 Y30.039 E.01175
G1 X62.392 Y29.706 E.01565
G1 X62.043 Y29.532 E.01052
G1 X62.043 Y29.46 E.00194
G1 X61.681 Y29.799 F9000
;TYPE:External perimeter
;WIDTH:0.419999
G1 F1800
G1 X61.648 Y29.784 E.00093
G1 X61.648 Y16.128 E.35034
G1 X75.878 Y16.128 E.36506
G1 X75.878 Y30.708 E.37404
G1 X63.065 Y30.708 E.32871
G1 X62.57 Y30.315 E.01621
G1 X62.137 Y30.014 E.01353
G1 X61.735 Y29.825 E.0114
G1 E-3.5 F3600
;WIPE_START
G1 F7200
G1 X61.681 Y29.799 E-.02847
G1 X61.648 Y29.784 E-.01722
G1 X61.648 Y26.722 E-1.45431
;WIPE_END
G1 X72.779 Y29.594 F9000
G1 E5 F2400
;TYPE:Internal infill
;WIDTH:0.44
G1 F3600
G1 X74.765 Y29.594 E.05359
G1 X74.765 Y29.146 E.01209
G1 X63.614 Y17.996 E.42553
G1 X63.614 Y21.19 E.08619
G1 X67.563 Y17.242 E.15068
G1 X70.509 Y17.242 E.0795
G1 X74.765 Y21.497 E.1624
G1 X74.765 Y17.689 E.10276
G1 X63.614 Y28.84 E.42555
G1 X63.614 Y25.645 E.08622
G1 X67.563 Y29.594 E.1507
G1 X70.509 Y29.594 E.0795
G1 X74.765 Y25.339 E.1624
G1 X74.765 Y22.905 E.06568
G1 E-3.5
;WIPE_START
G1 F7200
G1 X74.765 Y25.339 E-1.15615
G1 X74.253 Y25.851 E-.34385
;WIPE_END
G1 X62.772 Y17.252 F9000
G1 E5 F2400
;TYPE:Solid infill
;WIDTH:0.46093
G1 F3600
G1 X63.198 Y17.252 E.01209
G1 X63.198 Y29.392 E.3445
G1 X62.772 Y29.094 E.01475
G1 X62.772 Y17.455 E.33028
;LAYER_CHANGE
;Z:6.44
;HEIGHT:0.16
;BEFORE_LAYER_CHANGE
G92 E0
;6.44


G1 E-3.5 F3600
;WIPE_START
G1 F7200
G1 X62.772 Y20.613 E-1.5
;WIPE_END
G1 Z6.44 F9000
;AFTER_LAYER_CHANGE
;6.44
G1 X61.449 Y29.062
G1 E5 F2400
;TYPE:Perimeter
;WIDTH:0.439999
G1 F3600
G1 X60.97 Y29.024 E.01297
G1 X60.399 Y29.122 E.01563
G1 X59.882 Y29.319 E.01493
G1 X59.376 Y29.61 E.01575
G1 X58.964 Y29.907 E.01371
G1 X50.6 Y29.907 E.2257
G1 X50.6 Y25.801 E.1108
G1 X50.503 Y25.473 E.00923
G1 X50.289 Y25.179 E.00981
G1 X49.954 Y24.97 E.01065
G1 X49.606 Y24.907 E.00954
G1 X48.796 Y24.907 E.02186
G1 X48.796 Y16.929 E.21528
G1 X75.077 Y16.929 E.70919
G1 X75.077 Y29.907 E.35021
G1 X63.207 Y29.907 E.32031
G1 X62.658 Y29.52 E.01813
G1 X62.128 Y29.245 E.01611
G1 X61.579 Y29.072 E.01553
G1 X61.509 Y29.067 E.00189
G1 X61.466 Y29.47 F9000
G1 F3600
G1 X61.089 Y29.423 E.01025
G1 X60.542 Y29.501 E.01491
G1 X59.997 Y29.715 E.0158
G1 X59.53 Y29.994 E.01468
G1 X59.097 Y30.312 E.0145
G1 X50.194 Y30.312 E.24025
G1 X50.194 Y25.839 E.1207
G1 X50.104 Y25.588 E.0072
G1 X49.935 Y25.413 E.00656
G1 X49.606 Y25.312 E.00929
G1 X48.391 Y25.312 E.03279
G1 X48.391 Y16.524 E.23714
G1 X75.483 Y16.524 E.73107
G1 X75.483 Y30.312 E.37207
G1 X63.076 Y30.312 E.3348
G1 X62.526 Y29.916 E.01829
G1 X62.074 Y29.664 E.01396
G1 X61.589 Y29.486 E.01394
G1 X61.526 Y29.478 E.00171
G1 X61.393 Y29.859 F9000
;TYPE:External perimeter
;WIDTH:0.419999
G1 F1800
G1 X61.114 Y29.82 E.00723
G1 X60.681 Y29.872 E.01119
G1 X60.198 Y30.057 E.01327
G1 X59.764 Y30.312 E.01291
G1 X59.227 Y30.708 E.01712
G1 X49.798 Y30.708 E.2419
G1 X49.798 Y25.901 E.12332
G1 X49.755 Y25.779 E.00332
G1 X49.606 Y25.708 E.00423
G1 X47.995 Y25.708 E.04133
G1 X47.995 Y16.128 E.24577
G1 X75.878 Y16.128 E.71532
G1 X75.878 Y30.708 E.37404
G1 X62.949 Y30.708 E.33169
G1 X62.295 Y30.236 E.02069
G1 X61.885 Y30.011 E.012
G1 X61.516 Y29.876 E.01008
G1 X61.453 Y29.868 E.00163
G1 E-3.5 F3600
;WIPE_START
G1 F7200
G1 X61.393 Y29.859 E-.02882
G1 X61.114 Y29.82 E-.13381
G1 X60.681 Y29.872 E-.20715
G1 X60.198 Y30.057 E-.24568
G1 X59.764 Y30.312 E-.2391
G1 X59.227 Y30.708 E-.31693
G1 X58.535 Y30.708 E-.32851
;WIPE_END
G1 X72.779 Y29.594 F9000
G1 E5 F2400
;TYPE:Internal infill
;WIDTH:0.44
G1 F3600
G1 X74.765 Y29.594 E.05359
G1 X74.765 Y29.146 E.01209
G1 X63.519 Y17.9 E.42917
G1 X63.519 Y21.286 E.09137
G1 X67.563 Y17.242 E.15433
G1 X70.509 Y17.242 E.0795
G1 X74.765 Y21.497 E.1624
G1 X74.765 Y17.689 E.10276
G1 X63.519 Y28.935 E.42917
G1 X63.519 Y25.55 E.09134
G1 X67.563 Y29.594 E.15433
G1 X70.509 Y29.594 E.0795
G1 X74.765 Y25.339 E.1624
G1 X74.765 Y22.905 E.06568
G1 E-3.5
;WIPE_START
G1 F7200
G1 X74.765 Y25.339 E-1.15615
G1 X74.253 Y25.851 E-.34385
;WIPE_END
G1 X63.295 Y17.25 F9000
G1 E5 F2400
M204 S250
;TYPE:Bridge infill
;WIDTH:0.37325
;HEIGHT:0.368782
G1 F1500
G1 X59.07 Y17.25 E.1922
G1 X59.07 Y17.674 E.01929
G1 X63.106 Y17.674 E.1836
G1 X63.106 Y18.097 E.01924
G1 X59.07 Y18.097 E.1836
G1 X59.07 Y18.52 E.01924
G1 X63.106 Y18.52 E.1836
G1 X63.106 Y18.943 E.01924
G1 X59.07 Y18.943 E.1836
G1 X59.07 Y19.367 E.01929
G1 X63.106 Y19.367 E.1836
G1 X63.106 Y19.79 E.01924
G1 X59.07 Y19.79 E.1836
G1 X59.07 Y20.213 E.01924
G1 X63.106 Y20.213 E.1836
G1 X63.106 Y20.636 E.01924
G1 X59.07 Y20.636 E.1836
G1 X59.07 Y21.06 E.01929
G1 X63.106 Y21.06 E.1836
G1 X63.106 Y21.483 E.01924
G1 X59.07 Y21.483 E.1836
G1 X59.07 Y21.906 E.01924
G1 X63.106 Y21.906 E.1836
G1 X63.106 Y22.329 E.01924
G1 X59.07 Y22.329 E.1836
G1 X59.07 Y22.753 E.01929
G1 X63.106 Y22.753 E.1836
G1 X63.106 Y23.176 E.01924
G1 X59.07 Y23.176 E.1836
G1 X59.07 Y23.599 E.01924
G1 X63.106 Y23.599 E.1836
G1 X63.106 Y24.022 E.01924
G1 X59.07 Y24.022 E.1836
G1 X59.07 Y24.446 E.01929
G1 X63.106 Y24.446 E.1836
G1 X63.106 Y24.869 E.01924
G1 X59.07 Y24.869 E.1836
G1 X59.07 Y25.292 E.01924
G1 X63.106 Y25.292 E.1836
G1 X63.106 Y25.715 E.01924
G1 X59.07 Y25.715 E.1836
G1 X59.07 Y26.139 E.01929
G1 X63.106 Y26.139 E.1836
G1 X63.106 Y26.562 E.01924
G1 X59.07 Y26.562 E.1836
G1 X59.07 Y26.985 E.01924
G1 X63.106 Y26.985 E.1836
G1 X63.106 Y27.408 E.01924
G1 X59.07 Y27.408 E.1836
G1 X59.07 Y27.832 E.01929
G1 X63.106 Y27.832 E.1836
G1 X63.106 Y28.255 E.01924
G1 X59.07 Y28.255 E.1836
G1 X59.07 Y28.678 E.01924
G1 X63.106 Y28.678 E.1836
G1 X63.106 Y29.101 E.01924
G1 X62.542 Y29.101 E.02566
G1 X62.242 Y28.947 E.01534
G1 X61.759 Y28.781 E.02323
G1 X61.09 Y28.697 E.03067
G1 X60.436 Y28.776 E.02997
G1 X59.826 Y28.997 E.02951
G1 X59.636 Y29.101 E.00985
G1 X58.882 Y29.101 E.0343
M204 S500
G1 E-3.5 F3600
;WIPE_START
G1 F7200
G1 X59.636 Y29.101 E-.35815
G1 X59.826 Y28.997 E-.10289
G1 X60.436 Y28.776 E-.30818
G1 X61.09 Y28.697 E-.31291
G1 X61.759 Y28.781 E-.32027
G1 X61.953 Y28.848 E-.0976
;WIPE_END
G1 X57.645 Y17.242 F9000
G1 E5 F2400
;TYPE:Internal infill
;WIDTH:0.44
;HEIGHT:0.16
G1 F3600
G1 X55.211 Y17.242 E.06568
G1 X58.658 Y20.689 E.13155
G1 X58.658 Y18.497 E.05915
G1 X50.912 Y26.243 E.29561
G1 X50.912 Y28.242 E.05394
G1 X52.265 Y29.594 E.05161
G1 X55.211 Y29.594 E.0795
G1 X58.658 Y26.147 E.13155
G1 X58.658 Y28.338 E.05912
G1 X49.549 Y19.229 E.34762
G1 X49.549 Y19.957 E.01964
G1 X52.265 Y17.242 E.10363
G1 X49.831 Y17.242 E.06568
G1 X49.126 Y17.259 F9000
;TYPE:Solid infill
;WIDTH:0.474886
G1 F3600
G1 X49.126 Y24.577 E.21446
G1 E-3.5
;WIPE_START
G1 F7200
G1 X49.126 Y21.419 E-1.5
;WIPE_END
G1 X43.381 Y24.907 F9000
G1 E5 F2400
;TYPE:Perimeter
;WIDTH:0.439999
G1 F3600
G1 X42.571 Y24.907 E.02186
G1 X42.223 Y24.97 E.00954
G1 X42.014 Y25.077 E.00634
G1 X41.8 Y25.274 E.00785
G1 X41.633 Y25.571 E.00919
G1 X41.577 Y25.901 E.00903
G1 X41.577 Y29.907 E.1081
G1 X33.207 Y29.907 E.22586
G1 X32.658 Y29.52 E.01813
G1 X32.128 Y29.245 E.01611
G1 X31.579 Y29.072 E.01553
G1 X30.97 Y29.024 E.01648
G1 X30.399 Y29.122 E.01563
G1 X29.882 Y29.319 E.01493
G1 X29.376 Y29.61 E.01575
G1 X28.964 Y29.907 E.01371
G1 X17.1 Y29.907 E.32015
G1 X17.1 Y16.929 E.35021
G1 X43.381 Y16.929 E.70919
G1 X43.381 Y24.847 E.21367
G1 X42.156 Y25.489 F9000
G1 F3600
G1 X42.04 Y25.647 E.00529
G1 X41.983 Y25.901 E.00702
G1 X41.983 Y30.312 E.11903
G1 X33.076 Y30.312 E.24035
G1 X32.526 Y29.916 E.01829
G1 X32.074 Y29.664 E.01396
G1 X31.589 Y29.486 E.01394
G1 X31.089 Y29.423 E.0136
G1 X30.542 Y29.501 E.01491
G1 X29.997 Y29.715 E.0158
G1 X29.53 Y29.994 E.01468
G1 X29.097 Y30.312 E.0145
G1 X16.694 Y30.312 E.33469
G1 X16.694 Y16.524 E.37207
G1 X43.786 Y16.524 E.73107
G1 X43.786 Y25.312 E.23714
G1 X42.571 Y25.312 E.03279
G1 X42.365 Y25.35 E.00565
G1 X42.202 Y25.452 E.00519
G1 X42.434 Y25.771 F9000
;TYPE:External perimeter
;WIDTH:0.419999
G1 F1800
G1 X42.378 Y25.901 E.00363
G1 X42.378 Y30.708 E.12332
G1 X32.949 Y30.708 E.2419
G1 X32.295 Y30.236 E.02069
G1 X31.885 Y30.011 E.012
G1 X31.516 Y29.876 E.01008
G1 X31.114 Y29.82 E.01041
G1 X30.681 Y29.872 E.01119
G1 X30.198 Y30.057 E.01327
G1 X29.764 Y30.312 E.01291
G1 X29.227 Y30.708 E.01712
G1 X16.298 Y30.708 E.33169
G1 X16.298 Y16.128 E.37404
G1 X44.182 Y16.128 E.71535
G1 X44.182 Y25.708 E.24577
G1 X42.571 Y25.708 E.04133
G1 X42.484 Y25.743 E.00241
G1 E-3.5 F3600
;WIPE_START
G1 F7200
G1 X42.434 Y25.771 E-.02722
G1 X42.378 Y25.901 E-.06724
G1 X42.378 Y28.86 E-1.40554
;WIPE_END
G1 X42.346 Y17.242 F9000
G1 E5 F2400
;TYPE:Internal infill
;WIDTH:0.44
G1 F3600
G1 X39.912 Y17.242 E.06568
G1 X42.628 Y19.957 E.10363
G1 X42.628 Y19.229 E.01964
G1 X33.519 Y28.338 E.34762
G1 X33.519 Y26.147 E.05912
G1 X36.966 Y29.594 E.13155
G1 X39.912 Y29.594 E.0795
G1 X41.265 Y28.242 E.05161
G1 X41.265 Y26.243 E.05394
G1 X33.519 Y18.497 E.29561
G1 X33.519 Y20.689 E.05915
G1 X36.966 Y17.242 E.13155
G1 X34.532 Y17.242 E.06568
G1 X33.295 Y17.25 F9000
M204 S250
;TYPE:Bridge infill
;WIDTH:0.37325
;HEIGHT:0.368782
G1 F1500
G1 X29.07 Y17.25 E.1922
G1 X29.07 Y17.674 E.01929
G1 X33.106 Y17.674 E.1836
G1 X33.106 Y18.097 E.01924
G1 X29.07 Y18.097 E.1836
G1 X29.07 Y18.52 E.01924
G1 X33.106 Y18.52 E.1836
G1 X33.106 Y18.943 E.01924
G1 X29.07 Y18.943 E.1836
G1 X29.07 Y19.367 E.01929
G1 X33.106 Y19.367 E.1836
G1 X33.106 Y19.79 E.01924
G1 X29.07 Y19.79 E.1836
G1 X29.07 Y20.213 E.01924
G1 X33.106 Y20.213 E.1836
G1 X33.106 Y20.636 E.01924
G1 X29.07 Y20.636 E.1836
G1 X29.07 Y21.06 E.01929
G1 X33.106 Y21.06 E.1836
G1 X33.106 Y21.483 E.01924
G1 X29.07 Y21.483 E.1836
G1 X29.07 Y21.906 E.01924
G1 X33.106 Y21.906 E.1836
G1 X33.106 Y22.329 E.01924
G1 X29.07 Y22.329 E.1836
G1 X29.07 Y22.753 E.01929
G1 X33.106 Y22.753 E.1836
G1 X33.106 Y23.176 E.01924
G1 X29.07 Y23.176 E.1836
G1 X29.07 Y23.599 E.01924
G1 X33.106 Y23.599 E.1836
G1 X33.106 Y24.022 E.01924
G1 X29.07 Y24.022 E.1836
G1 X29.07 Y24.446 E.01929
G1 X33.106 Y24.446 E.1836
G1 X33.106 Y24.869 E.01924
G1 X29.07 Y24.869 E.1836
G1 X29.07 Y25.292 E.01924
G1 X33.106 Y25.292 E.1836
G1 X33.106 Y25.715 E.01924
G1 X29.07 Y25.715 E.1836
G1 X29.07 Y26.139 E.01929
G1 X33.106 Y26.139 E.1836
G1 X33.106 Y26.562 E.01924
G1 X29.07 Y26.562 E.1836
G1 X29.07 Y26.985 E.01924
G1 X33.106 Y26.985 E.1836
G1 X33.106 Y27.408 E.01924
G1 X29.07 Y27.408 E.1836
G1 X29.07 Y27.832 E.01929
G1 X33.106 Y27.832 E.1836
G1 X33.106 Y28.255 E.01924
G1 X29.07 Y28.255 E.1836
G1 X29.07 Y28.678 E.01924
G1 X33.106 Y28.678 E.1836
G1 X33.106 Y29.101 E.01924
G1 X32.542 Y29.101 E.02566
G1 X32.242 Y28.947 E.01534
G1 X31.759 Y28.781 E.02323
G1 X31.09 Y28.697 E.03067
G1 X30.436 Y28.776 E.02997
G1 X29.826 Y28.997 E.02951
G1 X29.636 Y29.101 E.00985
G1 X28.882 Y29.101 E.0343
M204 S500
G1 E-3.5 F3600
;WIPE_START
G1 F7200
G1 X29.636 Y29.101 E-.35815
G1 X29.826 Y28.997 E-.10289
G1 X30.436 Y28.776 E-.30818
G1 X31.09 Y28.697 E-.31291
G1 X31.759 Y28.781 E-.32027
G1 X31.953 Y28.848 E-.0976
;WIPE_END
G1 X17.412 Y23.931 F9000
G1 E5 F2400
;TYPE:Internal infill
;WIDTH:0.44
;HEIGHT:0.16
G1 F3600
G1 X17.412 Y21.497 E.06568
G1 X21.668 Y17.242 E.1624
G1 X24.614 Y17.242 E.0795
G1 X28.658 Y21.286 E.15433
G1 X28.658 Y17.9 E.09137
G1 X17.412 Y29.146 E.42917
G1 X17.412 Y25.339 E.10273
G1 X21.668 Y29.594 E.1624
G1 X24.614 Y29.594 E.0795
G1 X28.658 Y25.55 E.15433
G1 X28.658 Y28.935 E.09134
G1 X17.412 Y17.689 E.42917
G1 X17.412 Y17.242 E.01206
G1 X19.398 Y17.242 E.05359
G1 E-3.5
;WIPE_START
G1 F7200
G1 X17.412 Y17.242 E-.94335
G1 X17.412 Y17.689 E-.21232
G1 X17.925 Y18.202 E-.34433
;WIPE_END
G1 X43.051 Y17.259 F9000
G1 E5 F2400
;TYPE:Solid infill
;WIDTH:0.474886
G1 F3600
G1 X43.051 Y24.577 E.21446
;LAYER_CHANGE
;Z:6.6
;HEIGHT:0.16
;BEFORE_LAYER_CHANGE
G92 E0
;6.6


G1 E-3.5 F3600
;WIPE_START
G1 F7200
G1 X43.051 Y21.419 E-1.5
;WIPE_END
G1 Z6.6 F9000
;AFTER_LAYER_CHANGE
;6.6
G1 X41.875 Y25.203
G1 E5 F2400
;TYPE:Perimeter
;WIDTH:0.439999
G1 F3600
G1 X41.818 Y25.252 E.00203
G1 X41.633 Y25.571 E.00995
G1 X41.577 Y25.901 E.00903
G1 X41.577 Y29.907 E.1081
G1 X33.06 Y29.907 E.22983
G1 X32.785 Y29.725 E.0089
G1 X32.179 Y29.414 E.01838
G1 X31.55 Y29.219 E.01777
G1 X31.025 Y29.177 E.01421
G1 X30.523 Y29.239 E.01365
G1 X30.012 Y29.403 E.01448
G1 X29.541 Y29.637 E.01419
G1 X29.123 Y29.907 E.01343
G1 X17.1 Y29.907 E.32444
G1 X17.1 Y16.929 E.35021
G1 X43.522 Y16.929 E.71299
G1 X43.522 Y24.907 E.21528
G1 X42.571 Y24.907 E.02566
G1 X42.249 Y24.96 E.00881
G1 X42.046 Y25.057 E.00607
G1 X41.92 Y25.164 E.00446
G1 X42.159 Y25.491 F9000
G1 F3600
G1 X42.042 Y25.643 E.00518
G1 X41.983 Y25.901 E.00714
G1 X41.983 Y30.312 E.11903
G1 X32.935 Y30.312 E.24416
G1 X32.591 Y30.081 E.01118
G1 X32.055 Y29.8 E.01633
G1 X31.539 Y29.634 E.01463
G1 X31.094 Y29.584 E.01208
G1 X30.665 Y29.626 E.01163
G1 X30.217 Y29.759 E.01261
G1 X29.723 Y29.999 E.01482
G1 X29.246 Y30.312 E.0154
G1 X16.694 Y30.312 E.33871
G1 X16.694 Y16.524 E.37207
G1 X43.928 Y16.524 E.7349
G1 X43.928 Y25.312 E.23714
G1 X42.571 Y25.312 E.03662
G1 X42.38 Y25.344 E.00523
G1 X42.2 Y25.448 E.00561
G1 X42.437 Y25.772 F9000
;TYPE:External perimeter
;WIDTH:0.419999
G1 F1800
G1 X42.378 Y25.901 E.00364
G1 X42.378 Y30.708 E.12332
G1 X32.812 Y30.708 E.24541
G1 X32.402 Y30.428 E.01274
G1 X31.934 Y30.177 E.01362
G1 X31.418 Y30.011 E.01391
G1 X31.064 Y29.979 E.00912
G1 X30.714 Y30.019 E.00904
G1 X30.337 Y30.136 E.01013
G1 X29.88 Y30.365 E.01311
G1 X29.366 Y30.708 E.01585
G1 X16.298 Y30.708 E.33525
G1 X16.298 Y16.128 E.37404
G1 X44.324 Y16.128 E.71899
G1 X44.324 Y25.708 E.24577
G1 X42.571 Y25.708 E.04497
G1 X42.483 Y25.741 E.00241
G1 X43.153 Y24.538 F9000
;TYPE:Solid infill
;WIDTH:0.55313
G1 F3600
G1 X43.153 Y17.298 E.24985
G1 X42.346 Y17.242 F9000
;TYPE:Internal infill
;WIDTH:0.44
G1 F3600
G1 X39.912 Y17.242 E.06568
G1 X42.691 Y20.021 E.10605
G1 X42.691 Y19.166 E.02307
G1 X33.385 Y28.472 E.35514
G1 X33.385 Y26.013 E.06636
G1 X36.966 Y29.594 E.13666
G1 X39.912 Y29.594 E.0795
G1 X41.265 Y28.242 E.05161
G1 X41.265 Y26.243 E.05394
G1 X33.385 Y18.363 E.30072
G1 X33.385 Y20.823 E.06638
G1 X36.966 Y17.242 E.13666
G1 X34.532 Y17.242 E.06568
G1 E-3.5
;WIPE_START
G1 F7200
G1 X36.966 Y17.242 E-1.15615
G1 X36.454 Y17.754 E-.34385
;WIPE_END
G1 X29.198 Y28.499 F9000
G1 E5 F2400
;TYPE:Solid infill
;WIDTH:0.439999
G1 F3600
G1 X29.845 Y29.147 E.02471
G1 X30.265 Y28.993 E.01207
G1 X29.198 Y27.926 E.04072
G1 X29.198 Y27.352 E.01549
G1 X30.746 Y28.9 E.05908
G1 X31.306 Y28.886 E.01512
G1 X29.198 Y26.778 E.08045
G1 X29.198 Y26.204 E.01549
G1 X32.036 Y29.043 E.10832
G1 X32.003 Y29.118 E.00221
;WIDTH:0.407168
G1 X31.97 Y29.193 E.00203
;WIDTH:0.374336
G1 X32.167 Y29.247 E.00462
G1 X32.323 Y29.228 E.00355
;WIDTH:0.439999
G1 X33.043 Y29.476 E.02055
G1 X29.198 Y25.631 E.14673
G1 X29.198 Y25.057 E.01549
G1 X32.979 Y28.838 E.14429
G1 X32.979 Y28.264 E.01549
G1 X29.198 Y24.483 E.14429
G1 X29.198 Y23.91 E.01546
G1 X32.979 Y27.691 E.14429
G1 X32.979 Y27.117 E.01549
G1 X29.198 Y23.336 E.14429
G1 X29.198 Y22.762 E.01549
G1 X32.979 Y26.543 E.14429
G1 X32.979 Y25.97 E.01546
G1 X29.198 Y22.189 E.14429
G1 X29.198 Y21.615 E.01549
G1 X32.979 Y25.396 E.14429
G1 X32.979 Y24.822 E.01549
G1 X29.198 Y21.041 E.14429
G1 X29.198 Y20.468 E.01546
G1 X32.979 Y24.249 E.14429
G1 X32.979 Y23.675 E.01549
G1 X29.198 Y19.894 E.14429
G1 X29.198 Y19.32 E.01549
G1 X32.979 Y23.101 E.14429
G1 X32.979 Y22.527 E.01549
G1 X29.198 Y18.746 E.14429
G1 X29.198 Y18.173 E.01546
G1 X32.979 Y21.954 E.14429
G1 X32.979 Y21.38 E.01549
G1 X29.198 Y17.599 E.14429
G1 X29.096 Y17.11 E.01348
;WIDTH:0.374336
G1 X29.077 Y17.181 E.00166
G1 X29.148 Y17.162 E.00166
G1 X29.137 Y17.121 E.00096
;WIDTH:0.407168
G1 X29.276 Y17.181 E.00375
;WIDTH:0.439999
G1 X29.414 Y17.242 E.00407
G1 X32.979 Y20.806 E.13603
G1 X32.979 Y20.233 E.01546
G1 X29.988 Y17.242 E.11414
G1 X30.561 Y17.242 E.01546
G1 X32.979 Y19.659 E.09226
G1 X32.979 Y19.085 E.01549
G1 X31.135 Y17.242 E.07035
G1 X32.979 Y17.242 E.04976
G1 X32.979 Y18.512 E.03427
G1 X31.852 Y17.385 E.04301
G1 E-3.5
;WIPE_START
G1 F7200
G1 X32.979 Y18.512 E-.75706
G1 X32.979 Y17.242 E-.60325
G1 X32.685 Y17.242 E-.13969
;WIPE_END
G1 X29.295 Y29.308 F9000
G1 E5 F2400
;WIDTH:0.63529
G1 F3600
G1 X29.262 Y29.355 E.0023
;WIDTH:0.59277
G1 X29.23 Y29.401 E.00208
;WIDTH:0.55025
G1 X29.128 Y29.493 E.00471
;WIDTH:0.503562
G1 X29.027 Y29.586 E.00429
G1 E-3.5
;WIPE_START
G1 F7200
G1 X29.128 Y29.493 E-.06522
G1 X29.23 Y29.401 E-.06525
G1 X29.262 Y29.355 E-.02662
G1 X29.295 Y29.308 E-.02728
;WIPE_END
G1 E-1.31563 F3600
G1 X17.412 Y23.931 F9000
G1 E5 F2400
;TYPE:Internal infill
;WIDTH:0.44
G1 F3600
G1 X17.412 Y21.497 E.06568
G1 X21.668 Y17.242 E.1624
G1 X24.614 Y17.242 E.0795
G1 X28.792 Y21.42 E.15944
G1 X28.792 Y17.766 E.0986
G1 X17.412 Y29.146 E.43429
G1 X17.412 Y25.339 E.10273
G1 X21.668 Y29.594 E.1624
G1 X24.614 Y29.594 E.0795
G1 X28.792 Y25.416 E.15944
G1 X28.792 Y29.07 E.0986
G1 X17.412 Y17.689 E.43431
G1 X17.412 Y17.242 E.01206
G1 X19.398 Y17.242 E.05359
G1 E-3.5
;WIPE_START
G1 F7200
G1 X17.412 Y17.242 E-.94335
G1 X17.412 Y17.689 E-.21232
G1 X17.925 Y18.202 E-.34433
;WIPE_END
G1 X48.654 Y16.929 F9000
G1 E5 F2400
;TYPE:Perimeter
;WIDTH:0.439999
G1 F3600
G1 X75.077 Y16.929 E.71302
G1 X75.077 Y29.907 E.35021
G1 X63.06 Y29.907 E.32428
G1 X62.785 Y29.725 E.0089
G1 X62.179 Y29.414 E.01838
G1 X61.55 Y29.219 E.01777
G1 X61.025 Y29.177 E.01421
G1 X60.523 Y29.239 E.01365
G1 X60.012 Y29.403 E.01448
G1 X59.541 Y29.637 E.01419
G1 X59.123 Y29.907 E.01343
G1 X50.6 Y29.907 E.22999
G1 X50.6 Y25.801 E.1108
G1 X50.499 Y25.465 E.00947
G1 X50.259 Y25.152 E.01064
G1 X49.928 Y24.96 E.01033
G1 X49.606 Y24.907 E.00881
G1 X48.654 Y24.907 E.02569
G1 X48.654 Y16.989 E.21367
G1 X48.249 Y16.524 F9000
G1 F3600
G1 X75.483 Y16.524 E.7349
G1 X75.483 Y30.312 E.37207
G1 X62.935 Y30.312 E.33861
G1 X62.591 Y30.081 E.01118
G1 X62.055 Y29.8 E.01633
G1 X61.539 Y29.634 E.01463
G1 X61.094 Y29.584 E.01208
G1 X60.665 Y29.626 E.01163
G1 X60.217 Y29.759 E.01261
G1 X59.723 Y29.999 E.01482
G1 X59.246 Y30.312 E.0154
G1 X50.194 Y30.312 E.24427
G1 X50.194 Y25.839 E.1207
G1 X50.099 Y25.579 E.00747
G1 X49.917 Y25.401 E.00687
G1 X49.606 Y25.312 E.00873
G1 X48.249 Y25.312 E.03662
G1 X48.249 Y16.584 E.23552
G1 X47.853 Y16.128 F9000
;TYPE:External perimeter
;WIDTH:0.419999
G1 F1800
G1 X75.878 Y16.128 E.71896
G1 X75.878 Y30.708 E.37404
G1 X62.812 Y30.708 E.3352
G1 X62.402 Y30.428 E.01274
G1 X61.934 Y30.177 E.01362
G1 X61.418 Y30.011 E.01391
G1 X61.064 Y29.979 E.00912
G1 X60.714 Y30.019 E.00904
G1 X60.337 Y30.136 E.01013
G1 X59.88 Y30.365 E.01311
G1 X59.366 Y30.708 E.01585
G1 X49.798 Y30.708 E.24546
G1 X49.798 Y25.901 E.12332
G1 X49.752 Y25.775 E.00344
G1 X49.606 Y25.708 E.00412
G1 X47.853 Y25.708 E.04497
G1 X47.853 Y16.188 E.24423
G1 E-3.5 F3600
;WIPE_START
G1 F7200
G1 X47.853 Y16.128 E-.0285
G1 X50.951 Y16.128 E-1.4715
;WIPE_END
G1 X49.831 Y17.242 F9000
G1 E5 F2400
;TYPE:Internal infill
;WIDTH:0.44
G1 F3600
G1 X52.265 Y17.242 E.06568
G1 X49.486 Y20.021 E.10605
G1 X49.486 Y19.166 E.02307
G1 X58.792 Y28.472 E.35514
G1 X58.792 Y26.013 E.06636
G1 X55.211 Y29.594 E.13666
G1 X52.265 Y29.594 E.0795
G1 X50.912 Y28.242 E.05161
G1 X50.912 Y26.243 E.05394
G1 X58.792 Y18.363 E.30072
G1 X58.792 Y20.823 E.06638
G1 X55.211 Y17.242 E.13666
G1 X57.645 Y17.242 E.06568
G1 E-3.5
;WIPE_START
G1 F7200
G1 X55.211 Y17.242 E-1.15615
G1 X55.723 Y17.754 E-.34385
;WIPE_END
G1 X59.014 Y28.302 F9000
G1 E5 F2400
;TYPE:Solid infill
;WIDTH:0.374336
G1 F3600
G1 X58.995 Y28.374 E.00168
G1 X59.066 Y28.355 E.00166
G1 X59.055 Y28.313 E.00098
;WIDTH:0.407168
G1 X59.126 Y28.406 E.0029
;WIDTH:0.439999
G1 X59.198 Y28.499 E.00317
G1 X59.845 Y29.147 E.02471
G1 X60.265 Y28.993 E.01207
G1 X59.198 Y27.926 E.04072
G1 X59.198 Y27.352 E.01549
G1 X60.746 Y28.9 E.05908
G1 X61.306 Y28.886 E.01512
G1 X59.198 Y26.778 E.08045
G1 X59.198 Y26.204 E.01549
G1 X62.036 Y29.043 E.10832
G1 X62.003 Y29.118 E.00221
;WIDTH:0.407168
G1 X61.97 Y29.193 E.00203
;WIDTH:0.374336
G1 X62.167 Y29.247 E.00462
G1 X62.323 Y29.228 E.00355
;WIDTH:0.439999
G1 X63.043 Y29.476 E.02055
G1 X59.198 Y25.631 E.14673
G1 X59.198 Y25.057 E.01549
G1 X62.979 Y28.838 E.14429
G1 X62.979 Y28.264 E.01549
G1 X59.198 Y24.483 E.14429
G1 X59.198 Y23.91 E.01546
G1 X62.979 Y27.691 E.14429
G1 X62.979 Y27.117 E.01549
G1 X59.198 Y23.336 E.14429
G1 X59.198 Y22.762 E.01549
G1 X62.979 Y26.543 E.14429
G1 X62.979 Y25.97 E.01546
G1 X59.198 Y22.189 E.14429
G1 X59.198 Y21.615 E.01549
G1 X62.979 Y25.396 E.14429
G1 X62.979 Y24.822 E.01549
G1 X59.198 Y21.041 E.14429
G1 X59.198 Y20.468 E.01546
G1 X62.979 Y24.249 E.14429
G1 X62.979 Y23.675 E.01549
G1 X59.198 Y19.894 E.14429
G1 X59.198 Y19.32 E.01549
G1 X62.979 Y23.101 E.14429
G1 X62.979 Y22.527 E.01549
G1 X59.198 Y18.746 E.14429
G1 X59.198 Y18.173 E.01546
G1 X62.979 Y21.954 E.14429
G1 X62.979 Y21.38 E.01549
G1 X59.198 Y17.599 E.14429
G1 X59.096 Y17.11 E.01348
;WIDTH:0.374336
G1 X59.077 Y17.181 E.00166
G1 X59.148 Y17.162 E.00166
G1 X59.137 Y17.121 E.00096
;WIDTH:0.407168
G1 X59.276 Y17.181 E.00375
;WIDTH:0.439999
G1 X59.414 Y17.242 E.00407
G1 X62.979 Y20.806 E.13603
G1 X62.979 Y20.233 E.01546
G1 X59.988 Y17.242 E.11414
G1 X60.561 Y17.242 E.01546
G1 X62.979 Y19.659 E.09226
G1 X62.979 Y19.085 E.01549
G1 X61.135 Y17.242 E.07035
G1 X62.979 Y17.242 E.04976
G1 X62.979 Y18.512 E.03427
G1 X61.852 Y17.385 E.04301
G1 E-3.5
;WIPE_START
G1 F7200
G1 X62.979 Y18.512 E-.75706
G1 X62.979 Y17.242 E-.60325
G1 X62.685 Y17.242 E-.13969
;WIPE_END
G1 X59.295 Y29.308 F9000
G1 E5 F2400
;WIDTH:0.63529
G1 F3600
G1 X59.262 Y29.355 E.0023
;WIDTH:0.59277
G1 X59.23 Y29.401 E.00208
;WIDTH:0.55025
G1 X59.128 Y29.493 E.00471
;WIDTH:0.503561
G1 X59.027 Y29.586 E.00429
G1 E-3.5
;WIPE_START
G1 F7200
G1 X59.128 Y29.493 E-.06522
G1 X59.23 Y29.401 E-.06525
G1 X59.262 Y29.355 E-.02662
G1 X59.295 Y29.308 E-.02728
;WIPE_END
G1 E-1.31563 F3600
G1 X49.023 Y24.538 F9000
G1 E5 F2400
;WIDTH:0.553128
G1 F3600
G1 X49.023 Y17.298 E.24985
G1 E-3.5
;WIPE_START
G1 F7200
G1 X49.023 Y20.456 E-1.5
;WIPE_END
G1 X74.765 Y22.905 F9000
G1 E5 F2400
;TYPE:Internal infill
;WIDTH:0.44
G1 F3600
G1 X74.765 Y25.339 E.06568
G1 X70.509 Y29.594 E.1624
G1 X67.563 Y29.594 E.0795
G1 X63.385 Y25.416 E.15944
G1 X63.385 Y29.07 E.0986
G1 X74.765 Y17.689 E.43431
G1 X74.765 Y21.497 E.10276
G1 X70.509 Y17.242 E.1624
G1 X67.563 Y17.242 E.0795
G1 X63.385 Y21.42 E.15944
G1 X63.385 Y17.766 E.0986
G1 X74.765 Y29.146 E.43429
G1 X74.765 Y29.594 E.01209
G1 X72.779 Y29.594 E.05359
;LAYER_CHANGE
;Z:6.76
;HEIGHT:0.16
;BEFORE_LAYER_CHANGE
G92 E0
;6.76


G1 E-3.5 F3600
;WIPE_START
G1 F7200
G1 X74.765 Y29.594 E-.94335
G1 X74.765 Y29.146 E-.2128
G1 X74.253 Y28.634 E-.34385
;WIPE_END
G1 Z6.76 F9000
;AFTER_LAYER_CHANGE
;6.76
G1 X75.077 Y29.907
G1 E5 F2400
;TYPE:Perimeter
;WIDTH:0.439999
G1 F3600
G1 X62.868 Y29.907 E.32946
G1 X62.596 Y29.749 E.00849
G1 X62.015 Y29.497 E.01709
G1 X61.462 Y29.365 E.01534
G1 X60.923 Y29.345 E.01455
G1 X60.398 Y29.427 E.01434
G1 X59.844 Y29.624 E.01587
G1 X59.332 Y29.907 E.01579
G1 X50.6 Y29.907 E.23563
G1 X50.6 Y25.901 E.1081
G1 X50.571 Y25.664 E.00644
G1 X50.427 Y25.34 E.00957
G1 X50.222 Y25.121 E.00809
G1 X49.899 Y24.951 E.00985
G1 X49.606 Y24.907 E.008
G1 X48.48 Y24.907 E.03038
G1 X48.48 Y16.929 E.21528
G1 X75.077 Y16.929 E.71772
G1 X75.077 Y29.847 E.34859
G1 X75.483 Y30.312 F9000
G1 F3600
G1 X62.754 Y30.312 E.34349
G1 X62.487 Y30.15 E.00843
G1 X61.999 Y29.922 E.01453
G1 X61.542 Y29.789 E.01284
G1 X61.031 Y29.743 E.01384
G1 X60.522 Y29.814 E.01387
G1 X60.04 Y29.98 E.01376
G1 X59.436 Y30.312 E.0186
G1 X50.194 Y30.312 E.24939
G1 X50.194 Y25.838 E.12073
G1 X50.092 Y25.569 E.00776
G1 X49.894 Y25.388 E.00724
G1 X49.606 Y25.312 E.00804
G1 X48.075 Y25.312 E.04131
G1 X48.075 Y16.524 E.23714
G1 X75.483 Y16.524 E.7396
G1 X75.483 Y30.252 E.37045
G1 X75.878 Y30.708 F9000
;TYPE:External perimeter
;WIDTH:0.419999
G1 F1800
G1 X62.644 Y30.708 E.33951
G1 X62.282 Y30.488 E.01087
G1 X61.834 Y30.281 E.01266
G1 X61.438 Y30.171 E.01054
G1 X61.06 Y30.139 E.00973
G1 X60.677 Y30.183 E.00989
G1 X60.231 Y30.326 E.01202
G1 X59.538 Y30.708 E.0203
G1 X49.798 Y30.708 E.24987
G1 X49.798 Y25.901 E.12332
G1 X49.747 Y25.77 E.00361
G1 X49.606 Y25.708 E.00395
G1 X47.679 Y25.708 E.04944
G1 X47.679 Y16.128 E.24577
G1 X75.878 Y16.128 E.72343
G1 X75.878 Y30.648 E.3725
G1 E-3.5 F3600
;WIPE_START
G1 F7200
G1 X75.878 Y30.708 E-.0285
G1 X72.78 Y30.708 E-1.4715
;WIPE_END
G1 X65.456 Y29.594 F9000
G1 E5 F2400
;TYPE:Internal infill
;WIDTH:0.44
G1 F3600
G1 X63.578 Y29.594 E.05068
G1 X63.605 Y29.519 E.00215
G1 X63.237 Y29.217 E.01285
G1 X74.765 Y17.689 E.43994
G1 X74.765 Y21.497 E.10276
G1 X70.509 Y17.242 E.1624
G1 X67.563 Y17.242 E.0795
G1 X63.19 Y21.615 E.16688
G1 X63.19 Y25.221 E.09731
G1 X67.563 Y29.594 E.16688
G1 X70.509 Y29.594 E.0795
G1 X74.765 Y25.339 E.1624
G1 X74.765 Y29.146 E.10273
G1 X63.19 Y17.572 E.44171
G1 X63.19 Y17.242 E.00891
G1 X65.294 Y17.242 E.05678
G1 E-3.5
;WIPE_START
G1 F7200
G1 X63.19 Y17.242 E-.9994
G1 X63.19 Y17.572 E-.15675
G1 X63.702 Y18.084 E-.34385
;WIPE_END
G1 X59.519 Y17.287 F9000
G1 E5 F2400
;TYPE:Solid infill
;WIDTH:0.565258
G1 F3600
G1 X59.472 Y17.24 E.00235
G1 X59.408 Y17.257 E.00234
G1 X59.391 Y17.321 E.00234
G1 X59.438 Y17.368 E.00235
G1 X59.502 Y17.351 E.00234
;WIDTH:0.439999
G1 X59.392 Y18.029 E.01853
G1 X60.18 Y17.242 E.03005
G1 X60.273 Y17.17 E.00317
;WIDTH:0.407168
G1 X60.366 Y17.099 E.0029
;WIDTH:0.374336
G1 X60.325 Y17.11 E.00096
G1 X60.305 Y17.038 E.00169
G1 X60.377 Y17.057 E.00168
;WIDTH:0.439999
G1 X60.753 Y17.242 E.01131
G1 X59.392 Y18.603 E.05194
G1 X59.392 Y19.177 E.01549
G1 X61.327 Y17.242 E.07384
G1 X61.901 Y17.242 E.01549
G1 X59.392 Y19.75 E.09573
G1 X59.392 Y20.324 E.01549
G1 X62.475 Y17.242 E.11764
G1 X62.91 Y17.146 E.01202
;WIDTH:0.374336
G1 X62.839 Y17.127 E.00166
G1 X62.858 Y17.198 E.00166
G1 X62.899 Y17.187 E.00096
;WIDTH:0.407168
G1 X62.842 Y17.346 E.00419
;WIDTH:0.439999
G1 X62.784 Y17.505 E.00457
G1 X59.392 Y20.898 E.12947
G1 X59.392 Y21.471 E.01546
G1 X62.784 Y18.079 E.12945
G1 X62.784 Y18.653 E.01549
G1 X59.392 Y22.045 E.12945
G1 X59.392 Y22.619 E.01549
G1 X62.784 Y19.226 E.12947
G1 X62.784 Y19.8 E.01549
G1 X59.392 Y23.192 E.12945
G1 X59.392 Y23.766 E.01549
G1 X62.784 Y20.374 E.12945
G1 X62.784 Y20.948 E.01549
G1 X59.392 Y24.34 E.12945
G1 X59.392 Y24.913 E.01546
G1 X62.784 Y21.521 E.12945
G1 X62.784 Y22.095 E.01549
G1 X59.392 Y25.487 E.12945
G1 X59.392 Y26.061 E.01549
G1 X62.784 Y22.669 E.12945
G1 X62.784 Y23.242 E.01546
G1 X59.392 Y26.635 E.12947
G1 X59.392 Y27.208 E.01546
G1 X62.784 Y23.816 E.12945
G1 X62.784 Y24.39 E.01549
G1 X59.392 Y27.782 E.12945
G1 X59.392 Y28.356 E.01549
G1 X62.784 Y24.963 E.12947
G1 X62.784 Y25.537 E.01549
G1 X59.392 Y28.929 E.12945
G1 X59.073 Y29.644 E.02113
;WIDTH:0.394602
G1 X59.03 Y29.656 E.00107
G1 X59.01 Y29.58 E.00188
G1 X59.085 Y29.6 E.00186
;WIDTH:0.439999
G1 X59.362 Y29.533 E.00769
G1 X62.784 Y26.111 E.13059
G1 X62.784 Y26.684 E.01546
G1 X60.349 Y29.12 E.09294
G1 X60.226 Y29.205 E.00403
;WIDTH:0.407168
G1 X60.103 Y29.289 E.00369
;WIDTH:0.374336
G1 X60.032 Y29.27 E.00166
G1 X60.051 Y29.341 E.00166
G1 X60.092 Y29.33 E.00096
G1 X61.015 Y29.028 F9000
;WIDTH:0.439999
G1 F3600
G1 X62.784 Y27.258 E.06753
G1 X62.886 Y27.195 E.00324
;WIDTH:0.407168
G1 X62.988 Y27.132 E.00297
;WIDTH:0.374336
G1 X62.947 Y27.143 E.00096
G1 X62.928 Y27.072 E.00166
G1 X62.999 Y27.091 E.00166
;WIDTH:0.439999
G1 X62.785 Y27.832 E.02081
G1 X62.784 Y29.233 E.03781
G1 X62.837 Y29.389 E.00445
G1 X63.057 Y29.594 E.00811
G1 X62.954 Y29.594 E.00278
G1 X62.089 Y29.194 E.02572
G1 X61.552 Y29.064 E.01491
G1 X62.641 Y27.975 E.04156
G1 X62.415 Y28.838 F9000
;WIDTH:0.473558
G1 F3600
G1 X62.376 Y28.799 E.00161
G1 X62.323 Y28.813 E.0016
G1 X62.309 Y28.866 E.0016
G1 X62.348 Y28.905 E.00161
G1 X62.401 Y28.891 E.0016
G1 E-3.5
;WIPE_START
G1 F7200
G1 X62.348 Y28.905 E-.02604
G1 X62.309 Y28.866 E-.0262
G1 X62.323 Y28.813 E-.02604
G1 X62.376 Y28.799 E-.02604
G1 X62.415 Y28.838 E-.0262
;WIPE_END
G1 E-1.36948 F3600
G1 X57.645 Y17.242 F9000
G1 E5 F2400
;TYPE:Internal infill
;WIDTH:0.44
G1 F3600
G1 X55.211 Y17.242 E.06568
G1 X58.987 Y21.018 E.1441
G1 X58.987 Y18.169 E.07688
G1 X50.912 Y26.243 E.30814
G1 X50.912 Y28.242 E.05394
G1 X52.265 Y29.594 E.05161
G1 X55.211 Y29.594 E.0795
G1 X58.987 Y25.818 E.1441
G1 X58.987 Y28.667 E.07688
G1 X49.407 Y19.088 E.36558
G1 X49.408 Y20.099 E.02728
G1 X52.265 Y17.242 E.10903
G1 X49.831 Y17.242 E.06568
G1 X48.897 Y17.346 F9000
;TYPE:Solid infill
;WIDTH:0.64928
G1 F3600
G1 X48.897 Y24.49 E.29223
G1 E-3.5
;WIPE_START
G1 F7200
G1 X48.897 Y21.332 E-1.5
;WIPE_END
G1 X43.697 Y24.907 F9000
G1 E5 F2400
;TYPE:Perimeter
;WIDTH:0.439999
G1 F3600
G1 X42.571 Y24.907 E.03038
G1 X42.278 Y24.951 E.008
G1 X42.083 Y25.035 E.00573
G1 X41.841 Y25.227 E.00834
G1 X41.633 Y25.571 E.01085
G1 X41.577 Y25.901 E.00903
G1 X41.577 Y29.907 E.1081
G1 X32.868 Y29.907 E.23501
G1 X32.596 Y29.749 E.00849
G1 X32.015 Y29.497 E.01709
G1 X31.462 Y29.365 E.01534
G1 X30.923 Y29.345 E.01455
G1 X30.398 Y29.427 E.01434
G1 X29.844 Y29.624 E.01587
G1 X29.332 Y29.907 E.01579
G1 X17.1 Y29.907 E.33008
G1 X17.1 Y16.929 E.35021
G1 X43.697 Y16.929 E.71772
G1 X43.697 Y24.847 E.21367
G1 X44.102 Y25.312 F9000
G1 F3600
G1 X42.447 Y25.312 E.04466
G1 X42.206 Y25.439 E.00735
G1 X42.045 Y25.638 E.00691
G1 X41.983 Y25.901 E.00729
G1 X41.983 Y30.312 E.11903
G1 X32.754 Y30.312 E.24904
G1 X32.487 Y30.15 E.00843
G1 X31.999 Y29.922 E.01453
G1 X31.542 Y29.789 E.01284
G1 X31.031 Y29.743 E.01384
G1 X30.522 Y29.814 E.01387
G1 X30.04 Y29.98 E.01376
G1 X29.436 Y30.312 E.0186
G1 X16.694 Y30.312 E.34384
G1 X16.694 Y16.524 E.37207
G1 X44.102 Y16.524 E.7396
G1 X44.102 Y25.252 E.23552
G1 X44.498 Y25.708 F9000
;TYPE:External perimeter
;WIDTH:0.419999
G1 F1800
G1 X42.571 Y25.708 E.04944
G1 X42.429 Y25.77 E.00398
G1 X42.378 Y25.901 E.00361
G1 X42.378 Y30.708 E.12332
G1 X32.644 Y30.708 E.24972
G1 X32.282 Y30.488 E.01087
G1 X31.834 Y30.281 E.01266
G1 X31.438 Y30.171 E.01054
G1 X31.06 Y30.139 E.00973
G1 X30.677 Y30.183 E.00989
G1 X30.231 Y30.326 E.01202
G1 X29.538 Y30.708 E.0203
G1 X16.298 Y30.708 E.33966
G1 X16.298 Y16.128 E.37404
G1 X44.498 Y16.128 E.72345
G1 X44.498 Y25.648 E.24423
G1 E-3.5 F3600
;WIPE_START
G1 F7200
G1 X44.498 Y25.708 E-.0285
G1 X42.571 Y25.708 E-.91532
G1 X42.429 Y25.77 E-.0736
G1 X42.378 Y25.901 E-.06677
G1 X42.378 Y26.776 E-.41581
;WIPE_END
G1 X43.28 Y17.346 F9000
G1 E5 F2400
;TYPE:Solid infill
;WIDTH:0.64928
G1 F3600
G1 X43.28 Y24.49 E.29223
G1 E-3.5
;WIPE_START
G1 F7200
G1 X43.28 Y21.332 E-1.5
;WIPE_END
G1 X42.346 Y17.242 F9000
G1 E5 F2400
;TYPE:Internal infill
;WIDTH:0.44
G1 F3600
G1 X39.912 Y17.242 E.06568
G1 X42.769 Y20.099 E.10903
G1 X42.769 Y19.088 E.02728
G1 X33.19 Y28.667 E.36556
G1 X33.19 Y25.818 E.07688
G1 X36.966 Y29.594 E.1441
G1 X39.912 Y29.594 E.0795
G1 X41.265 Y28.242 E.05161
G1 X41.265 Y26.243 E.05394
G1 X33.19 Y18.169 E.30814
G1 X33.19 Y21.018 E.07688
G1 X36.966 Y17.242 E.1441
G1 X34.532 Y17.242 E.06568
G1 E-3.5
;WIPE_START
G1 F7200
G1 X36.966 Y17.242 E-1.15615
G1 X36.454 Y17.754 E-.34385
;WIPE_END
G1 X29.519 Y17.287 F9000
G1 E5 F2400
;TYPE:Solid infill
;WIDTH:0.565258
G1 F3600
G1 X29.472 Y17.24 E.00235
G1 X29.408 Y17.257 E.00234
G1 X29.391 Y17.321 E.00234
G1 X29.438 Y17.368 E.00235
G1 X29.502 Y17.351 E.00234
;WIDTH:0.439999
G1 X29.392 Y18.029 E.01853
G1 X30.18 Y17.242 E.03005
G1 X30.273 Y17.17 E.00317
;WIDTH:0.407168
G1 X30.366 Y17.099 E.0029
;WIDTH:0.374336
G1 X30.325 Y17.11 E.00096
G1 X30.305 Y17.038 E.00169
G1 X30.377 Y17.057 E.00168
;WIDTH:0.439999
G1 X30.753 Y17.242 E.01131
G1 X29.392 Y18.603 E.05194
G1 X29.392 Y19.177 E.01549
G1 X31.327 Y17.242 E.07384
G1 X31.901 Y17.242 E.01549
G1 X29.392 Y19.75 E.09573
G1 X29.392 Y20.324 E.01549
G1 X32.475 Y17.242 E.11764
G1 X32.91 Y17.146 E.01202
;WIDTH:0.374336
G1 X32.839 Y17.127 E.00166
G1 X32.858 Y17.198 E.00166
G1 X32.899 Y17.187 E.00096
;WIDTH:0.407168
G1 X32.842 Y17.346 E.00419
;WIDTH:0.439999
G1 X32.785 Y17.505 E.00456
G1 X29.392 Y20.898 E.12948
G1 X29.392 Y21.471 E.01546
G1 X32.785 Y18.079 E.12947
G1 X32.785 Y18.653 E.01549
G1 X29.392 Y22.045 E.12947
G1 X29.392 Y22.619 E.01549
G1 X32.785 Y19.226 E.12948
G1 X32.785 Y19.8 E.01549
G1 X29.392 Y23.192 E.12947
G1 X29.392 Y23.766 E.01549
G1 X32.785 Y20.374 E.12947
G1 X32.785 Y20.948 E.01549
G1 X29.392 Y24.34 E.12947
G1 X29.392 Y24.913 E.01546
G1 X32.785 Y21.521 E.12947
G1 X32.785 Y22.095 E.01549
G1 X29.392 Y25.487 E.12947
G1 X29.392 Y26.061 E.01549
G1 X32.785 Y22.669 E.12947
G1 X32.785 Y23.242 E.01546
G1 X29.392 Y26.635 E.12948
G1 X29.392 Y27.208 E.01546
G1 X32.785 Y23.816 E.12947
G1 X32.785 Y24.39 E.01549
G1 X29.392 Y27.782 E.12947
G1 X29.392 Y28.356 E.01549
G1 X32.785 Y24.963 E.12948
G1 X32.785 Y25.537 E.01549
G1 X29.392 Y28.929 E.12947
G1 X29.073 Y29.644 E.02113
;WIDTH:0.394602
G1 X29.03 Y29.656 E.00107
G1 X29.01 Y29.58 E.00188
G1 X29.085 Y29.6 E.00186
;WIDTH:0.439999
G1 X29.362 Y29.533 E.00769
G1 X32.785 Y26.111 E.13061
G1 X32.785 Y26.684 E.01546
G1 X30.349 Y29.12 E.09296
G1 X30.226 Y29.205 E.00403
;WIDTH:0.407168
G1 X30.103 Y29.289 E.00369
;WIDTH:0.374336
G1 X30.032 Y29.27 E.00166
G1 X30.051 Y29.341 E.00166
G1 X30.092 Y29.33 E.00096
G1 X31.015 Y29.028 F9000
;WIDTH:0.439999
G1 F3600
G1 X32.785 Y27.258 E.06755
G1 X32.785 Y29.233 E.0533
G1 X32.837 Y29.389 E.00444
G1 X33.057 Y29.594 E.00811
G1 X32.954 Y29.594 E.00278
G1 X32.089 Y29.194 E.02572
G1 X31.552 Y29.064 E.01491
G1 X32.641 Y27.975 E.04156
G1 X32.415 Y28.838 F9000
;WIDTH:0.473558
G1 F3600
G1 X32.376 Y28.799 E.00161
G1 X32.323 Y28.813 E.0016
G1 X32.309 Y28.866 E.0016
G1 X32.348 Y28.905 E.00161
G1 X32.401 Y28.891 E.0016
G1 E-3.5
;WIPE_START
G1 F7200
G1 X32.348 Y28.905 E-.02604
G1 X32.309 Y28.866 E-.0262
G1 X32.323 Y28.813 E-.02604
G1 X32.376 Y28.799 E-.02604
G1 X32.415 Y28.838 E-.0262
;WIPE_END
G1 E-1.36948 F3600
G1 X26.713 Y29.594 F9000
G1 E5 F2400
;TYPE:Internal infill
;WIDTH:0.44
G1 F3600
G1 X28.581 Y29.594 E.05041
G1 X28.556 Y29.526 E.00196
G1 X28.94 Y29.217 E.0133
G1 X17.412 Y17.689 E.43994
G1 X17.412 Y21.497 E.10276
G1 X21.668 Y17.242 E.1624
G1 X24.614 Y17.242 E.0795
G1 X28.987 Y21.615 E.16688
G1 X28.987 Y25.221 E.09731
G1 X24.614 Y29.594 E.16688
G1 X21.668 Y29.594 E.0795
G1 X17.412 Y25.339 E.1624
G1 X17.412 Y29.146 E.10273
G1 X28.987 Y17.572 E.44171
G1 X28.987 Y17.242 E.00891
G1 X26.883 Y17.242 E.05678
;LAYER_CHANGE
;Z:6.92
;HEIGHT:0.16
;BEFORE_LAYER_CHANGE
G92 E0
;6.92


G1 E-3.5 F3600
;WIPE_START
G1 F7200
G1 X28.987 Y17.242 E-.9994
G1 X28.987 Y17.572 E-.15675
G1 X28.475 Y18.084 E-.34385
;WIPE_END
G1 Z6.92 F9000
;AFTER_LAYER_CHANGE
;6.92
G1 X17.1 Y16.929
G1 E5 F2400
;TYPE:Perimeter
;WIDTH:0.439999
G1 F3600
G1 X43.918 Y16.929 E.72368
G1 X43.918 Y24.907 E.21528
G1 X42.571 Y24.907 E.03635
G1 X42.312 Y24.941 E.00705
G1 X42.002 Y25.086 E.00924
G1 X41.804 Y25.269 E.00728
G1 X41.633 Y25.571 E.00937
G1 X41.577 Y25.901 E.00903
G1 X41.577 Y29.907 E.1081
G1 X32.63 Y29.907 E.24143
G1 X32.343 Y29.774 E.00854
G1 X31.49 Y29.528 E.02396
G1 X30.87 Y29.512 E.01674
G1 X30.052 Y29.688 E.02258
G1 X29.574 Y29.907 E.01419
G1 X17.1 Y29.907 E.33661
G1 X17.1 Y16.989 E.34859
G1 X16.694 Y16.524 F9000
G1 F3600
G1 X44.324 Y16.524 E.74559
G1 X44.324 Y25.312 E.23714
G1 X42.461 Y25.312 E.05027
G1 X42.234 Y25.418 E.00676
G1 X42.041 Y25.646 E.00806
G1 X41.983 Y25.901 E.00706
G1 X41.983 Y30.312 E.11903
G1 X32.53 Y30.312 E.25509
G1 X32.219 Y30.16 E.00934
G1 X31.459 Y29.932 E.02141
G1 X30.94 Y29.912 E.01402
G1 X30.22 Y30.057 E.01982
G1 X29.662 Y30.312 E.01656
G1 X16.694 Y30.312 E.34994
G1 X16.694 Y16.584 E.37045
G1 X16.298 Y16.128 F9000
;TYPE:External perimeter
;WIDTH:0.419999
G1 F1800
G1 X44.72 Y16.128 E.72915
G1 X44.72 Y25.708 E.24577
G1 X42.571 Y25.708 E.05513
G1 X42.44 Y25.76 E.00362
G1 X42.378 Y25.901 E.00395
G1 X42.378 Y30.708 E.12332
G1 X32.434 Y30.708 E.25511
G1 X32.098 Y30.536 E.00968
G1 X31.542 Y30.357 E.01498
G1 X31.009 Y30.301 E.01375
G1 X30.385 Y30.417 E.01628
G1 X29.748 Y30.708 E.01797
G1 X16.298 Y30.708 E.34505
G1 X16.298 Y16.188 E.3725
G1 E-3.5 F3600
;WIPE_START
G1 F7200
G1 X16.298 Y16.128 E-.0285
G1 X19.396 Y16.128 E-1.4715
;WIPE_END
G1 X29.33 Y19.662 F9000
G1 E5 F2400
;TYPE:Internal infill
;WIDTH:0.44
G1 F3600
G1 X29.317 Y17.242 E.0653
G1 X17.412 Y29.146 E.4543
G1 X17.412 Y25.339 E.10273
G1 X21.668 Y29.594 E.1624
G1 X24.614 Y29.594 E.0795
G1 X29.33 Y24.877 E.17999
G1 X29.33 Y21.958 E.07877
G1 X24.614 Y17.242 E.17997
G1 X21.668 Y17.242 E.0795
G1 X17.412 Y21.497 E.1624
G1 X17.412 Y17.689 E.10276
G1 X29 Y29.277 E.44223
G1 X28.7 Y29.499 E.01007
G1 X28.731 Y29.594 E.0027
G1 X26.771 Y29.594 E.05289
G1 E-3.5
;WIPE_START
G1 F7200
G1 X28.731 Y29.594 E-.931
G1 X28.7 Y29.499 E-.04747
G1 X29 Y29.277 E-.17727
G1 X28.488 Y28.765 E-.34426
;WIPE_END
G1 X29.264 Y29.594 F9000
G1 E5 F2400
;TYPE:Solid infill
;WIDTH:0.439999
G1 F3600
G1 X29.668 Y29.286 E.01371
G1 X29.736 Y29.111 E.00507
G1 X29.736 Y17.242 E.32028
G1 X32.441 Y17.242 E.07299
G1 X32.441 Y29.112 E.32031
G1 X32.504 Y29.282 E.00489
G1 X32.92 Y29.594 E.01403
G1 X32.716 Y29.594 E.0055
G1 X32.282 Y29.427 E.01255
G1 X31.645 Y29.235 E.01795
G1 X31.009 Y29.188 E.01721
G1 X30.071 Y29.349 E.02568
G1 X29.521 Y29.588 E.01618
G1 X29.467 Y29.59 E.00146
G1 X30.142 Y28.92 F9000
G1 F3600
G1 X30.142 Y17.647 E.3042
G1 X32.035 Y17.647 E.05108
G1 X32.035 Y28.926 E.30436
G1 X31.679 Y28.83 E.00995
G1 X30.943 Y28.788 E.01989
G1 X30.342 Y28.887 E.01644
G1 X30.547 Y28.442 E.01322
G1 X30.547 Y18.053 E.28035
G1 X31.629 Y18.053 E.0292
G1 X31.629 Y28.419 E.27972
G1 X31.072 Y28.374 E.01508
G1 X30.748 Y28.416 E.00882
G1 X30.919 Y28.013 E.01181
;WIDTH:0.372588
G1 X30.919 Y18.425 E.21574
G1 X31.258 Y18.425 E.00763
G1 X31.258 Y28.015 E.21578
G1 X31.122 Y28.014 E.00306
G1 E-3.5
;WIPE_START
G1 F7200
G1 X31.258 Y28.015 E-.0646
G1 X31.258 Y24.993 E-1.4354
;WIPE_END
G1 X32.846 Y23.795 F9000
G1 E5 F2400
;TYPE:Internal infill
;WIDTH:0.44
G1 F3600
G1 X32.846 Y21.361 E.06568
G1 X36.966 Y17.242 E.15721
G1 X39.912 Y17.242 E.0795
G1 X42.866 Y20.196 E.11273
G1 X42.866 Y18.991 E.03252
G1 X32.846 Y29.011 E.38239
G1 X32.846 Y25.475 E.09542
G1 X36.966 Y29.594 E.15721
G1 X39.912 Y29.594 E.0795
G1 X41.265 Y28.242 E.05161
G1 X41.265 Y26.243 E.05394
G1 X32.846 Y17.825 E.32127
G1 X32.846 Y17.242 E.01573
G1 X34.697 Y17.242 E.04995
G1 E-3.5
;WIPE_START
G1 F7200
G1 X32.846 Y17.242 E-.87922
G1 X32.846 Y17.825 E-.27692
G1 X33.358 Y18.337 E-.34386
;WIPE_END
G1 X43.254 Y17.224 F9000
G1 E5 F2400
;TYPE:Solid infill
;WIDTH:0.404191
G1 F3600
G1 X43.624 Y17.224 E.0091
G1 X43.624 Y24.612 E.18177
G1 X43.254 Y24.612 E.0091
G1 X43.254 Y17.427 E.17677
G1 E-3.5
;WIPE_START
G1 F7200
G1 X43.254 Y20.585 E-1.5
;WIPE_END
G1 X48.259 Y16.929 F9000
G1 E5 F2400
;TYPE:Perimeter
;WIDTH:0.439999
G1 F3600
G1 X75.077 Y16.929 E.72368
G1 X75.077 Y29.907 E.35021
G1 X62.63 Y29.907 E.33588
G1 X62.343 Y29.774 E.00854
G1 X61.49 Y29.528 E.02396
G1 X60.87 Y29.512 E.01674
G1 X60.052 Y29.688 E.02258
G1 X59.574 Y29.907 E.01419
G1 X50.6 Y29.907 E.24216
G1 X50.6 Y25.901 E.1081
G1 X50.571 Y25.664 E.00644
G1 X50.446 Y25.369 E.00865
G1 X50.175 Y25.086 E.01057
G1 X49.865 Y24.941 E.00924
G1 X49.606 Y24.907 E.00705
G1 X48.259 Y24.907 E.03635
G1 X48.259 Y16.989 E.21367
G1 X47.853 Y16.524 F9000
G1 F3600
G1 X75.483 Y16.524 E.74559
G1 X75.483 Y30.312 E.37207
G1 X62.53 Y30.312 E.34953
G1 X62.219 Y30.16 E.00934
G1 X61.459 Y29.932 E.02141
G1 X60.94 Y29.912 E.01402
G1 X60.22 Y30.057 E.01982
G1 X59.662 Y30.312 E.01656
G1 X50.194 Y30.312 E.25549
G1 X50.194 Y25.794 E.12192
G1 X50.06 Y25.527 E.00806
G1 X49.867 Y25.373 E.00666
G1 X49.606 Y25.312 E.00723
G1 X47.853 Y25.312 E.0473
G1 X47.853 Y16.584 E.23552
G1 X47.457 Y16.128 F9000
;TYPE:External perimeter
;WIDTH:0.419999
G1 F1800
G1 X75.878 Y16.128 E.72912
G1 X75.878 Y30.708 E.37404
G1 X62.434 Y30.708 E.3449
G1 X62.098 Y30.536 E.00968
G1 X61.542 Y30.357 E.01498
G1 X61.009 Y30.301 E.01375
G1 X60.385 Y30.417 E.01628
G1 X59.748 Y30.708 E.01797
G1 X49.798 Y30.708 E.25526
G1 X49.798 Y25.901 E.12332
G1 X49.754 Y25.778 E.00335
G1 X49.606 Y25.708 E.0042
G1 X47.457 Y25.708 E.05513
G1 X47.457 Y16.188 E.24423
G1 X48.553 Y17.224 F9000
;TYPE:Solid infill
;WIDTH:0.404192
G1 F3600
G1 X48.923 Y17.224 E.0091
G1 X48.923 Y24.612 E.18177
G1 X48.553 Y24.612 E.0091
G1 X48.553 Y17.427 E.17677
G1 E-3.5
;WIPE_START
G1 F7200
G1 X48.553 Y20.585 E-1.5
;WIPE_END
G1 X59.33 Y23.041 F9000
G1 E5 F2400
;TYPE:Internal infill
;WIDTH:0.44
G1 F3600
G1 X59.33 Y25.475 E.06568
G1 X55.211 Y29.594 E.15719
G1 X52.265 Y29.594 E.0795
G1 X50.912 Y28.242 E.05161
G1 X50.912 Y26.243 E.05394
G1 X59.33 Y17.825 E.32125
G1 X59.33 Y21.361 E.09542
G1 X55.211 Y17.242 E.15719
G1 X52.265 Y17.242 E.0795
G1 X49.311 Y20.196 E.11273
G1 X49.311 Y18.991 E.03252
G1 X59.33 Y29.011 E.38237
G1 X58.7 Y29.499 E.0215
G1 X58.731 Y29.594 E.0027
G1 X57.211 Y29.594 E.04102
G1 E-3.5
;WIPE_START
G1 F7200
G1 X58.731 Y29.594 E-.722
G1 X58.7 Y29.499 E-.04747
G1 X59.33 Y29.011 E-.37853
G1 X58.806 Y28.487 E-.352
;WIPE_END
G1 X59.264 Y29.594 F9000
G1 E5 F2400
;TYPE:Solid infill
;WIDTH:0.439999
G1 F3600
G1 X59.668 Y29.286 E.01371
G1 X59.736 Y29.111 E.00507
G1 X59.736 Y17.242 E.32028
G1 X62.441 Y17.242 E.07299
G1 X62.441 Y29.112 E.32031
G1 X62.504 Y29.282 E.00489
G1 X62.92 Y29.594 E.01403
G1 X62.716 Y29.594 E.0055
G1 X62.282 Y29.427 E.01255
G1 X61.645 Y29.235 E.01795
G1 X61.009 Y29.188 E.01721
G1 X60.071 Y29.349 E.02568
G1 X59.521 Y29.588 E.01618
G1 X59.467 Y29.59 E.00146
G1 X60.142 Y28.92 F9000
G1 F3600
G1 X60.142 Y17.647 E.3042
G1 X62.035 Y17.647 E.05108
G1 X62.035 Y28.926 E.30436
G1 X61.679 Y28.83 E.00995
G1 X60.943 Y28.788 E.01989
G1 X60.342 Y28.887 E.01644
G1 X60.547 Y28.442 E.01322
G1 X60.547 Y18.053 E.28035
G1 X61.629 Y18.053 E.0292
G1 X61.629 Y28.419 E.27972
G1 X61.072 Y28.374 E.01508
G1 X60.748 Y28.416 E.00882
G1 X60.919 Y28.013 E.01181
;WIDTH:0.372587
G1 X60.919 Y18.425 E.21574
G1 X61.258 Y18.425 E.00763
G1 X61.258 Y28.015 E.21578
G1 X61.122 Y28.014 E.00306
G1 E-3.5
;WIPE_START
G1 F7200
G1 X61.258 Y28.015 E-.0646
G1 X61.258 Y24.993 E-1.4354
;WIPE_END
G1 X65.397 Y29.594 F9000
G1 E5 F2400
;TYPE:Internal infill
;WIDTH:0.44
G1 F3600
G1 X63.443 Y29.594 E.05273
G1 X63.478 Y29.484 E.00311
G1 X63.176 Y29.278 E.00986
G1 X74.765 Y17.689 E.44226
G1 X74.765 Y21.497 E.10276
G1 X70.509 Y17.242 E.1624
G1 X67.563 Y17.242 E.0795
G1 X62.846 Y21.958 E.17999
G1 X62.846 Y24.877 E.07877
G1 X67.563 Y29.594 E.18001
G1 X70.509 Y29.594 E.0795
G1 X74.765 Y25.339 E.1624
G1 X74.765 Y29.146 E.10273
G1 X62.86 Y17.242 E.4543
G1 X62.846 Y19.662 E.0653
;LAYER_CHANGE
;Z:7.08
;HEIGHT:0.16
;BEFORE_LAYER_CHANGE
G92 E0
;7.08


G1 E-3.5 F3600
;WIPE_START
G1 F7200
G1 X62.86 Y17.242 E-1.14952
G1 X63.382 Y17.764 E-.35048
;WIPE_END
G1 Z7.08 F9000
;AFTER_LAYER_CHANGE
;7.08
G1 X41.874 Y25.202
G1 E5 F2400
;TYPE:Perimeter
;WIDTH:0.439999
G1 F3437
G1 X41.832 Y25.236 E.00146
G1 X41.633 Y25.571 E.01051
G1 X41.577 Y25.901 E.00903
G1 X41.577 Y29.907 E.1081
G1 X32.296 Y29.907 E.25045
G1 X31.74 Y29.734 E.01571
G1 X31.155 Y29.664 E.0159
G1 X30.851 Y29.675 E.00821
G1 X30.239 Y29.792 E.01681
G1 X29.863 Y29.907 E.01061
G1 X17.1 Y29.907 E.34441
G1 X17.1 Y16.929 E.35021
G1 X44.224 Y16.929 E.73194
G1 X44.224 Y24.907 E.21528
G1 X42.571 Y24.907 E.04461
G1 X42.267 Y24.954 E.0083
G1 X42.069 Y25.043 E.00586
G1 X41.921 Y25.164 E.00516
G1 X42.161 Y25.492 F9000
G1 F3437
G1 X42.044 Y25.64 E.00509
G1 X41.983 Y25.901 E.00723
G1 X41.983 Y30.312 E.11903
G1 X32.225 Y30.312 E.26332
G1 X31.692 Y30.136 E.01515
G1 X30.927 Y30.073 E.02071
G1 X30.315 Y30.19 E.01681
G1 X29.941 Y30.312 E.01062
G1 X16.694 Y30.312 E.35747
G1 X16.694 Y16.524 E.37207
G1 X44.63 Y16.524 E.75385
G1 X44.63 Y25.312 E.23714
G1 X42.571 Y25.312 E.05556
G1 X42.391 Y25.341 E.00492
G1 X42.199 Y25.446 E.00591
G1 X42.438 Y25.773 F9000
;TYPE:External perimeter
;WIDTH:0.419999
G1 F1800
G1 X42.378 Y25.901 E.00363
G1 X42.378 Y30.708 E.12332
G1 X32.156 Y30.708 E.26224
G1 X31.646 Y30.529 E.01387
G1 X31.004 Y30.461 E.01656
G1 X30.389 Y30.579 E.01607
G1 X30.017 Y30.708 E.0101
G1 X16.298 Y30.708 E.35195
G1 X16.298 Y16.128 E.37404
G1 X45.025 Y16.128 E.73697
G1 X45.025 Y25.708 E.24577
G1 X42.571 Y25.708 E.06296
G1 X42.483 Y25.74 E.0024
G1 E-3.5 F3600
;WIPE_START
G1 F7200
G1 X42.438 Y25.773 E-.02651
G1 X42.378 Y25.901 E-.06715
G1 X42.378 Y28.862 E-1.40634
;WIPE_END
G1 X43.882 Y17.271 F9000
G1 E5 F2400
;TYPE:Solid infill
;WIDTH:0.498644
G1 F3437
G1 X43.882 Y24.565 E.22528
G1 X43.418 Y24.565 E.01433
G1 X43.418 Y17.271 E.22528
G1 X43.679 Y17.271 E.00806
G1 E-3.5 F3600
;WIPE_START
G1 F7200
G1 X43.418 Y17.271 E-.12398
G1 X43.418 Y20.168 E-1.37602
;WIPE_END
G1 X31.746 Y19.159 F9000
G1 E5 F2400
;TYPE:Internal infill
;WIDTH:0.44
G1 F3437
G1 X31.746 Y17.242 E.05173
G1 X32.263 Y17.242 E.01395
G1 X41.265 Y26.243 E.34352
G1 X41.265 Y28.242 E.05394
G1 X39.912 Y29.594 E.05161
G1 X36.966 Y29.594 E.0795
G1 X31.746 Y24.374 E.19921
G1 X31.746 Y22.462 E.0516
G1 X36.966 Y17.242 E.19921
G1 X39.912 Y17.242 E.0795
G1 X42.983 Y20.313 E.1172
G1 X42.983 Y18.874 E.03883
G1 X32.741 Y29.116 E.39086
G1 X32.259 Y28.869 E.01462
G1 X31.746 Y28.7 E.01458
G1 X31.746 Y27.348 E.03648
G1 X30.431 Y27.781 F9000
G1 F3437
G1 X30.431 Y28.699 E.02477
G1 X29.778 Y28.933 E.01872
G1 X29.066 Y29.343 E.02217
G1 X17.412 Y17.689 E.44474
G1 X17.412 Y21.497 E.10276
G1 X21.668 Y17.242 E.1624
G1 X24.614 Y17.242 E.0795
G1 X30.431 Y23.059 E.22199
G1 X30.431 Y23.777 E.01938
G1 X24.614 Y29.594 E.22199
G1 X21.668 Y29.594 E.0795
G1 X17.412 Y25.339 E.1624
G1 X17.412 Y29.146 E.10273
G1 X29.317 Y17.242 E.4543
G1 X30.431 Y17.242 E.03006
G1 X30.431 Y18.562 E.03562
G1 X30.861 Y17.266 F9000
;TYPE:Solid infill
;WIDTH:0.488995
G1 F3437
G1 X31.316 Y17.266 E.01376
G1 X31.316 Y28.914 E.35228
G1 X31.446 Y28.989 E.00454
;WIDTH:0.443704
G1 X31.576 Y29.064 E.00409
;WIDTH:0.398413
G1 X32.137 Y29.218 E.01409
;WIDTH:0.362955
G1 X32.673 Y29.481 E.01305
;WIDTH:0.338176
G1 X32.883 Y29.645 E.00539
G1 X32.366 Y29.645 E.01045
;WIDTH:0.362955
G1 X32.009 Y29.52 E.00827
;WIDTH:0.398413
G1 X31.502 Y29.419 E.01252
;WIDTH:0.447525
G1 X31.356 Y29.377 E.00418
;WIDTH:0.496637
G1 X31.211 Y29.336 E.00463
;WIDTH:0.545749
G1 X31.066 Y29.294 E.00514
G1 X30.908 Y29.342 E.00562
;WIDTH:0.497594
G1 X30.751 Y29.389 E.00505
;WIDTH:0.449439
G1 X30.593 Y29.437 E.00456
;WIDTH:0.401284
G1 X29.813 Y29.637 E.01966
;WIDTH:0.355072
G1 X29.301 Y29.637 E.01092
;WIDTH:0.358286
G1 X30.039 Y29.226 E.0182
;WIDTH:0.400602
G1 X30.57 Y29.07 E.01348
;WIDTH:0.450368
G1 X30.667 Y29.017 E.00306
;WIDTH:0.500134
G1 X30.764 Y28.965 E.00341
;WIDTH:0.549899
G1 X30.861 Y28.913 E.00377
G1 X30.861 Y28.853 E.00206
;WIDTH:0.519447
G1 X30.861 Y28.792 E.00197
;WIDTH:0.488995
G1 X30.861 Y17.469 E.34245
G1 E-3.5 F3600
;WIPE_START
G1 F7200
G1 X30.861 Y20.627 E-1.5
;WIPE_END
G1 X50.302 Y25.205 F9000
G1 E5 F2400
;TYPE:Perimeter
;WIDTH:0.439999
G1 F3437
G1 X50.237 Y25.133 E.00262
G1 X49.91 Y24.954 E.01006
G1 X49.606 Y24.907 E.0083
G1 X47.953 Y24.907 E.04461
G1 X47.953 Y16.929 E.21528
G1 X75.077 Y16.929 E.73194
G1 X75.077 Y29.907 E.35021
G1 X62.296 Y29.907 E.34489
G1 X61.74 Y29.734 E.01571
G1 X61.155 Y29.664 E.0159
G1 X60.851 Y29.675 E.00821
G1 X60.239 Y29.792 E.01681
G1 X59.863 Y29.907 E.01061
G1 X50.6 Y29.907 E.24996
G1 X50.6 Y25.901 E.1081
G1 X50.571 Y25.664 E.00644
G1 X50.431 Y25.347 E.00935
G1 X50.343 Y25.249 E.00355
G1 X50.011 Y25.495 F9000
G1 F3437
G1 X49.903 Y25.393 E.00401
G1 X49.606 Y25.312 E.00831
G1 X47.547 Y25.312 E.05556
G1 X47.547 Y16.524 E.23714
G1 X75.483 Y16.524 E.75385
G1 X75.483 Y30.312 E.37207
G1 X62.225 Y30.312 E.35776
G1 X61.692 Y30.136 E.01515
G1 X60.927 Y30.073 E.02071
G1 X60.315 Y30.19 E.01681
G1 X59.941 Y30.312 E.01062
G1 X50.194 Y30.312 E.26302
G1 X50.194 Y25.838 E.12073
G1 X50.094 Y25.573 E.00764
G1 X50.055 Y25.536 E.00145
G1 X49.734 Y25.765 F9000
;TYPE:External perimeter
;WIDTH:0.419999
G1 F1800
G1 X49.606 Y25.708 E.00359
G1 X47.151 Y25.708 E.06298
G1 X47.151 Y16.128 E.24577
G1 X75.878 Y16.128 E.73697
G1 X75.878 Y30.708 E.37404
G1 X62.156 Y30.708 E.35203
G1 X61.646 Y30.529 E.01387
G1 X61.004 Y30.461 E.01656
G1 X60.389 Y30.579 E.01607
G1 X60.017 Y30.708 E.0101
G1 X49.798 Y30.708 E.26216
G1 X49.798 Y25.901 E.12332
G1 X49.765 Y25.813 E.00241
G1 E-3.5 F3600
;WIPE_START
G1 F7200
G1 X49.734 Y25.765 E-.02714
G1 X49.606 Y25.708 E-.06656
G1 X47.151 Y25.708 E-1.16612
G1 X47.151 Y25.202 E-.24018
;WIPE_END
G1 X48.294 Y17.271 F9000
G1 E5 F2400
;TYPE:Solid infill
;WIDTH:0.498644
G1 F3437
G1 X48.759 Y17.271 E.01436
G1 X48.759 Y24.565 E.22528
G1 X48.294 Y24.565 E.01436
G1 X48.294 Y17.474 E.21901
G1 E-3.5 F3600
;WIPE_START
G1 F7200
G1 X48.294 Y20.632 E-1.5
;WIPE_END
G1 X60.431 Y19.159 F9000
G1 E5 F2400
;TYPE:Internal infill
;WIDTH:0.44
G1 F3437
G1 X60.431 Y17.242 E.05173
G1 X59.914 Y17.242 E.01395
G1 X50.912 Y26.243 E.34352
G1 X50.912 Y28.242 E.05394
G1 X52.265 Y29.594 E.05161
G1 X55.211 Y29.594 E.0795
G1 X60.431 Y24.374 E.19921
G1 X60.431 Y22.462 E.0516
G1 X55.211 Y17.242 E.19921
G1 X52.265 Y17.242 E.0795
G1 X49.194 Y20.313 E.1172
G1 X49.194 Y18.874 E.03883
G1 X59.44 Y29.12 E.39101
G1 X59.809 Y28.919 E.01134
G1 X60.431 Y28.699 E.0178
G1 X60.431 Y27.345 E.03654
G1 X61.746 Y27.781 F9000
G1 F3437
G1 X61.746 Y28.7 E.0248
G1 X62.287 Y28.881 E.01539
G1 X63.105 Y29.349 E.02543
G1 X74.765 Y17.689 E.44497
G1 X74.765 Y21.497 E.10276
G1 X70.509 Y17.242 E.1624
G1 X67.563 Y17.242 E.0795
G1 X61.746 Y23.059 E.22199
G1 X61.746 Y23.777 E.01938
G1 X67.563 Y29.594 E.22199
G1 X70.509 Y29.594 E.0795
G1 X74.765 Y25.339 E.1624
G1 X74.765 Y29.146 E.10273
G1 X62.86 Y17.242 E.4543
G1 X61.746 Y17.242 E.03006
G1 X61.746 Y18.562 E.03562
G1 X60.861 Y17.266 F9000
;TYPE:Solid infill
;WIDTH:0.488995
G1 F3437
G1 X61.316 Y17.266 E.01376
G1 X61.316 Y28.914 E.35228
G1 X61.446 Y28.989 E.00454
;WIDTH:0.443704
G1 X61.576 Y29.064 E.00409
;WIDTH:0.398413
G1 X62.137 Y29.218 E.01409
;WIDTH:0.362955
G1 X62.673 Y29.481 E.01305
;WIDTH:0.338176
G1 X62.883 Y29.645 E.00539
G1 X62.366 Y29.645 E.01045
;WIDTH:0.362955
G1 X62.009 Y29.52 E.00827
;WIDTH:0.398413
G1 X61.502 Y29.419 E.01252
;WIDTH:0.447525
G1 X61.356 Y29.377 E.00418
;WIDTH:0.496637
G1 X61.211 Y29.336 E.00463
;WIDTH:0.545748
G1 X61.066 Y29.294 E.00514
G1 X60.908 Y29.342 E.00562
;WIDTH:0.497594
G1 X60.751 Y29.389 E.00505
;WIDTH:0.449439
G1 X60.593 Y29.437 E.00456
;WIDTH:0.401284
G1 X59.813 Y29.637 E.01966
;WIDTH:0.355073
G1 X59.301 Y29.637 E.01092
;WIDTH:0.358286
G1 X60.039 Y29.226 E.0182
;WIDTH:0.400602
G1 X60.57 Y29.07 E.01348
;WIDTH:0.450368
G1 X60.667 Y29.017 E.00306
;WIDTH:0.500133
G1 X60.764 Y28.965 E.00341
;WIDTH:0.549898
G1 X60.861 Y28.913 E.00377
G1 X60.861 Y28.853 E.00206
;WIDTH:0.519448
G1 X60.861 Y28.792 E.00197
;WIDTH:0.488997
G1 X60.861 Y17.469 E.34245
;LAYER_CHANGE
;Z:7.24
;HEIGHT:0.16
;BEFORE_LAYER_CHANGE
G92 E0
;7.24


G1 E-3.5 F3600
;WIPE_START
G1 F7200
G1 X60.861 Y20.627 E-1.5
;WIPE_END
G1 Z7.24 F9000
;AFTER_LAYER_CHANGE
;7.24
G1 X42.116 Y25.203
G1 E5 F2400
;TYPE:Perimeter
;WIDTH:0.439999
G1 F3232
G1 X42.051 Y25.261 E.00235
G1 X41.875 Y25.571 E.00962
G1 X41.818 Y25.901 E.00904
G1 X41.818 Y29.907 E.1081
G1 X31.791 Y29.907 E.27058
G1 X31.325 Y29.838 E.01271
G1 X30.971 Y29.827 E.00956
G1 X30.39 Y29.907 E.01583
G1 X17.1 Y29.907 E.35863
G1 X17.1 Y16.929 E.35021
G1 X44.825 Y16.929 E.74815
G1 X44.825 Y24.907 E.21528
G1 X42.812 Y24.907 E.05432
G1 X42.567 Y24.937 E.00666
G1 X42.259 Y25.075 E.00911
G1 X42.16 Y25.163 E.00357
G1 X42.399 Y25.49 F9000
G1 F3232
G1 X42.283 Y25.645 E.00522
G1 X42.224 Y25.901 E.00709
G1 X42.224 Y30.312 E.11903
G1 X31.761 Y30.312 E.28234
G1 X31.026 Y30.228 E.01996
G1 X30.418 Y30.312 E.01656
G1 X16.694 Y30.312 E.37034
G1 X16.694 Y16.524 E.37207
G1 X45.231 Y16.524 E.77007
G1 X45.231 Y25.312 E.23714
G1 X42.701 Y25.312 E.06827
G1 X42.443 Y25.451 E.00791
G1 X42.677 Y25.772 F9000
;TYPE:External perimeter
;WIDTH:0.419999
G1 F1800
G1 X42.62 Y25.901 E.00362
G1 X42.62 Y30.708 E.12332
G1 X31.733 Y30.708 E.2793
G1 X31.08 Y30.62 E.0169
G1 X30.445 Y30.708 E.01645
G1 X16.298 Y30.708 E.36293
G1 X16.298 Y16.128 E.37404
G1 X45.627 Y16.128 E.75242
G1 X45.627 Y25.708 E.24577
G1 X42.812 Y25.708 E.07222
G1 X42.725 Y25.742 E.0024
G1 X43.53 Y24.594 F9000
;TYPE:Solid infill
;WIDTH:0.439999
G1 F3232
G1 X43.53 Y17.242 E.19839
G1 X44.513 Y17.242 E.02653
G1 X44.513 Y24.594 E.19839
G1 X43.733 Y24.594 E.02105
G1 X44.022 Y24.103 E.01537
;WIDTH:0.611322
G1 X44.022 Y17.733 E.24449
G1 E-3.5 F3600
;WIPE_START
G1 F7200
G1 X44.022 Y20.891 E-1.5
;WIPE_END
G1 X19.398 Y17.242 F9000
G1 E5 F2400
;TYPE:Internal infill
;WIDTH:0.44
G1 F3232
G1 X17.412 Y17.242 E.05359
G1 X17.412 Y17.689 E.01206
G1 X29.317 Y29.594 E.45432
G1 X30.369 Y29.594 E.02839
G1 X31.107 Y29.504 E.02006
G1 X32.263 Y29.594 E.03129
G1 X43.125 Y18.732 E.41452
G1 X43.125 Y20.454 E.04647
G1 X39.912 Y17.242 E.1226
G1 X36.966 Y17.242 E.0795
G1 X24.614 Y29.594 E.47138
G1 X21.668 Y29.594 E.0795
G1 X17.412 Y25.339 E.1624
G1 X17.412 Y29.146 E.10273
G1 X29.317 Y17.242 E.4543
G1 X32.263 Y17.242 E.0795
G1 X41.506 Y26.485 E.35273
G1 X41.506 Y28 E.04088
G1 X39.912 Y29.594 E.06083
G1 X36.966 Y29.594 E.0795
G1 X24.614 Y17.242 E.47138
G1 X21.668 Y17.242 E.0795
G1 X17.412 Y21.497 E.1624
G1 X17.412 Y23.931 E.06568
G1 E-3.5 F3600
;WIPE_START
G1 F7200
G1 X17.412 Y21.497 E-1.15615
G1 X17.924 Y20.985 E-.34385
;WIPE_END
G1 X50.063 Y25.206 F9000
G1 E5 F2400
;TYPE:Perimeter
;WIDTH:0.439999
G1 F3232
G1 X50.031 Y25.163 E.00145
G1 X49.787 Y25.001 E.0079
G1 X49.364 Y24.907 E.01169
G1 X47.351 Y24.907 E.05432
G1 X47.351 Y16.929 E.21528
G1 X75.077 Y16.929 E.74818
G1 X75.077 Y29.907 E.35021
G1 X61.791 Y29.907 E.35852
G1 X61.325 Y29.838 E.01271
G1 X60.971 Y29.827 E.00956
G1 X60.39 Y29.907 E.01583
G1 X50.358 Y29.907 E.27071
G1 X50.358 Y25.801 E.1108
G1 X50.259 Y25.468 E.00937
G1 X50.099 Y25.254 E.00721
G1 X49.773 Y25.49 F9000
G1 F3232
G1 X49.615 Y25.368 E.00539
G1 X49.364 Y25.312 E.00694
G1 X46.946 Y25.312 E.06525
G1 X46.946 Y16.524 E.23714
G1 X75.483 Y16.524 E.77007
G1 X75.483 Y30.312 E.37207
G1 X61.761 Y30.312 E.37029
G1 X61.026 Y30.228 E.01996
G1 X60.418 Y30.312 E.01656
G1 X49.953 Y30.312 E.2824
G1 X49.953 Y25.794 E.12192
G1 X49.818 Y25.529 E.00803
G1 X49.492 Y25.767 F9000
;TYPE:External perimeter
;WIDTH:0.419999
G1 F1800
G1 X49.364 Y25.708 E.00362
G1 X46.55 Y25.708 E.07219
G1 X46.55 Y16.128 E.24577
G1 X75.878 Y16.128 E.75239
G1 X75.878 Y30.708 E.37404
G1 X61.733 Y30.708 E.36288
G1 X61.08 Y30.62 E.0169
G1 X60.445 Y30.708 E.01645
G1 X49.557 Y30.708 E.27933
G1 X49.557 Y25.901 E.12332
G1 X49.525 Y25.812 E.00243
G1 E-3.5 F3600
;WIPE_START
G1 F7200
G1 X49.492 Y25.767 E-.02651
G1 X49.364 Y25.708 E-.06695
G1 X46.55 Y25.708 E-1.33665
G1 X46.55 Y25.561 E-.06989
;WIPE_END
G1 X47.664 Y24.594 F9000
G1 E5 F2400
;TYPE:Solid infill
;WIDTH:0.439999
G1 F3232
G1 X47.664 Y17.242 E.19839
G1 X48.646 Y17.242 E.0265
G1 X48.646 Y24.594 E.19839
G1 X47.867 Y24.594 E.02102
G1 X48.155 Y24.103 E.01536
;WIDTH:0.61132
G1 X48.155 Y17.733 E.24449
G1 E-3.5 F3600
;WIPE_START
G1 F7200
G1 X48.155 Y20.891 E-1.5
;WIPE_END
G1 X74.765 Y22.905 F9000
G1 E5 F2400
;TYPE:Internal infill
;WIDTH:0.44
G1 F3232
G1 X74.765 Y25.339 E.06568
G1 X70.509 Y29.594 E.1624
G1 X67.563 Y29.594 E.0795
G1 X55.211 Y17.242 E.47138
G1 X52.265 Y17.242 E.0795
G1 X49.052 Y20.454 E.1226
G1 X49.052 Y18.732 E.04647
G1 X59.914 Y29.594 E.41452
G1 X61.107 Y29.504 E.03228
G1 X61.813 Y29.594 E.01921
G1 X62.86 Y29.594 E.02825
G1 X74.765 Y17.689 E.45432
G1 X74.765 Y21.497 E.10276
G1 X70.509 Y17.242 E.1624
G1 X67.563 Y17.242 E.0795
G1 X55.211 Y29.594 E.47138
G1 X52.265 Y29.594 E.0795
G1 X50.671 Y28 E.06083
G1 X50.671 Y26.485 E.04088
G1 X59.914 Y17.242 E.35273
G1 X62.86 Y17.242 E.0795
G1 X74.765 Y29.146 E.4543
G1 X74.765 Y29.594 E.01209
G1 X72.779 Y29.594 E.05359
;LAYER_CHANGE
;Z:7.4
;HEIGHT:0.16
;BEFORE_LAYER_CHANGE
G92 E0
;7.4


G1 E-3.5 F3600
;WIPE_START
G1 F7200
G1 X74.765 Y29.594 E-.94335
G1 X74.765 Y29.146 E-.2128
G1 X74.253 Y28.634 E-.34385
;WIPE_END
G1 Z7.4 F9000
;AFTER_LAYER_CHANGE
;7.4
G1 X75.077 Y29.907
G1 E5 F2400
;TYPE:Perimeter
;WIDTH:0.439999
G1 F3600
G1 X50.081 Y29.907 E.67451
G1 X50.081 Y25.901 E.1081
G1 X50.053 Y25.664 E.00644
G1 X49.928 Y25.37 E.00862
G1 X49.657 Y25.086 E.01059
G1 X49.393 Y24.955 E.00795
G1 X49.087 Y24.907 E.00836
G1 X43.09 Y24.907 E.16183
G1 X42.784 Y24.955 E.00836
G1 X42.52 Y25.086 E.00795
G1 X42.322 Y25.269 E.00728
G1 X42.152 Y25.571 E.00935
G1 X42.095 Y25.901 E.00904
G1 X42.095 Y29.907 E.1081
G1 X17.1 Y29.907 E.67449
G1 X17.1 Y16.929 E.35021
G1 X75.077 Y16.929 E1.5645
G1 X75.077 Y29.847 E.34859
G1 X75.483 Y30.312 F9000
G1 F3600
G1 X49.676 Y30.312 E.6964
G1 X49.676 Y25.794 E.12192
G1 X49.542 Y25.527 E.00806
G1 X49.35 Y25.374 E.00662
G1 X49.087 Y25.312 E.00729
G1 X43.015 Y25.312 E.16385
G1 X42.752 Y25.418 E.00765
G1 X42.559 Y25.646 E.00806
G1 X42.501 Y25.901 E.00706
G1 X42.501 Y30.312 E.11903
G1 X16.694 Y30.312 E.6964
G1 X16.694 Y16.524 E.37207
G1 X75.483 Y16.524 E1.58641
G1 X75.483 Y30.252 E.37045
G1 X75.878 Y30.708 F9000
;TYPE:External perimeter
;WIDTH:0.419999
G1 F1800
G1 X49.28 Y30.708 E.68236
G1 X49.28 Y25.901 E.12332
G1 X49.236 Y25.778 E.00335
G1 X49.087 Y25.708 E.00422
G1 X43.09 Y25.708 E.15385
G1 X42.958 Y25.76 E.00364
G1 X42.897 Y25.901 E.00394
G1 X42.897 Y30.708 E.12332
G1 X16.298 Y30.708 E.68238
G1 X16.298 Y16.128 E.37404
G1 X75.878 Y16.128 E1.52849
G1 X75.878 Y30.648 E.3725
G1 E-3.5 F3600
;WIPE_START
G1 F7200
G1 X75.878 Y30.708 E-.0285
G1 X72.78 Y30.708 E-1.4715
;WIPE_END
G1 X72.779 Y29.594 F9000
G1 E5 F2400
;TYPE:Internal infill
;WIDTH:0.44
G1 F3600
G1 X74.765 Y29.594 E.05359
G1 X74.765 Y29.146 E.01209
G1 X62.86 Y17.242 E.4543
G1 X59.914 Y17.242 E.0795
G1 X50.997 Y26.158 E.34027
G1 X50.997 Y28.327 E.05853
G1 X52.265 Y29.594 E.04837
G1 X55.211 Y29.594 E.0795
G1 X67.563 Y17.242 E.47138
G1 X70.509 Y17.242 E.0795
G1 X74.765 Y21.497 E.1624
G1 X74.765 Y17.689 E.10276
G1 X62.86 Y29.594 E.45432
G1 X59.914 Y29.594 E.0795
G1 X48.878 Y18.558 E.42116
G1 X48.878 Y20.629 E.05589
G1 X52.265 Y17.242 E.12926
G1 X55.211 Y17.242 E.0795
G1 X67.563 Y29.594 E.47138
G1 X70.509 Y29.594 E.0795
G1 X74.765 Y25.339 E.1624
G1 X74.765 Y22.905 E.06568
G1 E-3.5
;WIPE_START
G1 F7200
G1 X74.765 Y25.339 E-1.15615
G1 X74.253 Y25.851 E-.34385
;WIPE_END
G1 X48.502 Y17.211 F9000
G1 E5 F2400
;TYPE:Solid infill
;WIDTH:0.37944
G1 F3600
G1 X48.502 Y24.624 E.17018
G1 X50.185 Y25.148 F9000
;WIDTH:0.537123
G1 F3600
G1 X50.271 Y25.296 E.00572
;WIDTH:0.574246
G1 X50.357 Y25.444 E.00615
;WIDTH:0.611368
G1 X50.443 Y25.592 E.00657
;WIDTH:0.637882
G1 X50.493 Y25.926 E.01356
G1 X50.493 Y29.495 E.14329
G1 E-3.5
;WIPE_START
G1 F7200
G1 X50.493 Y26.337 E-1.5
;WIPE_END
G1 X43.868 Y24.581 F9000
G1 E5 F2400
M204 S250
;TYPE:Bridge infill
;WIDTH:0.381016
;HEIGHT:0.368782
G1 F1500
G1 X48.12 Y24.581 E.20156
G1 X48.12 Y24.15 E.02043
G1 X44.056 Y24.15 E.19265
G1 X44.056 Y23.719 E.02043
G1 X48.12 Y23.719 E.19265
G1 X48.12 Y23.288 E.02043
G1 X44.056 Y23.288 E.19265
G1 X44.056 Y22.857 E.02043
G1 X48.12 Y22.857 E.19265
G1 X48.12 Y22.426 E.02043
G1 X44.056 Y22.426 E.19265
G1 X44.056 Y21.995 E.02043
G1 X48.12 Y21.995 E.19265
G1 X48.12 Y21.564 E.02043
G1 X44.056 Y21.564 E.19265
G1 X44.056 Y21.133 E.02043
G1 X48.12 Y21.133 E.19265
G1 X48.12 Y20.702 E.02043
G1 X44.056 Y20.702 E.19265
G1 X44.056 Y20.271 E.02043
G1 X48.12 Y20.271 E.19265
G1 X48.12 Y19.84 E.02043
G1 X44.056 Y19.84 E.19265
G1 X44.056 Y19.409 E.02043
G1 X48.12 Y19.409 E.19265
G1 X48.12 Y18.978 E.02043
G1 X44.056 Y18.978 E.19265
G1 X44.056 Y18.547 E.02043
G1 X48.12 Y18.547 E.19265
G1 X48.12 Y18.116 E.02043
G1 X44.056 Y18.116 E.19265
G1 X44.056 Y17.685 E.02043
G1 X48.12 Y17.685 E.19265
G1 X48.12 Y17.254 E.02043
G1 X43.868 Y17.254 E.20156
M204 S500
G1 X43.674 Y17.211 F9000
;TYPE:Solid infill
;WIDTH:0.379436
;HEIGHT:0.16
G1 F3600
G1 X43.674 Y24.625 E.1702
G1 X41.948 Y25.193 F9000
;WIDTH:0.55187
G1 F3600
G1 X41.864 Y25.332 E.00559
;WIDTH:0.588728
G1 X41.779 Y25.471 E.00601
;WIDTH:0.617612
G1 X41.734 Y25.633 E.00652
;WIDTH:0.646496
G1 X41.689 Y25.795 E.00685
G1 X41.684 Y29.495 E.15067
G1 E-3.5
;WIPE_START
G1 F7200
G1 X41.689 Y26.337 E-1.5
;WIPE_END
G1 X17.412 Y23.931 F9000
G1 E5 F2400
;TYPE:Internal infill
;WIDTH:0.44
G1 F3600
G1 X17.412 Y21.497 E.06568
G1 X21.668 Y17.242 E.1624
G1 X24.614 Y17.242 E.0795
G1 X36.966 Y29.594 E.47138
G1 X39.912 Y29.594 E.0795
G1 X41.179 Y28.327 E.04835
G1 X41.179 Y26.158 E.05853
G1 X32.263 Y17.242 E.34026
G1 X29.317 Y17.242 E.0795
G1 X17.412 Y29.146 E.4543
G1 X17.412 Y25.339 E.10273
G1 X21.668 Y29.594 E.1624
G1 X24.614 Y29.594 E.0795
G1 X36.966 Y17.242 E.47138
G1 X39.912 Y17.242 E.0795
G1 X43.299 Y20.629 E.12926
G1 X43.299 Y18.558 E.05589
G1 X32.263 Y29.594 E.42116
G1 X29.317 Y29.594 E.0795
G1 X17.412 Y17.689 E.45432
G1 X17.412 Y17.242 E.01206
G1 X19.398 Y17.242 E.05359
;LAYER_CHANGE
;Z:7.56
;HEIGHT:0.16
;BEFORE_LAYER_CHANGE
G92 E0
;7.56


G1 E-3.5 F3600
;WIPE_START
G1 F7200
G1 X17.412 Y17.242 E-.94335
G1 X17.412 Y17.689 E-.21232
G1 X17.925 Y18.202 E-.34433
;WIPE_END
G1 Z7.56 F9000
;AFTER_LAYER_CHANGE
;7.56
G1 X17.1 Y16.929
G1 E5 F2400
;TYPE:Perimeter
;WIDTH:0.439999
G1 F3264
G1 X75.077 Y16.929 E1.5645
G1 X75.077 Y29.907 E.35021
G1 X49.804 Y29.907 E.68199
G1 X49.804 Y25.901 E.1081
G1 X49.776 Y25.664 E.00644
G1 X49.65 Y25.37 E.00863
G1 X49.38 Y25.086 E.01057
G1 X49.115 Y24.955 E.00798
G1 X48.81 Y24.907 E.00833
G1 X43.367 Y24.907 E.14688
G1 X43.061 Y24.955 E.00836
G1 X42.797 Y25.086 E.00795
G1 X42.599 Y25.269 E.00728
G1 X42.429 Y25.571 E.00935
G1 X42.373 Y25.901 E.00903
G1 X42.373 Y29.907 E.1081
G1 X17.1 Y29.907 E.68199
G1 X17.1 Y16.989 E.34859
G1 X16.694 Y16.524 F9000
G1 F3264
G1 X75.483 Y16.524 E1.58641
G1 X75.483 Y30.312 E.37207
G1 X49.399 Y30.312 E.70387
G1 X49.399 Y25.794 E.12192
G1 X49.265 Y25.527 E.00806
G1 X49.073 Y25.374 E.00662
G1 X48.81 Y25.312 E.00729
G1 X43.293 Y25.312 E.14888
G1 X43.03 Y25.418 E.00765
G1 X42.836 Y25.646 E.00808
G1 X42.778 Y25.901 E.00706
G1 X42.778 Y30.312 E.11903
G1 X16.694 Y30.312 E.70387
G1 X16.694 Y16.584 E.37045
G1 X16.298 Y16.128 F9000
;TYPE:External perimeter
;WIDTH:0.419999
G1 F1800
G1 X75.878 Y16.128 E1.52849
G1 X75.878 Y30.708 E.37404
G1 X49.003 Y30.708 E.68946
G1 X49.003 Y25.901 E.12332
G1 X48.959 Y25.778 E.00335
G1 X48.81 Y25.708 E.00422
G1 X43.367 Y25.708 E.13964
G1 X43.235 Y25.76 E.00364
G1 X43.174 Y25.901 E.00394
G1 X43.174 Y30.708 E.12332
G1 X16.298 Y30.708 E.68949
G1 X16.298 Y16.188 E.3725
G1 E-3.5 F3600
;WIPE_START
G1 F7200
G1 X16.298 Y16.128 E-.0285
G1 X19.396 Y16.128 E-1.4715
;WIPE_END
G1 X19.398 Y17.242 F9000
G1 E5 F2400
;TYPE:Internal infill
;WIDTH:0.44
G1 F3264
G1 X17.412 Y17.242 E.05359
G1 X17.412 Y17.689 E.01206
G1 X29.317 Y29.594 E.45432
G1 X32.263 Y29.594 E.0795
G1 X43.521 Y18.336 E.42963
G1 X43.521 Y20.85 E.06784
G1 X39.912 Y17.242 E.13771
G1 X36.966 Y17.242 E.0795
G1 X24.614 Y29.594 E.47138
G1 X21.668 Y29.594 E.0795
G1 X17.412 Y25.339 E.1624
G1 X17.412 Y29.146 E.10273
G1 X29.317 Y17.242 E.4543
G1 X32.263 Y17.242 E.0795
G1 X41.179 Y26.158 E.34026
G1 X41.179 Y28.327 E.05853
G1 X39.912 Y29.594 E.04835
G1 X36.966 Y29.594 E.0795
G1 X24.614 Y17.242 E.47138
G1 X21.668 Y17.242 E.0795
G1 X17.412 Y21.497 E.1624
G1 X17.412 Y23.931 E.06568
G1 E-3.5 F3600
;WIPE_START
G1 F7200
G1 X17.412 Y21.497 E-1.15615
G1 X17.924 Y20.985 E-.34385
;WIPE_END
G1 X41.603 Y29.356 F9000
G1 E5 F2400
;TYPE:Solid infill
;WIDTH:0.478978
G1 F3264
G1 X41.606 Y25.787 E.10556
G1 X41.711 Y25.451 E.01041
;WIDTH:0.448269
G1 X41.843 Y25.264 E.0063
G1 X42.152 Y25.016 E.01091
G1 X42.476 Y24.942 E.00915
G1 X42.279 Y25.175 E.0084
G1 X42.125 Y25.487 E.00958
;WIDTH:0.478978
G1 X42.05 Y25.924 E.01311
G1 X42.043 Y29.577 E.10805
;WIDTH:0.475072
G1 X41.603 Y29.577 E.0129
G1 X41.603 Y29.559 E.00053
G1 E-3.5 F3600
;WIPE_START
G1 F7200
G1 X41.603 Y29.577 E-.00855
G1 X42.043 Y29.577 E-.209
G1 X42.048 Y26.877 E-1.28245
;WIPE_END
G1 X43.972 Y24.467 F9000
G1 E5 F2400
;WIDTH:0.565254
G1 F3264
G1 X43.925 Y24.514 E.00235
G1 X43.942 Y24.579 E.00237
G1 X44.006 Y24.596 E.00234
G1 X44.053 Y24.549 E.00235
G1 X44.036 Y24.485 E.00234
;WIDTH:0.439999
G1 X43.926 Y23.807 E.01853
G1 X44.786 Y24.66 E.03269
;WIDTH:0.407168
G1 X44.859 Y24.726 E.00244
;WIDTH:0.374336
G1 X44.84 Y24.797 E.00166
G1 X44.911 Y24.778 E.00166
G1 X44.9 Y24.737 E.00096
;WIDTH:0.439999
G1 X45.288 Y24.594 E.01116
G1 X43.926 Y23.233 E.05196
G1 X43.926 Y22.659 E.01549
G1 X45.861 Y24.594 E.07384
G1 X46.435 Y24.594 E.01549
G1 X43.926 Y22.086 E.09573
G1 X43.926 Y21.512 E.01549
G1 X47.009 Y24.594 E.11764
G1 X47.582 Y24.594 E.01546
G1 X43.926 Y20.938 E.13952
G1 X43.926 Y20.365 E.01546
G1 X48.156 Y24.594 E.16141
G1 X48.262 Y24.637 E.00309
;WIDTH:0.407168
G1 X48.368 Y24.679 E.00283
;WIDTH:0.374336
G1 X48.349 Y24.75 E.00166
G1 X48.42 Y24.731 E.00166
G1 X48.409 Y24.69 E.00096
;WIDTH:0.439999
G1 X48.25 Y24.115 E.0161
G1 X43.926 Y19.791 E.16501
G1 X43.926 Y19.217 E.01549
G1 X48.25 Y23.541 E.16501
G1 X48.25 Y22.968 E.01546
G1 X43.926 Y18.643 E.16503
G1 X43.926 Y18.07 E.01546
G1 X48.25 Y22.394 E.16501
G1 X48.25 Y21.82 E.01549
G1 X43.926 Y17.496 E.16501
G1 X43.899 Y17.311 E.00505
;WIDTH:0.407168
G1 X43.871 Y17.126 E.00464
;WIDTH:0.374336
G1 X43.882 Y17.167 E.00096
G1 X43.811 Y17.186 E.00166
G1 X43.83 Y17.115 E.00166
;WIDTH:0.439999
G1 X44.246 Y17.242 E.01174
G1 X48.25 Y21.247 E.15282
G1 X48.25 Y20.673 E.01549
G1 X44.819 Y17.242 E.13093
G1 X45.393 Y17.242 E.01549
G1 X48.25 Y20.099 E.10903
G1 X48.25 Y19.525 E.01549
G1 X45.967 Y17.242 E.08712
G1 X46.54 Y17.242 E.01546
G1 X48.25 Y18.952 E.06526
G1 X48.332 Y19.009 E.00269
;WIDTH:0.407168
G1 X48.413 Y19.066 E.00246
;WIDTH:0.374336
G1 X48.394 Y19.138 E.00168
G1 X48.465 Y19.118 E.00167
G1 X48.454 Y19.077 E.00096
G1 X47.414 Y17.45 F9000
;WIDTH:0.570029
G1 F3264
G1 X48.185 Y18.221 E.03885
G1 X48.185 Y17.307 E.03257
G1 X47.271 Y17.307 E.03257
G1 E-3.5 F3600
;WIPE_START
G1 F7200
G1 X48.185 Y17.307 E-.43415
G1 X48.185 Y18.221 E-.43415
G1 X47.414 Y17.45 E-.51792
;WIPE_END
G1 E-.11378 F3600
G1 X50.134 Y25.805 F9000
G1 E5 F2400
;WIDTH:0.474683
G1 F3264
G1 X49.928 Y25.236 E.01773
;WIDTH:0.433812
G1 X49.658 Y24.933 E.01078
G1 X49.866 Y24.953 E.00555
G1 X50.123 Y25.065 E.00745
G1 X50.352 Y25.265 E.00808
;WIDTH:0.456255
G1 X50.492 Y25.494 E.00753
;WIDTH:0.474683
G1 X50.574 Y25.921 E.01274
G1 X50.574 Y29.577 E.10709
G1 X50.134 Y29.577 E.01289
G1 X50.134 Y26.008 E.10454
G1 E-3.5 F3600
;WIPE_START
G1 F7200
G1 X50.134 Y29.166 E-1.5
;WIPE_END
G1 X72.779 Y29.594 F9000
G1 E5 F2400
;TYPE:Internal infill
;WIDTH:0.44
G1 F3264
G1 X74.765 Y29.594 E.05359
G1 X74.765 Y29.146 E.01209
G1 X62.86 Y17.242 E.4543
G1 X59.914 Y17.242 E.0795
G1 X50.997 Y26.158 E.34027
G1 X50.997 Y28.327 E.05853
G1 X52.265 Y29.594 E.04837
G1 X55.211 Y29.594 E.0795
G1 X67.563 Y17.242 E.47138
G1 X70.509 Y17.242 E.0795
G1 X74.765 Y21.497 E.1624
G1 X74.765 Y17.689 E.10276
G1 X62.86 Y29.594 E.45432
G1 X59.914 Y29.594 E.0795
G1 X48.656 Y18.336 E.42963
G1 X48.656 Y20.85 E.06784
G1 X52.265 Y17.242 E.13771
G1 X55.211 Y17.242 E.0795
G1 X67.563 Y29.594 E.47138
G1 X70.509 Y29.594 E.0795
G1 X74.765 Y25.339 E.1624
G1 X74.765 Y22.905 E.06568
;LAYER_CHANGE
;Z:7.72
;HEIGHT:0.16
;BEFORE_LAYER_CHANGE
G92 E0
;7.72


G1 E-3.5 F3600
;WIPE_START
G1 F7200
G1 X74.765 Y25.339 E-1.15615
G1 X74.253 Y25.851 E-.34385
;WIPE_END
G1 Z7.72 F9000
;AFTER_LAYER_CHANGE
;7.72
G1 X75.077 Y16.929
G1 E5 F2400
;TYPE:Perimeter
;WIDTH:0.439999
G1 F3355
G1 X75.077 Y29.907 E.35021
G1 X49.527 Y29.907 E.68946
G1 X49.527 Y25.901 E.1081
G1 X49.499 Y25.664 E.00644
G1 X49.373 Y25.37 E.00863
G1 X49.102 Y25.086 E.01059
G1 X48.838 Y24.955 E.00795
G1 X48.533 Y24.907 E.00833
G1 X43.644 Y24.907 E.13193
G1 X43.338 Y24.955 E.00836
G1 X43.074 Y25.086 E.00795
G1 X42.876 Y25.269 E.00728
G1 X42.706 Y25.571 E.00935
G1 X42.65 Y25.901 E.00903
G1 X42.65 Y29.907 E.1081
G1 X17.1 Y29.907 E.68946
G1 X17.1 Y16.929 E.35021
G1 X75.017 Y16.929 E1.56288
G1 X75.483 Y16.524 F9000
G1 F3355
G1 X75.483 Y30.312 E.37207
G1 X49.121 Y30.312 E.71137
G1 X49.121 Y25.794 E.12192
G1 X48.987 Y25.527 E.00806
G1 X48.796 Y25.374 E.0066
G1 X48.533 Y25.312 E.00729
G1 X43.57 Y25.312 E.13393
G1 X43.307 Y25.418 E.00765
G1 X43.113 Y25.646 E.00808
G1 X43.055 Y25.901 E.00706
G1 X43.055 Y30.312 E.11903
G1 X16.694 Y30.312 E.71135
G1 X16.694 Y16.524 E.37207
G1 X75.423 Y16.524 E1.58479
G1 X75.878 Y16.128 F9000
;TYPE:External perimeter
;WIDTH:0.419999
G1 F1800
G1 X75.878 Y30.708 E.37404
G1 X48.726 Y30.708 E.69657
G1 X48.726 Y25.901 E.12332
G1 X48.682 Y25.778 E.00335
G1 X48.533 Y25.708 E.00422
G1 X43.644 Y25.708 E.12542
G1 X43.512 Y25.76 E.00364
G1 X43.451 Y25.901 E.00394
G1 X43.451 Y30.708 E.12332
G1 X16.298 Y30.708 E.69659
G1 X16.298 Y16.128 E.37404
G1 X75.818 Y16.128 E1.52695
G1 E-3.5 F3600
;WIPE_START
G1 F7200
G1 X75.878 Y16.128 E-.0285
G1 X75.878 Y19.226 E-1.4715
;WIPE_END
G1 X74.765 Y22.905 F9000
G1 E5 F2400
;TYPE:Internal infill
;WIDTH:0.44
G1 F3355
G1 X74.765 Y25.339 E.06568
G1 X70.509 Y29.594 E.1624
G1 X67.563 Y29.594 E.0795
G1 X55.211 Y17.242 E.47138
G1 X52.265 Y17.242 E.0795
G1 X48.35 Y21.156 E.14939
G1 X48.35 Y18.031 E.08433
G1 X59.914 Y29.594 E.44129
G1 X62.86 Y29.594 E.0795
G1 X74.765 Y17.689 E.45432
G1 X74.765 Y21.497 E.10276
G1 X70.509 Y17.242 E.1624
G1 X67.563 Y17.242 E.0795
G1 X55.211 Y29.594 E.47138
G1 X52.265 Y29.594 E.0795
G1 X50.997 Y28.327 E.04837
G1 X50.997 Y26.158 E.05853
G1 X59.914 Y17.242 E.34027
G1 X62.86 Y17.242 E.0795
G1 X74.765 Y29.146 E.4543
G1 X74.765 Y29.594 E.01209
G1 X72.779 Y29.594 E.05359
G1 E-3.5 F3600
;WIPE_START
G1 F7200
G1 X74.765 Y29.594 E-.94335
G1 X74.765 Y29.146 E-.2128
G1 X74.253 Y28.634 E-.34385
;WIPE_END
G1 X49.383 Y24.915 F9000
G1 E5 F2400
;TYPE:Solid infill
;WIDTH:0.439999
G1 F3355
G1 X49.88 Y24.964 E.01348
G1 X50.179 Y25.116 E.00905
G1 X50.495 Y25.485 E.01311
G1 X50.592 Y25.92 E.01203
G1 X50.592 Y29.594 E.09914
G1 X49.839 Y29.594 E.02032
G1 X49.83 Y25.762 E.10341
G1 X49.692 Y25.305 E.01288
G1 X49.509 Y25.074 E.00795
G1 X50.178 Y25.658 F9000
;WIDTH:0.39018
G1 F3355
G1 X50.211 Y25.942 E.00677
G1 X50.215 Y29.218 E.07755
G1 E-3.5 F3600
;WIPE_START
G1 F7200
G1 X50.211 Y26.06 E-1.5
;WIPE_END
G1 X42.571 Y24.936 F9000
G1 E5 F2400
;WIDTH:0.439999
G1 F3355
G1 X42.261 Y24.97 E.00842
G1 X41.907 Y25.192 E.01128
G1 X41.672 Y25.515 E.01078
G1 X41.586 Y25.908 E.01086
G1 X41.585 Y29.594 E.09947
G1 X42.337 Y29.594 E.02029
G1 X42.337 Y25.906 E.09952
G1 X42.415 Y25.475 E.01182
G1 X42.495 Y25.289 E.00546
G1 X42.772 Y24.915 E.01256
G1 X41.981 Y25.747 F9000
;WIDTH:0.38003
G1 F3355
G1 X41.962 Y25.932 E.00428
;WIDTH:0.38072
G1 X41.961 Y29.218 E.07571
G1 E-3.5 F3600
;WIPE_START
G1 F7200
G1 X41.962 Y26.06 E-1.5
;WIPE_END
G1 X44.359 Y17.287 F9000
G1 E5 F2400
;WIDTH:0.565258
G1 F3355
G1 X44.312 Y17.24 E.00235
G1 X44.248 Y17.257 E.00234
G1 X44.231 Y17.321 E.00234
G1 X44.278 Y17.368 E.00235
G1 X44.342 Y17.351 E.00234
;WIDTH:0.439999
G1 X45.02 Y17.242 E.01853
G1 X44.166 Y18.101 E.03269
;WIDTH:0.407168
G1 X44.1 Y18.174 E.00244
;WIDTH:0.374336
G1 X44.029 Y18.155 E.00166
G1 X44.048 Y18.226 E.00166
G1 X44.089 Y18.215 E.00096
;WIDTH:0.439999
G1 X44.232 Y18.603 E.01116
G1 X45.593 Y17.242 E.05194
G1 X46.167 Y17.242 E.01549
G1 X44.232 Y19.177 E.07384
G1 X44.232 Y19.75 E.01546
G1 X46.741 Y17.242 E.09573
G1 X47.314 Y17.242 E.01546
G1 X44.232 Y20.324 E.11762
G1 X44.232 Y20.898 E.01549
G1 X47.888 Y17.242 E.13952
G1 X47.993 Y17.238 E.00284
;WIDTH:0.407168
G1 X48.097 Y17.234 E.00258
;WIDTH:0.374336
G1 X48.09 Y17.108 E.00285
;WIDTH:0.439999
G1 X47.945 Y17.759 E.018
G1 X44.232 Y21.471 E.14168
G1 X44.232 Y22.045 E.01549
G1 X47.945 Y18.332 E.1417
G1 X47.945 Y18.906 E.01549
G1 X44.232 Y22.619 E.1417
G1 X44.232 Y23.192 E.01546
G1 X47.945 Y19.48 E.14168
G1 X47.945 Y20.053 E.01546
G1 X44.232 Y23.766 E.1417
G1 X44.177 Y24.71 F9000
;WIDTH:0.374336
G1 F3355
G1 X44.136 Y24.721 E.00096
G1 X44.117 Y24.65 E.00166
G1 X44.188 Y24.669 E.00166
;WIDTH:0.407168
G1 X44.21 Y24.504 E.00413
;WIDTH:0.439999
G1 X44.232 Y24.34 E.00447
G1 X47.945 Y20.627 E.1417
G1 X47.945 Y21.201 E.01549
G1 X44.551 Y24.594 E.1295
G1 X45.125 Y24.594 E.01549
G1 X47.945 Y21.775 E.1076
G1 X47.945 Y22.348 E.01546
G1 X45.699 Y24.594 E.08571
G1 E-3.5 F3600
;WIPE_START
G1 F7200
G1 X47.932 Y22.361 E-1.5
;WIPE_END
G1 X47.801 Y23.065 F9000
G1 E5 F2400
G1 F3355
G1 X46.272 Y24.594 E.05835
G1 X47.945 Y24.594 E.04515
G1 X47.945 Y22.922 E.04512
G1 X47.524 Y24.086 F9000
;WIDTH:0.608292
G1 F3355
G1 X47.473 Y24.035 E.00275
G1 X47.404 Y24.054 E.00273
G1 X47.386 Y24.123 E.00272
G1 X47.436 Y24.174 E.00273
G1 X47.506 Y24.155 E.00277
G1 E-3.5 F3600
;WIPE_START
G1 F7200
G1 X47.436 Y24.174 E-.03445
G1 X47.386 Y24.123 E-.03393
G1 X47.404 Y24.054 E-.03387
G1 X47.473 Y24.035 E-.03399
G1 X47.524 Y24.086 E-.03426
;WIPE_END
G1 E-1.3295 F3600
G1 X19.398 Y17.242 F9000
G1 E5 F2400
;TYPE:Internal infill
;WIDTH:0.44
G1 F3355
G1 X17.412 Y17.242 E.05359
G1 X17.412 Y17.689 E.01206
G1 X29.317 Y29.594 E.45432
G1 X32.263 Y29.594 E.0795
G1 X43.826 Y18.031 E.44127
G1 X43.826 Y21.156 E.08433
G1 X39.912 Y17.242 E.14937
G1 X36.966 Y17.242 E.0795
G1 X24.614 Y29.594 E.47138
G1 X21.668 Y29.594 E.0795
G1 X17.412 Y25.339 E.1624
G1 X17.412 Y29.146 E.10273
G1 X29.317 Y17.242 E.4543
G1 X32.263 Y17.242 E.0795
G1 X41.179 Y26.158 E.34026
G1 X41.179 Y28.327 E.05853
G1 X39.912 Y29.594 E.04835
G1 X36.966 Y29.594 E.0795
G1 X24.614 Y17.242 E.47138
G1 X21.668 Y17.242 E.0795
G1 X17.412 Y21.497 E.1624
G1 X17.412 Y23.931 E.06568
;LAYER_CHANGE
;Z:7.88
;HEIGHT:0.16
;BEFORE_LAYER_CHANGE
G92 E0
;7.88


G1 E-3.5 F3600
;WIPE_START
G1 F7200
G1 X17.412 Y21.497 E-1.15615
G1 X17.924 Y20.985 E-.34385
;WIPE_END
G1 Z7.88 F9000
;AFTER_LAYER_CHANGE
;7.88
G1 X17.1 Y29.907
G1 E5 F2400
;TYPE:Perimeter
;WIDTH:0.439999
G1 F3123
G1 X17.1 Y16.929 E.35021
G1 X75.077 Y16.929 E1.5645
G1 X75.077 Y29.907 E.35021
G1 X49.25 Y29.907 E.69694
G1 X49.25 Y25.901 E.1081
G1 X49.221 Y25.664 E.00644
G1 X49.096 Y25.37 E.00862
G1 X48.825 Y25.086 E.01059
G1 X48.561 Y24.955 E.00795
G1 X48.256 Y24.907 E.00833
G1 X43.921 Y24.907 E.11698
G1 X43.616 Y24.955 E.00833
G1 X43.351 Y25.086 E.00798
G1 X43.153 Y25.269 E.00728
G1 X42.983 Y25.571 E.00935
G1 X42.927 Y25.901 E.00903
G1 X42.927 Y29.907 E.1081
G1 X17.16 Y29.907 E.69532
G1 X16.694 Y30.312 F9000
G1 F3123
G1 X16.694 Y16.524 E.37207
G1 X75.483 Y16.524 E1.58641
G1 X75.483 Y30.312 E.37207
G1 X48.844 Y30.312 E.71885
G1 X48.844 Y25.794 E.12192
G1 X48.71 Y25.527 E.00806
G1 X48.519 Y25.374 E.0066
G1 X48.256 Y25.312 E.00729
G1 X43.847 Y25.312 E.11898
G1 X43.584 Y25.418 E.00765
G1 X43.39 Y25.646 E.00808
G1 X43.332 Y25.901 E.00706
G1 X43.332 Y30.312 E.11903
G1 X16.754 Y30.312 E.7172
G1 X16.298 Y30.708 F9000
;TYPE:External perimeter
;WIDTH:0.419999
G1 F1800
G1 X16.298 Y16.128 E.37404
G1 X75.878 Y16.128 E1.52849
G1 X75.878 Y30.708 E.37404
G1 X48.449 Y30.708 E.70367
G1 X48.449 Y25.901 E.12332
G1 X48.405 Y25.778 E.00335
G1 X48.256 Y25.708 E.00422
G1 X43.921 Y25.708 E.11121
G1 X43.79 Y25.76 E.00362
G1 X43.728 Y25.901 E.00395
G1 X43.728 Y30.708 E.12332
G1 X16.358 Y30.708 E.70216
G1 E-3.5 F3600
;WIPE_START
G1 F7200
G1 X16.298 Y30.708 E-.0285
G1 X16.298 Y27.61 E-1.4715
;WIPE_END
G1 X41.826 Y29.2 F9000
G1 E5 F2400
;TYPE:Solid infill
;WIDTH:0.439999
G1 F3123
G1 X41.827 Y25.784 E.09218
G1 X41.942 Y25.473 E.00895
G1 X42.114 Y25.215 E.00837
G1 X42.32 Y25.063 E.00691
G1 X42.569 Y24.949 E.00739
G1 X43.086 Y24.925 E.01397
G1 X42.943 Y25.04 E.00495
G1 X42.755 Y25.316 E.00901
G1 X42.624 Y25.756 E.01239
G1 X42.615 Y29.594 E.10357
G1 X41.826 Y29.594 E.02129
G1 X41.826 Y29.402 E.00518
G1 X42.221 Y29.2 E.01197
;WIDTH:0.425296
G1 X42.226 Y25.934 E.08494
G1 X42.263 Y25.743 E.00506
;WIDTH:0.386905
G1 X42.301 Y25.553 E.00454
G1 E-3.5 F3600
;WIPE_START
G1 F7200
G1 X42.263 Y25.743 E-.09204
G1 X42.226 Y25.934 E-.09241
G1 X42.222 Y28.703 E-1.31555
;WIPE_END
G1 X42.181 Y17.242 F9000
G1 E5 F2400
;TYPE:Internal infill
;WIDTH:0.44
G1 F3123
G1 X44.428 Y17.242 E.06063
G1 X44.428 Y17.429 E.00505
G1 X32.263 Y29.594 E.46425
G1 X29.317 Y29.594 E.0795
G1 X17.412 Y17.689 E.45432
G1 X17.412 Y21.497 E.10276
G1 X21.668 Y17.242 E.1624
G1 X24.614 Y17.242 E.0795
G1 X36.966 Y29.594 E.47138
G1 X39.912 Y29.594 E.0795
G1 X41.421 Y28.086 E.05757
G1 X41.421 Y26.4 E.0455
G1 X32.263 Y17.242 E.34949
G1 X29.317 Y17.242 E.0795
G1 X17.412 Y29.146 E.4543
G1 X17.412 Y25.339 E.10273
G1 X21.668 Y29.594 E.1624
G1 X24.614 Y29.594 E.0795
G1 X36.966 Y17.242 E.47138
G1 X39.912 Y17.242 E.0795
G1 X44.428 Y21.757 E.17232
G1 X44.428 Y24.191 E.06568
G1 X44.833 Y24.594 F9000
;TYPE:Solid infill
;WIDTH:0.439999
G1 F3123
G1 X44.833 Y17.242 E.19839
G1 X47.343 Y17.242 E.06773
G1 X47.343 Y24.594 E.19839
G1 X45.036 Y24.594 E.06225
G1 X45.239 Y24.189 E.01222
G1 X45.239 Y17.647 E.17653
G1 X46.938 Y17.647 E.04585
G1 X46.938 Y24.189 E.17653
G1 X45.442 Y24.189 E.04037
G1 X45.645 Y23.783 E.01225
G1 X45.645 Y18.053 E.15462
G1 X46.532 Y18.053 E.02394
G1 X46.532 Y23.783 E.15462
G1 X45.848 Y23.783 E.01846
G1 X46.088 Y23.339 E.01362
;WIDTH:0.515792
G1 X46.088 Y18.496 E.1551
G1 E-3.5 F3600
;WIPE_START
G1 F7200
G1 X46.088 Y21.654 E-1.5
;WIPE_END
G1 X49.995 Y17.242 F9000
G1 E5 F2400
;TYPE:Internal infill
;WIDTH:0.44
G1 F3123
G1 X47.749 Y17.242 E.06061
G1 X47.749 Y17.429 E.00505
G1 X59.914 Y29.594 E.46425
G1 X62.86 Y29.594 E.0795
G1 X74.765 Y17.689 E.45432
G1 X74.765 Y21.497 E.10276
G1 X70.509 Y17.242 E.1624
G1 X67.563 Y17.242 E.0795
G1 X55.211 Y29.594 E.47138
G1 X52.265 Y29.594 E.0795
G1 X50.756 Y28.086 E.05757
G1 X50.756 Y26.4 E.0455
G1 X59.914 Y17.242 E.34949
G1 X62.86 Y17.242 E.0795
G1 X74.765 Y29.146 E.4543
G1 X74.765 Y25.339 E.10273
G1 X70.509 Y29.594 E.1624
G1 X67.563 Y29.594 E.0795
G1 X55.211 Y17.242 E.47138
G1 X52.265 Y17.242 E.0795
G1 X47.749 Y21.757 E.17232
G1 X47.749 Y24.191 E.06568
G1 E-3.5 F3600
;WIPE_START
G1 F7200
G1 X47.749 Y21.757 E-1.15615
G1 X48.261 Y21.245 E-.34385
;WIPE_END
G1 X49.562 Y26.146 F9000
G1 E5 F2400
;TYPE:Solid infill
;WIDTH:0.439999
G1 F3123
G1 X49.562 Y29.594 E.09304
G1 X50.35 Y29.594 E.02126
G1 X50.35 Y25.92 E.09914
G1 X50.302 Y25.632 E.00788
G1 X50.141 Y25.322 E.00943
G1 X49.955 Y25.129 E.00723
G1 X49.599 Y24.948 E.01078
G1 X49.1 Y24.925 E.01348
G1 X49.377 Y25.235 E.01122
G1 X49.53 Y25.627 E.01136
G1 X49.562 Y25.943 E.00857
G1 X49.941 Y25.781 E.01112
;WIDTH:0.41673
G1 X49.956 Y25.943 E.00414
G1 X49.956 Y29.2 E.08285
;LAYER_CHANGE
;Z:8.04
;HEIGHT:0.16
;BEFORE_LAYER_CHANGE
G92 E0
;8.04


G1 E-3.5 F3600
;WIPE_START
G1 F7200
G1 X49.956 Y26.042 E-1.5
;WIPE_END
G1 Z8.04 F9000
;AFTER_LAYER_CHANGE
;8.04
G1 X48.668 Y25.211
G1 E5 F2400
;TYPE:Perimeter
;WIDTH:0.439999
G1 F2830
G1 X48.548 Y25.086 E.00468
G1 X48.284 Y24.955 E.00795
G1 X47.979 Y24.907 E.00833
G1 X44.198 Y24.907 E.10203
G1 X43.893 Y24.955 E.00833
G1 X43.629 Y25.086 E.00795
G1 X43.43 Y25.269 E.0073
G1 X43.26 Y25.571 E.00935
G1 X43.204 Y25.901 E.00903
G1 X43.204 Y29.907 E.1081
G1 X17.1 Y29.907 E.70441
G1 X17.1 Y16.929 E.35021
G1 X75.077 Y16.929 E1.5645
G1 X75.077 Y29.907 E.35021
G1 X48.973 Y29.907 E.70441
G1 X48.973 Y25.901 E.1081
G1 X48.944 Y25.664 E.00644
G1 X48.819 Y25.37 E.00862
G1 X48.709 Y25.255 E.00429
G1 X48.387 Y25.49 F9000
G1 F2830
G1 X48.242 Y25.374 E.00501
G1 X47.979 Y25.312 E.00729
G1 X44.124 Y25.312 E.10403
G1 X43.861 Y25.418 E.00765
G1 X43.667 Y25.646 E.00808
G1 X43.61 Y25.901 E.00705
G1 X43.61 Y30.312 E.11903
G1 X16.694 Y30.312 E.72632
G1 X16.694 Y16.524 E.37207
G1 X75.483 Y16.524 E1.58641
G1 X75.483 Y30.312 E.37207
G1 X48.567 Y30.312 E.72632
G1 X48.567 Y25.794 E.12192
G1 X48.434 Y25.528 E.00803
G1 X48.106 Y25.768 F9000
;TYPE:External perimeter
;WIDTH:0.419999
G1 F1800
G1 X47.979 Y25.708 E.0036
G1 X44.198 Y25.708 E.097
G1 X44.067 Y25.76 E.00362
G1 X44.005 Y25.901 E.00395
G1 X44.005 Y30.708 E.12332
G1 X16.298 Y30.708 E.71081
G1 X16.298 Y16.128 E.37404
G1 X75.878 Y16.128 E1.52849
G1 X75.878 Y30.708 E.37404
G1 X48.172 Y30.708 E.71078
G1 X48.172 Y25.901 E.12332
G1 X48.14 Y25.812 E.00243
G1 X49.169 Y24.927 F9000
;TYPE:Solid infill
;WIDTH:0.439999
G1 F2830
G1 X49.494 Y25.012 E.00907
G1 X49.716 Y25.154 E.00711
G1 X49.98 Y25.49 E.01153
G1 X50.073 Y25.92 E.01187
G1 X50.073 Y29.594 E.09914
G1 X49.285 Y29.594 E.02126
G1 X49.285 Y25.943 E.09852
G1 X49.251 Y25.613 E.00895
G1 X49.1 Y25.235 E.01098
G1 X48.818 Y24.919 E.01143
G1 X48.966 Y24.922 E.00399
G1 X49.662 Y25.763 F9000
;WIDTH:0.416728
G1 F2830
G1 X49.679 Y25.943 E.0046
G1 X49.679 Y29.2 E.08285
G1 E-3.5 F3600
;WIPE_START
G1 F7200
G1 X49.679 Y26.042 E-1.5
;WIPE_END
G1 X49.57 Y24.598 F9000
G1 E5 F2400
;TYPE:Internal infill
;WIDTH:0.44
G1 F2830
G1 X49.086 Y24.509 E.01328
G1 X48.454 Y24.509 E.01705
G1 X48.399 Y24.665 E.00446
G1 X47.983 Y24.594 E.01139
G1 X47.265 Y24.594 E.01938
G1 X46.648 Y23.978 E.02353
G1 X46.648 Y22.858 E.03022
G1 X52.265 Y17.242 E.21434
G1 X55.211 Y17.242 E.0795
G1 X67.563 Y29.594 E.47138
G1 X70.509 Y29.594 E.0795
G1 X74.765 Y25.339 E.1624
G1 X74.765 Y29.146 E.10273
G1 X62.86 Y17.242 E.4543
G1 X59.914 Y17.242 E.0795
G1 X50.479 Y26.677 E.36006
G1 X50.479 Y27.808 E.03052
G1 X52.265 Y29.594 E.06816
G1 X55.211 Y29.594 E.0795
G1 X67.563 Y17.242 E.47138
G1 X70.509 Y17.242 E.0795
G1 X74.765 Y21.497 E.1624
G1 X74.765 Y17.689 E.10276
G1 X62.86 Y29.594 E.45432
G1 X59.914 Y29.594 E.0795
G1 X47.561 Y17.242 E.4714
G1 X46.648 Y17.242 E.02464
G1 X46.648 Y18.763 E.04104
G1 X45.528 Y18.763 F9000
G1 F2830
G1 X45.528 Y17.242 E.04104
G1 X44.615 Y17.242 E.02464
G1 X32.263 Y29.594 E.47138
G1 X29.317 Y29.594 E.0795
G1 X17.412 Y17.689 E.45432
G1 X17.412 Y21.497 E.10276
G1 X21.668 Y17.242 E.1624
G1 X24.614 Y17.242 E.0795
G1 X36.966 Y29.594 E.47138
G1 X39.912 Y29.594 E.0795
G1 X41.703 Y27.804 E.06833
G1 X41.705 Y26.684 E.03022
G1 X32.263 Y17.242 E.36033
G1 X29.317 Y17.242 E.0795
G1 X17.412 Y29.146 E.4543
G1 X17.412 Y25.339 E.10273
G1 X21.668 Y29.594 E.1624
G1 X24.614 Y29.594 E.0795
G1 X36.966 Y17.242 E.47138
G1 X39.912 Y17.242 E.0795
G1 X45.528 Y22.858 E.21432
G1 X45.528 Y23.978 E.03022
G1 X44.912 Y24.594 E.02351
G1 X44.194 Y24.594 E.01938
G1 X43.792 Y24.659 E.01099
G1 X43.745 Y24.509 E.00424
G1 X43.09 Y24.509 E.01768
G1 X42.606 Y24.599 E.01328
G1 X43.174 Y24.931 F9000
;TYPE:Solid infill
;WIDTH:0.439999
G1 F2830
G1 X42.827 Y24.958 E.00939
G1 X42.5 Y25.126 E.00992
G1 X42.232 Y25.431 E.01096
G1 X42.116 Y25.761 E.00944
G1 X42.104 Y29.594 E.10343
G1 X42.892 Y29.594 E.02126
G1 X42.901 Y25.756 E.10357
G1 X43.046 Y25.294 E.01307
G1 X43.221 Y25.04 E.00832
G1 X43.376 Y24.915 E.00537
G1 X42.562 Y25.587 F9000
;WIDTH:0.386185
G1 F2830
G1 X42.535 Y25.698 E.00267
;WIDTH:0.413804
G1 X42.509 Y25.81 E.0029
;WIDTH:0.416316
G1 X42.499 Y29.2 E.08614
G1 E-3.5 F3600
;WIPE_START
G1 F7200
G1 X42.508 Y26.042 E-1.5
;WIPE_END
G1 X45.91 Y17.217 F9000
G1 E5 F2400
;WIDTH:0.391473
G1 F2830
G1 X46.267 Y17.217 E.00848
G1 X46.267 Y24.618 E.17582
G1 X45.91 Y24.618 E.00848
G1 X45.91 Y17.42 E.171
;LAYER_CHANGE
;Z:8.2
;HEIGHT:0.16
;BEFORE_LAYER_CHANGE
G92 E0
;8.2


G1 E-3.5 F3600
;WIPE_START
G1 F7200
G1 X45.91 Y20.578 E-1.5
;WIPE_END
G1 Z8.2 F9000
;AFTER_LAYER_CHANGE
;8.2
G1 X43.779 Y25.203
G1 E5 F2400
;TYPE:Perimeter
;WIDTH:0.439999
G1 F2829
G1 X43.707 Y25.269 E.00264
G1 X43.537 Y25.571 E.00935
G1 X43.481 Y25.901 E.00903
G1 X43.481 Y29.907 E.1081
G1 X17.1 Y29.907 E.71189
G1 X17.1 Y16.929 E.35021
G1 X75.077 Y16.929 E1.5645
G1 X75.077 Y29.907 E.35021
G1 X48.696 Y29.907 E.71189
G1 X48.696 Y25.901 E.1081
G1 X48.667 Y25.664 E.00644
G1 X48.542 Y25.37 E.00862
G1 X48.271 Y25.086 E.01059
G1 X48.007 Y24.955 E.00795
G1 X47.702 Y24.907 E.00833
G1 X44.475 Y24.907 E.08708
G1 X44.17 Y24.955 E.00833
G1 X43.906 Y25.086 E.00795
G1 X43.823 Y25.163 E.00306
G1 X44.071 Y25.497 F9000
G1 F2829
G1 X43.945 Y25.646 E.00527
G1 X43.887 Y25.901 E.00706
G1 X43.887 Y30.312 E.11903
G1 X16.694 Y30.312 E.7338
G1 X16.694 Y16.524 E.37207
G1 X75.483 Y16.524 E1.58641
G1 X75.483 Y30.312 E.37207
G1 X48.29 Y30.312 E.7338
G1 X48.29 Y25.794 E.12192
G1 X48.156 Y25.527 E.00806
G1 X47.965 Y25.374 E.0066
G1 X47.702 Y25.312 E.00729
G1 X44.401 Y25.312 E.08908
G1 X44.138 Y25.418 E.00765
G1 X44.11 Y25.451 E.00117
G1 X44.339 Y25.771 F9000
;TYPE:External perimeter
;WIDTH:0.419999
G1 F1800
G1 X44.282 Y25.901 E.00364
G1 X44.282 Y30.708 E.12332
G1 X16.298 Y30.708 E.71791
G1 X16.298 Y16.128 E.37404
G1 X75.878 Y16.128 E1.52849
G1 X75.878 Y30.708 E.37404
G1 X47.894 Y30.708 E.71791
G1 X47.894 Y25.901 E.12332
G1 X47.85 Y25.778 E.00335
G1 X47.702 Y25.708 E.0042
G1 X44.475 Y25.708 E.08279
G1 X44.388 Y25.742 E.0024
G1 E-3.5 F3600
;WIPE_START
G1 F7200
G1 X44.339 Y25.771 E-.02705
G1 X44.282 Y25.901 E-.06742
G1 X44.282 Y28.86 E-1.40553
;WIPE_END
G1 X42.392 Y26.105 F9000
G1 E5 F2400
;TYPE:Solid infill
;WIDTH:0.439999
G1 F2829
G1 X42.381 Y29.594 E.09415
G1 X43.169 Y29.594 E.02126
G1 X43.169 Y25.903 E.0996
G1 X43.258 Y25.436 E.01283
G1 X43.492 Y25.046 E.01227
G1 X43.646 Y24.919 E.00539
G1 X43.199 Y24.935 E.01207
G1 X42.856 Y25.072 E.00997
G1 X42.652 Y25.233 E.00701
G1 X42.442 Y25.566 E.01062
G1 X42.393 Y25.902 E.00916
G1 X42.808 Y25.701 E.01244
;WIDTH:0.404432
G1 X42.781 Y25.904 E.00504
;WIDTH:0.41507
G1 X42.776 Y29.201 E.0835
G1 E-3.5 F3600
;WIPE_START
G1 F7200
G1 X42.781 Y26.043 E-1.5
;WIPE_END
G1 X49.008 Y26.146 F9000
G1 E5 F2400
;WIDTH:0.439999
G1 F2829
G1 X49.008 Y29.594 E.09304
G1 X49.796 Y29.594 E.02126
G1 X49.796 Y25.92 E.09914
G1 X49.703 Y25.49 E.01187
G1 X49.439 Y25.154 E.01153
G1 X49.292 Y25.05 E.00486
G1 X48.93 Y24.927 E.01032
G1 X48.54 Y24.919 E.01053
G1 X48.823 Y25.235 E.01145
G1 X48.974 Y25.613 E.01098
G1 X49.008 Y25.943 E.00895
G1 X49.385 Y25.763 E.01127
;WIDTH:0.416728
G1 X49.402 Y25.943 E.0046
G1 X49.402 Y29.2 E.08285
G1 E-3.5 F3600
;WIPE_START
G1 F7200
G1 X49.402 Y26.042 E-1.5
;WIPE_END
G1 X72.779 Y29.594 F9000
G1 E5 F2400
;TYPE:Internal infill
;WIDTH:0.44
G1 F2829
G1 X74.765 Y29.594 E.05359
G1 X74.765 Y29.146 E.01209
G1 X62.86 Y17.242 E.4543
G1 X59.914 Y17.242 E.0795
G1 X50.202 Y26.954 E.37063
G1 X50.202 Y27.531 E.01557
G1 X52.265 Y29.594 E.07873
G1 X55.211 Y29.594 E.0795
G1 X67.563 Y17.242 E.47138
G1 X70.509 Y17.242 E.0795
G1 X74.765 Y21.497 E.1624
G1 X74.765 Y17.689 E.10276
G1 X62.86 Y29.594 E.45432
G1 X59.914 Y29.594 E.0795
G1 X47.561 Y17.242 E.4714
G1 X44.615 Y17.242 E.0795
G1 X32.263 Y29.594 E.47138
G1 X29.317 Y29.594 E.0795
G1 X17.412 Y17.689 E.45432
G1 X17.412 Y21.497 E.10276
G1 X21.668 Y17.242 E.1624
G1 X24.614 Y17.242 E.0795
G1 X36.966 Y29.594 E.47138
G1 X39.912 Y29.594 E.0795
G1 X41.98 Y27.526 E.07892
G1 X41.982 Y26.961 E.01525
G1 X32.263 Y17.242 E.3709
G1 X29.317 Y17.242 E.0795
G1 X17.412 Y29.146 E.4543
G1 X17.412 Y25.339 E.10273
G1 X21.668 Y29.594 E.1624
G1 X24.614 Y29.594 E.0795
G1 X36.966 Y17.242 E.47138
G1 X39.912 Y17.242 E.0795
G1 X47.265 Y24.594 E.28059
G1 X44.912 Y24.594 E.0635
G1 X52.265 Y17.242 E.28059
G1 X55.211 Y17.242 E.0795
G1 X67.563 Y29.594 E.47138
G1 X70.509 Y29.594 E.0795
G1 X74.765 Y25.339 E.1624
G1 X74.765 Y22.905 E.06568
;LAYER_CHANGE
;Z:8.36
;HEIGHT:0.16
;BEFORE_LAYER_CHANGE
G92 E0
;8.36


G1 E-3.5 F3600
;WIPE_START
G1 F7200
G1 X74.765 Y25.339 E-1.15615
G1 X74.253 Y25.851 E-.34385
;WIPE_END
G1 Z8.36 F9000
;AFTER_LAYER_CHANGE
;8.36
G1 X75.077 Y16.929
G1 E5 F2400
;TYPE:Perimeter
;WIDTH:0.439999
G1 F2839
G1 X75.077 Y29.907 E.35021
G1 X48.419 Y29.907 E.71936
G1 X48.419 Y25.901 E.1081
G1 X48.39 Y25.664 E.00644
G1 X48.265 Y25.37 E.00862
G1 X47.994 Y25.086 E.01059
G1 X47.73 Y24.955 E.00795
G1 X47.424 Y24.907 E.00836
G1 X44.752 Y24.907 E.0721
G1 X44.447 Y24.955 E.00833
G1 X44.183 Y25.086 E.00795
G1 X43.985 Y25.269 E.00728
G1 X43.814 Y25.571 E.00937
G1 X43.758 Y25.901 E.00903
G1 X43.758 Y29.907 E.1081
G1 X17.1 Y29.907 E.71936
G1 X17.1 Y16.929 E.35021
G1 X75.017 Y16.929 E1.56288
G1 X75.483 Y16.524 F9000
G1 F2839
G1 X75.483 Y30.312 E.37207
G1 X48.013 Y30.312 E.74127
G1 X48.013 Y25.794 E.12192
G1 X47.879 Y25.527 E.00806
G1 X47.688 Y25.374 E.0066
G1 X47.424 Y25.312 E.00732
G1 X44.678 Y25.312 E.0741
G1 X44.415 Y25.418 E.00765
G1 X44.222 Y25.646 E.00806
G1 X44.164 Y25.901 E.00706
G1 X44.164 Y30.312 E.11903
G1 X16.694 Y30.312 E.74127
G1 X16.694 Y16.524 E.37207
G1 X75.423 Y16.524 E1.58479
G1 X75.878 Y16.128 F9000
;TYPE:External perimeter
;WIDTH:0.419999
G1 F1800
G1 X75.878 Y30.708 E.37404
G1 X47.617 Y30.708 E.72502
G1 X47.617 Y25.901 E.12332
G1 X47.573 Y25.778 E.00335
G1 X47.424 Y25.708 E.00422
G1 X44.752 Y25.708 E.06855
G1 X44.621 Y25.76 E.00362
G1 X44.56 Y25.901 E.00394
G1 X44.56 Y30.708 E.12332
G1 X16.298 Y30.708 E.72504
G1 X16.298 Y16.128 E.37404
G1 X75.818 Y16.128 E1.52695
G1 E-3.5 F3600
;WIPE_START
G1 F7200
G1 X75.878 Y16.128 E-.0285
G1 X75.878 Y19.226 E-1.4715
;WIPE_END
G1 X74.765 Y22.905 F9000
G1 E5 F2400
;TYPE:Internal infill
;WIDTH:0.44
G1 F2839
G1 X74.765 Y25.339 E.06568
G1 X70.509 Y29.594 E.1624
G1 X67.563 Y29.594 E.0795
G1 X55.211 Y17.242 E.47138
G1 X52.265 Y17.242 E.0795
G1 X44.912 Y24.594 E.28059
G1 X47.265 Y24.594 E.0635
G1 X39.912 Y17.242 E.28059
G1 X36.966 Y17.242 E.0795
G1 X24.614 Y29.594 E.47138
G1 X21.668 Y29.594 E.0795
G1 X17.412 Y25.339 E.1624
G1 X17.412 Y29.146 E.10273
G1 X29.317 Y17.242 E.4543
G1 X32.263 Y17.242 E.0795
G1 X42.252 Y27.231 E.3812
G1 X39.912 Y29.594 E.08974
G1 X36.966 Y29.594 E.0795
G1 X24.614 Y17.242 E.47138
G1 X21.668 Y17.242 E.0795
G1 X17.412 Y21.497 E.1624
G1 X17.412 Y17.689 E.10276
G1 X29.317 Y29.594 E.45432
G1 X32.263 Y29.594 E.0795
G1 X44.615 Y17.242 E.47138
G1 X47.561 Y17.242 E.0795
G1 X59.914 Y29.594 E.4714
G1 X62.86 Y29.594 E.0795
G1 X74.765 Y17.689 E.45432
G1 X74.765 Y21.497 E.10276
G1 X70.509 Y17.242 E.1624
G1 X67.563 Y17.242 E.0795
G1 X55.211 Y29.594 E.47138
G1 X52.265 Y29.594 E.0795
G1 X49.919 Y27.237 E.08974
G1 X59.914 Y17.242 E.38143
G1 X62.86 Y17.242 E.0795
G1 X74.765 Y29.146 E.4543
G1 X74.765 Y29.594 E.01209
G1 X72.779 Y29.594 E.05359
G1 E-3.5 F3600
;WIPE_START
G1 F7200
G1 X74.765 Y29.594 E-.94335
G1 X74.765 Y29.146 E-.2128
G1 X74.253 Y28.634 E-.34385
;WIPE_END
G1 X48.615 Y24.927 F9000
G1 E5 F2400
;TYPE:Solid infill
;WIDTH:0.439999
G1 F2839
G1 X48.944 Y25.015 E.00919
G1 X49.162 Y25.154 E.00698
G1 X49.386 Y25.435 E.0097
G1 X49.509 Y25.787 E.01006
G1 X49.519 Y29.594 E.10273
G1 X48.731 Y29.594 E.02126
G1 X48.731 Y25.767 E.10327
G1 X48.546 Y25.235 E.0152
G1 X48.263 Y24.919 E.01145
G1 X48.412 Y24.922 E.00402
G1 X49.081 Y25.654 F9000
;WIDTH:0.407284
G1 F2839
G1 X49.12 Y25.906 E.00633
;WIDTH:0.415476
G1 X49.124 Y29.201 E.08354
G1 E-3.5 F3600
;WIPE_START
G1 F7200
G1 X49.12 Y26.043 E-1.5
;WIPE_END
G1 X43.726 Y24.931 F9000
G1 E5 F2400
;WIDTH:0.439999
G1 F2839
G1 X43.382 Y24.958 E.00931
G1 X43.055 Y25.126 E.00992
G1 X42.79 Y25.433 E.01094
G1 X42.659 Y25.828 E.01123
G1 X42.658 Y29.594 E.10162
G1 X43.446 Y29.594 E.02126
G1 X43.446 Y25.904 E.09957
G1 X43.535 Y25.436 E.01286
G1 X43.769 Y25.046 E.01227
G1 X43.929 Y24.915 E.00558
G1 X43.071 Y25.766 F9000
;WIDTH:0.41593
G1 F2839
G1 X43.052 Y25.933 E.00427
;WIDTH:0.416614
G1 X43.052 Y29.2 E.08308
;LAYER_CHANGE
;Z:8.52
;HEIGHT:0.160001
;BEFORE_LAYER_CHANGE
G92 E0
;8.52


G1 E-3.5 F3600
;WIPE_START
G1 F7200
G1 X43.052 Y26.042 E-1.5
;WIPE_END
G1 Z8.52 F9000
;AFTER_LAYER_CHANGE
;8.52
G1 X44.333 Y25.203
G1 E5 F2400
;TYPE:Perimeter
;WIDTH:0.439999
G1 F2847
G1 X44.262 Y25.269 E.00262
G1 X44.092 Y25.571 E.00935
G1 X44.035 Y25.901 E.00904
G1 X44.035 Y29.907 E.1081
G1 X17.1 Y29.907 E.72684
G1 X17.1 Y16.929 E.35021
G1 X75.077 Y16.929 E1.5645
G1 X75.077 Y29.907 E.35021
G1 X48.141 Y29.907 E.72686
G1 X48.141 Y25.901 E.1081
G1 X48.113 Y25.664 E.00644
G1 X47.988 Y25.37 E.00862
G1 X47.717 Y25.086 E.01059
G1 X47.453 Y24.955 E.00795
G1 X47.147 Y24.907 E.00836
G1 X45.029 Y24.907 E.05715
G1 X44.724 Y24.955 E.00833
G1 X44.46 Y25.086 E.00795
G1 X44.377 Y25.163 E.00306
G1 X44.626 Y25.497 F9000
G1 F2847
G1 X44.499 Y25.646 E.00528
G1 X44.441 Y25.901 E.00706
G1 X44.441 Y30.312 E.11903
G1 X16.694 Y30.312 E.74875
G1 X16.694 Y16.524 E.37207
G1 X75.483 Y16.524 E1.58641
G1 X75.483 Y30.312 E.37207
G1 X47.736 Y30.312 E.74875
G1 X47.736 Y25.794 E.12192
G1 X47.602 Y25.527 E.00806
G1 X47.411 Y25.374 E.0066
G1 X47.147 Y25.312 E.00732
G1 X44.955 Y25.312 E.05915
G1 X44.692 Y25.418 E.00765
G1 X44.664 Y25.451 E.00117
G1 X44.893 Y25.771 F9000
;TYPE:External perimeter
;WIDTH:0.419999
G1 F1800
G1 X44.837 Y25.901 E.00363
G1 X44.837 Y30.708 E.12332
G1 X16.298 Y30.708 E.73215
G1 X16.298 Y16.128 E.37404
G1 X75.878 Y16.128 E1.52849
G1 X75.878 Y30.708 E.37404
G1 X47.34 Y30.708 E.73213
G1 X47.34 Y25.901 E.12332
G1 X47.296 Y25.778 E.00335
G1 X47.147 Y25.708 E.00422
G1 X45.029 Y25.708 E.05434
G1 X44.942 Y25.742 E.0024
G1 E-3.5 F3600
;WIPE_START
G1 F7200
G1 X44.893 Y25.771 E-.02705
G1 X44.837 Y25.901 E-.06724
G1 X44.837 Y28.86 E-1.40571
;WIPE_END
G1 X48.454 Y26.146 F9000
G1 E5 F2400
;TYPE:Solid infill
;WIDTH:0.439999
G1 F2847
G1 X48.454 Y29.594 E.09304
G1 X49.242 Y29.594 E.02126
G1 X49.242 Y25.92 E.09914
G1 X49.149 Y25.49 E.01187
G1 X48.885 Y25.154 E.01153
G1 X48.737 Y25.05 E.00488
G1 X48.376 Y24.927 E.01029
G1 X47.986 Y24.919 E.01053
G1 X48.268 Y25.235 E.01143
G1 X48.42 Y25.613 E.01099
G1 X48.454 Y25.943 E.00895
G1 X48.831 Y25.763 E.01127
;WIDTH:0.416728
G1 X48.848 Y25.943 E.0046
G1 X48.848 Y29.2 E.08285
G1 E-3.5 F3600
;WIPE_START
G1 F7200
G1 X48.848 Y26.042 E-1.5
;WIPE_END
G1 X43.33 Y29.201 F9000
G1 E5 F2400
;WIDTH:0.415224
G1 F2847
G1 X43.335 Y25.905 E.08351
;WIDTH:0.41034
G1 X43.337 Y25.829 E.0019
;WIDTH:0.439999
G1 X42.946 Y25.834 E.01055
G1 X43.021 Y25.529 E.00848
G1 X43.19 Y25.263 E.0085
G1 X43.446 Y25.048 E.00902
G1 X43.753 Y24.935 E.00883
G1 X44.16 Y24.924 E.01099
G1 X43.872 Y25.301 E.0128
G1 X43.781 Y25.532 E.0067
G1 X43.723 Y25.906 E.01021
G1 X43.723 Y29.594 E.09952
G1 X42.935 Y29.594 E.02126
G1 X42.946 Y26.037 E.09599
G1 E-3.5 F3600
;WIPE_START
G1 F7200
G1 X42.936 Y29.195 E-1.5
;WIPE_END
G1 X72.779 Y29.594 F9000
G1 E5 F2400
;TYPE:Internal infill
;WIDTH:0.44
G1 F2847
G1 X74.765 Y29.594 E.05359
G1 X74.765 Y29.146 E.01209
G1 X62.86 Y17.242 E.4543
G1 X59.914 Y17.242 E.0795
G1 X49.648 Y27.508 E.39177
G1 X49.648 Y26.977 E.01433
G1 X52.265 Y29.594 E.09987
G1 X55.211 Y29.594 E.0795
G1 X67.563 Y17.242 E.47138
G1 X70.509 Y17.242 E.0795
G1 X74.765 Y21.497 E.1624
G1 X74.765 Y17.689 E.10276
G1 X62.86 Y29.594 E.45432
G1 X59.914 Y29.594 E.0795
G1 X47.561 Y17.242 E.4714
G1 X44.615 Y17.242 E.0795
G1 X32.263 Y29.594 E.47138
G1 X29.317 Y29.594 E.0795
G1 X17.412 Y17.689 E.45432
G1 X17.412 Y21.497 E.10276
G1 X21.668 Y17.242 E.1624
G1 X24.614 Y17.242 E.0795
G1 X36.966 Y29.594 E.47138
G1 X39.912 Y29.594 E.0795
G1 X42.536 Y26.97 E.10014
G1 X42.535 Y27.513 E.01465
G1 X32.263 Y17.242 E.39198
G1 X29.317 Y17.242 E.0795
G1 X17.412 Y29.146 E.4543
G1 X17.412 Y25.339 E.10273
G1 X21.668 Y29.594 E.1624
G1 X24.614 Y29.594 E.0795
G1 X36.966 Y17.242 E.47138
G1 X39.912 Y17.242 E.0795
G1 X47.275 Y24.605 E.28099
G1 X44.902 Y24.604 E.06404
G1 X52.265 Y17.242 E.28097
G1 X55.211 Y17.242 E.0795
G1 X67.563 Y29.594 E.47138
G1 X70.509 Y29.594 E.0795
G1 X74.765 Y25.339 E.1624
G1 X74.765 Y22.905 E.06568
;LAYER_CHANGE
;Z:8.68
;HEIGHT:0.16
;BEFORE_LAYER_CHANGE
G92 E0
;8.68


G1 E-3.5 F3600
;WIPE_START
G1 F7200
G1 X74.765 Y25.339 E-1.15615
G1 X74.253 Y25.851 E-.34385
;WIPE_END
G1 Z8.68 F9000
;AFTER_LAYER_CHANGE
;8.68
G1 X75.077 Y16.929
G1 E5 F2400
;TYPE:Perimeter
;WIDTH:0.439999
G1 F2862
G1 X75.077 Y29.907 E.35021
G1 X47.864 Y29.907 E.73434
G1 X47.864 Y25.901 E.1081
G1 X47.836 Y25.664 E.00644
G1 X47.711 Y25.37 E.00862
G1 X47.44 Y25.086 E.01059
G1 X47.176 Y24.955 E.00795
G1 X46.87 Y24.907 E.00836
G1 X45.307 Y24.907 E.04218
G1 X45.001 Y24.955 E.00836
G1 X44.737 Y25.086 E.00795
G1 X44.539 Y25.269 E.00728
G1 X44.369 Y25.571 E.00935
G1 X44.312 Y25.901 E.00904
G1 X44.312 Y29.907 E.1081
G1 X17.1 Y29.907 E.73431
G1 X17.1 Y16.929 E.35021
G1 X75.017 Y16.929 E1.56288
G1 X75.483 Y16.524 F9000
G1 F2862
G1 X75.483 Y30.312 E.37207
G1 X47.459 Y30.312 E.75622
G1 X47.459 Y25.794 E.12192
G1 X47.325 Y25.527 E.00806
G1 X47.133 Y25.374 E.00662
G1 X46.87 Y25.312 E.00729
G1 X45.232 Y25.312 E.0442
G1 X44.969 Y25.418 E.00765
G1 X44.776 Y25.646 E.00806
G1 X44.718 Y25.901 E.00706
G1 X44.718 Y30.312 E.11903
G1 X16.694 Y30.312 E.75622
G1 X16.694 Y16.524 E.37207
G1 X75.423 Y16.524 E1.58479
G1 X75.878 Y16.128 F9000
;TYPE:External perimeter
;WIDTH:0.419999
G1 F1800
G1 X75.878 Y30.708 E.37404
G1 X47.063 Y30.708 E.73923
G1 X47.063 Y25.901 E.12332
G1 X47.019 Y25.778 E.00335
G1 X46.87 Y25.708 E.00422
G1 X45.307 Y25.708 E.0401
G1 X45.175 Y25.76 E.00364
G1 X45.114 Y25.901 E.00394
G1 X45.114 Y30.708 E.12332
G1 X16.298 Y30.708 E.73926
G1 X16.298 Y16.128 E.37404
G1 X75.818 Y16.128 E1.52695
G1 E-3.5 F3600
;WIPE_START
G1 F7200
G1 X75.878 Y16.128 E-.0285
G1 X75.878 Y19.226 E-1.4715
;WIPE_END
G1 X74.765 Y22.905 F9000
G1 E5 F2400
;TYPE:Internal infill
;WIDTH:0.44
G1 F2862
G1 X74.765 Y25.339 E.06568
G1 X70.509 Y29.594 E.1624
G1 X67.563 Y29.594 E.0795
G1 X55.211 Y17.242 E.47138
G1 X52.265 Y17.242 E.0795
G1 X44.888 Y24.618 E.2815
G1 X44.901 Y24.659 E.00116
G1 X45.302 Y24.594 E.01096
G1 X46.874 Y24.594 E.04242
G1 X47.291 Y24.665 E.01141
G1 X39.912 Y17.242 E.28244
G1 X36.966 Y17.242 E.0795
G1 X24.614 Y29.594 E.47138
G1 X21.668 Y29.594 E.0795
G1 X17.412 Y25.339 E.1624
G1 X17.412 Y29.146 E.10273
G1 X29.317 Y17.242 E.4543
G1 X32.263 Y17.242 E.0795
G1 X42.811 Y27.79 E.40254
G1 X42.814 Y26.692 E.02963
G1 X39.912 Y29.594 E.11075
G1 X36.966 Y29.594 E.0795
G1 X24.614 Y17.242 E.47138
G1 X21.668 Y17.242 E.0795
G1 X17.412 Y21.497 E.1624
G1 X17.412 Y17.689 E.10276
G1 X29.317 Y29.594 E.45432
G1 X32.263 Y29.594 E.0795
G1 X44.615 Y17.242 E.47138
G1 X47.561 Y17.242 E.0795
G1 X59.914 Y29.594 E.4714
G1 X62.86 Y29.594 E.0795
G1 X74.765 Y17.689 E.45432
G1 X74.765 Y21.497 E.10276
G1 X70.509 Y17.242 E.1624
G1 X67.563 Y17.242 E.0795
G1 X55.211 Y29.594 E.47138
G1 X52.265 Y29.594 E.0795
G1 X49.37 Y26.7 E.11046
G1 X49.37 Y27.785 E.02928
G1 X59.914 Y17.242 E.40236
G1 X62.86 Y17.242 E.0795
G1 X74.765 Y29.146 E.4543
G1 X74.765 Y29.594 E.01209
G1 X72.779 Y29.594 E.05359
G1 E-3.5 F3600
;WIPE_START
G1 F7200
G1 X74.765 Y29.594 E-.94335
G1 X74.765 Y29.146 E-.2128
G1 X74.253 Y28.634 E-.34385
;WIPE_END
G1 X48.061 Y24.927 F9000
G1 E5 F2400
;TYPE:Solid infill
;WIDTH:0.439999
G1 F2862
G1 X48.386 Y25.012 E.00907
G1 X48.608 Y25.154 E.00711
G1 X48.872 Y25.49 E.01153
G1 X48.965 Y25.92 E.01187
G1 X48.965 Y29.594 E.09914
G1 X48.177 Y29.594 E.02126
G1 X48.177 Y25.943 E.09852
G1 X48.143 Y25.613 E.00895
G1 X47.991 Y25.235 E.01099
G1 X47.709 Y24.919 E.01143
G1 X47.858 Y24.922 E.00402
G1 X48.554 Y25.763 F9000
;WIDTH:0.41673
G1 F2862
G1 X48.571 Y25.943 E.0046
G1 X48.571 Y29.2 E.08285
G1 E-3.5 F3600
;WIPE_START
G1 F7200
G1 X48.571 Y26.042 E-1.5
;WIPE_END
G1 X44.282 Y24.931 F9000
G1 E5 F2400
;WIDTH:0.439999
G1 F2862
G1 X43.936 Y24.96 E.00937
G1 X43.535 Y25.178 E.01232
G1 X43.297 Y25.532 E.01151
G1 X43.223 Y25.834 E.00839
G1 X43.212 Y29.594 E.10146
G1 X44 Y29.594 E.02126
G1 X44 Y25.906 E.09952
G1 X44.058 Y25.532 E.01021
G1 X44.155 Y25.294 E.00694
G1 X44.329 Y25.04 E.00831
G1 X44.484 Y24.915 E.00537
G1 X43.614 Y25.829 F9000
;WIDTH:0.410338
G1 F2862
G1 X43.612 Y25.906 E.00193
;WIDTH:0.415224
G1 X43.607 Y29.201 E.08348
;LAYER_CHANGE
;Z:8.84
;HEIGHT:0.16
;BEFORE_LAYER_CHANGE
G92 E0
;8.84


G1 E-3.5 F3600
;WIPE_START
G1 F7200
G1 X43.611 Y26.043 E-1.5
;WIPE_END
G1 Z8.84 F9000
;AFTER_LAYER_CHANGE
;8.84
G1 X44.887 Y25.203
G1 E5 F2400
;TYPE:Perimeter
;WIDTH:0.439999
G1 F3457
G1 X44.816 Y25.269 E.00262
G1 X44.646 Y25.571 E.00935
G1 X44.59 Y25.901 E.00903
G1 X44.59 Y29.907 E.1081
G1 X17.1 Y29.907 E.74181
G1 X17.1 Y16.929 E.35021
G1 X75.077 Y16.929 E1.5645
G1 X75.077 Y29.907 E.35021
G1 X47.587 Y29.907 E.74181
G1 X47.587 Y25.901 E.1081
G1 X47.559 Y25.664 E.00644
G1 X47.433 Y25.37 E.00863
G1 X47.163 Y25.086 E.01057
G1 X46.898 Y24.955 E.00798
G1 X46.593 Y24.907 E.00833
G1 X45.584 Y24.907 E.02723
G1 X45.278 Y24.955 E.00836
G1 X45.014 Y25.086 E.00795
G1 X44.931 Y25.163 E.00306
G1 X45.18 Y25.497 F9000
G1 F3457
G1 X45.053 Y25.646 E.00528
G1 X44.995 Y25.901 E.00706
G1 X44.995 Y30.312 E.11903
G1 X16.694 Y30.312 E.7637
G1 X16.694 Y16.524 E.37207
G1 X75.483 Y16.524 E1.58641
G1 X75.483 Y30.312 E.37207
G1 X47.182 Y30.312 E.7637
G1 X47.182 Y25.794 E.12192
G1 X47.047 Y25.527 E.00807
G1 X46.856 Y25.374 E.0066
G1 X46.593 Y25.312 E.00729
G1 X45.51 Y25.312 E.02922
G1 X45.247 Y25.418 E.00765
G1 X45.219 Y25.451 E.00117
G1 X45.447 Y25.771 F9000
;TYPE:External perimeter
;WIDTH:0.419999
G1 F1800
G1 X45.391 Y25.901 E.00363
G1 X45.391 Y30.708 E.12332
G1 X16.298 Y30.708 E.74636
G1 X16.298 Y16.128 E.37404
G1 X75.878 Y16.128 E1.52849
G1 X75.878 Y30.708 E.37404
G1 X46.786 Y30.708 E.74634
G1 X46.786 Y25.901 E.12332
G1 X46.742 Y25.778 E.00335
G1 X46.593 Y25.708 E.00422
G1 X45.584 Y25.708 E.02589
G1 X45.496 Y25.742 E.00242
G1 E-3.5 F3600
;WIPE_START
G1 F7200
G1 X45.447 Y25.771 E-.02705
G1 X45.391 Y25.901 E-.06724
G1 X45.391 Y28.86 E-1.40571
;WIPE_END
G1 X43.322 Y29.593 F9000
G1 E5 F2400
;TYPE:Solid infill
;WIDTH:0.443086
G1 F3457
G1 X43.286 Y29.594 E.00098
;WIDTH:0.44001
G1 X17.615 Y29.594 E.69275
;WIDTH:0.474811
G1 X17.531 Y29.577 E.00251
;WIDTH:0.509612
G1 X17.447 Y29.559 E.00272
G1 X17.429 Y29.475 E.00272
;WIDTH:0.47481
G1 X17.412 Y29.391 E.00251
;WIDTH:0.440008
G1 X17.412 Y17.444 E.32239
;WIDTH:0.47481
G1 X17.429 Y17.36 E.00251
;WIDTH:0.509612
G1 X17.447 Y17.276 E.00272
G1 X17.531 Y17.259 E.00271
;WIDTH:0.474812
G1 X17.615 Y17.242 E.00251
;WIDTH:0.440012
G1 X74.562 Y17.242 E1.53675
;WIDTH:0.474811
G1 X74.646 Y17.259 E.00251
;WIDTH:0.509612
G1 X74.73 Y17.276 E.00271
G1 X74.747 Y17.36 E.00271
;WIDTH:0.474811
G1 X74.765 Y17.444 E.00252
;WIDTH:0.44001
G1 X74.765 Y29.391 E.3224
;WIDTH:0.474809
G1 X74.747 Y29.475 E.00252
;WIDTH:0.50961
G1 X74.73 Y29.559 E.00271
G1 X74.646 Y29.577 E.00272
;WIDTH:0.474809
G1 X74.562 Y29.594 E.00251
;WIDTH:0.44001
G1 X48.89 Y29.594 E.69277
G1 X48.294 Y29.2 E.01928
;WIDTH:0.416732
G1 X48.294 Y25.943 E.08285
G1 X48.249 Y25.67 E.00704
G1 E-3.5 F3600
;WIPE_START
G1 F7200
G1 X48.294 Y25.943 E-.13142
G1 X48.294 Y28.824 E-1.36858
;WIPE_END
G1 X43.489 Y25.951 F9000
G1 E5 F2400
;WIDTH:0.439999
G1 F3457
G1 X43.541 Y25.631 E.00875
G1 X43.689 Y25.329 E.00908
G1 X43.986 Y25.062 E.01078
G1 X44.187 Y24.974 E.00592
G1 X44.793 Y24.901 E.01647
;WIDTH:0.438854
G1 X44.666 Y24.977 E.00398
;WIDTH:0.439999
G1 X44.425 Y25.305 E.01098
G1 X44.322 Y25.569 E.00765
G1 X44.277 Y25.905 E.00915
G1 X44.277 Y29.594 E.09955
G1 X43.883 Y29.594 E.01063
;WIDTH:0.443086
G1 X43.322 Y29.593 E.01525
G1 X43.489 Y29.391 E.00713
;WIDTH:0.439999
G1 X43.489 Y26.154 E.08735
G1 X43.916 Y25.699 E.01684
;WIDTH:0.4165
G1 X43.883 Y25.951 E.00646
;WIDTH:0.41672
G1 X43.883 Y29.2 E.08264
G1 E-3.5 F3600
;WIPE_START
G1 F7200
G1 X43.883 Y26.042 E-1.5
;WIPE_END
G1 X45.009 Y24.83 F9000
G1 E5 F2400
;WIDTH:0.374336
G1 F3457
G1 X45.253 Y24.692 E.00634
;WIDTH:0.399733
G1 X45.46 Y24.647 E.00515
;WIDTH:0.42513
G1 X45.666 Y24.602 E.00548
;WIDTH:0.43966
G1 X46.315 Y24.594 E.0175
G1 X46.724 Y24.636 E.01109
;WIDTH:0.393502
G1 X47.158 Y24.815 E.01122
;WIDTH:0.374336
G1 X47.204 Y24.838 E.00116
;WIDTH:0.39874
G1 X47.34 Y24.887 E.0035
;WIDTH:0.439999
G1 X47.784 Y24.927 E.01203
G1 X48.109 Y25.013 E.00907
G1 X48.33 Y25.154 E.00707
G1 X48.595 Y25.49 E.01155
G1 X48.688 Y25.92 E.01187
G1 X48.688 Y29.391 E.09366
G1 X48.89 Y29.594 E.00773
G1 X47.9 Y29.594 E.02671
G1 X47.9 Y25.943 E.09852
G1 X47.817 Y25.49 E.01243
G1 X47.71 Y25.225 E.00771
G1 X47.49 Y25.024 E.00804
G1 E-3.5 F3600
;WIPE_START
G1 F7200
G1 X47.71 Y25.225 E-.14155
G1 X47.817 Y25.49 E-.13575
G1 X47.9 Y25.943 E-.21876
G1 X47.9 Y28.057 E-1.00394
;WIPE_END
G1 X27.453 Y17.647 F9000
G1 E5 F2400
;TYPE:Internal infill
;WIDTH:0.44
G1 F3457
G1 X25.019 Y17.647 E.06568
G1 X36.56 Y29.189 E.44045
G1 X40.318 Y29.189 E.10141
G1 X43.083 Y26.423 E.10554
G1 X43.083 Y28.062 E.04423
G1 X32.668 Y17.647 E.39746
G1 X28.911 Y17.647 E.10138
G1 X17.818 Y28.741 E.42335
G1 X17.818 Y25.744 E.08087
G1 X21.262 Y29.189 E.13145
G1 X25.019 Y29.189 E.10138
G1 X36.56 Y17.647 E.44045
G1 X40.318 Y17.647 E.10141
G1 X47.008 Y24.338 E.25533
G1 X46.584 Y24.208 E.01197
G1 X46.31 Y24.189 E.00741
G1 X45.607 Y24.205 E.01898
G1 X45.169 Y24.338 E.01235
G1 X51.859 Y17.647 E.25533
G1 X55.616 Y17.647 E.10138
G1 X67.158 Y29.189 E.44047
G1 X70.915 Y29.189 E.10138
G1 X74.359 Y25.744 E.13145
G1 X74.359 Y28.741 E.08087
G1 X63.266 Y17.647 E.42335
G1 X59.508 Y17.647 E.10141
G1 X49.093 Y28.062 E.39746
G1 X49.093 Y26.423 E.04423
G1 X51.859 Y29.189 E.10556
G1 X55.616 Y29.189 E.10138
G1 X67.158 Y17.647 E.44047
G1 X70.915 Y17.647 E.10138
G1 X74.359 Y21.091 E.13143
G1 X74.359 Y18.095 E.08085
G1 X63.266 Y29.189 E.42335
G1 X59.508 Y29.189 E.10141
G1 X47.967 Y17.647 E.44045
G1 X44.21 Y17.647 E.10138
G1 X32.668 Y29.189 E.44047
G1 X28.911 Y29.189 E.10138
G1 X17.818 Y18.095 E.42335
G1 X17.818 Y21.091 E.08085
G1 X21.262 Y17.647 E.13143
G1 X18.828 Y17.647 E.06568
;LAYER_CHANGE
;Z:9
;HEIGHT:0.16
;BEFORE_LAYER_CHANGE
G92 E0
;9


G1 E-3.5 F3600
;WIPE_START
G1 F7200
G1 X21.262 Y17.647 E-1.15615
G1 X20.75 Y18.159 E-.34385
;WIPE_END
G1 Z9 F9000
;AFTER_LAYER_CHANGE
;9
G1 X17.1 Y16.929
G1 E5 F2400
;TYPE:Perimeter
;WIDTH:0.439999
G1 F3600
G1 X75.077 Y16.929 E1.5645
G1 X75.077 Y29.907 E.35021
G1 X47.31 Y29.907 E.74929
G1 X47.31 Y25.801 E.1108
G1 X47.212 Y25.471 E.00929
G1 X46.993 Y25.173 E.00998
G1 X46.761 Y25.012 E.00762
G1 X46.471 Y24.919 E.00822
G1 X45.861 Y24.907 E.01646
G1 X45.555 Y24.955 E.00836
G1 X45.291 Y25.086 E.00795
G1 X45.093 Y25.269 E.00728
G1 X44.923 Y25.571 E.00935
G1 X44.867 Y25.901 E.00903
G1 X44.867 Y29.907 E.1081
G1 X17.1 Y29.907 E.74929
G1 X17.1 Y16.989 E.34859
G1 X16.694 Y16.524 F9000
G1 F3600
G1 X75.483 Y16.524 E1.58641
G1 X75.483 Y30.312 E.37207
G1 X46.904 Y30.312 E.7712
G1 X46.904 Y25.794 E.12192
G1 X46.77 Y25.527 E.00806
G1 X46.579 Y25.374 E.0066
G1 X46.316 Y25.312 E.00729
G1 X45.769 Y25.319 E.01476
G1 X45.524 Y25.418 E.00713
G1 X45.33 Y25.646 E.00808
G1 X45.272 Y25.901 E.00706
G1 X45.272 Y30.312 E.11903
G1 X16.694 Y30.312 E.77117
G1 X16.694 Y16.584 E.37045
G1 X16.298 Y16.128 F9000
;TYPE:External perimeter
;WIDTH:0.419999
G1 F1800
G1 X75.878 Y16.128 E1.52849
G1 X75.878 Y30.708 E.37404
G1 X46.509 Y30.708 E.75344
G1 X46.509 Y25.834 E.12504
G1 X46.375 Y25.717 E.00456
G1 X45.861 Y25.708 E.01319
G1 X45.729 Y25.76 E.00364
G1 X45.668 Y25.901 E.00394
G1 X45.668 Y30.708 E.12332
G1 X16.298 Y30.708 E.75347
G1 X16.298 Y16.188 E.3725
G1 E-3.5 F3600
;WIPE_START
G1 F7200
G1 X16.298 Y16.128 E-.0285
G1 X19.396 Y16.128 E-1.4715
;WIPE_END
G1 X44.377 Y25.584 F9000
G1 E5 F2400
;TYPE:Solid infill
;WIDTH:0.453336
G1 F3600
G1 X44.548 Y26.139 E.01619
;WIDTH:0.455544
G1 X44.546 Y29.586 E.09658
G1 X44.308 Y29.586 E.00667
G1 X44.125 Y29.404 E.00723
G1 X44.129 Y25.915 E.09776
;WIDTH:0.453336
G1 X44.205 Y25.691 E.00659
G1 E-3.5
;WIPE_START
G1 F7200
G1 X44.129 Y25.915 E-.11236
G1 X44.126 Y28.836 E-1.38764
;WIPE_END
G1 X47.794 Y25.584 F9000
G1 E5 F2400
;WIDTH:0.455665
G1 F3600
G1 X47.855 Y25.596 E.00174
G1 X48.004 Y25.738 E.00577
G1 X48.052 Y26.068 E.00935
G1 X48.052 Y29.404 E.0935
G1 X47.869 Y29.586 E.00723
G1 X47.63 Y29.586 E.0067
G1 X47.63 Y26.068 E.0986
G1 X47.729 Y25.776 E.00864
G1 E-3.5
;WIPE_START
G1 F7200
G1 X47.63 Y26.068 E-.14645
G1 X47.63 Y28.918 E-1.35355
;WIPE_END
G1 X74.1 Y29.776 F9000
G1 E5 F2400
M204 S250
;TYPE:Bridge infill
;WIDTH:0.369014
;HEIGHT:0.368782
G1 F1500
G1 X74.758 Y29.118 E.04138
G1 X74.758 Y28.525 E.02637
G1 X73.695 Y29.588 E.06684
G1 X73.103 Y29.588 E.02632
G1 X74.758 Y27.932 E.1041
G1 X74.758 Y27.34 E.02632
G1 X72.51 Y29.588 E.14136
G1 X71.918 Y29.588 E.02632
G1 X74.758 Y26.747 E.17862
G1 X74.758 Y26.155 E.02632
G1 X71.325 Y29.588 E.21587
G1 X70.733 Y29.588 E.02632
G1 X74.758 Y25.562 E.25313
G1 X74.758 Y24.969 E.02637
G1 X70.14 Y29.588 E.29042
G1 X69.547 Y29.588 E.02637
G1 X74.758 Y24.377 E.32768
G1 X74.758 Y23.784 E.02637
G1 X68.955 Y29.588 E.36493
G1 X68.362 Y29.588 E.02637
G1 X74.758 Y23.192 E.40219
G1 X74.758 Y22.599 E.02637
G1 X67.77 Y29.588 E.43945
G1 X67.177 Y29.588 E.02637
G1 X74.758 Y22.007 E.47671
G1 X74.758 Y21.414 E.02637
G1 X66.585 Y29.588 E.51396
G1 X65.992 Y29.588 E.02637
G1 X74.758 Y20.821 E.55125
G1 X74.758 Y20.229 E.02632
G1 X65.399 Y29.588 E.58851
G1 X64.807 Y29.588 E.02632
G1 X74.758 Y19.636 E.62577
G1 X74.758 Y19.044 E.02632
G1 X64.214 Y29.588 E.66303
G1 X63.622 Y29.588 E.02632
G1 X74.758 Y18.451 E.70028
G1 X74.758 Y17.859 E.02632
G1 X63.029 Y29.588 E.73754
G1 X62.436 Y29.588 E.02637
G1 X74.758 Y17.266 E.77483
G1 X74.758 Y17.248 E.0008
G1 X74.183 Y17.248 E.02557
G1 X61.844 Y29.588 E.77593
G1 X61.251 Y29.588 E.02637
G1 X73.591 Y17.248 E.77596
G1 X72.998 Y17.248 E.02637
G1 X60.659 Y29.588 E.77593
G1 X60.066 Y29.588 E.02637
G1 X72.406 Y17.248 E.77596
G1 X71.813 Y17.248 E.02637
G1 X59.474 Y29.588 E.77593
G1 X58.881 Y29.588 E.02637
G1 X71.221 Y17.248 E.77596
G1 X70.628 Y17.248 E.02637
G1 X58.288 Y29.588 E.77596
G1 X57.696 Y29.588 E.02632
G1 X70.035 Y17.248 E.77593
G1 X69.443 Y17.248 E.02632
G1 X57.103 Y29.588 E.77596
G1 X56.511 Y29.588 E.02632
G1 X68.85 Y17.248 E.77593
G1 X68.258 Y17.248 E.02632
G1 X55.918 Y29.588 E.77596
G1 X55.326 Y29.588 E.02632
G1 X67.665 Y17.248 E.77593
G1 X67.073 Y17.248 E.02632
G1 X54.733 Y29.588 E.77596
G1 X54.14 Y29.588 E.02637
G1 X66.48 Y17.248 E.77596
G1 X65.887 Y17.248 E.02637
G1 X53.548 Y29.588 E.77593
G1 X52.955 Y29.588 E.02637
G1 X65.295 Y17.248 E.77596
G1 X64.702 Y17.248 E.02637
G1 X52.363 Y29.588 E.77593
G1 X51.77 Y29.588 E.02637
G1 X64.11 Y17.248 E.77596
G1 X63.517 Y17.248 E.02637
G1 X51.178 Y29.588 E.77593
G1 X50.585 Y29.588 E.02637
G1 X62.924 Y17.248 E.77593
G1 X62.332 Y17.248 E.02632
G1 X49.992 Y29.588 E.77596
G1 X49.4 Y29.588 E.02632
G1 X61.739 Y17.248 E.77593
G1 X61.147 Y17.248 E.02632
G1 X48.807 Y29.588 E.77596
G1 X48.462 Y29.588 E.01534
G1 X48.472 Y29.331 E.01144
G1 X60.554 Y17.248 E.75977
G1 X59.962 Y17.248 E.02632
G1 X48.472 Y28.738 E.72251
G1 X48.472 Y28.146 E.02632
G1 X59.369 Y17.248 E.68525
G1 X58.776 Y17.248 E.02637
G1 X48.472 Y27.553 E.64796
G1 X48.472 Y26.96 E.02637
G1 X58.184 Y17.248 E.61071
G1 X57.591 Y17.248 E.02637
G1 X48.472 Y26.368 E.57345
G1 X48.455 Y25.792 E.02562
G1 X56.999 Y17.248 E.53726
G1 X56.406 Y17.248 E.02637
G1 X48.265 Y25.389 E.51192
G1 X48.143 Y25.271 E.00755
G1 X47.901 Y25.16 E.01184
G1 X55.814 Y17.248 E.49755
G1 X55.221 Y17.248 E.02637
G1 X47.356 Y25.113 E.49456
G1 X47.214 Y24.942 E.00988
G1 X47.058 Y24.818 E.00886
G1 X54.628 Y17.248 E.47601
G1 X54.036 Y17.248 E.02632
G1 X46.65 Y24.634 E.46444
G1 X46.319 Y24.588 E.01486
G1 X46.099 Y24.593 E.00978
G1 X53.443 Y17.248 E.46183
G1 X52.851 Y17.248 E.02632
G1 X44.594 Y25.505 E.51921
M204 S500
G1 E-3.5 F3600
;WIPE_START
G1 F7200
G1 X46.827 Y23.272 E-1.5
;WIPE_END
G1 X43.894 Y29.168 F9000
G1 E5 F2400
M204 S250
G1 F1500
G1 X43.474 Y29.588 E.02641
G1 X42.881 Y29.588 E.02637
G1 X43.705 Y28.764 E.05181
G1 X43.705 Y28.171 E.02637
G1 X42.289 Y29.588 E.08907
G1 X41.696 Y29.588 E.02637
G1 X43.705 Y27.579 E.12633
G1 X43.705 Y26.986 E.02637
G1 X41.104 Y29.588 E.16359
G1 X40.511 Y29.588 E.02637
G1 X43.894 Y26.205 E.21273
M204 S500
G1 E-3.5 F3600
;WIPE_START
G1 F7200
G1 X41.661 Y28.438 E-1.5
;WIPE_END
G1 X39.73 Y29.776 F9000
G1 E5 F2400
M204 S250
G1 F1500
G1 X52.258 Y17.248 E.78778
G1 X51.666 Y17.248 E.02632
G1 X39.326 Y29.588 E.77596
G1 X38.733 Y29.588 E.02637
G1 X51.073 Y17.248 E.77596
G1 X50.48 Y17.248 E.02637
G1 X38.141 Y29.588 E.77593
G1 X37.548 Y29.588 E.02637
G1 X49.888 Y17.248 E.77596
G1 X49.295 Y17.248 E.02637
G1 X36.956 Y29.588 E.77593
G1 X36.363 Y29.588 E.02637
G1 X48.703 Y17.248 E.77596
G1 X48.11 Y17.248 E.02637
G1 X35.771 Y29.588 E.77593
G1 X35.178 Y29.588 E.02637
G1 X47.518 Y17.248 E.77596
G1 X46.925 Y17.248 E.02637
G1 X34.585 Y29.588 E.77596
G1 X33.993 Y29.588 E.02632
G1 X46.332 Y17.248 E.77593
G1 X45.74 Y17.248 E.02632
G1 X33.4 Y29.588 E.77596
G1 X32.808 Y29.588 E.02632
G1 X45.147 Y17.248 E.77593
G1 X44.555 Y17.248 E.02632
G1 X32.215 Y29.588 E.77596
G1 X31.623 Y29.588 E.02632
G1 X43.962 Y17.248 E.77593
G1 X43.369 Y17.248 E.02637
G1 X31.03 Y29.588 E.77593
G1 X30.437 Y29.588 E.02637
G1 X42.777 Y17.248 E.77596
G1 X42.184 Y17.248 E.02637
G1 X29.845 Y29.588 E.77593
G1 X29.252 Y29.588 E.02637
G1 X41.592 Y17.248 E.77596
G1 X40.999 Y17.248 E.02637
G1 X28.66 Y29.588 E.77593
G1 X28.067 Y29.588 E.02637
G1 X40.407 Y17.248 E.77596
G1 X39.814 Y17.248 E.02637
G1 X27.475 Y29.588 E.77593
G1 X26.882 Y29.588 E.02637
G1 X39.221 Y17.248 E.77593
G1 X38.629 Y17.248 E.02632
G1 X26.289 Y29.588 E.77596
G1 X25.697 Y29.588 E.02632
G1 X38.036 Y17.248 E.77593
G1 X37.444 Y17.248 E.02632
G1 X25.104 Y29.588 E.77596
G1 X24.512 Y29.588 E.02632
G1 X36.851 Y17.248 E.77593
G1 X36.259 Y17.248 E.02632
G1 X23.919 Y29.588 E.77596
G1 X23.326 Y29.588 E.02637
G1 X35.666 Y17.248 E.77596
G1 X35.073 Y17.248 E.02637
G1 X22.734 Y29.588 E.77593
G1 X22.141 Y29.588 E.02637
G1 X34.481 Y17.248 E.77596
G1 X33.888 Y17.248 E.02637
G1 X21.549 Y29.588 E.77593
G1 X20.956 Y29.588 E.02637
G1 X33.296 Y17.248 E.77596
G1 X32.703 Y17.248 E.02637
G1 X20.364 Y29.588 E.77593
G1 X19.771 Y29.588 E.02637
G1 X32.111 Y17.248 E.77596
G1 X31.518 Y17.248 E.02637
G1 X19.178 Y29.588 E.77596
G1 X18.586 Y29.588 E.02632
G1 X30.925 Y17.248 E.77593
G1 X30.333 Y17.248 E.02632
G1 X17.993 Y29.588 E.77596
G1 X17.419 Y29.588 E.02552
G1 X17.419 Y29.57 E.0008
G1 X29.74 Y17.248 E.7748
G1 X29.148 Y17.248 E.02632
G1 X17.419 Y28.977 E.73754
G1 X17.419 Y28.385 E.02632
G1 X28.555 Y17.248 E.70028
G1 X27.963 Y17.248 E.02632
G1 X17.419 Y27.792 E.66303
G1 X17.419 Y27.199 E.02637
G1 X27.37 Y17.248 E.62574
G1 X26.777 Y17.248 E.02637
G1 X17.419 Y26.607 E.58848
G1 X17.419 Y26.014 E.02637
G1 X26.185 Y17.248 E.55122
G1 X25.592 Y17.248 E.02637
G1 X17.419 Y25.422 E.51396
G1 X17.419 Y24.829 E.02637
G1 X25 Y17.248 E.47671
G1 X24.407 Y17.248 E.02637
G1 X17.419 Y24.237 E.43945
G1 X17.419 Y23.644 E.02637
G1 X23.815 Y17.248 E.40219
G1 X23.222 Y17.248 E.02637
G1 X17.419 Y23.051 E.3649
G1 X17.419 Y22.459 E.02632
G1 X22.629 Y17.248 E.32765
G1 X22.037 Y17.248 E.02632
G1 X17.419 Y21.866 E.29039
G1 X17.419 Y21.274 E.02632
G1 X21.444 Y17.248 E.25313
G1 X20.852 Y17.248 E.02632
G1 X17.419 Y20.681 E.21587
G1 X17.419 Y20.089 E.02632
G1 X20.259 Y17.248 E.17862
G1 X19.666 Y17.248 E.02637
G1 X17.419 Y19.496 E.14133
G1 X17.419 Y18.903 E.02637
G1 X19.074 Y17.248 E.10407
G1 X18.481 Y17.248 E.02637
G1 X17.419 Y18.311 E.06681
G1 X17.419 Y17.718 E.02637
G1 X18.077 Y17.06 E.04138
M204 S500
;LAYER_CHANGE
;Z:9.16
;HEIGHT:0.16
;BEFORE_LAYER_CHANGE
G92 E0
;9.16


G1 E-3.5 F3600
;WIPE_START
G1 F7200
G1 X17.419 Y17.718 E-.44201
G1 X17.419 Y18.311 E-.28167
G1 X18.481 Y17.248 E-.71374
G1 X18.613 Y17.248 E-.06258
;WIPE_END
G1 Z9.16 F9000
;AFTER_LAYER_CHANGE
;9.16
G1 X17.1 Y16.929
G1 E5 F2400
;TYPE:Perimeter
;WIDTH:0.439999
G1 F3600
G1 X75.077 Y16.929 E1.5645
G1 X75.077 Y29.907 E.35021
G1 X17.1 Y29.907 E1.5645
G1 X17.1 Y16.989 E.34859
G1 X16.694 Y16.524 F9000
G1 F3600
G1 X75.483 Y16.524 E1.58641
G1 X75.483 Y30.312 E.37207
G1 X16.694 Y30.312 E1.58641
G1 X16.694 Y16.584 E.37045
G1 X16.298 Y16.128 F9000
;TYPE:External perimeter
;WIDTH:0.419999
G1 F1800
G1 X75.878 Y16.128 E1.52849
G1 X75.878 Y30.708 E.37404
G1 X16.298 Y30.708 E1.52849
G1 X16.298 Y16.188 E.3725
G1 E-3.5 F3600
;WIPE_START
G1 F7200
G1 X16.298 Y16.128 E-.0285
G1 X19.396 Y16.128 E-1.4715
;WIPE_END
G1 X17.445 Y29.484 F9000
G1 E5 F2400
;TYPE:Solid infill
;WIDTH:0.538422
G1 F3600
G1 X17.4 Y29.529 E.00213
G1 X17.417 Y29.59 E.00212
G1 X17.478 Y29.606 E.00211
G1 X17.522 Y29.561 E.00211
G1 X17.506 Y29.5 E.00211
;WIDTH:0.439999
G1 X17.412 Y28.852 E.01767
G1 X18.226 Y29.66 E.03095
;WIDTH:0.407168
G1 X18.299 Y29.726 E.00244
;WIDTH:0.374336
G1 X18.279 Y29.797 E.00167
G1 X18.351 Y29.778 E.00168
G1 X18.34 Y29.737 E.00096
;WIDTH:0.439999
G1 X18.727 Y29.594 E.01113
G1 X17.412 Y28.279 E.05018
G1 X17.412 Y27.705 E.01549
G1 X19.301 Y29.594 E.07209
G1 X19.875 Y29.594 E.01549
G1 X17.412 Y27.131 E.09399
G1 X17.412 Y26.558 E.01546
G1 X20.449 Y29.594 E.11588
G1 X21.022 Y29.594 E.01546
G1 X17.412 Y25.984 E.13777
G1 X17.412 Y25.41 E.01549
G1 X21.596 Y29.594 E.15967
G1 X22.17 Y29.594 E.01549
G1 X17.412 Y24.837 E.18156
G1 X17.412 Y24.263 E.01549
G1 X22.743 Y29.594 E.20344
G1 X23.317 Y29.594 E.01549
G1 X17.412 Y23.689 E.22535
G1 X17.412 Y23.116 E.01546
G1 X23.891 Y29.594 E.24723
G1 X24.464 Y29.594 E.01546
G1 X17.412 Y22.542 E.26912
G1 X17.412 Y21.968 E.01549
G1 X25.038 Y29.594 E.29103
G1 X25.612 Y29.594 E.01549
G1 X17.412 Y21.394 E.31293
G1 X17.412 Y20.821 E.01546
G1 X26.186 Y29.594 E.33482
G1 X26.759 Y29.594 E.01546
G1 X17.412 Y20.247 E.3567
G1 X17.412 Y19.673 E.01549
G1 X27.333 Y29.594 E.37861
G1 X27.907 Y29.594 E.01549
G1 X17.412 Y19.1 E.40049
G1 X17.412 Y18.526 E.01549
G1 X28.48 Y29.594 E.42238
G1 X29.054 Y29.594 E.01549
G1 X17.412 Y17.952 E.44429
G1 X17.289 Y17.089 F9000
;WIDTH:0.374336
G1 F3600
G1 X17.27 Y17.16 E.00166
G1 X17.341 Y17.141 E.00166
G1 X17.33 Y17.1 E.00096
;WIDTH:0.407168
G1 X17.371 Y17.239 E.00359
;WIDTH:0.439999
G1 X17.412 Y17.379 E.00394
G1 X29.628 Y29.594 E.46617
G1 X30.201 Y29.594 E.01546
G1 X17.849 Y17.242 E.47138
G1 X18.422 Y17.242 E.01546
G1 X30.775 Y29.594 E.4714
G1 X31.349 Y29.594 E.01549
G1 X18.996 Y17.242 E.4714
G1 X19.57 Y17.242 E.01549
G1 X31.922 Y29.594 E.47138
G1 X32.496 Y29.594 E.01549
G1 X20.144 Y17.242 E.47138
G1 X20.717 Y17.242 E.01546
G1 X33.07 Y29.594 E.4714
G1 X33.644 Y29.594 E.01549
G1 X21.291 Y17.242 E.4714
G1 X21.865 Y17.242 E.01549
G1 X34.217 Y29.594 E.47138
G1 X34.791 Y29.594 E.01549
G1 X22.438 Y17.242 E.4714
G1 X23.012 Y17.242 E.01549
G1 X35.365 Y29.594 E.4714
G1 X35.938 Y29.594 E.01546
G1 X23.586 Y17.242 E.47138
G1 X24.159 Y17.242 E.01546
G1 X36.512 Y29.594 E.4714
G1 X37.086 Y29.594 E.01549
G1 X24.733 Y17.242 E.4714
G1 X25.307 Y17.242 E.01549
G1 X37.659 Y29.594 E.47138
G1 X38.233 Y29.594 E.01549
G1 X25.88 Y17.242 E.4714
G1 X26.454 Y17.242 E.01549
G1 X38.807 Y29.594 E.4714
G1 X39.38 Y29.594 E.01546
G1 X27.028 Y17.242 E.47138
G1 X27.602 Y17.242 E.01549
G1 X39.954 Y29.594 E.47138
G1 X40.528 Y29.594 E.01549
G1 X28.175 Y17.242 E.4714
G1 X28.749 Y17.242 E.01549
G1 X41.102 Y29.594 E.4714
G1 X41.675 Y29.594 E.01546
G1 X29.323 Y17.242 E.47138
G1 X29.896 Y17.242 E.01546
G1 X42.249 Y29.594 E.4714
G1 X42.823 Y29.594 E.01549
G1 X30.47 Y17.242 E.4714
G1 X31.044 Y17.242 E.01549
G1 X43.396 Y29.594 E.47138
G1 X43.577 Y29.616 E.00492
;WIDTH:0.407168
G1 X43.758 Y29.637 E.00452
;WIDTH:0.374336
G1 X43.739 Y29.708 E.00166
G1 X43.81 Y29.689 E.00166
G1 X43.799 Y29.648 E.00096
;WIDTH:0.439999
G1 X43.685 Y29.31 E.00963
G1 X31.617 Y17.242 E.46054
G1 X32.191 Y17.242 E.01549
G1 X43.685 Y28.736 E.43864
G1 X43.685 Y28.162 E.01549
G1 X32.765 Y17.242 E.41673
G1 X33.338 Y17.242 E.01546
G1 X43.685 Y27.589 E.39487
G1 X43.685 Y27.015 E.01549
G1 X33.912 Y17.242 E.37296
G1 X34.486 Y17.242 E.01549
G1 X43.685 Y26.441 E.35105
G1 X43.686 Y25.868 E.01546
G1 X35.06 Y17.242 E.32919
G1 X35.633 Y17.242 E.01546
G1 X43.768 Y25.377 E.31045
G1 X43.928 Y24.963 E.01198
G1 X36.207 Y17.242 E.29465
G1 X36.781 Y17.242 E.01549
G1 X44.137 Y24.598 E.28072
G1 X44.407 Y24.294 E.01097
G1 X37.354 Y17.242 E.26914
G1 X37.928 Y17.242 E.01549
G1 X44.744 Y24.057 E.2601
G1 X45.139 Y23.878 E.0117
G1 X38.502 Y17.242 E.25326
G1 X39.075 Y17.242 E.01546
G1 X45.586 Y23.752 E.24846
G1 X46.133 Y23.725 E.01478
G1 X39.649 Y17.242 E.24743
G1 X40.223 Y17.242 E.01549
G1 X46.771 Y23.789 E.24987
G1 X46.909 Y23.861 E.0042
;WIDTH:0.407168
G1 X47.046 Y23.932 E.00383
;WIDTH:0.374336
G1 X47.027 Y24.004 E.00168
G1 X47.099 Y23.985 E.00168
G1 X47.088 Y23.943 E.00098
G1 X48.002 Y24.81 F9000
G1 F3600
G1 X48.245 Y25.159 E.00962
G1 X48.036 Y24.859 E.00827
G1 E-3.5
;WIPE_START
G1 F7200
G1 X48.245 Y25.159 E-.17367
G1 X48.002 Y24.81 E-.202
;WIPE_END
G1 E-1.12433 F3600
G1 X48.497 Y29.52 F9000
G1 E5 F2400
;WIDTH:0.479958
G1 F3600
G1 X48.458 Y29.56 E.00166
G1 X48.472 Y29.614 E.00165
G1 X48.526 Y29.628 E.00165
G1 X48.565 Y29.589 E.00163
G1 X48.551 Y29.535 E.00165
;WIDTH:0.439999
G1 X49.133 Y29.594 E.01579
G1 X48.491 Y28.952 E.0245
G1 X48.491 Y28.379 E.01546
G1 X49.707 Y29.594 E.04639
G1 X50.281 Y29.594 E.01549
G1 X48.491 Y27.805 E.06829
G1 X48.491 Y27.231 E.01549
G1 X50.854 Y29.594 E.09018
G1 X51.428 Y29.594 E.01549
G1 X48.491 Y26.658 E.11206
G1 X48.491 Y26.084 E.01549
G1 X52.002 Y29.594 E.13397
G1 X52.892 Y29.683 F9000
;WIDTH:0.374336
G1 F3600
G1 X52.903 Y29.724 E.00096
G1 X52.832 Y29.743 E.00166
G1 X52.851 Y29.672 E.00166
;WIDTH:0.407168
G1 X52.713 Y29.633 E.00356
;WIDTH:0.439999
G1 X52.575 Y29.594 E.00387
G1 X48.427 Y25.446 E.1583
G1 E-3.5
;WIPE_START
G1 F7200
G1 X50.66 Y27.679 E-1.5
;WIPE_END
G1 X53.149 Y29.594 F9000
G1 E5 F2400
G1 F3600
G1 X40.797 Y17.242 E.47138
G1 X41.37 Y17.242 E.01546
G1 X53.723 Y29.594 E.4714
G1 X54.297 Y29.594 E.01549
G1 X41.944 Y17.242 E.4714
G1 X42.518 Y17.242 E.01549
G1 X54.87 Y29.594 E.47138
G1 X55.444 Y29.594 E.01549
G1 X43.091 Y17.242 E.4714
G1 X43.665 Y17.242 E.01549
G1 X56.018 Y29.594 E.4714
G1 X56.591 Y29.594 E.01546
G1 X44.239 Y17.242 E.47138
G1 X44.812 Y17.242 E.01546
G1 X57.165 Y29.594 E.4714
G1 X57.739 Y29.594 E.01549
G1 X45.386 Y17.242 E.4714
G1 X45.96 Y17.242 E.01549
G1 X58.312 Y29.594 E.47138
G1 X58.886 Y29.594 E.01549
G1 X46.533 Y17.242 E.4714
G1 X47.107 Y17.242 E.01549
G1 X59.46 Y29.594 E.4714
G1 X60.033 Y29.594 E.01546
G1 X47.681 Y17.242 E.47138
G1 X48.255 Y17.242 E.01549
G1 X60.607 Y29.594 E.47138
G1 X61.181 Y29.594 E.01549
G1 X48.828 Y17.242 E.4714
G1 X49.402 Y17.242 E.01549
G1 X61.755 Y29.594 E.4714
G1 X62.328 Y29.594 E.01546
G1 X49.976 Y17.242 E.47138
G1 X50.549 Y17.242 E.01546
G1 X62.902 Y29.594 E.4714
G1 X63.476 Y29.594 E.01549
G1 X51.123 Y17.242 E.4714
G1 X51.697 Y17.242 E.01549
G1 X64.049 Y29.594 E.47138
G1 X64.623 Y29.594 E.01549
G1 X52.27 Y17.242 E.4714
G1 X52.844 Y17.242 E.01549
G1 X65.197 Y29.594 E.4714
G1 X65.77 Y29.594 E.01546
G1 X53.418 Y17.242 E.47138
G1 X53.991 Y17.242 E.01546
G1 X66.344 Y29.594 E.4714
G1 X66.918 Y29.594 E.01549
G1 X54.565 Y17.242 E.4714
G1 X55.139 Y17.242 E.01549
G1 X67.491 Y29.594 E.47138
G1 X68.065 Y29.594 E.01549
G1 X55.713 Y17.242 E.47138
G1 X56.286 Y17.242 E.01546
G1 X68.639 Y29.594 E.4714
G1 X69.213 Y29.594 E.01549
G1 X56.86 Y17.242 E.4714
G1 X57.434 Y17.242 E.01549
G1 X69.786 Y29.594 E.47138
G1 X70.36 Y29.594 E.01549
G1 X58.007 Y17.242 E.4714
G1 X58.581 Y17.242 E.01549
G1 X70.934 Y29.594 E.4714
G1 X71.507 Y29.594 E.01546
G1 X59.155 Y17.242 E.47138
G1 X59.728 Y17.242 E.01546
G1 X72.081 Y29.594 E.4714
G1 X72.655 Y29.594 E.01549
G1 X60.302 Y17.242 E.4714
G1 X60.876 Y17.242 E.01549
G1 X73.228 Y29.594 E.47138
G1 X73.802 Y29.594 E.01549
G1 X61.449 Y17.242 E.4714
G1 X62.023 Y17.242 E.01549
G1 X74.376 Y29.594 E.4714
G1 X74.892 Y29.661 E.01404
;WIDTH:0.374336
G1 X74.903 Y29.703 E.00098
G1 X74.832 Y29.722 E.00166
G1 X74.851 Y29.65 E.00168
;WIDTH:0.407168
G1 X74.808 Y29.53 E.00316
;WIDTH:0.439999
G1 X74.765 Y29.409 E.00347
G1 X62.597 Y17.242 E.46434
G1 X63.171 Y17.242 E.01549
G1 X74.765 Y28.836 E.44245
G1 X74.765 Y28.262 E.01549
G1 X63.744 Y17.242 E.42057
G1 X64.318 Y17.242 E.01549
G1 X74.765 Y27.688 E.39866
G1 X74.765 Y27.115 E.01546
G1 X64.892 Y17.242 E.37678
G1 X65.465 Y17.242 E.01546
G1 X74.765 Y26.541 E.35489
G1 X74.765 Y25.967 E.01549
G1 X66.039 Y17.242 E.33299
G1 X66.613 Y17.242 E.01549
G1 X74.765 Y25.394 E.3111
G1 X74.765 Y24.82 E.01549
G1 X67.186 Y17.242 E.28921
G1 X67.76 Y17.242 E.01549
G1 X74.765 Y24.246 E.26731
G1 X74.765 Y23.672 E.01549
G1 X68.334 Y17.242 E.2454
G1 X68.908 Y17.242 E.01549
G1 X74.765 Y23.099 E.22352
G1 X74.765 Y22.525 E.01549
G1 X69.481 Y17.242 E.20163
G1 X70.055 Y17.242 E.01549
G1 X74.765 Y21.951 E.17973
G1 X74.765 Y21.378 E.01546
G1 X70.629 Y17.242 E.15784
G1 X71.202 Y17.242 E.01546
G1 X74.765 Y20.804 E.13595
G1 X74.765 Y20.23 E.01549
G1 X71.776 Y17.242 E.11405
G1 X72.35 Y17.242 E.01549
G1 X74.765 Y19.657 E.09216
G1 X74.968 Y19.209 E.01327
;WIDTH:0.374336
G1 X74.979 Y19.25 E.00096
G1 X74.908 Y19.269 E.00166
G1 X74.927 Y19.198 E.00166
;WIDTH:0.407168
G1 X74.846 Y19.14 E.00247
;WIDTH:0.439999
G1 X74.765 Y19.083 E.00267
G1 X72.923 Y17.242 E.07028
G1 X74.765 Y17.242 E.04971
G1 X74.765 Y18.509 E.03419
G1 X73.641 Y17.385 E.04289
G1 E-3.5
;WIPE_START
G1 F7200
G1 X74.765 Y18.509 E-.75505
G1 X74.765 Y17.242 E-.60182
G1 X74.464 Y17.242 E-.14313
;WIPE_END
G1 X43.909 Y29.587 F9000
G1 E5 F2400
M204 S250
;TYPE:Bridge infill
;WIDTH:0.369208
;HEIGHT:0.368782
G1 F1500
G1 X48.079 Y29.587 E.18561
G1 X48.079 Y29.168 E.01865
G1 X44.098 Y29.168 E.1772
G1 X44.098 Y28.749 E.01865
G1 X48.079 Y28.749 E.1772
G1 X48.079 Y28.33 E.01865
G1 X44.098 Y28.33 E.1772
G1 X44.098 Y27.911 E.01865
G1 X48.079 Y27.911 E.1772
G1 X48.079 Y27.491 E.01869
G1 X44.098 Y27.491 E.1772
G1 X44.098 Y27.072 E.01865
G1 X48.079 Y27.072 E.1772
G1 X48.079 Y26.653 E.01865
G1 X44.098 Y26.653 E.1772
G1 X44.098 Y26.234 E.01865
G1 X48.079 Y26.234 E.1772
G1 X48.074 Y25.815 E.01865
G1 X44.103 Y25.815 E.17675
G1 X44.145 Y25.565 E.01128
G1 X44.195 Y25.395 E.00789
G1 X47.981 Y25.395 E.16852
G1 X47.795 Y24.976 E.02041
G1 X44.382 Y24.976 E.15192
G1 X44.565 Y24.717 E.01412
G1 X44.736 Y24.557 E.01042
G1 X47.441 Y24.557 E.1204
G1 X47.105 Y24.352 E.01752
G1 X46.778 Y24.22 E.0157
G1 X46.508 Y24.156 E.01235
G1 X46.324 Y24.138 E.00823
G1 X45.097 Y24.138 E.05461
M204 S500
;LAYER_CHANGE
;Z:9.32
;HEIGHT:0.16
;BEFORE_LAYER_CHANGE
G92 E0
;9.32


G1 E-3.5 F3600
;WIPE_START
G1 F7200
G1 X46.324 Y24.138 E-.58282
G1 X46.508 Y24.156 E-.08782
G1 X46.778 Y24.22 E-.1318
G1 X47.105 Y24.352 E-.1675
G1 X47.441 Y24.557 E-.18696
G1 X46.719 Y24.557 E-.3431
;WIPE_END
G1 Z9.32 F9000
;AFTER_LAYER_CHANGE
;9.32
G1 X17.1 Y29.907
G1 E5 F2400
;TYPE:Perimeter
;WIDTH:0.439999
G1 F3600
G1 X17.1 Y16.929 E.35021
G1 X75.077 Y16.929 E1.5645
G1 X75.077 Y29.907 E.35021
G1 X17.16 Y29.907 E1.56288
G1 X16.694 Y30.312 F9000
G1 F3600
G1 X16.694 Y16.524 E.37207
G1 X75.483 Y16.524 E1.58641
G1 X75.483 Y30.312 E.37207
G1 X16.754 Y30.312 E1.58479
G1 X16.298 Y30.708 F9000
;TYPE:External perimeter
;WIDTH:0.419999
G1 F1800
G1 X16.298 Y16.128 E.37404
G1 X75.878 Y16.128 E1.52849
G1 X75.878 Y30.708 E.37404
G1 X16.358 Y30.708 E1.52695
G1 E-3.5 F3600
;WIPE_START
G1 F7200
G1 X16.298 Y30.708 E-.0285
G1 X16.298 Y27.61 E-1.4715
;WIPE_END
G1 X17.522 Y17.274 F9000
G1 E5 F2400
;TYPE:Solid infill
;WIDTH:0.538422
G1 F3600
G1 X17.478 Y17.23 E.00209
G1 X17.417 Y17.246 E.00211
G1 X17.4 Y17.307 E.00212
G1 X17.445 Y17.352 E.00213
G1 X17.506 Y17.335 E.00212
;WIDTH:0.439999
G1 X17.412 Y17.983 E.01767
G1 X18.154 Y17.242 E.0283
G1 X18.727 Y17.242 E.01546
G1 X17.412 Y18.557 E.05018
G1 X17.412 Y19.131 E.01549
G1 X19.301 Y17.242 E.07209
G1 X19.875 Y17.242 E.01549
G1 X17.412 Y19.704 E.09397
G1 X17.412 Y20.278 E.01549
G1 X20.449 Y17.242 E.11588
G1 X21.022 Y17.242 E.01546
G1 X17.412 Y20.852 E.13777
G1 X17.412 Y21.425 E.01546
G1 X21.596 Y17.242 E.15965
G1 X22.17 Y17.242 E.01549
G1 X17.412 Y21.999 E.18156
G1 X17.412 Y22.573 E.01549
G1 X22.743 Y17.242 E.20344
G1 X23.317 Y17.242 E.01549
G1 X17.412 Y23.147 E.22535
G1 X17.412 Y23.72 E.01546
G1 X23.891 Y17.242 E.24723
G1 X24.464 Y17.242 E.01546
G1 X17.412 Y24.294 E.26912
G1 X17.412 Y24.868 E.01549
G1 X25.038 Y17.242 E.29103
G1 X25.612 Y17.242 E.01549
G1 X17.412 Y25.441 E.31291
G1 X17.412 Y26.015 E.01549
G1 X26.186 Y17.242 E.33482
G1 X26.759 Y17.242 E.01546
G1 X17.412 Y26.589 E.3567
G1 X17.412 Y27.162 E.01546
G1 X27.333 Y17.242 E.37859
G1 X27.907 Y17.242 E.01549
G1 X17.412 Y27.736 E.40049
G1 X17.412 Y28.31 E.01549
G1 X28.48 Y17.242 E.42238
G1 X29.054 Y17.242 E.01549
G1 X17.412 Y28.884 E.44429
G1 X17.33 Y29.736 F9000
;WIDTH:0.374336
G1 F3600
G1 X17.289 Y29.747 E.00096
G1 X17.27 Y29.676 E.00166
G1 X17.341 Y29.695 E.00166
;WIDTH:0.407168
G1 X17.377 Y29.576 E.00308
;WIDTH:0.439999
G1 X17.412 Y29.457 E.00335
G1 X29.628 Y17.242 E.46617
G1 X30.201 Y17.242 E.01546
G1 X17.849 Y29.594 E.47138
G1 X18.422 Y29.594 E.01546
G1 X30.775 Y17.242 E.4714
G1 X31.349 Y17.242 E.01549
G1 X18.996 Y29.594 E.4714
G1 X19.57 Y29.594 E.01549
G1 X31.922 Y17.242 E.47138
G1 X32.496 Y17.242 E.01549
G1 X20.144 Y29.594 E.47138
G1 X20.717 Y29.594 E.01546
G1 X33.07 Y17.242 E.4714
G1 X33.644 Y17.242 E.01549
G1 X21.291 Y29.594 E.4714
G1 X21.865 Y29.594 E.01549
G1 X34.217 Y17.242 E.47138
G1 X34.791 Y17.242 E.01549
G1 X22.438 Y29.594 E.4714
G1 X23.012 Y29.594 E.01549
G1 X35.365 Y17.242 E.4714
G1 X35.938 Y17.242 E.01546
G1 X23.586 Y29.594 E.47138
G1 X24.159 Y29.594 E.01546
G1 X36.512 Y17.242 E.4714
G1 X37.086 Y17.242 E.01549
G1 X24.733 Y29.594 E.4714
G1 X25.307 Y29.594 E.01549
G1 X37.659 Y17.242 E.47138
G1 X38.233 Y17.242 E.01549
G1 X25.88 Y29.594 E.4714
G1 X26.454 Y29.594 E.01549
G1 X38.807 Y17.242 E.4714
G1 X39.38 Y17.242 E.01546
G1 X27.028 Y29.594 E.47138
G1 X27.602 Y29.594 E.01549
G1 X39.954 Y17.242 E.47138
G1 X40.528 Y17.242 E.01549
G1 X28.175 Y29.594 E.4714
G1 X28.749 Y29.594 E.01549
G1 X41.102 Y17.242 E.4714
G1 X41.675 Y17.242 E.01546
G1 X29.323 Y29.594 E.47138
G1 X29.896 Y29.594 E.01546
G1 X42.249 Y17.242 E.4714
G1 X42.823 Y17.242 E.01549
G1 X30.47 Y29.594 E.4714
G1 X31.044 Y29.594 E.01549
G1 X43.396 Y17.242 E.47138
G1 X43.97 Y17.242 E.01549
G1 X31.617 Y29.594 E.4714
G1 X32.191 Y29.594 E.01549
G1 X44.544 Y17.242 E.4714
G1 X45.117 Y17.242 E.01546
G1 X32.765 Y29.594 E.47138
G1 X33.338 Y29.594 E.01546
G1 X45.691 Y17.242 E.4714
G1 X46.265 Y17.242 E.01549
G1 X33.912 Y29.594 E.4714
G1 X34.486 Y29.594 E.01549
G1 X46.839 Y17.242 E.4714
G1 X47.412 Y17.242 E.01546
G1 X35.06 Y29.594 E.47138
G1 X35.633 Y29.594 E.01546
G1 X47.986 Y17.242 E.4714
G1 X48.56 Y17.242 E.01549
G1 X36.207 Y29.594 E.4714
G1 X36.781 Y29.594 E.01549
G1 X49.133 Y17.242 E.47138
G1 X49.707 Y17.242 E.01549
G1 X37.354 Y29.594 E.4714
G1 X37.928 Y29.594 E.01549
G1 X50.281 Y17.242 E.4714
G1 X50.854 Y17.242 E.01546
G1 X38.502 Y29.594 E.47138
G1 X39.075 Y29.594 E.01546
G1 X51.428 Y17.242 E.4714
G1 X52.002 Y17.242 E.01549
G1 X39.649 Y29.594 E.4714
G1 X40.223 Y29.594 E.01549
G1 X52.575 Y17.242 E.47138
G1 X53.149 Y17.242 E.01549
G1 X40.797 Y29.594 E.47138
G1 X41.37 Y29.594 E.01546
G1 X53.723 Y17.242 E.4714
G1 X54.297 Y17.242 E.01549
G1 X41.944 Y29.594 E.4714
G1 X42.518 Y29.594 E.01549
G1 X54.87 Y17.242 E.47138
G1 X55.444 Y17.242 E.01549
G1 X43.091 Y29.594 E.4714
G1 X43.665 Y29.594 E.01549
G1 X56.018 Y17.242 E.4714
G1 X56.591 Y17.242 E.01546
G1 X44.239 Y29.594 E.47138
G1 X44.812 Y29.594 E.01546
G1 X57.165 Y17.242 E.4714
G1 X57.739 Y17.242 E.01549
G1 X45.386 Y29.594 E.4714
G1 X45.96 Y29.594 E.01549
G1 X58.312 Y17.242 E.47138
G1 X58.886 Y17.242 E.01549
G1 X46.533 Y29.594 E.4714
G1 X47.107 Y29.594 E.01549
G1 X59.46 Y17.242 E.4714
G1 X60.033 Y17.242 E.01546
G1 X47.681 Y29.594 E.47138
G1 X48.255 Y29.594 E.01549
G1 X60.607 Y17.242 E.47138
G1 X61.181 Y17.242 E.01549
G1 X48.828 Y29.594 E.4714
G1 X49.402 Y29.594 E.01549
G1 X61.755 Y17.242 E.4714
G1 X62.328 Y17.242 E.01546
G1 X49.976 Y29.594 E.47138
G1 X50.549 Y29.594 E.01546
G1 X62.902 Y17.242 E.4714
G1 X63.476 Y17.242 E.01549
G1 X51.123 Y29.594 E.4714
G1 X51.697 Y29.594 E.01549
G1 X64.049 Y17.242 E.47138
G1 X64.623 Y17.242 E.01549
G1 X52.27 Y29.594 E.4714
G1 X52.844 Y29.594 E.01549
G1 X65.197 Y17.242 E.4714
G1 X65.77 Y17.242 E.01546
G1 X53.418 Y29.594 E.47138
G1 X53.991 Y29.594 E.01546
G1 X66.344 Y17.242 E.4714
G1 X66.918 Y17.242 E.01549
G1 X54.565 Y29.594 E.4714
G1 X55.139 Y29.594 E.01549
G1 X67.491 Y17.242 E.47138
G1 X68.065 Y17.242 E.01549
G1 X55.713 Y29.594 E.47138
G1 X56.286 Y29.594 E.01546
G1 X68.639 Y17.242 E.4714
G1 X69.213 Y17.242 E.01549
G1 X56.86 Y29.594 E.4714
G1 X57.434 Y29.594 E.01549
G1 X69.786 Y17.242 E.47138
G1 X70.36 Y17.242 E.01549
G1 X58.007 Y29.594 E.4714
G1 X58.581 Y29.594 E.01549
G1 X70.934 Y17.242 E.4714
G1 X71.507 Y17.242 E.01546
G1 X59.155 Y29.594 E.47138
G1 X59.728 Y29.594 E.01546
G1 X72.081 Y17.242 E.4714
G1 X72.655 Y17.242 E.01549
G1 X60.302 Y29.594 E.4714
G1 X60.876 Y29.594 E.01549
G1 X73.228 Y17.242 E.47138
G1 X73.802 Y17.242 E.01549
G1 X61.449 Y29.594 E.4714
G1 X62.023 Y29.594 E.01549
G1 X74.376 Y17.242 E.4714
G1 X74.903 Y17.133 E.01452
;WIDTH:0.374336
G1 X74.832 Y17.114 E.00166
G1 X74.851 Y17.185 E.00166
G1 X74.892 Y17.174 E.00096
;WIDTH:0.407168
G1 X74.828 Y17.3 E.0035
;WIDTH:0.439999
G1 X74.765 Y17.426 E.0038
G1 X62.597 Y29.594 E.46436
G1 X63.171 Y29.594 E.01549
G1 X74.765 Y18 E.44245
G1 X74.765 Y18.574 E.01549
G1 X63.744 Y29.594 E.42057
G1 X64.318 Y29.594 E.01549
G1 X74.765 Y19.147 E.39868
G1 X74.765 Y19.721 E.01549
G1 X64.892 Y29.594 E.37678
G1 X65.465 Y29.594 E.01546
G1 X74.765 Y20.295 E.35489
G1 X74.765 Y20.869 E.01549
G1 X66.039 Y29.594 E.33299
G1 X66.613 Y29.594 E.01549
G1 X74.765 Y21.442 E.3111
G1 X74.765 Y22.016 E.01549
G1 X67.186 Y29.594 E.28921
G1 X67.76 Y29.594 E.01549
G1 X74.765 Y22.59 E.26731
G1 X74.765 Y23.163 E.01546
G1 X68.334 Y29.594 E.24542
G1 X68.908 Y29.594 E.01549
G1 X74.765 Y23.737 E.22352
G1 X74.765 Y24.311 E.01549
G1 X69.481 Y29.594 E.20163
G1 X70.055 Y29.594 E.01549
G1 X74.765 Y24.884 E.17974
G1 X74.765 Y25.458 E.01549
G1 X70.629 Y29.594 E.15784
G1 X71.202 Y29.594 E.01546
G1 X74.765 Y26.032 E.13595
G1 X74.765 Y26.606 E.01549
G1 X71.776 Y29.594 E.11405
G1 X72.35 Y29.594 E.01549
G1 X74.765 Y27.179 E.09216
G1 X74.765 Y27.753 E.01549
G1 X72.923 Y29.594 E.07028
G1 X72.866 Y29.675 E.00267
;WIDTH:0.407168
G1 X72.809 Y29.756 E.00246
;WIDTH:0.374336
G1 X72.738 Y29.737 E.00166
G1 X72.757 Y29.808 E.00166
G1 X72.798 Y29.797 E.00096
G1 E-3.5
;WIPE_START
G1 F7200
G1 X72.757 Y29.808 E-.02016
G1 X72.738 Y29.737 E-.03491
G1 X72.809 Y29.756 E-.03491
G1 X72.866 Y29.675 E-.04705
G1 X72.923 Y29.594 E-.04705
G1 X74.765 Y27.753 E-1.23703
G1 X74.765 Y27.587 E-.07889
;WIPE_END
G1 X74.621 Y28.47 F9000
G1 E5 F2400
;WIDTH:0.439999
G1 F3600
G1 X73.497 Y29.594 E.04289
G1 X74.765 Y29.594 E.03422
G1 X74.765 Y28.327 E.03419
;LAYER_CHANGE
;Z:9.48
;HEIGHT:0.16
;BEFORE_LAYER_CHANGE
G92 E0
;9.48


G1 E-3.5 F3600
;WIPE_START
G1 F7200
G1 X74.765 Y29.594 E-.60182
G1 X73.497 Y29.594 E-.6023
G1 X73.938 Y29.154 E-.29588
;WIPE_END
G1 Z9.48 F9000
;AFTER_LAYER_CHANGE
;9.48
G1 X75.077 Y29.907
G1 E5 F2400
;TYPE:Perimeter
G1 F3600
G1 X17.1 Y29.907 E1.5645
G1 X17.1 Y16.929 E.35021
G1 X75.077 Y16.929 E1.5645
G1 X75.077 Y29.847 E.34859
G1 X75.483 Y30.312 F9000
G1 F3600
G1 X16.694 Y30.312 E1.58641
G1 X16.694 Y16.524 E.37207
G1 X75.483 Y16.524 E1.58641
G1 X75.483 Y30.252 E.37045
G1 X75.878 Y30.708 F9000
;TYPE:External perimeter
;WIDTH:0.419999
G1 F1800
G1 X16.298 Y30.708 E1.52849
G1 X16.298 Y16.128 E.37404
G1 X75.878 Y16.128 E1.52849
G1 X75.878 Y30.648 E.3725
G1 E-3.5 F3600
;WIPE_START
G1 F7200
G1 X75.878 Y30.708 E-.0285
G1 X72.78 Y30.708 E-1.4715
;WIPE_END
G1 X17.445 Y29.484 F9000
G1 E5 F2400
;TYPE:Solid infill
;WIDTH:0.538422
G1 F3600
G1 X17.4 Y29.529 E.00213
G1 X17.417 Y29.59 E.00212
G1 X17.478 Y29.606 E.00211
G1 X17.522 Y29.561 E.00211
G1 X17.506 Y29.5 E.00211
;WIDTH:0.439999
G1 X17.412 Y28.852 E.01767
G1 X18.226 Y29.66 E.03095
;WIDTH:0.407168
G1 X18.299 Y29.726 E.00244
;WIDTH:0.374336
G1 X18.279 Y29.797 E.00167
G1 X18.351 Y29.778 E.00168
G1 X18.34 Y29.737 E.00096
;WIDTH:0.439999
G1 X18.727 Y29.594 E.01113
G1 X17.412 Y28.279 E.05018
G1 X17.412 Y27.705 E.01549
G1 X19.301 Y29.594 E.07209
G1 X19.875 Y29.594 E.01549
G1 X17.412 Y27.131 E.09399
G1 X17.412 Y26.558 E.01546
G1 X20.449 Y29.594 E.11588
G1 X21.022 Y29.594 E.01546
G1 X17.412 Y25.984 E.13777
G1 X17.412 Y25.41 E.01549
G1 X21.596 Y29.594 E.15967
G1 X22.17 Y29.594 E.01549
G1 X17.412 Y24.837 E.18156
G1 X17.412 Y24.263 E.01549
G1 X22.743 Y29.594 E.20344
G1 X23.317 Y29.594 E.01549
G1 X17.412 Y23.689 E.22535
G1 X17.412 Y23.116 E.01546
G1 X23.891 Y29.594 E.24723
G1 X24.464 Y29.594 E.01546
G1 X17.412 Y22.542 E.26912
G1 X17.412 Y21.968 E.01549
G1 X25.038 Y29.594 E.29103
G1 X25.612 Y29.594 E.01549
G1 X17.412 Y21.394 E.31293
G1 X17.412 Y20.821 E.01546
G1 X26.186 Y29.594 E.33482
G1 X26.759 Y29.594 E.01546
G1 X17.412 Y20.247 E.3567
G1 X17.412 Y19.673 E.01549
G1 X27.333 Y29.594 E.37861
G1 X27.907 Y29.594 E.01549
G1 X17.412 Y19.1 E.40049
G1 X17.412 Y18.526 E.01549
G1 X28.48 Y29.594 E.42238
G1 X29.054 Y29.594 E.01549
G1 X17.412 Y17.952 E.44429
G1 X17.412 Y17.379 E.01546
G1 X29.628 Y29.594 E.46617
G1 X30.201 Y29.594 E.01546
G1 X17.849 Y17.242 E.47138
G1 X18.422 Y17.242 E.01546
G1 X30.775 Y29.594 E.4714
G1 X31.349 Y29.594 E.01549
G1 X18.996 Y17.242 E.4714
G1 X19.57 Y17.242 E.01549
G1 X31.922 Y29.594 E.47138
G1 X32.496 Y29.594 E.01549
G1 X20.144 Y17.242 E.47138
G1 X20.717 Y17.242 E.01546
G1 X33.07 Y29.594 E.4714
G1 X33.644 Y29.594 E.01549
G1 X21.291 Y17.242 E.4714
G1 X21.865 Y17.242 E.01549
G1 X34.217 Y29.594 E.47138
G1 X34.791 Y29.594 E.01549
G1 X22.438 Y17.242 E.4714
G1 X23.012 Y17.242 E.01549
G1 X35.365 Y29.594 E.4714
G1 X35.938 Y29.594 E.01546
G1 X23.586 Y17.242 E.47138
G1 X24.159 Y17.242 E.01546
G1 X36.512 Y29.594 E.4714
G1 X37.086 Y29.594 E.01549
G1 X24.733 Y17.242 E.4714
G1 X25.307 Y17.242 E.01549
G1 X37.659 Y29.594 E.47138
G1 X38.233 Y29.594 E.01549
G1 X25.88 Y17.242 E.4714
G1 X26.454 Y17.242 E.01549
G1 X38.807 Y29.594 E.4714
G1 X39.38 Y29.594 E.01546
G1 X27.028 Y17.242 E.47138
G1 X27.602 Y17.242 E.01549
G1 X39.954 Y29.594 E.47138
G1 X40.528 Y29.594 E.01549
G1 X28.175 Y17.242 E.4714
G1 X28.749 Y17.242 E.01549
G1 X41.102 Y29.594 E.4714
G1 X41.675 Y29.594 E.01546
G1 X29.323 Y17.242 E.47138
G1 X29.896 Y17.242 E.01546
G1 X42.249 Y29.594 E.4714
G1 X42.823 Y29.594 E.01549
G1 X30.47 Y17.242 E.4714
G1 X31.044 Y17.242 E.01549
G1 X43.396 Y29.594 E.47138
G1 X43.97 Y29.594 E.01549
G1 X31.617 Y17.242 E.4714
G1 X32.191 Y17.242 E.01549
G1 X44.544 Y29.594 E.4714
G1 X45.117 Y29.594 E.01546
G1 X32.765 Y17.242 E.47138
G1 X33.338 Y17.242 E.01546
G1 X45.691 Y29.594 E.4714
G1 X46.265 Y29.594 E.01549
G1 X33.912 Y17.242 E.4714
G1 X34.486 Y17.242 E.01549
G1 X46.838 Y29.594 E.47138
G1 X47.412 Y29.594 E.01549
G1 X35.06 Y17.242 E.47138
G1 X35.633 Y17.242 E.01546
G1 X47.986 Y29.594 E.4714
G1 X48.56 Y29.594 E.01549
G1 X36.207 Y17.242 E.4714
G1 X36.781 Y17.242 E.01549
G1 X49.133 Y29.594 E.47138
G1 X49.707 Y29.594 E.01549
G1 X37.354 Y17.242 E.4714
G1 X37.928 Y17.242 E.01549
G1 X50.281 Y29.594 E.4714
G1 X50.854 Y29.594 E.01546
G1 X38.502 Y17.242 E.47138
G1 X39.075 Y17.242 E.01546
G1 X51.428 Y29.594 E.4714
G1 X52.002 Y29.594 E.01549
G1 X39.649 Y17.242 E.4714
G1 X40.223 Y17.242 E.01549
G1 X52.575 Y29.594 E.47138
G1 X53.149 Y29.594 E.01549
G1 X40.797 Y17.242 E.47138
G1 X41.37 Y17.242 E.01546
G1 X53.723 Y29.594 E.4714
G1 X54.297 Y29.594 E.01549
G1 X41.944 Y17.242 E.4714
G1 X42.518 Y17.242 E.01549
G1 X54.87 Y29.594 E.47138
G1 X55.444 Y29.594 E.01549
G1 X43.091 Y17.242 E.4714
G1 X43.665 Y17.242 E.01549
G1 X56.018 Y29.594 E.4714
G1 X56.591 Y29.594 E.01546
G1 X44.239 Y17.242 E.47138
G1 X44.812 Y17.242 E.01546
G1 X57.165 Y29.594 E.4714
G1 X57.739 Y29.594 E.01549
G1 X45.386 Y17.242 E.4714
G1 X45.96 Y17.242 E.01549
G1 X58.312 Y29.594 E.47138
G1 X58.886 Y29.594 E.01549
G1 X46.533 Y17.242 E.4714
G1 X47.107 Y17.242 E.01549
G1 X59.46 Y29.594 E.4714
G1 X60.033 Y29.594 E.01546
G1 X47.681 Y17.242 E.47138
G1 X48.255 Y17.242 E.01549
G1 X60.607 Y29.594 E.47138
G1 X61.181 Y29.594 E.01549
G1 X48.828 Y17.242 E.4714
G1 X49.402 Y17.242 E.01549
G1 X61.755 Y29.594 E.4714
G1 X62.328 Y29.594 E.01546
G1 X49.976 Y17.242 E.47138
G1 X50.549 Y17.242 E.01546
G1 X62.902 Y29.594 E.4714
G1 X63.476 Y29.594 E.01549
G1 X51.123 Y17.242 E.4714
G1 X51.697 Y17.242 E.01549
G1 X64.049 Y29.594 E.47138
G1 X64.623 Y29.594 E.01549
G1 X52.27 Y17.242 E.4714
G1 X52.844 Y17.242 E.01549
G1 X65.197 Y29.594 E.4714
G1 X65.77 Y29.594 E.01546
G1 X53.418 Y17.242 E.47138
G1 X53.991 Y17.242 E.01546
G1 X66.344 Y29.594 E.4714
G1 X66.918 Y29.594 E.01549
G1 X54.565 Y17.242 E.4714
G1 X55.139 Y17.242 E.01549
G1 X67.491 Y29.594 E.47138
G1 X68.065 Y29.594 E.01549
G1 X55.713 Y17.242 E.47138
G1 X56.286 Y17.242 E.01546
G1 X68.639 Y29.594 E.4714
G1 X69.213 Y29.594 E.01549
G1 X56.86 Y17.242 E.4714
G1 X57.434 Y17.242 E.01549
G1 X69.786 Y29.594 E.47138
G1 X70.36 Y29.594 E.01549
G1 X58.007 Y17.242 E.4714
G1 X58.581 Y17.242 E.01549
G1 X70.934 Y29.594 E.4714
G1 X71.507 Y29.594 E.01546
G1 X59.155 Y17.242 E.47138
G1 X59.728 Y17.242 E.01546
G1 X72.081 Y29.594 E.4714
G1 X72.655 Y29.594 E.01549
G1 X60.302 Y17.242 E.4714
G1 X60.876 Y17.242 E.01549
G1 X73.228 Y29.594 E.47138
G1 X73.802 Y29.594 E.01549
G1 X61.449 Y17.242 E.4714
G1 X62.023 Y17.242 E.01549
G1 X74.376 Y29.594 E.4714
G1 X74.892 Y29.661 E.01404
;WIDTH:0.374336
G1 X74.903 Y29.703 E.00098
G1 X74.832 Y29.722 E.00166
G1 X74.851 Y29.65 E.00168
;WIDTH:0.407168
G1 X74.808 Y29.53 E.00316
;WIDTH:0.439999
G1 X74.765 Y29.409 E.00347
G1 X62.597 Y17.242 E.46434
G1 X63.171 Y17.242 E.01549
G1 X74.765 Y28.836 E.44245
G1 X74.765 Y28.262 E.01549
G1 X63.744 Y17.242 E.42057
G1 X64.318 Y17.242 E.01549
G1 X74.765 Y27.688 E.39866
G1 X74.765 Y27.115 E.01546
G1 X64.892 Y17.242 E.37678
G1 X65.465 Y17.242 E.01546
G1 X74.765 Y26.541 E.35489
G1 X74.765 Y25.967 E.01549
G1 X66.039 Y17.242 E.33299
G1 X66.613 Y17.242 E.01549
G1 X74.765 Y25.394 E.3111
G1 X74.765 Y24.82 E.01549
G1 X67.186 Y17.242 E.28921
G1 X67.76 Y17.242 E.01549
G1 X74.765 Y24.246 E.26731
G1 X74.765 Y23.672 E.01549
G1 X68.334 Y17.242 E.2454
G1 X68.908 Y17.242 E.01549
G1 X74.765 Y23.099 E.22352
G1 X74.765 Y22.525 E.01549
G1 X69.481 Y17.242 E.20163
G1 X70.055 Y17.242 E.01549
G1 X74.765 Y21.951 E.17973
G1 X74.765 Y21.378 E.01546
G1 X70.629 Y17.242 E.15784
G1 X71.202 Y17.242 E.01546
G1 X74.765 Y20.804 E.13595
G1 X74.765 Y20.23 E.01549
G1 X71.776 Y17.242 E.11405
G1 X72.35 Y17.242 E.01549
G1 X74.765 Y19.657 E.09216
G1 X74.968 Y19.209 E.01327
;WIDTH:0.374336
G1 X74.979 Y19.25 E.00096
G1 X74.908 Y19.269 E.00166
G1 X74.927 Y19.198 E.00166
;WIDTH:0.407168
G1 X74.846 Y19.14 E.00247
;WIDTH:0.439999
G1 X74.765 Y19.083 E.00267
G1 X72.923 Y17.242 E.07028
G1 X74.765 Y17.242 E.04971
G1 X74.765 Y18.509 E.03419
G1 X73.641 Y17.385 E.04289
;LAYER_CHANGE
;Z:9.64
;HEIGHT:0.160001
;BEFORE_LAYER_CHANGE
G92 E0
;9.64


G1 E-3.5 F3600
;WIPE_START
G1 F7200
G1 X74.765 Y18.509 E-.75505
G1 X74.765 Y17.242 E-.60182
G1 X74.464 Y17.242 E-.14313
;WIPE_END
G1 Z9.64 F9000
;AFTER_LAYER_CHANGE
;9.64
G1 X75.077 Y16.929
G1 E5 F2400
;TYPE:Perimeter
G1 F3600
G1 X75.077 Y29.907 E.35021
G1 X17.1 Y29.907 E1.5645
G1 X17.1 Y16.929 E.35021
G1 X75.017 Y16.929 E1.56288
G1 X75.483 Y16.524 F9000
G1 F3600
G1 X75.483 Y30.312 E.37207
G1 X16.694 Y30.312 E1.58641
G1 X16.694 Y16.524 E.37207
G1 X75.423 Y16.524 E1.58479
G1 X75.878 Y16.128 F9000
;TYPE:External perimeter
;WIDTH:0.419999
G1 F1800
G1 X75.878 Y30.708 E.37404
G1 X16.298 Y30.708 E1.52849
G1 X16.298 Y16.128 E.37404
G1 X75.818 Y16.128 E1.52695
G1 E-3.5 F3600
;WIPE_START
G1 F7200
G1 X75.878 Y16.128 E-.0285
G1 X75.878 Y19.226 E-1.4715
;WIPE_END
G1 X17.522 Y17.274 F9000
G1 E5 F2400
;TYPE:Solid infill
;WIDTH:0.538422
G1 F3600
G1 X17.478 Y17.23 E.00209
G1 X17.417 Y17.246 E.00211
G1 X17.4 Y17.307 E.00212
G1 X17.445 Y17.352 E.00213
G1 X17.506 Y17.335 E.00212
;WIDTH:0.439999
G1 X17.412 Y17.983 E.01767
G1 X18.154 Y17.242 E.0283
G1 X18.727 Y17.242 E.01546
G1 X17.412 Y18.557 E.05018
G1 X17.412 Y19.131 E.01549
G1 X19.301 Y17.242 E.07209
G1 X19.875 Y17.242 E.01549
G1 X17.412 Y19.704 E.09397
G1 X17.412 Y20.278 E.01549
G1 X20.449 Y17.242 E.11588
G1 X21.022 Y17.242 E.01546
G1 X17.412 Y20.852 E.13777
G1 X17.412 Y21.425 E.01546
G1 X21.596 Y17.242 E.15965
G1 X22.17 Y17.242 E.01549
G1 X17.412 Y21.999 E.18156
G1 X17.412 Y22.573 E.01549
G1 X22.743 Y17.242 E.20344
G1 X23.317 Y17.242 E.01549
G1 X17.412 Y23.147 E.22535
G1 X17.412 Y23.72 E.01546
G1 X23.891 Y17.242 E.24723
G1 X24.464 Y17.242 E.01546
G1 X17.412 Y24.294 E.26912
G1 X17.412 Y24.868 E.01549
G1 X25.038 Y17.242 E.29103
G1 X25.612 Y17.242 E.01549
G1 X17.412 Y25.441 E.31291
G1 X17.412 Y26.015 E.01549
G1 X26.186 Y17.242 E.33482
G1 X26.759 Y17.242 E.01546
G1 X17.412 Y26.589 E.3567
G1 X17.412 Y27.162 E.01546
G1 X27.333 Y17.242 E.37859
G1 X27.907 Y17.242 E.01549
G1 X17.412 Y27.736 E.40049
G1 X17.412 Y28.31 E.01549
G1 X28.48 Y17.242 E.42238
G1 X29.054 Y17.242 E.01549
G1 X17.412 Y28.884 E.44429
G1 X17.33 Y29.736 F9000
;WIDTH:0.374336
G1 F3600
G1 X17.289 Y29.747 E.00096
G1 X17.27 Y29.676 E.00166
G1 X17.341 Y29.695 E.00166
;WIDTH:0.407168
G1 X17.377 Y29.576 E.00308
;WIDTH:0.439999
G1 X17.412 Y29.457 E.00335
G1 X29.628 Y17.242 E.46617
G1 X30.201 Y17.242 E.01546
G1 X17.849 Y29.594 E.47138
G1 X18.422 Y29.594 E.01546
G1 X30.775 Y17.242 E.4714
G1 X31.349 Y17.242 E.01549
G1 X18.996 Y29.594 E.4714
G1 X19.57 Y29.594 E.01549
G1 X31.922 Y17.242 E.47138
G1 X32.496 Y17.242 E.01549
G1 X20.144 Y29.594 E.47138
G1 X20.717 Y29.594 E.01546
G1 X33.07 Y17.242 E.4714
G1 X33.644 Y17.242 E.01549
G1 X21.291 Y29.594 E.4714
G1 X21.865 Y29.594 E.01549
G1 X34.217 Y17.242 E.47138
G1 X34.791 Y17.242 E.01549
G1 X22.438 Y29.594 E.4714
G1 X23.012 Y29.594 E.01549
G1 X35.365 Y17.242 E.4714
G1 X35.938 Y17.242 E.01546
G1 X23.586 Y29.594 E.47138
G1 X24.159 Y29.594 E.01546
G1 X36.512 Y17.242 E.4714
G1 X37.086 Y17.242 E.01549
G1 X24.733 Y29.594 E.4714
G1 X25.307 Y29.594 E.01549
G1 X37.659 Y17.242 E.47138
G1 X38.233 Y17.242 E.01549
G1 X25.88 Y29.594 E.4714
G1 X26.454 Y29.594 E.01549
G1 X38.807 Y17.242 E.4714
G1 X39.38 Y17.242 E.01546
G1 X27.028 Y29.594 E.47138
G1 X27.602 Y29.594 E.01549
G1 X39.954 Y17.242 E.47138
G1 X40.528 Y17.242 E.01549
G1 X28.175 Y29.594 E.4714
G1 X28.749 Y29.594 E.01549
G1 X41.102 Y17.242 E.4714
G1 X41.675 Y17.242 E.01546
G1 X29.323 Y29.594 E.47138
G1 X29.896 Y29.594 E.01546
G1 X42.249 Y17.242 E.4714
G1 X42.823 Y17.242 E.01549
G1 X30.47 Y29.594 E.4714
G1 X31.044 Y29.594 E.01549
G1 X43.396 Y17.242 E.47138
G1 X43.97 Y17.242 E.01549
G1 X31.617 Y29.594 E.4714
G1 X32.191 Y29.594 E.01549
G1 X44.544 Y17.242 E.4714
G1 X45.117 Y17.242 E.01546
G1 X32.765 Y29.594 E.47138
G1 X33.338 Y29.594 E.01546
G1 X45.691 Y17.242 E.4714
G1 X46.265 Y17.242 E.01549
G1 X33.912 Y29.594 E.4714
G1 X34.486 Y29.594 E.01549
G1 X46.839 Y17.242 E.4714
G1 X47.412 Y17.242 E.01546
G1 X35.06 Y29.594 E.47138
G1 X35.633 Y29.594 E.01546
G1 X47.986 Y17.242 E.4714
G1 X48.56 Y17.242 E.01549
G1 X36.207 Y29.594 E.4714
G1 X36.781 Y29.594 E.01549
G1 X49.133 Y17.242 E.47138
G1 X49.707 Y17.242 E.01549
G1 X37.354 Y29.594 E.4714
G1 X37.928 Y29.594 E.01549
G1 X50.281 Y17.242 E.4714
G1 X50.854 Y17.242 E.01546
G1 X38.502 Y29.594 E.47138
G1 X39.075 Y29.594 E.01546
G1 X51.428 Y17.242 E.4714
G1 X52.002 Y17.242 E.01549
G1 X39.649 Y29.594 E.4714
G1 X40.223 Y29.594 E.01549
G1 X52.575 Y17.242 E.47138
G1 X53.149 Y17.242 E.01549
G1 X40.797 Y29.594 E.47138
G1 X41.37 Y29.594 E.01546
G1 X53.723 Y17.242 E.4714
G1 X54.297 Y17.242 E.01549
G1 X41.944 Y29.594 E.4714
G1 X42.518 Y29.594 E.01549
G1 X54.87 Y17.242 E.47138
G1 X55.444 Y17.242 E.01549
G1 X43.091 Y29.594 E.4714
G1 X43.665 Y29.594 E.01549
G1 X56.018 Y17.242 E.4714
G1 X56.591 Y17.242 E.01546
G1 X44.239 Y29.594 E.47138
G1 X44.812 Y29.594 E.01546
G1 X57.165 Y17.242 E.4714
G1 X57.739 Y17.242 E.01549
G1 X45.386 Y29.594 E.4714
G1 X45.96 Y29.594 E.01549
G1 X58.312 Y17.242 E.47138
G1 X58.886 Y17.242 E.01549
G1 X46.533 Y29.594 E.4714
G1 X47.107 Y29.594 E.01549
G1 X59.46 Y17.242 E.4714
G1 X60.033 Y17.242 E.01546
G1 X47.681 Y29.594 E.47138
G1 X48.255 Y29.594 E.01549
G1 X60.607 Y17.242 E.47138
G1 X61.181 Y17.242 E.01549
G1 X48.828 Y29.594 E.4714
G1 X49.402 Y29.594 E.01549
G1 X61.755 Y17.242 E.4714
G1 X62.328 Y17.242 E.01546
G1 X49.976 Y29.594 E.47138
G1 X50.549 Y29.594 E.01546
G1 X62.902 Y17.242 E.4714
G1 X63.476 Y17.242 E.01549
G1 X51.123 Y29.594 E.4714
G1 X51.697 Y29.594 E.01549
G1 X64.049 Y17.242 E.47138
G1 X64.623 Y17.242 E.01549
G1 X52.27 Y29.594 E.4714
G1 X52.844 Y29.594 E.01549
G1 X65.197 Y17.242 E.4714
G1 X65.77 Y17.242 E.01546
G1 X53.418 Y29.594 E.47138
G1 X53.991 Y29.594 E.01546
G1 X66.344 Y17.242 E.4714
G1 X66.918 Y17.242 E.01549
G1 X54.565 Y29.594 E.4714
G1 X55.139 Y29.594 E.01549
G1 X67.491 Y17.242 E.47138
G1 X68.065 Y17.242 E.01549
G1 X55.713 Y29.594 E.47138
G1 X56.286 Y29.594 E.01546
G1 X68.639 Y17.242 E.4714
G1 X69.213 Y17.242 E.01549
G1 X56.86 Y29.594 E.4714
G1 X57.434 Y29.594 E.01549
G1 X69.786 Y17.242 E.47138
G1 X70.36 Y17.242 E.01549
G1 X58.007 Y29.594 E.4714
G1 X58.581 Y29.594 E.01549
G1 X70.934 Y17.242 E.4714
G1 X71.507 Y17.242 E.01546
G1 X59.155 Y29.594 E.47138
G1 X59.728 Y29.594 E.01546
G1 X72.081 Y17.242 E.4714
G1 X72.655 Y17.242 E.01549
G1 X60.302 Y29.594 E.4714
G1 X60.876 Y29.594 E.01549
G1 X73.228 Y17.242 E.47138
G1 X73.802 Y17.242 E.01549
G1 X61.449 Y29.594 E.4714
G1 X62.023 Y29.594 E.01549
G1 X74.376 Y17.242 E.4714
G1 X74.903 Y17.133 E.01452
;WIDTH:0.374336
G1 X74.832 Y17.114 E.00166
G1 X74.851 Y17.185 E.00166
G1 X74.892 Y17.174 E.00096
;WIDTH:0.407168
G1 X74.828 Y17.3 E.0035
;WIDTH:0.439999
G1 X74.765 Y17.426 E.0038
G1 X62.597 Y29.594 E.46436
G1 X63.171 Y29.594 E.01549
G1 X74.765 Y18 E.44245
G1 X74.765 Y18.574 E.01549
G1 X63.744 Y29.594 E.42057
G1 X64.318 Y29.594 E.01549
G1 X74.765 Y19.147 E.39868
G1 X74.765 Y19.721 E.01549
G1 X64.892 Y29.594 E.37678
G1 X65.465 Y29.594 E.01546
G1 X74.765 Y20.295 E.35489
G1 X74.765 Y20.869 E.01549
G1 X66.039 Y29.594 E.33299
G1 X66.613 Y29.594 E.01549
G1 X74.765 Y21.442 E.3111
G1 X74.765 Y22.016 E.01549
G1 X67.186 Y29.594 E.28921
G1 X67.76 Y29.594 E.01549
G1 X74.765 Y22.59 E.26731
G1 X74.765 Y23.163 E.01546
G1 X68.334 Y29.594 E.24542
G1 X68.908 Y29.594 E.01549
G1 X74.765 Y23.737 E.22352
G1 X74.765 Y24.311 E.01549
G1 X69.481 Y29.594 E.20163
G1 X70.055 Y29.594 E.01549
G1 X74.765 Y24.884 E.17974
G1 X74.765 Y25.458 E.01549
G1 X70.629 Y29.594 E.15784
G1 X71.202 Y29.594 E.01546
G1 X74.765 Y26.032 E.13595
G1 X74.765 Y26.606 E.01549
G1 X71.776 Y29.594 E.11405
G1 X72.35 Y29.594 E.01549
G1 X74.765 Y27.179 E.09216
G1 X74.765 Y27.753 E.01549
G1 X72.923 Y29.594 E.07028
G1 X72.866 Y29.675 E.00267
;WIDTH:0.407168
G1 X72.809 Y29.756 E.00246
;WIDTH:0.374336
G1 X72.738 Y29.737 E.00166
G1 X72.757 Y29.808 E.00166
G1 X72.798 Y29.797 E.00096
G1 E-3.5
;WIPE_START
G1 F7200
G1 X72.757 Y29.808 E-.02016
G1 X72.738 Y29.737 E-.03491
G1 X72.809 Y29.756 E-.03491
G1 X72.866 Y29.675 E-.04705
G1 X72.923 Y29.594 E-.04705
G1 X74.765 Y27.753 E-1.23703
G1 X74.765 Y27.587 E-.07889
;WIPE_END
G1 X74.621 Y28.47 F9000
G1 E5 F2400
;WIDTH:0.439999
G1 F3600
G1 X73.497 Y29.594 E.04289
G1 X74.765 Y29.594 E.03422
G1 X74.765 Y28.327 E.03419
;LAYER_CHANGE
;Z:9.8
;HEIGHT:0.16
;BEFORE_LAYER_CHANGE
G92 E0
;9.8


G1 E-3.5 F3600
;WIPE_START
G1 F7200
G1 X74.765 Y29.594 E-.60182
G1 X73.497 Y29.594 E-.6023
G1 X73.938 Y29.154 E-.29588
;WIPE_END
G1 Z9.8 F9000
;AFTER_LAYER_CHANGE
;9.8
G1 X75.077 Y29.907
G1 E5 F2400
;TYPE:Perimeter
G1 F3600
G1 X17.1 Y29.907 E1.5645
G1 X17.1 Y16.929 E.35021
G1 X75.077 Y16.929 E1.5645
G1 X75.077 Y29.847 E.34859
G1 X75.483 Y30.312 F9000
G1 F3600
G1 X16.694 Y30.312 E1.58641
G1 X16.694 Y16.524 E.37207
G1 X75.483 Y16.524 E1.58641
G1 X75.483 Y30.252 E.37045
G1 X75.878 Y30.708 F9000
;TYPE:External perimeter
;WIDTH:0.419999
G1 F1800
G1 X16.298 Y30.708 E1.52849
G1 X16.298 Y16.128 E.37404
G1 X75.878 Y16.128 E1.52849
G1 X75.878 Y30.648 E.3725
G1 E-3.5 F3600
;WIPE_START
G1 F7200
G1 X75.878 Y30.708 E-.0285
G1 X72.78 Y30.708 E-1.4715
;WIPE_END
G1 X17.445 Y29.484 F9000
G1 E5 F2400
;TYPE:Solid infill
;WIDTH:0.538422
G1 F3600
G1 X17.4 Y29.529 E.00213
G1 X17.417 Y29.59 E.00212
G1 X17.478 Y29.606 E.00211
G1 X17.522 Y29.561 E.00211
G1 X17.506 Y29.5 E.00211
;WIDTH:0.439999
G1 X17.412 Y28.852 E.01767
G1 X18.226 Y29.66 E.03095
;WIDTH:0.407168
G1 X18.299 Y29.726 E.00244
;WIDTH:0.374336
G1 X18.279 Y29.797 E.00167
G1 X18.351 Y29.778 E.00168
G1 X18.34 Y29.737 E.00096
;WIDTH:0.439999
G1 X18.727 Y29.594 E.01113
G1 X17.412 Y28.279 E.05018
G1 X17.412 Y27.705 E.01549
G1 X19.301 Y29.594 E.07209
G1 X19.875 Y29.594 E.01549
G1 X17.412 Y27.131 E.09399
G1 X17.412 Y26.558 E.01546
G1 X20.449 Y29.594 E.11588
G1 X21.022 Y29.594 E.01546
G1 X17.412 Y25.984 E.13777
G1 X17.412 Y25.41 E.01549
G1 X21.596 Y29.594 E.15967
G1 X22.17 Y29.594 E.01549
G1 X17.412 Y24.837 E.18156
G1 X17.412 Y24.263 E.01549
G1 X22.743 Y29.594 E.20344
G1 X23.317 Y29.594 E.01549
G1 X17.412 Y23.689 E.22535
G1 X17.412 Y23.116 E.01546
G1 X23.891 Y29.594 E.24723
G1 X24.464 Y29.594 E.01546
G1 X17.412 Y22.542 E.26912
G1 X17.412 Y21.968 E.01549
G1 X25.038 Y29.594 E.29103
G1 X25.612 Y29.594 E.01549
G1 X17.412 Y21.394 E.31293
G1 X17.412 Y20.821 E.01546
G1 X26.186 Y29.594 E.33482
G1 X26.759 Y29.594 E.01546
G1 X17.412 Y20.247 E.3567
G1 X17.412 Y19.673 E.01549
G1 X27.333 Y29.594 E.37861
G1 X27.907 Y29.594 E.01549
G1 X17.412 Y19.1 E.40049
G1 X17.412 Y18.526 E.01549
G1 X28.48 Y29.594 E.42238
G1 X29.054 Y29.594 E.01549
G1 X17.412 Y17.952 E.44429
G1 X17.412 Y17.379 E.01546
G1 X29.628 Y29.594 E.46617
G1 X30.201 Y29.594 E.01546
G1 X17.849 Y17.242 E.47138
G1 X18.422 Y17.242 E.01546
G1 X30.775 Y29.594 E.4714
G1 X31.349 Y29.594 E.01549
G1 X18.996 Y17.242 E.4714
G1 X19.57 Y17.242 E.01549
G1 X31.922 Y29.594 E.47138
G1 X32.496 Y29.594 E.01549
G1 X20.144 Y17.242 E.47138
G1 X20.717 Y17.242 E.01546
G1 X33.07 Y29.594 E.4714
G1 X33.644 Y29.594 E.01549
G1 X21.291 Y17.242 E.4714
G1 X21.865 Y17.242 E.01549
G1 X34.217 Y29.594 E.47138
G1 X34.791 Y29.594 E.01549
G1 X22.438 Y17.242 E.4714
G1 X23.012 Y17.242 E.01549
G1 X35.365 Y29.594 E.4714
G1 X35.938 Y29.594 E.01546
G1 X23.586 Y17.242 E.47138
G1 X24.159 Y17.242 E.01546
G1 X36.512 Y29.594 E.4714
G1 X37.086 Y29.594 E.01549
G1 X24.733 Y17.242 E.4714
G1 X25.307 Y17.242 E.01549
G1 X37.659 Y29.594 E.47138
G1 X38.233 Y29.594 E.01549
G1 X25.88 Y17.242 E.4714
G1 X26.454 Y17.242 E.01549
G1 X38.807 Y29.594 E.4714
G1 X39.38 Y29.594 E.01546
G1 X27.028 Y17.242 E.47138
G1 X27.602 Y17.242 E.01549
G1 X39.954 Y29.594 E.47138
G1 X40.528 Y29.594 E.01549
G1 X28.175 Y17.242 E.4714
G1 X28.749 Y17.242 E.01549
G1 X41.102 Y29.594 E.4714
G1 X41.675 Y29.594 E.01546
G1 X29.323 Y17.242 E.47138
G1 X29.896 Y17.242 E.01546
G1 X42.249 Y29.594 E.4714
G1 X42.823 Y29.594 E.01549
G1 X30.47 Y17.242 E.4714
G1 X31.044 Y17.242 E.01549
G1 X43.396 Y29.594 E.47138
G1 X43.97 Y29.594 E.01549
G1 X31.617 Y17.242 E.4714
G1 X32.191 Y17.242 E.01549
G1 X44.544 Y29.594 E.4714
G1 X45.117 Y29.594 E.01546
G1 X32.765 Y17.242 E.47138
G1 X33.338 Y17.242 E.01546
G1 X45.691 Y29.594 E.4714
G1 X46.265 Y29.594 E.01549
G1 X33.912 Y17.242 E.4714
G1 X34.486 Y17.242 E.01549
G1 X46.838 Y29.594 E.47138
G1 X47.412 Y29.594 E.01549
G1 X35.06 Y17.242 E.47138
G1 X35.633 Y17.242 E.01546
G1 X47.986 Y29.594 E.4714
G1 X48.56 Y29.594 E.01549
G1 X36.207 Y17.242 E.4714
G1 X36.781 Y17.242 E.01549
G1 X49.133 Y29.594 E.47138
G1 X49.707 Y29.594 E.01549
G1 X37.354 Y17.242 E.4714
G1 X37.928 Y17.242 E.01549
G1 X50.281 Y29.594 E.4714
G1 X50.854 Y29.594 E.01546
G1 X38.502 Y17.242 E.47138
G1 X39.075 Y17.242 E.01546
G1 X51.428 Y29.594 E.4714
G1 X52.002 Y29.594 E.01549
G1 X39.649 Y17.242 E.4714
G1 X40.223 Y17.242 E.01549
G1 X52.575 Y29.594 E.47138
G1 X53.149 Y29.594 E.01549
G1 X40.797 Y17.242 E.47138
G1 X41.37 Y17.242 E.01546
G1 X53.723 Y29.594 E.4714
G1 X54.297 Y29.594 E.01549
G1 X41.944 Y17.242 E.4714
G1 X42.518 Y17.242 E.01549
G1 X54.87 Y29.594 E.47138
G1 X55.444 Y29.594 E.01549
G1 X43.091 Y17.242 E.4714
G1 X43.665 Y17.242 E.01549
G1 X56.018 Y29.594 E.4714
G1 X56.591 Y29.594 E.01546
G1 X44.239 Y17.242 E.47138
G1 X44.812 Y17.242 E.01546
G1 X57.165 Y29.594 E.4714
G1 X57.739 Y29.594 E.01549
G1 X45.386 Y17.242 E.4714
G1 X45.96 Y17.242 E.01549
G1 X58.312 Y29.594 E.47138
G1 X58.886 Y29.594 E.01549
G1 X46.533 Y17.242 E.4714
G1 X47.107 Y17.242 E.01549
G1 X59.46 Y29.594 E.4714
G1 X60.033 Y29.594 E.01546
G1 X47.681 Y17.242 E.47138
G1 X48.255 Y17.242 E.01549
G1 X60.607 Y29.594 E.47138
G1 X61.181 Y29.594 E.01549
G1 X48.828 Y17.242 E.4714
G1 X49.402 Y17.242 E.01549
G1 X61.755 Y29.594 E.4714
G1 X62.328 Y29.594 E.01546
G1 X49.976 Y17.242 E.47138
G1 X50.549 Y17.242 E.01546
G1 X62.902 Y29.594 E.4714
G1 X63.476 Y29.594 E.01549
G1 X51.123 Y17.242 E.4714
G1 X51.697 Y17.242 E.01549
G1 X64.049 Y29.594 E.47138
G1 X64.623 Y29.594 E.01549
G1 X52.27 Y17.242 E.4714
G1 X52.844 Y17.242 E.01549
G1 X65.197 Y29.594 E.4714
G1 X65.77 Y29.594 E.01546
G1 X53.418 Y17.242 E.47138
G1 X53.991 Y17.242 E.01546
G1 X66.344 Y29.594 E.4714
G1 X66.918 Y29.594 E.01549
G1 X54.565 Y17.242 E.4714
G1 X55.139 Y17.242 E.01549
G1 X67.491 Y29.594 E.47138
G1 X68.065 Y29.594 E.01549
G1 X55.713 Y17.242 E.47138
G1 X56.286 Y17.242 E.01546
G1 X68.639 Y29.594 E.4714
G1 X69.213 Y29.594 E.01549
G1 X56.86 Y17.242 E.4714
G1 X57.434 Y17.242 E.01549
G1 X69.786 Y29.594 E.47138
G1 X70.36 Y29.594 E.01549
G1 X58.007 Y17.242 E.4714
G1 X58.581 Y17.242 E.01549
G1 X70.934 Y29.594 E.4714
G1 X71.507 Y29.594 E.01546
G1 X59.155 Y17.242 E.47138
G1 X59.728 Y17.242 E.01546
G1 X72.081 Y29.594 E.4714
G1 X72.655 Y29.594 E.01549
G1 X60.302 Y17.242 E.4714
G1 X60.876 Y17.242 E.01549
G1 X73.228 Y29.594 E.47138
G1 X73.802 Y29.594 E.01549
G1 X61.449 Y17.242 E.4714
G1 X62.023 Y17.242 E.01549
G1 X74.376 Y29.594 E.4714
G1 X74.892 Y29.661 E.01404
;WIDTH:0.374336
G1 X74.903 Y29.703 E.00098
G1 X74.832 Y29.722 E.00166
G1 X74.851 Y29.65 E.00168
;WIDTH:0.407168
G1 X74.808 Y29.53 E.00316
;WIDTH:0.439999
G1 X74.765 Y29.409 E.00347
G1 X62.597 Y17.242 E.46434
G1 X63.171 Y17.242 E.01549
G1 X74.765 Y28.836 E.44245
G1 X74.765 Y28.262 E.01549
G1 X63.744 Y17.242 E.42057
G1 X64.318 Y17.242 E.01549
G1 X74.765 Y27.688 E.39866
G1 X74.765 Y27.115 E.01546
G1 X64.892 Y17.242 E.37678
G1 X65.465 Y17.242 E.01546
G1 X74.765 Y26.541 E.35489
G1 X74.765 Y25.967 E.01549
G1 X66.039 Y17.242 E.33299
G1 X66.613 Y17.242 E.01549
G1 X74.765 Y25.394 E.3111
G1 X74.765 Y24.82 E.01549
G1 X67.186 Y17.242 E.28921
G1 X67.76 Y17.242 E.01549
G1 X74.765 Y24.246 E.26731
G1 X74.765 Y23.672 E.01549
G1 X68.334 Y17.242 E.2454
G1 X68.908 Y17.242 E.01549
G1 X74.765 Y23.099 E.22352
G1 X74.765 Y22.525 E.01549
G1 X69.481 Y17.242 E.20163
G1 X70.055 Y17.242 E.01549
G1 X74.765 Y21.951 E.17973
G1 X74.765 Y21.378 E.01546
G1 X70.629 Y17.242 E.15784
G1 X71.202 Y17.242 E.01546
G1 X74.765 Y20.804 E.13595
G1 X74.765 Y20.23 E.01549
G1 X71.776 Y17.242 E.11405
G1 X72.35 Y17.242 E.01549
G1 X74.765 Y19.657 E.09216
G1 X74.968 Y19.209 E.01327
;WIDTH:0.374336
G1 X74.979 Y19.25 E.00096
G1 X74.908 Y19.269 E.00166
G1 X74.927 Y19.198 E.00166
;WIDTH:0.407168
G1 X74.846 Y19.14 E.00247
;WIDTH:0.439999
G1 X74.765 Y19.083 E.00267
G1 X72.923 Y17.242 E.07028
G1 X74.765 Y17.242 E.04971
G1 X74.765 Y18.509 E.03419
G1 X73.641 Y17.385 E.04289
;LAYER_CHANGE
;Z:9.96
;HEIGHT:0.16
;BEFORE_LAYER_CHANGE
G92 E0
;9.96


G1 E-3.5 F3600
;WIPE_START
G1 F7200
G1 X74.765 Y18.509 E-.75505
G1 X74.765 Y17.242 E-.60182
G1 X74.464 Y17.242 E-.14313
;WIPE_END
G1 Z9.96 F9000
;AFTER_LAYER_CHANGE
;9.96
G1 X75.077 Y16.929
G1 E5 F2400
;TYPE:Perimeter
G1 F3600
G1 X75.077 Y29.907 E.35021
G1 X17.1 Y29.907 E1.5645
G1 X17.1 Y16.929 E.35021
G1 X75.017 Y16.929 E1.56288
G1 X75.483 Y16.524 F9000
G1 F3600
G1 X75.483 Y30.312 E.37207
G1 X16.694 Y30.312 E1.58641
G1 X16.694 Y16.524 E.37207
G1 X75.423 Y16.524 E1.58479
G1 X75.878 Y16.128 F9000
;TYPE:External perimeter
;WIDTH:0.419999
G1 F1800
G1 X75.878 Y30.708 E.37404
G1 X16.298 Y30.708 E1.52849
G1 X16.298 Y16.128 E.37404
G1 X75.818 Y16.128 E1.52695
G1 E-3.5 F3600
;WIPE_START
G1 F7200
G1 X75.878 Y16.128 E-.0285
G1 X75.878 Y19.226 E-1.4715
;WIPE_END
G1 X74.208 Y29.779 F9000
G1 E5 F2400
;TYPE:Top solid infill
;WIDTH:0.400973
G1 F1800
G1 X74.785 Y29.202 E.0199
G1 X74.785 Y28.684 E.01263
G1 X73.854 Y29.614 E.03209
G1 X73.336 Y29.614 E.01263
G1 X74.785 Y28.165 E.04998
G1 X74.785 Y27.647 E.01263
G1 X72.817 Y29.614 E.06786
G1 X72.299 Y29.614 E.01263
G1 X74.785 Y27.128 E.08574
G1 X74.785 Y26.61 E.01263
G1 X71.78 Y29.614 E.10363
G1 X71.262 Y29.614 E.01263
G1 X74.785 Y26.091 E.12151
G1 X74.785 Y25.573 E.01263
G1 X70.743 Y29.614 E.1394
G1 X70.225 Y29.614 E.01263
G1 X74.785 Y25.054 E.15728
G1 X74.785 Y24.536 E.01263
G1 X69.706 Y29.614 E.17516
G1 X69.188 Y29.614 E.01263
G1 X74.785 Y24.017 E.19305
G1 X74.785 Y23.499 E.01263
G1 X68.669 Y29.614 E.21093
G1 X68.15 Y29.614 E.01266
G1 X74.785 Y22.98 E.22883
G1 X74.785 Y22.462 E.01263
G1 X67.632 Y29.614 E.2467
G1 X67.113 Y29.614 E.01266
G1 X74.785 Y21.943 E.2646
G1 X74.785 Y21.425 E.01263
G1 X66.595 Y29.614 E.28246
G1 X66.076 Y29.614 E.01266
G1 X74.785 Y20.906 E.30036
G1 X74.785 Y20.388 E.01263
G1 X65.558 Y29.614 E.31823
G1 X65.039 Y29.614 E.01266
G1 X74.785 Y19.869 E.33613
G1 X74.785 Y19.351 E.01263
G1 X64.521 Y29.614 E.354
G1 X64.002 Y29.614 E.01266
G1 X74.785 Y18.832 E.3719
G1 X74.785 Y18.313 E.01266
G1 X63.484 Y29.614 E.38978
G1 X62.965 Y29.614 E.01266
G1 X74.785 Y17.795 E.40767
G1 X74.785 Y17.276 E.01266
G1 X62.447 Y29.614 E.42555
G1 X61.928 Y29.614 E.01266
G1 X74.321 Y17.222 E.42743
G1 X73.803 Y17.222 E.01263
G1 X61.41 Y29.614 E.42743
G1 X60.891 Y29.614 E.01266
G1 X73.284 Y17.222 E.42743
G1 X72.766 Y17.222 E.01263
G1 X60.373 Y29.614 E.42743
G1 X59.854 Y29.614 E.01266
G1 X72.247 Y17.222 E.42743
G1 X71.729 Y17.222 E.01263
G1 X59.336 Y29.614 E.42743
G1 X58.817 Y29.614 E.01266
G1 X71.21 Y17.222 E.42743
G1 X70.692 Y17.222 E.01263
G1 X58.299 Y29.614 E.42743
G1 X57.78 Y29.614 E.01266
G1 X70.173 Y17.222 E.42743
G1 X69.655 Y17.222 E.01263
G1 X57.262 Y29.614 E.42743
G1 X56.743 Y29.614 E.01266
G1 X69.136 Y17.222 E.42743
G1 X68.618 Y17.222 E.01263
G1 X56.225 Y29.614 E.42743
G1 X55.706 Y29.614 E.01266
G1 X68.099 Y17.222 E.42743
G1 X67.581 Y17.222 E.01263
G1 X55.188 Y29.614 E.42743
G1 X54.669 Y29.614 E.01266
G1 X67.062 Y17.222 E.42743
G1 X66.544 Y17.222 E.01263
G1 X54.151 Y29.614 E.42743
G1 X53.632 Y29.614 E.01266
G1 X66.025 Y17.222 E.42743
G1 X65.507 Y17.222 E.01263
G1 X53.114 Y29.614 E.42743
G1 X52.595 Y29.614 E.01266
G1 X64.988 Y17.222 E.42743
G1 X64.47 Y17.222 E.01263
G1 X52.077 Y29.614 E.42743
G1 X51.558 Y29.614 E.01266
G1 X63.951 Y17.222 E.42743
G1 X63.433 Y17.222 E.01263
G1 X51.04 Y29.614 E.42743
G1 X50.521 Y29.614 E.01266
G1 X62.914 Y17.222 E.42743
G1 X62.396 Y17.222 E.01263
G1 X50.003 Y29.614 E.42743
G1 X49.484 Y29.614 E.01266
G1 X61.877 Y17.222 E.42743
G1 X61.359 Y17.222 E.01263
G1 X48.966 Y29.614 E.42743
G1 X48.447 Y29.614 E.01266
G1 X60.84 Y17.222 E.42743
G1 X60.322 Y17.222 E.01263
G1 X47.929 Y29.614 E.42743
G1 X47.41 Y29.614 E.01266
G1 X59.803 Y17.222 E.42743
G1 X59.285 Y17.222 E.01263
G1 X46.892 Y29.614 E.42743
G1 X46.373 Y29.614 E.01266
G1 X58.766 Y17.222 E.42743
G1 X58.247 Y17.222 E.01266
G1 X45.855 Y29.614 E.42741
G1 X45.336 Y29.614 E.01266
G1 X57.729 Y17.222 E.42743
G1 X57.21 Y17.222 E.01266
G1 X44.818 Y29.614 E.42741
G1 X44.299 Y29.614 E.01266
G1 X56.692 Y17.222 E.42743
G1 X56.173 Y17.222 E.01266
G1 X43.781 Y29.614 E.42741
G1 X43.262 Y29.614 E.01266
G1 X55.655 Y17.222 E.42743
G1 X55.136 Y17.222 E.01266
G1 X42.744 Y29.614 E.42741
G1 X42.225 Y29.614 E.01266
G1 X54.618 Y17.222 E.42743
G1 X54.099 Y17.222 E.01266
G1 X41.707 Y29.614 E.42741
G1 X41.188 Y29.614 E.01266
G1 X53.581 Y17.222 E.42743
G1 X53.062 Y17.222 E.01266
G1 X40.67 Y29.614 E.42741
G1 X40.151 Y29.614 E.01266
G1 X52.544 Y17.222 E.42743
G1 X52.025 Y17.222 E.01266
G1 X39.633 Y29.614 E.42741
G1 X39.114 Y29.614 E.01266
G1 X51.507 Y17.222 E.42743
G1 X50.988 Y17.222 E.01266
G1 X38.596 Y29.614 E.42741
G1 X38.077 Y29.614 E.01266
G1 X50.47 Y17.222 E.42743
G1 X49.951 Y17.222 E.01266
G1 X37.559 Y29.614 E.42741
G1 X37.04 Y29.614 E.01266
G1 X49.433 Y17.222 E.42743
G1 X48.914 Y17.222 E.01266
G1 X36.522 Y29.614 E.42741
G1 X36.003 Y29.614 E.01266
G1 X48.396 Y17.222 E.42743
G1 X47.877 Y17.222 E.01266
G1 X35.485 Y29.614 E.42741
G1 X34.966 Y29.614 E.01266
G1 X47.359 Y17.222 E.42743
G1 X46.84 Y17.222 E.01266
G1 X34.448 Y29.614 E.42741
G1 X33.929 Y29.614 E.01266
G1 X46.322 Y17.222 E.42743
G1 X45.803 Y17.222 E.01266
G1 X33.411 Y29.614 E.42741
G1 X32.892 Y29.614 E.01266
G1 X45.285 Y17.222 E.42743
G1 X44.766 Y17.222 E.01266
G1 X32.374 Y29.614 E.42741
G1 X31.855 Y29.614 E.01266
G1 X44.248 Y17.222 E.42743
G1 X43.729 Y17.222 E.01266
G1 X31.337 Y29.614 E.42741
G1 X30.818 Y29.614 E.01266
G1 X43.211 Y17.222 E.42743
G1 X42.692 Y17.222 E.01266
G1 X30.3 Y29.614 E.42741
G1 X29.781 Y29.614 E.01266
G1 X42.174 Y17.222 E.42743
G1 X41.655 Y17.222 E.01266
G1 X29.263 Y29.614 E.42741
G1 X28.744 Y29.614 E.01266
G1 X41.137 Y17.222 E.42743
G1 X40.618 Y17.222 E.01266
G1 X28.226 Y29.614 E.42741
G1 X27.707 Y29.614 E.01266
G1 X40.1 Y17.222 E.42743
G1 X39.581 Y17.222 E.01266
G1 X27.189 Y29.614 E.42741
G1 X26.67 Y29.614 E.01266
G1 X39.063 Y17.222 E.42743
G1 X38.544 Y17.222 E.01266
G1 X26.152 Y29.614 E.42741
G1 X25.633 Y29.614 E.01266
G1 X38.026 Y17.222 E.42743
G1 X37.507 Y17.222 E.01266
G1 X25.115 Y29.614 E.42741
G1 X24.596 Y29.614 E.01266
G1 X36.989 Y17.222 E.42743
G1 X36.47 Y17.222 E.01266
G1 X24.078 Y29.614 E.42741
G1 X23.559 Y29.614 E.01266
G1 X35.952 Y17.222 E.42743
G1 X35.433 Y17.222 E.01266
G1 X23.041 Y29.614 E.42741
G1 X22.522 Y29.614 E.01266
G1 X34.915 Y17.222 E.42743
G1 X34.396 Y17.222 E.01266
G1 X22.004 Y29.614 E.42741
G1 X21.485 Y29.614 E.01266
G1 X33.878 Y17.222 E.42743
G1 X33.359 Y17.222 E.01266
G1 X20.967 Y29.614 E.42741
G1 X20.448 Y29.614 E.01266
G1 X32.841 Y17.222 E.42743
G1 X32.322 Y17.222 E.01266
G1 X19.93 Y29.614 E.42741
G1 X19.411 Y29.614 E.01266
G1 X31.804 Y17.222 E.42743
G1 X31.285 Y17.222 E.01266
G1 X18.893 Y29.614 E.42741
G1 X18.374 Y29.614 E.01266
G1 X30.767 Y17.222 E.42743
G1 X30.248 Y17.222 E.01266
G1 X17.856 Y29.614 E.42741
G1 X17.392 Y29.614 E.01132
G1 X17.392 Y29.559 E.00134
G1 X29.73 Y17.222 E.42553
G1 X29.211 Y17.222 E.01266
G1 X17.392 Y29.041 E.40765
G1 X17.392 Y28.522 E.01266
G1 X28.693 Y17.222 E.38977
G1 X28.174 Y17.222 E.01266
G1 X17.392 Y28.004 E.37188
G1 X17.392 Y27.485 E.01266
G1 X27.656 Y17.222 E.354
G1 X27.137 Y17.222 E.01266
G1 X17.392 Y26.967 E.33611
G1 X17.392 Y26.448 E.01266
G1 X26.619 Y17.222 E.31823
G1 X26.1 Y17.222 E.01266
G1 X17.392 Y25.93 E.30035
G1 X17.392 Y25.411 E.01266
G1 X25.582 Y17.222 E.28246
G1 X25.063 Y17.222 E.01266
G1 X17.392 Y24.893 E.26458
G1 X17.392 Y24.374 E.01266
G1 X24.545 Y17.222 E.2467
G1 X24.026 Y17.222 E.01266
G1 X17.392 Y23.856 E.22881
G1 X17.392 Y23.337 E.01266
G1 X23.508 Y17.222 E.21093
G1 X22.989 Y17.222 E.01266
G1 X17.392 Y22.819 E.19305
G1 X17.392 Y22.3 E.01266
G1 X22.471 Y17.222 E.17516
G1 X21.952 Y17.222 E.01266
G1 X17.392 Y21.782 E.15728
G1 X17.392 Y21.263 E.01266
G1 X21.434 Y17.222 E.1394
G1 X20.915 Y17.222 E.01266
G1 X17.392 Y20.745 E.12151
G1 X17.392 Y20.226 E.01266
G1 X20.397 Y17.222 E.10363
G1 X19.878 Y17.222 E.01266
G1 X17.392 Y19.708 E.08574
G1 X17.392 Y19.189 E.01266
G1 X19.36 Y17.222 E.06786
G1 X18.841 Y17.222 E.01266
G1 X17.392 Y18.671 E.04998
G1 X17.392 Y18.152 E.01266
G1 X18.323 Y17.222 E.03209
G1 X17.804 Y17.222 E.01266
G1 X17.228 Y17.798 E.01987
; stop printing object Rollenhalter-Chamfer001.stl id:0 copy 0
G1 E-3.5 F3600
;WIPE_START
G1 F7200;_WIPE
G1 X17.804 Y17.222 E-.38693
G1 X18.323 Y17.222 E-.24652
G1 X17.392 Y18.152 E-.62506
G1 X17.392 Y18.66 E-.24149
;WIPE_END
M107
;TYPE:Custom
; Filament-specific end gcode 
;END gcode for filament
G1 Z11.96 F600 ; Move print head up
G1 X5 Y193.8 F9000 ; present print
G1 Z79.96 F600 ; Move print head further up
G1 Z150 F600 ; Move print head further up
M140 S0 ; turn off heatbed
M104 S0 ; turn off temperature
M107 ; turn off fan
M84 X Y E ; disable motors
; objects_info = {"objects":[{"name":"Rollenhalter-Chamfer001.stl id:0 copy 0","polygon":[[76.088,30.918],[16.088,30.918],[16.088,15.918],[76.088,15.918]]}]}
; filament used [mm] = 2028.38
; filament used [cm3] = 4.88
; filament used [g] = 6.05
; filament cost = 0.12
; total filament used [g] = 6.05
; total filament cost = 0.12
; total filament used for wipe tower [g] = 0.00
; estimated printing time (normal mode) = 41m 34s
; estimated first layer printing time (normal mode) = 2m 48s

; prusaslicer_config = begin
; arc_fitting = disabled
; autoemit_temperature_commands = 1
; automatic_extrusion_widths = 0
; automatic_infill_combination = 0
; automatic_infill_combination_max_layer_height = 100%
; avoid_crossing_curled_overhangs = 0
; avoid_crossing_perimeters = 0
; avoid_crossing_perimeters_max_detour = 0
; bed_custom_model = 
; bed_custom_texture = 
; bed_shape = 3x3,228x3,228x228,3x228
; bed_temperature = 60
; bed_temperature_extruder = 0
; before_layer_gcode = ;BEFORE_LAYER_CHANGE\nG92 E0\n;{layer_z}\n\n
; between_objects_gcode = 
; binary_gcode = 0
; bottom_fill_pattern = monotonic
; bottom_solid_layers = 5
; bottom_solid_min_thickness = 0
; bridge_acceleration = 250
; bridge_angle = 0
; bridge_fan_speed = 100
; bridge_flow_ratio = 0.85
; bridge_speed = 25
; brim_separation = 0
; brim_type = outer_only
; brim_width = 0
; chamber_minimal_temperature = 0
; chamber_temperature = 0
; color_change_gcode = M600
; colorprint_heights = 
; compatible_printers_condition_cummulative = "printer_model=~/(ENDER|CR|SERMOON).*/ and nozzle_diameter[0]==0.4";printer_notes=~/.*PRINTER_VENDOR_CREALITY.*/
; complete_objects = 0
; cooling = 1
; cooling_perimeter_transition_distance = 0
; cooling_slowdown_logic = uniform_cooling
; cooling_tube_length = 5
; cooling_tube_retraction = 91.5
; custom_parameters_filament = ""
; custom_parameters_print = 
; custom_parameters_printer = 
; default_acceleration = 500
; default_filament_profile = "Generic PLA @CREALITY"
; default_print_profile = "0.16 mm OPTIMAL (0.4 mm nozzle) @CREALITY"
; deretract_speed = 40
; disable_fan_first_layers = 1
; dont_support_bridges = 1
; draft_shield = disabled
; duplicate_distance = 6
; elefant_foot_compensation = 0.1
; enable_dynamic_fan_speeds = 0
; enable_dynamic_overhang_speeds = 0
; end_filament_gcode = "; Filament-specific end gcode \n;END gcode for filament\n"
; end_gcode = {if max_layer_z < max_print_height}G1 Z{z_offset+min(max_layer_z+2, max_print_height)} F600 ; Move print head up{endif}\nG1 X5 Y{print_bed_max[1]*0.85} F{travel_speed*60} ; present print\n{if max_layer_z < max_print_height-10}G1 Z{z_offset+min(max_layer_z+70, max_print_height-10)} F600 ; Move print head further up{endif}\n{if max_layer_z < max_print_height*0.6}G1 Z{max_print_height*0.6} F600 ; Move print head further up{endif}\nM140 S0 ; turn off heatbed\nM104 S0 ; turn off temperature\nM107 ; turn off fan\nM84 X Y E ; disable motors
; ensure_vertical_shell_thickness = enabled
; external_perimeter_acceleration = 0
; external_perimeter_extrusion_width = 0.42
; external_perimeter_speed = 30
; external_perimeters_first = 0
; extra_loading_move = -2
; extra_perimeters = 0
; extra_perimeters_on_overhangs = 0
; extruder_clearance_height = 25
; extruder_clearance_radius = 55
; extruder_colour = #FCE94F
; extruder_offset = 0x0
; extrusion_axis = E
; extrusion_multiplier = 1
; extrusion_width = 0.44
; fan_always_on = 1
; fan_below_layer_time = 100
; filament_abrasive = 0
; filament_colour = #DDDDDD
; filament_cooling_final_speed = 3.4
; filament_cooling_initial_speed = 2.2
; filament_cooling_moves = 4
; filament_cost = 20
; filament_density = 1.24
; filament_deretract_speed = nil
; filament_diameter = 1.75
; filament_flush_speed = 0
; filament_flush_volume = 0
; filament_infill_max_crossing_speed = 0
; filament_infill_max_speed = 0
; filament_load_time = 0
; filament_loading_speed = 28
; filament_loading_speed_start = 3
; filament_max_volumetric_speed = 15
; filament_minimal_purge_on_wipe_tower = 15
; filament_multitool_ramming = 0
; filament_multitool_ramming_flow = 10
; filament_multitool_ramming_volume = 10
; filament_notes = "Retract erhöht"
; filament_purge_multiplier = 100%
; filament_ramming_parameters = "120 100 6.6 6.8 7.2 7.6 7.9 8.2 8.7 9.4 9.9 10.0| 0.05 6.6 0.45 6.8 0.95 7.8 1.45 8.3 1.95 9.7 2.45 10 2.95 7.6 3.45 7.6 3.95 7.6 4.45 7.6 4.95 7.6"
; filament_retract_before_travel = nil
; filament_retract_before_wipe = nil
; filament_retract_layer_change = nil
; filament_retract_length = nil
; filament_retract_length_toolchange = nil
; filament_retract_lift = nil
; filament_retract_lift_above = nil
; filament_retract_lift_below = nil
; filament_retract_restart_extra = nil
; filament_retract_restart_extra_toolchange = nil
; filament_retract_speed = nil
; filament_seam_gap_distance = nil
; filament_settings_id = "Generic PLA @CREALITY - SUNULU_Retract"
; filament_shrinkage_compensation_xy = 0%
; filament_shrinkage_compensation_z = 0%
; filament_soluble = 0
; filament_spool_weight = 0
; filament_stamping_distance = 0
; filament_stamping_loading_speed = 20
; filament_toolchange_delay = 0
; filament_travel_lift_before_obstacle = nil
; filament_travel_max_lift = nil
; filament_travel_ramping_lift = nil
; filament_travel_slope = nil
; filament_type = PLA
; filament_unload_time = 0
; filament_unloading_speed = 90
; filament_unloading_speed_start = 100
; filament_vendor = Generic
; filament_wipe = nil
; fill_angle = 45
; fill_density = 15%
; fill_pattern = grid
; first_layer_acceleration = 0
; first_layer_acceleration_over_raft = 0
; first_layer_bed_temperature = 60
; first_layer_extrusion_width = 0.42
; first_layer_height = 0.2
; first_layer_infill_speed = 0
; first_layer_speed = 20
; first_layer_speed_over_raft = 30
; first_layer_temperature = 220
; full_fan_speed_layer = 0
; fuzzy_skin = none
; fuzzy_skin_point_dist = 0.8
; fuzzy_skin_thickness = 0.3
; gap_fill_enabled = 1
; gap_fill_speed = 30
; gcode_comments = 0
; gcode_flavor = marlin
; gcode_label_objects = octoprint
; gcode_resolution = 0.0125
; gcode_substitutions = 
; high_current_on_filament_swap = 0
; host_type = prusalink
; idle_temperature = 150
; infill_acceleration = 0
; infill_anchor = 600%
; infill_anchor_max = 50
; infill_every_layers = 1
; infill_extruder = 1
; infill_extrusion_width = 0.44
; infill_first = 0
; infill_overlap = 23%
; infill_speed = 60
; inherits_cummulative = ;"Generic PLA @CREALITY";
; interface_shells = 0
; interlocking_beam = 0
; interlocking_beam_layer_count = 2
; interlocking_beam_width = 0.8
; interlocking_boundary_avoidance = 2
; interlocking_depth = 2
; interlocking_orientation = 22.5
; ironing = 0
; ironing_flowrate = 10%
; ironing_spacing = 0.1
; ironing_speed = 20
; ironing_type = top
; layer_gcode = ;AFTER_LAYER_CHANGE\n;{layer_z}
; layer_height = 0.16
; machine_limits_usage = emit_to_gcode
; machine_max_acceleration_e = 5000
; machine_max_acceleration_extruding = 500
; machine_max_acceleration_retracting = 1000
; machine_max_acceleration_travel = 500
; machine_max_acceleration_x = 500
; machine_max_acceleration_y = 500
; machine_max_acceleration_z = 100
; machine_max_feedrate_e = 60
; machine_max_feedrate_x = 500
; machine_max_feedrate_y = 500
; machine_max_feedrate_z = 10
; machine_max_jerk_e = 5
; machine_max_jerk_x = 8
; machine_max_jerk_y = 8
; machine_max_jerk_z = 0.4
; machine_max_junction_deviation = 0,0
; machine_min_extruding_rate = 0
; machine_min_travel_rate = 0
; max_fan_speed = 100
; max_layer_height = 0.32
; max_print_height = 250
; max_print_speed = 100
; max_volumetric_extrusion_rate_slope_negative = 0
; max_volumetric_extrusion_rate_slope_positive = 0
; max_volumetric_speed = 0
; min_bead_width = 85%
; min_fan_speed = 100
; min_feature_size = 25%
; min_layer_height = 0.06
; min_print_speed = 15
; min_skirt_length = 4
; mmu_segmented_region_interlocking_depth = 0
; mmu_segmented_region_max_width = 0
; multimaterial_purging = 140
; notes = 
; nozzle_diameter = 0.4
; nozzle_high_flow = 0
; only_one_perimeter_first_layer = 0
; only_retract_when_crossing_perimeters = 0
; ooze_prevention = 0
; output_filename_format = {input_filename_base}_{print_time}_{digits(layer_height,1,2)}mm_{temperature[0]}C_{filament_type[0]}_{printer_model}.gcode
; over_bridge_speed = 0
; overhang_fan_speed_0 = 0
; overhang_fan_speed_1 = 0
; overhang_fan_speed_2 = 0
; overhang_fan_speed_3 = 0
; overhang_speed_0 = 15
; overhang_speed_1 = 15
; overhang_speed_2 = 20
; overhang_speed_3 = 25
; overhangs = 0
; parking_pos_retraction = 92
; pause_print_gcode = M25 ; pause print
; perimeter_acceleration = 0
; perimeter_extruder = 1
; perimeter_extrusion_width = 0.44
; perimeter_generator = arachne
; perimeter_speed = 60
; perimeters = 3
; physical_printer_settings_id = 
; post_process = 
; prefer_clockwise_movements = 0
; print_settings_id = 0.16 mm OPTIMAL SPEED (0.4 mm nozzle) @CREALITY
; printer_model = ENDER3PRO
; printer_notes = Don't remove the following keywords! These keywords are used in the "compatible printer" condition of the print and filament profiles to link the particular print and filament profiles to this printer profile.\nPRINTER_VENDOR_CREALITY\nPRINTER_MODEL_ENDER3PRO\nPRINTER_HAS_BOWDEN
; printer_settings_id = Creality Ender-3 Pro (0.4 mm nozzle)
; printer_technology = FFF
; printer_variant = 0.4
; printer_vendor = 
; profile_vendor = Creality
; profile_version = 1.1.0
; raft_contact_distance = 0.1
; raft_expansion = 1.5
; raft_first_layer_density = 90%
; raft_first_layer_expansion = 3
; raft_layers = 0
; remaining_times = 0
; resolution = 0
; retract_before_travel = 2
; retract_before_wipe = 70%
; retract_layer_change = 1
; retract_length = 5
; retract_length_toolchange = 1
; retract_lift = 0
; retract_lift_above = 0.2
; retract_lift_below = 0
; retract_restart_extra = 0
; retract_restart_extra_toolchange = 0
; retract_speed = 60
; scarf_seam_entire_loop = 0
; scarf_seam_length = 20
; scarf_seam_max_segment_length = 1
; scarf_seam_on_inner_perimeters = 0
; scarf_seam_only_on_smooth = 1
; scarf_seam_placement = nowhere
; scarf_seam_start_height = 0%
; seam_gap_distance = 15%
; seam_position = nearest
; silent_mode = 0
; single_extruder_multi_material = 0
; single_extruder_multi_material_priming = 0
; skirt_distance = 3
; skirt_height = 2
; skirts = 1
; slice_closing_radius = 0.049
; slicing_mode = regular
; slowdown_below_layer_time = 20
; small_perimeter_speed = 30
; solid_infill_acceleration = 0
; solid_infill_below_area = 0
; solid_infill_every_layers = 0
; solid_infill_extruder = 1
; solid_infill_extrusion_width = 0.44
; solid_infill_speed = 60
; spiral_vase = 0
; staggered_inner_seams = 0
; standby_temperature_delta = -5
; start_filament_gcode = "; Filament gcode\n"
; start_gcode = G90 ; use absolute coordinates\nM83 ; extruder relative mode\nM104 S{is_nil(idle_temperature[0]) ? 150 : idle_temperature[0]} ; set temporary nozzle temp to prevent oozing during homing\nM140 S{first_layer_bed_temperature[0]} ; set final bed temp\nG4 S30 ; allow partial nozzle warmup\nG28 ; home all axis\nG1 Z50 F240\nG1 X2.0 Y10 F3000\nM104 S{first_layer_temperature[0]} ; set final nozzle temp\nM190 S{first_layer_bed_temperature[0]} ; wait for bed temp to stabilize\nM109 S{first_layer_temperature[0]} ; wait for nozzle temp to stabilize\nG1 Z0.28 F240\nG92 E0\nG1 X2.0 Y140 E10 F1500 ; prime the nozzle\nG1 X2.3 Y140 F5000\nG92 E0\nG1 X2.3 Y10 E10 F1200 ; prime the nozzle\nG92 E0
; support_material = 0
; support_material_angle = 0
; support_material_auto = 1
; support_material_bottom_contact_distance = 0
; support_material_bottom_interface_layers = -1
; support_material_buildplate_only = 0
; support_material_closing_radius = 2
; support_material_contact_distance = 0.15
; support_material_enforce_layers = 0
; support_material_extruder = 0
; support_material_extrusion_width = 0.36
; support_material_interface_contact_loops = 0
; support_material_interface_extruder = 0
; support_material_interface_layers = 2
; support_material_interface_pattern = rectilinear
; support_material_interface_spacing = 0.2
; support_material_interface_speed = 100%
; support_material_pattern = rectilinear
; support_material_spacing = 1
; support_material_speed = 40
; support_material_style = grid
; support_material_synchronize_layers = 0
; support_material_threshold = 40
; support_material_with_sheath = 0
; support_material_xy_spacing = 60%
; support_tree_angle = 40
; support_tree_angle_slow = 25
; support_tree_branch_diameter = 2
; support_tree_branch_diameter_angle = 5
; support_tree_branch_diameter_double_wall = 3
; support_tree_branch_distance = 1
; support_tree_tip_diameter = 0.8
; support_tree_top_rate = 15%
; temperature = 220
; template_custom_gcode = 
; thick_bridges = 1
; thin_walls = 0
; thumbnails = 
; thumbnails_format = PNG
; toolchange_gcode = 
; toolchange_ordering = optimized
; top_fill_pattern = monotonic
; top_infill_extrusion_width = 0.4
; top_one_perimeter_type = none
; top_solid_infill_acceleration = 0
; top_solid_infill_speed = 30
; top_solid_layers = 7
; top_solid_min_thickness = 0
; travel_acceleration = 0
; travel_lift_before_obstacle = 0
; travel_max_lift = 0
; travel_ramping_lift = 0
; travel_short_distance_acceleration = 0
; travel_slope = 0
; travel_speed = 150
; travel_speed_z = 0
; use_firmware_retraction = 0
; use_relative_e_distances = 1
; use_volumetric_e = 0
; variable_layer_height = 1
; wall_distribution_count = 1
; wall_transition_angle = 10
; wall_transition_filter_deviation = 25%
; wall_transition_length = 100%
; wipe = 1
; wipe_into_infill = 0
; wipe_into_objects = 0
; wipe_tower = 0
; wipe_tower_acceleration = 0
; wipe_tower_bridging = 10
; wipe_tower_brim_width = 2
; wipe_tower_cone_angle = 0
; wipe_tower_extra_flow = 100%
; wipe_tower_extra_spacing = 100%
; wipe_tower_extruder = 0
; wipe_tower_no_sparse_layers = 0
; wipe_tower_width = 60
; wiping_volumes_matrix = 0
; wiping_volumes_use_custom_matrix = 0
; xy_size_compensation = 0
; z_offset = 0
; prusaslicer_config = end
