; generated by PrusaSlicer 2.9.6 on 2026-08-28 at 15:29:57 UTC

; 

; external perimeters extrusion width = 0.42mm
; perimeters extrusion width = 0.44mm
; infill extrusion width = 0.44mm
; solid infill extrusion width = 0.44mm
; top infill extrusion width = 0.40mm
; first layer extrusion width = 0.42mm

M201 X500 Y500 Z100 E5000 ; sets maximum accelerations, mm/sec^2
M203 X500 Y500 Z10 E60 ; sets maximum feedrates, mm / sec
M204 S500 T1000 ; sets acceleration (S) and retract acceleration (R), mm/sec^2
M205 X8.00 Y8.00 Z0.40 E5.00 ; sets the jerk limits, mm/sec
M205 S0 T0 ; sets the minimum extruding and travel feed rate, mm/sec

; printing object Rollenhalter-Spanner.stl id:0 copy 0
; stop printing object Rollenhalter-Spanner.stl id:0 copy 0

;TYPE:Custom
G90 ; use absolute coordinates
M83 ; extruder relative mode
M104 S150 ; set temporary nozzle temp to prevent oozing during homing
M140 S60 ; set final bed temp
G4 S30 ; allow partial nozzle warmup
G28 ; home all axis
G1 Z50 F240
G1 X2.0 Y10 F3000
M104 S220 ; set final nozzle temp
M190 S60 ; wait for bed temp to stabilize
M109 S220 ; wait for nozzle temp to stabilize
G1 Z0.28 F240
G92 E0
G1 X2.0 Y140 E10 F1500 ; prime the nozzle
G1 X2.3 Y140 F5000
G92 E0
G1 X2.3 Y10 E10 F1200 ; prime the nozzle
G92 E0
G21 ; set units to millimeters
G90 ; use absolute coordinates
M83 ; use relative distances for extrusion
; Filament gcode
M107
;LAYER_CHANGE
;Z:0.2
;HEIGHT:0.2
G1 E-5 F3600
G1 Z.2 F9000
G1 X29.106 Y25.054
G1 E5 F2400
M204 S500
;TYPE:Skirt/Brim
;WIDTH:0.42
G1 F1200
G1 X30.19 Y23.898 E.04969
G1 X31.9 Y23.4 E.05584
G1 X77.192 Y23.4 E1.4201
G1 X78.727 Y23.794 E.04969
G1 X79.883 Y24.878 E.04969
G1 X80.381 Y26.589 E.05587
G1 X80.381 Y48.589 E.68979
G1 X79.987 Y50.124 E.04969
G1 X78.903 Y51.279 E.04967
G1 X77.192 Y51.777 E.05587
G1 X31.9 Y51.777 E1.4201
G1 X30.366 Y51.384 E.04965
G1 X29.21 Y50.3 E.04969
G1 X28.712 Y48.589 E.05587
G1 X28.712 Y26.589 E.68979
G1 X29.091 Y25.112 E.04781
G1 E-3.5 F3600
;WIPE_START
G1 F7200
G1 X29.106 Y25.054 E-.02846
G1 X30.19 Y23.898 E-.75275
G1 X31.643 Y23.475 E-.71879
;WIPE_END
; printing object Rollenhalter-Spanner.stl id:0 copy 0
G1 X33.615 Y27.652 F9000
G1 E5 F2400
;TYPE:Perimeter
;WIDTH:0.417302
G1 F1200
G1 X48.168 Y27.652 E.45303
;WIDTH:0.419999
G1 X75.477 Y27.653 E.85625
G1 X75.477 Y30.625 E.09318
G1 X55.525 Y30.625 E.62558
G1 X55.188 Y30.687 E.01074
G1 X54.911 Y30.852 E.01011
G1 X54.725 Y31.069 E.00896
G1 X54.623 Y31.292 E.00769
G1 X54.582 Y31.567 E.00872
G1 X54.582 Y42.931 E.35631
G1 X54.685 Y43.238 E.01015
G1 X54.81 Y43.424 E.00703
G1 X54.997 Y43.591 E.00786
G1 X55.243 Y43.71 E.00857
G1 X55.525 Y43.753 E.00894
G1 X75.477 Y43.753 E.62558
G1 X75.477 Y47.525 E.11827
G1 X33.616 Y47.525 E1.31252
G1 X33.616 Y46.153 E.04302
G1 X48.29 Y46.153 E.46009
G1 X48.612 Y46.042 E.01068
G1 X48.922 Y45.776 E.01281
G1 X49.073 Y45.474 E.01059
G1 X49.111 Y45.21 E.00836
G1 X49.111 Y28.967 E.50929
G1 X49.038 Y28.605 E.01158
G1 X48.734 Y28.213 E.01555
G1 X48.168 Y28.026 E.01869
;WIDTH:0.417302
G1 X33.615 Y28.026 E.45303
G1 X33.615 Y27.712 E.00977
G1 X33.239 Y27.276 F9000
;WIDTH:0.419999
G1 F1200
G1 X75.854 Y27.276 E1.33616
G1 X75.854 Y31.002 E.11683
G1 X55.445 Y31.002 E.63991
G1 X55.157 Y31.138 E.00999
G1 X55.045 Y31.268 E.00538
G1 X54.959 Y31.567 E.00976
G1 X54.959 Y42.81 E.35252
G1 X55.021 Y43.067 E.00829
G1 X55.208 Y43.279 E.00886
G1 X55.525 Y43.376 E.01039
G1 X75.854 Y43.376 E.6374
G1 X75.854 Y47.902 E.14191
G1 X33.239 Y47.902 E1.33616
G1 X33.239 Y45.776 E.06666
G1 X48.168 Y45.776 E.46809
G1 X48.434 Y45.709 E.0086
G1 X48.62 Y45.55 E.00767
G1 X48.711 Y45.369 E.00635
G1 X48.734 Y45.21 E.00504
G1 X48.734 Y28.967 E.50929
G1 X48.69 Y28.75 E.00694
G1 X48.507 Y28.515 E.00934
G1 X48.168 Y28.402 E.0112
G1 X33.239 Y28.402 E.46809
G1 X33.239 Y27.336 E.03342
G1 X32.862 Y26.899 F9000
;TYPE:External perimeter
G1 F1200
G1 X76.231 Y26.899 E1.3598
G1 X76.231 Y31.379 E.14047
G1 X55.525 Y31.379 E.64922
G1 X55.402 Y31.424 E.00411
G1 X55.336 Y31.567 E.00494
G1 X55.336 Y42.81 E.35252
G1 X55.382 Y42.933 E.00412
G1 X55.525 Y42.999 E.00494
G1 X76.231 Y42.999 E.64922
G1 X76.231 Y48.279 E.16555
G1 X32.862 Y48.279 E1.3598
G1 X32.862 Y45.399 E.0903
G1 X48.168 Y45.399 E.47991
G1 X48.319 Y45.323 E.0053
G1 X48.356 Y45.21 E.00373
G1 X48.356 Y28.967 E.50929
G1 X48.281 Y28.816 E.00529
G1 X48.168 Y28.779 E.00373
G1 X32.862 Y28.779 E.47991
G1 X32.862 Y26.959 E.05706
G1 E-3.5 F3600
;WIPE_START
G1 F7200
G1 X32.862 Y26.899 E-.0285
G1 X35.96 Y26.899 E-1.4715
;WIPE_END
G1 X75.356 Y28.543 F9000
G1 E5 F2400
;TYPE:Solid infill
;WIDTH:0.4233
G1 F1200
G1 X74.757 Y27.943 E.02682
G1 X74.219 Y27.943 E.01702
G1 X75.186 Y28.911 E.04328
G1 X75.186 Y29.449 E.01702
G1 X73.681 Y27.943 E.06734
G1 X73.143 Y27.943 E.01702
G1 X75.186 Y29.987 E.09141
G1 X75.186 Y30.334 E.01098
G1 X74.996 Y30.334 E.00601
G1 X72.605 Y27.943 E.10695
G1 X72.067 Y27.943 E.01702
G1 X74.458 Y30.334 E.10695
G1 X73.92 Y30.334 E.01702
G1 X71.529 Y27.943 E.10695
G1 X70.991 Y27.943 E.01702
G1 X73.382 Y30.334 E.10695
G1 X72.844 Y30.334 E.01702
G1 X70.453 Y27.943 E.10695
G1 X69.915 Y27.943 E.01702
G1 X72.306 Y30.334 E.10695
G1 X71.768 Y30.334 E.01702
G1 X69.377 Y27.943 E.10695
G1 X68.839 Y27.943 E.01702
G1 X71.23 Y30.334 E.10695
G1 X70.692 Y30.334 E.01702
G1 X68.301 Y27.943 E.10695
G1 X67.763 Y27.943 E.01702
G1 X70.154 Y30.334 E.10695
G1 X69.616 Y30.334 E.01702
G1 X67.225 Y27.943 E.10695
G1 X66.687 Y27.943 E.01702
G1 X69.078 Y30.334 E.10695
G1 X68.541 Y30.334 E.01698
G1 X66.15 Y27.943 E.10695
G1 X65.612 Y27.943 E.01702
G1 X68.003 Y30.334 E.10695
G1 X67.465 Y30.334 E.01702
G1 X65.074 Y27.943 E.10695
G1 X64.536 Y27.943 E.01702
G1 X66.927 Y30.334 E.10695
G1 X66.389 Y30.334 E.01702
G1 X63.998 Y27.943 E.10695
G1 X63.46 Y27.943 E.01702
G1 X65.851 Y30.334 E.10695
G1 X65.313 Y30.334 E.01702
G1 X62.922 Y27.943 E.10695
G1 X62.384 Y27.943 E.01702
G1 X64.775 Y30.334 E.10695
G1 X64.237 Y30.334 E.01702
G1 X61.846 Y27.943 E.10695
G1 X61.308 Y27.943 E.01702
G1 X63.699 Y30.334 E.10695
G1 X63.161 Y30.334 E.01702
G1 X60.77 Y27.943 E.10695
G1 X60.232 Y27.943 E.01702
G1 X62.623 Y30.334 E.10695
G1 X62.085 Y30.334 E.01702
G1 X59.694 Y27.943 E.10695
G1 X59.156 Y27.943 E.01702
G1 X61.547 Y30.334 E.10695
G1 X61.009 Y30.334 E.01702
G1 X58.618 Y27.943 E.10695
G1 X58.08 Y27.943 E.01702
G1 X60.471 Y30.334 E.10695
G1 X59.933 Y30.334 E.01702
G1 X57.543 Y27.943 E.10693
G1 X57.005 Y27.943 E.01702
G1 X59.396 Y30.334 E.10695
G1 X58.858 Y30.334 E.01702
G1 X56.467 Y27.943 E.10695
G1 X55.929 Y27.943 E.01702
G1 X58.32 Y30.334 E.10695
G1 X57.782 Y30.334 E.01702
G1 X55.391 Y27.943 E.10695
G1 X54.853 Y27.943 E.01702
G1 X57.244 Y30.334 E.10695
G1 X56.706 Y30.334 E.01702
G1 X54.315 Y27.943 E.10695
G1 X53.777 Y27.943 E.01702
G1 X56.168 Y30.334 E.10695
G1 X55.63 Y30.334 E.01702
G1 X53.239 Y27.943 E.10695
G1 X52.701 Y27.943 E.01702
G1 X55.154 Y30.396 E.10972
G1 X55.08 Y30.417 E.00243
G1 X54.802 Y30.582 E.01022
G1 X52.163 Y27.943 E.11804
G1 X51.625 Y27.943 E.01702
G1 X54.532 Y30.851 E.13005
G1 X54.478 Y30.914 E.00262
G1 X54.347 Y31.203 E.01004
G1 X51.087 Y27.943 E.14582
G1 X50.549 Y27.943 E.01702
G1 X54.292 Y31.686 E.16742
G1 X54.292 Y32.224 E.01702
G1 X50.011 Y27.943 E.19149
G1 X49.473 Y27.943 E.01702
G1 X54.292 Y32.762 E.21555
G1 X54.292 Y33.3 E.01702
G1 X48.935 Y27.943 E.23962
G1 X48.871 Y27.943 E.00202
G1 X48.868 Y27.962 E.00061
G1 X48.908 Y27.975 E.00133
G1 X49.307 Y28.489 E.02058
G1 X49.398 Y28.944 E.01468
G1 X54.292 Y33.838 E.21891
G1 X54.292 Y34.376 E.01702
G1 X49.401 Y29.485 E.21877
G1 X49.401 Y30.023 E.01702
G1 X54.292 Y34.913 E.21875
G1 X54.292 Y35.451 E.01702
G1 X49.401 Y30.56 E.21877
G1 X49.401 Y31.098 E.01702
G1 X54.292 Y35.989 E.21877
G1 X54.292 Y36.527 E.01702
G1 X49.401 Y31.636 E.21877
G1 X49.401 Y32.174 E.01702
G1 X54.292 Y37.065 E.21877
G1 X54.292 Y37.603 E.01702
G1 X49.401 Y32.712 E.21877
G1 X49.401 Y33.25 E.01702
G1 X54.292 Y38.141 E.21877
G1 X54.292 Y38.679 E.01702
G1 X49.401 Y33.788 E.21877
G1 X49.401 Y34.326 E.01702
G1 X54.292 Y39.217 E.21877
G1 X54.292 Y39.755 E.01702
G1 X49.401 Y34.864 E.21877
G1 X49.401 Y35.402 E.01702
G1 X54.292 Y40.293 E.21877
G1 X54.292 Y40.831 E.01702
G1 X49.401 Y35.94 E.21877
G1 X49.401 Y36.478 E.01702
G1 X54.292 Y41.369 E.21877
G1 X54.292 Y41.907 E.01702
G1 X49.401 Y37.016 E.21877
G1 X49.401 Y37.554 E.01702
G1 X54.462 Y42.614 E.22636
G1 E-3.5 F3600
;WIPE_START
G1 F7200
G1 X52.229 Y40.381 E-1.5
;WIPE_END
G1 X74.549 Y43.874 F9000
G1 E5 F2400
G1 F1200
G1 X75.186 Y44.511 E.02849
G1 X75.186 Y45.049 E.01702
G1 X74.18 Y44.043 E.045
G1 X73.643 Y44.043 E.01698
G1 X75.186 Y45.587 E.06904
G1 X75.186 Y46.125 E.01702
G1 X73.105 Y44.043 E.09311
G1 X72.567 Y44.043 E.01702
G1 X75.186 Y46.663 E.11717
G1 X75.186 Y47.201 E.01702
G1 X72.029 Y44.043 E.14123
G1 X71.491 Y44.043 E.01702
G1 X74.682 Y47.234 E.14273
G1 X74.144 Y47.234 E.01702
G1 X70.953 Y44.043 E.14273
G1 X70.415 Y44.043 E.01702
G1 X73.606 Y47.234 E.14273
G1 X73.068 Y47.234 E.01702
G1 X69.877 Y44.043 E.14273
G1 X69.339 Y44.043 E.01702
G1 X72.53 Y47.234 E.14273
G1 X71.992 Y47.234 E.01702
G1 X68.801 Y44.043 E.14273
G1 X68.263 Y44.043 E.01702
G1 X71.454 Y47.234 E.14273
G1 X70.916 Y47.234 E.01702
G1 X67.725 Y44.043 E.14273
G1 X67.187 Y44.043 E.01702
G1 X70.378 Y47.234 E.14273
G1 X69.84 Y47.234 E.01702
G1 X66.649 Y44.043 E.14273
G1 X66.111 Y44.043 E.01702
G1 X69.302 Y47.234 E.14273
G1 X68.764 Y47.234 E.01702
G1 X65.573 Y44.043 E.14273
G1 X65.035 Y44.043 E.01702
G1 X68.226 Y47.234 E.14273
G1 X67.689 Y47.234 E.01698
G1 X64.498 Y44.043 E.14273
G1 X63.96 Y44.043 E.01702
G1 X67.151 Y47.234 E.14273
G1 X66.613 Y47.234 E.01702
G1 X63.422 Y44.043 E.14273
G1 X62.884 Y44.043 E.01702
G1 X66.075 Y47.234 E.14273
G1 X65.537 Y47.234 E.01702
G1 X62.346 Y44.043 E.14273
G1 X61.808 Y44.043 E.01702
G1 X64.999 Y47.234 E.14273
G1 X64.461 Y47.234 E.01702
G1 X61.27 Y44.043 E.14273
G1 X60.732 Y44.043 E.01702
G1 X63.923 Y47.234 E.14273
G1 X63.385 Y47.234 E.01702
G1 X60.194 Y44.043 E.14273
G1 X59.656 Y44.043 E.01702
G1 X62.847 Y47.234 E.14273
G1 X62.309 Y47.234 E.01702
G1 X59.118 Y44.043 E.14273
G1 X58.58 Y44.043 E.01702
G1 X61.771 Y47.234 E.14273
G1 X61.233 Y47.234 E.01702
G1 X58.042 Y44.043 E.14273
G1 X57.504 Y44.043 E.01702
G1 X60.695 Y47.234 E.14273
G1 X60.157 Y47.234 E.01702
G1 X56.966 Y44.043 E.14273
G1 X56.428 Y44.043 E.01702
G1 X59.619 Y47.234 E.14273
G1 X59.082 Y47.234 E.01698
G1 X55.721 Y43.874 E.15031
G1 E-3.5 F3600
;WIPE_START
G1 F7200
G1 X57.954 Y46.107 E-1.5
;WIPE_END
G1 X58.713 Y47.404 F9000
G1 E5 F2400
G1 F1200
G1 X55.323 Y44.013 E.15166
G1 X55.156 Y43.988 E.00534
G1 X54.834 Y43.833 E.0113
G1 X54.589 Y43.614 E.01039
G1 X54.426 Y43.37 E.00928
G1 X54.326 Y43.102 E.00905
G1 X54.315 Y43.005 E.00309
G1 X49.401 Y38.092 E.21978
G1 X49.401 Y38.63 E.01702
G1 X58.006 Y47.234 E.38488
G1 X57.468 Y47.234 E.01702
G1 X49.401 Y39.167 E.36084
G1 X49.401 Y39.705 E.01702
G1 X56.93 Y47.234 E.33677
G1 X56.392 Y47.234 E.01702
G1 X49.401 Y40.243 E.31271
G1 X49.401 Y40.781 E.01702
G1 X55.854 Y47.234 E.28864
G1 X55.316 Y47.234 E.01702
G1 X49.401 Y41.319 E.26458
G1 X49.401 Y41.857 E.01702
G1 X54.778 Y47.234 E.24051
G1 X54.24 Y47.234 E.01702
G1 X49.401 Y42.395 E.21645
G1 X49.401 Y42.933 E.01702
G1 X53.702 Y47.234 E.19238
G1 X53.164 Y47.234 E.01702
G1 X49.401 Y43.471 E.16832
G1 X49.401 Y44.009 E.01702
G1 X52.626 Y47.234 E.14425
G1 X52.088 Y47.234 E.01702
G1 X49.401 Y44.547 E.12019
G1 X49.401 Y45.085 E.01702
G1 X51.55 Y47.234 E.09612
G1 X51.012 Y47.234 E.01702
G1 X49.347 Y45.569 E.07448
G1 X49.168 Y45.927 E.01266
G1 X50.475 Y47.234 E.05846
G1 X49.937 Y47.234 E.01702
G1 X48.886 Y46.183 E.04701
G1 X48.752 Y46.298 E.00559
G1 X48.537 Y46.372 E.00719
G1 X49.399 Y47.234 E.03856
G1 X48.861 Y47.234 E.01702
G1 X48.07 Y46.443 E.03538
G1 X47.532 Y46.443 E.01702
G1 X48.323 Y47.234 E.03538
G1 X47.785 Y47.234 E.01702
G1 X46.994 Y46.443 E.03538
G1 X46.456 Y46.443 E.01702
G1 X47.247 Y47.234 E.03538
G1 X46.709 Y47.234 E.01702
G1 X45.918 Y46.443 E.03538
G1 X45.38 Y46.443 E.01702
G1 X46.171 Y47.234 E.03538
G1 X45.633 Y47.234 E.01702
G1 X44.842 Y46.443 E.03538
G1 X44.304 Y46.443 E.01702
G1 X45.095 Y47.234 E.03538
G1 X44.557 Y47.234 E.01702
G1 X43.766 Y46.443 E.03538
G1 X43.228 Y46.443 E.01702
G1 X44.019 Y47.234 E.03538
G1 X43.481 Y47.234 E.01702
G1 X42.69 Y46.443 E.03538
G1 X42.152 Y46.443 E.01702
G1 X42.943 Y47.234 E.03538
G1 X42.405 Y47.234 E.01702
G1 X41.614 Y46.443 E.03538
G1 X41.077 Y46.443 E.01698
G1 X41.867 Y47.234 E.03536
G1 X41.33 Y47.234 E.01698
G1 X40.539 Y46.443 E.03538
G1 X40.001 Y46.443 E.01702
G1 X40.792 Y47.234 E.03538
G1 X40.254 Y47.234 E.01702
G1 X39.463 Y46.443 E.03538
G1 X38.925 Y46.443 E.01702
G1 X39.716 Y47.234 E.03538
G1 X39.178 Y47.234 E.01702
G1 X38.387 Y46.443 E.03538
G1 X37.849 Y46.443 E.01702
G1 X38.64 Y47.234 E.03538
G1 X38.102 Y47.234 E.01702
G1 X37.311 Y46.443 E.03538
G1 X36.773 Y46.443 E.01702
G1 X37.564 Y47.234 E.03538
G1 X37.026 Y47.234 E.01702
G1 X36.235 Y46.443 E.03538
G1 X35.697 Y46.443 E.01702
G1 X36.488 Y47.234 E.03538
G1 X35.95 Y47.234 E.01702
G1 X35.159 Y46.443 E.03538
G1 X34.621 Y46.443 E.01702
G1 X35.412 Y47.234 E.03538
G1 X34.874 Y47.234 E.01702
G1 X34.083 Y46.443 E.03538
G1 X33.906 Y46.443 E.0056
G1 X33.906 Y46.804 E.01142
G1 X34.506 Y47.404 E.02684
M106 S255
;LAYER_CHANGE
;Z:0.36
;HEIGHT:0.16
;BEFORE_LAYER_CHANGE
G92 E0
;0.36


G1 E-3.5 F3600
;WIPE_START
G1 F7200
G1 X33.906 Y46.804 E-.40305
G1 X33.906 Y46.443 E-.17148
G1 X34.083 Y46.443 E-.08407
G1 X34.874 Y47.234 E-.53136
G1 X35.412 Y47.234 E-.25555
G1 X35.331 Y47.153 E-.05449
;WIPE_END
G1 Z.36 F9000
;AFTER_LAYER_CHANGE
;0.36
; stop printing object Rollenhalter-Spanner.stl id:0 copy 0
G1 X34.506 Y51.777
G1 E5 F2400
;TYPE:Skirt/Brim
;WIDTH:0.42
G1 X31.9 Y51.777 E.06686
G1 X30.366 Y51.384 E.04062
G1 X29.21 Y50.3 E.04066
G1 X28.712 Y48.589 E.04572
G1 X28.712 Y26.589 E.5644
G1 X29.106 Y25.054 E.04066
G1 X30.19 Y23.898 E.04066
G1 X31.9 Y23.4 E.04569
G1 X77.192 Y23.4 E1.16194
G1 X78.727 Y23.794 E.04066
G1 X79.883 Y24.878 E.04066
G1 X80.381 Y26.589 E.04572
G1 X80.381 Y48.589 E.5644
G1 X79.987 Y50.124 E.04066
G1 X78.903 Y51.279 E.04064
G1 X77.192 Y51.777 E.04572
G1 X34.566 Y51.777 E1.09355
G1 E-3.5 F3600
;WIPE_START
G1 F7200
G1 X34.506 Y51.777 E-.0285
G1 X31.9 Y51.777 E-1.23785
G1 X31.423 Y51.655 E-.23365
;WIPE_END
; printing object Rollenhalter-Spanner.stl id:0 copy 0
G1 X48.752 Y45.794 F9000
G1 E5 F2400
;TYPE:Perimeter
;WIDTH:0.439999
G1 F3600
G1 X48.859 Y45.702 E.00381
G1 X49.018 Y45.384 E.00959
G1 X49.058 Y45.106 E.00758
G1 X49.058 Y29.072 E.43267
G1 X48.981 Y28.689 E.01054
G1 X48.66 Y28.276 E.01412
;WIDTH:0.475842
G1 X48.064 Y28.059 E.01863
G1 X32.93 Y28.059 E.44447
G1 X32.93 Y27.618 E.01295
G1 X48.064 Y27.618 E.44447
G1 X48.885 Y27.6 E.02412
;WIDTH:0.439999
G1 X76.181 Y27.6 E.73658
G1 X76.181 Y30.677 E.08303
G1 X55.496 Y30.677 E.55818
G1 X55.095 Y30.833 E.01161
G1 X54.9 Y30.996 E.00686
G1 X54.683 Y31.367 E.0116
G1 X54.635 Y31.672 E.00833
G1 X54.635 Y42.834 E.3012
G1 X54.748 Y43.166 E.00946
G1 X54.88 Y43.36 E.00633
G1 X55.077 Y43.533 E.00707
G1 X55.335 Y43.655 E.0077
G1 X55.629 Y43.7 E.00803
G1 X76.181 Y43.7 E.55459
G1 X76.181 Y47.577 E.10462
G1 X32.912 Y47.577 E1.16761
G1 X32.912 Y46.1 E.03986
G1 X48.192 Y46.1 E.41233
G1 X48.531 Y45.983 E.00968
G1 X48.706 Y45.833 E.00622
G1 X48.471 Y45.514 F9000
G1 F3600
G1 X48.534 Y45.459 E.00226
G1 X48.629 Y45.271 E.00568
G1 X48.652 Y45.106 E.0045
G1 X48.652 Y29.072 E.43267
G1 X48.607 Y28.845 E.00624
G1 X48.417 Y28.601 E.00835
G1 X48.064 Y28.483 E.01004
G1 X32.506 Y28.483 E.41983
G1 X32.506 Y27.194 E.03478
G1 X76.587 Y27.194 E1.18952
G1 X76.587 Y31.083 E.10494
G1 X55.55 Y31.083 E.56768
G1 X55.313 Y31.175 E.00686
G1 X55.117 Y31.381 E.00767
G1 X55.041 Y31.672 E.00812
G1 X55.041 Y42.789 E.29999
G1 X55.186 Y43.093 E.00909
G1 X55.455 Y43.268 E.00866
G1 X55.629 Y43.294 E.00475
G1 X76.587 Y43.294 E.56555
G1 X76.587 Y47.983 E.12653
G1 X32.506 Y47.983 E1.18952
G1 X32.506 Y45.694 E.06177
G1 X48.064 Y45.694 E.41983
G1 X48.341 Y45.625 E.0077
G1 X48.425 Y45.553 E.00299
G1 X48.189 Y45.236 F9000
;TYPE:External perimeter
;WIDTH:0.419999
G1 F1800
G1 X48.218 Y45.222 E.00083
G1 X48.256 Y45.106 E.00313
G1 X48.256 Y29.072 E.41134
G1 X48.179 Y28.917 E.00444
G1 X48.064 Y28.879 E.00311
G1 X32.11 Y28.879 E.40929
G1 X32.11 Y26.799 E.05336
G1 X76.982 Y26.799 E1.15116
G1 X76.982 Y31.479 E.12006
G1 X55.629 Y31.479 E.5478
G1 X55.488 Y31.541 E.00395
G1 X55.436 Y31.672 E.00362
G1 X55.436 Y42.706 E.28307
G1 X55.484 Y42.833 E.00348
G1 X55.629 Y42.899 E.00409
G1 X76.982 Y42.899 E.5478
G1 X76.982 Y48.379 E.14059
G1 X32.11 Y48.379 E1.15116
G1 X32.11 Y45.299 E.07902
G1 X48.064 Y45.299 E.40929
G1 X48.136 Y45.263 E.00207
G1 E-3.5 F3600
;WIPE_START
G1 F7200
G1 X48.189 Y45.236 E-.02825
G1 X48.218 Y45.222 E-.0153
G1 X48.256 Y45.106 E-.05798
G1 X48.256 Y42.162 E-1.39847
;WIPE_END
G1 X49.433 Y27.912 F9000
G1 E5 F2400
;TYPE:Solid infill
;WIDTH:0.439999
G1 F3600
G1 X49.056 Y28.289 E.01439
;WIDTH:0.472485
G1 X48.933 Y28.144 E.00554
;WIDTH:0.50497
G1 X48.81 Y27.998 E.00598
G1 X48.753 Y28.014 E.00185
G1 X48.712 Y27.972 E.00184
G1 X48.727 Y27.915 E.00185
G1 X48.784 Y27.9 E.00185
G1 X48.825 Y27.942 E.00184
G1 X49.285 Y28.634 F9000
;WIDTH:0.439999
G1 F3600
G1 X50.006 Y27.912 E.02753
G1 X50.58 Y27.912 E.01549
G1 X49.304 Y29.19 E.04873
;WIDTH:0.407168
G1 X49.238 Y29.258 E.00235
;WIDTH:0.374336
G1 X49.167 Y29.239 E.00166
G1 X49.186 Y29.31 E.00166
G1 X49.227 Y29.299 E.00096
;WIDTH:0.439999
G1 X49.37 Y29.696 E.01139
G1 X51.154 Y27.912 E.06808
G1 X51.728 Y27.912 E.01549
G1 X49.37 Y30.27 E.08999
G1 X49.37 Y30.844 E.01549
G1 X52.301 Y27.912 E.11187
G1 X52.875 Y27.912 E.01549
G1 X49.37 Y31.417 E.13376
G1 X49.37 Y31.991 E.01549
G1 X53.449 Y27.912 E.15566
G1 X54.022 Y27.912 E.01546
G1 X49.37 Y32.565 E.17755
G1 X49.37 Y33.138 E.01546
G1 X54.596 Y27.912 E.19944
G1 X55.17 Y27.912 E.01549
G1 X49.37 Y33.712 E.22134
G1 X49.37 Y34.286 E.01549
G1 X55.743 Y27.912 E.24323
G1 X56.317 Y27.912 E.01549
G1 X49.37 Y34.859 E.26511
G1 X49.37 Y35.433 E.01549
G1 X56.891 Y27.912 E.28702
G1 X57.464 Y27.912 E.01546
G1 X49.37 Y36.007 E.3089
G1 X49.326 Y36.165 E.00443
;WIDTH:0.407168
G1 X49.281 Y36.324 E.0041
;WIDTH:0.374336
G1 X49.24 Y36.335 E.00096
G1 X49.221 Y36.264 E.00166
G1 X49.292 Y36.283 E.00166
;WIDTH:0.439999
G1 X49.37 Y36.58 E.00829
G1 X54.329 Y31.621 E.18925
G1 X54.417 Y31.493 E.00419
;WIDTH:0.407168
G1 X54.505 Y31.364 E.00387
;WIDTH:0.374336
G1 X54.464 Y31.375 E.00096
G1 X54.445 Y31.304 E.00166
G1 X54.516 Y31.323 E.00166
G1 X54.323 Y32.202 F9000
;WIDTH:0.439999
G1 F3600
G1 X49.37 Y37.154 E.189
G1 X49.37 Y37.728 E.01549
G1 X54.323 Y32.775 E.18902
G1 X54.323 Y33.349 E.01549
G1 X49.37 Y38.302 E.18902
G1 X49.37 Y38.875 E.01546
G1 X54.323 Y33.923 E.189
G1 X54.323 Y34.496 E.01546
G1 X49.37 Y39.449 E.18902
G1 X49.37 Y40.023 E.01549
G1 X54.323 Y35.07 E.18902
G1 X54.323 Y35.644 E.01549
G1 X49.37 Y40.596 E.189
G1 X49.37 Y41.17 E.01549
G1 X54.323 Y36.217 E.18902
G1 X54.323 Y36.791 E.01549
G1 X49.37 Y41.744 E.18902
G1 X49.37 Y42.317 E.01546
G1 X54.323 Y37.365 E.189
G1 X54.323 Y37.938 E.01546
G1 X49.37 Y42.891 E.18902
G1 X49.37 Y43.465 E.01549
G1 X54.323 Y38.512 E.18902
G1 X54.323 Y39.086 E.01549
G1 X49.37 Y44.038 E.189
G1 X49.37 Y44.612 E.01549
G1 X54.323 Y39.66 E.189
G1 X54.323 Y40.233 E.01546
G1 X49.358 Y45.198 E.18948
G1 E-3.5
;WIPE_START
G1 F7200
G1 X51.591 Y42.965 E-1.5
;WIPE_END
G1 X47.57 Y46.412 F9000
G1 E5 F2400
G1 F3600
G1 X46.861 Y47.122 E.02708
G1 X46.858 Y47.265 E.00386
G1 X33.224 Y47.265 E.36791
G1 X33.224 Y46.412 E.02302
G1 X47.367 Y46.412 E.38165
G1 X47.619 Y47.373 F9000
;WIDTH:0.374336
G1 F3600
G1 X47.548 Y47.354 E.00166
G1 X47.567 Y47.425 E.00166
G1 X47.608 Y47.414 E.00096
;WIDTH:0.407168
G1 X47.449 Y47.339 E.00436
;WIDTH:0.439999
G1 X47.291 Y47.265 E.00471
G1 X48.151 Y46.405 E.03282
G1 X48.294 Y46.326 E.00441
;WIDTH:0.407168
G1 X48.438 Y46.247 E.00407
;WIDTH:0.374336
G1 X48.622 Y46.129 E.00494
G1 X47.865 Y47.265 F9000
;WIDTH:0.439999
G1 F3600
G1 X54.323 Y40.807 E.24645
G1 X54.323 Y41.381 E.01549
G1 X48.438 Y47.265 E.22457
G1 X49.012 Y47.265 E.01549
G1 X54.323 Y41.954 E.20268
G1 X54.323 Y42.528 E.01549
G1 X49.586 Y47.265 E.18077
G1 X50.159 Y47.265 E.01546
G1 X54.372 Y43.052 E.16078
G1 X54.558 Y43.44 E.01161
G1 X50.733 Y47.265 E.14597
G1 X51.307 Y47.265 E.01549
G1 X54.837 Y43.735 E.13471
G1 X55.207 Y43.938 E.01139
G1 X51.881 Y47.265 E.12695
G1 X52.454 Y47.265 E.01546
G1 X55.707 Y44.012 E.12414
G1 X56.281 Y44.012 E.01549
G1 X53.028 Y47.265 E.12414
G1 X53.602 Y47.265 E.01549
G1 X56.854 Y44.012 E.12412
G1 X57.428 Y44.012 E.01549
G1 X54.175 Y47.265 E.12414
G1 X54.749 Y47.265 E.01549
G1 X58.002 Y44.012 E.12414
G1 X58.575 Y44.012 E.01546
G1 X55.323 Y47.265 E.12412
G1 X55.896 Y47.265 E.01546
G1 X59.149 Y44.012 E.12414
G1 X59.723 Y44.012 E.01549
G1 X56.47 Y47.265 E.12414
G1 X57.044 Y47.265 E.01549
G1 X60.296 Y44.012 E.12412
G1 X60.87 Y44.012 E.01549
G1 X57.617 Y47.265 E.12414
G1 X58.191 Y47.265 E.01549
G1 X61.444 Y44.012 E.12414
G1 X62.017 Y44.012 E.01546
G1 X58.765 Y47.265 E.12412
G1 X59.339 Y47.265 E.01549
G1 X62.591 Y44.012 E.12412
G1 X63.165 Y44.012 E.01549
G1 X59.912 Y47.265 E.12414
G1 X60.486 Y47.265 E.01549
G1 X63.739 Y44.012 E.12414
G1 X64.312 Y44.012 E.01546
G1 X61.06 Y47.265 E.12412
G1 X61.633 Y47.265 E.01546
G1 X64.886 Y44.012 E.12414
G1 X65.46 Y44.012 E.01549
G1 X62.207 Y47.265 E.12414
G1 X62.781 Y47.265 E.01549
G1 X66.033 Y44.012 E.12412
G1 X66.607 Y44.012 E.01549
G1 X63.354 Y47.265 E.12414
G1 X63.928 Y47.265 E.01549
G1 X67.181 Y44.012 E.12414
G1 X67.754 Y44.012 E.01546
G1 X64.502 Y47.265 E.12412
G1 X65.075 Y47.265 E.01546
G1 X68.328 Y44.012 E.12414
G1 X68.902 Y44.012 E.01549
G1 X65.649 Y47.265 E.12414
G1 X66.223 Y47.265 E.01549
G1 X69.475 Y44.012 E.12412
G1 X70.049 Y44.012 E.01549
G1 X66.797 Y47.265 E.12412
G1 X67.37 Y47.265 E.01546
G1 X70.623 Y44.012 E.12414
G1 X71.197 Y44.012 E.01549
G1 X67.944 Y47.265 E.12414
G1 X68.518 Y47.265 E.01549
G1 X71.77 Y44.012 E.12412
G1 X72.344 Y44.012 E.01549
G1 X69.091 Y47.265 E.12414
G1 X69.665 Y47.265 E.01549
G1 X72.918 Y44.012 E.12414
G1 X73.491 Y44.012 E.01546
G1 X70.239 Y47.265 E.12412
G1 X70.812 Y47.265 E.01546
G1 X74.065 Y44.012 E.12414
G1 X74.639 Y44.012 E.01549
G1 X71.386 Y47.265 E.12414
G1 X71.96 Y47.265 E.01549
G1 X75.212 Y44.012 E.12412
G1 X75.786 Y44.012 E.01549
G1 X72.533 Y47.265 E.12414
G1 X73.107 Y47.265 E.01549
G1 X75.869 Y44.503 E.1054
G1 X75.869 Y45.077 E.01549
G1 X73.681 Y47.265 E.0835
G1 X73.624 Y47.346 E.00267
;WIDTH:0.407168
G1 X73.566 Y47.427 E.00247
;WIDTH:0.374336
G1 X73.495 Y47.408 E.00166
G1 X73.514 Y47.479 E.00166
G1 X73.555 Y47.468 E.00096
G1 E-3.5
;WIPE_START
G1 F7200
G1 X73.514 Y47.479 E-.02016
G1 X73.495 Y47.408 E-.03491
G1 X73.566 Y47.427 E-.03491
G1 X73.624 Y47.346 E-.04732
G1 X73.681 Y47.265 E-.04705
G1 X75.639 Y45.307 E-1.31565
;WIPE_END
G1 X75.725 Y45.794 F9000
G1 E5 F2400
;WIDTH:0.439999
G1 F3600
G1 X74.255 Y47.265 E.05612
G1 X75.869 Y47.265 E.04355
G1 X75.869 Y45.651 E.04355
G1 X75.461 Y46.775 F9000
;WIDTH:0.57423
G1 F3600
G1 X75.413 Y46.727 E.00244
G1 X75.348 Y46.745 E.00242
G1 X75.331 Y46.81 E.00241
G1 X75.379 Y46.857 E.00241
G1 X75.444 Y46.84 E.00241
G1 E-3.5
;WIPE_START
G1 F7200
G1 X75.379 Y46.857 E-.03191
G1 X75.331 Y46.81 E-.03191
G1 X75.348 Y46.745 E-.03191
G1 X75.413 Y46.727 E-.03204
G1 X75.461 Y46.775 E-.03224
;WIPE_END
G1 E-1.33999 F3600
G1 X58.038 Y27.912 F9000
G1 E5 F2400
;WIDTH:0.439999
G1 F3600
G1 X55.579 Y30.371 E.09384
G1 X55.457 Y30.438 E.00376
;WIDTH:0.407168
G1 X55.334 Y30.504 E.00346
;WIDTH:0.374336
G1 X55.263 Y30.485 E.00166
G1 X55.282 Y30.556 E.00166
G1 X55.323 Y30.545 E.00096
G1 X56.159 Y30.365 F9000
;WIDTH:0.439999
G1 F3600
G1 X58.612 Y27.912 E.09361
G1 X59 Y28.098 E.01161
G1 X56.733 Y30.365 E.08651
G1 X75.869 Y30.365 E.51638
G1 X75.869 Y27.912 E.06619
G1 X59.042 Y27.912 E.45407
G1 X59.354 Y28.318 E.01382
G1 X75.463 Y28.318 E.4347
G1 X75.463 Y29.959 E.04428
G1 X57.712 Y29.959 E.47901
G1 X59.21 Y28.462 E.05715
G1 X59.522 Y28.724 E.01099
G1 X75.057 Y28.724 E.41921
G1 X75.057 Y29.554 E.0224
G1 X58.692 Y29.554 E.44161
G1 X59.378 Y28.867 E.0262
G1 X59.694 Y29.139 E.01125
;WIDTH:0.458654
G1 X74.642 Y29.139 E.42192
G1 E-3.5
;WIPE_START
G1 F7200
G1 X71.484 Y29.139 E-1.5
;WIPE_END
G1 X46.541 Y46.839 F9000
G1 E5 F2400
;WIDTH:0.481302
G1 F3600
G1 X33.65 Y46.839 E.38328
;LAYER_CHANGE
;Z:0.52
;HEIGHT:0.16
;BEFORE_LAYER_CHANGE
G92 E0
;0.52


G1 E-3.5 F3600
;WIPE_START
G1 F7200
G1 X36.808 Y46.839 E-1.5
;WIPE_END
G1 Z.52 F9000
;AFTER_LAYER_CHANGE
;0.52
G1 X48.752 Y45.794
G1 E5 F2400
;TYPE:Perimeter
;WIDTH:0.439999
G1 F3600
G1 X48.859 Y45.702 E.00381
G1 X49.018 Y45.384 E.00959
G1 X49.058 Y45.106 E.00758
G1 X49.058 Y29.072 E.43267
G1 X48.981 Y28.689 E.01054
G1 X48.66 Y28.276 E.01412
;WIDTH:0.475842
G1 X48.064 Y28.059 E.01863
G1 X32.529 Y28.059 E.45625
G1 X32.529 Y27.618 E.01295
G1 X48.064 Y27.618 E.45625
G1 X48.885 Y27.6 E.02412
;WIDTH:0.439999
G1 X76.582 Y27.6 E.7474
G1 X76.582 Y30.677 E.08303
G1 X55.496 Y30.677 E.569
G1 X55.095 Y30.833 E.01161
G1 X54.9 Y30.996 E.00686
G1 X54.683 Y31.367 E.0116
G1 X54.635 Y31.672 E.00833
G1 X54.635 Y42.834 E.3012
G1 X54.748 Y43.166 E.00946
G1 X54.88 Y43.36 E.00633
G1 X55.077 Y43.533 E.00707
G1 X55.335 Y43.655 E.0077
G1 X55.629 Y43.7 E.00803
G1 X76.582 Y43.7 E.56541
G1 X76.582 Y47.577 E.10462
G1 X32.511 Y47.577 E1.18925
G1 X32.511 Y46.1 E.03986
G1 X48.192 Y46.1 E.42315
G1 X48.531 Y45.983 E.00968
G1 X48.706 Y45.833 E.00622
G1 X48.471 Y45.514 F9000
G1 F3600
G1 X48.534 Y45.459 E.00226
G1 X48.629 Y45.271 E.00568
G1 X48.652 Y45.106 E.0045
G1 X48.652 Y29.072 E.43267
G1 X48.607 Y28.845 E.00624
G1 X48.417 Y28.601 E.00835
G1 X48.064 Y28.483 E.01004
G1 X32.105 Y28.483 E.43065
G1 X32.105 Y27.194 E.03478
G1 X76.988 Y27.194 E1.21116
G1 X76.988 Y31.083 E.10494
G1 X55.55 Y31.083 E.5785
G1 X55.313 Y31.175 E.00686
G1 X55.117 Y31.381 E.00767
G1 X55.041 Y31.672 E.00812
G1 X55.041 Y42.789 E.29999
G1 X55.186 Y43.093 E.00909
G1 X55.455 Y43.268 E.00866
G1 X55.629 Y43.294 E.00475
G1 X76.988 Y43.294 E.57637
G1 X76.988 Y47.983 E.12653
G1 X32.105 Y47.983 E1.21116
G1 X32.105 Y45.694 E.06177
G1 X48.064 Y45.694 E.43065
G1 X48.341 Y45.625 E.0077
G1 X48.425 Y45.553 E.00299
G1 X48.189 Y45.236 F9000
;TYPE:External perimeter
;WIDTH:0.419999
G1 F1800
G1 X48.218 Y45.222 E.00083
G1 X48.256 Y45.106 E.00313
G1 X48.256 Y29.072 E.41134
G1 X48.179 Y28.917 E.00444
G1 X48.064 Y28.879 E.00311
G1 X31.709 Y28.879 E.41958
G1 X31.709 Y26.799 E.05336
G1 X77.384 Y26.799 E1.17177
G1 X77.384 Y31.479 E.12006
G1 X55.629 Y31.479 E.55811
G1 X55.488 Y31.541 E.00395
G1 X55.436 Y31.672 E.00362
G1 X55.436 Y42.706 E.28307
G1 X55.484 Y42.833 E.00348
G1 X55.629 Y42.899 E.00409
G1 X77.384 Y42.899 E.55811
G1 X77.384 Y48.379 E.14059
G1 X31.709 Y48.379 E1.17177
G1 X31.709 Y45.299 E.07902
G1 X48.064 Y45.299 E.41958
G1 X48.136 Y45.263 E.00207
G1 E-3.5 F3600
;WIPE_START
G1 F7200
G1 X48.189 Y45.236 E-.02825
G1 X48.218 Y45.222 E-.0153
G1 X48.256 Y45.106 E-.05798
G1 X48.256 Y42.162 E-1.39847
;WIPE_END
G1 X32.823 Y47.265 F9000
G1 E5 F2400
;TYPE:Solid infill
;WIDTH:0.439999
G1 F3600
G1 X32.823 Y46.412 E.02302
G1 X48.215 Y46.412 E.41535
G1 X48.646 Y46.271 E.01224
G1 X49.078 Y45.92 E.01502
G1 X49.304 Y45.504 E.01278
G1 X49.368 Y45.128 E.01029
G1 X49.37 Y44.712 E.01123
G1 X51.923 Y47.265 E.09743
G1 X33.026 Y47.265 E.50993
G1 X33.249 Y46.839 E.01298
;WIDTH:0.481302
G1 X48.06 Y46.839 E.44037
;WIDTH:0.507618
G1 X48.564 Y46.835 E.01587
;WIDTH:0.488885
G1 X49.093 Y46.859 E.01601
;WIDTH:0.439999
G1 X50.944 Y46.859 E.04995
G1 X49.691 Y45.607 E.0478
G1 X49.44 Y46.121 E.01544
G1 X48.976 Y46.542 E.01691
;WIDTH:0.465075
G1 X48.716 Y46.667 E.00827
;WIDTH:0.49015
G1 X48.457 Y46.792 E.00872
;WIDTH:0.507618
G1 X48.362 Y46.826 E.00318
G1 X49.801 Y46.33 F9000
;WIDTH:0.560834
G1 F3600
G1 X49.755 Y46.376 E.00228
G1 X49.772 Y46.44 E.00232
G1 X49.835 Y46.457 E.00229
G1 X49.882 Y46.41 E.00233
G1 X49.865 Y46.347 E.00229
G1 E-3.5
;WIPE_START
G1 F7200
G1 X49.882 Y46.41 E-.031
G1 X49.835 Y46.457 E-.03157
G1 X49.772 Y46.44 E-.031
G1 X49.755 Y46.376 E-.03145
G1 X49.801 Y46.33 E-.0309
;WIPE_END
G1 E-1.34408 F3600
G1 X49.37 Y44.139 F9000
G1 E5 F2400
;WIDTH:0.439999
G1 F3600
G1 X52.497 Y47.265 E.11931
G1 X53.07 Y47.265 E.01546
G1 X49.37 Y43.565 E.1412
G1 X49.37 Y42.991 E.01549
G1 X53.644 Y47.265 E.16311
G1 X54.218 Y47.265 E.01549
G1 X49.37 Y42.418 E.18499
G1 X49.37 Y41.844 E.01549
G1 X54.791 Y47.265 E.20688
G1 X55.365 Y47.265 E.01549
G1 X49.37 Y41.27 E.22878
G1 X49.37 Y40.696 E.01549
G1 X55.939 Y47.265 E.25069
G1 X56.512 Y47.265 E.01546
G1 X49.37 Y40.123 E.27256
G1 X49.37 Y39.549 E.01549
G1 X57.086 Y47.265 E.29446
G1 X57.66 Y47.265 E.01549
G1 X49.37 Y38.975 E.31637
G1 X49.37 Y38.402 E.01546
G1 X58.234 Y47.265 E.33825
G1 X58.392 Y47.309 E.00443
;WIDTH:0.407168
G1 X58.55 Y47.354 E.00407
;WIDTH:0.374336
G1 X58.561 Y47.395 E.00096
G1 X58.49 Y47.414 E.00166
G1 X58.509 Y47.343 E.00166
;WIDTH:0.439999
G1 X58.807 Y47.265 E.00831
G1 X55.543 Y44.001 E.12456
G1 X55.414 Y43.912 E.00423
;WIDTH:0.407168
G1 X55.286 Y43.823 E.00387
;WIDTH:0.374336
G1 X55.297 Y43.864 E.00096
G1 X55.226 Y43.883 E.00166
G1 X55.245 Y43.812 E.00166
G1 X56.128 Y44.012 F9000
;WIDTH:0.439999
G1 F3600
G1 X59.381 Y47.265 E.12414
G1 X59.955 Y47.265 E.01549
G1 X56.702 Y44.012 E.12414
G1 X57.276 Y44.012 E.01549
G1 X60.528 Y47.265 E.12412
G1 X61.102 Y47.265 E.01549
G1 X57.849 Y44.012 E.12414
G1 X58.423 Y44.012 E.01549
G1 X61.676 Y47.265 E.12414
G1 X62.249 Y47.265 E.01546
G1 X58.997 Y44.012 E.12412
G1 X59.57 Y44.012 E.01546
G1 X62.823 Y47.265 E.12414
G1 X63.397 Y47.265 E.01549
G1 X60.144 Y44.012 E.12414
G1 X60.718 Y44.012 E.01549
G1 X63.97 Y47.265 E.12412
G1 X64.544 Y47.265 E.01549
G1 X61.292 Y44.012 E.12412
G1 X61.865 Y44.012 E.01546
G1 X65.118 Y47.265 E.12414
G1 X65.692 Y47.265 E.01549
G1 X62.439 Y44.012 E.12414
G1 X63.013 Y44.012 E.01549
G1 X66.265 Y47.265 E.12412
G1 X66.839 Y47.265 E.01549
G1 X63.586 Y44.012 E.12414
G1 X64.16 Y44.012 E.01549
G1 X67.413 Y47.265 E.12414
G1 X67.986 Y47.265 E.01546
G1 X64.734 Y44.012 E.12412
G1 X65.307 Y44.012 E.01546
G1 X68.56 Y47.265 E.12414
G1 X69.134 Y47.265 E.01549
G1 X65.881 Y44.012 E.12414
G1 X66.455 Y44.012 E.01549
G1 X69.707 Y47.265 E.12412
G1 X70.281 Y47.265 E.01549
G1 X67.028 Y44.012 E.12414
G1 X67.602 Y44.012 E.01549
G1 X70.855 Y47.265 E.12414
G1 X71.428 Y47.265 E.01546
G1 X68.176 Y44.012 E.12412
G1 X68.75 Y44.012 E.01549
G1 X72.002 Y47.265 E.12412
G1 X72.576 Y47.265 E.01549
G1 X69.323 Y44.012 E.12414
G1 X69.897 Y44.012 E.01549
G1 X73.15 Y47.265 E.12414
G1 X73.723 Y47.265 E.01546
G1 X70.471 Y44.012 E.12412
G1 X71.044 Y44.012 E.01546
G1 X74.297 Y47.265 E.12414
G1 X74.871 Y47.265 E.01549
G1 X71.618 Y44.012 E.12414
G1 X72.192 Y44.012 E.01549
G1 X75.444 Y47.265 E.12412
G1 X76.386 Y47.321 F9000
;WIDTH:0.374336
G1 F3600
G1 X76.397 Y47.362 E.00096
G1 X76.326 Y47.381 E.00166
G1 X76.345 Y47.31 E.00166
;WIDTH:0.407168
G1 X76.181 Y47.287 E.00411
;WIDTH:0.439999
G1 X76.018 Y47.265 E.00444
G1 X72.765 Y44.012 E.12414
G1 X73.339 Y44.012 E.01549
G1 X76.27 Y46.943 E.11185
G1 X76.27 Y46.37 E.01546
G1 X73.913 Y44.012 E.08997
G1 X74.486 Y44.012 E.01546
G1 X76.27 Y45.796 E.06808
G1 X75.386 Y44.232 F9000
;WIDTH:0.591492
G1 F3600
G1 X76.194 Y45.039 E.04232
G1 X76.194 Y44.088 E.03525
G1 X75.243 Y44.088 E.03525
G1 E-3.5
;WIPE_START
G1 F7200
G1 X76.194 Y44.088 E-.45173
G1 X76.194 Y45.039 E-.45173
G1 X75.386 Y44.232 E-.54244
;WIPE_END
G1 E-.0541 F3600
G1 X54.514 Y43.047 F9000
G1 E5 F2400
;WIDTH:0.374336
G1 F3600
G1 X54.525 Y43.088 E.00096
G1 X54.454 Y43.107 E.00166
G1 X54.473 Y43.036 E.00166
;WIDTH:0.407168
G1 X54.403 Y42.913 E.00351
;WIDTH:0.439999
G1 X54.332 Y42.79 E.00383
G1 X49.37 Y37.828 E.18936
G1 X49.37 Y37.254 E.01549
G1 X54.323 Y42.207 E.18902
G1 X54.323 Y41.633 E.01549
G1 X49.37 Y36.681 E.189
G1 X49.37 Y36.107 E.01549
G1 X54.323 Y41.06 E.18902
G1 X54.323 Y40.486 E.01549
G1 X49.37 Y35.533 E.18902
G1 X49.37 Y34.959 E.01549
G1 X54.323 Y39.912 E.18902
G1 X54.323 Y39.338 E.01549
G1 X49.37 Y34.386 E.189
G1 X49.37 Y33.812 E.01549
G1 X54.323 Y38.765 E.18902
G1 X54.323 Y38.191 E.01549
G1 X49.37 Y33.238 E.18902
G1 X49.37 Y32.665 E.01546
G1 X54.323 Y37.617 E.189
G1 X54.323 Y37.044 E.01546
G1 X49.37 Y32.091 E.18902
G1 X49.37 Y31.517 E.01549
G1 X54.323 Y36.47 E.18902
G1 X54.323 Y35.896 E.01549
G1 X49.37 Y30.944 E.189
G1 X49.37 Y30.37 E.01549
G1 X54.323 Y35.323 E.18902
G1 X54.323 Y34.749 E.01549
G1 X49.37 Y29.796 E.18902
G1 X49.37 Y29.223 E.01546
G1 X54.323 Y34.175 E.189
G1 X54.323 Y33.601 E.01549
G1 X49.219 Y28.498 E.19476
G1 X48.803 Y27.901 E.01964
;WIDTH:0.532204
G1 X48.759 Y27.945 E.00206
G1 X48.775 Y28.006 E.00209
G1 X48.835 Y28.022 E.00206
G1 X48.879 Y27.978 E.00206
G1 X48.863 Y27.918 E.00206
G1 X49.035 Y27.915 E.0057
;WIDTH:0.486102
G1 X49.207 Y27.912 E.00517
;WIDTH:0.439999
G1 X54.323 Y33.028 E.19524
G1 X54.323 Y32.454 E.01549
G1 X49.781 Y27.912 E.17333
G1 X50.355 Y27.912 E.01549
G1 X54.323 Y31.88 E.15143
G1 X54.371 Y31.355 E.01423
G1 X50.928 Y27.912 E.13139
G1 X51.502 Y27.912 E.01549
G1 X54.545 Y30.955 E.11613
G1 X54.821 Y30.657 E.01096
G1 X52.076 Y27.912 E.10476
G1 X52.65 Y27.912 E.01549
G1 X55.187 Y30.45 E.09684
G1 E-3.5
;WIPE_START
G1 F7200
G1 X52.954 Y28.217 E-1.5
;WIPE_END
G1 X53.367 Y28.056 F9000
G1 E5 F2400
G1 F3600
G1 X55.617 Y30.306 E.08587
G1 X55.653 Y30.365 E.00187
G1 X76.27 Y30.365 E.55635
G1 X76.27 Y27.912 E.06619
G1 X53.223 Y27.912 E.62192
G1 X54.203 Y28.318 F9000
G1 F3600
G1 X75.864 Y28.318 E.58452
G1 X75.864 Y29.959 E.04428
G1 X55.844 Y29.959 E.54024
G1 X54.346 Y28.462 E.05715
G1 X55.182 Y28.724 F9000
G1 F3600
G1 X75.459 Y28.724 E.54717
G1 X75.459 Y29.554 E.0224
G1 X56.012 Y29.554 E.52477
G1 X55.325 Y28.867 E.02622
G1 X56.184 Y29.139 F9000
;WIDTH:0.45865
G1 F3600
G1 X75.044 Y29.139 E.53233
;LAYER_CHANGE
;Z:0.68
;HEIGHT:0.16
;BEFORE_LAYER_CHANGE
G92 E0
;0.68


G1 E-3.5 F3600
;WIPE_START
G1 F7200
G1 X71.886 Y29.139 E-1.5
;WIPE_END
G1 Z.68 F9000
;AFTER_LAYER_CHANGE
;0.68
G1 X54.931 Y30.97
G1 E5 F2400
;TYPE:Perimeter
;WIDTH:0.439999
G1 F3600
G1 X54.9 Y30.996 E.00109
G1 X54.683 Y31.367 E.0116
G1 X54.635 Y31.672 E.00833
G1 X54.635 Y42.834 E.3012
G1 X54.748 Y43.166 E.00946
G1 X54.88 Y43.36 E.00633
G1 X55.077 Y43.533 E.00707
G1 X55.335 Y43.655 E.0077
G1 X55.629 Y43.7 E.00803
G1 X76.909 Y43.7 E.57424
G1 X76.909 Y47.577 E.10462
G1 X32.184 Y47.577 E1.2069
G1 X32.184 Y46.1 E.03986
G1 X48.192 Y46.1 E.43197
G1 X48.531 Y45.983 E.00968
G1 X48.859 Y45.702 E.01165
G1 X49.018 Y45.384 E.00959
G1 X49.058 Y45.106 E.00758
G1 X49.058 Y29.072 E.43267
G1 X48.981 Y28.689 E.01054
G1 X48.66 Y28.276 E.01412
;WIDTH:0.475842
G1 X48.064 Y28.059 E.01863
G1 X32.202 Y28.059 E.46585
G1 X32.202 Y27.618 E.01295
G1 X48.064 Y27.618 E.46585
G1 X48.885 Y27.6 E.02412
;WIDTH:0.439999
G1 X76.909 Y27.6 E.75622
G1 X76.909 Y30.677 E.08303
G1 X55.496 Y30.677 E.57783
G1 X55.095 Y30.833 E.01161
G1 X54.977 Y30.932 E.00416
G1 X55.225 Y31.268 F9000
G1 F3600
G1 X55.117 Y31.381 E.00422
G1 X55.041 Y31.672 E.00812
G1 X55.041 Y42.789 E.29999
G1 X55.186 Y43.093 E.00909
G1 X55.455 Y43.268 E.00866
G1 X55.629 Y43.294 E.00475
G1 X77.315 Y43.294 E.58519
G1 X77.315 Y47.983 E.12653
G1 X31.778 Y47.983 E1.22881
G1 X31.778 Y45.694 E.06177
G1 X48.064 Y45.694 E.43947
G1 X48.341 Y45.625 E.0077
G1 X48.534 Y45.459 E.00687
G1 X48.629 Y45.271 E.00568
G1 X48.652 Y45.106 E.0045
G1 X48.652 Y29.072 E.43267
G1 X48.607 Y28.845 E.00624
G1 X48.417 Y28.601 E.00835
G1 X48.064 Y28.483 E.01004
G1 X31.778 Y28.483 E.43947
G1 X31.778 Y27.194 E.03478
G1 X77.315 Y27.194 E1.22881
G1 X77.315 Y31.083 E.10494
G1 X55.55 Y31.083 E.58732
G1 X55.313 Y31.175 E.00686
G1 X55.267 Y31.224 E.00181
G1 X55.5 Y31.535 F9000
;TYPE:External perimeter
;WIDTH:0.419999
G1 F1800
G1 X55.488 Y31.541 E.00034
G1 X55.436 Y31.672 E.00362
G1 X55.436 Y42.706 E.28307
G1 X55.484 Y42.833 E.00348
G1 X55.629 Y42.899 E.00409
G1 X77.71 Y42.899 E.56647
G1 X77.71 Y48.379 E.14059
G1 X31.383 Y48.379 E1.18849
G1 X31.383 Y45.299 E.07902
G1 X48.064 Y45.299 E.42794
G1 X48.218 Y45.222 E.00442
G1 X48.256 Y45.106 E.00313
G1 X48.256 Y29.072 E.41134
G1 X48.179 Y28.917 E.00444
G1 X48.064 Y28.879 E.00311
G1 X31.383 Y28.879 E.42794
G1 X31.383 Y26.799 E.05336
G1 X77.71 Y26.799 E1.18849
G1 X77.71 Y31.479 E.12006
G1 X55.629 Y31.479 E.56647
G1 X55.555 Y31.511 E.00207
G1 E-3.5 F3600
;WIPE_START
G1 F7200
G1 X55.5 Y31.535 E-.0285
G1 X55.488 Y31.541 E-.00637
G1 X55.436 Y31.672 E-.06695
G1 X55.436 Y34.616 E-1.39818
;WIPE_END
G1 X49.433 Y27.912 F9000
G1 E5 F2400
;TYPE:Solid infill
;WIDTH:0.439999
G1 F3600
G1 X49.056 Y28.289 E.01439
;WIDTH:0.472485
G1 X48.933 Y28.144 E.00554
;WIDTH:0.50497
G1 X48.81 Y27.998 E.00598
G1 X48.753 Y28.014 E.00185
G1 X48.712 Y27.972 E.00184
G1 X48.727 Y27.915 E.00185
G1 X48.784 Y27.9 E.00185
G1 X48.825 Y27.942 E.00184
G1 X49.285 Y28.634 F9000
;WIDTH:0.439999
G1 F3600
G1 X50.006 Y27.912 E.02753
;WIDTH:0.458654
G1 X49.626 Y27.777 E.01138
G1 X49.575 Y27.791 E.00149
G1 X49.537 Y27.753 E.00152
G1 X49.551 Y27.702 E.00149
G1 X49.602 Y27.688 E.00149
G1 X49.64 Y27.726 E.00152
G1 X50.58 Y27.912 F9000
;WIDTH:0.439999
G1 F3600
G1 X49.304 Y29.19 E.04873
;WIDTH:0.407168
G1 X49.238 Y29.258 E.00235
;WIDTH:0.374336
G1 X49.167 Y29.239 E.00166
G1 X49.186 Y29.31 E.00166
G1 X49.227 Y29.299 E.00096
;WIDTH:0.439999
G1 X49.37 Y29.696 E.01139
G1 X51.154 Y27.912 E.06808
G1 X51.728 Y27.912 E.01549
G1 X49.37 Y30.27 E.08999
G1 X49.37 Y30.844 E.01549
G1 X52.301 Y27.912 E.11187
G1 X52.875 Y27.912 E.01549
G1 X49.37 Y31.417 E.13376
G1 X49.37 Y31.991 E.01549
G1 X53.449 Y27.912 E.15566
G1 X54.022 Y27.912 E.01546
G1 X49.37 Y32.565 E.17755
G1 X49.37 Y33.138 E.01546
G1 X54.596 Y27.912 E.19944
G1 X55.17 Y27.912 E.01549
G1 X49.37 Y33.712 E.22134
G1 X49.37 Y34.286 E.01549
G1 X55.743 Y27.912 E.24323
G1 X56.317 Y27.912 E.01549
G1 X49.37 Y34.859 E.26511
G1 X49.37 Y35.433 E.01549
G1 X56.891 Y27.912 E.28702
G1 X57.464 Y27.912 E.01546
G1 X49.37 Y36.007 E.3089
G1 X49.331 Y36.145 E.00387
;WIDTH:0.407168
G1 X49.292 Y36.283 E.00356
;WIDTH:0.374336
G1 X49.221 Y36.264 E.00166
G1 X49.24 Y36.335 E.00166
G1 X49.281 Y36.324 E.00096
;WIDTH:0.439999
G1 X49.37 Y36.58 E.00731
G1 X54.329 Y31.621 E.18925
G1 X54.417 Y31.493 E.00419
;WIDTH:0.407168
G1 X54.505 Y31.364 E.00387
;WIDTH:0.374336
G1 X54.464 Y31.375 E.00096
G1 X54.445 Y31.304 E.00166
G1 X54.516 Y31.323 E.00166
G1 X54.323 Y32.202 F9000
;WIDTH:0.439999
G1 F3600
G1 X49.37 Y37.154 E.189
G1 X49.37 Y37.728 E.01549
G1 X54.323 Y32.775 E.18902
G1 X54.323 Y33.349 E.01549
G1 X49.37 Y38.302 E.18902
G1 X49.37 Y38.875 E.01546
G1 X54.323 Y33.923 E.189
G1 X54.323 Y34.496 E.01546
G1 X49.37 Y39.449 E.18902
G1 X49.37 Y40.023 E.01549
G1 X54.323 Y35.07 E.18902
G1 X54.323 Y35.644 E.01549
G1 X49.37 Y40.596 E.189
G1 X49.37 Y41.17 E.01549
G1 X54.323 Y36.217 E.18902
G1 X54.323 Y36.791 E.01549
G1 X49.37 Y41.744 E.18902
G1 X49.37 Y42.317 E.01546
G1 X54.323 Y37.365 E.189
G1 X54.323 Y37.938 E.01546
G1 X49.37 Y42.891 E.18902
G1 X49.37 Y43.465 E.01549
G1 X54.323 Y38.512 E.18902
G1 X54.323 Y39.086 E.01549
G1 X49.37 Y44.038 E.189
G1 X49.37 Y44.612 E.01549
G1 X54.323 Y39.66 E.189
G1 X54.323 Y40.233 E.01546
G1 X49.358 Y45.198 E.18948
G1 E-3.5
;WIPE_START
G1 F7200
G1 X51.591 Y42.965 E-1.5
;WIPE_END
G1 X47.57 Y46.412 F9000
G1 E5 F2400
G1 F3600
G1 X46.861 Y47.122 E.02708
G1 X46.858 Y47.265 E.00386
G1 X32.496 Y47.265 E.38756
G1 X32.496 Y46.412 E.02302
G1 X47.367 Y46.412 E.40129
G1 X47.619 Y47.373 F9000
;WIDTH:0.374336
G1 F3600
G1 X47.548 Y47.354 E.00166
G1 X47.567 Y47.425 E.00166
G1 X47.608 Y47.414 E.00096
;WIDTH:0.407168
G1 X47.449 Y47.339 E.00436
;WIDTH:0.439999
G1 X47.291 Y47.265 E.00471
G1 X48.151 Y46.405 E.03282
G1 X48.294 Y46.326 E.00441
;WIDTH:0.407168
G1 X48.438 Y46.247 E.00407
;WIDTH:0.374336
G1 X48.622 Y46.129 E.00494
G1 X47.865 Y47.265 F9000
;WIDTH:0.439999
G1 F3600
G1 X54.323 Y40.807 E.24645
G1 X54.323 Y41.381 E.01549
G1 X48.438 Y47.265 E.22457
G1 X49.012 Y47.265 E.01549
G1 X54.323 Y41.954 E.20268
G1 X54.323 Y42.528 E.01549
G1 X49.586 Y47.265 E.18077
G1 X50.159 Y47.265 E.01546
G1 X54.372 Y43.052 E.16078
G1 X54.558 Y43.44 E.01161
G1 X50.733 Y47.265 E.14597
G1 X51.307 Y47.265 E.01549
G1 X54.837 Y43.735 E.13471
G1 X55.207 Y43.938 E.01139
G1 X51.881 Y47.265 E.12695
G1 X52.454 Y47.265 E.01546
G1 X55.707 Y44.012 E.12414
G1 X56.281 Y44.012 E.01549
G1 X53.028 Y47.265 E.12414
G1 X53.602 Y47.265 E.01549
G1 X56.854 Y44.012 E.12412
G1 X57.428 Y44.012 E.01549
G1 X54.175 Y47.265 E.12414
G1 X54.749 Y47.265 E.01549
G1 X58.002 Y44.012 E.12414
G1 X58.575 Y44.012 E.01546
G1 X55.323 Y47.265 E.12412
G1 X55.896 Y47.265 E.01546
G1 X59.149 Y44.012 E.12414
G1 X59.723 Y44.012 E.01549
G1 X56.47 Y47.265 E.12414
G1 X57.044 Y47.265 E.01549
G1 X60.296 Y44.012 E.12412
G1 X60.87 Y44.012 E.01549
G1 X57.617 Y47.265 E.12414
G1 X58.191 Y47.265 E.01549
G1 X61.444 Y44.012 E.12414
G1 X62.017 Y44.012 E.01546
G1 X58.765 Y47.265 E.12412
G1 X59.339 Y47.265 E.01549
G1 X62.591 Y44.012 E.12412
G1 X63.165 Y44.012 E.01549
G1 X59.912 Y47.265 E.12414
G1 X60.486 Y47.265 E.01549
G1 X63.739 Y44.012 E.12414
G1 X64.312 Y44.012 E.01546
G1 X61.06 Y47.265 E.12412
G1 X61.633 Y47.265 E.01546
G1 X64.886 Y44.012 E.12414
G1 X65.46 Y44.012 E.01549
G1 X62.207 Y47.265 E.12414
G1 X62.781 Y47.265 E.01549
G1 X66.033 Y44.012 E.12412
G1 X66.607 Y44.012 E.01549
G1 X63.354 Y47.265 E.12414
G1 X63.928 Y47.265 E.01549
G1 X67.181 Y44.012 E.12414
G1 X67.754 Y44.012 E.01546
G1 X64.502 Y47.265 E.12412
G1 X65.075 Y47.265 E.01546
G1 X68.328 Y44.012 E.12414
G1 X68.902 Y44.012 E.01549
G1 X65.649 Y47.265 E.12414
G1 X66.223 Y47.265 E.01549
G1 X69.475 Y44.012 E.12412
G1 X70.049 Y44.012 E.01549
G1 X66.797 Y47.265 E.12412
G1 X67.37 Y47.265 E.01546
G1 X70.623 Y44.012 E.12414
G1 X71.197 Y44.012 E.01549
G1 X67.944 Y47.265 E.12414
G1 X68.518 Y47.265 E.01549
G1 X71.77 Y44.012 E.12412
G1 X72.344 Y44.012 E.01549
G1 X69.091 Y47.265 E.12414
G1 X69.665 Y47.265 E.01549
G1 X72.918 Y44.012 E.12414
G1 X73.491 Y44.012 E.01546
G1 X70.239 Y47.265 E.12412
G1 X70.812 Y47.265 E.01546
G1 X74.065 Y44.012 E.12414
G1 X74.639 Y44.012 E.01549
G1 X71.386 Y47.265 E.12414
G1 X71.96 Y47.265 E.01549
G1 X75.212 Y44.012 E.12412
G1 X75.786 Y44.012 E.01549
G1 X72.533 Y47.265 E.12414
G1 X73.107 Y47.265 E.01549
G1 X76.36 Y44.012 E.12414
G1 X76.597 Y44.349 E.01112
G1 X73.681 Y47.265 E.11128
G1 X74.255 Y47.265 E.01549
G1 X76.597 Y44.923 E.08938
G1 X76.597 Y45.497 E.01549
G1 X74.828 Y47.265 E.06749
G1 X74.771 Y47.346 E.00267
;WIDTH:0.407168
G1 X74.714 Y47.427 E.00246
;WIDTH:0.374336
G1 X74.642 Y47.408 E.00168
G1 X74.662 Y47.479 E.00167
G1 X74.703 Y47.468 E.00096
G1 X76.38 Y46.391 F9000
;WIDTH:0.587088
G1 F3600
G1 X75.58 Y47.191 E.0416
G1 X76.523 Y47.192 E.03467
G1 X76.523 Y46.248 E.03471
G1 E-3.5
;WIPE_START
G1 F7200
G1 X76.523 Y47.192 E-.4484
G1 X75.58 Y47.191 E-.44793
G1 X76.38 Y46.391 E-.5374
;WIPE_END
G1 E-.06627 F3600
G1 X58.038 Y27.912 F9000
G1 E5 F2400
;WIDTH:0.439999
G1 F3600
G1 X55.579 Y30.371 E.09384
G1 X55.457 Y30.438 E.00376
;WIDTH:0.407168
G1 X55.334 Y30.504 E.00346
;WIDTH:0.374336
G1 X55.263 Y30.485 E.00166
G1 X55.282 Y30.556 E.00166
G1 X55.323 Y30.545 E.00096
G1 X56.159 Y30.365 F9000
;WIDTH:0.439999
G1 F3600
G1 X58.612 Y27.912 E.09361
G1 X59 Y28.098 E.01161
G1 X56.733 Y30.365 E.08651
G1 X76.597 Y30.365 E.53603
G1 X76.597 Y27.912 E.06619
G1 X59.042 Y27.912 E.47372
G1 X59.354 Y28.318 E.01382
G1 X76.191 Y28.318 E.45434
G1 X76.191 Y29.959 E.04428
G1 X57.712 Y29.959 E.49865
G1 X59.21 Y28.462 E.05715
G1 X59.522 Y28.724 E.01099
G1 X75.785 Y28.724 E.43885
G1 X75.785 Y29.554 E.0224
G1 X58.692 Y29.554 E.46125
G1 X59.378 Y28.867 E.0262
G1 X59.694 Y29.139 E.01125
;WIDTH:0.458654
G1 X75.37 Y29.139 E.44247
G1 E-3.5
;WIPE_START
G1 F7200
G1 X72.212 Y29.139 E-1.5
;WIPE_END
G1 X46.541 Y46.839 F9000
G1 E5 F2400
;WIDTH:0.481302
G1 F3600
G1 X32.923 Y46.839 E.40489
;LAYER_CHANGE
;Z:0.84
;HEIGHT:0.16
;BEFORE_LAYER_CHANGE
G92 E0
;0.84


G1 E-3.5 F3600
;WIPE_START
G1 F7200
G1 X36.081 Y46.839 E-1.5
;WIPE_END
G1 Z.84 F9000
;AFTER_LAYER_CHANGE
;0.84
G1 X31.933 Y46.1
G1 E5 F2400
;TYPE:Perimeter
;WIDTH:0.439999
G1 F3600
G1 X48.192 Y46.1 E.43875
G1 X48.531 Y45.983 E.00968
G1 X48.859 Y45.702 E.01165
G1 X49.018 Y45.384 E.00959
G1 X49.058 Y45.106 E.00758
G1 X49.058 Y29.072 E.43267
G1 X48.981 Y28.689 E.01054
G1 X48.66 Y28.276 E.01412
;WIDTH:0.475842
G1 X48.064 Y28.059 E.01863
G1 X31.928 Y28.059 E.4739
G1 X31.928 Y27.618 E.01295
G1 X48.064 Y27.618 E.4739
G1 X48.885 Y27.6 E.02412
;WIDTH:0.439999
G1 X77.183 Y27.6 E.76362
G1 X77.183 Y30.677 E.08303
G1 X55.496 Y30.677 E.58522
G1 X55.095 Y30.833 E.01161
G1 X54.9 Y30.996 E.00686
G1 X54.683 Y31.367 E.0116
G1 X54.635 Y31.672 E.00833
G1 X54.635 Y42.834 E.3012
G1 X54.748 Y43.166 E.00946
G1 X54.88 Y43.36 E.00633
G1 X55.077 Y43.533 E.00707
G1 X55.335 Y43.655 E.0077
G1 X55.629 Y43.7 E.00803
G1 X77.183 Y43.7 E.58163
G1 X77.183 Y47.577 E.10462
G1 X31.91 Y47.577 E1.22168
G1 X31.91 Y46.136 E.03889
G1 X31.532 Y45.694 F9000
G1 F3600
G1 X48.064 Y45.694 E.44611
G1 X48.341 Y45.625 E.0077
G1 X48.534 Y45.459 E.00687
G1 X48.629 Y45.271 E.00568
G1 X48.652 Y45.106 E.0045
G1 X48.652 Y29.072 E.43267
G1 X48.607 Y28.845 E.00624
G1 X48.417 Y28.601 E.00835
G1 X48.064 Y28.483 E.01004
G1 X31.504 Y28.483 E.44687
G1 X31.504 Y27.194 E.03478
G1 X77.589 Y27.194 E1.2436
G1 X77.589 Y31.083 E.10494
G1 X55.55 Y31.083 E.59472
G1 X55.313 Y31.175 E.00686
G1 X55.117 Y31.381 E.00767
G1 X55.041 Y31.672 E.00812
G1 X55.041 Y42.789 E.29999
G1 X55.186 Y43.093 E.00909
G1 X55.455 Y43.268 E.00866
G1 X55.629 Y43.294 E.00475
G1 X77.589 Y43.294 E.59259
G1 X77.589 Y47.983 E.12653
G1 X31.504 Y47.983 E1.2436
G1 X31.504 Y45.727 E.06088
G1 X31.142 Y45.299 F9000
;TYPE:External perimeter
;WIDTH:0.419999
G1 F1800
G1 X48.064 Y45.299 E.43412
G1 X48.218 Y45.222 E.00442
G1 X48.256 Y45.106 E.00313
G1 X48.256 Y29.072 E.41134
G1 X48.179 Y28.917 E.00444
G1 X48.064 Y28.879 E.00311
G1 X31.108 Y28.879 E.435
G1 X31.108 Y26.799 E.05336
G1 X77.985 Y26.799 E1.2026
G1 X77.985 Y31.479 E.12006
G1 X55.629 Y31.479 E.57353
G1 X55.488 Y31.541 E.00395
G1 X55.436 Y31.672 E.00362
G1 X55.436 Y42.706 E.28307
G1 X55.484 Y42.833 E.00348
G1 X55.629 Y42.899 E.00409
G1 X77.985 Y42.899 E.57353
G1 X77.985 Y48.379 E.14059
G1 X31.108 Y48.379 E1.2026
G1 X31.108 Y45.325 E.07835
G1 E-3.5 F3600
;WIPE_START
G1 F7200
G1 X31.142 Y45.299 E-.02033
G1 X34.257 Y45.299 E-1.47967
;WIPE_END
G1 X32.222 Y47.265 F9000
G1 E5 F2400
;TYPE:Solid infill
;WIDTH:0.439999
G1 F3600
G1 X32.222 Y46.412 E.02302
G1 X48.215 Y46.412 E.43157
G1 X48.646 Y46.271 E.01224
G1 X49.078 Y45.92 E.01502
G1 X49.323 Y45.442 E.01449
G1 X49.37 Y44.74 E.01899
G1 X51.896 Y47.265 E.09638
G1 X32.425 Y47.265 E.52542
G1 X32.648 Y46.839 E.01298
;WIDTH:0.481302
G1 X48.06 Y46.839 E.45823
;WIDTH:0.507618
G1 X48.564 Y46.835 E.01587
;WIDTH:0.488885
G1 X49.093 Y46.859 E.01601
;WIDTH:0.439999
G1 X50.916 Y46.859 E.04919
G1 X49.685 Y45.628 E.04698
G1 X49.436 Y46.127 E.01505
G1 X48.976 Y46.542 E.01672
;WIDTH:0.465075
G1 X48.716 Y46.667 E.00827
;WIDTH:0.49015
G1 X48.457 Y46.792 E.00872
;WIDTH:0.507618
G1 X48.362 Y46.826 E.00318
G1 X49.789 Y46.337 F9000
;WIDTH:0.548386
G1 F3600
G1 X49.744 Y46.383 E.0022
G1 X49.761 Y46.445 E.0022
G1 X49.823 Y46.462 E.0022
G1 X49.868 Y46.416 E.0022
G1 X49.851 Y46.354 E.0022
G1 E-3.5
;WIPE_START
G1 F7200
G1 X49.868 Y46.416 E-.03054
G1 X49.823 Y46.462 E-.03057
G1 X49.761 Y46.445 E-.03054
G1 X49.744 Y46.383 E-.03054
G1 X49.789 Y46.337 E-.03057
;WIPE_END
G1 E-1.34724 F3600
G1 X49.37 Y44.166 F9000
G1 E5 F2400
;WIDTH:0.439999
G1 F3600
G1 X52.469 Y47.265 E.11826
G1 X53.043 Y47.265 E.01549
G1 X49.37 Y43.592 E.14017
G1 X49.37 Y43.018 E.01549
G1 X53.617 Y47.265 E.16208
G1 X54.19 Y47.265 E.01546
G1 X49.37 Y42.445 E.18394
G1 X49.37 Y41.871 E.01549
G1 X54.764 Y47.265 E.20585
G1 X55.338 Y47.265 E.01549
G1 X49.37 Y41.297 E.22775
G1 X49.37 Y40.724 E.01546
G1 X55.911 Y47.265 E.24962
G1 X56.485 Y47.265 E.01549
G1 X49.37 Y40.15 E.27152
G1 X49.37 Y39.576 E.01549
G1 X57.059 Y47.265 E.29343
G1 X57.633 Y47.265 E.01549
G1 X49.37 Y39.003 E.31532
G1 X49.37 Y38.429 E.01549
G1 X58.206 Y47.265 E.3372
G1 X58.344 Y47.304 E.00387
;WIDTH:0.407168
G1 X58.482 Y47.343 E.00356
;WIDTH:0.374336
G1 X58.463 Y47.414 E.00166
G1 X58.534 Y47.395 E.00166
G1 X58.523 Y47.354 E.00096
G1 E-3.5
;WIPE_START
G1 F7200
G1 X58.534 Y47.395 E-.02016
G1 X58.463 Y47.414 E-.03491
G1 X58.482 Y47.343 E-.03491
G1 X58.344 Y47.304 E-.06812
G1 X58.206 Y47.265 E-.06812
G1 X56.31 Y45.369 E-1.27378
;WIPE_END
G1 X54.522 Y43.078 F9000
G1 E5 F2400
G1 F3600
G1 X54.533 Y43.119 E.00096
G1 X54.462 Y43.138 E.00166
G1 X54.481 Y43.067 E.00166
;WIDTH:0.407168
G1 X54.409 Y42.944 E.00353
;WIDTH:0.439999
G1 X54.336 Y42.821 E.00386
G1 X49.37 Y37.855 E.18951
G1 X49.37 Y37.282 E.01546
G1 X54.323 Y42.234 E.189
G1 X54.323 Y41.66 E.01549
G1 X49.37 Y36.708 E.189
G1 X49.37 Y36.134 E.01549
G1 X54.323 Y41.087 E.18902
G1 X54.323 Y40.513 E.01549
G1 X49.37 Y35.56 E.18902
G1 X49.37 Y34.987 E.01546
G1 X54.323 Y39.939 E.189
G1 X54.323 Y39.366 E.01546
G1 X49.37 Y34.413 E.18902
G1 X49.37 Y33.839 E.01549
G1 X54.323 Y38.792 E.18902
G1 X54.323 Y38.218 E.01549
G1 X49.37 Y33.266 E.189
G1 X49.37 Y32.692 E.01549
G1 X54.323 Y37.645 E.18902
G1 X54.323 Y37.071 E.01549
G1 X49.37 Y32.118 E.18902
G1 X49.37 Y31.545 E.01546
G1 X54.323 Y36.497 E.189
G1 X54.323 Y35.924 E.01546
G1 X49.37 Y30.971 E.18902
G1 X49.37 Y30.397 E.01549
G1 X54.323 Y35.35 E.18902
G1 X54.323 Y34.776 E.01549
G1 X49.37 Y29.824 E.189
G1 X49.37 Y29.25 E.01549
G1 X54.323 Y34.202 E.189
G1 X54.323 Y33.629 E.01546
G1 X49.274 Y28.58 E.19268
G1 X48.798 Y27.901 F9000
;WIDTH:0.529974
G1 F3600
G1 X48.754 Y27.945 E.00205
G1 X48.77 Y28.004 E.00202
G1 X48.83 Y28.021 E.00206
G1 X48.873 Y27.977 E.00203
G1 X48.857 Y27.917 E.00205
G1 X49.019 Y27.915 E.00534
;WIDTH:0.484987
G1 X49.18 Y27.912 E.00483
;WIDTH:0.439999
G1 X54.323 Y33.055 E.19627
G1 X54.323 Y32.481 E.01549
G1 X49.754 Y27.912 E.17436
G1 X50.328 Y27.912 E.01549
G1 X54.323 Y31.908 E.15248
G1 X54.367 Y31.379 E.01432
G1 X50.901 Y27.912 E.13229
G1 X51.475 Y27.912 E.01549
G1 X54.533 Y30.971 E.11672
G1 X54.806 Y30.67 E.01097
G1 X52.049 Y27.912 E.10523
G1 X52.622 Y27.912 E.01546
G1 X55.168 Y30.458 E.09716
G1 E-3.5
;WIPE_START
G1 F7200
G1 X52.935 Y28.225 E-1.5
;WIPE_END
G1 X53.339 Y28.056 F9000
G1 E5 F2400
G1 F3600
G1 X55.636 Y30.364 E.08787
G1 X76.871 Y30.365 E.57302
G1 X76.871 Y27.912 E.06619
G1 X53.196 Y27.912 E.63887
G1 X54.175 Y28.318 F9000
G1 F3600
G1 X76.465 Y28.318 E.60149
G1 X76.465 Y29.959 E.04428
G1 X55.817 Y29.959 E.55718
G1 X54.319 Y28.462 E.05715
G1 X55.155 Y28.724 F9000
G1 F3600
G1 X76.06 Y28.724 E.56412
G1 X76.06 Y29.554 E.0224
G1 X55.985 Y29.554 E.54172
G1 X55.298 Y28.867 E.02622
G1 X56.157 Y29.139 F9000
;WIDTH:0.45865
G1 F3600
G1 X75.645 Y29.139 E.55006
G1 E-3.5
;WIPE_START
G1 F7200
G1 X72.487 Y29.139 E-1.5
;WIPE_END
G1 X58.78 Y47.265 F9000
G1 E5 F2400
;WIDTH:0.439999
G1 F3600
G1 X55.511 Y43.996 E.12475
G1 X55.367 Y43.919 E.00441
;WIDTH:0.407168
G1 X55.224 Y43.842 E.00403
;WIDTH:0.374336
G1 X54.788 Y43.489 E.01269
G1 X56.101 Y44.012 F9000
;WIDTH:0.439999
G1 F3600
G1 X59.354 Y47.265 E.12414
G1 X59.927 Y47.265 E.01546
G1 X56.675 Y44.012 E.12412
G1 X57.248 Y44.012 E.01546
G1 X60.501 Y47.265 E.12414
G1 X61.075 Y47.265 E.01549
G1 X57.822 Y44.012 E.12414
G1 X58.396 Y44.012 E.01549
G1 X61.648 Y47.265 E.12412
G1 X62.222 Y47.265 E.01549
G1 X58.969 Y44.012 E.12414
G1 X59.543 Y44.012 E.01549
G1 X62.796 Y47.265 E.12414
G1 X63.37 Y47.265 E.01549
G1 X60.117 Y44.012 E.12414
G1 X60.691 Y44.012 E.01549
G1 X63.943 Y47.265 E.12412
G1 X64.517 Y47.265 E.01549
G1 X61.264 Y44.012 E.12414
G1 X61.838 Y44.012 E.01549
G1 X65.091 Y47.265 E.12414
G1 X65.664 Y47.265 E.01546
G1 X62.412 Y44.012 E.12412
G1 X62.985 Y44.012 E.01546
G1 X66.238 Y47.265 E.12414
G1 X66.812 Y47.265 E.01549
G1 X63.559 Y44.012 E.12414
G1 X64.133 Y44.012 E.01549
G1 X67.385 Y47.265 E.12412
G1 X67.959 Y47.265 E.01549
G1 X64.706 Y44.012 E.12414
G1 X65.28 Y44.012 E.01549
G1 X68.533 Y47.265 E.12414
G1 X69.106 Y47.265 E.01546
G1 X65.854 Y44.012 E.12412
G1 X66.428 Y44.012 E.01549
G1 X69.68 Y47.265 E.12412
G1 X70.254 Y47.265 E.01549
G1 X67.001 Y44.012 E.12414
G1 X67.575 Y44.012 E.01549
G1 X70.828 Y47.265 E.12414
G1 X71.401 Y47.265 E.01546
G1 X68.149 Y44.012 E.12412
G1 X68.722 Y44.012 E.01546
G1 X71.975 Y47.265 E.12414
G1 X72.549 Y47.265 E.01549
G1 X69.296 Y44.012 E.12414
G1 X69.87 Y44.012 E.01549
G1 X73.122 Y47.265 E.12412
G1 X73.696 Y47.265 E.01549
G1 X70.443 Y44.012 E.12414
G1 X71.017 Y44.012 E.01549
G1 X74.27 Y47.265 E.12414
G1 X74.843 Y47.265 E.01546
G1 X71.591 Y44.012 E.12412
G1 X72.164 Y44.012 E.01546
G1 X75.417 Y47.265 E.12414
G1 X75.991 Y47.265 E.01549
G1 X72.738 Y44.012 E.12414
G1 X73.312 Y44.012 E.01549
G1 X76.564 Y47.265 E.12412
G1 X76.754 Y47.287 E.00516
;WIDTH:0.407168
G1 X76.944 Y47.309 E.00474
;WIDTH:0.374336
G1 X76.925 Y47.38 E.00166
G1 X76.996 Y47.361 E.00166
G1 X76.985 Y47.32 E.00096
;WIDTH:0.439999
G1 X76.871 Y46.998 E.00922
G1 X73.886 Y44.012 E.11393
G1 X74.459 Y44.012 E.01546
G1 X76.871 Y46.424 E.09205
G1 X77.074 Y45.976 E.01327
;WIDTH:0.374336
G1 X77.085 Y46.017 E.00096
G1 X77.014 Y46.036 E.00166
G1 X77.033 Y45.965 E.00166
;WIDTH:0.407168
G1 X76.952 Y45.908 E.00246
;WIDTH:0.439999
G1 X76.871 Y45.85 E.00269
G1 X75.033 Y44.012 E.07014
G1 X76.871 Y44.012 E.0496
G1 X76.871 Y45.277 E.03414
G1 X75.75 Y44.156 E.04278
;LAYER_CHANGE
;Z:1
;HEIGHT:0.16
;BEFORE_LAYER_CHANGE
G92 E0
;1


G1 E-3.5 F3600
;WIPE_START
G1 F7200
G1 X76.871 Y45.277 E-.75303
G1 X76.871 Y44.012 E-.60088
G1 X76.563 Y44.012 E-.14609
;WIPE_END
G1 Z1 F9000
;AFTER_LAYER_CHANGE
;1
G1 X54.931 Y43.405
G1 E5 F2400
;TYPE:Perimeter
G1 F3056
G1 X55.077 Y43.533 E.00524
G1 X55.335 Y43.655 E.0077
G1 X55.629 Y43.7 E.00803
G1 X77.423 Y43.7 E.58811
G1 X77.423 Y47.577 E.10462
G1 X31.67 Y47.577 E1.23464
G1 X31.67 Y46.1 E.03986
G1 X48.192 Y46.1 E.44584
G1 X48.531 Y45.983 E.00968
G1 X48.859 Y45.702 E.01165
G1 X49.018 Y45.384 E.00959
G1 X49.058 Y45.106 E.00758
G1 X49.058 Y29.072 E.43267
G1 X48.981 Y28.689 E.01054
G1 X48.66 Y28.276 E.01412
;WIDTH:0.475842
G1 X48.064 Y28.059 E.01863
G1 X31.688 Y28.059 E.48095
G1 X31.688 Y27.618 E.01295
G1 X48.064 Y27.618 E.48095
G1 X48.885 Y27.6 E.02412
;WIDTH:0.439999
G1 X77.423 Y27.6 E.77009
G1 X77.423 Y30.677 E.08303
G1 X55.496 Y30.677 E.5917
G1 X55.095 Y30.833 E.01161
G1 X54.9 Y30.996 E.00686
G1 X54.683 Y31.367 E.0116
G1 X54.635 Y31.672 E.00833
G1 X54.635 Y42.834 E.3012
G1 X54.748 Y43.166 E.00946
G1 X54.88 Y43.36 E.00633
G1 X54.886 Y43.365 E.00021
G1 X55.222 Y43.117 F9000
G1 F3056
G1 X55.455 Y43.268 E.00749
G1 X55.629 Y43.294 E.00475
G1 X77.829 Y43.294 E.59906
G1 X77.829 Y47.983 E.12653
G1 X31.264 Y47.983 E1.25655
G1 X31.264 Y45.694 E.06177
G1 X48.064 Y45.694 E.45334
G1 X48.341 Y45.625 E.0077
G1 X48.534 Y45.459 E.00687
G1 X48.629 Y45.271 E.00568
G1 X48.652 Y45.106 E.0045
G1 X48.652 Y29.072 E.43267
G1 X48.607 Y28.845 E.00624
G1 X48.417 Y28.601 E.00835
G1 X48.064 Y28.483 E.01004
G1 X31.264 Y28.483 E.45334
G1 X31.264 Y27.194 E.03478
G1 X77.829 Y27.194 E1.25655
G1 X77.829 Y31.083 E.10494
G1 X55.55 Y31.083 E.60119
G1 X55.313 Y31.175 E.00686
G1 X55.117 Y31.381 E.00767
G1 X55.041 Y31.672 E.00812
G1 X55.041 Y42.789 E.29999
G1 X55.179 Y43.078 E.00864
G1 X55.501 Y42.84 F9000
;TYPE:External perimeter
;WIDTH:0.419999
G1 F1800
G1 X55.629 Y42.899 E.00362
G1 X78.224 Y42.899 E.57966
G1 X78.224 Y48.379 E.14059
G1 X30.869 Y48.379 E1.21486
G1 X30.869 Y45.299 E.07902
G1 X48.064 Y45.299 E.44113
G1 X48.218 Y45.222 E.00442
G1 X48.256 Y45.106 E.00313
G1 X48.256 Y29.072 E.41134
G1 X48.179 Y28.917 E.00444
G1 X48.064 Y28.879 E.00311
G1 X30.869 Y28.879 E.44113
G1 X30.869 Y26.799 E.05336
G1 X78.224 Y26.799 E1.21486
G1 X78.224 Y31.479 E.12006
G1 X55.629 Y31.479 E.57966
G1 X55.488 Y31.541 E.00395
G1 X55.436 Y31.672 E.00362
G1 X55.436 Y42.706 E.28307
G1 X55.469 Y42.794 E.00241
G1 X54.323 Y42.462 F9000
;TYPE:Internal infill
;WIDTH:0.44
G1 F3056
G1 X54.361 Y43.022 E.01515
G1 X54.645 Y43.566 E.01656
G1 X54.904 Y43.794 E.00931
G1 X55.242 Y43.955 E.0101
G1 X55.772 Y44.012 E.01438
G1 X52.519 Y47.265 E.12414
G1 X48.924 Y47.265 E.09701
G1 X48.071 Y46.412 E.03255
G1 X45.723 Y46.412 E.06336
G1 X44.87 Y47.265 E.03255
G1 X41.275 Y47.265 E.09701
G1 X40.422 Y46.412 E.03255
G1 X38.073 Y46.412 E.06339
G1 X37.221 Y47.265 E.03253
G1 X33.626 Y47.265 E.09701
G1 X32.773 Y46.412 E.03255
G1 X35.207 Y46.412 E.06568
G1 E-3.5 F3600
;WIPE_START
G1 F7200
G1 X32.773 Y46.412 E-1.15615
G1 X33.285 Y46.924 E-.34385
;WIPE_END
G1 X49.37 Y30.275 F9000
G1 E5 F2400
G1 F3056
G1 X49.37 Y29.061 E.03276
G1 X49.271 Y28.564 E.01367
G1 X48.824 Y28.013 E.01915
G1 X48.924 Y27.912 E.00384
G1 X52.519 Y27.912 E.09701
G1 X55.098 Y30.491 E.09842
G1 X54.67 Y30.783 E.01398
G1 X54.384 Y31.273 E.01531
G1 X54.323 Y31.663 E.01065
G1 X54.323 Y32.609 E.02553
G1 E-3.5 F3600
;WIPE_START
G1 F7200
G1 X54.323 Y31.663 E-.44935
G1 X54.384 Y31.273 E-.1875
G1 X54.67 Y30.783 E-.2695
G1 X55.098 Y30.491 E-.24611
G1 X54.581 Y29.974 E-.34754
;WIPE_END
G1 X76.908 Y27.912 F9000
G1 E5 F2400
;TYPE:Solid infill
;WIDTH:0.439999
G1 F3056
G1 X76.189 Y27.912 E.0194
G1 X76.189 Y30.365 E.06619
G1 X77.111 Y30.365 E.02488
G1 X77.111 Y27.912 E.06619
G1 X76.65 Y28.373 E.01759
;WIDTH:0.550024
G1 X76.65 Y29.904 E.05252
G1 X75.486 Y30.365 F9000
;TYPE:Internal infill
;WIDTH:0.44
G1 F3056
G1 X75.784 Y30.365 E.00804
G1 X75.784 Y28.229 E.05764
G1 X75.467 Y27.912 E.0121
G1 X71.872 Y27.912 E.09701
G1 X69.419 Y30.365 E.09361
G1 X70.271 Y30.365 E.02299
G1 X67.818 Y27.912 E.09361
G1 X64.223 Y27.912 E.09701
G1 X61.77 Y30.365 E.09361
G1 X62.621 Y30.365 E.02296
G1 X60.169 Y27.912 E.09359
G1 X56.573 Y27.912 E.09704
G1 X49.37 Y35.116 E.2749
G1 X49.37 Y32.412 E.07297
G1 X54.323 Y37.365 E.18902
G1 X54.323 Y37.812 E.01206
G1 X49.37 Y42.765 E.18902
G1 X49.37 Y40.062 E.07294
G1 X56.573 Y47.265 E.27488
G1 X60.169 Y47.265 E.09704
G1 X63.421 Y44.012 E.12412
G1 X60.97 Y44.012 E.06614
G1 X64.223 Y47.265 E.12414
G1 X67.818 Y47.265 E.09701
G1 X71.071 Y44.012 E.12414
G1 X68.619 Y44.012 E.06617
G1 X71.872 Y47.265 E.12414
G1 X75.467 Y47.265 E.09701
G1 X75.784 Y46.949 E.01208
G1 X75.784 Y44.515 E.06568
G1 X76.908 Y44.012 F9000
;TYPE:Solid infill
;WIDTH:0.439999
G1 F3056
G1 X76.189 Y44.012 E.0194
G1 X76.189 Y47.265 E.08778
G1 X77.111 Y47.265 E.02488
G1 X77.111 Y44.012 E.08778
G1 X76.65 Y44.473 E.01759
;WIDTH:0.550024
G1 X76.65 Y46.804 E.07996
;LAYER_CHANGE
;Z:1.16
;HEIGHT:0.16
;BEFORE_LAYER_CHANGE
G92 E0
;1.16


G1 E-3.5 F3600
;WIPE_START
G1 F7200
G1 X76.65 Y44.473 E-1.10723
G1 X77.111 Y44.012 E-.30968
G1 X77.111 Y44.187 E-.08309
;WIPE_END
G1 Z1.16 F9000
;AFTER_LAYER_CHANGE
;1.16
G1 X77.636 Y47.577
G1 E5 F2400
;TYPE:Perimeter
;WIDTH:0.439999
G1 F3223
G1 X31.456 Y47.577 E1.24616
G1 X31.456 Y46.1 E.03986
G1 X48.192 Y46.1 E.45162
G1 X48.531 Y45.983 E.00968
G1 X48.859 Y45.702 E.01165
G1 X49.018 Y45.384 E.00959
G1 X49.058 Y45.106 E.00758
G1 X49.058 Y29.072 E.43267
G1 X48.981 Y28.689 E.01054
G1 X48.66 Y28.276 E.01412
;WIDTH:0.475842
G1 X48.064 Y28.059 E.01863
G1 X31.474 Y28.059 E.48723
G1 X31.474 Y27.618 E.01295
G1 X48.064 Y27.618 E.48723
G1 X48.885 Y27.6 E.02412
;WIDTH:0.439999
G1 X77.636 Y27.6 E.77584
G1 X77.636 Y30.677 E.08303
G1 X55.496 Y30.677 E.59744
G1 X55.095 Y30.833 E.01161
G1 X54.9 Y30.996 E.00686
G1 X54.683 Y31.367 E.0116
G1 X54.635 Y31.672 E.00833
G1 X54.635 Y42.834 E.3012
G1 X54.748 Y43.166 E.00946
G1 X54.88 Y43.36 E.00633
G1 X55.077 Y43.533 E.00707
G1 X55.335 Y43.655 E.0077
G1 X55.629 Y43.7 E.00803
G1 X77.636 Y43.7 E.59385
G1 X77.636 Y47.517 E.103
G1 X78.042 Y47.983 F9000
G1 F3223
G1 X31.051 Y47.983 E1.26804
G1 X31.051 Y45.694 E.06177
G1 X48.064 Y45.694 E.45909
G1 X48.341 Y45.625 E.0077
G1 X48.534 Y45.459 E.00687
G1 X48.629 Y45.271 E.00568
G1 X48.652 Y45.106 E.0045
G1 X48.652 Y29.072 E.43267
G1 X48.607 Y28.845 E.00624
G1 X48.417 Y28.601 E.00835
G1 X48.064 Y28.483 E.01004
G1 X31.051 Y28.483 E.45909
G1 X31.051 Y27.194 E.03478
G1 X78.042 Y27.194 E1.26804
G1 X78.042 Y31.083 E.10494
G1 X55.55 Y31.083 E.60694
G1 X55.313 Y31.175 E.00686
G1 X55.117 Y31.381 E.00767
G1 X55.041 Y31.672 E.00812
G1 X55.041 Y42.789 E.29999
G1 X55.186 Y43.093 E.00909
G1 X55.455 Y43.268 E.00866
G1 X55.629 Y43.294 E.00475
G1 X78.042 Y43.294 E.60481
G1 X78.042 Y47.923 E.12491
G1 X78.438 Y48.379 F9000
;TYPE:External perimeter
;WIDTH:0.419999
G1 F1800
G1 X30.655 Y48.379 E1.22584
G1 X30.655 Y45.299 E.07902
G1 X48.064 Y45.299 E.44662
G1 X48.218 Y45.222 E.00442
G1 X48.256 Y45.106 E.00313
G1 X48.256 Y29.072 E.41134
G1 X48.179 Y28.917 E.00444
G1 X48.064 Y28.879 E.00311
G1 X30.655 Y28.879 E.44662
G1 X30.655 Y26.799 E.05336
G1 X78.438 Y26.799 E1.22584
G1 X78.438 Y31.479 E.12006
G1 X55.629 Y31.479 E.58515
G1 X55.488 Y31.541 E.00395
G1 X55.436 Y31.672 E.00362
G1 X55.436 Y42.706 E.28307
G1 X55.484 Y42.833 E.00348
G1 X55.629 Y42.899 E.00409
G1 X78.438 Y42.899 E.58515
G1 X78.438 Y48.319 E.13905
G1 E-3.5 F3600
;WIPE_START
G1 F7200
G1 X78.438 Y48.379 E-.0285
G1 X75.34 Y48.379 E-1.4715
;WIPE_END
G1 X76.957 Y44.379 F9000
G1 E5 F2400
;TYPE:Solid infill
;WIDTH:0.362402
G1 F3223
G1 X76.957 Y46.898 E.05497
;WIDTH:0.401201
G1 X76.875 Y47.082 E.00492
;WIDTH:0.439999
G1 X76.793 Y47.265 E.00541
G1 X77.324 Y47.265 E.01433
G1 X77.324 Y44.012 E.08778
G1 X76.59 Y44.012 E.01981
G1 X76.59 Y47.265 E.08778
G1 E-3.5 F3600
;WIPE_START
G1 F7200
G1 X76.59 Y44.108 E-1.5
;WIPE_END
G1 X76.185 Y44.114 F9000
G1 E5 F2400
;TYPE:Internal infill
;WIDTH:0.44
G1 F3223
G1 X76.185 Y46.548 E.06568
G1 X75.467 Y47.265 E.02738
G1 X71.872 Y47.265 E.09701
G1 X68.619 Y44.012 E.12414
G1 X71.071 Y44.012 E.06617
G1 X67.818 Y47.265 E.12414
G1 X64.223 Y47.265 E.09701
G1 X60.97 Y44.012 E.12414
G1 X63.421 Y44.012 E.06614
G1 X60.169 Y47.265 E.12412
G1 X56.573 Y47.265 E.09704
G1 X49.37 Y40.062 E.27488
G1 X49.37 Y42.765 E.07294
G1 X54.323 Y37.812 E.18902
G1 X54.323 Y37.365 E.01206
G1 X49.37 Y32.412 E.18902
G1 X49.37 Y35.116 E.07297
G1 X56.573 Y27.912 E.2749
G1 X60.169 Y27.912 E.09704
G1 X62.621 Y30.365 E.09359
G1 X61.77 Y30.365 E.02296
G1 X64.223 Y27.912 E.09361
G1 X67.818 Y27.912 E.09701
G1 X70.271 Y30.365 E.09361
G1 X69.419 Y30.365 E.02299
G1 X71.872 Y27.912 E.09361
G1 X75.467 Y27.912 E.09701
G1 X76.185 Y28.63 E.0274
G1 X76.185 Y30.365 E.04682
G1 X75.486 Y30.365 E.01886
G1 E-3.5 F3600
;WIPE_START
G1 F7200
G1 X76.185 Y30.365 E-.33202
G1 X76.185 Y28.63 E-.82413
G1 X75.673 Y28.118 E-.34385
;WIPE_END
G1 X76.957 Y28.279 F9000
G1 E5 F2400
;TYPE:Solid infill
;WIDTH:0.362402
G1 F3223
G1 X76.957 Y29.998 E.03751
;WIDTH:0.4012
G1 X76.875 Y30.182 E.00492
;WIDTH:0.439999
G1 X76.793 Y30.365 E.00541
G1 X77.324 Y30.365 E.01433
G1 X77.324 Y27.912 E.06619
G1 X76.59 Y27.912 E.01981
G1 X76.59 Y30.365 E.06619
G1 E-3.5 F3600
;WIPE_START
G1 F7200
G1 X76.59 Y27.912 E-1.16518
G1 X77.295 Y27.912 E-.33482
;WIPE_END
G1 X54.323 Y32.609 F9000
G1 E5 F2400
;TYPE:Internal infill
;WIDTH:0.44
G1 F3223
G1 X54.323 Y31.663 E.02553
G1 X54.384 Y31.273 E.01065
G1 X54.67 Y30.783 E.01531
G1 X55.098 Y30.491 E.01398
G1 X52.519 Y27.912 E.09842
G1 X48.924 Y27.912 E.09701
G1 X48.824 Y28.013 E.00384
G1 X49.271 Y28.564 E.01915
G1 X49.37 Y29.061 E.01367
G1 X49.37 Y30.275 E.03276
G1 E-3.5 F3600
;WIPE_START
G1 F7200
G1 X49.37 Y29.061 E-.57665
G1 X49.271 Y28.564 E-.24071
G1 X48.824 Y28.013 E-.33702
G1 X48.924 Y27.912 E-.06751
G1 X49.51 Y27.912 E-.27811
;WIPE_END
G1 X54.323 Y42.462 F9000
G1 E5 F2400
G1 F3223
G1 X54.361 Y43.022 E.01515
G1 X54.645 Y43.566 E.01656
G1 X54.904 Y43.794 E.00931
G1 X55.242 Y43.955 E.0101
G1 X55.772 Y44.012 E.01438
G1 X52.519 Y47.265 E.12414
G1 X48.924 Y47.265 E.09701
G1 X48.071 Y46.412 E.03255
G1 X45.723 Y46.412 E.06336
G1 X44.87 Y47.265 E.03255
G1 X41.275 Y47.265 E.09701
G1 X40.422 Y46.412 E.03255
G1 X38.073 Y46.412 E.06339
G1 X37.221 Y47.265 E.03253
G1 X33.626 Y47.265 E.09701
G1 X32.773 Y46.412 E.03255
G1 X35.207 Y46.412 E.06568
;LAYER_CHANGE
;Z:1.32
;HEIGHT:0.16
;BEFORE_LAYER_CHANGE
G92 E0
;1.32


G1 E-3.5 F3600
;WIPE_START
G1 F7200
G1 X32.773 Y46.412 E-1.15615
G1 X33.285 Y46.924 E-.34385
;WIPE_END
G1 Z1.32 F9000
;AFTER_LAYER_CHANGE
;1.32
G1 X31.264 Y46.1
G1 E5 F2400
;TYPE:Perimeter
;WIDTH:0.439999
G1 F3149
G1 X48.192 Y46.1 E.4568
G1 X48.531 Y45.983 E.00968
G1 X48.859 Y45.702 E.01165
G1 X49.018 Y45.384 E.00959
G1 X49.058 Y45.106 E.00758
G1 X49.058 Y29.072 E.43267
G1 X48.981 Y28.689 E.01054
G1 X48.66 Y28.276 E.01412
;WIDTH:0.475842
G1 X48.064 Y28.059 E.01863
G1 X31.282 Y28.059 E.49287
G1 X31.282 Y27.618 E.01295
G1 X48.064 Y27.618 E.49287
G1 X48.885 Y27.6 E.02412
;WIDTH:0.439999
G1 X77.829 Y27.6 E.78105
G1 X77.829 Y30.677 E.08303
G1 X55.496 Y30.677 E.60265
G1 X55.095 Y30.833 E.01161
G1 X54.9 Y30.996 E.00686
G1 X54.683 Y31.367 E.0116
G1 X54.635 Y31.672 E.00833
G1 X54.635 Y42.834 E.3012
G1 X54.748 Y43.166 E.00946
G1 X54.88 Y43.36 E.00633
G1 X55.077 Y43.533 E.00707
G1 X55.335 Y43.655 E.0077
G1 X55.629 Y43.7 E.00803
G1 X77.829 Y43.7 E.59906
G1 X77.829 Y47.577 E.10462
G1 X31.264 Y47.577 E1.25655
G1 X31.264 Y46.16 E.03824
G1 X30.859 Y45.694 F9000
G1 F3149
G1 X48.064 Y45.694 E.46427
G1 X48.341 Y45.625 E.0077
G1 X48.534 Y45.459 E.00687
G1 X48.629 Y45.271 E.00568
G1 X48.652 Y45.106 E.0045
G1 X48.652 Y29.072 E.43267
G1 X48.607 Y28.845 E.00624
G1 X48.417 Y28.601 E.00835
G1 X48.064 Y28.483 E.01004
G1 X30.859 Y28.483 E.46427
G1 X30.859 Y27.194 E.03478
G1 X78.234 Y27.194 E1.27841
G1 X78.234 Y31.083 E.10494
G1 X55.55 Y31.083 E.61212
G1 X55.313 Y31.175 E.00686
G1 X55.117 Y31.381 E.00767
G1 X55.041 Y31.672 E.00812
G1 X55.041 Y42.789 E.29999
G1 X55.186 Y43.093 E.00909
G1 X55.455 Y43.268 E.00866
G1 X55.629 Y43.294 E.00475
G1 X78.234 Y43.294 E.60999
G1 X78.234 Y47.983 E.12653
G1 X30.859 Y47.983 E1.27841
G1 X30.859 Y45.754 E.06015
G1 X30.463 Y45.299 F9000
;TYPE:External perimeter
;WIDTH:0.419999
G1 F1800
G1 X48.064 Y45.299 E.45154
G1 X48.218 Y45.222 E.00442
G1 X48.256 Y45.106 E.00313
G1 X48.256 Y29.072 E.41134
G1 X48.179 Y28.917 E.00444
G1 X48.064 Y28.879 E.00311
G1 X30.463 Y28.879 E.45154
G1 X30.463 Y26.799 E.05336
G1 X78.63 Y26.799 E1.2357
G1 X78.63 Y31.479 E.12006
G1 X55.629 Y31.479 E.59008
G1 X55.488 Y31.541 E.00395
G1 X55.436 Y31.672 E.00362
G1 X55.436 Y42.706 E.28307
G1 X55.484 Y42.833 E.00348
G1 X55.629 Y42.899 E.00409
G1 X78.63 Y42.899 E.59008
G1 X78.63 Y48.379 E.14059
G1 X30.463 Y48.379 E1.2357
G1 X30.463 Y45.359 E.07748
G1 E-3.5 F3600
;WIPE_START
G1 F7200
G1 X30.463 Y45.299 E-.0285
G1 X33.561 Y45.299 E-1.4715
;WIPE_END
G1 X35.207 Y46.412 F9000
G1 E5 F2400
;TYPE:Internal infill
;WIDTH:0.44
G1 F3149
G1 X32.773 Y46.412 E.06568
G1 X33.626 Y47.265 E.03255
G1 X37.221 Y47.265 E.09701
G1 X38.073 Y46.412 E.03253
G1 X40.422 Y46.412 E.06339
G1 X41.275 Y47.265 E.03255
G1 X44.87 Y47.265 E.09701
G1 X45.723 Y46.412 E.03255
G1 X48.071 Y46.412 E.06336
G1 X48.924 Y47.265 E.03255
G1 X52.519 Y47.265 E.09701
G1 X55.772 Y44.012 E.12414
G1 X55.242 Y43.955 E.01438
G1 X54.904 Y43.794 E.0101
G1 X54.645 Y43.566 E.00931
G1 X54.361 Y43.022 E.01656
G1 X54.323 Y42.462 E.01515
G1 E-3.5 F3600
;WIPE_START
G1 F7200
G1 X54.361 Y43.022 E-.26661
G1 X54.645 Y43.566 E-.29149
G1 X54.904 Y43.794 E-.1639
G1 X55.242 Y43.955 E-.17783
G1 X55.772 Y44.012 E-.2532
G1 X55.256 Y44.529 E-.34697
;WIPE_END
G1 X54.323 Y32.609 F9000
G1 E5 F2400
G1 F3149
G1 X54.323 Y31.663 E.02553
G1 X54.384 Y31.273 E.01065
G1 X54.67 Y30.783 E.01531
G1 X55.098 Y30.491 E.01398
G1 X52.519 Y27.912 E.09842
G1 X48.924 Y27.912 E.09701
G1 X48.824 Y28.013 E.00384
G1 X49.271 Y28.564 E.01915
G1 X49.37 Y29.061 E.01367
G1 X49.37 Y30.275 E.03276
G1 E-3.5 F3600
;WIPE_START
G1 F7200
G1 X49.37 Y29.061 E-.57665
G1 X49.271 Y28.564 E-.24071
G1 X48.824 Y28.013 E-.33702
G1 X48.924 Y27.912 E-.06751
G1 X49.51 Y27.912 E-.27811
;WIPE_END
G1 X74.635 Y30.365 F9000
G1 E5 F2400
G1 F3149
G1 X77.069 Y30.365 E.06568
G1 X77.516 Y29.917 E.01708
G1 X77.516 Y29.961 E.00119
G1 X75.467 Y27.912 E.07819
G1 X71.872 Y27.912 E.09701
G1 X69.419 Y30.365 E.09361
G1 X70.271 Y30.365 E.02299
G1 X67.818 Y27.912 E.09361
G1 X64.223 Y27.912 E.09701
G1 X61.77 Y30.365 E.09361
G1 X62.621 Y30.365 E.02296
G1 X60.169 Y27.912 E.09359
G1 X56.573 Y27.912 E.09704
G1 X49.37 Y35.116 E.2749
G1 X49.37 Y32.412 E.07297
G1 X54.323 Y37.365 E.18902
G1 X54.323 Y37.812 E.01206
G1 X49.37 Y42.765 E.18902
G1 X49.37 Y40.062 E.07294
G1 X56.573 Y47.265 E.27488
G1 X60.169 Y47.265 E.09704
G1 X63.421 Y44.012 E.12412
G1 X60.97 Y44.012 E.06614
G1 X64.223 Y47.265 E.12414
G1 X67.818 Y47.265 E.09701
G1 X71.071 Y44.012 E.12414
G1 X68.619 Y44.012 E.06617
G1 X71.872 Y47.265 E.12414
G1 X75.467 Y47.265 E.09701
G1 X76.511 Y46.221 E.03984
G1 X76.511 Y44.255 E.05305
G1 X76.269 Y44.012 E.00925
G1 X73.835 Y44.012 E.06568
G1 E-3.5 F3600
;WIPE_START
G1 F7200
G1 X76.269 Y44.012 E-1.15615
G1 X76.511 Y44.255 E-.1629
G1 X76.511 Y44.636 E-.18095
;WIPE_END
G1 X77.468 Y44.061 F9000
G1 E5 F2400
;TYPE:Solid infill
;WIDTH:0.536724
G1 F3149
G1 X77.468 Y47.217 E.10547
G1 X76.966 Y47.217 E.01678
G1 X76.966 Y44.061 E.10547
G1 X77.265 Y44.061 E.00999
;LAYER_CHANGE
;Z:1.48
;HEIGHT:0.16
;BEFORE_LAYER_CHANGE
G92 E0
;1.48


G1 E-3.5 F3600
;WIPE_START
G1 F7200
G1 X76.966 Y44.061 E-.14202
G1 X76.966 Y46.92 E-1.35798
;WIPE_END
G1 Z1.48 F9000
;AFTER_LAYER_CHANGE
;1.48
G1 X78.003 Y43.7
G1 E5 F2400
;TYPE:Perimeter
;WIDTH:0.439999
G1 F3235
G1 X78.003 Y47.577 E.10462
G1 X31.09 Y47.577 E1.26594
G1 X31.09 Y46.1 E.03986
G1 X48.192 Y46.1 E.46149
G1 X48.531 Y45.983 E.00968
G1 X48.859 Y45.702 E.01165
G1 X49.018 Y45.384 E.00959
G1 X49.058 Y45.106 E.00758
G1 X49.058 Y29.072 E.43267
G1 X48.981 Y28.689 E.01054
G1 X48.66 Y28.276 E.01412
;WIDTH:0.475842
G1 X48.064 Y28.059 E.01863
G1 X31.108 Y28.059 E.49798
G1 X31.108 Y27.618 E.01295
G1 X48.064 Y27.618 E.49798
G1 X48.885 Y27.6 E.02412
;WIDTH:0.439999
G1 X78.003 Y27.6 E.78574
G1 X78.003 Y30.677 E.08303
G1 X55.496 Y30.677 E.60735
G1 X55.095 Y30.833 E.01161
G1 X54.9 Y30.996 E.00686
G1 X54.683 Y31.367 E.0116
G1 X54.635 Y31.672 E.00833
G1 X54.635 Y42.834 E.3012
G1 X54.748 Y43.166 E.00946
G1 X54.88 Y43.36 E.00633
G1 X55.077 Y43.533 E.00707
G1 X55.335 Y43.655 E.0077
G1 X55.629 Y43.7 E.00803
G1 X77.943 Y43.7 E.60214
G1 X78.409 Y43.294 F9000
G1 F3235
G1 X78.409 Y47.983 E.12653
G1 X30.684 Y47.983 E1.28785
G1 X30.684 Y45.694 E.06177
G1 X48.064 Y45.694 E.469
G1 X48.341 Y45.625 E.0077
G1 X48.534 Y45.459 E.00687
G1 X48.629 Y45.271 E.00568
G1 X48.652 Y45.106 E.0045
G1 X48.652 Y29.072 E.43267
G1 X48.607 Y28.845 E.00624
G1 X48.417 Y28.601 E.00835
G1 X48.064 Y28.483 E.01004
G1 X30.684 Y28.483 E.469
G1 X30.684 Y27.194 E.03478
G1 X78.409 Y27.194 E1.28785
G1 X78.409 Y31.083 E.10494
G1 X55.55 Y31.083 E.61685
G1 X55.313 Y31.175 E.00686
G1 X55.117 Y31.381 E.00767
G1 X55.041 Y31.672 E.00812
G1 X55.041 Y42.789 E.29999
G1 X55.186 Y43.093 E.00909
G1 X55.455 Y43.268 E.00866
G1 X55.629 Y43.294 E.00475
G1 X78.349 Y43.294 E.61309
G1 X78.804 Y42.899 F9000
;TYPE:External perimeter
;WIDTH:0.419999
G1 F1800
G1 X78.804 Y48.379 E.14059
G1 X30.289 Y48.379 E1.24462
G1 X30.289 Y45.299 E.07902
G1 X48.064 Y45.299 E.45601
G1 X48.218 Y45.222 E.00442
G1 X48.256 Y45.106 E.00313
G1 X48.256 Y29.072 E.41134
G1 X48.179 Y28.917 E.00444
G1 X48.064 Y28.879 E.00311
G1 X30.289 Y28.879 E.45601
G1 X30.289 Y26.799 E.05336
G1 X78.804 Y26.799 E1.24462
G1 X78.804 Y31.479 E.12006
G1 X55.629 Y31.479 E.59454
G1 X55.488 Y31.541 E.00395
G1 X55.436 Y31.672 E.00362
G1 X55.436 Y42.706 E.28307
G1 X55.484 Y42.833 E.00348
G1 X55.629 Y42.899 E.00409
G1 X78.744 Y42.899 E.593
G1 X77.215 Y44.036 F9000
;TYPE:Solid infill
;WIDTH:0.486758
G1 F3235
G1 X77.667 Y44.036 E.0136
G1 X77.667 Y47.242 E.09649
G1 X77.215 Y47.242 E.0136
G1 X77.215 Y44.239 E.09038
G1 X75.294 Y44.062 F9000
;WIDTH:0.538478
G1 F3235
G1 X75.799 Y44.062 E.01694
G1 X75.799 Y47.216 E.10577
G1 X75.294 Y47.216 E.01694
G1 X75.294 Y44.264 E.099
G1 E-3.5 F3600
;WIPE_START
G1 F7200
G1 X75.294 Y47.216 E-1.4022
G1 X75.5 Y47.216 E-.0978
;WIPE_END
G1 X76.253 Y46.276 F9000
G1 E5 F2400
;TYPE:Internal infill
;WIDTH:0.44
G1 F3235
G1 X76.253 Y44.012 E.06109
G1 X76.786 Y44.529 E.02004
G1 X76.786 Y45.947 E.03826
G1 X76.253 Y46.479 E.02032
G1 X76.253 Y47.265 E.02121
G1 X76.786 Y47.265 E.01438
G1 X76.786 Y46.15 E.03009
G1 E-3.5 F3600
;WIPE_START
G1 F7200
G1 X76.786 Y47.265 E-.52963
G1 X76.253 Y47.265 E-.25318
G1 X76.253 Y46.479 E-.37335
G1 X76.765 Y45.967 E-.34384
;WIPE_END
G1 X74.306 Y47.265 F9000
G1 E5 F2400
G1 F3235
G1 X71.872 Y47.265 E.06568
G1 X68.619 Y44.012 E.12414
G1 X71.071 Y44.012 E.06617
G1 X67.818 Y47.265 E.12414
G1 X64.223 Y47.265 E.09701
G1 X60.97 Y44.012 E.12414
G1 X63.421 Y44.012 E.06614
G1 X60.169 Y47.265 E.12412
G1 X56.573 Y47.265 E.09704
G1 X49.37 Y40.062 E.27488
G1 X49.37 Y42.765 E.07294
G1 X54.323 Y37.812 E.18902
G1 X54.323 Y37.365 E.01206
G1 X49.37 Y32.412 E.18902
G1 X49.37 Y35.116 E.07297
G1 X56.573 Y27.912 E.2749
G1 X60.169 Y27.912 E.09704
G1 X62.621 Y30.365 E.09359
G1 X61.77 Y30.365 E.02296
G1 X64.223 Y27.912 E.09361
G1 X67.818 Y27.912 E.09701
G1 X70.271 Y30.365 E.09361
G1 X69.419 Y30.365 E.02299
G1 X71.872 Y27.912 E.09361
G1 X75.467 Y27.912 E.09701
G1 X77.691 Y30.136 E.08487
G1 X77.691 Y29.743 E.01061
G1 X77.069 Y30.365 E.02374
G1 X74.635 Y30.365 E.06568
G1 E-3.5 F3600
;WIPE_START
G1 F7200
G1 X77.069 Y30.365 E-1.15615
G1 X77.58 Y29.853 E-.34385
;WIPE_END
G1 X54.323 Y32.609 F9000
G1 E5 F2400
G1 F3235
G1 X54.323 Y31.663 E.02553
G1 X54.384 Y31.273 E.01065
G1 X54.67 Y30.783 E.01531
G1 X55.098 Y30.491 E.01398
G1 X52.519 Y27.912 E.09842
G1 X48.924 Y27.912 E.09701
G1 X48.824 Y28.013 E.00384
G1 X49.271 Y28.564 E.01915
G1 X49.37 Y29.061 E.01367
G1 X49.37 Y30.275 E.03276
G1 E-3.5 F3600
;WIPE_START
G1 F7200
G1 X49.37 Y29.061 E-.57665
G1 X49.271 Y28.564 E-.24071
G1 X48.824 Y28.013 E-.33702
G1 X48.924 Y27.912 E-.06751
G1 X49.51 Y27.912 E-.27811
;WIPE_END
G1 X54.323 Y42.462 F9000
G1 E5 F2400
G1 F3235
G1 X54.361 Y43.022 E.01515
G1 X54.645 Y43.566 E.01656
G1 X54.904 Y43.794 E.00931
G1 X55.242 Y43.955 E.0101
G1 X55.772 Y44.012 E.01438
G1 X52.519 Y47.265 E.12414
G1 X48.924 Y47.265 E.09701
G1 X48.071 Y46.412 E.03255
G1 X45.723 Y46.412 E.06336
G1 X44.87 Y47.265 E.03255
G1 X41.275 Y47.265 E.09701
G1 X40.422 Y46.412 E.03255
G1 X38.073 Y46.412 E.06339
G1 X37.221 Y47.265 E.03253
G1 X33.626 Y47.265 E.09701
G1 X32.773 Y46.412 E.03255
G1 X35.207 Y46.412 E.06568
;LAYER_CHANGE
;Z:1.64
;HEIGHT:0.16
;BEFORE_LAYER_CHANGE
G92 E0
;1.64


G1 E-3.5 F3600
;WIPE_START
G1 F7200
G1 X32.773 Y46.412 E-1.15615
G1 X33.285 Y46.924 E-.34385
;WIPE_END
G1 Z1.64 F9000
;AFTER_LAYER_CHANGE
;1.64
G1 X30.931 Y46.1
G1 E5 F2400
;TYPE:Perimeter
;WIDTH:0.439999
G1 F3600
G1 X48.192 Y46.1 E.46578
G1 X48.531 Y45.983 E.00968
G1 X48.859 Y45.702 E.01165
G1 X49.018 Y45.384 E.00959
G1 X49.058 Y45.106 E.00758
G1 X49.058 Y29.072 E.43267
G1 X48.981 Y28.689 E.01054
G1 X48.66 Y28.276 E.01412
;WIDTH:0.475842
G1 X48.064 Y28.059 E.01863
G1 X30.949 Y28.059 E.50265
G1 X30.949 Y27.618 E.01295
G1 X48.064 Y27.618 E.50265
G1 X48.885 Y27.6 E.02412
;WIDTH:0.439999
G1 X78.162 Y27.6 E.79003
G1 X78.162 Y30.677 E.08303
G1 X55.496 Y30.677 E.61164
G1 X55.095 Y30.833 E.01161
G1 X54.9 Y30.996 E.00686
G1 X54.683 Y31.367 E.0116
G1 X54.635 Y31.672 E.00833
G1 X54.635 Y42.834 E.3012
G1 X54.748 Y43.166 E.00946
G1 X54.88 Y43.36 E.00633
G1 X55.077 Y43.533 E.00707
G1 X55.335 Y43.655 E.0077
G1 X55.629 Y43.7 E.00803
G1 X78.162 Y43.7 E.60805
G1 X78.162 Y47.577 E.10462
G1 X30.931 Y47.577 E1.27452
G1 X30.931 Y46.16 E.03824
G1 X30.525 Y45.694 F9000
G1 F3600
G1 X48.064 Y45.694 E.47329
G1 X48.341 Y45.625 E.0077
G1 X48.534 Y45.459 E.00687
G1 X48.629 Y45.271 E.00568
G1 X48.652 Y45.106 E.0045
G1 X48.652 Y29.072 E.43267
G1 X48.607 Y28.845 E.00624
G1 X48.417 Y28.601 E.00835
G1 X48.064 Y28.483 E.01004
G1 X30.525 Y28.483 E.47329
G1 X30.525 Y27.194 E.03478
G1 X78.568 Y27.194 E1.29643
G1 X78.568 Y31.083 E.10494
G1 X55.55 Y31.083 E.62114
G1 X55.313 Y31.175 E.00686
G1 X55.117 Y31.381 E.00767
G1 X55.041 Y31.672 E.00812
G1 X55.041 Y42.789 E.29999
G1 X55.186 Y43.093 E.00909
G1 X55.455 Y43.268 E.00866
G1 X55.629 Y43.294 E.00475
G1 X78.568 Y43.294 E.619
G1 X78.568 Y47.983 E.12653
G1 X30.525 Y47.983 E1.29643
G1 X30.525 Y45.754 E.06015
G1 X30.13 Y45.299 F9000
;TYPE:External perimeter
;WIDTH:0.419999
G1 F1800
G1 X48.064 Y45.299 E.46009
G1 X48.218 Y45.222 E.00442
G1 X48.256 Y45.106 E.00313
G1 X48.256 Y29.072 E.41134
G1 X48.179 Y28.917 E.00444
G1 X48.064 Y28.879 E.00311
G1 X30.13 Y28.879 E.46009
G1 X30.13 Y26.799 E.05336
G1 X78.963 Y26.799 E1.25278
G1 X78.963 Y31.479 E.12006
G1 X55.629 Y31.479 E.59862
G1 X55.488 Y31.541 E.00395
G1 X55.436 Y31.672 E.00362
G1 X55.436 Y42.706 E.28307
G1 X55.484 Y42.833 E.00348
G1 X55.629 Y42.899 E.00409
G1 X78.963 Y42.899 E.59862
G1 X78.963 Y48.379 E.14059
G1 X30.13 Y48.379 E1.25278
G1 X30.13 Y45.359 E.07748
G1 E-3.5 F3600
;WIPE_START
G1 F7200
G1 X30.13 Y45.299 E-.0285
G1 X33.228 Y45.299 E-1.4715
;WIPE_END
G1 X32.773 Y46.412 F9000
G1 E5 F2400
;TYPE:Internal infill
;WIDTH:0.44
G1 F3600
G1 X33.626 Y47.265 E.03255
G1 E-3.5
;WIPE_START
G1 F7200
G1 X32.773 Y46.412 E-.573
;WIPE_END
G1 E-.927 F3600
G1 X36.746 Y46.412 F9000
G1 E5 F2400
;TYPE:Solid infill
;WIDTH:0.439999
G1 F3600
G1 X34.145 Y46.412 E.07019
G1 X34.145 Y47.265 E.02302
G1 X36.948 Y47.265 E.07564
G1 X36.948 Y46.412 E.02302
G1 X36.522 Y46.839 E.01628
;WIDTH:0.481322
G1 X34.571 Y46.839 E.05801
G1 E-3.5
;WIPE_START
G1 F7200
G1 X36.522 Y46.839 E-.92673
G1 X36.948 Y46.412 E-.2865
G1 X36.948 Y47.016 E-.28677
;WIPE_END
G1 X39.655 Y47.265 F9000
G1 E5 F2400
;TYPE:Internal infill
;WIDTH:0.44
G1 F3600
G1 X37.354 Y47.265 E.06209
G1 X37.354 Y47.132 E.00359
G1 X38.073 Y46.412 E.02746
G1 X40.422 Y46.412 E.06339
G1 X41.275 Y47.265 E.03255
G1 X44.87 Y47.265 E.09701
G1 X45.723 Y46.412 E.03255
G1 X48.071 Y46.412 E.06336
G1 X48.924 Y47.265 E.03255
G1 X52.519 Y47.265 E.09701
G1 X55.772 Y44.012 E.12414
G1 X55.242 Y43.955 E.01438
G1 X54.904 Y43.794 E.0101
G1 X54.645 Y43.566 E.00931
G1 X54.361 Y43.022 E.01656
G1 X54.323 Y42.462 E.01515
G1 E-3.5
;WIPE_START
G1 F7200
G1 X54.361 Y43.022 E-.26661
G1 X54.645 Y43.566 E-.29149
G1 X54.904 Y43.794 E-.1639
G1 X55.242 Y43.955 E-.17783
G1 X55.772 Y44.012 E-.2532
G1 X55.256 Y44.529 E-.34697
;WIPE_END
G1 X54.323 Y32.609 F9000
G1 E5 F2400
G1 F3600
G1 X54.323 Y31.663 E.02553
G1 X54.384 Y31.273 E.01065
G1 X54.67 Y30.783 E.01531
G1 X55.098 Y30.491 E.01398
G1 X52.519 Y27.912 E.09842
G1 X48.924 Y27.912 E.09701
G1 X48.824 Y28.013 E.00384
G1 X49.271 Y28.564 E.01915
G1 X49.37 Y29.061 E.01367
G1 X49.37 Y30.275 E.03276
G1 E-3.5
;WIPE_START
G1 F7200
G1 X49.37 Y29.061 E-.57665
G1 X49.271 Y28.564 E-.24071
G1 X48.824 Y28.013 E-.33702
G1 X48.924 Y27.912 E-.06751
G1 X49.51 Y27.912 E-.27811
;WIPE_END
G1 X73.739 Y28.48 F9000
G1 E5 F2400
G1 F3600
G1 X73.739 Y27.912 E.01533
G1 X71.872 Y27.912 E.05038
G1 X69.419 Y30.365 E.09361
G1 X70.271 Y30.365 E.02299
G1 X67.818 Y27.912 E.09361
G1 X64.223 Y27.912 E.09701
G1 X61.77 Y30.365 E.09361
G1 X62.621 Y30.365 E.02296
G1 X60.169 Y27.912 E.09359
G1 X56.573 Y27.912 E.09704
G1 X49.37 Y35.116 E.2749
G1 X49.37 Y32.412 E.07297
G1 X54.323 Y37.365 E.18902
G1 X54.323 Y37.812 E.01206
G1 X49.37 Y42.765 E.18902
G1 X49.37 Y40.062 E.07294
G1 X56.573 Y47.265 E.27488
G1 X60.169 Y47.265 E.09704
G1 X63.421 Y44.012 E.12412
G1 X60.97 Y44.012 E.06614
G1 X64.223 Y47.265 E.12414
G1 X67.818 Y47.265 E.09701
G1 X71.071 Y44.012 E.12414
G1 X68.619 Y44.012 E.06617
G1 X71.872 Y47.265 E.12414
G1 X73.739 Y47.265 E.05038
G1 X73.739 Y46.698 E.0153
G1 E-3.5
;WIPE_START
G1 F7200
G1 X73.739 Y47.265 E-.26933
G1 X71.872 Y47.265 E-.88683
G1 X71.36 Y46.753 E-.34384
;WIPE_END
G1 X74.271 Y44.058 F9000
G1 E5 F2400
;TYPE:Solid infill
;WIDTH:0.565258
G1 F3600
G1 X74.224 Y44.011 E.00235
G1 X74.16 Y44.028 E.00234
G1 X74.143 Y44.092 E.00234
G1 X74.19 Y44.139 E.00235
G1 X74.254 Y44.122 E.00234
;WIDTH:0.439999
G1 X74.932 Y44.012 E.01853
G1 X74.145 Y44.8 E.03005
G1 X74.145 Y45.374 E.01549
G1 X75.506 Y44.012 E.05196
G1 X76.079 Y44.012 E.01546
G1 X74.145 Y45.947 E.07382
G1 X74.145 Y46.521 E.01549
G1 X76.653 Y44.012 E.09573
G1 X77.213 Y44.026 E.01512
G1 X74.145 Y47.095 E.1171
G1 X74.114 Y47.225 E.00361
;WIDTH:0.407168
G1 X74.084 Y47.355 E.00331
;WIDTH:0.374336
G1 X74.013 Y47.336 E.00166
G1 X74.032 Y47.407 E.00166
G1 X74.073 Y47.396 E.00096
;WIDTH:0.439999
G1 X74.548 Y47.265 E.0133
G1 X77.801 Y44.012 E.12414
G1 X77.85 Y44.537 E.01423
G1 X77.85 Y47.265 E.07361
G1 X75.122 Y47.265 E.07361
G1 X77.706 Y44.681 E.09861
G1 X77.444 Y45.516 F9000
G1 F3600
G1 X77.444 Y46.859 E.03624
G1 X76.101 Y46.859 E.03624
G1 X77.301 Y45.66 E.04578
G1 E-3.5
;WIPE_START
G1 F7200
G1 X76.101 Y46.859 E-.80577
G1 X77.444 Y46.859 E-.63793
G1 X77.444 Y46.741 E-.0563
;WIPE_END
G1 X76.623 Y27.912 F9000
G1 E5 F2400
G1 F3600
G1 X77.85 Y27.916 E.03311
G1 X77.85 Y30.365 E.06609
G1 X74.145 Y30.365 E.09998
G1 X74.145 Y27.912 E.06619
G1 X76.42 Y27.912 E.06139
G1 X76.42 Y28.318 E.01096
G1 X74.55 Y28.318 E.05046
G1 X74.55 Y29.959 E.04428
G1 X77.444 Y29.959 E.07809
G1 X77.444 Y28.329 E.04399
G1 X76.623 Y28.318 E.02216
G1 X76.835 Y28.724 E.01236
G1 X74.956 Y28.724 E.0507
G1 X74.956 Y29.554 E.0224
G1 X77.038 Y29.55 E.05618
G1 X77.038 Y28.724 E.02229
G1 X76.623 Y29.139 E.01584
;WIDTH:0.458672
G1 X75.371 Y29.139 E.03534
;LAYER_CHANGE
;Z:1.8
;HEIGHT:0.16
;BEFORE_LAYER_CHANGE
G92 E0
;1.8


G1 E-3.5 F3600
;WIPE_START
G1 F7200
G1 X76.623 Y29.139 E-.5947
G1 X77.038 Y28.724 E-.27878
G1 X77.038 Y29.55 E-.39235
G1 X76.545 Y29.551 E-.23417
;WIPE_END
G1 Z1.8 F9000
;AFTER_LAYER_CHANGE
;1.8
G1 X78.308 Y30.677
G1 E5 F2400
;TYPE:Perimeter
;WIDTH:0.439999
G1 F3600
G1 X55.496 Y30.677 E.61558
G1 X55.095 Y30.833 E.01161
G1 X54.9 Y30.996 E.00686
G1 X54.683 Y31.367 E.0116
G1 X54.635 Y31.672 E.00833
G1 X54.635 Y42.834 E.3012
G1 X54.748 Y43.166 E.00946
G1 X54.88 Y43.36 E.00633
G1 X55.077 Y43.533 E.00707
G1 X55.335 Y43.655 E.0077
G1 X55.629 Y43.7 E.00803
G1 X78.308 Y43.7 E.61199
G1 X78.308 Y47.577 E.10462
G1 X30.785 Y47.577 E1.2824
G1 X30.785 Y46.1 E.03986
G1 X48.192 Y46.1 E.46972
G1 X48.531 Y45.983 E.00968
G1 X48.859 Y45.702 E.01165
G1 X49.018 Y45.384 E.00959
G1 X49.058 Y45.106 E.00758
G1 X49.058 Y29.072 E.43267
G1 X48.981 Y28.689 E.01054
G1 X48.66 Y28.276 E.01412
;WIDTH:0.475842
G1 X48.064 Y28.059 E.01863
G1 X30.803 Y28.059 E.50694
G1 X30.803 Y27.618 E.01295
G1 X48.064 Y27.618 E.50694
G1 X48.885 Y27.6 E.02412
;WIDTH:0.439999
G1 X78.308 Y27.6 E.79397
G1 X78.308 Y30.617 E.08141
G1 X78.714 Y31.083 F9000
G1 F3600
G1 X55.55 Y31.083 E.62508
G1 X55.313 Y31.175 E.00686
G1 X55.117 Y31.381 E.00767
G1 X55.041 Y31.672 E.00812
G1 X55.041 Y42.789 E.29999
G1 X55.186 Y43.093 E.00909
G1 X55.455 Y43.268 E.00866
G1 X55.629 Y43.294 E.00475
G1 X78.714 Y43.294 E.62294
G1 X78.714 Y47.983 E.12653
G1 X30.379 Y47.983 E1.30431
G1 X30.379 Y45.694 E.06177
G1 X48.064 Y45.694 E.47723
G1 X48.341 Y45.625 E.0077
G1 X48.534 Y45.459 E.00687
G1 X48.629 Y45.271 E.00568
G1 X48.652 Y45.106 E.0045
G1 X48.652 Y29.072 E.43267
G1 X48.607 Y28.845 E.00624
G1 X48.417 Y28.601 E.00835
G1 X48.064 Y28.483 E.01004
G1 X30.379 Y28.483 E.47723
G1 X30.379 Y27.194 E.03478
G1 X78.714 Y27.194 E1.30431
G1 X78.714 Y31.023 E.10332
G1 X79.109 Y31.479 F9000
;TYPE:External perimeter
;WIDTH:0.419999
G1 F1800
G1 X55.629 Y31.479 E.60237
G1 X55.488 Y31.541 E.00395
G1 X55.436 Y31.672 E.00362
G1 X55.436 Y42.706 E.28307
G1 X55.484 Y42.833 E.00348
G1 X55.629 Y42.899 E.00409
G1 X79.109 Y42.899 E.60237
G1 X79.109 Y48.379 E.14059
G1 X29.984 Y48.379 E1.26027
G1 X29.984 Y45.299 E.07902
G1 X48.064 Y45.299 E.46383
G1 X48.218 Y45.222 E.00442
G1 X48.256 Y45.106 E.00313
G1 X48.256 Y29.072 E.41134
G1 X48.179 Y28.917 E.00444
G1 X48.064 Y28.879 E.00311
G1 X29.984 Y28.879 E.46383
G1 X29.984 Y26.799 E.05336
G1 X79.109 Y26.799 E1.26027
G1 X79.109 Y31.419 E.11852
G1 E-3.5 F3600
;WIPE_START
G1 F7200
G1 X79.109 Y31.479 E-.0285
G1 X76.011 Y31.479 E-1.4715
;WIPE_END
G1 X73.581 Y30.365 F9000
G1 E5 F2400
;TYPE:Solid infill
;WIDTH:0.439999
G1 F3600
G1 X73.581 Y27.912 E.06619
G1 X77.996 Y27.912 E.11914
G1 X77.996 Y30.365 E.06619
G1 X73.783 Y30.365 E.11369
G1 X73.986 Y29.959 E.01225
G1 X73.986 Y28.318 E.04428
G1 X77.59 Y28.318 E.09725
G1 X77.59 Y29.959 E.04428
G1 X74.189 Y29.959 E.09178
G1 X74.392 Y29.554 E.01222
G1 X74.392 Y28.724 E.0224
G1 X77.184 Y28.724 E.07534
G1 X77.184 Y29.554 E.0224
G1 X74.595 Y29.554 E.06986
G1 X74.807 Y29.139 E.01258
;WIDTH:0.45867
G1 X76.769 Y29.139 E.05538
G1 E-3.5
;WIPE_START
G1 F7200
G1 X74.807 Y29.139 E-.93195
G1 X74.595 Y29.554 E-.22136
G1 X75.325 Y29.554 E-.34669
;WIPE_END
G1 X73.175 Y29.043 F9000
G1 E5 F2400
;TYPE:Internal infill
;WIDTH:0.44
G1 F3600
G1 X73.175 Y27.912 E.03052
G1 X71.872 Y27.912 E.03516
G1 X69.419 Y30.365 E.09361
G1 X70.271 Y30.365 E.02299
G1 X67.818 Y27.912 E.09361
G1 X64.223 Y27.912 E.09701
G1 X61.77 Y30.365 E.09361
G1 X62.621 Y30.365 E.02296
G1 X60.169 Y27.912 E.09359
G1 X56.573 Y27.912 E.09704
G1 X49.37 Y35.116 E.2749
G1 X49.37 Y32.412 E.07297
G1 X54.323 Y37.365 E.18902
G1 X54.323 Y37.812 E.01206
G1 X49.37 Y42.765 E.18902
G1 X49.37 Y40.062 E.07294
G1 X56.573 Y47.265 E.27488
G1 X60.169 Y47.265 E.09704
G1 X63.421 Y44.012 E.12412
G1 X60.97 Y44.012 E.06614
G1 X64.223 Y47.265 E.12414
G1 X67.818 Y47.265 E.09701
G1 X71.071 Y44.012 E.12414
G1 X68.619 Y44.012 E.06617
G1 X71.872 Y47.265 E.12414
G1 X73.175 Y47.265 E.03516
G1 X73.175 Y46.134 E.03052
G1 X73.626 Y47.138 F9000
;TYPE:Solid infill
;WIDTH:0.565258
G1 F3600
G1 X73.579 Y47.185 E.00235
G1 X73.596 Y47.249 E.00234
G1 X73.66 Y47.267 E.00235
G1 X73.707 Y47.22 E.00235
G1 X73.69 Y47.155 E.00237
G1 X74.513 Y47.397 F9000
;WIDTH:0.374336
G1 F3600
G1 X74.494 Y47.468 E.00166
G1 X74.565 Y47.449 E.00166
G1 X74.554 Y47.408 E.00096
;WIDTH:0.407168
G1 X74.461 Y47.337 E.0029
;WIDTH:0.439999
G1 X74.368 Y47.265 E.00317
G1 X73.581 Y46.478 E.03003
G1 X73.509 Y46.385 E.00317
;WIDTH:0.407168
G1 X73.438 Y46.292 E.0029
;WIDTH:0.374336
G1 X73.449 Y46.333 E.00096
G1 X73.377 Y46.352 E.00168
G1 X73.397 Y46.281 E.00167
;WIDTH:0.439999
G1 X73.581 Y45.904 E.01132
G1 X74.942 Y47.265 E.05194
G1 X75.516 Y47.265 E.01549
G1 X73.581 Y45.33 E.07384
G1 X73.581 Y44.756 E.01549
G1 X76.089 Y47.265 E.09573
G1 X76.663 Y47.265 E.01549
G1 X73.581 Y44.183 E.11762
G1 X73.545 Y44.032 E.00419
;WIDTH:0.407168
G1 X73.509 Y43.881 E.00385
;WIDTH:0.374336
G1 X73.52 Y43.922 E.00096
G1 X73.449 Y43.941 E.00166
G1 X73.468 Y43.87 E.00166
;WIDTH:0.439999
G1 X73.984 Y44.012 E.01444
G1 X77.237 Y47.265 E.12414
G1 X78.082 Y47.321 F9000
;WIDTH:0.374336
G1 F3600
G1 X78.063 Y47.392 E.00166
G1 X78.134 Y47.373 E.00166
G1 X78.123 Y47.332 E.00096
;WIDTH:0.407168
G1 X77.967 Y47.299 E.00395
;WIDTH:0.439999
G1 X77.81 Y47.265 E.00433
G1 X74.558 Y44.012 E.12412
G1 X75.131 Y44.012 E.01546
G1 X77.996 Y46.877 E.10933
G1 X77.996 Y46.303 E.01549
G1 X75.705 Y44.012 E.08743
G1 X76.279 Y44.012 E.01549
G1 X77.996 Y45.729 E.06552
G1 X77.155 Y44.222 F9000
;WIDTH:0.571953
G1 F3600
G1 X77.93 Y44.996 E.03917
G1 X77.93 Y44.078 E.03283
G1 X77.012 Y44.078 E.03283
G1 E-3.5
;WIPE_START
G1 F7200
G1 X77.93 Y44.078 E-.43605
G1 X77.93 Y44.996 E-.43605
G1 X77.155 Y44.222 E-.52027
;WIPE_END
G1 E-.10763 F3600
G1 X54.323 Y42.462 F9000
G1 E5 F2400
;TYPE:Internal infill
;WIDTH:0.44
G1 F3600
G1 X54.361 Y43.022 E.01515
G1 X54.645 Y43.566 E.01656
G1 X54.904 Y43.794 E.00931
G1 X55.242 Y43.955 E.0101
G1 X55.772 Y44.012 E.01438
G1 X52.519 Y47.265 E.12414
G1 X48.924 Y47.265 E.09701
G1 X48.071 Y46.412 E.03255
G1 X45.723 Y46.412 E.06336
G1 X44.87 Y47.265 E.03255
G1 X41.275 Y47.265 E.09701
G1 X40.422 Y46.412 E.03255
G1 X38.073 Y46.412 E.06339
G1 X37.918 Y46.568 E.00593
G1 X37.918 Y47.265 E.01881
G1 X39.655 Y47.265 E.04687
G1 E-3.5
;WIPE_START
G1 F7200
G1 X37.918 Y47.265 E-.82508
G1 X37.918 Y46.568 E-.33108
G1 X38.073 Y46.412 E-.10446
G1 X38.577 Y46.412 E-.23938
;WIPE_END
G1 X33.581 Y47.265 F9000
G1 E5 F2400
;TYPE:Solid infill
;WIDTH:0.439999
G1 F3600
G1 X33.581 Y46.412 E.02302
G1 X37.512 Y46.412 E.10608
G1 X37.512 Y47.265 E.02302
G1 X33.783 Y47.265 E.10063
G1 X34.007 Y46.839 E.01299
;WIDTH:0.481322
G1 X37.086 Y46.839 E.09155
G1 E-3.5
;WIPE_START
G1 F7200
G1 X34.007 Y46.839 E-1.46253
G1 X33.97 Y46.909 E-.03747
;WIPE_END
G1 X33.175 Y46.814 F9000
G1 E5 F2400
;TYPE:Internal infill
;WIDTH:0.44
G1 F3600
G1 X32.773 Y46.412 E.01534
G1 E-3.5
;WIPE_START
G1 F7200
G1 X33.175 Y46.814 E-.27004
;WIPE_END
G1 E-1.22996 F3600
G1 X49.37 Y30.275 F9000
G1 E5 F2400
G1 F3600
G1 X49.37 Y29.061 E.03276
G1 X49.271 Y28.564 E.01367
G1 X48.824 Y28.013 E.01915
G1 X48.924 Y27.912 E.00384
G1 X52.519 Y27.912 E.09701
G1 X55.098 Y30.491 E.09842
G1 X54.67 Y30.783 E.01398
G1 X54.384 Y31.273 E.01531
G1 X54.323 Y31.663 E.01065
G1 X54.323 Y32.609 E.02553
;LAYER_CHANGE
;Z:1.96
;HEIGHT:0.16
;BEFORE_LAYER_CHANGE
G92 E0
;1.96


G1 E-3.5 F3600
;WIPE_START
G1 F7200
G1 X54.323 Y31.663 E-.44935
G1 X54.384 Y31.273 E-.1875
G1 X54.67 Y30.783 E-.2695
G1 X55.098 Y30.491 E-.24611
G1 X54.581 Y29.974 E-.34754
;WIPE_END
G1 Z1.96 F9000
;AFTER_LAYER_CHANGE
;1.96
G1 X54.931 Y30.97
G1 E5 F2400
;TYPE:Perimeter
;WIDTH:0.439999
G1 F3600
G1 X54.9 Y30.996 E.00109
G1 X54.683 Y31.367 E.0116
G1 X54.635 Y31.672 E.00833
G1 X54.635 Y42.834 E.3012
G1 X54.748 Y43.166 E.00946
G1 X54.88 Y43.36 E.00633
G1 X55.077 Y43.533 E.00707
G1 X55.335 Y43.655 E.0077
G1 X55.629 Y43.7 E.00803
G1 X78.442 Y43.7 E.6156
G1 X78.442 Y47.577 E.10462
G1 X30.651 Y47.577 E1.28963
G1 X30.651 Y46.1 E.03986
G1 X48.192 Y46.1 E.47334
G1 X48.531 Y45.983 E.00968
G1 X48.859 Y45.702 E.01165
G1 X49.018 Y45.384 E.00959
G1 X49.058 Y45.106 E.00758
G1 X49.058 Y29.072 E.43267
G1 X48.981 Y28.689 E.01054
G1 X48.66 Y28.276 E.01412
;WIDTH:0.475842
G1 X48.064 Y28.059 E.01863
G1 X30.669 Y28.059 E.51088
G1 X30.669 Y27.618 E.01295
G1 X48.064 Y27.618 E.51088
G1 X48.885 Y27.6 E.02412
;WIDTH:0.439999
G1 X78.442 Y27.6 E.79759
G1 X78.442 Y30.677 E.08303
G1 X55.496 Y30.677 E.61919
G1 X55.095 Y30.833 E.01161
G1 X54.977 Y30.932 E.00416
G1 X55.225 Y31.268 F9000
G1 F3600
G1 X55.117 Y31.381 E.00422
G1 X55.041 Y31.672 E.00812
G1 X55.041 Y42.789 E.29999
G1 X55.186 Y43.093 E.00909
G1 X55.455 Y43.268 E.00866
G1 X55.629 Y43.294 E.00475
G1 X78.848 Y43.294 E.62656
G1 X78.848 Y47.983 E.12653
G1 X30.245 Y47.983 E1.31154
G1 X30.245 Y45.694 E.06177
G1 X48.064 Y45.694 E.48084
G1 X48.341 Y45.625 E.0077
G1 X48.534 Y45.459 E.00687
G1 X48.629 Y45.271 E.00568
G1 X48.652 Y45.106 E.0045
G1 X48.652 Y29.072 E.43267
G1 X48.607 Y28.845 E.00624
G1 X48.417 Y28.601 E.00835
G1 X48.064 Y28.483 E.01004
G1 X30.245 Y28.483 E.48084
G1 X30.245 Y27.194 E.03478
G1 X78.848 Y27.194 E1.31154
G1 X78.848 Y31.083 E.10494
G1 X55.55 Y31.083 E.62869
G1 X55.313 Y31.175 E.00686
G1 X55.267 Y31.224 E.00181
G1 X55.5 Y31.535 F9000
;TYPE:External perimeter
;WIDTH:0.419999
G1 F1800
G1 X55.488 Y31.541 E.00034
G1 X55.436 Y31.672 E.00362
G1 X55.436 Y42.706 E.28307
G1 X55.484 Y42.833 E.00348
G1 X55.629 Y42.899 E.00409
G1 X79.243 Y42.899 E.6058
G1 X79.243 Y48.379 E.14059
G1 X29.849 Y48.379 E1.26717
G1 X29.849 Y45.299 E.07902
G1 X48.064 Y45.299 E.4673
G1 X48.218 Y45.222 E.00442
G1 X48.256 Y45.106 E.00313
G1 X48.256 Y29.072 E.41134
G1 X48.179 Y28.917 E.00444
G1 X48.064 Y28.879 E.00311
G1 X29.849 Y28.879 E.4673
G1 X29.849 Y26.799 E.05336
G1 X79.243 Y26.799 E1.26717
G1 X79.243 Y31.479 E.12006
G1 X55.629 Y31.479 E.6058
G1 X55.555 Y31.511 E.00207
G1 X54.323 Y32.609 F9000
;TYPE:Internal infill
;WIDTH:0.44
G1 F3600
G1 X54.323 Y31.663 E.02553
G1 X54.384 Y31.273 E.01065
G1 X54.67 Y30.783 E.01531
G1 X55.098 Y30.491 E.01398
G1 X52.519 Y27.912 E.09842
G1 X48.924 Y27.912 E.09701
G1 X48.824 Y28.013 E.00384
G1 X49.271 Y28.564 E.01915
G1 X49.37 Y29.061 E.01367
G1 X49.37 Y30.275 E.03276
G1 E-3.5
;WIPE_START
G1 F7200
G1 X49.37 Y29.061 E-.57665
G1 X49.271 Y28.564 E-.24071
G1 X48.824 Y28.013 E-.33702
G1 X48.924 Y27.912 E-.06751
G1 X49.51 Y27.912 E-.27811
;WIPE_END
G1 X54.323 Y42.462 F9000
G1 E5 F2400
G1 F3600
G1 X54.361 Y43.022 E.01515
G1 X54.645 Y43.566 E.01656
G1 X54.904 Y43.794 E.00931
G1 X55.242 Y43.955 E.0101
G1 X55.772 Y44.012 E.01438
G1 X52.519 Y47.265 E.12414
G1 X48.924 Y47.265 E.09701
G1 X48.071 Y46.412 E.03255
G1 X45.723 Y46.412 E.06336
G1 X44.87 Y47.265 E.03255
G1 X41.275 Y47.265 E.09701
G1 X40.422 Y46.412 E.03255
G1 X38.238 Y46.412 E.05893
G1 X38.238 Y46.662 E.00675
G1 X37.629 Y46.412 F9000
;TYPE:Solid infill
;WIDTH:0.439999
G1 F3600
G1 X33.261 Y46.412 E.11787
G1 X33.261 Y47.265 E.02302
G1 X37.832 Y47.265 E.12335
G1 X37.832 Y46.412 E.02302
G1 X37.406 Y46.839 E.01628
;WIDTH:0.481322
G1 X33.687 Y46.839 E.11058
G1 E-3.5
;WIPE_START
G1 F7200
G1 X36.845 Y46.839 E-1.5
;WIPE_END
G1 X72.855 Y45.814 F9000
G1 E5 F2400
;TYPE:Internal infill
;WIDTH:0.44
G1 F3600
G1 X72.855 Y47.265 E.03916
G1 X71.872 Y47.265 E.02653
G1 X68.619 Y44.012 E.12414
G1 X71.071 Y44.012 E.06617
G1 X67.818 Y47.265 E.12414
G1 X64.223 Y47.265 E.09701
G1 X60.97 Y44.012 E.12414
G1 X63.421 Y44.012 E.06614
G1 X60.169 Y47.265 E.12412
G1 X56.573 Y47.265 E.09704
G1 X49.37 Y40.062 E.27488
G1 X49.37 Y42.765 E.07294
G1 X54.323 Y37.812 E.18902
G1 X54.323 Y37.365 E.01206
G1 X49.37 Y32.412 E.18902
G1 X49.37 Y35.116 E.07297
G1 X56.573 Y27.912 E.2749
G1 X60.169 Y27.912 E.09704
G1 X62.621 Y30.365 E.09359
G1 X61.77 Y30.365 E.02296
G1 X64.223 Y27.912 E.09361
G1 X67.818 Y27.912 E.09701
G1 X70.271 Y30.365 E.09361
G1 X69.419 Y30.365 E.02299
G1 X71.872 Y27.912 E.09361
G1 X72.855 Y27.912 E.02653
G1 X72.855 Y29.363 E.03916
G1 E-3.5
;WIPE_START
G1 F7200
G1 X72.855 Y27.912 E-.68923
G1 X71.872 Y27.912 E-.46693
G1 X71.36 Y28.424 E-.34384
;WIPE_END
G1 X77.927 Y27.912 F9000
G1 E5 F2400
;TYPE:Solid infill
;WIDTH:0.439999
G1 F3600
G1 X73.261 Y27.912 E.12591
G1 X73.261 Y30.365 E.06619
G1 X78.13 Y30.365 E.13139
G1 X78.13 Y27.912 E.06619
G1 X77.724 Y28.318 E.01549
G1 X77.724 Y29.959 E.04428
G1 X73.667 Y29.959 E.10948
G1 X73.667 Y28.318 E.04428
G1 X77.521 Y28.318 E.104
G1 X77.318 Y28.724 E.01225
G1 X77.318 Y29.554 E.0224
G1 X74.072 Y29.554 E.08759
G1 X74.072 Y28.724 E.0224
G1 X77.116 Y28.724 E.08214
G1 X76.903 Y29.139 E.01259
;WIDTH:0.45867
G1 X74.487 Y29.139 E.0682
G1 E-3.5
;WIPE_START
G1 F7200
G1 X76.903 Y29.139 E-1.1476
G1 X77.116 Y28.724 E-.22157
G1 X76.841 Y28.724 E-.13083
;WIPE_END
G1 X73.388 Y44.058 F9000
G1 E5 F2400
;WIDTH:0.565258
G1 F3600
G1 X73.341 Y44.011 E.00235
G1 X73.277 Y44.028 E.00234
G1 X73.259 Y44.092 E.00235
G1 X73.306 Y44.139 E.00235
G1 X73.371 Y44.122 E.00237
;WIDTH:0.439999
G1 X74.049 Y44.012 E.01853
G1 X73.261 Y44.8 E.03007
G1 X73.261 Y45.374 E.01549
G1 X74.622 Y44.012 E.05196
G1 X75.196 Y44.012 E.01549
G1 X73.261 Y45.947 E.07384
G1 X73.261 Y46.521 E.01549
G1 X75.77 Y44.012 E.09575
G1 X76.343 Y44.012 E.01546
G1 X73.261 Y47.095 E.11764
G1 X73.231 Y47.225 E.0036
;WIDTH:0.407168
G1 X73.201 Y47.355 E.00331
;WIDTH:0.374336
G1 X73.13 Y47.336 E.00166
G1 X73.149 Y47.407 E.00166
G1 X73.19 Y47.396 E.00096
;WIDTH:0.439999
G1 X73.664 Y47.265 E.01327
G1 X76.917 Y44.012 E.12414
G1 X77.491 Y44.012 E.01549
G1 X74.238 Y47.265 E.12414
G1 X74.812 Y47.265 E.01549
G1 X78.064 Y44.012 E.12412
G1 X78.13 Y44.521 E.01385
G1 X75.385 Y47.265 E.10474
G1 X75.959 Y47.265 E.01549
G1 X78.13 Y45.094 E.08285
G1 X78.13 Y47.265 E.05858
G1 X76.533 Y47.265 E.04309
G1 X77.986 Y45.812 E.05545
G1 X77.726 Y46.78 F9000
;WIDTH:0.564156
G1 F3600
G1 X77.679 Y46.733 E.00234
G1 X77.615 Y46.75 E.00233
G1 X77.598 Y46.814 E.00233
G1 X77.645 Y46.861 E.00234
G1 X77.709 Y46.844 E.00233
;LAYER_CHANGE
;Z:2.12
;HEIGHT:0.16
;BEFORE_LAYER_CHANGE
G92 E0
;2.12


G1 E-3.5 F3600
;WIPE_START
G1 F7200
G1 X77.645 Y46.861 E-.03145
G1 X77.598 Y46.814 E-.03157
G1 X77.615 Y46.75 E-.03145
G1 X77.679 Y46.733 E-.03145
G1 X77.726 Y46.78 E-.03157
;WIPE_END
G1 E-1.34251 F3600
G1 Z2.12 F9000
;AFTER_LAYER_CHANGE
;2.12
G1 X78.564 Y47.577
G1 E5 F2400
;TYPE:Perimeter
;WIDTH:0.439999
G1 F3600
G1 X30.529 Y47.577 E1.29622
G1 X30.529 Y46.1 E.03986
G1 X48.192 Y46.1 E.47663
G1 X48.531 Y45.983 E.00968
G1 X48.859 Y45.702 E.01165
G1 X49.018 Y45.384 E.00959
G1 X49.058 Y45.106 E.00758
G1 X49.058 Y29.072 E.43267
G1 X48.981 Y28.689 E.01054
G1 X48.66 Y28.276 E.01412
;WIDTH:0.475842
G1 X48.064 Y28.059 E.01863
G1 X30.547 Y28.059 E.51446
G1 X30.547 Y27.618 E.01295
G1 X48.064 Y27.618 E.51446
G1 X48.885 Y27.6 E.02412
;WIDTH:0.439999
G1 X78.564 Y27.6 E.80088
G1 X78.564 Y30.677 E.08303
G1 X55.496 Y30.677 E.62249
G1 X55.095 Y30.833 E.01161
G1 X54.9 Y30.996 E.00686
G1 X54.683 Y31.367 E.0116
G1 X54.635 Y31.672 E.00833
G1 X54.635 Y42.834 E.3012
G1 X54.748 Y43.166 E.00946
G1 X54.88 Y43.36 E.00633
G1 X55.077 Y43.533 E.00707
G1 X55.335 Y43.655 E.0077
G1 X55.629 Y43.7 E.00803
G1 X78.564 Y43.7 E.6189
G1 X78.564 Y47.517 E.103
G1 X78.969 Y47.983 F9000
G1 F3600
G1 X30.124 Y47.983 E1.31807
G1 X30.124 Y45.694 E.06177
G1 X48.064 Y45.694 E.48411
G1 X48.341 Y45.625 E.0077
G1 X48.534 Y45.459 E.00687
G1 X48.629 Y45.271 E.00568
G1 X48.652 Y45.106 E.0045
G1 X48.652 Y29.072 E.43267
G1 X48.607 Y28.845 E.00624
G1 X48.417 Y28.601 E.00835
G1 X48.064 Y28.483 E.01004
G1 X30.124 Y28.483 E.48411
G1 X30.124 Y27.194 E.03478
G1 X78.969 Y27.194 E1.31807
G1 X78.969 Y31.083 E.10494
G1 X55.55 Y31.083 E.63196
G1 X55.313 Y31.175 E.00686
G1 X55.117 Y31.381 E.00767
G1 X55.041 Y31.672 E.00812
G1 X55.041 Y42.789 E.29999
G1 X55.186 Y43.093 E.00909
G1 X55.455 Y43.268 E.00866
G1 X55.629 Y43.294 E.00475
G1 X78.969 Y43.294 E.62983
G1 X78.969 Y47.923 E.12491
G1 X79.365 Y48.379 F9000
;TYPE:External perimeter
;WIDTH:0.419999
G1 F1800
G1 X29.728 Y48.379 E1.27341
G1 X29.728 Y45.299 E.07902
G1 X48.064 Y45.299 E.4704
G1 X48.218 Y45.222 E.00442
G1 X48.256 Y45.106 E.00313
G1 X48.256 Y29.072 E.41134
G1 X48.179 Y28.917 E.00444
G1 X48.064 Y28.879 E.00311
G1 X29.728 Y28.879 E.4704
G1 X29.728 Y26.799 E.05336
G1 X79.365 Y26.799 E1.27341
G1 X79.365 Y31.479 E.12006
G1 X55.629 Y31.479 E.60893
G1 X55.488 Y31.541 E.00395
G1 X55.436 Y31.672 E.00362
G1 X55.436 Y42.706 E.28307
G1 X55.484 Y42.833 E.00348
G1 X55.629 Y42.899 E.00409
G1 X79.365 Y42.899 E.60893
G1 X79.365 Y48.319 E.13905
G1 E-3.5 F3600
;WIPE_START
G1 F7200
G1 X79.365 Y48.379 E-.0285
G1 X76.267 Y48.379 E-1.4715
;WIPE_END
G1 X73.069 Y47.138 F9000
G1 E5 F2400
;TYPE:Solid infill
;WIDTH:0.565256
G1 F3600
G1 X73.022 Y47.185 E.00235
G1 X73.039 Y47.249 E.00234
G1 X73.104 Y47.267 E.00238
G1 X73.15 Y47.22 E.00232
G1 X73.133 Y47.155 E.00237
;WIDTH:0.439999
G1 X73.024 Y46.478 E.0185
G1 X73.884 Y47.331 E.03269
;WIDTH:0.407168
G1 X73.956 Y47.397 E.00242
;WIDTH:0.374336
G1 X73.937 Y47.468 E.00166
G1 X74.008 Y47.449 E.00166
G1 X73.997 Y47.408 E.00096
;WIDTH:0.439999
G1 X74.385 Y47.265 E.01116
G1 X73.024 Y45.904 E.05194
G1 X73.024 Y45.33 E.01549
G1 X74.959 Y47.265 E.07384
G1 X75.532 Y47.265 E.01546
G1 X73.024 Y44.756 E.09573
G1 X72.912 Y43.87 F9000
;WIDTH:0.374336
G1 F3600
G1 X72.892 Y43.941 E.00167
G1 X72.964 Y43.922 E.00168
G1 X72.953 Y43.881 E.00096
;WIDTH:0.407168
G1 X72.988 Y44.032 E.00384
;WIDTH:0.439999
G1 X73.024 Y44.183 E.00419
G1 X76.106 Y47.265 E.11762
G1 X76.68 Y47.265 E.01549
G1 X73.427 Y44.012 E.12414
G1 X74.001 Y44.012 E.01549
G1 X77.253 Y47.265 E.12412
G1 X77.827 Y47.265 E.01549
G1 X74.575 Y44.012 E.12412
G1 X75.148 Y44.012 E.01546
G1 X78.251 Y47.115 E.11842
G1 X78.299 Y47.223 E.00319
;WIDTH:0.407168
G1 X78.348 Y47.332 E.00296
;WIDTH:0.374336
G1 X78.329 Y47.403 E.00166
G1 X78.4 Y47.384 E.00166
G1 X78.389 Y47.343 E.00096
G1 X78.251 Y46.542 F9000
;WIDTH:0.439999
G1 F3600
G1 X75.722 Y44.012 E.09653
G1 X76.296 Y44.012 E.01549
G1 X78.251 Y45.968 E.07463
G1 X78.332 Y46.025 E.00267
;WIDTH:0.407168
G1 X78.413 Y46.083 E.00247
;WIDTH:0.374336
G1 X78.394 Y46.154 E.00166
G1 X78.465 Y46.135 E.00166
G1 X78.454 Y46.094 E.00096
G1 E-3.5
;WIPE_START
G1 F7200
G1 X78.465 Y46.135 E-.02016
G1 X78.394 Y46.154 E-.03491
G1 X78.413 Y46.083 E-.03491
G1 X78.332 Y46.025 E-.04732
G1 X78.251 Y45.968 E-.04705
G1 X76.296 Y44.012 E-1.31361
G1 X76.292 Y44.012 E-.00204
;WIPE_END
G1 X77.013 Y44.156 F9000
G1 E5 F2400
;WIDTH:0.439999
G1 F3600
G1 X78.251 Y45.394 E.04724
G1 X78.251 Y44.012 E.03729
G1 X76.869 Y44.012 E.03729
G1 E-3.5
;WIPE_START
G1 F7200
G1 X78.251 Y44.012 E-.65645
G1 X78.251 Y45.394 E-.65645
G1 X77.972 Y45.115 E-.1871
;WIPE_END
G1 X72.618 Y45.577 F9000
G1 E5 F2400
;TYPE:Internal infill
;WIDTH:0.44
G1 F3600
G1 X72.618 Y47.265 E.04555
G1 X71.872 Y47.265 E.02013
G1 X68.619 Y44.012 E.12414
G1 X71.071 Y44.012 E.06617
G1 X67.818 Y47.265 E.12414
G1 X64.223 Y47.265 E.09701
G1 X60.97 Y44.012 E.12414
G1 X63.421 Y44.012 E.06614
G1 X60.169 Y47.265 E.12412
G1 X56.573 Y47.265 E.09704
G1 X49.37 Y40.062 E.27488
G1 X49.37 Y42.765 E.07294
G1 X54.323 Y37.812 E.18902
G1 X54.323 Y37.365 E.01206
G1 X49.37 Y32.412 E.18902
G1 X49.37 Y35.116 E.07297
G1 X56.573 Y27.912 E.2749
G1 X60.169 Y27.912 E.09704
G1 X62.621 Y30.365 E.09359
G1 X61.77 Y30.365 E.02296
G1 X64.223 Y27.912 E.09361
G1 X67.818 Y27.912 E.09701
G1 X70.271 Y30.365 E.09361
G1 X69.419 Y30.365 E.02299
G1 X71.872 Y27.912 E.09361
G1 X72.618 Y27.912 E.02013
G1 X72.618 Y29.6 E.04555
G1 X73.024 Y30.365 F9000
;TYPE:Solid infill
;WIDTH:0.439999
G1 F3600
G1 X73.024 Y27.912 E.06619
G1 X78.251 Y27.912 E.14105
G1 X78.251 Y30.365 E.06619
G1 X73.227 Y30.365 E.13557
G1 X73.429 Y29.959 E.01224
G1 X73.429 Y28.318 E.04428
G1 X77.846 Y28.318 E.11919
G1 X77.846 Y29.959 E.04428
G1 X73.632 Y29.959 E.11371
G1 X73.835 Y29.554 E.01222
G1 X73.835 Y28.724 E.0224
G1 X77.44 Y28.724 E.09728
G1 X77.44 Y29.554 E.0224
G1 X74.038 Y29.554 E.0918
G1 X74.25 Y29.139 E.01258
;WIDTH:0.458672
G1 X77.025 Y29.139 E.07833
G1 E-3.5
;WIPE_START
G1 F7200
G1 X74.25 Y29.139 E-1.31813
G1 X74.076 Y29.48 E-.18187
;WIPE_END
G1 X54.323 Y32.609 F9000
G1 E5 F2400
;TYPE:Internal infill
;WIDTH:0.44
G1 F3600
G1 X54.323 Y31.663 E.02553
G1 X54.384 Y31.273 E.01065
G1 X54.67 Y30.783 E.01531
G1 X55.098 Y30.491 E.01398
G1 X52.519 Y27.912 E.09842
G1 X48.924 Y27.912 E.09701
G1 X48.824 Y28.013 E.00384
G1 X49.271 Y28.564 E.01915
G1 X49.37 Y29.061 E.01367
G1 X49.37 Y30.275 E.03276
G1 E-3.5
;WIPE_START
G1 F7200
G1 X49.37 Y29.061 E-.57665
G1 X49.271 Y28.564 E-.24071
G1 X48.824 Y28.013 E-.33702
G1 X48.924 Y27.912 E-.06751
G1 X49.51 Y27.912 E-.27811
;WIPE_END
G1 X54.323 Y42.462 F9000
G1 E5 F2400
G1 F3600
G1 X54.361 Y43.022 E.01515
G1 X54.645 Y43.566 E.01656
G1 X54.904 Y43.794 E.00931
G1 X55.242 Y43.955 E.0101
G1 X55.772 Y44.012 E.01438
G1 X52.519 Y47.265 E.12414
G1 X48.924 Y47.265 E.09701
G1 X48.071 Y46.412 E.03255
G1 X45.723 Y46.412 E.06336
G1 X44.87 Y47.265 E.03255
G1 X41.275 Y47.265 E.09701
G1 X40.422 Y46.412 E.03255
G1 X38.475 Y46.412 E.05254
G1 X38.475 Y46.899 E.01314
G1 E-3.5
;WIPE_START
G1 F7200
G1 X38.475 Y46.412 E-.23133
G1 X40.422 Y46.412 E-.92483
G1 X40.934 Y46.924 E-.34384
;WIPE_END
G1 X33.024 Y47.265 F9000
G1 E5 F2400
;TYPE:Solid infill
;WIDTH:0.439999
G1 F3600
G1 X33.024 Y46.412 E.02302
G1 X38.069 Y46.412 E.13614
G1 X38.069 Y47.265 E.02302
G1 X33.227 Y47.265 E.13066
G1 X33.45 Y46.839 E.01298
;WIDTH:0.481322
G1 X37.643 Y46.839 E.12467
;LAYER_CHANGE
;Z:2.28
;HEIGHT:0.16
;BEFORE_LAYER_CHANGE
G92 E0
;2.28


G1 E-3.5 F3600
;WIPE_START
G1 F7200
G1 X34.485 Y46.839 E-1.5
;WIPE_END
G1 Z2.28 F9000
;AFTER_LAYER_CHANGE
;2.28
G1 X30.417 Y47.577
G1 E5 F2400
;TYPE:Perimeter
;WIDTH:0.439999
G1 F3600
G1 X30.417 Y46.1 E.03986
G1 X48.192 Y46.1 E.47966
G1 X48.531 Y45.983 E.00968
G1 X48.859 Y45.702 E.01165
G1 X49.018 Y45.384 E.00959
G1 X49.058 Y45.106 E.00758
G1 X49.058 Y29.072 E.43267
G1 X48.981 Y28.689 E.01054
G1 X48.66 Y28.276 E.01412
;WIDTH:0.475842
G1 X48.064 Y28.059 E.01863
G1 X30.435 Y28.059 E.51775
G1 X30.435 Y27.618 E.01295
G1 X48.064 Y27.618 E.51775
G1 X48.885 Y27.6 E.02412
;WIDTH:0.439999
G1 X78.676 Y27.6 E.8039
G1 X78.676 Y30.677 E.08303
G1 X55.496 Y30.677 E.62551
G1 X55.095 Y30.833 E.01161
G1 X54.9 Y30.996 E.00686
G1 X54.683 Y31.367 E.0116
G1 X54.635 Y31.672 E.00833
G1 X54.635 Y42.834 E.3012
G1 X54.748 Y43.166 E.00946
G1 X54.88 Y43.36 E.00633
G1 X55.077 Y43.533 E.00707
G1 X55.335 Y43.655 E.0077
G1 X55.629 Y43.7 E.00803
G1 X78.676 Y43.7 E.62192
G1 X78.676 Y47.577 E.10462
G1 X30.477 Y47.577 E1.30064
G1 X30.011 Y47.983 F9000
G1 F3600
G1 X30.011 Y45.694 E.06177
G1 X48.064 Y45.694 E.48716
G1 X48.341 Y45.625 E.0077
G1 X48.534 Y45.459 E.00687
G1 X48.629 Y45.271 E.00568
G1 X48.652 Y45.106 E.0045
G1 X48.652 Y29.072 E.43267
G1 X48.607 Y28.845 E.00624
G1 X48.417 Y28.601 E.00835
G1 X48.064 Y28.483 E.01004
G1 X30.011 Y28.483 E.48716
G1 X30.011 Y27.194 E.03478
G1 X79.081 Y27.194 E1.32414
G1 X79.081 Y31.083 E.10494
G1 X55.55 Y31.083 E.63498
G1 X55.313 Y31.175 E.00686
G1 X55.117 Y31.381 E.00767
G1 X55.041 Y31.672 E.00812
G1 X55.041 Y42.789 E.29999
G1 X55.186 Y43.093 E.00909
G1 X55.455 Y43.268 E.00866
G1 X55.629 Y43.294 E.00475
G1 X79.081 Y43.294 E.63285
G1 X79.081 Y47.983 E.12653
G1 X30.071 Y47.983 E1.32253
G1 X29.616 Y48.379 F9000
;TYPE:External perimeter
;WIDTH:0.419999
G1 F1800
G1 X29.616 Y45.299 E.07902
G1 X48.064 Y45.299 E.47327
G1 X48.218 Y45.222 E.00442
G1 X48.256 Y45.106 E.00313
G1 X48.256 Y29.072 E.41134
G1 X48.179 Y28.917 E.00444
G1 X48.064 Y28.879 E.00311
G1 X29.616 Y28.879 E.47327
G1 X29.616 Y26.799 E.05336
G1 X79.477 Y26.799 E1.27915
G1 X79.477 Y31.479 E.12006
G1 X55.629 Y31.479 E.61181
G1 X55.488 Y31.541 E.00395
G1 X55.436 Y31.672 E.00362
G1 X55.436 Y42.706 E.28307
G1 X55.484 Y42.833 E.00348
G1 X55.629 Y42.899 E.00409
G1 X79.477 Y42.899 E.61181
G1 X79.477 Y48.379 E.14059
G1 X29.676 Y48.379 E1.27762
G1 E-3.5 F3600
;WIPE_START
G1 F7200
G1 X29.616 Y48.379 E-.0285
G1 X29.616 Y45.299 E-1.463
G1 X29.634 Y45.299 E-.0085
;WIPE_END
G1 X38.057 Y46.412 F9000
G1 E5 F2400
;TYPE:Solid infill
;WIDTH:0.439999
G1 F3600
G1 X32.834 Y46.412 E.14094
G1 X32.834 Y47.265 E.02302
G1 X38.259 Y47.265 E.14639
G1 X38.259 Y46.412 E.02302
G1 X37.833 Y46.839 E.01628
;WIDTH:0.481322
G1 X33.26 Y46.839 E.13597
G1 E-3.5
;WIPE_START
G1 F7200
G1 X36.418 Y46.839 E-1.5
;WIPE_END
G1 X42.856 Y46.412 F9000
G1 E5 F2400
;TYPE:Internal infill
;WIDTH:0.44
G1 F3600
G1 X40.422 Y46.412 E.06568
G1 X41.275 Y47.265 E.03255
G1 X44.87 Y47.265 E.09701
G1 X45.723 Y46.412 E.03255
G1 X48.071 Y46.412 E.06336
G1 X48.924 Y47.265 E.03255
G1 X52.519 Y47.265 E.09701
G1 X55.772 Y44.012 E.12414
G1 X55.242 Y43.955 E.01438
G1 X54.904 Y43.794 E.0101
G1 X54.645 Y43.566 E.00931
G1 X54.361 Y43.022 E.01656
G1 X54.323 Y42.462 E.01515
G1 E-3.5
;WIPE_START
G1 F7200
G1 X54.361 Y43.022 E-.26661
G1 X54.645 Y43.566 E-.29149
G1 X54.904 Y43.794 E-.1639
G1 X55.242 Y43.955 E-.17783
G1 X55.772 Y44.012 E-.2532
G1 X55.256 Y44.529 E-.34697
;WIPE_END
G1 X54.323 Y32.609 F9000
G1 E5 F2400
G1 F3600
G1 X54.323 Y31.663 E.02553
G1 X54.384 Y31.273 E.01065
G1 X54.67 Y30.783 E.01531
G1 X55.098 Y30.491 E.01398
G1 X52.519 Y27.912 E.09842
G1 X48.924 Y27.912 E.09701
G1 X48.824 Y28.013 E.00384
G1 X49.271 Y28.564 E.01915
G1 X49.37 Y29.061 E.01367
G1 X49.37 Y30.275 E.03276
G1 E-3.5
;WIPE_START
G1 F7200
G1 X49.37 Y29.061 E-.57665
G1 X49.271 Y28.564 E-.24071
G1 X48.824 Y28.013 E-.33702
G1 X48.924 Y27.912 E-.06751
G1 X49.51 Y27.912 E-.27811
;WIPE_END
G1 X78.161 Y27.912 F9000
G1 E5 F2400
;TYPE:Solid infill
;WIDTH:0.439999
G1 F3600
G1 X72.834 Y27.912 E.14375
G1 X72.834 Y30.365 E.06619
G1 X78.363 Y30.365 E.1492
G1 X78.363 Y27.912 E.06619
G1 X77.958 Y28.318 E.01547
G1 X77.958 Y29.959 E.04428
G1 X73.239 Y29.959 E.12734
G1 X73.239 Y28.318 E.04428
G1 X77.755 Y28.318 E.12186
G1 X77.552 Y28.724 E.01225
G1 X77.552 Y29.554 E.0224
G1 X73.645 Y29.554 E.10543
G1 X73.645 Y28.724 E.0224
G1 X77.349 Y28.724 E.09995
G1 X77.137 Y29.139 E.01258
;WIDTH:0.458672
G1 X74.06 Y29.139 E.08685
G1 X72.428 Y29.791 F9000
;TYPE:Internal infill
;WIDTH:0.44
G1 F3600
G1 X72.428 Y27.912 E.0507
G1 X71.872 Y27.912 E.015
G1 X69.419 Y30.365 E.09361
G1 X70.271 Y30.365 E.02299
G1 X67.818 Y27.912 E.09361
G1 X64.223 Y27.912 E.09701
G1 X61.77 Y30.365 E.09361
G1 X62.621 Y30.365 E.02296
G1 X60.169 Y27.912 E.09359
G1 X56.573 Y27.912 E.09704
G1 X49.37 Y35.116 E.2749
G1 X49.37 Y32.412 E.07297
G1 X54.323 Y37.365 E.18902
G1 X54.323 Y37.812 E.01206
G1 X49.37 Y42.765 E.18902
G1 X49.37 Y40.062 E.07294
G1 X56.573 Y47.265 E.27488
G1 X60.169 Y47.265 E.09704
G1 X63.421 Y44.012 E.12412
G1 X60.97 Y44.012 E.06614
G1 X64.223 Y47.265 E.12414
G1 X67.818 Y47.265 E.09701
G1 X71.071 Y44.012 E.12414
G1 X68.619 Y44.012 E.06617
G1 X71.872 Y47.265 E.12414
G1 X72.428 Y47.265 E.015
G1 X72.428 Y45.387 E.05068
G1 X72.96 Y44.058 F9000
;TYPE:Solid infill
;WIDTH:0.565258
G1 F3600
G1 X72.913 Y44.011 E.00235
G1 X72.849 Y44.028 E.00234
G1 X72.832 Y44.092 E.00234
G1 X72.879 Y44.139 E.00235
G1 X72.943 Y44.122 E.00234
;WIDTH:0.439999
G1 X72.834 Y44.8 E.01853
G1 X73.621 Y44.012 E.03005
G1 X73.714 Y43.941 E.00316
;WIDTH:0.407168
G1 X73.807 Y43.869 E.00292
;WIDTH:0.374336
G1 X73.766 Y43.88 E.00096
G1 X73.747 Y43.809 E.00166
G1 X73.818 Y43.828 E.00166
;WIDTH:0.439999
G1 X74.195 Y44.012 E.01132
G1 X72.834 Y45.374 E.05196
G1 X72.834 Y45.947 E.01546
G1 X74.768 Y44.012 E.07382
G1 X75.342 Y44.012 E.01549
G1 X72.834 Y46.521 E.09573
G1 X72.762 Y47.396 F9000
;WIDTH:0.374336
G1 F3600
G1 X72.721 Y47.407 E.00096
G1 X72.702 Y47.336 E.00166
G1 X72.773 Y47.355 E.00166
;WIDTH:0.407168
G1 X72.803 Y47.225 E.00331
;WIDTH:0.439999
G1 X72.834 Y47.095 E.00361
G1 X75.916 Y44.012 E.11764
G1 X76.49 Y44.012 E.01549
G1 X73.237 Y47.265 E.12414
G1 X73.811 Y47.265 E.01549
G1 X77.063 Y44.012 E.12412
G1 X77.637 Y44.012 E.01549
G1 X74.384 Y47.265 E.12414
G1 X74.958 Y47.265 E.01549
G1 X78.211 Y44.012 E.12414
G1 X78.355 Y43.974 E.00402
;WIDTH:0.407168
G1 X78.5 Y43.936 E.00372
;WIDTH:0.374336
G1 X78.459 Y43.947 E.00096
G1 X78.44 Y43.876 E.00166
G1 X78.511 Y43.895 E.00166
;WIDTH:0.439999
G1 X78.363 Y44.433 E.01506
G1 X75.532 Y47.265 E.10806
G1 X76.105 Y47.265 E.01546
G1 X78.363 Y45.007 E.08617
G1 X78.578 Y45.414 E.01242
;WIDTH:0.374336
G1 X78.506 Y45.395 E.00168
G1 X78.526 Y45.466 E.00167
G1 X78.567 Y45.455 E.00096
;WIDTH:0.407168
G1 X78.465 Y45.518 E.00297
;WIDTH:0.439999
G1 X78.363 Y45.581 E.00324
G1 X76.679 Y47.265 E.06427
G1 X78.159 Y46.446 F9000
;WIDTH:0.562474
G1 F3600
G1 X77.401 Y47.204 E.03766
G1 X78.302 Y47.204 E.03165
G1 X78.302 Y46.302 E.03169
;LAYER_CHANGE
;Z:2.44
;HEIGHT:0.16
;BEFORE_LAYER_CHANGE
G92 E0
;2.44


G1 E-3.5 F3600
;WIPE_START
G1 F7200
G1 X78.302 Y47.204 E-.42845
G1 X77.401 Y47.204 E-.42798
G1 X78.159 Y46.446 E-.50919
;WIPE_END
G1 E-.13438 F3600
G1 Z2.44 F9000
;AFTER_LAYER_CHANGE
;2.44
G1 X78.78 Y47.577
G1 E5 F2400
;TYPE:Perimeter
;WIDTH:0.439999
G1 F3600
G1 X30.313 Y47.577 E1.30787
G1 X30.313 Y46.1 E.03986
G1 X48.192 Y46.1 E.48246
G1 X48.531 Y45.983 E.00968
G1 X48.859 Y45.702 E.01165
G1 X49.018 Y45.384 E.00959
G1 X49.058 Y45.106 E.00758
G1 X49.058 Y29.072 E.43267
G1 X48.981 Y28.689 E.01054
G1 X48.66 Y28.276 E.01412
;WIDTH:0.475842
G1 X48.064 Y28.059 E.01863
G1 X30.331 Y28.059 E.5208
G1 X30.331 Y27.618 E.01295
G1 X48.064 Y27.618 E.5208
G1 X48.885 Y27.6 E.02412
;WIDTH:0.439999
G1 X78.78 Y27.6 E.80671
G1 X78.78 Y30.677 E.08303
G1 X55.496 Y30.677 E.62831
G1 X55.095 Y30.833 E.01161
G1 X54.9 Y30.996 E.00686
G1 X54.683 Y31.367 E.0116
G1 X54.635 Y31.672 E.00833
G1 X54.635 Y42.834 E.3012
G1 X54.748 Y43.166 E.00946
G1 X54.88 Y43.36 E.00633
G1 X55.077 Y43.533 E.00707
G1 X55.335 Y43.655 E.0077
G1 X55.629 Y43.7 E.00803
G1 X78.78 Y43.7 E.62473
G1 X78.78 Y47.517 E.103
G1 X79.185 Y47.983 F9000
G1 F3600
G1 X29.908 Y47.983 E1.32973
G1 X29.908 Y45.694 E.06177
G1 X48.064 Y45.694 E.48994
G1 X48.341 Y45.625 E.0077
G1 X48.534 Y45.459 E.00687
G1 X48.629 Y45.271 E.00568
G1 X48.652 Y45.106 E.0045
G1 X48.652 Y29.072 E.43267
G1 X48.607 Y28.845 E.00624
G1 X48.417 Y28.601 E.00835
G1 X48.064 Y28.483 E.01004
G1 X29.908 Y28.483 E.48994
G1 X29.908 Y27.194 E.03478
G1 X79.185 Y27.194 E1.32973
G1 X79.185 Y31.083 E.10494
G1 X55.55 Y31.083 E.63779
G1 X55.313 Y31.175 E.00686
G1 X55.117 Y31.381 E.00767
G1 X55.041 Y31.672 E.00812
G1 X55.041 Y42.789 E.29999
G1 X55.186 Y43.093 E.00909
G1 X55.455 Y43.268 E.00866
G1 X55.629 Y43.294 E.00475
G1 X79.185 Y43.294 E.63565
G1 X79.185 Y47.923 E.12491
G1 X79.581 Y48.379 F9000
;TYPE:External perimeter
;WIDTH:0.419999
G1 F1800
G1 X29.512 Y48.379 E1.28449
G1 X29.512 Y45.299 E.07902
G1 X48.064 Y45.299 E.47594
G1 X48.218 Y45.222 E.00442
G1 X48.256 Y45.106 E.00313
G1 X48.256 Y29.072 E.41134
G1 X48.179 Y28.917 E.00444
G1 X48.064 Y28.879 E.00311
G1 X29.512 Y28.879 E.47594
G1 X29.512 Y26.799 E.05336
G1 X79.581 Y26.799 E1.28449
G1 X79.581 Y31.479 E.12006
G1 X55.629 Y31.479 E.61447
G1 X55.488 Y31.541 E.00395
G1 X55.436 Y31.672 E.00362
G1 X55.436 Y42.706 E.28307
G1 X55.484 Y42.833 E.00348
G1 X55.629 Y42.899 E.00409
G1 X79.581 Y42.899 E.61447
G1 X79.581 Y48.319 E.13905
G1 X78.119 Y47.284 F9000
;TYPE:Solid infill
;WIDTH:0.401967
G1 F3600
G1 X78.119 Y43.993 E.08048
G1 X78.486 Y43.993 E.00897
G1 X78.486 Y47.284 E.08048
G1 X78.322 Y47.284 E.00401
G1 E-3.5
;WIPE_START
G1 F7200
G1 X78.486 Y47.284 E-.0779
G1 X78.486 Y44.29 E-1.4221
;WIPE_END
G1 X77.162 Y43.828 F9000
G1 E5 F2400
;TYPE:Top solid infill
;WIDTH:0.407124
G1 F1800
G1 X77.752 Y44.418 E.02069
G1 X77.752 Y44.945 E.01307
G1 X76.8 Y43.992 E.0334
G1 X76.272 Y43.992 E.01309
G1 X77.752 Y45.472 E.0519
G1 X77.752 Y45.999 E.01307
G1 X75.745 Y43.992 E.07038
G1 X75.218 Y43.992 E.01307
G1 X77.752 Y46.526 E.08887
G1 X77.752 Y47.054 E.01309
G1 X74.691 Y43.992 E.10737
G1 X74.164 Y43.992 E.01307
G1 X77.456 Y47.285 E.11547
G1 X76.929 Y47.285 E.01307
G1 X73.636 Y43.992 E.11548
G1 X73.341 Y43.992 E.00732
G1 X73.341 Y44.224 E.00575
G1 X76.402 Y47.285 E.10735
G1 X75.875 Y47.285 E.01307
G1 X73.341 Y44.751 E.08887
G1 X73.341 Y45.278 E.01307
G1 X75.348 Y47.285 E.07038
G1 X74.82 Y47.285 E.01309
G1 X73.341 Y45.806 E.05187
G1 X73.341 Y46.333 E.01307
G1 X74.293 Y47.285 E.03339
G1 X73.766 Y47.285 E.01307
G1 X73.176 Y46.695 E.02069
G1 X72.644 Y47.297 F9000
;TYPE:Solid infill
;WIDTH:0.376792
G1 F3600
G1 X72.644 Y43.981 E.07554
G1 X72.987 Y43.981 E.00781
G1 X72.987 Y47.297 E.07554
G1 X72.847 Y47.297 E.00319
G1 E-3.5
;WIPE_START
G1 F7200
G1 X72.987 Y47.297 E-.0665
G1 X72.987 Y44.279 E-1.4335
;WIPE_END
G1 X72.27 Y45.229 F9000
G1 E5 F2400
;TYPE:Internal infill
;WIDTH:0.44
G1 F3600
G1 X72.27 Y47.265 E.05494
G1 X71.872 Y47.265 E.01074
G1 X68.619 Y44.012 E.12414
G1 X71.071 Y44.012 E.06617
G1 X67.818 Y47.265 E.12414
G1 X64.223 Y47.265 E.09701
G1 X60.97 Y44.012 E.12414
G1 X63.421 Y44.012 E.06614
G1 X60.169 Y47.265 E.12412
G1 X56.573 Y47.265 E.09704
G1 X49.37 Y40.062 E.27488
G1 X49.37 Y42.765 E.07294
G1 X54.323 Y37.812 E.18902
G1 X54.323 Y37.365 E.01206
G1 X49.37 Y32.412 E.18902
G1 X49.37 Y35.116 E.07297
G1 X56.573 Y27.912 E.2749
G1 X60.169 Y27.912 E.09704
G1 X62.621 Y30.365 E.09359
G1 X61.77 Y30.365 E.02296
G1 X64.223 Y27.912 E.09361
G1 X67.818 Y27.912 E.09701
G1 X70.271 Y30.365 E.09361
G1 X69.419 Y30.365 E.02299
G1 X71.872 Y27.912 E.09361
G1 X72.27 Y27.912 E.01074
G1 X72.27 Y29.948 E.05494
G1 X72.644 Y30.397 F9000
;TYPE:Solid infill
;WIDTH:0.376792
G1 F3600
G1 X72.644 Y27.881 E.05732
G1 X72.987 Y27.881 E.00781
G1 X72.987 Y30.397 E.05732
G1 X72.847 Y30.397 E.00319
G1 E-3.5
;WIPE_START
G1 F7200
G1 X72.987 Y30.397 E-.0665
G1 X72.987 Y27.881 E-1.1951
G1 X72.644 Y27.881 E-.16292
G1 X72.644 Y28.04 E-.07548
;WIPE_END
G1 X77.135 Y27.728 F9000
G1 E5 F2400
;TYPE:Top solid infill
;WIDTH:0.419974
G1 F1800
G1 X77.752 Y28.345 E.02238
G1 X77.752 Y28.89 E.01398
G1 X76.754 Y27.892 E.03621
G1 X76.209 Y27.892 E.01398
G1 X77.752 Y29.436 E.056
G1 X77.752 Y29.981 E.01398
G1 X75.663 Y27.892 E.07579
G1 X75.118 Y27.892 E.01398
G1 X77.611 Y30.385 E.09044
G1 X77.065 Y30.385 E.01401
G1 X74.573 Y27.892 E.09042
G1 X74.027 Y27.892 E.01401
G1 X76.52 Y30.385 E.09044
G1 X75.975 Y30.385 E.01398
G1 X73.482 Y27.892 E.09044
G1 X73.341 Y27.892 E.00362
G1 X73.341 Y28.297 E.01039
G1 X75.429 Y30.385 E.07575
G1 X74.884 Y30.385 E.01398
G1 X73.341 Y28.842 E.05598
G1 X73.341 Y29.387 E.01398
G1 X74.339 Y30.385 E.03621
G1 X73.793 Y30.385 E.01401
G1 X73.176 Y29.768 E.02238
G1 E-3.5 F3600
;WIPE_START
G1 F7200
G1 X73.793 Y30.385 E-.41447
G1 X74.339 Y30.385 E-.25935
G1 X73.341 Y29.387 E-.67041
G1 X73.341 Y29.059 E-.15577
;WIPE_END
G1 X78.119 Y27.893 F9000
G1 E5 F2400
;TYPE:Solid infill
;WIDTH:0.401969
G1 F3600
G1 X78.486 Y27.893 E.00898
G1 X78.486 Y30.384 E.06092
G1 X78.119 Y30.384 E.00898
G1 X78.119 Y28.096 E.05595
G1 E-3.5
;WIPE_START
G1 F7200
G1 X78.119 Y30.384 E-1.0868
G1 X78.486 Y30.384 E-.17433
G1 X78.486 Y29.881 E-.23887
;WIPE_END
G1 X54.323 Y32.609 F9000
G1 E5 F2400
;TYPE:Internal infill
;WIDTH:0.44
G1 F3600
G1 X54.323 Y31.663 E.02553
G1 X54.384 Y31.273 E.01065
G1 X54.67 Y30.783 E.01531
G1 X55.098 Y30.491 E.01398
G1 X52.519 Y27.912 E.09842
G1 X48.924 Y27.912 E.09701
G1 X48.824 Y28.013 E.00384
G1 X49.271 Y28.564 E.01915
G1 X49.37 Y29.061 E.01367
G1 X49.37 Y30.275 E.03276
G1 E-3.5
;WIPE_START
G1 F7200
G1 X49.37 Y29.061 E-.57665
G1 X49.271 Y28.564 E-.24071
G1 X48.824 Y28.013 E-.33702
G1 X48.924 Y27.912 E-.06751
G1 X49.51 Y27.912 E-.27811
;WIPE_END
G1 X54.323 Y42.462 F9000
G1 E5 F2400
G1 F3600
G1 X54.361 Y43.022 E.01515
G1 X54.645 Y43.566 E.01656
G1 X54.904 Y43.794 E.00931
G1 X55.242 Y43.955 E.0101
G1 X55.772 Y44.012 E.01438
G1 X52.519 Y47.265 E.12414
G1 X48.924 Y47.265 E.09701
G1 X48.071 Y46.412 E.03255
G1 X45.723 Y46.412 E.06336
G1 X44.87 Y47.265 E.03255
G1 X41.275 Y47.265 E.09701
G1 X40.422 Y46.412 E.03255
G1 X42.856 Y46.412 E.06568
G1 E-3.5
;WIPE_START
G1 F7200
G1 X40.422 Y46.412 E-1.15615
G1 X40.934 Y46.924 E-.34385
;WIPE_END
G1 X38.106 Y47.297 F9000
G1 E5 F2400
;TYPE:Solid infill
;WIDTH:0.376794
G1 F3600
G1 X38.106 Y46.381 E.02087
G1 X38.449 Y46.381 E.00781
G1 X38.449 Y47.297 E.02087
G1 X38.309 Y47.297 E.00319
G1 X37.917 Y47.014 F9000
;TYPE:Top solid infill
;WIDTH:0.422296
G1 F1800
G1 X37.295 Y46.392 E.0227
G1 X36.746 Y46.392 E.01417
G1 X37.639 Y47.285 E.03259
G1 X37.09 Y47.285 E.01417
G1 X36.197 Y46.392 E.03259
G1 X35.649 Y46.392 E.01414
G1 X36.541 Y47.285 E.03257
G1 X35.993 Y47.285 E.01414
G1 X35.1 Y46.392 E.03259
G1 X34.551 Y46.392 E.01417
G1 X35.444 Y47.285 E.03259
G1 X34.895 Y47.285 E.01417
G1 X34.003 Y46.392 E.03257
G1 X33.454 Y46.392 E.01417
G1 X34.347 Y47.285 E.03259
G1 X33.798 Y47.285 E.01417
G1 X33.176 Y46.663 E.0227
G1 X32.644 Y47.297 F9000
;TYPE:Solid infill
;WIDTH:0.376793
G1 F3600
G1 X32.644 Y46.381 E.02087
G1 X32.987 Y46.381 E.00781
G1 X32.987 Y47.297 E.02087
G1 X32.847 Y47.297 E.00319
;LAYER_CHANGE
;Z:2.6
;HEIGHT:0.16
;BEFORE_LAYER_CHANGE
G92 E0
;2.6


G1 E-3.5 F3600
;WIPE_START
G1 F7200
G1 X32.987 Y47.297 E-.0665
G1 X32.987 Y46.381 E-.4351
G1 X32.644 Y46.381 E-.16293
G1 X32.644 Y47.297 E-.4351
;WIPE_END
G1 E-.40037 F3600
G1 Z2.6 F9000
;AFTER_LAYER_CHANGE
;2.6
G1 X34.136 Y47.577
G1 E5 F2400
;TYPE:Perimeter
;WIDTH:0.439999
G1 F1800
G1 X30.217 Y47.577 E.10575
G1 X30.217 Y46.1 E.03986
G1 X34.136 Y46.1 E.10575
G1 X34.136 Y47.517 E.03824
G1 X34.542 Y47.983 F9000
G1 F1800
G1 X29.811 Y47.983 E.12767
G1 X29.811 Y45.694 E.06177
G1 X34.542 Y45.694 E.12767
G1 X34.542 Y47.923 E.06015
G1 X34.938 Y48.379 F9000
;TYPE:External perimeter
;WIDTH:0.419999
G1 F1800
G1 X29.415 Y48.379 E.14169
G1 X29.415 Y45.299 E.07902
G1 X34.938 Y45.299 E.14169
G1 X34.938 Y48.319 E.07748
G1 X33.626 Y47.265 F9000
;TYPE:Internal infill
;WIDTH:0.44
G1 F3600
G1 X32.773 Y46.412 E.03255
G1 E-3.5
;WIPE_START
G1 F7200
G1 X33.626 Y47.265 E-.573
;WIPE_END
G1 E-.927 F3600
G1 X34.119 Y28.059 F9000
G1 E5 F2400
;TYPE:Perimeter
;WIDTH:0.475842
G1 F1800
G1 X30.235 Y28.059 E.11407
G1 X30.235 Y27.618 E.01295
G1 X34.119 Y27.618 E.11407
G1 X34.119 Y27.999 E.01119
G1 X34.542 Y28.483 F9000
;WIDTH:0.439999
G1 F1800
G1 X29.811 Y28.483 E.12767
G1 X29.811 Y27.194 E.03478
G1 X34.542 Y27.194 E.12767
G1 X34.542 Y28.423 E.03316
G1 X34.938 Y28.879 F9000
;TYPE:External perimeter
;WIDTH:0.419999
G1 F1800
G1 X29.415 Y28.879 E.14169
G1 X29.415 Y26.799 E.05336
G1 X34.938 Y26.799 E.14169
G1 X34.938 Y28.819 E.05182
G1 E-3.5 F3600
;WIPE_START
G1 F7200
G1 X34.938 Y28.879 E-.0285
G1 X31.84 Y28.879 E-1.4715
;WIPE_END
G1 X36.974 Y28.059 F9000
G1 E5 F2400
;TYPE:Perimeter
;WIDTH:0.475842
G1 F3600
G1 X36.974 Y27.618 E.01295
G1 X48.064 Y27.618 E.3257
G1 X48.885 Y27.6 E.02412
;WIDTH:0.439999
G1 X74.136 Y27.6 E.68139
G1 X74.136 Y30.677 E.08303
G1 X55.496 Y30.677 E.503
G1 X55.095 Y30.833 E.01161
G1 X54.9 Y30.996 E.00686
G1 X54.683 Y31.367 E.0116
G1 X54.635 Y31.672 E.00833
G1 X54.635 Y42.834 E.3012
G1 X54.748 Y43.166 E.00946
G1 X54.88 Y43.36 E.00633
G1 X55.077 Y43.533 E.00707
G1 X55.335 Y43.655 E.0077
G1 X55.629 Y43.7 E.00803
G1 X74.136 Y43.7 E.49941
G1 X74.136 Y47.577 E.10462
G1 X36.956 Y47.577 E1.0033
G1 X36.956 Y46.1 E.03986
G1 X48.192 Y46.1 E.3032
G1 X48.531 Y45.983 E.00968
G1 X48.859 Y45.702 E.01165
G1 X49.018 Y45.384 E.00959
G1 X49.058 Y45.106 E.00758
G1 X49.058 Y29.072 E.43267
G1 X48.981 Y28.689 E.01054
G1 X48.66 Y28.276 E.01412
;WIDTH:0.475842
G1 X48.064 Y28.059 E.01863
G1 X37.034 Y28.059 E.32394
G1 X36.551 Y28.483 F9000
;WIDTH:0.439999
G1 F3600
G1 X36.551 Y27.194 E.03478
G1 X74.542 Y27.194 E1.02518
G1 X74.542 Y31.083 E.10494
G1 X55.55 Y31.083 E.5125
G1 X55.313 Y31.175 E.00686
G1 X55.117 Y31.381 E.00767
G1 X55.041 Y31.672 E.00812
G1 X55.041 Y42.789 E.29999
G1 X55.186 Y43.093 E.00909
G1 X55.455 Y43.268 E.00866
G1 X55.629 Y43.294 E.00475
G1 X74.542 Y43.294 E.51036
G1 X74.542 Y47.983 E.12653
G1 X36.551 Y47.983 E1.02518
G1 X36.551 Y45.694 E.06177
G1 X48.064 Y45.694 E.31068
G1 X48.341 Y45.625 E.0077
G1 X48.534 Y45.459 E.00687
G1 X48.629 Y45.271 E.00568
G1 X48.652 Y45.106 E.0045
G1 X48.652 Y29.072 E.43267
G1 X48.607 Y28.845 E.00624
G1 X48.417 Y28.601 E.00835
G1 X48.064 Y28.483 E.01004
G1 X36.611 Y28.483 E.30906
G1 X36.155 Y28.879 F9000
;TYPE:External perimeter
;WIDTH:0.419999
G1 F1800
G1 X36.155 Y26.799 E.05336
G1 X74.938 Y26.799 E.99495
G1 X74.938 Y31.479 E.12006
G1 X55.629 Y31.479 E.49536
G1 X55.488 Y31.541 E.00395
G1 X55.436 Y31.672 E.00362
G1 X55.436 Y42.706 E.28307
G1 X55.484 Y42.833 E.00348
G1 X55.629 Y42.899 E.00409
G1 X74.938 Y42.899 E.49536
G1 X74.938 Y48.379 E.14059
G1 X36.155 Y48.379 E.99495
G1 X36.155 Y45.299 E.07902
G1 X48.064 Y45.299 E.30552
G1 X48.218 Y45.222 E.00442
G1 X48.256 Y45.106 E.00313
G1 X48.256 Y29.072 E.41134
G1 X48.179 Y28.917 E.00444
G1 X48.064 Y28.879 E.00311
G1 X36.215 Y28.879 E.30398
G1 E-3.5 F3600
;WIPE_START
G1 F7200
G1 X36.155 Y28.879 E-.0285
G1 X36.155 Y26.799 E-.988
G1 X37.173 Y26.799 E-.4835
;WIPE_END
G1 X49.37 Y30.275 F9000
G1 E5 F2400
;TYPE:Internal infill
;WIDTH:0.44
G1 F3600
G1 X49.37 Y29.061 E.03276
G1 X49.271 Y28.564 E.01367
G1 X48.824 Y28.013 E.01915
G1 X48.924 Y27.912 E.00384
G1 X52.519 Y27.912 E.09701
G1 X55.098 Y30.491 E.09842
G1 X54.67 Y30.783 E.01398
G1 X54.384 Y31.273 E.01531
G1 X54.323 Y31.663 E.01065
G1 X54.323 Y32.609 E.02553
G1 E-3.5
;WIPE_START
G1 F7200
G1 X54.323 Y31.663 E-.44935
G1 X54.384 Y31.273 E-.1875
G1 X54.67 Y30.783 E-.2695
G1 X55.098 Y30.491 E-.24611
G1 X54.581 Y29.974 E-.34754
;WIPE_END
G1 X54.323 Y42.462 F9000
G1 E5 F2400
G1 F3600
G1 X54.361 Y43.022 E.01515
G1 X54.645 Y43.566 E.01656
G1 X54.904 Y43.794 E.00931
G1 X55.242 Y43.955 E.0101
G1 X55.772 Y44.012 E.01438
G1 X52.519 Y47.265 E.12414
G1 X48.924 Y47.265 E.09701
G1 X48.071 Y46.412 E.03255
G1 X45.723 Y46.412 E.06336
G1 X44.87 Y47.265 E.03255
G1 X41.275 Y47.265 E.09701
G1 X40.422 Y46.412 E.03255
G1 X38.073 Y46.412 E.06339
G1 X37.269 Y47.217 E.0307
G1 X37.269 Y47.265 E.0013
G1 X39.655 Y47.265 E.06439
G1 E-3.5
;WIPE_START
G1 F7200
G1 X37.269 Y47.265 E-1.13335
G1 X37.269 Y47.217 E-.0228
G1 X37.781 Y46.705 E-.34385
;WIPE_END
G1 X72.137 Y45.096 F9000
G1 E5 F2400
G1 F3600
G1 X72.137 Y47.265 E.05853
G1 X71.872 Y47.265 E.00715
G1 X68.619 Y44.012 E.12414
G1 X71.071 Y44.012 E.06617
G1 X67.818 Y47.265 E.12414
G1 X64.223 Y47.265 E.09701
G1 X60.97 Y44.012 E.12414
G1 X63.421 Y44.012 E.06614
G1 X60.169 Y47.265 E.12412
G1 X56.573 Y47.265 E.09704
G1 X49.37 Y40.062 E.27488
G1 X49.37 Y42.765 E.07294
G1 X54.323 Y37.812 E.18902
G1 X54.323 Y37.365 E.01206
G1 X49.37 Y32.412 E.18902
G1 X49.37 Y35.116 E.07297
G1 X56.573 Y27.912 E.2749
G1 X60.169 Y27.912 E.09704
G1 X62.621 Y30.365 E.09359
G1 X61.77 Y30.365 E.02296
G1 X64.223 Y27.912 E.09361
G1 X67.818 Y27.912 E.09701
G1 X70.271 Y30.365 E.09361
G1 X69.419 Y30.365 E.02299
G1 X71.872 Y27.912 E.09361
G1 X72.137 Y27.912 E.00715
G1 X72.137 Y30.081 E.05853
G1 E-3.5
;WIPE_START
G1 F7200
G1 X72.137 Y27.912 E-1.03028
G1 X71.872 Y27.912 E-.12588
G1 X71.36 Y28.424 E-.34384
;WIPE_END
G1 X73.621 Y27.912 F9000
G1 E5 F2400
;TYPE:Solid infill
;WIDTH:0.439999
G1 F3600
G1 X72.543 Y27.912 E.02909
G1 X72.543 Y30.365 E.06619
G1 X73.824 Y30.365 E.03457
G1 X73.824 Y27.912 E.06619
G1 X73.402 Y28.334 E.0161
;WIDTH:0.472169
G1 X73.402 Y29.943 E.04686
G1 X72.965 Y29.943 E.01273
G1 X72.965 Y28.334 E.04686
G1 X73.2 Y28.334 E.00684
G1 E-3.5
;WIPE_START
G1 F7200
G1 X72.965 Y28.334 E-.11162
G1 X72.965 Y29.943 E-.76428
G1 X73.402 Y29.943 E-.20757
G1 X73.402 Y29.066 E-.41653
;WIPE_END
G1 X73.621 Y44.012 F9000
G1 E5 F2400
;WIDTH:0.439999
G1 F3600
G1 X72.543 Y44.012 E.02909
G1 X72.543 Y47.265 E.08778
G1 X73.824 Y47.265 E.03457
G1 X73.824 Y44.012 E.08778
G1 X73.402 Y44.434 E.0161
;WIDTH:0.472169
G1 X73.402 Y46.843 E.07016
G1 X72.965 Y46.843 E.01273
G1 X72.965 Y44.434 E.07016
G1 X73.2 Y44.434 E.00684
G1 E-3.5
;WIPE_START
G1 F7200
G1 X72.965 Y44.434 E-.11162
G1 X72.965 Y46.843 E-1.14428
G1 X73.402 Y46.843 E-.20757
G1 X73.402 Y46.766 E-.03653
;WIPE_END
G1 X76.956 Y30.677 F9000
G1 E5 F2400
;TYPE:Perimeter
;WIDTH:0.439999
G1 F1800
G1 X76.956 Y27.6 E.08303
G1 X78.876 Y27.6 E.05181
G1 X78.876 Y30.677 E.08303
G1 X77.016 Y30.677 E.05019
G1 X76.551 Y31.083 F9000
G1 F1800
G1 X76.551 Y27.194 E.10494
G1 X79.282 Y27.194 E.0737
G1 X79.282 Y31.083 E.10494
G1 X76.611 Y31.083 E.07208
G1 X76.155 Y31.479 F9000
;TYPE:External perimeter
;WIDTH:0.419999
G1 F1800
G1 X76.155 Y26.799 E.12006
G1 X79.677 Y26.799 E.09035
G1 X79.677 Y31.479 E.12006
G1 X76.215 Y31.479 E.08882
G1 E-3.5 F3600
;WIPE_START
G1 F7200
G1 X76.155 Y31.479 E-.0285
G1 X76.155 Y28.381 E-1.4715
;WIPE_END
G1 X77.269 Y27.912 F9000
G1 E5 F2400
;TYPE:Solid infill
;WIDTH:0.439999
G1 F3600
G1 X78.564 Y27.912 E.03495
G1 X78.564 Y30.365 E.06619
G1 X77.269 Y30.365 E.03495
G1 X77.269 Y28.115 E.06072
G1 X77.694 Y28.338 E.01295
;WIDTH:0.479005
G1 X78.139 Y28.338 E.01316
G1 X78.139 Y29.94 E.04739
G1 X77.694 Y29.94 E.01316
G1 X77.694 Y28.54 E.04141
G1 E-3.5
;WIPE_START
G1 F7200
G1 X77.694 Y29.94 E-.665
G1 X78.139 Y29.94 E-.21137
G1 X78.139 Y28.627 E-.62363
;WIPE_END
G1 X76.956 Y43.7 F9000
G1 E5 F2400
;TYPE:Perimeter
;WIDTH:0.439999
G1 F1800
G1 X78.876 Y43.7 E.05181
G1 X78.876 Y47.577 E.10462
G1 X76.956 Y47.577 E.05181
G1 X76.956 Y43.76 E.103
G1 X76.551 Y43.294 F9000
G1 F1800
G1 X79.282 Y43.294 E.0737
G1 X79.282 Y47.983 E.12653
G1 X76.551 Y47.983 E.0737
G1 X76.551 Y43.354 E.12491
G1 X76.155 Y42.899 F9000
;TYPE:External perimeter
;WIDTH:0.419999
G1 F1800
G1 X79.677 Y42.899 E.09035
G1 X79.677 Y48.379 E.14059
G1 X76.155 Y48.379 E.09035
G1 X76.155 Y42.959 E.13905
G1 E-3.5 F3600
;WIPE_START
G1 F7200
G1 X76.155 Y42.899 E-.0285
G1 X79.253 Y42.899 E-1.4715
;WIPE_END
G1 X78.361 Y44.012 F9000
G1 E5 F2400
;TYPE:Solid infill
;WIDTH:0.439999
G1 F3600
G1 X77.269 Y44.012 E.02947
G1 X77.269 Y47.265 E.08778
G1 X78.564 Y47.265 E.03495
G1 X78.564 Y44.012 E.08778
G1 X78.139 Y44.438 E.01624
;WIDTH:0.479005
G1 X78.139 Y46.84 E.07105
G1 X77.694 Y46.84 E.01316
G1 X77.694 Y44.438 E.07105
G1 X77.936 Y44.438 E.00716
;LAYER_CHANGE
;Z:2.76
;HEIGHT:0.16
;BEFORE_LAYER_CHANGE
G92 E0
;2.76


G1 E-3.5 F3600
;WIPE_START
G1 F7200
G1 X77.694 Y44.438 E-.11495
G1 X77.694 Y46.84 E-1.14095
G1 X78.139 Y46.84 E-.21137
G1 X78.139 Y46.771 E-.03273
;WIPE_END
G1 Z2.76 F9000
;AFTER_LAYER_CHANGE
;2.76
G1 X33.573 Y46.1
G1 E5 F2400
;TYPE:Perimeter
;WIDTH:0.439999
G1 F1800
G1 X33.573 Y47.577 E.03986
G1 X30.13 Y47.577 E.09291
G1 X30.13 Y46.1 E.03986
G1 X33.513 Y46.1 E.09129
G1 X33.978 Y45.694 F9000
G1 F1800
G1 X33.978 Y47.983 E.06177
G1 X29.724 Y47.983 E.11479
G1 X29.724 Y45.694 E.06177
G1 X33.918 Y45.694 E.11317
G1 X34.374 Y45.299 F9000
;TYPE:External perimeter
;WIDTH:0.419999
G1 F1800
G1 X34.374 Y48.379 E.07902
G1 X29.328 Y48.379 E.12945
G1 X29.328 Y45.299 E.07902
G1 X34.314 Y45.299 E.12791
G1 X32.773 Y46.412 F9000
;TYPE:Internal infill
;WIDTH:0.44
G1 F3600
G1 X33.26 Y46.9 E.0186
G1 E-3.5
;WIPE_START
G1 F7200
G1 X32.773 Y46.412 E-.32748
;WIPE_END
G1 E-1.17252 F3600
G1 X33.555 Y28.059 F9000
G1 E5 F2400
;TYPE:Perimeter
;WIDTH:0.475842
G1 F1800
G1 X30.148 Y28.059 E.10006
G1 X30.148 Y27.618 E.01295
G1 X33.555 Y27.618 E.10006
G1 X33.555 Y27.999 E.01119
G1 X33.978 Y28.483 F9000
;WIDTH:0.439999
G1 F1800
G1 X29.724 Y28.483 E.11479
G1 X29.724 Y27.194 E.03478
G1 X33.978 Y27.194 E.11479
G1 X33.978 Y28.423 E.03316
G1 X34.374 Y28.879 F9000
;TYPE:External perimeter
;WIDTH:0.419999
G1 F1800
G1 X29.328 Y28.879 E.12945
G1 X29.328 Y26.799 E.05336
G1 X34.374 Y26.799 E.12945
G1 X34.374 Y28.819 E.05182
G1 E-3.5 F3600
;WIPE_START
G1 F7200
G1 X34.374 Y28.879 E-.0285
G1 X31.276 Y28.879 E-1.4715
;WIPE_END
G1 X37.538 Y28.059 F9000
G1 E5 F2400
;TYPE:Perimeter
;WIDTH:0.475842
G1 F3600
G1 X37.538 Y27.618 E.01295
G1 X48.064 Y27.618 E.30914
G1 X48.885 Y27.6 E.02412
;WIDTH:0.439999
G1 X73.573 Y27.6 E.6662
G1 X73.573 Y30.677 E.08303
G1 X55.496 Y30.677 E.4878
G1 X55.095 Y30.833 E.01161
G1 X54.9 Y30.996 E.00686
G1 X54.683 Y31.367 E.0116
G1 X54.635 Y31.672 E.00833
G1 X54.635 Y42.834 E.3012
G1 X54.748 Y43.166 E.00946
G1 X54.88 Y43.36 E.00633
G1 X55.077 Y43.533 E.00707
G1 X55.335 Y43.655 E.0077
G1 X55.629 Y43.7 E.00803
G1 X73.573 Y43.7 E.48422
G1 X73.573 Y47.577 E.10462
G1 X37.52 Y47.577 E.97288
G1 X37.52 Y46.1 E.03986
G1 X48.192 Y46.1 E.28798
G1 X48.531 Y45.983 E.00968
G1 X48.859 Y45.702 E.01165
G1 X49.018 Y45.384 E.00959
G1 X49.058 Y45.106 E.00758
G1 X49.058 Y29.072 E.43267
G1 X48.981 Y28.689 E.01054
G1 X48.66 Y28.276 E.01412
;WIDTH:0.475842
G1 X48.064 Y28.059 E.01863
G1 X37.598 Y28.059 E.30738
G1 X37.115 Y28.483 F9000
;WIDTH:0.439999
G1 F3600
G1 X37.115 Y27.194 E.03478
G1 X73.978 Y27.194 E.99474
G1 X73.978 Y31.083 E.10494
G1 X55.55 Y31.083 E.49728
G1 X55.313 Y31.175 E.00686
G1 X55.117 Y31.381 E.00767
G1 X55.041 Y31.672 E.00812
G1 X55.041 Y42.789 E.29999
G1 X55.186 Y43.093 E.00909
G1 X55.455 Y43.268 E.00866
G1 X55.629 Y43.294 E.00475
G1 X73.978 Y43.294 E.49514
G1 X73.978 Y47.983 E.12653
G1 X37.115 Y47.983 E.99474
G1 X37.115 Y45.694 E.06177
G1 X48.064 Y45.694 E.29546
G1 X48.341 Y45.625 E.0077
G1 X48.534 Y45.459 E.00687
G1 X48.629 Y45.271 E.00568
G1 X48.652 Y45.106 E.0045
G1 X48.652 Y29.072 E.43267
G1 X48.607 Y28.845 E.00624
G1 X48.417 Y28.601 E.00835
G1 X48.064 Y28.483 E.01004
G1 X37.175 Y28.483 E.29384
G1 X36.719 Y28.879 F9000
;TYPE:External perimeter
;WIDTH:0.419999
G1 F1800
G1 X36.719 Y26.799 E.05336
G1 X74.374 Y26.799 E.96602
G1 X74.374 Y31.479 E.12006
G1 X55.629 Y31.479 E.48089
G1 X55.488 Y31.541 E.00395
G1 X55.436 Y31.672 E.00362
G1 X55.436 Y42.706 E.28307
G1 X55.484 Y42.833 E.00348
G1 X55.629 Y42.899 E.00409
G1 X74.374 Y42.899 E.48089
G1 X74.374 Y48.379 E.14059
G1 X36.719 Y48.379 E.96602
G1 X36.719 Y45.299 E.07902
G1 X48.064 Y45.299 E.29105
G1 X48.218 Y45.222 E.00442
G1 X48.256 Y45.106 E.00313
G1 X48.256 Y29.072 E.41134
G1 X48.179 Y28.917 E.00444
G1 X48.064 Y28.879 E.00311
G1 X36.779 Y28.879 E.28951
G1 E-3.5 F3600
;WIPE_START
G1 F7200
G1 X36.719 Y28.879 E-.0285
G1 X36.719 Y26.799 E-.988
G1 X37.737 Y26.799 E-.4835
;WIPE_END
G1 X49.37 Y30.275 F9000
G1 E5 F2400
;TYPE:Internal infill
;WIDTH:0.44
G1 F3600
G1 X49.37 Y29.061 E.03276
G1 X49.271 Y28.564 E.01367
G1 X48.824 Y28.013 E.01915
G1 X48.924 Y27.912 E.00384
G1 X52.519 Y27.912 E.09701
G1 X55.098 Y30.491 E.09842
G1 X54.67 Y30.783 E.01398
G1 X54.384 Y31.273 E.01531
G1 X54.323 Y31.663 E.01065
G1 X54.323 Y32.609 E.02553
G1 E-3.5
;WIPE_START
G1 F7200
G1 X54.323 Y31.663 E-.44935
G1 X54.384 Y31.273 E-.1875
G1 X54.67 Y30.783 E-.2695
G1 X55.098 Y30.491 E-.24611
G1 X54.581 Y29.974 E-.34754
;WIPE_END
G1 X54.323 Y42.462 F9000
G1 E5 F2400
G1 F3600
G1 X54.361 Y43.022 E.01515
G1 X54.645 Y43.566 E.01656
G1 X54.904 Y43.794 E.00931
G1 X55.242 Y43.955 E.0101
G1 X55.772 Y44.012 E.01438
G1 X52.519 Y47.265 E.12414
G1 X48.924 Y47.265 E.09701
G1 X48.071 Y46.412 E.03255
G1 X45.723 Y46.412 E.06336
G1 X44.87 Y47.265 E.03255
G1 X41.275 Y47.265 E.09701
G1 X40.422 Y46.412 E.03255
G1 X38.073 Y46.412 E.06339
G1 X37.833 Y46.653 E.00918
G1 X37.833 Y47.265 E.01651
G1 X39.655 Y47.265 E.04917
G1 E-3.5
;WIPE_START
G1 F7200
G1 X37.833 Y47.265 E-.86545
G1 X37.833 Y46.653 E-.2907
G1 X38.073 Y46.412 E-.16156
G1 X38.457 Y46.412 E-.18229
;WIPE_END
G1 X72.432 Y47.265 F9000
G1 E5 F2400
;TYPE:Solid infill
;WIDTH:0.439999
G1 F3600
G1 X72.432 Y44.012 E.08778
G1 X73.26 Y44.012 E.02234
G1 X73.26 Y47.265 E.08778
G1 X72.634 Y47.265 E.01689
G1 X72.846 Y46.851 E.01255
;WIDTH:0.45732
G1 X72.846 Y44.427 E.0682
G1 X72.026 Y44.985 F9000
;TYPE:Internal infill
;WIDTH:0.44
G1 F3600
G1 X72.026 Y47.265 E.06153
G1 X71.872 Y47.265 E.00416
G1 X68.619 Y44.012 E.12414
G1 X71.071 Y44.012 E.06617
G1 X67.818 Y47.265 E.12414
G1 X64.223 Y47.265 E.09701
G1 X60.97 Y44.012 E.12414
G1 X63.421 Y44.012 E.06614
G1 X60.169 Y47.265 E.12412
G1 X56.573 Y47.265 E.09704
G1 X49.37 Y40.062 E.27488
G1 X49.37 Y42.765 E.07294
G1 X54.323 Y37.812 E.18902
G1 X54.323 Y37.365 E.01206
G1 X49.37 Y32.412 E.18902
G1 X49.37 Y35.116 E.07297
G1 X56.573 Y27.912 E.2749
G1 X60.169 Y27.912 E.09704
G1 X62.621 Y30.365 E.09359
G1 X61.77 Y30.365 E.02296
G1 X64.223 Y27.912 E.09361
G1 X67.818 Y27.912 E.09701
G1 X70.271 Y30.365 E.09361
G1 X69.419 Y30.365 E.02299
G1 X71.872 Y27.912 E.09361
G1 X72.026 Y27.912 E.00416
G1 X72.026 Y30.193 E.06155
G1 X72.432 Y30.365 F9000
;TYPE:Solid infill
;WIDTH:0.439999
G1 F3600
G1 X72.432 Y27.912 E.06619
G1 X73.26 Y27.912 E.02234
G1 X73.26 Y30.365 E.06619
G1 X72.634 Y30.365 E.01689
G1 X72.846 Y29.951 E.01255
;WIDTH:0.457322
G1 X72.846 Y28.327 E.04569
G1 E-3.5
;WIPE_START
G1 F7200
G1 X72.846 Y29.951 E-.7714
G1 X72.634 Y30.365 E-.22093
G1 X73.26 Y30.365 E-.29735
G1 X73.26 Y29.922 E-.21032
;WIPE_END
G1 X77.52 Y27.6 F9000
G1 E5 F2400
;TYPE:Perimeter
;WIDTH:0.439999
G1 F1800
G1 X78.963 Y27.6 E.03894
G1 X78.963 Y30.677 E.08303
G1 X77.52 Y30.677 E.03894
G1 X77.52 Y27.66 E.08141
G1 X77.115 Y27.194 F9000
G1 F1800
G1 X79.369 Y27.194 E.06082
G1 X79.369 Y31.083 E.10494
G1 X77.115 Y31.083 E.06082
G1 X77.115 Y27.254 E.10332
G1 X76.719 Y26.799 F9000
;TYPE:External perimeter
;WIDTH:0.419999
G1 F1800
G1 X79.765 Y26.799 E.07814
G1 X79.765 Y31.479 E.12006
G1 X76.719 Y31.479 E.07814
G1 X76.719 Y26.859 E.11852
G1 E-3.5 F3600
;WIPE_START
G1 F7200
G1 X76.719 Y26.799 E-.0285
G1 X79.765 Y26.799 E-1.44685
G1 X79.765 Y26.851 E-.02465
;WIPE_END
G1 X77.833 Y30.365 F9000
G1 E5 F2400
;TYPE:Solid infill
;WIDTH:0.439999
G1 F3600
G1 X77.833 Y27.912 E.06619
G1 X78.651 Y27.912 E.02207
G1 X78.651 Y30.365 E.06619
G1 X78.036 Y30.365 E.0166
G1 X78.242 Y29.956 E.01236
;WIDTH:0.446904
G1 X78.242 Y28.322 E.04484
G1 E-3.5
;WIPE_START
G1 F7200
G1 X78.242 Y29.956 E-.77615
G1 X78.036 Y30.365 E-.21753
G1 X78.651 Y30.365 E-.29212
G1 X78.651 Y29.914 E-.2142
;WIPE_END
G1 X78.963 Y43.7 F9000
G1 E5 F2400
;TYPE:Perimeter
;WIDTH:0.439999
G1 F1800
G1 X78.963 Y47.577 E.10462
G1 X77.52 Y47.577 E.03894
G1 X77.52 Y43.7 E.10462
G1 X78.903 Y43.7 E.03732
G1 X79.369 Y43.294 F9000
G1 F1800
G1 X79.369 Y47.983 E.12653
G1 X77.115 Y47.983 E.06082
G1 X77.115 Y43.294 E.12653
G1 X79.309 Y43.294 E.0592
G1 X79.765 Y42.899 F9000
;TYPE:External perimeter
;WIDTH:0.419999
G1 F1800
G1 X79.765 Y48.379 E.14059
G1 X76.719 Y48.379 E.07814
G1 X76.719 Y42.899 E.14059
G1 X79.705 Y42.899 E.0766
G1 E-3.5 F3600
;WIPE_START
G1 F7200
G1 X79.765 Y42.899 E-.0285
G1 X79.765 Y45.997 E-1.4715
;WIPE_END
G1 X77.833 Y47.265 F9000
G1 E5 F2400
;TYPE:Solid infill
;WIDTH:0.439999
G1 F3600
G1 X77.833 Y44.012 E.08778
G1 X78.651 Y44.012 E.02207
G1 X78.651 Y47.265 E.08778
G1 X78.036 Y47.265 E.0166
G1 X78.242 Y46.856 E.01236
;WIDTH:0.446904
G1 X78.242 Y44.422 E.0668
;LAYER_CHANGE
;Z:2.92
;HEIGHT:0.16
;BEFORE_LAYER_CHANGE
G92 E0
;2.92


G1 E-3.5 F3600
;WIPE_START
G1 F7200
G1 X78.242 Y46.856 E-1.15615
G1 X78.036 Y47.265 E-.21753
G1 X78.302 Y47.265 E-.12632
;WIPE_END
G1 Z2.92 F9000
;AFTER_LAYER_CHANGE
;2.92
G1 X33.253 Y46.1
G1 E5 F2400
;TYPE:Perimeter
;WIDTH:0.439999
G1 F1800
G1 X33.253 Y47.577 E.03986
G1 X30.05 Y47.577 E.08643
G1 X30.05 Y46.1 E.03986
G1 X33.193 Y46.1 E.08481
G1 X33.659 Y45.694 F9000
G1 F1800
G1 X33.659 Y47.983 E.06177
G1 X29.644 Y47.983 E.10834
G1 X29.644 Y45.694 E.06177
G1 X33.599 Y45.694 E.10672
G1 X34.054 Y45.299 F9000
;TYPE:External perimeter
;WIDTH:0.419999
G1 F1800
G1 X34.054 Y48.379 E.07902
G1 X29.249 Y48.379 E.12327
G1 X29.249 Y45.299 E.07902
G1 X33.994 Y45.299 E.12173
G1 E-3.5 F3600
;WIPE_START
G1 F7200
G1 X34.054 Y45.299 E-.0285
G1 X34.054 Y48.379 E-1.463
G1 X34.036 Y48.379 E-.0085
;WIPE_END
G1 X33.235 Y28.059 F9000
G1 E5 F2400
;TYPE:Perimeter
;WIDTH:0.475842
G1 F1800
G1 X30.068 Y28.059 E.09301
G1 X30.068 Y27.618 E.01295
G1 X33.235 Y27.618 E.09301
G1 X33.235 Y27.999 E.01119
G1 X33.659 Y28.483 F9000
;WIDTH:0.439999
G1 F1800
G1 X29.644 Y28.483 E.10834
G1 X29.644 Y27.194 E.03478
G1 X33.659 Y27.194 E.10834
G1 X33.659 Y28.423 E.03316
G1 X34.054 Y28.879 F9000
;TYPE:External perimeter
;WIDTH:0.419999
G1 F1800
G1 X29.249 Y28.879 E.12327
G1 X29.249 Y26.799 E.05336
G1 X34.054 Y26.799 E.12327
G1 X34.054 Y28.819 E.05182
G1 E-3.5 F3600
;WIPE_START
G1 F7200
G1 X34.054 Y28.879 E-.0285
G1 X30.956 Y28.879 E-1.4715
;WIPE_END
G1 X37.858 Y28.059 F9000
G1 E5 F2400
;TYPE:Perimeter
;WIDTH:0.475842
G1 F3600
G1 X37.858 Y27.618 E.01295
G1 X48.064 Y27.618 E.29974
G1 X48.885 Y27.6 E.02412
;WIDTH:0.439999
G1 X73.253 Y27.6 E.65757
G1 X73.253 Y30.677 E.08303
G1 X55.496 Y30.677 E.47917
G1 X55.095 Y30.833 E.01161
G1 X54.9 Y30.996 E.00686
G1 X54.683 Y31.367 E.0116
G1 X54.635 Y31.672 E.00833
G1 X54.635 Y42.834 E.3012
G1 X54.748 Y43.166 E.00946
G1 X54.88 Y43.36 E.00633
G1 X55.077 Y43.533 E.00707
G1 X55.335 Y43.655 E.0077
G1 X55.629 Y43.7 E.00803
G1 X73.253 Y43.7 E.47558
G1 X73.253 Y47.577 E.10462
G1 X37.84 Y47.577 E.95561
G1 X37.84 Y46.1 E.03986
G1 X48.192 Y46.1 E.27935
G1 X48.531 Y45.983 E.00968
G1 X48.859 Y45.702 E.01165
G1 X49.018 Y45.384 E.00959
G1 X49.058 Y45.106 E.00758
G1 X49.058 Y29.072 E.43267
G1 X48.981 Y28.689 E.01054
G1 X48.66 Y28.276 E.01412
;WIDTH:0.475842
G1 X48.064 Y28.059 E.01863
G1 X37.918 Y28.059 E.29798
G1 X37.434 Y28.483 F9000
;WIDTH:0.439999
G1 F3600
G1 X37.434 Y27.194 E.03478
G1 X73.659 Y27.194 E.97752
G1 X73.659 Y31.083 E.10494
G1 X55.55 Y31.083 E.48867
G1 X55.313 Y31.175 E.00686
G1 X55.117 Y31.381 E.00767
G1 X55.041 Y31.672 E.00812
G1 X55.041 Y42.789 E.29999
G1 X55.186 Y43.093 E.00909
G1 X55.455 Y43.268 E.00866
G1 X55.629 Y43.294 E.00475
G1 X73.659 Y43.294 E.48654
G1 X73.659 Y47.983 E.12653
G1 X37.434 Y47.983 E.97752
G1 X37.434 Y45.694 E.06177
G1 X48.064 Y45.694 E.28685
G1 X48.341 Y45.625 E.0077
G1 X48.534 Y45.459 E.00687
G1 X48.629 Y45.271 E.00568
G1 X48.652 Y45.106 E.0045
G1 X48.652 Y29.072 E.43267
G1 X48.607 Y28.845 E.00624
G1 X48.417 Y28.601 E.00835
G1 X48.064 Y28.483 E.01004
G1 X37.494 Y28.483 E.28523
G1 X37.039 Y28.879 F9000
;TYPE:External perimeter
;WIDTH:0.419999
G1 F1800
G1 X37.039 Y26.799 E.05336
G1 X74.054 Y26.799 E.9496
G1 X74.054 Y31.479 E.12006
G1 X55.629 Y31.479 E.47268
G1 X55.488 Y31.541 E.00395
G1 X55.436 Y31.672 E.00362
G1 X55.436 Y42.706 E.28307
G1 X55.484 Y42.833 E.00348
G1 X55.629 Y42.899 E.00409
G1 X74.054 Y42.899 E.47268
G1 X74.054 Y48.379 E.14059
G1 X37.039 Y48.379 E.9496
G1 X37.039 Y45.299 E.07902
G1 X48.064 Y45.299 E.28284
G1 X48.218 Y45.222 E.00442
G1 X48.256 Y45.106 E.00313
G1 X48.256 Y29.072 E.41134
G1 X48.179 Y28.917 E.00444
G1 X48.064 Y28.879 E.00311
G1 X37.099 Y28.879 E.2813
G1 E-3.5 F3600
;WIPE_START
G1 F7200
G1 X37.039 Y28.879 E-.0285
G1 X37.039 Y26.799 E-.988
G1 X38.057 Y26.799 E-.4835
;WIPE_END
G1 X49.37 Y30.275 F9000
G1 E5 F2400
;TYPE:Internal infill
;WIDTH:0.44
G1 F3600
G1 X49.37 Y29.061 E.03276
G1 X49.271 Y28.564 E.01367
G1 X48.824 Y28.013 E.01915
G1 X48.924 Y27.912 E.00384
G1 X52.519 Y27.912 E.09701
G1 X55.098 Y30.491 E.09842
G1 X54.67 Y30.783 E.01398
G1 X54.384 Y31.273 E.01531
G1 X54.323 Y31.663 E.01065
G1 X54.323 Y32.609 E.02553
G1 E-3.5
;WIPE_START
G1 F7200
G1 X54.323 Y31.663 E-.44935
G1 X54.384 Y31.273 E-.1875
G1 X54.67 Y30.783 E-.2695
G1 X55.098 Y30.491 E-.24611
G1 X54.581 Y29.974 E-.34754
;WIPE_END
G1 X54.323 Y42.462 F9000
G1 E5 F2400
G1 F3600
G1 X54.361 Y43.022 E.01515
G1 X54.645 Y43.566 E.01656
G1 X54.904 Y43.794 E.00931
G1 X55.242 Y43.955 E.0101
G1 X55.772 Y44.012 E.01438
G1 X52.519 Y47.265 E.12414
G1 X48.924 Y47.265 E.09701
G1 X48.071 Y46.412 E.03255
G1 X45.723 Y46.412 E.06336
G1 X44.87 Y47.265 E.03255
G1 X41.275 Y47.265 E.09701
G1 X40.422 Y46.412 E.03255
G1 X38.152 Y46.412 E.06126
G1 X38.152 Y46.576 E.00443
G1 E-3.5
;WIPE_START
G1 F7200
G1 X38.152 Y46.412 E-.0779
G1 X40.422 Y46.412 E-1.07825
G1 X40.934 Y46.924 E-.34385
;WIPE_END
G1 X72.891 Y44.062 F9000
G1 E5 F2400
;TYPE:Solid infill
;WIDTH:0.539495
G1 F3600
G1 X72.891 Y47.215 E.10595
G1 X72.386 Y47.215 E.01697
G1 X72.386 Y44.062 E.10595
G1 X72.688 Y44.062 E.01015
G1 X71.93 Y44.889 F9000
;TYPE:Internal infill
;WIDTH:0.44
G1 F3600
G1 X71.93 Y47.265 E.06412
G1 X71.872 Y47.265 E.00157
G1 X68.619 Y44.012 E.12414
G1 X71.071 Y44.012 E.06617
G1 X67.818 Y47.265 E.12414
G1 X64.223 Y47.265 E.09701
G1 X60.97 Y44.012 E.12414
G1 X63.421 Y44.012 E.06614
G1 X60.169 Y47.265 E.12412
G1 X56.573 Y47.265 E.09704
G1 X49.37 Y40.062 E.27488
G1 X49.37 Y42.765 E.07294
G1 X54.323 Y37.812 E.18902
G1 X54.323 Y37.365 E.01206
G1 X49.37 Y32.412 E.18902
G1 X49.37 Y35.116 E.07297
G1 X56.573 Y27.912 E.2749
G1 X60.169 Y27.912 E.09704
G1 X62.621 Y30.365 E.09359
G1 X61.77 Y30.365 E.02296
G1 X64.223 Y27.912 E.09361
G1 X67.818 Y27.912 E.09701
G1 X70.271 Y30.365 E.09361
G1 X69.419 Y30.365 E.02299
G1 X71.872 Y27.912 E.09361
G1 X72.941 Y27.912 E.02885
G1 X72.941 Y29.278 E.03686
G1 E-3.5
;WIPE_START
G1 F7200
G1 X72.941 Y27.912 E-.64885
G1 X71.872 Y27.912 E-.50778
G1 X71.361 Y28.423 E-.34337
;WIPE_END
G1 X77.84 Y30.677 F9000
G1 E5 F2400
;TYPE:Perimeter
;WIDTH:0.439999
G1 F1800
G1 X77.84 Y27.6 E.08303
G1 X79.043 Y27.6 E.03246
G1 X79.043 Y30.677 E.08303
G1 X77.9 Y30.677 E.03084
G1 X77.434 Y31.083 F9000
G1 F1800
G1 X77.434 Y27.194 E.10494
G1 X79.448 Y27.194 E.05435
G1 X79.448 Y31.083 E.10494
G1 X77.494 Y31.083 E.05273
G1 X77.039 Y31.479 F9000
;TYPE:External perimeter
;WIDTH:0.419999
G1 F1800
G1 X77.039 Y26.799 E.12006
G1 X79.844 Y26.799 E.07196
G1 X79.844 Y31.479 E.12006
G1 X77.099 Y31.479 E.07042
G1 E-3.5 F3600
;WIPE_START
G1 F7200
G1 X77.039 Y31.479 E-.0285
G1 X77.039 Y28.381 E-1.4715
;WIPE_END
G1 X78.195 Y27.956 F9000
G1 E5 F2400
;TYPE:Solid infill
;WIDTH:0.526194
G1 F3600
G1 X78.687 Y27.956 E.0161
G1 X78.687 Y30.322 E.07741
G1 X78.195 Y30.322 E.0161
G1 X78.195 Y28.158 E.0708
G1 E-3.5
;WIPE_START
G1 F7200
G1 X78.195 Y30.322 E-1.0279
G1 X78.687 Y30.322 E-.2337
G1 X78.687 Y29.82 E-.2384
;WIPE_END
G1 X77.84 Y43.7 F9000
G1 E5 F2400
;TYPE:Perimeter
;WIDTH:0.439999
G1 F1800
G1 X79.043 Y43.7 E.03246
G1 X79.043 Y47.577 E.10462
G1 X77.84 Y47.577 E.03246
G1 X77.84 Y43.76 E.103
G1 X77.434 Y43.294 F9000
G1 F1800
G1 X79.448 Y43.294 E.05435
G1 X79.448 Y47.983 E.12653
G1 X77.434 Y47.983 E.05435
G1 X77.434 Y43.354 E.12491
G1 X77.039 Y42.899 F9000
;TYPE:External perimeter
;WIDTH:0.419999
G1 F1800
G1 X79.844 Y42.899 E.07196
G1 X79.844 Y48.379 E.14059
G1 X77.039 Y48.379 E.07196
G1 X77.039 Y42.959 E.13905
G1 X78.195 Y44.056 F9000
;TYPE:Solid infill
;WIDTH:0.526195
G1 F3600
G1 X78.687 Y44.056 E.0161
G1 X78.687 Y47.222 E.10359
G1 X78.195 Y47.222 E.0161
G1 X78.195 Y44.258 E.09698
;LAYER_CHANGE
;Z:3.08
;HEIGHT:0.16
;BEFORE_LAYER_CHANGE
G92 E0
;3.08


G1 E-3.5 F3600
;WIPE_START
G1 F7200
G1 X78.195 Y47.222 E-1.4079
G1 X78.389 Y47.222 E-.0921
;WIPE_END
G1 Z3.08 F9000
;AFTER_LAYER_CHANGE
;3.08
G1 X33.016 Y46.1
G1 E5 F2400
;TYPE:Perimeter
;WIDTH:0.439999
G1 F1800
G1 X33.016 Y47.577 E.03986
G1 X29.976 Y47.577 E.08203
G1 X29.976 Y46.1 E.03986
G1 X32.956 Y46.1 E.08041
G1 X33.421 Y45.694 F9000
G1 F1800
G1 X33.421 Y47.983 E.06177
G1 X29.571 Y47.983 E.10389
G1 X29.571 Y45.694 E.06177
G1 X33.361 Y45.694 E.10227
G1 X33.817 Y45.299 F9000
;TYPE:External perimeter
;WIDTH:0.419999
G1 F1800
G1 X33.817 Y48.379 E.07902
G1 X29.175 Y48.379 E.11909
G1 X29.175 Y45.299 E.07902
G1 X33.757 Y45.299 E.11755
G1 E-3.5 F3600
;WIPE_START
G1 F7200
G1 X33.817 Y45.299 E-.0285
G1 X33.817 Y48.379 E-1.463
G1 X33.799 Y48.379 E-.0085
;WIPE_END
G1 X32.998 Y28.059 F9000
G1 E5 F2400
;TYPE:Perimeter
;WIDTH:0.475842
G1 F1800
G1 X29.994 Y28.059 E.08822
G1 X29.994 Y27.618 E.01295
G1 X32.998 Y27.618 E.08822
G1 X32.998 Y27.999 E.01119
G1 X33.421 Y28.483 F9000
;WIDTH:0.439999
G1 F1800
G1 X29.571 Y28.483 E.10389
G1 X29.571 Y27.194 E.03478
G1 X33.421 Y27.194 E.10389
G1 X33.421 Y28.423 E.03316
G1 X33.817 Y28.879 F9000
;TYPE:External perimeter
;WIDTH:0.419999
G1 F1800
G1 X29.175 Y28.879 E.11909
G1 X29.175 Y26.799 E.05336
G1 X33.817 Y26.799 E.11909
G1 X33.817 Y28.819 E.05182
G1 E-3.5 F3600
;WIPE_START
G1 F7200
G1 X33.817 Y28.879 E-.0285
G1 X30.719 Y28.879 E-1.4715
;WIPE_END
G1 X38.095 Y28.059 F9000
G1 E5 F2400
;TYPE:Perimeter
;WIDTH:0.475842
G1 F3600
G1 X38.095 Y27.618 E.01295
G1 X48.064 Y27.618 E.29278
G1 X48.885 Y27.6 E.02412
;WIDTH:0.439999
G1 X73.016 Y27.6 E.65117
G1 X73.016 Y30.677 E.08303
G1 X55.496 Y30.677 E.47277
G1 X55.095 Y30.833 E.01161
G1 X54.9 Y30.996 E.00686
G1 X54.683 Y31.367 E.0116
G1 X54.635 Y31.672 E.00833
G1 X54.635 Y42.834 E.3012
G1 X54.748 Y43.166 E.00946
G1 X54.88 Y43.36 E.00633
G1 X55.077 Y43.533 E.00707
G1 X55.335 Y43.655 E.0077
G1 X55.629 Y43.7 E.00803
G1 X73.016 Y43.7 E.46918
G1 X73.016 Y47.577 E.10462
G1 X38.077 Y47.577 E.94282
G1 X38.077 Y46.1 E.03986
G1 X48.192 Y46.1 E.27295
G1 X48.531 Y45.983 E.00968
G1 X48.859 Y45.702 E.01165
G1 X49.018 Y45.384 E.00959
G1 X49.058 Y45.106 E.00758
G1 X49.058 Y29.072 E.43267
G1 X48.981 Y28.689 E.01054
G1 X48.66 Y28.276 E.01412
;WIDTH:0.475842
G1 X48.064 Y28.059 E.01863
G1 X38.155 Y28.059 E.29102
G1 X37.672 Y28.483 F9000
;WIDTH:0.439999
G1 F3600
G1 X37.672 Y27.194 E.03478
G1 X73.421 Y27.194 E.96468
G1 X73.421 Y31.083 E.10494
G1 X55.55 Y31.083 E.48225
G1 X55.313 Y31.175 E.00686
G1 X55.117 Y31.381 E.00767
G1 X55.041 Y31.672 E.00812
G1 X55.041 Y42.789 E.29999
G1 X55.186 Y43.093 E.00909
G1 X55.455 Y43.268 E.00866
G1 X55.629 Y43.294 E.00475
G1 X73.421 Y43.294 E.48011
G1 X73.421 Y47.983 E.12653
G1 X37.672 Y47.983 E.96468
G1 X37.672 Y45.694 E.06177
G1 X48.064 Y45.694 E.28043
G1 X48.341 Y45.625 E.0077
G1 X48.534 Y45.459 E.00687
G1 X48.629 Y45.271 E.00568
G1 X48.652 Y45.106 E.0045
G1 X48.652 Y29.072 E.43267
G1 X48.607 Y28.845 E.00624
G1 X48.417 Y28.601 E.00835
G1 X48.064 Y28.483 E.01004
G1 X37.732 Y28.483 E.27881
G1 X37.276 Y28.879 F9000
;TYPE:External perimeter
;WIDTH:0.419999
G1 F1800
G1 X37.276 Y26.799 E.05336
G1 X73.817 Y26.799 E.93744
G1 X73.817 Y31.479 E.12006
G1 X55.629 Y31.479 E.4666
G1 X55.488 Y31.541 E.00395
G1 X55.436 Y31.672 E.00362
G1 X55.436 Y42.706 E.28307
G1 X55.484 Y42.833 E.00348
G1 X55.629 Y42.899 E.00409
G1 X73.817 Y42.899 E.4666
G1 X73.817 Y48.379 E.14059
G1 X37.276 Y48.379 E.93744
G1 X37.276 Y45.299 E.07902
G1 X48.064 Y45.299 E.27676
G1 X48.218 Y45.222 E.00442
G1 X48.256 Y45.106 E.00313
G1 X48.256 Y29.072 E.41134
G1 X48.179 Y28.917 E.00444
G1 X48.064 Y28.879 E.00311
G1 X37.336 Y28.879 E.27522
G1 E-3.5 F3600
;WIPE_START
G1 F7200
G1 X37.276 Y28.879 E-.0285
G1 X37.276 Y26.799 E-.988
G1 X38.294 Y26.799 E-.4835
;WIPE_END
G1 X49.37 Y30.275 F9000
G1 E5 F2400
;TYPE:Internal infill
;WIDTH:0.44
G1 F3600
G1 X49.37 Y29.061 E.03276
G1 X49.271 Y28.564 E.01367
G1 X48.824 Y28.013 E.01915
G1 X48.924 Y27.912 E.00384
G1 X52.519 Y27.912 E.09701
G1 X55.098 Y30.491 E.09842
G1 X54.67 Y30.783 E.01398
G1 X54.384 Y31.273 E.01531
G1 X54.323 Y31.663 E.01065
G1 X54.323 Y32.609 E.02553
G1 E-3.5
;WIPE_START
G1 F7200
G1 X54.323 Y31.663 E-.44935
G1 X54.384 Y31.273 E-.1875
G1 X54.67 Y30.783 E-.2695
G1 X55.098 Y30.491 E-.24611
G1 X54.581 Y29.974 E-.34754
;WIPE_END
G1 X54.323 Y42.462 F9000
G1 E5 F2400
G1 F3600
G1 X54.361 Y43.022 E.01515
G1 X54.645 Y43.566 E.01656
G1 X54.904 Y43.794 E.00931
G1 X55.242 Y43.955 E.0101
G1 X55.772 Y44.012 E.01438
G1 X52.519 Y47.265 E.12414
G1 X48.924 Y47.265 E.09701
G1 X48.071 Y46.412 E.03255
G1 X45.723 Y46.412 E.06336
G1 X44.87 Y47.265 E.03255
G1 X41.275 Y47.265 E.09701
G1 X40.422 Y46.412 E.03255
G1 X38.39 Y46.412 E.05483
G1 X38.39 Y46.814 E.01085
G1 E-3.5
;WIPE_START
G1 F7200
G1 X38.39 Y46.412 E-.19095
G1 X40.422 Y46.412 E-.9652
G1 X40.934 Y46.924 E-.34385
;WIPE_END
G1 X72.267 Y44.023 F9000
G1 E5 F2400
;TYPE:Solid infill
;WIDTH:0.460366
G1 F3600
G1 X72.693 Y44.023 E.01207
G1 X72.693 Y47.255 E.09159
G1 X72.267 Y47.255 E.01207
G1 X72.267 Y44.225 E.08587
G1 E-3.5
;WIPE_START
G1 F7200
G1 X72.267 Y47.255 E-1.43925
G1 X72.395 Y47.255 E-.06075
;WIPE_END
G1 X69.438 Y47.265 F9000
G1 E5 F2400
;TYPE:Internal infill
;WIDTH:0.44
G1 F3600
G1 X71.851 Y47.244 E.06512
G1 X68.619 Y44.012 E.12334
G1 X71.071 Y44.012 E.06617
G1 X67.818 Y47.265 E.12414
G1 X64.223 Y47.265 E.09701
G1 X60.97 Y44.012 E.12414
G1 X63.421 Y44.012 E.06614
G1 X60.169 Y47.265 E.12412
G1 X56.573 Y47.265 E.09704
G1 X49.37 Y40.062 E.27488
G1 X49.37 Y42.765 E.07294
G1 X54.323 Y37.812 E.18902
G1 X54.323 Y37.365 E.01206
G1 X49.37 Y32.412 E.18902
G1 X49.37 Y35.116 E.07297
G1 X56.573 Y27.912 E.2749
G1 X60.169 Y27.912 E.09704
G1 X62.621 Y30.365 E.09359
G1 X61.77 Y30.365 E.02296
G1 X64.223 Y27.912 E.09361
G1 X67.818 Y27.912 E.09701
G1 X70.271 Y30.365 E.09361
G1 X69.419 Y30.365 E.02299
G1 X71.872 Y27.912 E.09361
G1 X72.703 Y27.912 E.02242
G1 X72.703 Y29.515 E.04326
G1 E-3.5
;WIPE_START
G1 F7200
G1 X72.703 Y27.912 E-.76143
G1 X71.872 Y27.912 E-.39473
G1 X71.36 Y28.424 E-.34384
;WIPE_END
G1 X78.077 Y30.677 F9000
G1 E5 F2400
;TYPE:Perimeter
;WIDTH:0.439999
G1 F1800
G1 X78.077 Y27.6 E.08303
G1 X79.116 Y27.6 E.02804
G1 X79.116 Y30.677 E.08303
G1 X78.137 Y30.677 E.02642
G1 X77.672 Y31.083 F9000
G1 F1800
G1 X77.672 Y27.194 E.10494
G1 X79.522 Y27.194 E.04992
G1 X79.522 Y31.083 E.10494
G1 X77.732 Y31.083 E.0483
G1 X77.276 Y31.479 F9000
;TYPE:External perimeter
;WIDTH:0.419999
G1 F1800
G1 X77.276 Y26.799 E.12006
G1 X79.918 Y26.799 E.06778
G1 X79.918 Y31.479 E.12006
G1 X77.336 Y31.479 E.06624
G1 X78.392 Y30.363 F9000
;TYPE:Solid infill
;WIDTH:0.444424
G1 F3600
G1 X78.392 Y27.915 E.06678
G1 X78.802 Y27.915 E.01118
G1 X78.802 Y30.363 E.06678
G1 X78.595 Y30.363 E.00565
G1 E-3.5
;WIPE_START
G1 F7200
G1 X78.802 Y30.363 E-.09833
G1 X78.802 Y27.915 E-1.1628
G1 X78.392 Y27.915 E-.19475
G1 X78.392 Y28.008 E-.04412
;WIPE_END
G1 X78.077 Y43.7 F9000
G1 E5 F2400
;TYPE:Perimeter
;WIDTH:0.439999
G1 F1800
G1 X79.116 Y43.7 E.02804
G1 X79.116 Y47.577 E.10462
G1 X78.077 Y47.577 E.02804
G1 X78.077 Y43.76 E.103
G1 X77.672 Y43.294 F9000
G1 F1800
G1 X79.522 Y43.294 E.04992
G1 X79.522 Y47.983 E.12653
G1 X77.672 Y47.983 E.04992
G1 X77.672 Y43.354 E.12491
G1 X77.276 Y42.899 F9000
;TYPE:External perimeter
;WIDTH:0.419999
G1 F1800
G1 X79.918 Y42.899 E.06778
G1 X79.918 Y48.379 E.14059
G1 X77.276 Y48.379 E.06778
G1 X77.276 Y42.959 E.13905
G1 X78.392 Y44.015 F9000
;TYPE:Solid infill
;WIDTH:0.444424
G1 F3600
G1 X78.802 Y44.015 E.01118
G1 X78.802 Y47.263 E.0886
G1 X78.392 Y47.263 E.01118
G1 X78.392 Y44.217 E.08309
;LAYER_CHANGE
;Z:3.24
;HEIGHT:0.16
;BEFORE_LAYER_CHANGE
G92 E0
;3.24


G1 E-3.5 F3600
;WIPE_START
G1 F7200
G1 X78.392 Y47.263 E-1.44685
G1 X78.504 Y47.263 E-.05315
;WIPE_END
G1 Z3.24 F9000
;AFTER_LAYER_CHANGE
;3.24
G1 X32.825 Y46.1
G1 E5 F2400
;TYPE:Perimeter
;WIDTH:0.439999
G1 F1800
G1 X32.825 Y47.577 E.03986
G1 X29.909 Y47.577 E.07869
G1 X29.909 Y46.1 E.03986
G1 X32.765 Y46.1 E.07707
G1 X33.231 Y45.694 F9000
G1 F1800
G1 X33.231 Y47.983 E.06177
G1 X29.503 Y47.983 E.1006
G1 X29.503 Y45.694 E.06177
G1 X33.171 Y45.694 E.09898
G1 X33.627 Y45.299 F9000
;TYPE:External perimeter
;WIDTH:0.419999
G1 F1800
G1 X33.627 Y48.379 E.07902
G1 X29.108 Y48.379 E.11593
G1 X29.108 Y45.299 E.07902
G1 X33.567 Y45.299 E.11439
G1 E-3.5 F3600
;WIPE_START
G1 F7200
G1 X33.627 Y45.299 E-.0285
G1 X33.627 Y48.379 E-1.463
G1 X33.609 Y48.379 E-.0085
;WIPE_END
G1 X30.424 Y46.412 F9000
G1 E5 F2400
;TYPE:Internal infill
;WIDTH:0.44
G1 F3600
G1 X30.221 Y46.615 E.00775
G1 E-3.5
;WIPE_START
G1 F7200
G1 X30.424 Y46.412 E-.13637
;WIPE_END
G1 E-1.36363 F3600
G1 X29.927 Y28.059 F9000
G1 E5 F2400
;TYPE:Perimeter
;WIDTH:0.475842
G1 F1800
G1 X29.927 Y27.618 E.01295
G1 X32.807 Y27.618 E.08458
G1 X32.807 Y28.059 E.01295
G1 X29.987 Y28.059 E.08282
G1 X29.503 Y28.483 F9000
;WIDTH:0.439999
G1 F1800
G1 X29.503 Y27.194 E.03478
G1 X33.231 Y27.194 E.1006
G1 X33.231 Y28.483 E.03478
G1 X29.563 Y28.483 E.09898
G1 X29.108 Y28.879 F9000
;TYPE:External perimeter
;WIDTH:0.419999
G1 F1800
G1 X29.108 Y26.799 E.05336
G1 X33.627 Y26.799 E.11593
G1 X33.627 Y28.879 E.05336
G1 X29.168 Y28.879 E.11439
G1 E-3.5 F3600
;WIPE_START
G1 F7200
G1 X29.108 Y28.879 E-.0285
G1 X29.108 Y26.799 E-.988
G1 X30.126 Y26.799 E-.4835
;WIPE_END
G1 X38.285 Y28.059 F9000
G1 E5 F2400
;TYPE:Perimeter
;WIDTH:0.475842
G1 F3600
G1 X38.285 Y27.618 E.01295
G1 X48.064 Y27.618 E.2872
G1 X48.885 Y27.6 E.02412
;WIDTH:0.439999
G1 X72.825 Y27.6 E.64602
G1 X72.825 Y30.677 E.08303
G1 X55.496 Y30.677 E.46762
G1 X55.095 Y30.833 E.01161
G1 X54.9 Y30.996 E.00686
G1 X54.683 Y31.367 E.0116
G1 X54.635 Y31.672 E.00833
G1 X54.635 Y42.834 E.3012
G1 X54.748 Y43.166 E.00946
G1 X54.88 Y43.36 E.00633
G1 X55.077 Y43.533 E.00707
G1 X55.335 Y43.655 E.0077
G1 X55.629 Y43.7 E.00803
G1 X72.825 Y43.7 E.46403
G1 X72.825 Y47.577 E.10462
G1 X38.267 Y47.577 E.93254
G1 X38.267 Y46.1 E.03986
G1 X48.192 Y46.1 E.26782
G1 X48.531 Y45.983 E.00968
G1 X48.859 Y45.702 E.01165
G1 X49.018 Y45.384 E.00959
G1 X49.058 Y45.106 E.00758
G1 X49.058 Y29.072 E.43267
G1 X48.981 Y28.689 E.01054
G1 X48.66 Y28.276 E.01412
;WIDTH:0.475842
G1 X48.064 Y28.059 E.01863
G1 X38.345 Y28.059 E.28544
G1 X37.862 Y28.483 F9000
;WIDTH:0.439999
G1 F3600
G1 X37.862 Y27.194 E.03478
G1 X73.231 Y27.194 E.95443
G1 X73.231 Y31.083 E.10494
G1 X55.55 Y31.083 E.47712
G1 X55.313 Y31.175 E.00686
G1 X55.117 Y31.381 E.00767
G1 X55.041 Y31.672 E.00812
G1 X55.041 Y42.789 E.29999
G1 X55.186 Y43.093 E.00909
G1 X55.455 Y43.268 E.00866
G1 X55.629 Y43.294 E.00475
G1 X73.231 Y43.294 E.47499
G1 X73.231 Y47.983 E.12653
G1 X37.862 Y47.983 E.95443
G1 X37.862 Y45.694 E.06177
G1 X48.064 Y45.694 E.2753
G1 X48.341 Y45.625 E.0077
G1 X48.534 Y45.459 E.00687
G1 X48.629 Y45.271 E.00568
G1 X48.652 Y45.106 E.0045
G1 X48.652 Y29.072 E.43267
G1 X48.607 Y28.845 E.00624
G1 X48.417 Y28.601 E.00835
G1 X48.064 Y28.483 E.01004
G1 X37.922 Y28.483 E.27368
G1 X37.466 Y28.879 F9000
;TYPE:External perimeter
;WIDTH:0.419999
G1 F1800
G1 X37.466 Y26.799 E.05336
G1 X73.627 Y26.799 E.92769
G1 X73.627 Y31.479 E.12006
G1 X55.629 Y31.479 E.46173
G1 X55.488 Y31.541 E.00395
G1 X55.436 Y31.672 E.00362
G1 X55.436 Y42.706 E.28307
G1 X55.484 Y42.833 E.00348
G1 X55.629 Y42.899 E.00409
G1 X73.627 Y42.899 E.46173
G1 X73.627 Y48.379 E.14059
G1 X37.466 Y48.379 E.92769
G1 X37.466 Y45.299 E.07902
G1 X48.064 Y45.299 E.27189
G1 X48.218 Y45.222 E.00442
G1 X48.256 Y45.106 E.00313
G1 X48.256 Y29.072 E.41134
G1 X48.179 Y28.917 E.00444
G1 X48.064 Y28.879 E.00311
G1 X37.526 Y28.879 E.27035
G1 E-3.5 F3600
;WIPE_START
G1 F7200
G1 X37.466 Y28.879 E-.0285
G1 X37.466 Y26.799 E-.988
G1 X38.484 Y26.799 E-.4835
;WIPE_END
G1 X49.37 Y30.275 F9000
G1 E5 F2400
;TYPE:Internal infill
;WIDTH:0.44
G1 F3600
G1 X49.37 Y29.061 E.03276
G1 X49.271 Y28.564 E.01367
G1 X48.824 Y28.013 E.01915
G1 X48.924 Y27.912 E.00384
G1 X52.519 Y27.912 E.09701
G1 X55.098 Y30.491 E.09842
G1 X54.67 Y30.783 E.01398
G1 X54.384 Y31.273 E.01531
G1 X54.323 Y31.663 E.01065
G1 X54.323 Y32.609 E.02553
G1 E-3.5
;WIPE_START
G1 F7200
G1 X54.323 Y31.663 E-.44935
G1 X54.384 Y31.273 E-.1875
G1 X54.67 Y30.783 E-.2695
G1 X55.098 Y30.491 E-.24611
G1 X54.581 Y29.974 E-.34754
;WIPE_END
G1 X54.323 Y42.462 F9000
G1 E5 F2400
G1 F3600
G1 X54.361 Y43.022 E.01515
G1 X54.645 Y43.566 E.01656
G1 X54.904 Y43.794 E.00931
G1 X55.242 Y43.955 E.0101
G1 X55.772 Y44.012 E.01438
G1 X52.519 Y47.265 E.12414
G1 X48.924 Y47.265 E.09701
G1 X48.071 Y46.412 E.03255
G1 X45.723 Y46.412 E.06336
G1 X44.87 Y47.265 E.03255
G1 X41.275 Y47.265 E.09701
G1 X40.422 Y46.412 E.03255
G1 X38.58 Y46.412 E.04971
G1 X38.58 Y47.004 E.01598
G1 E-3.5
;WIPE_START
G1 F7200
G1 X38.58 Y46.412 E-.2812
G1 X40.422 Y46.412 E-.87495
G1 X40.934 Y46.924 E-.34385
;WIPE_END
G1 X72.513 Y45.472 F9000
G1 E5 F2400
G1 F3600
G1 X72.513 Y47.265 E.04838
G1 X71.872 Y47.265 E.0173
G1 X68.619 Y44.012 E.12414
G1 X71.071 Y44.012 E.06617
G1 X67.818 Y47.265 E.12414
G1 X64.223 Y47.265 E.09701
G1 X60.97 Y44.012 E.12414
G1 X63.421 Y44.012 E.06614
G1 X60.169 Y47.265 E.12412
G1 X56.573 Y47.265 E.09704
G1 X49.37 Y40.062 E.27488
G1 X49.37 Y42.765 E.07294
G1 X54.323 Y37.812 E.18902
G1 X54.323 Y37.365 E.01206
G1 X49.37 Y32.412 E.18902
G1 X49.37 Y35.116 E.07297
G1 X56.573 Y27.912 E.2749
G1 X60.169 Y27.912 E.09704
G1 X62.621 Y30.365 E.09359
G1 X61.77 Y30.365 E.02296
G1 X64.223 Y27.912 E.09361
G1 X67.818 Y27.912 E.09701
G1 X70.271 Y30.365 E.09361
G1 X69.419 Y30.365 E.02299
G1 X71.872 Y27.912 E.09361
G1 X72.513 Y27.912 E.0173
G1 X72.513 Y29.705 E.04838
G1 E-3.5
;WIPE_START
G1 F7200
G1 X72.513 Y27.912 E-.85168
G1 X71.872 Y27.912 E-.30448
G1 X71.36 Y28.424 E-.34384
;WIPE_END
G1 X78.267 Y30.677 F9000
G1 E5 F2400
;TYPE:Perimeter
;WIDTH:0.439999
G1 F1800
G1 X78.267 Y27.6 E.08303
G1 X79.184 Y27.6 E.02475
G1 X79.184 Y30.677 E.08303
G1 X78.327 Y30.677 E.02313
G1 X77.862 Y31.083 F9000
G1 F1800
G1 X77.862 Y27.194 E.10494
G1 X79.59 Y27.194 E.04663
G1 X79.59 Y31.083 E.10494
G1 X77.922 Y31.083 E.04501
G1 X77.466 Y31.479 F9000
;TYPE:External perimeter
;WIDTH:0.419999
G1 F1800
G1 X77.466 Y26.799 E.12006
G1 X79.985 Y26.799 E.06462
G1 X79.985 Y31.479 E.12006
G1 X77.526 Y31.479 E.06308
G1 E-3.5 F3600
;WIPE_START
G1 F7200
G1 X77.466 Y31.479 E-.0285
G1 X77.466 Y28.381 E-1.4715
;WIPE_END
G1 X78.9 Y27.884 F9000
G1 E5 F2400
;TYPE:Solid infill
;WIDTH:0.383014
G1 F3600
G1 X78.9 Y30.394 E.05822
G1 X78.551 Y30.394 E.00809
G1 X78.551 Y27.884 E.05822
G1 X78.697 Y27.884 E.00339
G1 E-3.5
;WIPE_START
G1 F7200
G1 X78.551 Y27.884 E-.06935
G1 X78.551 Y30.394 E-1.19225
G1 X78.9 Y30.394 E-.16578
G1 X78.9 Y30.241 E-.07262
;WIPE_END
G1 X78.267 Y43.7 F9000
G1 E5 F2400
;TYPE:Perimeter
;WIDTH:0.439999
G1 F1800
G1 X79.184 Y43.7 E.02475
G1 X79.184 Y47.577 E.10462
G1 X78.267 Y47.577 E.02475
G1 X78.267 Y43.76 E.103
G1 X77.862 Y43.294 F9000
G1 F1800
G1 X79.59 Y43.294 E.04663
G1 X79.59 Y47.983 E.12653
G1 X77.862 Y47.983 E.04663
G1 X77.862 Y43.354 E.12491
G1 X77.466 Y42.899 F9000
;TYPE:External perimeter
;WIDTH:0.419999
G1 F1800
G1 X79.985 Y42.899 E.06462
G1 X79.985 Y48.379 E.14059
G1 X77.466 Y48.379 E.06462
G1 X77.466 Y42.959 E.13905
G1 X78.551 Y43.984 F9000
;TYPE:Solid infill
;WIDTH:0.383013
G1 F3600
G1 X78.9 Y43.984 E.00809
G1 X78.9 Y47.294 E.07677
G1 X78.551 Y47.294 E.00809
G1 X78.551 Y44.187 E.07206
;LAYER_CHANGE
;Z:3.4
;HEIGHT:0.16
;BEFORE_LAYER_CHANGE
G92 E0
;3.4


G1 E-3.5 F3600
;WIPE_START
G1 F7200
G1 X78.551 Y47.294 E-1.47583
G1 X78.602 Y47.294 E-.02417
;WIPE_END
G1 Z3.4 F9000
;AFTER_LAYER_CHANGE
;3.4
G1 X32.668 Y46.1
G1 E5 F2400
;TYPE:Perimeter
;WIDTH:0.439999
G1 F1800
G1 X32.668 Y47.577 E.03986
G1 X29.85 Y47.577 E.07604
G1 X29.85 Y46.1 E.03986
G1 X32.608 Y46.1 E.07442
G1 X33.073 Y45.694 F9000
G1 F1800
G1 X33.073 Y47.983 E.06177
G1 X29.444 Y47.983 E.09793
G1 X29.444 Y45.694 E.06177
G1 X33.013 Y45.694 E.09631
G1 X33.469 Y45.299 F9000
;TYPE:External perimeter
;WIDTH:0.419999
G1 F1800
G1 X33.469 Y48.379 E.07902
G1 X29.049 Y48.379 E.11339
G1 X29.049 Y45.299 E.07902
G1 X33.409 Y45.299 E.11185
G1 E-3.5 F3600
;WIPE_START
G1 F7200
G1 X33.469 Y45.299 E-.0285
G1 X33.469 Y48.379 E-1.463
G1 X33.451 Y48.379 E-.0085
;WIPE_END
G1 X30.424 Y46.412 F9000
G1 E5 F2400
;TYPE:Internal infill
;WIDTH:0.44
G1 F3600
G1 X30.162 Y46.674 E.01
G1 E-3.5
;WIPE_START
G1 F7200
G1 X30.424 Y46.412 E-.176
;WIPE_END
G1 E-1.324 F3600
G1 X29.868 Y28.059 F9000
G1 E5 F2400
;TYPE:Perimeter
;WIDTH:0.475842
G1 F1800
G1 X29.868 Y27.618 E.01295
G1 X32.65 Y27.618 E.0817
G1 X32.65 Y28.059 E.01295
G1 X29.928 Y28.059 E.07994
G1 X29.444 Y28.483 F9000
;WIDTH:0.439999
G1 F1800
G1 X29.444 Y27.194 E.03478
G1 X33.073 Y27.194 E.09793
G1 X33.073 Y28.483 E.03478
G1 X29.504 Y28.483 E.09631
G1 X29.049 Y28.879 F9000
;TYPE:External perimeter
;WIDTH:0.419999
G1 F1800
G1 X29.049 Y26.799 E.05336
G1 X33.469 Y26.799 E.11339
G1 X33.469 Y28.879 E.05336
G1 X29.109 Y28.879 E.11185
G1 E-3.5 F3600
;WIPE_START
G1 F7200
G1 X29.049 Y28.879 E-.0285
G1 X29.049 Y26.799 E-.988
G1 X30.067 Y26.799 E-.4835
;WIPE_END
G1 X38.443 Y28.059 F9000
G1 E5 F2400
;TYPE:Perimeter
;WIDTH:0.475842
G1 F3600
G1 X38.443 Y27.618 E.01295
G1 X48.064 Y27.618 E.28256
G1 X48.885 Y27.6 E.02412
;WIDTH:0.439999
G1 X72.668 Y27.6 E.64178
G1 X72.668 Y30.677 E.08303
G1 X55.496 Y30.677 E.46338
G1 X55.095 Y30.833 E.01161
G1 X54.9 Y30.996 E.00686
G1 X54.683 Y31.367 E.0116
G1 X54.635 Y31.672 E.00833
G1 X54.635 Y42.834 E.3012
G1 X54.748 Y43.166 E.00946
G1 X54.88 Y43.36 E.00633
G1 X55.077 Y43.533 E.00707
G1 X55.335 Y43.655 E.0077
G1 X55.629 Y43.7 E.00803
G1 X72.668 Y43.7 E.45979
G1 X72.668 Y47.577 E.10462
G1 X38.425 Y47.577 E.92404
G1 X38.425 Y46.1 E.03986
G1 X48.192 Y46.1 E.26356
G1 X48.531 Y45.983 E.00968
G1 X48.859 Y45.702 E.01165
G1 X49.018 Y45.384 E.00959
G1 X49.058 Y45.106 E.00758
G1 X49.058 Y29.072 E.43267
G1 X48.981 Y28.689 E.01054
G1 X48.66 Y28.276 E.01412
;WIDTH:0.475842
G1 X48.064 Y28.059 E.01863
G1 X38.503 Y28.059 E.2808
G1 X38.019 Y28.483 F9000
;WIDTH:0.439999
G1 F3600
G1 X38.019 Y27.194 E.03478
G1 X73.073 Y27.194 E.94593
G1 X73.073 Y31.083 E.10494
G1 X55.55 Y31.083 E.47285
G1 X55.313 Y31.175 E.00686
G1 X55.117 Y31.381 E.00767
G1 X55.041 Y31.672 E.00812
G1 X55.041 Y42.789 E.29999
G1 X55.186 Y43.093 E.00909
G1 X55.455 Y43.268 E.00866
G1 X55.629 Y43.294 E.00475
G1 X73.073 Y43.294 E.47072
G1 X73.073 Y47.983 E.12653
G1 X38.019 Y47.983 E.94593
G1 X38.019 Y45.694 E.06177
G1 X48.064 Y45.694 E.27106
G1 X48.341 Y45.625 E.0077
G1 X48.534 Y45.459 E.00687
G1 X48.629 Y45.271 E.00568
G1 X48.652 Y45.106 E.0045
G1 X48.652 Y29.072 E.43267
G1 X48.607 Y28.845 E.00624
G1 X48.417 Y28.601 E.00835
G1 X48.064 Y28.483 E.01004
G1 X38.079 Y28.483 E.26944
G1 X37.624 Y28.879 F9000
;TYPE:External perimeter
;WIDTH:0.419999
G1 F1800
G1 X37.624 Y26.799 E.05336
G1 X73.469 Y26.799 E.91958
G1 X73.469 Y31.479 E.12006
G1 X55.629 Y31.479 E.45767
G1 X55.488 Y31.541 E.00395
G1 X55.436 Y31.672 E.00362
G1 X55.436 Y42.706 E.28307
G1 X55.484 Y42.833 E.00348
G1 X55.629 Y42.899 E.00409
G1 X73.469 Y42.899 E.45767
G1 X73.469 Y48.379 E.14059
G1 X37.624 Y48.379 E.91958
G1 X37.624 Y45.299 E.07902
G1 X48.064 Y45.299 E.26783
G1 X48.218 Y45.222 E.00442
G1 X48.256 Y45.106 E.00313
G1 X48.256 Y29.072 E.41134
G1 X48.179 Y28.917 E.00444
G1 X48.064 Y28.879 E.00311
G1 X37.684 Y28.879 E.26629
G1 E-3.5 F3600
;WIPE_START
G1 F7200
G1 X37.624 Y28.879 E-.0285
G1 X37.624 Y26.799 E-.988
G1 X38.642 Y26.799 E-.4835
;WIPE_END
G1 X49.37 Y30.275 F9000
G1 E5 F2400
;TYPE:Internal infill
;WIDTH:0.44
G1 F3600
G1 X49.37 Y29.061 E.03276
G1 X49.271 Y28.564 E.01367
G1 X48.824 Y28.013 E.01915
G1 X48.924 Y27.912 E.00384
G1 X52.519 Y27.912 E.09701
G1 X55.098 Y30.491 E.09842
G1 X54.67 Y30.783 E.01398
G1 X54.384 Y31.273 E.01531
G1 X54.323 Y31.663 E.01065
G1 X54.323 Y32.609 E.02553
G1 E-3.5
;WIPE_START
G1 F7200
G1 X54.323 Y31.663 E-.44935
G1 X54.384 Y31.273 E-.1875
G1 X54.67 Y30.783 E-.2695
G1 X55.098 Y30.491 E-.24611
G1 X54.581 Y29.974 E-.34754
;WIPE_END
G1 X54.323 Y42.462 F9000
G1 E5 F2400
G1 F3600
G1 X54.361 Y43.022 E.01515
G1 X54.645 Y43.566 E.01656
G1 X54.904 Y43.794 E.00931
G1 X55.242 Y43.955 E.0101
G1 X55.772 Y44.012 E.01438
G1 X52.519 Y47.265 E.12414
G1 X48.924 Y47.265 E.09701
G1 X48.071 Y46.412 E.03255
G1 X45.723 Y46.412 E.06336
G1 X44.87 Y47.265 E.03255
G1 X41.275 Y47.265 E.09701
G1 X40.422 Y46.412 E.03255
G1 X42.856 Y46.412 E.06568
G1 E-3.5
;WIPE_START
G1 F7200
G1 X40.422 Y46.412 E-1.15615
G1 X40.934 Y46.924 E-.34385
;WIPE_END
G1 X72.355 Y45.314 F9000
G1 E5 F2400
G1 F3600
G1 X72.355 Y47.265 E.05265
G1 X71.872 Y47.265 E.01303
G1 X68.619 Y44.012 E.12414
G1 X71.071 Y44.012 E.06617
G1 X67.818 Y47.265 E.12414
G1 X64.223 Y47.265 E.09701
G1 X60.97 Y44.012 E.12414
G1 X63.421 Y44.012 E.06614
G1 X60.169 Y47.265 E.12412
G1 X56.573 Y47.265 E.09704
G1 X49.37 Y40.062 E.27488
G1 X49.37 Y42.765 E.07294
G1 X54.323 Y37.812 E.18902
G1 X54.323 Y37.365 E.01206
G1 X49.37 Y32.412 E.18902
G1 X49.37 Y35.116 E.07297
G1 X56.573 Y27.912 E.2749
G1 X60.169 Y27.912 E.09704
G1 X62.621 Y30.365 E.09359
G1 X61.77 Y30.365 E.02296
G1 X64.223 Y27.912 E.09361
G1 X67.818 Y27.912 E.09701
G1 X70.271 Y30.365 E.09361
G1 X69.419 Y30.365 E.02299
G1 X71.872 Y27.912 E.09361
G1 X72.355 Y27.912 E.01303
G1 X72.355 Y29.863 E.05265
G1 E-3.5
;WIPE_START
G1 F7200
G1 X72.355 Y27.912 E-.92673
G1 X71.872 Y27.912 E-.22943
G1 X71.36 Y28.424 E-.34384
;WIPE_END
G1 X78.425 Y30.677 F9000
G1 E5 F2400
;TYPE:Perimeter
;WIDTH:0.439999
G1 F1800
G1 X78.425 Y27.6 E.08303
G1 X79.243 Y27.6 E.02207
G1 X79.243 Y30.677 E.08303
G1 X78.485 Y30.677 E.02045
G1 X78.019 Y31.083 F9000
G1 F1800
G1 X78.019 Y27.194 E.10494
G1 X79.649 Y27.194 E.04399
G1 X79.649 Y31.083 E.10494
G1 X78.079 Y31.083 E.04237
G1 X77.624 Y31.479 F9000
;TYPE:External perimeter
;WIDTH:0.419999
G1 F1800
G1 X77.624 Y26.799 E.12006
G1 X80.044 Y26.799 E.06208
G1 X80.044 Y31.479 E.12006
G1 X77.684 Y31.479 E.06054
G1 X78.834 Y30.269 F9000
;TYPE:Solid infill
;WIDTH:0.633086
G1 F3600
G1 X78.834 Y28.009 E.09001
G1 E-3.5
;WIPE_START
G1 F7200
G1 X78.834 Y30.269 E-1.0735
;WIPE_END
G1 E-.4265 F3600
G1 X79.243 Y43.7 F9000
G1 E5 F2400
;TYPE:Perimeter
;WIDTH:0.439999
G1 F1800
G1 X79.243 Y47.577 E.10462
G1 X78.425 Y47.577 E.02207
G1 X78.425 Y43.7 E.10462
G1 X79.183 Y43.7 E.02045
G1 X79.649 Y43.294 F9000
G1 F1800
G1 X79.649 Y47.983 E.12653
G1 X78.019 Y47.983 E.04399
G1 X78.019 Y43.294 E.12653
G1 X79.589 Y43.294 E.04237
G1 X80.044 Y42.899 F9000
;TYPE:External perimeter
;WIDTH:0.419999
G1 F1800
G1 X80.044 Y48.379 E.14059
G1 X77.624 Y48.379 E.06208
G1 X77.624 Y42.899 E.14059
G1 X79.984 Y42.899 E.06054
G1 E-3.5 F3600
;WIPE_START
G1 F7200
G1 X80.044 Y42.899 E-.0285
G1 X80.044 Y45.997 E-1.4715
;WIPE_END
G1 X78.834 Y47.169 F9000
G1 E5 F2400
;TYPE:Solid infill
;WIDTH:0.633086
G1 F3600
G1 X78.834 Y44.109 E.12188
;LAYER_CHANGE
;Z:3.56
;HEIGHT:0.16
;BEFORE_LAYER_CHANGE
G92 E0
;3.56


G1 E-3.5 F3600
;WIPE_START
G1 F7200
G1 X78.834 Y47.169 E-1.4535
;WIPE_END
G1 E-.0465 F3600
G1 Z3.56 F9000
;AFTER_LAYER_CHANGE
;3.56
G1 X32.535 Y46.1
G1 E5 F2400
;TYPE:Perimeter
;WIDTH:0.439999
G1 F1800
G1 X32.535 Y47.577 E.03986
G1 X29.796 Y47.577 E.07391
G1 X29.796 Y46.1 E.03986
G1 X32.475 Y46.1 E.07229
G1 X32.94 Y45.694 F9000
G1 F1800
G1 X32.94 Y47.983 E.06177
G1 X29.39 Y47.983 E.0958
G1 X29.39 Y45.694 E.06177
G1 X32.88 Y45.694 E.09418
G1 X33.336 Y45.299 F9000
;TYPE:External perimeter
;WIDTH:0.419999
G1 F1800
G1 X33.336 Y48.379 E.07902
G1 X28.994 Y48.379 E.11139
G1 X28.994 Y45.299 E.07902
G1 X33.276 Y45.299 E.10985
G1 E-3.5 F3600
;WIPE_START
G1 F7200
G1 X33.336 Y45.299 E-.0285
G1 X33.336 Y48.379 E-1.463
G1 X33.318 Y48.379 E-.0085
;WIPE_END
G1 X30.424 Y46.412 F9000
G1 E5 F2400
;TYPE:Internal infill
;WIDTH:0.44
G1 F3600
G1 X30.108 Y46.728 E.01206
G1 E-3.5
;WIPE_START
G1 F7200
G1 X30.424 Y46.412 E-.21227
;WIPE_END
G1 E-1.28773 F3600
G1 X29.814 Y28.059 F9000
G1 E5 F2400
;TYPE:Perimeter
;WIDTH:0.475842
G1 F1800
G1 X29.814 Y27.618 E.01295
G1 X32.517 Y27.618 E.07938
G1 X32.517 Y28.059 E.01295
G1 X29.874 Y28.059 E.07762
G1 X29.39 Y28.483 F9000
;WIDTH:0.439999
G1 F1800
G1 X29.39 Y27.194 E.03478
G1 X32.94 Y27.194 E.0958
G1 X32.94 Y28.483 E.03478
G1 X29.45 Y28.483 E.09418
G1 X28.994 Y28.879 F9000
;TYPE:External perimeter
;WIDTH:0.419999
G1 F1800
G1 X28.994 Y26.799 E.05336
G1 X33.336 Y26.799 E.11139
G1 X33.336 Y28.879 E.05336
G1 X29.054 Y28.879 E.10985
G1 E-3.5 F3600
;WIPE_START
G1 F7200
G1 X28.994 Y28.879 E-.0285
G1 X28.994 Y26.799 E-.988
G1 X30.012 Y26.799 E-.4835
;WIPE_END
G1 X38.576 Y28.059 F9000
G1 E5 F2400
;TYPE:Perimeter
;WIDTH:0.475842
G1 F3600
G1 X38.576 Y27.618 E.01295
G1 X48.064 Y27.618 E.27865
G1 X48.885 Y27.6 E.02412
;WIDTH:0.439999
G1 X72.535 Y27.6 E.63819
G1 X72.535 Y30.677 E.08303
G1 X55.496 Y30.677 E.45979
G1 X55.095 Y30.833 E.01161
G1 X54.9 Y30.996 E.00686
G1 X54.683 Y31.367 E.0116
G1 X54.635 Y31.672 E.00833
G1 X54.635 Y42.834 E.3012
G1 X54.748 Y43.166 E.00946
G1 X54.88 Y43.36 E.00633
G1 X55.077 Y43.533 E.00707
G1 X55.335 Y43.655 E.0077
G1 X55.629 Y43.7 E.00803
G1 X72.535 Y43.7 E.45621
G1 X72.535 Y47.577 E.10462
G1 X38.558 Y47.577 E.91686
G1 X38.558 Y46.1 E.03986
G1 X48.192 Y46.1 E.25997
G1 X48.531 Y45.983 E.00968
G1 X48.859 Y45.702 E.01165
G1 X49.018 Y45.384 E.00959
G1 X49.058 Y45.106 E.00758
G1 X49.058 Y29.072 E.43267
G1 X48.981 Y28.689 E.01054
G1 X48.66 Y28.276 E.01412
;WIDTH:0.475842
G1 X48.064 Y28.059 E.01863
G1 X38.636 Y28.059 E.27689
G1 X38.153 Y28.483 F9000
;WIDTH:0.439999
G1 F3600
G1 X38.153 Y27.194 E.03478
G1 X72.94 Y27.194 E.93872
G1 X72.94 Y31.083 E.10494
G1 X55.55 Y31.083 E.46927
G1 X55.313 Y31.175 E.00686
G1 X55.117 Y31.381 E.00767
G1 X55.041 Y31.672 E.00812
G1 X55.041 Y42.789 E.29999
G1 X55.186 Y43.093 E.00909
G1 X55.455 Y43.268 E.00866
G1 X55.629 Y43.294 E.00475
G1 X72.94 Y43.294 E.46713
G1 X72.94 Y47.983 E.12653
G1 X38.153 Y47.983 E.93872
G1 X38.153 Y45.694 E.06177
G1 X48.064 Y45.694 E.26745
G1 X48.341 Y45.625 E.0077
G1 X48.534 Y45.459 E.00687
G1 X48.629 Y45.271 E.00568
G1 X48.652 Y45.106 E.0045
G1 X48.652 Y29.072 E.43267
G1 X48.607 Y28.845 E.00624
G1 X48.417 Y28.601 E.00835
G1 X48.064 Y28.483 E.01004
G1 X38.213 Y28.483 E.26583
G1 X37.757 Y28.879 F9000
;TYPE:External perimeter
;WIDTH:0.419999
G1 F1800
G1 X37.757 Y26.799 E.05336
G1 X73.336 Y26.799 E.91276
G1 X73.336 Y31.479 E.12006
G1 X55.629 Y31.479 E.45426
G1 X55.488 Y31.541 E.00395
G1 X55.436 Y31.672 E.00362
G1 X55.436 Y42.706 E.28307
G1 X55.484 Y42.833 E.00348
G1 X55.629 Y42.899 E.00409
G1 X73.336 Y42.899 E.45426
G1 X73.336 Y48.379 E.14059
G1 X37.757 Y48.379 E.91276
G1 X37.757 Y45.299 E.07902
G1 X48.064 Y45.299 E.26442
G1 X48.218 Y45.222 E.00442
G1 X48.256 Y45.106 E.00313
G1 X48.256 Y29.072 E.41134
G1 X48.179 Y28.917 E.00444
G1 X48.064 Y28.879 E.00311
G1 X37.817 Y28.879 E.26288
G1 E-3.5 F3600
;WIPE_START
G1 F7200
G1 X37.757 Y28.879 E-.0285
G1 X37.757 Y26.799 E-.988
G1 X38.775 Y26.799 E-.4835
;WIPE_END
G1 X49.37 Y30.275 F9000
G1 E5 F2400
;TYPE:Internal infill
;WIDTH:0.44
G1 F3600
G1 X49.37 Y29.061 E.03276
G1 X49.271 Y28.564 E.01367
G1 X48.824 Y28.013 E.01915
G1 X48.924 Y27.912 E.00384
G1 X52.519 Y27.912 E.09701
G1 X55.098 Y30.491 E.09842
G1 X54.67 Y30.783 E.01398
G1 X54.384 Y31.273 E.01531
G1 X54.323 Y31.663 E.01065
G1 X54.323 Y32.609 E.02553
G1 E-3.5
;WIPE_START
G1 F7200
G1 X54.323 Y31.663 E-.44935
G1 X54.384 Y31.273 E-.1875
G1 X54.67 Y30.783 E-.2695
G1 X55.098 Y30.491 E-.24611
G1 X54.581 Y29.974 E-.34754
;WIPE_END
G1 X54.323 Y42.462 F9000
G1 E5 F2400
G1 F3600
G1 X54.361 Y43.022 E.01515
G1 X54.645 Y43.566 E.01656
G1 X54.904 Y43.794 E.00931
G1 X55.242 Y43.955 E.0101
G1 X55.772 Y44.012 E.01438
G1 X52.519 Y47.265 E.12414
G1 X48.924 Y47.265 E.09701
G1 X48.071 Y46.412 E.03255
G1 X45.723 Y46.412 E.06336
G1 X44.87 Y47.265 E.03255
G1 X41.275 Y47.265 E.09701
G1 X40.422 Y46.412 E.03255
G1 X42.856 Y46.412 E.06568
G1 E-3.5
;WIPE_START
G1 F7200
G1 X40.422 Y46.412 E-1.15615
G1 X40.934 Y46.924 E-.34385
;WIPE_END
G1 X72.222 Y45.181 F9000
G1 E5 F2400
G1 F3600
G1 X72.222 Y47.265 E.05624
G1 X71.872 Y47.265 E.00944
G1 X68.619 Y44.012 E.12414
G1 X71.071 Y44.012 E.06617
G1 X67.818 Y47.265 E.12414
G1 X64.223 Y47.265 E.09701
G1 X60.97 Y44.012 E.12414
G1 X63.421 Y44.012 E.06614
G1 X60.169 Y47.265 E.12412
G1 X56.574 Y47.265 E.09701
G1 X49.37 Y40.062 E.2749
G1 X49.37 Y42.765 E.07294
G1 X54.323 Y37.812 E.18902
G1 X54.323 Y37.365 E.01206
G1 X49.37 Y32.412 E.18902
G1 X49.37 Y35.116 E.07297
G1 X56.574 Y27.912 E.27492
G1 X60.169 Y27.912 E.09701
G1 X62.621 Y30.365 E.09359
G1 X61.77 Y30.365 E.02296
G1 X64.223 Y27.912 E.09361
G1 X67.818 Y27.912 E.09701
G1 X70.271 Y30.365 E.09361
G1 X69.419 Y30.365 E.02299
G1 X71.872 Y27.912 E.09361
G1 X72.222 Y27.912 E.00944
G1 X72.222 Y29.996 E.05624
G1 E-3.5
;WIPE_START
G1 F7200
G1 X72.222 Y27.912 E-.9899
G1 X71.872 Y27.912 E-.16625
G1 X71.36 Y28.424 E-.34385
;WIPE_END
G1 X78.642 Y30.594 F9000
G1 E5 F2400
;TYPE:Perimeter
;WIDTH:0.606606
G1 F1800
G1 X78.642 Y27.683 E.11081
G1 X79.214 Y27.683 E.02177
G1 X79.214 Y30.594 E.11081
G1 X78.702 Y30.594 E.01949
G1 X78.153 Y31.083 F9000
;WIDTH:0.439999
G1 F1800
G1 X78.153 Y27.194 E.10494
G1 X79.703 Y27.194 E.04183
G1 X79.703 Y31.083 E.10494
G1 X78.213 Y31.083 E.04021
G1 X77.757 Y31.479 F9000
;TYPE:External perimeter
;WIDTH:0.419999
G1 F1800
G1 X77.757 Y26.799 E.12006
G1 X80.098 Y26.799 E.06006
G1 X80.098 Y31.479 E.12006
G1 X77.817 Y31.479 E.05852
G1 E-3.5 F3600
;WIPE_START
G1 F7200
G1 X77.757 Y31.479 E-.0285
G1 X77.757 Y28.381 E-1.4715
;WIPE_END
G1 X78.642 Y43.783 F9000
G1 E5 F2400
;TYPE:Perimeter
;WIDTH:0.606606
G1 F1800
G1 X79.214 Y43.783 E.02177
G1 X79.214 Y47.494 E.14127
G1 X78.642 Y47.494 E.02177
G1 X78.642 Y43.843 E.13898
G1 X78.153 Y43.294 F9000
;WIDTH:0.439999
G1 F1800
G1 X79.703 Y43.294 E.04183
G1 X79.703 Y47.983 E.12653
G1 X78.153 Y47.983 E.04183
G1 X78.153 Y43.354 E.12491
G1 X77.757 Y42.899 F9000
;TYPE:External perimeter
;WIDTH:0.419999
G1 F1800
G1 X80.098 Y42.899 E.06006
G1 X80.098 Y48.379 E.14059
G1 X77.757 Y48.379 E.06006
G1 X77.757 Y42.959 E.13905
;LAYER_CHANGE
;Z:3.72
;HEIGHT:0.16
;BEFORE_LAYER_CHANGE
G92 E0
;3.72


G1 E-3.5 F3600
;WIPE_START
G1 F7200
G1 X77.757 Y42.899 E-.0285
G1 X80.098 Y42.899 E-1.11197
G1 X80.098 Y43.656 E-.35953
;WIPE_END
G1 Z3.72 F9000
;AFTER_LAYER_CHANGE
;3.72
G1 X32.423 Y46.1
G1 E5 F2400
;TYPE:Perimeter
;WIDTH:0.439999
G1 F1800
G1 X32.423 Y47.577 E.03986
G1 X29.746 Y47.577 E.07224
G1 X29.746 Y46.1 E.03986
G1 X32.363 Y46.1 E.07062
G1 X32.829 Y45.694 F9000
G1 F1800
G1 X32.829 Y47.983 E.06177
G1 X29.341 Y47.983 E.09412
G1 X29.341 Y45.694 E.06177
G1 X32.769 Y45.694 E.0925
G1 X33.225 Y45.299 F9000
;TYPE:External perimeter
;WIDTH:0.419999
G1 F1800
G1 X33.225 Y48.379 E.07902
G1 X28.945 Y48.379 E.1098
G1 X28.945 Y45.299 E.07902
G1 X33.165 Y45.299 E.10826
G1 E-3.5 F3600
;WIPE_START
G1 F7200
G1 X33.225 Y45.299 E-.0285
G1 X33.225 Y48.379 E-1.463
G1 X33.207 Y48.379 E-.0085
;WIPE_END
G1 X30.424 Y46.412 F9000
G1 E5 F2400
;TYPE:Internal infill
;WIDTH:0.44
G1 F3600
G1 X30.059 Y46.778 E.01395
G1 E-3.5
;WIPE_START
G1 F7200
G1 X30.424 Y46.412 E-.24553
;WIPE_END
G1 E-1.25447 F3600
G1 X29.764 Y28.059 F9000
G1 E5 F2400
;TYPE:Perimeter
;WIDTH:0.475842
G1 F1800
G1 X29.764 Y27.618 E.01295
G1 X32.406 Y27.618 E.07759
G1 X32.406 Y28.059 E.01295
G1 X29.824 Y28.059 E.07583
G1 X29.341 Y28.483 F9000
;WIDTH:0.439999
G1 F1800
G1 X29.341 Y27.194 E.03478
G1 X32.829 Y27.194 E.09412
G1 X32.829 Y28.483 E.03478
G1 X29.401 Y28.483 E.0925
G1 X28.945 Y28.879 F9000
;TYPE:External perimeter
;WIDTH:0.419999
G1 F1800
G1 X28.945 Y26.799 E.05336
G1 X33.225 Y26.799 E.1098
G1 X33.225 Y28.879 E.05336
G1 X29.005 Y28.879 E.10826
G1 E-3.5 F3600
;WIPE_START
G1 F7200
G1 X28.945 Y28.879 E-.0285
G1 X28.945 Y26.799 E-.988
G1 X29.963 Y26.799 E-.4835
;WIPE_END
G1 X38.687 Y28.059 F9000
G1 E5 F2400
;TYPE:Perimeter
;WIDTH:0.475842
G1 F3600
G1 X38.687 Y27.618 E.01295
G1 X48.064 Y27.618 E.27539
G1 X48.885 Y27.6 E.02412
;WIDTH:0.439999
G1 X72.423 Y27.6 E.63517
G1 X72.423 Y30.677 E.08303
G1 X55.496 Y30.677 E.45677
G1 X55.095 Y30.833 E.01161
G1 X54.9 Y30.996 E.00686
G1 X54.683 Y31.367 E.0116
G1 X54.635 Y31.672 E.00833
G1 X54.635 Y42.834 E.3012
G1 X54.748 Y43.166 E.00946
G1 X54.88 Y43.36 E.00633
G1 X55.077 Y43.533 E.00707
G1 X55.335 Y43.655 E.0077
G1 X55.629 Y43.7 E.00803
G1 X72.423 Y43.7 E.45318
G1 X72.423 Y47.577 E.10462
G1 X38.669 Y47.577 E.91085
G1 X38.669 Y46.1 E.03986
G1 X48.192 Y46.1 E.25698
G1 X48.531 Y45.983 E.00968
G1 X48.859 Y45.702 E.01165
G1 X49.018 Y45.384 E.00959
G1 X49.058 Y45.106 E.00758
G1 X49.058 Y29.072 E.43267
G1 X48.981 Y28.689 E.01054
G1 X48.66 Y28.276 E.01412
;WIDTH:0.475842
G1 X48.064 Y28.059 E.01863
G1 X38.747 Y28.059 E.27363
G1 X38.264 Y28.483 F9000
;WIDTH:0.439999
G1 F3600
G1 X38.264 Y27.194 E.03478
G1 X72.829 Y27.194 E.93273
G1 X72.829 Y31.083 E.10494
G1 X55.55 Y31.083 E.46627
G1 X55.313 Y31.175 E.00686
G1 X55.117 Y31.381 E.00767
G1 X55.041 Y31.672 E.00812
G1 X55.041 Y42.789 E.29999
G1 X55.186 Y43.093 E.00909
G1 X55.455 Y43.268 E.00866
G1 X55.629 Y43.294 E.00475
G1 X72.829 Y43.294 E.46414
G1 X72.829 Y47.983 E.12653
G1 X38.264 Y47.983 E.93273
G1 X38.264 Y45.694 E.06177
G1 X48.064 Y45.694 E.26445
G1 X48.341 Y45.625 E.0077
G1 X48.534 Y45.459 E.00687
G1 X48.629 Y45.271 E.00568
G1 X48.652 Y45.106 E.0045
G1 X48.652 Y29.072 E.43267
G1 X48.607 Y28.845 E.00624
G1 X48.417 Y28.601 E.00835
G1 X48.064 Y28.483 E.01004
G1 X38.324 Y28.483 E.26283
G1 X37.868 Y28.879 F9000
;TYPE:External perimeter
;WIDTH:0.419999
G1 F1800
G1 X37.868 Y26.799 E.05336
G1 X73.225 Y26.799 E.90706
G1 X73.225 Y31.479 E.12006
G1 X55.629 Y31.479 E.45141
G1 X55.488 Y31.541 E.00395
G1 X55.436 Y31.672 E.00362
G1 X55.436 Y42.706 E.28307
G1 X55.484 Y42.833 E.00348
G1 X55.629 Y42.899 E.00409
G1 X73.225 Y42.899 E.45141
G1 X73.225 Y48.379 E.14059
G1 X37.868 Y48.379 E.90706
G1 X37.868 Y45.299 E.07902
G1 X48.064 Y45.299 E.26157
G1 X48.218 Y45.222 E.00442
G1 X48.256 Y45.106 E.00313
G1 X48.256 Y29.072 E.41134
G1 X48.179 Y28.917 E.00444
G1 X48.064 Y28.879 E.00311
G1 X37.928 Y28.879 E.26003
G1 E-3.5 F3600
;WIPE_START
G1 F7200
G1 X37.868 Y28.879 E-.0285
G1 X37.868 Y26.799 E-.988
G1 X38.886 Y26.799 E-.4835
;WIPE_END
G1 X49.37 Y30.275 F9000
G1 E5 F2400
;TYPE:Internal infill
;WIDTH:0.44
G1 F3600
G1 X49.37 Y29.061 E.03276
G1 X49.271 Y28.564 E.01367
G1 X48.824 Y28.013 E.01915
G1 X48.924 Y27.912 E.00384
G1 X52.519 Y27.912 E.09701
G1 X55.098 Y30.491 E.09842
G1 X54.67 Y30.783 E.01398
G1 X54.384 Y31.273 E.01531
G1 X54.323 Y31.663 E.01065
G1 X54.323 Y32.609 E.02553
G1 E-3.5
;WIPE_START
G1 F7200
G1 X54.323 Y31.663 E-.44935
G1 X54.384 Y31.273 E-.1875
G1 X54.67 Y30.783 E-.2695
G1 X55.098 Y30.491 E-.24611
G1 X54.581 Y29.974 E-.34754
;WIPE_END
G1 X54.323 Y42.462 F9000
G1 E5 F2400
G1 F3600
G1 X54.361 Y43.022 E.01515
G1 X54.645 Y43.566 E.01656
G1 X54.904 Y43.794 E.00931
G1 X55.242 Y43.955 E.0101
G1 X55.772 Y44.012 E.01438
G1 X52.519 Y47.265 E.12414
G1 X48.924 Y47.265 E.09701
G1 X48.071 Y46.412 E.03255
G1 X45.723 Y46.412 E.06336
G1 X44.87 Y47.265 E.03255
G1 X41.275 Y47.265 E.09701
G1 X40.422 Y46.412 E.03255
G1 X42.856 Y46.412 E.06568
G1 E-3.5
;WIPE_START
G1 F7200
G1 X40.422 Y46.412 E-1.15615
G1 X40.934 Y46.924 E-.34385
;WIPE_END
G1 X72.111 Y45.07 F9000
G1 E5 F2400
G1 F3600
G1 X72.111 Y47.265 E.05923
G1 X71.872 Y47.265 E.00645
G1 X68.619 Y44.012 E.12414
G1 X71.071 Y44.012 E.06617
G1 X67.818 Y47.265 E.12414
G1 X64.223 Y47.265 E.09701
G1 X60.97 Y44.012 E.12414
G1 X63.421 Y44.012 E.06614
G1 X60.169 Y47.265 E.12412
G1 X56.574 Y47.265 E.09701
G1 X49.37 Y40.062 E.2749
G1 X49.37 Y42.765 E.07294
G1 X54.323 Y37.812 E.18902
G1 X54.323 Y37.365 E.01206
G1 X49.37 Y32.412 E.18902
G1 X49.37 Y35.116 E.07297
G1 X56.574 Y27.912 E.27492
G1 X60.169 Y27.912 E.09701
G1 X62.621 Y30.365 E.09359
G1 X61.77 Y30.365 E.02296
G1 X64.223 Y27.912 E.09361
G1 X67.818 Y27.912 E.09701
G1 X70.271 Y30.365 E.09361
G1 X69.419 Y30.365 E.02299
G1 X71.872 Y27.912 E.09361
G1 X72.111 Y27.912 E.00645
G1 X72.111 Y30.107 E.05923
G1 E-3.5
;WIPE_START
G1 F7200
G1 X72.111 Y27.912 E-1.04263
G1 X71.872 Y27.912 E-.11353
G1 X71.36 Y28.424 E-.34384
;WIPE_END
G1 X78.737 Y30.61 F9000
G1 E5 F2400
;TYPE:Perimeter
;WIDTH:0.575674
G1 F1800
G1 X78.737 Y27.668 E.10594
G1 X79.279 Y27.668 E.01952
G1 X79.279 Y30.61 E.10594
G1 X78.797 Y30.61 E.01736
G1 X78.264 Y31.083 F9000
;WIDTH:0.439999
G1 F1800
G1 X78.264 Y27.194 E.10494
G1 X79.752 Y27.194 E.04015
G1 X79.752 Y31.083 E.10494
G1 X78.324 Y31.083 E.03853
G1 X77.868 Y31.479 F9000
;TYPE:External perimeter
;WIDTH:0.419999
G1 F1800
G1 X77.868 Y26.799 E.12006
G1 X80.148 Y26.799 E.05849
G1 X80.148 Y31.479 E.12006
G1 X77.928 Y31.479 E.05695
G1 E-3.5 F3600
;WIPE_START
G1 F7200
G1 X77.868 Y31.479 E-.0285
G1 X77.868 Y28.381 E-1.4715
;WIPE_END
G1 X78.737 Y43.768 F9000
G1 E5 F2400
;TYPE:Perimeter
;WIDTH:0.575674
G1 F1800
G1 X79.279 Y43.768 E.01952
G1 X79.279 Y47.51 E.13475
G1 X78.737 Y47.51 E.01952
G1 X78.737 Y43.828 E.13259
G1 X78.264 Y43.294 F9000
;WIDTH:0.439999
G1 F1800
G1 X79.752 Y43.294 E.04015
G1 X79.752 Y47.983 E.12653
G1 X78.264 Y47.983 E.04015
G1 X78.264 Y43.354 E.12491
G1 X77.868 Y42.899 F9000
;TYPE:External perimeter
;WIDTH:0.419999
G1 F1800
G1 X80.148 Y42.899 E.05849
G1 X80.148 Y48.379 E.14059
G1 X77.868 Y48.379 E.05849
G1 X77.868 Y42.959 E.13905
;LAYER_CHANGE
;Z:3.88
;HEIGHT:0.16
;BEFORE_LAYER_CHANGE
G92 E0
;3.88


G1 E-3.5 F3600
;WIPE_START
G1 F7200
G1 X77.868 Y42.899 E-.0285
G1 X80.148 Y42.899 E-1.083
G1 X80.148 Y43.717 E-.3885
;WIPE_END
G1 Z3.88 F9000
;AFTER_LAYER_CHANGE
;3.88
G1 X32.328 Y46.1
G1 E5 F2400
;TYPE:Perimeter
;WIDTH:0.439999
G1 F1800
G1 X32.328 Y47.577 E.03986
G1 X29.705 Y47.577 E.07078
G1 X29.705 Y46.1 E.03986
G1 X32.268 Y46.1 E.06916
G1 X32.733 Y45.694 F9000
G1 F1800
G1 X32.733 Y47.983 E.06177
G1 X29.3 Y47.983 E.09264
G1 X29.3 Y45.694 E.06177
G1 X32.673 Y45.694 E.09102
G1 X33.129 Y45.299 F9000
;TYPE:External perimeter
;WIDTH:0.419999
G1 F1800
G1 X33.129 Y48.379 E.07902
G1 X28.904 Y48.379 E.10839
G1 X28.904 Y45.299 E.07902
G1 X33.069 Y45.299 E.10685
G1 E-3.5 F3600
;WIPE_START
G1 F7200
G1 X33.129 Y45.299 E-.0285
G1 X33.129 Y48.379 E-1.463
G1 X33.111 Y48.379 E-.0085
;WIPE_END
G1 X30.424 Y46.412 F9000
G1 E5 F2400
;TYPE:Internal infill
;WIDTH:0.44
G1 F3600
G1 X30.018 Y46.819 E.01551
G1 E-3.5
;WIPE_START
G1 F7200
G1 X30.424 Y46.412 E-.27307
;WIPE_END
G1 E-1.22693 F3600
G1 X29.723 Y28.059 F9000
G1 E5 F2400
;TYPE:Perimeter
;WIDTH:0.475842
G1 F1800
G1 X29.723 Y27.618 E.01295
G1 X32.31 Y27.618 E.07598
G1 X32.31 Y28.059 E.01295
G1 X29.783 Y28.059 E.07422
G1 X29.3 Y28.483 F9000
;WIDTH:0.439999
G1 F1800
G1 X29.3 Y27.194 E.03478
G1 X32.733 Y27.194 E.09264
G1 X32.733 Y28.483 E.03478
G1 X29.36 Y28.483 E.09102
G1 X28.904 Y28.879 F9000
;TYPE:External perimeter
;WIDTH:0.419999
G1 F1800
G1 X28.904 Y26.799 E.05336
G1 X33.129 Y26.799 E.10839
G1 X33.129 Y28.879 E.05336
G1 X28.964 Y28.879 E.10685
G1 E-3.5 F3600
;WIPE_START
G1 F7200
G1 X28.904 Y28.879 E-.0285
G1 X28.904 Y26.799 E-.988
G1 X29.922 Y26.799 E-.4835
;WIPE_END
G1 X38.783 Y28.059 F9000
G1 E5 F2400
;TYPE:Perimeter
;WIDTH:0.475842
G1 F3600
G1 X38.783 Y27.618 E.01295
G1 X48.064 Y27.618 E.27257
G1 X48.885 Y27.6 E.02412
;WIDTH:0.439999
G1 X72.328 Y27.6 E.6326
G1 X72.328 Y30.677 E.08303
G1 X55.496 Y30.677 E.45421
G1 X55.095 Y30.833 E.01161
G1 X54.9 Y30.996 E.00686
G1 X54.683 Y31.367 E.0116
G1 X54.635 Y31.672 E.00833
G1 X54.635 Y42.834 E.3012
G1 X54.748 Y43.166 E.00946
G1 X54.88 Y43.36 E.00633
G1 X55.077 Y43.533 E.00707
G1 X55.335 Y43.655 E.0077
G1 X55.629 Y43.7 E.00803
G1 X72.328 Y43.7 E.45062
G1 X72.328 Y47.577 E.10462
G1 X38.765 Y47.577 E.90569
G1 X38.765 Y46.1 E.03986
G1 X48.192 Y46.1 E.25439
G1 X48.531 Y45.983 E.00968
G1 X48.859 Y45.702 E.01165
G1 X49.018 Y45.384 E.00959
G1 X49.058 Y45.106 E.00758
G1 X49.058 Y29.072 E.43267
G1 X48.981 Y28.689 E.01054
G1 X48.66 Y28.276 E.01412
;WIDTH:0.475842
G1 X48.064 Y28.059 E.01863
G1 X38.843 Y28.059 E.27081
G1 X38.359 Y28.483 F9000
;WIDTH:0.439999
G1 F3600
G1 X38.359 Y27.194 E.03478
G1 X72.733 Y27.194 E.92758
G1 X72.733 Y31.083 E.10494
G1 X55.55 Y31.083 E.46368
G1 X55.313 Y31.175 E.00686
G1 X55.117 Y31.381 E.00767
G1 X55.041 Y31.672 E.00812
G1 X55.041 Y42.789 E.29999
G1 X55.186 Y43.093 E.00909
G1 X55.455 Y43.268 E.00866
G1 X55.629 Y43.294 E.00475
G1 X72.733 Y43.294 E.46155
G1 X72.733 Y47.983 E.12653
G1 X38.359 Y47.983 E.92758
G1 X38.359 Y45.694 E.06177
G1 X48.064 Y45.694 E.26189
G1 X48.341 Y45.625 E.0077
G1 X48.534 Y45.459 E.00687
G1 X48.629 Y45.271 E.00568
G1 X48.652 Y45.106 E.0045
G1 X48.652 Y29.072 E.43267
G1 X48.607 Y28.845 E.00624
G1 X48.417 Y28.601 E.00835
G1 X48.064 Y28.483 E.01004
G1 X38.419 Y28.483 E.26027
G1 X37.964 Y28.879 F9000
;TYPE:External perimeter
;WIDTH:0.419999
G1 F1800
G1 X37.964 Y26.799 E.05336
G1 X73.129 Y26.799 E.90214
G1 X73.129 Y31.479 E.12006
G1 X55.629 Y31.479 E.44895
G1 X55.488 Y31.541 E.00395
G1 X55.436 Y31.672 E.00362
G1 X55.436 Y42.706 E.28307
G1 X55.484 Y42.833 E.00348
G1 X55.629 Y42.899 E.00409
G1 X73.129 Y42.899 E.44895
G1 X73.129 Y48.379 E.14059
G1 X37.964 Y48.379 E.90214
G1 X37.964 Y45.299 E.07902
G1 X48.064 Y45.299 E.25911
G1 X48.218 Y45.222 E.00442
G1 X48.256 Y45.106 E.00313
G1 X48.256 Y29.072 E.41134
G1 X48.179 Y28.917 E.00444
G1 X48.064 Y28.879 E.00311
G1 X38.024 Y28.879 E.25757
G1 E-3.5 F3600
;WIPE_START
G1 F7200
G1 X37.964 Y28.879 E-.0285
G1 X37.964 Y26.799 E-.988
G1 X38.982 Y26.799 E-.4835
;WIPE_END
G1 X49.37 Y30.275 F9000
G1 E5 F2400
;TYPE:Internal infill
;WIDTH:0.44
G1 F3600
G1 X49.37 Y29.061 E.03276
G1 X49.271 Y28.564 E.01367
G1 X48.824 Y28.013 E.01915
G1 X48.924 Y27.912 E.00384
G1 X52.519 Y27.912 E.09701
G1 X55.098 Y30.491 E.09842
G1 X54.67 Y30.783 E.01398
G1 X54.384 Y31.273 E.01531
G1 X54.323 Y31.663 E.01065
G1 X54.323 Y32.609 E.02553
G1 E-3.5
;WIPE_START
G1 F7200
G1 X54.323 Y31.663 E-.44935
G1 X54.384 Y31.273 E-.1875
G1 X54.67 Y30.783 E-.2695
G1 X55.098 Y30.491 E-.24611
G1 X54.581 Y29.974 E-.34754
;WIPE_END
G1 X54.323 Y42.462 F9000
G1 E5 F2400
G1 F3600
G1 X54.361 Y43.022 E.01515
G1 X54.645 Y43.566 E.01656
G1 X54.904 Y43.794 E.00931
G1 X55.242 Y43.955 E.0101
G1 X55.772 Y44.012 E.01438
G1 X52.519 Y47.265 E.12414
G1 X48.924 Y47.265 E.09701
G1 X48.071 Y46.412 E.03255
G1 X45.723 Y46.412 E.06336
G1 X44.87 Y47.265 E.03255
G1 X41.275 Y47.265 E.09701
G1 X40.422 Y46.412 E.03255
G1 X42.856 Y46.412 E.06568
G1 E-3.5
;WIPE_START
G1 F7200
G1 X40.422 Y46.412 E-1.15615
G1 X40.934 Y46.924 E-.34385
;WIPE_END
G1 X72.015 Y44.974 F9000
G1 E5 F2400
G1 F3600
G1 X72.015 Y47.265 E.06182
G1 X71.872 Y47.265 E.00386
G1 X68.619 Y44.012 E.12414
G1 X71.071 Y44.012 E.06617
G1 X67.818 Y47.265 E.12414
G1 X64.223 Y47.265 E.09701
G1 X60.97 Y44.012 E.12414
G1 X63.421 Y44.012 E.06614
G1 X60.169 Y47.265 E.12412
G1 X56.574 Y47.265 E.09701
G1 X49.37 Y40.062 E.2749
G1 X49.37 Y42.765 E.07294
G1 X54.323 Y37.812 E.18902
G1 X54.323 Y37.365 E.01206
G1 X49.37 Y32.412 E.18902
G1 X49.37 Y35.116 E.07297
G1 X56.574 Y27.912 E.27492
G1 X60.169 Y27.912 E.09701
G1 X62.621 Y30.365 E.09359
G1 X61.77 Y30.365 E.02296
G1 X64.223 Y27.912 E.09361
G1 X67.818 Y27.912 E.09701
G1 X70.271 Y30.365 E.09361
G1 X69.419 Y30.365 E.02299
G1 X71.872 Y27.912 E.09361
G1 X72.015 Y27.912 E.00386
G1 X72.015 Y30.203 E.06182
G1 E-3.5
;WIPE_START
G1 F7200
G1 X72.015 Y27.912 E-1.08823
G1 X71.872 Y27.912 E-.06793
G1 X71.36 Y28.424 E-.34384
;WIPE_END
G1 X78.819 Y30.623 F9000
G1 E5 F2400
;TYPE:Perimeter
;WIDTH:0.548356
G1 F1800
G1 X78.819 Y27.654 E.10152
G1 X79.333 Y27.654 E.01758
G1 X79.333 Y30.623 E.10152
G1 X78.879 Y30.623 E.01552
G1 X78.359 Y31.083 F9000
;WIDTH:0.439999
G1 F1800
G1 X78.359 Y27.194 E.10494
G1 X79.793 Y27.194 E.0387
G1 X79.793 Y31.083 E.10494
G1 X78.419 Y31.083 E.03708
G1 X77.964 Y31.479 F9000
;TYPE:External perimeter
;WIDTH:0.419999
G1 F1800
G1 X77.964 Y26.799 E.12006
G1 X80.189 Y26.799 E.05708
G1 X80.189 Y31.479 E.12006
G1 X78.024 Y31.479 E.05554
G1 E-3.5 F3600
;WIPE_START
G1 F7200
G1 X77.964 Y31.479 E-.0285
G1 X77.964 Y28.381 E-1.4715
;WIPE_END
G1 X78.819 Y43.754 F9000
G1 E5 F2400
;TYPE:Perimeter
;WIDTH:0.548356
G1 F1800
G1 X79.333 Y43.754 E.01758
G1 X79.333 Y47.523 E.12887
G1 X78.819 Y47.523 E.01758
G1 X78.819 Y43.814 E.12682
G1 X78.359 Y43.294 F9000
;WIDTH:0.439999
G1 F1800
G1 X79.793 Y43.294 E.0387
G1 X79.793 Y47.983 E.12653
G1 X78.359 Y47.983 E.0387
G1 X78.359 Y43.354 E.12491
G1 X77.964 Y42.899 F9000
;TYPE:External perimeter
;WIDTH:0.419999
G1 F1800
G1 X80.189 Y42.899 E.05708
G1 X80.189 Y48.379 E.14059
G1 X77.964 Y48.379 E.05708
G1 X77.964 Y42.959 E.13905
;LAYER_CHANGE
;Z:4.04
;HEIGHT:0.16
;BEFORE_LAYER_CHANGE
G92 E0
;4.04


G1 E-3.5 F3600
;WIPE_START
G1 F7200
G1 X77.964 Y42.899 E-.0285
G1 X80.189 Y42.899 E-1.05688
G1 X80.189 Y43.772 E-.41462
;WIPE_END
G1 Z4.04 F9000
;AFTER_LAYER_CHANGE
;4.04
G1 X32.249 Y46.1
G1 E5 F2400
;TYPE:Perimeter
;WIDTH:0.439999
G1 F1800
G1 X32.249 Y47.577 E.03986
G1 X29.668 Y47.577 E.06965
G1 X29.668 Y46.1 E.03986
G1 X32.189 Y46.1 E.06803
G1 X32.654 Y45.694 F9000
G1 F1800
G1 X32.654 Y47.983 E.06177
G1 X29.263 Y47.983 E.09151
G1 X29.263 Y45.694 E.06177
G1 X32.594 Y45.694 E.08989
G1 X33.05 Y45.299 F9000
;TYPE:External perimeter
;WIDTH:0.419999
G1 F1800
G1 X33.05 Y48.379 E.07902
G1 X28.867 Y48.379 E.10731
G1 X28.867 Y45.299 E.07902
G1 X32.99 Y45.299 E.10577
G1 E-3.5 F3600
;WIPE_START
G1 F7200
G1 X33.05 Y45.299 E-.0285
G1 X33.05 Y48.379 E-1.463
G1 X33.032 Y48.379 E-.0085
;WIPE_END
G1 X30.424 Y46.412 F9000
G1 E5 F2400
;TYPE:Internal infill
;WIDTH:0.44
G1 F3600
G1 X29.981 Y46.856 E.01693
G1 E-3.5
;WIPE_START
G1 F7200
G1 X30.424 Y46.412 E-.29792
;WIPE_END
G1 E-1.20208 F3600
G1 X29.686 Y28.059 F9000
G1 E5 F2400
;TYPE:Perimeter
;WIDTH:0.475842
G1 F1800
G1 X29.686 Y27.618 E.01295
G1 X32.231 Y27.618 E.07474
G1 X32.231 Y28.059 E.01295
G1 X29.746 Y28.059 E.07298
G1 X29.263 Y28.483 F9000
;WIDTH:0.439999
G1 F1800
G1 X29.263 Y27.194 E.03478
G1 X32.654 Y27.194 E.09151
G1 X32.654 Y28.483 E.03478
G1 X29.323 Y28.483 E.08989
G1 X28.867 Y28.879 F9000
;TYPE:External perimeter
;WIDTH:0.419999
G1 F1800
G1 X28.867 Y26.799 E.05336
G1 X33.05 Y26.799 E.10731
G1 X33.05 Y28.879 E.05336
G1 X28.927 Y28.879 E.10577
G1 E-3.5 F3600
;WIPE_START
G1 F7200
G1 X28.867 Y28.879 E-.0285
G1 X28.867 Y26.799 E-.988
G1 X29.885 Y26.799 E-.4835
;WIPE_END
G1 X38.862 Y28.059 F9000
G1 E5 F2400
;TYPE:Perimeter
;WIDTH:0.475842
G1 F3600
G1 X38.862 Y27.618 E.01295
G1 X48.064 Y27.618 E.27025
G1 X48.885 Y27.6 E.02412
;WIDTH:0.439999
G1 X72.249 Y27.6 E.63047
G1 X72.249 Y30.677 E.08303
G1 X55.496 Y30.677 E.45208
G1 X55.095 Y30.833 E.01161
G1 X54.9 Y30.996 E.00686
G1 X54.683 Y31.367 E.0116
G1 X54.635 Y31.672 E.00833
G1 X54.635 Y42.834 E.3012
G1 X54.748 Y43.166 E.00946
G1 X54.88 Y43.36 E.00633
G1 X55.077 Y43.533 E.00707
G1 X55.335 Y43.655 E.0077
G1 X55.629 Y43.7 E.00803
G1 X72.249 Y43.7 E.44849
G1 X72.249 Y47.577 E.10462
G1 X38.844 Y47.577 E.90143
G1 X38.844 Y46.1 E.03986
G1 X48.192 Y46.1 E.25225
G1 X48.531 Y45.983 E.00968
G1 X48.859 Y45.702 E.01165
G1 X49.018 Y45.384 E.00959
G1 X49.058 Y45.106 E.00758
G1 X49.058 Y29.072 E.43267
G1 X48.981 Y28.689 E.01054
G1 X48.66 Y28.276 E.01412
;WIDTH:0.475842
G1 X48.064 Y28.059 E.01863
G1 X38.922 Y28.059 E.26849
G1 X38.438 Y28.483 F9000
;WIDTH:0.439999
G1 F3600
G1 X38.438 Y27.194 E.03478
G1 X72.654 Y27.194 E.92331
G1 X72.654 Y31.083 E.10494
G1 X55.55 Y31.083 E.46155
G1 X55.313 Y31.175 E.00686
G1 X55.117 Y31.381 E.00767
G1 X55.041 Y31.672 E.00812
G1 X55.041 Y42.789 E.29999
G1 X55.186 Y43.093 E.00909
G1 X55.455 Y43.268 E.00866
G1 X55.629 Y43.294 E.00475
G1 X72.654 Y43.294 E.45942
G1 X72.654 Y47.983 E.12653
G1 X38.438 Y47.983 E.92331
G1 X38.438 Y45.694 E.06177
G1 X48.064 Y45.694 E.25976
G1 X48.341 Y45.625 E.0077
G1 X48.534 Y45.459 E.00687
G1 X48.629 Y45.271 E.00568
G1 X48.652 Y45.106 E.0045
G1 X48.652 Y29.072 E.43267
G1 X48.607 Y28.845 E.00624
G1 X48.417 Y28.601 E.00835
G1 X48.064 Y28.483 E.01004
G1 X38.498 Y28.483 E.25814
G1 X38.043 Y28.879 F9000
;TYPE:External perimeter
;WIDTH:0.419999
G1 F1800
G1 X38.043 Y26.799 E.05336
G1 X73.05 Y26.799 E.89808
G1 X73.05 Y31.479 E.12006
G1 X55.629 Y31.479 E.44693
G1 X55.488 Y31.541 E.00395
G1 X55.436 Y31.672 E.00362
G1 X55.436 Y42.706 E.28307
G1 X55.484 Y42.833 E.00348
G1 X55.629 Y42.899 E.00409
G1 X73.05 Y42.899 E.44693
G1 X73.05 Y48.379 E.14059
G1 X38.043 Y48.379 E.89808
G1 X38.043 Y45.299 E.07902
G1 X48.064 Y45.299 E.25708
G1 X48.218 Y45.222 E.00442
G1 X48.256 Y45.106 E.00313
G1 X48.256 Y29.072 E.41134
G1 X48.179 Y28.917 E.00444
G1 X48.064 Y28.879 E.00311
G1 X38.103 Y28.879 E.25554
G1 E-3.5 F3600
;WIPE_START
G1 F7200
G1 X38.043 Y28.879 E-.0285
G1 X38.043 Y26.799 E-.988
G1 X39.061 Y26.799 E-.4835
;WIPE_END
G1 X49.37 Y30.275 F9000
G1 E5 F2400
;TYPE:Internal infill
;WIDTH:0.44
G1 F3600
G1 X49.37 Y29.061 E.03276
G1 X49.271 Y28.564 E.01367
G1 X48.824 Y28.013 E.01915
G1 X48.924 Y27.912 E.00384
G1 X52.519 Y27.912 E.09701
G1 X55.098 Y30.491 E.09842
G1 X54.67 Y30.783 E.01398
G1 X54.384 Y31.273 E.01531
G1 X54.323 Y31.663 E.01065
G1 X54.323 Y32.609 E.02553
G1 E-3.5
;WIPE_START
G1 F7200
G1 X54.323 Y31.663 E-.44935
G1 X54.384 Y31.273 E-.1875
G1 X54.67 Y30.783 E-.2695
G1 X55.098 Y30.491 E-.24611
G1 X54.581 Y29.974 E-.34754
;WIPE_END
G1 X54.323 Y42.462 F9000
G1 E5 F2400
G1 F3600
G1 X54.361 Y43.022 E.01515
G1 X54.645 Y43.566 E.01656
G1 X54.904 Y43.794 E.00931
G1 X55.242 Y43.955 E.0101
G1 X55.772 Y44.012 E.01438
G1 X52.519 Y47.265 E.12414
G1 X48.924 Y47.265 E.09701
G1 X48.071 Y46.412 E.03255
G1 X45.723 Y46.412 E.06336
G1 X44.87 Y47.265 E.03255
G1 X41.275 Y47.265 E.09701
G1 X40.422 Y46.412 E.03255
G1 X42.856 Y46.412 E.06568
G1 E-3.5
;WIPE_START
G1 F7200
G1 X40.422 Y46.412 E-1.15615
G1 X40.934 Y46.924 E-.34385
;WIPE_END
G1 X71.936 Y44.895 F9000
G1 E5 F2400
G1 F3600
G1 X71.936 Y47.265 E.06395
G1 X71.872 Y47.265 E.00173
G1 X68.619 Y44.012 E.12414
G1 X71.071 Y44.012 E.06617
G1 X67.818 Y47.265 E.12414
G1 X64.223 Y47.265 E.09701
G1 X60.97 Y44.012 E.12414
G1 X63.421 Y44.012 E.06614
G1 X60.169 Y47.265 E.12412
G1 X56.574 Y47.265 E.09701
G1 X49.37 Y40.062 E.2749
G1 X49.37 Y42.765 E.07294
G1 X54.323 Y37.812 E.18902
G1 X54.323 Y37.365 E.01206
G1 X49.37 Y32.412 E.18902
G1 X49.37 Y35.116 E.07297
G1 X56.574 Y27.912 E.27492
G1 X60.169 Y27.912 E.09701
G1 X62.621 Y30.365 E.09359
G1 X61.77 Y30.365 E.02296
G1 X64.223 Y27.912 E.09361
G1 X67.818 Y27.912 E.09701
G1 X70.271 Y30.365 E.09361
G1 X69.419 Y30.365 E.02299
G1 X71.872 Y27.912 E.09361
G1 X71.936 Y27.912 E.00173
G1 X71.936 Y30.282 E.06395
G1 E-3.5
;WIPE_START
G1 F7200
G1 X71.936 Y27.912 E-1.12575
G1 X71.872 Y27.912 E-.0304
G1 X71.36 Y28.424 E-.34385
;WIPE_END
G1 X78.888 Y30.634 F9000
G1 E5 F2400
;TYPE:Perimeter
;WIDTH:0.527349
G1 F1800
G1 X78.888 Y27.644 E.09806
G1 X79.381 Y27.644 E.01617
G1 X79.381 Y30.634 E.09806
G1 X78.948 Y30.634 E.0142
G1 X78.438 Y31.083 F9000
;WIDTH:0.439999
G1 F1800
G1 X78.438 Y27.194 E.10494
G1 X79.83 Y27.194 E.03756
G1 X79.83 Y31.083 E.10494
G1 X78.498 Y31.083 E.03594
G1 X78.043 Y31.479 F9000
;TYPE:External perimeter
;WIDTH:0.419999
G1 F1800
G1 X78.043 Y26.799 E.12006
G1 X80.226 Y26.799 E.056
G1 X80.226 Y31.479 E.12006
G1 X78.103 Y31.479 E.05446
G1 E-3.5 F3600
;WIPE_START
G1 F7200
G1 X78.043 Y31.479 E-.0285
G1 X78.043 Y28.381 E-1.4715
;WIPE_END
G1 X78.888 Y43.744 F9000
G1 E5 F2400
;TYPE:Perimeter
;WIDTH:0.527349
G1 F1800
G1 X79.381 Y43.744 E.01617
G1 X79.381 Y47.534 E.12429
G1 X78.888 Y47.534 E.01617
G1 X78.888 Y43.804 E.12233
G1 X78.438 Y43.294 F9000
;WIDTH:0.439999
G1 F1800
G1 X79.83 Y43.294 E.03756
G1 X79.83 Y47.983 E.12653
G1 X78.438 Y47.983 E.03756
G1 X78.438 Y43.354 E.12491
G1 X78.043 Y42.899 F9000
;TYPE:External perimeter
;WIDTH:0.419999
G1 F1800
G1 X80.226 Y42.899 E.056
G1 X80.226 Y48.379 E.14059
G1 X78.043 Y48.379 E.056
G1 X78.043 Y42.959 E.13905
;LAYER_CHANGE
;Z:4.2
;HEIGHT:0.16
;BEFORE_LAYER_CHANGE
G92 E0
;4.2


G1 E-3.5 F3600
;WIPE_START
G1 F7200
G1 X78.043 Y42.899 E-.0285
G1 X80.226 Y42.899 E-1.03692
G1 X80.226 Y43.814 E-.43458
;WIPE_END
G1 Z4.2 F9000
;AFTER_LAYER_CHANGE
;4.2
G1 X32.182 Y46.1
G1 E5 F2400
;TYPE:Perimeter
;WIDTH:0.439999
G1 F1800
G1 X32.182 Y47.577 E.03986
G1 X29.636 Y47.577 E.0687
G1 X29.636 Y46.1 E.03986
G1 X32.122 Y46.1 E.06708
G1 X32.588 Y45.694 F9000
G1 F1800
G1 X32.588 Y47.983 E.06177
G1 X29.23 Y47.983 E.09062
G1 X29.23 Y45.694 E.06177
G1 X32.528 Y45.694 E.089
G1 X32.984 Y45.299 F9000
;TYPE:External perimeter
;WIDTH:0.419999
G1 F1800
G1 X32.984 Y48.379 E.07902
G1 X28.835 Y48.379 E.10644
G1 X28.835 Y45.299 E.07902
G1 X32.924 Y45.299 E.1049
G1 E-3.5 F3600
;WIPE_START
G1 F7200
G1 X32.984 Y45.299 E-.0285
G1 X32.984 Y48.379 E-1.463
G1 X32.966 Y48.379 E-.0085
;WIPE_END
G1 X30.424 Y46.412 F9000
G1 E5 F2400
;TYPE:Internal infill
;WIDTH:0.44
G1 F3600
G1 X29.948 Y46.888 E.01817
G1 E-3.5
;WIPE_START
G1 F7200
G1 X30.424 Y46.412 E-.31975
;WIPE_END
G1 E-1.18025 F3600
G1 X29.654 Y28.059 F9000
G1 E5 F2400
;TYPE:Perimeter
;WIDTH:0.475842
G1 F1800
G1 X29.654 Y27.618 E.01295
G1 X32.164 Y27.618 E.07372
G1 X32.164 Y28.059 E.01295
G1 X29.714 Y28.059 E.07195
G1 X29.23 Y28.483 F9000
;WIDTH:0.439999
G1 F1800
G1 X29.23 Y27.194 E.03478
G1 X32.588 Y27.194 E.09062
G1 X32.588 Y28.483 E.03478
G1 X29.29 Y28.483 E.089
G1 X28.835 Y28.879 F9000
;TYPE:External perimeter
;WIDTH:0.419999
G1 F1800
G1 X28.835 Y26.799 E.05336
G1 X32.984 Y26.799 E.10644
G1 X32.984 Y28.879 E.05336
G1 X28.895 Y28.879 E.1049
G1 E-3.5 F3600
;WIPE_START
G1 F7200
G1 X28.835 Y28.879 E-.0285
G1 X28.835 Y26.799 E-.988
G1 X29.853 Y26.799 E-.4835
;WIPE_END
G1 X38.929 Y28.059 F9000
G1 E5 F2400
;TYPE:Perimeter
;WIDTH:0.475842
G1 F3600
G1 X38.929 Y27.618 E.01295
G1 X48.064 Y27.618 E.26829
G1 X48.885 Y27.6 E.02412
;WIDTH:0.439999
G1 X72.182 Y27.6 E.62867
G1 X72.182 Y30.677 E.08303
G1 X55.496 Y30.677 E.45027
G1 X55.095 Y30.833 E.01161
G1 X54.9 Y30.996 E.00686
G1 X54.683 Y31.367 E.0116
G1 X54.635 Y31.672 E.00833
G1 X54.635 Y42.834 E.3012
G1 X54.748 Y43.166 E.00946
G1 X54.88 Y43.36 E.00633
G1 X55.077 Y43.533 E.00707
G1 X55.335 Y43.655 E.0077
G1 X55.629 Y43.7 E.00803
G1 X72.182 Y43.7 E.44668
G1 X72.182 Y47.577 E.10462
G1 X38.911 Y47.577 E.89781
G1 X38.911 Y46.1 E.03986
G1 X48.192 Y46.1 E.25045
G1 X48.531 Y45.983 E.00968
G1 X48.859 Y45.702 E.01165
G1 X49.018 Y45.384 E.00959
G1 X49.058 Y45.106 E.00758
G1 X49.058 Y29.072 E.43267
G1 X48.981 Y28.689 E.01054
G1 X48.66 Y28.276 E.01412
;WIDTH:0.475842
G1 X48.064 Y28.059 E.01863
G1 X38.989 Y28.059 E.26652
G1 X38.505 Y28.483 F9000
;WIDTH:0.439999
G1 F3600
G1 X38.505 Y27.194 E.03478
G1 X72.588 Y27.194 E.91972
G1 X72.588 Y31.083 E.10494
G1 X55.55 Y31.083 E.45977
G1 X55.313 Y31.175 E.00686
G1 X55.117 Y31.381 E.00767
G1 X55.041 Y31.672 E.00812
G1 X55.041 Y42.789 E.29999
G1 X55.186 Y43.093 E.00909
G1 X55.455 Y43.268 E.00866
G1 X55.629 Y43.294 E.00475
G1 X72.588 Y43.294 E.45764
G1 X72.588 Y47.983 E.12653
G1 X38.505 Y47.983 E.91972
G1 X38.505 Y45.694 E.06177
G1 X48.064 Y45.694 E.25795
G1 X48.341 Y45.625 E.0077
G1 X48.534 Y45.459 E.00687
G1 X48.629 Y45.271 E.00568
G1 X48.652 Y45.106 E.0045
G1 X48.652 Y29.072 E.43267
G1 X48.607 Y28.845 E.00624
G1 X48.417 Y28.601 E.00835
G1 X48.064 Y28.483 E.01004
G1 X38.565 Y28.483 E.25633
G1 X38.109 Y28.879 F9000
;TYPE:External perimeter
;WIDTH:0.419999
G1 F1800
G1 X38.109 Y26.799 E.05336
G1 X72.984 Y26.799 E.8947
G1 X72.984 Y31.479 E.12006
G1 X55.629 Y31.479 E.44523
G1 X55.488 Y31.541 E.00395
G1 X55.436 Y31.672 E.00362
G1 X55.436 Y42.706 E.28307
G1 X55.484 Y42.833 E.00348
G1 X55.629 Y42.899 E.00409
G1 X72.984 Y42.899 E.44523
G1 X72.984 Y48.379 E.14059
G1 X38.109 Y48.379 E.8947
G1 X38.109 Y45.299 E.07902
G1 X48.064 Y45.299 E.25539
G1 X48.218 Y45.222 E.00442
G1 X48.256 Y45.106 E.00313
G1 X48.256 Y29.072 E.41134
G1 X48.179 Y28.917 E.00444
G1 X48.064 Y28.879 E.00311
G1 X38.169 Y28.879 E.25385
G1 E-3.5 F3600
;WIPE_START
G1 F7200
G1 X38.109 Y28.879 E-.0285
G1 X38.109 Y26.799 E-.988
G1 X39.127 Y26.799 E-.4835
;WIPE_END
G1 X49.37 Y30.275 F9000
G1 E5 F2400
;TYPE:Internal infill
;WIDTH:0.44
G1 F3600
G1 X49.37 Y29.061 E.03276
G1 X49.271 Y28.564 E.01367
G1 X48.824 Y28.013 E.01915
G1 X48.924 Y27.912 E.00384
G1 X52.519 Y27.912 E.09701
G1 X55.098 Y30.491 E.09842
G1 X54.67 Y30.783 E.01398
G1 X54.384 Y31.273 E.01531
G1 X54.323 Y31.663 E.01065
G1 X54.323 Y32.609 E.02553
G1 E-3.5
;WIPE_START
G1 F7200
G1 X54.323 Y31.663 E-.44935
G1 X54.384 Y31.273 E-.1875
G1 X54.67 Y30.783 E-.2695
G1 X55.098 Y30.491 E-.24611
G1 X54.581 Y29.974 E-.34754
;WIPE_END
G1 X54.323 Y42.462 F9000
G1 E5 F2400
G1 F3600
G1 X54.361 Y43.022 E.01515
G1 X54.645 Y43.566 E.01656
G1 X54.904 Y43.794 E.00931
G1 X55.242 Y43.955 E.0101
G1 X55.772 Y44.012 E.01438
G1 X52.519 Y47.265 E.12414
G1 X48.924 Y47.265 E.09701
G1 X48.071 Y46.412 E.03255
G1 X45.723 Y46.412 E.06336
G1 X44.87 Y47.265 E.03255
G1 X41.275 Y47.265 E.09701
G1 X40.422 Y46.412 E.03255
G1 X42.856 Y46.412 E.06568
G1 E-3.5
;WIPE_START
G1 F7200
G1 X40.422 Y46.412 E-1.15615
G1 X40.934 Y46.924 E-.34385
;WIPE_END
G1 X69.438 Y47.265 F9000
G1 E5 F2400
G1 F3600
G1 X71.87 Y47.263 E.06563
G1 X68.619 Y44.012 E.12407
G1 X71.071 Y44.012 E.06617
G1 X67.818 Y47.265 E.12414
G1 X64.223 Y47.265 E.09701
G1 X60.97 Y44.012 E.12414
G1 X63.421 Y44.012 E.06614
G1 X60.169 Y47.265 E.12412
G1 X56.574 Y47.265 E.09701
G1 X49.37 Y40.062 E.2749
G1 X49.37 Y42.765 E.07294
G1 X54.323 Y37.812 E.18902
G1 X54.323 Y37.365 E.01206
G1 X49.37 Y32.412 E.18902
G1 X49.37 Y35.116 E.07297
G1 X56.573 Y27.912 E.2749
G1 X60.169 Y27.912 E.09704
G1 X62.621 Y30.365 E.09359
G1 X61.77 Y30.365 E.02296
G1 X64.223 Y27.912 E.09361
G1 X67.818 Y27.912 E.09701
G1 X70.271 Y30.365 E.09361
G1 X69.419 Y30.365 E.02299
G1 X71.87 Y27.912 E.09357
G1 X69.438 Y27.912 E.06563
G1 E-3.5
;WIPE_START
G1 F7200
G1 X71.87 Y27.912 E-1.1552
G1 X71.357 Y28.426 E-.3448
;WIPE_END
G1 X78.946 Y27.635 F9000
G1 E5 F2400
;TYPE:Perimeter
;WIDTH:0.51024
G1 F1800
G1 X79.422 Y27.635 E.01507
G1 X79.422 Y30.642 E.09519
G1 X78.946 Y30.642 E.01507
G1 X78.946 Y27.695 E.09329
G1 X78.505 Y27.194 F9000
;WIDTH:0.439999
G1 F1800
G1 X79.862 Y27.194 E.03662
G1 X79.862 Y31.083 E.10494
G1 X78.505 Y31.083 E.03662
G1 X78.505 Y27.254 E.10332
G1 X78.109 Y26.799 F9000
;TYPE:External perimeter
;WIDTH:0.419999
G1 F1800
G1 X80.258 Y26.799 E.05513
G1 X80.258 Y31.479 E.12006
G1 X78.109 Y31.479 E.05513
G1 X78.109 Y26.859 E.11852
G1 E-3.5 F3600
;WIPE_START
G1 F7200
G1 X78.109 Y26.799 E-.0285
G1 X80.258 Y26.799 E-1.02078
G1 X80.258 Y27.748 E-.45072
;WIPE_END
G1 X78.946 Y43.735 F9000
G1 E5 F2400
;TYPE:Perimeter
;WIDTH:0.510241
G1 F1800
G1 X79.422 Y43.735 E.01507
G1 X79.422 Y47.542 E.12052
G1 X78.946 Y47.542 E.01507
G1 X78.946 Y43.795 E.11862
G1 X78.505 Y43.294 F9000
;WIDTH:0.439999
G1 F1800
G1 X79.862 Y43.294 E.03662
G1 X79.862 Y47.983 E.12653
G1 X78.505 Y47.983 E.03662
G1 X78.505 Y43.354 E.12491
G1 X78.109 Y42.899 F9000
;TYPE:External perimeter
;WIDTH:0.419999
G1 F1800
G1 X80.258 Y42.899 E.05513
G1 X80.258 Y48.379 E.14059
G1 X78.109 Y48.379 E.05513
G1 X78.109 Y42.959 E.13905
;LAYER_CHANGE
;Z:4.36
;HEIGHT:0.16
;BEFORE_LAYER_CHANGE
G92 E0
;4.36


G1 E-3.5 F3600
;WIPE_START
G1 F7200
G1 X78.109 Y42.899 E-.0285
G1 X80.258 Y42.899 E-1.02078
G1 X80.258 Y43.848 E-.45072
;WIPE_END
G1 Z4.36 F9000
;AFTER_LAYER_CHANGE
;4.36
G1 X32.128 Y46.1
G1 E5 F2400
;TYPE:Perimeter
;WIDTH:0.439999
G1 F1800
G1 X32.128 Y47.577 E.03986
G1 X29.611 Y47.577 E.06792
G1 X29.611 Y46.1 E.03986
G1 X32.068 Y46.1 E.0663
G1 X32.534 Y45.694 F9000
G1 F1800
G1 X32.534 Y47.983 E.06177
G1 X29.206 Y47.983 E.08981
G1 X29.206 Y45.694 E.06177
G1 X32.474 Y45.694 E.08819
G1 X32.93 Y45.299 F9000
;TYPE:External perimeter
;WIDTH:0.419999
G1 F1800
G1 X32.93 Y48.379 E.07902
G1 X28.81 Y48.379 E.1057
G1 X28.81 Y45.299 E.07902
G1 X32.87 Y45.299 E.10416
G1 E-3.5 F3600
;WIPE_START
G1 F7200
G1 X32.93 Y45.299 E-.0285
G1 X32.93 Y48.379 E-1.463
G1 X32.912 Y48.379 E-.0085
;WIPE_END
G1 X30.424 Y46.412 F9000
G1 E5 F2400
;TYPE:Internal infill
;WIDTH:0.44
G1 F3600
G1 X29.924 Y46.913 E.0191
G1 E-3.5
;WIPE_START
G1 F7200
G1 X30.424 Y46.412 E-.33621
;WIPE_END
G1 E-1.16379 F3600
G1 X29.629 Y28.059 F9000
G1 E5 F2400
;TYPE:Perimeter
;WIDTH:0.475842
G1 F1800
G1 X29.629 Y27.618 E.01295
G1 X32.111 Y27.618 E.07289
G1 X32.111 Y28.059 E.01295
G1 X29.689 Y28.059 E.07113
G1 X29.206 Y28.483 F9000
;WIDTH:0.439999
G1 F1800
G1 X29.206 Y27.194 E.03478
G1 X32.534 Y27.194 E.08981
G1 X32.534 Y28.483 E.03478
G1 X29.266 Y28.483 E.08819
G1 X28.81 Y28.879 F9000
;TYPE:External perimeter
;WIDTH:0.419999
G1 F1800
G1 X28.81 Y26.799 E.05336
G1 X32.93 Y26.799 E.1057
G1 X32.93 Y28.879 E.05336
G1 X28.87 Y28.879 E.10416
G1 E-3.5 F3600
;WIPE_START
G1 F7200
G1 X28.81 Y28.879 E-.0285
G1 X28.81 Y26.799 E-.988
G1 X29.828 Y26.799 E-.4835
;WIPE_END
G1 X38.982 Y28.059 F9000
G1 E5 F2400
;TYPE:Perimeter
;WIDTH:0.475842
G1 F3600
G1 X38.982 Y27.618 E.01295
G1 X48.064 Y27.618 E.26673
G1 X48.885 Y27.6 E.02412
;WIDTH:0.439999
G1 X72.128 Y27.6 E.62721
G1 X72.128 Y30.677 E.08303
G1 X55.496 Y30.677 E.44881
G1 X55.095 Y30.833 E.01161
G1 X54.9 Y30.996 E.00686
G1 X54.683 Y31.367 E.0116
G1 X54.635 Y31.672 E.00833
G1 X54.635 Y42.834 E.3012
G1 X54.748 Y43.166 E.00946
G1 X54.88 Y43.36 E.00633
G1 X55.077 Y43.533 E.00707
G1 X55.335 Y43.655 E.0077
G1 X55.629 Y43.7 E.00803
G1 X72.128 Y43.7 E.44522
G1 X72.128 Y47.577 E.10462
G1 X38.964 Y47.577 E.89492
G1 X38.964 Y46.1 E.03986
G1 X48.192 Y46.1 E.24902
G1 X48.531 Y45.983 E.00968
G1 X48.859 Y45.702 E.01165
G1 X49.018 Y45.384 E.00959
G1 X49.058 Y45.106 E.00758
G1 X49.058 Y29.072 E.43267
G1 X48.981 Y28.689 E.01054
G1 X48.66 Y28.276 E.01412
;WIDTH:0.475842
G1 X48.064 Y28.059 E.01863
G1 X39.042 Y28.059 E.26497
G1 X38.559 Y28.483 F9000
;WIDTH:0.439999
G1 F3600
G1 X38.559 Y27.194 E.03478
G1 X72.534 Y27.194 E.91681
G1 X72.534 Y31.083 E.10494
G1 X55.55 Y31.083 E.45831
G1 X55.313 Y31.175 E.00686
G1 X55.117 Y31.381 E.00767
G1 X55.041 Y31.672 E.00812
G1 X55.041 Y42.789 E.29999
G1 X55.186 Y43.093 E.00909
G1 X55.455 Y43.268 E.00866
G1 X55.629 Y43.294 E.00475
G1 X72.534 Y43.294 E.45618
G1 X72.534 Y47.983 E.12653
G1 X38.559 Y47.983 E.91681
G1 X38.559 Y45.694 E.06177
G1 X48.064 Y45.694 E.25649
G1 X48.341 Y45.625 E.0077
G1 X48.534 Y45.459 E.00687
G1 X48.629 Y45.271 E.00568
G1 X48.652 Y45.106 E.0045
G1 X48.652 Y29.072 E.43267
G1 X48.607 Y28.845 E.00624
G1 X48.417 Y28.601 E.00835
G1 X48.064 Y28.483 E.01004
G1 X38.619 Y28.483 E.25487
G1 X38.163 Y28.879 F9000
;TYPE:External perimeter
;WIDTH:0.419999
G1 F1800
G1 X38.163 Y26.799 E.05336
G1 X72.93 Y26.799 E.89193
G1 X72.93 Y31.479 E.12006
G1 X55.629 Y31.479 E.44385
G1 X55.488 Y31.541 E.00395
G1 X55.436 Y31.672 E.00362
G1 X55.436 Y42.706 E.28307
G1 X55.484 Y42.833 E.00348
G1 X55.629 Y42.899 E.00409
G1 X72.93 Y42.899 E.44385
G1 X72.93 Y48.379 E.14059
G1 X38.163 Y48.379 E.89193
G1 X38.163 Y45.299 E.07902
G1 X48.064 Y45.299 E.254
G1 X48.218 Y45.222 E.00442
G1 X48.256 Y45.106 E.00313
G1 X48.256 Y29.072 E.41134
G1 X48.179 Y28.917 E.00444
G1 X48.064 Y28.879 E.00311
G1 X38.223 Y28.879 E.25247
G1 E-3.5 F3600
;WIPE_START
G1 F7200
G1 X38.163 Y28.879 E-.0285
G1 X38.163 Y26.799 E-.988
G1 X39.181 Y26.799 E-.4835
;WIPE_END
G1 X49.37 Y30.275 F9000
G1 E5 F2400
;TYPE:Internal infill
;WIDTH:0.44
G1 F3600
G1 X49.37 Y29.061 E.03276
G1 X49.271 Y28.564 E.01367
G1 X48.824 Y28.013 E.01915
G1 X48.924 Y27.912 E.00384
G1 X52.519 Y27.912 E.09701
G1 X55.098 Y30.491 E.09842
G1 X54.67 Y30.783 E.01398
G1 X54.384 Y31.273 E.01531
G1 X54.323 Y31.663 E.01065
G1 X54.323 Y32.609 E.02553
G1 E-3.5
;WIPE_START
G1 F7200
G1 X54.323 Y31.663 E-.44935
G1 X54.384 Y31.273 E-.1875
G1 X54.67 Y30.783 E-.2695
G1 X55.098 Y30.491 E-.24611
G1 X54.581 Y29.974 E-.34754
;WIPE_END
G1 X54.323 Y42.462 F9000
G1 E5 F2400
G1 F3600
G1 X54.361 Y43.022 E.01515
G1 X54.645 Y43.566 E.01656
G1 X54.904 Y43.794 E.00931
G1 X55.242 Y43.955 E.0101
G1 X55.772 Y44.012 E.01438
G1 X52.519 Y47.265 E.12414
G1 X48.924 Y47.265 E.09701
G1 X48.071 Y46.412 E.03255
G1 X45.723 Y46.412 E.06336
G1 X44.87 Y47.265 E.03255
G1 X41.275 Y47.265 E.09701
G1 X40.422 Y46.412 E.03255
G1 X42.856 Y46.412 E.06568
G1 E-3.5
;WIPE_START
G1 F7200
G1 X40.422 Y46.412 E-1.15615
G1 X40.934 Y46.924 E-.34385
;WIPE_END
G1 X69.438 Y47.265 F9000
G1 E5 F2400
G1 F3600
G1 X71.816 Y47.265 E.06417
G1 X71.816 Y47.209 E.00151
G1 X68.619 Y44.012 E.12201
G1 X71.071 Y44.012 E.06617
G1 X67.818 Y47.265 E.12414
G1 X64.223 Y47.265 E.09701
G1 X60.97 Y44.012 E.12414
G1 X63.421 Y44.012 E.06614
G1 X60.169 Y47.265 E.12412
G1 X56.574 Y47.265 E.09701
G1 X49.37 Y40.062 E.2749
G1 X49.37 Y42.765 E.07294
G1 X54.323 Y37.812 E.18902
G1 X54.323 Y37.365 E.01206
G1 X49.37 Y32.412 E.18902
G1 X49.37 Y35.116 E.07297
G1 X56.573 Y27.912 E.2749
G1 X60.169 Y27.912 E.09704
G1 X62.621 Y30.365 E.09359
G1 X61.77 Y30.365 E.02296
G1 X64.223 Y27.912 E.09361
G1 X67.818 Y27.912 E.09701
G1 X70.271 Y30.365 E.09361
G1 X69.419 Y30.365 E.02299
G1 X71.816 Y27.968 E.09148
G1 X71.816 Y27.912 E.00151
G1 X69.438 Y27.912 E.06417
G1 E-3.5
;WIPE_START
G1 F7200
G1 X71.816 Y27.912 E-1.12955
G1 X71.816 Y27.968 E-.0266
G1 X71.304 Y28.48 E-.34385
;WIPE_END
G1 X78.992 Y27.628 F9000
G1 E5 F2400
;TYPE:Perimeter
;WIDTH:0.495701
G1 F1800
G1 X79.454 Y27.628 E.01418
G1 X79.454 Y30.65 E.09275
G1 X78.992 Y30.65 E.01418
G1 X78.992 Y27.688 E.0909
G1 X78.559 Y27.194 F9000
;WIDTH:0.439999
G1 F1800
G1 X79.887 Y27.194 E.03584
G1 X79.887 Y31.083 E.10494
G1 X78.559 Y31.083 E.03584
G1 X78.559 Y27.254 E.10332
G1 X78.163 Y26.799 F9000
;TYPE:External perimeter
;WIDTH:0.419999
G1 F1800
G1 X80.283 Y26.799 E.05439
G1 X80.283 Y31.479 E.12006
G1 X78.163 Y31.479 E.05439
G1 X78.163 Y26.859 E.11852
G1 E-3.5 F3600
;WIPE_START
G1 F7200
G1 X78.163 Y26.799 E-.0285
G1 X80.283 Y26.799 E-1.007
G1 X80.283 Y27.777 E-.4645
;WIPE_END
G1 X78.992 Y43.728 F9000
G1 E5 F2400
;TYPE:Perimeter
;WIDTH:0.495701
G1 F1800
G1 X79.454 Y43.728 E.01418
G1 X79.454 Y47.55 E.1173
G1 X78.992 Y47.55 E.01418
G1 X78.992 Y43.788 E.11546
G1 X78.559 Y43.294 F9000
;WIDTH:0.439999
G1 F1800
G1 X79.887 Y43.294 E.03584
G1 X79.887 Y47.983 E.12653
G1 X78.559 Y47.983 E.03584
G1 X78.559 Y43.354 E.12491
G1 X78.163 Y42.899 F9000
;TYPE:External perimeter
;WIDTH:0.419999
G1 F1800
G1 X80.283 Y42.899 E.05439
G1 X80.283 Y48.379 E.14059
G1 X78.163 Y48.379 E.05439
G1 X78.163 Y42.959 E.13905
;LAYER_CHANGE
;Z:4.52
;HEIGHT:0.16
;BEFORE_LAYER_CHANGE
G92 E0
;4.52


G1 E-3.5 F3600
;WIPE_START
G1 F7200
G1 X78.163 Y42.899 E-.0285
G1 X80.283 Y42.899 E-1.007
G1 X80.283 Y43.877 E-.4645
;WIPE_END
G1 Z4.52 F9000
;AFTER_LAYER_CHANGE
;4.52
G1 X32.087 Y46.1
G1 E5 F2400
;TYPE:Perimeter
;WIDTH:0.439999
G1 F1800
G1 X32.087 Y47.577 E.03986
G1 X29.59 Y47.577 E.06738
G1 X29.59 Y46.1 E.03986
G1 X32.027 Y46.1 E.06576
G1 X32.492 Y45.694 F9000
G1 F1800
G1 X32.492 Y47.983 E.06177
G1 X29.185 Y47.983 E.08924
G1 X29.185 Y45.694 E.06177
G1 X32.432 Y45.694 E.08762
G1 X32.888 Y45.299 F9000
;TYPE:External perimeter
;WIDTH:0.419999
G1 F1800
G1 X32.888 Y48.379 E.07902
G1 X28.789 Y48.379 E.10516
G1 X28.789 Y45.299 E.07902
G1 X32.828 Y45.299 E.10362
G1 E-3.5 F3600
;WIPE_START
G1 F7200
G1 X32.888 Y45.299 E-.0285
G1 X32.888 Y48.379 E-1.463
G1 X32.87 Y48.379 E-.0085
;WIPE_END
G1 X30.424 Y46.412 F9000
G1 E5 F2400
;TYPE:Internal infill
;WIDTH:0.44
G1 F3600
G1 X29.903 Y46.934 E.0199
G1 E-3.5
;WIPE_START
G1 F7200
G1 X30.424 Y46.412 E-.35032
;WIPE_END
G1 E-1.14968 F3600
G1 X29.608 Y28.059 F9000
G1 E5 F2400
;TYPE:Perimeter
;WIDTH:0.475842
G1 F1800
G1 X29.608 Y27.618 E.01295
G1 X32.069 Y27.618 E.07228
G1 X32.069 Y28.059 E.01295
G1 X29.668 Y28.059 E.07052
G1 X29.185 Y28.483 F9000
;WIDTH:0.439999
G1 F1800
G1 X29.185 Y27.194 E.03478
G1 X32.492 Y27.194 E.08924
G1 X32.492 Y28.483 E.03478
G1 X29.245 Y28.483 E.08762
G1 X28.789 Y28.879 F9000
;TYPE:External perimeter
;WIDTH:0.419999
G1 F1800
G1 X28.789 Y26.799 E.05336
G1 X32.888 Y26.799 E.10516
G1 X32.888 Y28.879 E.05336
G1 X28.849 Y28.879 E.10362
G1 E-3.5 F3600
;WIPE_START
G1 F7200
G1 X28.789 Y28.879 E-.0285
G1 X28.789 Y26.799 E-.988
G1 X29.807 Y26.799 E-.4835
;WIPE_END
G1 X39.024 Y28.059 F9000
G1 E5 F2400
;TYPE:Perimeter
;WIDTH:0.475842
G1 F3600
G1 X39.024 Y27.618 E.01295
G1 X48.064 Y27.618 E.2655
G1 X48.885 Y27.6 E.02412
;WIDTH:0.439999
G1 X72.087 Y27.6 E.6261
G1 X72.087 Y30.677 E.08303
G1 X55.496 Y30.677 E.44771
G1 X55.095 Y30.833 E.01161
G1 X54.9 Y30.996 E.00686
G1 X54.683 Y31.367 E.0116
G1 X54.635 Y31.672 E.00833
G1 X54.635 Y42.834 E.3012
G1 X54.748 Y43.166 E.00946
G1 X54.88 Y43.36 E.00633
G1 X55.077 Y43.533 E.00707
G1 X55.335 Y43.655 E.0077
G1 X55.629 Y43.7 E.00803
G1 X72.087 Y43.7 E.44412
G1 X72.087 Y47.577 E.10462
G1 X39.006 Y47.577 E.89268
G1 X39.006 Y46.1 E.03986
G1 X48.192 Y46.1 E.24788
G1 X48.531 Y45.983 E.00968
G1 X48.859 Y45.702 E.01165
G1 X49.018 Y45.384 E.00959
G1 X49.058 Y45.106 E.00758
G1 X49.058 Y29.072 E.43267
G1 X48.981 Y28.689 E.01054
G1 X48.66 Y28.276 E.01412
;WIDTH:0.475842
G1 X48.064 Y28.059 E.01863
G1 X39.084 Y28.059 E.26373
G1 X38.601 Y28.483 F9000
;WIDTH:0.439999
G1 F3600
G1 X38.601 Y27.194 E.03478
G1 X72.492 Y27.194 E.91454
G1 X72.492 Y31.083 E.10494
G1 X55.55 Y31.083 E.45718
G1 X55.313 Y31.175 E.00686
G1 X55.117 Y31.381 E.00767
G1 X55.041 Y31.672 E.00812
G1 X55.041 Y42.789 E.29999
G1 X55.186 Y43.093 E.00909
G1 X55.455 Y43.268 E.00866
G1 X55.629 Y43.294 E.00475
G1 X72.492 Y43.294 E.45504
G1 X72.492 Y47.983 E.12653
G1 X38.601 Y47.983 E.91454
G1 X38.601 Y45.694 E.06177
G1 X48.064 Y45.694 E.25536
G1 X48.341 Y45.625 E.0077
G1 X48.534 Y45.459 E.00687
G1 X48.629 Y45.271 E.00568
G1 X48.652 Y45.106 E.0045
G1 X48.652 Y29.072 E.43267
G1 X48.607 Y28.845 E.00624
G1 X48.417 Y28.601 E.00835
G1 X48.064 Y28.483 E.01004
G1 X38.661 Y28.483 E.25374
G1 X38.205 Y28.879 F9000
;TYPE:External perimeter
;WIDTH:0.419999
G1 F1800
G1 X38.205 Y26.799 E.05336
G1 X72.888 Y26.799 E.88977
G1 X72.888 Y31.479 E.12006
G1 X55.629 Y31.479 E.44277
G1 X55.488 Y31.541 E.00395
G1 X55.436 Y31.672 E.00362
G1 X55.436 Y42.706 E.28307
G1 X55.484 Y42.833 E.00348
G1 X55.629 Y42.899 E.00409
G1 X72.888 Y42.899 E.44277
G1 X72.888 Y48.379 E.14059
G1 X38.205 Y48.379 E.88977
G1 X38.205 Y45.299 E.07902
G1 X48.064 Y45.299 E.25293
G1 X48.218 Y45.222 E.00442
G1 X48.256 Y45.106 E.00313
G1 X48.256 Y29.072 E.41134
G1 X48.179 Y28.917 E.00444
G1 X48.064 Y28.879 E.00311
G1 X38.265 Y28.879 E.25139
G1 E-3.5 F3600
;WIPE_START
G1 F7200
G1 X38.205 Y28.879 E-.0285
G1 X38.205 Y26.799 E-.988
G1 X39.223 Y26.799 E-.4835
;WIPE_END
G1 X49.37 Y30.275 F9000
G1 E5 F2400
;TYPE:Internal infill
;WIDTH:0.44
G1 F3600
G1 X49.37 Y29.061 E.03276
G1 X49.271 Y28.564 E.01367
G1 X48.824 Y28.013 E.01915
G1 X48.924 Y27.912 E.00384
G1 X52.519 Y27.912 E.09701
G1 X55.098 Y30.491 E.09842
G1 X54.67 Y30.783 E.01398
G1 X54.384 Y31.273 E.01531
G1 X54.323 Y31.663 E.01065
G1 X54.323 Y32.609 E.02553
G1 E-3.5
;WIPE_START
G1 F7200
G1 X54.323 Y31.663 E-.44935
G1 X54.384 Y31.273 E-.1875
G1 X54.67 Y30.783 E-.2695
G1 X55.098 Y30.491 E-.24611
G1 X54.581 Y29.974 E-.34754
;WIPE_END
G1 X54.323 Y42.462 F9000
G1 E5 F2400
G1 F3600
G1 X54.361 Y43.022 E.01515
G1 X54.645 Y43.566 E.01656
G1 X54.904 Y43.794 E.00931
G1 X55.242 Y43.955 E.0101
G1 X55.772 Y44.012 E.01438
G1 X52.519 Y47.265 E.12414
G1 X48.924 Y47.265 E.09701
G1 X48.071 Y46.412 E.03255
G1 X45.723 Y46.412 E.06336
G1 X44.87 Y47.265 E.03255
G1 X41.275 Y47.265 E.09701
G1 X40.422 Y46.412 E.03255
G1 X42.856 Y46.412 E.06568
G1 E-3.5
;WIPE_START
G1 F7200
G1 X40.422 Y46.412 E-1.15615
G1 X40.934 Y46.924 E-.34385
;WIPE_END
G1 X69.438 Y47.265 F9000
G1 E5 F2400
G1 F3600
G1 X71.774 Y47.265 E.06304
G1 X71.774 Y47.167 E.00264
G1 X68.619 Y44.012 E.1204
G1 X71.071 Y44.012 E.06617
G1 X67.818 Y47.265 E.12414
G1 X64.223 Y47.265 E.09701
G1 X60.97 Y44.012 E.12414
G1 X63.421 Y44.012 E.06614
G1 X60.169 Y47.265 E.12412
G1 X56.574 Y47.265 E.09701
G1 X49.37 Y40.062 E.2749
G1 X49.37 Y42.765 E.07294
G1 X54.323 Y37.812 E.18902
G1 X54.323 Y37.365 E.01206
G1 X49.37 Y32.412 E.18902
G1 X49.37 Y35.116 E.07297
G1 X56.574 Y27.912 E.27492
G1 X60.169 Y27.912 E.09701
G1 X62.621 Y30.365 E.09359
G1 X61.77 Y30.365 E.02296
G1 X64.223 Y27.912 E.09361
G1 X67.818 Y27.912 E.09701
G1 X70.271 Y30.365 E.09361
G1 X69.419 Y30.365 E.02299
G1 X71.774 Y28.01 E.08987
G1 X71.774 Y27.912 E.00264
G1 X69.438 Y27.912 E.06304
G1 E-3.5
;WIPE_START
G1 F7200
G1 X71.774 Y27.912 E-1.1096
G1 X71.774 Y28.01 E-.04655
G1 X71.262 Y28.522 E-.34385
;WIPE_END
G1 X79.029 Y27.623 F9000
G1 E5 F2400
;TYPE:Perimeter
;WIDTH:0.48528
G1 F1800
G1 X79.48 Y27.623 E.01353
G1 X79.48 Y30.655 E.09095
G1 X79.029 Y30.655 E.01353
G1 X79.029 Y27.683 E.08915
G1 X78.601 Y27.194 F9000
;WIDTH:0.439999
G1 F1800
G1 X79.908 Y27.194 E.03527
G1 X79.908 Y31.083 E.10494
G1 X78.601 Y31.083 E.03527
G1 X78.601 Y27.254 E.10332
G1 X78.205 Y26.799 F9000
;TYPE:External perimeter
;WIDTH:0.419999
G1 F1800
G1 X80.304 Y26.799 E.05385
G1 X80.304 Y31.479 E.12006
G1 X78.205 Y31.479 E.05385
G1 X78.205 Y26.859 E.11852
G1 E-3.5 F3600
;WIPE_START
G1 F7200
G1 X78.205 Y26.799 E-.0285
G1 X80.304 Y26.799 E-.99703
G1 X80.304 Y27.798 E-.47447
;WIPE_END
G1 X79.029 Y43.723 F9000
G1 E5 F2400
;TYPE:Perimeter
;WIDTH:0.48528
G1 F1800
G1 X79.48 Y43.723 E.01353
G1 X79.48 Y47.555 E.11495
G1 X79.029 Y47.555 E.01353
G1 X79.029 Y43.783 E.11315
G1 X78.601 Y43.294 F9000
;WIDTH:0.439999
G1 F1800
G1 X79.908 Y43.294 E.03527
G1 X79.908 Y47.983 E.12653
G1 X78.601 Y47.983 E.03527
G1 X78.601 Y43.354 E.12491
G1 X78.205 Y42.899 F9000
;TYPE:External perimeter
;WIDTH:0.419999
G1 F1800
G1 X80.304 Y42.899 E.05385
G1 X80.304 Y48.379 E.14059
G1 X78.205 Y48.379 E.05385
G1 X78.205 Y42.959 E.13905
;LAYER_CHANGE
;Z:4.68
;HEIGHT:0.16
;BEFORE_LAYER_CHANGE
G92 E0
;4.68


G1 E-3.5 F3600
;WIPE_START
G1 F7200
G1 X78.205 Y42.899 E-.0285
G1 X80.304 Y42.899 E-.99703
G1 X80.304 Y43.898 E-.47447
;WIPE_END
G1 Z4.68 F9000
;AFTER_LAYER_CHANGE
;4.68
G1 X32.055 Y46.1
G1 E5 F2400
;TYPE:Perimeter
;WIDTH:0.439999
G1 F1800
G1 X32.055 Y47.577 E.03986
G1 X29.574 Y47.577 E.06695
G1 X29.574 Y46.1 E.03986
G1 X31.995 Y46.1 E.06533
G1 X32.461 Y45.694 F9000
G1 F1800
G1 X32.461 Y47.983 E.06177
G1 X29.169 Y47.983 E.08883
G1 X29.169 Y45.694 E.06177
G1 X32.401 Y45.694 E.08721
G1 X32.857 Y45.299 F9000
;TYPE:External perimeter
;WIDTH:0.419999
G1 F1800
G1 X32.857 Y48.379 E.07902
G1 X28.773 Y48.379 E.10477
G1 X28.773 Y45.299 E.07902
G1 X32.797 Y45.299 E.10323
G1 E-3.5 F3600
;WIPE_START
G1 F7200
G1 X32.857 Y45.299 E-.0285
G1 X32.857 Y48.379 E-1.463
G1 X32.839 Y48.379 E-.0085
;WIPE_END
G1 X30.424 Y46.412 F9000
G1 E5 F2400
;TYPE:Internal infill
;WIDTH:0.44
G1 F3600
G1 X29.887 Y46.95 E.02051
G1 E-3.5
;WIPE_START
G1 F7200
G1 X30.424 Y46.412 E-.36107
;WIPE_END
G1 E-1.13893 F3600
G1 X29.592 Y28.059 F9000
G1 E5 F2400
;TYPE:Perimeter
;WIDTH:0.475842
G1 F1800
G1 X29.592 Y27.618 E.01295
G1 X32.037 Y27.618 E.07181
G1 X32.037 Y28.059 E.01295
G1 X29.652 Y28.059 E.07005
G1 X29.169 Y28.483 F9000
;WIDTH:0.439999
G1 F1800
G1 X29.169 Y27.194 E.03478
G1 X32.461 Y27.194 E.08883
G1 X32.461 Y28.483 E.03478
G1 X29.229 Y28.483 E.08721
G1 X28.773 Y28.879 F9000
;TYPE:External perimeter
;WIDTH:0.419999
G1 F1800
G1 X28.773 Y26.799 E.05336
G1 X32.857 Y26.799 E.10477
G1 X32.857 Y28.879 E.05336
G1 X28.833 Y28.879 E.10323
G1 E-3.5 F3600
;WIPE_START
G1 F7200
G1 X28.773 Y28.879 E-.0285
G1 X28.773 Y26.799 E-.988
G1 X29.791 Y26.799 E-.4835
;WIPE_END
G1 X39.056 Y28.059 F9000
G1 E5 F2400
;TYPE:Perimeter
;WIDTH:0.475842
G1 F3600
G1 X39.056 Y27.618 E.01295
G1 X48.064 Y27.618 E.26456
G1 X48.885 Y27.6 E.02412
;WIDTH:0.439999
G1 X72.055 Y27.6 E.62524
G1 X72.055 Y30.677 E.08303
G1 X55.496 Y30.677 E.44684
G1 X55.095 Y30.833 E.01161
G1 X54.9 Y30.996 E.00686
G1 X54.683 Y31.367 E.0116
G1 X54.635 Y31.672 E.00833
G1 X54.635 Y42.834 E.3012
G1 X54.748 Y43.166 E.00946
G1 X54.88 Y43.36 E.00633
G1 X55.077 Y43.533 E.00707
G1 X55.335 Y43.655 E.0077
G1 X55.629 Y43.7 E.00803
G1 X72.055 Y43.7 E.44325
G1 X72.055 Y47.577 E.10462
G1 X39.038 Y47.577 E.89096
G1 X39.038 Y46.1 E.03986
G1 X48.192 Y46.1 E.24702
G1 X48.531 Y45.983 E.00968
G1 X48.859 Y45.702 E.01165
G1 X49.018 Y45.384 E.00959
G1 X49.058 Y45.106 E.00758
G1 X49.058 Y29.072 E.43267
G1 X48.981 Y28.689 E.01054
G1 X48.66 Y28.276 E.01412
;WIDTH:0.475842
G1 X48.064 Y28.059 E.01863
G1 X39.116 Y28.059 E.26279
G1 X38.632 Y28.483 F9000
;WIDTH:0.439999
G1 F3600
G1 X38.632 Y27.194 E.03478
G1 X72.461 Y27.194 E.91287
G1 X72.461 Y31.083 E.10494
G1 X55.55 Y31.083 E.45634
G1 X55.313 Y31.175 E.00686
G1 X55.117 Y31.381 E.00767
G1 X55.041 Y31.672 E.00812
G1 X55.041 Y42.789 E.29999
G1 X55.186 Y43.093 E.00909
G1 X55.455 Y43.268 E.00866
G1 X55.629 Y43.294 E.00475
G1 X72.461 Y43.294 E.45421
G1 X72.461 Y47.983 E.12653
G1 X38.632 Y47.983 E.91287
G1 X38.632 Y45.694 E.06177
G1 X48.064 Y45.694 E.25452
G1 X48.341 Y45.625 E.0077
G1 X48.534 Y45.459 E.00687
G1 X48.629 Y45.271 E.00568
G1 X48.652 Y45.106 E.0045
G1 X48.652 Y29.072 E.43267
G1 X48.607 Y28.845 E.00624
G1 X48.417 Y28.601 E.00835
G1 X48.064 Y28.483 E.01004
G1 X38.692 Y28.483 E.2529
G1 X38.236 Y28.879 F9000
;TYPE:External perimeter
;WIDTH:0.419999
G1 F1800
G1 X38.236 Y26.799 E.05336
G1 X72.857 Y26.799 E.88818
G1 X72.857 Y31.479 E.12006
G1 X55.629 Y31.479 E.44197
G1 X55.488 Y31.541 E.00395
G1 X55.436 Y31.672 E.00362
G1 X55.436 Y42.706 E.28307
G1 X55.484 Y42.833 E.00348
G1 X55.629 Y42.899 E.00409
G1 X72.857 Y42.899 E.44197
G1 X72.857 Y48.379 E.14059
G1 X38.236 Y48.379 E.88818
G1 X38.236 Y45.299 E.07902
G1 X48.064 Y45.299 E.25213
G1 X48.218 Y45.222 E.00442
G1 X48.256 Y45.106 E.00313
G1 X48.256 Y29.072 E.41134
G1 X48.179 Y28.917 E.00444
G1 X48.064 Y28.879 E.00311
G1 X38.296 Y28.879 E.25059
G1 E-3.5 F3600
;WIPE_START
G1 F7200
G1 X38.236 Y28.879 E-.0285
G1 X38.236 Y26.799 E-.988
G1 X39.254 Y26.799 E-.4835
;WIPE_END
G1 X49.37 Y30.275 F9000
G1 E5 F2400
;TYPE:Internal infill
;WIDTH:0.44
G1 F3600
G1 X49.37 Y29.061 E.03276
G1 X49.271 Y28.564 E.01367
G1 X48.824 Y28.013 E.01915
G1 X48.924 Y27.912 E.00384
G1 X52.519 Y27.912 E.09701
G1 X55.098 Y30.491 E.09842
G1 X54.67 Y30.783 E.01398
G1 X54.384 Y31.273 E.01531
G1 X54.323 Y31.663 E.01065
G1 X54.323 Y32.609 E.02553
G1 E-3.5
;WIPE_START
G1 F7200
G1 X54.323 Y31.663 E-.44935
G1 X54.384 Y31.273 E-.1875
G1 X54.67 Y30.783 E-.2695
G1 X55.098 Y30.491 E-.24611
G1 X54.581 Y29.974 E-.34754
;WIPE_END
G1 X54.323 Y42.462 F9000
G1 E5 F2400
G1 F3600
G1 X54.361 Y43.022 E.01515
G1 X54.645 Y43.566 E.01656
G1 X54.904 Y43.794 E.00931
G1 X55.242 Y43.955 E.0101
G1 X55.772 Y44.012 E.01438
G1 X52.519 Y47.265 E.12414
G1 X48.924 Y47.265 E.09701
G1 X48.071 Y46.412 E.03255
G1 X45.723 Y46.412 E.06336
G1 X44.87 Y47.265 E.03255
G1 X41.275 Y47.265 E.09701
G1 X40.422 Y46.412 E.03255
G1 X42.856 Y46.412 E.06568
G1 E-3.5
;WIPE_START
G1 F7200
G1 X40.422 Y46.412 E-1.15615
G1 X40.934 Y46.924 E-.34385
;WIPE_END
G1 X69.438 Y47.265 F9000
G1 E5 F2400
G1 F3600
G1 X71.743 Y47.265 E.0622
G1 X71.743 Y47.136 E.00348
G1 X68.619 Y44.012 E.11922
G1 X71.071 Y44.012 E.06617
G1 X67.818 Y47.265 E.12414
G1 X64.223 Y47.265 E.09701
G1 X60.97 Y44.012 E.12414
G1 X63.421 Y44.012 E.06614
G1 X60.169 Y47.265 E.12412
G1 X56.574 Y47.265 E.09701
G1 X49.37 Y40.062 E.2749
G1 X49.37 Y42.765 E.07294
G1 X54.323 Y37.812 E.18902
G1 X54.323 Y37.365 E.01206
G1 X49.37 Y32.412 E.18902
G1 X49.37 Y35.116 E.07297
G1 X56.574 Y27.912 E.27492
G1 X60.169 Y27.912 E.09701
G1 X62.621 Y30.365 E.09359
G1 X61.77 Y30.365 E.02296
G1 X64.223 Y27.912 E.09361
G1 X67.818 Y27.912 E.09701
G1 X70.271 Y30.365 E.09361
G1 X69.419 Y30.365 E.02299
G1 X71.743 Y28.042 E.08867
G1 X71.743 Y27.912 E.00351
G1 X69.438 Y27.912 E.0622
G1 E-3.5
;WIPE_START
G1 F7200
G1 X71.743 Y27.912 E-1.09487
G1 X71.743 Y28.042 E-.06175
G1 X71.232 Y28.553 E-.34338
;WIPE_END
G1 X79.056 Y27.619 F9000
G1 E5 F2400
;TYPE:Perimeter
;WIDTH:0.477566
G1 F1800
G1 X79.5 Y27.619 E.01309
G1 X79.5 Y30.659 E.08963
G1 X79.056 Y30.659 E.01309
G1 X79.056 Y27.679 E.08786
G1 X78.632 Y27.194 F9000
;WIDTH:0.439999
G1 F1800
G1 X79.924 Y27.194 E.03486
G1 X79.924 Y31.083 E.10494
G1 X78.632 Y31.083 E.03486
G1 X78.632 Y27.254 E.10332
G1 X78.236 Y26.799 F9000
;TYPE:External perimeter
;WIDTH:0.419999
G1 F1800
G1 X80.32 Y26.799 E.05346
G1 X80.32 Y31.479 E.12006
G1 X78.236 Y31.479 E.05346
G1 X78.236 Y26.859 E.11852
G1 E-3.5 F3600
;WIPE_START
G1 F7200
G1 X78.236 Y26.799 E-.0285
G1 X80.32 Y26.799 E-.9899
G1 X80.32 Y27.813 E-.4816
;WIPE_END
G1 X79.056 Y43.719 F9000
G1 E5 F2400
;TYPE:Perimeter
;WIDTH:0.477566
G1 F1800
G1 X79.5 Y43.719 E.01309
G1 X79.5 Y47.559 E.11322
G1 X79.056 Y47.559 E.01309
G1 X79.056 Y43.779 E.11145
G1 X78.632 Y43.294 F9000
;WIDTH:0.439999
G1 F1800
G1 X79.924 Y43.294 E.03486
G1 X79.924 Y47.983 E.12653
G1 X78.632 Y47.983 E.03486
G1 X78.632 Y43.354 E.12491
G1 X78.236 Y42.899 F9000
;TYPE:External perimeter
;WIDTH:0.419999
G1 F1800
G1 X80.32 Y42.899 E.05346
G1 X80.32 Y48.379 E.14059
G1 X78.236 Y48.379 E.05346
G1 X78.236 Y42.959 E.13905
;LAYER_CHANGE
;Z:4.84
;HEIGHT:0.16
;BEFORE_LAYER_CHANGE
G92 E0
;4.84


G1 E-3.5 F3600
;WIPE_START
G1 F7200
G1 X78.236 Y42.899 E-.0285
G1 X80.32 Y42.899 E-.9899
G1 X80.32 Y43.913 E-.4816
;WIPE_END
G1 Z4.84 F9000
;AFTER_LAYER_CHANGE
;4.84
G1 X32.034 Y46.1
G1 E5 F2400
;TYPE:Perimeter
;WIDTH:0.439999
G1 F1800
G1 X32.034 Y47.577 E.03986
G1 X29.565 Y47.577 E.06663
G1 X29.565 Y46.1 E.03986
G1 X31.974 Y46.1 E.06501
G1 X32.44 Y45.694 F9000
G1 F1800
G1 X32.44 Y47.983 E.06177
G1 X29.159 Y47.983 E.08854
G1 X29.159 Y45.694 E.06177
G1 X32.38 Y45.694 E.08692
G1 X32.836 Y45.299 F9000
;TYPE:External perimeter
;WIDTH:0.419999
G1 F1800
G1 X32.836 Y48.379 E.07902
G1 X28.764 Y48.379 E.10446
G1 X28.764 Y45.299 E.07902
G1 X32.776 Y45.299 E.10293
G1 E-3.5 F3600
;WIPE_START
G1 F7200
G1 X32.836 Y45.299 E-.0285
G1 X32.836 Y48.379 E-1.463
G1 X32.818 Y48.379 E-.0085
;WIPE_END
G1 X30.424 Y46.412 F9000
G1 E5 F2400
;TYPE:Internal infill
;WIDTH:0.44
G1 F3600
G1 X29.877 Y46.959 E.02087
G1 E-3.5
;WIPE_START
G1 F7200
G1 X30.424 Y46.412 E-.36745
;WIPE_END
G1 E-1.13255 F3600
G1 X29.583 Y28.059 F9000
G1 E5 F2400
;TYPE:Perimeter
;WIDTH:0.475842
G1 F1800
G1 X29.583 Y27.618 E.01295
G1 X32.016 Y27.618 E.07146
G1 X32.016 Y28.059 E.01295
G1 X29.643 Y28.059 E.06969
G1 X29.159 Y28.483 F9000
;WIDTH:0.439999
G1 F1800
G1 X29.159 Y27.194 E.03478
G1 X32.44 Y27.194 E.08854
G1 X32.44 Y28.483 E.03478
G1 X29.219 Y28.483 E.08692
G1 X28.764 Y28.879 F9000
;TYPE:External perimeter
;WIDTH:0.419999
G1 F1800
G1 X28.764 Y26.799 E.05336
G1 X32.836 Y26.799 E.10446
G1 X32.836 Y28.879 E.05336
G1 X28.824 Y28.879 E.10293
G1 E-3.5 F3600
;WIPE_START
G1 F7200
G1 X28.764 Y28.879 E-.0285
G1 X28.764 Y26.799 E-.988
G1 X29.782 Y26.799 E-.4835
;WIPE_END
G1 X39.076 Y28.059 F9000
G1 E5 F2400
;TYPE:Perimeter
;WIDTH:0.475842
G1 F3600
G1 X39.076 Y27.618 E.01295
G1 X48.064 Y27.618 E.26397
G1 X48.885 Y27.6 E.02412
;WIDTH:0.439999
G1 X72.034 Y27.6 E.62467
G1 X72.034 Y30.677 E.08303
G1 X55.496 Y30.677 E.44627
G1 X55.095 Y30.833 E.01161
G1 X54.9 Y30.996 E.00686
G1 X54.683 Y31.367 E.0116
G1 X54.635 Y31.672 E.00833
G1 X54.635 Y42.834 E.3012
G1 X54.748 Y43.166 E.00946
G1 X54.88 Y43.36 E.00633
G1 X55.077 Y43.533 E.00707
G1 X55.335 Y43.655 E.0077
G1 X55.629 Y43.7 E.00803
G1 X72.034 Y43.7 E.44269
G1 X72.034 Y47.577 E.10462
G1 X39.059 Y47.577 E.88982
G1 X39.059 Y46.1 E.03986
G1 X48.192 Y46.1 E.24645
G1 X48.531 Y45.983 E.00968
G1 X48.859 Y45.702 E.01165
G1 X49.018 Y45.384 E.00959
G1 X49.058 Y45.106 E.00758
G1 X49.058 Y29.072 E.43267
G1 X48.981 Y28.689 E.01054
G1 X48.66 Y28.276 E.01412
;WIDTH:0.475842
G1 X48.064 Y28.059 E.01863
G1 X39.136 Y28.059 E.26221
G1 X38.653 Y28.483 F9000
;WIDTH:0.439999
G1 F3600
G1 X38.653 Y27.194 E.03478
G1 X72.44 Y27.194 E.91174
G1 X72.44 Y31.083 E.10494
G1 X55.55 Y31.083 E.45577
G1 X55.313 Y31.175 E.00686
G1 X55.117 Y31.381 E.00767
G1 X55.041 Y31.672 E.00812
G1 X55.041 Y42.789 E.29999
G1 X55.186 Y43.093 E.00909
G1 X55.455 Y43.268 E.00866
G1 X55.629 Y43.294 E.00475
G1 X72.44 Y43.294 E.45364
G1 X72.44 Y47.983 E.12653
G1 X38.653 Y47.983 E.91174
G1 X38.653 Y45.694 E.06177
G1 X48.064 Y45.694 E.25395
G1 X48.341 Y45.625 E.0077
G1 X48.534 Y45.459 E.00687
G1 X48.629 Y45.271 E.00568
G1 X48.652 Y45.106 E.0045
G1 X48.652 Y29.072 E.43267
G1 X48.607 Y28.845 E.00624
G1 X48.417 Y28.601 E.00835
G1 X48.064 Y28.483 E.01004
G1 X38.713 Y28.483 E.25233
G1 X38.257 Y28.879 F9000
;TYPE:External perimeter
;WIDTH:0.419999
G1 F1800
G1 X38.257 Y26.799 E.05336
G1 X72.836 Y26.799 E.8871
G1 X72.836 Y31.479 E.12006
G1 X55.629 Y31.479 E.44144
G1 X55.488 Y31.541 E.00395
G1 X55.436 Y31.672 E.00362
G1 X55.436 Y42.706 E.28307
G1 X55.484 Y42.833 E.00348
G1 X55.629 Y42.899 E.00409
G1 X72.836 Y42.899 E.44144
G1 X72.836 Y48.379 E.14059
G1 X38.257 Y48.379 E.8871
G1 X38.257 Y45.299 E.07902
G1 X48.064 Y45.299 E.25159
G1 X48.218 Y45.222 E.00442
G1 X48.256 Y45.106 E.00313
G1 X48.256 Y29.072 E.41134
G1 X48.179 Y28.917 E.00444
G1 X48.064 Y28.879 E.00311
G1 X38.317 Y28.879 E.25005
G1 E-3.5 F3600
;WIPE_START
G1 F7200
G1 X38.257 Y28.879 E-.0285
G1 X38.257 Y26.799 E-.988
G1 X39.275 Y26.799 E-.4835
;WIPE_END
G1 X49.37 Y30.275 F9000
G1 E5 F2400
;TYPE:Internal infill
;WIDTH:0.44
G1 F3600
G1 X49.37 Y29.061 E.03276
G1 X49.271 Y28.564 E.01367
G1 X48.824 Y28.013 E.01915
G1 X48.924 Y27.912 E.00384
G1 X52.519 Y27.912 E.09701
G1 X55.098 Y30.491 E.09842
G1 X54.67 Y30.783 E.01398
G1 X54.384 Y31.273 E.01531
G1 X54.323 Y31.663 E.01065
G1 X54.323 Y32.609 E.02553
G1 E-3.5
;WIPE_START
G1 F7200
G1 X54.323 Y31.663 E-.44935
G1 X54.384 Y31.273 E-.1875
G1 X54.67 Y30.783 E-.2695
G1 X55.098 Y30.491 E-.24611
G1 X54.581 Y29.974 E-.34754
;WIPE_END
G1 X54.323 Y42.462 F9000
G1 E5 F2400
G1 F3600
G1 X54.361 Y43.022 E.01515
G1 X54.645 Y43.566 E.01656
G1 X54.904 Y43.794 E.00931
G1 X55.242 Y43.955 E.0101
G1 X55.772 Y44.012 E.01438
G1 X52.519 Y47.265 E.12414
G1 X48.924 Y47.265 E.09701
G1 X48.071 Y46.412 E.03255
G1 X45.723 Y46.412 E.06336
G1 X44.87 Y47.265 E.03255
G1 X41.275 Y47.265 E.09701
G1 X40.422 Y46.412 E.03255
G1 X42.856 Y46.412 E.06568
G1 E-3.5
;WIPE_START
G1 F7200
G1 X40.422 Y46.412 E-1.15615
G1 X40.934 Y46.924 E-.34385
;WIPE_END
G1 X69.438 Y47.265 F9000
G1 E5 F2400
G1 F3600
G1 X71.722 Y47.265 E.06163
G1 X71.722 Y47.115 E.00405
G1 X68.619 Y44.012 E.11842
G1 X71.071 Y44.012 E.06617
G1 X67.818 Y47.265 E.12414
G1 X64.223 Y47.265 E.09701
G1 X60.97 Y44.012 E.12414
G1 X63.421 Y44.012 E.06614
G1 X60.169 Y47.265 E.12412
G1 X56.574 Y47.265 E.09701
G1 X49.37 Y40.062 E.2749
G1 X49.37 Y42.765 E.07294
G1 X54.323 Y37.812 E.18902
G1 X54.323 Y37.365 E.01206
G1 X49.37 Y32.412 E.18902
G1 X49.37 Y35.116 E.07297
G1 X56.573 Y27.912 E.2749
G1 X60.169 Y27.912 E.09704
G1 X62.621 Y30.365 E.09359
G1 X61.77 Y30.365 E.02296
G1 X64.223 Y27.912 E.09361
G1 X67.818 Y27.912 E.09701
G1 X70.271 Y30.365 E.09361
G1 X69.419 Y30.365 E.02299
G1 X71.722 Y28.062 E.08789
G1 X71.722 Y27.912 E.00405
G1 X69.438 Y27.912 E.06163
G1 E-3.5
;WIPE_START
G1 F7200
G1 X71.722 Y27.912 E-1.0849
G1 X71.722 Y28.062 E-.07125
G1 X71.21 Y28.574 E-.34385
;WIPE_END
G1 X79.074 Y27.616 F9000
G1 E5 F2400
;TYPE:Perimeter
;WIDTH:0.471798
G1 F1800
G1 X79.512 Y27.616 E.01275
G1 X79.512 Y30.662 E.08864
G1 X79.074 Y30.662 E.01275
G1 X79.074 Y27.676 E.08689
G1 X78.653 Y27.194 F9000
;WIDTH:0.439999
G1 F1800
G1 X79.933 Y27.194 E.03454
G1 X79.933 Y31.083 E.10494
G1 X78.653 Y31.083 E.03454
G1 X78.653 Y27.254 E.10332
G1 X78.257 Y26.799 F9000
;TYPE:External perimeter
;WIDTH:0.419999
G1 F1800
G1 X80.329 Y26.799 E.05316
G1 X80.329 Y31.479 E.12006
G1 X78.257 Y31.479 E.05316
G1 X78.257 Y26.859 E.11852
G1 E-3.5 F3600
;WIPE_START
G1 F7200
G1 X78.257 Y26.799 E-.0285
G1 X80.329 Y26.799 E-.9842
G1 X80.329 Y27.825 E-.4873
;WIPE_END
G1 X79.074 Y43.716 F9000
G1 E5 F2400
;TYPE:Perimeter
;WIDTH:0.471798
G1 F1800
G1 X79.512 Y43.716 E.01275
G1 X79.512 Y47.562 E.11192
G1 X79.074 Y47.562 E.01275
G1 X79.074 Y43.776 E.11017
G1 X78.653 Y43.294 F9000
;WIDTH:0.439999
G1 F1800
G1 X79.933 Y43.294 E.03454
G1 X79.933 Y47.983 E.12653
G1 X78.653 Y47.983 E.03454
G1 X78.653 Y43.354 E.12491
G1 X78.257 Y42.899 F9000
;TYPE:External perimeter
;WIDTH:0.419999
G1 F1800
G1 X80.329 Y42.899 E.05316
G1 X80.329 Y48.379 E.14059
G1 X78.257 Y48.379 E.05316
G1 X78.257 Y42.959 E.13905
;LAYER_CHANGE
;Z:5
;HEIGHT:0.16
;BEFORE_LAYER_CHANGE
G92 E0
;5


G1 E-3.5 F3600
;WIPE_START
G1 F7200
G1 X78.257 Y42.899 E-.0285
G1 X80.329 Y42.899 E-.9842
G1 X80.329 Y43.925 E-.4873
;WIPE_END
G1 Z5 F9000
;AFTER_LAYER_CHANGE
;5
G1 X32.025 Y46.1
G1 E5 F2400
;TYPE:Perimeter
;WIDTH:0.439999
G1 F1800
G1 X32.025 Y47.577 E.03986
G1 X29.559 Y47.577 E.06654
G1 X29.559 Y46.1 E.03986
G1 X31.965 Y46.1 E.06493
G1 X32.43 Y45.694 F9000
G1 F1800
G1 X32.43 Y47.983 E.06177
G1 X29.154 Y47.983 E.0884
G1 X29.154 Y45.694 E.06177
G1 X32.37 Y45.694 E.08678
G1 X32.826 Y45.299 F9000
;TYPE:External perimeter
;WIDTH:0.419999
G1 F1800
G1 X32.826 Y48.379 E.07902
G1 X28.758 Y48.379 E.10436
G1 X28.758 Y45.299 E.07902
G1 X32.766 Y45.299 E.10282
G1 E-3.5 F3600
;WIPE_START
G1 F7200
G1 X32.826 Y45.299 E-.0285
G1 X32.826 Y48.379 E-1.463
G1 X32.808 Y48.379 E-.0085
;WIPE_END
G1 X30.424 Y46.412 F9000
G1 E5 F2400
;TYPE:Internal infill
;WIDTH:0.44
G1 F3600
G1 X29.872 Y46.965 E.02108
G1 E-3.5
;WIPE_START
G1 F7200
G1 X30.424 Y46.412 E-.37114
;WIPE_END
G1 E-1.12886 F3600
G1 X29.577 Y28.059 F9000
G1 E5 F2400
;TYPE:Perimeter
;WIDTH:0.475842
G1 F1800
G1 X29.577 Y27.618 E.01295
G1 X32.007 Y27.618 E.07137
G1 X32.007 Y28.059 E.01295
G1 X29.637 Y28.059 E.0696
G1 X29.154 Y28.483 F9000
;WIDTH:0.439999
G1 F1800
G1 X29.154 Y27.194 E.03478
G1 X32.43 Y27.194 E.0884
G1 X32.43 Y28.483 E.03478
G1 X29.214 Y28.483 E.08678
G1 X28.758 Y28.879 F9000
;TYPE:External perimeter
;WIDTH:0.419999
G1 F1800
G1 X28.758 Y26.799 E.05336
G1 X32.826 Y26.799 E.10436
G1 X32.826 Y28.879 E.05336
G1 X28.818 Y28.879 E.10282
G1 E-3.5 F3600
;WIPE_START
G1 F7200
G1 X28.758 Y28.879 E-.0285
G1 X28.758 Y26.799 E-.988
G1 X29.776 Y26.799 E-.4835
;WIPE_END
G1 X39.086 Y28.059 F9000
G1 E5 F2400
;TYPE:Perimeter
;WIDTH:0.475842
G1 F3600
G1 X39.086 Y27.618 E.01295
G1 X48.064 Y27.618 E.26368
G1 X48.885 Y27.6 E.02412
;WIDTH:0.439999
G1 X72.025 Y27.6 E.62443
G1 X72.025 Y30.677 E.08303
G1 X55.496 Y30.677 E.44603
G1 X55.095 Y30.833 E.01161
G1 X54.9 Y30.996 E.00686
G1 X54.683 Y31.367 E.0116
G1 X54.635 Y31.672 E.00833
G1 X54.635 Y42.834 E.3012
G1 X54.748 Y43.166 E.00946
G1 X54.88 Y43.36 E.00633
G1 X55.077 Y43.533 E.00707
G1 X55.335 Y43.655 E.0077
G1 X55.629 Y43.7 E.00803
G1 X72.025 Y43.7 E.44244
G1 X72.025 Y47.577 E.10462
G1 X39.068 Y47.577 E.88934
G1 X39.068 Y46.1 E.03986
G1 X48.192 Y46.1 E.24621
G1 X48.531 Y45.983 E.00968
G1 X48.859 Y45.702 E.01165
G1 X49.018 Y45.384 E.00959
G1 X49.058 Y45.106 E.00758
G1 X49.058 Y29.072 E.43267
G1 X48.981 Y28.689 E.01054
G1 X48.66 Y28.276 E.01412
;WIDTH:0.475842
G1 X48.064 Y28.059 E.01863
G1 X39.146 Y28.059 E.26191
G1 X38.663 Y28.483 F9000
;WIDTH:0.439999
G1 F3600
G1 X38.663 Y27.194 E.03478
G1 X72.43 Y27.194 E.9112
G1 X72.43 Y31.083 E.10494
G1 X55.55 Y31.083 E.4555
G1 X55.313 Y31.175 E.00686
G1 X55.117 Y31.381 E.00767
G1 X55.041 Y31.672 E.00812
G1 X55.041 Y42.789 E.29999
G1 X55.186 Y43.093 E.00909
G1 X55.455 Y43.268 E.00866
G1 X55.629 Y43.294 E.00475
G1 X72.43 Y43.294 E.45337
G1 X72.43 Y47.983 E.12653
G1 X38.663 Y47.983 E.9112
G1 X38.663 Y45.694 E.06177
G1 X48.064 Y45.694 E.25368
G1 X48.341 Y45.625 E.0077
G1 X48.534 Y45.459 E.00687
G1 X48.629 Y45.271 E.00568
G1 X48.652 Y45.106 E.0045
G1 X48.652 Y29.072 E.43267
G1 X48.607 Y28.845 E.00624
G1 X48.417 Y28.601 E.00835
G1 X48.064 Y28.483 E.01004
G1 X38.723 Y28.483 E.25207
G1 X38.267 Y28.879 F9000
;TYPE:External perimeter
;WIDTH:0.419999
G1 F1800
G1 X38.267 Y26.799 E.05336
G1 X72.826 Y26.799 E.88659
G1 X72.826 Y31.479 E.12006
G1 X55.629 Y31.479 E.44118
G1 X55.488 Y31.541 E.00395
G1 X55.436 Y31.672 E.00362
G1 X55.436 Y42.706 E.28307
G1 X55.484 Y42.833 E.00348
G1 X55.629 Y42.899 E.00409
G1 X72.826 Y42.899 E.44118
G1 X72.826 Y48.379 E.14059
G1 X38.267 Y48.379 E.88659
G1 X38.267 Y45.299 E.07902
G1 X48.064 Y45.299 E.25134
G1 X48.218 Y45.222 E.00442
G1 X48.256 Y45.106 E.00313
G1 X48.256 Y29.072 E.41134
G1 X48.179 Y28.917 E.00444
G1 X48.064 Y28.879 E.00311
G1 X38.327 Y28.879 E.2498
G1 E-3.5 F3600
;WIPE_START
G1 F7200
G1 X38.267 Y28.879 E-.0285
G1 X38.267 Y26.799 E-.988
G1 X39.285 Y26.799 E-.4835
;WIPE_END
G1 X49.37 Y30.275 F9000
G1 E5 F2400
;TYPE:Internal infill
;WIDTH:0.44
G1 F3600
G1 X49.37 Y29.061 E.03276
G1 X49.271 Y28.564 E.01367
G1 X48.824 Y28.013 E.01915
G1 X48.924 Y27.912 E.00384
G1 X52.519 Y27.912 E.09701
G1 X55.098 Y30.491 E.09842
G1 X54.67 Y30.783 E.01398
G1 X54.384 Y31.273 E.01531
G1 X54.323 Y31.663 E.01065
G1 X54.323 Y32.609 E.02553
G1 E-3.5
;WIPE_START
G1 F7200
G1 X54.323 Y31.663 E-.44935
G1 X54.384 Y31.273 E-.1875
G1 X54.67 Y30.783 E-.2695
G1 X55.098 Y30.491 E-.24611
G1 X54.581 Y29.974 E-.34754
;WIPE_END
G1 X54.323 Y42.462 F9000
G1 E5 F2400
G1 F3600
G1 X54.361 Y43.022 E.01515
G1 X54.645 Y43.566 E.01656
G1 X54.904 Y43.794 E.00931
G1 X55.242 Y43.955 E.0101
G1 X55.772 Y44.012 E.01438
G1 X52.519 Y47.265 E.12414
G1 X48.924 Y47.265 E.09701
G1 X48.071 Y46.412 E.03255
G1 X45.723 Y46.412 E.06336
G1 X44.87 Y47.265 E.03255
G1 X41.275 Y47.265 E.09701
G1 X40.422 Y46.412 E.03255
G1 X42.856 Y46.412 E.06568
G1 E-3.5
;WIPE_START
G1 F7200
G1 X40.422 Y46.412 E-1.15615
G1 X40.934 Y46.924 E-.34385
;WIPE_END
G1 X69.438 Y47.265 F9000
G1 E5 F2400
G1 F3600
G1 X71.712 Y47.265 E.06136
G1 X71.712 Y47.105 E.00432
G1 X68.619 Y44.012 E.11804
G1 X71.071 Y44.012 E.06617
G1 X67.818 Y47.265 E.12414
G1 X64.223 Y47.265 E.09701
G1 X60.97 Y44.012 E.12414
G1 X63.421 Y44.012 E.06614
G1 X60.169 Y47.265 E.12412
G1 X56.574 Y47.265 E.09701
G1 X49.37 Y40.062 E.2749
G1 X49.37 Y42.765 E.07294
G1 X54.323 Y37.812 E.18902
G1 X54.323 Y37.365 E.01206
G1 X49.37 Y32.412 E.18902
G1 X49.37 Y35.116 E.07297
G1 X56.573 Y27.912 E.2749
G1 X60.169 Y27.912 E.09704
G1 X62.621 Y30.365 E.09359
G1 X61.77 Y30.365 E.02296
G1 X64.223 Y27.912 E.09361
G1 X67.818 Y27.912 E.09701
G1 X70.271 Y30.365 E.09361
G1 X69.419 Y30.365 E.02299
G1 X71.712 Y28.072 E.08751
G1 X71.712 Y27.912 E.00432
G1 X69.438 Y27.912 E.06136
G1 E-3.5
;WIPE_START
G1 F7200
G1 X71.712 Y27.912 E-1.08015
G1 X71.712 Y28.072 E-.076
G1 X71.2 Y28.584 E-.34385
;WIPE_END
G1 X79.083 Y27.615 F9000
G1 E5 F2400
;TYPE:Perimeter
;WIDTH:0.469814
G1 F1800
G1 X79.519 Y27.615 E.01263
G1 X79.519 Y30.662 E.08827
G1 X79.083 Y30.662 E.01263
G1 X79.083 Y27.675 E.08653
G1 X78.663 Y27.194 F9000
;WIDTH:0.439999
G1 F1800
G1 X79.939 Y27.194 E.03443
G1 X79.939 Y31.083 E.10494
G1 X78.663 Y31.083 E.03443
G1 X78.663 Y27.254 E.10332
G1 X78.267 Y26.799 F9000
;TYPE:External perimeter
;WIDTH:0.419999
G1 F1800
G1 X80.335 Y26.799 E.05305
G1 X80.335 Y31.479 E.12006
G1 X78.267 Y31.479 E.05305
G1 X78.267 Y26.859 E.11852
G1 E-3.5 F3600
;WIPE_START
G1 F7200
G1 X78.267 Y26.799 E-.0285
G1 X80.335 Y26.799 E-.9823
G1 X80.335 Y27.829 E-.4892
;WIPE_END
G1 X79.083 Y43.715 F9000
G1 E5 F2400
;TYPE:Perimeter
;WIDTH:0.469814
G1 F1800
G1 X79.519 Y43.715 E.01263
G1 X79.519 Y47.562 E.11144
G1 X79.083 Y47.562 E.01263
G1 X79.083 Y43.775 E.1097
G1 X78.663 Y43.294 F9000
;WIDTH:0.439999
G1 F1800
G1 X79.939 Y43.294 E.03443
G1 X79.939 Y47.983 E.12653
G1 X78.663 Y47.983 E.03443
G1 X78.663 Y43.354 E.12491
G1 X78.267 Y42.899 F9000
;TYPE:External perimeter
;WIDTH:0.419999
G1 F1800
G1 X80.335 Y42.899 E.05305
G1 X80.335 Y48.379 E.14059
G1 X78.267 Y48.379 E.05305
G1 X78.267 Y42.959 E.13905
;LAYER_CHANGE
;Z:5.16
;HEIGHT:0.16
;BEFORE_LAYER_CHANGE
G92 E0
;5.16


G1 E-3.5 F3600
;WIPE_START
G1 F7200
G1 X78.267 Y42.899 E-.0285
G1 X80.335 Y42.899 E-.9823
G1 X80.335 Y43.929 E-.4892
;WIPE_END
G1 Z5.16 F9000
;AFTER_LAYER_CHANGE
;5.16
G1 X32.025 Y46.1
G1 E5 F2400
;TYPE:Perimeter
;WIDTH:0.439999
G1 F1800
G1 X32.025 Y47.577 E.03986
G1 X29.559 Y47.577 E.06654
G1 X29.559 Y46.1 E.03986
G1 X31.965 Y46.1 E.06493
G1 X32.43 Y45.694 F9000
G1 F1800
G1 X32.43 Y47.983 E.06177
G1 X29.154 Y47.983 E.0884
G1 X29.154 Y45.694 E.06177
G1 X32.37 Y45.694 E.08678
G1 X32.826 Y45.299 F9000
;TYPE:External perimeter
;WIDTH:0.419999
G1 F1800
G1 X32.826 Y48.379 E.07902
G1 X28.758 Y48.379 E.10436
G1 X28.758 Y45.299 E.07902
G1 X32.766 Y45.299 E.10282
G1 E-3.5 F3600
;WIPE_START
G1 F7200
G1 X32.826 Y45.299 E-.0285
G1 X32.826 Y48.379 E-1.463
G1 X32.808 Y48.379 E-.0085
;WIPE_END
G1 X30.424 Y46.412 F9000
G1 E5 F2400
;TYPE:Internal infill
;WIDTH:0.44
G1 F3600
G1 X29.872 Y46.965 E.02108
G1 E-3.5
;WIPE_START
G1 F7200
G1 X30.424 Y46.412 E-.37114
;WIPE_END
G1 E-1.12886 F3600
G1 X29.577 Y28.059 F9000
G1 E5 F2400
;TYPE:Perimeter
;WIDTH:0.475842
G1 F1800
G1 X29.577 Y27.618 E.01295
G1 X32.007 Y27.618 E.07137
G1 X32.007 Y28.059 E.01295
G1 X29.637 Y28.059 E.0696
G1 X29.154 Y28.483 F9000
;WIDTH:0.439999
G1 F1800
G1 X29.154 Y27.194 E.03478
G1 X32.43 Y27.194 E.0884
G1 X32.43 Y28.483 E.03478
G1 X29.214 Y28.483 E.08678
G1 X28.758 Y28.879 F9000
;TYPE:External perimeter
;WIDTH:0.419999
G1 F1800
G1 X28.758 Y26.799 E.05336
G1 X32.826 Y26.799 E.10436
G1 X32.826 Y28.879 E.05336
G1 X28.818 Y28.879 E.10282
G1 E-3.5 F3600
;WIPE_START
G1 F7200
G1 X28.758 Y28.879 E-.0285
G1 X28.758 Y26.799 E-.988
G1 X29.776 Y26.799 E-.4835
;WIPE_END
G1 X39.086 Y28.059 F9000
G1 E5 F2400
;TYPE:Perimeter
;WIDTH:0.475842
G1 F3600
G1 X39.086 Y27.618 E.01295
G1 X48.064 Y27.618 E.26368
G1 X48.885 Y27.6 E.02412
;WIDTH:0.439999
G1 X72.025 Y27.6 E.62443
G1 X72.025 Y30.677 E.08303
G1 X55.496 Y30.677 E.44603
G1 X55.095 Y30.833 E.01161
G1 X54.9 Y30.996 E.00686
G1 X54.683 Y31.367 E.0116
G1 X54.635 Y31.672 E.00833
G1 X54.635 Y42.834 E.3012
G1 X54.748 Y43.166 E.00946
G1 X54.88 Y43.36 E.00633
G1 X55.077 Y43.533 E.00707
G1 X55.335 Y43.655 E.0077
G1 X55.629 Y43.7 E.00803
G1 X72.025 Y43.7 E.44244
G1 X72.025 Y47.577 E.10462
G1 X39.068 Y47.577 E.88934
G1 X39.068 Y46.1 E.03986
G1 X48.192 Y46.1 E.24621
G1 X48.531 Y45.983 E.00968
G1 X48.859 Y45.702 E.01165
G1 X49.018 Y45.384 E.00959
G1 X49.058 Y45.106 E.00758
G1 X49.058 Y29.072 E.43267
G1 X48.981 Y28.689 E.01054
G1 X48.66 Y28.276 E.01412
;WIDTH:0.475842
G1 X48.064 Y28.059 E.01863
G1 X39.146 Y28.059 E.26191
G1 X38.663 Y28.483 F9000
;WIDTH:0.439999
G1 F3600
G1 X38.663 Y27.194 E.03478
G1 X72.43 Y27.194 E.9112
G1 X72.43 Y31.083 E.10494
G1 X55.55 Y31.083 E.4555
G1 X55.313 Y31.175 E.00686
G1 X55.117 Y31.381 E.00767
G1 X55.041 Y31.672 E.00812
G1 X55.041 Y42.789 E.29999
G1 X55.186 Y43.093 E.00909
G1 X55.455 Y43.268 E.00866
G1 X55.629 Y43.294 E.00475
G1 X72.43 Y43.294 E.45337
G1 X72.43 Y47.983 E.12653
G1 X38.663 Y47.983 E.9112
G1 X38.663 Y45.694 E.06177
G1 X48.064 Y45.694 E.25368
G1 X48.341 Y45.625 E.0077
G1 X48.534 Y45.459 E.00687
G1 X48.629 Y45.271 E.00568
G1 X48.652 Y45.106 E.0045
G1 X48.652 Y29.072 E.43267
G1 X48.607 Y28.845 E.00624
G1 X48.417 Y28.601 E.00835
G1 X48.064 Y28.483 E.01004
G1 X38.723 Y28.483 E.25207
G1 X38.267 Y28.879 F9000
;TYPE:External perimeter
;WIDTH:0.419999
G1 F1800
G1 X38.267 Y26.799 E.05336
G1 X72.826 Y26.799 E.88659
G1 X72.826 Y31.479 E.12006
G1 X55.629 Y31.479 E.44118
G1 X55.488 Y31.541 E.00395
G1 X55.436 Y31.672 E.00362
G1 X55.436 Y42.706 E.28307
G1 X55.484 Y42.833 E.00348
G1 X55.629 Y42.899 E.00409
G1 X72.826 Y42.899 E.44118
G1 X72.826 Y48.379 E.14059
G1 X38.267 Y48.379 E.88659
G1 X38.267 Y45.299 E.07902
G1 X48.064 Y45.299 E.25134
G1 X48.218 Y45.222 E.00442
G1 X48.256 Y45.106 E.00313
G1 X48.256 Y29.072 E.41134
G1 X48.179 Y28.917 E.00444
G1 X48.064 Y28.879 E.00311
G1 X38.327 Y28.879 E.2498
G1 E-3.5 F3600
;WIPE_START
G1 F7200
G1 X38.267 Y28.879 E-.0285
G1 X38.267 Y26.799 E-.988
G1 X39.285 Y26.799 E-.4835
;WIPE_END
G1 X49.37 Y30.275 F9000
G1 E5 F2400
;TYPE:Internal infill
;WIDTH:0.44
G1 F3600
G1 X49.37 Y29.061 E.03276
G1 X49.271 Y28.564 E.01367
G1 X48.824 Y28.013 E.01915
G1 X48.924 Y27.912 E.00384
G1 X52.519 Y27.912 E.09701
G1 X55.098 Y30.491 E.09842
G1 X54.67 Y30.783 E.01398
G1 X54.384 Y31.273 E.01531
G1 X54.323 Y31.663 E.01065
G1 X54.323 Y32.609 E.02553
G1 E-3.5
;WIPE_START
G1 F7200
G1 X54.323 Y31.663 E-.44935
G1 X54.384 Y31.273 E-.1875
G1 X54.67 Y30.783 E-.2695
G1 X55.098 Y30.491 E-.24611
G1 X54.581 Y29.974 E-.34754
;WIPE_END
G1 X54.323 Y42.462 F9000
G1 E5 F2400
G1 F3600
G1 X54.361 Y43.022 E.01515
G1 X54.645 Y43.566 E.01656
G1 X54.904 Y43.794 E.00931
G1 X55.242 Y43.955 E.0101
G1 X55.772 Y44.012 E.01438
G1 X52.519 Y47.265 E.12414
G1 X48.924 Y47.265 E.09701
G1 X48.071 Y46.412 E.03255
G1 X45.723 Y46.412 E.06336
G1 X44.87 Y47.265 E.03255
G1 X41.275 Y47.265 E.09701
G1 X40.422 Y46.412 E.03255
G1 X42.856 Y46.412 E.06568
G1 E-3.5
;WIPE_START
G1 F7200
G1 X40.422 Y46.412 E-1.15615
G1 X40.934 Y46.924 E-.34385
;WIPE_END
G1 X69.438 Y47.265 F9000
G1 E5 F2400
G1 F3600
G1 X71.712 Y47.265 E.06136
G1 X71.712 Y47.105 E.00432
G1 X68.619 Y44.012 E.11804
G1 X71.071 Y44.012 E.06617
G1 X67.818 Y47.265 E.12414
G1 X64.223 Y47.265 E.09701
G1 X60.97 Y44.012 E.12414
G1 X63.421 Y44.012 E.06614
G1 X60.169 Y47.265 E.12412
G1 X56.574 Y47.265 E.09701
G1 X49.37 Y40.062 E.2749
G1 X49.37 Y42.765 E.07294
G1 X54.323 Y37.812 E.18902
G1 X54.323 Y37.365 E.01206
G1 X49.37 Y32.412 E.18902
G1 X49.37 Y35.116 E.07297
G1 X56.573 Y27.912 E.2749
G1 X60.169 Y27.912 E.09704
G1 X62.621 Y30.365 E.09359
G1 X61.77 Y30.365 E.02296
G1 X64.223 Y27.912 E.09361
G1 X67.818 Y27.912 E.09701
G1 X70.271 Y30.365 E.09361
G1 X69.419 Y30.365 E.02299
G1 X71.712 Y28.072 E.08751
G1 X71.712 Y27.912 E.00432
G1 X69.438 Y27.912 E.06136
G1 E-3.5
;WIPE_START
G1 F7200
G1 X71.712 Y27.912 E-1.08015
G1 X71.712 Y28.072 E-.076
G1 X71.2 Y28.584 E-.34385
;WIPE_END
G1 X79.083 Y27.615 F9000
G1 E5 F2400
;TYPE:Perimeter
;WIDTH:0.469814
G1 F1800
G1 X79.519 Y27.615 E.01263
G1 X79.519 Y30.662 E.08827
G1 X79.083 Y30.662 E.01263
G1 X79.083 Y27.675 E.08653
G1 X78.663 Y27.194 F9000
;WIDTH:0.439999
G1 F1800
G1 X79.939 Y27.194 E.03443
G1 X79.939 Y31.083 E.10494
G1 X78.663 Y31.083 E.03443
G1 X78.663 Y27.254 E.10332
G1 X78.267 Y26.799 F9000
;TYPE:External perimeter
;WIDTH:0.419999
G1 F1800
G1 X80.335 Y26.799 E.05305
G1 X80.335 Y31.479 E.12006
G1 X78.267 Y31.479 E.05305
G1 X78.267 Y26.859 E.11852
G1 E-3.5 F3600
;WIPE_START
G1 F7200
G1 X78.267 Y26.799 E-.0285
G1 X80.335 Y26.799 E-.9823
G1 X80.335 Y27.829 E-.4892
;WIPE_END
G1 X79.083 Y43.715 F9000
G1 E5 F2400
;TYPE:Perimeter
;WIDTH:0.469814
G1 F1800
G1 X79.519 Y43.715 E.01263
G1 X79.519 Y47.562 E.11144
G1 X79.083 Y47.562 E.01263
G1 X79.083 Y43.775 E.1097
G1 X78.663 Y43.294 F9000
;WIDTH:0.439999
G1 F1800
G1 X79.939 Y43.294 E.03443
G1 X79.939 Y47.983 E.12653
G1 X78.663 Y47.983 E.03443
G1 X78.663 Y43.354 E.12491
G1 X78.267 Y42.899 F9000
;TYPE:External perimeter
;WIDTH:0.419999
G1 F1800
G1 X80.335 Y42.899 E.05305
G1 X80.335 Y48.379 E.14059
G1 X78.267 Y48.379 E.05305
G1 X78.267 Y42.959 E.13905
;LAYER_CHANGE
;Z:5.32
;HEIGHT:0.16
;BEFORE_LAYER_CHANGE
G92 E0
;5.32


G1 E-3.5 F3600
;WIPE_START
G1 F7200
G1 X78.267 Y42.899 E-.0285
G1 X80.335 Y42.899 E-.9823
G1 X80.335 Y43.929 E-.4892
;WIPE_END
G1 Z5.32 F9000
;AFTER_LAYER_CHANGE
;5.32
G1 X32.034 Y46.1
G1 E5 F2400
;TYPE:Perimeter
;WIDTH:0.439999
G1 F1800
G1 X32.034 Y47.577 E.03986
G1 X29.565 Y47.577 E.06663
G1 X29.565 Y46.1 E.03986
G1 X31.974 Y46.1 E.06501
G1 X32.44 Y45.694 F9000
G1 F1800
G1 X32.44 Y47.983 E.06177
G1 X29.159 Y47.983 E.08854
G1 X29.159 Y45.694 E.06177
G1 X32.38 Y45.694 E.08692
G1 X32.836 Y45.299 F9000
;TYPE:External perimeter
;WIDTH:0.419999
G1 F1800
G1 X32.836 Y48.379 E.07902
G1 X28.764 Y48.379 E.10446
G1 X28.764 Y45.299 E.07902
G1 X32.776 Y45.299 E.10293
G1 E-3.5 F3600
;WIPE_START
G1 F7200
G1 X32.836 Y45.299 E-.0285
G1 X32.836 Y48.379 E-1.463
G1 X32.818 Y48.379 E-.0085
;WIPE_END
G1 X30.424 Y46.412 F9000
G1 E5 F2400
;TYPE:Internal infill
;WIDTH:0.44
G1 F3600
G1 X29.877 Y46.959 E.02087
G1 E-3.5
;WIPE_START
G1 F7200
G1 X30.424 Y46.412 E-.36745
;WIPE_END
G1 E-1.13255 F3600
G1 X29.583 Y28.059 F9000
G1 E5 F2400
;TYPE:Perimeter
;WIDTH:0.475842
G1 F1800
G1 X29.583 Y27.618 E.01295
G1 X32.016 Y27.618 E.07146
G1 X32.016 Y28.059 E.01295
G1 X29.643 Y28.059 E.06969
G1 X29.159 Y28.483 F9000
;WIDTH:0.439999
G1 F1800
G1 X29.159 Y27.194 E.03478
G1 X32.44 Y27.194 E.08854
G1 X32.44 Y28.483 E.03478
G1 X29.219 Y28.483 E.08692
G1 X28.764 Y28.879 F9000
;TYPE:External perimeter
;WIDTH:0.419999
G1 F1800
G1 X28.764 Y26.799 E.05336
G1 X32.836 Y26.799 E.10446
G1 X32.836 Y28.879 E.05336
G1 X28.824 Y28.879 E.10293
G1 E-3.5 F3600
;WIPE_START
G1 F7200
G1 X28.764 Y28.879 E-.0285
G1 X28.764 Y26.799 E-.988
G1 X29.782 Y26.799 E-.4835
;WIPE_END
G1 X39.076 Y28.059 F9000
G1 E5 F2400
;TYPE:Perimeter
;WIDTH:0.475842
G1 F3600
G1 X39.076 Y27.618 E.01295
G1 X48.064 Y27.618 E.26397
G1 X48.885 Y27.6 E.02412
;WIDTH:0.439999
G1 X72.034 Y27.6 E.62467
G1 X72.034 Y30.677 E.08303
G1 X55.496 Y30.677 E.44627
G1 X55.095 Y30.833 E.01161
G1 X54.9 Y30.996 E.00686
G1 X54.683 Y31.367 E.0116
G1 X54.635 Y31.672 E.00833
G1 X54.635 Y42.834 E.3012
G1 X54.748 Y43.166 E.00946
G1 X54.88 Y43.36 E.00633
G1 X55.077 Y43.533 E.00707
G1 X55.335 Y43.655 E.0077
G1 X55.629 Y43.7 E.00803
G1 X72.034 Y43.7 E.44269
G1 X72.034 Y47.577 E.10462
G1 X39.059 Y47.577 E.88982
G1 X39.059 Y46.1 E.03986
G1 X48.192 Y46.1 E.24645
G1 X48.531 Y45.983 E.00968
G1 X48.859 Y45.702 E.01165
G1 X49.018 Y45.384 E.00959
G1 X49.058 Y45.106 E.00758
G1 X49.058 Y29.072 E.43267
G1 X48.981 Y28.689 E.01054
G1 X48.66 Y28.276 E.01412
;WIDTH:0.475842
G1 X48.064 Y28.059 E.01863
G1 X39.136 Y28.059 E.26221
G1 X38.653 Y28.483 F9000
;WIDTH:0.439999
G1 F3600
G1 X38.653 Y27.194 E.03478
G1 X72.44 Y27.194 E.91174
G1 X72.44 Y31.083 E.10494
G1 X55.55 Y31.083 E.45577
G1 X55.313 Y31.175 E.00686
G1 X55.117 Y31.381 E.00767
G1 X55.041 Y31.672 E.00812
G1 X55.041 Y42.789 E.29999
G1 X55.186 Y43.093 E.00909
G1 X55.455 Y43.268 E.00866
G1 X55.629 Y43.294 E.00475
G1 X72.44 Y43.294 E.45364
G1 X72.44 Y47.983 E.12653
G1 X38.653 Y47.983 E.91174
G1 X38.653 Y45.694 E.06177
G1 X48.064 Y45.694 E.25395
G1 X48.341 Y45.625 E.0077
G1 X48.534 Y45.459 E.00687
G1 X48.629 Y45.271 E.00568
G1 X48.652 Y45.106 E.0045
G1 X48.652 Y29.072 E.43267
G1 X48.607 Y28.845 E.00624
G1 X48.417 Y28.601 E.00835
G1 X48.064 Y28.483 E.01004
G1 X38.713 Y28.483 E.25233
G1 X38.257 Y28.879 F9000
;TYPE:External perimeter
;WIDTH:0.419999
G1 F1800
G1 X38.257 Y26.799 E.05336
G1 X72.836 Y26.799 E.8871
G1 X72.836 Y31.479 E.12006
G1 X55.629 Y31.479 E.44144
G1 X55.488 Y31.541 E.00395
G1 X55.436 Y31.672 E.00362
G1 X55.436 Y42.706 E.28307
G1 X55.484 Y42.833 E.00348
G1 X55.629 Y42.899 E.00409
G1 X72.836 Y42.899 E.44144
G1 X72.836 Y48.379 E.14059
G1 X38.257 Y48.379 E.8871
G1 X38.257 Y45.299 E.07902
G1 X48.064 Y45.299 E.25159
G1 X48.218 Y45.222 E.00442
G1 X48.256 Y45.106 E.00313
G1 X48.256 Y29.072 E.41134
G1 X48.179 Y28.917 E.00444
G1 X48.064 Y28.879 E.00311
G1 X38.317 Y28.879 E.25005
G1 E-3.5 F3600
;WIPE_START
G1 F7200
G1 X38.257 Y28.879 E-.0285
G1 X38.257 Y26.799 E-.988
G1 X39.275 Y26.799 E-.4835
;WIPE_END
G1 X49.37 Y30.275 F9000
G1 E5 F2400
;TYPE:Internal infill
;WIDTH:0.44
G1 F3600
G1 X49.37 Y29.061 E.03276
G1 X49.271 Y28.564 E.01367
G1 X48.824 Y28.013 E.01915
G1 X48.924 Y27.912 E.00384
G1 X52.519 Y27.912 E.09701
G1 X55.098 Y30.491 E.09842
G1 X54.67 Y30.783 E.01398
G1 X54.384 Y31.273 E.01531
G1 X54.323 Y31.663 E.01065
G1 X54.323 Y32.609 E.02553
G1 E-3.5
;WIPE_START
G1 F7200
G1 X54.323 Y31.663 E-.44935
G1 X54.384 Y31.273 E-.1875
G1 X54.67 Y30.783 E-.2695
G1 X55.098 Y30.491 E-.24611
G1 X54.581 Y29.974 E-.34754
;WIPE_END
G1 X54.323 Y42.462 F9000
G1 E5 F2400
G1 F3600
G1 X54.361 Y43.022 E.01515
G1 X54.645 Y43.566 E.01656
G1 X54.904 Y43.794 E.00931
G1 X55.242 Y43.955 E.0101
G1 X55.772 Y44.012 E.01438
G1 X52.519 Y47.265 E.12414
G1 X48.924 Y47.265 E.09701
G1 X48.071 Y46.412 E.03255
G1 X45.723 Y46.412 E.06336
G1 X44.87 Y47.265 E.03255
G1 X41.275 Y47.265 E.09701
G1 X40.422 Y46.412 E.03255
G1 X42.856 Y46.412 E.06568
G1 E-3.5
;WIPE_START
G1 F7200
G1 X40.422 Y46.412 E-1.15615
G1 X40.934 Y46.924 E-.34385
;WIPE_END
G1 X69.438 Y47.265 F9000
G1 E5 F2400
G1 F3600
G1 X71.722 Y47.265 E.06163
G1 X71.722 Y47.115 E.00405
G1 X68.619 Y44.012 E.11842
G1 X71.071 Y44.012 E.06617
G1 X67.818 Y47.265 E.12414
G1 X64.223 Y47.265 E.09701
G1 X60.97 Y44.012 E.12414
G1 X63.421 Y44.012 E.06614
G1 X60.169 Y47.265 E.12412
G1 X56.574 Y47.265 E.09701
G1 X49.37 Y40.062 E.2749
G1 X49.37 Y42.765 E.07294
G1 X54.323 Y37.812 E.18902
G1 X54.323 Y37.365 E.01206
G1 X49.37 Y32.412 E.18902
G1 X49.37 Y35.116 E.07297
G1 X56.573 Y27.912 E.2749
G1 X60.169 Y27.912 E.09704
G1 X62.621 Y30.365 E.09359
G1 X61.77 Y30.365 E.02296
G1 X64.223 Y27.912 E.09361
G1 X67.818 Y27.912 E.09701
G1 X70.271 Y30.365 E.09361
G1 X69.419 Y30.365 E.02299
G1 X71.722 Y28.062 E.08789
G1 X71.722 Y27.912 E.00405
G1 X69.438 Y27.912 E.06163
G1 E-3.5
;WIPE_START
G1 F7200
G1 X71.722 Y27.912 E-1.0849
G1 X71.722 Y28.062 E-.07125
G1 X71.21 Y28.574 E-.34385
;WIPE_END
G1 X79.074 Y27.616 F9000
G1 E5 F2400
;TYPE:Perimeter
;WIDTH:0.471798
G1 F1800
G1 X79.512 Y27.616 E.01275
G1 X79.512 Y30.662 E.08864
G1 X79.074 Y30.662 E.01275
G1 X79.074 Y27.676 E.08689
G1 X78.653 Y27.194 F9000
;WIDTH:0.439999
G1 F1800
G1 X79.933 Y27.194 E.03454
G1 X79.933 Y31.083 E.10494
G1 X78.653 Y31.083 E.03454
G1 X78.653 Y27.254 E.10332
G1 X78.257 Y26.799 F9000
;TYPE:External perimeter
;WIDTH:0.419999
G1 F1800
G1 X80.329 Y26.799 E.05316
G1 X80.329 Y31.479 E.12006
G1 X78.257 Y31.479 E.05316
G1 X78.257 Y26.859 E.11852
G1 E-3.5 F3600
;WIPE_START
G1 F7200
G1 X78.257 Y26.799 E-.0285
G1 X80.329 Y26.799 E-.9842
G1 X80.329 Y27.825 E-.4873
;WIPE_END
G1 X79.074 Y43.716 F9000
G1 E5 F2400
;TYPE:Perimeter
;WIDTH:0.471798
G1 F1800
G1 X79.512 Y43.716 E.01275
G1 X79.512 Y47.562 E.11192
G1 X79.074 Y47.562 E.01275
G1 X79.074 Y43.776 E.11017
G1 X78.653 Y43.294 F9000
;WIDTH:0.439999
G1 F1800
G1 X79.933 Y43.294 E.03454
G1 X79.933 Y47.983 E.12653
G1 X78.653 Y47.983 E.03454
G1 X78.653 Y43.354 E.12491
G1 X78.257 Y42.899 F9000
;TYPE:External perimeter
;WIDTH:0.419999
G1 F1800
G1 X80.329 Y42.899 E.05316
G1 X80.329 Y48.379 E.14059
G1 X78.257 Y48.379 E.05316
G1 X78.257 Y42.959 E.13905
;LAYER_CHANGE
;Z:5.48
;HEIGHT:0.16
;BEFORE_LAYER_CHANGE
G92 E0
;5.48


G1 E-3.5 F3600
;WIPE_START
G1 F7200
G1 X78.257 Y42.899 E-.0285
G1 X80.329 Y42.899 E-.9842
G1 X80.329 Y43.925 E-.4873
;WIPE_END
G1 Z5.48 F9000
;AFTER_LAYER_CHANGE
;5.48
G1 X32.055 Y46.1
G1 E5 F2400
;TYPE:Perimeter
;WIDTH:0.439999
G1 F1800
G1 X32.055 Y47.577 E.03986
G1 X29.574 Y47.577 E.06695
G1 X29.574 Y46.1 E.03986
G1 X31.995 Y46.1 E.06533
G1 X32.461 Y45.694 F9000
G1 F1800
G1 X32.461 Y47.983 E.06177
G1 X29.169 Y47.983 E.08883
G1 X29.169 Y45.694 E.06177
G1 X32.401 Y45.694 E.08721
G1 X32.857 Y45.299 F9000
;TYPE:External perimeter
;WIDTH:0.419999
G1 F1800
G1 X32.857 Y48.379 E.07902
G1 X28.773 Y48.379 E.10477
G1 X28.773 Y45.299 E.07902
G1 X32.797 Y45.299 E.10323
G1 E-3.5 F3600
;WIPE_START
G1 F7200
G1 X32.857 Y45.299 E-.0285
G1 X32.857 Y48.379 E-1.463
G1 X32.839 Y48.379 E-.0085
;WIPE_END
G1 X30.424 Y46.412 F9000
G1 E5 F2400
;TYPE:Internal infill
;WIDTH:0.44
G1 F3600
G1 X29.887 Y46.95 E.02051
G1 E-3.5
;WIPE_START
G1 F7200
G1 X30.424 Y46.412 E-.36107
;WIPE_END
G1 E-1.13893 F3600
G1 X29.592 Y28.059 F9000
G1 E5 F2400
;TYPE:Perimeter
;WIDTH:0.475842
G1 F1800
G1 X29.592 Y27.618 E.01295
G1 X32.037 Y27.618 E.07181
G1 X32.037 Y28.059 E.01295
G1 X29.652 Y28.059 E.07005
G1 X29.169 Y28.483 F9000
;WIDTH:0.439999
G1 F1800
G1 X29.169 Y27.194 E.03478
G1 X32.461 Y27.194 E.08883
G1 X32.461 Y28.483 E.03478
G1 X29.229 Y28.483 E.08721
G1 X28.773 Y28.879 F9000
;TYPE:External perimeter
;WIDTH:0.419999
G1 F1800
G1 X28.773 Y26.799 E.05336
G1 X32.857 Y26.799 E.10477
G1 X32.857 Y28.879 E.05336
G1 X28.833 Y28.879 E.10323
G1 E-3.5 F3600
;WIPE_START
G1 F7200
G1 X28.773 Y28.879 E-.0285
G1 X28.773 Y26.799 E-.988
G1 X29.791 Y26.799 E-.4835
;WIPE_END
G1 X39.056 Y28.059 F9000
G1 E5 F2400
;TYPE:Perimeter
;WIDTH:0.475842
G1 F3600
G1 X39.056 Y27.618 E.01295
G1 X48.064 Y27.618 E.26456
G1 X48.885 Y27.6 E.02412
;WIDTH:0.439999
G1 X72.055 Y27.6 E.62524
G1 X72.055 Y30.677 E.08303
G1 X55.496 Y30.677 E.44684
G1 X55.095 Y30.833 E.01161
G1 X54.9 Y30.996 E.00686
G1 X54.683 Y31.367 E.0116
G1 X54.635 Y31.672 E.00833
G1 X54.635 Y42.834 E.3012
G1 X54.748 Y43.166 E.00946
G1 X54.88 Y43.36 E.00633
G1 X55.077 Y43.533 E.00707
G1 X55.335 Y43.655 E.0077
G1 X55.629 Y43.7 E.00803
G1 X72.055 Y43.7 E.44325
G1 X72.055 Y47.577 E.10462
G1 X39.038 Y47.577 E.89096
G1 X39.038 Y46.1 E.03986
G1 X48.192 Y46.1 E.24702
G1 X48.531 Y45.983 E.00968
G1 X48.859 Y45.702 E.01165
G1 X49.018 Y45.384 E.00959
G1 X49.058 Y45.106 E.00758
G1 X49.058 Y29.072 E.43267
G1 X48.981 Y28.689 E.01054
G1 X48.66 Y28.276 E.01412
;WIDTH:0.475842
G1 X48.064 Y28.059 E.01863
G1 X39.116 Y28.059 E.26279
G1 X38.632 Y28.483 F9000
;WIDTH:0.439999
G1 F3600
G1 X38.632 Y27.194 E.03478
G1 X72.461 Y27.194 E.91287
G1 X72.461 Y31.083 E.10494
G1 X55.55 Y31.083 E.45634
G1 X55.313 Y31.175 E.00686
G1 X55.117 Y31.381 E.00767
G1 X55.041 Y31.672 E.00812
G1 X55.041 Y42.789 E.29999
G1 X55.186 Y43.093 E.00909
G1 X55.455 Y43.268 E.00866
G1 X55.629 Y43.294 E.00475
G1 X72.461 Y43.294 E.45421
G1 X72.461 Y47.983 E.12653
G1 X38.632 Y47.983 E.91287
G1 X38.632 Y45.694 E.06177
G1 X48.064 Y45.694 E.25452
G1 X48.341 Y45.625 E.0077
G1 X48.534 Y45.459 E.00687
G1 X48.629 Y45.271 E.00568
G1 X48.652 Y45.106 E.0045
G1 X48.652 Y29.072 E.43267
G1 X48.607 Y28.845 E.00624
G1 X48.417 Y28.601 E.00835
G1 X48.064 Y28.483 E.01004
G1 X38.692 Y28.483 E.2529
G1 X38.236 Y28.879 F9000
;TYPE:External perimeter
;WIDTH:0.419999
G1 F1800
G1 X38.236 Y26.799 E.05336
G1 X72.857 Y26.799 E.88818
G1 X72.857 Y31.479 E.12006
G1 X55.629 Y31.479 E.44197
G1 X55.488 Y31.541 E.00395
G1 X55.436 Y31.672 E.00362
G1 X55.436 Y42.706 E.28307
G1 X55.484 Y42.833 E.00348
G1 X55.629 Y42.899 E.00409
G1 X72.857 Y42.899 E.44197
G1 X72.857 Y48.379 E.14059
G1 X38.236 Y48.379 E.88818
G1 X38.236 Y45.299 E.07902
G1 X48.064 Y45.299 E.25213
G1 X48.218 Y45.222 E.00442
G1 X48.256 Y45.106 E.00313
G1 X48.256 Y29.072 E.41134
G1 X48.179 Y28.917 E.00444
G1 X48.064 Y28.879 E.00311
G1 X38.296 Y28.879 E.25059
G1 E-3.5 F3600
;WIPE_START
G1 F7200
G1 X38.236 Y28.879 E-.0285
G1 X38.236 Y26.799 E-.988
G1 X39.254 Y26.799 E-.4835
;WIPE_END
G1 X49.37 Y30.275 F9000
G1 E5 F2400
;TYPE:Internal infill
;WIDTH:0.44
G1 F3600
G1 X49.37 Y29.061 E.03276
G1 X49.271 Y28.564 E.01367
G1 X48.824 Y28.013 E.01915
G1 X48.924 Y27.912 E.00384
G1 X52.519 Y27.912 E.09701
G1 X55.098 Y30.491 E.09842
G1 X54.67 Y30.783 E.01398
G1 X54.384 Y31.273 E.01531
G1 X54.323 Y31.663 E.01065
G1 X54.323 Y32.609 E.02553
G1 E-3.5
;WIPE_START
G1 F7200
G1 X54.323 Y31.663 E-.44935
G1 X54.384 Y31.273 E-.1875
G1 X54.67 Y30.783 E-.2695
G1 X55.098 Y30.491 E-.24611
G1 X54.581 Y29.974 E-.34754
;WIPE_END
G1 X54.323 Y42.462 F9000
G1 E5 F2400
G1 F3600
G1 X54.361 Y43.022 E.01515
G1 X54.645 Y43.566 E.01656
G1 X54.904 Y43.794 E.00931
G1 X55.242 Y43.955 E.0101
G1 X55.772 Y44.012 E.01438
G1 X52.519 Y47.265 E.12414
G1 X48.924 Y47.265 E.09701
G1 X48.071 Y46.412 E.03255
G1 X45.723 Y46.412 E.06336
G1 X44.87 Y47.265 E.03255
G1 X41.275 Y47.265 E.09701
G1 X40.422 Y46.412 E.03255
G1 X42.856 Y46.412 E.06568
G1 E-3.5
;WIPE_START
G1 F7200
G1 X40.422 Y46.412 E-1.15615
G1 X40.934 Y46.924 E-.34385
;WIPE_END
G1 X69.438 Y47.265 F9000
G1 E5 F2400
G1 F3600
G1 X71.743 Y47.265 E.0622
G1 X71.743 Y47.136 E.00348
G1 X68.619 Y44.012 E.11922
G1 X71.071 Y44.012 E.06617
G1 X67.818 Y47.265 E.12414
G1 X64.223 Y47.265 E.09701
G1 X60.97 Y44.012 E.12414
G1 X63.421 Y44.012 E.06614
G1 X60.169 Y47.265 E.12412
G1 X56.574 Y47.265 E.09701
G1 X49.37 Y40.062 E.2749
G1 X49.37 Y42.765 E.07294
G1 X54.323 Y37.812 E.18902
G1 X54.323 Y37.365 E.01206
G1 X49.37 Y32.412 E.18902
G1 X49.37 Y35.116 E.07297
G1 X56.574 Y27.912 E.27492
G1 X60.169 Y27.912 E.09701
G1 X62.621 Y30.365 E.09359
G1 X61.77 Y30.365 E.02296
G1 X64.223 Y27.912 E.09361
G1 X67.818 Y27.912 E.09701
G1 X70.271 Y30.365 E.09361
G1 X69.419 Y30.365 E.02299
G1 X71.743 Y28.042 E.08867
G1 X71.743 Y27.912 E.00351
G1 X69.438 Y27.912 E.0622
G1 E-3.5
;WIPE_START
G1 F7200
G1 X71.743 Y27.912 E-1.09487
G1 X71.743 Y28.042 E-.06175
G1 X71.232 Y28.553 E-.34338
;WIPE_END
G1 X79.056 Y27.619 F9000
G1 E5 F2400
;TYPE:Perimeter
;WIDTH:0.477566
G1 F1800
G1 X79.5 Y27.619 E.01309
G1 X79.5 Y30.659 E.08963
G1 X79.056 Y30.659 E.01309
G1 X79.056 Y27.679 E.08786
G1 X78.632 Y27.194 F9000
;WIDTH:0.439999
G1 F1800
G1 X79.924 Y27.194 E.03486
G1 X79.924 Y31.083 E.10494
G1 X78.632 Y31.083 E.03486
G1 X78.632 Y27.254 E.10332
G1 X78.236 Y26.799 F9000
;TYPE:External perimeter
;WIDTH:0.419999
G1 F1800
G1 X80.32 Y26.799 E.05346
G1 X80.32 Y31.479 E.12006
G1 X78.236 Y31.479 E.05346
G1 X78.236 Y26.859 E.11852
G1 E-3.5 F3600
;WIPE_START
G1 F7200
G1 X78.236 Y26.799 E-.0285
G1 X80.32 Y26.799 E-.9899
G1 X80.32 Y27.813 E-.4816
;WIPE_END
G1 X79.056 Y43.719 F9000
G1 E5 F2400
;TYPE:Perimeter
;WIDTH:0.477566
G1 F1800
G1 X79.5 Y43.719 E.01309
G1 X79.5 Y47.559 E.11322
G1 X79.056 Y47.559 E.01309
G1 X79.056 Y43.779 E.11145
G1 X78.632 Y43.294 F9000
;WIDTH:0.439999
G1 F1800
G1 X79.924 Y43.294 E.03486
G1 X79.924 Y47.983 E.12653
G1 X78.632 Y47.983 E.03486
G1 X78.632 Y43.354 E.12491
G1 X78.236 Y42.899 F9000
;TYPE:External perimeter
;WIDTH:0.419999
G1 F1800
G1 X80.32 Y42.899 E.05346
G1 X80.32 Y48.379 E.14059
G1 X78.236 Y48.379 E.05346
G1 X78.236 Y42.959 E.13905
;LAYER_CHANGE
;Z:5.64
;HEIGHT:0.16
;BEFORE_LAYER_CHANGE
G92 E0
;5.64


G1 E-3.5 F3600
;WIPE_START
G1 F7200
G1 X78.236 Y42.899 E-.0285
G1 X80.32 Y42.899 E-.9899
G1 X80.32 Y43.913 E-.4816
;WIPE_END
G1 Z5.64 F9000
;AFTER_LAYER_CHANGE
;5.64
G1 X32.087 Y46.1
G1 E5 F2400
;TYPE:Perimeter
;WIDTH:0.439999
G1 F1800
G1 X32.087 Y47.577 E.03986
G1 X29.59 Y47.577 E.06738
G1 X29.59 Y46.1 E.03986
G1 X32.027 Y46.1 E.06576
G1 X32.492 Y45.694 F9000
G1 F1800
G1 X32.492 Y47.983 E.06177
G1 X29.185 Y47.983 E.08924
G1 X29.185 Y45.694 E.06177
G1 X32.432 Y45.694 E.08762
G1 X32.888 Y45.299 F9000
;TYPE:External perimeter
;WIDTH:0.419999
G1 F1800
G1 X32.888 Y48.379 E.07902
G1 X28.789 Y48.379 E.10516
G1 X28.789 Y45.299 E.07902
G1 X32.828 Y45.299 E.10362
G1 E-3.5 F3600
;WIPE_START
G1 F7200
G1 X32.888 Y45.299 E-.0285
G1 X32.888 Y48.379 E-1.463
G1 X32.87 Y48.379 E-.0085
;WIPE_END
G1 X30.424 Y46.412 F9000
G1 E5 F2400
;TYPE:Internal infill
;WIDTH:0.44
G1 F3600
G1 X29.903 Y46.934 E.0199
G1 E-3.5
;WIPE_START
G1 F7200
G1 X30.424 Y46.412 E-.35032
;WIPE_END
G1 E-1.14968 F3600
G1 X29.608 Y28.059 F9000
G1 E5 F2400
;TYPE:Perimeter
;WIDTH:0.475842
G1 F1800
G1 X29.608 Y27.618 E.01295
G1 X32.069 Y27.618 E.07228
G1 X32.069 Y28.059 E.01295
G1 X29.668 Y28.059 E.07052
G1 X29.185 Y28.483 F9000
;WIDTH:0.439999
G1 F1800
G1 X29.185 Y27.194 E.03478
G1 X32.492 Y27.194 E.08924
G1 X32.492 Y28.483 E.03478
G1 X29.245 Y28.483 E.08762
G1 X28.789 Y28.879 F9000
;TYPE:External perimeter
;WIDTH:0.419999
G1 F1800
G1 X28.789 Y26.799 E.05336
G1 X32.888 Y26.799 E.10516
G1 X32.888 Y28.879 E.05336
G1 X28.849 Y28.879 E.10362
G1 E-3.5 F3600
;WIPE_START
G1 F7200
G1 X28.789 Y28.879 E-.0285
G1 X28.789 Y26.799 E-.988
G1 X29.807 Y26.799 E-.4835
;WIPE_END
G1 X39.024 Y28.059 F9000
G1 E5 F2400
;TYPE:Perimeter
;WIDTH:0.475842
G1 F3600
G1 X39.024 Y27.618 E.01295
G1 X48.064 Y27.618 E.2655
G1 X48.885 Y27.6 E.02412
;WIDTH:0.439999
G1 X72.087 Y27.6 E.6261
G1 X72.087 Y30.677 E.08303
G1 X55.496 Y30.677 E.44771
G1 X55.095 Y30.833 E.01161
G1 X54.9 Y30.996 E.00686
G1 X54.683 Y31.367 E.0116
G1 X54.635 Y31.672 E.00833
G1 X54.635 Y42.834 E.3012
G1 X54.748 Y43.166 E.00946
G1 X54.88 Y43.36 E.00633
G1 X55.077 Y43.533 E.00707
G1 X55.335 Y43.655 E.0077
G1 X55.629 Y43.7 E.00803
G1 X72.087 Y43.7 E.44412
G1 X72.087 Y47.577 E.10462
G1 X39.006 Y47.577 E.89268
G1 X39.006 Y46.1 E.03986
G1 X48.192 Y46.1 E.24788
G1 X48.531 Y45.983 E.00968
G1 X48.859 Y45.702 E.01165
G1 X49.018 Y45.384 E.00959
G1 X49.058 Y45.106 E.00758
G1 X49.058 Y29.072 E.43267
G1 X48.981 Y28.689 E.01054
G1 X48.66 Y28.276 E.01412
;WIDTH:0.475842
G1 X48.064 Y28.059 E.01863
G1 X39.084 Y28.059 E.26373
G1 X38.601 Y28.483 F9000
;WIDTH:0.439999
G1 F3600
G1 X38.601 Y27.194 E.03478
G1 X72.492 Y27.194 E.91454
G1 X72.492 Y31.083 E.10494
G1 X55.55 Y31.083 E.45718
G1 X55.313 Y31.175 E.00686
G1 X55.117 Y31.381 E.00767
G1 X55.041 Y31.672 E.00812
G1 X55.041 Y42.789 E.29999
G1 X55.186 Y43.093 E.00909
G1 X55.455 Y43.268 E.00866
G1 X55.629 Y43.294 E.00475
G1 X72.492 Y43.294 E.45504
G1 X72.492 Y47.983 E.12653
G1 X38.601 Y47.983 E.91454
G1 X38.601 Y45.694 E.06177
G1 X48.064 Y45.694 E.25536
G1 X48.341 Y45.625 E.0077
G1 X48.534 Y45.459 E.00687
G1 X48.629 Y45.271 E.00568
G1 X48.652 Y45.106 E.0045
G1 X48.652 Y29.072 E.43267
G1 X48.607 Y28.845 E.00624
G1 X48.417 Y28.601 E.00835
G1 X48.064 Y28.483 E.01004
G1 X38.661 Y28.483 E.25374
G1 X38.205 Y28.879 F9000
;TYPE:External perimeter
;WIDTH:0.419999
G1 F1800
G1 X38.205 Y26.799 E.05336
G1 X72.888 Y26.799 E.88977
G1 X72.888 Y31.479 E.12006
G1 X55.629 Y31.479 E.44277
G1 X55.488 Y31.541 E.00395
G1 X55.436 Y31.672 E.00362
G1 X55.436 Y42.706 E.28307
G1 X55.484 Y42.833 E.00348
G1 X55.629 Y42.899 E.00409
G1 X72.888 Y42.899 E.44277
G1 X72.888 Y48.379 E.14059
G1 X38.205 Y48.379 E.88977
G1 X38.205 Y45.299 E.07902
G1 X48.064 Y45.299 E.25293
G1 X48.218 Y45.222 E.00442
G1 X48.256 Y45.106 E.00313
G1 X48.256 Y29.072 E.41134
G1 X48.179 Y28.917 E.00444
G1 X48.064 Y28.879 E.00311
G1 X38.265 Y28.879 E.25139
G1 E-3.5 F3600
;WIPE_START
G1 F7200
G1 X38.205 Y28.879 E-.0285
G1 X38.205 Y26.799 E-.988
G1 X39.223 Y26.799 E-.4835
;WIPE_END
G1 X49.37 Y30.275 F9000
G1 E5 F2400
;TYPE:Internal infill
;WIDTH:0.44
G1 F3600
G1 X49.37 Y29.061 E.03276
G1 X49.271 Y28.564 E.01367
G1 X48.824 Y28.013 E.01915
G1 X48.924 Y27.912 E.00384
G1 X52.519 Y27.912 E.09701
G1 X55.098 Y30.491 E.09842
G1 X54.67 Y30.783 E.01398
G1 X54.384 Y31.273 E.01531
G1 X54.323 Y31.663 E.01065
G1 X54.323 Y32.609 E.02553
G1 E-3.5
;WIPE_START
G1 F7200
G1 X54.323 Y31.663 E-.44935
G1 X54.384 Y31.273 E-.1875
G1 X54.67 Y30.783 E-.2695
G1 X55.098 Y30.491 E-.24611
G1 X54.581 Y29.974 E-.34754
;WIPE_END
G1 X54.323 Y42.462 F9000
G1 E5 F2400
G1 F3600
G1 X54.361 Y43.022 E.01515
G1 X54.645 Y43.566 E.01656
G1 X54.904 Y43.794 E.00931
G1 X55.242 Y43.955 E.0101
G1 X55.772 Y44.012 E.01438
G1 X52.519 Y47.265 E.12414
G1 X48.924 Y47.265 E.09701
G1 X48.071 Y46.412 E.03255
G1 X45.723 Y46.412 E.06336
G1 X44.87 Y47.265 E.03255
G1 X41.275 Y47.265 E.09701
G1 X40.422 Y46.412 E.03255
G1 X42.856 Y46.412 E.06568
G1 E-3.5
;WIPE_START
G1 F7200
G1 X40.422 Y46.412 E-1.15615
G1 X40.934 Y46.924 E-.34385
;WIPE_END
G1 X69.438 Y47.265 F9000
G1 E5 F2400
G1 F3600
G1 X71.774 Y47.265 E.06304
G1 X71.774 Y47.167 E.00264
G1 X68.619 Y44.012 E.1204
G1 X71.071 Y44.012 E.06617
G1 X67.818 Y47.265 E.12414
G1 X64.223 Y47.265 E.09701
G1 X60.97 Y44.012 E.12414
G1 X63.421 Y44.012 E.06614
G1 X60.169 Y47.265 E.12412
G1 X56.574 Y47.265 E.09701
G1 X49.37 Y40.062 E.2749
G1 X49.37 Y42.765 E.07294
G1 X54.323 Y37.812 E.18902
G1 X54.323 Y37.365 E.01206
G1 X49.37 Y32.412 E.18902
G1 X49.37 Y35.116 E.07297
G1 X56.574 Y27.912 E.27492
G1 X60.169 Y27.912 E.09701
G1 X62.621 Y30.365 E.09359
G1 X61.77 Y30.365 E.02296
G1 X64.223 Y27.912 E.09361
G1 X67.818 Y27.912 E.09701
G1 X70.271 Y30.365 E.09361
G1 X69.419 Y30.365 E.02299
G1 X71.774 Y28.01 E.08987
G1 X71.774 Y27.912 E.00264
G1 X69.438 Y27.912 E.06304
G1 E-3.5
;WIPE_START
G1 F7200
G1 X71.774 Y27.912 E-1.1096
G1 X71.774 Y28.01 E-.04655
G1 X71.262 Y28.522 E-.34385
;WIPE_END
G1 X79.029 Y27.623 F9000
G1 E5 F2400
;TYPE:Perimeter
;WIDTH:0.48528
G1 F1800
G1 X79.48 Y27.623 E.01353
G1 X79.48 Y30.655 E.09095
G1 X79.029 Y30.655 E.01353
G1 X79.029 Y27.683 E.08915
G1 X78.601 Y27.194 F9000
;WIDTH:0.439999
G1 F1800
G1 X79.908 Y27.194 E.03527
G1 X79.908 Y31.083 E.10494
G1 X78.601 Y31.083 E.03527
G1 X78.601 Y27.254 E.10332
G1 X78.205 Y26.799 F9000
;TYPE:External perimeter
;WIDTH:0.419999
G1 F1800
G1 X80.304 Y26.799 E.05385
G1 X80.304 Y31.479 E.12006
G1 X78.205 Y31.479 E.05385
G1 X78.205 Y26.859 E.11852
G1 E-3.5 F3600
;WIPE_START
G1 F7200
G1 X78.205 Y26.799 E-.0285
G1 X80.304 Y26.799 E-.99703
G1 X80.304 Y27.798 E-.47447
;WIPE_END
G1 X79.029 Y43.723 F9000
G1 E5 F2400
;TYPE:Perimeter
;WIDTH:0.48528
G1 F1800
G1 X79.48 Y43.723 E.01353
G1 X79.48 Y47.555 E.11495
G1 X79.029 Y47.555 E.01353
G1 X79.029 Y43.783 E.11315
G1 X78.601 Y43.294 F9000
;WIDTH:0.439999
G1 F1800
G1 X79.908 Y43.294 E.03527
G1 X79.908 Y47.983 E.12653
G1 X78.601 Y47.983 E.03527
G1 X78.601 Y43.354 E.12491
G1 X78.205 Y42.899 F9000
;TYPE:External perimeter
;WIDTH:0.419999
G1 F1800
G1 X80.304 Y42.899 E.05385
G1 X80.304 Y48.379 E.14059
G1 X78.205 Y48.379 E.05385
G1 X78.205 Y42.959 E.13905
;LAYER_CHANGE
;Z:5.8
;HEIGHT:0.16
;BEFORE_LAYER_CHANGE
G92 E0
;5.8


G1 E-3.5 F3600
;WIPE_START
G1 F7200
G1 X78.205 Y42.899 E-.0285
G1 X80.304 Y42.899 E-.99703
G1 X80.304 Y43.898 E-.47447
;WIPE_END
G1 Z5.8 F9000
;AFTER_LAYER_CHANGE
;5.8
G1 X32.128 Y46.1
G1 E5 F2400
;TYPE:Perimeter
;WIDTH:0.439999
G1 F1800
G1 X32.128 Y47.577 E.03986
G1 X29.611 Y47.577 E.06792
G1 X29.611 Y46.1 E.03986
G1 X32.068 Y46.1 E.0663
G1 X32.534 Y45.694 F9000
G1 F1800
G1 X32.534 Y47.983 E.06177
G1 X29.206 Y47.983 E.08981
G1 X29.206 Y45.694 E.06177
G1 X32.474 Y45.694 E.08819
G1 X32.93 Y45.299 F9000
;TYPE:External perimeter
;WIDTH:0.419999
G1 F1800
G1 X32.93 Y48.379 E.07902
G1 X28.81 Y48.379 E.1057
G1 X28.81 Y45.299 E.07902
G1 X32.87 Y45.299 E.10416
G1 E-3.5 F3600
;WIPE_START
G1 F7200
G1 X32.93 Y45.299 E-.0285
G1 X32.93 Y48.379 E-1.463
G1 X32.912 Y48.379 E-.0085
;WIPE_END
G1 X30.424 Y46.412 F9000
G1 E5 F2400
;TYPE:Internal infill
;WIDTH:0.44
G1 F3600
G1 X29.924 Y46.913 E.0191
G1 E-3.5
;WIPE_START
G1 F7200
G1 X30.424 Y46.412 E-.33621
;WIPE_END
G1 E-1.16379 F3600
G1 X29.629 Y28.059 F9000
G1 E5 F2400
;TYPE:Perimeter
;WIDTH:0.475842
G1 F1800
G1 X29.629 Y27.618 E.01295
G1 X32.111 Y27.618 E.07289
G1 X32.111 Y28.059 E.01295
G1 X29.689 Y28.059 E.07113
G1 X29.206 Y28.483 F9000
;WIDTH:0.439999
G1 F1800
G1 X29.206 Y27.194 E.03478
G1 X32.534 Y27.194 E.08981
G1 X32.534 Y28.483 E.03478
G1 X29.266 Y28.483 E.08819
G1 X28.81 Y28.879 F9000
;TYPE:External perimeter
;WIDTH:0.419999
G1 F1800
G1 X28.81 Y26.799 E.05336
G1 X32.93 Y26.799 E.1057
G1 X32.93 Y28.879 E.05336
G1 X28.87 Y28.879 E.10416
G1 E-3.5 F3600
;WIPE_START
G1 F7200
G1 X28.81 Y28.879 E-.0285
G1 X28.81 Y26.799 E-.988
G1 X29.828 Y26.799 E-.4835
;WIPE_END
G1 X38.982 Y28.059 F9000
G1 E5 F2400
;TYPE:Perimeter
;WIDTH:0.475842
G1 F3600
G1 X38.982 Y27.618 E.01295
G1 X48.064 Y27.618 E.26673
G1 X48.885 Y27.6 E.02412
;WIDTH:0.439999
G1 X72.128 Y27.6 E.62721
G1 X72.128 Y30.677 E.08303
G1 X55.496 Y30.677 E.44881
G1 X55.095 Y30.833 E.01161
G1 X54.9 Y30.996 E.00686
G1 X54.683 Y31.367 E.0116
G1 X54.635 Y31.672 E.00833
G1 X54.635 Y42.834 E.3012
G1 X54.748 Y43.166 E.00946
G1 X54.88 Y43.36 E.00633
G1 X55.077 Y43.533 E.00707
G1 X55.335 Y43.655 E.0077
G1 X55.629 Y43.7 E.00803
G1 X72.128 Y43.7 E.44522
G1 X72.128 Y47.577 E.10462
G1 X38.964 Y47.577 E.89492
G1 X38.964 Y46.1 E.03986
G1 X48.192 Y46.1 E.24902
G1 X48.531 Y45.983 E.00968
G1 X48.859 Y45.702 E.01165
G1 X49.018 Y45.384 E.00959
G1 X49.058 Y45.106 E.00758
G1 X49.058 Y29.072 E.43267
G1 X48.981 Y28.689 E.01054
G1 X48.66 Y28.276 E.01412
;WIDTH:0.475842
G1 X48.064 Y28.059 E.01863
G1 X39.042 Y28.059 E.26497
G1 X38.559 Y28.483 F9000
;WIDTH:0.439999
G1 F3600
G1 X38.559 Y27.194 E.03478
G1 X72.534 Y27.194 E.91681
G1 X72.534 Y31.083 E.10494
G1 X55.55 Y31.083 E.45831
G1 X55.313 Y31.175 E.00686
G1 X55.117 Y31.381 E.00767
G1 X55.041 Y31.672 E.00812
G1 X55.041 Y42.789 E.29999
G1 X55.186 Y43.093 E.00909
G1 X55.455 Y43.268 E.00866
G1 X55.629 Y43.294 E.00475
G1 X72.534 Y43.294 E.45618
G1 X72.534 Y47.983 E.12653
G1 X38.559 Y47.983 E.91681
G1 X38.559 Y45.694 E.06177
G1 X48.064 Y45.694 E.25649
G1 X48.341 Y45.625 E.0077
G1 X48.534 Y45.459 E.00687
G1 X48.629 Y45.271 E.00568
G1 X48.652 Y45.106 E.0045
G1 X48.652 Y29.072 E.43267
G1 X48.607 Y28.845 E.00624
G1 X48.417 Y28.601 E.00835
G1 X48.064 Y28.483 E.01004
G1 X38.619 Y28.483 E.25487
G1 X38.163 Y28.879 F9000
;TYPE:External perimeter
;WIDTH:0.419999
G1 F1800
G1 X38.163 Y26.799 E.05336
G1 X72.93 Y26.799 E.89193
G1 X72.93 Y31.479 E.12006
G1 X55.629 Y31.479 E.44385
G1 X55.488 Y31.541 E.00395
G1 X55.436 Y31.672 E.00362
G1 X55.436 Y42.706 E.28307
G1 X55.484 Y42.833 E.00348
G1 X55.629 Y42.899 E.00409
G1 X72.93 Y42.899 E.44385
G1 X72.93 Y48.379 E.14059
G1 X38.163 Y48.379 E.89193
G1 X38.163 Y45.299 E.07902
G1 X48.064 Y45.299 E.254
G1 X48.218 Y45.222 E.00442
G1 X48.256 Y45.106 E.00313
G1 X48.256 Y29.072 E.41134
G1 X48.179 Y28.917 E.00444
G1 X48.064 Y28.879 E.00311
G1 X38.223 Y28.879 E.25247
G1 E-3.5 F3600
;WIPE_START
G1 F7200
G1 X38.163 Y28.879 E-.0285
G1 X38.163 Y26.799 E-.988
G1 X39.181 Y26.799 E-.4835
;WIPE_END
G1 X49.37 Y30.275 F9000
G1 E5 F2400
;TYPE:Internal infill
;WIDTH:0.44
G1 F3600
G1 X49.37 Y29.061 E.03276
G1 X49.271 Y28.564 E.01367
G1 X48.824 Y28.013 E.01915
G1 X48.924 Y27.912 E.00384
G1 X52.519 Y27.912 E.09701
G1 X55.098 Y30.491 E.09842
G1 X54.67 Y30.783 E.01398
G1 X54.384 Y31.273 E.01531
G1 X54.323 Y31.663 E.01065
G1 X54.323 Y32.609 E.02553
G1 E-3.5
;WIPE_START
G1 F7200
G1 X54.323 Y31.663 E-.44935
G1 X54.384 Y31.273 E-.1875
G1 X54.67 Y30.783 E-.2695
G1 X55.098 Y30.491 E-.24611
G1 X54.581 Y29.974 E-.34754
;WIPE_END
G1 X54.323 Y42.462 F9000
G1 E5 F2400
G1 F3600
G1 X54.361 Y43.022 E.01515
G1 X54.645 Y43.566 E.01656
G1 X54.904 Y43.794 E.00931
G1 X55.242 Y43.955 E.0101
G1 X55.772 Y44.012 E.01438
G1 X52.519 Y47.265 E.12414
G1 X48.924 Y47.265 E.09701
G1 X48.071 Y46.412 E.03255
G1 X45.723 Y46.412 E.06336
G1 X44.87 Y47.265 E.03255
G1 X41.275 Y47.265 E.09701
G1 X40.422 Y46.412 E.03255
G1 X42.856 Y46.412 E.06568
G1 E-3.5
;WIPE_START
G1 F7200
G1 X40.422 Y46.412 E-1.15615
G1 X40.934 Y46.924 E-.34385
;WIPE_END
G1 X69.438 Y47.265 F9000
G1 E5 F2400
G1 F3600
G1 X71.816 Y47.265 E.06417
G1 X71.816 Y47.209 E.00151
G1 X68.619 Y44.012 E.12201
G1 X71.071 Y44.012 E.06617
G1 X67.818 Y47.265 E.12414
G1 X64.223 Y47.265 E.09701
G1 X60.97 Y44.012 E.12414
G1 X63.421 Y44.012 E.06614
G1 X60.169 Y47.265 E.12412
G1 X56.574 Y47.265 E.09701
G1 X49.37 Y40.062 E.2749
G1 X49.37 Y42.765 E.07294
G1 X54.323 Y37.812 E.18902
G1 X54.323 Y37.365 E.01206
G1 X49.37 Y32.412 E.18902
G1 X49.37 Y35.116 E.07297
G1 X56.573 Y27.912 E.2749
G1 X60.169 Y27.912 E.09704
G1 X62.621 Y30.365 E.09359
G1 X61.77 Y30.365 E.02296
G1 X64.223 Y27.912 E.09361
G1 X67.818 Y27.912 E.09701
G1 X70.271 Y30.365 E.09361
G1 X69.419 Y30.365 E.02299
G1 X71.816 Y27.968 E.09148
G1 X71.816 Y27.912 E.00151
G1 X69.438 Y27.912 E.06417
G1 E-3.5
;WIPE_START
G1 F7200
G1 X71.816 Y27.912 E-1.12955
G1 X71.816 Y27.968 E-.0266
G1 X71.304 Y28.48 E-.34385
;WIPE_END
G1 X78.992 Y27.628 F9000
G1 E5 F2400
;TYPE:Perimeter
;WIDTH:0.495701
G1 F1800
G1 X79.454 Y27.628 E.01418
G1 X79.454 Y30.65 E.09275
G1 X78.992 Y30.65 E.01418
G1 X78.992 Y27.688 E.0909
G1 X78.559 Y27.194 F9000
;WIDTH:0.439999
G1 F1800
G1 X79.887 Y27.194 E.03584
G1 X79.887 Y31.083 E.10494
G1 X78.559 Y31.083 E.03584
G1 X78.559 Y27.254 E.10332
G1 X78.163 Y26.799 F9000
;TYPE:External perimeter
;WIDTH:0.419999
G1 F1800
G1 X80.283 Y26.799 E.05439
G1 X80.283 Y31.479 E.12006
G1 X78.163 Y31.479 E.05439
G1 X78.163 Y26.859 E.11852
G1 E-3.5 F3600
;WIPE_START
G1 F7200
G1 X78.163 Y26.799 E-.0285
G1 X80.283 Y26.799 E-1.007
G1 X80.283 Y27.777 E-.4645
;WIPE_END
G1 X78.992 Y43.728 F9000
G1 E5 F2400
;TYPE:Perimeter
;WIDTH:0.495701
G1 F1800
G1 X79.454 Y43.728 E.01418
G1 X79.454 Y47.55 E.1173
G1 X78.992 Y47.55 E.01418
G1 X78.992 Y43.788 E.11546
G1 X78.559 Y43.294 F9000
;WIDTH:0.439999
G1 F1800
G1 X79.887 Y43.294 E.03584
G1 X79.887 Y47.983 E.12653
G1 X78.559 Y47.983 E.03584
G1 X78.559 Y43.354 E.12491
G1 X78.163 Y42.899 F9000
;TYPE:External perimeter
;WIDTH:0.419999
G1 F1800
G1 X80.283 Y42.899 E.05439
G1 X80.283 Y48.379 E.14059
G1 X78.163 Y48.379 E.05439
G1 X78.163 Y42.959 E.13905
;LAYER_CHANGE
;Z:5.96
;HEIGHT:0.16
;BEFORE_LAYER_CHANGE
G92 E0
;5.96


G1 E-3.5 F3600
;WIPE_START
G1 F7200
G1 X78.163 Y42.899 E-.0285
G1 X80.283 Y42.899 E-1.007
G1 X80.283 Y43.877 E-.4645
;WIPE_END
G1 Z5.96 F9000
;AFTER_LAYER_CHANGE
;5.96
G1 X32.182 Y46.1
G1 E5 F2400
;TYPE:Perimeter
;WIDTH:0.439999
G1 F1800
G1 X32.182 Y47.577 E.03986
G1 X29.636 Y47.577 E.0687
G1 X29.636 Y46.1 E.03986
G1 X32.122 Y46.1 E.06708
G1 X32.588 Y45.694 F9000
G1 F1800
G1 X32.588 Y47.983 E.06177
G1 X29.23 Y47.983 E.09062
G1 X29.23 Y45.694 E.06177
G1 X32.528 Y45.694 E.089
G1 X32.984 Y45.299 F9000
;TYPE:External perimeter
;WIDTH:0.419999
G1 F1800
G1 X32.984 Y48.379 E.07902
G1 X28.835 Y48.379 E.10644
G1 X28.835 Y45.299 E.07902
G1 X32.924 Y45.299 E.1049
G1 E-3.5 F3600
;WIPE_START
G1 F7200
G1 X32.984 Y45.299 E-.0285
G1 X32.984 Y48.379 E-1.463
G1 X32.966 Y48.379 E-.0085
;WIPE_END
G1 X30.424 Y46.412 F9000
G1 E5 F2400
;TYPE:Internal infill
;WIDTH:0.44
G1 F3600
G1 X29.948 Y46.888 E.01817
G1 E-3.5
;WIPE_START
G1 F7200
G1 X30.424 Y46.412 E-.31975
;WIPE_END
G1 E-1.18025 F3600
G1 X29.654 Y28.059 F9000
G1 E5 F2400
;TYPE:Perimeter
;WIDTH:0.475842
G1 F1800
G1 X29.654 Y27.618 E.01295
G1 X32.164 Y27.618 E.07372
G1 X32.164 Y28.059 E.01295
G1 X29.714 Y28.059 E.07195
G1 X29.23 Y28.483 F9000
;WIDTH:0.439999
G1 F1800
G1 X29.23 Y27.194 E.03478
G1 X32.588 Y27.194 E.09062
G1 X32.588 Y28.483 E.03478
G1 X29.29 Y28.483 E.089
G1 X28.835 Y28.879 F9000
;TYPE:External perimeter
;WIDTH:0.419999
G1 F1800
G1 X28.835 Y26.799 E.05336
G1 X32.984 Y26.799 E.10644
G1 X32.984 Y28.879 E.05336
G1 X28.895 Y28.879 E.1049
G1 E-3.5 F3600
;WIPE_START
G1 F7200
G1 X28.835 Y28.879 E-.0285
G1 X28.835 Y26.799 E-.988
G1 X29.853 Y26.799 E-.4835
;WIPE_END
G1 X38.929 Y28.059 F9000
G1 E5 F2400
;TYPE:Perimeter
;WIDTH:0.475842
G1 F3600
G1 X38.929 Y27.618 E.01295
G1 X48.064 Y27.618 E.26829
G1 X48.885 Y27.6 E.02412
;WIDTH:0.439999
G1 X72.182 Y27.6 E.62867
G1 X72.182 Y30.677 E.08303
G1 X55.496 Y30.677 E.45027
G1 X55.095 Y30.833 E.01161
G1 X54.9 Y30.996 E.00686
G1 X54.683 Y31.367 E.0116
G1 X54.635 Y31.672 E.00833
G1 X54.635 Y42.834 E.3012
G1 X54.748 Y43.166 E.00946
G1 X54.88 Y43.36 E.00633
G1 X55.077 Y43.533 E.00707
G1 X55.335 Y43.655 E.0077
G1 X55.629 Y43.7 E.00803
G1 X72.182 Y43.7 E.44668
G1 X72.182 Y47.577 E.10462
G1 X38.911 Y47.577 E.89781
G1 X38.911 Y46.1 E.03986
G1 X48.192 Y46.1 E.25045
G1 X48.531 Y45.983 E.00968
G1 X48.859 Y45.702 E.01165
G1 X49.018 Y45.384 E.00959
G1 X49.058 Y45.106 E.00758
G1 X49.058 Y29.072 E.43267
G1 X48.981 Y28.689 E.01054
G1 X48.66 Y28.276 E.01412
;WIDTH:0.475842
G1 X48.064 Y28.059 E.01863
G1 X38.989 Y28.059 E.26652
G1 X38.505 Y28.483 F9000
;WIDTH:0.439999
G1 F3600
G1 X38.505 Y27.194 E.03478
G1 X72.588 Y27.194 E.91972
G1 X72.588 Y31.083 E.10494
G1 X55.55 Y31.083 E.45977
G1 X55.313 Y31.175 E.00686
G1 X55.117 Y31.381 E.00767
G1 X55.041 Y31.672 E.00812
G1 X55.041 Y42.789 E.29999
G1 X55.186 Y43.093 E.00909
G1 X55.455 Y43.268 E.00866
G1 X55.629 Y43.294 E.00475
G1 X72.588 Y43.294 E.45764
G1 X72.588 Y47.983 E.12653
G1 X38.505 Y47.983 E.91972
G1 X38.505 Y45.694 E.06177
G1 X48.064 Y45.694 E.25795
G1 X48.341 Y45.625 E.0077
G1 X48.534 Y45.459 E.00687
G1 X48.629 Y45.271 E.00568
G1 X48.652 Y45.106 E.0045
G1 X48.652 Y29.072 E.43267
G1 X48.607 Y28.845 E.00624
G1 X48.417 Y28.601 E.00835
G1 X48.064 Y28.483 E.01004
G1 X38.565 Y28.483 E.25633
G1 X38.109 Y28.879 F9000
;TYPE:External perimeter
;WIDTH:0.419999
G1 F1800
G1 X38.109 Y26.799 E.05336
G1 X72.984 Y26.799 E.8947
G1 X72.984 Y31.479 E.12006
G1 X55.629 Y31.479 E.44523
G1 X55.488 Y31.541 E.00395
G1 X55.436 Y31.672 E.00362
G1 X55.436 Y42.706 E.28307
G1 X55.484 Y42.833 E.00348
G1 X55.629 Y42.899 E.00409
G1 X72.984 Y42.899 E.44523
G1 X72.984 Y48.379 E.14059
G1 X38.109 Y48.379 E.8947
G1 X38.109 Y45.299 E.07902
G1 X48.064 Y45.299 E.25539
G1 X48.218 Y45.222 E.00442
G1 X48.256 Y45.106 E.00313
G1 X48.256 Y29.072 E.41134
G1 X48.179 Y28.917 E.00444
G1 X48.064 Y28.879 E.00311
G1 X38.169 Y28.879 E.25385
G1 E-3.5 F3600
;WIPE_START
G1 F7200
G1 X38.109 Y28.879 E-.0285
G1 X38.109 Y26.799 E-.988
G1 X39.127 Y26.799 E-.4835
;WIPE_END
G1 X49.37 Y30.275 F9000
G1 E5 F2400
;TYPE:Internal infill
;WIDTH:0.44
G1 F3600
G1 X49.37 Y29.061 E.03276
G1 X49.271 Y28.564 E.01367
G1 X48.824 Y28.013 E.01915
G1 X48.924 Y27.912 E.00384
G1 X52.519 Y27.912 E.09701
G1 X55.098 Y30.491 E.09842
G1 X54.67 Y30.783 E.01398
G1 X54.384 Y31.273 E.01531
G1 X54.323 Y31.663 E.01065
G1 X54.323 Y32.609 E.02553
G1 E-3.5
;WIPE_START
G1 F7200
G1 X54.323 Y31.663 E-.44935
G1 X54.384 Y31.273 E-.1875
G1 X54.67 Y30.783 E-.2695
G1 X55.098 Y30.491 E-.24611
G1 X54.581 Y29.974 E-.34754
;WIPE_END
G1 X54.323 Y42.462 F9000
G1 E5 F2400
G1 F3600
G1 X54.361 Y43.022 E.01515
G1 X54.645 Y43.566 E.01656
G1 X54.904 Y43.794 E.00931
G1 X55.242 Y43.955 E.0101
G1 X55.772 Y44.012 E.01438
G1 X52.519 Y47.265 E.12414
G1 X48.924 Y47.265 E.09701
G1 X48.071 Y46.412 E.03255
G1 X45.723 Y46.412 E.06336
G1 X44.87 Y47.265 E.03255
G1 X41.275 Y47.265 E.09701
G1 X40.422 Y46.412 E.03255
G1 X42.856 Y46.412 E.06568
G1 E-3.5
;WIPE_START
G1 F7200
G1 X40.422 Y46.412 E-1.15615
G1 X40.934 Y46.924 E-.34385
;WIPE_END
G1 X69.438 Y47.265 F9000
G1 E5 F2400
G1 F3600
G1 X71.87 Y47.263 E.06563
G1 X68.619 Y44.012 E.12407
G1 X71.071 Y44.012 E.06617
G1 X67.818 Y47.265 E.12414
G1 X64.223 Y47.265 E.09701
G1 X60.97 Y44.012 E.12414
G1 X63.421 Y44.012 E.06614
G1 X60.169 Y47.265 E.12412
G1 X56.574 Y47.265 E.09701
G1 X49.37 Y40.062 E.2749
G1 X49.37 Y42.765 E.07294
G1 X54.323 Y37.812 E.18902
G1 X54.323 Y37.365 E.01206
G1 X49.37 Y32.412 E.18902
G1 X49.37 Y35.116 E.07297
G1 X56.573 Y27.912 E.2749
G1 X60.169 Y27.912 E.09704
G1 X62.621 Y30.365 E.09359
G1 X61.77 Y30.365 E.02296
G1 X64.223 Y27.912 E.09361
G1 X67.818 Y27.912 E.09701
G1 X70.271 Y30.365 E.09361
G1 X69.419 Y30.365 E.02299
G1 X71.87 Y27.912 E.09357
G1 X69.438 Y27.912 E.06563
G1 E-3.5
;WIPE_START
G1 F7200
G1 X71.87 Y27.912 E-1.1552
G1 X71.357 Y28.426 E-.3448
;WIPE_END
G1 X78.946 Y27.635 F9000
G1 E5 F2400
;TYPE:Perimeter
;WIDTH:0.51024
G1 F1800
G1 X79.422 Y27.635 E.01507
G1 X79.422 Y30.642 E.09519
G1 X78.946 Y30.642 E.01507
G1 X78.946 Y27.695 E.09329
G1 X78.505 Y27.194 F9000
;WIDTH:0.439999
G1 F1800
G1 X79.862 Y27.194 E.03662
G1 X79.862 Y31.083 E.10494
G1 X78.505 Y31.083 E.03662
G1 X78.505 Y27.254 E.10332
G1 X78.109 Y26.799 F9000
;TYPE:External perimeter
;WIDTH:0.419999
G1 F1800
G1 X80.258 Y26.799 E.05513
G1 X80.258 Y31.479 E.12006
G1 X78.109 Y31.479 E.05513
G1 X78.109 Y26.859 E.11852
G1 E-3.5 F3600
;WIPE_START
G1 F7200
G1 X78.109 Y26.799 E-.0285
G1 X80.258 Y26.799 E-1.02078
G1 X80.258 Y27.748 E-.45072
;WIPE_END
G1 X78.946 Y43.735 F9000
G1 E5 F2400
;TYPE:Perimeter
;WIDTH:0.510241
G1 F1800
G1 X79.422 Y43.735 E.01507
G1 X79.422 Y47.542 E.12052
G1 X78.946 Y47.542 E.01507
G1 X78.946 Y43.795 E.11862
G1 X78.505 Y43.294 F9000
;WIDTH:0.439999
G1 F1800
G1 X79.862 Y43.294 E.03662
G1 X79.862 Y47.983 E.12653
G1 X78.505 Y47.983 E.03662
G1 X78.505 Y43.354 E.12491
G1 X78.109 Y42.899 F9000
;TYPE:External perimeter
;WIDTH:0.419999
G1 F1800
G1 X80.258 Y42.899 E.05513
G1 X80.258 Y48.379 E.14059
G1 X78.109 Y48.379 E.05513
G1 X78.109 Y42.959 E.13905
;LAYER_CHANGE
;Z:6.12
;HEIGHT:0.16
;BEFORE_LAYER_CHANGE
G92 E0
;6.12


G1 E-3.5 F3600
;WIPE_START
G1 F7200
G1 X78.109 Y42.899 E-.0285
G1 X80.258 Y42.899 E-1.02078
G1 X80.258 Y43.848 E-.45072
;WIPE_END
G1 Z6.12 F9000
;AFTER_LAYER_CHANGE
;6.12
G1 X32.249 Y46.1
G1 E5 F2400
;TYPE:Perimeter
;WIDTH:0.439999
G1 F1800
G1 X32.249 Y47.577 E.03986
G1 X29.668 Y47.577 E.06965
G1 X29.668 Y46.1 E.03986
G1 X32.189 Y46.1 E.06803
G1 X32.654 Y45.694 F9000
G1 F1800
G1 X32.654 Y47.983 E.06177
G1 X29.263 Y47.983 E.09151
G1 X29.263 Y45.694 E.06177
G1 X32.594 Y45.694 E.08989
G1 X33.05 Y45.299 F9000
;TYPE:External perimeter
;WIDTH:0.419999
G1 F1800
G1 X33.05 Y48.379 E.07902
G1 X28.867 Y48.379 E.10731
G1 X28.867 Y45.299 E.07902
G1 X32.99 Y45.299 E.10577
G1 E-3.5 F3600
;WIPE_START
G1 F7200
G1 X33.05 Y45.299 E-.0285
G1 X33.05 Y48.379 E-1.463
G1 X33.032 Y48.379 E-.0085
;WIPE_END
G1 X30.424 Y46.412 F9000
G1 E5 F2400
;TYPE:Internal infill
;WIDTH:0.44
G1 F3600
G1 X29.981 Y46.856 E.01693
G1 E-3.5
;WIPE_START
G1 F7200
G1 X30.424 Y46.412 E-.29792
;WIPE_END
G1 E-1.20208 F3600
G1 X29.686 Y28.059 F9000
G1 E5 F2400
;TYPE:Perimeter
;WIDTH:0.475842
G1 F1800
G1 X29.686 Y27.618 E.01295
G1 X32.231 Y27.618 E.07474
G1 X32.231 Y28.059 E.01295
G1 X29.746 Y28.059 E.07298
G1 X29.263 Y28.483 F9000
;WIDTH:0.439999
G1 F1800
G1 X29.263 Y27.194 E.03478
G1 X32.654 Y27.194 E.09151
G1 X32.654 Y28.483 E.03478
G1 X29.323 Y28.483 E.08989
G1 X28.867 Y28.879 F9000
;TYPE:External perimeter
;WIDTH:0.419999
G1 F1800
G1 X28.867 Y26.799 E.05336
G1 X33.05 Y26.799 E.10731
G1 X33.05 Y28.879 E.05336
G1 X28.927 Y28.879 E.10577
G1 E-3.5 F3600
;WIPE_START
G1 F7200
G1 X28.867 Y28.879 E-.0285
G1 X28.867 Y26.799 E-.988
G1 X29.885 Y26.799 E-.4835
;WIPE_END
G1 X38.862 Y28.059 F9000
G1 E5 F2400
;TYPE:Perimeter
;WIDTH:0.475842
G1 F3600
G1 X38.862 Y27.618 E.01295
G1 X48.064 Y27.618 E.27025
G1 X48.885 Y27.6 E.02412
;WIDTH:0.439999
G1 X72.249 Y27.6 E.63047
G1 X72.249 Y30.677 E.08303
G1 X55.496 Y30.677 E.45208
G1 X55.095 Y30.833 E.01161
G1 X54.9 Y30.996 E.00686
G1 X54.683 Y31.367 E.0116
G1 X54.635 Y31.672 E.00833
G1 X54.635 Y42.834 E.3012
G1 X54.748 Y43.166 E.00946
G1 X54.88 Y43.36 E.00633
G1 X55.077 Y43.533 E.00707
G1 X55.335 Y43.655 E.0077
G1 X55.629 Y43.7 E.00803
G1 X72.249 Y43.7 E.44849
G1 X72.249 Y47.577 E.10462
G1 X38.844 Y47.577 E.90143
G1 X38.844 Y46.1 E.03986
G1 X48.192 Y46.1 E.25225
G1 X48.531 Y45.983 E.00968
G1 X48.859 Y45.702 E.01165
G1 X49.018 Y45.384 E.00959
G1 X49.058 Y45.106 E.00758
G1 X49.058 Y29.072 E.43267
G1 X48.981 Y28.689 E.01054
G1 X48.66 Y28.276 E.01412
;WIDTH:0.475842
G1 X48.064 Y28.059 E.01863
G1 X38.922 Y28.059 E.26849
G1 X38.438 Y28.483 F9000
;WIDTH:0.439999
G1 F3600
G1 X38.438 Y27.194 E.03478
G1 X72.654 Y27.194 E.92331
G1 X72.654 Y31.083 E.10494
G1 X55.55 Y31.083 E.46155
G1 X55.313 Y31.175 E.00686
G1 X55.117 Y31.381 E.00767
G1 X55.041 Y31.672 E.00812
G1 X55.041 Y42.789 E.29999
G1 X55.186 Y43.093 E.00909
G1 X55.455 Y43.268 E.00866
G1 X55.629 Y43.294 E.00475
G1 X72.654 Y43.294 E.45942
G1 X72.654 Y47.983 E.12653
G1 X38.438 Y47.983 E.92331
G1 X38.438 Y45.694 E.06177
G1 X48.064 Y45.694 E.25976
G1 X48.341 Y45.625 E.0077
G1 X48.534 Y45.459 E.00687
G1 X48.629 Y45.271 E.00568
G1 X48.652 Y45.106 E.0045
G1 X48.652 Y29.072 E.43267
G1 X48.607 Y28.845 E.00624
G1 X48.417 Y28.601 E.00835
G1 X48.064 Y28.483 E.01004
G1 X38.498 Y28.483 E.25814
G1 X38.043 Y28.879 F9000
;TYPE:External perimeter
;WIDTH:0.419999
G1 F1800
G1 X38.043 Y26.799 E.05336
G1 X73.05 Y26.799 E.89808
G1 X73.05 Y31.479 E.12006
G1 X55.629 Y31.479 E.44693
G1 X55.488 Y31.541 E.00395
G1 X55.436 Y31.672 E.00362
G1 X55.436 Y42.706 E.28307
G1 X55.484 Y42.833 E.00348
G1 X55.629 Y42.899 E.00409
G1 X73.05 Y42.899 E.44693
G1 X73.05 Y48.379 E.14059
G1 X38.043 Y48.379 E.89808
G1 X38.043 Y45.299 E.07902
G1 X48.064 Y45.299 E.25708
G1 X48.218 Y45.222 E.00442
G1 X48.256 Y45.106 E.00313
G1 X48.256 Y29.072 E.41134
G1 X48.179 Y28.917 E.00444
G1 X48.064 Y28.879 E.00311
G1 X38.103 Y28.879 E.25554
G1 E-3.5 F3600
;WIPE_START
G1 F7200
G1 X38.043 Y28.879 E-.0285
G1 X38.043 Y26.799 E-.988
G1 X39.061 Y26.799 E-.4835
;WIPE_END
G1 X49.37 Y30.275 F9000
G1 E5 F2400
;TYPE:Internal infill
;WIDTH:0.44
G1 F3600
G1 X49.37 Y29.061 E.03276
G1 X49.271 Y28.564 E.01367
G1 X48.824 Y28.013 E.01915
G1 X48.924 Y27.912 E.00384
G1 X52.519 Y27.912 E.09701
G1 X55.098 Y30.491 E.09842
G1 X54.67 Y30.783 E.01398
G1 X54.384 Y31.273 E.01531
G1 X54.323 Y31.663 E.01065
G1 X54.323 Y32.609 E.02553
G1 E-3.5
;WIPE_START
G1 F7200
G1 X54.323 Y31.663 E-.44935
G1 X54.384 Y31.273 E-.1875
G1 X54.67 Y30.783 E-.2695
G1 X55.098 Y30.491 E-.24611
G1 X54.581 Y29.974 E-.34754
;WIPE_END
G1 X54.323 Y42.462 F9000
G1 E5 F2400
G1 F3600
G1 X54.361 Y43.022 E.01515
G1 X54.645 Y43.566 E.01656
G1 X54.904 Y43.794 E.00931
G1 X55.242 Y43.955 E.0101
G1 X55.772 Y44.012 E.01438
G1 X52.519 Y47.265 E.12414
G1 X48.924 Y47.265 E.09701
G1 X48.071 Y46.412 E.03255
G1 X45.723 Y46.412 E.06336
G1 X44.87 Y47.265 E.03255
G1 X41.275 Y47.265 E.09701
G1 X40.422 Y46.412 E.03255
G1 X42.856 Y46.412 E.06568
G1 E-3.5
;WIPE_START
G1 F7200
G1 X40.422 Y46.412 E-1.15615
G1 X40.934 Y46.924 E-.34385
;WIPE_END
G1 X71.936 Y44.895 F9000
G1 E5 F2400
G1 F3600
G1 X71.936 Y47.265 E.06395
G1 X71.872 Y47.265 E.00173
G1 X68.619 Y44.012 E.12414
G1 X71.071 Y44.012 E.06617
G1 X67.818 Y47.265 E.12414
G1 X64.223 Y47.265 E.09701
G1 X60.97 Y44.012 E.12414
G1 X63.421 Y44.012 E.06614
G1 X60.169 Y47.265 E.12412
G1 X56.574 Y47.265 E.09701
G1 X49.37 Y40.062 E.2749
G1 X49.37 Y42.765 E.07294
G1 X54.323 Y37.812 E.18902
G1 X54.323 Y37.365 E.01206
G1 X49.37 Y32.412 E.18902
G1 X49.37 Y35.116 E.07297
G1 X56.574 Y27.912 E.27492
G1 X60.169 Y27.912 E.09701
G1 X62.621 Y30.365 E.09359
G1 X61.77 Y30.365 E.02296
G1 X64.223 Y27.912 E.09361
G1 X67.818 Y27.912 E.09701
G1 X70.271 Y30.365 E.09361
G1 X69.419 Y30.365 E.02299
G1 X71.872 Y27.912 E.09361
G1 X71.936 Y27.912 E.00173
G1 X71.936 Y30.282 E.06395
G1 E-3.5
;WIPE_START
G1 F7200
G1 X71.936 Y27.912 E-1.12575
G1 X71.872 Y27.912 E-.0304
G1 X71.36 Y28.424 E-.34385
;WIPE_END
G1 X78.888 Y30.634 F9000
G1 E5 F2400
;TYPE:Perimeter
;WIDTH:0.527349
G1 F1800
G1 X78.888 Y27.644 E.09806
G1 X79.381 Y27.644 E.01617
G1 X79.381 Y30.634 E.09806
G1 X78.948 Y30.634 E.0142
G1 X78.438 Y31.083 F9000
;WIDTH:0.439999
G1 F1800
G1 X78.438 Y27.194 E.10494
G1 X79.83 Y27.194 E.03756
G1 X79.83 Y31.083 E.10494
G1 X78.498 Y31.083 E.03594
G1 X78.043 Y31.479 F9000
;TYPE:External perimeter
;WIDTH:0.419999
G1 F1800
G1 X78.043 Y26.799 E.12006
G1 X80.226 Y26.799 E.056
G1 X80.226 Y31.479 E.12006
G1 X78.103 Y31.479 E.05446
G1 E-3.5 F3600
;WIPE_START
G1 F7200
G1 X78.043 Y31.479 E-.0285
G1 X78.043 Y28.381 E-1.4715
;WIPE_END
G1 X78.888 Y43.744 F9000
G1 E5 F2400
;TYPE:Perimeter
;WIDTH:0.527349
G1 F1800
G1 X79.381 Y43.744 E.01617
G1 X79.381 Y47.534 E.12429
G1 X78.888 Y47.534 E.01617
G1 X78.888 Y43.804 E.12233
G1 X78.438 Y43.294 F9000
;WIDTH:0.439999
G1 F1800
G1 X79.83 Y43.294 E.03756
G1 X79.83 Y47.983 E.12653
G1 X78.438 Y47.983 E.03756
G1 X78.438 Y43.354 E.12491
G1 X78.043 Y42.899 F9000
;TYPE:External perimeter
;WIDTH:0.419999
G1 F1800
G1 X80.226 Y42.899 E.056
G1 X80.226 Y48.379 E.14059
G1 X78.043 Y48.379 E.056
G1 X78.043 Y42.959 E.13905
;LAYER_CHANGE
;Z:6.28
;HEIGHT:0.16
;BEFORE_LAYER_CHANGE
G92 E0
;6.28


G1 E-3.5 F3600
;WIPE_START
G1 F7200
G1 X78.043 Y42.899 E-.0285
G1 X80.226 Y42.899 E-1.03692
G1 X80.226 Y43.814 E-.43458
;WIPE_END
G1 Z6.28 F9000
;AFTER_LAYER_CHANGE
;6.28
G1 X78.819 Y30.623
G1 E5 F2400
;TYPE:Perimeter
;WIDTH:0.548356
G1 F1800
G1 X78.819 Y27.654 E.10152
G1 X79.333 Y27.654 E.01758
G1 X79.333 Y30.623 E.10152
G1 X78.879 Y30.623 E.01552
G1 X78.359 Y31.083 F9000
;WIDTH:0.439999
G1 F1800
G1 X78.359 Y27.194 E.10494
G1 X79.793 Y27.194 E.0387
G1 X79.793 Y31.083 E.10494
G1 X78.419 Y31.083 E.03708
G1 X77.964 Y31.479 F9000
;TYPE:External perimeter
;WIDTH:0.419999
G1 F1800
G1 X77.964 Y26.799 E.12006
G1 X80.189 Y26.799 E.05708
G1 X80.189 Y31.479 E.12006
G1 X78.024 Y31.479 E.05554
G1 E-3.5 F3600
;WIPE_START
G1 F7200
G1 X77.964 Y31.479 E-.0285
G1 X77.964 Y28.381 E-1.4715
;WIPE_END
G1 X72.328 Y30.677 F9000
G1 E5 F2400
;TYPE:Perimeter
;WIDTH:0.439999
G1 F3600
G1 X55.496 Y30.677 E.45421
G1 X55.095 Y30.833 E.01161
G1 X54.9 Y30.996 E.00686
G1 X54.683 Y31.367 E.0116
G1 X54.635 Y31.672 E.00833
G1 X54.635 Y42.834 E.3012
G1 X54.748 Y43.166 E.00946
G1 X54.88 Y43.36 E.00633
G1 X55.077 Y43.533 E.00707
G1 X55.335 Y43.655 E.0077
G1 X55.629 Y43.7 E.00803
G1 X72.328 Y43.7 E.45062
G1 X72.328 Y47.577 E.10462
G1 X38.765 Y47.577 E.90569
G1 X38.765 Y46.1 E.03986
G1 X48.192 Y46.1 E.25439
G1 X48.531 Y45.983 E.00968
G1 X48.859 Y45.702 E.01165
G1 X49.018 Y45.384 E.00959
G1 X49.058 Y45.106 E.00758
G1 X49.058 Y29.072 E.43267
G1 X48.981 Y28.689 E.01054
G1 X48.66 Y28.276 E.01412
;WIDTH:0.475842
G1 X48.064 Y28.059 E.01863
G1 X38.783 Y28.059 E.27257
G1 X38.783 Y27.618 E.01295
G1 X48.064 Y27.618 E.27257
G1 X48.885 Y27.6 E.02412
;WIDTH:0.439999
G1 X72.328 Y27.6 E.6326
G1 X72.328 Y30.617 E.08141
G1 X72.733 Y31.083 F9000
G1 F3600
G1 X55.55 Y31.083 E.46368
G1 X55.313 Y31.175 E.00686
G1 X55.117 Y31.381 E.00767
G1 X55.041 Y31.672 E.00812
G1 X55.041 Y42.789 E.29999
G1 X55.186 Y43.093 E.00909
G1 X55.455 Y43.268 E.00866
G1 X55.629 Y43.294 E.00475
G1 X72.733 Y43.294 E.46155
G1 X72.733 Y47.983 E.12653
G1 X38.359 Y47.983 E.92758
G1 X38.359 Y45.694 E.06177
G1 X48.064 Y45.694 E.26189
G1 X48.341 Y45.625 E.0077
G1 X48.534 Y45.459 E.00687
G1 X48.629 Y45.271 E.00568
G1 X48.652 Y45.106 E.0045
G1 X48.652 Y29.072 E.43267
G1 X48.607 Y28.845 E.00624
G1 X48.417 Y28.601 E.00835
G1 X48.064 Y28.483 E.01004
G1 X38.359 Y28.483 E.26189
G1 X38.359 Y27.194 E.03478
G1 X72.733 Y27.194 E.92758
G1 X72.733 Y31.023 E.10332
G1 X73.129 Y31.479 F9000
;TYPE:External perimeter
;WIDTH:0.419999
G1 F1800
G1 X55.629 Y31.479 E.44895
G1 X55.488 Y31.541 E.00395
G1 X55.436 Y31.672 E.00362
G1 X55.436 Y42.706 E.28307
G1 X55.484 Y42.833 E.00348
G1 X55.629 Y42.899 E.00409
G1 X73.129 Y42.899 E.44895
G1 X73.129 Y48.379 E.14059
G1 X37.964 Y48.379 E.90214
G1 X37.964 Y45.299 E.07902
G1 X48.064 Y45.299 E.25911
G1 X48.218 Y45.222 E.00442
G1 X48.256 Y45.106 E.00313
G1 X48.256 Y29.072 E.41134
G1 X48.179 Y28.917 E.00444
G1 X48.064 Y28.879 E.00311
G1 X37.964 Y28.879 E.25911
G1 X37.964 Y26.799 E.05336
G1 X73.129 Y26.799 E.90214
G1 X73.129 Y31.419 E.11852
G1 X72.015 Y30.203 F9000
;TYPE:Internal infill
;WIDTH:0.44
G1 F3600
G1 X72.015 Y27.912 E.06182
G1 X71.872 Y27.912 E.00386
G1 X69.419 Y30.365 E.09361
G1 X70.271 Y30.365 E.02299
G1 X67.818 Y27.912 E.09361
G1 X64.223 Y27.912 E.09701
G1 X61.77 Y30.365 E.09361
G1 X62.621 Y30.365 E.02296
G1 X60.169 Y27.912 E.09359
G1 X56.574 Y27.912 E.09701
G1 X49.37 Y35.116 E.27492
G1 X49.37 Y32.412 E.07297
G1 X54.323 Y37.365 E.18902
G1 X54.323 Y37.812 E.01206
G1 X49.37 Y42.765 E.18902
G1 X49.37 Y40.062 E.07294
G1 X56.574 Y47.265 E.2749
G1 X60.169 Y47.265 E.09701
G1 X63.421 Y44.012 E.12412
G1 X60.97 Y44.012 E.06614
G1 X64.223 Y47.265 E.12414
G1 X67.818 Y47.265 E.09701
G1 X71.071 Y44.012 E.12414
G1 X68.619 Y44.012 E.06617
G1 X71.872 Y47.265 E.12414
G1 X72.015 Y47.265 E.00386
G1 X72.015 Y44.974 E.06182
G1 E-3.5
;WIPE_START
G1 F7200
G1 X72.015 Y47.265 E-1.08822
G1 X71.872 Y47.265 E-.06793
G1 X71.36 Y46.753 E-.34385
;WIPE_END
G1 X49.37 Y30.275 F9000
G1 E5 F2400
G1 F3600
G1 X49.37 Y29.061 E.03276
G1 X49.271 Y28.564 E.01367
G1 X48.824 Y28.013 E.01915
G1 X48.924 Y27.912 E.00384
G1 X52.519 Y27.912 E.09701
G1 X55.098 Y30.491 E.09842
G1 X54.67 Y30.783 E.01398
G1 X54.384 Y31.273 E.01531
G1 X54.323 Y31.663 E.01065
G1 X54.323 Y32.609 E.02553
G1 E-3.5
;WIPE_START
G1 F7200
G1 X54.323 Y31.663 E-.44935
G1 X54.384 Y31.273 E-.1875
G1 X54.67 Y30.783 E-.2695
G1 X55.098 Y30.491 E-.24611
G1 X54.581 Y29.974 E-.34754
;WIPE_END
G1 X54.323 Y42.462 F9000
G1 E5 F2400
G1 F3600
G1 X54.361 Y43.022 E.01515
G1 X54.645 Y43.566 E.01656
G1 X54.904 Y43.794 E.00931
G1 X55.242 Y43.955 E.0101
G1 X55.772 Y44.012 E.01438
G1 X52.519 Y47.265 E.12414
G1 X48.924 Y47.265 E.09701
G1 X48.071 Y46.412 E.03255
G1 X45.723 Y46.412 E.06336
G1 X44.87 Y47.265 E.03255
G1 X41.275 Y47.265 E.09701
G1 X40.422 Y46.412 E.03255
G1 X42.856 Y46.412 E.06568
G1 E-3.5
;WIPE_START
G1 F7200
G1 X40.422 Y46.412 E-1.15615
G1 X40.934 Y46.924 E-.34385
;WIPE_END
G1 X78.819 Y47.523 F9000
G1 E5 F2400
;TYPE:Perimeter
;WIDTH:0.548356
G1 F1800
G1 X78.819 Y43.754 E.12887
G1 X79.333 Y43.754 E.01758
G1 X79.333 Y47.523 E.12887
G1 X78.879 Y47.523 E.01552
G1 X78.359 Y47.983 F9000
;WIDTH:0.439999
G1 F1800
G1 X78.359 Y43.294 E.12653
G1 X79.793 Y43.294 E.0387
G1 X79.793 Y47.983 E.12653
G1 X78.419 Y47.983 E.03708
G1 X77.964 Y48.379 F9000
;TYPE:External perimeter
;WIDTH:0.419999
G1 F1800
G1 X77.964 Y42.899 E.14059
G1 X80.189 Y42.899 E.05708
G1 X80.189 Y48.379 E.14059
G1 X78.024 Y48.379 E.05554
G1 E-3.5 F3600
;WIPE_START
G1 F7200
G1 X77.964 Y48.379 E-.0285
G1 X77.964 Y45.281 E-1.4715
;WIPE_END
G1 X32.328 Y47.577 F9000
G1 E5 F2400
;TYPE:Perimeter
;WIDTH:0.439999
G1 F1800
G1 X29.705 Y47.577 E.07078
G1 X29.705 Y46.1 E.03986
G1 X32.328 Y46.1 E.07078
G1 X32.328 Y47.517 E.03824
G1 X32.733 Y47.983 F9000
G1 F1800
G1 X29.3 Y47.983 E.09264
G1 X29.3 Y45.694 E.06177
G1 X32.733 Y45.694 E.09264
G1 X32.733 Y47.923 E.06015
G1 X33.129 Y48.379 F9000
;TYPE:External perimeter
;WIDTH:0.419999
G1 F1800
G1 X28.904 Y48.379 E.10839
G1 X28.904 Y45.299 E.07902
G1 X33.129 Y45.299 E.10839
G1 X33.129 Y48.319 E.07748
G1 E-3.5 F3600
;WIPE_START
G1 F7200
G1 X33.129 Y48.379 E-.0285
G1 X30.031 Y48.379 E-1.4715
;WIPE_END
G1 X30.424 Y46.412 F9000
G1 E5 F2400
;TYPE:Internal infill
;WIDTH:0.44
G1 F3600
G1 X30.018 Y46.819 E.01551
G1 E-3.5
;WIPE_START
G1 F7200
G1 X30.424 Y46.412 E-.27307
;WIPE_END
G1 E-1.22693 F3600
G1 X29.723 Y28.059 F9000
G1 E5 F2400
;TYPE:Perimeter
;WIDTH:0.475842
G1 F1800
G1 X29.723 Y27.618 E.01295
G1 X32.31 Y27.618 E.07598
G1 X32.31 Y28.059 E.01295
G1 X29.783 Y28.059 E.07422
G1 X29.3 Y28.483 F9000
;WIDTH:0.439999
G1 F1800
G1 X29.3 Y27.194 E.03478
G1 X32.733 Y27.194 E.09264
G1 X32.733 Y28.483 E.03478
G1 X29.36 Y28.483 E.09102
G1 X28.904 Y28.879 F9000
;TYPE:External perimeter
;WIDTH:0.419999
G1 F1800
G1 X28.904 Y26.799 E.05336
G1 X33.129 Y26.799 E.10839
G1 X33.129 Y28.879 E.05336
G1 X28.964 Y28.879 E.10685
;LAYER_CHANGE
;Z:6.44
;HEIGHT:0.16
;BEFORE_LAYER_CHANGE
G92 E0
;6.44


G1 E-3.5 F3600
;WIPE_START
G1 F7200
G1 X28.904 Y28.879 E-.0285
G1 X28.904 Y26.799 E-.988
G1 X29.922 Y26.799 E-.4835
;WIPE_END
G1 Z6.44 F9000
;AFTER_LAYER_CHANGE
;6.44
G1 X29.746 Y46.1
G1 E5 F2400
;TYPE:Perimeter
;WIDTH:0.439999
G1 F1800
G1 X32.423 Y46.1 E.07224
G1 X32.423 Y47.577 E.03986
G1 X29.746 Y47.577 E.07224
G1 X29.746 Y46.16 E.03824
G1 X29.341 Y45.694 F9000
G1 F1800
G1 X32.829 Y45.694 E.09412
G1 X32.829 Y47.983 E.06177
G1 X29.341 Y47.983 E.09412
G1 X29.341 Y45.754 E.06015
G1 X28.945 Y45.299 F9000
;TYPE:External perimeter
;WIDTH:0.419999
G1 F1800
G1 X33.225 Y45.299 E.1098
G1 X33.225 Y48.379 E.07902
G1 X28.945 Y48.379 E.1098
G1 X28.945 Y45.359 E.07748
G1 X30.059 Y46.778 F9000
;TYPE:Internal infill
;WIDTH:0.44
G1 F3600
G1 X30.424 Y46.412 E.01395
G1 E-3.5
;WIPE_START
G1 F7200
G1 X30.059 Y46.778 E-.24553
;WIPE_END
G1 E-1.25447 F3600
G1 X29.764 Y28.059 F9000
G1 E5 F2400
;TYPE:Perimeter
;WIDTH:0.475842
G1 F1800
G1 X29.764 Y27.618 E.01295
G1 X32.406 Y27.618 E.07759
G1 X32.406 Y28.059 E.01295
G1 X29.824 Y28.059 E.07583
G1 X29.341 Y28.483 F9000
;WIDTH:0.439999
G1 F1800
G1 X29.341 Y27.194 E.03478
G1 X32.829 Y27.194 E.09412
G1 X32.829 Y28.483 E.03478
G1 X29.401 Y28.483 E.0925
G1 X28.945 Y28.879 F9000
;TYPE:External perimeter
;WIDTH:0.419999
G1 F1800
G1 X28.945 Y26.799 E.05336
G1 X33.225 Y26.799 E.1098
G1 X33.225 Y28.879 E.05336
G1 X29.005 Y28.879 E.10826
G1 E-3.5 F3600
;WIPE_START
G1 F7200
G1 X28.945 Y28.879 E-.0285
G1 X28.945 Y26.799 E-.988
G1 X29.963 Y26.799 E-.4835
;WIPE_END
G1 X38.687 Y28.059 F9000
G1 E5 F2400
;TYPE:Perimeter
;WIDTH:0.475842
G1 F3600
G1 X38.687 Y27.618 E.01295
G1 X48.064 Y27.618 E.27539
G1 X48.885 Y27.6 E.02412
;WIDTH:0.439999
G1 X72.423 Y27.6 E.63517
G1 X72.423 Y30.677 E.08303
G1 X55.496 Y30.677 E.45677
G1 X55.095 Y30.833 E.01161
G1 X54.9 Y30.996 E.00686
G1 X54.683 Y31.367 E.0116
G1 X54.635 Y31.672 E.00833
G1 X54.635 Y42.834 E.3012
G1 X54.748 Y43.166 E.00946
G1 X54.88 Y43.36 E.00633
G1 X55.077 Y43.533 E.00707
G1 X55.335 Y43.655 E.0077
G1 X55.629 Y43.7 E.00803
G1 X72.423 Y43.7 E.45318
G1 X72.423 Y47.577 E.10462
G1 X38.669 Y47.577 E.91085
G1 X38.669 Y46.1 E.03986
G1 X48.192 Y46.1 E.25698
G1 X48.531 Y45.983 E.00968
G1 X48.859 Y45.702 E.01165
G1 X49.018 Y45.384 E.00959
G1 X49.058 Y45.106 E.00758
G1 X49.058 Y29.072 E.43267
G1 X48.981 Y28.689 E.01054
G1 X48.66 Y28.276 E.01412
;WIDTH:0.475842
G1 X48.064 Y28.059 E.01863
G1 X38.747 Y28.059 E.27363
G1 X38.264 Y28.483 F9000
;WIDTH:0.439999
G1 F3600
G1 X38.264 Y27.194 E.03478
G1 X72.829 Y27.194 E.93273
G1 X72.829 Y31.083 E.10494
G1 X55.55 Y31.083 E.46627
G1 X55.313 Y31.175 E.00686
G1 X55.117 Y31.381 E.00767
G1 X55.041 Y31.672 E.00812
G1 X55.041 Y42.789 E.29999
G1 X55.186 Y43.093 E.00909
G1 X55.455 Y43.268 E.00866
G1 X55.629 Y43.294 E.00475
G1 X72.829 Y43.294 E.46414
G1 X72.829 Y47.983 E.12653
G1 X38.264 Y47.983 E.93273
G1 X38.264 Y45.694 E.06177
G1 X48.064 Y45.694 E.26445
G1 X48.341 Y45.625 E.0077
G1 X48.534 Y45.459 E.00687
G1 X48.629 Y45.271 E.00568
G1 X48.652 Y45.106 E.0045
G1 X48.652 Y29.072 E.43267
G1 X48.607 Y28.845 E.00624
G1 X48.417 Y28.601 E.00835
G1 X48.064 Y28.483 E.01004
G1 X38.324 Y28.483 E.26283
G1 X37.868 Y28.879 F9000
;TYPE:External perimeter
;WIDTH:0.419999
G1 F1800
G1 X37.868 Y26.799 E.05336
G1 X73.225 Y26.799 E.90706
G1 X73.225 Y31.479 E.12006
G1 X55.629 Y31.479 E.45141
G1 X55.488 Y31.541 E.00395
G1 X55.436 Y31.672 E.00362
G1 X55.436 Y42.706 E.28307
G1 X55.484 Y42.833 E.00348
G1 X55.629 Y42.899 E.00409
G1 X73.225 Y42.899 E.45141
G1 X73.225 Y48.379 E.14059
G1 X37.868 Y48.379 E.90706
G1 X37.868 Y45.299 E.07902
G1 X48.064 Y45.299 E.26157
G1 X48.218 Y45.222 E.00442
G1 X48.256 Y45.106 E.00313
G1 X48.256 Y29.072 E.41134
G1 X48.179 Y28.917 E.00444
G1 X48.064 Y28.879 E.00311
G1 X37.928 Y28.879 E.26003
G1 E-3.5 F3600
;WIPE_START
G1 F7200
G1 X37.868 Y28.879 E-.0285
G1 X37.868 Y26.799 E-.988
G1 X38.886 Y26.799 E-.4835
;WIPE_END
G1 X49.37 Y30.275 F9000
G1 E5 F2400
;TYPE:Internal infill
;WIDTH:0.44
G1 F3600
G1 X49.37 Y29.061 E.03276
G1 X49.271 Y28.564 E.01367
G1 X48.824 Y28.013 E.01915
G1 X48.924 Y27.912 E.00384
G1 X52.519 Y27.912 E.09701
G1 X55.098 Y30.491 E.09842
G1 X54.67 Y30.783 E.01398
G1 X54.384 Y31.273 E.01531
G1 X54.323 Y31.663 E.01065
G1 X54.323 Y32.609 E.02553
G1 E-3.5
;WIPE_START
G1 F7200
G1 X54.323 Y31.663 E-.44935
G1 X54.384 Y31.273 E-.1875
G1 X54.67 Y30.783 E-.2695
G1 X55.098 Y30.491 E-.24611
G1 X54.581 Y29.974 E-.34754
;WIPE_END
G1 X54.323 Y42.462 F9000
G1 E5 F2400
G1 F3600
G1 X54.361 Y43.022 E.01515
G1 X54.645 Y43.566 E.01656
G1 X54.904 Y43.794 E.00931
G1 X55.242 Y43.955 E.0101
G1 X55.772 Y44.012 E.01438
G1 X52.519 Y47.265 E.12414
G1 X48.924 Y47.265 E.09701
G1 X48.071 Y46.412 E.03255
G1 X45.723 Y46.412 E.06336
G1 X44.87 Y47.265 E.03255
G1 X41.275 Y47.265 E.09701
G1 X40.422 Y46.412 E.03255
G1 X42.856 Y46.412 E.06568
G1 E-3.5
;WIPE_START
G1 F7200
G1 X40.422 Y46.412 E-1.15615
G1 X40.934 Y46.924 E-.34385
;WIPE_END
G1 X72.111 Y45.07 F9000
G1 E5 F2400
G1 F3600
G1 X72.111 Y47.265 E.05923
G1 X71.872 Y47.265 E.00645
G1 X68.619 Y44.012 E.12414
G1 X71.071 Y44.012 E.06617
G1 X67.818 Y47.265 E.12414
G1 X64.223 Y47.265 E.09701
G1 X60.97 Y44.012 E.12414
G1 X63.421 Y44.012 E.06614
G1 X60.169 Y47.265 E.12412
G1 X56.574 Y47.265 E.09701
G1 X49.37 Y40.062 E.2749
G1 X49.37 Y42.765 E.07294
G1 X54.323 Y37.812 E.18902
G1 X54.323 Y37.365 E.01206
G1 X49.37 Y32.412 E.18902
G1 X49.37 Y35.116 E.07297
G1 X56.574 Y27.912 E.27492
G1 X60.169 Y27.912 E.09701
G1 X62.621 Y30.365 E.09359
G1 X61.77 Y30.365 E.02296
G1 X64.223 Y27.912 E.09361
G1 X67.818 Y27.912 E.09701
G1 X70.271 Y30.365 E.09361
G1 X69.419 Y30.365 E.02299
G1 X71.872 Y27.912 E.09361
G1 X72.111 Y27.912 E.00645
G1 X72.111 Y30.107 E.05923
G1 E-3.5
;WIPE_START
G1 F7200
G1 X72.111 Y27.912 E-1.04263
G1 X71.872 Y27.912 E-.11353
G1 X71.36 Y28.424 E-.34384
;WIPE_END
G1 X78.737 Y30.61 F9000
G1 E5 F2400
;TYPE:Perimeter
;WIDTH:0.575674
G1 F1800
G1 X78.737 Y27.668 E.10594
G1 X79.279 Y27.668 E.01952
G1 X79.279 Y30.61 E.10594
G1 X78.797 Y30.61 E.01736
G1 X78.264 Y31.083 F9000
;WIDTH:0.439999
G1 F1800
G1 X78.264 Y27.194 E.10494
G1 X79.752 Y27.194 E.04015
G1 X79.752 Y31.083 E.10494
G1 X78.324 Y31.083 E.03853
G1 X77.868 Y31.479 F9000
;TYPE:External perimeter
;WIDTH:0.419999
G1 F1800
G1 X77.868 Y26.799 E.12006
G1 X80.148 Y26.799 E.05849
G1 X80.148 Y31.479 E.12006
G1 X77.928 Y31.479 E.05695
G1 E-3.5 F3600
;WIPE_START
G1 F7200
G1 X77.868 Y31.479 E-.0285
G1 X77.868 Y28.381 E-1.4715
;WIPE_END
G1 X78.737 Y43.768 F9000
G1 E5 F2400
;TYPE:Perimeter
;WIDTH:0.575674
G1 F1800
G1 X79.279 Y43.768 E.01952
G1 X79.279 Y47.51 E.13475
G1 X78.737 Y47.51 E.01952
G1 X78.737 Y43.828 E.13259
G1 X78.264 Y43.294 F9000
;WIDTH:0.439999
G1 F1800
G1 X79.752 Y43.294 E.04015
G1 X79.752 Y47.983 E.12653
G1 X78.264 Y47.983 E.04015
G1 X78.264 Y43.354 E.12491
G1 X77.868 Y42.899 F9000
;TYPE:External perimeter
;WIDTH:0.419999
G1 F1800
G1 X80.148 Y42.899 E.05849
G1 X80.148 Y48.379 E.14059
G1 X77.868 Y48.379 E.05849
G1 X77.868 Y42.959 E.13905
;LAYER_CHANGE
;Z:6.6
;HEIGHT:0.16
;BEFORE_LAYER_CHANGE
G92 E0
;6.6


G1 E-3.5 F3600
;WIPE_START
G1 F7200
G1 X77.868 Y42.899 E-.0285
G1 X80.148 Y42.899 E-1.083
G1 X80.148 Y43.717 E-.3885
;WIPE_END
G1 Z6.6 F9000
;AFTER_LAYER_CHANGE
;6.6
G1 X32.535 Y46.1
G1 E5 F2400
;TYPE:Perimeter
;WIDTH:0.439999
G1 F1800
G1 X32.535 Y47.577 E.03986
G1 X29.796 Y47.577 E.07391
G1 X29.796 Y46.1 E.03986
G1 X32.475 Y46.1 E.07229
G1 X32.94 Y45.694 F9000
G1 F1800
G1 X32.94 Y47.983 E.06177
G1 X29.39 Y47.983 E.0958
G1 X29.39 Y45.694 E.06177
G1 X32.88 Y45.694 E.09418
G1 X33.336 Y45.299 F9000
;TYPE:External perimeter
;WIDTH:0.419999
G1 F1800
G1 X33.336 Y48.379 E.07902
G1 X28.994 Y48.379 E.11139
G1 X28.994 Y45.299 E.07902
G1 X33.276 Y45.299 E.10985
G1 E-3.5 F3600
;WIPE_START
G1 F7200
G1 X33.336 Y45.299 E-.0285
G1 X33.336 Y48.379 E-1.463
G1 X33.318 Y48.379 E-.0085
;WIPE_END
G1 X30.424 Y46.412 F9000
G1 E5 F2400
;TYPE:Internal infill
;WIDTH:0.44
G1 F3600
G1 X30.108 Y46.728 E.01206
G1 E-3.5
;WIPE_START
G1 F7200
G1 X30.424 Y46.412 E-.21227
;WIPE_END
G1 E-1.28773 F3600
G1 X29.814 Y28.059 F9000
G1 E5 F2400
;TYPE:Perimeter
;WIDTH:0.475842
G1 F1800
G1 X29.814 Y27.618 E.01295
G1 X32.517 Y27.618 E.07938
G1 X32.517 Y28.059 E.01295
G1 X29.874 Y28.059 E.07762
G1 X29.39 Y28.483 F9000
;WIDTH:0.439999
G1 F1800
G1 X29.39 Y27.194 E.03478
G1 X32.94 Y27.194 E.0958
G1 X32.94 Y28.483 E.03478
G1 X29.45 Y28.483 E.09418
G1 X28.994 Y28.879 F9000
;TYPE:External perimeter
;WIDTH:0.419999
G1 F1800
G1 X28.994 Y26.799 E.05336
G1 X33.336 Y26.799 E.11139
G1 X33.336 Y28.879 E.05336
G1 X29.054 Y28.879 E.10985
G1 E-3.5 F3600
;WIPE_START
G1 F7200
G1 X28.994 Y28.879 E-.0285
G1 X28.994 Y26.799 E-.988
G1 X30.012 Y26.799 E-.4835
;WIPE_END
G1 X38.576 Y28.059 F9000
G1 E5 F2400
;TYPE:Perimeter
;WIDTH:0.475842
G1 F3600
G1 X38.576 Y27.618 E.01295
G1 X48.064 Y27.618 E.27865
G1 X48.885 Y27.6 E.02412
;WIDTH:0.439999
G1 X72.535 Y27.6 E.63819
G1 X72.535 Y30.677 E.08303
G1 X55.496 Y30.677 E.45979
G1 X55.095 Y30.833 E.01161
G1 X54.9 Y30.996 E.00686
G1 X54.683 Y31.367 E.0116
G1 X54.635 Y31.672 E.00833
G1 X54.635 Y42.834 E.3012
G1 X54.748 Y43.166 E.00946
G1 X54.88 Y43.36 E.00633
G1 X55.077 Y43.533 E.00707
G1 X55.335 Y43.655 E.0077
G1 X55.629 Y43.7 E.00803
G1 X72.535 Y43.7 E.45621
G1 X72.535 Y47.577 E.10462
G1 X38.558 Y47.577 E.91686
G1 X38.558 Y46.1 E.03986
G1 X48.192 Y46.1 E.25997
G1 X48.531 Y45.983 E.00968
G1 X48.859 Y45.702 E.01165
G1 X49.018 Y45.384 E.00959
G1 X49.058 Y45.106 E.00758
G1 X49.058 Y29.072 E.43267
G1 X48.981 Y28.689 E.01054
G1 X48.66 Y28.276 E.01412
;WIDTH:0.475842
G1 X48.064 Y28.059 E.01863
G1 X38.636 Y28.059 E.27689
G1 X38.153 Y28.483 F9000
;WIDTH:0.439999
G1 F3600
G1 X38.153 Y27.194 E.03478
G1 X72.94 Y27.194 E.93872
G1 X72.94 Y31.083 E.10494
G1 X55.55 Y31.083 E.46927
G1 X55.313 Y31.175 E.00686
G1 X55.117 Y31.381 E.00767
G1 X55.041 Y31.672 E.00812
G1 X55.041 Y42.789 E.29999
G1 X55.186 Y43.093 E.00909
G1 X55.455 Y43.268 E.00866
G1 X55.629 Y43.294 E.00475
G1 X72.94 Y43.294 E.46713
G1 X72.94 Y47.983 E.12653
G1 X38.153 Y47.983 E.93872
G1 X38.153 Y45.694 E.06177
G1 X48.064 Y45.694 E.26745
G1 X48.341 Y45.625 E.0077
G1 X48.534 Y45.459 E.00687
G1 X48.629 Y45.271 E.00568
G1 X48.652 Y45.106 E.0045
G1 X48.652 Y29.072 E.43267
G1 X48.607 Y28.845 E.00624
G1 X48.417 Y28.601 E.00835
G1 X48.064 Y28.483 E.01004
G1 X38.213 Y28.483 E.26583
G1 X37.757 Y28.879 F9000
;TYPE:External perimeter
;WIDTH:0.419999
G1 F1800
G1 X37.757 Y26.799 E.05336
G1 X73.336 Y26.799 E.91276
G1 X73.336 Y31.479 E.12006
G1 X55.629 Y31.479 E.45426
G1 X55.488 Y31.541 E.00395
G1 X55.436 Y31.672 E.00362
G1 X55.436 Y42.706 E.28307
G1 X55.484 Y42.833 E.00348
G1 X55.629 Y42.899 E.00409
G1 X73.336 Y42.899 E.45426
G1 X73.336 Y48.379 E.14059
G1 X37.757 Y48.379 E.91276
G1 X37.757 Y45.299 E.07902
G1 X48.064 Y45.299 E.26442
G1 X48.218 Y45.222 E.00442
G1 X48.256 Y45.106 E.00313
G1 X48.256 Y29.072 E.41134
G1 X48.179 Y28.917 E.00444
G1 X48.064 Y28.879 E.00311
G1 X37.817 Y28.879 E.26288
G1 E-3.5 F3600
;WIPE_START
G1 F7200
G1 X37.757 Y28.879 E-.0285
G1 X37.757 Y26.799 E-.988
G1 X38.775 Y26.799 E-.4835
;WIPE_END
G1 X49.37 Y30.275 F9000
G1 E5 F2400
;TYPE:Internal infill
;WIDTH:0.44
G1 F3600
G1 X49.37 Y29.061 E.03276
G1 X49.271 Y28.564 E.01367
G1 X48.824 Y28.013 E.01915
G1 X48.924 Y27.912 E.00384
G1 X52.519 Y27.912 E.09701
G1 X55.098 Y30.491 E.09842
G1 X54.67 Y30.783 E.01398
G1 X54.384 Y31.273 E.01531
G1 X54.323 Y31.663 E.01065
G1 X54.323 Y32.609 E.02553
G1 E-3.5
;WIPE_START
G1 F7200
G1 X54.323 Y31.663 E-.44935
G1 X54.384 Y31.273 E-.1875
G1 X54.67 Y30.783 E-.2695
G1 X55.098 Y30.491 E-.24611
G1 X54.581 Y29.974 E-.34754
;WIPE_END
G1 X54.323 Y42.462 F9000
G1 E5 F2400
G1 F3600
G1 X54.361 Y43.022 E.01515
G1 X54.645 Y43.566 E.01656
G1 X54.904 Y43.794 E.00931
G1 X55.242 Y43.955 E.0101
G1 X55.772 Y44.012 E.01438
G1 X52.519 Y47.265 E.12414
G1 X48.924 Y47.265 E.09701
G1 X48.071 Y46.412 E.03255
G1 X45.723 Y46.412 E.06336
G1 X44.87 Y47.265 E.03255
G1 X41.275 Y47.265 E.09701
G1 X40.422 Y46.412 E.03255
G1 X42.856 Y46.412 E.06568
G1 E-3.5
;WIPE_START
G1 F7200
G1 X40.422 Y46.412 E-1.15615
G1 X40.934 Y46.924 E-.34385
;WIPE_END
G1 X72.222 Y45.181 F9000
G1 E5 F2400
G1 F3600
G1 X72.222 Y47.265 E.05624
G1 X71.872 Y47.265 E.00944
G1 X68.619 Y44.012 E.12414
G1 X71.071 Y44.012 E.06617
G1 X67.818 Y47.265 E.12414
G1 X64.223 Y47.265 E.09701
G1 X60.97 Y44.012 E.12414
G1 X63.421 Y44.012 E.06614
G1 X60.169 Y47.265 E.12412
G1 X56.574 Y47.265 E.09701
G1 X49.37 Y40.062 E.2749
G1 X49.37 Y42.765 E.07294
G1 X54.323 Y37.812 E.18902
G1 X54.323 Y37.365 E.01206
G1 X49.37 Y32.412 E.18902
G1 X49.37 Y35.116 E.07297
G1 X56.574 Y27.912 E.27492
G1 X60.169 Y27.912 E.09701
G1 X62.621 Y30.365 E.09359
G1 X61.77 Y30.365 E.02296
G1 X64.223 Y27.912 E.09361
G1 X67.818 Y27.912 E.09701
G1 X70.271 Y30.365 E.09361
G1 X69.419 Y30.365 E.02299
G1 X71.872 Y27.912 E.09361
G1 X72.222 Y27.912 E.00944
G1 X72.222 Y29.996 E.05624
G1 E-3.5
;WIPE_START
G1 F7200
G1 X72.222 Y27.912 E-.9899
G1 X71.872 Y27.912 E-.16625
G1 X71.36 Y28.424 E-.34385
;WIPE_END
G1 X78.642 Y30.594 F9000
G1 E5 F2400
;TYPE:Perimeter
;WIDTH:0.606606
G1 F1800
G1 X78.642 Y27.683 E.11081
G1 X79.214 Y27.683 E.02177
G1 X79.214 Y30.594 E.11081
G1 X78.702 Y30.594 E.01949
G1 X78.153 Y31.083 F9000
;WIDTH:0.439999
G1 F1800
G1 X78.153 Y27.194 E.10494
G1 X79.703 Y27.194 E.04183
G1 X79.703 Y31.083 E.10494
G1 X78.213 Y31.083 E.04021
G1 X77.757 Y31.479 F9000
;TYPE:External perimeter
;WIDTH:0.419999
G1 F1800
G1 X77.757 Y26.799 E.12006
G1 X80.098 Y26.799 E.06006
G1 X80.098 Y31.479 E.12006
G1 X77.817 Y31.479 E.05852
G1 E-3.5 F3600
;WIPE_START
G1 F7200
G1 X77.757 Y31.479 E-.0285
G1 X77.757 Y28.381 E-1.4715
;WIPE_END
G1 X78.642 Y43.783 F9000
G1 E5 F2400
;TYPE:Perimeter
;WIDTH:0.606606
G1 F1800
G1 X79.214 Y43.783 E.02177
G1 X79.214 Y47.494 E.14127
G1 X78.642 Y47.494 E.02177
G1 X78.642 Y43.843 E.13898
G1 X78.153 Y43.294 F9000
;WIDTH:0.439999
G1 F1800
G1 X79.703 Y43.294 E.04183
G1 X79.703 Y47.983 E.12653
G1 X78.153 Y47.983 E.04183
G1 X78.153 Y43.354 E.12491
G1 X77.757 Y42.899 F9000
;TYPE:External perimeter
;WIDTH:0.419999
G1 F1800
G1 X80.098 Y42.899 E.06006
G1 X80.098 Y48.379 E.14059
G1 X77.757 Y48.379 E.06006
G1 X77.757 Y42.959 E.13905
;LAYER_CHANGE
;Z:6.76
;HEIGHT:0.16
;BEFORE_LAYER_CHANGE
G92 E0
;6.76


G1 E-3.5 F3600
;WIPE_START
G1 F7200
G1 X77.757 Y42.899 E-.0285
G1 X80.098 Y42.899 E-1.11197
G1 X80.098 Y43.656 E-.35953
;WIPE_END
G1 Z6.76 F9000
;AFTER_LAYER_CHANGE
;6.76
G1 X32.668 Y46.1
G1 E5 F2400
;TYPE:Perimeter
;WIDTH:0.439999
G1 F1800
G1 X32.668 Y47.577 E.03986
G1 X29.85 Y47.577 E.07604
G1 X29.85 Y46.1 E.03986
G1 X32.608 Y46.1 E.07442
G1 X33.073 Y45.694 F9000
G1 F1800
G1 X33.073 Y47.983 E.06177
G1 X29.444 Y47.983 E.09793
G1 X29.444 Y45.694 E.06177
G1 X33.013 Y45.694 E.09631
G1 X33.469 Y45.299 F9000
;TYPE:External perimeter
;WIDTH:0.419999
G1 F1800
G1 X33.469 Y48.379 E.07902
G1 X29.049 Y48.379 E.11339
G1 X29.049 Y45.299 E.07902
G1 X33.409 Y45.299 E.11185
G1 E-3.5 F3600
;WIPE_START
G1 F7200
G1 X33.469 Y45.299 E-.0285
G1 X33.469 Y48.379 E-1.463
G1 X33.451 Y48.379 E-.0085
;WIPE_END
G1 X30.424 Y46.412 F9000
G1 E5 F2400
;TYPE:Internal infill
;WIDTH:0.44
G1 F3600
G1 X30.162 Y46.674 E.01
G1 E-3.5
;WIPE_START
G1 F7200
G1 X30.424 Y46.412 E-.176
;WIPE_END
G1 E-1.324 F3600
G1 X29.868 Y28.059 F9000
G1 E5 F2400
;TYPE:Perimeter
;WIDTH:0.475842
G1 F1800
G1 X29.868 Y27.618 E.01295
G1 X32.65 Y27.618 E.0817
G1 X32.65 Y28.059 E.01295
G1 X29.928 Y28.059 E.07994
G1 X29.444 Y28.483 F9000
;WIDTH:0.439999
G1 F1800
G1 X29.444 Y27.194 E.03478
G1 X33.073 Y27.194 E.09793
G1 X33.073 Y28.483 E.03478
G1 X29.504 Y28.483 E.09631
G1 X29.049 Y28.879 F9000
;TYPE:External perimeter
;WIDTH:0.419999
G1 F1800
G1 X29.049 Y26.799 E.05336
G1 X33.469 Y26.799 E.11339
G1 X33.469 Y28.879 E.05336
G1 X29.109 Y28.879 E.11185
G1 E-3.5 F3600
;WIPE_START
G1 F7200
G1 X29.049 Y28.879 E-.0285
G1 X29.049 Y26.799 E-.988
G1 X30.067 Y26.799 E-.4835
;WIPE_END
G1 X38.443 Y28.059 F9000
G1 E5 F2400
;TYPE:Perimeter
;WIDTH:0.475842
G1 F3600
G1 X38.443 Y27.618 E.01295
G1 X48.064 Y27.618 E.28256
G1 X48.885 Y27.6 E.02412
;WIDTH:0.439999
G1 X72.668 Y27.6 E.64178
G1 X72.668 Y30.677 E.08303
G1 X55.496 Y30.677 E.46338
G1 X55.095 Y30.833 E.01161
G1 X54.9 Y30.996 E.00686
G1 X54.683 Y31.367 E.0116
G1 X54.635 Y31.672 E.00833
G1 X54.635 Y42.834 E.3012
G1 X54.748 Y43.166 E.00946
G1 X54.88 Y43.36 E.00633
G1 X55.077 Y43.533 E.00707
G1 X55.335 Y43.655 E.0077
G1 X55.629 Y43.7 E.00803
G1 X72.668 Y43.7 E.45979
G1 X72.668 Y47.577 E.10462
G1 X38.425 Y47.577 E.92404
G1 X38.425 Y46.1 E.03986
G1 X48.192 Y46.1 E.26356
G1 X48.531 Y45.983 E.00968
G1 X48.859 Y45.702 E.01165
G1 X49.018 Y45.384 E.00959
G1 X49.058 Y45.106 E.00758
G1 X49.058 Y29.072 E.43267
G1 X48.981 Y28.689 E.01054
G1 X48.66 Y28.276 E.01412
;WIDTH:0.475842
G1 X48.064 Y28.059 E.01863
G1 X38.503 Y28.059 E.2808
G1 X38.019 Y28.483 F9000
;WIDTH:0.439999
G1 F3600
G1 X38.019 Y27.194 E.03478
G1 X73.073 Y27.194 E.94593
G1 X73.073 Y31.083 E.10494
G1 X55.55 Y31.083 E.47285
G1 X55.313 Y31.175 E.00686
G1 X55.117 Y31.381 E.00767
G1 X55.041 Y31.672 E.00812
G1 X55.041 Y42.789 E.29999
G1 X55.186 Y43.093 E.00909
G1 X55.455 Y43.268 E.00866
G1 X55.629 Y43.294 E.00475
G1 X73.073 Y43.294 E.47072
G1 X73.073 Y47.983 E.12653
G1 X38.019 Y47.983 E.94593
G1 X38.019 Y45.694 E.06177
G1 X48.064 Y45.694 E.27106
G1 X48.341 Y45.625 E.0077
G1 X48.534 Y45.459 E.00687
G1 X48.629 Y45.271 E.00568
G1 X48.652 Y45.106 E.0045
G1 X48.652 Y29.072 E.43267
G1 X48.607 Y28.845 E.00624
G1 X48.417 Y28.601 E.00835
G1 X48.064 Y28.483 E.01004
G1 X38.079 Y28.483 E.26944
G1 X37.624 Y28.879 F9000
;TYPE:External perimeter
;WIDTH:0.419999
G1 F1800
G1 X37.624 Y26.799 E.05336
G1 X73.469 Y26.799 E.91958
G1 X73.469 Y31.479 E.12006
G1 X55.629 Y31.479 E.45767
G1 X55.488 Y31.541 E.00395
G1 X55.436 Y31.672 E.00362
G1 X55.436 Y42.706 E.28307
G1 X55.484 Y42.833 E.00348
G1 X55.629 Y42.899 E.00409
G1 X73.469 Y42.899 E.45767
G1 X73.469 Y48.379 E.14059
G1 X37.624 Y48.379 E.91958
G1 X37.624 Y45.299 E.07902
G1 X48.064 Y45.299 E.26783
G1 X48.218 Y45.222 E.00442
G1 X48.256 Y45.106 E.00313
G1 X48.256 Y29.072 E.41134
G1 X48.179 Y28.917 E.00444
G1 X48.064 Y28.879 E.00311
G1 X37.684 Y28.879 E.26629
G1 E-3.5 F3600
;WIPE_START
G1 F7200
G1 X37.624 Y28.879 E-.0285
G1 X37.624 Y26.799 E-.988
G1 X38.642 Y26.799 E-.4835
;WIPE_END
G1 X49.37 Y30.275 F9000
G1 E5 F2400
;TYPE:Internal infill
;WIDTH:0.44
G1 F3600
G1 X49.37 Y29.061 E.03276
G1 X49.271 Y28.564 E.01367
G1 X48.824 Y28.013 E.01915
G1 X48.924 Y27.912 E.00384
G1 X52.519 Y27.912 E.09701
G1 X55.098 Y30.491 E.09842
G1 X54.67 Y30.783 E.01398
G1 X54.384 Y31.273 E.01531
G1 X54.323 Y31.663 E.01065
G1 X54.323 Y32.609 E.02553
G1 E-3.5
;WIPE_START
G1 F7200
G1 X54.323 Y31.663 E-.44935
G1 X54.384 Y31.273 E-.1875
G1 X54.67 Y30.783 E-.2695
G1 X55.098 Y30.491 E-.24611
G1 X54.581 Y29.974 E-.34754
;WIPE_END
G1 X54.323 Y42.462 F9000
G1 E5 F2400
G1 F3600
G1 X54.361 Y43.022 E.01515
G1 X54.645 Y43.566 E.01656
G1 X54.904 Y43.794 E.00931
G1 X55.242 Y43.955 E.0101
G1 X55.772 Y44.012 E.01438
G1 X52.519 Y47.265 E.12414
G1 X48.924 Y47.265 E.09701
G1 X48.071 Y46.412 E.03255
G1 X45.723 Y46.412 E.06336
G1 X44.87 Y47.265 E.03255
G1 X41.275 Y47.265 E.09701
G1 X40.422 Y46.412 E.03255
G1 X42.856 Y46.412 E.06568
G1 E-3.5
;WIPE_START
G1 F7200
G1 X40.422 Y46.412 E-1.15615
G1 X40.934 Y46.924 E-.34385
;WIPE_END
G1 X72.355 Y45.314 F9000
G1 E5 F2400
G1 F3600
G1 X72.355 Y47.265 E.05265
G1 X71.872 Y47.265 E.01303
G1 X68.619 Y44.012 E.12414
G1 X71.071 Y44.012 E.06617
G1 X67.818 Y47.265 E.12414
G1 X64.223 Y47.265 E.09701
G1 X60.97 Y44.012 E.12414
G1 X63.421 Y44.012 E.06614
G1 X60.169 Y47.265 E.12412
G1 X56.573 Y47.265 E.09704
G1 X49.37 Y40.062 E.27488
G1 X49.37 Y42.765 E.07294
G1 X54.323 Y37.812 E.18902
G1 X54.323 Y37.365 E.01206
G1 X49.37 Y32.412 E.18902
G1 X49.37 Y35.116 E.07297
G1 X56.573 Y27.912 E.2749
G1 X60.169 Y27.912 E.09704
G1 X62.621 Y30.365 E.09359
G1 X61.77 Y30.365 E.02296
G1 X64.223 Y27.912 E.09361
G1 X67.818 Y27.912 E.09701
G1 X70.271 Y30.365 E.09361
G1 X69.419 Y30.365 E.02299
G1 X71.872 Y27.912 E.09361
G1 X72.355 Y27.912 E.01303
G1 X72.355 Y29.863 E.05265
G1 E-3.5
;WIPE_START
G1 F7200
G1 X72.355 Y27.912 E-.92673
G1 X71.872 Y27.912 E-.22943
G1 X71.36 Y28.424 E-.34384
;WIPE_END
G1 X78.425 Y30.677 F9000
G1 E5 F2400
;TYPE:Perimeter
;WIDTH:0.439999
G1 F1800
G1 X78.425 Y27.6 E.08303
G1 X79.243 Y27.6 E.02207
G1 X79.243 Y30.677 E.08303
G1 X78.485 Y30.677 E.02045
G1 X78.019 Y31.083 F9000
G1 F1800
G1 X78.019 Y27.194 E.10494
G1 X79.649 Y27.194 E.04399
G1 X79.649 Y31.083 E.10494
G1 X78.079 Y31.083 E.04237
G1 X77.624 Y31.479 F9000
;TYPE:External perimeter
;WIDTH:0.419999
G1 F1800
G1 X77.624 Y26.799 E.12006
G1 X80.044 Y26.799 E.06208
G1 X80.044 Y31.479 E.12006
G1 X77.684 Y31.479 E.06054
G1 E-3.5 F3600
;WIPE_START
G1 F7200
G1 X77.624 Y31.479 E-.0285
G1 X77.624 Y28.381 E-1.4715
;WIPE_END
G1 X78.834 Y28.009 F9000
G1 E5 F2400
;TYPE:Solid infill
;WIDTH:0.633086
G1 F3600
G1 X78.834 Y30.269 E.09001
G1 E-3.5
;WIPE_START
G1 F7200
G1 X78.834 Y28.009 E-1.0735
;WIPE_END
G1 E-.4265 F3600
G1 X79.243 Y43.7 F9000
G1 E5 F2400
;TYPE:Perimeter
;WIDTH:0.439999
G1 F1800
G1 X79.243 Y47.577 E.10462
G1 X78.425 Y47.577 E.02207
G1 X78.425 Y43.7 E.10462
G1 X79.183 Y43.7 E.02045
G1 X79.649 Y43.294 F9000
G1 F1800
G1 X79.649 Y47.983 E.12653
G1 X78.019 Y47.983 E.04399
G1 X78.019 Y43.294 E.12653
G1 X79.589 Y43.294 E.04237
G1 X80.044 Y42.899 F9000
;TYPE:External perimeter
;WIDTH:0.419999
G1 F1800
G1 X80.044 Y48.379 E.14059
G1 X77.624 Y48.379 E.06208
G1 X77.624 Y42.899 E.14059
G1 X79.984 Y42.899 E.06054
G1 X78.834 Y44.109 F9000
;TYPE:Solid infill
;WIDTH:0.633086
G1 F3600
G1 X78.834 Y47.169 E.12188
;LAYER_CHANGE
;Z:6.92
;HEIGHT:0.16
;BEFORE_LAYER_CHANGE
G92 E0
;6.92


G1 E-3.5 F3600
;WIPE_START
G1 F7200
G1 X78.834 Y44.109 E-1.4535
;WIPE_END
G1 E-.0465 F3600
G1 Z6.92 F9000
;AFTER_LAYER_CHANGE
;6.92
G1 X32.825 Y47.577
G1 E5 F2400
;TYPE:Perimeter
;WIDTH:0.439999
G1 F1800
G1 X29.909 Y47.577 E.07869
G1 X29.909 Y46.1 E.03986
G1 X32.825 Y46.1 E.07869
G1 X32.825 Y47.517 E.03824
G1 X33.231 Y47.983 F9000
G1 F1800
G1 X29.503 Y47.983 E.1006
G1 X29.503 Y45.694 E.06177
G1 X33.231 Y45.694 E.1006
G1 X33.231 Y47.923 E.06015
G1 X33.627 Y48.379 F9000
;TYPE:External perimeter
;WIDTH:0.419999
G1 F1800
G1 X29.108 Y48.379 E.11593
G1 X29.108 Y45.299 E.07902
G1 X33.627 Y45.299 E.11593
G1 X33.627 Y48.319 E.07748
G1 E-3.5 F3600
;WIPE_START
G1 F7200
G1 X33.627 Y48.379 E-.0285
G1 X30.529 Y48.379 E-1.4715
;WIPE_END
G1 X30.424 Y46.412 F9000
G1 E5 F2400
;TYPE:Internal infill
;WIDTH:0.44
G1 F3600
G1 X30.221 Y46.615 E.00775
G1 E-3.5
;WIPE_START
G1 F7200
G1 X30.424 Y46.412 E-.13637
;WIPE_END
G1 E-1.36363 F3600
G1 X29.927 Y28.059 F9000
G1 E5 F2400
;TYPE:Perimeter
;WIDTH:0.475842
G1 F1800
G1 X29.927 Y27.618 E.01295
G1 X32.807 Y27.618 E.08458
G1 X32.807 Y28.059 E.01295
G1 X29.987 Y28.059 E.08282
G1 X29.503 Y28.483 F9000
;WIDTH:0.439999
G1 F1800
G1 X29.503 Y27.194 E.03478
G1 X33.231 Y27.194 E.1006
G1 X33.231 Y28.483 E.03478
G1 X29.563 Y28.483 E.09898
G1 X29.108 Y28.879 F9000
;TYPE:External perimeter
;WIDTH:0.419999
G1 F1800
G1 X29.108 Y26.799 E.05336
G1 X33.627 Y26.799 E.11593
G1 X33.627 Y28.879 E.05336
G1 X29.168 Y28.879 E.11439
G1 E-3.5 F3600
;WIPE_START
G1 F7200
G1 X29.108 Y28.879 E-.0285
G1 X29.108 Y26.799 E-.988
G1 X30.126 Y26.799 E-.4835
;WIPE_END
G1 X78.267 Y27.6 F9000
G1 E5 F2400
;TYPE:Perimeter
;WIDTH:0.439999
G1 F1800
G1 X79.184 Y27.6 E.02475
G1 X79.184 Y30.677 E.08303
G1 X78.267 Y30.677 E.02475
G1 X78.267 Y27.66 E.08141
G1 X77.903 Y27.194 F9000
G1 F1800
G1 X79.59 Y27.194 E.04552
G1 X79.59 Y31.083 E.10494
G1 X77.862 Y31.083 E.04663
G1 X77.862 Y27.213 E.10443
G1 X77.515 Y26.799 F9000
;TYPE:External perimeter
;WIDTH:0.419999
G1 F1800
G1 X79.985 Y26.799 E.06337
G1 X79.985 Y31.479 E.12006
G1 X77.466 Y31.479 E.06462
G1 X77.466 Y26.81 E.11978
G1 E-3.5 F3600
;WIPE_START
G1 F7200
G1 X77.515 Y26.799 E-.02385
G1 X79.985 Y26.799 E-1.17325
G1 X79.985 Y27.437 E-.3029
;WIPE_END
G1 X78.551 Y30.219 F9000
G1 E5 F2400
;TYPE:Solid infill
;WIDTH:0.383016
G1 F3600
G1 X78.551 Y27.884 E.05416
G1 X78.9 Y27.884 E.00809
G1 X78.9 Y30.394 E.05822
G1 X78.58 Y30.394 E.00742
G1 E-3.5
;WIPE_START
G1 F7200
G1 X78.9 Y30.394 E-.152
G1 X78.9 Y27.884 E-1.19225
G1 X78.572 Y27.884 E-.15575
;WIPE_END
G1 X72.825 Y30.677 F9000
G1 E5 F2400
;TYPE:Perimeter
;WIDTH:0.439999
G1 F3600
G1 X55.496 Y30.677 E.46762
G1 X55.095 Y30.833 E.01161
G1 X54.9 Y30.996 E.00686
G1 X54.683 Y31.367 E.0116
G1 X54.635 Y31.672 E.00833
G1 X54.635 Y42.834 E.3012
G1 X54.748 Y43.166 E.00946
G1 X54.88 Y43.36 E.00633
G1 X55.077 Y43.533 E.00707
G1 X55.335 Y43.655 E.0077
G1 X55.629 Y43.7 E.00803
G1 X72.825 Y43.7 E.46403
G1 X72.825 Y47.577 E.10462
G1 X38.267 Y47.577 E.93254
G1 X38.267 Y46.1 E.03986
G1 X48.192 Y46.1 E.26782
G1 X48.531 Y45.983 E.00968
G1 X48.859 Y45.702 E.01165
G1 X49.018 Y45.384 E.00959
G1 X49.058 Y45.106 E.00758
G1 X49.058 Y29.072 E.43267
G1 X48.981 Y28.689 E.01054
G1 X48.66 Y28.276 E.01412
;WIDTH:0.475842
G1 X48.064 Y28.059 E.01863
G1 X38.285 Y28.059 E.2872
G1 X38.285 Y27.618 E.01295
G1 X48.064 Y27.618 E.2872
G1 X48.885 Y27.6 E.02412
;WIDTH:0.439999
G1 X72.825 Y27.6 E.64602
G1 X72.825 Y30.617 E.08141
G1 X73.231 Y31.083 F9000
G1 F3600
G1 X55.55 Y31.083 E.47712
G1 X55.313 Y31.175 E.00686
G1 X55.117 Y31.381 E.00767
G1 X55.041 Y31.672 E.00812
G1 X55.041 Y42.789 E.29999
G1 X55.186 Y43.093 E.00909
G1 X55.455 Y43.268 E.00866
G1 X55.629 Y43.294 E.00475
G1 X73.231 Y43.294 E.47499
G1 X73.231 Y47.983 E.12653
G1 X37.862 Y47.983 E.95443
G1 X37.862 Y45.694 E.06177
G1 X48.064 Y45.694 E.2753
G1 X48.341 Y45.625 E.0077
G1 X48.534 Y45.459 E.00687
G1 X48.629 Y45.271 E.00568
G1 X48.652 Y45.106 E.0045
G1 X48.652 Y29.072 E.43267
G1 X48.607 Y28.845 E.00624
G1 X48.417 Y28.601 E.00835
G1 X48.064 Y28.483 E.01004
G1 X37.862 Y28.483 E.2753
G1 X37.862 Y27.194 E.03478
G1 X73.231 Y27.194 E.95443
G1 X73.231 Y31.023 E.10332
G1 X73.627 Y31.479 F9000
;TYPE:External perimeter
;WIDTH:0.419999
G1 F1800
G1 X55.629 Y31.479 E.46173
G1 X55.488 Y31.541 E.00395
G1 X55.436 Y31.672 E.00362
G1 X55.436 Y42.706 E.28307
G1 X55.484 Y42.833 E.00348
G1 X55.629 Y42.899 E.00409
G1 X73.627 Y42.899 E.46173
G1 X73.627 Y48.379 E.14059
G1 X37.466 Y48.379 E.92769
G1 X37.466 Y45.299 E.07902
G1 X48.064 Y45.299 E.27189
G1 X48.218 Y45.222 E.00442
G1 X48.256 Y45.106 E.00313
G1 X48.256 Y29.072 E.41134
G1 X48.179 Y28.917 E.00444
G1 X48.064 Y28.879 E.00311
G1 X37.466 Y28.879 E.27189
G1 X37.466 Y26.799 E.05336
G1 X73.627 Y26.799 E.92769
G1 X73.627 Y31.419 E.11852
G1 E-3.5 F3600
;WIPE_START
G1 F7200
G1 X73.627 Y31.479 E-.0285
G1 X70.529 Y31.479 E-1.4715
;WIPE_END
G1 X72.513 Y29.705 F9000
G1 E5 F2400
;TYPE:Internal infill
;WIDTH:0.44
G1 F3600
G1 X72.513 Y27.912 E.04838
G1 X71.872 Y27.912 E.0173
G1 X69.419 Y30.365 E.09361
G1 X70.271 Y30.365 E.02299
G1 X67.818 Y27.912 E.09361
G1 X64.223 Y27.912 E.09701
G1 X61.77 Y30.365 E.09361
G1 X62.621 Y30.365 E.02296
G1 X60.169 Y27.912 E.09359
G1 X56.573 Y27.912 E.09704
G1 X49.37 Y35.116 E.2749
G1 X49.37 Y32.412 E.07297
G1 X54.323 Y37.365 E.18902
G1 X54.323 Y37.812 E.01206
G1 X49.37 Y42.765 E.18902
G1 X49.37 Y40.062 E.07294
G1 X56.573 Y47.265 E.27488
G1 X60.169 Y47.265 E.09704
G1 X63.421 Y44.012 E.12412
G1 X60.97 Y44.012 E.06614
G1 X64.223 Y47.265 E.12414
G1 X67.818 Y47.265 E.09701
G1 X71.071 Y44.012 E.12414
G1 X68.619 Y44.012 E.06617
G1 X71.872 Y47.265 E.12414
G1 X72.513 Y47.265 E.0173
G1 X72.513 Y45.472 E.04838
G1 E-3.5
;WIPE_START
G1 F7200
G1 X72.513 Y47.265 E-.85167
G1 X71.872 Y47.265 E-.30448
G1 X71.36 Y46.753 E-.34385
;WIPE_END
G1 X49.37 Y30.275 F9000
G1 E5 F2400
G1 F3600
G1 X49.37 Y29.061 E.03276
G1 X49.271 Y28.564 E.01367
G1 X48.824 Y28.013 E.01915
G1 X48.924 Y27.912 E.00384
G1 X52.519 Y27.912 E.09701
G1 X55.098 Y30.491 E.09842
G1 X54.67 Y30.783 E.01398
G1 X54.384 Y31.273 E.01531
G1 X54.323 Y31.663 E.01065
G1 X54.323 Y32.609 E.02553
G1 E-3.5
;WIPE_START
G1 F7200
G1 X54.323 Y31.663 E-.44935
G1 X54.384 Y31.273 E-.1875
G1 X54.67 Y30.783 E-.2695
G1 X55.098 Y30.491 E-.24611
G1 X54.581 Y29.974 E-.34754
;WIPE_END
G1 X54.323 Y42.462 F9000
G1 E5 F2400
G1 F3600
G1 X54.361 Y43.022 E.01515
G1 X54.645 Y43.566 E.01656
G1 X54.904 Y43.794 E.00931
G1 X55.242 Y43.955 E.0101
G1 X55.772 Y44.012 E.01438
G1 X52.519 Y47.265 E.12414
G1 X48.924 Y47.265 E.09701
G1 X48.071 Y46.412 E.03255
G1 X45.723 Y46.412 E.06336
G1 X44.87 Y47.265 E.03255
G1 X41.275 Y47.265 E.09701
G1 X40.422 Y46.412 E.03255
G1 X38.58 Y46.412 E.04971
G1 X38.58 Y47.004 E.01598
G1 E-3.5
;WIPE_START
G1 F7200
G1 X38.58 Y46.412 E-.2812
G1 X40.422 Y46.412 E-.87495
G1 X40.934 Y46.924 E-.34385
;WIPE_END
G1 X78.267 Y47.577 F9000
G1 E5 F2400
;TYPE:Perimeter
;WIDTH:0.439999
G1 F1800
G1 X78.267 Y43.7 E.10462
G1 X79.184 Y43.7 E.02475
G1 X79.184 Y47.577 E.10462
G1 X78.327 Y47.577 E.02313
G1 X77.862 Y47.983 F9000
G1 F1800
G1 X77.862 Y43.294 E.12653
G1 X79.59 Y43.294 E.04663
G1 X79.59 Y47.983 E.12653
G1 X77.922 Y47.983 E.04501
G1 X77.466 Y48.379 F9000
;TYPE:External perimeter
;WIDTH:0.419999
G1 F1800
G1 X77.466 Y42.899 E.14059
G1 X79.985 Y42.899 E.06462
G1 X79.985 Y48.379 E.14059
G1 X77.526 Y48.379 E.06308
G1 X78.551 Y47.119 F9000
;TYPE:Solid infill
;WIDTH:0.383016
G1 F3600
G1 X78.551 Y43.984 E.07271
G1 X78.9 Y43.984 E.00809
G1 X78.9 Y47.294 E.07677
G1 X78.58 Y47.294 E.00742
;LAYER_CHANGE
;Z:7.08
;HEIGHT:0.16
;BEFORE_LAYER_CHANGE
G92 E0
;7.08


G1 E-3.5 F3600
;WIPE_START
G1 F7200
G1 X78.9 Y47.294 E-.152
G1 X78.9 Y44.456 E-1.348
;WIPE_END
G1 Z7.08 F9000
;AFTER_LAYER_CHANGE
;7.08
G1 X33.016 Y47.577
G1 E5 F2400
;TYPE:Perimeter
;WIDTH:0.439999
G1 F1800
G1 X29.976 Y47.577 E.08203
G1 X29.976 Y46.1 E.03986
G1 X33.016 Y46.1 E.08203
G1 X33.016 Y47.517 E.03824
G1 X33.421 Y47.983 F9000
G1 F1800
G1 X29.571 Y47.983 E.10389
G1 X29.571 Y45.694 E.06177
G1 X33.421 Y45.694 E.10389
G1 X33.421 Y47.923 E.06015
G1 X33.817 Y48.379 F9000
;TYPE:External perimeter
;WIDTH:0.419999
G1 F1800
G1 X29.175 Y48.379 E.11909
G1 X29.175 Y45.299 E.07902
G1 X33.817 Y45.299 E.11909
G1 X33.817 Y48.319 E.07748
G1 E-3.5 F3600
;WIPE_START
G1 F7200
G1 X33.817 Y48.379 E-.0285
G1 X30.719 Y48.379 E-1.4715
;WIPE_END
G1 X32.998 Y28.059 F9000
G1 E5 F2400
;TYPE:Perimeter
;WIDTH:0.475842
G1 F1800
G1 X29.994 Y28.059 E.08822
G1 X29.994 Y27.618 E.01295
G1 X32.998 Y27.618 E.08822
G1 X32.998 Y27.999 E.01119
G1 X33.421 Y28.483 F9000
;WIDTH:0.439999
G1 F1800
G1 X29.571 Y28.483 E.10389
G1 X29.571 Y27.194 E.03478
G1 X33.421 Y27.194 E.10389
G1 X33.421 Y28.423 E.03316
G1 X33.817 Y28.879 F9000
;TYPE:External perimeter
;WIDTH:0.419999
G1 F1800
G1 X29.175 Y28.879 E.11909
G1 X29.175 Y26.799 E.05336
G1 X33.817 Y26.799 E.11909
G1 X33.817 Y28.819 E.05182
G1 E-3.5 F3600
;WIPE_START
G1 F7200
G1 X33.817 Y28.879 E-.0285
G1 X30.719 Y28.879 E-1.4715
;WIPE_END
G1 X38.095 Y28.059 F9000
G1 E5 F2400
;TYPE:Perimeter
;WIDTH:0.475842
G1 F3600
G1 X38.095 Y27.618 E.01295
G1 X48.064 Y27.618 E.29278
G1 X48.885 Y27.6 E.02412
;WIDTH:0.439999
G1 X73.016 Y27.6 E.65117
G1 X73.016 Y30.677 E.08303
G1 X55.496 Y30.677 E.47277
G1 X55.095 Y30.833 E.01161
G1 X54.9 Y30.996 E.00686
G1 X54.683 Y31.367 E.0116
G1 X54.635 Y31.672 E.00833
G1 X54.635 Y42.834 E.3012
G1 X54.748 Y43.166 E.00946
G1 X54.88 Y43.36 E.00633
G1 X55.077 Y43.533 E.00707
G1 X55.335 Y43.655 E.0077
G1 X55.629 Y43.7 E.00803
G1 X73.016 Y43.7 E.46918
G1 X73.016 Y47.577 E.10462
G1 X38.077 Y47.577 E.94282
G1 X38.077 Y46.1 E.03986
G1 X48.192 Y46.1 E.27295
G1 X48.531 Y45.983 E.00968
G1 X48.859 Y45.702 E.01165
G1 X49.018 Y45.384 E.00959
G1 X49.058 Y45.106 E.00758
G1 X49.058 Y29.072 E.43267
G1 X48.981 Y28.689 E.01054
G1 X48.66 Y28.276 E.01412
;WIDTH:0.475842
G1 X48.064 Y28.059 E.01863
G1 X38.155 Y28.059 E.29102
G1 X37.672 Y28.483 F9000
;WIDTH:0.439999
G1 F3600
G1 X37.672 Y27.194 E.03478
G1 X73.421 Y27.194 E.96468
G1 X73.421 Y31.083 E.10494
G1 X55.55 Y31.083 E.48225
G1 X55.313 Y31.175 E.00686
G1 X55.117 Y31.381 E.00767
G1 X55.041 Y31.672 E.00812
G1 X55.041 Y42.789 E.29999
G1 X55.186 Y43.093 E.00909
G1 X55.455 Y43.268 E.00866
G1 X55.629 Y43.294 E.00475
G1 X73.421 Y43.294 E.48011
G1 X73.421 Y47.983 E.12653
G1 X37.672 Y47.983 E.96468
G1 X37.672 Y45.694 E.06177
G1 X48.064 Y45.694 E.28043
G1 X48.341 Y45.625 E.0077
G1 X48.534 Y45.459 E.00687
G1 X48.629 Y45.271 E.00568
G1 X48.652 Y45.106 E.0045
G1 X48.652 Y29.072 E.43267
G1 X48.607 Y28.845 E.00624
G1 X48.417 Y28.601 E.00835
G1 X48.064 Y28.483 E.01004
G1 X37.732 Y28.483 E.27881
G1 X37.276 Y28.879 F9000
;TYPE:External perimeter
;WIDTH:0.419999
G1 F1800
G1 X37.276 Y26.799 E.05336
G1 X73.817 Y26.799 E.93744
G1 X73.817 Y31.479 E.12006
G1 X55.629 Y31.479 E.4666
G1 X55.488 Y31.541 E.00395
G1 X55.436 Y31.672 E.00362
G1 X55.436 Y42.706 E.28307
G1 X55.484 Y42.833 E.00348
G1 X55.629 Y42.899 E.00409
G1 X73.817 Y42.899 E.4666
G1 X73.817 Y48.379 E.14059
G1 X37.276 Y48.379 E.93744
G1 X37.276 Y45.299 E.07902
G1 X48.064 Y45.299 E.27676
G1 X48.218 Y45.222 E.00442
G1 X48.256 Y45.106 E.00313
G1 X48.256 Y29.072 E.41134
G1 X48.179 Y28.917 E.00444
G1 X48.064 Y28.879 E.00311
G1 X37.336 Y28.879 E.27522
G1 E-3.5 F3600
;WIPE_START
G1 F7200
G1 X37.276 Y28.879 E-.0285
G1 X37.276 Y26.799 E-.988
G1 X38.294 Y26.799 E-.4835
;WIPE_END
G1 X49.37 Y30.275 F9000
G1 E5 F2400
;TYPE:Internal infill
;WIDTH:0.44
G1 F3600
G1 X49.37 Y29.061 E.03276
G1 X49.271 Y28.564 E.01367
G1 X48.824 Y28.013 E.01915
G1 X48.924 Y27.912 E.00384
G1 X52.519 Y27.912 E.09701
G1 X55.098 Y30.491 E.09842
G1 X54.67 Y30.783 E.01398
G1 X54.384 Y31.273 E.01531
G1 X54.323 Y31.663 E.01065
G1 X54.323 Y32.609 E.02553
G1 E-3.5
;WIPE_START
G1 F7200
G1 X54.323 Y31.663 E-.44935
G1 X54.384 Y31.273 E-.1875
G1 X54.67 Y30.783 E-.2695
G1 X55.098 Y30.491 E-.24611
G1 X54.581 Y29.974 E-.34754
;WIPE_END
G1 X54.323 Y42.462 F9000
G1 E5 F2400
G1 F3600
G1 X54.361 Y43.022 E.01515
G1 X54.645 Y43.566 E.01656
G1 X54.904 Y43.794 E.00931
G1 X55.242 Y43.955 E.0101
G1 X55.772 Y44.012 E.01438
G1 X52.519 Y47.265 E.12414
G1 X48.924 Y47.265 E.09701
G1 X48.071 Y46.412 E.03255
G1 X45.723 Y46.412 E.06336
G1 X44.87 Y47.265 E.03255
G1 X41.275 Y47.265 E.09701
G1 X40.422 Y46.412 E.03255
G1 X38.39 Y46.412 E.05483
G1 X38.39 Y46.814 E.01085
G1 E-3.5
;WIPE_START
G1 F7200
G1 X38.39 Y46.412 E-.19095
G1 X40.422 Y46.412 E-.9652
G1 X40.934 Y46.924 E-.34385
;WIPE_END
G1 X72.703 Y45.662 F9000
G1 E5 F2400
G1 F3600
G1 X72.703 Y47.265 E.04326
G1 X71.872 Y47.265 E.02242
G1 X68.619 Y44.012 E.12414
G1 X71.071 Y44.012 E.06617
G1 X67.818 Y47.265 E.12414
G1 X64.223 Y47.265 E.09701
G1 X60.97 Y44.012 E.12414
G1 X63.421 Y44.012 E.06614
G1 X60.169 Y47.265 E.12412
G1 X56.573 Y47.265 E.09704
G1 X49.37 Y40.062 E.27488
G1 X49.37 Y42.765 E.07294
G1 X54.323 Y37.812 E.18902
G1 X54.323 Y37.365 E.01206
G1 X49.37 Y32.412 E.18902
G1 X49.37 Y35.116 E.07297
G1 X56.573 Y27.912 E.2749
G1 X60.169 Y27.912 E.09704
G1 X62.621 Y30.365 E.09359
G1 X61.77 Y30.365 E.02296
G1 X64.223 Y27.912 E.09361
G1 X67.818 Y27.912 E.09701
G1 X70.271 Y30.365 E.09361
G1 X69.419 Y30.365 E.02299
G1 X71.872 Y27.912 E.09361
G1 X72.703 Y27.912 E.02242
G1 X72.703 Y29.515 E.04326
G1 E-3.5
;WIPE_START
G1 F7200
G1 X72.703 Y27.912 E-.76143
G1 X71.872 Y27.912 E-.39473
G1 X71.36 Y28.424 E-.34384
;WIPE_END
G1 X78.077 Y30.677 F9000
G1 E5 F2400
;TYPE:Perimeter
;WIDTH:0.439999
G1 F1800
G1 X78.077 Y27.6 E.08303
G1 X79.116 Y27.6 E.02804
G1 X79.116 Y30.677 E.08303
G1 X78.137 Y30.677 E.02642
G1 X77.672 Y31.083 F9000
G1 F1800
G1 X77.672 Y27.194 E.10494
G1 X79.522 Y27.194 E.04992
G1 X79.522 Y31.083 E.10494
G1 X77.732 Y31.083 E.0483
G1 X77.276 Y31.479 F9000
;TYPE:External perimeter
;WIDTH:0.419999
G1 F1800
G1 X77.276 Y26.799 E.12006
G1 X79.918 Y26.799 E.06778
G1 X79.918 Y31.479 E.12006
G1 X77.336 Y31.479 E.06624
G1 E-3.5 F3600
;WIPE_START
G1 F7200
G1 X77.276 Y31.479 E-.0285
G1 X77.276 Y28.381 E-1.4715
;WIPE_END
G1 X78.392 Y27.915 F9000
G1 E5 F2400
;TYPE:Solid infill
;WIDTH:0.444423
G1 F3600
G1 X78.802 Y27.915 E.01118
G1 X78.802 Y30.363 E.06678
G1 X78.392 Y30.363 E.01118
G1 X78.392 Y28.117 E.06127
G1 E-3.5
;WIPE_START
G1 F7200
G1 X78.392 Y30.363 E-1.06685
G1 X78.802 Y30.363 E-.19475
G1 X78.802 Y29.861 E-.2384
;WIPE_END
G1 X78.077 Y43.7 F9000
G1 E5 F2400
;TYPE:Perimeter
;WIDTH:0.439999
G1 F1800
G1 X79.116 Y43.7 E.02804
G1 X79.116 Y47.577 E.10462
G1 X78.077 Y47.577 E.02804
G1 X78.077 Y43.76 E.103
G1 X77.672 Y43.294 F9000
G1 F1800
G1 X79.522 Y43.294 E.04992
G1 X79.522 Y47.983 E.12653
G1 X77.672 Y47.983 E.04992
G1 X77.672 Y43.354 E.12491
G1 X77.276 Y42.899 F9000
;TYPE:External perimeter
;WIDTH:0.419999
G1 F1800
G1 X79.918 Y42.899 E.06778
G1 X79.918 Y48.379 E.14059
G1 X77.276 Y48.379 E.06778
G1 X77.276 Y42.959 E.13905
G1 X78.392 Y44.015 F9000
;TYPE:Solid infill
;WIDTH:0.444423
G1 F3600
G1 X78.802 Y44.015 E.01118
G1 X78.802 Y47.263 E.0886
G1 X78.392 Y47.263 E.01118
G1 X78.392 Y44.217 E.08309
;LAYER_CHANGE
;Z:7.24
;HEIGHT:0.16
;BEFORE_LAYER_CHANGE
G92 E0
;7.24


G1 E-3.5 F3600
;WIPE_START
G1 F7200
G1 X78.392 Y47.263 E-1.44685
G1 X78.504 Y47.263 E-.05315
;WIPE_END
G1 Z7.24 F9000
;AFTER_LAYER_CHANGE
;7.24
G1 X30.05 Y46.1
G1 E5 F2400
;TYPE:Perimeter
;WIDTH:0.439999
G1 F1800
G1 X33.253 Y46.1 E.08643
G1 X33.253 Y47.577 E.03986
G1 X30.05 Y47.577 E.08643
G1 X30.05 Y46.16 E.03824
G1 X29.644 Y45.694 F9000
G1 F1800
G1 X33.659 Y45.694 E.10834
G1 X33.659 Y47.983 E.06177
G1 X29.644 Y47.983 E.10834
G1 X29.644 Y45.754 E.06015
G1 X29.249 Y45.299 F9000
;TYPE:External perimeter
;WIDTH:0.419999
G1 F1800
G1 X34.054 Y45.299 E.12327
G1 X34.054 Y48.379 E.07902
G1 X29.249 Y48.379 E.12327
G1 X29.249 Y45.359 E.07748
G1 E-3.5 F3600
;WIPE_START
G1 F7200
G1 X29.249 Y45.299 E-.0285
G1 X32.347 Y45.299 E-1.4715
;WIPE_END
G1 X30.068 Y28.059 F9000
G1 E5 F2400
;TYPE:Perimeter
;WIDTH:0.475842
G1 F1800
G1 X30.068 Y27.618 E.01295
G1 X33.235 Y27.618 E.09301
G1 X33.235 Y28.059 E.01295
G1 X30.128 Y28.059 E.09125
G1 X29.644 Y28.483 F9000
;WIDTH:0.439999
G1 F1800
G1 X29.644 Y27.194 E.03478
G1 X33.659 Y27.194 E.10834
G1 X33.659 Y28.483 E.03478
G1 X29.704 Y28.483 E.10672
G1 X29.249 Y28.879 F9000
;TYPE:External perimeter
;WIDTH:0.419999
G1 F1800
G1 X29.249 Y26.799 E.05336
G1 X34.054 Y26.799 E.12327
G1 X34.054 Y28.879 E.05336
G1 X29.309 Y28.879 E.12173
G1 E-3.5 F3600
;WIPE_START
G1 F7200
G1 X29.249 Y28.879 E-.0285
G1 X29.249 Y26.799 E-.988
G1 X30.267 Y26.799 E-.4835
;WIPE_END
G1 X48.748 Y28.39 F9000
G1 E5 F2400
;TYPE:Perimeter
;WIDTH:0.439999
G1 F3600
G1 X48.66 Y28.276 E.00389
;WIDTH:0.475842
G1 X48.064 Y28.059 E.01863
G1 X37.858 Y28.059 E.29974
G1 X37.858 Y27.618 E.01295
G1 X48.064 Y27.618 E.29974
G1 X48.885 Y27.6 E.02412
;WIDTH:0.439999
G1 X73.253 Y27.6 E.65757
G1 X73.253 Y30.677 E.08303
G1 X55.496 Y30.677 E.47917
G1 X55.095 Y30.833 E.01161
G1 X54.9 Y30.996 E.00686
G1 X54.683 Y31.367 E.0116
G1 X54.635 Y31.672 E.00833
G1 X54.635 Y42.834 E.3012
G1 X54.748 Y43.166 E.00946
G1 X54.88 Y43.36 E.00633
G1 X55.077 Y43.533 E.00707
G1 X55.335 Y43.655 E.0077
G1 X55.629 Y43.7 E.00803
G1 X73.253 Y43.7 E.47558
G1 X73.253 Y47.577 E.10462
G1 X37.84 Y47.577 E.95561
G1 X37.84 Y46.1 E.03986
G1 X48.192 Y46.1 E.27935
G1 X48.531 Y45.983 E.00968
G1 X48.859 Y45.702 E.01165
G1 X49.018 Y45.384 E.00959
G1 X49.058 Y45.106 E.00758
G1 X49.058 Y29.072 E.43267
G1 X48.981 Y28.689 E.01054
G1 X48.785 Y28.437 E.00861
G1 X48.469 Y28.669 F9000
G1 F3600
G1 X48.417 Y28.601 E.00231
G1 X48.064 Y28.483 E.01004
G1 X37.434 Y28.483 E.28685
G1 X37.434 Y27.194 E.03478
G1 X73.659 Y27.194 E.97752
G1 X73.659 Y31.083 E.10494
G1 X55.55 Y31.083 E.48867
G1 X55.313 Y31.175 E.00686
G1 X55.117 Y31.381 E.00767
G1 X55.041 Y31.672 E.00812
G1 X55.041 Y42.789 E.29999
G1 X55.186 Y43.093 E.00909
G1 X55.455 Y43.268 E.00866
G1 X55.629 Y43.294 E.00475
G1 X73.659 Y43.294 E.48654
G1 X73.659 Y47.983 E.12653
G1 X37.434 Y47.983 E.97752
G1 X37.434 Y45.694 E.06177
G1 X48.064 Y45.694 E.28685
G1 X48.341 Y45.625 E.0077
G1 X48.534 Y45.459 E.00687
G1 X48.629 Y45.271 E.00568
G1 X48.652 Y45.106 E.0045
G1 X48.652 Y29.072 E.43267
G1 X48.607 Y28.845 E.00624
G1 X48.506 Y28.716 E.00442
G1 X48.194 Y28.946 F9000
;TYPE:External perimeter
;WIDTH:0.419999
G1 F1800
G1 X48.179 Y28.917 E.00084
G1 X48.064 Y28.879 E.00311
G1 X37.039 Y28.879 E.28284
G1 X37.039 Y26.799 E.05336
G1 X74.054 Y26.799 E.9496
G1 X74.054 Y31.479 E.12006
G1 X55.629 Y31.479 E.47268
G1 X55.488 Y31.541 E.00395
G1 X55.436 Y31.672 E.00362
G1 X55.436 Y42.706 E.28307
G1 X55.484 Y42.833 E.00348
G1 X55.629 Y42.899 E.00409
G1 X74.054 Y42.899 E.47268
G1 X74.054 Y48.379 E.14059
G1 X37.039 Y48.379 E.9496
G1 X37.039 Y45.299 E.07902
G1 X48.064 Y45.299 E.28284
G1 X48.218 Y45.222 E.00442
G1 X48.256 Y45.106 E.00313
G1 X48.256 Y29.072 E.41134
G1 X48.22 Y29 E.00207
G1 X49.37 Y30.275 F9000
;TYPE:Internal infill
;WIDTH:0.44
G1 F3600
G1 X49.37 Y29.061 E.03276
G1 X49.271 Y28.564 E.01367
G1 X48.824 Y28.013 E.01915
G1 X48.924 Y27.912 E.00384
G1 X52.519 Y27.912 E.09701
G1 X55.098 Y30.491 E.09842
G1 X54.67 Y30.783 E.01398
G1 X54.384 Y31.273 E.01531
G1 X54.323 Y31.663 E.01065
G1 X54.323 Y32.609 E.02553
G1 E-3.5
;WIPE_START
G1 F7200
G1 X54.323 Y31.663 E-.44935
G1 X54.384 Y31.273 E-.1875
G1 X54.67 Y30.783 E-.2695
G1 X55.098 Y30.491 E-.24611
G1 X54.581 Y29.974 E-.34754
;WIPE_END
G1 X54.323 Y42.462 F9000
G1 E5 F2400
G1 F3600
G1 X54.361 Y43.022 E.01515
G1 X54.645 Y43.566 E.01656
G1 X54.904 Y43.794 E.00931
G1 X55.242 Y43.955 E.0101
G1 X55.772 Y44.012 E.01438
G1 X52.519 Y47.265 E.12414
G1 X48.924 Y47.265 E.09701
G1 X48.071 Y46.412 E.03255
G1 X45.723 Y46.412 E.06336
G1 X44.87 Y47.265 E.03255
G1 X41.275 Y47.265 E.09701
G1 X40.422 Y46.412 E.03255
G1 X38.152 Y46.412 E.06126
G1 X38.152 Y46.576 E.00443
G1 E-3.5
;WIPE_START
G1 F7200
G1 X38.152 Y46.412 E-.0779
G1 X40.422 Y46.412 E-1.07825
G1 X40.934 Y46.924 E-.34385
;WIPE_END
G1 X72.941 Y45.9 F9000
G1 E5 F2400
G1 F3600
G1 X72.941 Y47.265 E.03683
G1 X71.872 Y47.265 E.02885
G1 X68.619 Y44.012 E.12414
G1 X71.071 Y44.012 E.06617
G1 X67.818 Y47.265 E.12414
G1 X64.223 Y47.265 E.09701
G1 X60.97 Y44.012 E.12414
G1 X63.421 Y44.012 E.06614
G1 X60.169 Y47.265 E.12412
G1 X56.573 Y47.265 E.09704
G1 X49.37 Y40.062 E.27488
G1 X49.37 Y42.765 E.07294
G1 X54.323 Y37.812 E.18902
G1 X54.323 Y37.365 E.01206
G1 X49.37 Y32.412 E.18902
G1 X49.37 Y35.116 E.07297
G1 X56.573 Y27.912 E.2749
G1 X60.169 Y27.912 E.09704
G1 X62.621 Y30.365 E.09359
G1 X61.77 Y30.365 E.02296
G1 X64.223 Y27.912 E.09361
G1 X67.818 Y27.912 E.09701
G1 X70.271 Y30.365 E.09361
G1 X69.419 Y30.365 E.02299
G1 X71.872 Y27.912 E.09361
G1 X72.941 Y27.912 E.02885
G1 X72.941 Y29.278 E.03686
G1 E-3.5
;WIPE_START
G1 F7200
G1 X72.941 Y27.912 E-.64885
G1 X71.872 Y27.912 E-.50778
G1 X71.361 Y28.423 E-.34337
;WIPE_END
G1 X79.043 Y30.677 F9000
G1 E5 F2400
;TYPE:Perimeter
;WIDTH:0.439999
G1 F1800
G1 X77.84 Y30.677 E.03246
G1 X77.84 Y27.6 E.08303
G1 X79.043 Y27.6 E.03246
G1 X79.043 Y30.617 E.08141
G1 X79.448 Y31.083 F9000
G1 F1800
G1 X77.434 Y31.083 E.05435
G1 X77.434 Y27.194 E.10494
G1 X79.448 Y27.194 E.05435
G1 X79.448 Y31.023 E.10332
G1 X79.844 Y31.479 F9000
;TYPE:External perimeter
;WIDTH:0.419999
G1 F1800
G1 X77.039 Y31.479 E.07196
G1 X77.039 Y26.799 E.12006
G1 X79.844 Y26.799 E.07196
G1 X79.844 Y31.419 E.11852
G1 X78.195 Y30.322 F9000
;TYPE:Solid infill
;WIDTH:0.526195
G1 F3600
G1 X78.195 Y27.956 E.07741
G1 X78.687 Y27.956 E.0161
G1 X78.687 Y30.322 E.07741
G1 X78.398 Y30.322 E.00946
G1 E-3.5
;WIPE_START
G1 F7200
G1 X78.687 Y30.322 E-.13728
G1 X78.687 Y27.956 E-1.12385
G1 X78.195 Y27.956 E-.2337
G1 X78.195 Y27.967 E-.00517
;WIPE_END
G1 X79.043 Y43.7 F9000
G1 E5 F2400
;TYPE:Perimeter
;WIDTH:0.439999
G1 F1800
G1 X79.043 Y47.577 E.10462
G1 X77.84 Y47.577 E.03246
G1 X77.84 Y43.7 E.10462
G1 X78.983 Y43.7 E.03084
G1 X79.448 Y43.294 F9000
G1 F1800
G1 X79.448 Y47.983 E.12653
G1 X77.434 Y47.983 E.05435
G1 X77.434 Y43.294 E.12653
G1 X79.388 Y43.294 E.05273
G1 X79.844 Y42.899 F9000
;TYPE:External perimeter
;WIDTH:0.419999
G1 F1800
G1 X79.844 Y48.379 E.14059
G1 X77.039 Y48.379 E.07196
G1 X77.039 Y42.899 E.14059
G1 X79.784 Y42.899 E.07042
G1 E-3.5 F3600
;WIPE_START
G1 F7200
G1 X79.844 Y42.899 E-.0285
G1 X79.844 Y45.997 E-1.4715
;WIPE_END
G1 X78.195 Y47.222 F9000
G1 E5 F2400
;TYPE:Solid infill
;WIDTH:0.526195
G1 F3600
G1 X78.195 Y44.056 E.10359
G1 X78.687 Y44.056 E.0161
G1 X78.687 Y47.222 E.10359
G1 X78.398 Y47.222 E.00946
;LAYER_CHANGE
;Z:7.4
;HEIGHT:0.16
;BEFORE_LAYER_CHANGE
G92 E0
;7.4


G1 E-3.5 F3600
;WIPE_START
G1 F7200
G1 X78.687 Y47.222 E-.13728
G1 X78.687 Y44.353 E-1.36272
;WIPE_END
G1 Z7.4 F9000
;AFTER_LAYER_CHANGE
;7.4
G1 X33.573 Y47.298
G1 E5 F2400
;TYPE:Perimeter
;WIDTH:0.439999
G1 F1800
G1 X33.573 Y47.577 E.00753
G1 X30.13 Y47.577 E.09291
G1 X30.13 Y46.1 E.03986
G1 X33.573 Y46.1 E.09291
G1 X33.573 Y47.238 E.03071
G1 X33.978 Y47.865 F9000
G1 F1800
G1 X33.978 Y47.983 E.00318
G1 X29.724 Y47.983 E.11479
G1 X29.724 Y45.694 E.06177
G1 X33.978 Y45.694 E.11479
G1 X33.978 Y47.805 E.05696
G1 X34.374 Y48.379 F9000
;TYPE:External perimeter
;WIDTH:0.419999
G1 F1800
G1 X29.328 Y48.379 E.12945
G1 X29.328 Y45.299 E.07902
G1 X34.374 Y45.299 E.12945
G1 X34.374 Y48.319 E.07748
G1 X33.26 Y46.9 F9000
;TYPE:Internal infill
;WIDTH:0.44
G1 F3600
G1 X32.773 Y46.412 E.0186
G1 E-3.5
;WIPE_START
G1 F7200
G1 X33.26 Y46.9 E-.32748
;WIPE_END
G1 E-1.17252 F3600
G1 X30.148 Y28.059 F9000
G1 E5 F2400
;TYPE:Perimeter
;WIDTH:0.475842
G1 F1800
G1 X30.148 Y27.618 E.01295
G1 X33.555 Y27.618 E.10006
G1 X33.555 Y28.059 E.01295
G1 X30.208 Y28.059 E.0983
G1 X29.724 Y28.483 F9000
;WIDTH:0.439999
G1 F1800
G1 X29.724 Y27.194 E.03478
G1 X33.978 Y27.194 E.11479
G1 X33.978 Y28.483 E.03478
G1 X29.784 Y28.483 E.11317
G1 X29.328 Y28.879 F9000
;TYPE:External perimeter
;WIDTH:0.419999
G1 F1800
G1 X29.328 Y26.799 E.05336
G1 X34.374 Y26.799 E.12945
G1 X34.374 Y28.879 E.05336
G1 X29.388 Y28.879 E.12791
G1 E-3.5 F3600
;WIPE_START
G1 F7200
G1 X29.328 Y28.879 E-.0285
G1 X29.328 Y26.799 E-.988
G1 X30.346 Y26.799 E-.4835
;WIPE_END
G1 X77.52 Y27.872 F9000
G1 E5 F2400
;TYPE:Perimeter
;WIDTH:0.439999
G1 F1800
G1 X77.52 Y27.6 E.00734
G1 X78.963 Y27.6 E.03894
G1 X78.963 Y30.677 E.08303
G1 X77.52 Y30.677 E.03894
G1 X77.52 Y27.932 E.07407
G1 X77.115 Y27.306 F9000
G1 F1800
G1 X77.115 Y27.194 E.00302
G1 X79.369 Y27.194 E.06082
G1 X79.369 Y31.083 E.10494
G1 X77.115 Y31.083 E.06082
G1 X77.115 Y27.366 E.1003
G1 X76.731 Y26.799 F9000
;TYPE:External perimeter
;WIDTH:0.419999
G1 F1800
G1 X79.765 Y26.799 E.07784
G1 X79.765 Y31.479 E.12006
G1 X76.719 Y31.479 E.07814
G1 X76.719 Y26.847 E.11883
G1 X77.833 Y27.912 F9000
;TYPE:Solid infill
;WIDTH:0.439999
G1 F3600
G1 X78.651 Y27.912 E.02207
G1 X78.651 Y30.365 E.06619
G1 X77.833 Y30.365 E.02207
G1 X77.833 Y28.115 E.06072
G1 X78.242 Y28.322 E.01237
;WIDTH:0.446906
G1 X78.242 Y29.956 E.04484
G1 E-3.5
;WIPE_START
G1 F7200
G1 X78.242 Y28.322 E-.77615
G1 X77.833 Y28.115 E-.21774
G1 X77.833 Y29.181 E-.50611
;WIPE_END
G1 X54.931 Y30.97 F9000
G1 E5 F2400
;TYPE:Perimeter
;WIDTH:0.439999
G1 F3600
G1 X54.9 Y30.996 E.00109
G1 X54.683 Y31.367 E.0116
G1 X54.635 Y31.672 E.00833
G1 X54.635 Y42.834 E.3012
G1 X54.748 Y43.166 E.00946
G1 X54.88 Y43.36 E.00633
G1 X55.077 Y43.533 E.00707
G1 X55.335 Y43.655 E.0077
G1 X55.629 Y43.7 E.00803
G1 X73.573 Y43.7 E.48422
G1 X73.573 Y47.577 E.10462
G1 X37.52 Y47.577 E.97288
G1 X37.52 Y46.1 E.03986
G1 X48.192 Y46.1 E.28798
G1 X48.531 Y45.983 E.00968
G1 X48.859 Y45.702 E.01165
G1 X49.018 Y45.384 E.00959
G1 X49.058 Y45.106 E.00758
G1 X49.058 Y29.072 E.43267
G1 X48.981 Y28.689 E.01054
G1 X48.66 Y28.276 E.01412
;WIDTH:0.475842
G1 X48.064 Y28.059 E.01863
G1 X37.538 Y28.059 E.30914
G1 X37.538 Y27.618 E.01295
G1 X48.064 Y27.618 E.30914
G1 X48.885 Y27.6 E.02412
;WIDTH:0.439999
G1 X73.573 Y27.6 E.6662
G1 X73.573 Y30.677 E.08303
G1 X55.496 Y30.677 E.4878
G1 X55.095 Y30.833 E.01161
G1 X54.977 Y30.932 E.00416
G1 X55.225 Y31.268 F9000
G1 F3600
G1 X55.117 Y31.381 E.00422
G1 X55.041 Y31.672 E.00812
G1 X55.041 Y42.789 E.29999
G1 X55.186 Y43.093 E.00909
G1 X55.455 Y43.268 E.00866
G1 X55.629 Y43.294 E.00475
G1 X73.978 Y43.294 E.49514
G1 X73.978 Y47.983 E.12653
G1 X37.115 Y47.983 E.99474
G1 X37.115 Y45.694 E.06177
G1 X48.064 Y45.694 E.29546
G1 X48.341 Y45.625 E.0077
G1 X48.534 Y45.459 E.00687
G1 X48.629 Y45.271 E.00568
G1 X48.652 Y45.106 E.0045
G1 X48.652 Y29.072 E.43267
G1 X48.607 Y28.845 E.00624
G1 X48.417 Y28.601 E.00835
G1 X48.064 Y28.483 E.01004
G1 X37.115 Y28.483 E.29546
G1 X37.115 Y27.194 E.03478
G1 X73.978 Y27.194 E.99474
G1 X73.978 Y31.083 E.10494
G1 X55.55 Y31.083 E.49728
G1 X55.313 Y31.175 E.00686
G1 X55.267 Y31.224 E.00181
G1 X55.5 Y31.535 F9000
;TYPE:External perimeter
;WIDTH:0.419999
G1 F1800
G1 X55.488 Y31.541 E.00034
G1 X55.436 Y31.672 E.00362
G1 X55.436 Y42.706 E.28307
G1 X55.484 Y42.833 E.00348
G1 X55.629 Y42.899 E.00409
G1 X74.374 Y42.899 E.48089
G1 X74.374 Y48.379 E.14059
G1 X36.719 Y48.379 E.96602
G1 X36.719 Y45.299 E.07902
G1 X48.064 Y45.299 E.29105
G1 X48.218 Y45.222 E.00442
G1 X48.256 Y45.106 E.00313
G1 X48.256 Y29.072 E.41134
G1 X48.179 Y28.917 E.00444
G1 X48.064 Y28.879 E.00311
G1 X36.719 Y28.879 E.29105
G1 X36.719 Y26.799 E.05336
G1 X74.374 Y26.799 E.96602
G1 X74.374 Y31.479 E.12006
G1 X55.629 Y31.479 E.48089
G1 X55.555 Y31.511 E.00207
G1 X54.323 Y32.609 F9000
;TYPE:Internal infill
;WIDTH:0.44
G1 F3600
G1 X54.323 Y31.663 E.02553
G1 X54.384 Y31.273 E.01065
G1 X54.67 Y30.783 E.01531
G1 X55.098 Y30.491 E.01398
G1 X52.519 Y27.912 E.09842
G1 X48.924 Y27.912 E.09701
G1 X48.824 Y28.013 E.00384
G1 X49.271 Y28.564 E.01915
G1 X49.37 Y29.061 E.01367
G1 X49.37 Y30.275 E.03276
G1 E-3.5
;WIPE_START
G1 F7200
G1 X49.37 Y29.061 E-.57665
G1 X49.271 Y28.564 E-.24071
G1 X48.824 Y28.013 E-.33702
G1 X48.924 Y27.912 E-.06751
G1 X49.51 Y27.912 E-.27811
;WIPE_END
G1 X54.323 Y42.462 F9000
G1 E5 F2400
G1 F3600
G1 X54.361 Y43.022 E.01515
G1 X54.645 Y43.566 E.01656
G1 X54.904 Y43.794 E.00931
G1 X55.242 Y43.955 E.0101
G1 X55.772 Y44.012 E.01438
G1 X52.519 Y47.265 E.12414
G1 X48.924 Y47.265 E.09701
G1 X48.071 Y46.412 E.03255
G1 X45.723 Y46.412 E.06336
G1 X44.87 Y47.265 E.03255
G1 X41.275 Y47.265 E.09701
G1 X40.422 Y46.412 E.03255
G1 X38.073 Y46.412 E.06339
G1 X37.833 Y46.653 E.00918
G1 X37.833 Y47.265 E.01651
G1 X39.655 Y47.265 E.04917
G1 E-3.5
;WIPE_START
G1 F7200
G1 X37.833 Y47.265 E-.86545
G1 X37.833 Y46.653 E-.2907
G1 X38.073 Y46.412 E-.16156
G1 X38.457 Y46.412 E-.18229
;WIPE_END
G1 X73.216 Y44.057 F9000
G1 E5 F2400
;TYPE:Solid infill
;WIDTH:0.529322
G1 F3600
G1 X73.216 Y47.22 E.10415
G1 X72.721 Y47.22 E.0163
G1 X72.721 Y44.057 E.10415
G1 X73.013 Y44.057 E.00961
G1 X72.27 Y45.229 F9000
;TYPE:Internal infill
;WIDTH:0.44
G1 F3600
G1 X72.27 Y47.265 E.05494
G1 X71.872 Y47.265 E.01074
G1 X68.619 Y44.012 E.12414
G1 X71.071 Y44.012 E.06617
G1 X67.818 Y47.265 E.12414
G1 X64.223 Y47.265 E.09701
G1 X60.97 Y44.012 E.12414
G1 X63.421 Y44.012 E.06614
G1 X60.169 Y47.265 E.12412
G1 X56.573 Y47.265 E.09704
G1 X49.37 Y40.062 E.27488
G1 X49.37 Y42.765 E.07294
G1 X54.323 Y37.812 E.18902
G1 X54.323 Y37.365 E.01206
G1 X49.37 Y32.412 E.18902
G1 X49.37 Y35.116 E.07297
G1 X56.573 Y27.912 E.2749
G1 X60.169 Y27.912 E.09704
G1 X62.621 Y30.365 E.09359
G1 X61.77 Y30.365 E.02296
G1 X64.223 Y27.912 E.09361
G1 X67.818 Y27.912 E.09701
G1 X70.271 Y30.365 E.09361
G1 X69.419 Y30.365 E.02299
G1 X71.872 Y27.912 E.09361
G1 X73.26 Y27.912 E.03745
G1 X73.26 Y28.958 E.02823
G1 E-3.5
;WIPE_START
G1 F7200
G1 X73.26 Y27.912 E-.49685
G1 X71.872 Y27.912 E-.6593
G1 X71.36 Y28.424 E-.34385
;WIPE_END
G1 X78.963 Y43.7 F9000
G1 E5 F2400
;TYPE:Perimeter
;WIDTH:0.439999
G1 F1800
G1 X78.963 Y47.577 E.10462
G1 X77.52 Y47.577 E.03894
G1 X77.52 Y43.7 E.10462
G1 X78.903 Y43.7 E.03732
G1 X79.369 Y43.294 F9000
G1 F1800
G1 X79.369 Y47.983 E.12653
G1 X77.115 Y47.983 E.06082
G1 X77.115 Y43.294 E.12653
G1 X79.309 Y43.294 E.0592
G1 X79.765 Y42.899 F9000
;TYPE:External perimeter
;WIDTH:0.419999
G1 F1800
G1 X79.765 Y48.379 E.14059
G1 X76.719 Y48.379 E.07814
G1 X76.719 Y42.899 E.14059
G1 X79.705 Y42.899 E.0766
G1 X78.448 Y44.012 F9000
;TYPE:Solid infill
;WIDTH:0.439999
G1 F3600
G1 X77.833 Y44.012 E.0166
G1 X77.833 Y47.265 E.08778
G1 X78.651 Y47.265 E.02207
G1 X78.651 Y44.012 E.08778
G1 X78.242 Y44.422 E.01563
;WIDTH:0.446906
G1 X78.242 Y46.856 E.0668
;LAYER_CHANGE
;Z:7.56
;HEIGHT:0.16
;BEFORE_LAYER_CHANGE
G92 E0
;7.56


G1 E-3.5 F3600
;WIPE_START
G1 F7200
G1 X78.242 Y44.422 E-1.15615
G1 X78.651 Y44.012 E-.27508
G1 X78.651 Y44.157 E-.06877
;WIPE_END
G1 Z7.56 F9000
;AFTER_LAYER_CHANGE
;7.56
G1 X30.217 Y47.577
G1 E5 F2400
;TYPE:Perimeter
;WIDTH:0.439999
G1 F1800
G1 X30.217 Y46.1 E.03986
G1 X34.136 Y46.1 E.10575
G1 X34.136 Y47.577 E.03986
G1 X30.277 Y47.577 E.10413
G1 X29.811 Y47.983 F9000
G1 F1800
G1 X29.811 Y45.694 E.06177
G1 X34.542 Y45.694 E.12767
G1 X34.542 Y47.983 E.06177
G1 X29.871 Y47.983 E.12605
G1 X29.415 Y48.379 F9000
;TYPE:External perimeter
;WIDTH:0.419999
G1 F1800
G1 X29.415 Y45.299 E.07902
G1 X34.938 Y45.299 E.14169
G1 X34.938 Y48.379 E.07902
G1 X29.475 Y48.379 E.14015
G1 E-3.5 F3600
;WIPE_START
G1 F7200
G1 X29.415 Y48.379 E-.0285
G1 X29.415 Y45.299 E-1.463
G1 X29.433 Y45.299 E-.0085
;WIPE_END
G1 X32.773 Y46.412 F9000
G1 E5 F2400
;TYPE:Internal infill
;WIDTH:0.44
G1 F3600
G1 X33.626 Y47.265 E.03255
G1 E-3.5
;WIPE_START
G1 F7200
G1 X32.773 Y46.412 E-.573
;WIPE_END
G1 E-.927 F3600
G1 X30.235 Y28.059 F9000
G1 E5 F2400
;TYPE:Perimeter
;WIDTH:0.475842
G1 F1800
G1 X30.235 Y27.618 E.01295
G1 X34.119 Y27.618 E.11407
G1 X34.119 Y28.059 E.01295
G1 X30.295 Y28.059 E.11231
G1 X29.811 Y28.483 F9000
;WIDTH:0.439999
G1 F1800
G1 X29.811 Y27.194 E.03478
G1 X34.542 Y27.194 E.12767
G1 X34.542 Y28.483 E.03478
G1 X29.871 Y28.483 E.12605
G1 X29.415 Y28.879 F9000
;TYPE:External perimeter
;WIDTH:0.419999
G1 F1800
G1 X29.415 Y26.799 E.05336
G1 X34.938 Y26.799 E.14169
G1 X34.938 Y28.879 E.05336
G1 X29.475 Y28.879 E.14015
G1 E-3.5 F3600
;WIPE_START
G1 F7200
G1 X29.415 Y28.879 E-.0285
G1 X29.415 Y26.799 E-.988
G1 X30.433 Y26.799 E-.4835
;WIPE_END
G1 X48.748 Y28.39 F9000
G1 E5 F2400
;TYPE:Perimeter
;WIDTH:0.439999
G1 F3600
G1 X48.66 Y28.276 E.00389
;WIDTH:0.475842
G1 X48.064 Y28.059 E.01863
G1 X36.974 Y28.059 E.3257
G1 X36.974 Y27.618 E.01295
G1 X48.064 Y27.618 E.3257
G1 X48.885 Y27.6 E.02412
;WIDTH:0.439999
G1 X74.136 Y27.6 E.68139
G1 X74.136 Y30.677 E.08303
G1 X55.496 Y30.677 E.503
G1 X55.095 Y30.833 E.01161
G1 X54.9 Y30.996 E.00686
G1 X54.683 Y31.367 E.0116
G1 X54.635 Y31.672 E.00833
G1 X54.635 Y42.834 E.3012
G1 X54.748 Y43.166 E.00946
G1 X54.88 Y43.36 E.00633
G1 X55.077 Y43.533 E.00707
G1 X55.335 Y43.655 E.0077
G1 X55.629 Y43.7 E.00803
G1 X74.136 Y43.7 E.49941
G1 X74.136 Y47.577 E.10462
G1 X36.956 Y47.577 E1.0033
G1 X36.956 Y46.1 E.03986
G1 X48.192 Y46.1 E.3032
G1 X48.531 Y45.983 E.00968
G1 X48.859 Y45.702 E.01165
G1 X49.018 Y45.384 E.00959
G1 X49.058 Y45.106 E.00758
G1 X49.058 Y29.072 E.43267
G1 X48.981 Y28.689 E.01054
G1 X48.785 Y28.437 E.00861
G1 X48.469 Y28.669 F9000
G1 F3600
G1 X48.417 Y28.601 E.00231
G1 X48.064 Y28.483 E.01004
G1 X36.551 Y28.483 E.31068
G1 X36.551 Y27.194 E.03478
G1 X74.542 Y27.194 E1.02518
G1 X74.542 Y31.083 E.10494
G1 X55.55 Y31.083 E.5125
G1 X55.313 Y31.175 E.00686
G1 X55.117 Y31.381 E.00767
G1 X55.041 Y31.672 E.00812
G1 X55.041 Y42.789 E.29999
G1 X55.186 Y43.093 E.00909
G1 X55.455 Y43.268 E.00866
G1 X55.629 Y43.294 E.00475
G1 X74.542 Y43.294 E.51036
G1 X74.542 Y47.983 E.12653
G1 X36.551 Y47.983 E1.02518
G1 X36.551 Y45.694 E.06177
G1 X48.064 Y45.694 E.31068
G1 X48.341 Y45.625 E.0077
G1 X48.534 Y45.459 E.00687
G1 X48.629 Y45.271 E.00568
G1 X48.652 Y45.106 E.0045
G1 X48.652 Y29.072 E.43267
G1 X48.607 Y28.845 E.00624
G1 X48.506 Y28.716 E.00442
G1 X48.194 Y28.946 F9000
;TYPE:External perimeter
;WIDTH:0.419999
G1 F1800
G1 X48.179 Y28.917 E.00084
G1 X48.064 Y28.879 E.00311
G1 X36.155 Y28.879 E.30552
G1 X36.155 Y26.799 E.05336
G1 X74.938 Y26.799 E.99495
G1 X74.938 Y31.479 E.12006
G1 X55.629 Y31.479 E.49536
G1 X55.488 Y31.541 E.00395
G1 X55.436 Y31.672 E.00362
G1 X55.436 Y42.706 E.28307
G1 X55.484 Y42.833 E.00348
G1 X55.629 Y42.899 E.00409
G1 X74.938 Y42.899 E.49536
G1 X74.938 Y48.379 E.14059
G1 X36.155 Y48.379 E.99495
G1 X36.155 Y45.299 E.07902
G1 X48.064 Y45.299 E.30552
G1 X48.218 Y45.222 E.00442
G1 X48.256 Y45.106 E.00313
G1 X48.256 Y29.072 E.41134
G1 X48.22 Y29 E.00207
G1 X49.37 Y30.275 F9000
;TYPE:Internal infill
;WIDTH:0.44
G1 F3600
G1 X49.37 Y29.061 E.03276
G1 X49.271 Y28.564 E.01367
G1 X48.824 Y28.013 E.01915
G1 X48.924 Y27.912 E.00384
G1 X52.519 Y27.912 E.09701
G1 X55.098 Y30.491 E.09842
G1 X54.67 Y30.783 E.01398
G1 X54.384 Y31.273 E.01531
G1 X54.323 Y31.663 E.01065
G1 X54.323 Y32.609 E.02553
G1 E-3.5
;WIPE_START
G1 F7200
G1 X54.323 Y31.663 E-.44935
G1 X54.384 Y31.273 E-.1875
G1 X54.67 Y30.783 E-.2695
G1 X55.098 Y30.491 E-.24611
G1 X54.581 Y29.974 E-.34754
;WIPE_END
G1 X54.323 Y42.462 F9000
G1 E5 F2400
G1 F3600
G1 X54.361 Y43.022 E.01515
G1 X54.645 Y43.566 E.01656
G1 X54.904 Y43.794 E.00931
G1 X55.242 Y43.955 E.0101
G1 X55.772 Y44.012 E.01438
G1 X52.519 Y47.265 E.12414
G1 X48.924 Y47.265 E.09701
G1 X48.071 Y46.412 E.03255
G1 X45.723 Y46.412 E.06336
G1 X44.87 Y47.265 E.03255
G1 X41.275 Y47.265 E.09701
G1 X40.422 Y46.412 E.03255
G1 X38.073 Y46.412 E.06339
G1 X37.269 Y47.217 E.0307
G1 X37.269 Y47.265 E.0013
G1 X39.655 Y47.265 E.06439
G1 E-3.5
;WIPE_START
G1 F7200
G1 X37.269 Y47.265 E-1.13335
G1 X37.269 Y47.217 E-.0228
G1 X37.781 Y46.705 E-.34385
;WIPE_END
G1 X72.834 Y47.265 F9000
G1 E5 F2400
;TYPE:Solid infill
;WIDTH:0.439999
G1 F3600
G1 X72.834 Y44.012 E.08778
G1 X73.824 Y44.012 E.02671
G1 X73.824 Y47.265 E.08778
G1 X73.036 Y47.265 E.02126
G1 X73.329 Y46.77 E.01552
;WIDTH:0.61927
G1 X73.329 Y44.508 E.08801
G1 X72.428 Y45.387 F9000
;TYPE:Internal infill
;WIDTH:0.44
G1 F3600
G1 X72.428 Y47.265 E.05068
G1 X71.872 Y47.265 E.015
G1 X68.619 Y44.012 E.12414
G1 X71.071 Y44.012 E.06617
G1 X67.818 Y47.265 E.12414
G1 X64.223 Y47.265 E.09701
G1 X60.97 Y44.012 E.12414
G1 X63.421 Y44.012 E.06614
G1 X60.169 Y47.265 E.12412
G1 X56.573 Y47.265 E.09704
G1 X49.37 Y40.062 E.27488
G1 X49.37 Y42.765 E.07294
G1 X54.323 Y37.812 E.18902
G1 X54.323 Y37.365 E.01206
G1 X49.37 Y32.412 E.18902
G1 X49.37 Y35.116 E.07297
G1 X56.573 Y27.912 E.2749
G1 X60.169 Y27.912 E.09704
G1 X62.621 Y30.365 E.09359
G1 X61.77 Y30.365 E.02296
G1 X64.223 Y27.912 E.09361
G1 X67.818 Y27.912 E.09701
G1 X70.271 Y30.365 E.09361
G1 X69.419 Y30.365 E.02299
G1 X71.872 Y27.912 E.09361
G1 X72.428 Y27.912 E.015
G1 X72.428 Y29.791 E.0507
G1 X72.834 Y30.365 F9000
;TYPE:Solid infill
;WIDTH:0.439999
G1 F3600
G1 X72.834 Y27.912 E.06619
G1 X73.824 Y27.912 E.02671
G1 X73.824 Y30.365 E.06619
G1 X73.036 Y30.365 E.02126
G1 X73.329 Y29.87 E.01552
;WIDTH:0.61927
G1 X73.329 Y28.408 E.05689
G1 E-3.5
;WIPE_START
G1 F7200
G1 X73.329 Y29.87 E-.69445
G1 X73.036 Y30.365 E-.27323
G1 X73.824 Y30.365 E-.3743
G1 X73.824 Y30.032 E-.15802
;WIPE_END
G1 X78.876 Y27.6 F9000
G1 E5 F2400
;TYPE:Perimeter
;WIDTH:0.439999
G1 F1800
G1 X78.876 Y30.677 E.08303
G1 X76.956 Y30.677 E.05181
G1 X76.956 Y27.6 E.08303
G1 X78.816 Y27.6 E.05019
G1 X79.282 Y27.194 F9000
G1 F1800
G1 X79.282 Y31.083 E.10494
G1 X76.551 Y31.083 E.0737
G1 X76.551 Y27.194 E.10494
G1 X79.222 Y27.194 E.07208
G1 X79.677 Y26.799 F9000
;TYPE:External perimeter
;WIDTH:0.419999
G1 F1800
G1 X79.677 Y31.479 E.12006
G1 X76.155 Y31.479 E.09035
G1 X76.155 Y26.799 E.12006
G1 X79.617 Y26.799 E.08882
G1 E-3.5 F3600
;WIPE_START
G1 F7200
G1 X79.677 Y26.799 E-.0285
G1 X79.677 Y29.897 E-1.4715
;WIPE_END
G1 X77.269 Y30.365 F9000
G1 E5 F2400
;TYPE:Solid infill
;WIDTH:0.439999
G1 F3600
G1 X77.269 Y27.912 E.06619
G1 X78.564 Y27.912 E.03495
G1 X78.564 Y30.365 E.06619
G1 X77.472 Y30.365 E.02947
G1 X77.694 Y29.94 E.01294
;WIDTH:0.479004
G1 X77.694 Y28.338 E.04739
G1 X78.139 Y28.338 E.01316
G1 X78.139 Y29.94 E.04739
G1 X77.897 Y29.94 E.00716
G1 E-3.5
;WIPE_START
G1 F7200
G1 X78.139 Y29.94 E-.11495
G1 X78.139 Y28.338 E-.76095
G1 X77.694 Y28.338 E-.21137
G1 X77.694 Y29.207 E-.41273
;WIPE_END
G1 X78.876 Y43.7 F9000
G1 E5 F2400
;TYPE:Perimeter
;WIDTH:0.439999
G1 F1800
G1 X78.876 Y47.577 E.10462
G1 X76.956 Y47.577 E.05181
G1 X76.956 Y43.7 E.10462
G1 X78.816 Y43.7 E.05019
G1 X79.282 Y43.294 F9000
G1 F1800
G1 X79.282 Y47.983 E.12653
G1 X76.551 Y47.983 E.0737
G1 X76.551 Y43.294 E.12653
G1 X79.222 Y43.294 E.07208
G1 X79.677 Y42.899 F9000
;TYPE:External perimeter
;WIDTH:0.419999
G1 F1800
G1 X79.677 Y48.379 E.14059
G1 X76.155 Y48.379 E.09035
G1 X76.155 Y42.899 E.14059
G1 X79.617 Y42.899 E.08882
G1 E-3.5 F3600
;WIPE_START
G1 F7200
G1 X79.677 Y42.899 E-.0285
G1 X79.677 Y45.997 E-1.4715
;WIPE_END
G1 X77.269 Y44.215 F9000
G1 E5 F2400
;TYPE:Solid infill
;WIDTH:0.439999
G1 F3600
G1 X77.269 Y47.265 E.0823
G1 X78.564 Y47.265 E.03495
G1 X78.564 Y44.012 E.08778
G1 X77.269 Y44.012 E.03495
G1 X77.694 Y44.438 E.01624
;WIDTH:0.479004
G1 X78.139 Y44.438 E.01316
G1 X78.139 Y46.84 E.07105
G1 X77.694 Y46.84 E.01316
G1 X77.694 Y44.64 E.06507
;LAYER_CHANGE
;Z:7.72
;HEIGHT:0.16
;BEFORE_LAYER_CHANGE
G92 E0
;7.72


G1 E-3.5 F3600
;WIPE_START
G1 F7200
G1 X77.694 Y46.84 E-1.045
G1 X78.139 Y46.84 E-.21137
G1 X78.139 Y46.327 E-.24363
;WIPE_END
G1 Z7.72 F9000
;AFTER_LAYER_CHANGE
;7.72
G1 X78.78 Y43.7
G1 E5 F2400
;TYPE:Perimeter
;WIDTH:0.439999
G1 F3600
G1 X78.78 Y47.577 E.10462
G1 X30.313 Y47.577 E1.30787
G1 X30.313 Y46.1 E.03986
G1 X48.192 Y46.1 E.48246
G1 X48.531 Y45.983 E.00968
G1 X48.859 Y45.702 E.01165
G1 X49.018 Y45.384 E.00959
G1 X49.058 Y45.106 E.00758
G1 X49.058 Y29.072 E.43267
G1 X48.981 Y28.689 E.01054
G1 X48.66 Y28.276 E.01412
;WIDTH:0.475842
G1 X48.064 Y28.059 E.01863
G1 X30.331 Y28.059 E.5208
G1 X30.331 Y27.618 E.01295
G1 X48.064 Y27.618 E.5208
G1 X48.885 Y27.6 E.02412
;WIDTH:0.439999
G1 X78.78 Y27.6 E.80671
G1 X78.78 Y30.677 E.08303
G1 X55.496 Y30.677 E.62831
G1 X55.095 Y30.833 E.01161
G1 X54.9 Y30.996 E.00686
G1 X54.683 Y31.367 E.0116
G1 X54.635 Y31.672 E.00833
G1 X54.635 Y42.834 E.3012
G1 X54.748 Y43.166 E.00946
G1 X54.88 Y43.36 E.00633
G1 X55.077 Y43.533 E.00707
G1 X55.335 Y43.655 E.0077
G1 X55.629 Y43.7 E.00803
G1 X78.72 Y43.7 E.62311
G1 X79.185 Y43.294 F9000
G1 F3600
G1 X79.185 Y47.983 E.12653
G1 X29.908 Y47.983 E1.32973
G1 X29.908 Y45.694 E.06177
G1 X48.064 Y45.694 E.48994
G1 X48.341 Y45.625 E.0077
G1 X48.534 Y45.459 E.00687
G1 X48.629 Y45.271 E.00568
G1 X48.652 Y45.106 E.0045
G1 X48.652 Y29.072 E.43267
G1 X48.607 Y28.845 E.00624
G1 X48.417 Y28.601 E.00835
G1 X48.064 Y28.483 E.01004
G1 X29.908 Y28.483 E.48994
G1 X29.908 Y27.194 E.03478
G1 X79.185 Y27.194 E1.32973
G1 X79.185 Y31.083 E.10494
G1 X55.55 Y31.083 E.63779
G1 X55.313 Y31.175 E.00686
G1 X55.117 Y31.381 E.00767
G1 X55.041 Y31.672 E.00812
G1 X55.041 Y42.789 E.29999
G1 X55.186 Y43.093 E.00909
G1 X55.455 Y43.268 E.00866
G1 X55.629 Y43.294 E.00475
G1 X79.125 Y43.294 E.63404
G1 X79.581 Y42.899 F9000
;TYPE:External perimeter
;WIDTH:0.419999
G1 F1800
G1 X79.581 Y48.379 E.14059
G1 X29.512 Y48.379 E1.28449
G1 X29.512 Y45.299 E.07902
G1 X48.064 Y45.299 E.47594
G1 X48.218 Y45.222 E.00442
G1 X48.256 Y45.106 E.00313
G1 X48.256 Y29.072 E.41134
G1 X48.179 Y28.917 E.00444
G1 X48.064 Y28.879 E.00311
G1 X29.512 Y28.879 E.47594
G1 X29.512 Y26.799 E.05336
G1 X79.581 Y26.799 E1.28449
G1 X79.581 Y31.479 E.12006
G1 X55.629 Y31.479 E.61447
G1 X55.488 Y31.541 E.00395
G1 X55.436 Y31.672 E.00362
G1 X55.436 Y42.706 E.28307
G1 X55.484 Y42.833 E.00348
G1 X55.629 Y42.899 E.00409
G1 X79.521 Y42.899 E.61294
G1 X78.119 Y43.993 F9000
;TYPE:Solid infill
;WIDTH:0.401972
G1 F3600
G1 X78.486 Y43.993 E.00898
G1 X78.486 Y47.284 E.08048
G1 X78.119 Y47.284 E.00898
G1 X78.119 Y44.196 E.07552
G1 E-3.5
;WIPE_START
G1 F7200
G1 X78.119 Y47.284 E-1.4668
G1 X78.189 Y47.284 E-.0332
;WIPE_END
G1 X72.989 Y43.978 F9000
G1 E5 F2400
;WIDTH:0.374336
G1 F3600
G1 X72.989 Y47.299 E.07511
G1 X73.179 Y47.239 F9000
M204 S250
;TYPE:Bridge infill
;WIDTH:0.407288
;HEIGHT:0.368782
G1 F1500
G1 X77.726 Y47.239 E.24629
G1 X77.726 Y46.782 E.02475
G1 X73.367 Y46.782 E.23611
G1 X73.367 Y46.325 E.02475
G1 X77.726 Y46.325 E.23611
G1 X77.726 Y45.867 E.02481
G1 X73.367 Y45.867 E.23611
G1 X73.367 Y45.41 E.02475
G1 X77.726 Y45.41 E.23611
G1 X77.726 Y44.953 E.02475
G1 X73.367 Y44.953 E.23611
G1 X73.367 Y44.495 E.02481
G1 X77.726 Y44.495 E.23611
G1 X77.726 Y44.038 E.02475
G1 X73.179 Y44.038 E.24629
M204 S500
G1 X72.618 Y45.577 F9000
;TYPE:Internal infill
;WIDTH:0.44
;HEIGHT:0.16
G1 F3600
G1 X72.618 Y47.265 E.04555
G1 X71.872 Y47.265 E.02013
G1 X68.619 Y44.012 E.12414
G1 X71.071 Y44.012 E.06617
G1 X67.818 Y47.265 E.12414
G1 X64.223 Y47.265 E.09701
G1 X60.97 Y44.012 E.12414
G1 X63.421 Y44.012 E.06614
G1 X60.169 Y47.265 E.12412
G1 X56.573 Y47.265 E.09704
G1 X49.37 Y40.062 E.27488
G1 X49.37 Y42.765 E.07294
G1 X54.323 Y37.812 E.18902
G1 X54.323 Y37.365 E.01206
G1 X49.37 Y32.412 E.18902
G1 X49.37 Y35.116 E.07297
G1 X56.573 Y27.912 E.2749
G1 X60.169 Y27.912 E.09704
G1 X62.621 Y30.365 E.09359
G1 X61.77 Y30.365 E.02296
G1 X64.223 Y27.912 E.09361
G1 X67.818 Y27.912 E.09701
G1 X70.271 Y30.365 E.09361
G1 X69.419 Y30.365 E.02299
G1 X71.872 Y27.912 E.09361
G1 X72.618 Y27.912 E.02013
G1 X72.618 Y29.6 E.04555
G1 X73.179 Y30.33 F9000
M204 S250
;TYPE:Bridge infill
;WIDTH:0.426385
;HEIGHT:0.368782
G1 F1500
G1 X77.726 Y30.33 E.26993
G1 X77.726 Y29.853 E.02832
G1 X73.367 Y29.853 E.25877
G1 X73.367 Y29.377 E.02826
G1 X77.726 Y29.377 E.25877
G1 X77.726 Y28.9 E.02832
G1 X73.367 Y28.9 E.25877
G1 X73.367 Y28.424 E.02826
G1 X77.726 Y28.424 E.25877
G1 X77.726 Y27.948 E.02826
G1 X73.179 Y27.948 E.26993
M204 S500
G1 X72.989 Y27.878 F9000
;TYPE:Solid infill
;WIDTH:0.374336
;HEIGHT:0.16
G1 F3600
G1 X72.989 Y30.399 E.05702
G1 E-3.5
;WIPE_START
G1 F7200
G1 X72.989 Y27.878 E-1.19748
;WIPE_END
G1 E-.30252 F3600
G1 X78.119 Y27.893 F9000
G1 E5 F2400
;WIDTH:0.401972
G1 F3600
G1 X78.486 Y27.893 E.00898
G1 X78.486 Y30.384 E.06092
G1 X78.119 Y30.384 E.00898
G1 X78.119 Y28.096 E.05595
G1 E-3.5
;WIPE_START
G1 F7200
G1 X78.119 Y30.384 E-1.0868
G1 X78.486 Y30.384 E-.17433
G1 X78.486 Y29.881 E-.23887
;WIPE_END
G1 X54.323 Y32.609 F9000
G1 E5 F2400
;TYPE:Internal infill
;WIDTH:0.44
G1 F3600
G1 X54.323 Y31.663 E.02553
G1 X54.384 Y31.273 E.01065
G1 X54.67 Y30.783 E.01531
G1 X55.098 Y30.491 E.01398
G1 X52.519 Y27.912 E.09842
G1 X48.924 Y27.912 E.09701
G1 X48.824 Y28.013 E.00384
G1 X49.271 Y28.564 E.01915
G1 X49.37 Y29.061 E.01367
G1 X49.37 Y30.275 E.03276
G1 E-3.5
;WIPE_START
G1 F7200
G1 X49.37 Y29.061 E-.57665
G1 X49.271 Y28.564 E-.24071
G1 X48.824 Y28.013 E-.33702
G1 X48.924 Y27.912 E-.06751
G1 X49.51 Y27.912 E-.27811
;WIPE_END
G1 X54.323 Y42.462 F9000
G1 E5 F2400
G1 F3600
G1 X54.361 Y43.022 E.01515
G1 X54.645 Y43.566 E.01656
G1 X54.904 Y43.794 E.00931
G1 X55.242 Y43.955 E.0101
G1 X55.772 Y44.012 E.01438
G1 X52.519 Y47.265 E.12414
G1 X48.924 Y47.265 E.09701
G1 X48.071 Y46.412 E.03255
G1 X45.723 Y46.412 E.06336
G1 X44.87 Y47.265 E.03255
G1 X41.275 Y47.265 E.09701
G1 X40.422 Y46.412 E.03255
G1 X38.475 Y46.412 E.05254
G1 X38.475 Y46.899 E.01314
G1 X38.103 Y46.378 F9000
;TYPE:Solid infill
;WIDTH:0.374336
G1 F3600
G1 X38.103 Y47.299 E.02083
G1 E-3.5
;WIPE_START
G1 F7200
G1 X38.103 Y46.378 E-.43747
;WIPE_END
G1 E-1.06253 F3600
G1 X33.179 Y47.258 F9000
G1 E5 F2400
M204 S250
;TYPE:Bridge infill
;WIDTH:0.369437
;HEIGHT:0.368782
G1 F1500
G1 X37.726 Y47.258 E.20264
G1 X37.726 Y46.839 E.01867
G1 X33.367 Y46.839 E.19426
G1 X33.367 Y46.419 E.01872
G1 X37.914 Y46.419 E.20264
M204 S500
G1 E-3.5 F3600
;WIPE_START
G1 F7200
G1 X34.756 Y46.419 E-1.5
;WIPE_END
G1 X32.989 Y46.378 F9000
G1 E5 F2400
;TYPE:Solid infill
;WIDTH:0.374336
;HEIGHT:0.16
G1 F3600
G1 X32.989 Y47.299 E.02083
;LAYER_CHANGE
;Z:7.88
;HEIGHT:0.16
;BEFORE_LAYER_CHANGE
G92 E0
;7.88


G1 E-3.5 F3600
;WIPE_START
G1 F7200
G1 X32.989 Y46.378 E-.43747
;WIPE_END
G1 E-1.06253 F3600
G1 Z7.88 F9000
;AFTER_LAYER_CHANGE
;7.88
G1 X30.417 Y47.577
G1 E5 F2400
;TYPE:Perimeter
;WIDTH:0.439999
G1 F3600
G1 X30.417 Y46.1 E.03986
G1 X48.192 Y46.1 E.47966
G1 X48.531 Y45.983 E.00968
G1 X48.859 Y45.702 E.01165
G1 X49.018 Y45.384 E.00959
G1 X49.058 Y45.106 E.00758
G1 X49.058 Y29.072 E.43267
G1 X48.981 Y28.689 E.01054
G1 X48.66 Y28.276 E.01412
;WIDTH:0.475842
G1 X48.064 Y28.059 E.01863
G1 X30.435 Y28.059 E.51775
G1 X30.435 Y27.618 E.01295
G1 X48.064 Y27.618 E.51775
G1 X48.885 Y27.6 E.02412
;WIDTH:0.439999
G1 X78.676 Y27.6 E.8039
G1 X78.676 Y30.677 E.08303
G1 X55.496 Y30.677 E.62551
G1 X55.095 Y30.833 E.01161
G1 X54.9 Y30.996 E.00686
G1 X54.683 Y31.367 E.0116
G1 X54.635 Y31.672 E.00833
G1 X54.635 Y42.834 E.3012
G1 X54.748 Y43.166 E.00946
G1 X54.88 Y43.36 E.00633
G1 X55.077 Y43.533 E.00707
G1 X55.335 Y43.655 E.0077
G1 X55.629 Y43.7 E.00803
G1 X78.676 Y43.7 E.62192
G1 X78.676 Y47.577 E.10462
G1 X30.477 Y47.577 E1.30064
G1 X30.011 Y47.983 F9000
G1 F3600
G1 X30.011 Y45.694 E.06177
G1 X48.064 Y45.694 E.48716
G1 X48.341 Y45.625 E.0077
G1 X48.534 Y45.459 E.00687
G1 X48.629 Y45.271 E.00568
G1 X48.652 Y45.106 E.0045
G1 X48.652 Y29.072 E.43267
G1 X48.607 Y28.845 E.00624
G1 X48.417 Y28.601 E.00835
G1 X48.064 Y28.483 E.01004
G1 X30.011 Y28.483 E.48716
G1 X30.011 Y27.194 E.03478
G1 X79.081 Y27.194 E1.32414
G1 X79.081 Y31.083 E.10494
G1 X55.55 Y31.083 E.63498
G1 X55.313 Y31.175 E.00686
G1 X55.117 Y31.381 E.00767
G1 X55.041 Y31.672 E.00812
G1 X55.041 Y42.789 E.29999
G1 X55.186 Y43.093 E.00909
G1 X55.455 Y43.268 E.00866
G1 X55.629 Y43.294 E.00475
G1 X79.081 Y43.294 E.63285
G1 X79.081 Y47.983 E.12653
G1 X30.071 Y47.983 E1.32253
G1 X29.616 Y48.379 F9000
;TYPE:External perimeter
;WIDTH:0.419999
G1 F1800
G1 X29.616 Y45.299 E.07902
G1 X48.064 Y45.299 E.47327
G1 X48.218 Y45.222 E.00442
G1 X48.256 Y45.106 E.00313
G1 X48.256 Y29.072 E.41134
G1 X48.179 Y28.917 E.00444
G1 X48.064 Y28.879 E.00311
G1 X29.616 Y28.879 E.47327
G1 X29.616 Y26.799 E.05336
G1 X79.477 Y26.799 E1.27915
G1 X79.477 Y31.479 E.12006
G1 X55.629 Y31.479 E.61181
G1 X55.488 Y31.541 E.00395
G1 X55.436 Y31.672 E.00362
G1 X55.436 Y42.706 E.28307
G1 X55.484 Y42.833 E.00348
G1 X55.629 Y42.899 E.00409
G1 X79.477 Y42.899 E.61181
G1 X79.477 Y48.379 E.14059
G1 X29.676 Y48.379 E1.27762
G1 E-3.5 F3600
;WIPE_START
G1 F7200
G1 X29.616 Y48.379 E-.0285
G1 X29.616 Y45.299 E-1.463
G1 X29.634 Y45.299 E-.0085
;WIPE_END
G1 X33.261 Y47.265 F9000
G1 E5 F2400
;TYPE:Solid infill
;WIDTH:0.439999
G1 F3600
G1 X33.261 Y46.412 E.02302
G1 X37.832 Y46.412 E.12335
G1 X37.832 Y47.265 E.02302
G1 X33.464 Y47.265 E.11787
G1 X33.687 Y46.839 E.01298
;WIDTH:0.481324
G1 X37.406 Y46.839 E.11058
G1 X38.238 Y46.662 F9000
;TYPE:Internal infill
;WIDTH:0.44
G1 F3600
G1 X38.238 Y46.412 E.00675
G1 X40.422 Y46.412 E.05893
G1 X41.275 Y47.265 E.03255
G1 X44.87 Y47.265 E.09701
G1 X45.723 Y46.412 E.03255
G1 X48.071 Y46.412 E.06336
G1 X48.924 Y47.265 E.03255
G1 X52.519 Y47.265 E.09701
G1 X55.772 Y44.012 E.12414
G1 X55.242 Y43.955 E.01438
G1 X54.904 Y43.794 E.0101
G1 X54.645 Y43.566 E.00931
G1 X54.361 Y43.022 E.01656
G1 X54.323 Y42.462 E.01515
G1 E-3.5
;WIPE_START
G1 F7200
G1 X54.361 Y43.022 E-.26661
G1 X54.645 Y43.566 E-.29149
G1 X54.904 Y43.794 E-.1639
G1 X55.242 Y43.955 E-.17783
G1 X55.772 Y44.012 E-.2532
G1 X55.256 Y44.529 E-.34697
;WIPE_END
G1 X54.323 Y32.609 F9000
G1 E5 F2400
G1 F3600
G1 X54.323 Y31.663 E.02553
G1 X54.384 Y31.273 E.01065
G1 X54.67 Y30.783 E.01531
G1 X55.098 Y30.491 E.01398
G1 X52.519 Y27.912 E.09842
G1 X48.924 Y27.912 E.09701
G1 X48.824 Y28.013 E.00384
G1 X49.271 Y28.564 E.01915
G1 X49.37 Y29.061 E.01367
G1 X49.37 Y30.275 E.03276
G1 E-3.5
;WIPE_START
G1 F7200
G1 X49.37 Y29.061 E-.57665
G1 X49.271 Y28.564 E-.24071
G1 X48.824 Y28.013 E-.33702
G1 X48.924 Y27.912 E-.06751
G1 X49.51 Y27.912 E-.27811
;WIPE_END
G1 X72.855 Y29.363 F9000
G1 E5 F2400
G1 F3600
G1 X72.855 Y27.912 E.03916
G1 X71.872 Y27.912 E.02653
G1 X69.419 Y30.365 E.09361
G1 X70.271 Y30.365 E.02299
G1 X67.818 Y27.912 E.09361
G1 X64.223 Y27.912 E.09701
G1 X61.77 Y30.365 E.09361
G1 X62.621 Y30.365 E.02296
G1 X60.169 Y27.912 E.09359
G1 X56.573 Y27.912 E.09704
G1 X49.37 Y35.116 E.2749
G1 X49.37 Y32.412 E.07297
G1 X54.323 Y37.365 E.18902
G1 X54.323 Y37.812 E.01206
G1 X49.37 Y42.765 E.18902
G1 X49.37 Y40.062 E.07294
G1 X56.573 Y47.265 E.27488
G1 X60.169 Y47.265 E.09704
G1 X63.421 Y44.012 E.12412
G1 X60.97 Y44.012 E.06614
G1 X64.223 Y47.265 E.12414
G1 X67.818 Y47.265 E.09701
G1 X71.071 Y44.012 E.12414
G1 X68.619 Y44.012 E.06617
G1 X71.872 Y47.265 E.12414
G1 X72.855 Y47.265 E.02653
G1 X72.855 Y45.814 E.03916
G1 X73.306 Y47.138 F9000
;TYPE:Solid infill
;WIDTH:0.565252
G1 F3600
G1 X73.259 Y47.185 E.00235
G1 X73.277 Y47.249 E.00235
G1 X73.341 Y47.267 E.00235
G1 X73.388 Y47.22 E.00235
G1 X73.371 Y47.156 E.00234
;WIDTH:0.439999
G1 X73.261 Y46.478 E.01853
G1 X74.121 Y47.331 E.03269
;WIDTH:0.407168
G1 X74.193 Y47.397 E.00242
;WIDTH:0.374336
G1 X74.174 Y47.468 E.00166
G1 X74.245 Y47.449 E.00166
G1 X74.234 Y47.408 E.00096
;WIDTH:0.439999
G1 X74.622 Y47.265 E.01116
G1 X73.261 Y45.904 E.05194
G1 X73.261 Y45.33 E.01549
G1 X75.196 Y47.265 E.07384
G1 X75.77 Y47.265 E.01549
G1 X73.261 Y44.756 E.09575
G1 X73.149 Y43.87 F9000
;WIDTH:0.374336
G1 F3600
G1 X73.13 Y43.941 E.00166
G1 X73.201 Y43.922 E.00166
G1 X73.19 Y43.881 E.00096
;WIDTH:0.407168
G1 X73.225 Y44.032 E.00384
;WIDTH:0.439999
G1 X73.261 Y44.183 E.00419
G1 X76.343 Y47.265 E.11762
G1 X76.917 Y47.265 E.01549
G1 X73.664 Y44.012 E.12414
G1 X74.238 Y44.012 E.01549
G1 X77.491 Y47.265 E.12414
G1 X78.478 Y47.319 F9000
;WIDTH:0.374336
G1 F3600
G1 X78.489 Y47.36 E.00096
G1 X78.418 Y47.379 E.00166
G1 X78.437 Y47.308 E.00166
;WIDTH:0.407168
G1 X78.25 Y47.287 E.00467
;WIDTH:0.439999
G1 X78.064 Y47.265 E.00505
G1 X74.812 Y44.012 E.12412
G1 X75.385 Y44.012 E.01546
G1 X78.363 Y46.99 E.11365
G1 X78.363 Y46.417 E.01546
G1 X75.959 Y44.012 E.09176
G1 X76.533 Y44.012 E.01549
G1 X78.363 Y45.843 E.06986
G1 X78.444 Y45.9 E.00267
;WIDTH:0.407168
G1 X78.526 Y45.958 E.00249
;WIDTH:0.374336
G1 X78.506 Y46.029 E.00167
G1 X78.578 Y46.01 E.00168
G1 X78.567 Y45.969 E.00096
G1 E-3.5
;WIPE_START
G1 F7200
G1 X78.578 Y46.01 E-.02016
G1 X78.506 Y46.029 E-.03537
G1 X78.526 Y45.958 E-.03504
G1 X78.444 Y45.9 E-.04771
G1 X78.363 Y45.843 E-.04705
G1 X76.533 Y44.012 E-1.22964
G1 X76.354 Y44.012 E-.08503
;WIPE_END
G1 X77.25 Y44.156 F9000
G1 E5 F2400
;WIDTH:0.439999
G1 F3600
G1 X78.363 Y45.269 E.04247
G1 X78.363 Y44.012 E.03392
G1 X77.106 Y44.012 E.03392
G1 E-3.5
;WIPE_START
G1 F7200
G1 X78.363 Y44.012 E-.59708
G1 X78.363 Y45.269 E-.59707
G1 X77.908 Y44.814 E-.30585
;WIPE_END
G1 X73.261 Y30.365 F9000
G1 E5 F2400
G1 F3600
G1 X73.261 Y27.912 E.06619
G1 X78.363 Y27.912 E.13768
G1 X78.363 Y30.365 E.06619
G1 X73.464 Y30.365 E.1322
G1 X73.667 Y29.959 E.01225
G1 X73.667 Y28.318 E.04428
G1 X77.958 Y28.318 E.11579
G1 X77.958 Y29.959 E.04428
G1 X73.869 Y29.959 E.11034
G1 X74.072 Y29.554 E.01222
G1 X74.072 Y28.724 E.0224
G1 X77.552 Y28.724 E.09391
G1 X77.552 Y29.554 E.0224
G1 X74.275 Y29.554 E.08843
G1 X74.487 Y29.139 E.01258
;WIDTH:0.458672
G1 X77.137 Y29.139 E.0748
;LAYER_CHANGE
;Z:8.04
;HEIGHT:0.16
;BEFORE_LAYER_CHANGE
G92 E0
;8.04


G1 E-3.5 F3600
;WIPE_START
G1 F7200
G1 X74.487 Y29.139 E-1.25875
G1 X74.275 Y29.554 E-.22136
G1 X74.317 Y29.554 E-.01989
;WIPE_END
G1 Z8.04 F9000
;AFTER_LAYER_CHANGE
;8.04
G1 X78.564 Y27.6
G1 E5 F2400
;TYPE:Perimeter
;WIDTH:0.439999
G1 F3600
G1 X78.564 Y30.677 E.08303
G1 X55.496 Y30.677 E.62249
G1 X55.095 Y30.833 E.01161
G1 X54.9 Y30.996 E.00686
G1 X54.683 Y31.367 E.0116
G1 X54.635 Y31.672 E.00833
G1 X54.635 Y42.834 E.3012
G1 X54.748 Y43.166 E.00946
G1 X54.88 Y43.36 E.00633
G1 X55.077 Y43.533 E.00707
G1 X55.335 Y43.655 E.0077
G1 X55.629 Y43.7 E.00803
G1 X78.564 Y43.7 E.6189
G1 X78.564 Y47.577 E.10462
G1 X30.529 Y47.577 E1.29622
G1 X30.529 Y46.1 E.03986
G1 X48.192 Y46.1 E.47663
G1 X48.531 Y45.983 E.00968
G1 X48.859 Y45.702 E.01165
G1 X49.018 Y45.384 E.00959
G1 X49.058 Y45.106 E.00758
G1 X49.058 Y29.072 E.43267
G1 X48.981 Y28.689 E.01054
G1 X48.66 Y28.276 E.01412
;WIDTH:0.475842
G1 X48.064 Y28.059 E.01863
G1 X30.547 Y28.059 E.51446
G1 X30.547 Y27.618 E.01295
G1 X48.064 Y27.618 E.51446
G1 X48.885 Y27.6 E.02412
;WIDTH:0.439999
G1 X78.504 Y27.6 E.79926
G1 X78.969 Y27.194 F9000
G1 F3600
G1 X78.969 Y31.083 E.10494
G1 X55.55 Y31.083 E.63196
G1 X55.313 Y31.175 E.00686
G1 X55.117 Y31.381 E.00767
G1 X55.041 Y31.672 E.00812
G1 X55.041 Y42.789 E.29999
G1 X55.186 Y43.093 E.00909
G1 X55.455 Y43.268 E.00866
G1 X55.629 Y43.294 E.00475
G1 X78.969 Y43.294 E.62983
G1 X78.969 Y47.983 E.12653
G1 X30.124 Y47.983 E1.31807
G1 X30.124 Y45.694 E.06177
G1 X48.064 Y45.694 E.48411
G1 X48.341 Y45.625 E.0077
G1 X48.534 Y45.459 E.00687
G1 X48.629 Y45.271 E.00568
G1 X48.652 Y45.106 E.0045
G1 X48.652 Y29.072 E.43267
G1 X48.607 Y28.845 E.00624
G1 X48.417 Y28.601 E.00835
G1 X48.064 Y28.483 E.01004
G1 X30.124 Y28.483 E.48411
G1 X30.124 Y27.194 E.03478
G1 X78.909 Y27.194 E1.31645
G1 X79.365 Y26.799 F9000
;TYPE:External perimeter
;WIDTH:0.419999
G1 F1800
G1 X79.365 Y31.479 E.12006
G1 X55.629 Y31.479 E.60893
G1 X55.488 Y31.541 E.00395
G1 X55.436 Y31.672 E.00362
G1 X55.436 Y42.706 E.28307
G1 X55.484 Y42.833 E.00348
G1 X55.629 Y42.899 E.00409
G1 X79.365 Y42.899 E.60893
G1 X79.365 Y48.379 E.14059
G1 X29.728 Y48.379 E1.27341
G1 X29.728 Y45.299 E.07902
G1 X48.064 Y45.299 E.4704
G1 X48.218 Y45.222 E.00442
G1 X48.256 Y45.106 E.00313
G1 X48.256 Y29.072 E.41134
G1 X48.179 Y28.917 E.00444
G1 X48.064 Y28.879 E.00311
G1 X29.728 Y28.879 E.4704
G1 X29.728 Y26.799 E.05336
G1 X79.305 Y26.799 E1.27187
G1 X78.048 Y27.912 F9000
;TYPE:Solid infill
;WIDTH:0.439999
G1 F3600
G1 X73.581 Y27.912 E.12054
G1 X73.581 Y30.365 E.06619
G1 X78.251 Y30.365 E.12602
G1 X78.251 Y27.912 E.06619
G1 X77.846 Y28.318 E.01547
G1 X77.846 Y29.959 E.04428
G1 X73.986 Y29.959 E.10416
G1 X73.986 Y28.318 E.04428
G1 X77.643 Y28.318 E.09868
G1 X77.44 Y28.724 E.01225
G1 X77.44 Y29.554 E.0224
G1 X74.392 Y29.554 E.08225
G1 X74.392 Y28.724 E.0224
G1 X77.237 Y28.724 E.07677
G1 X77.025 Y29.139 E.01258
;WIDTH:0.458672
G1 X74.807 Y29.139 E.06261
G1 X73.175 Y29.043 F9000
;TYPE:Internal infill
;WIDTH:0.44
G1 F3600
G1 X73.175 Y27.912 E.03052
G1 X71.872 Y27.912 E.03516
G1 X69.419 Y30.365 E.09361
G1 X70.271 Y30.365 E.02299
G1 X67.818 Y27.912 E.09361
G1 X64.223 Y27.912 E.09701
G1 X61.77 Y30.365 E.09361
G1 X62.621 Y30.365 E.02296
G1 X60.169 Y27.912 E.09359
G1 X56.573 Y27.912 E.09704
G1 X49.37 Y35.116 E.2749
G1 X49.37 Y32.412 E.07297
G1 X54.323 Y37.365 E.18902
G1 X54.323 Y37.812 E.01206
G1 X49.37 Y42.765 E.18902
G1 X49.37 Y40.062 E.07294
G1 X56.573 Y47.265 E.27488
G1 X60.169 Y47.265 E.09704
G1 X63.421 Y44.012 E.12412
G1 X60.97 Y44.012 E.06614
G1 X64.223 Y47.265 E.12414
G1 X67.818 Y47.265 E.09701
G1 X71.071 Y44.012 E.12414
G1 X68.619 Y44.012 E.06617
G1 X71.872 Y47.265 E.12414
G1 X73.175 Y47.265 E.03516
G1 X73.175 Y46.134 E.03052
G1 E-3.5
;WIPE_START
G1 F7200
G1 X73.175 Y47.265 E-.53723
G1 X71.872 Y47.265 E-.61892
G1 X71.36 Y46.753 E-.34385
;WIPE_END
G1 X73.707 Y44.058 F9000
G1 E5 F2400
;TYPE:Solid infill
;WIDTH:0.565258
G1 F3600
G1 X73.66 Y44.011 E.00235
G1 X73.596 Y44.028 E.00234
G1 X73.579 Y44.092 E.00234
G1 X73.626 Y44.139 E.00235
G1 X73.69 Y44.122 E.00234
;WIDTH:0.439999
G1 X73.581 Y44.8 E.01853
G1 X74.368 Y44.012 E.03005
G1 X74.461 Y43.941 E.00316
;WIDTH:0.407168
G1 X74.554 Y43.869 E.00292
;WIDTH:0.374336
G1 X74.513 Y43.88 E.00096
G1 X74.494 Y43.809 E.00166
G1 X74.565 Y43.828 E.00166
;WIDTH:0.439999
G1 X74.942 Y44.012 E.01132
G1 X73.581 Y45.374 E.05196
G1 X73.581 Y45.947 E.01546
G1 X75.516 Y44.012 E.07384
G1 X76.089 Y44.012 E.01546
G1 X73.581 Y46.521 E.09573
G1 X73.52 Y47.355 F9000
;WIDTH:0.374336
G1 F3600
G1 X73.449 Y47.336 E.00166
G1 X73.468 Y47.407 E.00166
G1 X73.509 Y47.396 E.00096
;WIDTH:0.407168
G1 X73.545 Y47.246 E.00383
;WIDTH:0.439999
G1 X73.581 Y47.095 E.00419
G1 X76.663 Y44.012 E.11764
G1 X77.237 Y44.012 E.01549
G1 X73.984 Y47.265 E.12414
G1 X74.558 Y47.265 E.01549
G1 X77.81 Y44.012 E.12412
G1 X78.405 Y43.888 E.0164
;WIDTH:0.374336
G1 X78.334 Y43.869 E.00166
G1 X78.353 Y43.94 E.00166
G1 X78.394 Y43.929 E.00096
;WIDTH:0.407168
G1 X78.323 Y44.037 E.00321
;WIDTH:0.439999
G1 X78.251 Y44.145 E.0035
G1 X75.131 Y47.265 E.11907
G1 X75.705 Y47.265 E.01549
G1 X78.251 Y44.719 E.09716
G1 X78.251 Y45.293 E.01549
G1 X76.279 Y47.265 E.07526
G1 E-3.5
;WIPE_START
G1 F7200
G1 X78.251 Y45.293 E-1.32469
G1 X78.251 Y44.924 E-.17531
;WIPE_END
G1 X78.108 Y46.01 F9000
G1 E5 F2400
G1 F3600
G1 X76.852 Y47.265 E.04791
G1 X78.251 Y47.265 E.03775
G1 X78.251 Y45.866 E.03775
G1 X77.891 Y46.842 F9000
;WIDTH:0.448006
G1 F3600
G1 X77.855 Y46.805 E.00142
G1 X77.805 Y46.819 E.00143
G1 X77.792 Y46.869 E.00142
G1 X77.828 Y46.905 E.0014
G1 X77.878 Y46.892 E.00142
G1 E-3.5
;WIPE_START
G1 F7200
G1 X77.828 Y46.905 E-.02454
G1 X77.792 Y46.869 E-.02418
G1 X77.805 Y46.819 E-.02454
G1 X77.855 Y46.805 E-.02466
G1 X77.891 Y46.842 E-.02452
;WIPE_END
G1 E-1.37756 F3600
G1 X54.323 Y42.462 F9000
G1 E5 F2400
;TYPE:Internal infill
;WIDTH:0.44
G1 F3600
G1 X54.361 Y43.022 E.01515
G1 X54.645 Y43.566 E.01656
G1 X54.904 Y43.794 E.00931
G1 X55.242 Y43.955 E.0101
G1 X55.772 Y44.012 E.01438
G1 X52.519 Y47.265 E.12414
G1 X48.924 Y47.265 E.09701
G1 X48.071 Y46.412 E.03255
G1 X45.723 Y46.412 E.06336
G1 X44.87 Y47.265 E.03255
G1 X41.275 Y47.265 E.09701
G1 X40.422 Y46.412 E.03255
G1 X38.073 Y46.412 E.06339
G1 X37.918 Y46.568 E.00593
G1 X37.918 Y47.265 E.01881
G1 X39.655 Y47.265 E.04687
G1 E-3.5
;WIPE_START
G1 F7200
G1 X37.918 Y47.265 E-.82508
G1 X37.918 Y46.568 E-.33108
G1 X38.073 Y46.412 E-.10446
G1 X38.577 Y46.412 E-.23938
;WIPE_END
G1 X33.581 Y46.412 F9000
G1 E5 F2400
;TYPE:Solid infill
;WIDTH:0.439999
G1 F3600
G1 X37.512 Y46.412 E.10608
G1 X37.512 Y47.265 E.02302
G1 X33.581 Y47.265 E.10608
G1 X33.581 Y46.615 E.01754
G1 X34.007 Y46.839 E.01299
;WIDTH:0.481324
G1 X37.086 Y46.839 E.09155
G1 E-3.5
;WIPE_START
G1 F7200
G1 X34.007 Y46.839 E-1.46253
G1 X33.937 Y46.802 E-.03747
;WIPE_END
G1 X33.175 Y46.814 F9000
G1 E5 F2400
;TYPE:Internal infill
;WIDTH:0.44
G1 F3600
G1 X32.773 Y46.412 E.01534
G1 E-3.5
;WIPE_START
G1 F7200
G1 X33.175 Y46.814 E-.27004
;WIPE_END
G1 E-1.22996 F3600
G1 X49.37 Y30.275 F9000
G1 E5 F2400
G1 F3600
G1 X49.37 Y29.061 E.03276
G1 X49.271 Y28.564 E.01367
G1 X48.824 Y28.013 E.01915
G1 X48.924 Y27.912 E.00384
G1 X52.519 Y27.912 E.09701
G1 X55.098 Y30.491 E.09842
G1 X54.67 Y30.783 E.01398
G1 X54.384 Y31.273 E.01531
G1 X54.323 Y31.663 E.01065
G1 X54.323 Y32.609 E.02553
;LAYER_CHANGE
;Z:8.2
;HEIGHT:0.16
;BEFORE_LAYER_CHANGE
G92 E0
;8.2


G1 E-3.5 F3600
;WIPE_START
G1 F7200
G1 X54.323 Y31.663 E-.44935
G1 X54.384 Y31.273 E-.1875
G1 X54.67 Y30.783 E-.2695
G1 X55.098 Y30.491 E-.24611
G1 X54.581 Y29.974 E-.34754
;WIPE_END
G1 Z8.2 F9000
;AFTER_LAYER_CHANGE
;8.2
G1 X54.931 Y30.97
G1 E5 F2400
;TYPE:Perimeter
;WIDTH:0.439999
G1 F3600
G1 X54.9 Y30.996 E.00109
G1 X54.683 Y31.367 E.0116
G1 X54.635 Y31.672 E.00833
G1 X54.635 Y42.834 E.3012
G1 X54.748 Y43.166 E.00946
G1 X54.88 Y43.36 E.00633
G1 X55.077 Y43.533 E.00707
G1 X55.335 Y43.655 E.0077
G1 X55.629 Y43.7 E.00803
G1 X78.442 Y43.7 E.6156
G1 X78.442 Y47.577 E.10462
G1 X30.651 Y47.577 E1.28963
G1 X30.651 Y46.1 E.03986
G1 X48.192 Y46.1 E.47334
G1 X48.531 Y45.983 E.00968
G1 X48.859 Y45.702 E.01165
G1 X49.018 Y45.384 E.00959
G1 X49.058 Y45.106 E.00758
G1 X49.058 Y29.072 E.43267
G1 X48.981 Y28.689 E.01054
G1 X48.66 Y28.276 E.01412
;WIDTH:0.475842
G1 X48.064 Y28.059 E.01863
G1 X30.669 Y28.059 E.51088
G1 X30.669 Y27.618 E.01295
G1 X48.064 Y27.618 E.51088
G1 X48.885 Y27.6 E.02412
;WIDTH:0.439999
G1 X78.442 Y27.6 E.79759
G1 X78.442 Y30.677 E.08303
G1 X55.496 Y30.677 E.61919
G1 X55.095 Y30.833 E.01161
G1 X54.977 Y30.932 E.00416
G1 X55.225 Y31.268 F9000
G1 F3600
G1 X55.117 Y31.381 E.00422
G1 X55.041 Y31.672 E.00812
G1 X55.041 Y42.789 E.29999
G1 X55.186 Y43.093 E.00909
G1 X55.455 Y43.268 E.00866
G1 X55.629 Y43.294 E.00475
G1 X78.848 Y43.294 E.62656
G1 X78.848 Y47.983 E.12653
G1 X30.245 Y47.983 E1.31154
G1 X30.245 Y45.694 E.06177
G1 X48.064 Y45.694 E.48084
G1 X48.341 Y45.625 E.0077
G1 X48.534 Y45.459 E.00687
G1 X48.629 Y45.271 E.00568
G1 X48.652 Y45.106 E.0045
G1 X48.652 Y29.072 E.43267
G1 X48.607 Y28.845 E.00624
G1 X48.417 Y28.601 E.00835
G1 X48.064 Y28.483 E.01004
G1 X30.245 Y28.483 E.48084
G1 X30.245 Y27.194 E.03478
G1 X78.848 Y27.194 E1.31154
G1 X78.848 Y31.083 E.10494
G1 X55.55 Y31.083 E.62869
G1 X55.313 Y31.175 E.00686
G1 X55.267 Y31.224 E.00181
G1 X55.5 Y31.535 F9000
;TYPE:External perimeter
;WIDTH:0.419999
G1 F1800
G1 X55.488 Y31.541 E.00034
G1 X55.436 Y31.672 E.00362
G1 X55.436 Y42.706 E.28307
G1 X55.484 Y42.833 E.00348
G1 X55.629 Y42.899 E.00409
G1 X79.243 Y42.899 E.6058
G1 X79.243 Y48.379 E.14059
G1 X29.849 Y48.379 E1.26717
G1 X29.849 Y45.299 E.07902
G1 X48.064 Y45.299 E.4673
G1 X48.218 Y45.222 E.00442
G1 X48.256 Y45.106 E.00313
G1 X48.256 Y29.072 E.41134
G1 X48.179 Y28.917 E.00444
G1 X48.064 Y28.879 E.00311
G1 X29.849 Y28.879 E.4673
G1 X29.849 Y26.799 E.05336
G1 X79.243 Y26.799 E1.26717
G1 X79.243 Y31.479 E.12006
G1 X55.629 Y31.479 E.6058
G1 X55.555 Y31.511 E.00207
G1 X54.323 Y32.609 F9000
;TYPE:Internal infill
;WIDTH:0.44
G1 F3600
G1 X54.323 Y31.663 E.02553
G1 X54.384 Y31.273 E.01065
G1 X54.67 Y30.783 E.01531
G1 X55.098 Y30.491 E.01398
G1 X52.519 Y27.912 E.09842
G1 X48.924 Y27.912 E.09701
G1 X48.824 Y28.013 E.00384
G1 X49.271 Y28.564 E.01915
G1 X49.37 Y29.061 E.01367
G1 X49.37 Y30.275 E.03276
G1 E-3.5
;WIPE_START
G1 F7200
G1 X49.37 Y29.061 E-.57665
G1 X49.271 Y28.564 E-.24071
G1 X48.824 Y28.013 E-.33702
G1 X48.924 Y27.912 E-.06751
G1 X49.51 Y27.912 E-.27811
;WIPE_END
G1 X54.323 Y42.462 F9000
G1 E5 F2400
G1 F3600
G1 X54.361 Y43.022 E.01515
G1 X54.645 Y43.566 E.01656
G1 X54.904 Y43.794 E.00931
G1 X55.242 Y43.955 E.0101
G1 X55.772 Y44.012 E.01438
G1 X52.519 Y47.265 E.12414
G1 X48.924 Y47.265 E.09701
G1 X48.071 Y46.412 E.03255
G1 X45.723 Y46.412 E.06336
G1 X44.87 Y47.265 E.03255
G1 X41.275 Y47.265 E.09701
G1 X40.422 Y46.412 E.03255
G1 X38.073 Y46.412 E.06339
G1 X37.354 Y47.132 E.02746
G1 X37.354 Y47.265 E.00359
G1 X39.655 Y47.265 E.06209
G1 E-3.5
;WIPE_START
G1 F7200
G1 X37.354 Y47.265 E-1.09298
G1 X37.354 Y47.132 E-.06318
G1 X37.866 Y46.62 E-.34384
;WIPE_END
G1 X34.145 Y46.615 F9000
G1 E5 F2400
;TYPE:Solid infill
;WIDTH:0.439999
G1 F3600
G1 X34.145 Y47.265 E.01754
G1 X36.948 Y47.265 E.07564
G1 X36.948 Y46.412 E.02302
G1 X34.145 Y46.412 E.07564
G1 X34.571 Y46.839 E.01628
;WIDTH:0.481324
G1 X36.522 Y46.839 E.05801
G1 E-3.5
;WIPE_START
G1 F7200
G1 X34.571 Y46.839 E-.92673
G1 X34.145 Y46.412 E-.2865
G1 X34.749 Y46.412 E-.28677
;WIPE_END
G1 X33.626 Y47.265 F9000
G1 E5 F2400
;TYPE:Internal infill
;WIDTH:0.44
G1 F3600
G1 X32.773 Y46.412 E.03255
G1 E-3.5
;WIPE_START
G1 F7200
G1 X33.626 Y47.265 E-.573
;WIPE_END
G1 E-.927 F3600
G1 X73.739 Y46.698 F9000
G1 E5 F2400
G1 F3600
G1 X73.739 Y47.265 E.0153
G1 X71.872 Y47.265 E.05038
G1 X68.619 Y44.012 E.12414
G1 X71.071 Y44.012 E.06617
G1 X67.818 Y47.265 E.12414
G1 X64.223 Y47.265 E.09701
G1 X60.97 Y44.012 E.12414
G1 X63.421 Y44.012 E.06614
G1 X60.169 Y47.265 E.12412
G1 X56.573 Y47.265 E.09704
G1 X49.37 Y40.062 E.27488
G1 X49.37 Y42.765 E.07294
G1 X54.323 Y37.812 E.18902
G1 X54.323 Y37.365 E.01206
G1 X49.37 Y32.412 E.18902
G1 X49.37 Y35.116 E.07297
G1 X56.573 Y27.912 E.2749
G1 X60.169 Y27.912 E.09704
G1 X62.621 Y30.365 E.09359
G1 X61.77 Y30.365 E.02296
G1 X64.223 Y27.912 E.09361
G1 X67.818 Y27.912 E.09701
G1 X70.271 Y30.365 E.09361
G1 X69.419 Y30.365 E.02299
G1 X71.872 Y27.912 E.09361
G1 X73.739 Y27.912 E.05038
G1 X73.739 Y28.48 E.01533
G1 X74.145 Y30.365 F9000
;TYPE:Solid infill
;WIDTH:0.439999
G1 F3600
G1 X74.145 Y27.912 E.06619
G1 X78.13 Y27.912 E.10753
G1 X78.13 Y30.365 E.06619
G1 X74.347 Y30.365 E.10208
G1 X74.55 Y29.959 E.01225
G1 X74.55 Y28.318 E.04428
G1 X77.724 Y28.318 E.08565
G1 X77.724 Y29.959 E.04428
G1 X74.753 Y29.959 E.08017
G1 X74.956 Y29.554 E.01222
G1 X74.956 Y28.724 E.0224
G1 X77.318 Y28.724 E.06374
G1 X77.318 Y29.554 E.0224
G1 X75.159 Y29.554 E.05826
G1 X75.371 Y29.139 E.01258
;WIDTH:0.45867
G1 X76.903 Y29.139 E.04324
G1 E-3.5
;WIPE_START
G1 F7200
G1 X75.371 Y29.139 E-.7277
G1 X75.159 Y29.554 E-.22136
G1 X76.319 Y29.554 E-.55094
;WIPE_END
G1 X74.19 Y47.138 F9000
G1 E5 F2400
;WIDTH:0.565256
G1 F3600
G1 X74.143 Y47.185 E.00235
G1 X74.16 Y47.249 E.00234
G1 X74.224 Y47.267 E.00235
G1 X74.271 Y47.22 E.00235
G1 X74.254 Y47.155 E.00237
;WIDTH:0.439999
G1 X74.932 Y47.265 E.01853
G1 X74.145 Y46.478 E.03003
G1 X74.073 Y46.385 E.00317
;WIDTH:0.407168
G1 X74.001 Y46.292 E.00292
;WIDTH:0.374336
G1 X74.012 Y46.333 E.00096
G1 X73.941 Y46.352 E.00166
G1 X73.96 Y46.281 E.00166
;WIDTH:0.439999
G1 X74.145 Y45.904 E.01133
G1 X75.506 Y47.265 E.05194
G1 X76.079 Y47.265 E.01546
G1 X74.145 Y45.33 E.07382
G1 X74.145 Y44.756 E.01549
G1 X76.653 Y47.265 E.09573
G1 X77.213 Y47.251 E.01512
G1 X74.145 Y44.183 E.11708
G1 X74.548 Y44.012 E.01181
G1 X77.801 Y47.265 E.12414
G1 X78.246 Y47.321 E.0121
;WIDTH:0.374336
G1 X78.257 Y47.362 E.00096
G1 X78.186 Y47.381 E.00166
G1 X78.205 Y47.31 E.00166
;WIDTH:0.407168
G1 X78.167 Y47.165 E.00372
;WIDTH:0.439999
G1 X78.13 Y47.021 E.00401
G1 X75.122 Y44.012 E.11481
G1 X75.695 Y44.012 E.01546
G1 X78.13 Y46.447 E.09293
G1 X78.13 Y45.873 E.01549
G1 X76.269 Y44.012 E.07102
G1 X78.13 Y44.012 E.05022
G1 X78.13 Y45.299 E.03473
G1 X76.986 Y44.156 E.04364
;LAYER_CHANGE
;Z:8.36
;HEIGHT:0.16
;BEFORE_LAYER_CHANGE
G92 E0
;8.36


G1 E-3.5 F3600
;WIPE_START
G1 F7200
G1 X78.13 Y45.299 E-.76815
G1 X78.13 Y44.012 E-.61132
G1 X77.876 Y44.012 E-.12053
;WIPE_END
G1 Z8.36 F9000
;AFTER_LAYER_CHANGE
;8.36
G1 X78.308 Y43.7
G1 E5 F2400
;TYPE:Perimeter
G1 F3441
G1 X78.308 Y47.577 E.10462
G1 X30.785 Y47.577 E1.2824
G1 X30.785 Y46.1 E.03986
G1 X48.192 Y46.1 E.46972
G1 X48.531 Y45.983 E.00968
G1 X48.859 Y45.702 E.01165
G1 X49.018 Y45.384 E.00959
G1 X49.058 Y45.106 E.00758
G1 X49.058 Y29.072 E.43267
G1 X48.981 Y28.689 E.01054
G1 X48.66 Y28.276 E.01412
;WIDTH:0.475842
G1 X48.064 Y28.059 E.01863
G1 X30.803 Y28.059 E.50694
G1 X30.803 Y27.618 E.01295
G1 X48.064 Y27.618 E.50694
G1 X48.885 Y27.6 E.02412
;WIDTH:0.439999
G1 X78.308 Y27.6 E.79397
G1 X78.308 Y30.677 E.08303
G1 X55.496 Y30.677 E.61558
G1 X55.095 Y30.833 E.01161
G1 X54.9 Y30.996 E.00686
G1 X54.683 Y31.367 E.0116
G1 X54.635 Y31.672 E.00833
G1 X54.635 Y42.834 E.3012
G1 X54.748 Y43.166 E.00946
G1 X54.88 Y43.36 E.00633
G1 X55.077 Y43.533 E.00707
G1 X55.335 Y43.655 E.0077
G1 X55.629 Y43.7 E.00803
G1 X78.248 Y43.7 E.61037
G1 X78.714 Y43.294 F9000
G1 F3441
G1 X78.714 Y47.983 E.12653
G1 X30.379 Y47.983 E1.30431
G1 X30.379 Y45.694 E.06177
G1 X48.064 Y45.694 E.47723
G1 X48.341 Y45.625 E.0077
G1 X48.534 Y45.459 E.00687
G1 X48.629 Y45.271 E.00568
G1 X48.652 Y45.106 E.0045
G1 X48.652 Y29.072 E.43267
G1 X48.607 Y28.845 E.00624
G1 X48.417 Y28.601 E.00835
G1 X48.064 Y28.483 E.01004
G1 X30.379 Y28.483 E.47723
G1 X30.379 Y27.194 E.03478
G1 X78.714 Y27.194 E1.30431
G1 X78.714 Y31.083 E.10494
G1 X55.55 Y31.083 E.62508
G1 X55.313 Y31.175 E.00686
G1 X55.117 Y31.381 E.00767
G1 X55.041 Y31.672 E.00812
G1 X55.041 Y42.789 E.29999
G1 X55.186 Y43.093 E.00909
G1 X55.455 Y43.268 E.00866
G1 X55.629 Y43.294 E.00475
G1 X78.654 Y43.294 E.62133
G1 X79.109 Y42.899 F9000
;TYPE:External perimeter
;WIDTH:0.419999
G1 F1800
G1 X79.109 Y48.379 E.14059
G1 X29.984 Y48.379 E1.26027
G1 X29.984 Y45.299 E.07902
G1 X48.064 Y45.299 E.46383
G1 X48.218 Y45.222 E.00442
G1 X48.256 Y45.106 E.00313
G1 X48.256 Y29.072 E.41134
G1 X48.179 Y28.917 E.00444
G1 X48.064 Y28.879 E.00311
G1 X29.984 Y28.879 E.46383
G1 X29.984 Y26.799 E.05336
G1 X79.109 Y26.799 E1.26027
G1 X79.109 Y31.479 E.12006
G1 X55.629 Y31.479 E.60237
G1 X55.488 Y31.541 E.00395
G1 X55.436 Y31.672 E.00362
G1 X55.436 Y42.706 E.28307
G1 X55.484 Y42.833 E.00348
G1 X55.629 Y42.899 E.00409
G1 X79.049 Y42.899 E.60083
G1 X77.793 Y44.012 F9000
;TYPE:Solid infill
;WIDTH:0.439999
G1 F3441
G1 X77.191 Y44.012 E.01624
G1 X77.191 Y47.265 E.08778
G1 X77.996 Y47.265 E.02172
G1 X77.996 Y44.012 E.08778
G1 X77.593 Y44.414 E.01536
;WIDTH:0.432846
G1 X77.593 Y46.863 E.06492
G1 X76.786 Y46.15 F9000
;TYPE:Internal infill
;WIDTH:0.44
G1 F3441
G1 X76.786 Y47.265 E.03009
G1 X76.253 Y47.265 E.01438
G1 X76.253 Y46.479 E.02121
G1 X76.786 Y45.947 E.02032
G1 X76.786 Y44.529 E.03826
G1 X76.253 Y44.012 E.02004
G1 X76.253 Y46.276 E.06109
G1 E-3.5 F3600
;WIPE_START
G1 F7200
G1 X76.253 Y44.012 E-1.0754
G1 X76.786 Y44.529 E-.35271
G1 X76.786 Y44.68 E-.07189
;WIPE_END
G1 X74.306 Y47.265 F9000
G1 E5 F2400
G1 F3441
G1 X71.872 Y47.265 E.06568
G1 X68.619 Y44.012 E.12414
G1 X71.071 Y44.012 E.06617
G1 X67.818 Y47.265 E.12414
G1 X64.223 Y47.265 E.09701
G1 X60.97 Y44.012 E.12414
G1 X63.421 Y44.012 E.06614
G1 X60.169 Y47.265 E.12412
G1 X56.573 Y47.265 E.09704
G1 X49.37 Y40.062 E.27488
G1 X49.37 Y42.765 E.07294
G1 X54.323 Y37.812 E.18902
G1 X54.323 Y37.365 E.01206
G1 X49.37 Y32.412 E.18902
G1 X49.37 Y35.116 E.07297
G1 X56.573 Y27.912 E.2749
G1 X60.169 Y27.912 E.09704
G1 X62.621 Y30.365 E.09359
G1 X61.77 Y30.365 E.02296
G1 X64.223 Y27.912 E.09361
G1 X67.818 Y27.912 E.09701
G1 X70.271 Y30.365 E.09361
G1 X69.419 Y30.365 E.02299
G1 X71.872 Y27.912 E.09361
G1 X75.467 Y27.912 E.09701
G1 X76.786 Y29.231 E.05034
G1 X76.786 Y30.365 E.0306
G1 X75.486 Y30.365 E.03508
G1 E-3.5 F3600
;WIPE_START
G1 F7200
G1 X76.786 Y30.365 E-.6175
G1 X76.786 Y29.231 E-.53865
G1 X76.274 Y28.719 E-.34385
;WIPE_END
G1 X77.793 Y27.912 F9000
G1 E5 F2400
;TYPE:Solid infill
;WIDTH:0.439999
G1 F3441
G1 X77.191 Y27.912 E.01624
G1 X77.191 Y30.365 E.06619
G1 X77.996 Y30.365 E.02172
G1 X77.996 Y27.912 E.06619
G1 X77.593 Y28.314 E.01536
;WIDTH:0.432844
G1 X77.593 Y29.963 E.04371
G1 E-3.5 F3600
;WIPE_START
G1 F7200
G1 X77.593 Y28.314 E-.78328
G1 X77.996 Y27.912 E-.27038
G1 X77.996 Y28.852 E-.44634
;WIPE_END
G1 X75.799 Y44.062 F9000
G1 E5 F2400
;WIDTH:0.538477
G1 F3441
G1 X75.799 Y47.216 E.10577
G1 X75.294 Y47.216 E.01694
G1 X75.294 Y44.062 E.10577
G1 X75.596 Y44.062 E.01013
G1 E-3.5 F3600
;WIPE_START
G1 F7200
G1 X75.294 Y44.062 E-.14345
G1 X75.294 Y46.918 E-1.35655
;WIPE_END
G1 X54.323 Y42.462 F9000
G1 E5 F2400
;TYPE:Internal infill
;WIDTH:0.44
G1 F3441
G1 X54.361 Y43.022 E.01515
G1 X54.645 Y43.566 E.01656
G1 X54.904 Y43.794 E.00931
G1 X55.242 Y43.955 E.0101
G1 X55.772 Y44.012 E.01438
G1 X52.519 Y47.265 E.12414
G1 X48.924 Y47.265 E.09701
G1 X48.071 Y46.412 E.03255
G1 X45.723 Y46.412 E.06336
G1 X44.87 Y47.265 E.03255
G1 X41.275 Y47.265 E.09701
G1 X40.422 Y46.412 E.03255
G1 X38.073 Y46.412 E.06339
G1 X37.221 Y47.265 E.03253
G1 X33.626 Y47.265 E.09701
G1 X32.773 Y46.412 E.03255
G1 X35.207 Y46.412 E.06568
G1 E-3.5 F3600
;WIPE_START
G1 F7200
G1 X32.773 Y46.412 E-1.15615
G1 X33.285 Y46.924 E-.34385
;WIPE_END
G1 X49.37 Y30.275 F9000
G1 E5 F2400
G1 F3441
G1 X49.37 Y29.061 E.03276
G1 X49.271 Y28.564 E.01367
G1 X48.824 Y28.013 E.01915
G1 X48.924 Y27.912 E.00384
G1 X52.519 Y27.912 E.09701
G1 X55.098 Y30.491 E.09842
G1 X54.67 Y30.783 E.01398
G1 X54.384 Y31.273 E.01531
G1 X54.323 Y31.663 E.01065
G1 X54.323 Y32.609 E.02553
;LAYER_CHANGE
;Z:8.52
;HEIGHT:0.160001
;BEFORE_LAYER_CHANGE
G92 E0
;8.52


G1 E-3.5 F3600
;WIPE_START
G1 F7200
G1 X54.323 Y31.663 E-.44935
G1 X54.384 Y31.273 E-.1875
G1 X54.67 Y30.783 E-.2695
G1 X55.098 Y30.491 E-.24611
G1 X54.581 Y29.974 E-.34754
;WIPE_END
G1 Z8.52 F9000
;AFTER_LAYER_CHANGE
;8.52
G1 X54.931 Y30.97
G1 E5 F2400
;TYPE:Perimeter
;WIDTH:0.439999
G1 F3246
G1 X54.9 Y30.996 E.00109
G1 X54.683 Y31.367 E.0116
G1 X54.635 Y31.672 E.00833
G1 X54.635 Y42.834 E.3012
G1 X54.748 Y43.166 E.00946
G1 X54.88 Y43.36 E.00633
G1 X55.077 Y43.533 E.00707
G1 X55.335 Y43.655 E.0077
G1 X55.629 Y43.7 E.00803
G1 X78.162 Y43.7 E.60805
G1 X78.162 Y47.577 E.10462
G1 X30.931 Y47.577 E1.27452
G1 X30.931 Y46.1 E.03986
G1 X48.192 Y46.1 E.46578
G1 X48.531 Y45.983 E.00968
G1 X48.859 Y45.702 E.01165
G1 X49.018 Y45.384 E.00959
G1 X49.058 Y45.106 E.00758
G1 X49.058 Y29.072 E.43267
G1 X48.981 Y28.689 E.01054
G1 X48.66 Y28.276 E.01412
;WIDTH:0.475842
G1 X48.064 Y28.059 E.01863
G1 X30.949 Y28.059 E.50265
G1 X30.949 Y27.618 E.01295
G1 X48.064 Y27.618 E.50265
G1 X48.885 Y27.6 E.02412
;WIDTH:0.439999
G1 X78.162 Y27.6 E.79003
G1 X78.162 Y30.677 E.08303
G1 X55.496 Y30.677 E.61164
G1 X55.095 Y30.833 E.01161
G1 X54.977 Y30.932 E.00416
G1 X55.225 Y31.268 F9000
G1 F3246
G1 X55.117 Y31.381 E.00422
G1 X55.041 Y31.672 E.00812
G1 X55.041 Y42.789 E.29999
G1 X55.186 Y43.093 E.00909
G1 X55.455 Y43.268 E.00866
G1 X55.629 Y43.294 E.00475
G1 X78.568 Y43.294 E.619
G1 X78.568 Y47.983 E.12653
G1 X30.525 Y47.983 E1.29643
G1 X30.525 Y45.694 E.06177
G1 X48.064 Y45.694 E.47329
G1 X48.341 Y45.625 E.0077
G1 X48.534 Y45.459 E.00687
G1 X48.629 Y45.271 E.00568
G1 X48.652 Y45.106 E.0045
G1 X48.652 Y29.072 E.43267
G1 X48.607 Y28.845 E.00624
G1 X48.417 Y28.601 E.00835
G1 X48.064 Y28.483 E.01004
G1 X30.525 Y28.483 E.47329
G1 X30.525 Y27.194 E.03478
G1 X78.568 Y27.194 E1.29643
G1 X78.568 Y31.083 E.10494
G1 X55.55 Y31.083 E.62114
G1 X55.313 Y31.175 E.00686
G1 X55.267 Y31.224 E.00181
G1 X55.5 Y31.535 F9000
;TYPE:External perimeter
;WIDTH:0.419999
G1 F1800
G1 X55.488 Y31.541 E.00034
G1 X55.436 Y31.672 E.00362
G1 X55.436 Y42.706 E.28307
G1 X55.484 Y42.833 E.00348
G1 X55.629 Y42.899 E.00409
G1 X78.963 Y42.899 E.59862
G1 X78.963 Y48.379 E.14059
G1 X30.13 Y48.379 E1.25278
G1 X30.13 Y45.299 E.07902
G1 X48.064 Y45.299 E.46009
G1 X48.218 Y45.222 E.00442
G1 X48.256 Y45.106 E.00313
G1 X48.256 Y29.072 E.41134
G1 X48.179 Y28.917 E.00444
G1 X48.064 Y28.879 E.00311
G1 X30.13 Y28.879 E.46009
G1 X30.13 Y26.799 E.05336
G1 X78.963 Y26.799 E1.25278
G1 X78.963 Y31.479 E.12006
G1 X55.629 Y31.479 E.59862
G1 X55.555 Y31.511 E.00207
G1 X54.323 Y32.609 F9000
;TYPE:Internal infill
;WIDTH:0.44
G1 F3246
G1 X54.323 Y31.663 E.02553
G1 X54.384 Y31.273 E.01065
G1 X54.67 Y30.783 E.01531
G1 X55.098 Y30.491 E.01398
G1 X52.519 Y27.912 E.09842
G1 X48.924 Y27.912 E.09701
G1 X48.824 Y28.013 E.00384
G1 X49.271 Y28.564 E.01915
G1 X49.37 Y29.061 E.01367
G1 X49.37 Y30.275 E.03276
G1 E-3.5 F3600
;WIPE_START
G1 F7200
G1 X49.37 Y29.061 E-.57665
G1 X49.271 Y28.564 E-.24071
G1 X48.824 Y28.013 E-.33702
G1 X48.924 Y27.912 E-.06751
G1 X49.51 Y27.912 E-.27811
;WIPE_END
G1 X54.323 Y42.462 F9000
G1 E5 F2400
G1 F3246
G1 X54.361 Y43.022 E.01515
G1 X54.645 Y43.566 E.01656
G1 X54.904 Y43.794 E.00931
G1 X55.242 Y43.955 E.0101
G1 X55.772 Y44.012 E.01438
G1 X52.519 Y47.265 E.12414
G1 X48.924 Y47.265 E.09701
G1 X48.071 Y46.412 E.03255
G1 X45.723 Y46.412 E.06336
G1 X44.87 Y47.265 E.03255
G1 X41.275 Y47.265 E.09701
G1 X40.422 Y46.412 E.03255
G1 X38.073 Y46.412 E.06339
G1 X37.221 Y47.265 E.03253
G1 X33.626 Y47.265 E.09701
G1 X32.773 Y46.412 E.03255
G1 X35.207 Y46.412 E.06568
G1 E-3.5 F3600
;WIPE_START
G1 F7200
G1 X32.773 Y46.412 E-1.15615
G1 X33.285 Y46.924 E-.34385
;WIPE_END
G1 X76.917 Y47.265 F9000
G1 E5 F2400
;TYPE:Solid infill
;WIDTH:0.439999
G1 F3246
G1 X76.917 Y44.012 E.08778
G1 X77.85 Y44.012 E.02518
G1 X77.85 Y47.265 E.08778
G1 X77.12 Y47.265 E.0197
G1 X77.383 Y46.799 E.01444
;WIDTH:0.56112
G1 X77.383 Y44.479 E.0813
G1 E-3.5 F3600
;WIPE_START
G1 F7200
G1 X77.383 Y46.799 E-1.102
G1 X77.12 Y47.265 E-.25417
G1 X77.423 Y47.265 E-.14383
;WIPE_END
G1 X73.835 Y44.012 F9000
G1 E5 F2400
;TYPE:Internal infill
;WIDTH:0.44
G1 F3246
G1 X76.269 Y44.012 E.06568
G1 X76.511 Y44.255 E.00925
G1 X76.511 Y46.221 E.05305
G1 X75.467 Y47.265 E.03984
G1 X71.872 Y47.265 E.09701
G1 X68.619 Y44.012 E.12414
G1 X71.071 Y44.012 E.06617
G1 X67.818 Y47.265 E.12414
G1 X64.223 Y47.265 E.09701
G1 X60.97 Y44.012 E.12414
G1 X63.421 Y44.012 E.06614
G1 X60.169 Y47.265 E.12412
G1 X56.573 Y47.265 E.09704
G1 X49.37 Y40.062 E.27488
G1 X49.37 Y42.765 E.07294
G1 X54.323 Y37.812 E.18902
G1 X54.323 Y37.365 E.01206
G1 X49.37 Y32.412 E.18902
G1 X49.37 Y35.116 E.07297
G1 X56.573 Y27.912 E.2749
G1 X60.169 Y27.912 E.09704
G1 X62.621 Y30.365 E.09359
G1 X61.77 Y30.365 E.02296
G1 X64.223 Y27.912 E.09361
G1 X67.818 Y27.912 E.09701
G1 X70.271 Y30.365 E.09361
G1 X69.419 Y30.365 E.02299
G1 X71.872 Y27.912 E.09361
G1 X75.467 Y27.912 E.09701
G1 X76.511 Y28.957 E.03986
G1 X76.511 Y30.365 E.03799
G1 X75.486 Y30.365 E.02766
G1 X76.917 Y30.365 F9000
;TYPE:Solid infill
;WIDTH:0.439999
G1 F3246
G1 X76.917 Y27.912 E.06619
G1 X77.85 Y27.912 E.02518
G1 X77.85 Y30.365 E.06619
G1 X77.12 Y30.365 E.0197
G1 X77.383 Y29.899 E.01444
;WIDTH:0.56112
G1 X77.383 Y28.379 E.05326
;LAYER_CHANGE
;Z:8.68
;HEIGHT:0.16
;BEFORE_LAYER_CHANGE
G92 E0
;8.68


G1 E-3.5 F3600
;WIPE_START
G1 F7200
G1 X77.383 Y29.899 E-.722
G1 X77.12 Y30.365 E-.25417
G1 X77.85 Y30.365 E-.34675
G1 X77.85 Y29.992 E-.17708
;WIPE_END
G1 Z8.68 F9000
;AFTER_LAYER_CHANGE
;8.68
G1 X78.003 Y27.6
G1 E5 F2400
;TYPE:Perimeter
;WIDTH:0.439999
G1 F3211
G1 X78.003 Y30.677 E.08303
G1 X55.496 Y30.677 E.60735
G1 X55.095 Y30.833 E.01161
G1 X54.9 Y30.996 E.00686
G1 X54.683 Y31.367 E.0116
G1 X54.635 Y31.672 E.00833
G1 X54.635 Y42.834 E.3012
G1 X54.748 Y43.166 E.00946
G1 X54.88 Y43.36 E.00633
G1 X55.077 Y43.533 E.00707
G1 X55.335 Y43.655 E.0077
G1 X55.629 Y43.7 E.00803
G1 X78.003 Y43.7 E.60376
G1 X78.003 Y47.577 E.10462
G1 X31.09 Y47.577 E1.26594
G1 X31.09 Y46.1 E.03986
G1 X48.192 Y46.1 E.46149
G1 X48.531 Y45.983 E.00968
G1 X48.859 Y45.702 E.01165
G1 X49.018 Y45.384 E.00959
G1 X49.058 Y45.106 E.00758
G1 X49.058 Y29.072 E.43267
G1 X48.981 Y28.689 E.01054
G1 X48.66 Y28.276 E.01412
;WIDTH:0.475842
G1 X48.064 Y28.059 E.01863
G1 X31.108 Y28.059 E.49798
G1 X31.108 Y27.618 E.01295
G1 X48.064 Y27.618 E.49798
G1 X48.885 Y27.6 E.02412
;WIDTH:0.439999
G1 X77.943 Y27.6 E.78412
G1 X78.409 Y27.194 F9000
G1 F3211
G1 X78.409 Y31.083 E.10494
G1 X55.55 Y31.083 E.61685
G1 X55.313 Y31.175 E.00686
G1 X55.117 Y31.381 E.00767
G1 X55.041 Y31.672 E.00812
G1 X55.041 Y42.789 E.29999
G1 X55.186 Y43.093 E.00909
G1 X55.455 Y43.268 E.00866
G1 X55.629 Y43.294 E.00475
G1 X78.409 Y43.294 E.61471
G1 X78.409 Y47.983 E.12653
G1 X30.684 Y47.983 E1.28785
G1 X30.684 Y45.694 E.06177
G1 X48.064 Y45.694 E.469
G1 X48.341 Y45.625 E.0077
G1 X48.534 Y45.459 E.00687
G1 X48.629 Y45.271 E.00568
G1 X48.652 Y45.106 E.0045
G1 X48.652 Y29.072 E.43267
G1 X48.607 Y28.845 E.00624
G1 X48.417 Y28.601 E.00835
G1 X48.064 Y28.483 E.01004
G1 X30.684 Y28.483 E.469
G1 X30.684 Y27.194 E.03478
G1 X78.349 Y27.194 E1.28623
G1 X78.804 Y26.799 F9000
;TYPE:External perimeter
;WIDTH:0.419999
G1 F1800
G1 X78.804 Y31.479 E.12006
G1 X55.629 Y31.479 E.59454
G1 X55.488 Y31.541 E.00395
G1 X55.436 Y31.672 E.00362
G1 X55.436 Y42.706 E.28307
G1 X55.484 Y42.833 E.00348
G1 X55.629 Y42.899 E.00409
G1 X78.804 Y42.899 E.59454
G1 X78.804 Y48.379 E.14059
G1 X30.289 Y48.379 E1.24462
G1 X30.289 Y45.299 E.07902
G1 X48.064 Y45.299 E.45601
G1 X48.218 Y45.222 E.00442
G1 X48.256 Y45.106 E.00313
G1 X48.256 Y29.072 E.41134
G1 X48.179 Y28.917 E.00444
G1 X48.064 Y28.879 E.00311
G1 X30.289 Y28.879 E.45601
G1 X30.289 Y26.799 E.05336
G1 X78.744 Y26.799 E1.24308
G1 X77.488 Y27.912 F9000
;TYPE:Solid infill
;WIDTH:0.439999
G1 F3211
G1 X76.59 Y27.912 E.02423
G1 X76.59 Y30.365 E.06619
G1 X77.691 Y30.365 E.02971
G1 X77.691 Y27.912 E.06619
G1 X77.314 Y28.289 E.01439
;WIDTH:0.381573
G1 X77.314 Y29.989 E.03927
G1 X76.967 Y29.989 E.00802
G1 X76.967 Y28.289 E.03927
G1 X77.111 Y28.289 E.00333
G1 E-3.5 F3600
;WIPE_START
G1 F7200
G1 X76.967 Y28.289 E-.0684
G1 X76.967 Y29.989 E-.8075
G1 X77.314 Y29.989 E-.16483
G1 X77.314 Y29.022 E-.45927
;WIPE_END
G1 X75.486 Y30.365 F9000
G1 E5 F2400
;TYPE:Internal infill
;WIDTH:0.44
G1 F3211
G1 X76.185 Y30.365 E.01886
G1 X76.185 Y28.63 E.04682
G1 X75.467 Y27.912 E.0274
G1 X71.872 Y27.912 E.09701
G1 X69.419 Y30.365 E.09361
G1 X70.271 Y30.365 E.02299
G1 X67.818 Y27.912 E.09361
G1 X64.223 Y27.912 E.09701
G1 X61.77 Y30.365 E.09361
G1 X62.621 Y30.365 E.02296
G1 X60.169 Y27.912 E.09359
G1 X56.573 Y27.912 E.09704
G1 X49.37 Y35.116 E.2749
G1 X49.37 Y32.412 E.07297
G1 X54.323 Y37.365 E.18902
G1 X54.323 Y37.812 E.01206
G1 X49.37 Y42.765 E.18902
G1 X49.37 Y40.062 E.07294
G1 X56.573 Y47.265 E.27488
G1 X60.169 Y47.265 E.09704
G1 X63.421 Y44.012 E.12412
G1 X60.97 Y44.012 E.06614
G1 X64.223 Y47.265 E.12414
G1 X67.818 Y47.265 E.09701
G1 X71.071 Y44.012 E.12414
G1 X68.619 Y44.012 E.06617
G1 X71.872 Y47.265 E.12414
G1 X75.467 Y47.265 E.09701
G1 X76.185 Y46.548 E.02738
G1 X76.185 Y44.114 E.06568
G1 X77.488 Y44.012 F9000
;TYPE:Solid infill
;WIDTH:0.439999
G1 F3211
G1 X76.59 Y44.012 E.02423
G1 X76.59 Y47.265 E.08778
G1 X77.691 Y47.265 E.02971
G1 X77.691 Y44.012 E.08778
G1 X77.314 Y44.389 E.01439
;WIDTH:0.381573
G1 X77.314 Y46.889 E.05775
G1 X76.967 Y46.889 E.00802
G1 X76.967 Y44.389 E.05775
G1 X77.111 Y44.389 E.00333
G1 E-3.5 F3600
;WIPE_START
G1 F7200
G1 X76.967 Y44.389 E-.0684
G1 X76.967 Y46.889 E-1.1875
G1 X77.314 Y46.889 E-.16483
G1 X77.314 Y46.722 E-.07927
;WIPE_END
G1 X54.323 Y42.462 F9000
G1 E5 F2400
;TYPE:Internal infill
;WIDTH:0.44
G1 F3211
G1 X54.361 Y43.022 E.01515
G1 X54.645 Y43.566 E.01656
G1 X54.904 Y43.794 E.00931
G1 X55.242 Y43.955 E.0101
G1 X55.772 Y44.012 E.01438
G1 X52.519 Y47.265 E.12414
G1 X48.924 Y47.265 E.09701
G1 X48.071 Y46.412 E.03255
G1 X45.723 Y46.412 E.06336
G1 X44.87 Y47.265 E.03255
G1 X41.275 Y47.265 E.09701
G1 X40.422 Y46.412 E.03255
G1 X38.073 Y46.412 E.06339
G1 X37.221 Y47.265 E.03253
G1 X33.626 Y47.265 E.09701
G1 X32.773 Y46.412 E.03255
G1 X35.207 Y46.412 E.06568
G1 E-3.5 F3600
;WIPE_START
G1 F7200
G1 X32.773 Y46.412 E-1.15615
G1 X33.285 Y46.924 E-.34385
;WIPE_END
G1 X49.37 Y30.275 F9000
G1 E5 F2400
G1 F3211
G1 X49.37 Y29.061 E.03276
G1 X49.271 Y28.564 E.01367
G1 X48.824 Y28.013 E.01915
G1 X48.924 Y27.912 E.00384
G1 X52.519 Y27.912 E.09701
G1 X55.098 Y30.491 E.09842
G1 X54.67 Y30.783 E.01398
G1 X54.384 Y31.273 E.01531
G1 X54.323 Y31.663 E.01065
G1 X54.323 Y32.609 E.02553
;LAYER_CHANGE
;Z:8.84
;HEIGHT:0.16
;BEFORE_LAYER_CHANGE
G92 E0
;8.84


G1 E-3.5 F3600
;WIPE_START
G1 F7200
G1 X54.323 Y31.663 E-.44935
G1 X54.384 Y31.273 E-.1875
G1 X54.67 Y30.783 E-.2695
G1 X55.098 Y30.491 E-.24611
G1 X54.581 Y29.974 E-.34754
;WIPE_END
G1 Z8.84 F9000
;AFTER_LAYER_CHANGE
;8.84
G1 X54.931 Y30.97
G1 E5 F2400
;TYPE:Perimeter
;WIDTH:0.439999
G1 F3600
G1 X54.9 Y30.996 E.00109
G1 X54.683 Y31.367 E.0116
G1 X54.635 Y31.672 E.00833
G1 X54.635 Y42.834 E.3012
G1 X54.748 Y43.166 E.00946
G1 X54.88 Y43.36 E.00633
G1 X55.077 Y43.533 E.00707
G1 X55.335 Y43.655 E.0077
G1 X55.629 Y43.7 E.00803
G1 X77.829 Y43.7 E.59906
G1 X77.829 Y47.577 E.10462
G1 X31.264 Y47.577 E1.25655
G1 X31.264 Y46.1 E.03986
G1 X48.192 Y46.1 E.4568
G1 X48.531 Y45.983 E.00968
G1 X48.859 Y45.702 E.01165
G1 X49.018 Y45.384 E.00959
G1 X49.058 Y45.106 E.00758
G1 X49.058 Y29.072 E.43267
G1 X48.981 Y28.689 E.01054
G1 X48.66 Y28.276 E.01412
;WIDTH:0.475842
G1 X48.064 Y28.059 E.01863
G1 X31.282 Y28.059 E.49287
G1 X31.282 Y27.618 E.01295
G1 X48.064 Y27.618 E.49287
G1 X48.885 Y27.6 E.02412
;WIDTH:0.439999
G1 X77.829 Y27.6 E.78105
G1 X77.829 Y30.677 E.08303
G1 X55.496 Y30.677 E.60265
G1 X55.095 Y30.833 E.01161
G1 X54.977 Y30.932 E.00416
G1 X55.225 Y31.268 F9000
G1 F3600
G1 X55.117 Y31.381 E.00422
G1 X55.041 Y31.672 E.00812
G1 X55.041 Y42.789 E.29999
G1 X55.186 Y43.093 E.00909
G1 X55.455 Y43.268 E.00866
G1 X55.629 Y43.294 E.00475
G1 X78.234 Y43.294 E.60999
G1 X78.234 Y47.983 E.12653
G1 X30.859 Y47.983 E1.27841
G1 X30.859 Y45.694 E.06177
G1 X48.064 Y45.694 E.46427
G1 X48.341 Y45.625 E.0077
G1 X48.534 Y45.459 E.00687
G1 X48.629 Y45.271 E.00568
G1 X48.652 Y45.106 E.0045
G1 X48.652 Y29.072 E.43267
G1 X48.607 Y28.845 E.00624
G1 X48.417 Y28.601 E.00835
G1 X48.064 Y28.483 E.01004
G1 X30.859 Y28.483 E.46427
G1 X30.859 Y27.194 E.03478
G1 X78.234 Y27.194 E1.27841
G1 X78.234 Y31.083 E.10494
G1 X55.55 Y31.083 E.61212
G1 X55.313 Y31.175 E.00686
G1 X55.267 Y31.224 E.00181
G1 X55.5 Y31.535 F9000
;TYPE:External perimeter
;WIDTH:0.419999
G1 F1800
G1 X55.488 Y31.541 E.00034
G1 X55.436 Y31.672 E.00362
G1 X55.436 Y42.706 E.28307
G1 X55.484 Y42.833 E.00348
G1 X55.629 Y42.899 E.00409
G1 X78.63 Y42.899 E.59008
G1 X78.63 Y48.379 E.14059
G1 X30.463 Y48.379 E1.2357
G1 X30.463 Y45.299 E.07902
G1 X48.064 Y45.299 E.45154
G1 X48.218 Y45.222 E.00442
G1 X48.256 Y45.106 E.00313
G1 X48.256 Y29.072 E.41134
G1 X48.179 Y28.917 E.00444
G1 X48.064 Y28.879 E.00311
G1 X30.463 Y28.879 E.45154
G1 X30.463 Y26.799 E.05336
G1 X78.63 Y26.799 E1.2357
G1 X78.63 Y31.479 E.12006
G1 X55.629 Y31.479 E.59008
G1 X55.555 Y31.511 E.00207
G1 E-3.5 F3600
;WIPE_START
G1 F7200
G1 X55.5 Y31.535 E-.0285
G1 X55.488 Y31.541 E-.00637
G1 X55.436 Y31.672 E-.06695
G1 X55.436 Y34.616 E-1.39818
;WIPE_END
G1 X57.186 Y29.959 F9000
G1 E5 F2400
;TYPE:Internal infill
;WIDTH:0.44
G1 F3600
G1 X55.592 Y29.959 E.04301
G1 X55.141 Y30.025 E.0123
G1 X54.791 Y30.184 E.01037
G1 X52.925 Y28.318 E.07121
G1 X56.168 Y28.318 E.08751
G1 X49.776 Y34.71 E.24393
G1 X49.776 Y32.818 E.05106
G1 X53.917 Y36.959 E.15803
G1 X53.917 Y38.218 E.03397
G1 X49.776 Y42.359 E.15803
G1 X49.776 Y40.467 E.05106
G1 X56.168 Y46.859 E.24393
G1 X52.925 Y46.859 E.08751
G1 X55.396 Y44.389 E.09428
G1 X55.122 Y44.347 E.00748
G1 X54.679 Y44.136 E.01324
G1 X54.339 Y43.837 E.01222
G1 X54.108 Y43.5 E.01103
G1 X53.964 Y43.12 E.01097
G1 X53.917 Y42.724 E.01076
G1 E-3.5
;WIPE_START
G1 F7200
G1 X53.964 Y43.12 E-.18942
G1 X54.108 Y43.5 E-.19303
G1 X54.339 Y43.837 E-.19407
G1 X54.679 Y44.136 E-.21507
G1 X55.122 Y44.347 E-.23307
G1 X55.396 Y44.389 E-.13167
G1 X54.884 Y44.901 E-.34367
;WIPE_END
G1 X50.953 Y46.859 F9000
G1 E5 F2400
G1 F3600
G1 X48.519 Y46.859 E.06568
G1 X48.433 Y46.774 E.00326
G1 X46.857 Y46.818 E.04254
G1 X47.263 Y46.412 E.01549
G1 X45.723 Y46.412 E.04156
G1 X44.87 Y47.265 E.03255
G1 X41.275 Y47.265 E.09701
G1 X40.422 Y46.412 E.03255
G1 X38.073 Y46.412 E.06339
G1 X37.221 Y47.265 E.03253
G1 X33.626 Y47.265 E.09701
G1 X32.773 Y46.412 E.03255
G1 X35.207 Y46.412 E.06568
G1 E-3.5
;WIPE_START
G1 F7200
G1 X32.773 Y46.412 E-1.15615
G1 X33.285 Y46.924 E-.34385
;WIPE_END
G1 X46.984 Y47.265 F9000
G1 E5 F2400
;TYPE:Solid infill
;WIDTH:0.44003
G1 F3600
G1 X68.758 Y47.265 E.58761
G1 E-3.5
;WIPE_START
G1 F7200
G1 X65.6 Y47.265 E-1.5
;WIPE_END
G1 X76.189 Y47.265 F9000
G1 E5 F2400
;WIDTH:0.439999
G1 F3600
G1 X76.189 Y44.012 E.08778
G1 X77.516 Y44.012 E.03581
G1 X77.516 Y47.265 E.08778
G1 X76.392 Y47.265 E.03033
G1 X76.622 Y46.832 E.01323
;WIDTH:0.495042
G1 X76.622 Y44.446 E.07312
G1 X77.083 Y44.446 E.01413
G1 X77.083 Y46.832 E.07312
G1 X76.825 Y46.832 E.00791
G1 E-3.5
;WIPE_START
G1 F7200
G1 X77.083 Y46.832 E-.12255
G1 X77.083 Y44.446 E-1.13335
G1 X76.622 Y44.446 E-.21897
G1 X76.622 Y44.499 E-.02513
;WIPE_END
G1 X75.784 Y44.515 F9000
G1 E5 F2400
;TYPE:Internal infill
;WIDTH:0.44
G1 F3600
G1 X75.784 Y46.949 E.06568
G1 X75.467 Y47.265 E.01208
G1 X71.872 Y47.265 E.09701
G1 X69.025 Y44.418 E.10865
G1 X69.833 Y44.418 E.0218
G1 X69.44 Y44.012 E.01525
G1 X71.071 Y44.012 E.04401
G1 X68.224 Y46.859 E.10865
G1 X63.817 Y46.859 E.11892
G1 X61.376 Y44.418 E.09315
G1 X63.016 Y44.418 E.04426
G1 X60.574 Y46.859 E.09317
G1 X58.14 Y46.859 E.06568
G1 E-3.5
;WIPE_START
G1 F7200
G1 X60.574 Y46.859 E-1.15615
G1 X61.086 Y46.347 E-.34385
;WIPE_END
G1 X47.837 Y46.405 F9000
G1 E5 F2400
;TYPE:Solid infill
;WIDTH:0.440032
G1 F3600
G1 X48.317 Y46.385 E.01297
G1 X48.712 Y46.234 E.01141
;WIDTH:0.443104
G1 X49.104 Y45.895 E.01409
G1 X49.323 Y45.442 E.01368
;WIDTH:0.44003
G1 X49.37 Y45.099 E.00934
G1 X49.37 Y29.081 E.43228
;WIDTH:0.445526
G1 X49.268 Y28.566 E.01436
G1 X49.018 Y28.24 E.01124
;WIDTH:0.479905
G1 X48.995 Y28.178 E.00196
;WIDTH:0.519784
G1 X48.971 Y28.116 E.00215
;WIDTH:0.559663
G1 X48.948 Y28.054 E.00231
;WIDTH:0.599542
G1 X48.924 Y27.992 E.0025
G1 X48.988 Y27.972 E.00252
;WIDTH:0.559664
G1 X49.051 Y27.952 E.00231
;WIDTH:0.519785
G1 X49.115 Y27.932 E.00217
;WIDTH:0.479907
G1 X49.179 Y27.912 E.00199
;WIDTH:0.440028
G1 X75.986 Y27.912 E.72343
G1 E-3.5
;WIPE_START
G1 F7200
G1 X72.828 Y27.912 E-1.5
;WIPE_END
G1 X76.225 Y30.364 F9000
G1 E5 F2400
;WIDTH:0.442346
G1 F3600
G1 X76.853 Y30.365 E.01704
;WIDTH:0.439999
G1 X77.516 Y30.365 E.01789
G1 X77.516 Y27.912 E.06619
G1 X75.986 Y27.912 E.04129
G1 X76.189 Y28.115 E.00775
G1 X76.189 Y30.162 E.05524
;WIDTH:0.443104
G1 X76.022 Y30.364 E.00713
G1 X75.986 Y30.365 E.00098
;WIDTH:0.440028
G1 X55.636 Y30.365 E.54918
G1 X55.285 Y30.414 E.00956
G1 X54.952 Y30.557 E.00978
G1 X54.689 Y30.767 E.00908
G1 X54.506 Y31.008 E.00817
G1 X54.395 Y31.249 E.00716
G1 X54.323 Y31.679 E.01177
G1 X54.323 Y42.7 E.29742
G1 X54.358 Y42.997 E.00807
G1 X54.462 Y43.288 E.00834
G1 X54.63 Y43.545 E.00829
G1 X54.883 Y43.775 E.00923
G1 X55.215 Y43.942 E.01003
G1 X55.636 Y44.012 E.01152
G1 X69.034 Y44.012 E.36157
G1 E-3.5
;WIPE_START
G1 F7200
G1 X65.876 Y44.012 E-1.5
;WIPE_END
G1 X76.622 Y29.932 F9000
G1 E5 F2400
;WIDTH:0.495042
G1 F3600
G1 X76.622 Y28.346 E.04861
G1 X77.083 Y28.346 E.01413
G1 X77.083 Y29.932 E.04861
G1 X76.825 Y29.932 E.00791
G1 E-3.5
;WIPE_START
G1 F7200
G1 X77.083 Y29.932 E-.12255
G1 X77.083 Y28.346 E-.75335
G1 X76.622 Y28.346 E-.21897
G1 X76.622 Y29.199 E-.40513
;WIPE_END
G1 X73.9 Y28.318 F9000
G1 E5 F2400
;TYPE:Internal infill
;WIDTH:0.44
G1 F3600
G1 X71.466 Y28.318 E.06568
G1 X69.825 Y29.959 E.06262
G1 X69.865 Y29.959 E.00108
G1 X68.224 Y28.318 E.06262
G1 X63.817 Y28.318 E.11892
G1 X62.176 Y29.959 E.06262
G1 X62.216 Y29.959 E.00108
G1 X60.574 Y28.318 E.06264
G1 X58.14 Y28.318 E.06568
;LAYER_CHANGE
;Z:9
;HEIGHT:0.16
;BEFORE_LAYER_CHANGE
G92 E0
;9


G1 E-3.5 F3600
;WIPE_START
G1 F7200
G1 X60.574 Y28.318 E-1.15615
G1 X61.086 Y28.83 E-.34385
;WIPE_END
G1 Z9 F9000
;AFTER_LAYER_CHANGE
;9
G1 X54.931 Y30.97
G1 E5 F2400
;TYPE:Perimeter
;WIDTH:0.439999
G1 F3600
G1 X54.9 Y30.996 E.00109
G1 X54.683 Y31.367 E.0116
G1 X54.635 Y31.672 E.00833
G1 X54.635 Y42.834 E.3012
G1 X54.748 Y43.166 E.00946
G1 X54.88 Y43.36 E.00633
G1 X55.077 Y43.533 E.00707
G1 X55.335 Y43.655 E.0077
G1 X55.629 Y43.7 E.00803
G1 X77.636 Y43.7 E.59385
G1 X77.636 Y47.577 E.10462
G1 X31.456 Y47.577 E1.24616
G1 X31.456 Y46.1 E.03986
G1 X48.192 Y46.1 E.45162
G1 X48.531 Y45.983 E.00968
G1 X48.859 Y45.702 E.01165
G1 X49.018 Y45.384 E.00959
G1 X49.058 Y45.106 E.00758
G1 X49.058 Y29.072 E.43267
G1 X48.981 Y28.689 E.01054
G1 X48.66 Y28.276 E.01412
;WIDTH:0.475842
G1 X48.064 Y28.059 E.01863
G1 X31.474 Y28.059 E.48723
G1 X31.474 Y27.618 E.01295
G1 X48.064 Y27.618 E.48723
G1 X48.885 Y27.6 E.02412
;WIDTH:0.439999
G1 X77.636 Y27.6 E.77584
G1 X77.636 Y30.677 E.08303
G1 X55.496 Y30.677 E.59744
G1 X55.095 Y30.833 E.01161
G1 X54.977 Y30.932 E.00416
G1 X55.225 Y31.268 F9000
G1 F3600
G1 X55.117 Y31.381 E.00422
G1 X55.041 Y31.672 E.00812
G1 X55.041 Y42.789 E.29999
G1 X55.186 Y43.093 E.00909
G1 X55.455 Y43.268 E.00866
G1 X55.629 Y43.294 E.00475
G1 X78.042 Y43.294 E.60481
G1 X78.042 Y47.983 E.12653
G1 X31.051 Y47.983 E1.26804
G1 X31.051 Y45.694 E.06177
G1 X48.064 Y45.694 E.45909
G1 X48.341 Y45.625 E.0077
G1 X48.534 Y45.459 E.00687
G1 X48.629 Y45.271 E.00568
G1 X48.652 Y45.106 E.0045
G1 X48.652 Y29.072 E.43267
G1 X48.607 Y28.845 E.00624
G1 X48.417 Y28.601 E.00835
G1 X48.064 Y28.483 E.01004
G1 X31.051 Y28.483 E.45909
G1 X31.051 Y27.194 E.03478
G1 X78.042 Y27.194 E1.26804
G1 X78.042 Y31.083 E.10494
G1 X55.55 Y31.083 E.60694
G1 X55.313 Y31.175 E.00686
G1 X55.267 Y31.224 E.00181
G1 X55.5 Y31.535 F9000
;TYPE:External perimeter
;WIDTH:0.419999
G1 F1800
G1 X55.488 Y31.541 E.00034
G1 X55.436 Y31.672 E.00362
G1 X55.436 Y42.706 E.28307
G1 X55.484 Y42.833 E.00348
G1 X55.629 Y42.899 E.00409
G1 X78.438 Y42.899 E.58515
G1 X78.438 Y48.379 E.14059
G1 X30.655 Y48.379 E1.22584
G1 X30.655 Y45.299 E.07902
G1 X48.064 Y45.299 E.44662
G1 X48.218 Y45.222 E.00442
G1 X48.256 Y45.106 E.00313
G1 X48.256 Y29.072 E.41134
G1 X48.179 Y28.917 E.00444
G1 X48.064 Y28.879 E.00311
G1 X30.655 Y28.879 E.44662
G1 X30.655 Y26.799 E.05336
G1 X78.438 Y26.799 E1.22584
G1 X78.438 Y31.479 E.12006
G1 X55.629 Y31.479 E.58515
G1 X55.555 Y31.511 E.00207
G1 E-3.5 F3600
;WIPE_START
G1 F7200
G1 X55.5 Y31.535 E-.0285
G1 X55.488 Y31.541 E-.00637
G1 X55.436 Y31.672 E-.06695
G1 X55.436 Y34.616 E-1.39818
;WIPE_END
G1 X47.06 Y46.412 F9000
G1 E5 F2400
;TYPE:Solid infill
;WIDTH:0.439999
G1 F3600
G1 X31.769 Y46.412 E.41262
G1 X31.769 Y47.265 E.02302
G1 X46.41 Y47.265 E.39508
G1 X47.263 Y46.412 E.03255
G1 X46.234 Y46.839 F9000
;WIDTH:0.481322
G1 F3600
G1 X32.195 Y46.839 E.41743
G1 E-3.5
;WIPE_START
G1 F7200
G1 X35.353 Y46.839 E-1.5
;WIPE_END
G1 X68.57 Y47.447 F9000
G1 E5 F2400
M204 S250
;TYPE:Bridge infill
;WIDTH:0.373408
;HEIGHT:0.368782
G1 F1500
G1 X68.956 Y47.062 E.02482
G1 X70.155 Y45.323 E.09617
G1 X70.125 Y45.293 E.00193
G1 X68.16 Y47.258 E.12652
G1 X67.561 Y47.258 E.02727
G1 X69.826 Y44.994 E.14581
G1 X69.527 Y44.694 E.01928
G1 X66.962 Y47.258 E.16512
G1 X66.364 Y47.258 E.02723
G1 X69.227 Y44.395 E.18434
G1 X69.037 Y44.204 E.01227
G1 X69.028 Y44.019 E.00843
G1 X69.004 Y44.019 E.00109
G1 X65.765 Y47.258 E.20855
G1 X65.166 Y47.258 E.02727
G1 X68.406 Y44.019 E.20859
G1 X67.807 Y44.019 E.02727
G1 X64.567 Y47.258 E.20859
G1 X63.968 Y47.258 E.02727
G1 X67.208 Y44.019 E.20859
G1 X66.609 Y44.019 E.02727
G1 X63.37 Y47.258 E.20855
G1 X62.771 Y47.258 E.02727
G1 X66.01 Y44.019 E.20855
G1 X65.412 Y44.019 E.02723
G1 X62.172 Y47.258 E.20859
G1 X61.573 Y47.258 E.02727
G1 X64.813 Y44.019 E.20859
G1 X64.214 Y44.019 E.02727
G1 X60.975 Y47.258 E.20855
G1 X60.376 Y47.258 E.02727
G1 X63.615 Y44.019 E.20855
G1 X63.016 Y44.019 E.02727
G1 X59.777 Y47.258 E.20855
G1 X59.178 Y47.258 E.02727
G1 X62.418 Y44.019 E.20859
G1 X61.819 Y44.019 E.02727
G1 X58.579 Y47.258 E.20859
G1 X57.981 Y47.258 E.02723
G1 X61.22 Y44.019 E.20855
G1 X60.621 Y44.019 E.02727
G1 X57.382 Y47.258 E.20855
G1 X56.783 Y47.258 E.02727
G1 X60.023 Y44.019 E.20859
G1 X59.424 Y44.019 E.02727
G1 X56.184 Y47.258 E.20859
G1 X55.585 Y47.258 E.02727
G1 X58.825 Y44.019 E.20859
G1 X58.226 Y44.019 E.02727
G1 X54.987 Y47.258 E.20855
G1 X54.388 Y47.258 E.02727
G1 X57.627 Y44.019 E.20855
G1 X57.029 Y44.019 E.02723
G1 X53.789 Y47.258 E.20859
G1 X53.19 Y47.258 E.02727
G1 X56.43 Y44.019 E.20859
G1 X55.831 Y44.019 E.02727
G1 X52.591 Y47.258 E.20859
G1 X51.993 Y47.258 E.02723
G1 X55.283 Y43.968 E.21184
G1 X54.875 Y43.777 E.02051
G1 X51.394 Y47.258 E.22414
G1 X50.795 Y47.258 E.02727
G1 X54.576 Y43.477 E.24345
G1 X54.464 Y43.314 E.009
G1 X54.376 Y43.079 E.01142
G1 X50.196 Y47.258 E.26911
G1 X49.598 Y47.258 E.02723
G1 X54.316 Y42.54 E.30378
G1 X54.316 Y41.941 E.02727
G1 X48.999 Y47.258 E.34235
G1 X48.4 Y47.258 E.02727
G1 X54.316 Y41.342 E.38092
G1 X54.316 Y40.743 E.02727
G1 X47.801 Y47.258 E.41949
G1 X47.202 Y47.258 E.02727
G1 X48.042 Y46.419 E.05405
G1 X48.295 Y46.399 E.01155
G1 X48.686 Y46.265 E.01882
G1 X49.115 Y45.897 E.02573
G1 X49.325 Y45.476 E.02142
G1 X49.377 Y45.084 E.018
G1 X54.316 Y40.145 E.31801
G1 X54.316 Y39.546 E.02727
G1 X49.377 Y44.485 E.31801
G1 X49.377 Y43.887 E.02723
G1 X54.316 Y38.947 E.31805
G1 X54.316 Y38.348 E.02727
G1 X49.377 Y43.288 E.31805
G1 X49.377 Y42.689 E.02727
G1 X54.316 Y37.749 E.31805
G1 X54.316 Y37.151 E.02723
G1 X49.377 Y42.09 E.31801
G1 X49.377 Y41.491 E.02727
G1 X54.316 Y36.552 E.31801
G1 X54.316 Y35.953 E.02727
G1 X49.377 Y40.893 E.31805
G1 X49.377 Y40.294 E.02727
G1 X54.316 Y35.354 E.31805
G1 X54.316 Y34.756 E.02723
G1 X49.377 Y39.695 E.31801
G1 X49.377 Y39.096 E.02727
G1 X54.316 Y34.157 E.31801
G1 X54.316 Y33.558 E.02727
G1 X49.377 Y38.498 E.31805
G1 X49.377 Y37.899 E.02727
G1 X54.316 Y32.959 E.31805
G1 X54.316 Y32.36 E.02727
G1 X49.377 Y37.3 E.31805
G1 X49.377 Y36.701 E.02727
G1 X54.524 Y31.554 E.33141
M204 S500
G1 E-3.5 F3600
;WIPE_START
G1 F7200
G1 X52.291 Y33.787 E-1.5
;WIPE_END
G1 X75.89 Y30.547 F9000
G1 E5 F2400
M204 S250
G1 F1500
G1 X76.405 Y30.031 E.03319
G1 X76.405 Y29.433 E.02723
G1 X75.479 Y30.358 E.05959
G1 X74.881 Y30.358 E.02723
G1 X76.405 Y28.834 E.09813
G1 X76.405 Y28.235 E.02727
G1 X74.282 Y30.358 E.1367
G1 X73.683 Y30.358 E.02727
G1 X76.123 Y27.919 E.15707
G1 X75.524 Y27.919 E.02727
G1 X73.084 Y30.358 E.15707
G1 X72.485 Y30.358 E.02727
G1 X74.925 Y27.919 E.15707
G1 X74.326 Y27.919 E.02727
G1 X71.887 Y30.358 E.15704
G1 X71.288 Y30.358 E.02727
G1 X73.727 Y27.919 E.15704
G1 X73.129 Y27.919 E.02723
G1 X70.689 Y30.358 E.15707
G1 X70.09 Y30.358 E.02727
G1 X72.53 Y27.919 E.15707
G1 X71.931 Y27.919 E.02727
G1 X69.491 Y30.358 E.15707
G1 X68.893 Y30.358 E.02723
G1 X71.332 Y27.919 E.15704
G1 X70.733 Y27.919 E.02727
G1 X68.294 Y30.358 E.15704
G1 X67.695 Y30.358 E.02727
G1 X70.135 Y27.919 E.15707
G1 X69.536 Y27.919 E.02727
G1 X67.096 Y30.358 E.15707
G1 X66.498 Y30.358 E.02723
G1 X68.937 Y27.919 E.15704
G1 X68.338 Y27.919 E.02727
G1 X65.899 Y30.358 E.15704
G1 X65.3 Y30.358 E.02727
G1 X67.739 Y27.919 E.15704
G1 X67.141 Y27.919 E.02723
G1 X64.701 Y30.358 E.15707
G1 X64.102 Y30.358 E.02727
G1 X66.542 Y27.919 E.15707
G1 X65.943 Y27.919 E.02727
G1 X63.504 Y30.358 E.15704
G1 X62.905 Y30.358 E.02727
G1 X65.344 Y27.919 E.15704
G1 X64.746 Y27.919 E.02723
G1 X62.306 Y30.358 E.15707
G1 X61.707 Y30.358 E.02727
G1 X64.147 Y27.919 E.15707
G1 X63.548 Y27.919 E.02727
G1 X61.108 Y30.358 E.15707
G1 X60.51 Y30.358 E.02723
G1 X62.949 Y27.919 E.15704
G1 X62.35 Y27.919 E.02727
G1 X59.911 Y30.358 E.15704
G1 X59.312 Y30.358 E.02727
G1 X61.752 Y27.919 E.15707
G1 X61.153 Y27.919 E.02727
G1 X58.713 Y30.358 E.15707
G1 X58.114 Y30.358 E.02727
G1 X60.554 Y27.919 E.15707
G1 X59.955 Y27.919 E.02727
G1 X57.516 Y30.358 E.15704
G1 X56.917 Y30.358 E.02727
G1 X59.356 Y27.919 E.15704
G1 X58.758 Y27.919 E.02723
G1 X56.318 Y30.358 E.15707
G1 X55.719 Y30.358 E.02727
G1 X58.159 Y27.919 E.15707
G1 X57.56 Y27.919 E.02727
G1 X49.377 Y36.102 E.52689
G1 X49.377 Y35.504 E.02723
G1 X56.961 Y27.919 E.48835
G1 X56.362 Y27.919 E.02727
G1 X49.377 Y34.905 E.44978
G1 X49.377 Y34.306 E.02727
G1 X55.764 Y27.919 E.41125
G1 X55.165 Y27.919 E.02727
G1 X49.377 Y33.707 E.37268
G1 X49.377 Y33.108 E.02727
G1 X54.566 Y27.919 E.33411
G1 X53.967 Y27.919 E.02727
G1 X49.377 Y32.51 E.29557
G1 X49.377 Y31.911 E.02727
G1 X53.369 Y27.919 E.25704
G1 X52.77 Y27.919 E.02727
G1 X49.377 Y31.312 E.21847
G1 X49.377 Y30.713 E.02727
G1 X52.171 Y27.919 E.1799
G1 X51.572 Y27.919 E.02727
G1 X49.377 Y30.114 E.14133
G1 X49.377 Y29.516 E.02723
G1 X50.973 Y27.919 E.1028
G1 X50.375 Y27.919 E.02723
G1 X49.353 Y28.941 E.0658
G1 X49.277 Y28.562 E.0176
G1 X49.214 Y28.481 E.00467
G1 X49.776 Y27.919 E.03619
G1 X49.177 Y27.919 E.02727
G1 X48.818 Y28.278 E.02312
M204 S500
G1 E-3.5 F3600
;WIPE_START
G1 F7200
G1 X49.177 Y27.919 E-.24116
G1 X49.776 Y27.919 E-.28453
G1 X49.214 Y28.481 E-.37752
G1 X49.277 Y28.562 E-.04874
G1 X49.353 Y28.941 E-.18361
G1 X49.895 Y28.398 E-.36444
;WIPE_END
G1 X77.299 Y27.938 F9000
G1 E5 F2400
;TYPE:Solid infill
;WIDTH:0.490525
;HEIGHT:0.16
G1 F3600
G1 X77.299 Y30.34 E.07289
G1 X77.015 Y30.34 E.00862
G1 X76.843 Y30.167 E.0074
G1 X76.843 Y28.11 E.06242
G1 X77.015 Y27.938 E.00738
G1 X77.096 Y27.938 E.00246
G1 E-3.5
;WIPE_START
G1 F7200
G1 X77.015 Y27.938 E-.03848
G1 X76.843 Y28.11 E-.11554
G1 X76.843 Y30.167 E-.97708
G1 X77.015 Y30.34 E-.11588
G1 X77.299 Y30.34 E-.1349
G1 X77.299 Y30.091 E-.11812
;WIPE_END
G1 X74.611 Y44.058 F9000
G1 E5 F2400
;WIDTH:0.565252
G1 F3600
G1 X74.564 Y44.011 E.00235
G1 X74.5 Y44.028 E.00234
G1 X74.483 Y44.092 E.00234
G1 X74.53 Y44.139 E.00235
G1 X74.594 Y44.122 E.00234
G1 X74.352 Y44.945 F9000
;WIDTH:0.374336
G1 F3600
G1 X74.281 Y44.926 E.00166
G1 X74.3 Y44.997 E.00166
G1 X74.341 Y44.986 E.00096
;WIDTH:0.407168
G1 X74.413 Y44.893 E.00292
;WIDTH:0.439999
G1 X74.484 Y44.8 E.00316
G1 X75.272 Y44.012 E.03007
G1 X75.365 Y43.941 E.00316
;WIDTH:0.407168
G1 X75.458 Y43.869 E.00292
;WIDTH:0.374336
G1 X75.417 Y43.88 E.00096
G1 X75.398 Y43.809 E.00166
G1 X75.469 Y43.828 E.00166
;WIDTH:0.439999
G1 X75.846 Y44.012 E.01132
G1 X74.484 Y45.374 E.05198
G1 X74.484 Y45.947 E.01546
G1 X76.419 Y44.012 E.07384
G1 X76.993 Y44.012 E.01549
G1 X74.484 Y46.521 E.09575
G1 X74.484 Y47.095 E.01549
G1 X77.324 Y44.255 E.10838
G1 X77.381 Y44.107 E.00428
;WIDTH:0.407168
G1 X77.438 Y43.959 E.00393
;WIDTH:0.374336
G1 X77.397 Y43.97 E.00096
G1 X77.378 Y43.899 E.00166
G1 X77.449 Y43.918 E.00166
G1 X77.324 Y44.829 F9000
;WIDTH:0.439999
G1 F3600
G1 X77.324 Y47.265 E.06574
G1 X74.888 Y47.265 E.06574
G1 X77.181 Y44.972 E.08751
G1 X76.866 Y45.935 F9000
;WIDTH:0.545084
G1 F3600
G1 X76.866 Y46.807 E.02963
G1 X75.994 Y46.807 E.02963
G1 X76.723 Y46.078 E.03503
G1 E-3.5
;WIPE_START
G1 F7200
G1 X75.994 Y46.807 E-.48971
G1 X76.866 Y46.807 E-.4142
G1 X76.866 Y45.935 E-.4142
;WIPE_END
G1 E-.18189 F3600
G1 X74.079 Y47.038 F9000
G1 E5 F2400
;TYPE:Internal infill
;WIDTH:0.44
G1 F3600
G1 X74.079 Y47.265 E.00613
G1 X71.872 Y47.265 E.05956
G1 X70.359 Y45.752 E.05774
G1 X70.689 Y45.274 E.01567
G1 X70.249 Y44.834 E.01679
G1 X71.071 Y44.012 E.03137
G1 X73.505 Y44.012 E.06568
;LAYER_CHANGE
;Z:9.16
;HEIGHT:0.16
;BEFORE_LAYER_CHANGE
G92 E0
;9.16


G1 E-3.5 F3600
;WIPE_START
G1 F7200
G1 X71.071 Y44.012 E-1.15615
G1 X70.559 Y44.524 E-.34385
;WIPE_END
G1 Z9.16 F9000
;AFTER_LAYER_CHANGE
;9.16
G1 X77.423 Y43.7
G1 E5 F2400
;TYPE:Perimeter
;WIDTH:0.439999
G1 F3600
G1 X77.423 Y47.577 E.10462
G1 X31.67 Y47.577 E1.23464
G1 X31.67 Y46.1 E.03986
G1 X48.192 Y46.1 E.44584
G1 X48.531 Y45.983 E.00968
G1 X48.859 Y45.702 E.01165
G1 X49.018 Y45.384 E.00959
G1 X49.058 Y45.106 E.00758
G1 X49.058 Y29.072 E.43267
G1 X48.981 Y28.689 E.01054
G1 X48.66 Y28.276 E.01412
;WIDTH:0.475842
G1 X48.064 Y28.059 E.01863
G1 X31.688 Y28.059 E.48095
G1 X31.688 Y27.618 E.01295
G1 X48.064 Y27.618 E.48095
G1 X48.885 Y27.6 E.02412
;WIDTH:0.439999
G1 X77.423 Y27.6 E.77009
G1 X77.423 Y30.677 E.08303
G1 X55.496 Y30.677 E.5917
G1 X55.095 Y30.833 E.01161
G1 X54.9 Y30.996 E.00686
G1 X54.683 Y31.367 E.0116
G1 X54.635 Y31.672 E.00833
G1 X54.635 Y42.834 E.3012
G1 X54.748 Y43.166 E.00946
G1 X54.88 Y43.36 E.00633
G1 X55.077 Y43.533 E.00707
G1 X55.335 Y43.655 E.0077
G1 X55.629 Y43.7 E.00803
G1 X77.363 Y43.7 E.58649
G1 X77.829 Y43.294 F9000
G1 F3600
G1 X77.829 Y47.983 E.12653
G1 X31.264 Y47.983 E1.25655
G1 X31.264 Y45.694 E.06177
G1 X48.064 Y45.694 E.45334
G1 X48.341 Y45.625 E.0077
G1 X48.534 Y45.459 E.00687
G1 X48.629 Y45.271 E.00568
G1 X48.652 Y45.106 E.0045
G1 X48.652 Y29.072 E.43267
G1 X48.607 Y28.845 E.00624
G1 X48.417 Y28.601 E.00835
G1 X48.064 Y28.483 E.01004
G1 X31.264 Y28.483 E.45334
G1 X31.264 Y27.194 E.03478
G1 X77.829 Y27.194 E1.25655
G1 X77.829 Y31.083 E.10494
G1 X55.55 Y31.083 E.60119
G1 X55.313 Y31.175 E.00686
G1 X55.117 Y31.381 E.00767
G1 X55.041 Y31.672 E.00812
G1 X55.041 Y42.789 E.29999
G1 X55.186 Y43.093 E.00909
G1 X55.455 Y43.268 E.00866
G1 X55.629 Y43.294 E.00475
G1 X77.769 Y43.294 E.59744
G1 X78.224 Y42.899 F9000
;TYPE:External perimeter
;WIDTH:0.419999
G1 F1800
G1 X78.224 Y48.379 E.14059
G1 X30.869 Y48.379 E1.21486
G1 X30.869 Y45.299 E.07902
G1 X48.064 Y45.299 E.44113
G1 X48.218 Y45.222 E.00442
G1 X48.256 Y45.106 E.00313
G1 X48.256 Y29.072 E.41134
G1 X48.179 Y28.917 E.00444
G1 X48.064 Y28.879 E.00311
G1 X30.869 Y28.879 E.44113
G1 X30.869 Y26.799 E.05336
G1 X78.224 Y26.799 E1.21486
G1 X78.224 Y31.479 E.12006
G1 X55.629 Y31.479 E.57966
G1 X55.488 Y31.541 E.00395
G1 X55.436 Y31.672 E.00362
G1 X55.436 Y42.706 E.28307
G1 X55.484 Y42.833 E.00348
G1 X55.629 Y42.899 E.00409
G1 X78.164 Y42.899 E.57812
G1 E-3.5 F3600
;WIPE_START
G1 F7200
G1 X78.224 Y42.899 E-.0285
G1 X78.224 Y45.997 E-1.4715
;WIPE_END
G1 X72.978 Y45.937 F9000
G1 E5 F2400
;TYPE:Internal infill
;WIDTH:0.44
G1 F3600
G1 X72.978 Y47.265 E.03584
G1 X71.872 Y47.265 E.02985
G1 X69.665 Y45.058 E.08422
G1 X69.665 Y45.418 E.00971
G1 X70.085 Y44.998 E.01603
G1 X72.519 Y44.998 E.06568
G1 E-3.5
;WIPE_START
G1 F7200
G1 X70.085 Y44.998 E-1.15615
G1 X69.665 Y45.418 E-.28214
G1 X69.665 Y45.288 E-.06171
;WIPE_END
G1 X31.982 Y46.412 F9000
G1 E5 F2400
;TYPE:Solid infill
;WIDTH:0.439999
G1 F3600
G1 X48.215 Y46.412 E.43804
G1 X48.646 Y46.271 E.01224
G1 X49.078 Y45.92 E.01502
G1 X49.304 Y45.504 E.01278
G1 X49.37 Y44.979 E.01428
G1 X51.656 Y47.265 E.08724
G1 X31.982 Y47.265 E.5309
G1 X31.982 Y46.615 E.01754
G1 X32.409 Y46.839 E.01301
;WIDTH:0.481302
G1 X48.06 Y46.839 E.46534
;WIDTH:0.507618
G1 X48.564 Y46.835 E.01587
;WIDTH:0.488885
G1 X49.093 Y46.859 E.01601
;WIDTH:0.439999
G1 X50.677 Y46.859 E.04274
G1 X49.612 Y45.795 E.04062
G1 X49.394 Y46.177 E.01187
G1 X48.976 Y46.542 E.01497
;WIDTH:0.465075
G1 X48.716 Y46.667 E.00827
;WIDTH:0.49015
G1 X48.457 Y46.792 E.00872
;WIDTH:0.507618
G1 X48.362 Y46.826 E.00318
G1 X49.681 Y46.403 F9000
;WIDTH:0.442616
G1 F3600
G1 X49.645 Y46.439 E.00138
G1 X49.658 Y46.488 E.00138
G1 X49.707 Y46.502 E.00138
G1 X49.743 Y46.466 E.00138
G1 X49.73 Y46.416 E.0014
G1 E-3.5
;WIPE_START
G1 F7200
G1 X49.743 Y46.466 E-.02454
G1 X49.707 Y46.502 E-.02418
G1 X49.658 Y46.488 E-.02421
G1 X49.645 Y46.439 E-.02408
G1 X49.681 Y46.403 E-.02418
;WIPE_END
G1 E-1.37881 F3600
G1 X49.37 Y44.406 F9000
G1 E5 F2400
;WIDTH:0.439999
G1 F3600
G1 X52.23 Y47.265 E.10913
G1 X52.803 Y47.265 E.01546
G1 X49.37 Y43.832 E.13101
G1 X49.37 Y43.258 E.01549
G1 X53.377 Y47.265 E.15292
G1 X53.951 Y47.265 E.01549
G1 X49.37 Y42.684 E.17482
G1 X49.37 Y42.111 E.01546
G1 X54.524 Y47.265 E.19669
G1 X55.098 Y47.265 E.01549
G1 X49.37 Y41.537 E.21859
G1 X49.37 Y40.963 E.01549
G1 X55.672 Y47.265 E.2405
G1 X56.246 Y47.265 E.01549
G1 X49.37 Y40.39 E.26238
G1 X49.37 Y39.816 E.01549
G1 X56.819 Y47.265 E.28427
G1 X57.393 Y47.265 E.01549
G1 X49.37 Y39.242 E.30618
G1 X49.37 Y38.669 E.01546
G1 X57.967 Y47.265 E.32806
G1 X58.125 Y47.309 E.00443
;WIDTH:0.407168
G1 X58.283 Y47.354 E.00407
;WIDTH:0.374336
G1 X58.294 Y47.395 E.00096
G1 X58.223 Y47.414 E.00166
G1 X58.242 Y47.343 E.00166
G1 E-3.5
;WIPE_START
G1 F7200
G1 X58.223 Y47.414 E-.03491
G1 X58.294 Y47.395 E-.03491
G1 X58.283 Y47.354 E-.02016
G1 X58.125 Y47.309 E-.07803
G1 X57.967 Y47.265 E-.07791
G1 X56.1 Y45.398 E-1.25408
;WIPE_END
G1 X54.933 Y43.74 F9000
G1 E5 F2400
G1 F3600
G1 X54.607 Y43.411 E.01048
;WIDTH:0.407168
G1 X54.503 Y43.268 E.00439
;WIDTH:0.439999
G1 X54.4 Y43.124 E.00478
G1 X49.37 Y38.095 E.19194
G1 X49.37 Y37.521 E.01549
G1 X54.323 Y42.474 E.18902
G1 X54.323 Y41.9 E.01549
G1 X49.37 Y36.948 E.189
G1 X49.37 Y36.374 E.01549
G1 X54.323 Y41.326 E.189
G1 X54.323 Y40.753 E.01546
G1 X49.37 Y35.8 E.18902
G1 X49.37 Y35.226 E.01549
G1 X54.323 Y40.179 E.18902
G1 X54.323 Y39.605 E.01549
G1 X49.37 Y34.653 E.189
G1 X49.37 Y34.079 E.01549
G1 X54.323 Y39.032 E.18902
G1 X54.323 Y38.458 E.01549
G1 X49.37 Y33.505 E.18902
G1 X49.37 Y32.932 E.01546
G1 X54.323 Y37.884 E.189
G1 X54.323 Y37.311 E.01546
G1 X49.37 Y32.358 E.18902
G1 X49.37 Y31.784 E.01549
G1 X54.323 Y36.737 E.18902
G1 X54.323 Y36.163 E.01549
G1 X49.37 Y31.211 E.189
G1 X49.37 Y30.637 E.01549
G1 X54.323 Y35.589 E.189
G1 X54.323 Y35.016 E.01546
G1 X49.37 Y30.063 E.18902
G1 X49.37 Y29.489 E.01549
G1 X54.323 Y34.442 E.18902
G1 X54.323 Y33.868 E.01549
G1 X49.334 Y28.88 E.19037
G1 X49.255 Y28.736 E.00443
;WIDTH:0.407168
G1 X49.176 Y28.593 E.00405
;WIDTH:0.374336
G1 X48.783 Y28.146 E.01346
G1 X48.555 Y27.992 E.00622
G1 X48.568 Y27.837 E.00352
;WIDTH:0.439999
G1 X48.94 Y27.912 E.01024
G1 X54.323 Y33.295 E.20543
G1 X54.323 Y32.721 E.01549
G1 X49.514 Y27.912 E.18352
G1 X50.088 Y27.912 E.01549
G1 X54.323 Y32.147 E.16162
G1 X54.335 Y31.586 E.01514
G1 X50.662 Y27.912 E.14019
G1 X51.235 Y27.912 E.01546
G1 X54.449 Y31.126 E.12265
G1 X54.675 Y30.779 E.01117
G1 X51.809 Y27.912 E.10939
G1 X52.383 Y27.912 E.01549
G1 X55.004 Y30.534 E.10004
G1 X55.436 Y30.392 E.01227
G1 X52.956 Y27.912 E.09464
G1 X77.111 Y27.912 E.65182
G1 X77.111 Y30.365 E.06619
G1 X55.866 Y30.365 E.57329
G1 X55.866 Y30.249 E.00313
G1 X53.673 Y28.056 E.08369
G1 X54.509 Y28.318 F9000
G1 F3600
G1 X76.705 Y28.318 E.59895
G1 X76.705 Y29.959 E.04428
G1 X56.151 Y29.959 E.55465
G1 X54.653 Y28.462 E.05715
G1 X55.489 Y28.724 F9000
G1 F3600
G1 X76.299 Y28.724 E.56155
G1 X76.299 Y29.554 E.0224
G1 X56.319 Y29.554 E.53916
G1 X55.632 Y28.867 E.02622
G1 X56.491 Y29.139 F9000
;WIDTH:0.45865
G1 F3600
G1 X75.884 Y29.139 E.54738
G1 E-3.5
;WIPE_START
G1 F7200
G1 X72.726 Y29.139 E-1.5
;WIPE_END
G1 X73.391 Y47.19 F9000
G1 E5 F2400
;WIDTH:0.482432
G1 F3600
G1 X73.351 Y47.229 E.00167
G1 X73.365 Y47.283 E.00166
G1 X73.42 Y47.298 E.0017
G1 X73.459 Y47.258 E.00167
G1 X73.445 Y47.204 E.00166
;WIDTH:0.439999
G1 X73.384 Y46.619 E.01587
G1 X74.102 Y47.331 E.02729
;WIDTH:0.407168
G1 X74.175 Y47.397 E.00244
;WIDTH:0.374336
G1 X74.156 Y47.468 E.00166
G1 X74.227 Y47.449 E.00166
G1 X74.216 Y47.408 E.00096
;WIDTH:0.439999
G1 X74.604 Y47.265 E.01116
G1 X73.384 Y46.045 E.04656
G1 X73.384 Y45.472 E.01546
G1 X75.177 Y47.265 E.06842
G1 X75.751 Y47.265 E.01549
G1 X73.384 Y44.898 E.09033
G1 E-3.5
;WIPE_START
G1 F7200
G1 X75.617 Y47.131 E-1.5
;WIPE_END
G1 X58.54 Y47.265 F9000
G1 E5 F2400
G1 F3600
G1 X55.219 Y43.944 E.12674
G1 X55.861 Y44.012 E.01742
G1 X59.114 Y47.265 E.12414
G1 X59.688 Y47.265 E.01549
G1 X56.435 Y44.012 E.12414
G1 X57.009 Y44.012 E.01549
G1 X60.261 Y47.265 E.12412
G1 X60.835 Y47.265 E.01549
G1 X57.582 Y44.012 E.12414
G1 X58.156 Y44.012 E.01549
G1 X61.409 Y47.265 E.12414
G1 X61.982 Y47.265 E.01546
G1 X58.73 Y44.012 E.12412
G1 X59.304 Y44.012 E.01549
G1 X62.556 Y47.265 E.12412
G1 X63.13 Y47.265 E.01549
G1 X59.877 Y44.012 E.12414
G1 X60.451 Y44.012 E.01549
G1 X63.704 Y47.265 E.12414
G1 X64.277 Y47.265 E.01546
G1 X61.025 Y44.012 E.12412
G1 X61.598 Y44.012 E.01546
G1 X64.851 Y47.265 E.12414
G1 X65.425 Y47.265 E.01549
G1 X62.172 Y44.012 E.12414
G1 X62.746 Y44.012 E.01549
G1 X65.998 Y47.265 E.12412
G1 X66.572 Y47.265 E.01549
G1 X63.319 Y44.012 E.12414
G1 X63.893 Y44.012 E.01549
G1 X67.146 Y47.265 E.12414
G1 X67.719 Y47.265 E.01546
G1 X64.467 Y44.012 E.12412
G1 X65.04 Y44.012 E.01546
G1 X68.293 Y47.265 E.12414
G1 X68.867 Y47.265 E.01549
G1 X65.614 Y44.012 E.12414
G1 X66.188 Y44.012 E.01549
G1 X69.26 Y47.084 E.11723
G1 X69.303 Y47.203 E.00341
;WIDTH:0.407168
G1 X69.347 Y47.322 E.00315
;WIDTH:0.374336
G1 X69.328 Y47.393 E.00166
G1 X69.399 Y47.374 E.00166
G1 X69.388 Y47.333 E.00096
G1 X69.26 Y46.51 F9000
;WIDTH:0.439999
G1 F3600
G1 X66.762 Y44.012 E.09533
G1 X67.335 Y44.012 E.01546
G1 X69.26 Y45.937 E.07346
G1 X69.341 Y45.994 E.00267
;WIDTH:0.407168
G1 X69.422 Y46.051 E.00246
;WIDTH:0.374336
G1 X69.403 Y46.122 E.00166
G1 X69.474 Y46.103 E.00166
G1 X69.463 Y46.062 E.00096
G1 E-3.5
;WIPE_START
G1 F7200
G1 X69.474 Y46.103 E-.02016
G1 X69.403 Y46.122 E-.03491
G1 X69.422 Y46.051 E-.03491
G1 X69.341 Y45.994 E-.04705
G1 X69.26 Y45.937 E-.04705
G1 X67.335 Y44.012 E-1.29312
G1 X67.287 Y44.012 E-.0228
;WIPE_END
G1 X68.052 Y44.156 F9000
G1 E5 F2400
;WIDTH:0.439999
G1 F3600
G1 X69.259 Y45.363 E.04606
G1 X69.259 Y44.895 E.01263
G1 X69.319 Y44.751 E.00421
;WIDTH:0.483466
G1 X69.42 Y44.65 E.00427
;WIDTH:0.526932
G1 X69.521 Y44.548 E.0047
G1 X72.973 Y44.548 E.11311
G1 X72.611 Y44.187 E.01675
G1 X72.594 Y44.056 E.00433
G1 X69.562 Y44.056 E.09935
G1 X69.288 Y44.034 E.00901
;WIDTH:0.483466
G1 X69.013 Y44.012 E.00824
;WIDTH:0.439999
G1 X67.909 Y44.012 E.02979
G1 X68.968 Y44.399 F9000
;WIDTH:0.519086
G1 F3600
G1 X68.925 Y44.442 E.00196
G1 X68.941 Y44.5 E.00194
G1 X68.999 Y44.516 E.00194
G1 X69.042 Y44.473 E.00196
G1 X69.027 Y44.415 E.00193
G1 E-3.5
;WIPE_START
G1 F7200
G1 X69.042 Y44.473 E-.02846
G1 X68.999 Y44.516 E-.02889
G1 X68.941 Y44.5 E-.02858
G1 X68.925 Y44.442 E-.02858
G1 X68.968 Y44.399 E-.02889
;WIPE_END
G1 E-1.3566 F3600
G1 X73.072 Y44.012 F9000
G1 E5 F2400
;WIDTH:0.439999
G1 F3600
G1 X76.325 Y47.265 E.12414
G1 X77.191 Y47.315 F9000
;WIDTH:0.374336
G1 F3600
G1 X77.172 Y47.386 E.00166
G1 X77.243 Y47.367 E.00166
G1 X77.232 Y47.326 E.00096
;WIDTH:0.407168
G1 X77.065 Y47.296 E.00421
;WIDTH:0.439999
G1 X76.898 Y47.265 E.00458
G1 X73.646 Y44.012 E.12412
G1 X74.22 Y44.012 E.01549
G1 X77.111 Y46.903 E.11033
G1 X77.111 Y46.33 E.01546
G1 X74.793 Y44.012 E.08846
G1 X75.367 Y44.012 E.01549
G1 X77.111 Y45.756 E.06656
G1 X77.192 Y45.813 E.00267
;WIDTH:0.407168
G1 X77.273 Y45.871 E.00247
;WIDTH:0.374336
G1 X77.254 Y45.942 E.00166
G1 X77.325 Y45.923 E.00166
G1 X77.314 Y45.882 E.00096
G1 X76.253 Y44.226 F9000
;WIDTH:0.579825
G1 F3600
G1 X77.041 Y45.014 E.04044
G1 X77.041 Y44.082 E.03382
G1 X76.109 Y44.082 E.03382
;LAYER_CHANGE
;Z:9.32
;HEIGHT:0.16
;BEFORE_LAYER_CHANGE
G92 E0
;9.32


G1 E-3.5 F3600
;WIPE_START
G1 F7200
G1 X77.041 Y44.082 E-.4427
G1 X77.041 Y45.014 E-.4427
G1 X76.253 Y44.226 E-.52934
;WIPE_END
G1 E-.08526 F3600
G1 Z9.32 F9000
;AFTER_LAYER_CHANGE
;9.32
G1 X77.183 Y43.7
G1 E5 F2400
;TYPE:Perimeter
;WIDTH:0.439999
G1 F3600
G1 X77.183 Y47.577 E.10462
G1 X31.91 Y47.577 E1.22168
G1 X31.91 Y46.1 E.03986
G1 X48.192 Y46.1 E.43937
G1 X48.531 Y45.983 E.00968
G1 X48.859 Y45.702 E.01165
G1 X49.018 Y45.384 E.00959
G1 X49.058 Y45.106 E.00758
G1 X49.058 Y29.072 E.43267
G1 X48.981 Y28.689 E.01054
G1 X48.66 Y28.276 E.01412
;WIDTH:0.475842
G1 X48.064 Y28.059 E.01863
G1 X31.928 Y28.059 E.4739
G1 X31.928 Y27.618 E.01295
G1 X48.064 Y27.618 E.4739
G1 X48.885 Y27.6 E.02412
;WIDTH:0.439999
G1 X77.183 Y27.6 E.76362
G1 X77.183 Y30.677 E.08303
G1 X55.496 Y30.677 E.58522
G1 X55.095 Y30.833 E.01161
G1 X54.9 Y30.996 E.00686
G1 X54.683 Y31.367 E.0116
G1 X54.635 Y31.672 E.00833
G1 X54.635 Y42.834 E.3012
G1 X54.748 Y43.166 E.00946
G1 X54.88 Y43.36 E.00633
G1 X55.077 Y43.533 E.00707
G1 X55.335 Y43.655 E.0077
G1 X55.629 Y43.7 E.00803
G1 X77.123 Y43.7 E.58001
G1 X77.589 Y43.294 F9000
G1 F3600
G1 X77.589 Y47.983 E.12653
G1 X31.504 Y47.983 E1.2436
G1 X31.504 Y45.694 E.06177
G1 X48.064 Y45.694 E.44687
G1 X48.341 Y45.625 E.0077
G1 X48.534 Y45.459 E.00687
G1 X48.629 Y45.271 E.00568
G1 X48.652 Y45.106 E.0045
G1 X48.652 Y29.072 E.43267
G1 X48.607 Y28.845 E.00624
G1 X48.417 Y28.601 E.00835
G1 X48.064 Y28.483 E.01004
G1 X31.504 Y28.483 E.44687
G1 X31.504 Y27.194 E.03478
G1 X77.589 Y27.194 E1.2436
G1 X77.589 Y31.083 E.10494
G1 X55.55 Y31.083 E.59472
G1 X55.313 Y31.175 E.00686
G1 X55.117 Y31.381 E.00767
G1 X55.041 Y31.672 E.00812
G1 X55.041 Y42.789 E.29999
G1 X55.186 Y43.093 E.00909
G1 X55.455 Y43.268 E.00866
G1 X55.629 Y43.294 E.00475
G1 X77.529 Y43.294 E.59097
G1 X77.985 Y42.899 F9000
;TYPE:External perimeter
;WIDTH:0.419999
G1 F1800
G1 X77.985 Y48.379 E.14059
G1 X31.108 Y48.379 E1.2026
G1 X31.108 Y45.299 E.07902
G1 X48.064 Y45.299 E.435
G1 X48.218 Y45.222 E.00442
G1 X48.256 Y45.106 E.00313
G1 X48.256 Y29.072 E.41134
G1 X48.179 Y28.917 E.00444
G1 X48.064 Y28.879 E.00311
G1 X31.108 Y28.879 E.435
G1 X31.108 Y26.799 E.05336
G1 X77.985 Y26.799 E1.2026
G1 X77.985 Y31.479 E.12006
G1 X55.629 Y31.479 E.57353
G1 X55.488 Y31.541 E.00395
G1 X55.436 Y31.672 E.00362
G1 X55.436 Y42.706 E.28307
G1 X55.484 Y42.833 E.00348
G1 X55.629 Y42.899 E.00409
G1 X77.925 Y42.899 E.57199
G1 E-3.5 F3600
;WIPE_START
G1 F7200
G1 X77.985 Y42.899 E-.0285
G1 X77.985 Y45.997 E-1.4715
;WIPE_END
G1 X71.872 Y47.265 F9000
G1 E5 F2400
;TYPE:Internal infill
;WIDTH:0.44
G1 F3600
G1 X69.869 Y45.262 E.07644
G1 E-3.5
;WIPE_START
G1 F7200
G1 X71.872 Y47.265 E-1.34552
;WIPE_END
G1 E-.15448 F3600
G1 X49.433 Y27.912 F9000
G1 E5 F2400
;TYPE:Solid infill
;WIDTH:0.439999
G1 F3600
G1 X49.056 Y28.289 E.01439
;WIDTH:0.472485
G1 X48.933 Y28.144 E.00554
;WIDTH:0.50497
G1 X48.81 Y27.998 E.00598
G1 X48.753 Y28.014 E.00185
G1 X48.712 Y27.972 E.00184
G1 X48.727 Y27.915 E.00185
G1 X48.784 Y27.9 E.00185
G1 X48.825 Y27.942 E.00184
G1 X49.285 Y28.634 F9000
;WIDTH:0.439999
G1 F3600
G1 X50.006 Y27.912 E.02753
;WIDTH:0.458654
G1 X49.626 Y27.777 E.01138
G1 X49.575 Y27.791 E.00149
G1 X49.537 Y27.753 E.00152
G1 X49.551 Y27.702 E.00149
G1 X49.602 Y27.688 E.00149
G1 X49.64 Y27.726 E.00152
G1 X50.58 Y27.912 F9000
;WIDTH:0.439999
G1 F3600
G1 X49.304 Y29.19 E.04873
;WIDTH:0.407168
G1 X49.238 Y29.258 E.00235
;WIDTH:0.374336
G1 X49.167 Y29.239 E.00166
G1 X49.186 Y29.31 E.00166
G1 X49.227 Y29.299 E.00096
;WIDTH:0.439999
G1 X49.37 Y29.696 E.01139
G1 X51.154 Y27.912 E.06808
G1 X51.728 Y27.912 E.01549
G1 X49.37 Y30.27 E.08999
G1 X49.37 Y30.844 E.01549
G1 X52.301 Y27.912 E.11187
G1 X52.875 Y27.912 E.01549
G1 X49.37 Y31.417 E.13376
G1 X49.37 Y31.991 E.01549
G1 X53.449 Y27.912 E.15566
G1 X54.022 Y27.912 E.01546
G1 X49.37 Y32.565 E.17755
G1 X49.37 Y33.138 E.01546
G1 X54.596 Y27.912 E.19944
G1 X55.17 Y27.912 E.01549
G1 X49.37 Y33.712 E.22134
G1 X49.37 Y34.286 E.01549
G1 X55.743 Y27.912 E.24323
G1 X56.317 Y27.912 E.01549
G1 X49.37 Y34.859 E.26511
G1 X49.37 Y35.433 E.01549
G1 X56.891 Y27.912 E.28702
G1 X57.464 Y27.912 E.01546
G1 X49.37 Y36.007 E.3089
G1 X49.331 Y36.145 E.00387
;WIDTH:0.407168
G1 X49.292 Y36.283 E.00356
;WIDTH:0.374336
G1 X49.221 Y36.264 E.00166
G1 X49.24 Y36.335 E.00166
G1 X49.281 Y36.324 E.00096
;WIDTH:0.439999
G1 X49.37 Y36.58 E.00731
G1 X54.329 Y31.621 E.18925
G1 X54.417 Y31.493 E.00419
;WIDTH:0.407168
G1 X54.505 Y31.364 E.00387
;WIDTH:0.374336
G1 X54.464 Y31.375 E.00096
G1 X54.445 Y31.304 E.00166
G1 X54.516 Y31.323 E.00166
G1 X54.323 Y32.202 F9000
;WIDTH:0.439999
G1 F3600
G1 X49.37 Y37.154 E.189
G1 X49.37 Y37.728 E.01549
G1 X54.323 Y32.775 E.18902
G1 X54.323 Y33.349 E.01549
G1 X49.37 Y38.302 E.18902
G1 X49.37 Y38.875 E.01546
G1 X54.323 Y33.923 E.189
G1 X54.323 Y34.496 E.01546
G1 X49.37 Y39.449 E.18902
G1 X49.37 Y40.023 E.01549
G1 X54.323 Y35.07 E.18902
G1 X54.323 Y35.644 E.01549
G1 X49.37 Y40.596 E.189
G1 X49.37 Y41.17 E.01549
G1 X54.323 Y36.217 E.18902
G1 X54.323 Y36.791 E.01549
G1 X49.37 Y41.744 E.18902
G1 X49.37 Y42.317 E.01546
G1 X54.323 Y37.365 E.189
G1 X54.323 Y37.938 E.01546
G1 X49.37 Y42.891 E.18902
G1 X49.37 Y43.465 E.01549
G1 X54.323 Y38.512 E.18902
G1 X54.323 Y39.086 E.01549
G1 X49.37 Y44.038 E.189
G1 X49.37 Y44.612 E.01549
G1 X54.323 Y39.66 E.189
G1 X54.323 Y40.233 E.01546
G1 X49.358 Y45.198 E.18948
G1 E-3.5
;WIPE_START
G1 F7200
G1 X51.591 Y42.965 E-1.5
;WIPE_END
G1 X47.57 Y46.412 F9000
G1 E5 F2400
G1 F3600
G1 X46.861 Y47.122 E.02708
G1 X46.858 Y47.265 E.00386
G1 X32.222 Y47.265 E.39495
G1 X32.222 Y46.412 E.02302
G1 X47.367 Y46.412 E.40869
G1 X47.619 Y47.373 F9000
;WIDTH:0.374336
G1 F3600
G1 X47.548 Y47.354 E.00166
G1 X47.567 Y47.425 E.00166
G1 X47.608 Y47.414 E.00096
;WIDTH:0.407168
G1 X47.449 Y47.339 E.00436
;WIDTH:0.439999
G1 X47.291 Y47.265 E.00471
G1 X48.151 Y46.405 E.03282
G1 X48.294 Y46.326 E.00441
;WIDTH:0.407168
G1 X48.438 Y46.247 E.00407
;WIDTH:0.374336
G1 X48.622 Y46.129 E.00494
G1 X47.865 Y47.265 F9000
;WIDTH:0.439999
G1 F3600
G1 X54.323 Y40.807 E.24645
G1 X54.323 Y41.381 E.01549
G1 X48.438 Y47.265 E.22457
G1 X49.012 Y47.265 E.01549
G1 X54.323 Y41.954 E.20268
G1 X54.323 Y42.528 E.01549
G1 X49.586 Y47.265 E.18077
G1 X50.159 Y47.265 E.01546
G1 X54.372 Y43.052 E.16078
G1 X54.558 Y43.44 E.01161
G1 X50.733 Y47.265 E.14597
G1 X51.307 Y47.265 E.01549
G1 X54.837 Y43.735 E.13471
G1 X55.207 Y43.938 E.01139
G1 X51.881 Y47.265 E.12695
G1 X52.454 Y47.265 E.01546
G1 X55.707 Y44.012 E.12414
G1 X56.281 Y44.012 E.01549
G1 X53.028 Y47.265 E.12414
G1 X53.602 Y47.265 E.01549
G1 X56.854 Y44.012 E.12412
G1 X57.428 Y44.012 E.01549
G1 X54.175 Y47.265 E.12414
G1 X54.749 Y47.265 E.01549
G1 X58.002 Y44.012 E.12414
G1 X58.575 Y44.012 E.01546
G1 X55.323 Y47.265 E.12412
G1 X55.896 Y47.265 E.01546
G1 X59.149 Y44.012 E.12414
G1 X59.723 Y44.012 E.01549
G1 X56.47 Y47.265 E.12414
G1 X57.044 Y47.265 E.01549
G1 X60.296 Y44.012 E.12412
G1 X60.87 Y44.012 E.01549
G1 X57.617 Y47.265 E.12414
G1 X58.191 Y47.265 E.01549
G1 X61.444 Y44.012 E.12414
G1 X62.017 Y44.012 E.01546
G1 X58.765 Y47.265 E.12412
G1 X59.339 Y47.265 E.01549
G1 X62.591 Y44.012 E.12412
G1 X63.165 Y44.012 E.01549
G1 X59.912 Y47.265 E.12414
G1 X60.486 Y47.265 E.01549
G1 X63.739 Y44.012 E.12414
G1 X64.312 Y44.012 E.01546
G1 X61.06 Y47.265 E.12412
G1 X61.633 Y47.265 E.01546
G1 X64.886 Y44.012 E.12414
G1 X65.46 Y44.012 E.01549
G1 X62.207 Y47.265 E.12414
G1 X62.781 Y47.265 E.01549
G1 X66.033 Y44.012 E.12412
G1 X66.607 Y44.012 E.01549
G1 X63.354 Y47.265 E.12414
G1 X63.928 Y47.265 E.01549
G1 X67.181 Y44.012 E.12414
G1 X67.754 Y44.012 E.01546
G1 X64.502 Y47.265 E.12412
G1 X65.075 Y47.265 E.01546
G1 X68.328 Y44.012 E.12414
G1 X68.902 Y44.012 E.01549
G1 X65.649 Y47.265 E.12414
G1 X66.223 Y47.265 E.01549
G1 X69.475 Y44.012 E.12412
G1 X69.869 Y44.192 E.01169
G1 X66.797 Y47.265 E.11725
G1 E-3.5
;WIPE_START
G1 F7200
G1 X69.03 Y45.032 E-1.5
;WIPE_END
G1 X70.394 Y44.25 F9000
G1 E5 F2400
;WIDTH:0.52693
G1 F3600
G1 X70.148 Y44.548 E.01266
G1 X72.497 Y44.548 E.07697
G1 X72.472 Y44.414 E.00447
G1 X72.813 Y44.056 E.0162
G1 X70.341 Y44.056 E.081
G1 X69.713 Y44.742 F9000
;WIDTH:0.374336
G1 F3600
G1 X69.583 Y44.885 E.00437
;WIDTH:0.407168
G1 X69.523 Y45.028 E.00385
;WIDTH:0.439999
G1 X69.464 Y45.172 E.0042
G1 X67.37 Y47.265 E.07989
G1 X67.944 Y47.265 E.01549
G1 X69.464 Y45.745 E.05801
G1 X69.565 Y45.683 E.0032
;WIDTH:0.407168
G1 X69.667 Y45.62 E.00297
;WIDTH:0.374336
G1 X69.626 Y45.631 E.00096
G1 X69.607 Y45.56 E.00166
G1 X69.678 Y45.579 E.00166
G1 X69.426 Y46.409 F9000
;WIDTH:0.514191
G1 F3600
G1 X69.426 Y47.228 E.02614
G1 X68.607 Y47.228 E.02614
G1 X69.283 Y46.552 E.03052
G1 E-3.5
;WIPE_START
G1 F7200
G1 X68.607 Y47.228 E-.4541
G1 X69.426 Y47.228 E-.38903
G1 X69.426 Y46.409 E-.38903
;WIPE_END
G1 E-.26784 F3600
G1 X72.978 Y44.526 F9000
G1 E5 F2400
;WIDTH:0.439999
G1 F3600
G1 X73.491 Y44.012 E.0196
G1 X74.065 Y44.012 E.01549
G1 X73.325 Y44.752 E.02824
G1 X73.384 Y45.267 E.01399
G1 X74.639 Y44.012 E.04789
G1 X75.212 Y44.012 E.01546
G1 X73.318 Y45.908 E.07232
;WIDTH:0.407168
G1 X73.252 Y45.974 E.00231
;WIDTH:0.374336
G1 X73.181 Y45.955 E.00166
G1 X73.2 Y46.026 E.00166
G1 X73.241 Y46.015 E.00096
;WIDTH:0.439999
G1 X73.384 Y46.415 E.01146
G1 X75.786 Y44.012 E.09168
G1 X76.36 Y44.012 E.01549
G1 X73.384 Y46.988 E.11357
G1 X73.362 Y47.164 E.00479
;WIDTH:0.407168
G1 X73.34 Y47.339 E.00437
;WIDTH:0.374336
G1 X73.269 Y47.32 E.00166
G1 X73.288 Y47.391 E.00166
G1 X73.329 Y47.38 E.00096
;WIDTH:0.439999
G1 X73.681 Y47.265 E.00999
G1 X76.871 Y44.075 E.12174
G1 X76.942 Y43.973 E.00335
;WIDTH:0.407168
G1 X77.013 Y43.87 E.0031
;WIDTH:0.374336
G1 X76.845 Y43.86 E.00381
;WIDTH:0.439999
G1 X76.871 Y44.649 E.0213
G1 X76.871 Y47.265 E.07059
G1 X74.255 Y47.265 E.07059
G1 X76.727 Y44.792 E.09436
G1 X76.465 Y45.628 F9000
G1 F3600
G1 X76.465 Y46.859 E.03322
G1 X75.234 Y46.859 E.03322
G1 X76.322 Y45.772 E.0415
G1 E-3.5
;WIPE_START
G1 F7200
G1 X75.234 Y46.859 E-.73053
G1 X76.465 Y46.859 E-.58473
G1 X76.465 Y46.47 E-.18474
;WIPE_END
G1 X58.038 Y27.912 F9000
G1 E5 F2400
G1 F3600
G1 X55.579 Y30.371 E.09384
G1 X55.457 Y30.438 E.00376
;WIDTH:0.407168
G1 X55.334 Y30.504 E.00346
;WIDTH:0.374336
G1 X55.263 Y30.485 E.00166
G1 X55.282 Y30.556 E.00166
G1 X55.323 Y30.545 E.00096
G1 X56.159 Y30.365 F9000
;WIDTH:0.439999
G1 F3600
G1 X58.612 Y27.912 E.09361
G1 X59 Y28.098 E.01161
G1 X56.733 Y30.365 E.08651
G1 X76.871 Y30.365 E.54342
G1 X76.871 Y27.912 E.06619
G1 X59.042 Y27.912 E.48111
G1 X59.354 Y28.318 E.01382
G1 X76.465 Y28.318 E.46174
G1 X76.465 Y29.959 E.04428
G1 X57.712 Y29.959 E.50605
G1 X59.21 Y28.462 E.05715
G1 X59.522 Y28.724 E.01099
G1 X76.06 Y28.724 E.44627
G1 X76.06 Y29.554 E.0224
G1 X58.692 Y29.554 E.46867
G1 X59.378 Y28.867 E.0262
G1 X59.694 Y29.139 E.01125
;WIDTH:0.458654
G1 X75.645 Y29.139 E.45023
G1 E-3.5
;WIPE_START
G1 F7200
G1 X72.487 Y29.139 E-1.5
;WIPE_END
G1 X46.541 Y46.839 F9000
G1 E5 F2400
;WIDTH:0.481302
G1 F3600
G1 X32.648 Y46.839 E.41307
;LAYER_CHANGE
;Z:9.48
;HEIGHT:0.16
;BEFORE_LAYER_CHANGE
G92 E0
;9.48


G1 E-3.5 F3600
;WIPE_START
G1 F7200
G1 X35.806 Y46.839 E-1.5
;WIPE_END
G1 Z9.48 F9000
;AFTER_LAYER_CHANGE
;9.48
G1 X32.184 Y47.577
G1 E5 F2400
;TYPE:Perimeter
;WIDTH:0.439999
G1 F3600
G1 X32.184 Y46.1 E.03986
G1 X48.192 Y46.1 E.43197
G1 X48.531 Y45.983 E.00968
G1 X48.859 Y45.702 E.01165
G1 X49.018 Y45.384 E.00959
G1 X49.058 Y45.106 E.00758
G1 X49.058 Y29.072 E.43267
G1 X48.981 Y28.689 E.01054
G1 X48.66 Y28.276 E.01412
;WIDTH:0.475842
G1 X48.064 Y28.059 E.01863
G1 X32.202 Y28.059 E.46585
G1 X32.202 Y27.618 E.01295
G1 X48.064 Y27.618 E.46585
G1 X48.885 Y27.6 E.02412
;WIDTH:0.439999
G1 X76.909 Y27.6 E.75622
G1 X76.909 Y30.677 E.08303
G1 X55.496 Y30.677 E.57783
G1 X55.095 Y30.833 E.01161
G1 X54.9 Y30.996 E.00686
G1 X54.683 Y31.367 E.0116
G1 X54.635 Y31.672 E.00833
G1 X54.635 Y42.834 E.3012
G1 X54.748 Y43.166 E.00946
G1 X54.88 Y43.36 E.00633
G1 X55.077 Y43.533 E.00707
G1 X55.335 Y43.655 E.0077
G1 X55.629 Y43.7 E.00803
G1 X76.909 Y43.7 E.57424
G1 X76.909 Y47.577 E.10462
G1 X32.244 Y47.577 E1.20528
G1 X31.778 Y47.983 F9000
G1 F3600
G1 X31.778 Y45.694 E.06177
G1 X48.064 Y45.694 E.43947
G1 X48.341 Y45.625 E.0077
G1 X48.534 Y45.459 E.00687
G1 X48.629 Y45.271 E.00568
G1 X48.652 Y45.106 E.0045
G1 X48.652 Y29.072 E.43267
G1 X48.607 Y28.845 E.00624
G1 X48.417 Y28.601 E.00835
G1 X48.064 Y28.483 E.01004
G1 X31.778 Y28.483 E.43947
G1 X31.778 Y27.194 E.03478
G1 X77.315 Y27.194 E1.22881
G1 X77.315 Y31.083 E.10494
G1 X55.55 Y31.083 E.58732
G1 X55.313 Y31.175 E.00686
G1 X55.117 Y31.381 E.00767
G1 X55.041 Y31.672 E.00812
G1 X55.041 Y42.789 E.29999
G1 X55.186 Y43.093 E.00909
G1 X55.455 Y43.268 E.00866
G1 X55.629 Y43.294 E.00475
G1 X77.315 Y43.294 E.58519
G1 X77.315 Y47.983 E.12653
G1 X31.838 Y47.983 E1.22719
G1 X31.383 Y48.379 F9000
;TYPE:External perimeter
;WIDTH:0.419999
G1 F1800
G1 X31.383 Y45.299 E.07902
G1 X48.064 Y45.299 E.42794
G1 X48.218 Y45.222 E.00442
G1 X48.256 Y45.106 E.00313
G1 X48.256 Y29.072 E.41134
G1 X48.179 Y28.917 E.00444
G1 X48.064 Y28.879 E.00311
G1 X31.383 Y28.879 E.42794
G1 X31.383 Y26.799 E.05336
G1 X77.71 Y26.799 E1.18849
G1 X77.71 Y31.479 E.12006
G1 X55.629 Y31.479 E.56647
G1 X55.488 Y31.541 E.00395
G1 X55.436 Y31.672 E.00362
G1 X55.436 Y42.706 E.28307
G1 X55.484 Y42.833 E.00348
G1 X55.629 Y42.899 E.00409
G1 X77.71 Y42.899 E.56647
G1 X77.71 Y48.379 E.14059
G1 X31.443 Y48.379 E1.18695
G1 X32.496 Y47.265 F9000
;TYPE:Solid infill
;WIDTH:0.439999
G1 F3600
G1 X32.496 Y46.412 E.02302
G1 X48.215 Y46.412 E.42417
G1 X48.646 Y46.271 E.01224
G1 X49.078 Y45.92 E.01502
G1 X49.304 Y45.504 E.01278
G1 X49.37 Y45.099 E.01107
G1 X49.37 Y44.465 E.01711
G1 X52.17 Y47.265 E.10685
G1 X32.699 Y47.265 E.52542
G1 X32.923 Y46.839 E.01299
;WIDTH:0.481302
G1 X48.06 Y46.839 E.45006
;WIDTH:0.507618
G1 X48.564 Y46.835 E.01587
;WIDTH:0.488885
G1 X49.093 Y46.859 E.01601
;WIDTH:0.439999
G1 X51.19 Y46.859 E.05659
G1 X49.738 Y45.407 E.05541
G1 X49.667 Y45.685 E.00774
G1 X49.472 Y46.072 E.01169
G1 X48.976 Y46.542 E.01844
;WIDTH:0.465075
G1 X48.716 Y46.667 E.00827
;WIDTH:0.49015
G1 X48.457 Y46.792 E.00872
;WIDTH:0.507618
G1 X48.362 Y46.826 E.00318
G1 X49.585 Y46.496 F9000
;WIDTH:0.355642
G1 F3600
G1 X49.786 Y46.254 E.00672
G1 X49.883 Y46.066 E.00452
G1 X50.313 Y46.496 E.013
G1 X49.788 Y46.496 E.01122
G1 E-3.5
;WIPE_START
G1 F7200
G1 X50.313 Y46.496 E-.24937
G1 X49.883 Y46.066 E-.28885
G1 X49.786 Y46.254 E-.10049
G1 X49.585 Y46.496 E-.14943
;WIPE_END
G1 E-.71186 F3600
G1 X49.37 Y43.892 F9000
G1 E5 F2400
;WIDTH:0.439999
G1 F3600
G1 X52.744 Y47.265 E.12874
G1 X53.317 Y47.265 E.01546
G1 X49.37 Y43.318 E.15063
G1 X49.37 Y42.744 E.01549
G1 X53.891 Y47.265 E.17253
G1 X54.465 Y47.265 E.01549
G1 X49.37 Y42.171 E.19442
G1 X49.37 Y41.597 E.01549
G1 X55.038 Y47.265 E.2163
G1 X55.612 Y47.265 E.01549
G1 X49.37 Y41.023 E.23821
G1 X49.37 Y40.449 E.01549
G1 X56.186 Y47.265 E.26011
G1 X56.759 Y47.265 E.01546
G1 X49.37 Y39.876 E.28198
G1 X49.37 Y39.302 E.01549
G1 X57.333 Y47.265 E.30389
G1 X58.183 Y47.343 F9000
;WIDTH:0.374336
G1 F3600
G1 X58.164 Y47.414 E.00166
G1 X58.235 Y47.395 E.00166
G1 X58.224 Y47.354 E.00096
;WIDTH:0.407168
G1 X58.065 Y47.309 E.0041
;WIDTH:0.439999
G1 X57.907 Y47.265 E.00443
G1 X49.37 Y38.728 E.32579
G1 X49.37 Y38.155 E.01546
G1 X54.436 Y43.221 E.19333
G1 X54.548 Y43.364 E.0049
;WIDTH:0.407168
G1 X54.659 Y43.508 E.00451
;WIDTH:0.374336
G1 X54.818 Y43.662 E.00501
;WIDTH:0.439999
G1 X55.105 Y43.89 E.00989
G1 X58.48 Y47.265 E.1288
G1 X59.054 Y47.265 E.01549
G1 X55.802 Y44.012 E.12412
G1 X56.375 Y44.012 E.01546
G1 X59.628 Y47.265 E.12414
G1 X60.202 Y47.265 E.01549
G1 X56.949 Y44.012 E.12414
G1 X57.523 Y44.012 E.01549
G1 X60.775 Y47.265 E.12412
G1 X61.349 Y47.265 E.01549
G1 X58.096 Y44.012 E.12414
G1 X58.67 Y44.012 E.01549
G1 X61.923 Y47.265 E.12414
G1 X62.496 Y47.265 E.01546
G1 X59.244 Y44.012 E.12412
G1 X59.817 Y44.012 E.01546
G1 X63.07 Y47.265 E.12414
G1 X63.644 Y47.265 E.01549
G1 X60.391 Y44.012 E.12414
G1 X60.965 Y44.012 E.01549
G1 X64.217 Y47.265 E.12412
G1 X64.791 Y47.265 E.01549
G1 X61.538 Y44.012 E.12414
G1 X62.112 Y44.012 E.01549
G1 X65.365 Y47.265 E.12414
G1 X65.938 Y47.265 E.01546
G1 X62.686 Y44.012 E.12412
G1 X63.26 Y44.012 E.01549
G1 X66.512 Y47.265 E.12412
G1 X67.086 Y47.265 E.01549
G1 X63.833 Y44.012 E.12414
G1 X64.407 Y44.012 E.01549
G1 X67.66 Y47.265 E.12414
G1 X68.233 Y47.265 E.01546
G1 X64.981 Y44.012 E.12412
G1 X65.554 Y44.012 E.01546
G1 X68.807 Y47.265 E.12414
G1 X69.672 Y47.316 F9000
;WIDTH:0.374336
G1 F3600
G1 X69.653 Y47.387 E.00166
G1 X69.724 Y47.368 E.00166
G1 X69.713 Y47.327 E.00096
;WIDTH:0.407168
G1 X69.547 Y47.296 E.00419
;WIDTH:0.439999
G1 X69.381 Y47.265 E.00456
G1 X66.128 Y44.012 E.12414
G1 X66.702 Y44.012 E.01549
G1 X69.591 Y46.902 E.11027
G1 X69.591 Y46.328 E.01549
G1 X67.275 Y44.012 E.08838
G1 X67.849 Y44.012 E.01549
G1 X69.591 Y45.754 E.06648
G1 X69.672 Y45.812 E.00269
;WIDTH:0.407168
G1 X69.753 Y45.869 E.00246
;WIDTH:0.374336
G1 X69.734 Y45.94 E.00166
G1 X69.805 Y45.921 E.00166
G1 X69.794 Y45.88 E.00096
G1 E-3.5
;WIPE_START
G1 F7200
G1 X69.805 Y45.921 E-.02016
G1 X69.734 Y45.94 E-.03491
G1 X69.753 Y45.869 E-.03491
G1 X69.672 Y45.812 E-.04705
G1 X69.591 Y45.754 E-.04732
G1 X67.849 Y44.012 E-1.17019
G1 X67.543 Y44.012 E-.14546
;WIPE_END
G1 X68.566 Y44.156 F9000
G1 E5 F2400
;WIDTH:0.439999
G1 F3600
G1 X69.591 Y45.181 E.03912
G1 X69.591 Y44.895 E.00772
;WIDTH:0.455347
G1 X69.745 Y44.646 E.0082
;WIDTH:0.49114
G1 X69.819 Y44.597 E.0027
;WIDTH:0.526932
G1 X69.894 Y44.548 E.00294
G1 X72.913 Y44.548 E.09893
G1 X72.551 Y44.187 E.01675
G1 X72.534 Y44.056 E.00433
G1 X69.894 Y44.056 E.08651
G1 X69.65 Y44.034 E.00803
;WIDTH:0.483466
G1 X69.406 Y44.012 E.00732
;WIDTH:0.439999
G1 X68.423 Y44.012 E.02653
G1 X69.393 Y44.37 F9000
;WIDTH:0.443158
G1 F3600
G1 X69.357 Y44.406 E.00138
G1 X69.37 Y44.456 E.0014
G1 X69.419 Y44.469 E.00138
G1 X69.455 Y44.433 E.00138
G1 X69.442 Y44.384 E.00138
G1 E-3.5
;WIPE_START
G1 F7200
G1 X69.455 Y44.433 E-.02408
G1 X69.419 Y44.469 E-.02418
G1 X69.37 Y44.456 E-.02408
G1 X69.357 Y44.406 E-.02454
G1 X69.393 Y44.37 E-.02418
;WIPE_END
G1 E-1.37894 F3600
G1 X73.374 Y47.211 F9000
G1 E5 F2400
;WIDTH:0.447392
G1 F3600
G1 X73.338 Y47.248 E.00142
G1 X73.351 Y47.298 E.00142
G1 X73.401 Y47.311 E.00142
G1 X73.437 Y47.275 E.0014
G1 X73.424 Y47.225 E.00142
;WIDTH:0.439999
G1 X73.384 Y46.679 E.01477
G1 X73.97 Y47.265 E.02236
G1 X74.544 Y47.265 E.01549
G1 X73.384 Y46.105 E.04427
G1 X73.384 Y45.531 E.01549
G1 X75.118 Y47.265 E.06617
G1 X75.691 Y47.265 E.01546
G1 X73.384 Y44.958 E.08804
G1 X73.012 Y44.012 F9000
G1 F3600
G1 X76.265 Y47.265 E.12414
G1 X76.711 Y47.319 E.01212
;WIDTH:0.374336
G1 X76.722 Y47.36 E.00096
G1 X76.651 Y47.379 E.00166
G1 X76.67 Y47.308 E.00166
;WIDTH:0.407168
G1 X76.633 Y47.165 E.00366
;WIDTH:0.439999
G1 X76.597 Y47.023 E.00395
G1 X73.586 Y44.012 E.11491
G1 X76.597 Y44.012 E.08125
G1 X76.597 Y46.449 E.06576
G1 X74.303 Y44.156 E.08753
G1 X75.266 Y44.471 F9000
;WIDTH:0.545262
G1 F3600
G1 X76.138 Y44.471 E.02964
G1 X76.138 Y45.343 E.02964
G1 X75.41 Y44.614 E.03502
G1 E-3.5
;WIPE_START
G1 F7200
G1 X76.138 Y45.343 E-.48937
G1 X76.138 Y44.471 E-.4142
G1 X75.266 Y44.471 E-.4142
;WIPE_END
G1 E-.18223 F3600
G1 X54.323 Y42.534 F9000
G1 E5 F2400
;WIDTH:0.439999
G1 F3600
G1 X49.37 Y37.581 E.18902
G1 X49.37 Y37.007 E.01549
G1 X54.323 Y41.96 E.18902
G1 X54.323 Y41.386 E.01549
G1 X49.37 Y36.434 E.189
G1 X49.37 Y35.86 E.01549
G1 X54.323 Y40.813 E.18902
G1 X54.323 Y40.239 E.01549
G1 X49.37 Y35.286 E.18902
G1 X49.37 Y34.713 E.01546
G1 X54.323 Y39.665 E.189
G1 X54.323 Y39.091 E.01549
G1 X49.37 Y34.139 E.189
G1 X49.37 Y33.565 E.01549
G1 X54.323 Y38.518 E.18902
G1 X54.323 Y37.944 E.01549
G1 X49.37 Y32.991 E.18902
G1 X49.37 Y32.418 E.01546
G1 X54.323 Y37.37 E.189
G1 X54.323 Y36.797 E.01546
G1 X49.37 Y31.844 E.18902
G1 X49.37 Y31.27 E.01549
G1 X54.323 Y36.223 E.18902
G1 X54.323 Y35.649 E.01549
G1 X49.37 Y30.697 E.189
G1 X49.37 Y30.123 E.01549
G1 X54.323 Y35.076 E.18902
G1 X54.323 Y34.502 E.01549
G1 X49.37 Y29.549 E.18902
G1 X48.552 Y27.82 F9000
;WIDTH:0.374336
G1 F3600
G1 X48.526 Y27.981 E.00369
G1 X48.766 Y28.159 E.00676
G1 X49.195 Y28.667 E.01504
;WIDTH:0.407168
G1 X49.272 Y28.811 E.00405
;WIDTH:0.439999
G1 X49.349 Y28.954 E.00438
G1 X54.323 Y33.928 E.18982
G1 X54.323 Y33.355 E.01546
G1 X48.881 Y27.913 E.20768
G1 X49.454 Y27.912 E.01546
G1 X54.323 Y32.781 E.18581
G1 X54.323 Y32.207 E.01549
G1 X50.028 Y27.912 E.16391
G1 X50.602 Y27.912 E.01549
G1 X54.327 Y31.637 E.14215
G1 X54.43 Y31.167 E.01298
G1 X51.175 Y27.912 E.12422
G1 X51.749 Y27.912 E.01549
G1 X54.649 Y30.812 E.11067
G1 X54.963 Y30.552 E.011
G1 X52.323 Y27.912 E.10075
G1 X52.897 Y27.912 E.01549
G1 X55.384 Y30.4 E.09493
G1 E-3.5
;WIPE_START
G1 F7200
G1 X53.151 Y28.167 E-1.5
;WIPE_END
G1 X53.614 Y28.056 F9000
G1 E5 F2400
G1 F3600
G1 X55.814 Y30.256 E.08396
G1 X55.814 Y30.365 E.00294
G1 X76.597 Y30.365 E.56083
G1 X76.597 Y27.912 E.06619
G1 X53.47 Y27.912 E.62408
G1 X54.45 Y28.318 F9000
G1 F3600
G1 X76.191 Y28.318 E.58668
G1 X76.191 Y29.959 E.04428
G1 X56.091 Y29.959 E.54239
G1 X54.593 Y28.462 E.05715
G1 X55.429 Y28.724 F9000
G1 F3600
G1 X75.785 Y28.724 E.5493
G1 X75.785 Y29.554 E.0224
G1 X56.259 Y29.554 E.52691
G1 X55.572 Y28.867 E.02622
G1 X56.431 Y29.139 F9000
;WIDTH:0.45865
G1 F3600
G1 X75.37 Y29.139 E.53456
G1 E-3.5
;WIPE_START
G1 F7200
G1 X72.212 Y29.139 E-1.5
;WIPE_END
G1 X69.997 Y45.39 F9000
G1 E5 F2400
;TYPE:Internal infill
;WIDTH:0.44
G1 F3600
G1 X71.872 Y47.265 E.07155
;LAYER_CHANGE
;Z:9.64
;HEIGHT:0.160001
;BEFORE_LAYER_CHANGE
G92 E0
;9.64


G1 E-3.5 F3600
;WIPE_START
G1 F7200
G1 X69.997 Y45.39 E-1.25953
;WIPE_END
G1 E-.24047 F3600
G1 Z9.64 F9000
;AFTER_LAYER_CHANGE
;9.64
G1 X76.582 Y47.577
G1 E5 F2400
;TYPE:Perimeter
;WIDTH:0.439999
G1 F3600
G1 X32.511 Y47.577 E1.18925
G1 X32.511 Y46.1 E.03986
G1 X48.192 Y46.1 E.42315
G1 X48.531 Y45.983 E.00968
G1 X48.859 Y45.702 E.01165
G1 X49.018 Y45.384 E.00959
G1 X49.058 Y45.106 E.00758
G1 X49.058 Y29.072 E.43267
G1 X48.981 Y28.689 E.01054
G1 X48.66 Y28.276 E.01412
;WIDTH:0.475842
G1 X48.064 Y28.059 E.01863
G1 X32.529 Y28.059 E.45625
G1 X32.529 Y27.618 E.01295
G1 X48.064 Y27.618 E.45625
G1 X48.885 Y27.6 E.02412
;WIDTH:0.439999
G1 X76.582 Y27.6 E.7474
G1 X76.582 Y30.677 E.08303
G1 X55.496 Y30.677 E.569
G1 X55.095 Y30.833 E.01161
G1 X54.9 Y30.996 E.00686
G1 X54.683 Y31.367 E.0116
G1 X54.635 Y31.672 E.00833
G1 X54.635 Y42.834 E.3012
G1 X54.748 Y43.166 E.00946
G1 X54.88 Y43.36 E.00633
G1 X55.077 Y43.533 E.00707
G1 X55.335 Y43.655 E.0077
G1 X55.629 Y43.7 E.00803
G1 X76.582 Y43.7 E.56541
G1 X76.582 Y47.517 E.103
G1 X76.988 Y47.983 F9000
G1 F3600
G1 X32.105 Y47.983 E1.21116
G1 X32.105 Y45.694 E.06177
G1 X48.064 Y45.694 E.43065
G1 X48.341 Y45.625 E.0077
G1 X48.534 Y45.459 E.00687
G1 X48.629 Y45.271 E.00568
G1 X48.652 Y45.106 E.0045
G1 X48.652 Y29.072 E.43267
G1 X48.607 Y28.845 E.00624
G1 X48.417 Y28.601 E.00835
G1 X48.064 Y28.483 E.01004
G1 X32.105 Y28.483 E.43065
G1 X32.105 Y27.194 E.03478
G1 X76.988 Y27.194 E1.21116
G1 X76.988 Y31.083 E.10494
G1 X55.55 Y31.083 E.5785
G1 X55.313 Y31.175 E.00686
G1 X55.117 Y31.381 E.00767
G1 X55.041 Y31.672 E.00812
G1 X55.041 Y42.789 E.29999
G1 X55.186 Y43.093 E.00909
G1 X55.455 Y43.268 E.00866
G1 X55.629 Y43.294 E.00475
G1 X76.988 Y43.294 E.57637
G1 X76.988 Y47.923 E.12491
G1 X77.384 Y48.379 F9000
;TYPE:External perimeter
;WIDTH:0.419999
G1 F1800
G1 X31.709 Y48.379 E1.17177
G1 X31.709 Y45.299 E.07902
G1 X48.064 Y45.299 E.41958
G1 X48.218 Y45.222 E.00442
G1 X48.256 Y45.106 E.00313
G1 X48.256 Y29.072 E.41134
G1 X48.179 Y28.917 E.00444
G1 X48.064 Y28.879 E.00311
G1 X31.709 Y28.879 E.41958
G1 X31.709 Y26.799 E.05336
G1 X77.384 Y26.799 E1.17177
G1 X77.384 Y31.479 E.12006
G1 X55.629 Y31.479 E.55811
G1 X55.488 Y31.541 E.00395
G1 X55.436 Y31.672 E.00362
G1 X55.436 Y42.706 E.28307
G1 X55.484 Y42.833 E.00348
G1 X55.629 Y42.899 E.00409
G1 X77.384 Y42.899 E.55811
G1 X77.384 Y48.319 E.13905
G1 E-3.5 F3600
;WIPE_START
G1 F7200
G1 X77.384 Y48.379 E-.0285
G1 X74.286 Y48.379 E-1.4715
;WIPE_END
G1 X71.872 Y47.265 F9000
G1 E5 F2400
;TYPE:Internal infill
;WIDTH:0.44
G1 F3600
G1 X70.08 Y45.473 E.06839
G1 E-3.5
;WIPE_START
G1 F7200
G1 X71.872 Y47.265 E-1.20378
;WIPE_END
G1 E-.29622 F3600
G1 X49.433 Y27.912 F9000
G1 E5 F2400
;TYPE:Solid infill
;WIDTH:0.439999
G1 F3600
G1 X49.056 Y28.289 E.01439
;WIDTH:0.472485
G1 X48.933 Y28.144 E.00554
;WIDTH:0.50497
G1 X48.81 Y27.998 E.00598
G1 X48.753 Y28.014 E.00185
G1 X48.712 Y27.972 E.00184
G1 X48.727 Y27.915 E.00185
G1 X48.784 Y27.9 E.00185
G1 X48.825 Y27.942 E.00184
G1 X49.285 Y28.634 F9000
;WIDTH:0.439999
G1 F3600
G1 X50.006 Y27.912 E.02753
G1 X50.58 Y27.912 E.01549
G1 X49.304 Y29.19 E.04873
;WIDTH:0.407168
G1 X49.238 Y29.258 E.00235
;WIDTH:0.374336
G1 X49.167 Y29.239 E.00166
G1 X49.186 Y29.31 E.00166
G1 X49.227 Y29.299 E.00096
;WIDTH:0.439999
G1 X49.37 Y29.696 E.01139
G1 X51.154 Y27.912 E.06808
G1 X51.728 Y27.912 E.01549
G1 X49.37 Y30.27 E.08999
G1 X49.37 Y30.844 E.01549
G1 X52.301 Y27.912 E.11187
G1 X52.875 Y27.912 E.01549
G1 X49.37 Y31.417 E.13376
G1 X49.37 Y31.991 E.01549
G1 X53.449 Y27.912 E.15566
G1 X54.022 Y27.912 E.01546
G1 X49.37 Y32.565 E.17755
G1 X49.37 Y33.138 E.01546
G1 X54.596 Y27.912 E.19944
G1 X55.17 Y27.912 E.01549
G1 X49.37 Y33.712 E.22134
G1 X49.37 Y34.286 E.01549
G1 X55.743 Y27.912 E.24323
G1 X56.317 Y27.912 E.01549
G1 X49.37 Y34.859 E.26511
G1 X49.37 Y35.433 E.01549
G1 X56.891 Y27.912 E.28702
G1 X57.464 Y27.912 E.01546
G1 X49.37 Y36.007 E.3089
G1 X49.331 Y36.145 E.00387
;WIDTH:0.407168
G1 X49.292 Y36.283 E.00356
;WIDTH:0.374336
G1 X49.221 Y36.264 E.00166
G1 X49.24 Y36.335 E.00166
G1 X49.281 Y36.324 E.00096
;WIDTH:0.439999
G1 X49.37 Y36.58 E.00731
G1 X54.329 Y31.621 E.18925
G1 X54.417 Y31.493 E.00419
;WIDTH:0.407168
G1 X54.505 Y31.364 E.00387
;WIDTH:0.374336
G1 X54.464 Y31.375 E.00096
G1 X54.445 Y31.304 E.00166
G1 X54.516 Y31.323 E.00166
G1 X54.323 Y32.202 F9000
;WIDTH:0.439999
G1 F3600
G1 X49.37 Y37.154 E.189
G1 X49.37 Y37.728 E.01549
G1 X54.323 Y32.775 E.18902
G1 X54.323 Y33.349 E.01549
G1 X49.37 Y38.302 E.18902
G1 X49.37 Y38.875 E.01546
G1 X54.323 Y33.923 E.189
G1 X54.323 Y34.496 E.01546
G1 X49.37 Y39.449 E.18902
G1 X49.37 Y40.023 E.01549
G1 X54.323 Y35.07 E.18902
G1 X54.323 Y35.644 E.01549
G1 X49.37 Y40.596 E.189
G1 X49.37 Y41.17 E.01549
G1 X54.323 Y36.217 E.18902
G1 X54.323 Y36.791 E.01549
G1 X49.37 Y41.744 E.18902
G1 X49.37 Y42.317 E.01546
G1 X54.323 Y37.365 E.189
G1 X54.323 Y37.938 E.01546
G1 X49.37 Y42.891 E.18902
G1 X49.37 Y43.465 E.01549
G1 X54.323 Y38.512 E.18902
G1 X54.323 Y39.086 E.01549
G1 X49.37 Y44.038 E.189
G1 X49.37 Y44.612 E.01549
G1 X54.323 Y39.66 E.189
G1 X54.323 Y40.233 E.01546
G1 X49.358 Y45.198 E.18948
G1 E-3.5
;WIPE_START
G1 F7200
G1 X51.591 Y42.965 E-1.5
;WIPE_END
G1 X47.57 Y46.412 F9000
G1 E5 F2400
G1 F3600
G1 X46.861 Y47.122 E.02708
G1 X46.858 Y47.265 E.00386
G1 X32.823 Y47.265 E.37873
G1 X32.823 Y46.412 E.02302
G1 X47.367 Y46.412 E.39247
G1 X47.608 Y47.414 F9000
;WIDTH:0.374336
G1 F3600
G1 X47.567 Y47.425 E.00096
G1 X47.548 Y47.354 E.00166
G1 X47.619 Y47.373 E.00166
;WIDTH:0.407168
G1 X47.455 Y47.319 E.00428
;WIDTH:0.439999
G1 X47.291 Y47.265 E.00466
G1 X48.151 Y46.405 E.03282
G1 X48.294 Y46.326 E.00441
;WIDTH:0.407168
G1 X48.438 Y46.247 E.00407
;WIDTH:0.374336
G1 X48.622 Y46.129 E.00494
G1 X47.865 Y47.265 F9000
;WIDTH:0.439999
G1 F3600
G1 X54.323 Y40.807 E.24645
G1 X54.323 Y41.381 E.01549
G1 X48.438 Y47.265 E.22457
G1 X49.012 Y47.265 E.01549
G1 X54.323 Y41.954 E.20268
G1 X54.323 Y42.528 E.01549
G1 X49.586 Y47.265 E.18077
G1 X50.159 Y47.265 E.01546
G1 X54.372 Y43.052 E.16078
G1 X54.558 Y43.44 E.01161
G1 X50.733 Y47.265 E.14597
G1 X51.307 Y47.265 E.01549
G1 X54.837 Y43.735 E.13471
G1 X55.207 Y43.938 E.01139
G1 X51.881 Y47.265 E.12695
G1 X52.454 Y47.265 E.01546
G1 X55.707 Y44.012 E.12414
G1 X56.281 Y44.012 E.01549
G1 X53.028 Y47.265 E.12414
G1 X53.602 Y47.265 E.01549
G1 X56.854 Y44.012 E.12412
G1 X57.428 Y44.012 E.01549
G1 X54.175 Y47.265 E.12414
G1 X54.749 Y47.265 E.01549
G1 X58.002 Y44.012 E.12414
G1 X58.575 Y44.012 E.01546
G1 X55.323 Y47.265 E.12412
G1 X55.896 Y47.265 E.01546
G1 X59.149 Y44.012 E.12414
G1 X59.723 Y44.012 E.01549
G1 X56.47 Y47.265 E.12414
G1 X57.044 Y47.265 E.01549
G1 X60.296 Y44.012 E.12412
G1 X60.87 Y44.012 E.01549
G1 X57.617 Y47.265 E.12414
G1 X58.191 Y47.265 E.01549
G1 X61.444 Y44.012 E.12414
G1 X62.017 Y44.012 E.01546
G1 X58.765 Y47.265 E.12412
G1 X59.339 Y47.265 E.01549
G1 X62.591 Y44.012 E.12412
G1 X63.165 Y44.012 E.01549
G1 X59.912 Y47.265 E.12414
G1 X60.486 Y47.265 E.01549
G1 X63.739 Y44.012 E.12414
G1 X64.312 Y44.012 E.01546
G1 X61.06 Y47.265 E.12412
G1 X61.633 Y47.265 E.01546
G1 X64.886 Y44.012 E.12414
G1 X65.46 Y44.012 E.01549
G1 X62.207 Y47.265 E.12414
G1 X62.781 Y47.265 E.01549
G1 X66.033 Y44.012 E.12412
G1 X66.607 Y44.012 E.01549
G1 X63.354 Y47.265 E.12414
G1 X63.928 Y47.265 E.01549
G1 X67.181 Y44.012 E.12414
G1 X67.754 Y44.012 E.01546
G1 X64.502 Y47.265 E.12412
G1 X65.075 Y47.265 E.01546
G1 X68.328 Y44.012 E.12414
G1 X68.902 Y44.012 E.01549
G1 X65.649 Y47.265 E.12414
G1 X66.223 Y47.265 E.01549
G1 X69.475 Y44.012 E.12412
G1 X70.049 Y44.012 E.01549
G1 X66.797 Y47.265 E.12412
G1 X67.37 Y47.265 E.01546
G1 X69.675 Y44.961 E.08794
G1 X69.675 Y45.534 E.01546
G1 X67.944 Y47.265 E.06606
G1 X69.463 Y46.416 F9000
;WIDTH:0.576002
G1 F3600
G1 X68.682 Y47.197 E.0398
G1 X69.606 Y47.197 E.03329
G1 X69.607 Y46.272 E.03333
G1 E-3.5
;WIPE_START
G1 F7200
G1 X69.606 Y47.197 E-.43938
G1 X68.682 Y47.197 E-.4389
G1 X69.463 Y46.416 E-.52464
;WIPE_END
G1 E-.09708 F3600
G1 X70.46 Y44.237 F9000
G1 E5 F2400
;WIDTH:0.526931
G1 F3600
G1 X70.148 Y44.548 E.01444
G1 X72.497 Y44.548 E.07697
G1 X72.472 Y44.414 E.00447
G1 X72.813 Y44.056 E.0162
G1 X70.527 Y44.056 E.07491
G1 E-3.5
;WIPE_START
G1 F7200
G1 X72.813 Y44.056 E-1.08585
G1 X72.472 Y44.414 E-.23485
G1 X72.497 Y44.548 E-.06475
G1 X72.256 Y44.548 E-.11455
;WIPE_END
G1 X72.978 Y44.526 F9000
G1 E5 F2400
;WIDTH:0.439999
G1 F3600
G1 X73.491 Y44.012 E.0196
G1 X73.584 Y43.941 E.00316
;WIDTH:0.407168
G1 X73.677 Y43.869 E.00292
;WIDTH:0.374336
G1 X73.636 Y43.88 E.00096
G1 X73.617 Y43.809 E.00166
G1 X73.688 Y43.828 E.00166
;WIDTH:0.439999
G1 X74.065 Y44.012 E.01132
G1 X73.325 Y44.752 E.02824
G1 X73.384 Y45.267 E.01399
G1 X74.639 Y44.012 E.04789
G1 X75.212 Y44.012 E.01546
G1 X73.384 Y45.841 E.06978
G1 X73.384 Y46.415 E.01549
G1 X75.786 Y44.012 E.09168
G1 X76.441 Y43.871 E.01808
;WIDTH:0.374336
G1 X76.37 Y43.852 E.00166
G1 X76.389 Y43.923 E.00166
G1 X76.43 Y43.912 E.00096
;WIDTH:0.407168
G1 X76.35 Y44.007 E.00308
;WIDTH:0.439999
G1 X73.384 Y46.988 E.11348
G1 E-3.5
;WIPE_START
G1 F7200
G1 X75.611 Y44.75 E-1.5
;WIPE_END
G1 X76.127 Y44.819 F9000
G1 E5 F2400
G1 F3600
G1 X73.681 Y47.265 E.09334
G1 X76.27 Y47.265 E.06986
G1 X76.27 Y44.676 E.06986
G1 X75.789 Y45.836 F9000
;WIDTH:0.589817
G1 F3600
G1 X75.789 Y46.784 E.03503
G1 X74.841 Y46.784 E.03503
G1 X75.646 Y45.98 E.04204
G1 E-3.5
;WIPE_START
G1 F7200
G1 X74.841 Y46.784 E-.54042
G1 X75.789 Y46.784 E-.4503
G1 X75.789 Y45.836 E-.4503
;WIPE_END
G1 E-.05898 F3600
G1 X58.038 Y27.912 F9000
G1 E5 F2400
;WIDTH:0.439999
G1 F3600
G1 X55.579 Y30.371 E.09384
G1 X55.457 Y30.438 E.00376
;WIDTH:0.407168
G1 X55.334 Y30.504 E.00346
;WIDTH:0.374336
G1 X55.263 Y30.485 E.00166
G1 X55.282 Y30.556 E.00166
G1 X55.323 Y30.545 E.00096
G1 X56.159 Y30.365 F9000
;WIDTH:0.439999
G1 F3600
G1 X58.612 Y27.912 E.09361
G1 X59 Y28.098 E.01161
G1 X56.733 Y30.365 E.08651
G1 X76.27 Y30.365 E.5272
G1 X76.27 Y27.912 E.06619
G1 X59.042 Y27.912 E.46489
G1 X59.354 Y28.318 E.01382
G1 X75.864 Y28.318 E.44552
G1 X75.864 Y29.959 E.04428
G1 X57.712 Y29.959 E.48983
G1 X59.21 Y28.462 E.05715
G1 X59.522 Y28.724 E.01099
G1 X75.459 Y28.724 E.43006
G1 X75.459 Y29.554 E.0224
G1 X58.692 Y29.554 E.45245
G1 X59.378 Y28.867 E.0262
G1 X59.694 Y29.139 E.01125
;WIDTH:0.458654
G1 X75.044 Y29.139 E.43327
G1 E-3.5
;WIPE_START
G1 F7200
G1 X71.886 Y29.139 E-1.5
;WIPE_END
G1 X46.541 Y46.839 F9000
G1 E5 F2400
;WIDTH:0.481302
G1 F3600
G1 X33.249 Y46.839 E.3952
;LAYER_CHANGE
;Z:9.8
;HEIGHT:0.16
;BEFORE_LAYER_CHANGE
G92 E0
;9.8


G1 E-3.5 F3600
;WIPE_START
G1 F7200
G1 X36.407 Y46.839 E-1.5
;WIPE_END
G1 Z9.8 F9000
;AFTER_LAYER_CHANGE
;9.8
G1 X32.912 Y47.577
G1 E5 F2400
;TYPE:Perimeter
;WIDTH:0.439999
G1 F3600
G1 X32.912 Y46.1 E.03986
G1 X48.192 Y46.1 E.41233
G1 X48.531 Y45.983 E.00968
G1 X48.859 Y45.702 E.01165
G1 X49.018 Y45.384 E.00959
G1 X49.058 Y45.106 E.00758
G1 X49.058 Y29.072 E.43267
G1 X48.981 Y28.689 E.01054
G1 X48.66 Y28.276 E.01412
;WIDTH:0.475842
G1 X48.064 Y28.059 E.01863
G1 X32.93 Y28.059 E.44447
G1 X32.93 Y27.618 E.01295
G1 X48.064 Y27.618 E.44447
G1 X48.885 Y27.6 E.02412
;WIDTH:0.439999
G1 X76.181 Y27.6 E.73658
G1 X76.181 Y30.677 E.08303
G1 X55.496 Y30.677 E.55818
G1 X55.095 Y30.833 E.01161
G1 X54.9 Y30.996 E.00686
G1 X54.683 Y31.367 E.0116
G1 X54.635 Y31.672 E.00833
G1 X54.635 Y42.834 E.3012
G1 X54.748 Y43.166 E.00946
G1 X54.88 Y43.36 E.00633
G1 X55.077 Y43.533 E.00707
G1 X55.335 Y43.655 E.0077
G1 X55.629 Y43.7 E.00803
G1 X76.181 Y43.7 E.55459
G1 X76.181 Y47.577 E.10462
G1 X32.972 Y47.577 E1.16599
G1 X32.506 Y47.983 F9000
G1 F3600
G1 X32.506 Y45.694 E.06177
G1 X48.064 Y45.694 E.41983
G1 X48.341 Y45.625 E.0077
G1 X48.534 Y45.459 E.00687
G1 X48.629 Y45.271 E.00568
G1 X48.652 Y45.106 E.0045
G1 X48.652 Y29.072 E.43267
G1 X48.607 Y28.845 E.00624
G1 X48.417 Y28.601 E.00835
G1 X48.064 Y28.483 E.01004
G1 X32.506 Y28.483 E.41983
G1 X32.506 Y27.194 E.03478
G1 X76.587 Y27.194 E1.18952
G1 X76.587 Y31.083 E.10494
G1 X55.55 Y31.083 E.56768
G1 X55.313 Y31.175 E.00686
G1 X55.117 Y31.381 E.00767
G1 X55.041 Y31.672 E.00812
G1 X55.041 Y42.789 E.29999
G1 X55.186 Y43.093 E.00909
G1 X55.455 Y43.268 E.00866
G1 X55.629 Y43.294 E.00475
G1 X76.587 Y43.294 E.56555
G1 X76.587 Y47.983 E.12653
G1 X32.566 Y47.983 E1.1879
G1 X32.11 Y48.379 F9000
;TYPE:External perimeter
;WIDTH:0.419999
G1 F1800
G1 X32.11 Y45.299 E.07902
G1 X48.064 Y45.299 E.40929
G1 X48.218 Y45.222 E.00442
G1 X48.256 Y45.106 E.00313
G1 X48.256 Y29.072 E.41134
G1 X48.179 Y28.917 E.00444
G1 X48.064 Y28.879 E.00311
G1 X32.11 Y28.879 E.40929
G1 X32.11 Y26.799 E.05336
G1 X76.982 Y26.799 E1.15116
G1 X76.982 Y31.479 E.12006
G1 X55.629 Y31.479 E.5478
G1 X55.488 Y31.541 E.00395
G1 X55.436 Y31.672 E.00362
G1 X55.436 Y42.706 E.28307
G1 X55.484 Y42.833 E.00348
G1 X55.629 Y42.899 E.00409
G1 X76.982 Y42.899 E.5478
G1 X76.982 Y48.379 E.14059
G1 X32.17 Y48.379 E1.14963
G1 X33.224 Y47.265 F9000
;TYPE:Solid infill
;WIDTH:0.439999
G1 F3600
G1 X33.224 Y46.412 E.02302
G1 X48.221 Y46.412 E.40469
G1 X48.712 Y46.234 E.01409
G1 X49.101 Y45.896 E.01391
G1 X49.323 Y45.442 E.01364
G1 X49.37 Y44.885 E.01508
G1 X51.75 Y47.265 E.09083
G1 X33.427 Y47.265 E.49444
G1 X33.65 Y46.839 E.01298
;WIDTH:0.481302
G1 X48.06 Y46.839 E.42844
;WIDTH:0.507618
G1 X48.564 Y46.835 E.01587
;WIDTH:0.488885
G1 X49.093 Y46.859 E.01601
;WIDTH:0.439999
G1 X50.771 Y46.859 E.04528
G1 X49.643 Y45.732 E.04303
G1 X49.412 Y46.157 E.01305
G1 X48.976 Y46.542 E.0157
;WIDTH:0.465075
G1 X48.716 Y46.667 E.00827
;WIDTH:0.49015
G1 X48.457 Y46.792 E.00872
;WIDTH:0.507618
G1 X48.362 Y46.826 E.00318
G1 X49.725 Y46.378 F9000
;WIDTH:0.483456
G1 F3600
G1 X49.685 Y46.417 E.00167
G1 X49.699 Y46.472 E.0017
G1 X49.754 Y46.486 E.0017
G1 X49.793 Y46.447 E.00165
G1 X49.779 Y46.392 E.0017
G1 E-3.5
;WIPE_START
G1 F7200
G1 X49.793 Y46.447 E-.02696
G1 X49.754 Y46.486 E-.0262
G1 X49.699 Y46.472 E-.02696
G1 X49.685 Y46.417 E-.02696
G1 X49.725 Y46.378 E-.02654
;WIPE_END
G1 E-1.36638 F3600
G1 X49.37 Y44.311 F9000
G1 E5 F2400
;WIDTH:0.439999
G1 F3600
G1 X52.324 Y47.265 E.11273
G1 X52.898 Y47.265 E.01549
G1 X49.37 Y43.737 E.13464
G1 X49.37 Y43.164 E.01546
G1 X53.471 Y47.265 E.1565
G1 X54.045 Y47.265 E.01549
G1 X49.37 Y42.59 E.17841
G1 X49.37 Y42.016 E.01549
G1 X54.619 Y47.265 E.20031
G1 X55.193 Y47.265 E.01549
G1 X49.37 Y41.443 E.2222
G1 X49.37 Y40.869 E.01549
G1 X55.766 Y47.265 E.24409
G1 X56.34 Y47.265 E.01549
G1 X49.37 Y40.295 E.26599
G1 X49.37 Y39.722 E.01546
G1 X56.914 Y47.265 E.28788
G1 X57.487 Y47.265 E.01546
G1 X49.37 Y39.148 E.30976
G1 X49.37 Y38.574 E.01549
G1 X58.061 Y47.265 E.33167
G1 X58.219 Y47.309 E.00443
;WIDTH:0.407168
G1 X58.378 Y47.354 E.0041
;WIDTH:0.374336
G1 X58.389 Y47.395 E.00096
G1 X58.318 Y47.414 E.00166
G1 X58.337 Y47.343 E.00166
G1 E-3.5
;WIPE_START
G1 F7200
G1 X58.318 Y47.414 E-.03491
G1 X58.389 Y47.395 E-.03491
G1 X58.378 Y47.354 E-.02016
G1 X58.219 Y47.309 E-.07849
G1 X58.061 Y47.265 E-.07791
G1 X56.195 Y45.399 E-1.25362
;WIPE_END
G1 X55.053 Y43.785 F9000
G1 E5 F2400
G1 F3600
G1 X54.944 Y43.706 E.00304
G1 X54.537 Y43.274 E.01342
;WIDTH:0.407168
G1 X54.447 Y43.13 E.00421
;WIDTH:0.439999
G1 X54.356 Y42.987 E.00457
G1 X49.37 Y38 E.1903
G1 X49.37 Y37.427 E.01546
G1 X54.323 Y42.379 E.189
G1 X54.323 Y41.806 E.01546
G1 X49.37 Y36.853 E.18902
G1 X49.37 Y36.279 E.01549
G1 X54.323 Y41.232 E.18902
G1 X54.323 Y40.658 E.01549
G1 X49.37 Y35.706 E.189
G1 X49.37 Y35.132 E.01549
G1 X54.323 Y40.085 E.18902
G1 X54.323 Y39.511 E.01549
G1 X49.37 Y34.558 E.18902
G1 X49.37 Y33.985 E.01546
G1 X54.323 Y38.937 E.189
G1 X54.323 Y38.364 E.01546
G1 X49.37 Y33.411 E.18902
G1 X49.37 Y32.837 E.01549
G1 X54.323 Y37.79 E.18902
G1 X54.323 Y37.216 E.01549
G1 X49.37 Y32.264 E.189
G1 X49.37 Y31.69 E.01549
G1 X54.323 Y36.642 E.189
G1 X54.323 Y36.069 E.01546
G1 X49.37 Y31.116 E.18902
G1 X49.37 Y30.542 E.01549
G1 X54.323 Y35.495 E.18902
G1 X54.323 Y34.921 E.01549
G1 X49.37 Y29.969 E.189
G1 X49.37 Y29.395 E.01549
G1 X54.323 Y34.348 E.18902
G1 X54.323 Y33.774 E.01549
G1 X49.31 Y28.762 E.19129
G1 X49.214 Y28.618 E.00467
;WIDTH:0.407168
G1 X49.117 Y28.475 E.00429
;WIDTH:0.374336
G1 X48.764 Y28.087 E.01186
G1 X48.596 Y27.969 E.00464
G1 X48.601 Y27.874 E.00215
;WIDTH:0.439999
G1 X49.035 Y27.912 E.01176
G1 X54.323 Y33.2 E.2018
G1 X54.323 Y32.627 E.01546
G1 X49.609 Y27.912 E.17992
G1 X50.182 Y27.912 E.01546
G1 X54.323 Y32.053 E.15803
G1 X54.348 Y31.504 E.01483
G1 X50.756 Y27.912 E.13708
G1 X51.33 Y27.912 E.01549
G1 X54.478 Y31.06 E.12013
G1 X54.727 Y30.736 E.01103
G1 X51.903 Y27.912 E.10777
G1 X52.477 Y27.912 E.01549
G1 X55.069 Y30.504 E.09892
G1 E-3.5
;WIPE_START
G1 F7200
G1 X52.836 Y28.271 E-1.5
;WIPE_END
G1 X53.194 Y28.056 F9000
G1 E5 F2400
G1 F3600
G1 X55.499 Y30.361 E.08796
G1 X75.869 Y30.365 E.54968
G1 X75.869 Y27.912 E.06619
G1 X53.051 Y27.912 E.61574
G1 X54.03 Y28.318 F9000
G1 F3600
G1 X75.463 Y28.318 E.57837
G1 X75.463 Y29.959 E.04428
G1 X55.671 Y29.959 E.53408
G1 X54.174 Y28.462 E.05713
G1 X55.009 Y28.724 F9000
G1 F3600
G1 X75.057 Y28.724 E.54099
G1 X75.057 Y29.554 E.0224
G1 X55.839 Y29.554 E.51859
G1 X55.153 Y28.867 E.0262
G1 X56.011 Y29.139 F9000
;WIDTH:0.45865
G1 F3600
G1 X74.642 Y29.139 E.52587
G1 E-3.5
;WIPE_START
G1 F7200
G1 X71.484 Y29.139 E-1.5
;WIPE_END
G1 X73.416 Y47.155 F9000
G1 E5 F2400
;WIDTH:0.53774
G1 F3600
G1 X73.372 Y47.2 E.00211
G1 X73.388 Y47.261 E.00211
G1 X73.449 Y47.277 E.00211
G1 X73.494 Y47.232 E.00213
G1 X73.477 Y47.172 E.00209
;WIDTH:0.439999
G1 X74.124 Y47.265 E.01764
G1 X73.384 Y46.524 E.02826
G1 X73.312 Y46.432 E.00315
;WIDTH:0.407168
G1 X73.241 Y46.339 E.0029
;WIDTH:0.374336
G1 X73.252 Y46.38 E.00096
G1 X73.181 Y46.399 E.00166
G1 X73.2 Y46.328 E.00166
;WIDTH:0.439999
G1 X73.384 Y45.951 E.01132
G1 X74.698 Y47.265 E.05015
G1 X75.272 Y47.265 E.01549
G1 X73.384 Y45.377 E.07205
G1 E-3.5
;WIPE_START
G1 F7200
G1 X75.272 Y47.265 E-1.26827
G1 X74.784 Y47.265 E-.23173
;WIPE_END
G1 X58.635 Y47.265 F9000
G1 E5 F2400
G1 F3600
G1 X55.339 Y43.97 E.12576
G1 X55.956 Y44.012 E.01669
G1 X59.208 Y47.265 E.12412
G1 X59.782 Y47.265 E.01549
G1 X56.529 Y44.012 E.12414
G1 X57.103 Y44.012 E.01549
G1 X60.356 Y47.265 E.12414
G1 X60.929 Y47.265 E.01546
G1 X57.677 Y44.012 E.12412
G1 X58.251 Y44.012 E.01549
G1 X61.503 Y47.265 E.12412
G1 X62.077 Y47.265 E.01549
G1 X58.824 Y44.012 E.12414
G1 X59.398 Y44.012 E.01549
G1 X62.651 Y47.265 E.12414
G1 X63.224 Y47.265 E.01546
G1 X59.972 Y44.012 E.12412
G1 X60.545 Y44.012 E.01546
G1 X63.798 Y47.265 E.12414
G1 X64.372 Y47.265 E.01549
G1 X61.119 Y44.012 E.12414
G1 X61.693 Y44.012 E.01549
G1 X64.945 Y47.265 E.12412
G1 X65.519 Y47.265 E.01549
G1 X62.266 Y44.012 E.12414
G1 X62.84 Y44.012 E.01549
G1 X66.093 Y47.265 E.12414
G1 X66.666 Y47.265 E.01546
G1 X63.414 Y44.012 E.12412
G1 X63.987 Y44.012 E.01546
G1 X67.24 Y47.265 E.12414
G1 X67.814 Y47.265 E.01549
G1 X64.561 Y44.012 E.12414
G1 X65.135 Y44.012 E.01549
G1 X68.388 Y47.265 E.12414
G1 X68.961 Y47.265 E.01546
G1 X65.709 Y44.012 E.12412
G1 X66.282 Y44.012 E.01546
G1 X69.535 Y47.265 E.12414
G1 X69.693 Y47.298 E.00436
;WIDTH:0.407168
G1 X69.851 Y47.331 E.004
;WIDTH:0.374336
G1 X69.862 Y47.372 E.00096
G1 X69.791 Y47.391 E.00166
G1 X69.81 Y47.32 E.00166
;WIDTH:0.439999
G1 X69.725 Y46.881 E.01207
G1 X66.856 Y44.012 E.10949
G1 X67.43 Y44.012 E.01549
G1 X69.725 Y46.308 E.0876
G1 X69.928 Y45.86 E.01327
;WIDTH:0.374336
G1 X69.939 Y45.901 E.00096
G1 X69.868 Y45.92 E.00166
G1 X69.887 Y45.849 E.00166
;WIDTH:0.407168
G1 X69.806 Y45.791 E.00247
;WIDTH:0.439999
G1 X69.725 Y45.734 E.00267
G1 X68.003 Y44.012 E.06572
G1 E-3.5
;WIPE_START
G1 F7200
G1 X69.725 Y45.734 E-1.15676
G1 X69.806 Y45.791 E-.04705
G1 X69.887 Y45.849 E-.04732
G1 X69.868 Y45.92 E-.03491
G1 X69.939 Y45.901 E-.03491
G1 X69.928 Y45.86 E-.02016
G1 X69.79 Y46.164 E-.15889
;WIPE_END
G1 X72.654 Y44.02 F9000
G1 E5 F2400
;WIDTH:0.488229
G1 F3600
G1 X72.551 Y44.038 E.00316
;WIDTH:0.526932
G1 X72.448 Y44.056 E.00343
G1 X70.027 Y44.056 E.07933
G1 X69.789 Y44.034 E.00783
;WIDTH:0.483466
G1 X69.55 Y44.012 E.00717
;WIDTH:0.439999
G1 X68.577 Y44.012 E.02626
G1 X69.725 Y45.16 E.04381
G1 X69.725 Y44.895 E.00715
;WIDTH:0.455345
G1 X69.879 Y44.646 E.0082
;WIDTH:0.491139
G1 X69.953 Y44.597 E.0027
;WIDTH:0.526932
G1 X70.027 Y44.548 E.00291
G1 X72.51 Y44.548 E.08136
G1 X72.45 Y44.35 E.00678
G1 X72.517 Y44.224 E.00468
G1 X72.629 Y44.144 E.00451
;WIDTH:0.488989
G1 X72.741 Y44.065 E.00415
;WIDTH:0.451046
G1 X72.853 Y43.986 E.0038
;WIDTH:0.439999
G1 X72.978 Y43.96 E.00345
;WIDTH:0.395257
G1 X73.103 Y43.977 E.00303
;WIDTH:0.439999
G1 X75.869 Y44.012 E.07465
G1 X75.869 Y46.715 E.07294
G1 X74.518 Y45.363 E.05158
G1 X73.154 Y44.048 E.05113
G1 X72.978 Y44.398 E.01057
G1 X75.846 Y47.265 E.10943
G1 E-3.5
;WIPE_START
G1 F7200
G1 X73.613 Y45.032 E-1.5
;WIPE_END
G1 X74.289 Y44.562 F9000
G1 E5 F2400
G1 F3600
G1 X75.463 Y45.735 E.04478
G1 X75.463 Y44.418 E.03554
G1 X74.146 Y44.418 E.03554
G1 E-3.5
;WIPE_START
G1 F7200
G1 X75.463 Y44.418 E-.62558
G1 X75.463 Y45.735 E-.62558
G1 X75.093 Y45.365 E-.24884
;WIPE_END
G1 X71.872 Y47.265 F9000
G1 E5 F2400
;TYPE:Internal infill
;WIDTH:0.44
G1 F3600
G1 X70.131 Y45.524 E.06644
;LAYER_CHANGE
;Z:9.96
;HEIGHT:0.16
;BEFORE_LAYER_CHANGE
G92 E0
;9.96


G1 E-3.5 F3600
;WIPE_START
G1 F7200
G1 X71.872 Y47.265 E-1.16952
;WIPE_END
G1 E-.33048 F3600
G1 Z9.96 F9000
;AFTER_LAYER_CHANGE
;9.96
G1 X75.617 Y43.7
G1 E5 F2400
;TYPE:Perimeter
;WIDTH:0.439999
G1 F3600
G1 X75.617 Y47.577 E.10462
G1 X33.476 Y47.577 E1.13717
G1 X33.476 Y46.1 E.03986
G1 X48.192 Y46.1 E.39711
G1 X48.531 Y45.983 E.00968
G1 X48.859 Y45.702 E.01165
G1 X49.018 Y45.384 E.00959
G1 X49.058 Y45.106 E.00758
G1 X49.058 Y29.072 E.43267
G1 X48.981 Y28.689 E.01054
G1 X48.66 Y28.276 E.01412
;WIDTH:0.475842
G1 X48.064 Y28.059 E.01863
G1 X33.494 Y28.059 E.42791
G1 X33.494 Y27.618 E.01295
G1 X48.064 Y27.618 E.42791
G1 X48.885 Y27.6 E.02412
;WIDTH:0.439999
G1 X75.617 Y27.6 E.72136
G1 X75.617 Y30.677 E.08303
G1 X55.496 Y30.677 E.54296
G1 X55.095 Y30.833 E.01161
G1 X54.9 Y30.996 E.00686
G1 X54.683 Y31.367 E.0116
G1 X54.635 Y31.672 E.00833
G1 X54.635 Y42.834 E.3012
G1 X54.748 Y43.166 E.00946
G1 X54.88 Y43.36 E.00633
G1 X55.077 Y43.533 E.00707
G1 X55.335 Y43.655 E.0077
G1 X55.629 Y43.7 E.00803
G1 X75.557 Y43.7 E.53775
G1 X76.023 Y43.294 F9000
G1 F3600
G1 X76.023 Y47.983 E.12653
G1 X33.07 Y47.983 E1.15908
G1 X33.07 Y45.694 E.06177
G1 X48.064 Y45.694 E.40461
G1 X48.341 Y45.625 E.0077
G1 X48.534 Y45.459 E.00687
G1 X48.629 Y45.271 E.00568
G1 X48.652 Y45.106 E.0045
G1 X48.652 Y29.072 E.43267
G1 X48.607 Y28.845 E.00624
G1 X48.417 Y28.601 E.00835
G1 X48.064 Y28.483 E.01004
G1 X33.07 Y28.483 E.40461
G1 X33.07 Y27.194 E.03478
G1 X76.023 Y27.194 E1.15908
G1 X76.023 Y31.083 E.10494
G1 X55.55 Y31.083 E.55246
G1 X55.313 Y31.175 E.00686
G1 X55.117 Y31.381 E.00767
G1 X55.041 Y31.672 E.00812
G1 X55.041 Y42.789 E.29999
G1 X55.186 Y43.093 E.00909
G1 X55.455 Y43.268 E.00866
G1 X55.629 Y43.294 E.00475
G1 X75.963 Y43.294 E.54871
G1 X76.419 Y42.899 F9000
;TYPE:External perimeter
;WIDTH:0.419999
G1 F1800
G1 X76.419 Y48.379 E.14059
G1 X32.674 Y48.379 E1.12225
G1 X32.674 Y45.299 E.07902
G1 X48.064 Y45.299 E.39482
G1 X48.218 Y45.222 E.00442
G1 X48.256 Y45.106 E.00313
G1 X48.256 Y29.072 E.41134
G1 X48.179 Y28.917 E.00444
G1 X48.064 Y28.879 E.00311
G1 X32.674 Y28.879 E.39482
G1 X32.674 Y26.799 E.05336
G1 X76.419 Y26.799 E1.12225
G1 X76.419 Y31.479 E.12006
G1 X55.629 Y31.479 E.53336
G1 X55.488 Y31.541 E.00395
G1 X55.436 Y31.672 E.00362
G1 X55.436 Y42.706 E.28307
G1 X55.484 Y42.833 E.00348
G1 X55.629 Y42.899 E.00409
G1 X76.359 Y42.899 E.53182
G1 E-3.5 F3600
;WIPE_START
G1 F7200
G1 X76.419 Y42.899 E-.0285
G1 X76.419 Y45.997 E-1.4715
;WIPE_END
G1 X75.489 Y46.705 F9000
G1 E5 F2400
;TYPE:Top solid infill
;WIDTH:0.402508
G1 F1800
G1 X74.909 Y47.285 E.02009
G1 X74.389 Y47.285 E.01274
G1 X75.325 Y46.349 E.03242
G1 X75.325 Y45.828 E.01276
G1 X73.868 Y47.285 E.05046
G1 X73.364 Y47.285 E.01234
G1 X75.325 Y45.308 E.0682
G1 X75.325 Y44.787 E.01276
G1 X73.364 Y46.748 E.06792
G1 X73.364 Y46.227 E.01276
G1 X75.325 Y44.266 E.06792
G1 X75.325 Y43.992 E.00671
G1 X75.078 Y43.992 E.00605
G1 X73.364 Y45.707 E.05938
G1 X73.364 Y45.186 E.01276
G1 X74.557 Y43.992 E.04134
G1 X74.037 Y43.992 E.01274
G1 X73.287 Y44.742 E.02598
G1 X73.157 Y44.612 E.0045
G1 X72.897 Y44.612 E.00637
G1 X73.516 Y43.992 E.02146
G1 X72.995 Y43.992 E.01276
G1 X72.416 Y44.572 E.02007
G1 X70.492 Y44.056 F9000
;TYPE:Solid infill
;WIDTH:0.526932
G1 F3600
G1 X72.151 Y44.056 E.05436
G1 X72.151 Y44.548 E.01612
G1 X70.492 Y44.548 E.05436
G1 X70.492 Y44.259 E.00947
G1 X70.153 Y45.546 F9000
;TYPE:Internal infill
;WIDTH:0.44
G1 F3600
G1 X71.872 Y47.265 E.0656
G1 E-3.5
;WIPE_START
G1 F7200
G1 X70.153 Y45.546 E-1.15474
;WIPE_END
G1 E-.34526 F3600
G1 X75.096 Y30.55 F9000
G1 E5 F2400
;TYPE:Top solid infill
;WIDTH:0.40288
G1 F1800
G1 X75.325 Y30.321 E.00794
G1 X75.325 Y29.799 E.0128
G1 X74.739 Y30.385 E.02032
G1 X74.218 Y30.385 E.01277
G1 X75.325 Y29.278 E.03838
G1 X75.325 Y28.757 E.01277
G1 X73.697 Y30.385 E.05644
G1 X73.176 Y30.385 E.01277
G1 X75.325 Y28.236 E.07451
G1 X75.325 Y27.892 E.00843
G1 X75.147 Y27.892 E.00436
G1 X72.654 Y30.385 E.08643
G1 X72.133 Y30.385 E.01277
G1 X74.626 Y27.892 E.08643
G1 X74.105 Y27.892 E.01277
G1 X71.612 Y30.385 E.08643
G1 X71.091 Y30.385 E.01277
G1 X73.584 Y27.892 E.08643
G1 X73.062 Y27.892 E.0128
G1 X70.57 Y30.385 E.08642
G1 X70.048 Y30.385 E.0128
G1 X72.541 Y27.892 E.08643
G1 X72.02 Y27.892 E.01277
G1 X69.527 Y30.385 E.08643
G1 X69.006 Y30.385 E.01277
G1 X71.499 Y27.892 E.08643
G1 X70.978 Y27.892 E.01277
G1 X68.485 Y30.385 E.08643
G1 X67.964 Y30.385 E.01277
G1 X70.456 Y27.892 E.08642
G1 X69.935 Y27.892 E.01277
G1 X67.442 Y30.385 E.08643
G1 X66.921 Y30.385 E.01277
G1 X69.414 Y27.892 E.08643
G1 X68.893 Y27.892 E.01277
G1 X66.4 Y30.385 E.08643
G1 X65.879 Y30.385 E.01277
G1 X68.372 Y27.892 E.08643
G1 X67.85 Y27.892 E.0128
G1 X65.358 Y30.385 E.08642
G1 X64.836 Y30.385 E.0128
G1 X67.329 Y27.892 E.08643
G1 X66.808 Y27.892 E.01277
G1 X64.315 Y30.385 E.08643
G1 X63.794 Y30.385 E.01277
G1 X66.287 Y27.892 E.08643
G1 X65.766 Y27.892 E.01277
G1 X63.273 Y30.385 E.08643
G1 X62.752 Y30.385 E.01277
G1 X65.244 Y27.892 E.08642
G1 X64.723 Y27.892 E.01277
G1 X62.23 Y30.385 E.08643
G1 X61.709 Y30.385 E.01277
G1 X64.202 Y27.892 E.08643
G1 X63.681 Y27.892 E.01277
G1 X61.188 Y30.385 E.08643
G1 X60.667 Y30.385 E.01277
G1 X63.16 Y27.892 E.08643
G1 X62.638 Y27.892 E.0128
G1 X60.146 Y30.385 E.08642
G1 X59.624 Y30.385 E.0128
G1 X62.117 Y27.892 E.08643
G1 X61.596 Y27.892 E.01277
G1 X59.103 Y30.385 E.08643
G1 X58.582 Y30.385 E.01277
G1 X61.075 Y27.892 E.08643
G1 X60.554 Y27.892 E.01277
G1 X58.061 Y30.385 E.08643
G1 X57.54 Y30.385 E.01277
G1 X60.032 Y27.892 E.08642
G1 X59.511 Y27.892 E.01277
G1 X57.018 Y30.385 E.08643
G1 X56.497 Y30.385 E.01277
G1 X58.99 Y27.892 E.08643
G1 X58.469 Y27.892 E.01277
G1 X55.812 Y30.55 E.09214
G1 E-3.5 F3600
;WIPE_START
G1 F7200
G1 X58.044 Y28.317 E-1.5
;WIPE_END
G1 X69.932 Y46.658 F9000
G1 E5 F2400
G1 F1800
G1 X69.306 Y47.285 E.02172
G1 X68.784 Y47.285 E.0128
G1 X69.768 Y46.302 E.0341
G1 X69.768 Y45.781 E.01277
G1 X68.263 Y47.285 E.05216
G1 X67.742 Y47.285 E.01277
G1 X69.768 Y45.259 E.07024
G1 X69.768 Y44.819 E.01079
G1 X69.975 Y44.612 E.00718
G1 X70.063 Y44.612 E.00216
G1 X70.063 Y44.443 E.00414
G1 X67.221 Y47.285 E.09853
G1 X66.7 Y47.285 E.01277
G1 X69.992 Y43.992 E.11415
G1 X69.471 Y43.992 E.01277
G1 X66.178 Y47.285 E.11417
G1 X65.657 Y47.285 E.01277
G1 X68.95 Y43.992 E.11417
G1 X68.429 Y43.992 E.01277
G1 X65.136 Y47.285 E.11417
G1 X64.615 Y47.285 E.01277
G1 X67.908 Y43.992 E.11417
G1 X67.386 Y43.992 E.0128
G1 X64.094 Y47.285 E.11415
G1 X63.572 Y47.285 E.0128
G1 X66.865 Y43.992 E.11417
G1 X66.344 Y43.992 E.01277
G1 X63.051 Y47.285 E.11417
G1 X62.53 Y47.285 E.01277
G1 X65.823 Y43.992 E.11417
G1 X65.302 Y43.992 E.01277
G1 X62.009 Y47.285 E.11417
G1 X61.488 Y47.285 E.01277
G1 X64.78 Y43.992 E.11415
G1 X64.259 Y43.992 E.01277
G1 X60.966 Y47.285 E.11417
G1 X60.445 Y47.285 E.01277
G1 X63.738 Y43.992 E.11417
G1 X63.217 Y43.992 E.01277
G1 X59.924 Y47.285 E.11417
G1 X59.403 Y47.285 E.01277
G1 X62.696 Y43.992 E.11417
G1 X62.174 Y43.992 E.0128
G1 X58.882 Y47.285 E.11415
G1 X58.36 Y47.285 E.0128
G1 X61.653 Y43.992 E.11417
G1 X61.132 Y43.992 E.01277
G1 X57.839 Y47.285 E.11417
G1 X57.318 Y47.285 E.01277
G1 X60.611 Y43.992 E.11417
G1 X60.09 Y43.992 E.01277
G1 X56.797 Y47.285 E.11417
G1 X56.276 Y47.285 E.01277
G1 X59.568 Y43.992 E.11415
G1 X59.047 Y43.992 E.01277
G1 X55.754 Y47.285 E.11417
G1 X55.233 Y47.285 E.01277
G1 X58.526 Y43.992 E.11417
G1 X58.005 Y43.992 E.01277
G1 X54.712 Y47.285 E.11417
G1 X54.191 Y47.285 E.01277
G1 X57.484 Y43.992 E.11417
G1 X56.962 Y43.992 E.0128
G1 X53.67 Y47.285 E.11415
G1 X53.148 Y47.285 E.0128
G1 X56.441 Y43.992 E.11417
G1 X55.92 Y43.992 E.01277
G1 X52.627 Y47.285 E.11417
G1 X52.106 Y47.285 E.01277
G1 X55.428 Y43.963 E.11517
G1 X55.248 Y43.936 E.00446
G1 X55.036 Y43.834 E.00577
G1 X51.585 Y47.285 E.11965
G1 X51.064 Y47.285 E.01277
G1 X54.732 Y43.616 E.12719
G1 X54.66 Y43.553 E.00235
G1 X54.504 Y43.324 E.00679
G1 X50.542 Y47.285 E.13735
G1 X50.021 Y47.285 E.01277
G1 X54.37 Y42.936 E.15078
G1 X54.343 Y42.711 E.00556
G1 X54.343 Y42.442 E.00659
G1 X49.5 Y47.285 E.16791
G1 X48.979 Y47.285 E.01277
G1 X54.343 Y41.921 E.18597
G1 X54.343 Y41.4 E.01277
G1 X48.458 Y47.285 E.20404
G1 X47.936 Y47.285 E.0128
G1 X54.343 Y40.879 E.22212
G1 X54.343 Y40.358 E.01277
G1 X49.31 Y45.39 E.17448
G1 X49.299 Y45.468 E.00193
G1 X49.093 Y45.88 E.01129
G1 X48.672 Y46.241 E.0136
G1 X48.347 Y46.353 E.00843
G1 X47.415 Y47.285 E.03231
G1 X46.894 Y47.285 E.01277
G1 X47.787 Y46.392 E.03096
G1 X47.266 Y46.392 E.01277
G1 X46.373 Y47.285 E.03096
G1 X45.852 Y47.285 E.01277
G1 X46.744 Y46.392 E.03094
G1 X46.223 Y46.392 E.01277
G1 X45.33 Y47.285 E.03096
G1 X44.809 Y47.285 E.01277
G1 X45.702 Y46.392 E.03096
G1 X45.181 Y46.392 E.01277
G1 X44.288 Y47.285 E.03096
G1 X43.767 Y47.285 E.01277
G1 X44.66 Y46.392 E.03096
G1 X44.138 Y46.392 E.0128
G1 X43.246 Y47.285 E.03094
G1 X42.724 Y47.285 E.0128
G1 X43.617 Y46.392 E.03096
G1 X43.096 Y46.392 E.01277
G1 X42.203 Y47.285 E.03096
G1 X41.682 Y47.285 E.01277
G1 X42.575 Y46.392 E.03096
G1 X42.054 Y46.392 E.01277
G1 X41.161 Y47.285 E.03096
G1 X40.64 Y47.285 E.01277
G1 X41.532 Y46.392 E.03094
G1 X41.011 Y46.392 E.01277
G1 X40.118 Y47.285 E.03096
G1 X39.597 Y47.285 E.01277
G1 X40.49 Y46.392 E.03096
G1 X39.969 Y46.392 E.01277
G1 X39.076 Y47.285 E.03096
G1 X38.555 Y47.285 E.01277
G1 X39.448 Y46.392 E.03096
G1 X38.926 Y46.392 E.0128
G1 X38.034 Y47.285 E.03094
G1 X37.512 Y47.285 E.0128
G1 X38.405 Y46.392 E.03096
G1 X37.884 Y46.392 E.01277
G1 X36.991 Y47.285 E.03096
G1 X36.47 Y47.285 E.01277
G1 X37.363 Y46.392 E.03096
G1 X36.842 Y46.392 E.01277
G1 X35.949 Y47.285 E.03096
G1 X35.428 Y47.285 E.01277
G1 X36.32 Y46.392 E.03094
G1 X35.799 Y46.392 E.01277
G1 X34.906 Y47.285 E.03096
G1 X34.385 Y47.285 E.01277
G1 X35.278 Y46.392 E.03096
G1 X34.757 Y46.392 E.01277
G1 X33.864 Y47.285 E.03096
G1 X33.768 Y47.285 E.00235
G1 X33.768 Y46.86 E.01042
G1 X34.4 Y46.228 E.02191
G1 E-3.5 F3600
;WIPE_START
G1 F7200
G1 X33.768 Y46.86 E-.42455
G1 X33.768 Y47.285 E-.20188
G1 X33.864 Y47.285 E-.0456
G1 X34.757 Y46.392 E-.59987
G1 X35.237 Y46.392 E-.2281
;WIPE_END
G1 X49.186 Y44.994 F9000
G1 E5 F2400
G1 F1800
G1 X54.343 Y39.836 E.17881
G1 X54.343 Y39.315 E.01277
G1 X49.35 Y44.308 E.17311
G1 X49.35 Y43.787 E.01277
G1 X54.343 Y38.794 E.17311
G1 X54.343 Y38.273 E.01277
G1 X49.35 Y43.265 E.17309
G1 X49.35 Y42.744 E.01277
G1 X54.343 Y37.752 E.17309
G1 X54.343 Y37.23 E.0128
G1 X49.35 Y42.223 E.17311
G1 X49.35 Y41.702 E.01277
G1 X54.343 Y36.709 E.17311
G1 X54.343 Y36.188 E.01277
G1 X49.35 Y41.181 E.17311
G1 X49.35 Y40.659 E.0128
G1 X54.343 Y35.667 E.17309
G1 X54.343 Y35.146 E.01277
G1 X49.35 Y40.138 E.17309
G1 X49.35 Y39.617 E.01277
G1 X54.343 Y34.624 E.17311
G1 X54.343 Y34.103 E.01277
G1 X49.35 Y39.096 E.17311
G1 X49.35 Y38.575 E.01277
G1 X54.343 Y33.582 E.17311
G1 X54.343 Y33.061 E.01277
G1 X49.35 Y38.053 E.17309
G1 X49.35 Y37.532 E.01277
G1 X54.343 Y32.54 E.17309
G1 X54.343 Y32.018 E.0128
G1 X49.35 Y37.011 E.17311
G1 X49.35 Y36.49 E.01277
G1 X54.374 Y31.466 E.17418
G1 X54.403 Y31.279 E.00464
G1 X54.51 Y31.036 E.00651
G1 X54.685 Y30.797 E.00726
G1 X54.938 Y30.585 E.00809
G1 X55.262 Y30.438 E.00872
G1 X55.426 Y30.414 E.00406
G1 X57.948 Y27.892 E.08744
G1 X57.426 Y27.892 E.0128
G1 X49.35 Y35.969 E.28002
G1 X49.35 Y35.447 E.0128
G1 X56.905 Y27.892 E.26193
G1 X56.384 Y27.892 E.01277
G1 X49.35 Y34.926 E.24387
G1 X49.35 Y34.405 E.01277
G1 X55.863 Y27.892 E.22581
G1 X55.342 Y27.892 E.01277
G1 X49.35 Y33.884 E.20774
G1 X49.35 Y33.363 E.01277
G1 X54.82 Y27.892 E.18966
G1 X54.299 Y27.892 E.01277
G1 X49.35 Y32.841 E.17158
G1 X49.35 Y32.32 E.01277
G1 X53.778 Y27.892 E.15352
G1 X53.257 Y27.892 E.01277
G1 X49.35 Y31.799 E.13546
G1 X49.35 Y31.278 E.01277
G1 X52.736 Y27.892 E.11739
G1 X52.214 Y27.892 E.0128
G1 X49.35 Y30.757 E.09931
G1 X49.35 Y30.235 E.0128
G1 X51.693 Y27.892 E.08123
G1 X51.172 Y27.892 E.01277
G1 X49.35 Y29.714 E.06317
G1 X49.35 Y29.193 E.01277
G1 X50.651 Y27.892 E.04511
G1 X50.13 Y27.892 E.01277
G1 X49.285 Y28.737 E.0293
G1 X49.252 Y28.573 E.0041
G1 X49.11 Y28.39 E.00568
G1 X49.608 Y27.892 E.01727
G1 X49.087 Y27.892 E.01277
G1 X48.765 Y28.215 E.01118
;LAYER_CHANGE
;Z:10.12
;HEIGHT:0.16
;BEFORE_LAYER_CHANGE
G92 E0
;10.12


G1 E-3.5 F3600
;WIPE_START
G1 F7200
G1 X49.087 Y27.892 E-.21664
G1 X49.608 Y27.892 E-.24748
G1 X49.11 Y28.39 E-.33453
G1 X49.252 Y28.573 E-.11002
G1 X49.285 Y28.737 E-.07946
G1 X50.047 Y27.975 E-.51187
;WIPE_END
G1 Z10.12 F9000
;AFTER_LAYER_CHANGE
;10.12
G1 X69.268 Y44.6
G1 E5 F2400
;TYPE:Perimeter
;WIDTH:0.439999
G1 F900
G1 X73.376 Y44.6 E.11085
G1 X73.376 Y47.577 E.08033
G1 X69.268 Y47.577 E.11085
G1 X69.268 Y44.66 E.07871
G1 X68.862 Y44.194 F9000
G1 F900
G1 X73.781 Y44.194 E.13274
G1 X73.781 Y47.983 E.10225
G1 X68.862 Y47.983 E.13274
G1 X68.862 Y44.254 E.10063
G1 X68.466 Y43.799 F9000
;TYPE:External perimeter
;WIDTH:0.419999
G1 F900
G1 X74.177 Y43.799 E.14651
G1 X74.177 Y48.379 E.1175
G1 X68.466 Y48.379 E.14651
G1 X68.466 Y43.859 E.11596
G1 E-3.5 F3600
;WIPE_START
G1 F7200
G1 X68.466 Y43.799 E-.0285
G1 X71.564 Y43.799 E-1.4715
;WIPE_END
G1 X72.605 Y44.912 F9000
G1 E5 F2400
;TYPE:Internal infill
;WIDTH:0.44
G1 F900
G1 X70.171 Y44.912 E.06568
G1 X69.58 Y45.503 E.02255
G1 X69.58 Y44.973 E.0143
G1 X71.872 Y47.265 E.08747
G1 X73.063 Y47.265 E.03214
G1 X73.063 Y46.022 E.03354
G1 E-3.5 F3600
;WIPE_START
G1 F7200
G1 X73.063 Y47.265 E-.59043
G1 X71.872 Y47.265 E-.56573
G1 X71.36 Y46.753 E-.34384
;WIPE_END
G1 X66.153 Y47.505 F9000
G1 E5 F2400
;TYPE:Perimeter
;WIDTH:0.584378
G1 F900
G1 X66.153 Y44.672 E.10366
G1 X65.675 Y44.194 F9000
;WIDTH:0.439999
G1 F900
G1 X66.631 Y44.194 E.0258
G1 X66.631 Y47.983 E.10225
G1 X65.675 Y47.983 E.0258
G1 X65.675 Y44.254 E.10063
G1 X65.28 Y43.799 F9000
;TYPE:External perimeter
;WIDTH:0.419999
G1 F900
G1 X67.027 Y43.799 E.04482
G1 X67.027 Y48.379 E.1175
G1 X65.28 Y48.379 E.04482
G1 X65.28 Y43.859 E.11596
;LAYER_CHANGE
;Z:10.28
;HEIGHT:0.16
;BEFORE_LAYER_CHANGE
G92 E0
;10.28


G1 E-3.5 F3600
;WIPE_START
G1 F7200
G1 X65.28 Y43.799 E-.0285
G1 X67.027 Y43.799 E-.82982
G1 X67.027 Y45.15 E-.64168
;WIPE_END
G1 Z10.28 F9000
;AFTER_LAYER_CHANGE
;10.28
G1 X69.472 Y44.6
G1 E5 F2400
;TYPE:Perimeter
;WIDTH:0.439999
G1 F900
G1 X73.419 Y44.6 E.10651
G1 X73.419 Y47.577 E.08033
G1 X69.472 Y47.577 E.10651
G1 X69.472 Y44.66 E.07871
G1 X69.066 Y44.194 F9000
G1 F900
G1 X73.824 Y44.194 E.12839
G1 X73.824 Y47.983 E.10225
G1 X69.066 Y47.983 E.12839
G1 X69.066 Y44.254 E.10063
G1 X68.67 Y43.799 F9000
;TYPE:External perimeter
;WIDTH:0.419999
G1 F900
G1 X74.22 Y43.799 E.14238
G1 X74.22 Y48.379 E.1175
G1 X68.67 Y48.379 E.14238
G1 X68.67 Y43.859 E.11596
G1 E-3.5 F3600
;WIPE_START
G1 F7200
G1 X68.67 Y43.799 E-.0285
G1 X71.768 Y43.799 E-1.4715
;WIPE_END
G1 X72.605 Y44.912 F9000
G1 E5 F2400
;TYPE:Internal infill
;WIDTH:0.44
G1 F900
G1 X70.171 Y44.912 E.06568
G1 X69.784 Y45.299 E.01477
G1 X69.784 Y45.177 E.00329
G1 X71.872 Y47.265 E.07968
G1 X73.106 Y47.265 E.0333
G1 X73.106 Y46.065 E.03238
G1 E-3.5 F3600
;WIPE_START
G1 F7200
G1 X73.106 Y47.265 E-.57
G1 X71.872 Y47.265 E-.58615
G1 X71.36 Y46.753 E-.34385
;WIPE_END
G1 X66.351 Y44.27 F9000
G1 E5 F2400
;TYPE:Perimeter
;WIDTH:0.591487
G1 F900
G1 X66.351 Y44.549 E.01034
;WIDTH:0.591595
G1 X66.351 Y47.907 E.12448
G1 X65.794 Y47.907 E.02065
G1 X65.794 Y44.27 E.13482
;WIDTH:0.591487
G1 X66.291 Y44.27 E.01842
G1 X66.822 Y43.799 F9000
;TYPE:External perimeter
;WIDTH:0.419999
G1 F900
G1 X66.823 Y48.379 E.1175
G1 X65.322 Y48.379 E.03851
G1 X65.322 Y43.799 E.1175
G1 X66.762 Y43.799 E.03694
;LAYER_CHANGE
;Z:10.44
;HEIGHT:0.16
;BEFORE_LAYER_CHANGE
G92 E0
;10.44


G1 E-3.5 F3600
;WIPE_START
G1 F7200
G1 X66.822 Y43.799 E-.0285
G1 X66.822 Y46.897 E-1.4715
;WIPE_END
G1 Z10.44 F9000
;AFTER_LAYER_CHANGE
;10.44
G1 X69.599 Y44.6
G1 E5 F2400
;TYPE:Perimeter
;WIDTH:0.439999
G1 F900
G1 X73.462 Y44.6 E.10424
G1 X73.462 Y47.577 E.08033
G1 X69.599 Y47.577 E.10424
G1 X69.599 Y44.66 E.07871
G1 X69.193 Y44.194 F9000
G1 F900
G1 X73.867 Y44.194 E.12613
G1 X73.867 Y47.983 E.10225
G1 X69.193 Y47.983 E.12613
G1 X69.193 Y44.254 E.10063
G1 X68.798 Y43.799 F9000
;TYPE:External perimeter
;WIDTH:0.419999
G1 F900
G1 X74.263 Y43.799 E.1402
G1 X74.263 Y48.379 E.1175
G1 X68.798 Y48.379 E.1402
G1 X68.798 Y43.859 E.11596
G1 E-3.5 F3600
;WIPE_START
G1 F7200
G1 X68.798 Y43.799 E-.0285
G1 X71.896 Y43.799 E-1.4715
;WIPE_END
G1 X72.605 Y44.912 F9000
G1 E5 F2400
;TYPE:Internal infill
;WIDTH:0.44
G1 F900
G1 X70.171 Y44.912 E.06568
G1 X69.911 Y45.171 E.0099
G1 X69.911 Y45.305 E.00362
G1 X71.872 Y47.265 E.07482
G1 X73.149 Y47.265 E.03446
G1 X73.149 Y46.108 E.03122
G1 E-3.5 F3600
;WIPE_START
G1 F7200
G1 X73.149 Y47.265 E-.54957
G1 X71.872 Y47.265 E-.60658
G1 X71.36 Y46.753 E-.34385
;WIPE_END
G1 X66.266 Y47.95 F9000
G1 E5 F2400
;TYPE:Perimeter
;WIDTH:0.506296
G1 F900
G1 X65.794 Y47.95 E.01482
G1 X65.794 Y44.228 E.11685
G1 X66.266 Y44.228 E.01482
G1 X66.266 Y44.464 E.00741
G1 X66.266 Y47.89 E.10756
G1 X66.695 Y48.379 F9000
;TYPE:External perimeter
;WIDTH:0.419999
G1 F900
G1 X65.365 Y48.379 E.03412
G1 X65.365 Y43.799 E.1175
G1 X66.695 Y43.799 E.03412
G1 X66.695 Y48.319 E.11596
;LAYER_CHANGE
;Z:10.6
;HEIGHT:0.160001
;BEFORE_LAYER_CHANGE
G92 E0
;10.6


G1 E-3.5 F3600
;WIPE_START
G1 F7200
G1 X66.695 Y48.379 E-.0285
G1 X65.365 Y48.379 E-.63175
G1 X65.365 Y46.611 E-.83975
;WIPE_END
G1 Z10.6 F9000
;AFTER_LAYER_CHANGE
;10.6
G1 X69.683 Y47.577
G1 E5 F2400
;TYPE:Perimeter
;WIDTH:0.439999
G1 F900
G1 X69.683 Y44.6 E.08033
G1 X73.504 Y44.6 E.10311
G1 X73.504 Y47.577 E.08033
G1 X69.743 Y47.577 E.10149
G1 X69.277 Y47.983 F9000
G1 F900
G1 X69.277 Y44.194 E.10225
G1 X73.91 Y44.194 E.12502
G1 X73.91 Y47.983 E.10225
G1 X69.337 Y47.983 E.1234
G1 X68.881 Y48.379 F9000
;TYPE:External perimeter
;WIDTH:0.419999
G1 F900
G1 X68.881 Y43.799 E.1175
G1 X74.306 Y43.799 E.13918
G1 X74.306 Y48.379 E.1175
G1 X68.941 Y48.379 E.13764
G1 E-3.5 F3600
;WIPE_START
G1 F7200
G1 X68.881 Y48.379 E-.0285
G1 X68.881 Y45.281 E-1.4715
;WIPE_END
G1 X73.192 Y46.151 F9000
G1 E5 F2400
;TYPE:Internal infill
;WIDTH:0.44
G1 F900
G1 X73.192 Y47.265 E.03006
G1 X71.872 Y47.265 E.03562
G1 X69.995 Y45.388 E.07163
G1 X69.995 Y45.088 E.0081
G1 X70.171 Y44.912 E.00672
G1 X72.605 Y44.912 E.06568
G1 E-3.5 F3600
;WIPE_START
G1 F7200
G1 X70.171 Y44.912 E-1.15615
G1 X69.995 Y45.088 E-.11823
G1 X69.995 Y45.388 E-.1425
G1 X70.119 Y45.512 E-.08312
;WIPE_END
G1 X66.214 Y44.196 F9000
G1 E5 F2400
;TYPE:Perimeter
;WIDTH:0.443245
G1 F900
G1 X66.214 Y44.4 E.00555
G1 X66.214 Y47.981 E.09741
G1 X65.806 Y47.981 E.0111
G1 X65.806 Y44.196 E.10295
G1 X66.154 Y44.196 E.00947
G1 X66.612 Y43.799 F9000
;TYPE:External perimeter
;WIDTH:0.419999
G1 F900
G1 X66.612 Y48.379 E.1175
G1 X65.408 Y48.379 E.03089
G1 X65.408 Y43.799 E.1175
G1 X66.552 Y43.799 E.02935
;LAYER_CHANGE
;Z:10.76
;HEIGHT:0.16
;BEFORE_LAYER_CHANGE
G92 E0
;10.76


G1 E-3.5 F3600
;WIPE_START
G1 F7200
G1 X66.612 Y43.799 E-.0285
G1 X66.612 Y46.897 E-1.4715
;WIPE_END
G1 Z10.76 F9000
;AFTER_LAYER_CHANGE
;10.76
G1 X69.733 Y44.6
G1 E5 F2400
;TYPE:Perimeter
;WIDTH:0.439999
G1 F900
G1 X73.547 Y44.6 E.10292
G1 X73.547 Y47.577 E.08033
G1 X69.733 Y47.577 E.10292
G1 X69.733 Y44.66 E.07871
G1 X69.327 Y44.194 F9000
G1 F900
G1 X73.953 Y44.194 E.12483
G1 X73.953 Y47.983 E.10225
G1 X69.327 Y47.983 E.12483
G1 X69.327 Y44.254 E.10063
G1 X68.932 Y43.799 F9000
;TYPE:External perimeter
;WIDTH:0.419999
G1 F900
G1 X74.349 Y43.799 E.13897
G1 X74.349 Y48.379 E.1175
G1 X68.932 Y48.379 E.13897
G1 X68.932 Y43.859 E.11596
G1 X70.045 Y45.438 F9000
;TYPE:Internal infill
;WIDTH:0.44
G1 F900
G1 X71.872 Y47.265 E.06972
G1 E-3.5 F3600
;WIPE_START
G1 F7200
G1 X70.045 Y45.438 E-1.22729
;WIPE_END
G1 E-.27271 F3600
G1 X66.187 Y48.005 F9000
G1 E5 F2400
;TYPE:Perimeter
;WIDTH:0.396508
G1 F900
G1 X65.825 Y48.005 E.00872
G1 X65.825 Y44.173 E.09232
G1 X66.187 Y44.173 E.00872
G1 X66.187 Y44.354 E.00436
G1 X66.187 Y47.945 E.08651
G1 X66.561 Y48.379 F9000
;TYPE:External perimeter
;WIDTH:0.419999
G1 F900
G1 X65.451 Y48.379 E.02848
G1 X65.451 Y43.799 E.1175
G1 X66.561 Y43.799 E.02848
G1 X66.561 Y48.319 E.11596
;LAYER_CHANGE
;Z:10.92
;HEIGHT:0.16
;BEFORE_LAYER_CHANGE
G92 E0
;10.92


G1 E-3.5 F3600
;WIPE_START
G1 F7200
G1 X66.561 Y48.379 E-.0285
G1 X65.451 Y48.379 E-.52725
G1 X65.451 Y46.391 E-.94425
;WIPE_END
G1 Z10.92 F9000
;AFTER_LAYER_CHANGE
;10.92
G1 X69.756 Y47.577
G1 E5 F2400
;TYPE:Perimeter
;WIDTH:0.439999
G1 F900
G1 X69.756 Y44.6 E.08033
G1 X73.59 Y44.6 E.10346
G1 X73.59 Y47.577 E.08033
G1 X69.816 Y47.577 E.10184
G1 X69.35 Y47.983 F9000
G1 F900
G1 X69.35 Y44.194 E.10225
G1 X73.996 Y44.194 E.12537
G1 X73.996 Y47.983 E.10225
G1 X69.41 Y47.983 E.12375
G1 X68.954 Y48.379 F9000
;TYPE:External perimeter
;WIDTH:0.419999
G1 F900
G1 X68.954 Y43.799 E.1175
G1 X74.391 Y43.799 E.13948
G1 X74.391 Y48.379 E.1175
G1 X69.014 Y48.379 E.13794
G1 E-3.5 F3600
;WIPE_START
G1 F7200
G1 X68.954 Y48.379 E-.0285
G1 X68.954 Y45.281 E-1.4715
;WIPE_END
G1 X71.872 Y47.265 F9000
G1 E5 F2400
;TYPE:Internal infill
;WIDTH:0.44
G1 F900
G1 X70.068 Y45.461 E.06884
G1 E-3.5 F3600
;WIPE_START
G1 F7200
G1 X71.872 Y47.265 E-1.21184
;WIPE_END
G1 E-.28816 F3600
G1 X66.181 Y44.156 F9000
G1 E5 F2400
;TYPE:Perimeter
;WIDTH:0.36378
G1 F900
G1 X66.181 Y44.321 E.00362
G1 X66.181 Y48.021 E.08108
G1 X65.852 Y48.021 E.00721
G1 X65.852 Y44.156 E.0847
G1 X66.121 Y44.156 E.0059
G1 X66.539 Y43.799 F9000
;TYPE:External perimeter
;WIDTH:0.419999
G1 F900
G1 X66.538 Y48.379 E.1175
G1 X65.494 Y48.379 E.02678
G1 X65.494 Y43.799 E.1175
G1 X66.479 Y43.799 E.02527
;LAYER_CHANGE
;Z:11.08
;HEIGHT:0.16
;BEFORE_LAYER_CHANGE
G92 E0
;11.08


G1 E-3.5 F3600
;WIPE_START
G1 F7200
G1 X66.539 Y43.799 E-.0285
G1 X66.539 Y46.897 E-1.4715
;WIPE_END
G1 Z11.08 F9000
;AFTER_LAYER_CHANGE
;11.08
G1 X66.039 Y47.876
G1 E5 F2400
;TYPE:Perimeter
;WIDTH:0.653538
G1 F900
G1 X66.039 Y44.301 E.14725
G1 X65.537 Y43.799 F9000
;TYPE:External perimeter
;WIDTH:0.419999
G1 F900
G1 X66.542 Y43.799 E.02578
G1 X66.541 Y48.379 E.1175
G1 X65.537 Y48.379 E.02576
G1 X65.537 Y43.859 E.11596
G1 E-3.5 F3600
;WIPE_START
G1 F7200
G1 X65.537 Y43.799 E-.0285
G1 X66.542 Y43.799 E-.47737
G1 X66.542 Y45.892 E-.99413
;WIPE_END
G1 X69.755 Y44.6 F9000
G1 E5 F2400
;TYPE:Perimeter
;WIDTH:0.439999
G1 F900
G1 X73.633 Y44.6 E.10465
G1 X73.633 Y47.577 E.08033
G1 X69.753 Y47.577 E.1047
G1 X69.755 Y44.66 E.07871
G1 X69.35 Y44.194 F9000
G1 F900
G1 X74.039 Y44.194 E.12653
G1 X74.039 Y47.983 E.10225
G1 X69.347 Y47.983 E.12661
G1 X69.35 Y44.254 E.10063
G1 X68.954 Y43.799 F9000
;TYPE:External perimeter
;WIDTH:0.419999
G1 F900
G1 X74.434 Y43.799 E.14059
G1 X74.434 Y48.379 E.1175
G1 X68.952 Y48.379 E.14064
G1 X68.954 Y43.859 E.11596
G1 X70.067 Y45.46 F9000
;TYPE:Internal infill
;WIDTH:0.44
G1 F900
G1 X71.872 Y47.265 E.06888
;LAYER_CHANGE
;Z:11.24
;HEIGHT:0.16
;BEFORE_LAYER_CHANGE
G92 E0
;11.24


G1 E-3.5 F3600
;WIPE_START
G1 F7200
G1 X70.067 Y45.46 E-1.21251
;WIPE_END
G1 E-.28749 F3600
G1 Z11.24 F9000
;AFTER_LAYER_CHANGE
;11.24
G1 X73.674 Y47.577
G1 E5 F2400
;TYPE:Perimeter
;WIDTH:0.439999
G1 F900
G1 X69.723 Y47.577 E.10662
G1 X69.723 Y44.6 E.08033
G1 X73.674 Y44.6 E.10662
G1 X73.674 Y47.517 E.07871
G1 X74.079 Y47.983 F9000
G1 F900
G1 X69.317 Y47.983 E.1285
G1 X69.317 Y44.194 E.10225
G1 X74.079 Y44.194 E.1285
G1 X74.079 Y47.923 E.10063
G1 X74.475 Y48.379 F9000
;TYPE:External perimeter
;WIDTH:0.419999
G1 F900
G1 X68.922 Y48.379 E.14246
G1 X68.922 Y43.799 E.1175
G1 X74.475 Y43.799 E.14246
G1 X74.475 Y48.319 E.11596
G1 E-3.5 F3600
;WIPE_START
G1 F7200
G1 X74.475 Y48.379 E-.0285
G1 X71.377 Y48.379 E-1.4715
;WIPE_END
G1 X71.872 Y47.265 F9000
G1 E5 F2400
;TYPE:Internal infill
;WIDTH:0.44
G1 F900
G1 X70.035 Y45.428 E.0701
G1 E-3.5 F3600
;WIPE_START
G1 F7200
G1 X71.872 Y47.265 E-1.23401
;WIPE_END
G1 E-.26599 F3600
G1 X66.075 Y47.883 F9000
G1 E5 F2400
;TYPE:Perimeter
;WIDTH:0.64003
G1 F900
G1 X66.075 Y44.294 E.1446
G1 X66.571 Y43.799 F9000
;TYPE:External perimeter
;WIDTH:0.419999
G1 F900
G1 X66.571 Y48.379 E.1175
G1 X65.58 Y48.379 E.02542
G1 X65.58 Y43.799 E.1175
G1 X66.511 Y43.799 E.02388
;LAYER_CHANGE
;Z:11.4
;HEIGHT:0.16
;BEFORE_LAYER_CHANGE
G92 E0
;11.4


G1 E-3.5 F3600
;WIPE_START
G1 F7200
G1 X66.571 Y43.799 E-.0285
G1 X66.571 Y46.897 E-1.4715
;WIPE_END
G1 Z11.4 F9000
;AFTER_LAYER_CHANGE
;11.4
G1 X69.665 Y44.6
G1 E5 F2400
;TYPE:Perimeter
;WIDTH:0.439999
G1 F900
G1 X73.697 Y44.6 E.1088
G1 X73.697 Y47.577 E.08033
G1 X69.665 Y47.577 E.1088
G1 X69.665 Y44.66 E.07871
G1 X69.259 Y44.194 F9000
G1 F900
G1 X74.103 Y44.194 E.13071
G1 X74.103 Y47.983 E.10225
G1 X69.259 Y47.983 E.13071
G1 X69.259 Y44.254 E.10063
G1 X68.864 Y43.799 F9000
;TYPE:External perimeter
;WIDTH:0.419999
G1 F900
G1 X74.499 Y43.799 E.14456
G1 X74.499 Y48.379 E.1175
G1 X68.864 Y48.379 E.14456
G1 X68.864 Y43.859 E.11596
G1 E-3.5 F3600
;WIPE_START
G1 F7200
G1 X68.864 Y43.799 E-.0285
G1 X71.962 Y43.799 E-1.4715
;WIPE_END
G1 X72.605 Y44.912 F9000
G1 E5 F2400
;TYPE:Internal infill
;WIDTH:0.44
G1 F900
G1 X70.171 Y44.912 E.06568
G1 X69.977 Y45.106 E.0074
G1 X69.977 Y45.37 E.00712
G1 X71.872 Y47.265 E.07232
G1 X73.385 Y47.265 E.04083
G1 X73.385 Y46.344 E.02485
G1 E-3.5 F3600
;WIPE_START
G1 F7200
G1 X73.385 Y47.265 E-.43747
G1 X71.872 Y47.265 E-.71868
G1 X71.36 Y46.753 E-.34385
;WIPE_END
G1 X66.126 Y47.875 F9000
G1 E5 F2400
;TYPE:Perimeter
;WIDTH:0.655312
G1 F900
G1 X66.126 Y44.302 E.14759
G1 X65.623 Y43.799 F9000
;TYPE:External perimeter
;WIDTH:0.419999
G1 F900
G1 X66.629 Y43.799 E.02581
G1 X66.629 Y48.379 E.1175
G1 X65.623 Y48.379 E.02581
G1 X65.623 Y43.859 E.11596
;LAYER_CHANGE
;Z:11.56
;HEIGHT:0.160001
;BEFORE_LAYER_CHANGE
G92 E0
;11.56


G1 E-3.5 F3600
;WIPE_START
G1 F7200
G1 X65.623 Y43.799 E-.0285
G1 X66.629 Y43.799 E-.47785
G1 X66.629 Y45.891 E-.99365
;WIPE_END
G1 Z11.56 F9000
;AFTER_LAYER_CHANGE
;11.56
G1 X69.572 Y44.6
G1 E5 F2400
;TYPE:Perimeter
;WIDTH:0.439999
G1 F900
G1 X73.703 Y44.6 E.11147
G1 X73.703 Y47.577 E.08033
G1 X69.572 Y47.577 E.11147
G1 X69.572 Y44.66 E.07871
G1 X69.166 Y44.194 F9000
G1 F900
G1 X74.109 Y44.194 E.13339
G1 X74.109 Y47.983 E.10225
G1 X69.166 Y47.983 E.13339
G1 X69.166 Y44.254 E.10063
G1 X68.771 Y43.799 F9000
;TYPE:External perimeter
;WIDTH:0.419999
G1 F900
G1 X74.504 Y43.799 E.14708
G1 X74.504 Y48.379 E.1175
G1 X68.771 Y48.379 E.14708
G1 X68.771 Y43.859 E.11596
G1 E-3.5 F3600
;WIPE_START
G1 F7200
G1 X68.771 Y43.799 E-.0285
G1 X71.869 Y43.799 E-1.4715
;WIPE_END
G1 X72.605 Y44.912 F9000
G1 E5 F2400
;TYPE:Internal infill
;WIDTH:0.44
G1 F900
G1 X70.171 Y44.912 E.06568
G1 X69.884 Y45.199 E.01095
G1 X69.884 Y45.277 E.0021
G1 X71.872 Y47.265 E.07587
G1 X73.391 Y47.265 E.04099
G1 X73.391 Y46.35 E.02469
G1 E-3.5 F3600
;WIPE_START
G1 F7200
G1 X73.391 Y47.265 E-.43462
G1 X71.872 Y47.265 E-.72153
G1 X71.36 Y46.753 E-.34385
;WIPE_END
G1 X66.362 Y48.018 F9000
G1 E5 F2400
;TYPE:Perimeter
;WIDTH:0.369767
G1 F900
G1 X66.026 Y48.018 E.0075
G1 X66.026 Y44.159 E.08611
G1 X66.361 Y44.159 E.00747
G1 X66.362 Y47.958 E.08477
G1 X66.722 Y48.379 F9000
;TYPE:External perimeter
;WIDTH:0.419999
G1 F900
G1 X65.665 Y48.379 E.02712
G1 X65.665 Y43.799 E.1175
G1 X66.722 Y43.799 E.02712
G1 X66.722 Y48.319 E.11596
;LAYER_CHANGE
;Z:11.72
;HEIGHT:0.16
;BEFORE_LAYER_CHANGE
G92 E0
;11.72


G1 E-3.5 F3600
;WIPE_START
G1 F7200
G1 X66.722 Y48.379 E-.0285
G1 X65.665 Y48.379 E-.50208
G1 X65.665 Y46.338 E-.96942
;WIPE_END
G1 Z11.72 F9000
;AFTER_LAYER_CHANGE
;11.72
G1 X69.43 Y47.577
G1 E5 F2400
;TYPE:Perimeter
;WIDTH:0.439999
G1 F900
G1 X69.43 Y44.6 E.08033
G1 X73.69 Y44.6 E.11496
G1 X73.69 Y47.577 E.08033
G1 X69.49 Y47.577 E.11334
G1 X69.024 Y47.983 F9000
G1 F900
G1 X69.024 Y44.194 E.10225
G1 X74.096 Y44.194 E.13687
G1 X74.096 Y47.983 E.10225
G1 X69.084 Y47.983 E.13525
G1 X68.629 Y48.379 F9000
;TYPE:External perimeter
;WIDTH:0.419999
G1 F900
G1 X68.629 Y43.799 E.1175
G1 X74.491 Y43.799 E.15039
G1 X74.491 Y48.379 E.1175
G1 X68.689 Y48.379 E.14885
G1 E-3.5 F3600
;WIPE_START
G1 F7200
G1 X68.629 Y48.379 E-.0285
G1 X68.629 Y45.281 E-1.4715
;WIPE_END
G1 X73.378 Y46.337 F9000
G1 E5 F2400
;TYPE:Internal infill
;WIDTH:0.44
G1 F900
G1 X73.378 Y47.265 E.02504
G1 X71.872 Y47.265 E.04064
G1 X69.742 Y45.135 E.08129
G1 X69.742 Y45.341 E.00556
G1 X70.171 Y44.912 E.01637
G1 X72.605 Y44.912 E.06568
G1 E-3.5 F3600
;WIPE_START
G1 F7200
G1 X70.171 Y44.912 E-1.15615
G1 X69.742 Y45.341 E-.28818
G1 X69.742 Y45.224 E-.05567
;WIPE_END
G1 X66.479 Y44.184 F9000
G1 E5 F2400
;TYPE:Perimeter
;WIDTH:0.419475
G1 F900
G1 X66.479 Y44.377 E.00494
G1 X66.479 Y47.993 E.09264
G1 X66.094 Y47.993 E.00986
G1 X66.094 Y44.184 E.09758
G1 X66.419 Y44.184 E.00833
G1 X66.864 Y43.799 F9000
;TYPE:External perimeter
;WIDTH:0.419999
G1 F900
G1 X66.864 Y48.379 E.1175
G1 X65.708 Y48.379 E.02966
G1 X65.708 Y43.799 E.1175
G1 X66.804 Y43.799 E.02812
;LAYER_CHANGE
;Z:11.88
;HEIGHT:0.16
;BEFORE_LAYER_CHANGE
G92 E0
;11.88


G1 E-3.5 F3600
;WIPE_START
G1 F7200
G1 X66.864 Y43.799 E-.0285
G1 X66.864 Y46.897 E-1.4715
;WIPE_END
G1 Z11.88 F9000
;AFTER_LAYER_CHANGE
;11.88
G1 X73.658 Y44.6
G1 E5 F2400
;TYPE:Perimeter
;WIDTH:0.439999
G1 F900
G1 X73.658 Y47.577 E.08033
G1 X69.193 Y47.577 E.12049
G1 X69.193 Y44.6 E.08033
G1 X73.598 Y44.6 E.11887
G1 X74.064 Y44.194 F9000
G1 F900
G1 X74.064 Y47.983 E.10225
G1 X68.787 Y47.983 E.1424
G1 X68.787 Y44.194 E.10225
G1 X74.004 Y44.194 E.14078
G1 X74.459 Y43.799 F9000
;TYPE:External perimeter
;WIDTH:0.419999
G1 F900
G1 X74.459 Y48.379 E.1175
G1 X68.392 Y48.379 E.15565
G1 X68.392 Y43.799 E.1175
G1 X74.399 Y43.799 E.15411
G1 E-3.5 F3600
;WIPE_START
G1 F7200
G1 X74.459 Y43.799 E-.0285
G1 X74.459 Y46.897 E-1.4715
;WIPE_END
G1 X73.346 Y46.305 F9000
G1 E5 F2400
;TYPE:Internal infill
;WIDTH:0.44
G1 F900
G1 X73.346 Y47.265 E.02591
G1 X71.872 Y47.265 E.03978
G1 X69.519 Y44.912 E.0898
G1 X70.171 Y44.912 E.01759
G1 X69.505 Y45.578 E.02542
G1 X69.505 Y47.265 E.04552
G1 X70.252 Y47.265 E.02016
G1 E-3.5 F3600
;WIPE_START
G1 F7200
G1 X69.505 Y47.265 E-.35482
G1 X69.505 Y45.578 E-.80132
G1 X70.017 Y45.066 E-.34386
;WIPE_END
G1 X66.185 Y47.945 F9000
G1 E5 F2400
;TYPE:Perimeter
;WIDTH:0.516432
G1 F900
G1 X66.185 Y44.233 E.11904
G1 X66.667 Y44.233 E.01546
G1 X66.667 Y44.474 E.00773
G1 X66.667 Y47.945 E.11131
G1 X66.245 Y47.945 E.01353
G1 X65.751 Y48.379 F9000
;TYPE:External perimeter
;WIDTH:0.419999
G1 F900
G1 X65.751 Y43.799 E.1175
G1 X67.101 Y43.799 E.03463
G1 X67.101 Y48.379 E.1175
G1 X65.811 Y48.379 E.03309
;LAYER_CHANGE
;Z:12.04
;HEIGHT:0.16
;BEFORE_LAYER_CHANGE
G92 E0
;12.04


G1 E-3.5 F3600
;WIPE_START
G1 F7200
G1 X65.751 Y48.379 E-.0285
G1 X65.751 Y45.281 E-1.4715
;WIPE_END
G1 Z12.04 F9000
;AFTER_LAYER_CHANGE
;12.04
G1 X66.595 Y47.577
G1 E5 F2400
;TYPE:Perimeter
;WIDTH:0.439999
G1 F900
G1 X66.595 Y44.6 E.08033
G1 X73.606 Y44.6 E.18919
G1 X73.606 Y47.577 E.08033
G1 X66.655 Y47.577 E.18757
G1 X66.19 Y47.983 F9000
G1 F900
G1 X66.19 Y44.194 E.10225
G1 X74.012 Y44.194 E.21108
G1 X74.012 Y47.983 E.10225
G1 X66.25 Y47.983 E.20946
G1 X65.794 Y48.379 F9000
;TYPE:External perimeter
;WIDTH:0.419999
G1 F900
G1 X65.794 Y43.799 E.1175
G1 X74.408 Y43.799 E.22099
G1 X74.408 Y48.379 E.1175
G1 X65.854 Y48.379 E.21945
G1 X66.726 Y47.238 F9000
M204 S250
;TYPE:Bridge infill
;WIDTH:0.409715
;HEIGHT:0.368782
G1 F1500
G1 X69.65 Y47.238 E.16027
G1 X69.65 Y46.778 E.02521
G1 X66.914 Y46.778 E.14997
G1 X66.914 Y46.319 E.02516
G1 X69.65 Y46.319 E.14997
G1 X69.65 Y45.859 E.02521
G1 X66.914 Y45.859 E.14997
G1 X66.914 Y45.399 E.02521
G1 X69.65 Y45.399 E.14997
G1 X69.65 Y44.939 E.02521
G1 X66.726 Y44.939 E.16027
M204 S500
G1 E-3.5 F3600
;WIPE_START
G1 F7200
G1 X69.65 Y44.939 E-1.3889
G1 X69.65 Y45.173 E-.1111
;WIPE_END
G1 X70.063 Y45.456 F9000
G1 E5 F2400
;TYPE:Internal infill
;WIDTH:0.44
;HEIGHT:0.16
G1 F900
G1 X71.82 Y47.213 E.06705
G1 X72.797 Y46.897 F9000
;TYPE:Solid infill
;WIDTH:0.365622
G1 F900
G1 X72.926 Y46.897 E.00284
G1 X72.926 Y45.281 E.03561
G1 X72.594 Y45.281 E.00732
G1 X72.594 Y46.897 E.03561
;WIDTH:0.402811
G1 X72.511 Y47.081 E.00495
;WIDTH:0.439999
G1 X72.429 Y47.265 E.00544
G1 X73.294 Y47.265 E.02334
G1 X73.294 Y44.912 E.0635
G1 X72.226 Y44.912 E.02882
G1 X72.226 Y47.265 E.0635
;LAYER_CHANGE
;Z:12.2
;HEIGHT:0.16
;BEFORE_LAYER_CHANGE
G92 E0
;12.2


G1 E-3.5 F3600
;WIPE_START
G1 F7200
G1 X72.226 Y44.912 E-1.11768
G1 X73.031 Y44.912 E-.38232
;WIPE_END
G1 Z12.2 F9000
;AFTER_LAYER_CHANGE
;12.2
G1 X73.531 Y47.577
G1 E5 F2400
;TYPE:Perimeter
G1 F900
G1 X66.638 Y47.577 E.18601
G1 X66.638 Y44.6 E.08033
G1 X73.531 Y44.6 E.18601
G1 X73.531 Y47.517 E.07871
G1 X73.937 Y47.983 F9000
G1 F900
G1 X66.233 Y47.983 E.20789
G1 X66.233 Y44.194 E.10225
G1 X73.937 Y44.194 E.20789
G1 X73.937 Y47.923 E.10063
G1 X74.332 Y48.379 F9000
;TYPE:External perimeter
;WIDTH:0.419999
G1 F900
G1 X65.837 Y48.379 E.21793
G1 X65.837 Y43.799 E.1175
G1 X74.332 Y43.799 E.21793
G1 X74.332 Y48.319 E.11596
G1 E-3.5 F3600
;WIPE_START
G1 F7200
G1 X74.332 Y48.379 E-.0285
G1 X71.234 Y48.379 E-1.4715
;WIPE_END
G1 X73.016 Y44.912 F9000
G1 E5 F2400
;TYPE:Solid infill
;WIDTH:0.439999
G1 F900
G1 X71.629 Y44.912 E.03743
G1 X71.629 Y47.265 E.0635
G1 X73.219 Y47.265 E.04291
G1 X73.219 Y44.912 E.0635
G1 X72.813 Y45.318 E.01549
G1 X72.813 Y46.859 E.04158
G1 X72.034 Y46.859 E.02102
G1 X72.034 Y45.318 E.04158
G1 X72.61 Y45.318 E.01554
G1 X72.424 Y45.707 E.01164
;WIDTH:0.407406
G1 X72.424 Y46.47 E.01894
G1 X71.223 Y46.294 F9000
;TYPE:Internal infill
;WIDTH:0.44
G1 F900
G1 X71.223 Y44.912 E.03729
G1 X70.171 Y44.912 E.02839
G1 X69.97 Y45.113 E.00767
G1 X69.97 Y45.363 E.00675
G1 X71.223 Y46.616 E.04782
G1 X71.223 Y47.265 E.01751
G1 X69.97 Y47.265 E.03381
G1 X69.97 Y46.734 E.01433
G1 E-3.5 F3600
;WIPE_START
G1 F7200
G1 X69.97 Y47.265 E-.25222
G1 X71.223 Y47.265 E-.59518
G1 X71.223 Y46.616 E-.30828
G1 X70.71 Y46.103 E-.34432
;WIPE_END
G1 X66.951 Y44.912 F9000
G1 E5 F2400
;TYPE:Solid infill
;WIDTH:0.439999
G1 F900
G1 X69.564 Y44.912 E.07051
G1 X69.564 Y47.265 E.0635
G1 X66.951 Y47.265 E.07051
G1 X66.951 Y45.115 E.05802
G1 X67.356 Y45.318 E.01222
G1 X69.158 Y45.318 E.04863
G1 X69.158 Y46.859 E.04158
G1 X67.356 Y46.859 E.04863
G1 X67.356 Y45.521 E.03611
G1 X67.762 Y45.724 E.01225
G1 X68.753 Y45.724 E.02674
G1 X68.753 Y46.454 E.0197
G1 X67.762 Y46.454 E.02674
G1 X67.762 Y45.927 E.01422
G1 X67.944 Y46.008 E.00538
;WIDTH:0.399336
G1 X68.127 Y46.089 E.00486
;WIDTH:0.358672
G1 X68.388 Y46.089 E.00563
;LAYER_CHANGE
;Z:12.36
;HEIGHT:0.16
;BEFORE_LAYER_CHANGE
G92 E0
;12.36


G1 E-3.5 F3600
;WIPE_START
G1 F7200
G1 X68.127 Y46.089 E-.12398
G1 X67.944 Y46.008 E-.09506
G1 X67.762 Y45.927 E-.09463
G1 X67.762 Y46.454 E-.25033
G1 X68.753 Y46.454 E-.47072
G1 X68.753 Y45.724 E-.34675
G1 X68.503 Y45.724 E-.11853
;WIPE_END
G1 Z12.36 F9000
;AFTER_LAYER_CHANGE
;12.36
G1 X66.681 Y47.577
G1 E5 F2400
;TYPE:Perimeter
;WIDTH:0.439999
G1 F900
G1 X66.681 Y44.6 E.08033
G1 X73.429 Y44.6 E.18209
G1 X73.429 Y47.577 E.08033
G1 X66.741 Y47.577 E.18047
G1 X66.275 Y47.983 F9000
G1 F900
G1 X66.275 Y44.194 E.10225
G1 X73.834 Y44.194 E.20398
G1 X73.834 Y47.983 E.10225
G1 X66.335 Y47.983 E.20236
G1 X65.88 Y48.379 F9000
;TYPE:External perimeter
;WIDTH:0.419999
G1 F900
G1 X65.88 Y43.799 E.1175
G1 X74.23 Y43.799 E.21421
G1 X74.23 Y48.379 E.1175
G1 X65.94 Y48.379 E.21268
G1 X66.993 Y47.265 F9000
;TYPE:Solid infill
;WIDTH:0.439999
G1 F900
G1 X66.993 Y44.912 E.0635
G1 X69.422 Y44.912 E.06555
G1 X69.422 Y47.265 E.0635
G1 X67.196 Y47.265 E.06007
G1 X67.399 Y46.859 E.01225
G1 X67.399 Y45.318 E.04158
G1 X69.016 Y45.318 E.04363
G1 X69.016 Y46.859 E.04158
G1 X67.602 Y46.859 E.03816
G1 X67.805 Y46.454 E.01222
G1 X67.805 Y45.724 E.0197
G1 X68.611 Y45.724 E.02175
G1 X68.611 Y46.454 E.0197
G1 X68.008 Y46.454 E.01627
G1 E-3.5 F3600
;WIPE_START
G1 F7200
G1 X68.611 Y46.454 E-.28643
G1 X68.611 Y45.724 E-.34675
G1 X67.805 Y45.724 E-.38285
G1 X67.805 Y46.454 E-.34675
G1 X67.676 Y46.713 E-.13722
;WIPE_END
G1 X70.626 Y45.816 F9000
G1 E5 F2400
;TYPE:Internal infill
;WIDTH:0.44
G1 F900
G1 X70.626 Y44.912 E.02439
G1 X70.171 Y44.912 E.01228
G1 X69.828 Y45.255 E.01309
G1 X70.626 Y46.019 E.02981
G1 X70.626 Y47.265 E.03362
G1 X69.828 Y47.265 E.02153
G1 X69.828 Y46.876 E.0105
G1 X71.031 Y47.265 F9000
;TYPE:Solid infill
;WIDTH:0.439999
G1 F900
G1 X71.031 Y44.912 E.0635
G1 X73.116 Y44.912 E.05626
G1 X73.116 Y47.265 E.0635
G1 X71.234 Y47.265 E.05079
G1 X71.437 Y46.859 E.01225
G1 X71.437 Y45.318 E.04158
G1 X72.711 Y45.318 E.03438
G1 X72.711 Y46.859 E.04158
G1 X71.64 Y46.859 E.0289
G1 X71.857 Y46.44 E.01273
;WIDTH:0.468299
G1 X71.857 Y45.738 E.02026
G1 X72.291 Y45.738 E.01253
G1 X72.291 Y46.44 E.02026
G1 X72.06 Y46.44 E.00667
;LAYER_CHANGE
;Z:12.52
;HEIGHT:0.160001
;BEFORE_LAYER_CHANGE
G92 E0
;12.52


G1 E-3.5 F3600
;WIPE_START
G1 F7200
G1 X72.291 Y46.44 E-.10972
G1 X72.291 Y45.738 E-.33345
G1 X71.857 Y45.738 E-.20615
G1 X71.857 Y46.44 E-.33345
G1 X71.64 Y46.859 E-.22413
G1 X72.257 Y46.859 E-.2931
;WIPE_END
G1 Z12.52 F9000
;AFTER_LAYER_CHANGE
;12.52
G1 X73.29 Y47.577
G1 E5 F2400
;TYPE:Perimeter
;WIDTH:0.439999
G1 F900
G1 X66.724 Y47.577 E.17718
G1 X66.724 Y44.6 E.08033
G1 X73.29 Y44.6 E.17718
G1 X73.29 Y47.517 E.07871
G1 X73.696 Y47.983 F9000
G1 F900
G1 X66.318 Y47.983 E.19909
G1 X66.318 Y44.194 E.10225
G1 X73.696 Y44.194 E.19909
G1 X73.696 Y47.923 E.10063
G1 X74.092 Y48.379 F9000
;TYPE:External perimeter
;WIDTH:0.419999
G1 F900
G1 X65.923 Y48.379 E.20957
G1 X65.923 Y43.799 E.1175
G1 X74.092 Y43.799 E.20957
G1 X74.092 Y48.319 E.11596
G1 E-3.5 F3600
;WIPE_START
G1 F7200
G1 X74.092 Y48.379 E-.0285
G1 X70.994 Y48.379 E-1.4715
;WIPE_END
G1 X72.775 Y44.912 F9000
G1 E5 F2400
;TYPE:Solid infill
;WIDTH:0.439999
G1 F900
G1 X70.434 Y44.912 E.06317
G1 X70.434 Y47.265 E.0635
G1 X72.978 Y47.265 E.06865
G1 X72.978 Y44.912 E.0635
G1 X72.572 Y45.318 E.01549
G1 X72.572 Y46.859 E.04158
G1 X70.84 Y46.859 E.04674
G1 X70.84 Y45.318 E.04158
G1 X72.37 Y45.318 E.04129
G1 X72.167 Y45.724 E.01225
G1 X72.167 Y46.454 E.0197
G1 X71.246 Y46.454 E.02485
G1 X71.246 Y45.724 E.0197
G1 X71.964 Y45.724 E.01938
G1 X71.883 Y45.906 E.00538
;WIDTH:0.399334
G1 X71.802 Y46.089 E.00486
;WIDTH:0.35867
G1 X71.611 Y46.089 E.00412
G1 X70.029 Y47.042 F9000
;TYPE:Internal infill
;WIDTH:0.44
G1 F900
G1 X70.029 Y47.265 E.00602
G1 X69.591 Y47.265 E.01182
G1 X69.591 Y45.492 E.04784
G1 X70.029 Y45.054 E.01672
G1 X70.029 Y45.422 E.00993
G1 X69.591 Y44.984 E.01672
G1 X69.591 Y44.912 E.00194
G1 X69.968 Y44.912 E.01017
G1 E-3.5 F3600
;WIPE_START
G1 F7200
G1 X69.591 Y44.912 E-.17907
G1 X69.591 Y44.984 E-.0342
G1 X70.029 Y45.422 E-.29423
G1 X70.029 Y45.054 E-.1748
G1 X69.591 Y45.492 E-.29423
G1 X69.591 Y46.594 E-.52347
;WIPE_END
G1 X67.036 Y44.912 F9000
G1 E5 F2400
;TYPE:Solid infill
;WIDTH:0.439999
G1 F900
G1 X69.185 Y44.912 E.05799
G1 X69.185 Y47.265 E.0635
G1 X67.036 Y47.265 E.05799
G1 X67.036 Y45.115 E.05802
G1 X67.442 Y45.318 E.01225
G1 X68.779 Y45.318 E.03608
G1 X68.779 Y46.859 E.04158
G1 X67.442 Y46.859 E.03608
G1 X67.442 Y45.521 E.03611
G1 X67.878 Y45.754 E.01334
;WIDTH:0.500092
G1 X68.343 Y45.754 E.01441
G1 X68.343 Y46.424 E.02076
G1 X67.878 Y46.424 E.01441
G1 X67.878 Y45.957 E.01447
;LAYER_CHANGE
;Z:12.68
;HEIGHT:0.16
;BEFORE_LAYER_CHANGE
G92 E0
;12.68


G1 E-3.5 F3600
;WIPE_START
G1 F7200
G1 X67.878 Y46.424 E-.22182
G1 X68.343 Y46.424 E-.22088
G1 X68.343 Y45.754 E-.31825
G1 X67.878 Y45.754 E-.22088
G1 X67.442 Y45.521 E-.23482
G1 X67.442 Y46.118 E-.28335
;WIPE_END
G1 Z12.68 F9000
;AFTER_LAYER_CHANGE
;12.68
G1 X66.767 Y44.6
G1 E5 F2400
;TYPE:Perimeter
;WIDTH:0.439999
G1 F900
G1 X73.098 Y44.6 E.17084
G1 X73.098 Y47.577 E.08033
G1 X66.767 Y47.577 E.17084
G1 X66.767 Y44.66 E.07871
G1 X66.361 Y44.194 F9000
G1 F900
G1 X73.504 Y44.194 E.19275
G1 X73.504 Y47.983 E.10225
G1 X66.361 Y47.983 E.19275
G1 X66.361 Y44.254 E.10063
G1 X65.966 Y43.799 F9000
;TYPE:External perimeter
;WIDTH:0.419999
G1 F900
G1 X73.9 Y43.799 E.20354
G1 X73.9 Y48.379 E.1175
G1 X65.966 Y48.379 E.20354
G1 X65.966 Y43.859 E.11596
G1 E-3.5 F3600
;WIPE_START
G1 F7200
G1 X65.966 Y43.799 E-.0285
G1 X69.064 Y43.799 E-1.4715
;WIPE_END
G1 X67.818 Y47.265 F9000
G1 E5 F2400
;TYPE:Internal infill
;WIDTH:0.44
G1 F900
G1 X69.432 Y45.651 E.06159
G1 X69.837 Y47.265 F9000
;TYPE:Solid infill
;WIDTH:0.439999
G1 F900
G1 X69.837 Y44.912 E.0635
G1 X72.786 Y44.912 E.07958
G1 X72.786 Y47.265 E.0635
G1 X70.04 Y47.265 E.0741
G1 X70.243 Y46.859 E.01225
G1 X70.243 Y45.318 E.04158
G1 X72.38 Y45.318 E.05767
G1 X72.38 Y46.859 E.04158
G1 X70.446 Y46.859 E.05219
G1 X70.649 Y46.454 E.01222
G1 X70.649 Y45.724 E.0197
G1 X71.975 Y45.724 E.03578
G1 X71.975 Y46.454 E.0197
G1 X70.851 Y46.454 E.03033
G1 X71.014 Y46.089 E.01079
;WIDTH:0.35865
G1 X71.61 Y46.089 E.01286
;LAYER_CHANGE
;Z:12.84
;HEIGHT:0.16
;BEFORE_LAYER_CHANGE
G92 E0
;12.84


G1 E-3.5 F3600
;WIPE_START
G1 F7200
G1 X71.014 Y46.089 E-.2831
G1 X70.851 Y46.454 E-.18988
G1 X71.975 Y46.454 E-.5339
G1 X71.975 Y45.724 E-.34675
G1 X71.667 Y45.724 E-.14637
;WIPE_END
G1 Z12.84 F9000
;AFTER_LAYER_CHANGE
;12.84
G1 X72.791 Y44.862
G1 E5 F2400
;TYPE:Perimeter
;WIDTH:0.439999
G1 F900
G1 X72.791 Y47.577 E.07326
G1 X66.81 Y47.577 E.1614
G1 X66.81 Y44.6 E.08033
G1 X72.791 Y44.6 E.1614
G1 X72.791 Y44.802 E.00545
G1 X73.196 Y44.298 F9000
G1 F900
G1 X73.196 Y47.983 E.09944
G1 X66.404 Y47.983 E.18328
G1 X66.404 Y44.194 E.10225
G1 X73.196 Y44.194 E.18328
G1 X73.196 Y44.238 E.00119
G1 X73.565 Y43.799 F9000
;TYPE:External perimeter
;WIDTH:0.419999
G1 F900
G1 X73.592 Y43.799 E.00069
G1 X73.592 Y48.379 E.1175
G1 X66.008 Y48.379 E.19456
G1 X66.008 Y43.799 E.1175
G1 X73.505 Y43.799 E.19233
G1 X72.275 Y44.912 F9000
;TYPE:Solid infill
;WIDTH:0.439999
G1 F900
G1 X69.24 Y44.912 E.0819
G1 X69.24 Y47.265 E.0635
G1 X72.478 Y47.265 E.08738
G1 X72.478 Y44.912 E.0635
G1 X72.073 Y45.318 E.01547
G1 X72.073 Y46.859 E.04158
G1 X69.646 Y46.859 E.06549
G1 X69.646 Y45.318 E.04158
G1 X71.87 Y45.318 E.06001
G1 X71.667 Y45.724 E.01225
G1 X71.667 Y46.454 E.0197
G1 X70.051 Y46.454 E.04361
G1 X70.051 Y45.724 E.0197
G1 X71.464 Y45.724 E.03813
G1 X71.383 Y45.906 E.00538
;WIDTH:0.399324
G1 X71.302 Y46.089 E.00486
;WIDTH:0.35865
G1 X70.416 Y46.089 E.01911
G1 X68.834 Y46.249 F9000
;TYPE:Internal infill
;WIDTH:0.44
G1 F900
G1 X67.818 Y47.265 E.03877
;LAYER_CHANGE
;Z:13
;HEIGHT:0.16
;BEFORE_LAYER_CHANGE
G92 E0
;13


G1 E-3.5 F3600
;WIPE_START
G1 F7200
G1 X68.834 Y46.249 E-.6825
;WIPE_END
G1 E-.8175 F3600
G1 Z13 F9000
;AFTER_LAYER_CHANGE
;13
G1 X66.853 Y47.577
G1 E5 F2400
;TYPE:Perimeter
;WIDTH:0.439999
G1 F900
G1 X66.853 Y44.6 E.08033
G1 X72.218 Y44.6 E.14477
G1 X72.218 Y47.577 E.08033
G1 X66.913 Y47.577 E.14315
G1 X66.447 Y47.983 F9000
G1 F900
G1 X66.447 Y44.194 E.10225
G1 X72.623 Y44.194 E.16666
G1 X72.623 Y47.983 E.10225
G1 X66.507 Y47.983 E.16504
G1 X66.051 Y48.379 F9000
;TYPE:External perimeter
;WIDTH:0.419999
G1 F900
G1 X66.051 Y43.799 E.1175
G1 X73.019 Y43.799 E.17876
G1 X73.019 Y48.379 E.1175
G1 X66.111 Y48.379 E.17722
G1 E-3.5 F3600
;WIPE_START
G1 F7200
G1 X66.051 Y48.379 E-.0285
G1 X66.051 Y45.281 E-1.4715
;WIPE_END
G1 X67.818 Y47.265 F9000
G1 E5 F2400
;TYPE:Internal infill
;WIDTH:0.44
G1 F900
G1 X68.237 Y46.846 E.01599
G1 X68.643 Y47.265 F9000
;TYPE:Solid infill
;WIDTH:0.439999
G1 F900
G1 X68.643 Y44.912 E.0635
G1 X71.905 Y44.912 E.08802
G1 X71.905 Y47.265 E.0635
G1 X68.846 Y47.265 E.08255
G1 X69.049 Y46.859 E.01225
G1 X69.049 Y45.318 E.04158
G1 X71.5 Y45.318 E.06614
G1 X71.5 Y46.859 E.04158
G1 X69.251 Y46.859 E.06069
G1 X69.454 Y46.454 E.01222
G1 X69.454 Y45.724 E.0197
G1 X71.094 Y45.724 E.04426
G1 X71.094 Y46.454 E.0197
G1 X69.657 Y46.454 E.03878
G1 X69.819 Y46.089 E.01078
;WIDTH:0.35865
G1 X70.729 Y46.089 E.01963
;LAYER_CHANGE
;Z:13.16
;HEIGHT:0.16
;BEFORE_LAYER_CHANGE
G92 E0
;13.16


G1 E-3.5 F3600
;WIPE_START
G1 F7200
G1 X69.819 Y46.089 E-.43225
G1 X69.657 Y46.454 E-.18968
G1 X71.094 Y46.454 E-.68258
G1 X71.094 Y46.042 E-.19549
;WIPE_END
G1 Z13.16 F9000
;AFTER_LAYER_CHANGE
;13.16
G1 X71.621 Y47.577
G1 E5 F2400
;TYPE:Perimeter
;WIDTH:0.439999
G1 F900
G1 X66.896 Y47.577 E.1275
G1 X66.896 Y44.6 E.08033
G1 X71.621 Y44.6 E.1275
G1 X71.621 Y47.517 E.07871
G1 X72.026 Y47.983 F9000
G1 F900
G1 X66.49 Y47.983 E.14939
G1 X66.49 Y44.194 E.10225
G1 X72.026 Y44.194 E.14939
G1 X72.026 Y47.923 E.10063
G1 X72.422 Y48.379 F9000
;TYPE:External perimeter
;WIDTH:0.419999
G1 F900
G1 X66.094 Y48.379 E.16234
G1 X66.094 Y43.799 E.1175
G1 X72.422 Y43.799 E.16234
G1 X72.422 Y48.319 E.11596
G1 E-3.5 F3600
;WIPE_START
G1 F7200
G1 X72.422 Y48.379 E-.0285
G1 X69.324 Y48.379 E-1.4715
;WIPE_END
G1 X71.105 Y44.912 F9000
G1 E5 F2400
;TYPE:Solid infill
;WIDTH:0.439999
G1 F900
G1 X68.046 Y44.912 E.08255
G1 X68.046 Y47.265 E.0635
G1 X71.308 Y47.265 E.08802
G1 X71.308 Y44.912 E.0635
G1 X70.902 Y45.318 E.01549
G1 X70.902 Y46.859 E.04158
G1 X68.452 Y46.859 E.06611
G1 X68.452 Y45.318 E.04158
G1 X70.7 Y45.318 E.06066
G1 X70.497 Y45.724 E.01225
G1 X70.497 Y46.454 E.0197
G1 X68.857 Y46.454 E.04426
G1 X68.857 Y45.724 E.0197
G1 X70.294 Y45.724 E.03878
G1 X70.213 Y45.906 E.00538
;WIDTH:0.399325
G1 X70.132 Y46.089 E.00486
;WIDTH:0.35865
G1 X69.222 Y46.089 E.01963
;LAYER_CHANGE
;Z:13.32
;HEIGHT:0.16
;BEFORE_LAYER_CHANGE
G92 E0
;13.32


G1 E-3.5 F3600
;WIPE_START
G1 F7200
G1 X70.132 Y46.089 E-.43225
G1 X70.213 Y45.906 E-.09506
G1 X70.294 Y45.724 E-.09463
G1 X68.857 Y45.724 E-.68257
G1 X68.857 Y46.135 E-.19549
;WIPE_END
G1 Z13.32 F9000
;AFTER_LAYER_CHANGE
;13.32
G1 X71.023 Y47.577
G1 E5 F2400
;TYPE:Perimeter
;WIDTH:0.439999
G1 F900
G1 X66.938 Y47.577 E.11023
G1 X66.938 Y44.6 E.08033
G1 X71.023 Y44.6 E.11023
G1 X71.023 Y47.517 E.07871
G1 X71.429 Y47.983 F9000
G1 F900
G1 X66.533 Y47.983 E.13212
G1 X66.533 Y44.194 E.10225
G1 X71.429 Y44.194 E.13212
G1 X71.429 Y47.923 E.10063
G1 X71.825 Y48.379 F9000
;TYPE:External perimeter
;WIDTH:0.419999
G1 F900
G1 X66.137 Y48.379 E.14592
G1 X66.137 Y43.799 E.1175
G1 X71.825 Y43.799 E.14592
G1 X71.825 Y48.319 E.11596
G1 E-3.5 F3600
;WIPE_START
G1 F7200
G1 X71.825 Y48.379 E-.0285
G1 X68.727 Y48.379 E-1.4715
;WIPE_END
G1 X67.251 Y47.265 F9000
G1 E5 F2400
;TYPE:Solid infill
;WIDTH:0.439999
G1 F900
G1 X67.251 Y44.912 E.0635
G1 X70.711 Y44.912 E.09337
G1 X70.711 Y47.265 E.0635
G1 X67.454 Y47.265 E.08789
G1 X67.656 Y46.859 E.01224
G1 X67.656 Y45.318 E.04158
G1 X70.305 Y45.318 E.07148
G1 X70.305 Y46.859 E.04158
G1 X67.859 Y46.859 E.066
G1 X68.062 Y46.454 E.01222
G1 X68.062 Y45.724 E.0197
G1 X69.9 Y45.724 E.0496
G1 X69.9 Y46.454 E.0197
G1 X68.265 Y46.454 E.04412
G1 X68.427 Y46.089 E.01078
;WIDTH:0.35865
G1 X69.535 Y46.089 E.0239
;LAYER_CHANGE
;Z:13.48
;HEIGHT:0.16
;BEFORE_LAYER_CHANGE
G92 E0
;13.48


G1 E-3.5 F3600
;WIPE_START
G1 F7200
G1 X68.427 Y46.089 E-.5263
G1 X68.265 Y46.454 E-.18968
G1 X69.9 Y46.454 E-.77663
G1 X69.9 Y46.438 E-.00739
;WIPE_END
G1 Z13.48 F9000
;AFTER_LAYER_CHANGE
;13.48
G1 X70.426 Y47.577
G1 E5 F2400
;TYPE:Perimeter
;WIDTH:0.439999
G1 F900
G1 X66.981 Y47.577 E.09296
G1 X66.981 Y44.6 E.08033
G1 X70.426 Y44.6 E.09296
G1 X70.426 Y47.517 E.07871
G1 X70.832 Y47.983 F9000
G1 F900
G1 X66.576 Y47.983 E.11485
G1 X66.576 Y44.194 E.10225
G1 X70.832 Y44.194 E.11485
G1 X70.832 Y47.923 E.10063
G1 X71.228 Y48.379 F9000
;TYPE:External perimeter
;WIDTH:0.419999
G1 F900
G1 X66.18 Y48.379 E.1295
G1 X66.18 Y43.799 E.1175
G1 X71.228 Y43.799 E.1295
G1 X71.228 Y48.319 E.11596
G1 E-3.5 F3600
;WIPE_START
G1 F7200
G1 X71.228 Y48.379 E-.0285
G1 X68.13 Y48.379 E-1.4715
;WIPE_END
G1 X67.294 Y44.912 F9000
G1 E5 F2400
;TYPE:Solid infill
;WIDTH:0.439999
G1 F900
G1 X70.114 Y44.912 E.0761
G1 X70.114 Y47.265 E.0635
G1 X67.294 Y47.265 E.0761
G1 X67.294 Y45.115 E.05802
G1 X67.699 Y45.318 E.01222
G1 X69.708 Y45.318 E.05421
G1 X69.708 Y46.859 E.04158
G1 X67.699 Y46.859 E.05421
G1 X67.699 Y45.521 E.03611
G1 X68.105 Y45.724 E.01225
G1 X69.303 Y45.724 E.03233
G1 X69.303 Y46.454 E.0197
G1 X68.105 Y46.454 E.03233
G1 X68.105 Y45.927 E.01422
G1 X68.287 Y46.008 E.00538
;WIDTH:0.399326
G1 X68.47 Y46.089 E.00486
;WIDTH:0.358652
G1 X68.938 Y46.089 E.0101
;LAYER_CHANGE
;Z:13.64
;HEIGHT:0.160001
;BEFORE_LAYER_CHANGE
G92 E0
;13.64


G1 E-3.5 F3600
;WIPE_START
G1 F7200
G1 X68.47 Y46.089 E-.2223
G1 X68.287 Y46.008 E-.09506
G1 X68.105 Y45.927 E-.09463
G1 X68.105 Y46.454 E-.25033
G1 X69.303 Y46.454 E-.56905
G1 X69.303 Y45.888 E-.26863
;WIPE_END
G1 Z13.64 F9000
;AFTER_LAYER_CHANGE
;13.64
G1 X69.829 Y47.577
G1 E5 F2400
;TYPE:Perimeter
;WIDTH:0.439999
G1 F900
G1 X67.024 Y47.577 E.07569
G1 X67.024 Y44.6 E.08033
G1 X69.829 Y44.6 E.07569
G1 X69.829 Y47.517 E.07871
G1 X70.235 Y47.983 F9000
G1 F900
G1 X66.618 Y47.983 E.0976
G1 X66.618 Y44.194 E.10225
G1 X70.235 Y44.194 E.0976
G1 X70.235 Y47.923 E.10063
G1 X70.63 Y48.379 F9000
;TYPE:External perimeter
;WIDTH:0.419999
G1 F900
G1 X66.223 Y48.379 E.11306
G1 X66.223 Y43.799 E.1175
G1 X70.63 Y43.799 E.11306
G1 X70.63 Y48.319 E.11596
G1 E-3.5 F3600
;WIPE_START
G1 F7200
G1 X70.63 Y48.379 E-.0285
G1 X67.532 Y48.379 E-1.4715
;WIPE_END
G1 X67.336 Y47.265 F9000
G1 E5 F2400
;TYPE:Solid infill
;WIDTH:0.439999
G1 F900
G1 X67.336 Y44.912 E.0635
G1 X69.517 Y44.912 E.05885
G1 X69.517 Y47.265 E.0635
G1 X67.539 Y47.265 E.05338
G1 X67.742 Y46.859 E.01225
G1 X67.742 Y45.318 E.04158
G1 X69.111 Y45.318 E.03694
G1 X69.111 Y46.859 E.04158
G1 X67.945 Y46.859 E.03146
G1 X68.186 Y46.416 E.01361
;WIDTH:0.515987
G1 X68.186 Y45.762 E.02095
G1 X68.667 Y45.762 E.01541
G1 X68.667 Y46.416 E.02095
G1 X68.389 Y46.416 E.00891
;LAYER_CHANGE
;Z:13.8
;HEIGHT:0.16
;BEFORE_LAYER_CHANGE
G92 E0
;13.8


G1 E-3.5 F3600
;WIPE_START
G1 F7200
G1 X68.667 Y46.416 E-.13205
G1 X68.667 Y45.762 E-.31065
G1 X68.186 Y45.762 E-.22847
G1 X68.186 Y46.416 E-.31065
G1 X67.945 Y46.859 E-.23955
G1 X68.532 Y46.859 E-.27863
;WIPE_END
G1 Z13.8 F9000
;AFTER_LAYER_CHANGE
;13.8
G1 X69.232 Y47.577
G1 E5 F2400
;TYPE:Perimeter
;WIDTH:0.439999
G1 F900
G1 X67.067 Y47.577 E.05842
G1 X67.067 Y44.6 E.08033
G1 X69.232 Y44.6 E.05842
G1 X69.232 Y47.517 E.07871
G1 X69.638 Y47.983 F9000
G1 F900
G1 X66.661 Y47.983 E.08033
G1 X66.661 Y44.194 E.10225
G1 X69.638 Y44.194 E.08033
G1 X69.638 Y47.923 E.10063
G1 X70.033 Y48.379 F9000
;TYPE:External perimeter
;WIDTH:0.419999
G1 F900
G1 X66.266 Y48.379 E.09664
G1 X66.266 Y43.799 E.1175
G1 X70.033 Y43.799 E.09664
G1 X70.033 Y48.319 E.11596
G1 E-3.5 F3600
;WIPE_START
G1 F7200
G1 X70.033 Y48.379 E-.0285
G1 X66.935 Y48.379 E-1.4715
;WIPE_END
G1 X67.379 Y44.912 F9000
G1 E5 F2400
;TYPE:Solid infill
;WIDTH:0.439999
G1 F900
G1 X68.92 Y44.912 E.04158
G1 X68.92 Y47.265 E.0635
G1 X67.379 Y47.265 E.04158
G1 X67.379 Y45.115 E.05802
G1 X67.785 Y45.318 E.01225
G1 X68.514 Y45.318 E.01967
G1 X68.514 Y46.859 E.04158
G1 X67.785 Y46.859 E.01967
G1 X67.785 Y45.521 E.03611
G1 X68.149 Y45.683 E.01075
;WIDTH:0.357638
G1 X68.149 Y46.495 E.01746
;LAYER_CHANGE
;Z:13.96
;HEIGHT:0.16
;BEFORE_LAYER_CHANGE
G92 E0
;13.96


G1 E-3.5 F3600
;WIPE_START
G1 F7200
G1 X68.149 Y45.683 E-.3857
G1 X67.785 Y45.521 E-.18925
G1 X67.785 Y46.859 E-.63555
G1 X68.394 Y46.859 E-.2895
;WIPE_END
G1 Z13.96 F9000
;AFTER_LAYER_CHANGE
;13.96
G1 X68.635 Y47.577
G1 E5 F2400
;TYPE:Perimeter
;WIDTH:0.439999
G1 F900
G1 X67.114 Y47.577 E.04104
G1 X67.114 Y44.6 E.08033
G1 X68.635 Y44.6 E.04104
G1 X68.635 Y47.517 E.07871
G1 X69.041 Y47.983 F9000
G1 F900
G1 X66.708 Y47.983 E.06296
G1 X66.708 Y44.194 E.10225
G1 X69.041 Y44.194 E.06296
G1 X69.041 Y47.923 E.10063
G1 X69.436 Y48.379 F9000
;TYPE:External perimeter
;WIDTH:0.419999
G1 F900
G1 X66.312 Y48.379 E.08014
G1 X66.312 Y43.799 E.1175
G1 X69.436 Y43.799 E.08014
G1 X69.436 Y48.319 E.11596
G1 E-3.5 F3600
;WIPE_START
G1 F7200
G1 X69.436 Y48.379 E-.0285
G1 X66.338 Y48.379 E-1.4715
;WIPE_END
G1 X67.426 Y45.115 F9000
G1 E5 F2400
;TYPE:Solid infill
;WIDTH:0.439999
G1 F900
G1 X67.426 Y47.265 E.05802
G1 X68.323 Y47.265 E.02421
G1 X68.323 Y44.912 E.0635
G1 X67.426 Y44.912 E.02421
G1 X67.874 Y45.361 E.01712
;WIDTH:0.525142
G1 X67.874 Y46.817 E.04754
;LAYER_CHANGE
;Z:14.12
;HEIGHT:0.16
;BEFORE_LAYER_CHANGE
G92 E0
;14.12


G1 E-3.5 F3600
;WIPE_START
G1 F7200
G1 X67.874 Y45.361 E-.6916
G1 X67.426 Y44.912 E-.30128
G1 X68.323 Y44.912 E-.42608
G1 X68.323 Y45.083 E-.08104
;WIPE_END
G1 Z14.12 F9000
;AFTER_LAYER_CHANGE
;14.12
G1 X68.038 Y47.577
G1 E5 F2400
;TYPE:Perimeter
;WIDTH:0.439999
G1 F900
G1 X67.188 Y47.577 E.02294
G1 X67.188 Y44.6 E.08033
G1 X68.038 Y44.6 E.02294
G1 X68.038 Y47.517 E.07871
G1 X68.443 Y47.983 F9000
G1 F900
G1 X66.782 Y47.983 E.04482
G1 X66.782 Y44.194 E.10225
G1 X68.443 Y44.194 E.04482
G1 X68.443 Y47.923 E.10063
G1 X68.839 Y48.379 F9000
;TYPE:External perimeter
;WIDTH:0.419999
G1 F900
G1 X66.386 Y48.379 E.06293
G1 X66.386 Y43.799 E.1175
G1 X68.839 Y43.799 E.06293
G1 X68.839 Y48.319 E.11596
G1 E-3.5 F3600
;WIPE_START
G1 F7200
G1 X68.839 Y48.379 E-.0285
G1 X66.386 Y48.379 E-1.16518
G1 X66.386 Y47.734 E-.30632
;WIPE_END
G1 X67.455 Y44.867 F9000
G1 E5 F2400
;TYPE:Solid infill
;WIDTH:0.349868
G1 F900
G1 X67.77 Y44.867 E.00661
G1 X67.77 Y47.31 E.05128
G1 X67.455 Y47.31 E.00661
G1 X67.455 Y45.07 E.04702
;LAYER_CHANGE
;Z:14.28
;HEIGHT:0.16
;BEFORE_LAYER_CHANGE
G92 E0
;14.28


G1 E-3.5 F3600
;WIPE_START
G1 F7200
G1 X67.455 Y47.31 E-1.064
G1 X67.77 Y47.31 E-.14962
G1 X67.77 Y46.707 E-.28638
;WIPE_END
G1 Z14.28 F9000
;AFTER_LAYER_CHANGE
;14.28
G1 X67.371 Y47.508
G1 E5 F2400
;TYPE:Perimeter
;WIDTH:0.578834
G1 F900
G1 X67.371 Y44.669 E.10283
G1 X66.896 Y44.194 F9000
;WIDTH:0.439999
G1 F900
G1 X67.846 Y44.194 E.02564
G1 X67.846 Y47.983 E.10225
G1 X66.896 Y47.983 E.02564
G1 X66.896 Y44.254 E.10063
G1 X66.5 Y43.799 F9000
;TYPE:External perimeter
;WIDTH:0.419999
G1 F900
G1 X68.242 Y43.799 E.04469
G1 X68.242 Y48.379 E.1175
G1 X66.5 Y48.379 E.04469
G1 X66.5 Y43.859 E.11596
;LAYER_CHANGE
;Z:14.44
;HEIGHT:0.16
;BEFORE_LAYER_CHANGE
G92 E0
;14.44


G1 E-3.5 F3600
;WIPE_START
G1 F7200
G1 X66.5 Y43.799 E-.0285
G1 X68.242 Y43.799 E-.82745
G1 X68.242 Y45.155 E-.64405
;WIPE_END
G1 Z14.44 F9000
;AFTER_LAYER_CHANGE
;14.44
G1 X67.161 Y47.895
G1 E5 F2400
;TYPE:Perimeter
;WIDTH:0.61535
G1 F900
G1 X67.161 Y44.282 E.13964
G1 X66.678 Y43.799 F9000
;TYPE:External perimeter
;WIDTH:0.419999
G1 F900
G1 X67.645 Y43.799 E.02481
G1 X67.645 Y48.379 E.1175
G1 X66.678 Y48.379 E.02481
G1 X66.678 Y43.859 E.11596
;LAYER_CHANGE
;Z:14.6
;HEIGHT:0.160001
;BEFORE_LAYER_CHANGE
G92 E0
;14.6


G1 E-3.5 F3600
;WIPE_START
G1 F7200
G1 X66.678 Y43.799 E-.0285
G1 X67.645 Y43.799 E-.45932
G1 X67.645 Y45.93 E-1.01218
;WIPE_END
G1 Z14.6 F9000
;AFTER_LAYER_CHANGE
;14.6
G1 X67.044 Y48.38
G1 E5 F2400
;WIDTH:0.417206
G1 F900
G1 X67.044 Y43.797 E.11672
; stop printing object Rollenhalter-Spanner.stl id:0 copy 0
G1 E-3.5 F3600
;WIPE_START
G1 F7200;_WIPE
G1 X67.044 Y46.955 E-1.5
;WIPE_END
M107
;TYPE:Custom
; Filament-specific end gcode 
;END gcode for filament
G1 Z16.6 F600 ; Move print head up
G1 X5 Y193.8 F9000 ; present print
G1 Z84.6 F600 ; Move print head further up
G1 Z150 F600 ; Move print head further up
M140 S0 ; turn off heatbed
M104 S0 ; turn off temperature
M107 ; turn off fan
M84 X Y E ; disable motors
; objects_info = {"objects":[{"name":"Rollenhalter-Spanner.stl id:0 copy 0","polygon":[[80.545,31.689],[55.646,31.689],[55.646,42.689],[80.545,42.689],[80.545,48.589],[28.548,48.589],[28.548,45.089],[48.046,45.089],[48.046,29.089],[28.548,29.089],[28.548,26.589],[80.545,26.589]]}]}
; filament used [mm] = 1602.03
; filament used [cm3] = 3.85
; filament used [g] = 4.78
; filament cost = 0.10
; total filament used [g] = 4.78
; total filament cost = 0.10
; total filament used for wipe tower [g] = 0.00
; estimated printing time (normal mode) = 39m 26s
; estimated first layer printing time (normal mode) = 1m 55s

; prusaslicer_config = begin
; arc_fitting = disabled
; autoemit_temperature_commands = 1
; automatic_extrusion_widths = 0
; automatic_infill_combination = 0
; automatic_infill_combination_max_layer_height = 100%
; avoid_crossing_curled_overhangs = 0
; avoid_crossing_perimeters = 0
; avoid_crossing_perimeters_max_detour = 0
; bed_custom_model = 
; bed_custom_texture = 
; bed_shape = 3x3,228x3,228x228,3x228
; bed_temperature = 60
; bed_temperature_extruder = 0
; before_layer_gcode = ;BEFORE_LAYER_CHANGE\nG92 E0\n;{layer_z}\n\n
; between_objects_gcode = 
; binary_gcode = 0
; bottom_fill_pattern = monotonic
; bottom_solid_layers = 5
; bottom_solid_min_thickness = 0
; bridge_acceleration = 250
; bridge_angle = 0
; bridge_fan_speed = 100
; bridge_flow_ratio = 0.85
; bridge_speed = 25
; brim_separation = 0
; brim_type = outer_only
; brim_width = 0
; chamber_minimal_temperature = 0
; chamber_temperature = 0
; color_change_gcode = M600
; colorprint_heights = 
; compatible_printers_condition_cummulative = "printer_model=~/(ENDER|CR|SERMOON).*/ and nozzle_diameter[0]==0.4";printer_notes=~/.*PRINTER_VENDOR_CREALITY.*/
; complete_objects = 0
; cooling = 1
; cooling_perimeter_transition_distance = 0
; cooling_slowdown_logic = uniform_cooling
; cooling_tube_length = 5
; cooling_tube_retraction = 91.5
; custom_parameters_filament = ""
; custom_parameters_print = 
; custom_parameters_printer = 
; default_acceleration = 500
; default_filament_profile = "Generic PLA @CREALITY"
; default_print_profile = "0.16 mm OPTIMAL (0.4 mm nozzle) @CREALITY"
; deretract_speed = 40
; disable_fan_first_layers = 1
; dont_support_bridges = 1
; draft_shield = disabled
; duplicate_distance = 6
; elefant_foot_compensation = 0.1
; enable_dynamic_fan_speeds = 0
; enable_dynamic_overhang_speeds = 0
; end_filament_gcode = "; Filament-specific end gcode \n;END gcode for filament\n"
; end_gcode = {if max_layer_z < max_print_height}G1 Z{z_offset+min(max_layer_z+2, max_print_height)} F600 ; Move print head up{endif}\nG1 X5 Y{print_bed_max[1]*0.85} F{travel_speed*60} ; present print\n{if max_layer_z < max_print_height-10}G1 Z{z_offset+min(max_layer_z+70, max_print_height-10)} F600 ; Move print head further up{endif}\n{if max_layer_z < max_print_height*0.6}G1 Z{max_print_height*0.6} F600 ; Move print head further up{endif}\nM140 S0 ; turn off heatbed\nM104 S0 ; turn off temperature\nM107 ; turn off fan\nM84 X Y E ; disable motors
; ensure_vertical_shell_thickness = enabled
; external_perimeter_acceleration = 0
; external_perimeter_extrusion_width = 0.42
; external_perimeter_speed = 30
; external_perimeters_first = 0
; extra_loading_move = -2
; extra_perimeters = 0
; extra_perimeters_on_overhangs = 0
; extruder_clearance_height = 25
; extruder_clearance_radius = 55
; extruder_colour = #FCE94F
; extruder_offset = 0x0
; extrusion_axis = E
; extrusion_multiplier = 1
; extrusion_width = 0.44
; fan_always_on = 1
; fan_below_layer_time = 100
; filament_abrasive = 0
; filament_colour = #DDDDDD
; filament_cooling_final_speed = 3.4
; filament_cooling_initial_speed = 2.2
; filament_cooling_moves = 4
; filament_cost = 20
; filament_density = 1.24
; filament_deretract_speed = nil
; filament_diameter = 1.75
; filament_flush_speed = 0
; filament_flush_volume = 0
; filament_infill_max_crossing_speed = 0
; filament_infill_max_speed = 0
; filament_load_time = 0
; filament_loading_speed = 28
; filament_loading_speed_start = 3
; filament_max_volumetric_speed = 15
; filament_minimal_purge_on_wipe_tower = 15
; filament_multitool_ramming = 0
; filament_multitool_ramming_flow = 10
; filament_multitool_ramming_volume = 10
; filament_notes = "Retract erhöht"
; filament_purge_multiplier = 100%
; filament_ramming_parameters = "120 100 6.6 6.8 7.2 7.6 7.9 8.2 8.7 9.4 9.9 10.0| 0.05 6.6 0.45 6.8 0.95 7.8 1.45 8.3 1.95 9.7 2.45 10 2.95 7.6 3.45 7.6 3.95 7.6 4.45 7.6 4.95 7.6"
; filament_retract_before_travel = nil
; filament_retract_before_wipe = nil
; filament_retract_layer_change = nil
; filament_retract_length = nil
; filament_retract_length_toolchange = nil
; filament_retract_lift = nil
; filament_retract_lift_above = nil
; filament_retract_lift_below = nil
; filament_retract_restart_extra = nil
; filament_retract_restart_extra_toolchange = nil
; filament_retract_speed = nil
; filament_seam_gap_distance = nil
; filament_settings_id = "Generic PLA @CREALITY - SUNULU_Retract"
; filament_shrinkage_compensation_xy = 0%
; filament_shrinkage_compensation_z = 0%
; filament_soluble = 0
; filament_spool_weight = 0
; filament_stamping_distance = 0
; filament_stamping_loading_speed = 20
; filament_toolchange_delay = 0
; filament_travel_lift_before_obstacle = nil
; filament_travel_max_lift = nil
; filament_travel_ramping_lift = nil
; filament_travel_slope = nil
; filament_type = PLA
; filament_unload_time = 0
; filament_unloading_speed = 90
; filament_unloading_speed_start = 100
; filament_vendor = Generic
; filament_wipe = nil
; fill_angle = 45
; fill_density = 15%
; fill_pattern = grid
; first_layer_acceleration = 0
; first_layer_acceleration_over_raft = 0
; first_layer_bed_temperature = 60
; first_layer_extrusion_width = 0.42
; first_layer_height = 0.2
; first_layer_infill_speed = 0
; first_layer_speed = 20
; first_layer_speed_over_raft = 30
; first_layer_temperature = 220
; full_fan_speed_layer = 0
; fuzzy_skin = none
; fuzzy_skin_point_dist = 0.8
; fuzzy_skin_thickness = 0.3
; gap_fill_enabled = 1
; gap_fill_speed = 30
; gcode_comments = 0
; gcode_flavor = marlin
; gcode_label_objects = octoprint
; gcode_resolution = 0.0125
; gcode_substitutions = 
; high_current_on_filament_swap = 0
; host_type = prusalink
; idle_temperature = 150
; infill_acceleration = 0
; infill_anchor = 600%
; infill_anchor_max = 50
; infill_every_layers = 1
; infill_extruder = 1
; infill_extrusion_width = 0.44
; infill_first = 0
; infill_overlap = 23%
; infill_speed = 60
; inherits_cummulative = ;"Generic PLA @CREALITY";
; interface_shells = 0
; interlocking_beam = 0
; interlocking_beam_layer_count = 2
; interlocking_beam_width = 0.8
; interlocking_boundary_avoidance = 2
; interlocking_depth = 2
; interlocking_orientation = 22.5
; ironing = 0
; ironing_flowrate = 10%
; ironing_spacing = 0.1
; ironing_speed = 20
; ironing_type = top
; layer_gcode = ;AFTER_LAYER_CHANGE\n;{layer_z}
; layer_height = 0.16
; machine_limits_usage = emit_to_gcode
; machine_max_acceleration_e = 5000
; machine_max_acceleration_extruding = 500
; machine_max_acceleration_retracting = 1000
; machine_max_acceleration_travel = 500
; machine_max_acceleration_x = 500
; machine_max_acceleration_y = 500
; machine_max_acceleration_z = 100
; machine_max_feedrate_e = 60
; machine_max_feedrate_x = 500
; machine_max_feedrate_y = 500
; machine_max_feedrate_z = 10
; machine_max_jerk_e = 5
; machine_max_jerk_x = 8
; machine_max_jerk_y = 8
; machine_max_jerk_z = 0.4
; machine_max_junction_deviation = 0,0
; machine_min_extruding_rate = 0
; machine_min_travel_rate = 0
; max_fan_speed = 100
; max_layer_height = 0.32
; max_print_height = 250
; max_print_speed = 100
; max_volumetric_extrusion_rate_slope_negative = 0
; max_volumetric_extrusion_rate_slope_positive = 0
; max_volumetric_speed = 0
; min_bead_width = 85%
; min_fan_speed = 100
; min_feature_size = 25%
; min_layer_height = 0.06
; min_print_speed = 15
; min_skirt_length = 4
; mmu_segmented_region_interlocking_depth = 0
; mmu_segmented_region_max_width = 0
; multimaterial_purging = 140
; notes = 
; nozzle_diameter = 0.4
; nozzle_high_flow = 0
; only_one_perimeter_first_layer = 0
; only_retract_when_crossing_perimeters = 0
; ooze_prevention = 0
; output_filename_format = {input_filename_base}_{print_time}_{digits(layer_height,1,2)}mm_{temperature[0]}C_{filament_type[0]}_{printer_model}.gcode
; over_bridge_speed = 0
; overhang_fan_speed_0 = 0
; overhang_fan_speed_1 = 0
; overhang_fan_speed_2 = 0
; overhang_fan_speed_3 = 0
; overhang_speed_0 = 15
; overhang_speed_1 = 15
; overhang_speed_2 = 20
; overhang_speed_3 = 25
; overhangs = 0
; parking_pos_retraction = 92
; pause_print_gcode = M25 ; pause print
; perimeter_acceleration = 0
; perimeter_extruder = 1
; perimeter_extrusion_width = 0.44
; perimeter_generator = arachne
; perimeter_speed = 60
; perimeters = 3
; physical_printer_settings_id = 
; post_process = 
; prefer_clockwise_movements = 0
; print_settings_id = 0.16 mm OPTIMAL SPEED (0.4 mm nozzle) @CREALITY
; printer_model = ENDER3PRO
; printer_notes = Don't remove the following keywords! These keywords are used in the "compatible printer" condition of the print and filament profiles to link the particular print and filament profiles to this printer profile.\nPRINTER_VENDOR_CREALITY\nPRINTER_MODEL_ENDER3PRO\nPRINTER_HAS_BOWDEN
; printer_settings_id = Creality Ender-3 Pro (0.4 mm nozzle)
; printer_technology = FFF
; printer_variant = 0.4
; printer_vendor = 
; profile_vendor = Creality
; profile_version = 1.1.0
; raft_contact_distance = 0.1
; raft_expansion = 1.5
; raft_first_layer_density = 90%
; raft_first_layer_expansion = 3
; raft_layers = 0
; remaining_times = 0
; resolution = 0
; retract_before_travel = 2
; retract_before_wipe = 70%
; retract_layer_change = 1
; retract_length = 5
; retract_length_toolchange = 1
; retract_lift = 0
; retract_lift_above = 0.2
; retract_lift_below = 0
; retract_restart_extra = 0
; retract_restart_extra_toolchange = 0
; retract_speed = 60
; scarf_seam_entire_loop = 0
; scarf_seam_length = 20
; scarf_seam_max_segment_length = 1
; scarf_seam_on_inner_perimeters = 0
; scarf_seam_only_on_smooth = 1
; scarf_seam_placement = nowhere
; scarf_seam_start_height = 0%
; seam_gap_distance = 15%
; seam_position = nearest
; silent_mode = 0
; single_extruder_multi_material = 0
; single_extruder_multi_material_priming = 0
; skirt_distance = 3
; skirt_height = 2
; skirts = 1
; slice_closing_radius = 0.049
; slicing_mode = regular
; slowdown_below_layer_time = 20
; small_perimeter_speed = 30
; solid_infill_acceleration = 0
; solid_infill_below_area = 0
; solid_infill_every_layers = 0
; solid_infill_extruder = 1
; solid_infill_extrusion_width = 0.44
; solid_infill_speed = 60
; spiral_vase = 0
; staggered_inner_seams = 0
; standby_temperature_delta = -5
; start_filament_gcode = "; Filament gcode\n"
; start_gcode = G90 ; use absolute coordinates\nM83 ; extruder relative mode\nM104 S{is_nil(idle_temperature[0]) ? 150 : idle_temperature[0]} ; set temporary nozzle temp to prevent oozing during homing\nM140 S{first_layer_bed_temperature[0]} ; set final bed temp\nG4 S30 ; allow partial nozzle warmup\nG28 ; home all axis\nG1 Z50 F240\nG1 X2.0 Y10 F3000\nM104 S{first_layer_temperature[0]} ; set final nozzle temp\nM190 S{first_layer_bed_temperature[0]} ; wait for bed temp to stabilize\nM109 S{first_layer_temperature[0]} ; wait for nozzle temp to stabilize\nG1 Z0.28 F240\nG92 E0\nG1 X2.0 Y140 E10 F1500 ; prime the nozzle\nG1 X2.3 Y140 F5000\nG92 E0\nG1 X2.3 Y10 E10 F1200 ; prime the nozzle\nG92 E0
; support_material = 0
; support_material_angle = 0
; support_material_auto = 1
; support_material_bottom_contact_distance = 0
; support_material_bottom_interface_layers = -1
; support_material_buildplate_only = 0
; support_material_closing_radius = 2
; support_material_contact_distance = 0.15
; support_material_enforce_layers = 0
; support_material_extruder = 0
; support_material_extrusion_width = 0.36
; support_material_interface_contact_loops = 0
; support_material_interface_extruder = 0
; support_material_interface_layers = 2
; support_material_interface_pattern = rectilinear
; support_material_interface_spacing = 0.2
; support_material_interface_speed = 100%
; support_material_pattern = rectilinear
; support_material_spacing = 1
; support_material_speed = 40
; support_material_style = grid
; support_material_synchronize_layers = 0
; support_material_threshold = 40
; support_material_with_sheath = 0
; support_material_xy_spacing = 60%
; support_tree_angle = 40
; support_tree_angle_slow = 25
; support_tree_branch_diameter = 2
; support_tree_branch_diameter_angle = 5
; support_tree_branch_diameter_double_wall = 3
; support_tree_branch_distance = 1
; support_tree_tip_diameter = 0.8
; support_tree_top_rate = 15%
; temperature = 220
; template_custom_gcode = 
; thick_bridges = 1
; thin_walls = 0
; thumbnails = 
; thumbnails_format = PNG
; toolchange_gcode = 
; toolchange_ordering = optimized
; top_fill_pattern = monotonic
; top_infill_extrusion_width = 0.4
; top_one_perimeter_type = none
; top_solid_infill_acceleration = 0
; top_solid_infill_speed = 30
; top_solid_layers = 7
; top_solid_min_thickness = 0
; travel_acceleration = 0
; travel_lift_before_obstacle = 0
; travel_max_lift = 0
; travel_ramping_lift = 0
; travel_short_distance_acceleration = 0
; travel_slope = 0
; travel_speed = 150
; travel_speed_z = 0
; use_firmware_retraction = 0
; use_relative_e_distances = 1
; use_volumetric_e = 0
; variable_layer_height = 1
; wall_distribution_count = 1
; wall_transition_angle = 10
; wall_transition_filter_deviation = 25%
; wall_transition_length = 100%
; wipe = 1
; wipe_into_infill = 0
; wipe_into_objects = 0
; wipe_tower = 0
; wipe_tower_acceleration = 0
; wipe_tower_bridging = 10
; wipe_tower_brim_width = 2
; wipe_tower_cone_angle = 0
; wipe_tower_extra_flow = 100%
; wipe_tower_extra_spacing = 100%
; wipe_tower_extruder = 0
; wipe_tower_no_sparse_layers = 0
; wipe_tower_width = 60
; wiping_volumes_matrix = 0
; wiping_volumes_use_custom_matrix = 0
; xy_size_compensation = 0
; z_offset = 0
; prusaslicer_config = end
