; generated by PrusaSlicer 2.9.6 on 2026-09-10 at 12:21:44 UTC

; 

; external perimeters extrusion width = 0.42mm
; perimeters extrusion width = 0.44mm
; infill extrusion width = 0.44mm
; solid infill extrusion width = 0.44mm
; top infill extrusion width = 0.40mm
; support material extrusion width = 0.36mm
; first layer extrusion width = 0.42mm

; external perimeters extrusion width = 0.42mm
; perimeters extrusion width = 0.44mm
; infill extrusion width = 0.44mm
; solid infill extrusion width = 0.44mm
; top infill extrusion width = 0.40mm
; support material extrusion width = 0.36mm
; first layer extrusion width = 0.42mm

M201 X500 Y500 Z100 E5000 ; sets maximum accelerations, mm/sec^2
M203 X500 Y500 Z10 E60 ; sets maximum feedrates, mm / sec
M204 S500 T1000 ; sets acceleration (S) and retract acceleration (R), mm/sec^2
M205 X8.00 Y8.00 Z0.40 E5.00 ; sets the jerk limits, mm/sec
M205 S0 T0 ; sets the minimum extruding and travel feed rate, mm/sec

; printing object Arduino_gehäuse-Unterteil.stl id:0 copy 0
; stop printing object Arduino_gehäuse-Unterteil.stl id:0 copy 0
; printing object leuchte_led_halter-Halter.stl id:1 copy 0
; stop printing object leuchte_led_halter-Halter.stl id:1 copy 0
; printing object leuchte_led_halter-Halter.stl id:1 copy 1
; stop printing object leuchte_led_halter-Halter.stl id:1 copy 1
; printing object leuchte_led_halter-Halter.stl id:1 copy 2
; stop printing object leuchte_led_halter-Halter.stl id:1 copy 2
; printing object leuchte_led_halter-Halter.stl id:1 copy 3
; stop printing object leuchte_led_halter-Halter.stl id:1 copy 3
; printing object leuchte_led_halter-Halter.stl id:1 copy 4
; stop printing object leuchte_led_halter-Halter.stl id:1 copy 4
; printing object leuchte_led_halter-Halter.stl id:1 copy 5
; stop printing object leuchte_led_halter-Halter.stl id:1 copy 5

;TYPE:Custom
G90 ; use absolute coordinates
M83 ; extruder relative mode
M104 S150 ; set temporary nozzle temp to prevent oozing during homing
M140 S60 ; set final bed temp
G4 S30 ; allow partial nozzle warmup
G28 ; home all axis
G1 Z50 F240
G1 X2.0 Y10 F3000
M104 S220 ; set final nozzle temp
M190 S60 ; wait for bed temp to stabilize
M109 S220 ; wait for nozzle temp to stabilize
G1 Z0.28 F240
G92 E0
G1 X2.0 Y140 E10 F1500 ; prime the nozzle
G1 X2.3 Y140 F5000
G92 E0
G1 X2.3 Y10 E10 F1200 ; prime the nozzle
G92 E0
G21 ; set units to millimeters
G90 ; use absolute coordinates
M83 ; use relative distances for extrusion
; Filament gcode
M107
;LAYER_CHANGE
;Z:0.2
;HEIGHT:0.2
G1 E-5 F3600
G1 Z.2 F9000
G1 X9.391 Y9.402
G1 E5 F2400
M204 S500
;TYPE:Skirt/Brim
;WIDTH:0.42
G1 F1200
G1 X11.102 Y8.904 E.05587
G1 X66.102 Y8.904 E1.72449
G1 X67.637 Y9.298 E.04969
G1 X68.793 Y10.382 E.04969
G1 X69.181 Y11.264 E.03021
G1 X78.171 Y44.674 E1.08481
G1 X78.28 Y45.438 E.0242
G1 X78.81 Y71.587 E.82005
G1 X78.807 Y74.805 E.1009
G1 X78.482 Y81.575 E.21251
G1 X78.385 Y82.217 E.02036
G1 X69.19 Y117.888 E1.155
G1 X68.426 Y119.276 E.04968
G1 X67.087 Y120.125 E.04971
G1 X66.102 Y120.281 E.03127
G1 X11.102 Y120.281 E1.72449
G1 X9.567 Y119.887 E.04969
G1 X8.412 Y118.803 E.04967
G1 X7.914 Y117.093 E.05584
G1 X7.914 Y12.093 E3.2922
G1 X8.307 Y10.558 E.04968
G1 X9.35 Y9.446 E.0478
G1 E-3.5 F3600
;WIPE_START
G1 F7200
G1 X9.391 Y9.402 E-.02857
G1 X11.102 Y8.904 E-.84645
G1 X12.418 Y8.904 E-.62498
;WIPE_END
; printing object Arduino_gehäuse-Unterteil.stl id:0 copy 0
G1 X12.166 Y13.157 F9000
G1 E5 F2400
;TYPE:Perimeter
;WIDTH:0.419999
G1 F1200
G1 X65.038 Y13.157 E1.65776
G1 X65.038 Y116.028 E3.22544
G1 X12.166 Y116.028 E1.65776
G1 X12.166 Y13.217 E3.22356
G1 X11.789 Y12.78 F9000
G1 F1200
G1 X65.415 Y12.78 E1.6814
G1 X65.415 Y116.405 E3.24908
G1 X11.789 Y116.405 E1.6814
G1 X11.789 Y12.84 E3.2472
G1 X11.412 Y12.403 F9000
;TYPE:External perimeter
G1 F1200
G1 X65.792 Y12.403 E1.70504
G1 X65.792 Y116.783 E3.27276
G1 X11.412 Y116.783 E1.70504
G1 X11.412 Y12.463 E3.27087
G1 E-3.5 F3600
;WIPE_START
G1 F7200
G1 X11.412 Y12.403 E-.0285
G1 X14.51 Y12.403 E-1.4715
;WIPE_END
G1 X64.917 Y14.04 F9000
G1 E5 F2400
;TYPE:Solid infill
;WIDTH:0.420374
G1 F1200
G1 X64.324 Y13.447 E.02632
G1 X63.79 Y13.447 E.01676
G1 X64.748 Y14.405 E.04252
G1 X64.748 Y14.938 E.01673
G1 X63.256 Y13.447 E.0662
G1 X62.723 Y13.447 E.01673
G1 X64.748 Y15.472 E.08988
G1 X64.748 Y16.006 E.01676
G1 X62.189 Y13.447 E.11358
G1 X61.655 Y13.447 E.01676
G1 X64.748 Y16.54 E.13728
G1 X64.748 Y17.074 E.01676
G1 X61.121 Y13.447 E.16099
G1 X60.587 Y13.447 E.01676
G1 X64.748 Y17.607 E.18467
G1 X64.748 Y18.141 E.01676
G1 X60.054 Y13.447 E.20835
G1 X59.52 Y13.447 E.01676
G1 X64.748 Y18.675 E.23205
G1 X64.748 Y19.209 E.01676
G1 X58.986 Y13.447 E.25575
G1 X58.452 Y13.447 E.01676
G1 X64.748 Y19.743 E.27945
G1 X64.748 Y20.276 E.01673
G1 X57.918 Y13.447 E.30313
G1 X57.385 Y13.447 E.01673
G1 X64.748 Y20.81 E.32681
G1 X64.748 Y21.344 E.01676
G1 X56.851 Y13.447 E.35051
G1 X56.317 Y13.447 E.01676
G1 X64.748 Y21.878 E.37422
G1 X64.748 Y22.412 E.01676
G1 X55.783 Y13.447 E.39792
G1 X55.249 Y13.447 E.01676
G1 X64.748 Y22.945 E.4216
G1 X64.748 Y23.479 E.01676
G1 X54.716 Y13.447 E.44528
G1 X54.182 Y13.447 E.01676
G1 X64.748 Y24.013 E.46898
G1 X64.748 Y24.547 E.01676
G1 X53.648 Y13.447 E.49268
G1 X53.114 Y13.447 E.01676
G1 X64.748 Y25.081 E.51638
G1 X64.748 Y25.614 E.01673
G1 X52.58 Y13.447 E.54006
G1 X52.047 Y13.447 E.01673
G1 X64.748 Y26.148 E.56374
G1 X64.748 Y26.682 E.01676
G1 X51.513 Y13.447 E.58744
G1 X50.979 Y13.447 E.01676
G1 X64.748 Y27.216 E.61115
G1 X64.748 Y27.75 E.01676
G1 X50.445 Y13.447 E.63485
G1 X49.911 Y13.447 E.01676
G1 X64.748 Y28.283 E.65853
G1 X64.748 Y28.817 E.01676
G1 X49.378 Y13.447 E.68221
G1 X48.844 Y13.447 E.01676
G1 X64.748 Y29.351 E.70591
G1 X64.748 Y29.885 E.01676
G1 X48.31 Y13.447 E.72961
G1 X47.776 Y13.447 E.01676
G1 X64.748 Y30.419 E.75331
G1 X64.748 Y30.952 E.01673
G1 X47.242 Y13.447 E.77699
G1 X46.709 Y13.447 E.01673
G1 X64.748 Y31.486 E.80067
G1 X64.748 Y32.02 E.01676
G1 X46.175 Y13.447 E.82438
G1 X45.641 Y13.447 E.01676
G1 X64.748 Y32.554 E.84808
G1 X64.748 Y33.088 E.01676
G1 X45.107 Y13.447 E.87178
G1 X44.573 Y13.447 E.01676
G1 X64.748 Y33.621 E.89546
G1 X64.748 Y34.155 E.01676
G1 X44.04 Y13.447 E.91914
G1 X43.506 Y13.447 E.01676
G1 X64.748 Y34.689 E.94284
G1 X64.748 Y35.223 E.01676
G1 X42.972 Y13.447 E.96654
G1 X42.438 Y13.447 E.01676
G1 X64.748 Y35.757 E.99024
G1 X64.748 Y36.29 E.01673
G1 X41.904 Y13.447 E1.01392
G1 X41.371 Y13.447 E.01673
G1 X64.748 Y36.824 E1.0376
G1 X64.748 Y37.358 E.01676
G1 X40.837 Y13.447 E1.06131
G1 X40.303 Y13.447 E.01676
G1 X64.748 Y37.892 E1.08501
G1 X64.748 Y38.426 E.01676
G1 X39.769 Y13.447 E1.10871
G1 X39.235 Y13.447 E.01676
G1 X64.748 Y38.959 E1.13239
G1 X64.748 Y39.493 E.01676
G1 X38.702 Y13.447 E1.15607
G1 X38.168 Y13.447 E.01676
G1 X64.748 Y40.027 E1.17977
G1 X64.748 Y40.561 E.01676
G1 X37.634 Y13.447 E1.20347
G1 X37.1 Y13.447 E.01676
G1 X64.748 Y41.095 E1.22718
G1 X64.748 Y41.628 E.01673
G1 X36.566 Y13.447 E1.25086
G1 X36.033 Y13.447 E.01673
G1 X64.748 Y42.162 E1.27454
G1 X64.748 Y42.696 E.01676
G1 X35.499 Y13.447 E1.29824
G1 X34.965 Y13.447 E.01676
G1 X64.748 Y43.23 E1.32194
G1 X64.748 Y43.764 E.01676
G1 X34.431 Y13.447 E1.34564
G1 X33.897 Y13.447 E.01676
G1 X64.748 Y44.297 E1.36932
G1 X64.748 Y44.831 E.01676
G1 X33.364 Y13.447 E1.393
G1 X32.83 Y13.447 E.01676
G1 X64.748 Y45.365 E1.4167
G1 X64.748 Y45.899 E.01676
G1 X32.296 Y13.447 E1.4404
G1 X31.762 Y13.447 E.01676
G1 X64.748 Y46.433 E1.46411
G1 X64.748 Y46.966 E.01673
G1 X31.228 Y13.447 E1.48779
G1 X30.695 Y13.447 E.01673
G1 X64.748 Y47.5 E1.51147
G1 X64.748 Y48.034 E.01676
G1 X30.161 Y13.447 E1.53517
G1 X29.627 Y13.447 E.01676
G1 X64.748 Y48.568 E1.55887
G1 X64.748 Y49.102 E.01676
G1 X29.093 Y13.447 E1.58257
G1 X28.559 Y13.447 E.01676
G1 X64.748 Y49.635 E1.60625
G1 X64.748 Y50.169 E.01676
G1 X28.026 Y13.447 E1.62993
G1 X27.492 Y13.447 E.01676
G1 X64.748 Y50.703 E1.65363
G1 X64.748 Y51.237 E.01676
G1 X26.958 Y13.447 E1.67734
G1 X26.424 Y13.447 E.01676
G1 X64.748 Y51.771 E1.70104
G1 X64.748 Y52.304 E.01673
G1 X25.89 Y13.447 E1.72472
G1 X25.357 Y13.447 E.01673
G1 X64.748 Y52.838 E1.7484
G1 X64.748 Y53.372 E.01676
G1 X24.823 Y13.447 E1.7721
G1 X24.289 Y13.447 E.01676
G1 X64.748 Y53.906 E1.7958
G1 X64.748 Y54.44 E.01676
G1 X23.755 Y13.447 E1.8195
G1 X23.221 Y13.447 E.01676
G1 X64.748 Y54.973 E1.84318
G1 X64.748 Y55.507 E.01676
G1 X22.688 Y13.447 E1.86686
G1 X22.154 Y13.447 E.01676
G1 X64.748 Y56.041 E1.89056
G1 X64.748 Y56.575 E.01676
G1 X21.62 Y13.447 E1.91427
G1 X21.086 Y13.447 E.01676
G1 X64.748 Y57.109 E1.93797
G1 X64.748 Y57.642 E.01673
G1 X20.552 Y13.447 E1.96165
G1 X20.019 Y13.447 E.01673
G1 X64.748 Y58.176 E1.98533
G1 X64.748 Y58.71 E.01676
G1 X19.485 Y13.447 E2.00903
G1 X18.951 Y13.447 E.01676
G1 X64.748 Y59.244 E2.03273
G1 X64.748 Y59.778 E.01676
G1 X18.417 Y13.447 E2.05643
G1 X17.883 Y13.447 E.01676
G1 X64.748 Y60.311 E2.08011
G1 X64.748 Y60.845 E.01676
G1 X17.35 Y13.447 E2.10379
G1 X16.816 Y13.447 E.01676
G1 X64.748 Y61.379 E2.1275
G1 X64.748 Y61.913 E.01676
G1 X16.282 Y13.447 E2.1512
G1 X15.748 Y13.447 E.01676
G1 X64.748 Y62.447 E2.1749
G1 X64.748 Y62.98 E.01673
G1 X15.214 Y13.447 E2.19858
G1 X14.681 Y13.447 E.01673
G1 X64.748 Y63.514 E2.22226
G1 X64.748 Y64.048 E.01676
G1 X14.147 Y13.447 E2.24596
G1 X13.613 Y13.447 E.01676
G1 X64.748 Y64.582 E2.26966
G1 X64.748 Y65.116 E.01676
G1 X13.079 Y13.447 E2.29336
G1 X12.545 Y13.447 E.01676
G1 X64.748 Y65.649 E2.31704
G1 X64.748 Y66.183 E.01676
G1 X12.457 Y13.892 E2.32097
G1 X12.457 Y14.426 E.01676
G1 X64.748 Y66.717 E2.32097
G1 X64.748 Y67.251 E.01676
G1 X12.457 Y14.96 E2.32097
G1 X12.457 Y15.494 E.01676
G1 X64.748 Y67.785 E2.32097
G1 X64.748 Y68.318 E.01673
G1 X12.457 Y16.027 E2.32097
G1 X12.457 Y16.561 E.01676
G1 X64.748 Y68.852 E2.32097
G1 X64.748 Y69.386 E.01676
G1 X12.457 Y17.095 E2.32097
G1 X12.457 Y17.629 E.01676
G1 X64.748 Y69.92 E2.32097
G1 X64.748 Y70.454 E.01676
G1 X12.457 Y18.163 E2.32097
G1 X12.457 Y18.696 E.01673
G1 X64.748 Y70.987 E2.32097
G1 X64.748 Y71.521 E.01676
G1 X12.457 Y19.23 E2.32097
G1 X12.457 Y19.764 E.01676
G1 X64.748 Y72.055 E2.32097
G1 X64.748 Y72.589 E.01676
G1 X12.457 Y20.298 E2.32097
G1 X12.457 Y20.832 E.01676
G1 X64.748 Y73.123 E2.32097
G1 X64.748 Y73.656 E.01673
G1 X12.457 Y21.365 E2.32097
G1 X12.457 Y21.899 E.01676
G1 X64.748 Y74.19 E2.32097
G1 X64.748 Y74.724 E.01676
G1 X12.457 Y22.433 E2.32097
G1 X12.457 Y22.967 E.01676
G1 X64.748 Y75.258 E2.32097
G1 X64.748 Y75.792 E.01676
G1 X12.457 Y23.501 E2.32097
G1 X12.457 Y24.034 E.01673
G1 X64.748 Y76.325 E2.32097
G1 X64.748 Y76.859 E.01676
G1 X12.457 Y24.568 E2.32097
G1 X12.457 Y25.102 E.01676
G1 X64.748 Y77.393 E2.32097
G1 X64.748 Y77.927 E.01676
G1 X12.457 Y25.636 E2.32097
G1 X12.457 Y26.17 E.01676
G1 X64.748 Y78.461 E2.32097
G1 X64.748 Y78.994 E.01673
G1 X12.457 Y26.703 E2.32097
G1 X12.457 Y27.237 E.01676
G1 X64.748 Y79.528 E2.32097
G1 X64.748 Y80.062 E.01676
G1 X12.457 Y27.771 E2.32097
G1 X12.457 Y28.305 E.01676
G1 X64.748 Y80.596 E2.32097
G1 X64.748 Y81.13 E.01676
G1 X12.457 Y28.839 E2.32097
G1 X12.457 Y29.372 E.01673
G1 X64.748 Y81.663 E2.32097
G1 X64.748 Y82.197 E.01676
G1 X12.457 Y29.906 E2.32097
G1 X12.457 Y30.44 E.01676
G1 X64.748 Y82.731 E2.32097
G1 X64.748 Y83.265 E.01676
G1 X12.457 Y30.974 E2.32097
G1 X12.457 Y31.508 E.01676
G1 X64.748 Y83.799 E2.32097
G1 X64.748 Y84.332 E.01673
G1 X12.457 Y32.041 E2.32097
G1 X12.457 Y32.575 E.01676
G1 X64.748 Y84.866 E2.32097
G1 X64.748 Y85.4 E.01676
G1 X12.457 Y33.109 E2.32097
G1 X12.457 Y33.643 E.01676
G1 X64.748 Y85.934 E2.32097
G1 X64.748 Y86.468 E.01676
G1 X12.457 Y34.177 E2.32097
G1 X12.457 Y34.71 E.01673
G1 X64.748 Y87.001 E2.32097
G1 X64.748 Y87.535 E.01676
G1 X12.457 Y35.244 E2.32097
G1 X12.457 Y35.778 E.01676
G1 X64.748 Y88.069 E2.32097
G1 X64.748 Y88.603 E.01676
G1 X12.457 Y36.312 E2.32097
G1 X12.457 Y36.846 E.01676
G1 X64.748 Y89.137 E2.32097
G1 X64.748 Y89.67 E.01673
G1 X12.457 Y37.379 E2.32097
G1 X12.457 Y37.913 E.01676
G1 X64.748 Y90.204 E2.32097
G1 X64.748 Y90.738 E.01676
G1 X12.457 Y38.447 E2.32097
G1 X12.457 Y38.981 E.01676
G1 X64.748 Y91.272 E2.32097
G1 X64.748 Y91.806 E.01676
G1 X12.457 Y39.515 E2.32097
G1 X12.457 Y40.048 E.01673
G1 X64.748 Y92.339 E2.32097
G1 X64.748 Y92.873 E.01676
G1 X12.457 Y40.582 E2.32097
G1 X12.457 Y41.116 E.01676
G1 X64.748 Y93.407 E2.32097
G1 X64.748 Y93.941 E.01676
G1 X12.457 Y41.65 E2.32097
G1 X12.457 Y42.184 E.01676
G1 X64.748 Y94.475 E2.32097
G1 X64.748 Y95.008 E.01673
G1 X12.457 Y42.717 E2.32097
G1 X12.457 Y43.251 E.01676
G1 X64.748 Y95.542 E2.32097
G1 X64.748 Y96.076 E.01676
G1 X12.457 Y43.785 E2.32097
G1 X12.457 Y44.319 E.01676
G1 X64.748 Y96.61 E2.32097
G1 X64.748 Y97.144 E.01676
G1 X12.457 Y44.853 E2.32097
G1 X12.457 Y45.386 E.01673
G1 X64.748 Y97.677 E2.32097
G1 X64.748 Y98.211 E.01676
G1 X12.457 Y45.92 E2.32097
G1 X12.457 Y46.454 E.01676
G1 X64.748 Y98.745 E2.32097
G1 X64.748 Y99.279 E.01676
G1 X12.457 Y46.988 E2.32097
G1 X12.457 Y47.522 E.01676
G1 X64.748 Y99.813 E2.32097
G1 X64.748 Y100.346 E.01673
G1 X12.457 Y48.055 E2.32097
G1 X12.457 Y48.589 E.01676
G1 X64.748 Y100.88 E2.32097
G1 X64.748 Y101.414 E.01676
G1 X12.457 Y49.123 E2.32097
G1 X12.457 Y49.657 E.01676
G1 X64.748 Y101.948 E2.32097
G1 X64.748 Y102.482 E.01676
G1 X12.457 Y50.191 E2.32097
G1 X12.457 Y50.724 E.01673
G1 X64.748 Y103.015 E2.32097
G1 X64.748 Y103.549 E.01676
G1 X12.457 Y51.258 E2.32097
G1 X12.457 Y51.792 E.01676
G1 X64.748 Y104.083 E2.32097
G1 X64.748 Y104.617 E.01676
G1 X12.457 Y52.326 E2.32097
G1 X12.457 Y52.86 E.01676
G1 X64.748 Y105.151 E2.32097
G1 X64.748 Y105.684 E.01673
G1 X12.457 Y53.393 E2.32097
G1 X12.457 Y53.927 E.01676
G1 X64.748 Y106.218 E2.32097
G1 X64.748 Y106.752 E.01676
G1 X12.457 Y54.461 E2.32097
G1 X12.457 Y54.995 E.01676
G1 X64.748 Y107.286 E2.32097
G1 X64.748 Y107.82 E.01676
G1 X12.457 Y55.529 E2.32097
G1 X12.457 Y56.062 E.01673
G1 X64.748 Y108.353 E2.32097
G1 X64.748 Y108.887 E.01676
G1 X12.457 Y56.596 E2.32097
G1 X12.457 Y57.13 E.01676
G1 X64.748 Y109.421 E2.32097
G1 X64.748 Y109.955 E.01676
G1 X12.457 Y57.664 E2.32097
G1 X12.457 Y58.198 E.01676
G1 X64.748 Y110.489 E2.32097
G1 X64.748 Y111.022 E.01673
G1 X12.457 Y58.731 E2.32097
G1 X12.457 Y59.265 E.01676
G1 X64.748 Y111.556 E2.32097
G1 X64.748 Y112.09 E.01676
G1 X12.457 Y59.799 E2.32097
G1 X12.457 Y60.333 E.01676
G1 X64.748 Y112.624 E2.32097
G1 X64.748 Y113.158 E.01676
G1 X12.457 Y60.867 E2.32097
G1 X12.457 Y61.4 E.01673
G1 X64.748 Y113.691 E2.32097
G1 X64.748 Y114.225 E.01676
G1 X12.457 Y61.934 E2.32097
G1 X12.457 Y62.468 E.01676
G1 X64.748 Y114.759 E2.32097
G1 X64.748 Y115.293 E.01676
G1 X12.457 Y63.002 E2.32097
G1 X12.457 Y63.536 E.01676
G1 X64.659 Y115.738 E2.31702
G1 X64.125 Y115.738 E.01676
G1 X12.457 Y64.069 E2.29334
G1 X12.457 Y64.603 E.01676
G1 X63.592 Y115.738 E2.26966
G1 X63.058 Y115.738 E.01676
G1 X12.457 Y65.137 E2.24596
G1 X12.457 Y65.671 E.01676
G1 X62.524 Y115.738 E2.22226
G1 X61.99 Y115.738 E.01676
G1 X12.457 Y66.205 E2.19856
G1 X12.457 Y66.738 E.01673
G1 X61.456 Y115.738 E2.17488
G1 X60.923 Y115.738 E.01673
G1 X12.457 Y67.272 E2.1512
G1 X12.457 Y67.806 E.01676
G1 X60.389 Y115.738 E2.1275
G1 X59.855 Y115.738 E.01676
G1 X12.457 Y68.34 E2.10379
G1 X12.457 Y68.874 E.01676
G1 X59.321 Y115.738 E2.08009
G1 X58.787 Y115.738 E.01676
G1 X12.457 Y69.407 E2.05641
G1 X12.457 Y69.941 E.01676
G1 X58.254 Y115.738 E2.03273
G1 X57.72 Y115.738 E.01676
G1 X12.457 Y70.475 E2.00903
G1 X12.457 Y71.009 E.01676
G1 X57.186 Y115.738 E1.98533
G1 X56.652 Y115.738 E.01676
G1 X12.457 Y71.543 E1.96163
G1 X12.457 Y72.076 E.01673
G1 X56.118 Y115.738 E1.93795
G1 X55.585 Y115.738 E.01673
G1 X12.457 Y72.61 E1.91427
G1 X12.457 Y73.144 E.01676
G1 X55.051 Y115.738 E1.89056
G1 X54.517 Y115.738 E.01676
G1 X12.457 Y73.678 E1.86686
G1 X12.457 Y74.212 E.01676
G1 X53.983 Y115.738 E1.84316
G1 X53.449 Y115.738 E.01676
G1 X12.457 Y74.745 E1.81948
G1 X12.457 Y75.279 E.01676
G1 X52.916 Y115.738 E1.7958
G1 X52.382 Y115.738 E.01676
G1 X12.457 Y75.813 E1.7721
G1 X12.457 Y76.347 E.01676
G1 X51.848 Y115.738 E1.7484
G1 X51.314 Y115.738 E.01676
G1 X12.457 Y76.881 E1.7247
G1 X12.457 Y77.414 E.01673
G1 X50.78 Y115.738 E1.70102
G1 X50.247 Y115.738 E.01673
G1 X12.457 Y77.948 E1.67734
G1 X12.457 Y78.482 E.01676
G1 X49.713 Y115.738 E1.65363
G1 X49.179 Y115.738 E.01676
G1 X12.457 Y79.016 E1.62993
G1 X12.457 Y79.55 E.01676
G1 X48.645 Y115.738 E1.60623
G1 X48.111 Y115.738 E.01676
G1 X12.457 Y80.083 E1.58255
G1 X12.457 Y80.617 E.01676
G1 X47.578 Y115.738 E1.55887
G1 X47.044 Y115.738 E.01676
G1 X12.457 Y81.151 E1.53517
G1 X12.457 Y81.685 E.01676
G1 X46.51 Y115.738 E1.51147
G1 X45.976 Y115.738 E.01676
G1 X12.457 Y82.219 E1.48776
G1 X12.457 Y82.752 E.01673
G1 X45.442 Y115.738 E1.46408
G1 X44.909 Y115.738 E.01673
G1 X12.457 Y83.286 E1.4404
G1 X12.457 Y83.82 E.01676
G1 X44.375 Y115.738 E1.4167
G1 X43.841 Y115.738 E.01676
G1 X12.457 Y84.354 E1.393
G1 X12.457 Y84.888 E.01676
G1 X43.307 Y115.738 E1.3693
G1 X42.773 Y115.738 E.01676
G1 X12.457 Y85.421 E1.34562
G1 X12.457 Y85.955 E.01676
G1 X42.24 Y115.738 E1.32194
G1 X41.706 Y115.738 E.01676
G1 X12.457 Y86.489 E1.29824
G1 X12.457 Y87.023 E.01676
G1 X41.172 Y115.738 E1.27454
G1 X40.638 Y115.738 E.01676
G1 X12.457 Y87.557 E1.25083
G1 X12.457 Y88.09 E.01673
G1 X40.104 Y115.738 E1.22715
G1 X39.571 Y115.738 E.01673
G1 X12.457 Y88.624 E1.20347
G1 X12.457 Y89.158 E.01676
G1 X39.037 Y115.738 E1.17977
G1 X38.503 Y115.738 E.01676
G1 X12.457 Y89.692 E1.15607
G1 X12.457 Y90.226 E.01676
G1 X37.969 Y115.738 E1.13237
G1 X37.435 Y115.738 E.01676
G1 X12.457 Y90.759 E1.10869
G1 X12.457 Y91.293 E.01676
G1 X36.902 Y115.738 E1.08501
G1 X36.368 Y115.738 E.01676
G1 X12.457 Y91.827 E1.06131
G1 X12.457 Y92.361 E.01676
G1 X35.834 Y115.738 E1.0376
G1 X35.3 Y115.738 E.01676
G1 X12.457 Y92.895 E1.0139
G1 X12.457 Y93.428 E.01673
G1 X34.766 Y115.738 E.99022
G1 X34.233 Y115.738 E.01673
G1 X12.457 Y93.962 E.96654
G1 X12.457 Y94.496 E.01676
G1 X33.699 Y115.738 E.94284
G1 X33.165 Y115.738 E.01676
G1 X12.457 Y95.03 E.91914
G1 X12.457 Y95.564 E.01676
G1 X32.631 Y115.738 E.89544
G1 X32.097 Y115.738 E.01676
G1 X12.457 Y96.097 E.87176
G1 X12.457 Y96.631 E.01676
G1 X31.564 Y115.738 E.84808
G1 X31.03 Y115.738 E.01676
G1 X12.457 Y97.165 E.82438
G1 X12.457 Y97.699 E.01676
G1 X30.496 Y115.738 E.80067
G1 X29.962 Y115.738 E.01676
G1 X12.457 Y98.233 E.77697
G1 X12.457 Y98.766 E.01673
G1 X29.428 Y115.738 E.75329
G1 X28.895 Y115.738 E.01673
G1 X12.457 Y99.3 E.72961
G1 X12.457 Y99.834 E.01676
G1 X28.361 Y115.738 E.70591
G1 X27.827 Y115.738 E.01676
G1 X12.457 Y100.368 E.68221
G1 X12.457 Y100.902 E.01676
G1 X27.293 Y115.738 E.65851
G1 X26.759 Y115.738 E.01676
G1 X12.457 Y101.435 E.63483
G1 X12.457 Y101.969 E.01676
G1 X26.226 Y115.738 E.61115
G1 X25.692 Y115.738 E.01676
G1 X12.457 Y102.503 E.58744
G1 X12.457 Y103.037 E.01676
G1 X25.158 Y115.738 E.56374
G1 X24.624 Y115.738 E.01676
G1 X12.457 Y103.571 E.54004
G1 X12.457 Y104.104 E.01673
G1 X24.09 Y115.738 E.51636
G1 X23.557 Y115.738 E.01673
G1 X12.457 Y104.638 E.49268
G1 X12.457 Y105.172 E.01676
G1 X23.023 Y115.738 E.46898
G1 X22.489 Y115.738 E.01676
G1 X12.457 Y105.706 E.44528
G1 X12.457 Y106.24 E.01676
G1 X21.955 Y115.738 E.42158
G1 X21.421 Y115.738 E.01676
G1 X12.457 Y106.773 E.3979
G1 X12.457 Y107.307 E.01676
G1 X20.888 Y115.738 E.37422
G1 X20.354 Y115.738 E.01676
G1 X12.457 Y107.841 E.35051
G1 X12.457 Y108.375 E.01676
G1 X19.82 Y115.738 E.32681
G1 X19.286 Y115.738 E.01676
G1 X12.457 Y108.909 E.30311
G1 X12.457 Y109.442 E.01673
G1 X18.752 Y115.738 E.27943
G1 X18.219 Y115.738 E.01673
G1 X12.457 Y109.976 E.25575
G1 X12.457 Y110.51 E.01676
G1 X17.685 Y115.738 E.23205
G1 X17.151 Y115.738 E.01676
G1 X12.457 Y111.044 E.20835
G1 X12.457 Y111.578 E.01676
G1 X16.617 Y115.738 E.18464
G1 X16.083 Y115.738 E.01676
G1 X12.457 Y112.111 E.16096
G1 X12.457 Y112.645 E.01676
G1 X15.549 Y115.738 E.13726
G1 X15.016 Y115.738 E.01673
G1 X12.457 Y113.179 E.11358
G1 X12.457 Y113.713 E.01676
G1 X14.482 Y115.738 E.08988
G1 X13.948 Y115.738 E.01676
G1 X12.457 Y114.247 E.06618
G1 X12.457 Y114.78 E.01673
G1 X13.414 Y115.738 E.0425
G1 X12.88 Y115.738 E.01676
G1 X12.287 Y115.145 E.02632
G1 E-3.5 F3600
;WIPE_START
G1 F7200
G1 X12.88 Y115.738 E-.39835
G1 X13.414 Y115.738 E-.25365
G1 X12.457 Y114.78 E-.6432
G1 X12.457 Y114.349 E-.2048
;WIPE_END
; stop printing object Arduino_gehäuse-Unterteil.stl id:0 copy 0
; printing object leuchte_led_halter-Halter.stl id:1 copy 5
G1 X71.361 Y80.357 F9000
G1 E5 F2400
;TYPE:Perimeter
;WIDTH:0.419999
G1 F1200
G1 X71.361 Y79.486 E.02731
G1 X74.233 Y79.486 E.09005
G1 X74.233 Y80.357 E.02731
G1 X71.421 Y80.357 E.08817
G1 X70.984 Y80.735 F9000
G1 F1200
G1 X70.984 Y79.109 E.05098
G1 X74.61 Y79.109 E.11369
G1 X74.61 Y80.735 E.05098
G1 X71.044 Y80.735 E.11181
G1 X70.607 Y81.112 F9000
;TYPE:External perimeter
G1 F1200
G1 X70.607 Y78.732 E.07462
G1 X74.987 Y78.732 E.13733
G1 X74.987 Y81.112 E.07462
G1 X70.667 Y81.112 E.13545
G1 E-3.5 F3600
;WIPE_START
G1 F7200
G1 X70.607 Y81.112 E-.0285
G1 X70.607 Y78.732 E-1.1305
G1 X71.325 Y78.732 E-.341
;WIPE_END
G1 X73.946 Y80.237 F9000
G1 E5 F2400
;TYPE:Solid infill
;WIDTH:0.436086
G1 F1200
G1 X73.486 Y79.776 E.02129
G1 X72.93 Y79.776 E.01818
G1 X73.221 Y80.067 E.01345
G1 X72.664 Y80.067 E.01821
G1 X72.374 Y79.776 E.01343
G1 X71.817 Y79.776 E.01821
G1 X72.278 Y80.237 E.02131
G1 E-3.5 F3600
;WIPE_START
G1 F7200
G1 X71.817 Y79.776 E-.30968
G1 X72.374 Y79.776 E-.26457
G1 X72.664 Y80.067 E-.19514
G1 X73.221 Y80.067 E-.26458
G1 X72.93 Y79.776 E-.19548
G1 X73.486 Y79.776 E-.2641
G1 X73.496 Y79.786 E-.00645
;WIPE_END
; stop printing object leuchte_led_halter-Halter.stl id:1 copy 5
; printing object leuchte_led_halter-Halter.stl id:1 copy 4
G1 X71.686 Y73.587 F9000
G1 E5 F2400
;TYPE:Perimeter
;WIDTH:0.419999
G1 F1200
G1 X71.686 Y72.716 E.02731
G1 X74.558 Y72.716 E.09005
G1 X74.558 Y73.587 E.02731
G1 X71.746 Y73.587 E.08817
G1 X71.309 Y73.965 F9000
G1 F1200
G1 X71.309 Y72.339 E.05098
G1 X74.935 Y72.339 E.11369
G1 X74.935 Y73.965 E.05098
G1 X71.369 Y73.965 E.11181
G1 X70.932 Y74.342 F9000
;TYPE:External perimeter
G1 F1200
G1 X70.932 Y71.962 E.07462
G1 X75.312 Y71.962 E.13733
G1 X75.312 Y74.342 E.07462
G1 X70.992 Y74.342 E.13545
G1 E-3.5 F3600
;WIPE_START
G1 F7200
G1 X70.932 Y74.342 E-.0285
G1 X70.932 Y71.962 E-1.1305
G1 X71.65 Y71.962 E-.341
;WIPE_END
G1 X74.271 Y73.467 F9000
G1 E5 F2400
;TYPE:Solid infill
;WIDTH:0.436086
G1 F1200
G1 X73.811 Y73.006 E.02129
G1 X73.255 Y73.006 E.01818
G1 X73.546 Y73.297 E.01345
G1 X72.99 Y73.297 E.01818
G1 X72.699 Y73.006 E.01345
G1 X72.143 Y73.006 E.01818
G1 X72.603 Y73.467 E.02129
G1 E-3.5 F3600
;WIPE_START
G1 F7200
G1 X72.143 Y73.006 E-.30934
G1 X72.699 Y73.006 E-.2641
G1 X72.99 Y73.297 E-.19548
G1 X73.546 Y73.297 E-.2641
G1 X73.255 Y73.006 E-.19548
G1 X73.811 Y73.006 E-.2641
G1 X73.822 Y73.017 E-.0074
;WIPE_END
; stop printing object leuchte_led_halter-Halter.stl id:1 copy 4
; printing object leuchte_led_halter-Halter.stl id:1 copy 3
G1 X73.842 Y66.017 F9000
G1 E5 F2400
;TYPE:Perimeter
;WIDTH:0.419999
G1 F1200
G1 X70.97 Y66.017 E.09005
G1 X70.97 Y65.146 E.02731
G1 X73.842 Y65.146 E.09005
G1 X73.842 Y65.957 E.02543
G1 X74.219 Y66.394 F9000
G1 F1200
G1 X70.593 Y66.394 E.11369
G1 X70.593 Y64.769 E.05095
G1 X74.219 Y64.769 E.11369
G1 X74.219 Y66.334 E.04907
G1 X74.596 Y66.771 F9000
;TYPE:External perimeter
G1 F1200
G1 X70.216 Y66.771 E.13733
G1 X70.216 Y64.391 E.07462
G1 X74.596 Y64.391 E.13733
G1 X74.596 Y66.711 E.07274
G1 X73.555 Y65.897 F9000
;TYPE:Solid infill
;WIDTH:0.436086
G1 F1200
G1 X73.094 Y65.436 E.02131
G1 X72.538 Y65.436 E.01818
G1 X72.829 Y65.727 E.01345
G1 X72.273 Y65.727 E.01818
G1 X71.982 Y65.436 E.01345
G1 X71.426 Y65.436 E.01818
G1 X71.887 Y65.897 E.02131
G1 E-3.5 F3600
;WIPE_START
G1 F7200
G1 X71.426 Y65.436 E-.30968
G1 X71.982 Y65.436 E-.2641
G1 X72.273 Y65.727 E-.19548
G1 X72.829 Y65.727 E-.2641
G1 X72.538 Y65.436 E-.19548
G1 X73.094 Y65.436 E-.2641
G1 X73.105 Y65.447 E-.00706
;WIPE_END
; stop printing object leuchte_led_halter-Halter.stl id:1 copy 3
; printing object leuchte_led_halter-Halter.stl id:1 copy 2
G1 X73.236 Y59.102 F9000
G1 E5 F2400
;TYPE:Perimeter
;WIDTH:0.419999
G1 F1200
G1 X70.364 Y59.102 E.09005
G1 X70.364 Y58.23 E.02734
G1 X73.236 Y58.23 E.09005
G1 X73.236 Y59.042 E.02546
G1 X73.613 Y59.479 F9000
G1 F1200
G1 X69.987 Y59.479 E.11369
G1 X69.987 Y57.853 E.05098
G1 X73.613 Y57.853 E.11369
G1 X73.613 Y59.419 E.0491
G1 X73.99 Y59.856 F9000
;TYPE:External perimeter
G1 F1200
G1 X69.61 Y59.856 E.13733
G1 X69.61 Y57.476 E.07462
G1 X73.99 Y57.476 E.13733
G1 X73.99 Y59.796 E.07274
G1 X72.949 Y58.981 F9000
;TYPE:Solid infill
;WIDTH:0.436086
G1 F1200
G1 X72.488 Y58.521 E.02129
G1 X71.932 Y58.521 E.01818
G1 X72.223 Y58.812 E.01345
G1 X71.667 Y58.812 E.01818
G1 X71.376 Y58.521 E.01345
G1 X70.82 Y58.521 E.01818
G1 X71.281 Y58.981 E.02129
G1 E-3.5 F3600
;WIPE_START
G1 F7200
G1 X70.82 Y58.521 E-.30934
G1 X71.376 Y58.521 E-.2641
G1 X71.667 Y58.812 E-.19548
G1 X72.223 Y58.812 E-.2641
G1 X71.932 Y58.521 E-.19548
G1 X72.488 Y58.521 E-.2641
G1 X72.499 Y58.532 E-.0074
;WIPE_END
; stop printing object leuchte_led_halter-Halter.stl id:1 copy 2
; printing object leuchte_led_halter-Halter.stl id:1 copy 1
G1 X70.41 Y53.576 F9000
G1 E5 F2400
;TYPE:Perimeter
;WIDTH:0.419999
G1 F1200
G1 X70.41 Y52.704 E.02734
G1 X73.282 Y52.704 E.09005
G1 X73.282 Y53.576 E.02734
G1 X70.47 Y53.576 E.08817
G1 X70.033 Y53.953 F9000
G1 F1200
G1 X70.033 Y52.327 E.05098
G1 X73.659 Y52.327 E.11369
G1 X73.659 Y53.953 E.05098
G1 X70.093 Y53.953 E.11181
G1 X69.656 Y54.33 F9000
;TYPE:External perimeter
G1 F1200
G1 X69.656 Y51.95 E.07462
G1 X74.036 Y51.95 E.13733
G1 X74.036 Y54.33 E.07462
G1 X69.716 Y54.33 E.13545
G1 E-3.5 F3600
;WIPE_START
G1 F7200
G1 X69.656 Y54.33 E-.0285
G1 X69.656 Y51.95 E-1.1305
G1 X70.374 Y51.95 E-.341
;WIPE_END
G1 X72.995 Y53.455 F9000
G1 E5 F2400
;TYPE:Solid infill
;WIDTH:0.436086
G1 F1200
G1 X72.535 Y52.995 E.02127
G1 X71.979 Y52.995 E.01818
G1 X72.27 Y53.286 E.01345
G1 X71.714 Y53.286 E.01818
G1 X71.423 Y52.995 E.01345
G1 X70.866 Y52.995 E.01821
G1 X71.327 Y53.455 E.02129
G1 E-3.5 F3600
;WIPE_START
G1 F7200
G1 X70.866 Y52.995 E-.30934
G1 X71.423 Y52.995 E-.26458
G1 X71.714 Y53.286 E-.19548
G1 X72.27 Y53.286 E-.2641
G1 X71.979 Y52.995 E-.19548
G1 X72.535 Y52.995 E-.2641
G1 X72.545 Y53.005 E-.00692
;WIPE_END
; stop printing object leuchte_led_halter-Halter.stl id:1 copy 1
; printing object leuchte_led_halter-Halter.stl id:1 copy 0
G1 X71.156 Y47.439 F9000
G1 E5 F2400
;TYPE:Perimeter
;WIDTH:0.419999
G1 F1200
G1 X71.156 Y46.567 E.02734
G1 X74.028 Y46.567 E.09005
G1 X74.028 Y47.439 E.02734
G1 X71.216 Y47.439 E.08817
G1 X70.779 Y47.816 F9000
G1 F1200
G1 X70.779 Y46.19 E.05098
G1 X74.405 Y46.19 E.11369
G1 X74.405 Y47.816 E.05098
G1 X70.839 Y47.816 E.11181
G1 X70.402 Y48.193 F9000
;TYPE:External perimeter
G1 F1200
G1 X70.402 Y45.813 E.07462
G1 X74.782 Y45.813 E.13733
G1 X74.782 Y48.193 E.07462
G1 X70.462 Y48.193 E.13545
G1 E-3.5 F3600
;WIPE_START
G1 F7200
G1 X70.402 Y48.193 E-.0285
G1 X70.402 Y45.813 E-1.1305
G1 X71.12 Y45.813 E-.341
;WIPE_END
G1 X73.741 Y47.318 F9000
G1 E5 F2400
;TYPE:Solid infill
;WIDTH:0.436086
G1 F1200
G1 X73.28 Y46.857 E.02131
G1 X72.724 Y46.857 E.01818
G1 X73.015 Y47.148 E.01345
G1 X72.459 Y47.148 E.01818
G1 X72.168 Y46.857 E.01345
G1 X71.612 Y46.857 E.01818
G1 X72.073 Y47.318 E.02131
M106 S255
;LAYER_CHANGE
;Z:0.36
;HEIGHT:0.16
;BEFORE_LAYER_CHANGE
G92 E0
;0.36


G1 E-3.5 F3600
;WIPE_START
G1 F7200
G1 X71.612 Y46.857 E-.30968
G1 X72.168 Y46.857 E-.2641
G1 X72.459 Y47.148 E-.19548
G1 X73.015 Y47.148 E-.2641
G1 X72.724 Y46.857 E-.19548
G1 X73.28 Y46.857 E-.2641
G1 X73.291 Y46.868 E-.00706
;WIPE_END
G1 Z.36 F9000
;AFTER_LAYER_CHANGE
;0.36
; stop printing object leuchte_led_halter-Halter.stl id:1 copy 0
G1 X78.315 Y47.192
G1 E5 F2400
;TYPE:Skirt/Brim
;WIDTH:0.42
G1 X78.81 Y71.587 E.62597
G1 X78.807 Y74.805 E.08256
G1 X78.482 Y81.575 E.17388
G1 X78.385 Y82.217 E.01666
G1 X69.19 Y117.888 E.94503
G1 X68.426 Y119.276 E.04065
G1 X67.087 Y120.125 E.04067
G1 X66.102 Y120.281 E.02558
G1 X11.102 Y120.281 E1.41099
G1 X9.567 Y119.887 E.04066
G1 X8.412 Y118.803 E.04064
G1 X7.914 Y117.093 E.04569
G1 X7.914 Y12.093 E2.69372
G1 X8.307 Y10.558 E.04065
G1 X9.391 Y9.402 E.04066
G1 X11.102 Y8.904 E.04572
G1 X66.102 Y8.904 E1.41099
G1 X67.637 Y9.298 E.04066
G1 X68.793 Y10.382 E.04066
G1 X69.181 Y11.264 E.02472
G1 X78.171 Y44.674 E.8876
G1 X78.28 Y45.438 E.0198
G1 X78.314 Y47.132 E.04347
G1 E-3.5 F3600
;WIPE_START
G1 F7200
G1 X78.315 Y47.192 E-.0285
G1 X78.378 Y50.289 E-1.4715
;WIPE_END
; printing object Arduino_gehäuse-Unterteil.stl id:0 copy 0
G1 X65.091 Y13.104 F9000
G1 E5 F2400
;TYPE:Perimeter
;WIDTH:0.439999
G1 F3600
G1 X65.091 Y116.081 E2.77882
G1 X12.114 Y116.081 E1.42957
G1 X12.114 Y13.104 E2.77882
G1 X65.031 Y13.104 E1.42796
G1 X65.497 Y12.698 F9000
G1 F3600
G1 X65.497 Y116.487 E2.80073
G1 X11.708 Y116.487 E1.45149
G1 X11.708 Y12.698 E2.80073
G1 X65.437 Y12.698 E1.44987
G1 X65.892 Y12.303 F9000
;TYPE:External perimeter
;WIDTH:0.419999
G1 F1800
G1 X65.892 Y116.883 E2.68294
G1 X11.312 Y116.883 E1.40022
G1 X11.312 Y12.303 E2.68294
G1 X65.832 Y12.303 E1.39868
G1 E-3.5 F3600
;WIPE_START
G1 F7200
G1 X65.892 Y12.303 E-.0285
G1 X65.892 Y15.401 E-1.4715
;WIPE_END
G1 X12.536 Y13.449 F9000
G1 E5 F2400
;TYPE:Solid infill
;WIDTH:0.538422
G1 F3600
G1 X12.491 Y13.405 E.00211
G1 X12.431 Y13.421 E.00208
G1 X12.414 Y13.482 E.00212
G1 X12.459 Y13.526 E.00211
G1 X12.52 Y13.51 E.00211
;WIDTH:0.439999
G1 X13.168 Y13.416 E.01767
G1 X12.36 Y14.23 E.03095
;WIDTH:0.407168
G1 X12.294 Y14.303 E.00244
;WIDTH:0.374336
G1 X12.223 Y14.284 E.00166
G1 X12.242 Y14.355 E.00166
G1 X12.283 Y14.344 E.00096
;WIDTH:0.439999
G1 X12.426 Y14.732 E.01116
G1 X13.741 Y13.416 E.0502
G1 X14.315 Y13.416 E.01549
G1 X12.426 Y15.305 E.07209
G1 X12.426 Y15.879 E.01549
G1 X14.889 Y13.416 E.09399
G1 X15.462 Y13.416 E.01546
G1 X12.426 Y16.453 E.11588
G1 X12.426 Y17.026 E.01546
G1 X16.036 Y13.416 E.13777
G1 X16.61 Y13.416 E.01549
G1 X12.426 Y17.6 E.15967
G1 X12.426 Y18.174 E.01549
G1 X17.184 Y13.416 E.18158
G1 X17.757 Y13.416 E.01546
G1 X12.426 Y18.747 E.20344
G1 X12.426 Y19.321 E.01549
G1 X18.331 Y13.416 E.22535
G1 X18.905 Y13.416 E.01549
G1 X12.426 Y19.895 E.24725
G1 X12.426 Y20.469 E.01549
G1 X19.478 Y13.416 E.26914
G1 X20.052 Y13.416 E.01549
G1 X12.426 Y21.042 E.29103
G1 X12.426 Y21.616 E.01549
G1 X20.626 Y13.416 E.31293
G1 X21.199 Y13.416 E.01546
G1 X12.426 Y22.19 E.33482
G1 X12.426 Y22.763 E.01546
G1 X21.773 Y13.416 E.3567
G1 X22.347 Y13.416 E.01549
G1 X12.426 Y23.337 E.37861
G1 X12.426 Y23.911 E.01549
G1 X22.92 Y13.416 E.40049
G1 X23.494 Y13.416 E.01549
G1 X12.426 Y24.484 E.42238
G1 X12.426 Y25.058 E.01549
G1 X24.068 Y13.416 E.44429
G1 X24.642 Y13.416 E.01549
G1 X12.426 Y25.632 E.46619
G1 X12.426 Y26.205 E.01546
G1 X25.215 Y13.416 E.48806
G1 X25.789 Y13.416 E.01549
G1 X12.426 Y26.779 E.50996
G1 X12.426 Y27.353 E.01549
G1 X26.363 Y13.416 E.53187
G1 X26.936 Y13.416 E.01546
G1 X12.426 Y27.927 E.55375
G1 X12.426 Y28.5 E.01546
G1 X27.51 Y13.416 E.57564
G1 X28.084 Y13.416 E.01549
G1 X12.426 Y29.074 E.59755
G1 X12.426 Y29.648 E.01549
G1 X28.657 Y13.416 E.61943
G1 X29.231 Y13.416 E.01549
G1 X12.426 Y30.221 E.64132
G1 X12.426 Y30.795 E.01549
G1 X29.805 Y13.416 E.66322
G1 X30.379 Y13.416 E.01549
G1 X12.426 Y31.369 E.68513
G1 X12.426 Y31.942 E.01546
G1 X30.952 Y13.416 E.70699
G1 X31.526 Y13.416 E.01549
G1 X12.426 Y32.516 E.7289
G1 X12.426 Y33.09 E.01549
G1 X32.1 Y13.416 E.7508
G1 X32.673 Y13.416 E.01546
G1 X12.426 Y33.664 E.77269
G1 X12.426 Y34.237 E.01546
G1 X33.247 Y13.416 E.79458
G1 X33.821 Y13.416 E.01549
G1 X12.426 Y34.811 E.81648
G1 X12.426 Y35.385 E.01549
G1 X34.394 Y13.416 E.83837
G1 X34.968 Y13.416 E.01549
G1 X12.426 Y35.958 E.86025
G1 X12.426 Y36.532 E.01549
G1 X35.542 Y13.416 E.88216
G1 X36.115 Y13.416 E.01546
G1 X12.426 Y37.106 E.90405
G1 X12.426 Y37.679 E.01546
G1 X36.689 Y13.416 E.92593
G1 X37.263 Y13.416 E.01549
G1 X12.426 Y38.253 E.94784
G1 X12.426 Y38.827 E.01549
G1 X37.837 Y13.416 E.96974
G1 X38.41 Y13.416 E.01546
G1 X12.426 Y39.4 E.99161
G1 X12.426 Y39.974 E.01549
G1 X38.984 Y13.416 E1.01351
G1 X39.558 Y13.416 E.01549
G1 X12.426 Y40.548 E1.03542
G1 X12.426 Y41.122 E.01549
G1 X40.131 Y13.416 E1.05731
G1 X40.705 Y13.416 E.01549
G1 X12.426 Y41.695 E1.07919
G1 X12.426 Y42.269 E.01549
G1 X41.279 Y13.416 E1.1011
G1 X41.852 Y13.416 E.01546
G1 X12.426 Y42.843 E1.12298
G1 X12.426 Y43.416 E.01546
G1 X42.426 Y13.416 E1.14487
G1 X43 Y13.416 E.01549
G1 X12.426 Y43.99 E1.16677
G1 X12.426 Y44.564 E.01549
G1 X43.573 Y13.416 E1.18866
G1 X44.147 Y13.416 E.01549
G1 X12.426 Y45.137 E1.21055
G1 X12.426 Y45.711 E.01549
G1 X44.721 Y13.416 E1.23245
G1 X45.295 Y13.416 E.01549
G1 X12.426 Y46.285 E1.25436
G1 X12.426 Y46.858 E.01546
G1 X45.868 Y13.416 E1.27622
G1 X46.442 Y13.416 E.01549
G1 X12.426 Y47.432 E1.29813
G1 X12.426 Y48.006 E.01549
G1 X47.016 Y13.416 E1.32003
G1 X47.589 Y13.416 E.01546
G1 X12.426 Y48.58 E1.34192
G1 X12.426 Y49.153 E.01546
G1 X48.163 Y13.416 E1.36381
G1 X48.737 Y13.416 E.01549
G1 X12.426 Y49.727 E1.38571
G1 X12.426 Y50.301 E.01549
G1 X49.31 Y13.416 E1.4076
G1 X49.884 Y13.416 E.01549
G1 X12.426 Y50.874 E1.42948
G1 X12.426 Y51.448 E.01549
G1 X50.458 Y13.416 E1.45139
G1 X51.031 Y13.416 E.01546
G1 X12.426 Y52.022 E1.47327
G1 X12.426 Y52.595 E.01546
G1 X51.605 Y13.416 E1.49516
G1 X52.179 Y13.416 E.01549
G1 X12.426 Y53.169 E1.51707
G1 X12.426 Y53.743 E.01549
G1 X52.753 Y13.416 E1.53897
G1 X53.326 Y13.416 E.01546
G1 X12.426 Y54.316 E1.56084
G1 X12.426 Y54.89 E.01549
G1 X53.9 Y13.416 E1.58274
G1 X54.474 Y13.416 E.01549
G1 X12.426 Y55.464 E1.60465
G1 X12.426 Y56.038 E.01549
G1 X55.047 Y13.416 E1.62653
G1 X55.621 Y13.416 E.01549
G1 X12.426 Y56.611 E1.64842
G1 X12.426 Y57.185 E.01549
G1 X56.195 Y13.416 E1.67033
G1 X56.768 Y13.416 E.01546
G1 X12.426 Y57.759 E1.69221
G1 X12.426 Y58.332 E.01546
G1 X57.342 Y13.416 E1.7141
G1 X57.916 Y13.416 E.01549
G1 X12.426 Y58.906 E1.736
G1 X12.426 Y59.48 E.01549
G1 X58.49 Y13.416 E1.75791
G1 X59.063 Y13.416 E.01546
G1 X12.426 Y60.053 E1.77977
G1 X12.426 Y60.627 E.01549
G1 X59.637 Y13.416 E1.80168
G1 X60.211 Y13.416 E.01549
G1 X12.426 Y61.201 E1.82358
G1 X12.426 Y61.775 E.01549
G1 X60.784 Y13.416 E1.84547
G1 X61.358 Y13.416 E.01549
G1 X12.426 Y62.348 E1.86736
G1 X12.426 Y62.922 E.01549
G1 X61.932 Y13.416 E1.88926
G1 X62.505 Y13.416 E.01546
G1 X12.426 Y63.496 E1.91115
G1 X12.426 Y64.069 E.01546
G1 X63.079 Y13.416 E1.93303
G1 X63.653 Y13.416 E.01549
G1 X12.426 Y64.643 E1.95494
G1 X12.426 Y65.217 E.01549
G1 X64.226 Y13.416 E1.97683
G1 X64.779 Y13.438 E.01493
G1 X12.426 Y65.79 E1.99789
G1 X12.426 Y66.364 E.01549
G1 X64.779 Y14.011 E1.99791
G1 X64.779 Y14.585 E.01549
G1 X12.426 Y66.938 E1.99791
G1 X12.426 Y67.511 E.01546
G1 X64.779 Y15.159 E1.99789
G1 X64.779 Y15.733 E.01549
G1 X12.426 Y68.085 E1.99789
G1 X12.426 Y68.659 E.01549
G1 X64.779 Y16.306 E1.99791
G1 X64.779 Y16.88 E.01549
G1 X12.426 Y69.233 E1.99791
G1 X12.426 Y69.806 E.01546
G1 X64.779 Y17.454 E1.99789
G1 X64.779 Y18.027 E.01546
G1 X12.426 Y70.38 E1.99791
G1 X12.426 Y70.954 E.01549
G1 X64.779 Y18.601 E1.99791
G1 X64.779 Y19.175 E.01549
G1 X12.426 Y71.527 E1.99789
G1 X12.426 Y72.101 E.01549
G1 X64.779 Y19.748 E1.99791
G1 X64.779 Y20.322 E.01549
G1 X12.426 Y72.675 E1.99791
G1 X12.426 Y73.248 E.01546
G1 X64.779 Y20.896 E1.99789
G1 X64.779 Y21.469 E.01546
G1 X12.426 Y73.822 E1.99791
G1 X12.426 Y74.396 E.01549
G1 X64.779 Y22.043 E1.99791
G1 X64.779 Y22.617 E.01549
G1 X12.426 Y74.969 E1.99789
G1 X12.426 Y75.543 E.01549
G1 X64.779 Y23.191 E1.99789
G1 X64.779 Y23.764 E.01546
G1 X12.426 Y76.117 E1.99791
G1 X12.426 Y76.691 E.01549
G1 X64.779 Y24.338 E1.99791
G1 X64.779 Y24.912 E.01549
G1 X12.426 Y77.264 E1.99789
G1 X12.426 Y77.838 E.01549
G1 X64.779 Y25.485 E1.99791
G1 X64.779 Y26.059 E.01549
G1 X12.426 Y78.412 E1.99791
G1 X12.426 Y78.985 E.01546
G1 X64.779 Y26.633 E1.99789
G1 X64.779 Y27.206 E.01546
G1 X12.426 Y79.559 E1.99791
G1 X12.426 Y80.133 E.01549
G1 X64.779 Y27.78 E1.99791
G1 X64.779 Y28.354 E.01549
G1 X12.426 Y80.706 E1.99789
G1 X12.426 Y81.28 E.01549
G1 X64.779 Y28.928 E1.99789
G1 X64.779 Y29.501 E.01546
G1 X12.426 Y81.854 E1.99791
G1 X12.426 Y82.428 E.01549
G1 X64.779 Y30.075 E1.99791
G1 X64.779 Y30.649 E.01549
G1 X12.426 Y83.001 E1.99789
G1 X12.426 Y83.575 E.01549
G1 X64.779 Y31.222 E1.99791
G1 X64.779 Y31.796 E.01549
G1 X12.426 Y84.149 E1.99791
G1 X12.426 Y84.722 E.01546
G1 X64.779 Y32.37 E1.99789
G1 X64.779 Y32.943 E.01546
G1 X12.426 Y85.296 E1.99791
G1 X12.426 Y85.87 E.01549
G1 X64.779 Y33.517 E1.99791
G1 X64.779 Y34.091 E.01549
G1 X12.426 Y86.443 E1.99789
G1 X12.426 Y87.017 E.01549
G1 X64.779 Y34.664 E1.99791
G1 X64.779 Y35.238 E.01549
G1 X12.426 Y87.591 E1.99791
G1 X12.426 Y88.164 E.01546
G1 X64.779 Y35.812 E1.99789
G1 X64.779 Y36.386 E.01549
G1 X12.426 Y88.738 E1.99789
G1 X12.426 Y89.312 E.01549
G1 X64.779 Y36.959 E1.99791
G1 X64.779 Y37.533 E.01549
G1 X12.426 Y89.886 E1.99791
G1 X12.426 Y90.459 E.01546
G1 X64.779 Y38.107 E1.99789
G1 X64.779 Y38.68 E.01546
G1 X12.426 Y91.033 E1.99791
G1 X12.426 Y91.607 E.01549
G1 X64.779 Y39.254 E1.99791
G1 X64.779 Y39.828 E.01549
G1 X12.426 Y92.18 E1.99789
G1 X12.426 Y92.754 E.01549
G1 X64.779 Y40.401 E1.99791
G1 X64.779 Y40.975 E.01549
G1 X12.426 Y93.328 E1.99791
G1 X12.426 Y93.901 E.01546
G1 X64.779 Y41.549 E1.99789
G1 X64.779 Y42.122 E.01546
G1 X12.426 Y94.475 E1.99791
G1 X12.426 Y95.049 E.01549
G1 X64.779 Y42.696 E1.99791
G1 X64.779 Y43.27 E.01549
G1 X12.426 Y95.622 E1.99789
G1 X12.426 Y96.196 E.01549
G1 X64.779 Y43.844 E1.99789
G1 X64.779 Y44.417 E.01546
G1 X12.426 Y96.77 E1.99791
G1 X12.426 Y97.344 E.01549
G1 X64.779 Y44.991 E1.99791
G1 X64.779 Y45.565 E.01549
G1 X12.426 Y97.917 E1.99789
G1 X12.426 Y98.491 E.01549
G1 X64.779 Y46.138 E1.99791
G1 X64.779 Y46.712 E.01549
G1 X12.426 Y99.065 E1.99791
G1 X12.426 Y99.638 E.01546
G1 X64.779 Y47.286 E1.99789
G1 X64.779 Y47.859 E.01546
G1 X12.426 Y100.212 E1.99791
G1 X12.426 Y100.786 E.01549
G1 X64.779 Y48.433 E1.99791
G1 X64.779 Y49.007 E.01549
G1 X12.426 Y101.359 E1.99789
G1 X12.426 Y101.933 E.01549
G1 X64.779 Y49.58 E1.99791
G1 X64.779 Y50.154 E.01549
G1 X12.426 Y102.507 E1.99791
G1 X12.426 Y103.08 E.01546
G1 X64.779 Y50.728 E1.99789
G1 X64.779 Y51.302 E.01549
G1 X12.426 Y103.654 E1.99789
G1 X12.426 Y104.228 E.01549
G1 X64.779 Y51.875 E1.99791
G1 X64.779 Y52.449 E.01549
G1 X12.426 Y104.802 E1.99791
G1 X12.426 Y105.375 E.01546
G1 X64.779 Y53.023 E1.99789
G1 X64.779 Y53.596 E.01546
G1 X12.426 Y105.949 E1.99791
G1 X12.426 Y106.523 E.01549
G1 X64.779 Y54.17 E1.99791
G1 X64.779 Y54.744 E.01549
G1 X12.426 Y107.096 E1.99789
G1 X12.426 Y107.67 E.01549
G1 X64.779 Y55.317 E1.99791
G1 X64.779 Y55.891 E.01549
G1 X12.426 Y108.244 E1.99791
G1 X12.426 Y108.817 E.01546
G1 X64.779 Y56.465 E1.99789
G1 X64.779 Y57.039 E.01549
G1 X12.426 Y109.391 E1.99789
G1 X12.426 Y109.965 E.01549
G1 X64.779 Y57.612 E1.99791
G1 X64.779 Y58.186 E.01549
G1 X12.426 Y110.539 E1.99791
G1 X12.426 Y111.112 E.01546
G1 X64.779 Y58.76 E1.99789
G1 X64.779 Y59.333 E.01546
G1 X12.426 Y111.686 E1.99791
G1 X12.426 Y112.26 E.01549
G1 X64.779 Y59.907 E1.99791
G1 X64.779 Y60.481 E.01549
G1 X12.426 Y112.833 E1.99789
G1 X12.426 Y113.407 E.01549
G1 X64.779 Y61.054 E1.99791
G1 X64.779 Y61.628 E.01549
G1 X12.426 Y113.981 E1.99791
G1 X12.426 Y114.554 E.01546
G1 X64.779 Y62.202 E1.99789
G1 X64.779 Y62.775 E.01546
G1 X12.426 Y115.128 E1.99791
G1 X12.471 Y115.921 E.02143
;WIDTH:0.374336
G1 X12.286 Y115.909 E.00419
;WIDTH:0.407168
G1 X12.356 Y115.805 E.00311
;WIDTH:0.439999
G1 X12.426 Y115.702 E.00336
G1 X64.779 Y63.349 E1.99791
G1 X64.779 Y63.923 E.01549
G1 X12.933 Y115.769 E1.97856
G1 X13.506 Y115.769 E.01546
G1 X64.779 Y64.497 E1.95668
G1 X64.779 Y65.07 E.01546
G1 X14.08 Y115.769 E1.93479
G1 X14.654 Y115.769 E.01549
G1 X64.779 Y65.644 E1.91288
G1 X64.779 Y66.218 E.01549
G1 X15.227 Y115.769 E1.891
G1 X15.801 Y115.769 E.01549
G1 X64.779 Y66.791 E1.86911
G1 X64.779 Y67.365 E.01549
G1 X16.375 Y115.769 E1.84721
G1 X16.948 Y115.769 E.01546
G1 X64.779 Y67.939 E1.82532
G1 X64.779 Y68.512 E.01546
G1 X17.522 Y115.769 E1.80344
G1 X18.096 Y115.769 E.01549
G1 X64.779 Y69.086 E1.78153
G1 X64.779 Y69.66 E.01549
G1 X18.67 Y115.769 E1.75963
G1 X19.243 Y115.769 E.01546
G1 X64.779 Y70.233 E1.73776
G1 X64.779 Y70.807 E.01549
G1 X19.817 Y115.769 E1.71585
G1 X20.391 Y115.769 E.01549
G1 X64.779 Y71.381 E1.69395
G1 X64.779 Y71.955 E.01549
G1 X20.964 Y115.769 E1.67206
G1 X21.538 Y115.769 E.01549
G1 X64.779 Y72.528 E1.65018
G1 X64.779 Y73.102 E.01549
G1 X22.112 Y115.769 E1.62827
G1 X22.685 Y115.769 E.01546
G1 X64.779 Y73.676 E1.60638
G1 X64.779 Y74.249 E.01546
G1 X23.259 Y115.769 E1.5845
G1 X23.833 Y115.769 E.01549
G1 X64.779 Y74.823 E1.56259
G1 X64.779 Y75.397 E.01549
G1 X24.406 Y115.769 E1.54071
G1 X24.98 Y115.769 E.01549
G1 X64.779 Y75.97 E1.51882
G1 X64.779 Y76.544 E.01549
G1 X25.554 Y115.769 E1.49692
G1 X26.128 Y115.769 E.01549
G1 X64.779 Y77.118 E1.47501
G1 X64.779 Y77.691 E.01546
G1 X26.701 Y115.769 E1.45314
G1 X27.275 Y115.769 E.01549
G1 X64.779 Y78.265 E1.43124
G1 X64.779 Y78.839 E.01549
G1 X27.849 Y115.769 E1.40933
G1 X28.422 Y115.769 E.01546
G1 X64.779 Y79.413 E1.38745
G1 X64.779 Y79.986 E.01546
G1 X28.996 Y115.769 E1.36556
G1 X29.57 Y115.769 E.01549
G1 X64.779 Y80.56 E1.34366
G1 X64.779 Y81.134 E.01549
G1 X30.143 Y115.769 E1.32177
G1 X30.717 Y115.769 E.01549
G1 X64.779 Y81.707 E1.29988
G1 X64.779 Y82.281 E.01549
G1 X31.291 Y115.769 E1.27798
G1 X31.864 Y115.769 E.01546
G1 X64.779 Y82.855 E1.25609
G1 X64.779 Y83.428 E.01546
G1 X32.438 Y115.769 E1.23421
G1 X33.012 Y115.769 E.01549
G1 X64.779 Y84.002 E1.2123
G1 X64.779 Y84.576 E.01549
G1 X33.586 Y115.769 E1.1904
G1 X34.159 Y115.769 E.01546
G1 X64.779 Y85.15 E1.16851
G1 X64.779 Y85.723 E.01546
G1 X34.733 Y115.769 E1.14662
G1 X35.307 Y115.769 E.01549
G1 X64.779 Y86.297 E1.12472
G1 X64.779 Y86.871 E.01549
G1 X35.88 Y115.769 E1.10283
G1 X36.454 Y115.769 E.01549
G1 X64.779 Y87.444 E1.08095
G1 X64.779 Y88.018 E.01549
G1 X37.028 Y115.769 E1.05904
G1 X37.601 Y115.769 E.01546
G1 X64.779 Y88.592 E1.03716
G1 X64.779 Y89.165 E.01546
G1 X38.175 Y115.769 E1.01527
G1 X38.749 Y115.769 E.01549
G1 X64.779 Y89.739 E.99336
G1 X64.779 Y90.313 E.01549
G1 X39.323 Y115.769 E.97146
G1 X39.896 Y115.769 E.01546
G1 X64.779 Y90.886 E.94959
G1 X64.779 Y91.46 E.01549
G1 X40.47 Y115.769 E.92769
G1 X41.044 Y115.769 E.01549
G1 X64.779 Y92.034 E.90578
G1 X64.779 Y92.608 E.01549
G1 X41.617 Y115.769 E.8839
G1 X42.191 Y115.769 E.01549
G1 X64.779 Y93.181 E.86201
G1 X64.779 Y93.755 E.01549
G1 X42.765 Y115.769 E.8401
G1 X43.338 Y115.769 E.01546
G1 X64.779 Y94.329 E.81822
G1 X64.779 Y94.902 E.01546
G1 X43.912 Y115.769 E.79633
G1 X44.486 Y115.769 E.01549
G1 X64.779 Y95.476 E.77443
G1 X64.779 Y96.05 E.01549
G1 X45.059 Y115.769 E.75254
G1 X45.633 Y115.769 E.01549
G1 X64.779 Y96.623 E.73066
G1 X64.779 Y97.197 E.01549
G1 X46.207 Y115.769 E.70875
G1 X46.781 Y115.769 E.01549
G1 X64.779 Y97.771 E.68684
G1 X64.779 Y98.344 E.01546
G1 X47.354 Y115.769 E.66498
G1 X47.928 Y115.769 E.01549
G1 X64.779 Y98.918 E.64307
G1 X64.779 Y99.492 E.01549
G1 X48.502 Y115.769 E.62117
G1 X49.075 Y115.769 E.01546
G1 X64.779 Y100.066 E.59928
G1 X64.779 Y100.639 E.01546
G1 X49.649 Y115.769 E.5774
G1 X50.223 Y115.769 E.01549
G1 X64.779 Y101.213 E.55549
G1 X64.779 Y101.787 E.01549
G1 X50.796 Y115.769 E.5336
G1 X51.37 Y115.769 E.01549
G1 X64.779 Y102.36 E.51172
G1 X64.779 Y102.934 E.01549
G1 X51.944 Y115.769 E.48981
G1 X52.517 Y115.769 E.01546
G1 X64.779 Y103.508 E.46793
G1 X64.779 Y104.081 E.01546
G1 X53.091 Y115.769 E.44604
G1 X53.665 Y115.769 E.01549
G1 X64.779 Y104.655 E.42414
G1 X64.779 Y105.229 E.01549
G1 X54.239 Y115.769 E.40223
G1 X54.812 Y115.769 E.01546
G1 X64.779 Y105.803 E.38034
G1 X64.779 Y106.376 E.01546
G1 X55.386 Y115.769 E.35846
G1 X55.96 Y115.769 E.01549
G1 X64.779 Y106.95 E.33655
G1 X64.779 Y107.524 E.01549
G1 X56.533 Y115.769 E.31467
G1 X57.107 Y115.769 E.01549
G1 X64.779 Y108.097 E.29278
G1 X64.779 Y108.671 E.01549
G1 X57.681 Y115.769 E.27088
G1 X58.254 Y115.769 E.01546
G1 X64.779 Y109.245 E.24899
G1 X64.779 Y109.818 E.01546
G1 X58.828 Y115.769 E.2271
G1 X59.402 Y115.769 E.01549
G1 X64.779 Y110.392 E.2052
G1 X64.779 Y110.966 E.01549
G1 X59.976 Y115.769 E.18329
G1 X60.549 Y115.769 E.01546
G1 X64.779 Y111.539 E.16143
G1 X64.779 Y112.113 E.01549
G1 X61.123 Y115.769 E.13952
G1 X61.697 Y115.769 E.01549
G1 X64.779 Y112.687 E.11762
G1 X64.779 Y113.261 E.01549
G1 X62.27 Y115.769 E.09573
G1 X62.844 Y115.769 E.01549
G1 X64.779 Y113.834 E.07384
G1 X64.779 Y115.769 E.05222
G1 X63.418 Y115.769 E.03673
G1 X64.635 Y114.551 E.04646
G1 E-3.5
;WIPE_START
G1 F7200
G1 X63.418 Y115.769 E-.81786
G1 X64.779 Y115.769 E-.64647
G1 X64.779 Y115.694 E-.03567
;WIPE_END
; stop printing object Arduino_gehäuse-Unterteil.stl id:0 copy 0
; printing object leuchte_led_halter-Halter.stl id:1 copy 5
G1 X71.308 Y80.41 F9000
G1 E5 F2400
;TYPE:Perimeter
G1 F1800
G1 X71.308 Y79.433 E.02636
G1 X74.286 Y79.433 E.08036
G1 X74.286 Y80.41 E.02636
G1 X71.368 Y80.41 E.07874
G1 X70.903 Y80.816 F9000
G1 F1800
G1 X70.903 Y79.027 E.04828
G1 X74.691 Y79.027 E.10222
G1 X74.691 Y80.816 E.04828
G1 X70.963 Y80.816 E.1006
G1 X70.507 Y81.212 F9000
;TYPE:External perimeter
;WIDTH:0.419999
G1 F1800
G1 X70.507 Y78.632 E.06619
G1 X75.087 Y78.632 E.1175
G1 X75.087 Y81.212 E.06619
G1 X70.567 Y81.212 E.11596
G1 E-3.5 F3600
;WIPE_START
G1 F7200
G1 X70.507 Y81.212 E-.0285
G1 X70.507 Y78.632 E-1.2255
G1 X71.025 Y78.632 E-.246
;WIPE_END
G1 X73.987 Y79.732 F9000
G1 E5 F2400
;TYPE:Solid infill
;WIDTH:0.413482
G1 F3600
G1 X73.987 Y80.111 E.00956
G1 X71.608 Y80.111 E.06
G1 X71.608 Y79.732 E.00956
G1 X73.784 Y79.732 E.05488
G1 E-3.5
;WIPE_START
G1 F7200
G1 X71.608 Y79.732 E-1.0336
G1 X71.608 Y80.111 E-.18003
G1 X72.211 Y80.111 E-.28637
;WIPE_END
; stop printing object leuchte_led_halter-Halter.stl id:1 copy 5
; printing object leuchte_led_halter-Halter.stl id:1 copy 4
G1 X74.611 Y73.64 F9000
G1 E5 F2400
;TYPE:Perimeter
;WIDTH:0.439999
G1 F1800
G1 X71.634 Y73.64 E.08033
G1 X71.634 Y72.663 E.02636
G1 X74.611 Y72.663 E.08033
G1 X74.611 Y73.58 E.02475
G1 X75.017 Y74.046 F9000
G1 F1800
G1 X71.228 Y74.046 E.10225
G1 X71.228 Y72.257 E.04828
G1 X75.017 Y72.257 E.10225
G1 X75.017 Y73.986 E.04666
G1 X75.412 Y74.442 F9000
;TYPE:External perimeter
;WIDTH:0.419999
G1 F1800
G1 X70.832 Y74.442 E.1175
G1 X70.832 Y71.862 E.06619
G1 X75.412 Y71.862 E.1175
G1 X75.412 Y74.382 E.06465
G1 X74.312 Y72.962 F9000
;TYPE:Solid infill
;WIDTH:0.413482
G1 F3600
G1 X74.312 Y73.341 E.00956
G1 X71.933 Y73.341 E.06
G1 X71.933 Y72.962 E.00956
G1 X74.109 Y72.962 E.05488
G1 E-3.5
;WIPE_START
G1 F7200
G1 X71.933 Y72.962 E-1.0336
G1 X71.933 Y73.341 E-.18003
G1 X72.536 Y73.341 E-.28637
;WIPE_END
; stop printing object leuchte_led_halter-Halter.stl id:1 copy 4
; printing object leuchte_led_halter-Halter.stl id:1 copy 3
G1 X73.895 Y66.07 F9000
G1 E5 F2400
;TYPE:Perimeter
;WIDTH:0.439999
G1 F1800
G1 X70.917 Y66.07 E.08036
G1 X70.917 Y65.093 E.02636
G1 X73.895 Y65.093 E.08036
G1 X73.895 Y66.01 E.02475
G1 X74.3 Y66.476 F9000
G1 F1800
G1 X70.512 Y66.476 E.10222
G1 X70.512 Y64.687 E.04828
G1 X74.3 Y64.687 E.10222
G1 X74.3 Y66.416 E.04666
G1 X74.696 Y66.871 F9000
;TYPE:External perimeter
;WIDTH:0.419999
G1 F1800
G1 X70.116 Y66.871 E.1175
G1 X70.116 Y64.291 E.06619
G1 X74.696 Y64.291 E.1175
G1 X74.696 Y66.811 E.06465
G1 X73.596 Y65.392 F9000
;TYPE:Solid infill
;WIDTH:0.413482
G1 F3600
G1 X73.596 Y65.771 E.00956
G1 X71.216 Y65.771 E.06003
G1 X71.216 Y65.392 E.00956
G1 X73.393 Y65.392 E.05491
G1 E-3.5
;WIPE_START
G1 F7200
G1 X71.216 Y65.392 E-1.03407
G1 X71.216 Y65.771 E-.18003
G1 X71.818 Y65.771 E-.2859
;WIPE_END
; stop printing object leuchte_led_halter-Halter.stl id:1 copy 3
; printing object leuchte_led_halter-Halter.stl id:1 copy 2
G1 X73.288 Y59.155 F9000
G1 E5 F2400
;TYPE:Perimeter
;WIDTH:0.439999
G1 F1800
G1 X70.311 Y59.155 E.08033
G1 X70.311 Y58.177 E.02639
G1 X73.288 Y58.177 E.08033
G1 X73.288 Y59.095 E.02477
G1 X73.694 Y59.56 F9000
G1 F1800
G1 X69.905 Y59.56 E.10225
G1 X69.905 Y57.772 E.04825
G1 X73.694 Y57.772 E.10225
G1 X73.694 Y59.5 E.04663
G1 X74.09 Y59.956 F9000
;TYPE:External perimeter
;WIDTH:0.419999
G1 F1800
G1 X69.51 Y59.956 E.1175
G1 X69.51 Y57.376 E.06619
G1 X74.09 Y57.376 E.1175
G1 X74.09 Y59.896 E.06465
G1 X72.989 Y58.477 F9000
;TYPE:Solid infill
;WIDTH:0.413482
G1 F3600
G1 X72.989 Y58.856 E.00956
G1 X70.61 Y58.856 E.06
G1 X70.61 Y58.477 E.00956
G1 X72.786 Y58.477 E.05488
G1 E-3.5
;WIPE_START
G1 F7200
G1 X70.61 Y58.477 E-1.0336
G1 X70.61 Y58.856 E-.18002
G1 X71.213 Y58.856 E-.28638
;WIPE_END
; stop printing object leuchte_led_halter-Halter.stl id:1 copy 2
; printing object leuchte_led_halter-Halter.stl id:1 copy 1
G1 X73.335 Y53.629 F9000
G1 E5 F2400
;TYPE:Perimeter
;WIDTH:0.439999
G1 F1800
G1 X70.357 Y53.629 E.08036
G1 X70.357 Y52.651 E.02639
G1 X73.335 Y52.651 E.08036
G1 X73.335 Y53.569 E.02477
G1 X73.74 Y54.034 F9000
G1 F1800
G1 X69.952 Y54.034 E.10222
G1 X69.952 Y52.246 E.04825
G1 X73.74 Y52.246 E.10222
G1 X73.74 Y53.974 E.04663
G1 X74.136 Y54.43 F9000
;TYPE:External perimeter
;WIDTH:0.419999
G1 F1800
G1 X69.556 Y54.43 E.1175
G1 X69.556 Y51.85 E.06619
G1 X74.136 Y51.85 E.1175
G1 X74.136 Y54.37 E.06465
G1 X73.036 Y52.95 F9000
;TYPE:Solid infill
;WIDTH:0.413482
G1 F3600
G1 X73.036 Y53.33 E.00958
G1 X70.657 Y53.33 E.06
G1 X70.657 Y52.95 E.00958
G1 X72.833 Y52.95 E.05488
G1 E-3.5
;WIPE_START
G1 F7200
G1 X70.657 Y52.95 E-1.0336
G1 X70.657 Y53.33 E-.1805
G1 X71.259 Y53.33 E-.2859
;WIPE_END
; stop printing object leuchte_led_halter-Halter.stl id:1 copy 1
; printing object leuchte_led_halter-Halter.stl id:1 copy 0
G1 X74.081 Y47.492 F9000
G1 E5 F2400
;TYPE:Perimeter
;WIDTH:0.439999
G1 F1800
G1 X71.103 Y47.492 E.08036
G1 X71.103 Y46.514 E.02639
G1 X74.081 Y46.514 E.08036
G1 X74.081 Y47.432 E.02477
G1 X74.486 Y47.897 F9000
G1 F1800
G1 X70.698 Y47.897 E.10222
G1 X70.698 Y46.109 E.04825
G1 X74.486 Y46.109 E.10222
G1 X74.486 Y47.837 E.04663
G1 X74.882 Y48.293 F9000
;TYPE:External perimeter
;WIDTH:0.419999
G1 F1800
G1 X70.302 Y48.293 E.1175
G1 X70.302 Y45.713 E.06619
G1 X74.882 Y45.713 E.1175
G1 X74.882 Y48.233 E.06465
G1 X73.781 Y46.813 F9000
;TYPE:Solid infill
;WIDTH:0.413482
G1 F3600
G1 X73.781 Y47.193 E.00958
G1 X71.402 Y47.193 E.06
G1 X71.402 Y46.813 E.00958
G1 X73.579 Y46.813 E.05491
;LAYER_CHANGE
;Z:0.52
;HEIGHT:0.16
;BEFORE_LAYER_CHANGE
G92 E0
;0.52


G1 E-3.5 F3600
;WIPE_START
G1 F7200
G1 X71.402 Y46.813 E-1.03408
G1 X71.402 Y47.193 E-.1805
G1 X72.003 Y47.193 E-.28542
;WIPE_END
G1 Z.52 F9000
;AFTER_LAYER_CHANGE
;0.52
; stop printing object leuchte_led_halter-Halter.stl id:1 copy 0
; printing object Arduino_gehäuse-Unterteil.stl id:0 copy 0
G1 X65.091 Y13.104
G1 E5 F2400
;TYPE:Perimeter
;WIDTH:0.439999
G1 F3600
G1 X65.091 Y116.081 E2.77882
G1 X12.114 Y116.081 E1.42957
G1 X12.114 Y13.104 E2.77882
G1 X65.031 Y13.104 E1.42796
G1 X65.497 Y12.698 F9000
G1 F3600
G1 X65.497 Y116.487 E2.80073
G1 X11.708 Y116.487 E1.45149
G1 X11.708 Y12.698 E2.80073
G1 X65.437 Y12.698 E1.44987
G1 X65.892 Y12.303 F9000
;TYPE:External perimeter
;WIDTH:0.419999
G1 F1800
G1 X65.892 Y116.883 E2.68294
G1 X11.312 Y116.883 E1.40022
G1 X11.312 Y12.303 E2.68294
G1 X65.832 Y12.303 E1.39868
G1 E-3.5 F3600
;WIPE_START
G1 F7200
G1 X65.892 Y12.303 E-.0285
G1 X65.892 Y15.401 E-1.4715
;WIPE_END
G1 X12.459 Y115.659 F9000
G1 E5 F2400
;TYPE:Solid infill
;WIDTH:0.538422
G1 F3600
G1 X12.414 Y115.703 E.00211
G1 X12.431 Y115.764 E.00212
G1 X12.491 Y115.78 E.00208
G1 X12.536 Y115.736 E.00211
G1 X12.52 Y115.675 E.00211
;WIDTH:0.439999
G1 X13.168 Y115.769 E.01767
G1 X12.426 Y115.027 E.02832
G1 X12.354 Y114.934 E.00317
;WIDTH:0.407168
G1 X12.283 Y114.841 E.0029
;WIDTH:0.374336
G1 X12.294 Y114.882 E.00096
G1 X12.223 Y114.901 E.00166
G1 X12.242 Y114.83 E.00166
;WIDTH:0.439999
G1 X12.426 Y114.453 E.01132
G1 X13.741 Y115.769 E.0502
G1 X14.315 Y115.769 E.01549
G1 X12.426 Y113.88 E.07209
G1 X12.426 Y113.306 E.01549
G1 X14.889 Y115.769 E.09399
G1 X15.462 Y115.769 E.01546
G1 X12.426 Y112.732 E.11588
G1 X12.426 Y112.159 E.01546
G1 X16.036 Y115.769 E.13777
G1 X16.61 Y115.769 E.01549
G1 X12.426 Y111.585 E.15967
G1 X12.426 Y111.011 E.01549
G1 X17.184 Y115.769 E.18158
G1 X17.757 Y115.769 E.01546
G1 X12.426 Y110.438 E.20344
G1 X12.426 Y109.864 E.01549
G1 X18.331 Y115.769 E.22535
G1 X18.905 Y115.769 E.01549
G1 X12.426 Y109.29 E.24725
G1 X12.426 Y108.716 E.01549
G1 X19.478 Y115.769 E.26914
G1 X20.052 Y115.769 E.01549
G1 X12.426 Y108.143 E.29103
G1 X12.426 Y107.569 E.01549
G1 X20.626 Y115.769 E.31293
G1 X21.199 Y115.769 E.01546
G1 X12.426 Y106.995 E.33482
G1 X12.426 Y106.422 E.01546
G1 X21.773 Y115.769 E.3567
G1 X22.347 Y115.769 E.01549
G1 X12.426 Y105.848 E.37861
G1 X12.426 Y105.274 E.01549
G1 X22.92 Y115.769 E.40049
G1 X23.494 Y115.769 E.01549
G1 X12.426 Y104.701 E.42238
G1 X12.426 Y104.127 E.01549
G1 X24.068 Y115.769 E.44429
G1 X24.642 Y115.769 E.01549
G1 X12.426 Y103.553 E.46619
G1 X12.426 Y102.98 E.01546
G1 X25.215 Y115.769 E.48806
G1 X25.789 Y115.769 E.01549
G1 X12.426 Y102.406 E.50996
G1 X12.426 Y101.832 E.01549
G1 X26.363 Y115.769 E.53187
G1 X26.936 Y115.769 E.01546
G1 X12.426 Y101.258 E.55375
G1 X12.426 Y100.685 E.01546
G1 X27.51 Y115.769 E.57564
G1 X28.084 Y115.769 E.01549
G1 X12.426 Y100.111 E.59755
G1 X12.426 Y99.537 E.01549
G1 X28.657 Y115.769 E.61943
G1 X29.231 Y115.769 E.01549
G1 X12.426 Y98.964 E.64132
G1 X12.426 Y98.39 E.01549
G1 X29.805 Y115.769 E.66322
G1 X30.379 Y115.769 E.01549
G1 X12.426 Y97.816 E.68513
G1 X12.426 Y97.243 E.01546
G1 X30.952 Y115.769 E.70699
G1 X31.526 Y115.769 E.01549
G1 X12.426 Y96.669 E.7289
G1 X12.426 Y96.095 E.01549
G1 X32.1 Y115.769 E.7508
G1 X32.673 Y115.769 E.01546
G1 X12.426 Y95.521 E.77269
G1 X12.426 Y94.948 E.01546
G1 X33.247 Y115.769 E.79458
G1 X33.821 Y115.769 E.01549
G1 X12.426 Y94.374 E.81648
G1 X12.426 Y93.8 E.01549
G1 X34.394 Y115.769 E.83837
G1 X34.968 Y115.769 E.01549
G1 X12.426 Y93.227 E.86025
G1 X12.426 Y92.653 E.01549
G1 X35.542 Y115.769 E.88216
G1 X36.115 Y115.769 E.01546
G1 X12.426 Y92.079 E.90405
G1 X12.426 Y91.506 E.01546
G1 X36.689 Y115.769 E.92593
G1 X37.263 Y115.769 E.01549
G1 X12.426 Y90.932 E.94784
G1 X12.426 Y90.358 E.01549
G1 X37.837 Y115.769 E.96974
G1 X38.41 Y115.769 E.01546
G1 X12.426 Y89.785 E.99161
G1 X12.426 Y89.211 E.01549
G1 X38.984 Y115.769 E1.01351
G1 X39.558 Y115.769 E.01549
G1 X12.426 Y88.637 E1.03542
G1 X12.426 Y88.063 E.01549
G1 X40.131 Y115.769 E1.05731
G1 X40.705 Y115.769 E.01549
G1 X12.426 Y87.49 E1.07919
G1 X12.426 Y86.916 E.01549
G1 X41.279 Y115.769 E1.1011
G1 X41.852 Y115.769 E.01546
G1 X12.426 Y86.342 E1.12298
G1 X12.426 Y85.769 E.01546
G1 X42.426 Y115.769 E1.14487
G1 X43 Y115.769 E.01549
G1 X12.426 Y85.195 E1.16677
G1 X12.426 Y84.621 E.01549
G1 X43.573 Y115.769 E1.18866
G1 X44.147 Y115.769 E.01549
G1 X12.426 Y84.048 E1.21055
G1 X12.426 Y83.474 E.01549
G1 X44.721 Y115.769 E1.23245
G1 X45.295 Y115.769 E.01549
G1 X12.426 Y82.9 E1.25436
G1 X12.426 Y82.327 E.01546
G1 X45.868 Y115.769 E1.27622
G1 X46.442 Y115.769 E.01549
G1 X12.426 Y81.753 E1.29813
G1 X12.426 Y81.179 E.01549
G1 X47.016 Y115.769 E1.32003
G1 X47.589 Y115.769 E.01546
G1 X12.426 Y80.605 E1.34192
G1 X12.426 Y80.032 E.01546
G1 X48.163 Y115.769 E1.36381
G1 X48.737 Y115.769 E.01549
G1 X12.426 Y79.458 E1.38571
G1 X12.426 Y78.884 E.01549
G1 X49.31 Y115.769 E1.4076
G1 X49.884 Y115.769 E.01549
G1 X12.426 Y78.311 E1.42948
G1 X12.426 Y77.737 E.01549
G1 X50.458 Y115.769 E1.45139
G1 X51.031 Y115.769 E.01546
G1 X12.426 Y77.163 E1.47327
G1 X12.426 Y76.59 E.01546
G1 X51.605 Y115.769 E1.49516
G1 X52.179 Y115.769 E.01549
G1 X12.426 Y76.016 E1.51707
G1 X12.426 Y75.442 E.01549
G1 X52.753 Y115.769 E1.53897
G1 X53.326 Y115.769 E.01546
G1 X12.426 Y74.869 E1.56084
G1 X12.426 Y74.295 E.01549
G1 X53.9 Y115.769 E1.58274
G1 X54.474 Y115.769 E.01549
G1 X12.426 Y73.721 E1.60465
G1 X12.426 Y73.147 E.01549
G1 X55.047 Y115.769 E1.62653
G1 X55.621 Y115.769 E.01549
G1 X12.426 Y72.574 E1.64842
G1 X12.426 Y72 E.01549
G1 X56.195 Y115.769 E1.67033
G1 X56.768 Y115.769 E.01546
G1 X12.426 Y71.426 E1.69221
G1 X12.426 Y70.853 E.01546
G1 X57.342 Y115.769 E1.7141
G1 X57.916 Y115.769 E.01549
G1 X12.426 Y70.279 E1.736
G1 X12.426 Y69.705 E.01549
G1 X58.49 Y115.769 E1.75791
G1 X59.063 Y115.769 E.01546
G1 X12.426 Y69.132 E1.77977
G1 X12.426 Y68.558 E.01549
G1 X59.637 Y115.769 E1.80168
G1 X60.211 Y115.769 E.01549
G1 X12.426 Y67.984 E1.82358
G1 X12.426 Y67.41 E.01549
G1 X60.784 Y115.769 E1.84547
G1 X61.358 Y115.769 E.01549
G1 X12.426 Y66.837 E1.86736
G1 X12.426 Y66.263 E.01549
G1 X61.932 Y115.769 E1.88926
G1 X62.505 Y115.769 E.01546
G1 X12.426 Y65.689 E1.91115
G1 X12.426 Y65.116 E.01546
G1 X63.079 Y115.769 E1.93303
G1 X63.653 Y115.769 E.01549
G1 X12.426 Y64.542 E1.95494
G1 X12.426 Y63.968 E.01549
G1 X64.226 Y115.769 E1.97683
G1 X64.779 Y115.747 E.01493
G1 X12.426 Y63.395 E1.99789
G1 X12.426 Y62.821 E.01549
G1 X64.779 Y115.174 E1.99791
G1 X64.779 Y114.6 E.01549
G1 X12.426 Y62.247 E1.99791
G1 X12.426 Y61.674 E.01546
G1 X64.779 Y114.026 E1.99789
G1 X64.779 Y113.452 E.01549
G1 X12.426 Y61.1 E1.99789
G1 X12.426 Y60.526 E.01549
G1 X64.779 Y112.879 E1.99791
G1 X64.779 Y112.305 E.01549
G1 X12.426 Y59.952 E1.99791
G1 X12.426 Y59.379 E.01546
G1 X64.779 Y111.731 E1.99789
G1 X64.779 Y111.158 E.01546
G1 X12.426 Y58.805 E1.99791
G1 X12.426 Y58.231 E.01549
G1 X64.779 Y110.584 E1.99791
G1 X64.779 Y110.01 E.01549
G1 X12.426 Y57.658 E1.99789
G1 X12.426 Y57.084 E.01549
G1 X64.779 Y109.437 E1.99791
G1 X64.779 Y108.863 E.01549
G1 X12.426 Y56.51 E1.99791
G1 X12.426 Y55.937 E.01546
G1 X64.779 Y108.289 E1.99789
G1 X64.779 Y107.716 E.01546
G1 X12.426 Y55.363 E1.99791
G1 X12.426 Y54.789 E.01549
G1 X64.779 Y107.142 E1.99791
G1 X64.779 Y106.568 E.01549
G1 X12.426 Y54.216 E1.99789
G1 X12.426 Y53.642 E.01549
G1 X64.779 Y105.994 E1.99789
G1 X64.779 Y105.421 E.01546
G1 X12.426 Y53.068 E1.99791
G1 X12.426 Y52.494 E.01549
G1 X64.779 Y104.847 E1.99791
G1 X64.779 Y104.273 E.01549
G1 X12.426 Y51.921 E1.99789
G1 X12.426 Y51.347 E.01549
G1 X64.779 Y103.7 E1.99791
G1 X64.779 Y103.126 E.01549
G1 X12.426 Y50.773 E1.99791
G1 X12.426 Y50.2 E.01546
G1 X64.779 Y102.552 E1.99789
G1 X64.779 Y101.979 E.01546
G1 X12.426 Y49.626 E1.99791
G1 X12.426 Y49.052 E.01549
G1 X64.779 Y101.405 E1.99791
G1 X64.779 Y100.831 E.01549
G1 X12.426 Y48.479 E1.99789
G1 X12.426 Y47.905 E.01549
G1 X64.779 Y100.258 E1.99791
G1 X64.779 Y99.684 E.01549
G1 X12.426 Y47.331 E1.99791
G1 X12.426 Y46.757 E.01549
G1 X64.779 Y99.11 E1.99791
G1 X64.779 Y98.536 E.01549
G1 X12.426 Y46.184 E1.99789
G1 X12.426 Y45.61 E.01549
G1 X64.779 Y97.963 E1.99791
G1 X64.779 Y97.389 E.01549
G1 X12.426 Y45.036 E1.99791
G1 X12.426 Y44.463 E.01546
G1 X64.779 Y96.815 E1.99789
G1 X64.779 Y96.242 E.01546
G1 X12.426 Y43.889 E1.99791
G1 X12.426 Y43.315 E.01549
G1 X64.779 Y95.668 E1.99791
G1 X64.779 Y95.094 E.01549
G1 X12.426 Y42.742 E1.99789
G1 X12.426 Y42.168 E.01549
G1 X64.779 Y94.521 E1.99791
G1 X64.779 Y93.947 E.01549
G1 X12.426 Y41.594 E1.99791
G1 X12.426 Y41.021 E.01546
G1 X64.779 Y93.373 E1.99789
G1 X64.779 Y92.799 E.01549
G1 X12.426 Y40.447 E1.99789
G1 X12.426 Y39.873 E.01549
G1 X64.779 Y92.226 E1.99791
G1 X64.779 Y91.652 E.01549
G1 X12.426 Y39.299 E1.99791
G1 X12.426 Y38.726 E.01546
G1 X64.779 Y91.078 E1.99789
G1 X64.779 Y90.505 E.01546
G1 X12.426 Y38.152 E1.99791
G1 X12.426 Y37.578 E.01549
G1 X64.779 Y89.931 E1.99791
G1 X64.779 Y89.357 E.01549
G1 X12.426 Y37.005 E1.99789
G1 X12.426 Y36.431 E.01549
G1 X64.779 Y88.784 E1.99791
G1 X64.779 Y88.21 E.01549
G1 X12.426 Y35.857 E1.99791
G1 X12.426 Y35.284 E.01546
G1 X64.779 Y87.636 E1.99789
G1 X64.779 Y87.063 E.01546
G1 X12.426 Y34.71 E1.99791
G1 X12.426 Y34.136 E.01549
G1 X64.779 Y86.489 E1.99791
G1 X64.779 Y85.915 E.01549
G1 X12.426 Y33.563 E1.99789
G1 X12.426 Y32.989 E.01549
G1 X64.779 Y85.341 E1.99789
G1 X64.779 Y84.768 E.01546
G1 X12.426 Y32.415 E1.99791
G1 X12.426 Y31.841 E.01549
G1 X64.779 Y84.194 E1.99791
G1 X64.779 Y83.62 E.01549
G1 X12.426 Y31.268 E1.99789
G1 X12.426 Y30.694 E.01549
G1 X64.779 Y83.047 E1.99791
G1 X64.779 Y82.473 E.01549
G1 X12.426 Y30.12 E1.99791
G1 X12.426 Y29.547 E.01546
G1 X64.779 Y81.899 E1.99789
G1 X64.779 Y81.326 E.01546
G1 X12.426 Y28.973 E1.99791
G1 X12.426 Y28.399 E.01549
G1 X64.779 Y80.752 E1.99791
G1 X64.779 Y80.178 E.01549
G1 X12.426 Y27.826 E1.99789
G1 X12.426 Y27.252 E.01549
G1 X64.779 Y79.605 E1.99791
G1 X64.779 Y79.031 E.01549
G1 X12.426 Y26.678 E1.99791
G1 X12.426 Y26.105 E.01546
G1 X64.779 Y78.457 E1.99789
G1 X64.779 Y77.883 E.01549
G1 X12.426 Y25.531 E1.99789
G1 X12.426 Y24.957 E.01549
G1 X64.779 Y77.31 E1.99791
G1 X64.779 Y76.736 E.01549
G1 X12.426 Y24.383 E1.99791
G1 X12.426 Y23.81 E.01546
G1 X64.779 Y76.162 E1.99789
G1 X64.779 Y75.589 E.01546
G1 X12.426 Y23.236 E1.99791
G1 X12.426 Y22.662 E.01549
G1 X64.779 Y75.015 E1.99791
G1 X64.779 Y74.441 E.01549
G1 X12.426 Y22.089 E1.99789
G1 X12.426 Y21.515 E.01549
G1 X64.779 Y73.868 E1.99791
G1 X64.779 Y73.294 E.01549
G1 X12.426 Y20.941 E1.99791
G1 X12.426 Y20.368 E.01546
G1 X64.779 Y72.72 E1.99789
G1 X64.779 Y72.147 E.01546
G1 X12.426 Y19.794 E1.99791
G1 X12.426 Y19.22 E.01549
G1 X64.779 Y71.573 E1.99791
G1 X64.779 Y70.999 E.01549
G1 X12.426 Y18.646 E1.99791
G1 X12.426 Y18.073 E.01546
G1 X64.779 Y70.425 E1.99789
G1 X64.779 Y69.852 E.01546
G1 X12.426 Y17.499 E1.99791
G1 X12.426 Y16.925 E.01549
G1 X64.779 Y69.278 E1.99791
G1 X64.779 Y68.704 E.01549
G1 X12.426 Y16.352 E1.99789
G1 X12.426 Y15.778 E.01549
G1 X64.779 Y68.131 E1.99791
G1 X64.779 Y67.557 E.01549
G1 X12.426 Y15.204 E1.99791
G1 X12.426 Y14.631 E.01546
G1 X64.779 Y66.983 E1.99789
G1 X64.779 Y66.41 E.01546
G1 X12.426 Y14.057 E1.99791
G1 X12.426 Y13.483 E.01549
G1 X64.779 Y65.836 E1.99791
G1 X64.779 Y65.262 E.01549
G1 X12.933 Y13.416 E1.97856
G1 X13.506 Y13.416 E.01546
G1 X64.779 Y64.688 E1.95668
G1 X64.779 Y64.115 E.01546
G1 X14.08 Y13.416 E1.93479
G1 X14.654 Y13.416 E.01549
G1 X64.779 Y63.541 E1.91288
G1 X64.779 Y62.967 E.01549
G1 X15.227 Y13.416 E1.891
G1 X15.801 Y13.416 E.01549
G1 X64.779 Y62.394 E1.86911
G1 X64.779 Y61.82 E.01549
G1 X16.375 Y13.416 E1.84721
G1 X16.948 Y13.416 E.01546
G1 X64.779 Y61.246 E1.82532
G1 X64.779 Y60.673 E.01546
G1 X17.522 Y13.416 E1.80344
G1 X18.096 Y13.416 E.01549
G1 X64.779 Y60.099 E1.78153
G1 X64.779 Y59.525 E.01549
G1 X18.67 Y13.416 E1.75963
G1 X19.243 Y13.416 E.01546
G1 X64.779 Y58.952 E1.73776
G1 X64.779 Y58.378 E.01549
G1 X19.817 Y13.416 E1.71585
G1 X20.391 Y13.416 E.01549
G1 X64.779 Y57.804 E1.69395
G1 X64.779 Y57.23 E.01549
G1 X20.964 Y13.416 E1.67206
G1 X21.538 Y13.416 E.01549
G1 X64.779 Y56.657 E1.65018
G1 X64.779 Y56.083 E.01549
G1 X22.112 Y13.416 E1.62827
G1 X22.685 Y13.416 E.01546
G1 X64.779 Y55.509 E1.60638
G1 X64.779 Y54.936 E.01546
G1 X23.259 Y13.416 E1.5845
G1 X23.833 Y13.416 E.01549
G1 X64.779 Y54.362 E1.56259
G1 X64.779 Y53.788 E.01549
G1 X24.406 Y13.416 E1.54071
G1 X24.98 Y13.416 E.01549
G1 X64.779 Y53.215 E1.51882
G1 X64.779 Y52.641 E.01549
G1 X25.554 Y13.416 E1.49692
G1 X26.128 Y13.416 E.01549
G1 X64.779 Y52.067 E1.47501
G1 X64.779 Y51.494 E.01546
G1 X26.701 Y13.416 E1.45314
G1 X27.275 Y13.416 E.01549
G1 X64.779 Y50.92 E1.43124
G1 X64.779 Y50.346 E.01549
G1 X27.849 Y13.416 E1.40933
G1 X28.422 Y13.416 E.01546
G1 X64.779 Y49.772 E1.38745
G1 X64.779 Y49.199 E.01546
G1 X28.996 Y13.416 E1.36556
G1 X29.57 Y13.416 E.01549
G1 X64.779 Y48.625 E1.34366
G1 X64.779 Y48.051 E.01549
G1 X30.143 Y13.416 E1.32177
G1 X30.717 Y13.416 E.01549
G1 X64.779 Y47.478 E1.29988
G1 X64.779 Y46.904 E.01549
G1 X31.291 Y13.416 E1.27798
G1 X31.865 Y13.416 E.01549
G1 X64.779 Y46.33 E1.25607
G1 X64.779 Y45.757 E.01546
G1 X32.438 Y13.416 E1.23421
G1 X33.012 Y13.416 E.01549
G1 X64.779 Y45.183 E1.2123
G1 X64.779 Y44.609 E.01549
G1 X33.586 Y13.416 E1.1904
G1 X34.159 Y13.416 E.01546
G1 X64.779 Y44.035 E1.16851
G1 X64.779 Y43.462 E.01546
G1 X34.733 Y13.416 E1.14662
G1 X35.307 Y13.416 E.01549
G1 X64.779 Y42.888 E1.12472
G1 X64.779 Y42.314 E.01549
G1 X35.88 Y13.416 E1.10283
G1 X36.454 Y13.416 E.01549
G1 X64.779 Y41.741 E1.08095
G1 X64.779 Y41.167 E.01549
G1 X37.028 Y13.416 E1.05904
G1 X37.601 Y13.416 E.01546
G1 X64.779 Y40.593 E1.03716
G1 X64.779 Y40.02 E.01546
G1 X38.175 Y13.416 E1.01527
G1 X38.749 Y13.416 E.01549
G1 X64.779 Y39.446 E.99336
G1 X64.779 Y38.872 E.01549
G1 X39.323 Y13.416 E.97146
G1 X39.896 Y13.416 E.01546
G1 X64.779 Y38.299 E.94959
G1 X64.779 Y37.725 E.01549
G1 X40.47 Y13.416 E.92769
G1 X41.044 Y13.416 E.01549
G1 X64.779 Y37.151 E.90578
G1 X64.779 Y36.577 E.01549
G1 X41.617 Y13.416 E.8839
G1 X42.191 Y13.416 E.01549
G1 X64.779 Y36.004 E.86201
G1 X64.779 Y35.43 E.01549
G1 X42.765 Y13.416 E.8401
G1 X43.338 Y13.416 E.01546
G1 X64.779 Y34.856 E.81822
G1 X64.779 Y34.283 E.01546
G1 X43.912 Y13.416 E.79633
G1 X44.486 Y13.416 E.01549
G1 X64.779 Y33.709 E.77443
G1 X64.779 Y33.135 E.01549
G1 X45.059 Y13.416 E.75254
G1 X45.633 Y13.416 E.01549
G1 X64.779 Y32.562 E.73066
G1 X64.779 Y31.988 E.01549
G1 X46.207 Y13.416 E.70875
G1 X46.781 Y13.416 E.01549
G1 X64.779 Y31.414 E.68684
G1 X64.779 Y30.841 E.01546
G1 X47.354 Y13.416 E.66498
G1 X47.928 Y13.416 E.01549
G1 X64.779 Y30.267 E.64307
G1 X64.779 Y29.693 E.01549
G1 X48.502 Y13.416 E.62117
G1 X49.075 Y13.416 E.01546
G1 X64.779 Y29.119 E.59928
G1 X64.779 Y28.546 E.01546
G1 X49.649 Y13.416 E.5774
G1 X50.223 Y13.416 E.01549
G1 X64.779 Y27.972 E.55549
G1 X64.779 Y27.398 E.01549
G1 X50.796 Y13.416 E.5336
G1 X51.37 Y13.416 E.01549
G1 X64.779 Y26.825 E.51172
G1 X64.779 Y26.251 E.01549
G1 X51.944 Y13.416 E.48981
G1 X52.518 Y13.416 E.01549
G1 X64.779 Y25.677 E.46791
G1 X64.779 Y25.104 E.01546
G1 X53.091 Y13.416 E.44604
G1 X53.665 Y13.416 E.01549
G1 X64.779 Y24.53 E.42414
G1 X64.779 Y23.956 E.01549
G1 X54.239 Y13.416 E.40223
G1 X54.812 Y13.416 E.01546
G1 X64.779 Y23.383 E.38036
G1 X64.779 Y22.809 E.01549
G1 X55.386 Y13.416 E.35846
G1 X55.96 Y13.416 E.01549
G1 X64.779 Y22.235 E.33655
G1 X64.779 Y21.661 E.01549
G1 X56.533 Y13.416 E.31467
G1 X57.107 Y13.416 E.01549
G1 X64.779 Y21.088 E.29278
G1 X64.779 Y20.514 E.01549
G1 X57.681 Y13.416 E.27088
G1 X58.254 Y13.416 E.01546
G1 X64.779 Y19.94 E.24899
G1 X64.779 Y19.367 E.01546
G1 X58.828 Y13.416 E.2271
G1 X59.402 Y13.416 E.01549
G1 X64.779 Y18.793 E.2052
G1 X64.779 Y18.219 E.01549
G1 X59.976 Y13.416 E.18329
G1 X60.549 Y13.416 E.01546
G1 X64.779 Y17.646 E.16143
G1 X64.779 Y17.072 E.01549
G1 X61.123 Y13.416 E.13952
G1 X61.697 Y13.416 E.01549
G1 X64.779 Y16.498 E.11762
G1 X64.779 Y15.924 E.01549
G1 X62.27 Y13.416 E.09573
G1 X62.844 Y13.416 E.01549
G1 X64.779 Y15.351 E.07384
G1 E-3.5
;WIPE_START
G1 F7200
G1 X62.844 Y13.416 E-1.29984
G1 X62.423 Y13.416 E-.20016
;WIPE_END
G1 X63.561 Y13.56 F9000
G1 E5 F2400
G1 F3600
G1 X64.779 Y14.777 E.04646
G1 X64.779 Y13.416 E.03673
G1 X63.418 Y13.416 E.03673
G1 E-3.5
;WIPE_START
G1 F7200
G1 X64.779 Y13.416 E-.64647
G1 X64.779 Y14.777 E-.64648
G1 X64.471 Y14.469 E-.20705
;WIPE_END
; stop printing object Arduino_gehäuse-Unterteil.stl id:0 copy 0
; printing object leuchte_led_halter-Halter.stl id:1 copy 5
G1 X71.308 Y79.433 F9000
G1 E5 F2400
;TYPE:Perimeter
G1 F1800
G1 X74.286 Y79.433 E.08036
G1 X74.286 Y80.41 E.02636
G1 X71.308 Y80.41 E.08036
G1 X71.308 Y79.493 E.02475
G1 X70.903 Y79.027 F9000
G1 F1800
G1 X74.691 Y79.027 E.10222
G1 X74.691 Y80.816 E.04828
G1 X70.903 Y80.816 E.10222
G1 X70.903 Y79.087 E.04666
G1 X70.507 Y78.632 F9000
;TYPE:External perimeter
;WIDTH:0.419999
G1 F1800
G1 X75.087 Y78.632 E.1175
G1 X75.087 Y81.212 E.06619
G1 X70.507 Y81.212 E.1175
G1 X70.507 Y78.692 E.06465
G1 E-3.5 F3600
;WIPE_START
G1 F7200
G1 X70.507 Y78.632 E-.0285
G1 X73.605 Y78.632 E-1.4715
;WIPE_END
G1 X74.037 Y80.282 F9000
G1 E5 F2400
;TYPE:Top solid infill
;WIDTH:0.448769
G1 F1800
G1 X73.48 Y79.725 E.02172
G1 X72.894 Y79.725 E.01615
G1 X73.286 Y80.118 E.0153
G1 X72.7 Y80.118 E.01615
G1 X72.308 Y79.725 E.0153
G1 X71.722 Y79.725 E.01615
G1 X72.279 Y80.282 E.02172
G1 E-3.5 F3600
;WIPE_START
G1 F7200
G1 X71.722 Y79.725 E-.37417
G1 X72.308 Y79.725 E-.27835
G1 X72.7 Y80.118 E-.26366
G1 X73.286 Y80.118 E-.27835
G1 X72.894 Y79.725 E-.26366
G1 X72.982 Y79.725 E-.04181
;WIPE_END
; stop printing object leuchte_led_halter-Halter.stl id:1 copy 5
; printing object leuchte_led_halter-Halter.stl id:1 copy 4
G1 X71.634 Y73.64 F9000
G1 E5 F2400
;TYPE:Perimeter
;WIDTH:0.439999
G1 F1800
G1 X71.634 Y72.663 E.02636
G1 X74.611 Y72.663 E.08033
G1 X74.611 Y73.64 E.02636
G1 X71.694 Y73.64 E.07871
G1 X71.228 Y74.046 F9000
G1 F1800
G1 X71.228 Y72.257 E.04828
G1 X75.017 Y72.257 E.10225
G1 X75.017 Y74.046 E.04828
G1 X71.288 Y74.046 E.10063
G1 X70.832 Y74.442 F9000
;TYPE:External perimeter
;WIDTH:0.419999
G1 F1800
G1 X70.832 Y71.862 E.06619
G1 X75.412 Y71.862 E.1175
G1 X75.412 Y74.442 E.06619
G1 X70.892 Y74.442 E.11596
G1 E-3.5 F3600
;WIPE_START
G1 F7200
G1 X70.832 Y74.442 E-.0285
G1 X70.832 Y71.862 E-1.2255
G1 X71.35 Y71.862 E-.246
;WIPE_END
G1 X74.362 Y73.513 F9000
G1 E5 F2400
;TYPE:Top solid infill
;WIDTH:0.448769
G1 F1800
G1 X73.805 Y72.955 E.02174
G1 X73.219 Y72.955 E.01615
G1 X73.612 Y73.348 E.01532
G1 X73.025 Y73.348 E.01618
G1 X72.633 Y72.955 E.0153
G1 X72.047 Y72.955 E.01615
G1 X72.604 Y73.513 E.02174
G1 E-3.5 F3600
;WIPE_START
G1 F7200
G1 X72.047 Y72.955 E-.3745
G1 X72.633 Y72.955 E-.27835
G1 X73.025 Y73.348 E-.26366
G1 X73.612 Y73.348 E-.27882
G1 X73.219 Y72.955 E-.264
G1 X73.305 Y72.955 E-.04067
;WIPE_END
; stop printing object leuchte_led_halter-Halter.stl id:1 copy 4
; printing object leuchte_led_halter-Halter.stl id:1 copy 3
G1 X73.895 Y66.07 F9000
G1 E5 F2400
;TYPE:Perimeter
;WIDTH:0.439999
G1 F1800
G1 X70.917 Y66.07 E.08036
G1 X70.917 Y65.093 E.02636
G1 X73.895 Y65.093 E.08036
G1 X73.895 Y66.01 E.02475
G1 X74.3 Y66.476 F9000
G1 F1800
G1 X70.512 Y66.476 E.10222
G1 X70.512 Y64.687 E.04828
G1 X74.3 Y64.687 E.10222
G1 X74.3 Y66.416 E.04666
G1 X74.696 Y66.871 F9000
;TYPE:External perimeter
;WIDTH:0.419999
G1 F1800
G1 X70.116 Y66.871 E.1175
G1 X70.116 Y64.291 E.06619
G1 X74.696 Y64.291 E.1175
G1 X74.696 Y66.811 E.06465
G1 X73.646 Y65.942 F9000
;TYPE:Top solid infill
;WIDTH:0.448769
G1 F1800
G1 X73.089 Y65.385 E.02172
G1 X72.503 Y65.385 E.01615
G1 X72.895 Y65.778 E.0153
G1 X72.309 Y65.778 E.01615
G1 X71.917 Y65.385 E.0153
G1 X71.33 Y65.385 E.01618
G1 X71.888 Y65.942 E.02174
G1 E-3.5 F3600
;WIPE_START
G1 F7200
G1 X71.33 Y65.385 E-.3745
G1 X71.917 Y65.385 E-.27883
G1 X72.309 Y65.778 E-.26366
G1 X72.895 Y65.778 E-.27835
G1 X72.503 Y65.385 E-.26366
G1 X72.589 Y65.385 E-.041
;WIPE_END
; stop printing object leuchte_led_halter-Halter.stl id:1 copy 3
; printing object leuchte_led_halter-Halter.stl id:1 copy 2
G1 X73.288 Y59.155 F9000
G1 E5 F2400
;TYPE:Perimeter
;WIDTH:0.439999
G1 F1800
G1 X70.311 Y59.155 E.08033
G1 X70.311 Y58.177 E.02639
G1 X73.288 Y58.177 E.08033
G1 X73.288 Y59.095 E.02477
G1 X73.694 Y59.56 F9000
G1 F1800
G1 X69.905 Y59.56 E.10225
G1 X69.905 Y57.772 E.04825
G1 X73.694 Y57.772 E.10225
G1 X73.694 Y59.5 E.04663
G1 X74.09 Y59.956 F9000
;TYPE:External perimeter
;WIDTH:0.419999
G1 F1800
G1 X69.51 Y59.956 E.1175
G1 X69.51 Y57.376 E.06619
G1 X74.09 Y57.376 E.1175
G1 X74.09 Y59.896 E.06465
G1 X73.04 Y59.027 F9000
;TYPE:Top solid infill
;WIDTH:0.448769
G1 F1800
G1 X72.482 Y58.47 E.02174
G1 X71.896 Y58.47 E.01615
G1 X72.289 Y58.862 E.0153
G1 X71.703 Y58.862 E.01615
G1 X71.31 Y58.47 E.0153
G1 X70.724 Y58.47 E.01615
G1 X71.281 Y59.027 E.02172
G1 E-3.5 F3600
;WIPE_START
G1 F7200
G1 X70.724 Y58.47 E-.37417
G1 X71.31 Y58.47 E-.27835
G1 X71.703 Y58.862 E-.26366
G1 X72.289 Y58.862 E-.27835
G1 X71.896 Y58.47 E-.26366
G1 X71.984 Y58.47 E-.04181
;WIPE_END
; stop printing object leuchte_led_halter-Halter.stl id:1 copy 2
; printing object leuchte_led_halter-Halter.stl id:1 copy 1
G1 X70.357 Y53.629 F9000
G1 E5 F2400
;TYPE:Perimeter
;WIDTH:0.439999
G1 F1800
G1 X70.357 Y52.651 E.02639
G1 X73.335 Y52.651 E.08036
G1 X73.335 Y53.629 E.02639
G1 X70.417 Y53.629 E.07874
G1 X69.952 Y54.034 F9000
G1 F1800
G1 X69.952 Y52.246 E.04825
G1 X73.74 Y52.246 E.10222
G1 X73.74 Y54.034 E.04825
G1 X70.012 Y54.034 E.1006
G1 X69.556 Y54.43 F9000
;TYPE:External perimeter
;WIDTH:0.419999
G1 F1800
G1 X69.556 Y51.85 E.06619
G1 X74.136 Y51.85 E.1175
G1 X74.136 Y54.43 E.06619
G1 X69.616 Y54.43 E.11596
G1 E-3.5 F3600
;WIPE_START
G1 F7200
G1 X69.556 Y54.43 E-.0285
G1 X69.556 Y51.85 E-1.2255
G1 X70.074 Y51.85 E-.246
;WIPE_END
G1 X73.086 Y53.501 F9000
G1 E5 F2400
;TYPE:Top solid infill
;WIDTH:0.448769
G1 F1800
G1 X72.529 Y52.944 E.02172
G1 X71.943 Y52.944 E.01615
G1 X72.335 Y53.336 E.01528
G1 X71.749 Y53.336 E.01615
G1 X71.357 Y52.944 E.01528
G1 X70.771 Y52.944 E.01615
G1 X71.328 Y53.501 E.02172
G1 E-3.5 F3600
;WIPE_START
G1 F7200
G1 X70.771 Y52.944 E-.37417
G1 X71.357 Y52.944 E-.27835
G1 X71.749 Y53.336 E-.26333
G1 X72.335 Y53.336 E-.27835
G1 X71.943 Y52.944 E-.26333
G1 X72.032 Y52.944 E-.04247
;WIPE_END
; stop printing object leuchte_led_halter-Halter.stl id:1 copy 1
; printing object leuchte_led_halter-Halter.stl id:1 copy 0
G1 X71.103 Y47.492 F9000
G1 E5 F2400
;TYPE:Perimeter
;WIDTH:0.439999
G1 F1800
G1 X71.103 Y46.514 E.02639
G1 X74.081 Y46.514 E.08036
G1 X74.081 Y47.492 E.02639
G1 X71.163 Y47.492 E.07874
G1 X70.698 Y47.897 F9000
G1 F1800
G1 X70.698 Y46.109 E.04825
G1 X74.486 Y46.109 E.10222
G1 X74.486 Y47.897 E.04825
G1 X70.758 Y47.897 E.1006
G1 X70.302 Y48.293 F9000
;TYPE:External perimeter
;WIDTH:0.419999
G1 F1800
G1 X70.302 Y45.713 E.06619
G1 X74.882 Y45.713 E.1175
G1 X74.882 Y48.293 E.06619
G1 X70.362 Y48.293 E.11596
G1 E-3.5 F3600
;WIPE_START
G1 F7200
G1 X70.302 Y48.293 E-.0285
G1 X70.302 Y45.713 E-1.2255
G1 X70.82 Y45.713 E-.246
;WIPE_END
G1 X73.832 Y47.364 F9000
G1 E5 F2400
;TYPE:Top solid infill
;WIDTH:0.448769
G1 F1800
G1 X73.275 Y46.807 E.02172
G1 X72.689 Y46.807 E.01615
G1 X73.081 Y47.199 E.01528
G1 X72.495 Y47.199 E.01615
G1 X72.102 Y46.807 E.0153
G1 X71.516 Y46.807 E.01615
G1 X72.074 Y47.364 E.02174
;LAYER_CHANGE
;Z:0.68
;HEIGHT:0.16
;BEFORE_LAYER_CHANGE
G92 E0
;0.68


G1 E-3.5 F3600
;WIPE_START
G1 F7200
G1 X71.516 Y46.807 E-.3745
G1 X72.102 Y46.807 E-.27835
G1 X72.495 Y47.199 E-.26366
G1 X73.081 Y47.199 E-.27835
G1 X72.689 Y46.807 E-.26333
G1 X72.777 Y46.807 E-.04181
;WIPE_END
G1 Z.68 F9000
;AFTER_LAYER_CHANGE
;0.68
; stop printing object leuchte_led_halter-Halter.stl id:1 copy 0
; printing object Arduino_gehäuse-Unterteil.stl id:0 copy 0
G1 X65.091 Y13.104
G1 E5 F2400
;TYPE:Perimeter
;WIDTH:0.439999
G1 F3600
G1 X65.091 Y116.081 E2.77882
G1 X12.114 Y116.081 E1.42957
G1 X12.114 Y13.104 E2.77882
G1 X65.031 Y13.104 E1.42796
G1 X65.497 Y12.698 F9000
G1 F3600
G1 X65.497 Y116.487 E2.80073
G1 X11.708 Y116.487 E1.45149
G1 X11.708 Y12.698 E2.80073
G1 X65.437 Y12.698 E1.44987
G1 X65.892 Y12.303 F9000
;TYPE:External perimeter
;WIDTH:0.419999
G1 F1800
G1 X65.892 Y116.883 E2.68294
G1 X11.312 Y116.883 E1.40022
G1 X11.312 Y12.303 E2.68294
G1 X65.832 Y12.303 E1.39868
G1 E-3.5 F3600
;WIPE_START
G1 F7200
G1 X65.892 Y12.303 E-.0285
G1 X65.892 Y15.401 E-1.4715
;WIPE_END
G1 X12.536 Y13.449 F9000
G1 E5 F2400
;TYPE:Solid infill
;WIDTH:0.538422
G1 F3600
G1 X12.491 Y13.405 E.00211
G1 X12.431 Y13.421 E.00208
G1 X12.414 Y13.482 E.00212
G1 X12.459 Y13.526 E.00211
G1 X12.52 Y13.51 E.00211
;WIDTH:0.439999
G1 X13.168 Y13.416 E.01767
G1 X12.36 Y14.23 E.03095
;WIDTH:0.407168
G1 X12.294 Y14.303 E.00244
;WIDTH:0.374336
G1 X12.223 Y14.284 E.00166
G1 X12.242 Y14.355 E.00166
G1 X12.283 Y14.344 E.00096
;WIDTH:0.439999
G1 X12.426 Y14.732 E.01116
G1 X13.741 Y13.416 E.0502
G1 X14.315 Y13.416 E.01549
G1 X12.426 Y15.305 E.07209
G1 X12.426 Y15.879 E.01549
G1 X14.889 Y13.416 E.09399
G1 X15.462 Y13.416 E.01546
G1 X12.426 Y16.453 E.11588
G1 X12.426 Y17.026 E.01546
G1 X16.036 Y13.416 E.13777
G1 X16.61 Y13.416 E.01549
G1 X12.426 Y17.6 E.15967
G1 X12.426 Y18.174 E.01549
G1 X17.184 Y13.416 E.18158
G1 X17.757 Y13.416 E.01546
G1 X12.426 Y18.747 E.20344
G1 X12.426 Y19.321 E.01549
G1 X18.331 Y13.416 E.22535
G1 X18.905 Y13.416 E.01549
G1 X12.426 Y19.895 E.24725
G1 X12.426 Y20.469 E.01549
G1 X19.478 Y13.416 E.26914
G1 X20.052 Y13.416 E.01549
G1 X12.426 Y21.042 E.29103
G1 X12.426 Y21.616 E.01549
G1 X20.626 Y13.416 E.31293
G1 X21.199 Y13.416 E.01546
G1 X12.426 Y22.19 E.33482
G1 X12.426 Y22.763 E.01546
G1 X21.773 Y13.416 E.3567
G1 X22.347 Y13.416 E.01549
G1 X12.426 Y23.337 E.37861
G1 X12.426 Y23.911 E.01549
G1 X22.92 Y13.416 E.40049
G1 X23.494 Y13.416 E.01549
G1 X12.426 Y24.484 E.42238
G1 X12.426 Y25.058 E.01549
G1 X24.068 Y13.416 E.44429
G1 X24.642 Y13.416 E.01549
G1 X12.426 Y25.632 E.46619
G1 X12.426 Y26.205 E.01546
G1 X25.215 Y13.416 E.48806
G1 X25.789 Y13.416 E.01549
G1 X12.426 Y26.779 E.50996
G1 X12.426 Y27.353 E.01549
G1 X26.363 Y13.416 E.53187
G1 X26.936 Y13.416 E.01546
G1 X12.426 Y27.927 E.55375
G1 X12.426 Y28.5 E.01546
G1 X27.51 Y13.416 E.57564
G1 X28.084 Y13.416 E.01549
G1 X12.426 Y29.074 E.59755
G1 X12.426 Y29.648 E.01549
G1 X28.657 Y13.416 E.61943
G1 X29.231 Y13.416 E.01549
G1 X12.426 Y30.221 E.64132
G1 X12.426 Y30.795 E.01549
G1 X29.805 Y13.416 E.66322
G1 X30.379 Y13.416 E.01549
G1 X12.426 Y31.369 E.68513
G1 X12.426 Y31.942 E.01546
G1 X30.952 Y13.416 E.70699
G1 X31.526 Y13.416 E.01549
G1 X12.426 Y32.516 E.7289
G1 X12.426 Y33.09 E.01549
G1 X32.1 Y13.416 E.7508
G1 X32.673 Y13.416 E.01546
G1 X12.426 Y33.664 E.77269
G1 X12.426 Y34.237 E.01546
G1 X33.247 Y13.416 E.79458
G1 X33.821 Y13.416 E.01549
G1 X12.426 Y34.811 E.81648
G1 X12.426 Y35.385 E.01549
G1 X34.394 Y13.416 E.83837
G1 X34.968 Y13.416 E.01549
G1 X12.426 Y35.958 E.86025
G1 X12.426 Y36.532 E.01549
G1 X35.542 Y13.416 E.88216
G1 X36.115 Y13.416 E.01546
G1 X12.426 Y37.106 E.90405
G1 X12.426 Y37.679 E.01546
G1 X36.689 Y13.416 E.92593
G1 X37.263 Y13.416 E.01549
G1 X12.426 Y38.253 E.94784
G1 X12.426 Y38.827 E.01549
G1 X37.837 Y13.416 E.96974
G1 X38.41 Y13.416 E.01546
G1 X12.426 Y39.4 E.99161
G1 X12.426 Y39.974 E.01549
G1 X38.984 Y13.416 E1.01351
G1 X39.558 Y13.416 E.01549
G1 X12.426 Y40.548 E1.03542
G1 X12.426 Y41.122 E.01549
G1 X40.131 Y13.416 E1.05731
G1 X40.705 Y13.416 E.01549
G1 X12.426 Y41.695 E1.07919
G1 X12.426 Y42.269 E.01549
G1 X41.279 Y13.416 E1.1011
G1 X41.852 Y13.416 E.01546
G1 X12.426 Y42.843 E1.12298
G1 X12.426 Y43.416 E.01546
G1 X42.426 Y13.416 E1.14487
G1 X43 Y13.416 E.01549
G1 X12.426 Y43.99 E1.16677
G1 X12.426 Y44.564 E.01549
G1 X43.573 Y13.416 E1.18866
G1 X44.147 Y13.416 E.01549
G1 X12.426 Y45.137 E1.21055
G1 X12.426 Y45.711 E.01549
G1 X44.721 Y13.416 E1.23245
G1 X45.295 Y13.416 E.01549
G1 X12.426 Y46.285 E1.25436
G1 X12.426 Y46.858 E.01546
G1 X45.868 Y13.416 E1.27622
G1 X46.442 Y13.416 E.01549
G1 X12.426 Y47.432 E1.29813
G1 X12.426 Y48.006 E.01549
G1 X47.016 Y13.416 E1.32003
G1 X47.589 Y13.416 E.01546
G1 X12.426 Y48.58 E1.34192
G1 X12.426 Y49.153 E.01546
G1 X48.163 Y13.416 E1.36381
G1 X48.737 Y13.416 E.01549
G1 X12.426 Y49.727 E1.38571
G1 X12.426 Y50.301 E.01549
G1 X49.31 Y13.416 E1.4076
G1 X49.884 Y13.416 E.01549
G1 X12.426 Y50.874 E1.42948
G1 X12.426 Y51.448 E.01549
G1 X50.458 Y13.416 E1.45139
G1 X51.031 Y13.416 E.01546
G1 X12.426 Y52.022 E1.47327
G1 X12.426 Y52.595 E.01546
G1 X51.605 Y13.416 E1.49516
G1 X52.179 Y13.416 E.01549
G1 X12.426 Y53.169 E1.51707
G1 X12.426 Y53.743 E.01549
G1 X52.753 Y13.416 E1.53897
G1 X53.326 Y13.416 E.01546
G1 X12.426 Y54.316 E1.56084
G1 X12.426 Y54.89 E.01549
G1 X53.9 Y13.416 E1.58274
G1 X54.474 Y13.416 E.01549
G1 X12.426 Y55.464 E1.60465
G1 X12.426 Y56.038 E.01549
G1 X55.047 Y13.416 E1.62653
G1 X55.621 Y13.416 E.01549
G1 X12.426 Y56.611 E1.64842
G1 X12.426 Y57.185 E.01549
G1 X56.195 Y13.416 E1.67033
G1 X56.768 Y13.416 E.01546
G1 X12.426 Y57.759 E1.69221
G1 X12.426 Y58.332 E.01546
G1 X57.342 Y13.416 E1.7141
G1 X57.916 Y13.416 E.01549
G1 X12.426 Y58.906 E1.736
G1 X12.426 Y59.48 E.01549
G1 X58.49 Y13.416 E1.75791
G1 X59.063 Y13.416 E.01546
G1 X12.426 Y60.053 E1.77977
G1 X12.426 Y60.627 E.01549
G1 X59.637 Y13.416 E1.80168
G1 X60.211 Y13.416 E.01549
G1 X12.426 Y61.201 E1.82358
G1 X12.426 Y61.775 E.01549
G1 X60.784 Y13.416 E1.84547
G1 X61.358 Y13.416 E.01549
G1 X12.426 Y62.348 E1.86736
G1 X12.426 Y62.922 E.01549
G1 X61.932 Y13.416 E1.88926
G1 X62.505 Y13.416 E.01546
G1 X12.426 Y63.496 E1.91115
G1 X12.426 Y64.069 E.01546
G1 X63.079 Y13.416 E1.93303
G1 X63.653 Y13.416 E.01549
G1 X12.426 Y64.643 E1.95494
G1 X12.426 Y65.217 E.01549
G1 X64.226 Y13.416 E1.97683
G1 X64.779 Y13.438 E.01493
G1 X12.426 Y65.79 E1.99789
G1 X12.426 Y66.364 E.01549
G1 X64.779 Y14.011 E1.99791
G1 X64.779 Y14.585 E.01549
G1 X12.426 Y66.938 E1.99791
G1 X12.426 Y67.511 E.01546
G1 X64.779 Y15.159 E1.99789
G1 X64.779 Y15.733 E.01549
G1 X12.426 Y68.085 E1.99789
G1 X12.426 Y68.659 E.01549
G1 X64.779 Y16.306 E1.99791
G1 X64.779 Y16.88 E.01549
G1 X12.426 Y69.233 E1.99791
G1 X12.426 Y69.806 E.01546
G1 X64.779 Y17.454 E1.99789
G1 X64.779 Y18.027 E.01546
G1 X12.426 Y70.38 E1.99791
G1 X12.426 Y70.954 E.01549
G1 X64.779 Y18.601 E1.99791
G1 X64.779 Y19.175 E.01549
G1 X12.426 Y71.527 E1.99789
G1 X12.426 Y72.101 E.01549
G1 X64.779 Y19.748 E1.99791
G1 X64.779 Y20.322 E.01549
G1 X12.426 Y72.675 E1.99791
G1 X12.426 Y73.248 E.01546
G1 X64.779 Y20.896 E1.99789
G1 X64.779 Y21.469 E.01546
G1 X12.426 Y73.822 E1.99791
G1 X12.426 Y74.396 E.01549
G1 X64.779 Y22.043 E1.99791
G1 X64.779 Y22.617 E.01549
G1 X12.426 Y74.969 E1.99789
G1 X12.426 Y75.543 E.01549
G1 X64.779 Y23.191 E1.99789
G1 X64.779 Y23.764 E.01546
G1 X12.426 Y76.117 E1.99791
G1 X12.426 Y76.691 E.01549
G1 X64.779 Y24.338 E1.99791
G1 X64.779 Y24.912 E.01549
G1 X12.426 Y77.264 E1.99789
G1 X12.426 Y77.838 E.01549
G1 X64.779 Y25.485 E1.99791
G1 X64.779 Y26.059 E.01549
G1 X12.426 Y78.412 E1.99791
G1 X12.426 Y78.985 E.01546
G1 X64.779 Y26.633 E1.99789
G1 X64.779 Y27.206 E.01546
G1 X12.426 Y79.559 E1.99791
G1 X12.426 Y80.133 E.01549
G1 X64.779 Y27.78 E1.99791
G1 X64.779 Y28.354 E.01549
G1 X12.426 Y80.706 E1.99789
G1 X12.426 Y81.28 E.01549
G1 X64.779 Y28.928 E1.99789
G1 X64.779 Y29.501 E.01546
G1 X12.426 Y81.854 E1.99791
G1 X12.426 Y82.428 E.01549
G1 X64.779 Y30.075 E1.99791
G1 X64.779 Y30.649 E.01549
G1 X12.426 Y83.001 E1.99789
G1 X12.426 Y83.575 E.01549
G1 X64.779 Y31.222 E1.99791
G1 X64.779 Y31.796 E.01549
G1 X12.426 Y84.149 E1.99791
G1 X12.426 Y84.722 E.01546
G1 X64.779 Y32.37 E1.99789
G1 X64.779 Y32.943 E.01546
G1 X12.426 Y85.296 E1.99791
G1 X12.426 Y85.87 E.01549
G1 X64.779 Y33.517 E1.99791
G1 X64.779 Y34.091 E.01549
G1 X12.426 Y86.443 E1.99789
G1 X12.426 Y87.017 E.01549
G1 X64.779 Y34.664 E1.99791
G1 X64.779 Y35.238 E.01549
G1 X12.426 Y87.591 E1.99791
G1 X12.426 Y88.164 E.01546
G1 X64.779 Y35.812 E1.99789
G1 X64.779 Y36.386 E.01549
G1 X12.426 Y88.738 E1.99789
G1 X12.426 Y89.312 E.01549
G1 X64.779 Y36.959 E1.99791
G1 X64.779 Y37.533 E.01549
G1 X12.426 Y89.886 E1.99791
G1 X12.426 Y90.459 E.01546
G1 X64.779 Y38.107 E1.99789
G1 X64.779 Y38.68 E.01546
G1 X12.426 Y91.033 E1.99791
G1 X12.426 Y91.607 E.01549
G1 X64.779 Y39.254 E1.99791
G1 X64.779 Y39.828 E.01549
G1 X12.426 Y92.18 E1.99789
G1 X12.426 Y92.754 E.01549
G1 X64.779 Y40.401 E1.99791
G1 X64.779 Y40.975 E.01549
G1 X12.426 Y93.328 E1.99791
G1 X12.426 Y93.901 E.01546
G1 X64.779 Y41.549 E1.99789
G1 X64.779 Y42.122 E.01546
G1 X12.426 Y94.475 E1.99791
G1 X12.426 Y95.049 E.01549
G1 X64.779 Y42.696 E1.99791
G1 X64.779 Y43.27 E.01549
G1 X12.426 Y95.622 E1.99789
G1 X12.426 Y96.196 E.01549
G1 X64.779 Y43.844 E1.99789
G1 X64.779 Y44.417 E.01546
G1 X12.426 Y96.77 E1.99791
G1 X12.426 Y97.344 E.01549
G1 X64.779 Y44.991 E1.99791
G1 X64.779 Y45.565 E.01549
G1 X12.426 Y97.917 E1.99789
G1 X12.426 Y98.491 E.01549
G1 X64.779 Y46.138 E1.99791
G1 X64.779 Y46.712 E.01549
G1 X12.426 Y99.065 E1.99791
G1 X12.426 Y99.638 E.01546
G1 X64.779 Y47.286 E1.99789
G1 X64.779 Y47.859 E.01546
G1 X12.426 Y100.212 E1.99791
G1 X12.426 Y100.786 E.01549
G1 X64.779 Y48.433 E1.99791
G1 X64.779 Y49.007 E.01549
G1 X12.426 Y101.359 E1.99789
G1 X12.426 Y101.933 E.01549
G1 X64.779 Y49.58 E1.99791
G1 X64.779 Y50.154 E.01549
G1 X12.426 Y102.507 E1.99791
G1 X12.426 Y103.08 E.01546
G1 X64.779 Y50.728 E1.99789
G1 X64.779 Y51.302 E.01549
G1 X12.426 Y103.654 E1.99789
G1 X12.426 Y104.228 E.01549
G1 X64.779 Y51.875 E1.99791
G1 X64.779 Y52.449 E.01549
G1 X12.426 Y104.802 E1.99791
G1 X12.426 Y105.375 E.01546
G1 X64.779 Y53.023 E1.99789
G1 X64.779 Y53.596 E.01546
G1 X12.426 Y105.949 E1.99791
G1 X12.426 Y106.523 E.01549
G1 X64.779 Y54.17 E1.99791
G1 X64.779 Y54.744 E.01549
G1 X12.426 Y107.096 E1.99789
G1 X12.426 Y107.67 E.01549
G1 X64.779 Y55.317 E1.99791
G1 X64.779 Y55.891 E.01549
G1 X12.426 Y108.244 E1.99791
G1 X12.426 Y108.817 E.01546
G1 X64.779 Y56.465 E1.99789
G1 X64.779 Y57.039 E.01549
G1 X12.426 Y109.391 E1.99789
G1 X12.426 Y109.965 E.01549
G1 X64.779 Y57.612 E1.99791
G1 X64.779 Y58.186 E.01549
G1 X12.426 Y110.539 E1.99791
G1 X12.426 Y111.112 E.01546
G1 X64.779 Y58.76 E1.99789
G1 X64.779 Y59.333 E.01546
G1 X12.426 Y111.686 E1.99791
G1 X12.426 Y112.26 E.01549
G1 X64.779 Y59.907 E1.99791
G1 X64.779 Y60.481 E.01549
G1 X12.426 Y112.833 E1.99789
G1 X12.426 Y113.407 E.01549
G1 X64.779 Y61.054 E1.99791
G1 X64.779 Y61.628 E.01549
G1 X12.426 Y113.981 E1.99791
G1 X12.426 Y114.554 E.01546
G1 X64.779 Y62.202 E1.99789
G1 X64.779 Y62.775 E.01546
G1 X12.426 Y115.128 E1.99791
G1 X12.471 Y115.921 E.02143
;WIDTH:0.374336
G1 X12.286 Y115.909 E.00419
;WIDTH:0.407168
G1 X12.356 Y115.805 E.00311
;WIDTH:0.439999
G1 X12.426 Y115.702 E.00336
G1 X64.779 Y63.349 E1.99791
G1 X64.779 Y63.923 E.01549
G1 X12.933 Y115.769 E1.97856
G1 X13.506 Y115.769 E.01546
G1 X64.779 Y64.497 E1.95668
G1 X64.779 Y65.07 E.01546
G1 X14.08 Y115.769 E1.93479
G1 X14.654 Y115.769 E.01549
G1 X64.779 Y65.644 E1.91288
G1 X64.779 Y66.218 E.01549
G1 X15.227 Y115.769 E1.891
G1 X15.801 Y115.769 E.01549
G1 X64.779 Y66.791 E1.86911
G1 X64.779 Y67.365 E.01549
G1 X16.375 Y115.769 E1.84721
G1 X16.948 Y115.769 E.01546
G1 X64.779 Y67.939 E1.82532
G1 X64.779 Y68.512 E.01546
G1 X17.522 Y115.769 E1.80344
G1 X18.096 Y115.769 E.01549
G1 X64.779 Y69.086 E1.78153
G1 X64.779 Y69.66 E.01549
G1 X18.67 Y115.769 E1.75963
G1 X19.243 Y115.769 E.01546
G1 X64.779 Y70.233 E1.73776
G1 X64.779 Y70.807 E.01549
G1 X19.817 Y115.769 E1.71585
G1 X20.391 Y115.769 E.01549
G1 X64.779 Y71.381 E1.69395
G1 X64.779 Y71.955 E.01549
G1 X20.964 Y115.769 E1.67206
G1 X21.538 Y115.769 E.01549
G1 X64.779 Y72.528 E1.65018
G1 X64.779 Y73.102 E.01549
G1 X22.112 Y115.769 E1.62827
G1 X22.685 Y115.769 E.01546
G1 X64.779 Y73.676 E1.60638
G1 X64.779 Y74.249 E.01546
G1 X23.259 Y115.769 E1.5845
G1 X23.833 Y115.769 E.01549
G1 X64.779 Y74.823 E1.56259
G1 X64.779 Y75.397 E.01549
G1 X24.406 Y115.769 E1.54071
G1 X24.98 Y115.769 E.01549
G1 X64.779 Y75.97 E1.51882
G1 X64.779 Y76.544 E.01549
G1 X25.554 Y115.769 E1.49692
G1 X26.128 Y115.769 E.01549
G1 X64.779 Y77.118 E1.47501
G1 X64.779 Y77.691 E.01546
G1 X26.701 Y115.769 E1.45314
G1 X27.275 Y115.769 E.01549
G1 X64.779 Y78.265 E1.43124
G1 X64.779 Y78.839 E.01549
G1 X27.849 Y115.769 E1.40933
G1 X28.422 Y115.769 E.01546
G1 X64.779 Y79.413 E1.38745
G1 X64.779 Y79.986 E.01546
G1 X28.996 Y115.769 E1.36556
G1 X29.57 Y115.769 E.01549
G1 X64.779 Y80.56 E1.34366
G1 X64.779 Y81.134 E.01549
G1 X30.143 Y115.769 E1.32177
G1 X30.717 Y115.769 E.01549
G1 X64.779 Y81.707 E1.29988
G1 X64.779 Y82.281 E.01549
G1 X31.291 Y115.769 E1.27798
G1 X31.864 Y115.769 E.01546
G1 X64.779 Y82.855 E1.25609
G1 X64.779 Y83.428 E.01546
G1 X32.438 Y115.769 E1.23421
G1 X33.012 Y115.769 E.01549
G1 X64.779 Y84.002 E1.2123
G1 X64.779 Y84.576 E.01549
G1 X33.586 Y115.769 E1.1904
G1 X34.159 Y115.769 E.01546
G1 X64.779 Y85.15 E1.16851
G1 X64.779 Y85.723 E.01546
G1 X34.733 Y115.769 E1.14662
G1 X35.307 Y115.769 E.01549
G1 X64.779 Y86.297 E1.12472
G1 X64.779 Y86.871 E.01549
G1 X35.88 Y115.769 E1.10283
G1 X36.454 Y115.769 E.01549
G1 X64.779 Y87.444 E1.08095
G1 X64.779 Y88.018 E.01549
G1 X37.028 Y115.769 E1.05904
G1 X37.601 Y115.769 E.01546
G1 X64.779 Y88.592 E1.03716
G1 X64.779 Y89.165 E.01546
G1 X38.175 Y115.769 E1.01527
G1 X38.749 Y115.769 E.01549
G1 X64.779 Y89.739 E.99336
G1 X64.779 Y90.313 E.01549
G1 X39.323 Y115.769 E.97146
G1 X39.896 Y115.769 E.01546
G1 X64.779 Y90.886 E.94959
G1 X64.779 Y91.46 E.01549
G1 X40.47 Y115.769 E.92769
G1 X41.044 Y115.769 E.01549
G1 X64.779 Y92.034 E.90578
G1 X64.779 Y92.608 E.01549
G1 X41.617 Y115.769 E.8839
G1 X42.191 Y115.769 E.01549
G1 X64.779 Y93.181 E.86201
G1 X64.779 Y93.755 E.01549
G1 X42.765 Y115.769 E.8401
G1 X43.338 Y115.769 E.01546
G1 X64.779 Y94.329 E.81822
G1 X64.779 Y94.902 E.01546
G1 X43.912 Y115.769 E.79633
G1 X44.486 Y115.769 E.01549
G1 X64.779 Y95.476 E.77443
G1 X64.779 Y96.05 E.01549
G1 X45.059 Y115.769 E.75254
G1 X45.633 Y115.769 E.01549
G1 X64.779 Y96.623 E.73066
G1 X64.779 Y97.197 E.01549
G1 X46.207 Y115.769 E.70875
G1 X46.781 Y115.769 E.01549
G1 X64.779 Y97.771 E.68684
G1 X64.779 Y98.344 E.01546
G1 X47.354 Y115.769 E.66498
G1 X47.928 Y115.769 E.01549
G1 X64.779 Y98.918 E.64307
G1 X64.779 Y99.492 E.01549
G1 X48.502 Y115.769 E.62117
G1 X49.075 Y115.769 E.01546
G1 X64.779 Y100.066 E.59928
G1 X64.779 Y100.639 E.01546
G1 X49.649 Y115.769 E.5774
G1 X50.223 Y115.769 E.01549
G1 X64.779 Y101.213 E.55549
G1 X64.779 Y101.787 E.01549
G1 X50.796 Y115.769 E.5336
G1 X51.37 Y115.769 E.01549
G1 X64.779 Y102.36 E.51172
G1 X64.779 Y102.934 E.01549
G1 X51.944 Y115.769 E.48981
G1 X52.517 Y115.769 E.01546
G1 X64.779 Y103.508 E.46793
G1 X64.779 Y104.081 E.01546
G1 X53.091 Y115.769 E.44604
G1 X53.665 Y115.769 E.01549
G1 X64.779 Y104.655 E.42414
G1 X64.779 Y105.229 E.01549
G1 X54.239 Y115.769 E.40223
G1 X54.812 Y115.769 E.01546
G1 X64.779 Y105.803 E.38034
G1 X64.779 Y106.376 E.01546
G1 X55.386 Y115.769 E.35846
G1 X55.96 Y115.769 E.01549
G1 X64.779 Y106.95 E.33655
G1 X64.779 Y107.524 E.01549
G1 X56.533 Y115.769 E.31467
G1 X57.107 Y115.769 E.01549
G1 X64.779 Y108.097 E.29278
G1 X64.779 Y108.671 E.01549
G1 X57.681 Y115.769 E.27088
G1 X58.254 Y115.769 E.01546
G1 X64.779 Y109.245 E.24899
G1 X64.779 Y109.818 E.01546
G1 X58.828 Y115.769 E.2271
G1 X59.402 Y115.769 E.01549
G1 X64.779 Y110.392 E.2052
G1 X64.779 Y110.966 E.01549
G1 X59.976 Y115.769 E.18329
G1 X60.549 Y115.769 E.01546
G1 X64.779 Y111.539 E.16143
G1 X64.779 Y112.113 E.01549
G1 X61.123 Y115.769 E.13952
G1 X61.697 Y115.769 E.01549
G1 X64.779 Y112.687 E.11762
G1 X64.779 Y113.261 E.01549
G1 X62.27 Y115.769 E.09573
G1 X62.844 Y115.769 E.01549
G1 X64.779 Y113.834 E.07384
G1 X64.779 Y115.769 E.05222
G1 X63.418 Y115.769 E.03673
G1 X64.635 Y114.551 E.04646
G1 E-3.5
;WIPE_START
G1 F7200
G1 X63.418 Y115.769 E-.81786
G1 X64.779 Y115.769 E-.64647
G1 X64.779 Y115.694 E-.03567
;WIPE_END
; stop printing object Arduino_gehäuse-Unterteil.stl id:0 copy 0
; printing object leuchte_led_halter-Halter.stl id:1 copy 5
G1 X70.422 Y78.547 F9000
G1 E5 F2400
;TYPE:External perimeter
;WIDTH:0.374336
G1 F1800
G1 X75.064 Y78.547 E.10499
G1 X75.172 Y78.569 E.00249
G1 X75.172 Y81.189 E.05926
G1 X75.15 Y81.297 E.00249
G1 X70.422 Y81.297 E.10693
G1 E-3.5 F3600
;WIPE_START
G1 F7200
G1 X73.58 Y81.297 E-1.5
;WIPE_END
; stop printing object leuchte_led_halter-Halter.stl id:1 copy 5
; printing object leuchte_led_halter-Halter.stl id:1 copy 4
G1 X70.747 Y71.777 F9000
G1 E5 F2400
G1 F1800
G1 X75.389 Y71.777 E.10499
G1 X75.497 Y71.799 E.00249
G1 X75.497 Y74.419 E.05926
G1 X75.475 Y74.527 E.00249
G1 X70.747 Y74.527 E.10693
G1 E-3.5 F3600
;WIPE_START
G1 F7200
G1 X73.905 Y74.527 E-1.5
;WIPE_END
; stop printing object leuchte_led_halter-Halter.stl id:1 copy 4
; printing object leuchte_led_halter-Halter.stl id:1 copy 3
G1 X70.031 Y64.206 F9000
G1 E5 F2400
G1 F1800
G1 X74.673 Y64.206 E.10499
G1 X74.781 Y64.229 E.0025
G1 X74.781 Y66.849 E.05926
G1 X74.759 Y66.956 E.00247
G1 X70.031 Y66.956 E.10693
G1 E-3.5 F3600
;WIPE_START
G1 F7200
G1 X73.189 Y66.956 E-1.5
;WIPE_END
; stop printing object leuchte_led_halter-Halter.stl id:1 copy 3
; printing object leuchte_led_halter-Halter.stl id:1 copy 2
G1 X69.425 Y57.291 F9000
G1 E5 F2400
G1 F1800
G1 X74.067 Y57.291 E.10499
G1 X74.175 Y57.313 E.00249
G1 X74.175 Y59.933 E.05926
G1 X74.152 Y60.041 E.0025
G1 X69.425 Y60.041 E.10691
G1 E-3.5 F3600
;WIPE_START
G1 F7200
G1 X72.583 Y60.041 E-1.5
;WIPE_END
; stop printing object leuchte_led_halter-Halter.stl id:1 copy 2
; printing object leuchte_led_halter-Halter.stl id:1 copy 1
G1 X69.471 Y51.765 F9000
G1 E5 F2400
G1 F1800
G1 X74.113 Y51.765 E.10499
G1 X74.221 Y51.787 E.00249
G1 X74.221 Y54.407 E.05926
G1 X74.199 Y54.515 E.00249
G1 X69.471 Y54.515 E.10693
G1 E-3.5 F3600
;WIPE_START
G1 F7200
G1 X72.629 Y54.515 E-1.5
;WIPE_END
; stop printing object leuchte_led_halter-Halter.stl id:1 copy 1
; printing object leuchte_led_halter-Halter.stl id:1 copy 0
G1 X70.217 Y45.628 F9000
G1 E5 F2400
G1 F1800
G1 X74.859 Y45.628 E.10499
G1 X74.967 Y45.65 E.00249
G1 X74.967 Y48.27 E.05926
G1 X74.945 Y48.378 E.00249
G1 X70.217 Y48.378 E.10693
;LAYER_CHANGE
;Z:0.84
;HEIGHT:0.16
;BEFORE_LAYER_CHANGE
G92 E0
;0.84


G1 E-3.5 F3600
;WIPE_START
G1 F7200
G1 X73.375 Y48.378 E-1.5
;WIPE_END
G1 Z.84 F9000
;AFTER_LAYER_CHANGE
;0.84
; stop printing object leuchte_led_halter-Halter.stl id:1 copy 0
; printing object Arduino_gehäuse-Unterteil.stl id:0 copy 0
G1 X65.091 Y13.104
G1 E5 F2400
;TYPE:Perimeter
;WIDTH:0.439999
G1 F3600
G1 X65.091 Y116.081 E2.77882
G1 X12.114 Y116.081 E1.42957
G1 X12.114 Y13.104 E2.77882
G1 X65.031 Y13.104 E1.42796
G1 X65.497 Y12.698 F9000
G1 F3600
G1 X65.497 Y116.487 E2.80073
G1 X11.708 Y116.487 E1.45149
G1 X11.708 Y12.698 E2.80073
G1 X65.437 Y12.698 E1.44987
G1 X65.892 Y12.303 F9000
;TYPE:External perimeter
;WIDTH:0.419999
G1 F1800
G1 X65.892 Y116.883 E2.68294
G1 X11.312 Y116.883 E1.40022
G1 X11.312 Y12.303 E2.68294
G1 X65.832 Y12.303 E1.39868
G1 E-3.5 F3600
;WIPE_START
G1 F7200
G1 X65.892 Y12.303 E-.0285
G1 X65.892 Y15.401 E-1.4715
;WIPE_END
G1 X12.459 Y115.659 F9000
G1 E5 F2400
;TYPE:Solid infill
;WIDTH:0.538422
G1 F3600
G1 X12.414 Y115.703 E.00211
G1 X12.431 Y115.764 E.00212
G1 X12.491 Y115.78 E.00208
G1 X12.536 Y115.736 E.00211
G1 X12.52 Y115.675 E.00211
;WIDTH:0.439999
G1 X13.168 Y115.769 E.01767
G1 X12.426 Y115.027 E.02832
G1 X12.354 Y114.934 E.00317
;WIDTH:0.407168
G1 X12.283 Y114.841 E.0029
;WIDTH:0.374336
G1 X12.294 Y114.882 E.00096
G1 X12.223 Y114.901 E.00166
G1 X12.242 Y114.83 E.00166
;WIDTH:0.439999
G1 X12.426 Y114.453 E.01132
G1 X13.741 Y115.769 E.0502
G1 X14.315 Y115.769 E.01549
G1 X12.426 Y113.88 E.07209
G1 X12.426 Y113.306 E.01549
G1 X14.889 Y115.769 E.09399
G1 X15.462 Y115.769 E.01546
G1 X12.426 Y112.732 E.11588
G1 X12.426 Y112.159 E.01546
G1 X16.036 Y115.769 E.13777
G1 X16.61 Y115.769 E.01549
G1 X12.426 Y111.585 E.15967
G1 X12.426 Y111.011 E.01549
G1 X17.184 Y115.769 E.18158
G1 X17.757 Y115.769 E.01546
G1 X12.426 Y110.438 E.20344
G1 X12.426 Y109.864 E.01549
G1 X18.331 Y115.769 E.22535
G1 X18.905 Y115.769 E.01549
G1 X12.426 Y109.29 E.24725
G1 X12.426 Y108.716 E.01549
G1 X19.478 Y115.769 E.26914
G1 X20.052 Y115.769 E.01549
G1 X12.426 Y108.143 E.29103
G1 X12.426 Y107.569 E.01549
G1 X20.626 Y115.769 E.31293
G1 X21.199 Y115.769 E.01546
G1 X12.426 Y106.995 E.33482
G1 X12.426 Y106.422 E.01546
G1 X21.773 Y115.769 E.3567
G1 X22.347 Y115.769 E.01549
G1 X12.426 Y105.848 E.37861
G1 X12.426 Y105.274 E.01549
G1 X22.92 Y115.769 E.40049
G1 X23.494 Y115.769 E.01549
G1 X12.426 Y104.701 E.42238
G1 X12.426 Y104.127 E.01549
G1 X24.068 Y115.769 E.44429
G1 X24.642 Y115.769 E.01549
G1 X12.426 Y103.553 E.46619
G1 X12.426 Y102.98 E.01546
G1 X25.215 Y115.769 E.48806
G1 X25.789 Y115.769 E.01549
G1 X12.426 Y102.406 E.50996
G1 X12.426 Y101.832 E.01549
G1 X26.363 Y115.769 E.53187
G1 X26.936 Y115.769 E.01546
G1 X12.426 Y101.258 E.55375
G1 X12.426 Y100.685 E.01546
G1 X27.51 Y115.769 E.57564
G1 X28.084 Y115.769 E.01549
G1 X12.426 Y100.111 E.59755
G1 X12.426 Y99.537 E.01549
G1 X28.657 Y115.769 E.61943
G1 X29.231 Y115.769 E.01549
G1 X12.426 Y98.964 E.64132
G1 X12.426 Y98.39 E.01549
G1 X29.805 Y115.769 E.66322
G1 X30.379 Y115.769 E.01549
G1 X12.426 Y97.816 E.68513
G1 X12.426 Y97.243 E.01546
G1 X30.952 Y115.769 E.70699
G1 X31.526 Y115.769 E.01549
G1 X12.426 Y96.669 E.7289
G1 X12.426 Y96.095 E.01549
G1 X32.1 Y115.769 E.7508
G1 X32.673 Y115.769 E.01546
G1 X12.426 Y95.521 E.77269
G1 X12.426 Y94.948 E.01546
G1 X33.247 Y115.769 E.79458
G1 X33.821 Y115.769 E.01549
G1 X12.426 Y94.374 E.81648
G1 X12.426 Y93.8 E.01549
G1 X34.394 Y115.769 E.83837
G1 X34.968 Y115.769 E.01549
G1 X12.426 Y93.227 E.86025
G1 X12.426 Y92.653 E.01549
G1 X35.542 Y115.769 E.88216
G1 X36.115 Y115.769 E.01546
G1 X12.426 Y92.079 E.90405
G1 X12.426 Y91.506 E.01546
G1 X36.689 Y115.769 E.92593
G1 X37.263 Y115.769 E.01549
G1 X12.426 Y90.932 E.94784
G1 X12.426 Y90.358 E.01549
G1 X37.837 Y115.769 E.96974
G1 X38.41 Y115.769 E.01546
G1 X12.426 Y89.785 E.99161
G1 X12.426 Y89.211 E.01549
G1 X38.984 Y115.769 E1.01351
G1 X39.558 Y115.769 E.01549
G1 X12.426 Y88.637 E1.03542
G1 X12.426 Y88.063 E.01549
G1 X40.131 Y115.769 E1.05731
G1 X40.705 Y115.769 E.01549
G1 X12.426 Y87.49 E1.07919
G1 X12.426 Y86.916 E.01549
G1 X41.279 Y115.769 E1.1011
G1 X41.852 Y115.769 E.01546
G1 X12.426 Y86.342 E1.12298
G1 X12.426 Y85.769 E.01546
G1 X42.426 Y115.769 E1.14487
G1 X43 Y115.769 E.01549
G1 X12.426 Y85.195 E1.16677
G1 X12.426 Y84.621 E.01549
G1 X43.573 Y115.769 E1.18866
G1 X44.147 Y115.769 E.01549
G1 X12.426 Y84.048 E1.21055
G1 X12.426 Y83.474 E.01549
G1 X44.721 Y115.769 E1.23245
G1 X45.295 Y115.769 E.01549
G1 X12.426 Y82.9 E1.25436
G1 X12.426 Y82.327 E.01546
G1 X45.868 Y115.769 E1.27622
G1 X46.442 Y115.769 E.01549
G1 X12.426 Y81.753 E1.29813
G1 X12.426 Y81.179 E.01549
G1 X47.016 Y115.769 E1.32003
G1 X47.589 Y115.769 E.01546
G1 X12.426 Y80.605 E1.34192
G1 X12.426 Y80.032 E.01546
G1 X48.163 Y115.769 E1.36381
G1 X48.737 Y115.769 E.01549
G1 X12.426 Y79.458 E1.38571
G1 X12.426 Y78.884 E.01549
G1 X49.31 Y115.769 E1.4076
G1 X49.884 Y115.769 E.01549
G1 X12.426 Y78.311 E1.42948
G1 X12.426 Y77.737 E.01549
G1 X50.458 Y115.769 E1.45139
G1 X51.031 Y115.769 E.01546
G1 X12.426 Y77.163 E1.47327
G1 X12.426 Y76.59 E.01546
G1 X51.605 Y115.769 E1.49516
G1 X52.179 Y115.769 E.01549
G1 X12.426 Y76.016 E1.51707
G1 X12.426 Y75.442 E.01549
G1 X52.753 Y115.769 E1.53897
G1 X53.326 Y115.769 E.01546
G1 X12.426 Y74.869 E1.56084
G1 X12.426 Y74.295 E.01549
G1 X53.9 Y115.769 E1.58274
G1 X54.474 Y115.769 E.01549
G1 X12.426 Y73.721 E1.60465
G1 X12.426 Y73.147 E.01549
G1 X55.047 Y115.769 E1.62653
G1 X55.621 Y115.769 E.01549
G1 X12.426 Y72.574 E1.64842
G1 X12.426 Y72 E.01549
G1 X56.195 Y115.769 E1.67033
G1 X56.768 Y115.769 E.01546
G1 X12.426 Y71.426 E1.69221
G1 X12.426 Y70.853 E.01546
G1 X57.342 Y115.769 E1.7141
G1 X57.916 Y115.769 E.01549
G1 X12.426 Y70.279 E1.736
G1 X12.426 Y69.705 E.01549
G1 X58.49 Y115.769 E1.75791
G1 X59.063 Y115.769 E.01546
G1 X12.426 Y69.132 E1.77977
G1 X12.426 Y68.558 E.01549
G1 X59.637 Y115.769 E1.80168
G1 X60.211 Y115.769 E.01549
G1 X12.426 Y67.984 E1.82358
G1 X12.426 Y67.41 E.01549
G1 X60.784 Y115.769 E1.84547
G1 X61.358 Y115.769 E.01549
G1 X12.426 Y66.837 E1.86736
G1 X12.426 Y66.263 E.01549
G1 X61.932 Y115.769 E1.88926
G1 X62.505 Y115.769 E.01546
G1 X12.426 Y65.689 E1.91115
G1 X12.426 Y65.116 E.01546
G1 X63.079 Y115.769 E1.93303
G1 X63.653 Y115.769 E.01549
G1 X12.426 Y64.542 E1.95494
G1 X12.426 Y63.968 E.01549
G1 X64.226 Y115.769 E1.97683
G1 X64.779 Y115.747 E.01493
G1 X12.426 Y63.395 E1.99789
G1 X12.426 Y62.821 E.01549
G1 X64.779 Y115.174 E1.99791
G1 X64.779 Y114.6 E.01549
G1 X12.426 Y62.247 E1.99791
G1 X12.426 Y61.674 E.01546
G1 X64.779 Y114.026 E1.99789
G1 X64.779 Y113.452 E.01549
G1 X12.426 Y61.1 E1.99789
G1 X12.426 Y60.526 E.01549
G1 X64.779 Y112.879 E1.99791
G1 X64.779 Y112.305 E.01549
G1 X12.426 Y59.952 E1.99791
G1 X12.426 Y59.379 E.01546
G1 X64.779 Y111.731 E1.99789
G1 X64.779 Y111.158 E.01546
G1 X12.426 Y58.805 E1.99791
G1 X12.426 Y58.231 E.01549
G1 X64.779 Y110.584 E1.99791
G1 X64.779 Y110.01 E.01549
G1 X12.426 Y57.658 E1.99789
G1 X12.426 Y57.084 E.01549
G1 X64.779 Y109.437 E1.99791
G1 X64.779 Y108.863 E.01549
G1 X12.426 Y56.51 E1.99791
G1 X12.426 Y55.937 E.01546
G1 X64.779 Y108.289 E1.99789
G1 X64.779 Y107.716 E.01546
G1 X12.426 Y55.363 E1.99791
G1 X12.426 Y54.789 E.01549
G1 X64.779 Y107.142 E1.99791
G1 X64.779 Y106.568 E.01549
G1 X12.426 Y54.216 E1.99789
G1 X12.426 Y53.642 E.01549
G1 X64.779 Y105.994 E1.99789
G1 X64.779 Y105.421 E.01546
G1 X12.426 Y53.068 E1.99791
G1 X12.426 Y52.494 E.01549
G1 X64.779 Y104.847 E1.99791
G1 X64.779 Y104.273 E.01549
G1 X12.426 Y51.921 E1.99789
G1 X12.426 Y51.347 E.01549
G1 X64.779 Y103.7 E1.99791
G1 X64.779 Y103.126 E.01549
G1 X12.426 Y50.773 E1.99791
G1 X12.426 Y50.2 E.01546
G1 X64.779 Y102.552 E1.99789
G1 X64.779 Y101.979 E.01546
G1 X12.426 Y49.626 E1.99791
G1 X12.426 Y49.052 E.01549
G1 X64.779 Y101.405 E1.99791
G1 X64.779 Y100.831 E.01549
G1 X12.426 Y48.479 E1.99789
G1 X12.426 Y47.905 E.01549
G1 X64.779 Y100.258 E1.99791
G1 X64.779 Y99.684 E.01549
G1 X12.426 Y47.331 E1.99791
G1 X12.426 Y46.757 E.01549
G1 X64.779 Y99.11 E1.99791
G1 X64.779 Y98.536 E.01549
G1 X12.426 Y46.184 E1.99789
G1 X12.426 Y45.61 E.01549
G1 X64.779 Y97.963 E1.99791
G1 X64.779 Y97.389 E.01549
G1 X12.426 Y45.036 E1.99791
G1 X12.426 Y44.463 E.01546
G1 X64.779 Y96.815 E1.99789
G1 X64.779 Y96.242 E.01546
G1 X12.426 Y43.889 E1.99791
G1 X12.426 Y43.315 E.01549
G1 X64.779 Y95.668 E1.99791
G1 X64.779 Y95.094 E.01549
G1 X12.426 Y42.742 E1.99789
G1 X12.426 Y42.168 E.01549
G1 X64.779 Y94.521 E1.99791
G1 X64.779 Y93.947 E.01549
G1 X12.426 Y41.594 E1.99791
G1 X12.426 Y41.021 E.01546
G1 X64.779 Y93.373 E1.99789
G1 X64.779 Y92.799 E.01549
G1 X12.426 Y40.447 E1.99789
G1 X12.426 Y39.873 E.01549
G1 X64.779 Y92.226 E1.99791
G1 X64.779 Y91.652 E.01549
G1 X12.426 Y39.299 E1.99791
G1 X12.426 Y38.726 E.01546
G1 X64.779 Y91.078 E1.99789
G1 X64.779 Y90.505 E.01546
G1 X12.426 Y38.152 E1.99791
G1 X12.426 Y37.578 E.01549
G1 X64.779 Y89.931 E1.99791
G1 X64.779 Y89.357 E.01549
G1 X12.426 Y37.005 E1.99789
G1 X12.426 Y36.431 E.01549
G1 X64.779 Y88.784 E1.99791
G1 X64.779 Y88.21 E.01549
G1 X12.426 Y35.857 E1.99791
G1 X12.426 Y35.284 E.01546
G1 X64.779 Y87.636 E1.99789
G1 X64.779 Y87.063 E.01546
G1 X12.426 Y34.71 E1.99791
G1 X12.426 Y34.136 E.01549
G1 X64.779 Y86.489 E1.99791
G1 X64.779 Y85.915 E.01549
G1 X12.426 Y33.563 E1.99789
G1 X12.426 Y32.989 E.01549
G1 X64.779 Y85.341 E1.99789
G1 X64.779 Y84.768 E.01546
G1 X12.426 Y32.415 E1.99791
G1 X12.426 Y31.841 E.01549
G1 X64.779 Y84.194 E1.99791
G1 X64.779 Y83.62 E.01549
G1 X12.426 Y31.268 E1.99789
G1 X12.426 Y30.694 E.01549
G1 X64.779 Y83.047 E1.99791
G1 X64.779 Y82.473 E.01549
G1 X12.426 Y30.12 E1.99791
G1 X12.426 Y29.547 E.01546
G1 X64.779 Y81.899 E1.99789
G1 X64.779 Y81.326 E.01546
G1 X12.426 Y28.973 E1.99791
G1 X12.426 Y28.399 E.01549
G1 X64.779 Y80.752 E1.99791
G1 X64.779 Y80.178 E.01549
G1 X12.426 Y27.826 E1.99789
G1 X12.426 Y27.252 E.01549
G1 X64.779 Y79.605 E1.99791
G1 X64.779 Y79.031 E.01549
G1 X12.426 Y26.678 E1.99791
G1 X12.426 Y26.105 E.01546
G1 X64.779 Y78.457 E1.99789
G1 X64.779 Y77.883 E.01549
G1 X12.426 Y25.531 E1.99789
G1 X12.426 Y24.957 E.01549
G1 X64.779 Y77.31 E1.99791
G1 X64.779 Y76.736 E.01549
G1 X12.426 Y24.383 E1.99791
G1 X12.426 Y23.81 E.01546
G1 X64.779 Y76.162 E1.99789
G1 X64.779 Y75.589 E.01546
G1 X12.426 Y23.236 E1.99791
G1 X12.426 Y22.662 E.01549
G1 X64.779 Y75.015 E1.99791
G1 X64.779 Y74.441 E.01549
G1 X12.426 Y22.089 E1.99789
G1 X12.426 Y21.515 E.01549
G1 X64.779 Y73.868 E1.99791
G1 X64.779 Y73.294 E.01549
G1 X12.426 Y20.941 E1.99791
G1 X12.426 Y20.368 E.01546
G1 X64.779 Y72.72 E1.99789
G1 X64.779 Y72.147 E.01546
G1 X12.426 Y19.794 E1.99791
G1 X12.426 Y19.22 E.01549
G1 X64.779 Y71.573 E1.99791
G1 X64.779 Y70.999 E.01549
G1 X12.426 Y18.646 E1.99791
G1 X12.426 Y18.073 E.01546
G1 X64.779 Y70.425 E1.99789
G1 X64.779 Y69.852 E.01546
G1 X12.426 Y17.499 E1.99791
G1 X12.426 Y16.925 E.01549
G1 X64.779 Y69.278 E1.99791
G1 X64.779 Y68.704 E.01549
G1 X12.426 Y16.352 E1.99789
G1 X12.426 Y15.778 E.01549
G1 X64.779 Y68.131 E1.99791
G1 X64.779 Y67.557 E.01549
G1 X12.426 Y15.204 E1.99791
G1 X12.426 Y14.631 E.01546
G1 X64.779 Y66.983 E1.99789
G1 X64.779 Y66.41 E.01546
G1 X12.426 Y14.057 E1.99791
G1 X12.426 Y13.483 E.01549
G1 X64.779 Y65.836 E1.99791
G1 X64.779 Y65.262 E.01549
G1 X12.933 Y13.416 E1.97856
G1 X13.506 Y13.416 E.01546
G1 X64.779 Y64.688 E1.95668
G1 X64.779 Y64.115 E.01546
G1 X14.08 Y13.416 E1.93479
G1 X14.654 Y13.416 E.01549
G1 X64.779 Y63.541 E1.91288
G1 X64.779 Y62.967 E.01549
G1 X15.227 Y13.416 E1.891
G1 X15.801 Y13.416 E.01549
G1 X64.779 Y62.394 E1.86911
G1 X64.779 Y61.82 E.01549
G1 X16.375 Y13.416 E1.84721
G1 X16.948 Y13.416 E.01546
G1 X64.779 Y61.246 E1.82532
G1 X64.779 Y60.673 E.01546
G1 X17.522 Y13.416 E1.80344
G1 X18.096 Y13.416 E.01549
G1 X64.779 Y60.099 E1.78153
G1 X64.779 Y59.525 E.01549
G1 X18.67 Y13.416 E1.75963
G1 X19.243 Y13.416 E.01546
G1 X64.779 Y58.952 E1.73776
G1 X64.779 Y58.378 E.01549
G1 X19.817 Y13.416 E1.71585
G1 X20.391 Y13.416 E.01549
G1 X64.779 Y57.804 E1.69395
G1 X64.779 Y57.23 E.01549
G1 X20.964 Y13.416 E1.67206
G1 X21.538 Y13.416 E.01549
G1 X64.779 Y56.657 E1.65018
G1 X64.779 Y56.083 E.01549
G1 X22.112 Y13.416 E1.62827
G1 X22.685 Y13.416 E.01546
G1 X64.779 Y55.509 E1.60638
G1 X64.779 Y54.936 E.01546
G1 X23.259 Y13.416 E1.5845
G1 X23.833 Y13.416 E.01549
G1 X64.779 Y54.362 E1.56259
G1 X64.779 Y53.788 E.01549
G1 X24.406 Y13.416 E1.54071
G1 X24.98 Y13.416 E.01549
G1 X64.779 Y53.215 E1.51882
G1 X64.779 Y52.641 E.01549
G1 X25.554 Y13.416 E1.49692
G1 X26.128 Y13.416 E.01549
G1 X64.779 Y52.067 E1.47501
G1 X64.779 Y51.494 E.01546
G1 X26.701 Y13.416 E1.45314
G1 X27.275 Y13.416 E.01549
G1 X64.779 Y50.92 E1.43124
G1 X64.779 Y50.346 E.01549
G1 X27.849 Y13.416 E1.40933
G1 X28.422 Y13.416 E.01546
G1 X64.779 Y49.772 E1.38745
G1 X64.779 Y49.199 E.01546
G1 X28.996 Y13.416 E1.36556
G1 X29.57 Y13.416 E.01549
G1 X64.779 Y48.625 E1.34366
G1 X64.779 Y48.051 E.01549
G1 X30.143 Y13.416 E1.32177
G1 X30.717 Y13.416 E.01549
G1 X64.779 Y47.478 E1.29988
G1 X64.779 Y46.904 E.01549
G1 X31.291 Y13.416 E1.27798
G1 X31.865 Y13.416 E.01549
G1 X64.779 Y46.33 E1.25607
G1 X64.779 Y45.757 E.01546
G1 X32.438 Y13.416 E1.23421
G1 X33.012 Y13.416 E.01549
G1 X64.779 Y45.183 E1.2123
G1 X64.779 Y44.609 E.01549
G1 X33.586 Y13.416 E1.1904
G1 X34.159 Y13.416 E.01546
G1 X64.779 Y44.035 E1.16851
G1 X64.779 Y43.462 E.01546
G1 X34.733 Y13.416 E1.14662
G1 X35.307 Y13.416 E.01549
G1 X64.779 Y42.888 E1.12472
G1 X64.779 Y42.314 E.01549
G1 X35.88 Y13.416 E1.10283
G1 X36.454 Y13.416 E.01549
G1 X64.779 Y41.741 E1.08095
G1 X64.779 Y41.167 E.01549
G1 X37.028 Y13.416 E1.05904
G1 X37.601 Y13.416 E.01546
G1 X64.779 Y40.593 E1.03716
G1 X64.779 Y40.02 E.01546
G1 X38.175 Y13.416 E1.01527
G1 X38.749 Y13.416 E.01549
G1 X64.779 Y39.446 E.99336
G1 X64.779 Y38.872 E.01549
G1 X39.323 Y13.416 E.97146
G1 X39.896 Y13.416 E.01546
G1 X64.779 Y38.299 E.94959
G1 X64.779 Y37.725 E.01549
G1 X40.47 Y13.416 E.92769
G1 X41.044 Y13.416 E.01549
G1 X64.779 Y37.151 E.90578
G1 X64.779 Y36.577 E.01549
G1 X41.617 Y13.416 E.8839
G1 X42.191 Y13.416 E.01549
G1 X64.779 Y36.004 E.86201
G1 X64.779 Y35.43 E.01549
G1 X42.765 Y13.416 E.8401
G1 X43.338 Y13.416 E.01546
G1 X64.779 Y34.856 E.81822
G1 X64.779 Y34.283 E.01546
G1 X43.912 Y13.416 E.79633
G1 X44.486 Y13.416 E.01549
G1 X64.779 Y33.709 E.77443
G1 X64.779 Y33.135 E.01549
G1 X45.059 Y13.416 E.75254
G1 X45.633 Y13.416 E.01549
G1 X64.779 Y32.562 E.73066
G1 X64.779 Y31.988 E.01549
G1 X46.207 Y13.416 E.70875
G1 X46.781 Y13.416 E.01549
G1 X64.779 Y31.414 E.68684
G1 X64.779 Y30.841 E.01546
G1 X47.354 Y13.416 E.66498
G1 X47.928 Y13.416 E.01549
G1 X64.779 Y30.267 E.64307
G1 X64.779 Y29.693 E.01549
G1 X48.502 Y13.416 E.62117
G1 X49.075 Y13.416 E.01546
G1 X64.779 Y29.119 E.59928
G1 X64.779 Y28.546 E.01546
G1 X49.649 Y13.416 E.5774
G1 X50.223 Y13.416 E.01549
G1 X64.779 Y27.972 E.55549
G1 X64.779 Y27.398 E.01549
G1 X50.796 Y13.416 E.5336
G1 X51.37 Y13.416 E.01549
G1 X64.779 Y26.825 E.51172
G1 X64.779 Y26.251 E.01549
G1 X51.944 Y13.416 E.48981
G1 X52.518 Y13.416 E.01549
G1 X64.779 Y25.677 E.46791
G1 X64.779 Y25.104 E.01546
G1 X53.091 Y13.416 E.44604
G1 X53.665 Y13.416 E.01549
G1 X64.779 Y24.53 E.42414
G1 X64.779 Y23.956 E.01549
G1 X54.239 Y13.416 E.40223
G1 X54.812 Y13.416 E.01546
G1 X64.779 Y23.383 E.38036
G1 X64.779 Y22.809 E.01549
G1 X55.386 Y13.416 E.35846
G1 X55.96 Y13.416 E.01549
G1 X64.779 Y22.235 E.33655
G1 X64.779 Y21.661 E.01549
G1 X56.533 Y13.416 E.31467
G1 X57.107 Y13.416 E.01549
G1 X64.779 Y21.088 E.29278
G1 X64.779 Y20.514 E.01549
G1 X57.681 Y13.416 E.27088
G1 X58.254 Y13.416 E.01546
G1 X64.779 Y19.94 E.24899
G1 X64.779 Y19.367 E.01546
G1 X58.828 Y13.416 E.2271
G1 X59.402 Y13.416 E.01549
G1 X64.779 Y18.793 E.2052
G1 X64.779 Y18.219 E.01549
G1 X59.976 Y13.416 E.18329
G1 X60.549 Y13.416 E.01546
G1 X64.779 Y17.646 E.16143
G1 X64.779 Y17.072 E.01549
G1 X61.123 Y13.416 E.13952
G1 X61.697 Y13.416 E.01549
G1 X64.779 Y16.498 E.11762
G1 X64.779 Y15.924 E.01549
G1 X62.27 Y13.416 E.09573
G1 X62.844 Y13.416 E.01549
G1 X64.779 Y15.351 E.07384
G1 E-3.5
;WIPE_START
G1 F7200
G1 X62.844 Y13.416 E-1.29984
G1 X62.423 Y13.416 E-.20016
;WIPE_END
G1 X63.561 Y13.56 F9000
G1 E5 F2400
G1 F3600
G1 X64.779 Y14.777 E.04646
G1 X64.779 Y13.416 E.03673
G1 X63.418 Y13.416 E.03673
G1 E-3.5
;WIPE_START
G1 F7200
G1 X64.779 Y13.416 E-.64647
G1 X64.779 Y14.777 E-.64648
G1 X64.471 Y14.469 E-.20705
;WIPE_END
; stop printing object Arduino_gehäuse-Unterteil.stl id:0 copy 0
; printing object leuchte_led_halter-Halter.stl id:1 copy 5
G1 X70.422 Y78.547 F9000
G1 E5 F2400
;TYPE:External perimeter
;WIDTH:0.374336
G1 F1800
G1 X75.064 Y78.547 E.10499
G1 X75.172 Y78.569 E.00249
G1 X75.172 Y81.189 E.05926
G1 X75.15 Y81.297 E.00249
G1 X70.422 Y81.297 E.10693
G1 E-3.5 F3600
;WIPE_START
G1 F7200
G1 X73.58 Y81.297 E-1.5
;WIPE_END
; stop printing object leuchte_led_halter-Halter.stl id:1 copy 5
; printing object leuchte_led_halter-Halter.stl id:1 copy 4
G1 X70.747 Y71.777 F9000
G1 E5 F2400
G1 F1800
G1 X75.389 Y71.777 E.10499
G1 X75.497 Y71.799 E.00249
G1 X75.497 Y74.419 E.05926
G1 X75.475 Y74.527 E.00249
G1 X70.747 Y74.527 E.10693
G1 E-3.5 F3600
;WIPE_START
G1 F7200
G1 X73.905 Y74.527 E-1.5
;WIPE_END
; stop printing object leuchte_led_halter-Halter.stl id:1 copy 4
; printing object leuchte_led_halter-Halter.stl id:1 copy 3
G1 X70.031 Y64.206 F9000
G1 E5 F2400
G1 F1800
G1 X74.673 Y64.206 E.10499
G1 X74.781 Y64.229 E.0025
G1 X74.781 Y66.849 E.05926
G1 X74.759 Y66.956 E.00247
G1 X70.031 Y66.956 E.10693
G1 E-3.5 F3600
;WIPE_START
G1 F7200
G1 X73.189 Y66.956 E-1.5
;WIPE_END
; stop printing object leuchte_led_halter-Halter.stl id:1 copy 3
; printing object leuchte_led_halter-Halter.stl id:1 copy 2
G1 X69.425 Y57.291 F9000
G1 E5 F2400
G1 F1800
G1 X74.067 Y57.291 E.10499
G1 X74.175 Y57.313 E.00249
G1 X74.175 Y59.933 E.05926
G1 X74.152 Y60.041 E.0025
G1 X69.425 Y60.041 E.10691
G1 E-3.5 F3600
;WIPE_START
G1 F7200
G1 X72.583 Y60.041 E-1.5
;WIPE_END
; stop printing object leuchte_led_halter-Halter.stl id:1 copy 2
; printing object leuchte_led_halter-Halter.stl id:1 copy 1
G1 X69.471 Y51.765 F9000
G1 E5 F2400
G1 F1800
G1 X74.113 Y51.765 E.10499
G1 X74.221 Y51.787 E.00249
G1 X74.221 Y54.407 E.05926
G1 X74.199 Y54.515 E.00249
G1 X69.471 Y54.515 E.10693
G1 E-3.5 F3600
;WIPE_START
G1 F7200
G1 X72.629 Y54.515 E-1.5
;WIPE_END
; stop printing object leuchte_led_halter-Halter.stl id:1 copy 1
; printing object leuchte_led_halter-Halter.stl id:1 copy 0
G1 X70.217 Y45.628 F9000
G1 E5 F2400
G1 F1800
G1 X74.859 Y45.628 E.10499
G1 X74.967 Y45.65 E.00249
G1 X74.967 Y48.27 E.05926
G1 X74.945 Y48.378 E.00249
G1 X70.217 Y48.378 E.10693
;LAYER_CHANGE
;Z:1
;HEIGHT:0.16
;BEFORE_LAYER_CHANGE
G92 E0
;1


G1 E-3.5 F3600
;WIPE_START
G1 F7200
G1 X73.375 Y48.378 E-1.5
;WIPE_END
G1 Z1 F9000
;AFTER_LAYER_CHANGE
;1
; stop printing object leuchte_led_halter-Halter.stl id:1 copy 0
; printing object Arduino_gehäuse-Unterteil.stl id:0 copy 0
G1 X65.091 Y13.104
G1 E5 F2400
;TYPE:Perimeter
;WIDTH:0.439999
G1 F3600
G1 X65.091 Y116.081 E2.77882
G1 X12.114 Y116.081 E1.42957
G1 X12.114 Y13.104 E2.77882
G1 X65.031 Y13.104 E1.42796
G1 X65.497 Y12.698 F9000
G1 F3600
G1 X65.497 Y116.487 E2.80073
G1 X11.708 Y116.487 E1.45149
G1 X11.708 Y12.698 E2.80073
G1 X65.437 Y12.698 E1.44987
G1 X65.892 Y12.303 F9000
;TYPE:External perimeter
;WIDTH:0.419999
G1 F1800
G1 X65.892 Y116.883 E2.68294
G1 X11.312 Y116.883 E1.40022
G1 X11.312 Y12.303 E2.68294
G1 X65.832 Y12.303 E1.39868
G1 E-3.5 F3600
;WIPE_START
G1 F7200
G1 X65.892 Y12.303 E-.0285
G1 X65.892 Y15.401 E-1.4715
;WIPE_END
G1 X54.585 Y30.134 F9000
G1 E5 F2400
;TYPE:Internal infill
;WIDTH:0.44
G1 F3600
G1 X55.093 Y30.486 E.01668
G1 X55.443 Y30.903 E.01469
G1 X55.712 Y31.499 E.01765
G1 X55.793 Y32.103 E.01644
G1 X53.612 Y34.284 E.08323
G1 X54.126 Y34.22 E.01398
G1 X53.555 Y33.65 E.02177
G1 X52.992 Y33.526 E.01556
G1 X52.49 Y33.184 E.01639
G1 X52.18 Y32.729 E.01486
G1 X52.045 Y32.139 E.01633
G1 X51.475 Y31.569 E.02175
G1 X51.704 Y30.997 E.01663
G1 X52.033 Y30.562 E.01472
G1 X52.554 Y30.168 E.01763
G1 X53.126 Y29.954 E.01648
G1 X53.625 Y30.943 F9000
;TYPE:Solid infill
;WIDTH:0.439999
G1 F3600
G1 X53.998 Y31.013 E.01024
G1 X54.324 Y31.195 E.01008
G1 X54.64 Y31.598 E.01382
G1 X54.744 Y31.952 E.00996
G1 X54.728 Y32.325 E.01007
G1 X54.597 Y32.669 E.00993
G1 X54.359 Y32.958 E.0101
G1 X54.047 Y33.153 E.00993
G1 X53.683 Y33.239 E.01009
G1 X53.316 Y33.206 E.00994
G1 X52.983 Y33.061 E.0098
G1 X52.702 Y32.807 E.01022
G1 X52.52 Y32.481 E.01008
G1 X52.453 Y32.119 E.00993
G1 X52.502 Y31.759 E.0098
G1 X52.67 Y31.419 E.01023
G1 X52.927 Y31.162 E.00981
G1 X53.266 Y30.993 E.01022
G1 X53.424 Y30.971 E.0043
G1 X53.616 Y31.354 E.01156
G1 X53.858 Y31.399 E.00664
G1 X54.072 Y31.519 E.00662
G1 X54.196 Y31.67 E.00527
G1 X54.302 Y31.889 E.00657
G1 X54.331 Y32.119 E.00626
G1 X54.284 Y32.352 E.00641
G1 X54.166 Y32.554 E.00631
G1 X53.989 Y32.711 E.00638
G1 X53.773 Y32.801 E.00631
G1 X53.533 Y32.818 E.00649
G1 X53.206 Y32.716 E.00924
G1 X53.023 Y32.551 E.00665
G1 X52.907 Y32.342 E.00645
G1 X52.863 Y32.109 E.0064
G1 X52.946 Y31.776 E.00926
G1 X53.086 Y31.577 E.00657
G1 X53.284 Y31.437 E.00654
G1 X53.419 Y31.403 E.00376
G1 X53.527 Y31.836 E.01204
;WIDTH:0.559833
G1 X53.697 Y31.843 E.00595
G1 X53.814 Y31.936 E.00522
G1 X53.865 Y32.1 E.006
G1 X53.807 Y32.258 E.00588
G1 X53.707 Y32.338 E.00448
G1 X53.535 Y32.351 E.00603
G1 X53.393 Y32.257 E.00595
G1 X53.335 Y32.097 E.00595
G1 X53.378 Y31.965 E.00485
G1 E-3.5
;WIPE_START
G1 F7200
G1 X53.335 Y32.097 E-.06594
G1 X53.393 Y32.257 E-.08084
G1 X53.535 Y32.351 E-.08089
G1 X53.707 Y32.338 E-.08193
G1 X53.807 Y32.258 E-.06083
G1 X53.865 Y32.1 E-.07995
G1 X53.814 Y31.936 E-.08158
G1 X53.697 Y31.843 E-.07099
G1 X53.527 Y31.836 E-.08082
G1 X53.419 Y31.403 E-.21198
G1 X53.284 Y31.437 E-.06613
G1 X53.086 Y31.577 E-.11519
G1 X52.946 Y31.776 E-.11557
G1 X52.863 Y32.109 E-.16301
G1 X52.907 Y32.342 E-.11263
G1 X52.94 Y32.4 E-.03172
;WIPE_END
G1 X56.435 Y54.409 F9000
G1 E5 F2400
;TYPE:Internal infill
;WIDTH:0.44
G1 F3600
G1 X54.92 Y55.924 E.05782
G1 E-3.5
;WIPE_START
G1 F7200
G1 X56.435 Y54.409 E-1.0177
;WIPE_END
G1 E-.4823 F3600
G1 X22.285 Y55.924 F9000
G1 E5 F2400
G1 F3600
G1 X20.77 Y54.409 E.05782
G1 E-3.5
;WIPE_START
G1 F7200
G1 X22.285 Y55.924 E-1.0177
;WIPE_END
G1 E-.4823 F3600
G1 X23.85 Y18.631 F9000
G1 E5 F2400
G1 F3600
G1 X24.352 Y18.458 E.01433
G1 X24.767 Y18.128 E.01431
G1 X24.954 Y17.867 E.00866
G1 X25.101 Y17.52 E.01017
G1 X25.142 Y16.858 E.0179
G1 X25.585 Y16.415 E.01691
G1 X25.645 Y16.626 E.00592
G1 X25.697 Y17.145 E.01408
G1 X25.589 Y17.76 E.01685
G1 X25.363 Y18.229 E.01405
G1 X24.949 Y18.698 E.01688
G1 X24.416 Y19.023 E.01685
G1 X23.786 Y19.179 E.01751
G1 X23.206 Y18.6 E.02212
G1 X23.368 Y18.633 E.00446
G1 X22.926 Y19.075 E.01687
G1 X22.788 Y19.023 E.00398
G1 X22.208 Y18.656 E.01852
G1 X21.787 Y18.14 E.01797
G1 X21.559 Y17.559 E.01684
G1 X21.515 Y16.909 E.01758
G1 X22.096 Y17.489 E.02215
G1 X22.057 Y16.894 E.01609
G1 X22.255 Y16.309 E.01667
G1 X22.657 Y15.854 E.01638
G1 X23.193 Y15.589 E.01614
G1 X23.625 Y15.943 F9000
;TYPE:Solid infill
;WIDTH:0.439999
G1 F3600
G1 X23.998 Y16.013 E.01024
G1 X24.324 Y16.195 E.01008
G1 X24.64 Y16.599 E.01384
G1 X24.744 Y16.952 E.00993
G1 X24.728 Y17.325 E.01007
G1 X24.597 Y17.669 E.00993
G1 X24.359 Y17.958 E.0101
G1 X24.047 Y18.153 E.00993
G1 X23.683 Y18.239 E.01009
G1 X23.316 Y18.206 E.00994
G1 X22.983 Y18.061 E.0098
G1 X22.702 Y17.807 E.01022
G1 X22.52 Y17.481 E.01008
G1 X22.453 Y17.119 E.00993
G1 X22.502 Y16.759 E.0098
G1 X22.67 Y16.419 E.01023
G1 X22.927 Y16.162 E.00981
G1 X23.266 Y15.993 E.01022
G1 X23.424 Y15.971 E.0043
G1 X23.616 Y16.354 E.01156
G1 X23.858 Y16.399 E.00664
G1 X24.072 Y16.519 E.00662
G1 X24.196 Y16.67 E.00527
G1 X24.302 Y16.889 E.00657
G1 X24.331 Y17.119 E.00626
G1 X24.284 Y17.352 E.00641
G1 X24.166 Y17.554 E.00631
G1 X23.989 Y17.711 E.00638
G1 X23.773 Y17.801 E.00631
G1 X23.533 Y17.818 E.00649
G1 X23.206 Y17.716 E.00924
G1 X23.024 Y17.551 E.00663
G1 X22.907 Y17.342 E.00646
G1 X22.863 Y17.109 E.0064
G1 X22.946 Y16.776 E.00926
G1 X23.086 Y16.577 E.00657
G1 X23.284 Y16.437 E.00654
G1 X23.419 Y16.403 E.00376
G1 X23.527 Y16.836 E.01204
;WIDTH:0.559833
G1 X23.697 Y16.843 E.00595
G1 X23.814 Y16.936 E.00522
G1 X23.865 Y17.1 E.006
G1 X23.807 Y17.258 E.00588
G1 X23.707 Y17.338 E.00448
G1 X23.535 Y17.351 E.00603
G1 X23.393 Y17.257 E.00595
G1 X23.335 Y17.097 E.00595
G1 X23.378 Y16.965 E.00485
G1 E-3.5
;WIPE_START
G1 F7200
G1 X23.335 Y17.097 E-.06594
G1 X23.393 Y17.257 E-.08084
G1 X23.535 Y17.351 E-.08089
G1 X23.707 Y17.338 E-.08193
G1 X23.807 Y17.258 E-.06083
G1 X23.865 Y17.1 E-.07995
G1 X23.814 Y16.936 E-.08158
G1 X23.697 Y16.843 E-.07099
G1 X23.527 Y16.836 E-.08082
G1 X23.419 Y16.403 E-.21198
G1 X23.284 Y16.437 E-.06613
G1 X23.086 Y16.577 E-.11519
G1 X22.946 Y16.776 E-.11557
G1 X22.863 Y17.109 E-.16301
G1 X22.907 Y17.342 E-.11263
G1 X22.939 Y17.4 E-.03172
;WIPE_END
G1 X12.67 Y13.588 F9000
G1 E5 F2400
;WIDTH:0.374336
G1 F3600
G1 X12.598 Y13.66 E.0023
;WIDTH:0.407168
G1 X12.798 Y13.675 E.00497
;WIDTH:0.439999
G1 X12.999 Y13.69 E.00544
G1 X12.7 Y13.989 E.01141
G1 X12.7 Y14.563 E.01549
G1 X13.572 Y13.69 E.0333
G1 X14.146 Y13.69 E.01549
G1 X12.7 Y15.136 E.05518
G1 X12.7 Y15.71 E.01549
G1 X14.72 Y13.69 E.07709
G1 X15.293 Y13.69 E.01546
G1 X12.7 Y16.284 E.09897
G1 X12.7 Y16.857 E.01546
G1 X15.867 Y13.69 E.12086
G1 X16.715 Y13.416 F9000
G1 F3600
G1 X12.7 Y17.431 E.15322
G1 X12.7 Y18.005 E.01549
G1 X17.288 Y13.416 E.17511
G1 X17.862 Y13.416 E.01549
G1 X12.7 Y18.578 E.19699
G1 X12.7 Y19.152 E.01549
G1 X18.436 Y13.416 E.2189
G1 X19.009 Y13.416 E.01546
G1 X12.7 Y19.726 E.24078
G1 X12.7 Y20.3 E.01549
G1 X19.583 Y13.416 E.26269
G1 X20.157 Y13.416 E.01549
G1 X12.7 Y20.873 E.28458
G1 X12.7 Y21.447 E.01549
G1 X20.73 Y13.416 E.30646
G1 X21.168 Y13.285 E.01234
;WIDTH:0.374336
G1 X21.097 Y13.266 E.00166
G1 X21.116 Y13.337 E.00166
G1 X21.157 Y13.326 E.00096
;WIDTH:0.407168
G1 X21.142 Y13.46 E.00334
;WIDTH:0.439999
G1 X21.127 Y13.593 E.00361
G1 X12.7 Y22.021 E.32161
G1 X12.7 Y22.594 E.01546
G1 X21.604 Y13.69 E.3398
G1 X22.178 Y13.69 E.01549
G1 X12.7 Y23.168 E.3617
G1 X12.7 Y23.742 E.01549
G1 X22.751 Y13.69 E.38359
G1 X23.171 Y13.844 E.01207
G1 X12.7 Y24.315 E.3996
G1 X12.7 Y24.889 E.01549
G1 X21.204 Y16.385 E.32453
G1 X21.298 Y16.242 E.00462
;WIDTH:0.407168
G1 X21.392 Y16.098 E.00426
;WIDTH:0.374336
G1 X21.757 Y15.627 E.01348
G1 X22.147 Y15.239 E.01244
G1 E-3.5
;WIPE_START
G1 F7200
G1 X21.757 Y15.627 E-.26131
G1 X21.392 Y16.098 E-.28304
G1 X21.298 Y16.242 E-.08168
G1 X21.204 Y16.385 E-.08129
G1 X20.024 Y17.565 E-.79268
;WIPE_END
G1 X23.627 Y13.889 F9000
G1 E5 F2400
;WIDTH:0.439999
G1 F3600
G1 X23.637 Y13.94 E.0014
G1 X22.875 Y14.714 E.02931
G1 X23.079 Y14.648 E.00579
G1 X23.582 Y14.593 E.01365
G1 X24.125 Y14.648 E.01473
G1 X24.668 Y14.831 E.01546
G1 X25.134 Y15.117 E.01475
G1 X25.544 Y15.517 E.01546
G1 X25.849 Y15.998 E.01537
G1 X25.937 Y16.241 E.00697
G1 X28.488 Y13.69 E.09735
G1 X23.591 Y13.69 E.13214
G1 X24.658 Y14.113 F9000
;WIDTH:0.5038
G1 F3600
G1 X24.495 Y14.127 E.00511
;WIDTH:0.53227
G1 X24.332 Y14.142 E.00542
;WIDTH:0.561229
G1 X24.256 Y14.156 E.00271
;WIDTH:0.590188
G1 X24.179 Y14.171 E.0029
G1 X24.334 Y14.24 E.00627
;WIDTH:0.552641
G1 X24.49 Y14.309 E.00588
;WIDTH:0.515094
G1 X24.645 Y14.378 E.00543
;WIDTH:0.477547
G1 X24.801 Y14.448 E.00504
;WIDTH:0.439999
G1 X25.35 Y14.774 E.01723
G1 X25.829 Y15.23 E.01785
G1 X26.051 Y15.554 E.0106
G1 X27.509 Y14.096 E.05564
G1 X24.86 Y14.096 E.07148
G1 X25.618 Y14.488 F9000
;WIDTH:0.414402
G1 F3600
G1 X26.561 Y14.488 E.02384
G1 X26.102 Y14.947 E.01641
G1 X25.765 Y14.628 E.01173
G1 E-3.5
;WIPE_START
G1 F7200
G1 X26.102 Y14.947 E-.22042
G1 X26.561 Y14.488 E-.30833
G1 X25.618 Y14.488 E-.44792
;WIPE_END
G1 E-.52333 F3600
G1 X26.069 Y16.683 F9000
G1 E5 F2400
;WIDTH:0.439999
G1 F3600
G1 X29.062 Y13.69 E.11422
G1 X29.636 Y13.69 E.01549
G1 X26.099 Y17.226 E.13496
G1 E-3.5
;WIPE_START
G1 F7200
G1 X28.332 Y14.993 E-1.5
;WIPE_END
G1 X24.743 Y19.246 F9000
G1 E5 F2400
;WIDTH:0.374336
G1 F3600
G1 X25.179 Y18.882 E.01285
G1 X25.747 Y18.234 E.01949
G1 X25.737 Y18.162 E.00164
G1 X25.796 Y17.9 E.00607
;WIDTH:0.407168
G1 X25.874 Y17.924 E.00202
;WIDTH:0.439999
G1 X25.952 Y17.947 E.00219
G1 X30.209 Y13.69 E.16246
G1 E-3.5
;WIPE_START
G1 F7200
G1 X27.976 Y15.923 E-1.5
;WIPE_END
G1 X21.102 Y17.061 F9000
G1 E5 F2400
G1 F3600
G1 X12.7 Y25.463 E.32064
G1 X12.7 Y26.036 E.01546
G1 X21.151 Y17.585 E.32251
G1 X21.283 Y18.027 E.01245
G1 X12.7 Y26.61 E.32755
G1 X12.7 Y27.184 E.01549
G1 X21.476 Y18.408 E.33491
G1 X21.719 Y18.738 E.01106
G1 X12.7 Y27.758 E.3442
G1 X12.7 Y28.331 E.01546
G1 X22.01 Y19.021 E.35529
G1 X22.349 Y19.256 E.01113
G1 X12.7 Y28.905 E.36823
G1 X12.7 Y29.479 E.01549
G1 X22.739 Y19.44 E.38311
G1 X23.193 Y19.559 E.01266
G1 X12.7 Y30.052 E.40044
G1 X12.7 Y30.626 E.01549
G1 X23.736 Y19.59 E.42116
G1 X24.456 Y19.444 E.01982
G1 X12.7 Y31.2 E.44864
G1 X12.7 Y31.773 E.01546
G1 X30.783 Y13.69 E.69009
G1 X31.357 Y13.69 E.01549
G1 X12.7 Y32.347 E.71199
G1 X12.7 Y32.921 E.01549
G1 X31.931 Y13.69 E.7339
G1 X32.504 Y13.69 E.01546
G1 X12.7 Y33.494 E.75577
G1 X12.7 Y34.068 E.01549
G1 X33.078 Y13.69 E.77767
G1 X33.652 Y13.69 E.01549
G1 X12.7 Y34.642 E.79958
G1 X12.7 Y35.216 E.01549
G1 X34.225 Y13.69 E.82146
G1 X34.799 Y13.69 E.01549
G1 X12.7 Y35.789 E.84335
G1 X12.7 Y36.363 E.01549
G1 X35.373 Y13.69 E.86525
G1 X35.946 Y13.69 E.01546
G1 X12.7 Y36.937 E.88714
G1 X12.7 Y37.51 E.01546
G1 X36.52 Y13.69 E.90903
G1 X37.094 Y13.69 E.01549
G1 X12.7 Y38.084 E.93093
G1 X12.7 Y38.658 E.01549
G1 X37.668 Y13.69 E.95284
G1 X38.241 Y13.69 E.01546
G1 X12.7 Y39.231 E.9747
G1 X12.7 Y39.805 E.01549
G1 X38.815 Y13.69 E.99661
G1 X39.389 Y13.69 E.01549
G1 X12.7 Y40.379 E1.01851
G1 X12.7 Y40.953 E.01549
G1 X39.962 Y13.69 E1.0404
G1 X40.536 Y13.69 E.01549
G1 X12.7 Y41.526 E1.06229
G1 X12.7 Y42.1 E.01549
G1 X41.11 Y13.69 E1.08419
G1 X41.683 Y13.69 E.01546
G1 X12.7 Y42.674 E1.10608
G1 X12.7 Y43.247 E.01546
G1 X42.257 Y13.69 E1.12796
G1 X42.831 Y13.69 E.01549
G1 X12.7 Y43.821 E1.14987
G1 X12.7 Y44.395 E.01549
G1 X43.404 Y13.69 E1.17175
G1 X43.978 Y13.69 E.01549
G1 X12.7 Y44.968 E1.19364
G1 X12.7 Y45.542 E.01549
G1 X44.552 Y13.69 E1.21555
G1 X45.126 Y13.69 E.01549
G1 X12.7 Y46.116 E1.23745
G1 X12.7 Y46.689 E.01546
G1 X45.699 Y13.69 E1.25932
G1 X46.273 Y13.69 E.01549
G1 X12.7 Y47.263 E1.28122
G1 X12.7 Y47.837 E.01549
G1 X46.847 Y13.69 E1.30313
G1 X47.42 Y13.69 E.01546
G1 X12.7 Y48.411 E1.32501
G1 X12.7 Y48.984 E.01546
G1 X47.994 Y13.69 E1.3469
G1 X48.568 Y13.69 E.01549
G1 X12.7 Y49.558 E1.3688
G1 X12.7 Y50.132 E.01549
G1 X49.141 Y13.69 E1.39069
G1 X49.715 Y13.69 E.01549
G1 X12.7 Y50.705 E1.41258
G1 X12.7 Y51.279 E.01549
G1 X50.289 Y13.69 E1.43448
G1 X50.862 Y13.69 E.01546
G1 X12.7 Y51.853 E1.45637
G1 X12.7 Y52.426 E.01546
G1 X51.436 Y13.69 E1.47825
G1 X52.01 Y13.69 E.01549
G1 X12.7 Y53 E1.50016
G1 X12.7 Y53.574 E.01549
G1 X52.584 Y13.69 E1.52206
G1 X53.157 Y13.69 E.01546
G1 X12.7 Y54.147 E1.54393
G1 X12.7 Y54.721 E.01549
G1 X53.731 Y13.69 E1.56584
G1 X54.305 Y13.69 E.01549
G1 X12.7 Y55.295 E1.58774
G1 X12.7 Y55.869 E.01549
G1 X54.878 Y13.69 E1.60963
G1 X55.452 Y13.69 E.01549
G1 X12.7 Y56.442 E1.63151
G1 X12.468 Y56.716 E.00969
;WIDTH:0.429084
G1 X12.386 Y56.694 E.00223
G1 X12.408 Y56.777 E.00225
G1 X12.455 Y56.764 E.00128
;WIDTH:0.439999
G1 X12.426 Y57.29 E.01422
G1 X56.026 Y13.69 E1.66388
G1 X56.599 Y13.69 E.01546
G1 X12.426 Y57.863 E1.68574
G1 X12.426 Y58.437 E.01549
G1 X57.173 Y13.69 E1.70765
G1 X57.747 Y13.69 E.01549
G1 X12.426 Y59.011 E1.72955
G1 X12.426 Y59.584 E.01546
G1 X58.32 Y13.69 E1.75142
G1 X58.894 Y13.69 E.01549
G1 X12.426 Y60.158 E1.77333
G1 X12.337 Y61.049 F9000
;WIDTH:0.374336
G1 F3600
G1 X12.296 Y61.06 E.00096
G1 X12.277 Y60.989 E.00166
G1 X12.348 Y61.008 E.00166
;WIDTH:0.407168
G1 X12.387 Y60.87 E.00356
;WIDTH:0.439999
G1 X12.426 Y60.732 E.00387
G1 X59.468 Y13.69 E1.79523
G1 X60.042 Y13.69 E.01549
G1 X12.426 Y61.305 E1.81712
G1 X12.426 Y61.879 E.01549
G1 X18.53 Y55.775 E.23294
G1 X18.627 Y55.647 E.00433
;WIDTH:0.407168
G1 X18.724 Y55.519 E.00398
;WIDTH:0.374336
G1 X18.682 Y55.53 E.00098
G1 X18.663 Y55.459 E.00166
G1 X18.735 Y55.478 E.00168
G1 X18.522 Y56.357 F9000
;WIDTH:0.439999
G1 F3600
G1 X12.426 Y62.453 E.23264
G1 X12.426 Y63.027 E.01549
G1 X18.635 Y56.818 E.23695
G1 X18.823 Y57.203 E.01156
G1 X12.426 Y63.6 E.24412
G1 X12.426 Y64.174 E.01549
G1 X19.073 Y57.527 E.25366
G1 X19.379 Y57.795 E.01098
G1 X12.426 Y64.748 E.26534
G1 X12.426 Y65.321 E.01546
G1 X19.742 Y58.005 E.2792
G1 X20.175 Y58.146 E.01229
G1 X12.426 Y65.895 E.29572
G1 X12.426 Y66.469 E.01549
G1 X20.708 Y58.187 E.31606
G1 E-3.5
;WIPE_START
G1 F7200
G1 X18.475 Y60.42 E-1.5
;WIPE_END
G1 X20.029 Y54.219 F9000
G1 E5 F2400
;WIDTH:0.374336
G1 F3600
G1 X19.988 Y54.23 E.00096
G1 X19.969 Y54.159 E.00166
G1 X20.04 Y54.178 E.00166
;WIDTH:0.407168
G1 X20.163 Y54.099 E.00363
;WIDTH:0.439999
G1 X20.286 Y54.019 E.00396
G1 X60.615 Y13.69 E1.53905
G1 X61.189 Y13.69 E.01549
G1 X20.866 Y54.012 E1.5388
G1 X21.328 Y54.125 E.01283
G1 X61.763 Y13.69 E1.54309
G1 X62.336 Y13.69 E.01546
G1 X21.713 Y54.314 E1.55029
G1 X22.037 Y54.563 E.01103
G1 X62.91 Y13.69 E1.55981
G1 X63.484 Y13.69 E.01549
G1 X22.305 Y54.868 E1.57147
G1 X22.515 Y55.232 E.01134
G1 X64.057 Y13.69 E1.58534
G1 X64.586 Y13.553 E.01475
;WIDTH:0.374336
G1 X64.515 Y13.534 E.00166
G1 X64.534 Y13.605 E.00166
G1 X64.575 Y13.594 E.00096
;WIDTH:0.407168
G1 X64.54 Y13.705 E.00289
;WIDTH:0.439999
G1 X64.505 Y13.816 E.00314
G1 X22.655 Y55.666 E1.59709
G1 X22.696 Y56.198 E.0144
G1 X64.505 Y14.39 E1.59551
G1 X64.505 Y14.963 E.01546
G1 X22.514 Y56.954 E1.60247
G1 X22.402 Y57.097 E.0049
;WIDTH:0.407168
G1 X22.289 Y57.241 E.00454
;WIDTH:0.374336
G1 X22.179 Y57.378 E.00397
G1 X21.752 Y57.784 E.01333
;WIDTH:0.439999
G1 X21.465 Y58.004 E.00976
G1 X12.426 Y67.042 E.34493
G1 X12.387 Y67.18 E.00387
;WIDTH:0.407168
G1 X12.348 Y67.318 E.00356
;WIDTH:0.374336
G1 X12.277 Y67.299 E.00166
G1 X12.296 Y67.37 E.00166
G1 X12.337 Y67.359 E.00096
;WIDTH:0.439999
G1 X12.426 Y67.616 E.00734
G1 X64.505 Y15.537 E1.98745
G1 X64.505 Y16.111 E.01549
G1 X12.426 Y68.19 E1.98745
G1 X12.426 Y68.764 E.01549
G1 X64.505 Y16.685 E1.98745
G1 X64.505 Y17.258 E.01546
G1 X12.426 Y69.337 E1.98745
G1 X12.387 Y69.475 E.00387
;WIDTH:0.407168
G1 X12.348 Y69.613 E.00356
;WIDTH:0.374336
G1 X12.277 Y69.594 E.00166
G1 X12.296 Y69.665 E.00166
G1 X12.337 Y69.654 E.00096
G1 E-3.5
;WIPE_START
G1 F7200
G1 X12.296 Y69.665 E-.02016
G1 X12.277 Y69.594 E-.03491
G1 X12.348 Y69.613 E-.03491
G1 X12.387 Y69.475 E-.06812
G1 X12.426 Y69.337 E-.06812
G1 X14.322 Y67.441 E-1.27378
;WIPE_END
G1 X52.222 Y30.003 F9000
G1 E5 F2400
G1 F3600
G1 X51.972 Y30.212 E.00737
G1 X51.58 Y30.621 E.01281
G1 X51.389 Y30.871 E.00712
G1 X51.39 Y31.029 E.00357
G1 X51.35 Y31.137 E.0026
G1 X51.398 Y30.938 E.00463
G1 X51.389 Y30.871 E.00153
G1 X51.957 Y30.226 E.01944
G1 X52.378 Y29.872 E.01244
;WIDTH:0.407168
G1 X52.522 Y29.771 E.00436
;WIDTH:0.439999
G1 X52.666 Y29.67 E.00475
G1 X64.505 Y17.832 E.45178
G1 X64.505 Y18.406 E.01549
G1 X53.407 Y29.503 E.42351
G1 X53.963 Y29.521 E.01501
G1 X64.505 Y18.979 E.40231
G1 X64.505 Y19.553 E.01549
G1 X54.427 Y29.631 E.3846
G1 X54.828 Y29.803 E.01177
G1 X64.505 Y20.127 E.36928
G1 X64.505 Y20.7 E.01546
G1 X55.178 Y30.028 E.35596
G1 X55.48 Y30.299 E.01095
G1 X64.505 Y21.274 E.34441
G1 X64.505 Y21.848 E.01549
G1 X55.738 Y30.615 E.33457
G1 X55.948 Y30.979 E.01134
G1 X64.505 Y22.421 E.32657
G1 X64.505 Y22.995 E.01549
G1 X56.104 Y31.396 E.3206
G1 X56.191 Y31.883 E.01335
G1 X64.505 Y23.569 E.31728
G1 X64.505 Y24.143 E.01549
G1 X56.17 Y32.477 E.31806
G1 X56.111 Y32.615 E.00405
;WIDTH:0.407168
G1 X56.052 Y32.753 E.00372
;WIDTH:0.374336
G1 X55.981 Y32.734 E.00166
G1 X56 Y32.805 E.00166
G1 X56.041 Y32.794 E.00096
G1 X55.139 Y34.128 F9000
;WIDTH:0.375778
G1 F3600
G1 X55.638 Y33.63 E.01601
;WIDTH:0.407168
G1 X55.758 Y33.487 E.00463
;WIDTH:0.439999
G1 X55.878 Y33.344 E.00504
G1 X64.505 Y24.716 E.32925
G1 E-3.5
;WIPE_START
G1 F7200
G1 X62.272 Y26.949 E-1.5
;WIPE_END
G1 X51.179 Y31.157 F9000
G1 E5 F2400
G1 F3600
G1 X12.426 Y69.911 E1.47892
G1 X12.426 Y70.485 E.01549
G1 X51.012 Y31.898 E1.47255
G1 X51.031 Y32.453 E.01499
G1 X12.426 Y71.058 E1.47326
G1 X12.426 Y71.632 E.01549
G1 X51.14 Y32.918 E1.47741
G1 X51.313 Y33.318 E.01176
G1 X12.426 Y72.206 E1.48404
G1 X12.426 Y72.779 E.01546
G1 X51.538 Y33.667 E1.4926
G1 X51.809 Y33.97 E.01097
G1 X12.426 Y73.353 E1.50295
G1 X12.426 Y73.927 E.01549
G1 X52.125 Y34.228 E1.515
G1 X52.488 Y34.438 E.01132
G1 X12.426 Y74.5 E1.52886
G1 X12.426 Y75.074 E.01549
G1 X52.906 Y34.594 E1.54481
G1 X53.393 Y34.681 E.01335
G1 X12.426 Y75.648 E1.56339
G1 X12.426 Y76.222 E.01549
G1 X53.986 Y34.661 E1.58604
G1 X54.128 Y34.581 E.0044
;WIDTH:0.407168
G1 X54.27 Y34.501 E.00404
;WIDTH:0.374336
G1 X54.128 Y34.466 E.00331
;WIDTH:0.439999
G1 X54.852 Y34.369 E.01971
G1 X12.426 Y76.795 E1.61907
G1 X12.387 Y76.933 E.00387
;WIDTH:0.407168
G1 X12.348 Y77.071 E.00356
;WIDTH:0.374336
G1 X12.277 Y77.052 E.00166
G1 X12.296 Y77.123 E.00166
G1 X12.337 Y77.112 E.00096
;WIDTH:0.439999
G1 X12.426 Y77.369 E.00734
G1 X64.505 Y25.29 E1.98745
G1 X64.505 Y25.864 E.01549
G1 X12.426 Y77.943 E1.98745
G1 X12.426 Y78.516 E.01546
G1 X64.505 Y26.437 E1.98745
G1 X64.505 Y27.011 E.01549
G1 X12.426 Y79.09 E1.98745
G1 X12.426 Y79.664 E.01549
G1 X64.505 Y27.585 E1.98745
G1 X64.505 Y28.158 E.01546
G1 X12.426 Y80.237 E1.98745
G1 X12.426 Y80.811 E.01549
G1 X64.505 Y28.732 E1.98745
G1 X64.505 Y29.306 E.01549
G1 X12.426 Y81.385 E1.98745
G1 X12.426 Y81.958 E.01546
G1 X64.505 Y29.88 E1.98743
G1 X64.505 Y30.453 E.01546
G1 X12.426 Y82.532 E1.98745
G1 X12.426 Y83.106 E.01549
G1 X64.505 Y31.027 E1.98745
G1 X64.505 Y31.601 E.01549
G1 X12.426 Y83.68 E1.98745
G1 X12.426 Y84.253 E.01546
G1 X64.505 Y32.174 E1.98745
G1 X64.505 Y32.748 E.01549
G1 X12.426 Y84.827 E1.98745
G1 X12.426 Y85.401 E.01549
G1 X64.505 Y33.322 E1.98745
G1 X64.505 Y33.895 E.01546
G1 X12.426 Y85.974 E1.98745
G1 X12.426 Y86.548 E.01549
G1 X64.505 Y34.469 E1.98745
G1 X64.505 Y35.043 E.01549
G1 X12.426 Y87.122 E1.98745
G1 X12.426 Y87.695 E.01546
G1 X64.505 Y35.616 E1.98745
G1 X64.505 Y36.19 E.01549
G1 X12.426 Y88.269 E1.98745
G1 X12.426 Y88.843 E.01549
G1 X64.505 Y36.764 E1.98745
G1 X64.505 Y37.338 E.01549
G1 X12.426 Y89.416 E1.98743
G1 X12.426 Y89.99 E.01549
G1 X64.505 Y37.911 E1.98745
G1 X64.505 Y38.485 E.01549
G1 X12.426 Y90.564 E1.98745
G1 X12.426 Y91.138 E.01549
G1 X64.505 Y39.059 E1.98745
G1 X64.505 Y39.632 E.01546
G1 X12.426 Y91.711 E1.98745
G1 X12.426 Y92.285 E.01549
G1 X64.505 Y40.206 E1.98745
G1 X64.505 Y40.78 E.01549
G1 X12.426 Y92.859 E1.98745
G1 X12.426 Y93.432 E.01546
G1 X64.505 Y41.353 E1.98745
G1 X64.505 Y41.927 E.01549
G1 X12.426 Y94.006 E1.98745
G1 X12.426 Y94.58 E.01549
G1 X64.505 Y42.501 E1.98745
G1 X64.505 Y43.074 E.01546
G1 X12.426 Y95.153 E1.98745
G1 X12.426 Y95.727 E.01549
G1 X64.505 Y43.648 E1.98745
G1 X64.505 Y44.222 E.01549
G1 X12.426 Y96.301 E1.98745
G1 X12.348 Y97.15 F9000
;WIDTH:0.374336
G1 F3600
G1 X12.277 Y97.131 E.00166
G1 X12.296 Y97.202 E.00166
G1 X12.337 Y97.191 E.00096
;WIDTH:0.407168
G1 X12.382 Y97.033 E.00407
;WIDTH:0.439999
G1 X12.426 Y96.875 E.00443
G1 X64.505 Y44.796 E1.98745
G1 X64.505 Y45.369 E.01546
G1 X55.649 Y54.225 E.33797
G1 X55.362 Y54.464 E.01008
;WIDTH:0.374336
G1 X54.968 Y54.854 E.01254
;WIDTH:0.407168
G1 X54.851 Y54.997 E.00458
;WIDTH:0.439999
G1 X54.733 Y55.141 E.00502
G1 X12.36 Y97.521 E1.61718
;WIDTH:0.407168
G1 X12.294 Y97.593 E.00242
;WIDTH:0.374336
G1 X12.223 Y97.574 E.00166
G1 X12.242 Y97.645 E.00166
G1 X12.283 Y97.634 E.00096
;WIDTH:0.439999
G1 X12.426 Y98.022 E.01116
G1 X54.511 Y55.937 E1.60606
G1 X54.602 Y55.81 E.00422
;WIDTH:0.407168
G1 X54.694 Y55.683 E.00389
;WIDTH:0.374336
G1 X54.653 Y55.694 E.00096
G1 X54.634 Y55.623 E.00166
G1 X54.705 Y55.642 E.00166
G1 X54.541 Y56.48 F9000
;WIDTH:0.439999
G1 F3600
G1 X12.426 Y98.596 E1.60722
G1 X12.426 Y99.169 E.01546
G1 X54.676 Y56.92 E1.61234
G1 X54.88 Y57.289 E.01138
G1 X12.426 Y99.743 E1.62014
G1 X12.426 Y100.317 E.01549
G1 X55.144 Y57.599 E1.63022
G1 X55.463 Y57.853 E.011
G1 X12.426 Y100.89 E1.64239
G1 X12.426 Y101.464 E.01549
G1 X55.843 Y58.047 E1.65689
G1 X56.296 Y58.167 E.01265
G1 X12.426 Y102.038 E1.6742
G1 X12.426 Y102.611 E.01546
G1 X56.865 Y58.173 E1.69587
G1 X57.791 Y57.821 F9000
G1 F3600
G1 X12.426 Y103.185 E1.73121
G1 X12.387 Y103.323 E.00387
;WIDTH:0.407168
G1 X12.348 Y103.461 E.00356
;WIDTH:0.374336
G1 X12.277 Y103.442 E.00166
G1 X12.296 Y103.513 E.00166
G1 X12.337 Y103.502 E.00096
G1 E-3.5
;WIPE_START
G1 F7200
G1 X12.296 Y103.513 E-.02016
G1 X12.277 Y103.442 E-.03491
G1 X12.348 Y103.461 E-.03491
G1 X12.387 Y103.323 E-.06812
G1 X12.426 Y103.185 E-.06812
G1 X14.322 Y101.289 E-1.27378
;WIPE_END
G1 X56.189 Y54.186 F9000
G1 E5 F2400
G1 F3600
G1 X56.148 Y54.197 E.00096
G1 X56.129 Y54.126 E.00166
G1 X56.2 Y54.145 E.00166
;WIDTH:0.407168
G1 X56.323 Y54.073 E.00353
;WIDTH:0.439999
G1 X56.446 Y54.002 E.00383
G1 X64.505 Y45.943 E.30755
G1 X64.505 Y46.517 E.01549
G1 X56.99 Y54.032 E.28679
G1 X57.43 Y54.166 E.01241
G1 X64.505 Y47.09 E.27002
G1 X64.505 Y47.664 E.01549
G1 X57.799 Y54.37 E.25592
G1 X58.109 Y54.634 E.01099
G1 X64.505 Y48.238 E.24409
G1 X64.505 Y48.811 E.01546
G1 X58.363 Y54.953 E.23439
G1 X58.557 Y55.333 E.01151
G1 X64.505 Y49.385 E.22699
G1 X64.505 Y49.959 E.01549
G1 X58.677 Y55.787 E.22241
G1 X58.557 Y56.671 F9000
;WIDTH:0.374336
G1 F3600
G1 X58.516 Y56.682 E.00096
G1 X58.496 Y56.611 E.00167
G1 X58.568 Y56.63 E.00168
;WIDTH:0.407168
G1 X58.625 Y56.492 E.0037
;WIDTH:0.439999
G1 X58.683 Y56.354 E.00404
G1 X64.505 Y50.532 E.22218
G1 X64.505 Y51.106 E.01549
G1 X58.329 Y57.282 E.23569
G1 E-3.5
;WIPE_START
G1 F7200
G1 X60.562 Y55.049 E-1.5
;WIPE_END
G1 X64.505 Y51.68 F9000
G1 E5 F2400
G1 F3600
G1 X12.426 Y103.759 E1.98745
G1 X12.426 Y104.333 E.01549
G1 X64.505 Y52.254 E1.98745
G1 X64.505 Y52.827 E.01546
G1 X12.426 Y104.906 E1.98745
G1 X12.426 Y105.48 E.01549
G1 X64.505 Y53.401 E1.98745
G1 X64.505 Y53.975 E.01549
G1 X12.426 Y106.054 E1.98745
G1 X12.326 Y106.652 E.01636
;WIDTH:0.374336
G1 X12.285 Y106.663 E.00096
G1 X12.266 Y106.592 E.00166
G1 X12.337 Y106.611 E.00166
;WIDTH:0.407168
G1 X12.428 Y106.572 E.00246
;WIDTH:0.439999
G1 X12.52 Y106.534 E.00269
G1 X64.505 Y54.548 E1.98389
G1 X64.505 Y55.122 E.01549
G1 X12.7 Y106.927 E1.977
G1 X12.7 Y107.501 E.01549
G1 X64.505 Y55.696 E1.977
G1 X64.505 Y56.269 E.01546
G1 X12.7 Y108.075 E1.97702
G1 X12.7 Y108.648 E.01546
G1 X64.505 Y56.843 E1.977
G1 X64.505 Y57.417 E.01549
G1 X12.7 Y109.222 E1.977
G1 X12.7 Y109.796 E.01549
G1 X64.505 Y57.991 E1.977
G1 X64.505 Y58.564 E.01546
G1 X12.7 Y110.369 E1.977
G1 X12.7 Y110.943 E.01549
G1 X64.505 Y59.138 E1.977
G1 X64.505 Y59.712 E.01549
G1 X12.7 Y111.517 E1.977
G1 X12.7 Y112.091 E.01549
G1 X64.505 Y60.285 E1.97702
G1 X64.505 Y60.859 E.01549
G1 X12.7 Y112.664 E1.977
G1 X12.7 Y113.238 E.01549
G1 X64.505 Y61.433 E1.977
G1 X64.505 Y62.006 E.01546
G1 X12.7 Y113.812 E1.97702
G1 X12.7 Y114.385 E.01546
G1 X64.505 Y62.58 E1.977
G1 X64.505 Y63.154 E.01549
G1 X12.7 Y114.959 E1.977
G1 X12.737 Y115.495 E.0145
G1 X64.505 Y63.727 E1.97559
G1 X64.505 Y64.301 E.01549
G1 X13.311 Y115.495 E1.95368
G1 X14.201 Y115.644 F9000
;WIDTH:0.374336
G1 F3600
G1 X14.16 Y115.655 E.00096
G1 X14.141 Y115.584 E.00166
G1 X14.212 Y115.603 E.00166
;WIDTH:0.407168
G1 X14.049 Y115.549 E.00426
;WIDTH:0.439999
G1 X13.885 Y115.495 E.00466
G1 X64.505 Y64.875 E1.93178
G1 X64.505 Y65.449 E.01549
G1 X19.798 Y110.156 E1.70612
G1 X19.654 Y110.266 E.00489
;WIDTH:0.407168
G1 X19.511 Y110.375 E.00446
;WIDTH:0.374336
G1 X19.005 Y110.848 E.01567
G1 X18.886 Y111 E.00437
;WIDTH:0.439999
G1 X18.666 Y111.287 E.00976
G1 X14.458 Y115.495 E.16059
G1 X15.032 Y115.495 E.01549
G1 X18.507 Y112.021 E.13259
G1 X18.555 Y112.546 E.01423
G1 X15.606 Y115.495 E.11254
G1 X16.179 Y115.495 E.01546
G1 X18.7 Y112.975 E.09619
G1 X18.913 Y113.335 E.01129
G1 X16.753 Y115.495 E.08243
G1 X16.696 Y115.576 E.00267
;WIDTH:0.407168
G1 X16.638 Y115.657 E.00247
;WIDTH:0.374336
G1 X16.567 Y115.638 E.00166
G1 X16.586 Y115.709 E.00166
G1 X16.627 Y115.698 E.00096
G1 E-3.5
;WIPE_START
G1 F7200
G1 X16.586 Y115.709 E-.02016
G1 X16.567 Y115.638 E-.03491
G1 X16.638 Y115.657 E-.03491
G1 X16.696 Y115.576 E-.04732
G1 X16.753 Y115.495 E-.04705
G1 X18.712 Y113.537 E-1.31565
;WIPE_END
G1 X20.772 Y114.162 F9000
G1 E5 F2400
;WIDTH:0.439999
G1 F3600
G1 X20.513 Y114.186 E.00702
G1 X20.009 Y114.102 E.01379
G1 X19.497 Y113.872 E.01515
G1 X19.196 Y113.626 E.01049
G1 X17.327 Y115.495 E.07133
G1 X19.765 Y115.495 E.06579
G1 X19.765 Y115.352 E.00386
G1 X20.974 Y114.143 E.04614
G1 X20.027 Y114.516 F9000
G1 F3600
G1 X19.478 Y115.089 E.02141
G1 X18.306 Y115.089 E.03163
G1 X19.222 Y114.174 E.03494
G1 X19.326 Y114.24 E.00332
G1 X19.83 Y114.466 E.01491
G1 E-3.5
;WIPE_START
G1 F7200
G1 X19.326 Y114.24 E-.26237
G1 X19.222 Y114.174 E-.05851
G1 X18.306 Y115.089 E-.61499
G1 X19.478 Y115.089 E-.5567
G1 X19.489 Y115.078 E-.00743
;WIPE_END
G1 X20.53 Y109.997 F9000
G1 E5 F2400
G1 F3600
G1 X64.505 Y66.022 E1.67819
G1 X64.505 Y66.596 E.01549
G1 X21.056 Y110.045 E1.65811
G1 X21.484 Y110.19 E.01219
G1 X64.505 Y67.17 E1.64176
G1 X64.505 Y67.743 E.01546
G1 X21.845 Y110.403 E1.628
G1 X22.147 Y110.675 E.01097
G1 X64.505 Y68.317 E1.61648
G1 X64.505 Y68.891 E.01549
G1 X22.393 Y111.002 E1.60707
G1 X22.578 Y111.391 E.01162
G1 X64.505 Y69.464 E1.60003
G1 X64.505 Y70.038 E.01549
G1 X22.686 Y111.857 E1.59591
G1 X22.527 Y112.764 F9000
;WIDTH:0.374336
G1 F3600
G1 X22.486 Y112.775 E.00096
G1 X22.467 Y112.704 E.00166
G1 X22.538 Y112.723 E.00166
;WIDTH:0.407168
G1 X22.604 Y112.585 E.00379
;WIDTH:0.439999
G1 X22.669 Y112.448 E.00409
G1 X64.505 Y70.612 E1.59656
G1 X64.505 Y71.185 E.01546
G1 X20.195 Y115.495 E1.69097
G1 X20.769 Y115.495 E.01549
G1 X64.505 Y71.759 E1.66907
G1 X64.95 Y72.052 E.01438
;WIDTH:0.374336
G1 X64.879 Y72.033 E.00166
G1 X64.898 Y72.104 E.00166
G1 X64.939 Y72.093 E.00096
;WIDTH:0.407168
G1 X64.812 Y72.123 E.00324
;WIDTH:0.439999
G1 X64.686 Y72.152 E.00349
G1 X21.343 Y115.495 E1.65407
G1 X21.916 Y115.495 E.01546
G1 X64.779 Y72.633 E1.63573
G1 X64.779 Y73.207 E.01549
G1 X22.49 Y115.495 E1.61383
G1 X23.064 Y115.495 E.01549
G1 X64.779 Y73.78 E1.59194
G1 X64.779 Y74.354 E.01549
G1 X23.637 Y115.495 E1.57005
G1 X24.211 Y115.495 E.01549
G1 X64.779 Y74.928 E1.54815
G1 X64.779 Y75.501 E.01546
G1 X24.785 Y115.495 E1.52626
G1 X25.358 Y115.495 E.01546
G1 X64.779 Y76.075 E1.50438
G1 X64.779 Y76.649 E.01549
G1 X25.932 Y115.495 E1.48247
G1 X26.506 Y115.495 E.01549
G1 X64.779 Y77.222 E1.46059
G1 X64.779 Y77.796 E.01549
G1 X27.08 Y115.495 E1.43868
G1 X27.653 Y115.495 E.01546
G1 X64.779 Y78.37 E1.41679
G1 X64.779 Y78.944 E.01549
G1 X28.227 Y115.495 E1.39489
G1 X28.801 Y115.495 E.01549
G1 X64.779 Y79.517 E1.373
G1 X64.779 Y80.091 E.01549
G1 X29.374 Y115.495 E1.35112
G1 X29.948 Y115.495 E.01549
G1 X64.779 Y80.665 E1.32921
G1 X64.779 Y81.238 E.01546
G1 X30.522 Y115.495 E1.30733
G1 X31.095 Y115.495 E.01546
G1 X64.779 Y81.812 E1.28544
G1 X64.779 Y82.386 E.01549
G1 X31.669 Y115.495 E1.26353
G1 X32.243 Y115.495 E.01549
G1 X64.779 Y82.959 E1.24165
G1 X64.779 Y83.533 E.01549
G1 X32.816 Y115.495 E1.21976
G1 X33.39 Y115.495 E.01549
G1 X64.779 Y84.107 E1.19786
G1 X64.779 Y84.68 E.01546
G1 X33.964 Y115.495 E1.17597
G1 X34.538 Y115.495 E.01549
G1 X64.779 Y85.254 E1.15407
G1 X64.779 Y85.828 E.01549
G1 X35.111 Y115.495 E1.13218
G1 X35.685 Y115.495 E.01549
G1 X64.779 Y86.402 E1.11027
G1 X64.779 Y86.975 E.01546
G1 X36.259 Y115.495 E1.08839
G1 X36.832 Y115.495 E.01546
G1 X64.779 Y87.549 E1.0665
G1 X64.779 Y88.123 E.01549
G1 X37.406 Y115.495 E1.0446
G1 X37.98 Y115.495 E.01549
G1 X64.779 Y88.696 E1.02271
G1 X64.779 Y89.27 E.01549
G1 X38.553 Y115.495 E1.00083
G1 X39.127 Y115.495 E.01549
G1 X64.779 Y89.844 E.97892
G1 X64.779 Y90.417 E.01546
G1 X39.701 Y115.495 E.95703
G1 X40.275 Y115.495 E.01549
G1 X64.779 Y90.991 E.93513
G1 X64.993 Y91.398 E.01241
;WIDTH:0.374336
G1 X64.922 Y91.379 E.00166
G1 X64.941 Y91.45 E.00166
G1 X64.982 Y91.439 E.00096
;WIDTH:0.407168
G1 X64.88 Y91.502 E.00297
;WIDTH:0.439999
G1 X64.779 Y91.565 E.00321
G1 X40.848 Y115.495 E.91324
G1 X41.422 Y115.495 E.01549
G1 X64.505 Y92.412 E.8809
G1 X64.599 Y92.269 E.00462
;WIDTH:0.407168
G1 X64.693 Y92.125 E.00426
;WIDTH:0.374336
G1 X64.821 Y92.037 E.00351
G1 X64.505 Y92.986 F9000
;WIDTH:0.439999
G1 F3600
G1 X41.996 Y115.495 E.85899
G1 X42.569 Y115.495 E.01546
G1 X64.505 Y93.56 E.83711
G1 X64.505 Y94.133 E.01546
G1 X43.143 Y115.495 E.81522
G1 X43.717 Y115.495 E.01549
G1 X64.505 Y94.707 E.79332
G1 X64.505 Y95.281 E.01549
G1 X44.29 Y115.495 E.77143
G1 X44.864 Y115.495 E.01549
G1 X64.505 Y95.854 E.74955
G1 X64.505 Y96.428 E.01549
G1 X45.438 Y115.495 E.72764
G1 X46.011 Y115.495 E.01546
G1 X64.505 Y97.002 E.70575
G1 X64.505 Y97.575 E.01546
G1 X46.585 Y115.495 E.68387
G1 X47.159 Y115.495 E.01549
G1 X64.505 Y98.149 E.66196
G1 X64.505 Y98.723 E.01549
G1 X47.733 Y115.495 E.64006
G1 X48.306 Y115.495 E.01546
G1 X64.505 Y99.296 E.61819
G1 X64.505 Y99.87 E.01549
G1 X48.88 Y115.495 E.59629
G1 X49.454 Y115.495 E.01549
G1 X64.505 Y100.444 E.57438
G1 X64.505 Y101.018 E.01549
G1 X50.027 Y115.495 E.55249
G1 X49.921 Y115.655 E.00518
G1 X49.885 Y115.619 E.00137
G1 X49.836 Y115.632 E.00137
G1 X49.823 Y115.681 E.00137
G1 X49.858 Y115.717 E.00135
G1 X49.907 Y115.704 E.00137
G1 E-3.5
;WIPE_START
G1 F7200
G1 X49.858 Y115.717 E-.02408
G1 X49.823 Y115.681 E-.02385
G1 X49.836 Y115.632 E-.02408
G1 X49.885 Y115.619 E-.02408
G1 X49.921 Y115.655 E-.02418
G1 X50.027 Y115.495 E-.09117
G1 X51.945 Y113.577 E-1.28856
;WIPE_END
G1 X54.785 Y111.221 F9000
G1 E5 F2400
;WIDTH:0.374336
G1 F3600
G1 X54.941 Y111.001 E.0061
G1 X55.314 Y110.603 E.01234
G1 X55.73 Y110.264 E.01214
;WIDTH:0.407168
G1 X55.874 Y110.172 E.00424
;WIDTH:0.439999
G1 X56.017 Y110.079 E.0046
G1 X64.505 Y101.591 E.32392
G1 X64.505 Y102.165 E.01549
G1 X56.673 Y109.997 E.29889
G1 X57.17 Y110.074 E.01357
G1 X64.505 Y102.739 E.27992
G1 X64.505 Y103.312 E.01546
G1 X57.58 Y110.237 E.26427
G1 X57.925 Y110.466 E.01117
G1 X64.505 Y103.886 E.25111
G1 X64.505 Y104.46 E.01549
G1 X58.214 Y110.751 E.24008
G1 X58.445 Y111.093 E.01114
G1 X64.505 Y105.033 E.23126
G1 X64.505 Y105.607 E.01549
G1 X58.613 Y111.499 E.22485
G1 X58.696 Y111.989 E.01341
G1 X64.505 Y106.181 E.22167
G1 X64.505 Y106.755 E.01549
G1 X58.629 Y112.631 E.22424
G1 X58.444 Y112.917 E.00919
;WIDTH:0.374336
G1 X58.074 Y113.383 E.01346
G1 X57.67 Y113.757 E.01245
G1 E-3.5
;WIPE_START
G1 F7200
G1 X58.074 Y113.383 E-.26151
G1 X58.444 Y112.917 E-.28264
G1 X58.629 Y112.631 E-.16179
G1 X59.811 Y111.449 E-.79406
;WIPE_END
G1 X54.588 Y111.508 F9000
G1 E5 F2400
;WIDTH:0.439999
G1 F3600
G1 X50.601 Y115.495 E.15215
G1 X50.478 Y115.549 E.00362
;WIDTH:0.407168
G1 X50.355 Y115.603 E.00333
;WIDTH:0.374336
G1 X50.284 Y115.584 E.00166
G1 X50.303 Y115.655 E.00166
G1 X50.344 Y115.644 E.00096
G1 X51.175 Y115.495 F9000
;WIDTH:0.439999
G1 F3600
G1 X54.506 Y112.163 E.12714
G1 X54.583 Y112.66 E.01357
G1 X51.748 Y115.495 E.10819
G1 X52.322 Y115.495 E.01549
G1 X54.747 Y113.07 E.09254
G1 X54.975 Y113.416 E.01118
G1 X52.896 Y115.495 E.07934
G1 X52.838 Y115.576 E.00269
;WIDTH:0.407168
G1 X52.781 Y115.657 E.00246
;WIDTH:0.374336
G1 X52.71 Y115.638 E.00166
G1 X52.729 Y115.709 E.00166
G1 X52.77 Y115.698 E.00096
G1 E-3.5
;WIPE_START
G1 F7200
G1 X52.729 Y115.709 E-.02016
G1 X52.71 Y115.638 E-.03491
G1 X52.781 Y115.657 E-.03491
G1 X52.838 Y115.576 E-.04705
G1 X52.896 Y115.495 E-.04732
G1 X54.855 Y113.536 E-1.31565
;WIPE_END
G1 X56.948 Y114.141 F9000
G1 E5 F2400
;WIDTH:0.439999
G1 F3600
G1 X56.637 Y114.187 E.00848
G1 X56.111 Y114.129 E.01428
G1 X55.57 Y113.916 E.01569
G1 X55.271 Y113.693 E.01007
G1 X53.469 Y115.495 E.06877
G1 X55.908 Y115.495 E.06582
G1 X55.908 Y115.352 E.00386
G1 X57.149 Y114.111 E.04736
G1 X56.338 Y115.495 F9000
G1 F3600
G1 X64.505 Y107.328 E.31167
G1 X64.505 Y107.902 E.01549
G1 X56.912 Y115.495 E.28977
G1 X57.485 Y115.495 E.01546
G1 X64.505 Y108.476 E.26788
G1 X64.505 Y109.049 E.01546
G1 X58.059 Y115.495 E.24599
G1 X58.633 Y115.495 E.01549
G1 X64.505 Y109.623 E.22409
G1 X64.505 Y110.197 E.01549
G1 X59.206 Y115.495 E.2022
G1 X59.78 Y115.495 E.01549
G1 X64.505 Y110.77 E.18032
G1 X64.505 Y111.344 E.01549
G1 X60.354 Y115.495 E.15841
G1 X60.928 Y115.495 E.01549
G1 X64.505 Y111.918 E.13651
G1 X64.505 Y112.491 E.01546
G1 X61.501 Y115.495 E.11464
G1 X62.075 Y115.495 E.01549
G1 X64.505 Y113.065 E.09273
G1 X64.505 Y113.639 E.01549
G1 X62.649 Y115.495 E.07083
G1 X62.538 Y115.656 E.00528
;WIDTH:0.407
G1 X62.46 Y115.635 E.002
G1 X62.481 Y115.713 E.002
G1 X62.526 Y115.701 E.00115
G1 E-3.5
;WIPE_START
G1 F7200
G1 X62.481 Y115.713 E-.02212
G1 X62.46 Y115.635 E-.03837
G1 X62.538 Y115.656 E-.03837
G1 X62.649 Y115.495 E-.09289
G1 X64.505 Y113.639 E-1.24677
G1 X64.505 Y113.51 E-.06148
;WIPE_END
G1 X64.361 Y114.356 F9000
G1 E5 F2400
;WIDTH:0.439999
G1 F3600
G1 X63.222 Y115.495 E.04347
G1 X64.499 Y115.495 E.03446
G1 X64.505 Y114.213 E.03459
G1 E-3.5
;WIPE_START
G1 F7200
G1 X64.499 Y115.495 E-.60896
G1 X63.222 Y115.495 E-.60657
G1 X63.646 Y115.072 E-.28447
;WIPE_END
G1 X56.144 Y114.541 F9000
G1 E5 F2400
G1 F3600
G1 X55.621 Y115.089 E.02044
G1 X54.449 Y115.089 E.03163
G1 X55.309 Y114.229 E.03282
G1 X55.416 Y114.291 E.00334
G1 X55.946 Y114.5 E.01537
G1 X57.116 Y113.704 F9000
;TYPE:Internal infill
;WIDTH:0.44
G1 F3600
G1 X54.991 Y111.578 E.08111
G1 E-3.5
;WIPE_START
G1 F7200
G1 X57.116 Y113.704 E-1.42781
;WIPE_END
G1 E-.07219 F3600
G1 X22.213 Y111.578 F9000
G1 E5 F2400
G1 F3600
G1 X20.088 Y113.704 E.08111
G1 E-3.5
;WIPE_START
G1 F7200
G1 X22.213 Y111.578 E-1.42781
;WIPE_END
G1 E-.07219 F3600
; stop printing object Arduino_gehäuse-Unterteil.stl id:0 copy 0
; printing object leuchte_led_halter-Halter.stl id:1 copy 5
G1 X70.422 Y78.547 F9000
G1 E5 F2400
;TYPE:External perimeter
;WIDTH:0.374336
G1 F1800
G1 X75.064 Y78.547 E.10499
G1 X75.172 Y78.569 E.00249
G1 X75.172 Y81.189 E.05926
G1 X75.15 Y81.297 E.00249
G1 X70.422 Y81.297 E.10693
G1 E-3.5 F3600
;WIPE_START
G1 F7200
G1 X73.58 Y81.297 E-1.5
;WIPE_END
; stop printing object leuchte_led_halter-Halter.stl id:1 copy 5
; printing object leuchte_led_halter-Halter.stl id:1 copy 4
G1 X70.747 Y71.777 F9000
G1 E5 F2400
G1 F1800
G1 X75.389 Y71.777 E.10499
G1 X75.497 Y71.799 E.00249
G1 X75.497 Y74.419 E.05926
G1 X75.475 Y74.527 E.00249
G1 X70.747 Y74.527 E.10693
G1 E-3.5 F3600
;WIPE_START
G1 F7200
G1 X73.905 Y74.527 E-1.5
;WIPE_END
; stop printing object leuchte_led_halter-Halter.stl id:1 copy 4
; printing object leuchte_led_halter-Halter.stl id:1 copy 3
G1 X70.031 Y64.206 F9000
G1 E5 F2400
G1 F1800
G1 X74.673 Y64.206 E.10499
G1 X74.781 Y64.229 E.0025
G1 X74.781 Y66.849 E.05926
G1 X74.759 Y66.956 E.00247
G1 X70.031 Y66.956 E.10693
G1 E-3.5 F3600
;WIPE_START
G1 F7200
G1 X73.189 Y66.956 E-1.5
;WIPE_END
; stop printing object leuchte_led_halter-Halter.stl id:1 copy 3
; printing object leuchte_led_halter-Halter.stl id:1 copy 2
G1 X69.425 Y57.291 F9000
G1 E5 F2400
G1 F1800
G1 X74.067 Y57.291 E.10499
G1 X74.175 Y57.313 E.00249
G1 X74.175 Y59.933 E.05926
G1 X74.152 Y60.041 E.0025
G1 X69.425 Y60.041 E.10691
G1 E-3.5 F3600
;WIPE_START
G1 F7200
G1 X72.583 Y60.041 E-1.5
;WIPE_END
; stop printing object leuchte_led_halter-Halter.stl id:1 copy 2
; printing object leuchte_led_halter-Halter.stl id:1 copy 1
G1 X69.471 Y51.765 F9000
G1 E5 F2400
G1 F1800
G1 X74.113 Y51.765 E.10499
G1 X74.221 Y51.787 E.00249
G1 X74.221 Y54.407 E.05926
G1 X74.199 Y54.515 E.00249
G1 X69.471 Y54.515 E.10693
G1 E-3.5 F3600
;WIPE_START
G1 F7200
G1 X72.629 Y54.515 E-1.5
;WIPE_END
; stop printing object leuchte_led_halter-Halter.stl id:1 copy 1
; printing object leuchte_led_halter-Halter.stl id:1 copy 0
G1 X70.217 Y45.628 F9000
G1 E5 F2400
G1 F1800
G1 X74.859 Y45.628 E.10499
G1 X74.967 Y45.65 E.00249
G1 X74.967 Y48.27 E.05926
G1 X74.945 Y48.378 E.00249
G1 X70.217 Y48.378 E.10693
;LAYER_CHANGE
;Z:1.16
;HEIGHT:0.16
;BEFORE_LAYER_CHANGE
G92 E0
;1.16


G1 E-3.5 F3600
;WIPE_START
G1 F7200
G1 X73.375 Y48.378 E-1.5
;WIPE_END
G1 Z1.16 F9000
;AFTER_LAYER_CHANGE
;1.16
; stop printing object leuchte_led_halter-Halter.stl id:1 copy 0
; printing object Arduino_gehäuse-Unterteil.stl id:0 copy 0
G1 X65.091 Y13.104
G1 E5 F2400
;TYPE:Perimeter
;WIDTH:0.439999
G1 F3600
G1 X65.091 Y116.081 E2.77882
G1 X12.114 Y116.081 E1.42957
G1 X12.114 Y13.104 E2.77882
G1 X65.031 Y13.104 E1.42796
G1 X65.497 Y12.698 F9000
G1 F3600
G1 X65.497 Y116.487 E2.80073
G1 X11.708 Y116.487 E1.45149
G1 X11.708 Y12.698 E2.80073
G1 X65.437 Y12.698 E1.44987
G1 X65.892 Y12.303 F9000
;TYPE:External perimeter
;WIDTH:0.419999
G1 F1800
G1 X65.892 Y116.883 E2.68294
G1 X11.312 Y116.883 E1.40022
G1 X11.312 Y12.303 E2.68294
G1 X65.832 Y12.303 E1.39868
G1 E-3.5 F3600
;WIPE_START
G1 F7200
G1 X65.892 Y12.303 E-.0285
G1 X65.892 Y15.401 E-1.4715
;WIPE_END
G1 X57.238 Y58.512 F9000
G1 E5 F2400
M204 S250
;TYPE:Bridge infill
;WIDTH:0.395982
;HEIGHT:0.368782
G1 F1500
G1 X58.715 Y57.035 E.10695
G1 X58.856 Y56.614 E.02273
G1 X58.912 Y56.207 E.02103
G1 X56.716 Y58.403 E.15901
G1 X56.379 Y58.395 E.01726
G1 X56.131 Y58.357 E.01285
G1 X58.867 Y55.622 E.19807
G1 X58.797 Y55.363 E.01374
G1 X58.713 Y55.145 E.01196
G1 X55.655 Y58.202 E.22139
G1 X55.592 Y58.173 E.00355
G1 X55.255 Y57.972 E.02009
G1 X58.482 Y54.745 E.23366
G1 X58.188 Y54.408 E.0229
G1 X54.918 Y57.678 E.23678
G1 X54.643 Y57.322 E.02303
G1 X57.832 Y54.134 E.23087
G1 X57.41 Y53.925 E.02411
G1 X54.435 Y56.9 E.21542
G1 X54.349 Y56.614 E.01529
G1 X54.309 Y56.395 E.0114
G1 X56.904 Y53.8 E.1879
G1 X56.595 Y53.779 E.01586
G1 X56.27 Y53.803 E.01669
G1 X54.314 Y55.76 E.14167
G1 X54.373 Y55.473 E.015
G1 X54.452 Y55.241 E.01255
G1 X54.547 Y55.031 E.0118
G1 X54.72 Y54.748 E.01698
G1 X54.799 Y54.644 E.00669
G1 X55.672 Y53.771 E.06321
M204 S500
G1 E-3.5 F3600
;WIPE_START
G1 F7200
G1 X54.799 Y54.644 E-.58644
G1 X54.72 Y54.748 E-.06204
G1 X54.547 Y55.031 E-.15755
G1 X54.452 Y55.241 E-.10948
G1 X54.373 Y55.473 E-.11641
G1 X54.314 Y55.76 E-.13918
G1 X54.803 Y55.27 E-.3289
;WIPE_END
G1 X22.921 Y57.03 F9000
G1 E5 F2400
M204 S250
;WIDTH:0.389613
G1 F1500
G1 X22.076 Y57.875 E.05923
G1 X21.911 Y58 E.01026
G1 X21.494 Y58.227 E.02353
G1 X21.18 Y58.332 E.01641
G1 X20.95 Y58.379 E.01164
G1 X22.889 Y56.441 E.13589
G1 X22.915 Y56.143 E.01483
G1 X22.898 Y55.81 E.01653
G1 X20.32 Y58.388 E.18071
G1 X20.039 Y58.336 E.01416
G1 X19.818 Y58.269 E.01145
G1 X22.778 Y55.308 E.20753
G1 X22.577 Y54.888 E.02308
G1 X19.397 Y58.067 E.22288
G1 X19.042 Y57.8 E.02202
G1 X22.31 Y54.533 E.22905
G1 X21.984 Y54.237 E.02183
G1 X18.747 Y57.474 E.22691
G1 X18.547 Y57.154 E.0187
G1 X18.514 Y57.086 E.00375
G1 X21.596 Y54.004 E.21604
G1 X21.277 Y53.88 E.01696
G1 X21.136 Y53.842 E.00724
G1 X18.352 Y56.626 E.19515
G1 X18.306 Y56.373 E.01275
G1 X18.29 Y56.066 E.01524
G1 X20.576 Y53.78 E.16024
G1 X20.151 Y53.824 E.02118
G1 X19.818 Y53.916 E.01712
G1 X18.154 Y55.58 E.11664
M204 S500
G1 E-3.5 F3600
;WIPE_START
G1 F7200
G1 X19.818 Y53.916 E-1.11779
G1 X20.151 Y53.824 E-.1641
G1 X20.576 Y53.78 E-.20295
G1 X20.553 Y53.803 E-.01516
;WIPE_END
G1 X12.426 Y112.159 F9000
G1 E5 F2400
;TYPE:Solid infill
;WIDTH:0.439999
;HEIGHT:0.16
G1 F3600
G1 X15.134 Y114.867 E.10334
G1 X14.025 Y114.867 E.02993
G1 X13.889 Y114.919 E.00393
G1 X13.621 Y115.187 E.01023
G1 X13.564 Y115.295 E.0033
G1 X13.664 Y115.393 E.00378
;WIDTH:0.397437
G1 X13.764 Y115.491 E.00338
;WIDTH:0.354875
G1 X20.871 Y115.491 E.15154
;WIDTH:0.402006
G1 X21.001 Y115.461 E.00326
;WIDTH:0.439999
G1 X21.275 Y115.213 E.00997
G1 X21.334 Y115.051 E.00465
;WIDTH:0.470618
G1 X21.233 Y114.943 E.00429
;WIDTH:0.501236
G1 X21.132 Y114.836 E.00457
;WIDTH:0.518263
G1 X21.05 Y114.824 E.00267
G1 X21.306 Y114.733 E.00875
;WIDTH:0.479131
G1 X21.563 Y114.642 E.00807
;WIDTH:0.439999
G1 X22.066 Y114.387 E.01522
G1 X22.859 Y113.618 E.02981
G1 X23.128 Y113.108 E.01556
G1 X25.789 Y115.769 E.10155
G1 X21.505 Y115.769 E.1156
G1 X21.188 Y115.79 E.00857
;WIDTH:0.397437
G1 X20.871 Y115.811 E.00767
;WIDTH:0.354875
G1 X13.764 Y115.811 E.15154
;WIDTH:0.397437
G1 X13.382 Y115.79 E.00924
;WIDTH:0.439999
G1 X12.999 Y115.769 E.01035
G1 X12.426 Y115.769 E.01546
G1 X12.426 Y112.361 E.09196
G1 X12.242 Y111.388 F9000
;WIDTH:0.374336
G1 F3600
G1 X12.223 Y111.459 E.00166
G1 X12.294 Y111.44 E.00166
G1 X12.283 Y111.399 E.00096
;WIDTH:0.407168
G1 X12.354 Y111.492 E.0029
;WIDTH:0.439999
G1 X12.426 Y111.585 E.00317
G1 X15.708 Y114.867 E.12525
G1 X16.282 Y114.867 E.01549
G1 X12.426 Y111.011 E.14715
G1 X12.426 Y110.438 E.01546
G1 X16.855 Y114.867 E.16902
G1 X17.429 Y114.867 E.01549
G1 X12.426 Y109.864 E.19093
G1 X12.426 Y109.29 E.01549
G1 X18.003 Y114.867 E.21283
G1 X18.576 Y114.867 E.01546
G1 X12.426 Y108.716 E.23472
G1 X12.426 Y108.143 E.01546
G1 X19.15 Y114.867 E.2566
G1 X21.03 Y114.826 F9000
;WIDTH:0.522298
G1 F3600
G1 X21.001 Y114.827 E.00094
;WIDTH:0.518978
G1 X20.453 Y114.84 E.01767
;WIDTH:0.543114
G1 X20.21 Y114.815 E.00827
;WIDTH:0.592164
G1 X19.967 Y114.791 E.00906
;WIDTH:0.641214
G1 X19.723 Y114.766 E.0099
G1 X19.645 Y114.711 E.00385
;WIDTH:0.592996
G1 X19.566 Y114.657 E.00356
;WIDTH:0.544777
G1 X19.488 Y114.602 E.00324
;WIDTH:0.496559
G1 X19.409 Y114.547 E.00296
;WIDTH:0.44834
G1 X19.199 Y114.381 E.00737
;WIDTH:0.411338
G1 X18.989 Y114.215 E.00671
;WIDTH:0.374336
G1 X18.396 Y113.599 E.01934
;WIDTH:0.407168
G1 X18.279 Y113.452 E.00466
;WIDTH:0.439999
G1 X18.162 Y113.305 E.00507
G1 X12.426 Y107.569 E.2189
G1 X12.426 Y106.995 E.01549
G1 X17.904 Y112.473 E.20905
G1 X17.979 Y112.596 E.00389
;WIDTH:0.407168
G1 X18.053 Y112.719 E.00356
;WIDTH:0.374336
G1 X18.034 Y112.79 E.00166
G1 X18.106 Y112.771 E.00168
G1 X18.095 Y112.73 E.00096
G1 X17.885 Y111.881 F9000
;WIDTH:0.439999
G1 F3600
G1 X12.426 Y106.422 E.20833
G1 X12.426 Y105.848 E.01549
G1 X17.969 Y111.391 E.21153
G1 X18.12 Y110.968 E.01212
G1 X12.426 Y105.274 E.2173
G1 X12.426 Y104.701 E.01546
G1 X18.323 Y110.598 E.22504
G1 X18.573 Y110.274 E.01104
G1 X12.426 Y104.127 E.23458
G1 X12.426 Y103.553 E.01549
G1 X18.865 Y109.992 E.24573
G1 X19.201 Y109.755 E.0111
G1 X12.426 Y102.98 E.25855
G1 X12.426 Y102.406 E.01549
G1 X19.585 Y109.565 E.2732
G1 X20.023 Y109.43 E.01237
G1 X12.426 Y101.832 E.28994
G1 X12.426 Y101.258 E.01549
G1 X20.536 Y109.368 E.3095
G1 X21.455 Y109.595 F9000
;WIDTH:0.374336
G1 F3600
G1 X21.252 Y109.615 E.00461
;WIDTH:0.407168
G1 X21.21 Y109.521 E.00255
;WIDTH:0.439999
G1 X21.168 Y109.427 E.00278
G1 X12.426 Y100.685 E.33361
G1 X12.426 Y100.111 E.01549
G1 X22.2 Y109.885 E.373
G1 E-3.5
;WIPE_START
G1 F7200
G1 X19.967 Y107.652 E-1.5
;WIPE_END
G1 X23.265 Y112.671 F9000
G1 E5 F2400
G1 F3600
G1 X26.363 Y115.769 E.11823
G1 X26.936 Y115.769 E.01546
G1 X23.327 Y112.159 E.13775
G1 X23.268 Y111.527 E.01713
G1 X27.51 Y115.769 E.16188
G1 X28.36 Y115.847 F9000
;WIDTH:0.374336
G1 F3600
G1 X28.341 Y115.918 E.00166
G1 X28.412 Y115.899 E.00166
G1 X28.401 Y115.858 E.00096
;WIDTH:0.407168
G1 X28.242 Y115.813 E.0041
;WIDTH:0.439999
G1 X28.084 Y115.769 E.00443
G1 X22.812 Y110.497 E.20119
G1 E-3.5
;WIPE_START
G1 F7200
G1 X25.045 Y112.73 E-1.5
;WIPE_END
G1 X28.657 Y115.769 F9000
G1 E5 F2400
G1 F3600
G1 X12.426 Y99.537 E.61943
G1 X12.426 Y98.964 E.01546
G1 X29.231 Y115.769 E.64132
G1 X29.805 Y115.769 E.01549
G1 X12.426 Y98.39 E.66322
G1 X12.426 Y97.816 E.01549
G1 X30.378 Y115.769 E.68511
G1 X30.952 Y115.769 E.01549
G1 X12.426 Y97.243 E.70699
G1 X12.426 Y96.669 E.01549
G1 X31.526 Y115.769 E.7289
G1 X32.1 Y115.769 E.01549
G1 X12.426 Y96.095 E.7508
G1 X12.426 Y95.522 E.01546
G1 X32.673 Y115.769 E.77267
G1 X33.247 Y115.769 E.01549
G1 X12.426 Y94.948 E.79458
G1 X12.426 Y94.374 E.01549
G1 X33.821 Y115.769 E.81648
G1 X34.394 Y115.769 E.01546
G1 X12.426 Y93.8 E.83837
G1 X12.426 Y93.227 E.01546
G1 X34.968 Y115.769 E.86025
G1 X35.542 Y115.769 E.01549
G1 X12.426 Y92.653 E.88216
G1 X12.426 Y92.079 E.01549
G1 X36.115 Y115.769 E.90405
G1 X36.689 Y115.769 E.01549
G1 X12.426 Y91.506 E.92593
G1 X12.426 Y90.932 E.01549
G1 X37.263 Y115.769 E.94784
G1 X37.837 Y115.769 E.01549
G1 X12.426 Y90.358 E.96974
G1 X12.426 Y89.785 E.01546
G1 X38.41 Y115.769 E.99161
G1 X38.984 Y115.769 E.01549
G1 X12.426 Y89.211 E1.01351
G1 X12.426 Y88.637 E.01549
G1 X39.558 Y115.769 E1.03542
G1 X40.131 Y115.769 E.01546
G1 X12.426 Y88.063 E1.05731
G1 X12.426 Y87.49 E.01546
G1 X40.705 Y115.769 E1.07919
G1 X41.279 Y115.769 E.01549
G1 X12.426 Y86.916 E1.1011
G1 X12.426 Y86.342 E.01549
G1 X41.852 Y115.769 E1.12298
G1 X42.426 Y115.769 E.01549
G1 X12.426 Y85.769 E1.14487
G1 X12.426 Y85.195 E.01549
G1 X43 Y115.769 E1.16677
G1 X43.573 Y115.769 E.01546
G1 X12.426 Y84.621 E1.18866
G1 X12.426 Y84.048 E.01546
G1 X44.147 Y115.769 E1.21055
G1 X44.721 Y115.769 E.01549
G1 X12.426 Y83.474 E1.23245
G1 X12.426 Y82.9 E.01549
G1 X45.295 Y115.769 E1.25436
G1 X45.868 Y115.769 E.01546
G1 X12.426 Y82.327 E1.27622
G1 X12.426 Y81.753 E.01549
G1 X46.442 Y115.769 E1.29813
G1 X47.016 Y115.769 E.01549
G1 X12.426 Y81.179 E1.32003
G1 X12.426 Y80.605 E.01549
G1 X47.589 Y115.769 E1.34192
G1 X48.163 Y115.769 E.01549
G1 X12.426 Y80.032 E1.36381
G1 X12.426 Y79.458 E.01549
G1 X48.737 Y115.769 E1.38571
G1 X49.904 Y115.811 F9000
;WIDTH:0.354875
G1 F3600
G1 X56.702 Y115.811 E.14495
;WIDTH:0.397437
G1 X57.019 Y115.79 E.00767
;WIDTH:0.439999
G1 X57.336 Y115.769 E.00857
G1 X61.932 Y115.769 E.12402
G1 X59.16 Y112.998 E.10577
G1 X59.05 Y113.264 E.00777
G1 X57.786 Y114.533 E.04833
G1 X57.376 Y114.705 E.012
;WIDTH:0.471618
G1 X57.133 Y114.77 E.00732
;WIDTH:0.503236
G1 X56.889 Y114.834 E.00787
G1 X56.963 Y114.841 E.00232
;WIDTH:0.491439
G1 X57.064 Y114.952 E.00456
;WIDTH:0.465719
G1 X57.165 Y115.062 E.00429
;WIDTH:0.439999
G1 X57.106 Y115.213 E.00437
G1 X56.832 Y115.461 E.00997
;WIDTH:0.402006
G1 X56.702 Y115.491 E.00326
;WIDTH:0.354875
G1 X49.957 Y115.491 E.14382
G1 X49.79 Y115.663 E.00511
G1 X49.701 Y115.811 E.00368
;WIDTH:0.397437
G1 X49.506 Y115.79 E.00474
;WIDTH:0.439999
G1 X49.31 Y115.769 E.00532
G1 X12.426 Y78.884 E1.4076
G1 X12.426 Y78.311 E.01546
G1 X49.525 Y115.41 E1.41578
G1 X49.812 Y115.123 E.01095
G1 X12.426 Y77.737 E1.42674
G1 X12.426 Y77.163 E.01549
G1 X50.13 Y114.867 E1.43887
G1 X50.703 Y114.867 E.01546
G1 X12.426 Y76.59 E1.46074
G1 X12.426 Y76.016 E.01549
G1 X51.277 Y114.867 E1.48264
G1 X51.851 Y114.867 E.01549
G1 X12.426 Y75.442 E1.50455
G1 X12.426 Y74.869 E.01546
G1 X52.424 Y114.867 E1.52642
G1 X52.998 Y114.867 E.01549
G1 X12.426 Y74.295 E1.54832
G1 X12.426 Y73.721 E.01549
G1 X53.572 Y114.867 E1.57023
G1 X54.145 Y114.867 E.01546
G1 X12.426 Y73.147 E1.59211
G1 X12.426 Y72.574 E.01546
G1 X54.719 Y114.867 E1.614
G1 X55.293 Y114.867 E.01549
G1 X12.426 Y72 E1.6359
G1 X12.426 Y71.426 E.01549
G1 X54.052 Y113.052 E1.58854
G1 X54.123 Y113.007 E.00227
;WIDTH:0.407168
G1 X54.195 Y112.963 E.00209
;WIDTH:0.374336
G1 X54.264 Y113.265 E.00701
G1 X54.255 Y113.339 E.00169
G1 X54.53 Y113.686 E.01001
G1 X54.913 Y114.079 E.01241
G1 X55.312 Y114.412 E.01175
;WIDTH:0.414243
G1 X55.455 Y114.51 E.00438
;WIDTH:0.45415
G1 X55.599 Y114.607 E.00485
;WIDTH:0.494056
G1 X55.742 Y114.704 E.00528
;WIDTH:0.52866
G1 X55.778 Y114.732 E.0015
;WIDTH:0.563264
G1 X55.814 Y114.76 E.0016
;WIDTH:0.597868
G1 X55.85 Y114.788 E.00171
G1 X56.346 Y114.812 E.01861
;WIDTH:0.5492
G1 X56.843 Y114.837 E.01704
;WIDTH:0.504064
G1 X56.884 Y114.835 E.00128
;WIDTH:0.439999
G1 X57.462 Y115.363 E.02113
G1 X57.564 Y115.164 E.00603
G1 X57.569 Y115.068 E.00259
G1 X58.073 Y114.82 E.01516
G1 X59.238 Y113.649 E.04457
G1 X60.952 Y115.363 E.06541
G1 X57.665 Y115.363 E.0887
G1 X58.63 Y114.907 F9000
;WIDTH:0.54095
G1 F3600
G1 X59.239 Y114.295 E.0291
G1 X59.851 Y114.907 E.02917
G1 X58.833 Y114.907 E.03431
G1 E-3.5
;WIPE_START
G1 F7200
G1 X59.851 Y114.907 E-.48355
G1 X59.239 Y114.295 E-.41111
G1 X58.63 Y114.907 E-.41011
;WIPE_END
G1 E-.19523 F3600
G1 X59.289 Y112.552 F9000
G1 E5 F2400
;WIDTH:0.439999
G1 F3600
G1 X62.505 Y115.769 E.12275
G1 X63.079 Y115.769 E.01549
G1 X59.327 Y112.016 E.1432
G1 X59.022 Y111.009 F9000
;WIDTH:0.374336
G1 F3600
G1 X59.003 Y111.08 E.00166
G1 X59.074 Y111.061 E.00166
G1 X59.063 Y111.02 E.00096
;WIDTH:0.407168
G1 X59.142 Y111.178 E.00438
;WIDTH:0.439999
G1 X59.221 Y111.337 E.00479
G1 X63.653 Y115.769 E.16914
G1 X63.811 Y115.813 E.00443
;WIDTH:0.407168
G1 X63.97 Y115.858 E.0041
;WIDTH:0.374336
G1 X63.981 Y115.899 E.00096
G1 X63.91 Y115.918 E.00166
G1 X63.929 Y115.847 E.00166
G1 E-3.5
;WIPE_START
G1 F7200
G1 X63.91 Y115.918 E-.03491
G1 X63.981 Y115.899 E-.03491
G1 X63.97 Y115.858 E-.02016
G1 X63.811 Y115.813 E-.07849
G1 X63.653 Y115.769 E-.07791
G1 X61.787 Y113.903 E-1.25362
;WIPE_END
G1 X53.886 Y112.312 F9000
G1 E5 F2400
;WIDTH:0.439999
G1 F3600
G1 X12.426 Y70.853 E1.58219
G1 X12.426 Y70.279 E.01549
G1 X53.898 Y111.751 E1.58267
G1 X54.001 Y111.28 E.01301
G1 X12.426 Y69.705 E1.5866
G1 X12.426 Y69.132 E.01546
G1 X54.166 Y110.871 E1.59287
G1 X54.401 Y110.533 E.01111
G1 X12.426 Y68.558 E1.60186
G1 X12.426 Y67.984 E.01549
G1 X54.688 Y110.246 E1.61281
G1 X54.975 Y109.96 E.01093
G1 X12.426 Y67.41 E1.62379
G1 X12.426 Y66.837 E.01546
G1 X55.292 Y109.703 E1.63586
G1 X55.688 Y109.525 E.01172
G1 X12.426 Y66.263 E1.65098
G1 X12.426 Y65.689 E.01549
G1 X56.143 Y109.407 E1.66836
G1 X56.679 Y109.369 E.0145
G1 X12.426 Y65.116 E1.6888
G1 X12.426 Y64.542 E.01549
G1 X57.358 Y109.475 E1.71473
G1 X57.496 Y109.548 E.00421
;WIDTH:0.407168
G1 X57.634 Y109.622 E.00388
;WIDTH:0.374336
G1 X57.615 Y109.693 E.00166
G1 X57.686 Y109.674 E.00166
G1 X57.675 Y109.633 E.00096
G1 E-3.5
;WIPE_START
G1 F7200
G1 X57.686 Y109.674 E-.02016
G1 X57.615 Y109.693 E-.03491
G1 X57.634 Y109.622 E-.03491
G1 X57.496 Y109.548 E-.07438
G1 X57.358 Y109.475 E-.07416
G1 X55.48 Y107.597 E-1.26148
;WIPE_END
G1 X64.226 Y115.769 F9000
G1 E5 F2400
;WIDTH:0.439999
G1 F3600
G1 X12.426 Y63.968 E1.97683
G1 X12.426 Y63.395 E.01546
G1 X64.779 Y115.747 E1.99789
G1 X64.779 Y115.174 E.01546
G1 X12.426 Y62.821 E1.99791
G1 X12.426 Y62.247 E.01549
G1 X64.779 Y114.6 E1.99791
G1 X64.779 Y114.026 E.01549
G1 X12.426 Y61.674 E1.99789
G1 X12.426 Y61.1 E.01549
G1 X64.779 Y113.453 E1.99791
G1 X64.779 Y112.879 E.01549
G1 X12.426 Y60.526 E1.99791
G1 X12.426 Y59.952 E.01549
G1 X64.779 Y112.305 E1.99791
G1 X64.779 Y111.731 E.01549
G1 X12.426 Y59.379 E1.99789
G1 X12.426 Y58.805 E.01549
G1 X64.779 Y111.158 E1.99791
G1 X64.779 Y110.584 E.01549
G1 X12.426 Y58.231 E1.99791
G1 X12.426 Y57.658 E.01546
G1 X64.779 Y110.01 E1.99789
G1 X64.886 Y109.109 F9000
;WIDTH:0.374336
G1 F3600
G1 X64.867 Y109.18 E.00166
G1 X64.938 Y109.161 E.00166
G1 X64.927 Y109.12 E.00096
;WIDTH:0.407168
G1 X64.853 Y109.278 E.00433
;WIDTH:0.439999
G1 X64.779 Y109.437 E.00473
G1 X12.426 Y57.084 E1.99791
G1 X12.426 Y56.51 E.01549
G1 X64.779 Y108.863 E1.99791
G1 X64.779 Y108.289 E.01549
G1 X12.426 Y55.937 E1.99789
G1 X12.426 Y55.363 E.01549
G1 X63.877 Y106.814 E1.96349
G1 X63.877 Y106.24 E.01549
G1 X12.426 Y54.789 E1.96349
G1 X12.426 Y54.216 E.01546
G1 X63.877 Y105.666 E1.96347
G1 X63.877 Y105.093 E.01546
G1 X12.426 Y53.642 E1.96349
G1 X12.426 Y53.068 E.01549
G1 X63.877 Y104.519 E1.96349
G1 X63.877 Y103.945 E.01549
G1 X12.426 Y52.494 E1.96349
G1 X12.426 Y51.921 E.01546
G1 X63.877 Y103.372 E1.96349
G1 X63.931 Y103.208 E.00466
;WIDTH:0.407168
G1 X63.985 Y103.044 E.00428
;WIDTH:0.374336
G1 X63.965 Y103.115 E.00167
G1 X64.037 Y103.096 E.00168
G1 X64.026 Y103.055 E.00096
G1 E-3.5
;WIPE_START
G1 F7200
G1 X64.037 Y103.096 E-.02016
G1 X63.965 Y103.115 E-.03537
G1 X63.985 Y103.044 E-.03504
G1 X63.931 Y103.208 E-.08201
G1 X63.877 Y103.372 E-.08201
G1 X62.023 Y101.518 E-1.24541
;WIPE_END
G1 X21.829 Y115.363 F9000
G1 E5 F2400
;WIDTH:0.439999
G1 F3600
G1 X24.81 Y115.363 E.08044
G1 X23.231 Y113.784 E.06026
G1 X23.101 Y113.961 E.00593
G1 X22.346 Y114.68 E.02813
G1 X21.738 Y115.012 E.01869
G1 X21.738 Y115.125 E.00305
G1 X21.626 Y115.363 E.0071
G1 X22.692 Y114.938 F9000
;WIDTH:0.478781
G1 F3600
G1 X23.251 Y114.405 E.02284
G1 X23.783 Y114.938 E.02226
G1 X22.894 Y114.938 E.02628
G1 E-3.5
;WIPE_START
G1 F7200
G1 X23.783 Y114.938 E-.42227
G1 X23.251 Y114.405 E-.35771
G1 X22.692 Y114.938 E-.36688
;WIPE_END
G1 E-.35314 F3600
G1 X12.832 Y113.341 F9000
G1 E5 F2400
;WIDTH:0.439999
G1 F3600
G1 X12.832 Y115.363 E.05456
G1 X13.281 Y115.363 E.01212
G1 X13.165 Y115.225 E.00486
G1 X13.334 Y114.9 E.00988
G1 X13.616 Y114.619 E.01074
G1 X14.025 Y114.461 E.01183
G1 X14.155 Y114.461 E.00351
G1 X12.832 Y113.138 E.05049
G1 X13.284 Y114.207 F9000
;WIDTH:0.567376
G1 F3600
G1 X13.237 Y114.254 E.00236
G1 X13.254 Y114.318 E.00235
G1 X13.318 Y114.335 E.00235
G1 X13.365 Y114.288 E.00236
G1 X13.348 Y114.224 E.00235
G1 E-3.5
;WIPE_START
G1 F7200
G1 X13.365 Y114.288 E-.03145
G1 X13.318 Y114.335 E-.03157
G1 X13.254 Y114.318 E-.03145
G1 X13.237 Y114.254 E-.03145
G1 X13.284 Y114.207 E-.03157
;WIPE_END
G1 E-1.34251 F3600
G1 X19.478 Y58.492 F9000
G1 E5 F2400
;WIDTH:0.374336
G1 F3600
G1 X18.947 Y58.072 E.01531
G1 X18.585 Y57.707 E.01163
G1 X18.202 Y57.217 E.01407
;WIDTH:0.407168
G1 X18.105 Y57.074 E.00429
;WIDTH:0.439999
G1 X18.009 Y56.93 E.00467
G1 X12.426 Y51.347 E.21306
G1 X12.426 Y50.773 E.01549
G1 X17.881 Y56.228 E.20818
G1 X17.908 Y55.682 E.01475
G1 X12.426 Y50.2 E.20921
G1 X12.426 Y49.626 E.01549
G1 X18.02 Y55.22 E.21348
G1 X18.255 Y54.881 E.01113
G1 X12.426 Y49.052 E.22245
G1 X12.426 Y48.479 E.01546
G1 X18.542 Y54.595 E.2334
G1 X18.829 Y54.308 E.01095
G1 X12.426 Y47.905 E.24435
G1 X12.426 Y47.331 E.01549
G1 X19.116 Y54.021 E.25531
G1 X19.403 Y53.734 E.01095
G1 X12.426 Y46.758 E.26624
G1 X12.426 Y46.184 E.01549
G1 X19.747 Y53.505 E.27939
G1 X20.211 Y53.395 E.01287
G1 X12.426 Y45.61 E.29709
G1 X12.426 Y45.036 E.01549
G1 X20.761 Y53.372 E.3181
G1 E-3.5
;WIPE_START
G1 F7200
G1 X18.528 Y51.139 E-1.5
;WIPE_END
G1 X23.027 Y55.269 F9000
G1 E5 F2400
;WIDTH:0.374336
G1 F3600
G1 X22.983 Y54.996 E.00625
G1 X22.991 Y54.935 E.00139
G1 X22.357 Y54.195 E.02204
G1 X21.968 Y53.856 E.01167
G1 X21.761 Y53.709 E.00574
;WIDTH:0.407168
G1 X21.617 Y53.61 E.00433
;WIDTH:0.439999
G1 X21.474 Y53.511 E.00469
G1 X12.426 Y44.463 E.34529
G1 E-3.5
;WIPE_START
G1 F7200
G1 X14.659 Y46.696 E-1.5
;WIPE_END
G1 X19.765 Y58.686 F9000
G1 E5 F2400
G1 F3600
G1 X63.877 Y102.798 E1.68341
G1 X63.877 Y102.224 E.01549
G1 X20.467 Y58.815 E1.65661
G1 X21.013 Y58.787 E.01475
G1 X63.877 Y101.65 E1.63577
G1 X64.08 Y101.202 E.01327
;WIDTH:0.374336
G1 X64.091 Y101.243 E.00096
G1 X64.02 Y101.262 E.00166
G1 X64.039 Y101.191 E.00166
;WIDTH:0.407168
G1 X63.958 Y101.134 E.00246
;WIDTH:0.439999
G1 X63.877 Y101.077 E.00267
G1 X21.474 Y58.674 E1.6182
G1 X21.876 Y58.502 E.0118
G1 X64.154 Y100.781 E1.61344
G1 X64.327 Y100.864 E.00518
;WIDTH:0.397438
G1 X64.501 Y100.948 E.00467
;WIDTH:0.354876
G1 X64.821 Y100.667 E.00908
G1 X64.821 Y107.818 E.15248
G1 X64.501 Y107.515 E.0094
G1 X64.501 Y101.15 E.13572
;WIDTH:0.439999
G1 X64.441 Y100.494 E.01778
G1 X22.227 Y58.28 E1.61098
G1 X22.535 Y58.014 E.01098
G1 X64.779 Y100.258 E1.61213
G1 X64.779 Y99.684 E.01549
G1 X22.799 Y57.705 E1.60203
G1 X23.02 Y57.351 E.01126
G1 X64.779 Y99.11 E1.59362
G1 X64.779 Y98.536 E.01549
G1 X23.19 Y56.948 E1.58711
G1 X23.299 Y56.483 E.01289
G1 X64.779 Y97.963 E1.58297
G1 X64.779 Y97.389 E.01549
G1 X23.323 Y55.933 E1.58206
G1 X23.185 Y55.222 E.01954
G1 X64.779 Y96.815 E1.5873
G1 X64.833 Y96.651 E.00466
;WIDTH:0.407168
G1 X64.886 Y96.487 E.00427
;WIDTH:0.374336
G1 X64.867 Y96.559 E.00168
G1 X64.938 Y96.54 E.00166
G1 X64.927 Y96.498 E.00098
;WIDTH:0.439999
G1 X64.779 Y96.242 E.00798
G1 X12.426 Y43.889 E1.99791
G1 X12.426 Y43.315 E.01549
G1 X64.779 Y95.668 E1.99791
G1 X64.779 Y95.094 E.01549
G1 X12.426 Y42.742 E1.99789
G1 X12.426 Y42.168 E.01549
G1 X64.779 Y94.521 E1.99791
G1 X64.779 Y93.947 E.01549
G1 X12.426 Y41.594 E1.99791
G1 X12.426 Y41.021 E.01546
G1 X64.779 Y93.373 E1.99789
G1 X64.779 Y92.8 E.01546
G1 X12.426 Y40.447 E1.99791
G1 X12.426 Y39.873 E.01549
G1 X64.779 Y92.226 E1.99791
G1 X64.779 Y91.652 E.01549
G1 X12.426 Y39.299 E1.99791
G1 X12.426 Y38.726 E.01546
G1 X64.779 Y91.078 E1.99789
G1 X64.779 Y90.505 E.01546
G1 X12.426 Y38.152 E1.99791
G1 X12.426 Y37.578 E.01549
G1 X64.779 Y89.931 E1.99791
G1 X64.779 Y89.357 E.01549
G1 X12.426 Y37.005 E1.99789
G1 X12.426 Y36.431 E.01549
G1 X64.779 Y88.784 E1.99791
G1 X64.779 Y88.21 E.01549
G1 X12.426 Y35.857 E1.99791
G1 X12.426 Y35.284 E.01546
G1 X64.779 Y87.636 E1.99789
G1 X64.779 Y87.063 E.01546
G1 X12.426 Y34.71 E1.99791
G1 X12.426 Y34.136 E.01549
G1 X64.779 Y86.489 E1.99791
G1 X64.779 Y85.915 E.01549
G1 X12.426 Y33.563 E1.99789
G1 X12.426 Y32.989 E.01549
G1 X64.779 Y85.341 E1.99789
G1 X64.779 Y84.768 E.01546
G1 X12.426 Y32.415 E1.99791
G1 X12.426 Y31.841 E.01549
G1 X64.779 Y84.194 E1.99791
G1 X64.779 Y83.62 E.01549
G1 X12.426 Y31.268 E1.99789
G1 X12.426 Y30.694 E.01549
G1 X64.779 Y83.047 E1.99791
G1 X64.779 Y82.473 E.01549
G1 X12.426 Y30.12 E1.99791
G1 X12.426 Y29.547 E.01546
G1 X64.779 Y81.899 E1.99789
G1 X64.779 Y81.326 E.01546
G1 X12.426 Y28.973 E1.99791
G1 X12.426 Y28.399 E.01549
G1 X64.779 Y80.752 E1.99791
G1 X64.779 Y80.178 E.01549
G1 X12.426 Y27.826 E1.99789
G1 X12.426 Y27.252 E.01549
G1 X64.779 Y79.605 E1.99791
G1 X64.779 Y79.031 E.01549
G1 X12.426 Y26.678 E1.99791
G1 X12.426 Y26.105 E.01546
G1 X64.779 Y78.457 E1.99789
G1 X64.779 Y77.883 E.01549
G1 X12.426 Y25.531 E1.99789
G1 X12.426 Y24.957 E.01549
G1 X64.779 Y77.31 E1.99791
G1 X64.779 Y76.736 E.01549
G1 X12.426 Y24.383 E1.99791
G1 X12.426 Y23.81 E.01546
G1 X64.779 Y76.162 E1.99789
G1 X64.779 Y75.589 E.01546
G1 X12.426 Y23.236 E1.99791
G1 X12.426 Y22.662 E.01549
G1 X64.779 Y75.015 E1.99791
G1 X64.779 Y74.441 E.01549
G1 X12.426 Y22.089 E1.99789
G1 X12.426 Y21.515 E.01549
G1 X64.779 Y73.868 E1.99791
G1 X64.833 Y73.704 E.00466
;WIDTH:0.407168
G1 X64.886 Y73.54 E.00427
;WIDTH:0.374336
G1 X64.867 Y73.611 E.00166
G1 X64.938 Y73.592 E.00166
G1 X64.927 Y73.551 E.00096
G1 X63.877 Y72.392 F9000
;WIDTH:0.439999
G1 F3600
G1 X12.426 Y20.941 E1.96349
G1 X12.426 Y20.368 E.01546
G1 X63.877 Y71.818 E1.96347
G1 X63.877 Y71.245 E.01546
G1 X12.426 Y19.794 E1.96349
G1 X12.426 Y19.22 E.01549
G1 X63.877 Y70.671 E1.96349
G1 X63.877 Y70.097 E.01549
G1 X12.426 Y18.646 E1.96349
G1 X12.426 Y18.073 E.01546
G1 X63.877 Y69.524 E1.96349
G1 X63.877 Y68.95 E.01549
G1 X12.426 Y17.499 E1.96349
G1 X12.426 Y16.925 E.01549
G1 X63.877 Y68.376 E1.96349
G1 X63.877 Y67.802 E.01549
G1 X12.426 Y16.352 E1.96347
G1 X12.426 Y15.778 E.01549
G1 X63.877 Y67.229 E1.96349
G1 X63.931 Y67.065 E.00466
;WIDTH:0.407168
G1 X63.985 Y66.901 E.00428
;WIDTH:0.374336
G1 X63.965 Y66.972 E.00167
G1 X64.037 Y66.953 E.00168
G1 X64.026 Y66.912 E.00096
;WIDTH:0.439999
G1 X63.877 Y66.655 E.00802
G1 X55.963 Y58.742 E.302
G1 X55.835 Y58.637 E.00447
;WIDTH:0.407168
G1 X55.706 Y58.532 E.00413
;WIDTH:0.374336
G1 X55.717 Y58.573 E.00096
G1 X55.646 Y58.592 E.00166
G1 X55.665 Y58.521 E.00166
G1 X56.613 Y58.818 F9000
;WIDTH:0.439999
G1 F3600
G1 X63.877 Y66.081 E.27719
G1 X63.877 Y65.508 E.01546
G1 X57.135 Y58.766 E.25729
G1 X57.579 Y58.636 E.01248
G1 X63.877 Y64.934 E.24035
G1 E-3.5
;WIPE_START
G1 F7200
G1 X61.644 Y62.701 E-1.5
;WIPE_END
G1 X63.987 Y72.502 F9000
G1 E5 F2400
G1 F3600
G1 X64.779 Y73.294 E.03022
G1 X64.982 Y72.846 E.01327
;WIDTH:0.374336
G1 X64.993 Y72.887 E.00096
G1 X64.922 Y72.906 E.00166
G1 X64.941 Y72.835 E.00166
;WIDTH:0.407168
G1 X64.86 Y72.778 E.00246
;WIDTH:0.439999
G1 X64.779 Y72.72 E.00269
G1 X64.273 Y72.215 E.01929
G1 E-3.5
;WIPE_START
G1 F7200
G1 X64.779 Y72.72 E-.33957
G1 X64.86 Y72.778 E-.04732
G1 X64.941 Y72.835 E-.04705
G1 X64.922 Y72.906 E-.03491
G1 X64.993 Y72.887 E-.03491
G1 X64.982 Y72.846 E-.02016
G1 X64.779 Y73.294 E-.23363
G1 X63.987 Y72.502 E-.53203
;WIPE_END
G1 E-.21042 F3600
G1 X64.501 Y65.023 F9000
G1 E5 F2400
;WIDTH:0.354876
G1 F3600
G1 X64.501 Y71.862 E.14582
G1 X64.481 Y71.909 E.00109
G1 X64.821 Y72.249 E.01025
G1 X64.821 Y64.532 E.16455
G1 X64.501 Y64.821 E.00919
;WIDTH:0.397438
G1 X64.331 Y64.733 E.00462
;WIDTH:0.439999
G1 X64.162 Y64.646 E.00513
G1 X57.934 Y58.418 E.23767
G1 X58.221 Y58.131 E.01095
G1 X64.449 Y64.359 E.23767
G1 X64.779 Y64.115 E.01107
G1 X58.508 Y57.844 E.23932
G1 X58.795 Y57.557 E.01095
G1 X64.779 Y63.541 E.22836
G1 X64.779 Y62.967 E.01549
G1 X59.067 Y57.255 E.21798
G1 X59.224 Y56.839 E.012
G1 X64.779 Y62.394 E.21199
G1 X64.779 Y61.82 E.01549
G1 X59.314 Y56.356 E.20854
G1 X59.146 Y55.452 F9000
;WIDTH:0.374336
G1 F3600
G1 X59.127 Y55.523 E.00166
G1 X59.198 Y55.504 E.00166
G1 X59.187 Y55.463 E.00096
;WIDTH:0.407168
G1 X59.248 Y55.62 E.00418
;WIDTH:0.439999
G1 X59.309 Y55.777 E.00455
G1 X64.779 Y61.246 E.20873
G1 E-3.5
;WIPE_START
G1 F7200
G1 X62.546 Y59.013 E-1.5
;WIPE_END
G1 X54.163 Y56.988 F9000
G1 E5 F2400
;WIDTH:0.374336
G1 F3600
G1 X54.174 Y57.029 E.00096
G1 X54.103 Y57.048 E.00166
G1 X54.122 Y56.977 E.00166
;WIDTH:0.407168
G1 X54.038 Y56.854 E.00369
;WIDTH:0.439999
G1 X53.953 Y56.731 E.00403
G1 X12.426 Y15.204 E1.58477
G1 X12.426 Y14.631 E.01546
G1 X53.877 Y56.082 E1.58187
G1 X53.93 Y55.561 E.01413
G1 X12.426 Y14.057 E1.58389
G1 X12.426 Y13.483 E.01549
G1 X54.058 Y55.115 E1.58877
G1 X54.243 Y54.727 E.0116
G1 X12.933 Y13.416 E1.5765
G1 X13.506 Y13.416 E.01546
G1 X54.477 Y54.387 E1.56355
G1 X54.754 Y54.09 E.01096
G1 X14.08 Y13.416 E1.55221
G1 X14.654 Y13.416 E.01549
G1 X55.074 Y53.836 E1.54252
G1 X55.439 Y53.628 E.01134
G1 X15.227 Y13.416 E1.53458
G1 X15.801 Y13.416 E.01549
G1 X55.856 Y53.472 E1.52861
G1 X56.338 Y53.38 E.01324
G1 X16.375 Y13.416 E1.5251
G1 X16.948 Y13.416 E.01546
G1 X56.918 Y53.386 E1.52535
G1 X57.054 Y53.444 E.00399
;WIDTH:0.407168
G1 X57.191 Y53.502 E.00369
;WIDTH:0.374336
G1 X57.172 Y53.573 E.00166
G1 X57.243 Y53.554 E.00166
G1 X57.232 Y53.513 E.00096
G1 E-3.5
;WIPE_START
G1 F7200
G1 X57.243 Y53.554 E-.02016
G1 X57.172 Y53.573 E-.03491
G1 X57.191 Y53.502 E-.03491
G1 X57.054 Y53.444 E-.07067
G1 X56.918 Y53.386 E-.07023
G1 X55.029 Y51.497 E-1.26912
;WIPE_END
G1 X58.875 Y54.701 F9000
G1 E5 F2400
G1 F3600
G1 X58.299 Y54.072 E.01929
G1 X57.995 Y53.819 E.00895
;WIDTH:0.407168
G1 X57.851 Y53.71 E.00448
;WIDTH:0.439999
G1 X57.708 Y53.602 E.00484
G1 X17.522 Y13.416 E1.53359
G1 E-3.5
;WIPE_START
G1 F7200
G1 X19.755 Y15.649 E-1.5
;WIPE_END
G1 X59.094 Y54.988 F9000
G1 E5 F2400
G1 F3600
G1 X64.779 Y60.673 E.21695
G1 X64.853 Y60.514 E.00473
;WIDTH:0.407168
G1 X64.927 Y60.356 E.00433
;WIDTH:0.374336
G1 X64.938 Y60.397 E.00096
G1 X64.867 Y60.416 E.00166
G1 X64.886 Y60.345 E.00166
;WIDTH:0.439999
G1 X64.779 Y60.099 E.00724
G1 X18.096 Y13.416 E1.78153
G1 X18.67 Y13.416 E.01549
G1 X64.779 Y59.525 E1.75963
G1 X64.779 Y58.952 E.01546
G1 X19.243 Y13.416 E1.73776
G1 X19.817 Y13.416 E.01549
G1 X64.779 Y58.378 E1.71585
G1 X64.779 Y57.804 E.01549
G1 X20.391 Y13.416 E1.69395
G1 X20.964 Y13.416 E.01546
G1 X64.779 Y57.23 E1.67206
G1 X64.779 Y56.657 E.01546
G1 X21.538 Y13.416 E1.65018
G1 X22.112 Y13.416 E.01549
G1 X64.779 Y56.083 E1.62827
G1 X64.779 Y55.509 E.01549
G1 X22.685 Y13.416 E1.60638
G1 X23.259 Y13.416 E.01549
G1 X64.779 Y54.936 E1.5845
G1 X64.779 Y54.362 E.01549
G1 X23.833 Y13.416 E1.56259
G1 X24.406 Y13.416 E.01546
G1 X64.779 Y53.788 E1.54071
G1 X64.86 Y53.846 E.00269
;WIDTH:0.407168
G1 X64.941 Y53.903 E.00246
;WIDTH:0.374336
G1 X64.922 Y53.974 E.00166
G1 X64.993 Y53.955 E.00166
G1 X64.982 Y53.914 E.00096
G1 X63.877 Y52.313 F9000
;WIDTH:0.439999
G1 F3600
G1 X24.98 Y13.416 E1.4844
G1 X25.554 Y13.416 E.01549
G1 X63.877 Y51.739 E1.46249
G1 X63.877 Y51.165 E.01549
G1 X26.128 Y13.416 E1.44059
G1 X26.701 Y13.416 E.01546
G1 X63.877 Y50.592 E1.41872
G1 X63.877 Y50.018 E.01549
G1 X27.275 Y13.416 E1.39682
G1 X27.849 Y13.416 E.01549
G1 X63.877 Y49.444 E1.37491
G1 X63.877 Y48.871 E.01546
G1 X28.422 Y13.416 E1.35304
G1 X28.996 Y13.416 E.01549
G1 X63.877 Y48.297 E1.33114
G1 X63.877 Y47.723 E.01549
G1 X29.57 Y13.416 E1.30923
G1 X30.143 Y13.416 E.01546
G1 X63.877 Y47.15 E1.28737
G1 X63.877 Y46.576 E.01549
G1 X30.717 Y13.416 E1.26546
G1 X31.291 Y13.416 E.01549
G1 X63.877 Y46.002 E1.24356
G1 X63.877 Y45.428 E.01549
G1 X31.864 Y13.416 E1.22167
G1 X32.438 Y13.416 E.01549
G1 X63.877 Y44.855 E1.19978
G1 E-3.5
;WIPE_START
G1 F7200
G1 X61.644 Y42.622 E-1.5
;WIPE_END
G1 X63.958 Y52.394 F9000
G1 E5 F2400
G1 F3600
G1 X64.779 Y53.215 E.03133
G1 X64.833 Y53.338 E.00362
;WIDTH:0.407168
G1 X64.886 Y53.46 E.0033
;WIDTH:0.374336
G1 X64.867 Y53.532 E.00168
G1 X64.938 Y53.512 E.00167
G1 X64.927 Y53.471 E.00096
;WIDTH:0.439999
G1 X64.982 Y52.767 E.01906
;WIDTH:0.374336
G1 X64.993 Y52.808 E.00096
G1 X64.922 Y52.827 E.00166
G1 X64.941 Y52.756 E.00166
;WIDTH:0.407168
G1 X64.86 Y52.698 E.00247
;WIDTH:0.439999
G1 X64.779 Y52.641 E.00267
G1 X64.245 Y52.107 E.02038
G1 E-3.5
;WIPE_START
G1 F7200
G1 X64.779 Y52.641 E-.35872
G1 X64.86 Y52.698 E-.04705
G1 X64.941 Y52.756 E-.04732
G1 X64.922 Y52.827 E-.03491
G1 X64.993 Y52.808 E-.03491
G1 X64.982 Y52.767 E-.02016
G1 X64.927 Y53.471 E-.33542
G1 X64.938 Y53.512 E-.02016
G1 X64.867 Y53.532 E-.03504
G1 X64.886 Y53.46 E-.03537
G1 X64.833 Y53.338 E-.06318
G1 X64.779 Y53.215 E-.06381
G1 X64.178 Y52.614 E-.40395
;WIPE_END
G1 X64.501 Y44.887 F9000
G1 E5 F2400
;WIDTH:0.354876
G1 F3600
G1 X64.501 Y51.725 E.1458
;WIDTH:0.35706
G1 X64.467 Y51.814 E.00205
G1 X64.821 Y52.168 E.01075
;WIDTH:0.354876
G1 X64.821 Y44.427 E.16506
G1 X64.501 Y44.684 E.00875
;WIDTH:0.397438
G1 X64.317 Y44.611 E.00478
;WIDTH:0.439999
G1 X64.134 Y44.538 E.00532
G1 X33.012 Y13.416 E1.18769
G1 X33.586 Y13.416 E.01549
G1 X64.42 Y44.251 E1.17672
G1 X64.779 Y44.036 E.01129
G1 X34.159 Y13.416 E1.16853
G1 X34.733 Y13.416 E.01549
G1 X64.779 Y43.462 E1.14662
G1 X64.779 Y42.888 E.01549
G1 X35.307 Y13.416 E1.12472
G1 X35.88 Y13.416 E.01546
G1 X64.779 Y42.314 E1.10283
G1 X64.779 Y41.741 E.01546
G1 X36.454 Y13.416 E1.08095
G1 X37.028 Y13.416 E.01549
G1 X64.779 Y41.167 E1.05904
G1 X64.779 Y40.593 E.01549
G1 X37.601 Y13.416 E1.03716
G1 X38.175 Y13.416 E.01549
G1 X64.779 Y40.02 E1.01527
G1 X64.779 Y39.446 E.01549
G1 X38.749 Y13.416 E.99336
G1 X39.323 Y13.416 E.01549
G1 X64.779 Y38.872 E.97146
G1 X64.779 Y38.299 E.01546
G1 X39.896 Y13.416 E.94959
G1 X40.47 Y13.416 E.01549
G1 X64.779 Y37.725 E.92769
G1 X64.779 Y37.151 E.01549
G1 X41.044 Y13.416 E.90578
G1 X41.617 Y13.416 E.01546
G1 X64.779 Y36.577 E.8839
G1 X64.779 Y36.004 E.01546
G1 X42.191 Y13.416 E.86201
G1 X42.765 Y13.416 E.01549
G1 X64.779 Y35.43 E.8401
G1 X64.779 Y34.856 E.01549
G1 X43.338 Y13.416 E.81822
G1 X43.912 Y13.416 E.01549
G1 X64.779 Y34.283 E.79633
G1 X64.779 Y33.709 E.01549
G1 X44.486 Y13.416 E.77443
G1 X45.059 Y13.416 E.01546
G1 X64.779 Y33.135 E.75254
G1 X64.779 Y32.562 E.01546
G1 X45.633 Y13.416 E.73066
G1 X46.207 Y13.416 E.01549
G1 X64.779 Y31.988 E.70875
G1 X64.779 Y31.414 E.01549
G1 X46.781 Y13.416 E.68684
G1 X47.354 Y13.416 E.01546
G1 X64.779 Y30.841 E.66498
G1 X64.779 Y30.267 E.01549
G1 X47.928 Y13.416 E.64307
G1 X48.502 Y13.416 E.01549
G1 X64.779 Y29.693 E.62117
G1 X64.779 Y29.119 E.01549
G1 X49.075 Y13.416 E.59928
G1 X49.649 Y13.416 E.01549
G1 X64.779 Y28.546 E.5774
G1 X64.779 Y27.972 E.01549
G1 X50.223 Y13.416 E.55549
G1 X50.796 Y13.416 E.01546
G1 X64.779 Y27.398 E.5336
G1 X64.779 Y26.825 E.01546
G1 X51.37 Y13.416 E.51172
G1 X51.944 Y13.416 E.01549
G1 X64.779 Y26.251 E.48981
G1 X64.779 Y25.677 E.01549
G1 X52.517 Y13.416 E.46793
G1 X53.091 Y13.416 E.01549
G1 X64.779 Y25.104 E.44604
G1 X64.779 Y24.53 E.01549
G1 X53.665 Y13.416 E.42414
G1 X54.239 Y13.416 E.01549
G1 X64.779 Y23.956 E.40223
G1 X64.779 Y23.383 E.01546
G1 X54.812 Y13.416 E.38036
G1 X55.386 Y13.416 E.01549
G1 X64.779 Y22.809 E.35846
G1 X64.779 Y22.235 E.01549
G1 X55.96 Y13.416 E.33655
G1 X56.533 Y13.416 E.01546
G1 X64.779 Y21.661 E.31467
G1 X64.779 Y21.088 E.01546
G1 X57.107 Y13.416 E.29278
G1 X57.681 Y13.416 E.01549
G1 X64.779 Y20.514 E.27088
G1 E-3.5
;WIPE_START
G1 F7200
G1 X62.546 Y18.281 E-1.5
;WIPE_END
G1 X58.987 Y14.149 F9000
G1 E5 F2400
G1 F3600
G1 X58.254 Y13.416 E.02797
G1 X59.432 Y14.158 F9000
;WIDTH:0.374336
G1 F3600
G1 X59.413 Y14.229 E.00166
G1 X59.484 Y14.21 E.00166
G1 X59.473 Y14.169 E.00096
;WIDTH:0.407168
G1 X59.315 Y14.244 E.00434
;WIDTH:0.439999
G1 X59.156 Y14.318 E.00473
G1 X64.779 Y19.94 E.21457
G1 X64.833 Y19.776 E.00466
;WIDTH:0.407168
G1 X64.886 Y19.612 E.00427
;WIDTH:0.374336
G1 X64.867 Y19.684 E.00168
G1 X64.938 Y19.665 E.00166
G1 X64.927 Y19.623 E.00098
;WIDTH:0.439999
G1 X64.779 Y19.367 E.00798
G1 X59.73 Y14.318 E.19268
G1 X60.304 Y14.318 E.01549
G1 X64.779 Y18.793 E.17078
G1 X64.886 Y17.891 F9000
;WIDTH:0.374336
G1 F3600
G1 X64.867 Y17.962 E.00166
G1 X64.938 Y17.943 E.00166
G1 X64.927 Y17.902 E.00096
;WIDTH:0.407168
G1 X64.853 Y18.061 E.00435
;WIDTH:0.439999
G1 X64.779 Y18.219 E.00471
G1 X60.877 Y14.318 E.14889
G1 X61.451 Y14.318 E.01549
G1 X64.779 Y17.646 E.127
G1 E-3.5
;WIPE_START
G1 F7200
G1 X62.546 Y15.413 E-1.5
;WIPE_END
G1 X59.306 Y13.374 F9000
G1 E5 F2400
;WIDTH:0.354875
G1 F3600
G1 X64.033 Y13.374 E.10079
;WIDTH:0.401351
G1 X64.272 Y13.397 E.00586
;WIDTH:0.447827
G1 X64.512 Y13.42 E.00663
;WIDTH:0.494303
G1 X64.751 Y13.443 E.00735
G1 X64.775 Y13.668 E.00692
;WIDTH:0.447827
G1 X64.798 Y13.893 E.00622
;WIDTH:0.401351
G1 X64.821 Y14.117 E.0055
;WIDTH:0.354875
G1 X64.821 Y16.601 E.05296
;WIDTH:0.355285
G1 X64.476 Y16.255 E.01043
G1 X64.501 Y16.19 E.00149
;WIDTH:0.354875
G1 X64.501 Y14.094 E.04469
;WIDTH:0.392036
G1 X64.482 Y14.028 E.00163
;WIDTH:0.429197
G1 X64.463 Y13.963 E.00178
;WIDTH:0.46175
G1 X64.421 Y13.908 E.00197
;WIDTH:0.494303
G1 X64.378 Y13.853 E.00214
G1 X64.293 Y13.807 E.00296
;WIDTH:0.460913
G1 X64.208 Y13.76 E.00276
;WIDTH:0.427523
G1 X64.123 Y13.714 E.00253
;WIDTH:0.394132
G1 X64.011 Y13.694 E.00272
;WIDTH:0.354875
G1 X59.634 Y13.694 E.09333
G1 X59.451 Y13.515 E.00546
;WIDTH:0.397437
G1 X59.363 Y13.689 E.00471
;WIDTH:0.439999
G1 X59.274 Y13.862 E.00525
G1 X58.828 Y13.416 E.01702
G1 E-3.5
;WIPE_START
G1 F7200
G1 X59.274 Y13.862 E-.2996
G1 X59.363 Y13.689 E-.09241
G1 X59.451 Y13.515 E-.09262
G1 X59.634 Y13.694 E-.12159
G1 X61.516 Y13.694 E-.89378
;WIPE_END
G1 X61.858 Y14.104 F9000
G1 E5 F2400
;WIDTH:0.374336
G1 F3600
G1 X61.839 Y14.175 E.00166
G1 X61.91 Y14.156 E.00166
G1 X61.899 Y14.115 E.00096
;WIDTH:0.407168
G1 X61.962 Y14.216 E.00295
;WIDTH:0.439999
G1 X62.025 Y14.318 E.00324
G1 X64.779 Y17.072 E.1051
G1 E-3.5
;WIPE_START
G1 F7200
G1 X62.546 Y14.839 E-1.5
;WIPE_END
G1 X62.742 Y14.461 F9000
G1 E5 F2400
G1 F3600
G1 X63.877 Y15.596 E.04331
G1 X63.877 Y14.318 E.03449
G1 X62.598 Y14.318 E.03451
G1 E-3.5
;WIPE_START
G1 F7200
G1 X63.877 Y14.318 E-.60753
G1 X63.877 Y15.596 E-.60705
G1 X63.452 Y15.171 E-.28542
;WIPE_END
G1 X57.202 Y114.521 F9000
G1 E5 F2400
M204 S250
;TYPE:Bridge infill
;WIDTH:0.38782
;HEIGHT:0.368782
G1 F1500
G1 X58.734 Y112.988 E.10644
G1 X58.859 Y112.6 E.02002
G1 X58.913 Y112.191 E.02026
G1 X56.7 Y114.403 E.15367
G1 X56.379 Y114.395 E.01577
G1 X56.128 Y114.356 E.01247
G1 X58.866 Y111.618 E.19017
G1 X58.827 Y111.459 E.00804
G1 X58.715 Y111.15 E.01614
G1 X55.66 Y114.205 E.21218
G1 X55.49 Y114.121 E.00931
G1 X55.266 Y113.98 E.013
G1 X58.49 Y110.756 E.22392
G1 X58.203 Y110.424 E.02155
G1 X54.933 Y113.694 E.22712
G1 X54.66 Y113.348 E.02165
G1 X57.858 Y110.15 E.22211
G1 X57.448 Y109.94 E.02262
G1 X54.449 Y112.939 E.20829
G1 X54.374 Y112.712 E.01174
G1 X54.318 Y112.452 E.01306
G1 X56.962 Y109.808 E.18364
G1 X56.71 Y109.782 E.01244
G1 X56.358 Y109.792 E.01729
G1 X54.303 Y111.848 E.14276
G1 X54.345 Y111.585 E.01308
G1 X54.407 Y111.363 E.01132
G1 X54.604 Y110.927 E.0235
G1 X55.811 Y109.72 E.08383
M204 S500
G1 E-3.5 F3600
;WIPE_START
G1 F7200
G1 X54.604 Y110.927 E-.8108
G1 X54.407 Y111.363 E-.22726
G1 X54.345 Y111.585 E-.10949
G1 X54.303 Y111.848 E-.12651
G1 X54.639 Y111.512 E-.22594
;WIPE_END
G1 X22.964 Y112.916 F9000
G1 E5 F2400
M204 S250
;WIDTH:0.404747
G1 F1500
G1 X21.822 Y114.058 E.08639
G1 X21.613 Y114.173 E.01276
G1 X21.386 Y114.269 E.01318
G1 X21.166 Y114.336 E.0123
G1 X20.844 Y114.393 E.01749
G1 X22.902 Y112.335 E.15569
G1 X22.915 Y112.027 E.01649
G1 X22.883 Y111.71 E.01704
G1 X20.22 Y114.374 E.20149
G1 X19.804 Y114.264 E.02302
G1 X19.72 Y114.231 E.00483
G1 X22.74 Y111.21 E.2285
G1 X22.664 Y111.044 E.00977
G1 X22.515 Y110.792 E.01566
G1 X19.302 Y114.006 E.2431
G1 X18.951 Y113.713 E.02446
G1 X22.222 Y110.442 E.24745
G1 X21.866 Y110.155 E.02446
G1 X18.665 Y113.356 E.24215
G1 X18.447 Y112.932 E.0255
G1 X21.441 Y109.937 E.22653
G1 X21.18 Y109.853 E.01467
G1 X20.932 Y109.803 E.01353
G1 X18.313 Y112.422 E.19813
G1 X18.29 Y112.143 E.01497
G1 X18.31 Y111.782 E.01934
G1 X20.291 Y109.801 E.14986
G1 X20.039 Y109.849 E.01372
G1 X19.804 Y109.921 E.01315
G1 X19.502 Y110.057 E.01772
G1 X19.305 Y110.177 E.01234
G1 X19.181 Y110.268 E.00823
G1 X18.276 Y111.173 E.06846
M204 S500
G1 E-3.5 F3600
;WIPE_START
G1 F7200
G1 X19.181 Y110.268 E-.60794
G1 X19.305 Y110.177 E-.07306
G1 X19.502 Y110.057 E-.10957
G1 X19.804 Y109.921 E-.15732
G1 X20.039 Y109.849 E-.11675
G1 X20.291 Y109.801 E-.12185
G1 X19.824 Y110.268 E-.31351
;WIPE_END
; stop printing object Arduino_gehäuse-Unterteil.stl id:0 copy 0
; printing object leuchte_led_halter-Halter.stl id:1 copy 5
G1 X70.422 Y78.547 F9000
G1 E5 F2400
;TYPE:External perimeter
;WIDTH:0.374336
;HEIGHT:0.16
G1 F1800
G1 X75.064 Y78.547 E.10499
G1 X75.172 Y78.569 E.00249
G1 X75.172 Y81.189 E.05926
G1 X75.15 Y81.297 E.00249
G1 X70.422 Y81.297 E.10693
G1 E-3.5 F3600
;WIPE_START
G1 F7200
G1 X73.58 Y81.297 E-1.5
;WIPE_END
; stop printing object leuchte_led_halter-Halter.stl id:1 copy 5
; printing object leuchte_led_halter-Halter.stl id:1 copy 4
G1 X70.747 Y71.777 F9000
G1 E5 F2400
G1 F1800
G1 X75.389 Y71.777 E.10499
G1 X75.497 Y71.799 E.00249
G1 X75.497 Y74.419 E.05926
G1 X75.475 Y74.527 E.00249
G1 X70.747 Y74.527 E.10693
G1 E-3.5 F3600
;WIPE_START
G1 F7200
G1 X73.905 Y74.527 E-1.5
;WIPE_END
; stop printing object leuchte_led_halter-Halter.stl id:1 copy 4
; printing object leuchte_led_halter-Halter.stl id:1 copy 3
G1 X70.031 Y64.206 F9000
G1 E5 F2400
G1 F1800
G1 X74.673 Y64.206 E.10499
G1 X74.781 Y64.229 E.0025
G1 X74.781 Y66.849 E.05926
G1 X74.759 Y66.956 E.00247
G1 X70.031 Y66.956 E.10693
G1 E-3.5 F3600
;WIPE_START
G1 F7200
G1 X73.189 Y66.956 E-1.5
;WIPE_END
; stop printing object leuchte_led_halter-Halter.stl id:1 copy 3
; printing object leuchte_led_halter-Halter.stl id:1 copy 2
G1 X69.425 Y57.291 F9000
G1 E5 F2400
G1 F1800
G1 X74.067 Y57.291 E.10499
G1 X74.175 Y57.313 E.00249
G1 X74.175 Y59.933 E.05926
G1 X74.152 Y60.041 E.0025
G1 X69.425 Y60.041 E.10691
G1 E-3.5 F3600
;WIPE_START
G1 F7200
G1 X72.583 Y60.041 E-1.5
;WIPE_END
; stop printing object leuchte_led_halter-Halter.stl id:1 copy 2
; printing object leuchte_led_halter-Halter.stl id:1 copy 1
G1 X69.471 Y51.765 F9000
G1 E5 F2400
G1 F1800
G1 X74.113 Y51.765 E.10499
G1 X74.221 Y51.787 E.00249
G1 X74.221 Y54.407 E.05926
G1 X74.199 Y54.515 E.00249
G1 X69.471 Y54.515 E.10693
G1 E-3.5 F3600
;WIPE_START
G1 F7200
G1 X72.629 Y54.515 E-1.5
;WIPE_END
; stop printing object leuchte_led_halter-Halter.stl id:1 copy 1
; printing object leuchte_led_halter-Halter.stl id:1 copy 0
G1 X70.217 Y45.628 F9000
G1 E5 F2400
G1 F1800
G1 X74.859 Y45.628 E.10499
G1 X74.967 Y45.65 E.00249
G1 X74.967 Y48.27 E.05926
G1 X74.945 Y48.378 E.00249
G1 X70.217 Y48.378 E.10693
;LAYER_CHANGE
;Z:1.32
;HEIGHT:0.16
;BEFORE_LAYER_CHANGE
G92 E0
;1.32


G1 E-3.5 F3600
;WIPE_START
G1 F7200
G1 X73.375 Y48.378 E-1.5
;WIPE_END
G1 Z1.32 F9000
;AFTER_LAYER_CHANGE
;1.32
; stop printing object leuchte_led_halter-Halter.stl id:1 copy 0
; printing object Arduino_gehäuse-Unterteil.stl id:0 copy 0
G1 X65.091 Y13.104
G1 E5 F2400
;TYPE:Perimeter
;WIDTH:0.439999
G1 F3600
G1 X65.091 Y116.081 E2.77882
G1 X12.114 Y116.081 E1.42957
G1 X12.114 Y13.104 E2.77882
G1 X65.031 Y13.104 E1.42796
G1 X65.497 Y12.698 F9000
G1 F3600
G1 X65.497 Y116.487 E2.80073
G1 X11.708 Y116.487 E1.45149
G1 X11.708 Y12.698 E2.80073
G1 X65.437 Y12.698 E1.44987
G1 X65.892 Y12.303 F9000
;TYPE:External perimeter
;WIDTH:0.419999
G1 F1800
G1 X65.892 Y116.883 E2.68294
G1 X11.312 Y116.883 E1.40022
G1 X11.312 Y12.303 E2.68294
G1 X65.832 Y12.303 E1.39868
G1 E-3.5 F3600
;WIPE_START
G1 F7200
G1 X65.892 Y12.303 E-.0285
G1 X65.892 Y15.401 E-1.4715
;WIPE_END
G1 X12.536 Y13.449 F9000
G1 E5 F2400
;TYPE:Solid infill
;WIDTH:0.538422
G1 F3600
G1 X12.491 Y13.405 E.00211
G1 X12.431 Y13.421 E.00208
G1 X12.414 Y13.482 E.00212
G1 X12.459 Y13.526 E.00211
G1 X12.52 Y13.51 E.00211
;WIDTH:0.439999
G1 X13.168 Y13.416 E.01767
G1 X12.36 Y14.23 E.03095
;WIDTH:0.407168
G1 X12.294 Y14.303 E.00244
;WIDTH:0.374336
G1 X12.223 Y14.284 E.00166
G1 X12.242 Y14.355 E.00166
G1 X12.283 Y14.344 E.00096
;WIDTH:0.439999
G1 X12.426 Y14.732 E.01116
G1 X13.741 Y13.416 E.0502
G1 X14.315 Y13.416 E.01549
G1 X12.426 Y15.305 E.07209
G1 X12.426 Y15.879 E.01549
G1 X14.889 Y13.416 E.09399
G1 X15.462 Y13.416 E.01546
G1 X12.426 Y16.453 E.11588
G1 X12.426 Y17.026 E.01546
G1 X16.036 Y13.416 E.13777
G1 X16.61 Y13.416 E.01549
G1 X12.426 Y17.6 E.15967
G1 X12.426 Y18.174 E.01549
G1 X17.184 Y13.416 E.18158
G1 X17.757 Y13.416 E.01546
G1 X12.426 Y18.747 E.20344
G1 X12.426 Y19.321 E.01549
G1 X18.331 Y13.416 E.22535
G1 X18.905 Y13.416 E.01549
G1 X12.426 Y19.895 E.24725
G1 X12.426 Y20.469 E.01549
G1 X19.478 Y13.416 E.26914
G1 X20.052 Y13.416 E.01549
G1 X12.426 Y21.042 E.29103
G1 X12.426 Y21.616 E.01549
G1 X20.626 Y13.416 E.31293
G1 X21.199 Y13.416 E.01546
G1 X12.426 Y22.19 E.33482
G1 X12.426 Y22.763 E.01546
G1 X21.773 Y13.416 E.3567
G1 X22.347 Y13.416 E.01549
G1 X12.426 Y23.337 E.37861
G1 X12.426 Y23.911 E.01549
G1 X22.92 Y13.416 E.40049
G1 X23.494 Y13.416 E.01549
G1 X12.426 Y24.484 E.42238
G1 X12.426 Y25.058 E.01549
G1 X24.068 Y13.416 E.44429
G1 X24.642 Y13.416 E.01549
G1 X12.426 Y25.632 E.46619
G1 X12.426 Y26.205 E.01546
G1 X25.215 Y13.416 E.48806
G1 X25.789 Y13.416 E.01549
G1 X12.426 Y26.779 E.50996
G1 X12.426 Y27.353 E.01549
G1 X26.363 Y13.416 E.53187
G1 X26.936 Y13.416 E.01546
G1 X12.426 Y27.927 E.55375
G1 X12.426 Y28.5 E.01546
G1 X27.51 Y13.416 E.57564
G1 X28.084 Y13.416 E.01549
G1 X12.426 Y29.074 E.59755
G1 X12.426 Y29.648 E.01549
G1 X28.657 Y13.416 E.61943
G1 X29.231 Y13.416 E.01549
G1 X12.426 Y30.221 E.64132
G1 X12.426 Y30.795 E.01549
G1 X29.805 Y13.416 E.66322
G1 X30.379 Y13.416 E.01549
G1 X12.426 Y31.369 E.68513
G1 X12.426 Y31.942 E.01546
G1 X30.952 Y13.416 E.70699
G1 X31.526 Y13.416 E.01549
G1 X12.426 Y32.516 E.7289
G1 X12.426 Y33.09 E.01549
G1 X32.1 Y13.416 E.7508
G1 X32.673 Y13.416 E.01546
G1 X12.426 Y33.664 E.77269
G1 X12.426 Y34.237 E.01546
G1 X33.247 Y13.416 E.79458
G1 X33.821 Y13.416 E.01549
G1 X12.426 Y34.811 E.81648
G1 X12.426 Y35.385 E.01549
G1 X34.394 Y13.416 E.83837
G1 X34.968 Y13.416 E.01549
G1 X12.426 Y35.958 E.86025
G1 X12.426 Y36.532 E.01549
G1 X35.542 Y13.416 E.88216
G1 X36.115 Y13.416 E.01546
G1 X12.426 Y37.106 E.90405
G1 X12.426 Y37.679 E.01546
G1 X36.689 Y13.416 E.92593
G1 X37.263 Y13.416 E.01549
G1 X12.426 Y38.253 E.94784
G1 X12.426 Y38.827 E.01549
G1 X37.837 Y13.416 E.96974
G1 X38.41 Y13.416 E.01546
G1 X12.426 Y39.4 E.99161
G1 X12.426 Y39.974 E.01549
G1 X38.984 Y13.416 E1.01351
G1 X39.558 Y13.416 E.01549
G1 X12.426 Y40.548 E1.03542
G1 X12.426 Y41.122 E.01549
G1 X40.131 Y13.416 E1.05731
G1 X40.705 Y13.416 E.01549
G1 X12.426 Y41.695 E1.07919
G1 X12.426 Y42.269 E.01549
G1 X41.279 Y13.416 E1.1011
G1 X41.852 Y13.416 E.01546
G1 X12.426 Y42.843 E1.12298
G1 X12.426 Y43.416 E.01546
G1 X42.426 Y13.416 E1.14487
G1 X43 Y13.416 E.01549
G1 X12.426 Y43.99 E1.16677
G1 X12.426 Y44.564 E.01549
G1 X43.573 Y13.416 E1.18866
G1 X44.147 Y13.416 E.01549
G1 X12.426 Y45.137 E1.21055
G1 X12.426 Y45.711 E.01549
G1 X44.721 Y13.416 E1.23245
G1 X45.295 Y13.416 E.01549
G1 X12.426 Y46.285 E1.25436
G1 X12.426 Y46.858 E.01546
G1 X45.868 Y13.416 E1.27622
G1 X46.442 Y13.416 E.01549
G1 X12.426 Y47.432 E1.29813
G1 X12.426 Y48.006 E.01549
G1 X47.016 Y13.416 E1.32003
G1 X47.589 Y13.416 E.01546
G1 X12.426 Y48.58 E1.34192
G1 X12.426 Y49.153 E.01546
G1 X48.163 Y13.416 E1.36381
G1 X48.737 Y13.416 E.01549
G1 X12.426 Y49.727 E1.38571
G1 X12.426 Y50.301 E.01549
G1 X49.31 Y13.416 E1.4076
G1 X49.884 Y13.416 E.01549
G1 X12.426 Y50.874 E1.42948
G1 X12.426 Y51.448 E.01549
G1 X50.458 Y13.416 E1.45139
G1 X51.031 Y13.416 E.01546
G1 X12.426 Y52.022 E1.47327
G1 X12.426 Y52.595 E.01546
G1 X51.605 Y13.416 E1.49516
G1 X52.179 Y13.416 E.01549
G1 X12.426 Y53.169 E1.51707
G1 X12.426 Y53.743 E.01549
G1 X52.753 Y13.416 E1.53897
G1 X53.326 Y13.416 E.01546
G1 X12.426 Y54.316 E1.56084
G1 X12.426 Y54.89 E.01549
G1 X53.9 Y13.416 E1.58274
G1 X54.474 Y13.416 E.01549
G1 X12.426 Y55.464 E1.60465
G1 X12.426 Y56.038 E.01549
G1 X55.047 Y13.416 E1.62653
G1 X55.621 Y13.416 E.01549
G1 X12.426 Y56.611 E1.64842
G1 X12.426 Y57.185 E.01549
G1 X56.195 Y13.416 E1.67033
G1 X56.768 Y13.416 E.01546
G1 X12.426 Y57.759 E1.69221
G1 X12.426 Y58.332 E.01546
G1 X57.342 Y13.416 E1.7141
G1 X57.916 Y13.416 E.01549
G1 X12.426 Y58.906 E1.736
G1 X12.426 Y59.48 E.01549
G1 X58.49 Y13.416 E1.75791
G1 X59.063 Y13.416 E.01546
G1 X12.426 Y60.053 E1.77977
G1 X12.426 Y60.627 E.01549
G1 X59.637 Y13.416 E1.80168
G1 X60.211 Y13.416 E.01549
G1 X12.426 Y61.201 E1.82358
G1 X12.426 Y61.775 E.01549
G1 X60.784 Y13.416 E1.84547
G1 X61.358 Y13.416 E.01549
G1 X12.426 Y62.348 E1.86736
G1 X12.426 Y62.922 E.01549
G1 X61.932 Y13.416 E1.88926
G1 X62.505 Y13.416 E.01546
G1 X12.426 Y63.496 E1.91115
G1 X12.426 Y64.069 E.01546
G1 X63.079 Y13.416 E1.93303
G1 X63.653 Y13.416 E.01549
G1 X12.426 Y64.643 E1.95494
G1 X12.426 Y65.217 E.01549
G1 X64.226 Y13.416 E1.97683
G1 X64.779 Y13.438 E.01493
G1 X12.426 Y65.79 E1.99789
G1 X12.426 Y66.364 E.01549
G1 X64.779 Y14.011 E1.99791
G1 X64.779 Y14.585 E.01549
G1 X12.426 Y66.938 E1.99791
G1 X12.426 Y67.511 E.01546
G1 X64.779 Y15.159 E1.99789
G1 X64.779 Y15.733 E.01549
G1 X12.426 Y68.085 E1.99789
G1 X12.426 Y68.659 E.01549
G1 X64.779 Y16.306 E1.99791
G1 X64.779 Y16.88 E.01549
G1 X12.426 Y69.233 E1.99791
G1 X12.426 Y69.806 E.01546
G1 X64.779 Y17.454 E1.99789
G1 X64.779 Y18.027 E.01546
G1 X12.426 Y70.38 E1.99791
G1 X12.426 Y70.954 E.01549
G1 X64.779 Y18.601 E1.99791
G1 X64.779 Y19.175 E.01549
G1 X12.426 Y71.527 E1.99789
G1 X12.426 Y72.101 E.01549
G1 X64.779 Y19.748 E1.99791
G1 X64.779 Y20.322 E.01549
G1 X12.426 Y72.675 E1.99791
G1 X12.426 Y73.248 E.01546
G1 X64.779 Y20.896 E1.99789
G1 X64.779 Y21.469 E.01546
G1 X12.426 Y73.822 E1.99791
G1 X12.426 Y74.396 E.01549
G1 X64.779 Y22.043 E1.99791
G1 X64.779 Y22.617 E.01549
G1 X12.426 Y74.969 E1.99789
G1 X12.426 Y75.543 E.01549
G1 X64.779 Y23.191 E1.99789
G1 X64.779 Y23.764 E.01546
G1 X12.426 Y76.117 E1.99791
G1 X12.426 Y76.691 E.01549
G1 X64.779 Y24.338 E1.99791
G1 X64.779 Y24.912 E.01549
G1 X12.426 Y77.264 E1.99789
G1 X12.426 Y77.838 E.01549
G1 X64.779 Y25.485 E1.99791
G1 X64.779 Y26.059 E.01549
G1 X12.426 Y78.412 E1.99791
G1 X12.426 Y78.985 E.01546
G1 X64.779 Y26.633 E1.99789
G1 X64.779 Y27.206 E.01546
G1 X12.426 Y79.559 E1.99791
G1 X12.426 Y80.133 E.01549
G1 X64.779 Y27.78 E1.99791
G1 X64.779 Y28.354 E.01549
G1 X12.426 Y80.706 E1.99789
G1 X12.426 Y81.28 E.01549
G1 X64.779 Y28.928 E1.99789
G1 X64.779 Y29.501 E.01546
G1 X12.426 Y81.854 E1.99791
G1 X12.426 Y82.428 E.01549
G1 X64.779 Y30.075 E1.99791
G1 X64.779 Y30.649 E.01549
G1 X12.426 Y83.001 E1.99789
G1 X12.426 Y83.575 E.01549
G1 X64.779 Y31.222 E1.99791
G1 X64.779 Y31.796 E.01549
G1 X12.426 Y84.149 E1.99791
G1 X12.426 Y84.722 E.01546
G1 X64.779 Y32.37 E1.99789
G1 X64.779 Y32.943 E.01546
G1 X12.426 Y85.296 E1.99791
G1 X12.426 Y85.87 E.01549
G1 X64.779 Y33.517 E1.99791
G1 X64.779 Y34.091 E.01549
G1 X12.426 Y86.443 E1.99789
G1 X12.426 Y87.017 E.01549
G1 X64.779 Y34.664 E1.99791
G1 X64.779 Y35.238 E.01549
G1 X12.426 Y87.591 E1.99791
G1 X12.426 Y88.164 E.01546
G1 X64.779 Y35.812 E1.99789
G1 X64.779 Y36.386 E.01549
G1 X12.426 Y88.738 E1.99789
G1 X12.426 Y89.312 E.01549
G1 X64.779 Y36.959 E1.99791
G1 X64.779 Y37.533 E.01549
G1 X12.426 Y89.886 E1.99791
G1 X12.426 Y90.459 E.01546
G1 X64.779 Y38.107 E1.99789
G1 X64.779 Y38.68 E.01546
G1 X12.426 Y91.033 E1.99791
G1 X12.426 Y91.607 E.01549
G1 X64.779 Y39.254 E1.99791
G1 X64.779 Y39.828 E.01549
G1 X12.426 Y92.18 E1.99789
G1 X12.426 Y92.754 E.01549
G1 X64.779 Y40.401 E1.99791
G1 X64.779 Y40.975 E.01549
G1 X12.426 Y93.328 E1.99791
G1 X12.426 Y93.901 E.01546
G1 X64.779 Y41.549 E1.99789
G1 X64.779 Y42.122 E.01546
G1 X12.426 Y94.475 E1.99791
G1 X12.426 Y95.049 E.01549
G1 X64.779 Y42.696 E1.99791
G1 X64.779 Y43.27 E.01549
G1 X12.426 Y95.622 E1.99789
G1 X12.426 Y96.196 E.01549
G1 X64.779 Y43.844 E1.99789
G1 X64.779 Y44.417 E.01546
G1 X12.426 Y96.77 E1.99791
G1 X12.426 Y97.344 E.01549
G1 X64.779 Y44.991 E1.99791
G1 X64.779 Y45.565 E.01549
G1 X12.426 Y97.917 E1.99789
G1 X12.426 Y98.491 E.01549
G1 X64.779 Y46.138 E1.99791
G1 X64.779 Y46.712 E.01549
G1 X12.426 Y99.065 E1.99791
G1 X12.426 Y99.638 E.01546
G1 X64.779 Y47.286 E1.99789
G1 X64.779 Y47.859 E.01546
G1 X12.426 Y100.212 E1.99791
G1 X12.426 Y100.786 E.01549
G1 X64.779 Y48.433 E1.99791
G1 X64.779 Y49.007 E.01549
G1 X12.426 Y101.359 E1.99789
G1 X12.426 Y101.933 E.01549
G1 X64.779 Y49.58 E1.99791
G1 X64.779 Y50.154 E.01549
G1 X12.426 Y102.507 E1.99791
G1 X12.426 Y103.08 E.01546
G1 X64.779 Y50.728 E1.99789
G1 X64.779 Y51.302 E.01549
G1 X12.426 Y103.654 E1.99789
G1 X12.426 Y104.228 E.01549
G1 X64.779 Y51.875 E1.99791
G1 X64.779 Y52.449 E.01549
G1 X12.426 Y104.802 E1.99791
G1 X12.426 Y105.375 E.01546
G1 X64.779 Y53.023 E1.99789
G1 X64.779 Y53.596 E.01546
G1 X12.426 Y105.949 E1.99791
G1 X12.426 Y106.523 E.01549
G1 X64.779 Y54.17 E1.99791
G1 X64.779 Y54.744 E.01549
G1 X12.426 Y107.096 E1.99789
G1 X12.426 Y107.67 E.01549
G1 X64.779 Y55.317 E1.99791
G1 X64.779 Y55.891 E.01549
G1 X12.426 Y108.244 E1.99791
G1 X12.426 Y108.817 E.01546
G1 X64.779 Y56.465 E1.99789
G1 X64.779 Y57.039 E.01549
G1 X12.426 Y109.391 E1.99789
G1 X12.426 Y109.965 E.01549
G1 X64.779 Y57.612 E1.99791
G1 X64.779 Y58.186 E.01549
G1 X12.426 Y110.539 E1.99791
G1 X12.426 Y111.112 E.01546
G1 X64.779 Y58.76 E1.99789
G1 X64.779 Y59.333 E.01546
G1 X12.426 Y111.686 E1.99791
G1 X12.426 Y112.26 E.01549
G1 X64.779 Y59.907 E1.99791
G1 X64.779 Y60.481 E.01549
G1 X12.426 Y112.833 E1.99789
G1 X12.426 Y113.407 E.01549
G1 X64.779 Y61.054 E1.99791
G1 X64.779 Y61.628 E.01549
G1 X12.426 Y113.981 E1.99791
G1 X12.426 Y114.554 E.01546
G1 X64.779 Y62.202 E1.99789
G1 X64.779 Y62.775 E.01546
G1 X12.426 Y115.128 E1.99791
G1 X12.471 Y115.921 E.02143
;WIDTH:0.374336
G1 X12.286 Y115.909 E.00419
;WIDTH:0.407168
G1 X12.356 Y115.805 E.00311
;WIDTH:0.439999
G1 X12.426 Y115.702 E.00336
G1 X64.779 Y63.349 E1.99791
G1 X64.779 Y63.923 E.01549
G1 X12.933 Y115.769 E1.97856
G1 X13.506 Y115.769 E.01546
G1 X64.779 Y64.497 E1.95668
G1 X64.779 Y65.07 E.01546
G1 X14.08 Y115.769 E1.93479
G1 X14.654 Y115.769 E.01549
G1 X64.779 Y65.644 E1.91288
G1 X64.779 Y66.218 E.01549
G1 X15.227 Y115.769 E1.891
G1 X15.801 Y115.769 E.01549
G1 X64.779 Y66.791 E1.86911
G1 X64.779 Y67.365 E.01549
G1 X16.375 Y115.769 E1.84721
G1 X16.948 Y115.769 E.01546
G1 X64.779 Y67.939 E1.82532
G1 X64.779 Y68.512 E.01546
G1 X17.522 Y115.769 E1.80344
G1 X18.096 Y115.769 E.01549
G1 X64.779 Y69.086 E1.78153
G1 X64.779 Y69.66 E.01549
G1 X18.67 Y115.769 E1.75963
G1 X19.243 Y115.769 E.01546
G1 X64.779 Y70.233 E1.73776
G1 X64.779 Y70.807 E.01549
G1 X19.817 Y115.769 E1.71585
G1 X20.391 Y115.769 E.01549
G1 X64.779 Y71.381 E1.69395
G1 X64.779 Y71.955 E.01549
G1 X20.964 Y115.769 E1.67206
G1 X21.538 Y115.769 E.01549
G1 X64.779 Y72.528 E1.65018
G1 X64.779 Y73.102 E.01549
G1 X22.112 Y115.769 E1.62827
G1 X22.685 Y115.769 E.01546
G1 X64.779 Y73.676 E1.60638
G1 X64.779 Y74.249 E.01546
G1 X23.259 Y115.769 E1.5845
G1 X23.833 Y115.769 E.01549
G1 X64.779 Y74.823 E1.56259
G1 X64.779 Y75.397 E.01549
G1 X24.406 Y115.769 E1.54071
G1 X24.98 Y115.769 E.01549
G1 X64.779 Y75.97 E1.51882
G1 X64.779 Y76.544 E.01549
G1 X25.554 Y115.769 E1.49692
G1 X26.128 Y115.769 E.01549
G1 X64.779 Y77.118 E1.47501
G1 X64.779 Y77.691 E.01546
G1 X26.701 Y115.769 E1.45314
G1 X27.275 Y115.769 E.01549
G1 X64.779 Y78.265 E1.43124
G1 X64.779 Y78.839 E.01549
G1 X27.849 Y115.769 E1.40933
G1 X28.422 Y115.769 E.01546
G1 X64.779 Y79.413 E1.38745
G1 X64.779 Y79.986 E.01546
G1 X28.996 Y115.769 E1.36556
G1 X29.57 Y115.769 E.01549
G1 X64.779 Y80.56 E1.34366
G1 X64.779 Y81.134 E.01549
G1 X30.143 Y115.769 E1.32177
G1 X30.717 Y115.769 E.01549
G1 X64.779 Y81.707 E1.29988
G1 X64.779 Y82.281 E.01549
G1 X31.291 Y115.769 E1.27798
G1 X31.864 Y115.769 E.01546
G1 X64.779 Y82.855 E1.25609
G1 X64.779 Y83.428 E.01546
G1 X32.438 Y115.769 E1.23421
G1 X33.012 Y115.769 E.01549
G1 X64.779 Y84.002 E1.2123
G1 X64.779 Y84.576 E.01549
G1 X33.586 Y115.769 E1.1904
G1 X34.159 Y115.769 E.01546
G1 X64.779 Y85.15 E1.16851
G1 X64.779 Y85.723 E.01546
G1 X34.733 Y115.769 E1.14662
G1 X35.307 Y115.769 E.01549
G1 X64.779 Y86.297 E1.12472
G1 X64.779 Y86.871 E.01549
G1 X35.88 Y115.769 E1.10283
G1 X36.454 Y115.769 E.01549
G1 X64.779 Y87.444 E1.08095
G1 X64.779 Y88.018 E.01549
G1 X37.028 Y115.769 E1.05904
G1 X37.601 Y115.769 E.01546
G1 X64.779 Y88.592 E1.03716
G1 X64.779 Y89.165 E.01546
G1 X38.175 Y115.769 E1.01527
G1 X38.749 Y115.769 E.01549
G1 X64.779 Y89.739 E.99336
G1 X64.779 Y90.313 E.01549
G1 X39.323 Y115.769 E.97146
G1 X39.896 Y115.769 E.01546
G1 X64.779 Y90.886 E.94959
G1 X64.779 Y91.46 E.01549
G1 X40.47 Y115.769 E.92769
G1 X41.044 Y115.769 E.01549
G1 X64.779 Y92.034 E.90578
G1 X64.779 Y92.608 E.01549
G1 X41.617 Y115.769 E.8839
G1 X42.191 Y115.769 E.01549
G1 X64.779 Y93.181 E.86201
G1 X64.779 Y93.755 E.01549
G1 X42.765 Y115.769 E.8401
G1 X43.338 Y115.769 E.01546
G1 X64.779 Y94.329 E.81822
G1 X64.779 Y94.902 E.01546
G1 X43.912 Y115.769 E.79633
G1 X44.486 Y115.769 E.01549
G1 X64.779 Y95.476 E.77443
G1 X64.779 Y96.05 E.01549
G1 X45.059 Y115.769 E.75254
G1 X45.633 Y115.769 E.01549
G1 X64.779 Y96.623 E.73066
G1 X64.779 Y97.197 E.01549
G1 X46.207 Y115.769 E.70875
G1 X46.781 Y115.769 E.01549
G1 X64.779 Y97.771 E.68684
G1 X64.779 Y98.344 E.01546
G1 X47.354 Y115.769 E.66498
G1 X47.928 Y115.769 E.01549
G1 X64.779 Y98.918 E.64307
G1 X64.779 Y99.492 E.01549
G1 X48.502 Y115.769 E.62117
G1 X49.075 Y115.769 E.01546
G1 X64.779 Y100.066 E.59928
G1 X64.779 Y100.639 E.01546
G1 X49.649 Y115.769 E.5774
G1 X50.223 Y115.769 E.01549
G1 X64.779 Y101.213 E.55549
G1 X64.779 Y101.787 E.01549
G1 X50.796 Y115.769 E.5336
G1 X51.37 Y115.769 E.01549
G1 X64.779 Y102.36 E.51172
G1 X64.779 Y102.934 E.01549
G1 X51.944 Y115.769 E.48981
G1 X52.517 Y115.769 E.01546
G1 X64.779 Y103.508 E.46793
G1 X64.779 Y104.081 E.01546
G1 X53.091 Y115.769 E.44604
G1 X53.665 Y115.769 E.01549
G1 X64.779 Y104.655 E.42414
G1 X64.779 Y105.229 E.01549
G1 X54.239 Y115.769 E.40223
G1 X54.812 Y115.769 E.01546
G1 X64.779 Y105.803 E.38034
G1 X64.779 Y106.376 E.01546
G1 X55.386 Y115.769 E.35846
G1 X55.96 Y115.769 E.01549
G1 X64.779 Y106.95 E.33655
G1 X64.779 Y107.524 E.01549
G1 X56.533 Y115.769 E.31467
G1 X57.107 Y115.769 E.01549
G1 X64.779 Y108.097 E.29278
G1 X64.779 Y108.671 E.01549
G1 X57.681 Y115.769 E.27088
G1 X58.254 Y115.769 E.01546
G1 X64.779 Y109.245 E.24899
G1 X64.779 Y109.818 E.01546
G1 X58.828 Y115.769 E.2271
G1 X59.402 Y115.769 E.01549
G1 X64.779 Y110.392 E.2052
G1 X64.779 Y110.966 E.01549
G1 X59.976 Y115.769 E.18329
G1 X60.549 Y115.769 E.01546
G1 X64.779 Y111.539 E.16143
G1 X64.779 Y112.113 E.01549
G1 X61.123 Y115.769 E.13952
G1 X61.697 Y115.769 E.01549
G1 X64.779 Y112.687 E.11762
G1 X64.779 Y113.261 E.01549
G1 X62.27 Y115.769 E.09573
G1 X62.844 Y115.769 E.01549
G1 X64.779 Y113.834 E.07384
G1 X64.779 Y115.769 E.05222
G1 X63.418 Y115.769 E.03673
G1 X64.635 Y114.551 E.04646
G1 E-3.5
;WIPE_START
G1 F7200
G1 X63.418 Y115.769 E-.81786
G1 X64.779 Y115.769 E-.64647
G1 X64.779 Y115.694 E-.03567
;WIPE_END
; stop printing object Arduino_gehäuse-Unterteil.stl id:0 copy 0
; printing object leuchte_led_halter-Halter.stl id:1 copy 5
G1 X70.422 Y78.547 F9000
G1 E5 F2400
;TYPE:External perimeter
;WIDTH:0.374336
G1 F1800
G1 X75.064 Y78.547 E.10499
G1 X75.172 Y78.569 E.00249
G1 X75.172 Y81.189 E.05926
G1 X75.15 Y81.297 E.00249
G1 X70.422 Y81.297 E.10693
G1 E-3.5 F3600
;WIPE_START
G1 F7200
G1 X73.58 Y81.297 E-1.5
;WIPE_END
; stop printing object leuchte_led_halter-Halter.stl id:1 copy 5
; printing object leuchte_led_halter-Halter.stl id:1 copy 4
G1 X70.747 Y71.777 F9000
G1 E5 F2400
G1 F1800
G1 X75.389 Y71.777 E.10499
G1 X75.497 Y71.799 E.00249
G1 X75.497 Y74.419 E.05926
G1 X75.475 Y74.527 E.00249
G1 X70.747 Y74.527 E.10693
G1 E-3.5 F3600
;WIPE_START
G1 F7200
G1 X73.905 Y74.527 E-1.5
;WIPE_END
; stop printing object leuchte_led_halter-Halter.stl id:1 copy 4
; printing object leuchte_led_halter-Halter.stl id:1 copy 3
G1 X70.031 Y64.206 F9000
G1 E5 F2400
G1 F1800
G1 X74.673 Y64.206 E.10499
G1 X74.781 Y64.229 E.0025
G1 X74.781 Y66.849 E.05926
G1 X74.759 Y66.956 E.00247
G1 X70.031 Y66.956 E.10693
G1 E-3.5 F3600
;WIPE_START
G1 F7200
G1 X73.189 Y66.956 E-1.5
;WIPE_END
; stop printing object leuchte_led_halter-Halter.stl id:1 copy 3
; printing object leuchte_led_halter-Halter.stl id:1 copy 2
G1 X69.425 Y57.291 F9000
G1 E5 F2400
G1 F1800
G1 X74.067 Y57.291 E.10499
G1 X74.175 Y57.313 E.00249
G1 X74.175 Y59.933 E.05926
G1 X74.152 Y60.041 E.0025
G1 X69.425 Y60.041 E.10691
G1 E-3.5 F3600
;WIPE_START
G1 F7200
G1 X72.583 Y60.041 E-1.5
;WIPE_END
; stop printing object leuchte_led_halter-Halter.stl id:1 copy 2
; printing object leuchte_led_halter-Halter.stl id:1 copy 1
G1 X69.471 Y51.765 F9000
G1 E5 F2400
G1 F1800
G1 X74.113 Y51.765 E.10499
G1 X74.221 Y51.787 E.00249
G1 X74.221 Y54.407 E.05926
G1 X74.199 Y54.515 E.00249
G1 X69.471 Y54.515 E.10693
G1 E-3.5 F3600
;WIPE_START
G1 F7200
G1 X72.629 Y54.515 E-1.5
;WIPE_END
; stop printing object leuchte_led_halter-Halter.stl id:1 copy 1
; printing object leuchte_led_halter-Halter.stl id:1 copy 0
G1 X70.217 Y45.628 F9000
G1 E5 F2400
G1 F1800
G1 X74.859 Y45.628 E.10499
G1 X74.967 Y45.65 E.00249
G1 X74.967 Y48.27 E.05926
G1 X74.945 Y48.378 E.00249
G1 X70.217 Y48.378 E.10693
;LAYER_CHANGE
;Z:1.48
;HEIGHT:0.16
;BEFORE_LAYER_CHANGE
G92 E0
;1.48


G1 E-3.5 F3600
;WIPE_START
G1 F7200
G1 X73.375 Y48.378 E-1.5
;WIPE_END
G1 Z1.48 F9000
;AFTER_LAYER_CHANGE
;1.48
; stop printing object leuchte_led_halter-Halter.stl id:1 copy 0
; printing object Arduino_gehäuse-Unterteil.stl id:0 copy 0
G1 X65.091 Y13.104
G1 E5 F2400
;TYPE:Perimeter
;WIDTH:0.439999
G1 F3600
G1 X65.091 Y116.081 E2.77882
G1 X12.114 Y116.081 E1.42957
G1 X12.114 Y13.104 E2.77882
G1 X65.031 Y13.104 E1.42796
G1 X65.497 Y12.698 F9000
G1 F3600
G1 X65.497 Y116.487 E2.80073
G1 X11.708 Y116.487 E1.45149
G1 X11.708 Y12.698 E2.80073
G1 X65.437 Y12.698 E1.44987
G1 X65.892 Y12.303 F9000
;TYPE:External perimeter
;WIDTH:0.419999
G1 F1800
G1 X65.892 Y116.883 E2.68294
G1 X11.312 Y116.883 E1.40022
G1 X11.312 Y12.303 E2.68294
G1 X65.832 Y12.303 E1.39868
G1 E-3.5 F3600
;WIPE_START
G1 F7200
G1 X65.892 Y12.303 E-.0285
G1 X65.892 Y15.401 E-1.4715
;WIPE_END
G1 X12.459 Y115.659 F9000
G1 E5 F2400
;TYPE:Solid infill
;WIDTH:0.538422
G1 F3600
G1 X12.414 Y115.703 E.00211
G1 X12.431 Y115.764 E.00212
G1 X12.491 Y115.78 E.00208
G1 X12.536 Y115.736 E.00211
G1 X12.52 Y115.675 E.00211
;WIDTH:0.439999
G1 X13.168 Y115.769 E.01767
G1 X12.426 Y115.027 E.02832
G1 X12.354 Y114.934 E.00317
;WIDTH:0.407168
G1 X12.283 Y114.841 E.0029
;WIDTH:0.374336
G1 X12.294 Y114.882 E.00096
G1 X12.223 Y114.901 E.00166
G1 X12.242 Y114.83 E.00166
;WIDTH:0.439999
G1 X12.426 Y114.453 E.01132
G1 X13.741 Y115.769 E.0502
G1 X14.315 Y115.769 E.01549
G1 X12.426 Y113.88 E.07209
G1 X12.426 Y113.306 E.01549
G1 X14.889 Y115.769 E.09399
G1 X15.462 Y115.769 E.01546
G1 X12.426 Y112.732 E.11588
G1 X12.426 Y112.159 E.01546
G1 X16.036 Y115.769 E.13777
G1 X16.61 Y115.769 E.01549
G1 X12.426 Y111.585 E.15967
G1 X12.426 Y111.011 E.01549
G1 X17.184 Y115.769 E.18158
G1 X17.757 Y115.769 E.01546
G1 X12.426 Y110.438 E.20344
G1 X12.426 Y109.864 E.01549
G1 X18.331 Y115.769 E.22535
G1 X18.905 Y115.769 E.01549
G1 X12.426 Y109.29 E.24725
G1 X12.426 Y108.716 E.01549
G1 X19.478 Y115.769 E.26914
G1 X20.052 Y115.769 E.01549
G1 X12.426 Y108.143 E.29103
G1 X12.426 Y107.569 E.01549
G1 X20.626 Y115.769 E.31293
G1 X21.199 Y115.769 E.01546
G1 X12.426 Y106.995 E.33482
G1 X12.426 Y106.422 E.01546
G1 X21.773 Y115.769 E.3567
G1 X22.347 Y115.769 E.01549
G1 X12.426 Y105.848 E.37861
G1 X12.426 Y105.274 E.01549
G1 X22.92 Y115.769 E.40049
G1 X23.494 Y115.769 E.01549
G1 X12.426 Y104.701 E.42238
G1 X12.426 Y104.127 E.01549
G1 X24.068 Y115.769 E.44429
G1 X24.642 Y115.769 E.01549
G1 X12.426 Y103.553 E.46619
G1 X12.426 Y102.98 E.01546
G1 X25.215 Y115.769 E.48806
G1 X25.789 Y115.769 E.01549
G1 X12.426 Y102.406 E.50996
G1 X12.426 Y101.832 E.01549
G1 X26.363 Y115.769 E.53187
G1 X26.936 Y115.769 E.01546
G1 X12.426 Y101.258 E.55375
G1 X12.426 Y100.685 E.01546
G1 X27.51 Y115.769 E.57564
G1 X28.084 Y115.769 E.01549
G1 X12.426 Y100.111 E.59755
G1 X12.426 Y99.537 E.01549
G1 X28.657 Y115.769 E.61943
G1 X29.231 Y115.769 E.01549
G1 X12.426 Y98.964 E.64132
G1 X12.426 Y98.39 E.01549
G1 X29.805 Y115.769 E.66322
G1 X30.379 Y115.769 E.01549
G1 X12.426 Y97.816 E.68513
G1 X12.426 Y97.243 E.01546
G1 X30.952 Y115.769 E.70699
G1 X31.526 Y115.769 E.01549
G1 X12.426 Y96.669 E.7289
G1 X12.426 Y96.095 E.01549
G1 X32.1 Y115.769 E.7508
G1 X32.673 Y115.769 E.01546
G1 X12.426 Y95.521 E.77269
G1 X12.426 Y94.948 E.01546
G1 X33.247 Y115.769 E.79458
G1 X33.821 Y115.769 E.01549
G1 X12.426 Y94.374 E.81648
G1 X12.426 Y93.8 E.01549
G1 X34.394 Y115.769 E.83837
G1 X34.968 Y115.769 E.01549
G1 X12.426 Y93.227 E.86025
G1 X12.426 Y92.653 E.01549
G1 X35.542 Y115.769 E.88216
G1 X36.115 Y115.769 E.01546
G1 X12.426 Y92.079 E.90405
G1 X12.426 Y91.506 E.01546
G1 X36.689 Y115.769 E.92593
G1 X37.263 Y115.769 E.01549
G1 X12.426 Y90.932 E.94784
G1 X12.426 Y90.358 E.01549
G1 X37.837 Y115.769 E.96974
G1 X38.41 Y115.769 E.01546
G1 X12.426 Y89.785 E.99161
G1 X12.426 Y89.211 E.01549
G1 X38.984 Y115.769 E1.01351
G1 X39.558 Y115.769 E.01549
G1 X12.426 Y88.637 E1.03542
G1 X12.426 Y88.063 E.01549
G1 X40.131 Y115.769 E1.05731
G1 X40.705 Y115.769 E.01549
G1 X12.426 Y87.49 E1.07919
G1 X12.426 Y86.916 E.01549
G1 X41.279 Y115.769 E1.1011
G1 X41.852 Y115.769 E.01546
G1 X12.426 Y86.342 E1.12298
G1 X12.426 Y85.769 E.01546
G1 X42.426 Y115.769 E1.14487
G1 X43 Y115.769 E.01549
G1 X12.426 Y85.195 E1.16677
G1 X12.426 Y84.621 E.01549
G1 X43.573 Y115.769 E1.18866
G1 X44.147 Y115.769 E.01549
G1 X12.426 Y84.048 E1.21055
G1 X12.426 Y83.474 E.01549
G1 X44.721 Y115.769 E1.23245
G1 X45.295 Y115.769 E.01549
G1 X12.426 Y82.9 E1.25436
G1 X12.426 Y82.327 E.01546
G1 X45.868 Y115.769 E1.27622
G1 X46.442 Y115.769 E.01549
G1 X12.426 Y81.753 E1.29813
G1 X12.426 Y81.179 E.01549
G1 X47.016 Y115.769 E1.32003
G1 X47.589 Y115.769 E.01546
G1 X12.426 Y80.605 E1.34192
G1 X12.426 Y80.032 E.01546
G1 X48.163 Y115.769 E1.36381
G1 X48.737 Y115.769 E.01549
G1 X12.426 Y79.458 E1.38571
G1 X12.426 Y78.884 E.01549
G1 X49.31 Y115.769 E1.4076
G1 X49.884 Y115.769 E.01549
G1 X12.426 Y78.311 E1.42948
G1 X12.426 Y77.737 E.01549
G1 X50.458 Y115.769 E1.45139
G1 X51.031 Y115.769 E.01546
G1 X12.426 Y77.163 E1.47327
G1 X12.426 Y76.59 E.01546
G1 X51.605 Y115.769 E1.49516
G1 X52.179 Y115.769 E.01549
G1 X12.426 Y76.016 E1.51707
G1 X12.426 Y75.442 E.01549
G1 X52.753 Y115.769 E1.53897
G1 X53.326 Y115.769 E.01546
G1 X12.426 Y74.869 E1.56084
G1 X12.426 Y74.295 E.01549
G1 X53.9 Y115.769 E1.58274
G1 X54.474 Y115.769 E.01549
G1 X12.426 Y73.721 E1.60465
G1 X12.426 Y73.147 E.01549
G1 X55.047 Y115.769 E1.62653
G1 X55.621 Y115.769 E.01549
G1 X12.426 Y72.574 E1.64842
G1 X12.426 Y72 E.01549
G1 X56.195 Y115.769 E1.67033
G1 X56.768 Y115.769 E.01546
G1 X12.426 Y71.426 E1.69221
G1 X12.426 Y70.853 E.01546
G1 X57.342 Y115.769 E1.7141
G1 X57.916 Y115.769 E.01549
G1 X12.426 Y70.279 E1.736
G1 X12.426 Y69.705 E.01549
G1 X58.49 Y115.769 E1.75791
G1 X59.063 Y115.769 E.01546
G1 X12.426 Y69.132 E1.77977
G1 X12.426 Y68.558 E.01549
G1 X59.637 Y115.769 E1.80168
G1 X60.211 Y115.769 E.01549
G1 X12.426 Y67.984 E1.82358
G1 X12.426 Y67.41 E.01549
G1 X60.784 Y115.769 E1.84547
G1 X61.358 Y115.769 E.01549
G1 X12.426 Y66.837 E1.86736
G1 X12.426 Y66.263 E.01549
G1 X61.932 Y115.769 E1.88926
G1 X62.505 Y115.769 E.01546
G1 X12.426 Y65.689 E1.91115
G1 X12.426 Y65.116 E.01546
G1 X63.079 Y115.769 E1.93303
G1 X63.653 Y115.769 E.01549
G1 X12.426 Y64.542 E1.95494
G1 X12.426 Y63.968 E.01549
G1 X64.226 Y115.769 E1.97683
G1 X64.779 Y115.747 E.01493
G1 X12.426 Y63.395 E1.99789
G1 X12.426 Y62.821 E.01549
G1 X64.779 Y115.174 E1.99791
G1 X64.779 Y114.6 E.01549
G1 X12.426 Y62.247 E1.99791
G1 X12.426 Y61.674 E.01546
G1 X64.779 Y114.026 E1.99789
G1 X64.779 Y113.452 E.01549
G1 X12.426 Y61.1 E1.99789
G1 X12.426 Y60.526 E.01549
G1 X64.779 Y112.879 E1.99791
G1 X64.779 Y112.305 E.01549
G1 X12.426 Y59.952 E1.99791
G1 X12.426 Y59.379 E.01546
G1 X64.779 Y111.731 E1.99789
G1 X64.779 Y111.158 E.01546
G1 X12.426 Y58.805 E1.99791
G1 X12.426 Y58.231 E.01549
G1 X64.779 Y110.584 E1.99791
G1 X64.779 Y110.01 E.01549
G1 X12.426 Y57.658 E1.99789
G1 X12.426 Y57.084 E.01549
G1 X64.779 Y109.437 E1.99791
G1 X64.779 Y108.863 E.01549
G1 X12.426 Y56.51 E1.99791
G1 X12.426 Y55.937 E.01546
G1 X64.779 Y108.289 E1.99789
G1 X64.779 Y107.716 E.01546
G1 X12.426 Y55.363 E1.99791
G1 X12.426 Y54.789 E.01549
G1 X64.779 Y107.142 E1.99791
G1 X64.779 Y106.568 E.01549
G1 X12.426 Y54.216 E1.99789
G1 X12.426 Y53.642 E.01549
G1 X64.779 Y105.994 E1.99789
G1 X64.779 Y105.421 E.01546
G1 X12.426 Y53.068 E1.99791
G1 X12.426 Y52.494 E.01549
G1 X64.779 Y104.847 E1.99791
G1 X64.779 Y104.273 E.01549
G1 X12.426 Y51.921 E1.99789
G1 X12.426 Y51.347 E.01549
G1 X64.779 Y103.7 E1.99791
G1 X64.779 Y103.126 E.01549
G1 X12.426 Y50.773 E1.99791
G1 X12.426 Y50.2 E.01546
G1 X64.779 Y102.552 E1.99789
G1 X64.779 Y101.979 E.01546
G1 X12.426 Y49.626 E1.99791
G1 X12.426 Y49.052 E.01549
G1 X64.779 Y101.405 E1.99791
G1 X64.779 Y100.831 E.01549
G1 X12.426 Y48.479 E1.99789
G1 X12.426 Y47.905 E.01549
G1 X64.779 Y100.258 E1.99791
G1 X64.779 Y99.684 E.01549
G1 X12.426 Y47.331 E1.99791
G1 X12.426 Y46.757 E.01549
G1 X64.779 Y99.11 E1.99791
G1 X64.779 Y98.536 E.01549
G1 X12.426 Y46.184 E1.99789
G1 X12.426 Y45.61 E.01549
G1 X64.779 Y97.963 E1.99791
G1 X64.779 Y97.389 E.01549
G1 X12.426 Y45.036 E1.99791
G1 X12.426 Y44.463 E.01546
G1 X64.779 Y96.815 E1.99789
G1 X64.779 Y96.242 E.01546
G1 X12.426 Y43.889 E1.99791
G1 X12.426 Y43.315 E.01549
G1 X64.779 Y95.668 E1.99791
G1 X64.779 Y95.094 E.01549
G1 X12.426 Y42.742 E1.99789
G1 X12.426 Y42.168 E.01549
G1 X64.779 Y94.521 E1.99791
G1 X64.779 Y93.947 E.01549
G1 X12.426 Y41.594 E1.99791
G1 X12.426 Y41.021 E.01546
G1 X64.779 Y93.373 E1.99789
G1 X64.779 Y92.799 E.01549
G1 X12.426 Y40.447 E1.99789
G1 X12.426 Y39.873 E.01549
G1 X64.779 Y92.226 E1.99791
G1 X64.779 Y91.652 E.01549
G1 X12.426 Y39.299 E1.99791
G1 X12.426 Y38.726 E.01546
G1 X64.779 Y91.078 E1.99789
G1 X64.779 Y90.505 E.01546
G1 X12.426 Y38.152 E1.99791
G1 X12.426 Y37.578 E.01549
G1 X64.779 Y89.931 E1.99791
G1 X64.779 Y89.357 E.01549
G1 X12.426 Y37.005 E1.99789
G1 X12.426 Y36.431 E.01549
G1 X64.779 Y88.784 E1.99791
G1 X64.779 Y88.21 E.01549
G1 X12.426 Y35.857 E1.99791
G1 X12.426 Y35.284 E.01546
G1 X64.779 Y87.636 E1.99789
G1 X64.779 Y87.063 E.01546
G1 X12.426 Y34.71 E1.99791
G1 X12.426 Y34.136 E.01549
G1 X64.779 Y86.489 E1.99791
G1 X64.779 Y85.915 E.01549
G1 X12.426 Y33.563 E1.99789
G1 X12.426 Y32.989 E.01549
G1 X64.779 Y85.341 E1.99789
G1 X64.779 Y84.768 E.01546
G1 X12.426 Y32.415 E1.99791
G1 X12.426 Y31.841 E.01549
G1 X64.779 Y84.194 E1.99791
G1 X64.779 Y83.62 E.01549
G1 X12.426 Y31.268 E1.99789
G1 X12.426 Y30.694 E.01549
G1 X64.779 Y83.047 E1.99791
G1 X64.779 Y82.473 E.01549
G1 X12.426 Y30.12 E1.99791
G1 X12.426 Y29.547 E.01546
G1 X64.779 Y81.899 E1.99789
G1 X64.779 Y81.326 E.01546
G1 X12.426 Y28.973 E1.99791
G1 X12.426 Y28.399 E.01549
G1 X64.779 Y80.752 E1.99791
G1 X64.779 Y80.178 E.01549
G1 X12.426 Y27.826 E1.99789
G1 X12.426 Y27.252 E.01549
G1 X64.779 Y79.605 E1.99791
G1 X64.779 Y79.031 E.01549
G1 X12.426 Y26.678 E1.99791
G1 X12.426 Y26.105 E.01546
G1 X64.779 Y78.457 E1.99789
G1 X64.779 Y77.883 E.01549
G1 X12.426 Y25.531 E1.99789
G1 X12.426 Y24.957 E.01549
G1 X64.779 Y77.31 E1.99791
G1 X64.779 Y76.736 E.01549
G1 X12.426 Y24.383 E1.99791
G1 X12.426 Y23.81 E.01546
G1 X64.779 Y76.162 E1.99789
G1 X64.779 Y75.589 E.01546
G1 X12.426 Y23.236 E1.99791
G1 X12.426 Y22.662 E.01549
G1 X64.779 Y75.015 E1.99791
G1 X64.779 Y74.441 E.01549
G1 X12.426 Y22.089 E1.99789
G1 X12.426 Y21.515 E.01549
G1 X64.779 Y73.868 E1.99791
G1 X64.779 Y73.294 E.01549
G1 X12.426 Y20.941 E1.99791
G1 X12.426 Y20.368 E.01546
G1 X64.779 Y72.72 E1.99789
G1 X64.779 Y72.147 E.01546
G1 X12.426 Y19.794 E1.99791
G1 X12.426 Y19.22 E.01549
G1 X64.779 Y71.573 E1.99791
G1 X64.779 Y70.999 E.01549
G1 X12.426 Y18.646 E1.99791
G1 X12.426 Y18.073 E.01546
G1 X64.779 Y70.425 E1.99789
G1 X64.779 Y69.852 E.01546
G1 X12.426 Y17.499 E1.99791
G1 X12.426 Y16.925 E.01549
G1 X64.779 Y69.278 E1.99791
G1 X64.779 Y68.704 E.01549
G1 X12.426 Y16.352 E1.99789
G1 X12.426 Y15.778 E.01549
G1 X64.779 Y68.131 E1.99791
G1 X64.779 Y67.557 E.01549
G1 X12.426 Y15.204 E1.99791
G1 X12.426 Y14.631 E.01546
G1 X64.779 Y66.983 E1.99789
G1 X64.779 Y66.41 E.01546
G1 X12.426 Y14.057 E1.99791
G1 X12.426 Y13.483 E.01549
G1 X64.779 Y65.836 E1.99791
G1 X64.779 Y65.262 E.01549
G1 X12.933 Y13.416 E1.97856
G1 X13.506 Y13.416 E.01546
G1 X64.779 Y64.688 E1.95668
G1 X64.779 Y64.115 E.01546
G1 X14.08 Y13.416 E1.93479
G1 X14.654 Y13.416 E.01549
G1 X64.779 Y63.541 E1.91288
G1 X64.779 Y62.967 E.01549
G1 X15.227 Y13.416 E1.891
G1 X15.801 Y13.416 E.01549
G1 X64.779 Y62.394 E1.86911
G1 X64.779 Y61.82 E.01549
G1 X16.375 Y13.416 E1.84721
G1 X16.948 Y13.416 E.01546
G1 X64.779 Y61.246 E1.82532
G1 X64.779 Y60.673 E.01546
G1 X17.522 Y13.416 E1.80344
G1 X18.096 Y13.416 E.01549
G1 X64.779 Y60.099 E1.78153
G1 X64.779 Y59.525 E.01549
G1 X18.67 Y13.416 E1.75963
G1 X19.243 Y13.416 E.01546
G1 X64.779 Y58.952 E1.73776
G1 X64.779 Y58.378 E.01549
G1 X19.817 Y13.416 E1.71585
G1 X20.391 Y13.416 E.01549
G1 X64.779 Y57.804 E1.69395
G1 X64.779 Y57.23 E.01549
G1 X20.964 Y13.416 E1.67206
G1 X21.538 Y13.416 E.01549
G1 X64.779 Y56.657 E1.65018
G1 X64.779 Y56.083 E.01549
G1 X22.112 Y13.416 E1.62827
G1 X22.685 Y13.416 E.01546
G1 X64.779 Y55.509 E1.60638
G1 X64.779 Y54.936 E.01546
G1 X23.259 Y13.416 E1.5845
G1 X23.833 Y13.416 E.01549
G1 X64.779 Y54.362 E1.56259
G1 X64.779 Y53.788 E.01549
G1 X24.406 Y13.416 E1.54071
G1 X24.98 Y13.416 E.01549
G1 X64.779 Y53.215 E1.51882
G1 X64.779 Y52.641 E.01549
G1 X25.554 Y13.416 E1.49692
G1 X26.128 Y13.416 E.01549
G1 X64.779 Y52.067 E1.47501
G1 X64.779 Y51.494 E.01546
G1 X26.701 Y13.416 E1.45314
G1 X27.275 Y13.416 E.01549
G1 X64.779 Y50.92 E1.43124
G1 X64.779 Y50.346 E.01549
G1 X27.849 Y13.416 E1.40933
G1 X28.422 Y13.416 E.01546
G1 X64.779 Y49.772 E1.38745
G1 X64.779 Y49.199 E.01546
G1 X28.996 Y13.416 E1.36556
G1 X29.57 Y13.416 E.01549
G1 X64.779 Y48.625 E1.34366
G1 X64.779 Y48.051 E.01549
G1 X30.143 Y13.416 E1.32177
G1 X30.717 Y13.416 E.01549
G1 X64.779 Y47.478 E1.29988
G1 X64.779 Y46.904 E.01549
G1 X31.291 Y13.416 E1.27798
G1 X31.865 Y13.416 E.01549
G1 X64.779 Y46.33 E1.25607
G1 X64.779 Y45.757 E.01546
G1 X32.438 Y13.416 E1.23421
G1 X33.012 Y13.416 E.01549
G1 X64.779 Y45.183 E1.2123
G1 X64.779 Y44.609 E.01549
G1 X33.586 Y13.416 E1.1904
G1 X34.159 Y13.416 E.01546
G1 X64.779 Y44.035 E1.16851
G1 X64.779 Y43.462 E.01546
G1 X34.733 Y13.416 E1.14662
G1 X35.307 Y13.416 E.01549
G1 X64.779 Y42.888 E1.12472
G1 X64.779 Y42.314 E.01549
G1 X35.88 Y13.416 E1.10283
G1 X36.454 Y13.416 E.01549
G1 X64.779 Y41.741 E1.08095
G1 X64.779 Y41.167 E.01549
G1 X37.028 Y13.416 E1.05904
G1 X37.601 Y13.416 E.01546
G1 X64.779 Y40.593 E1.03716
G1 X64.779 Y40.02 E.01546
G1 X38.175 Y13.416 E1.01527
G1 X38.749 Y13.416 E.01549
G1 X64.779 Y39.446 E.99336
G1 X64.779 Y38.872 E.01549
G1 X39.323 Y13.416 E.97146
G1 X39.896 Y13.416 E.01546
G1 X64.779 Y38.299 E.94959
G1 X64.779 Y37.725 E.01549
G1 X40.47 Y13.416 E.92769
G1 X41.044 Y13.416 E.01549
G1 X64.779 Y37.151 E.90578
G1 X64.779 Y36.577 E.01549
G1 X41.617 Y13.416 E.8839
G1 X42.191 Y13.416 E.01549
G1 X64.779 Y36.004 E.86201
G1 X64.779 Y35.43 E.01549
G1 X42.765 Y13.416 E.8401
G1 X43.338 Y13.416 E.01546
G1 X64.779 Y34.856 E.81822
G1 X64.779 Y34.283 E.01546
G1 X43.912 Y13.416 E.79633
G1 X44.486 Y13.416 E.01549
G1 X64.779 Y33.709 E.77443
G1 X64.779 Y33.135 E.01549
G1 X45.059 Y13.416 E.75254
G1 X45.633 Y13.416 E.01549
G1 X64.779 Y32.562 E.73066
G1 X64.779 Y31.988 E.01549
G1 X46.207 Y13.416 E.70875
G1 X46.781 Y13.416 E.01549
G1 X64.779 Y31.414 E.68684
G1 X64.779 Y30.841 E.01546
G1 X47.354 Y13.416 E.66498
G1 X47.928 Y13.416 E.01549
G1 X64.779 Y30.267 E.64307
G1 X64.779 Y29.693 E.01549
G1 X48.502 Y13.416 E.62117
G1 X49.075 Y13.416 E.01546
G1 X64.779 Y29.119 E.59928
G1 X64.779 Y28.546 E.01546
G1 X49.649 Y13.416 E.5774
G1 X50.223 Y13.416 E.01549
G1 X64.779 Y27.972 E.55549
G1 X64.779 Y27.398 E.01549
G1 X50.796 Y13.416 E.5336
G1 X51.37 Y13.416 E.01549
G1 X64.779 Y26.825 E.51172
G1 X64.779 Y26.251 E.01549
G1 X51.944 Y13.416 E.48981
G1 X52.518 Y13.416 E.01549
G1 X64.779 Y25.677 E.46791
G1 X64.779 Y25.104 E.01546
G1 X53.091 Y13.416 E.44604
G1 X53.665 Y13.416 E.01549
G1 X64.779 Y24.53 E.42414
G1 X64.779 Y23.956 E.01549
G1 X54.239 Y13.416 E.40223
G1 X54.812 Y13.416 E.01546
G1 X64.779 Y23.383 E.38036
G1 X64.779 Y22.809 E.01549
G1 X55.386 Y13.416 E.35846
G1 X55.96 Y13.416 E.01549
G1 X64.779 Y22.235 E.33655
G1 X64.779 Y21.661 E.01549
G1 X56.533 Y13.416 E.31467
G1 X57.107 Y13.416 E.01549
G1 X64.779 Y21.088 E.29278
G1 X64.779 Y20.514 E.01549
G1 X57.681 Y13.416 E.27088
G1 X58.254 Y13.416 E.01546
G1 X64.779 Y19.94 E.24899
G1 X64.779 Y19.367 E.01546
G1 X58.828 Y13.416 E.2271
G1 X59.402 Y13.416 E.01549
G1 X64.779 Y18.793 E.2052
G1 X64.779 Y18.219 E.01549
G1 X59.976 Y13.416 E.18329
G1 X60.549 Y13.416 E.01546
G1 X64.779 Y17.646 E.16143
G1 X64.779 Y17.072 E.01549
G1 X61.123 Y13.416 E.13952
G1 X61.697 Y13.416 E.01549
G1 X64.779 Y16.498 E.11762
G1 X64.779 Y15.924 E.01549
G1 X62.27 Y13.416 E.09573
G1 X62.844 Y13.416 E.01549
G1 X64.779 Y15.351 E.07384
G1 E-3.5
;WIPE_START
G1 F7200
G1 X62.844 Y13.416 E-1.29984
G1 X62.423 Y13.416 E-.20016
;WIPE_END
G1 X63.561 Y13.56 F9000
G1 E5 F2400
G1 F3600
G1 X64.779 Y14.777 E.04646
G1 X64.779 Y13.416 E.03673
G1 X63.418 Y13.416 E.03673
G1 E-3.5
;WIPE_START
G1 F7200
G1 X64.779 Y13.416 E-.64647
G1 X64.779 Y14.777 E-.64648
G1 X64.471 Y14.469 E-.20705
;WIPE_END
; stop printing object Arduino_gehäuse-Unterteil.stl id:0 copy 0
; printing object leuchte_led_halter-Halter.stl id:1 copy 5
G1 X70.422 Y78.547 F9000
G1 E5 F2400
;TYPE:External perimeter
;WIDTH:0.374336
G1 F1800
G1 X75.064 Y78.547 E.10499
G1 X75.172 Y78.569 E.00249
G1 X75.172 Y81.189 E.05926
G1 X75.15 Y81.297 E.00249
G1 X70.422 Y81.297 E.10693
G1 E-3.5 F3600
;WIPE_START
G1 F7200
G1 X73.58 Y81.297 E-1.5
;WIPE_END
; stop printing object leuchte_led_halter-Halter.stl id:1 copy 5
; printing object leuchte_led_halter-Halter.stl id:1 copy 4
G1 X70.747 Y71.777 F9000
G1 E5 F2400
G1 F1800
G1 X75.389 Y71.777 E.10499
G1 X75.497 Y71.799 E.00249
G1 X75.497 Y74.419 E.05926
G1 X75.475 Y74.527 E.00249
G1 X70.747 Y74.527 E.10693
G1 E-3.5 F3600
;WIPE_START
G1 F7200
G1 X73.905 Y74.527 E-1.5
;WIPE_END
; stop printing object leuchte_led_halter-Halter.stl id:1 copy 4
; printing object leuchte_led_halter-Halter.stl id:1 copy 3
G1 X70.031 Y64.206 F9000
G1 E5 F2400
G1 F1800
G1 X74.673 Y64.206 E.10499
G1 X74.781 Y64.229 E.0025
G1 X74.781 Y66.849 E.05926
G1 X74.759 Y66.956 E.00247
G1 X70.031 Y66.956 E.10693
G1 E-3.5 F3600
;WIPE_START
G1 F7200
G1 X73.189 Y66.956 E-1.5
;WIPE_END
; stop printing object leuchte_led_halter-Halter.stl id:1 copy 3
; printing object leuchte_led_halter-Halter.stl id:1 copy 2
G1 X69.425 Y57.291 F9000
G1 E5 F2400
G1 F1800
G1 X74.067 Y57.291 E.10499
G1 X74.175 Y57.313 E.00249
G1 X74.175 Y59.933 E.05926
G1 X74.152 Y60.041 E.0025
G1 X69.425 Y60.041 E.10691
G1 E-3.5 F3600
;WIPE_START
G1 F7200
G1 X72.583 Y60.041 E-1.5
;WIPE_END
; stop printing object leuchte_led_halter-Halter.stl id:1 copy 2
; printing object leuchte_led_halter-Halter.stl id:1 copy 1
G1 X69.471 Y51.765 F9000
G1 E5 F2400
G1 F1800
G1 X74.113 Y51.765 E.10499
G1 X74.221 Y51.787 E.00249
G1 X74.221 Y54.407 E.05926
G1 X74.199 Y54.515 E.00249
G1 X69.471 Y54.515 E.10693
G1 E-3.5 F3600
;WIPE_START
G1 F7200
G1 X72.629 Y54.515 E-1.5
;WIPE_END
; stop printing object leuchte_led_halter-Halter.stl id:1 copy 1
; printing object leuchte_led_halter-Halter.stl id:1 copy 0
G1 X70.217 Y45.628 F9000
G1 E5 F2400
G1 F1800
G1 X74.859 Y45.628 E.10499
G1 X74.967 Y45.65 E.00249
G1 X74.967 Y48.27 E.05926
G1 X74.945 Y48.378 E.00249
G1 X70.217 Y48.378 E.10693
;LAYER_CHANGE
;Z:1.64
;HEIGHT:0.16
;BEFORE_LAYER_CHANGE
G92 E0
;1.64


G1 E-3.5 F3600
;WIPE_START
G1 F7200
G1 X73.375 Y48.378 E-1.5
;WIPE_END
G1 Z1.64 F9000
;AFTER_LAYER_CHANGE
;1.64
; stop printing object leuchte_led_halter-Halter.stl id:1 copy 0
; printing object Arduino_gehäuse-Unterteil.stl id:0 copy 0
G1 X65.091 Y13.104
G1 E5 F2400
;TYPE:Perimeter
;WIDTH:0.439999
G1 F3600
G1 X65.091 Y116.081 E2.77882
G1 X12.114 Y116.081 E1.42957
G1 X12.114 Y13.104 E2.77882
G1 X65.031 Y13.104 E1.42796
G1 X65.497 Y12.698 F9000
G1 F3600
G1 X65.497 Y116.487 E2.80073
G1 X11.708 Y116.487 E1.45149
G1 X11.708 Y12.698 E2.80073
G1 X65.437 Y12.698 E1.44987
G1 X65.892 Y12.303 F9000
;TYPE:External perimeter
;WIDTH:0.419999
G1 F1800
G1 X65.892 Y116.883 E2.68294
G1 X11.312 Y116.883 E1.40022
G1 X11.312 Y12.303 E2.68294
G1 X65.832 Y12.303 E1.39868
G1 E-3.5 F3600
;WIPE_START
G1 F7200
G1 X65.892 Y12.303 E-.0285
G1 X65.892 Y15.401 E-1.4715
;WIPE_END
G1 X12.536 Y13.449 F9000
G1 E5 F2400
;TYPE:Solid infill
;WIDTH:0.538422
G1 F3600
G1 X12.491 Y13.405 E.00211
G1 X12.431 Y13.421 E.00208
G1 X12.414 Y13.482 E.00212
G1 X12.459 Y13.526 E.00211
G1 X12.52 Y13.51 E.00211
;WIDTH:0.439999
G1 X13.168 Y13.416 E.01767
G1 X12.36 Y14.23 E.03095
;WIDTH:0.407168
G1 X12.294 Y14.303 E.00244
;WIDTH:0.374336
G1 X12.223 Y14.284 E.00166
G1 X12.242 Y14.355 E.00166
G1 X12.283 Y14.344 E.00096
;WIDTH:0.439999
G1 X12.426 Y14.732 E.01116
G1 X13.741 Y13.416 E.0502
G1 X14.315 Y13.416 E.01549
G1 X12.426 Y15.305 E.07209
G1 X12.426 Y15.879 E.01549
G1 X14.889 Y13.416 E.09399
G1 X15.462 Y13.416 E.01546
G1 X12.426 Y16.453 E.11588
G1 X12.426 Y17.026 E.01546
G1 X16.036 Y13.416 E.13777
G1 X16.61 Y13.416 E.01549
G1 X12.426 Y17.6 E.15967
G1 X12.426 Y18.174 E.01549
G1 X17.184 Y13.416 E.18158
G1 X17.757 Y13.416 E.01546
G1 X12.426 Y18.747 E.20344
G1 X12.426 Y19.321 E.01549
G1 X18.331 Y13.416 E.22535
G1 X18.905 Y13.416 E.01549
G1 X12.426 Y19.895 E.24725
G1 X12.426 Y20.469 E.01549
G1 X19.478 Y13.416 E.26914
G1 X20.052 Y13.416 E.01549
G1 X12.426 Y21.042 E.29103
G1 X12.426 Y21.616 E.01549
G1 X20.626 Y13.416 E.31293
G1 X21.199 Y13.416 E.01546
G1 X12.426 Y22.19 E.33482
G1 X12.426 Y22.763 E.01546
G1 X21.773 Y13.416 E.3567
G1 X22.347 Y13.416 E.01549
G1 X12.426 Y23.337 E.37861
G1 X12.426 Y23.911 E.01549
G1 X22.92 Y13.416 E.40049
G1 X23.494 Y13.416 E.01549
G1 X12.426 Y24.484 E.42238
G1 X12.426 Y25.058 E.01549
G1 X24.068 Y13.416 E.44429
G1 X24.642 Y13.416 E.01549
G1 X12.426 Y25.632 E.46619
G1 X12.426 Y26.205 E.01546
G1 X25.215 Y13.416 E.48806
G1 X25.789 Y13.416 E.01549
G1 X12.426 Y26.779 E.50996
G1 X12.426 Y27.353 E.01549
G1 X26.363 Y13.416 E.53187
G1 X26.936 Y13.416 E.01546
G1 X12.426 Y27.927 E.55375
G1 X12.426 Y28.5 E.01546
G1 X27.51 Y13.416 E.57564
G1 X28.084 Y13.416 E.01549
G1 X12.426 Y29.074 E.59755
G1 X12.426 Y29.648 E.01549
G1 X28.657 Y13.416 E.61943
G1 X29.231 Y13.416 E.01549
G1 X12.426 Y30.221 E.64132
G1 X12.426 Y30.795 E.01549
G1 X29.805 Y13.416 E.66322
G1 X30.379 Y13.416 E.01549
G1 X12.426 Y31.369 E.68513
G1 X12.426 Y31.942 E.01546
G1 X30.952 Y13.416 E.70699
G1 X31.526 Y13.416 E.01549
G1 X12.426 Y32.516 E.7289
G1 X12.426 Y33.09 E.01549
G1 X32.1 Y13.416 E.7508
G1 X32.673 Y13.416 E.01546
G1 X12.426 Y33.664 E.77269
G1 X12.426 Y34.237 E.01546
G1 X33.247 Y13.416 E.79458
G1 X33.821 Y13.416 E.01549
G1 X12.426 Y34.811 E.81648
G1 X12.426 Y35.385 E.01549
G1 X34.394 Y13.416 E.83837
G1 X34.968 Y13.416 E.01549
G1 X12.426 Y35.958 E.86025
G1 X12.426 Y36.532 E.01549
G1 X35.542 Y13.416 E.88216
G1 X36.115 Y13.416 E.01546
G1 X12.426 Y37.106 E.90405
G1 X12.426 Y37.679 E.01546
G1 X36.689 Y13.416 E.92593
G1 X37.263 Y13.416 E.01549
G1 X12.426 Y38.253 E.94784
G1 X12.426 Y38.827 E.01549
G1 X37.837 Y13.416 E.96974
G1 X38.41 Y13.416 E.01546
G1 X12.426 Y39.4 E.99161
G1 X12.426 Y39.974 E.01549
G1 X38.984 Y13.416 E1.01351
G1 X39.558 Y13.416 E.01549
G1 X12.426 Y40.548 E1.03542
G1 X12.426 Y41.122 E.01549
G1 X40.131 Y13.416 E1.05731
G1 X40.705 Y13.416 E.01549
G1 X12.426 Y41.695 E1.07919
G1 X12.426 Y42.269 E.01549
G1 X41.279 Y13.416 E1.1011
G1 X41.852 Y13.416 E.01546
G1 X12.426 Y42.843 E1.12298
G1 X12.426 Y43.416 E.01546
G1 X42.426 Y13.416 E1.14487
G1 X43 Y13.416 E.01549
G1 X12.426 Y43.99 E1.16677
G1 X12.426 Y44.564 E.01549
G1 X43.573 Y13.416 E1.18866
G1 X44.147 Y13.416 E.01549
G1 X12.426 Y45.137 E1.21055
G1 X12.426 Y45.711 E.01549
G1 X44.721 Y13.416 E1.23245
G1 X45.295 Y13.416 E.01549
G1 X12.426 Y46.285 E1.25436
G1 X12.426 Y46.858 E.01546
G1 X45.868 Y13.416 E1.27622
G1 X46.442 Y13.416 E.01549
G1 X12.426 Y47.432 E1.29813
G1 X12.426 Y48.006 E.01549
G1 X47.016 Y13.416 E1.32003
G1 X47.589 Y13.416 E.01546
G1 X12.426 Y48.58 E1.34192
G1 X12.426 Y49.153 E.01546
G1 X48.163 Y13.416 E1.36381
G1 X48.737 Y13.416 E.01549
G1 X12.426 Y49.727 E1.38571
G1 X12.426 Y50.301 E.01549
G1 X49.31 Y13.416 E1.4076
G1 X49.884 Y13.416 E.01549
G1 X12.426 Y50.874 E1.42948
G1 X12.426 Y51.448 E.01549
G1 X50.458 Y13.416 E1.45139
G1 X51.031 Y13.416 E.01546
G1 X12.426 Y52.022 E1.47327
G1 X12.426 Y52.595 E.01546
G1 X51.605 Y13.416 E1.49516
G1 X52.179 Y13.416 E.01549
G1 X12.426 Y53.169 E1.51707
G1 X12.426 Y53.743 E.01549
G1 X52.753 Y13.416 E1.53897
G1 X53.326 Y13.416 E.01546
G1 X12.426 Y54.316 E1.56084
G1 X12.426 Y54.89 E.01549
G1 X53.9 Y13.416 E1.58274
G1 X54.474 Y13.416 E.01549
G1 X12.426 Y55.464 E1.60465
G1 X12.426 Y56.038 E.01549
G1 X55.047 Y13.416 E1.62653
G1 X55.621 Y13.416 E.01549
G1 X12.426 Y56.611 E1.64842
G1 X12.426 Y57.185 E.01549
G1 X56.195 Y13.416 E1.67033
G1 X56.768 Y13.416 E.01546
G1 X12.426 Y57.759 E1.69221
G1 X12.426 Y58.332 E.01546
G1 X57.342 Y13.416 E1.7141
G1 X57.916 Y13.416 E.01549
G1 X12.426 Y58.906 E1.736
G1 X12.426 Y59.48 E.01549
G1 X58.49 Y13.416 E1.75791
G1 X59.063 Y13.416 E.01546
G1 X12.426 Y60.053 E1.77977
G1 X12.426 Y60.627 E.01549
G1 X59.637 Y13.416 E1.80168
G1 X60.211 Y13.416 E.01549
G1 X12.426 Y61.201 E1.82358
G1 X12.426 Y61.775 E.01549
G1 X60.784 Y13.416 E1.84547
G1 X61.358 Y13.416 E.01549
G1 X12.426 Y62.348 E1.86736
G1 X12.426 Y62.922 E.01549
G1 X61.932 Y13.416 E1.88926
G1 X62.505 Y13.416 E.01546
G1 X12.426 Y63.496 E1.91115
G1 X12.426 Y64.069 E.01546
G1 X63.079 Y13.416 E1.93303
G1 X63.653 Y13.416 E.01549
G1 X12.426 Y64.643 E1.95494
G1 X12.426 Y65.217 E.01549
G1 X64.226 Y13.416 E1.97683
G1 X64.779 Y13.438 E.01493
G1 X12.426 Y65.79 E1.99789
G1 X12.426 Y66.364 E.01549
G1 X64.779 Y14.011 E1.99791
G1 X64.779 Y14.585 E.01549
G1 X12.426 Y66.938 E1.99791
G1 X12.426 Y67.511 E.01546
G1 X64.779 Y15.159 E1.99789
G1 X64.779 Y15.733 E.01549
G1 X12.426 Y68.085 E1.99789
G1 X12.426 Y68.659 E.01549
G1 X64.779 Y16.306 E1.99791
G1 X64.779 Y16.88 E.01549
G1 X12.426 Y69.233 E1.99791
G1 X12.426 Y69.806 E.01546
G1 X64.779 Y17.454 E1.99789
G1 X64.779 Y18.027 E.01546
G1 X12.426 Y70.38 E1.99791
G1 X12.426 Y70.954 E.01549
G1 X64.779 Y18.601 E1.99791
G1 X64.779 Y19.175 E.01549
G1 X12.426 Y71.527 E1.99789
G1 X12.426 Y72.101 E.01549
G1 X64.779 Y19.748 E1.99791
G1 X64.779 Y20.322 E.01549
G1 X12.426 Y72.675 E1.99791
G1 X12.426 Y73.248 E.01546
G1 X64.779 Y20.896 E1.99789
G1 X64.779 Y21.469 E.01546
G1 X12.426 Y73.822 E1.99791
G1 X12.426 Y74.396 E.01549
G1 X64.779 Y22.043 E1.99791
G1 X64.779 Y22.617 E.01549
G1 X12.426 Y74.969 E1.99789
G1 X12.426 Y75.543 E.01549
G1 X64.779 Y23.191 E1.99789
G1 X64.779 Y23.764 E.01546
G1 X12.426 Y76.117 E1.99791
G1 X12.426 Y76.691 E.01549
G1 X64.779 Y24.338 E1.99791
G1 X64.779 Y24.912 E.01549
G1 X12.426 Y77.264 E1.99789
G1 X12.426 Y77.838 E.01549
G1 X64.779 Y25.485 E1.99791
G1 X64.779 Y26.059 E.01549
G1 X12.426 Y78.412 E1.99791
G1 X12.426 Y78.985 E.01546
G1 X64.779 Y26.633 E1.99789
G1 X64.779 Y27.206 E.01546
G1 X12.426 Y79.559 E1.99791
G1 X12.426 Y80.133 E.01549
G1 X64.779 Y27.78 E1.99791
G1 X64.779 Y28.354 E.01549
G1 X12.426 Y80.706 E1.99789
G1 X12.426 Y81.28 E.01549
G1 X64.779 Y28.928 E1.99789
G1 X64.779 Y29.501 E.01546
G1 X12.426 Y81.854 E1.99791
G1 X12.426 Y82.428 E.01549
G1 X64.779 Y30.075 E1.99791
G1 X64.779 Y30.649 E.01549
G1 X12.426 Y83.001 E1.99789
G1 X12.426 Y83.575 E.01549
G1 X64.779 Y31.222 E1.99791
G1 X64.779 Y31.796 E.01549
G1 X12.426 Y84.149 E1.99791
G1 X12.426 Y84.722 E.01546
G1 X64.779 Y32.37 E1.99789
G1 X64.779 Y32.943 E.01546
G1 X12.426 Y85.296 E1.99791
G1 X12.426 Y85.87 E.01549
G1 X64.779 Y33.517 E1.99791
G1 X64.779 Y34.091 E.01549
G1 X12.426 Y86.443 E1.99789
G1 X12.426 Y87.017 E.01549
G1 X64.779 Y34.664 E1.99791
G1 X64.779 Y35.238 E.01549
G1 X12.426 Y87.591 E1.99791
G1 X12.426 Y88.164 E.01546
G1 X64.779 Y35.812 E1.99789
G1 X64.779 Y36.386 E.01549
G1 X12.426 Y88.738 E1.99789
G1 X12.426 Y89.312 E.01549
G1 X64.779 Y36.959 E1.99791
G1 X64.779 Y37.533 E.01549
G1 X12.426 Y89.886 E1.99791
G1 X12.426 Y90.459 E.01546
G1 X64.779 Y38.107 E1.99789
G1 X64.779 Y38.68 E.01546
G1 X12.426 Y91.033 E1.99791
G1 X12.426 Y91.607 E.01549
G1 X64.779 Y39.254 E1.99791
G1 X64.779 Y39.828 E.01549
G1 X12.426 Y92.18 E1.99789
G1 X12.426 Y92.754 E.01549
G1 X64.779 Y40.401 E1.99791
G1 X64.779 Y40.975 E.01549
G1 X12.426 Y93.328 E1.99791
G1 X12.426 Y93.901 E.01546
G1 X64.779 Y41.549 E1.99789
G1 X64.779 Y42.122 E.01546
G1 X12.426 Y94.475 E1.99791
G1 X12.426 Y95.049 E.01549
G1 X64.779 Y42.696 E1.99791
G1 X64.779 Y43.27 E.01549
G1 X12.426 Y95.622 E1.99789
G1 X12.426 Y96.196 E.01549
G1 X64.779 Y43.844 E1.99789
G1 X64.779 Y44.417 E.01546
G1 X12.426 Y96.77 E1.99791
G1 X12.426 Y97.344 E.01549
G1 X64.779 Y44.991 E1.99791
G1 X64.779 Y45.565 E.01549
G1 X12.426 Y97.917 E1.99789
G1 X12.426 Y98.491 E.01549
G1 X64.779 Y46.138 E1.99791
G1 X64.779 Y46.712 E.01549
G1 X12.426 Y99.065 E1.99791
G1 X12.426 Y99.638 E.01546
G1 X64.779 Y47.286 E1.99789
G1 X64.779 Y47.859 E.01546
G1 X12.426 Y100.212 E1.99791
G1 X12.426 Y100.786 E.01549
G1 X64.779 Y48.433 E1.99791
G1 X64.779 Y49.007 E.01549
G1 X12.426 Y101.359 E1.99789
G1 X12.426 Y101.933 E.01549
G1 X64.779 Y49.58 E1.99791
G1 X64.779 Y50.154 E.01549
G1 X12.426 Y102.507 E1.99791
G1 X12.426 Y103.08 E.01546
G1 X64.779 Y50.728 E1.99789
G1 X64.779 Y51.302 E.01549
G1 X12.426 Y103.654 E1.99789
G1 X12.426 Y104.228 E.01549
G1 X64.779 Y51.875 E1.99791
G1 X64.779 Y52.449 E.01549
G1 X12.426 Y104.802 E1.99791
G1 X12.426 Y105.375 E.01546
G1 X64.779 Y53.023 E1.99789
G1 X64.779 Y53.596 E.01546
G1 X12.426 Y105.949 E1.99791
G1 X12.426 Y106.523 E.01549
G1 X64.779 Y54.17 E1.99791
G1 X64.779 Y54.744 E.01549
G1 X12.426 Y107.096 E1.99789
G1 X12.426 Y107.67 E.01549
G1 X64.779 Y55.317 E1.99791
G1 X64.779 Y55.891 E.01549
G1 X12.426 Y108.244 E1.99791
G1 X12.426 Y108.817 E.01546
G1 X64.779 Y56.465 E1.99789
G1 X64.779 Y57.039 E.01549
G1 X12.426 Y109.391 E1.99789
G1 X12.426 Y109.965 E.01549
G1 X64.779 Y57.612 E1.99791
G1 X64.779 Y58.186 E.01549
G1 X12.426 Y110.539 E1.99791
G1 X12.426 Y111.112 E.01546
G1 X64.779 Y58.76 E1.99789
G1 X64.779 Y59.333 E.01546
G1 X12.426 Y111.686 E1.99791
G1 X12.426 Y112.26 E.01549
G1 X64.779 Y59.907 E1.99791
G1 X64.779 Y60.481 E.01549
G1 X12.426 Y112.833 E1.99789
G1 X12.426 Y113.407 E.01549
G1 X64.779 Y61.054 E1.99791
G1 X64.779 Y61.628 E.01549
G1 X12.426 Y113.981 E1.99791
G1 X12.426 Y114.554 E.01546
G1 X64.779 Y62.202 E1.99789
G1 X64.779 Y62.775 E.01546
G1 X12.426 Y115.128 E1.99791
G1 X12.471 Y115.921 E.02143
;WIDTH:0.374336
G1 X12.286 Y115.909 E.00419
;WIDTH:0.407168
G1 X12.356 Y115.805 E.00311
;WIDTH:0.439999
G1 X12.426 Y115.702 E.00336
G1 X64.779 Y63.349 E1.99791
G1 X64.779 Y63.923 E.01549
G1 X12.933 Y115.769 E1.97856
G1 X13.506 Y115.769 E.01546
G1 X64.779 Y64.497 E1.95668
G1 X64.779 Y65.07 E.01546
G1 X14.08 Y115.769 E1.93479
G1 X14.654 Y115.769 E.01549
G1 X64.779 Y65.644 E1.91288
G1 X64.779 Y66.218 E.01549
G1 X15.227 Y115.769 E1.891
G1 X15.801 Y115.769 E.01549
G1 X64.779 Y66.791 E1.86911
G1 X64.779 Y67.365 E.01549
G1 X16.375 Y115.769 E1.84721
G1 X16.948 Y115.769 E.01546
G1 X64.779 Y67.939 E1.82532
G1 X64.779 Y68.512 E.01546
G1 X17.522 Y115.769 E1.80344
G1 X18.096 Y115.769 E.01549
G1 X64.779 Y69.086 E1.78153
G1 X64.779 Y69.66 E.01549
G1 X18.67 Y115.769 E1.75963
G1 X19.243 Y115.769 E.01546
G1 X64.779 Y70.233 E1.73776
G1 X64.779 Y70.807 E.01549
G1 X19.817 Y115.769 E1.71585
G1 X20.391 Y115.769 E.01549
G1 X64.779 Y71.381 E1.69395
G1 X64.779 Y71.955 E.01549
G1 X20.964 Y115.769 E1.67206
G1 X21.538 Y115.769 E.01549
G1 X64.779 Y72.528 E1.65018
G1 X64.779 Y73.102 E.01549
G1 X22.112 Y115.769 E1.62827
G1 X22.685 Y115.769 E.01546
G1 X64.779 Y73.676 E1.60638
G1 X64.779 Y74.249 E.01546
G1 X23.259 Y115.769 E1.5845
G1 X23.833 Y115.769 E.01549
G1 X64.779 Y74.823 E1.56259
G1 X64.779 Y75.397 E.01549
G1 X24.406 Y115.769 E1.54071
G1 X24.98 Y115.769 E.01549
G1 X64.779 Y75.97 E1.51882
G1 X64.779 Y76.544 E.01549
G1 X25.554 Y115.769 E1.49692
G1 X26.128 Y115.769 E.01549
G1 X64.779 Y77.118 E1.47501
G1 X64.779 Y77.691 E.01546
G1 X26.701 Y115.769 E1.45314
G1 X27.275 Y115.769 E.01549
G1 X64.779 Y78.265 E1.43124
G1 X64.779 Y78.839 E.01549
G1 X27.849 Y115.769 E1.40933
G1 X28.422 Y115.769 E.01546
G1 X64.779 Y79.413 E1.38745
G1 X64.779 Y79.986 E.01546
G1 X28.996 Y115.769 E1.36556
G1 X29.57 Y115.769 E.01549
G1 X64.779 Y80.56 E1.34366
G1 X64.779 Y81.134 E.01549
G1 X30.143 Y115.769 E1.32177
G1 X30.717 Y115.769 E.01549
G1 X64.779 Y81.707 E1.29988
G1 X64.779 Y82.281 E.01549
G1 X31.291 Y115.769 E1.27798
G1 X31.864 Y115.769 E.01546
G1 X64.779 Y82.855 E1.25609
G1 X64.779 Y83.428 E.01546
G1 X32.438 Y115.769 E1.23421
G1 X33.012 Y115.769 E.01549
G1 X64.779 Y84.002 E1.2123
G1 X64.779 Y84.576 E.01549
G1 X33.586 Y115.769 E1.1904
G1 X34.159 Y115.769 E.01546
G1 X64.779 Y85.15 E1.16851
G1 X64.779 Y85.723 E.01546
G1 X34.733 Y115.769 E1.14662
G1 X35.307 Y115.769 E.01549
G1 X64.779 Y86.297 E1.12472
G1 X64.779 Y86.871 E.01549
G1 X35.88 Y115.769 E1.10283
G1 X36.454 Y115.769 E.01549
G1 X64.779 Y87.444 E1.08095
G1 X64.779 Y88.018 E.01549
G1 X37.028 Y115.769 E1.05904
G1 X37.601 Y115.769 E.01546
G1 X64.779 Y88.592 E1.03716
G1 X64.779 Y89.165 E.01546
G1 X38.175 Y115.769 E1.01527
G1 X38.749 Y115.769 E.01549
G1 X64.779 Y89.739 E.99336
G1 X64.779 Y90.313 E.01549
G1 X39.323 Y115.769 E.97146
G1 X39.896 Y115.769 E.01546
G1 X64.779 Y90.886 E.94959
G1 X64.779 Y91.46 E.01549
G1 X40.47 Y115.769 E.92769
G1 X41.044 Y115.769 E.01549
G1 X64.779 Y92.034 E.90578
G1 X64.779 Y92.608 E.01549
G1 X41.617 Y115.769 E.8839
G1 X42.191 Y115.769 E.01549
G1 X64.779 Y93.181 E.86201
G1 X64.779 Y93.755 E.01549
G1 X42.765 Y115.769 E.8401
G1 X43.338 Y115.769 E.01546
G1 X64.779 Y94.329 E.81822
G1 X64.779 Y94.902 E.01546
G1 X43.912 Y115.769 E.79633
G1 X44.486 Y115.769 E.01549
G1 X64.779 Y95.476 E.77443
G1 X64.779 Y96.05 E.01549
G1 X45.059 Y115.769 E.75254
G1 X45.633 Y115.769 E.01549
G1 X64.779 Y96.623 E.73066
G1 X64.779 Y97.197 E.01549
G1 X46.207 Y115.769 E.70875
G1 X46.781 Y115.769 E.01549
G1 X64.779 Y97.771 E.68684
G1 X64.779 Y98.344 E.01546
G1 X47.354 Y115.769 E.66498
G1 X47.928 Y115.769 E.01549
G1 X64.779 Y98.918 E.64307
G1 X64.779 Y99.492 E.01549
G1 X48.502 Y115.769 E.62117
G1 X49.075 Y115.769 E.01546
G1 X64.779 Y100.066 E.59928
G1 X64.779 Y100.639 E.01546
G1 X49.649 Y115.769 E.5774
G1 X50.223 Y115.769 E.01549
G1 X64.779 Y101.213 E.55549
G1 X64.779 Y101.787 E.01549
G1 X50.796 Y115.769 E.5336
G1 X51.37 Y115.769 E.01549
G1 X64.779 Y102.36 E.51172
G1 X64.779 Y102.934 E.01549
G1 X51.944 Y115.769 E.48981
G1 X52.517 Y115.769 E.01546
G1 X64.779 Y103.508 E.46793
G1 X64.779 Y104.081 E.01546
G1 X53.091 Y115.769 E.44604
G1 X53.665 Y115.769 E.01549
G1 X64.779 Y104.655 E.42414
G1 X64.779 Y105.229 E.01549
G1 X54.239 Y115.769 E.40223
G1 X54.812 Y115.769 E.01546
G1 X64.779 Y105.803 E.38034
G1 X64.779 Y106.376 E.01546
G1 X55.386 Y115.769 E.35846
G1 X55.96 Y115.769 E.01549
G1 X64.779 Y106.95 E.33655
G1 X64.779 Y107.524 E.01549
G1 X56.533 Y115.769 E.31467
G1 X57.107 Y115.769 E.01549
G1 X64.779 Y108.097 E.29278
G1 X64.779 Y108.671 E.01549
G1 X57.681 Y115.769 E.27088
G1 X58.254 Y115.769 E.01546
G1 X64.779 Y109.245 E.24899
G1 X64.779 Y109.818 E.01546
G1 X58.828 Y115.769 E.2271
G1 X59.402 Y115.769 E.01549
G1 X64.779 Y110.392 E.2052
G1 X64.779 Y110.966 E.01549
G1 X59.976 Y115.769 E.18329
G1 X60.549 Y115.769 E.01546
G1 X64.779 Y111.539 E.16143
G1 X64.779 Y112.113 E.01549
G1 X61.123 Y115.769 E.13952
G1 X61.697 Y115.769 E.01549
G1 X64.779 Y112.687 E.11762
G1 X64.779 Y113.261 E.01549
G1 X62.27 Y115.769 E.09573
G1 X62.844 Y115.769 E.01549
G1 X64.779 Y113.834 E.07384
G1 X64.779 Y115.769 E.05222
G1 X63.418 Y115.769 E.03673
G1 X64.635 Y114.551 E.04646
G1 E-3.5
;WIPE_START
G1 F7200
G1 X63.418 Y115.769 E-.81786
G1 X64.779 Y115.769 E-.64647
G1 X64.779 Y115.694 E-.03567
;WIPE_END
; stop printing object Arduino_gehäuse-Unterteil.stl id:0 copy 0
; printing object leuchte_led_halter-Halter.stl id:1 copy 5
G1 X70.422 Y78.547 F9000
G1 E5 F2400
;TYPE:External perimeter
;WIDTH:0.374336
G1 F1800
G1 X75.064 Y78.547 E.10499
G1 X75.172 Y78.569 E.00249
G1 X75.172 Y81.189 E.05926
G1 X75.15 Y81.297 E.00249
G1 X70.422 Y81.297 E.10693
G1 E-3.5 F3600
;WIPE_START
G1 F7200
G1 X73.58 Y81.297 E-1.5
;WIPE_END
; stop printing object leuchte_led_halter-Halter.stl id:1 copy 5
; printing object leuchte_led_halter-Halter.stl id:1 copy 4
G1 X70.747 Y71.777 F9000
G1 E5 F2400
G1 F1800
G1 X75.389 Y71.777 E.10499
G1 X75.497 Y71.799 E.00249
G1 X75.497 Y74.419 E.05926
G1 X75.475 Y74.527 E.00249
G1 X70.747 Y74.527 E.10693
G1 E-3.5 F3600
;WIPE_START
G1 F7200
G1 X73.905 Y74.527 E-1.5
;WIPE_END
; stop printing object leuchte_led_halter-Halter.stl id:1 copy 4
; printing object leuchte_led_halter-Halter.stl id:1 copy 3
G1 X70.031 Y64.206 F9000
G1 E5 F2400
G1 F1800
G1 X74.673 Y64.206 E.10499
G1 X74.781 Y64.229 E.0025
G1 X74.781 Y66.849 E.05926
G1 X74.759 Y66.956 E.00247
G1 X70.031 Y66.956 E.10693
G1 E-3.5 F3600
;WIPE_START
G1 F7200
G1 X73.189 Y66.956 E-1.5
;WIPE_END
; stop printing object leuchte_led_halter-Halter.stl id:1 copy 3
; printing object leuchte_led_halter-Halter.stl id:1 copy 2
G1 X69.425 Y57.291 F9000
G1 E5 F2400
G1 F1800
G1 X74.067 Y57.291 E.10499
G1 X74.175 Y57.313 E.00249
G1 X74.175 Y59.933 E.05926
G1 X74.152 Y60.041 E.0025
G1 X69.425 Y60.041 E.10691
G1 E-3.5 F3600
;WIPE_START
G1 F7200
G1 X72.583 Y60.041 E-1.5
;WIPE_END
; stop printing object leuchte_led_halter-Halter.stl id:1 copy 2
; printing object leuchte_led_halter-Halter.stl id:1 copy 1
G1 X69.471 Y51.765 F9000
G1 E5 F2400
G1 F1800
G1 X74.113 Y51.765 E.10499
G1 X74.221 Y51.787 E.00249
G1 X74.221 Y54.407 E.05926
G1 X74.199 Y54.515 E.00249
G1 X69.471 Y54.515 E.10693
G1 E-3.5 F3600
;WIPE_START
G1 F7200
G1 X72.629 Y54.515 E-1.5
;WIPE_END
; stop printing object leuchte_led_halter-Halter.stl id:1 copy 1
; printing object leuchte_led_halter-Halter.stl id:1 copy 0
G1 X70.217 Y45.628 F9000
G1 E5 F2400
G1 F1800
G1 X74.859 Y45.628 E.10499
G1 X74.967 Y45.65 E.00249
G1 X74.967 Y48.27 E.05926
G1 X74.945 Y48.378 E.00249
G1 X70.217 Y48.378 E.10693
;LAYER_CHANGE
;Z:1.8
;HEIGHT:0.16
;BEFORE_LAYER_CHANGE
G92 E0
;1.8


G1 E-3.5 F3600
;WIPE_START
G1 F7200
G1 X73.375 Y48.378 E-1.5
;WIPE_END
G1 Z1.8 F9000
;AFTER_LAYER_CHANGE
;1.8
; stop printing object leuchte_led_halter-Halter.stl id:1 copy 0
; printing object Arduino_gehäuse-Unterteil.stl id:0 copy 0
G1 X65.091 Y13.104
G1 E5 F2400
;TYPE:Perimeter
;WIDTH:0.439999
G1 F3600
G1 X65.091 Y116.081 E2.77882
G1 X12.114 Y116.081 E1.42957
G1 X12.114 Y13.104 E2.77882
G1 X65.031 Y13.104 E1.42796
G1 X65.497 Y12.698 F9000
G1 F3600
G1 X65.497 Y116.487 E2.80073
G1 X11.708 Y116.487 E1.45149
G1 X11.708 Y12.698 E2.80073
G1 X65.437 Y12.698 E1.44987
G1 X65.892 Y12.303 F9000
;TYPE:External perimeter
;WIDTH:0.419999
G1 F1800
G1 X65.892 Y116.883 E2.68294
G1 X11.312 Y116.883 E1.40022
G1 X11.312 Y12.303 E2.68294
G1 X65.832 Y12.303 E1.39868
G1 E-3.5 F3600
;WIPE_START
G1 F7200
G1 X65.892 Y12.303 E-.0285
G1 X65.892 Y15.401 E-1.4715
;WIPE_END
G1 X12.459 Y115.659 F9000
G1 E5 F2400
;TYPE:Solid infill
;WIDTH:0.538422
G1 F3600
G1 X12.414 Y115.703 E.00211
G1 X12.431 Y115.764 E.00212
G1 X12.491 Y115.78 E.00208
G1 X12.536 Y115.736 E.00211
G1 X12.52 Y115.675 E.00211
;WIDTH:0.439999
G1 X13.168 Y115.769 E.01767
G1 X12.426 Y115.027 E.02832
G1 X12.354 Y114.934 E.00317
;WIDTH:0.407168
G1 X12.283 Y114.841 E.0029
;WIDTH:0.374336
G1 X12.294 Y114.882 E.00096
G1 X12.223 Y114.901 E.00166
G1 X12.242 Y114.83 E.00166
;WIDTH:0.439999
G1 X12.426 Y114.453 E.01132
G1 X13.741 Y115.769 E.0502
G1 X14.315 Y115.769 E.01549
G1 X12.426 Y113.88 E.07209
G1 X12.426 Y113.306 E.01549
G1 X14.889 Y115.769 E.09399
G1 X15.462 Y115.769 E.01546
G1 X12.426 Y112.732 E.11588
G1 X12.426 Y112.159 E.01546
G1 X16.036 Y115.769 E.13777
G1 X16.61 Y115.769 E.01549
G1 X12.426 Y111.585 E.15967
G1 X12.426 Y111.011 E.01549
G1 X17.184 Y115.769 E.18158
G1 X17.757 Y115.769 E.01546
G1 X12.426 Y110.438 E.20344
G1 X12.426 Y109.864 E.01549
G1 X18.331 Y115.769 E.22535
G1 X18.905 Y115.769 E.01549
G1 X12.426 Y109.29 E.24725
G1 X12.426 Y108.716 E.01549
G1 X19.478 Y115.769 E.26914
G1 X20.052 Y115.769 E.01549
G1 X12.426 Y108.143 E.29103
G1 X12.426 Y107.569 E.01549
G1 X20.626 Y115.769 E.31293
G1 X21.199 Y115.769 E.01546
G1 X12.426 Y106.995 E.33482
G1 X12.426 Y106.422 E.01546
G1 X21.773 Y115.769 E.3567
G1 X22.347 Y115.769 E.01549
G1 X12.426 Y105.848 E.37861
G1 X12.426 Y105.274 E.01549
G1 X22.92 Y115.769 E.40049
G1 X23.494 Y115.769 E.01549
G1 X12.426 Y104.701 E.42238
G1 X12.426 Y104.127 E.01549
G1 X24.068 Y115.769 E.44429
G1 X24.642 Y115.769 E.01549
G1 X12.426 Y103.553 E.46619
G1 X12.426 Y102.98 E.01546
G1 X25.215 Y115.769 E.48806
G1 X25.789 Y115.769 E.01549
G1 X12.426 Y102.406 E.50996
G1 X12.426 Y101.832 E.01549
G1 X26.363 Y115.769 E.53187
G1 X26.936 Y115.769 E.01546
G1 X12.426 Y101.258 E.55375
G1 X12.426 Y100.685 E.01546
G1 X27.51 Y115.769 E.57564
G1 X28.084 Y115.769 E.01549
G1 X12.426 Y100.111 E.59755
G1 X12.426 Y99.537 E.01549
G1 X28.657 Y115.769 E.61943
G1 X29.231 Y115.769 E.01549
G1 X12.426 Y98.964 E.64132
G1 X12.426 Y98.39 E.01549
G1 X29.805 Y115.769 E.66322
G1 X30.379 Y115.769 E.01549
G1 X12.426 Y97.816 E.68513
G1 X12.426 Y97.243 E.01546
G1 X30.952 Y115.769 E.70699
G1 X31.526 Y115.769 E.01549
G1 X12.426 Y96.669 E.7289
G1 X12.426 Y96.095 E.01549
G1 X32.1 Y115.769 E.7508
G1 X32.673 Y115.769 E.01546
G1 X12.426 Y95.521 E.77269
G1 X12.426 Y94.948 E.01546
G1 X33.247 Y115.769 E.79458
G1 X33.821 Y115.769 E.01549
G1 X12.426 Y94.374 E.81648
G1 X12.426 Y93.8 E.01549
G1 X34.394 Y115.769 E.83837
G1 X34.968 Y115.769 E.01549
G1 X12.426 Y93.227 E.86025
G1 X12.426 Y92.653 E.01549
G1 X35.542 Y115.769 E.88216
G1 X36.115 Y115.769 E.01546
G1 X12.426 Y92.079 E.90405
G1 X12.426 Y91.506 E.01546
G1 X36.689 Y115.769 E.92593
G1 X37.263 Y115.769 E.01549
G1 X12.426 Y90.932 E.94784
G1 X12.426 Y90.358 E.01549
G1 X37.837 Y115.769 E.96974
G1 X38.41 Y115.769 E.01546
G1 X12.426 Y89.785 E.99161
G1 X12.426 Y89.211 E.01549
G1 X38.984 Y115.769 E1.01351
G1 X39.558 Y115.769 E.01549
G1 X12.426 Y88.637 E1.03542
G1 X12.426 Y88.063 E.01549
G1 X40.131 Y115.769 E1.05731
G1 X40.705 Y115.769 E.01549
G1 X12.426 Y87.49 E1.07919
G1 X12.426 Y86.916 E.01549
G1 X41.279 Y115.769 E1.1011
G1 X41.852 Y115.769 E.01546
G1 X12.426 Y86.342 E1.12298
G1 X12.426 Y85.769 E.01546
G1 X42.426 Y115.769 E1.14487
G1 X43 Y115.769 E.01549
G1 X12.426 Y85.195 E1.16677
G1 X12.426 Y84.621 E.01549
G1 X43.573 Y115.769 E1.18866
G1 X44.147 Y115.769 E.01549
G1 X12.426 Y84.048 E1.21055
G1 X12.426 Y83.474 E.01549
G1 X44.721 Y115.769 E1.23245
G1 X45.295 Y115.769 E.01549
G1 X12.426 Y82.9 E1.25436
G1 X12.426 Y82.327 E.01546
G1 X45.868 Y115.769 E1.27622
G1 X46.442 Y115.769 E.01549
G1 X12.426 Y81.753 E1.29813
G1 X12.426 Y81.179 E.01549
G1 X47.016 Y115.769 E1.32003
G1 X47.589 Y115.769 E.01546
G1 X12.426 Y80.605 E1.34192
G1 X12.426 Y80.032 E.01546
G1 X48.163 Y115.769 E1.36381
G1 X48.737 Y115.769 E.01549
G1 X12.426 Y79.458 E1.38571
G1 X12.426 Y78.884 E.01549
G1 X49.31 Y115.769 E1.4076
G1 X49.884 Y115.769 E.01549
G1 X12.426 Y78.311 E1.42948
G1 X12.426 Y77.737 E.01549
G1 X50.458 Y115.769 E1.45139
G1 X51.031 Y115.769 E.01546
G1 X12.426 Y77.163 E1.47327
G1 X12.426 Y76.59 E.01546
G1 X51.605 Y115.769 E1.49516
G1 X52.179 Y115.769 E.01549
G1 X12.426 Y76.016 E1.51707
G1 X12.426 Y75.442 E.01549
G1 X52.753 Y115.769 E1.53897
G1 X53.326 Y115.769 E.01546
G1 X12.426 Y74.869 E1.56084
G1 X12.426 Y74.295 E.01549
G1 X53.9 Y115.769 E1.58274
G1 X54.474 Y115.769 E.01549
G1 X12.426 Y73.721 E1.60465
G1 X12.426 Y73.147 E.01549
G1 X55.047 Y115.769 E1.62653
G1 X55.621 Y115.769 E.01549
G1 X12.426 Y72.574 E1.64842
G1 X12.426 Y72 E.01549
G1 X56.195 Y115.769 E1.67033
G1 X56.768 Y115.769 E.01546
G1 X12.426 Y71.426 E1.69221
G1 X12.426 Y70.853 E.01546
G1 X57.342 Y115.769 E1.7141
G1 X57.916 Y115.769 E.01549
G1 X12.426 Y70.279 E1.736
G1 X12.426 Y69.705 E.01549
G1 X58.49 Y115.769 E1.75791
G1 X59.063 Y115.769 E.01546
G1 X12.426 Y69.132 E1.77977
G1 X12.426 Y68.558 E.01549
G1 X59.637 Y115.769 E1.80168
G1 X60.211 Y115.769 E.01549
G1 X12.426 Y67.984 E1.82358
G1 X12.426 Y67.41 E.01549
G1 X60.784 Y115.769 E1.84547
G1 X61.358 Y115.769 E.01549
G1 X12.426 Y66.837 E1.86736
G1 X12.426 Y66.263 E.01549
G1 X61.932 Y115.769 E1.88926
G1 X62.505 Y115.769 E.01546
G1 X12.426 Y65.689 E1.91115
G1 X12.426 Y65.116 E.01546
G1 X63.079 Y115.769 E1.93303
G1 X63.653 Y115.769 E.01549
G1 X12.426 Y64.542 E1.95494
G1 X12.426 Y63.968 E.01549
G1 X64.226 Y115.769 E1.97683
G1 X64.779 Y115.747 E.01493
G1 X12.426 Y63.395 E1.99789
G1 X12.426 Y62.821 E.01549
G1 X64.779 Y115.174 E1.99791
G1 X64.779 Y114.6 E.01549
G1 X12.426 Y62.247 E1.99791
G1 X12.426 Y61.674 E.01546
G1 X64.779 Y114.026 E1.99789
G1 X64.779 Y113.452 E.01549
G1 X12.426 Y61.1 E1.99789
G1 X12.426 Y60.526 E.01549
G1 X64.779 Y112.879 E1.99791
G1 X64.779 Y112.305 E.01549
G1 X12.426 Y59.952 E1.99791
G1 X12.426 Y59.379 E.01546
G1 X64.779 Y111.731 E1.99789
G1 X64.779 Y111.158 E.01546
G1 X12.426 Y58.805 E1.99791
G1 X12.426 Y58.231 E.01549
G1 X64.779 Y110.584 E1.99791
G1 X64.779 Y110.01 E.01549
G1 X12.426 Y57.658 E1.99789
G1 X12.426 Y57.084 E.01549
G1 X64.779 Y109.437 E1.99791
G1 X64.779 Y108.863 E.01549
G1 X12.426 Y56.51 E1.99791
G1 X12.426 Y55.937 E.01546
G1 X64.779 Y108.289 E1.99789
G1 X64.779 Y107.716 E.01546
G1 X12.426 Y55.363 E1.99791
G1 X12.426 Y54.789 E.01549
G1 X64.779 Y107.142 E1.99791
G1 X64.779 Y106.568 E.01549
G1 X12.426 Y54.216 E1.99789
G1 X12.426 Y53.642 E.01549
G1 X64.779 Y105.994 E1.99789
G1 X64.779 Y105.421 E.01546
G1 X12.426 Y53.068 E1.99791
G1 X12.426 Y52.494 E.01549
G1 X64.779 Y104.847 E1.99791
G1 X64.779 Y104.273 E.01549
G1 X12.426 Y51.921 E1.99789
G1 X12.426 Y51.347 E.01549
G1 X64.779 Y103.7 E1.99791
G1 X64.779 Y103.126 E.01549
G1 X12.426 Y50.773 E1.99791
G1 X12.426 Y50.2 E.01546
G1 X64.779 Y102.552 E1.99789
G1 X64.779 Y101.979 E.01546
G1 X12.426 Y49.626 E1.99791
G1 X12.426 Y49.052 E.01549
G1 X64.779 Y101.405 E1.99791
G1 X64.779 Y100.831 E.01549
G1 X12.426 Y48.479 E1.99789
G1 X12.426 Y47.905 E.01549
G1 X64.779 Y100.258 E1.99791
G1 X64.779 Y99.684 E.01549
G1 X12.426 Y47.331 E1.99791
G1 X12.426 Y46.757 E.01549
G1 X64.779 Y99.11 E1.99791
G1 X64.779 Y98.536 E.01549
G1 X12.426 Y46.184 E1.99789
G1 X12.426 Y45.61 E.01549
G1 X64.779 Y97.963 E1.99791
G1 X64.779 Y97.389 E.01549
G1 X12.426 Y45.036 E1.99791
G1 X12.426 Y44.463 E.01546
G1 X64.779 Y96.815 E1.99789
G1 X64.779 Y96.242 E.01546
G1 X12.426 Y43.889 E1.99791
G1 X12.426 Y43.315 E.01549
G1 X64.779 Y95.668 E1.99791
G1 X64.779 Y95.094 E.01549
G1 X12.426 Y42.742 E1.99789
G1 X12.426 Y42.168 E.01549
G1 X64.779 Y94.521 E1.99791
G1 X64.779 Y93.947 E.01549
G1 X12.426 Y41.594 E1.99791
G1 X12.426 Y41.021 E.01546
G1 X64.779 Y93.373 E1.99789
G1 X64.779 Y92.799 E.01549
G1 X12.426 Y40.447 E1.99789
G1 X12.426 Y39.873 E.01549
G1 X64.779 Y92.226 E1.99791
G1 X64.779 Y91.652 E.01549
G1 X12.426 Y39.299 E1.99791
G1 X12.426 Y38.726 E.01546
G1 X64.779 Y91.078 E1.99789
G1 X64.779 Y90.505 E.01546
G1 X12.426 Y38.152 E1.99791
G1 X12.426 Y37.578 E.01549
G1 X64.779 Y89.931 E1.99791
G1 X64.779 Y89.357 E.01549
G1 X12.426 Y37.005 E1.99789
G1 X12.426 Y36.431 E.01549
G1 X64.779 Y88.784 E1.99791
G1 X64.779 Y88.21 E.01549
G1 X12.426 Y35.857 E1.99791
G1 X12.426 Y35.284 E.01546
G1 X64.779 Y87.636 E1.99789
G1 X64.779 Y87.063 E.01546
G1 X12.426 Y34.71 E1.99791
G1 X12.426 Y34.136 E.01549
G1 X64.779 Y86.489 E1.99791
G1 X64.779 Y85.915 E.01549
G1 X12.426 Y33.563 E1.99789
G1 X12.426 Y32.989 E.01549
G1 X64.779 Y85.341 E1.99789
G1 X64.779 Y84.768 E.01546
G1 X12.426 Y32.415 E1.99791
G1 X12.426 Y31.841 E.01549
G1 X64.779 Y84.194 E1.99791
G1 X64.779 Y83.62 E.01549
G1 X12.426 Y31.268 E1.99789
G1 X12.426 Y30.694 E.01549
G1 X64.779 Y83.047 E1.99791
G1 X64.779 Y82.473 E.01549
G1 X12.426 Y30.12 E1.99791
G1 X12.426 Y29.547 E.01546
G1 X64.779 Y81.899 E1.99789
G1 X64.779 Y81.326 E.01546
G1 X12.426 Y28.973 E1.99791
G1 X12.426 Y28.399 E.01549
G1 X64.779 Y80.752 E1.99791
G1 X64.779 Y80.178 E.01549
G1 X12.426 Y27.826 E1.99789
G1 X12.426 Y27.252 E.01549
G1 X64.779 Y79.605 E1.99791
G1 X64.779 Y79.031 E.01549
G1 X12.426 Y26.678 E1.99791
G1 X12.426 Y26.105 E.01546
G1 X64.779 Y78.457 E1.99789
G1 X64.779 Y77.883 E.01549
G1 X12.426 Y25.531 E1.99789
G1 X12.426 Y24.957 E.01549
G1 X64.779 Y77.31 E1.99791
G1 X64.779 Y76.736 E.01549
G1 X12.426 Y24.383 E1.99791
G1 X12.426 Y23.81 E.01546
G1 X64.779 Y76.162 E1.99789
G1 X64.779 Y75.589 E.01546
G1 X12.426 Y23.236 E1.99791
G1 X12.426 Y22.662 E.01549
G1 X64.779 Y75.015 E1.99791
G1 X64.779 Y74.441 E.01549
G1 X12.426 Y22.089 E1.99789
G1 X12.426 Y21.515 E.01549
G1 X64.779 Y73.868 E1.99791
G1 X64.779 Y73.294 E.01549
G1 X12.426 Y20.941 E1.99791
G1 X12.426 Y20.368 E.01546
G1 X64.779 Y72.72 E1.99789
G1 X64.779 Y72.147 E.01546
G1 X12.426 Y19.794 E1.99791
G1 X12.426 Y19.22 E.01549
G1 X64.779 Y71.573 E1.99791
G1 X64.779 Y70.999 E.01549
G1 X12.426 Y18.646 E1.99791
G1 X12.426 Y18.073 E.01546
G1 X64.779 Y70.425 E1.99789
G1 X64.779 Y69.852 E.01546
G1 X12.426 Y17.499 E1.99791
G1 X12.426 Y16.925 E.01549
G1 X64.779 Y69.278 E1.99791
G1 X64.779 Y68.704 E.01549
G1 X12.426 Y16.352 E1.99789
G1 X12.426 Y15.778 E.01549
G1 X64.779 Y68.131 E1.99791
G1 X64.779 Y67.557 E.01549
G1 X12.426 Y15.204 E1.99791
G1 X12.426 Y14.631 E.01546
G1 X64.779 Y66.983 E1.99789
G1 X64.779 Y66.41 E.01546
G1 X12.426 Y14.057 E1.99791
G1 X12.426 Y13.483 E.01549
G1 X64.779 Y65.836 E1.99791
G1 X64.779 Y65.262 E.01549
G1 X12.933 Y13.416 E1.97856
G1 X13.506 Y13.416 E.01546
G1 X64.779 Y64.688 E1.95668
G1 X64.779 Y64.115 E.01546
G1 X14.08 Y13.416 E1.93479
G1 X14.654 Y13.416 E.01549
G1 X64.779 Y63.541 E1.91288
G1 X64.779 Y62.967 E.01549
G1 X15.227 Y13.416 E1.891
G1 X15.801 Y13.416 E.01549
G1 X64.779 Y62.394 E1.86911
G1 X64.779 Y61.82 E.01549
G1 X16.375 Y13.416 E1.84721
G1 X16.948 Y13.416 E.01546
G1 X64.779 Y61.246 E1.82532
G1 X64.779 Y60.673 E.01546
G1 X17.522 Y13.416 E1.80344
G1 X18.096 Y13.416 E.01549
G1 X64.779 Y60.099 E1.78153
G1 X64.779 Y59.525 E.01549
G1 X18.67 Y13.416 E1.75963
G1 X19.243 Y13.416 E.01546
G1 X64.779 Y58.952 E1.73776
G1 X64.779 Y58.378 E.01549
G1 X19.817 Y13.416 E1.71585
G1 X20.391 Y13.416 E.01549
G1 X64.779 Y57.804 E1.69395
G1 X64.779 Y57.23 E.01549
G1 X20.964 Y13.416 E1.67206
G1 X21.538 Y13.416 E.01549
G1 X64.779 Y56.657 E1.65018
G1 X64.779 Y56.083 E.01549
G1 X22.112 Y13.416 E1.62827
G1 X22.685 Y13.416 E.01546
G1 X64.779 Y55.509 E1.60638
G1 X64.779 Y54.936 E.01546
G1 X23.259 Y13.416 E1.5845
G1 X23.833 Y13.416 E.01549
G1 X64.779 Y54.362 E1.56259
G1 X64.779 Y53.788 E.01549
G1 X24.406 Y13.416 E1.54071
G1 X24.98 Y13.416 E.01549
G1 X64.779 Y53.215 E1.51882
G1 X64.779 Y52.641 E.01549
G1 X25.554 Y13.416 E1.49692
G1 X26.128 Y13.416 E.01549
G1 X64.779 Y52.067 E1.47501
G1 X64.779 Y51.494 E.01546
G1 X26.701 Y13.416 E1.45314
G1 X27.275 Y13.416 E.01549
G1 X64.779 Y50.92 E1.43124
G1 X64.779 Y50.346 E.01549
G1 X27.849 Y13.416 E1.40933
G1 X28.422 Y13.416 E.01546
G1 X64.779 Y49.772 E1.38745
G1 X64.779 Y49.199 E.01546
G1 X28.996 Y13.416 E1.36556
G1 X29.57 Y13.416 E.01549
G1 X64.779 Y48.625 E1.34366
G1 X64.779 Y48.051 E.01549
G1 X30.143 Y13.416 E1.32177
G1 X30.717 Y13.416 E.01549
G1 X64.779 Y47.478 E1.29988
G1 X64.779 Y46.904 E.01549
G1 X31.291 Y13.416 E1.27798
G1 X31.865 Y13.416 E.01549
G1 X64.779 Y46.33 E1.25607
G1 X64.779 Y45.757 E.01546
G1 X32.438 Y13.416 E1.23421
G1 X33.012 Y13.416 E.01549
G1 X64.779 Y45.183 E1.2123
G1 X64.779 Y44.609 E.01549
G1 X33.586 Y13.416 E1.1904
G1 X34.159 Y13.416 E.01546
G1 X64.779 Y44.035 E1.16851
G1 X64.779 Y43.462 E.01546
G1 X34.733 Y13.416 E1.14662
G1 X35.307 Y13.416 E.01549
G1 X64.779 Y42.888 E1.12472
G1 X64.779 Y42.314 E.01549
G1 X35.88 Y13.416 E1.10283
G1 X36.454 Y13.416 E.01549
G1 X64.779 Y41.741 E1.08095
G1 X64.779 Y41.167 E.01549
G1 X37.028 Y13.416 E1.05904
G1 X37.601 Y13.416 E.01546
G1 X64.779 Y40.593 E1.03716
G1 X64.779 Y40.02 E.01546
G1 X38.175 Y13.416 E1.01527
G1 X38.749 Y13.416 E.01549
G1 X64.779 Y39.446 E.99336
G1 X64.779 Y38.872 E.01549
G1 X39.323 Y13.416 E.97146
G1 X39.896 Y13.416 E.01546
G1 X64.779 Y38.299 E.94959
G1 X64.779 Y37.725 E.01549
G1 X40.47 Y13.416 E.92769
G1 X41.044 Y13.416 E.01549
G1 X64.779 Y37.151 E.90578
G1 X64.779 Y36.577 E.01549
G1 X41.617 Y13.416 E.8839
G1 X42.191 Y13.416 E.01549
G1 X64.779 Y36.004 E.86201
G1 X64.779 Y35.43 E.01549
G1 X42.765 Y13.416 E.8401
G1 X43.338 Y13.416 E.01546
G1 X64.779 Y34.856 E.81822
G1 X64.779 Y34.283 E.01546
G1 X43.912 Y13.416 E.79633
G1 X44.486 Y13.416 E.01549
G1 X64.779 Y33.709 E.77443
G1 X64.779 Y33.135 E.01549
G1 X45.059 Y13.416 E.75254
G1 X45.633 Y13.416 E.01549
G1 X64.779 Y32.562 E.73066
G1 X64.779 Y31.988 E.01549
G1 X46.207 Y13.416 E.70875
G1 X46.781 Y13.416 E.01549
G1 X64.779 Y31.414 E.68684
G1 X64.779 Y30.841 E.01546
G1 X47.354 Y13.416 E.66498
G1 X47.928 Y13.416 E.01549
G1 X64.779 Y30.267 E.64307
G1 X64.779 Y29.693 E.01549
G1 X48.502 Y13.416 E.62117
G1 X49.075 Y13.416 E.01546
G1 X64.779 Y29.119 E.59928
G1 X64.779 Y28.546 E.01546
G1 X49.649 Y13.416 E.5774
G1 X50.223 Y13.416 E.01549
G1 X64.779 Y27.972 E.55549
G1 X64.779 Y27.398 E.01549
G1 X50.796 Y13.416 E.5336
G1 X51.37 Y13.416 E.01549
G1 X64.779 Y26.825 E.51172
G1 X64.779 Y26.251 E.01549
G1 X51.944 Y13.416 E.48981
G1 X52.518 Y13.416 E.01549
G1 X64.779 Y25.677 E.46791
G1 X64.779 Y25.104 E.01546
G1 X53.091 Y13.416 E.44604
G1 X53.665 Y13.416 E.01549
G1 X64.779 Y24.53 E.42414
G1 X64.779 Y23.956 E.01549
G1 X54.239 Y13.416 E.40223
G1 X54.812 Y13.416 E.01546
G1 X64.779 Y23.383 E.38036
G1 X64.779 Y22.809 E.01549
G1 X55.386 Y13.416 E.35846
G1 X55.96 Y13.416 E.01549
G1 X64.779 Y22.235 E.33655
G1 X64.779 Y21.661 E.01549
G1 X56.533 Y13.416 E.31467
G1 X57.107 Y13.416 E.01549
G1 X64.779 Y21.088 E.29278
G1 X64.779 Y20.514 E.01549
G1 X57.681 Y13.416 E.27088
G1 X58.254 Y13.416 E.01546
G1 X64.779 Y19.94 E.24899
G1 X64.779 Y19.367 E.01546
G1 X58.828 Y13.416 E.2271
G1 X59.402 Y13.416 E.01549
G1 X64.779 Y18.793 E.2052
G1 X64.779 Y18.219 E.01549
G1 X59.976 Y13.416 E.18329
G1 X60.549 Y13.416 E.01546
G1 X64.779 Y17.646 E.16143
G1 X64.779 Y17.072 E.01549
G1 X61.123 Y13.416 E.13952
G1 X61.697 Y13.416 E.01549
G1 X64.779 Y16.498 E.11762
G1 X64.779 Y15.924 E.01549
G1 X62.27 Y13.416 E.09573
G1 X62.844 Y13.416 E.01549
G1 X64.779 Y15.351 E.07384
G1 E-3.5
;WIPE_START
G1 F7200
G1 X62.844 Y13.416 E-1.29984
G1 X62.423 Y13.416 E-.20016
;WIPE_END
G1 X63.561 Y13.56 F9000
G1 E5 F2400
G1 F3600
G1 X64.779 Y14.777 E.04646
G1 X64.779 Y13.416 E.03673
G1 X63.418 Y13.416 E.03673
G1 E-3.5
;WIPE_START
G1 F7200
G1 X64.779 Y13.416 E-.64647
G1 X64.779 Y14.777 E-.64648
G1 X64.471 Y14.469 E-.20705
;WIPE_END
; stop printing object Arduino_gehäuse-Unterteil.stl id:0 copy 0
; printing object leuchte_led_halter-Halter.stl id:1 copy 5
G1 X70.422 Y78.547 F9000
G1 E5 F2400
;TYPE:External perimeter
;WIDTH:0.374336
G1 F1800
G1 X75.064 Y78.547 E.10499
G1 X75.172 Y78.569 E.00249
G1 X75.172 Y81.189 E.05926
G1 X75.15 Y81.297 E.00249
G1 X70.422 Y81.297 E.10693
G1 E-3.5 F3600
;WIPE_START
G1 F7200
G1 X73.58 Y81.297 E-1.5
;WIPE_END
; stop printing object leuchte_led_halter-Halter.stl id:1 copy 5
; printing object leuchte_led_halter-Halter.stl id:1 copy 4
G1 X70.747 Y71.777 F9000
G1 E5 F2400
G1 F1800
G1 X75.389 Y71.777 E.10499
G1 X75.497 Y71.799 E.00249
G1 X75.497 Y74.419 E.05926
G1 X75.475 Y74.527 E.00249
G1 X70.747 Y74.527 E.10693
G1 E-3.5 F3600
;WIPE_START
G1 F7200
G1 X73.905 Y74.527 E-1.5
;WIPE_END
; stop printing object leuchte_led_halter-Halter.stl id:1 copy 4
; printing object leuchte_led_halter-Halter.stl id:1 copy 3
G1 X70.031 Y64.206 F9000
G1 E5 F2400
G1 F1800
G1 X74.673 Y64.206 E.10499
G1 X74.781 Y64.229 E.0025
G1 X74.781 Y66.849 E.05926
G1 X74.759 Y66.956 E.00247
G1 X70.031 Y66.956 E.10693
G1 E-3.5 F3600
;WIPE_START
G1 F7200
G1 X73.189 Y66.956 E-1.5
;WIPE_END
; stop printing object leuchte_led_halter-Halter.stl id:1 copy 3
; printing object leuchte_led_halter-Halter.stl id:1 copy 2
G1 X69.425 Y57.291 F9000
G1 E5 F2400
G1 F1800
G1 X74.067 Y57.291 E.10499
G1 X74.175 Y57.313 E.00249
G1 X74.175 Y59.933 E.05926
G1 X74.152 Y60.041 E.0025
G1 X69.425 Y60.041 E.10691
G1 E-3.5 F3600
;WIPE_START
G1 F7200
G1 X72.583 Y60.041 E-1.5
;WIPE_END
; stop printing object leuchte_led_halter-Halter.stl id:1 copy 2
; printing object leuchte_led_halter-Halter.stl id:1 copy 1
G1 X69.471 Y51.765 F9000
G1 E5 F2400
G1 F1800
G1 X74.113 Y51.765 E.10499
G1 X74.221 Y51.787 E.00249
G1 X74.221 Y54.407 E.05926
G1 X74.199 Y54.515 E.00249
G1 X69.471 Y54.515 E.10693
G1 E-3.5 F3600
;WIPE_START
G1 F7200
G1 X72.629 Y54.515 E-1.5
;WIPE_END
; stop printing object leuchte_led_halter-Halter.stl id:1 copy 1
; printing object leuchte_led_halter-Halter.stl id:1 copy 0
G1 X70.217 Y45.628 F9000
G1 E5 F2400
G1 F1800
G1 X74.859 Y45.628 E.10499
G1 X74.967 Y45.65 E.00249
G1 X74.967 Y48.27 E.05926
G1 X74.945 Y48.378 E.00249
G1 X70.217 Y48.378 E.10693
;LAYER_CHANGE
;Z:1.96
;HEIGHT:0.16
;BEFORE_LAYER_CHANGE
G92 E0
;1.96


G1 E-3.5 F3600
;WIPE_START
G1 F7200
G1 X73.375 Y48.378 E-1.5
;WIPE_END
G1 Z1.96 F9000
;AFTER_LAYER_CHANGE
;1.96
; stop printing object leuchte_led_halter-Halter.stl id:1 copy 0
; printing object Arduino_gehäuse-Unterteil.stl id:0 copy 0
G1 X65.091 Y13.104
G1 E5 F2400
;TYPE:Perimeter
;WIDTH:0.439999
G1 F3600
G1 X65.091 Y116.081 E2.77882
G1 X12.114 Y116.081 E1.42957
G1 X12.114 Y13.104 E2.77882
G1 X65.031 Y13.104 E1.42796
G1 X65.497 Y12.698 F9000
G1 F3600
G1 X65.497 Y116.487 E2.80073
G1 X11.708 Y116.487 E1.45149
G1 X11.708 Y12.698 E2.80073
G1 X65.437 Y12.698 E1.44987
G1 X65.892 Y12.303 F9000
;TYPE:External perimeter
;WIDTH:0.419999
G1 F1800
G1 X65.892 Y116.883 E2.68294
G1 X11.312 Y116.883 E1.40022
G1 X11.312 Y12.303 E2.68294
G1 X65.832 Y12.303 E1.39868
G1 E-3.5 F3600
;WIPE_START
G1 F7200
G1 X65.892 Y12.303 E-.0285
G1 X65.892 Y15.401 E-1.4715
;WIPE_END
G1 X64.963 Y115.212 F9000
G1 E5 F2400
;TYPE:Top solid infill
;WIDTH:0.400892
G1 F1800
G1 X64.387 Y115.789 E.01988
G1 X63.868 Y115.789 E.01265
G1 X64.799 Y114.858 E.0321
G1 X64.799 Y114.34 E.01263
G1 X63.35 Y115.789 E.04997
G1 X62.831 Y115.789 E.01265
G1 X64.799 Y113.822 E.06785
G1 X64.799 Y113.303 E.01265
G1 X62.313 Y115.789 E.08573
G1 X61.795 Y115.789 E.01263
G1 X64.799 Y112.785 E.10359
G1 X64.799 Y112.267 E.01263
G1 X61.276 Y115.789 E.12147
G1 X60.758 Y115.789 E.01263
G1 X64.799 Y111.748 E.13935
G1 X64.799 Y111.23 E.01263
G1 X60.239 Y115.789 E.15723
G1 X59.721 Y115.789 E.01263
G1 X64.799 Y110.711 E.17511
G1 X64.799 Y110.193 E.01263
G1 X59.203 Y115.789 E.19297
G1 X58.684 Y115.789 E.01265
G1 X64.799 Y109.675 E.21085
G1 X64.799 Y109.156 E.01265
G1 X58.166 Y115.789 E.22873
G1 X57.648 Y115.789 E.01263
G1 X64.799 Y108.638 E.24659
G1 X64.799 Y108.119 E.01265
G1 X57.129 Y115.789 E.26449
G1 X56.611 Y115.789 E.01263
G1 X64.799 Y107.601 E.28235
G1 X64.799 Y107.083 E.01263
G1 X56.092 Y115.789 E.30023
G1 X55.574 Y115.789 E.01263
G1 X64.799 Y106.564 E.31811
G1 X64.799 Y106.046 E.01263
G1 X55.056 Y115.789 E.33597
G1 X54.537 Y115.789 E.01265
G1 X64.799 Y105.527 E.35387
G1 X64.799 Y105.009 E.01263
G1 X54.019 Y115.789 E.37173
G1 X53.5 Y115.789 E.01265
G1 X64.799 Y104.491 E.38961
G1 X64.799 Y103.972 E.01265
G1 X52.982 Y115.789 E.40749
G1 X52.464 Y115.789 E.01263
G1 X64.799 Y103.454 E.42535
G1 X64.799 Y102.936 E.01263
G1 X51.945 Y115.789 E.44323
G1 X51.427 Y115.789 E.01263
G1 X64.799 Y102.417 E.46111
G1 X64.799 Y101.899 E.01263
G1 X50.909 Y115.789 E.47897
G1 X50.39 Y115.789 E.01265
G1 X64.799 Y101.38 E.49687
G1 X64.799 Y100.862 E.01263
G1 X49.872 Y115.789 E.51473
G1 X49.353 Y115.789 E.01265
G1 X64.799 Y100.344 E.53261
G1 X64.799 Y99.825 E.01265
G1 X48.835 Y115.789 E.55049
G1 X48.317 Y115.789 E.01263
G1 X64.799 Y99.307 E.56835
G1 X64.799 Y98.788 E.01265
G1 X47.798 Y115.789 E.58625
G1 X47.28 Y115.789 E.01263
G1 X64.799 Y98.27 E.60411
G1 X64.799 Y97.752 E.01263
G1 X46.761 Y115.789 E.62199
G1 X46.243 Y115.789 E.01263
G1 X64.799 Y97.233 E.63987
G1 X64.799 Y96.715 E.01263
G1 X45.725 Y115.789 E.65774
G1 X45.206 Y115.789 E.01265
G1 X64.799 Y96.196 E.67563
G1 X64.799 Y95.678 E.01263
G1 X44.688 Y115.789 E.69349
G1 X44.169 Y115.789 E.01265
G1 X64.799 Y95.16 E.71137
G1 X64.799 Y94.641 E.01265
G1 X43.651 Y115.789 E.72925
G1 X43.133 Y115.789 E.01263
G1 X64.799 Y94.123 E.74712
G1 X64.799 Y93.605 E.01263
G1 X42.614 Y115.789 E.765
G1 X42.096 Y115.789 E.01263
G1 X64.799 Y93.086 E.78288
G1 X64.799 Y92.568 E.01263
G1 X41.578 Y115.789 E.80074
G1 X41.059 Y115.789 E.01265
G1 X64.799 Y92.049 E.81863
G1 X64.799 Y91.531 E.01263
G1 X40.541 Y115.789 E.8365
G1 X40.022 Y115.789 E.01265
G1 X64.799 Y91.013 E.85438
G1 X64.799 Y90.494 E.01265
G1 X39.504 Y115.789 E.87226
G1 X38.986 Y115.789 E.01263
G1 X64.799 Y89.976 E.89012
G1 X64.799 Y89.457 E.01265
G1 X38.467 Y115.789 E.90802
G1 X37.949 Y115.789 E.01263
G1 X64.799 Y88.939 E.92588
G1 X64.799 Y88.421 E.01263
G1 X37.43 Y115.789 E.94376
G1 X36.912 Y115.789 E.01263
G1 X64.799 Y87.902 E.96164
G1 X64.799 Y87.384 E.01263
G1 X36.394 Y115.789 E.9795
G1 X35.875 Y115.789 E.01265
G1 X64.799 Y86.865 E.9974
G1 X64.799 Y86.347 E.01263
G1 X35.357 Y115.789 E1.01526
G1 X34.838 Y115.789 E.01265
G1 X64.799 Y85.829 E1.03314
G1 X64.799 Y85.31 E.01265
G1 X34.32 Y115.789 E1.05102
G1 X33.802 Y115.789 E.01263
G1 X64.799 Y84.792 E1.06888
G1 X64.799 Y84.274 E.01263
G1 X33.283 Y115.789 E1.08676
G1 X32.765 Y115.789 E.01263
G1 X64.799 Y83.755 E1.10464
G1 X64.799 Y83.237 E.01263
G1 X32.247 Y115.789 E1.1225
G1 X31.728 Y115.789 E.01265
G1 X64.799 Y82.718 E1.1404
G1 X64.799 Y82.2 E.01263
G1 X31.21 Y115.789 E1.15826
G1 X30.691 Y115.789 E.01265
G1 X64.799 Y81.682 E1.17614
G1 X64.799 Y81.163 E.01265
G1 X30.173 Y115.789 E1.19402
G1 X29.655 Y115.789 E.01263
G1 X64.799 Y80.645 E1.21188
G1 X64.799 Y80.126 E.01265
G1 X29.136 Y115.789 E1.22978
G1 X28.618 Y115.789 E.01263
G1 X64.799 Y79.608 E1.24764
G1 X64.799 Y79.09 E.01263
G1 X28.099 Y115.789 E1.26552
G1 X27.581 Y115.789 E.01263
G1 X64.799 Y78.571 E1.2834
G1 X64.799 Y78.053 E.01263
G1 X27.063 Y115.789 E1.30126
G1 X26.544 Y115.789 E.01265
G1 X64.799 Y77.534 E1.31916
G1 X64.799 Y77.016 E.01263
G1 X26.026 Y115.789 E1.33702
G1 X25.507 Y115.789 E.01265
G1 X64.799 Y76.498 E1.3549
G1 X64.799 Y75.979 E.01265
G1 X24.989 Y115.789 E1.37278
G1 X24.471 Y115.789 E.01263
G1 X64.799 Y75.461 E1.39064
G1 X64.799 Y74.943 E.01263
G1 X23.952 Y115.789 E1.40852
G1 X23.434 Y115.789 E.01263
G1 X64.799 Y74.424 E1.4264
G1 X64.799 Y73.906 E.01263
G1 X22.916 Y115.789 E1.44427
G1 X22.397 Y115.789 E.01265
G1 X64.799 Y73.387 E1.46216
G1 X64.799 Y72.869 E.01263
G1 X21.879 Y115.789 E1.48002
G1 X21.36 Y115.789 E.01265
G1 X64.799 Y72.351 E1.4979
G1 X64.799 Y71.832 E.01265
G1 X20.842 Y115.789 E1.51578
G1 X20.324 Y115.789 E.01263
G1 X64.799 Y71.314 E1.53365
G1 X64.799 Y70.795 E.01265
G1 X19.805 Y115.789 E1.55154
G1 X19.287 Y115.789 E.01263
G1 X64.799 Y70.277 E1.56941
G1 X64.799 Y69.759 E.01263
G1 X18.768 Y115.789 E1.58729
G1 X18.25 Y115.789 E.01263
G1 X64.799 Y69.24 E1.60516
G1 X64.799 Y68.722 E.01263
G1 X17.732 Y115.789 E1.62303
G1 X17.213 Y115.789 E.01265
G1 X64.799 Y68.204 E1.64091
G1 X64.799 Y67.685 E.01265
G1 X16.695 Y115.789 E1.65879
G1 X16.176 Y115.789 E.01265
G1 X64.799 Y67.167 E1.67667
G1 X64.799 Y66.648 E.01265
G1 X15.658 Y115.789 E1.69455
G1 X15.14 Y115.789 E.01263
G1 X64.799 Y66.13 E1.71241
G1 X64.799 Y65.612 E.01263
G1 X14.621 Y115.789 E1.73029
G1 X14.103 Y115.789 E.01263
G1 X64.799 Y65.093 E1.74817
G1 X64.799 Y64.575 E.01263
G1 X13.585 Y115.789 E1.76603
G1 X13.066 Y115.789 E.01265
G1 X64.799 Y64.056 E1.78393
G1 X64.799 Y63.538 E.01263
G1 X12.548 Y115.789 E1.80179
G1 X12.406 Y115.789 E.00346
G1 X12.406 Y115.412 E.00919
G1 X64.799 Y63.02 E1.80667
G1 X64.799 Y62.501 E.01265
G1 X12.406 Y114.894 E1.80669
G1 X12.406 Y114.375 E.01265
G1 X64.799 Y61.983 E1.80667
G1 X64.799 Y61.464 E.01265
G1 X12.406 Y113.857 E1.80669
G1 X12.406 Y113.339 E.01263
G1 X64.799 Y60.946 E1.80669
G1 X64.799 Y60.428 E.01263
G1 X12.406 Y112.82 E1.80667
G1 X12.406 Y112.302 E.01263
G1 X64.799 Y59.909 E1.80669
G1 X64.799 Y59.391 E.01263
G1 X12.406 Y111.784 E1.80669
G1 X12.406 Y111.265 E.01265
G1 X64.799 Y58.873 E1.80667
G1 X64.799 Y58.354 E.01265
G1 X12.406 Y110.747 E1.80669
G1 X12.406 Y110.228 E.01265
G1 X64.799 Y57.836 E1.80667
G1 X64.799 Y57.317 E.01265
G1 X12.406 Y109.71 E1.80669
G1 X12.406 Y109.192 E.01263
G1 X64.799 Y56.799 E1.80669
G1 X64.799 Y56.281 E.01263
G1 X12.406 Y108.673 E1.80667
G1 X12.406 Y108.155 E.01263
G1 X64.799 Y55.762 E1.80669
G1 X64.799 Y55.244 E.01263
G1 X12.406 Y107.636 E1.80667
G1 X12.406 Y107.118 E.01263
G1 X64.799 Y54.725 E1.80669
G1 X64.799 Y54.207 E.01263
G1 X12.406 Y106.6 E1.80669
G1 X12.406 Y106.081 E.01265
G1 X64.799 Y53.689 E1.80667
G1 X64.799 Y53.17 E.01265
G1 X12.406 Y105.563 E1.80669
G1 X12.406 Y105.044 E.01265
G1 X64.799 Y52.652 E1.80667
G1 X64.799 Y52.133 E.01265
G1 X12.406 Y104.526 E1.80669
G1 X12.406 Y104.008 E.01263
G1 X64.799 Y51.615 E1.80669
G1 X64.799 Y51.097 E.01263
G1 X12.406 Y103.489 E1.80667
G1 X12.406 Y102.971 E.01263
G1 X64.799 Y50.578 E1.80669
G1 X64.799 Y50.06 E.01263
G1 X12.406 Y102.453 E1.80669
G1 X12.406 Y101.934 E.01265
G1 X64.799 Y49.542 E1.80667
G1 X64.799 Y49.023 E.01265
G1 X12.406 Y101.416 E1.80669
G1 X12.406 Y100.897 E.01265
G1 X64.799 Y48.505 E1.80667
G1 X64.799 Y47.986 E.01265
G1 X12.406 Y100.379 E1.80669
G1 X12.406 Y99.861 E.01263
G1 X64.799 Y47.468 E1.80669
G1 X64.799 Y46.95 E.01263
G1 X12.406 Y99.342 E1.80667
G1 X12.406 Y98.824 E.01263
G1 X64.799 Y46.431 E1.80669
G1 X64.799 Y45.913 E.01263
G1 X12.406 Y98.305 E1.80667
G1 X12.406 Y97.787 E.01263
G1 X64.799 Y45.394 E1.80669
G1 X64.799 Y44.876 E.01263
G1 X12.406 Y97.269 E1.80669
G1 X12.406 Y96.75 E.01265
G1 X64.799 Y44.358 E1.80667
G1 X64.799 Y43.839 E.01265
G1 X12.406 Y96.232 E1.80669
G1 X12.406 Y95.713 E.01265
G1 X64.799 Y43.321 E1.80667
G1 X64.799 Y42.802 E.01265
G1 X12.406 Y95.195 E1.80669
G1 X12.406 Y94.677 E.01263
G1 X64.799 Y42.284 E1.80669
G1 X64.799 Y41.766 E.01263
G1 X12.406 Y94.158 E1.80667
G1 X12.406 Y93.64 E.01263
G1 X64.799 Y41.247 E1.80669
G1 X64.799 Y40.729 E.01263
G1 X12.406 Y93.122 E1.80669
G1 X12.406 Y92.603 E.01265
G1 X64.799 Y40.211 E1.80667
G1 X64.799 Y39.692 E.01265
G1 X12.406 Y92.085 E1.80669
G1 X12.406 Y91.566 E.01265
G1 X64.799 Y39.174 E1.80667
G1 X64.799 Y38.655 E.01265
G1 X12.406 Y91.048 E1.80669
G1 X12.406 Y90.53 E.01263
G1 X64.799 Y38.137 E1.80669
G1 X64.799 Y37.619 E.01263
G1 X12.406 Y90.011 E1.80667
G1 X12.406 Y89.493 E.01263
G1 X64.799 Y37.1 E1.80669
G1 X64.799 Y36.582 E.01263
G1 X12.406 Y88.974 E1.80667
G1 X12.406 Y88.456 E.01263
G1 X64.799 Y36.063 E1.80669
G1 X64.799 Y35.545 E.01263
G1 X12.406 Y87.938 E1.80669
G1 X12.406 Y87.419 E.01265
G1 X64.799 Y35.027 E1.80667
G1 X64.799 Y34.508 E.01265
G1 X12.406 Y86.901 E1.80669
G1 X12.406 Y86.382 E.01265
G1 X64.799 Y33.99 E1.80667
G1 X64.799 Y33.471 E.01265
G1 X12.406 Y85.864 E1.80669
G1 X12.406 Y85.346 E.01263
G1 X64.799 Y32.953 E1.80669
G1 X64.799 Y32.435 E.01263
G1 X12.406 Y84.827 E1.80667
G1 X12.406 Y84.309 E.01263
G1 X64.799 Y31.916 E1.80669
G1 X64.799 Y31.398 E.01263
G1 X12.406 Y83.791 E1.80669
G1 X12.406 Y83.272 E.01265
G1 X64.799 Y30.88 E1.80667
G1 X64.799 Y30.361 E.01265
G1 X12.406 Y82.754 E1.80669
G1 X12.406 Y82.235 E.01265
G1 X64.799 Y29.843 E1.80667
G1 X64.799 Y29.324 E.01265
G1 X12.406 Y81.717 E1.80669
G1 X12.406 Y81.199 E.01263
G1 X64.799 Y28.806 E1.80669
G1 X64.799 Y28.288 E.01263
G1 X12.406 Y80.68 E1.80667
G1 X12.406 Y80.162 E.01263
G1 X64.799 Y27.769 E1.80669
G1 X64.799 Y27.251 E.01263
G1 X12.406 Y79.643 E1.80667
G1 X12.406 Y79.125 E.01263
G1 X64.799 Y26.732 E1.80669
G1 X64.799 Y26.214 E.01263
G1 X12.406 Y78.607 E1.80669
G1 X12.406 Y78.088 E.01265
G1 X64.799 Y25.696 E1.80667
G1 X64.799 Y25.177 E.01265
G1 X12.406 Y77.57 E1.80669
G1 X12.406 Y77.052 E.01263
G1 X64.799 Y24.659 E1.80669
G1 X64.799 Y24.14 E.01265
G1 X12.406 Y76.533 E1.80669
G1 X12.406 Y76.015 E.01263
G1 X64.799 Y23.622 E1.80669
G1 X64.799 Y23.104 E.01263
G1 X12.406 Y75.496 E1.80667
G1 X12.406 Y74.978 E.01263
G1 X64.799 Y22.585 E1.80669
G1 X64.799 Y22.067 E.01263
G1 X12.406 Y74.46 E1.80669
G1 X12.406 Y73.941 E.01265
G1 X64.799 Y21.549 E1.80667
G1 X64.799 Y21.03 E.01265
G1 X12.406 Y73.423 E1.80669
G1 X12.406 Y72.904 E.01265
G1 X64.799 Y20.512 E1.80667
G1 X64.799 Y19.993 E.01265
G1 X12.406 Y72.386 E1.80669
G1 X12.406 Y71.868 E.01263
G1 X64.799 Y19.475 E1.80669
G1 X64.799 Y18.957 E.01263
G1 X12.406 Y71.349 E1.80667
G1 X12.406 Y70.831 E.01263
G1 X64.799 Y18.438 E1.80669
G1 X64.799 Y17.92 E.01263
G1 X12.406 Y70.312 E1.80667
G1 X12.406 Y69.794 E.01263
G1 X64.799 Y17.401 E1.80669
G1 X64.799 Y16.883 E.01263
G1 X12.406 Y69.276 E1.80669
G1 X12.406 Y68.757 E.01265
G1 X64.799 Y16.365 E1.80667
G1 X64.799 Y15.846 E.01265
G1 X12.406 Y68.239 E1.80669
G1 X12.406 Y67.721 E.01263
G1 X64.799 Y15.328 E1.80669
G1 X64.799 Y14.809 E.01265
G1 X12.406 Y67.202 E1.80669
G1 X12.406 Y66.684 E.01263
G1 X64.799 Y14.291 E1.80669
G1 X64.799 Y13.773 E.01263
G1 X12.406 Y66.165 E1.80667
G1 X12.406 Y65.647 E.01263
G1 X64.657 Y13.396 E1.80179
G1 X64.138 Y13.396 E.01265
G1 X12.406 Y65.129 E1.78391
G1 X12.406 Y64.61 E.01265
G1 X63.62 Y13.396 E1.76603
G1 X63.102 Y13.396 E.01263
G1 X12.406 Y64.092 E1.74817
G1 X12.406 Y63.573 E.01265
G1 X62.583 Y13.396 E1.73027
G1 X62.065 Y13.396 E.01263
G1 X12.406 Y63.055 E1.71241
G1 X12.406 Y62.537 E.01263
G1 X61.546 Y13.396 E1.69453
G1 X61.028 Y13.396 E.01263
G1 X12.406 Y62.018 E1.67665
G1 X12.406 Y61.5 E.01263
G1 X60.51 Y13.396 E1.65879
G1 X59.991 Y13.396 E.01265
G1 X12.406 Y60.981 E1.64089
G1 X12.406 Y60.463 E.01263
G1 X59.473 Y13.396 E1.62303
G1 X58.954 Y13.396 E.01265
G1 X12.406 Y59.945 E1.60515
G1 X12.406 Y59.426 E.01265
G1 X58.436 Y13.396 E1.58727
G1 X57.918 Y13.396 E.01263
G1 X12.406 Y58.908 E1.56941
G1 X12.406 Y58.39 E.01263
G1 X57.399 Y13.396 E1.55153
G1 X56.881 Y13.396 E.01263
G1 X12.406 Y57.871 E1.53365
G1 X12.406 Y57.353 E.01263
G1 X56.363 Y13.396 E1.51578
G1 X55.844 Y13.396 E.01265
G1 X12.406 Y56.834 E1.49789
G1 X12.406 Y56.316 E.01263
G1 X55.326 Y13.396 E1.48002
G1 X54.807 Y13.396 E.01265
G1 X12.406 Y55.798 E1.46215
G1 X12.406 Y55.279 E.01265
G1 X54.289 Y13.396 E1.44427
G1 X53.771 Y13.396 E.01263
G1 X12.406 Y54.761 E1.4264
G1 X12.406 Y54.242 E.01265
G1 X53.252 Y13.396 E1.40851
G1 X52.734 Y13.396 E.01263
G1 X12.406 Y53.724 E1.39064
G1 X12.406 Y53.206 E.01263
G1 X52.215 Y13.396 E1.37276
G1 X51.697 Y13.396 E.01263
G1 X12.406 Y52.687 E1.35488
G1 X12.406 Y52.169 E.01263
G1 X51.179 Y13.396 E1.33702
G1 X50.66 Y13.396 E.01265
G1 X12.406 Y51.65 E1.31913
G1 X12.406 Y51.132 E.01263
G1 X50.142 Y13.396 E1.30126
G1 X49.623 Y13.396 E.01265
G1 X12.406 Y50.614 E1.28338
G1 X12.406 Y50.095 E.01265
G1 X49.105 Y13.396 E1.2655
G1 X48.587 Y13.396 E.01263
G1 X12.406 Y49.577 E1.24764
G1 X12.406 Y49.059 E.01263
G1 X48.068 Y13.396 E1.22976
G1 X47.55 Y13.396 E.01263
G1 X12.406 Y48.54 E1.21188
G1 X12.406 Y48.022 E.01263
G1 X47.032 Y13.396 E1.19402
G1 X46.513 Y13.396 E.01265
G1 X12.406 Y47.503 E1.17612
G1 X12.406 Y46.985 E.01263
G1 X45.995 Y13.396 E1.15826
G1 X45.476 Y13.396 E.01265
G1 X12.406 Y46.467 E1.14038
G1 X12.406 Y45.948 E.01265
G1 X44.958 Y13.396 E1.1225
G1 X44.44 Y13.396 E.01263
G1 X12.406 Y45.43 E1.10464
G1 X12.406 Y44.911 E.01265
G1 X43.921 Y13.396 E1.08674
G1 X43.403 Y13.396 E.01263
G1 X12.406 Y44.393 E1.06888
G1 X12.406 Y43.875 E.01263
G1 X42.884 Y13.396 E1.051
G1 X42.366 Y13.396 E.01263
G1 X12.406 Y43.356 E1.03312
G1 X12.406 Y42.838 E.01263
G1 X41.848 Y13.396 E1.01526
G1 X41.329 Y13.396 E.01265
G1 X12.406 Y42.319 E.99736
G1 X12.406 Y41.801 E.01263
G1 X40.811 Y13.396 E.9795
G1 X40.292 Y13.396 E.01265
G1 X12.406 Y41.283 E.96162
G1 X12.406 Y40.764 E.01265
G1 X39.774 Y13.396 E.94374
G1 X39.256 Y13.396 E.01263
G1 X12.406 Y40.246 E.92588
G1 X12.406 Y39.728 E.01263
G1 X38.737 Y13.396 E.908
G1 X38.219 Y13.396 E.01263
G1 X12.406 Y39.209 E.89012
G1 X12.406 Y38.691 E.01263
G1 X37.701 Y13.396 E.87226
G1 X37.182 Y13.396 E.01265
G1 X12.406 Y38.172 E.85436
G1 X12.406 Y37.654 E.01263
G1 X36.664 Y13.396 E.8365
G1 X36.145 Y13.396 E.01265
G1 X12.406 Y37.136 E.81862
G1 X12.406 Y36.617 E.01265
G1 X35.627 Y13.396 E.80074
G1 X35.109 Y13.396 E.01263
G1 X12.406 Y36.099 E.78288
G1 X12.406 Y35.58 E.01265
G1 X34.59 Y13.396 E.76498
G1 X34.072 Y13.396 E.01263
G1 X12.406 Y35.062 E.74712
G1 X12.406 Y34.544 E.01263
G1 X33.553 Y13.396 E.72924
G1 X33.035 Y13.396 E.01263
G1 X12.406 Y34.025 E.71136
G1 X12.406 Y33.507 E.01263
G1 X32.517 Y13.396 E.69349
G1 X31.998 Y13.396 E.01265
G1 X12.406 Y32.988 E.6756
G1 X12.406 Y32.47 E.01263
G1 X31.48 Y13.396 E.65774
G1 X30.961 Y13.396 E.01265
G1 X12.406 Y31.952 E.63986
G1 X12.406 Y31.433 E.01265
G1 X30.443 Y13.396 E.62198
G1 X29.925 Y13.396 E.01263
G1 X12.406 Y30.915 E.60411
G1 X12.406 Y30.397 E.01263
G1 X29.406 Y13.396 E.58623
G1 X28.888 Y13.396 E.01263
G1 X12.406 Y29.878 E.56835
G1 X12.406 Y29.36 E.01263
G1 X28.37 Y13.396 E.55049
G1 X27.851 Y13.396 E.01265
G1 X12.406 Y28.841 E.5326
G1 X12.406 Y28.323 E.01263
G1 X27.333 Y13.396 E.51473
G1 X26.814 Y13.396 E.01265
G1 X12.406 Y27.805 E.49685
G1 X12.406 Y27.286 E.01265
G1 X26.296 Y13.396 E.47897
G1 X25.778 Y13.396 E.01263
G1 X12.406 Y26.768 E.46111
G1 X12.406 Y26.249 E.01265
G1 X25.259 Y13.396 E.44321
G1 X24.741 Y13.396 E.01263
G1 X12.406 Y25.731 E.42535
G1 X12.406 Y25.213 E.01263
G1 X24.222 Y13.396 E.40747
G1 X23.704 Y13.396 E.01263
G1 X12.406 Y24.694 E.38959
G1 X12.406 Y24.176 E.01263
G1 X23.186 Y13.396 E.37173
G1 X22.667 Y13.396 E.01265
G1 X12.406 Y23.658 E.35385
G1 X12.406 Y23.139 E.01265
G1 X22.149 Y13.396 E.33597
G1 X21.63 Y13.396 E.01265
G1 X12.406 Y22.621 E.31809
G1 X12.406 Y22.102 E.01265
G1 X21.112 Y13.396 E.30021
G1 X20.594 Y13.396 E.01263
G1 X12.406 Y21.584 E.28235
G1 X12.406 Y21.066 E.01263
G1 X20.075 Y13.396 E.26447
G1 X19.557 Y13.396 E.01263
G1 X12.406 Y20.547 E.24659
G1 X12.406 Y20.029 E.01263
G1 X19.039 Y13.396 E.22873
G1 X18.52 Y13.396 E.01265
G1 X12.406 Y19.51 E.21083
G1 X12.406 Y18.992 E.01263
G1 X18.002 Y13.396 E.19297
G1 X17.483 Y13.396 E.01265
G1 X12.406 Y18.474 E.17509
G1 X12.406 Y17.955 E.01265
G1 X16.965 Y13.396 E.15721
G1 X16.447 Y13.396 E.01263
G1 X12.406 Y17.437 E.13935
G1 X12.406 Y16.918 E.01265
G1 X15.928 Y13.396 E.12145
G1 X15.41 Y13.396 E.01263
G1 X12.406 Y16.4 E.10359
G1 X12.406 Y15.882 E.01263
G1 X14.891 Y13.396 E.08571
G1 X14.373 Y13.396 E.01263
G1 X12.406 Y15.363 E.06783
G1 X12.406 Y14.845 E.01263
G1 X13.855 Y13.396 E.04997
G1 X13.336 Y13.396 E.01265
G1 X12.406 Y14.327 E.03209
G1 X12.406 Y13.808 E.01265
G1 X12.982 Y13.232 E.01986
G1 E-3.5 F3600
;WIPE_START
G1 F7200
G1 X12.406 Y13.808 E-.38693
G1 X12.406 Y14.327 E-.24653
G1 X13.336 Y13.396 E-.62506
G1 X13.844 Y13.396 E-.24148
;WIPE_END
; stop printing object Arduino_gehäuse-Unterteil.stl id:0 copy 0
; printing object leuchte_led_halter-Halter.stl id:1 copy 5
G1 X70.422 Y78.547 F9000
G1 E5 F2400
;TYPE:External perimeter
;WIDTH:0.374336
G1 F1800
G1 X75.064 Y78.547 E.10499
G1 X75.172 Y78.569 E.00249
G1 X75.172 Y81.189 E.05926
G1 X75.15 Y81.297 E.00249
G1 X70.422 Y81.297 E.10693
G1 E-3.5 F3600
;WIPE_START
G1 F7200
G1 X73.58 Y81.297 E-1.5
;WIPE_END
; stop printing object leuchte_led_halter-Halter.stl id:1 copy 5
; printing object leuchte_led_halter-Halter.stl id:1 copy 4
G1 X70.747 Y71.777 F9000
G1 E5 F2400
G1 F1800
G1 X75.389 Y71.777 E.10499
G1 X75.497 Y71.799 E.00249
G1 X75.497 Y74.419 E.05926
G1 X75.475 Y74.527 E.00249
G1 X70.747 Y74.527 E.10693
G1 E-3.5 F3600
;WIPE_START
G1 F7200
G1 X73.905 Y74.527 E-1.5
;WIPE_END
; stop printing object leuchte_led_halter-Halter.stl id:1 copy 4
; printing object leuchte_led_halter-Halter.stl id:1 copy 3
G1 X70.031 Y64.206 F9000
G1 E5 F2400
G1 F1800
G1 X74.673 Y64.206 E.10499
G1 X74.781 Y64.229 E.0025
G1 X74.781 Y66.849 E.05926
G1 X74.759 Y66.956 E.00247
G1 X70.031 Y66.956 E.10693
G1 E-3.5 F3600
;WIPE_START
G1 F7200
G1 X73.189 Y66.956 E-1.5
;WIPE_END
; stop printing object leuchte_led_halter-Halter.stl id:1 copy 3
; printing object leuchte_led_halter-Halter.stl id:1 copy 2
G1 X69.425 Y57.291 F9000
G1 E5 F2400
G1 F1800
G1 X74.067 Y57.291 E.10499
G1 X74.175 Y57.313 E.00249
G1 X74.175 Y59.933 E.05926
G1 X74.152 Y60.041 E.0025
G1 X69.425 Y60.041 E.10691
G1 E-3.5 F3600
;WIPE_START
G1 F7200
G1 X72.583 Y60.041 E-1.5
;WIPE_END
; stop printing object leuchte_led_halter-Halter.stl id:1 copy 2
; printing object leuchte_led_halter-Halter.stl id:1 copy 1
G1 X69.471 Y51.765 F9000
G1 E5 F2400
G1 F1800
G1 X74.113 Y51.765 E.10499
G1 X74.221 Y51.787 E.00249
G1 X74.221 Y54.407 E.05926
G1 X74.199 Y54.515 E.00249
G1 X69.471 Y54.515 E.10693
G1 E-3.5 F3600
;WIPE_START
G1 F7200
G1 X72.629 Y54.515 E-1.5
;WIPE_END
; stop printing object leuchte_led_halter-Halter.stl id:1 copy 1
; printing object leuchte_led_halter-Halter.stl id:1 copy 0
G1 X70.217 Y45.628 F9000
G1 E5 F2400
G1 F1800
G1 X74.859 Y45.628 E.10499
G1 X74.967 Y45.65 E.00249
G1 X74.967 Y48.27 E.05926
G1 X74.945 Y48.378 E.00249
G1 X70.217 Y48.378 E.10693
;LAYER_CHANGE
;Z:2.12
;HEIGHT:0.16
;BEFORE_LAYER_CHANGE
G92 E0
;2.12


G1 E-3.5 F3600
;WIPE_START
G1 F7200
G1 X73.375 Y48.378 E-1.5
;WIPE_END
G1 Z2.12 F9000
;AFTER_LAYER_CHANGE
;2.12
; stop printing object leuchte_led_halter-Halter.stl id:1 copy 0
; printing object Arduino_gehäuse-Unterteil.stl id:0 copy 0
G1 X21.742 Y55.892
G1 E5 F2400
;WIDTH:0.567609
G1 F1800
G1 X21.783 Y56.109 E.00783
;WIDTH:0.571239
G1 X21.685 Y56.552 E.0162
G1 X21.444 Y56.919 E.01568
;WIDTH:0.569783
G1 X21.066 Y57.177 E.0163
;WIDTH:0.56761
G1 X20.608 Y57.272 E.01659
G1 X20.15 Y57.182 E.01656
G1 X19.762 Y56.921 E.01659
;WIDTH:0.573933
G1 X19.506 Y56.529 E.01681
;WIDTH:0.56761
G1 X19.423 Y56.069 E.01658
G1 X19.524 Y55.613 E.01657
G1 X19.795 Y55.232 E.01659
G1 X20.19 Y54.987 E.01649
;WIDTH:0.567795
G1 X20.617 Y54.913 E.01538
G1 X21.055 Y55.003 E.01587
;WIDTH:0.567609
G1 X21.443 Y55.264 E.01659
G1 X21.698 Y55.656 E.01659
G1 X21.731 Y55.833 E.00639
G1 X22.256 Y55.715 F9000
;WIDTH:0.573933
G1 F1800
G1 X22.29 Y55.822 E.00403
G1 X22.317 Y56.135 E.01128
;WIDTH:0.567303
G1 X22.222 Y56.637 E.01811
;WIDTH:0.571248
G1 X22.005 Y57.071 E.01733
G1 X21.793 Y57.325 E.01182
;WIDTH:0.569783
G1 X21.379 Y57.615 E.018
;WIDTH:0.573933
G1 X20.967 Y57.762 E.0157
G1 X20.568 Y57.804 E.0144
;WIDTH:0.56728
G1 X20.055 Y57.712 E.01848
;WIDTH:0.573932
G1 X19.662 Y57.52 E.0157
G1 X19.353 Y57.263 E.01443
;WIDTH:0.56728
G1 X19.061 Y56.831 E.01849
;WIDTH:0.573933
G1 X18.924 Y56.416 E.01569
G1 X18.892 Y56.016 E.0144
;WIDTH:0.567277
G1 X18.997 Y55.505 E.01849
;WIDTH:0.573933
G1 X19.199 Y55.117 E.0157
G1 X19.463 Y54.815 E.0144
;WIDTH:0.567279
G1 X19.902 Y54.533 E.0185
;WIDTH:0.572214
G1 X20.324 Y54.405 E.01578
G1 X20.636 Y54.378 E.01121
;WIDTH:0.567455
G1 X21.15 Y54.473 E.01854
;WIDTH:0.573932
G1 X21.543 Y54.665 E.0157
G1 X21.851 Y54.922 E.0144
;WIDTH:0.567276
G1 X22.144 Y55.354 E.01851
;WIDTH:0.573933
G1 X22.239 Y55.658 E.01143
G1 E-3.5 F3600
;WIPE_START
G1 F7200
G1 X22.256 Y55.715 E-.02825
G1 X22.29 Y55.822 E-.05333
G1 X22.317 Y56.135 E-.14923
G1 X22.222 Y56.637 E-.24268
G1 X22.005 Y57.071 E-.23048
G1 X21.793 Y57.325 E-.15715
G1 X21.379 Y57.615 E-.2401
G1 X20.967 Y57.762 E-.20778
G1 X20.568 Y57.804 E-.19057
G1 X20.567 Y57.804 E-.00043
;WIPE_END
G1 X12.026 Y56.016 F9000
G1 E5 F2400
;TYPE:Perimeter
;WIDTH:0.381505
G1 F3600
G1 X11.679 Y56.016 E.00801
G1 X11.679 Y13.575 E.98012
;WIDTH:0.423417
G1 X11.7 Y13.294 E.00729
;WIDTH:0.465328
G1 X11.721 Y13.013 E.00808
;WIDTH:0.507239
G1 X11.742 Y12.732 E.00886
G1 X12.18 Y12.711 E.01379
;WIDTH:0.465328
G1 X12.383 Y12.69 E.00585
;WIDTH:0.423417
G1 X12.585 Y12.669 E.00526
;WIDTH:0.381505
G1 X15.526 Y12.669 E.06792
G1 X15.526 Y13.016 E.00801
G1 X12.585 Y13.016 E.06792
;WIDTH:0.423417
G1 X12.438 Y13.056 E.00394
;WIDTH:0.465328
G1 X12.292 Y13.096 E.00434
;WIDTH:0.507239
G1 X12.145 Y13.135 E.00478
G1 X12.105 Y13.282 E.00479
;WIDTH:0.465328
G1 X12.066 Y13.429 E.00436
;WIDTH:0.423417
G1 X12.026 Y13.575 E.00392
;WIDTH:0.381505
G1 X12.026 Y55.956 E.97874
G1 X12.392 Y56.383 F9000
;TYPE:External perimeter
;WIDTH:0.419999
G1 F1800
G1 X11.312 Y56.383 E.02771
G1 X11.312 Y12.303 E1.13085
G1 X15.892 Y12.303 E.1175
G1 X15.892 Y13.383 E.02771
G1 X12.585 Y13.383 E.08484
G1 X12.449 Y13.439 E.00377
G1 X12.392 Y13.575 E.00378
G1 X12.392 Y56.323 E1.09667
G1 E-3.5 F3600
;WIPE_START
G1 F7200
G1 X12.392 Y56.383 E-.0285
G1 X11.312 Y56.383 E-.513
G1 X11.312 Y54.365 E-.9585
;WIPE_END
G1 X23.175 Y18.478 F9000
G1 E5 F2400
G1 F1800
G1 X23.053 Y18.442 E.00326
G1 X22.797 Y18.306 E.00744
G1 X22.572 Y18.123 E.00744
G1 X22.389 Y17.898 E.00744
G1 X22.253 Y17.642 E.00744
G1 X22.171 Y17.363 E.00746
G1 X22.146 Y17.075 E.00742
G1 X22.178 Y16.786 E.00746
G1 X22.237 Y16.577 E.00557
G1 X22.409 Y16.257 E.00932
G1 X22.598 Y16.037 E.00744
G1 X22.827 Y15.859 E.00744
G1 X23.069 Y15.736 E.00696
G1 X23.59 Y15.635 E.01361
G1 X24.093 Y15.717 E.01307
G1 X24.408 Y15.879 E.00909
G1 X24.632 Y16.062 E.00742
G1 X24.816 Y16.287 E.00746
G1 X24.951 Y16.543 E.00742
G1 X25.033 Y16.822 E.00746
G1 X25.059 Y17.111 E.00744
G1 X25.026 Y17.399 E.00744
G1 X24.937 Y17.675 E.00744
G1 X24.796 Y17.928 E.00743
G1 X24.606 Y18.148 E.00746
G1 X24.377 Y18.326 E.00744
G1 X24.118 Y18.455 E.00742
G1 X23.858 Y18.527 E.00692
G1 X23.332 Y18.524 E.01349
G1 X23.233 Y18.495 E.00265
G1 X23.156 Y18.846 F9000
;TYPE:Perimeter
;WIDTH:0.37648
G1 F1800
G1 X23.032 Y18.821 E.00288
;WIDTH:0.372844
G1 X22.701 Y18.674 E.00816
G1 X22.405 Y18.464 E.00817
G1 X22.157 Y18.199 E.00817
G1 X21.967 Y17.891 E.00815
G1 X21.841 Y17.551 E.00816
G1 X21.785 Y17.193 E.00816
G1 X21.801 Y16.831 E.00816
G1 X21.888 Y16.479 E.00816
G1 X22.044 Y16.152 E.00816
G1 X22.261 Y15.862 E.00816
G1 X22.532 Y15.62 E.00818
;WIDTH:0.385098
G1 X22.991 Y15.376 E.01213
G1 X23.53 Y15.272 E.01281
;WIDTH:0.377622
G1 X24.124 Y15.351 E.01368
G1 X24.504 Y15.511 E.00942
;WIDTH:0.372844
G1 X24.799 Y15.721 E.00815
G1 X25.047 Y15.986 E.00817
G1 X25.238 Y16.294 E.00816
;WIDTH:0.383672
G1 X25.398 Y16.776 E.0118
G1 X25.42 Y16.992 E.00505
;WIDTH:0.372842
G1 X25.404 Y17.354 E.00816
G1 X25.316 Y17.706 E.00817
G1 X25.161 Y18.033 E.00815
G1 X24.943 Y18.323 E.00817
G1 X24.673 Y18.565 E.00816
G1 X24.36 Y18.748 E.00816
;WIDTH:0.380566
G1 X23.896 Y18.892 E.01119
G1 X23.427 Y18.902 E.0108
;WIDTH:0.37648
G1 X23.214 Y18.859 E.00495
G1 X23.134 Y19.211 F9000
;TYPE:External perimeter
;WIDTH:0.419999
G1 F1800
G1 X22.925 Y19.167 E.00548
G1 X22.528 Y18.992 E.01113
G1 X22.173 Y18.741 E.01115
G1 X21.874 Y18.425 E.01116
G1 X21.644 Y18.056 E.01115
G1 X21.492 Y17.649 E.01115
G1 X21.424 Y17.22 E.01114
G1 X21.442 Y16.786 E.01114
G1 X21.545 Y16.364 E.01114
G1 X21.73 Y15.971 E.01114
G1 X21.99 Y15.622 E.01116
G1 X22.313 Y15.332 E.01114
G1 X22.712 Y15.099 E.01185
G1 X23.243 Y14.932 E.01428
G1 X23.694 Y14.906 E.01159
G1 X24.231 Y15.003 E.014
G1 X24.677 Y15.193 E.01244
G1 X25.032 Y15.444 E.01115
G1 X25.348 Y15.781 E.01185
G1 X25.627 Y16.259 E.0142
G1 X25.765 Y16.748 E.01303
G1 X25.781 Y16.965 E.00558
G1 X25.763 Y17.399 E.01114
G1 X25.659 Y17.821 E.01115
G1 X25.474 Y18.214 E.01114
G1 X25.215 Y18.563 E.01115
G1 X24.869 Y18.87 E.01187
G1 X24.385 Y19.137 E.01418
G1 X23.894 Y19.264 E.01301
G1 X23.391 Y19.264 E.0129
G1 X23.193 Y19.223 E.00519
G1 E-3.5 F3600
;WIPE_START
G1 F7200
G1 X23.134 Y19.211 E-.0286
G1 X22.925 Y19.167 E-.10145
G1 X22.528 Y18.992 E-.20608
G1 X22.173 Y18.741 E-.20652
G1 X21.874 Y18.425 E-.20664
G1 X21.644 Y18.056 E-.20654
G1 X21.492 Y17.649 E-.20637
G1 X21.424 Y17.22 E-.20632
G1 X21.435 Y16.943 E-.13148
;WIPE_END
G1 X52.281 Y31.496 F9000
G1 E5 F2400
G1 F1800
G1 X52.407 Y31.259 E.00689
G1 X52.596 Y31.039 E.00744
G1 X52.825 Y30.86 E.00746
G1 X53.069 Y30.736 E.00702
G1 X53.588 Y30.635 E.01356
G1 X54.093 Y30.717 E.01313
G1 X54.406 Y30.877 E.00902
G1 X54.631 Y31.061 E.00746
G1 X54.815 Y31.285 E.00744
G1 X54.951 Y31.541 E.00744
G1 X55.033 Y31.819 E.00744
G1 X55.059 Y32.108 E.00744
G1 X55.025 Y32.404 E.00764
G1 X54.838 Y32.868 E.01283
G1 X54.622 Y33.134 E.00879
G1 X54.187 Y33.427 E.01346
G1 X53.911 Y33.516 E.00744
G1 X53.623 Y33.549 E.00744
G1 X53.334 Y33.524 E.00744
G1 X53.056 Y33.443 E.00743
G1 X52.799 Y33.308 E.00745
G1 X52.574 Y33.124 E.00746
G1 X52.39 Y32.9 E.00744
G1 X52.254 Y32.644 E.00744
G1 X52.171 Y32.366 E.00744
G1 X52.146 Y32.077 E.00744
G1 X52.178 Y31.789 E.00743
G1 X52.237 Y31.577 E.00565
G1 X52.252 Y31.549 E.00081
G1 X51.868 Y31.412 F9000
;TYPE:Perimeter
;WIDTH:0.468492
G1 F1800
G1 X52.001 Y31.13 E.009
G1 X52.224 Y30.832 E.01075
G1 X52.501 Y30.584 E.01074
G1 X52.822 Y30.395 E.01076
;WIDTH:0.493542
G1 X53.328 Y30.248 E.0161
G1 X53.639 Y30.222 E.00953
;WIDTH:0.480634
G1 X54.132 Y30.304 E.01484
;WIDTH:0.473686
G1 X54.525 Y30.468 E.01245
;WIDTH:0.46849
G1 X54.828 Y30.683 E.01073
G1 X55.083 Y30.954 E.01075
G1 X55.279 Y31.27 E.01074
;WIDTH:0.479434
G1 X55.445 Y31.768 E.01554
G1 X55.467 Y31.986 E.00649
;WIDTH:0.468488
G1 X55.451 Y32.358 E.01075
;WIDTH:0.47533
G1 X55.365 Y32.72 E.01091
G1 X55.205 Y33.056 E.01092
;WIDTH:0.475498
G1 X54.943 Y33.401 E.01271
G1 X54.505 Y33.725 E.01599
;WIDTH:0.472444
G1 X54.121 Y33.887 E.01215
;WIDTH:0.468492
G1 X53.755 Y33.954 E.01075
G1 X53.383 Y33.948 E.01074
G1 X53.02 Y33.867 E.01074
G1 X52.68 Y33.717 E.01073
G1 X52.376 Y33.502 E.01075
G1 X52.121 Y33.231 E.01075
G1 X51.925 Y32.915 E.01074
G1 X51.795 Y32.566 E.01076
G1 X51.737 Y32.199 E.01073
G1 X51.753 Y31.827 E.01075
G1 X51.842 Y31.466 E.01074
G1 X51.458 Y31.326 F9000
;TYPE:External perimeter
;WIDTH:0.419999
G1 F1800
G1 X51.646 Y30.925 E.01136
G1 X51.917 Y30.561 E.01164
G1 X52.253 Y30.257 E.01162
G1 X52.671 Y30.013 E.01242
G1 X53.224 Y29.839 E.01487
G1 X53.501 Y29.814 E.00714
G1 X54.015 Y29.844 E.01321
G1 X54.334 Y29.935 E.00851
G1 X54.721 Y30.108 E.01088
G1 X55.092 Y30.369 E.01164
G1 X55.422 Y30.722 E.0124
G1 X55.714 Y31.219 E.01479
G1 X55.86 Y31.736 E.01378
G1 X55.876 Y31.955 E.00563
G1 X55.858 Y32.409 E.01166
G1 X55.76 Y32.841 E.01136
G1 X55.571 Y33.244 E.01142
G1 X55.304 Y33.611 E.01164
G1 X54.924 Y33.957 E.01318
G1 X54.702 Y34.087 E.0066
G1 X54.242 Y34.279 E.01279
G1 X53.796 Y34.362 E.01164
G1 X53.343 Y34.355 E.01162
G1 X52.899 Y34.259 E.01165
G1 X52.484 Y34.077 E.01163
G1 X52.113 Y33.816 E.01164
G1 X51.801 Y33.487 E.01163
G1 X51.56 Y33.102 E.01165
G1 X51.401 Y32.677 E.01164
G1 X51.329 Y32.23 E.01162
G1 X51.346 Y31.776 E.01166
G1 X51.442 Y31.384 E.01035
G1 E-3.5 F3600
;WIPE_START
G1 F7200
G1 X51.458 Y31.326 E-.02858
G1 X51.646 Y30.925 E-.21037
G1 X51.917 Y30.561 E-.21556
G1 X52.253 Y30.257 E-.21523
G1 X52.671 Y30.013 E-.2299
G1 X53.224 Y29.839 E-.27537
G1 X53.501 Y29.814 E-.13211
G1 X53.906 Y29.838 E-.19288
;WIPE_END
G1 X56.374 Y54.955 F9000
G1 E5 F2400
;WIDTH:0.567795
G1 F1800
G1 X56.617 Y54.913 E.00875
G1 X57.055 Y55.003 E.01587
;WIDTH:0.567609
G1 X57.443 Y55.264 E.01659
G1 X57.698 Y55.656 E.01659
;WIDTH:0.568221
G1 X57.783 Y56.109 E.01637
G1 X57.703 Y56.518 E.0148
;WIDTH:0.56761
G1 X57.451 Y56.912 E.01659
G1 X57.066 Y57.177 E.01658
G1 X56.608 Y57.272 E.01659
G1 X56.15 Y57.182 E.01656
G1 X55.762 Y56.921 E.01659
G1 X55.506 Y56.529 E.01661
G1 X55.423 Y56.069 E.01658
G1 X55.524 Y55.613 E.01657
G1 X55.795 Y55.232 E.01659
G1 X56.18 Y54.989 E.01615
;WIDTH:0.567795
G1 X56.315 Y54.966 E.00486
G1 X56.183 Y54.448 F9000
;WIDTH:0.572214
G1 F1800
G1 X56.324 Y54.405 E.00527
G1 X56.636 Y54.378 E.01121
;WIDTH:0.567455
G1 X57.15 Y54.473 E.01854
;WIDTH:0.573933
G1 X57.543 Y54.665 E.0157
G1 X57.851 Y54.922 E.0144
;WIDTH:0.567277
G1 X58.144 Y55.354 E.01851
;WIDTH:0.573932
G1 X58.281 Y55.769 E.01569
G1 X58.314 Y56.162 E.01416
;WIDTH:0.567962
G1 X58.252 Y56.536 E.01346
;WIDTH:0.573928
G1 X58.052 Y56.997 E.01804
G1 X57.804 Y57.312 E.01439
;WIDTH:0.567279
G1 X57.379 Y57.615 E.0185
;WIDTH:0.573933
G1 X56.967 Y57.762 E.0157
G1 X56.568 Y57.804 E.0144
;WIDTH:0.56728
G1 X56.055 Y57.712 E.01848
;WIDTH:0.573932
G1 X55.662 Y57.52 E.0157
G1 X55.353 Y57.263 E.01443
;WIDTH:0.567279
G1 X55.061 Y56.831 E.01849
;WIDTH:0.573932
G1 X54.924 Y56.416 E.01569
G1 X54.892 Y56.016 E.0144
;WIDTH:0.567278
G1 X54.997 Y55.505 E.01849
;WIDTH:0.573933
G1 X55.199 Y55.117 E.0157
G1 X55.463 Y54.815 E.0144
;WIDTH:0.567279
G1 X55.902 Y54.533 E.0185
;WIDTH:0.572214
G1 X56.126 Y54.465 E.00838
G1 E-3.5 F3600
;WIPE_START
G1 F7200
G1 X56.183 Y54.448 E-.02825
G1 X56.324 Y54.405 E-.07002
G1 X56.636 Y54.378 E-.14875
G1 X57.15 Y54.473 E-.24829
G1 X57.543 Y54.665 E-.20776
G1 X57.851 Y54.922 E-.19054
G1 X58.144 Y55.354 E-.24794
G1 X58.281 Y55.769 E-.20759
G1 X58.308 Y56.086 E-.15086
;WIPE_END
G1 X65.179 Y71.516 F9000
G1 E5 F2400
;TYPE:Perimeter
;WIDTH:0.381505
G1 F3600
G1 X65.179 Y13.575 E1.33808
;WIDTH:0.423417
G1 X65.139 Y13.429 E.00392
;WIDTH:0.465328
G1 X65.099 Y13.282 E.00437
;WIDTH:0.507239
G1 X65.059 Y13.135 E.00479
G1 X64.913 Y13.096 E.00475
;WIDTH:0.465328
G1 X64.766 Y13.056 E.00437
;WIDTH:0.423417
G1 X64.619 Y13.016 E.00394
;WIDTH:0.381505
G1 X21.679 Y13.016 E.99165
G1 X21.679 Y12.669 E.00801
G1 X64.619 Y12.669 E.99165
;WIDTH:0.423417
G1 X64.901 Y12.69 E.00732
;WIDTH:0.465328
G1 X65.182 Y12.711 E.00808
;WIDTH:0.507239
G1 X65.463 Y12.732 E.00886
G1 X65.463 Y12.968 E.00742
G1 X65.484 Y13.171 E.00642
;WIDTH:0.465328
G1 X65.505 Y13.373 E.00582
;WIDTH:0.423417
G1 X65.526 Y13.575 E.00526
;WIDTH:0.381505
G1 X65.526 Y71.516 E1.33808
G1 X65.239 Y71.516 E.00663
G1 X64.812 Y71.883 F9000
;TYPE:External perimeter
;WIDTH:0.419999
G1 F1800
G1 X64.812 Y13.575 E1.49586
G1 X64.756 Y13.439 E.00377
G1 X64.619 Y13.383 E.0038
G1 X21.312 Y13.383 E1.11102
G1 X21.312 Y12.303 E.02771
G1 X65.892 Y12.303 E1.14367
G1 X65.892 Y71.883 E1.52849
G1 X64.872 Y71.883 E.02617
G1 E-3.5 F3600
;WIPE_START
G1 F7200
G1 X64.812 Y71.883 E-.0285
G1 X64.812 Y68.785 E-1.4715
;WIPE_END
G1 X65.179 Y92.669 F9000
G1 E5 F2400
;TYPE:Perimeter
;WIDTH:0.381505
G1 F3600
G1 X65.526 Y92.669 E.00801
G1 X65.526 Y92.843 E.00402
G1 X65.526 Y115.704 E.52795
;WIDTH:0.423417
G1 X65.505 Y115.954 E.00649
;WIDTH:0.465328
G1 X65.484 Y116.204 E.00719
;WIDTH:0.507239
G1 X65.463 Y116.453 E.00786
G1 X65.024 Y116.474 E.01383
;WIDTH:0.465328
G1 X64.822 Y116.495 E.00582
;WIDTH:0.423417
G1 X64.619 Y116.516 E.00528
;WIDTH:0.381505
G1 X12.585 Y116.516 E1.20166
;WIDTH:0.423417
G1 X12.304 Y116.495 E.00729
;WIDTH:0.465328
G1 X12.023 Y116.474 E.00808
;WIDTH:0.507239
G1 X11.742 Y116.453 E.00886
G1 X11.721 Y116.014 E.01383
;WIDTH:0.465328
G1 X11.7 Y115.812 E.00582
;WIDTH:0.423417
G1 X11.679 Y115.61 E.00526
;WIDTH:0.381505
G1 X11.679 Y107.169 E.19493
G1 X12.026 Y107.169 E.00801
G1 X12.026 Y115.61 E.19493
;WIDTH:0.423417
G1 X12.066 Y115.756 E.00392
;WIDTH:0.465328
G1 X12.105 Y115.903 E.00436
;WIDTH:0.507239
G1 X12.145 Y116.05 E.00479
G1 X12.292 Y116.089 E.00478
;WIDTH:0.465328
G1 X12.438 Y116.129 E.00434
;WIDTH:0.423417
G1 X12.585 Y116.169 E.00394
;WIDTH:0.381505
G1 X64.619 Y116.169 E1.20166
;WIDTH:0.423417
G1 X64.766 Y116.129 E.00394
;WIDTH:0.465328
G1 X64.913 Y116.089 E.00437
;WIDTH:0.507239
G1 X65.059 Y116.05 E.00475
G1 X65.099 Y115.903 E.00479
;WIDTH:0.465328
G1 X65.139 Y115.756 E.00437
;WIDTH:0.423417
G1 X65.179 Y115.61 E.00392
;WIDTH:0.381505
G1 X65.179 Y92.729 E.52841
G1 X64.812 Y92.303 F9000
;TYPE:External perimeter
;WIDTH:0.419999
G1 F1800
G1 X65.892 Y92.303 E.02771
G1 X65.892 Y116.883 E.63059
G1 X11.312 Y116.883 E1.40022
G1 X11.312 Y106.803 E.2586
G1 X12.392 Y106.803 E.02771
G1 X12.392 Y115.61 E.22594
G1 X12.449 Y115.746 E.00378
G1 X12.585 Y115.803 E.00378
G1 X64.619 Y115.803 E1.3349
G1 X64.756 Y115.746 E.00381
G1 X64.812 Y115.61 E.00377
G1 X64.812 Y92.363 E.59639
G1 E-3.5 F3600
;WIPE_START
G1 F7200
G1 X64.812 Y92.303 E-.0285
G1 X65.892 Y92.303 E-.513
G1 X65.892 Y94.321 E-.9585
;WIPE_END
G1 X57.061 Y111.007 F9000
G1 E5 F2400
;WIDTH:0.567609
G1 F1800
G1 X57.443 Y111.264 E.01633
G1 X57.698 Y111.656 E.01659
G1 X57.782 Y112.116 E.01659
G1 X57.68 Y112.572 E.01658
G1 X57.409 Y112.953 E.01659
;WIDTH:0.56822
G1 X57.018 Y113.198 E.01639
G1 X56.608 Y113.272 E.0148
;WIDTH:0.567609
G1 X56.15 Y113.182 E.01656
G1 X55.762 Y112.921 E.01659
;WIDTH:0.573933
G1 X55.506 Y112.529 E.01681
;WIDTH:0.567609
G1 X55.423 Y112.069 E.01658
G1 X55.524 Y111.613 E.01657
G1 X55.795 Y111.232 E.01659
G1 X56.19 Y110.987 E.01649
;WIDTH:0.567796
G1 X56.617 Y110.913 E.01538
G1 X57.003 Y110.992 E.01398
G1 X57.185 Y110.491 F9000
;WIDTH:0.573933
G1 F1800
G1 X57.543 Y110.665 E.01429
G1 X57.851 Y110.922 E.0144
;WIDTH:0.567275
G1 X58.144 Y111.354 E.01851
;WIDTH:0.573932
G1 X58.29 Y111.822 E.0176
G1 X58.312 Y112.169 E.01248
;WIDTH:0.567277
G1 X58.207 Y112.68 E.01849
;WIDTH:0.573931
G1 X58.005 Y113.068 E.0157
G1 X57.786 Y113.33 E.01226
;WIDTH:0.567302
G1 X57.373 Y113.616 E.01781
;WIDTH:0.572932
G1 X56.968 Y113.764 E.01545
G1 X56.568 Y113.804 E.0144
;WIDTH:0.567274
G1 X56.055 Y113.712 E.01848
;WIDTH:0.573933
G1 X55.662 Y113.52 E.0157
G1 X55.353 Y113.263 E.01443
;WIDTH:0.567277
G1 X55.061 Y112.831 E.01849
;WIDTH:0.573932
G1 X54.924 Y112.416 E.01569
G1 X54.892 Y112.016 E.0144
;WIDTH:0.567278
G1 X54.997 Y111.505 E.01849
;WIDTH:0.573932
G1 X55.199 Y111.117 E.0157
G1 X55.463 Y110.815 E.0144
;WIDTH:0.567279
G1 X55.902 Y110.533 E.0185
;WIDTH:0.572214
G1 X56.325 Y110.405 E.01581
G1 X56.636 Y110.378 E.01117
;WIDTH:0.567456
G1 X57.13 Y110.469 E.01781
G1 E-3.5 F3600
;WIPE_START
G1 F7200
G1 X57.185 Y110.491 E-.02814
G1 X57.543 Y110.665 E-.18907
G1 X57.851 Y110.922 E-.19054
G1 X58.144 Y111.354 E-.24794
G1 X58.29 Y111.822 E-.23287
G1 X58.312 Y112.169 E-.16516
G1 X58.207 Y112.68 E-.2478
G1 X58.015 Y113.051 E-.19848
;WIPE_END
G1 X21.772 Y112.063 F9000
G1 E5 F2400
;WIDTH:0.56761
G1 F1800
G1 X21.782 Y112.116 E.00191
G1 X21.68 Y112.572 E.01658
G1 X21.409 Y112.953 E.01659
;WIDTH:0.568221
G1 X21.018 Y113.198 E.01639
G1 X20.608 Y113.272 E.0148
;WIDTH:0.567609
G1 X20.15 Y113.182 E.01656
G1 X19.762 Y112.921 E.01659
;WIDTH:0.573934
G1 X19.506 Y112.529 E.01681
;WIDTH:0.567609
G1 X19.423 Y112.069 E.01658
G1 X19.524 Y111.613 E.01657
G1 X19.795 Y111.232 E.01659
G1 X20.19 Y110.987 E.01649
;WIDTH:0.567796
G1 X20.617 Y110.913 E.01538
G1 X21.055 Y111.003 E.01587
;WIDTH:0.56761
G1 X21.443 Y111.264 E.01659
G1 X21.698 Y111.656 E.01659
G1 X21.761 Y112.004 E.01255
G1 X22.299 Y111.965 F9000
;WIDTH:0.573932
G1 F1800
G1 X22.312 Y112.169 E.00734
;WIDTH:0.567276
G1 X22.207 Y112.68 E.01849
;WIDTH:0.573932
G1 X22.005 Y113.068 E.0157
G1 X21.786 Y113.33 E.01226
;WIDTH:0.567304
G1 X21.373 Y113.616 E.01781
;WIDTH:0.572933
G1 X20.968 Y113.764 E.01545
G1 X20.568 Y113.804 E.0144
;WIDTH:0.567274
G1 X20.055 Y113.712 E.01848
;WIDTH:0.573932
G1 X19.662 Y113.52 E.0157
G1 X19.353 Y113.263 E.01443
;WIDTH:0.567276
G1 X19.061 Y112.831 E.01849
;WIDTH:0.573933
G1 X18.924 Y112.416 E.01569
G1 X18.892 Y112.016 E.0144
;WIDTH:0.567278
G1 X18.997 Y111.505 E.01849
;WIDTH:0.573934
G1 X19.199 Y111.117 E.0157
G1 X19.463 Y110.815 E.0144
;WIDTH:0.567279
G1 X19.902 Y110.533 E.0185
;WIDTH:0.572214
G1 X20.325 Y110.405 E.01581
G1 X20.636 Y110.378 E.01117
;WIDTH:0.567456
G1 X21.15 Y110.473 E.01854
;WIDTH:0.573933
G1 X21.543 Y110.665 E.0157
G1 X21.851 Y110.922 E.0144
;WIDTH:0.567277
G1 X22.144 Y111.354 E.01851
;WIDTH:0.573932
G1 X22.29 Y111.822 E.0176
G1 X22.295 Y111.905 E.00298
G1 E-3.5 F3600
;WIPE_START
G1 F7200
G1 X22.299 Y111.965 E-.02856
G1 X22.312 Y112.169 E-.0971
G1 X22.207 Y112.68 E-.2478
G1 X22.005 Y113.068 E-.20778
G1 X21.786 Y113.33 E-.1622
G1 X21.373 Y113.616 E-.23862
G1 X20.968 Y113.764 E-.20482
G1 X20.568 Y113.804 E-.19095
G1 X20.315 Y113.759 E-.12217
;WIPE_END
; stop printing object Arduino_gehäuse-Unterteil.stl id:0 copy 0
; printing object leuchte_led_halter-Halter.stl id:1 copy 5
G1 X70.422 Y78.547 F9000
G1 E5 F2400
;WIDTH:0.374336
G1 F1800
G1 X75.064 Y78.547 E.10499
G1 X75.172 Y78.569 E.00249
G1 X75.172 Y81.189 E.05926
G1 X75.15 Y81.297 E.00249
G1 X70.422 Y81.297 E.10693
G1 E-3.5 F3600
;WIPE_START
G1 F7200
G1 X73.58 Y81.297 E-1.5
;WIPE_END
; stop printing object leuchte_led_halter-Halter.stl id:1 copy 5
; printing object leuchte_led_halter-Halter.stl id:1 copy 4
G1 X70.747 Y71.777 F9000
G1 E5 F2400
G1 F1800
G1 X75.389 Y71.777 E.10499
G1 X75.497 Y71.799 E.00249
G1 X75.497 Y74.419 E.05926
G1 X75.475 Y74.527 E.00249
G1 X70.747 Y74.527 E.10693
G1 E-3.5 F3600
;WIPE_START
G1 F7200
G1 X73.905 Y74.527 E-1.5
;WIPE_END
; stop printing object leuchte_led_halter-Halter.stl id:1 copy 4
; printing object leuchte_led_halter-Halter.stl id:1 copy 3
G1 X70.031 Y64.206 F9000
G1 E5 F2400
G1 F1800
G1 X74.673 Y64.206 E.10499
G1 X74.781 Y64.229 E.0025
G1 X74.781 Y66.849 E.05926
G1 X74.759 Y66.956 E.00247
G1 X70.031 Y66.956 E.10693
G1 E-3.5 F3600
;WIPE_START
G1 F7200
G1 X73.189 Y66.956 E-1.5
;WIPE_END
; stop printing object leuchte_led_halter-Halter.stl id:1 copy 3
; printing object leuchte_led_halter-Halter.stl id:1 copy 2
G1 X69.425 Y57.291 F9000
G1 E5 F2400
G1 F1800
G1 X74.067 Y57.291 E.10499
G1 X74.175 Y57.313 E.00249
G1 X74.175 Y59.933 E.05926
G1 X74.152 Y60.041 E.0025
G1 X69.425 Y60.041 E.10691
G1 E-3.5 F3600
;WIPE_START
G1 F7200
G1 X72.583 Y60.041 E-1.5
;WIPE_END
; stop printing object leuchte_led_halter-Halter.stl id:1 copy 2
; printing object leuchte_led_halter-Halter.stl id:1 copy 1
G1 X69.471 Y51.765 F9000
G1 E5 F2400
G1 F1800
G1 X74.113 Y51.765 E.10499
G1 X74.221 Y51.787 E.00249
G1 X74.221 Y54.407 E.05926
G1 X74.199 Y54.515 E.00249
G1 X69.471 Y54.515 E.10693
G1 E-3.5 F3600
;WIPE_START
G1 F7200
G1 X72.629 Y54.515 E-1.5
;WIPE_END
; stop printing object leuchte_led_halter-Halter.stl id:1 copy 1
; printing object leuchte_led_halter-Halter.stl id:1 copy 0
G1 X70.217 Y45.628 F9000
G1 E5 F2400
G1 F1800
G1 X74.859 Y45.628 E.10499
G1 X74.967 Y45.65 E.00249
G1 X74.967 Y48.27 E.05926
G1 X74.945 Y48.378 E.00249
G1 X70.217 Y48.378 E.10693
;LAYER_CHANGE
;Z:2.28
;HEIGHT:0.16
;BEFORE_LAYER_CHANGE
G92 E0
;2.28


G1 E-3.5 F3600
;WIPE_START
G1 F7200
G1 X73.375 Y48.378 E-1.5
;WIPE_END
G1 Z2.28 F9000
;AFTER_LAYER_CHANGE
;2.28
; stop printing object leuchte_led_halter-Halter.stl id:1 copy 0
; printing object Arduino_gehäuse-Unterteil.stl id:0 copy 0
G1 X21.741 Y55.892
G1 E5 F2400
;WIDTH:0.56761
G1 F1800
G1 X21.782 Y56.116 E.00808
G1 X21.68 Y56.572 E.01658
;WIDTH:0.567185
G1 X21.409 Y56.953 E.01657
;WIDTH:0.565755
G1 X21.018 Y57.197 E.01629
;WIDTH:0.567604
G1 X20.608 Y57.272 E.01479
G1 X20.15 Y57.182 E.01656
G1 X19.762 Y56.921 E.01659
;WIDTH:0.573933
G1 X19.506 Y56.529 E.01681
;WIDTH:0.56761
G1 X19.423 Y56.069 E.01658
G1 X19.524 Y55.613 E.01657
G1 X19.795 Y55.232 E.01659
G1 X20.19 Y54.987 E.01649
;WIDTH:0.567815
G1 X20.619 Y54.913 E.01545
G1 X21.055 Y55.003 E.0158
;WIDTH:0.56761
G1 X21.443 Y55.264 E.01659
G1 X21.698 Y55.656 E.01659
G1 X21.73 Y55.833 E.00638
G1 X22.256 Y55.715 F9000
;WIDTH:0.573933
G1 F1800
G1 X22.29 Y55.822 E.00403
G1 X22.315 Y56.109 E.01034
;WIDTH:0.567303
G1 X22.233 Y56.602 E.01772
;WIDTH:0.574997
G1 X22.053 Y56.997 E.01561
G1 X21.81 Y57.308 E.01419
;WIDTH:0.565756
G1 X21.385 Y57.61 E.01843
;WIDTH:0.5725
G1 X20.967 Y57.763 E.01593
G1 X20.568 Y57.804 E.01436
;WIDTH:0.567273
G1 X20.055 Y57.712 E.01848
;WIDTH:0.573933
G1 X19.662 Y57.52 E.0157
G1 X19.353 Y57.263 E.01443
;WIDTH:0.567279
G1 X19.061 Y56.831 E.01849
;WIDTH:0.573933
G1 X18.924 Y56.416 E.01569
G1 X18.892 Y56.016 E.0144
;WIDTH:0.567277
G1 X18.997 Y55.505 E.01849
;WIDTH:0.573933
G1 X19.199 Y55.117 E.0157
G1 X19.463 Y54.815 E.0144
;WIDTH:0.56728
G1 X19.902 Y54.533 E.0185
;WIDTH:0.572317
G1 X20.324 Y54.405 E.01578
G1 X20.639 Y54.378 E.01131
;WIDTH:0.567473
G1 X21.15 Y54.473 E.01843
;WIDTH:0.573932
G1 X21.543 Y54.665 E.0157
G1 X21.851 Y54.922 E.0144
;WIDTH:0.567277
G1 X22.144 Y55.354 E.01851
;WIDTH:0.573933
G1 X22.239 Y55.658 E.01143
G1 E-3.5 F3600
;WIPE_START
G1 F7200
G1 X22.256 Y55.715 E-.02825
G1 X22.29 Y55.822 E-.05333
G1 X22.315 Y56.109 E-.13684
G1 X22.233 Y56.602 E-.23739
G1 X22.053 Y56.997 E-.20619
G1 X21.81 Y57.308 E-.18747
G1 X21.385 Y57.61 E-.24765
G1 X20.967 Y57.763 E-.21143
G1 X20.568 Y57.804 E-.19052
G1 X20.566 Y57.804 E-.00093
;WIPE_END
G1 X12.026 Y56.016 F9000
G1 E5 F2400
;TYPE:Perimeter
;WIDTH:0.381505
G1 F3600
G1 X11.679 Y56.016 E.00801
G1 X11.679 Y13.575 E.98012
;WIDTH:0.423417
G1 X11.7 Y13.294 E.00729
;WIDTH:0.465328
G1 X11.721 Y13.013 E.00808
;WIDTH:0.507239
G1 X11.742 Y12.732 E.00886
G1 X12.18 Y12.711 E.01379
;WIDTH:0.465328
G1 X12.383 Y12.69 E.00585
;WIDTH:0.423417
G1 X12.585 Y12.669 E.00526
;WIDTH:0.381505
G1 X15.526 Y12.669 E.06792
G1 X15.526 Y13.016 E.00801
G1 X12.585 Y13.016 E.06792
;WIDTH:0.423417
G1 X12.438 Y13.056 E.00394
;WIDTH:0.465328
G1 X12.292 Y13.096 E.00434
;WIDTH:0.507239
G1 X12.145 Y13.135 E.00478
G1 X12.105 Y13.282 E.00479
;WIDTH:0.465328
G1 X12.066 Y13.429 E.00436
;WIDTH:0.423417
G1 X12.026 Y13.575 E.00392
;WIDTH:0.381505
G1 X12.026 Y55.956 E.97874
G1 X12.392 Y56.383 F9000
;TYPE:External perimeter
;WIDTH:0.419999
G1 F1800
G1 X11.312 Y56.383 E.02771
G1 X11.312 Y12.303 E1.13085
G1 X15.892 Y12.303 E.1175
G1 X15.892 Y13.383 E.02771
G1 X12.585 Y13.383 E.08484
G1 X12.449 Y13.439 E.00377
G1 X12.392 Y13.575 E.00378
G1 X12.392 Y56.323 E1.09667
G1 E-3.5 F3600
;WIPE_START
G1 F7200
G1 X12.392 Y56.383 E-.0285
G1 X11.312 Y56.383 E-.513
G1 X11.312 Y54.365 E-.9585
;WIPE_END
G1 X23.176 Y18.476 F9000
G1 E5 F2400
G1 F1800
G1 X23.053 Y18.442 E.00327
G1 X22.797 Y18.306 E.00744
G1 X22.572 Y18.123 E.00744
G1 X22.389 Y17.898 E.00744
G1 X22.253 Y17.642 E.00744
G1 X22.171 Y17.363 E.00746
G1 X22.146 Y17.075 E.00742
G1 X22.178 Y16.786 E.00746
G1 X22.237 Y16.577 E.00557
G1 X22.409 Y16.257 E.00932
G1 X22.598 Y16.037 E.00744
G1 X22.827 Y15.859 E.00744
G1 X23.069 Y15.736 E.00696
G1 X23.593 Y15.635 E.01369
G1 X24.093 Y15.717 E.013
G1 X24.408 Y15.879 E.00909
G1 X24.632 Y16.062 E.00742
G1 X24.816 Y16.287 E.00746
G1 X24.951 Y16.543 E.00742
G1 X25.033 Y16.822 E.00746
G1 X25.059 Y17.111 E.00744
G1 X25.026 Y17.399 E.00744
G1 X24.937 Y17.675 E.00744
G1 X24.796 Y17.928 E.00743
G1 X24.606 Y18.148 E.00746
G1 X24.375 Y18.327 E.0075
G1 X23.91 Y18.519 E.01291
G1 X23.394 Y18.537 E.01325
G1 X23.233 Y18.492 E.00429
G1 X23.156 Y18.846 F9000
;TYPE:Perimeter
;WIDTH:0.376476
G1 F1800
G1 X23.032 Y18.821 E.00288
;WIDTH:0.372842
G1 X22.701 Y18.674 E.00816
G1 X22.405 Y18.464 E.00817
G1 X22.157 Y18.199 E.00817
G1 X21.967 Y17.891 E.00815
G1 X21.841 Y17.551 E.00816
G1 X21.785 Y17.193 E.00816
G1 X21.801 Y16.831 E.00816
G1 X21.888 Y16.479 E.00816
G1 X22.044 Y16.152 E.00816
G1 X22.261 Y15.862 E.00816
G1 X22.532 Y15.62 E.00818
;WIDTH:0.385114
G1 X22.992 Y15.376 E.01215
G1 X23.532 Y15.271 E.01284
;WIDTH:0.377564
G1 X24.124 Y15.352 E.01364
G1 X24.504 Y15.511 E.0094
;WIDTH:0.372844
G1 X24.799 Y15.721 E.00815
G1 X25.047 Y15.986 E.00817
G1 X25.238 Y16.294 E.00816
;WIDTH:0.38367
G1 X25.398 Y16.776 E.0118
G1 X25.42 Y16.992 E.00505
;WIDTH:0.372842
G1 X25.404 Y17.354 E.00816
G1 X25.316 Y17.706 E.00817
G1 X25.161 Y18.033 E.00815
G1 X24.943 Y18.323 E.00817
G1 X24.673 Y18.565 E.00816
;WIDTH:0.375362
G1 X24.36 Y18.749 E.00824
;WIDTH:0.380028
G1 X23.967 Y18.881 E.00953
G1 X23.427 Y18.902 E.01243
;WIDTH:0.376476
G1 X23.214 Y18.859 E.00495
G1 X23.134 Y19.211 F9000
;TYPE:External perimeter
;WIDTH:0.419999
G1 F1800
G1 X22.925 Y19.167 E.00548
G1 X22.528 Y18.992 E.01113
G1 X22.173 Y18.741 E.01115
G1 X21.874 Y18.425 E.01116
G1 X21.644 Y18.056 E.01115
G1 X21.492 Y17.649 E.01115
G1 X21.424 Y17.22 E.01114
G1 X21.442 Y16.786 E.01114
G1 X21.545 Y16.364 E.01114
G1 X21.73 Y15.971 E.01114
G1 X21.99 Y15.622 E.01116
G1 X22.313 Y15.332 E.01114
G1 X22.712 Y15.099 E.01185
G1 X23.243 Y14.932 E.01428
G1 X23.696 Y14.906 E.01164
G1 X24.232 Y15.003 E.01397
G1 X24.677 Y15.193 E.01241
G1 X25.032 Y15.444 E.01115
G1 X25.348 Y15.781 E.01185
G1 X25.627 Y16.259 E.0142
G1 X25.765 Y16.748 E.01303
G1 X25.781 Y16.965 E.00558
G1 X25.763 Y17.399 E.01114
G1 X25.659 Y17.821 E.01115
G1 X25.474 Y18.214 E.01114
G1 X25.215 Y18.563 E.01115
G1 X24.869 Y18.87 E.01187
G1 X24.397 Y19.136 E.0139
G1 X23.904 Y19.255 E.01301
G1 X23.391 Y19.264 E.01316
G1 X23.193 Y19.223 E.00519
G1 E-3.5 F3600
;WIPE_START
G1 F7200
G1 X23.134 Y19.211 E-.0286
G1 X22.925 Y19.167 E-.10145
G1 X22.528 Y18.992 E-.20608
G1 X22.173 Y18.741 E-.20652
G1 X21.874 Y18.425 E-.20664
G1 X21.644 Y18.056 E-.20654
G1 X21.492 Y17.649 E-.20637
G1 X21.424 Y17.22 E-.20632
G1 X21.435 Y16.943 E-.13148
;WIPE_END
G1 X52.281 Y31.496 F9000
G1 E5 F2400
G1 F1800
G1 X52.407 Y31.259 E.00689
G1 X52.596 Y31.039 E.00744
G1 X52.825 Y30.86 E.00746
G1 X53.069 Y30.736 E.00702
G1 X53.591 Y30.635 E.01364
G1 X54.093 Y30.717 E.01305
G1 X54.406 Y30.877 E.00902
G1 X54.631 Y31.061 E.00746
G1 X54.815 Y31.285 E.00744
G1 X54.951 Y31.541 E.00744
G1 X55.033 Y31.819 E.00744
G1 X55.059 Y32.111 E.00752
G1 X55.036 Y32.365 E.00654
G1 X54.954 Y32.643 E.00744
G1 X54.818 Y32.9 E.00746
G1 X54.633 Y33.125 E.00747
G1 X54.396 Y33.315 E.00779
G1 X53.911 Y33.516 E.01347
G1 X53.623 Y33.549 E.00744
G1 X53.334 Y33.524 E.00744
G1 X53.056 Y33.443 E.00743
G1 X52.799 Y33.308 E.00745
G1 X52.574 Y33.124 E.00746
G1 X52.39 Y32.9 E.00744
G1 X52.254 Y32.644 E.00744
G1 X52.171 Y32.366 E.00744
G1 X52.146 Y32.077 E.00744
G1 X52.178 Y31.789 E.00743
G1 X52.237 Y31.577 E.00565
G1 X52.252 Y31.549 E.00081
G1 X51.868 Y31.412 F9000
;TYPE:Perimeter
;WIDTH:0.46849
G1 F1800
G1 X52.001 Y31.13 E.009
G1 X52.224 Y30.832 E.01075
G1 X52.501 Y30.584 E.01074
G1 X52.822 Y30.395 E.01076
;WIDTH:0.493822
G1 X53.328 Y30.248 E.01611
G1 X53.642 Y30.222 E.00963
;WIDTH:0.480686
G1 X54.132 Y30.304 E.01475
;WIDTH:0.473622
G1 X54.525 Y30.468 E.01244
;WIDTH:0.46849
G1 X54.828 Y30.683 E.01073
G1 X55.083 Y30.954 E.01075
G1 X55.279 Y31.27 E.01074
;WIDTH:0.479436
G1 X55.445 Y31.768 E.01554
G1 X55.467 Y31.986 E.00649
;WIDTH:0.471072
G1 X55.453 Y32.358 E.01081
;WIDTH:0.47391
G1 X55.365 Y32.719 E.01086
G1 X55.205 Y33.056 E.01091
;WIDTH:0.472464
G1 X54.982 Y33.354 E.01085
;WIDTH:0.475496
G1 X54.658 Y33.64 E.01268
G1 X54.164 Y33.872 E.01602
;WIDTH:0.472446
G1 X53.755 Y33.954 E.01216
;WIDTH:0.46849
G1 X53.383 Y33.948 E.01074
G1 X53.02 Y33.867 E.01074
G1 X52.68 Y33.717 E.01073
G1 X52.376 Y33.502 E.01075
G1 X52.121 Y33.231 E.01075
G1 X51.925 Y32.915 E.01074
G1 X51.795 Y32.566 E.01076
G1 X51.737 Y32.199 E.01073
G1 X51.753 Y31.827 E.01075
G1 X51.842 Y31.466 E.01074
G1 X51.458 Y31.326 F9000
;TYPE:External perimeter
;WIDTH:0.419999
G1 F1800
G1 X51.646 Y30.925 E.01136
G1 X51.917 Y30.561 E.01164
G1 X52.253 Y30.257 E.01162
G1 X52.671 Y30.013 E.01242
G1 X53.224 Y29.839 E.01487
G1 X53.504 Y29.814 E.00721
G1 X54.015 Y29.844 E.01313
G1 X54.334 Y29.935 E.00851
G1 X54.721 Y30.108 E.01088
G1 X55.092 Y30.369 E.01164
G1 X55.422 Y30.722 E.0124
G1 X55.714 Y31.219 E.01479
G1 X55.86 Y31.736 E.01378
G1 X55.876 Y31.955 E.00563
G1 X55.861 Y32.405 E.01155
G1 X55.761 Y32.836 E.01135
G1 X55.571 Y33.244 E.01155
G1 X55.304 Y33.611 E.01164
G1 X54.97 Y33.918 E.01164
G1 X54.529 Y34.181 E.01317
G1 X54.285 Y34.265 E.00662
G1 X53.796 Y34.362 E.01279
G1 X53.343 Y34.355 E.01162
G1 X52.899 Y34.259 E.01165
G1 X52.484 Y34.077 E.01163
G1 X52.113 Y33.816 E.01164
G1 X51.801 Y33.487 E.01163
G1 X51.56 Y33.102 E.01165
G1 X51.401 Y32.677 E.01164
G1 X51.329 Y32.23 E.01162
G1 X51.346 Y31.776 E.01166
G1 X51.442 Y31.384 E.01035
G1 E-3.5 F3600
;WIPE_START
G1 F7200
G1 X51.458 Y31.326 E-.02858
G1 X51.646 Y30.925 E-.21037
G1 X51.917 Y30.561 E-.21556
G1 X52.253 Y30.257 E-.21523
G1 X52.671 Y30.013 E-.2299
G1 X53.224 Y29.839 E-.27537
G1 X53.504 Y29.814 E-.13353
G1 X53.906 Y29.838 E-.19146
;WIPE_END
G1 X56.374 Y54.955 F9000
G1 E5 F2400
;WIDTH:0.567815
G1 F1800
G1 X56.619 Y54.913 E.00882
G1 X57.055 Y55.003 E.0158
;WIDTH:0.567609
G1 X57.443 Y55.264 E.01659
G1 X57.698 Y55.656 E.01659
G1 X57.782 Y56.116 E.01659
G1 X57.68 Y56.572 E.01658
;WIDTH:0.568634
G1 X57.409 Y56.954 E.01665
G1 X57.018 Y57.197 E.01636
;WIDTH:0.567604
G1 X56.608 Y57.272 E.01479
G1 X56.15 Y57.182 E.01656
G1 X55.762 Y56.921 E.01659
;WIDTH:0.573933
G1 X55.506 Y56.529 E.01681
;WIDTH:0.56761
G1 X55.423 Y56.069 E.01658
G1 X55.524 Y55.613 E.01657
G1 X55.795 Y55.232 E.01659
G1 X56.19 Y54.987 E.01649
;WIDTH:0.567815
G1 X56.315 Y54.965 E.0045
G1 X56.183 Y54.448 F9000
;WIDTH:0.572317
G1 F1800
G1 X56.324 Y54.405 E.00528
G1 X56.639 Y54.378 E.01131
;WIDTH:0.567473
G1 X57.15 Y54.473 E.01843
;WIDTH:0.573931
G1 X57.543 Y54.665 E.0157
G1 X57.851 Y54.922 E.0144
;WIDTH:0.567276
G1 X58.144 Y55.354 E.01851
;WIDTH:0.573932
G1 X58.29 Y55.822 E.0176
G1 X58.312 Y56.169 E.01248
;WIDTH:0.567277
G1 X58.207 Y56.68 E.01849
;WIDTH:0.573934
G1 X58.005 Y57.068 E.0157
G1 X57.791 Y57.325 E.012
;WIDTH:0.566728
G1 X57.385 Y57.61 E.01757
;WIDTH:0.5725
G1 X56.967 Y57.763 E.01593
G1 X56.568 Y57.804 E.01436
;WIDTH:0.567273
G1 X56.055 Y57.712 E.01848
;WIDTH:0.573933
G1 X55.662 Y57.52 E.0157
G1 X55.353 Y57.263 E.01443
;WIDTH:0.567279
G1 X55.061 Y56.831 E.01849
;WIDTH:0.573932
G1 X54.924 Y56.416 E.01569
G1 X54.892 Y56.016 E.0144
;WIDTH:0.567278
G1 X54.997 Y55.505 E.01849
;WIDTH:0.573933
G1 X55.199 Y55.117 E.0157
G1 X55.463 Y54.815 E.0144
;WIDTH:0.56728
G1 X55.902 Y54.533 E.0185
;WIDTH:0.572317
G1 X56.126 Y54.465 E.00838
G1 E-3.5 F3600
;WIPE_START
G1 F7200
G1 X56.183 Y54.448 E-.02825
G1 X56.324 Y54.405 E-.07002
G1 X56.639 Y54.378 E-.15017
G1 X57.15 Y54.473 E-.24688
G1 X57.543 Y54.665 E-.20776
G1 X57.851 Y54.922 E-.19054
G1 X58.144 Y55.354 E-.24794
G1 X58.29 Y55.822 E-.23287
G1 X58.307 Y56.086 E-.12557
;WIPE_END
G1 X65.179 Y71.516 F9000
G1 E5 F2400
;TYPE:Perimeter
;WIDTH:0.381505
G1 F3600
G1 X65.179 Y13.575 E1.33808
;WIDTH:0.423417
G1 X65.139 Y13.429 E.00392
;WIDTH:0.465328
G1 X65.099 Y13.282 E.00437
;WIDTH:0.507239
G1 X65.059 Y13.135 E.00479
G1 X64.913 Y13.096 E.00475
;WIDTH:0.465328
G1 X64.766 Y13.056 E.00437
;WIDTH:0.423417
G1 X64.619 Y13.016 E.00394
;WIDTH:0.381505
G1 X21.679 Y13.016 E.99165
G1 X21.679 Y12.669 E.00801
G1 X64.619 Y12.669 E.99165
;WIDTH:0.423417
G1 X64.901 Y12.69 E.00732
;WIDTH:0.465328
G1 X65.182 Y12.711 E.00808
;WIDTH:0.507239
G1 X65.463 Y12.732 E.00886
G1 X65.463 Y12.968 E.00742
G1 X65.484 Y13.171 E.00642
;WIDTH:0.465328
G1 X65.505 Y13.373 E.00582
;WIDTH:0.423417
G1 X65.526 Y13.575 E.00526
;WIDTH:0.381505
G1 X65.526 Y71.516 E1.33808
G1 X65.239 Y71.516 E.00663
G1 X64.812 Y71.883 F9000
;TYPE:External perimeter
;WIDTH:0.419999
G1 F1800
G1 X64.812 Y13.575 E1.49586
G1 X64.756 Y13.439 E.00377
G1 X64.619 Y13.383 E.0038
G1 X21.312 Y13.383 E1.11102
G1 X21.312 Y12.303 E.02771
G1 X65.892 Y12.303 E1.14367
G1 X65.892 Y71.883 E1.52849
G1 X64.872 Y71.883 E.02617
G1 E-3.5 F3600
;WIPE_START
G1 F7200
G1 X64.812 Y71.883 E-.0285
G1 X64.812 Y68.785 E-1.4715
;WIPE_END
G1 X65.179 Y92.669 F9000
G1 E5 F2400
;TYPE:Perimeter
;WIDTH:0.381505
G1 F3600
G1 X65.526 Y92.669 E.00801
G1 X65.526 Y92.843 E.00402
G1 X65.526 Y115.704 E.52795
;WIDTH:0.423417
G1 X65.505 Y115.954 E.00649
;WIDTH:0.465328
G1 X65.484 Y116.204 E.00719
;WIDTH:0.507239
G1 X65.463 Y116.453 E.00786
G1 X65.024 Y116.474 E.01383
;WIDTH:0.465328
G1 X64.822 Y116.495 E.00582
;WIDTH:0.423417
G1 X64.619 Y116.516 E.00528
;WIDTH:0.381505
G1 X12.585 Y116.516 E1.20166
;WIDTH:0.423417
G1 X12.304 Y116.495 E.00729
;WIDTH:0.465328
G1 X12.023 Y116.474 E.00808
;WIDTH:0.507239
G1 X11.742 Y116.453 E.00886
G1 X11.721 Y116.014 E.01383
;WIDTH:0.465328
G1 X11.7 Y115.812 E.00582
;WIDTH:0.423417
G1 X11.679 Y115.61 E.00526
;WIDTH:0.381505
G1 X11.679 Y107.169 E.19493
G1 X12.026 Y107.169 E.00801
G1 X12.026 Y115.61 E.19493
;WIDTH:0.423417
G1 X12.066 Y115.756 E.00392
;WIDTH:0.465328
G1 X12.105 Y115.903 E.00436
;WIDTH:0.507239
G1 X12.145 Y116.05 E.00479
G1 X12.292 Y116.089 E.00478
;WIDTH:0.465328
G1 X12.438 Y116.129 E.00434
;WIDTH:0.423417
G1 X12.585 Y116.169 E.00394
;WIDTH:0.381505
G1 X64.619 Y116.169 E1.20166
;WIDTH:0.423417
G1 X64.766 Y116.129 E.00394
;WIDTH:0.465328
G1 X64.913 Y116.089 E.00437
;WIDTH:0.507239
G1 X65.059 Y116.05 E.00475
G1 X65.099 Y115.903 E.00479
;WIDTH:0.465328
G1 X65.139 Y115.756 E.00437
;WIDTH:0.423417
G1 X65.179 Y115.61 E.00392
;WIDTH:0.381505
G1 X65.179 Y92.729 E.52841
G1 X64.812 Y92.303 F9000
;TYPE:External perimeter
;WIDTH:0.419999
G1 F1800
G1 X65.892 Y92.303 E.02771
G1 X65.892 Y116.883 E.63059
G1 X11.312 Y116.883 E1.40022
G1 X11.312 Y106.803 E.2586
G1 X12.392 Y106.803 E.02771
G1 X12.392 Y115.61 E.22594
G1 X12.449 Y115.746 E.00378
G1 X12.585 Y115.803 E.00378
G1 X64.619 Y115.803 E1.3349
G1 X64.756 Y115.746 E.00381
G1 X64.812 Y115.61 E.00377
G1 X64.812 Y92.363 E.59639
G1 E-3.5 F3600
;WIPE_START
G1 F7200
G1 X64.812 Y92.303 E-.0285
G1 X65.892 Y92.303 E-.513
G1 X65.892 Y94.321 E-.9585
;WIPE_END
G1 X57.061 Y111.007 F9000
G1 E5 F2400
;WIDTH:0.567609
G1 F1800
G1 X57.443 Y111.264 E.01633
G1 X57.698 Y111.656 E.01659
G1 X57.782 Y112.116 E.01659
G1 X57.68 Y112.572 E.01658
G1 X57.409 Y112.953 E.01659
;WIDTH:0.568221
G1 X57.018 Y113.198 E.01639
G1 X56.608 Y113.272 E.0148
;WIDTH:0.567609
G1 X56.15 Y113.182 E.01656
G1 X55.762 Y112.921 E.01659
;WIDTH:0.573934
G1 X55.506 Y112.529 E.01681
;WIDTH:0.567609
G1 X55.423 Y112.069 E.01658
G1 X55.524 Y111.613 E.01657
G1 X55.795 Y111.232 E.01659
G1 X56.19 Y110.987 E.01649
;WIDTH:0.567817
G1 X56.619 Y110.913 E.01545
G1 X57.003 Y110.992 E.01391
G1 X57.185 Y110.491 F9000
;WIDTH:0.573931
G1 F1800
G1 X57.543 Y110.665 E.01429
G1 X57.851 Y110.922 E.0144
;WIDTH:0.567276
G1 X58.144 Y111.354 E.01851
;WIDTH:0.573932
G1 X58.29 Y111.822 E.0176
G1 X58.312 Y112.169 E.01248
;WIDTH:0.567277
G1 X58.207 Y112.68 E.01849
;WIDTH:0.573933
G1 X58.005 Y113.068 E.0157
G1 X57.786 Y113.33 E.01226
;WIDTH:0.567303
G1 X57.373 Y113.616 E.01781
;WIDTH:0.572932
G1 X56.968 Y113.764 E.01545
G1 X56.568 Y113.804 E.0144
;WIDTH:0.567274
G1 X56.055 Y113.712 E.01848
;WIDTH:0.573932
G1 X55.662 Y113.52 E.0157
G1 X55.353 Y113.263 E.01443
;WIDTH:0.567277
G1 X55.061 Y112.831 E.01849
;WIDTH:0.573931
G1 X54.924 Y112.416 E.01569
G1 X54.892 Y112.016 E.0144
;WIDTH:0.567278
G1 X54.997 Y111.505 E.01849
;WIDTH:0.573933
G1 X55.199 Y111.117 E.0157
G1 X55.463 Y110.815 E.0144
;WIDTH:0.567278
G1 X55.902 Y110.533 E.0185
;WIDTH:0.572316
G1 X56.324 Y110.405 E.01578
G1 X56.639 Y110.378 E.01131
;WIDTH:0.567474
G1 X57.13 Y110.469 E.01771
G1 E-3.5 F3600
;WIPE_START
G1 F7200
G1 X57.185 Y110.491 E-.02814
G1 X57.543 Y110.665 E-.18907
G1 X57.851 Y110.922 E-.19054
G1 X58.144 Y111.354 E-.24794
G1 X58.29 Y111.822 E-.23287
G1 X58.312 Y112.169 E-.16516
G1 X58.207 Y112.68 E-.2478
G1 X58.014 Y113.051 E-.19848
;WIPE_END
G1 X21.773 Y112.063 F9000
G1 E5 F2400
;WIDTH:0.568633
G1 F1800
G1 X21.782 Y112.116 E.00191
G1 X21.679 Y112.572 E.01662
;WIDTH:0.565756
G1 X21.409 Y112.953 E.01651
G1 X21.018 Y113.197 E.01629
;WIDTH:0.567606
G1 X20.608 Y113.272 E.01479
G1 X20.15 Y113.182 E.01656
G1 X19.762 Y112.921 E.01659
G1 X19.506 Y112.529 E.01661
G1 X19.423 Y112.069 E.01658
G1 X19.524 Y111.613 E.01657
G1 X19.795 Y111.232 E.01659
G1 X20.18 Y110.989 E.01615
;WIDTH:0.567817
G1 X20.619 Y110.913 E.01581
G1 X21.055 Y111.003 E.0158
;WIDTH:0.56761
G1 X21.443 Y111.264 E.01659
G1 X21.698 Y111.656 E.01659
;WIDTH:0.568633
G1 X21.762 Y112.004 E.01258
G1 X22.297 Y111.965 F9000
;WIDTH:0.573932
G1 F1800
G1 X22.314 Y112.162 E.0071
;WIDTH:0.567964
G1 X22.235 Y112.592 E.01552
;WIDTH:0.574827
G1 X22.052 Y112.997 E.01598
G1 X21.81 Y113.308 E.01417
;WIDTH:0.565755
G1 X21.385 Y113.61 E.01843
;WIDTH:0.5725
G1 X20.967 Y113.763 E.01593
G1 X20.568 Y113.804 E.01436
;WIDTH:0.567274
G1 X20.055 Y113.712 E.01848
;WIDTH:0.573933
G1 X19.662 Y113.52 E.0157
G1 X19.353 Y113.263 E.01443
;WIDTH:0.567277
G1 X19.061 Y112.831 E.01849
;WIDTH:0.573932
G1 X18.924 Y112.416 E.01569
G1 X18.892 Y112.016 E.0144
;WIDTH:0.567278
G1 X18.997 Y111.505 E.01849
;WIDTH:0.573934
G1 X19.199 Y111.117 E.0157
G1 X19.463 Y110.815 E.0144
;WIDTH:0.567278
G1 X19.902 Y110.533 E.0185
;WIDTH:0.572316
G1 X20.324 Y110.405 E.01578
G1 X20.639 Y110.378 E.01131
;WIDTH:0.567474
G1 X21.15 Y110.473 E.01843
;WIDTH:0.573931
G1 X21.543 Y110.665 E.0157
G1 X21.851 Y110.922 E.0144
;WIDTH:0.567278
G1 X22.144 Y111.354 E.01851
;WIDTH:0.573932
G1 X22.281 Y111.769 E.01569
G1 X22.292 Y111.906 E.00493
G1 E-3.5 F3600
;WIPE_START
G1 F7200
G1 X22.297 Y111.965 E-.02813
G1 X22.314 Y112.162 E-.09392
G1 X22.235 Y112.592 E-.20767
G1 X22.052 Y112.997 E-.2111
G1 X21.81 Y113.308 E-.18718
G1 X21.385 Y113.61 E-.24765
G1 X20.967 Y113.763 E-.21143
G1 X20.568 Y113.804 E-.19052
G1 X20.314 Y113.758 E-.1224
;WIPE_END
; stop printing object Arduino_gehäuse-Unterteil.stl id:0 copy 0
; printing object leuchte_led_halter-Halter.stl id:1 copy 5
G1 X70.422 Y78.547 F9000
G1 E5 F2400
;WIDTH:0.374336
G1 F1800
G1 X75.064 Y78.547 E.10499
G1 X75.172 Y78.569 E.00249
G1 X75.172 Y81.189 E.05926
G1 X75.15 Y81.297 E.00249
G1 X70.422 Y81.297 E.10693
G1 E-3.5 F3600
;WIPE_START
G1 F7200
G1 X73.58 Y81.297 E-1.5
;WIPE_END
; stop printing object leuchte_led_halter-Halter.stl id:1 copy 5
; printing object leuchte_led_halter-Halter.stl id:1 copy 4
G1 X70.747 Y71.777 F9000
G1 E5 F2400
G1 F1800
G1 X75.389 Y71.777 E.10499
G1 X75.497 Y71.799 E.00249
G1 X75.497 Y74.419 E.05926
G1 X75.475 Y74.527 E.00249
G1 X70.747 Y74.527 E.10693
G1 E-3.5 F3600
;WIPE_START
G1 F7200
G1 X73.905 Y74.527 E-1.5
;WIPE_END
; stop printing object leuchte_led_halter-Halter.stl id:1 copy 4
; printing object leuchte_led_halter-Halter.stl id:1 copy 3
G1 X70.031 Y64.206 F9000
G1 E5 F2400
G1 F1800
G1 X74.673 Y64.206 E.10499
G1 X74.781 Y64.229 E.0025
G1 X74.781 Y66.849 E.05926
G1 X74.759 Y66.956 E.00247
G1 X70.031 Y66.956 E.10693
G1 E-3.5 F3600
;WIPE_START
G1 F7200
G1 X73.189 Y66.956 E-1.5
;WIPE_END
; stop printing object leuchte_led_halter-Halter.stl id:1 copy 3
; printing object leuchte_led_halter-Halter.stl id:1 copy 2
G1 X69.425 Y57.291 F9000
G1 E5 F2400
G1 F1800
G1 X74.067 Y57.291 E.10499
G1 X74.175 Y57.313 E.00249
G1 X74.175 Y59.933 E.05926
G1 X74.152 Y60.041 E.0025
G1 X69.425 Y60.041 E.10691
G1 E-3.5 F3600
;WIPE_START
G1 F7200
G1 X72.583 Y60.041 E-1.5
;WIPE_END
; stop printing object leuchte_led_halter-Halter.stl id:1 copy 2
; printing object leuchte_led_halter-Halter.stl id:1 copy 1
G1 X69.471 Y51.765 F9000
G1 E5 F2400
G1 F1800
G1 X74.113 Y51.765 E.10499
G1 X74.221 Y51.787 E.00249
G1 X74.221 Y54.407 E.05926
G1 X74.199 Y54.515 E.00249
G1 X69.471 Y54.515 E.10693
G1 E-3.5 F3600
;WIPE_START
G1 F7200
G1 X72.629 Y54.515 E-1.5
;WIPE_END
; stop printing object leuchte_led_halter-Halter.stl id:1 copy 1
; printing object leuchte_led_halter-Halter.stl id:1 copy 0
G1 X70.217 Y45.628 F9000
G1 E5 F2400
G1 F1800
G1 X74.859 Y45.628 E.10499
G1 X74.967 Y45.65 E.00249
G1 X74.967 Y48.27 E.05926
G1 X74.945 Y48.378 E.00249
G1 X70.217 Y48.378 E.10693
;LAYER_CHANGE
;Z:2.44
;HEIGHT:0.16
;BEFORE_LAYER_CHANGE
G92 E0
;2.44


G1 E-3.5 F3600
;WIPE_START
G1 F7200
G1 X73.375 Y48.378 E-1.5
;WIPE_END
G1 Z2.44 F9000
;AFTER_LAYER_CHANGE
;2.44
; stop printing object leuchte_led_halter-Halter.stl id:1 copy 0
; printing object Arduino_gehäuse-Unterteil.stl id:0 copy 0
G1 X21.741 Y55.892
G1 E5 F2400
;WIDTH:0.56761
G1 F1800
G1 X21.782 Y56.116 E.00808
G1 X21.68 Y56.572 E.01658
G1 X21.409 Y56.953 E.01659
;WIDTH:0.567092
G1 X21.018 Y57.197 E.01633
;WIDTH:0.567604
G1 X20.608 Y57.272 E.01479
G1 X20.15 Y57.182 E.01656
G1 X19.762 Y56.921 E.01659
;WIDTH:0.573934
G1 X19.506 Y56.529 E.01681
;WIDTH:0.56761
G1 X19.423 Y56.069 E.01658
G1 X19.524 Y55.613 E.01657
G1 X19.795 Y55.232 E.01659
G1 X20.19 Y54.987 E.01649
;WIDTH:0.567833
G1 X20.621 Y54.913 E.01552
G1 X21.055 Y55.003 E.01573
;WIDTH:0.56761
G1 X21.443 Y55.264 E.01659
G1 X21.698 Y55.656 E.01659
G1 X21.73 Y55.833 E.00638
G1 X22.256 Y55.715 F9000
;WIDTH:0.573933
G1 F1800
G1 X22.29 Y55.822 E.00403
G1 X22.312 Y56.169 E.01248
;WIDTH:0.567277
G1 X22.207 Y56.68 E.01849
;WIDTH:0.574004
G1 X22.004 Y57.071 E.01582
G1 X21.798 Y57.322 E.01166
;WIDTH:0.566251
G1 X21.385 Y57.61 E.01782
;WIDTH:0.5725
G1 X20.967 Y57.763 E.01593
G1 X20.568 Y57.804 E.01436
;WIDTH:0.567273
G1 X20.055 Y57.712 E.01848
;WIDTH:0.573935
G1 X19.662 Y57.52 E.0157
G1 X19.353 Y57.263 E.01443
;WIDTH:0.567278
G1 X19.061 Y56.831 E.01849
;WIDTH:0.573933
G1 X18.924 Y56.416 E.01569
G1 X18.892 Y56.016 E.0144
;WIDTH:0.567277
G1 X18.997 Y55.505 E.01849
;WIDTH:0.573934
G1 X19.199 Y55.117 E.0157
G1 X19.463 Y54.815 E.0144
;WIDTH:0.56728
G1 X19.902 Y54.533 E.0185
;WIDTH:0.572417
G1 X20.324 Y54.405 E.01578
G1 X20.642 Y54.378 E.01142
;WIDTH:0.567489
G1 X21.15 Y54.473 E.01833
;WIDTH:0.573933
G1 X21.543 Y54.665 E.0157
G1 X21.851 Y54.922 E.0144
;WIDTH:0.567276
G1 X22.144 Y55.354 E.01851
;WIDTH:0.573933
G1 X22.239 Y55.658 E.01143
G1 E-3.5 F3600
;WIPE_START
G1 F7200
G1 X22.256 Y55.715 E-.02825
G1 X22.29 Y55.822 E-.05333
G1 X22.312 Y56.169 E-.16516
G1 X22.207 Y56.68 E-.2478
G1 X22.004 Y57.071 E-.20926
G1 X21.798 Y57.322 E-.15424
G1 X21.385 Y57.61 E-.23916
G1 X20.967 Y57.763 E-.21143
G1 X20.568 Y57.804 E-.19052
G1 X20.566 Y57.804 E-.00085
;WIPE_END
G1 X12.026 Y56.016 F9000
G1 E5 F2400
;TYPE:Perimeter
;WIDTH:0.381505
G1 F3600
G1 X11.679 Y56.016 E.00801
G1 X11.679 Y13.575 E.98012
;WIDTH:0.423417
G1 X11.7 Y13.294 E.00729
;WIDTH:0.465328
G1 X11.721 Y13.013 E.00808
;WIDTH:0.507239
G1 X11.742 Y12.732 E.00886
G1 X12.18 Y12.711 E.01379
;WIDTH:0.465328
G1 X12.383 Y12.69 E.00585
;WIDTH:0.423417
G1 X12.585 Y12.669 E.00526
;WIDTH:0.381505
G1 X15.526 Y12.669 E.06792
G1 X15.526 Y13.016 E.00801
G1 X12.585 Y13.016 E.06792
;WIDTH:0.423417
G1 X12.438 Y13.056 E.00394
;WIDTH:0.465328
G1 X12.292 Y13.096 E.00434
;WIDTH:0.507239
G1 X12.145 Y13.135 E.00478
G1 X12.105 Y13.282 E.00479
;WIDTH:0.465328
G1 X12.066 Y13.429 E.00436
;WIDTH:0.423417
G1 X12.026 Y13.575 E.00392
;WIDTH:0.381505
G1 X12.026 Y55.956 E.97874
G1 X12.392 Y56.383 F9000
;TYPE:External perimeter
;WIDTH:0.419999
G1 F1800
G1 X11.312 Y56.383 E.02771
G1 X11.312 Y12.303 E1.13085
G1 X15.892 Y12.303 E.1175
G1 X15.892 Y13.383 E.02771
G1 X12.585 Y13.383 E.08484
G1 X12.449 Y13.439 E.00377
G1 X12.392 Y13.575 E.00378
G1 X12.392 Y56.323 E1.09667
G1 E-3.5 F3600
;WIPE_START
G1 F7200
G1 X12.392 Y56.383 E-.0285
G1 X11.312 Y56.383 E-.513
G1 X11.312 Y54.365 E-.9585
;WIPE_END
G1 X23.175 Y18.476 F9000
G1 E5 F2400
G1 F1800
G1 X23.053 Y18.442 E.00325
G1 X22.797 Y18.306 E.00744
G1 X22.572 Y18.123 E.00744
G1 X22.389 Y17.898 E.00744
G1 X22.253 Y17.642 E.00744
G1 X22.171 Y17.363 E.00746
G1 X22.146 Y17.075 E.00742
G1 X22.178 Y16.786 E.00746
G1 X22.237 Y16.577 E.00557
G1 X22.409 Y16.257 E.00932
G1 X22.598 Y16.037 E.00744
G1 X22.827 Y15.859 E.00744
G1 X23.07 Y15.736 E.00699
G1 X23.595 Y15.635 E.01372
G1 X24.093 Y15.717 E.01295
G1 X24.408 Y15.879 E.00909
G1 X24.632 Y16.062 E.00742
G1 X24.816 Y16.287 E.00746
G1 X24.951 Y16.543 E.00742
G1 X25.033 Y16.822 E.00746
G1 X25.059 Y17.111 E.00744
G1 X25.026 Y17.399 E.00744
G1 X24.937 Y17.675 E.00744
G1 X24.796 Y17.928 E.00743
G1 X24.606 Y18.148 E.00746
G1 X24.371 Y18.329 E.00761
G1 X23.91 Y18.519 E.01279
G1 X23.394 Y18.537 E.01325
G1 X23.233 Y18.492 E.00429
G1 X23.156 Y18.846 F9000
;TYPE:Perimeter
;WIDTH:0.376478
G1 F1800
G1 X23.032 Y18.821 E.00288
;WIDTH:0.372842
G1 X22.701 Y18.674 E.00816
G1 X22.405 Y18.464 E.00817
G1 X22.157 Y18.199 E.00817
G1 X21.967 Y17.891 E.00815
G1 X21.841 Y17.551 E.00816
G1 X21.785 Y17.193 E.00816
G1 X21.801 Y16.831 E.00816
G1 X21.888 Y16.479 E.00816
G1 X22.044 Y16.152 E.00816
G1 X22.261 Y15.862 E.00816
G1 X22.554 Y15.603 E.00881
;WIDTH:0.38513
G1 X22.992 Y15.376 E.01151
G1 X23.535 Y15.271 E.01291
;WIDTH:0.377504
G1 X24.125 Y15.352 E.01359
G1 X24.504 Y15.511 E.00938
;WIDTH:0.372846
G1 X24.799 Y15.721 E.00815
G1 X25.047 Y15.986 E.00817
G1 X25.238 Y16.294 E.00816
;WIDTH:0.383672
G1 X25.398 Y16.776 E.0118
G1 X25.42 Y16.992 E.00505
;WIDTH:0.372844
G1 X25.404 Y17.354 E.00816
G1 X25.316 Y17.706 E.00817
G1 X25.161 Y18.033 E.00815
G1 X24.943 Y18.323 E.00817
G1 X24.673 Y18.565 E.00816
;WIDTH:0.37952
G1 X24.362 Y18.751 E.00832
;WIDTH:0.37967
G1 X23.964 Y18.882 E.00963
G1 X23.427 Y18.902 E.01234
;WIDTH:0.376478
G1 X23.214 Y18.859 E.00495
G1 X23.134 Y19.211 F9000
;TYPE:External perimeter
;WIDTH:0.419999
G1 F1800
G1 X22.925 Y19.167 E.00548
G1 X22.528 Y18.992 E.01113
G1 X22.173 Y18.741 E.01115
G1 X21.874 Y18.425 E.01116
G1 X21.644 Y18.056 E.01115
G1 X21.492 Y17.649 E.01115
G1 X21.424 Y17.22 E.01114
G1 X21.442 Y16.786 E.01114
G1 X21.545 Y16.364 E.01114
G1 X21.73 Y15.971 E.01114
G1 X21.99 Y15.622 E.01116
G1 X22.313 Y15.332 E.01114
G1 X22.712 Y15.099 E.01185
G1 X23.242 Y14.933 E.01425
G1 X23.699 Y14.906 E.01174
G1 X24.232 Y15.003 E.0139
G1 X24.677 Y15.193 E.01241
G1 X25.032 Y15.444 E.01115
G1 X25.348 Y15.781 E.01185
G1 X25.627 Y16.259 E.0142
G1 X25.765 Y16.748 E.01303
G1 X25.781 Y16.965 E.00558
G1 X25.763 Y17.399 E.01114
G1 X25.659 Y17.821 E.01115
G1 X25.474 Y18.214 E.01114
G1 X25.215 Y18.563 E.01115
G1 X24.869 Y18.87 E.01187
G1 X24.426 Y19.122 E.01308
G1 X23.904 Y19.255 E.01382
G1 X23.391 Y19.264 E.01316
G1 X23.193 Y19.223 E.00519
G1 E-3.5 F3600
;WIPE_START
G1 F7200
G1 X23.134 Y19.211 E-.0286
G1 X22.925 Y19.167 E-.10145
G1 X22.528 Y18.992 E-.20608
G1 X22.173 Y18.741 E-.20652
G1 X21.874 Y18.425 E-.20664
G1 X21.644 Y18.056 E-.20654
G1 X21.492 Y17.649 E-.20637
G1 X21.424 Y17.22 E-.20632
G1 X21.435 Y16.943 E-.13148
;WIPE_END
G1 X52.281 Y31.496 F9000
G1 E5 F2400
G1 F1800
G1 X52.407 Y31.259 E.00689
G1 X52.596 Y31.039 E.00744
G1 X52.825 Y30.86 E.00746
G1 X53.07 Y30.736 E.00704
G1 X53.593 Y30.635 E.01367
G1 X54.093 Y30.717 E.013
G1 X54.406 Y30.877 E.00902
G1 X54.631 Y31.061 E.00746
G1 X54.815 Y31.285 E.00744
G1 X54.951 Y31.541 E.00744
G1 X55.033 Y31.819 E.00744
G1 X55.059 Y32.108 E.00744
G1 X55.025 Y32.404 E.00764
G1 X54.838 Y32.868 E.01283
G1 X54.633 Y33.125 E.00843
G1 X54.408 Y33.309 E.00746
G1 X54.151 Y33.445 E.00746
G1 X53.858 Y33.527 E.00781
G1 X53.334 Y33.524 E.01344
G1 X53.056 Y33.443 E.00743
G1 X52.799 Y33.308 E.00745
G1 X52.574 Y33.124 E.00746
G1 X52.39 Y32.9 E.00744
G1 X52.254 Y32.644 E.00744
G1 X52.171 Y32.366 E.00744
G1 X52.146 Y32.077 E.00744
G1 X52.178 Y31.789 E.00743
G1 X52.237 Y31.577 E.00565
G1 X52.252 Y31.549 E.00081
G1 X51.868 Y31.412 F9000
;TYPE:Perimeter
;WIDTH:0.468488
G1 F1800
G1 X52.001 Y31.13 E.009
G1 X52.224 Y30.832 E.01075
G1 X52.501 Y30.584 E.01074
G1 X52.822 Y30.395 E.01076
;WIDTH:0.494092
G1 X53.328 Y30.248 E.01611
G1 X53.646 Y30.222 E.00976
;WIDTH:0.480734
G1 X54.132 Y30.304 E.01464
;WIDTH:0.473554
G1 X54.525 Y30.468 E.01244
;WIDTH:0.468488
G1 X54.828 Y30.683 E.01073
G1 X55.083 Y30.954 E.01075
G1 X55.279 Y31.27 E.01074
;WIDTH:0.479436
G1 X55.445 Y31.768 E.01554
G1 X55.467 Y31.986 E.00649
;WIDTH:0.46849
G1 X55.451 Y32.358 E.01075
;WIDTH:0.47533
G1 X55.365 Y32.72 E.01091
G1 X55.205 Y33.056 E.01092
;WIDTH:0.472464
G1 X54.982 Y33.354 E.01085
G1 X54.705 Y33.603 E.01086
G1 X54.384 Y33.791 E.01084
;WIDTH:0.475496
G1 X53.973 Y33.929 E.01272
G1 X53.429 Y33.95 E.01598
;WIDTH:0.472442
G1 X53.02 Y33.867 E.01216
;WIDTH:0.468488
G1 X52.68 Y33.717 E.01073
G1 X52.376 Y33.502 E.01075
G1 X52.121 Y33.231 E.01075
G1 X51.925 Y32.915 E.01074
G1 X51.795 Y32.566 E.01076
G1 X51.737 Y32.199 E.01073
G1 X51.753 Y31.827 E.01075
G1 X51.842 Y31.466 E.01074
G1 X51.458 Y31.326 F9000
;TYPE:External perimeter
;WIDTH:0.419999
G1 F1800
G1 X51.646 Y30.925 E.01136
G1 X51.917 Y30.561 E.01164
G1 X52.253 Y30.257 E.01162
G1 X52.671 Y30.013 E.01242
G1 X53.224 Y29.839 E.01487
G1 X53.507 Y29.814 E.00729
G1 X54.015 Y29.844 E.01306
G1 X54.334 Y29.935 E.00851
G1 X54.721 Y30.108 E.01088
G1 X55.092 Y30.369 E.01164
G1 X55.422 Y30.722 E.0124
G1 X55.714 Y31.219 E.01479
G1 X55.86 Y31.736 E.01378
G1 X55.876 Y31.955 E.00563
G1 X55.858 Y32.409 E.01166
G1 X55.76 Y32.842 E.01139
G1 X55.571 Y33.244 E.0114
G1 X55.304 Y33.611 E.01164
G1 X54.97 Y33.918 E.01164
G1 X54.581 Y34.153 E.01166
G1 X54.153 Y34.306 E.01166
G1 X53.644 Y34.377 E.01318
G1 X53.388 Y34.36 E.00658
G1 X52.899 Y34.259 E.01281
G1 X52.484 Y34.077 E.01163
G1 X52.113 Y33.816 E.01164
G1 X51.801 Y33.487 E.01163
G1 X51.56 Y33.102 E.01165
G1 X51.401 Y32.677 E.01164
G1 X51.329 Y32.23 E.01162
G1 X51.346 Y31.776 E.01166
G1 X51.442 Y31.384 E.01035
G1 E-3.5 F3600
;WIPE_START
G1 F7200
G1 X51.458 Y31.326 E-.02858
G1 X51.646 Y30.925 E-.21037
G1 X51.917 Y30.561 E-.21556
G1 X52.253 Y30.257 E-.21523
G1 X52.671 Y30.013 E-.2299
G1 X53.224 Y29.839 E-.27537
G1 X53.507 Y29.814 E-.13495
G1 X53.906 Y29.838 E-.19004
;WIPE_END
G1 X56.374 Y54.955 F9000
G1 E5 F2400
;WIDTH:0.567833
G1 F1800
G1 X56.621 Y54.913 E.00889
G1 X57.055 Y55.003 E.01573
;WIDTH:0.56761
G1 X57.443 Y55.264 E.01659
G1 X57.698 Y55.656 E.01659
G1 X57.782 Y56.116 E.01659
G1 X57.68 Y56.572 E.01658
G1 X57.409 Y56.953 E.01659
;WIDTH:0.567091
G1 X57.018 Y57.197 E.01633
;WIDTH:0.567604
G1 X56.608 Y57.272 E.01479
G1 X56.15 Y57.182 E.01656
G1 X55.762 Y56.921 E.01659
;WIDTH:0.573933
G1 X55.506 Y56.529 E.01681
;WIDTH:0.567609
G1 X55.423 Y56.069 E.01658
G1 X55.524 Y55.613 E.01657
G1 X55.795 Y55.232 E.01659
G1 X56.19 Y54.987 E.01649
;WIDTH:0.567833
G1 X56.315 Y54.965 E.0045
G1 X56.183 Y54.448 F9000
;WIDTH:0.572417
G1 F1800
G1 X56.324 Y54.405 E.00528
G1 X56.642 Y54.378 E.01142
;WIDTH:0.567489
G1 X57.15 Y54.473 E.01833
;WIDTH:0.573932
G1 X57.543 Y54.665 E.0157
G1 X57.851 Y54.922 E.0144
;WIDTH:0.567277
G1 X58.144 Y55.354 E.01851
;WIDTH:0.573932
G1 X58.29 Y55.822 E.0176
G1 X58.312 Y56.169 E.01248
;WIDTH:0.567276
G1 X58.207 Y56.68 E.01849
;WIDTH:0.574003
G1 X58.004 Y57.071 E.01582
G1 X57.798 Y57.322 E.01166
;WIDTH:0.56625
G1 X57.385 Y57.61 E.01782
;WIDTH:0.572499
G1 X56.967 Y57.763 E.01593
G1 X56.568 Y57.804 E.01436
;WIDTH:0.567273
G1 X56.055 Y57.712 E.01848
;WIDTH:0.573933
G1 X55.662 Y57.52 E.0157
G1 X55.353 Y57.263 E.01443
;WIDTH:0.567279
G1 X55.061 Y56.831 E.01849
;WIDTH:0.573932
G1 X54.924 Y56.416 E.01569
G1 X54.892 Y56.016 E.0144
;WIDTH:0.567278
G1 X54.997 Y55.505 E.01849
;WIDTH:0.573934
G1 X55.199 Y55.117 E.0157
G1 X55.463 Y54.815 E.0144
;WIDTH:0.56728
G1 X55.902 Y54.533 E.0185
;WIDTH:0.572417
G1 X56.126 Y54.465 E.00838
G1 E-3.5 F3600
;WIPE_START
G1 F7200
G1 X56.183 Y54.448 E-.02825
G1 X56.324 Y54.405 E-.07002
G1 X56.642 Y54.378 E-.15159
G1 X57.15 Y54.473 E-.24548
G1 X57.543 Y54.665 E-.20776
G1 X57.851 Y54.922 E-.19054
G1 X58.144 Y55.354 E-.24794
G1 X58.29 Y55.822 E-.23287
G1 X58.307 Y56.086 E-.12555
;WIPE_END
G1 X65.179 Y71.516 F9000
G1 E5 F2400
;TYPE:Perimeter
;WIDTH:0.381505
G1 F3600
G1 X65.179 Y13.575 E1.33808
;WIDTH:0.423417
G1 X65.139 Y13.429 E.00392
;WIDTH:0.465328
G1 X65.099 Y13.282 E.00437
;WIDTH:0.507239
G1 X65.059 Y13.135 E.00479
G1 X64.913 Y13.096 E.00475
;WIDTH:0.465328
G1 X64.766 Y13.056 E.00437
;WIDTH:0.423417
G1 X64.619 Y13.016 E.00394
;WIDTH:0.381505
G1 X21.679 Y13.016 E.99165
G1 X21.679 Y12.669 E.00801
G1 X64.619 Y12.669 E.99165
;WIDTH:0.423417
G1 X64.901 Y12.69 E.00732
;WIDTH:0.465328
G1 X65.182 Y12.711 E.00808
;WIDTH:0.507239
G1 X65.463 Y12.732 E.00886
G1 X65.463 Y12.968 E.00742
G1 X65.484 Y13.171 E.00642
;WIDTH:0.465328
G1 X65.505 Y13.373 E.00582
;WIDTH:0.423417
G1 X65.526 Y13.575 E.00526
;WIDTH:0.381505
G1 X65.526 Y71.516 E1.33808
G1 X65.239 Y71.516 E.00663
G1 X64.812 Y71.883 F9000
;TYPE:External perimeter
;WIDTH:0.419999
G1 F1800
G1 X64.812 Y13.575 E1.49586
G1 X64.756 Y13.439 E.00377
G1 X64.619 Y13.383 E.0038
G1 X21.312 Y13.383 E1.11102
G1 X21.312 Y12.303 E.02771
G1 X65.892 Y12.303 E1.14367
G1 X65.892 Y71.883 E1.52849
G1 X64.872 Y71.883 E.02617
G1 E-3.5 F3600
;WIPE_START
G1 F7200
G1 X64.812 Y71.883 E-.0285
G1 X64.812 Y68.785 E-1.4715
;WIPE_END
G1 X65.179 Y92.669 F9000
G1 E5 F2400
;TYPE:Perimeter
;WIDTH:0.381505
G1 F3600
G1 X65.526 Y92.669 E.00801
G1 X65.526 Y92.843 E.00402
G1 X65.526 Y115.704 E.52795
;WIDTH:0.423417
G1 X65.505 Y115.954 E.00649
;WIDTH:0.465328
G1 X65.484 Y116.204 E.00719
;WIDTH:0.507239
G1 X65.463 Y116.453 E.00786
G1 X65.024 Y116.474 E.01383
;WIDTH:0.465328
G1 X64.822 Y116.495 E.00582
;WIDTH:0.423417
G1 X64.619 Y116.516 E.00528
;WIDTH:0.381505
G1 X12.585 Y116.516 E1.20166
;WIDTH:0.423417
G1 X12.304 Y116.495 E.00729
;WIDTH:0.465328
G1 X12.023 Y116.474 E.00808
;WIDTH:0.507239
G1 X11.742 Y116.453 E.00886
G1 X11.721 Y116.014 E.01383
;WIDTH:0.465328
G1 X11.7 Y115.812 E.00582
;WIDTH:0.423417
G1 X11.679 Y115.61 E.00526
;WIDTH:0.381505
G1 X11.679 Y107.169 E.19493
G1 X12.026 Y107.169 E.00801
G1 X12.026 Y115.61 E.19493
;WIDTH:0.423417
G1 X12.066 Y115.756 E.00392
;WIDTH:0.465328
G1 X12.105 Y115.903 E.00436
;WIDTH:0.507239
G1 X12.145 Y116.05 E.00479
G1 X12.292 Y116.089 E.00478
;WIDTH:0.465328
G1 X12.438 Y116.129 E.00434
;WIDTH:0.423417
G1 X12.585 Y116.169 E.00394
;WIDTH:0.381505
G1 X64.619 Y116.169 E1.20166
;WIDTH:0.423417
G1 X64.766 Y116.129 E.00394
;WIDTH:0.465328
G1 X64.913 Y116.089 E.00437
;WIDTH:0.507239
G1 X65.059 Y116.05 E.00475
G1 X65.099 Y115.903 E.00479
;WIDTH:0.465328
G1 X65.139 Y115.756 E.00437
;WIDTH:0.423417
G1 X65.179 Y115.61 E.00392
;WIDTH:0.381505
G1 X65.179 Y92.729 E.52841
G1 X64.812 Y92.303 F9000
;TYPE:External perimeter
;WIDTH:0.419999
G1 F1800
G1 X65.892 Y92.303 E.02771
G1 X65.892 Y116.883 E.63059
G1 X11.312 Y116.883 E1.40022
G1 X11.312 Y106.803 E.2586
G1 X12.392 Y106.803 E.02771
G1 X12.392 Y115.61 E.22594
G1 X12.449 Y115.746 E.00378
G1 X12.585 Y115.803 E.00378
G1 X64.619 Y115.803 E1.3349
G1 X64.756 Y115.746 E.00381
G1 X64.812 Y115.61 E.00377
G1 X64.812 Y92.363 E.59639
G1 E-3.5 F3600
;WIPE_START
G1 F7200
G1 X64.812 Y92.303 E-.0285
G1 X65.892 Y92.303 E-.513
G1 X65.892 Y94.321 E-.9585
;WIPE_END
G1 X57.061 Y111.007 F9000
G1 E5 F2400
;WIDTH:0.567608
G1 F1800
G1 X57.443 Y111.264 E.01633
G1 X57.698 Y111.656 E.01659
G1 X57.782 Y112.116 E.01659
G1 X57.68 Y112.572 E.01658
G1 X57.409 Y112.953 E.01659
;WIDTH:0.568222
G1 X57.018 Y113.198 E.01639
G1 X56.608 Y113.272 E.0148
;WIDTH:0.567607
G1 X56.149 Y113.182 E.01659
G1 X55.762 Y112.921 E.01656
;WIDTH:0.573934
G1 X55.506 Y112.529 E.01681
;WIDTH:0.567609
G1 X55.423 Y112.069 E.01658
G1 X55.524 Y111.613 E.01657
G1 X55.795 Y111.232 E.01659
G1 X56.19 Y110.987 E.01649
;WIDTH:0.567835
G1 X56.621 Y110.913 E.01552
G1 X57.003 Y110.992 E.01384
G1 X57.185 Y110.491 F9000
;WIDTH:0.573931
G1 F1800
G1 X57.543 Y110.665 E.01429
G1 X57.851 Y110.922 E.0144
;WIDTH:0.567276
G1 X58.144 Y111.354 E.01851
;WIDTH:0.573932
G1 X58.29 Y111.822 E.0176
G1 X58.312 Y112.169 E.01248
;WIDTH:0.567277
G1 X58.207 Y112.68 E.01849
;WIDTH:0.573932
G1 X58.005 Y113.068 E.0157
G1 X57.786 Y113.33 E.01226
;WIDTH:0.567302
G1 X57.373 Y113.616 E.01781
;WIDTH:0.572933
G1 X56.968 Y113.764 E.01545
G1 X56.568 Y113.804 E.0144
;WIDTH:0.567274
G1 X56.055 Y113.712 E.01848
;WIDTH:0.573931
G1 X55.662 Y113.52 E.0157
G1 X55.353 Y113.263 E.01443
;WIDTH:0.567277
G1 X55.061 Y112.831 E.01849
;WIDTH:0.573931
G1 X54.924 Y112.416 E.01569
G1 X54.892 Y112.016 E.0144
;WIDTH:0.567278
G1 X54.997 Y111.505 E.01849
;WIDTH:0.573932
G1 X55.199 Y111.117 E.0157
G1 X55.463 Y110.815 E.0144
;WIDTH:0.567278
G1 X55.902 Y110.533 E.0185
;WIDTH:0.572417
G1 X56.324 Y110.405 E.01578
G1 X56.642 Y110.378 E.01142
;WIDTH:0.567491
G1 X57.13 Y110.469 E.01761
G1 E-3.5 F3600
;WIPE_START
G1 F7200
G1 X57.185 Y110.491 E-.02814
G1 X57.543 Y110.665 E-.18907
G1 X57.851 Y110.922 E-.19054
G1 X58.144 Y111.354 E-.24794
G1 X58.29 Y111.822 E-.23287
G1 X58.312 Y112.169 E-.16516
G1 X58.207 Y112.68 E-.2478
G1 X58.015 Y113.051 E-.19848
;WIPE_END
G1 X21.772 Y112.063 F9000
G1 E5 F2400
;WIDTH:0.567609
G1 F1800
G1 X21.782 Y112.116 E.00191
G1 X21.68 Y112.572 E.01658
G1 X21.409 Y112.953 E.01659
;WIDTH:0.568222
G1 X21.018 Y113.198 E.01639
G1 X20.608 Y113.272 E.0148
;WIDTH:0.567607
G1 X20.149 Y113.182 E.01659
G1 X19.762 Y112.921 E.01656
;WIDTH:0.573933
G1 X19.506 Y112.529 E.01681
;WIDTH:0.56761
G1 X19.423 Y112.069 E.01658
G1 X19.524 Y111.613 E.01657
G1 X19.795 Y111.232 E.01659
G1 X20.19 Y110.987 E.01649
;WIDTH:0.567835
G1 X20.621 Y110.913 E.01552
G1 X21.055 Y111.003 E.01573
;WIDTH:0.567609
G1 X21.443 Y111.264 E.01659
G1 X21.698 Y111.656 E.01659
G1 X21.761 Y112.004 E.01255
G1 X22.299 Y111.965 F9000
;WIDTH:0.573933
G1 F1800
G1 X22.312 Y112.169 E.00734
;WIDTH:0.567277
G1 X22.207 Y112.68 E.01849
;WIDTH:0.573933
G1 X22.005 Y113.068 E.0157
G1 X21.786 Y113.33 E.01226
;WIDTH:0.567302
G1 X21.373 Y113.616 E.01781
;WIDTH:0.572933
G1 X20.968 Y113.764 E.01545
G1 X20.568 Y113.804 E.0144
;WIDTH:0.567274
G1 X20.055 Y113.712 E.01848
;WIDTH:0.573932
G1 X19.662 Y113.52 E.0157
G1 X19.353 Y113.263 E.01443
;WIDTH:0.567277
G1 X19.061 Y112.831 E.01849
;WIDTH:0.573932
G1 X18.924 Y112.416 E.01569
G1 X18.892 Y112.016 E.0144
;WIDTH:0.567278
G1 X18.997 Y111.505 E.01849
;WIDTH:0.573932
G1 X19.199 Y111.117 E.0157
G1 X19.463 Y110.815 E.0144
;WIDTH:0.567278
G1 X19.902 Y110.533 E.0185
;WIDTH:0.572416
G1 X20.324 Y110.405 E.01578
G1 X20.642 Y110.378 E.01142
;WIDTH:0.567491
G1 X21.15 Y110.473 E.01833
;WIDTH:0.573932
G1 X21.543 Y110.665 E.0157
G1 X21.851 Y110.922 E.0144
;WIDTH:0.567277
G1 X22.144 Y111.354 E.01851
;WIDTH:0.573933
G1 X22.29 Y111.822 E.0176
G1 X22.295 Y111.905 E.00298
G1 E-3.5 F3600
;WIPE_START
G1 F7200
G1 X22.299 Y111.965 E-.02856
G1 X22.312 Y112.169 E-.0971
G1 X22.207 Y112.68 E-.2478
G1 X22.005 Y113.068 E-.20778
G1 X21.786 Y113.33 E-.1622
G1 X21.373 Y113.616 E-.23862
G1 X20.968 Y113.764 E-.20482
G1 X20.568 Y113.804 E-.19095
G1 X20.315 Y113.759 E-.12217
;WIPE_END
; stop printing object Arduino_gehäuse-Unterteil.stl id:0 copy 0
; printing object leuchte_led_halter-Halter.stl id:1 copy 5
G1 X70.422 Y78.547 F9000
G1 E5 F2400
;WIDTH:0.374336
G1 F1800
G1 X75.064 Y78.547 E.10499
G1 X75.172 Y78.569 E.00249
G1 X75.172 Y81.189 E.05926
G1 X75.15 Y81.297 E.00249
G1 X70.422 Y81.297 E.10693
G1 E-3.5 F3600
;WIPE_START
G1 F7200
G1 X73.58 Y81.297 E-1.5
;WIPE_END
; stop printing object leuchte_led_halter-Halter.stl id:1 copy 5
; printing object leuchte_led_halter-Halter.stl id:1 copy 4
G1 X70.747 Y71.777 F9000
G1 E5 F2400
G1 F1800
G1 X75.389 Y71.777 E.10499
G1 X75.497 Y71.799 E.00249
G1 X75.497 Y74.419 E.05926
G1 X75.475 Y74.527 E.00249
G1 X70.747 Y74.527 E.10693
G1 E-3.5 F3600
;WIPE_START
G1 F7200
G1 X73.905 Y74.527 E-1.5
;WIPE_END
; stop printing object leuchte_led_halter-Halter.stl id:1 copy 4
; printing object leuchte_led_halter-Halter.stl id:1 copy 3
G1 X70.031 Y64.206 F9000
G1 E5 F2400
G1 F1800
G1 X74.673 Y64.206 E.10499
G1 X74.781 Y64.229 E.0025
G1 X74.781 Y66.849 E.05926
G1 X74.759 Y66.956 E.00247
G1 X70.031 Y66.956 E.10693
G1 E-3.5 F3600
;WIPE_START
G1 F7200
G1 X73.189 Y66.956 E-1.5
;WIPE_END
; stop printing object leuchte_led_halter-Halter.stl id:1 copy 3
; printing object leuchte_led_halter-Halter.stl id:1 copy 2
G1 X69.425 Y57.291 F9000
G1 E5 F2400
G1 F1800
G1 X74.067 Y57.291 E.10499
G1 X74.175 Y57.313 E.00249
G1 X74.175 Y59.933 E.05926
G1 X74.152 Y60.041 E.0025
G1 X69.425 Y60.041 E.10691
G1 E-3.5 F3600
;WIPE_START
G1 F7200
G1 X72.583 Y60.041 E-1.5
;WIPE_END
; stop printing object leuchte_led_halter-Halter.stl id:1 copy 2
; printing object leuchte_led_halter-Halter.stl id:1 copy 1
G1 X69.471 Y51.765 F9000
G1 E5 F2400
G1 F1800
G1 X74.113 Y51.765 E.10499
G1 X74.221 Y51.787 E.00249
G1 X74.221 Y54.407 E.05926
G1 X74.199 Y54.515 E.00249
G1 X69.471 Y54.515 E.10693
G1 E-3.5 F3600
;WIPE_START
G1 F7200
G1 X72.629 Y54.515 E-1.5
;WIPE_END
; stop printing object leuchte_led_halter-Halter.stl id:1 copy 1
; printing object leuchte_led_halter-Halter.stl id:1 copy 0
G1 X70.217 Y45.628 F9000
G1 E5 F2400
G1 F1800
G1 X74.859 Y45.628 E.10499
G1 X74.967 Y45.65 E.00249
G1 X74.967 Y48.27 E.05926
G1 X74.945 Y48.378 E.00249
G1 X70.217 Y48.378 E.10693
;LAYER_CHANGE
;Z:2.6
;HEIGHT:0.16
;BEFORE_LAYER_CHANGE
G92 E0
;2.6


G1 E-3.5 F3600
;WIPE_START
G1 F7200
G1 X73.375 Y48.378 E-1.5
;WIPE_END
G1 Z2.6 F9000
;AFTER_LAYER_CHANGE
;2.6
; stop printing object leuchte_led_halter-Halter.stl id:1 copy 0
; printing object Arduino_gehäuse-Unterteil.stl id:0 copy 0
G1 X21.741 Y55.892
G1 E5 F2400
;WIDTH:0.567609
G1 F1800
G1 X21.782 Y56.116 E.00808
G1 X21.68 Y56.572 E.01658
G1 X21.409 Y56.953 E.01659
G1 X21.011 Y57.199 E.0166
G1 X20.549 Y57.271 E.01659
G1 X20.096 Y57.158 E.01656
G1 X19.722 Y56.877 E.01659
;WIDTH:0.567
G1 X19.488 Y56.48 E.01633
;WIDTH:0.567607
G1 X19.423 Y56.069 E.01476
G1 X19.524 Y55.613 E.01657
;WIDTH:0.573935
G1 X19.795 Y55.232 E.01678
;WIDTH:0.567611
G1 X20.19 Y54.987 E.01649
;WIDTH:0.567853
G1 X20.622 Y54.913 E.01555
G1 X21.055 Y55.003 E.0157
;WIDTH:0.567609
G1 X21.443 Y55.264 E.01659
G1 X21.698 Y55.656 E.01659
G1 X21.73 Y55.833 E.00638
G1 X22.256 Y55.715 F9000
;WIDTH:0.573933
G1 F1800
G1 X22.29 Y55.822 E.00403
G1 X22.31 Y56.01 E.00679
G1 X22.274 Y56.447 E.01574
G1 X22.148 Y56.827 E.01437
;WIDTH:0.567278
G1 X21.853 Y57.257 E.01849
;WIDTH:0.573934
G1 X21.516 Y57.537 E.01573
G1 X21.156 Y57.712 E.01437
;WIDTH:0.56728
G1 X20.642 Y57.801 E.01849
;WIDTH:0.573934
G1 X20.207 Y57.755 E.0157
G1 X19.807 Y57.606 E.01532
;WIDTH:0.56761
G1 X19.345 Y57.259 E.0205
;WIDTH:0.56619
G1 X19.066 Y56.837 E.0179
;WIDTH:0.572495
G1 X18.923 Y56.416 E.01592
G1 X18.892 Y56.016 E.01436
;WIDTH:0.567275
G1 X18.997 Y55.505 E.01849
;WIDTH:0.573935
G1 X19.199 Y55.117 E.0157
G1 X19.463 Y54.815 E.0144
;WIDTH:0.567279
G1 X19.902 Y54.533 E.0185
;WIDTH:0.572516
G1 X20.324 Y54.405 E.01579
G1 X20.645 Y54.378 E.01153
;WIDTH:0.567509
G1 X21.15 Y54.473 E.01822
;WIDTH:0.573931
G1 X21.543 Y54.665 E.0157
G1 X21.851 Y54.922 E.0144
;WIDTH:0.567276
G1 X22.144 Y55.354 E.01851
;WIDTH:0.573933
G1 X22.239 Y55.658 E.01143
G1 E-3.5 F3600
;WIPE_START
G1 F7200
G1 X22.256 Y55.715 E-.02825
G1 X22.29 Y55.822 E-.05333
G1 X22.31 Y56.01 E-.0898
G1 X22.274 Y56.447 E-.20828
G1 X22.148 Y56.827 E-.19016
G1 X21.853 Y57.257 E-.2477
G1 X21.516 Y57.537 E-.20812
G1 X21.156 Y57.712 E-.19013
G1 X20.642 Y57.801 E-.24778
G1 X20.566 Y57.793 E-.03645
;WIPE_END
G1 X12.026 Y56.016 F9000
G1 E5 F2400
;TYPE:Perimeter
;WIDTH:0.381505
G1 F3600
G1 X11.679 Y56.016 E.00801
G1 X11.679 Y13.575 E.98012
;WIDTH:0.423417
G1 X11.7 Y13.294 E.00729
;WIDTH:0.465328
G1 X11.721 Y13.013 E.00808
;WIDTH:0.507239
G1 X11.742 Y12.732 E.00886
G1 X12.18 Y12.711 E.01379
;WIDTH:0.465328
G1 X12.383 Y12.69 E.00585
;WIDTH:0.423417
G1 X12.585 Y12.669 E.00526
;WIDTH:0.381505
G1 X15.526 Y12.669 E.06792
G1 X15.526 Y13.016 E.00801
G1 X12.585 Y13.016 E.06792
;WIDTH:0.423417
G1 X12.438 Y13.056 E.00394
;WIDTH:0.465328
G1 X12.292 Y13.096 E.00434
;WIDTH:0.507239
G1 X12.145 Y13.135 E.00478
G1 X12.105 Y13.282 E.00479
;WIDTH:0.465328
G1 X12.066 Y13.429 E.00436
;WIDTH:0.423417
G1 X12.026 Y13.575 E.00392
;WIDTH:0.381505
G1 X12.026 Y55.956 E.97874
G1 X12.392 Y56.383 F9000
;TYPE:External perimeter
;WIDTH:0.419999
G1 F1800
G1 X11.312 Y56.383 E.02771
G1 X11.312 Y12.303 E1.13085
G1 X15.892 Y12.303 E.1175
G1 X15.892 Y13.383 E.02771
G1 X12.585 Y13.383 E.08484
G1 X12.449 Y13.439 E.00377
G1 X12.392 Y13.575 E.00378
G1 X12.392 Y56.323 E1.09667
G1 E-3.5 F3600
;WIPE_START
G1 F7200
G1 X12.392 Y56.383 E-.0285
G1 X11.312 Y56.383 E-.513
G1 X11.312 Y54.365 E-.9585
;WIPE_END
G1 X23.175 Y18.478 F9000
G1 E5 F2400
G1 F1800
G1 X22.987 Y18.413 E.0051
G1 X22.752 Y18.276 E.00698
G1 X22.388 Y17.902 E.01339
G1 X22.181 Y17.427 E.01329
G1 X22.146 Y17.075 E.00907
G1 X22.178 Y16.786 E.00746
G1 X22.267 Y16.51 E.00744
G1 X22.371 Y16.309 E.00581
G1 X22.598 Y16.037 E.00909
G1 X22.827 Y15.859 E.00744
G1 X23.07 Y15.736 E.00699
G1 X23.559 Y15.634 E.01282
G1 X24.067 Y15.711 E.01318
G1 X24.408 Y15.879 E.00975
G1 X24.632 Y16.062 E.00742
G1 X24.816 Y16.287 E.00746
G1 X24.951 Y16.543 E.00742
G1 X25.033 Y16.822 E.00746
G1 X25.059 Y17.111 E.00744
G1 X25.026 Y17.399 E.00744
G1 X24.937 Y17.675 E.00744
G1 X24.796 Y17.928 E.00743
G1 X24.606 Y18.148 E.00746
G1 X24.377 Y18.326 E.00744
G1 X24.118 Y18.455 E.00742
G1 X23.837 Y18.53 E.00746
G1 X23.548 Y18.548 E.00743
G1 X23.261 Y18.509 E.00743
G1 X23.231 Y18.498 E.00082
G1 X23.155 Y18.848 F9000
;TYPE:Perimeter
;WIDTH:0.372842
G1 F1800
G1 X22.946 Y18.791 E.00488
G1 X22.623 Y18.627 E.00816
;WIDTH:0.402558
G1 X22.308 Y18.365 E.01004
G1 X22.058 Y18.061 E.00964
;WIDTH:0.380852
G1 X21.856 Y17.598 E.01164
;WIDTH:0.377458
G1 X21.785 Y17.193 E.00938
;WIDTH:0.372842
G1 X21.801 Y16.831 E.00816
G1 X21.888 Y16.479 E.00816
G1 X22.044 Y16.152 E.00816
G1 X22.261 Y15.862 E.00816
G1 X22.554 Y15.603 E.00881
;WIDTH:0.385146
G1 X22.993 Y15.376 E.01153
G1 X23.537 Y15.271 E.01293
;WIDTH:0.37744
G1 X24.125 Y15.352 E.01355
G1 X24.504 Y15.511 E.00938
;WIDTH:0.372848
G1 X24.799 Y15.721 E.00815
G1 X25.047 Y15.986 E.00817
G1 X25.238 Y16.294 E.00816
;WIDTH:0.38367
G1 X25.398 Y16.776 E.0118
G1 X25.42 Y16.992 E.00505
;WIDTH:0.372842
G1 X25.404 Y17.354 E.00816
G1 X25.316 Y17.706 E.00817
G1 X25.161 Y18.033 E.00815
G1 X24.943 Y18.323 E.00817
G1 X24.673 Y18.565 E.00816
G1 X24.36 Y18.748 E.00816
G1 X24.017 Y18.865 E.00816
G1 X23.658 Y18.912 E.00815
G1 X23.296 Y18.887 E.00817
G1 X23.213 Y18.864 E.00194
G1 X23.133 Y19.215 F9000
;TYPE:External perimeter
;WIDTH:0.419999
G1 F1800
G1 X22.823 Y19.131 E.00824
G1 X22.434 Y18.936 E.01116
G1 X22.059 Y18.648 E.01213
G1 X21.837 Y18.379 E.00895
G1 X21.578 Y17.927 E.01336
G1 X21.505 Y17.696 E.00622
G1 X21.424 Y17.22 E.01239
G1 X21.442 Y16.786 E.01114
G1 X21.545 Y16.364 E.01114
G1 X21.73 Y15.971 E.01114
G1 X21.99 Y15.622 E.01116
G1 X22.313 Y15.332 E.01114
G1 X22.712 Y15.099 E.01185
G1 X23.242 Y14.933 E.01425
G1 X23.702 Y14.906 E.01182
G1 X24.233 Y15.003 E.01385
G1 X24.677 Y15.193 E.01239
G1 X25.032 Y15.444 E.01115
G1 X25.348 Y15.781 E.01185
G1 X25.627 Y16.259 E.0142
G1 X25.765 Y16.748 E.01303
G1 X25.781 Y16.965 E.00558
G1 X25.763 Y17.399 E.01114
G1 X25.659 Y17.821 E.01115
G1 X25.474 Y18.214 E.01114
G1 X25.215 Y18.563 E.01115
G1 X24.891 Y18.853 E.01116
G1 X24.517 Y19.074 E.01114
G1 X24.106 Y19.216 E.01116
G1 X23.676 Y19.274 E.01113
G1 X23.242 Y19.245 E.01116
G1 X23.191 Y19.231 E.00136
G1 E-3.5 F3600
;WIPE_START
G1 F7200
G1 X23.133 Y19.215 E-.02858
G1 X22.823 Y19.131 E-.15256
G1 X22.434 Y18.936 E-.20669
G1 X22.059 Y18.648 E-.22459
G1 X21.837 Y18.379 E-.16567
G1 X21.578 Y17.927 E-.24745
G1 X21.505 Y17.696 E-.11507
G1 X21.424 Y17.22 E-.22935
G1 X21.435 Y16.946 E-.13004
;WIPE_END
G1 X52.277 Y31.494 F9000
G1 E5 F2400
G1 F1800
G1 X52.407 Y31.259 E.00689
G1 X52.596 Y31.039 E.00744
G1 X52.825 Y30.86 E.00746
G1 X53.07 Y30.736 E.00704
G1 X53.559 Y30.634 E.01282
G1 X54.067 Y30.711 E.01318
G1 X54.406 Y30.877 E.00968
G1 X54.631 Y31.061 E.00746
G1 X54.815 Y31.285 E.00744
G1 X54.951 Y31.541 E.00744
G1 X55.033 Y31.819 E.00744
G1 X55.059 Y32.108 E.00744
G1 X55.027 Y32.396 E.00743
G1 X54.939 Y32.673 E.00746
G1 X54.797 Y32.926 E.00744
G1 X54.608 Y33.146 E.00744
G1 X54.379 Y33.325 E.00746
G1 X54.12 Y33.454 E.00742
G1 X53.84 Y33.53 E.00744
G1 X53.55 Y33.548 E.00745
G1 X53.263 Y33.509 E.00743
G1 X52.989 Y33.414 E.00744
G1 X52.739 Y33.266 E.00745
G1 X52.519 Y33.066 E.00763
G1 X52.36 Y32.855 E.00678
G1 X52.171 Y32.366 E.01345
G1 X52.146 Y32.077 E.00744
G1 X52.178 Y31.789 E.00743
G1 X52.249 Y31.548 E.00645
G1 X51.868 Y31.412 F9000
;TYPE:Perimeter
;WIDTH:0.46849
G1 F1800
G1 X52.001 Y31.13 E.009
G1 X52.224 Y30.832 E.01075
G1 X52.501 Y30.584 E.01074
G1 X52.822 Y30.395 E.01076
;WIDTH:0.494362
G1 X53.328 Y30.248 E.01612
G1 X53.649 Y30.222 E.00986
;WIDTH:0.480788
G1 X54.133 Y30.304 E.01458
;WIDTH:0.473486
G1 X54.525 Y30.468 E.01241
;WIDTH:0.468488
G1 X54.828 Y30.683 E.01073
G1 X55.083 Y30.954 E.01075
G1 X55.279 Y31.27 E.01074
;WIDTH:0.479434
G1 X55.445 Y31.768 E.01554
G1 X55.467 Y31.986 E.00649
;WIDTH:0.46849
G1 X55.451 Y32.358 E.01075
G1 X55.362 Y32.719 E.01074
G1 X55.203 Y33.055 E.01074
G1 X54.981 Y33.353 E.01073
G1 X54.704 Y33.601 E.01074
G1 X54.383 Y33.79 E.01076
G1 X54.031 Y33.911 E.01075
G1 X53.662 Y33.96 E.01075
G1 X53.291 Y33.934 E.01074
G1 X52.932 Y33.836 E.01075
G1 X52.6 Y33.669 E.01073
G1 X52.308 Y33.439 E.01073
;WIDTH:0.476324
G1 X52.032 Y33.116 E.01249
G1 X51.81 Y32.609 E.01627
;WIDTH:0.472442
G1 X51.737 Y32.199 E.01214
;WIDTH:0.46849
G1 X51.753 Y31.827 E.01075
G1 X51.842 Y31.466 E.01074
G1 X51.458 Y31.327 F9000
;TYPE:External perimeter
;WIDTH:0.419999
G1 F1800
G1 X51.646 Y30.925 E.01139
G1 X51.917 Y30.561 E.01164
G1 X52.253 Y30.257 E.01162
G1 X52.671 Y30.013 E.01242
G1 X53.223 Y29.839 E.01485
G1 X53.51 Y29.814 E.00739
G1 X54.015 Y29.844 E.01298
G1 X54.334 Y29.935 E.00851
G1 X54.721 Y30.108 E.01088
G1 X55.092 Y30.369 E.01164
G1 X55.422 Y30.722 E.0124
G1 X55.714 Y31.219 E.01479
G1 X55.86 Y31.736 E.01378
G1 X55.876 Y31.955 E.00563
G1 X55.858 Y32.409 E.01166
G1 X55.751 Y32.849 E.01162
G1 X55.558 Y33.26 E.01165
G1 X55.288 Y33.624 E.01163
G1 X54.951 Y33.928 E.01164
G1 X54.561 Y34.159 E.01163
G1 X54.132 Y34.308 E.01165
G1 X53.683 Y34.369 E.01162
G1 X53.23 Y34.34 E.01165
G1 X52.792 Y34.221 E.01164
G1 X52.386 Y34.019 E.01163
G1 X52.029 Y33.74 E.01162
G1 X51.734 Y33.408 E.01139
G1 X51.491 Y32.966 E.01294
G1 X51.413 Y32.721 E.0066
G1 X51.329 Y32.23 E.01278
G1 X51.346 Y31.776 E.01166
G1 X51.442 Y31.384 E.01035
G1 E-3.5 F3600
;WIPE_START
G1 F7200
G1 X51.458 Y31.327 E-.02812
G1 X51.646 Y30.925 E-.2108
G1 X51.917 Y30.561 E-.21556
G1 X52.253 Y30.257 E-.21523
G1 X52.671 Y30.013 E-.2299
G1 X53.223 Y29.839 E-.27492
G1 X53.51 Y29.814 E-.13684
G1 X53.906 Y29.838 E-.18863
;WIPE_END
G1 X56.374 Y54.955 F9000
G1 E5 F2400
;WIDTH:0.567853
G1 F1800
G1 X56.622 Y54.913 E.00893
G1 X57.055 Y55.003 E.0157
;WIDTH:0.567608
G1 X57.443 Y55.264 E.01659
G1 X57.698 Y55.656 E.01659
G1 X57.782 Y56.116 E.01659
G1 X57.68 Y56.572 E.01658
G1 X57.409 Y56.953 E.01659
G1 X57.011 Y57.199 E.0166
G1 X56.549 Y57.271 E.01659
G1 X56.096 Y57.158 E.01656
G1 X55.722 Y56.877 E.01659
;WIDTH:0.567
G1 X55.488 Y56.48 E.01633
;WIDTH:0.567606
G1 X55.423 Y56.069 E.01476
G1 X55.524 Y55.613 E.01657
;WIDTH:0.573934
G1 X55.795 Y55.232 E.01678
;WIDTH:0.567611
G1 X56.19 Y54.987 E.01649
;WIDTH:0.567853
G1 X56.315 Y54.965 E.0045
G1 X56.183 Y54.448 F9000
;WIDTH:0.572516
G1 F1800
G1 X56.324 Y54.405 E.00528
G1 X56.645 Y54.378 E.01153
;WIDTH:0.567509
G1 X57.15 Y54.473 E.01822
;WIDTH:0.573931
G1 X57.543 Y54.665 E.0157
G1 X57.851 Y54.922 E.0144
;WIDTH:0.567276
G1 X58.144 Y55.354 E.01851
;WIDTH:0.573933
G1 X58.29 Y55.822 E.0176
G1 X58.31 Y56.01 E.00679
G1 X58.274 Y56.447 E.01574
G1 X58.148 Y56.827 E.01437
;WIDTH:0.567278
G1 X57.853 Y57.257 E.01849
;WIDTH:0.573933
G1 X57.516 Y57.537 E.01573
G1 X57.156 Y57.712 E.01437
;WIDTH:0.567279
G1 X56.642 Y57.801 E.01849
;WIDTH:0.573934
G1 X56.207 Y57.755 E.0157
G1 X55.807 Y57.606 E.01532
;WIDTH:0.56761
G1 X55.345 Y57.259 E.0205
;WIDTH:0.56619
G1 X55.066 Y56.837 E.0179
;WIDTH:0.572494
G1 X54.923 Y56.416 E.01592
G1 X54.892 Y56.016 E.01436
;WIDTH:0.567276
G1 X54.997 Y55.505 E.01849
;WIDTH:0.573934
G1 X55.199 Y55.117 E.0157
G1 X55.463 Y54.815 E.0144
;WIDTH:0.567281
G1 X55.902 Y54.533 E.0185
;WIDTH:0.572516
G1 X56.126 Y54.465 E.00838
G1 E-3.5 F3600
;WIPE_START
G1 F7200
G1 X56.183 Y54.448 E-.02825
G1 X56.324 Y54.405 E-.07002
G1 X56.645 Y54.378 E-.15301
G1 X57.15 Y54.473 E-.24408
G1 X57.543 Y54.665 E-.20776
G1 X57.851 Y54.922 E-.19054
G1 X58.144 Y55.354 E-.24794
G1 X58.29 Y55.822 E-.23287
G1 X58.31 Y56.01 E-.0898
G1 X58.304 Y56.085 E-.03573
;WIPE_END
G1 X65.179 Y71.516 F9000
G1 E5 F2400
;TYPE:Perimeter
;WIDTH:0.381505
G1 F3600
G1 X65.179 Y13.575 E1.33808
;WIDTH:0.423417
G1 X65.139 Y13.429 E.00392
;WIDTH:0.465328
G1 X65.099 Y13.282 E.00437
;WIDTH:0.507239
G1 X65.059 Y13.135 E.00479
G1 X64.913 Y13.096 E.00475
;WIDTH:0.465328
G1 X64.766 Y13.056 E.00437
;WIDTH:0.423417
G1 X64.619 Y13.016 E.00394
;WIDTH:0.381505
G1 X21.679 Y13.016 E.99165
G1 X21.679 Y12.669 E.00801
G1 X64.619 Y12.669 E.99165
;WIDTH:0.423417
G1 X64.901 Y12.69 E.00732
;WIDTH:0.465328
G1 X65.182 Y12.711 E.00808
;WIDTH:0.507239
G1 X65.463 Y12.732 E.00886
G1 X65.463 Y12.968 E.00742
G1 X65.484 Y13.171 E.00642
;WIDTH:0.465328
G1 X65.505 Y13.373 E.00582
;WIDTH:0.423417
G1 X65.526 Y13.575 E.00526
;WIDTH:0.381505
G1 X65.526 Y71.516 E1.33808
G1 X65.239 Y71.516 E.00663
G1 X64.812 Y71.883 F9000
;TYPE:External perimeter
;WIDTH:0.419999
G1 F1800
G1 X64.812 Y13.575 E1.49586
G1 X64.756 Y13.439 E.00377
G1 X64.619 Y13.383 E.0038
G1 X21.312 Y13.383 E1.11102
G1 X21.312 Y12.303 E.02771
G1 X65.892 Y12.303 E1.14367
G1 X65.892 Y71.883 E1.52849
G1 X64.872 Y71.883 E.02617
G1 E-3.5 F3600
;WIPE_START
G1 F7200
G1 X64.812 Y71.883 E-.0285
G1 X64.812 Y68.785 E-1.4715
;WIPE_END
G1 X65.179 Y92.669 F9000
G1 E5 F2400
;TYPE:Perimeter
;WIDTH:0.381505
G1 F3600
G1 X65.526 Y92.669 E.00801
G1 X65.526 Y92.843 E.00402
G1 X65.526 Y115.704 E.52795
;WIDTH:0.423417
G1 X65.505 Y115.954 E.00649
;WIDTH:0.465328
G1 X65.484 Y116.204 E.00719
;WIDTH:0.507239
G1 X65.463 Y116.453 E.00786
G1 X65.024 Y116.474 E.01383
;WIDTH:0.465328
G1 X64.822 Y116.495 E.00582
;WIDTH:0.423417
G1 X64.619 Y116.516 E.00528
;WIDTH:0.381505
G1 X12.585 Y116.516 E1.20166
;WIDTH:0.423417
G1 X12.304 Y116.495 E.00729
;WIDTH:0.465328
G1 X12.023 Y116.474 E.00808
;WIDTH:0.507239
G1 X11.742 Y116.453 E.00886
G1 X11.721 Y116.014 E.01383
;WIDTH:0.465328
G1 X11.7 Y115.812 E.00582
;WIDTH:0.423417
G1 X11.679 Y115.61 E.00526
;WIDTH:0.381505
G1 X11.679 Y107.169 E.19493
G1 X12.026 Y107.169 E.00801
G1 X12.026 Y115.61 E.19493
;WIDTH:0.423417
G1 X12.066 Y115.756 E.00392
;WIDTH:0.465328
G1 X12.105 Y115.903 E.00436
;WIDTH:0.507239
G1 X12.145 Y116.05 E.00479
G1 X12.292 Y116.089 E.00478
;WIDTH:0.465328
G1 X12.438 Y116.129 E.00434
;WIDTH:0.423417
G1 X12.585 Y116.169 E.00394
;WIDTH:0.381505
G1 X64.619 Y116.169 E1.20166
;WIDTH:0.423417
G1 X64.766 Y116.129 E.00394
;WIDTH:0.465328
G1 X64.913 Y116.089 E.00437
;WIDTH:0.507239
G1 X65.059 Y116.05 E.00475
G1 X65.099 Y115.903 E.00479
;WIDTH:0.465328
G1 X65.139 Y115.756 E.00437
;WIDTH:0.423417
G1 X65.179 Y115.61 E.00392
;WIDTH:0.381505
G1 X65.179 Y92.729 E.52841
G1 X64.812 Y92.303 F9000
;TYPE:External perimeter
;WIDTH:0.419999
G1 F1800
G1 X65.892 Y92.303 E.02771
G1 X65.892 Y116.883 E.63059
G1 X11.312 Y116.883 E1.40022
G1 X11.312 Y106.803 E.2586
G1 X12.392 Y106.803 E.02771
G1 X12.392 Y115.61 E.22594
G1 X12.449 Y115.746 E.00378
G1 X12.585 Y115.803 E.00378
G1 X64.619 Y115.803 E1.3349
G1 X64.756 Y115.746 E.00381
G1 X64.812 Y115.61 E.00377
G1 X64.812 Y92.363 E.59639
G1 E-3.5 F3600
;WIPE_START
G1 F7200
G1 X64.812 Y92.303 E-.0285
G1 X65.892 Y92.303 E-.513
G1 X65.892 Y94.321 E-.9585
;WIPE_END
G1 X57.061 Y111.007 F9000
G1 E5 F2400
;WIDTH:0.567609
G1 F1800
G1 X57.443 Y111.264 E.01633
G1 X57.698 Y111.656 E.01659
G1 X57.782 Y112.116 E.01659
G1 X57.68 Y112.572 E.01658
G1 X57.409 Y112.953 E.01659
G1 X57.011 Y113.199 E.0166
G1 X56.549 Y113.271 E.01659
G1 X56.096 Y113.158 E.01656
G1 X55.723 Y112.88 E.0165
;WIDTH:0.567474
G1 X55.536 Y112.596 E.01206
;WIDTH:0.56662
G1 X55.422 Y112.135 E.01681
;WIDTH:0.567303
G1 X55.516 Y111.627 E.01832
;WIDTH:0.567608
G1 X55.795 Y111.232 E.01715
G1 X56.19 Y110.987 E.01649
;WIDTH:0.567855
G1 X56.622 Y110.913 E.01555
G1 X57.003 Y110.992 E.01381
G1 X57.185 Y110.491 F9000
;WIDTH:0.573932
G1 F1800
G1 X57.543 Y110.665 E.01429
G1 X57.851 Y110.922 E.0144
;WIDTH:0.567276
G1 X58.144 Y111.354 E.01851
;WIDTH:0.573932
G1 X58.29 Y111.822 E.0176
G1 X58.312 Y112.169 E.01248
;WIDTH:0.567276
G1 X58.207 Y112.68 E.01849
;WIDTH:0.573933
G1 X58.005 Y113.068 E.0157
G1 X57.742 Y113.37 E.01437
;WIDTH:0.567276
G1 X57.302 Y113.652 E.01853
;WIDTH:0.573931
G1 X56.884 Y113.778 E.01567
G1 X56.483 Y113.8 E.01442
;WIDTH:0.56728
G1 X55.975 Y113.683 E.01848
;WIDTH:0.573933
G1 X55.592 Y113.471 E.01571
G1 X55.336 Y113.245 E.01226
;WIDTH:0.567305
G1 X55.072 Y112.855 E.0167
;WIDTH:0.573488
G1 X54.923 Y112.416 E.01663
G1 X54.892 Y112.016 E.01439
;WIDTH:0.567278
G1 X54.997 Y111.505 E.01849
;WIDTH:0.573932
G1 X55.199 Y111.117 E.0157
G1 X55.463 Y110.815 E.0144
;WIDTH:0.567278
G1 X55.902 Y110.533 E.0185
;WIDTH:0.572516
G1 X56.324 Y110.405 E.01579
G1 X56.645 Y110.378 E.01153
;WIDTH:0.567511
G1 X57.13 Y110.469 E.0175
G1 E-3.5 F3600
;WIPE_START
G1 F7200
G1 X57.185 Y110.491 E-.02814
G1 X57.543 Y110.665 E-.18907
G1 X57.851 Y110.922 E-.19054
G1 X58.144 Y111.354 E-.24794
G1 X58.29 Y111.822 E-.23287
G1 X58.312 Y112.169 E-.16516
G1 X58.207 Y112.68 E-.2478
G1 X58.014 Y113.051 E-.19848
;WIPE_END
G1 X21.772 Y112.063 F9000
G1 E5 F2400
;WIDTH:0.56761
G1 F1800
G1 X21.782 Y112.116 E.00191
G1 X21.68 Y112.572 E.01658
G1 X21.409 Y112.953 E.01659
G1 X21.011 Y113.199 E.0166
G1 X20.549 Y113.271 E.01659
G1 X20.096 Y113.158 E.01656
;WIDTH:0.568421
G1 X19.723 Y112.88 E.01653
G1 X19.536 Y112.595 E.01211
;WIDTH:0.565231
G1 X19.422 Y112.135 E.01674
;WIDTH:0.567303
G1 X19.516 Y111.627 E.01832
;WIDTH:0.567609
G1 X19.795 Y111.232 E.01715
G1 X20.19 Y110.987 E.01649
;WIDTH:0.567855
G1 X20.622 Y110.913 E.01555
G1 X21.055 Y111.003 E.0157
;WIDTH:0.56761
G1 X21.443 Y111.264 E.01659
G1 X21.698 Y111.656 E.01659
G1 X21.761 Y112.004 E.01255
G1 X22.299 Y111.965 F9000
;WIDTH:0.573933
G1 F1800
G1 X22.312 Y112.169 E.00734
;WIDTH:0.567276
G1 X22.207 Y112.68 E.01849
;WIDTH:0.573933
G1 X22.005 Y113.068 E.0157
G1 X21.742 Y113.37 E.01437
;WIDTH:0.567277
G1 X21.302 Y113.652 E.01853
;WIDTH:0.573931
G1 X20.884 Y113.778 E.01567
G1 X20.483 Y113.8 E.01442
;WIDTH:0.56728
G1 X19.975 Y113.683 E.01848
;WIDTH:0.573933
G1 X19.592 Y113.471 E.01571
G1 X19.331 Y113.24 E.01251
;WIDTH:0.567967
G1 X19.079 Y112.863 E.0161
;WIDTH:0.573284
G1 X18.924 Y112.416 E.01696
G1 X18.892 Y112.016 E.01439
;WIDTH:0.567278
G1 X18.997 Y111.505 E.01849
;WIDTH:0.573933
G1 X19.199 Y111.117 E.0157
G1 X19.463 Y110.815 E.0144
;WIDTH:0.567279
G1 X19.902 Y110.533 E.0185
;WIDTH:0.572516
G1 X20.324 Y110.405 E.01579
G1 X20.645 Y110.378 E.01153
;WIDTH:0.567511
G1 X21.15 Y110.473 E.01822
;WIDTH:0.573932
G1 X21.543 Y110.665 E.0157
G1 X21.851 Y110.922 E.0144
;WIDTH:0.567276
G1 X22.144 Y111.354 E.01851
;WIDTH:0.573933
G1 X22.29 Y111.822 E.0176
G1 X22.295 Y111.905 E.00298
;LAYER_CHANGE
;Z:2.76
;HEIGHT:0.16
;BEFORE_LAYER_CHANGE
G92 E0
;2.76


G1 E-3.5 F3600
;WIPE_START
G1 F7200
G1 X22.299 Y111.965 E-.02856
G1 X22.312 Y112.169 E-.0971
G1 X22.207 Y112.68 E-.2478
G1 X22.005 Y113.068 E-.20778
G1 X21.742 Y113.37 E-.19022
G1 X21.302 Y113.652 E-.24824
G1 X20.884 Y113.778 E-.20737
G1 X20.483 Y113.8 E-.19076
G1 X20.314 Y113.761 E-.08217
;WIPE_END
G1 Z2.76 F9000
;AFTER_LAYER_CHANGE
;2.76
G1 X20.66 Y57.254
G1 E5 F2400
;WIDTH:0.567609
G1 F1800
G1 X20.549 Y57.271 E.00398
G1 X20.098 Y57.16 E.01648
;WIDTH:0.569928
G1 X19.734 Y56.89 E.01615
G1 X19.549 Y56.622 E.0116
;WIDTH:0.565219
G1 X19.422 Y56.135 E.01777
;WIDTH:0.567303
G1 X19.516 Y55.627 E.01832
;WIDTH:0.567611
G1 X19.795 Y55.232 E.01715
G1 X20.19 Y54.987 E.01649
;WIDTH:0.567874
G1 X20.624 Y54.913 E.01563
G1 X21.055 Y55.003 E.01563
;WIDTH:0.567609
G1 X21.443 Y55.264 E.01659
G1 X21.698 Y55.656 E.01659
G1 X21.782 Y56.116 E.01659
G1 X21.68 Y56.572 E.01658
G1 X21.409 Y56.953 E.01659
G1 X21.011 Y57.199 E.0166
G1 X20.72 Y57.245 E.01045
G1 X20.772 Y57.784 F9000
;WIDTH:0.573932
G1 F1800
G1 X20.483 Y57.8 E.01039
;WIDTH:0.567279
G1 X19.975 Y57.683 E.01848
;WIDTH:0.572562
G1 X19.591 Y57.471 E.0157
G1 X19.342 Y57.25 E.01192
;WIDTH:0.568448
G1 X19.061 Y56.831 E.01792
;WIDTH:0.573933
G1 X18.924 Y56.416 E.01569
G1 X18.892 Y56.016 E.0144
;WIDTH:0.567277
G1 X18.997 Y55.505 E.01849
;WIDTH:0.573933
G1 X19.199 Y55.117 E.0157
G1 X19.463 Y54.815 E.0144
;WIDTH:0.567279
G1 X19.902 Y54.533 E.0185
;WIDTH:0.572614
G1 X20.324 Y54.405 E.01579
G1 X20.648 Y54.379 E.01164
;WIDTH:0.567531
G1 X21.15 Y54.473 E.01811
;WIDTH:0.573933
G1 X21.543 Y54.665 E.0157
G1 X21.851 Y54.922 E.0144
;WIDTH:0.567277
G1 X22.144 Y55.354 E.01851
;WIDTH:0.573933
G1 X22.29 Y55.822 E.0176
G1 X22.312 Y56.169 E.01248
;WIDTH:0.567276
G1 X22.207 Y56.68 E.01849
;WIDTH:0.573933
G1 X22.005 Y57.068 E.0157
G1 X21.742 Y57.37 E.01437
;WIDTH:0.56728
G1 X21.302 Y57.652 E.01853
;WIDTH:0.573932
G1 X20.884 Y57.778 E.01567
G1 X20.831 Y57.781 E.00191
G1 E-3.5 F3600
;WIPE_START
G1 F7200
G1 X20.772 Y57.784 E-.02806
G1 X20.483 Y57.8 E-.13749
G1 X19.975 Y57.683 E-.24762
G1 X19.591 Y57.471 E-.20835
G1 X19.342 Y57.25 E-.15814
G1 X19.061 Y56.831 E-.23964
G1 X18.924 Y56.416 E-.20759
G1 X18.892 Y56.016 E-.19061
G1 X18.927 Y55.846 E-.0825
;WIPE_END
G1 X12.026 Y56.016 F9000
G1 E5 F2400
;TYPE:Perimeter
;WIDTH:0.381505
G1 F3600
G1 X11.679 Y56.016 E.00801
G1 X11.679 Y13.575 E.98012
;WIDTH:0.423417
G1 X11.7 Y13.294 E.00729
;WIDTH:0.465328
G1 X11.721 Y13.013 E.00808
;WIDTH:0.507239
G1 X11.742 Y12.732 E.00886
G1 X12.18 Y12.711 E.01379
;WIDTH:0.465328
G1 X12.383 Y12.69 E.00585
;WIDTH:0.423417
G1 X12.585 Y12.669 E.00526
;WIDTH:0.381505
G1 X15.526 Y12.669 E.06792
G1 X15.526 Y13.016 E.00801
G1 X12.585 Y13.016 E.06792
;WIDTH:0.423417
G1 X12.438 Y13.056 E.00394
;WIDTH:0.465328
G1 X12.292 Y13.096 E.00434
;WIDTH:0.507239
G1 X12.145 Y13.135 E.00478
G1 X12.105 Y13.282 E.00479
;WIDTH:0.465328
G1 X12.066 Y13.429 E.00436
;WIDTH:0.423417
G1 X12.026 Y13.575 E.00392
;WIDTH:0.381505
G1 X12.026 Y55.956 E.97874
G1 X12.392 Y56.383 F9000
;TYPE:External perimeter
;WIDTH:0.419999
G1 F1800
G1 X11.312 Y56.383 E.02771
G1 X11.312 Y12.303 E1.13085
G1 X15.892 Y12.303 E.1175
G1 X15.892 Y13.383 E.02771
G1 X12.585 Y13.383 E.08484
G1 X12.449 Y13.439 E.00377
G1 X12.392 Y13.575 E.00378
G1 X12.392 Y56.323 E1.09667
G1 E-3.5 F3600
;WIPE_START
G1 F7200
G1 X12.392 Y56.383 E-.0285
G1 X11.312 Y56.383 E-.513
G1 X11.312 Y54.365 E-.9585
;WIPE_END
G1 X23.175 Y18.478 F9000
G1 E5 F2400
G1 F1800
G1 X22.984 Y18.411 E.00519
G1 X22.571 Y18.125 E.01289
G1 X22.252 Y17.646 E.01476
G1 X22.143 Y17.139 E.0133
G1 X22.178 Y16.786 E.0091
G1 X22.267 Y16.51 E.00744
G1 X22.409 Y16.257 E.00744
G1 X22.598 Y16.037 E.00744
G1 X22.827 Y15.859 E.00744
G1 X23.07 Y15.736 E.00699
G1 X23.561 Y15.634 E.01287
G1 X24.067 Y15.711 E.01313
G1 X24.408 Y15.879 E.00975
G1 X24.632 Y16.062 E.00742
G1 X24.816 Y16.287 E.00746
G1 X24.951 Y16.543 E.00742
G1 X25.033 Y16.822 E.00746
G1 X25.059 Y17.111 E.00744
G1 X25.026 Y17.399 E.00744
G1 X24.937 Y17.675 E.00744
G1 X24.796 Y17.928 E.00743
G1 X24.606 Y18.148 E.00746
G1 X24.377 Y18.326 E.00744
G1 X24.118 Y18.455 E.00742
G1 X23.837 Y18.53 E.00746
G1 X23.548 Y18.548 E.00743
G1 X23.261 Y18.509 E.00743
G1 X23.231 Y18.498 E.00082
G1 X23.155 Y18.848 F9000
;TYPE:Perimeter
;WIDTH:0.372844
G1 F1800
G1 X22.946 Y18.791 E.00488
;WIDTH:0.375984
G1 X22.622 Y18.628 E.00824
;WIDTH:0.377958
G1 X22.337 Y18.404 E.00829
;WIDTH:0.40154
G1 X22.078 Y18.077 E.01019
G1 X21.898 Y17.738 E.00938
;WIDTH:0.381102
G1 X21.791 Y17.242 E.0117
;WIDTH:0.37752
G1 X21.801 Y16.831 E.00939
;WIDTH:0.372844
G1 X21.888 Y16.479 E.00816
G1 X22.044 Y16.152 E.00816
G1 X22.261 Y15.862 E.00816
G1 X22.554 Y15.603 E.00881
;WIDTH:0.385168
G1 X22.993 Y15.376 E.01153
G1 X23.54 Y15.271 E.013
;WIDTH:0.377382
G1 X24.126 Y15.352 E.0135
G1 X24.504 Y15.511 E.00936
;WIDTH:0.372846
G1 X24.799 Y15.721 E.00815
G1 X25.047 Y15.986 E.00817
G1 X25.238 Y16.294 E.00816
;WIDTH:0.38367
G1 X25.398 Y16.776 E.0118
G1 X25.42 Y16.992 E.00505
;WIDTH:0.372844
G1 X25.404 Y17.354 E.00816
G1 X25.316 Y17.706 E.00817
G1 X25.161 Y18.033 E.00815
G1 X24.943 Y18.323 E.00817
G1 X24.673 Y18.565 E.00816
G1 X24.36 Y18.748 E.00816
G1 X24.017 Y18.865 E.00816
G1 X23.658 Y18.912 E.00815
G1 X23.296 Y18.887 E.00817
G1 X23.213 Y18.864 E.00194
G1 X23.133 Y19.215 F9000
;TYPE:External perimeter
;WIDTH:0.419999
G1 F1800
G1 X22.823 Y19.131 E.00824
G1 X22.436 Y18.941 E.01106
G1 X22.1 Y18.681 E.0109
G1 X21.784 Y18.312 E.01246
G1 X21.618 Y18.006 E.00893
G1 X21.453 Y17.51 E.01341
G1 X21.427 Y17.27 E.00619
G1 X21.442 Y16.786 E.01242
G1 X21.545 Y16.364 E.01114
G1 X21.73 Y15.971 E.01114
G1 X21.99 Y15.622 E.01116
G1 X22.313 Y15.332 E.01114
G1 X22.712 Y15.099 E.01185
G1 X23.242 Y14.933 E.01425
G1 X23.704 Y14.906 E.01187
G1 X24.233 Y15.004 E.0138
G1 X24.677 Y15.193 E.01238
G1 X25.032 Y15.444 E.01115
G1 X25.348 Y15.781 E.01185
G1 X25.627 Y16.259 E.0142
G1 X25.765 Y16.748 E.01303
G1 X25.781 Y16.965 E.00558
G1 X25.763 Y17.399 E.01114
G1 X25.659 Y17.821 E.01115
G1 X25.474 Y18.214 E.01114
G1 X25.215 Y18.563 E.01115
G1 X24.891 Y18.853 E.01116
G1 X24.517 Y19.074 E.01114
G1 X24.106 Y19.216 E.01116
G1 X23.676 Y19.274 E.01113
G1 X23.242 Y19.245 E.01116
G1 X23.191 Y19.231 E.00136
G1 E-3.5 F3600
;WIPE_START
G1 F7200
G1 X23.133 Y19.215 E-.02858
G1 X22.823 Y19.131 E-.15256
G1 X22.436 Y18.941 E-.20478
G1 X22.1 Y18.681 E-.2018
G1 X21.784 Y18.312 E-.23076
G1 X21.618 Y18.006 E-.16536
G1 X21.453 Y17.51 E-.24829
G1 X21.427 Y17.27 E-.11467
G1 X21.437 Y16.948 E-.1532
;WIPE_END
G1 X52.276 Y31.494 F9000
G1 E5 F2400
G1 F1800
G1 X52.407 Y31.259 E.0069
G1 X52.596 Y31.039 E.00744
G1 X52.825 Y30.86 E.00746
G1 X53.07 Y30.736 E.00704
G1 X53.561 Y30.634 E.01287
G1 X54.067 Y30.711 E.01313
G1 X54.406 Y30.877 E.00968
G1 X54.631 Y31.061 E.00746
G1 X54.815 Y31.285 E.00744
G1 X54.951 Y31.541 E.00744
G1 X55.033 Y31.819 E.00744
G1 X55.059 Y32.108 E.00744
G1 X55.027 Y32.396 E.00743
G1 X54.939 Y32.673 E.00746
G1 X54.797 Y32.926 E.00744
G1 X54.608 Y33.146 E.00744
G1 X54.379 Y33.325 E.00746
G1 X54.12 Y33.454 E.00742
G1 X53.84 Y33.53 E.00744
G1 X53.55 Y33.548 E.00745
G1 X53.255 Y33.507 E.00764
G1 X53.003 Y33.421 E.00683
G1 X52.572 Y33.126 E.0134
G1 X52.276 Y32.702 E.01327
G1 X52.171 Y32.366 E.00903
G1 X52.146 Y32.077 E.00744
G1 X52.178 Y31.789 E.00743
G1 X52.254 Y31.55 E.00643
G1 X51.868 Y31.412 F9000
;TYPE:Perimeter
;WIDTH:0.46849
G1 F1800
G1 X52.001 Y31.13 E.009
G1 X52.224 Y30.832 E.01075
G1 X52.501 Y30.584 E.01074
G1 X52.822 Y30.395 E.01076
;WIDTH:0.49463
G1 X53.328 Y30.249 E.01613
G1 X53.653 Y30.222 E.00999
;WIDTH:0.480846
G1 X54.133 Y30.304 E.01446
;WIDTH:0.473424
G1 X54.525 Y30.468 E.01241
;WIDTH:0.468488
G1 X54.828 Y30.683 E.01073
G1 X55.083 Y30.954 E.01075
G1 X55.279 Y31.27 E.01074
;WIDTH:0.479436
G1 X55.445 Y31.768 E.01554
G1 X55.467 Y31.986 E.00649
;WIDTH:0.468488
G1 X55.451 Y32.358 E.01075
G1 X55.362 Y32.719 E.01074
G1 X55.203 Y33.055 E.01074
G1 X54.981 Y33.353 E.01073
G1 X54.704 Y33.601 E.01074
G1 X54.383 Y33.79 E.01076
G1 X54.031 Y33.911 E.01075
G1 X53.662 Y33.96 E.01075
G1 X53.291 Y33.934 E.01074
;WIDTH:0.475328
G1 X52.931 Y33.839 E.01092
;WIDTH:0.497812
G1 X52.553 Y33.631 E.0133
G1 X52.242 Y33.376 E.0124
;WIDTH:0.476128
G1 X51.951 Y32.961 E.0149
;WIDTH:0.473416
G1 X51.795 Y32.566 E.0124
;WIDTH:0.46849
G1 X51.737 Y32.199 E.01073
G1 X51.753 Y31.827 E.01075
G1 X51.842 Y31.466 E.01074
G1 X51.458 Y31.327 F9000
;TYPE:External perimeter
;WIDTH:0.419999
G1 F1800
G1 X51.646 Y30.925 E.01139
G1 X51.917 Y30.561 E.01164
G1 X52.253 Y30.257 E.01162
G1 X52.671 Y30.013 E.01242
G1 X53.223 Y29.839 E.01485
G1 X53.512 Y29.814 E.00744
G1 X54.015 Y29.844 E.01293
G1 X54.334 Y29.935 E.00851
G1 X54.721 Y30.108 E.01088
G1 X55.092 Y30.369 E.01164
G1 X55.422 Y30.722 E.0124
G1 X55.714 Y31.219 E.01479
G1 X55.86 Y31.736 E.01378
G1 X55.876 Y31.955 E.00563
G1 X55.858 Y32.409 E.01166
G1 X55.751 Y32.849 E.01162
G1 X55.558 Y33.26 E.01165
G1 X55.288 Y33.624 E.01163
G1 X54.951 Y33.928 E.01164
G1 X54.561 Y34.159 E.01163
G1 X54.132 Y34.308 E.01165
G1 X53.683 Y34.369 E.01162
G1 X53.23 Y34.34 E.01165
G1 X52.8 Y34.231 E.01138
G1 X52.35 Y34.004 E.01293
G1 X52.064 Y33.775 E.0094
G1 X51.706 Y33.368 E.01391
G1 X51.547 Y33.075 E.00855
G1 X51.401 Y32.677 E.01088
G1 X51.329 Y32.23 E.01162
G1 X51.346 Y31.776 E.01166
G1 X51.442 Y31.384 E.01035
G1 E-3.5 F3600
;WIPE_START
G1 F7200
G1 X51.458 Y31.327 E-.02812
G1 X51.646 Y30.925 E-.2108
G1 X51.917 Y30.561 E-.21556
G1 X52.253 Y30.257 E-.21523
G1 X52.671 Y30.013 E-.2299
G1 X53.223 Y29.839 E-.27492
G1 X53.512 Y29.814 E-.13779
G1 X53.906 Y29.838 E-.18768
;WIPE_END
G1 X56.374 Y54.955 F9000
G1 E5 F2400
;WIDTH:0.567874
G1 F1800
G1 X56.624 Y54.913 E.009
G1 X57.055 Y55.003 E.01563
;WIDTH:0.567608
G1 X57.443 Y55.264 E.01659
G1 X57.698 Y55.656 E.01659
G1 X57.782 Y56.116 E.01659
G1 X57.68 Y56.572 E.01658
G1 X57.409 Y56.953 E.01659
G1 X57.011 Y57.199 E.0166
G1 X56.549 Y57.271 E.01659
G1 X56.098 Y57.16 E.01648
G1 X55.742 Y56.901 E.01562
G1 X55.506 Y56.529 E.01563
G1 X55.423 Y56.069 E.01658
G1 X55.524 Y55.613 E.01657
;WIDTH:0.573933
G1 X55.795 Y55.232 E.01678
;WIDTH:0.567611
G1 X56.19 Y54.987 E.01649
;WIDTH:0.567874
G1 X56.315 Y54.965 E.0045
G1 X56.184 Y54.448 F9000
;WIDTH:0.572614
G1 F1800
G1 X56.324 Y54.405 E.00524
G1 X56.648 Y54.379 E.01164
;WIDTH:0.567531
G1 X57.15 Y54.473 E.01811
;WIDTH:0.573932
G1 X57.543 Y54.665 E.0157
G1 X57.851 Y54.922 E.0144
;WIDTH:0.567276
G1 X58.144 Y55.354 E.01851
;WIDTH:0.573932
G1 X58.29 Y55.822 E.0176
G1 X58.312 Y56.169 E.01248
;WIDTH:0.567276
G1 X58.207 Y56.68 E.01849
;WIDTH:0.573932
G1 X58.005 Y57.068 E.0157
G1 X57.742 Y57.37 E.01437
;WIDTH:0.567279
G1 X57.302 Y57.652 E.01853
;WIDTH:0.573932
G1 X56.884 Y57.778 E.01567
G1 X56.483 Y57.8 E.01442
;WIDTH:0.56728
G1 X55.975 Y57.683 E.01848
;WIDTH:0.572625
G1 X55.589 Y57.47 E.01579
G1 X55.348 Y57.261 E.01142
;WIDTH:0.567275
G1 X55.061 Y56.831 E.01833
;WIDTH:0.573932
G1 X54.924 Y56.416 E.01569
G1 X54.892 Y56.016 E.0144
;WIDTH:0.567278
G1 X54.997 Y55.505 E.01849
;WIDTH:0.573933
G1 X55.199 Y55.117 E.0157
G1 X55.463 Y54.815 E.0144
;WIDTH:0.567279
G1 X55.902 Y54.533 E.0185
;WIDTH:0.572614
G1 X56.126 Y54.465 E.00838
G1 E-3.5 F3600
;WIPE_START
G1 F7200
G1 X56.184 Y54.448 E-.02871
G1 X56.324 Y54.405 E-.06957
G1 X56.648 Y54.379 E-.15439
G1 X57.15 Y54.473 E-.24259
G1 X57.543 Y54.665 E-.20776
G1 X57.851 Y54.922 E-.19054
G1 X58.144 Y55.354 E-.24794
G1 X58.29 Y55.822 E-.23287
G1 X58.307 Y56.086 E-.12563
;WIPE_END
G1 X65.179 Y71.516 F9000
G1 E5 F2400
;TYPE:Perimeter
;WIDTH:0.381505
G1 F3600
G1 X65.179 Y13.575 E1.33808
;WIDTH:0.423417
G1 X65.139 Y13.429 E.00392
;WIDTH:0.465328
G1 X65.099 Y13.282 E.00437
;WIDTH:0.507239
G1 X65.059 Y13.135 E.00479
G1 X64.913 Y13.096 E.00475
;WIDTH:0.465328
G1 X64.766 Y13.056 E.00437
;WIDTH:0.423417
G1 X64.619 Y13.016 E.00394
;WIDTH:0.381505
G1 X21.679 Y13.016 E.99165
G1 X21.679 Y12.669 E.00801
G1 X64.619 Y12.669 E.99165
;WIDTH:0.423417
G1 X64.901 Y12.69 E.00732
;WIDTH:0.465328
G1 X65.182 Y12.711 E.00808
;WIDTH:0.507239
G1 X65.463 Y12.732 E.00886
G1 X65.463 Y12.968 E.00742
G1 X65.484 Y13.171 E.00642
;WIDTH:0.465328
G1 X65.505 Y13.373 E.00582
;WIDTH:0.423417
G1 X65.526 Y13.575 E.00526
;WIDTH:0.381505
G1 X65.526 Y71.516 E1.33808
G1 X65.239 Y71.516 E.00663
G1 X64.812 Y71.883 F9000
;TYPE:External perimeter
;WIDTH:0.419999
G1 F1800
G1 X64.812 Y13.575 E1.49586
G1 X64.756 Y13.439 E.00377
G1 X64.619 Y13.383 E.0038
G1 X21.312 Y13.383 E1.11102
G1 X21.312 Y12.303 E.02771
G1 X65.892 Y12.303 E1.14367
G1 X65.892 Y71.883 E1.52849
G1 X64.872 Y71.883 E.02617
G1 E-3.5 F3600
;WIPE_START
G1 F7200
G1 X64.812 Y71.883 E-.0285
G1 X64.812 Y68.785 E-1.4715
;WIPE_END
G1 X65.179 Y92.669 F9000
G1 E5 F2400
;TYPE:Perimeter
;WIDTH:0.381505
G1 F3600
G1 X65.526 Y92.669 E.00801
G1 X65.526 Y92.843 E.00402
G1 X65.526 Y115.704 E.52795
;WIDTH:0.423417
G1 X65.505 Y115.954 E.00649
;WIDTH:0.465328
G1 X65.484 Y116.204 E.00719
;WIDTH:0.507239
G1 X65.463 Y116.453 E.00786
G1 X65.024 Y116.474 E.01383
;WIDTH:0.465328
G1 X64.822 Y116.495 E.00582
;WIDTH:0.423417
G1 X64.619 Y116.516 E.00528
;WIDTH:0.381505
G1 X12.585 Y116.516 E1.20166
;WIDTH:0.423417
G1 X12.304 Y116.495 E.00729
;WIDTH:0.465328
G1 X12.023 Y116.474 E.00808
;WIDTH:0.507239
G1 X11.742 Y116.453 E.00886
G1 X11.721 Y116.014 E.01383
;WIDTH:0.465328
G1 X11.7 Y115.812 E.00582
;WIDTH:0.423417
G1 X11.679 Y115.61 E.00526
;WIDTH:0.381505
G1 X11.679 Y107.169 E.19493
G1 X12.026 Y107.169 E.00801
G1 X12.026 Y115.61 E.19493
;WIDTH:0.423417
G1 X12.066 Y115.756 E.00392
;WIDTH:0.465328
G1 X12.105 Y115.903 E.00436
;WIDTH:0.507239
G1 X12.145 Y116.05 E.00479
G1 X12.292 Y116.089 E.00478
;WIDTH:0.465328
G1 X12.438 Y116.129 E.00434
;WIDTH:0.423417
G1 X12.585 Y116.169 E.00394
;WIDTH:0.381505
G1 X64.619 Y116.169 E1.20166
;WIDTH:0.423417
G1 X64.766 Y116.129 E.00394
;WIDTH:0.465328
G1 X64.913 Y116.089 E.00437
;WIDTH:0.507239
G1 X65.059 Y116.05 E.00475
G1 X65.099 Y115.903 E.00479
;WIDTH:0.465328
G1 X65.139 Y115.756 E.00437
;WIDTH:0.423417
G1 X65.179 Y115.61 E.00392
;WIDTH:0.381505
G1 X65.179 Y92.729 E.52841
G1 X64.812 Y92.303 F9000
;TYPE:External perimeter
;WIDTH:0.419999
G1 F1800
G1 X65.892 Y92.303 E.02771
G1 X65.892 Y116.883 E.63059
G1 X11.312 Y116.883 E1.40022
G1 X11.312 Y106.803 E.2586
G1 X12.392 Y106.803 E.02771
G1 X12.392 Y115.61 E.22594
G1 X12.449 Y115.746 E.00378
G1 X12.585 Y115.803 E.00378
G1 X64.619 Y115.803 E1.3349
G1 X64.756 Y115.746 E.00381
G1 X64.812 Y115.61 E.00377
G1 X64.812 Y92.363 E.59639
G1 E-3.5 F3600
;WIPE_START
G1 F7200
G1 X64.812 Y92.303 E-.0285
G1 X65.892 Y92.303 E-.513
G1 X65.892 Y94.321 E-.9585
;WIPE_END
G1 X57.061 Y111.007 F9000
G1 E5 F2400
;WIDTH:0.56761
G1 F1800
G1 X57.443 Y111.264 E.01633
G1 X57.698 Y111.656 E.01659
G1 X57.782 Y112.116 E.01659
G1 X57.68 Y112.572 E.01658
G1 X57.409 Y112.953 E.01659
G1 X57.011 Y113.199 E.0166
G1 X56.549 Y113.271 E.01659
G1 X56.096 Y113.158 E.01656
;WIDTH:0.568635
G1 X55.721 Y112.878 E.01663
G1 X55.525 Y112.572 E.01292
;WIDTH:0.565756
G1 X55.422 Y112.135 E.01587
;WIDTH:0.567304
G1 X55.516 Y111.627 E.01832
;WIDTH:0.567609
G1 X55.795 Y111.232 E.01715
G1 X56.19 Y110.987 E.01649
;WIDTH:0.567875
G1 X56.624 Y110.913 E.01563
G1 X57.003 Y110.992 E.01374
G1 X57.185 Y110.491 F9000
;WIDTH:0.573931
G1 F1800
G1 X57.543 Y110.665 E.01429
G1 X57.851 Y110.922 E.0144
;WIDTH:0.567277
G1 X58.144 Y111.354 E.01851
;WIDTH:0.573932
G1 X58.29 Y111.822 E.0176
G1 X58.312 Y112.169 E.01248
;WIDTH:0.567276
G1 X58.207 Y112.68 E.01849
;WIDTH:0.57393
G1 X58.005 Y113.068 E.0157
G1 X57.742 Y113.37 E.01437
;WIDTH:0.567278
G1 X57.302 Y113.652 E.01853
;WIDTH:0.573931
G1 X56.884 Y113.778 E.01567
G1 X56.483 Y113.8 E.01442
;WIDTH:0.56728
G1 X55.975 Y113.683 E.01848
;WIDTH:0.573931
G1 X55.592 Y113.471 E.01571
G1 X55.331 Y113.24 E.01251
;WIDTH:0.567965
G1 X55.066 Y112.837 E.01712
;WIDTH:0.572499
G1 X54.923 Y112.416 E.01592
G1 X54.892 Y112.016 E.01436
;WIDTH:0.567273
G1 X54.997 Y111.505 E.01849
;WIDTH:0.573932
G1 X55.199 Y111.117 E.0157
G1 X55.463 Y110.815 E.0144
;WIDTH:0.567279
G1 X55.902 Y110.533 E.0185
;WIDTH:0.572613
G1 X56.324 Y110.405 E.01579
G1 X56.648 Y110.379 E.01164
;WIDTH:0.567531
G1 X57.13 Y110.469 E.01739
G1 E-3.5 F3600
;WIPE_START
G1 F7200
G1 X57.185 Y110.491 E-.02814
G1 X57.543 Y110.665 E-.18907
G1 X57.851 Y110.922 E-.19054
G1 X58.144 Y111.354 E-.24794
G1 X58.29 Y111.822 E-.23287
G1 X58.312 Y112.169 E-.16516
G1 X58.207 Y112.68 E-.2478
G1 X58.015 Y113.051 E-.19848
;WIPE_END
G1 X21.772 Y112.063 F9000
G1 E5 F2400
;WIDTH:0.56761
G1 F1800
G1 X21.782 Y112.116 E.00191
G1 X21.68 Y112.572 E.01658
G1 X21.409 Y112.953 E.01659
G1 X21.011 Y113.199 E.0166
G1 X20.549 Y113.271 E.01659
G1 X20.096 Y113.158 E.01656
;WIDTH:0.568635
G1 X19.721 Y112.878 E.01663
G1 X19.525 Y112.572 E.01292
;WIDTH:0.565756
G1 X19.422 Y112.135 E.01587
;WIDTH:0.567304
G1 X19.516 Y111.627 E.01832
;WIDTH:0.56761
G1 X19.795 Y111.232 E.01715
G1 X20.19 Y110.987 E.01649
;WIDTH:0.567875
G1 X20.624 Y110.913 E.01563
G1 X21.055 Y111.003 E.01563
;WIDTH:0.56761
G1 X21.443 Y111.264 E.01659
G1 X21.698 Y111.656 E.01659
G1 X21.761 Y112.004 E.01255
G1 X22.299 Y111.965 F9000
;WIDTH:0.573933
G1 F1800
G1 X22.312 Y112.169 E.00734
;WIDTH:0.567276
G1 X22.207 Y112.68 E.01849
;WIDTH:0.573932
G1 X22.005 Y113.068 E.0157
G1 X21.742 Y113.37 E.01437
;WIDTH:0.567279
G1 X21.302 Y113.652 E.01853
;WIDTH:0.573931
G1 X20.884 Y113.778 E.01567
G1 X20.483 Y113.8 E.01442
;WIDTH:0.56728
G1 X19.975 Y113.683 E.01848
;WIDTH:0.573932
G1 X19.592 Y113.471 E.01571
G1 X19.331 Y113.24 E.01251
;WIDTH:0.567964
G1 X19.066 Y112.837 E.01712
;WIDTH:0.5725
G1 X18.923 Y112.416 E.01592
G1 X18.892 Y112.016 E.01436
;WIDTH:0.567272
G1 X18.997 Y111.505 E.01849
;WIDTH:0.573933
G1 X19.199 Y111.117 E.0157
G1 X19.463 Y110.815 E.0144
;WIDTH:0.567278
G1 X19.902 Y110.533 E.0185
;WIDTH:0.572613
G1 X20.324 Y110.405 E.01579
G1 X20.648 Y110.379 E.01164
;WIDTH:0.567532
G1 X21.15 Y110.473 E.01811
;WIDTH:0.573932
G1 X21.543 Y110.665 E.0157
G1 X21.851 Y110.922 E.0144
;WIDTH:0.567278
G1 X22.144 Y111.354 E.01851
;WIDTH:0.573933
G1 X22.29 Y111.822 E.0176
G1 X22.295 Y111.905 E.00298
;LAYER_CHANGE
;Z:2.92
;HEIGHT:0.16
;BEFORE_LAYER_CHANGE
G92 E0
;2.92


G1 E-3.5 F3600
;WIPE_START
G1 F7200
G1 X22.299 Y111.965 E-.02856
G1 X22.312 Y112.169 E-.0971
G1 X22.207 Y112.68 E-.2478
G1 X22.005 Y113.068 E-.20778
G1 X21.742 Y113.37 E-.19022
G1 X21.302 Y113.652 E-.24824
G1 X20.884 Y113.778 E-.20737
G1 X20.483 Y113.8 E-.19076
G1 X20.314 Y113.761 E-.08217
;WIPE_END
G1 Z2.92 F9000
;AFTER_LAYER_CHANGE
;2.92
G1 X20.66 Y57.254
G1 E5 F2400
;WIDTH:0.56761
G1 F1800
G1 X20.549 Y57.271 E.00398
G1 X20.102 Y57.162 E.01632
;WIDTH:0.567441
G1 X19.762 Y56.921 E.01478
;WIDTH:0.56761
G1 X19.506 Y56.529 E.01661
G1 X19.423 Y56.069 E.01658
G1 X19.524 Y55.613 E.01657
;WIDTH:0.573934
G1 X19.795 Y55.232 E.01678
;WIDTH:0.567612
G1 X20.191 Y54.987 E.01652
;WIDTH:0.567896
G1 X20.626 Y54.913 E.01566
G1 X21.055 Y55.003 E.01556
;WIDTH:0.56761
G1 X21.443 Y55.264 E.01659
G1 X21.698 Y55.656 E.01659
G1 X21.782 Y56.116 E.01659
G1 X21.68 Y56.572 E.01658
G1 X21.409 Y56.953 E.01659
G1 X21.011 Y57.199 E.0166
G1 X20.72 Y57.245 E.01045
G1 X20.772 Y57.784 F9000
;WIDTH:0.573933
G1 F1800
G1 X20.483 Y57.8 E.01039
;WIDTH:0.56728
G1 X19.975 Y57.683 E.01848
;WIDTH:0.570696
G1 X19.591 Y57.472 E.01563
;WIDTH:0.571941
G1 X19.333 Y57.239 E.01243
G1 X19.061 Y56.831 E.01754
;WIDTH:0.573933
G1 X18.924 Y56.416 E.01569
G1 X18.892 Y56.016 E.0144
;WIDTH:0.567277
G1 X18.997 Y55.505 E.01849
;WIDTH:0.573934
G1 X19.199 Y55.117 E.0157
G1 X19.463 Y54.815 E.0144
;WIDTH:0.567279
G1 X19.902 Y54.533 E.0185
;WIDTH:0.572711
G1 X20.323 Y54.405 E.01576
G1 X20.651 Y54.379 E.01178
;WIDTH:0.567554
G1 X21.15 Y54.473 E.01801
;WIDTH:0.573932
G1 X21.543 Y54.665 E.0157
G1 X21.851 Y54.922 E.0144
;WIDTH:0.567277
G1 X22.144 Y55.354 E.01851
;WIDTH:0.573933
G1 X22.29 Y55.822 E.0176
G1 X22.312 Y56.169 E.01248
;WIDTH:0.567277
G1 X22.207 Y56.68 E.01849
;WIDTH:0.573934
G1 X22.005 Y57.068 E.0157
G1 X21.742 Y57.37 E.01437
;WIDTH:0.567278
G1 X21.302 Y57.652 E.01853
;WIDTH:0.573933
G1 X20.884 Y57.778 E.01567
G1 X20.831 Y57.781 E.00191
G1 E-3.5 F3600
;WIPE_START
G1 F7200
G1 X20.772 Y57.784 E-.02806
G1 X20.483 Y57.8 E-.13749
G1 X19.975 Y57.683 E-.24762
G1 X19.591 Y57.472 E-.20812
G1 X19.333 Y57.239 E-.16513
G1 X19.061 Y56.831 E-.23292
G1 X18.924 Y56.416 E-.20759
G1 X18.892 Y56.016 E-.19061
G1 X18.927 Y55.846 E-.08246
;WIPE_END
G1 X12.026 Y56.016 F9000
G1 E5 F2400
;TYPE:Perimeter
;WIDTH:0.381505
G1 F3600
G1 X11.679 Y56.016 E.00801
G1 X11.679 Y13.575 E.98012
;WIDTH:0.423417
G1 X11.7 Y13.294 E.00729
;WIDTH:0.465328
G1 X11.721 Y13.013 E.00808
;WIDTH:0.507239
G1 X11.742 Y12.732 E.00886
G1 X12.18 Y12.711 E.01379
;WIDTH:0.465328
G1 X12.383 Y12.69 E.00585
;WIDTH:0.423417
G1 X12.585 Y12.669 E.00526
;WIDTH:0.381505
G1 X15.526 Y12.669 E.06792
G1 X15.526 Y13.016 E.00801
G1 X12.585 Y13.016 E.06792
;WIDTH:0.423417
G1 X12.438 Y13.056 E.00394
;WIDTH:0.465328
G1 X12.292 Y13.096 E.00434
;WIDTH:0.507239
G1 X12.145 Y13.135 E.00478
G1 X12.105 Y13.282 E.00479
;WIDTH:0.465328
G1 X12.066 Y13.429 E.00436
;WIDTH:0.423417
G1 X12.026 Y13.575 E.00392
;WIDTH:0.381505
G1 X12.026 Y55.956 E.97874
G1 X12.392 Y56.383 F9000
;TYPE:External perimeter
;WIDTH:0.419999
G1 F1800
G1 X11.312 Y56.383 E.02771
G1 X11.312 Y12.303 E1.13085
G1 X15.892 Y12.303 E.1175
G1 X15.892 Y13.383 E.02771
G1 X12.585 Y13.383 E.08484
G1 X12.449 Y13.439 E.00377
G1 X12.392 Y13.575 E.00378
G1 X12.392 Y56.323 E1.09667
G1 E-3.5 F3600
;WIPE_START
G1 F7200
G1 X12.392 Y56.383 E-.0285
G1 X11.312 Y56.383 E-.513
G1 X11.312 Y54.365 E-.9585
;WIPE_END
G1 X23.175 Y18.478 F9000
G1 E5 F2400
G1 F1800
G1 X22.987 Y18.413 E.0051
G1 X22.732 Y18.26 E.00763
G1 X22.387 Y17.9 E.01279
G1 X22.181 Y17.427 E.01324
G1 X22.146 Y17.075 E.00907
G1 X22.178 Y16.786 E.00746
G1 X22.251 Y16.542 E.00653
G1 X22.409 Y16.257 E.00836
G1 X22.598 Y16.037 E.00744
G1 X22.827 Y15.859 E.00744
G1 X23.07 Y15.736 E.00699
G1 X23.564 Y15.633 E.01295
G1 X24.067 Y15.711 E.01306
G1 X24.408 Y15.879 E.00975
G1 X24.632 Y16.062 E.00742
G1 X24.816 Y16.287 E.00746
G1 X24.951 Y16.543 E.00742
G1 X25.033 Y16.822 E.00746
G1 X25.059 Y17.111 E.00744
G1 X25.026 Y17.399 E.00744
G1 X24.937 Y17.675 E.00744
G1 X24.796 Y17.928 E.00743
G1 X24.606 Y18.148 E.00746
G1 X24.377 Y18.326 E.00744
G1 X24.118 Y18.455 E.00742
G1 X23.837 Y18.53 E.00746
G1 X23.548 Y18.548 E.00743
G1 X23.261 Y18.509 E.00743
G1 X23.231 Y18.498 E.00082
G1 X23.155 Y18.848 F9000
;TYPE:Perimeter
;WIDTH:0.372844
G1 F1800
G1 X22.946 Y18.791 E.00488
G1 X22.623 Y18.627 E.00816
;WIDTH:0.37952
G1 X22.336 Y18.405 E.00833
;WIDTH:0.37967
G1 X22.069 Y18.083 E.00961
G1 X21.854 Y17.591 E.01233
;WIDTH:0.376484
G1 X21.785 Y17.193 E.00919
;WIDTH:0.372844
G1 X21.801 Y16.831 E.00816
G1 X21.888 Y16.479 E.00816
G1 X22.044 Y16.152 E.00816
G1 X22.261 Y15.862 E.00816
G1 X22.554 Y15.603 E.00881
;WIDTH:0.385182
G1 X22.993 Y15.376 E.01153
G1 X23.542 Y15.271 E.01305
;WIDTH:0.377318
G1 X24.126 Y15.352 E.01345
G1 X24.504 Y15.511 E.00936
;WIDTH:0.372844
G1 X24.799 Y15.721 E.00815
G1 X25.047 Y15.986 E.00817
G1 X25.238 Y16.294 E.00816
;WIDTH:0.38367
G1 X25.398 Y16.776 E.0118
G1 X25.42 Y16.992 E.00505
;WIDTH:0.372844
G1 X25.404 Y17.354 E.00816
G1 X25.316 Y17.706 E.00817
G1 X25.161 Y18.033 E.00815
G1 X24.943 Y18.323 E.00817
G1 X24.673 Y18.565 E.00816
G1 X24.36 Y18.748 E.00816
G1 X24.017 Y18.865 E.00816
G1 X23.658 Y18.912 E.00815
G1 X23.296 Y18.887 E.00817
G1 X23.213 Y18.864 E.00194
G1 X23.133 Y19.215 F9000
;TYPE:External perimeter
;WIDTH:0.419999
G1 F1800
G1 X22.823 Y19.131 E.00824
G1 X22.411 Y18.921 E.01186
G1 X22.014 Y18.601 E.01308
G1 X21.699 Y18.163 E.01384
G1 X21.503 Y17.689 E.01316
G1 X21.424 Y17.22 E.0122
G1 X21.442 Y16.786 E.01114
G1 X21.545 Y16.364 E.01114
G1 X21.73 Y15.971 E.01114
G1 X21.99 Y15.622 E.01116
G1 X22.313 Y15.332 E.01114
G1 X22.712 Y15.099 E.01185
G1 X23.242 Y14.933 E.01425
G1 X23.707 Y14.906 E.01195
G1 X24.233 Y15.004 E.01373
G1 X24.677 Y15.193 E.01238
G1 X25.032 Y15.444 E.01115
G1 X25.348 Y15.781 E.01185
G1 X25.627 Y16.259 E.0142
G1 X25.765 Y16.748 E.01303
G1 X25.781 Y16.965 E.00558
G1 X25.763 Y17.399 E.01114
G1 X25.659 Y17.821 E.01115
G1 X25.474 Y18.214 E.01114
G1 X25.215 Y18.563 E.01115
G1 X24.891 Y18.853 E.01116
G1 X24.517 Y19.074 E.01114
G1 X24.106 Y19.216 E.01116
G1 X23.676 Y19.274 E.01113
G1 X23.242 Y19.245 E.01116
G1 X23.191 Y19.231 E.00136
G1 E-3.5 F3600
;WIPE_START
G1 F7200
G1 X23.133 Y19.215 E-.02858
G1 X22.823 Y19.131 E-.15256
G1 X22.411 Y18.921 E-.21966
G1 X22.014 Y18.601 E-.24221
G1 X21.699 Y18.163 E-.25627
G1 X21.503 Y17.689 E-.24364
G1 X21.424 Y17.22 E-.22591
G1 X21.435 Y16.944 E-.13117
;WIPE_END
G1 X52.277 Y31.495 F9000
G1 E5 F2400
G1 F1800
G1 X52.407 Y31.259 E.00691
G1 X52.596 Y31.039 E.00744
G1 X52.825 Y30.86 E.00746
G1 X53.07 Y30.736 E.00704
G1 X53.564 Y30.633 E.01295
G1 X54.067 Y30.711 E.01306
G1 X54.406 Y30.877 E.00968
G1 X54.631 Y31.061 E.00746
G1 X54.815 Y31.285 E.00744
G1 X54.951 Y31.541 E.00744
G1 X55.033 Y31.819 E.00744
G1 X55.059 Y32.108 E.00744
G1 X55.027 Y32.396 E.00743
G1 X54.939 Y32.673 E.00746
G1 X54.797 Y32.926 E.00744
G1 X54.608 Y33.146 E.00744
G1 X54.379 Y33.325 E.00746
G1 X54.12 Y33.454 E.00742
G1 X53.84 Y33.53 E.00744
G1 X53.55 Y33.548 E.00745
G1 X53.278 Y33.513 E.00704
G1 X52.796 Y33.309 E.01343
G1 X52.423 Y32.952 E.01325
G1 X52.254 Y32.644 E.00901
G1 X52.171 Y32.366 E.00744
G1 X52.146 Y32.077 E.00744
G1 X52.178 Y31.789 E.00743
G1 X52.249 Y31.548 E.00645
G1 X51.868 Y31.412 F9000
;TYPE:Perimeter
;WIDTH:0.46849
G1 F1800
G1 X52.001 Y31.13 E.009
G1 X52.224 Y30.832 E.01075
G1 X52.501 Y30.584 E.01074
G1 X52.822 Y30.395 E.01076
;WIDTH:0.494898
G1 X53.327 Y30.249 E.01611
G1 X53.656 Y30.222 E.01011
;WIDTH:0.48091
G1 X54.134 Y30.305 E.01441
;WIDTH:0.473354
G1 X54.525 Y30.468 E.01237
;WIDTH:0.468488
G1 X54.828 Y30.683 E.01073
G1 X55.083 Y30.954 E.01075
G1 X55.279 Y31.27 E.01074
;WIDTH:0.479434
G1 X55.445 Y31.768 E.01554
G1 X55.467 Y31.986 E.00649
;WIDTH:0.468488
G1 X55.451 Y32.358 E.01075
G1 X55.362 Y32.719 E.01074
G1 X55.203 Y33.055 E.01074
G1 X54.981 Y33.353 E.01073
G1 X54.704 Y33.601 E.01074
G1 X54.383 Y33.79 E.01076
G1 X54.031 Y33.911 E.01075
G1 X53.662 Y33.96 E.01075
G1 X53.291 Y33.934 E.01074
;WIDTH:0.497298
G1 X52.843 Y33.793 E.01446
G1 X52.522 Y33.619 E.01124
;WIDTH:0.475876
G1 X52.156 Y33.27 E.01485
;WIDTH:0.473348
G1 X51.925 Y32.915 E.01237
;WIDTH:0.46849
G1 X51.795 Y32.566 E.01076
G1 X51.737 Y32.199 E.01073
G1 X51.753 Y31.827 E.01075
G1 X51.842 Y31.466 E.01074
G1 X51.458 Y31.326 F9000
;TYPE:External perimeter
;WIDTH:0.419999
G1 F1800
G1 X51.646 Y30.925 E.01136
G1 X51.917 Y30.561 E.01164
G1 X52.253 Y30.257 E.01162
G1 X52.671 Y30.013 E.01242
G1 X53.223 Y29.839 E.01485
G1 X53.515 Y29.814 E.00752
G1 X54.015 Y29.844 E.01285
G1 X54.334 Y29.935 E.00851
G1 X54.721 Y30.108 E.01088
G1 X55.092 Y30.369 E.01164
G1 X55.422 Y30.722 E.0124
G1 X55.714 Y31.219 E.01479
G1 X55.86 Y31.736 E.01378
G1 X55.876 Y31.955 E.00563
G1 X55.858 Y32.409 E.01166
G1 X55.751 Y32.849 E.01162
G1 X55.558 Y33.26 E.01165
G1 X55.288 Y33.624 E.01163
G1 X54.951 Y33.928 E.01164
G1 X54.561 Y34.159 E.01163
G1 X54.132 Y34.308 E.01165
G1 X53.683 Y34.369 E.01162
G1 X53.2 Y34.335 E.01242
G1 X52.703 Y34.194 E.01325
G1 X52.417 Y34.042 E.00831
G1 X51.996 Y33.718 E.01363
G1 X51.782 Y33.463 E.00854
G1 X51.56 Y33.102 E.01087
G1 X51.401 Y32.677 E.01164
G1 X51.329 Y32.23 E.01162
G1 X51.346 Y31.776 E.01166
G1 X51.442 Y31.384 E.01035
G1 E-3.5 F3600
;WIPE_START
G1 F7200
G1 X51.458 Y31.326 E-.02858
G1 X51.646 Y30.925 E-.21037
G1 X51.917 Y30.561 E-.21556
G1 X52.253 Y30.257 E-.21523
G1 X52.671 Y30.013 E-.2299
G1 X53.223 Y29.839 E-.27492
G1 X53.515 Y29.814 E-.13921
G1 X53.906 Y29.838 E-.18623
;WIPE_END
G1 X56.375 Y54.959 F9000
G1 E5 F2400
;WIDTH:0.565693
G1 F1800
G1 X56.567 Y54.912 E.00699
;WIDTH:0.567279
G1 X57.043 Y54.997 E.01714
;WIDTH:0.56761
G1 X57.443 Y55.264 E.01706
G1 X57.698 Y55.656 E.01659
G1 X57.782 Y56.116 E.01659
G1 X57.68 Y56.572 E.01658
G1 X57.409 Y56.953 E.01659
G1 X57.011 Y57.199 E.0166
G1 X56.549 Y57.271 E.01659
G1 X56.102 Y57.162 E.01632
;WIDTH:0.569001
G1 X55.761 Y56.921 E.01485
G1 X55.55 Y56.625 E.01293
;WIDTH:0.565693
G1 X55.426 Y56.174 E.01653
G1 X55.487 Y55.711 E.01651
G1 X55.722 Y55.308 E.01649
G1 X56.096 Y55.028 E.01651
G1 X56.317 Y54.973 E.00805
G1 X56.184 Y54.448 F9000
;WIDTH:0.572711
G1 F1800
G1 X56.323 Y54.405 E.00521
G1 X56.651 Y54.379 E.01178
;WIDTH:0.567554
G1 X57.15 Y54.473 E.01801
;WIDTH:0.573932
G1 X57.543 Y54.665 E.0157
G1 X57.851 Y54.922 E.0144
;WIDTH:0.567279
G1 X58.144 Y55.354 E.01851
;WIDTH:0.573932
G1 X58.29 Y55.822 E.0176
G1 X58.312 Y56.169 E.01248
;WIDTH:0.567276
G1 X58.207 Y56.68 E.01849
;WIDTH:0.573933
G1 X58.005 Y57.068 E.0157
G1 X57.742 Y57.37 E.01437
;WIDTH:0.567279
G1 X57.302 Y57.652 E.01853
;WIDTH:0.573933
G1 X56.884 Y57.778 E.01567
G1 X56.483 Y57.8 E.01442
;WIDTH:0.56728
G1 X55.975 Y57.683 E.01848
;WIDTH:0.570739
G1 X55.588 Y57.47 E.01576
G1 X55.35 Y57.263 E.01125
;WIDTH:0.56893
G1 X55.061 Y56.831 E.01848
;WIDTH:0.573933
G1 X54.924 Y56.416 E.01569
G1 X54.892 Y56.016 E.0144
;WIDTH:0.567278
G1 X54.997 Y55.505 E.01849
;WIDTH:0.573935
G1 X55.199 Y55.117 E.0157
G1 X55.463 Y54.815 E.0144
;WIDTH:0.56728
G1 X55.902 Y54.533 E.0185
;WIDTH:0.572711
G1 X56.126 Y54.465 E.00838
G1 E-3.5 F3600
;WIPE_START
G1 F7200
G1 X56.184 Y54.448 E-.02871
G1 X56.323 Y54.405 E-.06911
G1 X56.651 Y54.379 E-.15629
G1 X57.15 Y54.473 E-.24119
G1 X57.543 Y54.665 E-.20776
G1 X57.851 Y54.922 E-.19054
G1 X58.144 Y55.354 E-.24794
G1 X58.29 Y55.822 E-.23287
G1 X58.307 Y56.086 E-.12559
;WIPE_END
G1 X65.179 Y71.516 F9000
G1 E5 F2400
;TYPE:Perimeter
;WIDTH:0.381505
G1 F3600
G1 X65.179 Y13.575 E1.33808
;WIDTH:0.423417
G1 X65.139 Y13.429 E.00392
;WIDTH:0.465328
G1 X65.099 Y13.282 E.00437
;WIDTH:0.507239
G1 X65.059 Y13.135 E.00479
G1 X64.913 Y13.096 E.00475
;WIDTH:0.465328
G1 X64.766 Y13.056 E.00437
;WIDTH:0.423417
G1 X64.619 Y13.016 E.00394
;WIDTH:0.381505
G1 X21.679 Y13.016 E.99165
G1 X21.679 Y12.669 E.00801
G1 X64.619 Y12.669 E.99165
;WIDTH:0.423417
G1 X64.901 Y12.69 E.00732
;WIDTH:0.465328
G1 X65.182 Y12.711 E.00808
;WIDTH:0.507239
G1 X65.463 Y12.732 E.00886
G1 X65.463 Y12.968 E.00742
G1 X65.484 Y13.171 E.00642
;WIDTH:0.465328
G1 X65.505 Y13.373 E.00582
;WIDTH:0.423417
G1 X65.526 Y13.575 E.00526
;WIDTH:0.381505
G1 X65.526 Y71.516 E1.33808
G1 X65.239 Y71.516 E.00663
G1 X64.812 Y71.883 F9000
;TYPE:External perimeter
;WIDTH:0.419999
G1 F1800
G1 X64.812 Y13.575 E1.49586
G1 X64.756 Y13.439 E.00377
G1 X64.619 Y13.383 E.0038
G1 X21.312 Y13.383 E1.11102
G1 X21.312 Y12.303 E.02771
G1 X65.892 Y12.303 E1.14367
G1 X65.892 Y71.883 E1.52849
G1 X64.872 Y71.883 E.02617
G1 E-3.5 F3600
;WIPE_START
G1 F7200
G1 X64.812 Y71.883 E-.0285
G1 X64.812 Y68.785 E-1.4715
;WIPE_END
G1 X65.179 Y92.669 F9000
G1 E5 F2400
;TYPE:Perimeter
;WIDTH:0.381505
G1 F3600
G1 X65.526 Y92.669 E.00801
G1 X65.526 Y92.843 E.00402
G1 X65.526 Y115.704 E.52795
;WIDTH:0.423417
G1 X65.505 Y115.954 E.00649
;WIDTH:0.465328
G1 X65.484 Y116.204 E.00719
;WIDTH:0.507239
G1 X65.463 Y116.453 E.00786
G1 X65.024 Y116.474 E.01383
;WIDTH:0.465328
G1 X64.822 Y116.495 E.00582
;WIDTH:0.423417
G1 X64.619 Y116.516 E.00528
;WIDTH:0.381505
G1 X12.585 Y116.516 E1.20166
;WIDTH:0.423417
G1 X12.304 Y116.495 E.00729
;WIDTH:0.465328
G1 X12.023 Y116.474 E.00808
;WIDTH:0.507239
G1 X11.742 Y116.453 E.00886
G1 X11.721 Y116.014 E.01383
;WIDTH:0.465328
G1 X11.7 Y115.812 E.00582
;WIDTH:0.423417
G1 X11.679 Y115.61 E.00526
;WIDTH:0.381505
G1 X11.679 Y107.169 E.19493
G1 X12.026 Y107.169 E.00801
G1 X12.026 Y115.61 E.19493
;WIDTH:0.423417
G1 X12.066 Y115.756 E.00392
;WIDTH:0.465328
G1 X12.105 Y115.903 E.00436
;WIDTH:0.507239
G1 X12.145 Y116.05 E.00479
G1 X12.292 Y116.089 E.00478
;WIDTH:0.465328
G1 X12.438 Y116.129 E.00434
;WIDTH:0.423417
G1 X12.585 Y116.169 E.00394
;WIDTH:0.381505
G1 X64.619 Y116.169 E1.20166
;WIDTH:0.423417
G1 X64.766 Y116.129 E.00394
;WIDTH:0.465328
G1 X64.913 Y116.089 E.00437
;WIDTH:0.507239
G1 X65.059 Y116.05 E.00475
G1 X65.099 Y115.903 E.00479
;WIDTH:0.465328
G1 X65.139 Y115.756 E.00437
;WIDTH:0.423417
G1 X65.179 Y115.61 E.00392
;WIDTH:0.381505
G1 X65.179 Y92.729 E.52841
G1 X64.812 Y92.303 F9000
;TYPE:External perimeter
;WIDTH:0.419999
G1 F1800
G1 X65.892 Y92.303 E.02771
G1 X65.892 Y116.883 E.63059
G1 X11.312 Y116.883 E1.40022
G1 X11.312 Y106.803 E.2586
G1 X12.392 Y106.803 E.02771
G1 X12.392 Y115.61 E.22594
G1 X12.449 Y115.746 E.00378
G1 X12.585 Y115.803 E.00378
G1 X64.619 Y115.803 E1.3349
G1 X64.756 Y115.746 E.00381
G1 X64.812 Y115.61 E.00377
G1 X64.812 Y92.363 E.59639
G1 E-3.5 F3600
;WIPE_START
G1 F7200
G1 X64.812 Y92.303 E-.0285
G1 X65.892 Y92.303 E-.513
G1 X65.892 Y94.321 E-.9585
;WIPE_END
G1 X57.061 Y111.007 F9000
G1 E5 F2400
;WIDTH:0.567609
G1 F1800
G1 X57.443 Y111.264 E.01633
G1 X57.698 Y111.656 E.01659
G1 X57.782 Y112.116 E.01659
G1 X57.68 Y112.572 E.01658
G1 X57.409 Y112.953 E.01659
G1 X57.011 Y113.199 E.0166
G1 X56.549 Y113.271 E.01659
G1 X56.098 Y113.159 E.01648
;WIDTH:0.567488
G1 X55.741 Y112.899 E.01566
;WIDTH:0.56761
G1 X55.506 Y112.529 E.01555
G1 X55.423 Y112.069 E.01658
G1 X55.524 Y111.613 E.01657
;WIDTH:0.573932
G1 X55.795 Y111.232 E.01678
;WIDTH:0.56761
G1 X56.191 Y110.987 E.01652
;WIDTH:0.567897
G1 X56.626 Y110.913 E.01566
G1 X57.003 Y110.992 E.01367
G1 X57.185 Y110.491 F9000
;WIDTH:0.573933
G1 F1800
G1 X57.543 Y110.665 E.01429
G1 X57.851 Y110.922 E.0144
;WIDTH:0.567275
G1 X58.144 Y111.354 E.01851
;WIDTH:0.573932
G1 X58.29 Y111.822 E.0176
G1 X58.312 Y112.169 E.01248
;WIDTH:0.567277
G1 X58.207 Y112.68 E.01849
;WIDTH:0.573932
G1 X58.005 Y113.068 E.0157
G1 X57.742 Y113.37 E.01437
;WIDTH:0.567279
G1 X57.302 Y113.652 E.01853
;WIDTH:0.573931
G1 X56.884 Y113.778 E.01567
G1 X56.483 Y113.8 E.01442
;WIDTH:0.567279
G1 X55.975 Y113.683 E.01848
;WIDTH:0.572728
G1 X55.588 Y113.47 E.01582
G1 X55.35 Y113.263 E.0113
;WIDTH:0.567085
G1 X55.061 Y112.831 E.01842
;WIDTH:0.573933
G1 X54.924 Y112.416 E.01569
G1 X54.892 Y112.016 E.0144
;WIDTH:0.567278
G1 X54.997 Y111.505 E.01849
;WIDTH:0.573932
G1 X55.199 Y111.117 E.0157
G1 X55.463 Y110.815 E.0144
;WIDTH:0.567281
G1 X55.902 Y110.533 E.0185
;WIDTH:0.572712
G1 X56.323 Y110.405 E.01576
G1 X56.651 Y110.379 E.01178
;WIDTH:0.567555
G1 X57.13 Y110.469 E.01729
G1 E-3.5 F3600
;WIPE_START
G1 F7200
G1 X57.185 Y110.491 E-.02814
G1 X57.543 Y110.665 E-.18907
G1 X57.851 Y110.922 E-.19054
G1 X58.144 Y111.354 E-.24794
G1 X58.29 Y111.822 E-.23287
G1 X58.312 Y112.169 E-.16516
G1 X58.207 Y112.68 E-.2478
G1 X58.015 Y113.051 E-.19848
;WIPE_END
G1 X21.772 Y112.063 F9000
G1 E5 F2400
;WIDTH:0.567609
G1 F1800
G1 X21.782 Y112.116 E.00191
G1 X21.68 Y112.572 E.01658
G1 X21.409 Y112.953 E.01659
G1 X21.011 Y113.199 E.0166
G1 X20.549 Y113.271 E.01659
G1 X20.098 Y113.159 E.01648
;WIDTH:0.569798
G1 X19.733 Y112.89 E.01615
G1 X19.549 Y112.622 E.01158
;WIDTH:0.565188
G1 X19.422 Y112.135 E.01777
;WIDTH:0.567305
G1 X19.516 Y111.627 E.01832
;WIDTH:0.56761
G1 X19.795 Y111.232 E.01715
G1 X20.191 Y110.987 E.01652
;WIDTH:0.567897
G1 X20.626 Y110.913 E.01566
G1 X21.055 Y111.003 E.01556
;WIDTH:0.567609
G1 X21.443 Y111.264 E.01659
G1 X21.698 Y111.656 E.01659
G1 X21.761 Y112.004 E.01255
G1 X22.299 Y111.965 F9000
;WIDTH:0.573933
G1 F1800
G1 X22.312 Y112.169 E.00734
;WIDTH:0.567277
G1 X22.207 Y112.68 E.01849
;WIDTH:0.573933
G1 X22.005 Y113.068 E.0157
G1 X21.742 Y113.37 E.01437
;WIDTH:0.567278
G1 X21.302 Y113.652 E.01853
;WIDTH:0.573931
G1 X20.884 Y113.778 E.01567
G1 X20.483 Y113.8 E.01442
;WIDTH:0.567279
G1 X19.975 Y113.683 E.01848
;WIDTH:0.57266
G1 X19.591 Y113.471 E.01571
G1 X19.34 Y113.249 E.012
;WIDTH:0.568509
G1 X19.061 Y112.831 E.01786
;WIDTH:0.573934
G1 X18.924 Y112.416 E.01569
G1 X18.892 Y112.016 E.0144
;WIDTH:0.567277
G1 X18.997 Y111.505 E.01849
;WIDTH:0.573933
G1 X19.199 Y111.117 E.0157
G1 X19.463 Y110.815 E.0144
;WIDTH:0.567279
G1 X19.902 Y110.533 E.0185
;WIDTH:0.572712
G1 X20.323 Y110.405 E.01576
G1 X20.651 Y110.379 E.01178
;WIDTH:0.567555
G1 X21.15 Y110.473 E.01801
;WIDTH:0.573933
G1 X21.543 Y110.665 E.0157
G1 X21.851 Y110.922 E.0144
;WIDTH:0.567276
G1 X22.144 Y111.354 E.01851
;WIDTH:0.573933
G1 X22.29 Y111.822 E.0176
G1 X22.295 Y111.905 E.00298
;LAYER_CHANGE
;Z:3.08
;HEIGHT:0.16
;BEFORE_LAYER_CHANGE
G92 E0
;3.08


G1 E-3.5 F3600
;WIPE_START
G1 F7200
G1 X22.299 Y111.965 E-.02856
G1 X22.312 Y112.169 E-.0971
G1 X22.207 Y112.68 E-.2478
G1 X22.005 Y113.068 E-.20778
G1 X21.742 Y113.37 E-.19022
G1 X21.302 Y113.652 E-.24824
G1 X20.884 Y113.778 E-.20737
G1 X20.483 Y113.8 E-.19076
G1 X20.314 Y113.761 E-.08217
;WIPE_END
G1 Z3.08 F9000
;AFTER_LAYER_CHANGE
;3.08
G1 X20.66 Y57.254
G1 E5 F2400
;WIDTH:0.567611
G1 F1800
G1 X20.549 Y57.271 E.00398
G1 X20.102 Y57.162 E.01632
;WIDTH:0.567441
G1 X19.762 Y56.92 E.0148
;WIDTH:0.567609
G1 X19.506 Y56.529 E.01658
G1 X19.423 Y56.069 E.01658
G1 X19.524 Y55.613 E.01657
;WIDTH:0.573934
G1 X19.795 Y55.232 E.01678
;WIDTH:0.567612
G1 X20.191 Y54.986 E.01654
;WIDTH:0.567916
G1 X20.627 Y54.913 E.01569
G1 X21.055 Y55.003 E.01552
;WIDTH:0.567611
G1 X21.443 Y55.264 E.01659
G1 X21.698 Y55.656 E.01659
G1 X21.782 Y56.116 E.01659
G1 X21.68 Y56.572 E.01658
G1 X21.409 Y56.953 E.01659
G1 X21.011 Y57.199 E.0166
G1 X20.72 Y57.245 E.01045
G1 X20.772 Y57.784 F9000
;WIDTH:0.573933
G1 F1800
G1 X20.483 Y57.8 E.01039
;WIDTH:0.56728
G1 X19.975 Y57.683 E.01848
;WIDTH:0.570697
G1 X19.591 Y57.472 E.01563
;WIDTH:0.571941
G1 X19.333 Y57.239 E.01243
G1 X19.061 Y56.831 E.01754
;WIDTH:0.573932
G1 X18.924 Y56.416 E.01569
G1 X18.892 Y56.016 E.0144
;WIDTH:0.567278
G1 X18.997 Y55.505 E.01849
;WIDTH:0.573934
G1 X19.199 Y55.117 E.0157
G1 X19.463 Y54.815 E.0144
;WIDTH:0.56728
G1 X19.902 Y54.533 E.0185
;WIDTH:0.572807
G1 X20.323 Y54.406 E.01575
G1 X20.654 Y54.379 E.0119
;WIDTH:0.567577
G1 X21.15 Y54.473 E.01791
;WIDTH:0.573934
G1 X21.543 Y54.665 E.0157
G1 X21.851 Y54.922 E.0144
;WIDTH:0.567277
G1 X22.144 Y55.354 E.01851
;WIDTH:0.573933
G1 X22.29 Y55.822 E.0176
G1 X22.312 Y56.169 E.01248
;WIDTH:0.567278
G1 X22.207 Y56.68 E.01849
;WIDTH:0.573935
G1 X22.005 Y57.068 E.0157
G1 X21.742 Y57.37 E.01437
;WIDTH:0.567279
G1 X21.302 Y57.652 E.01853
;WIDTH:0.573933
G1 X20.884 Y57.778 E.01567
G1 X20.831 Y57.781 E.00191
G1 E-3.5 F3600
;WIPE_START
G1 F7200
G1 X20.772 Y57.784 E-.02806
G1 X20.483 Y57.8 E-.13749
G1 X19.975 Y57.683 E-.24762
G1 X19.591 Y57.472 E-.20812
G1 X19.333 Y57.239 E-.16513
G1 X19.061 Y56.831 E-.23292
G1 X18.924 Y56.416 E-.20759
G1 X18.892 Y56.016 E-.19061
G1 X18.927 Y55.846 E-.08246
;WIPE_END
G1 X12.026 Y56.016 F9000
G1 E5 F2400
;TYPE:Perimeter
;WIDTH:0.381505
G1 F3600
G1 X11.679 Y56.016 E.00801
G1 X11.679 Y13.575 E.98012
;WIDTH:0.423417
G1 X11.7 Y13.294 E.00729
;WIDTH:0.465328
G1 X11.721 Y13.013 E.00808
;WIDTH:0.507239
G1 X11.742 Y12.732 E.00886
G1 X12.18 Y12.711 E.01379
;WIDTH:0.465328
G1 X12.383 Y12.69 E.00585
;WIDTH:0.423417
G1 X12.585 Y12.669 E.00526
;WIDTH:0.381505
G1 X15.526 Y12.669 E.06792
G1 X15.526 Y13.016 E.00801
G1 X12.585 Y13.016 E.06792
;WIDTH:0.423417
G1 X12.438 Y13.056 E.00394
;WIDTH:0.465328
G1 X12.292 Y13.096 E.00434
;WIDTH:0.507239
G1 X12.145 Y13.135 E.00478
G1 X12.105 Y13.282 E.00479
;WIDTH:0.465328
G1 X12.066 Y13.429 E.00436
;WIDTH:0.423417
G1 X12.026 Y13.575 E.00392
;WIDTH:0.381505
G1 X12.026 Y55.956 E.97874
G1 X12.392 Y56.383 F9000
;TYPE:External perimeter
;WIDTH:0.419999
G1 F1800
G1 X11.312 Y56.383 E.02771
G1 X11.312 Y12.303 E1.13085
G1 X15.892 Y12.303 E.1175
G1 X15.892 Y13.383 E.02771
G1 X12.585 Y13.383 E.08484
G1 X12.449 Y13.439 E.00377
G1 X12.392 Y13.575 E.00378
G1 X12.392 Y56.323 E1.09667
G1 E-3.5 F3600
;WIPE_START
G1 F7200
G1 X12.392 Y56.383 E-.0285
G1 X11.312 Y56.383 E-.513
G1 X11.312 Y54.365 E-.9585
;WIPE_END
G1 X23.175 Y18.478 F9000
G1 E5 F2400
G1 F1800
G1 X22.987 Y18.413 E.0051
G1 X22.732 Y18.26 E.00763
G1 X22.535 Y18.084 E.00678
G1 X22.253 Y17.649 E.0133
G1 X22.143 Y17.139 E.01338
G1 X22.178 Y16.786 E.0091
G1 X22.267 Y16.51 E.00744
G1 X22.409 Y16.257 E.00744
G1 X22.598 Y16.037 E.00744
G1 X22.827 Y15.859 E.00744
G1 X23.07 Y15.736 E.00699
G1 X23.566 Y15.633 E.013
G1 X24.067 Y15.711 E.01301
G1 X24.408 Y15.879 E.00975
G1 X24.632 Y16.062 E.00742
G1 X24.816 Y16.287 E.00746
G1 X24.951 Y16.543 E.00742
G1 X25.033 Y16.822 E.00746
G1 X25.059 Y17.111 E.00744
G1 X25.026 Y17.399 E.00744
G1 X24.937 Y17.675 E.00744
G1 X24.796 Y17.928 E.00743
G1 X24.606 Y18.148 E.00746
G1 X24.377 Y18.326 E.00744
G1 X24.118 Y18.455 E.00742
G1 X23.837 Y18.53 E.00746
G1 X23.548 Y18.548 E.00743
G1 X23.261 Y18.509 E.00743
G1 X23.231 Y18.498 E.00082
G1 X23.155 Y18.848 F9000
;TYPE:Perimeter
;WIDTH:0.372844
G1 F1800
G1 X22.946 Y18.791 E.00488
G1 X22.623 Y18.627 E.00816
;WIDTH:0.379518
G1 X22.336 Y18.405 E.00833
;WIDTH:0.401122
G1 X22.078 Y18.077 E.01018
G1 X21.899 Y17.742 E.00927
;WIDTH:0.3816
G1 X21.791 Y17.243 E.01179
;WIDTH:0.377638
G1 X21.801 Y16.831 E.00941
;WIDTH:0.372842
G1 X21.888 Y16.479 E.00816
G1 X22.044 Y16.152 E.00816
G1 X22.261 Y15.862 E.00816
G1 X22.554 Y15.603 E.00881
;WIDTH:0.3852
G1 X22.994 Y15.376 E.01156
G1 X23.545 Y15.271 E.01309
;WIDTH:0.377258
G1 X24.127 Y15.352 E.0134
G1 X24.504 Y15.511 E.00933
;WIDTH:0.372844
G1 X24.799 Y15.721 E.00815
G1 X25.047 Y15.986 E.00817
G1 X25.238 Y16.294 E.00816
;WIDTH:0.38367
G1 X25.398 Y16.776 E.0118
G1 X25.42 Y16.992 E.00505
;WIDTH:0.372844
G1 X25.404 Y17.354 E.00816
G1 X25.316 Y17.706 E.00817
G1 X25.161 Y18.033 E.00815
G1 X24.943 Y18.323 E.00817
G1 X24.673 Y18.565 E.00816
G1 X24.36 Y18.748 E.00816
G1 X24.017 Y18.865 E.00816
G1 X23.658 Y18.912 E.00815
G1 X23.296 Y18.887 E.00817
G1 X23.213 Y18.864 E.00194
G1 X23.133 Y19.215 F9000
;TYPE:External perimeter
;WIDTH:0.419999
G1 F1800
G1 X22.823 Y19.131 E.00824
G1 X22.434 Y18.936 E.01116
G1 X22.094 Y18.679 E.01093
G1 X21.784 Y18.312 E.01232
G1 X21.62 Y18.009 E.00884
G1 X21.453 Y17.51 E.0135
G1 X21.427 Y17.27 E.00619
G1 X21.442 Y16.786 E.01242
G1 X21.545 Y16.364 E.01114
G1 X21.73 Y15.971 E.01114
G1 X21.99 Y15.622 E.01116
G1 X22.313 Y15.332 E.01114
G1 X22.712 Y15.099 E.01185
G1 X23.241 Y14.933 E.01422
G1 X23.71 Y14.906 E.01205
G1 X24.234 Y15.004 E.01368
G1 X24.677 Y15.193 E.01236
G1 X25.032 Y15.444 E.01115
G1 X25.348 Y15.781 E.01185
G1 X25.627 Y16.259 E.0142
G1 X25.765 Y16.748 E.01303
G1 X25.781 Y16.965 E.00558
G1 X25.763 Y17.399 E.01114
G1 X25.659 Y17.821 E.01115
G1 X25.474 Y18.214 E.01114
G1 X25.215 Y18.563 E.01115
G1 X24.891 Y18.853 E.01116
G1 X24.517 Y19.074 E.01114
G1 X24.106 Y19.216 E.01116
G1 X23.676 Y19.274 E.01113
G1 X23.242 Y19.245 E.01116
G1 X23.191 Y19.231 E.00136
G1 E-3.5 F3600
;WIPE_START
G1 F7200
G1 X23.133 Y19.215 E-.02858
G1 X22.823 Y19.131 E-.15256
G1 X22.434 Y18.936 E-.20669
G1 X22.094 Y18.679 E-.20245
G1 X21.784 Y18.312 E-.22819
G1 X21.62 Y18.009 E-.16365
G1 X21.453 Y17.51 E-.24995
G1 X21.427 Y17.27 E-.11467
G1 X21.437 Y16.947 E-.15326
;WIPE_END
G1 X52.279 Y31.495 F9000
G1 E5 F2400
G1 F1800
G1 X52.407 Y31.259 E.00689
G1 X52.596 Y31.039 E.00744
G1 X52.825 Y30.86 E.00746
G1 X53.07 Y30.736 E.00704
G1 X53.566 Y30.633 E.013
G1 X54.067 Y30.711 E.01301
G1 X54.406 Y30.877 E.00968
G1 X54.631 Y31.061 E.00746
G1 X54.815 Y31.285 E.00744
G1 X54.951 Y31.541 E.00744
G1 X55.033 Y31.819 E.00744
G1 X55.059 Y32.108 E.00744
G1 X55.027 Y32.396 E.00743
G1 X54.939 Y32.673 E.00746
G1 X54.797 Y32.926 E.00744
G1 X54.608 Y33.146 E.00744
G1 X54.379 Y33.325 E.00746
G1 X54.12 Y33.454 E.00742
G1 X53.84 Y33.53 E.00744
G1 X53.55 Y33.548 E.00745
G1 X53.263 Y33.509 E.00743
G1 X53.006 Y33.422 E.00696
G1 X52.596 Y33.149 E.01264
G1 X52.341 Y32.816 E.01076
G1 X52.175 Y32.398 E.01154
G1 X52.146 Y32.077 E.00827
G1 X52.178 Y31.789 E.00743
G1 X52.24 Y31.568 E.00589
G1 X52.251 Y31.548 E.00059
G1 X51.868 Y31.412 F9000
;TYPE:Perimeter
;WIDTH:0.46849
G1 F1800
G1 X52.001 Y31.13 E.009
G1 X52.224 Y30.832 E.01075
G1 X52.501 Y30.584 E.01074
G1 X52.822 Y30.395 E.01076
;WIDTH:0.495158
G1 X53.327 Y30.249 E.01611
G1 X53.66 Y30.223 E.01024
;WIDTH:0.48097
G1 X54.134 Y30.305 E.01429
;WIDTH:0.473288
G1 X54.525 Y30.468 E.01237
;WIDTH:0.468488
G1 X54.828 Y30.683 E.01073
G1 X55.083 Y30.954 E.01075
G1 X55.279 Y31.27 E.01074
;WIDTH:0.479434
G1 X55.445 Y31.768 E.01554
G1 X55.467 Y31.986 E.00649
;WIDTH:0.468488
G1 X55.451 Y32.358 E.01075
G1 X55.362 Y32.719 E.01074
G1 X55.203 Y33.055 E.01074
G1 X54.981 Y33.353 E.01073
G1 X54.704 Y33.601 E.01074
G1 X54.383 Y33.79 E.01076
G1 X54.031 Y33.911 E.01075
G1 X53.662 Y33.96 E.01075
G1 X53.261 Y33.93 E.01161
;WIDTH:0.48056
G1 X52.78 Y33.772 E.01503
G1 X52.288 Y33.421 E.01794
;WIDTH:0.482172
G1 X51.98 Y33.024 E.01497
G1 X51.795 Y32.567 E.01469
;WIDTH:0.470262
G1 X51.737 Y32.199 E.0108
;WIDTH:0.46849
G1 X51.753 Y31.827 E.01075
G1 X51.842 Y31.466 E.01074
G1 X51.458 Y31.327 F9000
;TYPE:External perimeter
;WIDTH:0.419999
G1 F1800
G1 X51.661 Y30.899 E.01215
G1 X51.996 Y30.47 E.01396
G1 X52.409 Y30.139 E.01358
G1 X52.881 Y29.926 E.01328
G1 X53.427 Y29.819 E.01427
G1 X54.015 Y29.844 E.0151
G1 X54.334 Y29.935 E.00851
G1 X54.721 Y30.108 E.01088
G1 X55.092 Y30.369 E.01164
G1 X55.422 Y30.722 E.0124
G1 X55.714 Y31.219 E.01479
G1 X55.86 Y31.736 E.01378
G1 X55.876 Y31.955 E.00563
G1 X55.858 Y32.409 E.01166
G1 X55.751 Y32.849 E.01162
G1 X55.558 Y33.26 E.01165
G1 X55.288 Y33.624 E.01163
G1 X54.951 Y33.928 E.01164
G1 X54.561 Y34.159 E.01163
G1 X54.132 Y34.308 E.01165
G1 X53.683 Y34.369 E.01162
G1 X53.23 Y34.34 E.01165
G1 X52.764 Y34.211 E.0124
G1 X52.256 Y33.939 E.01478
G1 X51.917 Y33.635 E.01168
G1 X51.603 Y33.201 E.01374
G1 X51.398 Y32.675 E.01448
G1 X51.329 Y32.23 E.01155
G1 X51.346 Y31.776 E.01166
G1 X51.442 Y31.384 E.01035
G1 E-3.5 F3600
;WIPE_START
G1 F7200
G1 X51.458 Y31.327 E-.02812
G1 X51.661 Y30.899 E-.22501
G1 X51.996 Y30.47 E-.25854
G1 X52.409 Y30.139 E-.2514
G1 X52.881 Y29.926 E-.24597
G1 X53.427 Y29.819 E-.26428
G1 X53.904 Y29.839 E-.22668
;WIPE_END
G1 X56.375 Y54.955 F9000
G1 E5 F2400
;WIDTH:0.567916
G1 F1800
G1 X56.627 Y54.913 E.00907
G1 X57.055 Y55.003 E.01552
;WIDTH:0.56761
G1 X57.443 Y55.264 E.01659
G1 X57.698 Y55.656 E.01659
G1 X57.782 Y56.116 E.01659
G1 X57.68 Y56.572 E.01658
G1 X57.409 Y56.953 E.01659
G1 X57.011 Y57.199 E.0166
G1 X56.549 Y57.271 E.01659
G1 X56.102 Y57.162 E.01632
;WIDTH:0.567441
G1 X55.762 Y56.92 E.0148
;WIDTH:0.567609
G1 X55.506 Y56.529 E.01658
G1 X55.423 Y56.069 E.01658
G1 X55.524 Y55.613 E.01657
;WIDTH:0.573933
G1 X55.795 Y55.232 E.01678
;WIDTH:0.567612
G1 X56.191 Y54.986 E.01654
;WIDTH:0.567916
G1 X56.315 Y54.965 E.00446
G1 X56.184 Y54.448 F9000
;WIDTH:0.572807
G1 F1800
G1 X56.323 Y54.406 E.0052
G1 X56.654 Y54.379 E.0119
;WIDTH:0.567577
G1 X57.15 Y54.473 E.01791
;WIDTH:0.573932
G1 X57.543 Y54.665 E.0157
G1 X57.851 Y54.922 E.0144
;WIDTH:0.567276
G1 X58.144 Y55.354 E.01851
;WIDTH:0.573932
G1 X58.29 Y55.822 E.0176
G1 X58.312 Y56.169 E.01248
;WIDTH:0.567277
G1 X58.207 Y56.68 E.01849
;WIDTH:0.573934
G1 X58.005 Y57.068 E.0157
G1 X57.742 Y57.37 E.01437
;WIDTH:0.567278
G1 X57.302 Y57.652 E.01853
;WIDTH:0.573933
G1 X56.884 Y57.778 E.01567
G1 X56.483 Y57.8 E.01442
;WIDTH:0.56728
G1 X55.975 Y57.683 E.01848
;WIDTH:0.570697
G1 X55.591 Y57.472 E.01563
;WIDTH:0.57194
G1 X55.333 Y57.239 E.01243
G1 X55.061 Y56.831 E.01754
;WIDTH:0.573931
G1 X54.924 Y56.416 E.01569
G1 X54.892 Y56.016 E.0144
;WIDTH:0.567278
G1 X54.997 Y55.505 E.01849
;WIDTH:0.573933
G1 X55.199 Y55.117 E.0157
G1 X55.463 Y54.815 E.0144
;WIDTH:0.567281
G1 X55.902 Y54.533 E.0185
;WIDTH:0.572807
G1 X56.126 Y54.465 E.00839
G1 E-3.5 F3600
;WIPE_START
G1 F7200
G1 X56.184 Y54.448 E-.02871
G1 X56.323 Y54.406 E-.06897
G1 X56.654 Y54.379 E-.15775
G1 X57.15 Y54.473 E-.23979
G1 X57.543 Y54.665 E-.20776
G1 X57.851 Y54.922 E-.19054
G1 X58.144 Y55.354 E-.24794
G1 X58.29 Y55.822 E-.23287
G1 X58.307 Y56.086 E-.12567
;WIPE_END
G1 X65.179 Y71.516 F9000
G1 E5 F2400
;TYPE:Perimeter
;WIDTH:0.381505
G1 F3600
G1 X65.179 Y13.575 E1.33808
;WIDTH:0.423417
G1 X65.139 Y13.429 E.00392
;WIDTH:0.465328
G1 X65.099 Y13.282 E.00437
;WIDTH:0.507239
G1 X65.059 Y13.135 E.00479
G1 X64.913 Y13.096 E.00475
;WIDTH:0.465328
G1 X64.766 Y13.056 E.00437
;WIDTH:0.423417
G1 X64.619 Y13.016 E.00394
;WIDTH:0.381505
G1 X21.679 Y13.016 E.99165
G1 X21.679 Y12.669 E.00801
G1 X64.619 Y12.669 E.99165
;WIDTH:0.423417
G1 X64.901 Y12.69 E.00732
;WIDTH:0.465328
G1 X65.182 Y12.711 E.00808
;WIDTH:0.507239
G1 X65.463 Y12.732 E.00886
G1 X65.463 Y12.968 E.00742
G1 X65.484 Y13.171 E.00642
;WIDTH:0.465328
G1 X65.505 Y13.373 E.00582
;WIDTH:0.423417
G1 X65.526 Y13.575 E.00526
;WIDTH:0.381505
G1 X65.526 Y71.516 E1.33808
G1 X65.239 Y71.516 E.00663
G1 X64.812 Y71.883 F9000
;TYPE:External perimeter
;WIDTH:0.419999
G1 F1800
G1 X64.812 Y13.575 E1.49586
G1 X64.756 Y13.439 E.00377
G1 X64.619 Y13.383 E.0038
G1 X21.312 Y13.383 E1.11102
G1 X21.312 Y12.303 E.02771
G1 X65.892 Y12.303 E1.14367
G1 X65.892 Y71.883 E1.52849
G1 X64.872 Y71.883 E.02617
G1 E-3.5 F3600
;WIPE_START
G1 F7200
G1 X64.812 Y71.883 E-.0285
G1 X64.812 Y68.785 E-1.4715
;WIPE_END
G1 X65.179 Y92.669 F9000
G1 E5 F2400
;TYPE:Perimeter
;WIDTH:0.381505
G1 F3600
G1 X65.526 Y92.669 E.00801
G1 X65.526 Y92.843 E.00402
G1 X65.526 Y115.704 E.52795
;WIDTH:0.423417
G1 X65.505 Y115.954 E.00649
;WIDTH:0.465328
G1 X65.484 Y116.204 E.00719
;WIDTH:0.507239
G1 X65.463 Y116.453 E.00786
G1 X65.024 Y116.474 E.01383
;WIDTH:0.465328
G1 X64.822 Y116.495 E.00582
;WIDTH:0.423417
G1 X64.619 Y116.516 E.00528
;WIDTH:0.381505
G1 X12.585 Y116.516 E1.20166
;WIDTH:0.423417
G1 X12.304 Y116.495 E.00729
;WIDTH:0.465328
G1 X12.023 Y116.474 E.00808
;WIDTH:0.507239
G1 X11.742 Y116.453 E.00886
G1 X11.721 Y116.014 E.01383
;WIDTH:0.465328
G1 X11.7 Y115.812 E.00582
;WIDTH:0.423417
G1 X11.679 Y115.61 E.00526
;WIDTH:0.381505
G1 X11.679 Y107.169 E.19493
G1 X12.026 Y107.169 E.00801
G1 X12.026 Y115.61 E.19493
;WIDTH:0.423417
G1 X12.066 Y115.756 E.00392
;WIDTH:0.465328
G1 X12.105 Y115.903 E.00436
;WIDTH:0.507239
G1 X12.145 Y116.05 E.00479
G1 X12.292 Y116.089 E.00478
;WIDTH:0.465328
G1 X12.438 Y116.129 E.00434
;WIDTH:0.423417
G1 X12.585 Y116.169 E.00394
;WIDTH:0.381505
G1 X64.619 Y116.169 E1.20166
;WIDTH:0.423417
G1 X64.766 Y116.129 E.00394
;WIDTH:0.465328
G1 X64.913 Y116.089 E.00437
;WIDTH:0.507239
G1 X65.059 Y116.05 E.00475
G1 X65.099 Y115.903 E.00479
;WIDTH:0.465328
G1 X65.139 Y115.756 E.00437
;WIDTH:0.423417
G1 X65.179 Y115.61 E.00392
;WIDTH:0.381505
G1 X65.179 Y92.729 E.52841
G1 X64.812 Y92.303 F9000
;TYPE:External perimeter
;WIDTH:0.419999
G1 F1800
G1 X65.892 Y92.303 E.02771
G1 X65.892 Y116.883 E.63059
G1 X11.312 Y116.883 E1.40022
G1 X11.312 Y106.803 E.2586
G1 X12.392 Y106.803 E.02771
G1 X12.392 Y115.61 E.22594
G1 X12.449 Y115.746 E.00378
G1 X12.585 Y115.803 E.00378
G1 X64.619 Y115.803 E1.3349
G1 X64.756 Y115.746 E.00381
G1 X64.812 Y115.61 E.00377
G1 X64.812 Y92.363 E.59639
G1 E-3.5 F3600
;WIPE_START
G1 F7200
G1 X64.812 Y92.303 E-.0285
G1 X65.892 Y92.303 E-.513
G1 X65.892 Y94.321 E-.9585
;WIPE_END
G1 X57.061 Y111.007 F9000
G1 E5 F2400
;WIDTH:0.567608
G1 F1800
G1 X57.443 Y111.264 E.01633
G1 X57.698 Y111.656 E.01659
G1 X57.782 Y112.116 E.01659
G1 X57.68 Y112.572 E.01658
G1 X57.409 Y112.953 E.01659
G1 X57.018 Y113.198 E.01637
;WIDTH:0.57124
G1 X56.57 Y113.268 E.01619
G1 X56.15 Y113.182 E.01531
;WIDTH:0.568885
G1 X55.761 Y112.921 E.01666
G1 X55.506 Y112.529 E.01663
;WIDTH:0.56761
G1 X55.423 Y112.069 E.01658
G1 X55.524 Y111.613 E.01657
;WIDTH:0.573932
G1 X55.795 Y111.232 E.01678
;WIDTH:0.567609
G1 X56.187 Y110.987 E.0164
;WIDTH:0.569814
G1 X56.607 Y110.913 E.01519
G1 X57.003 Y110.993 E.01439
G1 X57.185 Y110.491 F9000
;WIDTH:0.573931
G1 F1800
G1 X57.543 Y110.665 E.01429
G1 X57.851 Y110.922 E.0144
;WIDTH:0.567276
G1 X58.144 Y111.354 E.01851
;WIDTH:0.573932
G1 X58.29 Y111.822 E.0176
G1 X58.312 Y112.169 E.01248
;WIDTH:0.567276
G1 X58.207 Y112.68 E.01849
;WIDTH:0.573933
G1 X58.005 Y113.068 E.0157
G1 X57.742 Y113.37 E.01437
;WIDTH:0.567278
G1 X57.302 Y113.652 E.01853
;WIDTH:0.570714
G1 X56.884 Y113.78 E.0156
;WIDTH:0.57124
G1 X56.517 Y113.803 E.01313
G1 X56.018 Y113.698 E.01821
G1 X55.588 Y113.47 E.01738
G1 X55.352 Y113.265 E.01116
;WIDTH:0.568768
G1 X55.061 Y112.831 E.01858
;WIDTH:0.573932
G1 X54.924 Y112.416 E.01569
G1 X54.892 Y112.016 E.0144
;WIDTH:0.567278
G1 X54.997 Y111.505 E.01849
;WIDTH:0.573932
G1 X55.199 Y111.117 E.0157
G1 X55.463 Y110.815 E.0144
;WIDTH:0.567279
G1 X55.902 Y110.533 E.0185
;WIDTH:0.570746
G1 X56.323 Y110.404 E.01571
G1 X56.654 Y110.38 E.01184
;WIDTH:0.569814
G1 X57.13 Y110.469 E.01725
G1 E-3.5 F3600
;WIPE_START
G1 F7200
G1 X57.185 Y110.491 E-.02814
G1 X57.543 Y110.665 E-.18907
G1 X57.851 Y110.922 E-.19054
G1 X58.144 Y111.354 E-.24794
G1 X58.29 Y111.822 E-.23287
G1 X58.312 Y112.169 E-.16516
G1 X58.207 Y112.68 E-.2478
G1 X58.015 Y113.051 E-.19848
;WIPE_END
G1 X21.772 Y112.063 F9000
G1 E5 F2400
;WIDTH:0.567609
G1 F1800
G1 X21.782 Y112.116 E.00191
G1 X21.68 Y112.572 E.01658
G1 X21.409 Y112.953 E.01659
G1 X21.018 Y113.198 E.01637
;WIDTH:0.57124
G1 X20.57 Y113.268 E.01619
G1 X20.15 Y113.182 E.01531
;WIDTH:0.567441
G1 X19.762 Y112.92 E.0166
;WIDTH:0.56761
G1 X19.506 Y112.529 E.01658
G1 X19.423 Y112.069 E.01658
G1 X19.524 Y111.613 E.01657
;WIDTH:0.573933
G1 X19.795 Y111.232 E.01678
;WIDTH:0.56761
G1 X20.187 Y110.987 E.0164
;WIDTH:0.569814
G1 X20.607 Y110.913 E.01519
G1 X21.055 Y111.003 E.01628
;WIDTH:0.567609
G1 X21.443 Y111.264 E.01659
G1 X21.698 Y111.656 E.01659
G1 X21.761 Y112.004 E.01255
G1 X22.299 Y111.965 F9000
;WIDTH:0.573933
G1 F1800
G1 X22.312 Y112.169 E.00734
;WIDTH:0.567276
G1 X22.207 Y112.68 E.01849
;WIDTH:0.573934
G1 X22.005 Y113.068 E.0157
G1 X21.742 Y113.37 E.01437
;WIDTH:0.567277
G1 X21.302 Y113.652 E.01853
;WIDTH:0.570715
G1 X20.884 Y113.78 E.0156
;WIDTH:0.57124
G1 X20.517 Y113.803 E.01313
G1 X20.018 Y113.698 E.01821
G1 X19.591 Y113.472 E.01725
;WIDTH:0.57194
G1 X19.333 Y113.239 E.01243
G1 X19.061 Y112.831 E.01754
;WIDTH:0.573933
G1 X18.924 Y112.416 E.01569
G1 X18.892 Y112.016 E.0144
;WIDTH:0.567278
G1 X18.997 Y111.505 E.01849
;WIDTH:0.573933
G1 X19.199 Y111.117 E.0157
G1 X19.463 Y110.815 E.0144
;WIDTH:0.567279
G1 X19.902 Y110.533 E.0185
;WIDTH:0.570746
G1 X20.323 Y110.404 E.01571
G1 X20.654 Y110.38 E.01184
;WIDTH:0.569814
G1 X21.15 Y110.473 E.01798
;WIDTH:0.573932
G1 X21.543 Y110.665 E.0157
G1 X21.851 Y110.922 E.0144
;WIDTH:0.567275
G1 X22.144 Y111.354 E.01851
;WIDTH:0.573933
G1 X22.29 Y111.822 E.0176
G1 X22.295 Y111.905 E.00298
;LAYER_CHANGE
;Z:3.24
;HEIGHT:0.16
;BEFORE_LAYER_CHANGE
G92 E0
;3.24


G1 E-3.5 F3600
;WIPE_START
G1 F7200
G1 X22.299 Y111.965 E-.02856
G1 X22.312 Y112.169 E-.0971
G1 X22.207 Y112.68 E-.2478
G1 X22.005 Y113.068 E-.20778
G1 X21.742 Y113.37 E-.19022
G1 X21.302 Y113.652 E-.24824
G1 X20.884 Y113.78 E-.20765
G1 X20.517 Y113.803 E-.17467
G1 X20.315 Y113.761 E-.09798
;WIPE_END
G1 Z3.24 F9000
;AFTER_LAYER_CHANGE
;3.24
G1 X20.66 Y57.254
G1 E5 F2400
;WIDTH:0.56761
G1 F1800
G1 X20.552 Y57.271 E.00388
;WIDTH:0.568792
G1 X20.118 Y57.169 E.01585
G1 X19.761 Y56.921 E.01545
G1 X19.531 Y56.59 E.01433
;WIDTH:0.567303
G1 X19.42 Y56.086 E.0183
;WIDTH:0.567611
G1 X19.524 Y55.613 E.01718
G1 X19.795 Y55.232 E.01659
G1 X20.191 Y54.986 E.01654
;WIDTH:0.567939
G1 X20.629 Y54.912 E.01577
G1 X21.055 Y55.003 E.01546
;WIDTH:0.56761
G1 X21.443 Y55.264 E.01659
G1 X21.698 Y55.656 E.01659
G1 X21.782 Y56.116 E.01659
G1 X21.68 Y56.572 E.01658
G1 X21.409 Y56.953 E.01659
G1 X21.011 Y57.199 E.0166
G1 X20.72 Y57.245 E.01045
G1 X20.772 Y57.784 F9000
;WIDTH:0.573933
G1 F1800
G1 X20.483 Y57.8 E.01039
;WIDTH:0.56728
G1 X19.991 Y57.688 E.01789
;WIDTH:0.570965
G1 X19.587 Y57.47 E.01639
G1 X19.34 Y57.249 E.01183
;WIDTH:0.568618
G1 X19.061 Y56.831 E.01786
;WIDTH:0.573933
G1 X18.924 Y56.416 E.01569
G1 X18.892 Y56.016 E.0144
;WIDTH:0.567278
G1 X18.997 Y55.505 E.01849
;WIDTH:0.573934
G1 X19.199 Y55.117 E.0157
G1 X19.463 Y54.815 E.0144
;WIDTH:0.567279
G1 X19.902 Y54.533 E.0185
;WIDTH:0.572904
G1 X20.323 Y54.406 E.01575
G1 X20.657 Y54.379 E.012
;WIDTH:0.567603
G1 X21.15 Y54.473 E.0178
;WIDTH:0.573932
G1 X21.543 Y54.665 E.0157
G1 X21.851 Y54.922 E.0144
;WIDTH:0.567278
G1 X22.144 Y55.354 E.01851
;WIDTH:0.573933
G1 X22.29 Y55.822 E.0176
G1 X22.312 Y56.169 E.01248
;WIDTH:0.567276
G1 X22.207 Y56.68 E.01849
;WIDTH:0.573934
G1 X22.005 Y57.068 E.0157
G1 X21.742 Y57.37 E.01437
;WIDTH:0.56728
G1 X21.302 Y57.652 E.01853
;WIDTH:0.573933
G1 X20.884 Y57.778 E.01567
G1 X20.831 Y57.781 E.00191
G1 E-3.5 F3600
;WIPE_START
G1 F7200
G1 X20.772 Y57.784 E-.02806
G1 X20.483 Y57.8 E-.13749
G1 X19.991 Y57.688 E-.23968
G1 X19.587 Y57.47 E-.21806
G1 X19.34 Y57.249 E-.15743
G1 X19.061 Y56.831 E-.23872
G1 X18.924 Y56.416 E-.20759
G1 X18.892 Y56.016 E-.19061
G1 X18.927 Y55.846 E-.08236
;WIPE_END
G1 X12.026 Y56.016 F9000
G1 E5 F2400
;TYPE:Perimeter
;WIDTH:0.381505
G1 F3600
G1 X11.679 Y56.016 E.00801
G1 X11.679 Y13.575 E.98012
;WIDTH:0.423417
G1 X11.7 Y13.294 E.00729
;WIDTH:0.465328
G1 X11.721 Y13.013 E.00808
;WIDTH:0.507239
G1 X11.742 Y12.732 E.00886
G1 X12.18 Y12.711 E.01379
;WIDTH:0.465328
G1 X12.383 Y12.69 E.00585
;WIDTH:0.423417
G1 X12.585 Y12.669 E.00526
;WIDTH:0.381505
G1 X15.526 Y12.669 E.06792
G1 X15.526 Y13.016 E.00801
G1 X12.585 Y13.016 E.06792
;WIDTH:0.423417
G1 X12.438 Y13.056 E.00394
;WIDTH:0.465328
G1 X12.292 Y13.096 E.00434
;WIDTH:0.507239
G1 X12.145 Y13.135 E.00478
G1 X12.105 Y13.282 E.00479
;WIDTH:0.465328
G1 X12.066 Y13.429 E.00436
;WIDTH:0.423417
G1 X12.026 Y13.575 E.00392
;WIDTH:0.381505
G1 X12.026 Y55.956 E.97874
G1 X12.392 Y56.383 F9000
;TYPE:External perimeter
;WIDTH:0.419999
G1 F1800
G1 X11.312 Y56.383 E.02771
G1 X11.312 Y12.303 E1.13085
G1 X15.892 Y12.303 E.1175
G1 X15.892 Y13.383 E.02771
G1 X12.585 Y13.383 E.08484
G1 X12.449 Y13.439 E.00377
G1 X12.392 Y13.575 E.00378
G1 X12.392 Y56.323 E1.09667
G1 E-3.5 F3600
;WIPE_START
G1 F7200
G1 X12.392 Y56.383 E-.0285
G1 X11.312 Y56.383 E-.513
G1 X11.312 Y54.365 E-.9585
;WIPE_END
G1 X23.175 Y18.478 F9000
G1 E5 F2400
G1 F1800
G1 X22.983 Y18.411 E.00522
G1 X22.571 Y18.125 E.01287
G1 X22.36 Y17.855 E.00879
G1 X22.171 Y17.363 E.01352
G1 X22.146 Y17.075 E.00742
G1 X22.178 Y16.786 E.00746
G1 X22.267 Y16.51 E.00744
G1 X22.409 Y16.257 E.00744
G1 X22.598 Y16.037 E.00744
G1 X22.827 Y15.859 E.00744
G1 X23.07 Y15.736 E.00699
G1 X23.568 Y15.633 E.01305
G1 X24.067 Y15.711 E.01296
G1 X24.408 Y15.879 E.00975
G1 X24.632 Y16.062 E.00742
G1 X24.816 Y16.287 E.00746
G1 X24.951 Y16.543 E.00742
G1 X25.033 Y16.822 E.00746
G1 X25.059 Y17.111 E.00744
G1 X25.026 Y17.399 E.00744
G1 X24.937 Y17.675 E.00744
G1 X24.796 Y17.928 E.00743
G1 X24.606 Y18.148 E.00746
G1 X24.377 Y18.326 E.00744
G1 X24.118 Y18.455 E.00742
G1 X23.837 Y18.53 E.00746
G1 X23.548 Y18.548 E.00743
G1 X23.261 Y18.509 E.00743
G1 X23.231 Y18.498 E.00082
G1 X23.155 Y18.848 F9000
;TYPE:Perimeter
;WIDTH:0.372844
G1 F1800
G1 X22.946 Y18.791 E.00488
;WIDTH:0.376644
G1 X22.622 Y18.629 E.00825
;WIDTH:0.377716
G1 X22.337 Y18.404 E.00829
;WIDTH:0.379668
G1 X22.069 Y18.083 E.00961
G1 X21.854 Y17.591 E.01233
;WIDTH:0.376482
G1 X21.785 Y17.193 E.00919
;WIDTH:0.372842
G1 X21.801 Y16.831 E.00816
G1 X21.888 Y16.479 E.00816
G1 X22.044 Y16.152 E.00816
G1 X22.261 Y15.862 E.00816
G1 X22.554 Y15.603 E.00881
;WIDTH:0.385216
G1 X22.994 Y15.376 E.01156
G1 X23.547 Y15.271 E.01314
;WIDTH:0.377194
G1 X24.127 Y15.352 E.01336
G1 X24.504 Y15.511 E.00933
;WIDTH:0.372844
G1 X24.799 Y15.721 E.00815
G1 X25.047 Y15.986 E.00817
G1 X25.238 Y16.294 E.00816
;WIDTH:0.383672
G1 X25.398 Y16.776 E.0118
G1 X25.42 Y16.992 E.00505
;WIDTH:0.372844
G1 X25.404 Y17.354 E.00816
G1 X25.316 Y17.706 E.00817
G1 X25.161 Y18.033 E.00815
G1 X24.943 Y18.323 E.00817
G1 X24.673 Y18.565 E.00816
G1 X24.36 Y18.748 E.00816
G1 X24.017 Y18.865 E.00816
G1 X23.658 Y18.912 E.00815
G1 X23.296 Y18.887 E.00817
G1 X23.213 Y18.864 E.00194
G1 X23.133 Y19.215 F9000
;TYPE:External perimeter
;WIDTH:0.419999
G1 F1800
G1 X22.823 Y19.131 E.00824
G1 X22.42 Y18.932 E.01153
G1 X22.011 Y18.597 E.01356
G1 X21.699 Y18.163 E.01371
G1 X21.503 Y17.689 E.01316
G1 X21.424 Y17.22 E.0122
G1 X21.442 Y16.786 E.01114
G1 X21.545 Y16.364 E.01114
G1 X21.73 Y15.971 E.01114
G1 X21.99 Y15.622 E.01116
G1 X22.313 Y15.332 E.01114
G1 X22.712 Y15.099 E.01185
G1 X23.241 Y14.933 E.01422
G1 X23.713 Y14.906 E.01213
G1 X24.234 Y15.004 E.0136
G1 X24.677 Y15.193 E.01236
G1 X25.032 Y15.444 E.01115
G1 X25.348 Y15.781 E.01185
G1 X25.627 Y16.259 E.0142
G1 X25.765 Y16.748 E.01303
G1 X25.781 Y16.965 E.00558
G1 X25.763 Y17.399 E.01114
G1 X25.659 Y17.821 E.01115
G1 X25.474 Y18.214 E.01114
G1 X25.215 Y18.563 E.01115
G1 X24.891 Y18.853 E.01116
G1 X24.517 Y19.074 E.01114
G1 X24.106 Y19.216 E.01116
G1 X23.676 Y19.274 E.01113
G1 X23.242 Y19.245 E.01116
G1 X23.191 Y19.231 E.00136
G1 E-3.5 F3600
;WIPE_START
G1 F7200
G1 X23.133 Y19.215 E-.02858
G1 X22.823 Y19.131 E-.15256
G1 X22.42 Y18.932 E-.21349
G1 X22.011 Y18.597 E-.25112
G1 X21.699 Y18.163 E-.25389
G1 X21.503 Y17.689 E-.24364
G1 X21.424 Y17.22 E-.22591
G1 X21.435 Y16.945 E-.13081
;WIPE_END
G1 X52.279 Y31.495 F9000
G1 E5 F2400
G1 F1800
G1 X52.407 Y31.259 E.00689
G1 X52.596 Y31.039 E.00744
G1 X52.825 Y30.86 E.00746
G1 X53.07 Y30.736 E.00704
G1 X53.568 Y30.633 E.01305
G1 X54.067 Y30.711 E.01296
G1 X54.406 Y30.877 E.00968
G1 X54.631 Y31.061 E.00746
G1 X54.815 Y31.285 E.00744
G1 X54.951 Y31.541 E.00744
G1 X55.033 Y31.819 E.00744
G1 X55.059 Y32.108 E.00744
G1 X55.027 Y32.396 E.00743
G1 X54.939 Y32.673 E.00746
G1 X54.797 Y32.926 E.00744
G1 X54.608 Y33.146 E.00744
G1 X54.379 Y33.325 E.00746
G1 X54.12 Y33.454 E.00742
G1 X53.84 Y33.53 E.00744
G1 X53.566 Y33.549 E.00705
G1 X53.07 Y33.452 E.01297
G1 X52.637 Y33.184 E.01306
G1 X52.39 Y32.9 E.00966
G1 X52.254 Y32.644 E.00744
G1 X52.171 Y32.366 E.00744
G1 X52.146 Y32.077 E.00744
G1 X52.178 Y31.789 E.00743
G1 X52.24 Y31.568 E.00589
G1 X52.251 Y31.548 E.00059
G1 X51.868 Y31.412 F9000
;TYPE:Perimeter
;WIDTH:0.46849
G1 F1800
G1 X52.001 Y31.13 E.009
G1 X52.224 Y30.832 E.01075
G1 X52.501 Y30.584 E.01074
G1 X52.822 Y30.395 E.01076
;WIDTH:0.495416
G1 X53.327 Y30.249 E.01612
G1 X53.663 Y30.223 E.01034
;WIDTH:0.48104
G1 X54.135 Y30.305 E.01424
;WIDTH:0.473224
G1 X54.525 Y30.468 E.01234
;WIDTH:0.468488
G1 X54.828 Y30.683 E.01073
G1 X55.083 Y30.954 E.01075
G1 X55.279 Y31.27 E.01074
;WIDTH:0.479436
G1 X55.445 Y31.768 E.01554
G1 X55.467 Y31.986 E.00649
;WIDTH:0.468488
G1 X55.451 Y32.358 E.01075
G1 X55.362 Y32.719 E.01074
G1 X55.203 Y33.055 E.01074
G1 X54.981 Y33.353 E.01073
G1 X54.704 Y33.601 E.01074
G1 X54.383 Y33.79 E.01076
G1 X54.031 Y33.911 E.01075
G1 X53.632 Y33.961 E.01161
;WIDTH:0.49565
G1 X53.135 Y33.897 E.01538
G1 X52.842 Y33.801 E.00946
;WIDTH:0.475378
G1 X52.417 Y33.533 E.01474
;WIDTH:0.47322
G1 X52.121 Y33.231 E.01235
;WIDTH:0.46849
G1 X51.925 Y32.915 E.01074
G1 X51.795 Y32.566 E.01076
G1 X51.737 Y32.199 E.01073
G1 X51.753 Y31.827 E.01075
G1 X51.842 Y31.466 E.01074
G1 X51.458 Y31.327 F9000
;TYPE:External perimeter
;WIDTH:0.419999
G1 F1800
G1 X51.661 Y30.899 E.01215
G1 X51.996 Y30.47 E.01396
G1 X52.409 Y30.139 E.01358
G1 X52.882 Y29.926 E.01331
G1 X53.43 Y29.819 E.01432
G1 X54.015 Y29.844 E.01502
G1 X54.334 Y29.935 E.00851
G1 X54.721 Y30.108 E.01088
G1 X55.092 Y30.369 E.01164
G1 X55.422 Y30.722 E.0124
G1 X55.714 Y31.219 E.01479
G1 X55.86 Y31.736 E.01378
G1 X55.876 Y31.955 E.00563
G1 X55.858 Y32.409 E.01166
G1 X55.751 Y32.849 E.01162
G1 X55.558 Y33.26 E.01165
G1 X55.288 Y33.624 E.01163
G1 X54.951 Y33.928 E.01164
G1 X54.561 Y34.159 E.01163
G1 X54.132 Y34.308 E.01165
G1 X53.653 Y34.37 E.01239
G1 X53.071 Y34.316 E.01499
G1 X52.807 Y34.234 E.00709
G1 X52.35 Y34.004 E.01313
G1 X52.09 Y33.797 E.00853
G1 X51.801 Y33.487 E.01087
G1 X51.56 Y33.102 E.01165
G1 X51.401 Y32.677 E.01164
G1 X51.329 Y32.23 E.01162
G1 X51.346 Y31.776 E.01166
G1 X51.442 Y31.384 E.01035
G1 E-3.5 F3600
;WIPE_START
G1 F7200
G1 X51.458 Y31.327 E-.02812
G1 X51.661 Y30.899 E-.22501
G1 X51.996 Y30.47 E-.25854
G1 X52.409 Y30.139 E-.2514
G1 X52.882 Y29.926 E-.2464
G1 X53.43 Y29.819 E-.26522
G1 X53.904 Y29.839 E-.22531
;WIPE_END
G1 X56.375 Y54.955 F9000
G1 E5 F2400
;WIDTH:0.567939
G1 F1800
G1 X56.629 Y54.912 E.00914
G1 X57.055 Y55.003 E.01546
;WIDTH:0.56761
G1 X57.443 Y55.264 E.01659
G1 X57.698 Y55.656 E.01659
G1 X57.782 Y56.116 E.01659
G1 X57.68 Y56.572 E.01658
G1 X57.409 Y56.953 E.01659
G1 X57.011 Y57.199 E.0166
G1 X56.552 Y57.271 E.01648
;WIDTH:0.568792
G1 X56.118 Y57.169 E.01585
G1 X55.761 Y56.921 E.01545
G1 X55.531 Y56.59 E.01433
;WIDTH:0.567303
G1 X55.42 Y56.086 E.0183
;WIDTH:0.56761
G1 X55.524 Y55.613 E.01718
G1 X55.795 Y55.232 E.01659
G1 X56.191 Y54.986 E.01654
;WIDTH:0.567939
G1 X56.316 Y54.965 E.0045
G1 X56.184 Y54.448 F9000
;WIDTH:0.572904
G1 F1800
G1 X56.323 Y54.406 E.0052
G1 X56.657 Y54.379 E.012
;WIDTH:0.567603
G1 X57.15 Y54.473 E.0178
;WIDTH:0.573931
G1 X57.543 Y54.665 E.0157
G1 X57.851 Y54.922 E.0144
;WIDTH:0.567278
G1 X58.144 Y55.354 E.01851
;WIDTH:0.573932
G1 X58.29 Y55.822 E.0176
G1 X58.312 Y56.169 E.01248
;WIDTH:0.567276
G1 X58.207 Y56.68 E.01849
;WIDTH:0.573933
G1 X58.005 Y57.068 E.0157
G1 X57.742 Y57.37 E.01437
;WIDTH:0.567279
G1 X57.302 Y57.652 E.01853
;WIDTH:0.573932
G1 X56.884 Y57.778 E.01567
G1 X56.483 Y57.8 E.01442
;WIDTH:0.56728
G1 X55.991 Y57.688 E.01789
;WIDTH:0.570965
G1 X55.587 Y57.47 E.01639
G1 X55.34 Y57.249 E.01183
;WIDTH:0.568618
G1 X55.061 Y56.831 E.01786
;WIDTH:0.573932
G1 X54.924 Y56.416 E.01569
G1 X54.892 Y56.016 E.0144
;WIDTH:0.567278
G1 X54.997 Y55.505 E.01849
;WIDTH:0.573934
G1 X55.199 Y55.117 E.0157
G1 X55.463 Y54.815 E.0144
;WIDTH:0.567279
G1 X55.902 Y54.533 E.0185
;WIDTH:0.572904
G1 X56.126 Y54.465 E.00839
G1 E-3.5 F3600
;WIPE_START
G1 F7200
G1 X56.184 Y54.448 E-.02871
G1 X56.323 Y54.406 E-.06897
G1 X56.657 Y54.379 E-.15917
G1 X57.15 Y54.473 E-.23839
G1 X57.543 Y54.665 E-.20776
G1 X57.851 Y54.922 E-.19054
G1 X58.144 Y55.354 E-.24794
G1 X58.29 Y55.822 E-.23287
G1 X58.307 Y56.086 E-.12565
;WIPE_END
G1 X65.179 Y71.516 F9000
G1 E5 F2400
;TYPE:Perimeter
;WIDTH:0.381505
G1 F3600
G1 X65.179 Y13.575 E1.33808
;WIDTH:0.423417
G1 X65.139 Y13.429 E.00392
;WIDTH:0.465328
G1 X65.099 Y13.282 E.00437
;WIDTH:0.507239
G1 X65.059 Y13.135 E.00479
G1 X64.913 Y13.096 E.00475
;WIDTH:0.465328
G1 X64.766 Y13.056 E.00437
;WIDTH:0.423417
G1 X64.619 Y13.016 E.00394
;WIDTH:0.381505
G1 X21.679 Y13.016 E.99165
G1 X21.679 Y12.669 E.00801
G1 X64.619 Y12.669 E.99165
;WIDTH:0.423417
G1 X64.901 Y12.69 E.00732
;WIDTH:0.465328
G1 X65.182 Y12.711 E.00808
;WIDTH:0.507239
G1 X65.463 Y12.732 E.00886
G1 X65.463 Y12.968 E.00742
G1 X65.484 Y13.171 E.00642
;WIDTH:0.465328
G1 X65.505 Y13.373 E.00582
;WIDTH:0.423417
G1 X65.526 Y13.575 E.00526
;WIDTH:0.381505
G1 X65.526 Y71.516 E1.33808
G1 X65.239 Y71.516 E.00663
G1 X64.812 Y71.883 F9000
;TYPE:External perimeter
;WIDTH:0.419999
G1 F1800
G1 X64.812 Y13.575 E1.49586
G1 X64.756 Y13.439 E.00377
G1 X64.619 Y13.383 E.0038
G1 X21.312 Y13.383 E1.11102
G1 X21.312 Y12.303 E.02771
G1 X65.892 Y12.303 E1.14367
G1 X65.892 Y71.883 E1.52849
G1 X64.872 Y71.883 E.02617
G1 E-3.5 F3600
;WIPE_START
G1 F7200
G1 X64.812 Y71.883 E-.0285
G1 X64.812 Y68.785 E-1.4715
;WIPE_END
G1 X65.179 Y92.669 F9000
G1 E5 F2400
;TYPE:Perimeter
;WIDTH:0.381505
G1 F3600
G1 X65.526 Y92.669 E.00801
G1 X65.526 Y92.843 E.00402
G1 X65.526 Y115.704 E.52795
;WIDTH:0.423417
G1 X65.505 Y115.954 E.00649
;WIDTH:0.465328
G1 X65.484 Y116.204 E.00719
;WIDTH:0.507239
G1 X65.463 Y116.453 E.00786
G1 X65.024 Y116.474 E.01383
;WIDTH:0.465328
G1 X64.822 Y116.495 E.00582
;WIDTH:0.423417
G1 X64.619 Y116.516 E.00528
;WIDTH:0.381505
G1 X12.585 Y116.516 E1.20166
;WIDTH:0.423417
G1 X12.304 Y116.495 E.00729
;WIDTH:0.465328
G1 X12.023 Y116.474 E.00808
;WIDTH:0.507239
G1 X11.742 Y116.453 E.00886
G1 X11.721 Y116.014 E.01383
;WIDTH:0.465328
G1 X11.7 Y115.812 E.00582
;WIDTH:0.423417
G1 X11.679 Y115.61 E.00526
;WIDTH:0.381505
G1 X11.679 Y107.169 E.19493
G1 X12.026 Y107.169 E.00801
G1 X12.026 Y115.61 E.19493
;WIDTH:0.423417
G1 X12.066 Y115.756 E.00392
;WIDTH:0.465328
G1 X12.105 Y115.903 E.00436
;WIDTH:0.507239
G1 X12.145 Y116.05 E.00479
G1 X12.292 Y116.089 E.00478
;WIDTH:0.465328
G1 X12.438 Y116.129 E.00434
;WIDTH:0.423417
G1 X12.585 Y116.169 E.00394
;WIDTH:0.381505
G1 X64.619 Y116.169 E1.20166
;WIDTH:0.423417
G1 X64.766 Y116.129 E.00394
;WIDTH:0.465328
G1 X64.913 Y116.089 E.00437
;WIDTH:0.507239
G1 X65.059 Y116.05 E.00475
G1 X65.099 Y115.903 E.00479
;WIDTH:0.465328
G1 X65.139 Y115.756 E.00437
;WIDTH:0.423417
G1 X65.179 Y115.61 E.00392
;WIDTH:0.381505
G1 X65.179 Y92.729 E.52841
G1 X64.812 Y92.303 F9000
;TYPE:External perimeter
;WIDTH:0.419999
G1 F1800
G1 X65.892 Y92.303 E.02771
G1 X65.892 Y116.883 E.63059
G1 X11.312 Y116.883 E1.40022
G1 X11.312 Y106.803 E.2586
G1 X12.392 Y106.803 E.02771
G1 X12.392 Y115.61 E.22594
G1 X12.449 Y115.746 E.00378
G1 X12.585 Y115.803 E.00378
G1 X64.619 Y115.803 E1.3349
G1 X64.756 Y115.746 E.00381
G1 X64.812 Y115.61 E.00377
G1 X64.812 Y92.363 E.59639
G1 E-3.5 F3600
;WIPE_START
G1 F7200
G1 X64.812 Y92.303 E-.0285
G1 X65.892 Y92.303 E-.513
G1 X65.892 Y94.321 E-.9585
;WIPE_END
G1 X57.061 Y111.007 F9000
G1 E5 F2400
;WIDTH:0.56761
G1 F1800
G1 X57.443 Y111.264 E.01633
G1 X57.698 Y111.656 E.01659
G1 X57.782 Y112.116 E.01659
G1 X57.68 Y112.572 E.01658
G1 X57.409 Y112.953 E.01659
G1 X57.011 Y113.199 E.0166
G1 X56.549 Y113.271 E.01659
G1 X56.096 Y113.158 E.01656
G1 X55.722 Y112.878 E.01657
G1 X55.488 Y112.48 E.01638
G1 X55.423 Y112.069 E.01476
G1 X55.524 Y111.613 E.01657
;WIDTH:0.573933
G1 X55.795 Y111.232 E.01678
;WIDTH:0.567609
G1 X56.191 Y110.986 E.01654
;WIDTH:0.567941
G1 X56.629 Y110.912 E.01577
G1 X57.003 Y110.992 E.01358
G1 X57.185 Y110.491 F9000
;WIDTH:0.573932
G1 F1800
G1 X57.543 Y110.665 E.01429
G1 X57.851 Y110.922 E.0144
;WIDTH:0.567276
G1 X58.144 Y111.354 E.01851
;WIDTH:0.573932
G1 X58.29 Y111.822 E.0176
G1 X58.312 Y112.169 E.01248
;WIDTH:0.567276
G1 X58.207 Y112.68 E.01849
;WIDTH:0.573933
G1 X58.005 Y113.068 E.0157
G1 X57.742 Y113.37 E.01437
;WIDTH:0.567277
G1 X57.302 Y113.652 E.01853
;WIDTH:0.573931
G1 X56.884 Y113.778 E.01567
G1 X56.483 Y113.8 E.01442
;WIDTH:0.56728
G1 X55.975 Y113.683 E.01848
;WIDTH:0.573933
G1 X55.592 Y113.471 E.01571
G1 X55.336 Y113.245 E.01226
;WIDTH:0.567304
G1 X55.06 Y112.83 E.01767
;WIDTH:0.572625
G1 X54.923 Y112.416 E.01561
G1 X54.892 Y112.016 E.01437
;WIDTH:0.567277
G1 X54.997 Y111.505 E.01849
;WIDTH:0.573933
G1 X55.199 Y111.117 E.0157
G1 X55.463 Y110.815 E.0144
;WIDTH:0.567279
G1 X55.902 Y110.533 E.0185
;WIDTH:0.572902
G1 X56.323 Y110.406 E.01575
G1 X56.657 Y110.379 E.012
;WIDTH:0.567604
G1 X57.13 Y110.469 E.01708
G1 E-3.5 F3600
;WIPE_START
G1 F7200
G1 X57.185 Y110.491 E-.02814
G1 X57.543 Y110.665 E-.18907
G1 X57.851 Y110.922 E-.19054
G1 X58.144 Y111.354 E-.24794
G1 X58.29 Y111.822 E-.23287
G1 X58.312 Y112.169 E-.16516
G1 X58.207 Y112.68 E-.2478
G1 X58.015 Y113.051 E-.19848
;WIPE_END
G1 X21.772 Y112.063 F9000
G1 E5 F2400
;WIDTH:0.56761
G1 F1800
G1 X21.782 Y112.116 E.00191
G1 X21.68 Y112.572 E.01658
G1 X21.409 Y112.953 E.01659
G1 X21.011 Y113.199 E.0166
G1 X20.549 Y113.271 E.01659
G1 X20.096 Y113.158 E.01656
G1 X19.722 Y112.877 E.01659
;WIDTH:0.566649
G1 X19.488 Y112.48 E.01632
;WIDTH:0.567609
G1 X19.423 Y112.069 E.01476
G1 X19.524 Y111.613 E.01657
;WIDTH:0.573934
G1 X19.795 Y111.232 E.01678
;WIDTH:0.567609
G1 X20.191 Y110.986 E.01654
;WIDTH:0.567941
G1 X20.629 Y110.912 E.01577
G1 X21.055 Y111.003 E.01546
;WIDTH:0.56761
G1 X21.443 Y111.264 E.01659
G1 X21.698 Y111.656 E.01659
G1 X21.761 Y112.004 E.01255
G1 X22.305 Y111.965 F9000
;WIDTH:0.573933
G1 F1800
G1 X22.31 Y112.01 E.00163
G1 X22.274 Y112.447 E.01574
G1 X22.148 Y112.827 E.01437
;WIDTH:0.567279
G1 X21.853 Y113.257 E.01849
;WIDTH:0.573931
G1 X21.516 Y113.537 E.01573
G1 X21.156 Y113.712 E.01437
;WIDTH:0.567277
G1 X20.642 Y113.801 E.01849
;WIDTH:0.573934
G1 X20.207 Y113.755 E.0157
G1 X19.807 Y113.606 E.01532
;WIDTH:0.567609
G1 X19.353 Y113.268 E.02008
;WIDTH:0.566011
G1 X19.066 Y112.837 E.01831
;WIDTH:0.572494
G1 X18.923 Y112.416 E.01592
G1 X18.892 Y112.016 E.01436
;WIDTH:0.567277
G1 X18.997 Y111.505 E.01849
;WIDTH:0.573934
G1 X19.199 Y111.117 E.0157
G1 X19.463 Y110.815 E.0144
;WIDTH:0.567278
G1 X19.902 Y110.533 E.0185
;WIDTH:0.572902
G1 X20.323 Y110.406 E.01575
G1 X20.657 Y110.379 E.012
;WIDTH:0.567605
G1 X21.15 Y110.473 E.0178
;WIDTH:0.573934
G1 X21.543 Y110.665 E.0157
G1 X21.851 Y110.922 E.0144
;WIDTH:0.567277
G1 X22.144 Y111.354 E.01851
;WIDTH:0.573933
G1 X22.29 Y111.822 E.0176
G1 X22.299 Y111.905 E.003
;LAYER_CHANGE
;Z:3.4
;HEIGHT:0.16
;BEFORE_LAYER_CHANGE
G92 E0
;3.4


G1 E-3.5 F3600
;WIPE_START
G1 F7200
G1 X22.305 Y111.965 E-.02864
G1 X22.31 Y112.01 E-.02151
G1 X22.274 Y112.447 E-.20828
G1 X22.148 Y112.827 E-.19016
G1 X21.853 Y113.257 E-.2477
G1 X21.516 Y113.537 E-.20812
G1 X21.156 Y113.712 E-.19013
G1 X20.642 Y113.801 E-.24778
G1 X20.312 Y113.766 E-.15768
;WIPE_END
G1 Z3.4 F9000
;AFTER_LAYER_CHANGE
;3.4
G1 X20.66 Y57.254
G1 E5 F2400
;WIDTH:0.567609
G1 F1800
G1 X20.549 Y57.271 E.00398
G1 X20.097 Y57.159 E.01652
;WIDTH:0.56866
G1 X19.737 Y56.896 E.01585
G1 X19.527 Y56.582 E.01343
;WIDTH:0.567302
G1 X19.42 Y56.086 E.01799
;WIDTH:0.567609
G1 X19.524 Y55.613 E.01718
G1 X19.795 Y55.232 E.01659
G1 X20.191 Y54.986 E.01654
;WIDTH:0.567963
G1 X20.631 Y54.912 E.01584
G1 X21.055 Y55.003 E.01539
;WIDTH:0.567609
G1 X21.443 Y55.264 E.01659
G1 X21.698 Y55.656 E.01659
G1 X21.782 Y56.116 E.01659
G1 X21.68 Y56.572 E.01658
G1 X21.409 Y56.953 E.01659
G1 X21.011 Y57.199 E.0166
G1 X20.72 Y57.245 E.01045
G1 X20.772 Y57.784 F9000
;WIDTH:0.573932
G1 F1800
G1 X20.483 Y57.8 E.01039
;WIDTH:0.56728
G1 X19.975 Y57.683 E.01848
;WIDTH:0.572957
G1 X19.591 Y57.471 E.01572
G1 X19.337 Y57.245 E.01218
;WIDTH:0.568657
G1 X19.087 Y56.887 E.01552
;WIDTH:0.574076
G1 X18.924 Y56.416 E.01789
G1 X18.892 Y56.016 E.01441
;WIDTH:0.567278
G1 X18.997 Y55.505 E.01849
;WIDTH:0.573932
G1 X19.199 Y55.117 E.0157
G1 X19.463 Y54.815 E.0144
;WIDTH:0.56728
G1 X19.902 Y54.533 E.0185
;WIDTH:0.572998
G1 X20.323 Y54.406 E.01576
G1 X20.637 Y54.38 E.01129
;WIDTH:0.56763
G1 X21.15 Y54.473 E.0185
;WIDTH:0.573931
G1 X21.543 Y54.665 E.0157
G1 X21.851 Y54.922 E.0144
;WIDTH:0.567277
G1 X22.144 Y55.354 E.01851
;WIDTH:0.573934
G1 X22.29 Y55.822 E.0176
G1 X22.312 Y56.169 E.01248
;WIDTH:0.567277
G1 X22.207 Y56.68 E.01849
;WIDTH:0.573934
G1 X22.005 Y57.068 E.0157
G1 X21.742 Y57.37 E.01437
;WIDTH:0.567278
G1 X21.302 Y57.652 E.01853
;WIDTH:0.573932
G1 X20.884 Y57.778 E.01567
G1 X20.832 Y57.781 E.00187
G1 E-3.5 F3600
;WIPE_START
G1 F7200
G1 X20.772 Y57.784 E-.02854
G1 X20.483 Y57.8 E-.13749
G1 X19.975 Y57.683 E-.24762
G1 X19.591 Y57.471 E-.20835
G1 X19.337 Y57.245 E-.16149
G1 X19.087 Y56.887 E-.20741
G1 X18.924 Y56.416 E-.23674
G1 X18.892 Y56.016 E-.19061
G1 X18.927 Y55.847 E-.08175
;WIPE_END
G1 X12.026 Y56.016 F9000
G1 E5 F2400
;TYPE:Perimeter
;WIDTH:0.381505
G1 F3600
G1 X11.679 Y56.016 E.00801
G1 X11.679 Y13.575 E.98012
;WIDTH:0.423417
G1 X11.7 Y13.294 E.00729
;WIDTH:0.465328
G1 X11.721 Y13.013 E.00808
;WIDTH:0.507239
G1 X11.742 Y12.732 E.00886
G1 X12.18 Y12.711 E.01379
;WIDTH:0.465328
G1 X12.383 Y12.69 E.00585
;WIDTH:0.423417
G1 X12.585 Y12.669 E.00526
;WIDTH:0.381505
G1 X15.526 Y12.669 E.06792
G1 X15.526 Y13.016 E.00801
G1 X12.585 Y13.016 E.06792
;WIDTH:0.423417
G1 X12.438 Y13.056 E.00394
;WIDTH:0.465328
G1 X12.292 Y13.096 E.00434
;WIDTH:0.507239
G1 X12.145 Y13.135 E.00478
G1 X12.105 Y13.282 E.00479
;WIDTH:0.465328
G1 X12.066 Y13.429 E.00436
;WIDTH:0.423417
G1 X12.026 Y13.575 E.00392
;WIDTH:0.381505
G1 X12.026 Y55.956 E.97874
G1 X12.392 Y56.383 F9000
;TYPE:External perimeter
;WIDTH:0.419999
G1 F1800
G1 X11.312 Y56.383 E.02771
G1 X11.312 Y12.303 E1.13085
G1 X15.892 Y12.303 E.1175
G1 X15.892 Y13.383 E.02771
G1 X12.585 Y13.383 E.08484
G1 X12.449 Y13.439 E.00377
G1 X12.392 Y13.575 E.00378
G1 X12.392 Y56.323 E1.09667
G1 E-3.5 F3600
;WIPE_START
G1 F7200
G1 X12.392 Y56.383 E-.0285
G1 X11.312 Y56.383 E-.513
G1 X11.312 Y54.365 E-.9585
;WIPE_END
G1 X23.175 Y18.478 F9000
G1 E5 F2400
G1 F1800
G1 X22.987 Y18.413 E.0051
G1 X22.732 Y18.26 E.00763
G1 X22.535 Y18.085 E.00676
G1 X22.255 Y17.651 E.01325
G1 X22.143 Y17.139 E.01345
G1 X22.178 Y16.786 E.0091
G1 X22.267 Y16.51 E.00744
G1 X22.409 Y16.257 E.00744
G1 X22.598 Y16.037 E.00744
G1 X22.827 Y15.859 E.00744
G1 X23.07 Y15.736 E.00699
G1 X23.57 Y15.633 E.0131
G1 X24.067 Y15.711 E.01291
G1 X24.408 Y15.879 E.00975
G1 X24.632 Y16.062 E.00742
G1 X24.816 Y16.287 E.00746
G1 X24.951 Y16.543 E.00742
G1 X25.033 Y16.822 E.00746
G1 X25.059 Y17.111 E.00744
G1 X25.026 Y17.399 E.00744
G1 X24.937 Y17.675 E.00744
G1 X24.796 Y17.928 E.00743
G1 X24.606 Y18.148 E.00746
G1 X24.377 Y18.326 E.00744
G1 X24.118 Y18.455 E.00742
G1 X23.837 Y18.53 E.00746
G1 X23.548 Y18.548 E.00743
G1 X23.261 Y18.509 E.00743
G1 X23.231 Y18.498 E.00082
G1 X23.155 Y18.848 F9000
;TYPE:Perimeter
;WIDTH:0.372844
G1 F1800
G1 X22.946 Y18.791 E.00488
G1 X22.623 Y18.627 E.00816
;WIDTH:0.379516
G1 X22.336 Y18.405 E.00833
;WIDTH:0.400702
G1 X22.078 Y18.077 E.01017
G1 X21.9 Y17.746 E.00916
;WIDTH:0.382102
G1 X21.791 Y17.244 E.01188
;WIDTH:0.37776
G1 X21.801 Y16.831 E.00944
;WIDTH:0.372844
G1 X21.888 Y16.479 E.00816
G1 X22.044 Y16.152 E.00816
G1 X22.261 Y15.862 E.00816
G1 X22.554 Y15.603 E.00881
;WIDTH:0.385232
G1 X22.995 Y15.376 E.01158
G1 X23.549 Y15.271 E.01316
;WIDTH:0.377136
G1 X24.127 Y15.352 E.01331
G1 X24.504 Y15.511 E.00933
;WIDTH:0.372846
G1 X24.799 Y15.721 E.00815
G1 X25.047 Y15.986 E.00817
G1 X25.238 Y16.294 E.00816
;WIDTH:0.383672
G1 X25.398 Y16.776 E.0118
G1 X25.42 Y16.992 E.00505
;WIDTH:0.372844
G1 X25.404 Y17.354 E.00816
G1 X25.316 Y17.706 E.00817
G1 X25.161 Y18.033 E.00815
G1 X24.943 Y18.323 E.00817
G1 X24.673 Y18.565 E.00816
G1 X24.36 Y18.748 E.00816
G1 X24.017 Y18.865 E.00816
G1 X23.658 Y18.912 E.00815
G1 X23.296 Y18.887 E.00817
G1 X23.213 Y18.864 E.00194
G1 X23.133 Y19.215 F9000
;TYPE:External perimeter
;WIDTH:0.419999
G1 F1800
G1 X22.823 Y19.131 E.00824
G1 X22.434 Y18.936 E.01116
G1 X22.094 Y18.679 E.01093
G1 X21.784 Y18.312 E.01232
G1 X21.622 Y18.013 E.00872
G1 X21.453 Y17.51 E.01361
G1 X21.428 Y17.271 E.00616
G1 X21.442 Y16.786 E.01245
G1 X21.545 Y16.364 E.01114
G1 X21.73 Y15.971 E.01114
G1 X21.99 Y15.622 E.01116
G1 X22.313 Y15.332 E.01114
G1 X22.712 Y15.099 E.01185
G1 X23.241 Y14.933 E.01422
G1 X23.716 Y14.906 E.01221
G1 X24.235 Y15.004 E.01355
G1 X24.677 Y15.193 E.01233
G1 X25.032 Y15.444 E.01115
G1 X25.348 Y15.781 E.01185
G1 X25.627 Y16.259 E.0142
G1 X25.765 Y16.748 E.01303
G1 X25.781 Y16.965 E.00558
G1 X25.763 Y17.399 E.01114
G1 X25.659 Y17.821 E.01115
G1 X25.474 Y18.214 E.01114
G1 X25.215 Y18.563 E.01115
G1 X24.891 Y18.853 E.01116
G1 X24.517 Y19.074 E.01114
G1 X24.106 Y19.216 E.01116
G1 X23.676 Y19.274 E.01113
G1 X23.242 Y19.245 E.01116
G1 X23.191 Y19.231 E.00136
G1 E-3.5 F3600
;WIPE_START
G1 F7200
G1 X23.133 Y19.215 E-.02858
G1 X22.823 Y19.131 E-.15256
G1 X22.434 Y18.936 E-.20669
G1 X22.094 Y18.679 E-.20245
G1 X21.784 Y18.312 E-.22819
G1 X21.622 Y18.013 E-.16153
G1 X21.453 Y17.51 E-.25205
G1 X21.428 Y17.271 E-.11414
G1 X21.437 Y16.947 E-.15381
;WIPE_END
G1 X52.276 Y31.494 F9000
G1 E5 F2400
G1 F1800
G1 X52.407 Y31.259 E.0069
G1 X52.596 Y31.039 E.00744
G1 X52.825 Y30.86 E.00746
G1 X53.063 Y30.738 E.00686
G1 X53.57 Y30.633 E.01328
G1 X54.067 Y30.711 E.01291
G1 X54.406 Y30.877 E.00968
G1 X54.631 Y31.061 E.00746
G1 X54.815 Y31.285 E.00744
G1 X54.951 Y31.541 E.00744
G1 X55.033 Y31.819 E.00744
G1 X55.059 Y32.108 E.00744
G1 X55.027 Y32.396 E.00743
G1 X54.939 Y32.673 E.00746
G1 X54.797 Y32.926 E.00744
G1 X54.608 Y33.146 E.00744
G1 X54.379 Y33.325 E.00746
G1 X54.12 Y33.454 E.00742
G1 X53.84 Y33.53 E.00744
G1 X53.55 Y33.548 E.00745
G1 X53.263 Y33.509 E.00743
G1 X52.989 Y33.414 E.00744
G1 X52.736 Y33.263 E.00756
G1 X52.387 Y32.9 E.01292
G1 X52.184 Y32.427 E.0132
G1 X52.161 Y31.876 E.01415
G1 X52.255 Y31.55 E.0087
G1 X51.868 Y31.412 F9000
;TYPE:Perimeter
;WIDTH:0.46849
G1 F1800
G1 X52.001 Y31.13 E.009
G1 X52.224 Y30.832 E.01075
G1 X52.501 Y30.584 E.01074
G1 X52.822 Y30.395 E.01076
;WIDTH:0.495674
G1 X53.327 Y30.249 E.01613
G1 X53.667 Y30.223 E.01046
;WIDTH:0.481112
G1 X54.135 Y30.305 E.01412
;WIDTH:0.473152
G1 X54.525 Y30.468 E.01234
;WIDTH:0.46849
G1 X54.828 Y30.683 E.01073
G1 X55.083 Y30.954 E.01075
G1 X55.279 Y31.27 E.01074
;WIDTH:0.479434
G1 X55.445 Y31.768 E.01554
G1 X55.467 Y31.986 E.00649
;WIDTH:0.468488
G1 X55.451 Y32.358 E.01075
G1 X55.362 Y32.719 E.01074
G1 X55.203 Y33.055 E.01074
G1 X54.981 Y33.353 E.01073
G1 X54.704 Y33.601 E.01074
G1 X54.383 Y33.79 E.01076
G1 X54.031 Y33.911 E.01075
G1 X53.662 Y33.96 E.01075
G1 X53.291 Y33.934 E.01074
G1 X52.932 Y33.836 E.01075
G1 X52.6 Y33.669 E.01073
;WIDTH:0.47262
G1 X52.306 Y33.441 E.01085
;WIDTH:0.473288
G1 X52.065 Y33.157 E.01088
;WIDTH:0.496518
G1 X51.868 Y32.773 E.01327
G1 X51.757 Y32.399 E.01199
;WIDTH:0.477688
G1 X51.749 Y31.883 E.01522
;WIDTH:0.473828
G1 X51.842 Y31.466 E.01249
G1 X51.458 Y31.327 F9000
;TYPE:External perimeter
;WIDTH:0.419999
G1 F1800
G1 X51.661 Y30.899 E.01215
G1 X51.996 Y30.47 E.01396
G1 X52.409 Y30.139 E.01358
G1 X52.882 Y29.926 E.01331
G1 X53.433 Y29.819 E.0144
G1 X54.015 Y29.844 E.01494
G1 X54.334 Y29.935 E.00851
G1 X54.721 Y30.108 E.01088
G1 X55.092 Y30.369 E.01164
G1 X55.422 Y30.722 E.0124
G1 X55.714 Y31.219 E.01479
G1 X55.86 Y31.736 E.01378
G1 X55.876 Y31.955 E.00563
G1 X55.858 Y32.409 E.01166
G1 X55.751 Y32.849 E.01162
G1 X55.558 Y33.26 E.01165
G1 X55.288 Y33.624 E.01163
G1 X54.951 Y33.928 E.01164
G1 X54.561 Y34.159 E.01163
G1 X54.132 Y34.308 E.01165
G1 X53.683 Y34.369 E.01162
G1 X53.23 Y34.34 E.01165
G1 X52.792 Y34.221 E.01164
G1 X52.386 Y34.019 E.01163
G1 X52.031 Y33.747 E.01147
G1 X51.738 Y33.409 E.01148
G1 X51.491 Y32.967 E.01299
G1 X51.387 Y32.628 E.0091
G1 X51.317 Y32.078 E.01422
G1 X51.35 Y31.747 E.00853
G1 X51.442 Y31.384 E.00961
G1 E-3.5 F3600
;WIPE_START
G1 F7200
G1 X51.458 Y31.327 E-.02812
G1 X51.661 Y30.899 E-.22501
G1 X51.996 Y30.47 E-.25854
G1 X52.409 Y30.139 E-.2514
G1 X52.882 Y29.926 E-.2464
G1 X53.433 Y29.819 E-.26661
G1 X53.904 Y29.839 E-.22392
;WIPE_END
G1 X56.375 Y54.956 F9000
G1 E5 F2400
;WIDTH:0.567962
G1 F1800
G1 X56.631 Y54.912 E.00922
G1 X57.055 Y55.003 E.01539
;WIDTH:0.567609
G1 X57.443 Y55.264 E.01659
G1 X57.698 Y55.656 E.01659
G1 X57.782 Y56.116 E.01659
G1 X57.68 Y56.572 E.01658
G1 X57.409 Y56.953 E.01659
G1 X57.011 Y57.199 E.0166
G1 X56.549 Y57.271 E.01659
G1 X56.097 Y57.159 E.01652
G1 X55.738 Y56.896 E.01579
G1 X55.506 Y56.529 E.0154
G1 X55.423 Y56.069 E.01658
G1 X55.524 Y55.613 E.01657
;WIDTH:0.573932
G1 X55.795 Y55.232 E.01678
;WIDTH:0.567612
G1 X56.191 Y54.986 E.01654
;WIDTH:0.567962
G1 X56.316 Y54.965 E.0045
G1 X56.184 Y54.448 F9000
;WIDTH:0.572998
G1 F1800
G1 X56.323 Y54.406 E.0052
G1 X56.637 Y54.38 E.01129
;WIDTH:0.56763
G1 X57.15 Y54.473 E.0185
;WIDTH:0.573932
G1 X57.543 Y54.665 E.0157
G1 X57.851 Y54.922 E.0144
;WIDTH:0.567278
G1 X58.144 Y55.354 E.01851
;WIDTH:0.573932
G1 X58.29 Y55.822 E.0176
G1 X58.312 Y56.169 E.01248
;WIDTH:0.567277
G1 X58.207 Y56.68 E.01849
;WIDTH:0.573933
G1 X58.005 Y57.068 E.0157
G1 X57.742 Y57.37 E.01437
;WIDTH:0.567279
G1 X57.302 Y57.652 E.01853
;WIDTH:0.573932
G1 X56.884 Y57.778 E.01567
G1 X56.483 Y57.8 E.01442
;WIDTH:0.56728
G1 X55.975 Y57.683 E.01848
;WIDTH:0.573044
G1 X55.588 Y57.469 E.01585
G1 X55.341 Y57.252 E.01178
;WIDTH:0.566614
G1 X55.061 Y56.831 E.0179
;WIDTH:0.573932
G1 X54.924 Y56.416 E.01569
G1 X54.892 Y56.016 E.0144
;WIDTH:0.567278
G1 X54.997 Y55.505 E.01849
;WIDTH:0.573932
G1 X55.199 Y55.117 E.0157
G1 X55.463 Y54.815 E.0144
;WIDTH:0.56728
G1 X55.902 Y54.533 E.0185
;WIDTH:0.572998
G1 X56.126 Y54.465 E.00839
G1 E-3.5 F3600
;WIPE_START
G1 F7200
G1 X56.184 Y54.448 E-.02871
G1 X56.323 Y54.406 E-.06897
G1 X56.637 Y54.38 E-.14966
G1 X57.15 Y54.473 E-.24765
G1 X57.543 Y54.665 E-.20776
G1 X57.851 Y54.922 E-.19054
G1 X58.144 Y55.354 E-.24794
G1 X58.29 Y55.822 E-.23287
G1 X58.307 Y56.087 E-.1259
;WIPE_END
G1 X65.179 Y71.516 F9000
G1 E5 F2400
;TYPE:Perimeter
;WIDTH:0.381505
G1 F3600
G1 X65.179 Y13.575 E1.33808
;WIDTH:0.423417
G1 X65.139 Y13.429 E.00392
;WIDTH:0.465328
G1 X65.099 Y13.282 E.00437
;WIDTH:0.507239
G1 X65.059 Y13.135 E.00479
G1 X64.913 Y13.096 E.00475
;WIDTH:0.465328
G1 X64.766 Y13.056 E.00437
;WIDTH:0.423417
G1 X64.619 Y13.016 E.00394
;WIDTH:0.381505
G1 X21.679 Y13.016 E.99165
G1 X21.679 Y12.669 E.00801
G1 X64.619 Y12.669 E.99165
;WIDTH:0.423417
G1 X64.901 Y12.69 E.00732
;WIDTH:0.465328
G1 X65.182 Y12.711 E.00808
;WIDTH:0.507239
G1 X65.463 Y12.732 E.00886
G1 X65.463 Y12.968 E.00742
G1 X65.484 Y13.171 E.00642
;WIDTH:0.465328
G1 X65.505 Y13.373 E.00582
;WIDTH:0.423417
G1 X65.526 Y13.575 E.00526
;WIDTH:0.381505
G1 X65.526 Y71.516 E1.33808
G1 X65.239 Y71.516 E.00663
G1 X64.812 Y71.883 F9000
;TYPE:External perimeter
;WIDTH:0.419999
G1 F1800
G1 X64.812 Y13.575 E1.49586
G1 X64.756 Y13.439 E.00377
G1 X64.619 Y13.383 E.0038
G1 X21.312 Y13.383 E1.11102
G1 X21.312 Y12.303 E.02771
G1 X65.892 Y12.303 E1.14367
G1 X65.892 Y71.883 E1.52849
G1 X64.872 Y71.883 E.02617
G1 E-3.5 F3600
;WIPE_START
G1 F7200
G1 X64.812 Y71.883 E-.0285
G1 X64.812 Y68.785 E-1.4715
;WIPE_END
G1 X65.179 Y92.669 F9000
G1 E5 F2400
;TYPE:Perimeter
;WIDTH:0.381505
G1 F3600
G1 X65.526 Y92.669 E.00801
G1 X65.526 Y92.843 E.00402
G1 X65.526 Y115.704 E.52795
;WIDTH:0.423417
G1 X65.505 Y115.954 E.00649
;WIDTH:0.465328
G1 X65.484 Y116.204 E.00719
;WIDTH:0.507239
G1 X65.463 Y116.453 E.00786
G1 X65.024 Y116.474 E.01383
;WIDTH:0.465328
G1 X64.822 Y116.495 E.00582
;WIDTH:0.423417
G1 X64.619 Y116.516 E.00528
;WIDTH:0.381505
G1 X12.585 Y116.516 E1.20166
;WIDTH:0.423417
G1 X12.304 Y116.495 E.00729
;WIDTH:0.465328
G1 X12.023 Y116.474 E.00808
;WIDTH:0.507239
G1 X11.742 Y116.453 E.00886
G1 X11.721 Y116.014 E.01383
;WIDTH:0.465328
G1 X11.7 Y115.812 E.00582
;WIDTH:0.423417
G1 X11.679 Y115.61 E.00526
;WIDTH:0.381505
G1 X11.679 Y107.169 E.19493
G1 X12.026 Y107.169 E.00801
G1 X12.026 Y115.61 E.19493
;WIDTH:0.423417
G1 X12.066 Y115.756 E.00392
;WIDTH:0.465328
G1 X12.105 Y115.903 E.00436
;WIDTH:0.507239
G1 X12.145 Y116.05 E.00479
G1 X12.292 Y116.089 E.00478
;WIDTH:0.465328
G1 X12.438 Y116.129 E.00434
;WIDTH:0.423417
G1 X12.585 Y116.169 E.00394
;WIDTH:0.381505
G1 X64.619 Y116.169 E1.20166
;WIDTH:0.423417
G1 X64.766 Y116.129 E.00394
;WIDTH:0.465328
G1 X64.913 Y116.089 E.00437
;WIDTH:0.507239
G1 X65.059 Y116.05 E.00475
G1 X65.099 Y115.903 E.00479
;WIDTH:0.465328
G1 X65.139 Y115.756 E.00437
;WIDTH:0.423417
G1 X65.179 Y115.61 E.00392
;WIDTH:0.381505
G1 X65.179 Y92.729 E.52841
G1 X64.812 Y92.303 F9000
;TYPE:External perimeter
;WIDTH:0.419999
G1 F1800
G1 X65.892 Y92.303 E.02771
G1 X65.892 Y116.883 E.63059
G1 X11.312 Y116.883 E1.40022
G1 X11.312 Y106.803 E.2586
G1 X12.392 Y106.803 E.02771
G1 X12.392 Y115.61 E.22594
G1 X12.449 Y115.746 E.00378
G1 X12.585 Y115.803 E.00378
G1 X64.619 Y115.803 E1.3349
G1 X64.756 Y115.746 E.00381
G1 X64.812 Y115.61 E.00377
G1 X64.812 Y92.363 E.59639
G1 E-3.5 F3600
;WIPE_START
G1 F7200
G1 X64.812 Y92.303 E-.0285
G1 X65.892 Y92.303 E-.513
G1 X65.892 Y94.321 E-.9585
;WIPE_END
G1 X57.062 Y111.008 F9000
G1 E5 F2400
;WIDTH:0.56761
G1 F1800
G1 X57.443 Y111.264 E.01628
G1 X57.698 Y111.656 E.01659
G1 X57.782 Y112.116 E.01659
G1 X57.68 Y112.572 E.01658
G1 X57.409 Y112.953 E.01659
G1 X57.011 Y113.199 E.0166
G1 X56.549 Y113.271 E.01659
G1 X56.101 Y113.162 E.01636
;WIDTH:0.567455
G1 X55.762 Y112.92 E.01477
;WIDTH:0.567608
G1 X55.506 Y112.529 E.01658
G1 X55.423 Y112.069 E.01658
G1 X55.524 Y111.613 E.01657
;WIDTH:0.573934
G1 X55.795 Y111.232 E.01678
;WIDTH:0.567609
G1 X56.191 Y110.986 E.01654
;WIDTH:0.567964
G1 X56.631 Y110.912 E.01584
G1 X57.005 Y110.992 E.01358
G1 X57.185 Y110.491 F9000
;WIDTH:0.573931
G1 F1800
G1 X57.543 Y110.665 E.01429
G1 X57.851 Y110.922 E.0144
;WIDTH:0.567276
G1 X58.144 Y111.354 E.01851
;WIDTH:0.573932
G1 X58.29 Y111.822 E.0176
G1 X58.312 Y112.169 E.01248
;WIDTH:0.567277
G1 X58.207 Y112.68 E.01849
;WIDTH:0.573933
G1 X58.005 Y113.068 E.0157
G1 X57.742 Y113.37 E.01437
;WIDTH:0.567278
G1 X57.302 Y113.652 E.01853
;WIDTH:0.573931
G1 X56.884 Y113.778 E.01567
G1 X56.483 Y113.8 E.01442
;WIDTH:0.567279
G1 X55.975 Y113.683 E.01848
;WIDTH:0.570715
G1 X55.591 Y113.472 E.01563
;WIDTH:0.57193
G1 X55.333 Y113.239 E.01243
G1 X55.061 Y112.831 E.01754
;WIDTH:0.573932
G1 X54.924 Y112.416 E.01569
G1 X54.892 Y112.016 E.0144
;WIDTH:0.567278
G1 X54.997 Y111.505 E.01849
;WIDTH:0.573934
G1 X55.199 Y111.117 E.0157
G1 X55.463 Y110.815 E.0144
;WIDTH:0.567279
G1 X55.902 Y110.533 E.0185
;WIDTH:0.572998
G1 X56.323 Y110.406 E.01576
G1 X56.637 Y110.38 E.01129
;WIDTH:0.567631
G1 X57.129 Y110.47 E.01774
G1 E-3.5 F3600
;WIPE_START
G1 F7200
G1 X57.185 Y110.491 E-.02841
G1 X57.543 Y110.665 E-.18907
G1 X57.851 Y110.922 E-.19054
G1 X58.144 Y111.354 E-.24794
G1 X58.29 Y111.822 E-.23287
G1 X58.312 Y112.169 E-.16516
G1 X58.207 Y112.68 E-.2478
G1 X58.015 Y113.05 E-.19821
;WIPE_END
G1 X21.772 Y112.063 F9000
G1 E5 F2400
;WIDTH:0.567611
G1 F1800
G1 X21.782 Y112.116 E.00191
G1 X21.68 Y112.572 E.01658
G1 X21.409 Y112.953 E.01659
G1 X21.011 Y113.199 E.0166
G1 X20.549 Y113.271 E.01659
G1 X20.101 Y113.162 E.01636
;WIDTH:0.57124
G1 X19.738 Y112.891 E.01618
G1 X19.506 Y112.529 E.01536
;WIDTH:0.568663
G1 X19.423 Y112.069 E.01661
;WIDTH:0.567611
G1 X19.524 Y111.613 E.01657
;WIDTH:0.573934
G1 X19.795 Y111.232 E.01678
;WIDTH:0.567609
G1 X20.191 Y110.986 E.01654
;WIDTH:0.567964
G1 X20.631 Y110.912 E.01584
G1 X21.055 Y111.003 E.01539
;WIDTH:0.567611
G1 X21.443 Y111.264 E.01659
G1 X21.698 Y111.656 E.01659
G1 X21.761 Y112.004 E.01255
G1 X22.299 Y111.965 F9000
;WIDTH:0.573933
G1 F1800
G1 X22.312 Y112.169 E.00734
;WIDTH:0.567277
G1 X22.207 Y112.68 E.01849
;WIDTH:0.573934
G1 X22.005 Y113.068 E.0157
G1 X21.742 Y113.37 E.01437
;WIDTH:0.567279
G1 X21.302 Y113.652 E.01853
;WIDTH:0.573931
G1 X20.884 Y113.778 E.01567
G1 X20.483 Y113.8 E.01442
;WIDTH:0.567279
G1 X19.975 Y113.683 E.01848
;WIDTH:0.570716
G1 X19.591 Y113.472 E.01563
G1 X19.364 Y113.271 E.01082
;WIDTH:0.567591
G1 X19.088 Y112.89 E.01669
;WIDTH:0.574075
G1 X18.924 Y112.416 E.01801
G1 X18.892 Y112.016 E.01441
;WIDTH:0.567278
G1 X18.997 Y111.505 E.01849
;WIDTH:0.573934
G1 X19.199 Y111.117 E.0157
G1 X19.463 Y110.815 E.0144
;WIDTH:0.567278
G1 X19.902 Y110.533 E.0185
;WIDTH:0.572998
G1 X20.323 Y110.406 E.01576
G1 X20.637 Y110.38 E.01129
;WIDTH:0.567631
G1 X21.15 Y110.473 E.0185
;WIDTH:0.573931
G1 X21.543 Y110.665 E.0157
G1 X21.851 Y110.922 E.0144
;WIDTH:0.567277
G1 X22.144 Y111.354 E.01851
;WIDTH:0.573933
G1 X22.29 Y111.822 E.0176
G1 X22.295 Y111.905 E.00298
;LAYER_CHANGE
;Z:3.56
;HEIGHT:0.16
;BEFORE_LAYER_CHANGE
G92 E0
;3.56


G1 E-3.5 F3600
;WIPE_START
G1 F7200
G1 X22.299 Y111.965 E-.02856
G1 X22.312 Y112.169 E-.0971
G1 X22.207 Y112.68 E-.2478
G1 X22.005 Y113.068 E-.20778
G1 X21.742 Y113.37 E-.19022
G1 X21.302 Y113.652 E-.24824
G1 X20.884 Y113.778 E-.20737
G1 X20.483 Y113.8 E-.19076
G1 X20.314 Y113.761 E-.08217
;WIPE_END
G1 Z3.56 F9000
;AFTER_LAYER_CHANGE
;3.56
G1 X20.66 Y57.254
G1 E5 F2400
;WIDTH:0.56761
G1 F1800
G1 X20.549 Y57.271 E.00398
G1 X20.097 Y57.159 E.01652
;WIDTH:0.568539
G1 X19.736 Y56.895 E.01589
G1 X19.527 Y56.582 E.01337
;WIDTH:0.567302
G1 X19.42 Y56.086 E.01799
;WIDTH:0.56761
G1 X19.524 Y55.613 E.01718
G1 X19.795 Y55.232 E.01659
G1 X20.191 Y54.986 E.01654
;WIDTH:0.567985
G1 X20.632 Y54.912 E.01587
G1 X21.055 Y55.003 E.01536
;WIDTH:0.56761
G1 X21.443 Y55.264 E.01659
G1 X21.698 Y55.656 E.01659
G1 X21.782 Y56.116 E.01659
G1 X21.68 Y56.572 E.01658
G1 X21.409 Y56.953 E.01659
G1 X21.011 Y57.199 E.0166
G1 X20.72 Y57.245 E.01045
G1 X20.772 Y57.784 F9000
;WIDTH:0.573932
G1 F1800
G1 X20.483 Y57.8 E.01039
;WIDTH:0.56728
G1 X19.975 Y57.683 E.01848
;WIDTH:0.573055
G1 X19.592 Y57.471 E.01569
G1 X19.337 Y57.245 E.01221
;WIDTH:0.568521
G1 X19.087 Y56.887 E.01552
;WIDTH:0.574063
G1 X18.924 Y56.416 E.01789
G1 X18.892 Y56.016 E.01441
;WIDTH:0.567278
G1 X18.997 Y55.505 E.01849
;WIDTH:0.573934
G1 X19.199 Y55.117 E.0157
G1 X19.463 Y54.815 E.0144
;WIDTH:0.56728
G1 X19.902 Y54.533 E.0185
;WIDTH:0.57309
G1 X20.323 Y54.406 E.01576
G1 X20.64 Y54.38 E.0114
;WIDTH:0.567657
G1 X21.15 Y54.473 E.01839
;WIDTH:0.573932
G1 X21.543 Y54.665 E.0157
G1 X21.851 Y54.922 E.0144
;WIDTH:0.567278
G1 X22.144 Y55.354 E.01851
;WIDTH:0.573933
G1 X22.29 Y55.822 E.0176
G1 X22.312 Y56.169 E.01248
;WIDTH:0.567277
G1 X22.207 Y56.68 E.01849
;WIDTH:0.573935
G1 X22.005 Y57.068 E.0157
G1 X21.742 Y57.37 E.01437
;WIDTH:0.567279
G1 X21.302 Y57.652 E.01853
;WIDTH:0.573932
G1 X20.884 Y57.778 E.01567
G1 X20.831 Y57.781 E.00191
G1 E-3.5 F3600
;WIPE_START
G1 F7200
G1 X20.772 Y57.784 E-.02806
G1 X20.483 Y57.8 E-.13749
G1 X19.975 Y57.683 E-.24762
G1 X19.592 Y57.471 E-.20794
G1 X19.337 Y57.245 E-.16185
G1 X19.087 Y56.887 E-.20741
G1 X18.924 Y56.416 E-.23674
G1 X18.892 Y56.016 E-.19061
G1 X18.927 Y55.846 E-.08228
;WIPE_END
G1 X12.026 Y56.016 F9000
G1 E5 F2400
;TYPE:Perimeter
;WIDTH:0.381505
G1 F3600
G1 X11.679 Y56.016 E.00801
G1 X11.679 Y13.575 E.98012
;WIDTH:0.423417
G1 X11.7 Y13.294 E.00729
;WIDTH:0.465328
G1 X11.721 Y13.013 E.00808
;WIDTH:0.507239
G1 X11.742 Y12.732 E.00886
G1 X12.18 Y12.711 E.01379
;WIDTH:0.465328
G1 X12.383 Y12.69 E.00585
;WIDTH:0.423417
G1 X12.585 Y12.669 E.00526
;WIDTH:0.381505
G1 X15.526 Y12.669 E.06792
G1 X15.526 Y13.016 E.00801
G1 X12.585 Y13.016 E.06792
;WIDTH:0.423417
G1 X12.438 Y13.056 E.00394
;WIDTH:0.465328
G1 X12.292 Y13.096 E.00434
;WIDTH:0.507239
G1 X12.145 Y13.135 E.00478
G1 X12.105 Y13.282 E.00479
;WIDTH:0.465328
G1 X12.066 Y13.429 E.00436
;WIDTH:0.423417
G1 X12.026 Y13.575 E.00392
;WIDTH:0.381505
G1 X12.026 Y55.956 E.97874
G1 X12.392 Y56.383 F9000
;TYPE:External perimeter
;WIDTH:0.419999
G1 F1800
G1 X11.312 Y56.383 E.02771
G1 X11.312 Y12.303 E1.13085
G1 X15.892 Y12.303 E.1175
G1 X15.892 Y13.383 E.02771
G1 X12.585 Y13.383 E.08484
G1 X12.449 Y13.439 E.00377
G1 X12.392 Y13.575 E.00378
G1 X12.392 Y56.323 E1.09667
G1 E-3.5 F3600
;WIPE_START
G1 F7200
G1 X12.392 Y56.383 E-.0285
G1 X11.312 Y56.383 E-.513
G1 X11.312 Y54.365 E-.9585
;WIPE_END
G1 X23.175 Y18.478 F9000
G1 E5 F2400
G1 F1800
G1 X22.987 Y18.413 E.0051
G1 X22.753 Y18.276 E.00696
G1 X22.393 Y17.908 E.01321
G1 X22.181 Y17.427 E.01349
G1 X22.146 Y17.075 E.00907
G1 X22.178 Y16.786 E.00746
G1 X22.267 Y16.51 E.00744
G1 X22.371 Y16.309 E.00581
G1 X22.598 Y16.037 E.00909
G1 X22.827 Y15.859 E.00744
G1 X23.071 Y15.736 E.00701
G1 X23.572 Y15.633 E.01312
G1 X24.068 Y15.712 E.01288
G1 X24.408 Y15.879 E.00972
G1 X24.632 Y16.062 E.00742
G1 X24.816 Y16.287 E.00746
G1 X24.951 Y16.543 E.00742
G1 X25.033 Y16.822 E.00746
G1 X25.059 Y17.111 E.00744
G1 X25.026 Y17.399 E.00744
G1 X24.937 Y17.675 E.00744
G1 X24.796 Y17.928 E.00743
G1 X24.606 Y18.148 E.00746
G1 X24.377 Y18.326 E.00744
G1 X24.118 Y18.455 E.00742
G1 X23.837 Y18.53 E.00746
G1 X23.548 Y18.548 E.00743
G1 X23.261 Y18.509 E.00743
G1 X23.231 Y18.498 E.00082
G1 X23.155 Y18.848 F9000
;TYPE:Perimeter
;WIDTH:0.372842
G1 F1800
G1 X22.946 Y18.791 E.00488
G1 X22.623 Y18.627 E.00816
;WIDTH:0.401338
G1 X22.308 Y18.365 E.01
G1 X22.064 Y18.072 E.00931
;WIDTH:0.382348
G1 X21.857 Y17.6 E.01193
;WIDTH:0.377818
G1 X21.785 Y17.193 E.00944
;WIDTH:0.372842
G1 X21.801 Y16.831 E.00816
G1 X21.888 Y16.479 E.00816
G1 X22.044 Y16.152 E.00816
G1 X22.261 Y15.862 E.00816
G1 X22.554 Y15.603 E.00881
;WIDTH:0.385254
G1 X22.995 Y15.376 E.01158
G1 X23.552 Y15.271 E.01323
;WIDTH:0.377074
G1 X24.128 Y15.352 E.01326
G1 X24.504 Y15.511 E.00931
;WIDTH:0.372846
G1 X24.799 Y15.721 E.00815
G1 X25.047 Y15.986 E.00817
G1 X25.238 Y16.294 E.00816
;WIDTH:0.383672
G1 X25.398 Y16.776 E.0118
G1 X25.42 Y16.992 E.00505
;WIDTH:0.372842
G1 X25.404 Y17.354 E.00816
G1 X25.316 Y17.706 E.00817
G1 X25.161 Y18.033 E.00815
G1 X24.943 Y18.323 E.00817
G1 X24.673 Y18.565 E.00816
G1 X24.36 Y18.748 E.00816
G1 X24.017 Y18.865 E.00816
G1 X23.658 Y18.912 E.00815
G1 X23.296 Y18.887 E.00817
G1 X23.213 Y18.864 E.00194
G1 X23.133 Y19.215 F9000
;TYPE:External perimeter
;WIDTH:0.419999
G1 F1800
G1 X22.823 Y19.131 E.00824
G1 X22.434 Y18.936 E.01116
G1 X22.059 Y18.648 E.01213
G1 X21.845 Y18.389 E.00862
G1 X21.578 Y17.927 E.01369
G1 X21.506 Y17.699 E.00613
G1 X21.424 Y17.22 E.01247
G1 X21.442 Y16.786 E.01114
G1 X21.545 Y16.364 E.01114
G1 X21.73 Y15.971 E.01114
G1 X21.99 Y15.622 E.01116
G1 X22.313 Y15.332 E.01114
G1 X22.712 Y15.099 E.01185
G1 X23.241 Y14.933 E.01422
G1 X23.718 Y14.906 E.01226
G1 X24.235 Y15.004 E.0135
G1 X24.677 Y15.193 E.01233
G1 X25.032 Y15.444 E.01115
G1 X25.348 Y15.781 E.01185
G1 X25.627 Y16.259 E.0142
G1 X25.765 Y16.748 E.01303
G1 X25.781 Y16.965 E.00558
G1 X25.763 Y17.399 E.01114
G1 X25.659 Y17.821 E.01115
G1 X25.474 Y18.214 E.01114
G1 X25.215 Y18.563 E.01115
G1 X24.891 Y18.853 E.01116
G1 X24.517 Y19.074 E.01114
G1 X24.106 Y19.216 E.01116
G1 X23.676 Y19.274 E.01113
G1 X23.242 Y19.245 E.01116
G1 X23.191 Y19.231 E.00136
G1 E-3.5 F3600
;WIPE_START
G1 F7200
G1 X23.133 Y19.215 E-.02858
G1 X22.823 Y19.131 E-.15256
G1 X22.434 Y18.936 E-.20669
G1 X22.059 Y18.648 E-.22459
G1 X21.845 Y18.389 E-.15959
G1 X21.578 Y17.927 E-.25346
G1 X21.506 Y17.699 E-.11357
G1 X21.424 Y17.22 E-.23083
G1 X21.435 Y16.946 E-.13013
;WIPE_END
G1 X52.279 Y31.495 F9000
G1 E5 F2400
G1 F1800
G1 X52.407 Y31.259 E.00689
G1 X52.596 Y31.039 E.00744
G1 X52.825 Y30.86 E.00746
G1 X53.071 Y30.736 E.00707
G1 X53.572 Y30.633 E.01312
G1 X54.068 Y30.712 E.01288
G1 X54.406 Y30.877 E.00965
G1 X54.631 Y31.061 E.00746
G1 X54.815 Y31.285 E.00744
G1 X54.951 Y31.541 E.00744
G1 X55.033 Y31.819 E.00744
G1 X55.059 Y32.108 E.00744
G1 X55.027 Y32.396 E.00743
G1 X54.939 Y32.673 E.00746
G1 X54.797 Y32.926 E.00744
G1 X54.608 Y33.146 E.00744
G1 X54.379 Y33.325 E.00746
G1 X54.12 Y33.454 E.00742
G1 X53.84 Y33.53 E.00744
G1 X53.55 Y33.548 E.00745
G1 X53.263 Y33.509 E.00743
G1 X53.006 Y33.422 E.00696
G1 X52.596 Y33.149 E.01264
G1 X52.341 Y32.815 E.01078
G1 X52.175 Y32.398 E.01151
G1 X52.146 Y32.077 E.00827
G1 X52.178 Y31.789 E.00743
G1 X52.24 Y31.568 E.00589
G1 X52.251 Y31.548 E.00059
G1 X51.868 Y31.412 F9000
;TYPE:Perimeter
;WIDTH:0.46849
G1 F1800
G1 X52.001 Y31.13 E.009
G1 X52.224 Y30.832 E.01075
G1 X52.501 Y30.584 E.01074
G1 X52.822 Y30.395 E.01076
;WIDTH:0.495926
G1 X53.326 Y30.25 E.0161
G1 X53.67 Y30.223 E.0106
;WIDTH:0.481178
G1 X54.136 Y30.305 E.01406
;WIDTH:0.473088
G1 X54.525 Y30.468 E.01231
;WIDTH:0.468488
G1 X54.828 Y30.683 E.01073
G1 X55.083 Y30.954 E.01075
G1 X55.279 Y31.27 E.01074
;WIDTH:0.479436
G1 X55.445 Y31.768 E.01554
G1 X55.467 Y31.986 E.00649
;WIDTH:0.468488
G1 X55.451 Y32.358 E.01075
G1 X55.362 Y32.719 E.01074
G1 X55.203 Y33.055 E.01074
G1 X54.981 Y33.353 E.01073
G1 X54.704 Y33.601 E.01074
G1 X54.383 Y33.79 E.01076
G1 X54.031 Y33.911 E.01075
G1 X53.662 Y33.96 E.01075
G1 X53.261 Y33.93 E.01161
;WIDTH:0.480558
G1 X52.78 Y33.772 E.01503
G1 X52.288 Y33.421 E.01794
;WIDTH:0.482248
G1 X51.98 Y33.023 E.01499
G1 X51.795 Y32.567 E.01466
;WIDTH:0.469808
G1 X51.737 Y32.199 E.01079
;WIDTH:0.46849
G1 X51.753 Y31.827 E.01075
G1 X51.842 Y31.466 E.01074
G1 X51.458 Y31.327 F9000
;TYPE:External perimeter
;WIDTH:0.419999
G1 F1800
G1 X51.661 Y30.899 E.01215
G1 X51.996 Y30.47 E.01396
G1 X52.409 Y30.139 E.01358
G1 X52.883 Y29.926 E.01333
G1 X53.436 Y29.819 E.01445
G1 X54.015 Y29.844 E.01487
G1 X54.334 Y29.935 E.00851
G1 X54.721 Y30.108 E.01088
G1 X55.092 Y30.369 E.01164
G1 X55.422 Y30.722 E.0124
G1 X55.714 Y31.219 E.01479
G1 X55.86 Y31.736 E.01378
G1 X55.876 Y31.955 E.00563
G1 X55.858 Y32.409 E.01166
G1 X55.751 Y32.849 E.01162
G1 X55.558 Y33.26 E.01165
G1 X55.288 Y33.624 E.01163
G1 X54.951 Y33.928 E.01164
G1 X54.561 Y34.159 E.01163
G1 X54.132 Y34.308 E.01165
G1 X53.683 Y34.369 E.01162
G1 X53.23 Y34.34 E.01165
G1 X52.764 Y34.211 E.0124
G1 X52.256 Y33.939 E.01478
G1 X51.917 Y33.635 E.01168
G1 X51.603 Y33.201 E.01374
G1 X51.399 Y32.675 E.01447
G1 X51.329 Y32.23 E.01156
G1 X51.346 Y31.776 E.01166
G1 X51.442 Y31.384 E.01035
G1 E-3.5 F3600
;WIPE_START
G1 F7200
G1 X51.458 Y31.327 E-.02812
G1 X51.661 Y30.899 E-.22501
G1 X51.996 Y30.47 E-.25854
G1 X52.409 Y30.139 E-.2514
G1 X52.883 Y29.926 E-.24684
G1 X53.436 Y29.819 E-.26755
G1 X53.904 Y29.839 E-.22254
;WIPE_END
G1 X56.375 Y54.956 F9000
G1 E5 F2400
;WIDTH:0.567985
G1 F1800
G1 X56.632 Y54.912 E.00926
G1 X57.055 Y55.003 E.01536
;WIDTH:0.56761
G1 X57.443 Y55.264 E.01659
G1 X57.698 Y55.656 E.01659
G1 X57.782 Y56.116 E.01659
G1 X57.68 Y56.572 E.01658
G1 X57.409 Y56.953 E.01659
G1 X57.011 Y57.199 E.0166
G1 X56.549 Y57.271 E.01659
G1 X56.097 Y57.159 E.01652
;WIDTH:0.56854
G1 X55.736 Y56.895 E.01589
G1 X55.527 Y56.582 E.01337
;WIDTH:0.567302
G1 X55.42 Y56.086 E.01799
;WIDTH:0.567609
G1 X55.524 Y55.613 E.01718
G1 X55.795 Y55.232 E.01659
G1 X56.191 Y54.986 E.01654
;WIDTH:0.567985
G1 X56.316 Y54.966 E.00449
G1 X56.184 Y54.448 F9000
;WIDTH:0.57309
G1 F1800
G1 X56.323 Y54.406 E.0052
G1 X56.64 Y54.38 E.0114
;WIDTH:0.567657
G1 X57.15 Y54.473 E.01839
;WIDTH:0.573931
G1 X57.543 Y54.665 E.0157
G1 X57.851 Y54.922 E.0144
;WIDTH:0.567277
G1 X58.144 Y55.354 E.01851
;WIDTH:0.573932
G1 X58.29 Y55.822 E.0176
G1 X58.312 Y56.169 E.01248
;WIDTH:0.567277
G1 X58.207 Y56.68 E.01849
;WIDTH:0.573934
G1 X58.005 Y57.068 E.0157
G1 X57.742 Y57.37 E.01437
;WIDTH:0.567279
G1 X57.302 Y57.652 E.01853
;WIDTH:0.573932
G1 X56.884 Y57.778 E.01567
G1 X56.483 Y57.8 E.01442
;WIDTH:0.56728
G1 X55.975 Y57.683 E.01848
;WIDTH:0.573054
G1 X55.592 Y57.471 E.01569
G1 X55.336 Y57.245 E.01224
;WIDTH:0.568523
G1 X55.087 Y56.887 E.0155
;WIDTH:0.574062
G1 X54.924 Y56.416 E.01789
G1 X54.892 Y56.016 E.01441
;WIDTH:0.567278
G1 X54.997 Y55.505 E.01849
;WIDTH:0.573933
G1 X55.199 Y55.117 E.0157
G1 X55.463 Y54.815 E.0144
;WIDTH:0.56728
G1 X55.902 Y54.533 E.0185
;WIDTH:0.57309
G1 X56.126 Y54.465 E.00839
G1 E-3.5 F3600
;WIPE_START
G1 F7200
G1 X56.184 Y54.448 E-.02871
G1 X56.323 Y54.406 E-.06897
G1 X56.64 Y54.38 E-.15108
G1 X57.15 Y54.473 E-.24624
G1 X57.543 Y54.665 E-.20776
G1 X57.851 Y54.922 E-.19054
G1 X58.144 Y55.354 E-.24794
G1 X58.29 Y55.822 E-.23287
G1 X58.307 Y56.087 E-.12589
;WIPE_END
G1 X65.179 Y71.516 F9000
G1 E5 F2400
;TYPE:Perimeter
;WIDTH:0.381505
G1 F3600
G1 X65.179 Y13.575 E1.33808
;WIDTH:0.423417
G1 X65.139 Y13.429 E.00392
;WIDTH:0.465328
G1 X65.099 Y13.282 E.00437
;WIDTH:0.507239
G1 X65.059 Y13.135 E.00479
G1 X64.913 Y13.096 E.00475
;WIDTH:0.465328
G1 X64.766 Y13.056 E.00437
;WIDTH:0.423417
G1 X64.619 Y13.016 E.00394
;WIDTH:0.381505
G1 X21.679 Y13.016 E.99165
G1 X21.679 Y12.669 E.00801
G1 X64.619 Y12.669 E.99165
;WIDTH:0.423417
G1 X64.901 Y12.69 E.00732
;WIDTH:0.465328
G1 X65.182 Y12.711 E.00808
;WIDTH:0.507239
G1 X65.463 Y12.732 E.00886
G1 X65.463 Y12.968 E.00742
G1 X65.484 Y13.171 E.00642
;WIDTH:0.465328
G1 X65.505 Y13.373 E.00582
;WIDTH:0.423417
G1 X65.526 Y13.575 E.00526
;WIDTH:0.381505
G1 X65.526 Y71.516 E1.33808
G1 X65.239 Y71.516 E.00663
G1 X64.812 Y71.883 F9000
;TYPE:External perimeter
;WIDTH:0.419999
G1 F1800
G1 X64.812 Y13.575 E1.49586
G1 X64.756 Y13.439 E.00377
G1 X64.619 Y13.383 E.0038
G1 X21.312 Y13.383 E1.11102
G1 X21.312 Y12.303 E.02771
G1 X65.892 Y12.303 E1.14367
G1 X65.892 Y71.883 E1.52849
G1 X64.872 Y71.883 E.02617
G1 E-3.5 F3600
;WIPE_START
G1 F7200
G1 X64.812 Y71.883 E-.0285
G1 X64.812 Y68.785 E-1.4715
;WIPE_END
G1 X65.179 Y92.669 F9000
G1 E5 F2400
;TYPE:Perimeter
;WIDTH:0.381505
G1 F3600
G1 X65.526 Y92.669 E.00801
G1 X65.526 Y92.843 E.00402
G1 X65.526 Y115.704 E.52795
;WIDTH:0.423417
G1 X65.505 Y115.954 E.00649
;WIDTH:0.465328
G1 X65.484 Y116.204 E.00719
;WIDTH:0.507239
G1 X65.463 Y116.453 E.00786
G1 X65.024 Y116.474 E.01383
;WIDTH:0.465328
G1 X64.822 Y116.495 E.00582
;WIDTH:0.423417
G1 X64.619 Y116.516 E.00528
;WIDTH:0.381505
G1 X12.585 Y116.516 E1.20166
;WIDTH:0.423417
G1 X12.304 Y116.495 E.00729
;WIDTH:0.465328
G1 X12.023 Y116.474 E.00808
;WIDTH:0.507239
G1 X11.742 Y116.453 E.00886
G1 X11.721 Y116.014 E.01383
;WIDTH:0.465328
G1 X11.7 Y115.812 E.00582
;WIDTH:0.423417
G1 X11.679 Y115.61 E.00526
;WIDTH:0.381505
G1 X11.679 Y107.169 E.19493
G1 X12.026 Y107.169 E.00801
G1 X12.026 Y115.61 E.19493
;WIDTH:0.423417
G1 X12.066 Y115.756 E.00392
;WIDTH:0.465328
G1 X12.105 Y115.903 E.00436
;WIDTH:0.507239
G1 X12.145 Y116.05 E.00479
G1 X12.292 Y116.089 E.00478
;WIDTH:0.465328
G1 X12.438 Y116.129 E.00434
;WIDTH:0.423417
G1 X12.585 Y116.169 E.00394
;WIDTH:0.381505
G1 X64.619 Y116.169 E1.20166
;WIDTH:0.423417
G1 X64.766 Y116.129 E.00394
;WIDTH:0.465328
G1 X64.913 Y116.089 E.00437
;WIDTH:0.507239
G1 X65.059 Y116.05 E.00475
G1 X65.099 Y115.903 E.00479
;WIDTH:0.465328
G1 X65.139 Y115.756 E.00437
;WIDTH:0.423417
G1 X65.179 Y115.61 E.00392
;WIDTH:0.381505
G1 X65.179 Y92.729 E.52841
G1 X64.812 Y92.303 F9000
;TYPE:External perimeter
;WIDTH:0.419999
G1 F1800
G1 X65.892 Y92.303 E.02771
G1 X65.892 Y116.883 E.63059
G1 X11.312 Y116.883 E1.40022
G1 X11.312 Y106.803 E.2586
G1 X12.392 Y106.803 E.02771
G1 X12.392 Y115.61 E.22594
G1 X12.449 Y115.746 E.00378
G1 X12.585 Y115.803 E.00378
G1 X64.619 Y115.803 E1.3349
G1 X64.756 Y115.746 E.00381
G1 X64.812 Y115.61 E.00377
G1 X64.812 Y92.363 E.59639
G1 E-3.5 F3600
;WIPE_START
G1 F7200
G1 X64.812 Y92.303 E-.0285
G1 X65.892 Y92.303 E-.513
G1 X65.892 Y94.321 E-.9585
;WIPE_END
G1 X57.062 Y111.008 F9000
G1 E5 F2400
;WIDTH:0.567609
G1 F1800
G1 X57.443 Y111.264 E.01628
G1 X57.698 Y111.656 E.01659
G1 X57.782 Y112.116 E.01659
G1 X57.68 Y112.572 E.01658
G1 X57.409 Y112.953 E.01659
G1 X57.011 Y113.199 E.0166
G1 X56.549 Y113.271 E.01659
G1 X56.096 Y113.158 E.01656
G1 X55.722 Y112.877 E.01659
;WIDTH:0.566481
G1 X55.488 Y112.48 E.01631
;WIDTH:0.567607
G1 X55.423 Y112.069 E.01476
G1 X55.524 Y111.613 E.01657
;WIDTH:0.573931
G1 X55.795 Y111.232 E.01678
;WIDTH:0.567609
G1 X56.191 Y110.986 E.01654
;WIDTH:0.567986
G1 X56.632 Y110.912 E.01587
G1 X57.005 Y110.992 E.01354
G1 X57.185 Y110.491 F9000
;WIDTH:0.573931
G1 F1800
G1 X57.543 Y110.665 E.01429
G1 X57.851 Y110.922 E.0144
;WIDTH:0.567276
G1 X58.144 Y111.354 E.01851
;WIDTH:0.573932
G1 X58.29 Y111.822 E.0176
G1 X58.312 Y112.169 E.01248
;WIDTH:0.567277
G1 X58.207 Y112.68 E.01849
;WIDTH:0.573932
G1 X58.005 Y113.068 E.0157
G1 X57.742 Y113.37 E.01437
;WIDTH:0.567276
G1 X57.302 Y113.652 E.01853
;WIDTH:0.573931
G1 X56.884 Y113.778 E.01567
G1 X56.483 Y113.8 E.01442
;WIDTH:0.56728
G1 X55.975 Y113.683 E.01848
;WIDTH:0.574043
G1 X55.588 Y113.469 E.01588
G1 X55.343 Y113.255 E.01168
;WIDTH:0.565964
G1 X55.066 Y112.837 E.01773
;WIDTH:0.572493
G1 X54.923 Y112.416 E.01592
G1 X54.892 Y112.016 E.01436
;WIDTH:0.567277
G1 X54.997 Y111.505 E.01849
;WIDTH:0.573931
G1 X55.199 Y111.117 E.0157
G1 X55.463 Y110.815 E.0144
;WIDTH:0.567279
G1 X55.902 Y110.533 E.0185
;WIDTH:0.57309
G1 X56.323 Y110.406 E.01576
G1 X56.64 Y110.38 E.0114
;WIDTH:0.567658
G1 X57.129 Y110.47 E.01764
G1 E-3.5 F3600
;WIPE_START
G1 F7200
G1 X57.185 Y110.491 E-.02841
G1 X57.543 Y110.665 E-.18907
G1 X57.851 Y110.922 E-.19054
G1 X58.144 Y111.354 E-.24794
G1 X58.29 Y111.822 E-.23287
G1 X58.312 Y112.169 E-.16516
G1 X58.207 Y112.68 E-.2478
G1 X58.015 Y113.05 E-.19821
;WIPE_END
G1 X21.772 Y112.063 F9000
G1 E5 F2400
;WIDTH:0.56761
G1 F1800
G1 X21.782 Y112.116 E.00191
G1 X21.68 Y112.572 E.01658
G1 X21.409 Y112.953 E.01659
G1 X21.011 Y113.199 E.0166
G1 X20.549 Y113.271 E.01659
G1 X20.096 Y113.158 E.01656
G1 X19.722 Y112.878 E.01657
G1 X19.488 Y112.48 E.01638
G1 X19.423 Y112.069 E.01476
G1 X19.524 Y111.613 E.01657
;WIDTH:0.573932
G1 X19.795 Y111.232 E.01678
;WIDTH:0.567609
G1 X20.191 Y110.986 E.01654
;WIDTH:0.567986
G1 X20.632 Y110.912 E.01587
G1 X21.055 Y111.003 E.01536
;WIDTH:0.56761
G1 X21.443 Y111.264 E.01659
G1 X21.698 Y111.656 E.01659
G1 X21.761 Y112.004 E.01255
G1 X22.299 Y111.965 F9000
;WIDTH:0.573933
G1 F1800
G1 X22.312 Y112.169 E.00734
;WIDTH:0.567277
G1 X22.207 Y112.68 E.01849
;WIDTH:0.573933
G1 X22.005 Y113.068 E.0157
G1 X21.742 Y113.37 E.01437
;WIDTH:0.567277
G1 X21.302 Y113.652 E.01853
;WIDTH:0.573931
G1 X20.884 Y113.778 E.01567
G1 X20.483 Y113.8 E.01442
;WIDTH:0.567279
G1 X19.975 Y113.683 E.01848
;WIDTH:0.573932
G1 X19.592 Y113.471 E.01571
G1 X19.336 Y113.245 E.01226
;WIDTH:0.567304
G1 X19.06 Y112.83 E.01767
;WIDTH:0.572601
G1 X18.923 Y112.416 E.01561
G1 X18.892 Y112.016 E.01437
;WIDTH:0.567276
G1 X18.997 Y111.505 E.01849
;WIDTH:0.573932
G1 X19.199 Y111.117 E.0157
G1 X19.463 Y110.815 E.0144
;WIDTH:0.567279
G1 X19.902 Y110.533 E.0185
;WIDTH:0.57309
G1 X20.323 Y110.406 E.01576
G1 X20.64 Y110.38 E.0114
;WIDTH:0.567658
G1 X21.15 Y110.473 E.01839
;WIDTH:0.573932
G1 X21.543 Y110.665 E.0157
G1 X21.851 Y110.922 E.0144
;WIDTH:0.567275
G1 X22.144 Y111.354 E.01851
;WIDTH:0.573933
G1 X22.29 Y111.822 E.0176
G1 X22.295 Y111.905 E.00298
;LAYER_CHANGE
;Z:3.72
;HEIGHT:0.16
;BEFORE_LAYER_CHANGE
G92 E0
;3.72


G1 E-3.5 F3600
;WIPE_START
G1 F7200
G1 X22.299 Y111.965 E-.02856
G1 X22.312 Y112.169 E-.0971
G1 X22.207 Y112.68 E-.2478
G1 X22.005 Y113.068 E-.20778
G1 X21.742 Y113.37 E-.19022
G1 X21.302 Y113.652 E-.24824
G1 X20.884 Y113.778 E-.20737
G1 X20.483 Y113.8 E-.19076
G1 X20.314 Y113.761 E-.08217
;WIPE_END
G1 Z3.72 F9000
;AFTER_LAYER_CHANGE
;3.72
G1 X20.66 Y57.254
G1 E5 F2400
;WIDTH:0.56761
G1 F1800
G1 X20.549 Y57.271 E.00398
G1 X20.096 Y57.158 E.01656
;WIDTH:0.568634
G1 X19.721 Y56.878 E.01663
G1 X19.525 Y56.572 E.01292
;WIDTH:0.565755
G1 X19.422 Y56.135 E.01587
;WIDTH:0.567304
G1 X19.516 Y55.627 E.01832
;WIDTH:0.567611
G1 X19.795 Y55.232 E.01715
G1 X20.192 Y54.986 E.01657
;WIDTH:0.56801
G1 X20.634 Y54.912 E.01591
G1 X21.055 Y55.003 E.01529
;WIDTH:0.56761
G1 X21.443 Y55.264 E.01659
G1 X21.698 Y55.656 E.01659
G1 X21.782 Y56.116 E.01659
G1 X21.68 Y56.572 E.01658
G1 X21.409 Y56.953 E.01659
G1 X21.011 Y57.199 E.0166
G1 X20.72 Y57.245 E.01045
G1 X20.772 Y57.784 F9000
;WIDTH:0.573933
G1 F1800
G1 X20.483 Y57.8 E.01039
;WIDTH:0.56728
G1 X19.975 Y57.683 E.01848
;WIDTH:0.573935
G1 X19.592 Y57.471 E.01571
G1 X19.331 Y57.24 E.01251
;WIDTH:0.567964
G1 X19.066 Y56.837 E.01712
;WIDTH:0.572501
G1 X18.923 Y56.416 E.01592
G1 X18.892 Y56.016 E.01436
;WIDTH:0.567273
G1 X18.997 Y55.505 E.01849
;WIDTH:0.573935
G1 X19.199 Y55.117 E.0157
G1 X19.463 Y54.815 E.0144
;WIDTH:0.567279
G1 X19.902 Y54.533 E.0185
;WIDTH:0.57318
G1 X20.322 Y54.406 E.01573
G1 X20.643 Y54.38 E.01154
;WIDTH:0.567689
G1 X21.15 Y54.473 E.01829
;WIDTH:0.573933
G1 X21.543 Y54.665 E.0157
G1 X21.851 Y54.922 E.0144
;WIDTH:0.567276
G1 X22.144 Y55.354 E.01851
;WIDTH:0.573933
G1 X22.29 Y55.822 E.0176
G1 X22.312 Y56.169 E.01248
;WIDTH:0.567277
G1 X22.207 Y56.68 E.01849
;WIDTH:0.573935
G1 X22.005 Y57.068 E.0157
G1 X21.742 Y57.37 E.01437
;WIDTH:0.567279
G1 X21.302 Y57.652 E.01853
;WIDTH:0.573933
G1 X20.884 Y57.778 E.01567
G1 X20.831 Y57.781 E.00191
G1 E-3.5 F3600
;WIPE_START
G1 F7200
G1 X20.772 Y57.784 E-.02806
G1 X20.483 Y57.8 E-.13749
G1 X19.975 Y57.683 E-.24762
G1 X19.592 Y57.471 E-.20794
G1 X19.331 Y57.24 E-.16556
G1 X19.066 Y56.837 E-.2291
G1 X18.923 Y56.416 E-.2112
G1 X18.892 Y56.016 E-.19057
G1 X18.927 Y55.846 E-.08246
;WIPE_END
G1 X12.026 Y56.016 F9000
G1 E5 F2400
;TYPE:Perimeter
;WIDTH:0.381505
G1 F3600
G1 X11.679 Y56.016 E.00801
G1 X11.679 Y13.575 E.98012
;WIDTH:0.423417
G1 X11.7 Y13.294 E.00729
;WIDTH:0.465328
G1 X11.721 Y13.013 E.00808
;WIDTH:0.507239
G1 X11.742 Y12.732 E.00886
G1 X12.18 Y12.711 E.01379
;WIDTH:0.465328
G1 X12.383 Y12.69 E.00585
;WIDTH:0.423417
G1 X12.585 Y12.669 E.00526
;WIDTH:0.381505
G1 X15.526 Y12.669 E.06792
G1 X15.526 Y13.016 E.00801
G1 X12.585 Y13.016 E.06792
;WIDTH:0.423417
G1 X12.438 Y13.056 E.00394
;WIDTH:0.465328
G1 X12.292 Y13.096 E.00434
;WIDTH:0.507239
G1 X12.145 Y13.135 E.00478
G1 X12.105 Y13.282 E.00479
;WIDTH:0.465328
G1 X12.066 Y13.429 E.00436
;WIDTH:0.423417
G1 X12.026 Y13.575 E.00392
;WIDTH:0.381505
G1 X12.026 Y55.956 E.97874
G1 X12.392 Y56.383 F9000
;TYPE:External perimeter
;WIDTH:0.419999
G1 F1800
G1 X11.312 Y56.383 E.02771
G1 X11.312 Y12.303 E1.13085
G1 X15.892 Y12.303 E.1175
G1 X15.892 Y13.383 E.02771
G1 X12.585 Y13.383 E.08484
G1 X12.449 Y13.439 E.00377
G1 X12.392 Y13.575 E.00378
G1 X12.392 Y56.323 E1.09667
G1 E-3.5 F3600
;WIPE_START
G1 F7200
G1 X12.392 Y56.383 E-.0285
G1 X11.312 Y56.383 E-.513
G1 X11.312 Y54.365 E-.9585
;WIPE_END
G1 X23.175 Y18.478 F9000
G1 E5 F2400
G1 F1800
G1 X22.987 Y18.413 E.0051
G1 X22.732 Y18.26 E.00763
G1 X22.535 Y18.085 E.00676
G1 X22.256 Y17.653 E.01319
G1 X22.143 Y17.139 E.0135
G1 X22.178 Y16.786 E.0091
G1 X22.267 Y16.51 E.00744
G1 X22.409 Y16.257 E.00744
G1 X22.598 Y16.037 E.00744
G1 X22.827 Y15.859 E.00744
G1 X23.071 Y15.736 E.00701
G1 X23.574 Y15.633 E.01317
G1 X24.093 Y15.717 E.01349
G1 X24.408 Y15.879 E.00909
G1 X24.632 Y16.062 E.00742
G1 X24.816 Y16.287 E.00746
G1 X24.951 Y16.543 E.00742
G1 X25.033 Y16.822 E.00746
G1 X25.059 Y17.111 E.00744
G1 X25.026 Y17.399 E.00744
G1 X24.937 Y17.675 E.00744
G1 X24.796 Y17.928 E.00743
G1 X24.606 Y18.148 E.00746
G1 X24.377 Y18.326 E.00744
G1 X24.118 Y18.455 E.00742
G1 X23.837 Y18.53 E.00746
G1 X23.548 Y18.548 E.00743
G1 X23.261 Y18.509 E.00743
G1 X23.231 Y18.498 E.00082
G1 X23.155 Y18.848 F9000
;TYPE:Perimeter
;WIDTH:0.372844
G1 F1800
G1 X22.946 Y18.791 E.00488
G1 X22.623 Y18.627 E.00816
;WIDTH:0.379522
G1 X22.336 Y18.405 E.00833
;WIDTH:0.400266
G1 X22.077 Y18.077 E.01017
G1 X21.902 Y17.749 E.00905
;WIDTH:0.382596
G1 X21.791 Y17.245 E.01196
;WIDTH:0.37788
G1 X21.801 Y16.831 E.00946
;WIDTH:0.372844
G1 X21.888 Y16.479 E.00816
G1 X22.044 Y16.152 E.00816
G1 X22.261 Y15.862 E.00816
G1 X22.554 Y15.603 E.00881
;WIDTH:0.385272
G1 X22.995 Y15.375 E.01159
G1 X23.554 Y15.271 E.01327
;WIDTH:0.377012
G1 X24.128 Y15.352 E.01321
G1 X24.504 Y15.511 E.00931
;WIDTH:0.372846
G1 X24.799 Y15.721 E.00815
G1 X25.047 Y15.986 E.00817
G1 X25.238 Y16.294 E.00816
;WIDTH:0.383672
G1 X25.398 Y16.776 E.0118
G1 X25.42 Y16.992 E.00505
;WIDTH:0.372844
G1 X25.404 Y17.354 E.00816
G1 X25.316 Y17.706 E.00817
G1 X25.161 Y18.033 E.00815
G1 X24.943 Y18.323 E.00817
G1 X24.673 Y18.565 E.00816
G1 X24.36 Y18.748 E.00816
G1 X24.017 Y18.865 E.00816
G1 X23.658 Y18.912 E.00815
G1 X23.296 Y18.887 E.00817
G1 X23.213 Y18.864 E.00194
G1 X23.133 Y19.215 F9000
;TYPE:External perimeter
;WIDTH:0.419999
G1 F1800
G1 X22.823 Y19.131 E.00824
G1 X22.434 Y18.936 E.01116
G1 X22.094 Y18.679 E.01093
G1 X21.784 Y18.312 E.01232
G1 X21.624 Y18.016 E.00863
G1 X21.453 Y17.51 E.0137
G1 X21.428 Y17.272 E.00614
G1 X21.442 Y16.786 E.01247
G1 X21.545 Y16.364 E.01114
G1 X21.73 Y15.971 E.01114
G1 X21.99 Y15.622 E.01116
G1 X22.313 Y15.332 E.01114
G1 X22.712 Y15.099 E.01185
G1 X23.241 Y14.933 E.01422
G1 X23.721 Y14.906 E.01233
G1 X24.236 Y15.004 E.01345
G1 X24.677 Y15.193 E.01231
G1 X25.032 Y15.444 E.01115
G1 X25.348 Y15.781 E.01185
G1 X25.627 Y16.259 E.0142
G1 X25.765 Y16.748 E.01303
G1 X25.781 Y16.965 E.00558
G1 X25.763 Y17.399 E.01114
G1 X25.659 Y17.821 E.01115
G1 X25.474 Y18.214 E.01114
G1 X25.215 Y18.563 E.01115
G1 X24.891 Y18.853 E.01116
G1 X24.517 Y19.074 E.01114
G1 X24.106 Y19.216 E.01116
G1 X23.676 Y19.274 E.01113
G1 X23.242 Y19.245 E.01116
G1 X23.191 Y19.231 E.00136
G1 E-3.5 F3600
;WIPE_START
G1 F7200
G1 X23.133 Y19.215 E-.02858
G1 X22.823 Y19.131 E-.15256
G1 X22.434 Y18.936 E-.20669
G1 X22.094 Y18.679 E-.20245
G1 X21.784 Y18.312 E-.22819
G1 X21.624 Y18.016 E-.15983
G1 X21.453 Y17.51 E-.2537
G1 X21.428 Y17.272 E-.11367
G1 X21.437 Y16.947 E-.15433
;WIPE_END
G1 X52.277 Y31.495 F9000
G1 E5 F2400
G1 F1800
G1 X52.407 Y31.259 E.00691
G1 X52.596 Y31.039 E.00744
G1 X52.825 Y30.86 E.00746
G1 X53.071 Y30.736 E.00707
G1 X53.574 Y30.633 E.01317
G1 X54.093 Y30.717 E.01349
G1 X54.406 Y30.877 E.00902
G1 X54.631 Y31.061 E.00746
G1 X54.815 Y31.285 E.00744
G1 X54.951 Y31.541 E.00744
G1 X55.033 Y31.819 E.00744
G1 X55.059 Y32.108 E.00744
G1 X55.027 Y32.396 E.00743
G1 X54.939 Y32.673 E.00746
G1 X54.797 Y32.926 E.00744
G1 X54.608 Y33.146 E.00744
G1 X54.379 Y33.325 E.00746
G1 X54.12 Y33.454 E.00742
G1 X53.84 Y33.53 E.00744
G1 X53.55 Y33.548 E.00745
G1 X53.263 Y33.509 E.00743
G1 X52.989 Y33.414 E.00744
G1 X52.754 Y33.278 E.00697
G1 X52.406 Y32.929 E.01264
G1 X52.247 Y32.623 E.00885
G1 X52.143 Y32.139 E.0127
G1 X52.178 Y31.789 E.00902
G1 X52.249 Y31.548 E.00645
G1 X51.868 Y31.412 F9000
;TYPE:Perimeter
;WIDTH:0.46849
G1 F1800
G1 X52.001 Y31.13 E.009
G1 X52.224 Y30.832 E.01075
G1 X52.501 Y30.584 E.01074
G1 X52.822 Y30.395 E.01076
;WIDTH:0.496178
G1 X53.326 Y30.25 E.01611
G1 X53.674 Y30.223 E.01072
;WIDTH:0.481262
G1 X54.136 Y30.305 E.01395
;WIDTH:0.473022
G1 X54.525 Y30.468 E.01231
;WIDTH:0.468488
G1 X54.828 Y30.683 E.01073
G1 X55.083 Y30.954 E.01075
G1 X55.279 Y31.27 E.01074
;WIDTH:0.479436
G1 X55.445 Y31.768 E.01554
G1 X55.467 Y31.986 E.00649
;WIDTH:0.468488
G1 X55.451 Y32.358 E.01075
G1 X55.362 Y32.719 E.01074
G1 X55.203 Y33.055 E.01074
G1 X54.981 Y33.353 E.01073
G1 X54.704 Y33.601 E.01074
G1 X54.383 Y33.79 E.01076
G1 X54.031 Y33.911 E.01075
G1 X53.662 Y33.96 E.01075
G1 X53.291 Y33.934 E.01074
G1 X52.932 Y33.836 E.01075
G1 X52.6 Y33.669 E.01073
;WIDTH:0.48948
G1 X52.203 Y33.328 E.01584
G1 X51.98 Y33.023 E.01144
;WIDTH:0.482276
G1 X51.795 Y32.567 E.01466
;WIDTH:0.46966
G1 X51.737 Y32.199 E.01079
;WIDTH:0.46849
G1 X51.753 Y31.827 E.01075
G1 X51.842 Y31.466 E.01074
G1 X51.458 Y31.327 F9000
;TYPE:External perimeter
;WIDTH:0.419999
G1 F1800
G1 X51.661 Y30.899 E.01215
G1 X51.996 Y30.47 E.01396
G1 X52.409 Y30.139 E.01358
G1 X52.883 Y29.925 E.01334
G1 X53.438 Y29.819 E.0145
G1 X54.016 Y29.844 E.01484
G1 X54.334 Y29.935 E.00849
G1 X54.721 Y30.108 E.01088
G1 X55.092 Y30.369 E.01164
G1 X55.422 Y30.722 E.0124
G1 X55.714 Y31.219 E.01479
G1 X55.86 Y31.736 E.01378
G1 X55.876 Y31.955 E.00563
G1 X55.858 Y32.409 E.01166
G1 X55.751 Y32.849 E.01162
G1 X55.558 Y33.26 E.01165
G1 X55.288 Y33.624 E.01163
G1 X54.951 Y33.928 E.01164
G1 X54.561 Y34.159 E.01163
G1 X54.132 Y34.308 E.01165
G1 X53.683 Y34.369 E.01162
G1 X53.23 Y34.34 E.01165
G1 X52.792 Y34.221 E.01164
G1 X52.361 Y34.003 E.01239
G1 X51.917 Y33.636 E.01478
G1 X51.603 Y33.201 E.01376
G1 X51.399 Y32.676 E.01445
G1 X51.329 Y32.23 E.01158
G1 X51.346 Y31.776 E.01166
G1 X51.442 Y31.384 E.01035
G1 E-3.5 F3600
;WIPE_START
G1 F7200
G1 X51.458 Y31.327 E-.02812
G1 X51.661 Y30.899 E-.22501
G1 X51.996 Y30.47 E-.25854
G1 X52.409 Y30.139 E-.2514
G1 X52.883 Y29.925 E-.24703
G1 X53.438 Y29.819 E-.26839
G1 X53.904 Y29.839 E-.22151
;WIPE_END
G1 X56.375 Y54.956 F9000
G1 E5 F2400
;WIDTH:0.56801
G1 F1800
G1 X56.634 Y54.912 E.00933
G1 X57.055 Y55.003 E.01529
;WIDTH:0.567609
G1 X57.443 Y55.264 E.01659
G1 X57.698 Y55.656 E.01659
G1 X57.782 Y56.116 E.01659
G1 X57.68 Y56.572 E.01658
G1 X57.409 Y56.953 E.01659
G1 X57.011 Y57.199 E.0166
G1 X56.549 Y57.271 E.01659
G1 X56.096 Y57.158 E.01656
G1 X55.722 Y56.878 E.01657
G1 X55.488 Y56.48 E.01638
G1 X55.423 Y56.069 E.01476
G1 X55.524 Y55.613 E.01657
;WIDTH:0.573934
G1 X55.795 Y55.232 E.01678
;WIDTH:0.56761
G1 X56.192 Y54.986 E.01657
;WIDTH:0.56801
G1 X56.316 Y54.966 E.00446
G1 X56.184 Y54.448 F9000
;WIDTH:0.57318
G1 F1800
G1 X56.322 Y54.406 E.00517
G1 X56.643 Y54.38 E.01154
;WIDTH:0.567689
G1 X57.15 Y54.473 E.01829
;WIDTH:0.573931
G1 X57.543 Y54.665 E.0157
G1 X57.851 Y54.922 E.0144
;WIDTH:0.567278
G1 X58.144 Y55.354 E.01851
;WIDTH:0.573932
G1 X58.29 Y55.822 E.0176
G1 X58.312 Y56.169 E.01248
;WIDTH:0.567277
G1 X58.207 Y56.68 E.01849
;WIDTH:0.573933
G1 X58.005 Y57.068 E.0157
G1 X57.742 Y57.37 E.01437
;WIDTH:0.567279
G1 X57.302 Y57.652 E.01853
;WIDTH:0.573933
G1 X56.884 Y57.778 E.01567
G1 X56.483 Y57.8 E.01442
;WIDTH:0.56728
G1 X55.975 Y57.683 E.01848
;WIDTH:0.573934
G1 X55.592 Y57.471 E.01571
G1 X55.336 Y57.245 E.01226
;WIDTH:0.567304
G1 X55.06 Y56.83 E.01767
;WIDTH:0.572594
G1 X54.923 Y56.416 E.01561
G1 X54.892 Y56.016 E.01436
;WIDTH:0.567273
G1 X54.997 Y55.505 E.01849
;WIDTH:0.573934
G1 X55.199 Y55.117 E.0157
G1 X55.463 Y54.815 E.0144
;WIDTH:0.567279
G1 X55.902 Y54.533 E.0185
;WIDTH:0.57318
G1 X56.126 Y54.465 E.00839
G1 E-3.5 F3600
;WIPE_START
G1 F7200
G1 X56.184 Y54.448 E-.02871
G1 X56.322 Y54.406 E-.06852
G1 X56.643 Y54.38 E-.15297
G1 X57.15 Y54.473 E-.24484
G1 X57.543 Y54.665 E-.20776
G1 X57.851 Y54.922 E-.19054
G1 X58.144 Y55.354 E-.24794
G1 X58.29 Y55.822 E-.23287
G1 X58.307 Y56.086 E-.12585
;WIPE_END
G1 X65.179 Y71.516 F9000
G1 E5 F2400
;TYPE:Perimeter
;WIDTH:0.381505
G1 F3600
G1 X65.179 Y13.575 E1.33808
;WIDTH:0.423417
G1 X65.139 Y13.429 E.00392
;WIDTH:0.465328
G1 X65.099 Y13.282 E.00437
;WIDTH:0.507239
G1 X65.059 Y13.135 E.00479
G1 X64.913 Y13.096 E.00475
;WIDTH:0.465328
G1 X64.766 Y13.056 E.00437
;WIDTH:0.423417
G1 X64.619 Y13.016 E.00394
;WIDTH:0.381505
G1 X21.679 Y13.016 E.99165
G1 X21.679 Y12.669 E.00801
G1 X64.619 Y12.669 E.99165
;WIDTH:0.423417
G1 X64.901 Y12.69 E.00732
;WIDTH:0.465328
G1 X65.182 Y12.711 E.00808
;WIDTH:0.507239
G1 X65.463 Y12.732 E.00886
G1 X65.463 Y12.968 E.00742
G1 X65.484 Y13.171 E.00642
;WIDTH:0.465328
G1 X65.505 Y13.373 E.00582
;WIDTH:0.423417
G1 X65.526 Y13.575 E.00526
;WIDTH:0.381505
G1 X65.526 Y71.516 E1.33808
G1 X65.239 Y71.516 E.00663
G1 X64.812 Y71.883 F9000
;TYPE:External perimeter
;WIDTH:0.419999
G1 F1800
G1 X64.812 Y13.575 E1.49586
G1 X64.756 Y13.439 E.00377
G1 X64.619 Y13.383 E.0038
G1 X21.312 Y13.383 E1.11102
G1 X21.312 Y12.303 E.02771
G1 X65.892 Y12.303 E1.14367
G1 X65.892 Y71.883 E1.52849
G1 X64.872 Y71.883 E.02617
G1 E-3.5 F3600
;WIPE_START
G1 F7200
G1 X64.812 Y71.883 E-.0285
G1 X64.812 Y68.785 E-1.4715
;WIPE_END
G1 X65.179 Y92.669 F9000
G1 E5 F2400
;TYPE:Perimeter
;WIDTH:0.381505
G1 F3600
G1 X65.526 Y92.669 E.00801
G1 X65.526 Y92.843 E.00402
G1 X65.526 Y115.704 E.52795
;WIDTH:0.423417
G1 X65.505 Y115.954 E.00649
;WIDTH:0.465328
G1 X65.484 Y116.204 E.00719
;WIDTH:0.507239
G1 X65.463 Y116.453 E.00786
G1 X65.024 Y116.474 E.01383
;WIDTH:0.465328
G1 X64.822 Y116.495 E.00582
;WIDTH:0.423417
G1 X64.619 Y116.516 E.00528
;WIDTH:0.381505
G1 X12.585 Y116.516 E1.20166
;WIDTH:0.423417
G1 X12.304 Y116.495 E.00729
;WIDTH:0.465328
G1 X12.023 Y116.474 E.00808
;WIDTH:0.507239
G1 X11.742 Y116.453 E.00886
G1 X11.721 Y116.014 E.01383
;WIDTH:0.465328
G1 X11.7 Y115.812 E.00582
;WIDTH:0.423417
G1 X11.679 Y115.61 E.00526
;WIDTH:0.381505
G1 X11.679 Y107.169 E.19493
G1 X12.026 Y107.169 E.00801
G1 X12.026 Y115.61 E.19493
;WIDTH:0.423417
G1 X12.066 Y115.756 E.00392
;WIDTH:0.465328
G1 X12.105 Y115.903 E.00436
;WIDTH:0.507239
G1 X12.145 Y116.05 E.00479
G1 X12.292 Y116.089 E.00478
;WIDTH:0.465328
G1 X12.438 Y116.129 E.00434
;WIDTH:0.423417
G1 X12.585 Y116.169 E.00394
;WIDTH:0.381505
G1 X64.619 Y116.169 E1.20166
;WIDTH:0.423417
G1 X64.766 Y116.129 E.00394
;WIDTH:0.465328
G1 X64.913 Y116.089 E.00437
;WIDTH:0.507239
G1 X65.059 Y116.05 E.00475
G1 X65.099 Y115.903 E.00479
;WIDTH:0.465328
G1 X65.139 Y115.756 E.00437
;WIDTH:0.423417
G1 X65.179 Y115.61 E.00392
;WIDTH:0.381505
G1 X65.179 Y92.729 E.52841
G1 X64.812 Y92.303 F9000
;TYPE:External perimeter
;WIDTH:0.419999
G1 F1800
G1 X65.892 Y92.303 E.02771
G1 X65.892 Y116.883 E.63059
G1 X11.312 Y116.883 E1.40022
G1 X11.312 Y106.803 E.2586
G1 X12.392 Y106.803 E.02771
G1 X12.392 Y115.61 E.22594
G1 X12.449 Y115.746 E.00378
G1 X12.585 Y115.803 E.00378
G1 X64.619 Y115.803 E1.3349
G1 X64.756 Y115.746 E.00381
G1 X64.812 Y115.61 E.00377
G1 X64.812 Y92.363 E.59639
G1 E-3.5 F3600
;WIPE_START
G1 F7200
G1 X64.812 Y92.303 E-.0285
G1 X65.892 Y92.303 E-.513
G1 X65.892 Y94.321 E-.9585
;WIPE_END
G1 X57.061 Y111.007 F9000
G1 E5 F2400
;WIDTH:0.567609
G1 F1800
G1 X57.443 Y111.264 E.01633
G1 X57.698 Y111.656 E.01659
G1 X57.782 Y112.116 E.01659
G1 X57.68 Y112.572 E.01658
G1 X57.409 Y112.953 E.01659
G1 X57.011 Y113.199 E.0166
;WIDTH:0.568635
G1 X56.549 Y113.272 E.01662
G1 X56.096 Y113.157 E.01661
;WIDTH:0.565754
G1 X55.722 Y112.877 E.01652
G1 X55.488 Y112.48 E.01629
;WIDTH:0.567604
G1 X55.423 Y112.069 E.01476
G1 X55.524 Y111.613 E.01657
G1 X55.795 Y111.232 E.01659
G1 X56.192 Y110.986 E.01657
;WIDTH:0.568011
G1 X56.634 Y110.912 E.01591
G1 X57.003 Y110.992 E.0134
G1 X57.185 Y110.491 F9000
;WIDTH:0.573933
G1 F1800
G1 X57.543 Y110.665 E.01429
G1 X57.851 Y110.922 E.0144
;WIDTH:0.567276
G1 X58.144 Y111.354 E.01851
;WIDTH:0.573932
G1 X58.29 Y111.822 E.0176
G1 X58.312 Y112.169 E.01248
;WIDTH:0.567276
G1 X58.207 Y112.68 E.01849
;WIDTH:0.573932
G1 X58.005 Y113.068 E.0157
G1 X57.742 Y113.37 E.01437
;WIDTH:0.567277
G1 X57.302 Y113.652 E.01853
;WIDTH:0.573931
G1 X56.884 Y113.778 E.01567
G1 X56.537 Y113.804 E.01249
;WIDTH:0.567964
G1 X56.062 Y113.713 E.01717
;WIDTH:0.574824
G1 X55.662 Y113.519 E.01598
G1 X55.357 Y113.27 E.01416
;WIDTH:0.565756
G1 X55.066 Y112.837 E.01844
;WIDTH:0.5725
G1 X54.923 Y112.416 E.01592
G1 X54.892 Y112.016 E.01436
;WIDTH:0.567273
G1 X54.997 Y111.505 E.01849
;WIDTH:0.573932
G1 X55.199 Y111.117 E.0157
G1 X55.463 Y110.815 E.0144
;WIDTH:0.567278
G1 X55.902 Y110.533 E.0185
;WIDTH:0.57318
G1 X56.322 Y110.406 E.01573
G1 X56.643 Y110.38 E.01154
;WIDTH:0.567688
G1 X57.129 Y110.47 E.01754
G1 E-3.5 F3600
;WIPE_START
G1 F7200
G1 X57.185 Y110.491 E-.02841
G1 X57.543 Y110.665 E-.18907
G1 X57.851 Y110.922 E-.19054
G1 X58.144 Y111.354 E-.24794
G1 X58.29 Y111.822 E-.23287
G1 X58.312 Y112.169 E-.16516
G1 X58.207 Y112.68 E-.2478
G1 X58.015 Y113.05 E-.19821
;WIPE_END
G1 X21.772 Y112.063 F9000
G1 E5 F2400
;WIDTH:0.56761
G1 F1800
G1 X21.782 Y112.116 E.00191
G1 X21.68 Y112.572 E.01658
G1 X21.409 Y112.953 E.01659
G1 X21.011 Y113.199 E.0166
G1 X20.549 Y113.271 E.01659
G1 X20.096 Y113.158 E.01656
;WIDTH:0.568635
G1 X19.721 Y112.878 E.01663
G1 X19.525 Y112.572 E.01292
;WIDTH:0.565757
G1 X19.422 Y112.135 E.01587
;WIDTH:0.567304
G1 X19.516 Y111.627 E.01832
;WIDTH:0.567608
G1 X19.795 Y111.232 E.01715
G1 X20.192 Y110.986 E.01657
;WIDTH:0.568012
G1 X20.634 Y110.912 E.01591
G1 X21.055 Y111.003 E.01529
;WIDTH:0.56761
G1 X21.443 Y111.264 E.01659
G1 X21.698 Y111.656 E.01659
G1 X21.761 Y112.004 E.01255
G1 X22.299 Y111.965 F9000
;WIDTH:0.573932
G1 F1800
G1 X22.312 Y112.169 E.00734
;WIDTH:0.567278
G1 X22.207 Y112.68 E.01849
;WIDTH:0.573934
G1 X22.005 Y113.068 E.0157
G1 X21.742 Y113.37 E.01437
;WIDTH:0.567277
G1 X21.302 Y113.652 E.01853
;WIDTH:0.573931
G1 X20.884 Y113.778 E.01567
G1 X20.483 Y113.8 E.01442
;WIDTH:0.56728
G1 X19.975 Y113.683 E.01848
;WIDTH:0.573933
G1 X19.592 Y113.471 E.01571
G1 X19.331 Y113.24 E.01251
;WIDTH:0.567964
G1 X19.066 Y112.837 E.01712
;WIDTH:0.572501
G1 X18.923 Y112.416 E.01592
G1 X18.892 Y112.016 E.01436
;WIDTH:0.567273
G1 X18.997 Y111.505 E.01849
;WIDTH:0.573933
G1 X19.199 Y111.117 E.0157
G1 X19.463 Y110.815 E.0144
;WIDTH:0.567278
G1 X19.902 Y110.533 E.0185
;WIDTH:0.57318
G1 X20.322 Y110.406 E.01573
G1 X20.643 Y110.38 E.01154
;WIDTH:0.567688
G1 X21.15 Y110.473 E.01829
;WIDTH:0.573933
G1 X21.543 Y110.665 E.0157
G1 X21.851 Y110.922 E.0144
;WIDTH:0.567275
G1 X22.144 Y111.354 E.01851
;WIDTH:0.573932
G1 X22.29 Y111.822 E.0176
G1 X22.295 Y111.905 E.00298
;LAYER_CHANGE
;Z:3.88
;HEIGHT:0.16
;BEFORE_LAYER_CHANGE
G92 E0
;3.88


G1 E-3.5 F3600
;WIPE_START
G1 F7200
G1 X22.299 Y111.965 E-.02856
G1 X22.312 Y112.169 E-.0971
G1 X22.207 Y112.68 E-.2478
G1 X22.005 Y113.068 E-.20778
G1 X21.742 Y113.37 E-.19022
G1 X21.302 Y113.652 E-.24824
G1 X20.884 Y113.778 E-.20737
G1 X20.483 Y113.8 E-.19076
G1 X20.314 Y113.761 E-.08217
;WIPE_END
G1 Z3.88 F9000
;AFTER_LAYER_CHANGE
;3.88
G1 X20.66 Y57.254
G1 E5 F2400
;WIDTH:0.567611
G1 F1800
G1 X20.549 Y57.271 E.00398
G1 X20.096 Y57.158 E.01656
G1 X19.722 Y56.877 E.01659
;WIDTH:0.566317
G1 X19.488 Y56.48 E.01631
;WIDTH:0.56761
G1 X19.423 Y56.069 E.01476
G1 X19.524 Y55.613 E.01657
;WIDTH:0.573933
G1 X19.795 Y55.232 E.01678
;WIDTH:0.56761
G1 X20.192 Y54.986 E.01657
;WIDTH:0.568034
G1 X20.636 Y54.912 E.01598
G1 X21.055 Y55.003 E.01522
;WIDTH:0.567611
G1 X21.443 Y55.264 E.01659
G1 X21.698 Y55.656 E.01659
G1 X21.782 Y56.116 E.01659
G1 X21.68 Y56.572 E.01658
G1 X21.409 Y56.953 E.01659
G1 X21.011 Y57.199 E.0166
G1 X20.72 Y57.245 E.01045
G1 X20.772 Y57.784 F9000
;WIDTH:0.573934
G1 F1800
G1 X20.483 Y57.8 E.01039
;WIDTH:0.56728
G1 X19.975 Y57.683 E.01848
;WIDTH:0.574059
G1 X19.588 Y57.468 E.01589
G1 X19.347 Y57.259 E.01145
;WIDTH:0.565945
G1 X19.066 Y56.837 E.01793
;WIDTH:0.572494
G1 X18.923 Y56.416 E.01592
G1 X18.892 Y56.016 E.01436
;WIDTH:0.567277
G1 X18.997 Y55.505 E.01849
;WIDTH:0.573933
G1 X19.199 Y55.117 E.0157
G1 X19.463 Y54.815 E.0144
;WIDTH:0.567279
G1 X19.902 Y54.533 E.0185
;WIDTH:0.573274
G1 X20.322 Y54.406 E.01573
G1 X20.646 Y54.38 E.01165
;WIDTH:0.567718
G1 X21.15 Y54.473 E.01818
;WIDTH:0.573932
G1 X21.543 Y54.665 E.0157
G1 X21.851 Y54.922 E.0144
;WIDTH:0.567278
G1 X22.144 Y55.354 E.01851
;WIDTH:0.573934
G1 X22.29 Y55.822 E.0176
G1 X22.312 Y56.169 E.01248
;WIDTH:0.567277
G1 X22.207 Y56.68 E.01849
;WIDTH:0.573935
G1 X22.005 Y57.068 E.0157
G1 X21.742 Y57.37 E.01437
;WIDTH:0.567279
G1 X21.302 Y57.652 E.01853
;WIDTH:0.573934
G1 X20.884 Y57.778 E.01567
G1 X20.831 Y57.781 E.00191
G1 E-3.5 F3600
;WIPE_START
G1 F7200
G1 X20.772 Y57.784 E-.02806
G1 X20.483 Y57.8 E-.13749
G1 X19.975 Y57.683 E-.24762
G1 X19.588 Y57.468 E-.21029
G1 X19.347 Y57.259 E-.15153
G1 X19.066 Y56.837 E-.24082
G1 X18.923 Y56.416 E-.2112
G1 X18.892 Y56.016 E-.19057
G1 X18.927 Y55.846 E-.08242
;WIPE_END
G1 X12.026 Y56.016 F9000
G1 E5 F2400
;TYPE:Perimeter
;WIDTH:0.381505
G1 F3600
G1 X11.679 Y56.016 E.00801
G1 X11.679 Y13.575 E.98012
;WIDTH:0.423417
G1 X11.7 Y13.294 E.00729
;WIDTH:0.465328
G1 X11.721 Y13.013 E.00808
;WIDTH:0.507239
G1 X11.742 Y12.732 E.00886
G1 X12.18 Y12.711 E.01379
;WIDTH:0.465328
G1 X12.383 Y12.69 E.00585
;WIDTH:0.423417
G1 X12.585 Y12.669 E.00526
;WIDTH:0.381505
G1 X15.526 Y12.669 E.06792
G1 X15.526 Y13.016 E.00801
G1 X12.585 Y13.016 E.06792
;WIDTH:0.423417
G1 X12.438 Y13.056 E.00394
;WIDTH:0.465328
G1 X12.292 Y13.096 E.00434
;WIDTH:0.507239
G1 X12.145 Y13.135 E.00478
G1 X12.105 Y13.282 E.00479
;WIDTH:0.465328
G1 X12.066 Y13.429 E.00436
;WIDTH:0.423417
G1 X12.026 Y13.575 E.00392
;WIDTH:0.381505
G1 X12.026 Y55.956 E.97874
G1 X12.392 Y56.383 F9000
;TYPE:External perimeter
;WIDTH:0.419999
G1 F1800
G1 X11.312 Y56.383 E.02771
G1 X11.312 Y12.303 E1.13085
G1 X15.892 Y12.303 E.1175
G1 X15.892 Y13.383 E.02771
G1 X12.585 Y13.383 E.08484
G1 X12.449 Y13.439 E.00377
G1 X12.392 Y13.575 E.00378
G1 X12.392 Y56.323 E1.09667
G1 E-3.5 F3600
;WIPE_START
G1 F7200
G1 X12.392 Y56.383 E-.0285
G1 X11.312 Y56.383 E-.513
G1 X11.312 Y54.365 E-.9585
;WIPE_END
G1 X23.175 Y18.478 F9000
G1 E5 F2400
G1 F1800
G1 X22.987 Y18.413 E.0051
G1 X22.732 Y18.26 E.00763
G1 X22.535 Y18.085 E.00676
G1 X22.256 Y17.654 E.01317
G1 X22.147 Y17.166 E.01283
G1 X22.178 Y16.786 E.00978
G1 X22.267 Y16.51 E.00744
G1 X22.409 Y16.257 E.00744
G1 X22.598 Y16.037 E.00744
G1 X22.827 Y15.859 E.00744
G1 X23.071 Y15.736 E.00701
G1 X23.576 Y15.633 E.01322
G1 X24.093 Y15.717 E.01344
G1 X24.408 Y15.879 E.00909
G1 X24.632 Y16.062 E.00742
G1 X24.816 Y16.287 E.00746
G1 X24.951 Y16.543 E.00742
G1 X25.033 Y16.822 E.00746
G1 X25.059 Y17.111 E.00744
G1 X25.026 Y17.399 E.00744
G1 X24.937 Y17.675 E.00744
G1 X24.796 Y17.928 E.00743
G1 X24.606 Y18.148 E.00746
G1 X24.377 Y18.326 E.00744
G1 X24.118 Y18.455 E.00742
G1 X23.837 Y18.53 E.00746
G1 X23.548 Y18.548 E.00743
G1 X23.261 Y18.509 E.00743
G1 X23.231 Y18.498 E.00082
G1 X23.155 Y18.848 F9000
;TYPE:Perimeter
;WIDTH:0.372844
G1 F1800
G1 X22.946 Y18.791 E.00488
G1 X22.623 Y18.627 E.00816
;WIDTH:0.379518
G1 X22.336 Y18.405 E.00833
;WIDTH:0.400046
G1 X22.077 Y18.077 E.01017
G1 X21.902 Y17.751 E.009
;WIDTH:0.382848
G1 X21.791 Y17.245 E.01201
;WIDTH:0.377938
G1 X21.801 Y16.831 E.00947
;WIDTH:0.372844
G1 X21.888 Y16.479 E.00816
G1 X22.044 Y16.152 E.00816
G1 X22.261 Y15.862 E.00816
G1 X22.554 Y15.603 E.00881
;WIDTH:0.385292
G1 X22.996 Y15.375 E.01161
G1 X23.557 Y15.271 E.01332
;WIDTH:0.37695
G1 X24.129 Y15.353 E.01317
G1 X24.504 Y15.511 E.00927
;WIDTH:0.372844
G1 X24.799 Y15.721 E.00815
G1 X25.047 Y15.986 E.00817
G1 X25.238 Y16.294 E.00816
;WIDTH:0.38367
G1 X25.398 Y16.776 E.0118
G1 X25.42 Y16.992 E.00505
;WIDTH:0.372844
G1 X25.404 Y17.354 E.00816
G1 X25.316 Y17.706 E.00817
G1 X25.161 Y18.033 E.00815
G1 X24.943 Y18.323 E.00817
G1 X24.673 Y18.565 E.00816
G1 X24.36 Y18.748 E.00816
G1 X24.017 Y18.865 E.00816
G1 X23.658 Y18.912 E.00815
G1 X23.296 Y18.887 E.00817
G1 X23.213 Y18.864 E.00194
G1 X23.133 Y19.215 F9000
;TYPE:External perimeter
;WIDTH:0.419999
G1 F1800
G1 X22.823 Y19.131 E.00824
G1 X22.434 Y18.936 E.01116
G1 X22.094 Y18.679 E.01093
G1 X21.784 Y18.312 E.01232
G1 X21.625 Y18.018 E.00857
G1 X21.453 Y17.51 E.01376
G1 X21.428 Y17.272 E.00614
G1 X21.442 Y16.786 E.01247
G1 X21.545 Y16.364 E.01114
G1 X21.73 Y15.971 E.01114
G1 X21.99 Y15.622 E.01116
G1 X22.313 Y15.332 E.01114
G1 X22.712 Y15.099 E.01185
G1 X23.24 Y14.933 E.0142
G1 X23.724 Y14.906 E.01244
G1 X24.236 Y15.005 E.01338
G1 X24.677 Y15.193 E.0123
G1 X25.032 Y15.444 E.01115
G1 X25.348 Y15.781 E.01185
G1 X25.627 Y16.259 E.0142
G1 X25.765 Y16.748 E.01303
G1 X25.781 Y16.965 E.00558
G1 X25.763 Y17.399 E.01114
G1 X25.659 Y17.821 E.01115
G1 X25.474 Y18.214 E.01114
G1 X25.215 Y18.563 E.01115
G1 X24.891 Y18.853 E.01116
G1 X24.517 Y19.074 E.01114
G1 X24.106 Y19.216 E.01116
G1 X23.676 Y19.274 E.01113
G1 X23.242 Y19.245 E.01116
G1 X23.191 Y19.231 E.00136
G1 E-3.5 F3600
;WIPE_START
G1 F7200
G1 X23.133 Y19.215 E-.02858
G1 X22.823 Y19.131 E-.15256
G1 X22.434 Y18.936 E-.20669
G1 X22.094 Y18.679 E-.20245
G1 X21.784 Y18.312 E-.22819
G1 X21.625 Y18.018 E-.15876
G1 X21.453 Y17.51 E-.25476
G1 X21.428 Y17.272 E-.11367
G1 X21.437 Y16.947 E-.15434
;WIPE_END
G1 X52.276 Y31.494 F9000
G1 E5 F2400
G1 F1800
G1 X52.407 Y31.259 E.0069
G1 X52.596 Y31.039 E.00744
G1 X52.825 Y30.86 E.00746
G1 X53.071 Y30.736 E.00707
G1 X53.576 Y30.633 E.01322
G1 X54.093 Y30.717 E.01344
G1 X54.406 Y30.877 E.00902
G1 X54.631 Y31.061 E.00746
G1 X54.815 Y31.285 E.00744
G1 X54.951 Y31.541 E.00744
G1 X55.033 Y31.819 E.00744
G1 X55.059 Y32.108 E.00744
G1 X55.027 Y32.396 E.00743
G1 X54.939 Y32.673 E.00746
G1 X54.797 Y32.926 E.00744
G1 X54.608 Y33.146 E.00744
G1 X54.379 Y33.325 E.00746
G1 X54.12 Y33.454 E.00742
G1 X53.84 Y33.53 E.00744
G1 X53.55 Y33.548 E.00745
G1 X53.258 Y33.508 E.00756
G1 X52.796 Y33.309 E.01291
G1 X52.544 Y33.098 E.00843
G1 X52.387 Y32.9 E.00648
G1 X52.234 Y32.594 E.00878
G1 X52.146 Y32.077 E.01345
G1 X52.178 Y31.789 E.00743
G1 X52.254 Y31.55 E.00643
G1 X51.868 Y31.412 F9000
;TYPE:Perimeter
;WIDTH:0.46849
G1 F1800
G1 X52.001 Y31.13 E.009
G1 X52.224 Y30.832 E.01075
G1 X52.501 Y30.584 E.01074
G1 X52.822 Y30.395 E.01076
;WIDTH:0.49643
G1 X53.326 Y30.25 E.01612
G1 X53.677 Y30.223 E.01082
;WIDTH:0.481336
G1 X54.137 Y30.305 E.01389
;WIDTH:0.472954
G1 X54.525 Y30.468 E.01228
;WIDTH:0.468492
G1 X54.828 Y30.683 E.01073
G1 X55.083 Y30.954 E.01075
G1 X55.279 Y31.27 E.01074
;WIDTH:0.479434
G1 X55.445 Y31.768 E.01554
G1 X55.467 Y31.986 E.00649
;WIDTH:0.468488
G1 X55.451 Y32.358 E.01075
G1 X55.362 Y32.719 E.01074
G1 X55.203 Y33.055 E.01074
G1 X54.981 Y33.353 E.01073
G1 X54.704 Y33.601 E.01074
G1 X54.383 Y33.79 E.01076
G1 X54.031 Y33.911 E.01075
G1 X53.662 Y33.96 E.01075
G1 X53.291 Y33.934 E.01074
;WIDTH:0.473344
G1 X52.932 Y33.839 E.01084
G1 X52.599 Y33.671 E.01089
;WIDTH:0.473038
G1 X52.306 Y33.441 E.01087
;WIDTH:0.47246
G1 X52.065 Y33.157 E.01086
;WIDTH:0.475496
G1 X51.858 Y32.777 E.0127
G1 X51.743 Y32.244 E.016
;WIDTH:0.472442
G1 X51.753 Y31.827 E.01216
;WIDTH:0.46849
G1 X51.842 Y31.466 E.01074
G1 X51.458 Y31.327 F9000
;TYPE:External perimeter
;WIDTH:0.419999
G1 F1800
G1 X51.661 Y30.899 E.01215
G1 X51.996 Y30.47 E.01396
G1 X52.409 Y30.139 E.01358
G1 X52.883 Y29.925 E.01334
G1 X53.441 Y29.819 E.01457
G1 X54.016 Y29.844 E.01477
G1 X54.334 Y29.935 E.00849
G1 X54.721 Y30.108 E.01088
G1 X55.092 Y30.369 E.01164
G1 X55.422 Y30.722 E.0124
G1 X55.714 Y31.219 E.01479
G1 X55.86 Y31.736 E.01378
G1 X55.876 Y31.955 E.00563
G1 X55.858 Y32.409 E.01166
G1 X55.751 Y32.849 E.01162
G1 X55.558 Y33.26 E.01165
G1 X55.288 Y33.624 E.01163
G1 X54.951 Y33.928 E.01164
G1 X54.561 Y34.159 E.01163
G1 X54.132 Y34.308 E.01165
G1 X53.683 Y34.369 E.01162
G1 X53.23 Y34.34 E.01165
G1 X52.797 Y34.228 E.01147
G1 X52.4 Y34.032 E.01136
G1 X52.042 Y33.756 E.0116
G1 X51.743 Y33.414 E.01165
G1 X51.518 Y33.019 E.01166
G1 X51.36 Y32.531 E.01316
G1 X51.332 Y32.275 E.00661
G1 X51.346 Y31.776 E.01281
G1 X51.442 Y31.384 E.01035
G1 E-3.5 F3600
;WIPE_START
G1 F7200
G1 X51.458 Y31.327 E-.02812
G1 X51.661 Y30.899 E-.22501
G1 X51.996 Y30.47 E-.25854
G1 X52.409 Y30.139 E-.2514
G1 X52.883 Y29.925 E-.24703
G1 X53.441 Y29.819 E-.26979
G1 X53.904 Y29.839 E-.22011
;WIPE_END
G1 X56.375 Y54.956 F9000
G1 E5 F2400
;WIDTH:0.568034
G1 F1800
G1 X56.636 Y54.912 E.0094
G1 X57.055 Y55.003 E.01522
;WIDTH:0.567611
G1 X57.443 Y55.264 E.01659
G1 X57.698 Y55.656 E.01659
G1 X57.782 Y56.116 E.01659
G1 X57.68 Y56.572 E.01658
G1 X57.409 Y56.953 E.01659
G1 X57.011 Y57.199 E.0166
G1 X56.549 Y57.271 E.01659
G1 X56.096 Y57.158 E.01656
G1 X55.722 Y56.877 E.01659
;WIDTH:0.565753
G1 X55.488 Y56.48 E.01629
;WIDTH:0.567609
G1 X55.423 Y56.069 E.01476
G1 X55.524 Y55.613 E.01657
;WIDTH:0.573934
G1 X55.795 Y55.232 E.01678
;WIDTH:0.56761
G1 X56.192 Y54.986 E.01657
;WIDTH:0.568034
G1 X56.316 Y54.966 E.00446
G1 X56.184 Y54.448 F9000
;WIDTH:0.573274
G1 F1800
G1 X56.322 Y54.406 E.00517
G1 X56.646 Y54.38 E.01165
;WIDTH:0.567718
G1 X57.15 Y54.473 E.01818
;WIDTH:0.573932
G1 X57.543 Y54.665 E.0157
G1 X57.851 Y54.922 E.0144
;WIDTH:0.567278
G1 X58.144 Y55.354 E.01851
;WIDTH:0.573933
G1 X58.29 Y55.822 E.0176
G1 X58.312 Y56.169 E.01248
;WIDTH:0.567277
G1 X58.207 Y56.68 E.01849
;WIDTH:0.573933
G1 X58.005 Y57.068 E.0157
G1 X57.742 Y57.37 E.01437
;WIDTH:0.567278
G1 X57.302 Y57.652 E.01853
;WIDTH:0.573933
G1 X56.884 Y57.778 E.01567
G1 X56.483 Y57.8 E.01442
;WIDTH:0.56728
G1 X55.975 Y57.683 E.01848
;WIDTH:0.57411
G1 X55.586 Y57.467 E.01598
G1 X55.362 Y57.275 E.01059
;WIDTH:0.56612
G1 X55.066 Y56.837 E.0187
;WIDTH:0.572493
G1 X54.923 Y56.416 E.01592
G1 X54.892 Y56.016 E.01436
;WIDTH:0.567278
G1 X54.997 Y55.505 E.01849
;WIDTH:0.573934
G1 X55.199 Y55.117 E.0157
G1 X55.463 Y54.815 E.0144
;WIDTH:0.567279
G1 X55.902 Y54.533 E.0185
;WIDTH:0.573274
G1 X56.126 Y54.465 E.00839
G1 E-3.5 F3600
;WIPE_START
G1 F7200
G1 X56.184 Y54.448 E-.02871
G1 X56.322 Y54.406 E-.06852
G1 X56.646 Y54.38 E-.15439
G1 X57.15 Y54.473 E-.24344
G1 X57.543 Y54.665 E-.20776
G1 X57.851 Y54.922 E-.19054
G1 X58.144 Y55.354 E-.24794
G1 X58.29 Y55.822 E-.23287
G1 X58.307 Y56.086 E-.12583
;WIPE_END
G1 X65.179 Y71.516 F9000
G1 E5 F2400
;TYPE:Perimeter
;WIDTH:0.381505
G1 F3600
G1 X65.179 Y13.575 E1.33808
;WIDTH:0.423417
G1 X65.139 Y13.429 E.00392
;WIDTH:0.465328
G1 X65.099 Y13.282 E.00437
;WIDTH:0.507239
G1 X65.059 Y13.135 E.00479
G1 X64.913 Y13.096 E.00475
;WIDTH:0.465328
G1 X64.766 Y13.056 E.00437
;WIDTH:0.423417
G1 X64.619 Y13.016 E.00394
;WIDTH:0.381505
G1 X21.679 Y13.016 E.99165
G1 X21.679 Y12.669 E.00801
G1 X64.619 Y12.669 E.99165
;WIDTH:0.423417
G1 X64.901 Y12.69 E.00732
;WIDTH:0.465328
G1 X65.182 Y12.711 E.00808
;WIDTH:0.507239
G1 X65.463 Y12.732 E.00886
G1 X65.463 Y12.968 E.00742
G1 X65.484 Y13.171 E.00642
;WIDTH:0.465328
G1 X65.505 Y13.373 E.00582
;WIDTH:0.423417
G1 X65.526 Y13.575 E.00526
;WIDTH:0.381505
G1 X65.526 Y71.516 E1.33808
G1 X65.239 Y71.516 E.00663
G1 X64.812 Y71.883 F9000
;TYPE:External perimeter
;WIDTH:0.419999
G1 F1800
G1 X64.812 Y13.575 E1.49586
G1 X64.756 Y13.439 E.00377
G1 X64.619 Y13.383 E.0038
G1 X21.312 Y13.383 E1.11102
G1 X21.312 Y12.303 E.02771
G1 X65.892 Y12.303 E1.14367
G1 X65.892 Y71.883 E1.52849
G1 X64.872 Y71.883 E.02617
G1 E-3.5 F3600
;WIPE_START
G1 F7200
G1 X64.812 Y71.883 E-.0285
G1 X64.812 Y68.785 E-1.4715
;WIPE_END
G1 X65.179 Y92.669 F9000
G1 E5 F2400
;TYPE:Perimeter
;WIDTH:0.381505
G1 F3600
G1 X65.526 Y92.669 E.00801
G1 X65.526 Y92.843 E.00402
G1 X65.526 Y115.704 E.52795
;WIDTH:0.423417
G1 X65.505 Y115.954 E.00649
;WIDTH:0.465328
G1 X65.484 Y116.204 E.00719
;WIDTH:0.507239
G1 X65.463 Y116.453 E.00786
G1 X65.024 Y116.474 E.01383
;WIDTH:0.465328
G1 X64.822 Y116.495 E.00582
;WIDTH:0.423417
G1 X64.619 Y116.516 E.00528
;WIDTH:0.381505
G1 X12.585 Y116.516 E1.20166
;WIDTH:0.423417
G1 X12.304 Y116.495 E.00729
;WIDTH:0.465328
G1 X12.023 Y116.474 E.00808
;WIDTH:0.507239
G1 X11.742 Y116.453 E.00886
G1 X11.721 Y116.014 E.01383
;WIDTH:0.465328
G1 X11.7 Y115.812 E.00582
;WIDTH:0.423417
G1 X11.679 Y115.61 E.00526
;WIDTH:0.381505
G1 X11.679 Y107.169 E.19493
G1 X12.026 Y107.169 E.00801
G1 X12.026 Y115.61 E.19493
;WIDTH:0.423417
G1 X12.066 Y115.756 E.00392
;WIDTH:0.465328
G1 X12.105 Y115.903 E.00436
;WIDTH:0.507239
G1 X12.145 Y116.05 E.00479
G1 X12.292 Y116.089 E.00478
;WIDTH:0.465328
G1 X12.438 Y116.129 E.00434
;WIDTH:0.423417
G1 X12.585 Y116.169 E.00394
;WIDTH:0.381505
G1 X64.619 Y116.169 E1.20166
;WIDTH:0.423417
G1 X64.766 Y116.129 E.00394
;WIDTH:0.465328
G1 X64.913 Y116.089 E.00437
;WIDTH:0.507239
G1 X65.059 Y116.05 E.00475
G1 X65.099 Y115.903 E.00479
;WIDTH:0.465328
G1 X65.139 Y115.756 E.00437
;WIDTH:0.423417
G1 X65.179 Y115.61 E.00392
;WIDTH:0.381505
G1 X65.179 Y92.729 E.52841
G1 X64.812 Y92.303 F9000
;TYPE:External perimeter
;WIDTH:0.419999
G1 F1800
G1 X65.892 Y92.303 E.02771
G1 X65.892 Y116.883 E.63059
G1 X11.312 Y116.883 E1.40022
G1 X11.312 Y106.803 E.2586
G1 X12.392 Y106.803 E.02771
G1 X12.392 Y115.61 E.22594
G1 X12.449 Y115.746 E.00378
G1 X12.585 Y115.803 E.00378
G1 X64.619 Y115.803 E1.3349
G1 X64.756 Y115.746 E.00381
G1 X64.812 Y115.61 E.00377
G1 X64.812 Y92.363 E.59639
G1 E-3.5 F3600
;WIPE_START
G1 F7200
G1 X64.812 Y92.303 E-.0285
G1 X65.892 Y92.303 E-.513
G1 X65.892 Y94.321 E-.9585
;WIPE_END
G1 X57.061 Y111.007 F9000
G1 E5 F2400
;WIDTH:0.56761
G1 F1800
G1 X57.443 Y111.264 E.01633
G1 X57.698 Y111.656 E.01659
G1 X57.782 Y112.116 E.01659
G1 X57.68 Y112.572 E.01658
G1 X57.409 Y112.953 E.01659
G1 X57.011 Y113.199 E.0166
G1 X56.549 Y113.271 E.01659
G1 X56.096 Y113.158 E.01656
G1 X55.722 Y112.878 E.01657
G1 X55.488 Y112.48 E.01638
G1 X55.423 Y112.069 E.01476
G1 X55.524 Y111.613 E.01657
;WIDTH:0.573931
G1 X55.795 Y111.232 E.01678
;WIDTH:0.567609
G1 X56.192 Y110.986 E.01657
;WIDTH:0.568035
G1 X56.636 Y110.912 E.01598
G1 X57.003 Y110.992 E.01334
G1 X57.185 Y110.491 F9000
;WIDTH:0.573933
G1 F1800
G1 X57.543 Y110.665 E.01429
G1 X57.851 Y110.922 E.0144
;WIDTH:0.567275
G1 X58.144 Y111.354 E.01851
;WIDTH:0.573932
G1 X58.29 Y111.822 E.0176
G1 X58.312 Y112.169 E.01248
;WIDTH:0.567277
G1 X58.207 Y112.68 E.01849
;WIDTH:0.573932
G1 X58.005 Y113.068 E.0157
G1 X57.742 Y113.37 E.01437
;WIDTH:0.567276
G1 X57.302 Y113.652 E.01853
;WIDTH:0.573931
G1 X56.884 Y113.778 E.01567
G1 X56.483 Y113.8 E.01442
;WIDTH:0.56728
G1 X55.975 Y113.683 E.01848
;WIDTH:0.573932
G1 X55.592 Y113.471 E.01571
G1 X55.336 Y113.245 E.01226
;WIDTH:0.567304
G1 X55.06 Y112.831 E.01764
;WIDTH:0.572576
G1 X54.923 Y112.416 E.01565
G1 X54.892 Y112.016 E.01436
;WIDTH:0.567278
G1 X54.997 Y111.505 E.01849
;WIDTH:0.573931
G1 X55.199 Y111.117 E.0157
G1 X55.463 Y110.815 E.0144
;WIDTH:0.56728
G1 X55.902 Y110.533 E.0185
;WIDTH:0.573273
G1 X56.322 Y110.406 E.01573
G1 X56.646 Y110.38 E.01165
;WIDTH:0.567719
G1 X57.129 Y110.469 E.01743
G1 E-3.5 F3600
;WIPE_START
G1 F7200
G1 X57.185 Y110.491 E-.02858
G1 X57.543 Y110.665 E-.18907
G1 X57.851 Y110.922 E-.19054
G1 X58.144 Y111.354 E-.24794
G1 X58.29 Y111.822 E-.23287
G1 X58.312 Y112.169 E-.16516
G1 X58.207 Y112.68 E-.2478
G1 X58.015 Y113.05 E-.19804
;WIPE_END
G1 X21.772 Y112.063 F9000
G1 E5 F2400
;WIDTH:0.56761
G1 F1800
G1 X21.782 Y112.116 E.00191
G1 X21.68 Y112.572 E.01658
G1 X21.409 Y112.953 E.01659
G1 X21.011 Y113.199 E.0166
G1 X20.549 Y113.271 E.01659
G1 X20.096 Y113.158 E.01656
;WIDTH:0.568634
G1 X19.721 Y112.878 E.01663
G1 X19.525 Y112.572 E.01292
;WIDTH:0.565756
G1 X19.422 Y112.135 E.01587
;WIDTH:0.567304
G1 X19.516 Y111.627 E.01832
;WIDTH:0.56761
G1 X19.795 Y111.232 E.01715
G1 X20.192 Y110.986 E.01657
;WIDTH:0.568035
G1 X20.636 Y110.912 E.01598
G1 X21.055 Y111.003 E.01522
;WIDTH:0.56761
G1 X21.443 Y111.264 E.01659
G1 X21.698 Y111.656 E.01659
G1 X21.761 Y112.004 E.01255
G1 X22.299 Y111.965 F9000
;WIDTH:0.573933
G1 F1800
G1 X22.312 Y112.169 E.00734
;WIDTH:0.567278
G1 X22.207 Y112.68 E.01849
;WIDTH:0.573933
G1 X22.005 Y113.068 E.0157
G1 X21.742 Y113.37 E.01437
;WIDTH:0.567275
G1 X21.302 Y113.652 E.01853
;WIDTH:0.573931
G1 X20.884 Y113.778 E.01567
G1 X20.483 Y113.8 E.01442
;WIDTH:0.56728
G1 X19.975 Y113.683 E.01848
;WIDTH:0.573932
G1 X19.592 Y113.471 E.01571
G1 X19.331 Y113.24 E.01251
;WIDTH:0.567965
G1 X19.066 Y112.837 E.01712
;WIDTH:0.572494
G1 X18.923 Y112.416 E.01592
G1 X18.892 Y112.016 E.01436
;WIDTH:0.567277
G1 X18.997 Y111.505 E.01849
;WIDTH:0.573931
G1 X19.199 Y111.117 E.0157
G1 X19.463 Y110.815 E.0144
;WIDTH:0.56728
G1 X19.902 Y110.533 E.0185
;WIDTH:0.573273
G1 X20.322 Y110.406 E.01573
G1 X20.646 Y110.38 E.01165
;WIDTH:0.567719
G1 X21.15 Y110.473 E.01818
;WIDTH:0.573934
G1 X21.543 Y110.665 E.0157
G1 X21.851 Y110.922 E.0144
;WIDTH:0.567277
G1 X22.144 Y111.354 E.01851
;WIDTH:0.573933
G1 X22.29 Y111.822 E.0176
G1 X22.295 Y111.905 E.00298
;LAYER_CHANGE
;Z:4.04
;HEIGHT:0.16
;BEFORE_LAYER_CHANGE
G92 E0
;4.04


G1 E-3.5 F3600
;WIPE_START
G1 F7200
G1 X22.299 Y111.965 E-.02856
G1 X22.312 Y112.169 E-.0971
G1 X22.207 Y112.68 E-.2478
G1 X22.005 Y113.068 E-.20778
G1 X21.742 Y113.37 E-.19022
G1 X21.302 Y113.652 E-.24824
G1 X20.884 Y113.778 E-.20737
G1 X20.483 Y113.8 E-.19076
G1 X20.314 Y113.761 E-.08217
;WIPE_END
G1 Z4.04 F9000
;AFTER_LAYER_CHANGE
;4.04
G1 X20.66 Y57.254
G1 E5 F2400
;WIDTH:0.56761
G1 F1800
G1 X20.549 Y57.271 E.00398
G1 X20.097 Y57.159 E.01652
G1 X19.734 Y56.891 E.01601
G1 X19.506 Y56.529 E.01518
G1 X19.423 Y56.069 E.01658
G1 X19.524 Y55.613 E.01657
;WIDTH:0.573934
G1 X19.795 Y55.232 E.01678
;WIDTH:0.567611
G1 X20.192 Y54.986 E.01657
;WIDTH:0.568061
G1 X20.637 Y54.912 E.01602
G1 X21.055 Y55.003 E.01519
;WIDTH:0.56761
G1 X21.443 Y55.264 E.01659
G1 X21.698 Y55.656 E.01659
G1 X21.782 Y56.116 E.01659
G1 X21.68 Y56.572 E.01658
G1 X21.409 Y56.953 E.01659
G1 X21.011 Y57.199 E.0166
G1 X20.72 Y57.245 E.01045
G1 X20.772 Y57.784 F9000
;WIDTH:0.573934
G1 F1800
G1 X20.483 Y57.8 E.01039
;WIDTH:0.56728
G1 X19.975 Y57.683 E.01848
;WIDTH:0.573455
G1 X19.587 Y57.468 E.01591
G1 X19.349 Y57.261 E.01131
;WIDTH:0.566217
G1 X19.061 Y56.831 E.01831
;WIDTH:0.573932
G1 X18.924 Y56.416 E.01569
G1 X18.892 Y56.016 E.0144
;WIDTH:0.567277
G1 X18.997 Y55.505 E.01849
;WIDTH:0.573934
G1 X19.199 Y55.117 E.0157
G1 X19.463 Y54.815 E.0144
;WIDTH:0.56728
G1 X19.902 Y54.533 E.0185
;WIDTH:0.573361
G1 X20.322 Y54.406 E.01573
G1 X20.649 Y54.381 E.01176
;WIDTH:0.567752
G1 X21.15 Y54.473 E.01807
;WIDTH:0.573931
G1 X21.543 Y54.665 E.0157
G1 X21.851 Y54.922 E.0144
;WIDTH:0.567278
G1 X22.144 Y55.354 E.01851
;WIDTH:0.573934
G1 X22.29 Y55.822 E.0176
G1 X22.312 Y56.169 E.01248
;WIDTH:0.567276
G1 X22.207 Y56.68 E.01849
;WIDTH:0.573935
G1 X22.005 Y57.068 E.0157
G1 X21.742 Y57.37 E.01437
;WIDTH:0.567278
G1 X21.302 Y57.652 E.01853
;WIDTH:0.573934
G1 X20.884 Y57.778 E.01567
G1 X20.831 Y57.781 E.00191
G1 E-3.5 F3600
;WIPE_START
G1 F7200
G1 X20.772 Y57.784 E-.02806
G1 X20.483 Y57.8 E-.13749
G1 X19.975 Y57.683 E-.24762
G1 X19.587 Y57.468 E-.2107
G1 X19.349 Y57.261 E-.14983
G1 X19.061 Y56.831 E-.24583
G1 X18.924 Y56.416 E-.20759
G1 X18.892 Y56.016 E-.19061
G1 X18.927 Y55.846 E-.08227
;WIPE_END
G1 X12.026 Y56.016 F9000
G1 E5 F2400
;TYPE:Perimeter
;WIDTH:0.381505
G1 F3600
G1 X11.679 Y56.016 E.00801
G1 X11.679 Y13.575 E.98012
;WIDTH:0.423417
G1 X11.7 Y13.294 E.00729
;WIDTH:0.465328
G1 X11.721 Y13.013 E.00808
;WIDTH:0.507239
G1 X11.742 Y12.732 E.00886
G1 X12.18 Y12.711 E.01379
;WIDTH:0.465328
G1 X12.383 Y12.69 E.00585
;WIDTH:0.423417
G1 X12.585 Y12.669 E.00526
;WIDTH:0.381505
G1 X15.526 Y12.669 E.06792
G1 X15.526 Y13.016 E.00801
G1 X12.585 Y13.016 E.06792
;WIDTH:0.423417
G1 X12.438 Y13.056 E.00394
;WIDTH:0.465328
G1 X12.292 Y13.096 E.00434
;WIDTH:0.507239
G1 X12.145 Y13.135 E.00478
G1 X12.105 Y13.282 E.00479
;WIDTH:0.465328
G1 X12.066 Y13.429 E.00436
;WIDTH:0.423417
G1 X12.026 Y13.575 E.00392
;WIDTH:0.381505
G1 X12.026 Y55.956 E.97874
G1 X12.392 Y56.383 F9000
;TYPE:External perimeter
;WIDTH:0.419999
G1 F1800
G1 X11.312 Y56.383 E.02771
G1 X11.312 Y12.303 E1.13085
G1 X15.892 Y12.303 E.1175
G1 X15.892 Y13.383 E.02771
G1 X12.585 Y13.383 E.08484
G1 X12.449 Y13.439 E.00377
G1 X12.392 Y13.575 E.00378
G1 X12.392 Y56.323 E1.09667
G1 E-3.5 F3600
;WIPE_START
G1 F7200
G1 X12.392 Y56.383 E-.0285
G1 X11.312 Y56.383 E-.513
G1 X11.312 Y54.365 E-.9585
;WIPE_END
G1 X23.175 Y18.479 F9000
G1 E5 F2400
G1 F1800
G1 X23.002 Y18.42 E.00469
G1 X22.577 Y18.131 E.01319
G1 X22.288 Y17.723 E.01283
G1 X22.171 Y17.363 E.00971
G1 X22.146 Y17.075 E.00742
G1 X22.178 Y16.786 E.00746
G1 X22.267 Y16.51 E.00744
G1 X22.409 Y16.257 E.00744
G1 X22.598 Y16.037 E.00744
G1 X22.827 Y15.859 E.00744
G1 X23.071 Y15.736 E.00701
G1 X23.579 Y15.633 E.0133
G1 X24.093 Y15.717 E.01336
G1 X24.408 Y15.879 E.00909
G1 X24.632 Y16.062 E.00742
G1 X24.816 Y16.287 E.00746
G1 X24.951 Y16.543 E.00742
G1 X25.033 Y16.822 E.00746
G1 X25.059 Y17.111 E.00744
G1 X25.026 Y17.399 E.00744
G1 X24.937 Y17.675 E.00744
G1 X24.796 Y17.928 E.00743
G1 X24.606 Y18.148 E.00746
G1 X24.377 Y18.326 E.00744
G1 X24.118 Y18.455 E.00742
G1 X23.837 Y18.53 E.00746
G1 X23.548 Y18.548 E.00743
G1 X23.261 Y18.509 E.00743
G1 X23.231 Y18.498 E.00082
G1 X23.156 Y18.845 F9000
;TYPE:Perimeter
;WIDTH:0.385306
G1 F1800
G1 X22.796 Y18.725 E.00886
G1 X22.3 Y18.372 E.01421
;WIDTH:0.38075
G1 X21.989 Y17.93 E.01245
;WIDTH:0.37689
G1 X21.841 Y17.551 E.00927
;WIDTH:0.372844
G1 X21.785 Y17.193 E.00816
G1 X21.801 Y16.831 E.00816
G1 X21.888 Y16.479 E.00816
G1 X22.044 Y16.152 E.00816
G1 X22.261 Y15.862 E.00816
G1 X22.554 Y15.603 E.00881
;WIDTH:0.385306
G1 X22.996 Y15.375 E.01161
G1 X23.559 Y15.271 E.01337
;WIDTH:0.37689
G1 X24.129 Y15.353 E.01312
G1 X24.504 Y15.511 E.00927
;WIDTH:0.372844
G1 X24.799 Y15.721 E.00815
G1 X25.047 Y15.986 E.00817
G1 X25.238 Y16.294 E.00816
;WIDTH:0.383672
G1 X25.398 Y16.776 E.0118
G1 X25.42 Y16.992 E.00505
;WIDTH:0.372844
G1 X25.404 Y17.354 E.00816
G1 X25.316 Y17.706 E.00817
G1 X25.161 Y18.033 E.00815
G1 X24.943 Y18.323 E.00817
G1 X24.673 Y18.565 E.00816
G1 X24.36 Y18.748 E.00816
G1 X24.017 Y18.865 E.00816
G1 X23.658 Y18.912 E.00815
G1 X23.269 Y18.883 E.00878
;WIDTH:0.385306
G1 X23.213 Y18.864 E.00138
G1 X23.13 Y19.226 F9000
;TYPE:External perimeter
;WIDTH:0.419999
G1 F1800
G1 X23.098 Y19.223 E.00082
G1 X22.604 Y19.04 E.01351
G1 X22.148 Y18.726 E.0142
G1 X21.784 Y18.312 E.01414
G1 X21.665 Y18.096 E.00633
G1 X21.492 Y17.649 E.0123
G1 X21.424 Y17.22 E.01114
G1 X21.442 Y16.786 E.01114
G1 X21.545 Y16.364 E.01114
G1 X21.73 Y15.971 E.01114
G1 X21.99 Y15.622 E.01116
G1 X22.313 Y15.332 E.01114
G1 X22.712 Y15.099 E.01185
G1 X23.24 Y14.933 E.0142
G1 X23.727 Y14.906 E.01251
G1 X24.237 Y15.005 E.01333
G1 X24.677 Y15.193 E.01228
G1 X25.032 Y15.444 E.01115
G1 X25.348 Y15.781 E.01185
G1 X25.627 Y16.259 E.0142
G1 X25.765 Y16.748 E.01303
G1 X25.781 Y16.965 E.00558
G1 X25.763 Y17.399 E.01114
G1 X25.659 Y17.821 E.01115
G1 X25.474 Y18.214 E.01114
G1 X25.215 Y18.563 E.01115
G1 X24.891 Y18.853 E.01116
G1 X24.517 Y19.074 E.01114
G1 X24.106 Y19.216 E.01116
G1 X23.648 Y19.275 E.01185
G1 X23.19 Y19.232 E.0118
G1 E-3.5 F3600
;WIPE_START
G1 F7200
G1 X23.13 Y19.226 E-.02864
G1 X23.098 Y19.223 E-.01527
G1 X22.604 Y19.04 E-.25023
G1 X22.148 Y18.726 E-.26299
G1 X21.784 Y18.312 E-.26185
G1 X21.665 Y18.096 E-.11714
G1 X21.492 Y17.649 E-.22767
G1 X21.424 Y17.22 E-.20632
G1 X21.435 Y16.947 E-.12989
;WIPE_END
G1 X52.276 Y31.494 F9000
G1 E5 F2400
G1 F1800
G1 X52.407 Y31.259 E.0069
G1 X52.596 Y31.039 E.00744
G1 X52.825 Y30.86 E.00746
G1 X53.071 Y30.736 E.00707
G1 X53.579 Y30.633 E.0133
G1 X54.093 Y30.717 E.01336
G1 X54.406 Y30.877 E.00902
G1 X54.631 Y31.061 E.00746
G1 X54.815 Y31.285 E.00744
G1 X54.951 Y31.541 E.00744
G1 X55.033 Y31.819 E.00744
G1 X55.059 Y32.108 E.00744
G1 X55.027 Y32.396 E.00743
G1 X54.939 Y32.673 E.00746
G1 X54.797 Y32.926 E.00744
G1 X54.608 Y33.146 E.00744
G1 X54.379 Y33.325 E.00746
G1 X54.12 Y33.454 E.00742
G1 X53.84 Y33.53 E.00744
G1 X53.55 Y33.548 E.00745
G1 X53.263 Y33.509 E.00743
G1 X52.989 Y33.414 E.00744
G1 X52.754 Y33.278 E.00697
G1 X52.391 Y32.901 E.01343
G1 X52.254 Y32.644 E.00747
G1 X52.171 Y32.366 E.00744
G1 X52.146 Y32.077 E.00744
G1 X52.178 Y31.789 E.00743
G1 X52.254 Y31.55 E.00643
G1 X51.868 Y31.412 F9000
;TYPE:Perimeter
;WIDTH:0.46849
G1 F1800
G1 X52.001 Y31.13 E.009
G1 X52.224 Y30.832 E.01075
G1 X52.501 Y30.584 E.01074
G1 X52.822 Y30.395 E.01076
;WIDTH:0.496672
G1 X53.326 Y30.25 E.01613
G1 X53.681 Y30.223 E.01095
;WIDTH:0.481422
G1 X54.137 Y30.305 E.01378
;WIDTH:0.472888
G1 X54.525 Y30.468 E.01228
;WIDTH:0.468488
G1 X54.828 Y30.683 E.01073
G1 X55.083 Y30.954 E.01075
G1 X55.279 Y31.27 E.01074
;WIDTH:0.479434
G1 X55.445 Y31.768 E.01554
G1 X55.467 Y31.986 E.00649
;WIDTH:0.46849
G1 X55.451 Y32.358 E.01075
G1 X55.362 Y32.719 E.01074
G1 X55.203 Y33.055 E.01074
G1 X54.981 Y33.353 E.01073
G1 X54.704 Y33.601 E.01074
G1 X54.383 Y33.79 E.01076
G1 X54.031 Y33.911 E.01075
G1 X53.662 Y33.96 E.01075
G1 X53.291 Y33.934 E.01074
G1 X52.932 Y33.836 E.01075
G1 X52.574 Y33.654 E.0116
;WIDTH:0.47351
G1 X52.151 Y33.266 E.01677
G1 X51.925 Y32.915 E.0122
;WIDTH:0.46849
G1 X51.795 Y32.566 E.01076
G1 X51.737 Y32.199 E.01073
G1 X51.753 Y31.827 E.01075
G1 X51.842 Y31.466 E.01074
G1 X51.458 Y31.327 F9000
;TYPE:External perimeter
;WIDTH:0.419999
G1 F1800
G1 X51.661 Y30.899 E.01215
G1 X51.996 Y30.47 E.01396
G1 X52.409 Y30.139 E.01358
G1 X52.884 Y29.925 E.01337
G1 X53.444 Y29.819 E.01462
G1 X54.016 Y29.844 E.01469
G1 X54.334 Y29.935 E.00849
G1 X54.721 Y30.108 E.01088
G1 X55.092 Y30.369 E.01164
G1 X55.422 Y30.722 E.0124
G1 X55.714 Y31.219 E.01479
G1 X55.86 Y31.736 E.01378
G1 X55.876 Y31.955 E.00563
G1 X55.858 Y32.409 E.01166
G1 X55.751 Y32.849 E.01162
G1 X55.558 Y33.26 E.01165
G1 X55.288 Y33.624 E.01163
G1 X54.951 Y33.928 E.01164
G1 X54.561 Y34.159 E.01163
G1 X54.132 Y34.308 E.01165
G1 X53.653 Y34.37 E.01239
G1 X53.111 Y34.322 E.01396
G1 X52.609 Y34.155 E.01357
G1 X52.185 Y33.887 E.01287
G1 X51.827 Y33.521 E.01313
G1 X51.56 Y33.102 E.01275
G1 X51.401 Y32.677 E.01164
G1 X51.329 Y32.23 E.01162
G1 X51.346 Y31.776 E.01166
G1 X51.442 Y31.384 E.01035
G1 E-3.5 F3600
;WIPE_START
G1 F7200
G1 X51.458 Y31.327 E-.02812
G1 X51.661 Y30.899 E-.22501
G1 X51.996 Y30.47 E-.25854
G1 X52.409 Y30.139 E-.2514
G1 X52.884 Y29.925 E-.24747
G1 X53.444 Y29.819 E-.27072
G1 X53.904 Y29.839 E-.21874
;WIPE_END
G1 X56.375 Y54.956 F9000
G1 E5 F2400
;WIDTH:0.568061
G1 F1800
G1 X56.637 Y54.912 E.00943
G1 X57.055 Y55.003 E.01519
;WIDTH:0.567609
G1 X57.443 Y55.264 E.01659
G1 X57.698 Y55.656 E.01659
G1 X57.782 Y56.116 E.01659
G1 X57.68 Y56.572 E.01658
G1 X57.409 Y56.953 E.01659
G1 X57.011 Y57.199 E.0166
G1 X56.549 Y57.271 E.01659
G1 X56.097 Y57.159 E.01652
;WIDTH:0.568874
G1 X55.733 Y56.892 E.01605
G1 X55.548 Y56.62 E.0117
;WIDTH:0.564984
G1 X55.422 Y56.135 E.01769
;WIDTH:0.567304
G1 X55.516 Y55.627 E.01832
;WIDTH:0.567611
G1 X55.795 Y55.232 E.01715
G1 X56.192 Y54.986 E.01657
;WIDTH:0.568061
G1 X56.316 Y54.966 E.00446
G1 X56.184 Y54.448 F9000
;WIDTH:0.573361
G1 F1800
G1 X56.322 Y54.406 E.00517
G1 X56.649 Y54.381 E.01176
;WIDTH:0.567752
G1 X57.15 Y54.473 E.01807
;WIDTH:0.573931
G1 X57.543 Y54.665 E.0157
G1 X57.851 Y54.922 E.0144
;WIDTH:0.567277
G1 X58.144 Y55.354 E.01851
;WIDTH:0.573933
G1 X58.29 Y55.822 E.0176
G1 X58.312 Y56.169 E.01248
;WIDTH:0.567276
G1 X58.207 Y56.68 E.01849
;WIDTH:0.573934
G1 X58.005 Y57.068 E.0157
G1 X57.742 Y57.37 E.01437
;WIDTH:0.567278
G1 X57.302 Y57.652 E.01853
;WIDTH:0.573934
G1 X56.884 Y57.778 E.01567
G1 X56.483 Y57.8 E.01442
;WIDTH:0.56728
G1 X55.975 Y57.683 E.01848
;WIDTH:0.573338
G1 X55.592 Y57.471 E.0157
G1 X55.332 Y57.24 E.01247
;WIDTH:0.568849
G1 X55.061 Y56.831 E.01744
;WIDTH:0.573931
G1 X54.924 Y56.416 E.01569
G1 X54.892 Y56.016 E.0144
;WIDTH:0.567278
G1 X54.997 Y55.505 E.01849
;WIDTH:0.573934
G1 X55.199 Y55.117 E.0157
G1 X55.463 Y54.815 E.0144
;WIDTH:0.56728
G1 X55.902 Y54.533 E.0185
;WIDTH:0.573361
G1 X56.126 Y54.465 E.00839
G1 E-3.5 F3600
;WIPE_START
G1 F7200
G1 X56.184 Y54.448 E-.02871
G1 X56.322 Y54.406 E-.06852
G1 X56.649 Y54.381 E-.15578
G1 X57.15 Y54.473 E-.24195
G1 X57.543 Y54.665 E-.20776
G1 X57.851 Y54.922 E-.19054
G1 X58.144 Y55.354 E-.24794
G1 X58.29 Y55.822 E-.23287
G1 X58.307 Y56.087 E-.12593
;WIPE_END
G1 X65.179 Y71.516 F9000
G1 E5 F2400
;TYPE:Perimeter
;WIDTH:0.381505
G1 F3600
G1 X65.179 Y13.575 E1.33808
;WIDTH:0.423417
G1 X65.139 Y13.429 E.00392
;WIDTH:0.465328
G1 X65.099 Y13.282 E.00437
;WIDTH:0.507239
G1 X65.059 Y13.135 E.00479
G1 X64.913 Y13.096 E.00475
;WIDTH:0.465328
G1 X64.766 Y13.056 E.00437
;WIDTH:0.423417
G1 X64.619 Y13.016 E.00394
;WIDTH:0.381505
G1 X21.679 Y13.016 E.99165
G1 X21.679 Y12.669 E.00801
G1 X64.619 Y12.669 E.99165
;WIDTH:0.423417
G1 X64.901 Y12.69 E.00732
;WIDTH:0.465328
G1 X65.182 Y12.711 E.00808
;WIDTH:0.507239
G1 X65.463 Y12.732 E.00886
G1 X65.463 Y12.968 E.00742
G1 X65.484 Y13.171 E.00642
;WIDTH:0.465328
G1 X65.505 Y13.373 E.00582
;WIDTH:0.423417
G1 X65.526 Y13.575 E.00526
;WIDTH:0.381505
G1 X65.526 Y71.516 E1.33808
G1 X65.239 Y71.516 E.00663
G1 X64.812 Y71.883 F9000
;TYPE:External perimeter
;WIDTH:0.419999
G1 F1800
G1 X64.812 Y13.575 E1.49586
G1 X64.756 Y13.439 E.00377
G1 X64.619 Y13.383 E.0038
G1 X21.312 Y13.383 E1.11102
G1 X21.312 Y12.303 E.02771
G1 X65.892 Y12.303 E1.14367
G1 X65.892 Y71.883 E1.52849
G1 X64.872 Y71.883 E.02617
G1 E-3.5 F3600
;WIPE_START
G1 F7200
G1 X64.812 Y71.883 E-.0285
G1 X64.812 Y68.785 E-1.4715
;WIPE_END
G1 X65.179 Y92.669 F9000
G1 E5 F2400
;TYPE:Perimeter
;WIDTH:0.381505
G1 F3600
G1 X65.526 Y92.669 E.00801
G1 X65.526 Y92.843 E.00402
G1 X65.526 Y115.704 E.52795
;WIDTH:0.423417
G1 X65.505 Y115.954 E.00649
;WIDTH:0.465328
G1 X65.484 Y116.204 E.00719
;WIDTH:0.507239
G1 X65.463 Y116.453 E.00786
G1 X65.024 Y116.474 E.01383
;WIDTH:0.465328
G1 X64.822 Y116.495 E.00582
;WIDTH:0.423417
G1 X64.619 Y116.516 E.00528
;WIDTH:0.381505
G1 X12.585 Y116.516 E1.20166
;WIDTH:0.423417
G1 X12.304 Y116.495 E.00729
;WIDTH:0.465328
G1 X12.023 Y116.474 E.00808
;WIDTH:0.507239
G1 X11.742 Y116.453 E.00886
G1 X11.721 Y116.014 E.01383
;WIDTH:0.465328
G1 X11.7 Y115.812 E.00582
;WIDTH:0.423417
G1 X11.679 Y115.61 E.00526
;WIDTH:0.381505
G1 X11.679 Y107.169 E.19493
G1 X12.026 Y107.169 E.00801
G1 X12.026 Y115.61 E.19493
;WIDTH:0.423417
G1 X12.066 Y115.756 E.00392
;WIDTH:0.465328
G1 X12.105 Y115.903 E.00436
;WIDTH:0.507239
G1 X12.145 Y116.05 E.00479
G1 X12.292 Y116.089 E.00478
;WIDTH:0.465328
G1 X12.438 Y116.129 E.00434
;WIDTH:0.423417
G1 X12.585 Y116.169 E.00394
;WIDTH:0.381505
G1 X64.619 Y116.169 E1.20166
;WIDTH:0.423417
G1 X64.766 Y116.129 E.00394
;WIDTH:0.465328
G1 X64.913 Y116.089 E.00437
;WIDTH:0.507239
G1 X65.059 Y116.05 E.00475
G1 X65.099 Y115.903 E.00479
;WIDTH:0.465328
G1 X65.139 Y115.756 E.00437
;WIDTH:0.423417
G1 X65.179 Y115.61 E.00392
;WIDTH:0.381505
G1 X65.179 Y92.729 E.52841
G1 X64.812 Y92.303 F9000
;TYPE:External perimeter
;WIDTH:0.419999
G1 F1800
G1 X65.892 Y92.303 E.02771
G1 X65.892 Y116.883 E.63059
G1 X11.312 Y116.883 E1.40022
G1 X11.312 Y106.803 E.2586
G1 X12.392 Y106.803 E.02771
G1 X12.392 Y115.61 E.22594
G1 X12.449 Y115.746 E.00378
G1 X12.585 Y115.803 E.00378
G1 X64.619 Y115.803 E1.3349
G1 X64.756 Y115.746 E.00381
G1 X64.812 Y115.61 E.00377
G1 X64.812 Y92.363 E.59639
G1 E-3.5 F3600
;WIPE_START
G1 F7200
G1 X64.812 Y92.303 E-.0285
G1 X65.892 Y92.303 E-.513
G1 X65.892 Y94.321 E-.9585
;WIPE_END
G1 X57.061 Y111.007 F9000
G1 E5 F2400
;WIDTH:0.567608
G1 F1800
G1 X57.443 Y111.264 E.01633
G1 X57.698 Y111.656 E.01659
G1 X57.782 Y112.116 E.01659
G1 X57.68 Y112.572 E.01658
G1 X57.409 Y112.953 E.01659
G1 X57.011 Y113.199 E.0166
G1 X56.549 Y113.271 E.01659
G1 X56.097 Y113.159 E.01652
G1 X55.734 Y112.891 E.01601
G1 X55.506 Y112.529 E.01518
G1 X55.423 Y112.069 E.01658
G1 X55.524 Y111.613 E.01657
;WIDTH:0.573933
G1 X55.795 Y111.232 E.01678
;WIDTH:0.567608
G1 X56.192 Y110.986 E.01657
;WIDTH:0.56806
G1 X56.637 Y110.912 E.01602
G1 X57.003 Y110.992 E.0133
G1 X57.185 Y110.491 F9000
;WIDTH:0.57393
G1 F1800
G1 X57.543 Y110.665 E.01429
G1 X57.851 Y110.922 E.0144
;WIDTH:0.567276
G1 X58.144 Y111.354 E.01851
;WIDTH:0.573932
G1 X58.29 Y111.822 E.0176
G1 X58.312 Y112.169 E.01248
;WIDTH:0.567277
G1 X58.207 Y112.68 E.01849
;WIDTH:0.573933
G1 X58.005 Y113.068 E.0157
G1 X57.742 Y113.37 E.01437
;WIDTH:0.567277
G1 X57.302 Y113.652 E.01853
;WIDTH:0.573931
G1 X56.884 Y113.778 E.01567
G1 X56.483 Y113.8 E.01442
;WIDTH:0.567279
G1 X55.975 Y113.683 E.01848
;WIDTH:0.573453
G1 X55.587 Y113.468 E.01591
G1 X55.349 Y113.261 E.01131
;WIDTH:0.566215
G1 X55.061 Y112.831 E.01831
;WIDTH:0.573931
G1 X54.924 Y112.416 E.01569
G1 X54.892 Y112.016 E.0144
;WIDTH:0.567278
G1 X54.997 Y111.505 E.01849
;WIDTH:0.573933
G1 X55.199 Y111.117 E.0157
G1 X55.463 Y110.815 E.0144
;WIDTH:0.567279
G1 X55.902 Y110.533 E.0185
;WIDTH:0.573361
G1 X56.322 Y110.406 E.01573
G1 X56.649 Y110.381 E.01176
;WIDTH:0.567751
G1 X57.13 Y110.469 E.01735
G1 E-3.5 F3600
;WIPE_START
G1 F7200
G1 X57.185 Y110.491 E-.02814
G1 X57.543 Y110.665 E-.18907
G1 X57.851 Y110.922 E-.19054
G1 X58.144 Y111.354 E-.24794
G1 X58.29 Y111.822 E-.23287
G1 X58.312 Y112.169 E-.16516
G1 X58.207 Y112.68 E-.2478
G1 X58.015 Y113.051 E-.19848
;WIPE_END
G1 X21.772 Y112.063 F9000
G1 E5 F2400
;WIDTH:0.56761
G1 F1800
G1 X21.782 Y112.116 E.00191
G1 X21.68 Y112.572 E.01658
G1 X21.409 Y112.953 E.01659
G1 X21.011 Y113.199 E.0166
G1 X20.549 Y113.271 E.01659
G1 X20.097 Y113.159 E.01652
;WIDTH:0.568172
G1 X19.733 Y112.891 E.01605
G1 X19.527 Y112.583 E.01316
;WIDTH:0.567302
G1 X19.42 Y112.086 E.01802
;WIDTH:0.567609
G1 X19.524 Y111.613 E.01718
G1 X19.795 Y111.232 E.01659
G1 X20.192 Y110.986 E.01657
;WIDTH:0.56806
G1 X20.637 Y110.912 E.01602
G1 X21.055 Y111.003 E.01519
;WIDTH:0.56761
G1 X21.443 Y111.264 E.01659
G1 X21.698 Y111.656 E.01659
G1 X21.761 Y112.004 E.01255
G1 X22.299 Y111.965 F9000
;WIDTH:0.573933
G1 F1800
G1 X22.312 Y112.169 E.00734
;WIDTH:0.567278
G1 X22.207 Y112.68 E.01849
;WIDTH:0.573934
G1 X22.005 Y113.068 E.0157
G1 X21.742 Y113.37 E.01437
;WIDTH:0.567277
G1 X21.302 Y113.652 E.01853
;WIDTH:0.573931
G1 X20.884 Y113.778 E.01567
G1 X20.483 Y113.8 E.01442
;WIDTH:0.567279
G1 X19.975 Y113.683 E.01848
;WIDTH:0.573338
G1 X19.592 Y113.471 E.0157
G1 X19.336 Y113.245 E.01224
;WIDTH:0.568126
G1 X19.087 Y112.887 E.01548
;WIDTH:0.574019
G1 X18.924 Y112.416 E.01789
G1 X18.892 Y112.016 E.01441
;WIDTH:0.567278
G1 X18.997 Y111.505 E.01849
;WIDTH:0.573933
G1 X19.199 Y111.117 E.0157
G1 X19.463 Y110.815 E.0144
;WIDTH:0.567279
G1 X19.902 Y110.533 E.0185
;WIDTH:0.573361
G1 X20.322 Y110.406 E.01573
G1 X20.649 Y110.381 E.01176
;WIDTH:0.567751
G1 X21.15 Y110.473 E.01807
;WIDTH:0.57393
G1 X21.543 Y110.665 E.0157
G1 X21.851 Y110.922 E.0144
;WIDTH:0.567277
G1 X22.144 Y111.354 E.01851
;WIDTH:0.573933
G1 X22.29 Y111.822 E.0176
G1 X22.295 Y111.905 E.00298
;LAYER_CHANGE
;Z:4.2
;HEIGHT:0.16
;BEFORE_LAYER_CHANGE
G92 E0
;4.2


G1 E-3.5 F3600
;WIPE_START
G1 F7200
G1 X22.299 Y111.965 E-.02856
G1 X22.312 Y112.169 E-.0971
G1 X22.207 Y112.68 E-.2478
G1 X22.005 Y113.068 E-.20778
G1 X21.742 Y113.37 E-.19022
G1 X21.302 Y113.652 E-.24824
G1 X20.884 Y113.778 E-.20737
G1 X20.483 Y113.8 E-.19076
G1 X20.314 Y113.761 E-.08217
;WIPE_END
G1 Z4.2 F9000
;AFTER_LAYER_CHANGE
;4.2
G1 X20.66 Y57.254
G1 E5 F2400
;WIDTH:0.56761
G1 F1800
G1 X20.549 Y57.271 E.00398
G1 X20.096 Y57.158 E.01656
G1 X19.722 Y56.877 E.01659
;WIDTH:0.566164
G1 X19.488 Y56.48 E.0163
;WIDTH:0.567605
G1 X19.423 Y56.069 E.01476
G1 X19.524 Y55.613 E.01657
;WIDTH:0.573935
G1 X19.795 Y55.232 E.01678
;WIDTH:0.567612
G1 X20.192 Y54.986 E.01657
;WIDTH:0.568087
G1 X20.639 Y54.912 E.01609
G1 X21.055 Y55.003 E.01512
;WIDTH:0.56761
G1 X21.443 Y55.264 E.01659
G1 X21.698 Y55.656 E.01659
G1 X21.782 Y56.116 E.01659
G1 X21.68 Y56.572 E.01658
G1 X21.409 Y56.953 E.01659
G1 X21.011 Y57.199 E.0166
G1 X20.72 Y57.245 E.01045
G1 X20.772 Y57.784 F9000
;WIDTH:0.573933
G1 F1800
G1 X20.483 Y57.8 E.01039
;WIDTH:0.56728
G1 X19.975 Y57.683 E.01848
;WIDTH:0.574069
G1 X19.587 Y57.468 E.01593
G1 X19.351 Y57.263 E.01122
;WIDTH:0.565954
G1 X19.066 Y56.837 E.01813
;WIDTH:0.572501
G1 X18.923 Y56.416 E.01592
G1 X18.892 Y56.016 E.01436
;WIDTH:0.567272
G1 X18.997 Y55.505 E.01849
;WIDTH:0.573935
G1 X19.199 Y55.117 E.0157
G1 X19.463 Y54.815 E.0144
;WIDTH:0.56728
G1 X19.902 Y54.533 E.0185
;WIDTH:0.573451
G1 X20.322 Y54.406 E.01574
G1 X20.652 Y54.381 E.01187
;WIDTH:0.567783
G1 X21.15 Y54.473 E.01797
;WIDTH:0.573932
G1 X21.543 Y54.665 E.0157
G1 X21.851 Y54.922 E.0144
;WIDTH:0.567276
G1 X22.144 Y55.354 E.01851
;WIDTH:0.573933
G1 X22.29 Y55.822 E.0176
G1 X22.312 Y56.169 E.01248
;WIDTH:0.567277
G1 X22.207 Y56.68 E.01849
;WIDTH:0.573935
G1 X22.005 Y57.068 E.0157
G1 X21.742 Y57.37 E.01437
;WIDTH:0.567278
G1 X21.302 Y57.652 E.01853
;WIDTH:0.573933
G1 X20.884 Y57.778 E.01567
G1 X20.831 Y57.781 E.00191
G1 E-3.5 F3600
;WIPE_START
G1 F7200
G1 X20.772 Y57.784 E-.02806
G1 X20.483 Y57.8 E-.13749
G1 X19.975 Y57.683 E-.24762
G1 X19.587 Y57.468 E-.2107
G1 X19.351 Y57.263 E-.14849
G1 X19.066 Y56.837 E-.24346
G1 X18.923 Y56.416 E-.2112
G1 X18.892 Y56.016 E-.19057
G1 X18.927 Y55.846 E-.08241
;WIPE_END
G1 X12.026 Y56.016 F9000
G1 E5 F2400
;TYPE:Perimeter
;WIDTH:0.381505
G1 F3600
G1 X11.679 Y56.016 E.00801
G1 X11.679 Y13.575 E.98012
;WIDTH:0.423417
G1 X11.7 Y13.294 E.00729
;WIDTH:0.465328
G1 X11.721 Y13.013 E.00808
;WIDTH:0.507239
G1 X11.742 Y12.732 E.00886
G1 X12.18 Y12.711 E.01379
;WIDTH:0.465328
G1 X12.383 Y12.69 E.00585
;WIDTH:0.423417
G1 X12.585 Y12.669 E.00526
;WIDTH:0.381505
G1 X15.526 Y12.669 E.06792
G1 X15.526 Y13.016 E.00801
G1 X12.585 Y13.016 E.06792
;WIDTH:0.423417
G1 X12.438 Y13.056 E.00394
;WIDTH:0.465328
G1 X12.292 Y13.096 E.00434
;WIDTH:0.507239
G1 X12.145 Y13.135 E.00478
G1 X12.105 Y13.282 E.00479
;WIDTH:0.465328
G1 X12.066 Y13.429 E.00436
;WIDTH:0.423417
G1 X12.026 Y13.575 E.00392
;WIDTH:0.381505
G1 X12.026 Y55.956 E.97874
G1 X12.392 Y56.383 F9000
;TYPE:External perimeter
;WIDTH:0.419999
G1 F1800
G1 X11.312 Y56.383 E.02771
G1 X11.312 Y12.303 E1.13085
G1 X15.892 Y12.303 E.1175
G1 X15.892 Y13.383 E.02771
G1 X12.585 Y13.383 E.08484
G1 X12.449 Y13.439 E.00377
G1 X12.392 Y13.575 E.00378
G1 X12.392 Y56.323 E1.09667
G1 E-3.5 F3600
;WIPE_START
G1 F7200
G1 X12.392 Y56.383 E-.0285
G1 X11.312 Y56.383 E-.513
G1 X11.312 Y54.365 E-.9585
;WIPE_END
G1 X23.175 Y18.478 F9000
G1 E5 F2400
G1 F1800
G1 X22.982 Y18.41 E.00525
G1 X22.571 Y18.125 E.01283
G1 X22.36 Y17.855 E.00879
G1 X22.171 Y17.363 E.01352
G1 X22.146 Y17.075 E.00742
G1 X22.178 Y16.786 E.00746
G1 X22.267 Y16.51 E.00744
G1 X22.409 Y16.257 E.00744
G1 X22.598 Y16.037 E.00744
G1 X22.827 Y15.859 E.00744
G1 X23.071 Y15.736 E.00701
G1 X23.581 Y15.633 E.01335
G1 X24.093 Y15.717 E.01331
G1 X24.408 Y15.879 E.00909
G1 X24.632 Y16.062 E.00742
G1 X24.816 Y16.287 E.00746
G1 X24.951 Y16.543 E.00742
G1 X25.033 Y16.822 E.00746
G1 X25.059 Y17.111 E.00744
G1 X25.026 Y17.399 E.00744
G1 X24.937 Y17.675 E.00744
G1 X24.796 Y17.928 E.00743
G1 X24.606 Y18.148 E.00746
G1 X24.377 Y18.326 E.00744
G1 X24.118 Y18.455 E.00742
G1 X23.837 Y18.53 E.00746
G1 X23.548 Y18.548 E.00743
G1 X23.261 Y18.509 E.00743
G1 X23.231 Y18.498 E.00082
G1 X23.155 Y18.848 F9000
;TYPE:Perimeter
;WIDTH:0.372844
G1 F1800
G1 X22.946 Y18.791 E.00488
;WIDTH:0.37807
G1 X22.622 Y18.629 E.00828
G1 X22.337 Y18.404 E.0083
;WIDTH:0.379668
G1 X22.069 Y18.083 E.00961
G1 X21.854 Y17.591 E.01233
;WIDTH:0.376482
G1 X21.785 Y17.193 E.00919
;WIDTH:0.372844
G1 X21.801 Y16.831 E.00816
G1 X21.888 Y16.479 E.00816
G1 X22.044 Y16.152 E.00816
G1 X22.261 Y15.862 E.00816
G1 X22.554 Y15.603 E.00881
;WIDTH:0.385324
G1 X22.997 Y15.375 E.01163
G1 X23.561 Y15.271 E.01339
;WIDTH:0.376828
G1 X24.13 Y15.353 E.0131
G1 X24.504 Y15.511 E.00925
;WIDTH:0.372846
G1 X24.799 Y15.721 E.00815
G1 X25.047 Y15.986 E.00817
G1 X25.238 Y16.294 E.00816
;WIDTH:0.383672
G1 X25.398 Y16.776 E.0118
G1 X25.42 Y16.992 E.00505
;WIDTH:0.372844
G1 X25.404 Y17.354 E.00816
G1 X25.316 Y17.706 E.00817
G1 X25.161 Y18.033 E.00815
G1 X24.943 Y18.323 E.00817
G1 X24.673 Y18.565 E.00816
G1 X24.36 Y18.748 E.00816
G1 X24.017 Y18.865 E.00816
G1 X23.658 Y18.912 E.00815
G1 X23.296 Y18.887 E.00817
G1 X23.213 Y18.864 E.00194
G1 X23.133 Y19.215 F9000
;TYPE:External perimeter
;WIDTH:0.419999
G1 F1800
G1 X22.823 Y19.131 E.00824
G1 X22.423 Y18.935 E.01143
G1 X22.01 Y18.596 E.01371
G1 X21.699 Y18.163 E.01368
G1 X21.503 Y17.689 E.01316
G1 X21.424 Y17.22 E.0122
G1 X21.442 Y16.786 E.01114
G1 X21.545 Y16.364 E.01114
G1 X21.73 Y15.971 E.01114
G1 X21.99 Y15.622 E.01116
G1 X22.313 Y15.332 E.01114
G1 X22.712 Y15.099 E.01185
G1 X23.24 Y14.933 E.0142
G1 X23.73 Y14.906 E.01259
G1 X24.237 Y15.005 E.01325
G1 X24.677 Y15.193 E.01228
G1 X25.032 Y15.444 E.01115
G1 X25.348 Y15.781 E.01185
G1 X25.627 Y16.259 E.0142
G1 X25.765 Y16.748 E.01303
G1 X25.781 Y16.965 E.00558
G1 X25.763 Y17.399 E.01114
G1 X25.659 Y17.821 E.01115
G1 X25.474 Y18.214 E.01114
G1 X25.215 Y18.563 E.01115
G1 X24.891 Y18.853 E.01116
G1 X24.517 Y19.074 E.01114
G1 X24.106 Y19.216 E.01116
G1 X23.676 Y19.274 E.01113
G1 X23.242 Y19.245 E.01116
G1 X23.191 Y19.231 E.00136
G1 E-3.5 F3600
;WIPE_START
G1 F7200
G1 X23.133 Y19.215 E-.02858
G1 X22.823 Y19.131 E-.15256
G1 X22.423 Y18.935 E-.21158
G1 X22.01 Y18.596 E-.2538
G1 X21.699 Y18.163 E-.25323
G1 X21.503 Y17.689 E-.24364
G1 X21.424 Y17.22 E-.22591
G1 X21.435 Y16.945 E-.1307
;WIPE_END
G1 X52.276 Y31.494 F9000
G1 E5 F2400
G1 F1800
G1 X52.407 Y31.259 E.0069
G1 X52.596 Y31.039 E.00744
G1 X52.825 Y30.86 E.00746
G1 X53.071 Y30.736 E.00707
G1 X53.581 Y30.633 E.01335
G1 X54.093 Y30.717 E.01331
G1 X54.406 Y30.877 E.00902
G1 X54.631 Y31.061 E.00746
G1 X54.815 Y31.285 E.00744
G1 X54.951 Y31.541 E.00744
G1 X55.033 Y31.819 E.00744
G1 X55.059 Y32.108 E.00744
G1 X55.027 Y32.396 E.00743
G1 X54.939 Y32.673 E.00746
G1 X54.797 Y32.926 E.00744
G1 X54.608 Y33.146 E.00744
G1 X54.379 Y33.325 E.00746
G1 X54.12 Y33.454 E.00742
G1 X53.84 Y33.53 E.00744
G1 X53.55 Y33.548 E.00745
G1 X53.255 Y33.507 E.00764
G1 X52.796 Y33.309 E.01282
G1 X52.544 Y33.098 E.00843
G1 X52.36 Y32.854 E.00784
G1 X52.173 Y32.381 E.01305
G1 X52.161 Y31.876 E.01296
G1 X52.255 Y31.55 E.0087
G1 X51.868 Y31.412 F9000
;TYPE:Perimeter
;WIDTH:0.46849
G1 F1800
G1 X52.001 Y31.13 E.009
G1 X52.224 Y30.832 E.01075
G1 X52.501 Y30.584 E.01074
G1 X52.822 Y30.395 E.01076
;WIDTH:0.496918
G1 X53.326 Y30.25 E.01614
G1 X53.684 Y30.223 E.01105
;WIDTH:0.481508
G1 X54.138 Y30.305 E.01372
;WIDTH:0.47282
G1 X54.525 Y30.468 E.01225
;WIDTH:0.46849
G1 X54.828 Y30.683 E.01073
G1 X55.083 Y30.954 E.01075
G1 X55.279 Y31.27 E.01074
;WIDTH:0.479436
G1 X55.445 Y31.768 E.01554
G1 X55.467 Y31.986 E.00649
;WIDTH:0.468488
G1 X55.451 Y32.358 E.01075
G1 X55.362 Y32.719 E.01074
G1 X55.203 Y33.055 E.01074
G1 X54.981 Y33.353 E.01073
G1 X54.704 Y33.601 E.01074
G1 X54.383 Y33.79 E.01076
G1 X54.031 Y33.911 E.01075
G1 X53.662 Y33.96 E.01075
G1 X53.291 Y33.934 E.01074
;WIDTH:0.475328
G1 X52.931 Y33.839 E.01092
G1 X52.599 Y33.671 E.01092
;WIDTH:0.472462
G1 X52.306 Y33.441 E.01086
G1 X52.065 Y33.157 E.01086
;WIDTH:0.495416
G1 X51.868 Y32.773 E.01324
G1 X51.758 Y32.409 E.01166
;WIDTH:0.478936
G1 X51.749 Y31.885 E.0155
;WIDTH:0.47415
G1 X51.842 Y31.466 E.01256
G1 X51.458 Y31.327 F9000
;TYPE:External perimeter
;WIDTH:0.419999
G1 F1800
G1 X51.661 Y30.899 E.01215
G1 X51.996 Y30.47 E.01396
G1 X52.409 Y30.139 E.01358
G1 X52.884 Y29.925 E.01337
G1 X53.447 Y29.819 E.0147
G1 X54.016 Y29.844 E.01461
G1 X54.334 Y29.935 E.00849
G1 X54.721 Y30.108 E.01088
G1 X55.092 Y30.369 E.01164
G1 X55.422 Y30.722 E.0124
G1 X55.714 Y31.219 E.01479
G1 X55.86 Y31.736 E.01378
G1 X55.876 Y31.955 E.00563
G1 X55.858 Y32.409 E.01166
G1 X55.751 Y32.849 E.01162
G1 X55.558 Y33.26 E.01165
G1 X55.288 Y33.624 E.01163
G1 X54.951 Y33.928 E.01164
G1 X54.561 Y34.159 E.01163
G1 X54.132 Y34.308 E.01165
G1 X53.683 Y34.369 E.01162
G1 X53.23 Y34.34 E.01165
G1 X52.8 Y34.231 E.01138
G1 X52.402 Y34.032 E.01142
G1 X52.042 Y33.756 E.01164
G1 X51.743 Y33.414 E.01165
G1 X51.491 Y32.966 E.01319
G1 X51.39 Y32.638 E.0088
G1 X51.317 Y32.078 E.01449
G1 X51.35 Y31.747 E.00853
G1 X51.442 Y31.384 E.00961
G1 E-3.5 F3600
;WIPE_START
G1 F7200
G1 X51.458 Y31.327 E-.02812
G1 X51.661 Y30.899 E-.22501
G1 X51.996 Y30.47 E-.25854
G1 X52.409 Y30.139 E-.2514
G1 X52.884 Y29.925 E-.24747
G1 X53.447 Y29.819 E-.27212
G1 X53.904 Y29.839 E-.21734
;WIPE_END
G1 X56.373 Y54.956 F9000
G1 E5 F2400
;WIDTH:0.568086
G1 F1800
G1 X56.639 Y54.912 E.00957
G1 X57.055 Y55.003 E.01512
;WIDTH:0.567609
G1 X57.443 Y55.264 E.01659
G1 X57.698 Y55.656 E.01659
G1 X57.782 Y56.116 E.01659
G1 X57.68 Y56.572 E.01658
G1 X57.409 Y56.953 E.01659
G1 X57.011 Y57.199 E.0166
G1 X56.549 Y57.271 E.01659
G1 X56.096 Y57.157 E.01657
;WIDTH:0.566164
G1 X55.722 Y56.877 E.01653
;WIDTH:0.565754
G1 X55.488 Y56.48 E.01629
;WIDTH:0.567604
G1 X55.423 Y56.069 E.01476
G1 X55.524 Y55.613 E.01657
G1 X55.795 Y55.232 E.01659
G1 X56.192 Y54.986 E.01657
;WIDTH:0.568086
G1 X56.313 Y54.966 E.00435
G1 X56.184 Y54.448 F9000
;WIDTH:0.573451
G1 F1800
G1 X56.322 Y54.406 E.00517
G1 X56.652 Y54.381 E.01187
;WIDTH:0.567783
G1 X57.15 Y54.473 E.01797
;WIDTH:0.573931
G1 X57.543 Y54.665 E.0157
G1 X57.851 Y54.922 E.0144
;WIDTH:0.567276
G1 X58.144 Y55.354 E.01851
;WIDTH:0.573932
G1 X58.29 Y55.822 E.0176
G1 X58.312 Y56.169 E.01248
;WIDTH:0.567277
G1 X58.207 Y56.68 E.01849
;WIDTH:0.573934
G1 X58.005 Y57.068 E.0157
G1 X57.742 Y57.37 E.01437
;WIDTH:0.567279
G1 X57.302 Y57.652 E.01853
;WIDTH:0.573933
G1 X56.884 Y57.778 E.01567
G1 X56.543 Y57.804 E.01228
;WIDTH:0.567305
G1 X56.054 Y57.712 E.01764
;WIDTH:0.574873
G1 X55.662 Y57.519 E.01571
G1 X55.357 Y57.27 E.01416
;WIDTH:0.565756
G1 X55.066 Y56.837 E.01844
;WIDTH:0.5725
G1 X54.923 Y56.416 E.01592
G1 X54.892 Y56.016 E.01436
;WIDTH:0.567273
G1 X54.997 Y55.505 E.01849
;WIDTH:0.573934
G1 X55.199 Y55.117 E.0157
G1 X55.463 Y54.815 E.0144
;WIDTH:0.567281
G1 X55.902 Y54.533 E.0185
;WIDTH:0.573451
G1 X56.126 Y54.465 E.0084
G1 E-3.5 F3600
;WIPE_START
G1 F7200
G1 X56.184 Y54.448 E-.02871
G1 X56.322 Y54.406 E-.06852
G1 X56.652 Y54.381 E-.1572
G1 X57.15 Y54.473 E-.24055
G1 X57.543 Y54.665 E-.20776
G1 X57.851 Y54.922 E-.19054
G1 X58.144 Y55.354 E-.24794
G1 X58.29 Y55.822 E-.23287
G1 X58.307 Y56.087 E-.12591
;WIPE_END
G1 X65.179 Y71.516 F9000
G1 E5 F2400
;TYPE:Perimeter
;WIDTH:0.381505
G1 F3600
G1 X65.179 Y13.575 E1.33808
;WIDTH:0.423417
G1 X65.139 Y13.429 E.00392
;WIDTH:0.465328
G1 X65.099 Y13.282 E.00437
;WIDTH:0.507239
G1 X65.059 Y13.135 E.00479
G1 X64.913 Y13.096 E.00475
;WIDTH:0.465328
G1 X64.766 Y13.056 E.00437
;WIDTH:0.423417
G1 X64.619 Y13.016 E.00394
;WIDTH:0.381505
G1 X21.679 Y13.016 E.99165
G1 X21.679 Y12.669 E.00801
G1 X64.619 Y12.669 E.99165
;WIDTH:0.423417
G1 X64.901 Y12.69 E.00732
;WIDTH:0.465328
G1 X65.182 Y12.711 E.00808
;WIDTH:0.507239
G1 X65.463 Y12.732 E.00886
G1 X65.463 Y12.968 E.00742
G1 X65.484 Y13.171 E.00642
;WIDTH:0.465328
G1 X65.505 Y13.373 E.00582
;WIDTH:0.423417
G1 X65.526 Y13.575 E.00526
;WIDTH:0.381505
G1 X65.526 Y71.516 E1.33808
G1 X65.239 Y71.516 E.00663
G1 X64.812 Y71.883 F9000
;TYPE:External perimeter
;WIDTH:0.419999
G1 F1800
G1 X64.812 Y13.575 E1.49586
G1 X64.756 Y13.439 E.00377
G1 X64.619 Y13.383 E.0038
G1 X21.312 Y13.383 E1.11102
G1 X21.312 Y12.303 E.02771
G1 X65.892 Y12.303 E1.14367
G1 X65.892 Y71.883 E1.52849
G1 X64.872 Y71.883 E.02617
G1 E-3.5 F3600
;WIPE_START
G1 F7200
G1 X64.812 Y71.883 E-.0285
G1 X64.812 Y68.785 E-1.4715
;WIPE_END
G1 X65.179 Y92.669 F9000
G1 E5 F2400
;TYPE:Perimeter
;WIDTH:0.381505
G1 F3600
G1 X65.526 Y92.669 E.00801
G1 X65.526 Y92.843 E.00402
G1 X65.526 Y115.704 E.52795
;WIDTH:0.423417
G1 X65.505 Y115.954 E.00649
;WIDTH:0.465328
G1 X65.484 Y116.204 E.00719
;WIDTH:0.507239
G1 X65.463 Y116.453 E.00786
G1 X65.024 Y116.474 E.01383
;WIDTH:0.465328
G1 X64.822 Y116.495 E.00582
;WIDTH:0.423417
G1 X64.619 Y116.516 E.00528
;WIDTH:0.381505
G1 X12.585 Y116.516 E1.20166
;WIDTH:0.423417
G1 X12.304 Y116.495 E.00729
;WIDTH:0.465328
G1 X12.023 Y116.474 E.00808
;WIDTH:0.507239
G1 X11.742 Y116.453 E.00886
G1 X11.721 Y116.014 E.01383
;WIDTH:0.465328
G1 X11.7 Y115.812 E.00582
;WIDTH:0.423417
G1 X11.679 Y115.61 E.00526
;WIDTH:0.381505
G1 X11.679 Y107.169 E.19493
G1 X12.026 Y107.169 E.00801
G1 X12.026 Y115.61 E.19493
;WIDTH:0.423417
G1 X12.066 Y115.756 E.00392
;WIDTH:0.465328
G1 X12.105 Y115.903 E.00436
;WIDTH:0.507239
G1 X12.145 Y116.05 E.00479
G1 X12.292 Y116.089 E.00478
;WIDTH:0.465328
G1 X12.438 Y116.129 E.00434
;WIDTH:0.423417
G1 X12.585 Y116.169 E.00394
;WIDTH:0.381505
G1 X64.619 Y116.169 E1.20166
;WIDTH:0.423417
G1 X64.766 Y116.129 E.00394
;WIDTH:0.465328
G1 X64.913 Y116.089 E.00437
;WIDTH:0.507239
G1 X65.059 Y116.05 E.00475
G1 X65.099 Y115.903 E.00479
;WIDTH:0.465328
G1 X65.139 Y115.756 E.00437
;WIDTH:0.423417
G1 X65.179 Y115.61 E.00392
;WIDTH:0.381505
G1 X65.179 Y92.729 E.52841
G1 X64.812 Y92.303 F9000
;TYPE:External perimeter
;WIDTH:0.419999
G1 F1800
G1 X65.892 Y92.303 E.02771
G1 X65.892 Y116.883 E.63059
G1 X11.312 Y116.883 E1.40022
G1 X11.312 Y106.803 E.2586
G1 X12.392 Y106.803 E.02771
G1 X12.392 Y115.61 E.22594
G1 X12.449 Y115.746 E.00378
G1 X12.585 Y115.803 E.00378
G1 X64.619 Y115.803 E1.3349
G1 X64.756 Y115.746 E.00381
G1 X64.812 Y115.61 E.00377
G1 X64.812 Y92.363 E.59639
G1 E-3.5 F3600
;WIPE_START
G1 F7200
G1 X64.812 Y92.303 E-.0285
G1 X65.892 Y92.303 E-.513
G1 X65.892 Y94.321 E-.9585
;WIPE_END
G1 X57.061 Y111.007 F9000
G1 E5 F2400
;WIDTH:0.567608
G1 F1800
G1 X57.443 Y111.264 E.01633
G1 X57.698 Y111.656 E.01659
G1 X57.782 Y112.116 E.01659
G1 X57.68 Y112.572 E.01658
G1 X57.409 Y112.953 E.01659
G1 X57.011 Y113.199 E.0166
G1 X56.549 Y113.271 E.01659
G1 X56.097 Y113.159 E.01652
;WIDTH:0.568629
G1 X55.732 Y112.89 E.01611
G1 X55.548 Y112.62 E.01161
;WIDTH:0.565336
G1 X55.422 Y112.135 E.0177
;WIDTH:0.567304
G1 X55.516 Y111.627 E.01832
;WIDTH:0.567608
G1 X55.795 Y111.232 E.01715
G1 X56.192 Y110.986 E.01657
;WIDTH:0.568088
G1 X56.639 Y110.912 E.01609
G1 X57.003 Y110.992 E.01323
G1 X57.185 Y110.491 F9000
;WIDTH:0.573931
G1 F1800
G1 X57.543 Y110.665 E.01429
G1 X57.851 Y110.922 E.0144
;WIDTH:0.567277
G1 X58.144 Y111.354 E.01851
;WIDTH:0.573932
G1 X58.29 Y111.822 E.0176
G1 X58.312 Y112.169 E.01248
;WIDTH:0.567276
G1 X58.207 Y112.68 E.01849
;WIDTH:0.573932
G1 X58.005 Y113.068 E.0157
G1 X57.742 Y113.37 E.01437
;WIDTH:0.567278
G1 X57.302 Y113.652 E.01853
;WIDTH:0.573932
G1 X56.884 Y113.778 E.01567
G1 X56.483 Y113.8 E.01442
;WIDTH:0.56728
G1 X55.975 Y113.683 E.01848
;WIDTH:0.573429
G1 X55.592 Y113.471 E.0157
G1 X55.333 Y113.241 E.01242
;WIDTH:0.568549
G1 X55.092 Y112.891 E.0151
;WIDTH:0.573932
G1 X54.924 Y112.416 E.01808
G1 X54.892 Y112.016 E.0144
;WIDTH:0.567279
G1 X54.997 Y111.505 E.01849
;WIDTH:0.573933
G1 X55.199 Y111.117 E.0157
G1 X55.463 Y110.815 E.0144
;WIDTH:0.567279
G1 X55.902 Y110.533 E.0185
;WIDTH:0.573451
G1 X56.322 Y110.406 E.01574
G1 X56.652 Y110.381 E.01187
;WIDTH:0.567786
G1 X57.13 Y110.469 E.01725
G1 E-3.5 F3600
;WIPE_START
G1 F7200
G1 X57.185 Y110.491 E-.02814
G1 X57.543 Y110.665 E-.18907
G1 X57.851 Y110.922 E-.19054
G1 X58.144 Y111.354 E-.24794
G1 X58.29 Y111.822 E-.23287
G1 X58.312 Y112.169 E-.16516
G1 X58.207 Y112.68 E-.2478
G1 X58.015 Y113.051 E-.19848
;WIPE_END
G1 X21.772 Y112.063 F9000
G1 E5 F2400
;WIDTH:0.567609
G1 F1800
G1 X21.782 Y112.116 E.00191
G1 X21.68 Y112.572 E.01658
G1 X21.409 Y112.953 E.01659
G1 X21.011 Y113.199 E.0166
G1 X20.549 Y113.271 E.01659
G1 X20.097 Y113.159 E.01652
;WIDTH:0.56863
G1 X19.732 Y112.89 E.01612
G1 X19.548 Y112.62 E.01161
;WIDTH:0.565337
G1 X19.422 Y112.135 E.0177
;WIDTH:0.567304
G1 X19.516 Y111.627 E.01832
;WIDTH:0.567609
G1 X19.795 Y111.232 E.01715
G1 X20.192 Y110.986 E.01657
;WIDTH:0.568088
G1 X20.639 Y110.912 E.01609
G1 X21.055 Y111.003 E.01512
;WIDTH:0.567609
G1 X21.443 Y111.264 E.01659
G1 X21.698 Y111.656 E.01659
G1 X21.761 Y112.004 E.01255
G1 X22.299 Y111.965 F9000
;WIDTH:0.573932
G1 F1800
G1 X22.312 Y112.169 E.00734
;WIDTH:0.567276
G1 X22.207 Y112.68 E.01849
;WIDTH:0.573933
G1 X22.005 Y113.068 E.0157
G1 X21.742 Y113.37 E.01437
;WIDTH:0.567278
G1 X21.302 Y113.652 E.01853
;WIDTH:0.573932
G1 X20.884 Y113.778 E.01567
G1 X20.483 Y113.8 E.01442
;WIDTH:0.56728
G1 X19.975 Y113.683 E.01848
;WIDTH:0.573429
G1 X19.592 Y113.471 E.0157
G1 X19.333 Y113.241 E.01242
;WIDTH:0.56855
G1 X19.092 Y112.891 E.0151
;WIDTH:0.573933
G1 X18.924 Y112.416 E.01808
G1 X18.892 Y112.016 E.0144
;WIDTH:0.567278
G1 X18.997 Y111.505 E.01849
;WIDTH:0.573934
G1 X19.199 Y111.117 E.0157
G1 X19.463 Y110.815 E.0144
;WIDTH:0.567279
G1 X19.902 Y110.533 E.0185
;WIDTH:0.573451
G1 X20.322 Y110.406 E.01574
G1 X20.652 Y110.381 E.01187
;WIDTH:0.567786
G1 X21.15 Y110.473 E.01797
;WIDTH:0.573932
G1 X21.543 Y110.665 E.0157
G1 X21.851 Y110.922 E.0144
;WIDTH:0.567276
G1 X22.144 Y111.354 E.01851
;WIDTH:0.573932
G1 X22.29 Y111.822 E.0176
G1 X22.295 Y111.905 E.00298
;LAYER_CHANGE
;Z:4.36
;HEIGHT:0.16
;BEFORE_LAYER_CHANGE
G92 E0
;4.36


G1 E-3.5 F3600
;WIPE_START
G1 F7200
G1 X22.299 Y111.965 E-.02856
G1 X22.312 Y112.169 E-.0971
G1 X22.207 Y112.68 E-.2478
G1 X22.005 Y113.068 E-.20778
G1 X21.742 Y113.37 E-.19022
G1 X21.302 Y113.652 E-.24824
G1 X20.884 Y113.778 E-.20737
G1 X20.483 Y113.8 E-.19076
G1 X20.314 Y113.761 E-.08217
;WIPE_END
G1 Z4.36 F9000
;AFTER_LAYER_CHANGE
;4.36
G1 X20.66 Y57.254
G1 E5 F2400
;WIDTH:0.56761
G1 F1800
G1 X20.549 Y57.271 E.00398
G1 X20.096 Y57.159 E.01655
;WIDTH:0.56793
G1 X19.731 Y56.889 E.01611
;WIDTH:0.568041
G1 X19.506 Y56.529 E.01507
G1 X19.423 Y56.069 E.01659
;WIDTH:0.567611
G1 X19.524 Y55.613 E.01657
;WIDTH:0.573934
G1 X19.795 Y55.232 E.01678
;WIDTH:0.567612
G1 X20.192 Y54.986 E.01657
;WIDTH:0.568113
G1 X20.641 Y54.912 E.01616
G1 X21.055 Y55.003 E.01505
;WIDTH:0.56761
G1 X21.443 Y55.264 E.01659
G1 X21.698 Y55.656 E.01659
G1 X21.782 Y56.116 E.01659
G1 X21.68 Y56.572 E.01658
G1 X21.409 Y56.953 E.01659
G1 X21.011 Y57.199 E.0166
G1 X20.72 Y57.245 E.01045
G1 X20.772 Y57.784 F9000
;WIDTH:0.573933
G1 F1800
G1 X20.483 Y57.8 E.01039
;WIDTH:0.56728
G1 X19.975 Y57.683 E.01848
;WIDTH:0.573523
G1 X19.592 Y57.471 E.0157
G1 X19.336 Y57.245 E.01225
;WIDTH:0.567872
G1 X19.086 Y56.886 E.01553
;WIDTH:0.573992
G1 X18.924 Y56.416 E.01785
G1 X18.892 Y56.016 E.01441
;WIDTH:0.567278
G1 X18.997 Y55.505 E.01849
;WIDTH:0.573934
G1 X19.199 Y55.117 E.0157
G1 X19.463 Y54.815 E.0144
;WIDTH:0.567281
G1 X19.902 Y54.533 E.0185
;WIDTH:0.573539
G1 X20.322 Y54.406 E.01574
G1 X20.655 Y54.381 E.01198
;WIDTH:0.567819
G1 X21.15 Y54.473 E.01787
;WIDTH:0.573933
G1 X21.543 Y54.665 E.0157
G1 X21.851 Y54.922 E.0144
;WIDTH:0.567277
G1 X22.144 Y55.354 E.01851
;WIDTH:0.573933
G1 X22.29 Y55.822 E.0176
G1 X22.312 Y56.169 E.01248
;WIDTH:0.567278
G1 X22.207 Y56.68 E.01849
;WIDTH:0.573935
G1 X22.005 Y57.068 E.0157
G1 X21.742 Y57.37 E.01437
;WIDTH:0.567278
G1 X21.302 Y57.652 E.01853
;WIDTH:0.573933
G1 X20.884 Y57.778 E.01567
G1 X20.831 Y57.781 E.00191
G1 E-3.5 F3600
;WIPE_START
G1 F7200
G1 X20.772 Y57.784 E-.02806
G1 X20.483 Y57.8 E-.13749
G1 X19.975 Y57.683 E-.24762
G1 X19.592 Y57.471 E-.20794
G1 X19.336 Y57.245 E-.16221
G1 X19.086 Y56.886 E-.2078
G1 X18.924 Y56.416 E-.23614
G1 X18.892 Y56.016 E-.19061
G1 X18.927 Y55.847 E-.08213
;WIPE_END
G1 X12.026 Y56.016 F9000
G1 E5 F2400
;TYPE:Perimeter
;WIDTH:0.381505
G1 F3600
G1 X11.679 Y56.016 E.00801
G1 X11.679 Y13.575 E.98012
;WIDTH:0.423417
G1 X11.7 Y13.294 E.00729
;WIDTH:0.465328
G1 X11.721 Y13.013 E.00808
;WIDTH:0.507239
G1 X11.742 Y12.732 E.00886
G1 X12.18 Y12.711 E.01379
;WIDTH:0.465328
G1 X12.383 Y12.69 E.00585
;WIDTH:0.423417
G1 X12.585 Y12.669 E.00526
;WIDTH:0.381505
G1 X15.526 Y12.669 E.06792
G1 X15.526 Y13.016 E.00801
G1 X12.585 Y13.016 E.06792
;WIDTH:0.423417
G1 X12.438 Y13.056 E.00394
;WIDTH:0.465328
G1 X12.292 Y13.096 E.00434
;WIDTH:0.507239
G1 X12.145 Y13.135 E.00478
G1 X12.105 Y13.282 E.00479
;WIDTH:0.465328
G1 X12.066 Y13.429 E.00436
;WIDTH:0.423417
G1 X12.026 Y13.575 E.00392
;WIDTH:0.381505
G1 X12.026 Y55.956 E.97874
G1 X12.392 Y56.383 F9000
;TYPE:External perimeter
;WIDTH:0.419999
G1 F1800
G1 X11.312 Y56.383 E.02771
G1 X11.312 Y12.303 E1.13085
G1 X15.892 Y12.303 E.1175
G1 X15.892 Y13.383 E.02771
G1 X12.585 Y13.383 E.08484
G1 X12.449 Y13.439 E.00377
G1 X12.392 Y13.575 E.00378
G1 X12.392 Y56.323 E1.09667
G1 E-3.5 F3600
;WIPE_START
G1 F7200
G1 X12.392 Y56.383 E-.0285
G1 X11.312 Y56.383 E-.513
G1 X11.312 Y54.365 E-.9585
;WIPE_END
G1 X23.175 Y18.479 F9000
G1 E5 F2400
G1 F1800
G1 X23.002 Y18.42 E.00469
G1 X22.573 Y18.128 E.01331
G1 X22.288 Y17.723 E.0127
G1 X22.171 Y17.363 E.00971
G1 X22.146 Y17.075 E.00742
G1 X22.178 Y16.786 E.00746
G1 X22.267 Y16.51 E.00744
G1 X22.409 Y16.257 E.00744
G1 X22.598 Y16.037 E.00744
G1 X22.827 Y15.859 E.00744
G1 X23.071 Y15.736 E.00701
G1 X23.583 Y15.633 E.0134
G1 X24.093 Y15.717 E.01326
G1 X24.408 Y15.879 E.00909
G1 X24.632 Y16.062 E.00742
G1 X24.816 Y16.287 E.00746
G1 X24.951 Y16.543 E.00742
G1 X25.033 Y16.822 E.00746
G1 X25.059 Y17.111 E.00744
G1 X25.026 Y17.399 E.00744
G1 X24.937 Y17.675 E.00744
G1 X24.796 Y17.928 E.00743
G1 X24.606 Y18.148 E.00746
G1 X24.377 Y18.326 E.00744
G1 X24.118 Y18.455 E.00742
G1 X23.837 Y18.53 E.00746
G1 X23.548 Y18.548 E.00743
G1 X23.261 Y18.509 E.00743
G1 X23.231 Y18.498 E.00082
G1 X23.156 Y18.845 F9000
;TYPE:Perimeter
;WIDTH:0.385346
G1 F1800
G1 X22.795 Y18.725 E.00888
G1 X22.29 Y18.361 E.01454
;WIDTH:0.380524
G1 X21.988 Y17.929 E.01214
;WIDTH:0.376764
G1 X21.841 Y17.551 E.00924
;WIDTH:0.372844
G1 X21.785 Y17.193 E.00816
G1 X21.801 Y16.831 E.00816
G1 X21.888 Y16.479 E.00816
G1 X22.044 Y16.152 E.00816
G1 X22.261 Y15.862 E.00816
G1 X22.554 Y15.603 E.00881
;WIDTH:0.385344
G1 X22.997 Y15.375 E.01163
G1 X23.564 Y15.271 E.01346
;WIDTH:0.376768
G1 X24.13 Y15.353 E.01303
G1 X24.504 Y15.511 E.00925
;WIDTH:0.372844
G1 X24.799 Y15.721 E.00815
G1 X25.047 Y15.986 E.00817
G1 X25.238 Y16.294 E.00816
;WIDTH:0.383672
G1 X25.398 Y16.776 E.0118
G1 X25.42 Y16.992 E.00505
;WIDTH:0.372844
G1 X25.404 Y17.354 E.00816
G1 X25.316 Y17.706 E.00817
G1 X25.161 Y18.033 E.00815
G1 X24.943 Y18.323 E.00817
G1 X24.673 Y18.565 E.00816
G1 X24.36 Y18.748 E.00816
G1 X24.017 Y18.865 E.00816
G1 X23.658 Y18.912 E.00815
G1 X23.269 Y18.883 E.00878
;WIDTH:0.385346
G1 X23.213 Y18.864 E.00138
G1 X23.133 Y19.215 F9000
;TYPE:External perimeter
;WIDTH:0.419999
G1 F1800
G1 X22.797 Y19.121 E.00895
G1 X22.305 Y18.857 E.01432
G1 X21.955 Y18.528 E.01232
G1 X21.664 Y18.095 E.01338
G1 X21.492 Y17.649 E.01226
G1 X21.424 Y17.22 E.01114
G1 X21.442 Y16.786 E.01114
G1 X21.545 Y16.364 E.01114
G1 X21.73 Y15.971 E.01114
G1 X21.99 Y15.622 E.01116
G1 X22.313 Y15.332 E.01114
G1 X22.712 Y15.099 E.01185
G1 X23.24 Y14.933 E.0142
G1 X23.732 Y14.906 E.01264
G1 X24.237 Y15.005 E.0132
G1 X24.677 Y15.193 E.01228
G1 X25.032 Y15.444 E.01115
G1 X25.348 Y15.781 E.01185
G1 X25.627 Y16.259 E.0142
G1 X25.765 Y16.748 E.01303
G1 X25.781 Y16.965 E.00558
G1 X25.763 Y17.399 E.01114
G1 X25.659 Y17.821 E.01115
G1 X25.474 Y18.214 E.01114
G1 X25.215 Y18.563 E.01115
G1 X24.891 Y18.853 E.01116
G1 X24.517 Y19.074 E.01114
G1 X24.106 Y19.216 E.01116
G1 X23.676 Y19.274 E.01113
G1 X23.242 Y19.245 E.01116
G1 X23.191 Y19.231 E.00136
G1 E-3.5 F3600
;WIPE_START
G1 F7200
G1 X23.133 Y19.215 E-.02858
G1 X22.797 Y19.121 E-.16573
G1 X22.305 Y18.857 E-.26522
G1 X21.955 Y18.528 E-.22817
G1 X21.664 Y18.095 E-.24781
G1 X21.492 Y17.649 E-.22706
G1 X21.424 Y17.22 E-.20632
G1 X21.435 Y16.944 E-.13111
;WIPE_END
G1 X52.277 Y31.495 F9000
G1 E5 F2400
G1 F1800
G1 X52.407 Y31.259 E.00691
G1 X52.596 Y31.039 E.00744
G1 X52.825 Y30.86 E.00746
G1 X53.071 Y30.736 E.00707
G1 X53.583 Y30.633 E.0134
G1 X54.093 Y30.717 E.01326
G1 X54.406 Y30.877 E.00902
G1 X54.631 Y31.061 E.00746
G1 X54.815 Y31.285 E.00744
G1 X54.951 Y31.541 E.00744
G1 X55.033 Y31.819 E.00744
G1 X55.059 Y32.108 E.00744
G1 X55.027 Y32.396 E.00743
G1 X54.939 Y32.673 E.00746
G1 X54.797 Y32.926 E.00744
G1 X54.608 Y33.146 E.00744
G1 X54.379 Y33.325 E.00746
G1 X54.12 Y33.454 E.00742
G1 X53.84 Y33.53 E.00744
G1 X53.549 Y33.548 E.00748
G1 X53.277 Y33.513 E.00704
G1 X52.804 Y33.314 E.01316
G1 X52.439 Y32.971 E.01285
G1 X52.254 Y32.644 E.00964
G1 X52.171 Y32.366 E.00744
G1 X52.146 Y32.077 E.00744
G1 X52.178 Y31.789 E.00743
G1 X52.249 Y31.548 E.00645
G1 X51.868 Y31.412 F9000
;TYPE:Perimeter
;WIDTH:0.46849
G1 F1800
G1 X52.001 Y31.13 E.009
G1 X52.224 Y30.832 E.01075
G1 X52.501 Y30.584 E.01074
G1 X52.822 Y30.395 E.01076
;WIDTH:0.497158
G1 X53.326 Y30.251 E.01614
G1 X53.688 Y30.224 E.01118
;WIDTH:0.481592
G1 X54.138 Y30.306 E.01361
;WIDTH:0.472752
G1 X54.525 Y30.468 E.01224
;WIDTH:0.46849
G1 X54.828 Y30.683 E.01073
G1 X55.083 Y30.954 E.01075
G1 X55.279 Y31.27 E.01074
;WIDTH:0.479434
G1 X55.445 Y31.768 E.01554
G1 X55.467 Y31.986 E.00649
;WIDTH:0.46849
G1 X55.451 Y32.358 E.01075
G1 X55.362 Y32.719 E.01074
G1 X55.203 Y33.055 E.01074
G1 X54.981 Y33.353 E.01073
G1 X54.704 Y33.601 E.01074
G1 X54.383 Y33.79 E.01076
G1 X54.031 Y33.911 E.01075
G1 X53.632 Y33.961 E.01161
;WIDTH:0.48161
G1 X53.116 Y33.897 E.01547
G1 X52.547 Y33.64 E.01858
;WIDTH:0.475792
G1 X52.153 Y33.267 E.01593
;WIDTH:0.472746
G1 X51.925 Y32.915 E.01223
;WIDTH:0.46849
G1 X51.795 Y32.566 E.01076
G1 X51.737 Y32.199 E.01073
G1 X51.753 Y31.827 E.01075
G1 X51.842 Y31.466 E.01074
G1 X51.458 Y31.327 F9000
;TYPE:External perimeter
;WIDTH:0.419999
G1 F1800
G1 X51.661 Y30.899 E.01215
G1 X51.996 Y30.47 E.01396
G1 X52.409 Y30.139 E.01358
G1 X52.885 Y29.925 E.01339
G1 X53.449 Y29.819 E.01472
G1 X54.016 Y29.844 E.01456
G1 X54.334 Y29.935 E.00849
G1 X54.721 Y30.108 E.01088
G1 X55.092 Y30.369 E.01164
G1 X55.422 Y30.722 E.0124
G1 X55.714 Y31.219 E.01479
G1 X55.86 Y31.736 E.01378
G1 X55.876 Y31.955 E.00563
G1 X55.858 Y32.409 E.01166
G1 X55.751 Y32.849 E.01162
G1 X55.558 Y33.26 E.01165
G1 X55.288 Y33.624 E.01163
G1 X54.951 Y33.928 E.01164
G1 X54.561 Y34.159 E.01163
G1 X54.132 Y34.308 E.01165
G1 X53.683 Y34.369 E.01162
G1 X53.231 Y34.341 E.01162
G1 X52.751 Y34.215 E.01273
G1 X52.41 Y34.037 E.00987
G1 X51.996 Y33.718 E.01341
G1 X51.782 Y33.463 E.00854
G1 X51.56 Y33.102 E.01087
G1 X51.401 Y32.677 E.01164
G1 X51.329 Y32.23 E.01162
G1 X51.346 Y31.776 E.01166
G1 X51.442 Y31.384 E.01035
G1 E-3.5 F3600
;WIPE_START
G1 F7200
G1 X51.458 Y31.327 E-.02812
G1 X51.661 Y30.899 E-.22501
G1 X51.996 Y30.47 E-.25854
G1 X52.409 Y30.139 E-.2514
G1 X52.885 Y29.925 E-.2479
G1 X53.449 Y29.819 E-.27259
G1 X53.904 Y29.839 E-.21644
;WIPE_END
G1 X56.373 Y54.956 F9000
G1 E5 F2400
;WIDTH:0.568113
G1 F1800
G1 X56.641 Y54.912 E.00964
G1 X57.055 Y55.003 E.01505
;WIDTH:0.567609
G1 X57.443 Y55.264 E.01659
G1 X57.698 Y55.656 E.01659
G1 X57.782 Y56.116 E.01659
G1 X57.68 Y56.572 E.01658
G1 X57.409 Y56.953 E.01659
G1 X57.011 Y57.199 E.0166
;WIDTH:0.568634
G1 X56.549 Y57.272 E.01662
G1 X56.097 Y57.158 E.01657
;WIDTH:0.565671
G1 X55.732 Y56.888 E.01605
;WIDTH:0.567609
G1 X55.506 Y56.529 E.01505
G1 X55.423 Y56.069 E.01658
G1 X55.524 Y55.613 E.01657
G1 X55.795 Y55.232 E.01659
G1 X56.192 Y54.986 E.01657
;WIDTH:0.568113
G1 X56.313 Y54.966 E.00435
G1 X56.184 Y54.448 F9000
;WIDTH:0.573539
G1 F1800
G1 X56.322 Y54.406 E.00517
G1 X56.655 Y54.381 E.01198
;WIDTH:0.567818
G1 X57.15 Y54.473 E.01787
;WIDTH:0.573932
G1 X57.543 Y54.665 E.0157
G1 X57.851 Y54.922 E.0144
;WIDTH:0.567277
G1 X58.144 Y55.354 E.01851
;WIDTH:0.573932
G1 X58.29 Y55.822 E.0176
G1 X58.312 Y56.169 E.01248
;WIDTH:0.567277
G1 X58.207 Y56.68 E.01849
;WIDTH:0.573933
G1 X58.005 Y57.068 E.0157
G1 X57.742 Y57.37 E.01437
;WIDTH:0.567277
G1 X57.302 Y57.652 E.01853
;WIDTH:0.573933
G1 X56.884 Y57.778 E.01567
G1 X56.537 Y57.804 E.01249
;WIDTH:0.567964
G1 X56.062 Y57.713 E.01717
;WIDTH:0.574531
G1 X55.662 Y57.519 E.01597
G1 X55.358 Y57.27 E.01412
;WIDTH:0.565869
G1 X55.061 Y56.831 E.01874
;WIDTH:0.573931
G1 X54.924 Y56.416 E.01569
G1 X54.892 Y56.016 E.0144
;WIDTH:0.567278
G1 X54.997 Y55.505 E.01849
;WIDTH:0.573933
G1 X55.199 Y55.117 E.0157
G1 X55.463 Y54.815 E.0144
;WIDTH:0.56728
G1 X55.902 Y54.533 E.0185
;WIDTH:0.573539
G1 X56.126 Y54.465 E.0084
G1 E-3.5 F3600
;WIPE_START
G1 F7200
G1 X56.184 Y54.448 E-.02871
G1 X56.322 Y54.406 E-.06852
G1 X56.655 Y54.381 E-.15862
G1 X57.15 Y54.473 E-.23915
G1 X57.543 Y54.665 E-.20776
G1 X57.851 Y54.922 E-.19054
G1 X58.144 Y55.354 E-.24794
G1 X58.29 Y55.822 E-.23287
G1 X58.307 Y56.087 E-.12589
;WIPE_END
G1 X65.179 Y71.516 F9000
G1 E5 F2400
;TYPE:Perimeter
;WIDTH:0.381505
G1 F3600
G1 X65.179 Y13.575 E1.33808
;WIDTH:0.423417
G1 X65.139 Y13.429 E.00392
;WIDTH:0.465328
G1 X65.099 Y13.282 E.00437
;WIDTH:0.507239
G1 X65.059 Y13.135 E.00479
G1 X64.913 Y13.096 E.00475
;WIDTH:0.465328
G1 X64.766 Y13.056 E.00437
;WIDTH:0.423417
G1 X64.619 Y13.016 E.00394
;WIDTH:0.381505
G1 X21.679 Y13.016 E.99165
G1 X21.679 Y12.669 E.00801
G1 X64.619 Y12.669 E.99165
;WIDTH:0.423417
G1 X64.901 Y12.69 E.00732
;WIDTH:0.465328
G1 X65.182 Y12.711 E.00808
;WIDTH:0.507239
G1 X65.463 Y12.732 E.00886
G1 X65.463 Y12.968 E.00742
G1 X65.484 Y13.171 E.00642
;WIDTH:0.465328
G1 X65.505 Y13.373 E.00582
;WIDTH:0.423417
G1 X65.526 Y13.575 E.00526
;WIDTH:0.381505
G1 X65.526 Y71.516 E1.33808
G1 X65.239 Y71.516 E.00663
G1 X64.812 Y71.883 F9000
;TYPE:External perimeter
;WIDTH:0.419999
G1 F1800
G1 X64.812 Y13.575 E1.49586
G1 X64.756 Y13.439 E.00377
G1 X64.619 Y13.383 E.0038
G1 X21.312 Y13.383 E1.11102
G1 X21.312 Y12.303 E.02771
G1 X65.892 Y12.303 E1.14367
G1 X65.892 Y71.883 E1.52849
G1 X64.872 Y71.883 E.02617
G1 E-3.5 F3600
;WIPE_START
G1 F7200
G1 X64.812 Y71.883 E-.0285
G1 X64.812 Y68.785 E-1.4715
;WIPE_END
G1 X65.179 Y92.669 F9000
G1 E5 F2400
;TYPE:Perimeter
;WIDTH:0.381505
G1 F3600
G1 X65.526 Y92.669 E.00801
G1 X65.526 Y92.843 E.00402
G1 X65.526 Y115.704 E.52795
;WIDTH:0.423417
G1 X65.505 Y115.954 E.00649
;WIDTH:0.465328
G1 X65.484 Y116.204 E.00719
;WIDTH:0.507239
G1 X65.463 Y116.453 E.00786
G1 X65.024 Y116.474 E.01383
;WIDTH:0.465328
G1 X64.822 Y116.495 E.00582
;WIDTH:0.423417
G1 X64.619 Y116.516 E.00528
;WIDTH:0.381505
G1 X12.585 Y116.516 E1.20166
;WIDTH:0.423417
G1 X12.304 Y116.495 E.00729
;WIDTH:0.465328
G1 X12.023 Y116.474 E.00808
;WIDTH:0.507239
G1 X11.742 Y116.453 E.00886
G1 X11.721 Y116.014 E.01383
;WIDTH:0.465328
G1 X11.7 Y115.812 E.00582
;WIDTH:0.423417
G1 X11.679 Y115.61 E.00526
;WIDTH:0.381505
G1 X11.679 Y107.169 E.19493
G1 X12.026 Y107.169 E.00801
G1 X12.026 Y115.61 E.19493
;WIDTH:0.423417
G1 X12.066 Y115.756 E.00392
;WIDTH:0.465328
G1 X12.105 Y115.903 E.00436
;WIDTH:0.507239
G1 X12.145 Y116.05 E.00479
G1 X12.292 Y116.089 E.00478
;WIDTH:0.465328
G1 X12.438 Y116.129 E.00434
;WIDTH:0.423417
G1 X12.585 Y116.169 E.00394
;WIDTH:0.381505
G1 X64.619 Y116.169 E1.20166
;WIDTH:0.423417
G1 X64.766 Y116.129 E.00394
;WIDTH:0.465328
G1 X64.913 Y116.089 E.00437
;WIDTH:0.507239
G1 X65.059 Y116.05 E.00475
G1 X65.099 Y115.903 E.00479
;WIDTH:0.465328
G1 X65.139 Y115.756 E.00437
;WIDTH:0.423417
G1 X65.179 Y115.61 E.00392
;WIDTH:0.381505
G1 X65.179 Y92.729 E.52841
G1 X64.812 Y92.303 F9000
;TYPE:External perimeter
;WIDTH:0.419999
G1 F1800
G1 X65.892 Y92.303 E.02771
G1 X65.892 Y116.883 E.63059
G1 X11.312 Y116.883 E1.40022
G1 X11.312 Y106.803 E.2586
G1 X12.392 Y106.803 E.02771
G1 X12.392 Y115.61 E.22594
G1 X12.449 Y115.746 E.00378
G1 X12.585 Y115.803 E.00378
G1 X64.619 Y115.803 E1.3349
G1 X64.756 Y115.746 E.00381
G1 X64.812 Y115.61 E.00377
G1 X64.812 Y92.363 E.59639
G1 E-3.5 F3600
;WIPE_START
G1 F7200
G1 X64.812 Y92.303 E-.0285
G1 X65.892 Y92.303 E-.513
G1 X65.892 Y94.321 E-.9585
;WIPE_END
G1 X57.061 Y111.007 F9000
G1 E5 F2400
;WIDTH:0.56761
G1 F1800
G1 X57.443 Y111.264 E.01633
G1 X57.698 Y111.656 E.01659
G1 X57.782 Y112.116 E.01659
G1 X57.68 Y112.572 E.01658
G1 X57.409 Y112.953 E.01659
G1 X57.011 Y113.199 E.0166
G1 X56.549 Y113.271 E.01659
G1 X56.096 Y113.158 E.01656
G1 X55.722 Y112.878 E.01657
G1 X55.488 Y112.48 E.01638
G1 X55.423 Y112.069 E.01476
G1 X55.524 Y111.613 E.01657
;WIDTH:0.573932
G1 X55.795 Y111.232 E.01678
;WIDTH:0.567609
G1 X56.192 Y110.986 E.01657
;WIDTH:0.568114
G1 X56.641 Y110.912 E.01616
G1 X57.003 Y110.992 E.01316
G1 X57.185 Y110.491 F9000
;WIDTH:0.57393
G1 F1800
G1 X57.543 Y110.665 E.01429
G1 X57.851 Y110.922 E.0144
;WIDTH:0.567277
G1 X58.144 Y111.354 E.01851
;WIDTH:0.573932
G1 X58.29 Y111.822 E.0176
G1 X58.312 Y112.169 E.01248
;WIDTH:0.567276
G1 X58.207 Y112.68 E.01849
;WIDTH:0.573933
G1 X58.005 Y113.068 E.0157
G1 X57.742 Y113.37 E.01437
;WIDTH:0.567277
G1 X57.302 Y113.652 E.01853
;WIDTH:0.573931
G1 X56.884 Y113.778 E.01567
G1 X56.483 Y113.8 E.01442
;WIDTH:0.56728
G1 X55.975 Y113.683 E.01848
;WIDTH:0.573932
G1 X55.592 Y113.471 E.01571
G1 X55.336 Y113.245 E.01226
;WIDTH:0.567334
G1 X55.06 Y112.832 E.01761
;WIDTH:0.57254
G1 X54.923 Y112.416 E.01568
G1 X54.892 Y112.016 E.01436
;WIDTH:0.567278
G1 X54.997 Y111.505 E.01849
;WIDTH:0.573932
G1 X55.199 Y111.117 E.0157
G1 X55.463 Y110.815 E.0144
;WIDTH:0.567279
G1 X55.902 Y110.533 E.0185
;WIDTH:0.573539
G1 X56.322 Y110.406 E.01574
G1 X56.655 Y110.381 E.01198
;WIDTH:0.567819
G1 X57.129 Y110.469 E.01711
G1 E-3.5 F3600
;WIPE_START
G1 F7200
G1 X57.185 Y110.491 E-.02858
G1 X57.543 Y110.665 E-.18907
G1 X57.851 Y110.922 E-.19054
G1 X58.144 Y111.354 E-.24794
G1 X58.29 Y111.822 E-.23287
G1 X58.312 Y112.169 E-.16516
G1 X58.207 Y112.68 E-.2478
G1 X58.015 Y113.05 E-.19804
;WIPE_END
G1 X21.772 Y112.063 F9000
G1 E5 F2400
;WIDTH:0.567611
G1 F1800
G1 X21.782 Y112.116 E.00191
G1 X21.68 Y112.572 E.01658
G1 X21.409 Y112.953 E.01659
G1 X21.011 Y113.199 E.0166
G1 X20.549 Y113.271 E.01659
G1 X20.096 Y113.158 E.01656
G1 X19.722 Y112.878 E.01657
G1 X19.488 Y112.48 E.01638
G1 X19.423 Y112.069 E.01476
G1 X19.524 Y111.613 E.01657
;WIDTH:0.573934
G1 X19.795 Y111.232 E.01678
;WIDTH:0.56761
G1 X20.192 Y110.986 E.01657
;WIDTH:0.568114
G1 X20.641 Y110.912 E.01616
G1 X21.055 Y111.003 E.01505
;WIDTH:0.567611
G1 X21.443 Y111.264 E.01659
G1 X21.698 Y111.656 E.01659
G1 X21.761 Y112.004 E.01255
G1 X22.299 Y111.965 F9000
;WIDTH:0.573933
G1 F1800
G1 X22.312 Y112.169 E.00734
;WIDTH:0.567276
G1 X22.207 Y112.68 E.01849
;WIDTH:0.573934
G1 X22.005 Y113.068 E.0157
G1 X21.742 Y113.37 E.01437
;WIDTH:0.567277
G1 X21.302 Y113.652 E.01853
;WIDTH:0.573932
G1 X20.884 Y113.778 E.01567
G1 X20.483 Y113.8 E.01442
;WIDTH:0.56728
G1 X19.975 Y113.683 E.01848
;WIDTH:0.573933
G1 X19.592 Y113.471 E.01571
G1 X19.336 Y113.245 E.01226
;WIDTH:0.567335
G1 X19.06 Y112.832 E.01761
;WIDTH:0.572541
G1 X18.923 Y112.416 E.01568
G1 X18.892 Y112.016 E.01436
;WIDTH:0.567277
G1 X18.997 Y111.505 E.01849
;WIDTH:0.573934
G1 X19.199 Y111.117 E.0157
G1 X19.463 Y110.815 E.0144
;WIDTH:0.56728
G1 X19.902 Y110.533 E.0185
;WIDTH:0.573539
G1 X20.322 Y110.406 E.01574
G1 X20.655 Y110.381 E.01198
;WIDTH:0.567819
G1 X21.15 Y110.473 E.01787
;WIDTH:0.573932
G1 X21.543 Y110.665 E.0157
G1 X21.851 Y110.922 E.0144
;WIDTH:0.567277
G1 X22.144 Y111.354 E.01851
;WIDTH:0.573933
G1 X22.29 Y111.822 E.0176
G1 X22.295 Y111.905 E.00298
;LAYER_CHANGE
;Z:4.52
;HEIGHT:0.16
;BEFORE_LAYER_CHANGE
G92 E0
;4.52


G1 E-3.5 F3600
;WIPE_START
G1 F7200
G1 X22.299 Y111.965 E-.02856
G1 X22.312 Y112.169 E-.0971
G1 X22.207 Y112.68 E-.2478
G1 X22.005 Y113.068 E-.20778
G1 X21.742 Y113.37 E-.19022
G1 X21.302 Y113.652 E-.24824
G1 X20.884 Y113.778 E-.20737
G1 X20.483 Y113.8 E-.19076
G1 X20.314 Y113.761 E-.08217
;WIPE_END
G1 Z4.52 F9000
;AFTER_LAYER_CHANGE
;4.52
G1 X20.66 Y57.254
G1 E5 F2400
;WIDTH:0.567609
G1 F1800
G1 X20.549 Y57.271 E.00398
G1 X20.096 Y57.158 E.01656
;WIDTH:0.568481
G1 X19.729 Y56.888 E.01619
G1 X19.547 Y56.62 E.01151
;WIDTH:0.565134
G1 X19.422 Y56.135 E.01768
;WIDTH:0.567303
G1 X19.516 Y55.627 E.01832
;WIDTH:0.567612
G1 X19.795 Y55.232 E.01715
G1 X20.193 Y54.986 E.0166
;WIDTH:0.568142
G1 X20.642 Y54.912 E.01616
G1 X21.055 Y55.003 E.01502
;WIDTH:0.567609
G1 X21.443 Y55.264 E.01659
G1 X21.698 Y55.656 E.01659
G1 X21.782 Y56.116 E.01659
G1 X21.68 Y56.572 E.01658
G1 X21.409 Y56.953 E.01659
G1 X21.011 Y57.199 E.0166
G1 X20.72 Y57.245 E.01045
G1 X20.772 Y57.784 F9000
;WIDTH:0.573932
G1 F1800
G1 X20.483 Y57.8 E.01039
;WIDTH:0.56728
G1 X19.975 Y57.683 E.01848
;WIDTH:0.573613
G1 X19.592 Y57.471 E.0157
G1 X19.332 Y57.241 E.01245
;WIDTH:0.568342
G1 X19.092 Y56.891 E.01507
;WIDTH:0.573934
G1 X18.924 Y56.416 E.01808
G1 X18.892 Y56.016 E.0144
;WIDTH:0.567278
G1 X18.997 Y55.505 E.01849
;WIDTH:0.573932
G1 X19.199 Y55.117 E.0157
G1 X19.463 Y54.815 E.0144
;WIDTH:0.56728
G1 X19.902 Y54.533 E.0185
;WIDTH:0.573626
G1 X20.322 Y54.406 E.01574
G1 X20.658 Y54.381 E.01209
;WIDTH:0.567856
G1 X21.15 Y54.473 E.01776
;WIDTH:0.573932
G1 X21.543 Y54.665 E.0157
G1 X21.851 Y54.922 E.0144
;WIDTH:0.567278
G1 X22.144 Y55.354 E.01851
;WIDTH:0.573934
G1 X22.29 Y55.822 E.0176
G1 X22.312 Y56.169 E.01248
;WIDTH:0.567278
G1 X22.207 Y56.68 E.01849
;WIDTH:0.573934
G1 X22.005 Y57.068 E.0157
G1 X21.742 Y57.37 E.01437
;WIDTH:0.567278
G1 X21.302 Y57.652 E.01853
;WIDTH:0.573932
G1 X20.884 Y57.778 E.01567
G1 X20.831 Y57.781 E.00191
G1 E-3.5 F3600
;WIPE_START
G1 F7200
G1 X20.772 Y57.784 E-.02806
G1 X20.483 Y57.8 E-.13749
G1 X19.975 Y57.683 E-.24762
G1 X19.592 Y57.471 E-.20794
G1 X19.332 Y57.241 E-.16489
G1 X19.092 Y56.891 E-.20158
G1 X18.924 Y56.416 E-.23932
G1 X18.892 Y56.016 E-.19061
G1 X18.927 Y55.846 E-.08249
;WIPE_END
G1 X12.026 Y56.016 F9000
G1 E5 F2400
;TYPE:Perimeter
;WIDTH:0.381505
G1 F3600
G1 X11.679 Y56.016 E.00801
G1 X11.679 Y13.575 E.98012
;WIDTH:0.423417
G1 X11.7 Y13.294 E.00729
;WIDTH:0.465328
G1 X11.721 Y13.013 E.00808
;WIDTH:0.507239
G1 X11.742 Y12.732 E.00886
G1 X12.18 Y12.711 E.01379
;WIDTH:0.465328
G1 X12.383 Y12.69 E.00585
;WIDTH:0.423417
G1 X12.585 Y12.669 E.00526
;WIDTH:0.381505
G1 X15.526 Y12.669 E.06792
G1 X15.526 Y13.016 E.00801
G1 X12.585 Y13.016 E.06792
;WIDTH:0.423417
G1 X12.438 Y13.056 E.00394
;WIDTH:0.465328
G1 X12.292 Y13.096 E.00434
;WIDTH:0.507239
G1 X12.145 Y13.135 E.00478
G1 X12.105 Y13.282 E.00479
;WIDTH:0.465328
G1 X12.066 Y13.429 E.00436
;WIDTH:0.423417
G1 X12.026 Y13.575 E.00392
;WIDTH:0.381505
G1 X12.026 Y55.956 E.97874
G1 X12.392 Y56.383 F9000
;TYPE:External perimeter
;WIDTH:0.419999
G1 F1800
G1 X11.312 Y56.383 E.02771
G1 X11.312 Y12.303 E1.13085
G1 X15.892 Y12.303 E.1175
G1 X15.892 Y13.383 E.02771
G1 X12.585 Y13.383 E.08484
G1 X12.449 Y13.439 E.00377
G1 X12.392 Y13.575 E.00378
G1 X12.392 Y56.323 E1.09667
G1 E-3.5 F3600
;WIPE_START
G1 F7200
G1 X12.392 Y56.383 E-.0285
G1 X11.312 Y56.383 E-.513
G1 X11.312 Y54.365 E-.9585
;WIPE_END
G1 X23.175 Y18.478 F9000
G1 E5 F2400
G1 F1800
G1 X22.987 Y18.413 E.0051
G1 X22.732 Y18.26 E.00763
G1 X22.535 Y18.085 E.00676
G1 X22.259 Y17.659 E.01302
G1 X22.147 Y17.167 E.01294
G1 X22.178 Y16.786 E.00981
G1 X22.267 Y16.51 E.00744
G1 X22.366 Y16.317 E.00556
G1 X22.598 Y16.037 E.00933
G1 X22.827 Y15.859 E.00744
G1 X23.071 Y15.736 E.00701
G1 X23.585 Y15.633 E.01345
G1 X24.093 Y15.717 E.01321
G1 X24.408 Y15.879 E.00909
G1 X24.632 Y16.062 E.00742
G1 X24.816 Y16.287 E.00746
G1 X24.951 Y16.543 E.00742
G1 X25.033 Y16.822 E.00746
G1 X25.059 Y17.111 E.00744
G1 X25.026 Y17.399 E.00744
G1 X24.937 Y17.675 E.00744
G1 X24.796 Y17.928 E.00743
G1 X24.606 Y18.148 E.00746
G1 X24.377 Y18.326 E.00744
G1 X24.118 Y18.455 E.00742
G1 X23.837 Y18.53 E.00746
G1 X23.548 Y18.548 E.00743
G1 X23.261 Y18.509 E.00743
G1 X23.231 Y18.498 E.00082
G1 X23.155 Y18.848 F9000
;TYPE:Perimeter
;WIDTH:0.372844
G1 F1800
G1 X22.946 Y18.791 E.00488
G1 X22.623 Y18.627 E.00816
;WIDTH:0.379518
G1 X22.336 Y18.405 E.00833
;WIDTH:0.399148
G1 X22.077 Y18.078 E.01012
G1 X21.905 Y17.759 E.00879
;WIDTH:0.383844
G1 X21.791 Y17.247 E.0122
;WIDTH:0.378174
G1 X21.801 Y16.831 E.00952
;WIDTH:0.372844
G1 X21.888 Y16.479 E.00816
G1 X22.044 Y16.152 E.00816
G1 X22.261 Y15.862 E.00816
G1 X22.554 Y15.603 E.00881
;WIDTH:0.385362
G1 X22.997 Y15.375 E.01163
G1 X23.566 Y15.271 E.01351
;WIDTH:0.376702
G1 X24.131 Y15.353 E.013
G1 X24.504 Y15.511 E.00923
;WIDTH:0.372844
G1 X24.799 Y15.721 E.00815
G1 X25.047 Y15.986 E.00817
G1 X25.238 Y16.294 E.00816
;WIDTH:0.38367
G1 X25.398 Y16.776 E.0118
G1 X25.42 Y16.992 E.00505
;WIDTH:0.372844
G1 X25.404 Y17.354 E.00816
G1 X25.316 Y17.706 E.00817
G1 X25.161 Y18.033 E.00815
G1 X24.943 Y18.323 E.00817
G1 X24.673 Y18.565 E.00816
G1 X24.36 Y18.748 E.00816
G1 X24.017 Y18.865 E.00816
G1 X23.658 Y18.912 E.00815
G1 X23.296 Y18.887 E.00817
G1 X23.213 Y18.864 E.00194
G1 X23.133 Y19.215 F9000
;TYPE:External perimeter
;WIDTH:0.419999
G1 F1800
G1 X22.823 Y19.131 E.00824
G1 X22.434 Y18.936 E.01116
G1 X22.094 Y18.679 E.01093
G1 X21.784 Y18.312 E.01232
G1 X21.628 Y18.025 E.00838
G1 X21.453 Y17.51 E.01395
G1 X21.428 Y17.274 E.00609
G1 X21.442 Y16.786 E.01252
G1 X21.545 Y16.364 E.01114
G1 X21.73 Y15.971 E.01114
G1 X21.99 Y15.622 E.01116
G1 X22.313 Y15.332 E.01114
G1 X22.712 Y15.099 E.01185
G1 X23.24 Y14.933 E.0142
G1 X23.735 Y14.906 E.01272
G1 X24.238 Y15.005 E.01315
G1 X24.677 Y15.193 E.01225
G1 X25.032 Y15.444 E.01115
G1 X25.348 Y15.781 E.01185
G1 X25.627 Y16.259 E.0142
G1 X25.765 Y16.748 E.01303
G1 X25.781 Y16.965 E.00558
G1 X25.763 Y17.399 E.01114
G1 X25.659 Y17.821 E.01115
G1 X25.474 Y18.214 E.01114
G1 X25.215 Y18.563 E.01115
G1 X24.891 Y18.853 E.01116
G1 X24.517 Y19.074 E.01114
G1 X24.106 Y19.216 E.01116
G1 X23.676 Y19.274 E.01113
G1 X23.242 Y19.245 E.01116
G1 X23.191 Y19.231 E.00136
G1 E-3.5 F3600
;WIPE_START
G1 F7200
G1 X23.133 Y19.215 E-.02858
G1 X22.823 Y19.131 E-.15256
G1 X22.434 Y18.936 E-.20669
G1 X22.094 Y18.679 E-.20245
G1 X21.784 Y18.312 E-.22819
G1 X21.628 Y18.025 E-.15516
G1 X21.453 Y17.51 E-.25836
G1 X21.428 Y17.274 E-.11273
G1 X21.437 Y16.947 E-.15528
;WIPE_END
G1 X52.276 Y31.494 F9000
G1 E5 F2400
G1 F1800
G1 X52.407 Y31.259 E.0069
G1 X52.596 Y31.039 E.00744
G1 X52.825 Y30.86 E.00746
G1 X53.071 Y30.736 E.00707
G1 X53.585 Y30.633 E.01345
G1 X54.093 Y30.717 E.01321
G1 X54.406 Y30.877 E.00902
G1 X54.631 Y31.061 E.00746
G1 X54.815 Y31.285 E.00744
G1 X54.951 Y31.541 E.00744
G1 X55.033 Y31.819 E.00744
G1 X55.059 Y32.108 E.00744
G1 X55.027 Y32.396 E.00743
G1 X54.939 Y32.673 E.00746
G1 X54.797 Y32.926 E.00744
G1 X54.608 Y33.146 E.00744
G1 X54.379 Y33.325 E.00746
G1 X54.12 Y33.454 E.00742
G1 X53.84 Y33.53 E.00744
G1 X53.55 Y33.548 E.00745
G1 X53.255 Y33.507 E.00764
G1 X52.796 Y33.309 E.01282
G1 X52.544 Y33.098 E.00843
G1 X52.36 Y32.854 E.00784
G1 X52.173 Y32.383 E.013
G1 X52.161 Y31.877 E.01298
G1 X52.255 Y31.55 E.00873
G1 X51.868 Y31.412 F9000
;TYPE:Perimeter
;WIDTH:0.46849
G1 F1800
G1 X52.001 Y31.13 E.009
G1 X52.224 Y30.832 E.01075
G1 X52.501 Y30.584 E.01074
G1 X52.822 Y30.395 E.01076
;WIDTH:0.497394
G1 X53.325 Y30.251 E.01612
G1 X53.691 Y30.224 E.0113
;WIDTH:0.481688
G1 X54.139 Y30.306 E.01355
;WIDTH:0.472684
G1 X54.525 Y30.468 E.01221
;WIDTH:0.468492
G1 X54.828 Y30.683 E.01073
G1 X55.083 Y30.954 E.01075
G1 X55.279 Y31.27 E.01074
;WIDTH:0.479434
G1 X55.445 Y31.768 E.01554
G1 X55.467 Y31.986 E.00649
;WIDTH:0.468488
G1 X55.451 Y32.358 E.01075
G1 X55.362 Y32.719 E.01074
G1 X55.203 Y33.055 E.01074
G1 X54.981 Y33.353 E.01073
G1 X54.704 Y33.601 E.01074
G1 X54.383 Y33.79 E.01076
G1 X54.031 Y33.911 E.01075
G1 X53.662 Y33.96 E.01075
G1 X53.291 Y33.934 E.01074
;WIDTH:0.475328
G1 X52.931 Y33.839 E.01092
G1 X52.599 Y33.671 E.01092
;WIDTH:0.472462
G1 X52.306 Y33.441 E.01086
G1 X52.065 Y33.157 E.01086
;WIDTH:0.494958
G1 X51.867 Y32.773 E.01324
G1 X51.759 Y32.413 E.01152
;WIDTH:0.479434
G1 X51.749 Y31.886 E.01561
;WIDTH:0.474282
G1 X51.842 Y31.466 E.01259
G1 X51.458 Y31.327 F9000
;TYPE:External perimeter
;WIDTH:0.419999
G1 F1800
G1 X51.646 Y30.925 E.01139
G1 X51.917 Y30.561 E.01164
G1 X52.253 Y30.257 E.01162
G1 X52.671 Y30.013 E.01242
G1 X53.221 Y29.839 E.0148
G1 X53.452 Y29.819 E.00595
G1 X54.016 Y29.844 E.01448
G1 X54.334 Y29.935 E.00849
G1 X54.721 Y30.108 E.01088
G1 X55.092 Y30.369 E.01164
G1 X55.422 Y30.722 E.0124
G1 X55.714 Y31.219 E.01479
G1 X55.86 Y31.736 E.01378
G1 X55.876 Y31.955 E.00563
G1 X55.858 Y32.409 E.01166
G1 X55.751 Y32.849 E.01162
G1 X55.558 Y33.26 E.01165
G1 X55.288 Y33.624 E.01163
G1 X54.951 Y33.928 E.01164
G1 X54.561 Y34.159 E.01163
G1 X54.132 Y34.308 E.01165
G1 X53.683 Y34.369 E.01162
G1 X53.23 Y34.34 E.01165
G1 X52.8 Y34.231 E.01138
G1 X52.402 Y34.032 E.01142
G1 X52.042 Y33.756 E.01164
G1 X51.743 Y33.414 E.01165
G1 X51.491 Y32.966 E.01319
G1 X51.391 Y32.642 E.0087
G1 X51.317 Y32.078 E.01459
G1 X51.35 Y31.747 E.00853
G1 X51.442 Y31.384 E.00961
G1 E-3.5 F3600
;WIPE_START
G1 F7200
G1 X51.458 Y31.327 E-.02812
G1 X51.646 Y30.925 E-.2108
G1 X51.917 Y30.561 E-.21556
G1 X52.253 Y30.257 E-.21523
G1 X52.671 Y30.013 E-.2299
G1 X53.221 Y29.839 E-.27401
G1 X53.452 Y29.819 E-.11014
G1 X53.907 Y29.839 E-.21624
;WIPE_END
G1 X56.373 Y54.957 F9000
G1 E5 F2400
;WIDTH:0.568141
G1 F1800
G1 X56.642 Y54.912 E.00968
G1 X57.055 Y55.003 E.01502
;WIDTH:0.567609
G1 X57.443 Y55.264 E.01659
G1 X57.698 Y55.656 E.01659
G1 X57.782 Y56.116 E.01659
G1 X57.68 Y56.572 E.01658
G1 X57.409 Y56.953 E.01659
G1 X57.011 Y57.199 E.0166
G1 X56.549 Y57.271 E.01659
G1 X56.096 Y57.158 E.01656
;WIDTH:0.568481
G1 X55.729 Y56.888 E.01619
G1 X55.547 Y56.62 E.01151
;WIDTH:0.565133
G1 X55.422 Y56.135 E.01768
;WIDTH:0.567304
G1 X55.516 Y55.627 E.01832
;WIDTH:0.567611
G1 X55.795 Y55.232 E.01715
G1 X56.193 Y54.986 E.0166
;WIDTH:0.568141
G1 X56.313 Y54.966 E.00432
G1 X56.184 Y54.448 F9000
;WIDTH:0.573626
G1 F1800
G1 X56.322 Y54.406 E.00517
G1 X56.658 Y54.381 E.01209
;WIDTH:0.567856
G1 X57.15 Y54.473 E.01776
;WIDTH:0.573931
G1 X57.543 Y54.665 E.0157
G1 X57.851 Y54.922 E.0144
;WIDTH:0.567277
G1 X58.144 Y55.354 E.01851
;WIDTH:0.573933
G1 X58.29 Y55.822 E.0176
G1 X58.312 Y56.169 E.01248
;WIDTH:0.567277
G1 X58.207 Y56.68 E.01849
;WIDTH:0.573933
G1 X58.005 Y57.068 E.0157
G1 X57.742 Y57.37 E.01437
;WIDTH:0.567277
G1 X57.302 Y57.652 E.01853
;WIDTH:0.573932
G1 X56.884 Y57.778 E.01567
G1 X56.483 Y57.8 E.01442
;WIDTH:0.56728
G1 X55.975 Y57.683 E.01848
;WIDTH:0.573612
G1 X55.592 Y57.471 E.0157
G1 X55.332 Y57.241 E.01245
;WIDTH:0.568341
G1 X55.092 Y56.891 E.01507
;WIDTH:0.573933
G1 X54.924 Y56.416 E.01808
G1 X54.892 Y56.016 E.0144
;WIDTH:0.567278
G1 X54.997 Y55.505 E.01849
;WIDTH:0.573932
G1 X55.199 Y55.117 E.0157
G1 X55.463 Y54.815 E.0144
;WIDTH:0.56728
G1 X55.902 Y54.533 E.0185
;WIDTH:0.573626
G1 X56.126 Y54.465 E.0084
G1 E-3.5 F3600
;WIPE_START
G1 F7200
G1 X56.184 Y54.448 E-.02871
G1 X56.322 Y54.406 E-.06852
G1 X56.658 Y54.381 E-.16004
G1 X57.15 Y54.473 E-.23775
G1 X57.543 Y54.665 E-.20776
G1 X57.851 Y54.922 E-.19054
G1 X58.144 Y55.354 E-.24794
G1 X58.29 Y55.822 E-.23287
G1 X58.307 Y56.086 E-.12587
;WIPE_END
G1 X65.179 Y71.516 F9000
G1 E5 F2400
;TYPE:Perimeter
;WIDTH:0.381505
G1 F3600
G1 X65.179 Y13.575 E1.33808
;WIDTH:0.423417
G1 X65.139 Y13.429 E.00392
;WIDTH:0.465328
G1 X65.099 Y13.282 E.00437
;WIDTH:0.507239
G1 X65.059 Y13.135 E.00479
G1 X64.913 Y13.096 E.00475
;WIDTH:0.465328
G1 X64.766 Y13.056 E.00437
;WIDTH:0.423417
G1 X64.619 Y13.016 E.00394
;WIDTH:0.381505
G1 X21.679 Y13.016 E.99165
G1 X21.679 Y12.669 E.00801
G1 X64.619 Y12.669 E.99165
;WIDTH:0.423417
G1 X64.901 Y12.69 E.00732
;WIDTH:0.465328
G1 X65.182 Y12.711 E.00808
;WIDTH:0.507239
G1 X65.463 Y12.732 E.00886
G1 X65.463 Y12.968 E.00742
G1 X65.484 Y13.171 E.00642
;WIDTH:0.465328
G1 X65.505 Y13.373 E.00582
;WIDTH:0.423417
G1 X65.526 Y13.575 E.00526
;WIDTH:0.381505
G1 X65.526 Y71.516 E1.33808
G1 X65.239 Y71.516 E.00663
G1 X64.812 Y71.883 F9000
;TYPE:External perimeter
;WIDTH:0.419999
G1 F1800
G1 X64.812 Y13.575 E1.49586
G1 X64.756 Y13.439 E.00377
G1 X64.619 Y13.383 E.0038
G1 X21.312 Y13.383 E1.11102
G1 X21.312 Y12.303 E.02771
G1 X65.892 Y12.303 E1.14367
G1 X65.892 Y71.883 E1.52849
G1 X64.872 Y71.883 E.02617
G1 E-3.5 F3600
;WIPE_START
G1 F7200
G1 X64.812 Y71.883 E-.0285
G1 X64.812 Y68.785 E-1.4715
;WIPE_END
G1 X65.179 Y92.669 F9000
G1 E5 F2400
;TYPE:Perimeter
;WIDTH:0.381505
G1 F3600
G1 X65.526 Y92.669 E.00801
G1 X65.526 Y92.843 E.00402
G1 X65.526 Y115.704 E.52795
;WIDTH:0.423417
G1 X65.505 Y115.954 E.00649
;WIDTH:0.465328
G1 X65.484 Y116.204 E.00719
;WIDTH:0.507239
G1 X65.463 Y116.453 E.00786
G1 X65.024 Y116.474 E.01383
;WIDTH:0.465328
G1 X64.822 Y116.495 E.00582
;WIDTH:0.423417
G1 X64.619 Y116.516 E.00528
;WIDTH:0.381505
G1 X12.585 Y116.516 E1.20166
;WIDTH:0.423417
G1 X12.304 Y116.495 E.00729
;WIDTH:0.465328
G1 X12.023 Y116.474 E.00808
;WIDTH:0.507239
G1 X11.742 Y116.453 E.00886
G1 X11.721 Y116.014 E.01383
;WIDTH:0.465328
G1 X11.7 Y115.812 E.00582
;WIDTH:0.423417
G1 X11.679 Y115.61 E.00526
;WIDTH:0.381505
G1 X11.679 Y107.169 E.19493
G1 X12.026 Y107.169 E.00801
G1 X12.026 Y115.61 E.19493
;WIDTH:0.423417
G1 X12.066 Y115.756 E.00392
;WIDTH:0.465328
G1 X12.105 Y115.903 E.00436
;WIDTH:0.507239
G1 X12.145 Y116.05 E.00479
G1 X12.292 Y116.089 E.00478
;WIDTH:0.465328
G1 X12.438 Y116.129 E.00434
;WIDTH:0.423417
G1 X12.585 Y116.169 E.00394
;WIDTH:0.381505
G1 X64.619 Y116.169 E1.20166
;WIDTH:0.423417
G1 X64.766 Y116.129 E.00394
;WIDTH:0.465328
G1 X64.913 Y116.089 E.00437
;WIDTH:0.507239
G1 X65.059 Y116.05 E.00475
G1 X65.099 Y115.903 E.00479
;WIDTH:0.465328
G1 X65.139 Y115.756 E.00437
;WIDTH:0.423417
G1 X65.179 Y115.61 E.00392
;WIDTH:0.381505
G1 X65.179 Y92.729 E.52841
G1 X64.812 Y92.303 F9000
;TYPE:External perimeter
;WIDTH:0.419999
G1 F1800
G1 X65.892 Y92.303 E.02771
G1 X65.892 Y116.883 E.63059
G1 X11.312 Y116.883 E1.40022
G1 X11.312 Y106.803 E.2586
G1 X12.392 Y106.803 E.02771
G1 X12.392 Y115.61 E.22594
G1 X12.449 Y115.746 E.00378
G1 X12.585 Y115.803 E.00378
G1 X64.619 Y115.803 E1.3349
G1 X64.756 Y115.746 E.00381
G1 X64.812 Y115.61 E.00377
G1 X64.812 Y92.363 E.59639
G1 E-3.5 F3600
;WIPE_START
G1 F7200
G1 X64.812 Y92.303 E-.0285
G1 X65.892 Y92.303 E-.513
G1 X65.892 Y94.321 E-.9585
;WIPE_END
G1 X57.061 Y111.007 F9000
G1 E5 F2400
;WIDTH:0.56761
G1 F1800
G1 X57.443 Y111.264 E.01633
G1 X57.698 Y111.656 E.01659
G1 X57.782 Y112.116 E.01659
G1 X57.68 Y112.572 E.01658
G1 X57.409 Y112.953 E.01659
G1 X57.011 Y113.199 E.0166
G1 X56.549 Y113.271 E.01659
G1 X56.096 Y113.158 E.01656
;WIDTH:0.56858
G1 X55.729 Y112.888 E.01619
G1 X55.547 Y112.62 E.01151
;WIDTH:0.564894
G1 X55.422 Y112.135 E.01768
;WIDTH:0.567303
G1 X55.516 Y111.627 E.01832
;WIDTH:0.567609
G1 X55.795 Y111.232 E.01715
G1 X56.192 Y110.986 E.01657
;WIDTH:0.56814
G1 X56.642 Y110.912 E.01619
G1 X57.003 Y110.992 E.01313
G1 X57.185 Y110.491 F9000
;WIDTH:0.573932
G1 F1800
G1 X57.543 Y110.665 E.01429
G1 X57.851 Y110.922 E.0144
;WIDTH:0.567278
G1 X58.144 Y111.354 E.01851
;WIDTH:0.573931
G1 X58.29 Y111.822 E.0176
G1 X58.312 Y112.169 E.01248
;WIDTH:0.567276
G1 X58.207 Y112.68 E.01849
;WIDTH:0.573932
G1 X58.005 Y113.068 E.0157
G1 X57.742 Y113.37 E.01437
;WIDTH:0.567276
G1 X57.302 Y113.652 E.01853
;WIDTH:0.573931
G1 X56.884 Y113.778 E.01567
G1 X56.483 Y113.8 E.01442
;WIDTH:0.56728
G1 X55.975 Y113.683 E.01848
;WIDTH:0.573613
G1 X55.592 Y113.471 E.0157
G1 X55.331 Y113.24 E.0125
;WIDTH:0.568443
G1 X55.061 Y112.831 E.01741
;WIDTH:0.573932
G1 X54.924 Y112.416 E.01569
G1 X54.892 Y112.016 E.0144
;WIDTH:0.567279
G1 X54.997 Y111.505 E.01849
;WIDTH:0.57393
G1 X55.199 Y111.117 E.0157
G1 X55.463 Y110.815 E.0144
;WIDTH:0.56728
G1 X55.902 Y110.533 E.0185
;WIDTH:0.573626
G1 X56.322 Y110.406 E.01574
G1 X56.658 Y110.381 E.01209
;WIDTH:0.567855
G1 X57.13 Y110.469 E.01704
G1 E-3.5 F3600
;WIPE_START
G1 F7200
G1 X57.185 Y110.491 E-.02814
G1 X57.543 Y110.665 E-.18907
G1 X57.851 Y110.922 E-.19054
G1 X58.144 Y111.354 E-.24794
G1 X58.29 Y111.822 E-.23287
G1 X58.312 Y112.169 E-.16516
G1 X58.207 Y112.68 E-.2478
G1 X58.014 Y113.051 E-.19848
;WIPE_END
G1 X21.772 Y112.063 F9000
G1 E5 F2400
;WIDTH:0.567611
G1 F1800
G1 X21.782 Y112.116 E.00191
G1 X21.68 Y112.572 E.01658
G1 X21.409 Y112.953 E.01659
G1 X21.011 Y113.199 E.0166
G1 X20.549 Y113.271 E.01659
G1 X20.096 Y113.158 E.01656
;WIDTH:0.56858
G1 X19.729 Y112.888 E.01619
G1 X19.547 Y112.62 E.01151
;WIDTH:0.564895
G1 X19.422 Y112.135 E.01768
;WIDTH:0.567304
G1 X19.516 Y111.627 E.01832
;WIDTH:0.56761
G1 X19.795 Y111.232 E.01715
G1 X20.192 Y110.986 E.01657
;WIDTH:0.568141
G1 X20.642 Y110.912 E.01619
G1 X21.055 Y111.003 E.01502
;WIDTH:0.567611
G1 X21.443 Y111.264 E.01659
G1 X21.698 Y111.656 E.01659
G1 X21.761 Y112.004 E.01255
G1 X22.299 Y111.965 F9000
;WIDTH:0.573932
G1 F1800
G1 X22.312 Y112.169 E.00734
;WIDTH:0.567276
G1 X22.207 Y112.68 E.01849
;WIDTH:0.573934
G1 X22.005 Y113.068 E.0157
G1 X21.742 Y113.37 E.01437
;WIDTH:0.567277
G1 X21.302 Y113.652 E.01853
;WIDTH:0.573931
G1 X20.884 Y113.778 E.01567
G1 X20.483 Y113.8 E.01442
;WIDTH:0.56728
G1 X19.975 Y113.683 E.01848
;WIDTH:0.573612
G1 X19.592 Y113.471 E.0157
G1 X19.331 Y113.24 E.0125
;WIDTH:0.568444
G1 X19.061 Y112.831 E.01741
;WIDTH:0.573933
G1 X18.924 Y112.416 E.01569
G1 X18.892 Y112.016 E.0144
;WIDTH:0.567279
G1 X18.997 Y111.505 E.01849
;WIDTH:0.573931
G1 X19.199 Y111.117 E.0157
G1 X19.463 Y110.815 E.0144
;WIDTH:0.567279
G1 X19.902 Y110.533 E.0185
;WIDTH:0.573626
G1 X20.322 Y110.406 E.01574
G1 X20.658 Y110.381 E.01209
;WIDTH:0.567856
G1 X21.15 Y110.473 E.01776
;WIDTH:0.573933
G1 X21.543 Y110.665 E.0157
G1 X21.851 Y110.922 E.0144
;WIDTH:0.567278
G1 X22.144 Y111.354 E.01851
;WIDTH:0.573932
G1 X22.29 Y111.822 E.0176
G1 X22.295 Y111.905 E.00298
;LAYER_CHANGE
;Z:4.68
;HEIGHT:0.16
;BEFORE_LAYER_CHANGE
G92 E0
;4.68


G1 E-3.5 F3600
;WIPE_START
G1 F7200
G1 X22.299 Y111.965 E-.02856
G1 X22.312 Y112.169 E-.0971
G1 X22.207 Y112.68 E-.2478
G1 X22.005 Y113.068 E-.20778
G1 X21.742 Y113.37 E-.19022
G1 X21.302 Y113.652 E-.24824
G1 X20.884 Y113.778 E-.20737
G1 X20.483 Y113.8 E-.19076
G1 X20.314 Y113.761 E-.08217
;WIPE_END
G1 Z4.68 F9000
;AFTER_LAYER_CHANGE
;4.68
G1 X20.66 Y57.254
G1 E5 F2400
;WIDTH:0.567609
G1 F1800
G1 X20.549 Y57.271 E.00398
G1 X20.096 Y57.158 E.01656
G1 X19.728 Y56.886 E.01623
;WIDTH:0.567846
G1 X19.506 Y56.529 E.01492
G1 X19.423 Y56.069 E.01659
;WIDTH:0.56761
G1 X19.524 Y55.613 E.01657
;WIDTH:0.573933
G1 X19.795 Y55.232 E.01678
;WIDTH:0.567611
G1 X20.193 Y54.986 E.0166
;WIDTH:0.568168
G1 X20.644 Y54.912 E.01623
G1 X21.055 Y55.003 E.01495
;WIDTH:0.567609
G1 X21.443 Y55.264 E.01659
G1 X21.698 Y55.656 E.01659
G1 X21.782 Y56.116 E.01659
G1 X21.68 Y56.572 E.01658
G1 X21.409 Y56.953 E.01659
G1 X21.011 Y57.199 E.0166
G1 X20.72 Y57.245 E.01045
G1 X20.772 Y57.784 F9000
;WIDTH:0.573933
G1 F1800
G1 X20.483 Y57.8 E.01039
;WIDTH:0.56728
G1 X19.975 Y57.683 E.01848
;WIDTH:0.573704
G1 X19.592 Y57.471 E.01571
G1 X19.336 Y57.245 E.01225
;WIDTH:0.567626
G1 X19.086 Y56.886 E.01552
;WIDTH:0.573966
G1 X18.924 Y56.416 E.01785
G1 X18.892 Y56.016 E.0144
;WIDTH:0.567277
G1 X18.997 Y55.505 E.01849
;WIDTH:0.573933
G1 X19.199 Y55.117 E.0157
G1 X19.463 Y54.815 E.0144
;WIDTH:0.567279
G1 X19.902 Y54.533 E.0185
;WIDTH:0.573713
G1 X20.321 Y54.406 E.01571
G1 X20.661 Y54.381 E.01223
;WIDTH:0.567892
G1 X21.15 Y54.473 E.01766
;WIDTH:0.573931
G1 X21.543 Y54.665 E.0157
G1 X21.851 Y54.922 E.0144
;WIDTH:0.567277
G1 X22.144 Y55.354 E.01851
;WIDTH:0.573933
G1 X22.29 Y55.822 E.0176
G1 X22.312 Y56.169 E.01248
;WIDTH:0.567276
G1 X22.207 Y56.68 E.01849
;WIDTH:0.573935
G1 X22.005 Y57.068 E.0157
G1 X21.742 Y57.37 E.01437
;WIDTH:0.567278
G1 X21.302 Y57.652 E.01853
;WIDTH:0.573933
G1 X20.884 Y57.778 E.01567
G1 X20.831 Y57.781 E.00191
G1 E-3.5 F3600
;WIPE_START
G1 F7200
G1 X20.772 Y57.784 E-.02806
G1 X20.483 Y57.8 E-.13749
G1 X19.975 Y57.683 E-.24762
G1 X19.592 Y57.471 E-.20794
G1 X19.336 Y57.245 E-.16221
G1 X19.086 Y56.886 E-.2078
G1 X18.924 Y56.416 E-.23614
G1 X18.892 Y56.016 E-.19061
G1 X18.927 Y55.847 E-.08213
;WIPE_END
G1 X12.026 Y56.016 F9000
G1 E5 F2400
;TYPE:Perimeter
;WIDTH:0.381505
G1 F3600
G1 X11.679 Y56.016 E.00801
G1 X11.679 Y13.575 E.98012
;WIDTH:0.423417
G1 X11.7 Y13.294 E.00729
;WIDTH:0.465328
G1 X11.721 Y13.013 E.00808
;WIDTH:0.507239
G1 X11.742 Y12.732 E.00886
G1 X12.18 Y12.711 E.01379
;WIDTH:0.465328
G1 X12.383 Y12.69 E.00585
;WIDTH:0.423417
G1 X12.585 Y12.669 E.00526
;WIDTH:0.381505
G1 X15.526 Y12.669 E.06792
G1 X15.526 Y13.016 E.00801
G1 X12.585 Y13.016 E.06792
;WIDTH:0.423417
G1 X12.438 Y13.056 E.00394
;WIDTH:0.465328
G1 X12.292 Y13.096 E.00434
;WIDTH:0.507239
G1 X12.145 Y13.135 E.00478
G1 X12.105 Y13.282 E.00479
;WIDTH:0.465328
G1 X12.066 Y13.429 E.00436
;WIDTH:0.423417
G1 X12.026 Y13.575 E.00392
;WIDTH:0.381505
G1 X12.026 Y55.956 E.97874
G1 X12.392 Y56.383 F9000
;TYPE:External perimeter
;WIDTH:0.419999
G1 F1800
G1 X11.312 Y56.383 E.02771
G1 X11.312 Y12.303 E1.13085
G1 X15.892 Y12.303 E.1175
G1 X15.892 Y13.383 E.02771
G1 X12.585 Y13.383 E.08484
G1 X12.449 Y13.439 E.00377
G1 X12.392 Y13.575 E.00378
G1 X12.392 Y56.323 E1.09667
G1 E-3.5 F3600
;WIPE_START
G1 F7200
G1 X12.392 Y56.383 E-.0285
G1 X11.312 Y56.383 E-.513
G1 X11.312 Y54.365 E-.9585
;WIPE_END
G1 X23.175 Y18.478 F9000
G1 E5 F2400
G1 F1800
G1 X22.987 Y18.413 E.0051
G1 X22.732 Y18.26 E.00763
G1 X22.536 Y18.086 E.00672
G1 X22.259 Y17.66 E.01304
G1 X22.147 Y17.167 E.01297
G1 X22.178 Y16.786 E.00981
G1 X22.267 Y16.51 E.00744
G1 X22.366 Y16.317 E.00556
G1 X22.598 Y16.037 E.00933
G1 X22.827 Y15.859 E.00744
G1 X23.071 Y15.736 E.00701
G1 X23.587 Y15.633 E.0135
G1 X24.093 Y15.717 E.01316
G1 X24.408 Y15.879 E.00909
G1 X24.632 Y16.062 E.00742
G1 X24.816 Y16.287 E.00746
G1 X24.951 Y16.543 E.00742
G1 X25.033 Y16.822 E.00746
G1 X25.059 Y17.111 E.00744
G1 X25.026 Y17.399 E.00744
G1 X24.937 Y17.675 E.00744
G1 X24.796 Y17.928 E.00743
G1 X24.606 Y18.148 E.00746
G1 X24.377 Y18.326 E.00744
G1 X24.118 Y18.455 E.00742
G1 X23.837 Y18.53 E.00746
G1 X23.548 Y18.548 E.00743
G1 X23.261 Y18.509 E.00743
G1 X23.231 Y18.498 E.00082
G1 X23.155 Y18.848 F9000
;TYPE:Perimeter
;WIDTH:0.372844
G1 F1800
G1 X22.946 Y18.791 E.00488
G1 X22.623 Y18.627 E.00816
;WIDTH:0.37884
G1 X22.336 Y18.405 E.00832
;WIDTH:0.39897
G1 X22.077 Y18.078 E.01012
G1 X21.905 Y17.759 E.00879
;WIDTH:0.384098
G1 X21.792 Y17.247 E.0122
;WIDTH:0.378234
G1 X21.801 Y16.831 E.00952
;WIDTH:0.372842
G1 X21.888 Y16.479 E.00816
G1 X22.044 Y16.152 E.00816
G1 X22.261 Y15.862 E.00816
G1 X22.554 Y15.603 E.00881
;WIDTH:0.38538
G1 X22.998 Y15.375 E.01166
G1 X23.569 Y15.271 E.01355
;WIDTH:0.37664
G1 X24.131 Y15.353 E.01293
G1 X24.504 Y15.511 E.00922
;WIDTH:0.372846
G1 X24.799 Y15.721 E.00815
G1 X25.047 Y15.986 E.00817
G1 X25.238 Y16.294 E.00816
;WIDTH:0.383666
G1 X25.398 Y16.776 E.0118
G1 X25.42 Y16.992 E.00505
;WIDTH:0.372844
G1 X25.404 Y17.354 E.00816
G1 X25.316 Y17.706 E.00817
G1 X25.161 Y18.033 E.00815
G1 X24.943 Y18.323 E.00817
G1 X24.673 Y18.565 E.00816
G1 X24.36 Y18.748 E.00816
G1 X24.017 Y18.865 E.00816
G1 X23.658 Y18.912 E.00815
G1 X23.296 Y18.887 E.00817
G1 X23.213 Y18.864 E.00194
G1 X23.133 Y19.215 F9000
;TYPE:External perimeter
;WIDTH:0.419999
G1 F1800
G1 X22.823 Y19.131 E.00824
G1 X22.434 Y18.936 E.01116
G1 X22.094 Y18.678 E.01095
G1 X21.783 Y18.312 E.01232
G1 X21.629 Y18.027 E.00831
G1 X21.453 Y17.51 E.01401
G1 X21.428 Y17.274 E.00609
G1 X21.442 Y16.786 E.01252
G1 X21.545 Y16.364 E.01114
G1 X21.73 Y15.971 E.01114
G1 X21.99 Y15.622 E.01116
G1 X22.313 Y15.332 E.01114
G1 X22.712 Y15.099 E.01185
G1 X23.239 Y14.933 E.01417
G1 X23.738 Y14.906 E.01282
G1 X24.238 Y15.005 E.01308
G1 X24.677 Y15.193 E.01225
G1 X25.032 Y15.444 E.01115
G1 X25.348 Y15.781 E.01185
G1 X25.627 Y16.259 E.0142
G1 X25.765 Y16.748 E.01303
G1 X25.781 Y16.965 E.00558
G1 X25.763 Y17.399 E.01114
G1 X25.659 Y17.821 E.01115
G1 X25.474 Y18.214 E.01114
G1 X25.215 Y18.563 E.01115
G1 X24.891 Y18.853 E.01116
G1 X24.517 Y19.074 E.01114
G1 X24.106 Y19.216 E.01116
G1 X23.676 Y19.274 E.01113
G1 X23.242 Y19.245 E.01116
G1 X23.191 Y19.231 E.00136
G1 E-3.5 F3600
;WIPE_START
G1 F7200
G1 X23.133 Y19.215 E-.02858
G1 X22.823 Y19.131 E-.15256
G1 X22.434 Y18.936 E-.20669
G1 X22.094 Y18.678 E-.20273
G1 X21.783 Y18.312 E-.22814
G1 X21.629 Y18.027 E-.15387
G1 X21.453 Y17.51 E-.25941
G1 X21.428 Y17.274 E-.11273
G1 X21.437 Y16.947 E-.15529
;WIPE_END
G1 X52.279 Y31.495 F9000
G1 E5 F2400
G1 F1800
G1 X52.407 Y31.259 E.00689
G1 X52.596 Y31.039 E.00744
G1 X52.825 Y30.86 E.00746
G1 X53.071 Y30.736 E.00707
G1 X53.587 Y30.633 E.0135
G1 X54.093 Y30.717 E.01316
G1 X54.406 Y30.877 E.00902
G1 X54.631 Y31.061 E.00746
G1 X54.815 Y31.285 E.00744
G1 X54.951 Y31.541 E.00744
G1 X55.033 Y31.819 E.00744
G1 X55.059 Y32.108 E.00744
G1 X55.027 Y32.396 E.00743
G1 X54.939 Y32.673 E.00746
G1 X54.797 Y32.926 E.00744
G1 X54.608 Y33.146 E.00744
G1 X54.379 Y33.325 E.00746
G1 X54.12 Y33.454 E.00742
G1 X53.84 Y33.53 E.00744
G1 X53.543 Y33.548 E.00763
G1 X53.053 Y33.445 E.01285
G1 X52.616 Y33.169 E.01326
G1 X52.39 Y32.9 E.00901
G1 X52.254 Y32.644 E.00744
G1 X52.171 Y32.366 E.00744
G1 X52.146 Y32.077 E.00744
G1 X52.178 Y31.789 E.00743
G1 X52.24 Y31.568 E.00589
G1 X52.251 Y31.548 E.00059
G1 X51.868 Y31.412 F9000
;TYPE:Perimeter
;WIDTH:0.468492
G1 F1800
G1 X52.001 Y31.13 E.009
G1 X52.224 Y30.832 E.01075
G1 X52.501 Y30.584 E.01074
G1 X52.822 Y30.395 E.01076
;WIDTH:0.497632
G1 X53.325 Y30.251 E.01612
G1 X53.695 Y30.224 E.01143
;WIDTH:0.48178
G1 X54.139 Y30.306 E.01344
;WIDTH:0.472618
G1 X54.525 Y30.468 E.0122
;WIDTH:0.468492
G1 X54.828 Y30.683 E.01073
G1 X55.083 Y30.954 E.01075
G1 X55.279 Y31.27 E.01074
;WIDTH:0.479434
G1 X55.445 Y31.768 E.01554
G1 X55.467 Y31.986 E.00649
;WIDTH:0.46849
G1 X55.451 Y32.358 E.01075
G1 X55.362 Y32.719 E.01074
G1 X55.203 Y33.055 E.01074
G1 X54.981 Y33.353 E.01073
G1 X54.704 Y33.601 E.01074
G1 X54.383 Y33.79 E.01076
G1 X54.031 Y33.911 E.01075
G1 X53.662 Y33.96 E.01075
;WIDTH:0.475326
G1 X53.291 Y33.938 E.0109
;WIDTH:0.475496
G1 X52.875 Y33.819 E.0127
G1 X52.412 Y33.529 E.01603
;WIDTH:0.472442
G1 X52.121 Y33.231 E.01214
;WIDTH:0.468492
G1 X51.925 Y32.915 E.01074
G1 X51.795 Y32.566 E.01076
G1 X51.737 Y32.199 E.01073
G1 X51.753 Y31.827 E.01075
G1 X51.842 Y31.466 E.01074
G1 X51.458 Y31.326 F9000
;TYPE:External perimeter
;WIDTH:0.419999
G1 F1800
G1 X51.646 Y30.925 E.01136
G1 X51.917 Y30.561 E.01164
G1 X52.253 Y30.257 E.01162
G1 X52.671 Y30.013 E.01242
G1 X53.22 Y29.839 E.01477
G1 X53.752 Y29.811 E.01367
G1 X54.261 Y29.912 E.01331
G1 X54.721 Y30.108 E.01283
G1 X55.092 Y30.369 E.01164
G1 X55.422 Y30.722 E.0124
G1 X55.714 Y31.219 E.01479
G1 X55.86 Y31.736 E.01378
G1 X55.876 Y31.955 E.00563
G1 X55.858 Y32.409 E.01166
G1 X55.751 Y32.849 E.01162
G1 X55.558 Y33.26 E.01165
G1 X55.288 Y33.624 E.01163
G1 X54.951 Y33.928 E.01164
G1 X54.561 Y34.159 E.01163
G1 X54.132 Y34.308 E.01165
G1 X53.683 Y34.369 E.01162
G1 X53.239 Y34.348 E.0114
G1 X52.811 Y34.232 E.01138
G1 X52.35 Y34.004 E.01319
G1 X52.148 Y33.845 E.00659
G1 X51.801 Y33.487 E.01279
G1 X51.56 Y33.102 E.01165
G1 X51.401 Y32.677 E.01164
G1 X51.329 Y32.23 E.01162
G1 X51.346 Y31.776 E.01166
G1 X51.442 Y31.384 E.01035
G1 E-3.5 F3600
;WIPE_START
G1 F7200
G1 X51.458 Y31.326 E-.02858
G1 X51.646 Y30.925 E-.21037
G1 X51.917 Y30.561 E-.21556
G1 X52.253 Y30.257 E-.21523
G1 X52.671 Y30.013 E-.2299
G1 X53.22 Y29.839 E-.27356
G1 X53.752 Y29.811 E-.25305
G1 X53.904 Y29.841 E-.07375
;WIPE_END
G1 X56.373 Y54.957 F9000
G1 E5 F2400
;WIDTH:0.568168
G1 F1800
G1 X56.644 Y54.912 E.00976
G1 X57.055 Y55.003 E.01495
;WIDTH:0.567609
G1 X57.443 Y55.264 E.01659
G1 X57.698 Y55.656 E.01659
G1 X57.782 Y56.116 E.01659
G1 X57.68 Y56.572 E.01658
G1 X57.409 Y56.953 E.01659
G1 X57.011 Y57.199 E.0166
G1 X56.549 Y57.271 E.01659
G1 X56.096 Y57.158 E.01656
G1 X55.729 Y56.886 E.0162
G1 X55.506 Y56.529 E.01493
G1 X55.423 Y56.069 E.01658
G1 X55.524 Y55.613 E.01657
;WIDTH:0.573934
G1 X55.795 Y55.232 E.01678
;WIDTH:0.56761
G1 X56.193 Y54.986 E.0166
;WIDTH:0.568168
G1 X56.313 Y54.966 E.00432
G1 X56.184 Y54.448 F9000
;WIDTH:0.573713
G1 F1800
G1 X56.321 Y54.406 E.00514
G1 X56.661 Y54.381 E.01223
;WIDTH:0.567892
G1 X57.15 Y54.473 E.01766
;WIDTH:0.573931
G1 X57.543 Y54.665 E.0157
G1 X57.851 Y54.922 E.0144
;WIDTH:0.567277
G1 X58.144 Y55.354 E.01851
;WIDTH:0.573932
G1 X58.29 Y55.822 E.0176
G1 X58.312 Y56.169 E.01248
;WIDTH:0.567276
G1 X58.207 Y56.68 E.01849
;WIDTH:0.573934
G1 X58.005 Y57.068 E.0157
G1 X57.742 Y57.37 E.01437
;WIDTH:0.567278
G1 X57.302 Y57.652 E.01853
;WIDTH:0.573932
G1 X56.884 Y57.778 E.01567
G1 X56.483 Y57.8 E.01442
;WIDTH:0.567281
G1 X55.975 Y57.683 E.01848
;WIDTH:0.573854
G1 X55.586 Y57.468 E.01595
G1 X55.357 Y57.27 E.01086
;WIDTH:0.56608
G1 X55.061 Y56.831 E.01873
;WIDTH:0.573933
G1 X54.924 Y56.416 E.01569
G1 X54.892 Y56.016 E.0144
;WIDTH:0.567278
G1 X54.997 Y55.505 E.01849
;WIDTH:0.573934
G1 X55.199 Y55.117 E.0157
G1 X55.463 Y54.815 E.0144
;WIDTH:0.567279
G1 X55.902 Y54.533 E.0185
;WIDTH:0.573713
G1 X56.126 Y54.465 E.0084
G1 E-3.5 F3600
;WIPE_START
G1 F7200
G1 X56.184 Y54.448 E-.02871
G1 X56.321 Y54.406 E-.06806
G1 X56.661 Y54.381 E-.16194
G1 X57.15 Y54.473 E-.23635
G1 X57.543 Y54.665 E-.20776
G1 X57.851 Y54.922 E-.19054
G1 X58.144 Y55.354 E-.24794
G1 X58.29 Y55.822 E-.23287
G1 X58.307 Y56.086 E-.12583
;WIPE_END
G1 X65.179 Y71.516 F9000
G1 E5 F2400
;TYPE:Perimeter
;WIDTH:0.381505
G1 F3600
G1 X65.179 Y13.575 E1.33808
;WIDTH:0.423417
G1 X65.139 Y13.429 E.00392
;WIDTH:0.465328
G1 X65.099 Y13.282 E.00437
;WIDTH:0.507239
G1 X65.059 Y13.135 E.00479
G1 X64.913 Y13.096 E.00475
;WIDTH:0.465328
G1 X64.766 Y13.056 E.00437
;WIDTH:0.423417
G1 X64.619 Y13.016 E.00394
;WIDTH:0.381505
G1 X21.679 Y13.016 E.99165
G1 X21.679 Y12.669 E.00801
G1 X64.619 Y12.669 E.99165
;WIDTH:0.423417
G1 X64.901 Y12.69 E.00732
;WIDTH:0.465328
G1 X65.182 Y12.711 E.00808
;WIDTH:0.507239
G1 X65.463 Y12.732 E.00886
G1 X65.463 Y12.968 E.00742
G1 X65.484 Y13.171 E.00642
;WIDTH:0.465328
G1 X65.505 Y13.373 E.00582
;WIDTH:0.423417
G1 X65.526 Y13.575 E.00526
;WIDTH:0.381505
G1 X65.526 Y71.516 E1.33808
G1 X65.239 Y71.516 E.00663
G1 X64.812 Y71.883 F9000
;TYPE:External perimeter
;WIDTH:0.419999
G1 F1800
G1 X64.812 Y13.575 E1.49586
G1 X64.756 Y13.439 E.00377
G1 X64.619 Y13.383 E.0038
G1 X21.312 Y13.383 E1.11102
G1 X21.312 Y12.303 E.02771
G1 X65.892 Y12.303 E1.14367
G1 X65.892 Y71.883 E1.52849
G1 X64.872 Y71.883 E.02617
G1 E-3.5 F3600
;WIPE_START
G1 F7200
G1 X64.812 Y71.883 E-.0285
G1 X64.812 Y68.785 E-1.4715
;WIPE_END
G1 X65.179 Y92.669 F9000
G1 E5 F2400
;TYPE:Perimeter
;WIDTH:0.381505
G1 F3600
G1 X65.526 Y92.669 E.00801
G1 X65.526 Y92.843 E.00402
G1 X65.526 Y115.704 E.52795
;WIDTH:0.423417
G1 X65.505 Y115.954 E.00649
;WIDTH:0.465328
G1 X65.484 Y116.204 E.00719
;WIDTH:0.507239
G1 X65.463 Y116.453 E.00786
G1 X65.024 Y116.474 E.01383
;WIDTH:0.465328
G1 X64.822 Y116.495 E.00582
;WIDTH:0.423417
G1 X64.619 Y116.516 E.00528
;WIDTH:0.381505
G1 X12.585 Y116.516 E1.20166
;WIDTH:0.423417
G1 X12.304 Y116.495 E.00729
;WIDTH:0.465328
G1 X12.023 Y116.474 E.00808
;WIDTH:0.507239
G1 X11.742 Y116.453 E.00886
G1 X11.721 Y116.014 E.01383
;WIDTH:0.465328
G1 X11.7 Y115.812 E.00582
;WIDTH:0.423417
G1 X11.679 Y115.61 E.00526
;WIDTH:0.381505
G1 X11.679 Y107.169 E.19493
G1 X12.026 Y107.169 E.00801
G1 X12.026 Y115.61 E.19493
;WIDTH:0.423417
G1 X12.066 Y115.756 E.00392
;WIDTH:0.465328
G1 X12.105 Y115.903 E.00436
;WIDTH:0.507239
G1 X12.145 Y116.05 E.00479
G1 X12.292 Y116.089 E.00478
;WIDTH:0.465328
G1 X12.438 Y116.129 E.00434
;WIDTH:0.423417
G1 X12.585 Y116.169 E.00394
;WIDTH:0.381505
G1 X64.619 Y116.169 E1.20166
;WIDTH:0.423417
G1 X64.766 Y116.129 E.00394
;WIDTH:0.465328
G1 X64.913 Y116.089 E.00437
;WIDTH:0.507239
G1 X65.059 Y116.05 E.00475
G1 X65.099 Y115.903 E.00479
;WIDTH:0.465328
G1 X65.139 Y115.756 E.00437
;WIDTH:0.423417
G1 X65.179 Y115.61 E.00392
;WIDTH:0.381505
G1 X65.179 Y92.729 E.52841
G1 X64.812 Y92.303 F9000
;TYPE:External perimeter
;WIDTH:0.419999
G1 F1800
G1 X65.892 Y92.303 E.02771
G1 X65.892 Y116.883 E.63059
G1 X11.312 Y116.883 E1.40022
G1 X11.312 Y106.803 E.2586
G1 X12.392 Y106.803 E.02771
G1 X12.392 Y115.61 E.22594
G1 X12.449 Y115.746 E.00378
G1 X12.585 Y115.803 E.00378
G1 X64.619 Y115.803 E1.3349
G1 X64.756 Y115.746 E.00381
G1 X64.812 Y115.61 E.00377
G1 X64.812 Y92.363 E.59639
G1 E-3.5 F3600
;WIPE_START
G1 F7200
G1 X64.812 Y92.303 E-.0285
G1 X65.892 Y92.303 E-.513
G1 X65.892 Y94.321 E-.9585
;WIPE_END
G1 X57.061 Y111.007 F9000
G1 E5 F2400
;WIDTH:0.56761
G1 F1800
G1 X57.443 Y111.264 E.01633
G1 X57.698 Y111.656 E.01659
G1 X57.782 Y112.116 E.01659
G1 X57.68 Y112.572 E.01658
G1 X57.409 Y112.953 E.01659
G1 X57.011 Y113.199 E.0166
G1 X56.549 Y113.271 E.01659
G1 X56.096 Y113.158 E.01656
;WIDTH:0.568635
G1 X55.721 Y112.878 E.01663
G1 X55.525 Y112.572 E.01292
;WIDTH:0.565757
G1 X55.422 Y112.135 E.01587
;WIDTH:0.567305
G1 X55.516 Y111.627 E.01832
;WIDTH:0.567608
G1 X55.795 Y111.232 E.01715
G1 X56.193 Y110.986 E.0166
;WIDTH:0.568168
G1 X56.644 Y110.912 E.01623
G1 X57.003 Y110.992 E.01306
G1 X57.185 Y110.491 F9000
;WIDTH:0.573932
G1 F1800
G1 X57.543 Y110.665 E.01429
G1 X57.851 Y110.922 E.0144
;WIDTH:0.567277
G1 X58.144 Y111.354 E.01851
;WIDTH:0.573931
G1 X58.29 Y111.822 E.0176
G1 X58.312 Y112.169 E.01248
;WIDTH:0.567277
G1 X58.207 Y112.68 E.01849
;WIDTH:0.573933
G1 X58.005 Y113.068 E.0157
G1 X57.742 Y113.37 E.01437
;WIDTH:0.567277
G1 X57.302 Y113.652 E.01853
;WIDTH:0.573931
G1 X56.884 Y113.778 E.01567
G1 X56.483 Y113.8 E.01442
;WIDTH:0.567279
G1 X55.975 Y113.683 E.01848
;WIDTH:0.573932
G1 X55.592 Y113.471 E.01571
G1 X55.331 Y113.24 E.01251
;WIDTH:0.567965
G1 X55.066 Y112.837 E.01712
;WIDTH:0.572492
G1 X54.923 Y112.416 E.01592
G1 X54.892 Y112.016 E.01436
;WIDTH:0.567279
G1 X54.997 Y111.505 E.01849
;WIDTH:0.573932
G1 X55.199 Y111.117 E.0157
G1 X55.463 Y110.815 E.0144
;WIDTH:0.567279
G1 X55.902 Y110.533 E.0185
;WIDTH:0.573712
G1 X56.321 Y110.406 E.01571
G1 X56.661 Y110.381 E.01223
;WIDTH:0.567892
G1 X57.13 Y110.469 E.01694
G1 E-3.5 F3600
;WIPE_START
G1 F7200
G1 X57.185 Y110.491 E-.02814
G1 X57.543 Y110.665 E-.18907
G1 X57.851 Y110.922 E-.19054
G1 X58.144 Y111.354 E-.24794
G1 X58.29 Y111.822 E-.23287
G1 X58.312 Y112.169 E-.16516
G1 X58.207 Y112.68 E-.2478
G1 X58.014 Y113.051 E-.19848
;WIPE_END
G1 X21.772 Y112.063 F9000
G1 E5 F2400
;WIDTH:0.56761
G1 F1800
G1 X21.782 Y112.116 E.00191
G1 X21.68 Y112.572 E.01658
G1 X21.409 Y112.953 E.01659
G1 X21.011 Y113.199 E.0166
G1 X20.549 Y113.271 E.01659
G1 X20.096 Y113.158 E.01656
;WIDTH:0.568636
G1 X19.721 Y112.878 E.01663
G1 X19.525 Y112.572 E.01292
;WIDTH:0.565758
G1 X19.422 Y112.135 E.01587
;WIDTH:0.567303
G1 X19.516 Y111.627 E.01832
;WIDTH:0.567608
G1 X19.795 Y111.232 E.01715
G1 X20.193 Y110.986 E.0166
;WIDTH:0.568169
G1 X20.644 Y110.912 E.01623
G1 X21.055 Y111.003 E.01495
;WIDTH:0.56761
G1 X21.443 Y111.264 E.01659
G1 X21.698 Y111.656 E.01659
G1 X21.761 Y112.004 E.01255
G1 X22.299 Y111.965 F9000
;WIDTH:0.573932
G1 F1800
G1 X22.312 Y112.169 E.00734
;WIDTH:0.567277
G1 X22.207 Y112.68 E.01849
;WIDTH:0.573933
G1 X22.005 Y113.068 E.0157
G1 X21.742 Y113.37 E.01437
;WIDTH:0.567277
G1 X21.302 Y113.652 E.01853
;WIDTH:0.573931
G1 X20.884 Y113.778 E.01567
G1 X20.483 Y113.8 E.01442
;WIDTH:0.567279
G1 X19.975 Y113.683 E.01848
;WIDTH:0.573933
G1 X19.592 Y113.471 E.01571
G1 X19.331 Y113.24 E.01251
;WIDTH:0.567966
G1 X19.066 Y112.837 E.01712
;WIDTH:0.572493
G1 X18.923 Y112.416 E.01592
G1 X18.892 Y112.016 E.01436
;WIDTH:0.567278
G1 X18.997 Y111.505 E.01849
;WIDTH:0.573932
G1 X19.199 Y111.117 E.0157
G1 X19.463 Y110.815 E.0144
;WIDTH:0.567277
G1 X19.902 Y110.533 E.0185
;WIDTH:0.573712
G1 X20.321 Y110.406 E.01571
G1 X20.661 Y110.381 E.01223
;WIDTH:0.567892
G1 X21.15 Y110.473 E.01766
;WIDTH:0.573933
G1 X21.543 Y110.665 E.0157
G1 X21.851 Y110.922 E.0144
;WIDTH:0.567277
G1 X22.144 Y111.354 E.01851
;WIDTH:0.573932
G1 X22.29 Y111.822 E.0176
G1 X22.295 Y111.905 E.00298
;LAYER_CHANGE
;Z:4.84
;HEIGHT:0.16
;BEFORE_LAYER_CHANGE
G92 E0
;4.84


G1 E-3.5 F3600
;WIPE_START
G1 F7200
G1 X22.299 Y111.965 E-.02856
G1 X22.312 Y112.169 E-.0971
G1 X22.207 Y112.68 E-.2478
G1 X22.005 Y113.068 E-.20778
G1 X21.742 Y113.37 E-.19022
G1 X21.302 Y113.652 E-.24824
G1 X20.884 Y113.778 E-.20737
G1 X20.483 Y113.8 E-.19076
G1 X20.314 Y113.761 E-.08217
;WIPE_END
G1 Z4.84 F9000
;AFTER_LAYER_CHANGE
;4.84
G1 X20.66 Y57.254
G1 E5 F2400
;WIDTH:0.567609
G1 F1800
G1 X20.549 Y57.271 E.00398
G1 X20.096 Y57.158 E.01656
;WIDTH:0.56834
G1 X19.727 Y56.885 E.0163
G1 X19.547 Y56.62 E.01138
;WIDTH:0.564936
G1 X19.422 Y56.135 E.01768
;WIDTH:0.567304
G1 X19.516 Y55.627 E.01832
;WIDTH:0.567612
G1 X19.795 Y55.232 E.01715
G1 X20.193 Y54.986 E.0166
;WIDTH:0.568198
G1 X20.646 Y54.912 E.0163
G1 X21.055 Y55.003 E.01488
;WIDTH:0.567609
G1 X21.443 Y55.264 E.01659
G1 X21.698 Y55.656 E.01659
G1 X21.782 Y56.116 E.01659
G1 X21.68 Y56.572 E.01658
G1 X21.409 Y56.953 E.01659
G1 X21.011 Y57.199 E.0166
G1 X20.72 Y57.245 E.01045
G1 X20.772 Y57.784 F9000
;WIDTH:0.573932
G1 F1800
G1 X20.483 Y57.8 E.01039
;WIDTH:0.56728
G1 X19.975 Y57.683 E.01848
;WIDTH:0.573791
G1 X19.592 Y57.471 E.01571
G1 X19.332 Y57.241 E.01246
;WIDTH:0.568137
G1 X19.092 Y56.89 E.0151
;WIDTH:0.573932
G1 X18.924 Y56.416 E.01805
G1 X18.892 Y56.016 E.0144
;WIDTH:0.567278
G1 X18.997 Y55.505 E.01849
;WIDTH:0.573934
G1 X19.199 Y55.117 E.0157
G1 X19.463 Y54.815 E.0144
;WIDTH:0.56728
G1 X19.902 Y54.533 E.0185
;WIDTH:0.573799
G1 X20.321 Y54.407 E.0157
G1 X20.664 Y54.381 E.01234
;WIDTH:0.567931
G1 X21.085 Y54.455 E.01517
;WIDTH:0.573933
G1 X21.543 Y54.665 E.01809
G1 X21.851 Y54.922 E.0144
;WIDTH:0.567277
G1 X22.144 Y55.354 E.01851
;WIDTH:0.573933
G1 X22.29 Y55.822 E.0176
G1 X22.312 Y56.169 E.01248
;WIDTH:0.567277
G1 X22.207 Y56.68 E.01849
;WIDTH:0.573935
G1 X22.005 Y57.068 E.0157
G1 X21.742 Y57.37 E.01437
;WIDTH:0.567276
G1 X21.302 Y57.652 E.01853
;WIDTH:0.573932
G1 X20.884 Y57.778 E.01567
G1 X20.831 Y57.781 E.00191
G1 E-3.5 F3600
;WIPE_START
G1 F7200
G1 X20.772 Y57.784 E-.02806
G1 X20.483 Y57.8 E-.13749
G1 X19.975 Y57.683 E-.24762
G1 X19.592 Y57.471 E-.20794
G1 X19.332 Y57.241 E-.16489
G1 X19.092 Y56.89 E-.20197
G1 X18.924 Y56.416 E-.23887
G1 X18.892 Y56.016 E-.19061
G1 X18.927 Y55.846 E-.08255
;WIPE_END
G1 X12.026 Y56.016 F9000
G1 E5 F2400
;TYPE:Perimeter
;WIDTH:0.381505
G1 F3600
G1 X11.679 Y56.016 E.00801
G1 X11.679 Y13.575 E.98012
;WIDTH:0.423417
G1 X11.7 Y13.294 E.00729
;WIDTH:0.465328
G1 X11.721 Y13.013 E.00808
;WIDTH:0.507239
G1 X11.742 Y12.732 E.00886
G1 X12.18 Y12.711 E.01379
;WIDTH:0.465328
G1 X12.383 Y12.69 E.00585
;WIDTH:0.423417
G1 X12.585 Y12.669 E.00526
;WIDTH:0.381505
G1 X15.526 Y12.669 E.06792
G1 X15.526 Y13.016 E.00801
G1 X12.585 Y13.016 E.06792
;WIDTH:0.423417
G1 X12.438 Y13.056 E.00394
;WIDTH:0.465328
G1 X12.292 Y13.096 E.00434
;WIDTH:0.507239
G1 X12.145 Y13.135 E.00478
G1 X12.105 Y13.282 E.00479
;WIDTH:0.465328
G1 X12.066 Y13.429 E.00436
;WIDTH:0.423417
G1 X12.026 Y13.575 E.00392
;WIDTH:0.381505
G1 X12.026 Y55.956 E.97874
G1 X12.392 Y56.383 F9000
;TYPE:External perimeter
;WIDTH:0.419999
G1 F1800
G1 X11.312 Y56.383 E.02771
G1 X11.312 Y12.303 E1.13085
G1 X15.892 Y12.303 E.1175
G1 X15.892 Y13.383 E.02771
G1 X12.585 Y13.383 E.08484
G1 X12.449 Y13.439 E.00377
G1 X12.392 Y13.575 E.00378
G1 X12.392 Y56.323 E1.09667
G1 E-3.5 F3600
;WIPE_START
G1 F7200
G1 X12.392 Y56.383 E-.0285
G1 X11.312 Y56.383 E-.513
G1 X11.312 Y54.365 E-.9585
;WIPE_END
G1 X23.175 Y18.478 F9000
G1 E5 F2400
G1 F1800
G1 X22.987 Y18.413 E.0051
G1 X22.732 Y18.26 E.00763
G1 X22.536 Y18.086 E.00672
G1 X22.26 Y17.662 E.01298
G1 X22.147 Y17.167 E.01303
G1 X22.178 Y16.786 E.00981
G1 X22.267 Y16.51 E.00744
G1 X22.366 Y16.317 E.00556
G1 X22.598 Y16.037 E.00933
G1 X22.827 Y15.859 E.00744
G1 X23.072 Y15.736 E.00703
G1 X23.589 Y15.633 E.01352
G1 X24.093 Y15.717 E.01311
G1 X24.408 Y15.879 E.00909
G1 X24.632 Y16.062 E.00742
G1 X24.816 Y16.287 E.00746
G1 X24.951 Y16.543 E.00742
G1 X25.033 Y16.822 E.00746
G1 X25.059 Y17.111 E.00744
G1 X25.026 Y17.399 E.00744
G1 X24.937 Y17.675 E.00744
G1 X24.796 Y17.928 E.00743
G1 X24.606 Y18.148 E.00746
G1 X24.377 Y18.326 E.00744
G1 X24.118 Y18.455 E.00742
G1 X23.837 Y18.53 E.00746
G1 X23.548 Y18.548 E.00743
G1 X23.261 Y18.509 E.00743
G1 X23.231 Y18.498 E.00082
G1 X23.155 Y18.848 F9000
;TYPE:Perimeter
;WIDTH:0.372844
G1 F1800
G1 X22.946 Y18.791 E.00488
G1 X22.623 Y18.627 E.00816
;WIDTH:0.379516
G1 X22.336 Y18.405 E.00833
;WIDTH:0.39868
G1 X22.077 Y18.078 E.01011
G1 X21.905 Y17.759 E.00878
;WIDTH:0.38436
G1 X21.792 Y17.248 E.01219
;WIDTH:0.378292
G1 X21.801 Y16.831 E.00954
;WIDTH:0.372844
G1 X21.888 Y16.479 E.00816
G1 X22.044 Y16.152 E.00816
G1 X22.261 Y15.862 E.00816
G1 X22.554 Y15.603 E.00881
;WIDTH:0.385402
G1 X22.998 Y15.375 E.01166
G1 X23.571 Y15.271 E.0136
;WIDTH:0.376578
G1 X24.132 Y15.353 E.01291
G1 X24.504 Y15.511 E.0092
;WIDTH:0.372844
G1 X24.799 Y15.721 E.00815
G1 X25.047 Y15.986 E.00817
G1 X25.238 Y16.294 E.00816
;WIDTH:0.38367
G1 X25.398 Y16.776 E.0118
G1 X25.42 Y16.992 E.00505
;WIDTH:0.372844
G1 X25.404 Y17.354 E.00816
G1 X25.316 Y17.706 E.00817
G1 X25.161 Y18.033 E.00815
G1 X24.943 Y18.323 E.00817
G1 X24.673 Y18.565 E.00816
G1 X24.36 Y18.748 E.00816
G1 X24.017 Y18.865 E.00816
G1 X23.658 Y18.912 E.00815
G1 X23.296 Y18.887 E.00817
G1 X23.213 Y18.864 E.00194
G1 X23.133 Y19.215 F9000
;TYPE:External perimeter
;WIDTH:0.419999
G1 F1800
G1 X22.823 Y19.131 E.00824
G1 X22.434 Y18.936 E.01116
G1 X22.094 Y18.679 E.01093
G1 X21.784 Y18.312 E.01232
G1 X21.63 Y18.029 E.00827
G1 X21.453 Y17.51 E.01407
G1 X21.428 Y17.275 E.00606
G1 X21.442 Y16.786 E.01255
G1 X21.545 Y16.364 E.01114
G1 X21.73 Y15.971 E.01114
G1 X21.99 Y15.622 E.01116
G1 X22.313 Y15.332 E.01114
G1 X22.712 Y15.099 E.01185
G1 X23.239 Y14.933 E.01417
G1 X23.741 Y14.906 E.0129
G1 X24.239 Y15.005 E.01303
G1 X24.677 Y15.193 E.01223
G1 X25.032 Y15.444 E.01115
G1 X25.348 Y15.781 E.01185
G1 X25.627 Y16.259 E.0142
G1 X25.765 Y16.748 E.01303
G1 X25.781 Y16.965 E.00558
G1 X25.763 Y17.399 E.01114
G1 X25.659 Y17.821 E.01115
G1 X25.474 Y18.214 E.01114
G1 X25.215 Y18.563 E.01115
G1 X24.891 Y18.853 E.01116
G1 X24.517 Y19.074 E.01114
G1 X24.106 Y19.216 E.01116
G1 X23.676 Y19.274 E.01113
G1 X23.242 Y19.245 E.01116
G1 X23.191 Y19.231 E.00136
G1 E-3.5 F3600
;WIPE_START
G1 F7200
G1 X23.133 Y19.215 E-.02858
G1 X22.823 Y19.131 E-.15256
G1 X22.434 Y18.936 E-.20669
G1 X22.094 Y18.679 E-.20245
G1 X21.784 Y18.312 E-.22819
G1 X21.63 Y18.029 E-.15304
G1 X21.453 Y17.51 E-.26047
G1 X21.428 Y17.275 E-.11225
G1 X21.437 Y16.947 E-.15577
;WIPE_END
G1 X52.279 Y31.495 F9000
G1 E5 F2400
G1 F1800
G1 X52.407 Y31.259 E.00689
G1 X52.596 Y31.039 E.00744
G1 X52.825 Y30.86 E.00746
G1 X53.072 Y30.736 E.00709
G1 X53.589 Y30.633 E.01352
G1 X54.093 Y30.717 E.01311
G1 X54.406 Y30.877 E.00902
G1 X54.631 Y31.061 E.00746
G1 X54.815 Y31.285 E.00744
G1 X54.951 Y31.541 E.00744
G1 X55.033 Y31.819 E.00744
G1 X55.059 Y32.108 E.00744
G1 X55.027 Y32.396 E.00743
G1 X54.939 Y32.673 E.00746
G1 X54.797 Y32.926 E.00744
G1 X54.608 Y33.146 E.00744
G1 X54.379 Y33.325 E.00746
G1 X54.12 Y33.454 E.00742
G1 X53.84 Y33.53 E.00744
G1 X53.55 Y33.548 E.00745
G1 X53.263 Y33.509 E.00743
G1 X53.006 Y33.422 E.00696
G1 X52.596 Y33.149 E.01264
G1 X52.343 Y32.819 E.01067
G1 X52.175 Y32.398 E.01163
G1 X52.145 Y32.084 E.00809
G1 X52.178 Y31.789 E.00762
G1 X52.24 Y31.568 E.00589
G1 X52.251 Y31.548 E.00059
G1 X51.868 Y31.412 F9000
;TYPE:Perimeter
;WIDTH:0.468488
G1 F1800
G1 X52.001 Y31.13 E.009
G1 X52.224 Y30.832 E.01075
G1 X52.501 Y30.584 E.01074
G1 X52.822 Y30.395 E.01076
;WIDTH:0.497866
G1 X53.325 Y30.251 E.01613
G1 X53.698 Y30.224 E.01153
;WIDTH:0.481878
G1 X54.14 Y30.306 E.01338
;WIDTH:0.47255
G1 X54.525 Y30.468 E.01218
;WIDTH:0.46849
G1 X54.828 Y30.683 E.01073
G1 X55.083 Y30.954 E.01075
G1 X55.279 Y31.27 E.01074
;WIDTH:0.479436
G1 X55.445 Y31.768 E.01554
G1 X55.467 Y31.986 E.00649
;WIDTH:0.468488
G1 X55.451 Y32.358 E.01075
G1 X55.362 Y32.719 E.01074
G1 X55.203 Y33.055 E.01074
G1 X54.981 Y33.353 E.01073
G1 X54.704 Y33.601 E.01074
G1 X54.383 Y33.79 E.01076
G1 X54.031 Y33.911 E.01075
G1 X53.662 Y33.96 E.01075
G1 X53.291 Y33.934 E.01074
G1 X52.933 Y33.836 E.01072
;WIDTH:0.489482
G1 X52.475 Y33.58 E.01589
G1 X52.121 Y33.231 E.01505
;WIDTH:0.469162
G1 X51.875 Y32.806 E.0142
;WIDTH:0.482418
G1 X51.746 Y32.322 E.01493
G1 X51.753 Y31.827 E.01476
;WIDTH:0.468488
G1 X51.842 Y31.466 E.01074
G1 X51.458 Y31.327 F9000
;TYPE:External perimeter
;WIDTH:0.419999
G1 F1800
G1 X51.646 Y30.925 E.01139
G1 X51.917 Y30.561 E.01164
G1 X52.253 Y30.257 E.01162
G1 X52.671 Y30.013 E.01242
G1 X53.22 Y29.84 E.01477
G1 X53.755 Y29.811 E.01375
G1 X54.261 Y29.912 E.01324
G1 X54.721 Y30.108 E.01283
G1 X55.092 Y30.369 E.01164
G1 X55.422 Y30.722 E.0124
G1 X55.714 Y31.219 E.01479
G1 X55.86 Y31.736 E.01378
G1 X55.876 Y31.955 E.00563
G1 X55.858 Y32.409 E.01166
G1 X55.751 Y32.849 E.01162
G1 X55.558 Y33.26 E.01165
G1 X55.288 Y33.624 E.01163
G1 X54.951 Y33.928 E.01164
G1 X54.561 Y34.159 E.01163
G1 X54.132 Y34.308 E.01165
G1 X53.683 Y34.369 E.01162
G1 X53.23 Y34.34 E.01165
G1 X52.764 Y34.211 E.0124
G1 X52.256 Y33.939 E.01478
G1 X52.009 Y33.721 E.00845
G1 X51.718 Y33.373 E.01164
G1 X51.45 Y32.859 E.01487
G1 X51.329 Y32.344 E.01357
G1 X51.346 Y31.776 E.01458
G1 X51.442 Y31.384 E.01035
G1 E-3.5 F3600
;WIPE_START
G1 F7200
G1 X51.458 Y31.327 E-.02812
G1 X51.646 Y30.925 E-.2108
G1 X51.917 Y30.561 E-.21556
G1 X52.253 Y30.257 E-.21523
G1 X52.671 Y30.013 E-.2299
G1 X53.22 Y29.84 E-.27342
G1 X53.755 Y29.811 E-.2545
G1 X53.905 Y29.841 E-.07247
;WIPE_END
G1 X56.373 Y54.957 F9000
G1 E5 F2400
;WIDTH:0.568198
G1 F1800
G1 X56.646 Y54.912 E.00983
G1 X57.055 Y55.003 E.01488
;WIDTH:0.567609
G1 X57.443 Y55.264 E.01659
G1 X57.698 Y55.656 E.01659
G1 X57.782 Y56.116 E.01659
G1 X57.68 Y56.572 E.01658
G1 X57.409 Y56.953 E.01659
G1 X57.011 Y57.199 E.0166
G1 X56.549 Y57.271 E.01659
G1 X56.096 Y57.158 E.01656
G1 X55.728 Y56.885 E.01625
G1 X55.506 Y56.529 E.01488
G1 X55.423 Y56.069 E.01658
G1 X55.524 Y55.613 E.01657
;WIDTH:0.573931
G1 X55.795 Y55.232 E.01678
;WIDTH:0.567612
G1 X56.193 Y54.986 E.0166
;WIDTH:0.568198
G1 X56.313 Y54.966 E.00432
G1 X56.184 Y54.448 F9000
;WIDTH:0.573799
G1 F1800
G1 X56.321 Y54.407 E.00513
G1 X56.664 Y54.381 E.01234
;WIDTH:0.567931
G1 X57.085 Y54.455 E.01517
;WIDTH:0.573931
G1 X57.543 Y54.665 E.01809
G1 X57.851 Y54.922 E.0144
;WIDTH:0.567276
G1 X58.144 Y55.354 E.01851
;WIDTH:0.573932
G1 X58.29 Y55.822 E.0176
G1 X58.31 Y56.01 E.00679
G1 X58.274 Y56.447 E.01574
G1 X58.148 Y56.827 E.01437
;WIDTH:0.567278
G1 X57.853 Y57.257 E.01849
;WIDTH:0.573934
G1 X57.516 Y57.537 E.01573
G1 X57.156 Y57.712 E.01437
;WIDTH:0.567278
G1 X56.642 Y57.801 E.01849
;WIDTH:0.573934
G1 X56.207 Y57.755 E.0157
G1 X55.807 Y57.606 E.01532
;WIDTH:0.567594
G1 X55.394 Y57.309 E.01804
;WIDTH:0.566146
G1 X55.092 Y56.89 E.01827
;WIDTH:0.573932
G1 X54.924 Y56.416 E.01805
G1 X54.892 Y56.016 E.0144
;WIDTH:0.567278
G1 X54.997 Y55.505 E.01849
;WIDTH:0.573931
G1 X55.199 Y55.117 E.0157
G1 X55.463 Y54.815 E.0144
;WIDTH:0.567281
G1 X55.902 Y54.533 E.0185
;WIDTH:0.573799
G1 X56.126 Y54.465 E.0084
G1 E-3.5 F3600
;WIPE_START
G1 F7200
G1 X56.184 Y54.448 E-.02871
G1 X56.321 Y54.407 E-.06793
G1 X56.664 Y54.381 E-.16339
G1 X57.085 Y54.455 E-.20304
G1 X57.543 Y54.665 E-.23933
G1 X57.851 Y54.922 E-.19054
G1 X58.144 Y55.354 E-.24794
G1 X58.29 Y55.822 E-.23287
G1 X58.31 Y56.01 E-.0898
G1 X58.304 Y56.086 E-.03645
;WIPE_END
G1 X65.179 Y71.516 F9000
G1 E5 F2400
;TYPE:Perimeter
;WIDTH:0.381505
G1 F3600
G1 X65.179 Y13.575 E1.33808
;WIDTH:0.423417
G1 X65.139 Y13.429 E.00392
;WIDTH:0.465328
G1 X65.099 Y13.282 E.00437
;WIDTH:0.507239
G1 X65.059 Y13.135 E.00479
G1 X64.913 Y13.096 E.00475
;WIDTH:0.465328
G1 X64.766 Y13.056 E.00437
;WIDTH:0.423417
G1 X64.619 Y13.016 E.00394
;WIDTH:0.381505
G1 X21.679 Y13.016 E.99165
G1 X21.679 Y12.669 E.00801
G1 X64.619 Y12.669 E.99165
;WIDTH:0.423417
G1 X64.901 Y12.69 E.00732
;WIDTH:0.465328
G1 X65.182 Y12.711 E.00808
;WIDTH:0.507239
G1 X65.463 Y12.732 E.00886
G1 X65.463 Y12.968 E.00742
G1 X65.484 Y13.171 E.00642
;WIDTH:0.465328
G1 X65.505 Y13.373 E.00582
;WIDTH:0.423417
G1 X65.526 Y13.575 E.00526
;WIDTH:0.381505
G1 X65.526 Y71.516 E1.33808
G1 X65.239 Y71.516 E.00663
G1 X64.812 Y71.883 F9000
;TYPE:External perimeter
;WIDTH:0.419999
G1 F1800
G1 X64.812 Y13.575 E1.49586
G1 X64.756 Y13.439 E.00377
G1 X64.619 Y13.383 E.0038
G1 X21.312 Y13.383 E1.11102
G1 X21.312 Y12.303 E.02771
G1 X65.892 Y12.303 E1.14367
G1 X65.892 Y71.883 E1.52849
G1 X64.872 Y71.883 E.02617
G1 E-3.5 F3600
;WIPE_START
G1 F7200
G1 X64.812 Y71.883 E-.0285
G1 X64.812 Y68.785 E-1.4715
;WIPE_END
G1 X65.179 Y92.669 F9000
G1 E5 F2400
;TYPE:Perimeter
;WIDTH:0.381505
G1 F3600
G1 X65.526 Y92.669 E.00801
G1 X65.526 Y92.843 E.00402
G1 X65.526 Y115.704 E.52795
;WIDTH:0.423417
G1 X65.505 Y115.954 E.00649
;WIDTH:0.465328
G1 X65.484 Y116.204 E.00719
;WIDTH:0.507239
G1 X65.463 Y116.453 E.00786
G1 X65.024 Y116.474 E.01383
;WIDTH:0.465328
G1 X64.822 Y116.495 E.00582
;WIDTH:0.423417
G1 X64.619 Y116.516 E.00528
;WIDTH:0.381505
G1 X12.585 Y116.516 E1.20166
;WIDTH:0.423417
G1 X12.304 Y116.495 E.00729
;WIDTH:0.465328
G1 X12.023 Y116.474 E.00808
;WIDTH:0.507239
G1 X11.742 Y116.453 E.00886
G1 X11.721 Y116.014 E.01383
;WIDTH:0.465328
G1 X11.7 Y115.812 E.00582
;WIDTH:0.423417
G1 X11.679 Y115.61 E.00526
;WIDTH:0.381505
G1 X11.679 Y107.169 E.19493
G1 X12.026 Y107.169 E.00801
G1 X12.026 Y115.61 E.19493
;WIDTH:0.423417
G1 X12.066 Y115.756 E.00392
;WIDTH:0.465328
G1 X12.105 Y115.903 E.00436
;WIDTH:0.507239
G1 X12.145 Y116.05 E.00479
G1 X12.292 Y116.089 E.00478
;WIDTH:0.465328
G1 X12.438 Y116.129 E.00434
;WIDTH:0.423417
G1 X12.585 Y116.169 E.00394
;WIDTH:0.381505
G1 X64.619 Y116.169 E1.20166
;WIDTH:0.423417
G1 X64.766 Y116.129 E.00394
;WIDTH:0.465328
G1 X64.913 Y116.089 E.00437
;WIDTH:0.507239
G1 X65.059 Y116.05 E.00475
G1 X65.099 Y115.903 E.00479
;WIDTH:0.465328
G1 X65.139 Y115.756 E.00437
;WIDTH:0.423417
G1 X65.179 Y115.61 E.00392
;WIDTH:0.381505
G1 X65.179 Y92.729 E.52841
G1 X64.812 Y92.303 F9000
;TYPE:External perimeter
;WIDTH:0.419999
G1 F1800
G1 X65.892 Y92.303 E.02771
G1 X65.892 Y116.883 E.63059
G1 X11.312 Y116.883 E1.40022
G1 X11.312 Y106.803 E.2586
G1 X12.392 Y106.803 E.02771
G1 X12.392 Y115.61 E.22594
G1 X12.449 Y115.746 E.00378
G1 X12.585 Y115.803 E.00378
G1 X64.619 Y115.803 E1.3349
G1 X64.756 Y115.746 E.00381
G1 X64.812 Y115.61 E.00377
G1 X64.812 Y92.363 E.59639
G1 E-3.5 F3600
;WIPE_START
G1 F7200
G1 X64.812 Y92.303 E-.0285
G1 X65.892 Y92.303 E-.513
G1 X65.892 Y94.321 E-.9585
;WIPE_END
G1 X57.061 Y111.007 F9000
G1 E5 F2400
;WIDTH:0.56761
G1 F1800
G1 X57.443 Y111.264 E.01633
G1 X57.698 Y111.656 E.01659
G1 X57.782 Y112.116 E.01659
G1 X57.68 Y112.572 E.01658
G1 X57.409 Y112.953 E.01659
G1 X57.011 Y113.199 E.0166
G1 X56.549 Y113.271 E.01659
G1 X56.096 Y113.158 E.01656
G1 X55.722 Y112.878 E.01657
;WIDTH:0.574096
G1 X55.488 Y112.48 E.01658
;WIDTH:0.567605
G1 X55.423 Y112.069 E.01476
G1 X55.524 Y111.613 E.01657
G1 X55.795 Y111.232 E.01659
G1 X56.193 Y110.986 E.0166
;WIDTH:0.568198
G1 X56.646 Y110.912 E.0163
G1 X57.004 Y110.992 E.01303
G1 X57.182 Y110.499 F9000
;WIDTH:0.573933
G1 F1800
G1 X57.543 Y110.665 E.01426
G1 X57.851 Y110.922 E.0144
;WIDTH:0.567276
G1 X58.144 Y111.354 E.01851
;WIDTH:0.573931
G1 X58.29 Y111.822 E.0176
G1 X58.312 Y112.169 E.01248
;WIDTH:0.567277
G1 X58.207 Y112.68 E.01849
;WIDTH:0.573931
G1 X58.005 Y113.068 E.0157
G1 X57.742 Y113.37 E.01437
;WIDTH:0.567277
G1 X57.302 Y113.652 E.01853
;WIDTH:0.57393
G1 X56.884 Y113.778 E.01567
G1 X56.483 Y113.8 E.01442
;WIDTH:0.56728
G1 X55.975 Y113.683 E.01848
;WIDTH:0.573932
G1 X55.592 Y113.471 E.01571
G1 X55.336 Y113.245 E.01226
;WIDTH:0.567561
G1 X55.06 Y112.832 E.01762
;WIDTH:0.572514
G1 X54.923 Y112.416 E.01568
G1 X54.892 Y112.016 E.01436
;WIDTH:0.567273
G1 X54.997 Y111.505 E.01849
;WIDTH:0.573931
G1 X55.199 Y111.117 E.0157
G1 X55.463 Y110.815 E.0144
;WIDTH:0.56728
G1 X55.902 Y110.533 E.0185
;WIDTH:0.573798
G1 X56.321 Y110.407 E.0157
G1 X56.664 Y110.381 E.01234
;WIDTH:0.567931
G1 X57.085 Y110.455 E.01517
;WIDTH:0.573933
G1 X57.128 Y110.474 E.00169
G1 E-3.5 F3600
;WIPE_START
G1 F7200
G1 X57.182 Y110.499 E-.02827
G1 X57.543 Y110.665 E-.18874
G1 X57.851 Y110.922 E-.19054
G1 X58.144 Y111.354 E-.24794
G1 X58.29 Y111.822 E-.23287
G1 X58.312 Y112.169 E-.16516
G1 X58.207 Y112.68 E-.2478
G1 X58.014 Y113.051 E-.19868
;WIPE_END
G1 X21.772 Y112.063 F9000
G1 E5 F2400
;WIDTH:0.56761
G1 F1800
G1 X21.782 Y112.116 E.00191
G1 X21.68 Y112.572 E.01658
G1 X21.409 Y112.953 E.01659
G1 X21.011 Y113.199 E.0166
G1 X20.549 Y113.271 E.01659
G1 X20.096 Y113.158 E.01656
G1 X19.722 Y112.878 E.01657
;WIDTH:0.574098
G1 X19.488 Y112.48 E.01658
;WIDTH:0.567605
G1 X19.423 Y112.069 E.01476
G1 X19.524 Y111.613 E.01657
G1 X19.795 Y111.232 E.01659
G1 X20.193 Y110.986 E.0166
;WIDTH:0.568198
G1 X20.646 Y110.912 E.0163
G1 X21.055 Y111.003 E.01488
;WIDTH:0.56761
G1 X21.443 Y111.264 E.01659
G1 X21.698 Y111.656 E.01659
G1 X21.761 Y112.004 E.01255
G1 X22.299 Y111.965 F9000
;WIDTH:0.573932
G1 F1800
G1 X22.312 Y112.169 E.00734
;WIDTH:0.567276
G1 X22.207 Y112.68 E.01849
;WIDTH:0.573932
G1 X22.005 Y113.068 E.0157
G1 X21.742 Y113.37 E.01437
;WIDTH:0.567278
G1 X21.302 Y113.652 E.01853
;WIDTH:0.573931
G1 X20.884 Y113.778 E.01567
G1 X20.483 Y113.8 E.01442
;WIDTH:0.56728
G1 X19.975 Y113.683 E.01848
;WIDTH:0.573932
G1 X19.592 Y113.471 E.01571
G1 X19.336 Y113.245 E.01226
;WIDTH:0.567561
G1 X19.06 Y112.832 E.01762
;WIDTH:0.572515
G1 X18.923 Y112.416 E.01568
G1 X18.892 Y112.016 E.01436
;WIDTH:0.567273
G1 X18.997 Y111.505 E.01849
;WIDTH:0.573932
G1 X19.199 Y111.117 E.0157
G1 X19.463 Y110.815 E.0144
;WIDTH:0.567281
G1 X19.902 Y110.533 E.0185
;WIDTH:0.573798
G1 X20.321 Y110.407 E.0157
G1 X20.664 Y110.381 E.01234
;WIDTH:0.567931
G1 X21.085 Y110.455 E.01517
;WIDTH:0.573934
G1 X21.543 Y110.665 E.01809
G1 X21.851 Y110.922 E.0144
;WIDTH:0.567275
G1 X22.144 Y111.354 E.01851
;WIDTH:0.573932
G1 X22.29 Y111.822 E.0176
G1 X22.295 Y111.905 E.00298
;LAYER_CHANGE
;Z:5
;HEIGHT:0.16
;BEFORE_LAYER_CHANGE
G92 E0
;5


G1 E-3.5 F3600
;WIPE_START
G1 F7200
G1 X22.299 Y111.965 E-.02856
G1 X22.312 Y112.169 E-.0971
G1 X22.207 Y112.68 E-.2478
G1 X22.005 Y113.068 E-.20778
G1 X21.742 Y113.37 E-.19022
G1 X21.302 Y113.652 E-.24824
G1 X20.884 Y113.778 E-.20737
G1 X20.483 Y113.8 E-.19076
G1 X20.314 Y113.761 E-.08217
;WIPE_END
G1 Z5 F9000
;AFTER_LAYER_CHANGE
;5
G1 X20.661 Y57.262
G1 E5 F2400
;WIDTH:0.571239
G1 F1800
G1 X20.608 Y57.272 E.00193
;WIDTH:0.567441
G1 X20.15 Y57.182 E.01655
G1 X19.762 Y56.92 E.0166
G1 X19.55 Y56.625 E.01288
;WIDTH:0.565729
G1 X19.426 Y56.174 E.01653
G1 X19.487 Y55.711 E.01651
G1 X19.722 Y55.308 E.01649
G1 X20.096 Y55.028 E.01651
G1 X20.544 Y54.913 E.01635
;WIDTH:0.566728
G1 X21.037 Y54.994 E.01769
;WIDTH:0.567611
G1 X21.443 Y55.264 E.0173
G1 X21.698 Y55.656 E.01659
G1 X21.782 Y56.116 E.01659
G1 X21.68 Y56.572 E.01658
G1 X21.414 Y56.949 E.01637
;WIDTH:0.571239
G1 X21.03 Y57.188 E.01615
G1 X20.72 Y57.25 E.01129
G1 X20.772 Y57.787 F9000
;WIDTH:0.571247
G1 F1800
G1 X20.517 Y57.803 E.00913
G1 X20.018 Y57.698 E.01821
G1 X19.591 Y57.472 E.01725
;WIDTH:0.571926
G1 X19.333 Y57.239 E.01243
G1 X19.061 Y56.831 E.01754
;WIDTH:0.573934
G1 X18.924 Y56.416 E.01569
G1 X18.892 Y56.016 E.0144
;WIDTH:0.567279
G1 X18.997 Y55.505 E.01849
;WIDTH:0.573935
G1 X19.199 Y55.117 E.0157
G1 X19.463 Y54.815 E.0144
;WIDTH:0.567278
G1 X19.902 Y54.533 E.0185
;WIDTH:0.570717
G1 X20.321 Y54.405 E.01563
;WIDTH:0.571847
G1 X20.666 Y54.383 E.01236
G1 X21.15 Y54.473 E.0176
;WIDTH:0.573931
G1 X21.543 Y54.665 E.0157
G1 X21.851 Y54.922 E.0144
;WIDTH:0.567278
G1 X22.144 Y55.354 E.01851
;WIDTH:0.573933
G1 X22.29 Y55.822 E.0176
G1 X22.312 Y56.169 E.01248
;WIDTH:0.567278
G1 X22.207 Y56.68 E.01849
;WIDTH:0.573934
G1 X22.005 Y57.068 E.0157
G1 X21.769 Y57.35 E.0132
;WIDTH:0.567304
G1 X21.344 Y57.632 E.01808
;WIDTH:0.571247
G1 X20.884 Y57.78 E.01726
G1 X20.832 Y57.783 E.00186
G1 E-3.5 F3600
;WIPE_START
G1 F7200
G1 X20.772 Y57.787 E-.02856
G1 X20.517 Y57.803 E-.12136
G1 X20.018 Y57.698 E-.24222
G1 X19.591 Y57.472 E-.22948
G1 X19.333 Y57.239 E-.16513
G1 X19.061 Y56.831 E-.23292
G1 X18.924 Y56.416 E-.20759
G1 X18.892 Y56.016 E-.19061
G1 X18.927 Y55.847 E-.08213
;WIPE_END
G1 X12.026 Y56.016 F9000
G1 E5 F2400
;TYPE:Perimeter
;WIDTH:0.381505
G1 F3600
G1 X11.679 Y56.016 E.00801
G1 X11.679 Y13.575 E.98012
;WIDTH:0.423417
G1 X11.7 Y13.294 E.00729
;WIDTH:0.465328
G1 X11.721 Y13.013 E.00808
;WIDTH:0.507239
G1 X11.742 Y12.732 E.00886
G1 X12.18 Y12.711 E.01379
;WIDTH:0.465328
G1 X12.383 Y12.69 E.00585
;WIDTH:0.423417
G1 X12.585 Y12.669 E.00526
;WIDTH:0.381505
G1 X15.526 Y12.669 E.06792
G1 X15.526 Y13.016 E.00801
G1 X12.585 Y13.016 E.06792
;WIDTH:0.423417
G1 X12.438 Y13.056 E.00394
;WIDTH:0.465328
G1 X12.292 Y13.096 E.00434
;WIDTH:0.507239
G1 X12.145 Y13.135 E.00478
G1 X12.105 Y13.282 E.00479
;WIDTH:0.465328
G1 X12.066 Y13.429 E.00436
;WIDTH:0.423417
G1 X12.026 Y13.575 E.00392
;WIDTH:0.381505
G1 X12.026 Y55.956 E.97874
G1 X12.392 Y56.383 F9000
;TYPE:External perimeter
;WIDTH:0.419999
G1 F1800
G1 X11.312 Y56.383 E.02771
G1 X11.312 Y12.303 E1.13085
G1 X15.892 Y12.303 E.1175
G1 X15.892 Y13.383 E.02771
G1 X12.585 Y13.383 E.08484
G1 X12.449 Y13.439 E.00377
G1 X12.392 Y13.575 E.00378
G1 X12.392 Y56.323 E1.09667
G1 E-3.5 F3600
;WIPE_START
G1 F7200
G1 X12.392 Y56.383 E-.0285
G1 X11.312 Y56.383 E-.513
G1 X11.312 Y54.365 E-.9585
;WIPE_END
G1 X23.177 Y18.47 F9000
G1 E5 F2400
G1 F1800
G1 X22.971 Y18.402 E.00557
G1 X22.596 Y18.149 E.01161
G1 X22.343 Y17.819 E.01067
G1 X22.28 Y17.71 E.00323
G1 X22.159 Y17.266 E.01181
G1 X22.169 Y16.82 E.01144
G1 X22.267 Y16.51 E.00834
G1 X22.409 Y16.257 E.00744
G1 X22.598 Y16.037 E.00744
G1 X22.827 Y15.859 E.00744
G1 X23.067 Y15.737 E.00691
G1 X23.549 Y15.634 E.01264
G1 X23.866 Y15.659 E.00816
G1 X24.151 Y15.743 E.00762
G1 X24.408 Y15.879 E.00746
G1 X24.632 Y16.062 E.00742
G1 X24.816 Y16.287 E.00746
G1 X24.951 Y16.543 E.00742
G1 X25.033 Y16.822 E.00746
G1 X25.059 Y17.111 E.00744
G1 X25.026 Y17.399 E.00744
G1 X24.937 Y17.675 E.00744
G1 X24.796 Y17.928 E.00743
G1 X24.606 Y18.148 E.00746
G1 X24.377 Y18.326 E.00744
G1 X24.118 Y18.455 E.00742
G1 X23.858 Y18.527 E.00692
G1 X23.366 Y18.532 E.01262
G1 X23.234 Y18.489 E.00356
G1 X23.156 Y18.846 F9000
;TYPE:Perimeter
;WIDTH:0.37334
G1 F1800
G1 X22.928 Y18.784 E.00533
;WIDTH:0.38593
G1 X22.502 Y18.545 E.01142
G1 X22.157 Y18.2 E.01141
;WIDTH:0.373336
G1 X21.921 Y17.791 E.01065
;WIDTH:0.386636
G1 X21.793 Y17.312 E.01162
G1 X21.801 Y16.831 E.01127
;WIDTH:0.372904
G1 X21.888 Y16.479 E.00817
G1 X22.044 Y16.152 E.00816
G1 X22.261 Y15.862 E.00816
G1 X22.532 Y15.62 E.00818
G1 X22.845 Y15.437 E.00817
;WIDTH:0.393832
G1 X23.331 Y15.294 E.01211
G1 X23.699 Y15.272 E.00882
;WIDTH:0.386614
G1 X24.173 Y15.364 E.01131
;WIDTH:0.372846
G1 X24.504 Y15.511 E.00816
G1 X24.799 Y15.721 E.00815
G1 X25.047 Y15.986 E.00817
G1 X25.238 Y16.294 E.00816
;WIDTH:0.383672
G1 X25.398 Y16.776 E.0118
G1 X25.42 Y16.992 E.00505
;WIDTH:0.372844
G1 X25.404 Y17.354 E.00816
G1 X25.316 Y17.706 E.00817
G1 X25.161 Y18.033 E.00815
G1 X24.943 Y18.323 E.00817
G1 X24.673 Y18.565 E.00816
G1 X24.36 Y18.748 E.00816
;WIDTH:0.38496
G1 X23.868 Y18.895 E.01198
G1 X23.331 Y18.893 E.01252
;WIDTH:0.37334
G1 X23.214 Y18.861 E.00274
G1 X23.132 Y19.221 F9000
;TYPE:External perimeter
;WIDTH:0.419999
G1 F1800
G1 X23.026 Y19.205 E.00275
G1 X22.512 Y18.983 E.01436
G1 X22.118 Y18.692 E.01257
G1 X21.798 Y18.321 E.01257
G1 X21.539 Y17.825 E.01435
G1 X21.424 Y17.33 E.01304
G1 X21.442 Y16.786 E.01396
G1 X21.545 Y16.364 E.01114
G1 X21.73 Y15.971 E.01114
G1 X21.99 Y15.622 E.01116
G1 X22.313 Y15.332 E.01114
G1 X22.712 Y15.099 E.01185
G1 X23.239 Y14.933 E.01417
G1 X23.744 Y14.906 E.01297
G1 X24.279 Y15.018 E.01402
G1 X24.677 Y15.193 E.01115
G1 X25.032 Y15.444 E.01115
G1 X25.348 Y15.781 E.01185
G1 X25.627 Y16.259 E.0142
G1 X25.765 Y16.748 E.01303
G1 X25.781 Y16.965 E.00558
G1 X25.763 Y17.399 E.01114
G1 X25.659 Y17.821 E.01115
G1 X25.474 Y18.214 E.01114
G1 X25.215 Y18.563 E.01115
G1 X24.891 Y18.853 E.01116
G1 X24.517 Y19.074 E.01114
G1 X24.08 Y19.223 E.01184
G1 X23.53 Y19.281 E.01419
G1 X23.191 Y19.23 E.00879
G1 E-3.5 F3600
;WIPE_START
G1 F7200
G1 X23.132 Y19.221 E-.02835
G1 X23.026 Y19.205 E-.05092
G1 X22.512 Y18.983 E-.26595
G1 X22.118 Y18.692 E-.23266
G1 X21.798 Y18.321 E-.23272
G1 X21.539 Y17.825 E-.26579
G1 X21.424 Y17.33 E-.24139
G1 X21.436 Y16.946 E-.18222
;WIPE_END
G1 X52.277 Y31.495 F9000
G1 E5 F2400
G1 F1800
G1 X52.521 Y31.113 E.01163
G1 X52.844 Y30.852 E.01065
G1 X53.261 Y30.674 E.01163
G1 X53.681 Y30.641 E.01081
G1 X54.119 Y30.728 E.01146
G1 X54.406 Y30.877 E.0083
G1 X54.631 Y31.061 E.00746
G1 X54.815 Y31.285 E.00744
G1 X54.951 Y31.541 E.00744
G1 X55.033 Y31.819 E.00744
G1 X55.059 Y32.108 E.00744
G1 X55.027 Y32.396 E.00743
G1 X54.939 Y32.673 E.00746
G1 X54.797 Y32.926 E.00744
G1 X54.608 Y33.146 E.00744
G1 X54.396 Y33.315 E.00696
G1 X53.944 Y33.511 E.01264
G1 X53.53 Y33.544 E.01065
G1 X53.085 Y33.457 E.01163
G1 X52.718 Y33.247 E.01085
G1 X52.587 Y33.138 E.00437
G1 X52.303 Y32.759 E.01215
G1 X52.171 Y32.345 E.01115
G1 X52.157 Y31.892 E.01163
G1 X52.26 Y31.552 E.00911
G1 X51.876 Y31.415 F9000
;TYPE:Perimeter
;WIDTH:0.469164
G1 F1800
G1 X52.015 Y31.107 E.00977
;WIDTH:0.481758
G1 X52.33 Y30.721 E.01483
G1 X52.738 Y30.436 E.01481
;WIDTH:0.469164
G1 X53.2 Y30.268 E.01422
;WIDTH:0.482496
G1 X53.702 Y30.224 E.01502
G1 X54.184 Y30.318 E.01464
;WIDTH:0.468494
G1 X54.525 Y30.468 E.01076
G1 X54.828 Y30.683 E.01073
G1 X55.083 Y30.954 E.01075
G1 X55.279 Y31.27 E.01074
;WIDTH:0.479436
G1 X55.445 Y31.768 E.01554
G1 X55.467 Y31.986 E.00649
;WIDTH:0.46849
G1 X55.451 Y32.358 E.01075
G1 X55.362 Y32.719 E.01074
G1 X55.203 Y33.055 E.01074
G1 X54.961 Y33.376 E.01161
;WIDTH:0.480562
G1 X54.567 Y33.694 E.01503
G1 X54.005 Y33.917 E.01795
;WIDTH:0.48176
G1 X53.509 Y33.961 E.01482
G1 X53.02 Y33.868 E.01481
;WIDTH:0.469158
G1 X52.628 Y33.687 E.01249
;WIDTH:0.480688
G1 X52.255 Y33.389 E.01418
G1 X51.939 Y32.945 E.01618
;WIDTH:0.469162
G1 X51.788 Y32.54 E.0125
;WIDTH:0.481756
G1 X51.733 Y32.046 E.01479
G1 X51.813 Y31.555 E.01481
;WIDTH:0.469164
G1 X51.851 Y31.47 E.00269
G1 X51.458 Y31.326 F9000
;TYPE:External perimeter
;WIDTH:0.419999
G1 F1800
G1 X51.462 Y31.31 E.00042
G1 X51.66 Y30.902 E.01163
G1 X51.934 Y30.54 E.01165
G1 X52.275 Y30.241 E.01163
G1 X52.668 Y30.014 E.01164
G1 X53.221 Y29.839 E.01488
G1 X53.753 Y29.811 E.01367
G1 X54.305 Y29.926 E.01447
G1 X54.721 Y30.108 E.01165
G1 X55.092 Y30.369 E.01164
G1 X55.422 Y30.722 E.0124
G1 X55.714 Y31.219 E.01479
G1 X55.86 Y31.736 E.01378
G1 X55.876 Y31.955 E.00563
G1 X55.858 Y32.409 E.01166
G1 X55.751 Y32.849 E.01162
G1 X55.558 Y33.26 E.01165
G1 X55.288 Y33.624 E.01163
G1 X54.927 Y33.946 E.01241
G1 X54.423 Y34.225 E.01478
G1 X54.106 Y34.314 E.00845
G1 X53.656 Y34.37 E.01163
G1 X53.079 Y34.317 E.01486
G1 X52.574 Y34.133 E.01379
G1 X52.068 Y33.783 E.01578
G1 X51.706 Y33.367 E.01415
G1 X51.548 Y33.078 E.00845
G1 X51.394 Y32.652 E.01162
G1 X51.327 Y32.203 E.01165
G1 X51.35 Y31.75 E.01164
G1 X51.443 Y31.385 E.00966
G1 E-3.5 F3600
;WIPE_START
G1 F7200
G1 X51.458 Y31.326 E-.02892
G1 X51.462 Y31.31 E-.00783
G1 X51.66 Y30.902 E-.21542
G1 X51.934 Y30.54 E-.21565
G1 X52.275 Y30.241 E-.21542
G1 X52.668 Y30.014 E-.21558
G1 X53.221 Y29.839 E-.27551
G1 X53.753 Y29.811 E-.25305
G1 X53.903 Y29.842 E-.07262
;WIPE_END
G1 X56.372 Y54.954 F9000
G1 E5 F2400
;WIDTH:0.567503
G1 F1800
G1 X56.597 Y54.913 E.00811
;WIDTH:0.567608
G1 X57.055 Y55.003 E.01656
G1 X57.443 Y55.264 E.01659
G1 X57.698 Y55.656 E.01659
G1 X57.782 Y56.116 E.01659
G1 X57.68 Y56.572 E.01658
G1 X57.414 Y56.949 E.01637
;WIDTH:0.571239
G1 X57.03 Y57.188 E.01615
G1 X56.608 Y57.272 E.01537
;WIDTH:0.567441
G1 X56.15 Y57.182 E.01655
G1 X55.762 Y56.92 E.0166
;WIDTH:0.567657
G1 X55.506 Y56.529 E.01658
G1 X55.423 Y56.069 E.01658
G1 X55.524 Y55.613 E.01657
;WIDTH:0.573934
G1 X55.795 Y55.232 E.01678
;WIDTH:0.56761
G1 X56.187 Y54.987 E.0164
;WIDTH:0.567503
G1 X56.313 Y54.964 E.00454
G1 X56.183 Y54.447 F9000
;WIDTH:0.570716
G1 F1800
G1 X56.321 Y54.405 E.00515
;WIDTH:0.571847
G1 X56.666 Y54.383 E.01236
G1 X57.15 Y54.473 E.0176
;WIDTH:0.57393
G1 X57.543 Y54.665 E.0157
G1 X57.851 Y54.922 E.0144
;WIDTH:0.567279
G1 X58.144 Y55.354 E.01851
;WIDTH:0.573933
G1 X58.29 Y55.822 E.0176
G1 X58.312 Y56.169 E.01248
;WIDTH:0.567276
G1 X58.207 Y56.68 E.01849
;WIDTH:0.573932
G1 X58.005 Y57.068 E.0157
G1 X57.769 Y57.35 E.0132
;WIDTH:0.567303
G1 X57.344 Y57.632 E.01808
;WIDTH:0.571247
G1 X56.884 Y57.78 E.01726
G1 X56.517 Y57.803 E.01313
G1 X56.018 Y57.698 E.01821
G1 X55.591 Y57.472 E.01725
G1 X55.364 Y57.271 E.01083
;WIDTH:0.568444
G1 X55.091 Y56.897 E.01645
;WIDTH:0.573938
G1 X54.924 Y56.416 E.01828
G1 X54.892 Y56.016 E.0144
;WIDTH:0.567279
G1 X54.997 Y55.505 E.01849
;WIDTH:0.573934
G1 X55.199 Y55.117 E.0157
G1 X55.463 Y54.815 E.0144
;WIDTH:0.567278
G1 X55.902 Y54.533 E.0185
;WIDTH:0.570716
G1 X56.126 Y54.465 E.00835
G1 E-3.5 F3600
;WIPE_START
G1 F7200
G1 X56.183 Y54.447 E-.02839
G1 X56.321 Y54.405 E-.06852
G1 X56.666 Y54.383 E-.16421
G1 X57.15 Y54.473 E-.23384
G1 X57.543 Y54.665 E-.20776
G1 X57.851 Y54.922 E-.19054
G1 X58.144 Y55.354 E-.24794
G1 X58.29 Y55.822 E-.23287
G1 X58.307 Y56.087 E-.12593
;WIPE_END
G1 X65.179 Y71.516 F9000
G1 E5 F2400
;TYPE:Perimeter
;WIDTH:0.381505
G1 F3600
G1 X65.179 Y13.575 E1.33808
;WIDTH:0.423417
G1 X65.139 Y13.429 E.00392
;WIDTH:0.465328
G1 X65.099 Y13.282 E.00437
;WIDTH:0.507239
G1 X65.059 Y13.135 E.00479
G1 X64.913 Y13.096 E.00475
;WIDTH:0.465328
G1 X64.766 Y13.056 E.00437
;WIDTH:0.423417
G1 X64.619 Y13.016 E.00394
;WIDTH:0.381505
G1 X21.679 Y13.016 E.99165
G1 X21.679 Y12.669 E.00801
G1 X64.619 Y12.669 E.99165
;WIDTH:0.423417
G1 X64.901 Y12.69 E.00732
;WIDTH:0.465328
G1 X65.182 Y12.711 E.00808
;WIDTH:0.507239
G1 X65.463 Y12.732 E.00886
G1 X65.463 Y12.968 E.00742
G1 X65.484 Y13.171 E.00642
;WIDTH:0.465328
G1 X65.505 Y13.373 E.00582
;WIDTH:0.423417
G1 X65.526 Y13.575 E.00526
;WIDTH:0.381505
G1 X65.526 Y71.516 E1.33808
G1 X65.239 Y71.516 E.00663
G1 X64.812 Y71.883 F9000
;TYPE:External perimeter
;WIDTH:0.419999
G1 F1800
G1 X64.812 Y13.575 E1.49586
G1 X64.756 Y13.439 E.00377
G1 X64.619 Y13.383 E.0038
G1 X21.312 Y13.383 E1.11102
G1 X21.312 Y12.303 E.02771
G1 X65.892 Y12.303 E1.14367
G1 X65.892 Y71.883 E1.52849
G1 X64.872 Y71.883 E.02617
G1 E-3.5 F3600
;WIPE_START
G1 F7200
G1 X64.812 Y71.883 E-.0285
G1 X64.812 Y68.785 E-1.4715
;WIPE_END
G1 X65.179 Y92.669 F9000
G1 E5 F2400
;TYPE:Perimeter
;WIDTH:0.381505
G1 F3600
G1 X65.526 Y92.669 E.00801
G1 X65.526 Y92.843 E.00402
G1 X65.526 Y115.704 E.52795
;WIDTH:0.423417
G1 X65.505 Y115.954 E.00649
;WIDTH:0.465328
G1 X65.484 Y116.204 E.00719
;WIDTH:0.507239
G1 X65.463 Y116.453 E.00786
G1 X65.024 Y116.474 E.01383
;WIDTH:0.465328
G1 X64.822 Y116.495 E.00582
;WIDTH:0.423417
G1 X64.619 Y116.516 E.00528
;WIDTH:0.381505
G1 X12.585 Y116.516 E1.20166
;WIDTH:0.423417
G1 X12.304 Y116.495 E.00729
;WIDTH:0.465328
G1 X12.023 Y116.474 E.00808
;WIDTH:0.507239
G1 X11.742 Y116.453 E.00886
G1 X11.721 Y116.014 E.01383
;WIDTH:0.465328
G1 X11.7 Y115.812 E.00582
;WIDTH:0.423417
G1 X11.679 Y115.61 E.00526
;WIDTH:0.381505
G1 X11.679 Y107.169 E.19493
G1 X12.026 Y107.169 E.00801
G1 X12.026 Y115.61 E.19493
;WIDTH:0.423417
G1 X12.066 Y115.756 E.00392
;WIDTH:0.465328
G1 X12.105 Y115.903 E.00436
;WIDTH:0.507239
G1 X12.145 Y116.05 E.00479
G1 X12.292 Y116.089 E.00478
;WIDTH:0.465328
G1 X12.438 Y116.129 E.00434
;WIDTH:0.423417
G1 X12.585 Y116.169 E.00394
;WIDTH:0.381505
G1 X64.619 Y116.169 E1.20166
;WIDTH:0.423417
G1 X64.766 Y116.129 E.00394
;WIDTH:0.465328
G1 X64.913 Y116.089 E.00437
;WIDTH:0.507239
G1 X65.059 Y116.05 E.00475
G1 X65.099 Y115.903 E.00479
;WIDTH:0.465328
G1 X65.139 Y115.756 E.00437
;WIDTH:0.423417
G1 X65.179 Y115.61 E.00392
;WIDTH:0.381505
G1 X65.179 Y92.729 E.52841
G1 X64.812 Y92.303 F9000
;TYPE:External perimeter
;WIDTH:0.419999
G1 F1800
G1 X65.892 Y92.303 E.02771
G1 X65.892 Y116.883 E.63059
G1 X11.312 Y116.883 E1.40022
G1 X11.312 Y106.803 E.2586
G1 X12.392 Y106.803 E.02771
G1 X12.392 Y115.61 E.22594
G1 X12.449 Y115.746 E.00378
G1 X12.585 Y115.803 E.00378
G1 X64.619 Y115.803 E1.3349
G1 X64.756 Y115.746 E.00381
G1 X64.812 Y115.61 E.00377
G1 X64.812 Y92.363 E.59639
G1 E-3.5 F3600
;WIPE_START
G1 F7200
G1 X64.812 Y92.303 E-.0285
G1 X65.892 Y92.303 E-.513
G1 X65.892 Y94.321 E-.9585
;WIPE_END
G1 X57.061 Y111.007 F9000
G1 E5 F2400
;WIDTH:0.567607
G1 F1800
G1 X57.443 Y111.264 E.01633
G1 X57.698 Y111.656 E.01659
G1 X57.782 Y112.116 E.01659
G1 X57.68 Y112.572 E.01658
G1 X57.409 Y112.953 E.01659
G1 X57.018 Y113.198 E.01637
;WIDTH:0.57124
G1 X56.57 Y113.268 E.01619
G1 X56.15 Y113.182 E.01531
;WIDTH:0.567441
G1 X55.762 Y112.92 E.0166
;WIDTH:0.567656
G1 X55.506 Y112.529 E.01658
G1 X55.423 Y112.069 E.01658
G1 X55.524 Y111.613 E.01657
;WIDTH:0.573933
G1 X55.795 Y111.232 E.01678
;WIDTH:0.567608
G1 X56.187 Y110.987 E.0164
;WIDTH:0.567501
G1 X56.597 Y110.913 E.01478
;WIDTH:0.567607
G1 X57.003 Y110.993 E.01468
G1 X57.185 Y110.491 F9000
;WIDTH:0.573931
G1 F1800
G1 X57.543 Y110.665 E.01429
G1 X57.851 Y110.922 E.0144
;WIDTH:0.567276
G1 X58.144 Y111.354 E.01851
;WIDTH:0.573933
G1 X58.29 Y111.822 E.0176
G1 X58.312 Y112.169 E.01248
;WIDTH:0.567275
G1 X58.207 Y112.68 E.01849
;WIDTH:0.573934
G1 X58.005 Y113.068 E.0157
G1 X57.742 Y113.37 E.01437
;WIDTH:0.567277
G1 X57.302 Y113.652 E.01853
;WIDTH:0.570714
G1 X56.884 Y113.78 E.0156
;WIDTH:0.57124
G1 X56.517 Y113.803 E.01313
G1 X56.018 Y113.698 E.01821
G1 X55.591 Y113.472 E.01725
G1 X55.364 Y113.271 E.01083
;WIDTH:0.568443
G1 X55.091 Y112.897 E.01645
;WIDTH:0.573938
G1 X54.924 Y112.416 E.01828
G1 X54.892 Y112.016 E.0144
;WIDTH:0.567279
G1 X54.997 Y111.505 E.01849
;WIDTH:0.573933
G1 X55.199 Y111.117 E.0157
G1 X55.463 Y110.815 E.0144
;WIDTH:0.567278
G1 X55.902 Y110.533 E.0185
;WIDTH:0.570717
G1 X56.321 Y110.405 E.01563
;WIDTH:0.571848
G1 X56.666 Y110.383 E.01236
G1 X57.129 Y110.469 E.01684
G1 E-3.5 F3600
;WIPE_START
G1 F7200
G1 X57.185 Y110.491 E-.02858
G1 X57.543 Y110.665 E-.18907
G1 X57.851 Y110.922 E-.19054
G1 X58.144 Y111.354 E-.24794
G1 X58.29 Y111.822 E-.23287
G1 X58.312 Y112.169 E-.16516
G1 X58.207 Y112.68 E-.2478
G1 X58.015 Y113.05 E-.19804
;WIPE_END
G1 X21.772 Y112.063 F9000
G1 E5 F2400
;WIDTH:0.567609
G1 F1800
G1 X21.782 Y112.116 E.00191
G1 X21.68 Y112.572 E.01658
G1 X21.409 Y112.953 E.01659
G1 X21.018 Y113.198 E.01637
;WIDTH:0.57124
G1 X20.57 Y113.268 E.01619
G1 X20.15 Y113.182 E.01531
;WIDTH:0.567441
G1 X19.762 Y112.92 E.0166
G1 X19.55 Y112.625 E.01288
;WIDTH:0.565695
G1 X19.426 Y112.174 E.01653
G1 X19.487 Y111.711 E.01651
G1 X19.722 Y111.308 E.01649
G1 X20.096 Y111.028 E.01651
G1 X20.544 Y110.913 E.01635
;WIDTH:0.566729
G1 X21.037 Y110.994 E.01769
;WIDTH:0.567609
G1 X21.443 Y111.264 E.0173
G1 X21.698 Y111.656 E.01659
G1 X21.761 Y112.004 E.01255
G1 X22.299 Y111.965 F9000
;WIDTH:0.573933
G1 F1800
G1 X22.312 Y112.169 E.00734
;WIDTH:0.567278
G1 X22.207 Y112.68 E.01849
;WIDTH:0.573935
G1 X22.005 Y113.068 E.0157
G1 X21.742 Y113.37 E.01437
;WIDTH:0.567276
G1 X21.302 Y113.652 E.01853
;WIDTH:0.570714
G1 X20.884 Y113.78 E.0156
;WIDTH:0.57124
G1 X20.517 Y113.803 E.01313
G1 X20.018 Y113.698 E.01821
G1 X19.591 Y113.472 E.01725
;WIDTH:0.57194
G1 X19.333 Y113.239 E.01243
G1 X19.061 Y112.831 E.01754
;WIDTH:0.573934
G1 X18.924 Y112.416 E.01569
G1 X18.892 Y112.016 E.0144
;WIDTH:0.567278
G1 X18.997 Y111.505 E.01849
;WIDTH:0.573934
G1 X19.199 Y111.117 E.0157
G1 X19.463 Y110.815 E.0144
;WIDTH:0.567278
G1 X19.902 Y110.533 E.0185
;WIDTH:0.570717
G1 X20.321 Y110.405 E.01563
;WIDTH:0.571848
G1 X20.666 Y110.383 E.01236
G1 X21.15 Y110.473 E.0176
;WIDTH:0.573932
G1 X21.543 Y110.665 E.0157
G1 X21.851 Y110.922 E.0144
;WIDTH:0.567277
G1 X22.144 Y111.354 E.01851
;WIDTH:0.573933
G1 X22.29 Y111.822 E.0176
G1 X22.295 Y111.905 E.00298
;LAYER_CHANGE
;Z:5.16
;HEIGHT:0.16
;BEFORE_LAYER_CHANGE
G92 E0
;5.16


G1 E-3.5 F3600
;WIPE_START
G1 F7200
G1 X22.299 Y111.965 E-.02856
G1 X22.312 Y112.169 E-.0971
G1 X22.207 Y112.68 E-.2478
G1 X22.005 Y113.068 E-.20778
G1 X21.742 Y113.37 E-.19022
G1 X21.302 Y113.652 E-.24824
G1 X20.884 Y113.78 E-.20765
G1 X20.517 Y113.803 E-.17467
G1 X20.315 Y113.761 E-.09798
;WIPE_END
G1 Z5.16 F9000
;AFTER_LAYER_CHANGE
;5.16
G1 X12.026 Y56.016
G1 E5 F2400
;TYPE:Perimeter
;WIDTH:0.381505
G1 F3600
G1 X11.679 Y56.016 E.00801
G1 X11.679 Y13.575 E.98012
;WIDTH:0.423417
G1 X11.7 Y13.294 E.00729
;WIDTH:0.465328
G1 X11.721 Y13.013 E.00808
;WIDTH:0.507239
G1 X11.742 Y12.732 E.00886
G1 X12.18 Y12.711 E.01379
;WIDTH:0.465328
G1 X12.383 Y12.69 E.00585
;WIDTH:0.423417
G1 X12.585 Y12.669 E.00526
;WIDTH:0.381505
G1 X15.526 Y12.669 E.06792
G1 X15.526 Y13.016 E.00801
G1 X12.585 Y13.016 E.06792
;WIDTH:0.423417
G1 X12.438 Y13.056 E.00394
;WIDTH:0.465328
G1 X12.292 Y13.096 E.00434
;WIDTH:0.507239
G1 X12.145 Y13.135 E.00478
G1 X12.105 Y13.282 E.00479
;WIDTH:0.465328
G1 X12.066 Y13.429 E.00436
;WIDTH:0.423417
G1 X12.026 Y13.575 E.00392
;WIDTH:0.381505
G1 X12.026 Y55.956 E.97874
G1 X12.392 Y56.383 F9000
;TYPE:External perimeter
;WIDTH:0.419999
G1 F1800
G1 X11.312 Y56.383 E.02771
G1 X11.312 Y12.303 E1.13085
G1 X15.892 Y12.303 E.1175
G1 X15.892 Y13.383 E.02771
G1 X12.585 Y13.383 E.08484
G1 X12.449 Y13.439 E.00377
G1 X12.392 Y13.575 E.00378
G1 X12.392 Y56.323 E1.09667
G1 E-3.5 F3600
;WIPE_START
G1 F7200
G1 X12.392 Y56.383 E-.0285
G1 X11.312 Y56.383 E-.513
G1 X11.312 Y54.365 E-.9585
;WIPE_END
G1 X21.679 Y13.016 F9000
G1 E5 F2400
;TYPE:Perimeter
;WIDTH:0.381505
G1 F3600
G1 X21.679 Y12.669 E.00801
G1 X64.619 Y12.669 E.99165
;WIDTH:0.423417
G1 X64.901 Y12.69 E.00732
;WIDTH:0.465328
G1 X65.182 Y12.711 E.00808
;WIDTH:0.507239
G1 X65.463 Y12.732 E.00886
G1 X65.463 Y12.968 E.00742
G1 X65.484 Y13.171 E.00642
;WIDTH:0.465328
G1 X65.505 Y13.373 E.00582
;WIDTH:0.423417
G1 X65.526 Y13.575 E.00526
;WIDTH:0.381505
G1 X65.526 Y71.516 E1.33808
G1 X65.179 Y71.516 E.00801
G1 X65.179 Y13.575 E1.33808
;WIDTH:0.423417
G1 X65.139 Y13.429 E.00392
;WIDTH:0.465328
G1 X65.099 Y13.282 E.00437
;WIDTH:0.507239
G1 X65.059 Y13.135 E.00479
G1 X64.913 Y13.096 E.00475
;WIDTH:0.465328
G1 X64.766 Y13.056 E.00437
;WIDTH:0.423417
G1 X64.619 Y13.016 E.00394
;WIDTH:0.381505
G1 X21.739 Y13.016 E.99026
G1 X21.312 Y13.383 F9000
;TYPE:External perimeter
;WIDTH:0.419999
G1 F1800
G1 X21.312 Y12.303 E.02771
G1 X65.892 Y12.303 E1.14367
G1 X65.892 Y71.883 E1.52849
G1 X64.812 Y71.883 E.02771
G1 X64.812 Y13.575 E1.49586
G1 X64.756 Y13.439 E.00377
G1 X64.619 Y13.383 E.0038
G1 X21.372 Y13.383 E1.10948
G1 E-3.5 F3600
;WIPE_START
G1 F7200
G1 X21.312 Y13.383 E-.0285
G1 X21.312 Y12.303 E-.513
G1 X23.33 Y12.303 E-.9585
;WIPE_END
G1 X65.179 Y92.669 F9000
G1 E5 F2400
;TYPE:Perimeter
;WIDTH:0.381505
G1 F3600
G1 X65.526 Y92.669 E.00801
G1 X65.526 Y92.843 E.00402
G1 X65.526 Y115.704 E.52795
;WIDTH:0.423417
G1 X65.505 Y115.954 E.00649
;WIDTH:0.465328
G1 X65.484 Y116.204 E.00719
;WIDTH:0.507239
G1 X65.463 Y116.453 E.00786
G1 X65.024 Y116.474 E.01383
;WIDTH:0.465328
G1 X64.822 Y116.495 E.00582
;WIDTH:0.423417
G1 X64.619 Y116.516 E.00528
;WIDTH:0.381505
G1 X12.585 Y116.516 E1.20166
;WIDTH:0.423417
G1 X12.304 Y116.495 E.00729
;WIDTH:0.465328
G1 X12.023 Y116.474 E.00808
;WIDTH:0.507239
G1 X11.742 Y116.453 E.00886
G1 X11.721 Y116.014 E.01383
;WIDTH:0.465328
G1 X11.7 Y115.812 E.00582
;WIDTH:0.423417
G1 X11.679 Y115.61 E.00526
;WIDTH:0.381505
G1 X11.679 Y107.169 E.19493
G1 X12.026 Y107.169 E.00801
G1 X12.026 Y115.61 E.19493
;WIDTH:0.423417
G1 X12.066 Y115.756 E.00392
;WIDTH:0.465328
G1 X12.105 Y115.903 E.00436
;WIDTH:0.507239
G1 X12.145 Y116.05 E.00479
G1 X12.292 Y116.089 E.00478
;WIDTH:0.465328
G1 X12.438 Y116.129 E.00434
;WIDTH:0.423417
G1 X12.585 Y116.169 E.00394
;WIDTH:0.381505
G1 X64.619 Y116.169 E1.20166
;WIDTH:0.423417
G1 X64.766 Y116.129 E.00394
;WIDTH:0.465328
G1 X64.913 Y116.089 E.00437
;WIDTH:0.507239
G1 X65.059 Y116.05 E.00475
G1 X65.099 Y115.903 E.00479
;WIDTH:0.465328
G1 X65.139 Y115.756 E.00437
;WIDTH:0.423417
G1 X65.179 Y115.61 E.00392
;WIDTH:0.381505
G1 X65.179 Y92.729 E.52841
G1 X64.812 Y92.303 F9000
;TYPE:External perimeter
;WIDTH:0.419999
G1 F1800
G1 X65.892 Y92.303 E.02771
G1 X65.892 Y116.883 E.63059
G1 X11.312 Y116.883 E1.40022
G1 X11.312 Y106.803 E.2586
G1 X12.392 Y106.803 E.02771
G1 X12.392 Y115.61 E.22594
G1 X12.449 Y115.746 E.00378
G1 X12.585 Y115.803 E.00378
G1 X64.619 Y115.803 E1.3349
G1 X64.756 Y115.746 E.00381
G1 X64.812 Y115.61 E.00377
G1 X64.812 Y92.363 E.59639
;LAYER_CHANGE
;Z:5.32
;HEIGHT:0.16
;BEFORE_LAYER_CHANGE
G92 E0
;5.32


G1 E-3.5 F3600
;WIPE_START
G1 F7200
G1 X64.812 Y92.303 E-.0285
G1 X65.892 Y92.303 E-.513
G1 X65.892 Y94.321 E-.9585
;WIPE_END
G1 Z5.32 F9000
;AFTER_LAYER_CHANGE
;5.32
G1 X12.026 Y56.016
G1 E5 F2400
;TYPE:Perimeter
;WIDTH:0.381505
G1 F3600
G1 X11.679 Y56.016 E.00801
G1 X11.679 Y13.575 E.98012
;WIDTH:0.423417
G1 X11.7 Y13.294 E.00729
;WIDTH:0.465328
G1 X11.721 Y13.013 E.00808
;WIDTH:0.507239
G1 X11.742 Y12.732 E.00886
G1 X12.18 Y12.711 E.01379
;WIDTH:0.465328
G1 X12.383 Y12.69 E.00585
;WIDTH:0.423417
G1 X12.585 Y12.669 E.00526
;WIDTH:0.381505
G1 X15.526 Y12.669 E.06792
G1 X15.526 Y13.016 E.00801
G1 X12.585 Y13.016 E.06792
;WIDTH:0.423417
G1 X12.438 Y13.056 E.00394
;WIDTH:0.465328
G1 X12.292 Y13.096 E.00434
;WIDTH:0.507239
G1 X12.145 Y13.135 E.00478
G1 X12.105 Y13.282 E.00479
;WIDTH:0.465328
G1 X12.066 Y13.429 E.00436
;WIDTH:0.423417
G1 X12.026 Y13.575 E.00392
;WIDTH:0.381505
G1 X12.026 Y55.956 E.97874
G1 X12.392 Y56.383 F9000
;TYPE:External perimeter
;WIDTH:0.419999
G1 F1800
G1 X11.312 Y56.383 E.02771
G1 X11.312 Y12.303 E1.13085
G1 X15.892 Y12.303 E.1175
G1 X15.892 Y13.383 E.02771
G1 X12.585 Y13.383 E.08484
G1 X12.449 Y13.439 E.00377
G1 X12.392 Y13.575 E.00378
G1 X12.392 Y56.323 E1.09667
G1 E-3.5 F3600
;WIPE_START
G1 F7200
G1 X12.392 Y56.383 E-.0285
G1 X11.312 Y56.383 E-.513
G1 X11.312 Y54.365 E-.9585
;WIPE_END
G1 X21.679 Y13.016 F9000
G1 E5 F2400
;TYPE:Perimeter
;WIDTH:0.381505
G1 F3600
G1 X21.679 Y12.669 E.00801
G1 X64.619 Y12.669 E.99165
;WIDTH:0.423417
G1 X64.901 Y12.69 E.00732
;WIDTH:0.465328
G1 X65.182 Y12.711 E.00808
;WIDTH:0.507239
G1 X65.463 Y12.732 E.00886
G1 X65.463 Y12.968 E.00742
G1 X65.484 Y13.171 E.00642
;WIDTH:0.465328
G1 X65.505 Y13.373 E.00582
;WIDTH:0.423417
G1 X65.526 Y13.575 E.00526
;WIDTH:0.381505
G1 X65.526 Y71.516 E1.33808
G1 X65.179 Y71.516 E.00801
G1 X65.179 Y13.575 E1.33808
;WIDTH:0.423417
G1 X65.139 Y13.429 E.00392
;WIDTH:0.465328
G1 X65.099 Y13.282 E.00437
;WIDTH:0.507239
G1 X65.059 Y13.135 E.00479
G1 X64.913 Y13.096 E.00475
;WIDTH:0.465328
G1 X64.766 Y13.056 E.00437
;WIDTH:0.423417
G1 X64.619 Y13.016 E.00394
;WIDTH:0.381505
G1 X21.739 Y13.016 E.99026
G1 X21.312 Y13.383 F9000
;TYPE:External perimeter
;WIDTH:0.419999
G1 F1800
G1 X21.312 Y12.303 E.02771
G1 X65.892 Y12.303 E1.14367
G1 X65.892 Y71.883 E1.52849
G1 X64.812 Y71.883 E.02771
G1 X64.812 Y13.575 E1.49586
G1 X64.756 Y13.439 E.00377
G1 X64.619 Y13.383 E.0038
G1 X21.372 Y13.383 E1.10948
G1 E-3.5 F3600
;WIPE_START
G1 F7200
G1 X21.312 Y13.383 E-.0285
G1 X21.312 Y12.303 E-.513
G1 X23.33 Y12.303 E-.9585
;WIPE_END
G1 X65.179 Y92.669 F9000
G1 E5 F2400
;TYPE:Perimeter
;WIDTH:0.381505
G1 F3600
G1 X65.526 Y92.669 E.00801
G1 X65.526 Y92.843 E.00402
G1 X65.526 Y115.704 E.52795
;WIDTH:0.423417
G1 X65.505 Y115.954 E.00649
;WIDTH:0.465328
G1 X65.484 Y116.204 E.00719
;WIDTH:0.507239
G1 X65.463 Y116.453 E.00786
G1 X65.024 Y116.474 E.01383
;WIDTH:0.465328
G1 X64.822 Y116.495 E.00582
;WIDTH:0.423417
G1 X64.619 Y116.516 E.00528
;WIDTH:0.381505
G1 X12.585 Y116.516 E1.20166
;WIDTH:0.423417
G1 X12.304 Y116.495 E.00729
;WIDTH:0.465328
G1 X12.023 Y116.474 E.00808
;WIDTH:0.507239
G1 X11.742 Y116.453 E.00886
G1 X11.721 Y116.014 E.01383
;WIDTH:0.465328
G1 X11.7 Y115.812 E.00582
;WIDTH:0.423417
G1 X11.679 Y115.61 E.00526
;WIDTH:0.381505
G1 X11.679 Y107.169 E.19493
G1 X12.026 Y107.169 E.00801
G1 X12.026 Y115.61 E.19493
;WIDTH:0.423417
G1 X12.066 Y115.756 E.00392
;WIDTH:0.465328
G1 X12.105 Y115.903 E.00436
;WIDTH:0.507239
G1 X12.145 Y116.05 E.00479
G1 X12.292 Y116.089 E.00478
;WIDTH:0.465328
G1 X12.438 Y116.129 E.00434
;WIDTH:0.423417
G1 X12.585 Y116.169 E.00394
;WIDTH:0.381505
G1 X64.619 Y116.169 E1.20166
;WIDTH:0.423417
G1 X64.766 Y116.129 E.00394
;WIDTH:0.465328
G1 X64.913 Y116.089 E.00437
;WIDTH:0.507239
G1 X65.059 Y116.05 E.00475
G1 X65.099 Y115.903 E.00479
;WIDTH:0.465328
G1 X65.139 Y115.756 E.00437
;WIDTH:0.423417
G1 X65.179 Y115.61 E.00392
;WIDTH:0.381505
G1 X65.179 Y92.729 E.52841
G1 X64.812 Y92.303 F9000
;TYPE:External perimeter
;WIDTH:0.419999
G1 F1800
G1 X65.892 Y92.303 E.02771
G1 X65.892 Y116.883 E.63059
G1 X11.312 Y116.883 E1.40022
G1 X11.312 Y106.803 E.2586
G1 X12.392 Y106.803 E.02771
G1 X12.392 Y115.61 E.22594
G1 X12.449 Y115.746 E.00378
G1 X12.585 Y115.803 E.00378
G1 X64.619 Y115.803 E1.3349
G1 X64.756 Y115.746 E.00381
G1 X64.812 Y115.61 E.00377
G1 X64.812 Y92.363 E.59639
;LAYER_CHANGE
;Z:5.48
;HEIGHT:0.16
;BEFORE_LAYER_CHANGE
G92 E0
;5.48


G1 E-3.5 F3600
;WIPE_START
G1 F7200
G1 X64.812 Y92.303 E-.0285
G1 X65.892 Y92.303 E-.513
G1 X65.892 Y94.321 E-.9585
;WIPE_END
G1 Z5.48 F9000
;AFTER_LAYER_CHANGE
;5.48
G1 X12.026 Y56.016
G1 E5 F2400
;TYPE:Perimeter
;WIDTH:0.381505
G1 F3600
G1 X11.679 Y56.016 E.00801
G1 X11.679 Y13.575 E.98012
;WIDTH:0.423417
G1 X11.7 Y13.294 E.00729
;WIDTH:0.465328
G1 X11.721 Y13.013 E.00808
;WIDTH:0.507239
G1 X11.742 Y12.732 E.00886
G1 X12.18 Y12.711 E.01379
;WIDTH:0.465328
G1 X12.383 Y12.69 E.00585
;WIDTH:0.423417
G1 X12.585 Y12.669 E.00526
;WIDTH:0.381505
G1 X15.526 Y12.669 E.06792
G1 X15.526 Y13.016 E.00801
G1 X12.585 Y13.016 E.06792
;WIDTH:0.423417
G1 X12.438 Y13.056 E.00394
;WIDTH:0.465328
G1 X12.292 Y13.096 E.00434
;WIDTH:0.507239
G1 X12.145 Y13.135 E.00478
G1 X12.105 Y13.282 E.00479
;WIDTH:0.465328
G1 X12.066 Y13.429 E.00436
;WIDTH:0.423417
G1 X12.026 Y13.575 E.00392
;WIDTH:0.381505
G1 X12.026 Y55.956 E.97874
G1 X12.392 Y56.383 F9000
;TYPE:External perimeter
;WIDTH:0.419999
G1 F1800
G1 X11.312 Y56.383 E.02771
G1 X11.312 Y12.303 E1.13085
G1 X15.892 Y12.303 E.1175
G1 X15.892 Y13.383 E.02771
G1 X12.585 Y13.383 E.08484
G1 X12.449 Y13.439 E.00377
G1 X12.392 Y13.575 E.00378
G1 X12.392 Y56.323 E1.09667
G1 E-3.5 F3600
;WIPE_START
G1 F7200
G1 X12.392 Y56.383 E-.0285
G1 X11.312 Y56.383 E-.513
G1 X11.312 Y54.365 E-.9585
;WIPE_END
G1 X21.679 Y13.016 F9000
G1 E5 F2400
;TYPE:Perimeter
;WIDTH:0.381505
G1 F3600
G1 X21.679 Y12.669 E.00801
G1 X64.619 Y12.669 E.99165
;WIDTH:0.423417
G1 X64.901 Y12.69 E.00732
;WIDTH:0.465328
G1 X65.182 Y12.711 E.00808
;WIDTH:0.507239
G1 X65.463 Y12.732 E.00886
G1 X65.463 Y12.968 E.00742
G1 X65.484 Y13.171 E.00642
;WIDTH:0.465328
G1 X65.505 Y13.373 E.00582
;WIDTH:0.423417
G1 X65.526 Y13.575 E.00526
;WIDTH:0.381505
G1 X65.526 Y71.516 E1.33808
G1 X65.179 Y71.516 E.00801
G1 X65.179 Y13.575 E1.33808
;WIDTH:0.423417
G1 X65.139 Y13.429 E.00392
;WIDTH:0.465328
G1 X65.099 Y13.282 E.00437
;WIDTH:0.507239
G1 X65.059 Y13.135 E.00479
G1 X64.913 Y13.096 E.00475
;WIDTH:0.465328
G1 X64.766 Y13.056 E.00437
;WIDTH:0.423417
G1 X64.619 Y13.016 E.00394
;WIDTH:0.381505
G1 X21.739 Y13.016 E.99026
G1 X21.312 Y13.383 F9000
;TYPE:External perimeter
;WIDTH:0.419999
G1 F1800
G1 X21.312 Y12.303 E.02771
G1 X65.892 Y12.303 E1.14367
G1 X65.892 Y71.883 E1.52849
G1 X64.812 Y71.883 E.02771
G1 X64.812 Y13.575 E1.49586
G1 X64.756 Y13.439 E.00377
G1 X64.619 Y13.383 E.0038
G1 X21.372 Y13.383 E1.10948
G1 E-3.5 F3600
;WIPE_START
G1 F7200
G1 X21.312 Y13.383 E-.0285
G1 X21.312 Y12.303 E-.513
G1 X23.33 Y12.303 E-.9585
;WIPE_END
G1 X65.179 Y92.669 F9000
G1 E5 F2400
;TYPE:Perimeter
;WIDTH:0.381505
G1 F3600
G1 X65.526 Y92.669 E.00801
G1 X65.526 Y92.843 E.00402
G1 X65.526 Y115.704 E.52795
;WIDTH:0.423417
G1 X65.505 Y115.954 E.00649
;WIDTH:0.465328
G1 X65.484 Y116.204 E.00719
;WIDTH:0.507239
G1 X65.463 Y116.453 E.00786
G1 X65.024 Y116.474 E.01383
;WIDTH:0.465328
G1 X64.822 Y116.495 E.00582
;WIDTH:0.423417
G1 X64.619 Y116.516 E.00528
;WIDTH:0.381505
G1 X12.585 Y116.516 E1.20166
;WIDTH:0.423417
G1 X12.304 Y116.495 E.00729
;WIDTH:0.465328
G1 X12.023 Y116.474 E.00808
;WIDTH:0.507239
G1 X11.742 Y116.453 E.00886
G1 X11.721 Y116.014 E.01383
;WIDTH:0.465328
G1 X11.7 Y115.812 E.00582
;WIDTH:0.423417
G1 X11.679 Y115.61 E.00526
;WIDTH:0.381505
G1 X11.679 Y107.169 E.19493
G1 X12.026 Y107.169 E.00801
G1 X12.026 Y115.61 E.19493
;WIDTH:0.423417
G1 X12.066 Y115.756 E.00392
;WIDTH:0.465328
G1 X12.105 Y115.903 E.00436
;WIDTH:0.507239
G1 X12.145 Y116.05 E.00479
G1 X12.292 Y116.089 E.00478
;WIDTH:0.465328
G1 X12.438 Y116.129 E.00434
;WIDTH:0.423417
G1 X12.585 Y116.169 E.00394
;WIDTH:0.381505
G1 X64.619 Y116.169 E1.20166
;WIDTH:0.423417
G1 X64.766 Y116.129 E.00394
;WIDTH:0.465328
G1 X64.913 Y116.089 E.00437
;WIDTH:0.507239
G1 X65.059 Y116.05 E.00475
G1 X65.099 Y115.903 E.00479
;WIDTH:0.465328
G1 X65.139 Y115.756 E.00437
;WIDTH:0.423417
G1 X65.179 Y115.61 E.00392
;WIDTH:0.381505
G1 X65.179 Y92.729 E.52841
G1 X64.812 Y92.303 F9000
;TYPE:External perimeter
;WIDTH:0.419999
G1 F1800
G1 X65.892 Y92.303 E.02771
G1 X65.892 Y116.883 E.63059
G1 X11.312 Y116.883 E1.40022
G1 X11.312 Y106.803 E.2586
G1 X12.392 Y106.803 E.02771
G1 X12.392 Y115.61 E.22594
G1 X12.449 Y115.746 E.00378
G1 X12.585 Y115.803 E.00378
G1 X64.619 Y115.803 E1.3349
G1 X64.756 Y115.746 E.00381
G1 X64.812 Y115.61 E.00377
G1 X64.812 Y92.363 E.59639
;LAYER_CHANGE
;Z:5.64
;HEIGHT:0.16
;BEFORE_LAYER_CHANGE
G92 E0
;5.64


G1 E-3.5 F3600
;WIPE_START
G1 F7200
G1 X64.812 Y92.303 E-.0285
G1 X65.892 Y92.303 E-.513
G1 X65.892 Y94.321 E-.9585
;WIPE_END
G1 Z5.64 F9000
;AFTER_LAYER_CHANGE
;5.64
G1 X12.026 Y56.016
G1 E5 F2400
;TYPE:Perimeter
;WIDTH:0.381505
G1 F3600
G1 X11.679 Y56.016 E.00801
G1 X11.679 Y13.575 E.98012
;WIDTH:0.423417
G1 X11.7 Y13.294 E.00729
;WIDTH:0.465328
G1 X11.721 Y13.013 E.00808
;WIDTH:0.507239
G1 X11.742 Y12.732 E.00886
G1 X12.18 Y12.711 E.01379
;WIDTH:0.465328
G1 X12.383 Y12.69 E.00585
;WIDTH:0.423417
G1 X12.585 Y12.669 E.00526
;WIDTH:0.381505
G1 X15.526 Y12.669 E.06792
G1 X15.526 Y13.016 E.00801
G1 X12.585 Y13.016 E.06792
;WIDTH:0.423417
G1 X12.438 Y13.056 E.00394
;WIDTH:0.465328
G1 X12.292 Y13.096 E.00434
;WIDTH:0.507239
G1 X12.145 Y13.135 E.00478
G1 X12.105 Y13.282 E.00479
;WIDTH:0.465328
G1 X12.066 Y13.429 E.00436
;WIDTH:0.423417
G1 X12.026 Y13.575 E.00392
;WIDTH:0.381505
G1 X12.026 Y55.956 E.97874
G1 X12.392 Y56.383 F9000
;TYPE:External perimeter
;WIDTH:0.419999
G1 F1800
G1 X11.312 Y56.383 E.02771
G1 X11.312 Y12.303 E1.13085
G1 X15.892 Y12.303 E.1175
G1 X15.892 Y13.383 E.02771
G1 X12.585 Y13.383 E.08484
G1 X12.449 Y13.439 E.00377
G1 X12.392 Y13.575 E.00378
G1 X12.392 Y56.323 E1.09667
G1 E-3.5 F3600
;WIPE_START
G1 F7200
G1 X12.392 Y56.383 E-.0285
G1 X11.312 Y56.383 E-.513
G1 X11.312 Y54.365 E-.9585
;WIPE_END
G1 X21.679 Y13.016 F9000
G1 E5 F2400
;TYPE:Perimeter
;WIDTH:0.381505
G1 F3600
G1 X21.679 Y12.669 E.00801
G1 X64.619 Y12.669 E.99165
;WIDTH:0.423417
G1 X64.901 Y12.69 E.00732
;WIDTH:0.465328
G1 X65.182 Y12.711 E.00808
;WIDTH:0.507239
G1 X65.463 Y12.732 E.00886
G1 X65.463 Y12.968 E.00742
G1 X65.484 Y13.171 E.00642
;WIDTH:0.465328
G1 X65.505 Y13.373 E.00582
;WIDTH:0.423417
G1 X65.526 Y13.575 E.00526
;WIDTH:0.381505
G1 X65.526 Y71.516 E1.33808
G1 X65.179 Y71.516 E.00801
G1 X65.179 Y13.575 E1.33808
;WIDTH:0.423417
G1 X65.139 Y13.429 E.00392
;WIDTH:0.465328
G1 X65.099 Y13.282 E.00437
;WIDTH:0.507239
G1 X65.059 Y13.135 E.00479
G1 X64.913 Y13.096 E.00475
;WIDTH:0.465328
G1 X64.766 Y13.056 E.00437
;WIDTH:0.423417
G1 X64.619 Y13.016 E.00394
;WIDTH:0.381505
G1 X21.739 Y13.016 E.99026
G1 X21.312 Y13.383 F9000
;TYPE:External perimeter
;WIDTH:0.419999
G1 F1800
G1 X21.312 Y12.303 E.02771
G1 X65.892 Y12.303 E1.14367
G1 X65.892 Y71.883 E1.52849
G1 X64.812 Y71.883 E.02771
G1 X64.812 Y13.575 E1.49586
G1 X64.756 Y13.439 E.00377
G1 X64.619 Y13.383 E.0038
G1 X21.372 Y13.383 E1.10948
G1 E-3.5 F3600
;WIPE_START
G1 F7200
G1 X21.312 Y13.383 E-.0285
G1 X21.312 Y12.303 E-.513
G1 X23.33 Y12.303 E-.9585
;WIPE_END
G1 X65.179 Y92.669 F9000
G1 E5 F2400
;TYPE:Perimeter
;WIDTH:0.381505
G1 F3600
G1 X65.526 Y92.669 E.00801
G1 X65.526 Y92.843 E.00402
G1 X65.526 Y115.704 E.52795
;WIDTH:0.423417
G1 X65.505 Y115.954 E.00649
;WIDTH:0.465328
G1 X65.484 Y116.204 E.00719
;WIDTH:0.507239
G1 X65.463 Y116.453 E.00786
G1 X65.024 Y116.474 E.01383
;WIDTH:0.465328
G1 X64.822 Y116.495 E.00582
;WIDTH:0.423417
G1 X64.619 Y116.516 E.00528
;WIDTH:0.381505
G1 X12.585 Y116.516 E1.20166
;WIDTH:0.423417
G1 X12.304 Y116.495 E.00729
;WIDTH:0.465328
G1 X12.023 Y116.474 E.00808
;WIDTH:0.507239
G1 X11.742 Y116.453 E.00886
G1 X11.721 Y116.014 E.01383
;WIDTH:0.465328
G1 X11.7 Y115.812 E.00582
;WIDTH:0.423417
G1 X11.679 Y115.61 E.00526
;WIDTH:0.381505
G1 X11.679 Y107.169 E.19493
G1 X12.026 Y107.169 E.00801
G1 X12.026 Y115.61 E.19493
;WIDTH:0.423417
G1 X12.066 Y115.756 E.00392
;WIDTH:0.465328
G1 X12.105 Y115.903 E.00436
;WIDTH:0.507239
G1 X12.145 Y116.05 E.00479
G1 X12.292 Y116.089 E.00478
;WIDTH:0.465328
G1 X12.438 Y116.129 E.00434
;WIDTH:0.423417
G1 X12.585 Y116.169 E.00394
;WIDTH:0.381505
G1 X64.619 Y116.169 E1.20166
;WIDTH:0.423417
G1 X64.766 Y116.129 E.00394
;WIDTH:0.465328
G1 X64.913 Y116.089 E.00437
;WIDTH:0.507239
G1 X65.059 Y116.05 E.00475
G1 X65.099 Y115.903 E.00479
;WIDTH:0.465328
G1 X65.139 Y115.756 E.00437
;WIDTH:0.423417
G1 X65.179 Y115.61 E.00392
;WIDTH:0.381505
G1 X65.179 Y92.729 E.52841
G1 X64.812 Y92.303 F9000
;TYPE:External perimeter
;WIDTH:0.419999
G1 F1800
G1 X65.892 Y92.303 E.02771
G1 X65.892 Y116.883 E.63059
G1 X11.312 Y116.883 E1.40022
G1 X11.312 Y106.803 E.2586
G1 X12.392 Y106.803 E.02771
G1 X12.392 Y115.61 E.22594
G1 X12.449 Y115.746 E.00378
G1 X12.585 Y115.803 E.00378
G1 X64.619 Y115.803 E1.3349
G1 X64.756 Y115.746 E.00381
G1 X64.812 Y115.61 E.00377
G1 X64.812 Y92.363 E.59639
;LAYER_CHANGE
;Z:5.8
;HEIGHT:0.16
;BEFORE_LAYER_CHANGE
G92 E0
;5.8


G1 E-3.5 F3600
;WIPE_START
G1 F7200
G1 X64.812 Y92.303 E-.0285
G1 X65.892 Y92.303 E-.513
G1 X65.892 Y94.321 E-.9585
;WIPE_END
G1 Z5.8 F9000
;AFTER_LAYER_CHANGE
;5.8
G1 X12.026 Y56.016
G1 E5 F2400
;TYPE:Perimeter
;WIDTH:0.381505
G1 F3600
G1 X11.679 Y56.016 E.00801
G1 X11.679 Y13.575 E.98012
;WIDTH:0.423417
G1 X11.7 Y13.294 E.00729
;WIDTH:0.465328
G1 X11.721 Y13.013 E.00808
;WIDTH:0.507239
G1 X11.742 Y12.732 E.00886
G1 X12.18 Y12.711 E.01379
;WIDTH:0.465328
G1 X12.383 Y12.69 E.00585
;WIDTH:0.423417
G1 X12.585 Y12.669 E.00526
;WIDTH:0.381505
G1 X15.526 Y12.669 E.06792
G1 X15.526 Y13.016 E.00801
G1 X12.585 Y13.016 E.06792
;WIDTH:0.423417
G1 X12.438 Y13.056 E.00394
;WIDTH:0.465328
G1 X12.292 Y13.096 E.00434
;WIDTH:0.507239
G1 X12.145 Y13.135 E.00478
G1 X12.105 Y13.282 E.00479
;WIDTH:0.465328
G1 X12.066 Y13.429 E.00436
;WIDTH:0.423417
G1 X12.026 Y13.575 E.00392
;WIDTH:0.381505
G1 X12.026 Y55.956 E.97874
G1 X12.392 Y56.383 F9000
;TYPE:External perimeter
;WIDTH:0.419999
G1 F1800
G1 X11.312 Y56.383 E.02771
G1 X11.312 Y12.303 E1.13085
G1 X15.892 Y12.303 E.1175
G1 X15.892 Y13.383 E.02771
G1 X12.585 Y13.383 E.08484
G1 X12.449 Y13.439 E.00377
G1 X12.392 Y13.575 E.00378
G1 X12.392 Y56.323 E1.09667
G1 E-3.5 F3600
;WIPE_START
G1 F7200
G1 X12.392 Y56.383 E-.0285
G1 X11.312 Y56.383 E-.513
G1 X11.312 Y54.365 E-.9585
;WIPE_END
G1 X21.679 Y13.016 F9000
G1 E5 F2400
;TYPE:Perimeter
;WIDTH:0.381505
G1 F3600
G1 X21.679 Y12.669 E.00801
G1 X64.619 Y12.669 E.99165
;WIDTH:0.423417
G1 X64.901 Y12.69 E.00732
;WIDTH:0.465328
G1 X65.182 Y12.711 E.00808
;WIDTH:0.507239
G1 X65.463 Y12.732 E.00886
G1 X65.463 Y12.968 E.00742
G1 X65.484 Y13.171 E.00642
;WIDTH:0.465328
G1 X65.505 Y13.373 E.00582
;WIDTH:0.423417
G1 X65.526 Y13.575 E.00526
;WIDTH:0.381505
G1 X65.526 Y71.516 E1.33808
G1 X65.179 Y71.516 E.00801
G1 X65.179 Y13.575 E1.33808
;WIDTH:0.423417
G1 X65.139 Y13.429 E.00392
;WIDTH:0.465328
G1 X65.099 Y13.282 E.00437
;WIDTH:0.507239
G1 X65.059 Y13.135 E.00479
G1 X64.913 Y13.096 E.00475
;WIDTH:0.465328
G1 X64.766 Y13.056 E.00437
;WIDTH:0.423417
G1 X64.619 Y13.016 E.00394
;WIDTH:0.381505
G1 X21.739 Y13.016 E.99026
G1 X21.312 Y13.383 F9000
;TYPE:External perimeter
;WIDTH:0.419999
G1 F1800
G1 X21.312 Y12.303 E.02771
G1 X65.892 Y12.303 E1.14367
G1 X65.892 Y71.883 E1.52849
G1 X64.812 Y71.883 E.02771
G1 X64.812 Y13.575 E1.49586
G1 X64.756 Y13.439 E.00377
G1 X64.619 Y13.383 E.0038
G1 X21.372 Y13.383 E1.10948
G1 E-3.5 F3600
;WIPE_START
G1 F7200
G1 X21.312 Y13.383 E-.0285
G1 X21.312 Y12.303 E-.513
G1 X23.33 Y12.303 E-.9585
;WIPE_END
G1 X65.179 Y92.669 F9000
G1 E5 F2400
;TYPE:Perimeter
;WIDTH:0.381505
G1 F3600
G1 X65.526 Y92.669 E.00801
G1 X65.526 Y92.843 E.00402
G1 X65.526 Y115.704 E.52795
;WIDTH:0.423417
G1 X65.505 Y115.954 E.00649
;WIDTH:0.465328
G1 X65.484 Y116.204 E.00719
;WIDTH:0.507239
G1 X65.463 Y116.453 E.00786
G1 X65.024 Y116.474 E.01383
;WIDTH:0.465328
G1 X64.822 Y116.495 E.00582
;WIDTH:0.423417
G1 X64.619 Y116.516 E.00528
;WIDTH:0.381505
G1 X12.585 Y116.516 E1.20166
;WIDTH:0.423417
G1 X12.304 Y116.495 E.00729
;WIDTH:0.465328
G1 X12.023 Y116.474 E.00808
;WIDTH:0.507239
G1 X11.742 Y116.453 E.00886
G1 X11.721 Y116.014 E.01383
;WIDTH:0.465328
G1 X11.7 Y115.812 E.00582
;WIDTH:0.423417
G1 X11.679 Y115.61 E.00526
;WIDTH:0.381505
G1 X11.679 Y107.169 E.19493
G1 X12.026 Y107.169 E.00801
G1 X12.026 Y115.61 E.19493
;WIDTH:0.423417
G1 X12.066 Y115.756 E.00392
;WIDTH:0.465328
G1 X12.105 Y115.903 E.00436
;WIDTH:0.507239
G1 X12.145 Y116.05 E.00479
G1 X12.292 Y116.089 E.00478
;WIDTH:0.465328
G1 X12.438 Y116.129 E.00434
;WIDTH:0.423417
G1 X12.585 Y116.169 E.00394
;WIDTH:0.381505
G1 X64.619 Y116.169 E1.20166
;WIDTH:0.423417
G1 X64.766 Y116.129 E.00394
;WIDTH:0.465328
G1 X64.913 Y116.089 E.00437
;WIDTH:0.507239
G1 X65.059 Y116.05 E.00475
G1 X65.099 Y115.903 E.00479
;WIDTH:0.465328
G1 X65.139 Y115.756 E.00437
;WIDTH:0.423417
G1 X65.179 Y115.61 E.00392
;WIDTH:0.381505
G1 X65.179 Y92.729 E.52841
G1 X64.812 Y92.303 F9000
;TYPE:External perimeter
;WIDTH:0.419999
G1 F1800
G1 X65.892 Y92.303 E.02771
G1 X65.892 Y116.883 E.63059
G1 X11.312 Y116.883 E1.40022
G1 X11.312 Y106.803 E.2586
G1 X12.392 Y106.803 E.02771
G1 X12.392 Y115.61 E.22594
G1 X12.449 Y115.746 E.00378
G1 X12.585 Y115.803 E.00378
G1 X64.619 Y115.803 E1.3349
G1 X64.756 Y115.746 E.00381
G1 X64.812 Y115.61 E.00377
G1 X64.812 Y92.363 E.59639
;LAYER_CHANGE
;Z:5.96
;HEIGHT:0.16
;BEFORE_LAYER_CHANGE
G92 E0
;5.96


G1 E-3.5 F3600
;WIPE_START
G1 F7200
G1 X64.812 Y92.303 E-.0285
G1 X65.892 Y92.303 E-.513
G1 X65.892 Y94.321 E-.9585
;WIPE_END
G1 Z5.96 F9000
;AFTER_LAYER_CHANGE
;5.96
G1 X12.026 Y56.016
G1 E5 F2400
;TYPE:Perimeter
;WIDTH:0.381505
G1 F3600
G1 X11.679 Y56.016 E.00801
G1 X11.679 Y13.575 E.98012
;WIDTH:0.423417
G1 X11.7 Y13.294 E.00729
;WIDTH:0.465328
G1 X11.721 Y13.013 E.00808
;WIDTH:0.507239
G1 X11.742 Y12.732 E.00886
G1 X12.18 Y12.711 E.01379
;WIDTH:0.465328
G1 X12.383 Y12.69 E.00585
;WIDTH:0.423417
G1 X12.585 Y12.669 E.00526
;WIDTH:0.381505
G1 X15.526 Y12.669 E.06792
G1 X15.526 Y13.016 E.00801
G1 X12.585 Y13.016 E.06792
;WIDTH:0.423417
G1 X12.438 Y13.056 E.00394
;WIDTH:0.465328
G1 X12.292 Y13.096 E.00434
;WIDTH:0.507239
G1 X12.145 Y13.135 E.00478
G1 X12.105 Y13.282 E.00479
;WIDTH:0.465328
G1 X12.066 Y13.429 E.00436
;WIDTH:0.423417
G1 X12.026 Y13.575 E.00392
;WIDTH:0.381505
G1 X12.026 Y55.956 E.97874
G1 X12.392 Y56.383 F9000
;TYPE:External perimeter
;WIDTH:0.419999
G1 F1800
G1 X11.312 Y56.383 E.02771
G1 X11.312 Y12.303 E1.13085
G1 X15.892 Y12.303 E.1175
G1 X15.892 Y13.383 E.02771
G1 X12.585 Y13.383 E.08484
G1 X12.449 Y13.439 E.00377
G1 X12.392 Y13.575 E.00378
G1 X12.392 Y56.323 E1.09667
G1 E-3.5 F3600
;WIPE_START
G1 F7200
G1 X12.392 Y56.383 E-.0285
G1 X11.312 Y56.383 E-.513
G1 X11.312 Y54.365 E-.9585
;WIPE_END
G1 X21.679 Y13.016 F9000
G1 E5 F2400
;TYPE:Perimeter
;WIDTH:0.381505
G1 F3600
G1 X21.679 Y12.669 E.00801
G1 X64.619 Y12.669 E.99165
;WIDTH:0.423417
G1 X64.901 Y12.69 E.00732
;WIDTH:0.465328
G1 X65.182 Y12.711 E.00808
;WIDTH:0.507239
G1 X65.463 Y12.732 E.00886
G1 X65.463 Y12.968 E.00742
G1 X65.484 Y13.171 E.00642
;WIDTH:0.465328
G1 X65.505 Y13.373 E.00582
;WIDTH:0.423417
G1 X65.526 Y13.575 E.00526
;WIDTH:0.381505
G1 X65.526 Y71.516 E1.33808
G1 X65.179 Y71.516 E.00801
G1 X65.179 Y13.575 E1.33808
;WIDTH:0.423417
G1 X65.139 Y13.429 E.00392
;WIDTH:0.465328
G1 X65.099 Y13.282 E.00437
;WIDTH:0.507239
G1 X65.059 Y13.135 E.00479
G1 X64.913 Y13.096 E.00475
;WIDTH:0.465328
G1 X64.766 Y13.056 E.00437
;WIDTH:0.423417
G1 X64.619 Y13.016 E.00394
;WIDTH:0.381505
G1 X21.739 Y13.016 E.99026
G1 X21.312 Y13.383 F9000
;TYPE:External perimeter
;WIDTH:0.419999
G1 F1800
G1 X21.312 Y12.303 E.02771
G1 X65.892 Y12.303 E1.14367
G1 X65.892 Y71.883 E1.52849
G1 X64.812 Y71.883 E.02771
G1 X64.812 Y13.575 E1.49586
G1 X64.756 Y13.439 E.00377
G1 X64.619 Y13.383 E.0038
G1 X21.372 Y13.383 E1.10948
G1 E-3.5 F3600
;WIPE_START
G1 F7200
G1 X21.312 Y13.383 E-.0285
G1 X21.312 Y12.303 E-.513
G1 X23.33 Y12.303 E-.9585
;WIPE_END
G1 X65.179 Y92.669 F9000
G1 E5 F2400
;TYPE:Perimeter
;WIDTH:0.381505
G1 F3600
G1 X65.526 Y92.669 E.00801
G1 X65.526 Y92.843 E.00402
G1 X65.526 Y115.704 E.52795
;WIDTH:0.423417
G1 X65.505 Y115.954 E.00649
;WIDTH:0.465328
G1 X65.484 Y116.204 E.00719
;WIDTH:0.507239
G1 X65.463 Y116.453 E.00786
G1 X65.024 Y116.474 E.01383
;WIDTH:0.465328
G1 X64.822 Y116.495 E.00582
;WIDTH:0.423417
G1 X64.619 Y116.516 E.00528
;WIDTH:0.381505
G1 X12.585 Y116.516 E1.20166
;WIDTH:0.423417
G1 X12.304 Y116.495 E.00729
;WIDTH:0.465328
G1 X12.023 Y116.474 E.00808
;WIDTH:0.507239
G1 X11.742 Y116.453 E.00886
G1 X11.721 Y116.014 E.01383
;WIDTH:0.465328
G1 X11.7 Y115.812 E.00582
;WIDTH:0.423417
G1 X11.679 Y115.61 E.00526
;WIDTH:0.381505
G1 X11.679 Y107.169 E.19493
G1 X12.026 Y107.169 E.00801
G1 X12.026 Y115.61 E.19493
;WIDTH:0.423417
G1 X12.066 Y115.756 E.00392
;WIDTH:0.465328
G1 X12.105 Y115.903 E.00436
;WIDTH:0.507239
G1 X12.145 Y116.05 E.00479
G1 X12.292 Y116.089 E.00478
;WIDTH:0.465328
G1 X12.438 Y116.129 E.00434
;WIDTH:0.423417
G1 X12.585 Y116.169 E.00394
;WIDTH:0.381505
G1 X64.619 Y116.169 E1.20166
;WIDTH:0.423417
G1 X64.766 Y116.129 E.00394
;WIDTH:0.465328
G1 X64.913 Y116.089 E.00437
;WIDTH:0.507239
G1 X65.059 Y116.05 E.00475
G1 X65.099 Y115.903 E.00479
;WIDTH:0.465328
G1 X65.139 Y115.756 E.00437
;WIDTH:0.423417
G1 X65.179 Y115.61 E.00392
;WIDTH:0.381505
G1 X65.179 Y92.729 E.52841
G1 X64.812 Y92.303 F9000
;TYPE:External perimeter
;WIDTH:0.419999
G1 F1800
G1 X65.892 Y92.303 E.02771
G1 X65.892 Y116.883 E.63059
G1 X11.312 Y116.883 E1.40022
G1 X11.312 Y106.803 E.2586
G1 X12.392 Y106.803 E.02771
G1 X12.392 Y115.61 E.22594
G1 X12.449 Y115.746 E.00378
G1 X12.585 Y115.803 E.00378
G1 X64.619 Y115.803 E1.3349
G1 X64.756 Y115.746 E.00381
G1 X64.812 Y115.61 E.00377
G1 X64.812 Y92.363 E.59639
;LAYER_CHANGE
;Z:6.12
;HEIGHT:0.16
;BEFORE_LAYER_CHANGE
G92 E0
;6.12


G1 E-3.5 F3600
;WIPE_START
G1 F7200
G1 X64.812 Y92.303 E-.0285
G1 X65.892 Y92.303 E-.513
G1 X65.892 Y94.321 E-.9585
;WIPE_END
G1 Z6.12 F9000
;AFTER_LAYER_CHANGE
;6.12
G1 X12.026 Y56.016
G1 E5 F2400
;TYPE:Perimeter
;WIDTH:0.381505
G1 F3600
G1 X11.679 Y56.016 E.00801
G1 X11.679 Y13.575 E.98012
;WIDTH:0.423417
G1 X11.7 Y13.294 E.00729
;WIDTH:0.465328
G1 X11.721 Y13.013 E.00808
;WIDTH:0.507239
G1 X11.742 Y12.732 E.00886
G1 X12.18 Y12.711 E.01379
;WIDTH:0.465328
G1 X12.383 Y12.69 E.00585
;WIDTH:0.423417
G1 X12.585 Y12.669 E.00526
;WIDTH:0.381505
G1 X15.526 Y12.669 E.06792
G1 X15.526 Y13.016 E.00801
G1 X12.585 Y13.016 E.06792
;WIDTH:0.423417
G1 X12.438 Y13.056 E.00394
;WIDTH:0.465328
G1 X12.292 Y13.096 E.00434
;WIDTH:0.507239
G1 X12.145 Y13.135 E.00478
G1 X12.105 Y13.282 E.00479
;WIDTH:0.465328
G1 X12.066 Y13.429 E.00436
;WIDTH:0.423417
G1 X12.026 Y13.575 E.00392
;WIDTH:0.381505
G1 X12.026 Y55.956 E.97874
G1 X12.392 Y56.383 F9000
;TYPE:External perimeter
;WIDTH:0.419999
G1 F1800
G1 X11.312 Y56.383 E.02771
G1 X11.312 Y12.303 E1.13085
G1 X15.892 Y12.303 E.1175
G1 X15.892 Y13.383 E.02771
G1 X12.585 Y13.383 E.08484
G1 X12.449 Y13.439 E.00377
G1 X12.392 Y13.575 E.00378
G1 X12.392 Y56.323 E1.09667
G1 E-3.5 F3600
;WIPE_START
G1 F7200
G1 X12.392 Y56.383 E-.0285
G1 X11.312 Y56.383 E-.513
G1 X11.312 Y54.365 E-.9585
;WIPE_END
G1 X21.679 Y13.016 F9000
G1 E5 F2400
;TYPE:Perimeter
;WIDTH:0.381505
G1 F3600
G1 X21.679 Y12.669 E.00801
G1 X64.619 Y12.669 E.99165
;WIDTH:0.423417
G1 X64.901 Y12.69 E.00732
;WIDTH:0.465328
G1 X65.182 Y12.711 E.00808
;WIDTH:0.507239
G1 X65.463 Y12.732 E.00886
G1 X65.463 Y12.968 E.00742
G1 X65.484 Y13.171 E.00642
;WIDTH:0.465328
G1 X65.505 Y13.373 E.00582
;WIDTH:0.423417
G1 X65.526 Y13.575 E.00526
;WIDTH:0.381505
G1 X65.526 Y71.516 E1.33808
G1 X65.179 Y71.516 E.00801
G1 X65.179 Y13.575 E1.33808
;WIDTH:0.423417
G1 X65.139 Y13.429 E.00392
;WIDTH:0.465328
G1 X65.099 Y13.282 E.00437
;WIDTH:0.507239
G1 X65.059 Y13.135 E.00479
G1 X64.913 Y13.096 E.00475
;WIDTH:0.465328
G1 X64.766 Y13.056 E.00437
;WIDTH:0.423417
G1 X64.619 Y13.016 E.00394
;WIDTH:0.381505
G1 X21.739 Y13.016 E.99026
G1 X21.312 Y13.383 F9000
;TYPE:External perimeter
;WIDTH:0.419999
G1 F1800
G1 X21.312 Y12.303 E.02771
G1 X65.892 Y12.303 E1.14367
G1 X65.892 Y71.883 E1.52849
G1 X64.812 Y71.883 E.02771
G1 X64.812 Y13.575 E1.49586
G1 X64.756 Y13.439 E.00377
G1 X64.619 Y13.383 E.0038
G1 X21.372 Y13.383 E1.10948
G1 E-3.5 F3600
;WIPE_START
G1 F7200
G1 X21.312 Y13.383 E-.0285
G1 X21.312 Y12.303 E-.513
G1 X23.33 Y12.303 E-.9585
;WIPE_END
G1 X65.179 Y92.669 F9000
G1 E5 F2400
;TYPE:Perimeter
;WIDTH:0.381505
G1 F3600
G1 X65.526 Y92.669 E.00801
G1 X65.526 Y92.843 E.00402
G1 X65.526 Y115.704 E.52795
;WIDTH:0.423417
G1 X65.505 Y115.954 E.00649
;WIDTH:0.465328
G1 X65.484 Y116.204 E.00719
;WIDTH:0.507239
G1 X65.463 Y116.453 E.00786
G1 X65.024 Y116.474 E.01383
;WIDTH:0.465328
G1 X64.822 Y116.495 E.00582
;WIDTH:0.423417
G1 X64.619 Y116.516 E.00528
;WIDTH:0.381505
G1 X12.585 Y116.516 E1.20166
;WIDTH:0.423417
G1 X12.304 Y116.495 E.00729
;WIDTH:0.465328
G1 X12.023 Y116.474 E.00808
;WIDTH:0.507239
G1 X11.742 Y116.453 E.00886
G1 X11.721 Y116.014 E.01383
;WIDTH:0.465328
G1 X11.7 Y115.812 E.00582
;WIDTH:0.423417
G1 X11.679 Y115.61 E.00526
;WIDTH:0.381505
G1 X11.679 Y107.169 E.19493
G1 X12.026 Y107.169 E.00801
G1 X12.026 Y115.61 E.19493
;WIDTH:0.423417
G1 X12.066 Y115.756 E.00392
;WIDTH:0.465328
G1 X12.105 Y115.903 E.00436
;WIDTH:0.507239
G1 X12.145 Y116.05 E.00479
G1 X12.292 Y116.089 E.00478
;WIDTH:0.465328
G1 X12.438 Y116.129 E.00434
;WIDTH:0.423417
G1 X12.585 Y116.169 E.00394
;WIDTH:0.381505
G1 X64.619 Y116.169 E1.20166
;WIDTH:0.423417
G1 X64.766 Y116.129 E.00394
;WIDTH:0.465328
G1 X64.913 Y116.089 E.00437
;WIDTH:0.507239
G1 X65.059 Y116.05 E.00475
G1 X65.099 Y115.903 E.00479
;WIDTH:0.465328
G1 X65.139 Y115.756 E.00437
;WIDTH:0.423417
G1 X65.179 Y115.61 E.00392
;WIDTH:0.381505
G1 X65.179 Y92.729 E.52841
G1 X64.812 Y92.303 F9000
;TYPE:External perimeter
;WIDTH:0.419999
G1 F1800
G1 X65.892 Y92.303 E.02771
G1 X65.892 Y116.883 E.63059
G1 X11.312 Y116.883 E1.40022
G1 X11.312 Y106.803 E.2586
G1 X12.392 Y106.803 E.02771
G1 X12.392 Y115.61 E.22594
G1 X12.449 Y115.746 E.00378
G1 X12.585 Y115.803 E.00378
G1 X64.619 Y115.803 E1.3349
G1 X64.756 Y115.746 E.00381
G1 X64.812 Y115.61 E.00377
G1 X64.812 Y92.363 E.59639
;LAYER_CHANGE
;Z:6.28
;HEIGHT:0.16
;BEFORE_LAYER_CHANGE
G92 E0
;6.28


G1 E-3.5 F3600
;WIPE_START
G1 F7200
G1 X64.812 Y92.303 E-.0285
G1 X65.892 Y92.303 E-.513
G1 X65.892 Y94.321 E-.9585
;WIPE_END
G1 Z6.28 F9000
;AFTER_LAYER_CHANGE
;6.28
G1 X12.026 Y56.016
G1 E5 F2400
;TYPE:Perimeter
;WIDTH:0.381505
G1 F3600
G1 X11.679 Y56.016 E.00801
G1 X11.679 Y13.575 E.98012
;WIDTH:0.423417
G1 X11.7 Y13.294 E.00729
;WIDTH:0.465328
G1 X11.721 Y13.013 E.00808
;WIDTH:0.507239
G1 X11.742 Y12.732 E.00886
G1 X12.18 Y12.711 E.01379
;WIDTH:0.465328
G1 X12.383 Y12.69 E.00585
;WIDTH:0.423417
G1 X12.585 Y12.669 E.00526
;WIDTH:0.381505
G1 X15.526 Y12.669 E.06792
G1 X15.526 Y13.016 E.00801
G1 X12.585 Y13.016 E.06792
;WIDTH:0.423417
G1 X12.438 Y13.056 E.00394
;WIDTH:0.465328
G1 X12.292 Y13.096 E.00434
;WIDTH:0.507239
G1 X12.145 Y13.135 E.00478
G1 X12.105 Y13.282 E.00479
;WIDTH:0.465328
G1 X12.066 Y13.429 E.00436
;WIDTH:0.423417
G1 X12.026 Y13.575 E.00392
;WIDTH:0.381505
G1 X12.026 Y55.956 E.97874
G1 X12.392 Y56.383 F9000
;TYPE:External perimeter
;WIDTH:0.419999
G1 F1800
G1 X11.312 Y56.383 E.02771
G1 X11.312 Y12.303 E1.13085
G1 X15.892 Y12.303 E.1175
G1 X15.892 Y13.383 E.02771
G1 X12.585 Y13.383 E.08484
G1 X12.449 Y13.439 E.00377
G1 X12.392 Y13.575 E.00378
G1 X12.392 Y56.323 E1.09667
G1 E-3.5 F3600
;WIPE_START
G1 F7200
G1 X12.392 Y56.383 E-.0285
G1 X11.312 Y56.383 E-.513
G1 X11.312 Y54.365 E-.9585
;WIPE_END
G1 X21.679 Y13.016 F9000
G1 E5 F2400
;TYPE:Perimeter
;WIDTH:0.381505
G1 F3600
G1 X21.679 Y12.669 E.00801
G1 X64.619 Y12.669 E.99165
;WIDTH:0.423417
G1 X64.901 Y12.69 E.00732
;WIDTH:0.465328
G1 X65.182 Y12.711 E.00808
;WIDTH:0.507239
G1 X65.463 Y12.732 E.00886
G1 X65.463 Y12.968 E.00742
G1 X65.484 Y13.171 E.00642
;WIDTH:0.465328
G1 X65.505 Y13.373 E.00582
;WIDTH:0.423417
G1 X65.526 Y13.575 E.00526
;WIDTH:0.381505
G1 X65.526 Y71.516 E1.33808
G1 X65.179 Y71.516 E.00801
G1 X65.179 Y13.575 E1.33808
;WIDTH:0.423417
G1 X65.139 Y13.429 E.00392
;WIDTH:0.465328
G1 X65.099 Y13.282 E.00437
;WIDTH:0.507239
G1 X65.059 Y13.135 E.00479
G1 X64.913 Y13.096 E.00475
;WIDTH:0.465328
G1 X64.766 Y13.056 E.00437
;WIDTH:0.423417
G1 X64.619 Y13.016 E.00394
;WIDTH:0.381505
G1 X21.739 Y13.016 E.99026
G1 X21.312 Y13.383 F9000
;TYPE:External perimeter
;WIDTH:0.419999
G1 F1800
G1 X21.312 Y12.303 E.02771
G1 X65.892 Y12.303 E1.14367
G1 X65.892 Y71.883 E1.52849
G1 X64.812 Y71.883 E.02771
G1 X64.812 Y13.575 E1.49586
G1 X64.756 Y13.439 E.00377
G1 X64.619 Y13.383 E.0038
G1 X21.372 Y13.383 E1.10948
G1 E-3.5 F3600
;WIPE_START
G1 F7200
G1 X21.312 Y13.383 E-.0285
G1 X21.312 Y12.303 E-.513
G1 X23.33 Y12.303 E-.9585
;WIPE_END
G1 X65.179 Y92.669 F9000
G1 E5 F2400
;TYPE:Perimeter
;WIDTH:0.381505
G1 F3600
G1 X65.526 Y92.669 E.00801
G1 X65.526 Y92.843 E.00402
G1 X65.526 Y115.704 E.52795
;WIDTH:0.423417
G1 X65.505 Y115.954 E.00649
;WIDTH:0.465328
G1 X65.484 Y116.204 E.00719
;WIDTH:0.507239
G1 X65.463 Y116.453 E.00786
G1 X65.024 Y116.474 E.01383
;WIDTH:0.465328
G1 X64.822 Y116.495 E.00582
;WIDTH:0.423417
G1 X64.619 Y116.516 E.00528
;WIDTH:0.381505
G1 X12.585 Y116.516 E1.20166
;WIDTH:0.423417
G1 X12.304 Y116.495 E.00729
;WIDTH:0.465328
G1 X12.023 Y116.474 E.00808
;WIDTH:0.507239
G1 X11.742 Y116.453 E.00886
G1 X11.721 Y116.014 E.01383
;WIDTH:0.465328
G1 X11.7 Y115.812 E.00582
;WIDTH:0.423417
G1 X11.679 Y115.61 E.00526
;WIDTH:0.381505
G1 X11.679 Y107.169 E.19493
G1 X12.026 Y107.169 E.00801
G1 X12.026 Y115.61 E.19493
;WIDTH:0.423417
G1 X12.066 Y115.756 E.00392
;WIDTH:0.465328
G1 X12.105 Y115.903 E.00436
;WIDTH:0.507239
G1 X12.145 Y116.05 E.00479
G1 X12.292 Y116.089 E.00478
;WIDTH:0.465328
G1 X12.438 Y116.129 E.00434
;WIDTH:0.423417
G1 X12.585 Y116.169 E.00394
;WIDTH:0.381505
G1 X64.619 Y116.169 E1.20166
;WIDTH:0.423417
G1 X64.766 Y116.129 E.00394
;WIDTH:0.465328
G1 X64.913 Y116.089 E.00437
;WIDTH:0.507239
G1 X65.059 Y116.05 E.00475
G1 X65.099 Y115.903 E.00479
;WIDTH:0.465328
G1 X65.139 Y115.756 E.00437
;WIDTH:0.423417
G1 X65.179 Y115.61 E.00392
;WIDTH:0.381505
G1 X65.179 Y92.729 E.52841
G1 X64.812 Y92.303 F9000
;TYPE:External perimeter
;WIDTH:0.419999
G1 F1800
G1 X65.892 Y92.303 E.02771
G1 X65.892 Y116.883 E.63059
G1 X11.312 Y116.883 E1.40022
G1 X11.312 Y106.803 E.2586
G1 X12.392 Y106.803 E.02771
G1 X12.392 Y115.61 E.22594
G1 X12.449 Y115.746 E.00378
G1 X12.585 Y115.803 E.00378
G1 X64.619 Y115.803 E1.3349
G1 X64.756 Y115.746 E.00381
G1 X64.812 Y115.61 E.00377
G1 X64.812 Y92.363 E.59639
;LAYER_CHANGE
;Z:6.44
;HEIGHT:0.16
;BEFORE_LAYER_CHANGE
G92 E0
;6.44


G1 E-3.5 F3600
;WIPE_START
G1 F7200
G1 X64.812 Y92.303 E-.0285
G1 X65.892 Y92.303 E-.513
G1 X65.892 Y94.321 E-.9585
;WIPE_END
G1 Z6.44 F9000
;AFTER_LAYER_CHANGE
;6.44
G1 X12.026 Y56.016
G1 E5 F2400
;TYPE:Perimeter
;WIDTH:0.381505
G1 F3600
G1 X11.679 Y56.016 E.00801
G1 X11.679 Y13.575 E.98012
;WIDTH:0.423417
G1 X11.7 Y13.294 E.00729
;WIDTH:0.465328
G1 X11.721 Y13.013 E.00808
;WIDTH:0.507239
G1 X11.742 Y12.732 E.00886
G1 X12.18 Y12.711 E.01379
;WIDTH:0.465328
G1 X12.383 Y12.69 E.00585
;WIDTH:0.423417
G1 X12.585 Y12.669 E.00526
;WIDTH:0.381505
G1 X15.526 Y12.669 E.06792
G1 X15.526 Y13.016 E.00801
G1 X12.585 Y13.016 E.06792
;WIDTH:0.423417
G1 X12.438 Y13.056 E.00394
;WIDTH:0.465328
G1 X12.292 Y13.096 E.00434
;WIDTH:0.507239
G1 X12.145 Y13.135 E.00478
G1 X12.105 Y13.282 E.00479
;WIDTH:0.465328
G1 X12.066 Y13.429 E.00436
;WIDTH:0.423417
G1 X12.026 Y13.575 E.00392
;WIDTH:0.381505
G1 X12.026 Y55.956 E.97874
G1 X12.392 Y56.383 F9000
;TYPE:External perimeter
;WIDTH:0.419999
G1 F1800
G1 X11.312 Y56.383 E.02771
G1 X11.312 Y12.303 E1.13085
G1 X15.892 Y12.303 E.1175
G1 X15.892 Y13.383 E.02771
G1 X12.585 Y13.383 E.08484
G1 X12.449 Y13.439 E.00377
G1 X12.392 Y13.575 E.00378
G1 X12.392 Y56.323 E1.09667
G1 E-3.5 F3600
;WIPE_START
G1 F7200
G1 X12.392 Y56.383 E-.0285
G1 X11.312 Y56.383 E-.513
G1 X11.312 Y54.365 E-.9585
;WIPE_END
G1 X21.679 Y13.016 F9000
G1 E5 F2400
;TYPE:Perimeter
;WIDTH:0.381505
G1 F3600
G1 X21.679 Y12.669 E.00801
G1 X64.619 Y12.669 E.99165
;WIDTH:0.423417
G1 X64.901 Y12.69 E.00732
;WIDTH:0.465328
G1 X65.182 Y12.711 E.00808
;WIDTH:0.507239
G1 X65.463 Y12.732 E.00886
G1 X65.463 Y12.968 E.00742
G1 X65.484 Y13.171 E.00642
;WIDTH:0.465328
G1 X65.505 Y13.373 E.00582
;WIDTH:0.423417
G1 X65.526 Y13.575 E.00526
;WIDTH:0.381505
G1 X65.526 Y71.516 E1.33808
G1 X65.179 Y71.516 E.00801
G1 X65.179 Y13.575 E1.33808
;WIDTH:0.423417
G1 X65.139 Y13.429 E.00392
;WIDTH:0.465328
G1 X65.099 Y13.282 E.00437
;WIDTH:0.507239
G1 X65.059 Y13.135 E.00479
G1 X64.913 Y13.096 E.00475
;WIDTH:0.465328
G1 X64.766 Y13.056 E.00437
;WIDTH:0.423417
G1 X64.619 Y13.016 E.00394
;WIDTH:0.381505
G1 X21.739 Y13.016 E.99026
G1 X21.312 Y13.383 F9000
;TYPE:External perimeter
;WIDTH:0.419999
G1 F1800
G1 X21.312 Y12.303 E.02771
G1 X65.892 Y12.303 E1.14367
G1 X65.892 Y71.883 E1.52849
G1 X64.812 Y71.883 E.02771
G1 X64.812 Y13.575 E1.49586
G1 X64.756 Y13.439 E.00377
G1 X64.619 Y13.383 E.0038
G1 X21.372 Y13.383 E1.10948
G1 E-3.5 F3600
;WIPE_START
G1 F7200
G1 X21.312 Y13.383 E-.0285
G1 X21.312 Y12.303 E-.513
G1 X23.33 Y12.303 E-.9585
;WIPE_END
G1 X65.179 Y92.669 F9000
G1 E5 F2400
;TYPE:Perimeter
;WIDTH:0.381505
G1 F3600
G1 X65.526 Y92.669 E.00801
G1 X65.526 Y92.843 E.00402
G1 X65.526 Y115.704 E.52795
;WIDTH:0.423417
G1 X65.505 Y115.954 E.00649
;WIDTH:0.465328
G1 X65.484 Y116.204 E.00719
;WIDTH:0.507239
G1 X65.463 Y116.453 E.00786
G1 X65.024 Y116.474 E.01383
;WIDTH:0.465328
G1 X64.822 Y116.495 E.00582
;WIDTH:0.423417
G1 X64.619 Y116.516 E.00528
;WIDTH:0.381505
G1 X12.585 Y116.516 E1.20166
;WIDTH:0.423417
G1 X12.304 Y116.495 E.00729
;WIDTH:0.465328
G1 X12.023 Y116.474 E.00808
;WIDTH:0.507239
G1 X11.742 Y116.453 E.00886
G1 X11.721 Y116.014 E.01383
;WIDTH:0.465328
G1 X11.7 Y115.812 E.00582
;WIDTH:0.423417
G1 X11.679 Y115.61 E.00526
;WIDTH:0.381505
G1 X11.679 Y107.169 E.19493
G1 X12.026 Y107.169 E.00801
G1 X12.026 Y115.61 E.19493
;WIDTH:0.423417
G1 X12.066 Y115.756 E.00392
;WIDTH:0.465328
G1 X12.105 Y115.903 E.00436
;WIDTH:0.507239
G1 X12.145 Y116.05 E.00479
G1 X12.292 Y116.089 E.00478
;WIDTH:0.465328
G1 X12.438 Y116.129 E.00434
;WIDTH:0.423417
G1 X12.585 Y116.169 E.00394
;WIDTH:0.381505
G1 X64.619 Y116.169 E1.20166
;WIDTH:0.423417
G1 X64.766 Y116.129 E.00394
;WIDTH:0.465328
G1 X64.913 Y116.089 E.00437
;WIDTH:0.507239
G1 X65.059 Y116.05 E.00475
G1 X65.099 Y115.903 E.00479
;WIDTH:0.465328
G1 X65.139 Y115.756 E.00437
;WIDTH:0.423417
G1 X65.179 Y115.61 E.00392
;WIDTH:0.381505
G1 X65.179 Y92.729 E.52841
G1 X64.812 Y92.303 F9000
;TYPE:External perimeter
;WIDTH:0.419999
G1 F1800
G1 X65.892 Y92.303 E.02771
G1 X65.892 Y116.883 E.63059
G1 X11.312 Y116.883 E1.40022
G1 X11.312 Y106.803 E.2586
G1 X12.392 Y106.803 E.02771
G1 X12.392 Y115.61 E.22594
G1 X12.449 Y115.746 E.00378
G1 X12.585 Y115.803 E.00378
G1 X64.619 Y115.803 E1.3349
G1 X64.756 Y115.746 E.00381
G1 X64.812 Y115.61 E.00377
G1 X64.812 Y92.363 E.59639
;LAYER_CHANGE
;Z:6.6
;HEIGHT:0.16
;BEFORE_LAYER_CHANGE
G92 E0
;6.6


G1 E-3.5 F3600
;WIPE_START
G1 F7200
G1 X64.812 Y92.303 E-.0285
G1 X65.892 Y92.303 E-.513
G1 X65.892 Y94.321 E-.9585
;WIPE_END
G1 Z6.6 F9000
;AFTER_LAYER_CHANGE
;6.6
G1 X12.026 Y56.016
G1 E5 F2400
;TYPE:Perimeter
;WIDTH:0.381505
G1 F3600
G1 X11.679 Y56.016 E.00801
G1 X11.679 Y13.575 E.98012
;WIDTH:0.423417
G1 X11.7 Y13.294 E.00729
;WIDTH:0.465328
G1 X11.721 Y13.013 E.00808
;WIDTH:0.507239
G1 X11.742 Y12.732 E.00886
G1 X12.18 Y12.711 E.01379
;WIDTH:0.465328
G1 X12.383 Y12.69 E.00585
;WIDTH:0.423417
G1 X12.585 Y12.669 E.00526
;WIDTH:0.381505
G1 X15.526 Y12.669 E.06792
G1 X15.526 Y13.016 E.00801
G1 X12.585 Y13.016 E.06792
;WIDTH:0.423417
G1 X12.438 Y13.056 E.00394
;WIDTH:0.465328
G1 X12.292 Y13.096 E.00434
;WIDTH:0.507239
G1 X12.145 Y13.135 E.00478
G1 X12.105 Y13.282 E.00479
;WIDTH:0.465328
G1 X12.066 Y13.429 E.00436
;WIDTH:0.423417
G1 X12.026 Y13.575 E.00392
;WIDTH:0.381505
G1 X12.026 Y55.956 E.97874
G1 X12.392 Y56.383 F9000
;TYPE:External perimeter
;WIDTH:0.419999
G1 F1800
G1 X11.312 Y56.383 E.02771
G1 X11.312 Y12.303 E1.13085
G1 X15.892 Y12.303 E.1175
G1 X15.892 Y13.383 E.02771
G1 X12.585 Y13.383 E.08484
G1 X12.449 Y13.439 E.00377
G1 X12.392 Y13.575 E.00378
G1 X12.392 Y56.323 E1.09667
G1 E-3.5 F3600
;WIPE_START
G1 F7200
G1 X12.392 Y56.383 E-.0285
G1 X11.312 Y56.383 E-.513
G1 X11.312 Y54.365 E-.9585
;WIPE_END
G1 X21.679 Y13.016 F9000
G1 E5 F2400
;TYPE:Perimeter
;WIDTH:0.381505
G1 F3600
G1 X21.679 Y12.669 E.00801
G1 X64.619 Y12.669 E.99165
;WIDTH:0.423417
G1 X64.901 Y12.69 E.00732
;WIDTH:0.465328
G1 X65.182 Y12.711 E.00808
;WIDTH:0.507239
G1 X65.463 Y12.732 E.00886
G1 X65.463 Y12.968 E.00742
G1 X65.484 Y13.171 E.00642
;WIDTH:0.465328
G1 X65.505 Y13.373 E.00582
;WIDTH:0.423417
G1 X65.526 Y13.575 E.00526
;WIDTH:0.381505
G1 X65.526 Y71.516 E1.33808
G1 X65.179 Y71.516 E.00801
G1 X65.179 Y13.575 E1.33808
;WIDTH:0.423417
G1 X65.139 Y13.429 E.00392
;WIDTH:0.465328
G1 X65.099 Y13.282 E.00437
;WIDTH:0.507239
G1 X65.059 Y13.135 E.00479
G1 X64.913 Y13.096 E.00475
;WIDTH:0.465328
G1 X64.766 Y13.056 E.00437
;WIDTH:0.423417
G1 X64.619 Y13.016 E.00394
;WIDTH:0.381505
G1 X21.739 Y13.016 E.99026
G1 X21.312 Y13.383 F9000
;TYPE:External perimeter
;WIDTH:0.419999
G1 F1800
G1 X21.312 Y12.303 E.02771
G1 X65.892 Y12.303 E1.14367
G1 X65.892 Y71.883 E1.52849
G1 X64.812 Y71.883 E.02771
G1 X64.812 Y13.575 E1.49586
G1 X64.756 Y13.439 E.00377
G1 X64.619 Y13.383 E.0038
G1 X21.372 Y13.383 E1.10948
G1 E-3.5 F3600
;WIPE_START
G1 F7200
G1 X21.312 Y13.383 E-.0285
G1 X21.312 Y12.303 E-.513
G1 X23.33 Y12.303 E-.9585
;WIPE_END
G1 X65.179 Y92.669 F9000
G1 E5 F2400
;TYPE:Perimeter
;WIDTH:0.381505
G1 F3600
G1 X65.526 Y92.669 E.00801
G1 X65.526 Y92.843 E.00402
G1 X65.526 Y115.704 E.52795
;WIDTH:0.423417
G1 X65.505 Y115.954 E.00649
;WIDTH:0.465328
G1 X65.484 Y116.204 E.00719
;WIDTH:0.507239
G1 X65.463 Y116.453 E.00786
G1 X65.024 Y116.474 E.01383
;WIDTH:0.465328
G1 X64.822 Y116.495 E.00582
;WIDTH:0.423417
G1 X64.619 Y116.516 E.00528
;WIDTH:0.381505
G1 X12.585 Y116.516 E1.20166
;WIDTH:0.423417
G1 X12.304 Y116.495 E.00729
;WIDTH:0.465328
G1 X12.023 Y116.474 E.00808
;WIDTH:0.507239
G1 X11.742 Y116.453 E.00886
G1 X11.721 Y116.014 E.01383
;WIDTH:0.465328
G1 X11.7 Y115.812 E.00582
;WIDTH:0.423417
G1 X11.679 Y115.61 E.00526
;WIDTH:0.381505
G1 X11.679 Y107.169 E.19493
G1 X12.026 Y107.169 E.00801
G1 X12.026 Y115.61 E.19493
;WIDTH:0.423417
G1 X12.066 Y115.756 E.00392
;WIDTH:0.465328
G1 X12.105 Y115.903 E.00436
;WIDTH:0.507239
G1 X12.145 Y116.05 E.00479
G1 X12.292 Y116.089 E.00478
;WIDTH:0.465328
G1 X12.438 Y116.129 E.00434
;WIDTH:0.423417
G1 X12.585 Y116.169 E.00394
;WIDTH:0.381505
G1 X64.619 Y116.169 E1.20166
;WIDTH:0.423417
G1 X64.766 Y116.129 E.00394
;WIDTH:0.465328
G1 X64.913 Y116.089 E.00437
;WIDTH:0.507239
G1 X65.059 Y116.05 E.00475
G1 X65.099 Y115.903 E.00479
;WIDTH:0.465328
G1 X65.139 Y115.756 E.00437
;WIDTH:0.423417
G1 X65.179 Y115.61 E.00392
;WIDTH:0.381505
G1 X65.179 Y92.729 E.52841
G1 X64.812 Y92.303 F9000
;TYPE:External perimeter
;WIDTH:0.419999
G1 F1800
G1 X65.892 Y92.303 E.02771
G1 X65.892 Y116.883 E.63059
G1 X11.312 Y116.883 E1.40022
G1 X11.312 Y106.803 E.2586
G1 X12.392 Y106.803 E.02771
G1 X12.392 Y115.61 E.22594
G1 X12.449 Y115.746 E.00378
G1 X12.585 Y115.803 E.00378
G1 X64.619 Y115.803 E1.3349
G1 X64.756 Y115.746 E.00381
G1 X64.812 Y115.61 E.00377
G1 X64.812 Y92.363 E.59639
;LAYER_CHANGE
;Z:6.76
;HEIGHT:0.16
;BEFORE_LAYER_CHANGE
G92 E0
;6.76


G1 E-3.5 F3600
;WIPE_START
G1 F7200
G1 X64.812 Y92.303 E-.0285
G1 X65.892 Y92.303 E-.513
G1 X65.892 Y94.321 E-.9585
;WIPE_END
G1 Z6.76 F9000
;AFTER_LAYER_CHANGE
;6.76
G1 X12.026 Y56.016
G1 E5 F2400
;TYPE:Perimeter
;WIDTH:0.381505
G1 F3600
G1 X11.679 Y56.016 E.00801
G1 X11.679 Y13.575 E.98012
;WIDTH:0.423417
G1 X11.7 Y13.294 E.00729
;WIDTH:0.465328
G1 X11.721 Y13.013 E.00808
;WIDTH:0.507239
G1 X11.742 Y12.732 E.00886
G1 X12.18 Y12.711 E.01379
;WIDTH:0.465328
G1 X12.383 Y12.69 E.00585
;WIDTH:0.423417
G1 X12.585 Y12.669 E.00526
;WIDTH:0.381505
G1 X15.526 Y12.669 E.06792
G1 X15.526 Y13.016 E.00801
G1 X12.585 Y13.016 E.06792
;WIDTH:0.423417
G1 X12.438 Y13.056 E.00394
;WIDTH:0.465328
G1 X12.292 Y13.096 E.00434
;WIDTH:0.507239
G1 X12.145 Y13.135 E.00478
G1 X12.105 Y13.282 E.00479
;WIDTH:0.465328
G1 X12.066 Y13.429 E.00436
;WIDTH:0.423417
G1 X12.026 Y13.575 E.00392
;WIDTH:0.381505
G1 X12.026 Y55.956 E.97874
G1 X12.392 Y56.383 F9000
;TYPE:External perimeter
;WIDTH:0.419999
G1 F1800
G1 X11.312 Y56.383 E.02771
G1 X11.312 Y12.303 E1.13085
G1 X15.892 Y12.303 E.1175
G1 X15.892 Y13.383 E.02771
G1 X12.585 Y13.383 E.08484
G1 X12.449 Y13.439 E.00377
G1 X12.392 Y13.575 E.00378
G1 X12.392 Y56.323 E1.09667
G1 E-3.5 F3600
;WIPE_START
G1 F7200
G1 X12.392 Y56.383 E-.0285
G1 X11.312 Y56.383 E-.513
G1 X11.312 Y54.365 E-.9585
;WIPE_END
G1 X21.679 Y13.016 F9000
G1 E5 F2400
;TYPE:Perimeter
;WIDTH:0.381505
G1 F3600
G1 X21.679 Y12.669 E.00801
G1 X64.619 Y12.669 E.99165
;WIDTH:0.423417
G1 X64.901 Y12.69 E.00732
;WIDTH:0.465328
G1 X65.182 Y12.711 E.00808
;WIDTH:0.507239
G1 X65.463 Y12.732 E.00886
G1 X65.463 Y12.968 E.00742
G1 X65.484 Y13.171 E.00642
;WIDTH:0.465328
G1 X65.505 Y13.373 E.00582
;WIDTH:0.423417
G1 X65.526 Y13.575 E.00526
;WIDTH:0.381505
G1 X65.526 Y71.516 E1.33808
G1 X65.179 Y71.516 E.00801
G1 X65.179 Y13.575 E1.33808
;WIDTH:0.423417
G1 X65.139 Y13.429 E.00392
;WIDTH:0.465328
G1 X65.099 Y13.282 E.00437
;WIDTH:0.507239
G1 X65.059 Y13.135 E.00479
G1 X64.913 Y13.096 E.00475
;WIDTH:0.465328
G1 X64.766 Y13.056 E.00437
;WIDTH:0.423417
G1 X64.619 Y13.016 E.00394
;WIDTH:0.381505
G1 X21.739 Y13.016 E.99026
G1 X21.312 Y13.383 F9000
;TYPE:External perimeter
;WIDTH:0.419999
G1 F1800
G1 X21.312 Y12.303 E.02771
G1 X65.892 Y12.303 E1.14367
G1 X65.892 Y71.883 E1.52849
G1 X64.812 Y71.883 E.02771
G1 X64.812 Y13.575 E1.49586
G1 X64.756 Y13.439 E.00377
G1 X64.619 Y13.383 E.0038
G1 X21.372 Y13.383 E1.10948
G1 E-3.5 F3600
;WIPE_START
G1 F7200
G1 X21.312 Y13.383 E-.0285
G1 X21.312 Y12.303 E-.513
G1 X23.33 Y12.303 E-.9585
;WIPE_END
G1 X65.179 Y92.669 F9000
G1 E5 F2400
;TYPE:Perimeter
;WIDTH:0.381505
G1 F3600
G1 X65.526 Y92.669 E.00801
G1 X65.526 Y92.843 E.00402
G1 X65.526 Y115.704 E.52795
;WIDTH:0.423417
G1 X65.505 Y115.954 E.00649
;WIDTH:0.465328
G1 X65.484 Y116.204 E.00719
;WIDTH:0.507239
G1 X65.463 Y116.453 E.00786
G1 X65.024 Y116.474 E.01383
;WIDTH:0.465328
G1 X64.822 Y116.495 E.00582
;WIDTH:0.423417
G1 X64.619 Y116.516 E.00528
;WIDTH:0.381505
G1 X12.585 Y116.516 E1.20166
;WIDTH:0.423417
G1 X12.304 Y116.495 E.00729
;WIDTH:0.465328
G1 X12.023 Y116.474 E.00808
;WIDTH:0.507239
G1 X11.742 Y116.453 E.00886
G1 X11.721 Y116.014 E.01383
;WIDTH:0.465328
G1 X11.7 Y115.812 E.00582
;WIDTH:0.423417
G1 X11.679 Y115.61 E.00526
;WIDTH:0.381505
G1 X11.679 Y107.169 E.19493
G1 X12.026 Y107.169 E.00801
G1 X12.026 Y115.61 E.19493
;WIDTH:0.423417
G1 X12.066 Y115.756 E.00392
;WIDTH:0.465328
G1 X12.105 Y115.903 E.00436
;WIDTH:0.507239
G1 X12.145 Y116.05 E.00479
G1 X12.292 Y116.089 E.00478
;WIDTH:0.465328
G1 X12.438 Y116.129 E.00434
;WIDTH:0.423417
G1 X12.585 Y116.169 E.00394
;WIDTH:0.381505
G1 X64.619 Y116.169 E1.20166
;WIDTH:0.423417
G1 X64.766 Y116.129 E.00394
;WIDTH:0.465328
G1 X64.913 Y116.089 E.00437
;WIDTH:0.507239
G1 X65.059 Y116.05 E.00475
G1 X65.099 Y115.903 E.00479
;WIDTH:0.465328
G1 X65.139 Y115.756 E.00437
;WIDTH:0.423417
G1 X65.179 Y115.61 E.00392
;WIDTH:0.381505
G1 X65.179 Y92.729 E.52841
G1 X64.812 Y92.303 F9000
;TYPE:External perimeter
;WIDTH:0.419999
G1 F1800
G1 X65.892 Y92.303 E.02771
G1 X65.892 Y116.883 E.63059
G1 X11.312 Y116.883 E1.40022
G1 X11.312 Y106.803 E.2586
G1 X12.392 Y106.803 E.02771
G1 X12.392 Y115.61 E.22594
G1 X12.449 Y115.746 E.00378
G1 X12.585 Y115.803 E.00378
G1 X64.619 Y115.803 E1.3349
G1 X64.756 Y115.746 E.00381
G1 X64.812 Y115.61 E.00377
G1 X64.812 Y92.363 E.59639
;LAYER_CHANGE
;Z:6.92
;HEIGHT:0.16
;BEFORE_LAYER_CHANGE
G92 E0
;6.92


G1 E-3.5 F3600
;WIPE_START
G1 F7200
G1 X64.812 Y92.303 E-.0285
G1 X65.892 Y92.303 E-.513
G1 X65.892 Y94.321 E-.9585
;WIPE_END
G1 Z6.92 F9000
;AFTER_LAYER_CHANGE
;6.92
G1 X12.026 Y56.016
G1 E5 F2400
;TYPE:Perimeter
;WIDTH:0.381505
G1 F3600
G1 X11.679 Y56.016 E.00801
G1 X11.679 Y13.575 E.98012
;WIDTH:0.423417
G1 X11.7 Y13.294 E.00729
;WIDTH:0.465328
G1 X11.721 Y13.013 E.00808
;WIDTH:0.507239
G1 X11.742 Y12.732 E.00886
G1 X12.18 Y12.711 E.01379
;WIDTH:0.465328
G1 X12.383 Y12.69 E.00585
;WIDTH:0.423417
G1 X12.585 Y12.669 E.00526
;WIDTH:0.381505
G1 X15.526 Y12.669 E.06792
G1 X15.526 Y13.016 E.00801
G1 X12.585 Y13.016 E.06792
;WIDTH:0.423417
G1 X12.438 Y13.056 E.00394
;WIDTH:0.465328
G1 X12.292 Y13.096 E.00434
;WIDTH:0.507239
G1 X12.145 Y13.135 E.00478
G1 X12.105 Y13.282 E.00479
;WIDTH:0.465328
G1 X12.066 Y13.429 E.00436
;WIDTH:0.423417
G1 X12.026 Y13.575 E.00392
;WIDTH:0.381505
G1 X12.026 Y55.956 E.97874
G1 X12.392 Y56.383 F9000
;TYPE:External perimeter
;WIDTH:0.419999
G1 F1800
G1 X11.312 Y56.383 E.02771
G1 X11.312 Y12.303 E1.13085
G1 X15.892 Y12.303 E.1175
G1 X15.892 Y13.383 E.02771
G1 X12.585 Y13.383 E.08484
G1 X12.449 Y13.439 E.00377
G1 X12.392 Y13.575 E.00378
G1 X12.392 Y56.323 E1.09667
G1 E-3.5 F3600
;WIPE_START
G1 F7200
G1 X12.392 Y56.383 E-.0285
G1 X11.312 Y56.383 E-.513
G1 X11.312 Y54.365 E-.9585
;WIPE_END
G1 X21.679 Y13.016 F9000
G1 E5 F2400
;TYPE:Perimeter
;WIDTH:0.381505
G1 F3600
G1 X21.679 Y12.669 E.00801
G1 X64.619 Y12.669 E.99165
;WIDTH:0.423417
G1 X64.901 Y12.69 E.00732
;WIDTH:0.465328
G1 X65.182 Y12.711 E.00808
;WIDTH:0.507239
G1 X65.463 Y12.732 E.00886
G1 X65.463 Y12.968 E.00742
G1 X65.484 Y13.171 E.00642
;WIDTH:0.465328
G1 X65.505 Y13.373 E.00582
;WIDTH:0.423417
G1 X65.526 Y13.575 E.00526
;WIDTH:0.381505
G1 X65.526 Y71.516 E1.33808
G1 X65.179 Y71.516 E.00801
G1 X65.179 Y13.575 E1.33808
;WIDTH:0.423417
G1 X65.139 Y13.429 E.00392
;WIDTH:0.465328
G1 X65.099 Y13.282 E.00437
;WIDTH:0.507239
G1 X65.059 Y13.135 E.00479
G1 X64.913 Y13.096 E.00475
;WIDTH:0.465328
G1 X64.766 Y13.056 E.00437
;WIDTH:0.423417
G1 X64.619 Y13.016 E.00394
;WIDTH:0.381505
G1 X21.739 Y13.016 E.99026
G1 X21.312 Y13.383 F9000
;TYPE:External perimeter
;WIDTH:0.419999
G1 F1800
G1 X21.312 Y12.303 E.02771
G1 X65.892 Y12.303 E1.14367
G1 X65.892 Y71.883 E1.52849
G1 X64.812 Y71.883 E.02771
G1 X64.812 Y13.575 E1.49586
G1 X64.756 Y13.439 E.00377
G1 X64.619 Y13.383 E.0038
G1 X21.372 Y13.383 E1.10948
G1 E-3.5 F3600
;WIPE_START
G1 F7200
G1 X21.312 Y13.383 E-.0285
G1 X21.312 Y12.303 E-.513
G1 X23.33 Y12.303 E-.9585
;WIPE_END
G1 X65.179 Y92.669 F9000
G1 E5 F2400
;TYPE:Perimeter
;WIDTH:0.381505
G1 F3600
G1 X65.526 Y92.669 E.00801
G1 X65.526 Y92.843 E.00402
G1 X65.526 Y115.704 E.52795
;WIDTH:0.423417
G1 X65.505 Y115.954 E.00649
;WIDTH:0.465328
G1 X65.484 Y116.204 E.00719
;WIDTH:0.507239
G1 X65.463 Y116.453 E.00786
G1 X65.024 Y116.474 E.01383
;WIDTH:0.465328
G1 X64.822 Y116.495 E.00582
;WIDTH:0.423417
G1 X64.619 Y116.516 E.00528
;WIDTH:0.381505
G1 X12.585 Y116.516 E1.20166
;WIDTH:0.423417
G1 X12.304 Y116.495 E.00729
;WIDTH:0.465328
G1 X12.023 Y116.474 E.00808
;WIDTH:0.507239
G1 X11.742 Y116.453 E.00886
G1 X11.721 Y116.014 E.01383
;WIDTH:0.465328
G1 X11.7 Y115.812 E.00582
;WIDTH:0.423417
G1 X11.679 Y115.61 E.00526
;WIDTH:0.381505
G1 X11.679 Y107.169 E.19493
G1 X12.026 Y107.169 E.00801
G1 X12.026 Y115.61 E.19493
;WIDTH:0.423417
G1 X12.066 Y115.756 E.00392
;WIDTH:0.465328
G1 X12.105 Y115.903 E.00436
;WIDTH:0.507239
G1 X12.145 Y116.05 E.00479
G1 X12.292 Y116.089 E.00478
;WIDTH:0.465328
G1 X12.438 Y116.129 E.00434
;WIDTH:0.423417
G1 X12.585 Y116.169 E.00394
;WIDTH:0.381505
G1 X64.619 Y116.169 E1.20166
;WIDTH:0.423417
G1 X64.766 Y116.129 E.00394
;WIDTH:0.465328
G1 X64.913 Y116.089 E.00437
;WIDTH:0.507239
G1 X65.059 Y116.05 E.00475
G1 X65.099 Y115.903 E.00479
;WIDTH:0.465328
G1 X65.139 Y115.756 E.00437
;WIDTH:0.423417
G1 X65.179 Y115.61 E.00392
;WIDTH:0.381505
G1 X65.179 Y92.729 E.52841
G1 X64.812 Y92.303 F9000
;TYPE:External perimeter
;WIDTH:0.419999
G1 F1800
G1 X65.892 Y92.303 E.02771
G1 X65.892 Y116.883 E.63059
G1 X11.312 Y116.883 E1.40022
G1 X11.312 Y106.803 E.2586
G1 X12.392 Y106.803 E.02771
G1 X12.392 Y115.61 E.22594
G1 X12.449 Y115.746 E.00378
G1 X12.585 Y115.803 E.00378
G1 X64.619 Y115.803 E1.3349
G1 X64.756 Y115.746 E.00381
G1 X64.812 Y115.61 E.00377
G1 X64.812 Y92.363 E.59639
;LAYER_CHANGE
;Z:7.08
;HEIGHT:0.16
;BEFORE_LAYER_CHANGE
G92 E0
;7.08


G1 E-3.5 F3600
;WIPE_START
G1 F7200
G1 X64.812 Y92.303 E-.0285
G1 X65.892 Y92.303 E-.513
G1 X65.892 Y94.321 E-.9585
;WIPE_END
G1 Z7.08 F9000
;AFTER_LAYER_CHANGE
;7.08
G1 X65.179 Y92.669
G1 E5 F2400
;TYPE:Perimeter
;WIDTH:0.381505
G1 F3600
G1 X65.526 Y92.669 E.00801
G1 X65.526 Y92.843 E.00402
G1 X65.526 Y115.704 E.52795
;WIDTH:0.423417
G1 X65.505 Y115.954 E.00649
;WIDTH:0.465328
G1 X65.484 Y116.204 E.00719
;WIDTH:0.507239
G1 X65.463 Y116.453 E.00786
G1 X65.024 Y116.474 E.01383
;WIDTH:0.465328
G1 X64.822 Y116.495 E.00582
;WIDTH:0.423417
G1 X64.619 Y116.516 E.00528
;WIDTH:0.381505
G1 X12.585 Y116.516 E1.20166
;WIDTH:0.423417
G1 X12.304 Y116.495 E.00729
;WIDTH:0.465328
G1 X12.023 Y116.474 E.00808
;WIDTH:0.507239
G1 X11.742 Y116.453 E.00886
G1 X11.721 Y116.014 E.01383
;WIDTH:0.465328
G1 X11.7 Y115.812 E.00582
;WIDTH:0.423417
G1 X11.679 Y115.61 E.00526
;WIDTH:0.381505
G1 X11.679 Y107.169 E.19493
G1 X12.026 Y107.169 E.00801
G1 X12.026 Y115.61 E.19493
;WIDTH:0.423417
G1 X12.066 Y115.756 E.00392
;WIDTH:0.465328
G1 X12.105 Y115.903 E.00436
;WIDTH:0.507239
G1 X12.145 Y116.05 E.00479
G1 X12.292 Y116.089 E.00478
;WIDTH:0.465328
G1 X12.438 Y116.129 E.00434
;WIDTH:0.423417
G1 X12.585 Y116.169 E.00394
;WIDTH:0.381505
G1 X64.619 Y116.169 E1.20166
;WIDTH:0.423417
G1 X64.766 Y116.129 E.00394
;WIDTH:0.465328
G1 X64.913 Y116.089 E.00437
;WIDTH:0.507239
G1 X65.059 Y116.05 E.00475
G1 X65.099 Y115.903 E.00479
;WIDTH:0.465328
G1 X65.139 Y115.756 E.00437
;WIDTH:0.423417
G1 X65.179 Y115.61 E.00392
;WIDTH:0.381505
G1 X65.179 Y92.729 E.52841
G1 X64.812 Y92.303 F9000
;TYPE:External perimeter
;WIDTH:0.419999
G1 F1800
G1 X65.892 Y92.303 E.02771
G1 X65.892 Y116.883 E.63059
G1 X11.312 Y116.883 E1.40022
G1 X11.312 Y106.803 E.2586
G1 X12.392 Y106.803 E.02771
G1 X12.392 Y115.61 E.22594
G1 X12.449 Y115.746 E.00378
G1 X12.585 Y115.803 E.00378
G1 X64.619 Y115.803 E1.3349
G1 X64.756 Y115.746 E.00381
G1 X64.812 Y115.61 E.00377
G1 X64.812 Y92.363 E.59639
G1 E-3.5 F3600
;WIPE_START
G1 F7200
G1 X64.812 Y92.303 E-.0285
G1 X65.892 Y92.303 E-.513
G1 X65.892 Y94.321 E-.9585
;WIPE_END
G1 X65.179 Y71.516 F9000
G1 E5 F2400
;TYPE:Perimeter
;WIDTH:0.381505
G1 F3600
G1 X65.179 Y13.575 E1.33808
;WIDTH:0.423417
G1 X65.139 Y13.429 E.00392
;WIDTH:0.465328
G1 X65.099 Y13.282 E.00437
;WIDTH:0.507239
G1 X65.059 Y13.135 E.00479
G1 X64.913 Y13.096 E.00475
;WIDTH:0.465328
G1 X64.766 Y13.056 E.00437
;WIDTH:0.423417
G1 X64.619 Y13.016 E.00394
;WIDTH:0.381506
G1 X21.679 Y13.016 E.99165
G1 X21.679 Y12.669 E.00801
G1 X64.619 Y12.669 E.99165
;WIDTH:0.423417
G1 X64.901 Y12.69 E.00732
;WIDTH:0.465328
G1 X65.182 Y12.711 E.00808
;WIDTH:0.507239
G1 X65.463 Y12.732 E.00886
G1 X65.463 Y12.968 E.00742
G1 X65.484 Y13.171 E.00642
;WIDTH:0.465328
G1 X65.505 Y13.373 E.00582
;WIDTH:0.423417
G1 X65.526 Y13.575 E.00526
;WIDTH:0.381505
G1 X65.526 Y71.516 E1.33808
G1 X65.239 Y71.516 E.00663
G1 X64.812 Y71.883 F9000
;TYPE:External perimeter
;WIDTH:0.419999
G1 F1800
G1 X64.812 Y13.575 E1.49586
G1 X64.756 Y13.439 E.00377
G1 X64.619 Y13.383 E.0038
G1 X21.312 Y13.383 E1.11102
G1 X21.312 Y12.303 E.02771
G1 X65.892 Y12.303 E1.14367
G1 X65.892 Y71.883 E1.52849
G1 X64.872 Y71.883 E.02617
G1 E-3.5 F3600
;WIPE_START
G1 F7200
G1 X64.812 Y71.883 E-.0285
G1 X64.812 Y68.785 E-1.4715
;WIPE_END
G1 X12.026 Y56.016 F9000
G1 E5 F2400
;TYPE:Perimeter
;WIDTH:0.381505
G1 F3600
G1 X11.679 Y56.016 E.00801
G1 X11.679 Y13.575 E.98012
;WIDTH:0.423417
G1 X11.7 Y13.294 E.00729
;WIDTH:0.465328
G1 X11.721 Y13.013 E.00808
;WIDTH:0.507239
G1 X11.742 Y12.732 E.00886
G1 X12.18 Y12.711 E.01379
;WIDTH:0.465328
G1 X12.383 Y12.69 E.00585
;WIDTH:0.423417
G1 X12.585 Y12.669 E.00526
;WIDTH:0.381505
G1 X15.526 Y12.669 E.06792
G1 X15.526 Y13.016 E.00801
G1 X12.585 Y13.016 E.06792
;WIDTH:0.423417
G1 X12.438 Y13.056 E.00394
;WIDTH:0.465328
G1 X12.292 Y13.096 E.00434
;WIDTH:0.507239
G1 X12.145 Y13.135 E.00478
G1 X12.105 Y13.282 E.00479
;WIDTH:0.465328
G1 X12.066 Y13.429 E.00436
;WIDTH:0.423417
G1 X12.026 Y13.575 E.00392
;WIDTH:0.381505
G1 X12.026 Y55.956 E.97874
G1 X12.392 Y56.383 F9000
;TYPE:External perimeter
;WIDTH:0.419999
G1 F1800
G1 X11.312 Y56.383 E.02771
G1 X11.312 Y12.303 E1.13085
G1 X15.892 Y12.303 E.1175
G1 X15.892 Y13.383 E.02771
G1 X12.585 Y13.383 E.08484
G1 X12.449 Y13.439 E.00377
G1 X12.392 Y13.575 E.00378
G1 X12.392 Y56.323 E1.09667
;LAYER_CHANGE
;Z:7.24
;HEIGHT:0.16
;BEFORE_LAYER_CHANGE
G92 E0
;7.24


G1 E-3.5 F3600
;WIPE_START
G1 F7200
G1 X12.392 Y56.383 E-.0285
G1 X11.312 Y56.383 E-.513
G1 X11.312 Y54.365 E-.9585
;WIPE_END
G1 Z7.24 F9000
;AFTER_LAYER_CHANGE
;7.24
G1 X12.026 Y107.169
G1 E5 F2400
;TYPE:Perimeter
;WIDTH:0.381505
G1 F3600
G1 X12.026 Y115.61 E.19493
;WIDTH:0.423417
G1 X12.066 Y115.756 E.00392
;WIDTH:0.465328
G1 X12.105 Y115.903 E.00436
;WIDTH:0.507239
G1 X12.145 Y116.05 E.00479
G1 X12.292 Y116.089 E.00478
;WIDTH:0.465328
G1 X12.438 Y116.129 E.00434
;WIDTH:0.423417
G1 X12.585 Y116.169 E.00394
;WIDTH:0.381505
G1 X64.619 Y116.169 E1.20166
;WIDTH:0.423417
G1 X64.766 Y116.129 E.00394
;WIDTH:0.465328
G1 X64.913 Y116.089 E.00437
;WIDTH:0.507239
G1 X65.059 Y116.05 E.00475
G1 X65.099 Y115.903 E.00479
;WIDTH:0.465328
G1 X65.139 Y115.756 E.00437
;WIDTH:0.423417
G1 X65.179 Y115.61 E.00392
;WIDTH:0.381505
G1 X65.179 Y92.669 E.52979
G1 X65.526 Y92.669 E.00801
G1 X65.526 Y92.843 E.00402
G1 X65.526 Y115.704 E.52795
;WIDTH:0.423417
G1 X65.505 Y115.954 E.00649
;WIDTH:0.465328
G1 X65.484 Y116.204 E.00719
;WIDTH:0.507239
G1 X65.463 Y116.453 E.00786
G1 X65.024 Y116.474 E.01383
;WIDTH:0.465328
G1 X64.822 Y116.495 E.00582
;WIDTH:0.423417
G1 X64.619 Y116.516 E.00528
;WIDTH:0.381505
G1 X12.585 Y116.516 E1.20166
;WIDTH:0.423417
G1 X12.304 Y116.495 E.00729
;WIDTH:0.465328
G1 X12.023 Y116.474 E.00808
;WIDTH:0.507239
G1 X11.742 Y116.453 E.00886
G1 X11.721 Y116.014 E.01383
;WIDTH:0.465328
G1 X11.7 Y115.812 E.00582
;WIDTH:0.423417
G1 X11.679 Y115.61 E.00526
;WIDTH:0.381505
G1 X11.679 Y107.169 E.19493
G1 X11.966 Y107.169 E.00663
G1 X12.392 Y106.803 F9000
;TYPE:External perimeter
;WIDTH:0.419999
G1 F1800
G1 X12.392 Y115.61 E.22594
G1 X12.449 Y115.746 E.00378
G1 X12.585 Y115.803 E.00378
G1 X64.619 Y115.803 E1.3349
G1 X64.756 Y115.746 E.00381
G1 X64.812 Y115.61 E.00377
G1 X64.812 Y92.303 E.59793
G1 X65.892 Y92.303 E.02771
G1 X65.892 Y116.883 E.63059
G1 X11.312 Y116.883 E1.40022
G1 X11.312 Y106.803 E.2586
G1 X12.332 Y106.803 E.02617
G1 E-3.5 F3600
;WIPE_START
G1 F7200
G1 X12.392 Y106.803 E-.0285
G1 X12.392 Y109.901 E-1.4715
;WIPE_END
G1 X12.026 Y56.016 F9000
G1 E5 F2400
;TYPE:Perimeter
;WIDTH:0.381505
G1 F3600
G1 X11.679 Y56.016 E.00801
G1 X11.679 Y13.575 E.98012
;WIDTH:0.423417
G1 X11.7 Y13.294 E.00729
;WIDTH:0.465328
G1 X11.721 Y13.013 E.00808
;WIDTH:0.507239
G1 X11.742 Y12.732 E.00886
G1 X12.18 Y12.711 E.01379
;WIDTH:0.465328
G1 X12.383 Y12.69 E.00585
;WIDTH:0.423417
G1 X12.585 Y12.669 E.00526
;WIDTH:0.381505
G1 X16.302 Y12.669 E.08584
M204 S250
;TYPE:Overhang perimeter
;WIDTH:0.368782
;HEIGHT:0.368782
G1 F1500
G1 X20.902 Y12.669 E.20428
M204 S500
;TYPE:Perimeter
;WIDTH:0.381505
;HEIGHT:0.16
G1 F3600
G1 X64.619 Y12.669 E1.00959
;WIDTH:0.423417
G1 X64.901 Y12.69 E.00732
;WIDTH:0.465328
G1 X65.182 Y12.711 E.00808
;WIDTH:0.507239
G1 X65.463 Y12.732 E.00886
G1 X65.463 Y12.968 E.00742
G1 X65.484 Y13.171 E.00642
;WIDTH:0.465328
G1 X65.505 Y13.373 E.00582
;WIDTH:0.423417
G1 X65.526 Y13.575 E.00526
;WIDTH:0.381505
G1 X65.526 Y71.516 E1.33808
G1 X65.179 Y71.516 E.00801
G1 X65.179 Y13.575 E1.33808
;WIDTH:0.423417
G1 X65.139 Y13.429 E.00392
;WIDTH:0.465328
G1 X65.099 Y13.282 E.00437
;WIDTH:0.507239
G1 X65.059 Y13.135 E.00479
G1 X64.913 Y13.096 E.00475
;WIDTH:0.465328
G1 X64.766 Y13.056 E.00437
;WIDTH:0.423417
G1 X64.619 Y13.016 E.00394
;WIDTH:0.381505
G1 X20.902 Y13.016 E1.00959
M204 S250
;TYPE:Overhang perimeter
;WIDTH:0.368782
;HEIGHT:0.368782
G1 F1500
G1 X16.302 Y13.016 E.20428
M204 S500
;TYPE:Perimeter
;WIDTH:0.381505
;HEIGHT:0.16
G1 F3600
G1 X12.585 Y13.016 E.08584
;WIDTH:0.423417
G1 X12.438 Y13.056 E.00394
;WIDTH:0.465328
G1 X12.292 Y13.096 E.00434
;WIDTH:0.507239
G1 X12.145 Y13.135 E.00478
G1 X12.105 Y13.282 E.00479
;WIDTH:0.465328
G1 X12.066 Y13.429 E.00436
;WIDTH:0.423417
G1 X12.026 Y13.575 E.00392
;WIDTH:0.381505
G1 X12.026 Y55.956 E.97874
G1 X12.392 Y56.383 F9000
;TYPE:External perimeter
;WIDTH:0.419999
G1 F1800
G1 X11.312 Y56.383 E.02771
G1 X11.312 Y12.303 E1.13085
G1 X16.302 Y12.303 E.12802
M204 S250
;TYPE:Overhang perimeter
;WIDTH:0.368782
;HEIGHT:0.368782
G1 F1500
G1 X20.902 Y12.303 E.20428
M204 S500
;TYPE:External perimeter
;WIDTH:0.419999
;HEIGHT:0.16
G1 F1800
G1 X65.892 Y12.303 E1.15419
G1 X65.892 Y71.883 E1.52849
G1 X64.812 Y71.883 E.02771
G1 X64.812 Y13.575 E1.49586
G1 X64.756 Y13.439 E.00377
G1 X64.619 Y13.383 E.0038
G1 X20.902 Y13.383 E1.12153
M204 S250
;TYPE:Overhang perimeter
;WIDTH:0.368782
;HEIGHT:0.368782
G1 F1500
G1 X16.302 Y13.383 E.20428
M204 S500
;TYPE:External perimeter
;WIDTH:0.419999
;HEIGHT:0.16
G1 F1800
G1 X12.585 Y13.383 E.09536
G1 X12.449 Y13.439 E.00377
G1 X12.392 Y13.575 E.00378
G1 X12.392 Y56.323 E1.09667
;LAYER_CHANGE
;Z:7.4
;HEIGHT:0.16
;BEFORE_LAYER_CHANGE
G92 E0
;7.4


G1 E-3.5 F3600
;WIPE_START
G1 F7200
G1 X12.392 Y56.383 E-.0285
G1 X11.312 Y56.383 E-.513
G1 X11.312 Y54.365 E-.9585
;WIPE_END
G1 Z7.4 F9000
;AFTER_LAYER_CHANGE
;7.4
G1 X12.026 Y107.169
G1 E5 F2400
;TYPE:Perimeter
;WIDTH:0.381505
G1 F3600
G1 X12.026 Y115.61 E.19493
;WIDTH:0.423417
G1 X12.066 Y115.756 E.00392
;WIDTH:0.465328
G1 X12.105 Y115.903 E.00436
;WIDTH:0.507239
G1 X12.145 Y116.05 E.00479
G1 X12.292 Y116.089 E.00478
;WIDTH:0.465328
G1 X12.438 Y116.129 E.00434
;WIDTH:0.423417
G1 X12.585 Y116.169 E.00394
;WIDTH:0.381505
G1 X64.619 Y116.169 E1.20166
;WIDTH:0.423417
G1 X64.766 Y116.129 E.00394
;WIDTH:0.465328
G1 X64.913 Y116.089 E.00437
;WIDTH:0.507239
G1 X65.059 Y116.05 E.00475
G1 X65.099 Y115.903 E.00479
;WIDTH:0.465328
G1 X65.139 Y115.756 E.00437
;WIDTH:0.423417
G1 X65.179 Y115.61 E.00392
;WIDTH:0.381505
G1 X65.179 Y92.669 E.52979
G1 X65.526 Y92.669 E.00801
G1 X65.526 Y92.843 E.00402
G1 X65.526 Y115.704 E.52795
;WIDTH:0.423417
G1 X65.505 Y115.954 E.00649
;WIDTH:0.465328
G1 X65.484 Y116.204 E.00719
;WIDTH:0.507239
G1 X65.463 Y116.453 E.00786
G1 X65.024 Y116.474 E.01383
;WIDTH:0.465328
G1 X64.822 Y116.495 E.00582
;WIDTH:0.423417
G1 X64.619 Y116.516 E.00528
;WIDTH:0.381505
G1 X12.585 Y116.516 E1.20166
;WIDTH:0.423417
G1 X12.304 Y116.495 E.00729
;WIDTH:0.465328
G1 X12.023 Y116.474 E.00808
;WIDTH:0.507239
G1 X11.742 Y116.453 E.00886
G1 X11.721 Y116.014 E.01383
;WIDTH:0.465328
G1 X11.7 Y115.812 E.00582
;WIDTH:0.423417
G1 X11.679 Y115.61 E.00526
;WIDTH:0.381505
G1 X11.679 Y107.169 E.19493
G1 X11.966 Y107.169 E.00663
G1 X12.392 Y106.803 F9000
;TYPE:External perimeter
;WIDTH:0.419999
G1 F1800
G1 X12.392 Y115.61 E.22594
G1 X12.449 Y115.746 E.00378
G1 X12.585 Y115.803 E.00378
G1 X64.619 Y115.803 E1.3349
G1 X64.756 Y115.746 E.00381
G1 X64.812 Y115.61 E.00377
G1 X64.812 Y92.303 E.59793
G1 X65.892 Y92.303 E.02771
G1 X65.892 Y116.883 E.63059
G1 X11.312 Y116.883 E1.40022
G1 X11.312 Y106.803 E.2586
G1 X12.332 Y106.803 E.02617
G1 E-3.5 F3600
;WIPE_START
G1 F7200
G1 X12.392 Y106.803 E-.0285
G1 X12.392 Y109.901 E-1.4715
;WIPE_END
G1 X12.026 Y56.016 F9000
G1 E5 F2400
;TYPE:Perimeter
;WIDTH:0.381505
G1 F3600
G1 X11.679 Y56.016 E.00801
G1 X11.679 Y13.575 E.98012
;WIDTH:0.423417
G1 X11.7 Y13.294 E.00729
;WIDTH:0.465328
G1 X11.721 Y13.013 E.00808
;WIDTH:0.507239
G1 X11.742 Y12.732 E.00886
G1 X12.18 Y12.711 E.01379
;WIDTH:0.465328
G1 X12.383 Y12.69 E.00585
;WIDTH:0.423417
G1 X12.585 Y12.669 E.00526
;WIDTH:0.381505
G1 X64.619 Y12.669 E1.20166
;WIDTH:0.423417
G1 X64.901 Y12.69 E.00732
;WIDTH:0.465328
G1 X65.182 Y12.711 E.00808
;WIDTH:0.507239
G1 X65.463 Y12.732 E.00886
G1 X65.463 Y12.968 E.00742
G1 X65.484 Y13.171 E.00642
;WIDTH:0.465328
G1 X65.505 Y13.373 E.00582
;WIDTH:0.423417
G1 X65.526 Y13.575 E.00526
;WIDTH:0.381505
G1 X65.526 Y71.516 E1.33808
G1 X65.179 Y71.516 E.00801
G1 X65.179 Y13.575 E1.33808
;WIDTH:0.423417
G1 X65.139 Y13.429 E.00392
;WIDTH:0.465328
G1 X65.099 Y13.282 E.00437
;WIDTH:0.507239
G1 X65.059 Y13.135 E.00479
G1 X64.913 Y13.096 E.00475
;WIDTH:0.465328
G1 X64.766 Y13.056 E.00437
;WIDTH:0.423417
G1 X64.619 Y13.016 E.00394
;WIDTH:0.381505
G1 X12.585 Y13.016 E1.20166
;WIDTH:0.423417
G1 X12.438 Y13.056 E.00394
;WIDTH:0.465328
G1 X12.292 Y13.096 E.00434
;WIDTH:0.507239
G1 X12.145 Y13.135 E.00478
G1 X12.105 Y13.282 E.00479
;WIDTH:0.465328
G1 X12.066 Y13.429 E.00436
;WIDTH:0.423417
G1 X12.026 Y13.575 E.00392
;WIDTH:0.381505
G1 X12.026 Y55.956 E.97874
G1 X12.392 Y56.383 F9000
;TYPE:External perimeter
;WIDTH:0.419999
G1 F1800
G1 X11.312 Y56.383 E.02771
G1 X11.312 Y12.303 E1.13085
G1 X65.892 Y12.303 E1.40022
G1 X65.892 Y71.883 E1.52849
G1 X64.812 Y71.883 E.02771
G1 X64.812 Y13.575 E1.49586
G1 X64.756 Y13.439 E.00377
G1 X64.619 Y13.383 E.0038
G1 X12.585 Y13.383 E1.3349
G1 X12.449 Y13.439 E.00377
G1 X12.392 Y13.575 E.00378
G1 X12.392 Y56.323 E1.09667
;LAYER_CHANGE
;Z:7.56
;HEIGHT:0.16
;BEFORE_LAYER_CHANGE
G92 E0
;7.56


G1 E-3.5 F3600
;WIPE_START
G1 F7200
G1 X12.392 Y56.383 E-.0285
G1 X11.312 Y56.383 E-.513
G1 X11.312 Y54.365 E-.9585
;WIPE_END
G1 Z7.56 F9000
;AFTER_LAYER_CHANGE
;7.56
G1 X12.026 Y107.169
G1 E5 F2400
;TYPE:Perimeter
;WIDTH:0.381505
G1 F3600
G1 X12.026 Y115.61 E.19493
;WIDTH:0.423417
G1 X12.066 Y115.756 E.00392
;WIDTH:0.465328
G1 X12.105 Y115.903 E.00436
;WIDTH:0.507239
G1 X12.145 Y116.05 E.00479
G1 X12.292 Y116.089 E.00478
;WIDTH:0.465328
G1 X12.438 Y116.129 E.00434
;WIDTH:0.423417
G1 X12.585 Y116.169 E.00394
;WIDTH:0.381505
G1 X64.619 Y116.169 E1.20166
;WIDTH:0.423417
G1 X64.766 Y116.129 E.00394
;WIDTH:0.465328
G1 X64.913 Y116.089 E.00437
;WIDTH:0.507239
G1 X65.059 Y116.05 E.00475
G1 X65.099 Y115.903 E.00479
;WIDTH:0.465328
G1 X65.139 Y115.756 E.00437
;WIDTH:0.423417
G1 X65.179 Y115.61 E.00392
;WIDTH:0.381505
G1 X65.179 Y92.669 E.52979
G1 X65.526 Y92.669 E.00801
G1 X65.526 Y92.843 E.00402
G1 X65.526 Y115.704 E.52795
;WIDTH:0.423417
G1 X65.505 Y115.954 E.00649
;WIDTH:0.465328
G1 X65.484 Y116.204 E.00719
;WIDTH:0.507239
G1 X65.463 Y116.453 E.00786
G1 X65.024 Y116.474 E.01383
;WIDTH:0.465328
G1 X64.822 Y116.495 E.00582
;WIDTH:0.423417
G1 X64.619 Y116.516 E.00528
;WIDTH:0.381505
G1 X12.585 Y116.516 E1.20166
;WIDTH:0.423417
G1 X12.304 Y116.495 E.00729
;WIDTH:0.465328
G1 X12.023 Y116.474 E.00808
;WIDTH:0.507239
G1 X11.742 Y116.453 E.00886
G1 X11.721 Y116.014 E.01383
;WIDTH:0.465328
G1 X11.7 Y115.812 E.00582
;WIDTH:0.423417
G1 X11.679 Y115.61 E.00526
;WIDTH:0.381505
G1 X11.679 Y107.169 E.19493
G1 X11.966 Y107.169 E.00663
G1 X12.392 Y106.803 F9000
;TYPE:External perimeter
;WIDTH:0.419999
G1 F1800
G1 X12.392 Y115.61 E.22594
G1 X12.449 Y115.746 E.00378
G1 X12.585 Y115.803 E.00378
G1 X64.619 Y115.803 E1.3349
G1 X64.756 Y115.746 E.00381
G1 X64.812 Y115.61 E.00377
G1 X64.812 Y92.303 E.59793
G1 X65.892 Y92.303 E.02771
G1 X65.892 Y116.883 E.63059
G1 X11.312 Y116.883 E1.40022
G1 X11.312 Y106.803 E.2586
G1 X12.332 Y106.803 E.02617
G1 E-3.5 F3600
;WIPE_START
G1 F7200
G1 X12.392 Y106.803 E-.0285
G1 X12.392 Y109.901 E-1.4715
;WIPE_END
G1 X12.026 Y56.016 F9000
G1 E5 F2400
;TYPE:Perimeter
;WIDTH:0.381505
G1 F3600
G1 X11.679 Y56.016 E.00801
G1 X11.679 Y13.575 E.98012
;WIDTH:0.423417
G1 X11.7 Y13.294 E.00729
;WIDTH:0.465328
G1 X11.721 Y13.013 E.00808
;WIDTH:0.507239
G1 X11.742 Y12.732 E.00886
G1 X12.18 Y12.711 E.01379
;WIDTH:0.465328
G1 X12.383 Y12.69 E.00585
;WIDTH:0.423417
G1 X12.585 Y12.669 E.00526
;WIDTH:0.381505
G1 X64.619 Y12.669 E1.20166
;WIDTH:0.423417
G1 X64.901 Y12.69 E.00732
;WIDTH:0.465328
G1 X65.182 Y12.711 E.00808
;WIDTH:0.507239
G1 X65.463 Y12.732 E.00886
G1 X65.463 Y12.968 E.00742
G1 X65.484 Y13.171 E.00642
;WIDTH:0.465328
G1 X65.505 Y13.373 E.00582
;WIDTH:0.423417
G1 X65.526 Y13.575 E.00526
;WIDTH:0.381505
G1 X65.526 Y71.516 E1.33808
G1 X65.179 Y71.516 E.00801
G1 X65.179 Y13.575 E1.33808
;WIDTH:0.423417
G1 X65.139 Y13.429 E.00392
;WIDTH:0.465328
G1 X65.099 Y13.282 E.00437
;WIDTH:0.507239
G1 X65.059 Y13.135 E.00479
G1 X64.913 Y13.096 E.00475
;WIDTH:0.465328
G1 X64.766 Y13.056 E.00437
;WIDTH:0.423417
G1 X64.619 Y13.016 E.00394
;WIDTH:0.381505
G1 X12.585 Y13.016 E1.20166
;WIDTH:0.423417
G1 X12.438 Y13.056 E.00394
;WIDTH:0.465328
G1 X12.292 Y13.096 E.00434
;WIDTH:0.507239
G1 X12.145 Y13.135 E.00478
G1 X12.105 Y13.282 E.00479
;WIDTH:0.465328
G1 X12.066 Y13.429 E.00436
;WIDTH:0.423417
G1 X12.026 Y13.575 E.00392
;WIDTH:0.381505
G1 X12.026 Y55.956 E.97874
G1 X12.392 Y56.383 F9000
;TYPE:External perimeter
;WIDTH:0.419999
G1 F1800
G1 X11.312 Y56.383 E.02771
G1 X11.312 Y12.303 E1.13085
G1 X65.892 Y12.303 E1.40022
G1 X65.892 Y71.883 E1.52849
G1 X64.812 Y71.883 E.02771
G1 X64.812 Y13.575 E1.49586
G1 X64.756 Y13.439 E.00377
G1 X64.619 Y13.383 E.0038
G1 X12.585 Y13.383 E1.3349
G1 X12.449 Y13.439 E.00377
G1 X12.392 Y13.575 E.00378
G1 X12.392 Y56.323 E1.09667
;LAYER_CHANGE
;Z:7.72
;HEIGHT:0.16
;BEFORE_LAYER_CHANGE
G92 E0
;7.72


G1 E-3.5 F3600
;WIPE_START
G1 F7200
G1 X12.392 Y56.383 E-.0285
G1 X11.312 Y56.383 E-.513
G1 X11.312 Y54.365 E-.9585
;WIPE_END
G1 Z7.72 F9000
;AFTER_LAYER_CHANGE
;7.72
G1 X12.026 Y107.169
G1 E5 F2400
;TYPE:Perimeter
;WIDTH:0.381505
G1 F3600
G1 X12.026 Y115.61 E.19493
;WIDTH:0.423417
G1 X12.066 Y115.756 E.00392
;WIDTH:0.465328
G1 X12.105 Y115.903 E.00436
;WIDTH:0.507239
G1 X12.145 Y116.05 E.00479
G1 X12.292 Y116.089 E.00478
;WIDTH:0.465328
G1 X12.438 Y116.129 E.00434
;WIDTH:0.423417
G1 X12.585 Y116.169 E.00394
;WIDTH:0.381505
G1 X64.619 Y116.169 E1.20166
;WIDTH:0.423417
G1 X64.766 Y116.129 E.00394
;WIDTH:0.465328
G1 X64.913 Y116.089 E.00437
;WIDTH:0.507239
G1 X65.059 Y116.05 E.00475
G1 X65.099 Y115.903 E.00479
;WIDTH:0.465328
G1 X65.139 Y115.756 E.00437
;WIDTH:0.423417
G1 X65.179 Y115.61 E.00392
;WIDTH:0.381505
G1 X65.179 Y92.669 E.52979
G1 X65.526 Y92.669 E.00801
G1 X65.526 Y92.843 E.00402
G1 X65.526 Y115.704 E.52795
;WIDTH:0.423417
G1 X65.505 Y115.954 E.00649
;WIDTH:0.465328
G1 X65.484 Y116.204 E.00719
;WIDTH:0.507239
G1 X65.463 Y116.453 E.00786
G1 X65.024 Y116.474 E.01383
;WIDTH:0.465328
G1 X64.822 Y116.495 E.00582
;WIDTH:0.423417
G1 X64.619 Y116.516 E.00528
;WIDTH:0.381505
G1 X12.585 Y116.516 E1.20166
;WIDTH:0.423417
G1 X12.304 Y116.495 E.00729
;WIDTH:0.465328
G1 X12.023 Y116.474 E.00808
;WIDTH:0.507239
G1 X11.742 Y116.453 E.00886
G1 X11.721 Y116.014 E.01383
;WIDTH:0.465328
G1 X11.7 Y115.812 E.00582
;WIDTH:0.423417
G1 X11.679 Y115.61 E.00526
;WIDTH:0.381505
G1 X11.679 Y107.169 E.19493
G1 X11.966 Y107.169 E.00663
G1 X12.392 Y106.803 F9000
;TYPE:External perimeter
;WIDTH:0.419999
G1 F1800
G1 X12.392 Y115.61 E.22594
G1 X12.449 Y115.746 E.00378
G1 X12.585 Y115.803 E.00378
G1 X64.619 Y115.803 E1.3349
G1 X64.756 Y115.746 E.00381
G1 X64.812 Y115.61 E.00377
G1 X64.812 Y92.303 E.59793
G1 X65.892 Y92.303 E.02771
G1 X65.892 Y116.883 E.63059
G1 X11.312 Y116.883 E1.40022
G1 X11.312 Y106.803 E.2586
G1 X12.332 Y106.803 E.02617
G1 E-3.5 F3600
;WIPE_START
G1 F7200
G1 X12.392 Y106.803 E-.0285
G1 X12.392 Y109.901 E-1.4715
;WIPE_END
G1 X12.026 Y56.016 F9000
G1 E5 F2400
;TYPE:Perimeter
;WIDTH:0.381505
G1 F3600
G1 X11.679 Y56.016 E.00801
G1 X11.679 Y13.575 E.98012
;WIDTH:0.423417
G1 X11.7 Y13.294 E.00729
;WIDTH:0.465328
G1 X11.721 Y13.013 E.00808
;WIDTH:0.507239
G1 X11.742 Y12.732 E.00886
G1 X12.18 Y12.711 E.01379
;WIDTH:0.465328
G1 X12.383 Y12.69 E.00585
;WIDTH:0.423417
G1 X12.585 Y12.669 E.00526
;WIDTH:0.381505
G1 X64.619 Y12.669 E1.20166
;WIDTH:0.423417
G1 X64.901 Y12.69 E.00732
;WIDTH:0.465328
G1 X65.182 Y12.711 E.00808
;WIDTH:0.507239
G1 X65.463 Y12.732 E.00886
G1 X65.463 Y12.968 E.00742
G1 X65.484 Y13.171 E.00642
;WIDTH:0.465328
G1 X65.505 Y13.373 E.00582
;WIDTH:0.423417
G1 X65.526 Y13.575 E.00526
;WIDTH:0.381505
G1 X65.526 Y71.516 E1.33808
G1 X65.179 Y71.516 E.00801
G1 X65.179 Y13.575 E1.33808
;WIDTH:0.423417
G1 X65.139 Y13.429 E.00392
;WIDTH:0.465328
G1 X65.099 Y13.282 E.00437
;WIDTH:0.507239
G1 X65.059 Y13.135 E.00479
G1 X64.913 Y13.096 E.00475
;WIDTH:0.465328
G1 X64.766 Y13.056 E.00437
;WIDTH:0.423417
G1 X64.619 Y13.016 E.00394
;WIDTH:0.381505
G1 X12.585 Y13.016 E1.20166
;WIDTH:0.423417
G1 X12.438 Y13.056 E.00394
;WIDTH:0.465328
G1 X12.292 Y13.096 E.00434
;WIDTH:0.507239
G1 X12.145 Y13.135 E.00478
G1 X12.105 Y13.282 E.00479
;WIDTH:0.465328
G1 X12.066 Y13.429 E.00436
;WIDTH:0.423417
G1 X12.026 Y13.575 E.00392
;WIDTH:0.381505
G1 X12.026 Y55.956 E.97874
G1 X12.392 Y56.383 F9000
;TYPE:External perimeter
;WIDTH:0.419999
G1 F1800
G1 X11.312 Y56.383 E.02771
G1 X11.312 Y12.303 E1.13085
G1 X65.892 Y12.303 E1.40022
G1 X65.892 Y71.883 E1.52849
G1 X64.812 Y71.883 E.02771
G1 X64.812 Y13.575 E1.49586
G1 X64.756 Y13.439 E.00377
G1 X64.619 Y13.383 E.0038
G1 X12.585 Y13.383 E1.3349
G1 X12.449 Y13.439 E.00377
G1 X12.392 Y13.575 E.00378
G1 X12.392 Y56.323 E1.09667
;LAYER_CHANGE
;Z:7.88
;HEIGHT:0.16
;BEFORE_LAYER_CHANGE
G92 E0
;7.88


G1 E-3.5 F3600
;WIPE_START
G1 F7200
G1 X12.392 Y56.383 E-.0285
G1 X11.312 Y56.383 E-.513
G1 X11.312 Y54.365 E-.9585
;WIPE_END
G1 Z7.88 F9000
;AFTER_LAYER_CHANGE
;7.88
G1 X12.026 Y107.169
G1 E5 F2400
;TYPE:Perimeter
;WIDTH:0.381505
G1 F3600
G1 X12.026 Y115.61 E.19493
;WIDTH:0.423417
G1 X12.066 Y115.756 E.00392
;WIDTH:0.465328
G1 X12.105 Y115.903 E.00436
;WIDTH:0.507239
G1 X12.145 Y116.05 E.00479
G1 X12.292 Y116.089 E.00478
;WIDTH:0.465328
G1 X12.438 Y116.129 E.00434
;WIDTH:0.423417
G1 X12.585 Y116.169 E.00394
;WIDTH:0.381505
G1 X64.619 Y116.169 E1.20166
;WIDTH:0.423417
G1 X64.766 Y116.129 E.00394
;WIDTH:0.465328
G1 X64.913 Y116.089 E.00437
;WIDTH:0.507239
G1 X65.059 Y116.05 E.00475
G1 X65.099 Y115.903 E.00479
;WIDTH:0.465328
G1 X65.139 Y115.756 E.00437
;WIDTH:0.423417
G1 X65.179 Y115.61 E.00392
;WIDTH:0.381505
G1 X65.179 Y92.669 E.52979
G1 X65.526 Y92.669 E.00801
G1 X65.526 Y92.843 E.00402
G1 X65.526 Y115.704 E.52795
;WIDTH:0.423417
G1 X65.505 Y115.954 E.00649
;WIDTH:0.465328
G1 X65.484 Y116.204 E.00719
;WIDTH:0.507239
G1 X65.463 Y116.453 E.00786
G1 X65.024 Y116.474 E.01383
;WIDTH:0.465328
G1 X64.822 Y116.495 E.00582
;WIDTH:0.423417
G1 X64.619 Y116.516 E.00528
;WIDTH:0.381505
G1 X12.585 Y116.516 E1.20166
;WIDTH:0.423417
G1 X12.304 Y116.495 E.00729
;WIDTH:0.465328
G1 X12.023 Y116.474 E.00808
;WIDTH:0.507239
G1 X11.742 Y116.453 E.00886
G1 X11.721 Y116.014 E.01383
;WIDTH:0.465328
G1 X11.7 Y115.812 E.00582
;WIDTH:0.423417
G1 X11.679 Y115.61 E.00526
;WIDTH:0.381505
G1 X11.679 Y107.169 E.19493
G1 X11.966 Y107.169 E.00663
G1 X12.392 Y106.803 F9000
;TYPE:External perimeter
;WIDTH:0.419999
G1 F1800
G1 X12.392 Y115.61 E.22594
G1 X12.449 Y115.746 E.00378
G1 X12.585 Y115.803 E.00378
G1 X64.619 Y115.803 E1.3349
G1 X64.756 Y115.746 E.00381
G1 X64.812 Y115.61 E.00377
G1 X64.812 Y92.303 E.59793
G1 X65.892 Y92.303 E.02771
G1 X65.892 Y116.883 E.63059
G1 X11.312 Y116.883 E1.40022
G1 X11.312 Y106.803 E.2586
G1 X12.332 Y106.803 E.02617
G1 E-3.5 F3600
;WIPE_START
G1 F7200
G1 X12.392 Y106.803 E-.0285
G1 X12.392 Y109.901 E-1.4715
;WIPE_END
G1 X12.026 Y56.016 F9000
G1 E5 F2400
;TYPE:Perimeter
;WIDTH:0.381505
G1 F3600
G1 X11.679 Y56.016 E.00801
G1 X11.679 Y13.575 E.98012
;WIDTH:0.423417
G1 X11.7 Y13.294 E.00729
;WIDTH:0.465328
G1 X11.721 Y13.013 E.00808
;WIDTH:0.507239
G1 X11.742 Y12.732 E.00886
G1 X12.18 Y12.711 E.01379
;WIDTH:0.465328
G1 X12.383 Y12.69 E.00585
;WIDTH:0.423417
G1 X12.585 Y12.669 E.00526
;WIDTH:0.381505
G1 X64.619 Y12.669 E1.20166
;WIDTH:0.423417
G1 X64.901 Y12.69 E.00732
;WIDTH:0.465328
G1 X65.182 Y12.711 E.00808
;WIDTH:0.507239
G1 X65.463 Y12.732 E.00886
G1 X65.463 Y12.968 E.00742
G1 X65.484 Y13.171 E.00642
;WIDTH:0.465328
G1 X65.505 Y13.373 E.00582
;WIDTH:0.423417
G1 X65.526 Y13.575 E.00526
;WIDTH:0.381505
G1 X65.526 Y71.516 E1.33808
G1 X65.179 Y71.516 E.00801
G1 X65.179 Y13.575 E1.33808
;WIDTH:0.423417
G1 X65.139 Y13.429 E.00392
;WIDTH:0.465328
G1 X65.099 Y13.282 E.00437
;WIDTH:0.507239
G1 X65.059 Y13.135 E.00479
G1 X64.913 Y13.096 E.00475
;WIDTH:0.465328
G1 X64.766 Y13.056 E.00437
;WIDTH:0.423417
G1 X64.619 Y13.016 E.00394
;WIDTH:0.381505
G1 X12.585 Y13.016 E1.20166
;WIDTH:0.423417
G1 X12.438 Y13.056 E.00394
;WIDTH:0.465328
G1 X12.292 Y13.096 E.00434
;WIDTH:0.507239
G1 X12.145 Y13.135 E.00478
G1 X12.105 Y13.282 E.00479
;WIDTH:0.465328
G1 X12.066 Y13.429 E.00436
;WIDTH:0.423417
G1 X12.026 Y13.575 E.00392
;WIDTH:0.381505
G1 X12.026 Y55.956 E.97874
G1 X12.392 Y56.383 F9000
;TYPE:External perimeter
;WIDTH:0.419999
G1 F1800
G1 X11.312 Y56.383 E.02771
G1 X11.312 Y12.303 E1.13085
G1 X65.892 Y12.303 E1.40022
G1 X65.892 Y71.883 E1.52849
G1 X64.812 Y71.883 E.02771
G1 X64.812 Y13.575 E1.49586
G1 X64.756 Y13.439 E.00377
G1 X64.619 Y13.383 E.0038
G1 X12.585 Y13.383 E1.3349
G1 X12.449 Y13.439 E.00377
G1 X12.392 Y13.575 E.00378
G1 X12.392 Y56.323 E1.09667
;LAYER_CHANGE
;Z:8.04
;HEIGHT:0.16
;BEFORE_LAYER_CHANGE
G92 E0
;8.04


G1 E-3.5 F3600
;WIPE_START
G1 F7200
G1 X12.392 Y56.383 E-.0285
G1 X11.312 Y56.383 E-.513
G1 X11.312 Y54.365 E-.9585
;WIPE_END
G1 Z8.04 F9000
;AFTER_LAYER_CHANGE
;8.04
G1 X12.026 Y107.169
G1 E5 F2400
;TYPE:Perimeter
;WIDTH:0.381505
G1 F3600
G1 X12.026 Y115.61 E.19493
;WIDTH:0.423417
G1 X12.066 Y115.756 E.00392
;WIDTH:0.465328
G1 X12.105 Y115.903 E.00436
;WIDTH:0.507239
G1 X12.145 Y116.05 E.00479
G1 X12.292 Y116.089 E.00478
;WIDTH:0.465328
G1 X12.438 Y116.129 E.00434
;WIDTH:0.423417
G1 X12.585 Y116.169 E.00394
;WIDTH:0.381505
G1 X64.619 Y116.169 E1.20166
;WIDTH:0.423417
G1 X64.766 Y116.129 E.00394
;WIDTH:0.465328
G1 X64.913 Y116.089 E.00437
;WIDTH:0.507239
G1 X65.059 Y116.05 E.00475
G1 X65.099 Y115.903 E.00479
;WIDTH:0.465328
G1 X65.139 Y115.756 E.00437
;WIDTH:0.423417
G1 X65.179 Y115.61 E.00392
;WIDTH:0.381505
G1 X65.179 Y92.669 E.52979
G1 X65.526 Y92.669 E.00801
G1 X65.526 Y92.843 E.00402
G1 X65.526 Y115.704 E.52795
;WIDTH:0.423417
G1 X65.505 Y115.954 E.00649
;WIDTH:0.465328
G1 X65.484 Y116.204 E.00719
;WIDTH:0.507239
G1 X65.463 Y116.453 E.00786
G1 X65.024 Y116.474 E.01383
;WIDTH:0.465328
G1 X64.822 Y116.495 E.00582
;WIDTH:0.423417
G1 X64.619 Y116.516 E.00528
;WIDTH:0.381505
G1 X12.585 Y116.516 E1.20166
;WIDTH:0.423417
G1 X12.304 Y116.495 E.00729
;WIDTH:0.465328
G1 X12.023 Y116.474 E.00808
;WIDTH:0.507239
G1 X11.742 Y116.453 E.00886
G1 X11.721 Y116.014 E.01383
;WIDTH:0.465328
G1 X11.7 Y115.812 E.00582
;WIDTH:0.423417
G1 X11.679 Y115.61 E.00526
;WIDTH:0.381505
G1 X11.679 Y107.169 E.19493
G1 X11.966 Y107.169 E.00663
G1 X12.392 Y106.803 F9000
;TYPE:External perimeter
;WIDTH:0.419999
G1 F1800
G1 X12.392 Y115.61 E.22594
G1 X12.449 Y115.746 E.00378
G1 X12.585 Y115.803 E.00378
G1 X64.619 Y115.803 E1.3349
G1 X64.756 Y115.746 E.00381
G1 X64.812 Y115.61 E.00377
G1 X64.812 Y92.303 E.59793
G1 X65.892 Y92.303 E.02771
G1 X65.892 Y116.883 E.63059
G1 X11.312 Y116.883 E1.40022
G1 X11.312 Y106.803 E.2586
G1 X12.332 Y106.803 E.02617
G1 E-3.5 F3600
;WIPE_START
G1 F7200
G1 X12.392 Y106.803 E-.0285
G1 X12.392 Y109.901 E-1.4715
;WIPE_END
G1 X12.026 Y56.016 F9000
G1 E5 F2400
;TYPE:Perimeter
;WIDTH:0.381505
G1 F3600
G1 X11.679 Y56.016 E.00801
G1 X11.679 Y13.575 E.98012
;WIDTH:0.423417
G1 X11.7 Y13.294 E.00729
;WIDTH:0.465328
G1 X11.721 Y13.013 E.00808
;WIDTH:0.507239
G1 X11.742 Y12.732 E.00886
G1 X12.18 Y12.711 E.01379
;WIDTH:0.465328
G1 X12.383 Y12.69 E.00585
;WIDTH:0.423417
G1 X12.585 Y12.669 E.00526
;WIDTH:0.381505
G1 X64.619 Y12.669 E1.20166
;WIDTH:0.423417
G1 X64.901 Y12.69 E.00732
;WIDTH:0.465328
G1 X65.182 Y12.711 E.00808
;WIDTH:0.507239
G1 X65.463 Y12.732 E.00886
G1 X65.463 Y12.968 E.00742
G1 X65.484 Y13.171 E.00642
;WIDTH:0.465328
G1 X65.505 Y13.373 E.00582
;WIDTH:0.423417
G1 X65.526 Y13.575 E.00526
;WIDTH:0.381505
G1 X65.526 Y71.516 E1.33808
G1 X65.179 Y71.516 E.00801
G1 X65.179 Y13.575 E1.33808
;WIDTH:0.423417
G1 X65.139 Y13.429 E.00392
;WIDTH:0.465328
G1 X65.099 Y13.282 E.00437
;WIDTH:0.507239
G1 X65.059 Y13.135 E.00479
G1 X64.913 Y13.096 E.00475
;WIDTH:0.465328
G1 X64.766 Y13.056 E.00437
;WIDTH:0.423417
G1 X64.619 Y13.016 E.00394
;WIDTH:0.381505
G1 X12.585 Y13.016 E1.20166
;WIDTH:0.423417
G1 X12.438 Y13.056 E.00394
;WIDTH:0.465328
G1 X12.292 Y13.096 E.00434
;WIDTH:0.507239
G1 X12.145 Y13.135 E.00478
G1 X12.105 Y13.282 E.00479
;WIDTH:0.465328
G1 X12.066 Y13.429 E.00436
;WIDTH:0.423417
G1 X12.026 Y13.575 E.00392
;WIDTH:0.381505
G1 X12.026 Y55.956 E.97874
G1 X12.392 Y56.383 F9000
;TYPE:External perimeter
;WIDTH:0.419999
G1 F1800
G1 X11.312 Y56.383 E.02771
G1 X11.312 Y12.303 E1.13085
G1 X65.892 Y12.303 E1.40022
G1 X65.892 Y71.883 E1.52849
G1 X64.812 Y71.883 E.02771
G1 X64.812 Y13.575 E1.49586
G1 X64.756 Y13.439 E.00377
G1 X64.619 Y13.383 E.0038
G1 X12.585 Y13.383 E1.3349
G1 X12.449 Y13.439 E.00377
G1 X12.392 Y13.575 E.00378
G1 X12.392 Y56.323 E1.09667
;LAYER_CHANGE
;Z:8.2
;HEIGHT:0.16
;BEFORE_LAYER_CHANGE
G92 E0
;8.2


G1 E-3.5 F3600
;WIPE_START
G1 F7200
G1 X12.392 Y56.383 E-.0285
G1 X11.312 Y56.383 E-.513
G1 X11.312 Y54.365 E-.9585
;WIPE_END
G1 Z8.2 F9000
;AFTER_LAYER_CHANGE
;8.2
G1 X12.026 Y107.169
G1 E5 F2400
;TYPE:Perimeter
;WIDTH:0.381505
G1 F3600
G1 X12.026 Y115.61 E.19493
;WIDTH:0.423417
G1 X12.066 Y115.756 E.00392
;WIDTH:0.465328
G1 X12.105 Y115.903 E.00436
;WIDTH:0.507239
G1 X12.145 Y116.05 E.00479
G1 X12.292 Y116.089 E.00478
;WIDTH:0.465328
G1 X12.438 Y116.129 E.00434
;WIDTH:0.423417
G1 X12.585 Y116.169 E.00394
;WIDTH:0.381505
G1 X64.619 Y116.169 E1.20166
;WIDTH:0.423417
G1 X64.766 Y116.129 E.00394
;WIDTH:0.465328
G1 X64.913 Y116.089 E.00437
;WIDTH:0.507239
G1 X65.059 Y116.05 E.00475
G1 X65.099 Y115.903 E.00479
;WIDTH:0.465328
G1 X65.139 Y115.756 E.00437
;WIDTH:0.423417
G1 X65.179 Y115.61 E.00392
;WIDTH:0.381505
G1 X65.179 Y92.669 E.52979
G1 X65.526 Y92.669 E.00801
G1 X65.526 Y92.843 E.00402
G1 X65.526 Y115.704 E.52795
;WIDTH:0.423417
G1 X65.505 Y115.954 E.00649
;WIDTH:0.465328
G1 X65.484 Y116.204 E.00719
;WIDTH:0.507239
G1 X65.463 Y116.453 E.00786
G1 X65.024 Y116.474 E.01383
;WIDTH:0.465328
G1 X64.822 Y116.495 E.00582
;WIDTH:0.423417
G1 X64.619 Y116.516 E.00528
;WIDTH:0.381505
G1 X12.585 Y116.516 E1.20166
;WIDTH:0.423417
G1 X12.304 Y116.495 E.00729
;WIDTH:0.465328
G1 X12.023 Y116.474 E.00808
;WIDTH:0.507239
G1 X11.742 Y116.453 E.00886
G1 X11.721 Y116.014 E.01383
;WIDTH:0.465328
G1 X11.7 Y115.812 E.00582
;WIDTH:0.423417
G1 X11.679 Y115.61 E.00526
;WIDTH:0.381505
G1 X11.679 Y107.169 E.19493
G1 X11.966 Y107.169 E.00663
G1 X12.392 Y106.803 F9000
;TYPE:External perimeter
;WIDTH:0.419999
G1 F1800
G1 X12.392 Y115.61 E.22594
G1 X12.449 Y115.746 E.00378
G1 X12.585 Y115.803 E.00378
G1 X64.619 Y115.803 E1.3349
G1 X64.756 Y115.746 E.00381
G1 X64.812 Y115.61 E.00377
G1 X64.812 Y92.303 E.59793
G1 X65.892 Y92.303 E.02771
G1 X65.892 Y116.883 E.63059
G1 X11.312 Y116.883 E1.40022
G1 X11.312 Y106.803 E.2586
G1 X12.332 Y106.803 E.02617
G1 E-3.5 F3600
;WIPE_START
G1 F7200
G1 X12.392 Y106.803 E-.0285
G1 X12.392 Y109.901 E-1.4715
;WIPE_END
G1 X12.026 Y56.016 F9000
G1 E5 F2400
;TYPE:Perimeter
;WIDTH:0.381505
G1 F3600
G1 X11.679 Y56.016 E.00801
G1 X11.679 Y13.575 E.98012
;WIDTH:0.423417
G1 X11.7 Y13.294 E.00729
;WIDTH:0.465328
G1 X11.721 Y13.013 E.00808
;WIDTH:0.507239
G1 X11.742 Y12.732 E.00886
G1 X12.18 Y12.711 E.01379
;WIDTH:0.465328
G1 X12.383 Y12.69 E.00585
;WIDTH:0.423417
G1 X12.585 Y12.669 E.00526
;WIDTH:0.381505
G1 X64.619 Y12.669 E1.20166
;WIDTH:0.423417
G1 X64.901 Y12.69 E.00732
;WIDTH:0.465328
G1 X65.182 Y12.711 E.00808
;WIDTH:0.507239
G1 X65.463 Y12.732 E.00886
G1 X65.463 Y12.968 E.00742
G1 X65.484 Y13.171 E.00642
;WIDTH:0.465328
G1 X65.505 Y13.373 E.00582
;WIDTH:0.423417
G1 X65.526 Y13.575 E.00526
;WIDTH:0.381505
G1 X65.526 Y71.516 E1.33808
G1 X65.179 Y71.516 E.00801
G1 X65.179 Y13.575 E1.33808
;WIDTH:0.423417
G1 X65.139 Y13.429 E.00392
;WIDTH:0.465328
G1 X65.099 Y13.282 E.00437
;WIDTH:0.507239
G1 X65.059 Y13.135 E.00479
G1 X64.913 Y13.096 E.00475
;WIDTH:0.465328
G1 X64.766 Y13.056 E.00437
;WIDTH:0.423417
G1 X64.619 Y13.016 E.00394
;WIDTH:0.381505
G1 X12.585 Y13.016 E1.20166
;WIDTH:0.423417
G1 X12.438 Y13.056 E.00394
;WIDTH:0.465328
G1 X12.292 Y13.096 E.00434
;WIDTH:0.507239
G1 X12.145 Y13.135 E.00478
G1 X12.105 Y13.282 E.00479
;WIDTH:0.465328
G1 X12.066 Y13.429 E.00436
;WIDTH:0.423417
G1 X12.026 Y13.575 E.00392
;WIDTH:0.381505
G1 X12.026 Y55.956 E.97874
G1 X12.392 Y56.383 F9000
;TYPE:External perimeter
;WIDTH:0.419999
G1 F1800
G1 X11.312 Y56.383 E.02771
G1 X11.312 Y12.303 E1.13085
G1 X65.892 Y12.303 E1.40022
G1 X65.892 Y71.883 E1.52849
G1 X64.812 Y71.883 E.02771
G1 X64.812 Y13.575 E1.49586
G1 X64.756 Y13.439 E.00377
G1 X64.619 Y13.383 E.0038
G1 X12.585 Y13.383 E1.3349
G1 X12.449 Y13.439 E.00377
G1 X12.392 Y13.575 E.00378
G1 X12.392 Y56.323 E1.09667
;LAYER_CHANGE
;Z:8.36
;HEIGHT:0.16
;BEFORE_LAYER_CHANGE
G92 E0
;8.36


G1 E-3.5 F3600
;WIPE_START
G1 F7200
G1 X12.392 Y56.383 E-.0285
G1 X11.312 Y56.383 E-.513
G1 X11.312 Y54.365 E-.9585
;WIPE_END
G1 Z8.36 F9000
;AFTER_LAYER_CHANGE
;8.36
G1 X12.026 Y107.169
G1 E5 F2400
;TYPE:Perimeter
;WIDTH:0.381505
G1 F3600
G1 X12.026 Y115.61 E.19493
;WIDTH:0.423417
G1 X12.066 Y115.756 E.00392
;WIDTH:0.465328
G1 X12.105 Y115.903 E.00436
;WIDTH:0.507239
G1 X12.145 Y116.05 E.00479
G1 X12.292 Y116.089 E.00478
;WIDTH:0.465328
G1 X12.438 Y116.129 E.00434
;WIDTH:0.423417
G1 X12.585 Y116.169 E.00394
;WIDTH:0.381505
G1 X64.619 Y116.169 E1.20166
;WIDTH:0.423417
G1 X64.766 Y116.129 E.00394
;WIDTH:0.465328
G1 X64.913 Y116.089 E.00437
;WIDTH:0.507239
G1 X65.059 Y116.05 E.00475
G1 X65.099 Y115.903 E.00479
;WIDTH:0.465328
G1 X65.139 Y115.756 E.00437
;WIDTH:0.423417
G1 X65.179 Y115.61 E.00392
;WIDTH:0.381505
G1 X65.179 Y92.669 E.52979
G1 X65.526 Y92.669 E.00801
G1 X65.526 Y92.843 E.00402
G1 X65.526 Y115.704 E.52795
;WIDTH:0.423417
G1 X65.505 Y115.954 E.00649
;WIDTH:0.465328
G1 X65.484 Y116.204 E.00719
;WIDTH:0.507239
G1 X65.463 Y116.453 E.00786
G1 X65.024 Y116.474 E.01383
;WIDTH:0.465328
G1 X64.822 Y116.495 E.00582
;WIDTH:0.423417
G1 X64.619 Y116.516 E.00528
;WIDTH:0.381505
G1 X12.585 Y116.516 E1.20166
;WIDTH:0.423417
G1 X12.304 Y116.495 E.00729
;WIDTH:0.465328
G1 X12.023 Y116.474 E.00808
;WIDTH:0.507239
G1 X11.742 Y116.453 E.00886
G1 X11.721 Y116.014 E.01383
;WIDTH:0.465328
G1 X11.7 Y115.812 E.00582
;WIDTH:0.423417
G1 X11.679 Y115.61 E.00526
;WIDTH:0.381505
G1 X11.679 Y107.169 E.19493
G1 X11.966 Y107.169 E.00663
G1 X12.392 Y106.803 F9000
;TYPE:External perimeter
;WIDTH:0.419999
G1 F1800
G1 X12.392 Y115.61 E.22594
G1 X12.449 Y115.746 E.00378
G1 X12.585 Y115.803 E.00378
G1 X64.619 Y115.803 E1.3349
G1 X64.756 Y115.746 E.00381
G1 X64.812 Y115.61 E.00377
G1 X64.812 Y92.303 E.59793
G1 X65.892 Y92.303 E.02771
G1 X65.892 Y116.883 E.63059
G1 X11.312 Y116.883 E1.40022
G1 X11.312 Y106.803 E.2586
G1 X12.332 Y106.803 E.02617
G1 E-3.5 F3600
;WIPE_START
G1 F7200
G1 X12.392 Y106.803 E-.0285
G1 X12.392 Y109.901 E-1.4715
;WIPE_END
G1 X12.026 Y56.016 F9000
G1 E5 F2400
;TYPE:Perimeter
;WIDTH:0.381505
G1 F3600
G1 X11.679 Y56.016 E.00801
G1 X11.679 Y13.575 E.98012
;WIDTH:0.423417
G1 X11.7 Y13.294 E.00729
;WIDTH:0.465328
G1 X11.721 Y13.013 E.00808
;WIDTH:0.507239
G1 X11.742 Y12.732 E.00886
G1 X12.18 Y12.711 E.01379
;WIDTH:0.465328
G1 X12.383 Y12.69 E.00585
;WIDTH:0.423417
G1 X12.585 Y12.669 E.00526
;WIDTH:0.381505
G1 X64.619 Y12.669 E1.20166
;WIDTH:0.423417
G1 X64.901 Y12.69 E.00732
;WIDTH:0.465328
G1 X65.182 Y12.711 E.00808
;WIDTH:0.507239
G1 X65.463 Y12.732 E.00886
G1 X65.463 Y12.968 E.00742
G1 X65.484 Y13.171 E.00642
;WIDTH:0.465328
G1 X65.505 Y13.373 E.00582
;WIDTH:0.423417
G1 X65.526 Y13.575 E.00526
;WIDTH:0.381505
G1 X65.526 Y71.516 E1.33808
G1 X65.179 Y71.516 E.00801
G1 X65.179 Y13.575 E1.33808
;WIDTH:0.423417
G1 X65.139 Y13.429 E.00392
;WIDTH:0.465328
G1 X65.099 Y13.282 E.00437
;WIDTH:0.507239
G1 X65.059 Y13.135 E.00479
G1 X64.913 Y13.096 E.00475
;WIDTH:0.465328
G1 X64.766 Y13.056 E.00437
;WIDTH:0.423417
G1 X64.619 Y13.016 E.00394
;WIDTH:0.381505
G1 X12.585 Y13.016 E1.20166
;WIDTH:0.423417
G1 X12.438 Y13.056 E.00394
;WIDTH:0.465328
G1 X12.292 Y13.096 E.00434
;WIDTH:0.507239
G1 X12.145 Y13.135 E.00478
G1 X12.105 Y13.282 E.00479
;WIDTH:0.465328
G1 X12.066 Y13.429 E.00436
;WIDTH:0.423417
G1 X12.026 Y13.575 E.00392
;WIDTH:0.381505
G1 X12.026 Y55.956 E.97874
G1 X12.392 Y56.383 F9000
;TYPE:External perimeter
;WIDTH:0.419999
G1 F1800
G1 X11.312 Y56.383 E.02771
G1 X11.312 Y12.303 E1.13085
G1 X65.892 Y12.303 E1.40022
G1 X65.892 Y71.883 E1.52849
G1 X64.812 Y71.883 E.02771
G1 X64.812 Y13.575 E1.49586
G1 X64.756 Y13.439 E.00377
G1 X64.619 Y13.383 E.0038
G1 X12.585 Y13.383 E1.3349
G1 X12.449 Y13.439 E.00377
G1 X12.392 Y13.575 E.00378
G1 X12.392 Y56.323 E1.09667
;LAYER_CHANGE
;Z:8.52
;HEIGHT:0.160001
;BEFORE_LAYER_CHANGE
G92 E0
;8.52


G1 E-3.5 F3600
;WIPE_START
G1 F7200
G1 X12.392 Y56.383 E-.0285
G1 X11.312 Y56.383 E-.513
G1 X11.312 Y54.365 E-.9585
;WIPE_END
G1 Z8.52 F9000
;AFTER_LAYER_CHANGE
;8.52
G1 X12.026 Y107.169
G1 E5 F2400
;TYPE:Perimeter
;WIDTH:0.381505
G1 F3600
G1 X12.026 Y115.61 E.19493
;WIDTH:0.423417
G1 X12.066 Y115.756 E.00392
;WIDTH:0.465328
G1 X12.105 Y115.903 E.00436
;WIDTH:0.507239
G1 X12.145 Y116.05 E.00479
G1 X12.292 Y116.089 E.00478
;WIDTH:0.465328
G1 X12.438 Y116.129 E.00434
;WIDTH:0.423417
G1 X12.585 Y116.169 E.00394
;WIDTH:0.381505
G1 X64.619 Y116.169 E1.20166
;WIDTH:0.423417
G1 X64.766 Y116.129 E.00394
;WIDTH:0.465328
G1 X64.913 Y116.089 E.00437
;WIDTH:0.507239
G1 X65.059 Y116.05 E.00475
G1 X65.099 Y115.903 E.00479
;WIDTH:0.465328
G1 X65.139 Y115.756 E.00437
;WIDTH:0.423417
G1 X65.179 Y115.61 E.00392
;WIDTH:0.381505
G1 X65.179 Y92.669 E.52979
G1 X65.526 Y92.669 E.00801
G1 X65.526 Y92.843 E.00402
G1 X65.526 Y115.704 E.52795
;WIDTH:0.423417
G1 X65.505 Y115.954 E.00649
;WIDTH:0.465328
G1 X65.484 Y116.204 E.00719
;WIDTH:0.507239
G1 X65.463 Y116.453 E.00786
G1 X65.024 Y116.474 E.01383
;WIDTH:0.465328
G1 X64.822 Y116.495 E.00582
;WIDTH:0.423417
G1 X64.619 Y116.516 E.00528
;WIDTH:0.381505
G1 X12.585 Y116.516 E1.20166
;WIDTH:0.423417
G1 X12.304 Y116.495 E.00729
;WIDTH:0.465328
G1 X12.023 Y116.474 E.00808
;WIDTH:0.507239
G1 X11.742 Y116.453 E.00886
G1 X11.721 Y116.014 E.01383
;WIDTH:0.465328
G1 X11.7 Y115.812 E.00582
;WIDTH:0.423417
G1 X11.679 Y115.61 E.00526
;WIDTH:0.381505
G1 X11.679 Y107.169 E.19493
G1 X11.966 Y107.169 E.00663
G1 X12.392 Y106.803 F9000
;TYPE:External perimeter
;WIDTH:0.419999
G1 F1800
G1 X12.392 Y115.61 E.22594
G1 X12.449 Y115.746 E.00378
G1 X12.585 Y115.803 E.00378
G1 X64.619 Y115.803 E1.3349
G1 X64.756 Y115.746 E.00381
G1 X64.812 Y115.61 E.00377
G1 X64.812 Y92.303 E.59793
G1 X65.892 Y92.303 E.02771
G1 X65.892 Y116.883 E.63059
G1 X11.312 Y116.883 E1.40022
G1 X11.312 Y106.803 E.2586
G1 X12.332 Y106.803 E.02617
G1 E-3.5 F3600
;WIPE_START
G1 F7200
G1 X12.392 Y106.803 E-.0285
G1 X12.392 Y109.901 E-1.4715
;WIPE_END
G1 X12.026 Y56.016 F9000
G1 E5 F2400
;TYPE:Perimeter
;WIDTH:0.381505
G1 F3600
G1 X11.679 Y56.016 E.00801
G1 X11.679 Y13.575 E.98012
;WIDTH:0.423417
G1 X11.7 Y13.294 E.00729
;WIDTH:0.465328
G1 X11.721 Y13.013 E.00808
;WIDTH:0.507239
G1 X11.742 Y12.732 E.00886
G1 X12.18 Y12.711 E.01379
;WIDTH:0.465328
G1 X12.383 Y12.69 E.00585
;WIDTH:0.423417
G1 X12.585 Y12.669 E.00526
;WIDTH:0.381505
G1 X64.619 Y12.669 E1.20166
;WIDTH:0.423417
G1 X64.901 Y12.69 E.00732
;WIDTH:0.465328
G1 X65.182 Y12.711 E.00808
;WIDTH:0.507239
G1 X65.463 Y12.732 E.00886
G1 X65.463 Y12.968 E.00742
G1 X65.484 Y13.171 E.00642
;WIDTH:0.465328
G1 X65.505 Y13.373 E.00582
;WIDTH:0.423417
G1 X65.526 Y13.575 E.00526
;WIDTH:0.381505
G1 X65.526 Y71.516 E1.33808
G1 X65.179 Y71.516 E.00801
G1 X65.179 Y13.575 E1.33808
;WIDTH:0.423417
G1 X65.139 Y13.429 E.00392
;WIDTH:0.465328
G1 X65.099 Y13.282 E.00437
;WIDTH:0.507239
G1 X65.059 Y13.135 E.00479
G1 X64.913 Y13.096 E.00475
;WIDTH:0.465328
G1 X64.766 Y13.056 E.00437
;WIDTH:0.423417
G1 X64.619 Y13.016 E.00394
;WIDTH:0.381505
G1 X12.585 Y13.016 E1.20166
;WIDTH:0.423417
G1 X12.438 Y13.056 E.00394
;WIDTH:0.465328
G1 X12.292 Y13.096 E.00434
;WIDTH:0.507239
G1 X12.145 Y13.135 E.00478
G1 X12.105 Y13.282 E.00479
;WIDTH:0.465328
G1 X12.066 Y13.429 E.00436
;WIDTH:0.423417
G1 X12.026 Y13.575 E.00392
;WIDTH:0.381505
G1 X12.026 Y55.956 E.97874
G1 X12.392 Y56.383 F9000
;TYPE:External perimeter
;WIDTH:0.419999
G1 F1800
G1 X11.312 Y56.383 E.02771
G1 X11.312 Y12.303 E1.13085
G1 X65.892 Y12.303 E1.40022
G1 X65.892 Y71.883 E1.52849
G1 X64.812 Y71.883 E.02771
G1 X64.812 Y13.575 E1.49586
G1 X64.756 Y13.439 E.00377
G1 X64.619 Y13.383 E.0038
G1 X12.585 Y13.383 E1.3349
G1 X12.449 Y13.439 E.00377
G1 X12.392 Y13.575 E.00378
G1 X12.392 Y56.323 E1.09667
;LAYER_CHANGE
;Z:8.68
;HEIGHT:0.16
;BEFORE_LAYER_CHANGE
G92 E0
;8.68


G1 E-3.5 F3600
;WIPE_START
G1 F7200
G1 X12.392 Y56.383 E-.0285
G1 X11.312 Y56.383 E-.513
G1 X11.312 Y54.365 E-.9585
;WIPE_END
G1 Z8.68 F9000
;AFTER_LAYER_CHANGE
;8.68
G1 X12.026 Y107.169
G1 E5 F2400
;TYPE:Perimeter
;WIDTH:0.381505
G1 F3600
G1 X12.026 Y115.61 E.19493
;WIDTH:0.423417
G1 X12.066 Y115.756 E.00392
;WIDTH:0.465328
G1 X12.105 Y115.903 E.00436
;WIDTH:0.507239
G1 X12.145 Y116.05 E.00479
G1 X12.292 Y116.089 E.00478
;WIDTH:0.465328
G1 X12.438 Y116.129 E.00434
;WIDTH:0.423417
G1 X12.585 Y116.169 E.00394
;WIDTH:0.381505
G1 X64.619 Y116.169 E1.20166
;WIDTH:0.423417
G1 X64.766 Y116.129 E.00394
;WIDTH:0.465328
G1 X64.913 Y116.089 E.00437
;WIDTH:0.507239
G1 X65.059 Y116.05 E.00475
G1 X65.099 Y115.903 E.00479
;WIDTH:0.465328
G1 X65.139 Y115.756 E.00437
;WIDTH:0.423417
G1 X65.179 Y115.61 E.00392
;WIDTH:0.381505
G1 X65.179 Y92.669 E.52979
G1 X65.526 Y92.669 E.00801
G1 X65.526 Y92.843 E.00402
G1 X65.526 Y115.704 E.52795
;WIDTH:0.423417
G1 X65.505 Y115.954 E.00649
;WIDTH:0.465328
G1 X65.484 Y116.204 E.00719
;WIDTH:0.507239
G1 X65.463 Y116.453 E.00786
G1 X65.024 Y116.474 E.01383
;WIDTH:0.465328
G1 X64.822 Y116.495 E.00582
;WIDTH:0.423417
G1 X64.619 Y116.516 E.00528
;WIDTH:0.381505
G1 X12.585 Y116.516 E1.20166
;WIDTH:0.423417
G1 X12.304 Y116.495 E.00729
;WIDTH:0.465328
G1 X12.023 Y116.474 E.00808
;WIDTH:0.507239
G1 X11.742 Y116.453 E.00886
G1 X11.721 Y116.014 E.01383
;WIDTH:0.465328
G1 X11.7 Y115.812 E.00582
;WIDTH:0.423417
G1 X11.679 Y115.61 E.00526
;WIDTH:0.381505
G1 X11.679 Y107.169 E.19493
G1 X11.966 Y107.169 E.00663
G1 X12.392 Y106.803 F9000
;TYPE:External perimeter
;WIDTH:0.419999
G1 F1800
G1 X12.392 Y115.61 E.22594
G1 X12.449 Y115.746 E.00378
G1 X12.585 Y115.803 E.00378
G1 X64.619 Y115.803 E1.3349
G1 X64.756 Y115.746 E.00381
G1 X64.812 Y115.61 E.00377
G1 X64.812 Y92.303 E.59793
G1 X65.892 Y92.303 E.02771
G1 X65.892 Y116.883 E.63059
G1 X11.312 Y116.883 E1.40022
G1 X11.312 Y106.803 E.2586
G1 X12.332 Y106.803 E.02617
G1 E-3.5 F3600
;WIPE_START
G1 F7200
G1 X12.392 Y106.803 E-.0285
G1 X12.392 Y109.901 E-1.4715
;WIPE_END
G1 X12.026 Y56.016 F9000
G1 E5 F2400
;TYPE:Perimeter
;WIDTH:0.381505
G1 F3600
G1 X11.679 Y56.016 E.00801
G1 X11.679 Y13.575 E.98012
;WIDTH:0.423417
G1 X11.7 Y13.294 E.00729
;WIDTH:0.465328
G1 X11.721 Y13.013 E.00808
;WIDTH:0.507239
G1 X11.742 Y12.732 E.00886
G1 X12.18 Y12.711 E.01379
;WIDTH:0.465328
G1 X12.383 Y12.69 E.00585
;WIDTH:0.423417
G1 X12.585 Y12.669 E.00526
;WIDTH:0.381505
G1 X64.619 Y12.669 E1.20166
;WIDTH:0.423417
G1 X64.901 Y12.69 E.00732
;WIDTH:0.465328
G1 X65.182 Y12.711 E.00808
;WIDTH:0.507239
G1 X65.463 Y12.732 E.00886
G1 X65.463 Y12.968 E.00742
G1 X65.484 Y13.171 E.00642
;WIDTH:0.465328
G1 X65.505 Y13.373 E.00582
;WIDTH:0.423417
G1 X65.526 Y13.575 E.00526
;WIDTH:0.381505
G1 X65.526 Y71.516 E1.33808
G1 X65.179 Y71.516 E.00801
G1 X65.179 Y13.575 E1.33808
;WIDTH:0.423417
G1 X65.139 Y13.429 E.00392
;WIDTH:0.465328
G1 X65.099 Y13.282 E.00437
;WIDTH:0.507239
G1 X65.059 Y13.135 E.00479
G1 X64.913 Y13.096 E.00475
;WIDTH:0.465328
G1 X64.766 Y13.056 E.00437
;WIDTH:0.423417
G1 X64.619 Y13.016 E.00394
;WIDTH:0.381505
G1 X12.585 Y13.016 E1.20166
;WIDTH:0.423417
G1 X12.438 Y13.056 E.00394
;WIDTH:0.465328
G1 X12.292 Y13.096 E.00434
;WIDTH:0.507239
G1 X12.145 Y13.135 E.00478
G1 X12.105 Y13.282 E.00479
;WIDTH:0.465328
G1 X12.066 Y13.429 E.00436
;WIDTH:0.423417
G1 X12.026 Y13.575 E.00392
;WIDTH:0.381505
G1 X12.026 Y55.956 E.97874
G1 X12.392 Y56.383 F9000
;TYPE:External perimeter
;WIDTH:0.419999
G1 F1800
G1 X11.312 Y56.383 E.02771
G1 X11.312 Y12.303 E1.13085
G1 X65.892 Y12.303 E1.40022
G1 X65.892 Y71.883 E1.52849
G1 X64.812 Y71.883 E.02771
G1 X64.812 Y13.575 E1.49586
G1 X64.756 Y13.439 E.00377
G1 X64.619 Y13.383 E.0038
G1 X12.585 Y13.383 E1.3349
G1 X12.449 Y13.439 E.00377
G1 X12.392 Y13.575 E.00378
G1 X12.392 Y56.323 E1.09667
;LAYER_CHANGE
;Z:8.84
;HEIGHT:0.16
;BEFORE_LAYER_CHANGE
G92 E0
;8.84


G1 E-3.5 F3600
;WIPE_START
G1 F7200
G1 X12.392 Y56.383 E-.0285
G1 X11.312 Y56.383 E-.513
G1 X11.312 Y54.365 E-.9585
;WIPE_END
G1 Z8.84 F9000
;AFTER_LAYER_CHANGE
;8.84
G1 X12.026 Y107.169
G1 E5 F2400
;TYPE:Perimeter
;WIDTH:0.381505
G1 F3600
G1 X12.026 Y115.61 E.19493
;WIDTH:0.423417
G1 X12.066 Y115.756 E.00392
;WIDTH:0.465328
G1 X12.105 Y115.903 E.00436
;WIDTH:0.507239
G1 X12.145 Y116.05 E.00479
G1 X12.292 Y116.089 E.00478
;WIDTH:0.465328
G1 X12.438 Y116.129 E.00434
;WIDTH:0.423417
G1 X12.585 Y116.169 E.00394
;WIDTH:0.381505
G1 X64.619 Y116.169 E1.20166
;WIDTH:0.423417
G1 X64.766 Y116.129 E.00394
;WIDTH:0.465328
G1 X64.913 Y116.089 E.00437
;WIDTH:0.507239
G1 X65.059 Y116.05 E.00475
G1 X65.099 Y115.903 E.00479
;WIDTH:0.465328
G1 X65.139 Y115.756 E.00437
;WIDTH:0.423417
G1 X65.179 Y115.61 E.00392
;WIDTH:0.381505
G1 X65.179 Y92.669 E.52979
G1 X65.526 Y92.669 E.00801
G1 X65.526 Y92.843 E.00402
G1 X65.526 Y115.704 E.52795
;WIDTH:0.423417
G1 X65.505 Y115.954 E.00649
;WIDTH:0.465328
G1 X65.484 Y116.204 E.00719
;WIDTH:0.507239
G1 X65.463 Y116.453 E.00786
G1 X65.024 Y116.474 E.01383
;WIDTH:0.465328
G1 X64.822 Y116.495 E.00582
;WIDTH:0.423417
G1 X64.619 Y116.516 E.00528
;WIDTH:0.381505
G1 X12.585 Y116.516 E1.20166
;WIDTH:0.423417
G1 X12.304 Y116.495 E.00729
;WIDTH:0.465328
G1 X12.023 Y116.474 E.00808
;WIDTH:0.507239
G1 X11.742 Y116.453 E.00886
G1 X11.721 Y116.014 E.01383
;WIDTH:0.465328
G1 X11.7 Y115.812 E.00582
;WIDTH:0.423417
G1 X11.679 Y115.61 E.00526
;WIDTH:0.381505
G1 X11.679 Y107.169 E.19493
G1 X11.966 Y107.169 E.00663
G1 X12.392 Y106.803 F9000
;TYPE:External perimeter
;WIDTH:0.419999
G1 F1800
G1 X12.392 Y115.61 E.22594
G1 X12.449 Y115.746 E.00378
G1 X12.585 Y115.803 E.00378
G1 X64.619 Y115.803 E1.3349
G1 X64.756 Y115.746 E.00381
G1 X64.812 Y115.61 E.00377
G1 X64.812 Y92.303 E.59793
G1 X65.892 Y92.303 E.02771
G1 X65.892 Y116.883 E.63059
G1 X11.312 Y116.883 E1.40022
G1 X11.312 Y106.803 E.2586
G1 X12.332 Y106.803 E.02617
G1 E-3.5 F3600
;WIPE_START
G1 F7200
G1 X12.392 Y106.803 E-.0285
G1 X12.392 Y109.901 E-1.4715
;WIPE_END
G1 X12.026 Y56.016 F9000
G1 E5 F2400
;TYPE:Perimeter
;WIDTH:0.381505
G1 F3600
G1 X11.679 Y56.016 E.00801
G1 X11.679 Y13.575 E.98012
;WIDTH:0.423417
G1 X11.7 Y13.294 E.00729
;WIDTH:0.465328
G1 X11.721 Y13.013 E.00808
;WIDTH:0.507239
G1 X11.742 Y12.732 E.00886
G1 X12.18 Y12.711 E.01379
;WIDTH:0.465328
G1 X12.383 Y12.69 E.00585
;WIDTH:0.423417
G1 X12.585 Y12.669 E.00526
;WIDTH:0.381505
G1 X64.619 Y12.669 E1.20166
;WIDTH:0.423417
G1 X64.901 Y12.69 E.00732
;WIDTH:0.465328
G1 X65.182 Y12.711 E.00808
;WIDTH:0.507239
G1 X65.463 Y12.732 E.00886
G1 X65.463 Y12.968 E.00742
G1 X65.484 Y13.171 E.00642
;WIDTH:0.465328
G1 X65.505 Y13.373 E.00582
;WIDTH:0.423417
G1 X65.526 Y13.575 E.00526
;WIDTH:0.381505
G1 X65.526 Y71.516 E1.33808
G1 X65.179 Y71.516 E.00801
G1 X65.179 Y13.575 E1.33808
;WIDTH:0.423417
G1 X65.139 Y13.429 E.00392
;WIDTH:0.465328
G1 X65.099 Y13.282 E.00437
;WIDTH:0.507239
G1 X65.059 Y13.135 E.00479
G1 X64.913 Y13.096 E.00475
;WIDTH:0.465328
G1 X64.766 Y13.056 E.00437
;WIDTH:0.423417
G1 X64.619 Y13.016 E.00394
;WIDTH:0.381505
G1 X12.585 Y13.016 E1.20166
;WIDTH:0.423417
G1 X12.438 Y13.056 E.00394
;WIDTH:0.465328
G1 X12.292 Y13.096 E.00434
;WIDTH:0.507239
G1 X12.145 Y13.135 E.00478
G1 X12.105 Y13.282 E.00479
;WIDTH:0.465328
G1 X12.066 Y13.429 E.00436
;WIDTH:0.423417
G1 X12.026 Y13.575 E.00392
;WIDTH:0.381505
G1 X12.026 Y55.956 E.97874
G1 X12.392 Y56.383 F9000
;TYPE:External perimeter
;WIDTH:0.419999
G1 F1800
G1 X11.312 Y56.383 E.02771
G1 X11.312 Y12.303 E1.13085
G1 X65.892 Y12.303 E1.40022
G1 X65.892 Y71.883 E1.52849
G1 X64.812 Y71.883 E.02771
G1 X64.812 Y13.575 E1.49586
G1 X64.756 Y13.439 E.00377
G1 X64.619 Y13.383 E.0038
G1 X12.585 Y13.383 E1.3349
G1 X12.449 Y13.439 E.00377
G1 X12.392 Y13.575 E.00378
G1 X12.392 Y56.323 E1.09667
;LAYER_CHANGE
;Z:9
;HEIGHT:0.16
;BEFORE_LAYER_CHANGE
G92 E0
;9


G1 E-3.5 F3600
;WIPE_START
G1 F7200
G1 X12.392 Y56.383 E-.0285
G1 X11.312 Y56.383 E-.513
G1 X11.312 Y54.365 E-.9585
;WIPE_END
G1 Z9 F9000
;AFTER_LAYER_CHANGE
;9
G1 X12.026 Y107.169
G1 E5 F2400
;TYPE:Perimeter
;WIDTH:0.381505
G1 F3600
G1 X12.026 Y115.61 E.19493
;WIDTH:0.423417
G1 X12.066 Y115.756 E.00392
;WIDTH:0.465328
G1 X12.105 Y115.903 E.00436
;WIDTH:0.507239
G1 X12.145 Y116.05 E.00479
G1 X12.292 Y116.089 E.00478
;WIDTH:0.465328
G1 X12.438 Y116.129 E.00434
;WIDTH:0.423417
G1 X12.585 Y116.169 E.00394
;WIDTH:0.381505
G1 X64.619 Y116.169 E1.20166
;WIDTH:0.423417
G1 X64.766 Y116.129 E.00394
;WIDTH:0.465328
G1 X64.913 Y116.089 E.00437
;WIDTH:0.507239
G1 X65.059 Y116.05 E.00475
G1 X65.099 Y115.903 E.00479
;WIDTH:0.465328
G1 X65.139 Y115.756 E.00437
;WIDTH:0.423417
G1 X65.179 Y115.61 E.00392
;WIDTH:0.381505
G1 X65.179 Y92.669 E.52979
G1 X65.526 Y92.669 E.00801
G1 X65.526 Y92.843 E.00402
G1 X65.526 Y115.704 E.52795
;WIDTH:0.423417
G1 X65.505 Y115.954 E.00649
;WIDTH:0.465328
G1 X65.484 Y116.204 E.00719
;WIDTH:0.507239
G1 X65.463 Y116.453 E.00786
G1 X65.024 Y116.474 E.01383
;WIDTH:0.465328
G1 X64.822 Y116.495 E.00582
;WIDTH:0.423417
G1 X64.619 Y116.516 E.00528
;WIDTH:0.381505
G1 X12.585 Y116.516 E1.20166
;WIDTH:0.423417
G1 X12.304 Y116.495 E.00729
;WIDTH:0.465328
G1 X12.023 Y116.474 E.00808
;WIDTH:0.507239
G1 X11.742 Y116.453 E.00886
G1 X11.721 Y116.014 E.01383
;WIDTH:0.465328
G1 X11.7 Y115.812 E.00582
;WIDTH:0.423417
G1 X11.679 Y115.61 E.00526
;WIDTH:0.381505
G1 X11.679 Y107.169 E.19493
G1 X11.966 Y107.169 E.00663
G1 X12.392 Y106.803 F9000
;TYPE:External perimeter
;WIDTH:0.419999
G1 F1800
G1 X12.392 Y115.61 E.22594
G1 X12.449 Y115.746 E.00378
G1 X12.585 Y115.803 E.00378
G1 X64.619 Y115.803 E1.3349
G1 X64.756 Y115.746 E.00381
G1 X64.812 Y115.61 E.00377
G1 X64.812 Y92.303 E.59793
G1 X65.892 Y92.303 E.02771
G1 X65.892 Y116.883 E.63059
G1 X11.312 Y116.883 E1.40022
G1 X11.312 Y106.803 E.2586
G1 X12.332 Y106.803 E.02617
G1 E-3.5 F3600
;WIPE_START
G1 F7200
G1 X12.392 Y106.803 E-.0285
G1 X12.392 Y109.901 E-1.4715
;WIPE_END
G1 X12.026 Y56.016 F9000
G1 E5 F2400
;TYPE:Perimeter
;WIDTH:0.381505
G1 F3600
G1 X11.679 Y56.016 E.00801
G1 X11.679 Y13.575 E.98012
;WIDTH:0.423417
G1 X11.7 Y13.294 E.00729
;WIDTH:0.465328
G1 X11.721 Y13.013 E.00808
;WIDTH:0.507239
G1 X11.742 Y12.732 E.00886
G1 X12.18 Y12.711 E.01379
;WIDTH:0.465328
G1 X12.383 Y12.69 E.00585
;WIDTH:0.423417
G1 X12.585 Y12.669 E.00526
;WIDTH:0.381505
G1 X64.619 Y12.669 E1.20166
;WIDTH:0.423417
G1 X64.901 Y12.69 E.00732
;WIDTH:0.465328
G1 X65.182 Y12.711 E.00808
;WIDTH:0.507239
G1 X65.463 Y12.732 E.00886
G1 X65.463 Y12.968 E.00742
G1 X65.484 Y13.171 E.00642
;WIDTH:0.465328
G1 X65.505 Y13.373 E.00582
;WIDTH:0.423417
G1 X65.526 Y13.575 E.00526
;WIDTH:0.381505
G1 X65.526 Y71.516 E1.33808
G1 X65.179 Y71.516 E.00801
G1 X65.179 Y13.575 E1.33808
;WIDTH:0.423417
G1 X65.139 Y13.429 E.00392
;WIDTH:0.465328
G1 X65.099 Y13.282 E.00437
;WIDTH:0.507239
G1 X65.059 Y13.135 E.00479
G1 X64.913 Y13.096 E.00475
;WIDTH:0.465328
G1 X64.766 Y13.056 E.00437
;WIDTH:0.423417
G1 X64.619 Y13.016 E.00394
;WIDTH:0.381505
G1 X12.585 Y13.016 E1.20166
;WIDTH:0.423417
G1 X12.438 Y13.056 E.00394
;WIDTH:0.465328
G1 X12.292 Y13.096 E.00434
;WIDTH:0.507239
G1 X12.145 Y13.135 E.00478
G1 X12.105 Y13.282 E.00479
;WIDTH:0.465328
G1 X12.066 Y13.429 E.00436
;WIDTH:0.423417
G1 X12.026 Y13.575 E.00392
;WIDTH:0.381505
G1 X12.026 Y55.956 E.97874
G1 X12.392 Y56.383 F9000
;TYPE:External perimeter
;WIDTH:0.419999
G1 F1800
G1 X11.312 Y56.383 E.02771
G1 X11.312 Y12.303 E1.13085
G1 X65.892 Y12.303 E1.40022
G1 X65.892 Y71.883 E1.52849
G1 X64.812 Y71.883 E.02771
G1 X64.812 Y13.575 E1.49586
G1 X64.756 Y13.439 E.00377
G1 X64.619 Y13.383 E.0038
G1 X12.585 Y13.383 E1.3349
G1 X12.449 Y13.439 E.00377
G1 X12.392 Y13.575 E.00378
G1 X12.392 Y56.323 E1.09667
;LAYER_CHANGE
;Z:9.16
;HEIGHT:0.16
;BEFORE_LAYER_CHANGE
G92 E0
;9.16


G1 E-3.5 F3600
;WIPE_START
G1 F7200
G1 X12.392 Y56.383 E-.0285
G1 X11.312 Y56.383 E-.513
G1 X11.312 Y54.365 E-.9585
;WIPE_END
G1 Z9.16 F9000
;AFTER_LAYER_CHANGE
;9.16
G1 X12.026 Y107.169
G1 E5 F2400
;TYPE:Perimeter
;WIDTH:0.381505
G1 F3600
G1 X12.026 Y115.61 E.19493
;WIDTH:0.423417
G1 X12.066 Y115.756 E.00392
;WIDTH:0.465328
G1 X12.105 Y115.903 E.00436
;WIDTH:0.507239
G1 X12.145 Y116.05 E.00479
G1 X12.292 Y116.089 E.00478
;WIDTH:0.465328
G1 X12.438 Y116.129 E.00434
;WIDTH:0.423417
G1 X12.585 Y116.169 E.00394
;WIDTH:0.381505
G1 X64.619 Y116.169 E1.20166
;WIDTH:0.423417
G1 X64.766 Y116.129 E.00394
;WIDTH:0.465328
G1 X64.913 Y116.089 E.00437
;WIDTH:0.507239
G1 X65.059 Y116.05 E.00475
G1 X65.099 Y115.903 E.00479
;WIDTH:0.465328
G1 X65.139 Y115.756 E.00437
;WIDTH:0.423417
G1 X65.179 Y115.61 E.00392
;WIDTH:0.381505
G1 X65.179 Y92.669 E.52979
G1 X65.526 Y92.669 E.00801
G1 X65.526 Y92.843 E.00402
G1 X65.526 Y115.704 E.52795
;WIDTH:0.423417
G1 X65.505 Y115.954 E.00649
;WIDTH:0.465328
G1 X65.484 Y116.204 E.00719
;WIDTH:0.507239
G1 X65.463 Y116.453 E.00786
G1 X65.024 Y116.474 E.01383
;WIDTH:0.465328
G1 X64.822 Y116.495 E.00582
;WIDTH:0.423417
G1 X64.619 Y116.516 E.00528
;WIDTH:0.381505
G1 X12.585 Y116.516 E1.20166
;WIDTH:0.423417
G1 X12.304 Y116.495 E.00729
;WIDTH:0.465328
G1 X12.023 Y116.474 E.00808
;WIDTH:0.507239
G1 X11.742 Y116.453 E.00886
G1 X11.721 Y116.014 E.01383
;WIDTH:0.465328
G1 X11.7 Y115.812 E.00582
;WIDTH:0.423417
G1 X11.679 Y115.61 E.00526
;WIDTH:0.381505
G1 X11.679 Y107.169 E.19493
G1 X11.966 Y107.169 E.00663
G1 X12.392 Y106.803 F9000
;TYPE:External perimeter
;WIDTH:0.419999
G1 F1800
G1 X12.392 Y115.61 E.22594
G1 X12.449 Y115.746 E.00378
G1 X12.585 Y115.803 E.00378
G1 X64.619 Y115.803 E1.3349
G1 X64.756 Y115.746 E.00381
G1 X64.812 Y115.61 E.00377
G1 X64.812 Y92.303 E.59793
G1 X65.892 Y92.303 E.02771
G1 X65.892 Y116.883 E.63059
G1 X11.312 Y116.883 E1.40022
G1 X11.312 Y106.803 E.2586
G1 X12.332 Y106.803 E.02617
G1 E-3.5 F3600
;WIPE_START
G1 F7200
G1 X12.392 Y106.803 E-.0285
G1 X12.392 Y109.901 E-1.4715
;WIPE_END
G1 X12.026 Y56.016 F9000
G1 E5 F2400
;TYPE:Perimeter
;WIDTH:0.381505
G1 F3600
G1 X11.679 Y56.016 E.00801
G1 X11.679 Y13.575 E.98012
;WIDTH:0.423417
G1 X11.7 Y13.294 E.00729
;WIDTH:0.465328
G1 X11.721 Y13.013 E.00808
;WIDTH:0.507239
G1 X11.742 Y12.732 E.00886
G1 X12.18 Y12.711 E.01379
;WIDTH:0.465328
G1 X12.383 Y12.69 E.00585
;WIDTH:0.423417
G1 X12.585 Y12.669 E.00526
;WIDTH:0.381505
G1 X64.619 Y12.669 E1.20166
;WIDTH:0.423417
G1 X64.901 Y12.69 E.00732
;WIDTH:0.465328
G1 X65.182 Y12.711 E.00808
;WIDTH:0.507239
G1 X65.463 Y12.732 E.00886
G1 X65.463 Y12.968 E.00742
G1 X65.484 Y13.171 E.00642
;WIDTH:0.465328
G1 X65.505 Y13.373 E.00582
;WIDTH:0.423417
G1 X65.526 Y13.575 E.00526
;WIDTH:0.381505
G1 X65.526 Y71.516 E1.33808
G1 X65.179 Y71.516 E.00801
G1 X65.179 Y13.575 E1.33808
;WIDTH:0.423417
G1 X65.139 Y13.429 E.00392
;WIDTH:0.465328
G1 X65.099 Y13.282 E.00437
;WIDTH:0.507239
G1 X65.059 Y13.135 E.00479
G1 X64.913 Y13.096 E.00475
;WIDTH:0.465328
G1 X64.766 Y13.056 E.00437
;WIDTH:0.423417
G1 X64.619 Y13.016 E.00394
;WIDTH:0.381505
G1 X12.585 Y13.016 E1.20166
;WIDTH:0.423417
G1 X12.438 Y13.056 E.00394
;WIDTH:0.465328
G1 X12.292 Y13.096 E.00434
;WIDTH:0.507239
G1 X12.145 Y13.135 E.00478
G1 X12.105 Y13.282 E.00479
;WIDTH:0.465328
G1 X12.066 Y13.429 E.00436
;WIDTH:0.423417
G1 X12.026 Y13.575 E.00392
;WIDTH:0.381505
G1 X12.026 Y55.956 E.97874
G1 X12.392 Y56.383 F9000
;TYPE:External perimeter
;WIDTH:0.419999
G1 F1800
G1 X11.312 Y56.383 E.02771
G1 X11.312 Y12.303 E1.13085
G1 X65.892 Y12.303 E1.40022
G1 X65.892 Y71.883 E1.52849
G1 X64.812 Y71.883 E.02771
G1 X64.812 Y13.575 E1.49586
G1 X64.756 Y13.439 E.00377
G1 X64.619 Y13.383 E.0038
G1 X12.585 Y13.383 E1.3349
G1 X12.449 Y13.439 E.00377
G1 X12.392 Y13.575 E.00378
G1 X12.392 Y56.323 E1.09667
;LAYER_CHANGE
;Z:9.32
;HEIGHT:0.16
;BEFORE_LAYER_CHANGE
G92 E0
;9.32


G1 E-3.5 F3600
;WIPE_START
G1 F7200
G1 X12.392 Y56.383 E-.0285
G1 X11.312 Y56.383 E-.513
G1 X11.312 Y54.365 E-.9585
;WIPE_END
G1 Z9.32 F9000
;AFTER_LAYER_CHANGE
;9.32
G1 X12.026 Y107.169
G1 E5 F2400
;TYPE:Perimeter
;WIDTH:0.381505
G1 F3600
G1 X12.026 Y115.61 E.19493
;WIDTH:0.423417
G1 X12.066 Y115.756 E.00392
;WIDTH:0.465328
G1 X12.105 Y115.903 E.00436
;WIDTH:0.507239
G1 X12.145 Y116.05 E.00479
G1 X12.292 Y116.089 E.00478
;WIDTH:0.465328
G1 X12.438 Y116.129 E.00434
;WIDTH:0.423417
G1 X12.585 Y116.169 E.00394
;WIDTH:0.381505
G1 X64.619 Y116.169 E1.20166
;WIDTH:0.423417
G1 X64.766 Y116.129 E.00394
;WIDTH:0.465328
G1 X64.913 Y116.089 E.00437
;WIDTH:0.507239
G1 X65.059 Y116.05 E.00475
G1 X65.099 Y115.903 E.00479
;WIDTH:0.465328
G1 X65.139 Y115.756 E.00437
;WIDTH:0.423417
G1 X65.179 Y115.61 E.00392
;WIDTH:0.381505
G1 X65.179 Y92.669 E.52979
G1 X65.526 Y92.669 E.00801
G1 X65.526 Y92.843 E.00402
G1 X65.526 Y115.704 E.52795
;WIDTH:0.423417
G1 X65.505 Y115.954 E.00649
;WIDTH:0.465328
G1 X65.484 Y116.204 E.00719
;WIDTH:0.507239
G1 X65.463 Y116.453 E.00786
G1 X65.024 Y116.474 E.01383
;WIDTH:0.465328
G1 X64.822 Y116.495 E.00582
;WIDTH:0.423417
G1 X64.619 Y116.516 E.00528
;WIDTH:0.381505
G1 X12.585 Y116.516 E1.20166
;WIDTH:0.423417
G1 X12.304 Y116.495 E.00729
;WIDTH:0.465328
G1 X12.023 Y116.474 E.00808
;WIDTH:0.507239
G1 X11.742 Y116.453 E.00886
G1 X11.721 Y116.014 E.01383
;WIDTH:0.465328
G1 X11.7 Y115.812 E.00582
;WIDTH:0.423417
G1 X11.679 Y115.61 E.00526
;WIDTH:0.381505
G1 X11.679 Y107.169 E.19493
G1 X11.966 Y107.169 E.00663
G1 X12.392 Y106.803 F9000
;TYPE:External perimeter
;WIDTH:0.419999
G1 F1800
G1 X12.392 Y115.61 E.22594
G1 X12.449 Y115.746 E.00378
G1 X12.585 Y115.803 E.00378
G1 X64.619 Y115.803 E1.3349
G1 X64.756 Y115.746 E.00381
G1 X64.812 Y115.61 E.00377
G1 X64.812 Y92.303 E.59793
G1 X65.892 Y92.303 E.02771
G1 X65.892 Y116.883 E.63059
G1 X11.312 Y116.883 E1.40022
G1 X11.312 Y106.803 E.2586
G1 X12.332 Y106.803 E.02617
G1 E-3.5 F3600
;WIPE_START
G1 F7200
G1 X12.392 Y106.803 E-.0285
G1 X12.392 Y109.901 E-1.4715
;WIPE_END
G1 X12.026 Y56.016 F9000
G1 E5 F2400
;TYPE:Perimeter
;WIDTH:0.381505
G1 F3600
G1 X11.679 Y56.016 E.00801
G1 X11.679 Y13.575 E.98012
;WIDTH:0.423417
G1 X11.7 Y13.294 E.00729
;WIDTH:0.465328
G1 X11.721 Y13.013 E.00808
;WIDTH:0.507239
G1 X11.742 Y12.732 E.00886
G1 X12.18 Y12.711 E.01379
;WIDTH:0.465328
G1 X12.383 Y12.69 E.00585
;WIDTH:0.423417
G1 X12.585 Y12.669 E.00526
;WIDTH:0.381505
G1 X64.619 Y12.669 E1.20166
;WIDTH:0.423417
G1 X64.901 Y12.69 E.00732
;WIDTH:0.465328
G1 X65.182 Y12.711 E.00808
;WIDTH:0.507239
G1 X65.463 Y12.732 E.00886
G1 X65.463 Y12.968 E.00742
G1 X65.484 Y13.171 E.00642
;WIDTH:0.465328
G1 X65.505 Y13.373 E.00582
;WIDTH:0.423417
G1 X65.526 Y13.575 E.00526
;WIDTH:0.381505
G1 X65.526 Y71.516 E1.33808
G1 X65.179 Y71.516 E.00801
G1 X65.179 Y13.575 E1.33808
;WIDTH:0.423417
G1 X65.139 Y13.429 E.00392
;WIDTH:0.465328
G1 X65.099 Y13.282 E.00437
;WIDTH:0.507239
G1 X65.059 Y13.135 E.00479
G1 X64.913 Y13.096 E.00475
;WIDTH:0.465328
G1 X64.766 Y13.056 E.00437
;WIDTH:0.423417
G1 X64.619 Y13.016 E.00394
;WIDTH:0.381505
G1 X12.585 Y13.016 E1.20166
;WIDTH:0.423417
G1 X12.438 Y13.056 E.00394
;WIDTH:0.465328
G1 X12.292 Y13.096 E.00434
;WIDTH:0.507239
G1 X12.145 Y13.135 E.00478
G1 X12.105 Y13.282 E.00479
;WIDTH:0.465328
G1 X12.066 Y13.429 E.00436
;WIDTH:0.423417
G1 X12.026 Y13.575 E.00392
;WIDTH:0.381505
G1 X12.026 Y55.956 E.97874
G1 X12.392 Y56.383 F9000
;TYPE:External perimeter
;WIDTH:0.419999
G1 F1800
G1 X11.312 Y56.383 E.02771
G1 X11.312 Y12.303 E1.13085
G1 X65.892 Y12.303 E1.40022
G1 X65.892 Y71.883 E1.52849
G1 X64.812 Y71.883 E.02771
G1 X64.812 Y13.575 E1.49586
G1 X64.756 Y13.439 E.00377
G1 X64.619 Y13.383 E.0038
G1 X12.585 Y13.383 E1.3349
G1 X12.449 Y13.439 E.00377
G1 X12.392 Y13.575 E.00378
G1 X12.392 Y56.323 E1.09667
;LAYER_CHANGE
;Z:9.48
;HEIGHT:0.16
;BEFORE_LAYER_CHANGE
G92 E0
;9.48


G1 E-3.5 F3600
;WIPE_START
G1 F7200
G1 X12.392 Y56.383 E-.0285
G1 X11.312 Y56.383 E-.513
G1 X11.312 Y54.365 E-.9585
;WIPE_END
G1 Z9.48 F9000
;AFTER_LAYER_CHANGE
;9.48
G1 X12.026 Y107.169
G1 E5 F2400
;TYPE:Perimeter
;WIDTH:0.381505
G1 F3600
G1 X12.026 Y115.61 E.19493
;WIDTH:0.423417
G1 X12.066 Y115.756 E.00392
;WIDTH:0.465328
G1 X12.105 Y115.903 E.00436
;WIDTH:0.507239
G1 X12.145 Y116.05 E.00479
G1 X12.292 Y116.089 E.00478
;WIDTH:0.465328
G1 X12.438 Y116.129 E.00434
;WIDTH:0.423417
G1 X12.585 Y116.169 E.00394
;WIDTH:0.381505
G1 X64.619 Y116.169 E1.20166
;WIDTH:0.423417
G1 X64.766 Y116.129 E.00394
;WIDTH:0.465328
G1 X64.913 Y116.089 E.00437
;WIDTH:0.507239
G1 X65.059 Y116.05 E.00475
G1 X65.099 Y115.903 E.00479
;WIDTH:0.465328
G1 X65.139 Y115.756 E.00437
;WIDTH:0.423417
G1 X65.179 Y115.61 E.00392
;WIDTH:0.381505
G1 X65.179 Y92.669 E.52979
G1 X65.526 Y92.669 E.00801
G1 X65.526 Y92.843 E.00402
G1 X65.526 Y115.704 E.52795
;WIDTH:0.423417
G1 X65.505 Y115.954 E.00649
;WIDTH:0.465328
G1 X65.484 Y116.204 E.00719
;WIDTH:0.507239
G1 X65.463 Y116.453 E.00786
G1 X65.024 Y116.474 E.01383
;WIDTH:0.465328
G1 X64.822 Y116.495 E.00582
;WIDTH:0.423417
G1 X64.619 Y116.516 E.00528
;WIDTH:0.381505
G1 X12.585 Y116.516 E1.20166
;WIDTH:0.423417
G1 X12.304 Y116.495 E.00729
;WIDTH:0.465328
G1 X12.023 Y116.474 E.00808
;WIDTH:0.507239
G1 X11.742 Y116.453 E.00886
G1 X11.721 Y116.014 E.01383
;WIDTH:0.465328
G1 X11.7 Y115.812 E.00582
;WIDTH:0.423417
G1 X11.679 Y115.61 E.00526
;WIDTH:0.381505
G1 X11.679 Y107.169 E.19493
G1 X11.966 Y107.169 E.00663
G1 X12.392 Y106.803 F9000
;TYPE:External perimeter
;WIDTH:0.419999
G1 F1800
G1 X12.392 Y115.61 E.22594
G1 X12.449 Y115.746 E.00378
G1 X12.585 Y115.803 E.00378
G1 X64.619 Y115.803 E1.3349
G1 X64.756 Y115.746 E.00381
G1 X64.812 Y115.61 E.00377
G1 X64.812 Y92.303 E.59793
G1 X65.892 Y92.303 E.02771
G1 X65.892 Y116.883 E.63059
G1 X11.312 Y116.883 E1.40022
G1 X11.312 Y106.803 E.2586
G1 X12.332 Y106.803 E.02617
G1 E-3.5 F3600
;WIPE_START
G1 F7200
G1 X12.392 Y106.803 E-.0285
G1 X12.392 Y109.901 E-1.4715
;WIPE_END
G1 X12.026 Y56.016 F9000
G1 E5 F2400
;TYPE:Perimeter
;WIDTH:0.381505
G1 F3600
G1 X11.679 Y56.016 E.00801
G1 X11.679 Y13.575 E.98012
;WIDTH:0.423417
G1 X11.7 Y13.294 E.00729
;WIDTH:0.465328
G1 X11.721 Y13.013 E.00808
;WIDTH:0.507239
G1 X11.742 Y12.732 E.00886
G1 X12.18 Y12.711 E.01379
;WIDTH:0.465328
G1 X12.383 Y12.69 E.00585
;WIDTH:0.423417
G1 X12.585 Y12.669 E.00526
;WIDTH:0.381505
G1 X64.619 Y12.669 E1.20166
;WIDTH:0.423417
G1 X64.901 Y12.69 E.00732
;WIDTH:0.465328
G1 X65.182 Y12.711 E.00808
;WIDTH:0.507239
G1 X65.463 Y12.732 E.00886
G1 X65.463 Y12.968 E.00742
G1 X65.484 Y13.171 E.00642
;WIDTH:0.465328
G1 X65.505 Y13.373 E.00582
;WIDTH:0.423417
G1 X65.526 Y13.575 E.00526
;WIDTH:0.381505
G1 X65.526 Y71.516 E1.33808
G1 X65.179 Y71.516 E.00801
G1 X65.179 Y13.575 E1.33808
;WIDTH:0.423417
G1 X65.139 Y13.429 E.00392
;WIDTH:0.465328
G1 X65.099 Y13.282 E.00437
;WIDTH:0.507239
G1 X65.059 Y13.135 E.00479
G1 X64.913 Y13.096 E.00475
;WIDTH:0.465328
G1 X64.766 Y13.056 E.00437
;WIDTH:0.423417
G1 X64.619 Y13.016 E.00394
;WIDTH:0.381505
G1 X12.585 Y13.016 E1.20166
;WIDTH:0.423417
G1 X12.438 Y13.056 E.00394
;WIDTH:0.465328
G1 X12.292 Y13.096 E.00434
;WIDTH:0.507239
G1 X12.145 Y13.135 E.00478
G1 X12.105 Y13.282 E.00479
;WIDTH:0.465328
G1 X12.066 Y13.429 E.00436
;WIDTH:0.423417
G1 X12.026 Y13.575 E.00392
;WIDTH:0.381505
G1 X12.026 Y55.956 E.97874
G1 X12.392 Y56.383 F9000
;TYPE:External perimeter
;WIDTH:0.419999
G1 F1800
G1 X11.312 Y56.383 E.02771
G1 X11.312 Y12.303 E1.13085
G1 X65.892 Y12.303 E1.40022
G1 X65.892 Y71.883 E1.52849
G1 X64.812 Y71.883 E.02771
G1 X64.812 Y13.575 E1.49586
G1 X64.756 Y13.439 E.00377
G1 X64.619 Y13.383 E.0038
G1 X12.585 Y13.383 E1.3349
G1 X12.449 Y13.439 E.00377
G1 X12.392 Y13.575 E.00378
G1 X12.392 Y56.323 E1.09667
;LAYER_CHANGE
;Z:9.64
;HEIGHT:0.160001
;BEFORE_LAYER_CHANGE
G92 E0
;9.64


G1 E-3.5 F3600
;WIPE_START
G1 F7200
G1 X12.392 Y56.383 E-.0285
G1 X11.312 Y56.383 E-.513
G1 X11.312 Y54.365 E-.9585
;WIPE_END
G1 Z9.64 F9000
;AFTER_LAYER_CHANGE
;9.64
G1 X12.026 Y107.169
G1 E5 F2400
;TYPE:Perimeter
;WIDTH:0.381505
G1 F3600
G1 X12.026 Y115.61 E.19493
;WIDTH:0.423417
G1 X12.066 Y115.756 E.00392
;WIDTH:0.465328
G1 X12.105 Y115.903 E.00436
;WIDTH:0.507239
G1 X12.145 Y116.05 E.00479
G1 X12.292 Y116.089 E.00478
;WIDTH:0.465328
G1 X12.438 Y116.129 E.00434
;WIDTH:0.423417
G1 X12.585 Y116.169 E.00394
;WIDTH:0.381505
G1 X64.619 Y116.169 E1.20166
;WIDTH:0.423417
G1 X64.766 Y116.129 E.00394
;WIDTH:0.465328
G1 X64.913 Y116.089 E.00437
;WIDTH:0.507239
G1 X65.059 Y116.05 E.00475
G1 X65.099 Y115.903 E.00479
;WIDTH:0.465328
G1 X65.139 Y115.756 E.00437
;WIDTH:0.423417
G1 X65.179 Y115.61 E.00392
;WIDTH:0.381505
G1 X65.179 Y92.669 E.52979
G1 X65.526 Y92.669 E.00801
G1 X65.526 Y92.843 E.00402
G1 X65.526 Y115.704 E.52795
;WIDTH:0.423417
G1 X65.505 Y115.954 E.00649
;WIDTH:0.465328
G1 X65.484 Y116.204 E.00719
;WIDTH:0.507239
G1 X65.463 Y116.453 E.00786
G1 X65.024 Y116.474 E.01383
;WIDTH:0.465328
G1 X64.822 Y116.495 E.00582
;WIDTH:0.423417
G1 X64.619 Y116.516 E.00528
;WIDTH:0.381505
G1 X12.585 Y116.516 E1.20166
;WIDTH:0.423417
G1 X12.304 Y116.495 E.00729
;WIDTH:0.465328
G1 X12.023 Y116.474 E.00808
;WIDTH:0.507239
G1 X11.742 Y116.453 E.00886
G1 X11.721 Y116.014 E.01383
;WIDTH:0.465328
G1 X11.7 Y115.812 E.00582
;WIDTH:0.423417
G1 X11.679 Y115.61 E.00526
;WIDTH:0.381505
G1 X11.679 Y107.169 E.19493
G1 X11.966 Y107.169 E.00663
G1 X12.392 Y106.803 F9000
;TYPE:External perimeter
;WIDTH:0.419999
G1 F1800
G1 X12.392 Y115.61 E.22594
G1 X12.449 Y115.746 E.00378
G1 X12.585 Y115.803 E.00378
G1 X64.619 Y115.803 E1.3349
G1 X64.756 Y115.746 E.00381
G1 X64.812 Y115.61 E.00377
G1 X64.812 Y92.303 E.59793
G1 X65.892 Y92.303 E.02771
G1 X65.892 Y116.883 E.63059
G1 X11.312 Y116.883 E1.40022
G1 X11.312 Y106.803 E.2586
G1 X12.332 Y106.803 E.02617
G1 E-3.5 F3600
;WIPE_START
G1 F7200
G1 X12.392 Y106.803 E-.0285
G1 X12.392 Y109.901 E-1.4715
;WIPE_END
G1 X12.026 Y56.016 F9000
G1 E5 F2400
;TYPE:Perimeter
;WIDTH:0.381505
G1 F3600
G1 X11.679 Y56.016 E.00801
G1 X11.679 Y13.575 E.98012
;WIDTH:0.423417
G1 X11.7 Y13.294 E.00729
;WIDTH:0.465328
G1 X11.721 Y13.013 E.00808
;WIDTH:0.507239
G1 X11.742 Y12.732 E.00886
G1 X12.18 Y12.711 E.01379
;WIDTH:0.465328
G1 X12.383 Y12.69 E.00585
;WIDTH:0.423417
G1 X12.585 Y12.669 E.00526
;WIDTH:0.381505
G1 X64.619 Y12.669 E1.20166
;WIDTH:0.423417
G1 X64.901 Y12.69 E.00732
;WIDTH:0.465328
G1 X65.182 Y12.711 E.00808
;WIDTH:0.507239
G1 X65.463 Y12.732 E.00886
G1 X65.463 Y12.968 E.00742
G1 X65.484 Y13.171 E.00642
;WIDTH:0.465328
G1 X65.505 Y13.373 E.00582
;WIDTH:0.423417
G1 X65.526 Y13.575 E.00526
;WIDTH:0.381505
G1 X65.526 Y71.516 E1.33808
G1 X65.179 Y71.516 E.00801
G1 X65.179 Y13.575 E1.33808
;WIDTH:0.423417
G1 X65.139 Y13.429 E.00392
;WIDTH:0.465328
G1 X65.099 Y13.282 E.00437
;WIDTH:0.507239
G1 X65.059 Y13.135 E.00479
G1 X64.913 Y13.096 E.00475
;WIDTH:0.465328
G1 X64.766 Y13.056 E.00437
;WIDTH:0.423417
G1 X64.619 Y13.016 E.00394
;WIDTH:0.381505
G1 X12.585 Y13.016 E1.20166
;WIDTH:0.423417
G1 X12.438 Y13.056 E.00394
;WIDTH:0.465328
G1 X12.292 Y13.096 E.00434
;WIDTH:0.507239
G1 X12.145 Y13.135 E.00478
G1 X12.105 Y13.282 E.00479
;WIDTH:0.465328
G1 X12.066 Y13.429 E.00436
;WIDTH:0.423417
G1 X12.026 Y13.575 E.00392
;WIDTH:0.381505
G1 X12.026 Y55.956 E.97874
G1 X12.392 Y56.383 F9000
;TYPE:External perimeter
;WIDTH:0.419999
G1 F1800
G1 X11.312 Y56.383 E.02771
G1 X11.312 Y12.303 E1.13085
G1 X65.892 Y12.303 E1.40022
G1 X65.892 Y71.883 E1.52849
G1 X64.812 Y71.883 E.02771
G1 X64.812 Y13.575 E1.49586
G1 X64.756 Y13.439 E.00377
G1 X64.619 Y13.383 E.0038
G1 X12.585 Y13.383 E1.3349
G1 X12.449 Y13.439 E.00377
G1 X12.392 Y13.575 E.00378
G1 X12.392 Y56.323 E1.09667
;LAYER_CHANGE
;Z:9.8
;HEIGHT:0.16
;BEFORE_LAYER_CHANGE
G92 E0
;9.8


G1 E-3.5 F3600
;WIPE_START
G1 F7200
G1 X12.392 Y56.383 E-.0285
G1 X11.312 Y56.383 E-.513
G1 X11.312 Y54.365 E-.9585
;WIPE_END
G1 Z9.8 F9000
;AFTER_LAYER_CHANGE
;9.8
G1 X12.026 Y107.169
G1 E5 F2400
;TYPE:Perimeter
;WIDTH:0.381505
G1 F3600
G1 X12.026 Y115.61 E.19493
;WIDTH:0.423417
G1 X12.066 Y115.756 E.00392
;WIDTH:0.465328
G1 X12.105 Y115.903 E.00436
;WIDTH:0.507239
G1 X12.145 Y116.05 E.00479
G1 X12.292 Y116.089 E.00478
;WIDTH:0.465328
G1 X12.438 Y116.129 E.00434
;WIDTH:0.423417
G1 X12.585 Y116.169 E.00394
;WIDTH:0.381505
G1 X64.619 Y116.169 E1.20166
;WIDTH:0.423417
G1 X64.766 Y116.129 E.00394
;WIDTH:0.465328
G1 X64.913 Y116.089 E.00437
;WIDTH:0.507239
G1 X65.059 Y116.05 E.00475
G1 X65.099 Y115.903 E.00479
;WIDTH:0.465328
G1 X65.139 Y115.756 E.00437
;WIDTH:0.423417
G1 X65.179 Y115.61 E.00392
;WIDTH:0.381505
G1 X65.179 Y92.669 E.52979
G1 X65.526 Y92.669 E.00801
G1 X65.526 Y92.843 E.00402
G1 X65.526 Y115.704 E.52795
;WIDTH:0.423417
G1 X65.505 Y115.954 E.00649
;WIDTH:0.465328
G1 X65.484 Y116.204 E.00719
;WIDTH:0.507239
G1 X65.463 Y116.453 E.00786
G1 X65.024 Y116.474 E.01383
;WIDTH:0.465328
G1 X64.822 Y116.495 E.00582
;WIDTH:0.423417
G1 X64.619 Y116.516 E.00528
;WIDTH:0.381505
G1 X12.585 Y116.516 E1.20166
;WIDTH:0.423417
G1 X12.304 Y116.495 E.00729
;WIDTH:0.465328
G1 X12.023 Y116.474 E.00808
;WIDTH:0.507239
G1 X11.742 Y116.453 E.00886
G1 X11.721 Y116.014 E.01383
;WIDTH:0.465328
G1 X11.7 Y115.812 E.00582
;WIDTH:0.423417
G1 X11.679 Y115.61 E.00526
;WIDTH:0.381505
G1 X11.679 Y107.169 E.19493
G1 X11.966 Y107.169 E.00663
G1 X12.392 Y106.803 F9000
;TYPE:External perimeter
;WIDTH:0.419999
G1 F1800
G1 X12.392 Y115.61 E.22594
G1 X12.449 Y115.746 E.00378
G1 X12.585 Y115.803 E.00378
G1 X64.619 Y115.803 E1.3349
G1 X64.756 Y115.746 E.00381
G1 X64.812 Y115.61 E.00377
G1 X64.812 Y92.303 E.59793
G1 X65.892 Y92.303 E.02771
G1 X65.892 Y116.883 E.63059
G1 X11.312 Y116.883 E1.40022
G1 X11.312 Y106.803 E.2586
G1 X12.332 Y106.803 E.02617
G1 E-3.5 F3600
;WIPE_START
G1 F7200
G1 X12.392 Y106.803 E-.0285
G1 X12.392 Y109.901 E-1.4715
;WIPE_END
G1 X12.026 Y56.016 F9000
G1 E5 F2400
;TYPE:Perimeter
;WIDTH:0.381505
G1 F3600
G1 X11.679 Y56.016 E.00801
G1 X11.679 Y13.575 E.98012
;WIDTH:0.423417
G1 X11.7 Y13.294 E.00729
;WIDTH:0.465328
G1 X11.721 Y13.013 E.00808
;WIDTH:0.507239
G1 X11.742 Y12.732 E.00886
G1 X12.18 Y12.711 E.01379
;WIDTH:0.465328
G1 X12.383 Y12.69 E.00585
;WIDTH:0.423417
G1 X12.585 Y12.669 E.00526
;WIDTH:0.381505
G1 X64.619 Y12.669 E1.20166
;WIDTH:0.423417
G1 X64.901 Y12.69 E.00732
;WIDTH:0.465328
G1 X65.182 Y12.711 E.00808
;WIDTH:0.507239
G1 X65.463 Y12.732 E.00886
G1 X65.463 Y12.968 E.00742
G1 X65.484 Y13.171 E.00642
;WIDTH:0.465328
G1 X65.505 Y13.373 E.00582
;WIDTH:0.423417
G1 X65.526 Y13.575 E.00526
;WIDTH:0.381505
G1 X65.526 Y71.516 E1.33808
G1 X65.179 Y71.516 E.00801
G1 X65.179 Y13.575 E1.33808
;WIDTH:0.423417
G1 X65.139 Y13.429 E.00392
;WIDTH:0.465328
G1 X65.099 Y13.282 E.00437
;WIDTH:0.507239
G1 X65.059 Y13.135 E.00479
G1 X64.913 Y13.096 E.00475
;WIDTH:0.465328
G1 X64.766 Y13.056 E.00437
;WIDTH:0.423417
G1 X64.619 Y13.016 E.00394
;WIDTH:0.381505
G1 X12.585 Y13.016 E1.20166
;WIDTH:0.423417
G1 X12.438 Y13.056 E.00394
;WIDTH:0.465328
G1 X12.292 Y13.096 E.00434
;WIDTH:0.507239
G1 X12.145 Y13.135 E.00478
G1 X12.105 Y13.282 E.00479
;WIDTH:0.465328
G1 X12.066 Y13.429 E.00436
;WIDTH:0.423417
G1 X12.026 Y13.575 E.00392
;WIDTH:0.381505
G1 X12.026 Y55.956 E.97874
G1 X12.392 Y56.383 F9000
;TYPE:External perimeter
;WIDTH:0.419999
G1 F1800
G1 X11.312 Y56.383 E.02771
G1 X11.312 Y12.303 E1.13085
G1 X65.892 Y12.303 E1.40022
G1 X65.892 Y71.883 E1.52849
G1 X64.812 Y71.883 E.02771
G1 X64.812 Y13.575 E1.49586
G1 X64.756 Y13.439 E.00377
G1 X64.619 Y13.383 E.0038
G1 X12.585 Y13.383 E1.3349
G1 X12.449 Y13.439 E.00377
G1 X12.392 Y13.575 E.00378
G1 X12.392 Y56.323 E1.09667
;LAYER_CHANGE
;Z:9.96
;HEIGHT:0.16
;BEFORE_LAYER_CHANGE
G92 E0
;9.96


G1 E-3.5 F3600
;WIPE_START
G1 F7200
G1 X12.392 Y56.383 E-.0285
G1 X11.312 Y56.383 E-.513
G1 X11.312 Y54.365 E-.9585
;WIPE_END
G1 Z9.96 F9000
;AFTER_LAYER_CHANGE
;9.96
G1 X12.026 Y107.169
G1 E5 F2400
;TYPE:Perimeter
;WIDTH:0.381505
G1 F3600
G1 X12.026 Y115.61 E.19493
;WIDTH:0.423417
G1 X12.066 Y115.756 E.00392
;WIDTH:0.465328
G1 X12.105 Y115.903 E.00436
;WIDTH:0.507239
G1 X12.145 Y116.05 E.00479
G1 X12.292 Y116.089 E.00478
;WIDTH:0.465328
G1 X12.438 Y116.129 E.00434
;WIDTH:0.423417
G1 X12.585 Y116.169 E.00394
;WIDTH:0.381505
G1 X64.619 Y116.169 E1.20166
;WIDTH:0.423417
G1 X64.766 Y116.129 E.00394
;WIDTH:0.465328
G1 X64.913 Y116.089 E.00437
;WIDTH:0.507239
G1 X65.059 Y116.05 E.00475
G1 X65.099 Y115.903 E.00479
;WIDTH:0.465328
G1 X65.139 Y115.756 E.00437
;WIDTH:0.423417
G1 X65.179 Y115.61 E.00392
;WIDTH:0.381505
G1 X65.179 Y92.669 E.52979
G1 X65.526 Y92.669 E.00801
G1 X65.526 Y92.843 E.00402
G1 X65.526 Y115.704 E.52795
;WIDTH:0.423417
G1 X65.505 Y115.954 E.00649
;WIDTH:0.465328
G1 X65.484 Y116.204 E.00719
;WIDTH:0.507239
G1 X65.463 Y116.453 E.00786
G1 X65.024 Y116.474 E.01383
;WIDTH:0.465328
G1 X64.822 Y116.495 E.00582
;WIDTH:0.423417
G1 X64.619 Y116.516 E.00528
;WIDTH:0.381505
G1 X12.585 Y116.516 E1.20166
;WIDTH:0.423417
G1 X12.304 Y116.495 E.00729
;WIDTH:0.465328
G1 X12.023 Y116.474 E.00808
;WIDTH:0.507239
G1 X11.742 Y116.453 E.00886
G1 X11.721 Y116.014 E.01383
;WIDTH:0.465328
G1 X11.7 Y115.812 E.00582
;WIDTH:0.423417
G1 X11.679 Y115.61 E.00526
;WIDTH:0.381505
G1 X11.679 Y107.169 E.19493
G1 X11.966 Y107.169 E.00663
G1 X12.392 Y106.803 F9000
;TYPE:External perimeter
;WIDTH:0.419999
G1 F1800
G1 X12.392 Y115.61 E.22594
G1 X12.449 Y115.746 E.00378
G1 X12.585 Y115.803 E.00378
G1 X64.619 Y115.803 E1.3349
G1 X64.756 Y115.746 E.00381
G1 X64.812 Y115.61 E.00377
G1 X64.812 Y92.303 E.59793
G1 X65.892 Y92.303 E.02771
G1 X65.892 Y116.883 E.63059
G1 X11.312 Y116.883 E1.40022
G1 X11.312 Y106.803 E.2586
G1 X12.332 Y106.803 E.02617
G1 E-3.5 F3600
;WIPE_START
G1 F7200
G1 X12.392 Y106.803 E-.0285
G1 X12.392 Y109.901 E-1.4715
;WIPE_END
G1 X12.026 Y56.016 F9000
G1 E5 F2400
;TYPE:Perimeter
;WIDTH:0.381505
G1 F3600
G1 X11.679 Y56.016 E.00801
G1 X11.679 Y13.575 E.98012
;WIDTH:0.423417
G1 X11.7 Y13.294 E.00729
;WIDTH:0.465328
G1 X11.721 Y13.013 E.00808
;WIDTH:0.507239
G1 X11.742 Y12.732 E.00886
G1 X12.18 Y12.711 E.01379
;WIDTH:0.465328
G1 X12.383 Y12.69 E.00585
;WIDTH:0.423417
G1 X12.585 Y12.669 E.00526
;WIDTH:0.381505
G1 X64.619 Y12.669 E1.20166
;WIDTH:0.423417
G1 X64.901 Y12.69 E.00732
;WIDTH:0.465328
G1 X65.182 Y12.711 E.00808
;WIDTH:0.507239
G1 X65.463 Y12.732 E.00886
G1 X65.463 Y12.968 E.00742
G1 X65.484 Y13.171 E.00642
;WIDTH:0.465328
G1 X65.505 Y13.373 E.00582
;WIDTH:0.423417
G1 X65.526 Y13.575 E.00526
;WIDTH:0.381505
G1 X65.526 Y71.516 E1.33808
G1 X65.179 Y71.516 E.00801
G1 X65.179 Y13.575 E1.33808
;WIDTH:0.423417
G1 X65.139 Y13.429 E.00392
;WIDTH:0.465328
G1 X65.099 Y13.282 E.00437
;WIDTH:0.507239
G1 X65.059 Y13.135 E.00479
G1 X64.913 Y13.096 E.00475
;WIDTH:0.465328
G1 X64.766 Y13.056 E.00437
;WIDTH:0.423417
G1 X64.619 Y13.016 E.00394
;WIDTH:0.381505
G1 X12.585 Y13.016 E1.20166
;WIDTH:0.423417
G1 X12.438 Y13.056 E.00394
;WIDTH:0.465328
G1 X12.292 Y13.096 E.00434
;WIDTH:0.507239
G1 X12.145 Y13.135 E.00478
G1 X12.105 Y13.282 E.00479
;WIDTH:0.465328
G1 X12.066 Y13.429 E.00436
;WIDTH:0.423417
G1 X12.026 Y13.575 E.00392
;WIDTH:0.381505
G1 X12.026 Y55.956 E.97874
G1 X12.392 Y56.383 F9000
;TYPE:External perimeter
;WIDTH:0.419999
G1 F1800
G1 X11.312 Y56.383 E.02771
G1 X11.312 Y12.303 E1.13085
G1 X65.892 Y12.303 E1.40022
G1 X65.892 Y71.883 E1.52849
G1 X64.812 Y71.883 E.02771
G1 X64.812 Y13.575 E1.49586
G1 X64.756 Y13.439 E.00377
G1 X64.619 Y13.383 E.0038
G1 X12.585 Y13.383 E1.3349
G1 X12.449 Y13.439 E.00377
G1 X12.392 Y13.575 E.00378
G1 X12.392 Y56.323 E1.09667
;LAYER_CHANGE
;Z:10.12
;HEIGHT:0.16
;BEFORE_LAYER_CHANGE
G92 E0
;10.12


G1 E-3.5 F3600
;WIPE_START
G1 F7200
G1 X12.392 Y56.383 E-.0285
G1 X11.312 Y56.383 E-.513
G1 X11.312 Y54.365 E-.9585
;WIPE_END
G1 Z10.12 F9000
;AFTER_LAYER_CHANGE
;10.12
G1 X12.026 Y107.169
G1 E5 F2400
;TYPE:Perimeter
;WIDTH:0.381505
G1 F3600
G1 X12.026 Y115.61 E.19493
;WIDTH:0.423417
G1 X12.066 Y115.756 E.00392
;WIDTH:0.465328
G1 X12.105 Y115.903 E.00436
;WIDTH:0.507239
G1 X12.145 Y116.05 E.00479
G1 X12.292 Y116.089 E.00478
;WIDTH:0.465328
G1 X12.438 Y116.129 E.00434
;WIDTH:0.423417
G1 X12.585 Y116.169 E.00394
;WIDTH:0.381505
G1 X64.619 Y116.169 E1.20166
;WIDTH:0.423417
G1 X64.766 Y116.129 E.00394
;WIDTH:0.465328
G1 X64.913 Y116.089 E.00437
;WIDTH:0.507239
G1 X65.059 Y116.05 E.00475
G1 X65.099 Y115.903 E.00479
;WIDTH:0.465328
G1 X65.139 Y115.756 E.00437
;WIDTH:0.423417
G1 X65.179 Y115.61 E.00392
;WIDTH:0.381505
G1 X65.179 Y92.669 E.52979
G1 X65.526 Y92.669 E.00801
G1 X65.526 Y92.843 E.00402
G1 X65.526 Y115.704 E.52795
;WIDTH:0.423417
G1 X65.505 Y115.954 E.00649
;WIDTH:0.465328
G1 X65.484 Y116.204 E.00719
;WIDTH:0.507239
G1 X65.463 Y116.453 E.00786
G1 X65.024 Y116.474 E.01383
;WIDTH:0.465328
G1 X64.822 Y116.495 E.00582
;WIDTH:0.423417
G1 X64.619 Y116.516 E.00528
;WIDTH:0.381505
G1 X12.585 Y116.516 E1.20166
;WIDTH:0.423417
G1 X12.304 Y116.495 E.00729
;WIDTH:0.465328
G1 X12.023 Y116.474 E.00808
;WIDTH:0.507239
G1 X11.742 Y116.453 E.00886
G1 X11.721 Y116.014 E.01383
;WIDTH:0.465328
G1 X11.7 Y115.812 E.00582
;WIDTH:0.423417
G1 X11.679 Y115.61 E.00526
;WIDTH:0.381505
G1 X11.679 Y107.169 E.19493
G1 X11.966 Y107.169 E.00663
G1 X12.392 Y106.803 F9000
;TYPE:External perimeter
;WIDTH:0.419999
G1 F1800
G1 X12.392 Y115.61 E.22594
G1 X12.449 Y115.746 E.00378
G1 X12.585 Y115.803 E.00378
G1 X64.619 Y115.803 E1.3349
G1 X64.756 Y115.746 E.00381
G1 X64.812 Y115.61 E.00377
G1 X64.812 Y92.303 E.59793
G1 X65.892 Y92.303 E.02771
G1 X65.892 Y116.883 E.63059
G1 X11.312 Y116.883 E1.40022
G1 X11.312 Y106.803 E.2586
G1 X12.332 Y106.803 E.02617
G1 E-3.5 F3600
;WIPE_START
G1 F7200
G1 X12.392 Y106.803 E-.0285
G1 X12.392 Y109.901 E-1.4715
;WIPE_END
G1 X12.026 Y56.016 F9000
G1 E5 F2400
;TYPE:Perimeter
;WIDTH:0.381505
G1 F3600
G1 X11.679 Y56.016 E.00801
G1 X11.679 Y13.575 E.98012
;WIDTH:0.423417
G1 X11.7 Y13.294 E.00729
;WIDTH:0.465328
G1 X11.721 Y13.013 E.00808
;WIDTH:0.507239
G1 X11.742 Y12.732 E.00886
G1 X12.18 Y12.711 E.01379
;WIDTH:0.465328
G1 X12.383 Y12.69 E.00585
;WIDTH:0.423417
G1 X12.585 Y12.669 E.00526
;WIDTH:0.381505
G1 X64.619 Y12.669 E1.20166
;WIDTH:0.423417
G1 X64.901 Y12.69 E.00732
;WIDTH:0.465328
G1 X65.182 Y12.711 E.00808
;WIDTH:0.507239
G1 X65.463 Y12.732 E.00886
G1 X65.463 Y12.968 E.00742
G1 X65.484 Y13.171 E.00642
;WIDTH:0.465328
G1 X65.505 Y13.373 E.00582
;WIDTH:0.423417
G1 X65.526 Y13.575 E.00526
;WIDTH:0.381505
G1 X65.526 Y71.516 E1.33808
G1 X65.179 Y71.516 E.00801
G1 X65.179 Y13.575 E1.33808
;WIDTH:0.423417
G1 X65.139 Y13.429 E.00392
;WIDTH:0.465328
G1 X65.099 Y13.282 E.00437
;WIDTH:0.507239
G1 X65.059 Y13.135 E.00479
G1 X64.913 Y13.096 E.00475
;WIDTH:0.465328
G1 X64.766 Y13.056 E.00437
;WIDTH:0.423417
G1 X64.619 Y13.016 E.00394
;WIDTH:0.381505
G1 X12.585 Y13.016 E1.20166
;WIDTH:0.423417
G1 X12.438 Y13.056 E.00394
;WIDTH:0.465328
G1 X12.292 Y13.096 E.00434
;WIDTH:0.507239
G1 X12.145 Y13.135 E.00478
G1 X12.105 Y13.282 E.00479
;WIDTH:0.465328
G1 X12.066 Y13.429 E.00436
;WIDTH:0.423417
G1 X12.026 Y13.575 E.00392
;WIDTH:0.381505
G1 X12.026 Y55.956 E.97874
G1 X12.392 Y56.383 F9000
;TYPE:External perimeter
;WIDTH:0.419999
G1 F1800
G1 X11.312 Y56.383 E.02771
G1 X11.312 Y12.303 E1.13085
G1 X65.892 Y12.303 E1.40022
G1 X65.892 Y71.883 E1.52849
G1 X64.812 Y71.883 E.02771
G1 X64.812 Y13.575 E1.49586
G1 X64.756 Y13.439 E.00377
G1 X64.619 Y13.383 E.0038
G1 X12.585 Y13.383 E1.3349
G1 X12.449 Y13.439 E.00377
G1 X12.392 Y13.575 E.00378
G1 X12.392 Y56.323 E1.09667
;LAYER_CHANGE
;Z:10.28
;HEIGHT:0.16
;BEFORE_LAYER_CHANGE
G92 E0
;10.28


G1 E-3.5 F3600
;WIPE_START
G1 F7200
G1 X12.392 Y56.383 E-.0285
G1 X11.312 Y56.383 E-.513
G1 X11.312 Y54.365 E-.9585
;WIPE_END
G1 Z10.28 F9000
;AFTER_LAYER_CHANGE
;10.28
G1 X12.026 Y107.169
G1 E5 F2400
;TYPE:Perimeter
;WIDTH:0.381505
G1 F3600
G1 X12.026 Y115.61 E.19493
;WIDTH:0.423417
G1 X12.066 Y115.756 E.00392
;WIDTH:0.465328
G1 X12.105 Y115.903 E.00436
;WIDTH:0.507239
G1 X12.145 Y116.05 E.00479
G1 X12.292 Y116.089 E.00478
;WIDTH:0.465328
G1 X12.438 Y116.129 E.00434
;WIDTH:0.423417
G1 X12.585 Y116.169 E.00394
;WIDTH:0.381505
G1 X64.619 Y116.169 E1.20166
;WIDTH:0.423417
G1 X64.766 Y116.129 E.00394
;WIDTH:0.465328
G1 X64.913 Y116.089 E.00437
;WIDTH:0.507239
G1 X65.059 Y116.05 E.00475
G1 X65.099 Y115.903 E.00479
;WIDTH:0.465328
G1 X65.139 Y115.756 E.00437
;WIDTH:0.423417
G1 X65.179 Y115.61 E.00392
;WIDTH:0.381505
G1 X65.179 Y92.669 E.52979
G1 X65.526 Y92.669 E.00801
G1 X65.526 Y92.843 E.00402
G1 X65.526 Y115.704 E.52795
;WIDTH:0.423417
G1 X65.505 Y115.954 E.00649
;WIDTH:0.465328
G1 X65.484 Y116.204 E.00719
;WIDTH:0.507239
G1 X65.463 Y116.453 E.00786
G1 X65.024 Y116.474 E.01383
;WIDTH:0.465328
G1 X64.822 Y116.495 E.00582
;WIDTH:0.423417
G1 X64.619 Y116.516 E.00528
;WIDTH:0.381505
G1 X12.585 Y116.516 E1.20166
;WIDTH:0.423417
G1 X12.304 Y116.495 E.00729
;WIDTH:0.465328
G1 X12.023 Y116.474 E.00808
;WIDTH:0.507239
G1 X11.742 Y116.453 E.00886
G1 X11.721 Y116.014 E.01383
;WIDTH:0.465328
G1 X11.7 Y115.812 E.00582
;WIDTH:0.423417
G1 X11.679 Y115.61 E.00526
;WIDTH:0.381505
G1 X11.679 Y107.169 E.19493
G1 X11.966 Y107.169 E.00663
G1 X12.392 Y106.803 F9000
;TYPE:External perimeter
;WIDTH:0.419999
G1 F1800
G1 X12.392 Y115.61 E.22594
G1 X12.449 Y115.746 E.00378
G1 X12.585 Y115.803 E.00378
G1 X64.619 Y115.803 E1.3349
G1 X64.756 Y115.746 E.00381
G1 X64.812 Y115.61 E.00377
G1 X64.812 Y92.303 E.59793
G1 X65.892 Y92.303 E.02771
G1 X65.892 Y116.883 E.63059
G1 X11.312 Y116.883 E1.40022
G1 X11.312 Y106.803 E.2586
G1 X12.332 Y106.803 E.02617
G1 E-3.5 F3600
;WIPE_START
G1 F7200
G1 X12.392 Y106.803 E-.0285
G1 X12.392 Y109.901 E-1.4715
;WIPE_END
G1 X12.026 Y56.016 F9000
G1 E5 F2400
;TYPE:Perimeter
;WIDTH:0.381505
G1 F3600
G1 X11.679 Y56.016 E.00801
G1 X11.679 Y13.575 E.98012
;WIDTH:0.423417
G1 X11.7 Y13.294 E.00729
;WIDTH:0.465328
G1 X11.721 Y13.013 E.00808
;WIDTH:0.507239
G1 X11.742 Y12.732 E.00886
G1 X12.18 Y12.711 E.01379
;WIDTH:0.465328
G1 X12.383 Y12.69 E.00585
;WIDTH:0.423417
G1 X12.585 Y12.669 E.00526
;WIDTH:0.381505
G1 X64.619 Y12.669 E1.20166
;WIDTH:0.423417
G1 X64.901 Y12.69 E.00732
;WIDTH:0.465328
G1 X65.182 Y12.711 E.00808
;WIDTH:0.507239
G1 X65.463 Y12.732 E.00886
G1 X65.463 Y12.968 E.00742
G1 X65.484 Y13.171 E.00642
;WIDTH:0.465328
G1 X65.505 Y13.373 E.00582
;WIDTH:0.423417
G1 X65.526 Y13.575 E.00526
;WIDTH:0.381505
G1 X65.526 Y71.516 E1.33808
G1 X65.179 Y71.516 E.00801
G1 X65.179 Y13.575 E1.33808
;WIDTH:0.423417
G1 X65.139 Y13.429 E.00392
;WIDTH:0.465328
G1 X65.099 Y13.282 E.00437
;WIDTH:0.507239
G1 X65.059 Y13.135 E.00479
G1 X64.913 Y13.096 E.00475
;WIDTH:0.465328
G1 X64.766 Y13.056 E.00437
;WIDTH:0.423417
G1 X64.619 Y13.016 E.00394
;WIDTH:0.381505
G1 X12.585 Y13.016 E1.20166
;WIDTH:0.423417
G1 X12.438 Y13.056 E.00394
;WIDTH:0.465328
G1 X12.292 Y13.096 E.00434
;WIDTH:0.507239
G1 X12.145 Y13.135 E.00478
G1 X12.105 Y13.282 E.00479
;WIDTH:0.465328
G1 X12.066 Y13.429 E.00436
;WIDTH:0.423417
G1 X12.026 Y13.575 E.00392
;WIDTH:0.381505
G1 X12.026 Y55.956 E.97874
G1 X12.392 Y56.383 F9000
;TYPE:External perimeter
;WIDTH:0.419999
G1 F1800
G1 X11.312 Y56.383 E.02771
G1 X11.312 Y12.303 E1.13085
G1 X65.892 Y12.303 E1.40022
G1 X65.892 Y71.883 E1.52849
G1 X64.812 Y71.883 E.02771
G1 X64.812 Y13.575 E1.49586
G1 X64.756 Y13.439 E.00377
G1 X64.619 Y13.383 E.0038
G1 X12.585 Y13.383 E1.3349
G1 X12.449 Y13.439 E.00377
G1 X12.392 Y13.575 E.00378
G1 X12.392 Y56.323 E1.09667
;LAYER_CHANGE
;Z:10.44
;HEIGHT:0.16
;BEFORE_LAYER_CHANGE
G92 E0
;10.44


G1 E-3.5 F3600
;WIPE_START
G1 F7200
G1 X12.392 Y56.383 E-.0285
G1 X11.312 Y56.383 E-.513
G1 X11.312 Y54.365 E-.9585
;WIPE_END
G1 Z10.44 F9000
;AFTER_LAYER_CHANGE
;10.44
G1 X12.026 Y107.169
G1 E5 F2400
;TYPE:Perimeter
;WIDTH:0.381505
G1 F3600
G1 X12.026 Y115.61 E.19493
;WIDTH:0.423417
G1 X12.066 Y115.756 E.00392
;WIDTH:0.465328
G1 X12.105 Y115.903 E.00436
;WIDTH:0.507239
G1 X12.145 Y116.05 E.00479
G1 X12.292 Y116.089 E.00478
;WIDTH:0.465328
G1 X12.438 Y116.129 E.00434
;WIDTH:0.423417
G1 X12.585 Y116.169 E.00394
;WIDTH:0.381505
G1 X64.619 Y116.169 E1.20166
;WIDTH:0.423417
G1 X64.766 Y116.129 E.00394
;WIDTH:0.465328
G1 X64.913 Y116.089 E.00437
;WIDTH:0.507239
G1 X65.059 Y116.05 E.00475
G1 X65.099 Y115.903 E.00479
;WIDTH:0.465328
G1 X65.139 Y115.756 E.00437
;WIDTH:0.423417
G1 X65.179 Y115.61 E.00392
;WIDTH:0.381505
G1 X65.179 Y92.669 E.52979
G1 X65.526 Y92.669 E.00801
G1 X65.526 Y92.843 E.00402
G1 X65.526 Y115.704 E.52795
;WIDTH:0.423417
G1 X65.505 Y115.954 E.00649
;WIDTH:0.465328
G1 X65.484 Y116.204 E.00719
;WIDTH:0.507239
G1 X65.463 Y116.453 E.00786
G1 X65.024 Y116.474 E.01383
;WIDTH:0.465328
G1 X64.822 Y116.495 E.00582
;WIDTH:0.423417
G1 X64.619 Y116.516 E.00528
;WIDTH:0.381505
G1 X12.585 Y116.516 E1.20166
;WIDTH:0.423417
G1 X12.304 Y116.495 E.00729
;WIDTH:0.465328
G1 X12.023 Y116.474 E.00808
;WIDTH:0.507239
G1 X11.742 Y116.453 E.00886
G1 X11.721 Y116.014 E.01383
;WIDTH:0.465328
G1 X11.7 Y115.812 E.00582
;WIDTH:0.423417
G1 X11.679 Y115.61 E.00526
;WIDTH:0.381505
G1 X11.679 Y107.169 E.19493
G1 X11.966 Y107.169 E.00663
G1 X12.392 Y106.803 F9000
;TYPE:External perimeter
;WIDTH:0.419999
G1 F1800
G1 X12.392 Y115.61 E.22594
G1 X12.449 Y115.746 E.00378
G1 X12.585 Y115.803 E.00378
G1 X64.619 Y115.803 E1.3349
G1 X64.756 Y115.746 E.00381
G1 X64.812 Y115.61 E.00377
G1 X64.812 Y92.303 E.59793
G1 X65.892 Y92.303 E.02771
G1 X65.892 Y116.883 E.63059
G1 X11.312 Y116.883 E1.40022
G1 X11.312 Y106.803 E.2586
G1 X12.332 Y106.803 E.02617
G1 E-3.5 F3600
;WIPE_START
G1 F7200
G1 X12.392 Y106.803 E-.0285
G1 X12.392 Y109.901 E-1.4715
;WIPE_END
G1 X12.026 Y56.016 F9000
G1 E5 F2400
;TYPE:Perimeter
;WIDTH:0.381505
G1 F3600
G1 X11.679 Y56.016 E.00801
G1 X11.679 Y13.575 E.98012
;WIDTH:0.423417
G1 X11.7 Y13.294 E.00729
;WIDTH:0.465328
G1 X11.721 Y13.013 E.00808
;WIDTH:0.507239
G1 X11.742 Y12.732 E.00886
G1 X12.18 Y12.711 E.01379
;WIDTH:0.465328
G1 X12.383 Y12.69 E.00585
;WIDTH:0.423417
G1 X12.585 Y12.669 E.00526
;WIDTH:0.381505
G1 X64.619 Y12.669 E1.20166
;WIDTH:0.423417
G1 X64.901 Y12.69 E.00732
;WIDTH:0.465328
G1 X65.182 Y12.711 E.00808
;WIDTH:0.507239
G1 X65.463 Y12.732 E.00886
G1 X65.463 Y12.968 E.00742
G1 X65.484 Y13.171 E.00642
;WIDTH:0.465328
G1 X65.505 Y13.373 E.00582
;WIDTH:0.423417
G1 X65.526 Y13.575 E.00526
;WIDTH:0.381505
G1 X65.526 Y71.516 E1.33808
G1 X65.179 Y71.516 E.00801
G1 X65.179 Y13.575 E1.33808
;WIDTH:0.423417
G1 X65.139 Y13.429 E.00392
;WIDTH:0.465328
G1 X65.099 Y13.282 E.00437
;WIDTH:0.507239
G1 X65.059 Y13.135 E.00479
G1 X64.913 Y13.096 E.00475
;WIDTH:0.465328
G1 X64.766 Y13.056 E.00437
;WIDTH:0.423417
G1 X64.619 Y13.016 E.00394
;WIDTH:0.381505
G1 X12.585 Y13.016 E1.20166
;WIDTH:0.423417
G1 X12.438 Y13.056 E.00394
;WIDTH:0.465328
G1 X12.292 Y13.096 E.00434
;WIDTH:0.507239
G1 X12.145 Y13.135 E.00478
G1 X12.105 Y13.282 E.00479
;WIDTH:0.465328
G1 X12.066 Y13.429 E.00436
;WIDTH:0.423417
G1 X12.026 Y13.575 E.00392
;WIDTH:0.381505
G1 X12.026 Y55.956 E.97874
G1 X12.392 Y56.383 F9000
;TYPE:External perimeter
;WIDTH:0.419999
G1 F1800
G1 X11.312 Y56.383 E.02771
G1 X11.312 Y12.303 E1.13085
G1 X65.892 Y12.303 E1.40022
G1 X65.892 Y71.883 E1.52849
G1 X64.812 Y71.883 E.02771
G1 X64.812 Y13.575 E1.49586
G1 X64.756 Y13.439 E.00377
G1 X64.619 Y13.383 E.0038
G1 X12.585 Y13.383 E1.3349
G1 X12.449 Y13.439 E.00377
G1 X12.392 Y13.575 E.00378
G1 X12.392 Y56.323 E1.09667
;LAYER_CHANGE
;Z:10.6
;HEIGHT:0.160001
;BEFORE_LAYER_CHANGE
G92 E0
;10.6


G1 E-3.5 F3600
;WIPE_START
G1 F7200
G1 X12.392 Y56.383 E-.0285
G1 X11.312 Y56.383 E-.513
G1 X11.312 Y54.365 E-.9585
;WIPE_END
G1 Z10.6 F9000
;AFTER_LAYER_CHANGE
;10.6
G1 X12.026 Y107.169
G1 E5 F2400
;TYPE:Perimeter
;WIDTH:0.381505
G1 F3600
G1 X12.026 Y115.61 E.19493
;WIDTH:0.423417
G1 X12.066 Y115.756 E.00392
;WIDTH:0.465328
G1 X12.105 Y115.903 E.00436
;WIDTH:0.507239
G1 X12.145 Y116.05 E.00479
G1 X12.292 Y116.089 E.00478
;WIDTH:0.465328
G1 X12.438 Y116.129 E.00434
;WIDTH:0.423417
G1 X12.585 Y116.169 E.00394
;WIDTH:0.381505
G1 X64.619 Y116.169 E1.20166
;WIDTH:0.423417
G1 X64.766 Y116.129 E.00394
;WIDTH:0.465328
G1 X64.913 Y116.089 E.00437
;WIDTH:0.507239
G1 X65.059 Y116.05 E.00475
G1 X65.099 Y115.903 E.00479
;WIDTH:0.465328
G1 X65.139 Y115.756 E.00437
;WIDTH:0.423417
G1 X65.179 Y115.61 E.00392
;WIDTH:0.381505
G1 X65.179 Y92.669 E.52979
G1 X65.526 Y92.669 E.00801
G1 X65.526 Y92.843 E.00402
G1 X65.526 Y115.704 E.52795
;WIDTH:0.423417
G1 X65.505 Y115.954 E.00649
;WIDTH:0.465328
G1 X65.484 Y116.204 E.00719
;WIDTH:0.507239
G1 X65.463 Y116.453 E.00786
G1 X65.024 Y116.474 E.01383
;WIDTH:0.465328
G1 X64.822 Y116.495 E.00582
;WIDTH:0.423417
G1 X64.619 Y116.516 E.00528
;WIDTH:0.381505
G1 X12.585 Y116.516 E1.20166
;WIDTH:0.423417
G1 X12.304 Y116.495 E.00729
;WIDTH:0.465328
G1 X12.023 Y116.474 E.00808
;WIDTH:0.507239
G1 X11.742 Y116.453 E.00886
G1 X11.721 Y116.014 E.01383
;WIDTH:0.465328
G1 X11.7 Y115.812 E.00582
;WIDTH:0.423417
G1 X11.679 Y115.61 E.00526
;WIDTH:0.381505
G1 X11.679 Y107.169 E.19493
G1 X11.966 Y107.169 E.00663
G1 X12.392 Y106.803 F9000
;TYPE:External perimeter
;WIDTH:0.419999
G1 F1800
G1 X12.392 Y115.61 E.22594
G1 X12.449 Y115.746 E.00378
G1 X12.585 Y115.803 E.00378
G1 X64.619 Y115.803 E1.3349
G1 X64.756 Y115.746 E.00381
G1 X64.812 Y115.61 E.00377
G1 X64.812 Y92.303 E.59793
G1 X65.892 Y92.303 E.02771
G1 X65.892 Y116.883 E.63059
G1 X11.312 Y116.883 E1.40022
G1 X11.312 Y106.803 E.2586
G1 X12.332 Y106.803 E.02617
G1 E-3.5 F3600
;WIPE_START
G1 F7200
G1 X12.392 Y106.803 E-.0285
G1 X12.392 Y109.901 E-1.4715
;WIPE_END
G1 X12.026 Y56.016 F9000
G1 E5 F2400
;TYPE:Perimeter
;WIDTH:0.381505
G1 F3600
G1 X11.679 Y56.016 E.00801
G1 X11.679 Y13.575 E.98012
;WIDTH:0.423417
G1 X11.7 Y13.294 E.00729
;WIDTH:0.465328
G1 X11.721 Y13.013 E.00808
;WIDTH:0.507239
G1 X11.742 Y12.732 E.00886
G1 X12.18 Y12.711 E.01379
;WIDTH:0.465328
G1 X12.383 Y12.69 E.00585
;WIDTH:0.423417
G1 X12.585 Y12.669 E.00526
;WIDTH:0.381505
G1 X64.619 Y12.669 E1.20166
;WIDTH:0.423417
G1 X64.901 Y12.69 E.00732
;WIDTH:0.465328
G1 X65.182 Y12.711 E.00808
;WIDTH:0.507239
G1 X65.463 Y12.732 E.00886
G1 X65.463 Y12.968 E.00742
G1 X65.484 Y13.171 E.00642
;WIDTH:0.465328
G1 X65.505 Y13.373 E.00582
;WIDTH:0.423417
G1 X65.526 Y13.575 E.00526
;WIDTH:0.381505
G1 X65.526 Y71.516 E1.33808
G1 X65.179 Y71.516 E.00801
G1 X65.179 Y13.575 E1.33808
;WIDTH:0.423417
G1 X65.139 Y13.429 E.00392
;WIDTH:0.465328
G1 X65.099 Y13.282 E.00437
;WIDTH:0.507239
G1 X65.059 Y13.135 E.00479
G1 X64.913 Y13.096 E.00475
;WIDTH:0.465328
G1 X64.766 Y13.056 E.00437
;WIDTH:0.423417
G1 X64.619 Y13.016 E.00394
;WIDTH:0.381505
G1 X12.585 Y13.016 E1.20166
;WIDTH:0.423417
G1 X12.438 Y13.056 E.00394
;WIDTH:0.465328
G1 X12.292 Y13.096 E.00434
;WIDTH:0.507239
G1 X12.145 Y13.135 E.00478
G1 X12.105 Y13.282 E.00479
;WIDTH:0.465328
G1 X12.066 Y13.429 E.00436
;WIDTH:0.423417
G1 X12.026 Y13.575 E.00392
;WIDTH:0.381505
G1 X12.026 Y55.956 E.97874
G1 X12.392 Y56.383 F9000
;TYPE:External perimeter
;WIDTH:0.419999
G1 F1800
G1 X11.312 Y56.383 E.02771
G1 X11.312 Y12.303 E1.13085
G1 X65.892 Y12.303 E1.40022
G1 X65.892 Y71.883 E1.52849
G1 X64.812 Y71.883 E.02771
G1 X64.812 Y13.575 E1.49586
G1 X64.756 Y13.439 E.00377
G1 X64.619 Y13.383 E.0038
G1 X12.585 Y13.383 E1.3349
G1 X12.449 Y13.439 E.00377
G1 X12.392 Y13.575 E.00378
G1 X12.392 Y56.323 E1.09667
;LAYER_CHANGE
;Z:10.76
;HEIGHT:0.16
;BEFORE_LAYER_CHANGE
G92 E0
;10.76


G1 E-3.5 F3600
;WIPE_START
G1 F7200
G1 X12.392 Y56.383 E-.0285
G1 X11.312 Y56.383 E-.513
G1 X11.312 Y54.365 E-.9585
;WIPE_END
G1 Z10.76 F9000
;AFTER_LAYER_CHANGE
;10.76
G1 X12.026 Y107.169
G1 E5 F2400
;TYPE:Perimeter
;WIDTH:0.381505
G1 F3600
G1 X12.026 Y115.61 E.19493
;WIDTH:0.423417
G1 X12.066 Y115.756 E.00392
;WIDTH:0.465328
G1 X12.105 Y115.903 E.00436
;WIDTH:0.507239
G1 X12.145 Y116.05 E.00479
G1 X12.292 Y116.089 E.00478
;WIDTH:0.465328
G1 X12.438 Y116.129 E.00434
;WIDTH:0.423417
G1 X12.585 Y116.169 E.00394
;WIDTH:0.381505
G1 X64.619 Y116.169 E1.20166
;WIDTH:0.423417
G1 X64.766 Y116.129 E.00394
;WIDTH:0.465328
G1 X64.913 Y116.089 E.00437
;WIDTH:0.507239
G1 X65.059 Y116.05 E.00475
G1 X65.099 Y115.903 E.00479
;WIDTH:0.465328
G1 X65.139 Y115.756 E.00437
;WIDTH:0.423417
G1 X65.179 Y115.61 E.00392
;WIDTH:0.381505
G1 X65.179 Y92.669 E.52979
G1 X65.526 Y92.669 E.00801
G1 X65.526 Y92.843 E.00402
G1 X65.526 Y115.704 E.52795
;WIDTH:0.423417
G1 X65.505 Y115.954 E.00649
;WIDTH:0.465328
G1 X65.484 Y116.204 E.00719
;WIDTH:0.507239
G1 X65.463 Y116.453 E.00786
G1 X65.024 Y116.474 E.01383
;WIDTH:0.465328
G1 X64.822 Y116.495 E.00582
;WIDTH:0.423417
G1 X64.619 Y116.516 E.00528
;WIDTH:0.381505
G1 X12.585 Y116.516 E1.20166
;WIDTH:0.423417
G1 X12.304 Y116.495 E.00729
;WIDTH:0.465328
G1 X12.023 Y116.474 E.00808
;WIDTH:0.507239
G1 X11.742 Y116.453 E.00886
G1 X11.721 Y116.014 E.01383
;WIDTH:0.465328
G1 X11.7 Y115.812 E.00582
;WIDTH:0.423417
G1 X11.679 Y115.61 E.00526
;WIDTH:0.381505
G1 X11.679 Y107.169 E.19493
G1 X11.966 Y107.169 E.00663
G1 X12.392 Y106.803 F9000
;TYPE:External perimeter
;WIDTH:0.419999
G1 F1800
G1 X12.392 Y115.61 E.22594
G1 X12.449 Y115.746 E.00378
G1 X12.585 Y115.803 E.00378
G1 X64.619 Y115.803 E1.3349
G1 X64.756 Y115.746 E.00381
G1 X64.812 Y115.61 E.00377
G1 X64.812 Y92.303 E.59793
G1 X65.892 Y92.303 E.02771
G1 X65.892 Y116.883 E.63059
G1 X11.312 Y116.883 E1.40022
G1 X11.312 Y106.803 E.2586
G1 X12.332 Y106.803 E.02617
G1 E-3.5 F3600
;WIPE_START
G1 F7200
G1 X12.392 Y106.803 E-.0285
G1 X12.392 Y109.901 E-1.4715
;WIPE_END
G1 X12.026 Y56.016 F9000
G1 E5 F2400
;TYPE:Perimeter
;WIDTH:0.381505
G1 F3600
G1 X11.679 Y56.016 E.00801
G1 X11.679 Y13.575 E.98012
;WIDTH:0.423417
G1 X11.7 Y13.294 E.00729
;WIDTH:0.465328
G1 X11.721 Y13.013 E.00808
;WIDTH:0.507239
G1 X11.742 Y12.732 E.00886
G1 X12.18 Y12.711 E.01379
;WIDTH:0.465328
G1 X12.383 Y12.69 E.00585
;WIDTH:0.423417
G1 X12.585 Y12.669 E.00526
;WIDTH:0.381505
G1 X64.619 Y12.669 E1.20166
;WIDTH:0.423417
G1 X64.901 Y12.69 E.00732
;WIDTH:0.465328
G1 X65.182 Y12.711 E.00808
;WIDTH:0.507239
G1 X65.463 Y12.732 E.00886
G1 X65.463 Y12.968 E.00742
G1 X65.484 Y13.171 E.00642
;WIDTH:0.465328
G1 X65.505 Y13.373 E.00582
;WIDTH:0.423417
G1 X65.526 Y13.575 E.00526
;WIDTH:0.381505
G1 X65.526 Y71.516 E1.33808
G1 X65.179 Y71.516 E.00801
G1 X65.179 Y13.575 E1.33808
;WIDTH:0.423417
G1 X65.139 Y13.429 E.00392
;WIDTH:0.465328
G1 X65.099 Y13.282 E.00437
;WIDTH:0.507239
G1 X65.059 Y13.135 E.00479
G1 X64.913 Y13.096 E.00475
;WIDTH:0.465328
G1 X64.766 Y13.056 E.00437
;WIDTH:0.423417
G1 X64.619 Y13.016 E.00394
;WIDTH:0.381505
G1 X12.585 Y13.016 E1.20166
;WIDTH:0.423417
G1 X12.438 Y13.056 E.00394
;WIDTH:0.465328
G1 X12.292 Y13.096 E.00434
;WIDTH:0.507239
G1 X12.145 Y13.135 E.00478
G1 X12.105 Y13.282 E.00479
;WIDTH:0.465328
G1 X12.066 Y13.429 E.00436
;WIDTH:0.423417
G1 X12.026 Y13.575 E.00392
;WIDTH:0.381505
G1 X12.026 Y55.956 E.97874
G1 X12.392 Y56.383 F9000
;TYPE:External perimeter
;WIDTH:0.419999
G1 F1800
G1 X11.312 Y56.383 E.02771
G1 X11.312 Y12.303 E1.13085
G1 X65.892 Y12.303 E1.40022
G1 X65.892 Y71.883 E1.52849
G1 X64.812 Y71.883 E.02771
G1 X64.812 Y13.575 E1.49586
G1 X64.756 Y13.439 E.00377
G1 X64.619 Y13.383 E.0038
G1 X12.585 Y13.383 E1.3349
G1 X12.449 Y13.439 E.00377
G1 X12.392 Y13.575 E.00378
G1 X12.392 Y56.323 E1.09667
;LAYER_CHANGE
;Z:10.92
;HEIGHT:0.16
;BEFORE_LAYER_CHANGE
G92 E0
;10.92


G1 E-3.5 F3600
;WIPE_START
G1 F7200
G1 X12.392 Y56.383 E-.0285
G1 X11.312 Y56.383 E-.513
G1 X11.312 Y54.365 E-.9585
;WIPE_END
G1 Z10.92 F9000
;AFTER_LAYER_CHANGE
;10.92
G1 X12.026 Y107.169
G1 E5 F2400
;TYPE:Perimeter
;WIDTH:0.381505
G1 F3600
G1 X12.026 Y115.61 E.19493
;WIDTH:0.423417
G1 X12.066 Y115.756 E.00392
;WIDTH:0.465328
G1 X12.105 Y115.903 E.00436
;WIDTH:0.507239
G1 X12.145 Y116.05 E.00479
G1 X12.292 Y116.089 E.00478
;WIDTH:0.465328
G1 X12.438 Y116.129 E.00434
;WIDTH:0.423417
G1 X12.585 Y116.169 E.00394
;WIDTH:0.381505
G1 X64.619 Y116.169 E1.20166
;WIDTH:0.423417
G1 X64.766 Y116.129 E.00394
;WIDTH:0.465328
G1 X64.913 Y116.089 E.00437
;WIDTH:0.507239
G1 X65.059 Y116.05 E.00475
G1 X65.099 Y115.903 E.00479
;WIDTH:0.465328
G1 X65.139 Y115.756 E.00437
;WIDTH:0.423417
G1 X65.179 Y115.61 E.00392
;WIDTH:0.381505
G1 X65.179 Y92.669 E.52979
G1 X65.526 Y92.669 E.00801
G1 X65.526 Y92.843 E.00402
G1 X65.526 Y115.704 E.52795
;WIDTH:0.423417
G1 X65.505 Y115.954 E.00649
;WIDTH:0.465328
G1 X65.484 Y116.204 E.00719
;WIDTH:0.507239
G1 X65.463 Y116.453 E.00786
G1 X65.024 Y116.474 E.01383
;WIDTH:0.465328
G1 X64.822 Y116.495 E.00582
;WIDTH:0.423417
G1 X64.619 Y116.516 E.00528
;WIDTH:0.381505
G1 X12.585 Y116.516 E1.20166
;WIDTH:0.423417
G1 X12.304 Y116.495 E.00729
;WIDTH:0.465328
G1 X12.023 Y116.474 E.00808
;WIDTH:0.507239
G1 X11.742 Y116.453 E.00886
G1 X11.721 Y116.014 E.01383
;WIDTH:0.465328
G1 X11.7 Y115.812 E.00582
;WIDTH:0.423417
G1 X11.679 Y115.61 E.00526
;WIDTH:0.381505
G1 X11.679 Y107.169 E.19493
G1 X11.966 Y107.169 E.00663
G1 X12.392 Y106.803 F9000
;TYPE:External perimeter
;WIDTH:0.419999
G1 F1800
G1 X12.392 Y115.61 E.22594
G1 X12.449 Y115.746 E.00378
G1 X12.585 Y115.803 E.00378
G1 X64.619 Y115.803 E1.3349
G1 X64.756 Y115.746 E.00381
G1 X64.812 Y115.61 E.00377
G1 X64.812 Y92.303 E.59793
G1 X65.892 Y92.303 E.02771
G1 X65.892 Y116.883 E.63059
G1 X11.312 Y116.883 E1.40022
G1 X11.312 Y106.803 E.2586
G1 X12.332 Y106.803 E.02617
G1 E-3.5 F3600
;WIPE_START
G1 F7200
G1 X12.392 Y106.803 E-.0285
G1 X12.392 Y109.901 E-1.4715
;WIPE_END
G1 X12.026 Y56.016 F9000
G1 E5 F2400
;TYPE:Perimeter
;WIDTH:0.381505
G1 F3600
G1 X11.679 Y56.016 E.00801
G1 X11.679 Y13.575 E.98012
;WIDTH:0.423417
G1 X11.7 Y13.294 E.00729
;WIDTH:0.465328
G1 X11.721 Y13.013 E.00808
;WIDTH:0.507239
G1 X11.742 Y12.732 E.00886
G1 X12.18 Y12.711 E.01379
;WIDTH:0.465328
G1 X12.383 Y12.69 E.00585
;WIDTH:0.423417
G1 X12.585 Y12.669 E.00526
;WIDTH:0.381505
G1 X64.619 Y12.669 E1.20166
;WIDTH:0.423417
G1 X64.901 Y12.69 E.00732
;WIDTH:0.465328
G1 X65.182 Y12.711 E.00808
;WIDTH:0.507239
G1 X65.463 Y12.732 E.00886
G1 X65.463 Y12.968 E.00742
G1 X65.484 Y13.171 E.00642
;WIDTH:0.465328
G1 X65.505 Y13.373 E.00582
;WIDTH:0.423417
G1 X65.526 Y13.575 E.00526
;WIDTH:0.381505
G1 X65.526 Y71.516 E1.33808
G1 X65.179 Y71.516 E.00801
G1 X65.179 Y13.575 E1.33808
;WIDTH:0.423417
G1 X65.139 Y13.429 E.00392
;WIDTH:0.465328
G1 X65.099 Y13.282 E.00437
;WIDTH:0.507239
G1 X65.059 Y13.135 E.00479
G1 X64.913 Y13.096 E.00475
;WIDTH:0.465328
G1 X64.766 Y13.056 E.00437
;WIDTH:0.423417
G1 X64.619 Y13.016 E.00394
;WIDTH:0.381505
G1 X12.585 Y13.016 E1.20166
;WIDTH:0.423417
G1 X12.438 Y13.056 E.00394
;WIDTH:0.465328
G1 X12.292 Y13.096 E.00434
;WIDTH:0.507239
G1 X12.145 Y13.135 E.00478
G1 X12.105 Y13.282 E.00479
;WIDTH:0.465328
G1 X12.066 Y13.429 E.00436
;WIDTH:0.423417
G1 X12.026 Y13.575 E.00392
;WIDTH:0.381505
G1 X12.026 Y55.956 E.97874
G1 X12.392 Y56.383 F9000
;TYPE:External perimeter
;WIDTH:0.419999
G1 F1800
G1 X11.312 Y56.383 E.02771
G1 X11.312 Y12.303 E1.13085
G1 X65.892 Y12.303 E1.40022
G1 X65.892 Y71.883 E1.52849
G1 X64.812 Y71.883 E.02771
G1 X64.812 Y13.575 E1.49586
G1 X64.756 Y13.439 E.00377
G1 X64.619 Y13.383 E.0038
G1 X12.585 Y13.383 E1.3349
G1 X12.449 Y13.439 E.00377
G1 X12.392 Y13.575 E.00378
G1 X12.392 Y56.323 E1.09667
;LAYER_CHANGE
;Z:11.08
;HEIGHT:0.16
;BEFORE_LAYER_CHANGE
G92 E0
;11.08


G1 E-3.5 F3600
;WIPE_START
G1 F7200
G1 X12.392 Y56.383 E-.0285
G1 X11.312 Y56.383 E-.513
G1 X11.312 Y54.365 E-.9585
;WIPE_END
G1 Z11.08 F9000
;AFTER_LAYER_CHANGE
;11.08
G1 X12.026 Y107.169
G1 E5 F2400
;TYPE:Perimeter
;WIDTH:0.381505
G1 F3600
G1 X12.026 Y115.61 E.19493
;WIDTH:0.423417
G1 X12.066 Y115.756 E.00392
;WIDTH:0.465328
G1 X12.105 Y115.903 E.00436
;WIDTH:0.507239
G1 X12.145 Y116.05 E.00479
G1 X12.292 Y116.089 E.00478
;WIDTH:0.465328
G1 X12.438 Y116.129 E.00434
;WIDTH:0.423417
G1 X12.585 Y116.169 E.00394
;WIDTH:0.381505
G1 X64.619 Y116.169 E1.20166
;WIDTH:0.423417
G1 X64.766 Y116.129 E.00394
;WIDTH:0.465328
G1 X64.913 Y116.089 E.00437
;WIDTH:0.507239
G1 X65.059 Y116.05 E.00475
G1 X65.099 Y115.903 E.00479
;WIDTH:0.465328
G1 X65.139 Y115.756 E.00437
;WIDTH:0.423417
G1 X65.179 Y115.61 E.00392
;WIDTH:0.381505
G1 X65.179 Y92.669 E.52979
G1 X65.526 Y92.669 E.00801
G1 X65.526 Y92.843 E.00402
G1 X65.526 Y115.704 E.52795
;WIDTH:0.423417
G1 X65.505 Y115.954 E.00649
;WIDTH:0.465328
G1 X65.484 Y116.204 E.00719
;WIDTH:0.507239
G1 X65.463 Y116.453 E.00786
G1 X65.024 Y116.474 E.01383
;WIDTH:0.465328
G1 X64.822 Y116.495 E.00582
;WIDTH:0.423417
G1 X64.619 Y116.516 E.00528
;WIDTH:0.381505
G1 X12.585 Y116.516 E1.20166
;WIDTH:0.423417
G1 X12.304 Y116.495 E.00729
;WIDTH:0.465328
G1 X12.023 Y116.474 E.00808
;WIDTH:0.507239
G1 X11.742 Y116.453 E.00886
G1 X11.721 Y116.014 E.01383
;WIDTH:0.465328
G1 X11.7 Y115.812 E.00582
;WIDTH:0.423417
G1 X11.679 Y115.61 E.00526
;WIDTH:0.381505
G1 X11.679 Y107.169 E.19493
G1 X11.966 Y107.169 E.00663
G1 X12.392 Y106.803 F9000
;TYPE:External perimeter
;WIDTH:0.419999
G1 F1800
G1 X12.392 Y115.61 E.22594
G1 X12.449 Y115.746 E.00378
G1 X12.585 Y115.803 E.00378
G1 X64.619 Y115.803 E1.3349
G1 X64.756 Y115.746 E.00381
G1 X64.812 Y115.61 E.00377
G1 X64.812 Y92.303 E.59793
G1 X65.892 Y92.303 E.02771
G1 X65.892 Y116.883 E.63059
G1 X11.312 Y116.883 E1.40022
G1 X11.312 Y106.803 E.2586
G1 X12.332 Y106.803 E.02617
G1 E-3.5 F3600
;WIPE_START
G1 F7200
G1 X12.392 Y106.803 E-.0285
G1 X12.392 Y109.901 E-1.4715
;WIPE_END
G1 X12.026 Y56.016 F9000
G1 E5 F2400
;TYPE:Perimeter
;WIDTH:0.381505
G1 F3600
G1 X11.679 Y56.016 E.00801
G1 X11.679 Y13.575 E.98012
;WIDTH:0.423417
G1 X11.7 Y13.294 E.00729
;WIDTH:0.465328
G1 X11.721 Y13.013 E.00808
;WIDTH:0.507239
G1 X11.742 Y12.732 E.00886
G1 X12.18 Y12.711 E.01379
;WIDTH:0.465328
G1 X12.383 Y12.69 E.00585
;WIDTH:0.423417
G1 X12.585 Y12.669 E.00526
;WIDTH:0.381505
G1 X64.619 Y12.669 E1.20166
;WIDTH:0.423417
G1 X64.901 Y12.69 E.00732
;WIDTH:0.465328
G1 X65.182 Y12.711 E.00808
;WIDTH:0.507239
G1 X65.463 Y12.732 E.00886
G1 X65.463 Y12.968 E.00742
G1 X65.484 Y13.171 E.00642
;WIDTH:0.465328
G1 X65.505 Y13.373 E.00582
;WIDTH:0.423417
G1 X65.526 Y13.575 E.00526
;WIDTH:0.381505
G1 X65.526 Y71.516 E1.33808
G1 X65.179 Y71.516 E.00801
G1 X65.179 Y13.575 E1.33808
;WIDTH:0.423417
G1 X65.139 Y13.429 E.00392
;WIDTH:0.465328
G1 X65.099 Y13.282 E.00437
;WIDTH:0.507239
G1 X65.059 Y13.135 E.00479
G1 X64.913 Y13.096 E.00475
;WIDTH:0.465328
G1 X64.766 Y13.056 E.00437
;WIDTH:0.423417
G1 X64.619 Y13.016 E.00394
;WIDTH:0.381505
G1 X12.585 Y13.016 E1.20166
;WIDTH:0.423417
G1 X12.438 Y13.056 E.00394
;WIDTH:0.465328
G1 X12.292 Y13.096 E.00434
;WIDTH:0.507239
G1 X12.145 Y13.135 E.00478
G1 X12.105 Y13.282 E.00479
;WIDTH:0.465328
G1 X12.066 Y13.429 E.00436
;WIDTH:0.423417
G1 X12.026 Y13.575 E.00392
;WIDTH:0.381505
G1 X12.026 Y55.956 E.97874
G1 X12.392 Y56.383 F9000
;TYPE:External perimeter
;WIDTH:0.419999
G1 F1800
G1 X11.312 Y56.383 E.02771
G1 X11.312 Y12.303 E1.13085
G1 X65.892 Y12.303 E1.40022
G1 X65.892 Y71.883 E1.52849
G1 X64.812 Y71.883 E.02771
G1 X64.812 Y13.575 E1.49586
G1 X64.756 Y13.439 E.00377
G1 X64.619 Y13.383 E.0038
G1 X12.585 Y13.383 E1.3349
G1 X12.449 Y13.439 E.00377
G1 X12.392 Y13.575 E.00378
G1 X12.392 Y56.323 E1.09667
;LAYER_CHANGE
;Z:11.24
;HEIGHT:0.16
;BEFORE_LAYER_CHANGE
G92 E0
;11.24


G1 E-3.5 F3600
;WIPE_START
G1 F7200
G1 X12.392 Y56.383 E-.0285
G1 X11.312 Y56.383 E-.513
G1 X11.312 Y54.365 E-.9585
;WIPE_END
G1 Z11.24 F9000
;AFTER_LAYER_CHANGE
;11.24
G1 X12.026 Y107.169
G1 E5 F2400
;TYPE:Perimeter
;WIDTH:0.381505
G1 F3600
G1 X12.026 Y115.61 E.19493
;WIDTH:0.423417
G1 X12.066 Y115.756 E.00392
;WIDTH:0.465328
G1 X12.105 Y115.903 E.00436
;WIDTH:0.507239
G1 X12.145 Y116.05 E.00479
G1 X12.292 Y116.089 E.00478
;WIDTH:0.465328
G1 X12.438 Y116.129 E.00434
;WIDTH:0.423417
G1 X12.585 Y116.169 E.00394
;WIDTH:0.381505
G1 X64.619 Y116.169 E1.20166
;WIDTH:0.423417
G1 X64.766 Y116.129 E.00394
;WIDTH:0.465328
G1 X64.913 Y116.089 E.00437
;WIDTH:0.507239
G1 X65.059 Y116.05 E.00475
G1 X65.099 Y115.903 E.00479
;WIDTH:0.465328
G1 X65.139 Y115.756 E.00437
;WIDTH:0.423417
G1 X65.179 Y115.61 E.00392
;WIDTH:0.381505
G1 X65.179 Y92.669 E.52979
G1 X65.526 Y92.669 E.00801
G1 X65.526 Y92.843 E.00402
G1 X65.526 Y115.704 E.52795
;WIDTH:0.423417
G1 X65.505 Y115.954 E.00649
;WIDTH:0.465328
G1 X65.484 Y116.204 E.00719
;WIDTH:0.507239
G1 X65.463 Y116.453 E.00786
G1 X65.024 Y116.474 E.01383
;WIDTH:0.465328
G1 X64.822 Y116.495 E.00582
;WIDTH:0.423417
G1 X64.619 Y116.516 E.00528
;WIDTH:0.381505
G1 X12.585 Y116.516 E1.20166
;WIDTH:0.423417
G1 X12.304 Y116.495 E.00729
;WIDTH:0.465328
G1 X12.023 Y116.474 E.00808
;WIDTH:0.507239
G1 X11.742 Y116.453 E.00886
G1 X11.721 Y116.014 E.01383
;WIDTH:0.465328
G1 X11.7 Y115.812 E.00582
;WIDTH:0.423417
G1 X11.679 Y115.61 E.00526
;WIDTH:0.381505
G1 X11.679 Y107.169 E.19493
G1 X11.966 Y107.169 E.00663
G1 X12.392 Y106.803 F9000
;TYPE:External perimeter
;WIDTH:0.419999
G1 F1800
G1 X12.392 Y115.61 E.22594
G1 X12.449 Y115.746 E.00378
G1 X12.585 Y115.803 E.00378
G1 X64.619 Y115.803 E1.3349
G1 X64.756 Y115.746 E.00381
G1 X64.812 Y115.61 E.00377
G1 X64.812 Y92.303 E.59793
G1 X65.892 Y92.303 E.02771
G1 X65.892 Y116.883 E.63059
G1 X11.312 Y116.883 E1.40022
G1 X11.312 Y106.803 E.2586
G1 X12.332 Y106.803 E.02617
G1 E-3.5 F3600
;WIPE_START
G1 F7200
G1 X12.392 Y106.803 E-.0285
G1 X12.392 Y109.901 E-1.4715
;WIPE_END
G1 X12.026 Y56.016 F9000
G1 E5 F2400
;TYPE:Perimeter
;WIDTH:0.381505
G1 F3600
G1 X11.679 Y56.016 E.00801
G1 X11.679 Y13.575 E.98012
;WIDTH:0.423417
G1 X11.7 Y13.294 E.00729
;WIDTH:0.465328
G1 X11.721 Y13.013 E.00808
;WIDTH:0.507239
G1 X11.742 Y12.732 E.00886
G1 X12.18 Y12.711 E.01379
;WIDTH:0.465328
G1 X12.383 Y12.69 E.00585
;WIDTH:0.423417
G1 X12.585 Y12.669 E.00526
;WIDTH:0.381505
G1 X64.619 Y12.669 E1.20166
;WIDTH:0.423417
G1 X64.901 Y12.69 E.00732
;WIDTH:0.465328
G1 X65.182 Y12.711 E.00808
;WIDTH:0.507239
G1 X65.463 Y12.732 E.00886
G1 X65.463 Y12.968 E.00742
G1 X65.484 Y13.171 E.00642
;WIDTH:0.465328
G1 X65.505 Y13.373 E.00582
;WIDTH:0.423417
G1 X65.526 Y13.575 E.00526
;WIDTH:0.381505
G1 X65.526 Y71.516 E1.33808
G1 X65.179 Y71.516 E.00801
G1 X65.179 Y13.575 E1.33808
;WIDTH:0.423417
G1 X65.139 Y13.429 E.00392
;WIDTH:0.465328
G1 X65.099 Y13.282 E.00437
;WIDTH:0.507239
G1 X65.059 Y13.135 E.00479
G1 X64.913 Y13.096 E.00475
;WIDTH:0.465328
G1 X64.766 Y13.056 E.00437
;WIDTH:0.423417
G1 X64.619 Y13.016 E.00394
;WIDTH:0.381505
G1 X12.585 Y13.016 E1.20166
;WIDTH:0.423417
G1 X12.438 Y13.056 E.00394
;WIDTH:0.465328
G1 X12.292 Y13.096 E.00434
;WIDTH:0.507239
G1 X12.145 Y13.135 E.00478
G1 X12.105 Y13.282 E.00479
;WIDTH:0.465328
G1 X12.066 Y13.429 E.00436
;WIDTH:0.423417
G1 X12.026 Y13.575 E.00392
;WIDTH:0.381505
G1 X12.026 Y55.956 E.97874
G1 X12.392 Y56.383 F9000
;TYPE:External perimeter
;WIDTH:0.419999
G1 F1800
G1 X11.312 Y56.383 E.02771
G1 X11.312 Y12.303 E1.13085
G1 X65.892 Y12.303 E1.40022
G1 X65.892 Y71.883 E1.52849
G1 X64.812 Y71.883 E.02771
G1 X64.812 Y13.575 E1.49586
G1 X64.756 Y13.439 E.00377
G1 X64.619 Y13.383 E.0038
G1 X12.585 Y13.383 E1.3349
G1 X12.449 Y13.439 E.00377
G1 X12.392 Y13.575 E.00378
G1 X12.392 Y56.323 E1.09667
;LAYER_CHANGE
;Z:11.4
;HEIGHT:0.16
;BEFORE_LAYER_CHANGE
G92 E0
;11.4


G1 E-3.5 F3600
;WIPE_START
G1 F7200
G1 X12.392 Y56.383 E-.0285
G1 X11.312 Y56.383 E-.513
G1 X11.312 Y54.365 E-.9585
;WIPE_END
G1 Z11.4 F9000
;AFTER_LAYER_CHANGE
;11.4
G1 X12.026 Y107.169
G1 E5 F2400
;TYPE:Perimeter
;WIDTH:0.381505
G1 F3600
G1 X12.026 Y115.61 E.19493
;WIDTH:0.423417
G1 X12.066 Y115.756 E.00392
;WIDTH:0.465328
G1 X12.105 Y115.903 E.00436
;WIDTH:0.507239
G1 X12.145 Y116.05 E.00479
G1 X12.292 Y116.089 E.00478
;WIDTH:0.465328
G1 X12.438 Y116.129 E.00434
;WIDTH:0.423417
G1 X12.585 Y116.169 E.00394
;WIDTH:0.381505
G1 X64.619 Y116.169 E1.20166
;WIDTH:0.423417
G1 X64.766 Y116.129 E.00394
;WIDTH:0.465328
G1 X64.913 Y116.089 E.00437
;WIDTH:0.507239
G1 X65.059 Y116.05 E.00475
G1 X65.099 Y115.903 E.00479
;WIDTH:0.465328
G1 X65.139 Y115.756 E.00437
;WIDTH:0.423417
G1 X65.179 Y115.61 E.00392
;WIDTH:0.381505
G1 X65.179 Y92.669 E.52979
G1 X65.526 Y92.669 E.00801
G1 X65.526 Y92.843 E.00402
G1 X65.526 Y115.704 E.52795
;WIDTH:0.423417
G1 X65.505 Y115.954 E.00649
;WIDTH:0.465328
G1 X65.484 Y116.204 E.00719
;WIDTH:0.507239
G1 X65.463 Y116.453 E.00786
G1 X65.024 Y116.474 E.01383
;WIDTH:0.465328
G1 X64.822 Y116.495 E.00582
;WIDTH:0.423417
G1 X64.619 Y116.516 E.00528
;WIDTH:0.381505
G1 X12.585 Y116.516 E1.20166
;WIDTH:0.423417
G1 X12.304 Y116.495 E.00729
;WIDTH:0.465328
G1 X12.023 Y116.474 E.00808
;WIDTH:0.507239
G1 X11.742 Y116.453 E.00886
G1 X11.721 Y116.014 E.01383
;WIDTH:0.465328
G1 X11.7 Y115.812 E.00582
;WIDTH:0.423417
G1 X11.679 Y115.61 E.00526
;WIDTH:0.381505
G1 X11.679 Y107.169 E.19493
G1 X11.966 Y107.169 E.00663
G1 X12.392 Y106.803 F9000
;TYPE:External perimeter
;WIDTH:0.419999
G1 F1800
G1 X12.392 Y115.61 E.22594
G1 X12.449 Y115.746 E.00378
G1 X12.585 Y115.803 E.00378
G1 X64.619 Y115.803 E1.3349
G1 X64.756 Y115.746 E.00381
G1 X64.812 Y115.61 E.00377
G1 X64.812 Y92.303 E.59793
G1 X65.892 Y92.303 E.02771
G1 X65.892 Y116.883 E.63059
G1 X11.312 Y116.883 E1.40022
G1 X11.312 Y106.803 E.2586
G1 X12.332 Y106.803 E.02617
G1 E-3.5 F3600
;WIPE_START
G1 F7200
G1 X12.392 Y106.803 E-.0285
G1 X12.392 Y109.901 E-1.4715
;WIPE_END
G1 X12.026 Y56.016 F9000
G1 E5 F2400
;TYPE:Perimeter
;WIDTH:0.381505
G1 F3600
G1 X11.679 Y56.016 E.00801
G1 X11.679 Y13.575 E.98012
;WIDTH:0.423417
G1 X11.7 Y13.294 E.00729
;WIDTH:0.465328
G1 X11.721 Y13.013 E.00808
;WIDTH:0.507239
G1 X11.742 Y12.732 E.00886
G1 X12.18 Y12.711 E.01379
;WIDTH:0.465328
G1 X12.383 Y12.69 E.00585
;WIDTH:0.423417
G1 X12.585 Y12.669 E.00526
;WIDTH:0.381505
G1 X64.619 Y12.669 E1.20166
;WIDTH:0.423417
G1 X64.901 Y12.69 E.00732
;WIDTH:0.465328
G1 X65.182 Y12.711 E.00808
;WIDTH:0.507239
G1 X65.463 Y12.732 E.00886
G1 X65.463 Y12.968 E.00742
G1 X65.484 Y13.171 E.00642
;WIDTH:0.465328
G1 X65.505 Y13.373 E.00582
;WIDTH:0.423417
G1 X65.526 Y13.575 E.00526
;WIDTH:0.381505
G1 X65.526 Y71.516 E1.33808
G1 X65.179 Y71.516 E.00801
G1 X65.179 Y13.575 E1.33808
;WIDTH:0.423417
G1 X65.139 Y13.429 E.00392
;WIDTH:0.465328
G1 X65.099 Y13.282 E.00437
;WIDTH:0.507239
G1 X65.059 Y13.135 E.00479
G1 X64.913 Y13.096 E.00475
;WIDTH:0.465328
G1 X64.766 Y13.056 E.00437
;WIDTH:0.423417
G1 X64.619 Y13.016 E.00394
;WIDTH:0.381505
G1 X12.585 Y13.016 E1.20166
;WIDTH:0.423417
G1 X12.438 Y13.056 E.00394
;WIDTH:0.465328
G1 X12.292 Y13.096 E.00434
;WIDTH:0.507239
G1 X12.145 Y13.135 E.00478
G1 X12.105 Y13.282 E.00479
;WIDTH:0.465328
G1 X12.066 Y13.429 E.00436
;WIDTH:0.423417
G1 X12.026 Y13.575 E.00392
;WIDTH:0.381505
G1 X12.026 Y55.956 E.97874
G1 X12.392 Y56.383 F9000
;TYPE:External perimeter
;WIDTH:0.419999
G1 F1800
G1 X11.312 Y56.383 E.02771
G1 X11.312 Y12.303 E1.13085
G1 X65.892 Y12.303 E1.40022
G1 X65.892 Y71.883 E1.52849
G1 X64.812 Y71.883 E.02771
G1 X64.812 Y13.575 E1.49586
G1 X64.756 Y13.439 E.00377
G1 X64.619 Y13.383 E.0038
G1 X12.585 Y13.383 E1.3349
G1 X12.449 Y13.439 E.00377
G1 X12.392 Y13.575 E.00378
G1 X12.392 Y56.323 E1.09667
;LAYER_CHANGE
;Z:11.56
;HEIGHT:0.160001
;BEFORE_LAYER_CHANGE
G92 E0
;11.56


G1 E-3.5 F3600
;WIPE_START
G1 F7200
G1 X12.392 Y56.383 E-.0285
G1 X11.312 Y56.383 E-.513
G1 X11.312 Y54.365 E-.9585
;WIPE_END
G1 Z11.56 F9000
;AFTER_LAYER_CHANGE
;11.56
G1 X12.026 Y107.169
G1 E5 F2400
;TYPE:Perimeter
;WIDTH:0.381505
G1 F3600
G1 X12.026 Y115.61 E.19493
;WIDTH:0.423417
G1 X12.066 Y115.756 E.00392
;WIDTH:0.465328
G1 X12.105 Y115.903 E.00436
;WIDTH:0.507239
G1 X12.145 Y116.05 E.00479
G1 X12.292 Y116.089 E.00478
;WIDTH:0.465328
G1 X12.438 Y116.129 E.00434
;WIDTH:0.423417
G1 X12.585 Y116.169 E.00394
;WIDTH:0.381505
G1 X64.619 Y116.169 E1.20166
;WIDTH:0.423417
G1 X64.766 Y116.129 E.00394
;WIDTH:0.465328
G1 X64.913 Y116.089 E.00437
;WIDTH:0.507239
G1 X65.059 Y116.05 E.00475
G1 X65.099 Y115.903 E.00479
;WIDTH:0.465328
G1 X65.139 Y115.756 E.00437
;WIDTH:0.423417
G1 X65.179 Y115.61 E.00392
;WIDTH:0.381505
G1 X65.179 Y92.669 E.52979
G1 X65.526 Y92.669 E.00801
G1 X65.526 Y92.843 E.00402
G1 X65.526 Y115.704 E.52795
;WIDTH:0.423417
G1 X65.505 Y115.954 E.00649
;WIDTH:0.465328
G1 X65.484 Y116.204 E.00719
;WIDTH:0.507239
G1 X65.463 Y116.453 E.00786
G1 X65.024 Y116.474 E.01383
;WIDTH:0.465328
G1 X64.822 Y116.495 E.00582
;WIDTH:0.423417
G1 X64.619 Y116.516 E.00528
;WIDTH:0.381505
G1 X12.585 Y116.516 E1.20166
;WIDTH:0.423417
G1 X12.304 Y116.495 E.00729
;WIDTH:0.465328
G1 X12.023 Y116.474 E.00808
;WIDTH:0.507239
G1 X11.742 Y116.453 E.00886
G1 X11.721 Y116.014 E.01383
;WIDTH:0.465328
G1 X11.7 Y115.812 E.00582
;WIDTH:0.423417
G1 X11.679 Y115.61 E.00526
;WIDTH:0.381505
G1 X11.679 Y107.169 E.19493
G1 X11.966 Y107.169 E.00663
G1 X12.392 Y106.803 F9000
;TYPE:External perimeter
;WIDTH:0.419999
G1 F1800
G1 X12.392 Y115.61 E.22594
G1 X12.449 Y115.746 E.00378
G1 X12.585 Y115.803 E.00378
G1 X64.619 Y115.803 E1.3349
G1 X64.756 Y115.746 E.00381
G1 X64.812 Y115.61 E.00377
G1 X64.812 Y92.303 E.59793
G1 X65.892 Y92.303 E.02771
G1 X65.892 Y116.883 E.63059
G1 X11.312 Y116.883 E1.40022
G1 X11.312 Y106.803 E.2586
G1 X12.332 Y106.803 E.02617
G1 E-3.5 F3600
;WIPE_START
G1 F7200
G1 X12.392 Y106.803 E-.0285
G1 X12.392 Y109.901 E-1.4715
;WIPE_END
G1 X12.026 Y56.016 F9000
G1 E5 F2400
;TYPE:Perimeter
;WIDTH:0.381505
G1 F3600
G1 X11.679 Y56.016 E.00801
G1 X11.679 Y13.575 E.98012
;WIDTH:0.423417
G1 X11.7 Y13.294 E.00729
;WIDTH:0.465328
G1 X11.721 Y13.013 E.00808
;WIDTH:0.507239
G1 X11.742 Y12.732 E.00886
G1 X12.18 Y12.711 E.01379
;WIDTH:0.465328
G1 X12.383 Y12.69 E.00585
;WIDTH:0.423417
G1 X12.585 Y12.669 E.00526
;WIDTH:0.381505
G1 X64.619 Y12.669 E1.20166
;WIDTH:0.423417
G1 X64.901 Y12.69 E.00732
;WIDTH:0.465328
G1 X65.182 Y12.711 E.00808
;WIDTH:0.507239
G1 X65.463 Y12.732 E.00886
G1 X65.463 Y12.968 E.00742
G1 X65.484 Y13.171 E.00642
;WIDTH:0.465328
G1 X65.505 Y13.373 E.00582
;WIDTH:0.423417
G1 X65.526 Y13.575 E.00526
;WIDTH:0.381505
G1 X65.526 Y71.516 E1.33808
G1 X65.179 Y71.516 E.00801
G1 X65.179 Y13.575 E1.33808
;WIDTH:0.423417
G1 X65.139 Y13.429 E.00392
;WIDTH:0.465328
G1 X65.099 Y13.282 E.00437
;WIDTH:0.507239
G1 X65.059 Y13.135 E.00479
G1 X64.913 Y13.096 E.00475
;WIDTH:0.465328
G1 X64.766 Y13.056 E.00437
;WIDTH:0.423417
G1 X64.619 Y13.016 E.00394
;WIDTH:0.381505
G1 X12.585 Y13.016 E1.20166
;WIDTH:0.423417
G1 X12.438 Y13.056 E.00394
;WIDTH:0.465328
G1 X12.292 Y13.096 E.00434
;WIDTH:0.507239
G1 X12.145 Y13.135 E.00478
G1 X12.105 Y13.282 E.00479
;WIDTH:0.465328
G1 X12.066 Y13.429 E.00436
;WIDTH:0.423417
G1 X12.026 Y13.575 E.00392
;WIDTH:0.381505
G1 X12.026 Y55.956 E.97874
G1 X12.392 Y56.383 F9000
;TYPE:External perimeter
;WIDTH:0.419999
G1 F1800
G1 X11.312 Y56.383 E.02771
G1 X11.312 Y12.303 E1.13085
G1 X65.892 Y12.303 E1.40022
G1 X65.892 Y71.883 E1.52849
G1 X64.812 Y71.883 E.02771
G1 X64.812 Y13.575 E1.49586
G1 X64.756 Y13.439 E.00377
G1 X64.619 Y13.383 E.0038
G1 X12.585 Y13.383 E1.3349
G1 X12.449 Y13.439 E.00377
G1 X12.392 Y13.575 E.00378
G1 X12.392 Y56.323 E1.09667
;LAYER_CHANGE
;Z:11.72
;HEIGHT:0.16
;BEFORE_LAYER_CHANGE
G92 E0
;11.72


G1 E-3.5 F3600
;WIPE_START
G1 F7200
G1 X12.392 Y56.383 E-.0285
G1 X11.312 Y56.383 E-.513
G1 X11.312 Y54.365 E-.9585
;WIPE_END
G1 Z11.72 F9000
;AFTER_LAYER_CHANGE
;11.72
G1 X12.026 Y107.169
G1 E5 F2400
;TYPE:Perimeter
;WIDTH:0.381505
G1 F3600
G1 X12.026 Y115.61 E.19493
;WIDTH:0.423417
G1 X12.066 Y115.756 E.00392
;WIDTH:0.465328
G1 X12.105 Y115.903 E.00436
;WIDTH:0.507239
G1 X12.145 Y116.05 E.00479
G1 X12.292 Y116.089 E.00478
;WIDTH:0.465328
G1 X12.438 Y116.129 E.00434
;WIDTH:0.423417
G1 X12.585 Y116.169 E.00394
;WIDTH:0.381505
G1 X64.619 Y116.169 E1.20166
;WIDTH:0.423417
G1 X64.766 Y116.129 E.00394
;WIDTH:0.465328
G1 X64.913 Y116.089 E.00437
;WIDTH:0.507239
G1 X65.059 Y116.05 E.00475
G1 X65.099 Y115.903 E.00479
;WIDTH:0.465328
G1 X65.139 Y115.756 E.00437
;WIDTH:0.423417
G1 X65.179 Y115.61 E.00392
;WIDTH:0.381505
G1 X65.179 Y92.669 E.52979
G1 X65.526 Y92.669 E.00801
G1 X65.526 Y92.843 E.00402
G1 X65.526 Y115.704 E.52795
;WIDTH:0.423417
G1 X65.505 Y115.954 E.00649
;WIDTH:0.465328
G1 X65.484 Y116.204 E.00719
;WIDTH:0.507239
G1 X65.463 Y116.453 E.00786
G1 X65.024 Y116.474 E.01383
;WIDTH:0.465328
G1 X64.822 Y116.495 E.00582
;WIDTH:0.423417
G1 X64.619 Y116.516 E.00528
;WIDTH:0.381505
G1 X12.585 Y116.516 E1.20166
;WIDTH:0.423417
G1 X12.304 Y116.495 E.00729
;WIDTH:0.465328
G1 X12.023 Y116.474 E.00808
;WIDTH:0.507239
G1 X11.742 Y116.453 E.00886
G1 X11.721 Y116.014 E.01383
;WIDTH:0.465328
G1 X11.7 Y115.812 E.00582
;WIDTH:0.423417
G1 X11.679 Y115.61 E.00526
;WIDTH:0.381505
G1 X11.679 Y107.169 E.19493
G1 X11.966 Y107.169 E.00663
G1 X12.392 Y106.803 F9000
;TYPE:External perimeter
;WIDTH:0.419999
G1 F1800
G1 X12.392 Y115.61 E.22594
G1 X12.449 Y115.746 E.00378
G1 X12.585 Y115.803 E.00378
G1 X64.619 Y115.803 E1.3349
G1 X64.756 Y115.746 E.00381
G1 X64.812 Y115.61 E.00377
G1 X64.812 Y92.303 E.59793
G1 X65.892 Y92.303 E.02771
G1 X65.892 Y116.883 E.63059
G1 X11.312 Y116.883 E1.40022
G1 X11.312 Y106.803 E.2586
G1 X12.332 Y106.803 E.02617
G1 E-3.5 F3600
;WIPE_START
G1 F7200
G1 X12.392 Y106.803 E-.0285
G1 X12.392 Y109.901 E-1.4715
;WIPE_END
G1 X12.026 Y56.016 F9000
G1 E5 F2400
;TYPE:Perimeter
;WIDTH:0.381505
G1 F3600
G1 X11.679 Y56.016 E.00801
G1 X11.679 Y13.575 E.98012
;WIDTH:0.423417
G1 X11.7 Y13.294 E.00729
;WIDTH:0.465328
G1 X11.721 Y13.013 E.00808
;WIDTH:0.507239
G1 X11.742 Y12.732 E.00886
G1 X12.18 Y12.711 E.01379
;WIDTH:0.465328
G1 X12.383 Y12.69 E.00585
;WIDTH:0.423417
G1 X12.585 Y12.669 E.00526
;WIDTH:0.381505
G1 X64.619 Y12.669 E1.20166
;WIDTH:0.423417
G1 X64.901 Y12.69 E.00732
;WIDTH:0.465328
G1 X65.182 Y12.711 E.00808
;WIDTH:0.507239
G1 X65.463 Y12.732 E.00886
G1 X65.463 Y12.968 E.00742
G1 X65.484 Y13.171 E.00642
;WIDTH:0.465328
G1 X65.505 Y13.373 E.00582
;WIDTH:0.423417
G1 X65.526 Y13.575 E.00526
;WIDTH:0.381505
G1 X65.526 Y71.516 E1.33808
G1 X65.179 Y71.516 E.00801
G1 X65.179 Y13.575 E1.33808
;WIDTH:0.423417
G1 X65.139 Y13.429 E.00392
;WIDTH:0.465328
G1 X65.099 Y13.282 E.00437
;WIDTH:0.507239
G1 X65.059 Y13.135 E.00479
G1 X64.913 Y13.096 E.00475
;WIDTH:0.465328
G1 X64.766 Y13.056 E.00437
;WIDTH:0.423417
G1 X64.619 Y13.016 E.00394
;WIDTH:0.381505
G1 X12.585 Y13.016 E1.20166
;WIDTH:0.423417
G1 X12.438 Y13.056 E.00394
;WIDTH:0.465328
G1 X12.292 Y13.096 E.00434
;WIDTH:0.507239
G1 X12.145 Y13.135 E.00478
G1 X12.105 Y13.282 E.00479
;WIDTH:0.465328
G1 X12.066 Y13.429 E.00436
;WIDTH:0.423417
G1 X12.026 Y13.575 E.00392
;WIDTH:0.381505
G1 X12.026 Y55.956 E.97874
G1 X12.392 Y56.383 F9000
;TYPE:External perimeter
;WIDTH:0.419999
G1 F1800
G1 X11.312 Y56.383 E.02771
G1 X11.312 Y12.303 E1.13085
G1 X65.892 Y12.303 E1.40022
G1 X65.892 Y71.883 E1.52849
G1 X64.812 Y71.883 E.02771
G1 X64.812 Y13.575 E1.49586
G1 X64.756 Y13.439 E.00377
G1 X64.619 Y13.383 E.0038
G1 X12.585 Y13.383 E1.3349
G1 X12.449 Y13.439 E.00377
G1 X12.392 Y13.575 E.00378
G1 X12.392 Y56.323 E1.09667
;LAYER_CHANGE
;Z:11.88
;HEIGHT:0.16
;BEFORE_LAYER_CHANGE
G92 E0
;11.88


G1 E-3.5 F3600
;WIPE_START
G1 F7200
G1 X12.392 Y56.383 E-.0285
G1 X11.312 Y56.383 E-.513
G1 X11.312 Y54.365 E-.9585
;WIPE_END
G1 Z11.88 F9000
;AFTER_LAYER_CHANGE
;11.88
G1 X12.026 Y107.169
G1 E5 F2400
;TYPE:Perimeter
;WIDTH:0.381505
G1 F3600
G1 X12.026 Y115.61 E.19493
;WIDTH:0.423417
G1 X12.066 Y115.756 E.00392
;WIDTH:0.465328
G1 X12.105 Y115.903 E.00436
;WIDTH:0.507239
G1 X12.145 Y116.05 E.00479
G1 X12.292 Y116.089 E.00478
;WIDTH:0.465328
G1 X12.438 Y116.129 E.00434
;WIDTH:0.423417
G1 X12.585 Y116.169 E.00394
;WIDTH:0.381505
G1 X64.619 Y116.169 E1.20166
;WIDTH:0.423417
G1 X64.766 Y116.129 E.00394
;WIDTH:0.465328
G1 X64.913 Y116.089 E.00437
;WIDTH:0.507239
G1 X65.059 Y116.05 E.00475
G1 X65.099 Y115.903 E.00479
;WIDTH:0.465328
G1 X65.139 Y115.756 E.00437
;WIDTH:0.423417
G1 X65.179 Y115.61 E.00392
;WIDTH:0.381505
G1 X65.179 Y92.669 E.52979
G1 X65.526 Y92.669 E.00801
G1 X65.526 Y92.843 E.00402
G1 X65.526 Y115.704 E.52795
;WIDTH:0.423417
G1 X65.505 Y115.954 E.00649
;WIDTH:0.465328
G1 X65.484 Y116.204 E.00719
;WIDTH:0.507239
G1 X65.463 Y116.453 E.00786
G1 X65.024 Y116.474 E.01383
;WIDTH:0.465328
G1 X64.822 Y116.495 E.00582
;WIDTH:0.423417
G1 X64.619 Y116.516 E.00528
;WIDTH:0.381505
G1 X12.585 Y116.516 E1.20166
;WIDTH:0.423417
G1 X12.304 Y116.495 E.00729
;WIDTH:0.465328
G1 X12.023 Y116.474 E.00808
;WIDTH:0.507239
G1 X11.742 Y116.453 E.00886
G1 X11.721 Y116.014 E.01383
;WIDTH:0.465328
G1 X11.7 Y115.812 E.00582
;WIDTH:0.423417
G1 X11.679 Y115.61 E.00526
;WIDTH:0.381505
G1 X11.679 Y107.169 E.19493
G1 X11.966 Y107.169 E.00663
G1 X12.392 Y106.803 F9000
;TYPE:External perimeter
;WIDTH:0.419999
G1 F1800
G1 X12.392 Y115.61 E.22594
G1 X12.449 Y115.746 E.00378
G1 X12.585 Y115.803 E.00378
G1 X64.619 Y115.803 E1.3349
G1 X64.756 Y115.746 E.00381
G1 X64.812 Y115.61 E.00377
G1 X64.812 Y92.303 E.59793
G1 X65.892 Y92.303 E.02771
G1 X65.892 Y116.883 E.63059
G1 X11.312 Y116.883 E1.40022
G1 X11.312 Y106.803 E.2586
G1 X12.332 Y106.803 E.02617
G1 E-3.5 F3600
;WIPE_START
G1 F7200
G1 X12.392 Y106.803 E-.0285
G1 X12.392 Y109.901 E-1.4715
;WIPE_END
G1 X12.026 Y56.016 F9000
G1 E5 F2400
;TYPE:Perimeter
;WIDTH:0.381505
G1 F3600
G1 X11.679 Y56.016 E.00801
G1 X11.679 Y13.575 E.98012
;WIDTH:0.423417
G1 X11.7 Y13.294 E.00729
;WIDTH:0.465328
G1 X11.721 Y13.013 E.00808
;WIDTH:0.507239
G1 X11.742 Y12.732 E.00886
G1 X12.18 Y12.711 E.01379
;WIDTH:0.465328
G1 X12.383 Y12.69 E.00585
;WIDTH:0.423417
G1 X12.585 Y12.669 E.00526
;WIDTH:0.381505
G1 X64.619 Y12.669 E1.20166
;WIDTH:0.423417
G1 X64.901 Y12.69 E.00732
;WIDTH:0.465328
G1 X65.182 Y12.711 E.00808
;WIDTH:0.507239
G1 X65.463 Y12.732 E.00886
G1 X65.463 Y12.968 E.00742
G1 X65.484 Y13.171 E.00642
;WIDTH:0.465328
G1 X65.505 Y13.373 E.00582
;WIDTH:0.423417
G1 X65.526 Y13.575 E.00526
;WIDTH:0.381505
G1 X65.526 Y71.516 E1.33808
G1 X65.179 Y71.516 E.00801
G1 X65.179 Y13.575 E1.33808
;WIDTH:0.423417
G1 X65.139 Y13.429 E.00392
;WIDTH:0.465328
G1 X65.099 Y13.282 E.00437
;WIDTH:0.507239
G1 X65.059 Y13.135 E.00479
G1 X64.913 Y13.096 E.00475
;WIDTH:0.465328
G1 X64.766 Y13.056 E.00437
;WIDTH:0.423417
G1 X64.619 Y13.016 E.00394
;WIDTH:0.381505
G1 X12.585 Y13.016 E1.20166
;WIDTH:0.423417
G1 X12.438 Y13.056 E.00394
;WIDTH:0.465328
G1 X12.292 Y13.096 E.00434
;WIDTH:0.507239
G1 X12.145 Y13.135 E.00478
G1 X12.105 Y13.282 E.00479
;WIDTH:0.465328
G1 X12.066 Y13.429 E.00436
;WIDTH:0.423417
G1 X12.026 Y13.575 E.00392
;WIDTH:0.381505
G1 X12.026 Y55.956 E.97874
G1 X12.392 Y56.383 F9000
;TYPE:External perimeter
;WIDTH:0.419999
G1 F1800
G1 X11.312 Y56.383 E.02771
G1 X11.312 Y12.303 E1.13085
G1 X65.892 Y12.303 E1.40022
G1 X65.892 Y71.883 E1.52849
G1 X64.812 Y71.883 E.02771
G1 X64.812 Y13.575 E1.49586
G1 X64.756 Y13.439 E.00377
G1 X64.619 Y13.383 E.0038
G1 X12.585 Y13.383 E1.3349
G1 X12.449 Y13.439 E.00377
G1 X12.392 Y13.575 E.00378
G1 X12.392 Y56.323 E1.09667
;LAYER_CHANGE
;Z:12.04
;HEIGHT:0.16
;BEFORE_LAYER_CHANGE
G92 E0
;12.04


G1 E-3.5 F3600
;WIPE_START
G1 F7200
G1 X12.392 Y56.383 E-.0285
G1 X11.312 Y56.383 E-.513
G1 X11.312 Y54.365 E-.9585
;WIPE_END
G1 Z12.04 F9000
;AFTER_LAYER_CHANGE
;12.04
G1 X12.026 Y107.169
G1 E5 F2400
;TYPE:Perimeter
;WIDTH:0.381505
G1 F3600
G1 X12.026 Y115.61 E.19493
;WIDTH:0.423417
G1 X12.066 Y115.756 E.00392
;WIDTH:0.465328
G1 X12.105 Y115.903 E.00436
;WIDTH:0.507239
G1 X12.145 Y116.05 E.00479
G1 X12.292 Y116.089 E.00478
;WIDTH:0.465328
G1 X12.438 Y116.129 E.00434
;WIDTH:0.423417
G1 X12.585 Y116.169 E.00394
;WIDTH:0.381505
G1 X64.619 Y116.169 E1.20166
;WIDTH:0.423417
G1 X64.766 Y116.129 E.00394
;WIDTH:0.465328
G1 X64.913 Y116.089 E.00437
;WIDTH:0.507239
G1 X65.059 Y116.05 E.00475
G1 X65.099 Y115.903 E.00479
;WIDTH:0.465328
G1 X65.139 Y115.756 E.00437
;WIDTH:0.423417
G1 X65.179 Y115.61 E.00392
;WIDTH:0.381505
G1 X65.179 Y92.669 E.52979
G1 X65.526 Y92.669 E.00801
G1 X65.526 Y92.843 E.00402
G1 X65.526 Y115.704 E.52795
;WIDTH:0.423417
G1 X65.505 Y115.954 E.00649
;WIDTH:0.465328
G1 X65.484 Y116.204 E.00719
;WIDTH:0.507239
G1 X65.463 Y116.453 E.00786
G1 X65.024 Y116.474 E.01383
;WIDTH:0.465328
G1 X64.822 Y116.495 E.00582
;WIDTH:0.423417
G1 X64.619 Y116.516 E.00528
;WIDTH:0.381505
G1 X12.585 Y116.516 E1.20166
;WIDTH:0.423417
G1 X12.304 Y116.495 E.00729
;WIDTH:0.465328
G1 X12.023 Y116.474 E.00808
;WIDTH:0.507239
G1 X11.742 Y116.453 E.00886
G1 X11.721 Y116.014 E.01383
;WIDTH:0.465328
G1 X11.7 Y115.812 E.00582
;WIDTH:0.423417
G1 X11.679 Y115.61 E.00526
;WIDTH:0.381505
G1 X11.679 Y107.169 E.19493
G1 X11.966 Y107.169 E.00663
G1 X12.392 Y106.803 F9000
;TYPE:External perimeter
;WIDTH:0.419999
G1 F1800
G1 X12.392 Y115.61 E.22594
G1 X12.449 Y115.746 E.00378
G1 X12.585 Y115.803 E.00378
G1 X64.619 Y115.803 E1.3349
G1 X64.756 Y115.746 E.00381
G1 X64.812 Y115.61 E.00377
G1 X64.812 Y92.303 E.59793
G1 X65.892 Y92.303 E.02771
G1 X65.892 Y116.883 E.63059
G1 X11.312 Y116.883 E1.40022
G1 X11.312 Y106.803 E.2586
G1 X12.332 Y106.803 E.02617
G1 E-3.5 F3600
;WIPE_START
G1 F7200
G1 X12.392 Y106.803 E-.0285
G1 X12.392 Y109.901 E-1.4715
;WIPE_END
G1 X12.026 Y56.016 F9000
G1 E5 F2400
;TYPE:Perimeter
;WIDTH:0.381505
G1 F3600
G1 X11.679 Y56.016 E.00801
G1 X11.679 Y13.575 E.98012
;WIDTH:0.423417
G1 X11.7 Y13.294 E.00729
;WIDTH:0.465328
G1 X11.721 Y13.013 E.00808
;WIDTH:0.507239
G1 X11.742 Y12.732 E.00886
G1 X12.18 Y12.711 E.01379
;WIDTH:0.465328
G1 X12.383 Y12.69 E.00585
;WIDTH:0.423417
G1 X12.585 Y12.669 E.00526
;WIDTH:0.381505
G1 X64.619 Y12.669 E1.20166
;WIDTH:0.423417
G1 X64.901 Y12.69 E.00732
;WIDTH:0.465328
G1 X65.182 Y12.711 E.00808
;WIDTH:0.507239
G1 X65.463 Y12.732 E.00886
G1 X65.463 Y12.968 E.00742
G1 X65.484 Y13.171 E.00642
;WIDTH:0.465328
G1 X65.505 Y13.373 E.00582
;WIDTH:0.423417
G1 X65.526 Y13.575 E.00526
;WIDTH:0.381505
G1 X65.526 Y71.516 E1.33808
G1 X65.179 Y71.516 E.00801
G1 X65.179 Y13.575 E1.33808
;WIDTH:0.423417
G1 X65.139 Y13.429 E.00392
;WIDTH:0.465328
G1 X65.099 Y13.282 E.00437
;WIDTH:0.507239
G1 X65.059 Y13.135 E.00479
G1 X64.913 Y13.096 E.00475
;WIDTH:0.465328
G1 X64.766 Y13.056 E.00437
;WIDTH:0.423417
G1 X64.619 Y13.016 E.00394
;WIDTH:0.381505
G1 X12.585 Y13.016 E1.20166
;WIDTH:0.423417
G1 X12.438 Y13.056 E.00394
;WIDTH:0.465328
G1 X12.292 Y13.096 E.00434
;WIDTH:0.507239
G1 X12.145 Y13.135 E.00478
G1 X12.105 Y13.282 E.00479
;WIDTH:0.465328
G1 X12.066 Y13.429 E.00436
;WIDTH:0.423417
G1 X12.026 Y13.575 E.00392
;WIDTH:0.381505
G1 X12.026 Y55.956 E.97874
G1 X12.392 Y56.383 F9000
;TYPE:External perimeter
;WIDTH:0.419999
G1 F1800
G1 X11.312 Y56.383 E.02771
G1 X11.312 Y12.303 E1.13085
G1 X65.892 Y12.303 E1.40022
G1 X65.892 Y71.883 E1.52849
G1 X64.812 Y71.883 E.02771
G1 X64.812 Y13.575 E1.49586
G1 X64.756 Y13.439 E.00377
G1 X64.619 Y13.383 E.0038
G1 X12.585 Y13.383 E1.3349
G1 X12.449 Y13.439 E.00377
G1 X12.392 Y13.575 E.00378
G1 X12.392 Y56.323 E1.09667
;LAYER_CHANGE
;Z:12.2
;HEIGHT:0.16
;BEFORE_LAYER_CHANGE
G92 E0
;12.2


G1 E-3.5 F3600
;WIPE_START
G1 F7200
G1 X12.392 Y56.383 E-.0285
G1 X11.312 Y56.383 E-.513
G1 X11.312 Y54.365 E-.9585
;WIPE_END
G1 Z12.2 F9000
;AFTER_LAYER_CHANGE
;12.2
G1 X12.186 Y13.124
G1 E5 F2400
;TYPE:Perimeter
;WIDTH:0.507239
G1 F3600
G1 X12.292 Y13.096 E.00345
;WIDTH:0.465328
G1 X12.438 Y13.056 E.00434
;WIDTH:0.423417
G1 X12.585 Y13.016 E.00394
;WIDTH:0.381505
G1 X64.619 Y13.016 E1.20166
;WIDTH:0.423417
G1 X64.766 Y13.056 E.00394
;WIDTH:0.465328
G1 X64.913 Y13.096 E.00437
;WIDTH:0.507239
G1 X65.059 Y13.135 E.00475
G1 X65.099 Y13.282 E.00479
;WIDTH:0.465328
G1 X65.139 Y13.429 E.00437
;WIDTH:0.423417
G1 X65.179 Y13.575 E.00392
;WIDTH:0.381505
G1 X65.179 Y72.293 E1.35602
M204 S250
;TYPE:Overhang perimeter
;WIDTH:0.368782
;HEIGHT:0.368782
G1 F1500
G1 X65.179 Y91.893 E.8704
M204 S500
;TYPE:Perimeter
;WIDTH:0.381505
;HEIGHT:0.16
G1 F3600
G1 X65.179 Y115.61 E.54772
;WIDTH:0.423417
G1 X65.139 Y115.756 E.00392
;WIDTH:0.465328
G1 X65.099 Y115.903 E.00437
;WIDTH:0.507239
G1 X65.059 Y116.05 E.00479
G1 X64.913 Y116.089 E.00475
;WIDTH:0.465328
G1 X64.766 Y116.129 E.00437
;WIDTH:0.423417
G1 X64.619 Y116.169 E.00394
;WIDTH:0.381505
G1 X12.585 Y116.169 E1.20166
;WIDTH:0.423417
G1 X12.438 Y116.129 E.00394
;WIDTH:0.465328
G1 X12.292 Y116.089 E.00434
;WIDTH:0.507239
G1 X12.145 Y116.05 E.00478
G1 X12.105 Y115.903 E.00479
;WIDTH:0.465328
G1 X12.066 Y115.756 E.00436
;WIDTH:0.423417
G1 X12.026 Y115.61 E.00392
;WIDTH:0.381505
G1 X12.026 Y106.393 E.21286
M204 S250
;TYPE:Overhang perimeter
;WIDTH:0.368782
;HEIGHT:0.368782
G1 F1500
G1 X12.026 Y56.793 E2.20264
M204 S500
;TYPE:Perimeter
;WIDTH:0.381505
;HEIGHT:0.16
G1 F3600
G1 X12.026 Y13.575 E.99807
;WIDTH:0.423417
G1 X12.066 Y13.429 E.00392
;WIDTH:0.465328
G1 X12.105 Y13.282 E.00436
;WIDTH:0.507239
G1 X12.141 Y13.152 E.00424
G1 X12.446 Y13.445 F9000
;TYPE:External perimeter
;WIDTH:0.419999
G1 F1800
G1 X12.449 Y13.439 E.00017
G1 X12.585 Y13.383 E.00377
G1 X64.619 Y13.383 E1.3349
G1 X64.756 Y13.439 E.0038
G1 X64.812 Y13.575 E.00377
G1 X64.812 Y72.293 E1.50638
M204 S250
;TYPE:Overhang perimeter
;WIDTH:0.368782
;HEIGHT:0.368782
G1 F1500
G1 X64.812 Y91.893 E.8704
M204 S500
;TYPE:External perimeter
;WIDTH:0.419999
;HEIGHT:0.16
G1 F1800
G1 X64.812 Y115.61 E.60845
G1 X64.756 Y115.746 E.00377
G1 X64.619 Y115.803 E.00381
G1 X12.585 Y115.803 E1.3349
G1 X12.449 Y115.746 E.00378
G1 X12.392 Y115.61 E.00378
G1 X12.392 Y106.393 E.23646
M204 S250
;TYPE:Overhang perimeter
;WIDTH:0.368782
;HEIGHT:0.368782
G1 F1500
G1 X12.392 Y56.793 E2.20264
M204 S500
;TYPE:External perimeter
;WIDTH:0.419999
;HEIGHT:0.16
G1 F1800
G1 X12.392 Y13.575 E1.10873
G1 X12.423 Y13.5 E.00208
G1 X11.742 Y12.732 F9000
;TYPE:Perimeter
;WIDTH:0.507239
G1 F3600
G1 X12.18 Y12.711 E.01379
;WIDTH:0.465328
G1 X12.383 Y12.69 E.00585
;WIDTH:0.423417
G1 X12.585 Y12.669 E.00526
;WIDTH:0.381505
G1 X64.619 Y12.669 E1.20166
;WIDTH:0.423417
G1 X64.901 Y12.69 E.00732
;WIDTH:0.465328
G1 X65.182 Y12.711 E.00808
;WIDTH:0.507239
G1 X65.463 Y12.732 E.00886
G1 X65.463 Y12.968 E.00742
G1 X65.484 Y13.171 E.00642
;WIDTH:0.465328
G1 X65.505 Y13.373 E.00582
;WIDTH:0.423417
G1 X65.526 Y13.575 E.00526
;WIDTH:0.381505
G1 X65.526 Y72.293 E1.35602
M204 S250
;TYPE:Overhang perimeter
;WIDTH:0.368782
;HEIGHT:0.368782
G1 F1500
G1 X65.526 Y91.893 E.8704
M204 S500
;TYPE:Perimeter
;WIDTH:0.381505
;HEIGHT:0.16
G1 F3600
G1 X65.526 Y115.704 E.54989
;WIDTH:0.423417
G1 X65.505 Y115.954 E.00649
;WIDTH:0.465328
G1 X65.484 Y116.204 E.00719
;WIDTH:0.507239
G1 X65.463 Y116.453 E.00786
G1 X65.024 Y116.474 E.01383
;WIDTH:0.465328
G1 X64.822 Y116.495 E.00582
;WIDTH:0.423417
G1 X64.619 Y116.516 E.00528
;WIDTH:0.381505
G1 X12.585 Y116.516 E1.20166
;WIDTH:0.423417
G1 X12.304 Y116.495 E.00729
;WIDTH:0.465328
G1 X12.023 Y116.474 E.00808
;WIDTH:0.507239
G1 X11.742 Y116.453 E.00886
G1 X11.721 Y116.014 E.01383
;WIDTH:0.465328
G1 X11.7 Y115.812 E.00582
;WIDTH:0.423417
G1 X11.679 Y115.61 E.00526
;WIDTH:0.381505
G1 X11.679 Y106.393 E.21286
M204 S250
;TYPE:Overhang perimeter
;WIDTH:0.368782
;HEIGHT:0.368782
G1 F1500
G1 X11.679 Y56.793 E2.20264
M204 S500
;TYPE:Perimeter
;WIDTH:0.381505
;HEIGHT:0.16
G1 F3600
G1 X11.679 Y13.575 E.99807
;WIDTH:0.423417
G1 X11.7 Y13.294 E.00729
;WIDTH:0.465328
G1 X11.721 Y13.013 E.00808
;WIDTH:0.507239
G1 X11.737 Y12.792 E.00697
G1 X11.312 Y12.303 F9000
;TYPE:External perimeter
;WIDTH:0.419999
G1 F1800
G1 X65.892 Y12.303 E1.40022
G1 X65.892 Y72.293 E1.53901
M204 S250
;TYPE:Overhang perimeter
;WIDTH:0.368782
;HEIGHT:0.368782
G1 F1500
G1 X65.892 Y91.893 E.8704
M204 S500
;TYPE:External perimeter
;WIDTH:0.419999
;HEIGHT:0.16
G1 F1800
G1 X65.892 Y116.883 E.6411
G1 X11.312 Y116.883 E1.40022
G1 X11.312 Y106.393 E.26911
M204 S250
;TYPE:Overhang perimeter
;WIDTH:0.368782
;HEIGHT:0.368782
G1 F1500
G1 X11.312 Y56.793 E2.20264
M204 S500
;TYPE:External perimeter
;WIDTH:0.419999
;HEIGHT:0.16
G1 F1800
G1 X11.312 Y12.363 E1.13983
;LAYER_CHANGE
;Z:12.36
;HEIGHT:0.16
;BEFORE_LAYER_CHANGE
G92 E0
;12.36


G1 E-3.5 F3600
;WIPE_START
G1 F7200
G1 X11.312 Y12.303 E-.0285
G1 X14.41 Y12.303 E-1.4715
;WIPE_END
G1 Z12.36 F9000
;AFTER_LAYER_CHANGE
;12.36
G1 X12.186 Y13.124
G1 E5 F2400
;TYPE:Perimeter
;WIDTH:0.507239
G1 F3600
G1 X12.292 Y13.096 E.00345
;WIDTH:0.465328
G1 X12.438 Y13.056 E.00434
;WIDTH:0.423417
G1 X12.585 Y13.016 E.00394
;WIDTH:0.381505
G1 X64.619 Y13.016 E1.20166
;WIDTH:0.423417
G1 X64.766 Y13.056 E.00394
;WIDTH:0.465328
G1 X64.913 Y13.096 E.00437
;WIDTH:0.507239
G1 X65.059 Y13.135 E.00475
G1 X65.099 Y13.282 E.00479
;WIDTH:0.465328
G1 X65.139 Y13.429 E.00437
;WIDTH:0.423417
G1 X65.179 Y13.575 E.00392
;WIDTH:0.381505
G1 X65.179 Y115.61 E2.35637
;WIDTH:0.423417
G1 X65.139 Y115.756 E.00392
;WIDTH:0.465328
G1 X65.099 Y115.903 E.00437
;WIDTH:0.507239
G1 X65.059 Y116.05 E.00479
G1 X64.913 Y116.089 E.00475
;WIDTH:0.465328
G1 X64.766 Y116.129 E.00437
;WIDTH:0.423417
G1 X64.619 Y116.169 E.00394
;WIDTH:0.381505
G1 X12.585 Y116.169 E1.20166
;WIDTH:0.423417
G1 X12.438 Y116.129 E.00394
;WIDTH:0.465328
G1 X12.292 Y116.089 E.00434
;WIDTH:0.507239
G1 X12.145 Y116.05 E.00478
G1 X12.105 Y115.903 E.00479
;WIDTH:0.465328
G1 X12.066 Y115.756 E.00436
;WIDTH:0.423417
G1 X12.026 Y115.61 E.00392
;WIDTH:0.381505
G1 X12.026 Y13.575 E2.35637
;WIDTH:0.423417
G1 X12.066 Y13.429 E.00392
;WIDTH:0.465328
G1 X12.105 Y13.282 E.00436
;WIDTH:0.507239
G1 X12.141 Y13.152 E.00424
G1 X12.446 Y13.445 F9000
;TYPE:External perimeter
;WIDTH:0.419999
G1 F1800
G1 X12.449 Y13.439 E.00017
G1 X12.585 Y13.383 E.00377
G1 X64.619 Y13.383 E1.3349
G1 X64.756 Y13.439 E.0038
G1 X64.812 Y13.575 E.00377
G1 X64.812 Y115.61 E2.61765
G1 X64.756 Y115.746 E.00377
G1 X64.619 Y115.803 E.00381
G1 X12.585 Y115.803 E1.3349
G1 X12.449 Y115.746 E.00378
G1 X12.392 Y115.61 E.00378
G1 X12.392 Y13.575 E2.61765
G1 X12.423 Y13.5 E.00208
G1 X11.742 Y12.732 F9000
;TYPE:Perimeter
;WIDTH:0.507239
G1 F3600
G1 X12.18 Y12.711 E.01379
;WIDTH:0.465328
G1 X12.383 Y12.69 E.00585
;WIDTH:0.423417
G1 X12.585 Y12.669 E.00526
;WIDTH:0.381505
G1 X64.619 Y12.669 E1.20166
;WIDTH:0.423417
G1 X64.901 Y12.69 E.00732
;WIDTH:0.465328
G1 X65.182 Y12.711 E.00808
;WIDTH:0.507239
G1 X65.463 Y12.732 E.00886
G1 X65.463 Y12.968 E.00742
G1 X65.484 Y13.171 E.00642
;WIDTH:0.465328
G1 X65.505 Y13.373 E.00582
;WIDTH:0.423417
G1 X65.526 Y13.575 E.00526
;WIDTH:0.381505
G1 X65.526 Y115.704 E2.35854
;WIDTH:0.423417
G1 X65.505 Y115.954 E.00649
;WIDTH:0.465328
G1 X65.484 Y116.204 E.00719
;WIDTH:0.507239
G1 X65.463 Y116.453 E.00786
G1 X65.024 Y116.474 E.01383
;WIDTH:0.465328
G1 X64.822 Y116.495 E.00582
;WIDTH:0.423417
G1 X64.619 Y116.516 E.00528
;WIDTH:0.381505
G1 X12.585 Y116.516 E1.20166
;WIDTH:0.423417
G1 X12.304 Y116.495 E.00729
;WIDTH:0.465328
G1 X12.023 Y116.474 E.00808
;WIDTH:0.507239
G1 X11.742 Y116.453 E.00886
G1 X11.721 Y116.014 E.01383
;WIDTH:0.465328
G1 X11.7 Y115.812 E.00582
;WIDTH:0.423417
G1 X11.679 Y115.61 E.00526
;WIDTH:0.381505
G1 X11.679 Y13.575 E2.35637
;WIDTH:0.423417
G1 X11.7 Y13.294 E.00729
;WIDTH:0.465328
G1 X11.721 Y13.013 E.00808
;WIDTH:0.507239
G1 X11.737 Y12.792 E.00697
G1 X11.312 Y12.303 F9000
;TYPE:External perimeter
;WIDTH:0.419999
G1 F1800
G1 X65.892 Y12.303 E1.40022
G1 X65.892 Y116.883 E2.68294
G1 X11.312 Y116.883 E1.40022
G1 X11.312 Y12.363 E2.6814
;LAYER_CHANGE
;Z:12.52
;HEIGHT:0.160001
;BEFORE_LAYER_CHANGE
G92 E0
;12.52


G1 E-3.5 F3600
;WIPE_START
G1 F7200
G1 X11.312 Y12.303 E-.0285
G1 X14.41 Y12.303 E-1.4715
;WIPE_END
G1 Z12.52 F9000
;AFTER_LAYER_CHANGE
;12.52
G1 X12.186 Y13.124
G1 E5 F2400
;TYPE:Perimeter
;WIDTH:0.507239
G1 F3600
G1 X12.292 Y13.096 E.00345
;WIDTH:0.465328
G1 X12.438 Y13.056 E.00434
;WIDTH:0.423417
G1 X12.585 Y13.016 E.00394
;WIDTH:0.381505
G1 X64.619 Y13.016 E1.20166
;WIDTH:0.423417
G1 X64.766 Y13.056 E.00394
;WIDTH:0.465328
G1 X64.913 Y13.096 E.00437
;WIDTH:0.507239
G1 X65.059 Y13.135 E.00475
G1 X65.099 Y13.282 E.00479
;WIDTH:0.465328
G1 X65.139 Y13.429 E.00437
;WIDTH:0.423417
G1 X65.179 Y13.575 E.00392
;WIDTH:0.381505
G1 X65.179 Y115.61 E2.35637
;WIDTH:0.423417
G1 X65.139 Y115.756 E.00392
;WIDTH:0.465328
G1 X65.099 Y115.903 E.00437
;WIDTH:0.507239
G1 X65.059 Y116.05 E.00479
G1 X64.913 Y116.089 E.00475
;WIDTH:0.465328
G1 X64.766 Y116.129 E.00437
;WIDTH:0.423417
G1 X64.619 Y116.169 E.00394
;WIDTH:0.381505
G1 X12.585 Y116.169 E1.20166
;WIDTH:0.423417
G1 X12.438 Y116.129 E.00394
;WIDTH:0.465328
G1 X12.292 Y116.089 E.00434
;WIDTH:0.507239
G1 X12.145 Y116.05 E.00478
G1 X12.105 Y115.903 E.00479
;WIDTH:0.465328
G1 X12.066 Y115.756 E.00436
;WIDTH:0.423417
G1 X12.026 Y115.61 E.00392
;WIDTH:0.381505
G1 X12.026 Y13.575 E2.35637
;WIDTH:0.423417
G1 X12.066 Y13.429 E.00392
;WIDTH:0.465328
G1 X12.105 Y13.282 E.00436
;WIDTH:0.507239
G1 X12.141 Y13.152 E.00424
G1 X12.446 Y13.445 F9000
;TYPE:External perimeter
;WIDTH:0.419999
G1 F1800
G1 X12.449 Y13.439 E.00017
G1 X12.585 Y13.383 E.00377
G1 X64.619 Y13.383 E1.3349
G1 X64.756 Y13.439 E.0038
G1 X64.812 Y13.575 E.00377
G1 X64.812 Y115.61 E2.61765
G1 X64.756 Y115.746 E.00377
G1 X64.619 Y115.803 E.00381
G1 X12.585 Y115.803 E1.3349
G1 X12.449 Y115.746 E.00378
G1 X12.392 Y115.61 E.00378
G1 X12.392 Y13.575 E2.61765
G1 X12.423 Y13.5 E.00208
G1 X11.742 Y12.732 F9000
;TYPE:Perimeter
;WIDTH:0.507239
G1 F3600
G1 X12.18 Y12.711 E.01379
;WIDTH:0.465328
G1 X12.383 Y12.69 E.00585
;WIDTH:0.423417
G1 X12.585 Y12.669 E.00526
;WIDTH:0.381505
G1 X64.619 Y12.669 E1.20166
;WIDTH:0.423417
G1 X64.901 Y12.69 E.00732
;WIDTH:0.465328
G1 X65.182 Y12.711 E.00808
;WIDTH:0.507239
G1 X65.463 Y12.732 E.00886
G1 X65.463 Y12.968 E.00742
G1 X65.484 Y13.171 E.00642
;WIDTH:0.465328
G1 X65.505 Y13.373 E.00582
;WIDTH:0.423417
G1 X65.526 Y13.575 E.00526
;WIDTH:0.381505
G1 X65.526 Y115.704 E2.35854
;WIDTH:0.423417
G1 X65.505 Y115.954 E.00649
;WIDTH:0.465328
G1 X65.484 Y116.204 E.00719
;WIDTH:0.507239
G1 X65.463 Y116.453 E.00786
G1 X65.024 Y116.474 E.01383
;WIDTH:0.465328
G1 X64.822 Y116.495 E.00582
;WIDTH:0.423417
G1 X64.619 Y116.516 E.00528
;WIDTH:0.381505
G1 X12.585 Y116.516 E1.20166
;WIDTH:0.423417
G1 X12.304 Y116.495 E.00729
;WIDTH:0.465328
G1 X12.023 Y116.474 E.00808
;WIDTH:0.507239
G1 X11.742 Y116.453 E.00886
G1 X11.721 Y116.014 E.01383
;WIDTH:0.465328
G1 X11.7 Y115.812 E.00582
;WIDTH:0.423417
G1 X11.679 Y115.61 E.00526
;WIDTH:0.381505
G1 X11.679 Y13.575 E2.35637
;WIDTH:0.423417
G1 X11.7 Y13.294 E.00729
;WIDTH:0.465328
G1 X11.721 Y13.013 E.00808
;WIDTH:0.507239
G1 X11.737 Y12.792 E.00697
G1 X11.312 Y12.303 F9000
;TYPE:External perimeter
;WIDTH:0.419999
G1 F1800
G1 X65.892 Y12.303 E1.40022
G1 X65.892 Y116.883 E2.68294
G1 X11.312 Y116.883 E1.40022
G1 X11.312 Y12.363 E2.6814
;LAYER_CHANGE
;Z:12.68
;HEIGHT:0.16
;BEFORE_LAYER_CHANGE
G92 E0
;12.68


G1 E-3.5 F3600
;WIPE_START
G1 F7200
G1 X11.312 Y12.303 E-.0285
G1 X14.41 Y12.303 E-1.4715
;WIPE_END
G1 Z12.68 F9000
;AFTER_LAYER_CHANGE
;12.68
G1 X12.186 Y13.124
G1 E5 F2400
;TYPE:Perimeter
;WIDTH:0.507239
G1 F3600
G1 X12.292 Y13.096 E.00345
;WIDTH:0.465328
G1 X12.438 Y13.056 E.00434
;WIDTH:0.423417
G1 X12.585 Y13.016 E.00394
;WIDTH:0.381505
G1 X64.619 Y13.016 E1.20166
;WIDTH:0.423417
G1 X64.766 Y13.056 E.00394
;WIDTH:0.465328
G1 X64.913 Y13.096 E.00437
;WIDTH:0.507239
G1 X65.059 Y13.135 E.00475
G1 X65.099 Y13.282 E.00479
;WIDTH:0.465328
G1 X65.139 Y13.429 E.00437
;WIDTH:0.423417
G1 X65.179 Y13.575 E.00392
;WIDTH:0.381505
G1 X65.179 Y115.61 E2.35637
;WIDTH:0.423417
G1 X65.139 Y115.756 E.00392
;WIDTH:0.465328
G1 X65.099 Y115.903 E.00437
;WIDTH:0.507239
G1 X65.059 Y116.05 E.00479
G1 X64.913 Y116.089 E.00475
;WIDTH:0.465328
G1 X64.766 Y116.129 E.00437
;WIDTH:0.423417
G1 X64.619 Y116.169 E.00394
;WIDTH:0.381505
G1 X12.585 Y116.169 E1.20166
;WIDTH:0.423417
G1 X12.438 Y116.129 E.00394
;WIDTH:0.465328
G1 X12.292 Y116.089 E.00434
;WIDTH:0.507239
G1 X12.145 Y116.05 E.00478
G1 X12.105 Y115.903 E.00479
;WIDTH:0.465328
G1 X12.066 Y115.756 E.00436
;WIDTH:0.423417
G1 X12.026 Y115.61 E.00392
;WIDTH:0.381505
G1 X12.026 Y13.575 E2.35637
;WIDTH:0.423417
G1 X12.066 Y13.429 E.00392
;WIDTH:0.465328
G1 X12.105 Y13.282 E.00436
;WIDTH:0.507239
G1 X12.141 Y13.152 E.00424
G1 X12.446 Y13.445 F9000
;TYPE:External perimeter
;WIDTH:0.419999
G1 F1800
G1 X12.449 Y13.439 E.00017
G1 X12.585 Y13.383 E.00377
G1 X64.619 Y13.383 E1.3349
G1 X64.756 Y13.439 E.0038
G1 X64.812 Y13.575 E.00377
G1 X64.812 Y115.61 E2.61765
G1 X64.756 Y115.746 E.00377
G1 X64.619 Y115.803 E.00381
G1 X12.585 Y115.803 E1.3349
G1 X12.449 Y115.746 E.00378
G1 X12.392 Y115.61 E.00378
G1 X12.392 Y13.575 E2.61765
G1 X12.423 Y13.5 E.00208
G1 X11.742 Y12.732 F9000
;TYPE:Perimeter
;WIDTH:0.507239
G1 F3600
G1 X12.18 Y12.711 E.01379
;WIDTH:0.465328
G1 X12.383 Y12.69 E.00585
;WIDTH:0.423417
G1 X12.585 Y12.669 E.00526
;WIDTH:0.381505
G1 X64.619 Y12.669 E1.20166
;WIDTH:0.423417
G1 X64.901 Y12.69 E.00732
;WIDTH:0.465328
G1 X65.182 Y12.711 E.00808
;WIDTH:0.507239
G1 X65.463 Y12.732 E.00886
G1 X65.463 Y12.968 E.00742
G1 X65.484 Y13.171 E.00642
;WIDTH:0.465328
G1 X65.505 Y13.373 E.00582
;WIDTH:0.423417
G1 X65.526 Y13.575 E.00526
;WIDTH:0.381505
G1 X65.526 Y115.704 E2.35854
;WIDTH:0.423417
G1 X65.505 Y115.954 E.00649
;WIDTH:0.465328
G1 X65.484 Y116.204 E.00719
;WIDTH:0.507239
G1 X65.463 Y116.453 E.00786
G1 X65.024 Y116.474 E.01383
;WIDTH:0.465328
G1 X64.822 Y116.495 E.00582
;WIDTH:0.423417
G1 X64.619 Y116.516 E.00528
;WIDTH:0.381505
G1 X12.585 Y116.516 E1.20166
;WIDTH:0.423417
G1 X12.304 Y116.495 E.00729
;WIDTH:0.465328
G1 X12.023 Y116.474 E.00808
;WIDTH:0.507239
G1 X11.742 Y116.453 E.00886
G1 X11.721 Y116.014 E.01383
;WIDTH:0.465328
G1 X11.7 Y115.812 E.00582
;WIDTH:0.423417
G1 X11.679 Y115.61 E.00526
;WIDTH:0.381505
G1 X11.679 Y13.575 E2.35637
;WIDTH:0.423417
G1 X11.7 Y13.294 E.00729
;WIDTH:0.465328
G1 X11.721 Y13.013 E.00808
;WIDTH:0.507239
G1 X11.737 Y12.792 E.00697
G1 X11.312 Y12.303 F9000
;TYPE:External perimeter
;WIDTH:0.419999
G1 F1800
G1 X65.892 Y12.303 E1.40022
G1 X65.892 Y116.883 E2.68294
G1 X11.312 Y116.883 E1.40022
G1 X11.312 Y12.363 E2.6814
;LAYER_CHANGE
;Z:12.84
;HEIGHT:0.16
;BEFORE_LAYER_CHANGE
G92 E0
;12.84


G1 E-3.5 F3600
;WIPE_START
G1 F7200
G1 X11.312 Y12.303 E-.0285
G1 X14.41 Y12.303 E-1.4715
;WIPE_END
G1 Z12.84 F9000
;AFTER_LAYER_CHANGE
;12.84
G1 X12.186 Y13.124
G1 E5 F2400
;TYPE:Perimeter
;WIDTH:0.507239
G1 F3600
G1 X12.292 Y13.096 E.00345
;WIDTH:0.465328
G1 X12.438 Y13.056 E.00434
;WIDTH:0.423417
G1 X12.585 Y13.016 E.00394
;WIDTH:0.381505
G1 X64.619 Y13.016 E1.20166
;WIDTH:0.423417
G1 X64.766 Y13.056 E.00394
;WIDTH:0.465328
G1 X64.913 Y13.096 E.00437
;WIDTH:0.507239
G1 X65.059 Y13.135 E.00475
G1 X65.099 Y13.282 E.00479
;WIDTH:0.465328
G1 X65.139 Y13.429 E.00437
;WIDTH:0.423417
G1 X65.179 Y13.575 E.00392
;WIDTH:0.381505
G1 X65.179 Y115.61 E2.35637
;WIDTH:0.423417
G1 X65.139 Y115.756 E.00392
;WIDTH:0.465328
G1 X65.099 Y115.903 E.00437
;WIDTH:0.507239
G1 X65.059 Y116.05 E.00479
G1 X64.913 Y116.089 E.00475
;WIDTH:0.465328
G1 X64.766 Y116.129 E.00437
;WIDTH:0.423417
G1 X64.619 Y116.169 E.00394
;WIDTH:0.381505
G1 X12.585 Y116.169 E1.20166
;WIDTH:0.423417
G1 X12.438 Y116.129 E.00394
;WIDTH:0.465328
G1 X12.292 Y116.089 E.00434
;WIDTH:0.507239
G1 X12.145 Y116.05 E.00478
G1 X12.105 Y115.903 E.00479
;WIDTH:0.465328
G1 X12.066 Y115.756 E.00436
;WIDTH:0.423417
G1 X12.026 Y115.61 E.00392
;WIDTH:0.381505
G1 X12.026 Y13.575 E2.35637
;WIDTH:0.423417
G1 X12.066 Y13.429 E.00392
;WIDTH:0.465328
G1 X12.105 Y13.282 E.00436
;WIDTH:0.507239
G1 X12.141 Y13.152 E.00424
G1 X12.446 Y13.445 F9000
;TYPE:External perimeter
;WIDTH:0.419999
G1 F1800
G1 X12.449 Y13.439 E.00017
G1 X12.585 Y13.383 E.00377
G1 X64.619 Y13.383 E1.3349
G1 X64.756 Y13.439 E.0038
G1 X64.812 Y13.575 E.00377
G1 X64.812 Y115.61 E2.61765
G1 X64.756 Y115.746 E.00377
G1 X64.619 Y115.803 E.00381
G1 X12.585 Y115.803 E1.3349
G1 X12.449 Y115.746 E.00378
G1 X12.392 Y115.61 E.00378
G1 X12.392 Y13.575 E2.61765
G1 X12.423 Y13.5 E.00208
G1 X11.742 Y12.732 F9000
;TYPE:Perimeter
;WIDTH:0.507239
G1 F3600
G1 X12.18 Y12.711 E.01379
;WIDTH:0.465328
G1 X12.383 Y12.69 E.00585
;WIDTH:0.423417
G1 X12.585 Y12.669 E.00526
;WIDTH:0.381505
G1 X64.619 Y12.669 E1.20166
;WIDTH:0.423417
G1 X64.901 Y12.69 E.00732
;WIDTH:0.465328
G1 X65.182 Y12.711 E.00808
;WIDTH:0.507239
G1 X65.463 Y12.732 E.00886
G1 X65.463 Y12.968 E.00742
G1 X65.484 Y13.171 E.00642
;WIDTH:0.465328
G1 X65.505 Y13.373 E.00582
;WIDTH:0.423417
G1 X65.526 Y13.575 E.00526
;WIDTH:0.381505
G1 X65.526 Y115.704 E2.35854
;WIDTH:0.423417
G1 X65.505 Y115.954 E.00649
;WIDTH:0.465328
G1 X65.484 Y116.204 E.00719
;WIDTH:0.507239
G1 X65.463 Y116.453 E.00786
G1 X65.024 Y116.474 E.01383
;WIDTH:0.465328
G1 X64.822 Y116.495 E.00582
;WIDTH:0.423417
G1 X64.619 Y116.516 E.00528
;WIDTH:0.381505
G1 X12.585 Y116.516 E1.20166
;WIDTH:0.423417
G1 X12.304 Y116.495 E.00729
;WIDTH:0.465328
G1 X12.023 Y116.474 E.00808
;WIDTH:0.507239
G1 X11.742 Y116.453 E.00886
G1 X11.721 Y116.014 E.01383
;WIDTH:0.465328
G1 X11.7 Y115.812 E.00582
;WIDTH:0.423417
G1 X11.679 Y115.61 E.00526
;WIDTH:0.381505
G1 X11.679 Y13.575 E2.35637
;WIDTH:0.423417
G1 X11.7 Y13.294 E.00729
;WIDTH:0.465328
G1 X11.721 Y13.013 E.00808
;WIDTH:0.507239
G1 X11.737 Y12.792 E.00697
G1 X11.312 Y12.303 F9000
;TYPE:External perimeter
;WIDTH:0.419999
G1 F1800
G1 X65.892 Y12.303 E1.40022
G1 X65.892 Y116.883 E2.68294
G1 X11.312 Y116.883 E1.40022
G1 X11.312 Y12.363 E2.6814
;LAYER_CHANGE
;Z:13
;HEIGHT:0.16
;BEFORE_LAYER_CHANGE
G92 E0
;13


G1 E-3.5 F3600
;WIPE_START
G1 F7200
G1 X11.312 Y12.303 E-.0285
G1 X14.41 Y12.303 E-1.4715
;WIPE_END
G1 Z13 F9000
;AFTER_LAYER_CHANGE
;13
G1 X12.186 Y13.124
G1 E5 F2400
;TYPE:Perimeter
;WIDTH:0.507239
G1 F3600
G1 X12.292 Y13.096 E.00345
;WIDTH:0.465328
G1 X12.438 Y13.056 E.00434
;WIDTH:0.423417
G1 X12.585 Y13.016 E.00394
;WIDTH:0.381505
G1 X64.619 Y13.016 E1.20166
;WIDTH:0.423417
G1 X64.766 Y13.056 E.00394
;WIDTH:0.465328
G1 X64.913 Y13.096 E.00437
;WIDTH:0.507239
G1 X65.059 Y13.135 E.00475
G1 X65.099 Y13.282 E.00479
;WIDTH:0.465328
G1 X65.139 Y13.429 E.00437
;WIDTH:0.423417
G1 X65.179 Y13.575 E.00392
;WIDTH:0.381505
G1 X65.179 Y115.61 E2.35637
;WIDTH:0.423417
G1 X65.139 Y115.756 E.00392
;WIDTH:0.465328
G1 X65.099 Y115.903 E.00437
;WIDTH:0.507239
G1 X65.059 Y116.05 E.00479
G1 X64.913 Y116.089 E.00475
;WIDTH:0.465328
G1 X64.766 Y116.129 E.00437
;WIDTH:0.423417
G1 X64.619 Y116.169 E.00394
;WIDTH:0.381505
G1 X12.585 Y116.169 E1.20166
;WIDTH:0.423417
G1 X12.438 Y116.129 E.00394
;WIDTH:0.465328
G1 X12.292 Y116.089 E.00434
;WIDTH:0.507239
G1 X12.145 Y116.05 E.00478
G1 X12.105 Y115.903 E.00479
;WIDTH:0.465328
G1 X12.066 Y115.756 E.00436
;WIDTH:0.423417
G1 X12.026 Y115.61 E.00392
;WIDTH:0.381505
G1 X12.026 Y13.575 E2.35637
;WIDTH:0.423417
G1 X12.066 Y13.429 E.00392
;WIDTH:0.465328
G1 X12.105 Y13.282 E.00436
;WIDTH:0.507239
G1 X12.141 Y13.152 E.00424
G1 X12.446 Y13.445 F9000
;TYPE:External perimeter
;WIDTH:0.419999
G1 F1800
G1 X12.449 Y13.439 E.00017
G1 X12.585 Y13.383 E.00377
G1 X64.619 Y13.383 E1.3349
G1 X64.756 Y13.439 E.0038
G1 X64.812 Y13.575 E.00377
G1 X64.812 Y115.61 E2.61765
G1 X64.756 Y115.746 E.00377
G1 X64.619 Y115.803 E.00381
G1 X12.585 Y115.803 E1.3349
G1 X12.449 Y115.746 E.00378
G1 X12.392 Y115.61 E.00378
G1 X12.392 Y13.575 E2.61765
G1 X12.423 Y13.5 E.00208
G1 X11.742 Y12.732 F9000
;TYPE:Perimeter
;WIDTH:0.507239
G1 F3600
G1 X12.18 Y12.711 E.01379
;WIDTH:0.465328
G1 X12.383 Y12.69 E.00585
;WIDTH:0.423417
G1 X12.585 Y12.669 E.00526
;WIDTH:0.381505
G1 X64.619 Y12.669 E1.20166
;WIDTH:0.423417
G1 X64.901 Y12.69 E.00732
;WIDTH:0.465328
G1 X65.182 Y12.711 E.00808
;WIDTH:0.507239
G1 X65.463 Y12.732 E.00886
G1 X65.463 Y12.968 E.00742
G1 X65.484 Y13.171 E.00642
;WIDTH:0.465328
G1 X65.505 Y13.373 E.00582
;WIDTH:0.423417
G1 X65.526 Y13.575 E.00526
;WIDTH:0.381505
G1 X65.526 Y115.704 E2.35854
;WIDTH:0.423417
G1 X65.505 Y115.954 E.00649
;WIDTH:0.465328
G1 X65.484 Y116.204 E.00719
;WIDTH:0.507239
G1 X65.463 Y116.453 E.00786
G1 X65.024 Y116.474 E.01383
;WIDTH:0.465328
G1 X64.822 Y116.495 E.00582
;WIDTH:0.423417
G1 X64.619 Y116.516 E.00528
;WIDTH:0.381505
G1 X12.585 Y116.516 E1.20166
;WIDTH:0.423417
G1 X12.304 Y116.495 E.00729
;WIDTH:0.465328
G1 X12.023 Y116.474 E.00808
;WIDTH:0.507239
G1 X11.742 Y116.453 E.00886
G1 X11.721 Y116.014 E.01383
;WIDTH:0.465328
G1 X11.7 Y115.812 E.00582
;WIDTH:0.423417
G1 X11.679 Y115.61 E.00526
;WIDTH:0.381505
G1 X11.679 Y13.575 E2.35637
;WIDTH:0.423417
G1 X11.7 Y13.294 E.00729
;WIDTH:0.465328
G1 X11.721 Y13.013 E.00808
;WIDTH:0.507239
G1 X11.737 Y12.792 E.00697
G1 X11.312 Y12.303 F9000
;TYPE:External perimeter
;WIDTH:0.419999
G1 F1800
G1 X65.892 Y12.303 E1.40022
G1 X65.892 Y116.883 E2.68294
G1 X11.312 Y116.883 E1.40022
G1 X11.312 Y12.363 E2.6814
;LAYER_CHANGE
;Z:13.16
;HEIGHT:0.16
;BEFORE_LAYER_CHANGE
G92 E0
;13.16


G1 E-3.5 F3600
;WIPE_START
G1 F7200
G1 X11.312 Y12.303 E-.0285
G1 X14.41 Y12.303 E-1.4715
;WIPE_END
G1 Z13.16 F9000
;AFTER_LAYER_CHANGE
;13.16
G1 X12.186 Y13.124
G1 E5 F2400
;TYPE:Perimeter
;WIDTH:0.507239
G1 F3600
G1 X12.292 Y13.096 E.00345
;WIDTH:0.465328
G1 X12.438 Y13.056 E.00434
;WIDTH:0.423417
G1 X12.585 Y13.016 E.00394
;WIDTH:0.381505
G1 X64.619 Y13.016 E1.20166
;WIDTH:0.423417
G1 X64.766 Y13.056 E.00394
;WIDTH:0.465328
G1 X64.913 Y13.096 E.00437
;WIDTH:0.507239
G1 X65.059 Y13.135 E.00475
G1 X65.099 Y13.282 E.00479
;WIDTH:0.465328
G1 X65.139 Y13.429 E.00437
;WIDTH:0.423417
G1 X65.179 Y13.575 E.00392
;WIDTH:0.381505
G1 X65.179 Y115.61 E2.35637
;WIDTH:0.423417
G1 X65.139 Y115.756 E.00392
;WIDTH:0.465328
G1 X65.099 Y115.903 E.00437
;WIDTH:0.507239
G1 X65.059 Y116.05 E.00479
G1 X64.913 Y116.089 E.00475
;WIDTH:0.465328
G1 X64.766 Y116.129 E.00437
;WIDTH:0.423417
G1 X64.619 Y116.169 E.00394
;WIDTH:0.381505
G1 X12.585 Y116.169 E1.20166
;WIDTH:0.423417
G1 X12.438 Y116.129 E.00394
;WIDTH:0.465328
G1 X12.292 Y116.089 E.00434
;WIDTH:0.507239
G1 X12.145 Y116.05 E.00478
G1 X12.105 Y115.903 E.00479
;WIDTH:0.465328
G1 X12.066 Y115.756 E.00436
;WIDTH:0.423417
G1 X12.026 Y115.61 E.00392
;WIDTH:0.381505
G1 X12.026 Y13.575 E2.35637
;WIDTH:0.423417
G1 X12.066 Y13.429 E.00392
;WIDTH:0.465328
G1 X12.105 Y13.282 E.00436
;WIDTH:0.507239
G1 X12.141 Y13.152 E.00424
G1 X12.446 Y13.445 F9000
;TYPE:External perimeter
;WIDTH:0.419999
G1 F1800
G1 X12.449 Y13.439 E.00017
G1 X12.585 Y13.383 E.00377
G1 X64.619 Y13.383 E1.3349
G1 X64.756 Y13.439 E.0038
G1 X64.812 Y13.575 E.00377
G1 X64.812 Y115.61 E2.61765
G1 X64.756 Y115.746 E.00377
G1 X64.619 Y115.803 E.00381
G1 X12.585 Y115.803 E1.3349
G1 X12.449 Y115.746 E.00378
G1 X12.392 Y115.61 E.00378
G1 X12.392 Y13.575 E2.61765
G1 X12.423 Y13.5 E.00208
G1 X11.742 Y12.732 F9000
;TYPE:Perimeter
;WIDTH:0.507239
G1 F3600
G1 X12.18 Y12.711 E.01379
;WIDTH:0.465328
G1 X12.383 Y12.69 E.00585
;WIDTH:0.423417
G1 X12.585 Y12.669 E.00526
;WIDTH:0.381505
G1 X64.619 Y12.669 E1.20166
;WIDTH:0.423417
G1 X64.901 Y12.69 E.00732
;WIDTH:0.465328
G1 X65.182 Y12.711 E.00808
;WIDTH:0.507239
G1 X65.463 Y12.732 E.00886
G1 X65.463 Y12.968 E.00742
G1 X65.484 Y13.171 E.00642
;WIDTH:0.465328
G1 X65.505 Y13.373 E.00582
;WIDTH:0.423417
G1 X65.526 Y13.575 E.00526
;WIDTH:0.381505
G1 X65.526 Y115.704 E2.35854
;WIDTH:0.423417
G1 X65.505 Y115.954 E.00649
;WIDTH:0.465328
G1 X65.484 Y116.204 E.00719
;WIDTH:0.507239
G1 X65.463 Y116.453 E.00786
G1 X65.024 Y116.474 E.01383
;WIDTH:0.465328
G1 X64.822 Y116.495 E.00582
;WIDTH:0.423417
G1 X64.619 Y116.516 E.00528
;WIDTH:0.381505
G1 X12.585 Y116.516 E1.20166
;WIDTH:0.423417
G1 X12.304 Y116.495 E.00729
;WIDTH:0.465328
G1 X12.023 Y116.474 E.00808
;WIDTH:0.507239
G1 X11.742 Y116.453 E.00886
G1 X11.721 Y116.014 E.01383
;WIDTH:0.465328
G1 X11.7 Y115.812 E.00582
;WIDTH:0.423417
G1 X11.679 Y115.61 E.00526
;WIDTH:0.381505
G1 X11.679 Y13.575 E2.35637
;WIDTH:0.423417
G1 X11.7 Y13.294 E.00729
;WIDTH:0.465328
G1 X11.721 Y13.013 E.00808
;WIDTH:0.507239
G1 X11.737 Y12.792 E.00697
G1 X11.312 Y12.303 F9000
;TYPE:External perimeter
;WIDTH:0.419999
G1 F1800
G1 X65.892 Y12.303 E1.40022
G1 X65.892 Y116.883 E2.68294
G1 X11.312 Y116.883 E1.40022
G1 X11.312 Y12.363 E2.6814
;LAYER_CHANGE
;Z:13.32
;HEIGHT:0.16
;BEFORE_LAYER_CHANGE
G92 E0
;13.32


G1 E-3.5 F3600
;WIPE_START
G1 F7200
G1 X11.312 Y12.303 E-.0285
G1 X14.41 Y12.303 E-1.4715
;WIPE_END
G1 Z13.32 F9000
;AFTER_LAYER_CHANGE
;13.32
G1 X12.186 Y13.124
G1 E5 F2400
;TYPE:Perimeter
;WIDTH:0.507239
G1 F3600
G1 X12.292 Y13.096 E.00345
;WIDTH:0.465328
G1 X12.438 Y13.056 E.00434
;WIDTH:0.423417
G1 X12.585 Y13.016 E.00394
;WIDTH:0.381505
G1 X64.619 Y13.016 E1.20166
;WIDTH:0.423417
G1 X64.766 Y13.056 E.00394
;WIDTH:0.465328
G1 X64.913 Y13.096 E.00437
;WIDTH:0.507239
G1 X65.059 Y13.135 E.00475
G1 X65.099 Y13.282 E.00479
;WIDTH:0.465328
G1 X65.139 Y13.429 E.00437
;WIDTH:0.423417
G1 X65.179 Y13.575 E.00392
;WIDTH:0.381505
G1 X65.179 Y115.61 E2.35637
;WIDTH:0.423417
G1 X65.139 Y115.756 E.00392
;WIDTH:0.465328
G1 X65.099 Y115.903 E.00437
;WIDTH:0.507239
G1 X65.059 Y116.05 E.00479
G1 X64.913 Y116.089 E.00475
;WIDTH:0.465328
G1 X64.766 Y116.129 E.00437
;WIDTH:0.423417
G1 X64.619 Y116.169 E.00394
;WIDTH:0.381505
G1 X12.585 Y116.169 E1.20166
;WIDTH:0.423417
G1 X12.438 Y116.129 E.00394
;WIDTH:0.465328
G1 X12.292 Y116.089 E.00434
;WIDTH:0.507239
G1 X12.145 Y116.05 E.00478
G1 X12.105 Y115.903 E.00479
;WIDTH:0.465328
G1 X12.066 Y115.756 E.00436
;WIDTH:0.423417
G1 X12.026 Y115.61 E.00392
;WIDTH:0.381505
G1 X12.026 Y13.575 E2.35637
;WIDTH:0.423417
G1 X12.066 Y13.429 E.00392
;WIDTH:0.465328
G1 X12.105 Y13.282 E.00436
;WIDTH:0.507239
G1 X12.141 Y13.152 E.00424
G1 X12.446 Y13.445 F9000
;TYPE:External perimeter
;WIDTH:0.419999
G1 F1800
G1 X12.449 Y13.439 E.00017
G1 X12.585 Y13.383 E.00377
G1 X64.619 Y13.383 E1.3349
G1 X64.756 Y13.439 E.0038
G1 X64.812 Y13.575 E.00377
G1 X64.812 Y115.61 E2.61765
G1 X64.756 Y115.746 E.00377
G1 X64.619 Y115.803 E.00381
G1 X12.585 Y115.803 E1.3349
G1 X12.449 Y115.746 E.00378
G1 X12.392 Y115.61 E.00378
G1 X12.392 Y13.575 E2.61765
G1 X12.423 Y13.5 E.00208
G1 X11.742 Y12.732 F9000
;TYPE:Perimeter
;WIDTH:0.507239
G1 F3600
G1 X12.18 Y12.711 E.01379
;WIDTH:0.465328
G1 X12.383 Y12.69 E.00585
;WIDTH:0.423417
G1 X12.585 Y12.669 E.00526
;WIDTH:0.381505
G1 X64.619 Y12.669 E1.20166
;WIDTH:0.423417
G1 X64.901 Y12.69 E.00732
;WIDTH:0.465328
G1 X65.182 Y12.711 E.00808
;WIDTH:0.507239
G1 X65.463 Y12.732 E.00886
G1 X65.463 Y12.968 E.00742
G1 X65.484 Y13.171 E.00642
;WIDTH:0.465328
G1 X65.505 Y13.373 E.00582
;WIDTH:0.423417
G1 X65.526 Y13.575 E.00526
;WIDTH:0.381505
G1 X65.526 Y115.704 E2.35854
;WIDTH:0.423417
G1 X65.505 Y115.954 E.00649
;WIDTH:0.465328
G1 X65.484 Y116.204 E.00719
;WIDTH:0.507239
G1 X65.463 Y116.453 E.00786
G1 X65.024 Y116.474 E.01383
;WIDTH:0.465328
G1 X64.822 Y116.495 E.00582
;WIDTH:0.423417
G1 X64.619 Y116.516 E.00528
;WIDTH:0.381505
G1 X12.585 Y116.516 E1.20166
;WIDTH:0.423417
G1 X12.304 Y116.495 E.00729
;WIDTH:0.465328
G1 X12.023 Y116.474 E.00808
;WIDTH:0.507239
G1 X11.742 Y116.453 E.00886
G1 X11.721 Y116.014 E.01383
;WIDTH:0.465328
G1 X11.7 Y115.812 E.00582
;WIDTH:0.423417
G1 X11.679 Y115.61 E.00526
;WIDTH:0.381505
G1 X11.679 Y13.575 E2.35637
;WIDTH:0.423417
G1 X11.7 Y13.294 E.00729
;WIDTH:0.465328
G1 X11.721 Y13.013 E.00808
;WIDTH:0.507239
G1 X11.737 Y12.792 E.00697
G1 X11.312 Y12.303 F9000
;TYPE:External perimeter
;WIDTH:0.419999
G1 F1800
G1 X65.892 Y12.303 E1.40022
G1 X65.892 Y116.883 E2.68294
G1 X11.312 Y116.883 E1.40022
G1 X11.312 Y12.363 E2.6814
;LAYER_CHANGE
;Z:13.48
;HEIGHT:0.16
;BEFORE_LAYER_CHANGE
G92 E0
;13.48


G1 E-3.5 F3600
;WIPE_START
G1 F7200
G1 X11.312 Y12.303 E-.0285
G1 X14.41 Y12.303 E-1.4715
;WIPE_END
G1 Z13.48 F9000
;AFTER_LAYER_CHANGE
;13.48
G1 X12.186 Y13.124
G1 E5 F2400
;TYPE:Perimeter
;WIDTH:0.507239
G1 F3600
G1 X12.292 Y13.096 E.00345
;WIDTH:0.465328
G1 X12.438 Y13.056 E.00434
;WIDTH:0.423417
G1 X12.585 Y13.016 E.00394
;WIDTH:0.381505
G1 X64.619 Y13.016 E1.20166
;WIDTH:0.423417
G1 X64.766 Y13.056 E.00394
;WIDTH:0.465328
G1 X64.913 Y13.096 E.00437
;WIDTH:0.507239
G1 X65.059 Y13.135 E.00475
G1 X65.099 Y13.282 E.00479
;WIDTH:0.465328
G1 X65.139 Y13.429 E.00437
;WIDTH:0.423417
G1 X65.179 Y13.575 E.00392
;WIDTH:0.381505
G1 X65.179 Y115.61 E2.35637
;WIDTH:0.423417
G1 X65.139 Y115.756 E.00392
;WIDTH:0.465328
G1 X65.099 Y115.903 E.00437
;WIDTH:0.507239
G1 X65.059 Y116.05 E.00479
G1 X64.913 Y116.089 E.00475
;WIDTH:0.465328
G1 X64.766 Y116.129 E.00437
;WIDTH:0.423417
G1 X64.619 Y116.169 E.00394
;WIDTH:0.381505
G1 X12.585 Y116.169 E1.20166
;WIDTH:0.423417
G1 X12.438 Y116.129 E.00394
;WIDTH:0.465328
G1 X12.292 Y116.089 E.00434
;WIDTH:0.507239
G1 X12.145 Y116.05 E.00478
G1 X12.105 Y115.903 E.00479
;WIDTH:0.465328
G1 X12.066 Y115.756 E.00436
;WIDTH:0.423417
G1 X12.026 Y115.61 E.00392
;WIDTH:0.381505
G1 X12.026 Y13.575 E2.35637
;WIDTH:0.423417
G1 X12.066 Y13.429 E.00392
;WIDTH:0.465328
G1 X12.105 Y13.282 E.00436
;WIDTH:0.507239
G1 X12.141 Y13.152 E.00424
G1 X12.446 Y13.445 F9000
;TYPE:External perimeter
;WIDTH:0.419999
G1 F1800
G1 X12.449 Y13.439 E.00017
G1 X12.585 Y13.383 E.00377
G1 X64.619 Y13.383 E1.3349
G1 X64.756 Y13.439 E.0038
G1 X64.812 Y13.575 E.00377
G1 X64.812 Y115.61 E2.61765
G1 X64.756 Y115.746 E.00377
G1 X64.619 Y115.803 E.00381
G1 X12.585 Y115.803 E1.3349
G1 X12.449 Y115.746 E.00378
G1 X12.392 Y115.61 E.00378
G1 X12.392 Y13.575 E2.61765
G1 X12.423 Y13.5 E.00208
G1 X11.742 Y12.732 F9000
;TYPE:Perimeter
;WIDTH:0.507239
G1 F3600
G1 X12.18 Y12.711 E.01379
;WIDTH:0.465328
G1 X12.383 Y12.69 E.00585
;WIDTH:0.423417
G1 X12.585 Y12.669 E.00526
;WIDTH:0.381505
G1 X64.619 Y12.669 E1.20166
;WIDTH:0.423417
G1 X64.901 Y12.69 E.00732
;WIDTH:0.465328
G1 X65.182 Y12.711 E.00808
;WIDTH:0.507239
G1 X65.463 Y12.732 E.00886
G1 X65.463 Y12.968 E.00742
G1 X65.484 Y13.171 E.00642
;WIDTH:0.465328
G1 X65.505 Y13.373 E.00582
;WIDTH:0.423417
G1 X65.526 Y13.575 E.00526
;WIDTH:0.381505
G1 X65.526 Y115.704 E2.35854
;WIDTH:0.423417
G1 X65.505 Y115.954 E.00649
;WIDTH:0.465328
G1 X65.484 Y116.204 E.00719
;WIDTH:0.507239
G1 X65.463 Y116.453 E.00786
G1 X65.024 Y116.474 E.01383
;WIDTH:0.465328
G1 X64.822 Y116.495 E.00582
;WIDTH:0.423417
G1 X64.619 Y116.516 E.00528
;WIDTH:0.381505
G1 X12.585 Y116.516 E1.20166
;WIDTH:0.423417
G1 X12.304 Y116.495 E.00729
;WIDTH:0.465328
G1 X12.023 Y116.474 E.00808
;WIDTH:0.507239
G1 X11.742 Y116.453 E.00886
G1 X11.721 Y116.014 E.01383
;WIDTH:0.465328
G1 X11.7 Y115.812 E.00582
;WIDTH:0.423417
G1 X11.679 Y115.61 E.00526
;WIDTH:0.381505
G1 X11.679 Y13.575 E2.35637
;WIDTH:0.423417
G1 X11.7 Y13.294 E.00729
;WIDTH:0.465328
G1 X11.721 Y13.013 E.00808
;WIDTH:0.507239
G1 X11.737 Y12.792 E.00697
G1 X11.312 Y12.303 F9000
;TYPE:External perimeter
;WIDTH:0.419999
G1 F1800
G1 X65.892 Y12.303 E1.40022
G1 X65.892 Y116.883 E2.68294
G1 X11.312 Y116.883 E1.40022
G1 X11.312 Y12.363 E2.6814
;LAYER_CHANGE
;Z:13.64
;HEIGHT:0.160001
;BEFORE_LAYER_CHANGE
G92 E0
;13.64


G1 E-3.5 F3600
;WIPE_START
G1 F7200
G1 X11.312 Y12.303 E-.0285
G1 X14.41 Y12.303 E-1.4715
;WIPE_END
G1 Z13.64 F9000
;AFTER_LAYER_CHANGE
;13.64
G1 X12.186 Y13.124
G1 E5 F2400
;TYPE:Perimeter
;WIDTH:0.507239
G1 F3600
G1 X12.292 Y13.096 E.00345
;WIDTH:0.465328
G1 X12.438 Y13.056 E.00434
;WIDTH:0.423417
G1 X12.585 Y13.016 E.00394
;WIDTH:0.381505
G1 X64.619 Y13.016 E1.20166
;WIDTH:0.423417
G1 X64.766 Y13.056 E.00394
;WIDTH:0.465328
G1 X64.913 Y13.096 E.00437
;WIDTH:0.507239
G1 X65.059 Y13.135 E.00475
G1 X65.099 Y13.282 E.00479
;WIDTH:0.465328
G1 X65.139 Y13.429 E.00437
;WIDTH:0.423417
G1 X65.179 Y13.575 E.00392
;WIDTH:0.381505
G1 X65.179 Y115.61 E2.35637
;WIDTH:0.423417
G1 X65.139 Y115.756 E.00392
;WIDTH:0.465328
G1 X65.099 Y115.903 E.00437
;WIDTH:0.507239
G1 X65.059 Y116.05 E.00479
G1 X64.913 Y116.089 E.00475
;WIDTH:0.465328
G1 X64.766 Y116.129 E.00437
;WIDTH:0.423417
G1 X64.619 Y116.169 E.00394
;WIDTH:0.381505
G1 X12.585 Y116.169 E1.20166
;WIDTH:0.423417
G1 X12.438 Y116.129 E.00394
;WIDTH:0.465328
G1 X12.292 Y116.089 E.00434
;WIDTH:0.507239
G1 X12.145 Y116.05 E.00478
G1 X12.105 Y115.903 E.00479
;WIDTH:0.465328
G1 X12.066 Y115.756 E.00436
;WIDTH:0.423417
G1 X12.026 Y115.61 E.00392
;WIDTH:0.381505
G1 X12.026 Y13.575 E2.35637
;WIDTH:0.423417
G1 X12.066 Y13.429 E.00392
;WIDTH:0.465328
G1 X12.105 Y13.282 E.00436
;WIDTH:0.507239
G1 X12.141 Y13.152 E.00424
G1 X12.446 Y13.445 F9000
;TYPE:External perimeter
;WIDTH:0.419999
G1 F1800
G1 X12.449 Y13.439 E.00017
G1 X12.585 Y13.383 E.00377
G1 X64.619 Y13.383 E1.3349
G1 X64.756 Y13.439 E.0038
G1 X64.812 Y13.575 E.00377
G1 X64.812 Y115.61 E2.61765
G1 X64.756 Y115.746 E.00377
G1 X64.619 Y115.803 E.00381
G1 X12.585 Y115.803 E1.3349
G1 X12.449 Y115.746 E.00378
G1 X12.392 Y115.61 E.00378
G1 X12.392 Y13.575 E2.61765
G1 X12.423 Y13.5 E.00208
G1 X11.742 Y12.732 F9000
;TYPE:Perimeter
;WIDTH:0.507239
G1 F3600
G1 X12.18 Y12.711 E.01379
;WIDTH:0.465328
G1 X12.383 Y12.69 E.00585
;WIDTH:0.423417
G1 X12.585 Y12.669 E.00526
;WIDTH:0.381505
G1 X64.619 Y12.669 E1.20166
;WIDTH:0.423417
G1 X64.901 Y12.69 E.00732
;WIDTH:0.465328
G1 X65.182 Y12.711 E.00808
;WIDTH:0.507239
G1 X65.463 Y12.732 E.00886
G1 X65.463 Y12.968 E.00742
G1 X65.484 Y13.171 E.00642
;WIDTH:0.465328
G1 X65.505 Y13.373 E.00582
;WIDTH:0.423417
G1 X65.526 Y13.575 E.00526
;WIDTH:0.381505
G1 X65.526 Y115.704 E2.35854
;WIDTH:0.423417
G1 X65.505 Y115.954 E.00649
;WIDTH:0.465328
G1 X65.484 Y116.204 E.00719
;WIDTH:0.507239
G1 X65.463 Y116.453 E.00786
G1 X65.024 Y116.474 E.01383
;WIDTH:0.465328
G1 X64.822 Y116.495 E.00582
;WIDTH:0.423417
G1 X64.619 Y116.516 E.00528
;WIDTH:0.381505
G1 X12.585 Y116.516 E1.20166
;WIDTH:0.423417
G1 X12.304 Y116.495 E.00729
;WIDTH:0.465328
G1 X12.023 Y116.474 E.00808
;WIDTH:0.507239
G1 X11.742 Y116.453 E.00886
G1 X11.721 Y116.014 E.01383
;WIDTH:0.465328
G1 X11.7 Y115.812 E.00582
;WIDTH:0.423417
G1 X11.679 Y115.61 E.00526
;WIDTH:0.381505
G1 X11.679 Y13.575 E2.35637
;WIDTH:0.423417
G1 X11.7 Y13.294 E.00729
;WIDTH:0.465328
G1 X11.721 Y13.013 E.00808
;WIDTH:0.507239
G1 X11.737 Y12.792 E.00697
G1 X11.312 Y12.303 F9000
;TYPE:External perimeter
;WIDTH:0.419999
G1 F1800
G1 X65.892 Y12.303 E1.40022
G1 X65.892 Y116.883 E2.68294
G1 X11.312 Y116.883 E1.40022
G1 X11.312 Y12.363 E2.6814
;LAYER_CHANGE
;Z:13.8
;HEIGHT:0.16
;BEFORE_LAYER_CHANGE
G92 E0
;13.8


G1 E-3.5 F3600
;WIPE_START
G1 F7200
G1 X11.312 Y12.303 E-.0285
G1 X14.41 Y12.303 E-1.4715
;WIPE_END
G1 Z13.8 F9000
;AFTER_LAYER_CHANGE
;13.8
G1 X12.186 Y13.124
G1 E5 F2400
;TYPE:Perimeter
;WIDTH:0.507239
G1 F3600
G1 X12.292 Y13.096 E.00345
;WIDTH:0.465328
G1 X12.438 Y13.056 E.00434
;WIDTH:0.423417
G1 X12.585 Y13.016 E.00394
;WIDTH:0.381505
G1 X64.619 Y13.016 E1.20166
;WIDTH:0.423417
G1 X64.766 Y13.056 E.00394
;WIDTH:0.465328
G1 X64.913 Y13.096 E.00437
;WIDTH:0.507239
G1 X65.059 Y13.135 E.00475
G1 X65.099 Y13.282 E.00479
;WIDTH:0.465328
G1 X65.139 Y13.429 E.00437
;WIDTH:0.423417
G1 X65.179 Y13.575 E.00392
;WIDTH:0.381505
G1 X65.179 Y115.61 E2.35637
;WIDTH:0.423417
G1 X65.139 Y115.756 E.00392
;WIDTH:0.465328
G1 X65.099 Y115.903 E.00437
;WIDTH:0.507239
G1 X65.059 Y116.05 E.00479
G1 X64.913 Y116.089 E.00475
;WIDTH:0.465328
G1 X64.766 Y116.129 E.00437
;WIDTH:0.423417
G1 X64.619 Y116.169 E.00394
;WIDTH:0.381505
G1 X12.585 Y116.169 E1.20166
;WIDTH:0.423417
G1 X12.438 Y116.129 E.00394
;WIDTH:0.465328
G1 X12.292 Y116.089 E.00434
;WIDTH:0.507239
G1 X12.145 Y116.05 E.00478
G1 X12.105 Y115.903 E.00479
;WIDTH:0.465328
G1 X12.066 Y115.756 E.00436
;WIDTH:0.423417
G1 X12.026 Y115.61 E.00392
;WIDTH:0.381505
G1 X12.026 Y13.575 E2.35637
;WIDTH:0.423417
G1 X12.066 Y13.429 E.00392
;WIDTH:0.465328
G1 X12.105 Y13.282 E.00436
;WIDTH:0.507239
G1 X12.141 Y13.152 E.00424
G1 X12.446 Y13.445 F9000
;TYPE:External perimeter
;WIDTH:0.419999
G1 F1800
G1 X12.449 Y13.439 E.00017
G1 X12.585 Y13.383 E.00377
G1 X64.619 Y13.383 E1.3349
G1 X64.756 Y13.439 E.0038
G1 X64.812 Y13.575 E.00377
G1 X64.812 Y115.61 E2.61765
G1 X64.756 Y115.746 E.00377
G1 X64.619 Y115.803 E.00381
G1 X12.585 Y115.803 E1.3349
G1 X12.449 Y115.746 E.00378
G1 X12.392 Y115.61 E.00378
G1 X12.392 Y13.575 E2.61765
G1 X12.423 Y13.5 E.00208
G1 X11.742 Y12.732 F9000
;TYPE:Perimeter
;WIDTH:0.507239
G1 F3600
G1 X12.18 Y12.711 E.01379
;WIDTH:0.465328
G1 X12.383 Y12.69 E.00585
;WIDTH:0.423417
G1 X12.585 Y12.669 E.00526
;WIDTH:0.381505
G1 X64.619 Y12.669 E1.20166
;WIDTH:0.423417
G1 X64.901 Y12.69 E.00732
;WIDTH:0.465328
G1 X65.182 Y12.711 E.00808
;WIDTH:0.507239
G1 X65.463 Y12.732 E.00886
G1 X65.463 Y12.968 E.00742
G1 X65.484 Y13.171 E.00642
;WIDTH:0.465328
G1 X65.505 Y13.373 E.00582
;WIDTH:0.423417
G1 X65.526 Y13.575 E.00526
;WIDTH:0.381505
G1 X65.526 Y115.704 E2.35854
;WIDTH:0.423417
G1 X65.505 Y115.954 E.00649
;WIDTH:0.465328
G1 X65.484 Y116.204 E.00719
;WIDTH:0.507239
G1 X65.463 Y116.453 E.00786
G1 X65.024 Y116.474 E.01383
;WIDTH:0.465328
G1 X64.822 Y116.495 E.00582
;WIDTH:0.423417
G1 X64.619 Y116.516 E.00528
;WIDTH:0.381505
G1 X12.585 Y116.516 E1.20166
;WIDTH:0.423417
G1 X12.304 Y116.495 E.00729
;WIDTH:0.465328
G1 X12.023 Y116.474 E.00808
;WIDTH:0.507239
G1 X11.742 Y116.453 E.00886
G1 X11.721 Y116.014 E.01383
;WIDTH:0.465328
G1 X11.7 Y115.812 E.00582
;WIDTH:0.423417
G1 X11.679 Y115.61 E.00526
;WIDTH:0.381505
G1 X11.679 Y13.575 E2.35637
;WIDTH:0.423417
G1 X11.7 Y13.294 E.00729
;WIDTH:0.465328
G1 X11.721 Y13.013 E.00808
;WIDTH:0.507239
G1 X11.737 Y12.792 E.00697
G1 X11.312 Y12.303 F9000
;TYPE:External perimeter
;WIDTH:0.419999
G1 F1800
G1 X65.892 Y12.303 E1.40022
G1 X65.892 Y116.883 E2.68294
G1 X11.312 Y116.883 E1.40022
G1 X11.312 Y12.363 E2.6814
;LAYER_CHANGE
;Z:13.96
;HEIGHT:0.16
;BEFORE_LAYER_CHANGE
G92 E0
;13.96


G1 E-3.5 F3600
;WIPE_START
G1 F7200
G1 X11.312 Y12.303 E-.0285
G1 X14.41 Y12.303 E-1.4715
;WIPE_END
G1 Z13.96 F9000
;AFTER_LAYER_CHANGE
;13.96
G1 X12.186 Y13.124
G1 E5 F2400
;TYPE:Perimeter
;WIDTH:0.507239
G1 F3600
G1 X12.292 Y13.096 E.00345
;WIDTH:0.465328
G1 X12.438 Y13.056 E.00434
;WIDTH:0.423417
G1 X12.585 Y13.016 E.00394
;WIDTH:0.381505
G1 X64.619 Y13.016 E1.20166
;WIDTH:0.423417
G1 X64.766 Y13.056 E.00394
;WIDTH:0.465328
G1 X64.913 Y13.096 E.00437
;WIDTH:0.507239
G1 X65.059 Y13.135 E.00475
G1 X65.099 Y13.282 E.00479
;WIDTH:0.465328
G1 X65.139 Y13.429 E.00437
;WIDTH:0.423417
G1 X65.179 Y13.575 E.00392
;WIDTH:0.381505
G1 X65.179 Y115.61 E2.35637
;WIDTH:0.423417
G1 X65.139 Y115.756 E.00392
;WIDTH:0.465328
G1 X65.099 Y115.903 E.00437
;WIDTH:0.507239
G1 X65.059 Y116.05 E.00479
G1 X64.913 Y116.089 E.00475
;WIDTH:0.465328
G1 X64.766 Y116.129 E.00437
;WIDTH:0.423417
G1 X64.619 Y116.169 E.00394
;WIDTH:0.381505
G1 X12.585 Y116.169 E1.20166
;WIDTH:0.423417
G1 X12.438 Y116.129 E.00394
;WIDTH:0.465328
G1 X12.292 Y116.089 E.00434
;WIDTH:0.507239
G1 X12.145 Y116.05 E.00478
G1 X12.105 Y115.903 E.00479
;WIDTH:0.465328
G1 X12.066 Y115.756 E.00436
;WIDTH:0.423417
G1 X12.026 Y115.61 E.00392
;WIDTH:0.381505
G1 X12.026 Y13.575 E2.35637
;WIDTH:0.423417
G1 X12.066 Y13.429 E.00392
;WIDTH:0.465328
G1 X12.105 Y13.282 E.00436
;WIDTH:0.507239
G1 X12.141 Y13.152 E.00424
G1 X12.446 Y13.445 F9000
;TYPE:External perimeter
;WIDTH:0.419999
G1 F1800
G1 X12.449 Y13.439 E.00017
G1 X12.585 Y13.383 E.00377
G1 X64.619 Y13.383 E1.3349
G1 X64.756 Y13.439 E.0038
G1 X64.812 Y13.575 E.00377
G1 X64.812 Y115.61 E2.61765
G1 X64.756 Y115.746 E.00377
G1 X64.619 Y115.803 E.00381
G1 X12.585 Y115.803 E1.3349
G1 X12.449 Y115.746 E.00378
G1 X12.392 Y115.61 E.00378
G1 X12.392 Y13.575 E2.61765
G1 X12.423 Y13.5 E.00208
G1 X11.742 Y12.732 F9000
;TYPE:Perimeter
;WIDTH:0.507239
G1 F3600
G1 X12.18 Y12.711 E.01379
;WIDTH:0.465328
G1 X12.383 Y12.69 E.00585
;WIDTH:0.423417
G1 X12.585 Y12.669 E.00526
;WIDTH:0.381505
G1 X64.619 Y12.669 E1.20166
;WIDTH:0.423417
G1 X64.901 Y12.69 E.00732
;WIDTH:0.465328
G1 X65.182 Y12.711 E.00808
;WIDTH:0.507239
G1 X65.463 Y12.732 E.00886
G1 X65.463 Y12.968 E.00742
G1 X65.484 Y13.171 E.00642
;WIDTH:0.465328
G1 X65.505 Y13.373 E.00582
;WIDTH:0.423417
G1 X65.526 Y13.575 E.00526
;WIDTH:0.381505
G1 X65.526 Y115.704 E2.35854
;WIDTH:0.423417
G1 X65.505 Y115.954 E.00649
;WIDTH:0.465328
G1 X65.484 Y116.204 E.00719
;WIDTH:0.507239
G1 X65.463 Y116.453 E.00786
G1 X65.024 Y116.474 E.01383
;WIDTH:0.465328
G1 X64.822 Y116.495 E.00582
;WIDTH:0.423417
G1 X64.619 Y116.516 E.00528
;WIDTH:0.381505
G1 X12.585 Y116.516 E1.20166
;WIDTH:0.423417
G1 X12.304 Y116.495 E.00729
;WIDTH:0.465328
G1 X12.023 Y116.474 E.00808
;WIDTH:0.507239
G1 X11.742 Y116.453 E.00886
G1 X11.721 Y116.014 E.01383
;WIDTH:0.465328
G1 X11.7 Y115.812 E.00582
;WIDTH:0.423417
G1 X11.679 Y115.61 E.00526
;WIDTH:0.381505
G1 X11.679 Y13.575 E2.35637
;WIDTH:0.423417
G1 X11.7 Y13.294 E.00729
;WIDTH:0.465328
G1 X11.721 Y13.013 E.00808
;WIDTH:0.507239
G1 X11.737 Y12.792 E.00697
G1 X11.312 Y12.303 F9000
;TYPE:External perimeter
;WIDTH:0.419999
G1 F1800
G1 X65.892 Y12.303 E1.40022
G1 X65.892 Y116.883 E2.68294
G1 X11.312 Y116.883 E1.40022
G1 X11.312 Y12.363 E2.6814
;LAYER_CHANGE
;Z:14.12
;HEIGHT:0.16
;BEFORE_LAYER_CHANGE
G92 E0
;14.12


G1 E-3.5 F3600
;WIPE_START
G1 F7200
G1 X11.312 Y12.303 E-.0285
G1 X14.41 Y12.303 E-1.4715
;WIPE_END
G1 Z14.12 F9000
;AFTER_LAYER_CHANGE
;14.12
G1 X12.186 Y13.124
G1 E5 F2400
;TYPE:Perimeter
;WIDTH:0.507239
G1 F3600
G1 X12.292 Y13.096 E.00345
;WIDTH:0.465328
G1 X12.438 Y13.056 E.00434
;WIDTH:0.423417
G1 X12.585 Y13.016 E.00394
;WIDTH:0.381505
G1 X64.619 Y13.016 E1.20166
;WIDTH:0.423417
G1 X64.766 Y13.056 E.00394
;WIDTH:0.465328
G1 X64.913 Y13.096 E.00437
;WIDTH:0.507239
G1 X65.059 Y13.135 E.00475
G1 X65.099 Y13.282 E.00479
;WIDTH:0.465328
G1 X65.139 Y13.429 E.00437
;WIDTH:0.423417
G1 X65.179 Y13.575 E.00392
;WIDTH:0.381505
G1 X65.179 Y115.61 E2.35637
;WIDTH:0.423417
G1 X65.139 Y115.756 E.00392
;WIDTH:0.465328
G1 X65.099 Y115.903 E.00437
;WIDTH:0.507239
G1 X65.059 Y116.05 E.00479
G1 X64.913 Y116.089 E.00475
;WIDTH:0.465328
G1 X64.766 Y116.129 E.00437
;WIDTH:0.423417
G1 X64.619 Y116.169 E.00394
;WIDTH:0.381505
G1 X12.585 Y116.169 E1.20166
;WIDTH:0.423417
G1 X12.438 Y116.129 E.00394
;WIDTH:0.465328
G1 X12.292 Y116.089 E.00434
;WIDTH:0.507239
G1 X12.145 Y116.05 E.00478
G1 X12.105 Y115.903 E.00479
;WIDTH:0.465328
G1 X12.066 Y115.756 E.00436
;WIDTH:0.423417
G1 X12.026 Y115.61 E.00392
;WIDTH:0.381505
G1 X12.026 Y13.575 E2.35637
;WIDTH:0.423417
G1 X12.066 Y13.429 E.00392
;WIDTH:0.465328
G1 X12.105 Y13.282 E.00436
;WIDTH:0.507239
G1 X12.141 Y13.152 E.00424
G1 X12.446 Y13.445 F9000
;TYPE:External perimeter
;WIDTH:0.419999
G1 F1800
G1 X12.449 Y13.439 E.00017
G1 X12.585 Y13.383 E.00377
G1 X64.619 Y13.383 E1.3349
G1 X64.756 Y13.439 E.0038
G1 X64.812 Y13.575 E.00377
G1 X64.812 Y115.61 E2.61765
G1 X64.756 Y115.746 E.00377
G1 X64.619 Y115.803 E.00381
G1 X12.585 Y115.803 E1.3349
G1 X12.449 Y115.746 E.00378
G1 X12.392 Y115.61 E.00378
G1 X12.392 Y13.575 E2.61765
G1 X12.423 Y13.5 E.00208
G1 X11.742 Y12.732 F9000
;TYPE:Perimeter
;WIDTH:0.507239
G1 F3600
G1 X12.18 Y12.711 E.01379
;WIDTH:0.465328
G1 X12.383 Y12.69 E.00585
;WIDTH:0.423417
G1 X12.585 Y12.669 E.00526
;WIDTH:0.381505
G1 X64.619 Y12.669 E1.20166
;WIDTH:0.423417
G1 X64.901 Y12.69 E.00732
;WIDTH:0.465328
G1 X65.182 Y12.711 E.00808
;WIDTH:0.507239
G1 X65.463 Y12.732 E.00886
G1 X65.463 Y12.968 E.00742
G1 X65.484 Y13.171 E.00642
;WIDTH:0.465328
G1 X65.505 Y13.373 E.00582
;WIDTH:0.423417
G1 X65.526 Y13.575 E.00526
;WIDTH:0.381505
G1 X65.526 Y115.704 E2.35854
;WIDTH:0.423417
G1 X65.505 Y115.954 E.00649
;WIDTH:0.465328
G1 X65.484 Y116.204 E.00719
;WIDTH:0.507239
G1 X65.463 Y116.453 E.00786
G1 X65.024 Y116.474 E.01383
;WIDTH:0.465328
G1 X64.822 Y116.495 E.00582
;WIDTH:0.423417
G1 X64.619 Y116.516 E.00528
;WIDTH:0.381505
G1 X12.585 Y116.516 E1.20166
;WIDTH:0.423417
G1 X12.304 Y116.495 E.00729
;WIDTH:0.465328
G1 X12.023 Y116.474 E.00808
;WIDTH:0.507239
G1 X11.742 Y116.453 E.00886
G1 X11.721 Y116.014 E.01383
;WIDTH:0.465328
G1 X11.7 Y115.812 E.00582
;WIDTH:0.423417
G1 X11.679 Y115.61 E.00526
;WIDTH:0.381505
G1 X11.679 Y13.575 E2.35637
;WIDTH:0.423417
G1 X11.7 Y13.294 E.00729
;WIDTH:0.465328
G1 X11.721 Y13.013 E.00808
;WIDTH:0.507239
G1 X11.737 Y12.792 E.00697
G1 X11.312 Y12.303 F9000
;TYPE:External perimeter
;WIDTH:0.419999
G1 F1800
G1 X65.892 Y12.303 E1.40022
G1 X65.892 Y116.883 E2.68294
G1 X11.312 Y116.883 E1.40022
G1 X11.312 Y12.363 E2.6814
;LAYER_CHANGE
;Z:14.28
;HEIGHT:0.16
;BEFORE_LAYER_CHANGE
G92 E0
;14.28


G1 E-3.5 F3600
;WIPE_START
G1 F7200
G1 X11.312 Y12.303 E-.0285
G1 X14.41 Y12.303 E-1.4715
;WIPE_END
G1 Z14.28 F9000
;AFTER_LAYER_CHANGE
;14.28
G1 X12.186 Y13.124
G1 E5 F2400
;TYPE:Perimeter
;WIDTH:0.507239
G1 F3600
G1 X12.292 Y13.096 E.00345
;WIDTH:0.465328
G1 X12.438 Y13.056 E.00434
;WIDTH:0.423417
G1 X12.585 Y13.016 E.00394
;WIDTH:0.381505
G1 X64.619 Y13.016 E1.20166
;WIDTH:0.423417
G1 X64.766 Y13.056 E.00394
;WIDTH:0.465328
G1 X64.913 Y13.096 E.00437
;WIDTH:0.507239
G1 X65.059 Y13.135 E.00475
G1 X65.099 Y13.282 E.00479
;WIDTH:0.465328
G1 X65.139 Y13.429 E.00437
;WIDTH:0.423417
G1 X65.179 Y13.575 E.00392
;WIDTH:0.381505
G1 X65.179 Y115.61 E2.35637
;WIDTH:0.423417
G1 X65.139 Y115.756 E.00392
;WIDTH:0.465328
G1 X65.099 Y115.903 E.00437
;WIDTH:0.507239
G1 X65.059 Y116.05 E.00479
G1 X64.913 Y116.089 E.00475
;WIDTH:0.465328
G1 X64.766 Y116.129 E.00437
;WIDTH:0.423417
G1 X64.619 Y116.169 E.00394
;WIDTH:0.381505
G1 X12.585 Y116.169 E1.20166
;WIDTH:0.423417
G1 X12.438 Y116.129 E.00394
;WIDTH:0.465328
G1 X12.292 Y116.089 E.00434
;WIDTH:0.507239
G1 X12.145 Y116.05 E.00478
G1 X12.105 Y115.903 E.00479
;WIDTH:0.465328
G1 X12.066 Y115.756 E.00436
;WIDTH:0.423417
G1 X12.026 Y115.61 E.00392
;WIDTH:0.381505
G1 X12.026 Y13.575 E2.35637
;WIDTH:0.423417
G1 X12.066 Y13.429 E.00392
;WIDTH:0.465328
G1 X12.105 Y13.282 E.00436
;WIDTH:0.507239
G1 X12.141 Y13.152 E.00424
G1 X12.446 Y13.445 F9000
;TYPE:External perimeter
;WIDTH:0.419999
G1 F1800
G1 X12.449 Y13.439 E.00017
G1 X12.585 Y13.383 E.00377
G1 X64.619 Y13.383 E1.3349
G1 X64.756 Y13.439 E.0038
G1 X64.812 Y13.575 E.00377
G1 X64.812 Y115.61 E2.61765
G1 X64.756 Y115.746 E.00377
G1 X64.619 Y115.803 E.00381
G1 X12.585 Y115.803 E1.3349
G1 X12.449 Y115.746 E.00378
G1 X12.392 Y115.61 E.00378
G1 X12.392 Y13.575 E2.61765
G1 X12.423 Y13.5 E.00208
G1 X11.742 Y12.732 F9000
;TYPE:Perimeter
;WIDTH:0.507239
G1 F3600
G1 X12.18 Y12.711 E.01379
;WIDTH:0.465328
G1 X12.383 Y12.69 E.00585
;WIDTH:0.423417
G1 X12.585 Y12.669 E.00526
;WIDTH:0.381505
G1 X64.619 Y12.669 E1.20166
;WIDTH:0.423417
G1 X64.901 Y12.69 E.00732
;WIDTH:0.465328
G1 X65.182 Y12.711 E.00808
;WIDTH:0.507239
G1 X65.463 Y12.732 E.00886
G1 X65.463 Y12.968 E.00742
G1 X65.484 Y13.171 E.00642
;WIDTH:0.465328
G1 X65.505 Y13.373 E.00582
;WIDTH:0.423417
G1 X65.526 Y13.575 E.00526
;WIDTH:0.381505
G1 X65.526 Y115.704 E2.35854
;WIDTH:0.423417
G1 X65.505 Y115.954 E.00649
;WIDTH:0.465328
G1 X65.484 Y116.204 E.00719
;WIDTH:0.507239
G1 X65.463 Y116.453 E.00786
G1 X65.024 Y116.474 E.01383
;WIDTH:0.465328
G1 X64.822 Y116.495 E.00582
;WIDTH:0.423417
G1 X64.619 Y116.516 E.00528
;WIDTH:0.381505
G1 X12.585 Y116.516 E1.20166
;WIDTH:0.423417
G1 X12.304 Y116.495 E.00729
;WIDTH:0.465328
G1 X12.023 Y116.474 E.00808
;WIDTH:0.507239
G1 X11.742 Y116.453 E.00886
G1 X11.721 Y116.014 E.01383
;WIDTH:0.465328
G1 X11.7 Y115.812 E.00582
;WIDTH:0.423417
G1 X11.679 Y115.61 E.00526
;WIDTH:0.381505
G1 X11.679 Y13.575 E2.35637
;WIDTH:0.423417
G1 X11.7 Y13.294 E.00729
;WIDTH:0.465328
G1 X11.721 Y13.013 E.00808
;WIDTH:0.507239
G1 X11.737 Y12.792 E.00697
G1 X11.312 Y12.303 F9000
;TYPE:External perimeter
;WIDTH:0.419999
G1 F1800
G1 X65.892 Y12.303 E1.40022
G1 X65.892 Y116.883 E2.68294
G1 X11.312 Y116.883 E1.40022
G1 X11.312 Y12.363 E2.6814
;LAYER_CHANGE
;Z:14.44
;HEIGHT:0.16
;BEFORE_LAYER_CHANGE
G92 E0
;14.44


G1 E-3.5 F3600
;WIPE_START
G1 F7200
G1 X11.312 Y12.303 E-.0285
G1 X14.41 Y12.303 E-1.4715
;WIPE_END
G1 Z14.44 F9000
;AFTER_LAYER_CHANGE
;14.44
G1 X12.186 Y13.124
G1 E5 F2400
;TYPE:Perimeter
;WIDTH:0.507239
G1 F3600
G1 X12.292 Y13.096 E.00345
;WIDTH:0.465328
G1 X12.438 Y13.056 E.00434
;WIDTH:0.423417
G1 X12.585 Y13.016 E.00394
;WIDTH:0.381505
G1 X64.619 Y13.016 E1.20166
;WIDTH:0.423417
G1 X64.766 Y13.056 E.00394
;WIDTH:0.465328
G1 X64.913 Y13.096 E.00437
;WIDTH:0.507239
G1 X65.059 Y13.135 E.00475
G1 X65.099 Y13.282 E.00479
;WIDTH:0.465328
G1 X65.139 Y13.429 E.00437
;WIDTH:0.423417
G1 X65.179 Y13.575 E.00392
;WIDTH:0.381505
G1 X65.179 Y115.61 E2.35637
;WIDTH:0.423417
G1 X65.139 Y115.756 E.00392
;WIDTH:0.465328
G1 X65.099 Y115.903 E.00437
;WIDTH:0.507239
G1 X65.059 Y116.05 E.00479
G1 X64.913 Y116.089 E.00475
;WIDTH:0.465328
G1 X64.766 Y116.129 E.00437
;WIDTH:0.423417
G1 X64.619 Y116.169 E.00394
;WIDTH:0.381505
G1 X12.585 Y116.169 E1.20166
;WIDTH:0.423417
G1 X12.438 Y116.129 E.00394
;WIDTH:0.465328
G1 X12.292 Y116.089 E.00434
;WIDTH:0.507239
G1 X12.145 Y116.05 E.00478
G1 X12.105 Y115.903 E.00479
;WIDTH:0.465328
G1 X12.066 Y115.756 E.00436
;WIDTH:0.423417
G1 X12.026 Y115.61 E.00392
;WIDTH:0.381505
G1 X12.026 Y13.575 E2.35637
;WIDTH:0.423417
G1 X12.066 Y13.429 E.00392
;WIDTH:0.465328
G1 X12.105 Y13.282 E.00436
;WIDTH:0.507239
G1 X12.141 Y13.152 E.00424
G1 X12.446 Y13.445 F9000
;TYPE:External perimeter
;WIDTH:0.419999
G1 F1800
G1 X12.449 Y13.439 E.00017
G1 X12.585 Y13.383 E.00377
G1 X64.619 Y13.383 E1.3349
G1 X64.756 Y13.439 E.0038
G1 X64.812 Y13.575 E.00377
G1 X64.812 Y115.61 E2.61765
G1 X64.756 Y115.746 E.00377
G1 X64.619 Y115.803 E.00381
G1 X12.585 Y115.803 E1.3349
G1 X12.449 Y115.746 E.00378
G1 X12.392 Y115.61 E.00378
G1 X12.392 Y13.575 E2.61765
G1 X12.423 Y13.5 E.00208
G1 X11.742 Y12.732 F9000
;TYPE:Perimeter
;WIDTH:0.507239
G1 F3600
G1 X12.18 Y12.711 E.01379
;WIDTH:0.465328
G1 X12.383 Y12.69 E.00585
;WIDTH:0.423417
G1 X12.585 Y12.669 E.00526
;WIDTH:0.381505
G1 X64.619 Y12.669 E1.20166
;WIDTH:0.423417
G1 X64.901 Y12.69 E.00732
;WIDTH:0.465328
G1 X65.182 Y12.711 E.00808
;WIDTH:0.507239
G1 X65.463 Y12.732 E.00886
G1 X65.463 Y12.968 E.00742
G1 X65.484 Y13.171 E.00642
;WIDTH:0.465328
G1 X65.505 Y13.373 E.00582
;WIDTH:0.423417
G1 X65.526 Y13.575 E.00526
;WIDTH:0.381505
G1 X65.526 Y115.704 E2.35854
;WIDTH:0.423417
G1 X65.505 Y115.954 E.00649
;WIDTH:0.465328
G1 X65.484 Y116.204 E.00719
;WIDTH:0.507239
G1 X65.463 Y116.453 E.00786
G1 X65.024 Y116.474 E.01383
;WIDTH:0.465328
G1 X64.822 Y116.495 E.00582
;WIDTH:0.423417
G1 X64.619 Y116.516 E.00528
;WIDTH:0.381505
G1 X12.585 Y116.516 E1.20166
;WIDTH:0.423417
G1 X12.304 Y116.495 E.00729
;WIDTH:0.465328
G1 X12.023 Y116.474 E.00808
;WIDTH:0.507239
G1 X11.742 Y116.453 E.00886
G1 X11.721 Y116.014 E.01383
;WIDTH:0.465328
G1 X11.7 Y115.812 E.00582
;WIDTH:0.423417
G1 X11.679 Y115.61 E.00526
;WIDTH:0.381505
G1 X11.679 Y13.575 E2.35637
;WIDTH:0.423417
G1 X11.7 Y13.294 E.00729
;WIDTH:0.465328
G1 X11.721 Y13.013 E.00808
;WIDTH:0.507239
G1 X11.737 Y12.792 E.00697
G1 X11.312 Y12.303 F9000
;TYPE:External perimeter
;WIDTH:0.419999
G1 F1800
G1 X65.892 Y12.303 E1.40022
G1 X65.892 Y116.883 E2.68294
G1 X11.312 Y116.883 E1.40022
G1 X11.312 Y12.363 E2.6814
;LAYER_CHANGE
;Z:14.6
;HEIGHT:0.160001
;BEFORE_LAYER_CHANGE
G92 E0
;14.6


G1 E-3.5 F3600
;WIPE_START
G1 F7200
G1 X11.312 Y12.303 E-.0285
G1 X14.41 Y12.303 E-1.4715
;WIPE_END
G1 Z14.6 F9000
;AFTER_LAYER_CHANGE
;14.6
G1 X12.186 Y13.124
G1 E5 F2400
;TYPE:Perimeter
;WIDTH:0.507239
G1 F3600
G1 X12.292 Y13.096 E.00345
;WIDTH:0.465328
G1 X12.438 Y13.056 E.00434
;WIDTH:0.423417
G1 X12.585 Y13.016 E.00394
;WIDTH:0.381505
G1 X64.619 Y13.016 E1.20166
;WIDTH:0.423417
G1 X64.766 Y13.056 E.00394
;WIDTH:0.465328
G1 X64.913 Y13.096 E.00437
;WIDTH:0.507239
G1 X65.059 Y13.135 E.00475
G1 X65.099 Y13.282 E.00479
;WIDTH:0.465328
G1 X65.139 Y13.429 E.00437
;WIDTH:0.423417
G1 X65.179 Y13.575 E.00392
;WIDTH:0.381505
G1 X65.179 Y115.61 E2.35637
;WIDTH:0.423417
G1 X65.139 Y115.756 E.00392
;WIDTH:0.465328
G1 X65.099 Y115.903 E.00437
;WIDTH:0.507239
G1 X65.059 Y116.05 E.00479
G1 X64.913 Y116.089 E.00475
;WIDTH:0.465328
G1 X64.766 Y116.129 E.00437
;WIDTH:0.423417
G1 X64.619 Y116.169 E.00394
;WIDTH:0.381505
G1 X12.585 Y116.169 E1.20166
;WIDTH:0.423417
G1 X12.438 Y116.129 E.00394
;WIDTH:0.465328
G1 X12.292 Y116.089 E.00434
;WIDTH:0.507239
G1 X12.145 Y116.05 E.00478
G1 X12.105 Y115.903 E.00479
;WIDTH:0.465328
G1 X12.066 Y115.756 E.00436
;WIDTH:0.423417
G1 X12.026 Y115.61 E.00392
;WIDTH:0.381505
G1 X12.026 Y13.575 E2.35637
;WIDTH:0.423417
G1 X12.066 Y13.429 E.00392
;WIDTH:0.465328
G1 X12.105 Y13.282 E.00436
;WIDTH:0.507239
G1 X12.141 Y13.152 E.00424
G1 X12.446 Y13.445 F9000
;TYPE:External perimeter
;WIDTH:0.419999
G1 F1800
G1 X12.449 Y13.439 E.00017
G1 X12.585 Y13.383 E.00377
G1 X64.619 Y13.383 E1.3349
G1 X64.756 Y13.439 E.0038
G1 X64.812 Y13.575 E.00377
G1 X64.812 Y115.61 E2.61765
G1 X64.756 Y115.746 E.00377
G1 X64.619 Y115.803 E.00381
G1 X12.585 Y115.803 E1.3349
G1 X12.449 Y115.746 E.00378
G1 X12.392 Y115.61 E.00378
G1 X12.392 Y13.575 E2.61765
G1 X12.423 Y13.5 E.00208
G1 X11.742 Y12.732 F9000
;TYPE:Perimeter
;WIDTH:0.507239
G1 F3600
G1 X12.18 Y12.711 E.01379
;WIDTH:0.465328
G1 X12.383 Y12.69 E.00585
;WIDTH:0.423417
G1 X12.585 Y12.669 E.00526
;WIDTH:0.381505
G1 X64.619 Y12.669 E1.20166
;WIDTH:0.423417
G1 X64.901 Y12.69 E.00732
;WIDTH:0.465328
G1 X65.182 Y12.711 E.00808
;WIDTH:0.507239
G1 X65.463 Y12.732 E.00886
G1 X65.463 Y12.968 E.00742
G1 X65.484 Y13.171 E.00642
;WIDTH:0.465328
G1 X65.505 Y13.373 E.00582
;WIDTH:0.423417
G1 X65.526 Y13.575 E.00526
;WIDTH:0.381505
G1 X65.526 Y115.704 E2.35854
;WIDTH:0.423417
G1 X65.505 Y115.954 E.00649
;WIDTH:0.465328
G1 X65.484 Y116.204 E.00719
;WIDTH:0.507239
G1 X65.463 Y116.453 E.00786
G1 X65.024 Y116.474 E.01383
;WIDTH:0.465328
G1 X64.822 Y116.495 E.00582
;WIDTH:0.423417
G1 X64.619 Y116.516 E.00528
;WIDTH:0.381505
G1 X12.585 Y116.516 E1.20166
;WIDTH:0.423417
G1 X12.304 Y116.495 E.00729
;WIDTH:0.465328
G1 X12.023 Y116.474 E.00808
;WIDTH:0.507239
G1 X11.742 Y116.453 E.00886
G1 X11.721 Y116.014 E.01383
;WIDTH:0.465328
G1 X11.7 Y115.812 E.00582
;WIDTH:0.423417
G1 X11.679 Y115.61 E.00526
;WIDTH:0.381505
G1 X11.679 Y13.575 E2.35637
;WIDTH:0.423417
G1 X11.7 Y13.294 E.00729
;WIDTH:0.465328
G1 X11.721 Y13.013 E.00808
;WIDTH:0.507239
G1 X11.737 Y12.792 E.00697
G1 X11.312 Y12.303 F9000
;TYPE:External perimeter
;WIDTH:0.419999
G1 F1800
G1 X65.892 Y12.303 E1.40022
G1 X65.892 Y116.883 E2.68294
G1 X11.312 Y116.883 E1.40022
G1 X11.312 Y12.363 E2.6814
;LAYER_CHANGE
;Z:14.76
;HEIGHT:0.16
;BEFORE_LAYER_CHANGE
G92 E0
;14.76


G1 E-3.5 F3600
;WIPE_START
G1 F7200
G1 X11.312 Y12.303 E-.0285
G1 X14.41 Y12.303 E-1.4715
;WIPE_END
G1 Z14.76 F9000
;AFTER_LAYER_CHANGE
;14.76
G1 X12.186 Y13.124
G1 E5 F2400
;TYPE:Perimeter
;WIDTH:0.507239
G1 F3600
G1 X12.292 Y13.096 E.00345
;WIDTH:0.465328
G1 X12.438 Y13.056 E.00434
;WIDTH:0.423417
G1 X12.585 Y13.016 E.00394
;WIDTH:0.381505
G1 X64.619 Y13.016 E1.20166
;WIDTH:0.423417
G1 X64.766 Y13.056 E.00394
;WIDTH:0.465328
G1 X64.913 Y13.096 E.00437
;WIDTH:0.507239
G1 X65.059 Y13.135 E.00475
G1 X65.099 Y13.282 E.00479
;WIDTH:0.465328
G1 X65.139 Y13.429 E.00437
;WIDTH:0.423417
G1 X65.179 Y13.575 E.00392
;WIDTH:0.381505
G1 X65.179 Y115.61 E2.35637
;WIDTH:0.423417
G1 X65.139 Y115.756 E.00392
;WIDTH:0.465328
G1 X65.099 Y115.903 E.00437
;WIDTH:0.507239
G1 X65.059 Y116.05 E.00479
G1 X64.913 Y116.089 E.00475
;WIDTH:0.465328
G1 X64.766 Y116.129 E.00437
;WIDTH:0.423417
G1 X64.619 Y116.169 E.00394
;WIDTH:0.381505
G1 X12.585 Y116.169 E1.20166
;WIDTH:0.423417
G1 X12.438 Y116.129 E.00394
;WIDTH:0.465328
G1 X12.292 Y116.089 E.00434
;WIDTH:0.507239
G1 X12.145 Y116.05 E.00478
G1 X12.105 Y115.903 E.00479
;WIDTH:0.465328
G1 X12.066 Y115.756 E.00436
;WIDTH:0.423417
G1 X12.026 Y115.61 E.00392
;WIDTH:0.381505
G1 X12.026 Y13.575 E2.35637
;WIDTH:0.423417
G1 X12.066 Y13.429 E.00392
;WIDTH:0.465328
G1 X12.105 Y13.282 E.00436
;WIDTH:0.507239
G1 X12.141 Y13.152 E.00424
G1 X12.446 Y13.445 F9000
;TYPE:External perimeter
;WIDTH:0.419999
G1 F1800
G1 X12.449 Y13.439 E.00017
G1 X12.585 Y13.383 E.00377
G1 X64.619 Y13.383 E1.3349
G1 X64.756 Y13.439 E.0038
G1 X64.812 Y13.575 E.00377
G1 X64.812 Y115.61 E2.61765
G1 X64.756 Y115.746 E.00377
G1 X64.619 Y115.803 E.00381
G1 X12.585 Y115.803 E1.3349
G1 X12.449 Y115.746 E.00378
G1 X12.392 Y115.61 E.00378
G1 X12.392 Y13.575 E2.61765
G1 X12.423 Y13.5 E.00208
G1 X11.742 Y12.732 F9000
;TYPE:Perimeter
;WIDTH:0.507239
G1 F3600
G1 X12.18 Y12.711 E.01379
;WIDTH:0.465328
G1 X12.383 Y12.69 E.00585
;WIDTH:0.423417
G1 X12.585 Y12.669 E.00526
;WIDTH:0.381505
G1 X64.619 Y12.669 E1.20166
;WIDTH:0.423417
G1 X64.901 Y12.69 E.00732
;WIDTH:0.465328
G1 X65.182 Y12.711 E.00808
;WIDTH:0.507239
G1 X65.463 Y12.732 E.00886
G1 X65.463 Y12.968 E.00742
G1 X65.484 Y13.171 E.00642
;WIDTH:0.465328
G1 X65.505 Y13.373 E.00582
;WIDTH:0.423417
G1 X65.526 Y13.575 E.00526
;WIDTH:0.381505
G1 X65.526 Y115.704 E2.35854
;WIDTH:0.423417
G1 X65.505 Y115.954 E.00649
;WIDTH:0.465328
G1 X65.484 Y116.204 E.00719
;WIDTH:0.507239
G1 X65.463 Y116.453 E.00786
G1 X65.024 Y116.474 E.01383
;WIDTH:0.465328
G1 X64.822 Y116.495 E.00582
;WIDTH:0.423417
G1 X64.619 Y116.516 E.00528
;WIDTH:0.381505
G1 X12.585 Y116.516 E1.20166
;WIDTH:0.423417
G1 X12.304 Y116.495 E.00729
;WIDTH:0.465328
G1 X12.023 Y116.474 E.00808
;WIDTH:0.507239
G1 X11.742 Y116.453 E.00886
G1 X11.721 Y116.014 E.01383
;WIDTH:0.465328
G1 X11.7 Y115.812 E.00582
;WIDTH:0.423417
G1 X11.679 Y115.61 E.00526
;WIDTH:0.381505
G1 X11.679 Y13.575 E2.35637
;WIDTH:0.423417
G1 X11.7 Y13.294 E.00729
;WIDTH:0.465328
G1 X11.721 Y13.013 E.00808
;WIDTH:0.507239
G1 X11.737 Y12.792 E.00697
G1 X11.312 Y12.303 F9000
;TYPE:External perimeter
;WIDTH:0.419999
G1 F1800
G1 X65.892 Y12.303 E1.40022
G1 X65.892 Y116.883 E2.68294
G1 X11.312 Y116.883 E1.40022
G1 X11.312 Y12.363 E2.6814
;LAYER_CHANGE
;Z:14.92
;HEIGHT:0.16
;BEFORE_LAYER_CHANGE
G92 E0
;14.92


G1 E-3.5 F3600
;WIPE_START
G1 F7200
G1 X11.312 Y12.303 E-.0285
G1 X14.41 Y12.303 E-1.4715
;WIPE_END
G1 Z14.92 F9000
;AFTER_LAYER_CHANGE
;14.92
G1 X12.186 Y13.124
G1 E5 F2400
;TYPE:Perimeter
;WIDTH:0.507239
G1 F3600
G1 X12.292 Y13.096 E.00345
;WIDTH:0.465328
G1 X12.438 Y13.056 E.00434
;WIDTH:0.423417
G1 X12.585 Y13.016 E.00394
;WIDTH:0.381505
G1 X64.619 Y13.016 E1.20166
;WIDTH:0.423417
G1 X64.766 Y13.056 E.00394
;WIDTH:0.465328
G1 X64.913 Y13.096 E.00437
;WIDTH:0.507239
G1 X65.059 Y13.135 E.00475
G1 X65.099 Y13.282 E.00479
;WIDTH:0.465328
G1 X65.139 Y13.429 E.00437
;WIDTH:0.423417
G1 X65.179 Y13.575 E.00392
;WIDTH:0.381505
G1 X65.179 Y115.61 E2.35637
;WIDTH:0.423417
G1 X65.139 Y115.756 E.00392
;WIDTH:0.465328
G1 X65.099 Y115.903 E.00437
;WIDTH:0.507239
G1 X65.059 Y116.05 E.00479
G1 X64.913 Y116.089 E.00475
;WIDTH:0.465328
G1 X64.766 Y116.129 E.00437
;WIDTH:0.423417
G1 X64.619 Y116.169 E.00394
;WIDTH:0.381505
G1 X12.585 Y116.169 E1.20166
;WIDTH:0.423417
G1 X12.438 Y116.129 E.00394
;WIDTH:0.465328
G1 X12.292 Y116.089 E.00434
;WIDTH:0.507239
G1 X12.145 Y116.05 E.00478
G1 X12.105 Y115.903 E.00479
;WIDTH:0.465328
G1 X12.066 Y115.756 E.00436
;WIDTH:0.423417
G1 X12.026 Y115.61 E.00392
;WIDTH:0.381505
G1 X12.026 Y13.575 E2.35637
;WIDTH:0.423417
G1 X12.066 Y13.429 E.00392
;WIDTH:0.465328
G1 X12.105 Y13.282 E.00436
;WIDTH:0.507239
G1 X12.141 Y13.152 E.00424
G1 X12.446 Y13.445 F9000
;TYPE:External perimeter
;WIDTH:0.419999
G1 F1800
G1 X12.449 Y13.439 E.00017
G1 X12.585 Y13.383 E.00377
G1 X64.619 Y13.383 E1.3349
G1 X64.756 Y13.439 E.0038
G1 X64.812 Y13.575 E.00377
G1 X64.812 Y115.61 E2.61765
G1 X64.756 Y115.746 E.00377
G1 X64.619 Y115.803 E.00381
G1 X12.585 Y115.803 E1.3349
G1 X12.449 Y115.746 E.00378
G1 X12.392 Y115.61 E.00378
G1 X12.392 Y13.575 E2.61765
G1 X12.423 Y13.5 E.00208
G1 X11.742 Y12.732 F9000
;TYPE:Perimeter
;WIDTH:0.507239
G1 F3600
G1 X12.18 Y12.711 E.01379
;WIDTH:0.465328
G1 X12.383 Y12.69 E.00585
;WIDTH:0.423417
G1 X12.585 Y12.669 E.00526
;WIDTH:0.381505
G1 X64.619 Y12.669 E1.20166
;WIDTH:0.423417
G1 X64.901 Y12.69 E.00732
;WIDTH:0.465328
G1 X65.182 Y12.711 E.00808
;WIDTH:0.507239
G1 X65.463 Y12.732 E.00886
G1 X65.463 Y12.968 E.00742
G1 X65.484 Y13.171 E.00642
;WIDTH:0.465328
G1 X65.505 Y13.373 E.00582
;WIDTH:0.423417
G1 X65.526 Y13.575 E.00526
;WIDTH:0.381505
G1 X65.526 Y115.704 E2.35854
;WIDTH:0.423417
G1 X65.505 Y115.954 E.00649
;WIDTH:0.465328
G1 X65.484 Y116.204 E.00719
;WIDTH:0.507239
G1 X65.463 Y116.453 E.00786
G1 X65.024 Y116.474 E.01383
;WIDTH:0.465328
G1 X64.822 Y116.495 E.00582
;WIDTH:0.423417
G1 X64.619 Y116.516 E.00528
;WIDTH:0.381505
G1 X12.585 Y116.516 E1.20166
;WIDTH:0.423417
G1 X12.304 Y116.495 E.00729
;WIDTH:0.465328
G1 X12.023 Y116.474 E.00808
;WIDTH:0.507239
G1 X11.742 Y116.453 E.00886
G1 X11.721 Y116.014 E.01383
;WIDTH:0.465328
G1 X11.7 Y115.812 E.00582
;WIDTH:0.423417
G1 X11.679 Y115.61 E.00526
;WIDTH:0.381505
G1 X11.679 Y13.575 E2.35637
;WIDTH:0.423417
G1 X11.7 Y13.294 E.00729
;WIDTH:0.465328
G1 X11.721 Y13.013 E.00808
;WIDTH:0.507239
G1 X11.737 Y12.792 E.00697
G1 X11.312 Y12.303 F9000
;TYPE:External perimeter
;WIDTH:0.419999
G1 F1800
G1 X65.892 Y12.303 E1.40022
G1 X65.892 Y116.883 E2.68294
G1 X11.312 Y116.883 E1.40022
G1 X11.312 Y12.363 E2.6814
;LAYER_CHANGE
;Z:15.08
;HEIGHT:0.16
;BEFORE_LAYER_CHANGE
G92 E0
;15.08


G1 E-3.5 F3600
;WIPE_START
G1 F7200
G1 X11.312 Y12.303 E-.0285
G1 X14.41 Y12.303 E-1.4715
;WIPE_END
G1 Z15.08 F9000
;AFTER_LAYER_CHANGE
;15.08
G1 X12.186 Y13.124
G1 E5 F2400
;TYPE:Perimeter
;WIDTH:0.507239
G1 F3600
G1 X12.292 Y13.096 E.00345
;WIDTH:0.465328
G1 X12.438 Y13.056 E.00434
;WIDTH:0.423417
G1 X12.585 Y13.016 E.00394
;WIDTH:0.381505
G1 X64.619 Y13.016 E1.20166
;WIDTH:0.423417
G1 X64.766 Y13.056 E.00394
;WIDTH:0.465328
G1 X64.913 Y13.096 E.00437
;WIDTH:0.507239
G1 X65.059 Y13.135 E.00475
G1 X65.099 Y13.282 E.00479
;WIDTH:0.465328
G1 X65.139 Y13.429 E.00437
;WIDTH:0.423417
G1 X65.179 Y13.575 E.00392
;WIDTH:0.381505
G1 X65.179 Y115.61 E2.35637
;WIDTH:0.423417
G1 X65.139 Y115.756 E.00392
;WIDTH:0.465328
G1 X65.099 Y115.903 E.00437
;WIDTH:0.507239
G1 X65.059 Y116.05 E.00479
G1 X64.913 Y116.089 E.00475
;WIDTH:0.465328
G1 X64.766 Y116.129 E.00437
;WIDTH:0.423417
G1 X64.619 Y116.169 E.00394
;WIDTH:0.381505
G1 X12.585 Y116.169 E1.20166
;WIDTH:0.423417
G1 X12.438 Y116.129 E.00394
;WIDTH:0.465328
G1 X12.292 Y116.089 E.00434
;WIDTH:0.507239
G1 X12.145 Y116.05 E.00478
G1 X12.105 Y115.903 E.00479
;WIDTH:0.465328
G1 X12.066 Y115.756 E.00436
;WIDTH:0.423417
G1 X12.026 Y115.61 E.00392
;WIDTH:0.381505
G1 X12.026 Y13.575 E2.35637
;WIDTH:0.423417
G1 X12.066 Y13.429 E.00392
;WIDTH:0.465328
G1 X12.105 Y13.282 E.00436
;WIDTH:0.507239
G1 X12.141 Y13.152 E.00424
G1 X12.446 Y13.445 F9000
;TYPE:External perimeter
;WIDTH:0.419999
G1 F1800
G1 X12.449 Y13.439 E.00017
G1 X12.585 Y13.383 E.00377
G1 X64.619 Y13.383 E1.3349
G1 X64.756 Y13.439 E.0038
G1 X64.812 Y13.575 E.00377
G1 X64.812 Y115.61 E2.61765
G1 X64.756 Y115.746 E.00377
G1 X64.619 Y115.803 E.00381
G1 X12.585 Y115.803 E1.3349
G1 X12.449 Y115.746 E.00378
G1 X12.392 Y115.61 E.00378
G1 X12.392 Y13.575 E2.61765
G1 X12.423 Y13.5 E.00208
G1 X11.742 Y12.732 F9000
;TYPE:Perimeter
;WIDTH:0.507239
G1 F3600
G1 X12.18 Y12.711 E.01379
;WIDTH:0.465328
G1 X12.383 Y12.69 E.00585
;WIDTH:0.423417
G1 X12.585 Y12.669 E.00526
;WIDTH:0.381505
G1 X64.619 Y12.669 E1.20166
;WIDTH:0.423417
G1 X64.901 Y12.69 E.00732
;WIDTH:0.465328
G1 X65.182 Y12.711 E.00808
;WIDTH:0.507239
G1 X65.463 Y12.732 E.00886
G1 X65.463 Y12.968 E.00742
G1 X65.484 Y13.171 E.00642
;WIDTH:0.465328
G1 X65.505 Y13.373 E.00582
;WIDTH:0.423417
G1 X65.526 Y13.575 E.00526
;WIDTH:0.381505
G1 X65.526 Y115.704 E2.35854
;WIDTH:0.423417
G1 X65.505 Y115.954 E.00649
;WIDTH:0.465328
G1 X65.484 Y116.204 E.00719
;WIDTH:0.507239
G1 X65.463 Y116.453 E.00786
G1 X65.024 Y116.474 E.01383
;WIDTH:0.465328
G1 X64.822 Y116.495 E.00582
;WIDTH:0.423417
G1 X64.619 Y116.516 E.00528
;WIDTH:0.381505
G1 X12.585 Y116.516 E1.20166
;WIDTH:0.423417
G1 X12.304 Y116.495 E.00729
;WIDTH:0.465328
G1 X12.023 Y116.474 E.00808
;WIDTH:0.507239
G1 X11.742 Y116.453 E.00886
G1 X11.721 Y116.014 E.01383
;WIDTH:0.465328
G1 X11.7 Y115.812 E.00582
;WIDTH:0.423417
G1 X11.679 Y115.61 E.00526
;WIDTH:0.381505
G1 X11.679 Y13.575 E2.35637
;WIDTH:0.423417
G1 X11.7 Y13.294 E.00729
;WIDTH:0.465328
G1 X11.721 Y13.013 E.00808
;WIDTH:0.507239
G1 X11.737 Y12.792 E.00697
G1 X11.312 Y12.303 F9000
;TYPE:External perimeter
;WIDTH:0.419999
G1 F1800
G1 X65.892 Y12.303 E1.40022
G1 X65.892 Y116.883 E2.68294
G1 X11.312 Y116.883 E1.40022
G1 X11.312 Y12.363 E2.6814
;LAYER_CHANGE
;Z:15.24
;HEIGHT:0.16
;BEFORE_LAYER_CHANGE
G92 E0
;15.24


G1 E-3.5 F3600
;WIPE_START
G1 F7200
G1 X11.312 Y12.303 E-.0285
G1 X14.41 Y12.303 E-1.4715
;WIPE_END
G1 Z15.24 F9000
;AFTER_LAYER_CHANGE
;15.24
G1 X12.186 Y13.124
G1 E5 F2400
;TYPE:Perimeter
;WIDTH:0.507239
G1 F3600
G1 X12.292 Y13.096 E.00345
;WIDTH:0.465328
G1 X12.438 Y13.056 E.00434
;WIDTH:0.423417
G1 X12.585 Y13.016 E.00394
;WIDTH:0.381505
G1 X64.619 Y13.016 E1.20166
;WIDTH:0.423417
G1 X64.766 Y13.056 E.00394
;WIDTH:0.465328
G1 X64.913 Y13.096 E.00437
;WIDTH:0.507239
G1 X65.059 Y13.135 E.00475
G1 X65.099 Y13.282 E.00479
;WIDTH:0.465328
G1 X65.139 Y13.429 E.00437
;WIDTH:0.423417
G1 X65.179 Y13.575 E.00392
;WIDTH:0.381505
G1 X65.179 Y115.61 E2.35637
;WIDTH:0.423417
G1 X65.139 Y115.756 E.00392
;WIDTH:0.465328
G1 X65.099 Y115.903 E.00437
;WIDTH:0.507239
G1 X65.059 Y116.05 E.00479
G1 X64.913 Y116.089 E.00475
;WIDTH:0.465328
G1 X64.766 Y116.129 E.00437
;WIDTH:0.423417
G1 X64.619 Y116.169 E.00394
;WIDTH:0.381505
G1 X12.585 Y116.169 E1.20166
;WIDTH:0.423417
G1 X12.438 Y116.129 E.00394
;WIDTH:0.465328
G1 X12.292 Y116.089 E.00434
;WIDTH:0.507239
G1 X12.145 Y116.05 E.00478
G1 X12.105 Y115.903 E.00479
;WIDTH:0.465328
G1 X12.066 Y115.756 E.00436
;WIDTH:0.423417
G1 X12.026 Y115.61 E.00392
;WIDTH:0.381505
G1 X12.026 Y13.575 E2.35637
;WIDTH:0.423417
G1 X12.066 Y13.429 E.00392
;WIDTH:0.465328
G1 X12.105 Y13.282 E.00436
;WIDTH:0.507239
G1 X12.141 Y13.152 E.00424
G1 X12.446 Y13.445 F9000
;TYPE:External perimeter
;WIDTH:0.419999
G1 F1800
G1 X12.449 Y13.439 E.00017
G1 X12.585 Y13.383 E.00377
G1 X64.619 Y13.383 E1.3349
G1 X64.756 Y13.439 E.0038
G1 X64.812 Y13.575 E.00377
G1 X64.812 Y115.61 E2.61765
G1 X64.756 Y115.746 E.00377
G1 X64.619 Y115.803 E.00381
G1 X12.585 Y115.803 E1.3349
G1 X12.449 Y115.746 E.00378
G1 X12.392 Y115.61 E.00378
G1 X12.392 Y13.575 E2.61765
G1 X12.423 Y13.5 E.00208
G1 X11.742 Y12.732 F9000
;TYPE:Perimeter
;WIDTH:0.507239
G1 F3600
G1 X12.18 Y12.711 E.01379
;WIDTH:0.465328
G1 X12.383 Y12.69 E.00585
;WIDTH:0.423417
G1 X12.585 Y12.669 E.00526
;WIDTH:0.381505
G1 X64.619 Y12.669 E1.20166
;WIDTH:0.423417
G1 X64.901 Y12.69 E.00732
;WIDTH:0.465328
G1 X65.182 Y12.711 E.00808
;WIDTH:0.507239
G1 X65.463 Y12.732 E.00886
G1 X65.463 Y12.968 E.00742
G1 X65.484 Y13.171 E.00642
;WIDTH:0.465328
G1 X65.505 Y13.373 E.00582
;WIDTH:0.423417
G1 X65.526 Y13.575 E.00526
;WIDTH:0.381505
G1 X65.526 Y115.704 E2.35854
;WIDTH:0.423417
G1 X65.505 Y115.954 E.00649
;WIDTH:0.465328
G1 X65.484 Y116.204 E.00719
;WIDTH:0.507239
G1 X65.463 Y116.453 E.00786
G1 X65.024 Y116.474 E.01383
;WIDTH:0.465328
G1 X64.822 Y116.495 E.00582
;WIDTH:0.423417
G1 X64.619 Y116.516 E.00528
;WIDTH:0.381505
G1 X12.585 Y116.516 E1.20166
;WIDTH:0.423417
G1 X12.304 Y116.495 E.00729
;WIDTH:0.465328
G1 X12.023 Y116.474 E.00808
;WIDTH:0.507239
G1 X11.742 Y116.453 E.00886
G1 X11.721 Y116.014 E.01383
;WIDTH:0.465328
G1 X11.7 Y115.812 E.00582
;WIDTH:0.423417
G1 X11.679 Y115.61 E.00526
;WIDTH:0.381505
G1 X11.679 Y13.575 E2.35637
;WIDTH:0.423417
G1 X11.7 Y13.294 E.00729
;WIDTH:0.465328
G1 X11.721 Y13.013 E.00808
;WIDTH:0.507239
G1 X11.737 Y12.792 E.00697
G1 X11.312 Y12.303 F9000
;TYPE:External perimeter
;WIDTH:0.419999
G1 F1800
G1 X65.892 Y12.303 E1.40022
G1 X65.892 Y116.883 E2.68294
G1 X11.312 Y116.883 E1.40022
G1 X11.312 Y12.363 E2.6814
;LAYER_CHANGE
;Z:15.4
;HEIGHT:0.16
;BEFORE_LAYER_CHANGE
G92 E0
;15.4


G1 E-3.5 F3600
;WIPE_START
G1 F7200
G1 X11.312 Y12.303 E-.0285
G1 X14.41 Y12.303 E-1.4715
;WIPE_END
G1 Z15.4 F9000
;AFTER_LAYER_CHANGE
;15.4
G1 X12.186 Y13.124
G1 E5 F2400
;TYPE:Perimeter
;WIDTH:0.507239
G1 F3600
G1 X12.292 Y13.096 E.00345
;WIDTH:0.465328
G1 X12.438 Y13.056 E.00434
;WIDTH:0.423417
G1 X12.585 Y13.016 E.00394
;WIDTH:0.381505
G1 X64.619 Y13.016 E1.20166
;WIDTH:0.423417
G1 X64.766 Y13.056 E.00394
;WIDTH:0.465328
G1 X64.913 Y13.096 E.00437
;WIDTH:0.507239
G1 X65.059 Y13.135 E.00475
G1 X65.099 Y13.282 E.00479
;WIDTH:0.465328
G1 X65.139 Y13.429 E.00437
;WIDTH:0.423417
G1 X65.179 Y13.575 E.00392
;WIDTH:0.381505
G1 X65.179 Y115.61 E2.35637
;WIDTH:0.423417
G1 X65.139 Y115.756 E.00392
;WIDTH:0.465328
G1 X65.099 Y115.903 E.00437
;WIDTH:0.507239
G1 X65.059 Y116.05 E.00479
G1 X64.913 Y116.089 E.00475
;WIDTH:0.465328
G1 X64.766 Y116.129 E.00437
;WIDTH:0.423417
G1 X64.619 Y116.169 E.00394
;WIDTH:0.381505
G1 X12.585 Y116.169 E1.20166
;WIDTH:0.423417
G1 X12.438 Y116.129 E.00394
;WIDTH:0.465328
G1 X12.292 Y116.089 E.00434
;WIDTH:0.507239
G1 X12.145 Y116.05 E.00478
G1 X12.105 Y115.903 E.00479
;WIDTH:0.465328
G1 X12.066 Y115.756 E.00436
;WIDTH:0.423417
G1 X12.026 Y115.61 E.00392
;WIDTH:0.381505
G1 X12.026 Y13.575 E2.35637
;WIDTH:0.423417
G1 X12.066 Y13.429 E.00392
;WIDTH:0.465328
G1 X12.105 Y13.282 E.00436
;WIDTH:0.507239
G1 X12.141 Y13.152 E.00424
G1 X12.446 Y13.445 F9000
;TYPE:External perimeter
;WIDTH:0.419999
G1 F1800
G1 X12.449 Y13.439 E.00017
G1 X12.585 Y13.383 E.00377
G1 X64.619 Y13.383 E1.3349
G1 X64.756 Y13.439 E.0038
G1 X64.812 Y13.575 E.00377
G1 X64.812 Y115.61 E2.61765
G1 X64.756 Y115.746 E.00377
G1 X64.619 Y115.803 E.00381
G1 X12.585 Y115.803 E1.3349
G1 X12.449 Y115.746 E.00378
G1 X12.392 Y115.61 E.00378
G1 X12.392 Y13.575 E2.61765
G1 X12.423 Y13.5 E.00208
G1 X11.742 Y12.732 F9000
;TYPE:Perimeter
;WIDTH:0.507239
G1 F3600
G1 X12.18 Y12.711 E.01379
;WIDTH:0.465328
G1 X12.383 Y12.69 E.00585
;WIDTH:0.423417
G1 X12.585 Y12.669 E.00526
;WIDTH:0.381505
G1 X64.619 Y12.669 E1.20166
;WIDTH:0.423417
G1 X64.901 Y12.69 E.00732
;WIDTH:0.465328
G1 X65.182 Y12.711 E.00808
;WIDTH:0.507239
G1 X65.463 Y12.732 E.00886
G1 X65.463 Y12.968 E.00742
G1 X65.484 Y13.171 E.00642
;WIDTH:0.465328
G1 X65.505 Y13.373 E.00582
;WIDTH:0.423417
G1 X65.526 Y13.575 E.00526
;WIDTH:0.381505
G1 X65.526 Y115.704 E2.35854
;WIDTH:0.423417
G1 X65.505 Y115.954 E.00649
;WIDTH:0.465328
G1 X65.484 Y116.204 E.00719
;WIDTH:0.507239
G1 X65.463 Y116.453 E.00786
G1 X65.024 Y116.474 E.01383
;WIDTH:0.465328
G1 X64.822 Y116.495 E.00582
;WIDTH:0.423417
G1 X64.619 Y116.516 E.00528
;WIDTH:0.381505
G1 X12.585 Y116.516 E1.20166
;WIDTH:0.423417
G1 X12.304 Y116.495 E.00729
;WIDTH:0.465328
G1 X12.023 Y116.474 E.00808
;WIDTH:0.507239
G1 X11.742 Y116.453 E.00886
G1 X11.721 Y116.014 E.01383
;WIDTH:0.465328
G1 X11.7 Y115.812 E.00582
;WIDTH:0.423417
G1 X11.679 Y115.61 E.00526
;WIDTH:0.381505
G1 X11.679 Y13.575 E2.35637
;WIDTH:0.423417
G1 X11.7 Y13.294 E.00729
;WIDTH:0.465328
G1 X11.721 Y13.013 E.00808
;WIDTH:0.507239
G1 X11.737 Y12.792 E.00697
G1 X11.312 Y12.303 F9000
;TYPE:External perimeter
;WIDTH:0.419999
G1 F1800
G1 X65.892 Y12.303 E1.40022
G1 X65.892 Y116.883 E2.68294
G1 X11.312 Y116.883 E1.40022
G1 X11.312 Y12.363 E2.6814
;LAYER_CHANGE
;Z:15.56
;HEIGHT:0.160001
;BEFORE_LAYER_CHANGE
G92 E0
;15.56


G1 E-3.5 F3600
;WIPE_START
G1 F7200
G1 X11.312 Y12.303 E-.0285
G1 X14.41 Y12.303 E-1.4715
;WIPE_END
G1 Z15.56 F9000
;AFTER_LAYER_CHANGE
;15.56
G1 X12.186 Y13.124
G1 E5 F2400
;TYPE:Perimeter
;WIDTH:0.507239
G1 F3600
G1 X12.292 Y13.096 E.00345
;WIDTH:0.465328
G1 X12.438 Y13.056 E.00434
;WIDTH:0.423417
G1 X12.585 Y13.016 E.00394
;WIDTH:0.381505
G1 X64.619 Y13.016 E1.20166
;WIDTH:0.423417
G1 X64.766 Y13.056 E.00394
;WIDTH:0.465328
G1 X64.913 Y13.096 E.00437
;WIDTH:0.507239
G1 X65.059 Y13.135 E.00475
G1 X65.099 Y13.282 E.00479
;WIDTH:0.465328
G1 X65.139 Y13.429 E.00437
;WIDTH:0.423417
G1 X65.179 Y13.575 E.00392
;WIDTH:0.381505
G1 X65.179 Y115.61 E2.35637
;WIDTH:0.423417
G1 X65.139 Y115.756 E.00392
;WIDTH:0.465328
G1 X65.099 Y115.903 E.00437
;WIDTH:0.507239
G1 X65.059 Y116.05 E.00479
G1 X64.913 Y116.089 E.00475
;WIDTH:0.465328
G1 X64.766 Y116.129 E.00437
;WIDTH:0.423417
G1 X64.619 Y116.169 E.00394
;WIDTH:0.381505
G1 X12.585 Y116.169 E1.20166
;WIDTH:0.423417
G1 X12.438 Y116.129 E.00394
;WIDTH:0.465328
G1 X12.292 Y116.089 E.00434
;WIDTH:0.507239
G1 X12.145 Y116.05 E.00478
G1 X12.105 Y115.903 E.00479
;WIDTH:0.465328
G1 X12.066 Y115.756 E.00436
;WIDTH:0.423417
G1 X12.026 Y115.61 E.00392
;WIDTH:0.381505
G1 X12.026 Y13.575 E2.35637
;WIDTH:0.423417
G1 X12.066 Y13.429 E.00392
;WIDTH:0.465328
G1 X12.105 Y13.282 E.00436
;WIDTH:0.507239
G1 X12.141 Y13.152 E.00424
G1 X12.446 Y13.445 F9000
;TYPE:External perimeter
;WIDTH:0.419999
G1 F1800
G1 X12.449 Y13.439 E.00017
G1 X12.585 Y13.383 E.00377
G1 X64.619 Y13.383 E1.3349
G1 X64.756 Y13.439 E.0038
G1 X64.812 Y13.575 E.00377
G1 X64.812 Y115.61 E2.61765
G1 X64.756 Y115.746 E.00377
G1 X64.619 Y115.803 E.00381
G1 X12.585 Y115.803 E1.3349
G1 X12.449 Y115.746 E.00378
G1 X12.392 Y115.61 E.00378
G1 X12.392 Y13.575 E2.61765
G1 X12.423 Y13.5 E.00208
G1 X11.742 Y12.732 F9000
;TYPE:Perimeter
;WIDTH:0.507239
G1 F3600
G1 X12.18 Y12.711 E.01379
;WIDTH:0.465328
G1 X12.383 Y12.69 E.00585
;WIDTH:0.423417
G1 X12.585 Y12.669 E.00526
;WIDTH:0.381505
G1 X64.619 Y12.669 E1.20166
;WIDTH:0.423417
G1 X64.901 Y12.69 E.00732
;WIDTH:0.465328
G1 X65.182 Y12.711 E.00808
;WIDTH:0.507239
G1 X65.463 Y12.732 E.00886
G1 X65.463 Y12.968 E.00742
G1 X65.484 Y13.171 E.00642
;WIDTH:0.465328
G1 X65.505 Y13.373 E.00582
;WIDTH:0.423417
G1 X65.526 Y13.575 E.00526
;WIDTH:0.381505
G1 X65.526 Y115.704 E2.35854
;WIDTH:0.423417
G1 X65.505 Y115.954 E.00649
;WIDTH:0.465328
G1 X65.484 Y116.204 E.00719
;WIDTH:0.507239
G1 X65.463 Y116.453 E.00786
G1 X65.024 Y116.474 E.01383
;WIDTH:0.465328
G1 X64.822 Y116.495 E.00582
;WIDTH:0.423417
G1 X64.619 Y116.516 E.00528
;WIDTH:0.381505
G1 X12.585 Y116.516 E1.20166
;WIDTH:0.423417
G1 X12.304 Y116.495 E.00729
;WIDTH:0.465328
G1 X12.023 Y116.474 E.00808
;WIDTH:0.507239
G1 X11.742 Y116.453 E.00886
G1 X11.721 Y116.014 E.01383
;WIDTH:0.465328
G1 X11.7 Y115.812 E.00582
;WIDTH:0.423417
G1 X11.679 Y115.61 E.00526
;WIDTH:0.381505
G1 X11.679 Y13.575 E2.35637
;WIDTH:0.423417
G1 X11.7 Y13.294 E.00729
;WIDTH:0.465328
G1 X11.721 Y13.013 E.00808
;WIDTH:0.507239
G1 X11.737 Y12.792 E.00697
G1 X11.312 Y12.303 F9000
;TYPE:External perimeter
;WIDTH:0.419999
G1 F1800
G1 X65.892 Y12.303 E1.40022
G1 X65.892 Y116.883 E2.68294
G1 X11.312 Y116.883 E1.40022
G1 X11.312 Y12.363 E2.6814
;LAYER_CHANGE
;Z:15.72
;HEIGHT:0.16
;BEFORE_LAYER_CHANGE
G92 E0
;15.72


G1 E-3.5 F3600
;WIPE_START
G1 F7200
G1 X11.312 Y12.303 E-.0285
G1 X14.41 Y12.303 E-1.4715
;WIPE_END
G1 Z15.72 F9000
;AFTER_LAYER_CHANGE
;15.72
G1 X12.186 Y13.124
G1 E5 F2400
;TYPE:Perimeter
;WIDTH:0.507239
G1 F3600
G1 X12.292 Y13.096 E.00345
;WIDTH:0.465328
G1 X12.438 Y13.056 E.00434
;WIDTH:0.423417
G1 X12.585 Y13.016 E.00394
;WIDTH:0.381505
G1 X64.619 Y13.016 E1.20166
;WIDTH:0.423417
G1 X64.766 Y13.056 E.00394
;WIDTH:0.465328
G1 X64.913 Y13.096 E.00437
;WIDTH:0.507239
G1 X65.059 Y13.135 E.00475
G1 X65.099 Y13.282 E.00479
;WIDTH:0.465328
G1 X65.139 Y13.429 E.00437
;WIDTH:0.423417
G1 X65.179 Y13.575 E.00392
;WIDTH:0.381505
G1 X65.179 Y115.61 E2.35637
;WIDTH:0.423417
G1 X65.139 Y115.756 E.00392
;WIDTH:0.465328
G1 X65.099 Y115.903 E.00437
;WIDTH:0.507239
G1 X65.059 Y116.05 E.00479
G1 X64.913 Y116.089 E.00475
;WIDTH:0.465328
G1 X64.766 Y116.129 E.00437
;WIDTH:0.423417
G1 X64.619 Y116.169 E.00394
;WIDTH:0.381505
G1 X12.585 Y116.169 E1.20166
;WIDTH:0.423417
G1 X12.438 Y116.129 E.00394
;WIDTH:0.465328
G1 X12.292 Y116.089 E.00434
;WIDTH:0.507239
G1 X12.145 Y116.05 E.00478
G1 X12.105 Y115.903 E.00479
;WIDTH:0.465328
G1 X12.066 Y115.756 E.00436
;WIDTH:0.423417
G1 X12.026 Y115.61 E.00392
;WIDTH:0.381505
G1 X12.026 Y13.575 E2.35637
;WIDTH:0.423417
G1 X12.066 Y13.429 E.00392
;WIDTH:0.465328
G1 X12.105 Y13.282 E.00436
;WIDTH:0.507239
G1 X12.141 Y13.152 E.00424
G1 X12.446 Y13.445 F9000
;TYPE:External perimeter
;WIDTH:0.419999
G1 F1800
G1 X12.449 Y13.439 E.00017
G1 X12.585 Y13.383 E.00377
G1 X64.619 Y13.383 E1.3349
G1 X64.756 Y13.439 E.0038
G1 X64.812 Y13.575 E.00377
G1 X64.812 Y115.61 E2.61765
G1 X64.756 Y115.746 E.00377
G1 X64.619 Y115.803 E.00381
G1 X12.585 Y115.803 E1.3349
G1 X12.449 Y115.746 E.00378
G1 X12.392 Y115.61 E.00378
G1 X12.392 Y13.575 E2.61765
G1 X12.423 Y13.5 E.00208
G1 X11.742 Y12.732 F9000
;TYPE:Perimeter
;WIDTH:0.507239
G1 F3600
G1 X12.18 Y12.711 E.01379
;WIDTH:0.465328
G1 X12.383 Y12.69 E.00585
;WIDTH:0.423417
G1 X12.585 Y12.669 E.00526
;WIDTH:0.381505
G1 X64.619 Y12.669 E1.20166
;WIDTH:0.423417
G1 X64.901 Y12.69 E.00732
;WIDTH:0.465328
G1 X65.182 Y12.711 E.00808
;WIDTH:0.507239
G1 X65.463 Y12.732 E.00886
G1 X65.463 Y12.968 E.00742
G1 X65.484 Y13.171 E.00642
;WIDTH:0.465328
G1 X65.505 Y13.373 E.00582
;WIDTH:0.423417
G1 X65.526 Y13.575 E.00526
;WIDTH:0.381505
G1 X65.526 Y115.704 E2.35854
;WIDTH:0.423417
G1 X65.505 Y115.954 E.00649
;WIDTH:0.465328
G1 X65.484 Y116.204 E.00719
;WIDTH:0.507239
G1 X65.463 Y116.453 E.00786
G1 X65.024 Y116.474 E.01383
;WIDTH:0.465328
G1 X64.822 Y116.495 E.00582
;WIDTH:0.423417
G1 X64.619 Y116.516 E.00528
;WIDTH:0.381505
G1 X12.585 Y116.516 E1.20166
;WIDTH:0.423417
G1 X12.304 Y116.495 E.00729
;WIDTH:0.465328
G1 X12.023 Y116.474 E.00808
;WIDTH:0.507239
G1 X11.742 Y116.453 E.00886
G1 X11.721 Y116.014 E.01383
;WIDTH:0.465328
G1 X11.7 Y115.812 E.00582
;WIDTH:0.423417
G1 X11.679 Y115.61 E.00526
;WIDTH:0.381505
G1 X11.679 Y13.575 E2.35637
;WIDTH:0.423417
G1 X11.7 Y13.294 E.00729
;WIDTH:0.465328
G1 X11.721 Y13.013 E.00808
;WIDTH:0.507239
G1 X11.737 Y12.792 E.00697
G1 X11.312 Y12.303 F9000
;TYPE:External perimeter
;WIDTH:0.419999
G1 F1800
G1 X65.892 Y12.303 E1.40022
G1 X65.892 Y116.883 E2.68294
G1 X11.312 Y116.883 E1.40022
G1 X11.312 Y12.363 E2.6814
;LAYER_CHANGE
;Z:15.88
;HEIGHT:0.16
;BEFORE_LAYER_CHANGE
G92 E0
;15.88


G1 E-3.5 F3600
;WIPE_START
G1 F7200
G1 X11.312 Y12.303 E-.0285
G1 X14.41 Y12.303 E-1.4715
;WIPE_END
G1 Z15.88 F9000
;AFTER_LAYER_CHANGE
;15.88
G1 X12.186 Y13.124
G1 E5 F2400
;TYPE:Perimeter
;WIDTH:0.507239
G1 F3600
G1 X12.292 Y13.096 E.00345
;WIDTH:0.465328
G1 X12.438 Y13.056 E.00434
;WIDTH:0.423417
G1 X12.585 Y13.016 E.00394
;WIDTH:0.381505
G1 X64.619 Y13.016 E1.20166
;WIDTH:0.423417
G1 X64.766 Y13.056 E.00394
;WIDTH:0.465328
G1 X64.913 Y13.096 E.00437
;WIDTH:0.507239
G1 X65.059 Y13.135 E.00475
G1 X65.099 Y13.282 E.00479
;WIDTH:0.465328
G1 X65.139 Y13.429 E.00437
;WIDTH:0.423417
G1 X65.179 Y13.575 E.00392
;WIDTH:0.381505
G1 X65.179 Y115.61 E2.35637
;WIDTH:0.423417
G1 X65.139 Y115.756 E.00392
;WIDTH:0.465328
G1 X65.099 Y115.903 E.00437
;WIDTH:0.507239
G1 X65.059 Y116.05 E.00479
G1 X64.913 Y116.089 E.00475
;WIDTH:0.465328
G1 X64.766 Y116.129 E.00437
;WIDTH:0.423417
G1 X64.619 Y116.169 E.00394
;WIDTH:0.381505
G1 X12.585 Y116.169 E1.20166
;WIDTH:0.423417
G1 X12.438 Y116.129 E.00394
;WIDTH:0.465328
G1 X12.292 Y116.089 E.00434
;WIDTH:0.507239
G1 X12.145 Y116.05 E.00478
G1 X12.105 Y115.903 E.00479
;WIDTH:0.465328
G1 X12.066 Y115.756 E.00436
;WIDTH:0.423417
G1 X12.026 Y115.61 E.00392
;WIDTH:0.381505
G1 X12.026 Y13.575 E2.35637
;WIDTH:0.423417
G1 X12.066 Y13.429 E.00392
;WIDTH:0.465328
G1 X12.105 Y13.282 E.00436
;WIDTH:0.507239
G1 X12.141 Y13.152 E.00424
G1 X12.446 Y13.445 F9000
;TYPE:External perimeter
;WIDTH:0.419999
G1 F1800
G1 X12.449 Y13.439 E.00017
G1 X12.585 Y13.383 E.00377
G1 X64.619 Y13.383 E1.3349
G1 X64.756 Y13.439 E.0038
G1 X64.812 Y13.575 E.00377
G1 X64.812 Y115.61 E2.61765
G1 X64.756 Y115.746 E.00377
G1 X64.619 Y115.803 E.00381
G1 X12.585 Y115.803 E1.3349
G1 X12.449 Y115.746 E.00378
G1 X12.392 Y115.61 E.00378
G1 X12.392 Y13.575 E2.61765
G1 X12.423 Y13.5 E.00208
G1 X11.742 Y12.732 F9000
;TYPE:Perimeter
;WIDTH:0.507239
G1 F3600
G1 X12.18 Y12.711 E.01379
;WIDTH:0.465328
G1 X12.383 Y12.69 E.00585
;WIDTH:0.423417
G1 X12.585 Y12.669 E.00526
;WIDTH:0.381505
G1 X64.619 Y12.669 E1.20166
;WIDTH:0.423417
G1 X64.901 Y12.69 E.00732
;WIDTH:0.465328
G1 X65.182 Y12.711 E.00808
;WIDTH:0.507239
G1 X65.463 Y12.732 E.00886
G1 X65.463 Y12.968 E.00742
G1 X65.484 Y13.171 E.00642
;WIDTH:0.465328
G1 X65.505 Y13.373 E.00582
;WIDTH:0.423417
G1 X65.526 Y13.575 E.00526
;WIDTH:0.381505
G1 X65.526 Y115.704 E2.35854
;WIDTH:0.423417
G1 X65.505 Y115.954 E.00649
;WIDTH:0.465328
G1 X65.484 Y116.204 E.00719
;WIDTH:0.507239
G1 X65.463 Y116.453 E.00786
G1 X65.024 Y116.474 E.01383
;WIDTH:0.465328
G1 X64.822 Y116.495 E.00582
;WIDTH:0.423417
G1 X64.619 Y116.516 E.00528
;WIDTH:0.381505
G1 X12.585 Y116.516 E1.20166
;WIDTH:0.423417
G1 X12.304 Y116.495 E.00729
;WIDTH:0.465328
G1 X12.023 Y116.474 E.00808
;WIDTH:0.507239
G1 X11.742 Y116.453 E.00886
G1 X11.721 Y116.014 E.01383
;WIDTH:0.465328
G1 X11.7 Y115.812 E.00582
;WIDTH:0.423417
G1 X11.679 Y115.61 E.00526
;WIDTH:0.381505
G1 X11.679 Y13.575 E2.35637
;WIDTH:0.423417
G1 X11.7 Y13.294 E.00729
;WIDTH:0.465328
G1 X11.721 Y13.013 E.00808
;WIDTH:0.507239
G1 X11.737 Y12.792 E.00697
G1 X11.312 Y12.303 F9000
;TYPE:External perimeter
;WIDTH:0.419999
G1 F1800
G1 X65.892 Y12.303 E1.40022
G1 X65.892 Y116.883 E2.68294
G1 X11.312 Y116.883 E1.40022
G1 X11.312 Y12.363 E2.6814
;LAYER_CHANGE
;Z:16.04
;HEIGHT:0.160001
;BEFORE_LAYER_CHANGE
G92 E0
;16.04


G1 E-3.5 F3600
;WIPE_START
G1 F7200
G1 X11.312 Y12.303 E-.0285
G1 X14.41 Y12.303 E-1.4715
;WIPE_END
G1 Z16.04 F9000
;AFTER_LAYER_CHANGE
;16.04
G1 X12.186 Y13.124
G1 E5 F2400
;TYPE:Perimeter
;WIDTH:0.507239
G1 F3600
G1 X12.292 Y13.096 E.00345
;WIDTH:0.465328
G1 X12.438 Y13.056 E.00434
;WIDTH:0.423417
G1 X12.585 Y13.016 E.00394
;WIDTH:0.381505
G1 X64.619 Y13.016 E1.20166
;WIDTH:0.423417
G1 X64.766 Y13.056 E.00394
;WIDTH:0.465328
G1 X64.913 Y13.096 E.00437
;WIDTH:0.507239
G1 X65.059 Y13.135 E.00475
G1 X65.099 Y13.282 E.00479
;WIDTH:0.465328
G1 X65.139 Y13.429 E.00437
;WIDTH:0.423417
G1 X65.179 Y13.575 E.00392
;WIDTH:0.381505
G1 X65.179 Y115.61 E2.35637
;WIDTH:0.423417
G1 X65.139 Y115.756 E.00392
;WIDTH:0.465328
G1 X65.099 Y115.903 E.00437
;WIDTH:0.507239
G1 X65.059 Y116.05 E.00479
G1 X64.913 Y116.089 E.00475
;WIDTH:0.465328
G1 X64.766 Y116.129 E.00437
;WIDTH:0.423417
G1 X64.619 Y116.169 E.00394
;WIDTH:0.381505
G1 X12.585 Y116.169 E1.20166
;WIDTH:0.423417
G1 X12.438 Y116.129 E.00394
;WIDTH:0.465328
G1 X12.292 Y116.089 E.00434
;WIDTH:0.507239
G1 X12.145 Y116.05 E.00478
G1 X12.105 Y115.903 E.00479
;WIDTH:0.465328
G1 X12.066 Y115.756 E.00436
;WIDTH:0.423417
G1 X12.026 Y115.61 E.00392
;WIDTH:0.381505
G1 X12.026 Y13.575 E2.35637
;WIDTH:0.423417
G1 X12.066 Y13.429 E.00392
;WIDTH:0.465328
G1 X12.105 Y13.282 E.00436
;WIDTH:0.507239
G1 X12.141 Y13.152 E.00424
G1 X12.446 Y13.445 F9000
;TYPE:External perimeter
;WIDTH:0.419999
G1 F1800
G1 X12.449 Y13.439 E.00017
G1 X12.585 Y13.383 E.00377
G1 X64.619 Y13.383 E1.3349
G1 X64.756 Y13.439 E.0038
G1 X64.812 Y13.575 E.00377
G1 X64.812 Y115.61 E2.61765
G1 X64.756 Y115.746 E.00377
G1 X64.619 Y115.803 E.00381
G1 X12.585 Y115.803 E1.3349
G1 X12.449 Y115.746 E.00378
G1 X12.392 Y115.61 E.00378
G1 X12.392 Y13.575 E2.61765
G1 X12.423 Y13.5 E.00208
G1 X11.742 Y12.732 F9000
;TYPE:Perimeter
;WIDTH:0.507239
G1 F3600
G1 X12.18 Y12.711 E.01379
;WIDTH:0.465328
G1 X12.383 Y12.69 E.00585
;WIDTH:0.423417
G1 X12.585 Y12.669 E.00526
;WIDTH:0.381505
G1 X64.619 Y12.669 E1.20166
;WIDTH:0.423417
G1 X64.901 Y12.69 E.00732
;WIDTH:0.465328
G1 X65.182 Y12.711 E.00808
;WIDTH:0.507239
G1 X65.463 Y12.732 E.00886
G1 X65.463 Y12.968 E.00742
G1 X65.484 Y13.171 E.00642
;WIDTH:0.465328
G1 X65.505 Y13.373 E.00582
;WIDTH:0.423417
G1 X65.526 Y13.575 E.00526
;WIDTH:0.381505
G1 X65.526 Y115.704 E2.35854
;WIDTH:0.423417
G1 X65.505 Y115.954 E.00649
;WIDTH:0.465328
G1 X65.484 Y116.204 E.00719
;WIDTH:0.507239
G1 X65.463 Y116.453 E.00786
G1 X65.024 Y116.474 E.01383
;WIDTH:0.465328
G1 X64.822 Y116.495 E.00582
;WIDTH:0.423417
G1 X64.619 Y116.516 E.00528
;WIDTH:0.381505
G1 X12.585 Y116.516 E1.20166
;WIDTH:0.423417
G1 X12.304 Y116.495 E.00729
;WIDTH:0.465328
G1 X12.023 Y116.474 E.00808
;WIDTH:0.507239
G1 X11.742 Y116.453 E.00886
G1 X11.721 Y116.014 E.01383
;WIDTH:0.465328
G1 X11.7 Y115.812 E.00582
;WIDTH:0.423417
G1 X11.679 Y115.61 E.00526
;WIDTH:0.381505
G1 X11.679 Y13.575 E2.35637
;WIDTH:0.423417
G1 X11.7 Y13.294 E.00729
;WIDTH:0.465328
G1 X11.721 Y13.013 E.00808
;WIDTH:0.507239
G1 X11.737 Y12.792 E.00697
G1 X11.312 Y12.303 F9000
;TYPE:External perimeter
;WIDTH:0.419999
G1 F1800
G1 X65.892 Y12.303 E1.40022
G1 X65.892 Y116.883 E2.68294
G1 X11.312 Y116.883 E1.40022
G1 X11.312 Y12.363 E2.6814
;LAYER_CHANGE
;Z:16.2
;HEIGHT:0.16
;BEFORE_LAYER_CHANGE
G92 E0
;16.2


G1 E-3.5 F3600
;WIPE_START
G1 F7200
G1 X11.312 Y12.303 E-.0285
G1 X14.41 Y12.303 E-1.4715
;WIPE_END
G1 Z16.2 F9000
;AFTER_LAYER_CHANGE
;16.2
G1 X12.186 Y13.124
G1 E5 F2400
;TYPE:Perimeter
;WIDTH:0.507239
G1 F3600
G1 X12.292 Y13.096 E.00345
;WIDTH:0.465328
G1 X12.438 Y13.056 E.00434
;WIDTH:0.423417
G1 X12.585 Y13.016 E.00394
;WIDTH:0.381505
G1 X64.619 Y13.016 E1.20166
;WIDTH:0.423417
G1 X64.766 Y13.056 E.00394
;WIDTH:0.465328
G1 X64.913 Y13.096 E.00437
;WIDTH:0.507239
G1 X65.059 Y13.135 E.00475
G1 X65.099 Y13.282 E.00479
;WIDTH:0.465328
G1 X65.139 Y13.429 E.00437
;WIDTH:0.423417
G1 X65.179 Y13.575 E.00392
;WIDTH:0.381505
G1 X65.179 Y115.61 E2.35637
;WIDTH:0.423417
G1 X65.139 Y115.756 E.00392
;WIDTH:0.465328
G1 X65.099 Y115.903 E.00437
;WIDTH:0.507239
G1 X65.059 Y116.05 E.00479
G1 X64.913 Y116.089 E.00475
;WIDTH:0.465328
G1 X64.766 Y116.129 E.00437
;WIDTH:0.423417
G1 X64.619 Y116.169 E.00394
;WIDTH:0.381505
G1 X12.585 Y116.169 E1.20166
;WIDTH:0.423417
G1 X12.438 Y116.129 E.00394
;WIDTH:0.465328
G1 X12.292 Y116.089 E.00434
;WIDTH:0.507239
G1 X12.145 Y116.05 E.00478
G1 X12.105 Y115.903 E.00479
;WIDTH:0.465328
G1 X12.066 Y115.756 E.00436
;WIDTH:0.423417
G1 X12.026 Y115.61 E.00392
;WIDTH:0.381505
G1 X12.026 Y13.575 E2.35637
;WIDTH:0.423417
G1 X12.066 Y13.429 E.00392
;WIDTH:0.465328
G1 X12.105 Y13.282 E.00436
;WIDTH:0.507239
G1 X12.141 Y13.152 E.00424
G1 X12.446 Y13.445 F9000
;TYPE:External perimeter
;WIDTH:0.419999
G1 F1800
G1 X12.449 Y13.439 E.00017
G1 X12.585 Y13.383 E.00377
G1 X64.619 Y13.383 E1.3349
G1 X64.756 Y13.439 E.0038
G1 X64.812 Y13.575 E.00377
G1 X64.812 Y115.61 E2.61765
G1 X64.756 Y115.746 E.00377
G1 X64.619 Y115.803 E.00381
G1 X12.585 Y115.803 E1.3349
G1 X12.449 Y115.746 E.00378
G1 X12.392 Y115.61 E.00378
G1 X12.392 Y13.575 E2.61765
G1 X12.423 Y13.5 E.00208
G1 X11.742 Y12.732 F9000
;TYPE:Perimeter
;WIDTH:0.507239
G1 F3600
G1 X12.18 Y12.711 E.01379
;WIDTH:0.465328
G1 X12.383 Y12.69 E.00585
;WIDTH:0.423417
G1 X12.585 Y12.669 E.00526
;WIDTH:0.381505
G1 X64.619 Y12.669 E1.20166
;WIDTH:0.423417
G1 X64.901 Y12.69 E.00732
;WIDTH:0.465328
G1 X65.182 Y12.711 E.00808
;WIDTH:0.507239
G1 X65.463 Y12.732 E.00886
G1 X65.463 Y12.968 E.00742
G1 X65.484 Y13.171 E.00642
;WIDTH:0.465328
G1 X65.505 Y13.373 E.00582
;WIDTH:0.423417
G1 X65.526 Y13.575 E.00526
;WIDTH:0.381505
G1 X65.526 Y115.704 E2.35854
;WIDTH:0.423417
G1 X65.505 Y115.954 E.00649
;WIDTH:0.465328
G1 X65.484 Y116.204 E.00719
;WIDTH:0.507239
G1 X65.463 Y116.453 E.00786
G1 X65.024 Y116.474 E.01383
;WIDTH:0.465328
G1 X64.822 Y116.495 E.00582
;WIDTH:0.423417
G1 X64.619 Y116.516 E.00528
;WIDTH:0.381505
G1 X12.585 Y116.516 E1.20166
;WIDTH:0.423417
G1 X12.304 Y116.495 E.00729
;WIDTH:0.465328
G1 X12.023 Y116.474 E.00808
;WIDTH:0.507239
G1 X11.742 Y116.453 E.00886
G1 X11.721 Y116.014 E.01383
;WIDTH:0.465328
G1 X11.7 Y115.812 E.00582
;WIDTH:0.423417
G1 X11.679 Y115.61 E.00526
;WIDTH:0.381505
G1 X11.679 Y13.575 E2.35637
;WIDTH:0.423417
G1 X11.7 Y13.294 E.00729
;WIDTH:0.465328
G1 X11.721 Y13.013 E.00808
;WIDTH:0.507239
G1 X11.737 Y12.792 E.00697
G1 X11.312 Y12.303 F9000
;TYPE:External perimeter
;WIDTH:0.419999
G1 F1800
G1 X65.892 Y12.303 E1.40022
G1 X65.892 Y116.883 E2.68294
G1 X11.312 Y116.883 E1.40022
G1 X11.312 Y12.363 E2.6814
;LAYER_CHANGE
;Z:16.36
;HEIGHT:0.16
;BEFORE_LAYER_CHANGE
G92 E0
;16.36


G1 E-3.5 F3600
;WIPE_START
G1 F7200
G1 X11.312 Y12.303 E-.0285
G1 X14.41 Y12.303 E-1.4715
;WIPE_END
G1 Z16.36 F9000
;AFTER_LAYER_CHANGE
;16.36
G1 X12.186 Y13.124
G1 E5 F2400
;TYPE:Perimeter
;WIDTH:0.507239
G1 F3600
G1 X12.292 Y13.096 E.00345
;WIDTH:0.465328
G1 X12.438 Y13.056 E.00434
;WIDTH:0.423417
G1 X12.585 Y13.016 E.00394
;WIDTH:0.381505
G1 X64.619 Y13.016 E1.20166
;WIDTH:0.423417
G1 X64.766 Y13.056 E.00394
;WIDTH:0.465328
G1 X64.913 Y13.096 E.00437
;WIDTH:0.507239
G1 X65.059 Y13.135 E.00475
G1 X65.099 Y13.282 E.00479
;WIDTH:0.465328
G1 X65.139 Y13.429 E.00437
;WIDTH:0.423417
G1 X65.179 Y13.575 E.00392
;WIDTH:0.381505
G1 X65.179 Y115.61 E2.35637
;WIDTH:0.423417
G1 X65.139 Y115.756 E.00392
;WIDTH:0.465328
G1 X65.099 Y115.903 E.00437
;WIDTH:0.507239
G1 X65.059 Y116.05 E.00479
G1 X64.913 Y116.089 E.00475
;WIDTH:0.465328
G1 X64.766 Y116.129 E.00437
;WIDTH:0.423417
G1 X64.619 Y116.169 E.00394
;WIDTH:0.381505
G1 X12.585 Y116.169 E1.20166
;WIDTH:0.423417
G1 X12.438 Y116.129 E.00394
;WIDTH:0.465328
G1 X12.292 Y116.089 E.00434
;WIDTH:0.507239
G1 X12.145 Y116.05 E.00478
G1 X12.105 Y115.903 E.00479
;WIDTH:0.465328
G1 X12.066 Y115.756 E.00436
;WIDTH:0.423417
G1 X12.026 Y115.61 E.00392
;WIDTH:0.381505
G1 X12.026 Y13.575 E2.35637
;WIDTH:0.423417
G1 X12.066 Y13.429 E.00392
;WIDTH:0.465328
G1 X12.105 Y13.282 E.00436
;WIDTH:0.507239
G1 X12.141 Y13.152 E.00424
G1 X12.446 Y13.445 F9000
;TYPE:External perimeter
;WIDTH:0.419999
G1 F1800
G1 X12.449 Y13.439 E.00017
G1 X12.585 Y13.383 E.00377
G1 X64.619 Y13.383 E1.3349
G1 X64.756 Y13.439 E.0038
G1 X64.812 Y13.575 E.00377
G1 X64.812 Y115.61 E2.61765
G1 X64.756 Y115.746 E.00377
G1 X64.619 Y115.803 E.00381
G1 X12.585 Y115.803 E1.3349
G1 X12.449 Y115.746 E.00378
G1 X12.392 Y115.61 E.00378
G1 X12.392 Y13.575 E2.61765
G1 X12.423 Y13.5 E.00208
G1 X11.742 Y12.732 F9000
;TYPE:Perimeter
;WIDTH:0.507239
G1 F3600
G1 X12.18 Y12.711 E.01379
;WIDTH:0.465328
G1 X12.383 Y12.69 E.00585
;WIDTH:0.423417
G1 X12.585 Y12.669 E.00526
;WIDTH:0.381505
G1 X64.619 Y12.669 E1.20166
;WIDTH:0.423417
G1 X64.901 Y12.69 E.00732
;WIDTH:0.465328
G1 X65.182 Y12.711 E.00808
;WIDTH:0.507239
G1 X65.463 Y12.732 E.00886
G1 X65.463 Y12.968 E.00742
G1 X65.484 Y13.171 E.00642
;WIDTH:0.465328
G1 X65.505 Y13.373 E.00582
;WIDTH:0.423417
G1 X65.526 Y13.575 E.00526
;WIDTH:0.381505
G1 X65.526 Y115.704 E2.35854
;WIDTH:0.423417
G1 X65.505 Y115.954 E.00649
;WIDTH:0.465328
G1 X65.484 Y116.204 E.00719
;WIDTH:0.507239
G1 X65.463 Y116.453 E.00786
G1 X65.024 Y116.474 E.01383
;WIDTH:0.465328
G1 X64.822 Y116.495 E.00582
;WIDTH:0.423417
G1 X64.619 Y116.516 E.00528
;WIDTH:0.381505
G1 X12.585 Y116.516 E1.20166
;WIDTH:0.423417
G1 X12.304 Y116.495 E.00729
;WIDTH:0.465328
G1 X12.023 Y116.474 E.00808
;WIDTH:0.507239
G1 X11.742 Y116.453 E.00886
G1 X11.721 Y116.014 E.01383
;WIDTH:0.465328
G1 X11.7 Y115.812 E.00582
;WIDTH:0.423417
G1 X11.679 Y115.61 E.00526
;WIDTH:0.381505
G1 X11.679 Y13.575 E2.35637
;WIDTH:0.423417
G1 X11.7 Y13.294 E.00729
;WIDTH:0.465328
G1 X11.721 Y13.013 E.00808
;WIDTH:0.507239
G1 X11.737 Y12.792 E.00697
G1 X11.312 Y12.303 F9000
;TYPE:External perimeter
;WIDTH:0.419999
G1 F1800
G1 X65.892 Y12.303 E1.40022
G1 X65.892 Y116.883 E2.68294
G1 X11.312 Y116.883 E1.40022
G1 X11.312 Y12.363 E2.6814
;LAYER_CHANGE
;Z:16.52
;HEIGHT:0.16
;BEFORE_LAYER_CHANGE
G92 E0
;16.52


G1 E-3.5 F3600
;WIPE_START
G1 F7200
G1 X11.312 Y12.303 E-.0285
G1 X14.41 Y12.303 E-1.4715
;WIPE_END
G1 Z16.52 F9000
;AFTER_LAYER_CHANGE
;16.52
G1 X12.186 Y13.124
G1 E5 F2400
;TYPE:Perimeter
;WIDTH:0.507239
G1 F3600
G1 X12.292 Y13.096 E.00345
;WIDTH:0.465328
G1 X12.438 Y13.056 E.00434
;WIDTH:0.423417
G1 X12.585 Y13.016 E.00394
;WIDTH:0.381505
G1 X64.619 Y13.016 E1.20166
;WIDTH:0.423417
G1 X64.766 Y13.056 E.00394
;WIDTH:0.465328
G1 X64.913 Y13.096 E.00437
;WIDTH:0.507239
G1 X65.059 Y13.135 E.00475
G1 X65.099 Y13.282 E.00479
;WIDTH:0.465328
G1 X65.139 Y13.429 E.00437
;WIDTH:0.423417
G1 X65.179 Y13.575 E.00392
;WIDTH:0.381505
G1 X65.179 Y115.61 E2.35637
;WIDTH:0.423417
G1 X65.139 Y115.756 E.00392
;WIDTH:0.465328
G1 X65.099 Y115.903 E.00437
;WIDTH:0.507239
G1 X65.059 Y116.05 E.00479
G1 X64.913 Y116.089 E.00475
;WIDTH:0.465328
G1 X64.766 Y116.129 E.00437
;WIDTH:0.423417
G1 X64.619 Y116.169 E.00394
;WIDTH:0.381505
G1 X12.585 Y116.169 E1.20166
;WIDTH:0.423417
G1 X12.438 Y116.129 E.00394
;WIDTH:0.465328
G1 X12.292 Y116.089 E.00434
;WIDTH:0.507239
G1 X12.145 Y116.05 E.00478
G1 X12.105 Y115.903 E.00479
;WIDTH:0.465328
G1 X12.066 Y115.756 E.00436
;WIDTH:0.423417
G1 X12.026 Y115.61 E.00392
;WIDTH:0.381505
G1 X12.026 Y13.575 E2.35637
;WIDTH:0.423417
G1 X12.066 Y13.429 E.00392
;WIDTH:0.465328
G1 X12.105 Y13.282 E.00436
;WIDTH:0.507239
G1 X12.141 Y13.152 E.00424
G1 X12.446 Y13.445 F9000
;TYPE:External perimeter
;WIDTH:0.419999
G1 F1800
G1 X12.449 Y13.439 E.00017
G1 X12.585 Y13.383 E.00377
G1 X64.619 Y13.383 E1.3349
G1 X64.756 Y13.439 E.0038
G1 X64.812 Y13.575 E.00377
G1 X64.812 Y115.61 E2.61765
G1 X64.756 Y115.746 E.00377
G1 X64.619 Y115.803 E.00381
G1 X12.585 Y115.803 E1.3349
G1 X12.449 Y115.746 E.00378
G1 X12.392 Y115.61 E.00378
G1 X12.392 Y13.575 E2.61765
G1 X12.423 Y13.5 E.00208
G1 X11.742 Y12.732 F9000
;TYPE:Perimeter
;WIDTH:0.507239
G1 F3600
G1 X12.18 Y12.711 E.01379
;WIDTH:0.465328
G1 X12.383 Y12.69 E.00585
;WIDTH:0.423417
G1 X12.585 Y12.669 E.00526
;WIDTH:0.381505
G1 X64.619 Y12.669 E1.20166
;WIDTH:0.423417
G1 X64.901 Y12.69 E.00732
;WIDTH:0.465328
G1 X65.182 Y12.711 E.00808
;WIDTH:0.507239
G1 X65.463 Y12.732 E.00886
G1 X65.463 Y12.968 E.00742
G1 X65.484 Y13.171 E.00642
;WIDTH:0.465328
G1 X65.505 Y13.373 E.00582
;WIDTH:0.423417
G1 X65.526 Y13.575 E.00526
;WIDTH:0.381505
G1 X65.526 Y115.704 E2.35854
;WIDTH:0.423417
G1 X65.505 Y115.954 E.00649
;WIDTH:0.465328
G1 X65.484 Y116.204 E.00719
;WIDTH:0.507239
G1 X65.463 Y116.453 E.00786
G1 X65.024 Y116.474 E.01383
;WIDTH:0.465328
G1 X64.822 Y116.495 E.00582
;WIDTH:0.423417
G1 X64.619 Y116.516 E.00528
;WIDTH:0.381505
G1 X12.585 Y116.516 E1.20166
;WIDTH:0.423417
G1 X12.304 Y116.495 E.00729
;WIDTH:0.465328
G1 X12.023 Y116.474 E.00808
;WIDTH:0.507239
G1 X11.742 Y116.453 E.00886
G1 X11.721 Y116.014 E.01383
;WIDTH:0.465328
G1 X11.7 Y115.812 E.00582
;WIDTH:0.423417
G1 X11.679 Y115.61 E.00526
;WIDTH:0.381505
G1 X11.679 Y13.575 E2.35637
;WIDTH:0.423417
G1 X11.7 Y13.294 E.00729
;WIDTH:0.465328
G1 X11.721 Y13.013 E.00808
;WIDTH:0.507239
G1 X11.737 Y12.792 E.00697
G1 X11.312 Y12.303 F9000
;TYPE:External perimeter
;WIDTH:0.419999
G1 F1800
G1 X65.892 Y12.303 E1.40022
G1 X65.892 Y116.883 E2.68294
G1 X11.312 Y116.883 E1.40022
G1 X11.312 Y12.363 E2.6814
;LAYER_CHANGE
;Z:16.68
;HEIGHT:0.16
;BEFORE_LAYER_CHANGE
G92 E0
;16.68


G1 E-3.5 F3600
;WIPE_START
G1 F7200
G1 X11.312 Y12.303 E-.0285
G1 X14.41 Y12.303 E-1.4715
;WIPE_END
G1 Z16.68 F9000
;AFTER_LAYER_CHANGE
;16.68
G1 X12.134 Y13.177
G1 E5 F2400
;TYPE:Perimeter
;WIDTH:0.507239
G1 F3600
G1 X12.145 Y13.135 E.00137
G1 X12.292 Y13.096 E.00478
;WIDTH:0.465328
G1 X12.438 Y13.056 E.00434
;WIDTH:0.423417
G1 X12.585 Y13.016 E.00394
;WIDTH:0.381505
G1 X64.619 Y13.016 E1.20166
;WIDTH:0.423417
G1 X64.766 Y13.056 E.00394
;WIDTH:0.465328
G1 X64.913 Y13.096 E.00437
;WIDTH:0.507239
G1 X65.059 Y13.135 E.00475
G1 X65.099 Y13.282 E.00479
;WIDTH:0.465328
G1 X65.139 Y13.429 E.00437
;WIDTH:0.423417
G1 X65.179 Y13.575 E.00392
;WIDTH:0.381505
G1 X65.179 Y115.61 E2.35637
;WIDTH:0.423417
G1 X65.139 Y115.756 E.00392
;WIDTH:0.465328
G1 X65.099 Y115.903 E.00437
;WIDTH:0.507239
G1 X65.059 Y116.05 E.00479
G1 X64.913 Y116.089 E.00475
;WIDTH:0.465328
G1 X64.766 Y116.129 E.00437
;WIDTH:0.423417
G1 X64.619 Y116.169 E.00394
;WIDTH:0.381505
G1 X12.585 Y116.169 E1.20166
;WIDTH:0.423417
G1 X12.438 Y116.129 E.00394
;WIDTH:0.465328
G1 X12.292 Y116.089 E.00434
;WIDTH:0.507239
G1 X12.145 Y116.05 E.00478
G1 X12.105 Y115.903 E.00479
;WIDTH:0.465328
G1 X12.066 Y115.756 E.00436
;WIDTH:0.423417
G1 X12.026 Y115.61 E.00392
;WIDTH:0.381505
G1 X12.026 Y13.575 E2.35637
;WIDTH:0.423417
G1 X12.066 Y13.429 E.00392
;WIDTH:0.465328
G1 X12.105 Y13.282 E.00436
;WIDTH:0.507239
G1 X12.118 Y13.234 E.00156
G1 X12.446 Y13.445 F9000
;TYPE:External perimeter
;WIDTH:0.419999
G1 F1800
G1 X12.449 Y13.439 E.00017
G1 X12.585 Y13.383 E.00377
G1 X64.619 Y13.383 E1.3349
G1 X64.756 Y13.439 E.0038
G1 X64.812 Y13.575 E.00377
G1 X64.812 Y115.61 E2.61765
G1 X64.756 Y115.746 E.00377
G1 X64.619 Y115.803 E.00381
G1 X12.585 Y115.803 E1.3349
G1 X12.449 Y115.746 E.00378
G1 X12.392 Y115.61 E.00378
G1 X12.392 Y13.575 E2.61765
G1 X12.423 Y13.5 E.00208
G1 X11.742 Y12.732 F9000
;TYPE:Perimeter
;WIDTH:0.507239
G1 F3600
G1 X12.18 Y12.711 E.01379
;WIDTH:0.465328
G1 X12.383 Y12.69 E.00585
;WIDTH:0.423417
G1 X12.585 Y12.669 E.00526
;WIDTH:0.381505
G1 X64.619 Y12.669 E1.20166
;WIDTH:0.423417
G1 X64.901 Y12.69 E.00732
;WIDTH:0.465328
G1 X65.182 Y12.711 E.00808
;WIDTH:0.507239
G1 X65.463 Y12.732 E.00886
G1 X65.463 Y12.968 E.00742
G1 X65.484 Y13.171 E.00642
;WIDTH:0.465328
G1 X65.505 Y13.373 E.00582
;WIDTH:0.423417
G1 X65.526 Y13.575 E.00526
;WIDTH:0.381505
G1 X65.526 Y115.704 E2.35854
;WIDTH:0.423417
G1 X65.505 Y115.954 E.00649
;WIDTH:0.465328
G1 X65.484 Y116.204 E.00719
;WIDTH:0.507239
G1 X65.463 Y116.453 E.00786
G1 X65.024 Y116.474 E.01383
;WIDTH:0.465328
G1 X64.822 Y116.495 E.00582
;WIDTH:0.423417
G1 X64.619 Y116.516 E.00528
;WIDTH:0.381505
G1 X12.585 Y116.516 E1.20166
;WIDTH:0.423417
G1 X12.304 Y116.495 E.00729
;WIDTH:0.465328
G1 X12.023 Y116.474 E.00808
;WIDTH:0.507239
G1 X11.742 Y116.453 E.00886
G1 X11.721 Y116.014 E.01383
;WIDTH:0.465328
G1 X11.7 Y115.812 E.00582
;WIDTH:0.423417
G1 X11.679 Y115.61 E.00526
;WIDTH:0.381505
G1 X11.679 Y13.575 E2.35637
;WIDTH:0.423417
G1 X11.7 Y13.294 E.00729
;WIDTH:0.465328
G1 X11.721 Y13.013 E.00808
;WIDTH:0.507239
G1 X11.737 Y12.792 E.00697
G1 X11.312 Y12.303 F9000
;TYPE:External perimeter
;WIDTH:0.419999
G1 F1800
G1 X65.892 Y12.303 E1.40022
G1 X65.892 Y116.883 E2.68294
G1 X11.312 Y116.883 E1.40022
G1 X11.312 Y12.363 E2.6814
;LAYER_CHANGE
;Z:16.84
;HEIGHT:0.16
;BEFORE_LAYER_CHANGE
G92 E0
;16.84


G1 E-3.5 F3600
;WIPE_START
G1 F7200
G1 X11.312 Y12.303 E-.0285
G1 X14.41 Y12.303 E-1.4715
;WIPE_END
G1 Z16.84 F9000
;AFTER_LAYER_CHANGE
;16.84
G1 X12.186 Y13.124
G1 E5 F2400
;TYPE:Perimeter
;WIDTH:0.507239
G1 F3600
G1 X12.292 Y13.096 E.00345
;WIDTH:0.465328
G1 X12.438 Y13.056 E.00434
;WIDTH:0.423417
G1 X12.585 Y13.016 E.00394
;WIDTH:0.381505
G1 X64.619 Y13.016 E1.20166
;WIDTH:0.423417
G1 X64.766 Y13.056 E.00394
;WIDTH:0.465328
G1 X64.913 Y13.096 E.00437
;WIDTH:0.507239
G1 X65.059 Y13.135 E.00475
G1 X65.099 Y13.282 E.00479
;WIDTH:0.465328
G1 X65.139 Y13.429 E.00437
;WIDTH:0.423417
G1 X65.179 Y13.575 E.00392
;WIDTH:0.381505
G1 X65.179 Y115.61 E2.35637
;WIDTH:0.423417
G1 X65.139 Y115.756 E.00392
;WIDTH:0.465328
G1 X65.099 Y115.903 E.00437
;WIDTH:0.507239
G1 X65.059 Y116.05 E.00479
G1 X64.913 Y116.089 E.00475
;WIDTH:0.465328
G1 X64.766 Y116.129 E.00437
;WIDTH:0.423417
G1 X64.619 Y116.169 E.00394
;WIDTH:0.381505
G1 X12.585 Y116.169 E1.20166
;WIDTH:0.423417
G1 X12.438 Y116.129 E.00394
;WIDTH:0.465328
G1 X12.292 Y116.089 E.00434
;WIDTH:0.507239
G1 X12.145 Y116.05 E.00478
G1 X12.105 Y115.903 E.00479
;WIDTH:0.465328
G1 X12.066 Y115.756 E.00436
;WIDTH:0.423417
G1 X12.026 Y115.61 E.00392
;WIDTH:0.381505
G1 X12.026 Y13.575 E2.35637
;WIDTH:0.423417
G1 X12.066 Y13.429 E.00392
;WIDTH:0.465328
G1 X12.105 Y13.282 E.00436
;WIDTH:0.507239
G1 X12.141 Y13.152 E.00424
G1 X12.446 Y13.445 F9000
;TYPE:External perimeter
;WIDTH:0.419999
G1 F1800
G1 X12.449 Y13.439 E.00017
G1 X12.585 Y13.383 E.00377
G1 X64.619 Y13.383 E1.3349
G1 X64.756 Y13.439 E.0038
G1 X64.812 Y13.575 E.00377
G1 X64.812 Y115.61 E2.61765
G1 X64.756 Y115.746 E.00377
G1 X64.619 Y115.803 E.00381
G1 X12.585 Y115.803 E1.3349
G1 X12.449 Y115.746 E.00378
G1 X12.392 Y115.61 E.00378
G1 X12.392 Y13.575 E2.61765
G1 X12.423 Y13.5 E.00208
G1 X11.742 Y12.732 F9000
;TYPE:Perimeter
;WIDTH:0.507239
G1 F3600
G1 X12.18 Y12.711 E.01379
;WIDTH:0.465328
G1 X12.383 Y12.69 E.00585
;WIDTH:0.423417
G1 X12.585 Y12.669 E.00526
;WIDTH:0.381505
G1 X64.619 Y12.669 E1.20166
;WIDTH:0.423417
G1 X64.901 Y12.69 E.00732
;WIDTH:0.465328
G1 X65.182 Y12.711 E.00808
;WIDTH:0.507239
G1 X65.463 Y12.732 E.00886
G1 X65.463 Y12.968 E.00742
G1 X65.484 Y13.171 E.00642
;WIDTH:0.465328
G1 X65.505 Y13.373 E.00582
;WIDTH:0.423417
G1 X65.526 Y13.575 E.00526
;WIDTH:0.381505
G1 X65.526 Y115.704 E2.35854
;WIDTH:0.423417
G1 X65.505 Y115.954 E.00649
;WIDTH:0.465328
G1 X65.484 Y116.204 E.00719
;WIDTH:0.507239
G1 X65.463 Y116.453 E.00786
G1 X65.024 Y116.474 E.01383
;WIDTH:0.465328
G1 X64.822 Y116.495 E.00582
;WIDTH:0.423417
G1 X64.619 Y116.516 E.00528
;WIDTH:0.381505
G1 X12.585 Y116.516 E1.20166
;WIDTH:0.423417
G1 X12.304 Y116.495 E.00729
;WIDTH:0.465328
G1 X12.023 Y116.474 E.00808
;WIDTH:0.507239
G1 X11.742 Y116.453 E.00886
G1 X11.721 Y116.014 E.01383
;WIDTH:0.465328
G1 X11.7 Y115.812 E.00582
;WIDTH:0.423417
G1 X11.679 Y115.61 E.00526
;WIDTH:0.381505
G1 X11.679 Y13.575 E2.35637
;WIDTH:0.423417
G1 X11.7 Y13.294 E.00729
;WIDTH:0.465328
G1 X11.721 Y13.013 E.00808
;WIDTH:0.507239
G1 X11.737 Y12.792 E.00697
G1 X11.312 Y12.303 F9000
;TYPE:External perimeter
;WIDTH:0.419999
G1 F1800
G1 X65.892 Y12.303 E1.40022
G1 X65.892 Y116.883 E2.68294
G1 X11.312 Y116.883 E1.40022
G1 X11.312 Y12.363 E2.6814
;LAYER_CHANGE
;Z:17
;HEIGHT:0.16
;BEFORE_LAYER_CHANGE
G92 E0
;17


G1 E-3.5 F3600
;WIPE_START
G1 F7200
G1 X11.312 Y12.303 E-.0285
G1 X14.41 Y12.303 E-1.4715
;WIPE_END
G1 Z17 F9000
;AFTER_LAYER_CHANGE
;17
G1 X12.186 Y13.124
G1 E5 F2400
;TYPE:Perimeter
;WIDTH:0.507239
G1 F3600
G1 X12.292 Y13.096 E.00345
;WIDTH:0.465328
G1 X12.438 Y13.056 E.00434
;WIDTH:0.423417
G1 X12.585 Y13.016 E.00394
;WIDTH:0.381505
G1 X64.619 Y13.016 E1.20166
;WIDTH:0.423417
G1 X64.766 Y13.056 E.00394
;WIDTH:0.465328
G1 X64.913 Y13.096 E.00437
;WIDTH:0.507239
G1 X65.059 Y13.135 E.00475
G1 X65.099 Y13.282 E.00479
;WIDTH:0.465328
G1 X65.139 Y13.429 E.00437
;WIDTH:0.423417
G1 X65.179 Y13.575 E.00392
;WIDTH:0.381505
G1 X65.179 Y115.61 E2.35637
;WIDTH:0.423417
G1 X65.139 Y115.756 E.00392
;WIDTH:0.465328
G1 X65.099 Y115.903 E.00437
;WIDTH:0.507239
G1 X65.059 Y116.05 E.00479
G1 X64.913 Y116.089 E.00475
;WIDTH:0.465328
G1 X64.766 Y116.129 E.00437
;WIDTH:0.423417
G1 X64.619 Y116.169 E.00394
;WIDTH:0.381505
G1 X12.585 Y116.169 E1.20166
;WIDTH:0.423417
G1 X12.438 Y116.129 E.00394
;WIDTH:0.465328
G1 X12.292 Y116.089 E.00434
;WIDTH:0.507239
G1 X12.145 Y116.05 E.00478
G1 X12.105 Y115.903 E.00479
;WIDTH:0.465328
G1 X12.066 Y115.756 E.00436
;WIDTH:0.423417
G1 X12.026 Y115.61 E.00392
;WIDTH:0.381505
G1 X12.026 Y13.575 E2.35637
;WIDTH:0.423417
G1 X12.066 Y13.429 E.00392
;WIDTH:0.465328
G1 X12.105 Y13.282 E.00436
;WIDTH:0.507239
G1 X12.141 Y13.152 E.00424
G1 X12.446 Y13.445 F9000
;TYPE:External perimeter
;WIDTH:0.419999
G1 F1800
G1 X12.449 Y13.439 E.00017
G1 X12.585 Y13.383 E.00377
G1 X64.619 Y13.383 E1.3349
G1 X64.756 Y13.439 E.0038
G1 X64.812 Y13.575 E.00377
G1 X64.812 Y115.61 E2.61765
G1 X64.756 Y115.746 E.00377
G1 X64.619 Y115.803 E.00381
G1 X12.585 Y115.803 E1.3349
G1 X12.449 Y115.746 E.00378
G1 X12.392 Y115.61 E.00378
G1 X12.392 Y13.575 E2.61765
G1 X12.423 Y13.5 E.00208
G1 X11.742 Y12.732 F9000
;TYPE:Perimeter
;WIDTH:0.507239
G1 F3600
G1 X12.18 Y12.711 E.01379
;WIDTH:0.465328
G1 X12.383 Y12.69 E.00585
;WIDTH:0.423417
G1 X12.585 Y12.669 E.00526
;WIDTH:0.381505
G1 X64.619 Y12.669 E1.20166
;WIDTH:0.423417
G1 X64.901 Y12.69 E.00732
;WIDTH:0.465328
G1 X65.182 Y12.711 E.00808
;WIDTH:0.507239
G1 X65.463 Y12.732 E.00886
G1 X65.463 Y12.968 E.00742
G1 X65.484 Y13.171 E.00642
;WIDTH:0.465328
G1 X65.505 Y13.373 E.00582
;WIDTH:0.423417
G1 X65.526 Y13.575 E.00526
;WIDTH:0.381505
G1 X65.526 Y115.704 E2.35854
;WIDTH:0.423417
G1 X65.505 Y115.954 E.00649
;WIDTH:0.465328
G1 X65.484 Y116.204 E.00719
;WIDTH:0.507239
G1 X65.463 Y116.453 E.00786
G1 X65.024 Y116.474 E.01383
;WIDTH:0.465328
G1 X64.822 Y116.495 E.00582
;WIDTH:0.423417
G1 X64.619 Y116.516 E.00528
;WIDTH:0.381505
G1 X12.585 Y116.516 E1.20166
;WIDTH:0.423417
G1 X12.304 Y116.495 E.00729
;WIDTH:0.465328
G1 X12.023 Y116.474 E.00808
;WIDTH:0.507239
G1 X11.742 Y116.453 E.00886
G1 X11.721 Y116.014 E.01383
;WIDTH:0.465328
G1 X11.7 Y115.812 E.00582
;WIDTH:0.423417
G1 X11.679 Y115.61 E.00526
;WIDTH:0.381505
G1 X11.679 Y13.575 E2.35637
;WIDTH:0.423417
G1 X11.7 Y13.294 E.00729
;WIDTH:0.465328
G1 X11.721 Y13.013 E.00808
;WIDTH:0.507239
G1 X11.737 Y12.792 E.00697
G1 X11.312 Y12.303 F9000
;TYPE:External perimeter
;WIDTH:0.419999
G1 F1800
G1 X65.892 Y12.303 E1.40022
G1 X65.892 Y116.883 E2.68294
G1 X11.312 Y116.883 E1.40022
G1 X11.312 Y12.363 E2.6814
;LAYER_CHANGE
;Z:17.16
;HEIGHT:0.16
;BEFORE_LAYER_CHANGE
G92 E0
;17.16


G1 E-3.5 F3600
;WIPE_START
G1 F7200
G1 X11.312 Y12.303 E-.0285
G1 X14.41 Y12.303 E-1.4715
;WIPE_END
G1 Z17.16 F9000
;AFTER_LAYER_CHANGE
;17.16
G1 X12.186 Y13.124
G1 E5 F2400
;TYPE:Perimeter
;WIDTH:0.507239
G1 F3600
G1 X12.292 Y13.096 E.00345
;WIDTH:0.465328
G1 X12.438 Y13.056 E.00434
;WIDTH:0.423417
G1 X12.585 Y13.016 E.00394
;WIDTH:0.381505
G1 X64.619 Y13.016 E1.20166
;WIDTH:0.423417
G1 X64.766 Y13.056 E.00394
;WIDTH:0.465328
G1 X64.913 Y13.096 E.00437
;WIDTH:0.507239
G1 X65.059 Y13.135 E.00475
G1 X65.099 Y13.282 E.00479
;WIDTH:0.465328
G1 X65.139 Y13.429 E.00437
;WIDTH:0.423417
G1 X65.179 Y13.575 E.00392
;WIDTH:0.381505
G1 X65.179 Y115.61 E2.35637
;WIDTH:0.423417
G1 X65.139 Y115.756 E.00392
;WIDTH:0.465328
G1 X65.099 Y115.903 E.00437
;WIDTH:0.507239
G1 X65.059 Y116.05 E.00479
G1 X64.913 Y116.089 E.00475
;WIDTH:0.465328
G1 X64.766 Y116.129 E.00437
;WIDTH:0.423417
G1 X64.619 Y116.169 E.00394
;WIDTH:0.381505
G1 X12.585 Y116.169 E1.20166
;WIDTH:0.423417
G1 X12.438 Y116.129 E.00394
;WIDTH:0.465328
G1 X12.292 Y116.089 E.00434
;WIDTH:0.507239
G1 X12.145 Y116.05 E.00478
G1 X12.105 Y115.903 E.00479
;WIDTH:0.465328
G1 X12.066 Y115.756 E.00436
;WIDTH:0.423417
G1 X12.026 Y115.61 E.00392
;WIDTH:0.381505
G1 X12.026 Y13.575 E2.35637
;WIDTH:0.423417
G1 X12.066 Y13.429 E.00392
;WIDTH:0.465328
G1 X12.105 Y13.282 E.00436
;WIDTH:0.507239
G1 X12.141 Y13.152 E.00424
G1 X12.446 Y13.445 F9000
;TYPE:External perimeter
;WIDTH:0.419999
G1 F1800
G1 X12.449 Y13.439 E.00017
G1 X12.585 Y13.383 E.00377
G1 X64.619 Y13.383 E1.3349
G1 X64.756 Y13.439 E.0038
G1 X64.812 Y13.575 E.00377
G1 X64.812 Y115.61 E2.61765
G1 X64.756 Y115.746 E.00377
G1 X64.619 Y115.803 E.00381
G1 X12.585 Y115.803 E1.3349
G1 X12.449 Y115.746 E.00378
G1 X12.392 Y115.61 E.00378
G1 X12.392 Y13.575 E2.61765
G1 X12.423 Y13.5 E.00208
G1 X11.742 Y12.732 F9000
;TYPE:Perimeter
;WIDTH:0.507239
G1 F3600
G1 X12.18 Y12.711 E.01379
;WIDTH:0.465328
G1 X12.383 Y12.69 E.00585
;WIDTH:0.423417
G1 X12.585 Y12.669 E.00526
;WIDTH:0.381505
G1 X64.619 Y12.669 E1.20166
;WIDTH:0.423417
G1 X64.901 Y12.69 E.00732
;WIDTH:0.465328
G1 X65.182 Y12.711 E.00808
;WIDTH:0.507239
G1 X65.463 Y12.732 E.00886
G1 X65.463 Y12.968 E.00742
G1 X65.484 Y13.171 E.00642
;WIDTH:0.465328
G1 X65.505 Y13.373 E.00582
;WIDTH:0.423417
G1 X65.526 Y13.575 E.00526
;WIDTH:0.381505
G1 X65.526 Y115.704 E2.35854
;WIDTH:0.423417
G1 X65.505 Y115.954 E.00649
;WIDTH:0.465328
G1 X65.484 Y116.204 E.00719
;WIDTH:0.507239
G1 X65.463 Y116.453 E.00786
G1 X65.024 Y116.474 E.01383
;WIDTH:0.465328
G1 X64.822 Y116.495 E.00582
;WIDTH:0.423417
G1 X64.619 Y116.516 E.00528
;WIDTH:0.381505
G1 X12.585 Y116.516 E1.20166
;WIDTH:0.423417
G1 X12.304 Y116.495 E.00729
;WIDTH:0.465328
G1 X12.023 Y116.474 E.00808
;WIDTH:0.507239
G1 X11.742 Y116.453 E.00886
G1 X11.721 Y116.014 E.01383
;WIDTH:0.465328
G1 X11.7 Y115.812 E.00582
;WIDTH:0.423417
G1 X11.679 Y115.61 E.00526
;WIDTH:0.381505
G1 X11.679 Y13.575 E2.35637
;WIDTH:0.423417
G1 X11.7 Y13.294 E.00729
;WIDTH:0.465328
G1 X11.721 Y13.013 E.00808
;WIDTH:0.507239
G1 X11.737 Y12.792 E.00697
G1 X11.312 Y12.303 F9000
;TYPE:External perimeter
;WIDTH:0.419999
G1 F1800
G1 X65.892 Y12.303 E1.40022
G1 X65.892 Y116.883 E2.68294
G1 X11.312 Y116.883 E1.40022
G1 X11.312 Y12.363 E2.6814
;LAYER_CHANGE
;Z:17.32
;HEIGHT:0.16
;BEFORE_LAYER_CHANGE
G92 E0
;17.32


G1 E-3.5 F3600
;WIPE_START
G1 F7200
G1 X11.312 Y12.303 E-.0285
G1 X14.41 Y12.303 E-1.4715
;WIPE_END
G1 Z17.32 F9000
;AFTER_LAYER_CHANGE
;17.32
G1 X12.186 Y13.124
G1 E5 F2400
;TYPE:Perimeter
;WIDTH:0.507239
G1 F3600
G1 X12.292 Y13.096 E.00345
;WIDTH:0.465328
G1 X12.438 Y13.056 E.00434
;WIDTH:0.423417
G1 X12.585 Y13.016 E.00394
;WIDTH:0.381505
G1 X64.619 Y13.016 E1.20166
;WIDTH:0.423417
G1 X64.766 Y13.056 E.00394
;WIDTH:0.465328
G1 X64.913 Y13.096 E.00437
;WIDTH:0.507239
G1 X65.059 Y13.135 E.00475
G1 X65.099 Y13.282 E.00479
;WIDTH:0.465328
G1 X65.139 Y13.429 E.00437
;WIDTH:0.423417
G1 X65.179 Y13.575 E.00392
;WIDTH:0.381505
G1 X65.179 Y115.61 E2.35637
;WIDTH:0.423417
G1 X65.139 Y115.756 E.00392
;WIDTH:0.465328
G1 X65.099 Y115.903 E.00437
;WIDTH:0.507239
G1 X65.059 Y116.05 E.00479
G1 X64.913 Y116.089 E.00475
;WIDTH:0.465328
G1 X64.766 Y116.129 E.00437
;WIDTH:0.423417
G1 X64.619 Y116.169 E.00394
;WIDTH:0.381505
G1 X12.585 Y116.169 E1.20166
;WIDTH:0.423417
G1 X12.438 Y116.129 E.00394
;WIDTH:0.465328
G1 X12.292 Y116.089 E.00434
;WIDTH:0.507239
G1 X12.145 Y116.05 E.00478
G1 X12.105 Y115.903 E.00479
;WIDTH:0.465328
G1 X12.066 Y115.756 E.00436
;WIDTH:0.423417
G1 X12.026 Y115.61 E.00392
;WIDTH:0.381505
G1 X12.026 Y13.575 E2.35637
;WIDTH:0.423417
G1 X12.066 Y13.429 E.00392
;WIDTH:0.465328
G1 X12.105 Y13.282 E.00436
;WIDTH:0.507239
G1 X12.141 Y13.152 E.00424
G1 X12.446 Y13.445 F9000
;TYPE:External perimeter
;WIDTH:0.419999
G1 F1800
G1 X12.449 Y13.439 E.00017
G1 X12.585 Y13.383 E.00377
G1 X64.619 Y13.383 E1.3349
G1 X64.756 Y13.439 E.0038
G1 X64.812 Y13.575 E.00377
G1 X64.812 Y115.61 E2.61765
G1 X64.756 Y115.746 E.00377
G1 X64.619 Y115.803 E.00381
G1 X12.585 Y115.803 E1.3349
G1 X12.449 Y115.746 E.00378
G1 X12.392 Y115.61 E.00378
G1 X12.392 Y13.575 E2.61765
G1 X12.423 Y13.5 E.00208
G1 X11.742 Y12.732 F9000
;TYPE:Perimeter
;WIDTH:0.507239
G1 F3600
G1 X12.18 Y12.711 E.01379
;WIDTH:0.465328
G1 X12.383 Y12.69 E.00585
;WIDTH:0.423417
G1 X12.585 Y12.669 E.00526
;WIDTH:0.381505
G1 X64.619 Y12.669 E1.20166
;WIDTH:0.423417
G1 X64.901 Y12.69 E.00732
;WIDTH:0.465328
G1 X65.182 Y12.711 E.00808
;WIDTH:0.507239
G1 X65.463 Y12.732 E.00886
G1 X65.463 Y12.968 E.00742
G1 X65.484 Y13.171 E.00642
;WIDTH:0.465328
G1 X65.505 Y13.373 E.00582
;WIDTH:0.423417
G1 X65.526 Y13.575 E.00526
;WIDTH:0.381505
G1 X65.526 Y115.704 E2.35854
;WIDTH:0.423417
G1 X65.505 Y115.954 E.00649
;WIDTH:0.465328
G1 X65.484 Y116.204 E.00719
;WIDTH:0.507239
G1 X65.463 Y116.453 E.00786
G1 X65.024 Y116.474 E.01383
;WIDTH:0.465328
G1 X64.822 Y116.495 E.00582
;WIDTH:0.423417
G1 X64.619 Y116.516 E.00528
;WIDTH:0.381505
G1 X12.585 Y116.516 E1.20166
;WIDTH:0.423417
G1 X12.304 Y116.495 E.00729
;WIDTH:0.465328
G1 X12.023 Y116.474 E.00808
;WIDTH:0.507239
G1 X11.742 Y116.453 E.00886
G1 X11.721 Y116.014 E.01383
;WIDTH:0.465328
G1 X11.7 Y115.812 E.00582
;WIDTH:0.423417
G1 X11.679 Y115.61 E.00526
;WIDTH:0.381505
G1 X11.679 Y13.575 E2.35637
;WIDTH:0.423417
G1 X11.7 Y13.294 E.00729
;WIDTH:0.465328
G1 X11.721 Y13.013 E.00808
;WIDTH:0.507239
G1 X11.737 Y12.792 E.00697
G1 X11.312 Y12.303 F9000
;TYPE:External perimeter
;WIDTH:0.419999
G1 F1800
G1 X65.892 Y12.303 E1.40022
G1 X65.892 Y116.883 E2.68294
G1 X11.312 Y116.883 E1.40022
G1 X11.312 Y12.363 E2.6814
;LAYER_CHANGE
;Z:17.48
;HEIGHT:0.16
;BEFORE_LAYER_CHANGE
G92 E0
;17.48


G1 E-3.5 F3600
;WIPE_START
G1 F7200
G1 X11.312 Y12.303 E-.0285
G1 X14.41 Y12.303 E-1.4715
;WIPE_END
G1 Z17.48 F9000
;AFTER_LAYER_CHANGE
;17.48
G1 X12.186 Y13.124
G1 E5 F2400
;TYPE:Perimeter
;WIDTH:0.507239
G1 F3600
G1 X12.292 Y13.096 E.00345
;WIDTH:0.465328
G1 X12.438 Y13.056 E.00434
;WIDTH:0.423417
G1 X12.585 Y13.016 E.00394
;WIDTH:0.381505
G1 X64.619 Y13.016 E1.20166
;WIDTH:0.423417
G1 X64.766 Y13.056 E.00394
;WIDTH:0.465328
G1 X64.913 Y13.096 E.00437
;WIDTH:0.507239
G1 X65.059 Y13.135 E.00475
G1 X65.099 Y13.282 E.00479
;WIDTH:0.465328
G1 X65.139 Y13.429 E.00437
;WIDTH:0.423417
G1 X65.179 Y13.575 E.00392
;WIDTH:0.381505
G1 X65.179 Y115.61 E2.35637
;WIDTH:0.423417
G1 X65.139 Y115.756 E.00392
;WIDTH:0.465328
G1 X65.099 Y115.903 E.00437
;WIDTH:0.507239
G1 X65.059 Y116.05 E.00479
G1 X64.913 Y116.089 E.00475
;WIDTH:0.465328
G1 X64.766 Y116.129 E.00437
;WIDTH:0.423417
G1 X64.619 Y116.169 E.00394
;WIDTH:0.381505
G1 X12.585 Y116.169 E1.20166
;WIDTH:0.423417
G1 X12.438 Y116.129 E.00394
;WIDTH:0.465328
G1 X12.292 Y116.089 E.00434
;WIDTH:0.507239
G1 X12.145 Y116.05 E.00478
G1 X12.105 Y115.903 E.00479
;WIDTH:0.465328
G1 X12.066 Y115.756 E.00436
;WIDTH:0.423417
G1 X12.026 Y115.61 E.00392
;WIDTH:0.381505
G1 X12.026 Y13.575 E2.35637
;WIDTH:0.423417
G1 X12.066 Y13.429 E.00392
;WIDTH:0.465328
G1 X12.105 Y13.282 E.00436
;WIDTH:0.507239
G1 X12.141 Y13.152 E.00424
G1 X12.446 Y13.445 F9000
;TYPE:External perimeter
;WIDTH:0.419999
G1 F1800
G1 X12.449 Y13.439 E.00017
G1 X12.585 Y13.383 E.00377
G1 X64.619 Y13.383 E1.3349
G1 X64.756 Y13.439 E.0038
G1 X64.812 Y13.575 E.00377
G1 X64.812 Y115.61 E2.61765
G1 X64.756 Y115.746 E.00377
G1 X64.619 Y115.803 E.00381
G1 X12.585 Y115.803 E1.3349
G1 X12.449 Y115.746 E.00378
G1 X12.392 Y115.61 E.00378
G1 X12.392 Y13.575 E2.61765
G1 X12.423 Y13.5 E.00208
G1 X11.742 Y12.732 F9000
;TYPE:Perimeter
;WIDTH:0.507239
G1 F3600
G1 X12.18 Y12.711 E.01379
;WIDTH:0.465328
G1 X12.383 Y12.69 E.00585
;WIDTH:0.423417
G1 X12.585 Y12.669 E.00526
;WIDTH:0.381505
G1 X64.619 Y12.669 E1.20166
;WIDTH:0.423417
G1 X64.901 Y12.69 E.00732
;WIDTH:0.465328
G1 X65.182 Y12.711 E.00808
;WIDTH:0.507239
G1 X65.463 Y12.732 E.00886
G1 X65.463 Y12.968 E.00742
G1 X65.484 Y13.171 E.00642
;WIDTH:0.465328
G1 X65.505 Y13.373 E.00582
;WIDTH:0.423417
G1 X65.526 Y13.575 E.00526
;WIDTH:0.381505
G1 X65.526 Y115.704 E2.35854
;WIDTH:0.423417
G1 X65.505 Y115.954 E.00649
;WIDTH:0.465328
G1 X65.484 Y116.204 E.00719
;WIDTH:0.507239
G1 X65.463 Y116.453 E.00786
G1 X65.024 Y116.474 E.01383
;WIDTH:0.465328
G1 X64.822 Y116.495 E.00582
;WIDTH:0.423417
G1 X64.619 Y116.516 E.00528
;WIDTH:0.381505
G1 X12.585 Y116.516 E1.20166
;WIDTH:0.423417
G1 X12.304 Y116.495 E.00729
;WIDTH:0.465328
G1 X12.023 Y116.474 E.00808
;WIDTH:0.507239
G1 X11.742 Y116.453 E.00886
G1 X11.721 Y116.014 E.01383
;WIDTH:0.465328
G1 X11.7 Y115.812 E.00582
;WIDTH:0.423417
G1 X11.679 Y115.61 E.00526
;WIDTH:0.381505
G1 X11.679 Y13.575 E2.35637
;WIDTH:0.423417
G1 X11.7 Y13.294 E.00729
;WIDTH:0.465328
G1 X11.721 Y13.013 E.00808
;WIDTH:0.507239
G1 X11.737 Y12.792 E.00697
G1 X11.312 Y12.303 F9000
;TYPE:External perimeter
;WIDTH:0.419999
G1 F1800
G1 X65.892 Y12.303 E1.40022
G1 X65.892 Y116.883 E2.68294
G1 X11.312 Y116.883 E1.40022
G1 X11.312 Y12.363 E2.6814
;LAYER_CHANGE
;Z:17.64
;HEIGHT:0.16
;BEFORE_LAYER_CHANGE
G92 E0
;17.64


G1 E-3.5 F3600
;WIPE_START
G1 F7200
G1 X11.312 Y12.303 E-.0285
G1 X14.41 Y12.303 E-1.4715
;WIPE_END
G1 Z17.64 F9000
;AFTER_LAYER_CHANGE
;17.64
G1 X12.186 Y13.124
G1 E5 F2400
;TYPE:Perimeter
;WIDTH:0.507239
G1 F3600
G1 X12.292 Y13.096 E.00345
;WIDTH:0.465328
G1 X12.438 Y13.056 E.00434
;WIDTH:0.423417
G1 X12.585 Y13.016 E.00394
;WIDTH:0.381505
G1 X64.619 Y13.016 E1.20166
;WIDTH:0.423417
G1 X64.766 Y13.056 E.00394
;WIDTH:0.465328
G1 X64.913 Y13.096 E.00437
;WIDTH:0.507239
G1 X65.059 Y13.135 E.00475
G1 X65.099 Y13.282 E.00479
;WIDTH:0.465328
G1 X65.139 Y13.429 E.00437
;WIDTH:0.423417
G1 X65.179 Y13.575 E.00392
;WIDTH:0.381505
G1 X65.179 Y115.61 E2.35637
;WIDTH:0.423417
G1 X65.139 Y115.756 E.00392
;WIDTH:0.465328
G1 X65.099 Y115.903 E.00437
;WIDTH:0.507239
G1 X65.059 Y116.05 E.00479
G1 X64.913 Y116.089 E.00475
;WIDTH:0.465328
G1 X64.766 Y116.129 E.00437
;WIDTH:0.423417
G1 X64.619 Y116.169 E.00394
;WIDTH:0.381505
G1 X12.585 Y116.169 E1.20166
;WIDTH:0.423417
G1 X12.438 Y116.129 E.00394
;WIDTH:0.465328
G1 X12.292 Y116.089 E.00434
;WIDTH:0.507239
G1 X12.145 Y116.05 E.00478
G1 X12.105 Y115.903 E.00479
;WIDTH:0.465328
G1 X12.066 Y115.756 E.00436
;WIDTH:0.423417
G1 X12.026 Y115.61 E.00392
;WIDTH:0.381505
G1 X12.026 Y13.575 E2.35637
;WIDTH:0.423417
G1 X12.066 Y13.429 E.00392
;WIDTH:0.465328
G1 X12.105 Y13.282 E.00436
;WIDTH:0.507239
G1 X12.141 Y13.152 E.00424
G1 X12.446 Y13.445 F9000
;TYPE:External perimeter
;WIDTH:0.419999
G1 F1800
G1 X12.449 Y13.439 E.00017
G1 X12.585 Y13.383 E.00377
G1 X64.619 Y13.383 E1.3349
G1 X64.756 Y13.439 E.0038
G1 X64.812 Y13.575 E.00377
G1 X64.812 Y115.61 E2.61765
G1 X64.756 Y115.746 E.00377
G1 X64.619 Y115.803 E.00381
G1 X12.585 Y115.803 E1.3349
G1 X12.449 Y115.746 E.00378
G1 X12.392 Y115.61 E.00378
G1 X12.392 Y13.575 E2.61765
G1 X12.423 Y13.5 E.00208
G1 X11.742 Y12.732 F9000
;TYPE:Perimeter
;WIDTH:0.507239
G1 F3600
G1 X12.18 Y12.711 E.01379
;WIDTH:0.465328
G1 X12.383 Y12.69 E.00585
;WIDTH:0.423417
G1 X12.585 Y12.669 E.00526
;WIDTH:0.381505
G1 X64.619 Y12.669 E1.20166
;WIDTH:0.423417
G1 X64.901 Y12.69 E.00732
;WIDTH:0.465328
G1 X65.182 Y12.711 E.00808
;WIDTH:0.507239
G1 X65.463 Y12.732 E.00886
G1 X65.463 Y12.968 E.00742
G1 X65.484 Y13.171 E.00642
;WIDTH:0.465328
G1 X65.505 Y13.373 E.00582
;WIDTH:0.423417
G1 X65.526 Y13.575 E.00526
;WIDTH:0.381505
G1 X65.526 Y115.704 E2.35854
;WIDTH:0.423417
G1 X65.505 Y115.954 E.00649
;WIDTH:0.465328
G1 X65.484 Y116.204 E.00719
;WIDTH:0.507239
G1 X65.463 Y116.453 E.00786
G1 X65.024 Y116.474 E.01383
;WIDTH:0.465328
G1 X64.822 Y116.495 E.00582
;WIDTH:0.423417
G1 X64.619 Y116.516 E.00528
;WIDTH:0.381505
G1 X12.585 Y116.516 E1.20166
;WIDTH:0.423417
G1 X12.304 Y116.495 E.00729
;WIDTH:0.465328
G1 X12.023 Y116.474 E.00808
;WIDTH:0.507239
G1 X11.742 Y116.453 E.00886
G1 X11.721 Y116.014 E.01383
;WIDTH:0.465328
G1 X11.7 Y115.812 E.00582
;WIDTH:0.423417
G1 X11.679 Y115.61 E.00526
;WIDTH:0.381505
G1 X11.679 Y13.575 E2.35637
;WIDTH:0.423417
G1 X11.7 Y13.294 E.00729
;WIDTH:0.465328
G1 X11.721 Y13.013 E.00808
;WIDTH:0.507239
G1 X11.737 Y12.792 E.00697
G1 X11.312 Y12.303 F9000
;TYPE:External perimeter
;WIDTH:0.419999
G1 F1800
G1 X65.892 Y12.303 E1.40022
G1 X65.892 Y116.883 E2.68294
G1 X11.312 Y116.883 E1.40022
G1 X11.312 Y12.363 E2.6814
;LAYER_CHANGE
;Z:17.8
;HEIGHT:0.16
;BEFORE_LAYER_CHANGE
G92 E0
;17.8


G1 E-3.5 F3600
;WIPE_START
G1 F7200
G1 X11.312 Y12.303 E-.0285
G1 X14.41 Y12.303 E-1.4715
;WIPE_END
G1 Z17.8 F9000
;AFTER_LAYER_CHANGE
;17.8
G1 X12.186 Y13.124
G1 E5 F2400
;TYPE:Perimeter
;WIDTH:0.507239
G1 F3600
G1 X12.292 Y13.096 E.00345
;WIDTH:0.465328
G1 X12.438 Y13.056 E.00434
;WIDTH:0.423417
G1 X12.585 Y13.016 E.00394
;WIDTH:0.381505
G1 X64.619 Y13.016 E1.20166
;WIDTH:0.423417
G1 X64.766 Y13.056 E.00394
;WIDTH:0.465328
G1 X64.913 Y13.096 E.00437
;WIDTH:0.507239
G1 X65.059 Y13.135 E.00475
G1 X65.099 Y13.282 E.00479
;WIDTH:0.465328
G1 X65.139 Y13.429 E.00437
;WIDTH:0.423417
G1 X65.179 Y13.575 E.00392
;WIDTH:0.381505
G1 X65.179 Y115.61 E2.35637
;WIDTH:0.423417
G1 X65.139 Y115.756 E.00392
;WIDTH:0.465328
G1 X65.099 Y115.903 E.00437
;WIDTH:0.507239
G1 X65.059 Y116.05 E.00479
G1 X64.913 Y116.089 E.00475
;WIDTH:0.465328
G1 X64.766 Y116.129 E.00437
;WIDTH:0.423417
G1 X64.619 Y116.169 E.00394
;WIDTH:0.381505
G1 X12.585 Y116.169 E1.20166
;WIDTH:0.423417
G1 X12.438 Y116.129 E.00394
;WIDTH:0.465328
G1 X12.292 Y116.089 E.00434
;WIDTH:0.507239
G1 X12.145 Y116.05 E.00478
G1 X12.105 Y115.903 E.00479
;WIDTH:0.465328
G1 X12.066 Y115.756 E.00436
;WIDTH:0.423417
G1 X12.026 Y115.61 E.00392
;WIDTH:0.381505
G1 X12.026 Y13.575 E2.35637
;WIDTH:0.423417
G1 X12.066 Y13.429 E.00392
;WIDTH:0.465328
G1 X12.105 Y13.282 E.00436
;WIDTH:0.507239
G1 X12.141 Y13.152 E.00424
G1 X12.446 Y13.445 F9000
;TYPE:External perimeter
;WIDTH:0.419999
G1 F1800
G1 X12.449 Y13.439 E.00017
G1 X12.585 Y13.383 E.00377
G1 X64.619 Y13.383 E1.3349
G1 X64.756 Y13.439 E.0038
G1 X64.812 Y13.575 E.00377
G1 X64.812 Y115.61 E2.61765
G1 X64.756 Y115.746 E.00377
G1 X64.619 Y115.803 E.00381
G1 X12.585 Y115.803 E1.3349
G1 X12.449 Y115.746 E.00378
G1 X12.392 Y115.61 E.00378
G1 X12.392 Y13.575 E2.61765
G1 X12.423 Y13.5 E.00208
G1 X11.742 Y12.732 F9000
;TYPE:Perimeter
;WIDTH:0.507239
G1 F3600
G1 X12.18 Y12.711 E.01379
;WIDTH:0.465328
G1 X12.383 Y12.69 E.00585
;WIDTH:0.423417
G1 X12.585 Y12.669 E.00526
;WIDTH:0.381505
G1 X64.619 Y12.669 E1.20166
;WIDTH:0.423417
G1 X64.901 Y12.69 E.00732
;WIDTH:0.465328
G1 X65.182 Y12.711 E.00808
;WIDTH:0.507239
G1 X65.463 Y12.732 E.00886
G1 X65.463 Y12.968 E.00742
G1 X65.484 Y13.171 E.00642
;WIDTH:0.465328
G1 X65.505 Y13.373 E.00582
;WIDTH:0.423417
G1 X65.526 Y13.575 E.00526
;WIDTH:0.381505
G1 X65.526 Y115.704 E2.35854
;WIDTH:0.423417
G1 X65.505 Y115.954 E.00649
;WIDTH:0.465328
G1 X65.484 Y116.204 E.00719
;WIDTH:0.507239
G1 X65.463 Y116.453 E.00786
G1 X65.024 Y116.474 E.01383
;WIDTH:0.465328
G1 X64.822 Y116.495 E.00582
;WIDTH:0.423417
G1 X64.619 Y116.516 E.00528
;WIDTH:0.381505
G1 X12.585 Y116.516 E1.20166
;WIDTH:0.423417
G1 X12.304 Y116.495 E.00729
;WIDTH:0.465328
G1 X12.023 Y116.474 E.00808
;WIDTH:0.507239
G1 X11.742 Y116.453 E.00886
G1 X11.721 Y116.014 E.01383
;WIDTH:0.465328
G1 X11.7 Y115.812 E.00582
;WIDTH:0.423417
G1 X11.679 Y115.61 E.00526
;WIDTH:0.381505
G1 X11.679 Y13.575 E2.35637
;WIDTH:0.423417
G1 X11.7 Y13.294 E.00729
;WIDTH:0.465328
G1 X11.721 Y13.013 E.00808
;WIDTH:0.507239
G1 X11.737 Y12.792 E.00697
G1 X11.312 Y12.303 F9000
;TYPE:External perimeter
;WIDTH:0.419999
G1 F1800
G1 X65.892 Y12.303 E1.40022
G1 X65.892 Y116.883 E2.68294
G1 X11.312 Y116.883 E1.40022
G1 X11.312 Y12.363 E2.6814
;LAYER_CHANGE
;Z:17.96
;HEIGHT:0.16
;BEFORE_LAYER_CHANGE
G92 E0
;17.96


G1 E-3.5 F3600
;WIPE_START
G1 F7200
G1 X11.312 Y12.303 E-.0285
G1 X14.41 Y12.303 E-1.4715
;WIPE_END
G1 Z17.96 F9000
;AFTER_LAYER_CHANGE
;17.96
G1 X12.186 Y13.124
G1 E5 F2400
;TYPE:Perimeter
;WIDTH:0.507239
G1 F3600
G1 X12.292 Y13.096 E.00345
;WIDTH:0.465328
G1 X12.438 Y13.056 E.00434
;WIDTH:0.423417
G1 X12.585 Y13.016 E.00394
;WIDTH:0.381505
G1 X64.619 Y13.016 E1.20166
;WIDTH:0.423417
G1 X64.766 Y13.056 E.00394
;WIDTH:0.465328
G1 X64.913 Y13.096 E.00437
;WIDTH:0.507239
G1 X65.059 Y13.135 E.00475
G1 X65.099 Y13.282 E.00479
;WIDTH:0.465328
G1 X65.139 Y13.429 E.00437
;WIDTH:0.423417
G1 X65.179 Y13.575 E.00392
;WIDTH:0.381505
G1 X65.179 Y115.61 E2.35637
;WIDTH:0.423417
G1 X65.139 Y115.756 E.00392
;WIDTH:0.465328
G1 X65.099 Y115.903 E.00437
;WIDTH:0.507239
G1 X65.059 Y116.05 E.00479
G1 X64.913 Y116.089 E.00475
;WIDTH:0.465328
G1 X64.766 Y116.129 E.00437
;WIDTH:0.423417
G1 X64.619 Y116.169 E.00394
;WIDTH:0.381505
G1 X12.585 Y116.169 E1.20166
;WIDTH:0.423417
G1 X12.438 Y116.129 E.00394
;WIDTH:0.465328
G1 X12.292 Y116.089 E.00434
;WIDTH:0.507239
G1 X12.145 Y116.05 E.00478
G1 X12.105 Y115.903 E.00479
;WIDTH:0.465328
G1 X12.066 Y115.756 E.00436
;WIDTH:0.423417
G1 X12.026 Y115.61 E.00392
;WIDTH:0.381505
G1 X12.026 Y13.575 E2.35637
;WIDTH:0.423417
G1 X12.066 Y13.429 E.00392
;WIDTH:0.465328
G1 X12.105 Y13.282 E.00436
;WIDTH:0.507239
G1 X12.141 Y13.152 E.00424
G1 X12.446 Y13.445 F9000
;TYPE:External perimeter
;WIDTH:0.419999
G1 F1800
G1 X12.449 Y13.439 E.00017
G1 X12.585 Y13.383 E.00377
G1 X64.619 Y13.383 E1.3349
G1 X64.756 Y13.439 E.0038
G1 X64.812 Y13.575 E.00377
G1 X64.812 Y115.61 E2.61765
G1 X64.756 Y115.746 E.00377
G1 X64.619 Y115.803 E.00381
G1 X12.585 Y115.803 E1.3349
G1 X12.449 Y115.746 E.00378
G1 X12.392 Y115.61 E.00378
G1 X12.392 Y13.575 E2.61765
G1 X12.423 Y13.5 E.00208
G1 X11.742 Y12.732 F9000
;TYPE:Perimeter
;WIDTH:0.507239
G1 F3600
G1 X12.18 Y12.711 E.01379
;WIDTH:0.465328
G1 X12.383 Y12.69 E.00585
;WIDTH:0.423417
G1 X12.585 Y12.669 E.00526
;WIDTH:0.381505
G1 X64.619 Y12.669 E1.20166
;WIDTH:0.423417
G1 X64.901 Y12.69 E.00732
;WIDTH:0.465328
G1 X65.182 Y12.711 E.00808
;WIDTH:0.507239
G1 X65.463 Y12.732 E.00886
G1 X65.463 Y12.968 E.00742
G1 X65.484 Y13.171 E.00642
;WIDTH:0.465328
G1 X65.505 Y13.373 E.00582
;WIDTH:0.423417
G1 X65.526 Y13.575 E.00526
;WIDTH:0.381505
G1 X65.526 Y115.704 E2.35854
;WIDTH:0.423417
G1 X65.505 Y115.954 E.00649
;WIDTH:0.465328
G1 X65.484 Y116.204 E.00719
;WIDTH:0.507239
G1 X65.463 Y116.453 E.00786
G1 X65.024 Y116.474 E.01383
;WIDTH:0.465328
G1 X64.822 Y116.495 E.00582
;WIDTH:0.423417
G1 X64.619 Y116.516 E.00528
;WIDTH:0.381505
G1 X12.585 Y116.516 E1.20166
;WIDTH:0.423417
G1 X12.304 Y116.495 E.00729
;WIDTH:0.465328
G1 X12.023 Y116.474 E.00808
;WIDTH:0.507239
G1 X11.742 Y116.453 E.00886
G1 X11.721 Y116.014 E.01383
;WIDTH:0.465328
G1 X11.7 Y115.812 E.00582
;WIDTH:0.423417
G1 X11.679 Y115.61 E.00526
;WIDTH:0.381505
G1 X11.679 Y13.575 E2.35637
;WIDTH:0.423417
G1 X11.7 Y13.294 E.00729
;WIDTH:0.465328
G1 X11.721 Y13.013 E.00808
;WIDTH:0.507239
G1 X11.737 Y12.792 E.00697
G1 X11.312 Y12.303 F9000
;TYPE:External perimeter
;WIDTH:0.419999
G1 F1800
G1 X65.892 Y12.303 E1.40022
G1 X65.892 Y116.883 E2.68294
G1 X11.312 Y116.883 E1.40022
G1 X11.312 Y12.363 E2.6814
;LAYER_CHANGE
;Z:18.12
;HEIGHT:0.160002
;BEFORE_LAYER_CHANGE
G92 E0
;18.12


G1 E-3.5 F3600
;WIPE_START
G1 F7200
G1 X11.312 Y12.303 E-.0285
G1 X14.41 Y12.303 E-1.4715
;WIPE_END
G1 Z18.12 F9000
;AFTER_LAYER_CHANGE
;18.12
G1 X12.134 Y13.177
G1 E5 F2400
;TYPE:Perimeter
;WIDTH:0.507239
G1 F3600
G1 X12.145 Y13.135 E.00137
G1 X12.292 Y13.096 E.00478
;WIDTH:0.465328
G1 X12.438 Y13.056 E.00434
;WIDTH:0.423417
G1 X12.585 Y13.016 E.00394
;WIDTH:0.381505
G1 X64.619 Y13.016 E1.20166
;WIDTH:0.423417
G1 X64.766 Y13.056 E.00394
;WIDTH:0.465328
G1 X64.913 Y13.096 E.00437
;WIDTH:0.507239
G1 X65.059 Y13.135 E.00475
G1 X65.099 Y13.282 E.00479
;WIDTH:0.465328
G1 X65.139 Y13.429 E.00437
;WIDTH:0.423417
G1 X65.179 Y13.575 E.00392
;WIDTH:0.381505
G1 X65.179 Y115.61 E2.35637
;WIDTH:0.423417
G1 X65.139 Y115.756 E.00392
;WIDTH:0.465328
G1 X65.099 Y115.903 E.00437
;WIDTH:0.507239
G1 X65.059 Y116.05 E.00479
G1 X64.913 Y116.089 E.00475
;WIDTH:0.465328
G1 X64.766 Y116.129 E.00437
;WIDTH:0.423417
G1 X64.619 Y116.169 E.00394
;WIDTH:0.381505
G1 X12.585 Y116.169 E1.20166
;WIDTH:0.423417
G1 X12.438 Y116.129 E.00394
;WIDTH:0.465328
G1 X12.292 Y116.089 E.00434
;WIDTH:0.507239
G1 X12.145 Y116.05 E.00478
G1 X12.105 Y115.903 E.00479
;WIDTH:0.465328
G1 X12.066 Y115.756 E.00436
;WIDTH:0.423417
G1 X12.026 Y115.61 E.00392
;WIDTH:0.381505
G1 X12.026 Y13.575 E2.35637
;WIDTH:0.423417
G1 X12.066 Y13.429 E.00392
;WIDTH:0.465328
G1 X12.105 Y13.282 E.00436
;WIDTH:0.507239
G1 X12.118 Y13.234 E.00156
G1 X12.446 Y13.445 F9000
;TYPE:External perimeter
;WIDTH:0.419999
G1 F1800
G1 X12.449 Y13.439 E.00017
G1 X12.585 Y13.383 E.00377
G1 X64.619 Y13.383 E1.3349
G1 X64.756 Y13.439 E.0038
G1 X64.812 Y13.575 E.00377
G1 X64.812 Y115.61 E2.61765
G1 X64.756 Y115.746 E.00377
G1 X64.619 Y115.803 E.00381
G1 X12.585 Y115.803 E1.3349
G1 X12.449 Y115.746 E.00378
G1 X12.392 Y115.61 E.00378
G1 X12.392 Y13.575 E2.61765
G1 X12.423 Y13.5 E.00208
G1 X11.742 Y12.732 F9000
;TYPE:Perimeter
;WIDTH:0.507239
G1 F3600
G1 X12.18 Y12.711 E.01379
;WIDTH:0.465328
G1 X12.383 Y12.69 E.00585
;WIDTH:0.423417
G1 X12.585 Y12.669 E.00526
;WIDTH:0.381505
G1 X64.619 Y12.669 E1.20166
;WIDTH:0.423417
G1 X64.901 Y12.69 E.00732
;WIDTH:0.465328
G1 X65.182 Y12.711 E.00808
;WIDTH:0.507239
G1 X65.463 Y12.732 E.00886
G1 X65.463 Y12.968 E.00742
G1 X65.484 Y13.171 E.00642
;WIDTH:0.465328
G1 X65.505 Y13.373 E.00582
;WIDTH:0.423417
G1 X65.526 Y13.575 E.00526
;WIDTH:0.381505
G1 X65.526 Y115.704 E2.35854
;WIDTH:0.423417
G1 X65.505 Y115.954 E.00649
;WIDTH:0.465328
G1 X65.484 Y116.204 E.00719
;WIDTH:0.507239
G1 X65.463 Y116.453 E.00786
G1 X65.024 Y116.474 E.01383
;WIDTH:0.465328
G1 X64.822 Y116.495 E.00582
;WIDTH:0.423417
G1 X64.619 Y116.516 E.00528
;WIDTH:0.381505
G1 X12.585 Y116.516 E1.20166
;WIDTH:0.423417
G1 X12.304 Y116.495 E.00729
;WIDTH:0.465328
G1 X12.023 Y116.474 E.00808
;WIDTH:0.507239
G1 X11.742 Y116.453 E.00886
G1 X11.721 Y116.014 E.01383
;WIDTH:0.465328
G1 X11.7 Y115.812 E.00582
;WIDTH:0.423417
G1 X11.679 Y115.61 E.00526
;WIDTH:0.381505
G1 X11.679 Y13.575 E2.35637
;WIDTH:0.423417
G1 X11.7 Y13.294 E.00729
;WIDTH:0.465328
G1 X11.721 Y13.013 E.00808
;WIDTH:0.507239
G1 X11.737 Y12.792 E.00697
G1 X11.312 Y12.303 F9000
;TYPE:External perimeter
;WIDTH:0.419999
G1 F1800
G1 X65.892 Y12.303 E1.40022
G1 X65.892 Y116.883 E2.68294
G1 X11.312 Y116.883 E1.40022
G1 X11.312 Y12.363 E2.6814
;LAYER_CHANGE
;Z:18.28
;HEIGHT:0.16
;BEFORE_LAYER_CHANGE
G92 E0
;18.28


G1 E-3.5 F3600
;WIPE_START
G1 F7200
G1 X11.312 Y12.303 E-.0285
G1 X14.41 Y12.303 E-1.4715
;WIPE_END
G1 Z18.28 F9000
;AFTER_LAYER_CHANGE
;18.28
G1 X12.186 Y13.124
G1 E5 F2400
;TYPE:Perimeter
;WIDTH:0.507239
G1 F3600
G1 X12.292 Y13.096 E.00345
;WIDTH:0.465328
G1 X12.438 Y13.056 E.00434
;WIDTH:0.423417
G1 X12.585 Y13.016 E.00394
;WIDTH:0.381505
G1 X64.619 Y13.016 E1.20166
;WIDTH:0.423417
G1 X64.766 Y13.056 E.00394
;WIDTH:0.465328
G1 X64.913 Y13.096 E.00437
;WIDTH:0.507239
G1 X65.059 Y13.135 E.00475
G1 X65.099 Y13.282 E.00479
;WIDTH:0.465328
G1 X65.139 Y13.429 E.00437
;WIDTH:0.423417
G1 X65.179 Y13.575 E.00392
;WIDTH:0.381505
G1 X65.179 Y115.61 E2.35637
;WIDTH:0.423417
G1 X65.139 Y115.756 E.00392
;WIDTH:0.465328
G1 X65.099 Y115.903 E.00437
;WIDTH:0.507239
G1 X65.059 Y116.05 E.00479
G1 X64.913 Y116.089 E.00475
;WIDTH:0.465328
G1 X64.766 Y116.129 E.00437
;WIDTH:0.423417
G1 X64.619 Y116.169 E.00394
;WIDTH:0.381505
G1 X12.585 Y116.169 E1.20166
;WIDTH:0.423417
G1 X12.438 Y116.129 E.00394
;WIDTH:0.465328
G1 X12.292 Y116.089 E.00434
;WIDTH:0.507239
G1 X12.145 Y116.05 E.00478
G1 X12.105 Y115.903 E.00479
;WIDTH:0.465328
G1 X12.066 Y115.756 E.00436
;WIDTH:0.423417
G1 X12.026 Y115.61 E.00392
;WIDTH:0.381505
G1 X12.026 Y13.575 E2.35637
;WIDTH:0.423417
G1 X12.066 Y13.429 E.00392
;WIDTH:0.465328
G1 X12.105 Y13.282 E.00436
;WIDTH:0.507239
G1 X12.141 Y13.152 E.00424
G1 X12.446 Y13.445 F9000
;TYPE:External perimeter
;WIDTH:0.419999
G1 F1800
G1 X12.449 Y13.439 E.00017
G1 X12.585 Y13.383 E.00377
G1 X64.619 Y13.383 E1.3349
G1 X64.756 Y13.439 E.0038
G1 X64.812 Y13.575 E.00377
G1 X64.812 Y115.61 E2.61765
G1 X64.756 Y115.746 E.00377
G1 X64.619 Y115.803 E.00381
G1 X12.585 Y115.803 E1.3349
G1 X12.449 Y115.746 E.00378
G1 X12.392 Y115.61 E.00378
G1 X12.392 Y13.575 E2.61765
G1 X12.423 Y13.5 E.00208
G1 X11.742 Y12.732 F9000
;TYPE:Perimeter
;WIDTH:0.507239
G1 F3600
G1 X12.18 Y12.711 E.01379
;WIDTH:0.465328
G1 X12.383 Y12.69 E.00585
;WIDTH:0.423417
G1 X12.585 Y12.669 E.00526
;WIDTH:0.381505
G1 X64.619 Y12.669 E1.20166
;WIDTH:0.423417
G1 X64.901 Y12.69 E.00732
;WIDTH:0.465328
G1 X65.182 Y12.711 E.00808
;WIDTH:0.507239
G1 X65.463 Y12.732 E.00886
G1 X65.463 Y12.968 E.00742
G1 X65.484 Y13.171 E.00642
;WIDTH:0.465328
G1 X65.505 Y13.373 E.00582
;WIDTH:0.423417
G1 X65.526 Y13.575 E.00526
;WIDTH:0.381505
G1 X65.526 Y115.704 E2.35854
;WIDTH:0.423417
G1 X65.505 Y115.954 E.00649
;WIDTH:0.465328
G1 X65.484 Y116.204 E.00719
;WIDTH:0.507239
G1 X65.463 Y116.453 E.00786
G1 X65.024 Y116.474 E.01383
;WIDTH:0.465328
G1 X64.822 Y116.495 E.00582
;WIDTH:0.423417
G1 X64.619 Y116.516 E.00528
;WIDTH:0.381505
G1 X12.585 Y116.516 E1.20166
;WIDTH:0.423417
G1 X12.304 Y116.495 E.00729
;WIDTH:0.465328
G1 X12.023 Y116.474 E.00808
;WIDTH:0.507239
G1 X11.742 Y116.453 E.00886
G1 X11.721 Y116.014 E.01383
;WIDTH:0.465328
G1 X11.7 Y115.812 E.00582
;WIDTH:0.423417
G1 X11.679 Y115.61 E.00526
;WIDTH:0.381505
G1 X11.679 Y13.575 E2.35637
;WIDTH:0.423417
G1 X11.7 Y13.294 E.00729
;WIDTH:0.465328
G1 X11.721 Y13.013 E.00808
;WIDTH:0.507239
G1 X11.737 Y12.792 E.00697
G1 X11.312 Y12.303 F9000
;TYPE:External perimeter
;WIDTH:0.419999
G1 F1800
G1 X65.892 Y12.303 E1.40022
G1 X65.892 Y116.883 E2.68294
G1 X11.312 Y116.883 E1.40022
G1 X11.312 Y12.363 E2.6814
;LAYER_CHANGE
;Z:18.44
;HEIGHT:0.16
;BEFORE_LAYER_CHANGE
G92 E0
;18.44


G1 E-3.5 F3600
;WIPE_START
G1 F7200
G1 X11.312 Y12.303 E-.0285
G1 X14.41 Y12.303 E-1.4715
;WIPE_END
G1 Z18.44 F9000
;AFTER_LAYER_CHANGE
;18.44
G1 X12.186 Y13.124
G1 E5 F2400
;TYPE:Perimeter
;WIDTH:0.507239
G1 F3600
G1 X12.292 Y13.096 E.00345
;WIDTH:0.465328
G1 X12.438 Y13.056 E.00434
;WIDTH:0.423417
G1 X12.585 Y13.016 E.00394
;WIDTH:0.381505
G1 X64.619 Y13.016 E1.20166
;WIDTH:0.423417
G1 X64.766 Y13.056 E.00394
;WIDTH:0.465328
G1 X64.913 Y13.096 E.00437
;WIDTH:0.507239
G1 X65.059 Y13.135 E.00475
G1 X65.099 Y13.282 E.00479
;WIDTH:0.465328
G1 X65.139 Y13.429 E.00437
;WIDTH:0.423417
G1 X65.179 Y13.575 E.00392
;WIDTH:0.381505
G1 X65.179 Y115.61 E2.35637
;WIDTH:0.423417
G1 X65.139 Y115.756 E.00392
;WIDTH:0.465328
G1 X65.099 Y115.903 E.00437
;WIDTH:0.507239
G1 X65.059 Y116.05 E.00479
G1 X64.913 Y116.089 E.00475
;WIDTH:0.465328
G1 X64.766 Y116.129 E.00437
;WIDTH:0.423417
G1 X64.619 Y116.169 E.00394
;WIDTH:0.381505
G1 X12.585 Y116.169 E1.20166
;WIDTH:0.423417
G1 X12.438 Y116.129 E.00394
;WIDTH:0.465328
G1 X12.292 Y116.089 E.00434
;WIDTH:0.507239
G1 X12.145 Y116.05 E.00478
G1 X12.105 Y115.903 E.00479
;WIDTH:0.465328
G1 X12.066 Y115.756 E.00436
;WIDTH:0.423417
G1 X12.026 Y115.61 E.00392
;WIDTH:0.381505
G1 X12.026 Y13.575 E2.35637
;WIDTH:0.423417
G1 X12.066 Y13.429 E.00392
;WIDTH:0.465328
G1 X12.105 Y13.282 E.00436
;WIDTH:0.507239
G1 X12.141 Y13.152 E.00424
G1 X12.446 Y13.445 F9000
;TYPE:External perimeter
;WIDTH:0.419999
G1 F1800
G1 X12.449 Y13.439 E.00017
G1 X12.585 Y13.383 E.00377
G1 X64.619 Y13.383 E1.3349
G1 X64.756 Y13.439 E.0038
G1 X64.812 Y13.575 E.00377
G1 X64.812 Y115.61 E2.61765
G1 X64.756 Y115.746 E.00377
G1 X64.619 Y115.803 E.00381
G1 X12.585 Y115.803 E1.3349
G1 X12.449 Y115.746 E.00378
G1 X12.392 Y115.61 E.00378
G1 X12.392 Y13.575 E2.61765
G1 X12.423 Y13.5 E.00208
G1 X11.742 Y12.732 F9000
;TYPE:Perimeter
;WIDTH:0.507239
G1 F3600
G1 X12.18 Y12.711 E.01379
;WIDTH:0.465328
G1 X12.383 Y12.69 E.00585
;WIDTH:0.423417
G1 X12.585 Y12.669 E.00526
;WIDTH:0.381505
G1 X64.619 Y12.669 E1.20166
;WIDTH:0.423417
G1 X64.901 Y12.69 E.00732
;WIDTH:0.465328
G1 X65.182 Y12.711 E.00808
;WIDTH:0.507239
G1 X65.463 Y12.732 E.00886
G1 X65.463 Y12.968 E.00742
G1 X65.484 Y13.171 E.00642
;WIDTH:0.465328
G1 X65.505 Y13.373 E.00582
;WIDTH:0.423417
G1 X65.526 Y13.575 E.00526
;WIDTH:0.381505
G1 X65.526 Y115.704 E2.35854
;WIDTH:0.423417
G1 X65.505 Y115.954 E.00649
;WIDTH:0.465328
G1 X65.484 Y116.204 E.00719
;WIDTH:0.507239
G1 X65.463 Y116.453 E.00786
G1 X65.024 Y116.474 E.01383
;WIDTH:0.465328
G1 X64.822 Y116.495 E.00582
;WIDTH:0.423417
G1 X64.619 Y116.516 E.00528
;WIDTH:0.381505
G1 X12.585 Y116.516 E1.20166
;WIDTH:0.423417
G1 X12.304 Y116.495 E.00729
;WIDTH:0.465328
G1 X12.023 Y116.474 E.00808
;WIDTH:0.507239
G1 X11.742 Y116.453 E.00886
G1 X11.721 Y116.014 E.01383
;WIDTH:0.465328
G1 X11.7 Y115.812 E.00582
;WIDTH:0.423417
G1 X11.679 Y115.61 E.00526
;WIDTH:0.381505
G1 X11.679 Y13.575 E2.35637
;WIDTH:0.423417
G1 X11.7 Y13.294 E.00729
;WIDTH:0.465328
G1 X11.721 Y13.013 E.00808
;WIDTH:0.507239
G1 X11.737 Y12.792 E.00697
G1 X11.312 Y12.303 F9000
;TYPE:External perimeter
;WIDTH:0.419999
G1 F1800
G1 X65.892 Y12.303 E1.40022
G1 X65.892 Y116.883 E2.68294
G1 X11.312 Y116.883 E1.40022
G1 X11.312 Y12.363 E2.6814
;LAYER_CHANGE
;Z:18.6
;HEIGHT:0.16
;BEFORE_LAYER_CHANGE
G92 E0
;18.6


G1 E-3.5 F3600
;WIPE_START
G1 F7200
G1 X11.312 Y12.303 E-.0285
G1 X14.41 Y12.303 E-1.4715
;WIPE_END
G1 Z18.6 F9000
;AFTER_LAYER_CHANGE
;18.6
G1 X12.186 Y13.124
G1 E5 F2400
;TYPE:Perimeter
;WIDTH:0.507239
G1 F3600
G1 X12.292 Y13.096 E.00345
;WIDTH:0.465328
G1 X12.438 Y13.056 E.00434
;WIDTH:0.423417
G1 X12.585 Y13.016 E.00394
;WIDTH:0.381505
G1 X64.619 Y13.016 E1.20166
;WIDTH:0.423417
G1 X64.766 Y13.056 E.00394
;WIDTH:0.465328
G1 X64.913 Y13.096 E.00437
;WIDTH:0.507239
G1 X65.059 Y13.135 E.00475
G1 X65.099 Y13.282 E.00479
;WIDTH:0.465328
G1 X65.139 Y13.429 E.00437
;WIDTH:0.423417
G1 X65.179 Y13.575 E.00392
;WIDTH:0.381505
G1 X65.179 Y115.61 E2.35637
;WIDTH:0.423417
G1 X65.139 Y115.756 E.00392
;WIDTH:0.465328
G1 X65.099 Y115.903 E.00437
;WIDTH:0.507239
G1 X65.059 Y116.05 E.00479
G1 X64.913 Y116.089 E.00475
;WIDTH:0.465328
G1 X64.766 Y116.129 E.00437
;WIDTH:0.423417
G1 X64.619 Y116.169 E.00394
;WIDTH:0.381505
G1 X12.585 Y116.169 E1.20166
;WIDTH:0.423417
G1 X12.438 Y116.129 E.00394
;WIDTH:0.465328
G1 X12.292 Y116.089 E.00434
;WIDTH:0.507239
G1 X12.145 Y116.05 E.00478
G1 X12.105 Y115.903 E.00479
;WIDTH:0.465328
G1 X12.066 Y115.756 E.00436
;WIDTH:0.423417
G1 X12.026 Y115.61 E.00392
;WIDTH:0.381505
G1 X12.026 Y13.575 E2.35637
;WIDTH:0.423417
G1 X12.066 Y13.429 E.00392
;WIDTH:0.465328
G1 X12.105 Y13.282 E.00436
;WIDTH:0.507239
G1 X12.141 Y13.152 E.00424
G1 X12.446 Y13.445 F9000
;TYPE:External perimeter
;WIDTH:0.419999
G1 F1800
G1 X12.449 Y13.439 E.00017
G1 X12.585 Y13.383 E.00377
G1 X64.619 Y13.383 E1.3349
G1 X64.756 Y13.439 E.0038
G1 X64.812 Y13.575 E.00377
G1 X64.812 Y115.61 E2.61765
G1 X64.756 Y115.746 E.00377
G1 X64.619 Y115.803 E.00381
G1 X12.585 Y115.803 E1.3349
G1 X12.449 Y115.746 E.00378
G1 X12.392 Y115.61 E.00378
G1 X12.392 Y13.575 E2.61765
G1 X12.423 Y13.5 E.00208
G1 X11.742 Y12.732 F9000
;TYPE:Perimeter
;WIDTH:0.507239
G1 F3600
G1 X12.18 Y12.711 E.01379
;WIDTH:0.465328
G1 X12.383 Y12.69 E.00585
;WIDTH:0.423417
G1 X12.585 Y12.669 E.00526
;WIDTH:0.381505
G1 X64.619 Y12.669 E1.20166
;WIDTH:0.423417
G1 X64.901 Y12.69 E.00732
;WIDTH:0.465328
G1 X65.182 Y12.711 E.00808
;WIDTH:0.507239
G1 X65.463 Y12.732 E.00886
G1 X65.463 Y12.968 E.00742
G1 X65.484 Y13.171 E.00642
;WIDTH:0.465328
G1 X65.505 Y13.373 E.00582
;WIDTH:0.423417
G1 X65.526 Y13.575 E.00526
;WIDTH:0.381505
G1 X65.526 Y115.704 E2.35854
;WIDTH:0.423417
G1 X65.505 Y115.954 E.00649
;WIDTH:0.465328
G1 X65.484 Y116.204 E.00719
;WIDTH:0.507239
G1 X65.463 Y116.453 E.00786
G1 X65.024 Y116.474 E.01383
;WIDTH:0.465328
G1 X64.822 Y116.495 E.00582
;WIDTH:0.423417
G1 X64.619 Y116.516 E.00528
;WIDTH:0.381505
G1 X12.585 Y116.516 E1.20166
;WIDTH:0.423417
G1 X12.304 Y116.495 E.00729
;WIDTH:0.465328
G1 X12.023 Y116.474 E.00808
;WIDTH:0.507239
G1 X11.742 Y116.453 E.00886
G1 X11.721 Y116.014 E.01383
;WIDTH:0.465328
G1 X11.7 Y115.812 E.00582
;WIDTH:0.423417
G1 X11.679 Y115.61 E.00526
;WIDTH:0.381505
G1 X11.679 Y13.575 E2.35637
;WIDTH:0.423417
G1 X11.7 Y13.294 E.00729
;WIDTH:0.465328
G1 X11.721 Y13.013 E.00808
;WIDTH:0.507239
G1 X11.737 Y12.792 E.00697
G1 X11.312 Y12.303 F9000
;TYPE:External perimeter
;WIDTH:0.419999
G1 F1800
G1 X65.892 Y12.303 E1.40022
G1 X65.892 Y116.883 E2.68294
G1 X11.312 Y116.883 E1.40022
G1 X11.312 Y12.363 E2.6814
;LAYER_CHANGE
;Z:18.76
;HEIGHT:0.16
;BEFORE_LAYER_CHANGE
G92 E0
;18.76


G1 E-3.5 F3600
;WIPE_START
G1 F7200
G1 X11.312 Y12.303 E-.0285
G1 X14.41 Y12.303 E-1.4715
;WIPE_END
G1 Z18.76 F9000
;AFTER_LAYER_CHANGE
;18.76
G1 X12.186 Y13.124
G1 E5 F2400
;TYPE:Perimeter
;WIDTH:0.507239
G1 F3600
G1 X12.292 Y13.096 E.00345
;WIDTH:0.465328
G1 X12.438 Y13.056 E.00434
;WIDTH:0.423417
G1 X12.585 Y13.016 E.00394
;WIDTH:0.381505
G1 X64.619 Y13.016 E1.20166
;WIDTH:0.423417
G1 X64.766 Y13.056 E.00394
;WIDTH:0.465328
G1 X64.913 Y13.096 E.00437
;WIDTH:0.507239
G1 X65.059 Y13.135 E.00475
G1 X65.099 Y13.282 E.00479
;WIDTH:0.465328
G1 X65.139 Y13.429 E.00437
;WIDTH:0.423417
G1 X65.179 Y13.575 E.00392
;WIDTH:0.381505
G1 X65.179 Y115.61 E2.35637
;WIDTH:0.423417
G1 X65.139 Y115.756 E.00392
;WIDTH:0.465328
G1 X65.099 Y115.903 E.00437
;WIDTH:0.507239
G1 X65.059 Y116.05 E.00479
G1 X64.913 Y116.089 E.00475
;WIDTH:0.465328
G1 X64.766 Y116.129 E.00437
;WIDTH:0.423417
G1 X64.619 Y116.169 E.00394
;WIDTH:0.381505
G1 X12.585 Y116.169 E1.20166
;WIDTH:0.423417
G1 X12.438 Y116.129 E.00394
;WIDTH:0.465328
G1 X12.292 Y116.089 E.00434
;WIDTH:0.507239
G1 X12.145 Y116.05 E.00478
G1 X12.105 Y115.903 E.00479
;WIDTH:0.465328
G1 X12.066 Y115.756 E.00436
;WIDTH:0.423417
G1 X12.026 Y115.61 E.00392
;WIDTH:0.381505
G1 X12.026 Y13.575 E2.35637
;WIDTH:0.423417
G1 X12.066 Y13.429 E.00392
;WIDTH:0.465328
G1 X12.105 Y13.282 E.00436
;WIDTH:0.507239
G1 X12.141 Y13.152 E.00424
G1 X12.446 Y13.445 F9000
;TYPE:External perimeter
;WIDTH:0.419999
G1 F1800
G1 X12.449 Y13.439 E.00017
G1 X12.585 Y13.383 E.00377
G1 X64.619 Y13.383 E1.3349
G1 X64.756 Y13.439 E.0038
G1 X64.812 Y13.575 E.00377
G1 X64.812 Y115.61 E2.61765
G1 X64.756 Y115.746 E.00377
G1 X64.619 Y115.803 E.00381
G1 X12.585 Y115.803 E1.3349
G1 X12.449 Y115.746 E.00378
G1 X12.392 Y115.61 E.00378
G1 X12.392 Y13.575 E2.61765
G1 X12.423 Y13.5 E.00208
G1 X11.742 Y12.732 F9000
;TYPE:Perimeter
;WIDTH:0.507239
G1 F3600
G1 X12.18 Y12.711 E.01379
;WIDTH:0.465328
G1 X12.383 Y12.69 E.00585
;WIDTH:0.423417
G1 X12.585 Y12.669 E.00526
;WIDTH:0.381505
G1 X64.619 Y12.669 E1.20166
;WIDTH:0.423417
G1 X64.901 Y12.69 E.00732
;WIDTH:0.465328
G1 X65.182 Y12.711 E.00808
;WIDTH:0.507239
G1 X65.463 Y12.732 E.00886
G1 X65.463 Y12.968 E.00742
G1 X65.484 Y13.171 E.00642
;WIDTH:0.465328
G1 X65.505 Y13.373 E.00582
;WIDTH:0.423417
G1 X65.526 Y13.575 E.00526
;WIDTH:0.381505
G1 X65.526 Y115.704 E2.35854
;WIDTH:0.423417
G1 X65.505 Y115.954 E.00649
;WIDTH:0.465328
G1 X65.484 Y116.204 E.00719
;WIDTH:0.507239
G1 X65.463 Y116.453 E.00786
G1 X65.024 Y116.474 E.01383
;WIDTH:0.465328
G1 X64.822 Y116.495 E.00582
;WIDTH:0.423417
G1 X64.619 Y116.516 E.00528
;WIDTH:0.381505
G1 X12.585 Y116.516 E1.20166
;WIDTH:0.423417
G1 X12.304 Y116.495 E.00729
;WIDTH:0.465328
G1 X12.023 Y116.474 E.00808
;WIDTH:0.507239
G1 X11.742 Y116.453 E.00886
G1 X11.721 Y116.014 E.01383
;WIDTH:0.465328
G1 X11.7 Y115.812 E.00582
;WIDTH:0.423417
G1 X11.679 Y115.61 E.00526
;WIDTH:0.381505
G1 X11.679 Y13.575 E2.35637
;WIDTH:0.423417
G1 X11.7 Y13.294 E.00729
;WIDTH:0.465328
G1 X11.721 Y13.013 E.00808
;WIDTH:0.507239
G1 X11.737 Y12.792 E.00697
G1 X11.312 Y12.303 F9000
;TYPE:External perimeter
;WIDTH:0.419999
G1 F1800
G1 X65.892 Y12.303 E1.40022
G1 X65.892 Y116.883 E2.68294
G1 X11.312 Y116.883 E1.40022
G1 X11.312 Y12.363 E2.6814
;LAYER_CHANGE
;Z:18.92
;HEIGHT:0.16
;BEFORE_LAYER_CHANGE
G92 E0
;18.92


G1 E-3.5 F3600
;WIPE_START
G1 F7200
G1 X11.312 Y12.303 E-.0285
G1 X14.41 Y12.303 E-1.4715
;WIPE_END
G1 Z18.92 F9000
;AFTER_LAYER_CHANGE
;18.92
G1 X12.186 Y13.124
G1 E5 F2400
;TYPE:Perimeter
;WIDTH:0.507239
G1 F3600
G1 X12.292 Y13.096 E.00345
;WIDTH:0.465328
G1 X12.438 Y13.056 E.00434
;WIDTH:0.423417
G1 X12.585 Y13.016 E.00394
;WIDTH:0.381505
G1 X64.619 Y13.016 E1.20166
;WIDTH:0.423417
G1 X64.766 Y13.056 E.00394
;WIDTH:0.465328
G1 X64.913 Y13.096 E.00437
;WIDTH:0.507239
G1 X65.059 Y13.135 E.00475
G1 X65.099 Y13.282 E.00479
;WIDTH:0.465328
G1 X65.139 Y13.429 E.00437
;WIDTH:0.423417
G1 X65.179 Y13.575 E.00392
;WIDTH:0.381505
G1 X65.179 Y115.61 E2.35637
;WIDTH:0.423417
G1 X65.139 Y115.756 E.00392
;WIDTH:0.465328
G1 X65.099 Y115.903 E.00437
;WIDTH:0.507239
G1 X65.059 Y116.05 E.00479
G1 X64.913 Y116.089 E.00475
;WIDTH:0.465328
G1 X64.766 Y116.129 E.00437
;WIDTH:0.423417
G1 X64.619 Y116.169 E.00394
;WIDTH:0.381505
G1 X12.585 Y116.169 E1.20166
;WIDTH:0.423417
G1 X12.438 Y116.129 E.00394
;WIDTH:0.465328
G1 X12.292 Y116.089 E.00434
;WIDTH:0.507239
G1 X12.145 Y116.05 E.00478
G1 X12.105 Y115.903 E.00479
;WIDTH:0.465328
G1 X12.066 Y115.756 E.00436
;WIDTH:0.423417
G1 X12.026 Y115.61 E.00392
;WIDTH:0.381505
G1 X12.026 Y13.575 E2.35637
;WIDTH:0.423417
G1 X12.066 Y13.429 E.00392
;WIDTH:0.465328
G1 X12.105 Y13.282 E.00436
;WIDTH:0.507239
G1 X12.141 Y13.152 E.00424
G1 X12.446 Y13.445 F9000
;TYPE:External perimeter
;WIDTH:0.419999
G1 F1800
G1 X12.449 Y13.439 E.00017
G1 X12.585 Y13.383 E.00377
G1 X64.619 Y13.383 E1.3349
G1 X64.756 Y13.439 E.0038
G1 X64.812 Y13.575 E.00377
G1 X64.812 Y115.61 E2.61765
G1 X64.756 Y115.746 E.00377
G1 X64.619 Y115.803 E.00381
G1 X12.585 Y115.803 E1.3349
G1 X12.449 Y115.746 E.00378
G1 X12.392 Y115.61 E.00378
G1 X12.392 Y13.575 E2.61765
G1 X12.423 Y13.5 E.00208
G1 X11.742 Y12.732 F9000
;TYPE:Perimeter
;WIDTH:0.507239
G1 F3600
G1 X12.18 Y12.711 E.01379
;WIDTH:0.465328
G1 X12.383 Y12.69 E.00585
;WIDTH:0.423417
G1 X12.585 Y12.669 E.00526
;WIDTH:0.381505
G1 X64.619 Y12.669 E1.20166
;WIDTH:0.423417
G1 X64.901 Y12.69 E.00732
;WIDTH:0.465328
G1 X65.182 Y12.711 E.00808
;WIDTH:0.507239
G1 X65.463 Y12.732 E.00886
G1 X65.463 Y12.968 E.00742
G1 X65.484 Y13.171 E.00642
;WIDTH:0.465328
G1 X65.505 Y13.373 E.00582
;WIDTH:0.423417
G1 X65.526 Y13.575 E.00526
;WIDTH:0.381505
G1 X65.526 Y115.704 E2.35854
;WIDTH:0.423417
G1 X65.505 Y115.954 E.00649
;WIDTH:0.465328
G1 X65.484 Y116.204 E.00719
;WIDTH:0.507239
G1 X65.463 Y116.453 E.00786
G1 X65.024 Y116.474 E.01383
;WIDTH:0.465328
G1 X64.822 Y116.495 E.00582
;WIDTH:0.423417
G1 X64.619 Y116.516 E.00528
;WIDTH:0.381505
G1 X12.585 Y116.516 E1.20166
;WIDTH:0.423417
G1 X12.304 Y116.495 E.00729
;WIDTH:0.465328
G1 X12.023 Y116.474 E.00808
;WIDTH:0.507239
G1 X11.742 Y116.453 E.00886
G1 X11.721 Y116.014 E.01383
;WIDTH:0.465328
G1 X11.7 Y115.812 E.00582
;WIDTH:0.423417
G1 X11.679 Y115.61 E.00526
;WIDTH:0.381505
G1 X11.679 Y13.575 E2.35637
;WIDTH:0.423417
G1 X11.7 Y13.294 E.00729
;WIDTH:0.465328
G1 X11.721 Y13.013 E.00808
;WIDTH:0.507239
G1 X11.737 Y12.792 E.00697
G1 X11.312 Y12.303 F9000
;TYPE:External perimeter
;WIDTH:0.419999
G1 F1800
G1 X65.892 Y12.303 E1.40022
G1 X65.892 Y116.883 E2.68294
G1 X11.312 Y116.883 E1.40022
G1 X11.312 Y12.363 E2.6814
;LAYER_CHANGE
;Z:19.08
;HEIGHT:0.16
;BEFORE_LAYER_CHANGE
G92 E0
;19.08


G1 E-3.5 F3600
;WIPE_START
G1 F7200
G1 X11.312 Y12.303 E-.0285
G1 X14.41 Y12.303 E-1.4715
;WIPE_END
G1 Z19.08 F9000
;AFTER_LAYER_CHANGE
;19.08
G1 X12.186 Y13.124
G1 E5 F2400
;TYPE:Perimeter
;WIDTH:0.507239
G1 F3600
G1 X12.292 Y13.096 E.00345
;WIDTH:0.465328
G1 X12.438 Y13.056 E.00434
;WIDTH:0.423417
G1 X12.585 Y13.016 E.00394
;WIDTH:0.381505
G1 X64.619 Y13.016 E1.20166
;WIDTH:0.423417
G1 X64.766 Y13.056 E.00394
;WIDTH:0.465328
G1 X64.913 Y13.096 E.00437
;WIDTH:0.507239
G1 X65.059 Y13.135 E.00475
G1 X65.099 Y13.282 E.00479
;WIDTH:0.465328
G1 X65.139 Y13.429 E.00437
;WIDTH:0.423417
G1 X65.179 Y13.575 E.00392
;WIDTH:0.381505
G1 X65.179 Y115.61 E2.35637
;WIDTH:0.423417
G1 X65.139 Y115.756 E.00392
;WIDTH:0.465328
G1 X65.099 Y115.903 E.00437
;WIDTH:0.507239
G1 X65.059 Y116.05 E.00479
G1 X64.913 Y116.089 E.00475
;WIDTH:0.465328
G1 X64.766 Y116.129 E.00437
;WIDTH:0.423417
G1 X64.619 Y116.169 E.00394
;WIDTH:0.381505
G1 X12.585 Y116.169 E1.20166
;WIDTH:0.423417
G1 X12.438 Y116.129 E.00394
;WIDTH:0.465328
G1 X12.292 Y116.089 E.00434
;WIDTH:0.507239
G1 X12.145 Y116.05 E.00478
G1 X12.105 Y115.903 E.00479
;WIDTH:0.465328
G1 X12.066 Y115.756 E.00436
;WIDTH:0.423417
G1 X12.026 Y115.61 E.00392
;WIDTH:0.381505
G1 X12.026 Y13.575 E2.35637
;WIDTH:0.423417
G1 X12.066 Y13.429 E.00392
;WIDTH:0.465328
G1 X12.105 Y13.282 E.00436
;WIDTH:0.507239
G1 X12.141 Y13.152 E.00424
G1 X12.446 Y13.445 F9000
;TYPE:External perimeter
;WIDTH:0.419999
G1 F1800
G1 X12.449 Y13.439 E.00017
G1 X12.585 Y13.383 E.00377
G1 X64.619 Y13.383 E1.3349
G1 X64.756 Y13.439 E.0038
G1 X64.812 Y13.575 E.00377
G1 X64.812 Y115.61 E2.61765
G1 X64.756 Y115.746 E.00377
G1 X64.619 Y115.803 E.00381
G1 X12.585 Y115.803 E1.3349
G1 X12.449 Y115.746 E.00378
G1 X12.392 Y115.61 E.00378
G1 X12.392 Y13.575 E2.61765
G1 X12.423 Y13.5 E.00208
G1 X11.742 Y12.732 F9000
;TYPE:Perimeter
;WIDTH:0.507239
G1 F3600
G1 X12.18 Y12.711 E.01379
;WIDTH:0.465328
G1 X12.383 Y12.69 E.00585
;WIDTH:0.423417
G1 X12.585 Y12.669 E.00526
;WIDTH:0.381505
G1 X64.619 Y12.669 E1.20166
;WIDTH:0.423417
G1 X64.901 Y12.69 E.00732
;WIDTH:0.465328
G1 X65.182 Y12.711 E.00808
;WIDTH:0.507239
G1 X65.463 Y12.732 E.00886
G1 X65.463 Y12.968 E.00742
G1 X65.484 Y13.171 E.00642
;WIDTH:0.465328
G1 X65.505 Y13.373 E.00582
;WIDTH:0.423417
G1 X65.526 Y13.575 E.00526
;WIDTH:0.381505
G1 X65.526 Y115.704 E2.35854
;WIDTH:0.423417
G1 X65.505 Y115.954 E.00649
;WIDTH:0.465328
G1 X65.484 Y116.204 E.00719
;WIDTH:0.507239
G1 X65.463 Y116.453 E.00786
G1 X65.024 Y116.474 E.01383
;WIDTH:0.465328
G1 X64.822 Y116.495 E.00582
;WIDTH:0.423417
G1 X64.619 Y116.516 E.00528
;WIDTH:0.381505
G1 X12.585 Y116.516 E1.20166
;WIDTH:0.423417
G1 X12.304 Y116.495 E.00729
;WIDTH:0.465328
G1 X12.023 Y116.474 E.00808
;WIDTH:0.507239
G1 X11.742 Y116.453 E.00886
G1 X11.721 Y116.014 E.01383
;WIDTH:0.465328
G1 X11.7 Y115.812 E.00582
;WIDTH:0.423417
G1 X11.679 Y115.61 E.00526
;WIDTH:0.381505
G1 X11.679 Y13.575 E2.35637
;WIDTH:0.423417
G1 X11.7 Y13.294 E.00729
;WIDTH:0.465328
G1 X11.721 Y13.013 E.00808
;WIDTH:0.507239
G1 X11.737 Y12.792 E.00697
G1 X11.312 Y12.303 F9000
;TYPE:External perimeter
;WIDTH:0.419999
G1 F1800
G1 X65.892 Y12.303 E1.40022
G1 X65.892 Y116.883 E2.68294
G1 X11.312 Y116.883 E1.40022
G1 X11.312 Y12.363 E2.6814
;LAYER_CHANGE
;Z:19.24
;HEIGHT:0.16
;BEFORE_LAYER_CHANGE
G92 E0
;19.24


G1 E-3.5 F3600
;WIPE_START
G1 F7200
G1 X11.312 Y12.303 E-.0285
G1 X14.41 Y12.303 E-1.4715
;WIPE_END
G1 Z19.24 F9000
;AFTER_LAYER_CHANGE
;19.24
G1 X12.186 Y13.124
G1 E5 F2400
;TYPE:Perimeter
;WIDTH:0.507239
G1 F3600
G1 X12.292 Y13.096 E.00345
;WIDTH:0.465328
G1 X12.438 Y13.056 E.00434
;WIDTH:0.423417
G1 X12.585 Y13.016 E.00394
;WIDTH:0.381505
G1 X64.619 Y13.016 E1.20166
;WIDTH:0.423417
G1 X64.766 Y13.056 E.00394
;WIDTH:0.465328
G1 X64.913 Y13.096 E.00437
;WIDTH:0.507239
G1 X65.059 Y13.135 E.00475
G1 X65.099 Y13.282 E.00479
;WIDTH:0.465328
G1 X65.139 Y13.429 E.00437
;WIDTH:0.423417
G1 X65.179 Y13.575 E.00392
;WIDTH:0.381505
G1 X65.179 Y115.61 E2.35637
;WIDTH:0.423417
G1 X65.139 Y115.756 E.00392
;WIDTH:0.465328
G1 X65.099 Y115.903 E.00437
;WIDTH:0.507239
G1 X65.059 Y116.05 E.00479
G1 X64.913 Y116.089 E.00475
;WIDTH:0.465328
G1 X64.766 Y116.129 E.00437
;WIDTH:0.423417
G1 X64.619 Y116.169 E.00394
;WIDTH:0.381505
G1 X12.585 Y116.169 E1.20166
;WIDTH:0.423417
G1 X12.438 Y116.129 E.00394
;WIDTH:0.465328
G1 X12.292 Y116.089 E.00434
;WIDTH:0.507239
G1 X12.145 Y116.05 E.00478
G1 X12.105 Y115.903 E.00479
;WIDTH:0.465328
G1 X12.066 Y115.756 E.00436
;WIDTH:0.423417
G1 X12.026 Y115.61 E.00392
;WIDTH:0.381505
G1 X12.026 Y13.575 E2.35637
;WIDTH:0.423417
G1 X12.066 Y13.429 E.00392
;WIDTH:0.465328
G1 X12.105 Y13.282 E.00436
;WIDTH:0.507239
G1 X12.141 Y13.152 E.00424
G1 X12.446 Y13.445 F9000
;TYPE:External perimeter
;WIDTH:0.419999
G1 F1800
G1 X12.449 Y13.439 E.00017
G1 X12.585 Y13.383 E.00377
G1 X64.619 Y13.383 E1.3349
G1 X64.756 Y13.439 E.0038
G1 X64.812 Y13.575 E.00377
G1 X64.812 Y115.61 E2.61765
G1 X64.756 Y115.746 E.00377
G1 X64.619 Y115.803 E.00381
G1 X12.585 Y115.803 E1.3349
G1 X12.449 Y115.746 E.00378
G1 X12.392 Y115.61 E.00378
G1 X12.392 Y13.575 E2.61765
G1 X12.423 Y13.5 E.00208
G1 X11.742 Y12.732 F9000
;TYPE:Perimeter
;WIDTH:0.507239
G1 F3600
G1 X12.18 Y12.711 E.01379
;WIDTH:0.465328
G1 X12.383 Y12.69 E.00585
;WIDTH:0.423417
G1 X12.585 Y12.669 E.00526
;WIDTH:0.381505
G1 X64.619 Y12.669 E1.20166
;WIDTH:0.423417
G1 X64.901 Y12.69 E.00732
;WIDTH:0.465328
G1 X65.182 Y12.711 E.00808
;WIDTH:0.507239
G1 X65.463 Y12.732 E.00886
G1 X65.463 Y12.968 E.00742
G1 X65.484 Y13.171 E.00642
;WIDTH:0.465328
G1 X65.505 Y13.373 E.00582
;WIDTH:0.423417
G1 X65.526 Y13.575 E.00526
;WIDTH:0.381505
G1 X65.526 Y115.704 E2.35854
;WIDTH:0.423417
G1 X65.505 Y115.954 E.00649
;WIDTH:0.465328
G1 X65.484 Y116.204 E.00719
;WIDTH:0.507239
G1 X65.463 Y116.453 E.00786
G1 X65.024 Y116.474 E.01383
;WIDTH:0.465328
G1 X64.822 Y116.495 E.00582
;WIDTH:0.423417
G1 X64.619 Y116.516 E.00528
;WIDTH:0.381505
G1 X12.585 Y116.516 E1.20166
;WIDTH:0.423417
G1 X12.304 Y116.495 E.00729
;WIDTH:0.465328
G1 X12.023 Y116.474 E.00808
;WIDTH:0.507239
G1 X11.742 Y116.453 E.00886
G1 X11.721 Y116.014 E.01383
;WIDTH:0.465328
G1 X11.7 Y115.812 E.00582
;WIDTH:0.423417
G1 X11.679 Y115.61 E.00526
;WIDTH:0.381505
G1 X11.679 Y13.575 E2.35637
;WIDTH:0.423417
G1 X11.7 Y13.294 E.00729
;WIDTH:0.465328
G1 X11.721 Y13.013 E.00808
;WIDTH:0.507239
G1 X11.737 Y12.792 E.00697
G1 X11.312 Y12.303 F9000
;TYPE:External perimeter
;WIDTH:0.419999
G1 F1800
G1 X65.892 Y12.303 E1.40022
G1 X65.892 Y116.883 E2.68294
G1 X11.312 Y116.883 E1.40022
G1 X11.312 Y12.363 E2.6814
;LAYER_CHANGE
;Z:19.4
;HEIGHT:0.16
;BEFORE_LAYER_CHANGE
G92 E0
;19.4


G1 E-3.5 F3600
;WIPE_START
G1 F7200
G1 X11.312 Y12.303 E-.0285
G1 X14.41 Y12.303 E-1.4715
;WIPE_END
G1 Z19.4 F9000
;AFTER_LAYER_CHANGE
;19.4
G1 X12.186 Y13.124
G1 E5 F2400
;TYPE:Perimeter
;WIDTH:0.507239
G1 F3600
G1 X12.292 Y13.096 E.00345
;WIDTH:0.465328
G1 X12.438 Y13.056 E.00434
;WIDTH:0.423417
G1 X12.585 Y13.016 E.00394
;WIDTH:0.381505
G1 X64.619 Y13.016 E1.20166
;WIDTH:0.423417
G1 X64.766 Y13.056 E.00394
;WIDTH:0.465328
G1 X64.913 Y13.096 E.00437
;WIDTH:0.507239
G1 X65.059 Y13.135 E.00475
G1 X65.099 Y13.282 E.00479
;WIDTH:0.465328
G1 X65.139 Y13.429 E.00437
;WIDTH:0.423417
G1 X65.179 Y13.575 E.00392
;WIDTH:0.381505
G1 X65.179 Y115.61 E2.35637
;WIDTH:0.423417
G1 X65.139 Y115.756 E.00392
;WIDTH:0.465328
G1 X65.099 Y115.903 E.00437
;WIDTH:0.507239
G1 X65.059 Y116.05 E.00479
G1 X64.913 Y116.089 E.00475
;WIDTH:0.465328
G1 X64.766 Y116.129 E.00437
;WIDTH:0.423417
G1 X64.619 Y116.169 E.00394
;WIDTH:0.381505
G1 X12.585 Y116.169 E1.20166
;WIDTH:0.423417
G1 X12.438 Y116.129 E.00394
;WIDTH:0.465328
G1 X12.292 Y116.089 E.00434
;WIDTH:0.507239
G1 X12.145 Y116.05 E.00478
G1 X12.105 Y115.903 E.00479
;WIDTH:0.465328
G1 X12.066 Y115.756 E.00436
;WIDTH:0.423417
G1 X12.026 Y115.61 E.00392
;WIDTH:0.381505
G1 X12.026 Y13.575 E2.35637
;WIDTH:0.423417
G1 X12.066 Y13.429 E.00392
;WIDTH:0.465328
G1 X12.105 Y13.282 E.00436
;WIDTH:0.507239
G1 X12.141 Y13.152 E.00424
G1 X12.446 Y13.445 F9000
;TYPE:External perimeter
;WIDTH:0.419999
G1 F1800
G1 X12.449 Y13.439 E.00017
G1 X12.585 Y13.383 E.00377
G1 X64.619 Y13.383 E1.3349
G1 X64.756 Y13.439 E.0038
G1 X64.812 Y13.575 E.00377
G1 X64.812 Y115.61 E2.61765
G1 X64.756 Y115.746 E.00377
G1 X64.619 Y115.803 E.00381
G1 X12.585 Y115.803 E1.3349
G1 X12.449 Y115.746 E.00378
G1 X12.392 Y115.61 E.00378
G1 X12.392 Y13.575 E2.61765
G1 X12.423 Y13.5 E.00208
G1 X11.742 Y12.732 F9000
;TYPE:Perimeter
;WIDTH:0.507239
G1 F3600
G1 X12.18 Y12.711 E.01379
;WIDTH:0.465328
G1 X12.383 Y12.69 E.00585
;WIDTH:0.423417
G1 X12.585 Y12.669 E.00526
;WIDTH:0.381505
G1 X64.619 Y12.669 E1.20166
;WIDTH:0.423417
G1 X64.901 Y12.69 E.00732
;WIDTH:0.465328
G1 X65.182 Y12.711 E.00808
;WIDTH:0.507239
G1 X65.463 Y12.732 E.00886
G1 X65.463 Y12.968 E.00742
G1 X65.484 Y13.171 E.00642
;WIDTH:0.465328
G1 X65.505 Y13.373 E.00582
;WIDTH:0.423417
G1 X65.526 Y13.575 E.00526
;WIDTH:0.381505
G1 X65.526 Y115.704 E2.35854
;WIDTH:0.423417
G1 X65.505 Y115.954 E.00649
;WIDTH:0.465328
G1 X65.484 Y116.204 E.00719
;WIDTH:0.507239
G1 X65.463 Y116.453 E.00786
G1 X65.024 Y116.474 E.01383
;WIDTH:0.465328
G1 X64.822 Y116.495 E.00582
;WIDTH:0.423417
G1 X64.619 Y116.516 E.00528
;WIDTH:0.381505
G1 X12.585 Y116.516 E1.20166
;WIDTH:0.423417
G1 X12.304 Y116.495 E.00729
;WIDTH:0.465328
G1 X12.023 Y116.474 E.00808
;WIDTH:0.507239
G1 X11.742 Y116.453 E.00886
G1 X11.721 Y116.014 E.01383
;WIDTH:0.465328
G1 X11.7 Y115.812 E.00582
;WIDTH:0.423417
G1 X11.679 Y115.61 E.00526
;WIDTH:0.381505
G1 X11.679 Y13.575 E2.35637
;WIDTH:0.423417
G1 X11.7 Y13.294 E.00729
;WIDTH:0.465328
G1 X11.721 Y13.013 E.00808
;WIDTH:0.507239
G1 X11.737 Y12.792 E.00697
G1 X11.312 Y12.303 F9000
;TYPE:External perimeter
;WIDTH:0.419999
G1 F1800
G1 X65.892 Y12.303 E1.40022
G1 X65.892 Y116.883 E2.68294
G1 X11.312 Y116.883 E1.40022
G1 X11.312 Y12.363 E2.6814
;LAYER_CHANGE
;Z:19.56
;HEIGHT:0.16
;BEFORE_LAYER_CHANGE
G92 E0
;19.56


G1 E-3.5 F3600
;WIPE_START
G1 F7200
G1 X11.312 Y12.303 E-.0285
G1 X14.41 Y12.303 E-1.4715
;WIPE_END
G1 Z19.56 F9000
;AFTER_LAYER_CHANGE
;19.56
G1 X12.186 Y13.124
G1 E5 F2400
;TYPE:Perimeter
;WIDTH:0.507239
G1 F3600
G1 X12.292 Y13.096 E.00345
;WIDTH:0.465328
G1 X12.438 Y13.056 E.00434
;WIDTH:0.423417
G1 X12.585 Y13.016 E.00394
;WIDTH:0.381505
G1 X64.619 Y13.016 E1.20166
;WIDTH:0.423417
G1 X64.766 Y13.056 E.00394
;WIDTH:0.465328
G1 X64.913 Y13.096 E.00437
;WIDTH:0.507239
G1 X65.059 Y13.135 E.00475
G1 X65.099 Y13.282 E.00479
;WIDTH:0.465328
G1 X65.139 Y13.429 E.00437
;WIDTH:0.423417
G1 X65.179 Y13.575 E.00392
;WIDTH:0.381505
G1 X65.179 Y115.61 E2.35637
;WIDTH:0.423417
G1 X65.139 Y115.756 E.00392
;WIDTH:0.465328
G1 X65.099 Y115.903 E.00437
;WIDTH:0.507239
G1 X65.059 Y116.05 E.00479
G1 X64.913 Y116.089 E.00475
;WIDTH:0.465328
G1 X64.766 Y116.129 E.00437
;WIDTH:0.423417
G1 X64.619 Y116.169 E.00394
;WIDTH:0.381505
G1 X12.585 Y116.169 E1.20166
;WIDTH:0.423417
G1 X12.438 Y116.129 E.00394
;WIDTH:0.465328
G1 X12.292 Y116.089 E.00434
;WIDTH:0.507239
G1 X12.145 Y116.05 E.00478
G1 X12.105 Y115.903 E.00479
;WIDTH:0.465328
G1 X12.066 Y115.756 E.00436
;WIDTH:0.423417
G1 X12.026 Y115.61 E.00392
;WIDTH:0.381505
G1 X12.026 Y13.575 E2.35637
;WIDTH:0.423417
G1 X12.066 Y13.429 E.00392
;WIDTH:0.465328
G1 X12.105 Y13.282 E.00436
;WIDTH:0.507239
G1 X12.141 Y13.152 E.00424
G1 X12.446 Y13.445 F9000
;TYPE:External perimeter
;WIDTH:0.419999
G1 F1800
G1 X12.449 Y13.439 E.00017
G1 X12.585 Y13.383 E.00377
G1 X64.619 Y13.383 E1.3349
G1 X64.756 Y13.439 E.0038
G1 X64.812 Y13.575 E.00377
G1 X64.812 Y115.61 E2.61765
G1 X64.756 Y115.746 E.00377
G1 X64.619 Y115.803 E.00381
G1 X12.585 Y115.803 E1.3349
G1 X12.449 Y115.746 E.00378
G1 X12.392 Y115.61 E.00378
G1 X12.392 Y13.575 E2.61765
G1 X12.423 Y13.5 E.00208
G1 X11.742 Y12.732 F9000
;TYPE:Perimeter
;WIDTH:0.507239
G1 F3600
G1 X12.18 Y12.711 E.01379
;WIDTH:0.465328
G1 X12.383 Y12.69 E.00585
;WIDTH:0.423417
G1 X12.585 Y12.669 E.00526
;WIDTH:0.381505
G1 X64.619 Y12.669 E1.20166
;WIDTH:0.423417
G1 X64.901 Y12.69 E.00732
;WIDTH:0.465328
G1 X65.182 Y12.711 E.00808
;WIDTH:0.507239
G1 X65.463 Y12.732 E.00886
G1 X65.463 Y12.968 E.00742
G1 X65.484 Y13.171 E.00642
;WIDTH:0.465328
G1 X65.505 Y13.373 E.00582
;WIDTH:0.423417
G1 X65.526 Y13.575 E.00526
;WIDTH:0.381505
G1 X65.526 Y115.704 E2.35854
;WIDTH:0.423417
G1 X65.505 Y115.954 E.00649
;WIDTH:0.465328
G1 X65.484 Y116.204 E.00719
;WIDTH:0.507239
G1 X65.463 Y116.453 E.00786
G1 X65.024 Y116.474 E.01383
;WIDTH:0.465328
G1 X64.822 Y116.495 E.00582
;WIDTH:0.423417
G1 X64.619 Y116.516 E.00528
;WIDTH:0.381505
G1 X12.585 Y116.516 E1.20166
;WIDTH:0.423417
G1 X12.304 Y116.495 E.00729
;WIDTH:0.465328
G1 X12.023 Y116.474 E.00808
;WIDTH:0.507239
G1 X11.742 Y116.453 E.00886
G1 X11.721 Y116.014 E.01383
;WIDTH:0.465328
G1 X11.7 Y115.812 E.00582
;WIDTH:0.423417
G1 X11.679 Y115.61 E.00526
;WIDTH:0.381505
G1 X11.679 Y13.575 E2.35637
;WIDTH:0.423417
G1 X11.7 Y13.294 E.00729
;WIDTH:0.465328
G1 X11.721 Y13.013 E.00808
;WIDTH:0.507239
G1 X11.737 Y12.792 E.00697
G1 X11.312 Y12.303 F9000
;TYPE:External perimeter
;WIDTH:0.419999
G1 F1800
G1 X65.892 Y12.303 E1.40022
G1 X65.892 Y116.883 E2.68294
G1 X11.312 Y116.883 E1.40022
G1 X11.312 Y12.363 E2.6814
;LAYER_CHANGE
;Z:19.72
;HEIGHT:0.16
;BEFORE_LAYER_CHANGE
G92 E0
;19.72


G1 E-3.5 F3600
;WIPE_START
G1 F7200
G1 X11.312 Y12.303 E-.0285
G1 X14.41 Y12.303 E-1.4715
;WIPE_END
G1 Z19.72 F9000
;AFTER_LAYER_CHANGE
;19.72
G1 X12.186 Y13.124
G1 E5 F2400
;TYPE:Perimeter
;WIDTH:0.507239
G1 F3600
G1 X12.292 Y13.096 E.00345
;WIDTH:0.465328
G1 X12.438 Y13.056 E.00434
;WIDTH:0.423417
G1 X12.585 Y13.016 E.00394
;WIDTH:0.381505
G1 X64.619 Y13.016 E1.20166
;WIDTH:0.423417
G1 X64.766 Y13.056 E.00394
;WIDTH:0.465328
G1 X64.913 Y13.096 E.00437
;WIDTH:0.507239
G1 X65.059 Y13.135 E.00475
G1 X65.099 Y13.282 E.00479
;WIDTH:0.465328
G1 X65.139 Y13.429 E.00437
;WIDTH:0.423417
G1 X65.179 Y13.575 E.00392
;WIDTH:0.381505
G1 X65.179 Y115.61 E2.35637
;WIDTH:0.423417
G1 X65.139 Y115.756 E.00392
;WIDTH:0.465328
G1 X65.099 Y115.903 E.00437
;WIDTH:0.507239
G1 X65.059 Y116.05 E.00479
G1 X64.913 Y116.089 E.00475
;WIDTH:0.465328
G1 X64.766 Y116.129 E.00437
;WIDTH:0.423417
G1 X64.619 Y116.169 E.00394
;WIDTH:0.381505
G1 X12.585 Y116.169 E1.20166
;WIDTH:0.423417
G1 X12.438 Y116.129 E.00394
;WIDTH:0.465328
G1 X12.292 Y116.089 E.00434
;WIDTH:0.507239
G1 X12.145 Y116.05 E.00478
G1 X12.105 Y115.903 E.00479
;WIDTH:0.465328
G1 X12.066 Y115.756 E.00436
;WIDTH:0.423417
G1 X12.026 Y115.61 E.00392
;WIDTH:0.381505
G1 X12.026 Y13.575 E2.35637
;WIDTH:0.423417
G1 X12.066 Y13.429 E.00392
;WIDTH:0.465328
G1 X12.105 Y13.282 E.00436
;WIDTH:0.507239
G1 X12.141 Y13.152 E.00424
G1 X12.446 Y13.445 F9000
;TYPE:External perimeter
;WIDTH:0.419999
G1 F1800
G1 X12.449 Y13.439 E.00017
G1 X12.585 Y13.383 E.00377
G1 X64.619 Y13.383 E1.3349
G1 X64.756 Y13.439 E.0038
G1 X64.812 Y13.575 E.00377
G1 X64.812 Y115.61 E2.61765
G1 X64.756 Y115.746 E.00377
G1 X64.619 Y115.803 E.00381
G1 X12.585 Y115.803 E1.3349
G1 X12.449 Y115.746 E.00378
G1 X12.392 Y115.61 E.00378
G1 X12.392 Y13.575 E2.61765
G1 X12.423 Y13.5 E.00208
G1 X11.742 Y12.732 F9000
;TYPE:Perimeter
;WIDTH:0.507239
G1 F3600
G1 X12.18 Y12.711 E.01379
;WIDTH:0.465328
G1 X12.383 Y12.69 E.00585
;WIDTH:0.423417
G1 X12.585 Y12.669 E.00526
;WIDTH:0.381505
G1 X64.619 Y12.669 E1.20166
;WIDTH:0.423417
G1 X64.901 Y12.69 E.00732
;WIDTH:0.465328
G1 X65.182 Y12.711 E.00808
;WIDTH:0.507239
G1 X65.463 Y12.732 E.00886
G1 X65.463 Y12.968 E.00742
G1 X65.484 Y13.171 E.00642
;WIDTH:0.465328
G1 X65.505 Y13.373 E.00582
;WIDTH:0.423417
G1 X65.526 Y13.575 E.00526
;WIDTH:0.381505
G1 X65.526 Y115.704 E2.35854
;WIDTH:0.423417
G1 X65.505 Y115.954 E.00649
;WIDTH:0.465328
G1 X65.484 Y116.204 E.00719
;WIDTH:0.507239
G1 X65.463 Y116.453 E.00786
G1 X65.024 Y116.474 E.01383
;WIDTH:0.465328
G1 X64.822 Y116.495 E.00582
;WIDTH:0.423417
G1 X64.619 Y116.516 E.00528
;WIDTH:0.381505
G1 X12.585 Y116.516 E1.20166
;WIDTH:0.423417
G1 X12.304 Y116.495 E.00729
;WIDTH:0.465328
G1 X12.023 Y116.474 E.00808
;WIDTH:0.507239
G1 X11.742 Y116.453 E.00886
G1 X11.721 Y116.014 E.01383
;WIDTH:0.465328
G1 X11.7 Y115.812 E.00582
;WIDTH:0.423417
G1 X11.679 Y115.61 E.00526
;WIDTH:0.381505
G1 X11.679 Y13.575 E2.35637
;WIDTH:0.423417
G1 X11.7 Y13.294 E.00729
;WIDTH:0.465328
G1 X11.721 Y13.013 E.00808
;WIDTH:0.507239
G1 X11.737 Y12.792 E.00697
G1 X11.312 Y12.303 F9000
;TYPE:External perimeter
;WIDTH:0.419999
G1 F1800
G1 X65.892 Y12.303 E1.40022
G1 X65.892 Y116.883 E2.68294
G1 X11.312 Y116.883 E1.40022
G1 X11.312 Y12.363 E2.6814
;LAYER_CHANGE
;Z:19.88
;HEIGHT:0.16
;BEFORE_LAYER_CHANGE
G92 E0
;19.88


G1 E-3.5 F3600
;WIPE_START
G1 F7200
G1 X11.312 Y12.303 E-.0285
G1 X14.41 Y12.303 E-1.4715
;WIPE_END
G1 Z19.88 F9000
;AFTER_LAYER_CHANGE
;19.88
G1 X12.186 Y13.124
G1 E5 F2400
;TYPE:Perimeter
;WIDTH:0.507239
G1 F3600
G1 X12.292 Y13.096 E.00345
;WIDTH:0.465328
G1 X12.438 Y13.056 E.00434
;WIDTH:0.423417
G1 X12.585 Y13.016 E.00394
;WIDTH:0.381505
G1 X64.619 Y13.016 E1.20166
;WIDTH:0.423417
G1 X64.766 Y13.056 E.00394
;WIDTH:0.465328
G1 X64.913 Y13.096 E.00437
;WIDTH:0.507239
G1 X65.059 Y13.135 E.00475
G1 X65.099 Y13.282 E.00479
;WIDTH:0.465328
G1 X65.139 Y13.429 E.00437
;WIDTH:0.423417
G1 X65.179 Y13.575 E.00392
;WIDTH:0.381505
G1 X65.179 Y115.61 E2.35637
;WIDTH:0.423417
G1 X65.139 Y115.756 E.00392
;WIDTH:0.465328
G1 X65.099 Y115.903 E.00437
;WIDTH:0.507239
G1 X65.059 Y116.05 E.00479
G1 X64.913 Y116.089 E.00475
;WIDTH:0.465328
G1 X64.766 Y116.129 E.00437
;WIDTH:0.423417
G1 X64.619 Y116.169 E.00394
;WIDTH:0.381505
G1 X12.585 Y116.169 E1.20166
;WIDTH:0.423417
G1 X12.438 Y116.129 E.00394
;WIDTH:0.465328
G1 X12.292 Y116.089 E.00434
;WIDTH:0.507239
G1 X12.145 Y116.05 E.00478
G1 X12.105 Y115.903 E.00479
;WIDTH:0.465328
G1 X12.066 Y115.756 E.00436
;WIDTH:0.423417
G1 X12.026 Y115.61 E.00392
;WIDTH:0.381505
G1 X12.026 Y13.575 E2.35637
;WIDTH:0.423417
G1 X12.066 Y13.429 E.00392
;WIDTH:0.465328
G1 X12.105 Y13.282 E.00436
;WIDTH:0.507239
G1 X12.141 Y13.152 E.00424
G1 X12.446 Y13.445 F9000
;TYPE:External perimeter
;WIDTH:0.419999
G1 F1800
G1 X12.449 Y13.439 E.00017
G1 X12.585 Y13.383 E.00377
G1 X64.619 Y13.383 E1.3349
G1 X64.756 Y13.439 E.0038
G1 X64.812 Y13.575 E.00377
G1 X64.812 Y115.61 E2.61765
G1 X64.756 Y115.746 E.00377
G1 X64.619 Y115.803 E.00381
G1 X12.585 Y115.803 E1.3349
G1 X12.449 Y115.746 E.00378
G1 X12.392 Y115.61 E.00378
G1 X12.392 Y13.575 E2.61765
G1 X12.423 Y13.5 E.00208
G1 X11.742 Y12.732 F9000
;TYPE:Perimeter
;WIDTH:0.507239
G1 F3600
G1 X12.18 Y12.711 E.01379
;WIDTH:0.465328
G1 X12.383 Y12.69 E.00585
;WIDTH:0.423417
G1 X12.585 Y12.669 E.00526
;WIDTH:0.381505
G1 X64.619 Y12.669 E1.20166
;WIDTH:0.423417
G1 X64.901 Y12.69 E.00732
;WIDTH:0.465328
G1 X65.182 Y12.711 E.00808
;WIDTH:0.507239
G1 X65.463 Y12.732 E.00886
G1 X65.463 Y12.968 E.00742
G1 X65.484 Y13.171 E.00642
;WIDTH:0.465328
G1 X65.505 Y13.373 E.00582
;WIDTH:0.423417
G1 X65.526 Y13.575 E.00526
;WIDTH:0.381505
G1 X65.526 Y115.704 E2.35854
;WIDTH:0.423417
G1 X65.505 Y115.954 E.00649
;WIDTH:0.465328
G1 X65.484 Y116.204 E.00719
;WIDTH:0.507239
G1 X65.463 Y116.453 E.00786
G1 X65.024 Y116.474 E.01383
;WIDTH:0.465328
G1 X64.822 Y116.495 E.00582
;WIDTH:0.423417
G1 X64.619 Y116.516 E.00528
;WIDTH:0.381505
G1 X12.585 Y116.516 E1.20166
;WIDTH:0.423417
G1 X12.304 Y116.495 E.00729
;WIDTH:0.465328
G1 X12.023 Y116.474 E.00808
;WIDTH:0.507239
G1 X11.742 Y116.453 E.00886
G1 X11.721 Y116.014 E.01383
;WIDTH:0.465328
G1 X11.7 Y115.812 E.00582
;WIDTH:0.423417
G1 X11.679 Y115.61 E.00526
;WIDTH:0.381505
G1 X11.679 Y13.575 E2.35637
;WIDTH:0.423417
G1 X11.7 Y13.294 E.00729
;WIDTH:0.465328
G1 X11.721 Y13.013 E.00808
;WIDTH:0.507239
G1 X11.737 Y12.792 E.00697
G1 X11.312 Y12.303 F9000
;TYPE:External perimeter
;WIDTH:0.419999
G1 F1800
G1 X65.892 Y12.303 E1.40022
G1 X65.892 Y116.883 E2.68294
G1 X11.312 Y116.883 E1.40022
G1 X11.312 Y12.363 E2.6814
;LAYER_CHANGE
;Z:20.04
;HEIGHT:0.160002
;BEFORE_LAYER_CHANGE
G92 E0
;20.04


G1 E-3.5 F3600
;WIPE_START
G1 F7200
G1 X11.312 Y12.303 E-.0285
G1 X14.41 Y12.303 E-1.4715
;WIPE_END
G1 Z20.04 F9000
;AFTER_LAYER_CHANGE
;20.04
G1 X12.186 Y13.124
G1 E5 F2400
;TYPE:Perimeter
;WIDTH:0.507239
G1 F3600
G1 X12.292 Y13.096 E.00345
;WIDTH:0.465328
G1 X12.438 Y13.056 E.00434
;WIDTH:0.423417
G1 X12.585 Y13.016 E.00394
;WIDTH:0.381505
G1 X64.619 Y13.016 E1.20166
;WIDTH:0.423417
G1 X64.766 Y13.056 E.00394
;WIDTH:0.465328
G1 X64.913 Y13.096 E.00437
;WIDTH:0.507239
G1 X65.059 Y13.135 E.00475
G1 X65.099 Y13.282 E.00479
;WIDTH:0.465328
G1 X65.139 Y13.429 E.00437
;WIDTH:0.423417
G1 X65.179 Y13.575 E.00392
;WIDTH:0.381505
G1 X65.179 Y115.61 E2.35637
;WIDTH:0.423417
G1 X65.139 Y115.756 E.00392
;WIDTH:0.465328
G1 X65.099 Y115.903 E.00437
;WIDTH:0.507239
G1 X65.059 Y116.05 E.00479
G1 X64.913 Y116.089 E.00475
;WIDTH:0.465328
G1 X64.766 Y116.129 E.00437
;WIDTH:0.423417
G1 X64.619 Y116.169 E.00394
;WIDTH:0.381505
G1 X12.585 Y116.169 E1.20166
;WIDTH:0.423417
G1 X12.438 Y116.129 E.00394
;WIDTH:0.465328
G1 X12.292 Y116.089 E.00434
;WIDTH:0.507239
G1 X12.145 Y116.05 E.00478
G1 X12.105 Y115.903 E.00479
;WIDTH:0.465328
G1 X12.066 Y115.756 E.00436
;WIDTH:0.423417
G1 X12.026 Y115.61 E.00392
;WIDTH:0.381505
G1 X12.026 Y13.575 E2.35637
;WIDTH:0.423417
G1 X12.066 Y13.429 E.00392
;WIDTH:0.465328
G1 X12.105 Y13.282 E.00436
;WIDTH:0.507239
G1 X12.141 Y13.152 E.00424
G1 X12.446 Y13.445 F9000
;TYPE:External perimeter
;WIDTH:0.419999
G1 F1800
G1 X12.449 Y13.439 E.00017
G1 X12.585 Y13.383 E.00377
G1 X64.619 Y13.383 E1.3349
G1 X64.756 Y13.439 E.0038
G1 X64.812 Y13.575 E.00377
G1 X64.812 Y115.61 E2.61765
G1 X64.756 Y115.746 E.00377
G1 X64.619 Y115.803 E.00381
G1 X12.585 Y115.803 E1.3349
G1 X12.449 Y115.746 E.00378
G1 X12.392 Y115.61 E.00378
G1 X12.392 Y13.575 E2.61765
G1 X12.423 Y13.5 E.00208
G1 X11.757 Y12.731 F9000
;TYPE:Perimeter
;WIDTH:0.507239
G1 F3600
G1 X12.18 Y12.711 E.01332
;WIDTH:0.465328
G1 X12.383 Y12.69 E.00585
;WIDTH:0.423417
G1 X12.585 Y12.669 E.00526
;WIDTH:0.381505
G1 X64.619 Y12.669 E1.20166
;WIDTH:0.423417
G1 X64.901 Y12.69 E.00732
;WIDTH:0.465328
G1 X65.182 Y12.711 E.00808
;WIDTH:0.507239
G1 X65.463 Y12.732 E.00886
G1 X65.463 Y12.968 E.00742
G1 X65.484 Y13.171 E.00642
;WIDTH:0.465328
G1 X65.505 Y13.373 E.00582
;WIDTH:0.423417
G1 X65.526 Y13.575 E.00526
;WIDTH:0.381505
G1 X65.526 Y115.704 E2.35854
;WIDTH:0.423417
G1 X65.505 Y115.954 E.00649
;WIDTH:0.465328
G1 X65.484 Y116.204 E.00719
;WIDTH:0.507239
G1 X65.463 Y116.453 E.00786
G1 X65.024 Y116.474 E.01383
;WIDTH:0.465328
G1 X64.822 Y116.495 E.00582
;WIDTH:0.423417
G1 X64.619 Y116.516 E.00528
;WIDTH:0.381505
G1 X12.585 Y116.516 E1.20166
;WIDTH:0.423417
G1 X12.304 Y116.495 E.00729
;WIDTH:0.465328
G1 X12.023 Y116.474 E.00808
;WIDTH:0.507239
G1 X11.742 Y116.453 E.00886
G1 X11.721 Y116.014 E.01383
;WIDTH:0.465328
G1 X11.7 Y115.812 E.00582
;WIDTH:0.423417
G1 X11.679 Y115.61 E.00526
;WIDTH:0.381505
G1 X11.679 Y13.575 E2.35637
;WIDTH:0.423417
G1 X11.7 Y13.294 E.00729
;WIDTH:0.465328
G1 X11.721 Y13.013 E.00808
;WIDTH:0.507239
G1 X11.738 Y12.776 E.00747
G1 X11.328 Y12.303 F9000
;TYPE:External perimeter
;WIDTH:0.419999
G1 F1800
G1 X65.892 Y12.303 E1.39981
G1 X65.892 Y116.883 E2.68294
G1 X11.312 Y116.883 E1.40022
G1 X11.312 Y12.347 E2.68181
; stop printing object Arduino_gehäuse-Unterteil.stl id:0 copy 0
G1 E-3.5 F3600
;WIPE_START
G1 F7200;_WIPE
G1 X11.328 Y12.303 E-.02224
G1 X14.439 Y12.303 E-1.47776
;WIPE_END
M107
;TYPE:Custom
; Filament-specific end gcode 
;END gcode for filament
G1 Z22.04 F600 ; Move print head up
G1 X5 Y193.8 F9000 ; present print
G1 Z90.04 F600 ; Move print head further up
G1 Z150 F600 ; Move print head further up
M140 S0 ; turn off heatbed
M104 S0 ; turn off temperature
M107 ; turn off fan
M84 X Y E ; disable motors
; objects_info = {"objects":[{"name":"Arduino_gehäuse-Unterteil.stl id:0 copy 0","polygon":[[66.102,117.093],[11.102,117.093],[11.102,12.093],[66.102,12.093]]},{"name":"leuchte_led_halter-Halter.stl id:1 copy 0","polygon":[[75.092,48.503],[70.092,48.503],[70.092,45.503],[75.092,45.503]]},{"name":"leuchte_led_halter-Halter.stl id:1 copy 1","polygon":[[74.346,54.640],[69.346,54.640],[69.346,51.640],[74.346,51.640]]},{"name":"leuchte_led_halter-Halter.stl id:1 copy 2","polygon":[[74.300,60.166],[69.300,60.166],[69.300,57.166],[74.300,57.166]]},{"name":"leuchte_led_halter-Halter.stl id:1 copy 3","polygon":[[74.906,67.081],[69.906,67.081],[69.906,64.081],[74.906,64.081]]},{"name":"leuchte_led_halter-Halter.stl id:1 copy 4","polygon":[[75.622,74.652],[70.622,74.652],[70.622,71.652],[75.622,71.652]]},{"name":"leuchte_led_halter-Halter.stl id:1 copy 5","polygon":[[75.297,81.422],[70.297,81.422],[70.297,78.422],[75.297,78.422]]}]}
; filament used [mm] = 7898.48
; filament used [cm3] = 19.00
; filament used [g] = 23.56
; filament cost = 0.47
; total filament used [g] = 23.56
; total filament cost = 0.47
; total filament used for wipe tower [g] = 0.00
; estimated printing time (normal mode) = 2h 13m 30s
; estimated first layer printing time (normal mode) = 14m 5s

; prusaslicer_config = begin
; arc_fitting = disabled
; autoemit_temperature_commands = 1
; automatic_extrusion_widths = 0
; automatic_infill_combination = 0
; automatic_infill_combination_max_layer_height = 100%
; avoid_crossing_curled_overhangs = 0
; avoid_crossing_perimeters = 0
; avoid_crossing_perimeters_max_detour = 0
; bed_custom_model = 
; bed_custom_texture = 
; bed_shape = 3x3,228x3,228x228,3x228
; bed_temperature = 60
; bed_temperature_extruder = 0
; before_layer_gcode = ;BEFORE_LAYER_CHANGE\nG92 E0\n;{layer_z}\n\n
; between_objects_gcode = 
; binary_gcode = 0
; bottom_fill_pattern = monotonic
; bottom_solid_layers = 5
; bottom_solid_min_thickness = 0
; bridge_acceleration = 250
; bridge_angle = 0
; bridge_fan_speed = 100
; bridge_flow_ratio = 0.85
; bridge_speed = 25
; brim_separation = 0
; brim_type = outer_only
; brim_width = 0
; chamber_minimal_temperature = 0
; chamber_temperature = 0
; color_change_gcode = M600
; colorprint_heights = 
; compatible_printers_condition_cummulative = "printer_model=~/(ENDER|CR|SERMOON).*/ and nozzle_diameter[0]==0.4";printer_notes=~/.*PRINTER_VENDOR_CREALITY.*/
; complete_objects = 0
; cooling = 1
; cooling_perimeter_transition_distance = 0
; cooling_slowdown_logic = uniform_cooling
; cooling_tube_length = 5
; cooling_tube_retraction = 91.5
; custom_parameters_filament = ""
; custom_parameters_print = 
; custom_parameters_printer = 
; default_acceleration = 500
; default_filament_profile = "Generic PLA @CREALITY"
; default_print_profile = "0.16 mm OPTIMAL (0.4 mm nozzle) @CREALITY"
; deretract_speed = 40
; disable_fan_first_layers = 1
; dont_support_bridges = 1
; draft_shield = disabled
; duplicate_distance = 6
; elefant_foot_compensation = 0.1
; enable_dynamic_fan_speeds = 0
; enable_dynamic_overhang_speeds = 0
; end_filament_gcode = "; Filament-specific end gcode \n;END gcode for filament\n"
; end_gcode = {if max_layer_z < max_print_height}G1 Z{z_offset+min(max_layer_z+2, max_print_height)} F600 ; Move print head up{endif}\nG1 X5 Y{print_bed_max[1]*0.85} F{travel_speed*60} ; present print\n{if max_layer_z < max_print_height-10}G1 Z{z_offset+min(max_layer_z+70, max_print_height-10)} F600 ; Move print head further up{endif}\n{if max_layer_z < max_print_height*0.6}G1 Z{max_print_height*0.6} F600 ; Move print head further up{endif}\nM140 S0 ; turn off heatbed\nM104 S0 ; turn off temperature\nM107 ; turn off fan\nM84 X Y E ; disable motors
; ensure_vertical_shell_thickness = enabled
; external_perimeter_acceleration = 0
; external_perimeter_extrusion_width = 0.42
; external_perimeter_speed = 30
; external_perimeters_first = 0
; extra_loading_move = -2
; extra_perimeters = 0
; extra_perimeters_on_overhangs = 0
; extruder_clearance_height = 25
; extruder_clearance_radius = 55
; extruder_colour = #FCE94F
; extruder_offset = 0x0
; extrusion_axis = E
; extrusion_multiplier = 1
; extrusion_width = 0.44
; fan_always_on = 1
; fan_below_layer_time = 100
; filament_abrasive = 0
; filament_colour = #DDDDDD
; filament_cooling_final_speed = 3.4
; filament_cooling_initial_speed = 2.2
; filament_cooling_moves = 4
; filament_cost = 20
; filament_density = 1.24
; filament_deretract_speed = nil
; filament_diameter = 1.75
; filament_flush_speed = 0
; filament_flush_volume = 0
; filament_infill_max_crossing_speed = 0
; filament_infill_max_speed = 0
; filament_load_time = 0
; filament_loading_speed = 28
; filament_loading_speed_start = 3
; filament_max_volumetric_speed = 15
; filament_minimal_purge_on_wipe_tower = 15
; filament_multitool_ramming = 0
; filament_multitool_ramming_flow = 10
; filament_multitool_ramming_volume = 10
; filament_notes = "Retract erhöht"
; filament_purge_multiplier = 100%
; filament_ramming_parameters = "120 100 6.6 6.8 7.2 7.6 7.9 8.2 8.7 9.4 9.9 10.0| 0.05 6.6 0.45 6.8 0.95 7.8 1.45 8.3 1.95 9.7 2.45 10 2.95 7.6 3.45 7.6 3.95 7.6 4.45 7.6 4.95 7.6"
; filament_retract_before_travel = nil
; filament_retract_before_wipe = nil
; filament_retract_layer_change = nil
; filament_retract_length = nil
; filament_retract_length_toolchange = nil
; filament_retract_lift = nil
; filament_retract_lift_above = nil
; filament_retract_lift_below = nil
; filament_retract_restart_extra = nil
; filament_retract_restart_extra_toolchange = nil
; filament_retract_speed = nil
; filament_seam_gap_distance = nil
; filament_settings_id = "Generic PLA @CREALITY - SUNULU_Retract"
; filament_shrinkage_compensation_xy = 0%
; filament_shrinkage_compensation_z = 0%
; filament_soluble = 0
; filament_spool_weight = 0
; filament_stamping_distance = 0
; filament_stamping_loading_speed = 20
; filament_toolchange_delay = 0
; filament_travel_lift_before_obstacle = nil
; filament_travel_max_lift = nil
; filament_travel_ramping_lift = nil
; filament_travel_slope = nil
; filament_type = PLA
; filament_unload_time = 0
; filament_unloading_speed = 90
; filament_unloading_speed_start = 100
; filament_vendor = Generic
; filament_wipe = nil
; fill_angle = 45
; fill_density = 15%
; fill_pattern = grid
; first_layer_acceleration = 0
; first_layer_acceleration_over_raft = 0
; first_layer_bed_temperature = 60
; first_layer_extrusion_width = 0.42
; first_layer_height = 0.2
; first_layer_infill_speed = 0
; first_layer_speed = 20
; first_layer_speed_over_raft = 30
; first_layer_temperature = 220
; full_fan_speed_layer = 0
; fuzzy_skin = none
; fuzzy_skin_point_dist = 0.8
; fuzzy_skin_thickness = 0.3
; gap_fill_enabled = 1
; gap_fill_speed = 30
; gcode_comments = 0
; gcode_flavor = marlin
; gcode_label_objects = octoprint
; gcode_resolution = 0.0125
; gcode_substitutions = 
; high_current_on_filament_swap = 0
; host_type = prusalink
; idle_temperature = 150
; infill_acceleration = 0
; infill_anchor = 600%
; infill_anchor_max = 50
; infill_every_layers = 1
; infill_extruder = 1
; infill_extrusion_width = 0.44
; infill_first = 0
; infill_overlap = 23%
; infill_speed = 60
; inherits_cummulative = ;"Generic PLA @CREALITY";
; interface_shells = 0
; interlocking_beam = 0
; interlocking_beam_layer_count = 2
; interlocking_beam_width = 0.8
; interlocking_boundary_avoidance = 2
; interlocking_depth = 2
; interlocking_orientation = 22.5
; ironing = 0
; ironing_flowrate = 10%
; ironing_spacing = 0.1
; ironing_speed = 20
; ironing_type = top
; layer_gcode = ;AFTER_LAYER_CHANGE\n;{layer_z}
; layer_height = 0.16
; machine_limits_usage = emit_to_gcode
; machine_max_acceleration_e = 5000
; machine_max_acceleration_extruding = 500
; machine_max_acceleration_retracting = 1000
; machine_max_acceleration_travel = 500
; machine_max_acceleration_x = 500
; machine_max_acceleration_y = 500
; machine_max_acceleration_z = 100
; machine_max_feedrate_e = 60
; machine_max_feedrate_x = 500
; machine_max_feedrate_y = 500
; machine_max_feedrate_z = 10
; machine_max_jerk_e = 5
; machine_max_jerk_x = 8
; machine_max_jerk_y = 8
; machine_max_jerk_z = 0.4
; machine_max_junction_deviation = 0,0
; machine_min_extruding_rate = 0
; machine_min_travel_rate = 0
; max_fan_speed = 100
; max_layer_height = 0.32
; max_print_height = 250
; max_print_speed = 100
; max_volumetric_extrusion_rate_slope_negative = 0
; max_volumetric_extrusion_rate_slope_positive = 0
; max_volumetric_speed = 0
; min_bead_width = 85%
; min_fan_speed = 100
; min_feature_size = 25%
; min_layer_height = 0.06
; min_print_speed = 15
; min_skirt_length = 4
; mmu_segmented_region_interlocking_depth = 0
; mmu_segmented_region_max_width = 0
; multimaterial_purging = 140
; notes = 
; nozzle_diameter = 0.4
; nozzle_high_flow = 0
; only_one_perimeter_first_layer = 0
; only_retract_when_crossing_perimeters = 0
; ooze_prevention = 0
; output_filename_format = {input_filename_base}_{print_time}_{digits(layer_height,1,2)}mm_{temperature[0]}C_{filament_type[0]}_{printer_model}.gcode
; over_bridge_speed = 0
; overhang_fan_speed_0 = 0
; overhang_fan_speed_1 = 0
; overhang_fan_speed_2 = 0
; overhang_fan_speed_3 = 0
; overhang_speed_0 = 15
; overhang_speed_1 = 15
; overhang_speed_2 = 20
; overhang_speed_3 = 25
; overhangs = 1
; parking_pos_retraction = 92
; pause_print_gcode = M25 ; pause print
; perimeter_acceleration = 0
; perimeter_extruder = 1
; perimeter_extrusion_width = 0.44
; perimeter_generator = arachne
; perimeter_speed = 60
; perimeters = 3
; physical_printer_settings_id = 
; post_process = 
; prefer_clockwise_movements = 0
; print_settings_id = 0.16 mm OPTIMAL SPEED (0.4 mm nozzle) @CREALITY
; printer_model = ENDER3PRO
; printer_notes = Don't remove the following keywords! These keywords are used in the "compatible printer" condition of the print and filament profiles to link the particular print and filament profiles to this printer profile.\nPRINTER_VENDOR_CREALITY\nPRINTER_MODEL_ENDER3PRO\nPRINTER_HAS_BOWDEN
; printer_settings_id = Creality Ender-3 Pro (0.4 mm nozzle)
; printer_technology = FFF
; printer_variant = 0.4
; printer_vendor = 
; profile_vendor = Creality
; profile_version = 1.1.0
; raft_contact_distance = 0.1
; raft_expansion = 1.5
; raft_first_layer_density = 90%
; raft_first_layer_expansion = 3
; raft_layers = 0
; remaining_times = 0
; resolution = 0
; retract_before_travel = 2
; retract_before_wipe = 70%
; retract_layer_change = 1
; retract_length = 5
; retract_length_toolchange = 1
; retract_lift = 0
; retract_lift_above = 0.2
; retract_lift_below = 0
; retract_restart_extra = 0
; retract_restart_extra_toolchange = 0
; retract_speed = 60
; scarf_seam_entire_loop = 0
; scarf_seam_length = 20
; scarf_seam_max_segment_length = 1
; scarf_seam_on_inner_perimeters = 0
; scarf_seam_only_on_smooth = 1
; scarf_seam_placement = nowhere
; scarf_seam_start_height = 0%
; seam_gap_distance = 15%
; seam_position = nearest
; silent_mode = 0
; single_extruder_multi_material = 0
; single_extruder_multi_material_priming = 0
; skirt_distance = 3
; skirt_height = 2
; skirts = 1
; slice_closing_radius = 0.049
; slicing_mode = regular
; slowdown_below_layer_time = 20
; small_perimeter_speed = 30
; solid_infill_acceleration = 0
; solid_infill_below_area = 0
; solid_infill_every_layers = 0
; solid_infill_extruder = 1
; solid_infill_extrusion_width = 0.44
; solid_infill_speed = 60
; spiral_vase = 0
; staggered_inner_seams = 0
; standby_temperature_delta = -5
; start_filament_gcode = "; Filament gcode\n"
; start_gcode = G90 ; use absolute coordinates\nM83 ; extruder relative mode\nM104 S{is_nil(idle_temperature[0]) ? 150 : idle_temperature[0]} ; set temporary nozzle temp to prevent oozing during homing\nM140 S{first_layer_bed_temperature[0]} ; set final bed temp\nG4 S30 ; allow partial nozzle warmup\nG28 ; home all axis\nG1 Z50 F240\nG1 X2.0 Y10 F3000\nM104 S{first_layer_temperature[0]} ; set final nozzle temp\nM190 S{first_layer_bed_temperature[0]} ; wait for bed temp to stabilize\nM109 S{first_layer_temperature[0]} ; wait for nozzle temp to stabilize\nG1 Z0.28 F240\nG92 E0\nG1 X2.0 Y140 E10 F1500 ; prime the nozzle\nG1 X2.3 Y140 F5000\nG92 E0\nG1 X2.3 Y10 E10 F1200 ; prime the nozzle\nG92 E0
; support_material = 1
; support_material_angle = 0
; support_material_auto = 1
; support_material_bottom_contact_distance = 0
; support_material_bottom_interface_layers = -1
; support_material_buildplate_only = 1
; support_material_closing_radius = 2
; support_material_contact_distance = 0.15
; support_material_enforce_layers = 0
; support_material_extruder = 0
; support_material_extrusion_width = 0.36
; support_material_interface_contact_loops = 0
; support_material_interface_extruder = 0
; support_material_interface_layers = 2
; support_material_interface_pattern = rectilinear
; support_material_interface_spacing = 0.2
; support_material_interface_speed = 100%
; support_material_pattern = rectilinear
; support_material_spacing = 1
; support_material_speed = 40
; support_material_style = grid
; support_material_synchronize_layers = 0
; support_material_threshold = 40
; support_material_with_sheath = 0
; support_material_xy_spacing = 60%
; support_tree_angle = 40
; support_tree_angle_slow = 25
; support_tree_branch_diameter = 2
; support_tree_branch_diameter_angle = 5
; support_tree_branch_diameter_double_wall = 3
; support_tree_branch_distance = 1
; support_tree_tip_diameter = 0.8
; support_tree_top_rate = 15%
; temperature = 220
; template_custom_gcode = 
; thick_bridges = 1
; thin_walls = 0
; thumbnails = 
; thumbnails_format = PNG
; toolchange_gcode = 
; toolchange_ordering = optimized
; top_fill_pattern = monotonic
; top_infill_extrusion_width = 0.4
; top_one_perimeter_type = none
; top_solid_infill_acceleration = 0
; top_solid_infill_speed = 30
; top_solid_layers = 7
; top_solid_min_thickness = 0
; travel_acceleration = 0
; travel_lift_before_obstacle = 0
; travel_max_lift = 0
; travel_ramping_lift = 0
; travel_short_distance_acceleration = 0
; travel_slope = 0
; travel_speed = 150
; travel_speed_z = 0
; use_firmware_retraction = 0
; use_relative_e_distances = 1
; use_volumetric_e = 0
; variable_layer_height = 1
; wall_distribution_count = 1
; wall_transition_angle = 10
; wall_transition_filter_deviation = 25%
; wall_transition_length = 100%
; wipe = 1
; wipe_into_infill = 0
; wipe_into_objects = 0
; wipe_tower = 0
; wipe_tower_acceleration = 0
; wipe_tower_bridging = 10
; wipe_tower_brim_width = 2
; wipe_tower_cone_angle = 0
; wipe_tower_extra_flow = 100%
; wipe_tower_extra_spacing = 100%
; wipe_tower_extruder = 0
; wipe_tower_no_sparse_layers = 0
; wipe_tower_width = 60
; wiping_volumes_matrix = 0
; wiping_volumes_use_custom_matrix = 0
; xy_size_compensation = 0
; z_offset = 0
; prusaslicer_config = end
